{"timestamp": 3.8000000000000003, "femur_markers": [[0.000386853027538523, 0.02997739827685847, 0.09942075084656078], [0.0301325429846027, 9.151565427774232e-06, 0.08007530749506518], [-0.029157298729056993, 0.00044770018530412777, 0.07914324835346008], [0.0004068240109368612, -0.030910222877670666, 0.09932284213549032], [-0.00015503534989155657, 0.00028905813389151357, 0.13030267002115645]], "tibia_markers": [[-0.00032267983465727275, 0.04997917699745692, -0.02098753355168255], [0.020273202886038427, 0.04962791159481499, -0.05020626397450867], [-0.020531792495981284, 0.05032903958769533, -0.049468439846507894], [0.0008096151177704753, 0.021052021127692548, -0.0489646981765893], [-0.00017888594655043137, 0.0718767379831441, -0.0708544409099746]]}