{"timestamp": 4.9, "femur_markers": [[1.6439146373149134e-06, 0.030030753706380434, 0.09994356294807916], [0.03067587211897202, 0.0010634412450128419, 0.08087157041264793], [-0.029601655319311755, -0.0004872664116466846, 0.07944567924111764], [0.0005230124806527999, -0.03039800707784604, 0.09955819501078625], [0.00018420977452020284, 3.6824636010684946e-05, 0.12986958848296112]], "tibia_markers": [[0.0005950020951411534, 0.05309700747668372, -0.008082489935800035], [0.020072992230689524, 0.0590985284642838, -0.037083747671020975], [-0.019906702617153885, 0.059979002741385956, -0.03509404195133101], [0.00023484551205151015, 0.03233569903455098, -0.04329695291695394], [0.00016190592634487294, 0.08541410278495085, -0.052212765673378]]}