{"timestamp": 4.1000000000000005, "femur_markers": [[2.344415752828761e-05, 0.030246383355219564, 0.09986164014961924], [0.029321779568418718, 0.0004914642476692413, 0.08072244245010449], [-0.03059806649011753, -0.00022937399682420144, 0.08019013074294296], [-9.700349383719255e-05, -0.03028682338321691, 0.10035238168470888], [-0.00013959026386462162, -0.0008049094305243515, 0.12907091585716682]], "tibia_markers": [[-0.0005699977807829326, 0.05076379057469325, -0.017107235943170224], [0.019855667986638206, 0.053621149323114105, -0.04636770601550963], [-0.019463482755666308, 0.05266797270286157, -0.04612267695461425], [-0.00011382036479039614, 0.024329147446675903, -0.04749339390282539], [0.0003352522651235008, 0.07492438946525083, -0.0656130632398483]]}