{"timestamp": 1.3, "femur_markers": [[-4.0570970495151744e-05, 0.02962681441212964, 0.09955990056115298], [0.029151690367841123, 5.465321571195054e-05, 0.07966428374624551], [-0.03039464368126649, -0.0005078528988800183, 0.08080955764144308], [-0.00026625165287492606, -0.030501713788462146, 0.10023104409158806], [-3.3529526877466695e-05, 9.682491123097873e-05, 0.131036009295635]], "tibia_markers": [[0.0004326905671622558, 0.03333889608858346, -0.04218465478361191], [0.01961792843138044, 0.018678715237355255, -0.06654241684416129], [-0.020896983664849343, 0.018051591872316232, -0.06862257827504754], [-5.1839810519901944e-05, -0.0059349711357716385, -0.05301117472827612], [-0.0006842155003989599, 0.026175579873357595, -0.09726056741385186]]}