{"timestamp": 1.5, "femur_markers": [[0.00013650498006132194, 0.029661200902298332, 0.10094744543752732], [0.029406154142087387, 0.0004261305139372877, 0.07965174854349213], [-0.030920439555534474, 0.0001289348208292763, 0.07960299230779401], [-0.0008379968467959416, -0.031332427348297553, 0.09918232046392304], [-0.0003320203728280445, -0.0001505894517847384, 0.12982774870783548]], "tibia_markers": [[0.0007845205025361327, 0.03446736181748688, -0.041701181930120505], [0.019321776199985184, 0.02142162500891824, -0.0654507990862762], [-0.019165646151120774, 0.022152095783207197, -0.06630154388103524], [-0.000765538383885882, -0.004143795082553373, -0.053843414979453046], [-4.868427598458591e-05, 0.031168953897327458, -0.0945931333966738]]}