{"timestamp": 2.3000000000000003, "femur_markers": [[-4.8802047675458306e-05, 0.02972195923679554, 0.09985761320655397], [0.03034186100236478, 0.0002206510066987065, 0.07939735380020561], [-0.030490523829892025, 0.0002555156804430785, 0.08028839039602176], [0.00027928124332448305, -0.029495576290454795, 0.10002828833255924], [-0.0006946323621808538, 2.1268427384867704e-05, 0.12961877523938128]], "tibia_markers": [[6.573192371352963e-05, 0.041853299952759195, -0.03571497041924662], [0.019541150902608592, 0.03249966573315328, -0.061879810808654165], [-0.019794233239256047, 0.032941764118567175, -0.0622953739449535], [-0.0001892717733273259, 0.0059805072232347245, -0.05348315897560592], [-0.0002611721483933238, 0.04701609175469657, -0.08767262541231834]]}