{"timestamp": 4.800000000000001, "femur_markers": [[-0.0007517632331510534, 0.030206944975984057, 0.10002357520479294], [0.030655490148115336, -0.0010641543982681438, 0.08065681719572436], [-0.0303559832084902, 0.00013530398737861428, 0.08018040506567621], [0.0008187216276873292, -0.030212285881144312, 0.09975168361831412], [7.189785515107204e-05, 0.0009299613263681988, 0.12943464098528423]], "tibia_markers": [[-0.00034235174264933457, 0.05311184603777012, -0.009921973082590265], [0.020037979746269644, 0.05927898261619997, -0.03695231229050125], [-0.02001219738571841, 0.059156162003549735, -0.037033784914393256], [-0.0006153527154851937, 0.032224249186028724, -0.044226904697453925], [-0.0003532022704040788, 0.08463450383945473, -0.05316853869462176]]}