{"timestamp": 2.9000000000000004, "femur_markers": [[-0.0010105962964692514, 0.030833906845987476, 0.09976339257596885], [0.02968136382968199, 0.00010714457176403328, 0.07996528985570289], [-0.030429814451484894, 0.0006883180806776929, 0.08011318768250363], [-0.00013692617595556798, -0.02977156263396112, 0.10013761036158905], [-0.0005696760279622692, -0.0003068108314150551, 0.13013403046160674]], "tibia_markers": [[0.0001016514787048698, 0.04534470968362429, -0.029734647515666093], [0.02016285364810927, 0.03898003968503906, -0.057020902294219425], [-0.019469440726371755, 0.040712437241743865, -0.056614908909275626], [-0.00015415036895231505, 0.012065371166841319, -0.053229526241054564], [-0.00046572646789418945, 0.05708946588677911, -0.08247318040831389]]}