{"timestamp": 0.2, "femur_markers": [[0.00013632804150763285, 0.02997664480681445, 0.09946094455604798], [0.029876166948833716, 0.0005586033509013445, 0.08100304764129537], [-0.029668700655437814, 0.0009279028205306527, 0.0799848226313283], [-0.0007905517860608231, -0.030088012930104952, 0.09941030957260717], [0.000862176411471628, 0.0007661767569575606, 0.12956772761255614]], "tibia_markers": [[9.895083284680482e-05, 0.02141417125166322, -0.049173085171028245], [0.02050588567174766, 0.002870882599352718, -0.06942563958750576], [-0.020357389751256238, 0.003012399872162827, -0.07017065904212022], [2.6728865919797897e-05, -0.017697537708932048, -0.051303947758248605], [-0.0005500779641323561, 0.0042317383373543386, -0.10038998094831281]]}