{"timestamp": 2.4000000000000004, "femur_markers": [[-3.228420467931663e-06, 0.030128195256310084, 0.10034061601995527], [0.030436893291224155, -0.0013713238327409812, 0.07989397872774533], [-0.029836770516919988, -8.446340695205709e-05, 0.08018315701746428], [-0.0003206550257853697, -0.029770226124518833, 0.09942245894147812], [0.0005048283731594758, 0.0004144358162870186, 0.12966489942760206]], "tibia_markers": [[-1.248339878892659e-05, 0.04206813865374081, -0.03347012806535552], [0.020182540609236677, 0.033945601137660486, -0.06215006996651168], [-0.019911811237091865, 0.03382843916059103, -0.061484874995150596], [0.0010645064728659686, 0.0063039509281417935, -0.053836696541209365], [-0.0001266013230682625, 0.04832341476181404, -0.08843861507818668]]}