{"timestamp": 2.6, "femur_markers": [[-0.0007022945172210271, 0.0300722130901176, 0.10070282560986916], [0.030359680541251797, 0.00029391704841415386, 0.07944183415185033], [-0.030393806775544444, 0.001034829467277065, 0.07992422180127422], [0.0008944777625166637, -0.030353819572602882, 0.1008397275480086], [0.0007031700130740919, -0.0002262001195496161, 0.1300099010469629]], "tibia_markers": [[-0.00010845309212487709, 0.04305258724105211, -0.03362123813901126], [0.019488963130050507, 0.03500618179003139, -0.06025316329500246], [-0.020601943178885206, 0.03636304165663434, -0.05931877871601117], [0.000294854770678516, 0.009114431770417644, -0.053690816096298936], [0.0005040453163113443, 0.05186366330404749, -0.0853262208241155]]}