{"timestamp": 4.7, "femur_markers": [[-0.0008341981157386245, 0.029541304455805335, 0.10047925030025251], [0.029098803517040587, 0.00024489346873605435, 0.07949542090655577], [-0.029862628039486527, -0.00012074174371209167, 0.08039703511785658], [-0.00010903218959208926, -0.030953943216615612, 0.09925036668106159], [-0.00011429266217317421, 4.7953396864561945e-05, 0.13004854674336366]], "tibia_markers": [[0.00014349871220156697, 0.052788140279997404, -0.010489110255311832], [0.020430360939115853, 0.05828754081650443, -0.03830623293112952], [-0.0203295220555164, 0.058832426846518446, -0.039349867513490476], [-0.0004705684621297754, 0.03088577711324243, -0.04343520479478594], [3.320450606093593e-05, 0.0842587641571841, -0.05482087436758247]]}