{"timestamp": 3.9000000000000004, "femur_markers": [[-0.0003499058165508799, 0.030489230300147344, 0.10060724591492891], [0.030640632254258487, 0.0005322358716238045, 0.08018274885432065], [-0.030421983891743276, -0.0003271168217006267, 0.08022103499126391], [-0.000365223340900795, -0.029886092928585576, 0.09976318318896722], [-0.00017910964534207968, 0.000953631380625312, 0.13054342546054504]], "tibia_markers": [[-0.0004294494569327326, 0.05012251370035231, -0.019881766935418987], [0.01960324801478762, 0.05152107972018738, -0.048113102244032736], [-0.01966635517284604, 0.05122827723623779, -0.04843854522957914], [0.0005300188381163795, 0.0233584277458114, -0.04930294855842657], [-7.441834323694103e-05, 0.07256194917902759, -0.06865569667876442]]}