{"timestamp": 2.8000000000000003, "femur_markers": [[-0.00034375026303146324, 0.030165766222377814, 0.09978027076313124], [0.02987567939390631, -0.00021523645154071432, 0.07954099193546668], [-0.029097532708445655, -0.00011789382932198873, 0.0805560303293762], [-0.0005821160762835659, -0.029502346770426385, 0.1000010704702173], [0.0007765678572762827, -0.00038845095575716393, 0.12961978554862286]], "tibia_markers": [[0.00021725622051890816, 0.04379722769890079, -0.0303814400018547], [0.02017531956632295, 0.03902934089505205, -0.0580361734027848], [-0.019624021146785162, 0.03822088520318332, -0.05802007527051342], [0.0004029879828089346, 0.011228506007668792, -0.052600704299912246], [0.0004011466129887918, 0.05513194913834989, -0.0828280158382957]]}