{"timestamp": 0.0, "femur_markers": [[-0.0003487753986894517, 0.02965873013148449, 0.10087440400667834], [0.029650814018750308, -4.043805800918148e-05, 0.0799580879857701], [-0.029372538023246107, 0.00031625152116562046, 0.0807890582644883], [0.00013294434939345933, -0.030550386030955584, 0.10074896802154698], [0.00023349175936703017, -0.0002683098566206572, 0.12974034894002903]], "tibia_markers": [[-0.0004309264372404765, 0.019758264978248324, -0.049839125190039635], [0.020846543945045017, -0.00016245485473135972, -0.06999540864658167], [-0.019407361375980557, -0.0001531551315631581, -0.07046876591320729], [-0.00026635104871082873, -0.019525428388248885, -0.05046194758067232], [0.0006332192885488562, 0.00021375968261556506, -0.09944433289571097]]}