{"timestamp": 1.8, "femur_markers": [[-0.0009068381273503927, 0.030334237324475533, 0.0997845052342657], [0.030217707165787384, 0.0003338453457702214, 0.07982230997975721], [-0.031135728790829403, -0.0001071736095999166, 0.07938286918688561], [-0.00039078171879732655, -0.02995928504191894, 0.10000372362633132], [-0.0006455672912554947, -0.0009833986396951876, 0.12990544002538168]], "tibia_markers": [[0.0008505987106563459, 0.037465879360338364, -0.03956187157583788], [0.019087060178915927, 0.025728991688901606, -0.06561216976168052], [-0.01990371479657989, 0.025242693099386607, -0.06509323934891807], [0.00033787943507552923, 3.990198438508851e-05, -0.05345940127939689], [0.0005641198000907832, 0.0371472733967843, -0.09406597497842925]]}