{"timestamp": 1.2000000000000002, "femur_markers": [[0.0002974991970214493, 0.030783731609244958, 0.10020687783860416], [0.030573193543415818, -0.00010065243038991595, 0.07932604745601758], [-0.03092218538848611, 0.00024229425034262374, 0.08038641948199772], [0.0008060097458684207, -0.03117005024548258, 0.09961820140682222], [-0.00042458469880755884, 0.0004157804684752993, 0.13025722572424625]], "tibia_markers": [[-0.00013504583800632113, 0.031244802843112797, -0.042886884196247484], [0.02036192788784592, 0.017450054598199878, -0.06682559764755999], [-0.019098933594113677, 0.017230954698822923, -0.06800018430083857], [-0.0003202595591636684, -0.006994579539819144, -0.054898134378869375], [2.8281017266817234e-05, 0.02480113574115188, -0.09648432616573548]]}