{"timestamp": 0.6000000000000001, "femur_markers": [[4.414336969795142e-05, 0.0310757478649886, 0.09955004931508725], [0.029555474386070514, -2.391661919143991e-06, 0.08023278365445018], [-0.029523037516430924, -0.0009676164262149687, 0.08046854244998862], [-0.0005425009634929794, -0.03029828843085222, 0.09968727297478253], [0.0003678938242335666, 0.0004220409915104873, 0.130913805925753]], "tibia_markers": [[-7.564392080852738e-05, 0.025746788304868862, -0.04781537474982459], [0.019450303365110663, 0.007756975659992811, -0.06971639473081775], [-0.02001779827824492, 0.008431077474021805, -0.06821075383247284], [0.0004992953417622799, -0.014417310069508473, -0.05248315807119348], [-0.0003234061179971416, 0.01198591918185964, -0.0994919559786233]]}