{"timestamp": 3.4000000000000004, "femur_markers": [[0.00025577477093652106, 0.030414590677974876, 0.09971133941254547], [0.030212425916595925, -2.4180436178070332e-05, 0.0803953480414669], [-0.03043902208124311, 0.0005398910004263872, 0.07998989362377854], [-1.2106879242643404e-05, -0.029840172705369938, 0.09940130419241003], [0.0011615179978358345, -0.00038684231080603145, 0.1300270462000291]], "tibia_markers": [[0.00037136989249791447, 0.048028127275988895, -0.02494622123894013], [0.02060858454001119, 0.04589558702878415, -0.05252176301443587], [-0.01965231391108937, 0.04530104832298228, -0.052361714370046275], [0.0003930806665669691, 0.016909754905320127, -0.05134404174405015], [-0.0001381514002117342, 0.06539452112273925, -0.07487176842600679]]}