{"timestamp": 1.6, "femur_markers": [[-6.174904821952032e-05, 0.029884413551356022, 0.10066557205627573], [0.0295039087652194, -0.00015001841779838443, 0.08092626701808368], [-0.030390104301818592, 4.456069335545909e-06, 0.08033689463085977], [-0.0011271521700699002, -0.030476221662845478, 0.10045295629941554], [0.00023749703020838758, -0.0005421931298774805, 0.12995012096708236]], "tibia_markers": [[-0.0002825959740682488, 0.03583553210441665, -0.04026571191504985], [0.018628719563675834, 0.023359740689317197, -0.06585690454378391], [-0.019254357534582708, 0.023391062280381545, -0.0660358976305214], [0.000349741156718862, -0.002258778428949689, -0.053414439875844384], [0.0005325711673191818, 0.03234808952171957, -0.09442158052254929]]}