{"timestamp": 3.1, "femur_markers": [[0.0001480220911756303, 0.030280143740017067, 0.10090229239709296], [0.030535525086539245, -0.00035856737105197816, 0.08050696981945378], [-0.03027526742703338, -0.0004160018865428298, 0.07997849296166229], [-0.000298171732726305, -0.02860783829776691, 0.0996294964648293], [-0.0004641095024375714, -3.297223397595112e-05, 0.1295833574718993]], "tibia_markers": [[-0.0011608258315964298, 0.04671505250156909, -0.02761208116127809], [0.020280186706605228, 0.0424424377275711, -0.05577563870833121], [-0.020420031338292732, 0.04214589747849643, -0.05659300745260423], [-5.872722323078606e-05, 0.014559077539688726, -0.05162506191175991], [0.0004383382359664763, 0.059905990578496854, -0.07969804953806099]]}