{"timestamp": 2.2, "femur_markers": [[0.00011093770545129472, 0.030254925223274252, 0.10020058495684964], [0.031135954169076645, 0.0007122108218583403, 0.07994946440482277], [-0.029466714230647527, -0.00045071227495233263, 0.07921692705065086], [0.0010220202121238166, -0.030453573483310167, 0.10027762749347274], [-0.0007497677109476353, 0.0003498136313738069, 0.12958020758670874]], "tibia_markers": [[0.000582463585531778, 0.039894525557547966, -0.036815614042291625], [0.019428871213359025, 0.03145893044645537, -0.06254886831525842], [-0.02061710549935387, 0.031185311603764112, -0.06230143673944523], [-0.00031226090159288387, 0.0036968851837323913, -0.05342371291346409], [-0.00020662590371171266, 0.04447387170118717, -0.08921087757923472]]}