{"timestamp": 3.6, "femur_markers": [[-0.00047390246841637985, 0.029350086339875632, 0.10008257676144329], [0.02944941617294702, -0.0001061081282946637, 0.08021499955927329], [-0.030473461060248664, -0.0007462396636312638, 0.08002756534877929], [-9.080641683929898e-05, -0.03018225960479245, 0.10020439617389305], [0.0005584555352937853, -0.0003222665545191744, 0.13009233839423848]], "tibia_markers": [[0.0004768145619258092, 0.049529624381695586, -0.02257718123575838], [0.02041867075492176, 0.04837753654451132, -0.05136130291223556], [-0.019742989599565386, 0.048073027702871016, -0.050513532626308956], [0.0006112737137984888, 0.01987842464365953, -0.049635345117048056], [0.00045731190577791905, 0.06855351450194591, -0.07244468780543453]]}