{"timestamp": 4.2, "femur_markers": [[5.190830412174106e-05, 0.029824359281138507, 0.10004503390270442], [0.02961306072989636, 0.00022645231482609603, 0.0804979139252835], [-0.03120816093419222, -0.0003164023597894696, 0.08061992091585726], [8.534737382437614e-05, -0.030087513154554515, 0.10023673140777337], [1.7008104249418028e-05, -0.0003379897869651796, 0.1296050599170963]], "tibia_markers": [[-0.0003962925498101573, 0.05168329407535881, -0.016666893128097958], [0.019328689681914528, 0.054167925086261975, -0.043745361400422275], [-0.020116793973095685, 0.05392232677474341, -0.0444338644566993], [2.3778840600510404e-05, 0.025399450124707772, -0.04707933853934862], [0.0008602644470252909, 0.07682022087844499, -0.06376320850754344]]}