{"timestamp": 4.6000000000000005, "femur_markers": [[0.001192025068084213, 0.029225666273032764, 0.10057179921570496], [0.029526002587101238, 0.00034290071679321505, 0.0801359881090871], [-0.030081182170633786, -0.00014669439769423418, 0.07914006319679055], [0.0005808102907273068, -0.03057150243854785, 0.10061408339581647], [-0.00043332053220543413, 0.0003172146704339426, 0.13039585652499805]], "tibia_markers": [[-0.0004108452855215351, 0.05169900616654097, -0.012833206351764301], [0.020793572280322567, 0.056815037500883014, -0.04033180259901509], [-0.020869082851666443, 0.0572914322980542, -0.03960959818105934], [-0.00019602846688463084, 0.030685687539500652, -0.04481633342066453], [0.0004053321038913707, 0.0809044413610642, -0.057164820914433555]]}