{"timestamp": 2.7, "femur_markers": [[-4.248150966142132e-05, 0.029650260157343924, 0.10104412692709609], [0.030074836431944498, -0.0011056197932388743, 0.07933528127571686], [-0.029759415782487735, -0.00026833974660296113, 0.07959534243480058], [0.00022047576017753882, -0.030039069487009497, 0.0999603816815443], [-0.00030672994216874563, 0.00014230357868061055, 0.13005964860746932]], "tibia_markers": [[0.00013099886855822606, 0.044873728898192, -0.03195348503315062], [0.019487969820361425, 0.03853933952372843, -0.0597029713983573], [-0.02054143445499606, 0.037926129355068644, -0.0591510655050656], [0.000573964216862854, 0.010253662000894948, -0.052889494887053176], [-0.0009685675230901245, 0.05380842328913164, -0.08341527871232905]]}