{"timestamp": 3.2, "femur_markers": [[-0.0003489260911053721, 0.03053591803804928, 0.09941000594353477], [0.030033200903793144, 0.00035834919584716205, 0.07987877790890077], [-0.029752095826016452, -0.0005656056806127121, 0.07983065092484068], [1.662482023794821e-05, -0.029269983172678184, 0.10057711919084619], [-0.0006958779387237712, 0.0006131050981902829, 0.12977771875773875]], "tibia_markers": [[0.0002926412325983369, 0.04738159564625707, -0.027124367221008812], [0.019956053440816912, 0.043958448303741994, -0.05500276207703761], [-0.020587635927101555, 0.04368042190028943, -0.05562756590771849], [-6.723697133788738e-05, 0.015367767273935995, -0.05159401905686744], [3.776247272256005e-05, 0.062171230166002726, -0.07838376714029499]]}