{"timestamp": 3.7, "femur_markers": [[-0.00046211083616587835, 0.02959313527292411, 0.10075190253801415], [0.0294657150621988, -4.7084711992603484e-05, 0.08077646410965499], [-0.030603097449415712, -0.0004698323248836857, 0.0804490906931278], [6.6161890522541115e-06, -0.030949721857696677, 0.09962300949904271], [-0.0003916358239595946, -0.0002152686886255899, 0.1292745329719489]], "tibia_markers": [[0.00013938879033275267, 0.04922368976065658, -0.0214681845405191], [0.01980885999600159, 0.04854930885435812, -0.050220605220091405], [-0.019207410524736297, 0.04954684325335144, -0.04965017741823841], [0.0004290767434246673, 0.020528776399565834, -0.04975538556306471], [-0.00018012470166613084, 0.07092533181560094, -0.0712039954251587]]}