{"timestamp": 1.0, "femur_markers": [[0.0010579085660579702, 0.03089453951186897, 0.09972039072318739], [0.02977300536397399, 0.0005646408950664921, 0.07998081180453437], [-0.02922455509217902, -0.00046100751486172377, 0.07977210275033957], [-0.0009062359486148195, -0.029168968052317962, 0.10007823753568278], [-0.00023371159447748224, 0.00023294681042641618, 0.1302249002279766]], "tibia_markers": [[-0.00019313035966979648, 0.030042780114241257, -0.044548397797475506], [0.019230146146814644, 0.014163798514125282, -0.06861850781645544], [-0.019946345884926216, 0.014176281548197065, -0.06832489074223941], [0.0003692401353871976, -0.009221399427805, -0.053568602037645394], [0.0004062742933410448, 0.019767582487217585, -0.09852570375730534]]}