{"timestamp": 4.4, "femur_markers": [[0.0006864885667840622, 0.03036631936659591, 0.0999110720559803], [0.030473523063678707, -0.00023280776263182593, 0.0804485845948741], [-0.02963507246291996, 0.00024246676532019659, 0.08043889925123894], [0.00045008329005683954, -0.0302559698068721, 0.1001941284913618], [-0.0004052600559770346, 0.0007094849237266341, 0.13046373263453537]], "tibia_markers": [[0.00024935454340882865, 0.05211872874257885, -0.013423371888926337], [0.020137164472637352, 0.05605367735261529, -0.042337858237789246], [-0.01984284104334729, 0.055902926101888524, -0.04241931728829849], [-0.0005222783588587682, 0.027540435623360268, -0.04598094659686502], [0.00044065959752722614, 0.0804151099848033, -0.060610073834472214]]}