{"timestamp": 0.30000000000000004, "femur_markers": [[0.0003623874429403665, 0.030606189072163118, 0.10041897076176814], [0.029699501502552624, -0.00012871043288833602, 0.07924823087162745], [-0.030310174323886212, 0.0009892672764508865, 0.08130975807661503], [-6.8436653225798e-06, -0.030295373542604122, 0.09934776645828229], [0.00034415637915622625, -0.0001243274579039431, 0.13061148318678922]], "tibia_markers": [[-0.00061385825169251, 0.022994329823749583, -0.04838188599064843], [0.02023065551447511, 0.004129525951187218, -0.06854747714261504], [-0.020275791478735036, 0.004194560512367846, -0.07003822835478563], [0.0002581713124579844, -0.017396505292274263, -0.05137611873765322], [-0.0004916815824416726, 0.006531444962689925, -0.10027935792661485]]}