{"timestamp": 1.1, "femur_markers": [[0.0008479258921903212, 0.029850920599463607, 0.100342518829844], [0.029924016666344068, 0.0001056214628910651, 0.07925025096350494], [-0.030621909651644495, -1.8575545574828307e-05, 0.08050376693471886], [-0.00045775711594852144, -0.029747039616264133, 0.10025088308045663], [0.00012325203707283682, 0.00011518211443540718, 0.1297074162348814]], "tibia_markers": [[0.0002887800756375127, 0.03132128645638063, -0.04475889916215147], [0.020401196028479326, 0.015723693805940683, -0.06826358669927826], [-0.02014513300649971, 0.016287001950800205, -0.06863576924295915], [-5.495005378060755e-05, -0.007761038068053368, -0.05301534408870979], [0.0003648066160865719, 0.022270762091650364, -0.0972957063537623]]}