{"timestamp": 0.4, "femur_markers": [[-0.0010737776613174291, 0.030492628082491903, 0.10019414389543271], [0.03090116360197318, 0.0006061576823285647, 0.08006573245885563], [-0.030475026150773226, 6.222662341460116e-05, 0.08082286375876917], [-0.00032468816646044054, -0.030580223026314458, 0.09964581843590359], [-9.489131933582679e-06, -0.0004138245114280247, 0.13059740366114347]], "tibia_markers": [[-0.00041053769427013513, 0.024439512868812505, -0.048687408944551806], [0.020282715033975354, 0.006571833377681086, -0.06896922629571227], [-0.020279178896032143, 0.005321834116382333, -0.07059756509127027], [-0.0013651525045035955, -0.016583205855688864, -0.051078650293497826], [0.00041037790385131765, 0.00769111983614128, -0.09960405921595006]]}