{"timestamp": 2.0, "femur_markers": [[9.960476827661231e-05, 0.029375835133417818, 0.09958194970871569], [0.03029357313899176, -0.0004288166730138904, 0.07998870296198617], [-0.0293080464793907, -0.0010112485837469208, 0.0797249287637743], [-0.0006263577032464263, -0.029811228140526273, 0.09981226635310926], [0.00018583844426121532, -0.0006125198673524578, 0.12967481739337083]], "tibia_markers": [[-0.0005388253440232986, 0.03918244288285782, -0.038209845738987065], [0.020113065797208715, 0.02930829458186571, -0.06423498876399665], [-0.020724932849933878, 0.028623220524713836, -0.06365176495129367], [0.0001936499232755551, 0.00195480283400166, -0.05383005899485107], [9.680485337564199e-05, 0.040289077924572834, -0.09052857205937566]]}