{"timestamp": 0.1, "femur_markers": [[-0.0006236810169456394, 0.0303145392488295, 0.09939958150714216], [0.02988773800556712, -0.0003919667435754355, 0.07970255057451042], [-0.030853794770126692, 7.232035714702703e-05, 0.07894061715688258], [0.001059102482652138, -0.03067620416078394, 0.09898122847750539], [-0.00013934264802150512, 0.0006077563054277248, 0.13032962218566502]], "tibia_markers": [[-0.0009807948470822718, 0.020967885328504413, -0.050287003026025824], [0.019346890875722375, 0.0016917971113773439, -0.0704375066661448], [-0.0204683024386668, 0.0014275252796471468, -0.07032574740333805], [-0.00040298768386451585, -0.0199620464165351, -0.051324821266832764], [-0.0002795041528287724, 0.001974970065803333, -0.10010953222724714]]}