{"timestamp": 0.9, "femur_markers": [[-0.00038082755212489304, 0.030055108886025122, 0.10115217016579879], [0.030644297707570448, 0.0001511258968828472, 0.07891841524565717], [-0.030184636508135337, 0.00017931274495092567, 0.07987834738637317], [0.00011600700816030924, -0.02958248321079249, 0.10096850477613827], [0.00032908008836073435, -4.506049768126757e-05, 0.13065208322238456]], "tibia_markers": [[0.00012656038902795352, 0.02885639599407741, -0.045265088975176414], [0.019788796498769703, 0.012585945533461321, -0.06916499951236565], [-0.021019851747538402, 0.012309384460067057, -0.06937370125257739], [6.852049866186433e-05, -0.009810688851843278, -0.053130413759818876], [0.00013005350560089807, 0.01901941559724227, -0.09909080047184346]]}