{"timestamp": 2.1, "femur_markers": [[-0.0006222796542635642, 0.03090868976035977, 0.09995476486684284], [0.030105972938769588, 0.00022178982493254622, 0.08073660822622244], [-0.030227803044463583, -0.0004607217914642447, 0.08015053530609854], [-0.0006264206122998308, -0.030612121240216776, 0.09924412251435706], [-0.0006039127252868948, -0.0002630917284166063, 0.13100156022159726]], "tibia_markers": [[0.000281818918246685, 0.03875269490937311, -0.037981928717802496], [0.02025637532836005, 0.029658822286789635, -0.06304153030287271], [-0.019416463356943154, 0.029375235474518438, -0.0629011457500807], [-0.001031161494576596, 0.004116692105703016, -0.054631787553370705], [-0.00047038950406781417, 0.042656180508696205, -0.09095112831678341]]}