{"timestamp": 1.4000000000000001, "femur_markers": [[0.00014260494440764115, 0.029421835026700708, 0.09919098887343483], [0.029782950973014383, 0.00014412912597545015, 0.07955381221371423], [-0.02935032188290989, 4.494885838730758e-05, 0.07942002588022344], [-0.00034578901718881433, -0.02956245508580925, 0.10002557040110435], [0.00017656584172117692, 0.00012394965020684473, 0.1306689072722867]], "tibia_markers": [[0.00028633017001298357, 0.032954522328618986, -0.04265567357100344], [0.020524629141423466, 0.02033140555045085, -0.06744799110900751], [-0.02076207862523279, 0.020505729904625396, -0.06698991245453367], [-1.7729337391169814e-05, -0.00429387083291343, -0.05302849667488217], [0.00030449446735844615, 0.028612270043149084, -0.09586352977857751]]}