{"timestamp": 2.5, "femur_markers": [[-0.00028918611074297683, 0.03078226059143158, 0.10078471101749463], [0.029877962939272737, -4.476168277487762e-05, 0.07984912353049614], [-0.030643666531818835, 4.5344464364125756e-05, 0.08032951045923024], [0.00035236262416983105, -0.02914611051644379, 0.09997111802539749], [-0.0006147002557168416, 0.0004722063178614168, 0.12994912326065355]], "tibia_markers": [[-0.0004494162862550623, 0.043093327249466185, -0.03308961796668076], [0.019227576480924265, 0.03433383552107753, -0.06037888797947648], [-0.021183591941296907, 0.035421992282550864, -0.06109145439227736], [0.000832308094436339, 0.00809471623396272, -0.05393235588064793], [-0.0007534779394542658, 0.05006539809143723, -0.08599250122145591]]}