{"timestamp": 0.5, "femur_markers": [[-0.0008081672994892976, 0.029880386885516842, 0.09991852390350577], [0.029957465879737483, -0.000505276689582525, 0.08061960156313412], [-0.02929882880512466, 8.005972421242956e-05, 0.08031942410871136], [-0.0004918723836875755, -0.029851797196779255, 0.09947395179919585], [0.0007941187798483761, 0.00011844480352986909, 0.13020307114193203]], "tibia_markers": [[0.00016810660358902051, 0.02538896017528153, -0.04767453041120325], [0.020288464735151435, 0.00719798898018091, -0.0699052957520108], [-0.02004806885044507, 0.007950622349264112, -0.0698066440520573], [6.373463879282625e-05, -0.014678568353443024, -0.052053120784128985], [0.00015658725460784292, 0.009247376085193739, -0.09928921887024039]]}