{"timestamp": 1.9000000000000001, "femur_markers": [[-0.00020078834270033537, 0.02964236535557533, 0.09937394008323676], [0.029695097135224814, 8.778631771063904e-05, 0.08002852100388345], [-0.02985399467212188, 0.0011459786207911797, 0.0797348231679169], [0.0007137492007978348, -0.029674109430214445, 0.09932882211169085], [-0.000516231637788098, 0.00041344650640630983, 0.12944140014324157]], "tibia_markers": [[0.0003555112386912042, 0.03750941361069659, -0.03770061652377135], [0.02010953498421988, 0.026816659663041795, -0.0642380563262879], [-0.01928990192158104, 0.02614846140801243, -0.06475747202816194], [-3.579655070542509e-05, 0.0007396361328381531, -0.053535253904478074], [0.0002263175694465985, 0.03871073040025825, -0.09196421608867726]]}