{"timestamp": 3.3000000000000003, "femur_markers": [[0.0003087753448504193, 0.02952774940969595, 0.10108826275602868], [0.02973374058086265, 0.0004324079407831403, 0.07979493723687078], [-0.029838330246089704, -0.0005041653139559769, 0.08051480145685241], [-0.00018549140747631468, -0.029447910580603504, 0.09976733867000503], [0.0001441109095940656, -0.00048539735526742137, 0.13020729354389018]], "tibia_markers": [[-7.36538172816316e-06, 0.046901575761215855, -0.02449821822903145], [0.020265588014720955, 0.04483564066084493, -0.05458199333961464], [-0.019797582323424025, 0.044814014570480405, -0.054222010430504466], [-0.00014683249758509304, 0.016205240180422974, -0.051730968846849044], [0.0002975808591837914, 0.06391496985245299, -0.07656399765356861]]}