{"timestamp": 0.7000000000000001, "femur_markers": [[-0.000125014922957181, 0.030377977290676376, 0.09971314731404685], [0.02995667924867356, 0.00023847914607576554, 0.07964045474768225], [-0.03004656247028053, 7.945126393363934e-05, 0.08008440783542516], [0.0009007851590616727, -0.029872163984795752, 0.0997767954428745], [0.0008962195959691422, 0.0004982865911884946, 0.12910802941027505]], "tibia_markers": [[0.0003859477385411793, 0.027632120442014206, -0.046415328345957345], [0.01962957239759026, 0.010288711518081094, -0.06928692687030391], [-0.019804103099473846, 0.010664110805493706, -0.06978731733227003], [0.0010108398398259509, -0.01279774319865342, -0.05293488169362256], [0.0008437875594539323, 0.014622349138659495, -0.09987432697444691]]}