{"timestamp": 0.8, "femur_markers": [[-0.00012064471340700664, 0.030818106458213205, 0.10030742277660704], [0.0305180640115322, -0.0010404077886381567, 0.07993798343756285], [-0.029930797586115516, 0.000339351341514953, 0.08026713628387055], [-0.00016253454717736327, -0.029436946663775252, 0.0999785660297727], [3.652803914925525e-05, 0.00029281187232459794, 0.12989608600093694]], "tibia_markers": [[0.000479122937027063, 0.0274660562588906, -0.04600799495194742], [0.020089239224419395, 0.011183955952922627, -0.06841012719554412], [-0.019506058757952142, 0.011572001563376117, -0.06799739451034019], [0.0008132327194275936, -0.011456953464438835, -0.05243853675966235], [4.2835615410897825e-05, 0.016390842601411524, -0.09825516506177688]]}