{"timestamp": 3.5, "femur_markers": [[0.00012981797024674277, 0.029831873798535857, 0.10110953007231367], [0.030560778334925473, 6.117196629632537e-05, 0.07989820476837245], [-0.029510397846329767, 0.00021656061096065146, 0.07994284511205658], [-0.00042470440097484364, -0.02987161660784053, 0.10104280045076722], [-0.00014595067771742192, 0.0007860919341965268, 0.13063102802798582]], "tibia_markers": [[-0.00012829972022100996, 0.048151168321804313, -0.023981293243194483], [0.020036336981804615, 0.04628362006050691, -0.05188932226081868], [-0.020126181656602363, 0.0468034980495976, -0.05235104306570367], [9.01214298656655e-05, 0.018389006367029514, -0.050562971529344795], [-0.0003800444377386537, 0.06729414238176476, -0.07424418135545671]]}