{"timestamp": 1.7000000000000002, "femur_markers": [[0.0003563089037855682, 0.02910763694290192, 0.10060114248541198], [0.030743495088950783, -9.822046198198693e-05, 0.08003123648045582], [-0.029947272652069687, -0.00014071690660307043, 0.07957315617684677], [0.0006785686412211645, -0.029710592877347362, 0.09994288477999963], [0.0003595624315074744, 0.00036825478930730776, 0.12932061941704676]], "tibia_markers": [[0.0005162587787164844, 0.036487850759824594, -0.03974290629640854], [0.0202003964522303, 0.023875122445025446, -0.06514993696721244], [-0.01932438732770439, 0.024380447989641174, -0.06475067929022409], [-0.000285892584677049, -0.0015298611171201699, -0.05547442352433493], [-0.00052131615538418, 0.034450039674891283, -0.09383012746420079]]}