{"timestamp": 3.0, "femur_markers": [[-0.0003182194028573737, 0.030123981925454964, 0.09949892418728164], [0.0301276314415259, 7.09676700309e-05, 0.07978301684014355], [-0.030619464556745628, 0.0003343484599359083, 0.0809016469653786], [0.00022925062632844835, -0.030079159263378803, 0.10037903456925434], [-0.0004240065937375918, 0.00037419112065932006, 0.12968565379872252]], "tibia_markers": [[-0.0009125549454995518, 0.04515934525889336, -0.02792658544444816], [0.02035787571743675, 0.04103008479378013, -0.05701514547119663], [-0.020291668628365782, 0.041211863004808384, -0.05660564426367748], [-0.00044632647112248725, 0.012699634318716185, -0.05204516049888861], [-0.0005624607692280561, 0.05895469323361028, -0.08112184750430193]]}