{"timestamp": 4.0, "femur_markers": [[2.2625379350715582e-05, 0.029809845733073707, 0.09953600157800807], [0.029895601759920207, 0.0007266490207239345, 0.08015429046379668], [-0.030473120092128006, 0.0006921616967684315, 0.07954260976887854], [0.00046051719961743664, -0.029951447633003492, 0.09971880952703391], [0.0003696137914409155, -0.0009698597359820095, 0.1304909334741985]], "tibia_markers": [[0.0010639313246978489, 0.05100615046940077, -0.018453534620396585], [0.0196918807344972, 0.052448196096359506, -0.04737458392787269], [-0.01961889247126464, 0.05272715372750608, -0.046313942506817], [-0.0008548850246323545, 0.02292300984117357, -0.04840729898185619], [0.00023682297130661368, 0.07472993773824543, -0.0655240107979398]]}