{"timestamp": 4.5, "femur_markers": [[0.0007287489383856046, 0.029341388989195145, 0.09950716885523596], [0.030404317476137956, -0.0005871690172406053, 0.07959065771526716], [-0.030177273122144365, -0.00016206819957400567, 0.08006540079698432], [0.00035092224013659977, -0.02926105689481244, 0.09930839127701872], [-0.0008031136319321153, 6.685142057221941e-05, 0.12987921023248414]], "tibia_markers": [[0.0004058479346057128, 0.05237238929497986, -0.013111204626498866], [0.020937708809768918, 0.0568649830137783, -0.04084385191869398], [-0.019759531207857492, 0.05636122517803881, -0.04110147102443292], [-0.00038261706708506794, 0.028556205276146468, -0.046517279143843834], [0.0006414836713360075, 0.08154972472501028, -0.058782440353312745]]}