{"timestamp": 4.3, "femur_markers": [[-6.119120015641345e-05, 0.02987704471021624, 0.10039807172099438], [0.030063475674289557, -0.00030184087139709413, 0.07922274299621088], [-0.030459997615947188, 0.0004934355670898816, 0.07964415451193599], [6.5259797863203e-05, -0.029506604846564796, 0.09891348085667265], [-0.00014337106196160498, 0.00010973906901298433, 0.12949668644537185]], "tibia_markers": [[-4.300085820059636e-05, 0.05179630937301097, -0.014446972050840775], [0.0199960103244966, 0.0557901873863933, -0.04280830242001424], [-0.020258992383024903, 0.055119493067803345, -0.04314291625718537], [0.00033054450059925676, 0.026598444498702092, -0.04710790022800001], [5.885050508404869e-05, 0.0782520621204727, -0.06236264420686672]]}