# Timestamp, Fx, Fy, Fz, Tx, Ty, Tz, FemurPosX, FemurPosY, FemurPosZ, FemurQuatW, FemurQuatX, FemurQuatY, FemurQuatZ, TibiaPosX, TibiaPosY, TibiaPosZ, TibiaQuatW, TibiaQuatX, TibiaQuatY, TibiaQuatZ, Flexion, Adduction, Rotation, Anterior_Posterior, Medial_Lateral, Proximal_Distal, Medial_Joint_Gap, Lateral_Joint_Gap, FTPosX, FTPosY, FTPosZ, FTPosZ, FTQuatW, FTQuatX, FTQuatY, FTQuatZ
0.024773120880126953,0.09359128906990133,0.2898491745440753,1.7423867962104032,-0.03304456192439261,0.09700270141330464,-0.01175117338186325,0.0534391,0.348862,0.268564,0.307689,0.714683,0.414476,-0.47198,-0.13363,0.326819,-0.234569,0.647043,0.263932,0.546756,-0.46123,46.602286423153494,-2.4681428820487454,2.4736821531208513,1.683278601101236,-3.567870576469346,-19.365283229303806,32.02076974341769,51.14314842250435,-0.142054,0.217371,-0.318896,0.506427,-0.0590627,0.185002,0.84013
0.04935312271118164,0.11757768755231243,0.22957382622627057,1.7499030164616785,-0.03547621724949281,0.0975563828590324,-0.008056283066103804,0.0534392,0.34886,0.268575,0.307283,0.714628,0.414683,-0.472146,-0.133617,0.326293,-0.234826,0.64721,0.262073,0.546749,-0.462063,46.805872307375495,-2.592538960710028,2.411713967274366,1.6154018151872798,-4.217205653609689,-19.430537877731503,32.07790110499057,51.82518105577936,-0.142026,0.216371,-0.318861,0.508218,-0.0598471,0.184851,0.839025
0.07389283180236816,0.08256509571271434,0.39885253584743036,1.7079990667570708,-0.03041501322397202,0.09570847439370894,-0.019399759489325128,0.0534489,0.348869,0.268581,0.307321,0.714607,0.414732,-0.472111,-0.133139,0.324181,-0.235472,0.650093,0.258477,0.544053,-0.463223,47.417286087479,-2.598499415448897,2.33052833583136,0.8967809151776045,-4.354972264004843,-19.33383265081722,31.760953600566307,51.660938956016714,-0.141229,0.213745,-0.318694,0.505969,-0.0635818,0.18794,0.839423
0.10230064392089844,-0.034199258444161044,0.6784015472428029,1.6935494402385896,-0.01880182395501202,0.09729969839104143,-0.038033169063151365,0.0534425,0.348869,0.268554,0.307934,0.714543,0.414655,-0.471875,-0.132259,0.321527,-0.236441,0.651633,0.256478,0.540925,-0.465826,47.883022512415344,-2.7047419647661917,2.525840175063882,0.8788593862640788,-4.092816242564339,-19.558334933150718,32.13800760861438,51.81429620415784,-0.140149,0.210126,-0.318549,0.506545,-0.0659281,0.192954,0.837755
0.12761354446411133,-0.006802944444276498,0.7240471392770351,1.6509531679986926,-0.016027274996044078,0.09365269361547325,-0.04104386670346603,0.0534329,0.34886,0.268535,0.307867,0.714579,0.414545,-0.471961,-0.131515,0.320274,-0.236946,0.651344,0.256625,0.538727,-0.468687,48.12547534516528,-2.80673452310433,2.848539408477425,1.269271501621862,-4.014780729979272,-19.731790553985455,32.53429823753802,52.222348376824655,-0.139636,0.208718,-0.318433,0.507735,-0.0690273,0.194946,0.836323
0.15540027618408203,0.030186531412921977,0.6936899955602683,1.7152801572608272,-0.016881535659452315,0.09934587540447366,-0.04118375635356928,0.0534154,0.348869,0.268513,0.308032,0.714596,0.414541,-0.471831,-0.129623,0.318048,-0.238027,0.652461,0.256354,0.5337,-0.473013,48.71139113476974,-2.864056109558514,3.3847879166851573,1.2341035837491816,-4.01079248501879,-19.95658645014945,32.76145155699799,52.51353444105863,-0.138705,0.205504,-0.31821,0.513389,-0.0734647,0.197424,0.831901
0.18365097045898438,-0.1250931099903015,0.6788914289220194,1.719394924135483,-0.015593288660411415,0.10201659774333643,-0.04126541977565657,0.0534215,0.348848,0.268536,0.30781,0.714796,0.414542,-0.471672,-0.128273,0.316523,-0.238745,0.652621,0.257723,0.528455,-0.477912,49.22524062780474,-2.9201850212143405,4.088747223017297,1.1910539493264416,-3.122816549702584,-19.907308704754392,32.86878885373399,52.080594880690256,-0.137337,0.20327,-0.318256,0.514098,-0.0736117,0.199772,0.830889
0.2079026699066162,-0.09523128771805708,0.7621254855726787,1.69299156789909,-0.01219423249581127,0.1012405047001665,-0.04626226891285691,0.0534522,0.348849,0.268549,0.307965,0.714687,0.414438,-0.471828,-0.127045,0.314985,-0.239401,0.653365,0.256635,0.525051,-0.481221,49.6741490663944,-3.015449110708503,4.411088644066087,0.7703814496578651,-3.48123129675362,-19.89665655672364,32.73753293721088,52.38858938156565,-0.137069,0.201412,-0.317684,0.519871,-0.079576,0.204072,0.825685
0.23530220985412598,-0.12988646354072872,0.6589170183331688,1.765623670028653,-0.015921323469700002,0.10504415997565665,-0.03923608751092197,0.0534736,0.348849,0.268587,0.307505,0.714762,0.414507,-0.471953,-0.125787,0.313631,-0.239948,0.653281,0.257845,0.520647,-0.485455,50.11843440482353,-3.050921131304854,5.021692610691289,0.9911610930715753,-3.069966581089915,-20.029073064524482,33.000607037502505,52.42905475000547,-0.135994,0.199933,-0.317563,0.519993,-0.0834162,0.206735,0.824566
0.2599830627441406,-0.12373681005298212,0.5890616738319955,1.78379175169978,-0.019790448656939543,0.1078582495424259,-0.03485744981705823,0.0534752,0.34885,0.268581,0.307947,0.714891,0.4142,-0.47174,-0.125088,0.312817,-0.240311,0.653891,0.256127,0.519527,-0.486742,50.329578522191476,-3.196906369698933,5.014052989355573,0.524383549102712,-3.4958133142247263,-19.753080442848848,32.68510796530452,52.674923416493804,-0.135359,0.198558,-0.317565,0.522896,-0.0818081,0.208438,0.82246
0.28622984886169434,-0.2165389087520783,0.5833894538011456,1.797981034773134,-0.021231405506495066,0.11089937729776296,-0.035705862962263586,0.053473,0.348858,0.268607,0.30755,0.714882,0.414355,-0.471875,-0.123822,0.310995,-0.240991,0.654018,0.255986,0.516483,-0.489875,50.72384600906245,-3.275826716593558,5.388043775376513,1.1985640952699477,-3.780730033119845,-20.254403485428163,33.407234244257296,53.60575239087891,-0.134045,0.195954,-0.317566,0.520109,-0.0836138,0.20846,0.824039
0.31081104278564453,-0.16227077222023492,0.5219573380509105,1.8232417608355882,-0.023281952186796465,0.11122153031221059,-0.03265199847713697,0.0534713,0.348855,0.268612,0.307493,0.714925,0.414286,-0.471908,-0.123531,0.310469,-0.24113,0.654118,0.257122,0.515155,-0.490543,50.7836068176687,-3.1969422883838305,5.57425866268823,1.5595007213319434,-3.296466604560422,-20.525799064753272,33.75788308470596,53.447244069822005,-0.13409,0.195368,-0.317353,0.521044,-0.0864724,0.208213,0.823215
0.33925437927246094,-0.13231767992472923,0.4907562034629905,1.8560057479512095,-0.02218666974530709,0.11369700882950647,-0.03044913496697184,0.0534749,0.348847,0.268619,0.307627,0.714949,0.414293,-0.47178,-0.122641,0.307549,-0.241898,0.656445,0.252812,0.51193,-0.493045,51.484193090016475,-3.3787932466819046,5.569210900266079,1.1158325417456503,-3.703028114533751,-20.4456366045955,33.728749498732526,53.90447508969103,-0.134188,0.191341,-0.316445,0.530217,-0.0896135,0.217652,0.814535
0.36734437942504883,-0.07557791780484238,0.6152801977131727,1.845363422988091,-0.021510403962754252,0.10932397774015963,-0.03684275375227304,0.053471,0.34884,0.268615,0.307555,0.715005,0.414139,-0.471876,-0.122511,0.304528,-0.242436,0.657873,0.248891,0.508168,-0.497013,52.212922480273605,-3.6459917715302295,5.715553830441181,0.607060200920202,-3.310691320969724,-20.066421190942656,33.6134868854396,53.827947877961726,-0.133951,0.187856,-0.315627,0.528562,-0.0938355,0.22297,0.813696
0.3930630683898926,-0.11954994122471767,0.8247045703044343,1.808862884381878,-0.013059603860293126,0.10955875192068816,-0.05249616014404677,0.0534801,0.348828,0.268623,0.307553,0.715028,0.414153,-0.471829,-0.122439,0.302319,-0.2429,0.657859,0.248438,0.505426,-0.500045,52.547121410636585,-3.792590008561906,6.040390537712089,1.069283446942439,-2.305878392409298,-20.31177410935021,34.31855664564801,53.81105912793072,-0.133877,0.185036,-0.314839,0.526578,-0.0977735,0.225261,0.813888
0.42166781425476074,-0.19494617885462628,0.8142467448087837,1.8047096750523308,-0.019398611361171145,0.10623386252367044,-0.050815620236938946,0.0534845,0.348827,0.268624,0.307547,0.715028,0.414112,-0.47187,-0.121968,0.299422,-0.243476,0.661336,0.242115,0.501405,-0.502601,53.5006888868931,-3.9738233971396646,5.899889757523276,-0.5512597783469353,-2.7664713593974,-19.647683614978313,33.395122554423956,53.54192654412092,-0.132633,0.181441,-0.314542,0.516587,-0.100423,0.225227,0.819955
0.4501664638519287,-0.10487215717553185,0.7477285453149146,1.86937411901192,-0.017447248197916966,0.11082957362523421,-0.04786515607825772,0.0534852,0.348822,0.268613,0.307577,0.714956,0.414187,-0.471894,-0.121593,0.298196,-0.24384,0.66108,0.241786,0.499141,-0.505343,53.76475616883393,-4.1193150118095,6.202824875503879,-0.5700902415279572,-2.471006540997948,-19.635596613573185,33.579280033245645,53.64916136703804,-0.133707,0.179684,-0.313691,0.530874,-0.104219,0.231127,0.808636
0.47413134574890137,-0.1341343680565558,0.6520257311575837,1.9391435258493597,-0.024794110514459858,0.11274572612484134,-0.04143858811029863,0.0534631,0.348831,0.268599,0.307637,0.714937,0.414197,-0.471874,-0.120786,0.295502,-0.244394,0.661663,0.239958,0.496956,-0.5076,54.13848927155552,-4.274663075107798,6.333006283005549,0.24336413284812863,-2.595898194451003,-20.11576164567395,34.48717600839615,54.67058185444108,-0.1321,0.176332,-0.313739,0.52153,-0.103219,0.230909,0.814883
0.5021200180053711,-0.114530251346778,0.7424962061571388,1.9258998035507193,-0.018851757582488766,0.11343958898371309,-0.04830287275961769,0.0534633,0.348825,0.268596,0.307686,0.714982,0.414041,-0.47191,-0.120344,0.293009,-0.244928,0.6606,0.238987,0.49285,-0.513412,54.622683514102896,-4.664299271747983,6.88204327874217,0.3191318657683482,-1.8512688093974958,-19.88131301400282,34.83311275467431,54.918416223547965,-0.131981,0.172793,-0.312752,0.526745,-0.109505,0.235422,0.809398
0.5294184684753418,-0.16803085102313625,0.8579018233915381,1.8725957572823653,-0.018674199192494197,0.11183529787017474,-0.054357986727885256,0.0534707,0.348826,0.268604,0.30756,0.715016,0.414055,-0.47193,-0.11985,0.291505,-0.245257,0.663617,0.237445,0.490318,-0.512661,55.055945068655866,-4.423762992959523,6.793097489793418,-0.08928826209120189,-1.6449452396135698,-20.271225094439295,34.86633189237969,54.41421948122302,-0.13095,0.171068,-0.312739,0.523592,-0.10736,0.237753,0.811048
0.553706169128418,-0.1347963330871287,0.842193146214103,1.8954236463152017,-0.020238937034393167,0.11297943574960931,-0.05250020250251056,0.0534826,0.348818,0.268607,0.307676,0.714931,0.414128,-0.471918,-0.119227,0.289646,-0.245622,0.66415,0.236574,0.48761,-0.514949,55.402705939142216,-4.516248164001496,7.034822043922631,0.02193874198683332,-1.3802115690444978,-20.418601124511383,35.1939251464654,54.60809488771693,-0.130322,0.168677,-0.312104,0.523484,-0.111313,0.24019,0.809866
0.5842487812042236,-0.18745414092509427,0.8044948746618849,1.930379855116032,-0.025743607671087236,0.11506058101419758,-0.04932710985507738,0.0534971,0.348818,0.268608,0.307592,0.715017,0.414053,-0.471908,-0.118648,0.287314,-0.246091,0.66589,0.233499,0.485913,-0.51571,55.84166707873707,-4.58036555542146,6.903124292919951,0.20208343094301284,-1.757368581222174,-20.813075245422695,35.7161463092119,55.317630299257594,-0.12924,0.165966,-0.311687,0.519651,-0.113412,0.242867,0.811243
0.6117720603942871,-0.1827461207885182,0.8419933727935521,1.9552360137795348,-0.022763574553107437,0.11798761193723381,-0.053063687713685685,0.0534885,0.348824,0.268602,0.307772,0.715006,0.414038,-0.471821,-0.118423,0.285507,-0.246378,0.667694,0.23054,0.484609,-0.515937,56.20579133583019,-4.62125721442109,6.739200508939362,-0.04720255513535321,-1.9006822988531127,-20.90617003989992,35.81471862822664,55.46892082947242,-0.128837,0.163356,-0.311228,0.522762,-0.114244,0.246239,0.808106
0.6400737762451172,-0.1519976968398482,0.795963577457229,1.9670688562625032,-0.02540394103701873,0.1167733930056237,-0.05032152346366456,0.0534681,0.348826,0.268588,0.308165,0.715069,0.413838,-0.471645,-0.118251,0.283642,-0.246669,0.668963,0.228344,0.482341,-0.517392,56.578110856934764,-4.7235371700727855,6.7589587933483415,-0.4782956869648807,-1.4629108728853026,-20.763992822269884,35.75738711892899,55.16618168574986,-0.12808,0.161285,-0.310796,0.518252,-0.117342,0.248203,0.809964
0.6651322841644287,-0.17260696339073184,0.8222585570416012,2.0082804875429865,-0.02430314221989298,0.12088263506292075,-0.052412473519538434,0.0534577,0.34883,0.268582,0.308295,0.715126,0.41368,-0.471612,-0.118031,0.281219,-0.246994,0.670782,0.226519,0.47988,-0.518127,56.9746742312616,-4.690899450120934,6.757693405147791,-0.3259985616617378,-0.8636463166306996,-21.193100974931482,36.308791274543545,55.07325105516335,-0.127786,0.157907,-0.310011,0.521274,-0.117638,0.250572,0.807247
0.692335844039917,-0.14233537499974933,0.8759686104399242,1.9693783694680487,-0.025627782555918383,0.11695001660650158,-0.055429712626790854,0.0534479,0.348826,0.268581,0.308359,0.715114,0.413669,-0.471598,-0.117838,0.279322,-0.247196,0.672556,0.223932,0.477691,-0.518975,57.411028243241795,-4.716351733790043,6.709400050075054,-0.7009838026968325,-0.6944714458397172,-21.191235610028606,36.297747111967325,54.90957776500199,-0.127276,0.155959,-0.309403,0.518801,-0.12188,0.255397,0.806699
0.7180137634277344,-0.1777616140688677,0.8372935141468147,2.02128483019967,-0.023672429289370557,0.12036237078557978,-0.05387142323487042,0.0534599,0.348827,0.268608,0.307911,0.715145,0.413752,-0.471771,-0.117638,0.277549,-0.247379,0.672585,0.221977,0.47638,-0.520977,57.74198386859064,-4.895589177437994,6.762070610253556,-0.23463748897359338,-0.9094781733654358,-21.429868385680663,36.888068669175716,55.78323723668921,-0.126891,0.153628,-0.308783,0.518909,-0.123924,0.257079,0.805783
0.7437961101531982,-0.1547171867363261,0.8493899606764327,2.005206390728766,-0.027001101789249526,0.11900115136989524,-0.05383563129903343,0.0534664,0.348825,0.268617,0.307916,0.715182,0.413692,-0.471763,-0.117399,0.275828,-0.247493,0.672041,0.219588,0.474142,-0.524721,58.14283441457921,-5.2615368466698476,6.9516690252293145,-0.46928087606140423,-0.9332191519085171,-20.88861177594383,36.7565848740152,56.178097076601055,-0.126397,0.151235,-0.30825,0.518395,-0.123817,0.259633,0.805312
0.7682912349700928,-0.20134535263773146,0.9107947177234265,1.9935145548900042,-0.027006912113457817,0.12192094248195941,-0.05790936216943773,0.0534491,0.348833,0.268608,0.308006,0.715108,0.413777,-0.471742,-0.116955,0.274024,-0.247779,0.674703,0.217523,0.472955,-0.523234,58.44682705232553,-5.066486990945055,6.731794428242857,-0.3581229009917237,-1.0431914451760633,-21.579244529569195,37.257831755994886,56.3356327985106,-0.126741,0.149284,-0.307271,0.521043,-0.130587,0.262025,0.801751
0.7946088314056396,-0.14230245812371314,0.950663935616697,2.008963872004104,-0.028008059546338372,0.12111032927649276,-0.05921804132628073,0.0535713,0.349106,0.268634,0.309663,0.71447,0.413495,-0.471872,-0.116918,0.272407,-0.247937,0.674836,0.213447,0.470819,-0.526656,58.775164115278855,-5.472840162573543,6.812932398746579,-2.1030434280656927,-1.2204548455704796,-20.507716128119277,36.201918822494854,55.94204986373612,-0.12674,0.147047,-0.306582,0.521324,-0.133612,0.261812,0.801139
0.8229811191558838,-0.19666253535053932,0.8593569792771523,2.0851034127743273,-0.04022736901278758,0.1251260347598623,-0.052177443273541256,0.0534708,0.3489,0.268576,0.308697,0.714977,0.413044,-0.472132,-0.116625,0.270199,-0.24824,0.675325,0.213078,0.466706,-0.52983,59.31375590146468,-5.515386922458806,7.115237814073712,-1.8000517078336138,-0.4709193276437702,-20.824213179847618,36.75695157218411,55.94375961222635,-0.126117,0.144643,-0.305936,0.519527,-0.13481,0.265265,0.800969
0.8486237525939941,-0.2519435262474571,0.8098496109708643,2.118253768678658,-0.04849517783273584,0.1302464365136769,-0.05136047410678482,0.0534624,0.348881,0.268569,0.308693,0.715045,0.413087,-0.471995,-0.116461,0.269242,-0.248319,0.67684,0.212231,0.465921,-0.528927,59.48294896820107,-5.392711316186373,7.00854086545251,-1.7008319457042447,-0.21933195880865952,-21.143549309516096,37.008822857596314,55.78440305982992,-0.125857,0.143414,-0.305557,0.517779,-0.13561,0.265661,0.801835
0.8770871162414551,-0.34799392669005436,0.948062826726971,2.065867248613594,-0.04414527459711749,0.13163724585905154,-0.06293044880119687,0.0534683,0.348874,0.26856,0.30874,0.71506,0.413321,-0.471736,-0.116208,0.267532,-0.248453,0.678751,0.210761,0.463153,-0.529496,59.90916597522742,-5.343098731196211,7.073540098121473,-2.051794342192707,0.522247198257972,-21.1786403362972,37.02256991873975,55.15286005507627,-0.125431,0.141386,-0.304938,0.516767,-0.13806,0.268528,0.801114
0.9023821353912354,-0.2931427132679138,0.8277993607953106,2.07532250735393,-0.0379770065070639,0.1352058161539205,-0.05946097629001071,0.0534848,0.34887,0.268562,0.308615,0.71504,0.413393,-0.471785,-0.116156,0.266572,-0.248529,0.678694,0.209044,0.463641,-0.529823,60.001386158199786,-5.469290124747596,6.942678704071639,-1.6011977231493404,0.04338585788681826,-21.408558528541363,37.47312152708863,56.03911578353202,-0.125316,0.140211,-0.304579,0.517618,-0.139118,0.270536,0.799705
0.9312403202056885,-0.2771634151525193,0.9646543448315925,2.011178860198795,-0.041963881197338244,0.12792296062129452,-0.06235211219292853,0.05348,0.348891,0.268575,0.308636,0.715014,0.41338,-0.471822,-0.116412,0.265848,-0.248492,0.678048,0.206308,0.462933,-0.532336,60.263974606383165,-5.814771379529005,6.944812890877394,-2.245262559461082,-0.28723745376890264,-20.649920175377687,36.974862568100434,56.262433417759105,-0.125307,0.139047,-0.304258,0.516353,-0.139025,0.269608,0.800851
0.9598476886749268,-0.21385167157343274,0.989988427859332,1.990594484476147,-0.045724665563147374,0.12582594079730897,-0.06351456985742472,0.0535508,0.34907,0.268616,0.309531,0.714481,0.413032,-0.472348,-0.116717,0.26527,-0.248501,0.679171,0.205482,0.464638,-0.529732,60.04129859782216,-5.597334731819603,6.629452180235965,-2.0232342532159286,-0.601573405360682,-21.473676086659992,37.53836786705849,56.539262814162285,-0.125237,0.138287,-0.304123,0.515493,-0.13723,0.269804,0.801649
0.9856665134429932,-0.2464824557675096,1.153072670133226,1.991069425519776,-0.037369404054541214,0.12494961330364955,-0.07312675444939613,0.053574,0.349116,0.268617,0.309845,0.714745,0.413145,-0.471642,-0.116744,0.265488,-0.248444,0.681014,0.205725,0.464516,-0.527372,60.04773764088026,-5.384359949679958,6.466377030851543,-2.3031424599553496,0.30848999914444875,-21.423080544392448,37.288787320394,55.37090822325939,-0.124864,0.139051,-0.30436,0.511493,-0.13784,0.271157,0.803647
1.0108482837677002,-0.26577398503680916,1.272220609900737,1.9335947563073939,-0.020550826870429317,0.12169373900210806,-0.08124078405943176,0.0534075,0.34861,0.268483,0.302644,0.717962,0.409179,-0.474878,-0.116645,0.26664,-0.248466,0.680758,0.204895,0.466864,-0.525952,60.44112040253413,-4.844833777716143,5.493822998582072,0.6495464301879679,-3.876718922931836,-23.87969385848806,39.52496165684396,59.68156311939639,-0.125101,0.140414,-0.304738,0.513987,-0.139294,0.269683,0.8023
1.0392296314239502,-0.37455844600733584,1.2166464509014163,1.9290578166147734,-0.009448169251104062,0.11907666980277405,-0.07259675746793805,0.0534374,0.348821,0.268544,0.308768,0.715271,0.413198,-0.471505,-0.116726,0.268451,-0.248344,0.674898,0.211935,0.466764,-0.530781,59.40242079967517,-5.754799487754451,7.084402334094499,-0.7308799375821664,0.17115948295801076,-21.041280433484637,37.65951182970135,56.6002888024945,-0.125503,0.142545,-0.305334,0.515869,-0.139182,0.266562,0.802155
1.063699722290039,-0.20505697800077277,1.0993449106358466,1.9424180646598357,-0.01178389757624976,0.11691670114661648,-0.0641704334390187,0.0534081,0.348835,0.268561,0.309318,0.715335,0.413082,-0.471149,-0.116926,0.270849,-0.248115,0.673888,0.213087,0.470563,-0.528242,58.861633915867685,-5.74104065240422,6.811549415707741,-0.8387745771265926,-0.4947243654895317,-20.629648942752873,37.12800189427071,56.61441355216633,-0.125457,0.14534,-0.30641,0.516844,-0.134327,0.266108,0.802506
1.090177297592163,-0.1578705592288725,1.0555887200603495,1.9284288678818324,-0.014116697674440655,0.11639002015925466,-0.061702819603904634,0.053428,0.348817,0.268586,0.308784,0.715717,0.412712,-0.471243,-0.117422,0.273477,-0.247856,0.675418,0.215131,0.473057,-0.523208,58.51660127802575,-5.223519855000999,6.407462001802575,-1.2049992359547517,-0.5372307043555509,-20.9350572744559,36.68113876956936,55.5613938378533,-0.12574,0.148584,-0.307463,0.515962,-0.129314,0.261915,0.805271
1.1185097694396973,-0.17849768587707257,1.0493372512059587,1.9377058784016767,-0.013764899812069941,0.11871251780753042,-0.062498811454589756,0.0534357,0.348807,0.268575,0.308833,0.715717,0.412668,-0.471249,-0.118361,0.277262,-0.247357,0.675052,0.217943,0.47902,-0.517054,57.67566396942307,-4.839875136915443,5.893535782244502,-1.0317955504622134,-1.0921749421978006,-21.134296915406374,36.3619836621229,55.199885467912715,-0.126714,0.153399,-0.308863,0.515482,-0.124928,0.256582,0.807983
1.143852949142456,-0.20419573051020154,1.1658899405607117,1.8646320965141474,-0.011694501217701223,0.11420409724640694,-0.07046036706839837,0.0534386,0.348808,0.268571,0.308874,0.715686,0.412792,-0.471163,-0.119078,0.280544,-0.246903,0.675874,0.221323,0.481802,-0.511934,57.1377717752403,-4.33891110565873,5.656570018404217,-1.5935676728667723,-0.7008852371846714,-21.120383665346374,35.629732204122305,53.64881975025018,-0.127248,0.157689,-0.310176,0.513231,-0.118936,0.251217,0.811997
1.172703742980957,-0.16305092251876852,1.0545632233635551,1.8686817973488308,-0.013531545573036438,0.11180188117445988,-0.0632991395413241,0.0534371,0.34881,0.268578,0.30886,0.715701,0.412775,-0.471162,-0.120126,0.285829,-0.246104,0.670591,0.226887,0.489129,-0.509492,55.89328280914283,-4.434225446496933,5.599839645036628,-0.7625768402198467,-1.4499137131084012,-20.7304922686034,35.374113323424396,54.276680747494126,-0.128771,0.164393,-0.31133,0.512649,-0.117881,0.244294,0.814626
1.2014894485473633,-0.20763515772674696,0.8987292875526492,1.8868387492706273,-0.01855293713100345,0.11414951754048078,-0.053979205287625245,0.0534382,0.348815,0.268582,0.30882,0.715741,0.412698,-0.471195,-0.120578,0.288697,-0.245692,0.669401,0.229043,0.492763,-0.506584,55.33255602319019,-4.301295332931323,5.378405775258553,-0.830441350844751,-2.0344678221693258,-20.609497662607268,34.96297095190245,54.2261472816594,-0.129596,0.167901,-0.312181,0.514101,-0.114688,0.238822,0.815789
1.228691816329956,-0.14546387849276116,0.7363019057178262,1.900656117707288,-0.023069562921559487,0.11369712110304608,-0.042439509771335024,0.0534479,0.348806,0.2686,0.308802,0.715437,0.412729,-0.471642,-0.121478,0.294382,-0.244594,0.665888,0.235967,0.49888,-0.502027,54.10528799128064,-3.9662610934232156,5.336037440038194,-0.5113918093509966,-2.5479077180019942,-20.556975932270774,34.42909882645938,53.88274827173121,-0.130854,0.174931,-0.313658,0.516943,-0.106227,0.232129,0.817069
1.2574868202209473,-0.006015293903033353,0.6130084671658571,1.9054745756213138,-0.0234185013977157,0.11301009595294177,-0.03545415354210484,0.0534293,0.348806,0.268616,0.308598,0.715467,0.413265,-0.471261,-0.122648,0.299719,-0.243401,0.662922,0.240038,0.506459,-0.496402,53.00004958023887,-3.8366366674016876,4.940966612757723,-0.13389136771194998,-3.2562950277492604,-20.142659875099994,33.84860325123194,53.90202176976388,-0.132653,0.181908,-0.314733,0.522345,-0.099187,0.229738,0.815192
1.286025047302246,-0.051799031821165444,0.5784117518802991,1.878407448082059,-0.02300097691431837,0.11075998674171394,-0.031870293596068036,0.0534172,0.348814,0.268615,0.308656,0.715754,0.412615,-0.471356,-0.12341,0.302298,-0.242883,0.660905,0.243465,0.509411,-0.494398,52.3631726552865,-3.728149955857066,4.855724588851874,0.08161546649253992,-2.9575089170918787,-20.12013627892427,33.7718727796085,53.489462488133555,-0.133244,0.185183,-0.315254,0.519782,-0.0974343,0.222846,0.818946
1.3113367557525635,-0.01874083341297001,0.6743582891680449,1.806722775419443,-0.019043352054780232,0.10729651561223238,-0.037761598809713234,0.0534192,0.348811,0.268616,0.308591,0.715447,0.413304,-0.471262,-0.124742,0.30672,-0.241658,0.658621,0.248171,0.515791,-0.488455,51.31206668192109,-3.426978834231364,4.56904234429248,0.6771805941553666,-3.0292194474996066,-20.203547249049187,33.643025106326746,53.12941285800523,-0.134539,0.190702,-0.316341,0.520008,-0.0890488,0.216999,0.821324
1.3396122455596924,-0.042534311594472865,0.6874029223434006,1.771366676112596,-0.017270149572190314,0.10511879271755797,-0.0376110910129323,0.0534294,0.348808,0.268631,0.308222,0.715441,0.413108,-0.471683,-0.125669,0.309936,-0.240739,0.655601,0.252444,0.51935,-0.486555,50.582820884349736,-3.3121288392994406,4.58383698901088,1.1389626000712205,-3.0044899902616464,-20.155976438493866,33.57031102879641,52.99072664140289,-0.135656,0.19484,-0.316815,0.520486,-0.0859559,0.212006,0.822654
1.368711233139038,0.04208014777973392,0.5399517221483406,1.7873099300761681,-0.022505127654054657,0.10260648068673811,-0.029159116369414057,0.0534274,0.348813,0.268613,0.308552,0.7158,0.412548,-0.471413,-0.126657,0.314019,-0.239572,0.653925,0.256766,0.523506,-0.482074,49.71468630139145,-3.062504830417476,4.326120883860952,0.8176489329638663,-2.456198610711496,-19.615568635099294,32.75815858844068,51.66342568478243,-0.135865,0.200067,-0.318018,0.515046,-0.0770281,0.20323,0.829151
1.3957247734069824,-0.005238581138384944,0.6886203667134108,1.7070852049314804,-0.014865020146262509,0.09917302444184976,-0.03941580967377977,0.0534187,0.348807,0.26862,0.308529,0.715602,0.413027,-0.47131,-0.127321,0.316876,-0.23878,0.652619,0.258169,0.528113,-0.478053,49.10133339373542,-2.970286552308516,3.9808520272740857,0.8415397609473878,-3.2962683692510737,-19.533440583799994,32.42242394985382,51.9466977377065,-0.136669,0.203918,-0.318333,0.51402,-0.0755056,0.198769,0.831008
1.42337965965271,-0.30716455335843224,0.6501563186258813,1.7927839586009677,-0.011718238366502947,0.11014404108128781,-0.03756491553546529,0.0534337,0.348797,0.268615,0.308436,0.715556,0.413317,-0.471186,-0.128042,0.320705,-0.237625,0.65079,0.260731,0.534394,-0.472138,48.19764710164927,-2.789810331916444,3.4754405757771174,1.270071580751523,-4.341512236878401,-19.57405526969577,32.2200689893323,52.40879020737234,-0.137368,0.20921,-0.318921,0.514186,-0.0718302,0.192756,0.832645
1.4505984783172607,0.0564757338974464,0.7810850088316621,1.6665976801214737,-0.008913875871346663,0.09407494821433035,-0.04278590904440477,0.0534521,0.348803,0.268628,0.308029,0.715469,0.41343,-0.471484,-0.128241,0.322716,-0.237026,0.650152,0.26285,0.536109,-0.469892,47.865767673690144,-2.5777520476533695,3.386672688282573,1.266137745960993,-4.729775405841352,-19.660313196469588,31.97945774808782,52.30536302709282,-0.13765,0.211874,-0.319192,0.514633,-0.0692738,0.189979,0.833224
1.4776124954223633,0.00510573466001804,0.6691985390484484,1.6388405984752799,-0.00968311411342011,0.09503447814931316,-0.03587565693800031,0.0534522,0.348799,0.26866,0.308085,0.715486,0.413438,-0.471415,-0.128519,0.32702,-0.235744,0.64666,0.268907,0.540334,-0.466432,46.869060571885605,-2.3808272716989904,3.415212354803721,1.7656889216575529,-4.863918439595011,-19.60240156999491,31.78830410740976,52.13472372873667,-0.137867,0.217486,-0.31985,0.515134,-0.0633037,0.183219,0.834901
1.5049235820770264,-0.10405501075349688,0.5690877329698247,1.6773693308619766,-0.013349798561931556,0.09975516227664626,-0.029362221852752522,0.0534771,0.348812,0.268686,0.307903,0.71563,0.413264,-0.471468,-0.128919,0.331259,-0.234341,0.644498,0.273931,0.545162,-0.46085,45.895998290383545,-2.0371300202460887,3.119582152915237,2.2530423197323692,-5.309419968745971,-19.747314348167926,31.614041678369965,51.9977080910772,-0.138709,0.223586,-0.320145,0.513327,-0.0617966,0.176708,0.837527
1.531446933746338,0.14475377231403883,0.7365096458062211,1.50590841436344,-0.006765239617030023,0.08551211488669519,-0.03775811890294973,0.0534751,0.348804,0.268685,0.307945,0.715592,0.413409,-0.471372,-0.129348,0.334546,-0.233241,0.644643,0.276599,0.550201,-0.452999,45.07561356582353,-1.5751965263934817,2.4755280846833614,2.5380738908069596,-6.1677759923086555,-20.261473391442294,31.568320581909063,52.013123138665534,-0.138724,0.227449,-0.320694,0.512135,-0.0531036,0.170133,0.84021
1.5594465732574463,-0.06995710319565428,0.5862024172911167,1.6600221532556498,-0.010415897868468693,0.09978937558366528,-0.030044929476007176,0.05349,0.348811,0.268691,0.3079,0.715663,0.413264,-0.47142,-0.129932,0.336586,-0.232435,0.640667,0.27759,0.553311,-0.454242,44.62694060251838,-1.9629845206040146,2.5467930286951876,2.574273742762692,-6.693986027805053,-19.50169510476632,31.194459558660505,52.71607925173079,-0.139285,0.23029,-0.320681,0.512134,-0.0521689,0.165427,0.841208
1.5880489349365234,-0.025090170413766006,0.5240837166642173,1.5764717161791608,-0.01109695930048593,0.095653686880501,-0.026589174066785685,0.0534847,0.348795,0.268713,0.307824,0.715694,0.413394,-0.471309,-0.130518,0.341091,-0.230813,0.640211,0.281331,0.558191,-0.446549,43.735351688826114,-1.4886811082288656,1.9959991711832075,2.175381449732466,-7.312197428645007,-19.510069986820177,30.437903183622126,52.09712593008572,-0.139689,0.236333,-0.321065,0.51117,-0.0440483,0.160313,0.843246
1.6165952682495117,-0.05701044360993987,0.5696079488156357,1.5248691695228944,-0.007574766461960902,0.09314168295832662,-0.028485099921298267,0.0535398,0.348774,0.268778,0.307409,0.716287,0.412941,-0.471076,-0.131407,0.345438,-0.228883,0.635996,0.286954,0.562969,-0.44298,42.714238053572075,-1.4236151731362243,1.8782572491322398,2.8494516751840706,-6.82884281696159,-18.960347319347143,30.147869393176126,51.59875907812194,-0.140916,0.242275,-0.321064,0.512137,-0.0390669,0.152294,0.844391
1.6451025009155273,0.0003421978784415092,0.45830843061114007,1.5086604659969471,-0.009060386062894159,0.09091013719337865,-0.022035968691446764,0.0535535,0.348767,0.268786,0.307366,0.71632,0.412981,-0.471019,-0.132083,0.348934,-0.227483,0.633483,0.291854,0.567406,-0.437688,41.75621306285721,-1.1427778628627108,1.6404161391353043,3.5634900612280767,-6.822607359777557,-19.2860938498387,30.407478460457213,51.43632696635208,-0.141844,0.247035,-0.320959,0.512926,-0.0364474,0.146782,0.845005
1.6749024391174316,0.05582397297540182,0.42235526115191985,1.5160380299698009,-0.009710026345919486,0.08807168418433405,-0.01902812524149107,0.0535509,0.348769,0.268789,0.307297,0.716331,0.412908,-0.471111,-0.133338,0.353078,-0.225433,0.629191,0.295584,0.572558,-0.434657,40.81010499881345,-1.1994027698012681,1.4899465118228647,3.518819530937055,-6.942623418971678,-18.51912271599418,29.710918567181707,51.23221061566001,-0.142967,0.253216,-0.320703,0.509618,-0.0311544,0.140515,0.848278
1.7032427787780762,0.03619252159423432,0.3738672304878944,1.456502663750483,-0.009484973797107983,0.08664912075135296,-0.017622218568255174,0.0535346,0.34878,0.268806,0.307368,0.716288,0.412962,-0.471083,-0.134372,0.357374,-0.223348,0.627916,0.300129,0.578428,-0.425518,39.66061159392088,-0.6993554138345539,0.8305411883470537,3.8700609917065663,-7.27535951438238,-18.844841940480315,29.5963139434635,50.7882908777401,-0.144333,0.25907,-0.320347,0.509288,-0.0264197,0.131645,0.850057
1.730992078781128,0.023784914466616777,0.4410589882195166,1.409124966074408,-0.0038902393779537024,0.08298564205696556,-0.02080492649081902,0.0535299,0.348775,0.268802,0.307351,0.716278,0.413034,-0.471046,-0.135326,0.360563,-0.221835,0.622492,0.305928,0.581565,-0.425081,38.78215118926616,-0.7789610428624298,1.1634088824174391,4.582071430667195,-6.3661965527944915,-18.541957180374453,29.81535082943991,50.387494290250636,-0.146041,0.263322,-0.319605,0.515,-0.0252069,0.128305,0.847158
1.7584939002990723,0.024270851893172685,0.4286690235503954,1.4143436686943596,-0.004507977616129387,0.08261604707095699,-0.019235313494368893,0.0535392,0.348777,0.268799,0.307325,0.716272,0.413003,-0.471099,-0.135836,0.362562,-0.220713,0.621969,0.304877,0.585897,-0.42063,38.32472225629363,-0.8004099046735407,0.5430979531318929,4.270922998830482,-7.82335401925053,-18.284045574619505,29.26292884216527,51.07150694594238,-0.146636,0.266244,-0.319359,0.515269,-0.0205124,0.124173,0.847737
1.785780668258667,0.05739295875021543,0.3751117251138436,1.353367677572101,-0.007335654145915735,0.07781348859629993,-0.015357272091674284,0.0535552,0.348792,0.268824,0.306969,0.71647,0.412903,-0.471118,-0.136557,0.366664,-0.218446,0.619639,0.310154,0.588721,-0.416246,37.52186908136324,-0.4792555782429586,0.4278701513199632,4.023258277331976,-7.215396153258489,-17.645066228846126,28.339594133363093,49.68233620480924,-0.147662,0.272401,-0.318958,0.512947,-0.012865,0.116841,0.850334
1.8134148120880127,0.03898165902880191,0.3989015860863653,1.32556490318914,-0.0025364001432970763,0.07716489562929343,-0.018545501586629345,0.0535445,0.348777,0.268816,0.307204,0.716421,0.412854,-0.471082,-0.137408,0.370762,-0.216278,0.615208,0.314912,0.593987,-0.411739,36.40228792807173,-0.42836139940837636,0.24148891145564022,4.3236211212041304,-7.454154812859855,-17.41307455232419,28.167038565257474,49.650889909165215,-0.148735,0.27794,-0.318513,0.512946,-0.00751124,0.107562,0.851622
1.8411848545074463,0.06222266771235831,0.4335429870070513,1.2909789352590735,0.0005975456552482185,0.07577405874152547,-0.020872755574329042,0.0535627,0.348794,0.268831,0.306897,0.716534,0.412853,-0.471112,-0.137622,0.372798,-0.215161,0.613016,0.319076,0.595153,-0.410115,35.90792972327036,-0.24992776337878464,0.36076778192943415,4.823716399281938,-6.861333975618372,-17.363202454428112,28.235969645063086,49.19540082017612,-0.150081,0.280712,-0.31768,0.520802,-0.00629105,0.109253,0.846634
1.8693795204162598,0.12958303951444908,0.3475474533083312,1.2562262935671982,-0.0019176002586471627,0.07098506714915845,-0.014605633505639752,0.0535391,0.348786,0.268812,0.307284,0.716228,0.413083,-0.471122,-0.137943,0.376867,-0.212895,0.606848,0.324243,0.598919,-0.409753,34.94953400346554,-0.42415421536034437,0.6923851206261258,4.6948537244362285,-7.040421039776689,-16.53680999801903,27.528638628748507,49.11871280043948,-0.1508,0.287215,-0.316997,0.522101,-0.00123957,0.108652,0.845934
1.8972949981689453,0.14864828177696182,0.3820578689162072,1.2218576566979984,-0.00028536900558829545,0.0691193296263393,-0.016419965087636896,0.0535412,0.348789,0.268823,0.307061,0.716411,0.412912,-0.471139,-0.138097,0.380084,-0.211273,0.604807,0.326135,0.603154,-0.40503,34.23676634481275,-0.35911841636612163,0.2531995413994359,4.57787204568001,-8.2830337258168,-16.43184946017471,27.143025267537244,49.57630050890728,-0.150876,0.292,-0.316117,0.521966,0.00248212,0.108013,0.846096
1.9246504306793213,0.14493583098587096,0.40686208587565736,1.1914614172344586,0.0025470660149646157,0.0673471723458442,-0.018549467921253924,0.0535742,0.34877,0.268849,0.306969,0.71665,0.412627,-0.471087,-0.137978,0.384111,-0.208993,0.600459,0.332706,0.605159,-0.40316,33.37499163655968,-0.19793101265546564,0.4972187686576177,4.536468848003921,-7.753587152235866,-15.818507086570868,26.46382287705659,48.6778458508497,-0.151397,0.297759,-0.315832,0.521985,0.00840967,0.0924372,0.847889
1.949505090713501,0.10406650362247874,0.3785688266797251,1.2278399774398203,0.005254409838823318,0.07018668427394084,-0.01805088042997509,0.0535866,0.348762,0.268859,0.306902,0.716696,0.412593,-0.471089,-0.137848,0.386212,-0.207832,0.597836,0.336362,0.6069,-0.401404,32.81512341252301,-0.09795803718906715,0.5643378865145685,4.961988444975269,-7.802458984358509,-15.851883024399015,26.539025297414874,48.730433539424965,-0.151453,0.300691,-0.315329,0.522596,0.0112172,0.0894143,0.847805
1.9745957851409912,-0.012862844122839497,0.29717191477016736,1.1627952237227603,0.002881168352051013,0.067587480414735,-0.011052574454490626,0.0536182,0.348775,0.268903,0.306693,0.716907,0.41241,-0.471065,-0.137247,0.390592,-0.205395,0.5926,0.343301,0.610088,-0.39845,31.76711390625181,0.05270960392048796,0.7155877199318574,5.5147924113894575,-8.162254043974322,-15.664944600031532,26.34163815997927,48.85641102455313,-0.151717,0.307069,-0.314384,0.524845,0.0167002,0.0817891,0.847095
2.0034005641937256,0.03845578901612897,0.24929904911738995,1.1327503974371063,0.0014272016346075645,0.06512553027455283,-0.007628669059492922,0.0536349,0.348773,0.268958,0.306217,0.716827,0.412338,-0.471558,-0.137025,0.395032,-0.202871,0.58762,0.348644,0.614842,-0.393853,30.663520883333536,0.20006015521135634,0.545339162536429,6.059734309382954,-9.652707266550308,-15.945266634762739,26.44523497348869,49.84966327624921,-0.151391,0.313334,-0.313193,0.520475,0.0211399,0.0745831,0.850351
2.0303492546081543,-0.0013316805248391728,0.3129600736645792,1.1116416098334037,0.0035217080790306086,0.0654323716242128,-0.01159022321193,0.053633,0.348763,0.268966,0.306133,0.716911,0.412235,-0.471576,-0.136981,0.396962,-0.201602,0.586833,0.351794,0.615092,-0.391828,30.321306703250663,0.4593163275581533,0.5608057789919201,5.64682339071814,-9.208838702329778,-15.657359469521893,25.805866570956997,48.84207670510386,-0.151445,0.316505,-0.312704,0.521331,0.0255598,0.0729865,0.849844
2.0576164722442627,-0.0627010437096433,0.27902122255115575,1.0985054695043943,0.005057905189185448,0.06661729005805164,-0.010622080158550817,0.0536708,0.348748,0.269001,0.306338,0.717067,0.411998,-0.471412,-0.136818,0.401167,-0.198855,0.581936,0.358358,0.6178,-0.388913,29.304490767328755,0.610471006465449,0.7160163123824361,5.521406310027196,-8.847778424917358,-15.107900668537503,25.19089407675742,48.0641895755687,-0.151742,0.322734,-0.311542,0.520821,0.0318665,0.0628642,0.850751
2.086409568786621,-0.06532612714463691,0.21471411311142313,1.060457934403368,0.0037980538189658574,0.06424061071661699,-0.006502266408089184,0.0536945,0.348748,0.269062,0.30655,0.717222,0.411831,-0.471185,-0.13671,0.404449,-0.196718,0.577377,0.36154,0.621925,-0.386177,28.42789722393718,0.4690767739642361,0.6222807507822168,5.595809695179813,-9.656825448044565,-14.737304136930462,24.97468649090899,48.64160813424612,-0.152248,0.327453,-0.310407,0.523921,0.036795,0.0578476,0.849003
2.1109304428100586,-0.008486257312098308,0.15899753788300997,1.026911580127293,0.0019182939611223314,0.060997400438347824,-0.0029433889894184824,0.0536837,0.348712,0.269077,0.306693,0.716719,0.411335,-0.472289,-0.136662,0.407617,-0.194501,0.574198,0.366581,0.62398,-0.382838,27.573770619496592,0.8219350441255315,0.5684943805631821,5.33330866851643,-10.371178875611676,-15.143695517484673,24.82023363319762,48.54494512865535,-0.152763,0.332409,-0.309132,0.524416,0.0398104,0.0523149,0.848921
2.1395280361175537,0.07418893336907524,0.11241951831584039,0.9319681236568941,0.002390280784927899,0.053254791876486414,-0.0002102889721154036,0.0537123,0.348723,0.269168,0.306763,0.717105,0.411537,-0.471481,-0.137002,0.410582,-0.192283,0.571206,0.367607,0.62885,-0.378334,26.831928518479756,0.6181621854031674,0.16784872727373745,5.155964882006636,-11.105412917839288,-14.413888805734608,24.3631611125754,48.95026681895632,-0.153531,0.336679,-0.307839,0.526988,0.0452394,0.0476663,0.847328
2.168519973754883,0.0031605814704513922,0.23561681559111583,0.9250967198369148,0.006833631529582667,0.05622914614644513,-0.006799570017023266,0.0537377,0.34872,0.269191,0.30677,0.717128,0.411509,-0.471467,-0.137603,0.414258,-0.189338,0.566375,0.372982,0.632553,-0.37414,25.783972705413664,0.7382313602948187,0.10715959224511984,5.34363355981036,-10.756814412300429,-14.06886143349351,24.115668501399004,48.43094511788707,-0.154618,0.342323,-0.306201,0.528803,0.0518866,0.0409208,0.846168
2.1949026584625244,0.020144528602127513,0.23923580194473018,0.8919779059153146,0.008384019035771694,0.05455761171525952,-0.009022881626853115,0.0537359,0.348721,0.269184,0.306801,0.717124,0.411545,-0.471419,-0.137949,0.416832,-0.187093,0.563618,0.376978,0.635245,-0.36971,24.99207362278288,0.9425985177494027,-0.0667536526471526,5.599875743265631,-10.58071334918489,-13.929212013465651,23.941460076309053,48.01827558233627,-0.155765,0.346467,-0.304614,0.529206,0.0523295,0.037588,0.846044
2.2237393856048584,-0.009923278334380382,0.25548706591704157,0.872121800196522,0.009151459227949209,0.05248737663581517,-0.010219221751749708,0.0537054,0.348707,0.269204,0.306888,0.716786,0.411851,-0.47161,-0.138181,0.420549,-0.184097,0.558661,0.383608,0.637845,-0.365918,23.949506640234237,1.2297004133453147,0.05972441648304816,5.7335908098422586,-10.249426424819958,-13.924663233728197,23.80464729258596,47.38392901471973,-0.155826,0.35226,-0.303263,0.525154,0.064458,0.0302256,0.848024
2.2527260780334473,0.08029813057047258,0.228926365058408,0.8226742471612453,0.010028256919909783,0.0474268526147407,-0.009269026954902374,0.0537179,0.348701,0.269228,0.306686,0.716885,0.411703,-0.471721,-0.138425,0.424301,-0.181022,0.553536,0.386431,0.642384,-0.362784,23.044531827310873,1.0618267727184225,-0.1110787724077511,5.320774713282255,-11.199235409407976,-13.187278638243981,23.201732492702316,47.83646821328322,-0.157291,0.358045,-0.30061,0.529638,0.0669927,0.0323201,0.844956
2.281036138534546,0.05944859902078357,0.18060360132155964,0.7850660240006245,0.010112191414699276,0.04341659484289776,-0.00545427994707977,0.0537861,0.348754,0.269253,0.308451,0.716701,0.412279,-0.470345,-0.13844,0.426136,-0.179479,0.549862,0.38914,0.644156,-0.362332,22.419968967998127,0.8685264383875886,0.24485719174116127,4.603457251816085,-10.11327473771086,-12.451071333017133,22.813489180623247,46.79515047652488,-0.157773,0.360813,-0.299837,0.531466,0.0725717,0.0247015,0.843603
2.3120195865631104,0.1065400681367659,0.08898890069121328,0.748858104439648,0.006157542524829319,0.04308280808315176,0.0009561732157299035,0.053823,0.348775,0.269275,0.307977,0.716935,0.412832,-0.469813,-0.138989,0.430494,-0.175411,0.544804,0.395706,0.647191,-0.35742,21.384387412663333,1.1021510946355875,0.2745452506096875,4.418084286842898,-8.954443215440406,-11.429194486706066,21.869536285132238,45.22527182417788,-0.158933,0.367737,-0.296928,0.529319,0.0795664,0.0188654,0.844473
2.338001012802124,0.06977779817641118,0.1270112507198424,0.7507154228770336,0.008939659639989876,0.04345174766410575,-0.0017959697531829235,0.0538223,0.34876,0.269288,0.307918,0.716981,0.41282,-0.469792,-0.139497,0.432075,-0.173863,0.542915,0.396513,0.649807,-0.354644,20.924039599002096,1.0469688497187128,0.02802858619603832,4.248261858966071,-9.30963691925723,-11.158793852466928,21.56122852794071,45.367096387063725,-0.159346,0.370571,-0.29571,0.526685,0.0809098,0.0166694,0.846037
2.363770008087158,-0.013108535843606998,0.23272595205858593,0.6710167900036642,0.0111920105534426,0.04014903995328062,-0.00663482237438097,0.0538232,0.348758,0.269306,0.307821,0.717047,0.412687,-0.469872,-0.140161,0.435197,-0.170558,0.538943,0.401325,0.652784,-0.349789,19.96803605352001,1.2456173333948328,-0.14636838198465618,4.220785424894871,-8.758785319648908,-10.675772357418786,20.87909661920516,44.497081294977136,-0.160589,0.375459,-0.293626,0.527964,0.0894939,0.00917245,0.844489
2.3925154209136963,0.08907380662681298,0.12780548437510506,0.6488444610967284,0.009157335124161947,0.03599697346517705,-0.001273872495611949,0.053802,0.348726,0.269305,0.308224,0.716602,0.412327,-0.470601,-0.140473,0.437472,-0.168155,0.531964,0.407682,0.654324,-0.350243,19.018092889782615,1.296351097266344,0.36550669073315234,4.861126016317268,-7.8991472691494025,-10.776228025467006,21.137034791520925,44.10384173954929,-0.161527,0.379451,-0.291357,0.529414,0.0937977,0.0133635,0.843056
2.421830177307129,0.11320327415346074,0.10125280494553085,0.6346934200295515,0.010083028926928911,0.03548992502743646,-0.0005546092335234219,0.0538282,0.348777,0.269308,0.307761,0.717047,0.412748,-0.469857,-0.14084,0.439768,-0.165826,0.529498,0.410294,0.656494,-0.34685,18.499606412845523,1.3248550720633094,0.25348546548045015,4.778272485776338,-7.251374997989075,-9.905783313629875,20.419057658804952,43.30055592908694,-0.162187,0.383057,-0.29047,0.527155,0.101411,-0.00112932,0.843696
2.4497244358062744,0.1522334426366067,0.04876882493082452,0.5581307432825336,0.008393107947383483,0.030387840900766457,0.00278645444256894,0.0538432,0.348764,0.269332,0.307702,0.717042,0.412835,-0.469828,-0.141102,0.4421,-0.163507,0.525627,0.412977,0.658829,-0.345124,17.884764594440806,1.2692931430158172,0.29180697652877186,4.47330927483895,-7.2268616489232045,-9.412623302591747,19.76603910389184,43.06932452279336,-0.162798,0.386839,-0.288563,0.526942,0.103453,-0.00544772,0.843564
2.479154586791992,0.12860850775540283,-0.007318667593037892,0.49646959757601583,0.008163612043160635,0.027354340082137725,0.006378695616168667,0.0538645,0.34876,0.269364,0.307502,0.717214,0.412642,-0.469866,-0.141687,0.445227,-0.160434,0.521369,0.414635,0.664731,-0.338209,16.814518070143514,1.1397803889490028,-0.34915505855324547,4.675359942888452,-8.737260046078518,-9.463291348981805,19.83477334983666,44.34981276573636,-0.163409,0.391652,-0.286247,0.525302,0.108542,-0.0109446,0.843894
2.5097298622131348,0.18663575452165262,0.0213461961946829,0.4987178242377563,0.00872766723836073,0.026766726987556215,0.0038969924920814808,0.0538519,0.348723,0.269372,0.308036,0.716702,0.412402,-0.470507,-0.142021,0.447616,-0.157589,0.516078,0.420381,0.66613,-0.336472,15.88682401929078,1.35297720708399,-0.099397006037524,4.6611042651250045,-7.994023458580777,-9.517465867570756,19.529910112908613,43.509970880352064,-0.16406,0.396048,-0.28389,0.522838,0.111848,-0.0155523,0.844919
2.53786563873291,0.03238373791223322,0.08956375489902922,0.5112418424585652,0.012519777401258536,0.027350987730707762,-2.3886169822482304e-05,0.0538711,0.348736,0.269393,0.307817,0.716883,0.412329,-0.470438,-0.142354,0.449334,-0.155535,0.513024,0.423094,0.667868,-0.33429,15.342012556444836,1.373065499062042,-0.12731005353127678,4.768207208902414,-7.548322376958403,-9.072903981147398,19.220423266462937,43.06729161688379,-0.164498,0.398916,-0.282279,0.521689,0.115721,-0.0187445,0.845043
2.5654735565185547,0.007358442034841026,0.048285086534504675,0.44463504220181316,0.012922138381415597,0.024182180796393875,0.0019192744798971725,0.0539019,0.34873,0.269442,0.307171,0.716915,0.412595,-0.470579,-0.142446,0.451647,-0.152993,0.509671,0.425129,0.670091,-0.332382,14.85545402251001,1.3341773503150662,-0.17079460166391947,4.390983319869516,-7.930237527614921,-8.416771484995515,18.375550273122453,43.07539183767934,-0.165693,0.402802,-0.280455,0.525734,0.120675,-0.0265862,0.841626
2.5948903560638428,0.0833596168946892,0.02978838563850467,0.389131123294748,0.008544971183363899,0.019808435659867445,0.003565794177315077,0.0539084,0.348725,0.269447,0.307264,0.716844,0.412676,-0.470554,-0.142574,0.453535,-0.150989,0.507992,0.42642,0.671819,-0.329802,14.42899227114424,1.3631278711761556,-0.32848228638346555,3.516734660771906,-8.250241143887628,-8.017878115610337,17.414034171531046,42.82109060929369,-0.165603,0.405676,-0.278774,0.523842,0.125509,-0.0272165,0.842078
2.6233696937561035,0.0705703275479892,0.05861947437149922,0.40547021477482,0.012067504213410117,0.020314070787065857,0.0016665386496637017,0.0539225,0.34873,0.269483,0.306773,0.717133,0.412567,-0.47053,-0.14245,0.455672,-0.148558,0.502849,0.431163,0.67358,-0.327919,13.675604898834726,1.407047954795205,-0.16969259476730336,4.328046747874289,-7.763438629696758,-7.793963871389238,17.623932118610742,42.65711249943332,-0.16603,0.409643,-0.27662,0.522955,0.127838,-0.02995,0.842186
2.652357339859009,0.08907237457634493,0.15024575228104473,0.42778969393597394,0.008925139055882872,0.01695286278113776,-0.0045778368634192355,0.0539424,0.348734,0.269505,0.306633,0.717285,0.41243,-0.470511,-0.14268,0.457866,-0.146071,0.501849,0.433369,0.675857,-0.321801,13.026174793899303,1.6308981026047338,-0.6821371831472209,3.8507884428699697,-8.152960536847935,-7.742687527577566,17.03660133981996,42.42354469557067,-0.166581,0.413143,-0.274769,0.523402,0.132149,-0.0370848,0.840959
2.6787962913513184,0.17457676487708584,-0.03678177003069788,0.40036128589026243,0.0033703382520236425,0.008506865032827623,0.002749326185438357,0.0539423,0.348732,0.269511,0.306645,0.717229,0.412538,-0.470493,-0.142565,0.459025,-0.144796,0.499073,0.43633,0.675847,-0.322137,12.704519955552168,1.7031948221977267,-0.3893802038263132,3.8048158840190744,-7.476789846047744,-7.536394558192889,16.761703887642515,41.76457258784655,-0.166797,0.415125,-0.273658,0.523341,0.133261,-0.0389894,0.840735
2.7063703536987305,0.26771792968441044,-0.1543089042705581,0.3965630236347216,-0.007861091942365317,-0.004992012014699559,0.007773206825037923,0.0539537,0.348753,0.26953,0.306495,0.717339,0.412624,-0.470348,-0.142396,0.460793,-0.142941,0.49727,0.436558,0.678316,-0.319417,12.30983507715377,1.5866304334655315,-0.6402713602554861,3.2063893592129133,-8.506871398574845,-7.134991927325089,16.06356093687871,42.38118316689459,-0.166841,0.418133,-0.271701,0.522154,0.134601,-0.0397325,0.841225
2.7370169162750244,0.44132405602105634,-0.24040815517624023,0.26778990810499254,-0.00741170785087801,-0.01757508243783369,0.010186162771948754,0.0539612,0.348724,0.269544,0.306445,0.71736,0.412438,-0.470512,-0.142122,0.463168,-0.140243,0.491008,0.441673,0.680183,-0.318099,11.43037920529244,1.599831250301163,-0.3705238206946433,3.6928006253532963,-8.23752895564202,-7.1129501893035965,16.2005213750765,42.329021176789645,-0.167154,0.422094,-0.269402,0.522919,0.139921,-0.0421586,0.839762
2.7642784118652344,0.304074082932846,-0.06630681869656742,0.19168079750431255,0.0017767329999293252,-0.0020327653824228236,0.004232560148789785,0.0540169,0.348753,0.26964,0.304837,0.717439,0.412751,-0.471161,-0.142269,0.465319,-0.137646,0.4884,0.443246,0.682343,-0.315288,11.051711202323663,1.6432610081796675,-0.6160392858986068,3.642133291812769,-9.095791444092185,-6.644882277442214,15.694271807802004,42.841161733969955,-0.167902,0.425553,-0.267254,0.524017,0.144581,-0.0472489,0.838016
2.7924563884735107,0.058534935178901695,0.016922936364779418,0.28481211537363615,0.006783142841262679,0.012065288101876775,0.0031814561855487084,0.0540654,0.348791,0.269686,0.3051,0.717381,0.413058,-0.470809,-0.142387,0.466795,-0.135874,0.483689,0.446836,0.683931,-0.314041,10.385358341206045,1.627672423359467,-0.3726273818080923,4.228091994477129,-8.43202867614928,-6.754113343796483,16.08174707757024,42.56687486779543,-0.168515,0.427904,-0.265809,0.525164,0.14739,-0.0508653,0.836595
2.822248935699463,0.10184320066758958,-0.11507140104145785,0.2071049916868907,0.004720632124830751,0.002788892906469755,0.009361479029951226,0.05408,0.34878,0.269698,0.304945,0.717401,0.413162,-0.470789,-0.142379,0.468485,-0.133506,0.479385,0.449643,0.686588,-0.310818,9.639993262445234,1.601832783613455,-0.45963141298560295,4.807815282547793,-8.743239954793111,-6.697219924814135,16.342741290484078,43.03568136442874,-0.169291,0.430956,-0.263842,0.526602,0.151853,-0.0548668,0.834638
2.850780487060547,0.12313248170685281,-0.12194694014945427,0.17500527208386316,0.0015634494783929647,-0.0008317325825152486,0.010019601228993699,0.0540777,0.348779,0.269705,0.30512,0.717337,0.413188,-0.47075,-0.142502,0.469304,-0.132422,0.479687,0.450446,0.685307,-0.312015,9.737170122957014,1.707425217057061,-0.26510701771906575,3.201163546893195,-7.78342675741505,-5.8247173775730445,14.614915160704514,41.399689446209784,-0.169341,0.432577,-0.262643,0.524099,0.152173,-0.0547039,0.836164
2.876408338546753,0.17039165055784522,-0.08146871065358435,0.10719255373213062,0.004979180576394241,-0.003659872404706664,0.007165375561104009,0.0540514,0.348772,0.269714,0.305097,0.717366,0.413109,-0.47079,-0.142879,0.470759,-0.130468,0.477569,0.451383,0.68696,-0.310269,9.3538466816587,1.6424023568748574,-0.3679899561176807,2.494708712266391,-7.817818053983885,-5.32139999988614,13.854699350958416,41.1506716862906,-0.170084,0.435007,-0.260696,0.523562,0.155276,-0.055298,0.835892
2.9040515422821045,0.1731721119594515,-0.09227513861825137,0.14878628741216607,0.005503723752891834,0.00042989907875071675,0.00824132210746082,0.0540687,0.348788,0.269733,0.304863,0.717465,0.4131,-0.470798,-0.143124,0.471371,-0.129591,0.473874,0.452465,0.68988,-0.307871,8.779860668346243,1.4581625535146365,-0.5069671681672983,3.93214588693748,-8.443189379162092,-5.798639711165315,15.214028639072106,42.448660098637184,-0.170841,0.435856,-0.260289,0.526075,0.158746,-0.0591539,0.833394
2.934000015258789,0.08534910889339638,-0.021273253952752074,0.16435580460798754,0.007468727264486547,0.003244523524313395,0.005735170405028374,0.0540783,0.3488,0.269748,0.30487,0.717396,0.413245,-0.470771,-0.143674,0.472561,-0.127945,0.475523,0.452439,0.689123,-0.307061,8.890158846468767,1.6244744329827192,-0.6074004999068148,1.6582048763663266,-7.652125994272097,-4.730849295263141,12.93536936258293,40.63559694769115,-0.171292,0.438229,-0.258754,0.522065,0.159676,-0.0624897,0.835492
2.9622621536254883,0.17924247381710265,-0.022993016882018404,0.11232852980466934,0.008686782044928064,-0.001520483920163723,0.00393748863660064,0.0541345,0.34881,0.269827,0.30536,0.716659,0.413725,-0.471156,-0.143939,0.473331,-0.126873,0.47169,0.453564,0.692069,-0.304678,8.233094228071627,1.5436805963892208,-0.6863547328202788,2.5365983553051095,-8.761237428480264,-5.808315337679197,14.252461064553342,42.099348744833286,-0.171751,0.439266,-0.257525,0.522603,0.161834,-0.0608048,0.834865
2.991821527481079,0.1469337249580644,-0.06328867841728239,0.0941178858208773,0.0059191790433841965,-0.0030802820090487133,0.00698948112426365,0.0541326,0.348819,0.269833,0.30545,0.716691,0.413604,-0.471154,-0.14395,0.473525,-0.126442,0.470104,0.453715,0.693115,-0.304527,8.041108372786447,1.411726424547215,-0.6722286837748257,2.844935141096112,-8.963795354812532,-5.7329957191498835,14.486872552115065,42.50983951383558,-0.171801,0.439925,-0.256935,0.521737,0.160211,-0.0598948,0.835784
3.020491123199463,0.07288410128503876,-0.07793945361525526,0.08823634477689839,0.003337359104583979,-0.00114553935225173,0.009321311666153912,0.054131,0.348828,0.269839,0.305351,0.716758,0.4136,-0.471119,-0.143875,0.474007,-0.126045,0.473836,0.45443,0.689988,-0.30478,8.440204342438236,1.8174435113203131,-0.658948683016968,0.8480351653281311,-7.787842326405894,-5.035093821802171,12.470205343297875,40.3140329698436,-0.172024,0.440438,-0.256776,0.523325,0.161622,-0.0626558,0.834316
3.0450425148010254,0.15270630042013694,-0.07361194734280865,0.08577000387836316,0.004503995046589447,1.7075632287967252e-05,0.0067194002620969496,0.054092,0.348796,0.269796,0.305146,0.716777,0.413165,-0.471604,-0.143816,0.474104,-0.12604,0.470508,0.455242,0.69275,-0.302447,7.876998543928552,1.6502617190210884,-0.8797496227867505,2.840788916686858,-9.154939034692177,-6.1907057796127845,14.600521256670481,42.45204132217752,-0.171856,0.440663,-0.256866,0.522831,0.162,-0.0632734,0.834506
3.07478928565979,0.042624522791135155,-0.15009457936756793,0.07855384011969657,0.0019615457124342707,-0.0007433024890763219,0.013542212492193366,0.0540925,0.34877,0.269807,0.305586,0.71607,0.413602,-0.472012,-0.143497,0.473994,-0.126329,0.469815,0.455522,0.692148,-0.304474,7.920174283264132,1.6981130489624423,-0.5995762149548209,2.6543377522869243,-9.537898867952514,-6.658662488679894,14.734587162420341,42.745540777578846,-0.171519,0.440434,-0.25726,0.523542,0.163215,-0.0643594,0.83374
3.1009485721588135,0.08726179394766757,-0.14807668832789608,0.08203164024195805,0.002566904839086769,0.0014431641448239825,0.012250605024246774,0.05414,0.348809,0.269848,0.305296,0.716667,0.413726,-0.471184,-0.143246,0.473762,-0.126616,0.470479,0.456269,0.690685,-0.305651,8.138107226922365,1.7362280649089268,-0.3801626193005152,2.7728691218313166,-8.250901994073963,-6.000157540703263,14.318685698646911,41.59038682453821,-0.171492,0.440025,-0.257506,0.524563,0.162344,-0.0636736,0.833321
3.1268937587738037,0.08099979842832752,-0.08989535771076419,0.09297660913672888,0.004000494275687723,0.002902343643366778,0.009352576997489424,0.0541277,0.348803,0.269835,0.305413,0.716483,0.413896,-0.471238,-0.142939,0.473084,-0.127601,0.470394,0.456082,0.690258,-0.307022,8.237430350680455,1.7162088040978745,-0.2268753413075295,3.426907564967536,-8.498284268181315,-6.448939677578721,15.041544670383857,42.13567601163906,-0.171096,0.43869,-0.258447,0.524836,0.161508,-0.0625039,0.8334
3.1536920070648193,0.04697951192864185,-0.2018119303326347,0.09526645024273955,0.001289734207005432,0.0036547603297793956,0.015514340500608388,0.0540955,0.348795,0.269732,0.30477,0.717372,0.413336,-0.470793,-0.142682,0.47194,-0.129184,0.471758,0.453847,0.689647,-0.309602,8.695192046126495,1.425293871213544,-0.1738899511593459,3.9677153350344234,-8.332022101894822,-5.729219444630516,15.144385644780028,42.421319975743245,-0.171092,0.436721,-0.259797,0.528272,0.158556,-0.0597305,0.831998
3.1811821460723877,0.006638398597190409,-0.22347205980609886,0.14537451707601368,0.0016556027818281796,0.00717728440988562,0.016920233120504738,0.0540654,0.348796,0.2697,0.304785,0.717335,0.413223,-0.47094,-0.142543,0.471278,-0.130216,0.475474,0.454167,0.685801,-0.311986,9.25424107595767,1.7710465691361694,0.030259317035877586,2.8853435005550274,-7.082849270225623,-5.492625030645215,14.096745295090283,40.59994124655108,-0.170893,0.435309,-0.260677,0.529193,0.157749,-0.0575565,0.83172
3.2087345123291016,0.03849819735706414,-0.1268430981966907,0.18123585272338144,0.0022207751584148133,0.008370605259963098,0.010921346747621527,0.0540179,0.348769,0.269652,0.304404,0.717373,0.412902,-0.471409,-0.14228,0.469505,-0.132658,0.473828,0.453538,0.686271,-0.314361,9.298778244032665,1.5363002146130231,0.19291251214525929,5.600909607142526,-7.914746588865917,-6.771189969031248,16.862879683056313,42.842109370484415,-0.170205,0.432217,-0.262681,0.528475,0.154101,-0.0525411,0.833191
3.2378759384155273,0.03908612173623262,-0.08058614540494449,0.21429799864481597,0.002792011042103688,0.009855413776233222,0.008448013559032122,0.0540053,0.348758,0.26959,0.304846,0.716941,0.412731,-0.47193,-0.142166,0.467769,-0.134826,0.480909,0.449315,0.682166,-0.318578,10.387870210906284,1.6935858038138605,0.2242941507011409,3.2491132942645216,-7.822660347121854,-6.229407990842773,14.93162140715138,41.58335399893682,-0.170031,0.429435,-0.264387,0.529436,0.148829,-0.0499134,0.8337
3.2665321826934814,0.05374446981859013,-0.11618221431993002,0.26386226125857126,0.0029847091568601597,0.012829483326411331,0.009555877914356515,0.0539567,0.348738,0.2695,0.306388,0.716898,0.412728,-0.470998,-0.142112,0.465273,-0.138014,0.484617,0.445136,0.680642,-0.322067,11.018561454145612,1.4348213015719686,0.3842281248382484,2.969016237277291,-7.591302266775145,-6.4326993357741244,15.273975795835945,41.65459494088793,-0.169453,0.42503,-0.267276,0.529888,0.146186,-0.0451349,0.834153
3.2947707176208496,0.024544432760468953,-0.036653036152442475,0.32597560120495916,0.0035229966933665153,0.018798695581850797,0.005356178269085394,0.0539405,0.348742,0.26947,0.306325,0.716997,0.412499,-0.471089,-0.142092,0.463177,-0.140611,0.488771,0.442397,0.678468,-0.324143,11.672829116467875,1.4637693776637093,0.3317579624678082,3.251352561210318,-7.5414030220715205,-6.792717866651834,15.779126443855523,41.768584900738404,-0.168927,0.421469,-0.26939,0.5297,0.142278,-0.0382102,0.835293
3.3240389823913574,0.07117228910931711,-0.04806987032533021,0.37027638463776724,0.003199910198538705,0.018869513945039374,0.004620981358443032,0.0538992,0.348737,0.269434,0.306571,0.716859,0.412617,-0.471035,-0.14175,0.46008,-0.1442,0.492333,0.439804,0.674827,-0.329831,12.551715681472025,1.4274519050472634,0.7478704993609906,3.9487220408575503,-6.947264596381338,-7.187007137955014,16.65137051493842,41.7641738499882,-0.168498,0.416325,-0.272411,0.530869,0.134842,-0.0345162,0.835945
3.353780508041382,0.1602781991739874,0.028798639521519908,0.3805690078533763,0.003336442287877042,0.019726087858546345,-0.0010786176861743485,0.0538929,0.348731,0.269414,0.306867,0.716645,0.412829,-0.470982,-0.141638,0.456917,-0.148023,0.497461,0.43471,0.672045,-0.334536,13.566029129657903,1.280287742754922,0.8707275743703082,3.9721890408313634,-7.22896295133372,-7.650142033399973,17.23564540789812,42.31127446863853,-0.167574,0.410904,-0.275469,0.530589,0.128275,-0.0271762,0.837426
3.381319046020508,0.0003200161072115513,0.04878364022599887,0.4515286508278643,0.004005070611270271,0.02565059063971903,-0.0002721392938659815,0.0538856,0.348722,0.269396,0.307272,0.716625,0.41273,-0.470836,-0.141511,0.455198,-0.149969,0.501113,0.432072,0.669683,-0.33723,14.190696251240078,1.2668044989294458,0.9531217449174463,3.403254780581225,-6.932730274143118,-7.589401039556954,16.962980385509574,41.881154901352424,-0.167169,0.407857,-0.277392,0.53214,0.127675,-0.026987,0.836539
3.4102962017059326,-0.027515864448383293,0.009359078249703862,0.5049857741862973,0.0026065495686044267,0.030132470102951215,0.0017484946249792558,0.0539022,0.348768,0.269373,0.307086,0.717094,0.412973,-0.47003,-0.141078,0.452697,-0.152885,0.504926,0.43019,0.666506,-0.340229,14.949013396249224,1.2835177038339118,1.1643591998588523,4.232205814268379,-5.967733008713758,-7.734015717526084,17.82488780317444,41.56334603226767,-0.166295,0.403963,-0.279557,0.532165,0.120127,-0.0198902,0.837839
3.4365572929382324,0.01517959768772194,0.021585104786805243,0.5456556430445685,0.001902349037602832,0.031258052606933144,-0.0001492523026723408,0.0538909,0.348755,0.269347,0.307193,0.717047,0.412789,-0.470193,-0.140526,0.449327,-0.156777,0.509447,0.426274,0.66312,-0.345,15.887915745336503,1.2054577876146002,1.3369020697544567,4.836718489939852,-6.230306019735664,-8.515177083775313,18.951408575991483,42.36894377853789,-0.164926,0.398049,-0.282938,0.53161,0.117553,-0.0135106,0.838683
3.4624626636505127,-0.02738046774049273,0.09092643839127414,0.6248495964373744,0.0057879054419829575,0.037321085981241994,-0.004771723376706125,0.0538809,0.348754,0.269337,0.307291,0.716963,0.412847,-0.470206,-0.140177,0.445906,-0.160689,0.516498,0.418547,0.661864,-0.346388,16.91185583794025,1.0147517812183704,0.8650415200390995,4.838501694981229,-8.183204529290684,-9.368084292942335,19.77003526512025,44.261997392586196,-0.163855,0.392145,-0.285955,0.532758,0.110137,-0.00686179,0.839042
3.492100715637207,-0.047947468983358214,0.17398788419592492,0.6444686804431348,0.0074448046946734145,0.03870549478026126,-0.008384758276202778,0.0538912,0.348745,0.269331,0.307498,0.716892,0.412913,-0.47012,-0.139688,0.444082,-0.162597,0.51997,0.417372,0.657734,-0.350454,17.64336335572734,1.1470814700272207,1.2250726980694786,4.249237844233246,-7.2350928505975105,-9.262674886351704,19.34245724490648,43.17593781848212,-0.163478,0.389114,-0.287552,0.53482,0.107782,-0.00623527,0.83804
3.5206236839294434,-0.034789172014444786,0.10861918501212649,0.6810378908014889,0.005983765592411373,0.041302497579088826,-0.005409514037437439,0.0538924,0.34874,0.269313,0.307413,0.716831,0.413072,-0.47013,-0.138974,0.440734,-0.166101,0.525656,0.412879,0.653573,-0.355048,18.763189079676355,1.1393247619611007,1.3725263262515988,4.167920458560637,-7.4298289001661075,-9.61004485706539,19.69652513873616,43.45159236571606,-0.16233,0.38366,-0.289915,0.535744,0.100527,0.00396187,0.838366
3.5469324588775635,-0.06303121864158068,0.05612252119768779,0.6906612398194735,0.003482395671328819,0.04236673927065509,-0.0024470793690550704,0.0538633,0.34871,0.269297,0.308012,0.716402,0.41262,-0.470789,-0.13864,0.438334,-0.168531,0.527604,0.411129,0.651022,-0.358856,19.23105660058007,1.1300960452153284,1.6071104762401216,4.502127795333752,-7.607841549901742,-10.555393080898916,20.669169315025158,44.03063975113444,-0.161557,0.379794,-0.291926,0.536765,0.0963814,0.00566652,0.83819
3.573528528213501,-0.05465813946145298,0.13748481654478034,0.7178993890263109,0.0009429835537662527,0.04365356056497747,-0.007573484971772149,0.0538505,0.348712,0.269302,0.307916,0.716503,0.412424,-0.470869,-0.13846,0.435353,-0.171698,0.534697,0.402988,0.650005,-0.359435,20.227373323367296,0.9368599382105067,0.9886881053663483,3.8794860003840377,-9.555113565220395,-11.053808846097702,20.977323091423276,45.565796857887214,-0.16064,0.374823,-0.293996,0.535483,0.0884267,0.0119698,0.839818
3.602710008621216,-0.04498453045404016,0.12189756977874917,0.7459339004076061,0.0021795279662052145,0.04567482290963854,-0.007725712082649464,0.0538702,0.348747,0.269307,0.307446,0.716944,0.412799,-0.470176,-0.13807,0.433714,-0.173187,0.536515,0.402818,0.646887,-0.362528,20.79149702153572,0.9701910007925889,1.3585319087841725,4.463438754032541,-8.15074558949982,-10.779543512880586,21.25266722578676,44.740515305433604,-0.160049,0.372397,-0.295116,0.534925,0.0850378,0.0135702,0.8405
3.629812240600586,-0.025133523335096077,0.07243358368192655,0.7583527691847624,0.001165508882793168,0.04502231525935204,-0.004402264767688925,0.0539041,0.348741,0.269312,0.307565,0.716799,0.413049,-0.4701,-0.137376,0.430763,-0.176202,0.540331,0.397601,0.64494,-0.366072,21.628713510630366,0.7407000604481713,1.3689981827322395,4.611282223774555,-9.271493540769256,-11.361353826766617,22.088742537225247,46.13280859342955,-0.158871,0.367474,-0.297203,0.535913,0.0806615,0.0212857,0.840141
3.6596052646636963,-0.08806606926689711,0.05885925925512233,0.8040882952125447,-0.0013784595871350917,0.04843694973512458,-0.002403004394297938,0.0539127,0.34874,0.269307,0.307548,0.716823,0.412936,-0.470174,-0.136786,0.42844,-0.17841,0.543562,0.395036,0.641985,-0.369246,22.313486176016802,0.7303462775153786,1.5024864882816935,4.683641331863555,-9.313268622757157,-11.703308032554297,22.32004814624977,46.357312744163934,-0.158522,0.363644,-0.298773,0.540652,0.0769712,0.0252368,0.837337
3.6901581287384033,-0.10877279811795428,0.02319062558799626,0.8560403033113734,-0.00039676185114557506,0.051138416305140606,-0.0018876511458519464,0.0538596,0.348707,0.269292,0.308155,0.716396,0.412563,-0.470753,-0.136047,0.425246,-0.181473,0.547268,0.392186,0.637365,-0.374773,23.170873696815132,0.7484379511583832,1.8661519405738023,4.347908149988765,-9.362132853398691,-12.498870717256004,22.81992031606339,46.52638528627177,-0.156951,0.358667,-0.300823,0.537634,0.0703919,0.0301697,0.839693
3.7154810428619385,-0.07469128949893024,0.0026833726320990136,0.8854757063368337,-0.00473047554804775,0.05390762934358443,-0.0012580668603741421,0.0538349,0.348711,0.269276,0.308124,0.716427,0.41241,-0.47086,-0.135174,0.421971,-0.184503,0.553198,0.387116,0.632936,-0.378821,24.29819564546646,0.7359351469410154,1.9039639620434983,3.659542850218333,-9.81109717737916,-12.727909785456667,22.62892805066794,46.702395741965994,-0.155741,0.353698,-0.302433,0.535563,0.0607315,0.0364375,0.84152
3.744920015335083,-0.09575233449656596,0.06420615954090615,0.9269453717692674,-0.0021076342537287985,0.057214822796937535,-0.004798563044944452,0.0537935,0.34867,0.269238,0.306335,0.71691,0.411578,-0.47202,-0.134237,0.419427,-0.186812,0.552861,0.387661,0.629104,-0.385086,24.912202454685296,0.7011823480341803,2.431167292996051,5.83228026321294,-9.74427266909413,-13.56651431535191,23.848078742321558,48.04636155667532,-0.15483,0.34935,-0.304074,0.538653,0.0592253,0.0416138,0.839413
3.7748606204986572,-0.06854113429381517,0.03568366499280399,0.97548669742918,-0.0034142839850261936,0.05921057856813653,-0.0024247863324780095,0.0538174,0.348664,0.26924,0.306524,0.71681,0.411723,-0.471922,-0.133224,0.415863,-0.189925,0.558015,0.382205,0.624556,-0.390472,26.08310939591629,0.5477052757797267,2.6417419668598807,5.108500715792427,-10.180513629006072,-13.69562875582944,23.719349739907585,48.37403523930083,-0.154206,0.343568,-0.305787,0.543719,0.0524013,0.0501924,0.836124
3.8048555850982666,-0.03864365006356321,0.12317711883873118,0.9719524491390276,-0.0009713793621931103,0.06044251794520181,-0.008937785346232742,0.0538751,0.348743,0.269271,0.307807,0.716854,0.412773,-0.470099,-0.132397,0.412068,-0.193052,0.562307,0.378786,0.619498,-0.39567,27.088783041406742,0.3621071516409984,3.2015586026357052,4.763284827812694,-8.425123222617906,-13.546753337999249,23.82302628989915,47.35739349464804,-0.152949,0.337702,-0.307922,0.544794,0.0474793,0.0515646,0.835635
3.8336374759674072,-0.1376037695111626,0.29580472058212803,1.0824391991948776,0.003548202633865968,0.0690439395783823,-0.018845238528922486,0.0537948,0.348685,0.269192,0.306355,0.717212,0.411258,-0.471827,-0.131879,0.409167,-0.195349,0.566251,0.374351,0.617051,-0.398082,27.884901860171087,0.37894693282730696,2.845681288518522,5.390953821927884,-10.187043300917345,-14.45682336323788,24.484681031406204,49.15623458081157,-0.151632,0.333259,-0.309081,0.540981,0.041944,0.0582191,0.837968
3.8626694679260254,-0.21308362368330613,0.3198732971823363,1.1050577575261356,0.0032963229605395055,0.07016731839828376,-0.020329813129164216,0.0537581,0.348686,0.269141,0.306427,0.717043,0.411424,-0.471892,-0.130893,0.405334,-0.198095,0.570018,0.371708,0.611215,-0.404139,28.92955059646301,0.3816699565494268,3.367480473643214,5.450888598173222,-9.517080489627581,-14.71339857697376,24.6603849614137,48.961293912570774,-0.150539,0.327816,-0.310528,0.541118,0.0358776,0.0656276,0.837614
3.8928308486938477,-0.144541657206627,0.18994025289196262,1.1104663644448214,-0.0009646254416655564,0.07034973789074697,-0.013034733612098538,0.0537538,0.348677,0.269112,0.306796,0.716637,0.411365,-0.472321,-0.130424,0.402903,-0.19999,0.571997,0.368443,0.609333,-0.407164,29.44607734942775,0.2482822475336759,3.4566135265834053,5.457976553814284,-10.327347550704417,-15.367719132436612,25.290209721156597,49.97054107573346,-0.150846,0.323713,-0.311534,0.550099,0.0321854,0.0677443,0.831725
3.921834945678711,-0.07532031118267667,0.12849352310519563,1.094919167872843,-0.008718893733344958,0.06701175594925697,-0.009267607312294538,0.0537733,0.348681,0.269157,0.306476,0.71706,0.411378,-0.471876,-0.130179,0.400369,-0.201759,0.575424,0.365976,0.605302,-0.410559,30.26656886044297,0.21436617673942848,3.6655297555466078,5.230716111347551,-9.193060529707893,-15.185098279004826,25.143492391729318,49.19441651311386,-0.15006,0.31997,-0.312114,0.547339,0.0280291,0.0761639,0.832967
3.9471471309661865,-0.08525018815946098,0.15642886111388252,1.0963894701566548,-0.026129808978433113,0.0658672206935431,-0.009357999654214046,0.0537837,0.348678,0.269173,0.306499,0.717084,0.411316,-0.471877,-0.129985,0.397848,-0.203403,0.577347,0.363037,0.602975,-0.413878,30.85317264298797,0.043066472989519156,3.807238381415875,5.387523469667936,-9.041970619751503,-15.337266205483921,25.505807135375015,49.552116109170754,-0.149737,0.316356,-0.313093,0.548242,0.0234461,0.0779709,0.832347
3.9769108295440674,-0.1860231569095238,-0.28784728012084426,1.1565772672612267,-0.08949879185734928,0.06614317681078341,0.02223148767564023,0.05379,0.34867,0.269167,0.306526,0.717074,0.411392,-0.471809,-0.129494,0.394656,-0.20554,0.581932,0.358347,0.599599,-0.416441,31.74147355241751,-0.008855379716768752,3.7670642386439432,4.997720160410033,-9.24188425847332,-15.577010647384142,25.576437514863674,49.73262918981996,-0.148329,0.311576,-0.314029,0.543702,0.0198454,0.0849456,0.834733
4.006341934204102,0.09480909498532908,-0.4710951323707628,1.1979809717247751,-0.1083458274411825,0.052966128576595904,0.035624970306538654,0.0537934,0.348671,0.269163,0.306418,0.716975,0.411548,-0.471893,-0.128946,0.392444,-0.207058,0.583042,0.357875,0.59607,-0.420342,32.263678076142746,-0.01604243596087951,4.202596285489836,5.418623787212063,-8.59493890903186,-15.986846935634333,26.124499849910983,49.7891560579347,-0.147727,0.308469,-0.314722,0.544299,0.0153163,0.0891332,0.834002
4.03213095664978,0.09603946561747743,-0.6504697957242526,1.297409159326524,-0.15346747655316686,0.061271609947900894,0.04741473561977072,0.0537736,0.348654,0.269165,0.306414,0.716682,0.41177,-0.472146,-0.128594,0.390089,-0.208462,0.585996,0.354105,0.593813,-0.422616,32.91249026343878,-0.0850190529636583,4.201866737085709,5.085630746100229,-9.177451988371807,-16.17924992595858,26.144161136365266,50.234289681817565,-0.147586,0.304593,-0.315421,0.546437,0.0126846,0.0875518,0.832815
4.060713529586792,0.027802650005065453,-1.1372989575769177,1.356386122027261,-0.22800971830489614,0.07423989801536582,0.07797626659449934,0.0537639,0.348681,0.269133,0.306514,0.717016,0.411406,-0.471891,-0.12812,0.387107,-0.210375,0.588377,0.349672,0.591517,-0.426204,33.60642137369485,-0.4022702166887804,4.224000875898007,5.17233372233477,-9.360193311038557,-16.144839605455367,26.46822742246038,50.94334472206194,-0.147067,0.30023,-0.316174,0.548375,0.00787276,0.0932799,0.830976
4.091573715209961,-0.08751388312486598,-1.4904372137731123,1.4258513670311677,-0.2590087554186743,0.07988219528057004,0.10117064577942948,0.0537819,0.348671,0.269141,0.306474,0.717099,0.411339,-0.47185,-0.127375,0.384975,-0.211813,0.589138,0.350206,0.587373,-0.430424,34.09026751713632,-0.3886997968428725,4.763916139051574,5.616930316422369,-8.298744718740046,-16.523178309491286,27.020303368218475,50.73821398755221,-0.146407,0.296976,-0.316746,0.549222,0.0049895,0.0966355,0.830056
4.1218836307525635,-0.0819579307636372,-1.4373212755644489,1.562322176279505,-0.28094241877927983,0.08314229984535283,0.10280651837465088,0.0537882,0.348646,0.26916,0.306593,0.716672,0.411791,-0.472028,-0.126579,0.382197,-0.213572,0.592428,0.346201,0.584892,-0.432522,34.77758050165249,-0.4353673049134157,4.768612002794107,5.493025269787434,-9.279889635924803,-17.14640232544152,27.44788744904888,51.674513108924934,-0.145544,0.292982,-0.317398,0.550576,0.00048398,0.102316,0.828491
4.151969909667969,0.06572156974438163,-1.5490012783092677,1.5586846264150387,-0.29176317136164187,0.07213040981514844,0.11071338310249172,0.0537771,0.348655,0.269129,0.306861,0.716325,0.411702,-0.472458,-0.126035,0.380039,-0.214846,0.59432,0.343188,0.582139,-0.436029,35.357625510252475,-0.5585608909941477,4.942014119622268,4.938729033114058,-9.775016573806333,-17.217847321900855,27.388124387488922,52.008363793345914,-0.144393,0.29015,-0.317913,0.546626,-0.00225926,0.108732,0.830284
4.180368185043335,0.20130431037655075,-1.250824346627889,1.5022565927306617,-0.271587995880839,0.05144635837256376,0.09781711059625484,0.0537716,0.348678,0.269103,0.306876,0.716745,0.411174,-0.472271,-0.125345,0.377349,-0.216463,0.595696,0.341575,0.578458,-0.440296,35.94910749528682,-0.7275436881045039,5.257982894879952,5.2740884241014605,-9.05620322977736,-17.28998763925255,27.802945975987026,52.12766631653488,-0.143603,0.286074,-0.318606,0.547718,-0.00517199,0.108919,0.829527
4.209542989730835,0.16644747049657396,-1.302526719725207,1.5271780010254807,-0.2666369901718564,0.045461573501875054,0.10603245793099089,0.0537678,0.348673,0.269093,0.306888,0.716773,0.411162,-0.472232,-0.124684,0.374711,-0.218014,0.599601,0.33881,0.573944,-0.443029,36.764583716480956,-0.6597282844743093,5.412161541548091,4.564799541306691,-8.639442821539618,-17.391936776024615,27.58712473700815,51.55055869104868,-0.143152,0.282444,-0.319108,0.551255,-0.00785343,0.116438,0.826135
4.239098310470581,0.3701263044762512,-0.9557546917695724,1.3768078578143006,-0.19724898164468882,0.01994295417562891,0.0856714073408961,0.0537729,0.348674,0.269098,0.306888,0.716817,0.411083,-0.472233,-0.124227,0.372727,-0.219044,0.599774,0.337884,0.572079,-0.445904,37.075263817070706,-0.8067609689143964,5.657158234226237,5.283089091704948,-8.43740305831507,-17.699536448752255,28.28731844137728,52.13763432558747,-0.142331,0.279516,-0.319541,0.548906,-0.00962083,0.120132,0.827151
4.269324064254761,0.2083421221006521,-0.6493276178973796,1.197805334048614,-0.18516653694905547,0.02339808062645491,0.06612435212976539,0.0537734,0.348667,0.269133,0.306732,0.717072,0.411292,-0.471765,-0.123915,0.369931,-0.220518,0.605044,0.333157,0.570354,-0.444549,37.758713335320365,-0.7124481184767859,5.20808724458476,5.270000090208029,-8.7400192733515,-18.23059662702027,28.664088181474902,52.40655250916667,-0.141968,0.275377,-0.319813,0.550428,-0.0151725,0.124265,0.825443
4.296412706375122,0.1913393790953409,-0.636348193600519,1.1214893208955516,-0.18884822067895554,0.01920688759693007,0.06524404518764078,0.0537797,0.348666,0.269138,0.306686,0.71712,0.411179,-0.47182,-0.123511,0.367614,-0.221548,0.606339,0.330125,0.566217,-0.450299,38.53650454094505,-1.0066043123205288,5.616581053748259,4.40762709650927,-8.257800176586109,-17.4442199356793,27.992757450398084,51.98744260203137,-0.141008,0.272494,-0.320158,0.547912,-0.0173093,0.12771,0.826549
4.326861381530762,0.22206736289121376,-0.747023215620512,1.1621088590366788,-0.17500648147094391,0.024619785594619196,0.06822097660680543,0.0537872,0.348656,0.269142,0.306636,0.717074,0.411336,-0.471787,-0.122701,0.364974,-0.223066,0.608266,0.328717,0.564337,-0.451089,38.90685679713571,-0.9540297322898352,5.646313253058615,5.536303806421746,-8.530646129142262,-18.62233587621757,29.385564736629306,52.998357805084574,-0.140126,0.268444,-0.320434,0.548179,-0.0213442,0.131398,0.825699
4.35461950302124,0.10991591246101175,-0.4292395608004011,1.3133479107250075,-0.16112624411899298,0.03970277003006673,0.049634911540716045,0.0537818,0.348668,0.269118,0.306737,0.717142,0.41115,-0.471778,-0.122208,0.362069,-0.224418,0.611618,0.326875,0.5585,-0.455142,39.7648477606813,-0.8933891296782486,6.028829539896158,4.705792198840427,-7.1963560731259335,-18.451600520007617,29.016282154345536,51.63605629188007,-0.139933,0.264304,-0.320698,0.548003,-0.0261432,0.135148,0.825072
4.383847236633301,0.12682926343783824,-0.41858518539906914,1.3441212460437648,-0.1494598461526962,0.045565389956308475,0.04477620978454626,0.0537579,0.348684,0.269077,0.307068,0.716761,0.411103,-0.472184,-0.122333,0.359717,-0.22539,0.612113,0.321607,0.558083,-0.458726,40.22497408136219,-1.3592902177968371,5.9820091298507485,4.394951747310479,-8.314214030143773,-18.21367746269435,29.09647956040697,53.0004302414701,-0.139699,0.26122,-0.320882,0.547421,-0.028442,0.138813,0.824774
4.414817571640015,0.14747090955032502,-0.45044507858665805,1.285010371034592,-0.16457284363637428,0.04470307463588706,0.04759539127153123,0.0537267,0.348677,0.269032,0.306766,0.716672,0.411113,-0.472507,-0.122194,0.356915,-0.226701,0.615751,0.320483,0.554477,-0.459017,40.788764033935614,-1.0452855898887554,6.008563054170345,4.78990890347859,-7.571209020048528,-19.27163103276291,29.946727969453534,52.55879183128015,-0.13952,0.256783,-0.321112,0.548479,-0.0308643,0.140523,0.823694
4.445491313934326,0.07536908914412052,-0.6930260112323687,1.2153071423022817,-0.1860522045352531,0.040600618702015055,0.0631869363433735,0.0537536,0.348681,0.269071,0.306997,0.716766,0.411103,-0.472222,-0.121936,0.354799,-0.227649,0.617533,0.317543,0.551599,-0.462124,41.37377469291429,-1.2463311226235962,6.161734468859365,4.1445873077577495,-7.124531360854789,-18.93390920306262,29.703776789085175,52.230435053225484,-0.138886,0.254242,-0.321062,0.544029,-0.0348341,0.14593,0.825544
4.476123332977295,0.050215784493543025,-0.7606993937181925,1.2542312011190253,-0.19686680384989055,0.04936615197318211,0.06731324124270968,0.0537772,0.348669,0.269111,0.306848,0.717013,0.411282,-0.471788,-0.121503,0.351995,-0.228775,0.62076,0.311682,0.550161,-0.463503,42.09403331293712,-1.511149839011594,5.879032106105768,3.9349789589302553,-7.8331431888146525,-18.751991709460796,29.720351116278007,53.06044327276165,-0.138106,0.250294,-0.321218,0.544908,-0.0355855,0.151073,0.824006
4.505852937698364,0.13504992501746826,-0.7355897196649229,1.3681995623435408,-0.20165002784436425,0.05077526039539808,0.06718695814655923,0.0537637,0.348668,0.26907,0.307146,0.716693,0.41112,-0.47222,-0.121182,0.349283,-0.229752,0.620596,0.310019,0.545542,-0.470247,42.72305163769302,-1.8189313943602432,6.518247799816422,3.486733449128028,-7.107182334426113,-18.316205658511088,29.565854697307245,52.791219977752334,-0.137742,0.246759,-0.321266,0.545188,-0.0390669,0.154701,0.822989
4.535725831985474,0.030905934209560722,-0.7986328334859017,1.375322541164041,-0.19572165743971515,0.04892160728322045,0.06999785025992555,0.0537149,0.348675,0.268997,0.306688,0.71671,0.411089,-0.472519,-0.121013,0.347615,-0.230619,0.621389,0.308862,0.543737,-0.472048,43.073683609421664,-1.8488750051415614,6.625142530494738,3.9262864626696405,-7.136396453466965,-18.828946204619,30.225557492865132,53.282479803044126,-0.137395,0.244587,-0.321189,0.543493,-0.0459021,0.15702,0.823319
4.562988042831421,0.1290324939629633,-0.6279248477369036,1.281854568735972,-0.1811412971525146,0.04452861594235353,0.05980532908410051,0.0537007,0.348704,0.268979,0.30625,0.717206,0.411604,-0.471602,-0.120566,0.345777,-0.23138,0.623134,0.307273,0.540713,-0.474255,43.66206408456201,-1.9743347216622515,6.82416508777067,4.044156473877965,-6.105269546904822,-18.47013748509307,30.209555822101642,52.754526943086546,-0.13708,0.241633,-0.321268,0.545918,-0.0464781,0.158754,0.821347
4.589673280715942,0.04784504060258726,-0.45203613677753657,1.2771765972499562,-0.157127886033807,0.04961067947290626,0.04773156165716726,0.053721,0.3487,0.269009,0.306124,0.717299,0.411457,-0.471671,-0.120134,0.344052,-0.232024,0.62597,0.303179,0.539924,-0.474053,44.117966595576505,-2.015298357681499,6.479399323124728,3.7603159007164244,-7.084100223592017,-18.595386137603704,30.2031050769974,53.46331784303174,-0.136335,0.239516,-0.321304,0.543364,-0.0496516,0.161534,0.822312
4.619539260864258,-0.11039630448279217,-0.2543856409596014,1.3699098496131472,-0.14370441272443124,0.07826688184955079,0.029843484643391118,0.0537526,0.348666,0.269072,0.306641,0.717051,0.411126,-0.472001,-0.119889,0.341749,-0.232937,0.628395,0.299321,0.538657,-0.474737,44.520463931051765,-2.0756350654400553,6.266336851429191,3.320758410394511,-7.798104245482541,-19.035572390892995,30.510185398145033,54.0778329004522,-0.138148,0.236174,-0.320777,0.565937,-0.0560789,0.165434,0.805731
4.648098468780518,-0.13152261932515055,-0.5673540506571799,1.4387270670359065,-0.16530455239298772,0.07659067820237463,0.048294734177171374,0.0537616,0.348678,0.269081,0.307276,0.71676,0.411082,-0.472069,-0.119602,0.339899,-0.233597,0.629716,0.298154,0.537187,-0.475387,44.72151308481709,-2.050377273457096,6.309000431114338,3.4639014447852894,-7.6497377052120825,-19.527051703989983,31.00774130545324,54.20074717088088,-0.13506,0.233797,-0.32137,0.543494,-0.0534549,0.168099,0.82067
4.67776346206665,-0.04248352241223646,-0.4928085799989215,1.395557974490453,-0.18204101621313293,0.07518581322179918,0.04855103409688234,0.0537127,0.348683,0.269041,0.306952,0.716785,0.410953,-0.472353,-0.11895,0.337323,-0.234605,0.631271,0.295484,0.533432,-0.479204,45.40231863794186,-2.1912993487498698,6.539199764325478,3.3026167243559392,-7.757208435425412,-19.56221230578796,31.152416166033372,54.54882849196902,-0.133483,0.22985,-0.322098,0.542776,-0.0471323,0.172573,0.820604
4.70548415184021,-0.17454373018827904,-0.8836131797786657,1.6656926529253222,-0.2364383936046295,0.09627323237333268,0.07150473649884924,0.0536958,0.348711,0.269005,0.306392,0.717445,0.411209,-0.471491,-0.118419,0.335364,-0.235357,0.633272,0.292965,0.530569,-0.481284,46.04354916077646,-2.358505581045189,6.606888890288417,3.3429570796629626,-7.082936818726381,-19.15382817394704,31.080010001498096,54.29024975071846,-0.134229,0.227977,-0.320794,0.548057,-0.061927,0.178776,0.814762
4.733431577682495,-0.09405238462744955,-0.9828924094990341,1.8565762440091367,-0.26019670199338796,0.10692822177934731,0.07986156377897946,0.0537088,0.348685,0.269014,0.307141,0.716914,0.410781,-0.472184,-0.117771,0.333435,-0.236112,0.635037,0.291964,0.527983,-0.482409,46.31195024242642,-2.2144501627386433,6.714985343460789,2.971926745079692,-7.394250473976598,-19.858268504798254,31.398766793924068,54.41993004439309,-0.134043,0.2253,-0.320568,0.551316,-0.0659946,0.18114,0.811716
4.760969877243042,-0.006019896764713262,-1.2261860407357996,2.017082476498323,-0.31014516033061473,0.11475049345918799,0.09683912431287126,0.0537103,0.348687,0.268992,0.306441,0.717556,0.411027,-0.471449,-0.117098,0.330663,-0.237099,0.63463,0.292217,0.521934,-0.489324,47.07309850736356,-2.5414922675304146,7.541651560455978,3.4375902787473116,-5.261396216492635,-19.377655381641645,31.70781609843435,53.6560218640696,-0.133108,0.221684,-0.32046,0.550469,-0.0682141,0.186197,0.810964
4.7914628982543945,-0.09918681276183747,-1.5654457448835974,2.0758104240512876,-0.3530772969530117,0.12528912592748143,0.11852483045530174,0.0536901,0.348702,0.268983,0.306602,0.717452,0.411204,-0.471348,-0.116641,0.328672,-0.23785,0.636165,0.289056,0.520728,-0.490493,47.46812728066,-2.6883332580959793,7.462998084968191,3.4390642852599633,-5.824933371881841,-19.58155696839483,32.03841065311141,54.4195158290619,-0.132504,0.218856,-0.320494,0.551309,-0.0693221,0.188413,0.809786
4.820962905883789,-0.08556522500630313,-1.6274343474060262,1.9661400149157082,-0.3767862570495655,0.12168043623660654,0.12103229092932914,0.0536993,0.348698,0.268986,0.306476,0.71756,0.411004,-0.471439,-0.116053,0.326035,-0.238703,0.636539,0.286669,0.517196,-0.495123,48.05616102629836,-2.9840796490010524,7.77745361363116,3.4572825324658787,-5.6644005408881455,-19.454420884980216,32.30900693257608,54.8678991232347,-0.131658,0.21537,-0.320242,0.549383,-0.0726108,0.191496,0.810084
4.84892463684082,-0.20204785605458164,-1.6392056242737636,2.036947326690853,-0.3958595515544456,0.13683264940326428,0.12291642305476559,0.053717,0.348689,0.269,0.306494,0.717656,0.410999,-0.471286,-0.115383,0.323955,-0.239366,0.640273,0.28389,0.514566,-0.49465,48.60673186665156,-2.8227062153478286,7.600361435058186,3.0405395415731213,-5.713153571641392,-19.77111674344615,32.30939561936826,54.63045244446388,-0.131339,0.212653,-0.320021,0.552291,-0.0747179,0.193563,0.807419
4.8794684410095215,-0.2249329574647235,-1.7149025829994962,2.1785505771424787,-0.3986742810901778,0.1439371242634274,0.12677670092856055,0.0537145,0.348691,0.268981,0.306617,0.717539,0.411043,-0.471346,-0.114998,0.321691,-0.240082,0.639307,0.282623,0.511579,-0.499697,49.010312127810145,-3.1841452818981546,8.064772534368135,3.2493041174267425,-5.337287710225112,-19.63511536019979,32.719032281772655,55.11982105679398,-0.130931,0.209504,-0.319703,0.553249,-0.0783242,0.197292,0.805517
4.927492618560791,-0.1727088770871449,-1.441199032299045,1.9499560560114155,-0.35351305006848555,0.12476332365362632,0.10972945980367585,0.0536713,0.348689,0.268929,0.307786,0.717399,0.410979,-0.470853,-0.114391,0.317998,-0.241155,0.643144,0.279287,0.506999,-0.501314,49.69797488988995,-3.180314580839614,8.141068319278748,2.5064956500263804,-4.336105201150922,-19.74376450172749,32.71924615433405,54.24034298219469,-0.130225,0.204822,-0.319122,0.551206,-0.0845909,0.202261,0.805051
4.9561402797698975,-0.15506345402840785,-1.3309555018522812,1.8942235689703897,-0.33996819764398206,0.12086570344323423,0.09994858604279672,0.0536682,0.348711,0.268961,0.306731,0.717427,0.411204,-0.471302,-0.114168,0.315439,-0.241755,0.643746,0.276379,0.505623,-0.503538,50.19260988595472,-3.3501030250575115,8.138598674484442,3.600562584628328,-4.970679234701976,-20.380004130164508,33.87491128108314,55.82611058921458,-0.130014,0.201851,-0.3185,0.551432,-0.0905211,0.205071,0.803539
4.986485242843628,-0.15620035141162747,-1.169276920403978,1.7019269653279696,-0.3085112423777253,0.10579651128200783,0.09166154515532345,0.0536827,0.348702,0.268964,0.306613,0.717706,0.410987,-0.471144,-0.113955,0.313611,-0.242169,0.64487,0.274729,0.501964,-0.506654,50.73775350366014,-3.4902219940907067,8.372386813860608,3.0313212061854635,-4.103565788464216,-19.940421022841768,33.54350725687272,55.124866519802225,-0.129103,0.199133,-0.318483,0.548343,-0.0890812,0.207841,0.805101
5.013576030731201,-0.12454938900545513,-1.1670275751386845,1.7473148856712373,-0.3246762388653939,0.1155135273753246,0.08925398610414546,0.0536833,0.348699,0.268973,0.306678,0.717549,0.411093,-0.471248,-0.11367,0.310916,-0.242856,0.647514,0.273279,0.498655,-0.507334,51.23147830393257,-3.3362055682844525,8.458390183006223,3.125772729668153,-3.396591877489392,-20.665618725216525,34.20720590299045,54.85141378202782,-0.128324,0.195792,-0.318152,0.54534,-0.0904937,0.212303,0.805818
5.044570207595825,-0.23430297960950439,-1.207023567988987,1.8865798362288413,-0.3402977714197301,0.1300254465137092,0.08860694541311995,0.0536774,0.348688,0.268936,0.307821,0.717476,0.410822,-0.47085,-0.113404,0.308756,-0.243328,0.650801,0.268266,0.497392,-0.507043,51.67105991473396,-3.4391287023896013,8.087314974064142,1.951893477317899,-3.701519447380946,-20.22966523355997,33.54992463678243,54.51084250586613,-0.128429,0.193334,-0.31737,0.54608,-0.0980527,0.214517,0.803844
5.074273109436035,-0.3116438449689449,-1.4075007843139928,1.9619710629233214,-0.3681171517275068,0.13999275003758815,0.09972753641496919,0.0536632,0.348699,0.268915,0.307718,0.717659,0.410738,-0.470711,-0.113001,0.306018,-0.243998,0.652887,0.263822,0.494882,-0.509144,52.31970438656945,-3.6515450267353784,7.9827306119063195,1.6686566917050065,-3.9525618892252226,-20.129310623583848,33.65351046123692,54.96454451603194,-0.127886,0.189787,-0.316943,0.5471,-0.100217,0.217558,0.802064
5.103829383850098,-0.39205094063947277,-1.4771764457112087,1.89741005516354,-0.3605446285341455,0.13344274418756435,0.10486493349866098,0.053655,0.348697,0.268915,0.307877,0.717461,0.410849,-0.470812,-0.112673,0.304645,-0.244285,0.653948,0.262778,0.492708,-0.51043,52.628090736058574,-3.652151621017737,8.117836408018295,1.4128012877007095,-3.784196249646058,-20.1914940836228,33.65704397343217,54.820642504579276,-0.127439,0.188045,-0.316717,0.546031,-0.102008,0.219171,0.802128
5.132770299911499,-0.2563992745031155,-1.3854765786636807,1.8586303709055922,-0.34722636657760575,0.12358649509626413,0.10146602746724186,0.0536823,0.34868,0.268939,0.307869,0.71768,0.410569,-0.470729,-0.112172,0.302219,-0.244874,0.654991,0.260281,0.49042,-0.512571,53.06845270509026,-3.820095044466875,8.146388858578234,1.6045882025040896,-3.7339563064651813,-20.396709551412116,34.16683552881762,55.33954714575301,-0.126828,0.184929,-0.316049,0.544942,-0.105417,0.224708,0.800894
5.162283897399902,-0.11650823122731352,-1.2297659836792396,1.7347480570868832,-0.3224860404552221,0.10924394856788482,0.09448969447085634,0.0536889,0.348693,0.268994,0.30698,0.717687,0.410765,-0.471127,-0.111984,0.300026,-0.2453,0.652894,0.259317,0.487981,-0.518033,53.46475948947483,-4.2421621513711365,8.618500965389067,2.6215398207198035,-3.6950302189605395,-20.576574521767924,35.20369308113552,56.73429679423413,-0.126151,0.181673,-0.315631,0.545906,-0.104754,0.228138,0.799354
5.192571640014648,-0.17821683913073125,-1.0335652717378168,1.706714076356313,-0.3043400863839473,0.10701747581343982,0.0829607189925892,0.0536799,0.348696,0.268989,0.306824,0.717753,0.410719,-0.471168,-0.111591,0.297981,-0.245691,0.658737,0.2532,0.48644,-0.515103,54.185254341340126,-3.974012250182997,7.9255783332669445,1.3663710990201174,-4.719790022443128,-20.75026536743941,34.65708812854692,56.49243453005824,-0.125949,0.179528,-0.315099,0.545832,-0.108741,0.23091,0.798075
5.22203803062439,-0.12652676437416654,-0.8223093770984994,1.7083866430491905,-0.27777643933102136,0.10680093165428936,0.06674776853014976,0.0536761,0.348687,0.268952,0.307856,0.717776,0.410337,-0.470793,-0.111363,0.295823,-0.24614,0.65625,0.253172,0.483228,-0.521278,54.37377165410521,-4.523925987943269,8.55396930673577,1.4399309689383806,-3.4369779897346007,-20.092108318663918,34.82185685971518,56.42627147647173,-0.12534,0.176393,-0.314399,0.545693,-0.112544,0.235041,0.796435
5.24980902671814,-0.1724434935181822,-0.873452630158594,1.8120240845588336,-0.26849398582003325,0.11367630263952437,0.062485329084538924,0.0536591,0.348699,0.268947,0.308027,0.717675,0.410478,-0.470713,-0.111056,0.293971,-0.246432,0.658012,0.251488,0.479962,-0.522887,54.854058729898796,-4.533478268547486,8.704681951879746,0.8783029067110348,-2.8720784264990016,-19.972786155105027,34.61273568040246,55.83619218527634,-0.124407,0.174035,-0.314497,0.540459,-0.112625,0.231961,0.800883
5.281587600708008,-0.3755641104670992,-0.5137301009009602,1.8327226351956114,-0.22173700817675746,0.1269433607833623,0.03101184823765637,0.0536385,0.348717,0.268977,0.307158,0.717648,0.410825,-0.471018,-0.110846,0.291444,-0.246928,0.660576,0.248514,0.477927,-0.522939,55.42581362700631,-4.4316645001760975,8.562681933215575,1.31964770988154,-3.1364675728894724,-20.89159497895195,35.55742535624778,56.56846007887563,-0.123358,0.170905,-0.313905,0.535594,-0.115415,0.236147,0.802529
5.312957525253296,-0.27347479675431946,-0.30056313866235373,1.8427467872300356,-0.2022169483073043,0.12598412458183686,0.018699163480905077,0.0536467,0.348704,0.268956,0.308198,0.717731,0.410447,-0.47054,-0.110474,0.288925,-0.24731,0.667254,0.243707,0.478259,-0.516379,55.72647236637417,-3.911427366005783,7.606334491865489,1.038790230141661,-3.3770383599676563,-21.91741106661629,35.92178007211508,56.124580268161125,-0.122642,0.167205,-0.313234,0.532585,-0.116425,0.238981,0.803546
5.342739105224609,-0.22916016962810268,-0.13900370301957513,1.8023431337519682,-0.19401778513638443,0.11751888196906861,0.008468996308113048,0.0536477,0.348723,0.268989,0.307139,0.717784,0.410641,-0.470983,-0.1107,0.286276,-0.247604,0.663929,0.241933,0.474064,-0.52529,56.36545165268391,-4.64742312481497,8.351663728469589,1.4558035135209018,-2.8187464258148722,-21.307378780784965,36.440635358739414,57.174211324302554,-0.122462,0.16454,-0.312398,0.529846,-0.122209,0.241986,0.803598
5.373785018920898,-0.27179893991869597,-0.383607805497749,1.8101226620194206,-0.21472723259955326,0.11631218566074326,0.02333505904324038,0.0536356,0.348703,0.268949,0.30838,0.717735,0.410426,-0.470434,-0.110411,0.282451,-0.248134,0.666603,0.23654,0.47062,-0.527452,57.03395115076238,-4.920258336539021,8.239970052315563,0.5494519163630471,-2.242174911442369,-20.887562704178286,36.22729694603374,56.77169924728017,-0.122298,0.159312,-0.311119,0.536154,-0.12575,0.246499,0.797473
5.400404453277588,-0.1597664691134197,-0.5348400705330262,1.8516326288265874,-0.23004949765154936,0.10924276593317732,0.03743094903320066,0.053633,0.34871,0.26895,0.308447,0.717677,0.410479,-0.470433,-0.110094,0.280891,-0.248286,0.668821,0.233287,0.468152,-0.528289,57.556564177013925,-4.947952257562671,8.155489688027554,-0.40995101544737267,-2.405734909520426,-20.53461237600279,35.668161689053676,56.39206893663092,-0.121467,0.157652,-0.310899,0.533063,-0.124775,0.251665,0.798085
5.431536674499512,-0.0917561750820276,-0.6897169687424882,1.8694502196760923,-0.24902699106728374,0.10469670117303613,0.047880726232653194,0.0536343,0.348693,0.268949,0.308425,0.717815,0.410306,-0.470388,-0.109683,0.278065,-0.248789,0.666817,0.23295,0.466341,-0.532556,57.73504333617988,-5.349353864310439,8.51953258875627,1.1769563441999473,-1.9468115591762682,-21.17477262600864,37.32380913736754,57.9774461220596,-0.120865,0.154061,-0.309921,0.532465,-0.127134,0.254462,0.797225
5.461197376251221,0.011774811168448291,-0.9098573123382513,1.9263256652725056,-0.2713801236145067,0.09572899603232281,0.06561743202355054,0.0536365,0.348696,0.26895,0.308559,0.717683,0.410454,-0.470372,-0.109122,0.275266,-0.249099,0.668594,0.229822,0.461987,-0.535473,58.42711010337688,-5.496095727208415,8.704573116058366,0.4884682195755161,-1.6269788635214653,-20.95506080520348,37.15819043557562,57.74582838419209,-0.12089,0.150662,-0.308516,0.534,-0.136723,0.258398,0.793335
5.491204261779785,-0.05107720683503015,-0.9089166444046455,1.883047475495541,-0.2807224344209115,0.100751061184335,0.06635980433198517,0.0536424,0.348695,0.26895,0.308439,0.717803,0.410215,-0.470476,-0.108475,0.273208,-0.249365,0.676337,0.226001,0.457839,-0.530919,59.24821506921858,-4.7472715533246035,8.183533953857573,-1.2495035414328477,-1.3581728702450349,-21.613299278073306,36.499046850268094,55.80630820528661,-0.120772,0.148153,-0.307801,0.536421,-0.138092,0.260433,0.790796
5.521739721298218,-0.005714841505706875,-1.004692789552194,1.9316829450726105,-0.2934609637031327,0.09609119297385363,0.07298689602155403,0.0536173,0.348706,0.268948,0.308461,0.717652,0.41051,-0.470434,-0.108322,0.270838,-0.249568,0.673849,0.225488,0.455198,-0.536543,59.52639397303657,-5.271920017595134,8.73295711536053,-0.4263392125690153,-0.7423266932933927,-21.48541201857676,37.29242172796829,56.807234220769104,-0.120442,0.145388,-0.306918,0.533252,-0.141121,0.262139,0.79184
5.548743486404419,0.08956124002349798,-1.1280806265759387,2.041016841696925,-0.2964692837548148,0.09529794515473822,0.08808913507055406,0.0536144,0.348706,0.268934,0.308507,0.717645,0.41048,-0.470442,-0.107986,0.269168,-0.24962,0.675646,0.221783,0.454308,-0.53658,59.911250032380934,-5.336321627455279,8.469581165345925,-0.7070718886498639,-1.3882806112453991,-21.38598548381791,37.19536001981933,57.21154892829913,-0.120227,0.14314,-0.306401,0.536662,-0.139715,0.264792,0.788897
5.579860687255859,0.1061676157170889,-0.8662297251435632,2.0172195054457154,-0.272567417026087,0.0953748920048014,0.07100854914700595,0.0536197,0.348698,0.268932,0.308553,0.717627,0.410476,-0.470443,-0.107916,0.267189,-0.24983,0.674645,0.220635,0.453172,-0.539268,60.08956504979595,-5.626324527973972,8.635135839758433,0.032648780613172335,-1.157466270305079,-21.639555306449324,38.04997763795347,58.148712318654546,-0.120032,0.140443,-0.305496,0.535462,-0.143727,0.266432,0.78844
5.609926700592041,-0.009569058935476615,-0.8122144993483472,1.9755017993584323,-0.2807972052578364,0.10258308588297566,0.05982460025164327,0.053613,0.348697,0.268914,0.308602,0.717678,0.410581,-0.470241,-0.107913,0.264868,-0.249915,0.675723,0.216812,0.450969,-0.541312,60.61308475158416,-5.877441592667255,8.580234767715762,-0.35843228115490433,-0.9878746754366574,-21.270707497229232,37.98013360757737,58.233244307624354,-0.119027,0.137989,-0.305046,0.52978,-0.141843,0.270466,0.791241
5.636997938156128,-0.09333054446084611,-1.0720605129008483,2.101987190033615,-0.30169482760014943,0.11355132207644025,0.07016415877421998,0.0536002,0.348706,0.268906,0.308835,0.717598,0.410405,-0.470364,-0.107867,0.263368,-0.250012,0.676272,0.217125,0.449547,-0.541683,60.70539446440885,-5.800398542085551,8.693450074518399,0.16087728791371347,-0.26519551262328633,-21.886618385740846,38.68431851568095,58.2354231635459,-0.11922,0.136084,-0.304135,0.529137,-0.147659,0.270404,0.790628
5.665255308151245,0.016977518184345543,-1.1521147292291851,2.14040207651237,-0.3110196926465515,0.10950008678382898,0.07789877036832332,0.0536087,0.348708,0.268909,0.308557,0.717706,0.410543,-0.470261,-0.107711,0.261292,-0.250177,0.678247,0.213083,0.447047,-0.542886,61.322207258440784,-5.917285945878086,8.562137341228809,-0.5517757475246547,-0.3433726243504225,-21.70244348116742,38.516012573750814,58.17935286912701,-0.118505,0.133592,-0.303395,0.527261,-0.148831,0.274215,0.790349
5.694350242614746,0.04034919190184829,-1.1350498988380269,2.2050166931117894,-0.31989736641695293,0.10599861832285465,0.08269480357785935,0.0536051,0.348717,0.268905,0.308537,0.717632,0.410606,-0.470332,-0.10757,0.25952,-0.250146,0.67929,0.209852,0.444563,-0.544877,61.82537986994817,-6.0915169217540885,8.569273785393932,-1.2369211092010737,-0.43022009491455293,-21.229520935793325,38.13336119607122,58.08777072667824,-0.117962,0.131588,-0.302907,0.52556,-0.148094,0.276077,0.790972
5.725106954574585,0.09964524917870717,-1.1427660315727863,2.1873369912769496,-0.3210441343611718,0.10574465234129034,0.08248140069928467,0.053584,0.348749,0.268885,0.308844,0.717264,0.411134,-0.470229,-0.107371,0.257367,-0.250235,0.679311,0.208297,0.442284,-0.547297,62.15036549947054,-6.313810423359681,8.803302598104892,-1.0679767206122008,-0.01692691253023071,-21.242521090029705,38.52483167861038,58.42415750889351,-0.117538,0.128778,-0.30202,0.525416,-0.150222,0.279246,0.789552
5.755630970001221,0.08650101250783569,-1.0398580913175877,2.223004589720287,-0.318367934701084,0.11214267228671815,0.07369002052964947,0.0535793,0.348749,0.268878,0.30896,0.717301,0.410823,-0.470369,-0.107175,0.255003,-0.250417,0.68049,0.20465,0.437261,-0.55123,62.90418299965228,-6.567920473487158,8.998163261100867,-2.653963070232077,0.3424340368983394,-20.472930409762235,37.76119181219313,57.68203998282021,-0.117499,0.126193,-0.300718,0.526282,-0.156264,0.2845,0.785919
5.783031702041626,-0.11517896339819535,-1.0192783821635785,2.2556639935603258,-0.32236059826159374,0.13119102533408358,0.0656029769102024,0.0535762,0.34876,0.268871,0.309101,0.717186,0.410952,-0.47034,-0.107112,0.253647,-0.25043,0.68521,0.199004,0.438017,-0.546832,63.310369981404484,-6.261026615326766,8.189981212872556,-3.5505565726091177,-0.7130740398380624,-20.785090872460444,37.479133771675976,57.57227572728168,-0.117553,0.124258,-0.300051,0.530144,-0.156769,0.286553,0.78247
5.8136608600616455,-0.2875646049751773,-1.1485373233194052,2.2718057389899706,-0.325366247961517,0.1358467220380548,0.06771875615579327,0.0535831,0.348748,0.268853,0.309157,0.71719,0.410873,-0.470366,-0.107061,0.251133,-0.250428,0.68458,0.198384,0.437243,-0.548464,63.41236660571858,-6.43128591547236,8.289065698831024,-2.0611454311843147,-0.16190352714031775,-21.568364254103713,38.90044562672697,58.68866253229656,-0.117153,0.121345,-0.298781,0.525552,-0.163414,0.289666,0.783061
5.843275308609009,-0.28793015162268043,-1.3135845472345364,2.5058167004099046,-0.3112329088114733,0.14862264504105435,0.07246778052013636,0.0535648,0.348689,0.268838,0.309299,0.717267,0.410554,-0.470433,-0.107093,0.249307,-0.2505,0.68394,0.196051,0.434827,-0.552011,63.781461734194245,-6.783048750569814,8.438576854493963,-2.493695874887294,0.006382451127741717,-21.07400807298326,38.81391275770422,58.886989762420534,-0.11674,0.118825,-0.297985,0.524187,-0.162574,0.290759,0.783746
5.874668121337891,-0.3558805807384398,-1.0363416908912044,2.3109377165717886,-0.3484819646742612,0.15692468493005793,0.04771602335151537,0.0535336,0.34878,0.268831,0.310059,0.716782,0.411229,-0.470083,-0.106945,0.245844,-0.250498,0.688607,0.192662,0.431052,-0.55036,64.42125290694426,-6.501935203522888,8.314162058195866,-3.0786166722458255,1.3348251741548864,-21.734370793799066,39.102802987349705,57.701604747960396,-0.116029,0.115118,-0.296636,0.521598,-0.163558,0.29688,0.782973
5.9054460525512695,-0.485403237793112,-1.441728033145156,2.5085413773371106,-0.3802948006767515,0.16866151574644758,0.07481431144215264,0.0535986,0.348908,0.268812,0.313068,0.714652,0.414304,-0.46863,-0.10655,0.243675,-0.250516,0.688842,0.190605,0.426171,-0.554568,64.84743909790414,-7.079504894035731,9.123633639551908,-5.305563422167623,3.0573886310025458,-19.81199058638405,37.549641579592006,55.73441429804262,-0.116522,0.112181,-0.295296,0.52925,-0.166483,0.300604,0.775768
5.93534779548645,-0.20096671453742204,-1.0725004752545764,2.4454330188387376,-0.343971834877211,0.1442427329202246,0.07305404916594804,0.0536163,0.348755,0.268816,0.309219,0.716651,0.411367,-0.470715,-0.106227,0.242213,-0.250479,0.688,0.189683,0.426545,-0.555639,65.14659192983204,-6.881251609971499,8.6782274109595,-2.524356350228622,1.038634775512719,-22.00129413079425,40.02630346151319,59.24389879000366,-0.115819,0.110176,-0.294726,0.526994,-0.165641,0.301261,0.777227
5.9674999713897705,0.12020536892929598,-0.39265570310640235,2.3348265947548628,-0.28435045769161793,0.12747133071342456,0.04069784095002572,0.0536261,0.348676,0.26879,0.306561,0.718065,0.409139,-0.472237,-0.106408,0.240952,-0.250409,0.687044,0.189124,0.424616,-0.558484,65.54394288270227,-6.8505891993698205,8.616265442489631,-1.3641141519293605,0.4273292443037917,-22.99936474470733,41.30566588745995,60.7878345341217,-0.11575,0.108607,-0.294231,0.527668,-0.164531,0.303949,0.775958
5.9968039989471436,-0.1341636100371623,-0.5226499639949707,2.257576353468217,-0.2986050620505007,0.1416309232679915,0.03543423373239648,0.0535445,0.348656,0.268745,0.306401,0.718053,0.408843,-0.472616,-0.106535,0.240339,-0.250361,0.69181,0.186379,0.42622,-0.552267,65.66359399469454,-6.198020224393913,7.8450677377483835,-1.5064967306549804,-0.2653544646534911,-24.1548312369628,41.577761410617896,60.478701252699516,-0.115437,0.10816,-0.294015,0.521226,-0.165534,0.305991,0.779289
6.028552293777466,-0.3308025886330869,-0.9480777981799026,2.413625453700718,-0.33303780892733453,0.1481963062402394,0.06390057330573357,0.0535102,0.348658,0.268728,0.305962,0.719068,0.408109,-0.471992,-0.106847,0.239912,-0.250311,0.690569,0.184079,0.424971,-0.555544,65.97992070736676,-6.654904988007527,7.794767447163689,-2.0248636227758077,0.10933223963041883,-23.031289482963125,41.01847106831244,60.32709925447129,-0.11558,0.107578,-0.293929,0.524018,-0.162914,0.306287,0.777851
6.0585126876831055,0.2320487803258994,-0.21307221197828177,2.3134726869163478,-0.21251079461395397,0.09887119658110048,0.04427405815594741,0.0535653,0.348611,0.268764,0.306176,0.71839,0.408805,-0.472282,-0.106909,0.240651,-0.250338,0.690502,0.185543,0.425911,-0.554419,65.76857834805234,-6.511967931995845,7.907616087407039,-2.0229257498245374,-0.06414578394311832,-23.298821246254725,41.031514512523266,60.27064240013394,-0.115832,0.108851,-0.294054,0.516862,-0.167377,0.302706,0.783076
6.090654373168945,-0.1256140322160984,1.2159814112968834,1.8839271865005431,-0.06588267841311471,0.1062225087664655,-0.05814670294550608,0.0535808,0.348594,0.26876,0.305937,0.718578,0.408487,-0.472427,-0.107719,0.241524,-0.250061,0.68699,0.187181,0.428736,-0.556052,65.33030401235816,-6.827246417864832,7.982497340735222,-0.7342067949233133,-0.0398865324322486,-23.08499602667886,41.561694970318534,61.285129021527084,-0.1176,0.109987,-0.293782,0.525172,-0.171184,0.306254,0.775305
6.120563745498657,-0.21998794090045418,1.3789497629063825,1.9170358980599842,-0.0364891331813554,0.1190360524575954,-0.07487800137271616,0.0535236,0.348678,0.268695,0.306725,0.718418,0.408505,-0.472142,-0.109414,0.243059,-0.249831,0.691099,0.183244,0.43339,-0.548614,65.14697689283909,-6.376418002726989,6.920049745333593,-2.3587814058644696,-0.20604301827080462,-22.719237823980997,40.222598205145815,59.38124943209017,-0.118335,0.111789,-0.294859,0.519833,-0.162657,0.303446,0.781816
6.149269104003906,-0.20412834774337263,1.4325643588813726,1.8218451480546094,-0.030453517873233995,0.11252925076470591,-0.07881834566238033,0.0535025,0.348713,0.26867,0.306867,0.718071,0.40897,-0.472177,-0.111442,0.244729,-0.249758,0.689482,0.185157,0.437702,-0.546579,64.55597726576309,-6.361113888493062,6.7935374173710095,-1.83399976743274,0.7076478567576672,-22.9809913767102,40.616216067511964,59.02880165454095,-0.119185,0.11386,-0.29559,0.510008,-0.160852,0.298511,0.790512
6.179290533065796,-0.26688105177266636,1.5940205171655548,1.8424747346937955,-0.01718592680601239,0.11683647689736548,-0.09175340650184376,0.0535364,0.348808,0.268661,0.309904,0.716391,0.411267,-0.470747,-0.113869,0.247235,-0.249239,0.69176,0.18176,0.443652,-0.540005,64.01950966294162,-6.3377303244691525,6.106567737035981,-4.587960325395201,1.6219025820523782,-20.967342966875783,37.99150299407229,55.823560287240305,-0.121483,0.116657,-0.29623,0.512366,-0.160429,0.297193,0.78957
6.210268974304199,-0.17831470527608548,1.2813567399540156,1.9503320286355759,-0.025999408972202008,0.11879092668936744,-0.06983457492597243,0.0536025,0.348775,0.268745,0.30977,0.716363,0.41107,-0.471051,-0.116511,0.250466,-0.248705,0.687808,0.182392,0.451863,-0.538027,63.10436532322436,-6.610006869392861,5.620856552210089,-3.993091567973039,1.1607639603355864,-20.492446463822226,37.92600271888416,56.44104025440728,-0.123167,0.120684,-0.297368,0.507896,-0.155907,0.293116,0.79487
6.241604328155518,-0.05964167942114208,1.1047112659030929,1.9953168069796867,-0.0352568420959296,0.11490354434152059,-0.0542634148358892,0.0535514,0.348678,0.268724,0.309679,0.716624,0.41116,-0.470634,-0.118898,0.252939,-0.248294,0.686887,0.181113,0.459943,-0.532764,62.403090377333264,-6.634938210553766,4.743479803425149,-3.5892661110251076,0.9083606351255114,-20.30187095639144,37.881544689780114,56.52628405140524,-0.124354,0.123863,-0.298573,0.501652,-0.149638,0.289638,0.801288
6.269220352172852,0.030327306461185314,1.0347421669663819,2.047619165075753,-0.03570421055050637,0.11474523301579188,-0.05092395439033967,0.0534528,0.348757,0.268671,0.309429,0.716507,0.411165,-0.470971,-0.122283,0.25571,-0.247704,0.687712,0.180046,0.468596,-0.524456,61.629275263671026,-6.246008510101085,3.658248975111846,-3.431444576521617,1.024319257566404,-20.767750871631826,37.94466590244345,55.78547389706732,-0.126406,0.126879,-0.299529,0.497026,-0.145666,0.283885,0.806943
6.300400018692017,0.127787341213993,0.9224609682637274,2.0852386328316013,-0.04765358036808214,0.11126224740239216,-0.04028595995493847,0.0534364,0.34877,0.268681,0.309095,0.716404,0.411491,-0.471063,-0.124138,0.257413,-0.247324,0.688419,0.178472,0.47413,-0.519065,61.22892605533528,-6.047284202821711,2.9113570819175028,-3.461285133225868,0.6376091702838806,-20.958151405469756,37.87850200509788,55.61782718104076,-0.126438,0.12938,-0.300574,0.484075,-0.141228,0.281841,0.816267
6.329431533813477,-0.025588137003107806,0.8062306968786526,2.1134254185362855,-0.05285401579820646,0.11634320773010749,-0.03924629851201312,0.0534939,0.348737,0.2687,0.309659,0.717214,0.41039,-0.470421,-0.125313,0.259059,-0.247034,0.688379,0.178685,0.478939,-0.514609,60.63326111807596,-5.951591043939749,2.2329035210272874,-3.226803606521088,1.1547388307954023,-20.83618533487798,37.80567321315148,54.9519282443487,-0.127657,0.131265,-0.300668,0.48283,-0.14943,0.276289,0.817441
6.360056400299072,-0.0028733645574220666,0.856469752902688,2.188254726981283,-0.059986496727573974,0.12234287614018323,-0.04650681505694666,0.0535207,0.348741,0.268727,0.309856,0.716804,0.411233,-0.470179,-0.125048,0.259342,-0.247048,0.688343,0.178872,0.479949,-0.513652,60.52541635523744,-5.949877192244794,2.2367604729860098,-3.0016289143181787,0.7826371747443233,-20.953268700011613,37.918248868943785,55.338493199370966,-0.126991,0.131803,-0.301119,0.483705,-0.143112,0.279994,0.816793
6.3881003856658936,0.010970594895202234,0.9765712620843725,2.308785492837215,-0.07767421780924656,0.13382247394290245,-0.056891829523136865,0.0534947,0.34873,0.268673,0.309908,0.71661,0.410759,-0.470855,-0.123996,0.259075,-0.247421,0.68963,0.180161,0.477801,-0.513476,60.61661317282801,-5.631444763720862,2.4001783732898847,-3.205523957199688,0.240206812772513,-21.58280695934323,38.001987091609145,55.37542132727596,-0.126471,0.131195,-0.301241,0.485359,-0.143268,0.277598,0.816603
6.4173853397369385,-0.2014946647319804,0.879821682322741,2.7267692756720963,-0.11426708375241751,0.1664872064940262,-0.05684123036215796,0.0534428,0.348768,0.26864,0.309265,0.717097,0.410707,-0.470581,-0.121575,0.25806,-0.248006,0.688858,0.182557,0.470903,-0.519998,61.22522213662519,-5.831722191269903,3.337475052130852,-3.2620116896799125,0.42568191934315536,-21.271112081636446,37.89921752795983,55.62491057236976,-0.125615,0.130108,-0.300978,0.499341,-0.147116,0.281369,0.806131
6.447373628616333,-0.21825234367858132,0.7959806902249393,2.7640328005320116,-0.11042056753651917,0.16311847742345,-0.04954823050882864,0.053436,0.348767,0.268647,0.309404,0.717073,0.410811,-0.470435,-0.119873,0.25746,-0.248381,0.688323,0.185581,0.466706,-0.523409,61.417060996479535,-5.851786724149892,4.038790975422536,-3.0392876411712137,0.7778963245617945,-21.382983144798125,38.07663909911263,55.678831905072855,-0.12369,0.129159,-0.301283,0.493709,-0.145556,0.278863,0.81074
6.476741790771484,-0.2459016982977487,0.8962423924745268,2.475471082792085,-0.09248317312139469,0.14902905750140602,-0.051631419868027856,0.0535152,0.348727,0.26869,0.310148,0.716636,0.410721,-0.470691,-0.115803,0.255836,-0.249184,0.68996,0.189463,0.458572,-0.52704,61.87926809328755,-5.546979108499635,5.033593886999064,-3.3408659684906183,0.20181271460101868,-22.027688016616125,38.10573859147913,55.85862980844343,-0.121436,0.127316,-0.300686,0.505117,-0.151762,0.282973,0.801094
6.506988525390625,-0.19311164985491855,0.6390250690411619,2.350089631147129,-0.10890847708618628,0.14017984528277008,-0.03999822007172486,0.0535642,0.348689,0.268774,0.309258,0.717241,0.410508,-0.47054,-0.113448,0.25381,-0.249557,0.689324,0.19041,0.452948,-0.532367,62.470496050713464,-5.7608937713437625,5.684963926094149,-2.6023845792634788,-0.0029320670756476375,-22.284023429675834,38.779373579677156,57.03644170984088,-0.119002,0.124881,-0.300339,0.503407,-0.15378,0.284442,0.801265
6.538792610168457,-0.3467317451392763,0.6598456117208309,2.2137786774936274,-0.09221740870204115,0.14194260608599799,-0.04660013717874327,0.0535655,0.348786,0.268808,0.310172,0.716674,0.411133,-0.470258,-0.112021,0.251972,-0.249862,0.691531,0.187359,0.449579,-0.533442,62.9882486418657,-5.814964923569499,5.777918253749956,-3.773816925084695,-0.6400933160007014,-21.99829459796321,38.2282840663153,56.99757400007909,-0.119098,0.122649,-0.299238,0.515793,-0.159095,0.287674,0.791132
6.5668511390686035,-0.37680164954732115,0.7663858957819981,2.0456327897650257,-0.09557552038976391,0.13098354701216453,-0.05364838946037517,0.0535559,0.348802,0.268811,0.309817,0.717735,0.410444,-0.469474,-0.11066,0.249275,-0.250011,0.69388,0.185714,0.441813,-0.53744,63.95775012668913,-5.893235192235392,6.145577529131767,-4.777232140112826,0.9038254081429358,-21.355717905886358,37.68411463586001,55.549641738996236,-0.116882,0.119277,-0.298567,0.507953,-0.157397,0.28958,0.795835
6.5963029861450195,-0.4625596160988769,0.46482808519129376,2.149285592664887,-0.12689795188918043,0.14596455981747586,-0.04374495432957568,0.0535756,0.348808,0.268809,0.309806,0.717807,0.410326,-0.469473,-0.109938,0.247124,-0.250254,0.693462,0.184847,0.44246,-0.537746,63.949587508368765,-6.003052033448382,6.050287719623899,-2.957566224045191,0.3632479747495907,-22.60943432893324,39.46058546851174,57.62435576640367,-0.116347,0.116866,-0.297631,0.509212,-0.160008,0.2929,0.793291
6.627676486968994,-0.5064263186826301,0.28549088060462563,2.205168773168656,-0.14083781011180935,0.1517246921415629,-0.037622200371990405,0.0536003,0.348806,0.26877,0.310313,0.716234,0.412285,-0.469826,-0.108967,0.244723,-0.250234,0.690693,0.18661,0.436626,-0.545414,64.35840375580455,-6.508298540184519,7.322053392144468,-2.7469133930028278,1.0516159159265044,-22.177185101604408,39.705527823494265,58.218592637530094,-0.115631,0.113775,-0.296455,0.508582,-0.162657,0.295583,0.79216
6.655559539794922,-0.4835567202802659,0.309234096961921,2.106519164242504,-0.13238227287261084,0.1459189923922556,-0.03527991856253722,0.0535954,0.348757,0.268772,0.308699,0.717066,0.410682,-0.471022,-0.10812,0.242332,-0.250357,0.69095,0.185204,0.431537,-0.549603,65.06227630464834,-6.532090884753733,7.541488906022963,-2.616109207790309,0.5472678307001217,-22.753581014092084,40.35070846555065,59.15144175911032,-0.115945,0.110982,-0.294944,0.516047,-0.167616,0.302359,0.783696
6.684460163116455,-0.3664832305278782,0.3205615872462456,2.0409816028933276,-0.13579838258518448,0.13952303445734768,-0.030792892567799292,0.0535753,0.348734,0.268755,0.30783,0.718113,0.409614,-0.470925,-0.107434,0.24064,-0.250339,0.692431,0.183847,0.430394,-0.54909,65.36310917695232,-6.404397431226719,7.263685405829548,-1.5907011347068476,0.49017576359834436,-23.566393905106217,41.3409902427715,59.921536052393925,-0.116023,0.108872,-0.29401,0.520033,-0.168824,0.3044,0.780003
6.715486526489258,-0.39530470522733463,0.1518451891807741,2.1272444939554513,-0.1643490571239456,0.14380941121357924,-0.02512631798523892,0.0535569,0.348673,0.268729,0.307006,0.718622,0.408471,-0.471679,-0.106831,0.238633,-0.250282,0.688027,0.183359,0.425865,-0.558245,65.80796466826924,-7.153728448978328,7.959235327090809,-1.1775945805845112,0.10809421075349235,-22.770494101681642,41.63882195003414,61.567563749142614,-0.115396,0.106227,-0.29295,0.518219,-0.172069,0.306934,0.779508
6.744981288909912,-0.39956288754204083,-0.10424550722169049,2.310730828552551,-0.20515523796471388,0.15981260864033492,-0.009965120531458182,0.0535541,0.34863,0.268706,0.307535,0.717952,0.408401,-0.472416,-0.105624,0.236545,-0.25023,0.699159,0.176234,0.418493,-0.552252,67.13242576088034,-6.056260565123729,7.371109660626981,-5.87721329225781,-0.43291241972925576,-22.526691113417932,38.86552891458282,57.6660341460952,-0.114951,0.104046,-0.292403,0.524105,-0.16825,0.309169,0.775513
6.775703191757202,-0.32933094355087583,-0.15651829876470677,2.2600035318715084,-0.21114303342804677,0.15404499957924303,-0.012917173143258414,0.0535251,0.348629,0.268683,0.30697,0.718938,0.407604,-0.471971,-0.105285,0.235118,-0.2503,0.693651,0.180192,0.416435,-0.55943,67.01280468207327,-6.734381044364561,8.144996349836553,-3.380063112559249,0.9578463225768559,-22.777743687778035,40.65134045094287,59.42501791890523,-0.114707,0.102592,-0.291257,0.521181,-0.176692,0.310687,0.775
6.803593635559082,-0.5159084979199142,-0.2584433974312843,2.403227022359351,-0.23932296876198184,0.1715077884918008,-0.016904021677527137,0.0535181,0.348619,0.268684,0.307289,0.718249,0.408056,-0.472422,-0.105021,0.23428,-0.250184,0.692392,0.177957,0.412819,-0.564362,67.46551261752835,-7.177905834598855,8.58381592764168,-4.972743760065111,0.3690918973676389,-21.31457839431983,39.39103890211858,59.25577062068082,-0.114918,0.101601,-0.290655,0.525612,-0.179125,0.312985,0.770511
6.834572792053223,-0.4099120654902034,-0.6302969285118528,2.503398147673294,-0.26717059543988286,0.1688783510354162,0.017946784416812085,0.0534821,0.348736,0.268753,0.304424,0.719213,0.409552,-0.471515,-0.103723,0.232518,-0.250334,0.695637,0.177673,0.411621,-0.561329,68.05155676293671,-6.784596385051999,8.404151840448474,-2.507189925051044,0.5741945177104171,-23.72622925342707,41.98009041734213,60.9955432205326,-0.112984,0.0990825,-0.290414,0.526193,-0.174608,0.315361,0.770182
6.864362955093384,-0.3356088308177207,-0.4938895537385268,2.3283073200900954,-0.2523017399839942,0.148910727422132,0.018685026170174056,0.0535957,0.348642,0.268762,0.305172,0.719527,0.406792,-0.472938,-0.102709,0.231181,-0.250431,0.699363,0.174552,0.408164,-0.560201,68.4599724695152,-6.305348583258263,8.026485204451944,-4.653678622017981,-0.657428309705125,-23.815538924141144,40.83726062396686,59.93023251339059,-0.112766,0.0983276,-0.28927,0.526538,-0.18614,0.316672,0.7667
6.892632961273193,-0.15801841318245008,-0.6080343305962305,2.3573604398376786,-0.2733967250196448,0.1450313243281286,0.030760097129418452,0.0535849,0.348664,0.268779,0.305737,0.719236,0.407435,-0.472463,-0.102455,0.230551,-0.250536,0.697988,0.173407,0.410213,-0.560775,68.2946437055438,-6.632321733843999,7.94004901591428,-3.787209233578775,-1.296612268364136,-23.88678037140449,41.51375021405223,61.40449368706902,-0.111034,0.0968791,-0.289688,0.52406,-0.176753,0.317563,0.770243
6.921563625335693,-0.26618924055840637,-0.9756888852859885,2.5755189485888716,-0.30641043200926815,0.15679949015164518,0.04329884046120094,0.0535603,0.348661,0.268771,0.307941,0.71885,0.408358,-0.47082,-0.101811,0.229494,-0.25048,0.694112,0.177135,0.405346,-0.567914,68.2549722646807,-7.402022513340346,9.08879391378413,-3.9793790103020505,1.43102647507137,-22.094969288096088,40.821850879704776,60.14889998929795,-0.111103,0.0957456,-0.28869,0.527711,-0.184952,0.316486,0.766257
6.950334548950195,-0.26991771966160993,-1.1668222771681256,2.5446999234913474,-0.33781342853937535,0.14870754453834747,0.057591385869507516,0.0535307,0.348648,0.268784,0.308956,0.718664,0.408661,-0.470175,-0.100505,0.22781,-0.250634,0.697885,0.176211,0.402445,-0.565636,68.58097286070273,-7.063825114290272,9.039703541584661,-4.593907325542297,1.9551094581383524,-22.576889043384888,40.756764723004395,59.20316420176688,-0.109633,0.0943565,-0.288091,0.521933,-0.190711,0.317507,0.768378
6.98123574256897,-0.18100857884398278,-1.3103733577708168,2.6642199386366956,-0.3670795540100399,0.14981930454910602,0.07872097087381645,0.0535296,0.348676,0.268843,0.307622,0.719892,0.407167,-0.470466,-0.0990715,0.226276,-0.250808,0.698678,0.175069,0.4004,-0.566462,68.96930988426632,-6.971873635057995,8.875334044824218,-3.6959516333035545,0.9349646308346351,-23.659587595362645,41.935482572705304,60.80979461846135,-0.108004,0.0920672,-0.287586,0.527584,-0.189282,0.320007,0.763821
7.01102876663208,0.012409698583844197,-1.3800786847330797,2.760371477396923,-0.3921607166711008,0.1437553656424521,0.08882573881783873,0.0534997,0.348644,0.268858,0.307484,0.720432,0.406552,-0.470262,-0.097936,0.224713,-0.25076,0.700867,0.17109,0.398892,-0.566038,69.44114190173946,-6.95118627175777,8.491981712806965,-4.127739827301696,-0.17188104948004224,-23.62419943064122,41.786811970266264,61.328862054379066,-0.107306,0.090456,-0.286838,0.527624,-0.193404,0.31985,0.762826
7.040160894393921,-0.023345996236299075,-1.6210561845208615,2.94884538436833,-0.42059969691581484,0.15449432296385127,0.10447126688845393,0.0535022,0.348558,0.268833,0.308508,0.720546,0.406206,-0.469716,-0.0968052,0.22305,-0.250949,0.699795,0.17485,0.396062,-0.568198,69.31343375635284,-7.020855584650801,9.06151592844638,-2.9183957907252136,1.309108753709971,-24.307689553034272,42.900763967799385,61.53416430906814,-0.106431,0.0886002,-0.286058,0.528808,-0.195714,0.323689,0.759792
7.07026481628418,0.11591127781886729,-1.6562939494604354,2.8698776391972096,-0.41460875666333624,0.1391359145938551,0.10605550940482807,0.0534447,0.348565,0.268877,0.307072,0.721197,0.405494,-0.470272,-0.0956695,0.22083,-0.250743,0.698819,0.172097,0.389437,-0.574781,70.24637438751094,-7.446808736290935,9.496887780077564,-3.707611322156577,0.5441974169711088,-23.567226515609825,42.58367164983599,62.32898951351213,-0.105921,0.0866731,-0.284929,0.530388,-0.202115,0.325837,0.756087
7.098158121109009,-0.07751957274612649,-1.610767057445419,2.7653488944274076,-0.4267932446028384,0.15182857412616046,0.09826819137476381,0.0535423,0.348699,0.268941,0.306062,0.723008,0.406225,-0.467512,-0.0953206,0.220005,-0.25083,0.699869,0.173937,0.391375,-0.571625,70.17107908402174,-7.391353394379523,9.186454078243997,-0.6594451491336741,3.1266197699725424,-25.22226562826085,45.20601472847933,62.938011642800305,-0.105654,0.0851218,-0.284099,0.532241,-0.202749,0.327398,0.753938
7.128754138946533,-0.07391936810553393,-1.7415142115384925,2.9472200743462222,-0.45931827647391427,0.1656093648516861,0.10501678545524191,0.0535228,0.348698,0.268967,0.304339,0.723052,0.404414,-0.47013,-0.0942258,0.217616,-0.250534,0.707994,0.16667,0.386207,-0.567283,71.37819083095519,-6.339351929053563,8.449606209237384,-3.2390441914921624,0.35816347037225427,-26.515765475561487,44.39540967888951,62.175196364515884,-0.105199,0.0831756,-0.283007,0.531235,-0.206799,0.329124,0.752796
7.159253358840942,-0.011531956766169178,-1.9505214888863625,2.9964718215485813,-0.46754259121805336,0.15122697566111018,0.12589272968849938,0.053486,0.348662,0.268953,0.305564,0.722352,0.405298,-0.46965,-0.0942568,0.216411,-0.250408,0.704831,0.164479,0.383507,-0.573658,71.6462170281039,-7.201917508968283,8.95065427904095,-4.417494522785393,0.5175205446601439,-24.489284282107512,43.23225440017934,62.228597608857285,-0.103508,0.0812025,-0.282657,0.525814,-0.202562,0.330807,0.757004
7.18843674659729,0.10276206632474123,-1.7524317562335234,2.77981501114174,-0.43168284832418485,0.12418070588466966,0.1176791123601331,0.0534646,0.34864,0.268962,0.306508,0.72283,0.40321,-0.470098,-0.0938307,0.215066,-0.2503,0.700514,0.165425,0.378612,-0.581865,71.77987866213721,-7.882920849402712,9.639193729054835,-5.057870516949162,0.9133859931871697,-23.031313516233077,42.56572665400187,62.33165586325928,-0.103374,0.0804682,-0.281822,0.524748,-0.212319,0.335729,0.752892
7.218895196914673,0.16486282062673208,-1.3150771418291176,2.5510842199503245,-0.3822311435397293,0.11764473295524515,0.10091601634907518,0.0534692,0.348639,0.268988,0.306804,0.722702,0.40302,-0.470263,-0.0934077,0.213813,-0.250259,0.705658,0.162248,0.380612,-0.575201,71.86849679990874,-7.197468977816537,8.835052724025171,-4.873073611960596,0.1538934798887226,-24.66574627371265,43.300887492829574,62.43209258626321,-0.102477,0.0782865,-0.281164,0.5247,-0.20718,0.333733,0.755241
7.2499964237213135,0.2299661657410267,-1.1437612458801827,2.619844573897082,-0.3739384945495871,0.1219422766516848,0.09320614191051232,0.0535014,0.348635,0.26902,0.306901,0.722581,0.40493,-0.468744,-0.0929298,0.212835,-0.250176,0.706356,0.161637,0.378819,-0.575701,72.18710148042412,-7.411106941596922,9.033747126594747,-4.793937266405745,1.3862393134753646,-24.351116442986104,43.41693650220969,61.99637786532215,-0.102057,0.0769545,-0.280517,0.525602,-0.205392,0.333245,0.755317
7.280855655670166,0.17773305483119245,-1.1160624352898982,2.768072885448494,-0.3737321738300091,0.13004083248085552,0.09138187795666913,0.0534778,0.348623,0.269042,0.307443,0.723314,0.40242,-0.469419,-0.0923672,0.21163,-0.250196,0.705541,0.16318,0.379094,-0.576083,71.87977170237998,-7.287549458009512,8.940549490666346,-3.4148333012531147,1.1451005723945258,-25.513750510858905,44.69553360878286,63.134983436466236,-0.101007,0.0755374,-0.279933,0.523541,-0.207215,0.335612,0.755203
7.311711072921753,0.0693695139911153,-1.0607831966168229,2.7891741371825525,-0.39129580036968054,0.14106322054877224,0.07144744388476892,0.0534721,0.348626,0.269061,0.307603,0.723451,0.402074,-0.469398,-0.0907722,0.209444,-0.250098,0.714568,0.15516,0.373804,-0.570603,73.07312170670865,-6.492165002801282,8.16346261236724,-6.8987325112862194,0.11089422679465599,-25.51251396008947,42.93481606507837,60.87233369082452,-0.100829,0.0745065,-0.278522,0.522719,-0.228273,0.340172,0.747623
7.3412792682647705,0.028743750228067595,-1.3867849080346766,3.0660140164829777,-0.4354650047833143,0.15227549739854576,0.08677653957352993,0.05348,0.348615,0.269089,0.307996,0.723643,0.401823,-0.46906,-0.0904912,0.208562,-0.249984,0.70933,0.157549,0.371386,-0.578015,73.00720096848232,-7.302661358794561,8.921835101527737,-6.042792820641644,0.8342274088127581,-24.568481029516356,43.27131304201693,61.8747035874619,-0.0994583,0.0729706,-0.27842,0.52178,-0.221664,0.341391,0.749708
7.368938684463501,0.024285375363792033,-1.5745272319641312,3.1681162635741154,-0.447223109580643,0.16369274059388722,0.10986737558601,0.0534566,0.34862,0.269145,0.30818,0.72384,0.402098,-0.468399,-0.0888444,0.206801,-0.250027,0.715833,0.15349,0.369835,-0.572055,73.5560976890687,-6.631570443965556,8.279187498916315,-6.786449074525493,0.27969189138860884,-25.734137570315532,43.443907948989796,61.291575641063794,-0.0983603,0.071113,-0.277701,0.526198,-0.215569,0.339764,0.749136
7.398728847503662,0.04536842823331126,-1.1836208940634758,3.129298986906815,-0.4292814215669572,0.15851840566213565,0.0819439871838695,0.0534427,0.348587,0.269118,0.308143,0.724281,0.401911,-0.467903,-0.0880584,0.205786,-0.250037,0.71422,0.156582,0.368531,-0.574071,73.44720283892912,-6.777011299634381,8.67265536770245,-5.102628635505674,1.1667913689163356,-26.435608151856805,44.76627069707148,62.125064497355524,-0.0979784,0.0703908,-0.276925,0.525482,-0.22808,0.344084,0.743945
7.429389953613281,0.09396993564714706,-1.1694364166125086,3.0814994947744134,-0.42333699102812095,0.15841031760251748,0.0822326364204247,0.0534554,0.348576,0.269127,0.308304,0.724499,0.401598,-0.467727,-0.0873452,0.204795,-0.249994,0.715666,0.152559,0.367436,-0.574055,73.83952658240064,-6.843917845101075,8.346775810136457,-6.094223342311409,0.1417509634031333,-25.999782308829317,44.185764165577936,62.2503537892461,-0.0968124,0.0689335,-0.276806,0.526131,-0.21861,0.340925,0.747774
7.461015701293945,-0.053808045188493886,-1.242188198563926,3.097976967413009,-0.4192970943820791,0.16526882291388975,0.0723532286844105,0.0534027,0.348579,0.269183,0.309072,0.723834,0.404187,-0.466016,-0.0862498,0.203563,-0.250022,0.717569,0.152285,0.363422,-0.574307,74.314760265027,-6.966146848346477,8.768956237604609,-6.910544389935687,1.6301485667014717,-25.49221599211804,43.81400616522916,61.0843789145912,-0.0965099,0.0681061,-0.275528,0.526789,-0.238916,0.346735,0.738368
7.492344856262207,-0.004121772949877082,-1.3087319708356948,2.96304540638534,-0.4195755239691539,0.15413274720137135,0.07961463264986685,0.0534285,0.348632,0.269232,0.308175,0.724685,0.403241,-0.466108,-0.0859663,0.202964,-0.249872,0.714186,0.153014,0.361842,-0.579306,74.4265401942763,-7.446190146215842,9.078306703169282,-6.017464579353774,1.4837763161502622,-25.275517817677603,44.43243799534559,62.37528743747839,-0.0942737,0.0665895,-0.276019,0.522598,-0.221947,0.345725,0.747065
7.523219347000122,-0.12364902490191411,-1.2430522355564004,3.0318282270470136,-0.41089193909735205,0.16496506763908544,0.07543769933522931,0.0534431,0.348637,0.269271,0.308652,0.724868,0.403061,-0.465663,-0.0847267,0.20172,-0.249936,0.719888,0.152485,0.362105,-0.57218,74.48304564082297,-6.584336955928793,8.544371665902826,-5.481368029831682,1.7471720501726082,-27.284053120958454,45.50025185210107,61.897290383353955,-0.0931829,0.0654893,-0.275355,0.521036,-0.224717,0.344437,0.747922
7.550780773162842,-0.1687264690938645,-0.916865256373183,3.023807612941481,-0.39894296593458545,0.16755875854195962,0.0462427560343852,0.053396,0.348625,0.269286,0.309414,0.724489,0.40385,-0.465064,-0.0841259,0.200824,-0.249943,0.719146,0.152584,0.359737,-0.574574,74.6470826547609,-6.887162028103041,8.909016671509097,-5.83761203416347,2.2366401625086993,-26.70163699295444,45.25220028901371,61.788637996181535,-0.092917,0.0649912,-0.274621,0.522936,-0.236252,0.347488,0.741603
7.581866264343262,-0.24447263172338446,-0.9694290474072869,3.1912455542438662,-0.4109983450218433,0.18379906201659074,0.04438874280522569,0.0533276,0.348654,0.269275,0.309876,0.724519,0.403605,-0.464922,-0.0832932,0.199656,-0.24988,0.722455,0.148574,0.359278,-0.571756,74.97071379624234,-6.625886631258325,8.401914271737649,-6.623581799608388,1.2699854082409985,-26.930410640700508,44.97598389253382,61.664858502435685,-0.0912606,0.0634547,-0.274443,0.519504,-0.231399,0.348806,0.744919
7.610920190811157,-0.29816635097927063,-1.0049626993668181,3.2184466807646612,-0.4162542169106457,0.18949183838569733,0.03455031341692783,0.0533147,0.348647,0.269297,0.309989,0.724845,0.403273,-0.464627,-0.0825654,0.198543,-0.249873,0.721761,0.147432,0.358567,-0.573371,75.09558425235112,-6.855415955152267,8.382420210575628,-6.248740400693588,0.821004498061157,-27.005130125803184,45.415892089805176,62.610064388702156,-0.0901115,0.0620912,-0.273945,0.519267,-0.231266,0.346285,0.7463
7.64161491394043,-0.37419634365941457,-1.0331921554147263,3.2329156298736583,-0.4193284953260144,0.19369150231043356,0.03489810729543972,0.0533155,0.348656,0.269326,0.310241,0.724988,0.403203,-0.464296,-0.0819007,0.197748,-0.249886,0.722106,0.146212,0.355685,-0.575042,75.44033590261712,-6.995397997948727,8.51347976221189,-7.181554404978957,0.9058093809060352,-26.466282898398184,44.89863083525383,62.23421671907275,-0.0892916,0.0612275,-0.273507,0.519883,-0.229744,0.347664,0.745701
7.6737329959869385,-0.3563115789892141,-1.1618693733517116,3.3122259616224117,-0.44021148841591157,0.19599665441275702,0.039959815992169044,0.0533072,0.348663,0.269355,0.310609,0.725128,0.403044,-0.463969,-0.0811003,0.196462,-0.249752,0.725121,0.143454,0.354572,-0.572625,75.7492240498922,-6.732871260394205,8.166158376089914,-7.677463645399936,0.6703368165473691,-26.84620797686548,44.87816325153905,61.907191163987356,-0.0883264,0.0596741,-0.272816,0.517393,-0.234763,0.34613,0.746582
7.7021565437316895,-0.39694238626279404,-1.3579152852249647,3.3462308021922826,-0.4574916911008087,0.19370227789776312,0.050522503412660756,0.0532907,0.34866,0.26936,0.31071,0.725341,0.402596,-0.463957,-0.0805675,0.19535,-0.249699,0.723001,0.143239,0.354077,-0.575658,75.75673525675913,-7.101516461408505,8.305183175902158,-6.885970856188731,0.19470282660365257,-26.894425332235222,45.55828968519524,63.29735476418679,-0.0874594,0.0587522,-0.272283,0.518641,-0.239421,0.349943,0.742448
7.734240531921387,-0.39112834065036445,-1.2982272600166043,3.3884440729470326,-0.4720318564357933,0.19862088365433872,0.040812447395813176,0.0532634,0.348648,0.269387,0.310963,0.725579,0.402643,-0.463374,-0.0797069,0.194072,-0.249508,0.726875,0.139066,0.351451,-0.573407,76.347877938021,-6.850163436971244,7.930905303760916,-8.388586583623425,0.05848712728209904,-26.667063779675168,44.77325972693249,62.21912795002491,-0.0869975,0.0578745,-0.271217,0.51798,-0.248189,0.355405,0.737419
7.765403509140015,-0.41972721526757883,-1.4492960195370657,3.514640522801406,-0.4812917738018112,0.21294469355864332,0.05020520247413785,0.0532237,0.348638,0.269399,0.312018,0.724559,0.401787,-0.465,-0.0787303,0.192546,-0.249396,0.726608,0.14045,0.351336,-0.573479,76.06186449468194,-6.645775727662966,8.137982447740228,-7.386180260097692,-1.2908005732692232,-27.985677972832114,45.853577850886566,63.76097185865345,-0.0865569,0.0558718,-0.269936,0.522618,-0.249193,0.355952,0.733533
7.795877695083618,-0.378826564390817,-1.4069086577820291,3.3708432000123976,-0.4790411915591262,0.19447686720991397,0.046732576461980674,0.05328,0.348657,0.269473,0.312735,0.725365,0.401522,-0.46349,-0.0780938,0.191309,-0.249253,0.725323,0.138957,0.345606,-0.578925,76.64887430702726,-7.2779533316911955,8.521852993612164,-9.07451722495853,0.20949712816818788,-25.985922454026387,44.55103598699494,62.47659364531061,-0.0858884,0.0551932,-0.269245,0.520015,-0.253596,0.357117,0.733309
7.82383918762207,-0.2873574807729399,-1.5135462118614684,3.3723636188494894,-0.484423574724332,0.19362692538418397,0.056971750584403305,0.0532914,0.348644,0.269475,0.312408,0.725434,0.401206,-0.463876,-0.0777486,0.190936,-0.249229,0.725007,0.138913,0.346888,-0.578564,76.54175712327752,-7.234192071031219,8.406571176569539,-8.112772906979107,-0.6237731345284132,-26.74467445494954,45.400577019698694,63.675087462811724,-0.0846,0.0539135,-0.269636,0.517795,-0.240241,0.351283,0.74214
7.855937242507935,-0.4292404101447111,-1.7129400208843946,3.4395843069813496,-0.5113502204042472,0.20776490145338458,0.058132842068924245,0.0532567,0.348691,0.269512,0.313024,0.725824,0.400751,-0.463242,-0.0768256,0.189517,-0.248971,0.728036,0.1386,0.345482,-0.57567,76.67554019445618,-6.846634835754002,8.208469093683934,-7.741845568934291,0.180324319558558,-27.644896792789687,45.91641826621147,63.05109147739716,-0.0828277,0.051898,-0.269067,0.514846,-0.240502,0.353542,0.743035
7.884359836578369,-0.39087891664233043,-1.7992830937851083,3.429407144834746,-0.5065796992611027,0.2022736134605272,0.0586735089880585,0.0532153,0.348676,0.269499,0.313172,0.725388,0.400669,-0.463896,-0.0764762,0.188896,-0.248918,0.726644,0.140098,0.342466,-0.578859,76.79438145538356,-7.007551570738128,8.743195901141071,-8.032543651960363,0.21452009046688403,-27.40492762320401,45.803712412934075,63.16587887272439,-0.082391,0.0516029,-0.268595,0.512343,-0.242284,0.35184,0.744991
7.928114414215088,-0.5411702130966407,-1.973610859231539,3.6302770977979457,-0.5650591583024139,0.21354870652679386,0.05265467372078914,0.053208,0.348723,0.269574,0.312991,0.72613,0.400733,-0.462801,-0.0755342,0.187744,-0.248892,0.728291,0.136633,0.340743,-0.578635,77.28296676785585,-7.093154110471015,8.438018347157772,-8.651397637727062,0.05015720922351363,-27.265134700966875,45.753903628345775,63.20540318637966,-0.0811022,0.0508267,-0.267826,0.509182,-0.251083,0.354039,0.743201
7.95728874206543,-0.32526620489698566,-2.2632149440521783,3.899870630706462,-0.6011380140585297,0.21938643008666495,0.0884309100111344,0.053205,0.348715,0.269615,0.313188,0.726368,0.400655,-0.462363,-0.0748564,0.187275,-0.248864,0.731808,0.135744,0.341788,-0.57377,77.2834574267706,-6.569026999526625,7.985581925998076,-8.25795356830876,0.056140768041800015,-28.421343651973878,46.31166557282917,62.92569938639207,-0.0797754,0.0497202,-0.267707,0.509434,-0.248422,0.353153,0.744343
7.988246202468872,-0.17713662078188067,-2.235039140992376,3.8314353835682833,-0.596001035400908,0.20834426568120512,0.10062494240467411,0.0532115,0.348757,0.269679,0.314157,0.726366,0.400509,-0.461834,-0.0738497,0.186993,-0.248973,0.732598,0.133368,0.342733,-0.572754,77.27558631497939,-6.630034902124949,7.649554842887088,-8.629579981106584,-1.041014583782399,-28.172883798296617,46.01148784817165,63.41250292015075,-0.0783362,0.0492722,-0.267765,0.510921,-0.246592,0.353505,0.743765
8.016201734542847,-0.0695015945416265,-2.317873194541934,3.9391601897766417,-0.6105015832217594,0.19766671395856975,0.1108251338188434,0.0531966,0.348754,0.269717,0.31443,0.72667,0.40028,-0.461368,-0.0727617,0.186365,-0.249128,0.730609,0.135145,0.339003,-0.577083,77.45344455516576,-7.009615953547647,8.203866493992116,-8.84552245721552,-0.6594637639439469,-27.618120280547906,45.954427541412144,63.639990881714375,-0.0769921,0.048558,-0.267552,0.509102,-0.249172,0.352181,0.74478
8.048277139663696,0.03277679799857527,-2.4698009307010182,4.069993730175803,-0.6316981496472772,0.20174911183516286,0.12646085199817245,0.0531765,0.348769,0.269734,0.314782,0.726685,0.400257,-0.461124,-0.0718499,0.185649,-0.249046,0.732967,0.134531,0.338949,-0.57426,77.499926574926,-6.681914381108809,7.985043383143829,-8.53924025512212,-0.8688702718959149,-28.42146901575321,46.369011505057024,63.652490166883396,-0.0763205,0.0484854,-0.267378,0.510996,-0.252427,0.355571,0.740765
8.078744649887085,-0.004973744112488783,-2.562480022447213,4.003987163932027,-0.6477197449648774,0.19411522543145834,0.11830071221510255,0.053143,0.348754,0.269792,0.315034,0.728309,0.397508,-0.460767,-0.0707118,0.184735,-0.249012,0.732887,0.133242,0.337186,-0.575698,77.65161242449454,-6.734224405823014,7.712384578155898,-8.719808061575225,-1.365225761128066,-28.32673407902552,46.33480557583654,63.94860724944217,-0.0758832,0.0477567,-0.266491,0.51077,-0.264159,0.353812,0.737666
8.110761880874634,-0.15620803471669403,-2.713034789918805,4.063763861152512,-0.6735354271390569,0.20329106103334754,0.12652414326709843,0.0531503,0.348772,0.269825,0.314988,0.727625,0.3996,-0.46007,-0.0695467,0.1838,-0.248924,0.733411,0.13293,0.335242,-0.576239,77.95813363467512,-6.880735009921967,8.011098334013877,-8.557473372913886,-1.3860092837890647,-28.413791249323815,46.69810775768194,64.42497573353687,-0.0739953,0.0464086,-0.26621,0.509925,-0.257331,0.355293,0.739949
8.14262342453003,-0.0843782835691732,-2.789971192580393,4.085789862982978,-0.6758019812799967,0.20057211840354863,0.13325617302696321,0.0531419,0.34877,0.269884,0.314983,0.72706,0.400322,-0.460339,-0.0687244,0.182942,-0.248871,0.733757,0.134085,0.333525,-0.576526,78.05834481326339,-6.806875800524322,8.332378047455244,-8.197367260793296,-1.4918319540027696,-29.0981619809857,47.329657961535474,64.91803844334397,-0.0727283,0.0454101,-0.265944,0.508444,-0.256474,0.35612,0.740867
8.172286987304688,-0.18345607303308964,-2.6035377836539952,4.054008782898394,-0.6670968788145429,0.1987580182638437,0.1050548646542573,0.0531242,0.348765,0.269902,0.314986,0.727268,0.400313,-0.460016,-0.0679834,0.181767,-0.248628,0.733464,0.131552,0.330194,-0.579393,78.55736517099947,-7.124894775212104,8.43675187481162,-9.19143293578269,-1.8213538289866023,-28.18070804505887,46.753963736758024,64.95967772244292,-0.0731028,0.0445464,-0.264505,0.508646,-0.27035,0.357335,0.735188
8.201095819473267,-0.20100138555211153,-2.640176642201009,4.0865975812515885,-0.6727879119250518,0.20265908140722072,0.1200702364946174,0.0530876,0.348793,0.269894,0.315456,0.727044,0.400417,-0.459958,-0.0675798,0.18079,-0.248413,0.734836,0.132161,0.330657,-0.577248,78.44130962874203,-6.870782741672623,8.369709984811351,-8.176768528942677,-1.491620713272141,-29.234035649016356,47.63278831079948,65.18574664533435,-0.0720908,0.0434852,-0.264273,0.507664,-0.263277,0.357938,0.738135
8.230672597885132,-0.13917629990199867,-2.559015657480017,4.091120538607815,-0.6574970423602828,0.20769159456518116,0.11104985831326314,0.0530486,0.348832,0.269829,0.316048,0.72709,0.400118,-0.459738,-0.0672455,0.179587,-0.248255,0.734623,0.130161,0.328763,-0.579052,78.68958531578771,-7.101663461860611,8.377039897917676,-8.765175813310304,-1.5253370921381375,-28.65031797167982,47.3110633984376,65.18669937550783,-0.0724727,0.0419934,-0.263018,0.514466,-0.27061,0.35978,0.729831
8.26049280166626,-0.20163709625143075,-2.158994435282336,3.867180024707822,-0.6205818090133527,0.19628428795787747,0.08468850346361763,0.0530738,0.348754,0.269802,0.316579,0.726602,0.399814,-0.460409,-0.0670396,0.178787,-0.248009,0.734791,0.130286,0.328578,-0.578917,78.61070419097229,-7.009218888589483,8.436621548819101,-8.483246509023498,-1.846891262047592,-28.963875821303056,47.51760754878272,65.453719349023,-0.0724113,0.041525,-0.262324,0.510133,-0.276287,0.360851,0.730216
8.290712356567383,-0.11135362726426758,-2.1244418121639925,3.8793837553235777,-0.6143698771879085,0.19894704767675864,0.08716533154181545,0.0530214,0.348766,0.26983,0.316684,0.726058,0.40018,-0.460877,-0.0669406,0.177741,-0.247806,0.735865,0.126433,0.326685,-0.579478,79.06131403215268,-7.073051015789605,8.334489585643162,-9.941286398276862,-2.724055943514884,-28.444986916910118,46.87310816733567,65.40447531454691,-0.071695,0.0398947,-0.261741,0.510597,-0.26828,0.360369,0.73311
8.317948579788208,-0.15920933644938184,-1.9017162269911336,3.9077720261988103,-0.6066586487711357,0.19733811729929113,0.07914679777107211,0.0530287,0.348831,0.269836,0.316239,0.726716,0.400538,-0.459833,-0.0668267,0.176635,-0.247594,0.736008,0.12675,0.327336,-0.578859,79.07278646261543,-7.116693508086364,8.22068447402335,-8.278254399292646,-1.6391465195527175,-29.45053506899962,48.31730764377779,66.02379822098047,-0.0706489,0.0387829,-0.261281,0.505754,-0.266838,0.362091,0.736139
8.348912954330444,-0.11843620659917771,-1.839305984456906,4.0751468397269335,-0.5991807190529991,0.20471799497725815,0.06979263364069184,0.0530262,0.348858,0.269799,0.315843,0.727097,0.400344,-0.459672,-0.0666558,0.175949,-0.247416,0.736189,0.124274,0.325113,-0.580417,79.50280166423768,-7.275749752714297,8.167452871028136,-9.168612835578859,-1.8047394878303749,-28.830942016987883,47.835554127467404,65.83351789055261,-0.0705647,0.0381429,-0.260618,0.505688,-0.270496,0.363739,0.734034
8.379344701766968,-0.1389437901453621,-1.6348022871825345,3.7359376223502174,-0.5832958134333414,0.19238437972749164,0.06202656048603131,0.0530142,0.348863,0.269803,0.315878,0.727082,0.400299,-0.45971,-0.0663311,0.174821,-0.247283,0.737757,0.12324,0.325136,-0.578631,79.58749664210606,-7.059590261064941,7.9797703372769,-8.750435693460172,-1.8537262265909504,-29.784432017030646,48.57115272567316,66.15320006940941,-0.0693442,0.0366272,-0.260249,0.503531,-0.265573,0.363372,0.737488
8.408429384231567,-0.2957430831307823,-1.8458461681007925,4.086330017707445,-0.6165498016454913,0.21378361958486036,0.05097301506826917,0.052988,0.348805,0.269827,0.316731,0.726534,0.399701,-0.460509,-0.0661168,0.173884,-0.247041,0.738291,0.120927,0.325093,-0.578462,79.623043087444,-7.021606360992419,7.811801693060524,-9.33253480066153,-2.956471828658678,-29.657959174299855,48.268346862303126,66.47550876978367,-0.0690193,0.0361794,-0.259438,0.499596,-0.271528,0.365358,0.737014
8.43955135345459,-0.5361007912493133,-2.084036013390729,4.355305291628629,-0.6516697940512453,0.23262954613627068,0.050037794754058694,0.0530184,0.348853,0.269868,0.316335,0.727304,0.400074,-0.459241,-0.0656829,0.172937,-0.246873,0.737961,0.122193,0.322364,-0.580141,79.88102439871183,-7.205837137763079,8.082030492863645,-8.767471281181596,-1.2437415466366275,-29.789251760182644,48.85270446168956,66.16690579812199,-0.0681019,0.035051,-0.258805,0.496912,-0.271963,0.365139,0.738775
8.466671228408813,-0.5002284123279582,-2.1004761053899554,4.3690960465192,-0.6595896905657286,0.23319730858994875,0.04917930427014409,0.0530174,0.348858,0.269937,0.315753,0.727018,0.400679,-0.459566,-0.0649489,0.172001,-0.246724,0.740088,0.119882,0.32156,-0.578358,80.22121937431227,-6.9671593459209555,7.910085563663305,-9.002194153976458,-2.2010722532599516,-30.599601951580517,49.303168908632145,66.69842303210258,-0.0676138,0.0341325,-0.258127,0.499348,-0.275911,0.365561,0.735452
8.497168064117432,-0.41625741240994735,-2.0008984810784693,4.3522643588697205,-0.6524144887071154,0.23178350503128273,0.047835807965815116,0.0529968,0.348867,0.269948,0.315868,0.727131,0.400595,-0.459381,-0.0644031,0.17166,-0.246727,0.740054,0.120058,0.321575,-0.578357,80.19703651016005,-6.980568186401998,7.902428521090876,-8.571305648847865,-2.4284148022588354,-30.89291847915225,49.70288267546807,67.19065492369992,-0.0667896,0.0337089,-0.257957,0.499578,-0.274967,0.36686,0.735003
8.527647256851196,-0.4175301885176783,-2.120354637349654,4.328748079231131,-0.6593758093882182,0.23020456365107406,0.05764995987783949,0.0529468,0.348821,0.269978,0.31691,0.726786,0.39983,-0.459876,-0.0639537,0.171209,-0.246657,0.739933,0.120195,0.323289,-0.577527,79.86827178597248,-6.900647132731217,7.768570022073828,-7.916787863567929,-3.337874424890238,-31.34246385834441,50.11381847797744,68.01315537068022,-0.0657762,0.032918,-0.257686,0.499604,-0.275334,0.366863,0.734846
8.556543588638306,-0.30110713873681383,-1.9261859863064117,4.217507962554134,-0.6303581764333684,0.2125710441338595,0.06008228826268706,0.0529771,0.348865,0.270052,0.31649,0.727303,0.399606,-0.459544,-0.0633578,0.170957,-0.246672,0.741688,0.116592,0.321489,-0.577017,80.36339479088632,-6.845489730636849,7.463890462790399,-9.43828419558692,-4.023033661616864,-30.917876447749272,49.38931826802239,67.60264730471027,-0.0647398,0.0330254,-0.257585,0.497777,-0.277575,0.368412,0.734467
8.58865761756897,-0.1426423442588054,-1.6681913271670576,3.9633616987287392,-0.5882737012823247,0.19602320587988623,0.054696011662858736,0.0530069,0.348898,0.270095,0.316452,0.72776,0.399716,-0.458749,-0.0630914,0.171009,-0.24682,0.741349,0.117849,0.323883,-0.575859,80.07640332740543,-6.854123744814712,7.309260543351989,-7.9074514081415295,-3.725578846553063,-31.76527490290146,50.54309951453691,68.44381805252354,-0.0639137,0.0328642,-0.25778,0.495225,-0.275181,0.367714,0.737437
8.61578106880188,-0.32408695126092957,-1.6685696652300785,3.9519104458224237,-0.5878996007218716,0.20494537557581136,0.036969799401592875,0.0529641,0.348887,0.270099,0.316745,0.727442,0.399453,-0.459279,-0.0628066,0.170649,-0.246827,0.743954,0.115936,0.322917,-0.573425,80.27380675659217,-6.4769581551618955,7.10180520171814,-9.042853402583543,-4.292997086861028,-32.04817663678029,50.01900673407098,67.769902666683,-0.0637426,0.032474,-0.257519,0.494195,-0.278561,0.364696,0.738358
8.646034717559814,-0.48447893270991016,-1.9041249053314706,4.240388930765276,-0.6259958618329486,0.22689065256887683,0.04030059098395487,0.0529288,0.348884,0.270143,0.316641,0.727313,0.399736,-0.45931,-0.0627022,0.170392,-0.246731,0.743698,0.114957,0.324781,-0.572901,80.1836158541316,-6.53352339722983,6.91208239025438,-8.323913351666302,-5.054111406698837,-32.440849918052514,50.661538197667745,68.81460456939516,-0.063183,0.0322391,-0.257379,0.495247,-0.276749,0.366902,0.73724
8.676701784133911,-0.4563682784197388,-1.8324367961730532,4.095968688588725,-0.6145126366240586,0.2136081120270326,0.0378315429722401,0.0529525,0.348923,0.270177,0.316552,0.727749,0.399913,-0.458525,-0.0623587,0.169897,-0.24678,0.743416,0.113337,0.322222,-0.575031,80.57727218317784,-6.81696653199087,6.981374717443508,-9.361242199336328,-4.665551201855635,-31.624512373150274,50.14554970399302,68.46537367720167,-0.062314,0.0320577,-0.25742,0.493482,-0.276747,0.36827,0.737742
8.70799994468689,-0.36693887513269347,-1.815217218458822,4.272130822183699,-0.6334865986297601,0.21242651187564346,0.04705116936312112,0.0529321,0.348901,0.270166,0.31678,0.727368,0.399814,-0.459059,-0.0616911,0.16982,-0.246809,0.743928,0.114285,0.320225,-0.575296,80.6597385957086,-6.6816363000818075,7.240451060369843,-9.875809475225818,-5.007398633911116,-31.633582781861016,49.823453297628184,68.21802743881712,-0.0617939,0.0316014,-0.257108,0.492108,-0.279357,0.36682,0.738399
8.739602327346802,-0.21128573344277005,-1.921423478706422,4.380724052400843,-0.6422941393071103,0.20976421491887334,0.06566031247460287,0.0529175,0.348901,0.270175,0.316815,0.727379,0.399675,-0.459139,-0.0613121,0.169518,-0.246805,0.744029,0.115923,0.322425,-0.573606,80.32585932251862,-6.504967089230868,7.154892854660371,-8.154951716638141,-5.239615114711938,-32.963251988202835,51.1762987768514,69.28683631694084,-0.0610112,0.031525,-0.25725,0.490158,-0.278054,0.367244,0.739976
8.76991057395935,-0.12469266997843143,-2.0218691678044127,4.386490299955028,-0.649837675611537,0.21034851057259366,0.07489221180803593,0.052909,0.348949,0.270205,0.316907,0.727663,0.40003,-0.458314,-0.0609051,0.169282,-0.24682,0.745527,0.113765,0.323013,-0.571759,80.46357190437091,-6.444680598735755,6.807420869615999,-8.343405973547664,-5.351269142759627,-33.052316999659986,51.18294871013478,69.21980636479283,-0.0608286,0.0311475,-0.256885,0.493427,-0.279818,0.366536,0.737485
8.798179388046265,-0.004896173453206758,-2.02947310109742,4.323344989381663,-0.6368903875341985,0.1975407763651105,0.08569696131546407,0.0528956,0.348934,0.270204,0.316965,0.727382,0.399612,-0.459085,-0.0603763,0.169031,-0.246795,0.745017,0.114648,0.321318,-0.573202,80.51394896633815,-6.437693551110263,7.0833970137109326,-8.570586104801396,-5.95688328867864,-33.08142982617722,51.14190330741712,69.52807186685631,-0.0600085,0.0308168,-0.256936,0.493246,-0.279138,0.366522,0.73787
8.828959703445435,0.055299515675222885,-1.737507276932851,4.225929914039213,-0.6136764731488091,0.182788176747676,0.07583711274909932,0.0528941,0.349,0.270241,0.318111,0.726672,0.400676,-0.45849,-0.059951,0.168821,-0.246799,0.745519,0.11285,0.320659,-0.573274,80.63340346755204,-6.6193089583334475,7.08664523238793,-9.607060180914633,-6.030120276245881,-32.13743339807876,50.30815639578377,69.10481837394727,-0.0592383,0.0308313,-0.256865,0.488285,-0.2807,0.366018,0.740821
8.861088275909424,0.06282770319988275,-1.6028029882571784,4.108880716490135,-0.6076988979154101,0.17503375967353466,0.0715870522128509,0.0528929,0.349029,0.270265,0.318112,0.727114,0.400687,-0.457777,-0.059437,0.16854,-0.246794,0.74581,0.112591,0.319485,-0.573603,80.78742643281093,-6.681188004396653,7.086487763199507,-9.725578273693682,-5.660421888225535,-32.002049826112774,50.27231014570328,68.9174847049004,-0.0583704,0.0305236,-0.256926,0.48837,-0.280154,0.365674,0.741141
8.891640663146973,0.03010017570987086,-1.6894147660393828,4.185452454694752,-0.6136414771335698,0.1831796306309352,0.06978211075711029,0.052837,0.349008,0.270249,0.318381,0.726662,0.400784,-0.458223,-0.0590238,0.168591,-0.246916,0.746898,0.11204,0.318694,-0.572735,80.87243263753876,-6.513940024727969,7.103423657669751,-10.490920762607299,-6.32287782527176,-32.00400870979336,49.8689348617006,68.72583512127136,-0.0583059,0.030539,-0.256916,0.48964,-0.281947,0.365055,0.739928
8.928469181060791,-0.06630047796245372,-1.7676759725826026,4.2157639272962255,-0.6180202246353627,0.18565180990121402,0.06947429793207238,0.0528709,0.349063,0.270336,0.317776,0.727546,0.400862,-0.457169,-0.058547,0.168835,-0.246762,0.746562,0.114151,0.319212,-0.572467,80.77228233179805,-6.527721103069981,7.1276886201660155,-8.99938750181953,-5.492500202084244,-32.52308181623132,50.68627062904193,68.97308380154598,-0.0571765,0.0306157,-0.257116,0.488644,-0.281988,0.365462,0.74037
8.960561752319336,-0.044254639867985376,-1.697013120136347,4.280791183815821,-0.615161920398575,0.19059278526468376,0.0644083396887373,0.0528549,0.349021,0.270367,0.318658,0.726948,0.400115,-0.458161,-0.0577527,0.168854,-0.247039,0.746176,0.115336,0.320798,-0.571846,80.38185492600894,-6.389707782210373,7.144025444290147,-8.503601743739996,-7.03914952235408,-33.253375398339124,51.246699649108876,70.18544062889777,-0.0570283,0.0307243,-0.256923,0.489603,-0.28642,0.365379,0.738072
8.993140935897827,0.023248180474413314,-1.5531428390519666,4.221466941906122,-0.6069057857674343,0.18243601849544056,0.06842978586097787,0.052884,0.349083,0.270391,0.318203,0.72768,0.400489,-0.456987,-0.0572875,0.168665,-0.247167,0.748534,0.114168,0.320204,-0.569327,80.64106169794962,-6.168329135052796,6.863737536786758,-8.685293401251808,-6.314130427464924,-33.765864754085236,51.396365565837975,69.53224730325223,-0.0556603,0.0307581,-0.257415,0.486381,-0.281523,0.365388,0.742071
9.025678873062134,0.007722144316312408,-1.4362648921478778,4.1407448387301775,-0.5945687631173842,0.17446364135133896,0.06075458480921949,0.0528479,0.349102,0.2704,0.318376,0.727632,0.400616,-0.456832,-0.0569352,0.169018,-0.247275,0.74649,0.115479,0.32012,-0.571786,80.52658638518626,-6.486872888881093,7.117831084065834,-8.371133533729687,-6.601859737625588,-33.24103222667012,51.445834716027704,70.20025272063332,-0.0553759,0.0309948,-0.257444,0.48646,-0.285511,0.365027,0.740672
9.056373834609985,0.0978001718168107,-1.467289693564823,4.234813875526415,-0.5967036567165562,0.17601927829622657,0.06682492869469785,0.0528403,0.349129,0.270438,0.318234,0.727931,0.400388,-0.456655,-0.056633,0.169095,-0.247337,0.747544,0.11394,0.321601,-0.569885,80.51760035375405,-6.345322003601381,6.750469668095963,-8.2424725595049,-7.315934851612866,-33.67337199009433,51.71688359321965,70.60510141915123,-0.0544768,0.0309695,-0.257765,0.485369,-0.282384,0.364209,0.742986
9.086964130401611,0.13132440066969567,-1.2837013381825808,4.00497050784859,-0.5593628680685641,0.16816398143221137,0.06613245169360937,0.0528397,0.349141,0.270449,0.317864,0.728634,0.400358,-0.455816,-0.0564573,0.169442,-0.247445,0.748415,0.116244,0.325135,-0.566259,80.08900388839992,-6.040581569738931,6.453707409646707,-5.931850803638358,-6.7368270267412385,-35.29374572074679,53.3065959930997,71.23408145146293,-0.0542946,0.0310447,-0.257949,0.485208,-0.282051,0.362457,0.744074
9.114702463150024,0.14019444768705563,-1.1848574320731404,3.873761479776313,-0.5461729526218342,0.1669927943520052,0.05479736797613022,0.0528175,0.349152,0.270508,0.316218,0.729805,0.40022,-0.455209,-0.0562674,0.169614,-0.247532,0.749526,0.115761,0.325824,-0.56449,80.26058417022173,-5.84151421333096,6.139504376940565,-5.169515129805301,-6.764998646885331,-36.33670396692522,54.28637484306731,71.71338936988708,-0.0540413,0.0311059,-0.258028,0.484677,-0.281788,0.362511,0.744493
9.144095420837402,0.0662613628520947,-1.2529561756351357,3.981522927816787,-0.5548590417735246,0.1706023009209412,0.0550796154981401,0.0527783,0.349114,0.270483,0.317101,0.728818,0.399666,-0.45666,-0.0560819,0.169624,-0.24757,0.750404,0.116328,0.324778,-0.563808,80.16933101807453,-5.548752688723697,6.316954218942104,-6.099205159402647,-7.602350455572143,-36.4151497208133,53.59609051221066,71.25549470812564,-0.0534535,0.031215,-0.258198,0.480495,-0.282258,0.361999,0.74727
9.174531936645508,0.03169121133306991,-1.2634314821297072,4.0190290484876785,-0.5559760562760795,0.16561097886985854,0.04563766456554673,0.0527575,0.349121,0.270496,0.317689,0.728294,0.399379,-0.457338,-0.0558693,0.169566,-0.247523,0.745801,0.117142,0.319545,-0.572669,80.47736228169398,-6.393518246419099,7.2162848243849105,-8.01478382944656,-7.89502644428017,-33.82375177293384,51.981770788636915,71.24065225491712,-0.0531092,0.0312074,-0.258245,0.484057,-0.28321,0.361222,0.744983
9.20569109916687,-0.058512555887684004,-1.213051462178029,4.149051998157077,-0.5581881883155269,0.18195114240963034,0.04207529746068473,0.0527771,0.349232,0.270559,0.318835,0.728063,0.400484,-0.455939,-0.0549738,0.169798,-0.247759,0.750552,0.116674,0.324093,-0.563935,80.0690498658455,-5.698494522413029,6.494437280580112,-6.786157442180961,-7.6742289424432215,-35.63508187080006,52.854766615416914,70.93223886930242,-0.0524376,0.0320524,-0.258546,0.481665,-0.286517,0.362709,0.744546
9.236682653427124,-0.19382199411734574,-1.0792008215750508,4.170013888203265,-0.5619203025504563,0.19420706912310795,0.019310921274337926,0.0527496,0.349231,0.270594,0.318629,0.728601,0.400782,-0.454962,-0.0547149,0.169896,-0.247857,0.750335,0.115185,0.322963,-0.565176,80.34162648367959,-5.947711217559208,6.43658581096048,-7.540327129352338,-7.467512960872995,-34.8090822397367,52.32634505746337,70.66485638273896,-0.0521764,0.0318485,-0.258592,0.486631,-0.285224,0.361517,0.74239
9.265595436096191,-0.34810209931650166,-1.2121889471097047,4.442018960951935,-0.5993227113270133,0.2015828200462736,0.012877099159443644,0.0527169,0.349225,0.270619,0.318344,0.729014,0.40019,-0.455022,-0.0540846,0.169868,-0.247869,0.75,0.115314,0.31721,-0.568841,80.89024024145654,-6.101691763293388,6.904608193201973,-9.576733646322946,-7.160429716836404,-33.520863860537865,50.90930112330788,69.4806674045521,-0.0509847,0.0317626,-0.25885,0.483535,-0.284642,0.359484,0.745616
9.296056032180786,-0.3251881739162466,-1.1011014574041333,4.480012034152087,-0.5891750729520554,0.2090264738148258,0.011455078825700658,0.0526944,0.349169,0.270656,0.319443,0.728729,0.39934,-0.455453,-0.0535744,0.169882,-0.248097,0.752132,0.115766,0.320726,-0.563942,80.37491319102172,-5.564851678119149,6.4655144102601625,-8.684008296181549,-8.071456640882843,-35.04561283638632,51.66166005985737,69.94704168353574,-0.0505839,0.0319645,-0.25902,0.483737,-0.28603,0.358755,0.745306
9.326969623565674,-0.2746000778690956,-1.074080702997483,4.543997351801903,-0.5936313043898672,0.20652183763466544,0.020258296080978094,0.0526953,0.349177,0.270688,0.319552,0.728926,0.399117,-0.455257,-0.052998,0.170168,-0.248255,0.752735,0.115457,0.318416,-0.56451,80.6088735023244,-5.545274007522051,6.567144410007366,-9.919355383071515,-8.106999379364254,-34.44540973799487,50.803630667322395,69.21561593059246,-0.0495437,0.0320679,-0.259507,0.483783,-0.280657,0.358751,0.747317
9.357718467712402,-0.3273685843695903,-0.8762079090504372,4.428744214784289,-0.5799896986909109,0.2024795542307202,0.009844402815821515,0.0527039,0.349167,0.27072,0.319743,0.729119,0.398969,-0.454943,-0.0528575,0.170758,-0.24834,0.751326,0.11759,0.320269,-0.564898,80.25244613065432,-5.662072183329759,6.621786760955949,-8.76958850386264,-8.080608223277864,-34.569028613339576,51.2978212445777,69.83178557068533,-0.0493785,0.032113,-0.25974,0.484287,-0.281459,0.357034,0.747512
9.388447284698486,-0.29473234526238884,-0.9250754250165085,4.484095524137132,-0.5804687616811878,0.2011352703351837,0.015784168926441144,0.0527183,0.349224,0.270746,0.319236,0.729834,0.399408,-0.453767,-0.0527367,0.170893,-0.24838,0.751196,0.116922,0.321403,-0.564565,80.29430655788994,-5.807397668863036,6.403029436752938,-8.125827241917225,-7.715409749688959,-34.61271393517416,51.7562496989144,70.16698452451091,-0.0493948,0.0322427,-0.259773,0.484245,-0.283872,0.355728,0.747249
9.418893575668335,-0.0980481639404103,-0.957362496213316,4.333726078167853,-0.5700229031778596,0.18485644183556552,0.030633748011217748,0.0526767,0.349164,0.270751,0.320388,0.729173,0.398719,-0.454622,-0.0521808,0.170742,-0.248565,0.751792,0.115885,0.321331,-0.564026,80.20252537211277,-5.685190066907831,6.3361108319347785,-9.101813173936723,-9.043660603667142,-34.49792085402736,51.22774198016449,70.33117107327749,-0.0495622,0.0328685,-0.259906,0.484287,-0.286938,0.357064,0.745411
9.4503653049469,-0.030367368986905334,-0.8170201801156961,4.392278110159297,-0.5637186229952793,0.18401223134779926,0.030284324371517977,0.0526606,0.349168,0.270732,0.319961,0.729189,0.398913,-0.454727,-0.0521853,0.170899,-0.248603,0.751301,0.117378,0.321722,-0.564148,80.10736201270663,-5.66602474043357,6.461166642426907,-8.352982175949986,-8.964465924329033,-34.953160280261194,51.78133610391073,70.72817192815117,-0.0493684,0.0330658,-0.260181,0.484386,-0.284415,0.357197,0.74625
9.478118181228638,-0.005196670797590678,-0.931357352379702,4.423456278746394,-0.573788834142969,0.18634561979259304,0.03303010507173296,0.0526661,0.349159,0.270715,0.319968,0.729138,0.398973,-0.454751,-0.0523813,0.171052,-0.248616,0.751414,0.118436,0.322014,-0.563611,80.00630929549826,-5.58253138828759,6.515311133348856,-8.041119579685809,-8.563834526451458,-35.171813103977435,51.892912134923705,70.50897051867481,-0.0496509,0.03307,-0.260234,0.484774,-0.284544,0.356855,0.746112
9.510178565979004,-0.07836197655552175,-0.8656978439606436,4.517723542072069,-0.5759436844923428,0.19556964465106594,0.02181841785605993,0.0526842,0.349148,0.270723,0.31989,0.72909,0.399087,-0.454783,-0.0526166,0.170875,-0.248547,0.749333,0.117012,0.320594,-0.567475,80.2384782877184,-6.064005039014517,6.693847191488828,-8.917942577896763,-8.821548893809727,-33.88365530713046,51.29439642542846,70.7745650776443,-0.0503251,0.0331397,-0.26017,0.488342,-0.282665,0.358062,0.743918
9.540644884109497,-0.19336622863156655,-0.913401595961424,4.495785315072322,-0.5804708173266616,0.19398795704497998,0.017648784421051462,0.0526733,0.349142,0.270706,0.319863,0.729035,0.39918,-0.454809,-0.0528419,0.171064,-0.24832,0.749848,0.116375,0.315786,-0.569617,80.75289887327929,-6.13237541939667,7.046925529796187,-11.151656583101808,-7.901907969009237,-32.23521502607297,49.35841076333816,68.73576965252109,-0.0509939,0.03315,-0.259916,0.48707,-0.285499,0.358677,0.743374
9.571114540100098,-0.11269502505092929,-1.1236612483566224,4.413762131251571,-0.5802223186860513,0.19779212705872917,0.0369924736248058,0.0526609,0.349112,0.270614,0.320634,0.72827,0.399109,-0.455554,-0.0527965,0.170786,-0.248423,0.749096,0.119842,0.319386,-0.567879,80.04891437268451,-5.939571575332236,7.132001384845147,-8.777638695043098,-8.183394491716243,-33.89282591871277,51.018649681748585,70.1074265243271,-0.051774,0.0329494,-0.25956,0.492933,-0.285065,0.359326,0.73935
9.600826263427734,0.04429753979655598,-1.216656705005487,4.284683653425671,-0.5734152383046364,0.18062549802203431,0.05683399964371241,0.052711,0.34911,0.270676,0.319883,0.728904,0.399247,-0.454946,-0.0527665,0.170652,-0.248348,0.749002,0.119634,0.318554,-0.568513,80.24780395405716,-6.025815547598452,7.12633290350816,-8.663886412067779,-7.632838609684072,-33.87960682620987,51.20101931367062,70.02240257527049,-0.0517267,0.0328466,-0.259569,0.491532,-0.283618,0.359318,0.740842
9.63053035736084,0.1419160193214886,-1.1183441733236648,4.192787118391889,-0.5669851197190099,0.16820294740116548,0.05659254432407384,0.0527258,0.349096,0.270683,0.319792,0.728922,0.399207,-0.455017,-0.0527617,0.170524,-0.248266,0.747386,0.120676,0.316806,-0.571389,80.33274566642675,-6.285640759046858,7.468168424714296,-8.810045708461413,-7.312467376582788,-33.290628090841246,51.00967022297185,70.03758143553314,-0.0529189,0.0326545,-0.258988,0.492591,-0.292522,0.359041,0.736801
9.659303188323975,0.22132328870938778,-1.0414431751739737,4.115723076247771,-0.5498144052352841,0.16179066677515494,0.06822496523898706,0.0527232,0.349084,0.270652,0.319876,0.728872,0.399197,-0.455046,-0.0527235,0.170517,-0.24824,0.74722,0.121512,0.31615,-0.571792,80.32417488537548,-6.285712171879574,7.604793520203252,-8.7852926327262,-7.024791002641969,-33.212433391675724,50.915744907866035,69.8148255728479,-0.0523148,0.0326285,-0.259381,0.491051,-0.282484,0.360689,0.740928
9.688521146774292,0.17926511631578304,-0.8222867660582488,3.972985953151327,-0.5174389366861586,0.161911299474755,0.05844424602572954,0.052697,0.349071,0.270604,0.318865,0.728747,0.39926,-0.4559,-0.0527833,0.170534,-0.248232,0.746863,0.121762,0.316115,-0.572225,80.3959911688796,-6.219388168073541,7.694482171343591,-8.428168162981887,-7.804295775964022,-33.772318794748934,51.47231411465626,70.60107961738585,-0.0531617,0.0324428,-0.259191,0.497099,-0.284538,0.360915,0.735983
9.719255447387695,0.16068750062808518,-0.4398469350542752,3.7300392868549337,-0.46122876559613896,0.15218091152219887,0.0426713661357785,0.0527425,0.349043,0.270585,0.318674,0.72867,0.399323,-0.4561,-0.0532602,0.170798,-0.24817,0.744464,0.124115,0.315404,-0.575229,80.28938078692357,-6.503362924809708,8.114879895816191,-8.026844472857096,-7.155902388875219,-33.258452791109455,51.46565180730304,70.66557840599788,-0.0543566,0.0330505,-0.25924,0.500477,-0.28378,0.362062,0.733419
9.749168157577515,0.23885212347377888,-0.20050574985022088,3.7580863963332547,-0.42946567075591036,0.14760702582433172,0.04397594598103377,0.0527732,0.348976,0.270534,0.318787,0.72884,0.399309,-0.455763,-0.0537419,0.171138,-0.248127,0.743577,0.125148,0.316269,-0.575679,80.1216498445534,-6.613723276206948,8.14941393006249,-7.5692253512146515,-6.465583420687295,-32.92941317691277,51.37298045635826,70.40375161019855,-0.0548269,0.032913,-0.259555,0.499503,-0.27964,0.3617,0.735848
9.778201818466187,0.3324908160415033,0.25183820165488213,3.2843017026540497,-0.33565015966079065,0.12779841021602661,0.0253868945445974,0.0527632,0.348906,0.270488,0.319099,0.729218,0.397305,-0.456691,-0.0545235,0.171601,-0.248106,0.741887,0.125052,0.315781,-0.578141,80.02593022925159,-6.743075944735471,8.166242338063832,-8.480725799493822,-6.787784490333799,-31.896196245378114,50.36717471905668,69.94650498255774,-0.0572854,0.0337027,-0.259577,0.505121,-0.280458,0.362158,0.731463
9.8054358959198,0.13584070064376713,0.8068340285068787,2.8736196932851037,-0.25561309207161576,0.1271860513757411,-0.01780269893479191,0.0528425,0.348906,0.270388,0.319465,0.727637,0.400444,-0.456215,-0.0558628,0.172094,-0.247973,0.740393,0.127257,0.315529,-0.579711,79.95150078993882,-7.106243322427504,8.789761543871666,-8.428993181310378,-4.760342666419767,-30.801054027324177,49.75771051024335,68.8518812515722,-0.0599814,0.0341497,-0.259615,0.510708,-0.276702,0.363083,0.728549
9.835924863815308,-0.00850809237765985,0.9629618432547893,2.614753025569228,-0.21049959193330012,0.12416131470928528,-0.03984829654278222,0.0528696,0.348829,0.270312,0.318008,0.728426,0.39976,-0.456572,-0.0573197,0.172385,-0.24786,0.738667,0.127892,0.315394,-0.581843,80.02657642047811,-7.246599676013152,8.859725506505068,-8.11813690546428,-3.939022674045937,-30.656447100544277,49.89874144736664,68.68604269390242,-0.0618213,0.0344185,-0.259581,0.509951,-0.274611,0.365912,0.728455
9.866838216781616,-0.16704736457080585,1.1567665574973298,2.4088967704056405,-0.17258171949886086,0.12706065818363554,-0.06198253050614078,0.0529051,0.348749,0.270206,0.318736,0.727777,0.399943,-0.456939,-0.0587843,0.172417,-0.247565,0.736271,0.129513,0.314112,-0.585204,79.91113272056008,-7.5987407593325615,9.339227104731116,-8.564846838506622,-2.439418677561804,-29.269457778913285,48.89949914988225,67.51678082911499,-0.0648759,0.0346219,-0.258993,0.515458,-0.272438,0.368357,0.724151
9.894531726837158,-0.19790334973195764,1.3238852795189822,2.3100720331829083,-0.14248369375385123,0.1253185322744069,-0.07441811089856588,0.0529516,0.348714,0.270166,0.31864,0.727646,0.399932,-0.457225,-0.0597278,0.172298,-0.247259,0.733626,0.129762,0.312635,-0.589248,79.99208317329733,-8.04051001597,9.684249790036187,-8.90724248500683,-1.8234187024855046,-28.031093644842194,48.293745257050944,67.23359593764862,-0.067073,0.034635,-0.2586,0.520554,-0.272573,0.369817,0.719697
9.925776481628418,-0.25517769533357376,1.5385343981182555,2.2824312189669906,-0.12028971333896121,0.12587262349918169,-0.08306313301184894,0.0530168,0.348623,0.270119,0.319601,0.727111,0.39762,-0.459416,-0.0610566,0.17228,-0.246965,0.730292,0.130567,0.311335,-0.593883,79.7528872869186,-8.296561925431932,10.049670846475532,-9.949583866450038,-2.258542179398404,-26.648243739104664,47.09184663303621,66.84609175553427,-0.0693059,0.0343183,-0.258182,0.522803,-0.268785,0.369723,0.719539
9.956072568893433,-0.2186662347014833,1.6375188536356755,2.3136785879717996,-0.11049526778187878,0.12614474174604767,-0.08647303068916608,0.0531267,0.348541,0.270012,0.319747,0.727817,0.396513,-0.459152,-0.0623179,0.172124,-0.246684,0.729106,0.130916,0.306384,-0.597825,80.12296384551406,-8.57210921020924,10.430781107062508,-11.82446149196841,0.07583046650778869,-24.779341244430434,45.27691549714794,64.20222678755898,-0.0714674,0.0343008,-0.257844,0.521496,-0.266248,0.371377,0.720578
9.986234903335571,-0.3399599060079876,1.7111895700648658,2.172014588168381,-0.09074111755523846,0.1263159891263885,-0.09876194014421233,0.0531117,0.348486,0.269858,0.318591,0.727105,0.396846,-0.460793,-0.0635593,0.171908,-0.246482,0.727557,0.131169,0.310261,-0.597657,79.80783677146069,-8.537837312463429,10.362125437198472,-9.901107311950728,-0.9588087042206368,-26.027244177801016,46.8032558993568,66.17288218537828,-0.0738937,0.0343488,-0.257366,0.52129,-0.270022,0.372113,0.718941
10.017938137054443,-0.45080629873953065,1.762483982359429,2.1030631186897866,-0.07711804145455461,0.12563672863514694,-0.10792122900431728,0.0531624,0.3484,0.269779,0.317268,0.727591,0.396631,-0.461126,-0.0656751,0.171688,-0.246058,0.725732,0.129484,0.307292,-0.601763,80.298656112687,-8.919764455164831,10.559163732401554,-11.198425876187304,0.4228470034740113,-24.601908532176658,45.78446236876801,64.86370970032971,-0.0767735,0.0343291,-0.256614,0.520054,-0.274398,0.373384,0.717519
10.048572301864624,-0.46726301153526933,1.9639090443773737,1.965761616963955,-0.04839763289711204,0.1250270448088509,-0.12179052361571795,0.0532341,0.348362,0.269754,0.317055,0.727541,0.396821,-0.461188,-0.0673549,0.171891,-0.245907,0.724067,0.129809,0.31232,-0.60111,79.81370460896144,-9.049693447261893,10.284626966395802,-9.37761219555306,0.9611912856398988,-25.221946549319206,46.862585225148166,65.76714474781447,-0.0786561,0.0343148,-0.256323,0.524334,-0.270428,0.376763,0.714137
10.078233480453491,-0.4211750654231048,1.9330373123406441,1.9845327999160662,-0.04386554785142861,0.12736200307616966,-0.12164782087554112,0.0533494,0.348294,0.269697,0.316315,0.726243,0.399569,-0.461368,-0.0693803,0.171954,-0.245598,0.723611,0.128303,0.314191,-0.601007,79.89500761248863,-9.261780037360449,10.346494772720533,-9.322686295668849,1.8162216958308477,-24.89279840359122,46.86350608435373,65.52364961061448,-0.0806533,0.0342753,-0.25615,0.52442,-0.262861,0.37782,0.716338
10.108296871185303,-0.38123517453492195,1.9122784264459927,2.020017275617109,-0.04414847399827175,0.1283130763019301,-0.12257521483207058,0.0533924,0.348253,0.269607,0.316511,0.725794,0.399335,-0.462142,-0.071326,0.172133,-0.245402,0.721822,0.12703,0.316322,-0.60231,79.7027729423817,-9.497741772277319,10.237788120196047,-9.491199865998947,1.9877435254976774,-24.18440008503361,46.4686438104087,65.40832399167029,-0.0827385,0.0341698,-0.25584,0.52208,-0.26046,0.378585,0.718517
10.138564348220825,-0.47017642587018643,1.9383902246871947,2.0329547971575916,-0.04247049789376904,0.13112746056086885,-0.1258734273096712,0.0533721,0.348218,0.269528,0.31715,0.725161,0.399131,-0.462873,-0.0727018,0.17196,-0.245309,0.72109,0.124767,0.317454,-0.603063,79.64405026162851,-9.66132182974914,10.086201651836245,-10.343181121521216,1.7519043934947476,-23.39509405278512,45.7937721668351,65.14850162346906,-0.0844048,0.0342245,-0.25568,0.523009,-0.258468,0.380602,0.717494
10.168275356292725,-0.49577247993392237,1.9812425637682498,2.0600722830886737,-0.04050349123027232,0.13203833437598023,-0.1280138757512806,0.0533913,0.348211,0.269447,0.316416,0.725643,0.398449,-0.463208,-0.0742485,0.171515,-0.245152,0.71945,0.122996,0.314971,-0.606677,80.01910380622326,-9.999987324567146,10.19012224351485,-11.55460484935541,2.597697746415001,-22.384121537655112,45.13110363694,64.38726427400826,-0.0870604,0.034236,-0.255068,0.526015,-0.261557,0.382266,0.71328
10.196984052658081,-0.4713879211867663,1.9202865978395611,2.1368390994599906,-0.0401449512138837,0.1395119791230382,-0.12717926540747856,0.0534161,0.348185,0.269408,0.316241,0.725592,0.398402,-0.463448,-0.075288,0.171573,-0.245227,0.719206,0.123837,0.31928,-0.604539,79.57397627330535,-9.852293000517825,9.91430938509652,-9.907957316209608,2.935165383153077,-23.71064230931605,46.430065135073725,65.2347778785973,-0.0882955,0.0337028,-0.254997,0.528084,-0.256041,0.382846,0.713442
10.226430654525757,-0.38309380193095927,1.9122351980357166,2.154160086702097,-0.04641842499258874,0.13409653767095098,-0.1240882972513913,0.0534651,0.348159,0.269367,0.316444,0.726495,0.396813,-0.463258,-0.076828,0.171117,-0.245018,0.717163,0.121422,0.318188,-0.608021,79.75195657601908,-10.295196080633964,9.762198900082357,-11.009640714070198,3.8573451791099487,-22.331352758774365,45.554964041166045,64.40491755358116,-0.0900023,0.0336352,-0.254869,0.522711,-0.255457,0.386932,0.715401
10.25777792930603,-0.36123490816692605,1.8942692826872944,2.129876230298605,-0.047842789898095366,0.13242159662587322,-0.12209456585119463,0.0534121,0.348172,0.269266,0.316017,0.725892,0.3973,-0.464075,-0.0787513,0.171141,-0.244906,0.714824,0.120992,0.322418,-0.608633,79.38777624141001,-10.527280470338113,9.637412040208353,-9.67872836743631,3.715856427361558,-22.738925508674846,46.542414389758896,65.74006585690171,-0.0915703,0.033131,-0.254643,0.519061,-0.24881,0.387655,0.719995
10.289357423782349,-0.3740172593638182,1.9071248463003945,2.1709769710113638,-0.04757236006256009,0.13609550050861074,-0.12374941353660301,0.0533875,0.348195,0.269188,0.315933,0.726041,0.396999,-0.464159,-0.0799372,0.170649,-0.244729,0.714109,0.1212,0.324013,-0.608584,79.21447835378908,-10.566176334373417,9.533986513359519,-8.740574429931858,4.647121541605387,-23.320449209330313,47.2941506532315,65.94045203065897,-0.0931799,0.032832,-0.254321,0.520199,-0.248727,0.388319,0.718844
10.31813669204712,-0.41467681996388994,1.8960146681050716,2.1523206430007242,-0.047633039441745365,0.13573560739477766,-0.12303984465807037,0.0533561,0.34818,0.269097,0.316234,0.725422,0.396831,-0.465064,-0.0810172,0.170539,-0.244702,0.714115,0.117157,0.32134,-0.610782,79.67700993657469,-10.771218750150869,9.52295355660642,-11.652125937627243,4.047797021845383,-21.468172142784447,45.34078820270221,64.67496581933005,-0.0951319,0.0331466,-0.253658,0.524132,-0.251361,0.392289,0.71289
10.346676349639893,-0.41241328485470247,1.8861977504377143,2.147950592089133,-0.04726185581645531,0.1353947001669473,-0.12150030820059422,0.0533812,0.348212,0.269018,0.316975,0.723945,0.399126,-0.464897,-0.0821301,0.170615,-0.244529,0.712393,0.118368,0.323723,-0.611301,79.31521950491204,-11.085302797941244,9.810393055143713,-10.685227106552166,4.9418167434819225,-21.233240844488,45.64300173996439,64.90656864930297,-0.0960995,0.03315,-0.253464,0.521535,-0.252085,0.393865,0.71367
10.376127481460571,-0.42994075548597194,1.8574036119364121,2.152724589318086,-0.046835845233722855,0.13692693878506515,-0.11957893916643998,0.0533395,0.348298,0.268884,0.31706,0.723757,0.39765,-0.466395,-0.0836114,0.170228,-0.244318,0.710721,0.116621,0.323675,-0.613605,79.31303060939227,-11.238057179173776,9.754589276464841,-11.352310123386491,4.461206919062924,-20.673659932566004,45.262315873099055,65.02467567911418,-0.0979394,0.0328417,-0.253065,0.524774,-0.252493,0.39245,0.711929
10.406962633132935,-0.43208775245320447,1.8857231816228865,2.2082565047808638,-0.04817657856142793,0.14057031945216694,-0.1225886253892602,0.0532939,0.348391,0.268714,0.317268,0.723273,0.397477,-0.467151,-0.084702,0.169986,-0.244153,0.709904,0.117389,0.325099,-0.61365,79.05644454005675,-11.217006191719252,9.803701643810431,-10.58117816941061,4.8928500905579,-21.12002279285351,45.721427295171246,65.21567343107635,-0.098829,0.0327539,-0.252983,0.522367,-0.25116,0.395613,0.712419
10.437487125396729,-0.5040542330361754,1.8957528703254234,2.1812099558768367,-0.051007000481739506,0.14238661595015994,-0.1266306017410892,0.0532758,0.348435,0.268597,0.317852,0.723227,0.396565,-0.467599,-0.0856203,0.169743,-0.243993,0.711953,0.115173,0.325794,-0.611323,79.09182397428434,-10.92104832321694,9.397593194310641,-11.474698811721272,5.136032390938077,-21.12879383116457,45.1010844637971,64.09493680128308,-0.099934,0.0322857,-0.252691,0.522199,-0.250642,0.394853,0.713146
10.468372821807861,-0.44849852436258714,1.8345921512795442,2.273934944881466,-0.05418067735187773,0.14690702841103814,-0.12302311081848327,0.0533681,0.348521,0.268451,0.316684,0.722944,0.396629,-0.468774,-0.0871091,0.169479,-0.243742,0.709927,0.115224,0.327395,-0.612812,78.99607286094223,-11.053118241395616,9.46388784791786,-10.369509703618252,5.1501262037028255,-21.726088514725433,46.085754666876284,65.17140663636584,-0.101353,0.0319183,-0.252581,0.522626,-0.246015,0.3951,0.714308
10.497167825698853,-0.4651107412326639,1.8489825952200967,2.318520626047601,-0.058410833094084166,0.15156270834136876,-0.1273172202283255,0.0534427,0.348511,0.268381,0.316801,0.722629,0.396891,-0.468959,-0.0885156,0.169268,-0.243454,0.710481,0.112205,0.32896,-0.611892,79.07251442762785,-11.088681777026745,9.113278285623988,-11.001432563746963,5.39084670520878,-21.30319645713812,45.626105741095195,64.61415423474949,-0.103119,0.0316078,-0.252091,0.522447,-0.246384,0.395257,0.714224
10.526850700378418,-0.7079377284208149,1.7400252798522002,2.612897204050448,-0.0850683756999563,0.1742576830036517,-0.12476527168843275,0.0534549,0.348493,0.268164,0.316909,0.722348,0.397461,-0.468835,-0.090919,0.16891,-0.243033,0.708478,0.111629,0.328691,-0.614459,79.10323479825782,-11.496345469300088,9.281582724084057,-11.236599090187955,7.427827527971672,-20.395232457188172,45.18555011030515,63.4927918079482,-0.105161,0.0312147,-0.251737,0.520338,-0.240978,0.397157,0.71655
10.557932376861572,-0.5806787970881752,1.724084040996787,2.687891510383635,-0.09924939317919242,0.17595677385874245,-0.13111294858171704,0.0534704,0.348476,0.267984,0.31741,0.721102,0.397344,-0.47051,-0.0932914,0.168636,-0.242704,0.70615,0.110133,0.329617,-0.616907,78.9565362769578,-11.778768640546136,9.395989264911304,-11.954474056639274,7.420932099712431,-19.516548025052273,44.59598595045054,63.33030223729515,-0.108002,0.0309413,-0.250924,0.51967,-0.241431,0.39942,0.715623
10.584373474121094,-0.3877162180918367,1.6636252365113993,2.6278756200495783,-0.09444405787022862,0.16896937951919933,-0.12371806799606834,0.0534938,0.348419,0.267903,0.316335,0.72126,0.397646,-0.470738,-0.0951804,0.168558,-0.242464,0.705186,0.111775,0.332455,-0.616192,78.6856076267325,-11.725406574604591,9.358519282669672,-10.14663581421119,8.970768056267694,-20.859877204647113,46.014316340315816,63.71138408084868,-0.110288,0.0310742,-0.250471,0.519616,-0.242482,0.401067,0.714386
10.612954139709473,-0.2638328214051809,1.5424756758161444,2.6563684993339893,-0.09736711901790768,0.16432488061711342,-0.10994882935522879,0.0534947,0.348424,0.267794,0.315877,0.720292,0.398146,-0.472103,-0.0970995,0.168555,-0.242138,0.705622,0.106344,0.333467,-0.616107,79.01325319246956,-11.80019411159898,8.9845414663083,-12.033159025340513,7.800670355282492,-19.756169304371348,44.85557138766071,63.27895669781712,-0.111527,0.0307097,-0.250391,0.516696,-0.234525,0.402522,0.718331
10.643057107925415,-0.3997322847928236,1.6425636812966788,2.4533509921868926,-0.09743332254333034,0.15958263686661653,-0.11958549502056437,0.0535208,0.348376,0.267702,0.316082,0.719718,0.398045,-0.472926,-0.0987648,0.16834,-0.241748,0.705264,0.10399,0.333336,-0.616989,79.13216260775799,-11.909720703902815,8.905640988809036,-13.199483164647443,8.024701958674065,-18.86237703710598,43.95491651318315,62.28663123106356,-0.113674,0.0308595,-0.249753,0.516521,-0.237012,0.403089,0.717322
10.670949697494507,-0.37111583318339386,1.55883271347989,2.5544692242676397,-0.09607304847251384,0.16389775717529567,-0.1136145204498937,0.0535598,0.348341,0.267585,0.313923,0.719279,0.39995,-0.473424,-0.10051,0.168447,-0.241467,0.702502,0.104477,0.335658,-0.618797,79.10007080875415,-12.237130783842614,9.108165050544045,-11.451935414498845,8.400946113511843,-19.490882493195677,45.34349335565016,63.95373377699357,-0.115664,0.0309252,-0.249264,0.518274,-0.235769,0.405538,0.715083
10.701994180679321,-0.3902304255457196,1.5633564978747614,2.4459593030590607,-0.09232538130045681,0.1558064616079269,-0.1117261178611591,0.0536064,0.348346,0.267455,0.313923,0.718254,0.400528,-0.474489,-0.102355,0.168394,-0.241157,0.701147,0.103448,0.334896,-0.620916,79.18107056164155,-12.454427318232472,9.344603472817113,-12.4637632556873,8.854521759127273,-18.606343458155678,44.58787998554833,63.12993696150325,-0.117908,0.0312195,-0.248625,0.515646,-0.24228,0.407837,0.713498
10.729982852935791,-0.2904960043547609,1.60191097949421,2.377227331303175,-0.08785726567081444,0.1494860266256806,-0.1079727648760628,0.0534761,0.348328,0.267267,0.313878,0.71636,0.401067,-0.476921,-0.103941,0.168522,-0.240981,0.702804,0.101614,0.339414,-0.616878,78.8728469926886,-11.95469628222142,8.99294276097217,-12.343196232454385,7.234519681614586,-19.54088174949233,44.866182014020055,63.74553070529952,-0.119387,0.0313957,-0.248325,0.513936,-0.243399,0.409561,0.713363
10.761834144592285,-0.21616941057955855,1.6368012259908413,2.365957501189437,-0.08389379860658634,0.14947119708071058,-0.1067586393920639,0.053486,0.348364,0.267193,0.312775,0.716804,0.400034,-0.477846,-0.104591,0.168458,-0.240807,0.704568,0.100807,0.338874,-0.615293,79.09076875898032,-11.548172562589457,8.78010175440986,-12.668962893386844,7.289555232834999,-20.271151452847207,44.931629145157636,63.19245371516392,-0.120193,0.0308518,-0.248004,0.516479,-0.237987,0.407399,0.71459
10.793321371078491,-0.17596650674004355,1.550717867063449,2.3957837323099294,-0.09540371916008242,0.14942330470961357,-0.09942456598105698,0.0534348,0.348303,0.267139,0.313442,0.715694,0.399929,-0.479159,-0.105054,0.168114,-0.240612,0.70542,0.0976648,0.339462,-0.614499,79.15643164930758,-11.452095724935294,8.5633095657623,-13.953014931458004,5.798238400596674,-19.637328975090462,44.09833354185526,63.08401995079753,-0.12022,0.030491,-0.248042,0.516867,-0.232477,0.406473,0.716647
10.821924686431885,-0.2242690241158897,1.551219768829285,2.451796728895021,-0.09551341864942456,0.15378003487296243,-0.10128660167345706,0.0534577,0.348274,0.267141,0.312984,0.715909,0.399746,-0.47929,-0.105124,0.168026,-0.24054,0.705229,0.0976254,0.339668,-0.614611,79.18150961601563,-11.441275110820733,8.52714755112245,-13.63316898230767,5.714699286973946,-19.875492881031946,44.37437878125192,63.414907195005256,-0.120224,0.030498,-0.247899,0.515351,-0.232708,0.408175,0.716696
10.853222370147705,-0.25351244996968814,1.4729420802649007,2.461904294124423,-0.10540878183954341,0.15280526028709013,-0.09818927417018919,0.053439,0.348247,0.267166,0.312889,0.716146,0.399863,-0.478899,-0.104918,0.167777,-0.240512,0.703949,0.0984031,0.336601,-0.617634,79.39661715803733,-11.72968504614496,8.90816898675483,-14.084948586354951,6.343970774468062,-19.159981587864856,44.03595972859385,63.03147341326992,-0.119803,0.0303788,-0.247891,0.513223,-0.233579,0.40862,0.717685
10.880681276321411,-0.274350418254655,1.4318888341645384,2.5109425105970495,-0.11720304782562212,0.15716066585720959,-0.09438971926212952,0.0534686,0.348246,0.26717,0.312315,0.716039,0.401892,-0.477734,-0.104243,0.167766,-0.240582,0.70472,0.101208,0.33757,-0.615771,79.27452856973285,-11.626350224071015,9.104698532119777,-12.254167493872142,7.481845381831235,-20.42080655359773,45.271387789056284,63.5766488444293,-0.119325,0.0304346,-0.247848,0.513163,-0.238587,0.407903,0.716488
10.9282546043396,-0.1292781451683604,1.3492166356741933,2.5936578998554993,-0.12033719420470727,0.16016605664887765,-0.0864410318072561,0.0534408,0.348263,0.267186,0.312754,0.7162,0.399797,-0.478962,-0.102674,0.167982,-0.240947,0.706193,0.102041,0.341349,-0.611849,78.7700244466277,-11.030451286204837,8.62920006977128,-10.901832309567435,4.958457939936757,-22.079476696512522,46.323746322803494,65.4353320696977,-0.117308,0.0302347,-0.248205,0.514452,-0.239959,0.405441,0.716503
10.958405494689941,-0.08822929995572437,1.290143936521246,2.549921052093924,-0.1210141832064769,0.15925785990944713,-0.08966239074281859,0.0534484,0.348291,0.267255,0.314228,0.715829,0.399984,-0.478397,-0.100654,0.167946,-0.241083,0.707878,0.106889,0.336105,-0.611977,78.77498506999814,-10.753265005901865,9.376990210475906,-11.467858757466058,6.2574023540345465,-21.956115936398056,45.545131670788265,63.62230336588325,-0.114883,0.0301412,-0.248816,0.515492,-0.23851,0.402395,0.717955
10.988593339920044,-0.28533609086280126,1.268761208837539,2.547815984274618,-0.13203626837661134,0.16054013952008106,-0.0930541996076059,0.053476,0.348313,0.267272,0.314903,0.716166,0.399429,-0.477911,-0.0994586,0.167804,-0.241246,0.70663,0.106076,0.332915,-0.615296,79.01812542100345,-11.129234788944178,9.587481428299736,-12.665582880811098,5.634912601745128,-20.470298408925366,44.5272003157752,63.506125704744356,-0.113538,0.0302797,-0.249006,0.514191,-0.242482,0.401743,0.717923
11.018248081207275,-0.4368481864831414,1.1468226651330427,2.7370235091799144,-0.15124153590987885,0.17716248389369355,-0.08930039455432914,0.0534243,0.348362,0.267331,0.313764,0.717068,0.399637,-0.477133,-0.0953068,0.167796,-0.24163,0.711888,0.1071,0.32885,-0.611231,79.58711322249167,-10.378142476624882,9.584289859760698,-12.700706138993137,4.1060720628932685,-21.71599980534652,44.75251355884404,63.603586881711976,-0.109322,0.0300753,-0.249547,0.519403,-0.246492,0.397315,0.715264
11.048086643218994,-0.34088099551792683,1.1582566413965596,2.975172759766308,-0.1669510846160504,0.18967275558564328,-0.08692683386227588,0.0534118,0.348345,0.267381,0.313498,0.717851,0.399255,-0.47645,-0.092755,0.167977,-0.241888,0.715491,0.109574,0.330941,-0.605429,79.34385804895152,-9.63521630116222,9.240280756010144,-10.638620816383746,3.2926254565727433,-23.97884857082301,46.197861390564604,64.50615946182965,-0.106184,0.0305377,-0.249992,0.519978,-0.250731,0.397413,0.713316
11.079250574111938,-0.46090335249728764,1.077761376354012,3.058308833734139,-0.17619932555839732,0.19299023903289672,-0.08414486697290222,0.0533439,0.348413,0.267442,0.313538,0.717964,0.399551,-0.476005,-0.0892834,0.168304,-0.242256,0.714259,0.11896,0.32749,-0.606987,78.9734918972665,-9.464086342660782,10.328709129371791,-8.033195314885827,3.472831881681998,-25.417576128779082,47.73756197278963,65.75154548862308,-0.102349,0.0304092,-0.25065,0.520265,-0.259758,0.389185,0.714412
11.111132860183716,-0.5078708738619246,0.8187717848091043,2.946542926139587,-0.18748100682690932,0.19087951350811805,-0.07755793149622871,0.053293,0.348582,0.2676,0.31498,0.718666,0.400038,-0.473578,-0.0855597,0.168081,-0.242516,0.721484,0.114606,0.321685,-0.602366,79.8916187941892,-8.991709028369812,9.921653367305073,-11.442911298480166,2.9150761914118632,-24.17124279994389,45.32941294039469,63.08457057034956,-0.0969986,0.030228,-0.251374,0.520005,-0.257316,0.386591,0.71689
11.144267320632935,-0.972634056226207,0.6042502068157427,3.345635744612986,-0.24186617440741243,0.2337453025621638,-0.10573310748271929,0.0531847,0.348723,0.267826,0.31498,0.718097,0.402362,-0.472472,-0.0822375,0.167931,-0.242923,0.723965,0.117554,0.320066,-0.599678,79.97850404261689,-8.686945642071512,10.292576655764964,-10.399981967708474,2.1228930982494276,-25.63243134236148,46.49906458669725,64.21487861686903,-0.0923825,0.029889,-0.252045,0.516948,-0.258979,0.383649,0.720076
11.17370343208313,-1.2053864583604919,0.5623871500603066,3.535119624192115,-0.25753502919774524,0.256905824471982,-0.12208335718250456,0.0531528,0.348857,0.26807,0.315176,0.719848,0.399685,-0.471949,-0.0788805,0.167658,-0.243217,0.725147,0.121192,0.319619,-0.597761,79.70912643996579,-8.214844818471136,10.174216842353868,-8.43827288331617,0.9471541345518872,-27.678267081980742,48.169107292194155,65.84289850798889,-0.0892556,0.0299206,-0.252084,0.519994,-0.269228,0.385353,0.71318
11.202215671539307,-1.255825674302885,0.45187697191007453,3.5995428129998794,-0.27419652957545443,0.26503648747055836,-0.12278358973014912,0.0531064,0.348913,0.268121,0.316399,0.718506,0.402037,-0.471176,-0.0771584,0.167466,-0.243552,0.726929,0.122261,0.322046,-0.594065,79.39899128084546,-8.029834443127069,10.177596978321027,-7.2818793234631976,0.20371348809138112,-28.747825372079312,49.14154710068689,66.95812552476586,-0.086528,0.0293056,-0.252758,0.515721,-0.264115,0.37922,0.721434
11.229668378829956,-1.376245137970562,0.3014530393315609,3.7887809088663533,-0.31324728629055343,0.27712630557608386,-0.1361310679974918,0.0529787,0.349069,0.268168,0.317569,0.718924,0.402667,-0.469209,-0.0745031,0.166955,-0.243956,0.727978,0.121911,0.318625,-0.594696,79.70593934799923,-8.232937010157555,10.320814127001256,-8.029348105965749,0.06296048699699952,-28.09278065540287,48.68905340736443,66.84690976383293,-0.0830245,0.0288872,-0.253356,0.511041,-0.268709,0.380108,0.7226
11.260536670684814,-1.663747385825201,0.160035288099992,3.970103862019552,-0.3468301957720085,0.2973787722805624,-0.1454413238982461,0.0528462,0.349125,0.268336,0.318348,0.719167,0.40246,-0.468486,-0.0719285,0.166497,-0.244319,0.728783,0.120381,0.312995,-0.597007,80.27277438088089,-8.425000038375133,10.57925387245583,-10.28430915322603,-1.1787000012404576,-26.857303372208968,47.44580552017508,66.58329387427645,-0.0802211,0.0283371,-0.253451,0.516323,-0.269794,0.377757,0.719668
11.291332244873047,-1.5000197507216202,0.01803011567409206,3.939631689545843,-0.3496611027533966,0.29309309332130307,-0.12651629207666273,0.0527392,0.349187,0.268422,0.317976,0.719995,0.401377,-0.468396,-0.069831,0.166391,-0.244631,0.731452,0.123378,0.31256,-0.593348,80.16981913369726,-7.755859268668299,10.518250341456262,-9.02032493988563,-1.7060215239742078,-29.115815478681746,48.839203966397704,67.25140413639119,-0.0782087,0.02822,-0.253702,0.518703,-0.272194,0.376293,0.717817
11.321984052658081,-1.358903951168105,-0.06617012891669943,3.8457122329730886,-0.3513016873147019,0.27431250964999326,-0.11271701419683441,0.0527827,0.349235,0.268606,0.320259,0.721833,0.398843,-0.466172,-0.0672979,0.166443,-0.244976,0.730904,0.123268,0.30967,-0.595557,80.17207290104596,-8.093460583046381,10.388092184109627,-10.228179585317374,-1.6527657943703176,-27.403089682966588,47.4641742067513,66.46487383661707,-0.0750337,0.0283342,-0.254268,0.518059,-0.274353,0.374814,0.718233
11.352787494659424,-1.1116583336916068,-0.21393709783323403,3.7331348146436785,-0.3574832590729523,0.2595355495843744,-0.0887904853419249,0.0526615,0.349333,0.268712,0.321725,0.721564,0.39973,-0.464817,-0.0652721,0.166363,-0.24534,0.732099,0.127265,0.311065,-0.592514,79.68947496034892,-7.857630435506622,10.528604795840518,-8.41823494817086,-1.2389358289984571,-28.825936529490143,48.73696041947223,67.14840422852865,-0.0728633,0.0286361,-0.254596,0.518533,-0.277956,0.375773,0.716002
11.382665872573853,-0.9323195730460756,-0.39279355596599735,3.827049623183213,-0.3722906056435851,0.2516029263546808,-0.062148513522161865,0.0525419,0.349425,0.26889,0.323152,0.721422,0.400099,-0.463729,-0.0624129,0.166695,-0.24581,0.734537,0.127024,0.310234,-0.589979,79.7116602174485,-7.656969185656184,10.422622953296571,-9.129661681325235,-2.7013918562684367,-28.842479369296505,48.336543484384585,67.35480080075585,-0.069632,0.0287114,-0.255262,0.518883,-0.281786,0.372371,0.716029
11.413852453231812,-0.7244943935726108,-0.333194120181179,3.9829306609528796,-0.38843602532566013,0.23914292363052972,-0.03908851484454244,0.0525615,0.349448,0.269101,0.324127,0.723387,0.398958,-0.460962,-0.0593899,0.166737,-0.246279,0.737531,0.127745,0.310302,-0.586039,79.64787585355265,-7.345981566137919,9.926336699150855,-8.49992943409939,-2.4667488244447284,-29.72397359760452,48.85449589386547,67.25483236405151,-0.0652287,0.0288223,-0.256618,0.51249,-0.278364,0.36817,0.724098
11.443800449371338,-0.46297235667333614,-0.006756040492078123,4.093801087848945,-0.380120231068198,0.23390723507666852,-0.047601700949198474,0.0525562,0.349485,0.269218,0.324463,0.724017,0.398474,-0.460153,-0.0565735,0.167152,-0.246861,0.738538,0.131197,0.309562,-0.584398,79.46372841086209,-7.059831231914546,10.065003714262701,-7.606635265521273,-3.275233715609204,-30.947073801650724,49.765312336249934,68.16597532666802,-0.0622315,0.0291777,-0.257419,0.514485,-0.282646,0.36594,0.722153
11.4724702835083,-0.6816754554780428,0.08063292285249514,4.249012571474821,-0.39676087408579214,0.2413989221577559,-0.06639709018121288,0.052523,0.349489,0.269299,0.324832,0.724468,0.397977,-0.459614,-0.0545619,0.166963,-0.247075,0.739821,0.128654,0.306645,-0.584877,79.89261827487555,-7.100806146557845,9.94995906006525,-9.250846125899212,-4.759274586325056,-30.193792927756952,48.87473525411827,68.18180775865243,-0.0596595,0.0290795,-0.257821,0.509828,-0.2855,0.363287,0.725664
11.499857902526855,-1.0505727230546322,0.05661447761477639,4.51149112516006,-0.41775591888107505,0.2781993350592847,-0.091105659963735,0.0524957,0.349534,0.269356,0.325407,0.724732,0.397748,-0.458989,-0.052489,0.166949,-0.24738,0.740267,0.13308,0.306633,-0.583327,79.5392437834815,-6.839468274602707,10.192033240112245,-7.57360586586837,-4.773280946513502,-31.676963137859055,50.171886399195806,69.04564240922129,-0.0573802,0.0288752,-0.258089,0.513754,-0.28495,0.362509,0.723497
11.530049562454224,-1.3094079901648625,0.01226415671501324,4.79734539014573,-0.44983702902021544,0.3040989064708154,-0.11154033520755961,0.0524637,0.349534,0.269461,0.326563,0.724127,0.396985,-0.459781,-0.0503103,0.166612,-0.247566,0.740605,0.133035,0.304066,-0.584252,79.60909893279934,-6.7777023848051545,10.420608013910385,-8.684534819430201,-6.864438255128938,-31.490742838709885,49.74512715142067,69.72138066421216,-0.0552258,0.0285363,-0.258119,0.516656,-0.288687,0.361691,0.720351
11.561006307601929,-1.4299166683131637,-0.02014467341704604,4.927877593986391,-0.4797788240885266,0.31611405624912875,-0.13048090171088225,0.0524491,0.349569,0.269585,0.325591,0.72494,0.396966,-0.459205,-0.0481201,0.16581,-0.24765,0.743687,0.134316,0.29814,-0.583096,80.24848106232457,-6.342806547310512,10.72672791097467,-9.459708991760909,-6.436361267631796,-32.59076804726843,49.996651561037254,68.98688055485722,-0.0523783,0.0276793,-0.258076,0.51399,-0.288395,0.360132,0.723151
11.591965913772583,-1.7627453965673423,-0.2937880724349075,5.317775268838993,-0.5295281358830188,0.34594633124678675,-0.14109817834584273,0.052442,0.349537,0.269666,0.326103,0.725375,0.396761,-0.458332,-0.0471846,0.165167,-0.247542,0.744168,0.131492,0.299444,-0.582458,80.29134182881138,-6.479859415374672,10.289279044238288,-9.219324865268067,-7.355695304450748,-32.48772193278372,50.2635534890893,69.86810433445736,-0.0512394,0.0271341,-0.257603,0.512522,-0.292155,0.359116,0.723189
11.62080192565918,-1.7546111349131144,-0.4583932319921948,5.196448343965584,-0.5369292363879203,0.33464944648053774,-0.1352780439436777,0.052408,0.349622,0.269718,0.325858,0.725571,0.396861,-0.458109,-0.0459246,0.164247,-0.247434,0.744121,0.129918,0.298626,-0.58329,80.51364419976275,-6.615536562700811,10.225776057541186,-8.903075031504098,-8.480250592669464,-32.80587781721946,51.01846291646846,71.2136910299465,-0.0495186,0.0263168,-0.257063,0.50983,-0.294796,0.360896,0.723134
11.648036479949951,-1.7514504530527917,-0.5309565492236858,5.079966380069621,-0.5393163107415907,0.3305041009697031,-0.13804611938245898,0.0524504,0.349638,0.269788,0.327281,0.724627,0.398057,-0.457551,-0.0453443,0.163648,-0.247375,0.74469,0.131872,0.298876,-0.581997,80.26072675013819,-6.569988402209817,10.458116644183722,-8.221522085298123,-7.5808167742534565,-33.24969467289771,51.37413720444045,71.03721763753421,-0.0493574,0.0257907,-0.256397,0.508931,-0.304007,0.36061,0.72009
11.678734302520752,-1.6524686784880944,-0.7835544176753694,5.029258617824025,-0.563532827556614,0.32170477749278065,-0.13049595817750043,0.0524764,0.349532,0.269833,0.32673,0.72497,0.398092,-0.457371,-0.0444332,0.161973,-0.24694,0.745497,0.127744,0.29443,-0.584146,81.04238978563313,-6.776285543035505,10.439497860619408,-9.741544639183434,-8.174601316462649,-32.48287093629987,50.89174555767263,71.02539793477237,-0.0474406,0.0239136,-0.255306,0.506991,-0.298929,0.36329,0.722234
11.709124088287354,-1.7482046302983116,-1.297638213441473,4.98877919068583,-0.6009638749183854,0.32526610139691975,-0.10823485621385752,0.0525021,0.349473,0.269851,0.326432,0.725292,0.397777,-0.457347,-0.0437222,0.160415,-0.24644,0.746554,0.124741,0.291948,-0.58469,81.52191512703193,-6.796658185911182,10.304139248816316,-10.265720315778228,-8.627948693177004,-32.44234814798231,50.93894594095541,71.22121667037764,-0.0465305,0.0220179,-0.254123,0.507554,-0.297003,0.363908,0.722322
11.738142490386963,-1.6015426093378478,-1.588546489653545,5.174289320340014,-0.625634467482426,0.32473129596055383,-0.08769168668614358,0.0526323,0.349408,0.269901,0.326547,0.725557,0.397851,-0.456781,-0.0435038,0.159389,-0.246104,0.746222,0.123661,0.29026,-0.586183,81.7552710613322,-7.017219836884664,10.346101363525047,-10.44406972207761,-8.01739600215818,-31.984481530928896,50.84870920163099,71.05333093460521,-0.046441,0.0211847,-0.253154,0.507477,-0.299512,0.36551,0.720529
11.768718957901001,-1.4913018324874723,-1.5150087551246556,5.06080485228537,-0.6220937067208846,0.3146665885914451,-0.08801940386722783,0.0527238,0.349362,0.269926,0.326102,0.725652,0.398111,-0.456721,-0.0436104,0.158173,-0.245671,0.745624,0.123694,0.288187,-0.587957,81.99617807001158,-7.173638162470718,10.567437244281177,-10.157170718986546,-7.190445362176618,-32.06417858920924,51.22343224996828,71.0805944816089,-0.0465045,0.0199556,-0.251895,0.506219,-0.301508,0.368946,0.718828
11.796353816986084,-1.3524113329484153,-1.604338379153111,4.851530641322288,-0.6091323650107375,0.29619068339269133,-0.06625209145048391,0.0527263,0.349343,0.269931,0.326086,0.725629,0.398178,-0.45671,-0.0436905,0.157187,-0.245231,0.745768,0.121355,0.286639,-0.589017,82.30844078972282,-7.31927200714294,10.514721661821746,-10.70890111172498,-7.191196316962063,-31.53094762629562,50.93275639283794,70.9528818402082,-0.0465933,0.0188799,-0.251084,0.505849,-0.300329,0.370044,0.719018
11.82479977607727,-1.200407014720459,-1.573446777384545,4.409917477464641,-0.5663486712614579,0.2643949454144497,-0.05358641596227715,0.0526744,0.349327,0.269965,0.325847,0.725891,0.398179,-0.456465,-0.0438989,0.155836,-0.244733,0.745136,0.119596,0.284235,-0.591337,82.67706987876623,-7.596032817508639,10.586656849401333,-11.03147816191932,-6.671045261540364,-31.020601861339962,50.90264867194229,70.91786619883348,-0.0470966,0.0177316,-0.249782,0.505755,-0.305492,0.371413,0.716197
11.855947732925415,-0.9160526690520845,-1.338385539037667,4.2421437178763055,-0.5336547817444925,0.2527536839047677,-0.037860684453947635,0.0527049,0.349271,0.269954,0.32593,0.725974,0.398332,-0.456139,-0.0436079,0.154687,-0.244465,0.746468,0.11858,0.283763,-0.590087,82.81851689077524,-7.473588549136399,10.453483956796024,-10.735593289879628,-6.262890678240261,-31.657119685647224,51.34998416130677,70.8872695267115,-0.0467837,0.0162078,-0.248651,0.508332,-0.302303,0.374132,0.714308
11.883414030075073,-0.7301311477757967,-1.1065641852079435,4.179039418282947,-0.5220177809752385,0.23854047221141264,-0.041503498536117865,0.0527549,0.349191,0.269932,0.325607,0.726309,0.397875,-0.456236,-0.0437955,0.154292,-0.244226,0.745848,0.119494,0.287732,-0.588763,82.39638850919084,-7.38613726822235,10.175802554767035,-8.301388047756294,-6.4992856878785545,-33.03724237685048,53.0023681783782,72.40573586513649,-0.0465821,0.0158851,-0.248237,0.502977,-0.305535,0.374474,0.716541
11.928168296813965,-0.6605146463599875,-0.9792019593539237,4.04624721608077,-0.49411028535186546,0.23691397003653888,-0.03917799069417021,0.0528866,0.349123,0.270048,0.325309,0.72693,0.397249,-0.456004,-0.0434333,0.152841,-0.24371,0.747834,0.116693,0.288017,-0.586663,82.61512950151494,-7.1573648934864815,9.70567505711304,-7.915794866461258,-6.62421159953751,-34.01687475862581,53.72960219296989,72.71638352448562,-0.0461058,0.0140072,-0.246603,0.504714,-0.305694,0.376317,0.714283
11.959569692611694,-0.9429626480439965,-1.0157773150214024,4.280721521295419,-0.4834239229579638,0.24683306732125185,-0.03246831500314923,0.052864,0.349152,0.270118,0.325613,0.726847,0.397494,-0.455706,-0.0430655,0.151774,-0.243426,0.747565,0.116236,0.286184,-0.587992,82.79627863740971,-7.326474555740677,9.852382301214597,-8.002690671844295,-6.251487542969734,-33.889261200837545,53.885473729475834,72.83095186298615,-0.0452196,0.013204,-0.245839,0.497143,-0.30816,0.378515,0.717365
11.989738941192627,-0.6240501733578767,-0.7717757936189735,4.0130653927036635,-0.48568794001723364,0.2224906902527689,-0.045024392488453954,0.0528504,0.349157,0.270115,0.325233,0.727153,0.397218,-0.45573,-0.0428597,0.1509,-0.243108,0.749324,0.112575,0.285479,-0.586807,83.17515739732534,-7.195646491544072,9.473384726972338,-8.672133949504055,-6.87800139772407,-34.036831291002706,53.807310364454096,72.81638564109313,-0.0449649,0.0123356,-0.245015,0.496891,-0.3105,0.378565,0.716504
12.01938796043396,-0.6998357851548882,-0.7337116940747086,3.9454186417533275,-0.4512598416304445,0.22116647534158468,-0.035047537202150265,0.0528172,0.349148,0.270139,0.324732,0.727362,0.396985,-0.455957,-0.0425023,0.149769,-0.242788,0.750047,0.111196,0.284486,-0.586628,83.41534427882128,-7.110527281028888,9.38026493326129,-8.477910071705434,-7.241644244378861,-34.7224605608267,54.459252426245264,73.38007171051545,-0.04392,0.0107945,-0.244076,0.496448,-0.30855,0.3803,0.716735
12.048119068145752,-0.63225417461644,-0.5856666578885409,3.8177727376990043,-0.4485148438948082,0.2103485096598855,-0.04722696423419427,0.0528496,0.3491,0.270194,0.324608,0.727351,0.396991,-0.456058,-0.0424907,0.148897,-0.242409,0.749179,0.107729,0.281469,-0.58983,83.93602012783866,-7.498074233776261,9.4199968623705,-10.099428104762492,-7.735706862120672,-33.26679457439666,53.56814236606087,73.26530922550359,-0.0436694,0.00998818,-0.243321,0.496886,-0.309892,0.382243,0.714816
12.077583312988281,-0.9119775030151538,-0.8630414962946725,4.272271536298658,-0.4880552249537313,0.2454039725832315,-0.045104947991873735,0.0529139,0.349049,0.27025,0.324399,0.727697,0.396575,-0.456015,-0.0424859,0.147633,-0.241961,0.749502,0.106503,0.282004,-0.589387,83.98821437562421,-7.460952830728765,9.200918741327811,-9.264199314356429,-7.652032608718862,-34.05412722358138,54.46306792661308,73.90072944916452,-0.043734,0.00881548,-0.241864,0.496234,-0.313148,0.384539,0.712615
12.108295917510986,-0.8298852666999724,-1.2227441937012564,4.336775462285797,-0.5054676359444065,0.23441205811828003,-0.02439741419964416,0.0529846,0.349007,0.270341,0.32395,0.727934,0.397016,-0.455573,-0.0423355,0.146137,-0.241221,0.752382,0.100408,0.279321,-0.588065,84.77979172446284,-7.369638024206724,8.75628409617659,-11.030362635135209,-7.72745944841818,-33.58581063641601,53.67700869937937,72.97938045432585,-0.0431545,0.00722206,-0.240482,0.48877,-0.315198,0.385715,0.716224
12.138991832733154,-0.8060651048290038,-0.6180747973926849,3.856292817422583,-0.43997217194919913,0.2162660788546874,-0.055995577516174774,0.0529884,0.348997,0.270389,0.324911,0.727787,0.397428,-0.454763,-0.0424323,0.144762,-0.240564,0.753049,0.0967115,0.276296,-0.589258,85.25782047670327,-7.637600481370943,8.674296399588282,-12.605300230436367,-6.858155236110534,-32.09309396557138,52.428240922768836,71.7253335275704,-0.0437189,0.00627081,-0.239007,0.492172,-0.319242,0.388273,0.7107
12.16643238067627,-0.6967076967005218,-0.5989376612309,3.8866422180099773,-0.4358467456568542,0.21880705137189274,-0.05178278611416495,0.0530009,0.348974,0.270395,0.324596,0.72839,0.397784,-0.453711,-0.0429231,0.142704,-0.239836,0.753694,0.0941096,0.276861,-0.588588,85.47509812183627,-7.733772910599873,8.303417146412094,-11.463006523951076,-5.591442722507637,-32.91101491874904,53.573345122378086,72.06416761346419,-0.0433233,0.00406217,-0.23726,0.491234,-0.31648,0.393863,0.709507
12.199702739715576,-0.8658933768494992,-0.3919390353924108,3.7741726767682264,-0.42162864703734854,0.2179911432679926,-0.072346232957448,0.0529797,0.348879,0.270365,0.324902,0.727673,0.396962,-0.455359,-0.0434841,0.140882,-0.239006,0.755401,0.0886645,0.272557,-0.589254,86.16422104103677,-7.604631092728806,8.205102269138038,-14.180547581099209,-6.352518007457164,-31.924541159779658,52.09975208216006,70.92607191187543,-0.043866,0.00242243,-0.23549,0.489929,-0.320012,0.395923,0.707677
12.229999303817749,-0.9384179750172953,-0.3405268451870345,3.8735172946782366,-0.42253724604903387,0.21943935019316202,-0.07977295184458875,0.0530415,0.34889,0.270313,0.324278,0.728397,0.396278,-0.455242,-0.0443769,0.138347,-0.238103,0.754297,0.084186,0.272697,-0.591257,86.50478527004437,-7.93655558214941,7.785150413840892,-13.493249788755623,-6.114052980275353,-32.26604529546764,53.24575853519721,72.08296837012935,-0.044045,-4.71399e-05,-0.23297,0.483042,-0.322515,0.400018,0.708971
12.260870695114136,-0.9300316230699214,-0.138703990883087,3.6794577486775184,-0.3977216897161388,0.2099646007973119,-0.08768697959475555,0.0529584,0.348813,0.270289,0.324864,0.72699,0.396434,-0.456934,-0.0451311,0.135772,-0.236821,0.760286,0.0736413,0.268933,-0.5867,87.54467690109973,-7.309231920260537,7.103222229898318,-17.39616700320315,-7.1213933426996405,-31.660965470762058,51.253226142080074,69.97016902967448,-0.0440259,-0.00273639,-0.230566,0.475582,-0.322466,0.403185,0.712235
12.291489839553833,-0.8702660023006112,0.10886028478762104,3.5027802337337226,-0.3686340565555706,0.20729133672487263,-0.09450894936776545,0.0529733,0.34888,0.270303,0.324043,0.72815,0.397579,-0.45467,-0.0455835,0.134614,-0.236372,0.759255,0.0749274,0.273066,-0.585963,87.25884653222654,-7.572139125873222,6.789034064812967,-13.645536320453257,-5.009504992784763,-33.473962601735984,53.885659831147294,71.3476081883625,-0.0445931,-0.00405989,-0.228963,0.478,-0.326965,0.406111,0.706883
12.321252346038818,-0.8529808642430867,0.2580876643164985,3.457573921836346,-0.3603233449552219,0.19316553226913774,-0.0949361351263097,0.0529292,0.348811,0.270201,0.325356,0.727468,0.397042,-0.455293,-0.0460519,0.131108,-0.234923,0.758515,0.0695656,0.264802,-0.59135,88.20998503341237,-8.084112589125956,7.114701844555615,-16.586856177984796,-4.158741589268459,-31.130078456648498,52.12722186884919,69.9058644544364,-0.0444729,-0.00707178,-0.225777,0.472046,-0.331982,0.413185,0.704442
12.350067853927612,-0.9516112963573312,0.4190963117134331,3.5966373573594157,-0.33887551274572525,0.2032254977988816,-0.09846842243149229,0.0529008,0.348807,0.270197,0.325938,0.726857,0.396857,-0.456013,-0.0461377,0.129122,-0.233938,0.76054,0.0631977,0.261237,-0.59105,88.91336524308278,-8.012150390721933,6.838014909394218,-18.9217163264866,-4.762616131787162,-30.154970346494203,50.95537423445763,69.04415202533973,-0.0453583,-0.00862723,-0.223602,0.471699,-0.342649,0.416954,0.69731
12.381608724594116,-0.9371795303899804,0.4464985114268414,3.45789180289257,-0.341381500439482,0.20417151434300396,-0.11323906564747446,0.0529324,0.348808,0.270195,0.325505,0.727467,0.397038,-0.455191,-0.0466195,0.12626,-0.232729,0.763239,0.0540849,0.263039,-0.587666,89.49196258425233,-7.890979683944287,5.701359005220851,-18.936951937188436,-4.948276771008217,-31.091559810890594,51.85293708652309,69.61082595876695,-0.0449121,-0.0120972,-0.220678,0.469735,-0.331855,0.417088,0.703746
12.413308143615723,-1.2356808168931148,0.36310045062361795,3.656469009798837,-0.36469177674060127,0.218899830788476,-0.13105299978574692,0.0529286,0.34881,0.270175,0.325556,0.72733,0.39721,-0.455224,-0.0472308,0.123648,-0.231354,0.762336,0.0530002,0.256203,-0.591942,90.19149706747478,-8.257102466124206,6.22804005712463,-19.85447947997616,-2.8794664546162636,-30.121815472676808,51.41648690011401,68.41212165325479,-0.0447959,-0.0149084,-0.217888,0.467128,-0.330094,0.421276,0.703815
12.444704294204712,-1.067110966714629,0.33303719133476084,3.756765582160434,-0.3683179976542101,0.21673295053800606,-0.12123195211880654,0.0529361,0.348789,0.270157,0.325541,0.727316,0.397057,-0.455391,-0.0478388,0.120541,-0.229817,0.75929,0.0502437,0.256718,-0.595861,90.30163124641638,-8.864480915869194,6.111592018840412,-17.92937330433495,-2.853567662251443,-30.500680567972204,53.13907050057591,70.60063193234,-0.0453752,-0.0170242,-0.214465,0.464286,-0.338149,0.430832,0.696044
12.474320411682129,-0.993662591308531,0.4937452327246825,3.6803601804572965,-0.35747785971882867,0.22005004843722034,-0.12467671239213805,0.0529282,0.348771,0.270134,0.32566,0.726854,0.39769,-0.45549,-0.048068,0.118849,-0.22908,0.760775,0.0451807,0.257714,-0.59394,90.58367956081838,-8.79852173458319,5.604337403729936,-18.11824292425597,-3.3658822823225663,-30.907395421056258,53.541096011347356,71.07196274449889,-0.0456321,-0.0192547,-0.21248,0.468022,-0.335401,0.431932,0.694188
12.504967212677002,-0.7905542977567102,0.5342727750180535,3.7068336848006687,-0.35853275572833526,0.20233572607826655,-0.11092888139944486,0.0529638,0.348802,0.270123,0.325561,0.726857,0.397742,-0.45551,-0.0486624,0.116442,-0.227762,0.76123,0.0365238,0.253764,-0.595651,91.57594895593412,-9.08967256477207,5.151352435734118,-20.69236536895708,-3.666369157566912,-29.349957887249268,52.50739442759398,70.58934151452459,-0.0448275,-0.0209575,-0.210551,0.457071,-0.333135,0.435581,0.700269
12.534485340118408,-0.8826252114340893,0.6425176255756326,3.5974146631387356,-0.3490688608632415,0.20578113261462022,-0.12291210263831441,0.052936,0.348771,0.270098,0.325691,0.726323,0.397432,-0.45654,-0.0487504,0.114944,-0.227114,0.766381,0.0337265,0.258108,-0.587284,91.3519050566901,-8.060286420845863,4.39262271519592,-19.242976981221627,-4.12738973768689,-32.47008781319054,53.921055073426004,70.6792154733003,-0.0456361,-0.0215652,-0.208876,0.453234,-0.349976,0.442036,0.690435
12.563953876495361,-0.9743579980671117,0.7494434001968612,3.4688561321571143,-0.33749214340996875,0.1899190888365614,-0.13815721070860812,0.0529349,0.348765,0.270119,0.32587,0.726262,0.397291,-0.456632,-0.0497755,0.112868,-0.225816,0.763102,0.0291313,0.251638,-0.594563,92.22377652047813,-8.92735620095053,4.671145621981484,-21.665797477572365,-3.5058270425923013,-29.626494272741702,52.52983182904505,70.19427413823377,-0.0458913,-0.0232409,-0.206454,0.447708,-0.355962,0.444582,0.689344
12.592978954315186,-1.0847865943764898,0.6693392358311824,3.6571260178640257,-0.34951209683877255,0.20688759962856038,-0.1433104396401286,0.0529485,0.348774,0.27013,0.325856,0.726307,0.397258,-0.456598,-0.0502497,0.111943,-0.225446,0.761984,0.0291801,0.25703,-0.593687,91.71811140444493,-9.00906231672763,4.298632047685405,-18.8720204620581,-3.727414271640029,-31.3171061374478,54.61521008938437,72.20256600912258,-0.0454325,-0.0244907,-0.205527,0.446097,-0.349316,0.446146,0.692769
12.625199317932129,-1.0706138316558942,0.5765657332594003,3.6911483159578045,-0.36815507098011335,0.21499446868251668,-0.13582605722905572,0.0529466,0.348773,0.270121,0.325781,0.726297,0.39728,-0.456649,-0.0506499,0.110133,-0.22418,0.771351,0.0176274,0.257952,-0.581523,92.50270812398993,-7.6148657320540325,2.7647466172058213,-21.230973222433786,-3.815412066686889,-32.75609314225208,53.52712139438652,69.37978201340884,-0.0446675,-0.0270592,-0.202934,0.438198,-0.3418,0.447523,0.700627
12.65652084350586,-1.068013975426401,0.7657790923249972,3.5894722376209844,-0.35444409668826177,0.21120156044867525,-0.1450689540509111,0.0529358,0.348785,0.270128,0.325258,0.727235,0.397157,-0.455635,-0.0509409,0.108377,-0.223196,0.774405,0.0124033,0.259911,-0.576705,92.77750975957161,-7.187082623362713,1.8611160241809284,-20.528317808856055,-3.1295456842578986,-34.274960372561445,54.528825651672804,69.11088872381384,-0.0445863,-0.0286733,-0.200905,0.434383,-0.349353,0.450177,0.69757
12.686134815216064,-1.3248707483123965,0.9658307106761639,3.5139810781478213,-0.3437863578052585,0.19723684439988612,-0.17968961445351014,0.0529314,0.348773,0.270134,0.325824,0.726302,0.39731,-0.456584,-0.0514307,0.107227,-0.222575,0.774671,0.00822853,0.259213,-0.576738,93.0474847025632,-7.228300759559501,1.678719027171697,-21.835227574472288,-3.8873669991383153,-33.6514634351172,53.893112903813545,69.08932402716273,-0.0452984,-0.0286988,-0.199626,0.421653,-0.373533,0.449298,0.693407
12.717807292938232,-1.3863217506093206,0.9861619093950206,3.3885331769433624,-0.30489898353019185,0.1960619961701259,-0.16667354261792097,0.0529304,0.348765,0.270102,0.325846,0.726227,0.397552,-0.456476,-0.052615,0.105379,-0.221468,0.774277,0.00117987,0.256567,-0.578504,93.79672035157095,-7.555646380922654,1.304567223542751,-23.987073520136573,-3.5340717970372495,-32.144555363478,52.90307659871151,68.47151104882002,-0.0451862,-0.0302052,-0.197454,0.418649,-0.366058,0.458271,0.693341
12.745493412017822,-0.9844118675399877,1.5235215406014087,2.798944674135225,-0.25418925759420585,0.16092330726968904,-0.1690145359372869,0.0529773,0.348793,0.270084,0.324939,0.727457,0.398078,-0.454703,-0.0535692,0.103789,-0.220509,0.776875,-0.00555008,0.260012,-0.573436,94.11440630253645,-7.269672108370092,0.1362483962328742,-23.258239298316365,-2.3134505348264653,-33.48843382795672,53.97363301008474,68.11205863986116,-0.0459129,-0.0317767,-0.195553,0.415599,-0.3684,0.459569,0.693077
12.776262760162354,-1.169012582925737,1.1188217879784983,3.2004882766549687,-0.31379793994909094,0.17617694251409957,-0.1750430839510515,0.0529465,0.348724,0.270037,0.325971,0.726035,0.397665,-0.456594,-0.0551022,0.101408,-0.218975,0.774201,-0.00813843,0.261432,-0.576368,93.97800040462242,-7.674379227806993,0.12342334215587769,-22.419458414550586,-2.9509858443368913,-33.279480609381956,54.47226989859832,69.45447898362798,-0.0465947,-0.0342831,-0.19228,0.409812,-0.366963,0.460677,0.69654
12.80548620223999,-1.2281373278239824,0.9161168142531187,3.6895011048173014,-0.36576794016145914,0.19199670734607852,-0.17700991537469518,0.0530121,0.34883,0.270117,0.324471,0.727369,0.398921,-0.454439,-0.0557158,0.0986838,-0.217038,0.770396,-0.0113256,0.253958,-0.584693,95.18150375292359,-8.781315602883971,0.4413301318501617,-23.029102562060952,-0.2617216347287652,-31.727919798038364,54.605281946815495,69.52917715116335,-0.0479257,-0.0362809,-0.188859,0.410494,-0.370704,0.467491,0.689584
12.8373703956604,-1.544398592239167,0.4570057980795123,4.589435857478715,-0.470860295276272,0.23719617367974263,-0.1857417234688662,0.053021,0.348767,0.270089,0.324836,0.726618,0.398658,-0.455608,-0.0554929,0.0970108,-0.215832,0.772163,-0.0142882,0.249891,-0.584051,95.68125030528279,-8.514932937315281,0.5317971430170356,-24.339486984554004,-0.4243757556765644,-31.388308548043135,53.928518548907974,68.5686984131092,-0.0483696,-0.0378344,-0.186722,0.408918,-0.371162,0.469451,0.688942
12.868623733520508,-1.2937455771028272,0.3376815179343715,4.690033343194099,-0.4758925482599171,0.24240899005803623,-0.1568416939650646,0.0530562,0.348715,0.270042,0.325564,0.726365,0.398309,-0.455798,-0.0550529,0.095091,-0.214459,0.770271,-0.013277,0.244836,-0.588695,95.97929149446334,-8.942506634087355,1.1089131787364686,-24.097659150218053,0.4230180359036808,-30.53915973454874,53.69999564279429,68.49618863228052,-0.0492055,-0.0395682,-0.183857,0.412615,-0.378505,0.473378,0.679997
12.895863771438599,-1.0468907987872895,0.38545591323704886,4.711437011333708,-0.4706500176558214,0.20823666123271467,-0.14147450554351337,0.0530233,0.348657,0.269938,0.324882,0.726859,0.396734,-0.45687,-0.0556688,0.0924669,-0.212993,0.757631,-0.0109127,0.229437,-0.61093,97.16854391240363,-11.257439134657115,2.9680865941006846,-26.568771947377325,0.5483563332285826,-25.551093360369798,53.1969491819949,70.61389145894788,-0.0494515,-0.0415159,-0.181362,0.412216,-0.379348,0.475807,0.678071
12.927317142486572,-1.2134695323653668,0.30030153916247304,4.7388911834834975,-0.4850857238603551,0.2256701687367432,-0.1477951615630463,0.0529867,0.348665,0.269909,0.324962,0.726836,0.396694,-0.456884,-0.0555106,0.0905478,-0.211764,0.761355,-0.0128068,0.230725,-0.605756,97.19733481417656,-10.602360967893368,2.5505675619425787,-25.102290514113317,1.469750068873502,-27.929746410874976,54.254665164768454,70.17931042931274,-0.0496409,-0.0427636,-0.1795,0.414809,-0.378008,0.480663,0.6738
12.958447694778442,-1.9012210567792185,0.4565267049224442,4.788150088651353,-0.5008553031314222,0.18033265717765506,-0.2249718744738908,0.0530194,0.34869,0.269927,0.32485,0.727322,0.396787,-0.456109,-0.0549923,0.0889813,-0.210676,0.760978,-0.0145347,0.226558,-0.60776,97.74243927558582,-10.834905360806099,2.634776762487091,-25.528331375070326,2.2782093352205663,-27.539582175834333,54.146501445407,69.95398996813766,-0.0534637,-0.0399413,-0.176241,0.389874,-0.46802,0.476524,0.633941
12.988906383514404,-1.3771500769967717,0.012790637504892422,5.246459368957317,-0.5512617054225669,0.24209376575440275,-0.15902611702791708,0.0530612,0.348609,0.269978,0.326109,0.72748,0.394671,-0.456794,-0.0545144,0.0879508,-0.210009,0.759864,-0.0121771,0.227973,-0.608676,97.21361220477166,-10.801504213082096,2.705099940315767,-23.533974929400838,1.9590117027843519,-28.360732672385687,54.80346856303122,70.8684430552494,-0.0485576,-0.0454255,-0.175842,0.40903,-0.385532,0.479022,0.674239
13.019616603851318,-1.8554839167544348,0.03788524802311526,5.648102987158417,-0.5887197773494058,0.274811485630568,-0.21488563081644596,0.0530733,0.348633,0.269954,0.32627,0.727342,0.394534,-0.457017,-0.0542934,0.0868343,-0.20942,0.761912,-0.0153264,0.229037,-0.605638,97.32291783804452,-10.454504499901375,2.2744713579161093,-23.457157891686602,1.5785258941151525,-29.321825447478098,55.15128565827696,70.97797602815643,-0.0481045,-0.0462035,-0.174617,0.408962,-0.3849,0.483793,0.671228
13.048567771911621,-2.508585453917149,-0.2400305464388108,5.959149802377146,-0.6202049287900898,0.2846020523955698,-0.24733826495525682,0.0529777,0.348708,0.269894,0.325042,0.727544,0.394693,-0.457433,-0.0542856,0.0857696,-0.208893,0.759721,-0.0186008,0.222515,-0.610708,98.26877987051398,-10.957700940733645,2.5748377287862354,-25.91200290192211,0.9070242930806529,-27.79623937669222,55.151036221585024,71.47109970088322,-0.0476373,-0.0467694,-0.173987,0.407388,-0.385587,0.484375,0.671371
13.0794997215271,-2.436099886639263,-0.1449964645529415,5.764470017372225,-0.6115136882745674,0.27201564086736424,-0.24910502232952775,0.0529587,0.34869,0.269882,0.325371,0.72744,0.394499,-0.457531,-0.054045,0.0858865,-0.208906,0.76156,-0.0177284,0.221637,-0.608761,98.24724309944267,-10.62289466390516,2.6532204579500434,-26.082517193069993,1.4137244544532166,-28.079748778795896,54.59886288165571,70.3884948200308,-0.047171,-0.0468735,-0.174035,0.405113,-0.388396,0.481814,0.672969
13.109094858169556,-2.486134640904551,0.2753801347129171,5.897097802826395,-0.6192612796583798,0.28803332528292547,-0.2792977995061222,0.0530376,0.348674,0.269978,0.32527,0.727616,0.394966,-0.456921,-0.0540961,0.0867436,-0.20948,0.763696,-0.0189475,0.226136,-0.604377,97.98255799591169,-10.246805450894195,2.0927086660032828,-25.654314932155327,1.2616270142933175,-29.0187361851248,54.729760754263886,70.25302360192744,-0.0468961,-0.0463627,-0.174801,0.40892,-0.385008,0.482052,0.672443
13.13773798942566,-2.552645479109058,0.8322469924097776,6.315157395513509,-0.6381375933318327,0.33193961114600307,-0.3084326515541398,0.0530286,0.348689,0.269986,0.325222,0.727456,0.395262,-0.456954,-0.054184,0.087684,-0.210108,0.765735,-0.017098,0.230191,-0.600308,97.49937832741074,-9.788194004288721,1.905679664041628,-24.368795968824838,1.4009426034769774,-30.439422730354117,55.057024689053925,70.12602931938655,-0.0456608,-0.0465339,-0.176724,0.414356,-0.359219,0.481867,0.683429
13.166125774383545,-3.096392052113705,1.4412047229886005,6.51167423796234,-0.6367508853050079,0.31091301529271875,-0.3814240010665055,0.0529918,0.348718,0.269942,0.324321,0.727994,0.395129,-0.456852,-0.0547038,0.0890364,-0.211159,0.760108,-0.0169517,0.22694,-0.608643,97.86701365188988,-10.813822394626673,2.334782157649405,-26.573694354871865,0.2803336455238252,-27.542186364178626,54.58755841091216,71.25225797604666,-0.0468771,-0.0440871,-0.178313,0.409884,-0.381911,0.479303,0.67558
13.197282314300537,-3.3801942641579936,1.7138037166389404,6.366002834588432,-0.6161491253642428,0.3249823252318612,-0.4283673670379081,0.0529677,0.348704,0.269885,0.324411,0.727232,0.396835,-0.456523,-0.0548456,0.0909043,-0.212386,0.765442,-0.0134014,0.234417,-0.59914,96.99935859234462,-9.81171954431587,2.0082425410466467,-24.27953264581384,1.271367815900902,-30.298334459635704,54.9812378414948,70.14198136032242,-0.0469307,-0.0428324,-0.180522,0.406558,-0.380294,0.473573,0.682507
13.22788953781128,-3.5644541366650127,1.87085156612526,6.287208540873949,-0.597825610776883,0.31622814807547345,-0.44773070638126844,0.0530255,0.348753,0.269961,0.323471,0.728091,0.39747,-0.455267,-0.0558688,0.0933109,-0.213915,0.760286,-0.00985315,0.238712,-0.604057,96.50494086757725,-10.677391502866318,2.1069625281078608,-23.154284192902825,1.2772966924044198,-29.414807919476893,55.73591018864322,71.89992805236868,-0.0471491,-0.040518,-0.183708,0.403046,-0.377042,0.472499,0.687123
13.25820279121399,-3.700013769343197,1.8693990897693318,6.389417713151987,-0.6312299599239208,0.37769810333562487,-0.47927488949521413,0.0530257,0.348712,0.27001,0.323731,0.727525,0.397749,-0.455743,-0.0554227,0.0968727,-0.216165,0.774941,-0.0174632,0.253532,-0.578691,95.65353899984406,-7.846236070476,-0.2700892172066265,-23.976477635732163,-1.4245692641746217,-33.439593607420655,54.8721956460424,69.09048318350474,-0.0477521,-0.038046,-0.186955,0.410964,-0.371515,0.471274,0.686285
13.289011001586914,-3.454260912725138,1.6836277338832317,6.4758760159933955,-0.6395910576630941,0.37213427630848217,-0.45112940216529623,0.0530567,0.348727,0.270002,0.323638,0.727714,0.39765,-0.455592,-0.0558551,0.0990695,-0.217651,0.770882,-0.0112484,0.261326,-0.580795,94.50527522337327,-8.314351266961214,-0.17547065770321169,-20.73304994228528,-2.3176808263124897,-34.28370237152837,56.580432787998014,71.76497334851179,-0.0473597,-0.0358538,-0.19001,0.406978,-0.370345,0.464808,0.693662
13.318852186203003,-3.5443012575199275,1.700761495225191,7.382614590401021,-0.7459117688779935,0.41985565257838053,-0.46045609602958926,0.0530393,0.348736,0.270001,0.323722,0.727667,0.397964,-0.455335,-0.0553088,0.102368,-0.21957,0.774675,-0.00821115,0.258536,-0.577036,94.55648306645968,-7.656632066483615,0.1443768306008959,-23.555641760614943,-1.7250825266885599,-33.14048597784346,54.267462187846796,68.5047369564175,-0.0477005,-0.033142,-0.193639,0.414736,-0.369659,0.459347,0.69307
13.348106622695923,-3.1375283087087387,2.183705017964374,8.095235781783535,-0.7841179179811051,0.43621544230043047,-0.4435193072851354,0.0529922,0.348795,0.269953,0.324808,0.727018,0.398659,-0.45499,-0.054563,0.105667,-0.221805,0.770757,0.0016563,0.259313,-0.581969,93.70190341939661,-8.279289377115894,1.2076122974661683,-22.835758152671414,-1.8144614095300327,-31.814829216607926,53.80675664316667,69.15524731914125,-0.047495,-0.0300136,-0.198086,0.418598,-0.365894,0.453703,0.696456
13.375686883926392,-3.0389119960268998,2.5889263940874714,8.539497367772944,-0.79713266868501,0.4455714992914403,-0.44913040232305695,0.0529638,0.348806,0.269939,0.324171,0.727692,0.398817,-0.454227,-0.0549032,0.108561,-0.223172,0.76309,0.00952959,0.261123,-0.591115,93.06258774592217,-9.485646422467614,2.0399174299782032,-21.082966346285513,-2.0352819936422577,-30.049794766276243,54.18376849875737,71.2953337128341,-0.0477307,-0.0275838,-0.201101,0.425589,-0.363045,0.451384,0.695216
13.405035972595215,-2.9808916954032822,2.6414433456338497,8.484094365710602,-0.8224836418906636,0.47585137475013933,-0.46609566654409235,0.0529848,0.348838,0.26997,0.324081,0.72823,0.398432,-0.453767,-0.0539578,0.111785,-0.225285,0.774227,0.0132576,0.268621,-0.572922,92.12608950828479,-7.185881656683422,1.1253820423231602,-19.871243871991805,-1.2965413772266103,-34.45614648014607,54.45672562394724,68.24790092086708,-0.0480236,-0.0239879,-0.205179,0.427348,-0.36726,0.448563,0.693747
13.435935258865356,-2.850076538142095,2.440967978753194,8.861563510150651,-0.8422599407277489,0.4917791614475742,-0.4264870479776637,0.0529717,0.348846,0.269993,0.323776,0.728251,0.398953,-0.453493,-0.0543819,0.113971,-0.22655,0.768832,0.0212871,0.269731,-0.579387,91.513400423814,-7.983668454220357,2.0232425507832126,-18.381569236877286,-0.7917668247661283,-33.736629542840184,55.030457441767076,69.60665336888029,-0.0479053,-0.0222794,-0.207692,0.434232,-0.356705,0.442684,0.698738
13.463455438613892,-2.539026052311392,2.3529524830098363,8.78233521219054,-0.8441359791551909,0.4716355636861952,-0.3737573085169066,0.0529904,0.348881,0.269993,0.324079,0.728083,0.398141,-0.45426,-0.0543441,0.116539,-0.227717,0.769243,0.0228582,0.269103,-0.579074,91.37876098021137,-7.773177364652482,2.1983946534096006,-20.399163078832533,-1.701087470161383,-32.40371254195373,53.2304248658638,68.300973844068,-0.0476928,-0.0198819,-0.210624,0.436447,-0.351036,0.440607,0.701536
13.493385791778564,-1.3895071190772,2.4169859339934066,8.344478277178975,-0.7741218810898848,0.4286943281070951,-0.2748002992580921,0.0529887,0.348909,0.270021,0.323765,0.728154,0.398496,-0.454057,-0.0547324,0.118968,-0.229222,0.763009,0.0309832,0.273717,-0.584753,90.40732035784511,-8.590489574384753,2.8569008736855643,-17.752153659511915,-2.027059270957622,-32.382845393395534,54.671787520671394,70.94123704502196,-0.0479406,-0.0180871,-0.213316,0.444295,-0.338539,0.437812,0.704495
13.520164251327515,-0.7054408971598226,2.4931290786730327,7.690076545184013,-0.7290126990910663,0.3574306728755514,-0.21563844282797434,0.0529476,0.348738,0.269976,0.325192,0.726318,0.397891,-0.456504,-0.0554726,0.122562,-0.230783,0.765285,0.031243,0.274419,-0.581426,90.07351254751075,-7.983929237941559,2.9491692623884838,-21.601672381332914,-4.0771456060772095,-30.248427463095815,51.04797734397215,68.52005689104051,-0.0485655,-0.0141185,-0.217304,0.440691,-0.341697,0.43447,0.707299
13.550529479980469,-0.4948566128836348,2.6369637538785082,7.333098445003741,-0.7006424018216237,0.340687156493693,-0.20837242081196758,0.0529441,0.348767,0.269955,0.325075,0.726633,0.397649,-0.456297,-0.0560479,0.125523,-0.232295,0.769025,0.0338964,0.285895,-0.570716,88.8271363982207,-6.943419418420424,1.974902377931512,-18.87852090523724,-4.694876190259805,-33.29658980178922,52.42012128318928,68.72772592028815,-0.0485986,-0.0115862,-0.220349,0.433357,-0.341842,0.428856,0.715143
13.580237627029419,-0.5300819320998111,2.4059079494429336,7.24612751703754,-0.6877247768788943,0.3420852151336461,-0.19001945284323896,0.0529167,0.348784,0.269958,0.325109,0.726656,0.397383,-0.456466,-0.0567791,0.128167,-0.233469,0.770737,0.0339768,0.292043,-0.565262,88.21889561770004,-6.448264415666258,1.3586674102859302,-18.886862793250774,-5.6939918080816625,-33.80598868944936,52.020368594194856,68.42592145548619,-0.0483619,-0.0095299,-0.2231,0.434379,-0.33139,0.42063,0.724269
13.609010934829712,-0.46170298873520266,2.381696571914556,6.752755701113689,-0.6478392277559665,0.3249203864909865,-0.17877355980943796,0.0529455,0.348748,0.270049,0.325291,0.726067,0.398176,-0.456584,-0.0582229,0.133375,-0.235441,0.771277,0.0388846,0.301052,-0.559453,87.01280545795758,-6.0181638563763915,1.0725689765479949,-18.291277055078236,-6.214727815327812,-33.86425389250915,51.214232210522205,67.71670597278623,-0.0491509,-0.00506585,-0.227925,0.436099,-0.324668,0.417732,0.727948
13.639796257019043,-0.2429506048486377,2.3719305941883175,6.242366461595885,-0.5875718720890797,0.2956559119041944,-0.1492782205151186,0.0529691,0.348758,0.270094,0.325268,0.726145,0.398253,-0.456408,-0.0595447,0.136659,-0.236567,0.772631,0.0383866,0.30661,-0.554579,86.51725254918892,-5.663297178913656,0.45794623513851285,-19.184529672359492,-6.660726624738054,-33.36800186028129,49.951635453935296,66.64077390474056,-0.0499196,-0.00172182,-0.231029,0.436441,-0.318022,0.414782,0.732351
13.670015811920166,0.4364731124910522,2.2190096368591,5.455632063621943,-0.4902500633273931,0.2211482622999046,-0.09465246164655465,0.0529754,0.348766,0.270089,0.325371,0.726166,0.398161,-0.456381,-0.0622586,0.140749,-0.238359,0.763798,0.0432783,0.312167,-0.563286,85.63559485617087,-6.9880032481531,0.91788478654993,-19.334395928612285,-6.992546826951276,-30.631464739699844,49.22442067847194,68.27620631691983,-0.0507853,0.00234654,-0.235455,0.436939,-0.305136,0.406143,0.74231
13.697548627853394,0.14000672901577935,1.9990109931138809,5.619141466686894,-0.5104805358887746,0.24318751993305837,-0.09765665448814949,0.0529696,0.348761,0.270082,0.325313,0.726128,0.398266,-0.456392,-0.0634568,0.143745,-0.239977,0.763739,0.0516492,0.325156,-0.555255,83.79692327050063,-6.366534825493995,0.4880227428501964,-14.298338035131938,-6.877358980835588,-34.42141329805056,52.33828572598531,69.90755976509134,-0.0516636,0.00581514,-0.238424,0.436847,-0.303806,0.404255,0.743938
13.72811222076416,0.3242567087536802,1.6902772715117185,6.205860728419478,-0.5983542010695351,0.2518314478040615,-0.06929002644261123,0.0529772,0.348751,0.270106,0.325488,0.726048,0.398458,-0.456227,-0.0634172,0.148058,-0.241177,0.767289,0.0518426,0.324683,-0.5506,83.81286218027044,-5.750294796241372,0.32466197749742953,-17.797073318416206,-7.271867014973495,-32.52922521396851,48.87936401739322,66.69598322436427,-0.0509934,0.00965053,-0.242596,0.433491,-0.293694,0.39713,0.753735
13.757620334625244,0.1962920853194274,1.427193359843763,6.73763512982551,-0.6256973582264264,0.25734521896382956,-0.04755770185820301,0.0530624,0.348772,0.270228,0.32368,0.726556,0.398323,-0.456822,-0.0622951,0.152193,-0.242643,0.759828,0.0652021,0.324039,-0.559829,83.11777958910659,-6.4740281448239525,1.9203479056396997,-15.624725499404104,-8.035700885702703,-32.22477483204832,49.924204684729936,69.09505241769344,-0.0511211,0.0139879,-0.246061,0.441494,-0.293979,0.389235,0.753098
13.788062334060669,0.4564961642459911,1.5641436022298,6.876848584557631,-0.6398261133141939,0.27955217937084265,-0.05298012320993787,0.0531807,0.348861,0.270336,0.320306,0.728397,0.396316,-0.458013,-0.0614778,0.155361,-0.24402,0.758638,0.0760226,0.333513,-0.554489,81.7002232612132,-5.628519962670981,1.7609478868053152,-9.316700951060621,-10.023165732159384,-37.71161737154531,54.94352476883648,73.05122867106601,-0.0518202,0.0170262,-0.248418,0.450026,-0.291699,0.386378,0.7504
13.819493532180786,0.5740814624107236,1.4377036890384876,7.504837369033488,-0.7056103760824155,0.2942500133817982,-0.03812273320852903,0.0531055,0.348736,0.270224,0.326254,0.726221,0.399553,-0.454444,-0.0605837,0.159018,-0.245175,0.757012,0.0831105,0.33137,-0.556974,80.9561828710511,-6.401200656506977,2.89789479821167,-12.102307902252821,-6.447302272136305,-32.32718075469996,49.98964297885236,68.48027471841782,-0.0525078,0.0206087,-0.251556,0.456997,-0.289084,0.380127,0.750391
13.847458600997925,0.9250926581827478,1.0406500972849293,7.651212990487014,-0.7277754549994744,0.28095654576827056,0.01563568205169255,0.0530238,0.348636,0.270131,0.324751,0.72655,0.397753,-0.456569,-0.05955,0.161726,-0.246155,0.755279,0.0902809,0.330329,-0.558825,80.58862188972203,-6.051075956157413,3.595079728828976,-11.65911735658074,-8.407688295623288,-33.19324002463845,50.27651312247035,69.47410789123956,-0.0534123,0.023789,-0.253767,0.465492,-0.290921,0.376321,0.746367
13.879353046417236,1.285356647518256,0.6954648028239351,7.065979305305294,-0.675918030845013,0.2451839683250101,0.05984972998078599,0.0530369,0.348675,0.27015,0.325414,0.726407,0.399196,-0.455062,-0.0571715,0.166312,-0.247484,0.752443,0.104834,0.328891,-0.560954,79.70362004285018,-6.121465238642303,5.090278273361779,-10.04410900484115,-6.890447941792019,-32.61678374625543,49.84083551850809,68.60291008773976,-0.0536699,0.0281965,-0.257068,0.477976,-0.291658,0.370194,0.741236
13.911468744277954,1.199445121113393,0.500050882102019,6.484083875019451,-0.6225531530824078,0.22171150942989554,0.06545609803614547,0.0530916,0.34871,0.27028,0.324806,0.726028,0.399638,-0.455713,-0.0546302,0.17026,-0.248728,0.74826,0.117474,0.325798,-0.56583,79.14369034381778,-6.214430295667626,6.695710688723661,-9.29150244722889,-7.67287224119741,-32.53265117564114,49.86849547569308,69.40133162621544,-0.0533894,0.0324755,-0.260305,0.487472,-0.288147,0.362053,0.740445
13.943026304244995,1.0415651403552997,0.5499079456342341,5.956237573179983,-0.5677996643026623,0.20216973829874868,0.05052615491882502,0.0531633,0.348759,0.270372,0.324726,0.72667,0.399701,-0.45469,-0.0536589,0.173127,-0.249399,0.746329,0.122464,0.325091,-0.567725,78.88302650058165,-6.397249258453905,7.179078107982441,-9.540447827233063,-7.315613003375439,-31.411821105877358,48.92994635018117,68.78000114899525,-0.0531872,0.0358161,-0.262687,0.491895,-0.285227,0.358335,0.740459
13.972787141799927,0.7201408582348905,1.044683188754879,5.17438653401441,-0.4641819398851819,0.18793791411379995,-0.002536059081792782,0.0531832,0.348837,0.270382,0.326547,0.725308,0.401535,-0.453943,-0.0531959,0.177181,-0.25036,0.743086,0.129996,0.327717,-0.568794,77.9491684746431,-6.696372345749635,7.962415559027821,-9.429565382853209,-7.041913917249019,-29.83616437000942,47.683744116955495,68.24838254762616,-0.054051,0.0396793,-0.265624,0.498662,-0.279871,0.350987,0.741496
14.002678394317627,0.21968409040334635,1.212863421218779,5.158402211372542,-0.43476031602132775,0.2142423287651225,-0.04260113570571227,0.0531808,0.348868,0.270398,0.326407,0.725583,0.40105,-0.454034,-0.0527129,0.181305,-0.251205,0.742316,0.137861,0.326872,-0.568433,77.46644741703868,-6.35415742052944,8.613708905820396,-10.101268010472555,-6.474210858158443,-29.287381471413944,46.26435609452076,66.47660725763453,-0.055282,0.0446069,-0.268587,0.503295,-0.28088,0.348077,0.739353
14.031051635742188,0.028790199321058283,1.4443374327844165,4.500150660321249,-0.36941557703049394,0.20946497900443786,-0.08032791319139838,0.0531747,0.348865,0.270397,0.328697,0.723337,0.402439,-0.454736,-0.052809,0.184675,-0.251881,0.738756,0.145292,0.330607,-0.569059,76.31699082476243,-6.490464245008095,9.40424516030718,-9.734869580880119,-6.899977760649151,-28.418679125143008,45.490352047807654,66.53227237758163,-0.0562548,0.0479932,-0.270774,0.510706,-0.27639,0.343931,0.737902
14.060876846313477,-0.29710450331229743,1.0793658460989195,5.0936409536388325,-0.43948355693917385,0.25102989299612705,-0.08641649941772314,0.0533066,0.349099,0.270531,0.32933,0.724088,0.401819,-0.453629,-0.05425,0.18854,-0.25246,0.739935,0.14629,0.335896,-0.564154,75.69623728194848,-6.184234498375231,8.775587970660961,-10.631222521010546,-5.964950532086846,-27.68466856283522,43.98822317424884,64.48665097144173,-0.0570501,0.0522624,-0.273636,0.508451,-0.268808,0.339425,0.744319
14.091888189315796,-0.5492479011820284,0.9908198883740862,5.1665504820963,-0.4372725935372115,0.26288931953438194,-0.09455662656959309,0.0532081,0.348803,0.270451,0.327978,0.72482,0.401476,-0.453744,-0.0556878,0.191649,-0.252919,0.736316,0.148916,0.343524,-0.563608,74.87104003404889,-6.360516793387346,8.450809139058755,-8.63684818312262,-7.069745680266955,-27.80052453323436,44.709192358800195,66.133188123331,-0.0579313,0.0554166,-0.275637,0.507283,-0.265265,0.335194,0.748293
14.122249126434326,-0.5581151158177161,1.1255540712539172,4.785799692034709,-0.3920040366962909,0.24117989901468637,-0.09784140454221,0.0531907,0.348813,0.270418,0.328115,0.724563,0.401788,-0.453779,-0.0571022,0.19612,-0.253763,0.734521,0.153479,0.351066,-0.560068,73.79544455288851,-6.181289298735487,8.265370125631147,-7.887238542678187,-7.422962965657177,-27.899976403474305,44.5152464678115,66.16098258068763,-0.0588313,0.0598964,-0.278547,0.502336,-0.261582,0.325552,0.757133
14.151847839355469,-0.5225184753425657,1.2067613874453091,4.37559174515822,-0.3390636513341143,0.22709497807723356,-0.09643184528913856,0.0531935,0.348812,0.270418,0.327609,0.725117,0.402086,-0.452995,-0.0580397,0.20062,-0.254502,0.733073,0.160168,0.355135,-0.55752,73.00130907303573,-5.956652077197079,8.413453128701278,-7.32258211322117,-6.2439501092320455,-27.821074051960004,44.01159730170324,64.95946000386046,-0.0601825,0.0649843,-0.281355,0.508666,-0.25743,0.324235,0.754891
14.181406021118164,-0.5146941446704209,1.2616207834834088,4.027768494479877,-0.320081002998119,0.21163482947762974,-0.10500133775387845,0.0531997,0.348815,0.270429,0.328072,0.72457,0.40179,-0.453797,-0.0588528,0.204026,-0.255,0.73284,0.161193,0.361037,-0.553728,72.26658326761478,-5.678066722538797,7.999292502225302,-7.7748539989605625,-7.932404044419748,-27.75250865097525,43.35075745294892,65.1544116271894,-0.0601998,0.0685235,-0.284036,0.505655,-0.251019,0.315223,0.762848
14.211772441864014,-0.6517403641615847,0.8984317592554587,4.430581367200435,-0.37876327206870464,0.24235994588544213,-0.11250802654573074,0.0531899,0.348805,0.270446,0.327766,0.724755,0.401617,-0.453876,-0.0600273,0.208463,-0.255533,0.731536,0.165888,0.366997,-0.550136,71.36161507532255,-5.390292836223821,7.826344692549025,-7.309493860484608,-8.118074202129847,-27.863076477350837,42.96650523709901,64.7293430929309,-0.0614061,0.0738844,-0.286748,0.50607,-0.248385,0.309428,0.765802
14.24231767654419,-0.8372434326811005,0.6282140359133539,4.776905720151259,-0.43038692889670815,0.27002542410816194,-0.11004518487798719,0.0531851,0.34882,0.270456,0.327835,0.724744,0.401631,-0.453832,-0.0611677,0.211953,-0.255892,0.726301,0.170992,0.372063,-0.552103,70.4421296349801,-5.794559817240938,8.114416044642734,-6.256922168243779,-8.194097442323297,-27.072672902388867,42.95950522410386,65.46365322859096,-0.0608837,0.0764044,-0.289192,0.512926,-0.236899,0.308158,0.765391
14.270683288574219,-0.984443470426404,0.28520640501183714,5.178851885367552,-0.44708846479666453,0.30010817456749195,-0.08763059558188009,0.0532271,0.348806,0.270473,0.327806,0.724824,0.401624,-0.453731,-0.0609057,0.216855,-0.256453,0.724031,0.179584,0.377891,-0.548386,69.23757775038838,-5.415674701063855,8.291889129193194,-4.593282138175919,-8.580235798910294,-27.863618351046604,43.31872919816151,65.76712014163789,-0.0613003,0.0816221,-0.292087,0.520125,-0.231516,0.302127,0.764585
14.297736167907715,-0.8642634993214735,0.2543661439104588,5.301658360906776,-0.47833750852949375,0.29872850862667183,-0.08917599809902534,0.0532546,0.348779,0.270501,0.327679,0.725016,0.401392,-0.453721,-0.0604089,0.221544,-0.256956,0.721908,0.187474,0.38051,-0.54673,68.3989022885331,-5.117710817901521,8.681447860215513,-4.285658520888845,-8.785725960305278,-27.87938173608618,42.775811826600524,65.2448126524615,-0.0616151,0.0874291,-0.294905,0.520968,-0.229207,0.294512,0.767671
14.328809022903442,-0.7227960437407568,0.01409636722341496,5.519076661850587,-0.48627291745653706,0.2904370920208343,-0.059122049402168704,0.0532198,0.348804,0.270495,0.327758,0.724983,0.401474,-0.453644,-0.0601308,0.225309,-0.257184,0.71836,0.194776,0.382037,-0.547786,67.68370162410396,-5.140607986459588,9.299591124411432,-3.846510519987543,-8.61283942258342,-27.31724093166408,42.22984735010816,64.94466206180958,-0.0618051,0.0917313,-0.297072,0.522745,-0.225676,0.289812,0.769296
14.358951330184937,-0.40929406180944444,0.12819260858489062,4.877266410210921,-0.41624929975260005,0.25425787072300016,-0.04579904190921563,0.0532217,0.348794,0.270488,0.327758,0.724939,0.401475,-0.453714,-0.0600923,0.229984,-0.2576,0.718339,0.200435,0.388327,-0.541311,66.65116388740896,-4.519181450173411,9.02807358390691,-3.0208086858935523,-9.574694815192167,-28.349463493129484,42.33299265259674,64.94574360774367,-0.062817,0.0973667,-0.299578,0.527721,-0.222159,0.284965,0.768734
14.387784957885742,-0.5376448327103863,0.4929131107594976,3.943159775015618,-0.30112482375921695,0.22350461216151607,-0.0643999370505829,0.0532583,0.348775,0.270495,0.327725,0.725024,0.401411,-0.453658,-0.0607229,0.233618,-0.257649,0.716875,0.204603,0.391728,-0.539237,65.9989671304048,-4.344311131358367,9.052055692932786,-3.0767149985035402,-9.482656692364237,-27.961716289009182,41.58086376111903,64.16505289000266,-0.0637642,0.101871,-0.301445,0.529213,-0.217404,0.280819,0.770591
14.415812492370605,-0.6684035252626316,0.7539527058548222,2.9809664947319816,-0.2154572194758959,0.19815980881457315,-0.10021948312547392,0.0532916,0.34876,0.270533,0.326633,0.725523,0.400871,-0.454125,-0.0630905,0.238333,-0.25759,0.71219,0.207822,0.400164,-0.538019,64.95720031076502,-4.524943196970188,8.720213010907358,-2.011154455180595,-10.203512720420939,-27.517047101154013,41.64422527385166,65.02297389172386,-0.0660016,0.107511,-0.303333,0.523797,-0.214946,0.272905,0.77779
14.444494009017944,-1.1476912307905323,0.7423900873664933,2.729556627218143,-0.241938032263585,0.22861848108105107,-0.13669864066651216,0.0532849,0.348772,0.270548,0.326521,0.725451,0.401052,-0.45416,-0.0651071,0.241282,-0.257507,0.714056,0.206663,0.407063,-0.530767,64.37551690273219,-4.090064936316278,7.795133748749958,-2.3304890921136163,-10.677191330749892,-27.811639190896067,41.15470493129521,64.29031391883102,-0.0672617,0.110619,-0.304642,0.523569,-0.207746,0.275176,0.779099
14.473490476608276,-1.6162766330085399,0.42687456242149274,3.288787911761419,-0.229294149613934,0.2639562983286748,-0.11758974416653432,0.0532988,0.348767,0.270517,0.326602,0.725276,0.401055,-0.454379,-0.066999,0.244458,-0.257459,0.707813,0.211621,0.414937,-0.531079,63.14499927221435,-4.469963643414974,7.862708888626809,-0.11151674357203589,-10.738236572688265,-27.789976774114983,42.240702009379234,65.82599788696943,-0.0698767,0.115073,-0.305168,0.525783,-0.217679,0.27196,0.776019
14.504523515701294,-0.7382373173484115,1.1763351625195475,2.0896028775823243,-0.07673464952492498,0.15445840130632557,-0.09592448917026353,0.053345,0.348723,0.270505,0.325695,0.7256,0.401226,-0.454362,-0.0680962,0.24747,-0.257306,0.710649,0.213166,0.416967,-0.52505,62.95029740818402,-3.7957731624482767,7.438810217470891,-1.0477075196473535,-10.170905091745773,-27.98769419670105,41.08940849631308,63.694279924139174,-0.0710372,0.119198,-0.306386,0.520693,-0.219414,0.266332,0.780899
14.533243179321289,-0.054356044389923405,1.3620478612055502,1.7274851419986705,-0.044444546107403234,0.10793379375440859,-0.08144982060523305,0.0533612,0.348727,0.270461,0.326508,0.724732,0.401679,-0.454765,-0.0716662,0.251134,-0.256964,0.711188,0.210273,0.426506,-0.517774,62.09427987622213,-3.613206792381037,6.338363654899069,-2.28661929866103,-10.84136238607438,-27.330163643554094,39.834784696513516,62.71600108864915,-0.0731505,0.12315,-0.308719,0.519403,-0.200952,0.261839,0.788212
14.564619541168213,-0.7721787546461097,0.9096462279591412,2.1323188702853257,-0.1222808587981901,0.17424307754956378,-0.11169955494514065,0.0533217,0.348686,0.270438,0.32548,0.72536,0.40125,-0.454878,-0.0774922,0.254364,-0.256269,0.712866,0.204986,0.44011,-0.506069,61.14617071025693,-3.268920602384708,4.30517025354505,-1.8967951689373237,-10.551287974398434,-27.58516929185685,39.77744944771589,61.815998524848986,-0.075659,0.127353,-0.310034,0.501133,-0.193759,0.256092,0.803579
14.596731185913086,-0.7038689451127405,0.8897578013363809,2.1955439779305097,-0.10198718955640282,0.17059919927836592,-0.09168888312621892,0.0533181,0.348716,0.270443,0.325906,0.725197,0.401703,-0.454433,-0.0795179,0.256509,-0.255963,0.712545,0.20551,0.445723,-0.501374,60.488018827852244,-3.165501556583968,3.7966037560688477,-1.6475314016859777,-9.89676084995277,-27.442892032828333,39.58779043154441,61.054487159116704,-0.0769177,0.130006,-0.310939,0.49745,-0.191187,0.252579,0.807586
14.627466917037964,-0.46156632039740014,0.9090610772466432,2.2609165998362206,-0.13259195984008756,0.1773682364635624,-0.10329877812188681,0.053386,0.348727,0.270432,0.32589,0.725212,0.401492,-0.454607,-0.0816796,0.259016,-0.255632,0.713892,0.203099,0.452932,-0.493925,59.87318185268473,-2.863197570945946,2.6980564269326415,-2.0229679888766263,-10.685213174643266,-27.570666347136928,39.17161595873732,60.731244897816055,-0.0775423,0.133212,-0.312141,0.491781,-0.184157,0.249236,0.813707
14.658496379852295,-1.3883206375537924,0.241040474520919,2.6874522892287716,-0.1748669168094044,0.23961337745676747,-0.09728391172989556,0.0533627,0.348734,0.270479,0.325414,0.725344,0.401403,-0.454816,-0.083649,0.261416,-0.255231,0.713694,0.202517,0.459556,-0.488299,59.23235824555787,-2.68427799993011,1.9026662744118124,-1.560595648047311,-11.309994391104212,-27.870153440848036,39.32411621950513,60.96846848882499,-0.0780027,0.136107,-0.313061,0.485925,-0.182462,0.24449,0.81903
14.687798500061035,-0.22646240350078406,0.9655426263185825,2.2029740587867717,-0.11906999129967161,0.16336297083850862,-0.08470343504449857,0.0533372,0.348736,0.270506,0.325594,0.725352,0.401299,-0.454766,-0.0851283,0.26297,-0.255034,0.712421,0.202724,0.466224,-0.48373,58.46150274938114,-2.6686476768417107,1.2679492620849722,-0.3345250173799599,-11.859379071937155,-28.471728201366012,40.2277853641632,61.89989576487903,-0.0771231,0.137949,-0.314337,0.480452,-0.171674,0.242071,0.825285
14.716390371322632,-0.9433105234791636,0.38344522229218664,3.035052420759609,-0.20124696879287185,0.23262432630821656,-0.08342617356020882,0.0532978,0.348781,0.27048,0.326591,0.724868,0.401692,-0.454476,-0.0875467,0.264303,-0.25466,0.717286,0.197847,0.473694,-0.471138,57.8660293138437,-2.0064400312709054,-0.318533143873589,-1.0832907511853946,-12.273077750449033,-29.11522951111943,39.75227392817863,60.67719851863758,-0.0767626,0.140303,-0.315252,0.464492,-0.169915,0.235496,0.836611
14.74699354171753,-0.8023450860444902,0.6226259620374857,2.320248359896663,-0.12504552049623865,0.17833739124801024,-0.06969286374812152,0.0533039,0.348791,0.270501,0.326533,0.725155,0.40138,-0.454335,-0.0891885,0.265275,-0.254397,0.721594,0.19064,0.479721,-0.46133,57.670809921183896,-1.6066575257388331,-1.9543727133476896,-2.30677885270962,-13.782481325753679,-29.354624570102622,39.07969090968613,60.467769459209464,-0.0765705,0.141834,-0.31583,0.458181,-0.167634,0.232252,0.841444
14.778012752532959,0.021065709473851623,0.9276715695227075,2.0029366958173913,-0.08572766380285765,0.12221682562093364,-0.048672452130533804,0.0533929,0.348825,0.270729,0.328736,0.724957,0.401445,-0.453004,-0.0918527,0.266436,-0.253759,0.721577,0.185381,0.486727,-0.456132,57.06920837591202,-1.9611011794881357,-3.01543355902351,-3.8888829372487166,-13.190858125830687,-27.809683896850906,37.7723804005873,59.43117722642862,-0.0758187,0.142765,-0.316656,0.454482,-0.145687,0.222018,0.850253
14.809006690979004,-0.04961354532894071,0.8787184211183358,2.0625758248637043,-0.09033187884181887,0.11599987554829597,-0.04480035567186731,0.0533701,0.348873,0.270856,0.328077,0.725386,0.401401,-0.452833,-0.094006,0.266891,-0.253343,0.726898,0.179452,0.494793,-0.44113,56.530413837458774,-1.158994506644495,-5.027170263784463,-3.0870071470591753,-14.208215575069545,-29.616600665141597,38.68167093534061,59.39717457003917,-0.0757226,0.144919,-0.3171,0.433883,-0.15387,0.227996,0.857955
14.836937189102173,0.1728923639247356,0.9536394380351673,1.8742541385058982,-0.06477269922660564,0.09099982994613222,-0.0345584586386377,0.0533372,0.34894,0.270851,0.328429,0.725201,0.401796,-0.452525,-0.0943312,0.266846,-0.25328,0.728968,0.17695,0.496788,-0.436457,56.420897803303355,-0.9362936996066304,-5.611938374988664,-3.2479302527744736,-14.623098079364837,-29.94993864195252,38.6558279352137,59.29466872284226,-0.0749787,0.145197,-0.317355,0.430394,-0.152305,0.226478,0.860391
14.865575075149536,0.20141487920481685,0.8346754434749163,1.9952478745425846,-0.07042722676342969,0.09451618130940062,-0.026121611418732402,0.053351,0.348911,0.270792,0.328964,0.725165,0.401532,-0.452427,-0.0934205,0.266438,-0.253706,0.729934,0.178596,0.49592,-0.435159,56.299406148028794,-0.6901318715255353,-5.551413308767607,-2.778438254166897,-14.57436763875424,-30.760732549871598,39.22398755004366,59.25039707594489,-0.0736662,0.144773,-0.317472,0.429758,-0.155534,0.227947,0.859743
14.895960807800293,0.10829515428101853,0.9172928690194658,1.967846977154519,-0.06808047456452676,0.09498977211716665,-0.032140344433785904,0.0532995,0.348913,0.270812,0.328729,0.725802,0.401369,-0.45172,-0.0923544,0.264419,-0.254046,0.729558,0.176119,0.494174,-0.43877,56.7608638693775,-1.092364148938053,-5.461277952781306,-2.364014715551331,-14.80661888476692,-30.60729872722508,39.77852330734797,60.32000507485424,-0.0727985,0.141899,-0.316717,0.433635,-0.159435,0.22903,0.856788
14.933349847793579,0.2112736085844962,0.8686112541702754,1.9758809227616492,-0.094123427962707,0.08875238388554699,-0.02878696470407905,0.0532674,0.348909,0.27085,0.328447,0.725753,0.401542,-0.451851,-0.0916762,0.261814,-0.254284,0.731732,0.171258,0.490549,-0.441135,57.57055006414113,-1.1652263842216861,-5.491758972324092,-3.387642212804149,-15.19796658657846,-30.513690907726605,39.51142515148295,60.47952757148002,-0.0720799,0.138925,-0.315857,0.432191,-0.162576,0.232784,0.855916
14.966769218444824,0.17710659112639981,-0.12441171857637189,2.1631095759032783,-0.2689272275713549,0.11947015945721953,-0.015908623867437747,0.0532592,0.348909,0.270836,0.32852,0.725688,0.401592,-0.451858,-0.0904376,0.256776,-0.254775,0.733835,0.16781,0.482079,-0.448248,58.807845487441455,-1.3437265055276217,-4.839029171987369,-4.073647966135308,-13.812448964645426,-30.371743933775925,39.57335850255232,59.76843502386747,-0.0709661,0.132528,-0.313878,0.432998,-0.166302,0.239258,0.853002
14.998810052871704,-0.7066519787802806,-1.7344303557701115,3.231607770254471,-0.476864317948657,0.21009965357424995,0.021933350999541322,0.0532892,0.348919,0.270825,0.328414,0.725798,0.401612,-0.45174,-0.088881,0.253953,-0.2551,0.732786,0.16783,0.477576,-0.45473,59.382014659518795,-1.7121765140739944,-4.162503235630439,-3.3013288497696642,-13.527160301414838,-30.49203218689963,40.45065430744899,60.717532128008166,-0.0698558,0.128762,-0.312596,0.4359,-0.170112,0.24632,0.848752
15.030339479446411,-0.41113508024350814,-1.3650207358839601,3.3288811836861916,-0.47540473643658215,0.18943921474178255,0.02277980153354062,0.0533202,0.348874,0.270818,0.328871,0.725745,0.401348,-0.451727,-0.086361,0.250398,-0.255565,0.733111,0.166854,0.468501,-0.463912,60.45252369792978,-2.0572833735628073,-3.159208221191321,-4.401815778872713,-13.068691648680257,-29.859427433477684,40.038288115447706,60.668554827788675,-0.0688411,0.12443,-0.310986,0.441853,-0.17664,0.250472,0.843107
15.06116271018982,-0.027524460538806913,-1.4209656988796575,3.457279315600563,-0.4817659988640407,0.17301438929930518,0.05942644738918433,0.0532897,0.348876,0.27079,0.328798,0.725738,0.401319,-0.451818,-0.0852828,0.247223,-0.255656,0.740302,0.161846,0.466505,-0.456215,60.92740316904554,-1.148892518698763,-4.019122782870818,-4.141286143086102,-13.500999925613769,-31.76469902211982,40.76948313442157,60.08006244885368,-0.0681266,0.119832,-0.309396,0.442531,-0.178491,0.257093,0.840363
15.091747522354126,0.06252006502759525,-1.2937014436488106,3.0856364240088183,-0.48745563249443674,0.14771531053330275,0.04904217732528071,0.0532824,0.348882,0.270777,0.328883,0.725619,0.40152,-0.451769,-0.0853926,0.243963,-0.255683,0.744147,0.154839,0.463021,-0.45594,61.792470053423266,-1.0516411307432252,-4.399084841565259,-5.713636082343893,-13.142611408130406,-31.589696940594514,40.187649306351055,59.15456672022862,-0.068589,0.116393,-0.307385,0.440923,-0.191836,0.263743,0.836197
15.120190620422363,0.09131310816547675,-1.8273785956883646,2.9360222365638147,-0.4955703260899516,0.1423162994371009,0.08116716173229387,0.0533187,0.348848,0.270807,0.328849,0.725676,0.401162,-0.45202,-0.0852089,0.239778,-0.255507,0.744985,0.151197,0.457955,-0.460883,62.627793310024174,-1.286230020431451,-4.123816707743973,-5.902165858371241,-12.06016550913175,-31.427730688909186,40.50385822446271,58.88157515034979,-0.0678435,0.11126,-0.305725,0.438297,-0.185385,0.269314,0.837256
15.150578260421753,-0.03899324243396155,-1.9384574513244153,2.8419842922418366,-0.5163455692511117,0.1390793521863197,0.0793887702178175,0.0533712,0.348832,0.270791,0.328844,0.725444,0.400992,-0.452546,-0.0849483,0.236584,-0.255412,0.740514,0.147374,0.45595,-0.4712,63.225872226574495,-2.37167236041215,-3.604057302216807,-5.779439769048803,-12.98998359812488,-30.6031866708314,41.16944289816907,61.50643230089278,-0.0675935,0.107133,-0.304025,0.439623,-0.188908,0.272938,0.834596
15.180693864822388,0.13460354716957165,-1.968088426615212,2.9959187445944893,-0.5300341408587076,0.13021471777907964,0.0832896802474216,0.0533311,0.348852,0.27074,0.32897,0.725553,0.401437,-0.451885,-0.0836495,0.231884,-0.255633,0.745509,0.143029,0.448675,-0.471646,64.31103014271496,-2.0739486542451475,-3.538561301086423,-6.4062811009289575,-11.45029775296858,-31.213682112857505,41.420390601681696,60.08631295698553,-0.0674431,0.102331,-0.301363,0.438303,-0.206389,0.277418,0.829659
15.210934400558472,0.12794922515227958,-1.9624051406130076,3.141299178250708,-0.5340670959297081,0.1439255005482296,0.08957493783809956,0.0532862,0.34886,0.270675,0.328645,0.725323,0.401855,-0.452119,-0.0826622,0.22732,-0.255529,0.74641,0.138606,0.442846,-0.47702,65.33527271477575,-2.363765442617816,-3.1858435956423214,-6.506971229179673,-11.284413589523822,-31.399820886696126,42.07942047051327,60.80952645867548,-0.0667478,0.0965586,-0.299026,0.440449,-0.201446,0.284721,0.827259
15.2409827709198,0.13758649682894628,-2.076846488283607,3.1513752751962745,-0.5592279039473579,0.16073049030767655,0.0776424915509538,0.0532646,0.348861,0.270634,0.328518,0.725004,0.402189,-0.452426,-0.0819018,0.223842,-0.255272,0.749966,0.132229,0.435491,-0.480014,66.59593970551269,-2.3217124340332465,-3.068326295698979,-8.921271179579648,-11.000983140422107,-30.645800506755982,40.83565017214857,59.60991560837113,-0.0663314,0.0922651,-0.297028,0.442219,-0.202979,0.290819,0.823812
15.270945310592651,-0.4414868608818492,-2.3972385056031547,3.1093679178794917,-0.5994680775322021,0.1856408179069922,0.044040631765546984,0.0533065,0.348854,0.270673,0.328674,0.72515,0.401986,-0.45226,-0.0810559,0.218931,-0.254958,0.747831,0.130932,0.429309,-0.489182,67.38788767194598,-3.022251126990094,-2.2803994600832507,-8.012676854178984,-9.594517495871756,-30.518518051243,42.085958694799025,60.50673622771459,-0.0664895,0.0867894,-0.293736,0.441862,-0.219922,0.296095,0.817753
15.299554824829102,-0.5724166896234099,-2.8960501061557444,3.35529340717036,-0.6425294767815387,0.2001383050580975,0.08620937605707796,0.0534924,0.349077,0.270728,0.328802,0.72501,0.400954,-0.453305,-0.0802849,0.215595,-0.254732,0.747306,0.129106,0.426025,-0.493323,67.80657875469231,-3.1960639269110453,-2.039348272795234,-7.42939992559068,-9.881513703594301,-31.358609709245336,43.30203829797466,61.78505998564075,-0.0653093,0.0824604,-0.292121,0.443589,-0.210002,0.301961,0.817281
15.330564498901367,-0.11792118195705298,-2.4572181618545783,3.043458267189294,-0.5799935968489,0.15586343707642902,0.08543584031085463,0.0533761,0.348871,0.270694,0.328097,0.725577,0.401096,-0.452782,-0.0785418,0.211532,-0.254265,0.751366,0.124571,0.417965,-0.495215,69.05913699367423,-3.0238239162344405,-1.9166825328071333,-8.314860090747889,-9.12503890446218,-31.281307353774316,43.00535810362433,60.801380466353756,-0.0653201,0.078139,-0.288621,0.44364,-0.23132,0.311099,0.808017
15.362664461135864,-0.08291062324244827,-2.227388331340243,2.889620311460813,-0.5411824543775017,0.15097261948453572,0.07150535334261704,0.0533169,0.348888,0.270643,0.328433,0.72495,0.402073,-0.452677,-0.0778239,0.207109,-0.253729,0.753461,0.117267,0.412291,-0.498559,70.18776106233084,-3.2939035800582905,-1.8715902813731287,-9.753906549612147,-9.070793874374274,-30.73273532981866,42.64874878168427,60.78469120716096,-0.0645157,0.0726059,-0.286132,0.445218,-0.232057,0.313355,0.806064
15.394436120986938,-0.38005954553975,-2.1337344816387067,2.6920519008204726,-0.5123815423738804,0.1669177016385941,0.031634332555335,0.053414,0.349106,0.270684,0.32927,0.724298,0.402068,-0.453116,-0.0774201,0.203717,-0.253319,0.756187,0.111076,0.408097,-0.499299,70.95424578329659,-3.2472647648915283,-2.0339999533049937,-11.40574807855651,-9.062345493681711,-30.643887133117893,42.252799456422885,60.25888494635118,-0.0640527,0.0692971,-0.284086,0.442503,-0.235842,0.319427,0.804075
15.426194429397583,-1.0500556660880873,-2.3114079537278367,2.9941122701810947,-0.5593023674868574,0.22146163986511283,-0.014483417262774105,0.0533374,0.348728,0.270627,0.324635,0.726964,0.399137,-0.454781,-0.0768671,0.19817,-0.252362,0.753926,0.10506,0.400806,-0.509816,72.5404638098346,-3.794553587334847,-1.94079258010904,-10.221014767203169,-10.320280015630374,-31.648123860102025,44.43137554178607,63.468756678666,-0.0632926,0.0628815,-0.280423,0.443494,-0.233215,0.328868,0.800481
15.457413911819458,-1.3038645952368073,-2.0721104358345483,3.10556250114766,-0.548207358985494,0.23666016024263464,-0.05533458283055483,0.0533237,0.348738,0.270593,0.324061,0.727211,0.39862,-0.455249,-0.0757021,0.194179,-0.251807,0.757726,0.100586,0.394291,-0.510165,73.54018000574332,-3.4366248351075552,-1.9765386704468142,-10.89761754832789,-10.028207392463678,-32.538346201463845,44.79888153610415,62.945168820368146,-0.0631599,0.0586533,-0.277368,0.440481,-0.248076,0.330801,0.796872
15.488106966018677,-1.3254024488908647,-1.8707432685229577,3.2234844768588755,-0.5419238918378407,0.24621986584020797,-0.06459112288948766,0.0533106,0.348782,0.270528,0.32561,0.72546,0.400896,-0.454938,-0.0749348,0.191287,-0.25137,0.756804,0.100701,0.389896,-0.514866,73.93055092052916,-3.9081397116697136,-1.1220490262440421,-10.84250942077956,-8.91027463871874,-31.972193573558876,45.01424715302198,63.08039821114457,-0.0626814,0.0551187,-0.275282,0.442485,-0.249837,0.33546,0.793256
15.517568588256836,-1.207274922085813,-1.8485982219315968,3.232764576283594,-0.5390044654592397,0.25302066041386956,-0.065406865138089,0.053244,0.348728,0.270473,0.322728,0.727104,0.398603,-0.456379,-0.0743416,0.18732,-0.250534,0.758301,0.0924119,0.385816,-0.517287,75.12920908611255,-3.834692373044377,-1.7249540695882999,-11.063722290235152,-10.965914232860555,-33.204954863539804,46.20544809073984,65.08693648273066,-0.0623544,0.0505834,-0.272475,0.446614,-0.247381,0.342073,0.788876
15.547071695327759,-1.4502126814942005,-1.9074754722379836,3.204396828641527,-0.5624530314539203,0.2621098255974579,-0.104581641790376,0.0532475,0.348686,0.270465,0.322893,0.727251,0.398318,-0.456277,-0.0736764,0.184306,-0.25004,0.759035,0.0919052,0.381509,-0.51949,75.57879947885371,-3.854692154264032,-1.4287869501939756,-10.584803204292765,-9.800097152936942,-33.72732371782842,46.972899351163846,64.92310772542284,-0.0616954,0.0474896,-0.270272,0.438607,-0.25705,0.343676,0.78958
15.578549146652222,-1.7074073099752487,-1.9722214423504216,3.4834673795121605,-0.566874420333064,0.28966704299746776,-0.11091560033340031,0.0532186,0.348706,0.270441,0.323205,0.726921,0.398646,-0.456295,-0.0726638,0.180609,-0.249182,0.757018,0.0889805,0.374777,-0.527777,76.47537159685957,-4.588399644848238,-0.7624235841990945,-11.219791014337293,-9.520349550715721,-32.62859763828683,46.9844357775293,65.79607648942874,-0.0607809,0.0432879,-0.267498,0.441951,-0.253002,0.352416,0.785158
15.607091426849365,-1.7969347646070564,-1.9340238184439411,3.4464032476107747,-0.5701256627988399,0.28657877960901723,-0.1281197021189977,0.0532224,0.348715,0.27042,0.321879,0.727744,0.399268,-0.455377,-0.0717379,0.176473,-0.248443,0.759209,0.0831642,0.369729,-0.529136,77.58644112566706,-4.679826733217062,-0.94482926846268,-11.219869957548294,-8.836419186824415,-33.36353846162529,48.09246860795524,66.21214464983727,-0.0602253,0.0391773,-0.26447,0.440502,-0.263963,0.35648,0.780515
15.63497805595398,-1.781485172527684,-2.062854197152701,3.4176611789026863,-0.5789064896740992,0.28199672932717385,-0.12262174032158396,0.0532447,0.34877,0.270436,0.321503,0.728267,0.399972,-0.454187,-0.0715138,0.17472,-0.248156,0.754887,0.0877521,0.368128,-0.535655,77.54386814976192,-5.438181271271125,-0.14524465816777798,-8.346328789649466,-6.760566159868169,-33.727719721229356,50.31585668880817,67.8943492315833,-0.0599666,0.0373423,-0.262996,0.439038,-0.268214,0.357554,0.779398
15.66396164894104,-1.752586580565898,-2.142809077633977,3.5151934455181486,-0.589357146879992,0.27533316441455163,-0.10904894400378128,0.0531986,0.348735,0.270441,0.322722,0.727724,0.397066,-0.456736,-0.0709456,0.171234,-0.247293,0.753999,0.0858239,0.365818,-0.538792,77.60892498978527,-5.409035093146928,-0.07044165123630997,-8.04616166502127,-8.45892167409584,-34.64836499319619,51.215452537382504,69.54228934911109,-0.0590515,0.0339526,-0.260236,0.435272,-0.273944,0.362774,0.777102
15.69586968421936,-1.5148688593345292,-2.1688652696709254,3.5736467121322666,-0.5864501394102148,0.25703545360358687,-0.07791531796993406,0.0531952,0.348722,0.270442,0.322462,0.72815,0.397305,-0.45603,-0.0697594,0.167848,-0.246242,0.762615,0.0728005,0.355566,-0.535436,79.58351142456233,-4.774517915021276,-0.7904767582756183,-13.674563849337932,-8.073892612828494,-33.1342493104706,47.88097889751251,65.4736234787013,-0.058465,0.0301814,-0.257468,0.436441,-0.277277,0.367118,0.773215
15.72782850265503,-0.9899338669342801,-1.475247495501095,3.2904606791162676,-0.5158304766875949,0.21419424591494649,-0.06879353497490456,0.0531977,0.34872,0.270413,0.322397,0.728126,0.397687,-0.455783,-0.069347,0.164522,-0.245277,0.76139,0.0667231,0.352218,-0.540163,80.38881667530788,-5.392200661923763,-0.8385133417556467,-14.327422812546619,-8.519086772422718,-32.36555118829856,48.11559860077352,66.72468547008451,-0.0581022,0.0271178,-0.254989,0.435958,-0.281888,0.373512,0.768745
15.760908365249634,-0.7634315917778384,-1.0898652234576132,3.1396356962961867,-0.4777700803720625,0.1981638356748959,-0.06323951869354096,0.0531803,0.348691,0.270359,0.322491,0.727098,0.399562,-0.455718,-0.0694545,0.161638,-0.244437,0.763377,0.0655097,0.351085,-0.538242,80.63601983645007,-5.216966522864775,-0.759407578798541,-13.01569079083313,-7.284463967633158,-33.675679298887765,49.46705981787652,66.77069096751008,-0.0578447,0.0237955,-0.252341,0.4329,-0.284004,0.376864,0.768058
15.789283037185669,-0.6226888397891637,-1.0127765115366028,3.1973658067042905,-0.4860511278357816,0.2051567661073301,-0.05930881427027873,0.0532079,0.348749,0.270372,0.321939,0.72778,0.399898,-0.454723,-0.0694867,0.159326,-0.243633,0.765154,0.0610663,0.347332,-0.538675,81.41665356604516,-5.263421615661388,-0.9657091057225564,-13.791800200427527,-5.883854848103859,-33.406221699787444,49.357569555391734,65.74300985304343,-0.0572106,0.0209322,-0.250828,0.434584,-0.271228,0.381112,0.769627
15.821881532669067,-0.8199969965754622,-1.0126414706697333,3.440622093050479,-0.4859096120866556,0.22239622583936647,-0.05251829388638994,0.0531887,0.348696,0.270351,0.321135,0.728211,0.399108,-0.455297,-0.069274,0.156248,-0.24286,0.760745,0.0618659,0.345872,-0.545721,81.57358023977052,-5.955707026037797,-0.523843332626555,-11.381462482820414,-6.079551005439278,-34.41370338743321,51.912509857683204,68.77025879157941,-0.0570276,0.0178381,-0.24829,0.439532,-0.27279,0.389639,0.761957
15.851065635681152,-0.4580977930577723,-0.5530380124208168,3.212650288175361,-0.4301742255314209,0.1849995282499117,-0.05050949617498565,0.0531796,0.348679,0.270289,0.321578,0.727823,0.399111,-0.455601,-0.0689056,0.153015,-0.242031,0.757114,0.0615956,0.343231,-0.552428,81.80760199054231,-6.688833638589168,-0.005704328196950215,-10.100739148221411,-5.9048932392804545,-34.459985118488426,53.44033071598401,70.83344791227412,-0.0572849,0.0148852,-0.245421,0.432633,-0.282164,0.387705,0.763477
15.88419485092163,-0.4191351560847909,-0.4137070062800778,3.2260334643162887,-0.4246028412989741,0.19246437243928113,-0.053237210535527116,0.0531739,0.348622,0.270238,0.321154,0.728164,0.398831,-0.4556,-0.068571,0.150585,-0.241126,0.761663,0.0550796,0.335482,-0.551623,83.05646552542635,-6.2872040503806765,-0.1917025374877479,-13.372165008616395,-5.033768583224578,-33.71746569301718,51.60379228079983,68.19119434300848,-0.0567316,0.0121334,-0.243616,0.440336,-0.277377,0.396978,0.756025
15.9290771484375,-0.7170701763063843,-0.6655953466164024,3.260247199847661,-0.4520922771354744,0.20076554164109314,-0.08596335854043562,0.0531089,0.348632,0.270142,0.322526,0.727127,0.398579,-0.456507,-0.0680971,0.145821,-0.239159,0.766226,0.0432738,0.326454,-0.551772,84.5740122487703,-6.0779296412251105,-0.5348857956127073,-17.75823537040913,-5.226666712202629,-32.01515370576471,49.132739670618065,65.95280214299719,-0.0570526,0.00757552,-0.23886,0.432133,-0.290919,0.400493,0.753812
15.960349559783936,-1.0709401556388969,-0.7132637312015107,3.403062040764558,-0.4540199585586876,0.2165313414538085,-0.10269999471595727,0.0531265,0.348632,0.270142,0.322537,0.727099,0.398573,-0.456549,-0.0677269,0.142799,-0.237948,0.764791,0.0405084,0.323424,-0.555744,85.06781661063887,-6.514070662256458,-0.39806071216311345,-17.303708983082895,-5.108170789514226,-31.959268502381157,49.931432254231964,67.03222349744995,-0.056689,0.00447151,-0.235813,0.433637,-0.298529,0.404071,0.748042
15.99124789237976,-0.8021560504128403,-0.4188560237317636,3.140458891017313,-0.42074451699015925,0.19648880255598425,-0.09939260499797722,0.0531409,0.348621,0.270149,0.322615,0.727128,0.398545,-0.456471,-0.0673491,0.140472,-0.237222,0.764348,0.0386987,0.31981,-0.558566,85.54064771906168,-6.757658017629523,-0.21134275130276592,-17.521168883078122,-4.599122931230006,-31.912420941298272,50.32857993322772,67.29350687885024,-0.0560674,0.00194866,-0.233704,0.431618,-0.296357,0.405572,0.749259
16.021138668060303,-0.9832948841585565,-0.6755355185869046,3.3082726541376744,-0.458433281932593,0.2150472107210766,-0.11288119443484813,0.0531199,0.348638,0.270133,0.322724,0.727033,0.39852,-0.456568,-0.0669441,0.137781,-0.236207,0.76427,0.0384246,0.321989,-0.557439,85.33334937028174,-6.721007989097013,-0.40832039708673484,-14.470501156233272,-4.611204455292118,-34.04106145088712,52.91018665791515,69.17203882667668,-0.0551699,-0.000607716,-0.231166,0.426468,-0.298674,0.409902,0.748932
16.050760984420776,-1.3426686213809995,-1.0520725709632253,3.4778774989653773,-0.5271420316642733,0.23132410982191473,-0.13242888138410328,0.0531049,0.348649,0.270132,0.32226,0.727666,0.39877,-0.455667,-0.0662671,0.135838,-0.235239,0.76687,0.0304936,0.313069,-0.559435,86.83737242832643,-6.800485266716398,-0.5370068441475038,-18.637405173918044,-3.9775112847912553,-31.86130456572473,50.48328230118212,66.8880299368827,-0.0552426,-0.00205866,-0.229026,0.429833,-0.305557,0.418389,0.739479
16.081403970718384,-1.573992706336755,-1.0566693799958198,3.740369021591179,-0.5556795013489579,0.24313610540703248,-0.1314841350551136,0.0531276,0.348655,0.270203,0.321807,0.727153,0.398907,-0.456686,-0.065314,0.134975,-0.234734,0.769451,0.0306773,0.310414,-0.557358,87.09800912838352,-6.287312825302196,-0.34738560241678584,-18.65988051730751,-4.378225934382428,-32.90475203353794,50.76627165890716,66.590102819988,-0.0541756,-0.00293745,-0.228294,0.427743,-0.309381,0.419014,0.738746
16.11212658882141,-1.2810384071138725,-0.5542110783269469,3.786415009340476,-0.5049263295417532,0.2388278201476716,-0.11880095155915278,0.0531956,0.348685,0.270289,0.32136,0.728368,0.399244,-0.454766,-0.0647123,0.135551,-0.235011,0.770269,0.0315464,0.312857,-0.554807,86.91312741059215,-6.210749940180926,-0.7120702782431803,-17.233280482119522,-3.5707588662429686,-33.6975417563307,51.692777285238655,66.66110922516664,-0.054104,-0.0025626,-0.228659,0.430165,-0.313096,0.418716,0.735939
16.140833139419556,-0.5085433376313254,0.08548144486077468,2.954550546942006,-0.3864143643538208,0.16999864144709959,-0.0744774934354053,0.0532376,0.348708,0.270305,0.322562,0.727503,0.399476,-0.455096,-0.065414,0.137528,-0.235966,0.767594,0.0345239,0.315719,-0.556713,86.30009355394094,-6.577030290282747,-0.44331265924803276,-17.4859256911686,-3.958813530964079,-32.6238655326216,50.95250705760747,66.98066502311326,-0.0536668,-0.00137575,-0.230725,0.427642,-0.297673,0.407496,0.749974
16.168152332305908,-0.3974673553789608,0.5128210472458864,2.7421860329141943,-0.3250225626528659,0.15863380700450544,-0.08149818413934444,0.0531446,0.34866,0.270232,0.321887,0.727338,0.398785,-0.456441,-0.0669212,0.141145,-0.23735,0.771171,0.0326171,0.324141,-0.546959,85.60717343146256,-5.573183712768322,-1.5343021682539053,-18.22356549194389,-6.190725845054274,-33.68194007219747,50.196442261083355,66.49226443499224,-0.0547788,0.00220746,-0.234148,0.427733,-0.294583,0.405008,0.752485
16.199386596679688,-0.29854310847235643,1.0396633906694588,2.5619790666173183,-0.2598539381474969,0.14254084066938785,-0.09502825480693658,0.053147,0.348647,0.270239,0.321858,0.727321,0.398866,-0.456417,-0.0688234,0.145086,-0.239158,0.761897,0.0456981,0.330609,-0.555088,84.09862943590358,-6.679265292440666,-0.4247097490946192,-14.762313096368526,-5.268380281222399,-33.3272951787198,51.79544961581766,68.87734825939978,-0.0563176,0.00710843,-0.238393,0.431304,-0.292059,0.401594,0.75326
16.227701902389526,-0.25811841081088466,1.4616550216638535,2.633875122162268,-0.24537598410402808,0.14997602012845362,-0.11908677905143221,0.0531853,0.348619,0.270246,0.321615,0.727581,0.398527,-0.45647,-0.0697664,0.14975,-0.240243,0.768653,0.0411785,0.335,-0.54337,83.9682776529718,-5.442085198822267,-1.6772806917164154,-18.343469132912535,-6.433852146980911,-32.329179765045474,48.28443659251151,65.07814263613906,-0.0574297,0.0111124,-0.242172,0.43016,-0.282986,0.395554,0.760538
16.259504318237305,-0.4138697184789481,1.742573811022685,3.1108416684146802,-0.2506327477251643,0.1808757109664514,-0.1383778556091667,0.0532198,0.348625,0.270227,0.321503,0.72781,0.398827,-0.455922,-0.0719047,0.155223,-0.242247,0.761277,0.0572124,0.346553,-0.545055,81.76754823840498,-5.967082075706347,-0.9518770055642722,-12.797987154588593,-4.9393958894998065,-33.5107556513345,50.829200063420345,67.24330357639708,-0.0584122,0.016632,-0.247906,0.434562,-0.267206,0.392,0.765567
16.290980100631714,-0.3174133330560441,1.990451879540377,3.039200799851243,-0.20743316394484881,0.16625914766814817,-0.1304980394722042,0.0531801,0.348578,0.270174,0.322873,0.727721,0.396158,-0.457421,-0.0728553,0.160379,-0.243875,0.759669,0.0628125,0.355683,-0.540783,80.18032106911716,-5.558905904733263,-1.347748386296578,-12.335415920487666,-7.171966576161694,-33.54699892420569,49.9752195838965,67.50639133419904,-0.0601753,0.0222555,-0.251789,0.431488,-0.269845,0.381842,0.771491
16.322734117507935,0.009922632215978177,1.9251054535631396,2.6975157642704084,-0.1718983870269176,0.14171478431318832,-0.10643724939509688,0.0531653,0.348561,0.270176,0.322864,0.727591,0.395934,-0.457829,-0.0741411,0.167319,-0.245603,0.761974,0.0673249,0.362378,-0.53249,79.14904795948728,-4.712061055249244,-1.7888660416141047,-13.872656610242682,-7.963815105237053,-32.86828062914403,47.48446340001933,64.88971335099951,-0.0619276,0.0290712,-0.257289,0.434522,-0.260739,0.373178,0.777138
16.3514666557312,-0.027094187968369217,1.9694648102445815,2.622172599969653,-0.18152529433986167,0.13307917962315147,-0.1146761103179678,0.0531917,0.348546,0.270195,0.321124,0.727259,0.398268,-0.457555,-0.0761201,0.173824,-0.247216,0.757578,0.0755503,0.372484,-0.530682,77.85387920572452,-4.95984156989786,-1.6169768263314488,-11.733108839676643,-8.568902240908457,-32.979054348500235,48.148735574911676,66.31235600266507,-0.0644094,0.0365816,-0.261838,0.432301,-0.267528,0.362894,0.78093
16.384015560150146,-0.18551135646677236,1.7486090122948428,3.482452105465933,-0.2582430335593244,0.17961941982826535,-0.1076178648792695,0.0532173,0.348497,0.270181,0.321751,0.727004,0.397979,-0.457771,-0.0770186,0.178941,-0.248448,0.757514,0.0832369,0.379789,-0.524409,76.46874345588223,-4.396322140665392,-1.735219243187787,-10.646437519477178,-8.65185067877097,-33.501142516406055,47.80315928904534,65.4227428344592,-0.0645,0.041653,-0.266409,0.435346,-0.247764,0.35673,0.788562
16.41504168510437,-0.03468061484774891,1.5136991724690088,3.3836946028411634,-0.22404609908263498,0.177783780691246,-0.08746717060359638,0.0533534,0.348753,0.270257,0.320917,0.727018,0.39809,-0.458237,-0.077276,0.187872,-0.25055,0.75556,0.0953827,0.386837,-0.519989,74.96388210923813,-3.8881805042637176,-1.3712233152650484,-10.22780746388418,-9.776122934815362,-33.688483787425305,46.9536436858119,64.96042334037158,-0.0668299,0.0493889,-0.273106,0.454727,-0.24356,0.344854,0.784205
16.446925401687622,-0.029854538527829464,1.5407306419158693,3.011457299620037,-0.20423128015282338,0.15558596552171264,-0.08770578782126642,0.0532892,0.348666,0.270217,0.327057,0.723748,0.402636,-0.45509,-0.0777317,0.195027,-0.251809,0.753115,0.104168,0.394842,-0.515817,73.09968412218878,-4.351437697192883,-0.7643383968852913,-11.824465200499656,-8.051128005748701,-29.673965450353514,43.08755152715084,61.75653737540071,-0.0667317,0.0589905,-0.277936,0.447935,-0.235101,0.33504,0.794877
16.47698712348938,-0.06757045660098855,1.2458195703965138,3.4732846654755756,-0.26051159948090374,0.185959532024711,-0.08692597748465888,0.0533367,0.348721,0.27026,0.325857,0.725379,0.400886,-0.4549,-0.0782253,0.199704,-0.252761,0.751265,0.114914,0.399924,-0.512306,71.8719858915001,-3.863524003549682,-0.6490865883882826,-9.127672200341646,-7.072941405821311,-31.188519933455517,44.38331612737779,61.54115411667208,-0.0679782,0.0637054,-0.280887,0.454615,-0.231092,0.326292,0.795899
16.50923252105713,-0.2177097536245526,1.091593245651853,3.7051689834102017,-0.2736940708066972,0.19669752097245394,-0.08424236959026307,0.0532763,0.34869,0.270243,0.327022,0.724396,0.401498,-0.45509,-0.0787983,0.205577,-0.253636,0.748309,0.122241,0.407299,-0.509116,70.47752573344441,-3.7906519887862182,-0.49707777636762707,-8.822121684649726,-8.299583565164049,-30.70683267283389,43.52771969561248,61.76739343412018,-0.0686868,0.0709815,-0.284956,0.451946,-0.231402,0.318422,0.800503
16.539629459381104,-0.22264719851331558,1.211921603198141,3.4085179343135072,-0.2434799840738777,0.17978139694251263,-0.08379134919746548,0.0532898,0.348607,0.270278,0.325694,0.72564,0.401245,-0.454283,-0.0788815,0.210056,-0.254078,0.746495,0.129073,0.409582,-0.50826,69.90580809247217,-3.6874131729563113,-0.26534364107874175,-8.093480211751867,-7.714947720836406,-30.250360332588123,43.07085992718582,61.06123544285779,-0.0694133,0.0758596,-0.287508,0.455671,-0.230132,0.311993,0.801289
16.570603132247925,-0.2009175838792772,1.148001497269764,3.4701666123233186,-0.2554032991336371,0.18600849628679308,-0.08755976406632339,0.0532583,0.34857,0.270285,0.327049,0.724336,0.401303,-0.455338,-0.0792592,0.215462,-0.254703,0.742401,0.139495,0.416132,-0.506179,68.30343594881964,-3.5063248997132517,0.2597578975712125,-6.851584427211968,-8.750408977280536,-30.589171142523902,43.07868607787224,61.72239052651035,-0.0704157,0.0819379,-0.290632,0.460987,-0.229072,0.307575,0.80026
16.59911823272705,-0.30912862040587386,0.8930077797557541,3.7431829825347385,-0.2883693161280005,0.1997391741416602,-0.08110474301551422,0.0532525,0.348561,0.27025,0.325909,0.725061,0.401013,-0.455256,-0.0797774,0.220506,-0.255258,0.73949,0.146196,0.422771,-0.503037,67.23628141770249,-3.3610269248888955,0.15850802783217688,-5.167852340089908,-9.60313018864774,-31.123256931608047,43.63654359820639,62.65991679654551,-0.070962,0.0876381,-0.293858,0.461537,-0.222251,0.298151,0.805415
16.628223180770874,-0.11910508442973364,1.1309170153108261,3.1575379292582437,-0.20135820903223475,0.16399209184163155,-0.07368393432669756,0.0532501,0.348564,0.270252,0.325893,0.725052,0.401002,-0.455292,-0.0797421,0.224749,-0.255608,0.738294,0.151052,0.425124,-0.501373,66.63262601106783,-3.179285802586553,0.32394390711989374,-5.7353775596843874,-10.127352574022034,-30.56425207359917,42.532750379577756,62.032959781875874,-0.0717091,0.0924857,-0.296121,0.467636,-0.217843,0.294872,0.804308
16.658687353134155,-0.06061267128143331,1.3059449195078956,2.594378258642453,-0.13940012035630758,0.1363714863849082,-0.07644249106899098,0.053274,0.348571,0.270304,0.326946,0.724479,0.401177,-0.455295,-0.0801347,0.230418,-0.255788,0.733821,0.159805,0.429863,-0.501185,65.3957712601167,-3.2696790965141638,0.8585757681379356,-5.581514409150241,-10.29997530955665,-29.543565010057073,41.489065918039486,61.700035789431226,-0.0726454,0.0984597,-0.299045,0.472252,-0.210701,0.285601,0.806855
16.68977189064026,-0.03932659272858261,1.2793030471238647,2.5293423616620103,-0.14680509816970222,0.1379441122192024,-0.08107038429755377,0.0533159,0.348565,0.270355,0.326138,0.724979,0.401041,-0.455198,-0.0803818,0.234239,-0.255905,0.735181,0.164271,0.432439,-0.4955,64.85702149598931,-2.6247789279463207,0.6419725594581838,-5.552862575329474,-10.141751603280795,-29.975773236917384,40.97127971767762,60.38634533877129,-0.0734749,0.10313,-0.3009,0.472365,-0.207182,0.281253,0.809224
16.721311569213867,-0.21838335434998632,1.0419338011449257,2.9113400437838814,-0.17299272650887026,0.1530756947309175,-0.07101881021885553,0.0533665,0.348629,0.270384,0.325466,0.725868,0.401704,-0.453674,-0.0815451,0.238557,-0.255991,0.724521,0.176092,0.436209,-0.503768,63.76836522920413,-3.7217319699416858,1.9431098120404773,-2.616664779416645,-7.673214910289339,-28.550435361622256,41.91130342500282,61.283053164337254,-0.0747442,0.10868,-0.303086,0.476841,-0.204215,0.276785,0.808894
16.753289937973022,-0.1658910593258921,1.0939720272044977,2.5248062092150385,-0.11515172140062127,0.13159820200332212,-0.06565281061191831,0.0533656,0.348636,0.270343,0.325618,0.725704,0.401662,-0.453866,-0.0814889,0.241905,-0.256109,0.722569,0.178658,0.437392,-0.504642,63.43292537357925,-3.817474152327352,2.1714680569664964,-3.88259495704213,-8.516265760555065,-27.40045676281742,40.42815317048393,60.916864982275776,-0.0755925,0.113047,-0.304329,0.477412,-0.206709,0.271908,0.809577
16.78203272819519,-0.13489214274585193,1.1564251660009706,2.1633975926378075,-0.0817212582123455,0.11720050979828682,-0.06680122530917852,0.0532762,0.348541,0.270263,0.326077,0.72468,0.400689,-0.456028,-0.0815395,0.246294,-0.256202,0.721225,0.185137,0.441548,-0.500595,62.356377164060525,-3.1786458286306276,2.2443963332892416,-3.9351453545378305,-10.67635285276124,-28.35247083514458,40.14083299633225,61.37279289571615,-0.0768042,0.118303,-0.30602,0.481223,-0.212091,0.265985,0.807895
16.813952445983887,-0.09571924663033816,1.0949322537644832,2.239945203287739,-0.08530171291458188,0.1214514497306598,-0.06505575729126319,0.0532717,0.348555,0.270285,0.326757,0.724304,0.401421,-0.455494,-0.0817934,0.24809,-0.256135,0.71956,0.187428,0.443952,-0.50001,61.90008326740997,-3.3054053882361463,2.370680368420105,-3.78887210354938,-10.524332592181025,-27.86881506428106,39.85254275176166,61.28245025928772,-0.0775762,0.120486,-0.306718,0.486988,-0.208596,0.267773,0.804754
16.846307516098022,-0.11260740944540322,0.8397583587043876,2.3390436686129035,-0.09877775602862747,0.12794822556331453,-0.05171237105557405,0.0533285,0.348564,0.270324,0.326153,0.724727,0.401272,-0.455385,-0.0825527,0.251631,-0.255936,0.717397,0.193511,0.447218,-0.497887,61.15557782310407,-3.106914606559241,2.5023316594440352,-2.824005911786859,-9.793393761522779,-27.976126391914356,39.89222878094083,60.685035751811945,-0.0770895,0.124233,-0.309328,0.481164,-0.189134,0.257909,0.816206
16.878324031829834,-0.047358008340198474,0.7906320785865398,2.3937977440412497,-0.10955501192092179,0.13189035508983263,-0.0533925150311489,0.0533451,0.348603,0.270294,0.325436,0.725561,0.401345,-0.454504,-0.0828425,0.251782,-0.255952,0.717909,0.191774,0.448398,-0.496758,61.26128745712259,-3.202701105264933,2.1457359871654997,-2.571911817716039,-9.526588163392027,-27.740535331318192,39.94529825130941,60.666973321430696,-0.0775971,0.124394,-0.309256,0.482812,-0.190223,0.258988,0.814637
16.910048484802246,-0.0793245040848159,0.7285907947577465,2.6019189093355646,-0.15536933078697546,0.1515685443861871,-0.06891187929183423,0.0532517,0.348527,0.270253,0.32598,0.724584,0.400985,-0.45599,-0.0828818,0.250419,-0.255941,0.719054,0.188553,0.447698,-0.496967,61.464805010861106,-3.101793284811574,1.9975920895239554,-3.553905194947653,-11.089408387909657,-28.03897074046906,39.74297336115022,61.335039825555484,-0.0775342,0.122877,-0.308761,0.483229,-0.191293,0.260577,0.813632
16.94262933731079,-0.5927956494205432,-0.05201440095539323,3.1469326663786963,-0.28129629149597385,0.20849180001838372,-0.06868579879581936,0.0532559,0.34856,0.270254,0.325525,0.724954,0.401292,-0.455455,-0.0823586,0.248663,-0.256109,0.719675,0.186676,0.444937,-0.499251,61.97990992663848,-3.284746043531616,2.125214927978025,-3.5688762330922756,-10.604471713408074,-27.920724310629076,39.96048580131263,61.39622055021817,-0.0769013,0.120964,-0.307885,0.482304,-0.191981,0.26526,0.812505
16.973886013031006,-0.8147484108995445,-0.31698656491729454,3.0800778358669123,-0.32120019318784765,0.21571780525074236,-0.06853550241501628,0.0532602,0.348526,0.270283,0.325906,0.724729,0.400955,-0.455838,-0.0801391,0.245918,-0.256363,0.720959,0.186347,0.438886,-0.502863,62.586732935841006,-3.2446603080019063,2.6470977515545773,-3.854324146245723,-10.9353082140114,-28.34598674110301,40.22578126475875,61.77328729074908,-0.0759796,0.117758,-0.306222,0.488809,-0.205587,0.269756,0.803761
17.002737522125244,-0.737684076836115,-0.9700777897122214,3.249694818700596,-0.37442317352101956,0.2110027629156428,-0.02986513215764968,0.0533004,0.348564,0.270298,0.326914,0.724356,0.401242,-0.455456,-0.0784366,0.2437,-0.256557,0.719162,0.187288,0.433949,-0.509331,62.958507803328615,-3.718053322922883,3.486651078196328,-3.8428164267592955,-10.436466773399133,-27.786556580804465,40.38629832406657,62.24581768899153,-0.0736873,0.114582,-0.305838,0.486775,-0.202783,0.268022,0.806284
17.033578395843506,-0.5519213875117492,-1.177648337755644,3.008548195922491,-0.38517003432946206,0.19928956070941217,-0.010856348316387317,0.0533235,0.348563,0.270342,0.326147,0.725001,0.400919,-0.455265,-0.0764256,0.240112,-0.2567,0.721212,0.183933,0.429145,-0.511719,63.79215995725122,-3.7683175352564953,3.521128562071013,-3.33914098449662,-10.9752054815186,-28.51539459317606,41.37963021234536,63.411190397939855,-0.0714989,0.110337,-0.304556,0.487397,-0.194113,0.272186,0.806647
17.065555095672607,-0.5737717958981721,-1.4352424976728235,2.892407489498266,-0.41737190027132004,0.19652787000135066,0.0019096419944303804,0.05329,0.348571,0.270375,0.32601,0.725152,0.400957,-0.455089,-0.0753104,0.236357,-0.256785,0.723569,0.182085,0.423365,-0.513862,64.5586541504686,-3.7003845103342003,3.7908988757378737,-3.212265611167087,-9.98672814119697,-29.223134122308274,42.08027221543503,63.160660826629986,-0.0703522,0.105524,-0.302621,0.489325,-0.197841,0.277035,0.802915
17.09885311126709,-0.6181351715737604,-1.6838129854211141,2.6036958575747113,-0.4535836426202099,0.1893099133850978,0.0017759291322092658,0.0533513,0.348637,0.270425,0.325404,0.726166,0.401468,-0.453452,-0.0744684,0.232418,-0.256584,0.727322,0.175502,0.417523,-0.515631,65.78752995214693,-3.8949435474332454,3.5901603212889004,-4.08810614738956,-8.536346280763873,-28.584327165431965,41.760030035372935,62.1320935898632,-0.0691492,0.0999314,-0.300046,0.486314,-0.204211,0.283078,0.801039
17.13108539581299,-0.6629626415412324,-2.0017503098101153,2.568304113074769,-0.515964720484634,0.18962037900004108,0.0015620685885459294,0.0533743,0.348653,0.270419,0.325594,0.7261,0.401345,-0.45353,-0.0737642,0.229399,-0.256601,0.729473,0.170211,0.413041,-0.517971,66.61798333181997,-4.027688384864708,3.5359311754834852,-5.509432332594024,-8.751783705881934,-28.27124809210813,41.370512243158416,61.99132430113653,-0.0686244,0.0976143,-0.29902,0.487424,-0.206368,0.285111,0.799088
17.162781238555908,-0.7578582045973307,-2.3480675064852377,2.98838331569374,-0.5539370057561613,0.2008280195945934,0.028913921384212015,0.0533307,0.348584,0.270398,0.326323,0.725143,0.400751,-0.455059,-0.0716107,0.226188,-0.256585,0.729065,0.170827,0.4062,-0.523722,67.13871998820315,-4.100079202755685,4.385794090125202,-5.776759911609471,-9.667211934758754,-28.74123415363406,41.82121728793555,63.0549198937691,-0.0668813,0.0938261,-0.297483,0.489098,-0.21019,0.289569,0.795458
17.195425033569336,-0.39099891518911034,-2.203601627737383,2.847159807776006,-0.5301171553214106,0.15850120597895767,0.04404467826936462,0.0533093,0.348577,0.27041,0.326745,0.724663,0.400601,-0.455654,-0.0705328,0.225475,-0.256554,0.72637,0.172122,0.404571,-0.528283,67.13700672590294,-4.465781387953194,4.921842324221636,-5.3592154275424555,-10.625323215702878,-28.496696604169024,42.22490854852747,64.54686083721033,-0.0662472,0.093103,-0.296867,0.488897,-0.221048,0.289607,0.79262
17.22804594039917,-0.14656982373963665,-1.6860535805499748,2.514646106154809,-0.4563248541368223,0.14006024459981928,0.03977039492587128,0.0533519,0.348654,0.270458,0.325615,0.726301,0.401182,-0.453338,-0.0702441,0.22649,-0.256561,0.725081,0.17541,0.404756,-0.52883,67.08180247254856,-4.696606988392788,5.082382537787733,-3.719256606887395,-8.501404935013916,-28.190789264459873,42.70429665225016,64.075215097011,-0.0663265,0.0939567,-0.297411,0.493883,-0.213218,0.289876,0.791574
17.260311365127563,-0.30464553069511724,-1.2801325582717173,2.562838725784399,-0.42306401995381276,0.14838386809550408,0.02341977541179099,0.0533725,0.348656,0.270458,0.326288,0.725697,0.400734,-0.454215,-0.0707438,0.228617,-0.256787,0.726979,0.17569,0.409071,-0.522777,66.50757725873714,-4.124240030206652,4.518696863579713,-4.260823785705767,-9.834034617965216,-28.98543194685822,42.388414938789154,63.8153236883907,-0.0671348,0.0963575,-0.298421,0.495554,-0.212421,0.284564,0.792671
17.292245626449585,-0.004252169501366133,-0.5382036516464765,2.5102062713087805,-0.33282742291868345,0.1239580275557005,0.009106517403249513,0.0533661,0.348649,0.270462,0.326114,0.725734,0.400962,-0.45408,-0.0717446,0.231271,-0.256792,0.724305,0.177468,0.412736,-0.523008,66.02471106540483,-4.361050390928478,4.506566007581064,-4.203496857911489,-10.089163887192754,-28.15179024157822,41.91196695581774,63.98772481615597,-0.0669406,0.0998502,-0.300219,0.487755,-0.206217,0.283028,0.799665
17.325786590576172,0.1417677575568256,0.18898367367474622,2.2341683215171377,-0.23074839031340727,0.100154265081788,-0.013590476016665147,0.0533009,0.348564,0.270404,0.326209,0.725361,0.400743,-0.454802,-0.074302,0.23637,-0.256776,0.723777,0.180373,0.421172,-0.515972,64.89334883342919,-3.892663972171062,3.86917634988162,-4.488082637876865,-10.65402825576831,-28.17072914943696,41.03131967945761,63.05219928008736,-0.0690505,0.105723,-0.302725,0.487788,-0.20747,0.274586,0.802261
17.356903791427612,0.1004604788004409,0.6756076603786814,1.9984330378238424,-0.17159411967072374,0.08710740059741744,-0.0331605959787331,0.0532889,0.348569,0.27042,0.326146,0.725407,0.400685,-0.454825,-0.0765307,0.241103,-0.256735,0.724035,0.183961,0.431596,-0.505625,63.52657923118091,-3.2466133789009346,2.921615828329017,-3.117537445978403,-10.981131391623606,-29.39118797225614,41.51194364931279,62.768843874724745,-0.0711081,0.112161,-0.304335,0.48056,-0.217119,0.27092,0.805309
17.390136003494263,0.10757436725034253,0.9519413468297493,1.9006180624436095,-0.10915993759237343,0.0860918892074989,-0.041853208494948585,0.0533617,0.348655,0.270442,0.326191,0.725636,0.400914,-0.454225,-0.0780414,0.244963,-0.256641,0.723542,0.184062,0.438881,-0.499991,62.75861076767214,-3.162737023584464,2.172315236121385,-3.281749554057221,-11.568477123436693,-28.947001569068327,40.879809492437445,62.537789106699336,-0.0716041,0.116181,-0.306714,0.48111,-0.203026,0.263328,0.811154
17.41981554031372,0.04638365777989875,1.2655322886287161,1.8661669654838284,-0.06844190338086405,0.08836776430614357,-0.05738908711807975,0.0534012,0.348657,0.270461,0.32605,0.725806,0.40071,-0.454234,-0.0797045,0.250257,-0.256428,0.720171,0.189834,0.447257,-0.495255,61.43573315663367,-3.0337819086185114,1.8700494204233085,-2.121276267396926,-11.880903480596984,-28.999713795986402,40.95058000785966,62.71632640292347,-0.0722741,0.12269,-0.309367,0.477215,-0.192819,0.256126,0.818221
17.45156168937683,-0.02914596729130829,1.3152053097448964,1.95147309831315,-0.05645537875705403,0.09879065050162296,-0.06486448325424266,0.0533855,0.348639,0.270467,0.326109,0.725786,0.400811,-0.454134,-0.0808129,0.254255,-0.256282,0.720673,0.192575,0.453703,-0.487543,60.514088279182275,-2.537374824471507,1.2398837315237614,-1.875487604585718,-12.420671669129149,-29.497237761798395,40.702509295834766,62.21805266801035,-0.0737899,0.129185,-0.311556,0.480474,-0.187691,0.248636,0.819815
17.48196578025818,-0.06252554999344456,1.2873313818061616,1.9144194370916492,-0.04675846949369428,0.10189096934807047,-0.06744956184569079,0.0533638,0.348648,0.270475,0.326037,0.725787,0.400785,-0.454206,-0.0815128,0.258196,-0.255932,0.71854,0.197981,0.455501,-0.48685,59.91987045501562,-2.420791085425755,1.5395322552063853,-2.320368176602134,-11.882512912255905,-28.662429787494595,39.53893730083602,60.99637924307283,-0.0740417,0.132197,-0.31268,0.482398,-0.182436,0.247703,0.820154
17.513574361801147,-0.07217644418064999,1.319502263045319,1.875228964236517,-0.03986624205050532,0.0993133298497156,-0.07079407440857795,0.0533835,0.348643,0.27048,0.326031,0.725837,0.400761,-0.454154,-0.0824498,0.26474,-0.255363,0.715333,0.205555,0.463641,-0.480711,58.45086472502345,-2.109288148153155,1.3133264075544204,-1.3857688906273182,-12.585662063511819,-28.641640386566245,39.18755143013016,60.97509791319573,-0.0751426,0.140354,-0.315385,0.482035,-0.17332,0.238495,0.825059
17.544780731201172,-0.12460968915398123,1.3193315925021867,1.7792232239165053,-0.029037247840694405,0.09770453540529457,-0.07172487946147577,0.0534105,0.348627,0.270497,0.326107,0.725367,0.40095,-0.454683,-0.0826236,0.268927,-0.255057,0.712671,0.211157,0.466026,-0.479929,57.75462230292991,-1.9736315038194645,1.6516207732426462,-1.8341152262750526,-13.140237118461513,-28.268801567118082,38.367872491539465,60.695592552891654,-0.0760342,0.14509,-0.316855,0.487097,-0.168139,0.231847,0.825053
17.575796842575073,-0.03579592998458403,1.232462596791531,1.745676951823806,-0.02006837946987932,0.09353824943145594,-0.06604574163139944,0.0534212,0.348638,0.270547,0.325545,0.725482,0.400976,-0.454879,-0.0828817,0.275955,-0.254215,0.703864,0.223143,0.473402,-0.480285,56.10597575518771,-2.1974001303671473,2.2984599118598084,0.5238233485696995,-13.912425342679242,-27.975720197339633,38.91914797800076,62.248312195381665,-0.0770295,0.153666,-0.319146,0.490315,-0.161998,0.222892,0.826842
17.607666730880737,-0.12906066379410142,1.3016600873012478,1.6801526040221388,-0.014060370497435944,0.09382409440743823,-0.06963006797248944,0.0534141,0.348647,0.27054,0.325085,0.72627,0.400298,-0.454547,-0.0829127,0.281305,-0.253647,0.702683,0.229509,0.476728,-0.475703,55.26137531271181,-1.7753199939177717,2.185120892819567,0.3498422058829007,-13.9035776818303,-27.67868536040995,37.89089361860594,61.11677254855315,-0.078043,0.160404,-0.320879,0.494645,-0.155651,0.214701,0.827649
17.639551162719727,-0.10867220849836394,1.1434688791102532,1.7564686082426835,-0.01933445618544818,0.09764375555630855,-0.05973886903056886,0.0534071,0.348627,0.270527,0.325728,0.725335,0.401299,-0.454698,-0.0830137,0.285632,-0.253059,0.699838,0.235646,0.480053,-0.473547,54.38696327452872,-1.5984522424176033,2.5354778139692673,0.19145784772232233,-14.368899121333584,-27.449851987251783,37.24453573927804,60.86959408106458,-0.0780832,0.165508,-0.322745,0.496744,-0.139631,0.211611,0.830041
17.66759991645813,-0.08341153681043903,1.0541820162924218,1.735770209463792,-0.01789660950038186,0.09826782623022354,-0.054809412757719125,0.0534155,0.348619,0.270544,0.325369,0.725598,0.400849,-0.454932,-0.0830953,0.291314,-0.252125,0.696271,0.244647,0.485768,-0.468384,53.04709814971876,-1.1672747446040717,2.5373450173109386,1.6362602772810355,-14.915981761076765,-28.032235109386328,37.49724667913479,61.061496777014575,-0.0792454,0.172528,-0.323955,0.501142,-0.138272,0.202282,0.829951
17.69984245300293,-0.02175382683059112,0.9093061632907096,1.743442230553325,-0.022629617723571267,0.09652485415126084,-0.04597031618001067,0.0534188,0.348624,0.270567,0.325353,0.725615,0.4009,-0.454871,-0.0833055,0.295247,-0.251316,0.693708,0.251435,0.486953,-0.467361,52.38782557886781,-0.9468148248099908,2.952971517114836,1.4897477537958927,-14.086541740804151,-27.465397581807515,36.558395679861725,59.74096649038845,-0.0802274,0.177863,-0.324877,0.503067,-0.134299,0.197176,0.830668
17.731069326400757,-0.04798326793764378,0.9790592123002453,1.6933235114171206,-0.017296682485102122,0.09460214742777522,-0.04978655683049645,0.0534236,0.348628,0.270578,0.325278,0.725653,0.400911,-0.454855,-0.0843278,0.30031,-0.250263,0.690598,0.25602,0.492742,-0.463394,51.37462447632075,-0.8397970128786101,2.755365790823424,1.455691707069409,-14.595889355611064,-26.98642464601142,35.878452529122825,59.57585517625952,-0.0810473,0.184145,-0.326172,0.503852,-0.126,0.190486,0.83305
17.76307702064514,-0.07361247893480435,0.9682243230868783,1.7023237793635027,-0.015134532336513807,0.09561036549342594,-0.048066880475666963,0.0534329,0.348626,0.27057,0.325218,0.725656,0.400823,-0.45497,-0.0855421,0.304893,-0.249164,0.687652,0.260032,0.500354,-0.457345,50.17349981874173,-0.6699735735742118,2.2607857012947665,2.3432660271653134,-15.547088969675869,-27.200511167688255,36.069099443266914,60.195275470532316,-0.0822307,0.189893,-0.327057,0.50558,-0.120734,0.182454,0.83458
17.792391777038574,-0.008451419020183554,0.9777019475844514,1.639659493436401,-0.011521228092584053,0.08992790229499516,-0.04791317287053893,0.053432,0.348628,0.270575,0.325182,0.725689,0.400809,-0.454955,-0.0860356,0.307096,-0.248598,0.686354,0.26303,0.503127,-0.45453,49.61099719341029,-0.505307886526654,2.1520197452370073,2.811733527375214,-15.509044968530105,-27.33524660407918,36.10141802873838,60.02878427307388,-0.0829876,0.192956,-0.327443,0.505139,-0.119748,0.17951,0.835626
17.822736740112305,0.030034062544513872,0.7912733780305377,1.6651496990431414,-0.01710414800876795,0.08981271738500352,-0.03580102118370755,0.053439,0.348635,0.270604,0.325167,0.725734,0.400616,-0.455065,-0.087468,0.312285,-0.247153,0.684973,0.265279,0.509898,-0.447709,48.61159232074046,-0.2650275540630336,1.4738739239436836,2.0907298813457587,-16.51533471618376,-26.82953399854106,35.032680936700146,59.56665787969335,-0.0839436,0.199898,-0.328327,0.501929,-0.114651,0.170923,0.840064
17.852137327194214,0.0004680250859447516,0.9126212960946699,1.593445689607275,-0.011382430776897472,0.08654850125238865,-0.04238683732560088,0.0534405,0.348634,0.270607,0.325251,0.725724,0.400644,-0.454995,-0.0883786,0.315094,-0.246275,0.684341,0.268109,0.513207,-0.443186,47.96946935686802,0.011973884279441904,1.1957497878958812,2.0777854927506816,-16.299191772338006,-26.77190554168819,34.59156425248773,58.781389706957796,-0.0847149,0.203755,-0.328793,0.500538,-0.111346,0.165766,0.842369
17.88410186767578,-0.09983868768650633,0.9132540243244633,1.5714203012328367,-0.009391002913502717,0.08948000811947712,-0.04351232823749241,0.0535163,0.348678,0.270693,0.327127,0.725434,0.401233,-0.453592,-0.0893847,0.318972,-0.245027,0.683278,0.271657,0.519987,-0.434681,46.709241014264364,0.2424107202099659,0.6421377331467948,2.2126982414886243,-15.79129225160547,-26.57693598663804,34.20651415439432,57.7948453812446,-0.0847028,0.209018,-0.329366,0.494734,-0.105806,0.159849,0.847639
17.929497718811035,-0.13704501054105064,0.8365927022960289,1.5413751154985997,-0.009152373638439524,0.09046949191883473,-0.038639867335269966,0.0535602,0.348637,0.270854,0.326864,0.725433,0.401544,-0.453508,-0.0902303,0.324958,-0.243129,0.680963,0.277376,0.526313,-0.427021,45.49751850684865,0.6545754826758481,0.2250304343978211,2.193240417464647,-16.523703074605905,-26.55802971417352,33.572127843070994,57.29487180388039,-0.0857815,0.217371,-0.330003,0.498894,-0.100032,0.153802,0.84702
17.960771322250366,-0.009512029314954715,0.7784927838947175,1.530185766004626,-0.011748360943766124,0.0864165668633067,-0.035754889482074816,0.0535707,0.348643,0.270874,0.326787,0.72551,0.401537,-0.453446,-0.0911215,0.328955,-0.241782,0.678034,0.281536,0.53165,-0.422322,44.512709096640535,0.7773950527077904,-0.05304940916396461,2.703573419837813,-16.933164638224156,-26.50348757431356,33.50738083584765,57.387442816318895,-0.0860924,0.222574,-0.330534,0.494796,-0.0941127,0.145314,0.851589
17.99370241165161,-0.032949547001490574,0.7424755800473504,1.5245623520131397,-0.011402171686361196,0.08610460038587216,-0.03426087971235327,0.0535401,0.348656,0.270871,0.326913,0.725581,0.401356,-0.453402,-0.0918013,0.331885,-0.24076,0.675433,0.286152,0.53398,-0.420444,43.83166049769028,0.8895710183088301,0.04716579151803835,2.8358125480912264,-16.331519188776568,-26.185426824128164,33.11442868948365,56.67152113662192,-0.0868414,0.22657,-0.330798,0.494384,-0.0892014,0.14081,0.853112
18.026150465011597,0.0703517413541651,0.8886073612236834,1.414038921393792,-0.001692482075657735,0.07857477565052659,-0.04441800424594728,0.0535601,0.348669,0.270936,0.325611,0.725672,0.401696,-0.453893,-0.0923689,0.336804,-0.238969,0.672667,0.29107,0.540318,-0.413346,42.75558508505319,1.256804595488683,-0.4352232322102587,4.073114945060645,-17.954997713535477,-26.873590369193927,33.591904600728526,57.69944716758305,-0.0887251,0.233306,-0.330558,0.500112,-0.0866526,0.136229,0.850776
18.058334827423096,-0.02755178210257432,0.8029432097045304,1.4288796166148354,-0.0015884650882936923,0.08205930348652589,-0.03997322220969559,0.0535608,0.34866,0.270924,0.325648,0.725576,0.401834,-0.453898,-0.0925468,0.340857,-0.237419,0.667605,0.297589,0.541907,-0.414826,42.06690032057899,1.1654934085395965,0.1741518020558459,3.7631807743767176,-17.39620953713515,-25.760248404564287,32.555274027161296,56.935961550511344,-0.0899383,0.238699,-0.330478,0.505903,-0.0821963,0.131939,0.848468
18.089096069335938,-0.18452788671690623,0.706976939789909,1.5166082265497072,-0.003973427037135912,0.08938532449551995,-0.033491593525529675,0.0535707,0.348657,0.270847,0.326617,0.725749,0.401257,-0.453435,-0.0924728,0.344293,-0.236321,0.662818,0.304512,0.545,-0.413425,41.007838060205856,1.1516775139828983,0.46968019027678665,4.416809198008675,-16.8055323326996,-25.547991666281312,32.58103979933489,56.708716586757966,-0.0909313,0.243067,-0.33052,0.509203,-0.0773117,0.126979,0.847709
18.11940026283264,0.047151551501871704,0.779677063025479,1.4274481955223206,-0.0005209193671422309,0.0808698762510056,-0.03810606289537973,0.0535445,0.348655,0.270814,0.326909,0.725693,0.401087,-0.453463,-0.0926695,0.348629,-0.23454,0.658946,0.31028,0.54925,-0.409685,39.949943815924506,1.3020334441406902,0.4464625694296398,4.704163622373599,-17.260008444847443,-25.34516151176745,32.25882078944754,56.67992036054785,-0.0921516,0.24912,-0.330364,0.512747,-0.0720861,0.122684,0.846666
18.149784803390503,0.00016564388374198686,0.5966389623750744,1.39745348956445,-0.004247914692585399,0.07798465018717093,-0.026922957252921265,0.0535458,0.348624,0.270831,0.32653,0.725872,0.401273,-0.453285,-0.0930043,0.351867,-0.233186,0.656008,0.313333,0.552274,-0.408007,39.37690514177515,1.2587767203727402,0.441461434762088,4.617334364716033,-17.573135122082206,-24.742485842644477,31.702030448287108,56.64019143780489,-0.0935345,0.253578,-0.330161,0.516798,-0.068556,0.11934,0.844972
18.182241439819336,-0.09193963117334843,0.39814360259710535,1.432736538000018,-0.012733861348678602,0.08121919831523225,-0.014153501721364717,0.0535334,0.348619,0.270808,0.326708,0.725663,0.401348,-0.453426,-0.0936171,0.355967,-0.231417,0.651649,0.32027,0.554307,-0.406847,38.52404942259017,1.4183315051862948,0.8405600971007701,4.367940690497381,-16.728550210514157,-24.200495456754332,30.884972914650103,55.4711268347585,-0.0946484,0.259124,-0.330049,0.51674,-0.0615726,0.107828,0.84709
18.213576793670654,0.0421175122644969,0.30234657941039994,1.4226439096490429,-0.01714971626604648,0.07895691011610004,-0.008138004099922299,0.053554,0.348615,0.270814,0.326863,0.725089,0.401829,-0.453805,-0.0943792,0.359296,-0.229762,0.648231,0.323584,0.559413,-0.402676,37.588037276746945,1.5072487591118318,0.636994975690687,4.804813135203286,-17.760822276367335,-24.435621399324084,31.08531693671686,56.160482392624175,-0.0956213,0.263953,-0.329736,0.516682,-0.0572604,0.103767,0.847935
18.245556831359863,0.10113659526742932,0.24003838453473741,1.3579874575600306,-0.02089177596549904,0.0734825180877281,-0.0028610305957488136,0.0535624,0.348631,0.270878,0.325452,0.725272,0.402055,-0.454328,-0.0950115,0.361187,-0.228783,0.647606,0.324606,0.561658,-0.399722,37.33805066423935,1.684517950015369,0.3262135847778289,5.206025842179685,-18.46604129135204,-24.61673206283252,31.145020250844706,56.52340071283951,-0.096059,0.266671,-0.329537,0.515342,-0.0537421,0.101707,0.849229
18.27728009223938,0.20281434731898224,0.15792450640399094,1.3318622511167852,-0.025979352284619804,0.0679090637022671,0.002410067970847467,0.0535754,0.348631,0.270935,0.325221,0.725133,0.402613,-0.454221,-0.0958432,0.362889,-0.227827,0.647488,0.325545,0.563961,-0.39589,36.986483463273764,1.8675922907532492,0.03061635507246585,5.1056208412220805,-18.477137299917672,-24.602402180917686,30.868938189788242,56.114168234596036,-0.0964036,0.269211,-0.329199,0.511027,-0.0525582,0.0988299,0.852245
18.30955219268799,0.21368528580465226,0.07988407033062403,1.3533586942075466,-0.030728569019378805,0.07018204531762867,0.00689992260649076,0.0535895,0.348657,0.27095,0.325241,0.725037,0.402548,-0.454417,-0.0959443,0.362714,-0.227885,0.647471,0.327742,0.562531,-0.396139,36.959073420262364,2.0773905798388412,0.25818432517870527,5.395333755423273,-17.503966158132627,-24.900681324287895,31.00876336935111,55.380888221787075,-0.0963629,0.268805,-0.329429,0.512409,-0.0511516,0.0975213,0.851651
18.342018604278564,0.09096107375425497,-0.08265231232637735,1.389692586554874,-0.036145610692817534,0.07505065644123639,0.012941180487395888,0.0536061,0.348663,0.270985,0.325169,0.725104,0.402528,-0.45438,-0.095871,0.361561,-0.228434,0.648077,0.323622,0.562814,-0.398126,37.314553896675314,1.7202172404741578,0.10924666926796434,4.974764579701102,-18.421456295872602,-24.56295585255109,30.9887483151672,56.286610379309174,-0.0959228,0.267267,-0.329419,0.512021,-0.0546254,0.0998036,0.851405
18.37311315536499,0.11670296790523571,-0.03827725303646082,1.39038752307642,-0.03682112140393176,0.07464222327235964,0.009169303494819436,0.053627,0.348644,0.271017,0.324983,0.725216,0.402464,-0.45439,-0.0950571,0.35867,-0.229965,0.65189,0.32114,0.559185,-0.399024,37.97617069721868,1.9091834887106334,0.08262346697666878,5.1620433358345785,-18.250894546507112,-25.397586300041233,31.57087082818137,56.28783853851681,-0.0950327,0.262729,-0.329778,0.513554,-0.0580369,0.103098,0.849862
18.40242624282837,0.08378471592296938,0.3198583126020805,1.4590368727713454,-0.023967686927289934,0.07794703978677779,-0.013412965941183073,0.0535732,0.348647,0.270967,0.32524,0.725033,0.402529,-0.45444,-0.0939881,0.353845,-0.232318,0.65647,0.315231,0.553913,-0.403555,39.12799959275987,1.7992627209904608,0.2195637910213133,4.73990359835258,-18.385919512040104,-25.878392574105227,31.990583259078317,56.66664313055031,-0.0933264,0.256308,-0.330304,0.510681,-0.0645514,0.110675,0.85017
18.435773372650146,-0.003886736582678474,0.5154160279695906,1.5091259927150673,-0.01806441547687201,0.0850168018165849,-0.026157594942991535,0.0535671,0.348668,0.270909,0.32516,0.725649,0.401885,-0.454084,-0.0931045,0.351179,-0.23363,0.658028,0.314034,0.550102,-0.407148,39.706307878542354,1.702602766824766,0.4855551951351842,5.146760546469483,-17.436994885515645,-25.904069208344687,32.346729532676605,56.506607288538994,-0.0926064,0.252548,-0.330133,0.51148,-0.0711816,0.120579,0.84781
18.467768907546997,-0.15365092565096844,0.5696176049233456,1.5235275813442966,-0.016842844014758086,0.09201249557522163,-0.0329755990316179,0.0535699,0.348659,0.270886,0.325172,0.72621,0.401562,-0.453464,-0.0894395,0.34256,-0.237514,0.662349,0.306617,0.537787,-0.421977,41.93467031169252,1.0426127915114733,1.5950773064150425,4.968258748497217,-16.89360081259288,-25.64686893303331,32.90001387851244,57.49378481155598,-0.0892821,0.240411,-0.330891,0.51548,-0.0778907,0.129201,0.843517
18.499746084213257,-0.08278709556837688,0.5782683210144437,1.557983777921692,-0.019149376468791345,0.08841591292968412,-0.03091378745370041,0.0535714,0.348599,0.270847,0.326767,0.724989,0.402,-0.453883,-0.087103,0.336447,-0.240089,0.664926,0.301615,0.528797,-0.432753,43.33784576716512,0.6547987143989031,2.6149153671709318,3.6161140765842568,-17.055404830840004,-25.81954965607951,33.03679751717975,57.97881208021343,-0.087268,0.231938,-0.330914,0.518887,-0.0838754,0.140317,0.839067
18.53112554550171,-0.054409475158310225,0.8080806256412613,1.57171479174435,-0.011534116214230755,0.0886348507406415,-0.04572440136016617,0.0535656,0.34862,0.270798,0.326593,0.725867,0.401288,-0.453236,-0.0854517,0.33156,-0.242013,0.668591,0.298279,0.521653,-0.438057,44.47865543537428,0.5307968627034576,2.9546390294407274,3.8183762063481694,-15.76387807433646,-25.91396071923723,33.403365923173034,57.70941227247995,-0.0859499,0.225035,-0.330657,0.516652,-0.0926527,0.144488,0.838814
18.563677310943604,-0.10748733261160234,1.0936819292963398,1.541214008002678,0.0009595745664227285,0.08986130161473149,-0.06278859446868265,0.0535597,0.348625,0.270799,0.326734,0.725833,0.401203,-0.453263,-0.0831429,0.325251,-0.244295,0.670789,0.293631,0.512133,-0.448935,46.0084250189032,0.06092567881310362,3.872104301433417,3.4714963216793358,-15.277875157121983,-25.85325016148922,33.845800576196574,58.334394349106724,-0.0839983,0.216498,-0.330191,0.520644,-0.101287,0.154003,0.833639
18.593215227127075,-0.23417774585596565,0.5283055935144346,1.701408304994915,-0.019529690930953508,0.1048957674611892,-0.031546754438159685,0.0535711,0.348598,0.270823,0.326777,0.725836,0.401103,-0.453316,-0.080986,0.320944,-0.245768,0.673544,0.290136,0.505936,-0.45408,47.01830569612155,-0.06866271546105285,4.255455815032839,3.4246688013148052,-15.689720426748323,-26.318011967816354,34.38876961892613,59.11825394521195,-0.0822629,0.210364,-0.329861,0.526131,-0.104694,0.160199,0.82859
18.62519145011902,-0.20342591735835952,0.5116435851109451,1.7660804868314268,-0.024724782025923875,0.1036559610885584,-0.028472486228867656,0.0535809,0.348618,0.270812,0.326908,0.725461,0.401379,-0.453578,-0.0793679,0.314735,-0.247573,0.676952,0.284101,0.497126,-0.462481,48.538216321114284,-0.399976160787034,4.8707390072143575,2.6112115779841254,-15.365424531339457,-26.280294057695393,34.561657040502155,59.34082261839875,-0.0806259,0.202324,-0.328946,0.526467,-0.113735,0.169185,0.825393
18.65672278404236,-0.17687242121942937,0.8686276280664338,1.7881700073820324,-0.014184814497108797,0.10045615845711359,-0.04698360643925688,0.0535331,0.348627,0.270798,0.326951,0.725922,0.401042,-0.453107,-0.0795188,0.305865,-0.249703,0.685219,0.269791,0.489746,-0.46673,50.51730860794406,-0.7773879978935998,4.308656484243329,1.2432967937658503,-14.52035292580473,-26.110519518298695,34.6993224703759,59.005436130435704,-0.078666,0.191122,-0.327565,0.516109,-0.123456,0.181612,0.827893
18.68953514099121,-0.2206242880494283,0.9766422417305667,1.7563128420102658,-0.013455269794273911,0.10353445713739176,-0.05532216998076603,0.0535415,0.348646,0.270788,0.327057,0.725768,0.400936,-0.45337,-0.0797565,0.300595,-0.250839,0.688988,0.262276,0.487773,-0.46753,51.3097486613804,-0.9087055684187586,3.8497641737415087,1.682552126945609,-14.745915891200795,-27.089429448679518,36.01531417307504,59.998553488541475,-0.0778576,0.184159,-0.326405,0.512171,-0.129316,0.188186,0.827976
18.722193241119385,-0.22666214748767535,0.8801293743237665,1.7927031769267163,-0.02181075740131159,0.10261450451025815,-0.04649597858184539,0.0535441,0.348637,0.270847,0.326609,0.726159,0.40094,-0.453063,-0.0797357,0.293791,-0.252075,0.69397,0.253209,0.482125,-0.471006,52.71724971660262,-1.155354736134412,3.5987913487707672,1.584602109536199,-13.803638593127403,-27.416756088446753,36.80693829762106,60.02999402655545,-0.0764138,0.175766,-0.324782,0.505035,-0.138028,0.198185,0.82862
18.751635789871216,-0.17193036033140643,0.8185894970594545,1.8847471524183987,-0.027123317729224786,0.10827455819926564,-0.04444851311994085,0.053514,0.348649,0.270851,0.326789,0.726236,0.400709,-0.453015,-0.0801569,0.286851,-0.253174,0.700397,0.240323,0.478236,-0.472207,54.12098981782291,-1.3847147221940146,2.7984507194624175,0.4831454041443166,-13.954527304272318,-27.649576241685047,37.17794402063671,60.34903741249716,-0.0769397,0.166134,-0.322988,0.505916,-0.154058,0.206912,0.823106
18.786603212356567,-0.22637575383204278,1.0215733678513168,1.8323245035566111,-0.02527231871234394,0.10110539519789337,-0.055488574795692296,0.0535136,0.348678,0.270804,0.327113,0.726054,0.400679,-0.453099,-0.0806428,0.281328,-0.253957,0.706359,0.229195,0.47377,-0.473359,55.43014529378009,-1.4934431937521877,2.203045068430601,-1.4957564983261697,-13.801494221616238,-27.43340812990376,36.69928635646413,59.74977901366596,-0.0745435,0.160537,-0.321201,0.490995,-0.156709,0.213278,0.829987
18.816999912261963,-0.08841407474128164,1.12377223534425,1.8428832268337243,-0.021860529577040322,0.10062330269595796,-0.05980721317889052,0.053502,0.348678,0.270782,0.327224,0.726074,0.400519,-0.453129,-0.0803636,0.272922,-0.255,0.710459,0.219097,0.468915,-0.476826,56.725115620714966,-1.8111264154216373,1.8578488888996727,-0.6629526431624733,-13.439962484829124,-28.59687935351895,38.66975653320787,61.03804114423889,-0.0732957,0.14984,-0.318577,0.488845,-0.159184,0.226806,0.827194
18.850011348724365,-0.16640535486049812,0.9591514439240527,1.9862105753311146,-0.03336651895495942,0.11266001654513122,-0.052115729708001164,0.0535068,0.348674,0.270783,0.327263,0.726073,0.40056,-0.453066,-0.0796708,0.268205,-0.255458,0.714176,0.212,0.463764,-0.479511,57.830651136529234,-1.9408073473642329,1.725273275827492,-1.5972696807546427,-13.340068776262754,-28.579346356104246,38.67175081104975,61.00787630026166,-0.0719955,0.14404,-0.317141,0.486122,-0.160554,0.233514,0.826667
18.879539251327515,-0.2687694768352276,1.0185361485746787,2.006447374771733,-0.03678138545371211,0.11169894652230379,-0.05297185400560884,0.053501,0.348666,0.270744,0.327609,0.72592,0.400458,-0.453151,-0.0794648,0.261691,-0.255887,0.716365,0.203536,0.458576,-0.484874,59.0090926336441,-2.4143489699328153,1.68806718128085,-1.91230513599033,-12.927318827229115,-28.51854584190942,39.355793892923536,61.67163801567673,-0.071928,0.136503,-0.314257,0.483507,-0.174511,0.240854,0.823259
18.913018941879272,-0.13053345142911296,1.2564059291479586,1.9527395021433214,-0.029054055221455082,0.10420000639139053,-0.06458797208424065,0.0534473,0.348669,0.270681,0.327308,0.725782,0.400776,-0.453309,-0.0796823,0.255275,-0.256297,0.717435,0.19666,0.454214,-0.490205,60.057679207346695,-2.892207135331149,1.7561783523043388,-1.1815091698213642,-12.211183372582482,-29.07030831076181,40.94617999881494,62.823427029724655,-0.0711885,0.128657,-0.311735,0.478251,-0.178588,0.250555,0.82256
18.946586847305298,-0.2032398670532345,1.3039474638291884,1.9443694793167812,-0.029478694959636745,0.1043262189084685,-0.07029775516879352,0.0534247,0.348665,0.270651,0.326786,0.726253,0.40061,-0.453078,-0.0788952,0.247868,-0.256351,0.720185,0.183499,0.445262,-0.499402,62.08173517627664,-3.7221921447114727,1.703188978447276,-3.313551586774466,-12.301660977377338,-27.470615503096617,40.315042513919494,63.34729305763571,-0.0708769,0.119587,-0.308103,0.479312,-0.190647,0.260571,0.816098
18.98051929473877,-0.19560170703178203,1.2116423475864646,2.0332765169522355,-0.041078435375972645,0.10950190165677627,-0.06735010962778486,0.0534648,0.34866,0.270664,0.327377,0.725623,0.400942,-0.453366,-0.0776648,0.24369,-0.256639,0.724261,0.18222,0.438134,-0.50028,62.86962141891803,-3.3268229502051128,2.0924581633853734,-3.76252083006462,-10.979133464328044,-28.618971047615922,40.72202272228991,62.14814010507336,-0.070306,0.114946,-0.306109,0.477865,-0.200374,0.268491,0.812039
19.01358389854431,-0.28519718732879684,1.3030578516148377,2.0156955691340563,-0.036252748620284214,0.10972378095213135,-0.07445055522042665,0.0533968,0.34861,0.270549,0.325655,0.72574,0.400697,-0.454635,-0.07644,0.238392,-0.256688,0.726133,0.178122,0.430786,-0.505397,64.10289577753205,-3.344185300852819,2.431908366306219,-3.204306940610774,-11.398713892942382,-29.8033798382939,42.1347357592232,63.487827240267386,-0.0704278,0.108725,-0.302359,0.478386,-0.226199,0.273787,0.803133
19.04828190803528,-0.1145988205189502,1.2880699443253065,2.070687924117603,-0.04666809769590829,0.10900738231677488,-0.06894904352014816,0.0533498,0.348609,0.270496,0.325847,0.726115,0.400651,-0.453939,-0.0756148,0.232797,-0.256495,0.727016,0.170495,0.4246,-0.511951,65.322969273873,-4.015379307899132,2.522406688861123,-3.8219517567946433,-10.84227516070176,-28.884856230987758,42.277051688666944,64.03877443714127,-0.0686839,0.0998222,-0.300197,0.479967,-0.20216,0.282527,0.805569
19.082462072372437,-0.07608997310489399,1.0950904159969437,2.196827962948746,-0.07661344303288149,0.1153107113239668,-0.05841436088826112,0.0533396,0.348624,0.270472,0.325808,0.726027,0.400716,-0.45405,-0.0738973,0.227988,-0.256376,0.736066,0.164738,0.417012,-0.507119,66.52493090178362,-3.052326505642153,2.1241603763662926,-5.011125959926439,-10.200387303666481,-30.528607739730838,42.30501395894469,62.16684855254881,-0.0683315,0.0953392,-0.298011,0.484295,-0.208112,0.289301,0.799032
19.11582112312317,-0.16890062825176114,1.0663446552508993,2.2314059521339904,-0.07668942551500689,0.11556992143954191,-0.05844872509676873,0.0533589,0.348614,0.270456,0.325975,0.725928,0.400817,-0.453999,-0.0725124,0.223311,-0.256173,0.730838,0.166994,0.410461,-0.519144,67.04833028832498,-4.037095690866277,3.4640721466918123,-2.915797830778587,-8.843283431155506,-30.436397124621514,44.26099993336589,64.31259487489483,-0.0673253,0.0901832,-0.295157,0.480009,-0.223654,0.295492,0.795145
19.148287296295166,-0.09680992709609909,0.9454264128433492,2.326869971655873,-0.10714456226385435,0.11894041759822377,-0.04786465199713247,0.0533641,0.348607,0.270437,0.325478,0.726435,0.401083,-0.453308,-0.0705151,0.216887,-0.255697,0.738983,0.15344,0.398668,-0.520983,69.34015941141203,-3.948889188609467,3.036563900669613,-6.8498298812551575,-8.811483158241863,-29.46380574229172,42.486663813869,62.46646130481787,-0.0658009,0.0825871,-0.291949,0.484995,-0.217183,0.303992,0.790696
19.18246078491211,-0.049378047174185404,0.8037075974419482,2.3575913497975756,-0.13925900358707413,0.11211443575801561,-0.03917186346485208,0.0533096,0.348539,0.270407,0.326101,0.725496,0.400544,-0.454839,-0.0695028,0.213023,-0.255463,0.742712,0.148209,0.391851,-0.522365,70.29116753191859,-3.665812366224949,3.1319723505140864,-9.027465757543919,-9.57889897275421,-29.76626860654978,41.936112123504465,61.947930682481605,-0.0661208,0.0788395,-0.289056,0.482406,-0.237981,0.305936,0.785527
19.21509599685669,-0.07657503146364057,0.8325642537777076,2.332977611146946,-0.13483608152443283,0.11534156129895454,-0.04292847708313439,0.0533483,0.348608,0.270422,0.325528,0.726388,0.401099,-0.453333,-0.0682645,0.208162,-0.254845,0.744342,0.144071,0.384089,-0.526949,71.5098190860292,-4.036741407766211,3.423067668930482,-8.951614499569832,-7.518173382988799,-29.43984654445328,42.467898186507554,61.46453486499466,-0.0648658,0.0730041,-0.286155,0.483092,-0.239937,0.312674,0.781848
19.24866771697998,-0.1983284066027729,1.092336041812029,2.265890346964264,-0.11085884027698663,0.1190014058643404,-0.05810192680491731,0.0533101,0.348526,0.270358,0.326217,0.725408,0.400523,-0.454914,-0.0673341,0.202372,-0.254001,0.742654,0.136564,0.376428,-0.536767,72.68738577052933,-4.8584148225382755,3.8958028334791237,-10.49049741806785,-8.959033516352342,-28.291977097970097,42.34411899566233,63.297837393111266,-0.0636992,0.0667036,-0.282803,0.482361,-0.235565,0.323452,0.77924
19.28188467025757,-0.1968482255718316,1.1244263528530036,2.3209040692609237,-0.10643755687313784,0.1240541950820926,-0.05953269643512228,0.0532804,0.348531,0.270323,0.326957,0.724882,0.400686,-0.455078,-0.06727,0.199178,-0.253517,0.743107,0.132158,0.375268,-0.538052,73.04151393257837,-5.089191242621129,3.733626316302022,-10.357389910734494,-9.178354489800306,-28.442502930830862,42.95986613760895,64.15116823935288,-0.0634485,0.0625728,-0.280446,0.482966,-0.237749,0.326442,0.776953
19.316229581832886,-0.13212064699790585,1.202685112473499,2.344468222425815,-0.10903156826364656,0.12608490226549637,-0.06470845372986428,0.0533153,0.348633,0.270337,0.32712,0.724706,0.400586,-0.45533,-0.067058,0.194576,-0.25272,0.750044,0.123122,0.368499,-0.535242,74.34943346619731,-4.5522880184137176,3.2029654025489727,-12.90514772915066,-8.317958937588386,-28.750851016162365,42.17574070665165,61.94266265604805,-0.0628916,0.0577153,-0.277439,0.479195,-0.242469,0.333642,0.774767
19.3491952419281,-0.2426109806427195,1.2541227062632718,2.3971079307504,-0.10639358667704503,0.13207716617203547,-0.07270979546595117,0.0532783,0.348557,0.270247,0.321923,0.726823,0.398542,-0.457447,-0.0667674,0.188504,-0.251603,0.749531,0.11903,0.362522,-0.540937,75.68021797651187,-4.568571910078935,3.2241752334420823,-9.907832418153948,-9.160402940829172,-32.0832338723335,46.24482221614945,65.70093092180323,-0.0621989,0.0512207,-0.273385,0.474797,-0.247903,0.341769,0.772209
19.381876468658447,-0.18153279866197541,1.2251013687538748,2.3631349058395577,-0.10962544836342132,0.12241945086457293,-0.06825527948924591,0.053325,0.348546,0.270253,0.321211,0.728082,0.399066,-0.455484,-0.0669927,0.1846,-0.250773,0.74094,0.118934,0.357364,-0.556016,76.32588172045615,-6.436430500933151,4.233931764807046,-8.01638324635756,-6.656077104271553,-30.07176354825777,47.76178727631783,67.82594866577246,-0.0620756,0.0470576,-0.270558,0.475602,-0.25268,0.345708,0.768402
19.413617372512817,-0.20628265305257845,1.1097243561279873,2.443590113597187,-0.1351856813289896,0.13325501693032463,-0.06760182872143665,0.0532443,0.348418,0.270184,0.324398,0.72567,0.398204,-0.457823,-0.0664023,0.182493,-0.250217,0.748794,0.109753,0.35684,-0.547656,76.61150884095026,-5.397774583132269,3.2512725538460767,-11.756447034971668,-9.504092221945868,-30.167231370378865,45.50211187314982,66.2781738829847,-0.0620177,0.0443936,-0.268506,0.477433,-0.255334,0.352089,0.763476
19.44652533531189,-0.09899644725549522,0.8863433884631219,2.5572977286940017,-0.17057268133175998,0.12598765677798204,-0.04882631496668961,0.0532782,0.348514,0.270196,0.321583,0.728748,0.395692,-0.457098,-0.0659141,0.172875,-0.248129,0.74669,0.10467,0.346981,-0.557765,78.18314316180809,-6.1579240651935425,3.4667055212085565,-8.355011521286254,-6.593973427216412,-32.42888164359848,49.945877344413404,68.71361425382402,-0.0610332,0.0348578,-0.261666,0.470265,-0.264106,0.363863,0.759409
19.477978706359863,-0.03415373005784727,0.9798841598837837,2.5491022336918907,-0.1617717772962276,0.12434147182937262,-0.04956620174075895,0.0532707,0.348486,0.270175,0.321966,0.728489,0.39577,-0.457174,-0.0653452,0.169338,-0.247302,0.747377,0.0971706,0.342141,-0.561182,79.15248914246814,-6.55099959019877,3.324866850093988,-10.267753177004895,-7.258117506430416,-31.42179424587541,49.385441197605076,69.0211434872908,-0.0611001,0.0311451,-0.258764,0.47311,-0.269238,0.367876,0.753887
19.511409759521484,-0.1621332443708307,1.2297050592714973,2.478453538718826,-0.13599610476571042,0.12806510088625056,-0.06387299071227676,0.0532347,0.348465,0.27014,0.32215,0.728029,0.39557,-0.45795,-0.0646473,0.165269,-0.246158,0.749243,0.0969349,0.337386,-0.561613,79.58543291095332,-6.277687213743967,3.6588963599610445,-9.089825920738402,-6.190956576373075,-33.061755362696594,50.83968434716542,69.10136159461676,-0.0597288,0.0267698,-0.255637,0.466815,-0.270534,0.375147,0.753764
19.54302215576172,-0.1418022509040413,1.3906793031510947,2.4829124222063763,-0.12527402291799505,0.1321141324813621,-0.07622744361477793,0.0532452,0.348477,0.27011,0.321745,0.727657,0.397813,-0.456881,-0.0642971,0.162289,-0.245028,0.75431,0.0844967,0.332593,-0.559695,81.10575273921373,-6.296008607822504,2.924340269924457,-12.554312083445023,-6.51103014652363,-31.593717458594078,49.03765998827976,67.62671702919287,-0.0596792,0.0231654,-0.252688,0.469088,-0.276554,0.378127,0.748662
19.57841730117798,-0.239042023686694,1.5567565358020719,2.437406697783179,-0.10940385748490516,0.1337623964625214,-0.08542623553807219,0.0532667,0.348473,0.270121,0.321854,0.727794,0.39776,-0.456632,-0.0639171,0.157217,-0.243421,0.753292,0.0811343,0.325344,-0.565792,82.0346954618187,-6.843358274735642,3.349288189138642,-12.41284160680534,-4.879533633985012,-31.374850833190244,49.878399754585026,67.89891098360484,-0.0583526,0.0176687,-0.248585,0.464739,-0.277243,0.38534,0.74744
19.610480546951294,-0.15174893602407918,1.4383916085779125,2.4684294675759335,-0.13939463216578954,0.13310953203570663,-0.0803211712252097,0.0532597,0.348486,0.270129,0.321776,0.727815,0.397747,-0.456665,-0.0638419,0.15229,-0.241967,0.754564,0.0739613,0.324485,-0.565572,82.64030689993487,-6.947692880188913,2.7716115748298407,-11.428304422302968,-5.050485114366637,-32.809710544394754,51.85254275248373,69.53665600012391,-0.0579781,0.0133013,-0.244426,0.462103,-0.283273,0.394884,0.741811
19.643477201461792,-0.16422053905387476,1.0423489274025928,2.8391073135618736,-0.19512781637799123,0.14583669585977319,-0.05783753043147988,0.0532626,0.34848,0.270125,0.321835,0.727802,0.39771,-0.456677,-0.0636943,0.148559,-0.240574,0.755214,0.0669375,0.316859,-0.569888,83.86482292495985,-7.319674210907287,2.8305041724351447,-13.8867226053213,-4.511340394507215,-31.393569035600926,50.80824676990573,68.71174901672339,-0.0574971,0.00954287,-0.241147,0.460195,-0.287102,0.398123,0.739791
19.67499566078186,-0.1964371239156488,0.49858439043490055,3.32859819743423,-0.270980540876947,0.16597545929867574,-0.04204998869627698,0.0532631,0.348469,0.270109,0.321908,0.727752,0.397708,-0.456707,-0.0630337,0.143617,-0.238626,0.759741,0.0557169,0.308063,-0.569901,85.50534195826995,-7.169332933062106,2.3968641547514054,-17.24539955360026,-4.248345508923883,-30.553444023849828,49.52614363805285,67.08502673609584,-0.0581555,0.00600741,-0.236253,0.456112,-0.308794,0.412273,0.725699
19.708487033843994,-0.3732193539803576,0.42600718728518133,3.038407991448129,-0.3055004711825446,0.16699050591627948,-0.06095538602302595,0.0532456,0.348469,0.270061,0.321968,0.727861,0.39743,-0.456732,-0.0626811,0.137416,-0.236056,0.760593,0.0500778,0.302416,-0.572306,86.4284485827426,-7.34644214712843,2.3363604195599716,-16.176592185450115,-2.9266454118467564,-31.60237346020383,51.21676320835099,67.67203884571052,-0.0577097,-0.00096745,-0.230096,0.455877,-0.305526,0.415777,0.72523
19.738168478012085,-0.4099890943632799,-0.06406161741856915,3.611454059735067,-0.3631404101156594,0.18178888044459862,-0.05103796844851992,0.0532421,0.348469,0.270043,0.322293,0.727699,0.397472,-0.456724,-0.0631232,0.133468,-0.234104,0.752889,0.0481409,0.296168,-0.585769,87.09017566238174,-8.963951535171239,3.163176757275494,-15.715969741340071,-2.228036962704387,-29.250580198698593,51.7520354933301,69.772303602647,-0.0573802,-0.00448248,-0.226272,0.450518,-0.317842,0.425093,0.717848
19.771996021270752,-0.4894812504940034,-1.0740629781761322,4.215636366951288,-0.48559517796733825,0.2155150001057364,-0.0293974146936538,0.0532419,0.348475,0.270054,0.322132,0.727542,0.397702,-0.456888,-0.0626298,0.127594,-0.231616,0.754461,0.0400206,0.288296,-0.58828,88.4333029091963,-9.147954558535126,3.0681331234107727,-16.772388410960286,-1.4887779584852225,-29.515263939547133,52.41708018939361,69.89178591399589,-0.0561101,-0.0105049,-0.220603,0.444456,-0.308877,0.428827,0.723299
19.80482006072998,-1.5175127555479135,-1.9063986950912502,4.880413014547002,-0.58268003492387,0.27836427429401145,-0.04051593948212269,0.053268,0.348462,0.27006,0.322206,0.727492,0.397646,-0.456964,-0.0619711,0.122338,-0.229035,0.75651,0.0328553,0.28324,-0.588548,89.41435273545406,-9.128380046364242,2.758953456368131,-16.712227388709405,-0.9896608141393699,-30.330278740664234,53.42471947290726,70.20651542203804,-0.0556327,-0.015844,-0.214805,0.443331,-0.315833,0.435728,0.716832
19.83870553970337,-0.8900927444014041,-0.9938257998143092,4.28018014587195,-0.4801032907456151,0.22630854544938137,-0.04420726805715305,0.053291,0.348446,0.270025,0.322352,0.727585,0.397412,-0.456916,-0.0611345,0.117486,-0.226636,0.759179,0.023041,0.274975,-0.589495,90.87388134936492,-9.130830439005987,2.4120946304505892,-19.210208616925083,-0.8018707457513585,-29.703028414113426,52.775033965684834,69.32742582940553,-0.0552511,-0.0202634,-0.209559,0.436443,-0.328292,0.440753,0.712375
19.868627071380615,-0.4449278536653805,-0.19757315791273736,3.7930813347073253,-0.41086067279005883,0.2102122718499824,-0.05951642384963571,0.0532942,0.348448,0.269959,0.322378,0.727698,0.397136,-0.456958,-0.0610924,0.112921,-0.224158,0.762324,0.0134927,0.272522,-0.586866,91.78167172089978,-8.863408771839058,1.5931096288261966,-19.611938456805806,-0.6702002430370726,-30.60903737138137,53.43185714999271,69.24492608668103,-0.0551817,-0.0248803,-0.204403,0.438419,-0.321469,0.449217,0.708978
19.89930272102356,-0.7913135875016425,-0.27869539496081275,4.296791048545755,-0.4438455891700271,0.24228127008569905,-0.09150636623203877,0.0532733,0.348444,0.269941,0.322417,0.727609,0.397071,-0.45713,-0.0614063,0.107743,-0.221069,0.765415,0.000767124,0.26404,-0.586874,93.47038231132552,-8.78914009241011,1.0111759684921857,-22.959702277363764,0.018736876723444595,-29.54576489128663,52.25117392119031,67.5346014446699,-0.0553087,-0.0296261,-0.198497,0.430959,-0.32905,0.45603,0.705717
19.947131156921387,-2.5593116509696943,-1.1159772520015792,4.715428033805074,-0.5523591637738575,0.30816893569345977,-0.1955802476241538,0.0532638,0.348417,0.269838,0.322129,0.727115,0.397322,-0.457899,-0.0617801,0.0995119,-0.21619,0.765518,-0.0133369,0.256393,-0.589972,95.19757048800959,-9.18811481262602,0.4520447797999019,-23.72754591476711,0.30291022571491766,-29.82727908431442,53.40928415312126,68.68256084268148,-0.0554238,-0.036878,-0.188787,0.425072,-0.33796,0.470804,0.695299
19.982152700424194,-2.535442390844069,-1.1384144277698174,4.6766246108017295,-0.519849865070195,0.31503293420640227,-0.19648040914979287,0.0532466,0.348422,0.26978,0.322103,0.726769,0.397577,-0.458246,-0.0614129,0.0960656,-0.21408,0.765028,-0.0179985,0.252662,-0.59209,95.87249614458008,-9.440210691602037,0.4074708465283603,-23.658766592950972,0.22484429670502237,-29.991218658256294,54.07861807403074,69.58462848120223,-0.0553242,-0.0401496,-0.184442,0.424524,-0.338798,0.473438,0.693435
20.019155979156494,-3.0391576767874167,-0.7014083782164865,4.571760460795363,-0.47138266207213697,0.2928947079351773,-0.2622712556198579,0.0532588,0.348376,0.269754,0.322752,0.72722,0.395059,-0.459249,-0.0630893,0.0895748,-0.209626,0.753612,-0.02065,0.233506,-0.614099,97.59878135336844,-11.678525400814321,1.9841739513215142,-26.08507167628768,2.678395399945636,-25.133869912585332,53.36086407809,70.03911873729768,-0.0561816,-0.0453229,-0.177101,0.416174,-0.345386,0.483334,0.688401
20.050621509552002,-3.2888067689079263,0.006242370194893715,4.062498072885667,-0.4047080871266634,0.2940587943162145,-0.3218746541657587,0.0532764,0.348353,0.269661,0.322839,0.727424,0.394566,-0.45929,-0.0644101,0.0864044,-0.207319,0.7525,-0.0249413,0.233156,-0.615435,97.91652260836932,-11.9147644565118,1.6169322292893806,-24.92517038383657,3.8607824352696483,-25.763585635928614,53.938767805370816,70.50824804990317,-0.0577415,-0.0489977,-0.171242,0.415084,-0.344704,0.493845,0.68191
20.08338499069214,-3.6331449856074176,0.4440723334399989,3.118315838514251,-0.3275519124767845,0.22405651317990086,-0.3775193826396613,0.0532655,0.348325,0.26957,0.323518,0.726856,0.394507,-0.459761,-0.066766,0.0819674,-0.203858,0.752289,-0.0365786,0.230909,-0.615958,98.87454258351111,-12.167942011810315,0.7758155652779806,-26.383580396032247,4.759060007544512,-24.863889852765716,53.365859066625106,69.82946104184327,-0.0613466,-0.0492071,-0.16579,0.389757,-0.374748,0.482973,0.68876
20.117058277130127,-4.515377210694628,0.0636229064186192,3.1820223478728806,-0.32653974559035187,0.2449758845615247,-0.4023190398944727,0.0532765,0.348295,0.269546,0.323677,0.726512,0.394256,-0.460408,-0.0682881,0.0781992,-0.200873,0.747723,-0.0463249,0.229316,-0.621433,99.67475480617007,-13.071588021926905,0.193908693107403,-27.218741081788455,3.6957737813789535,-23.220786952149133,54.11238642802751,71.85977683069892,-0.0628357,-0.0517946,-0.160696,0.384174,-0.375087,0.48768,0.688395
20.15069603919983,-4.095734680584682,0.6261202502879564,3.3158377084584867,-0.3062058318796073,0.2619302936332666,-0.3925665698263007,0.0533647,0.348249,0.269554,0.322764,0.726941,0.393921,-0.460659,-0.0693071,0.0756624,-0.198388,0.745397,-0.0480803,0.223465,-0.626206,100.40689831943443,-13.516326995941185,0.5057774418466927,-27.048785920025576,5.282199273820105,-22.8612314908434,54.11701491757853,71.69492839446065,-0.0635501,-0.0554995,-0.156751,0.39391,-0.36239,0.50204,0.679312
20.182299852371216,-3.8600663439035916,1.4481298718294433,2.621116066033514,-0.2524689802967923,0.2418243769801468,-0.4280407650240455,0.0533766,0.348233,0.269505,0.32285,0.726873,0.39387,-0.460749,-0.070978,0.0741311,-0.196731,0.745906,-0.0528208,0.225182,-0.624601,100.59482206291666,-13.43827050629163,-0.07779662435939905,-26.70273450966725,6.209412500539258,-23.232908893217093,53.899327739335114,71.14537958083353,-0.0662395,-0.055769,-0.153295,0.404527,-0.362836,0.519708,0.659251
20.21396493911743,-3.388777651527983,0.32401922052269955,3.336218339293211,-0.35296634510887903,0.24465885607006863,-0.32556586375530444,0.0533493,0.348212,0.269406,0.323303,0.726849,0.39362,-0.460683,-0.0730268,0.0728559,-0.19521,0.744757,-0.0580763,0.222204,-0.62657,101.19598641652831,-13.742882173017257,-0.34743882435830464,-28.53761128851479,7.435057016586313,-21.442515701939364,52.442485569325655,69.50767591486138,-0.0683775,-0.0566939,-0.151311,0.385257,-0.374097,0.506167,0.67485
20.245501041412354,-3.0103561339688807,0.44942213723912905,3.9370048185943762,-0.3784138503264916,0.26350621258390844,-0.280920731317584,0.0534048,0.348208,0.269419,0.322892,0.725439,0.396233,-0.460953,-0.0735762,0.0728757,-0.195065,0.741234,-0.0567872,0.224469,-0.630049,100.98015440009488,-14.507805573772075,-0.01897191145881827,-27.161416371613274,6.94823395050976,-20.878457370247183,53.586663555271464,71.65499290758056,-0.069502,-0.0568554,-0.151245,0.386506,-0.36987,0.505403,0.677036
20.278634548187256,-2.40982619852322,0.866805735036879,4.658539240804815,-0.4219377181783305,0.2879653188439417,-0.26634697622350395,0.0534764,0.348153,0.269376,0.323397,0.725219,0.396304,-0.460885,-0.0745551,0.0742788,-0.195884,0.738994,-0.0535355,0.225586,-0.63256,100.57468254412734,-14.881322989054699,0.2978745511262648,-26.913581223787933,7.493094626983861,-19.709383341165847,52.9485048490901,71.25370750036433,-0.0701512,-0.0564146,-0.153024,0.395999,-0.358797,0.509288,0.674592
20.311187982559204,-2.3228154087414454,0.49494685203981637,4.107320061788365,-0.3830849087938287,0.2555984198639787,-0.23083827458477174,0.0534964,0.348145,0.269358,0.323348,0.725241,0.396495,-0.460721,-0.0738562,0.0768192,-0.198027,0.742546,-0.0474394,0.228803,-0.627714,99.86006723905567,-14.164229879389758,0.5334386262600788,-25.96996633544572,8.071753297688439,-21.22714642604629,52.59575233047529,70.03729046654516,-0.0703294,-0.0541488,-0.15624,0.391156,-0.362559,0.497766,0.683942
20.343613386154175,-1.5116517038069357,0.976056936503954,3.685214050605487,-0.31492093935571863,0.21681703763728943,-0.1844721377836851,0.0534863,0.348149,0.269442,0.322524,0.725068,0.396969,-0.461162,-0.0734461,0.0788114,-0.199688,0.739834,-0.0439188,0.228219,-0.631373,99.71940947676988,-14.580109801344474,1.0780507926139826,-26.688190612749576,6.612503599960533,-20.02014311633954,52.9767199305702,71.25284506051902,-0.0700288,-0.0526929,-0.159604,0.399594,-0.359379,0.500351,0.678837
20.376466035842896,-0.8090377711041555,1.676702242429594,3.626687070765603,-0.365325770893827,0.20257609334419716,-0.18726271159378577,0.0534931,0.348119,0.269436,0.322608,0.724853,0.396941,-0.461466,-0.0736753,0.0831746,-0.202809,0.742574,-0.0366726,0.233664,-0.62661,98.68222238684075,-13.887193089674042,1.316699681519463,-26.336230398550978,6.70606407748086,-20.658208427994985,52.003764624379066,69.6381438222941,-0.0708528,-0.0477356,-0.164885,0.407429,-0.36302,0.501714,0.671194
20.409801483154297,-0.8781317650893969,1.568203460404694,5.428733070203003,-0.5066590043602521,0.2827780516224052,-0.1772284114013513,0.053485,0.348153,0.269354,0.322501,0.725712,0.397148,-0.46001,-0.0718894,0.0873512,-0.206457,0.742947,-0.0253991,0.235697,-0.625964,97.74127112675531,-13.708306917292026,2.0648547567973843,-25.125569555077337,7.2539447367839855,-21.403368243203303,52.06675844395541,69.35509004929217,-0.0674397,-0.0467878,-0.1723,0.419948,-0.342664,0.495313,0.678888
20.44257164001465,-0.7385435203219075,1.5749731951301604,5.905745621859446,-0.5117584445096011,0.2959011832731743,-0.14883541509774323,0.0534408,0.348142,0.269436,0.322635,0.724744,0.396885,-0.461665,-0.0690564,0.0914927,-0.209951,0.743913,-0.0165611,0.234924,-0.625404,97.06393537449681,-13.272489425558962,3.083041893048419,-26.371079326036774,4.161864987186128,-20.853985676597233,51.673869463794375,69.78991827704475,-0.0655263,-0.04311,-0.178366,0.429352,-0.340651,0.484865,0.681556
20.476099491119385,-0.2537596440076987,1.2031036945061397,5.547254529254879,-0.5127864606653201,0.31516981045633186,-0.08187496101359153,0.0534321,0.348173,0.269539,0.322586,0.725145,0.397263,-0.460745,-0.066089,0.0981266,-0.214547,0.761746,-0.0123294,0.254015,-0.595875,95.18382354891456,-9.725938603509029,1.2253054321302326,-23.907166753102818,2.5864424004538265,-27.917901593648132,52.01051139170767,67.05031297247506,-0.0629593,-0.0381988,-0.185715,0.432925,-0.334474,0.475224,0.689105
20.5049831867218,0.41901200640403696,0.7653498583337524,5.277212298035562,-0.5824496709682753,0.2700910785730425,-0.0029707476239180545,0.0534836,0.348296,0.269671,0.323654,0.724958,0.398882,-0.458888,-0.0665849,0.103125,-0.217687,0.765072,-0.0117003,0.265561,-0.58652,94.0684857098923,-9.16703629893952,0.20976281623685544,-24.245171898602738,2.0385113403101442,-27.95656073787385,51.135913348517064,65.93833767706909,-0.061701,-0.0337938,-0.19198,0.42968,-0.327198,0.471108,0.697405
20.538308143615723,0.4446456754050772,0.5594245638018663,6.319012240260234,-0.7361433037546727,0.27158415679186027,0.0025810051913215033,0.0534112,0.34829,0.269704,0.325327,0.724385,0.398237,-0.459169,-0.067246,0.108474,-0.220972,0.762235,-0.00421651,0.273643,-0.586599,92.56377239365844,-9.347826503486038,0.393062694891654,-24.091117936226393,0.4912304281373636,-26.68243742203989,49.97459176224936,66.37699955032373,-0.0605456,-0.029043,-0.198898,0.426666,-0.319795,0.457838,0.711388
20.567427158355713,-0.668210992892916,0.5982869223741644,6.808399686489705,-0.8085854540687033,0.3333062544418102,-0.16079571059003286,0.0533804,0.348379,0.26973,0.327647,0.723817,0.397419,-0.459123,-0.0664725,0.114719,-0.224544,0.767035,0.00487089,0.281064,-0.576747,90.94262054904092,-8.130674351495538,0.3483245606557599,-24.27269035016454,0.1496145003680951,-27.13158167609317,48.11054974524675,63.73754312479051,-0.0606188,-0.0226095,-0.20586,0.432589,-0.326084,0.450909,0.709378
20.59887456893921,-2.6557907729654047,0.04880068493237684,6.9072660882278125,-0.789566114982414,0.415401671616219,-0.2992895830885473,0.0533717,0.348405,0.269777,0.327016,0.723446,0.40036,-0.457601,-0.0652918,0.121071,-0.228193,0.760281,0.0232503,0.285643,-0.582958,89.40339981921716,-9.04677414672755,2.0551967808698652,-20.789596609462354,0.4599850990276053,-27.004556854023768,49.33199968409006,65.9445421468567,-0.0591117,-0.0174449,-0.213188,0.44162,-0.309291,0.435953,0.720594
20.631622791290283,-2.7522753059684133,0.25186407365203556,7.087329835323024,-0.8597179518409133,0.41746506641566195,-0.29571741530593365,0.0533778,0.34844,0.269827,0.326424,0.723884,0.39983,-0.457794,-0.0641794,0.125617,-0.230517,0.756934,0.0333204,0.286041,-0.586619,88.67809991788485,-9.242897982223708,3.0168966906331107,-20.438105043942468,-0.5138434698121515,-26.368147410712744,48.91270333409965,66.59312855424932,-0.0587761,-0.0128356,-0.218133,0.448068,-0.309683,0.429176,0.720513
20.664729833602905,-1.80261362221821,0.03299063913427644,8.03380688774773,-1.0278304497812487,0.424145781662873,-0.21225488304132825,0.0534652,0.348525,0.269937,0.32934,0.723266,0.401215,-0.455464,-0.0627678,0.131408,-0.23344,0.753444,0.0487362,0.288023,-0.589058,87.15553529085369,-9.689135425906636,4.383693640607074,-19.5319931400208,1.5071754826786687,-24.556247674435177,47.43600627121023,64.99871813967538,-0.0583859,-0.00699168,-0.224467,0.45904,-0.305772,0.422225,0.719383
20.697448015213013,-0.41842923924914294,-1.5167010468522997,8.81246136164117,-1.2417158065264013,0.3884697336756876,-0.031976206328767354,0.0534164,0.348408,0.269896,0.328545,0.723414,0.401143,-0.455866,-0.0612586,0.139275,-0.237026,0.750923,0.063893,0.294109,-0.58782,85.56362806681325,-9.32668320981574,5.315411579566092,-17.889118473540453,-0.3356692158902703,-25.071914186945712,47.28502474599844,65.82444946692448,-0.0590624,0.0010253,-0.232187,0.469563,-0.302442,0.411785,0.720051
20.73043203353882,-0.4321955346338416,-1.716937874343793,7.930185196140527,-1.2027954584833105,0.33407294882510497,-0.010428649367111749,0.053434,0.348395,0.269917,0.329036,0.723385,0.401012,-0.455674,-0.0611475,0.144384,-0.239029,0.744309,0.0767809,0.300711,-0.591338,83.91100033845554,-9.80149104868781,6.222655271844065,-14.819018072125953,-0.6393478903343137,-24.840055189878363,47.97068766493391,67.51250573875267,-0.0605226,0.00644731,-0.23682,0.477254,-0.304096,0.404356,0.718506
20.762645959854126,0.12565720020161272,-1.748319110629524,7.3990428312549374,-1.2513430314209935,0.2798655354660775,-0.008491677131064248,0.0534572,0.348377,0.269929,0.32869,0.723631,0.401099,-0.455456,-0.0620059,0.151591,-0.241571,0.743239,0.0869657,0.309059,-0.586954,82.44747370594033,-9.32447627440011,6.4040569083503165,-13.905958431806699,-0.681619295679269,-25.10097941926835,47.23085798423247,66.6029786795745,-0.0625565,0.0138391,-0.242915,0.48287,-0.305613,0.400515,0.716258
20.79607892036438,-0.3268941658869045,-2.3381701419168968,6.71413753122897,-1.2482821181212769,0.2718616778313698,0.025669909318404443,0.053403,0.348329,0.269881,0.328409,0.72298,0.401122,-0.456672,-0.0630524,0.157087,-0.243417,0.741488,0.0954411,0.315274,-0.584542,81.23738556989247,-8.939129569934288,6.778930886974699,-13.324587199909704,-1.4781512720580494,-25.389878491322584,46.75306569809692,66.42835756160027,-0.0636774,0.0189272,-0.247716,0.489923,-0.287902,0.390122,0.724495
20.82961869239807,0.5382421683143944,-1.4787529680207796,5.58865720397288,-1.0631701333112256,0.16995392834364845,0.05896197752069114,0.053479,0.348367,0.269864,0.328432,0.723015,0.401944,-0.455875,-0.0653297,0.166971,-0.24627,0.73931,0.106813,0.330955,-0.576611,78.98054408480284,-8.44347802568833,6.494451481267781,-11.44358636397708,-1.4992937006989777,-25.708145617329997,46.157884146230735,65.74447350877873,-0.065474,0.0285431,-0.256309,0.487473,-0.267677,0.372307,0.743039
20.86241102218628,0.4962399271440526,-0.8065961363633383,5.116789630687567,-0.919209626534295,0.14896374907031043,0.0214173321432941,0.0534295,0.348251,0.269744,0.326839,0.723093,0.400705,-0.457983,-0.068129,0.175643,-0.248305,0.733599,0.117318,0.340103,-0.576541,77.38012426370078,-8.287279144369458,6.866328383484916,-11.101199496566995,-3.0017660809240425,-24.968719949712572,45.01123505753982,65.83032686088362,-0.0679329,0.037288,-0.262918,0.488965,-0.260055,0.364379,0.748674
20.89192533493042,0.08767996140352044,-0.12738815631016465,4.367714382156894,-0.7758480509548372,0.14462936052954692,-0.039965855450214874,0.0533876,0.348236,0.269673,0.327238,0.723178,0.400479,-0.457762,-0.0697632,0.181816,-0.2498,0.731751,0.12488,0.348144,-0.572487,76.01214685175033,-7.982421874198054,6.820841851266593,-10.696020939045862,-2.6684398363467565,-24.755639913036468,44.108848373400846,64.68888331531231,-0.0711742,0.0437719,-0.266939,0.497581,-0.26183,0.358357,0.745278
20.925260066986084,-0.22126621275510236,0.44612024463575695,3.960263446251922,-0.6890846818147622,0.09468117136857027,0.006374158756998175,0.0533595,0.348262,0.269645,0.327298,0.723141,0.400212,-0.45801,-0.0714241,0.189661,-0.251349,0.730047,0.133732,0.356651,-0.567403,74.52609183163743,-7.483366296713915,6.816175414830376,-10.840000841871547,-2.8624220924761445,-24.37966487847516,42.66709345561102,63.05799119588406,-0.0722831,0.0520786,-0.273055,0.496051,-0.243719,0.346112,0.758117
20.9574236869812,1.7531224516998327,0.8636363915726981,4.0070425128373985,-0.5295955593050748,-0.02803004228381457,0.1543994521297924,0.0534117,0.348252,0.269747,0.326284,0.722904,0.401359,-0.458105,-0.0731385,0.199348,-0.252882,0.725758,0.146113,0.370489,-0.56095,72.40862899397014,-7.060699701957015,6.845028912579661,-8.454062245828478,-3.8128368718627,-25.11703424463105,42.87831067624804,63.6495544319833,-0.0734723,0.0623561,-0.279915,0.500126,-0.226435,0.333044,0.766605
20.990957260131836,1.767525372947297,1.3670417240320838,3.8997549899874366,-0.3959248334974369,0.009148020850113094,0.09785349813001021,0.053495,0.348253,0.269802,0.32666,0.723484,0.401231,-0.457032,-0.0745938,0.204777,-0.253575,0.727902,0.147019,0.380543,-0.551118,71.36896806792991,-6.4679558636770516,5.702658841260369,-8.810529518101529,-4.288450556572627,-25.082605196943412,41.77518708813066,62.22748533799188,-0.0753191,0.0687302,-0.283065,0.4999,-0.224831,0.325401,0.770497
21.022432327270508,0.7539910172867227,1.9651678951180742,3.3676004285253516,-0.2688974751227428,0.04713112517879678,0.017731970354218668,0.0534146,0.348255,0.269759,0.326133,0.722951,0.401412,-0.45809,-0.0764556,0.209987,-0.25423,0.726409,0.153793,0.391353,-0.543618,69.83419574379904,-5.8397421358133395,5.311744324430805,-6.548608186185067,-5.322166355396789,-26.929610150903592,42.92080950083275,63.1604355141008,-0.0763771,0.0745118,-0.28626,0.496227,-0.220814,0.319699,0.776397
21.055113554000854,0.6151518241035996,3.1126654599175656,2.8444557630674785,-0.1425867522292337,0.014302455889433659,-0.038586564823588625,0.0533378,0.348277,0.269775,0.326037,0.723039,0.401334,-0.45809,-0.0790834,0.217953,-0.25486,0.723857,0.157161,0.403529,-0.537118,68.36409563690925,-5.679117717675597,4.530491231789245,-7.094748761893026,-6.920224930105142,-25.893470977395772,41.39244170372207,62.7742527217399,-0.0776537,0.0840985,-0.291297,0.493903,-0.213007,0.307706,0.78486
21.08706259727478,0.7939787582238672,2.810872565718759,3.5014264566933186,-0.2197466700868013,0.018752825285698466,-0.0194741273783409,0.053483,0.348351,0.269914,0.327828,0.72294,0.402493,-0.455945,-0.0796578,0.225441,-0.255354,0.72359,0.165666,0.413881,-0.526948,66.59165396880648,-5.1466214172980695,4.130576545662702,-6.410405588367105,-6.061621610107821,-25.708388818665618,40.385149955197996,60.84479715887213,-0.0779243,0.0924456,-0.29569,0.495594,-0.202604,0.296685,0.790769
21.11732316017151,0.49277368358878854,2.0449503474213073,4.634226134922971,-0.3281808166577926,0.06960549771993237,0.008174206013914855,0.0535228,0.348347,0.270009,0.327993,0.723091,0.40231,-0.455748,-0.0799536,0.233742,-0.255698,0.719728,0.176183,0.422444,-0.522008,64.90517989656814,-4.817099695146507,4.219282061781119,-5.681210914795468,-7.0079517819173915,-25.43054521779697,39.56054696027277,60.63465575089913,-0.0783259,0.102474,-0.299984,0.495889,-0.198226,0.286338,0.795495
21.14927077293396,0.7340560314468331,1.844296257096862,4.764319427747397,-0.3296606680651666,0.05962541170330736,0.032325414278860626,0.0534893,0.348391,0.270049,0.327567,0.723419,0.402257,-0.45558,-0.0803854,0.242482,-0.255918,0.717017,0.186179,0.430827,-0.515376,63.33488723974067,-4.2866160614051285,4.140498813028902,-5.287735386788935,-8.030651119777957,-25.370445930459503,38.60818645155295,60.09683621655619,-0.0784247,0.112448,-0.304626,0.498041,-0.185286,0.274171,0.801533
21.17962670326233,0.19845170013149374,1.6107102547015877,4.863967062142081,-0.27788980778199696,0.11844383358682876,0.011453834272583037,0.0534914,0.348416,0.270119,0.326279,0.723681,0.402373,-0.455987,-0.0808138,0.24908,-0.25586,0.713674,0.195318,0.438107,-0.510473,62.01604948537593,-3.8508306748173724,4.169338791401891,-3.6046641909225805,-9.1000090201738,-26.209372741784442,39.01560216072378,60.79196404163066,-0.0791083,0.120441,-0.307624,0.498948,-0.180545,0.264155,0.805405
21.21263313293457,0.27758713087830855,2.524182892958076,4.053535895078955,-0.10215839172838491,0.09753121436165574,-0.031396494926317846,0.0534962,0.348389,0.270167,0.326305,0.72338,0.402036,-0.456742,-0.0819662,0.257661,-0.255527,0.709979,0.204459,0.44862,-0.502858,60.16844167607789,-3.321523934444015,3.8715173885632197,-3.070291049761579,-10.8924832321662,-26.522693542299926,38.45471563356001,61.02161075033654,-0.0807248,0.131046,-0.311152,0.50166,-0.175637,0.253298,0.808288
21.246806859970093,0.2913429158541908,3.1305127676262803,3.0639610973183755,0.04218674198108387,0.05706892364167591,-0.06891385473458334,0.0535086,0.348405,0.270196,0.325667,0.724152,0.401947,-0.456053,-0.0845473,0.268147,-0.254567,0.703104,0.216569,0.46183,-0.495434,57.903029917412375,-3.127149631394105,3.6217707642081383,-1.4135242774854078,-10.599067897018216,-25.923109493041174,37.89642808604768,60.43229932408609,-0.0827573,0.143838,-0.315007,0.501679,-0.162112,0.2429,0.814271
21.28119444847107,0.5794748203438101,2.266889277021904,1.874628405752089,0.011614676286086508,0.05748822109569087,-0.09803044409475374,0.0535515,0.348384,0.270179,0.326231,0.72422,0.401504,-0.455931,-0.0859119,0.274695,-0.253697,0.701493,0.223481,0.468889,-0.487962,56.51796663046723,-2.604923066371387,3.2682016873801256,-1.6915503148415922,-10.404508123853113,-25.531539533063373,36.63179516715463,58.785789009999796,-0.0840991,0.151988,-0.3177,0.501507,-0.14911,0.232835,0.819784
21.315637826919556,-0.3012899944698828,1.3689840611014459,1.752337168425224,-0.01121492574502184,0.09919252464681064,-0.0739975514749387,0.0535329,0.348404,0.270179,0.32563,0.72419,0.401869,-0.456087,-0.0866577,0.284545,-0.252346,0.692763,0.238659,0.478553,-0.483848,54.35539255090078,-2.3880212605315903,3.781671095157151,0.4415668432683333,-10.926870209586568,-25.456546892665095,36.642991531345366,59.27640343237451,-0.0864056,0.164117,-0.320551,0.508329,-0.139637,0.21854,0.821184
21.347519397735596,-0.3496763019553721,1.3220349471307984,1.7266700654281588,-0.0072320734270390095,0.09937698686860846,-0.07233208931581608,0.0535638,0.348457,0.270238,0.325156,0.724793,0.402262,-0.45512,-0.0866034,0.294818,-0.250715,0.685025,0.253283,0.484751,-0.481253,52.61377467933119,-2.2407468205968595,4.4897901974331695,0.80407340365268,-10.426567547467116,-24.025954441805247,35.04734801394575,58.01180114760904,-0.0880607,0.176988,-0.323288,0.516582,-0.127584,0.205099,0.821462
21.3817458152771,-0.36031408599140174,1.2168392657477591,1.7230263089577695,-0.004037800787869572,0.10491651731565768,-0.06651736941348267,0.0536158,0.348395,0.27032,0.326058,0.723771,0.40191,-0.45641,-0.0863795,0.305242,-0.24845,0.675911,0.26972,0.493577,-0.476212,50.166828553457904,-1.714815207821185,5.106338231584523,1.6789568996495987,-12.033896741930363,-24.215684745118658,34.46675352639178,58.36188087165485,-0.0901063,0.190111,-0.325441,0.527069,-0.115338,0.191227,0.819956
21.41374969482422,-0.36993137977697,0.8535402909457068,1.7539746839945054,-0.013415526386278371,0.10682014488515808,-0.043125515656181286,0.0538065,0.348431,0.270405,0.32449,0.724666,0.400488,-0.457356,-0.087205,0.315483,-0.245886,0.66841,0.281021,0.503057,-0.470307,48.25116558622037,-1.3648929398024698,4.919839205270009,2.269359867513568,-13.540243282404631,-23.754085199866687,33.59115661437628,58.6595804883083,-0.0918421,0.203333,-0.327135,0.529929,-0.101567,0.177075,0.823106
21.44591784477234,-0.288037663225781,0.7515273030953354,1.7060516298772097,-0.016523498541178915,0.10333755819019473,-0.035202241264100896,0.0536815,0.348457,0.270403,0.322886,0.725109,0.400703,-0.4576,-0.0888451,0.322533,-0.243776,0.663391,0.289256,0.511019,-0.463792,46.828404584619754,-1.0132001302420166,4.674099039697804,3.6259427587360555,-13.856710691152742,-23.790484716785066,33.51599796765607,58.66077438548765,-0.0939606,0.212865,-0.327885,0.530046,-0.0954972,0.164962,0.826268
21.477562427520752,-0.0549685118858378,0.7301786093408841,1.6183616661605367,-0.012716252804164729,0.09222271277745192,-0.03197594007869893,0.05361,0.348414,0.270395,0.319715,0.726027,0.400602,-0.45846,-0.092404,0.333054,-0.239958,0.656672,0.298921,0.525895,-0.450401,44.57212980480011,-0.43402339114623256,3.579412481778398,6.0222227695685255,-15.041403742601986,-24.028226627083335,33.760185212977504,59.26092557224944,-0.0974423,0.227072,-0.328727,0.528798,-0.0813913,0.148786,0.831631
21.51109480857849,-0.15001294646775615,0.7497422606343889,1.5498100344449923,-0.010243707519400753,0.09255522861601939,-0.03283102193553532,0.0536205,0.348389,0.270435,0.318763,0.727368,0.398994,-0.4584,-0.0950077,0.340816,-0.236958,0.653351,0.306736,0.535749,-0.4382,42.72543651579729,0.154930437464591,2.5240736571511437,6.766163184406647,-14.439764460155857,-23.8476593131169,33.211876268875166,57.850930861785294,-0.0999161,0.237591,-0.328808,0.526012,-0.0727065,0.137733,0.836095
21.544148206710815,-0.18230737404697553,0.7867961375550818,1.4880535828206394,-0.005052500931914409,0.08636709015575715,-0.03469693296311343,0.0536523,0.348407,0.270473,0.318279,0.727441,0.399215,-0.458427,-0.096718,0.346112,-0.234603,0.649709,0.312575,0.54211,-0.431615,41.50132576219979,0.43702777977317986,2.1864999690104305,7.262378444086213,-14.121337890532871,-23.49084537107627,32.76349637179131,57.11531101438943,-0.10089,0.245134,-0.328843,0.520678,-0.0648131,0.130452,0.841235
21.577565670013428,-0.16987618833528076,1.0230454517449077,1.3653842586853466,0.005412669218349679,0.08255973416399336,-0.05141724510493847,0.0536801,0.348402,0.270497,0.318307,0.727518,0.399215,-0.458285,-0.0991201,0.354662,-0.230581,0.644414,0.31807,0.556497,-0.416981,39.21132976677228,0.693544766824929,0.8400033523236914,8.085654089719558,-16.04857469776931,-23.220188640483947,32.520057602445696,57.76305477735245,-0.103189,0.257119,-0.328488,0.519128,-0.0525903,0.115613,0.845206
21.60943603515625,-0.19336488192879636,0.9023354499362494,1.400542206258797,0.00964717457365822,0.08539907452755968,-0.04941941311895984,0.0536683,0.348402,0.270495,0.318279,0.727552,0.399174,-0.458287,-0.100109,0.362092,-0.227172,0.637279,0.327982,0.5641,-0.409992,37.38652044070524,0.9425758724427222,0.74835795610114,8.751204705158472,-16.18575978703616,-22.820620185167236,32.11094783511094,57.40976418069867,-0.105114,0.267287,-0.327787,0.523925,-0.0437359,0.103659,0.844301
21.64224100112915,-0.37766617331869656,0.6660582328157724,1.41596785773341,0.0034825540540017966,0.08699439170852176,-0.03353831414486927,0.0536753,0.3484,0.270523,0.318259,0.727559,0.399268,-0.458207,-0.1001,0.367899,-0.224286,0.630922,0.337281,0.566781,-0.408581,36.25309292762732,1.0953066240295204,1.2883794453375064,8.515829137972517,-15.460121420017728,-21.732311108143016,30.749460265743664,56.16016369224476,-0.106224,0.275804,-0.327195,0.529009,-0.0369823,0.0950772,0.842462
21.67405891418457,-0.03418915679541867,0.595853162687207,1.2896849483455683,0.003263816278492354,0.07214013470219613,-0.029934492700816936,0.0537117,0.348382,0.270568,0.318304,0.727337,0.399458,-0.458364,-0.099795,0.374069,-0.221258,0.622784,0.345987,0.573688,-0.404123,34.60975369648003,1.1326471334360768,1.4050586359888086,9.686554780758744,-16.872085658479747,-21.80030787641403,31.19593329088235,57.46142522493315,-0.107198,0.284119,-0.326321,0.534428,-0.027736,0.0841078,0.840561
21.707159280776978,-0.08021039230586631,0.6954427264205125,1.2131362812811688,0.005729952170261403,0.07361422797988708,-0.03424627178521779,0.0537722,0.348375,0.270637,0.318441,0.727421,0.399245,-0.45832,-0.0996815,0.38372,-0.216073,0.613291,0.357903,0.580526,-0.398459,32.62681584946984,1.331944627492991,1.6275738877788637,8.756496044531229,-17.372799506426816,-20.407600624804445,29.203316492313473,56.42235453302712,-0.107802,0.298405,-0.324273,0.531554,-0.0151077,0.0730123,0.843736
21.73801302909851,-0.08487842683099343,0.43927294050219573,1.1854597415535923,0.00426511777715249,0.07076989225465391,-0.01854507115718429,0.0537786,0.348381,0.270646,0.318412,0.727403,0.399362,-0.458268,-0.100064,0.391023,-0.21165,0.604684,0.368744,0.585898,-0.393838,30.938255629639944,1.548464618945344,1.9370473626904765,8.77210013884487,-16.900050478252595,-19.456710376409802,28.050775176797593,55.38942999987486,-0.109916,0.308634,-0.322652,0.538014,-0.00505731,0.0554194,0.841097
21.770562171936035,-0.14908706381664708,0.5113131170372845,1.1257477454399085,0.006425248329202362,0.06843431114800902,-0.01926281825689946,0.0537441,0.348379,0.270628,0.318195,0.727333,0.399444,-0.458458,-0.101163,0.397856,-0.207004,0.5962,0.378084,0.593471,-0.38651,29.06709623617707,1.7514718038833195,1.803815385166125,9.52958553781323,-17.02140525041402,-18.964912910698864,27.72869944816054,55.22877902699948,-0.111372,0.319455,-0.320089,0.534903,0.00390568,0.0496287,0.843446
21.801363229751587,-0.08719717029512017,0.2768380046003139,1.0719939310792765,-0.0016904065160440382,0.06304311329198406,-0.00491064782445915,0.0537233,0.348383,0.270603,0.317741,0.727399,0.39962,-0.458514,-0.102395,0.402735,-0.203443,0.591133,0.383828,0.599534,-0.379205,27.728487772774567,1.9611331592085488,1.415261525861359,10.052790502572584,-17.133477981969122,-18.62615810287476,27.47441322612102,55.015470761773756,-0.113682,0.328896,-0.317602,0.535242,0.0157288,0.0367025,0.843755
21.834766626358032,-0.08435151226328969,0.6526534582074002,0.998563849950927,0.01684031289600855,0.06014487717507269,-0.026056306384738312,0.053783,0.348383,0.270721,0.317116,0.727498,0.399601,-0.458807,-0.104292,0.40883,-0.198576,0.585012,0.388996,0.607351,-0.370902,26.191891439063554,2.043597769312756,0.8225194081239717,9.788601157508136,-17.508437375493585,-17.636318393606246,26.533350364930616,54.601655411301735,-0.115108,0.336201,-0.315724,0.533239,0.0241138,0.03016,0.845083
21.86868977546692,0.07008584534479234,0.38937387224555436,0.8753031716661426,0.010380609085308759,0.049717284452362655,-0.011864448226241393,0.0539054,0.348362,0.270814,0.316498,0.727855,0.399419,-0.458824,-0.106248,0.416744,-0.192104,0.575147,0.397071,0.617822,-0.360329,23.979540758136686,2.032076350223921,0.2002965284876641,10.091741392871018,-17.886332516613763,-16.4718076033585,25.91350708489843,54.535186253977514,-0.117916,0.348138,-0.311693,0.532663,0.036538,0.0162419,0.845382
21.90074849128723,0.05467224874117923,0.21598816408965965,0.8096592371500005,0.0026837968267865086,0.04333339803811714,-0.0011075657031849573,0.0538488,0.348332,0.270824,0.317459,0.728578,0.396446,-0.459591,-0.107445,0.421366,-0.188135,0.57019,0.403781,0.622622,-0.3524,22.301091253827074,2.2706207517547536,-0.430450091934544,9.543581412956566,-17.319051955174018,-16.22241256991071,25.343044616273524,53.27589867644048,-0.119899,0.357701,-0.308096,0.531114,0.0452839,0.00948759,0.846036
21.94808340072632,-0.007017715118570827,0.4753532905537365,0.7484917859571003,0.01576112545594874,0.0418187430701023,-0.017391218887060113,0.0539205,0.348368,0.271004,0.317063,0.728813,0.397049,-0.458971,-0.11001,0.429443,-0.180508,0.560664,0.409465,0.634416,-0.339869,20.08913528516607,2.065308155903878,-1.2992214934448203,8.90636851955367,-17.86683127899086,-14.338981332347487,24.11178523883115,53.08577539353641,-0.123626,0.368189,-0.304664,0.53987,0.0588683,-0.0152167,0.83955
21.98210644721985,-0.02403613192869571,0.2089585882146979,0.6549394010177405,0.008877346801545002,0.03671334326663364,-0.0030400899904702724,0.0540127,0.348356,0.271081,0.316759,0.728091,0.398727,-0.458872,-0.111036,0.434611,-0.175363,0.554396,0.416311,0.639769,-0.331702,18.659353456182608,2.4000106376904924,-1.4746240467321314,8.837343934010352,-17.877513072432492,-13.980170835467376,23.47226131769554,52.4880995953112,-0.125215,0.376677,-0.301072,0.539051,0.0660069,-0.02658,0.839262
22.01647448539734,-0.06343061440802729,0.19934583532038677,0.647758267493584,0.0093417125612751,0.03492921392222408,-0.0011168436137964774,0.0540279,0.348359,0.2711,0.316836,0.72806,0.398739,-0.458858,-0.111373,0.437103,-0.172811,0.550326,0.418909,0.643138,-0.328678,17.88815758380888,2.3151536701298596,-1.584864702076116,8.743188753269187,-18.23906340238547,-13.487268013001135,23.277766473418335,52.71036527068534,-0.125677,0.380776,-0.298965,0.536186,0.0699137,-0.0276455,0.840745
22.050233602523804,0.038292707800488004,0.20225106028565482,0.5822894232112025,0.009626435194138173,0.02954419528246734,-0.0030587090517578,0.0540479,0.348369,0.271189,0.316152,0.728577,0.39848,-0.458735,-0.112689,0.444999,-0.164507,0.539206,0.430268,0.65037,-0.318033,15.597330520036863,2.5488237654570938,-1.8616738975727642,8.463371785489851,-17.205961416452084,-11.961769212134293,21.82233566035229,51.14109759946497,-0.128751,0.393592,-0.292923,0.539254,0.0869341,-0.0431402,0.836533
22.084179401397705,-0.0017804321171747055,0.3153168329846793,0.5520344056831856,0.014677429791471172,0.029135924844565335,-0.00926977130080994,0.0540601,0.348364,0.271227,0.315718,0.72861,0.398629,-0.458851,-0.113281,0.448118,-0.161289,0.533201,0.432686,0.654827,-0.315723,14.750651615256515,2.2670139168517878,-1.9035092773278723,8.237448083908024,-17.856473708513334,-11.18036500006211,21.687449752021667,51.765335012509354,-0.129286,0.398816,-0.290399,0.534241,0.090239,-0.0517117,0.838909
22.117460012435913,0.03468130787894955,0.319936274657266,0.48052499590680614,0.015495116163203083,0.02444762124863581,-0.011417673973115331,0.0541375,0.348393,0.271249,0.316861,0.728204,0.399466,-0.45798,-0.11391,0.452966,-0.155782,0.525077,0.442096,0.657743,-0.310193,13.188118683343568,2.583666649683174,-1.5352454664681527,7.481456163379239,-15.7432229594001,-10.433777471574672,20.472188204110942,49.23957400566744,-0.12912,0.407244,-0.285135,0.520751,0.0990673,-0.0496007,0.846489
22.15104389190674,-0.023439590001722962,0.40639429563969004,0.5085168179530263,0.019590251905920168,0.025710949336035207,-0.015459791507459545,0.0541825,0.348423,0.271296,0.316266,0.727951,0.399397,-0.458851,-0.114333,0.455882,-0.152509,0.521368,0.442417,0.662001,-0.306917,12.52931047464478,2.3917268726007332,-1.9151928365869804,6.429451929573872,-17.576647975497806,-9.828674310754131,20.163068209726497,50.466443655741124,-0.130677,0.411927,-0.282632,0.524479,0.105747,-0.0574714,0.842874
22.18403697013855,0.03367612642490058,0.22244478205792187,0.34948015003032395,0.015153502081372902,0.014963055614324318,-0.005324695435662882,0.0542521,0.348419,0.271361,0.315492,0.728401,0.398832,-0.459162,-0.11462,0.459692,-0.147918,0.513275,0.451703,0.663298,-0.30422,11.31483651669137,2.660321844225237,-1.5378406972271694,6.865183652739457,-15.57586775458006,-9.124151714278803,19.270056859048346,48.57362975450714,-0.131979,0.418537,-0.278616,0.523224,0.11178,-0.0626319,0.842507
22.21787190437317,0.06888992771239534,0.27612425908982113,0.32963557679940775,0.016322122867285346,0.014772611012142242,-0.008068104758086937,0.0542848,0.348441,0.271496,0.31513,0.728752,0.400249,-0.457618,-0.115342,0.464363,-0.142381,0.50452,0.458522,0.66718,-0.300148,10.095773863704741,2.59546842174319,-1.1679777482957245,6.3346392902989805,-13.807357192258905,-7.545477320161304,17.46303488233,46.80074673440329,-0.133781,0.426347,-0.273715,0.523857,0.119532,-0.0689014,0.840559
22.250696420669556,0.06949889822224863,0.3079679978606278,0.2750843762804603,0.01721735545171946,0.011947534024745176,-0.009427232533096918,0.0543665,0.348455,0.271564,0.314685,0.72887,0.399627,-0.45828,-0.115738,0.467018,-0.13904,0.500384,0.460231,0.671172,-0.295518,9.231639400234329,2.4738784912506286,-1.6022258067763673,5.9072717891961055,-14.971055257386979,-7.243309371946523,17.406556625669232,47.66810838072555,-0.134484,0.430781,-0.270897,0.522778,0.126472,-0.0723683,0.839923
22.284778833389282,0.1571953887379651,0.19343660990237627,0.18117279854877752,0.011919047586508124,0.003062386958473733,-0.004031432510864567,0.0544842,0.348411,0.27177,0.314674,0.729187,0.399883,-0.457558,-0.116287,0.470632,-0.134671,0.494624,0.463329,0.675808,-0.289753,8.138004222036235,2.306958525381315,-1.8425159986225204,5.108317609168413,-15.146637564338207,-6.626392794796963,16.664665121468385,47.61156995101633,-0.135412,0.43701,-0.267197,0.515951,0.136741,-0.0828856,0.841562
22.318400621414185,0.17596870789944585,0.20750506809468186,0.13948953999963912,0.013129733919654343,0.00018316736117364858,-0.005617051594120892,0.0545581,0.348424,0.271961,0.314903,0.728884,0.39986,-0.457904,-0.116809,0.473953,-0.130684,0.492533,0.466321,0.676429,-0.287054,7.602880730746276,2.538252348148024,-1.8974987431288248,2.255476038473372,-14.607646135715271,-5.891535324997157,13.956173212879875,45.859319469002614,-0.137184,0.442222,-0.263679,0.524117,0.141292,-0.0878425,0.835237
22.350872039794922,0.11625873546662531,0.16270981666719736,0.11578249375910978,0.0142833453507319,5.871662122038181e-05,-0.00356317425362776,0.0547164,0.348482,0.272309,0.312753,0.730098,0.399552,-0.457713,-0.117185,0.477937,-0.126127,0.484986,0.470748,0.680069,-0.284062,6.716985702411232,2.2814200534518196,-1.8946181218268752,2.286036120072417,-14.219480563064053,-4.730737378142237,13.393450893409666,45.6801946477648,-0.138391,0.448496,-0.259623,0.525161,0.148331,-0.0931139,0.832787
22.383957624435425,-0.0403669884220998,0.14453645450287328,0.08482522203047216,0.011038322076238902,-0.0003866959721310363,0.00035758053567381306,0.0549437,0.348456,0.272575,0.313721,0.730776,0.398072,-0.457258,-0.117127,0.480338,-0.123749,0.47855,0.476033,0.68281,-0.279558,5.443983452388642,2.1991890673305896,-1.9304829456459434,2.981937258207452,-13.625578780216756,-5.8137256098733445,14.186373992969125,45.47547748539448,-0.138608,0.452164,-0.257329,0.524438,0.151454,-0.0959361,0.83236
22.41764783859253,0.009511173076018144,-0.03223129971323846,-0.0038167474862665133,0.005958990149025757,-0.005784587546457485,0.008811574795928399,0.0551385,0.348524,0.273034,0.311558,0.731101,0.398414,-0.457919,-0.11712,0.48372,-0.120307,0.472933,0.479887,0.684944,-0.277299,4.831436353344229,2.2152678159074526,-1.9154380892532714,3.007454070988512,-14.203264950142298,-5.934714599120397,14.367904855587682,45.94766783312838,-0.139128,0.457446,-0.253975,0.523983,0.154734,-0.0995309,0.83162
22.448089838027954,0.007631166691347192,0.2291640114576257,0.08444120057907564,0.015306362066059807,0.00012622648063827054,-0.00660208353834804,0.0552998,0.34863,0.273228,0.311851,0.731419,0.397772,-0.457769,-0.11719,0.485828,-0.118285,0.471366,0.481382,0.685207,-0.276725,4.546246297078077,2.1861879576899277,-1.8689683310359104,1.1642359972540213,-13.608689021547136,-5.498179264405053,12.982303673677919,44.77686726575401,-0.139823,0.460403,-0.252275,0.526167,0.16008,-0.102663,0.828844
22.478479623794556,-0.03923631542958583,0.02343489473221688,-0.046613236325532666,0.008230997237871582,-0.006910616232254147,0.00600541208100716,0.055398,0.348641,0.273375,0.311694,0.732104,0.39633,-0.458033,-0.11723,0.487265,-0.116834,0.467685,0.483121,0.68669,-0.276263,4.048324525849105,1.9476418725904487,-1.8625613837090675,1.0818014054182683,-13.452365217165323,-5.395757603050733,13.130523172720034,44.82859502130289,-0.1402,0.462521,-0.250872,0.526816,0.161862,-0.104398,0.827869
22.511619091033936,-0.10769453437577176,0.036166081072736694,0.0031458785125850486,0.00743464136404755,-0.0034699160224189126,0.006203605957214087,0.0554836,0.348728,0.273666,0.310498,0.732845,0.397433,-0.456701,-0.117423,0.488759,-0.115329,0.464943,0.484245,0.687636,-0.276571,4.010061080325682,1.7607748876444287,-1.5672218676706784,1.054103499871733,-12.435390082698163,-4.38331483181566,12.326534580382916,44.05825169191999,-0.140606,0.464836,-0.249382,0.525999,0.163153,-0.105572,0.827986
22.545127391815186,-0.00718747483597141,0.19198731863372656,0.025211920522130855,0.010542151201586575,-0.002930829791685411,-0.003638105116726478,0.0555094,0.348742,0.273746,0.30986,0.733415,0.3971,-0.456509,-0.11761,0.489547,-0.114599,0.464289,0.486424,0.68662,-0.27637,3.948475849636421,1.8926821555867726,-1.4688802034747255,0.8975183949629191,-11.161171267533163,-4.076674000606424,11.57017383278331,42.74888462028363,-0.141516,0.465941,-0.248515,0.528574,0.162713,-0.106172,0.826355
22.575790882110596,0.08713087891375113,-0.013774750636058063,-0.07280677875096288,0.003758891307972638,-0.010576933426797983,0.00661928365990332,0.0555005,0.348767,0.273713,0.310057,0.733162,0.396836,-0.457011,-0.118109,0.490275,-0.113857,0.462025,0.486921,0.68802,-0.275808,3.613440496919037,1.791047359139096,-1.491864661021575,0.805430507247344,-11.454142599159894,-4.46074736459731,12.015671133828812,43.09546718615418,-0.142045,0.466845,-0.247826,0.527846,0.164898,-0.106344,0.826364
22.607567310333252,-0.012191931744837568,-0.08488554493000068,-0.057406374556542586,-0.000900209531361608,-0.008859306456176486,0.013381863114804118,0.0554664,0.348778,0.273665,0.310447,0.732783,0.396523,-0.457626,-0.118669,0.490327,-0.114007,0.464023,0.486156,0.687093,-0.276111,3.7704443921151367,1.9218227565655628,-1.6073120350207173,-0.4423471428847279,-11.308243427962154,-4.594937889854812,11.451171930126275,42.43937810282905,-0.142724,0.46678,-0.247945,0.527534,0.165116,-0.105058,0.826685
22.640117645263672,-0.015006214534295294,-0.11563950254459267,-0.1036533048090598,-0.0009334686494045085,-0.010990254688561017,0.014915476194218215,0.0554574,0.348793,0.273666,0.310129,0.733123,0.396613,-0.457219,-0.119008,0.489981,-0.114481,0.463691,0.484949,0.687968,-0.276615,3.8559070934287134,1.696740085543162,-1.6064054551775389,0.07981017821030179,-11.203685135038512,-4.279738048617709,11.672874986339753,42.7181794066437,-0.14287,0.466136,-0.248428,0.527078,0.165335,-0.104982,0.826941
22.672117710113525,0.18921056155805865,-0.07617250263409653,-0.09151977405234701,-0.0013548582909354559,-0.012682735676727043,0.010011815423620505,0.0552527,0.348724,0.273235,0.311495,0.731851,0.396836,-0.458133,-0.119651,0.48798,-0.116518,0.465344,0.481993,0.688151,-0.278542,4.06268765240889,1.6338015622023683,-1.6245502710099213,0.25820224211732423,-12.087406716796139,-4.970127823807907,12.5333714779207,43.681310932487115,-0.143114,0.46307,-0.250253,0.525418,0.162696,-0.100767,0.829043
22.70263385772705,0.1059554685454983,0.022225325258319294,0.015371198811603317,0.00225137590145151,-0.007567815602937817,0.005519451048664757,0.0551856,0.348711,0.272988,0.31137,0.732483,0.396015,-0.457918,-0.120073,0.485708,-0.119127,0.470131,0.477861,0.687482,-0.279275,4.666005221998001,1.455991253157304,-1.9870631869928523,0.7414053007011496,-11.995107466326502,-4.39916231858205,12.561924863141126,43.87822779540346,-0.143379,0.459349,-0.252828,0.526269,0.159108,-0.0988751,0.829427
22.735920190811157,-0.06906684275182436,0.15408900525323654,0.12719023574461077,0.009871702650913226,0.002842897111580264,-0.0012784477792148483,0.0550963,0.3486,0.272697,0.312151,0.731945,0.394685,-0.459393,-0.120115,0.483555,-0.121464,0.473034,0.476138,0.686011,-0.280929,4.923078538333165,1.5533997151827421,-2.165798956808054,1.1916548070375264,-12.598463385503564,-5.24154282901214,13.427909580290786,44.53074492607808,-0.14294,0.456006,-0.254939,0.525003,0.155902,-0.094658,0.831328
22.76851224899292,0.05713044503289744,0.15867741324837423,0.10698547726260672,0.009817052681166233,0.0004432954440811109,-0.006044598660439243,0.0549591,0.348497,0.272317,0.314061,0.731485,0.395153,-0.45842,-0.11975,0.479911,-0.125596,0.479135,0.471419,0.682581,-0.28684,5.978662456752864,1.4803522897777572,-1.7949051778772027,0.6623311763099515,-11.82200179238275,-4.754721379353299,12.718225161264309,43.76979405328485,-0.141958,0.450198,-0.258536,0.524214,0.150042,-0.0880176,0.833631
22.80298614501953,0.0642950656538815,0.15783487701395107,0.1851918784573287,0.006197659753805214,0.0046975236488572495,-0.005097994616196813,0.054928,0.348484,0.272199,0.31373,0.731694,0.395792,-0.457762,-0.11928,0.477063,-0.129045,0.483405,0.46981,0.679936,-0.288591,6.677616754015568,1.6419592985282598,-1.7221356357488062,2.5454552134269903,-11.30261354430067,-5.196658914339643,13.793708611223646,43.92465079419083,-0.140997,0.445475,-0.261866,0.52505,0.146403,-0.0852432,0.83404
22.835962772369385,0.011111225553222564,0.13599636731699327,0.20695997730425286,0.0030677460549515504,0.008916232013830372,-0.002638409490146209,0.0549538,0.348418,0.272119,0.314846,0.731724,0.395166,-0.457489,-0.118772,0.474858,-0.131803,0.488927,0.464958,0.676865,-0.294309,7.674883198145558,1.457847303024888,-1.5405104065139543,0.8188776186711912,-11.073370701132461,-4.3654283066530795,12.448792189771124,43.249587500197315,-0.140194,0.441755,-0.264233,0.526234,0.140859,-0.0804095,0.834728
22.870826721191406,-0.025844146493176144,0.09228807133157141,0.2714343484641876,0.0031520095960968844,0.011493078209749886,-0.0006850523805311047,0.054844,0.348437,0.27192,0.316247,0.730534,0.395598,-0.458051,-0.117993,0.470819,-0.136894,0.494348,0.462288,0.672189,-0.30012,8.61867544586054,1.722791360166216,-1.1349523313253655,1.7897342759099715,-11.219736818658689,-6.03824797117327,13.918923763713567,43.71941131578198,-0.138388,0.435027,-0.268676,0.525652,0.13265,-0.0717285,0.837227
22.904440879821777,0.08020781159885602,0.04712632021861406,0.26960414825913764,-0.0010990897324171687,0.009901116129708173,0.0008368500929547337,0.0547572,0.348365,0.271806,0.315865,0.731137,0.395337,-0.457577,-0.117633,0.467326,-0.141171,0.500004,0.457961,0.669586,-0.303187,9.588941832293456,1.6270041033071756,-1.2214099448106914,3.142640093324186,-11.182913585948981,-6.31624044075236,15.185271619174266,44.29097909342099,-0.137245,0.429213,-0.272534,0.526474,0.125884,-0.0660411,0.838223
22.938555479049683,0.012579402095249537,0.01557963740143572,0.37222704885906965,-0.001524725237434203,0.02002066470576359,0.003540208584631538,0.0547547,0.34836,0.271771,0.316046,0.731229,0.394956,-0.457635,-0.117111,0.463549,-0.145867,0.509668,0.452771,0.664778,-0.305463,10.846010701324344,1.9023995346698843,-1.520400994364179,3.0691606529959152,-11.285618291387536,-7.109326780975209,15.623834368035412,44.15625168387118,-0.135788,0.422551,-0.276723,0.527235,0.120361,-0.0604116,0.83898
22.971545457839966,-0.1233124450927044,0.0968457914896482,0.3459192790352141,-0.013554951441829931,0.020179011195682616,0.0027373778112387876,0.0547775,0.34836,0.271704,0.316804,0.730611,0.394022,-0.4589,-0.116462,0.459436,-0.150891,0.515573,0.446866,0.661055,-0.312252,11.979927939886421,1.7960569049733692,-1.424693267894483,3.171307161090578,-12.47609975690807,-8.364726279420339,16.94807638424277,45.51138638870914,-0.134198,0.415727,-0.28077,0.526704,0.10963,-0.0521088,0.841338
23.005616426467896,0.010735055075847042,-0.06139424681767825,0.11091357884726528,-0.0693186816616413,0.020935663063347137,0.015230824804904976,0.0547434,0.348342,0.271646,0.316948,0.730926,0.394586,-0.457813,-0.115534,0.454977,-0.156265,0.52245,0.439294,0.657588,-0.318818,13.465029541966516,1.445585393970573,-1.2486542288939635,3.617057456897779,-12.940497259531853,-8.459131734879456,17.91160641877726,46.527010930355665,-0.132894,0.40783,-0.285508,0.531669,0.103365,-0.0480375,0.839247
23.037656784057617,-0.6360570466208078,-1.4564242680985666,-1.064338444668128,-0.27964037564808875,0.011096647344215336,0.11483980189677542,0.0547498,0.348371,0.271592,0.316192,0.73129,0.394664,-0.457687,-0.114161,0.451482,-0.160423,0.528843,0.436501,0.652023,-0.323508,14.692423616175937,1.6693299531833112,-1.0402062101309912,4.490434598808047,-12.684868669441755,-9.053477554642605,18.69742578096707,46.52015103408966,-0.131038,0.402,-0.288879,0.533139,0.096923,-0.0413357,0.83944
23.07300114631653,-0.8560408089990632,-2.083813708117351,-1.7921297466674795,-0.3994481196396566,-0.02624861998526754,0.16467874020658663,0.0547848,0.348337,0.271571,0.316308,0.731302,0.394639,-0.45761,-0.110587,0.445951,-0.167539,0.534335,0.431873,0.643394,-0.337662,16.590692095661293,1.468857897958225,0.09418708538731835,5.388302710666121,-13.53012970928944,-10.289139425688013,20.50894473973665,48.16850635141522,-0.129054,0.392073,-0.294755,0.550787,0.0848897,-0.0358539,0.829543
23.104076147079468,-0.4153322262357603,-1.9768049169562145,-1.6915948613506073,-0.41859550939578816,-0.04210556651625619,0.15379146391263873,0.0547649,0.3483,0.271462,0.316251,0.73114,0.39446,-0.458062,-0.108355,0.440823,-0.173276,0.540362,0.429494,0.634273,-0.348198,18.20700393809338,1.6729456318984077,0.9849111763599208,6.050437345162958,-12.95287100143257,-11.519322042739397,21.384879876297976,48.125672801408975,-0.126022,0.383649,-0.298466,0.55052,0.0748266,-0.0170142,0.831288
23.139643669128418,-0.5283786985934426,-2.437051900542827,-0.9334441266097817,-0.45262915026911726,0.01630545900507908,0.176626624103902,0.0547039,0.348274,0.271334,0.317925,0.730953,0.393865,-0.457713,-0.106764,0.435379,-0.178997,0.548393,0.422046,0.627536,-0.356848,19.80862138332078,1.4610560307725677,1.3503529898430848,4.914056439543398,-13.206038486064344,-12.121339683064647,21.639747045015696,48.343712875113084,-0.12333,0.374881,-0.302001,0.546808,0.0629664,-9.48776e-05,0.834887
23.17260479927063,-0.6626583805715969,-2.573943006006709,-0.37535783112701626,-0.48189150230669203,0.06724890689426394,0.17906042722507062,0.0545925,0.348263,0.27122,0.317516,0.730854,0.393632,-0.458356,-0.105136,0.429849,-0.184469,0.555166,0.415887,0.620941,-0.365048,21.421303269656175,1.397436556553588,1.6729283359299867,5.5340348765818455,-14.176846036873528,-13.318425731605934,22.61014200723317,49.808476124215936,-0.120882,0.366111,-0.305919,0.546361,0.0531988,0.00826862,0.835818
23.20516586303711,-0.6070006696493023,-2.1082386200539376,-0.050764125632238234,-0.4608259264250451,0.07400630143269703,0.14963055330817623,0.0545657,0.348208,0.271175,0.316546,0.731449,0.392765,-0.458821,-0.103442,0.424275,-0.189493,0.56195,0.411106,0.61327,-0.372967,23.04177393362812,1.4226909210363985,2.005323690256489,6.417821962710235,-14.098274994872327,-14.159612804609154,23.320144906170288,50.435616672559775,-0.118918,0.357168,-0.309383,0.549089,0.0434478,0.0162606,0.834475
23.237212419509888,-0.7006912812131411,-2.1854104431780055,-0.07174913226929346,-0.4613119333293665,0.08604160975040309,0.14929936320459125,0.0545673,0.348204,0.271164,0.316618,0.731465,0.392776,-0.458737,-0.102361,0.420292,-0.193036,0.568051,0.40685,0.607815,-0.377295,24.214532766768993,1.5144988131382267,2.162166512805138,6.298571162353355,-14.029195599751944,-14.89831022877447,23.679090261289495,50.4790151010558,-0.117909,0.35074,-0.311684,0.553989,0.0361908,0.021657,0.831455
23.271052360534668,-1.0538345973040288,-2.314778655021172,-0.6958506639677985,-0.47257513892251324,0.08998342202633187,0.14727592678840906,0.0545703,0.348185,0.271128,0.31709,0.731218,0.392907,-0.458692,-0.100333,0.413699,-0.198302,0.574578,0.401039,0.598738,-0.387996,26.027952395085997,1.3841975818243206,2.944558913761135,6.287068607357103,-13.6306983245846,-15.51603502510222,24.171435378582864,50.737844788819885,-0.115333,0.340702,-0.314714,0.55262,0.0245088,0.0332874,0.832407
23.303345680236816,-1.1243426261356524,-2.349969961295757,-1.1276948850917092,-0.495328007388411,0.0812568219119967,0.14307608342211586,0.0545709,0.348161,0.271127,0.317906,0.730525,0.393019,-0.459135,-0.0989386,0.408718,-0.202115,0.579977,0.394011,0.593779,-0.394725,27.31305435830875,1.1618705547028512,3.179213492305937,5.717644455803608,-14.981048084016507,-16.28321727328249,24.7657511490359,52.076607864658385,-0.113655,0.333348,-0.316829,0.554031,0.0161974,0.0394682,0.831402
23.33819007873535,-1.1051960199813693,-2.3299576481694704,-1.1112703353162676,-0.4635057237873656,0.07216872902153838,0.14228836938311304,0.054567,0.348159,0.271104,0.317563,0.731056,0.392651,-0.458842,-0.0980715,0.405195,-0.204735,0.58362,0.390854,0.589131,-0.399432,28.27528162768143,1.0613296305693396,3.41722779495125,6.0598808137343525,-14.3632625939388,-16.40947318240488,25.0418024747242,52.078079743950894,-0.113006,0.327739,-0.318255,0.558119,0.0121813,0.0452555,0.828436
23.37065815925598,-0.9570679737860125,-1.7110131333385032,-0.5134087693498193,-0.3683297662397697,0.07486770673806596,0.10803975927846106,0.0545285,0.348212,0.271057,0.318133,0.73018,0.393774,-0.45888,-0.0973643,0.399247,-0.208862,0.589522,0.384242,0.583231,-0.405787,29.69329491967143,0.9542664809119046,3.779021113084866,6.177492784983436,-14.469909695028363,-17.45271088901938,26.037912141058676,52.816107593962506,-0.112512,0.318571,-0.320311,0.562973,0.00418414,0.057269,0.824478
23.403843879699707,-0.5416160926205554,-1.3132273343787082,-0.6961339397637732,-0.3238404342813627,0.028494656166863565,0.08582055663230655,0.0545095,0.348216,0.271051,0.317859,0.730334,0.3936,-0.458973,-0.0970808,0.395548,-0.211205,0.593233,0.379403,0.578994,-0.410968,30.736338321971882,0.751740855424865,3.9471713988452706,5.917140939597132,-14.169950515533145,-17.34337476617133,26.058311410813612,52.867035381573885,-0.111596,0.311408,-0.321655,0.560882,-0.00353427,0.0669128,0.82518
23.436253547668457,-0.6176811393827736,-1.5193222302710816,-1.213290204986385,-0.3544483725501423,0.03171374949432048,0.08664810565445233,0.0545104,0.348191,0.271059,0.316795,0.731158,0.392897,-0.458999,-0.0967085,0.39066,-0.214297,0.598464,0.371957,0.575275,-0.415388,32.00137470084859,0.4413560947711952,3.7125318207389384,6.43396982232365,-14.549811962322124,-17.569848797011005,26.81928592159323,54.012989446819766,-0.111008,0.305677,-0.322549,0.559619,-0.00846288,0.0727937,0.825503
23.471884965896606,-1.0962703503240139,-2.011948345127862,-0.8544858930595177,-0.3875110275373684,0.0589952756061515,0.11729935470996625,0.0545195,0.348273,0.270998,0.323887,0.728101,0.394342,-0.457667,-0.0955758,0.384368,-0.217994,0.603186,0.367025,0.566712,-0.424613,32.94237625152582,0.17598932941597134,4.980240994805115,2.609869963617985,-12.341170930833428,-17.598541449874496,26.105744681085557,51.30917981538953,-0.110041,0.296711,-0.323859,0.561659,-0.0183841,0.0825562,0.823034
23.505147218704224,-0.6745766256584971,-1.9056469896128454,-0.8407873214997345,-0.3634248163632186,0.022311222479815134,0.11318656034425778,0.0545078,0.348306,0.27094,0.323569,0.727859,0.397331,-0.45569,-0.0947955,0.379704,-0.220709,0.606687,0.361867,0.561761,-0.43059,34.287477156519,-0.21853492066319546,5.6016842864461935,3.2188583704726383,-11.155955643816753,-17.15750742564527,26.287542751593577,51.44980546118627,-0.109029,0.289989,-0.324922,0.56092,-0.0237521,0.0906961,0.822544
23.539591073989868,-0.27670700683632354,-1.292100978394513,-0.6814325038942788,-0.28882194685867485,0.002373877972748653,0.0760228990177245,0.0544859,0.348227,0.270939,0.322983,0.727735,0.396293,-0.457203,-0.0944242,0.375014,-0.223087,0.611881,0.355401,0.556469,-0.43547,35.50427225577467,-0.253932496782868,5.507214111180712,2.588501669936573,-11.988399449942449,-17.660725676338316,26.520741478853115,52.05991680668796,-0.108219,0.283718,-0.325608,0.559613,-0.0299134,0.100976,0.822035
23.57012104988098,-0.3161964431374396,-1.1788036368333312,-0.4337579879849401,-0.27924729925834374,0.027176298786137386,0.05994500202071037,0.0545002,0.348193,0.270938,0.323527,0.727596,0.39655,-0.456818,-0.0940656,0.370405,-0.225462,0.615398,0.351529,0.550596,-0.441087,36.55193736685508,-0.4281161440524146,5.938278536894309,2.2188495712811083,-10.563650429169826,-17.70803186441416,26.698100268248357,51.3863334226085,-0.106573,0.277207,-0.326325,0.550713,-0.0358264,0.106789,0.82706
23.603907585144043,-0.7775547490075324,-1.3281680087556962,-0.23852696951657512,-0.3074257291429037,0.06855314777955064,0.0615134981725743,0.0545174,0.348222,0.270871,0.323299,0.727814,0.397003,-0.456238,-0.0934203,0.365682,-0.227716,0.620128,0.345146,0.546016,-0.445177,37.74701702873492,-0.6807174243271072,5.964475330495937,2.234216448642787,-10.278899313896467,-17.543076793392828,26.819236404748747,51.68750446360045,-0.105451,0.270606,-0.326824,0.549619,-0.0415769,0.115334,0.826371
23.634579181671143,-0.7704932719650162,-1.647757010083471,-0.2677174989077538,-0.3369367264862319,0.06680243683644521,0.0793384931201913,0.0545081,0.348222,0.270856,0.32339,0.727971,0.396904,-0.45601,-0.09277,0.363641,-0.228831,0.622271,0.345937,0.542726,-0.445596,38.067938732064825,-0.4251007689680355,6.146876246737477,2.900128044390623,-9.211395454588164,-18.407677165793793,27.56607287010394,51.3239186099135,-0.104956,0.267582,-0.327207,0.55092,-0.0447929,0.117415,0.825042
23.668861150741577,-0.5570663851226231,-1.254009136882574,0.08312768654566195,-0.3250105725698214,0.07794843419854831,0.05575192569589434,0.0544991,0.348172,0.2709,0.323819,0.727548,0.396407,-0.456812,-0.0912109,0.357229,-0.231783,0.628328,0.33696,0.535765,-0.452346,39.612422146969415,-0.6877741649444147,6.210452060124489,1.846740615650802,-10.579120834380177,-18.823128876082684,27.815460701886785,52.44923045249463,-0.103409,0.258422,-0.327642,0.5533,-0.0531088,0.124777,0.821869
23.699942588806152,-0.7214303894328218,-1.6341678167078315,0.2711034923477821,-0.37171861054845523,0.10451986403349,0.06603925226990764,0.0545109,0.348229,0.270843,0.323603,0.727901,0.396645,-0.456195,-0.0906879,0.354049,-0.233254,0.63128,0.33226,0.533151,-0.454795,40.38884997565157,-0.9301276647842078,6.141552628978825,2.0234339024746433,-10.519910833870846,-18.731822530777727,28.084736355037215,52.948633142240304,-0.102578,0.25445,-0.327732,0.551543,-0.0600575,0.131119,0.821585
23.73448395729065,-0.698416537494726,-1.8615628104514974,0.02355599547459671,-0.39294031676729635,0.09265452324050867,0.0783399268325986,0.0545057,0.348216,0.270829,0.323622,0.727959,0.39681,-0.455946,-0.0894612,0.349916,-0.235032,0.632279,0.330152,0.525645,-0.463596,41.484481550739574,-1.2885311065256957,7.025476232159871,1.6835163965380673,-9.212701311661377,-18.20849902354515,27.969111859282332,52.558690908505305,-0.101303,0.248644,-0.327931,0.553257,-0.064397,0.136263,0.819263
23.77219009399414,-0.8049951957923825,-2.3725566539574796,0.2849141465464222,-0.4433934682036312,0.10741359767885365,0.10773664458331497,0.0545457,0.348148,0.270873,0.324593,0.727739,0.395727,-0.456546,-0.0879157,0.344961,-0.237144,0.635372,0.325606,0.519072,-0.469943,42.48142174609044,-1.4964554075713776,7.364652396721322,0.8535411127498946,-9.478909411052335,-18.571801260708682,28.32796679726368,52.98158101492604,-0.0999761,0.241632,-0.327971,0.557019,-0.0698919,0.143404,0.815034
23.80631113052368,-0.7202233286093079,-2.322072381185239,0.5480624638302122,-0.4501955006379208,0.11677872336474505,0.10465110280118903,0.0545097,0.34821,0.270834,0.323704,0.728001,0.396703,-0.455913,-0.0871213,0.340821,-0.238772,0.639088,0.32211,0.513987,-0.472895,43.533262196839935,-1.538635299302908,7.567107988302002,1.5952310679969521,-8.676110389308818,-18.997399889118178,28.998842687999,53.0753902878601,-0.0996936,0.235984,-0.327819,0.559944,-0.0761215,0.148838,0.811489
23.839829444885254,-0.810733805127605,-2.72378719003681,0.36293358067791537,-0.5458724902407995,0.15005744077382124,0.10005280530341015,0.0544943,0.348187,0.270764,0.325023,0.727789,0.396468,-0.455518,-0.0866403,0.336466,-0.240311,0.642555,0.315566,0.508983,-0.477992,44.527644324149605,-1.9441043451935762,7.687476780140155,-0.006342949866418479,-8.275045624318075,-18.169755654431576,28.36393765096773,52.61799024576031,-0.0986581,0.230407,-0.327676,0.556547,-0.0813852,0.155856,0.811998
23.87333607673645,-1.2949019469406209,-3.4734400958676717,0.3222141562643825,-0.6722382542661013,0.18799555992296524,0.1306551700957522,0.0544959,0.348181,0.270772,0.324848,0.727858,0.396457,-0.455542,-0.085669,0.33218,-0.241842,0.646161,0.310589,0.504396,-0.481244,45.493237526253,-2.07008726258265,7.708617379004259,-0.004767266900817191,-8.51025730244308,-18.57823052313408,28.901829738699213,53.243659193131464,-0.0977425,0.224488,-0.32736,0.55775,-0.0867425,0.161844,0.809443
23.907519102096558,-0.9813719669764918,-4.021613490144693,0.3732611687798612,-0.7341459495362253,0.14405423890521885,0.1803370167210293,0.0545092,0.348181,0.270737,0.324776,0.727775,0.396567,-0.45563,-0.0838732,0.327128,-0.243612,0.647697,0.308362,0.496974,-0.488281,46.53224225097831,-2.295327440076181,8.413628126055272,0.5379013501568011,-8.002271253819472,-19.07946966184612,29.806262283204397,53.786823636358356,-0.0962709,0.217948,-0.326802,0.558241,-0.0962795,0.169835,0.806383
23.942225694656372,-0.7784186406319774,-4.008846333486914,0.34123862399383037,-0.7511928935577572,0.1334742380300135,0.18166158617222936,0.0545433,0.348153,0.270723,0.325903,0.727525,0.39603,-0.455692,-0.0836283,0.325157,-0.244258,0.646656,0.307043,0.494135,-0.493347,46.80466873492189,-2.6890762476782752,8.846434157084698,-0.16768922058595948,-7.438117910848632,-18.511480879264305,29.638637597818917,53.58442824340343,-0.0960747,0.215075,-0.326623,0.561144,-0.0972406,0.172168,0.803754
23.977118730545044,-0.7418150991503396,-4.184708986485446,0.23445859250732085,-0.7802117286252354,0.11617466275541714,0.201416509546985,0.0544722,0.34818,0.270707,0.324959,0.7277,0.396431,-0.455737,-0.0826174,0.32004,-0.245735,0.651665,0.303233,0.48704,-0.496159,48.047710655223696,-2.53268225584545,9.0260604514669,0.23982428813452827,-6.6678843522273965,-19.387230961760295,30.424268004940423,53.42863033487459,-0.0947248,0.208353,-0.326107,0.560251,-0.101938,0.178229,0.802473
24.01147174835205,-0.5535252696099692,-4.62015306824323,0.0048624691132534426,-0.829694432477575,0.0671241681802895,0.2503105965406964,0.0544758,0.348184,0.270721,0.325005,0.72775,0.396448,-0.455611,-0.0812204,0.315052,-0.24713,0.656367,0.296019,0.481736,-0.499485,49.23744893530853,-2.7353714631599164,8.909153241707383,-0.29511606970985227,-7.428134332995697,-19.487746640578273,30.63532152509309,54.27528502712668,-0.0932885,0.201839,-0.325344,0.560418,-0.108775,0.184924,0.799939
24.045330286026,-0.32576943296203087,-4.951040273690797,-0.024198767310252618,-0.8772123193075335,0.039771162951328105,0.284512673075746,0.0544991,0.348167,0.270735,0.325355,0.727825,0.3961,-0.455543,-0.0803688,0.311884,-0.247926,0.659302,0.292225,0.476679,-0.502696,50.060647130320795,-2.8439497787561985,9.031403085269833,-1.3312028663003623,-7.1341063653451116,-19.158302350956014,30.241446511878404,53.79980036696835,-0.092654,0.198104,-0.324692,0.562125,-0.1138,0.191187,0.796563
24.080028772354126,-0.4432945108855107,-5.476606386071746,0.0721097167997381,-0.9420309667834806,0.03798793666807899,0.3220226124489018,0.0545085,0.348175,0.270709,0.325286,0.727899,0.396284,-0.455313,-0.079284,0.306561,-0.249142,0.661204,0.288404,0.471238,-0.50751,50.9867892986987,-3.127663202423011,9.340758193205964,-0.3784427777901307,-6.560960399097212,-19.66945746240917,31.41093869701568,54.62205862569737,-0.0917617,0.191155,-0.323518,0.56407,-0.122626,0.197721,0.792271
24.11488938331604,-0.11470232968954458,-5.203125195257712,-0.03720215770846624,-0.9178022974705238,0.020742120094408397,0.3085307939382302,0.0544806,0.348179,0.270686,0.325343,0.727803,0.396331,-0.455386,-0.0793919,0.302408,-0.249962,0.66005,0.285482,0.467006,-0.514528,51.650229488551496,-3.710691186690209,9.860881650864624,0.13273115626008547,-5.581312652945982,-19.422646215395197,32.164005605621334,55.19290855186576,-0.0915654,0.185443,-0.322658,0.562829,-0.1243,0.204576,0.791152
24.150092840194702,-0.393741530338239,-5.487923984513225,-0.33252503242819725,-0.9441751842863805,0.02545331145498122,0.3143031870835153,0.0544078,0.348088,0.270616,0.323974,0.727867,0.395057,-0.457363,-0.0794055,0.29698,-0.250906,0.664096,0.277741,0.46115,-0.518822,52.950920836777655,-3.758248429320725,9.637090257281859,-0.42550449354602193,-6.70577001925507,-20.003787975024743,32.68416467159558,56.254906895706426,-0.0916668,0.178636,-0.321139,0.561792,-0.131849,0.211697,0.788791
24.18418598175049,-0.10592732904281237,-5.533789004105724,-0.44840128289336767,-0.945428042065937,-0.0012710317675034702,0.32614744228972,0.0544432,0.348118,0.270618,0.323568,0.728279,0.395465,-0.45664,-0.0790065,0.294016,-0.251451,0.666319,0.273402,0.457019,-0.521923,53.82337343088426,-4.037039869277057,9.69705142827042,-0.9202530508499329,-6.046926139550777,-19.44445963145494,32.48390455052298,55.9616410230776,-0.0917959,0.175001,-0.320077,0.562475,-0.138224,0.216203,0.785985
24.218255043029785,-0.009579960651373256,-5.899003625669059,-0.4104988082774412,-0.9885745532726181,-0.02960077107325036,0.3803626985817604,0.0544817,0.348094,0.270614,0.324172,0.728202,0.395127,-0.456628,-0.0778799,0.289114,-0.25227,0.66774,0.270482,0.4503,-0.52744,54.684648934801444,-4.307418514933577,10.16569624803456,-1.0035420655531482,-5.1429679987949015,-19.540738726996516,32.98751720791825,55.97905728378738,-0.0907597,0.168798,-0.318769,0.56427,-0.141627,0.22515,0.781568
24.250942945480347,0.3006325556805791,-5.89194788205119,-0.05058213377730596,-0.9716268364684651,-0.054598628546060575,0.4022494020732428,0.0544569,0.348112,0.270584,0.324021,0.728214,0.395383,-0.456495,-0.0770266,0.286329,-0.252735,0.669285,0.268092,0.44651,-0.529918,55.30722926060661,-4.419936837606626,10.340772423788042,-0.9159392380842668,-5.0282833875330155,-19.685532761291093,33.34695458452257,56.31747563966695,-0.0900178,0.165628,-0.318043,0.563659,-0.146105,0.228264,0.78028
24.2856502532959,0.5606148735809264,-5.242531430196531,-0.023432228283967665,-0.9045616331819865,-0.057628790363486226,0.3714501569303752,0.0544466,0.348109,0.270576,0.324142,0.72818,0.395388,-0.456457,-0.0763025,0.282838,-0.253313,0.671853,0.262871,0.443986,-0.531403,55.981350271441876,-4.587247429619492,10.131265413066274,-0.963198062618428,-5.724574993008034,-19.958539154430625,33.90337943725043,57.314143180609186,-0.0895057,0.160868,-0.316921,0.567302,-0.149551,0.233499,0.775423
24.319799423217773,0.1677207910241907,-4.794927594671935,-0.02575197296980137,-0.8498559641813215,-0.023784350847850824,0.32661337903952437,0.0543894,0.348086,0.270556,0.324425,0.727793,0.39496,-0.457245,-0.0756427,0.278219,-0.253915,0.674606,0.257839,0.438931,-0.53457,56.84306184091066,-4.675635961186519,10.170932207449038,-1.4026936443322846,-6.126970013459349,-20.423610162242788,34.40702097426129,57.928899218817314,-0.0883749,0.155167,-0.315629,0.566195,-0.153757,0.239398,0.773608
24.35577416419983,0.014445169051523337,-4.7437590197631865,-0.1860121289230199,-0.821516513736271,-0.01722629786551418,0.2981166335990438,0.0544124,0.348121,0.27056,0.324277,0.728179,0.395325,-0.456419,-0.0748276,0.274611,-0.254414,0.674806,0.255627,0.435907,-0.537844,57.37382046348695,-5.0327553136181065,10.3714420376994,-0.12585262126572516,-5.387552324247821,-20.797004227742846,35.6503159567833,58.94030135483395,-0.0869229,0.150178,-0.314546,0.559069,-0.16003,0.238966,0.777642
24.38967990875244,-0.3210230297272045,-4.870664113007696,0.051595038944924745,-0.8212317990314585,0.008426122200860784,0.30330080794885855,0.0544011,0.348083,0.270574,0.324888,0.727776,0.394885,-0.457007,-0.0741657,0.270541,-0.254674,0.678928,0.250729,0.431064,-0.538865,58.18521694841919,-4.9087724354868945,10.254040032471284,-1.0631861505785203,-5.530344054566449,-21.14097134362555,35.61485159430467,58.68204030786988,-0.0851892,0.145581,-0.313525,0.554363,-0.159502,0.245488,0.779087
24.42380690574646,-0.26618745321698534,-4.414688302146726,0.11610303931727128,-0.7705090587758101,0.012809951638862876,0.27338051723407775,0.0543958,0.348099,0.270536,0.324816,0.728161,0.394424,-0.456843,-0.0739147,0.266583,-0.255042,0.681967,0.244373,0.427524,-0.540764,59.05195363287025,-5.108661285881815,9.950496325809524,-1.554141373741622,-5.529469897229276,-21.071028466220355,35.80235356213054,58.945903182734064,-0.0854228,0.140421,-0.311736,0.557212,-0.167044,0.249444,0.774202
24.45967984199524,-0.35726403202535395,-4.308963036758163,-0.30268313361147187,-0.7284147494331108,0.015343710358251775,0.23985524025257146,0.0543416,0.348073,0.270473,0.32459,0.727655,0.394804,-0.457482,-0.0739221,0.261361,-0.255383,0.686143,0.237117,0.421254,-0.543626,60.29661211521483,-5.179298176331879,9.908419579301317,-2.7382666252974026,-5.392109689882425,-21.237449070643628,35.877831956559184,58.76954576768285,-0.0847095,0.134638,-0.309759,0.549467,-0.172001,0.257498,0.776013
24.493809461593628,-0.7640352791429814,-4.464522183661909,-0.1226681903169011,-0.7340615896412538,0.039034534760872444,0.24334776309768144,0.0543569,0.348074,0.270501,0.324833,0.727714,0.394784,-0.457231,-0.0735189,0.258256,-0.255419,0.687364,0.234225,0.415652,-0.547634,61.06736522638723,-5.428772044073529,10.217979587221087,-3.61866506777006,-4.341713625547193,-20.582251568196646,35.479055779563474,57.966951640317056,-0.0843717,0.130825,-0.308445,0.54905,-0.174359,0.26114,0.774564
24.52760624885559,-0.3014970277067552,-4.409526755564351,-0.4192549097459978,-0.665173207755018,-0.005545037780096531,0.25665063728280785,0.0543684,0.34808,0.270447,0.324619,0.72785,0.394569,-0.457353,-0.0733701,0.25425,-0.255686,0.688243,0.230768,0.412115,-0.550663,61.698429374540304,-5.658635895411167,10.282388933848008,-3.056010451655684,-3.8172314247538566,-21.130033971635477,36.53847541223502,58.704031419450004,-0.084413,0.125852,-0.306667,0.549283,-0.177707,0.264806,0.77239
24.56124782562256,-0.42519073563525867,-4.006790285908058,-0.7142437577485486,-0.6050345988509154,0.007060391693968585,0.20337424101540924,0.0543634,0.348068,0.270413,0.324571,0.727756,0.394599,-0.457511,-0.0738985,0.249495,-0.255502,0.690139,0.224295,0.40779,-0.554172,62.63028140833445,-5.995879611353052,10.20303729090427,-3.3991291211290324,-3.1228561946864772,-20.81561383887027,36.75688487898572,58.74818453690339,-0.0843826,0.120099,-0.304453,0.543936,-0.182811,0.272184,0.772418
24.595768690109253,-0.8616471279660194,-4.097900392357245,-0.6403241981888989,-0.5882693141085911,0.03913385282751348,0.19454084232365787,0.0543317,0.348065,0.270371,0.325003,0.727387,0.394671,-0.457728,-0.0740657,0.24663,-0.255464,0.694185,0.21703,0.405439,-0.553736,63.3996412142192,-5.992185734276439,9.709963669486598,-5.029752370274686,-3.7231354991201897,-20.42039079991107,36.09143206880788,58.36115871858424,-0.0843891,0.116499,-0.303172,0.545257,-0.182469,0.277293,0.769745
24.63061237335205,-0.9887288216328537,-3.6619766516151264,-0.7524034582577191,-0.5096242572017408,0.047413454550800885,0.16265354912713445,0.0543331,0.348064,0.270347,0.32512,0.727259,0.394698,-0.457826,-0.0740449,0.24212,-0.255336,0.69944,0.211895,0.400843,-0.552458,64.28393578010076,-5.679389971233672,9.42145214559321,-5.455836597966638,-2.6467135693600667,-21.317412461065707,36.58773817540419,57.45034062339847,-0.0845774,0.111241,-0.300811,0.547679,-0.187453,0.286456,0.763447
24.664368391036987,-1.0103986459010246,-3.1206501135792992,-0.5852607702374069,-0.45395076984696286,0.06931006965270574,0.11446873567148214,0.0543494,0.348064,0.27033,0.325194,0.727257,0.394702,-0.457773,-0.0744594,0.238699,-0.255198,0.701436,0.203741,0.398493,-0.554689,65.13045566406394,-6.064255002770592,9.002981464998658,-6.657666885558541,-3.0964528636047532,-20.510044866602648,36.18432748747563,57.73172529967636,-0.0843168,0.107162,-0.299261,0.544096,-0.188446,0.289452,0.764634
24.696690797805786,-1.3778886949851947,-3.1026134224062516,-0.14337672557485004,-0.4818451874251159,0.126419832593634,0.08284910927560354,0.0543476,0.348111,0.270333,0.325292,0.727092,0.394801,-0.45788,-0.0748515,0.236458,-0.255055,0.699992,0.202659,0.396182,-0.558552,65.40656799789579,-6.437966048267238,9.317257902975559,-6.255297146666596,-2.2725609715821236,-20.368494568819024,36.70562853223231,58.06780001750121,-0.0841045,0.104481,-0.298078,0.540939,-0.190899,0.294142,0.764476
24.73144793510437,-1.5362346718095286,-2.7480881470789336,0.134792943118482,-0.4545374796642391,0.1365993214718906,0.0737416446205759,0.0543031,0.348065,0.270293,0.325215,0.727166,0.394679,-0.457923,-0.0746774,0.232895,-0.254924,0.704234,0.196727,0.393097,-0.557519,66.1999968229062,-6.2769050150993575,8.878033778859667,-6.883196556230484,-2.2412636406486115,-20.832237529861132,36.91507681256351,57.84950267832945,-0.0837314,0.100359,-0.29617,0.540549,-0.195549,0.298008,0.762075
24.76583242416382,-0.7805623144396837,-1.7001573849934206,0.571502680604297,-0.3516026417038557,0.0937123741450167,0.06748148102169749,0.0544143,0.348161,0.270316,0.324771,0.7273,0.393585,-0.458965,-0.0746478,0.230674,-0.254835,0.705031,0.193125,0.391679,-0.558767,66.59246886556836,-6.297412247006481,8.640255145424344,-6.914665119894465,-3.087924795272471,-21.380589421137593,37.49624189077657,58.836038820450426,-0.0826994,0.0975374,-0.295227,0.535965,-0.196228,0.301128,0.76391
24.79994034767151,-0.4726453657420599,-0.19277567997335687,0.9634606384317753,-0.2240268190939416,0.09594576713549147,-0.008579583821121402,0.0543036,0.348011,0.270197,0.321643,0.728509,0.393297,-0.459498,-0.0762462,0.228317,-0.254653,0.708832,0.1881,0.392531,-0.555063,67.24194146661358,-5.865473025161372,7.769795599494561,-5.602137147208811,-2.9165011402718335,-23.34782725345911,39.233849171386254,59.55302905930601,-0.0826213,0.0945551,-0.293907,0.527993,-0.198827,0.302854,0.768095
24.834623336791992,-0.3147014389201119,0.583234871096667,1.1271236907861821,-0.1373624908121323,0.08239803095056389,-0.034581136317446165,0.0542525,0.348061,0.270211,0.322417,0.728609,0.393298,-0.458796,-0.077373,0.226681,-0.254591,0.716443,0.177323,0.393819,-0.547879,67.90803013357836,-5.435219356737915,6.30722901475605,-8.393781741020302,-3.2716759778988944,-23.004364918581096,37.875845708246416,57.64950535174951,-0.0826812,0.0937634,-0.293165,0.518361,-0.202746,0.304012,0.773158
24.868476152420044,-0.18763862548112276,1.1917426329340957,1.3474760246692605,-0.07999069395431326,0.0895254059821801,-0.06658701985415183,0.0542854,0.34812,0.270223,0.32404,0.727616,0.394754,-0.457976,-0.0803118,0.225776,-0.25426,0.716173,0.173508,0.400981,-0.544248,67.3692925460718,-5.719917388138408,5.5806220086370075,-7.451727191405578,-2.0664712084590917,-23.089480529910354,38.65494709789982,57.686946547776444,-0.0833631,0.0923203,-0.29245,0.508543,-0.203073,0.305391,0.779026
24.90313744544983,-0.18426171468002012,1.7061404627168035,1.6058338915462056,-0.04314945145838133,0.10266045793195006,-0.09376028041696592,0.0542824,0.348055,0.270206,0.32252,0.728501,0.393522,-0.458702,-0.0834225,0.224881,-0.253773,0.718055,0.163682,0.409014,-0.538807,67.40424142191864,-5.6864138724290285,3.8114144336632165,-7.0472056907108325,-3.713296435879151,-23.715441762791805,39.33407021266453,59.145621613486526,-0.084154,0.0913571,-0.291927,0.500651,-0.201949,0.307472,0.783598
24.94901466369629,-0.17944773497468297,1.7080948384977828,1.7725462525241904,-0.042261758606739495,0.10694294048409493,-0.09035847906141926,0.0542509,0.348113,0.27022,0.324678,0.72793,0.394126,-0.457566,-0.0882263,0.22442,-0.253218,0.723688,0.154794,0.419743,-0.525481,66.79421402910944,-5.204814159066814,1.7449750376503008,-7.700458683756956,-1.848482116841403,-24.0318010924101,39.16771071546542,56.57899184784641,-0.0854865,0.090957,-0.291422,0.480845,-0.202948,0.306623,0.795979
24.983817100524902,-0.15064031566810923,1.5843282106984233,1.8450975909302425,-0.05138073344108142,0.10968672248180807,-0.0833227636238637,0.0542708,0.348134,0.270244,0.324633,0.727863,0.394139,-0.457693,-0.0905134,0.224287,-0.252837,0.727317,0.148025,0.425236,-0.51795,66.72289568876482,-4.833966343216748,0.41440658759129256,-8.405426366340997,-2.2364785890498027,-24.33642908723879,38.90757646598995,55.90048116337023,-0.0860648,0.0908998,-0.291363,0.472168,-0.200751,0.306372,0.801806
25.01787757873535,-0.19511233994511204,1.5523391300507203,1.8614473113601488,-0.055487819189731724,0.10680846900279518,-0.08079080593788109,0.054498,0.348323,0.27029,0.325539,0.727462,0.393616,-0.458137,-0.0937948,0.223925,-0.252294,0.727864,0.139067,0.434877,-0.511622,66.25237611309485,-4.970550489976848,-1.221040200526181,-8.743922839575323,-3.412479211330023,-24.380406745449186,38.99898187685868,56.717509820965915,-0.0864228,0.0908381,-0.291407,0.45833,-0.19639,0.305388,0.811235
25.051575183868408,-0.08452084966415045,1.4389096528431022,1.965505239971899,-0.06182361977521109,0.10709454983702146,-0.07276887230549231,0.0542764,0.348068,0.270267,0.32546,0.726954,0.394805,-0.457976,-0.0952302,0.223815,-0.252002,0.728088,0.137348,0.435642,-0.511116,66.35744717743846,-5.0588285034678755,-1.3013583863583076,-9.33657267141001,-2.8476777217117757,-23.74441787768449,38.44640981252112,55.97475811837079,-0.0870009,0.09073,-0.291323,0.456647,-0.194092,0.307664,0.811877
25.08809804916382,-0.08355675613044501,1.4483071592466477,2.0009702391784496,-0.06152504093361602,0.10837711177693975,-0.07555242113400544,0.0542563,0.348064,0.27024,0.324478,0.727858,0.394497,-0.457503,-0.0955236,0.223628,-0.251909,0.728288,0.135563,0.436693,-0.51041,66.49082228551991,-5.1206254688767245,-1.6658407719169155,-8.842390810932265,-2.858004621688039,-23.821651594666655,38.76832548137875,56.303980757686034,-0.0879489,0.0900588,-0.290883,0.459737,-0.19656,0.304742,0.810641
25.12178611755371,-0.06907023427777087,1.369528979479735,1.978242353006074,-0.06565696589994725,0.1081787606229546,-0.07294330949893048,0.0542967,0.348176,0.270315,0.325526,0.727002,0.394766,-0.457887,-0.0943468,0.222901,-0.252102,0.72873,0.140016,0.432804,-0.511887,66.44398111239359,-4.87925534486619,-0.8957783949719964,-8.577051118737074,-1.902192428685197,-24.474860673047978,39.19766435114525,55.6569166437392,-0.0873048,0.089353,-0.290586,0.461348,-0.195433,0.309224,0.808297
25.15717887878418,-0.22250858255351597,1.4519519799329936,1.9816585501260513,-0.05884434351925861,0.11492546245367079,-0.08585162165382271,0.0543282,0.348127,0.270236,0.324622,0.72764,0.394434,-0.457802,-0.0923527,0.221689,-0.252243,0.725296,0.143774,0.426778,-0.520707,66.9016259284011,-5.402814545203357,0.21195159036728128,-7.61519966676919,-1.6252550249356688,-24.151478863657097,39.75057168596793,56.848954964135025,-0.0873191,0.0875057,-0.289514,0.468072,-0.201955,0.308018,0.803273
25.19075870513916,-0.2032382773986038,1.369678268554202,2.153605654488168,-0.07142605459698222,0.1256079721565593,-0.0813673944505482,0.054263,0.348023,0.270077,0.326067,0.727284,0.394602,-0.457196,-0.0900615,0.21989,-0.252608,0.724296,0.145077,0.417708,-0.529026,67.60666890118,-5.876202159465173,1.3759240840356473,-9.516747592328539,-0.7945102043328944,-22.454134654127692,38.31812302542486,55.81877479216341,-0.0871345,0.0856763,-0.288817,0.479573,-0.202578,0.313621,0.794112
25.22562575340271,-0.34272975743947987,1.5031242436899712,2.02968480351234,-0.08062592698024852,0.1308529937303742,-0.09871698585222863,0.0541979,0.348028,0.27007,0.326074,0.726951,0.39537,-0.457056,-0.0879618,0.217971,-0.252629,0.72291,0.147559,0.411907,-0.534752,68.04298302924094,-6.164607336335677,2.3366861185776866,-8.829344384793167,-0.6297498453074795,-22.499793093990895,38.870844014397406,56.70730549263015,-0.0862013,0.0832744,-0.287772,0.48408,-0.203365,0.316926,0.789853
25.260045289993286,-0.4094645693473793,1.1945480461837779,2.1471669558822586,-0.09400675977516118,0.1505885760724775,-0.09468865600659093,0.0542771,0.348042,0.270149,0.324187,0.727622,0.394514,-0.458069,-0.0861697,0.215474,-0.252428,0.722646,0.148785,0.403293,-0.541296,68.97105778808536,-6.189631621035477,3.1787795493711357,-8.660688048679546,-0.4945944974149299,-22.985315497351415,39.47128616374125,57.23923589256962,-0.0868694,0.0804904,-0.285804,0.495213,-0.208316,0.323648,0.778858
25.294259786605835,-0.5222861241838817,1.1341776442304818,1.9572269001249634,-0.09751950618567903,0.15140702684925655,-0.09777043748916274,0.0543109,0.348029,0.270139,0.324487,0.727349,0.394904,-0.457955,-0.0855346,0.213876,-0.252287,0.720457,0.148573,0.398612,-0.547702,69.4296880092739,-6.741685563638852,3.868057712694032,-9.234864967828972,-0.04285528347680412,-21.924064873434467,39.07882000095521,57.376357302989256,-0.0861934,0.0784253,-0.285073,0.495206,-0.206028,0.324493,0.77912
25.330318689346313,-0.6353177268125678,1.2181672374425407,1.888188619855368,-0.06444618353891178,0.1543603844542748,-0.11127386546439587,0.0543042,0.348051,0.270078,0.325871,0.727056,0.394947,-0.4574,-0.0846342,0.211481,-0.252051,0.717596,0.148608,0.392118,-0.556071,69.9144091253351,-7.5077287277721965,4.770229132782248,-10.058547873131417,1.129488253703009,-20.216046934144458,38.34129461559077,56.99168484419351,-0.0865734,0.0757781,-0.283392,0.501538,-0.210722,0.329871,0.771519
25.365352153778076,-0.7251254615500329,1.4408814204286586,1.7515888067135799,-0.031575833858277384,0.15985775217759968,-0.13989710670546215,0.0542561,0.347936,0.270055,0.321942,0.728508,0.392995,-0.459548,-0.0843899,0.209702,-0.251818,0.719123,0.146216,0.389159,-0.556811,70.70257184954582,-7.06595538688999,4.50262134883635,-9.183608874151048,-0.5260457166469692,-22.14082688749577,39.82928831180595,58.83318653098856,-0.086472,0.0738396,-0.282147,0.498146,-0.213921,0.331104,0.772307
25.39741063117981,-1.0024902897829298,1.6424186667354304,1.611504288817113,0.0013053393470351066,0.1746117888590454,-0.17463431048480813,0.0543053,0.347976,0.270054,0.32064,0.729693,0.392488,-0.459012,-0.0847598,0.208418,-0.251566,0.718818,0.144821,0.388885,-0.55776,70.97748767237762,-7.2120261495170155,4.296779004626675,-8.033032297360343,0.23243805960487407,-22.65055289425917,40.895231207203295,59.4211946872258,-0.0866248,0.0724058,-0.281234,0.496823,-0.214839,0.333221,0.771994
25.432371854782104,-0.8083116692952229,1.5486668749197063,1.9773969815780266,0.015836816852521227,0.19139811099736165,-0.17355899423031088,0.0542986,0.347936,0.270024,0.320611,0.729391,0.392138,-0.45981,-0.0857157,0.206736,-0.251169,0.723517,0.13826,0.390867,-0.551933,71.25871017914884,-6.664929367639302,3.288693566883028,-8.78289068174098,-0.6100023819035201,-23.5245396130097,40.90622591135411,59.056280142811005,-0.0873211,0.0702562,-0.279821,0.497051,-0.217062,0.335239,0.77035
25.466529607772827,-0.7914789879737089,1.7655105463279972,1.8251303459481274,0.013828603946262695,0.18174998001561804,-0.18121145417928372,0.0542689,0.347929,0.270022,0.320558,0.729009,0.392847,-0.459847,-0.0867968,0.205525,-0.250843,0.724065,0.132961,0.392976,-0.551019,71.47420097140592,-6.8492049863083535,2.760874453183817,-9.111368172070158,-1.2270014535686187,-23.346941317947206,40.944243203544765,59.65465479830294,-0.0869192,0.069346,-0.2794,0.489002,-0.214804,0.339692,0.774174
25.501224040985107,-1.1718993693537922,1.9990834794785945,1.8372810526721113,0.024828568204776778,0.2025055012841011,-0.2162084472213488,0.0542712,0.347931,0.269994,0.320663,0.729318,0.392272,-0.459774,-0.0883358,0.203624,-0.250401,0.726525,0.128481,0.394531,-0.547722,71.63021780977212,-6.639048494916594,2.0265975568958563,-9.059234546387177,-0.2921907907146135,-23.95744712473013,41.437610494562996,58.94228007122815,-0.0878114,0.0670984,-0.277573,0.485028,-0.219954,0.342454,0.774011
25.53470015525818,-0.9701097492564362,1.9705384006380646,2.0163130775009592,0.019448004490218575,0.19637115307871716,-0.20236794921340784,0.0542756,0.347933,0.269966,0.320598,0.72947,0.392142,-0.45969,-0.0894468,0.202304,-0.249955,0.726168,0.124426,0.395128,-0.5487,71.87867654084295,-6.919410104474412,1.6896596825670915,-9.326767151383905,-0.10215041775070688,-23.464538783645246,41.353560581361435,59.04535874178332,-0.0879993,0.0656682,-0.276922,0.48222,-0.217318,0.344119,0.77577
25.566904067993164,-0.8361396524341481,2.048475209830791,1.8852934171043512,0.022864392854776178,0.1862519008228158,-0.2047507135184173,0.0542646,0.347946,0.269923,0.320225,0.729398,0.39251,-0.45975,-0.0901793,0.201411,-0.249735,0.726676,0.120984,0.396433,-0.547855,72.05829533364353,-6.986078714444994,1.3112700967775552,-9.337564281592797,-0.42352727017860303,-23.58720812683334,41.59853573237218,59.49231207906582,-0.0886376,0.0648506,-0.276253,0.482721,-0.219406,0.345301,0.774344
25.597936153411865,-0.9371288545009775,2.0866887732772352,2.1169753113332317,-0.008795999218611341,0.2311277882501534,-0.24745910214909475,0.0542351,0.347951,0.269916,0.320162,0.729426,0.392363,-0.459874,-0.091863,0.198646,-0.24896,0.729965,0.116775,0.396664,-0.544217,72.34659137889038,-6.62594830138766,0.7112848316254752,-8.970867245837447,1.1741737747066097,-24.58590910283217,42.429493257024234,58.41832401716159,-0.089512,0.062074,-0.274061,0.473885,-0.223584,0.348239,0.777286
25.63445210456848,-1.5903472674820731,2.099479553680904,2.5571978467136907,-0.05275107806373737,0.2851001068910071,-0.2814362003253657,0.0542037,0.347969,0.269866,0.319818,0.729049,0.39284,-0.460305,-0.0926441,0.197061,-0.248499,0.728404,0.110823,0.39731,-0.547074,72.7690123687241,-7.163392750698271,0.42703846310847204,-9.570302085970663,-0.1574898674766203,-23.841103816331902,42.251919997628605,59.85998822482329,-0.0894935,0.0604805,-0.27303,0.470361,-0.225694,0.350119,0.777971
25.66978931427002,-0.8773481523459409,2.220473731917416,2.0076973928201696,0.00029031305903087535,0.18797992758203408,-0.21615186259385308,0.0541781,0.347949,0.269724,0.319856,0.72884,0.393222,-0.460283,-0.0924148,0.195536,-0.248486,0.731621,0.108134,0.398069,-0.542752,72.89800872645891,-6.746397629801647,-0.05541385029181889,-9.185731220618653,-0.3652845423188751,-25.05067670965078,43.020111803930966,59.96903815063207,-0.0882864,0.0586273,-0.27262,0.464464,-0.223263,0.352526,0.781123
25.704688549041748,-0.39032227736318853,1.792659484841485,2.22141435365847,-0.033601792439733276,0.16996943686172364,-0.15858765013245213,0.054207,0.34793,0.26978,0.32022,0.728959,0.392993,-0.460037,-0.0915232,0.194697,-0.248508,0.732078,0.106941,0.396461,-0.543549,73.10628603891031,-6.803914267562817,-0.05169801868175483,-9.617201933263448,-0.6938753461702731,-24.93320111228075,42.87920898887942,60.134472130588925,-0.0875001,0.0575949,-0.272022,0.466597,-0.224264,0.351822,0.779881
25.737969398498535,-0.42034727136287264,1.8075960412765755,2.4390013070863734,-0.05732697606140103,0.18463982816900143,-0.15760283030859235,0.0542179,0.347944,0.26982,0.320275,0.728946,0.392793,-0.460191,-0.0907126,0.193852,-0.248396,0.730142,0.109392,0.392332,-0.548636,73.31970619265164,-7.101371355952189,0.6726307725553173,-9.45775000283135,-0.17190331338290576,-24.589503633720987,42.98835751996052,60.37684977932487,-0.0869796,0.0568001,-0.271225,0.467045,-0.229553,0.354169,0.777006
25.77094292640686,-0.622500838793229,1.980670951116169,2.810890206809276,-0.08456093319947951,0.21927713321371872,-0.18474237551317219,0.0542117,0.347927,0.26972,0.319767,0.728913,0.39312,-0.460317,-0.0897544,0.190926,-0.248077,0.731903,0.108045,0.387316,-0.550119,73.97927499489437,-6.987558567445991,0.9450597161067424,-9.254702415467865,0.4100162523286883,-25.369082500476132,43.78001336228106,60.46680646916766,-0.0863113,0.0534873,-0.269429,0.46917,-0.23275,0.357088,0.773431
25.802855968475342,-0.6789265554709581,2.1994739202940585,2.9473458817532134,-0.08254046260177493,0.2341202903338848,-0.21137156879211472,0.0541786,0.347866,0.269612,0.319431,0.729083,0.392265,-0.461009,-0.0891397,0.188775,-0.24789,0.730646,0.104454,0.384306,-0.554576,74.53082587850443,-7.357223715675844,1.008568834297531,-9.882623477185984,-0.8699184823044064,-25.033566162392596,43.80643190992893,61.833784892725,-0.0858746,0.0512731,-0.268271,0.469499,-0.235051,0.359067,0.771617
25.837727546691895,-0.9421562786825652,2.3189977911555717,2.9809235332813553,-0.07386696100145025,0.25327576020760617,-0.2382677925627841,0.0541393,0.347841,0.269556,0.320025,0.728725,0.392177,-0.461238,-0.087944,0.18612,-0.24742,0.728766,0.105241,0.375977,-0.562553,75.2043988551237,-7.855070905401471,2.030313035205861,-10.641992013366622,0.012172034333794102,-23.95623516607059,43.34926035232455,61.6105482972564,-0.0855397,0.0484687,-0.26644,0.473583,-0.238374,0.362961,0.766261
25.870360374450684,-1.082892910245431,2.4281915354313552,2.793173403352484,-0.06283518768666947,0.2552285492274289,-0.2593013189023637,0.0541293,0.347841,0.269548,0.320032,0.72869,0.392238,-0.461237,-0.0873735,0.182704,-0.246664,0.732339,0.10125,0.372586,-0.5609,75.83931378122344,-7.537972817624668,1.7893427169826506,-10.64978663425212,0.5626860101522126,-24.913845311780854,43.995810620868355,61.261126287136015,-0.0848676,0.0447054,-0.263762,0.469651,-0.244558,0.369386,0.763658
25.905312299728394,-1.0844953637410488,2.415897731437591,2.6086473243155868,-0.039486229188833114,0.24237646579689628,-0.2558988921425587,0.0541481,0.347813,0.269495,0.320753,0.728299,0.392464,-0.461161,-0.0879022,0.179865,-0.245933,0.733587,0.0955144,0.373908,-0.559393,76.0653621377242,-7.618449223353329,1.1949556552329081,-10.394728169636931,0.3912391307641201,-25.270820609702348,44.603050051930744,61.89291500482887,-0.0852855,0.0417548,-0.261443,0.470197,-0.249304,0.374166,0.759448
25.94957137107849,-1.0669034829276285,2.3485405442917213,2.2027028653304206,-0.012279188636221,0.22346257321620444,-0.26675846936776026,0.0541584,0.347841,0.269514,0.320079,0.728554,0.392182,-0.461467,-0.0896991,0.17579,-0.244412,0.736176,0.0846334,0.373861,-0.557773,76.93308552943883,-7.627137807785521,0.14712849560101127,-11.121433108750391,0.4722312319273314,-25.478384970833368,44.91458084472745,61.85877602315136,-0.0851756,0.0372324,-0.258219,0.460677,-0.244579,0.379142,0.764336
25.986263275146484,-1.1974898699139687,2.471611043408363,2.093239900962202,0.006712315798456533,0.22367689420571962,-0.29074314403765766,0.0541443,0.347796,0.269483,0.320627,0.728331,0.392382,-0.461268,-0.0909826,0.17377,-0.243706,0.736981,0.0774372,0.375043,-0.556961,77.30058011521584,-7.835404022249688,-0.5452086358154062,-12.177732086438542,0.40081007070362773,-24.84500970339139,44.47370807838391,61.64659845087217,-0.0854568,0.0355539,-0.256673,0.452118,-0.245904,0.381851,0.767665
26.020848751068115,-1.2906684401653281,2.6438911301104255,2.1366225847118203,0.004654018664007457,0.229700116507929,-0.30943426321604767,0.0541328,0.347788,0.269417,0.320623,0.728161,0.392483,-0.461453,-0.0923853,0.170806,-0.242626,0.73878,0.0716394,0.376113,-0.554626,77.61881026054468,-7.735275471725185,-1.1985574015113123,-11.774949996536709,1.0429698820492632,-25.55276086972315,45.27820629257969,61.610037361794205,-0.085731,0.0324637,-0.254327,0.446722,-0.247,0.387043,0.767872
26.05227494239807,-1.2549534207404398,2.615096550300626,2.040392594732355,-0.001282596757168959,0.20978328148165049,-0.28589736167650037,0.054135,0.347784,0.269416,0.320597,0.728166,0.392439,-0.461502,-0.0928824,0.169587,-0.242169,0.740232,0.0656518,0.374918,-0.554241,78.1743536782848,-7.760689406581974,-1.6625683926788923,-13.58153276993971,0.6596396277315719,-24.79621237933852,44.29122687648649,60.93357643795945,-0.0855069,0.0307946,-0.25323,0.444068,-0.245077,0.389598,0.768736
26.08650040626526,-0.6312899465010154,2.1810730086292,2.0103159478339525,-0.041822936718801065,0.16096266246960425,-0.19126830801994568,0.0541582,0.347784,0.269442,0.320546,0.728204,0.392439,-0.461477,-0.0929869,0.168936,-0.241944,0.740326,0.0665546,0.377062,-0.55255,77.90330906967033,-7.6494313654284785,-1.803350337176413,-11.888192878009253,0.9101409043842636,-25.944046455533332,45.62293539153719,61.74534266143677,-0.0853101,0.0306138,-0.252892,0.441069,-0.245123,0.390645,0.769915
26.11961317062378,0.07211697075567292,1.8664501475458697,2.16421190122895,-0.06519003058353878,0.12223485613432566,-0.10440827352806499,0.0541853,0.347749,0.26943,0.32107,0.728191,0.392152,-0.461378,-0.092771,0.168732,-0.241928,0.73941,0.0670539,0.374852,-0.555215,78.0219463315565,-7.863638936441558,-1.5113429724163012,-12.547481939447056,1.2773469622226514,-25.149993987213684,45.00272816951822,61.29147881681679,-0.0853016,0.0303676,-0.252842,0.443249,-0.244171,0.390204,0.769189
26.152275562286377,0.031031278091565594,2.056810090160939,1.9771069595037472,-0.0532034093681288,0.11314190343846056,-0.1129883491384752,0.0541686,0.347739,0.26939,0.32178,0.727856,0.392537,-0.461083,-0.0929263,0.169041,-0.241972,0.738981,0.0687698,0.374912,-0.555534,77.83158183742782,-7.937515015335373,-1.302529310886337,-12.374701309421585,2.0052164180231244,-24.81296968995968,44.80301362925739,60.770872622166905,-0.0856433,0.0304019,-0.253003,0.444528,-0.243252,0.391101,0.768286
26.1895751953125,0.10617073263188902,2.122882244271302,1.876601248592178,-0.044081969894309014,0.10505334962091017,-0.1134314819300708,0.0541873,0.347749,0.269388,0.320687,0.728687,0.392428,-0.460624,-0.094111,0.170532,-0.242231,0.737915,0.0686795,0.378764,-0.554349,77.59935808805672,-8.027738234276384,-1.6892542102334396,-11.771108936180685,2.092388350593154,-24.92534833760174,45.17757941698603,61.115787530473106,-0.0866105,0.0319471,-0.254313,0.444168,-0.237585,0.389322,0.771166
26.222837924957275,0.12501950853690383,2.050793228081772,1.89271552801851,-0.046053566852952484,0.1037068715518874,-0.10675456513521206,0.0542235,0.347732,0.269392,0.320723,0.728674,0.392492,-0.460565,-0.0949912,0.173208,-0.242846,0.737259,0.0726736,0.380312,-0.553652,77.1528550780605,-7.938239448575889,-1.470560320562253,-12.06383816744248,2.9175659232533278,-24.40999468215596,44.41406971054732,59.82923504224793,-0.0883144,0.0350346,-0.256067,0.445974,-0.239215,0.384553,0.772012
26.257725715637207,0.13730475929813113,1.8101029186949862,2.109624200736229,-0.05834845101844553,0.1182001847233206,-0.09707619681922132,0.0542054,0.347735,0.269331,0.321172,0.728808,0.392295,-0.460209,-0.09558,0.176828,-0.24396,0.735673,0.0774037,0.386057,-0.551138,76.19612050153599,-7.8947194530071165,-1.5616186396677598,-11.369159760318869,2.7030652071434247,-24.38090181372352,44.30672638653485,59.87405616470463,-0.0893499,0.0387008,-0.259031,0.450662,-0.236366,0.378603,0.773107
26.292808294296265,0.04416505206117072,1.4462938486967845,2.466421009989632,-0.07767688433244276,0.14010458771203455,-0.07866490475769929,0.054165,0.347736,0.269274,0.321443,0.728609,0.392237,-0.460384,-0.0954104,0.18053,-0.24518,0.734517,0.0834807,0.387435,-0.550827,75.57314093643973,-7.769223472706206,-1.1202140283030193,-11.822602961170684,2.479568987569955,-23.939577725342367,43.42645433881406,59.19594174184799,-0.0902595,0.0425819,-0.261949,0.45633,-0.234743,0.374133,0.772453
26.3265380859375,0.007342682217573399,1.4316000873740713,2.5323658379960436,-0.07979101178667614,0.14414904908132234,-0.07856581205264741,0.0541785,0.347712,0.269251,0.321602,0.728935,0.391472,-0.460408,-0.0955069,0.183059,-0.245873,0.733334,0.086839,0.390704,-0.549573,74.96089009869166,-7.699341573057834,-1.1681892689552527,-11.487797315902963,1.999971775973897,-23.903322295857144,43.241267257947996,59.31935032592545,-0.0912249,0.0457752,-0.26365,0.457843,-0.24217,0.373633,0.769501
26.361271381378174,0.11169977377969258,1.3902236383255175,2.374992327600139,-0.07603401829908502,0.13230433909875017,-0.07213787083572164,0.0541821,0.347717,0.269311,0.321243,0.728689,0.392385,-0.460272,-0.0966765,0.184386,-0.245896,0.731574,0.0895133,0.393779,-0.549295,74.53456738001177,-7.8343691561276865,-1.0426118991953501,-10.356015389176346,2.6743192075888373,-24.05505024328925,43.79466827006862,59.57201104048965,-0.0922892,0.0469232,-0.26443,0.458143,-0.23638,0.371174,0.772308
26.396427392959595,-0.11312902129012484,1.6447195595078883,2.2282664162660435,-0.06536442029736197,0.12833647739067547,-0.09502602894120976,0.0541815,0.34771,0.269289,0.321314,0.728587,0.392437,-0.460338,-0.0976841,0.183879,-0.245553,0.731722,0.0875591,0.393678,-0.549485,74.68175640573807,-7.903502575394653,-1.1765997893408375,-10.905705668989608,3.2471283693058623,-23.621540671510267,43.40626504601021,58.88494417299973,-0.0926204,0.046372,-0.264189,0.454033,-0.229886,0.372546,0.776026
26.43262267112732,-0.08799914331964365,1.7429066559779467,2.177976496957849,-0.0611041924899924,0.12150777891989223,-0.10190232177433371,0.0541587,0.347674,0.269196,0.32229,0.728192,0.392609,-0.460134,-0.0986781,0.18267,-0.245077,0.731042,0.082772,0.395018,-0.55017,74.81141973215098,-8.274745013959611,-1.567570058719788,-11.716229808325263,3.069053481043362,-22.610339150185176,42.76567555431841,58.89064208303353,-0.0936992,0.0450154,-0.263267,0.454576,-0.226841,0.373939,0.775934
26.46836495399475,0.023938171522086066,1.5361161911962873,2.257991409439325,-0.07076095168418976,0.12318790828693042,-0.08560943048316288,0.0541562,0.347658,0.269171,0.321866,0.728327,0.391454,-0.461201,-0.0978574,0.182129,-0.245116,0.728692,0.0887747,0.390567,-0.555504,74.7826610005834,-8.343299241551087,-0.5770065386057119,-10.513387601790878,3.696227135828643,-23.223152569112663,43.67200900170275,59.50392701648861,-0.0940897,0.0443576,-0.2627,0.455463,-0.227987,0.375924,0.774116
26.50347328186035,0.0043862394040242395,1.540569888966942,2.38467520121489,-0.07330251770476173,0.13593942687773855,-0.08879189231691773,0.0541799,0.347671,0.269162,0.321624,0.728659,0.391622,-0.460701,-0.0964842,0.180164,-0.244917,0.729542,0.0870422,0.383537,-0.559546,75.64754646794451,-8.516625870628873,-0.14372460013160016,-11.832959040828275,4.250172430771542,-22.55142237414409,43.07867852839732,58.82383367738017,-0.0940335,0.0419143,-0.261392,0.461189,-0.227258,0.377638,0.770096
26.536625623703003,-0.03467180096754302,1.7389965896009756,2.207243948215476,-0.06335890002997123,0.12684898257375327,-0.09960926065541019,0.0541758,0.347653,0.269114,0.321885,0.72834,0.391579,-0.46106,-0.0961767,0.178576,-0.244593,0.727648,0.0888001,0.381572,-0.563068,75.6630265506933,-8.781053795918483,0.351203289100928,-10.69385914334276,4.694348009825532,-22.902877864447355,44.01243494290263,59.79968552726279,-0.0942016,0.0401727,-0.260215,0.462342,-0.228156,0.378939,0.768499
26.568860292434692,-0.03813702251503664,1.9045713108773807,2.1259582620589006,-0.0524493047689477,0.12232691360924411,-0.11330463498710958,0.0540381,0.347542,0.268923,0.32295,0.726619,0.391909,-0.462747,-0.0957326,0.17541,-0.243951,0.725792,0.085774,0.376436,-0.569354,76.20992419668929,-9.260364497246021,0.9568068588739713,-11.848449895374625,3.4275005133338965,-21.93202616091539,43.47807662300307,60.86354478327155,-0.0948869,0.0368249,-0.25751,0.467007,-0.233987,0.387679,0.759513
26.604748487472534,-0.053067163502444455,1.9323647637350225,2.078000833710635,-0.04820213936160938,0.11956792913601946,-0.11293732693225685,0.0540036,0.347538,0.26886,0.323468,0.726201,0.391979,-0.462983,-0.0952076,0.17328,-0.243515,0.725172,0.085316,0.372729,-0.572643,76.53060064311698,-9.482935475115784,1.3552832182661305,-11.826365357998224,3.79371968559105,-21.79818675572765,43.697674117103915,61.13627569548521,-0.0954391,0.034742,-0.255779,0.470474,-0.2375,0.388907,0.755645
26.639353036880493,0.1301846202325351,1.8656535590074292,2.0980380191254455,-0.05182160079300585,0.11830937194657302,-0.10313096506238328,0.0540749,0.347571,0.268909,0.322252,0.727344,0.391113,-0.462768,-0.0947319,0.172279,-0.243236,0.724542,0.0865579,0.369804,-0.575145,76.83655543810538,-9.545351763098328,1.5896794538382721,-10.898755603269795,4.623116527618393,-22.406845019143155,44.626194318863774,61.54043474521323,-0.0955583,0.033627,-0.254722,0.470761,-0.238936,0.391799,0.753516
26.672916889190674,0.09148703531235883,1.7033681408967942,2.311172744610959,-0.06561558397414385,0.132402396738816,-0.09273768143309943,0.0541237,0.34758,0.268995,0.322588,0.727301,0.392093,-0.461772,-0.0940821,0.170446,-0.242599,0.725581,0.0833676,0.364852,-0.577464,77.57205659836602,-9.803485861813646,1.7561106911758202,-12.250248384733933,5.5046579421236,-21.294050184100463,43.72657250728247,60.44064577373557,-0.0951859,0.0318056,-0.253041,0.472226,-0.241641,0.393259,0.750972
26.70856237411499,0.04795980552662308,1.648176174788384,2.241269895820398,-0.07075798199740745,0.12804981626130957,-0.08771956995786255,0.0542172,0.347614,0.269093,0.321443,0.728117,0.391419,-0.461856,-0.0932347,0.168642,-0.241936,0.727016,0.0788851,0.360249,-0.579177,78.45818719236661,-9.799776684842026,1.5955452252340816,-13.43483934962887,4.955056066267879,-20.973426844800535,43.343182047576946,60.37146857200329,-0.0939006,0.0300761,-0.251515,0.46838,-0.244515,0.398084,0.749908
26.74389100074768,-0.08683845304644273,1.928238378510798,2.1737680150546312,-0.05945955442601039,0.12777524797884401,-0.1140537541836524,0.0542159,0.347613,0.269014,0.321818,0.728196,0.391201,-0.461655,-0.0924221,0.166266,-0.241476,0.72866,0.0770073,0.359149,-0.578046,78.66759741541097,-9.653910283759929,1.404531353124229,-12.658526874587675,5.105071273902269,-21.942445568960153,44.30594952357293,60.91579329877643,-0.0928634,0.0273033,-0.249669,0.469651,-0.246701,0.396894,0.749027
26.779253244400024,-0.15238717482384823,1.8594107198466439,2.262043743918669,-0.06103680841795188,0.13057966083825026,-0.11146487396563946,0.0541625,0.347579,0.269026,0.322366,0.72752,0.39185,-0.461788,-0.0902565,0.163379,-0.240852,0.726861,0.0788137,0.350889,-0.585098,79.25075132286754,-10.126358671213275,2.5089292740260607,-12.518412673831147,5.350921406263559,-21.484361651710984,44.58679522930518,61.78198430651822,-0.0909743,0.0243886,-0.247567,0.470336,-0.250387,0.399808,0.745818
26.814750909805298,-0.16304835543475849,1.7765359961380531,2.2744299100180676,-0.06382739132704474,0.13193403660304506,-0.1057988772396855,0.0542799,0.347625,0.26914,0.321296,0.728776,0.391201,-0.461104,-0.0881806,0.161245,-0.240379,0.727278,0.0798271,0.344705,-0.58811,79.88617792753512,-10.15339761925326,2.920828186489784,-11.765417527081173,6.0775317150867565,-22.28950894533137,45.66686658769645,62.38019097752717,-0.0897605,0.0226368,-0.245623,0.472305,-0.259512,0.402366,0.740056
26.849817276000977,-0.22812067602304534,2.029848413207278,2.201671400765492,-0.0565155469350163,0.13122436791808456,-0.12445170070924905,0.0542396,0.347613,0.26899,0.321177,0.728463,0.391165,-0.461711,-0.0864248,0.158209,-0.239719,0.730115,0.0760009,0.33819,-0.588883,80.7866297102369,-9.936004233906253,3.0405330923106586,-12.977282280741516,5.309205773475838,-22.469203283965335,45.4516535534919,62.31322252530561,-0.0888157,0.0193885,-0.243231,0.4747,-0.265058,0.404673,0.735285
26.884186506271362,-0.31480290251909565,2.093578524157564,2.11343726556238,-0.05389289894963371,0.1246416015871493,-0.12788380252339923,0.0542101,0.347544,0.268937,0.321851,0.727766,0.390542,-0.462866,-0.0858305,0.156086,-0.239089,0.729376,0.0734005,0.331668,-0.593818,81.44329520887406,-10.217801923496056,3.5022829990970834,-15.001213887415222,4.626766606457338,-21.08296752411532,44.22515355353268,61.94396633512623,-0.0879505,0.0173096,-0.241956,0.474247,-0.263292,0.407827,0.734469
26.93238067626953,-0.17579220276442958,1.9291420220365998,2.2506143819288034,-0.06665567686297967,0.1301096004954045,-0.11528347575821359,0.0542199,0.347533,0.268932,0.322178,0.727627,0.39032,-0.463045,-0.0850762,0.153345,-0.238384,0.731859,0.0705659,0.327994,-0.593146,81.96201851630127,-9.988520784442352,3.435027531471329,-15.426489831783545,4.951321324658785,-21.745450754188788,44.5645198751865,61.630166619322466,-0.0874631,0.0150308,-0.239865,0.472358,-0.266261,0.412748,0.731862
26.966322422027588,-0.09047687232764921,1.8765782258426222,2.3452296607482097,-0.07201851449108088,0.13517724735333175,-0.10686849424745938,0.0542075,0.34754,0.26891,0.322149,0.727514,0.390457,-0.463127,-0.0857642,0.151851,-0.237847,0.730576,0.0674858,0.330983,-0.593426,81.90792874214742,-10.26588312417097,3.0313482414333297,-14.259773977934724,4.395085650250174,-22.2523827592248,45.71561675426208,63.38395881964028,-0.0873147,0.0131472,-0.238663,0.469127,-0.261978,0.412465,0.735636
27.001856803894043,-0.09117273581420882,1.9849553555114468,2.2380994985816827,-0.07166660561632568,0.133665773399199,-0.11818870572832306,0.0541981,0.347507,0.26889,0.321589,0.727688,0.390414,-0.463279,-0.0871716,0.150106,-0.23663,0.735131,0.0603289,0.331654,-0.588174,82.46049516619101,-9.724380562524907,2.092908408335582,-15.132129665876175,4.935017431598737,-22.696627216391754,45.37144262533422,61.84793293533421,-0.0885529,0.0113306,-0.236104,0.465643,-0.268776,0.419186,0.731586
27.036991357803345,-0.1693804192181987,2.0101364794978824,2.2470757926753,-0.06937205136143708,0.12927138971512026,-0.11556409298558132,0.0541979,0.347481,0.26886,0.321962,0.727429,0.390352,-0.463479,-0.0879834,0.14856,-0.235867,0.730055,0.0583318,0.329383,-0.595923,82.73736927478127,-10.722875313734775,2.4611872281546496,-15.43260616639996,4.815271361450428,-20.926762627151355,45.09414098277927,63.03224258267181,-0.0889689,0.00973678,-0.234672,0.464389,-0.269879,0.422334,0.730166
27.07160186767578,-0.08833044453460191,2.057796836718059,2.2533946195732053,-0.07117878409524875,0.13153023719960472,-0.12081908523481488,0.054199,0.347484,0.268805,0.322207,0.727125,0.390255,-0.463867,-0.0884585,0.146388,-0.234994,0.733193,0.0541094,0.327915,-0.593273,83.1608598507111,-10.355666729304144,2.0809549033674504,-16.098024452970467,5.388009211310248,-21.4781930323595,45.064404356407636,62.01154082333858,-0.0898736,0.00738271,-0.232027,0.465234,-0.273186,0.425947,0.72629
27.102121353149414,-0.07137049343770621,2.0317782362526575,2.25413996361772,-0.07241201835018159,0.13182470558827214,-0.11742384683528327,0.0541957,0.347459,0.268791,0.322313,0.726853,0.390158,-0.4643,-0.0886772,0.144191,-0.234083,0.734654,0.0506385,0.327928,-0.591762,83.39407326106061,-10.196710960730428,1.7383936524684938,-15.732274803048544,5.321740137275121,-22.24409411737514,45.72758667623593,62.381011046445906,-0.0897271,0.00556941,-0.230307,0.461708,-0.270979,0.42782,0.728263
27.137446403503418,-0.02289828026912418,2.1648783479714617,2.0601131621272826,-0.0726814134516825,0.1191294320337085,-0.12215818940417873,0.0542233,0.347458,0.268799,0.322178,0.727091,0.390224,-0.463967,-0.0887657,0.142732,-0.23335,0.733159,0.0461039,0.323364,-0.596479,84.17357700772959,-10.759493230469834,1.8028299284443623,-17.58809700074337,5.23784553490129,-20.419620097806963,44.6194877522876,62.0879962309365,-0.0898082,0.00383909,-0.228817,0.46229,-0.270788,0.430573,0.726339
27.170604705810547,-0.16296725449501764,2.0828466540052717,2.32901860266903,-0.09601777105457318,0.133531014702947,-0.12390149660443248,0.054216,0.347434,0.268737,0.322254,0.726891,0.390235,-0.464219,-0.088666,0.140561,-0.232592,0.733873,0.0419134,0.316504,-0.599582,85.10093320358297,-10.930385927600913,2.0088867878330525,-19.98654655770287,5.6187799738909945,-19.158338993332762,43.46790761899152,60.82541303858553,-0.0903365,0.00236623,-0.226805,0.462019,-0.28175,0.434376,0.72005
27.205350637435913,-0.15906214211156816,1.9840472909513578,2.34320872736499,-0.08736871526310247,0.13480499429655216,-0.11676493365563255,0.0542135,0.347438,0.268727,0.322351,0.726837,0.390248,-0.464224,-0.087988,0.139653,-0.232568,0.731817,0.0466135,0.317043,-0.601461,84.67769710629955,-11.104529265097227,2.4859032267363563,-17.30859231181901,6.152849981194599,-20.666839063045543,45.46628141037309,62.65717274172989,-0.0893929,0.00125135,-0.226318,0.464026,-0.277897,0.433714,0.720656
27.238755226135254,-0.0948411468065406,1.9635270735170705,2.254476200034037,-0.08453702998569056,0.13278919657811136,-0.11564294125669977,0.0542167,0.34744,0.268747,0.322213,0.726944,0.390221,-0.464174,-0.0872116,0.139127,-0.232438,0.733919,0.0446412,0.318176,-0.598443,84.75134990900075,-10.786845981852544,2.0906663152786376,-17.0666247824982,5.344168571499402,-21.45850486613879,45.87273650769857,63.07746905977065,-0.0886189,0.000693876,-0.226034,0.464356,-0.276275,0.43325,0.721346
27.273488759994507,-0.12364279493176372,1.9571303775057216,2.3474561016289046,-0.09984178275779701,0.13852164481943857,-0.11517757352468146,0.0542108,0.347445,0.268762,0.322222,0.726977,0.390172,-0.464158,-0.0862071,0.138386,-0.232245,0.735068,0.0433231,0.316185,-0.598185,85.03710834222393,-10.681799691394218,2.0722476020584146,-17.534831294519794,4.814148956839368,-21.4803549579646,45.73876016131353,63.12835547990465,-0.0875204,0.000205212,-0.22546,0.462349,-0.280539,0.434372,0.720314
27.309060096740723,-0.24445155612780584,2.0119245105000565,2.5846454681555078,-0.11746222039503745,0.15082616001468838,-0.1261775092994409,0.0542078,0.347442,0.268776,0.322207,0.727054,0.390081,-0.464124,-0.0848258,0.137335,-0.231873,0.735651,0.0435131,0.307886,-0.601773,85.78733156865655,-10.762740274289637,2.7288478958050337,-19.36820885338759,5.3023671091239635,-20.34060214894037,44.58275987816994,61.847156205283255,-0.0862224,-0.000728744,-0.224628,0.461829,-0.285022,0.43548,0.718216
27.343912839889526,-0.3610010579319494,2.046953345509182,2.531470316693795,-0.11773912460149659,0.15102406817245498,-0.13256806335751647,0.054214,0.347472,0.268792,0.32232,0.727063,0.390122,-0.463998,-0.0840447,0.136565,-0.23176,0.734496,0.0459906,0.306308,-0.603801,85.73225031456943,-10.925982753764702,3.1294354313233868,-18.31578189658276,5.65623894494243,-20.84632794073952,45.42824807970059,62.546327050268424,-0.0852562,-0.0016979,-0.224108,0.462701,-0.286154,0.433118,0.718632
27.379146575927734,-0.3542779843927517,2.1302643367349097,2.550679593280776,-0.13724841117426217,0.16202650709165264,-0.15200832236019637,0.054209,0.347457,0.268781,0.322465,0.727002,0.390078,-0.46403,-0.0826583,0.135755,-0.23183,0.734344,0.0513823,0.308376,-0.602498,85.1246355994723,-10.705410690449316,3.426886191623767,-14.880881104404605,5.8662877871558194,-23.35579587567083,47.98602711431478,64.38375660038972,-0.0844393,-0.00217429,-0.223486,0.462356,-0.288007,0.435699,0.716551
27.41391611099243,-0.7179922879869844,2.09646175574617,2.965609624088258,-0.19123160299512215,0.19695889552062482,-0.1744163586790034,0.0542024,0.347444,0.268769,0.322326,0.727076,0.390031,-0.46405,-0.0805937,0.135028,-0.231572,0.738243,0.044402,0.297618,-0.603696,86.66525100216691,-10.526370836368065,3.494396752121503,-20.464785787523606,4.478522523706573,-20.52130344741542,44.44927229605653,61.81965959687798,-0.083667,-0.00313157,-0.223018,0.470703,-0.291051,0.432856,0.711593
27.445027351379395,-0.5252321410347969,2.151252941458766,2.790807444878455,-0.14486868630290348,0.17239400152033077,-0.14875504571054754,0.0541881,0.347445,0.268751,0.322473,0.726992,0.389936,-0.464159,-0.0794171,0.134892,-0.231845,0.733968,0.0512244,0.295571,-0.609347,86.28636512974464,-11.047434723753977,4.480545421916759,-18.434507279249264,4.66179289356576,-20.824622394676325,45.68041772461784,63.48378989599173,-0.0829152,-0.00311048,-0.22318,0.472981,-0.29285,0.432661,0.70946
27.479494094848633,-0.33180679096087273,2.219791212852146,2.39989739487434,-0.09787237192811764,0.1459948101949437,-0.1440612968705912,0.0541982,0.347432,0.268732,0.322494,0.726983,0.39006,-0.464054,-0.0781753,0.135006,-0.232291,0.733768,0.0595318,0.295051,-0.609085,85.7234504827886,-10.791604631786116,5.237964729137023,-15.718861813611749,6.054303326198458,-22.926495956634092,47.539639048187915,63.975104628701864,-0.0822432,-0.00278908,-0.223584,0.472039,-0.294672,0.43227,0.709571
27.51179599761963,-0.24482840340574857,2.2185817470512252,2.486235054937672,-0.1121816676954482,0.1479349314816183,-0.14570767995496078,0.0542208,0.347414,0.268743,0.322522,0.72703,0.389983,-0.464026,-0.0778297,0.135114,-0.232136,0.735478,0.0526981,0.290826,-0.609685,86.62251756002172,-10.857175933365296,4.900582995509865,-19.71151094961854,4.651272859650376,-20.355505151141237,44.80916436743888,62.44142179694015,-0.0819247,-0.00280152,-0.223759,0.472271,-0.292677,0.432146,0.710318
27.54626441001892,-0.42340599730606926,2.1979913964088236,2.537635945285896,-0.12350003486775174,0.15604647851182357,-0.15350434934098123,0.0542353,0.347417,0.268742,0.322475,0.727156,0.389977,-0.463866,-0.0775086,0.135167,-0.232144,0.735268,0.0541448,0.288603,-0.610866,86.7259107405779,-10.89905785834738,5.195340160027776,-19.922379655288434,5.178850225454163,-20.102201596156135,44.58433597668517,61.93876455723893,-0.0819377,-0.00275489,-0.223863,0.474801,-0.293251,0.430979,0.709102
27.580073595046997,-0.4537734334403134,2.2422881923631635,2.6312961910361827,-0.10864247067264443,0.1659177693513067,-0.16061724723312326,0.0542426,0.347406,0.268743,0.32251,0.727025,0.38991,-0.464104,-0.0766723,0.135411,-0.232491,0.73337,0.061184,0.290019,-0.611812,86.04412033856102,-10.894299085790779,5.796381301098556,-17.026290701648183,5.613347024967588,-21.785453815078597,46.41326026335585,63.37009992414459,-0.0818423,-0.00277356,-0.224023,0.480207,-0.29247,0.4303,0.70619
27.61432456970215,-0.42077511515667937,2.310092541791994,2.4816601095756226,-0.0948739742260049,0.1579535303890561,-0.16354906977861647,0.054265,0.347402,0.268746,0.322552,0.727161,0.389976,-0.463805,-0.076278,0.135575,-0.232731,0.732561,0.0631961,0.292476,-0.611407,85.67339117835705,-10.927327508409807,5.789428993658873,-15.45135026224153,5.51093779539913,-22.64819259699147,47.49182054271328,64.49109831144833,-0.0818702,-0.00245734,-0.224319,0.481603,-0.294041,0.42991,0.704823
27.64858388900757,-0.5104673870644767,2.2761118053745597,2.4908942885283447,-0.08503045565107474,0.15774942911707052,-0.16296618577314156,0.0542595,0.347401,0.268733,0.32255,0.727119,0.389976,-0.463873,-0.0748622,0.136276,-0.233247,0.732073,0.0688835,0.289134,-0.612965,85.54807287724715,-10.84653195675881,6.56921199128022,-15.087882284092007,5.951582623862443,-22.90035884747747,47.57923934969724,64.24313007596042,-0.0817884,-0.00158388,-0.22492,0.483853,-0.301922,0.427783,0.701235
27.682151079177856,-0.36860222967834533,2.148427934826224,2.311867313390299,-0.07358671621285308,0.14095288457172492,-0.14171501294152522,0.0542553,0.347405,0.268736,0.322493,0.727108,0.390008,-0.463903,-0.0739284,0.136657,-0.233392,0.73357,0.0693692,0.285579,-0.612787,85.85823060337367,-10.649687864377839,6.8184353865642855,-16.431021858209416,5.885009943699259,-22.362854774843946,46.58970004097179,63.09504281185059,-0.0805137,-0.00174772,-0.225647,0.486306,-0.29347,0.426157,0.704111
27.715640544891357,-0.32228169850780203,2.1524466080201066,2.2889800241886475,-0.065101050721176,0.1358363002526353,-0.14048813037389185,0.0542589,0.347404,0.26873,0.322582,0.727105,0.389924,-0.463916,-0.0731445,0.137001,-0.233793,0.730296,0.0727982,0.28493,-0.616589,85.60716951630614,-11.070573002365379,7.3330923652942985,-15.566289815930073,5.423464264443197,-22.113821733826583,47.06282316266754,64.42706493042533,-0.0806645,-0.000760609,-0.226174,0.487111,-0.297755,0.425893,0.701912
27.750598669052124,-0.3611335452085609,2.148313512588001,2.3238750971446165,-0.0570371568237551,0.140062109058399,-0.1404767475623914,0.0542396,0.347399,0.268685,0.322558,0.72705,0.390105,-0.463868,-0.0721769,0.137345,-0.234114,0.72822,0.0773084,0.284324,-0.618772,85.30857261421995,-11.253248913187152,7.886190590284194,-14.19177827447086,5.4287505028905585,-22.462161150440686,47.83242031028367,65.43416911300228,-0.0810372,-0.000502666,-0.226332,0.49609,-0.305793,0.427503,0.691105
27.78680944442749,-0.4074110021409707,2.0883009016137404,2.3216066140528047,-0.06326491690135234,0.14255247051586045,-0.1372974145864631,0.0542428,0.347402,0.268678,0.322563,0.727011,0.390147,-0.463889,-0.0717106,0.137279,-0.234162,0.73053,0.0766736,0.283075,-0.616697,85.50161945583812,-10.921927621510479,7.8122496689741965,-14.9512947172522,5.466579594838656,-22.71227760230375,47.46491798282953,64.60570702228382,-0.0808173,-0.000800545,-0.226366,0.49499,-0.30364,0.424571,0.694642
27.82017493247986,-0.37948939881845917,2.1151234028510015,2.2494955289560825,-0.06324450688748602,0.1338712793996495,-0.13301591756084238,0.0542632,0.34739,0.268689,0.322599,0.727006,0.390122,-0.463893,-0.0722916,0.136741,-0.233689,0.727809,0.0757499,0.27966,-0.621568,85.82671288391887,-11.49451810113515,8.15804459574829,-15.924818797459768,5.8536103446562535,-21.03151962575061,46.58680185089112,64.26560972590761,-0.0809291,-0.00112364,-0.226,0.492936,-0.299821,0.425135,0.697411
27.856398582458496,-0.24759828086345523,2.1283994795828622,2.1538281872435565,-0.06482215069120664,0.13089699307895802,-0.13879444725542817,0.0542457,0.347398,0.268678,0.322538,0.72698,0.390164,-0.463941,-0.0731227,0.13623,-0.233573,0.729979,0.0737399,0.284483,-0.617059,85.58336602603893,-11.105153377347944,7.492112326243841,-14.767525105163497,5.932832867035174,-22.680612866948813,47.76570837373653,64.79409572378844,-0.0812089,-0.00157473,-0.225374,0.490273,-0.298113,0.427985,0.698276
27.889559507369995,-0.34547495043378224,2.128101616335912,2.264182443011219,-0.05754068836176464,0.13749240047987304,-0.1387963309508233,0.0542141,0.347404,0.268652,0.322454,0.726806,0.390288,-0.464168,-0.0737806,0.135913,-0.233439,0.729087,0.0721555,0.284952,-0.618085,85.64823424549574,-11.297318928711093,7.405181571837275,-14.96972540437078,5.700242764437036,-22.342986734198604,47.73767225978361,65.14230520802765,-0.081585,-0.00202065,-0.225005,0.490639,-0.296844,0.427747,0.698706
27.93240714073181,-0.2437250982231837,2.003151305128573,2.337542186519378,-0.07258831478153406,0.13815688162533665,-0.12600075235896926,0.0542273,0.347405,0.268658,0.32239,0.726877,0.390205,-0.464171,-0.0735011,0.13541,-0.233078,0.732999,0.0684275,0.285949,-0.613403,85.89265950048097,-10.762871328399441,6.786502372913866,-15.522064552289049,5.20253869112701,-22.962258813356236,47.533968310561036,64.50001677030261,-0.0807484,-0.002644,-0.224663,0.485586,-0.297132,0.427584,0.702204
27.967275857925415,-0.3793620184475379,2.0758242921600782,2.2910495363912404,-0.06358372650310724,0.13850550653164942,-0.13177166491707623,0.0542165,0.347401,0.268642,0.322482,0.726853,0.390233,-0.464121,-0.0730979,0.134642,-0.232869,0.731269,0.0695925,0.28496,-0.615792,85.86435812736347,-11.039143463547012,7.060310494618793,-14.715493158877454,5.256715706072811,-23.033728545853513,48.15338077569901,65.39235266889848,-0.0804111,-0.00334142,-0.22376,0.48452,-0.301963,0.428611,0.700251
28.002929210662842,-0.28370318222721236,2.1002345739885526,2.309072418080965,-0.06496882547721634,0.13869277073363287,-0.13282777677362548,0.0542034,0.347402,0.268639,0.322577,0.726842,0.390209,-0.464093,-0.0731771,0.133399,-0.232222,0.734268,0.065485,0.282178,-0.613952,86.44537626760359,-10.767740734004477,6.7739730288080935,-16.336433144138635,5.614172846940001,-22.756841590401557,47.3157769076905,63.94218286406825,-0.080034,-0.00492673,-0.22245,0.486298,-0.301459,0.429502,0.698687
28.037219524383545,-0.3342353769618229,2.0921402356940195,2.271352011229954,-0.07473419154866023,0.13390892392044879,-0.12762894837400662,0.0542127,0.3474,0.268661,0.322737,0.726928,0.390127,-0.463916,-0.0736705,0.132485,-0.231652,0.736106,0.0587006,0.278935,-0.613919,87.24333823915056,-10.813036632342943,6.34280687260388,-19.331518915266624,5.390309324763955,-21.05008479418285,45.50763072168812,62.3814485721915,-0.0793385,-0.00573594,-0.221937,0.478767,-0.297067,0.43044,0.705163
28.070921659469604,-0.28800915674592426,2.064051479573619,2.2227575435230116,-0.07508589402807242,0.13592590528249787,-0.13272811981250082,0.0541934,0.34741,0.26867,0.322752,0.726915,0.389974,-0.464054,-0.0751721,0.131025,-0.230948,0.73724,0.0533954,0.285919,-0.609817,87.00549835284805,-10.645973857946373,5.270664718281775,-17.748454155009146,4.890293041112912,-22.60899122751811,47.014051389984864,63.82182524224339,-0.0794864,-0.00703284,-0.220352,0.473938,-0.299611,0.434587,0.704805
28.10486650466919,-0.3502620457080437,2.0140245922743856,2.2195057914928746,-0.10970021766406542,0.15719899546823263,-0.17303656156317643,0.0541723,0.347434,0.268665,0.322882,0.72687,0.390105,-0.463924,-0.0764635,0.129895,-0.230364,0.7406,0.0487898,0.286982,-0.605617,87.2737647439044,-10.240009737950576,4.618868183532715,-18.51171159265237,5.868971511187887,-23.154773389207,46.909500957270794,62.49429154397903,-0.0787662,-0.00904421,-0.219381,0.47026,-0.291893,0.436995,0.709006
28.140621423721313,-1.0826684612874269,1.8846507845699514,2.5968595097414076,-0.13677183303940374,0.20140415160301622,-0.21779526575537478,0.0540789,0.347409,0.268641,0.324519,0.725964,0.390739,-0.463666,-0.0771202,0.128901,-0.229849,0.743199,0.0395154,0.287405,-0.602903,87.77469207343145,-10.242667856832854,3.754800708430494,-21.612948693935113,4.87392715620318,-21.187911302905654,44.7848861044998,61.25816628310793,-0.0780703,-0.00971684,-0.218656,0.463978,-0.29392,0.438253,0.711526
28.175374269485474,-0.8117683734397029,1.9654772255479585,2.3900118155899057,-0.11303699732573648,0.18444178947284323,-0.21755576384858513,0.0540758,0.347416,0.268643,0.324611,0.725986,0.39063,-0.46366,-0.0773334,0.128569,-0.229898,0.742888,0.0378334,0.290994,-0.601672,87.55503809255629,-10.270195543192626,3.327488264611768,-20.8114859931329,4.096731040606002,-21.871073022749066,45.56616034473477,62.505135453801635,-0.0766946,-0.0100726,-0.218497,0.45958,-0.296778,0.43823,0.713207
28.211196899414062,-1.2543894937836,1.8146652918387645,2.5726093321033128,-0.15532765524600037,0.21465011561278347,-0.2662971413503285,0.0540445,0.347465,0.268673,0.323962,0.726263,0.390518,-0.463774,-0.0776451,0.12802,-0.229696,0.750056,0.0278772,0.295445,-0.59106,87.97865658347463,-9.190985053592286,1.7025247834166404,-22.475029160346235,2.5757262561289025,-23.275105184073972,45.33788312480719,61.81475877691218,-0.0746124,-0.0103536,-0.218433,0.446854,-0.301072,0.438409,0.719357
28.24518060684204,-1.2246303457502075,1.7857244406881043,2.533802028312569,-0.1574884013105011,0.21511205236070274,-0.2612618032248059,0.053981,0.347497,0.268686,0.324971,0.725937,0.390981,-0.463188,-0.0774449,0.1279,-0.229759,0.753968,0.0234076,0.301029,-0.583409,87.71242378057839,-8.626110379391152,0.6663735705880889,-22.31631124321375,1.7317674227869873,-24.258753835041283,45.46392927803639,61.686700816209004,-0.0730882,-0.0105165,-0.218403,0.444786,-0.299509,0.438389,0.721301
28.278383255004883,-1.3550663555805096,1.694610437619841,2.6316644212917133,-0.17828318385162167,0.21987423403927459,-0.25850361149269063,0.0539231,0.347585,0.268775,0.324333,0.726208,0.3915,-0.462771,-0.077224,0.12746,-0.229821,0.751905,0.022519,0.302525,-0.58533,87.73545454685043,-9.028517629819175,0.5686855196090566,-21.49377627818173,0.8995738064810581,-24.704180793988762,46.610393396540225,63.77612515735198,-0.07087,-0.010928,-0.218264,0.439342,-0.300854,0.436407,0.725269
28.31492781639099,-1.3649787680918253,1.548391413601897,2.681269167976696,-0.2013800882871063,0.22197599543017946,-0.26909401625316115,0.0539462,0.347661,0.268948,0.324137,0.728163,0.390462,-0.46071,-0.0759959,0.126702,-0.229766,0.756466,0.0192921,0.303628,-0.578963,87.92993653356615,-8.369503403513265,-0.38376692206495555,-21.216693791668828,1.6642129875386757,-26.34326614198816,47.36828943938249,62.90354642126737,-0.0674986,-0.0113482,-0.218222,0.430135,-0.303133,0.438225,0.728734
28.34811496734619,-1.7397780772107327,1.5320476640090261,2.789519674389376,-0.2182258910522459,0.2541535127587681,-0.33031597226498605,0.0539221,0.347732,0.26903,0.323943,0.728885,0.390471,-0.459695,-0.0752849,0.12622,-0.229705,0.756254,0.018615,0.307723,-0.577096,87.6493497186725,-8.408313380081406,-0.8853545284566131,-19.16865753018774,1.0473832893777342,-27.75967448521174,49.061574110814824,64.69672789146297,-0.065613,-0.0117796,-0.218214,0.425783,-0.301814,0.433952,0.734372
28.383079290390015,-2.2956031737959717,1.7065479948655757,3.0853399894627738,-0.25847003208870906,0.3016391512598658,-0.4296971874494486,0.0538321,0.347763,0.269072,0.324492,0.728874,0.39019,-0.459565,-0.0745464,0.125479,-0.229616,0.761321,0.0127524,0.309717,-0.569477,87.79896100159972,-7.621274283591534,-1.8672298570261319,-20.222933426576024,-0.08256479884526868,-28.747770518376107,48.79408445839149,64.11013144769771,-0.0633652,-0.0126815,-0.217696,0.421602,-0.305156,0.434243,0.735231
28.4188814163208,-2.8427447066022187,1.669940875110163,3.387274529707087,-0.29984099558027133,0.338358094356782,-0.512324905527806,0.0537181,0.347812,0.269069,0.325114,0.729209,0.389386,-0.459275,-0.0737135,0.124162,-0.229437,0.76115,0.0111134,0.30979,-0.569699,87.82484741138978,-7.6904517980608444,-2.097521523770549,-19.89632929967267,-0.7566102167615654,-29.268511695334446,49.4564989687831,65.14193147079683,-0.0611781,-0.0129525,-0.217563,0.412849,-0.308027,0.43343,0.739468
28.451831340789795,-3.026981640778784,1.5866364816166345,3.4085313207238346,-0.32664784322592005,0.35252065520096637,-0.5487254147258099,0.0536856,0.347844,0.269122,0.325881,0.729109,0.389423,-0.458858,-0.0730743,0.123995,-0.229501,0.764187,0.00556843,0.309512,-0.565853,88.15942422254754,-7.352370936448293,-2.7348711248453164,-22.13457852248315,-1.6470404616124625,-28.656958659541253,48.12837004229452,64.04715147835269,-0.0595659,-0.0135932,-0.217368,0.410616,-0.306419,0.433324,0.741439
28.486706256866455,-3.209374478976545,1.5714298174688914,3.4602249660426305,-0.32906377691521066,0.37434780790548916,-0.5843950151457284,0.0536827,0.347873,0.269128,0.325959,0.729232,0.38936,-0.458662,-0.0727042,0.123738,-0.229503,0.764676,0.00915498,0.313698,-0.562832,87.4924294845706,-7.089999411264054,-2.8387066503312717,-18.941087149775502,-1.389444332227363,-30.8683843243601,50.26484146007689,65.31231411770814,-0.0591474,-0.0137926,-0.217234,0.41122,-0.30853,0.434599,0.73948
28.52124261856079,-3.408928712423056,1.7310023437561162,3.4564573055944905,-0.3354680739365948,0.3744727648087004,-0.6282334570659287,0.0535972,0.347922,0.269179,0.32606,0.729165,0.389602,-0.458491,-0.0721754,0.123182,-0.229342,0.767454,0.00181541,0.310315,-0.560995,88.32260051694452,-6.871684523330411,-3.325899008978819,-22.47811592777281,-2.346401066150996,-29.617046640651715,48.3695613973808,63.946946431878686,-0.0578585,-0.0140042,-0.217082,0.407499,-0.311074,0.434381,0.740601
28.555203199386597,-3.4965519385675514,1.7884410940579025,3.5023737366542522,-0.3402383605355625,0.3831437409709402,-0.6440697819051339,0.0535618,0.347951,0.269208,0.327398,0.729252,0.387965,-0.458787,-0.0721169,0.12291,-0.229354,0.76667,0.00281369,0.312449,-0.560879,87.83904861737722,-6.866579242666859,-3.473581134804725,-21.669264530870056,-2.7166742390545267,-29.954112529175497,48.68181766306029,64.47576155347544,-0.0567148,-0.0141879,-0.217233,0.405121,-0.309813,0.434844,0.742161
28.58992624282837,-3.477828997103446,1.7067441781642247,3.393683568032524,-0.333056387275566,0.37800360304112046,-0.6526912318991384,0.0535848,0.347982,0.26923,0.326768,0.728836,0.390352,-0.45787,-0.0718672,0.122943,-0.229425,0.766927,0.00354222,0.313695,-0.559827,87.84180764320342,-6.982157095841515,-3.3981327653377544,-20.57409967446731,-2.2526376373972568,-30.56757319611888,49.62872759940097,65.13165224037688,-0.0562459,-0.0140095,-0.217245,0.402365,-0.312224,0.43688,0.741454
28.625128269195557,-3.477004713001242,1.612407766548644,3.290922631975684,-0.3291560152548319,0.3730457145363293,-0.6325966163227646,0.0535944,0.347972,0.269317,0.326895,0.729613,0.388167,-0.458399,-0.0717142,0.123007,-0.22943,0.76753,0.00322551,0.313731,-0.558981,87.75288588958735,-6.6909004238446865,-3.635429738369213,-20.848757657150014,-2.767446628743201,-30.888578213386786,49.45064822213432,64.88295075349328,-0.0557856,-0.0138689,-0.21742,0.401519,-0.310815,0.431702,0.745527
28.65676736831665,-3.083522752018297,1.7298361790710328,3.1362511285702928,-0.3100051959267211,0.3558895626320951,-0.6182118974466693,0.0536265,0.34797,0.269363,0.3272,0.729934,0.388002,-0.457811,-0.071445,0.123052,-0.229511,0.766671,0.00438903,0.313257,-0.560417,87.70236158073742,-6.882876933804674,-3.5121870370747708,-20.636945081755233,-2.330475659304973,-30.611556722558966,49.488391604462116,64.91810689580045,-0.0555946,-0.0140182,-0.21734,0.405159,-0.311985,0.436327,0.740358
28.692415952682495,-3.2705694438026516,1.5640016254246463,3.533365053975951,-0.35855328938837994,0.37975556707710323,-0.641460415961492,0.0535894,0.347993,0.269347,0.326947,0.729809,0.388196,-0.458026,-0.0712319,0.122839,-0.229528,0.766581,0.0035772,0.311559,-0.561491,87.95325476152311,-6.942611639059775,-3.3965568677597524,-21.37424661309544,-2.660964053517965,-30.362544231446016,49.26343079783038,65.00566005636996,-0.0552113,-0.0142332,-0.217288,0.403673,-0.313134,0.437283,0.740121
28.727907419204712,-3.1727217039390223,1.4125154749219186,3.50582703142716,-0.3798040055731611,0.37261291855743606,-0.6249308482122314,0.0535629,0.347984,0.269353,0.327083,0.729761,0.388049,-0.458132,-0.0706723,0.122804,-0.229579,0.769619,0.000438136,0.315467,-0.555127,87.74463687072786,-6.349896698248233,-4.180892971006335,-21.009080910298795,-4.039761971630192,-31.65997442095722,49.66408125435769,65.3483939195838,-0.0544406,-0.0138744,-0.217594,0.399887,-0.312941,0.434563,0.743851
28.764509916305542,-3.12018371970235,1.4531166228225252,3.4505758000087843,-0.38064913838158637,0.36799711103494614,-0.610403597831451,0.0535881,0.347998,0.269386,0.327077,0.729924,0.388137,-0.457802,-0.0703005,0.122538,-0.229521,0.766908,0.00161308,0.312306,-0.560638,88.00861545111773,-6.931660287233769,-3.6736766897327193,-21.46775156034722,-3.82978697965644,-30.57856123258241,49.45188874133906,65.88731514086554,-0.0544087,-0.0146079,-0.216916,0.405135,-0.315582,0.435219,0.739499
28.7977192401886,-3.0078807492790816,1.3974427304403023,3.562021505105192,-0.39803395067543784,0.36188463308102925,-0.5869523218247799,0.0535976,0.347991,0.269388,0.327111,0.72997,0.388086,-0.457746,-0.069873,0.122383,-0.229507,0.76914,0.000611444,0.31155,-0.557996,88.12827493666269,-6.560210612152253,-3.8329393173184965,-21.93628792869097,-3.740690339408552,-30.917964468752167,49.19433965870397,65.06028191776417,-0.0537147,-0.0144055,-0.217254,0.400985,-0.312111,0.433047,0.744492
28.831865549087524,-2.660546765580175,1.5086319943830129,3.574707752779911,-0.4013147049625923,0.35523758193005667,-0.5798071428796144,0.0535869,0.347989,0.269412,0.327128,0.730073,0.387989,-0.457652,-0.0694028,0.122053,-0.229436,0.76699,0.00411899,0.309769,-0.561919,88.0687487236208,-6.91852118362255,-3.2736489190300233,-20.9559220740944,-3.332815563574947,-30.916697950371493,49.8375111995121,65.90035071691355,-0.0534354,-0.0149215,-0.216703,0.404125,-0.314432,0.437689,0.739084
28.86717915534973,-2.8250392317811808,1.307494002479067,3.720860052834353,-0.4305478496518006,0.36842371570344,-0.5780827572711776,0.0535564,0.347985,0.269412,0.327282,0.72984,0.387888,-0.457999,-0.0690962,0.121872,-0.229348,0.768093,0.00260872,0.31111,-0.559675,88.00547955505934,-6.691507906714293,-3.5514627093843565,-20.895355760402456,-4.213820933797635,-31.39316976183597,49.954615418897454,66.23479942390726,-0.0528675,-0.0152191,-0.216801,0.400814,-0.311258,0.432897,0.745028
28.89916205406189,-2.8666195604612428,1.452577357642319,3.7911972843609507,-0.42725909545500684,0.36924532668225246,-0.571328972602197,0.0535891,0.347976,0.269404,0.327232,0.730086,0.387932,-0.457605,-0.0685842,0.121437,-0.229207,0.767782,0.00364901,0.308503,-0.561537,88.20575138183465,-6.816234238215698,-3.2576813296991727,-20.94662094907115,-3.588994431383867,-31.15338014437689,49.94300710082947,66.0120283546417,-0.0527676,-0.0157338,-0.216308,0.403086,-0.311297,0.43426,0.74299
28.93823266029358,-2.6734480670849585,1.5440109069210342,3.8271097816771054,-0.44400513277204934,0.36898743736757067,-0.5835537002209864,0.053573,0.347966,0.269393,0.327362,0.729894,0.387923,-0.457825,-0.0684857,0.121275,-0.229144,0.76877,0.00355262,0.307352,-0.560816,88.29381391078311,-6.648697571854083,-3.1967919052765037,-21.35407011134127,-3.4102940054285753,-31.15228667290537,49.65297701848488,65.40964104877594,-0.0527668,-0.0159196,-0.216038,0.404405,-0.312362,0.43701,0.740208
28.97258162498474,-2.8356897598279227,1.3594777156560356,3.9704777609806245,-0.4690285396033676,0.3902138177819973,-0.6067672224500746,0.0535634,0.34796,0.269374,0.327351,0.72985,0.387965,-0.457868,-0.068414,0.120722,-0.228899,0.769156,0.00314001,0.307706,-0.560095,88.28685646295575,-6.57778216297056,-3.2762307019503556,-20.881648554968532,-3.4157494711802343,-31.607849359988656,50.06839053926215,65.65550359322731,-0.0528439,-0.016521,-0.215642,0.404803,-0.312172,0.435063,0.741218
29.007802724838257,-3.021830027543231,1.3625280764209788,3.959389960537182,-0.4707053470232225,0.39330707245411206,-0.6245706128552416,0.053585,0.347957,0.269391,0.327413,0.729881,0.387904,-0.457827,-0.0682488,0.12029,-0.228698,0.767622,0.00321167,0.306291,-0.562966,88.42362645004167,-6.89443460843135,-3.070045505202181,-21.019367967950767,-3.4762378268968774,-31.107046311317525,50.049162971932894,66.1405379734919,-0.0529101,-0.0168669,-0.215019,0.404855,-0.314744,0.435981,0.739561
29.04329538345337,-3.171773016400469,1.2961719750376954,4.0233904280545225,-0.4926696368476219,0.39997060435311815,-0.6383086026648229,0.0535808,0.347961,0.269378,0.327371,0.729855,0.387991,-0.457824,-0.0680685,0.119805,-0.22848,0.769974,0.000251703,0.305975,-0.559928,88.65192998939543,-6.5386334906348225,-3.4234279551703057,-21.77244127200449,-3.642818158348611,-31.371596160842877,49.73660932218017,65.42109477647078,-0.0525031,-0.0172137,-0.214744,0.402749,-0.31313,0.4367,0.74097
29.076740026474,-3.255864065483285,1.3538525655904907,4.024525650885915,-0.49545801061065203,0.3948033092720418,-0.6574287410031049,0.0535657,0.347965,0.269361,0.327313,0.729843,0.388015,-0.457864,-0.067766,0.119026,-0.228201,0.767534,0.00188528,0.304482,-0.564074,88.70668035169454,-6.983284907375872,-3.012729979109258,-21.0252722845409,-3.643072107706047,-31.27032211840571,50.408760905102284,66.61134100120687,-0.0529338,-0.01755,-0.213725,0.404645,-0.324918,0.440437,0.732602
29.114464044570923,-3.263940420744563,1.1936383980427405,4.184579836393108,-0.528388146731575,0.4075895057667262,-0.6399645094973758,0.0535629,0.34796,0.26937,0.327372,0.729859,0.387944,-0.457856,-0.0674668,0.11843,-0.227899,0.768508,0.000101425,0.304362,-0.562813,88.82845084326085,-6.845116564213081,-3.217198129041263,-21.165692138896116,-3.92592252365489,-31.50823048761557,50.44690891433604,66.60627838452871,-0.0522873,-0.0184146,-0.213192,0.404197,-0.318388,0.437407,0.737516
29.14843440055847,-3.009531202880894,1.117676749296945,4.267120064571338,-0.5499634633814102,0.404366797213921,-0.6244331442551386,0.0535604,0.34796,0.26938,0.327379,0.729891,0.387892,-0.457845,-0.0670488,0.117254,-0.227343,0.768744,0.000260925,0.301975,-0.563777,89.04305684870162,-6.848748475316091,-3.0192051074524837,-20.910002537651582,-3.429185855014211,-31.757986444002633,50.7854853783592,66.50457740281968,-0.0519819,-0.0194263,-0.212171,0.405061,-0.318682,0.438468,0.736283
29.182888507843018,-3.1841396715047408,0.7857324533151563,4.347894697845962,-0.5888677570761416,0.4143483887871452,-0.6206752140906318,0.0535978,0.347943,0.269377,0.327777,0.729918,0.387776,-0.457615,-0.0664934,0.11569,-0.226547,0.768151,-0.00232912,0.296949,-0.567238,89.67302772441991,-7.1559050937684425,-2.8078527359537926,-22.392454147814302,-3.137371443629874,-30.506161038795604,49.959204822220485,66.099957433667,-0.051646,-0.0212849,-0.210241,0.406795,-0.318815,0.43969,0.734539
29.219212770462036,-2.8023094033496014,0.5566943939152778,4.07198590613741,-0.5830583778595002,0.3769110325210775,-0.5603278616087015,0.053578,0.347951,0.269378,0.327191,0.730305,0.387996,-0.457232,-0.0656322,0.113347,-0.225296,0.769006,-0.00460983,0.29301,-0.568115,90.29079324049397,-7.152388590432996,-2.758818393381187,-22.139424716928044,-2.653650792121546,-31.02826035762225,50.65677121782835,66.19323724077717,-0.0513314,-0.0233695,-0.2079,0.405109,-0.321886,0.4446,0.731168
29.25412654876709,-2.6043851607424937,0.24203287794520884,3.9644945129357723,-0.5779671003687485,0.3537105909200943,-0.4929368015037753,0.0535771,0.347941,0.269373,0.327501,0.729779,0.387899,-0.457931,-0.0653333,0.111388,-0.224364,0.765961,-0.0048138,0.285107,-0.57619,91.01525777091352,-7.8422564719690335,-1.8852661743402361,-23.747379785439495,-2.326799614135723,-29.278515552975428,49.94572534371978,66.36675417029284,-0.0511962,-0.0252385,-0.205565,0.40652,-0.323064,0.444961,0.729644
29.289462566375732,-1.8366344475171499,-0.14729527067537254,3.506937363231634,-0.5650050162672087,0.2995752383112386,-0.3762126068872438,0.0536129,0.347927,0.269375,0.327877,0.729893,0.387705,-0.457644,-0.0646959,0.109163,-0.223205,0.766717,-0.00823406,0.284579,-0.575405,91.26614385303289,-7.810436799024205,-2.218980002502162,-23.21265413977741,-2.465491051760644,-29.88594807490083,50.632968186323104,66.8659261053309,-0.050837,-0.0275116,-0.203032,0.406123,-0.325598,0.449016,0.726247
29.324512720108032,-1.4819505843615723,-0.37546054337939383,3.431277898797421,-0.5509794324205609,0.27672482846050334,-0.3052339578486418,0.0535967,0.347947,0.26938,0.327477,0.729877,0.387821,-0.457857,-0.0642031,0.107031,-0.221978,0.767643,-0.00925114,0.281541,-0.57565,91.66254338027906,-7.699298243231293,-2.0831601333380085,-22.578561353155703,-1.943918920733502,-30.75527580531716,51.48364068822906,66.93708648110864,-0.0504477,-0.0297104,-0.200419,0.404694,-0.325967,0.45029,0.726091
29.3579740524292,-1.4001671151003874,-0.5176721036025438,3.308388508756517,-0.5373953142716349,0.2599401529674862,-0.2748770790411615,0.0536248,0.347923,0.269351,0.32801,0.729825,0.387627,-0.457723,-0.0640448,0.104191,-0.220398,0.767684,-0.0131523,0.279273,-0.576624,92.09274128137777,-7.835834401324806,-2.2601954615029047,-22.46901045775829,-1.5255952883493507,-30.831276765042468,51.903564828271094,67.10834762655209,-0.0505793,-0.031953,-0.197259,0.402057,-0.329364,0.454344,0.723492
29.39175319671631,-1.3155998293486868,-0.6903154798786422,3.000132829781646,-0.5019406202374684,0.24110585331059936,-0.25783788394496904,0.0536414,0.34793,0.269325,0.327618,0.729225,0.390044,-0.456905,-0.0642588,0.102454,-0.219422,0.765324,-0.0172982,0.276478,-0.580982,92.80988371307438,-8.630973395112042,-2.1485391189116108,-23.334627026593427,-1.25854507609845,-29.531010690352623,51.95056096833499,68.00821670238376,-0.0507304,-0.0335805,-0.195141,0.403458,-0.330235,0.457844,0.720101
29.42520570755005,-1.384576708041357,-0.9318995059850248,2.7412838512556914,-0.46411511268572325,0.2289438340342742,-0.262720638762049,0.0536026,0.347921,0.269345,0.327727,0.729681,0.387872,-0.457948,-0.0645115,0.10031,-0.218087,0.765062,-0.0182992,0.271556,-0.583611,93.23089118456983,-8.560508371488316,-1.9259657901385676,-23.82365935860589,-0.6756035730688552,-29.54669263705147,51.871139123474144,67.43590282797372,-0.051038,-0.0353554,-0.192542,0.40116,-0.332649,0.461554,0.717902
29.46084713935852,-1.673044077233786,-0.9151483913895463,2.405794743048349,-0.4182645618756173,0.22242227935357992,-0.29577420880508604,0.0535994,0.34792,0.269356,0.327699,0.729703,0.387781,-0.45801,-0.0649009,0.0980845,-0.216549,0.765911,-0.0238729,0.270465,-0.582802,93.72561096393808,-8.50894692490418,-2.379832031736978,-24.242389858650018,-0.5659443829702369,-29.6498598592027,51.988122952418,67.31970911559637,-0.05121,-0.0374975,-0.189731,0.398949,-0.33529,0.466459,0.714728
29.49726676940918,-1.6227352010765785,-0.7342073873470661,2.2035034560673936,-0.38269671944899475,0.2081269317251824,-0.3102973432955631,0.0536491,0.347893,0.269351,0.328092,0.729793,0.387598,-0.45774,-0.0654272,0.0958534,-0.21496,0.766452,-0.0309017,0.268934,-0.58247,94.32711054096374,-8.57083370069897,-2.9504702249490684,-25.453046100956367,-0.3326976267386499,-28.95930540256817,51.445552490386476,66.79389230105848,-0.0515443,-0.0394002,-0.18704,0.395055,-0.336633,0.468985,0.714607
29.53119993209839,-1.8312676735217932,-0.7614287392440514,2.110512132599169,-0.38250541199622157,0.20991106997487596,-0.3225041266948005,0.0536568,0.347908,0.2693,0.327597,0.729094,0.390115,-0.457069,-0.0659665,0.0930591,-0.213117,0.765514,-0.0325746,0.268427,-0.583845,94.65379304601302,-9.000860037752386,-2.8656011828210968,-23.465503311079043,1.2077395656869996,-29.852237103071595,52.70532323007445,67.72723329328862,-0.0517821,-0.0419235,-0.183507,0.392638,-0.336083,0.474941,0.71226
29.562739849090576,-1.8740000604243292,-1.1582344493909718,2.472278002369192,-0.4150863102498395,0.22039950079133086,-0.3028528340013754,0.0536516,0.347897,0.269249,0.328088,0.729044,0.389734,-0.457122,-0.0661245,0.0907095,-0.211679,0.762866,-0.0376677,0.264109,-0.58895,95.36763294934535,-9.628817827883235,-2.889888351299698,-25.045813827062066,0.9007227542769058,-28.248405156680043,52.47984234488062,68.29338653638835,-0.0521518,-0.0438165,-0.180468,0.390391,-0.337843,0.47915,0.70984
29.59553074836731,-1.8404296780001923,-1.0552381844042253,2.226859833849312,-0.3969316946278378,0.20249251786878442,-0.28764869519310365,0.0536651,0.347893,0.269262,0.328051,0.729031,0.389739,-0.457165,-0.0659975,0.0890338,-0.210555,0.761905,-0.0374335,0.260287,-0.591904,95.71291815289138,-9.871600513991797,-2.5245927188708297,-24.757509037208916,1.7818361895721466,-28.193201670051543,52.65571511186562,68.33049666383538,-0.052338,-0.0450851,-0.178351,0.390315,-0.340086,0.482927,0.706242
29.629817485809326,-1.0677226075360726,-0.5606684512169449,2.0772586420461376,-0.32218961604573954,0.1652035056379589,-0.21586668532940426,0.0536974,0.347883,0.269268,0.328002,0.729189,0.389622,-0.457048,-0.0660276,0.0863121,-0.208635,0.762301,-0.0417374,0.256068,-0.592946,96.41786685397867,-9.929078618989818,-2.634766730539962,-25.296050198422318,2.6231084278198935,-28.142986225925448,52.551817682491134,67.89942672771721,-0.0526901,-0.047407,-0.174912,0.390529,-0.34323,0.484688,0.70339
29.66250967979431,-0.9350749670775826,-0.3757230955885329,1.8321802117191497,-0.2757990537710138,0.14297781629754655,-0.2299862343346541,0.0536973,0.347823,0.269192,0.327237,0.729451,0.388756,-0.457914,-0.0670539,0.0837764,-0.2066,0.756013,-0.0431042,0.246748,-0.604733,97.42683400589435,-11.090813175143179,-1.801888339494937,-26.667574828165183,3.1356688568119964,-25.74670304891965,52.44158589703132,68.73208086862348,-0.053534,-0.0491548,-0.171908,0.387772,-0.347175,0.490796,0.698729
29.6973135471344,-1.1982617916216063,-0.48473102007959307,1.6341937706870548,-0.25382627172136857,0.1461776200783829,-0.24685007916220264,0.0536755,0.347821,0.269184,0.327446,0.729316,0.388864,-0.457889,-0.0673637,0.0822775,-0.205417,0.757125,-0.0480231,0.248011,-0.60245,97.64660749722991,-10.940619106905668,-2.384870226209454,-26.668226337639414,2.9355486567794458,-26.144070125144715,52.57506589049261,68.81454110798133,-0.0539113,-0.0510426,-0.169322,0.38704,-0.346273,0.489414,0.700549
29.731061220169067,-1.357474299000357,-0.5396462632010309,1.8922634605071917,-0.271928319402963,0.15211434452898798,-0.2371150041880939,0.0536959,0.347794,0.269217,0.327697,0.729975,0.386326,-0.458806,-0.0674481,0.0794068,-0.203156,0.756292,-0.051587,0.241863,-0.605692,98.33886238049021,-10.97390676420493,-2.3396539465248196,-27.57678628299387,3.1691618749671804,-25.717222096310415,52.258532831502635,68.39506752982089,-0.0539496,-0.0532234,-0.165813,0.382571,-0.346492,0.499433,0.695809
29.762926816940308,-1.1979353280015261,-0.1825631069671962,1.748999444483148,-0.2419583256616567,0.14604540223253817,-0.24928734785047085,0.0537654,0.347757,0.269174,0.32762,0.729262,0.388487,-0.458171,-0.0675754,0.0772394,-0.201498,0.754511,-0.053669,0.238885,-0.608906,98.85801511660803,-11.586215655882956,-2.1261236998909734,-27.208215641955814,4.191147403142395,-25.19242457400538,52.61737998964512,68.96637072287542,-0.0539385,-0.0554532,-0.162764,0.386624,-0.343077,0.505732,0.690692
29.79743719100952,-1.244602720854189,-0.0025934237733488056,1.749060009374602,-0.2311874339903457,0.14871984460086587,-0.2673876055034553,0.0537413,0.34776,0.269134,0.327474,0.729112,0.388669,-0.458358,-0.0677206,0.0754987,-0.200199,0.755502,-0.0577915,0.237496,-0.607842,99.29622424632564,-11.463261812428096,-2.409921065306948,-27.603268161249826,4.29573087585166,-25.51986108493896,52.70961042688181,68.8515323134668,-0.0539671,-0.0569596,-0.160576,0.385327,-0.340701,0.510055,0.689413
29.831363439559937,-0.8286055965648926,0.8050811703178536,1.5767404466436363,-0.18343629407724976,0.131587581713595,-0.259349242377387,0.0537026,0.347755,0.269107,0.32786,0.729819,0.386069,-0.459154,-0.0681659,0.072778,-0.198167,0.756344,-0.0655693,0.236349,-0.606451,99.82125472581076,-11.123497409233135,-3.213898565970265,-28.64996633157234,3.5785978281077817,-25.873921618004353,52.69878947385244,68.75482291113552,-0.054053,-0.059664,-0.156788,0.383291,-0.339823,0.511655,0.689795
29.86452007293701,-1.0683683429008295,0.7923976772083658,1.613814541651587,-0.17337162632929926,0.13206740584204904,-0.25083939344935274,0.0537349,0.34775,0.269111,0.327259,0.729629,0.388556,-0.457786,-0.0684899,0.0709959,-0.196573,0.755785,-0.0681795,0.233371,-0.608012,100.47347612850098,-11.557454631373567,-3.1763486685274493,-28.506032927376836,5.376542087503545,-25.66357275333211,52.81313835521632,68.57020452174514,-0.0542131,-0.0610002,-0.153888,0.383814,-0.343042,0.518705,0.682609
