# Timestamp, Fx, Fy, Fz, Tx, Ty, Tz, FemurPosX, FemurPosY, FemurPosZ, FemurQuatW, FemurQuatX, FemurQuatY, FemurQuatZ, TibiaPosX, TibiaPosY, TibiaPosZ, TibiaQuatW, TibiaQuatX, TibiaQuatY, TibiaQuatZ, Flexion, Adduction, Rotation, Anterior_Posterior, Medial_Lateral, Proximal_Distal, Medial_Joint_Gap, Lateral_Joint_Gap, FTPosX, FTPosY, FTPosZ, FTPosZ, FTQuatW, FTQuatX, FTQuatY, FTQuatZ
0.11155581474304199,17.64263358758029,-6.223572435142716,1.219197845718523,5.855210025483602,-1.5101895307294866,-2.196192137792823,-0.377841,0.291528,0.0330449,0.537832,0.528845,-0.637498,0.157023,-0.381601,0.300301,-0.19664,0.758411,0.202804,-0.619267,0.0138348,13.210910206627172,1.7303933630698163,12.722000813304694,0.6854743731322337,-7.1208111623073895,1.6747499816851636,11.173649575445948,7.181108058009477,-0.580495,0.397497,-0.328753,0.0630105,-0.12444,-0.252374,0.957524
0.17476558685302734,11.671655594935073,-10.215496866623624,0.6233309989273502,3.9622671094864326,-0.857551576448453,-2.2461406067838228,-0.378603,0.291968,0.033173,0.534687,0.531616,-0.637521,0.158304,-0.382506,0.302587,-0.195554,0.753264,0.212126,-0.622121,0.0236733,13.441446805672676,2.032019859665084,11.530159969411883,1.475958855105187,-6.25255474977922,1.8822682533170756,10.991663554156696,7.2698181800468635,-0.581219,0.39618,-0.3306,0.0546477,-0.149808,-0.25905,0.952609
0.23882341384887695,12.092148413290861,-8.50899095290848,-0.6601559931637107,2.8506911395597476,-0.44593331737498,-2.1898877427596215,-0.377204,0.29154,0.0328404,0.531606,0.530073,-0.640528,0.161682,-0.378362,0.30159,-0.195802,0.747321,0.212412,-0.628899,0.0296445,13.664249911118683,2.4329352526096946,11.043042095327165,2.0829626439054536,-6.251625311863343,1.5315151361135122,11.249883592291432,7.554846818326218,-0.574669,0.393714,-0.335017,0.0520512,-0.166688,-0.259263,0.949889
0.3072214126586914,10.249105068200747,-10.543676268906216,0.3142884561764897,2.980102369172381,-1.0047591688191433,-2.3311409156708067,-0.374644,0.290903,0.0323242,0.527535,0.528046,-0.643436,0.169895,-0.370563,0.298311,-0.196932,0.7423,0.205325,-0.636733,0.0374567,14.237467947697244,2.700834457299999,11.353315576567622,1.3853495352330079,-7.014414987705797,1.3149993323762281,11.546452874255118,7.413865818682655,-0.563179,0.387671,-0.342763,0.0462457,-0.186419,-0.253686,0.948026
0.36835217475891113,13.215772700857261,-12.120740132567427,2.932866659438462,3.6755802988336135,-1.1280212239918168,-2.6575173881555534,-0.372834,0.290536,0.0318139,0.523495,0.525199,-0.647773,0.174669,-0.36498,0.294561,-0.198494,0.738681,0.195849,-0.643724,0.0401695,14.881685898108161,2.8320635207451232,11.939092390456857,1.693168252370171,-6.657833225762387,1.073099843732816,11.876423092446455,7.590003609333013,-0.554319,0.382997,-0.348834,0.0473781,-0.193085,-0.24469,0.949
0.4314727783203125,10.84839667720645,-13.237720746067069,-0.31167018789319606,4.307342164511167,-1.4377772205279373,-2.3478203001283022,-0.371754,0.290326,0.031636,0.521828,0.524749,-0.649109,0.176044,-0.361504,0.291541,-0.19961,0.738977,0.186268,-0.646009,0.043456,15.883565414120314,2.8717855893691704,12.561511236223108,1.4048918502679122,-7.3752131941810175,1.4766714706513753,11.450060333511926,6.819948896383601,-0.548885,0.378921,-0.353042,0.0493945,-0.19349,-0.235861,0.951048
0.49536609649658203,14.612381462725917,-16.572489145528284,3.335946256166574,6.7144675866417485,-1.8051446516108383,-2.441541986088915,-0.371251,0.290161,0.0314706,0.523077,0.522441,-0.650251,0.174984,-0.360079,0.28749,-0.201414,0.740362,0.174047,-0.647775,0.0442653,16.84861776630001,3.0863001459069914,13.216648381774117,1.784500309769676,-7.896708233579398,0.8899080019937706,11.686759422627018,6.710248128729976,-0.547135,0.37411,-0.355658,0.0557589,-0.182937,-0.217337,0.957178
0.5625059604644775,16.418890409582563,-11.748183887093418,7.898833756039986,8.137417725381864,-2.6042080957028997,-1.7571676616185359,-0.371681,0.290217,0.0314961,0.524146,0.523381,-0.649141,0.173086,-0.361636,0.284931,-0.202784,0.744254,0.16471,-0.645795,0.0436584,17.724931511271606,3.0145026824126435,14.082976311109315,1.5316879309509872,-7.521633132932312,0.8881942754851977,12.067529498185092,7.052307580513536,-0.549838,0.371205,-0.356212,0.0577447,-0.165296,-0.208484,0.962225
0.6283466815948486,16.89917053823773,-9.931536211907714,9.044060468037793,8.291294806850486,-2.774572268134068,-1.584406695760233,-0.371815,0.290158,0.0314576,0.525098,0.524301,-0.647736,0.172681,-0.36218,0.284452,-0.203058,0.744009,0.165567,-0.645627,0.0469498,17.92508155965316,3.2321111874838553,13.838787710291225,2.0669794425555956,-7.821879303636979,0.5188353970056738,12.082605153006211,7.093302918539674,-0.550183,0.370953,-0.356262,0.0581317,-0.161263,-0.206052,0.963409
0.8298008441925049,18.00546485656762,-6.367817545281942,5.327285778011907,6.645311050686817,-2.281177882175818,-1.6610786057421838,-0.376703,0.290999,0.0324387,0.537094,0.524675,-0.641497,0.157252,-0.376872,0.282683,-0.204586,0.759104,0.153202,-0.630889,0.0476406,19.717187931078225,3.0662351652734765,14.041113956091689,2.0673388797382763,-7.410713948626135,0.44233799310724464,12.313065381302936,7.711489095620769,-0.571597,0.365644,-0.351677,0.0604648,-0.133328,-0.192495,0.970316
0.8846585750579834,14.234635074888317,-11.532144332961355,1.8945940834401542,5.2894420436598155,-1.3772796533156553,-2.268259377825632,-0.377269,0.291387,0.0326124,0.536066,0.526828,-0.640337,0.158284,-0.377136,0.28438,-0.203806,0.755339,0.162373,-0.632677,0.0530725,19.455432867242614,3.4270979266965265,13.125971719854075,3.4058590777052284,-7.622169305710711,0.07041115460191705,11.594373489117327,7.882077102062577,-0.571628,0.365329,-0.352438,0.0523528,-0.151221,-0.198546,0.966939
0.9403674602508545,13.27713209491316,-9.632982844127628,-0.7813585688207998,3.586383261211797,-0.6670609292923023,-1.9931951220491761,-0.376417,0.29119,0.0325531,0.533119,0.526013,-0.642902,0.160534,-0.374687,0.285026,-0.203369,0.753354,0.165298,-0.634066,0.0556376,19.393908275980266,3.149634863868839,12.698797880240406,3.4780089246797576,-7.519020860935935,0.8663706036751719,10.818540406006866,7.242285690745297,-0.568203,0.364389,-0.354212,0.0468981,-0.167478,-0.20292,0.963626
0.9953689575195312,12.711333102863321,-7.864289305293468,-0.0003309045780458071,2.8375294337499484,-0.6042942426028188,-1.8537921025751498,-0.375227,0.290967,0.0323952,0.529491,0.527038,-0.643873,0.165223,-0.370533,0.284092,-0.20334,0.748249,0.165833,-0.639231,0.0632921,19.77246393369304,3.4725341061733985,12.456445967977595,3.6999045467363256,-7.743752172963468,0.8238140527767115,10.651898088521426,7.25817890772436,-0.561511,0.36147,-0.35812,0.040932,-0.184032,-0.204009,0.960644
1.0601558685302734,11.969154685654255,-9.587510130033387,1.5404302885661079,2.936634414090797,-1.0538521684545998,-2.07349802957051,-0.373735,0.290594,0.0318839,0.526415,0.525077,-0.646666,0.170304,-0.365613,0.281077,-0.204318,0.744122,0.159168,-0.644956,0.070564,20.511752440246365,3.6785554935241627,12.545275009629433,3.673399837535362,-7.845104405634643,0.6579497099369185,10.76832418722133,7.532163021652198,-0.553421,0.355426,-0.363985,0.0394928,-0.19618,-0.198161,0.959524
1.1228091716766357,11.320016784227185,-9.62363816300054,1.0322290620416332,2.7961189821701202,-1.0751448208501158,-2.033284235045979,-0.372801,0.290415,0.0316845,0.52375,0.525236,-0.647842,0.173531,-0.362576,0.278123,-0.205206,0.741467,0.15288,-0.648543,0.0790344,21.563572323633373,3.8726908435419944,12.652864838675217,3.985793906247036,-7.701527157840189,0.6292021504619356,10.686001689804133,7.968802046410867,-0.548236,0.350159,-0.368239,0.0368982,-0.204176,-0.189844,0.959641
1.1857876777648926,10.919605922007367,-12.025173379087645,0.8297268812476103,3.3822727464601923,-1.1726800047106845,-2.049833596322272,-0.372361,0.290214,0.0315345,0.524328,0.523443,-0.649241,0.171971,-0.35966,0.275363,-0.205924,0.739873,0.139202,-0.654304,0.0713926,22.0186813554385,4.559521593927072,14.104345451678679,2.9244391481692062,-8.808235787746295,-0.5787826412531949,12.333862462478432,8.341128794054885,-0.544389,0.34363,-0.372302,0.0353834,-0.207437,-0.179228,0.961039
1.2516121864318848,15.337477265929275,-15.316361774580443,3.0538350480786294,5.786746670972229,-1.6472836113297662,-2.4291030115868892,-0.371733,0.289986,0.0312944,0.52469,0.523572,-0.648012,0.175081,-0.358484,0.271637,-0.207052,0.743653,0.129804,-0.651249,0.077504,23.037013759957283,4.078424129741762,14.704255889454025,2.178004532414935,-9.045006183177836,0.2645107189346625,11.858219397705962,7.69988792109935,-0.542638,0.338892,-0.374206,0.0377135,-0.20215,-0.167335,0.964216
1.312093734741211,16.67326519891949,-9.374684653392913,3.5343983192685693,6.800895973195664,-1.9349201482862148,-1.4681212504420145,-0.371368,0.289845,0.0312653,0.524693,0.522146,-0.649982,0.172002,-0.358257,0.269694,-0.207693,0.744841,0.123366,-0.651722,0.0724614,23.368347374449485,4.053106869061536,15.27098675436425,2.8952735286527354,-8.890636913702025,0.14457343856376426,11.620718196337045,7.417710553549819,-0.543852,0.336846,-0.373885,0.0440329,-0.1765,-0.157915,0.970552
1.367088794708252,16.35177369564018,-5.796012460048688,5.641226004099668,7.235741530218105,-2.3121748852660415,-0.9000954867926125,-0.371465,0.289866,0.0313332,0.525492,0.522181,-0.649655,0.170684,-0.358838,0.269516,-0.207877,0.746393,0.122037,-0.65034,0.0711561,23.450335624326993,3.9714907336662537,15.417327887105726,2.8353306805562752,-9.11123563955351,0.1763470070834039,11.55107579342096,7.234135616761236,-0.544934,0.337,-0.373376,0.0420091,-0.170218,-0.156278,0.972028
1.5883288383483887,15.36960520855716,-6.8703745417506905,6.976109867551992,6.391264375821188,-2.4708280130138585,-1.4044001995929147,-0.3766,0.290759,0.0321929,0.539117,0.522998,-0.641873,0.154352,-0.377058,0.26845,-0.209701,0.761542,0.127245,-0.627889,0.0980658,26.032739143658404,3.555145108826491,12.223147139087697,6.764017915784066,-9.077174620185168,0.4811448406225196,9.12769774293279,6.2514715221536346,-0.570473,0.334845,-0.36618,0.039728,-0.149012,-0.138872,0.978229
1.6420214176177979,12.241031783828419,-7.037297870648189,2.8163442181654363,4.481711091778118,-1.6873609339800537,-1.4772907111774367,-0.377132,0.291033,0.0323552,0.538506,0.525225,-0.639851,0.157292,-0.377034,0.269978,-0.208921,0.759243,0.131426,-0.629553,0.0996968,25.663913456557445,3.8024292086073315,12.187161335699713,6.011476586282033,-8.94453160756983,0.3264638644264508,9.613494446855766,6.484671794492224,-0.570017,0.332357,-0.367739,0.0380116,-0.159792,-0.149843,0.974971
1.6968626976013184,10.66194198161925,-8.059040694003928,-0.6358754229201256,2.7087415517590423,-0.7170859588495092,-1.7717537919535573,-0.376385,0.291002,0.0323737,0.533503,0.52599,-0.642488,0.16099,-0.372919,0.269229,-0.208398,0.752248,0.130968,-0.636589,0.108279,26.33529202332766,4.282949100141655,11.829463592240916,6.578542810213889,-8.66611181039116,0.5205354184612929,9.299010363234313,6.689888684892689,-0.562995,0.327397,-0.372495,0.0237236,-0.188765,-0.149441,0.970295
1.7512612342834473,10.698567007226677,-8.180629108804665,-0.37923484842325,2.1926574685824924,-0.7581854723809361,-2.0439259259233125,-0.374753,0.290614,0.0319623,0.529162,0.524378,-0.646094,0.166066,-0.366742,0.266815,-0.208782,0.74854,0.12534,-0.641153,0.113582,26.943218302403384,4.186461555801111,11.957366354026403,6.570222192508123,-9.420394083780335,1.0676203480317774,8.820884638160301,5.730916229787953,-0.55318,0.321629,-0.377873,0.0171481,-0.210912,-0.146754,0.966274
1.8071339130401611,10.82334896258979,-9.118833015404512,-2.3891660511097226,1.9296728093276077,-0.5342550377792303,-2.1895154260203586,-0.372234,0.29011,0.0314596,0.524222,0.523722,-0.648964,0.17249,-0.357743,0.263963,-0.208894,0.739483,0.118774,-0.651576,0.120443,27.614314567161465,4.947841774925849,12.262157313325783,6.489678509809943,-10.79110239851362,0.28583113190300224,9.799229609140761,5.584779951692132,-0.539338,0.314554,-0.384539,0.0115534,-0.22583,-0.140702,0.963883
1.8619205951690674,11.261775139244612,-9.031837979108333,-1.9484533194378006,1.8911319027939515,-0.6764041246969534,-2.2556425203952797,-0.369913,0.289874,0.0312421,0.517314,0.52259,-0.652753,0.182209,-0.351575,0.262371,-0.208831,0.733484,0.116582,-0.657387,0.12748,27.845633247213765,4.652755146236352,12.252949052576229,6.111774798815192,-9.109607421009379,0.8322679341410257,9.363079106569028,6.379012924475862,-0.52802,0.308368,-0.389341,0.00302157,-0.240922,-0.138568,0.960597
1.9169275760650635,12.036133713297565,-10.302760686792656,-2.736108018482048,1.9401646196078022,-0.5273700238602262,-2.529625273369587,-0.36741,0.289466,0.0310307,0.511742,0.521068,-0.656258,0.189561,-0.342454,0.259055,-0.208674,0.724476,0.107745,-0.667367,0.134712,28.6745203689216,5.22570189288109,12.658739530319416,5.80761701421938,-10.133197780447635,0.08567902378855763,10.41057446525797,6.425042817075546,-0.515848,0.302465,-0.39394,4.43454e-05,-0.256133,-0.13345,0.957385
1.9863989353179932,11.272797996206343,-12.48606964349785,-3.1584832400770737,2.4628987956412565,-0.7779076091092986,-2.4967003103610574,-0.365217,0.289209,0.0309525,0.509179,0.515346,-0.660859,0.196013,-0.335646,0.257176,-0.208122,0.719853,0.100461,-0.673158,0.136298,28.68628927586882,5.20869230156634,12.81348581172855,4.652157209240606,-10.832172177331572,-0.02301149284463122,10.678856894932872,6.049226730570077,-0.505371,0.298735,-0.397453,-0.00310669,-0.264354,-0.128798,0.955781
2.041715383529663,10.591297796955901,-12.635619760649206,-4.653922143932813,3.313760307256779,-1.1970939067323123,-2.124024265311062,-0.363766,0.288778,0.0307071,0.504747,0.5165,-0.663071,0.196967,-0.332521,0.25582,-0.208268,0.717411,0.098181,-0.675568,0.138887,29.313696240028847,5.1184195612252426,12.918059082878418,5.416939615873913,-10.221225426780604,0.5481065477197617,10.151185159489083,6.04913199544561,-0.500987,0.297768,-0.39826,0.000517155,-0.259632,-0.125808,0.957478
2.106687307357788,8.828719824409553,-12.124077490453493,-0.4143376960363991,5.222927566509974,-2.3254904612719236,-1.3671493479976893,-0.363394,0.288391,0.0303245,0.50673,0.51267,-0.664559,0.196866,-0.3327,0.254356,-0.209008,0.718796,0.0961659,-0.675507,0.13332,28.759271368907942,4.980531572583068,13.073947747264768,5.769158631124828,-10.029149033235472,-0.10050886293318584,10.575523715431983,6.665534017393245,-0.503497,0.297315,-0.397287,0.00429177,-0.238054,-0.111074,0.96487
2.164048910140991,9.83863030135266,-9.823333730009706,2.19061049223362,6.479180685702317,-2.899945552654165,-1.0895056745507472,-0.364283,0.288162,0.0302532,0.51177,0.513307,-0.661321,0.193036,-0.336705,0.25206,-0.209998,0.723794,0.0913463,-0.670529,0.134794,29.370176740097776,5.033036741450806,13.302327028825562,5.915218336721628,-10.153656666450527,-0.41915725863803033,10.89914022171891,7.016221180480423,-0.509939,0.296221,-0.395639,0.0119834,-0.219654,-0.109918,0.969292
2.2201802730560303,10.961387265921635,-6.382042039101528,6.360677706064967,7.4678255000772955,-3.5413636173914154,-0.6460450821538261,-0.36557,0.288081,0.0301249,0.515334,0.512026,-0.661699,0.185512,-0.340854,0.250448,-0.210811,0.728473,0.0850604,-0.666854,0.131901,30.07362378668982,5.046986353033702,13.485401357464825,6.6049369347834705,-10.255919964803834,-0.3360657144678818,10.724504504814096,6.646737800936358,-0.516534,0.295507,-0.394259,0.0171545,-0.205307,-0.0980521,0.973622
2.4403786659240723,12.335495207595216,-6.947348606086785,7.744052143503396,6.341260728162947,-3.510987392171899,-1.165523589803228,-0.372493,0.289169,0.0307598,0.531954,0.51623,-0.651145,0.162917,-0.364245,0.248469,-0.21387,0.751776,0.0799051,-0.638819,0.142684,32.76527611516588,4.399506134920287,12.568737070637688,8.612194627071462,-9.489310371260679,0.01819233319779201,8.370982934976807,6.447508578591856,-0.550816,0.290899,-0.386376,0.0226685,-0.173281,-0.088435,0.980632
2.493833065032959,9.695652412616345,-9.379549453250071,5.532515294489745,4.279990313513701,-2.189919461758811,-1.469281970758475,-0.374067,0.289762,0.0311819,0.532572,0.519283,-0.648658,0.161105,-0.366628,0.249874,-0.213095,0.752524,0.082462,-0.637557,0.14293,32.83228347128179,4.548111834238879,12.643072065367946,8.669869797443884,-9.720603855538032,0.3405026151336763,8.158126863014743,6.023814671358134,-0.553117,0.289496,-0.386694,0.0139656,-0.191185,-0.0916549,0.977166
2.554365634918213,9.318663221029544,-7.811198976360612,3.084165953934763,2.812898774951671,-1.4245475688904095,-1.4994973647148797,-0.37371,0.289875,0.0313096,0.531667,0.52066,-0.646744,0.167228,-0.36358,0.250751,-0.212221,0.745576,0.0838829,-0.644137,0.148884,32.66692317903655,5.379858852495491,12.655200745785875,6.947473935152129,-10.005421783015553,-0.5835176071175745,10.101141590336523,7.186483706141135,-0.547586,0.286583,-0.389449,0.0053102,-0.212695,-0.089967,0.972954
2.6186931133270264,10.307595922478296,-6.280205513857026,1.3034302417577368,2.0159525579275255,-1.0004983146101118,-1.6050161397476423,-0.372003,0.289567,0.0310462,0.52648,0.520954,-0.649627,0.17149,-0.357058,0.250323,-0.211796,0.738989,0.0834317,-0.651187,0.151295,32.786312286816546,5.681823594512777,12.701911257968149,7.2154012441710105,-10.798357465308325,-0.5889012312023283,10.068648415382333,6.547038122583449,-0.537782,0.283223,-0.392981,-0.00200851,-0.227816,-0.0910961,0.969431
2.6768500804901123,10.655875626720771,-6.04285029752784,0.4628309421656147,1.7120320982536887,-0.8673522771972632,-1.6601687572718216,-0.370056,0.289378,0.0309051,0.519818,0.519648,-0.654123,0.178544,-0.350404,0.249178,-0.211524,0.732416,0.0819051,-0.656916,0.159123,33.22546377566195,5.570401004473404,12.3237768028684,7.52808982359598,-10.499446230226766,-0.13304151330155278,9.332176341967555,6.2875256011875935,-0.527461,0.279304,-0.396623,-0.0071851,-0.238665,-0.0891832,0.966971
2.732602834701538,10.60142378846888,-6.6609598079779335,-0.15434527912695167,1.7283226583152063,-0.9314650251084712,-1.6816850719304086,-0.368742,0.28911,0.0306378,0.516842,0.517681,-0.657114,0.181886,-0.345539,0.247313,-0.211362,0.727355,0.0759434,-0.662285,0.162992,33.76627469721934,5.864339814577304,12.444666705040754,7.30878605333417,-10.978904993128452,-0.3635142939142497,9.683768111561447,6.205719227565102,-0.519887,0.275508,-0.399308,-0.00981865,-0.247067,-0.0836609,0.96533
2.7882766723632812,10.473993467750864,-9.444162743115164,-0.980580934735973,2.538387850241009,-1.4043332356691993,-1.76363497567872,-0.367532,0.288857,0.030522,0.514206,0.518132,-0.657877,0.185282,-0.341878,0.24443,-0.211236,0.727825,0.067577,-0.662289,0.164555,34.504099105498575,5.396756195799188,13.217180751564188,6.853913158344653,-11.184708301940287,0.6878477752467944,9.257232001067303,5.212394996991528,-0.513778,0.270899,-0.401252,-0.00981452,-0.252344,-0.0866742,0.963698
2.8471453189849854,10.599083468054301,-11.907803784039585,-1.8675674222983898,4.068002143085741,-2.0865687917633613,-1.449451979591892,-0.366616,0.288467,0.0303506,0.515203,0.515018,-0.659126,0.186753,-0.339978,0.241817,-0.211373,0.727217,0.0613789,-0.663939,0.163014,34.54854110684846,5.469947873431672,13.595682901073168,6.746893333572547,-11.47731928700017,0.14197768414969403,9.639817954107267,5.460513730784259,-0.511571,0.268948,-0.401603,-0.00262582,-0.241367,-0.0693181,0.967952
2.912339448928833,8.888829146314254,-10.130927242096496,-2.0386794169465214,4.971975539170866,-2.644926738778363,-0.7688973372847288,-0.366424,0.288337,0.0302386,0.515716,0.515196,-0.659001,0.185276,-0.340584,0.240904,-0.211787,0.729291,0.0585335,-0.661882,0.163161,34.92929282925026,5.2821752540857245,13.755115555805947,6.748288065107925,-11.356272107821338,0.44198509659561935,9.38454557256824,5.251307286806101,-0.513598,0.268921,-0.400658,0.00372872,-0.223877,-0.064829,0.972452
2.980698347091675,9.34387833118326,-3.7634109255222854,0.6703688691335233,6.169152069300039,-3.3648109979704217,0.07735067565197155,-0.366898,0.288001,0.030112,0.519362,0.513249,-0.658911,0.180763,-0.34359,0.239706,-0.212467,0.732668,0.0563806,-0.659111,0.159972,34.9529133489302,5.319078236271289,13.752455454356381,7.328342545049921,-11.382056017903285,-0.054562099496802574,9.377210503221631,5.497572387342243,-0.519605,0.269956,-0.398163,0.00667921,-0.208534,-0.0651417,0.97582
3.2348577976226807,11.848168643097543,-3.113536128949969,1.7963422146248873,4.945003766234614,-2.796643481359915,-0.5466398032803255,-0.371386,0.288797,0.0307162,0.531052,0.515304,-0.651907,0.165718,-0.360228,0.240544,-0.21491,0.749801,0.0531587,-0.640164,0.158624,35.975200593035034,4.6625772154289065,13.745863751395873,6.367892620286042,-10.111493804702222,-0.266597709365918,9.758998479742122,6.767498846864739,-0.5456,0.26902,-0.391702,0.00726207,-0.185972,-0.0616791,0.98059
3.300309419631958,9.022982044419292,-7.533234481083306,0.7809171910033299,3.1107667791943374,-1.5750392580712425,-1.2448347094827337,-0.372976,0.289559,0.0310525,0.531785,0.517315,-0.649782,0.165445,-0.361521,0.242397,-0.214187,0.746835,0.0552265,-0.642613,0.161975,36.08874241932891,5.337935877044672,13.649693026213352,5.705894759897232,-10.594293370966213,-0.8327403621155263,10.710288300519538,7.195410236099679,-0.54578,0.267417,-0.393131,-0.000224008,-0.203252,-0.0653827,0.976941
3.363877296447754,8.129816155852449,-4.1929838826111085,-0.7311049745446961,1.3609522856905898,-1.0387715567039866,-1.1859300318059252,-0.372468,0.289503,0.0310775,0.528121,0.51988,-0.649598,0.169812,-0.358635,0.242384,-0.213225,0.741946,0.0613521,-0.644101,0.175744,36.63008661994942,5.511633346631755,12.568107156947,7.116325059371901,-10.722973886443901,0.028357473928753762,8.742212263818343,6.079874322608505,-0.539672,0.263291,-0.395946,-0.0128234,-0.225716,-0.0626742,0.97209
3.4339513778686523,10.728819019767103,-4.182846399688213,-1.6055375823377476,0.6827262023933909,-0.7834650069610339,-1.7738170774844286,-0.370749,0.289338,0.0309824,0.522497,0.521129,-0.651074,0.177549,-0.351184,0.239722,-0.212455,0.734382,0.054845,-0.650783,0.184816,37.549701975141446,5.7718031533246705,12.938831769228507,6.807804787416568,-11.262885019456869,0.2517864234834484,8.634344643938023,5.603613600210853,-0.527268,0.25524,-0.40039,-0.0202255,-0.246765,-0.0570043,0.967186
3.491456985473633,10.822851534540186,-4.623040589095777,-1.2768412672584342,0.65174127068754,-0.856457497995061,-1.8205495802299378,-0.369292,0.28903,0.0307457,0.520003,0.518289,-0.654152,0.18182,-0.345615,0.237347,-0.212076,0.728722,0.0498331,-0.656057,0.189923,37.95893964254886,6.10346483298625,12.825485692292956,7.180781137384908,-12.26345648934527,-0.2465582481815929,8.432719133885776,5.375358717482903,-0.518008,0.249818,-0.403414,-0.0241463,-0.258405,-0.0511204,0.964381
3.5483815670013428,10.90343566699329,-6.409081055766572,-1.1684158904057533,0.9705037434281475,-1.0967751885548647,-1.8797135922634007,-0.367754,0.288749,0.0304235,0.515087,0.517407,-0.657014,0.187906,-0.339895,0.234453,-0.211611,0.724674,0.0416901,-0.65988,0.194084,38.67916220285767,5.855280260525003,13.286080514801148,6.927334853893061,-12.109784723883074,0.5357546088895404,8.035435567031705,4.8235147003541785,-0.508648,0.243954,-0.406369,-0.027494,-0.269633,-0.0470714,0.961419
3.605335235595703,10.94318777315899,-6.9808615681329655,-0.8286752623602711,1.677868099891359,-1.304567768911132,-1.538659113603858,-0.366195,0.288417,0.0302682,0.511401,0.516489,-0.659849,0.190546,-0.33518,0.231953,-0.21116,0.718914,0.0358552,-0.666161,0.19521,39.150652691750885,6.216702701111915,13.677548745607972,7.570576189259718,-11.980841956253048,-0.05897587589685571,7.931689915844905,5.562947972293938,-0.501442,0.239979,-0.40819,-0.0271274,-0.270148,-0.039031,0.961645
3.6624109745025635,9.078075935338157,-9.770318854020248,-1.878010180752718,2.635236021747704,-1.6966579557269779,-1.167391254591859,-0.365753,0.288249,0.0301724,0.511548,0.51527,-0.660405,0.191522,-0.333905,0.230299,-0.211093,0.718657,0.0313309,-0.665873,0.197897,39.593928172286,6.172836991178027,13.754253223922136,7.399173742045008,-12.376850265401364,0.03811332957469915,7.851850549249517,5.2796892846799715,-0.499546,0.23748,-0.408633,-0.0241518,-0.263768,-0.0326206,0.963732
3.7183539867401123,9.49325302806765,-12.173084927164936,-2.531822496209863,4.295494750893071,-2.0996978154989048,-1.039151067597888,-0.365307,0.28805,0.0300219,0.511284,0.513707,-0.662035,0.190797,-0.333466,0.227794,-0.211223,0.717998,0.0244871,-0.667514,0.195716,39.99358393795641,6.247486722064729,14.267531194779586,7.747597077492983,-11.767014123659889,-0.34012891714500526,7.9621330656048945,6.207615248130913,-0.498436,0.234519,-0.408676,-0.0102407,-0.235626,-0.0325418,0.971245
3.776080846786499,9.473562446761857,-9.259624345503106,-2.6589581330983183,5.6451908040987195,-2.5221166439533484,0.09769927043616347,-0.365183,0.287648,0.0298199,0.514346,0.511919,-0.661791,0.188201,-0.334525,0.224797,-0.211533,0.721041,0.0173444,-0.664476,0.195628,40.566385773080135,6.1698379632534674,14.58227810787506,7.99545287529425,-12.281038925858962,-0.4214229460405363,7.708914400577865,6.1848018735601356,-0.503043,0.232939,-0.406776,-0.0107237,-0.234632,-0.0145371,0.971916
3.8321478366851807,10.206796197857503,-4.669988577842971,-3.289719695432703,5.910023137556012,-2.7241112330296313,0.6202351871502808,-0.365057,0.287522,0.0298447,0.515762,0.511052,-0.66193,0.186182,-0.335617,0.223485,-0.212048,0.723513,0.0131362,-0.661781,0.195967,41.02069343558725,5.992953693018063,14.699576723910425,7.86203009848208,-12.253724033150469,-0.4732810064130675,7.728501906586335,6.349520173572842,-0.505447,0.231812,-0.405916,-0.00757044,-0.222938,-0.0110733,0.97474
4.035703182220459,11.016220215662802,-4.874869981734551,-3.6705268242182245,5.282270136420191,-2.686246638699079,0.438991317955218,-0.367488,0.28757,0.0299544,0.526996,0.508724,-0.658862,0.171395,-0.348294,0.219454,-0.215304,0.737736,0.000677424,-0.644053,0.202341,43.20407018883349,5.578212754405181,14.406308108619221,7.821187656859662,-11.932308599188001,-1.6830664223504073,8.290373816469232,8.071313097978482,-0.526182,0.223409,-0.40174,0.00407997,-0.192017,0.0105402,0.981327
4.090338945388794,7.839690809385131,-10.052764578112804,-4.314386309996221,3.5342635933016853,-2.050400560103013,-0.5364397030752028,-0.369107,0.288273,0.0302389,0.526565,0.511301,-0.657424,0.170573,-0.350873,0.220717,-0.214914,0.738977,0.00345106,-0.641145,0.206965,43.59243924707345,5.419909213947915,14.059650084917138,8.211794464132545,-11.540752791447929,-0.8332046434792737,7.263661885563032,7.576073181226438,-0.528921,0.22212,-0.40159,-0.014827,-0.210863,0.00710167,0.977377
4.1454854011535645,8.449344380701811,-7.037354563396441,-3.5943403890346963,1.939849934746038,-1.2894653655347983,-0.9678292973156835,-0.369886,0.288558,0.0304295,0.527105,0.513001,-0.655216,0.172284,-0.350812,0.222552,-0.214291,0.736244,0.0100699,-0.64149,0.215252,43.5763256488718,5.880822409220798,13.25842758177298,8.190832761949897,-12.415419558785498,-0.8928463133067517,7.236663751026291,7.081340023746195,-0.52751,0.219633,-0.402664,-0.0293938,-0.228902,0.00161261,0.973004
4.200586318969727,8.48220753606582,-6.214803072528658,-3.6800674424521858,1.1248685523348514,-1.0303866198822023,-1.2425502518406515,-0.369518,0.288693,0.0304979,0.521676,0.515698,-0.656044,0.177527,-0.347555,0.222969,-0.213225,0.729868,0.0126761,-0.645746,0.223928,44.00586157561381,6.064567001670297,12.851333152970358,8.682894149976427,-11.468412410473332,-0.14635463161575757,6.473215990767774,6.694851304401373,-0.521387,0.216378,-0.404288,-0.0450469,-0.251592,-0.00187628,0.966783
4.255239248275757,9.471794643968426,-5.2819701636835505,-3.5966086170374285,0.8757413619458999,-0.8180581744452882,-1.351593681566599,-0.368361,0.288596,0.0304642,0.518118,0.516677,-0.656673,0.182702,-0.341607,0.221703,-0.211718,0.716634,0.0121956,-0.6589,0.228336,44.03974682944599,7.570044204269899,13.118809202524538,9.467660336128683,-11.787836652126515,-2.1941663691979088,8.641040520371634,7.619290083814773,-0.510981,0.212747,-0.4064,-0.0497674,-0.264915,-0.00129519,0.962986
4.310207843780518,10.014096647856334,-6.1560090502173335,-3.011200190976152,1.1180071556677593,-0.8339429617938908,-1.417840376430046,-0.367146,0.288386,0.0302704,0.515146,0.516018,-0.658443,0.186555,-0.336696,0.220255,-0.211053,0.711533,0.00910029,-0.663481,0.23115,44.29142984789316,7.806650739424724,13.24144471172078,9.747224339281981,-12.56931952472392,-2.469395194291728,8.543849358913901,7.693302665531774,-0.502211,0.207719,-0.408579,-0.047132,-0.268429,0.000439435,0.962146
4.364594459533691,9.65783255482212,-8.135388569456786,-2.741434734107285,1.6649558269094304,-0.9997761459409936,-1.2933692551947658,-0.36612,0.28819,0.0300295,0.512923,0.514258,-0.660259,0.191068,-0.333023,0.217707,-0.210529,0.707655,0.00409336,-0.665006,0.238692,44.946218939751205,7.8215381731840745,13.03456275570732,10.079592756956881,-12.698356207435918,-2.3770063286022136,8.13366985719398,7.448870622244837,-0.496003,0.20268,-0.409855,-0.0479607,-0.272625,0.00886334,0.960883
4.418677806854248,8.693491717473183,-11.43719042291967,-3.438216469537617,2.936340990489974,-1.5665331502904538,-0.9164715774263057,-0.365375,0.287934,0.0299353,0.510644,0.51449,-0.66185,0.191043,-0.330859,0.215114,-0.210101,0.704946,-0.00308458,-0.666961,0.241256,45.89790315987931,7.945593438320364,13.425278296861098,10.604260506732865,-12.536779177050413,-2.472891005344824,7.691881783521202,7.095407057643419,-0.492459,0.198359,-0.410115,-0.0428596,-0.26778,0.0174184,0.962369
4.473116636276245,7.115245751809483,-10.691830199978723,-4.193241214368665,4.034455402687953,-2.289496331743173,0.05865264532116356,-0.364581,0.287562,0.0298112,0.51262,0.513493,-0.661055,0.191185,-0.32985,0.21165,-0.209953,0.705678,-0.0129997,-0.666514,0.240019,46.48617337576214,7.928879141521933,14.349503489062165,9.841753558773934,-12.972119148406621,-2.8709552549659385,8.483276849686346,7.6309330317013915,-0.492894,0.194765,-0.409212,-0.0370583,-0.25294,0.0376381,0.966039
4.527101278305054,7.201871577784721,-5.744670371859244,-5.081689157778063,4.857000696237472,-2.950785112770095,0.9483551632650798,-0.364144,0.287273,0.0296946,0.515102,0.509172,-0.663113,0.188929,-0.331054,0.209205,-0.210941,0.707446,-0.0194945,-0.663613,0.2424,47.069068707503135,7.905244354813942,14.094646232814057,9.697688053822398,-12.949073266916256,-3.747778102315845,8.993487438632956,8.387859673485185,-0.496564,0.191622,-0.407827,-0.0337585,-0.23461,0.0368536,0.970804
4.8814520835876465,8.19296313044202,-7.709213535554068,-5.1186032158243755,3.1536237842651507,-1.5983385231860188,-0.05510830844230487,-0.367378,0.287653,0.0299153,0.524639,0.509367,-0.659417,0.174553,-0.345594,0.207344,-0.214419,0.731423,-0.030926,-0.63633,0.243205,49.0794942928184,5.6948356907925834,14.143991915985634,8.04885132757871,-12.15514576588374,-1.5104318195774198,7.393340199541099,7.937161764943775,-0.519939,0.186948,-0.403442,-0.0308953,-0.212426,0.049476,0.975435
4.943753242492676,8.397953371634081,-8.13632697713124,-2.933937865951846,1.6396407024997315,-0.9643659219351464,-1.006551696265196,-0.368392,0.288126,0.0300599,0.522972,0.513311,-0.656571,0.178682,-0.344756,0.209225,-0.213419,0.722708,-0.0229758,-0.643204,0.251901,48.93578419506199,6.816791347576198,13.714641275132589,8.35147576412695,-11.724871906058354,-2.500630887414669,8.276218481366147,7.964981235296716,-0.51593,0.185183,-0.404808,-0.0449373,-0.243286,0.0444303,0.967894
5.01010274887085,9.436896591616481,-7.079777893673386,-2.8634853905845223,1.2032260493332356,-0.8987409368911936,-1.2396167624395922,-0.367508,0.288138,0.030111,0.518819,0.514139,-0.657786,0.183863,-0.339387,0.209177,-0.211454,0.712373,-0.0203625,-0.653499,0.255046,48.69085398438444,7.78441483111559,13.682905447753946,9.542676948155954,-11.904180979488995,-3.1233569206848806,8.114786035510543,7.76556162775836,-0.506344,0.182924,-0.406517,-0.0547888,-0.263287,0.0406671,0.962302
5.080706357955933,8.569351274279986,-6.987675441653386,-3.341764041956014,1.2584072657391219,-1.009771419673906,-1.030108461404575,-0.366312,0.288036,0.029947,0.513114,0.513193,-0.661684,0.188471,-0.333672,0.208859,-0.210013,0.705249,-0.0202635,-0.658576,0.261708,49.045366618723776,8.006854906345124,13.077862969539114,10.798708526282482,-12.204727415033018,-2.4801072434711635,6.511310759280567,6.943487183502243,-0.496455,0.180518,-0.408213,-0.0617298,-0.273351,0.0419227,0.959016
5.14492654800415,7.219207059850494,-9.273269353594136,-4.417902735880068,2.1286677335678257,-1.6317029322979553,-0.5743593240554707,-0.365131,0.28773,0.0297864,0.511221,0.512717,-0.662742,0.191173,-0.3296,0.207338,-0.209024,0.700773,-0.0233018,-0.662653,0.263183,49.23670108897686,8.311726229933186,13.308990022613047,11.188951134208667,-12.908777329482477,-2.742891547540374,6.469900805597143,7.153352561747593,-0.489825,0.177669,-0.40899,-0.0604284,-0.27329,0.0456552,0.958946
5.2086873054504395,5.084429410370372,-9.637379730817122,-6.347743810358797,3.4578576508841334,-2.5116437080542195,0.4429483735665505,-0.364194,0.287472,0.0297663,0.512137,0.51195,-0.662271,0.192409,-0.328077,0.20544,-0.209087,0.700151,-0.0276153,-0.663268,0.262872,49.383419995947996,8.368377858252487,13.738768661246286,10.72020101794185,-13.300847741544874,-3.473163205587529,7.36183941849454,7.865560483650455,-0.489038,0.175321,-0.408113,-0.0541911,-0.256178,0.0489243,0.963869
5.272195816040039,4.006590915732997,-5.6301933830950155,-6.726203143947402,4.295030159741003,-3.161293598383567,1.5492945199424433,-0.36369,0.287041,0.0295082,0.513789,0.508641,-0.663963,0.190942,-0.329242,0.202699,-0.210373,0.705174,-0.0370426,-0.658349,0.260642,49.93869934512262,7.669757969821985,14.11394952961479,9.614099238086782,-12.902047379046579,-3.360824611370756,7.8617186460614805,8.13710376220469,-0.493549,0.172902,-0.406889,-0.0495548,-0.239131,0.0593968,0.967901
5.339665412902832,3.5556119262313395,-4.862314412174889,-6.88969275557966,4.396020126082594,-3.270288388891064,1.771441665492476,-0.36366,0.286913,0.0294727,0.513908,0.509606,-0.663262,0.190484,-0.33028,0.202108,-0.210908,0.7075,-0.0367236,-0.655635,0.261223,50.06978101391394,7.339360682536949,14.073258972992278,9.950416602948248,-12.407708043808775,-3.180858922974945,7.358602972800178,7.976712633012718,-0.495696,0.171933,-0.40626,-0.0474637,-0.234402,0.0624803,0.968968
5.606884479522705,4.861510410259085,-9.211670594476198,-5.661131982016061,2.9448887500528844,-1.860046194760805,0.4887695497353546,-0.367175,0.287374,0.0297985,0.526609,0.506535,-0.660736,0.171852,-0.346146,0.19958,-0.214132,0.729811,-0.0494611,-0.629184,0.262787,52.253445295838404,5.929194639551769,13.797706550321964,8.906849464842583,-12.686627870250694,-2.5096648978031197,6.497431002534647,8.463381708059353,-0.521208,0.168263,-0.400593,-0.0379499,-0.212742,0.0785863,0.973203
5.673357725143433,7.678231770116405,-8.068946798279155,-6.321186945425331,1.5054368537645446,-0.8797065043191138,-0.518555769821385,-0.367707,0.287822,0.0299174,0.522442,0.509705,-0.660143,0.177385,-0.343276,0.201268,-0.212924,0.719598,-0.0433831,-0.639382,0.26737,51.90244007645258,6.934662340042695,13.705924925505425,9.344468957928367,-11.916395164934407,-3.3635541348981555,7.107529125808302,8.401794062824692,-0.51465,0.166885,-0.402553,-0.0505799,-0.234032,0.0656578,0.96869
5.743719816207886,9.736028548374234,-8.118020262639076,-5.863571730091083,0.8250799956158102,-0.6074405382806117,-1.1714631525919599,-0.366768,0.287825,0.0299438,0.51827,0.511011,-0.660548,0.184228,-0.336376,0.200441,-0.21025,0.705562,-0.0427356,-0.649955,0.279131,52.37055613021004,8.312089969212012,13.425247405425502,10.330785319121382,-12.84487766833384,-4.171843519998536,7.051101587700027,8.700070435006195,-0.500429,0.161953,-0.40547,-0.0597581,-0.259035,0.071562,0.961358
5.805495262145996,10.10824531096765,-7.840942080202196,-5.416431773290878,0.9239599620213816,-0.7104819855425404,-1.0720063947674485,-0.365902,0.287776,0.0299241,0.515203,0.51297,-0.660563,0.187309,-0.331794,0.199343,-0.208477,0.701462,-0.0479352,-0.653655,0.27998,52.88208200390525,8.357525091173232,14.145157120395258,10.214471443377057,-13.605661382695864,-3.3877108333981205,6.593333409482388,8.168799799032003,-0.492552,0.159372,-0.406269,-0.0633716,-0.271941,0.076159,0.9572
5.887620449066162,8.12692802237876,-11.843258234576387,-7.533581968248135,2.032591508472089,-1.3936615827960495,-0.4429516666589063,-0.364376,0.287482,0.0297158,0.512003,0.512202,-0.662008,0.192997,-0.326125,0.197422,-0.206794,0.693783,-0.0535954,-0.661103,0.2806,53.02684286263117,8.778658161123579,14.78283061798627,9.923841304706286,-13.754092219646086,-3.595295981268297,7.154270186224179,8.193591650875192,-0.483315,0.155583,-0.406885,-0.0604521,-0.274404,0.078287,0.956514
5.941338777542114,5.080175046698503,-12.751295436966855,-8.989551514068436,2.911731179704511,-2.099914372453621,0.5175489890943638,-0.363564,0.287225,0.0296785,0.510605,0.510553,-0.664716,0.191758,-0.324437,0.196101,-0.206633,0.692623,-0.0561645,-0.661632,0.281713,53.429260038830456,8.848771877492108,14.561923262803843,10.977753728904021,-14.217275256354192,-4.0179202986283435,6.542461808888751,8.776743771992884,-0.481367,0.153744,-0.406644,-0.0553479,-0.263625,0.0849573,0.959281
5.995861053466797,2.691027286341129,-6.557462232333871,-10.687833265834678,3.7382894322224027,-2.860518385894557,2.2568507352334373,-0.362671,0.286892,0.0296014,0.513402,0.507595,-0.664606,0.192522,-0.32445,0.193731,-0.207404,0.696712,-0.0622303,-0.656977,0.281249,53.57993975919189,8.30678984730477,14.758947770927122,9.892872070903305,-14.586751652822045,-4.147627335692892,7.119886233540914,9.090881103391586,-0.484354,0.150799,-0.404857,-0.0465422,-0.245845,0.0922382,0.963787
6.255414962768555,5.10697778356145,-8.347338597962347,-6.61555041623347,2.9868257847781505,-2.2885649406910327,1.15876296901818,-0.365492,0.28659,0.0294414,0.525854,0.505455,-0.660986,0.176326,-0.341128,0.189719,-0.212031,0.717311,-0.0724392,-0.63247,0.283194,55.38613298079156,7.0413919028824274,14.551708945210308,8.772705975190327,-12.705562008507636,-4.681256043462401,7.577525033737329,10.001962543609412,-0.512659,0.146809,-0.399156,-0.0377969,-0.219455,0.108532,0.96883
6.308653831481934,7.126515360476389,-9.083300570149481,-4.488921509206442,1.980622255433578,-1.3806704042643945,-0.09920362051656091,-0.366648,0.287209,0.0294463,0.523757,0.506214,-0.662072,0.176316,-0.341609,0.192008,-0.211854,0.716633,-0.068219,-0.633096,0.284557,55.29546701283022,7.035073835396215,14.061248044132444,9.351917985254246,-12.583768426611861,-3.9395761901936304,6.5917534337124,9.309263984370608,-0.511289,0.148077,-0.400728,-0.0493823,-0.231886,0.0985518,0.966477
6.3631227016448975,10.35737505614658,-6.868397402100465,-4.690650350701076,1.2684237722249134,-1.1630311967085363,-0.7387110675562758,-0.36625,0.287303,0.029671,0.521819,0.507266,-0.661842,0.179867,-0.338491,0.194086,-0.210724,0.711119,-0.0607751,-0.641255,0.281795,54.206004211023426,7.68775174121316,14.0527073119626,9.968810871983617,-12.883593092624338,-4.341276804051521,6.92461916766266,9.321312784554653,-0.505613,0.15211,-0.402466,-0.055034,-0.246086,0.0912934,0.963368
6.417572021484375,10.947225187173915,-5.900012282975885,-2.802165604766911,1.1776748488640125,-1.1595581767109704,-0.9860314880728243,-0.365915,0.287432,0.0296997,0.518806,0.508472,-0.662323,0.183373,-0.335828,0.19742,-0.210245,0.709982,-0.0532201,-0.645453,0.276555,53.04465754028458,7.51908281415644,13.981557770191419,9.824008156564114,-12.94233814617194,-3.16247329687943,6.506324614193906,8.221874243041805,-0.500083,0.157273,-0.404518,-0.0527609,-0.256558,0.0806933,0.961708
6.4729323387146,9.875075057514836,-4.565544910382445,-2.9716606389574953,0.8686899810836561,-0.8393855663355352,-1.025213712965169,-0.365665,0.287561,0.0296959,0.516923,0.51004,-0.661333,0.187851,-0.3337,0.202707,-0.210324,0.705809,-0.0355339,-0.653014,0.272293,50.90372673266167,8.059506994409034,13.283254229651206,10.219029408604147,-13.005459114474306,-3.523253143105098,7.059941162506837,8.126783947849638,-0.49717,0.166403,-0.406584,-0.0619414,-0.266767,0.0628546,0.959713
6.527700424194336,9.591942231395588,-3.1564372652768635,-1.5805913761441712,0.7986910306665693,-0.877050959023778,-1.1309983323178292,-0.365494,0.287585,0.0297382,0.516049,0.510206,-0.661726,0.188422,-0.333117,0.206504,-0.210416,0.70515,-0.0231307,-0.655791,0.268639,49.52008634543206,8.241096001514011,12.53396260793255,11.008700778871155,-13.279536091447287,-3.4378243151975845,6.791914784520135,7.913052124269133,-0.496303,0.173645,-0.407595,-0.0636217,-0.272288,0.0493297,0.958842
6.582134008407593,7.166362118922579,-6.036061866171552,-3.015537551850596,1.1666742431967028,-1.1932753594294128,-1.05011064734217,-0.365638,0.287601,0.0297165,0.515859,0.51075,-0.661205,0.189293,-0.333978,0.209827,-0.210884,0.707484,-0.0139428,-0.656523,0.261245,48.11563394493854,7.941065877905204,12.368339527963657,10.709870226671105,-12.762945921543292,-2.819336781559681,6.958445731801349,7.428813782424257,-0.498109,0.180245,-0.407843,-0.066197,-0.270426,0.0370195,0.959748
6.6360790729522705,2.618675208149738,-8.748531072774927,-7.537267803774359,2.044639820375424,-2.289007863969586,-0.4192809317005502,-0.365604,0.287653,0.0298067,0.515932,0.510205,-0.662016,0.187721,-0.335515,0.212301,-0.21201,0.707571,-0.00473253,-0.65627,0.261975,47.46973187077172,8.111106942188945,11.359959148574085,11.465923574998389,-12.368991480816426,-3.598476122892766,6.948745907637807,7.883351672781365,-0.502214,0.185545,-0.407023,-0.0674274,-0.256031,0.0289067,0.963881
6.691033363342285,1.6823449434385234,-6.908247341922153,-8.249590200337972,2.9688876609533037,-3.406891725318908,0.025000765454301504,-0.365252,0.287274,0.0297135,0.516488,0.510254,-0.661732,0.187061,-0.336704,0.21304,-0.213094,0.715388,-0.00350023,-0.651511,0.25247,46.743918874035515,6.987415969163947,11.777337317594798,10.679152956620266,-11.98721569795286,-2.4050491395659925,6.779407339204935,7.427372262819534,-0.506719,0.187331,-0.405671,-0.0595445,-0.237614,0.033336,0.96896
6.7464447021484375,1.5417115811835607,-4.106736879249227,-8.995535460291332,3.4798296237076474,-4.081991681239642,0.22332748857687731,-0.365196,0.28717,0.0296681,0.518001,0.509007,-0.661866,0.185796,-0.339376,0.213736,-0.214653,0.71865,0.00191794,-0.647736,0.252935,46.322550973631486,6.708556736361567,11.020723711246355,11.175126535850033,-11.182612306134457,-2.9921639372486304,6.779718520266054,7.830697815316199,-0.513601,0.18868,-0.403941,-0.0526778,-0.221607,0.0246737,0.973399
6.800514459609985,-0.18311043071384522,-3.9790317697987323,-8.4250168383509,3.6236546483823733,-4.243187311328991,0.46533528995637974,-0.366032,0.287156,0.0296279,0.521042,0.509247,-0.660731,0.180603,-0.343256,0.214546,-0.215754,0.724827,0.00312687,-0.641517,0.251143,46.44704487420826,6.3464216849197115,10.833273558321205,11.015642079792396,-11.56634317298168,-2.752180323107723,6.5868769021329125,7.9039944255056405,-0.520013,0.192153,-0.402072,-0.0590289,-0.211743,0.018195,0.975371
6.870851516723633,1.6066246198723446,-2.8645409517868425,-7.300182021850974,3.424576507839168,-4.108247007218669,0.16525892118215785,-0.366935,0.287267,0.0297502,0.52404,0.507497,-0.660649,0.177117,-0.347065,0.21519,-0.216344,0.729153,0.00463486,-0.637257,0.249434,46.28293093141276,6.152302481084651,10.474549193294903,11.062718830387823,-11.375744517650944,-2.7515198124667,6.487376511792872,7.9762592896866416,-0.525773,0.194262,-0.400671,-0.056231,-0.205767,0.0141081,0.976882
6.927528381347656,5.628392313448384,-4.501861499646892,-4.67779449343515,2.6918605250185204,-2.9419553051553047,-0.45287857953638844,-0.36785,0.287555,0.0298861,0.525659,0.50901,-0.658331,0.176611,-0.348833,0.215455,-0.215902,0.730432,0.00162146,-0.63903,0.241056,45.8691577184029,6.192979336863419,11.665198306406637,9.8346935660034,-10.844329091385928,-2.725375907762988,7.827031198034489,8.186277925933908,-0.527907,0.197509,-0.40068,-0.0565469,-0.217011,0.015269,0.97441
6.9825520515441895,7.898486335287083,-2.673998114920167,-4.057583674896506,1.5691041437694695,-1.9366977472670668,-0.6565384601366692,-0.368342,0.287911,0.0301015,0.525647,0.51114,-0.657279,0.174402,-0.349544,0.216899,-0.215384,0.732862,0.00234547,-0.636368,0.240713,46.11622918131266,5.952970645840418,11.746537815672504,9.601255918092031,-11.461246513211865,-1.538826333173013,6.868176305612129,7.578258575044161,-0.527295,0.200046,-0.401562,-0.0527341,-0.223069,0.0151505,0.973257
7.037486791610718,9.881061077984707,-2.3983258428903524,-1.048476635819813,1.0685922434400483,-1.244797681731236,-1.0253369106804924,-0.368496,0.288147,0.0302016,0.523623,0.513359,-0.656416,0.177199,-0.348374,0.217948,-0.214549,0.727558,0.00457045,-0.643853,0.236836,45.5063479276107,6.529529280067785,12.360517323674964,9.355488842367887,-10.431631351838641,-2.10159414806488,8.293982413325192,7.674407330628895,-0.523485,0.203702,-0.403488,-0.0445351,-0.237293,0.0168287,0.970271
7.092390298843384,10.600624079574056,-2.3870114779351495,-0.6189680969650132,0.799662142035965,-0.9392663965760074,-1.2234739432893025,-0.368423,0.288166,0.0301848,0.522437,0.513933,-0.656538,0.178579,-0.34676,0.218783,-0.2138,0.725878,0.00682707,-0.646397,0.234999,45.122044463395625,6.632200653125369,12.440055246084599,9.56328047149107,-10.84031656631872,-1.7104727837230946,7.8102364706801355,7.320919293546087,-0.520456,0.206378,-0.404076,-0.0511448,-0.25194,0.00611714,0.966371
7.14725136756897,11.822290641141784,-1.4682553541278087,-0.31590749761027315,0.6478038051214015,-0.8470009638687583,-1.3565907125578833,-0.367811,0.28818,0.0302415,0.519535,0.51335,-0.659033,0.179528,-0.342985,0.219969,-0.212492,0.719871,0.0094047,-0.655262,0.228757,44.370180615401885,7.293178485398063,12.68892089326934,10.421826049665384,-11.437460107412091,-2.193985009198471,8.001353592027115,7.208894287244561,-0.513829,0.211114,-0.40553,-0.0491509,-0.263706,0.0024446,0.963347
7.206698894500732,13.109643305421406,-2.1825553368526474,0.7077029819038789,0.7717833588509556,-0.7376689947654692,-1.7346496105719658,-0.367225,0.288189,0.0302336,0.518674,0.513085,-0.659037,0.182735,-0.340824,0.222721,-0.212062,0.722414,0.0151318,-0.654831,0.221554,43.10839427671585,6.642111868984505,12.765912656754463,9.459281862290023,-12.198146760239617,-0.7879147288210469,6.893231818819989,6.861020645677763,-0.510217,0.216671,-0.406445,-0.0430932,-0.26662,-0.0101665,0.962784
7.274905443191528,12.249629539834018,-3.5878110057873154,2.552968761300715,1.4047154624975486,-1.0639260508975648,-1.796608179204203,-0.36711,0.288209,0.0301843,0.517524,0.513545,-0.659154,0.184276,-0.340255,0.226362,-0.21236,0.717577,0.026808,-0.662611,0.212863,41.29867124504162,7.311782239009882,12.646894197523002,9.649141463826323,-11.636710828714222,-2.5000194947363354,8.980739368164059,8.346932063237437,-0.509817,0.223856,-0.406603,-0.0396756,-0.263184,-0.0275031,0.963537
7.341740846633911,8.854122378490267,-5.289190033885218,-0.47017475130764147,2.1284770469139196,-1.7434864091068674,-1.3427000552421426,-0.366889,0.288145,0.0301409,0.516074,0.513806,-0.660109,0.18419,-0.341173,0.230523,-0.212703,0.721504,0.0389925,-0.660641,0.20363,39.700934376504755,6.540495799705704,12.172250097169309,9.977018501008175,-10.894503182377338,-1.339562276832833,7.637155246170577,7.330434565174551,-0.512957,0.234313,-0.405086,-0.0418246,-0.258376,-0.0361727,0.964461
7.404809951782227,7.4614642043422945,-4.630499047540566,-2.183787526052961,3.014123533265054,-2.59029919907443,-1.1509314413571212,-0.366868,0.288036,0.0301809,0.517414,0.513821,-0.659471,0.182672,-0.343208,0.234204,-0.213212,0.72549,0.0490286,-0.657198,0.198371,38.54441130110345,6.10193580894329,11.602674716666076,9.581416460422048,-10.805797356180761,-0.8669326839683507,7.237944820896229,7.070286152608922,-0.518796,0.243497,-0.402126,-0.0406673,-0.243915,-0.0431883,0.96798
7.472365617752075,6.732843761787062,-2.208358931287684,-2.5795247812081503,3.076763807990002,-2.9725925223657224,-1.152981916259787,-0.367604,0.288077,0.030256,0.518617,0.514068,-0.658844,0.180817,-0.347297,0.238144,-0.213821,0.733506,0.058042,-0.649671,0.191121,37.45179071030389,4.974968782952792,11.20820042412559,8.714667660473191,-9.988238619021857,0.7738628952918525,6.447302669999632,5.907488669729816,-0.526358,0.24986,-0.39915,-0.0281771,-0.224284,-0.0595062,0.972297
7.536409378051758,7.937182834461134,-1.32695079341191,-0.8238295194389598,2.275803422576985,-2.6024159155013358,-1.106703600124312,-0.36895,0.288479,0.0304341,0.524187,0.513837,-0.656197,0.174943,-0.351599,0.240445,-0.213962,0.736636,0.0638672,-0.647424,0.184744,36.62723200006372,5.384135973299055,11.021956693673058,9.04034432668053,-11.086489045448927,-0.3232892770544247,7.034748140684373,5.98598501791669,-0.531982,0.25503,-0.397722,-0.025346,-0.218349,-0.0624101,0.973543
7.602198600769043,7.931903038708886,-1.4929105744757036,1.3074194034201017,1.2385572220295686,-2.1820016145908037,-0.9894269415681755,-0.370033,0.288781,0.030655,0.52542,0.514879,-0.655191,0.171925,-0.353371,0.239067,-0.213431,0.738646,0.053487,-0.648169,0.177249,37.119970968825996,5.495669652856176,12.52090990334797,7.811402263924537,-10.744560372923594,-0.03943655162569826,8.051441755821955,6.068750719263826,-0.532151,0.257523,-0.398033,-0.0141235,-0.232829,-0.0606913,0.970519
7.665153503417969,8.993907172186828,-2.943900811679506,2.28540767911966,0.9157797953994518,-2.252635803949341,-1.4563399158585864,-0.370001,0.288763,0.0306229,0.524757,0.514933,-0.655463,0.172753,-0.35217,0.238114,-0.213073,0.736541,0.0513169,-0.650564,0.177876,37.28726667373002,5.7453267821517695,12.729022484983716,8.058895778269516,-10.953966580477827,-0.2407536590167183,8.024003941687882,6.133850699629836,-0.529017,0.258078,-0.399129,-0.00956179,-0.245778,-0.0609019,0.967364
7.734372138977051,9.426691106843638,-2.6227821109046427,1.5559314598251794,0.7565539000563318,-2.12292927036291,-1.5301989694071,-0.369112,0.288768,0.0306236,0.523338,0.513486,-0.656446,0.177562,-0.348979,0.239761,-0.212675,0.733585,0.0554045,-0.654776,0.173355,36.1477818174497,5.767285122433379,12.78435015890599,7.226989162309724,-11.20120909284585,-0.6056940026270929,9.221945312330995,6.2649919489885155,-0.524406,0.260863,-0.399992,-0.0101928,-0.249416,-0.0672759,0.966003
7.7911012172698975,8.88194593041025,-2.0653409922237684,0.9578473204059881,0.6269954102118288,-2.0513963797811225,-1.455883755938449,-0.36807,0.288673,0.030603,0.517295,0.515562,-0.658651,0.181053,-0.345988,0.243173,-0.212196,0.730937,0.0652666,-0.657872,0.169342,35.168995686925086,5.339178590876355,12.513009591711208,7.461233657258845,-10.221109183181179,0.3842722355704069,8.633953119024435,6.029839308411875,-0.520664,0.266648,-0.399986,-0.0114373,-0.251153,-0.0772593,0.964791
7.863919258117676,7.994709872754827,-2.9350849544081408,1.6937726476075354,0.7513223922231993,-2.1361699549980058,-1.5593218575731354,-0.36736,0.288709,0.0304947,0.515268,0.515428,-0.659593,0.183766,-0.343655,0.246819,-0.211565,0.72615,0.0764051,-0.664395,0.159522,33.269896039059326,5.691931353141024,12.445250587416721,7.6531920120617976,-10.082179625665589,-0.5699183545765081,9.585068877743337,6.925320400003598,-0.517461,0.275927,-0.39906,-0.0095313,-0.25808,-0.0961985,0.961275
7.91864538192749,7.138337342478746,-4.352655862762483,2.7764787973261864,0.8840300009414714,-2.3459783555243376,-1.7006117844328725,-0.36734,0.288637,0.0304411,0.515526,0.51537,-0.659671,0.182922,-0.343583,0.24908,-0.211187,0.724656,0.0827782,-0.666376,0.154803,32.386718527236496,5.951842718432908,12.22140790505383,7.795640657670544,-10.420842582938114,-0.988230648770994,10.014112170254126,7.0500774613861275,-0.517114,0.282694,-0.39825,-0.00384232,-0.259235,-0.0990878,0.96071
7.974878549575806,6.851331755691333,-4.572732671186521,3.3076577186394154,0.9150846748006116,-2.394506352512983,-1.723374114420307,-0.367395,0.288736,0.0304598,0.515479,0.515524,-0.659262,0.184092,-0.343885,0.251165,-0.210609,0.727884,0.0865526,-0.66482,0.143902,31.17106052581624,5.348166525281784,12.796995183104153,6.867455532398585,-10.140010575154273,-0.01974909766328281,10.140744963834784,6.497700879326026,-0.517675,0.28815,-0.397084,0.000305138,-0.259014,-0.109307,0.959668
8.030346632003784,7.435587568172174,-3.542545454877067,3.2721912411859795,0.8431925882005656,-2.3642320282188414,-1.7247021124281936,-0.367454,0.288732,0.0304855,0.515692,0.515575,-0.659158,0.183725,-0.344775,0.252588,-0.210613,0.729996,0.0908457,-0.662647,0.140539,30.605141950516188,4.987122750012008,12.65268064598414,6.883200193846456,-9.989601931512961,0.37346703288786287,9.927572438513147,6.20137988966981,-0.519261,0.291203,-0.395726,0.00189323,-0.258316,-0.120599,0.958502
8.085264444351196,7.209568686176894,-2.7297933243066494,3.033979667152112,0.7473981174113616,-2.3935054660378885,-1.637415828605533,-0.367642,0.288843,0.0305589,0.516746,0.515263,-0.658754,0.183088,-0.346042,0.253807,-0.210678,0.731228,0.094456,-0.660924,0.139866,30.24621838902822,4.8662813256081074,12.327361463085456,6.892848726217217,-9.906286125205352,0.3369679527048781,9.906894214919818,6.288987088422076,-0.5213,0.29352,-0.394547,0.0023429,-0.254562,-0.125361,0.958894
8.140114784240723,7.922333540462064,-2.900987070459784,3.6087528265482502,0.8006835910568907,-2.389340062369862,-1.6899547782876174,-0.367948,0.288749,0.0305526,0.518289,0.515102,-0.657677,0.18305,-0.34693,0.25394,-0.210648,0.731835,0.0958328,-0.66063,0.137119,29.812913051629486,4.934649818316859,12.437033429143927,6.844332551336262,-9.99802471316644,-0.038830632715750824,10.254540319607868,6.553100034869262,-0.522591,0.29468,-0.394259,0.00384023,-0.252065,-0.117646,0.960525
8.2007577419281,7.405421710752222,-2.71862756865487,3.319085983648249,0.7239016184401764,-2.503631512748074,-1.6780950695400372,-0.368132,0.288688,0.0305107,0.518203,0.515035,-0.658505,0.180485,-0.347504,0.25374,-0.210727,0.733649,0.0924802,-0.658977,0.137678,30.388041360642458,4.778511751998401,12.498823078676008,6.538499419305985,-10.126381780144902,0.7331496370992312,9.612178546072021,5.888915502839477,-0.523333,0.295416,-0.393845,0.00609778,-0.251799,-0.117907,0.960551
8.265482187271118,8.150804530264693,-2.9751125486664862,3.9136681492037404,0.8561921012260377,-2.400039513346972,-1.7341286120104364,-0.368079,0.288733,0.0305627,0.519342,0.515001,-0.657353,0.181508,-0.347546,0.254135,-0.210718,0.731784,0.094407,-0.661008,0.136558,29.93708494979133,5.161500518617836,12.526509977382265,6.370975089576518,-10.112737788157116,-0.3534467833238786,10.735361273182525,6.904058486423188,-0.523548,0.296642,-0.393284,0.00773284,-0.253404,-0.123909,0.959361
8.32797622680664,7.6271181450020205,-2.2367244237254646,3.9055909075036253,0.8042750665699028,-2.3851624156671933,-1.5951800522738346,-0.368121,0.288737,0.0305599,0.517514,0.51529,-0.658627,0.181288,-0.347562,0.254875,-0.210587,0.730954,0.0976989,-0.661466,0.13647,29.80397954303511,5.047091238852052,12.222798908402247,7.1522007327463495,-9.592796468081298,-0.04353670238440799,10.057749542318897,6.784771990641218,-0.523519,0.297396,-0.39314,0.00506113,-0.25259,-0.125893,0.959335
8.393686771392822,7.319795325376986,-3.6355720240924847,4.069641979360622,0.9648485966350174,-2.4700151801318464,-1.7090321807446494,-0.367964,0.288746,0.030558,0.518185,0.515473,-0.657565,0.182703,-0.347128,0.254689,-0.210641,0.731901,0.0964918,-0.660221,0.138268,29.90640583194557,4.93083989322771,12.31277042329945,6.368300278601634,-10.003595546133953,0.12663254649594435,10.191792540526079,6.570922992283106,-0.52288,0.297067,-0.393607,0.00653583,-0.252805,-0.121167,0.959878
8.456931352615356,7.80055100817196,-2.619015413072611,4.441427551855325,0.9473867236117888,-2.562126243612967,-1.7466064086249322,-0.367839,0.288761,0.0305126,0.517052,0.515379,-0.658516,0.182751,-0.346895,0.25447,-0.210574,0.732916,0.0960096,-0.659243,0.137895,30.00530190109877,4.62064550467263,12.333196603150272,6.655394633138545,-9.726965094993147,0.859122410251544,9.348679849878312,6.024942565073947,-0.522712,0.297167,-0.393283,0.00223109,-0.256882,-0.125768,0.958222
8.5276198387146,7.2514689574301965,-3.22366240818616,2.3324079373905726,0.7926424853113655,-2.3042258552539527,-1.6939337500650358,-0.367954,0.288786,0.0305988,0.518255,0.515387,-0.65764,0.182477,-0.347122,0.255205,-0.210446,0.732467,0.0978022,-0.660064,0.135061,29.562160570213134,4.838358062598927,12.419515513690165,6.430907753764782,-10.092746182729377,0.22482335331536163,10.041601043810637,6.397187221217971,-0.522967,0.297732,-0.393416,0.00381929,-0.251475,-0.123227,0.95998
8.590334415435791,7.6513095979027295,-2.9177735324340053,4.311574920301056,1.1480729992117424,-2.553444471780661,-1.8142237932038894,-0.367944,0.288723,0.0305669,0.518154,0.51543,-0.657587,0.182834,-0.34732,0.25548,-0.210524,0.732756,0.0977713,-0.659788,0.134868,29.532900569535514,4.764789793681928,12.460260842397187,5.980436254651773,-9.837872972236397,0.32232061260247846,10.033792379450812,6.565031036160726,-0.523482,0.298481,-0.392742,0.00374839,-0.252737,-0.129629,0.958805
8.657800436019897,9.6325548013539,-1.985989557287698,5.740238519917722,1.6315432008775412,-2.343279734594861,-2.1840839958145577,-0.368405,0.288741,0.0305195,0.51805,0.516199,-0.657568,0.181013,-0.349309,0.257937,-0.210281,0.735469,0.104973,-0.656652,0.1299,28.795957827710485,4.300763999168533,12.178705095004565,6.324291143876037,-9.44686082806617,1.1734614714552123,8.92742607856706,5.96740413731288,-0.52764,0.301814,-0.390604,0.00217346,-0.245147,-0.136283,0.959857
8.722870588302612,6.115842647992804,-4.95714014444671,-1.4088081685620606,1.7717171239526481,-2.0525753137852987,-2.4885129377082986,-0.368849,0.289049,0.0308817,0.518416,0.515894,-0.657934,0.179504,-0.350864,0.26179,-0.209614,0.732797,0.118367,-0.656705,0.13318,28.018397214743022,4.560886596738075,10.63860065976536,7.571751489331948,-9.616809241998322,0.5811065598578686,9.121491437229583,6.225453858616839,-0.530924,0.305379,-0.388353,-0.00608578,-0.241734,-0.147001,0.959124
8.782984495162964,6.392121131019001,-2.5917042431072104,-0.34854752264285155,2.17520943651823,-1.8410967237846863,-2.793526130306318,-0.368854,0.28897,0.0307982,0.518525,0.51575,-0.657308,0.181879,-0.353239,0.268085,-0.209048,0.728583,0.140095,-0.655101,0.142772,26.741749069065936,4.605592154144049,8.13418056516021,7.5606381992503096,-8.761533186881989,0.20432551326842585,9.255350513503243,6.964626178812493,-0.537425,0.30611,-0.385464,-0.0300998,-0.22901,-0.166961,0.958526
8.867604970932007,5.6281740070591315,-4.767333697349903,-0.7035286190170885,2.1612403825479123,-1.550755615105464,-2.799884146379859,-0.369486,0.28926,0.0309585,0.518243,0.520537,-0.653366,0.183241,-0.35538,0.270757,-0.208547,0.729551,0.148874,-0.651843,0.143852,26.264604434075817,4.396843113092641,7.97027636707715,7.086086268289213,-8.342716880708437,0.6374554858283901,8.778421456993803,6.9096439229640785,-0.54099,0.306812,-0.384358,-0.0414721,-0.22838,-0.172113,0.95734
8.930446147918701,7.17351087110754,-4.960148819648273,1.4628396546678486,2.2489653919427424,-1.7693880844928662,-2.929850677561831,-0.369374,0.289094,0.0307948,0.518941,0.519016,-0.654208,0.182577,-0.354724,0.268526,-0.209093,0.731078,0.140915,-0.651977,0.143502,26.848886651234675,4.38133910465737,8.469978617323846,6.734798210310533,-8.58756619980761,0.756857759408966,8.790324233941341,6.682426622720365,-0.539475,0.305638,-0.385304,-0.0359856,-0.229646,-0.166402,0.958268
8.994486331939697,7.862630503488347,-4.728553147155713,3.3382580686002057,2.2965279071103177,-1.9200600410374387,-2.837501684465415,-0.369503,0.289071,0.0307532,0.520037,0.518349,-0.654446,0.180489,-0.354711,0.266771,-0.20951,0.732009,0.135128,-0.652245,0.143107,27.374142236772816,4.560375609098641,8.81106942098788,6.989405717124747,-9.067784154598598,0.5241748156957051,9.089650999946198,6.54311667556417,-0.538934,0.304492,-0.385944,-0.0304287,-0.231573,-0.162941,0.958592
9.062241554260254,6.242180192006658,-3.4671705294997808,4.740112705241079,2.1338752187677623,-2.0992478874712233,-2.2511434941541544,-0.369744,0.289196,0.0308292,0.51849,0.51959,-0.654788,0.180128,-0.355434,0.266228,-0.209628,0.733295,0.134403,-0.651096,0.142437,27.599760179714657,4.2585145243461096,9.022903727880639,7.601807816383991,-8.245394831377164,1.104040333053259,8.398692185454646,6.768732795107112,-0.53983,0.303978,-0.385924,-0.0290379,-0.231365,-0.160238,0.959141
9.123995542526245,6.846390342489608,-2.7332400405281017,5.076459406290867,2.049760297853629,-2.0673935746045924,-2.18807079763873,-0.369925,0.289142,0.0308109,0.520333,0.51841,-0.65484,0.178014,-0.35582,0.264947,-0.209951,0.735516,0.129757,-0.649488,0.142635,28.04237592779536,4.243651922889072,9.160680121988074,7.564220497502129,-9.014471120447274,1.1958865013317101,8.358094382694413,6.149658390299602,-0.540123,0.302845,-0.386286,-0.0249829,-0.229944,-0.154435,0.960547
9.179207563400269,7.393783851553573,-4.0384229659831705,5.5337198387003,2.118496511385508,-2.1212345138178343,-2.3904595930230035,-0.370202,0.289096,0.0307585,0.521347,0.518247,-0.654169,0.177986,-0.356261,0.263876,-0.210254,0.734542,0.126819,-0.65147,0.141249,28.06372125762146,4.6063113785250005,9.535520086336472,7.503624668909465,-8.763106830570704,0.29219009211852764,9.27349694341462,7.1364438421227385,-0.540582,0.301744,-0.386487,-0.0224143,-0.231875,-0.153853,0.96024
9.236226558685303,7.932389701019735,-3.341921984267415,6.199021113460274,2.096977805056385,-2.1549284312470953,-2.3598330024848253,-0.37026,0.28915,0.0308204,0.522247,0.51758,-0.654068,0.177664,-0.356592,0.263668,-0.210364,0.735886,0.12519,-0.65038,0.140729,28.119022740180448,4.504298171779975,9.627146287490735,7.15804002306928,-8.921454602279855,0.3374709727126053,9.356630282350736,6.933238330288816,-0.540999,0.301929,-0.386717,-0.0233285,-0.228169,-0.146343,0.962278
9.291361808776855,7.759904757031757,-3.225486995677145,6.289788425663739,1.9041641054627665,-2.06633234393214,-2.213575941047746,-0.370347,0.289245,0.0308744,0.52192,0.518447,-0.653805,0.17706,-0.35681,0.263924,-0.210269,0.736759,0.125951,-0.649332,0.140324,28.157197608956725,4.373880377986553,9.65300459750115,7.357106146060101,-9.016969793861536,0.6875780989047655,8.949501621761732,6.583660401162147,-0.541284,0.302337,-0.386265,-0.0212506,-0.23144,-0.150826,0.960851
9.347043752670288,7.359242897345887,-2.517028885484359,6.5814706482898995,1.6950310655356555,-2.153383403164799,-1.9895424630078138,-0.370312,0.289243,0.0308994,0.522302,0.518288,-0.653665,0.176921,-0.356589,0.263673,-0.21028,0.736216,0.124036,-0.65061,0.138951,28.162993474531955,4.562014126313868,9.912049661468478,7.016487761557867,-9.04487974105654,0.31644398292972653,9.432725237841732,6.868559851523016,-0.540575,0.302907,-0.386511,-0.019477,-0.232646,-0.151929,0.960424
9.405254125595093,7.188842449884352,-2.092695426467874,5.527899894316217,1.2965463193003117,-2.310982443357493,-1.8996109504776197,-0.370171,0.28909,0.030839,0.522948,0.516618,-0.65453,0.176699,-0.355541,0.261865,-0.210359,0.735667,0.118065,-0.653211,0.134797,28.191124833983682,4.799928106667041,10.550009110519229,6.962161373634066,-9.273676210980145,-0.21311006698634571,10.071020738947725,7.1935628872496045,-0.53844,0.302937,-0.387185,-0.0109815,-0.23511,-0.148682,0.960467
9.465526103973389,7.229449265098458,-2.698813511528574,6.169543666873439,1.304391899032695,-2.533026650980311,-1.886057068049218,-0.370054,0.289052,0.0308246,0.522791,0.516994,-0.654398,0.176551,-0.354644,0.260439,-0.210289,0.736561,0.114994,-0.653136,0.13292,28.343267172560175,4.729455184512011,10.997405545829237,7.415760021997409,-9.760530089915244,0.054674594165422974,9.760341908342914,6.575745879333363,-0.536081,0.30396,-0.387749,-0.00480695,-0.237938,-0.143835,0.960559
9.52377200126648,6.703220414005343,-2.8582968323679028,5.790281919581954,1.1661687557471818,-2.676347815479517,-1.8736619862548682,-0.36987,0.28908,0.0308311,0.521429,0.517602,-0.654795,0.17732,-0.353953,0.260617,-0.210087,0.737387,0.113902,-0.652708,0.131376,28.37751446228442,4.449195470092598,11.302020029855145,6.925737866589927,-9.562143167143384,0.7897253857235178,9.075645958417798,6.161069724867842,-0.535072,0.304638,-0.387882,-0.00315895,-0.240457,-0.145248,0.959726
9.578455209732056,6.202786579571587,-2.097335682556429,5.290899218267363,1.0398153919458868,-2.669190493045166,-1.7478683634343255,-0.369655,0.289148,0.0308545,0.519382,0.519513,-0.654674,0.178188,-0.353501,0.260996,-0.210043,0.737799,0.114472,-0.652138,0.131394,28.49013099552468,4.185349090885712,11.500682264459487,6.753993032920869,-9.093378453665483,1.4213955856543947,8.443301798342102,5.996369793787523,-0.534512,0.305435,-0.387795,-0.00468466,-0.240677,-0.145938,0.95956
9.633785247802734,5.472507279590514,-1.9025065877854013,4.365271874106122,0.8888811484617861,-2.760057772148665,-1.7556637439298985,-0.369619,0.289221,0.0309014,0.52057,0.518955,-0.653813,0.179504,-0.353366,0.261334,-0.210044,0.735367,0.115287,-0.654246,0.133811,28.351790429526574,4.635519878896309,11.296931836277551,6.261223918749717,-9.186645991792204,0.3970898781151071,9.650525917919822,6.72686627975304,-0.534306,0.305647,-0.387781,-0.00529262,-0.240232,-0.148367,0.959295
9.689181327819824,5.7813218109823845,-3.384738112504961,4.490867867285308,1.0275424561350068,-2.825703569388731,-2.007734483378923,-0.369668,0.289055,0.0308024,0.520481,0.518492,-0.654827,0.177392,-0.353364,0.261237,-0.210057,0.736058,0.115051,-0.653609,0.133329,28.514360811183533,4.575597976480937,11.15421605607859,6.761191707603073,-9.615706630756323,0.7660849915958892,9.171173738169257,6.152655183492113,-0.53421,0.305801,-0.387834,-0.00502922,-0.242054,-0.146618,0.959108
9.743819952011108,5.036634919296288,-3.171238247034154,3.0891006048319327,0.8394819104151402,-2.7181052604898883,-1.9736708957319413,-0.369564,0.289197,0.0308864,0.519982,0.519814,-0.653522,0.179779,-0.352987,0.261684,-0.209882,0.733772,0.116197,-0.656167,0.13237,28.183144529026862,4.860092652445729,11.453076887419147,6.2338814508963,-9.035502367289999,0.0637994055401272,10.056864466237746,7.133658387730032,-0.533748,0.305996,-0.38783,-0.00505912,-0.244025,-0.149986,0.958087
9.807862997055054,5.641821055450927,-2.9946717088360497,3.2050416392558065,0.8496427623825292,-2.7261834758827876,-2.046378347669972,-0.369341,0.289048,0.0307937,0.521323,0.517988,-0.654268,0.178451,-0.35226,0.261852,-0.209744,0.733857,0.117997,-0.655799,0.132128,27.962191042951563,4.923389728158151,11.022335559133642,6.862292028656563,-10.291365593854515,-0.049661936440188015,9.998009562095053,6.286899629998669,-0.532728,0.306082,-0.387954,-0.00674709,-0.244428,-0.150269,0.957929
9.88081431388855,5.194691451045959,-2.714927934058927,3.8022503559729683,0.8703613514060802,-2.865059304760149,-1.9855395618516238,-0.36918,0.288983,0.0307821,0.52,0.517498,-0.655132,0.180548,-0.351784,0.262183,-0.209759,0.733723,0.116982,-0.65632,0.131182,27.85573377359969,4.689399620554453,11.22416337627945,5.88206456963594,-9.53233610806287,0.24066562954898885,9.894661088266616,6.519479913191336,-0.532267,0.306392,-0.387968,-0.00616421,-0.245423,-0.152027,0.957401
9.935660362243652,5.1928762232752605,-3.2943276336610814,3.8839622304985677,0.9519001101929631,-2.7924297698629013,-2.005095901261553,-0.36917,0.289019,0.030793,0.520441,0.516659,-0.655789,0.179293,-0.352013,0.262574,-0.20964,0.734727,0.118032,-0.655444,0.128986,27.655421221535335,4.560693484314792,11.118008928803812,6.221140203016393,-9.770376973201254,0.4485074191305358,9.554182315739427,6.109744948110475,-0.532651,0.307446,-0.387604,-0.00631037,-0.244906,-0.155312,0.957005
10.001010417938232,4.820750283285215,-3.0730485167907644,3.7198787899951262,0.9045378579960062,-2.798389758325812,-1.9476402605122372,-0.369381,0.289088,0.0307798,0.521094,0.517746,-0.654728,0.178131,-0.352702,0.263056,-0.209592,0.733149,0.120808,-0.656499,0.130026,27.583497463765276,4.959268193958587,10.882429671312968,6.829368892138598,-9.891586524806081,-0.19161173060001957,10.087617856154651,6.621325262400273,-0.533575,0.308574,-0.387091,-0.00535309,-0.243085,-0.155893,0.957381
10.06542181968689,5.010792308006569,-3.4273474431343502,4.650158242324946,1.0644803884970149,-2.8325975512506423,-1.944026338239715,-0.369407,0.289036,0.0307952,0.520599,0.517693,-0.654827,0.179365,-0.352992,0.263247,-0.209624,0.732834,0.121978,-0.656734,0.129519,27.368269019061017,4.871568476554105,10.880417045241574,6.730272956991701,-9.246571632652667,-0.2662762409898889,10.140718247675585,7.116261636220426,-0.534051,0.309358,-0.386751,-0.0050069,-0.242906,-0.155099,0.957557
10.127941846847534,5.417625725701817,-3.258528312380288,4.678435037384827,1.0961948559340005,-2.784413046994048,-1.9738546592368993,-0.369413,0.289066,0.0308286,0.521129,0.517712,-0.654513,0.178919,-0.353121,0.263414,-0.209629,0.733899,0.121838,-0.655707,0.128824,27.347856961810365,4.781861199423031,10.927587438250967,6.539521020451794,-9.54528194590645,-0.14374957702017355,10.040068571977836,6.762711789022132,-0.534223,0.309682,-0.386546,-0.0047653,-0.242329,-0.157695,0.957281
10.188457012176514,6.299982328554619,-3.7668196884650795,3.4797618253540477,1.07755938084086,-2.5224501715304615,-2.1336865584423483,-0.369363,0.289059,0.030833,0.52085,0.517551,-0.654848,0.178971,-0.352929,0.263717,-0.20952,0.734692,0.121698,-0.654805,0.129025,27.400700534055986,4.6021556790560485,10.896671901089814,6.217816569736703,-9.664324072055486,0.3290208551503895,9.637106149653482,6.2581831467444795,-0.534133,0.310381,-0.386263,-0.00375163,-0.243991,-0.158558,0.95672
10.24360728263855,7.795229601464338,-2.7730449341057493,8.289219425904262,1.6262289738704196,-2.7810118735189704,-2.185569838662711,-0.369334,0.289055,0.0307445,0.520509,0.517474,-0.655051,0.179439,-0.353013,0.264712,-0.209376,0.73386,0.124032,-0.656428,0.123156,26.699681480421738,4.643938889849193,11.161801722970337,6.063954338075163,-9.121315949658388,-0.06145692055422458,10.05760551345814,6.923269268718009,-0.534701,0.312938,-0.385311,-0.00292226,-0.241331,-0.161153,0.956964
10.299111604690552,7.075507449957964,-3.5093629392322745,6.497085520049158,1.5134863808230186,-2.411631523468392,-2.1318542486789704,-0.369699,0.289215,0.0308039,0.518957,0.5193,-0.655185,0.178168,-0.354496,0.266637,-0.209007,0.734545,0.131906,-0.654413,0.121604,26.254033839049413,4.31048540568154,10.706813232506994,7.288247902021563,-8.482720322150056,0.6251188985261642,8.892352073516298,6.756119954616228,-0.53699,0.315543,-0.384053,-0.00193601,-0.234513,-0.167662,0.957543
10.353919744491577,7.370867954537846,-3.4664608511348933,4.789566434325374,1.480939922341338,-1.898248066384006,-2.115390561939516,-0.370015,0.289384,0.0310324,0.520203,0.518155,-0.655372,0.177179,-0.355788,0.268501,-0.2086,0.734585,0.133808,-0.654538,0.118576,25.806920713021025,4.387852185921779,10.587899273796404,6.395781202861528,-8.172905826265065,0.32476366357446196,9.462443183918957,7.229615661629468,-0.539467,0.318511,-0.382253,-0.00449268,-0.235654,-0.17171,0.956537
10.408995866775513,7.350183407370116,-3.42199211007412,5.766770999329816,1.6062562962307536,-2.043205356360194,-2.2678877868527727,-0.370268,0.28943,0.031055,0.521483,0.518782,-0.65419,0.175943,-0.356842,0.269694,-0.208479,0.735592,0.137737,-0.652384,0.1197,25.651239370379205,4.358146941068784,10.177338494364209,6.487355527222231,-8.73749138307504,0.3916254451159489,9.27822737400533,6.6944009693273445,-0.541153,0.320322,-0.381106,-0.00457593,-0.233339,-0.174441,0.95661
10.464887857437134,8.271501385315652,-5.5248521532381005,6.838016909000852,2.0579735361630496,-1.9938321039280924,-2.692993642590845,-0.370412,0.289451,0.0309878,0.521667,0.519226,-0.653544,0.176491,-0.357325,0.271518,-0.208074,0.734948,0.142298,-0.65246,0.117897,25.086276952092415,4.379028090896252,10.011149895118697,5.9991273061608545,-8.620554132112938,0.3285081328246413,9.499831736607778,6.905231487704505,-0.542455,0.322475,-0.379987,-0.00724245,-0.234714,-0.180275,0.955174
10.519513845443726,7.237601102746168,-4.977638574122976,4.562235490659209,1.8757418007027493,-1.8428840041428214,-2.571488492098346,-0.370177,0.289495,0.0310647,0.520357,0.51889,-0.654882,0.176382,-0.356947,0.273223,-0.207582,0.734354,0.146386,-0.65285,0.114376,24.550619651804944,4.190592644411249,9.851785502356801,6.06669543119394,-8.348894829012306,0.5869736595228723,9.174024937287738,6.880967148959229,-0.542497,0.324131,-0.379271,-0.00921833,-0.232547,-0.185428,0.954701
10.574151039123535,7.878405224186259,-3.958052145476086,3.4413319958688673,1.7189023859873425,-1.5976389025183657,-2.551947951442703,-0.37,0.289542,0.0311592,0.518611,0.518665,-0.656014,0.177974,-0.356765,0.274709,-0.207044,0.733491,0.153645,-0.652057,0.114914,23.9787080696958,3.8208101954383684,9.224096394268473,6.894790060794824,-7.922507847581265,1.0714491724239963,8.23226945080456,6.661421137824474,-0.542753,0.325487,-0.378416,-0.0123715,-0.23282,-0.1888,0.953937
10.631709575653076,7.13653793312414,-4.433057901206909,1.1011911937221242,1.5578115099128405,-1.4301868650877503,-2.5621512458425473,-0.369991,0.289518,0.0311598,0.518479,0.519285,-0.655648,0.177898,-0.356829,0.27525,-0.206946,0.7337,0.151798,-0.652155,0.115478,24.216119618960505,3.8687483554610425,9.412412439376858,5.684606274754115,-7.763459954290786,1.3131938946373012,8.57240227499643,6.979322832217085,-0.542894,0.325994,-0.378284,-0.0125165,-0.231177,-0.190256,0.954046
10.70135235786438,7.831893367799257,-4.931819836091301,4.339117121173199,2.0884470344535737,-1.5037666456105792,-2.7338823861072252,-0.370296,0.289519,0.031067,0.520411,0.519419,-0.654145,0.177399,-0.357505,0.27514,-0.206991,0.732334,0.154359,-0.652912,0.11647,23.974078336823744,4.291653421033277,9.123773792658481,6.456322386987626,-8.30902235482094,0.4023836181158629,9.144485252001456,7.018877073820883,-0.54377,0.325436,-0.378243,-0.0141397,-0.229852,-0.19144,0.954106
10.768516302108765,9.059813061600957,-2.843183481594136,0.5823291211462504,1.6250160021958582,-0.9181002679823208,-2.819801512496728,-0.370521,0.289498,0.0311114,0.521188,0.520469,-0.652467,0.178218,-0.35787,0.274886,-0.207048,0.734408,0.152634,-0.650764,0.117706,24.17791969010896,4.126028419897164,9.379574647436534,5.531958134353836,-8.637552514636496,0.7877271735783964,9.151538977022271,6.724297436074389,-0.544644,0.324525,-0.378057,-0.0165076,-0.228492,-0.188899,0.954901
10.844364166259766,8.243448930722828,-2.9099794506272483,1.9943930521318722,1.7401562690694146,-1.0661556806490902,-2.791008384771077,-0.370875,0.289588,0.0311257,0.520855,0.521685,-0.65159,0.178845,-0.359409,0.275778,-0.207091,0.733535,0.15731,-0.649942,0.121469,24.11563994213314,4.133648124074464,8.866829689586117,5.9116709290847265,-7.880863306784323,0.6510873485836726,9.072189266054083,7.35036235498168,-0.547143,0.322655,-0.377904,-0.0213761,-0.222977,-0.19135,0.95562
10.904569625854492,6.55141024854558,-4.091040602463524,3.5321711414435657,2.151135959030183,-1.5097977951697374,-2.673693638467059,-0.370939,0.289571,0.0311085,0.520897,0.521253,-0.651998,0.178496,-0.359468,0.274872,-0.207416,0.735025,0.154798,-0.648331,0.124272,24.58817268752596,3.9345612584772205,8.793611814848012,5.987392730503064,-8.07850374499116,1.1339660138868872,8.495367909726436,6.796204331884148,-0.547109,0.321576,-0.378324,-0.0232915,-0.226425,-0.188039,0.955422
10.970080614089966,7.404093449741901,-4.012883930043635,3.5377114347818988,2.2716592960858977,-1.4693927686282469,-2.7803853221855332,-0.370803,0.289519,0.0310755,0.520831,0.5222,-0.651248,0.178656,-0.358975,0.274047,-0.207588,0.733559,0.154984,-0.649701,0.125536,24.67062621409953,4.224125293241714,8.809439766530176,6.757083640405959,-8.286571540513702,0.5869080994916303,8.817509993775122,6.859975904888571,-0.546355,0.320271,-0.378949,-0.0229642,-0.226292,-0.186956,0.955674
11.035163164138794,7.301118289252215,-5.247894687110792,3.649866835658693,2.6277883395542636,-1.5763086867107192,-2.93237018217065,-0.370733,0.289479,0.03103,0.520496,0.522281,-0.651299,0.179211,-0.358591,0.273832,-0.207626,0.734618,0.152705,-0.648781,0.126889,24.96465240310363,4.048185242786702,8.945752194810066,6.025811405743255,-8.381781125507587,1.15932149645624,8.495911261371427,6.5228615968757016,-0.545674,0.319599,-0.379387,-0.0244303,-0.225231,-0.186554,0.955966
11.097963094711304,6.907360511262392,-4.547402028587661,3.2017866793323044,2.517312719696332,-1.493122120113659,-2.789821723852535,-0.370715,0.289517,0.0310582,0.520146,0.522481,-0.65139,0.179312,-0.358787,0.27479,-0.207517,0.730987,0.158109,-0.651383,0.127903,24.558268466027368,4.463690372506603,8.418484133741401,7.017030771196223,-8.081979482617655,0.11885170324081074,9.263636364246134,7.397572912460728,-0.546179,0.318986,-0.379377,-0.0265106,-0.221856,-0.188863,0.956247
11.153527021408081,6.78015487921352,-5.065781879169635,2.8430942227533884,2.544158856769135,-1.4314788562524547,-2.8135675527625814,-0.370739,0.289518,0.0310582,0.520364,0.52235,-0.651323,0.179305,-0.358863,0.274487,-0.207563,0.731379,0.1586,-0.650658,0.128746,24.57802575700981,4.396932859215703,8.296463283362081,7.4178413074915674,-8.248715344509717,0.19970544195399853,9.039303225963781,7.127507127590129,-0.5463,0.318594,-0.379435,-0.0290839,-0.224416,-0.188472,0.955652
11.20884656906128,5.696064445756671,-4.162133960774469,4.083786509240494,2.3191029721817875,-1.8040627864575396,-2.46157103196298,-0.370768,0.289511,0.0310506,0.520537,0.522232,-0.65133,0.17912,-0.358727,0.273421,-0.207848,0.734926,0.151737,-0.647955,0.130437,25.34177277212977,4.014397900792524,8.743693283942383,6.0830093683438875,-8.47635332067982,1.3137531126832904,8.293137134207194,6.334979888865836,-0.545815,0.317538,-0.380055,-0.0271434,-0.227108,-0.182695,0.956195
11.26609754562378,7.611459982877076,-4.4581070660746045,4.321980573704217,2.3507426033768155,-1.795480834536118,-2.768598395392231,-0.370684,0.289359,0.0309182,0.521946,0.521503,-0.651088,0.178022,-0.358364,0.271791,-0.208193,0.734872,0.148481,-0.648904,0.12977,25.508289237630613,4.2957127878785615,8.944134187135152,6.665932461074101,-9.04711992919239,0.7662004442075165,8.723608707767387,6.166423980321755,-0.54495,0.315789,-0.380828,-0.0231933,-0.226913,-0.181177,0.956633
11.32129192352295,6.985862262961641,-4.322211436734448,4.7783696858751386,2.2903926751151755,-1.935555941572573,-2.5989088704949648,-0.370735,0.289437,0.0310114,0.520926,0.522022,-0.65129,0.178746,-0.358402,0.27131,-0.208373,0.734086,0.147271,-0.650235,0.128933,25.54676037675204,4.3456040111248235,9.211581520810904,6.807374624036969,-8.315397739073092,0.4501972602833604,9.044911611867935,6.983972135944622,-0.544841,0.315282,-0.381154,-0.0224873,-0.22645,-0.178126,0.957333
11.37575387954712,7.416965395218087,-3.813789439003881,4.8738431920692635,2.2620242319198756,-1.8864792063977367,-2.5641294861147816,-0.370734,0.289375,0.0309354,0.522335,0.521495,-0.650884,0.177651,-0.358427,0.271155,-0.208435,0.734366,0.14646,-0.650097,0.128961,25.593674932023074,4.507471311022078,9.168500060496433,6.7319851298092175,-8.963401376130268,0.22538974349168228,9.306586222466864,6.673656494856123,-0.544853,0.315302,-0.381138,-0.0216118,-0.226018,-0.177699,0.957534
11.430723667144775,6.8038753650318515,-4.12162928728991,5.031790309290196,2.2673845718515637,-1.9434429276671987,-2.477479081667506,-0.370782,0.289435,0.0309866,0.521972,0.521731,-0.651115,0.177174,-0.358582,0.271286,-0.20841,0.73462,0.146635,-0.64984,0.128606,25.633412333643754,4.448376364322291,9.172296882892851,6.879126989804847,-8.865802699681034,0.36433463089728235,9.119770249049406,6.616788963961965,-0.545134,0.315615,-0.380919,-0.0209736,-0.226471,-0.178407,0.95731
11.48507809638977,6.595001833798294,-3.910087230671497,4.476526802101927,2.2114171774744347,-1.8882608260340517,-2.4715823314259615,-0.370792,0.289497,0.0310642,0.52103,0.522067,-0.651282,0.178343,-0.358668,0.271467,-0.208323,0.735372,0.146991,-0.648984,0.128225,25.57070128526935,4.167960586417259,9.270231641484799,6.653151199461673,-8.369218100330738,0.7997297958064316,8.69471538574034,6.662779060309463,-0.54527,0.315803,-0.380819,-0.0218329,-0.226167,-0.179462,0.957165
11.540283918380737,7.3803905490293875,-4.236283686740678,4.09621715712833,2.273523916735726,-1.8220348122248626,-2.626999501853632,-0.370763,0.289432,0.0309806,0.522149,0.521604,-0.651149,0.176902,-0.358514,0.271321,-0.208369,0.734538,0.146751,-0.649981,0.128226,25.597055782216938,4.485316536530916,9.160877343388398,6.951085892021824,-8.994927636468407,0.3158333766893797,9.155077605253025,6.546343560792933,-0.54504,0.31559,-0.380936,-0.0215129,-0.226078,-0.178851,0.957308
11.593749761581421,7.063121258443236,-4.339214105584248,3.80131924087229,2.3251865708266464,-1.7636279874688119,-2.682772872056939,-0.370756,0.289483,0.0310586,0.520757,0.522117,-0.651354,0.178727,-0.358399,0.271401,-0.208336,0.733938,0.14701,-0.650396,0.129262,25.608203493353685,4.362568971912244,9.217152456623314,6.703310155773897,-8.258622128922337,0.46892600496522974,9.069288076068146,7.039830510111224,-0.544966,0.315509,-0.38097,-0.0231631,-0.226501,-0.177013,0.957511
11.649080038070679,6.572961573623624,-4.318865026290401,2.4459229165893372,2.5659488322991315,-1.603969378875093,-2.9717157120619695,-0.370827,0.28943,0.0309943,0.521354,0.522136,-0.651134,0.177734,-0.358686,0.272214,-0.208152,0.734458,0.150136,-0.64856,0.13191,25.635930109841215,4.286472317401375,8.683922547261393,6.934463059328085,-8.969971217794257,0.8796994279677435,8.52221915084658,6.121025787197735,-0.545791,0.315378,-0.380632,-0.0283977,-0.225334,-0.179166,0.957245
11.70216703414917,8.00086587883549,-5.168547308347641,2.6657677545703975,2.98982349224893,-1.3197589972548043,-3.483200090542222,-0.37106,0.289539,0.0310424,0.521891,0.521183,-0.651518,0.177545,-0.360328,0.275117,-0.207752,0.733759,0.158675,-0.646302,0.136795,25.289946171071723,4.136222068244534,7.42696718347805,6.809368042170451,-8.830466333813202,1.1194218883956495,8.158572910978915,6.124508354324494,-0.549255,0.314538,-0.379473,-0.0395636,-0.216689,-0.189594,0.956836
11.756659507751465,6.422228851690636,-3.7012461878604976,2.0690355033291437,2.662915903058028,-0.9943358559502973,-3.1731727844351587,-0.371454,0.289772,0.0312137,0.519114,0.522604,-0.652404,0.178255,-0.361914,0.27752,-0.207249,0.729939,0.171864,-0.646348,0.141021,24.69892281077758,4.045657894866024,6.11365164240927,9.05677195629154,-7.630387849210811,1.009297308429705,7.651909701057303,6.806879678839943,-0.552339,0.315198,-0.378266,-0.0518368,-0.216272,-0.192686,0.955726
11.812060356140137,5.850812084065157,-5.632162531779031,-0.5791367705348927,2.6196914230189234,-0.8463437295435302,-3.288196243037765,-0.371519,0.289872,0.0312777,0.520459,0.5229,-0.65067,0.179796,-0.361751,0.277306,-0.207165,0.729869,0.169829,-0.647049,0.14063,24.606911276633944,4.262585332043454,6.485929772050431,8.058003990410063,-7.848577820351004,0.5454416843899459,8.502148298627066,7.1948286583765,-0.551845,0.314761,-0.378599,-0.0517166,-0.217636,-0.191418,0.955677
11.866461753845215,7.418809532627486,-4.0263452100835195,-0.8640696789224157,2.453422496176209,-0.8873426443616368,-3.360776255172421,-0.371216,0.289664,0.0312076,0.520127,0.521801,-0.651533,0.18082,-0.360729,0.275352,-0.207629,0.730634,0.162406,-0.648146,0.140372,25.074406149015765,4.2265087250806825,7.084046252911964,7.305310953374756,-7.464097506390326,0.6459155483480252,8.60729600915865,7.550766828254035,-0.550222,0.312209,-0.379655,-0.0475802,-0.217371,-0.189181,0.956398
11.920894861221313,7.863647532172473,-3.005270850456539,-0.7289980653294101,2.40305243935266,-1.0481938734405356,-3.372028911646925,-0.371197,0.289601,0.0312454,0.520985,0.522139,-0.65097,0.179397,-0.360595,0.274073,-0.207999,0.732032,0.159238,-0.646421,0.144608,25.78406808999669,4.254979878333937,6.998279435500849,7.5445784113288035,-8.340170102264224,0.8817481679867036,8.324692506265551,6.651834999598863,-0.549972,0.30988,-0.380232,-0.0480083,-0.218467,-0.186357,0.956681
11.974799633026123,6.871635463333641,-4.240850559413915,1.735314211396367,2.7786944984336417,-1.3879457419530994,-3.4172209798206796,-0.371497,0.289495,0.0310935,0.521044,0.522823,-0.650434,0.179177,-0.361121,0.273473,-0.208384,0.732591,0.158258,-0.645548,0.146739,26.09384564270429,4.240162651833444,6.992667386938537,7.608388202011184,-8.35727481439125,0.9821286923647214,8.24959905744839,6.58142128953339,-0.550706,0.308306,-0.380694,-0.0505328,-0.218123,-0.181384,0.957585
12.029505491256714,6.073646027068306,-5.275072225157922,1.207399459559598,2.822189014615116,-1.3672891664996698,-3.355330765952431,-0.371581,0.289533,0.0310998,0.520973,0.522581,-0.650596,0.179501,-0.361124,0.273457,-0.208337,0.732748,0.157539,-0.645546,0.146741,26.121199364645612,4.198585388134648,7.0443320517483645,7.3756065435823235,-8.273800361597031,1.1102776677216077,8.140672264545616,6.5765583770618266,-0.550531,0.308071,-0.380957,-0.0505444,-0.218723,-0.183795,0.956987
12.084105968475342,5.98196803445954,-5.773709866384835,1.0496578196720048,2.7448384852519863,-1.3064636735842472,-3.33817659406701,-0.37133,0.289595,0.0311384,0.519814,0.5222,-0.652073,0.178611,-0.360549,0.273617,-0.208165,0.732602,0.157457,-0.645944,0.145801,26.189250951351802,4.094513782073355,6.9949726490723085,7.792769872151062,-8.173386762294932,1.5006949198785868,7.687253990583832,6.342219861350102,-0.549538,0.30813,-0.38118,-0.0500228,-0.21982,-0.184361,0.956655
12.138417959213257,6.236885519272511,-5.879551885060185,1.1822287231729387,2.798749077620133,-1.3950671337363096,-3.4086174963045917,-0.371101,0.289609,0.0311772,0.519679,0.522455,-0.651388,0.180744,-0.359946,0.273764,-0.208047,0.729559,0.161633,-0.648457,0.145337,25.578164648726233,4.4003977109875665,6.837108688442738,8.600683650860685,-8.034425576275767,0.42123148364452945,8.381744297851116,7.220004046471126,-0.548632,0.308426,-0.3814,-0.0510506,-0.221879,-0.181612,0.956651
12.193268537521362,6.588719825457596,-6.438670285467816,1.8119441413453967,2.9550265437861625,-1.2808184980927424,-3.5264057432698457,-0.370817,0.28957,0.0311372,0.518068,0.524175,-0.650941,0.181994,-0.359326,0.274871,-0.20775,0.726156,0.165864,-0.651024,0.146129,25.2972017471809,4.698584382140489,6.676749722745123,8.75970424394969,-7.60764879066385,-0.004085873515744964,8.722099301822318,7.8638103689296575,-0.547742,0.309697,-0.38127,-0.0539917,-0.22275,-0.187102,0.955228
12.247998476028442,6.423506903884747,-7.1955101467707685,1.0768995922387155,3.006684424941232,-1.1405069078245271,-3.6252715085631406,-0.370794,0.289611,0.0311915,0.5183,0.524165,-0.650681,0.182289,-0.359271,0.275957,-0.207413,0.72598,0.169047,-0.650349,0.146366,25.01995937863827,4.639493277365955,6.398571345391712,8.630134948617059,-8.008010666778667,0.08189660805769705,8.716995040210591,7.492190903305679,-0.547842,0.311007,-0.380824,-0.0564527,-0.223976,-0.189844,0.954257
12.302488327026367,6.132238535627082,-8.297798920656811,0.6929228200289776,3.2347431660706194,-1.0821573889133125,-3.7640871618735168,-0.370772,0.289612,0.0311994,0.518032,0.523982,-0.650989,0.182482,-0.35938,0.277192,-0.206994,0.725587,0.172522,-0.649996,0.145827,24.68737257000129,4.537222070351916,6.117381630090961,8.551737381622722,-8.002146658828984,0.3223458522015683,8.60646411638155,7.271784190396719,-0.548127,0.311854,-0.380389,-0.0564324,-0.223073,-0.194959,0.953439
12.356977224349976,6.476947069168837,-6.415685297044996,0.24259508158628493,3.329517484424231,-0.6734006312081824,-3.8270581733161264,-0.370858,0.289641,0.0312122,0.517863,0.524034,-0.650901,0.183122,-0.360257,0.279772,-0.206409,0.722991,0.181255,-0.649867,0.148672,24.1244085821081,4.61003046445033,5.166982292684992,8.678189404916337,-7.8435373755753615,0.14167615531490796,8.610890246058409,7.545114862780216,-0.550102,0.313394,-0.379068,-0.0644395,-0.218062,-0.201303,0.952771
12.411371946334839,6.021146751424718,-7.275110473678253,-1.3660702655897912,3.2361592692336587,-0.42805676911882273,-3.901113796935408,-0.371114,0.289767,0.0312984,0.518431,0.523324,-0.651091,0.18287,-0.361392,0.281446,-0.206179,0.723394,0.18694,-0.647242,0.151104,23.847152872775542,4.349067409684396,4.376004117459248,8.850035921106661,-8.123228930674236,0.3719575228881169,8.153594765759044,7.075692378386982,-0.551852,0.313311,-0.378624,-0.0686715,-0.213479,-0.203612,0.953023
12.465604543685913,5.819011487472619,-5.918784500647561,-1.3229672390712726,3.041260800181353,-0.4296794334132157,-3.800558233355079,-0.371297,0.289844,0.0312792,0.517926,0.523809,-0.651144,0.182726,-0.36248,0.281482,-0.206562,0.725295,0.186668,-0.644836,0.152607,24.116962265600282,4.0036709595905995,4.327784271706813,8.670131424965584,-7.517212881119607,0.8930342277069343,7.757291518248045,7.19935748257081,-0.553776,0.312372,-0.378302,-0.0734963,-0.212387,-0.2038,0.952867
12.519500255584717,6.215173656126039,-4.861892458127532,-0.05074296545846252,3.135155550972492,-0.5675116801566212,-3.8553384934869483,-0.371619,0.289677,0.0312259,0.518368,0.524484,-0.650269,0.182652,-0.363345,0.28065,-0.207102,0.726873,0.183007,-0.643925,0.153378,24.51274068277968,3.9737696375934433,4.679321743836661,7.90234977746595,-7.139344889466653,0.9052955101592204,8.076275078762638,7.634805677805386,-0.555599,0.310568,-0.378224,-0.0756009,-0.210841,-0.197446,0.954382
12.574631452560425,6.542386249971189,-3.5092696715237732,0.6347061435935413,2.96339330694333,-0.5677438045029778,-4.010229573184175,-0.37207,0.289762,0.0312681,0.519909,0.523539,-0.650319,0.180794,-0.365694,0.280697,-0.207804,0.727983,0.184602,-0.640873,0.158887,24.89471708441273,3.8964892624385294,3.888100647183908,8.46636983029949,-6.989510120977212,0.6672992631883972,7.72942205454844,7.820999172418284,-0.559245,0.307538,-0.378037,-0.0784871,-0.203196,-0.199043,0.955475
12.62882924079895,6.746939805591609,-4.275243040707483,0.6280192559054191,3.1765333592347127,-0.38149943276474724,-4.3000397367566405,-0.37271,0.289969,0.0313664,0.522857,0.524662,-0.647559,0.178936,-0.367942,0.281128,-0.208155,0.728578,0.187054,-0.638682,0.162081,24.99220167018728,4.204416399047097,3.492860165058148,8.681858505181594,-7.680401309547367,-0.18012988825422838,8.15377547555137,7.96110938884714,-0.562677,0.306128,-0.377343,-0.08173,-0.197884,-0.200853,0.955939
12.683250427246094,4.383263021514676,-3.1525385823309398,0.23716950887684277,2.9796633996182957,-0.47800265318470814,-3.84125556815147,-0.373346,0.290144,0.0315546,0.521295,0.526178,-0.647697,0.17854,-0.370869,0.282738,-0.208408,0.730077,0.191562,-0.634731,0.165555,25.192568733386416,3.6699611827693146,2.9575200451192254,8.539826447320296,-6.192407170778406,0.4613579109301007,7.568923737298291,8.518320314668783,-0.567674,0.304273,-0.376065,-0.0894734,-0.192714,-0.204555,0.955517
12.739150524139404,5.460518181645984,-1.409572926533637,0.33525537705753794,2.882548666550555,-0.5587372075481845,-3.9150640542011996,-0.373816,0.290233,0.0315863,0.524147,0.526137,-0.645808,0.177148,-0.372264,0.282076,-0.208829,0.733091,0.18932,-0.63139,0.167578,25.549528009797974,3.641344056680829,2.9523080832590702,8.155789414627913,-7.045209342186361,0.4369769013391682,7.64421921627211,8.062393810304254,-0.569885,0.303471,-0.375374,-0.0883928,-0.187208,-0.198555,0.957975
12.794778823852539,5.133448657108121,-4.368222804780365,1.4011312605290132,3.2791039043354115,-0.8880031019188589,-4.095378545176241,-0.374281,0.290197,0.0315496,0.525046,0.526842,-0.644932,0.175576,-0.373201,0.280543,-0.209213,0.736474,0.183135,-0.629378,0.167183,26.193455025740118,3.5159354634088706,3.5373107534957002,7.6644749690293015,-7.030267820494202,1.0240667882895451,7.510241791179051,7.720664517493976,-0.57107,0.303158,-0.375362,-0.0869429,-0.190874,-0.191908,0.958738
12.864206790924072,5.519879927243184,-6.553478834690366,0.7810033519666466,3.4823154432454784,-0.8590535846834724,-4.2992503809780045,-0.374112,0.290178,0.0315195,0.524464,0.526648,-0.645241,0.17676,-0.371912,0.279902,-0.208834,0.734692,0.181402,-0.632728,0.164243,25.950733355800942,3.7731536927055673,3.9659564453737763,7.811382362712941,-6.851615809941361,0.7680053413440504,7.828218842959543,8.027614126844313,-0.568711,0.303784,-0.375958,-0.0829667,-0.195196,-0.192502,0.958101
12.918693542480469,4.108401743341034,-6.979912859974169,-0.8905683982735638,3.3330701118332033,-0.9022420508897279,-3.9837156963457407,-0.373597,0.290188,0.0315044,0.521907,0.52679,-0.647184,0.176799,-0.370034,0.280802,-0.208271,0.72827,0.186922,-0.638268,0.165218,25.592374054113233,4.3460267581959,3.3764367713757064,9.560771193850952,-6.829382532582962,0.02876047705273521,7.459003030966907,8.34672845259804,-0.565493,0.304499,-0.37685,-0.0844585,-0.196342,-0.198561,0.956499
12.973461151123047,4.234772012664606,-6.4511771641238145,-1.1110984991534025,3.414144824288415,-0.9441050014891436,-3.988814187972325,-0.372555,0.290054,0.0314263,0.520266,0.525952,-0.648433,0.17953,-0.36687,0.28116,-0.207718,0.725639,0.188444,-0.640858,0.165036,25.22029159159624,4.369175642375449,3.29640520128938,9.480416621812852,-7.3821862197919685,0.17212606849518153,7.376083274645102,7.895018550888589,-0.560641,0.304984,-0.378023,-0.0846006,-0.199984,-0.199354,0.955566
13.029402494430542,3.69288596897812,-6.384459391164123,-1.502444231849148,3.3917948156967874,-1.1002088306719866,-3.898847494442833,-0.371937,0.289888,0.0312976,0.51773,0.525735,-0.649564,0.183371,-0.364685,0.281076,-0.207567,0.723689,0.188907,-0.642549,0.16649,25.077232953605396,4.193529863201769,3.3216120744937507,9.122380507507026,-7.022859783065744,0.5272803082275068,7.315105676826215,7.8252189071506235,-0.557455,0.304323,-0.379164,-0.0885228,-0.203903,-0.201748,0.953879
13.08537220954895,4.624234854572426,-5.9189876834341595,-0.5009012054819427,3.4096918634786326,-1.1441653982636348,-4.07282065383182,-0.371567,0.289717,0.0312033,0.518153,0.525958,-0.648436,0.185516,-0.363393,0.280135,-0.207661,0.723698,0.186645,-0.642799,0.16803,25.171932417243063,4.257239312561863,3.580203336205428,8.502741955943565,-7.510485782509297,0.4812219174402266,7.76575777183466,7.682256040520341,-0.555387,0.302818,-0.38015,-0.0870531,-0.206237,-0.200633,0.953748
13.140865087509155,4.310605561615569,-5.390877283512496,0.27175762698023126,3.3775439842962087,-1.2754977714666258,-3.9893129080698237,-0.371825,0.289709,0.0311708,0.517774,0.525935,-0.649233,0.183844,-0.363958,0.279545,-0.207965,0.725054,0.184503,-0.642029,0.167495,25.504820043417286,4.122620505575516,3.690503291995575,8.84706989865469,-7.2912716448473915,0.8182155031646019,7.193748564114661,7.463537729029604,-0.556312,0.302235,-0.380196,-0.0874843,-0.205272,-0.194803,0.955124
13.19606351852417,3.7961313787527295,-4.571415748915779,0.9217024000259963,3.313849394828403,-1.387381400114683,-3.9525029785136576,-0.372628,0.289739,0.0311901,0.521572,0.526085,-0.646475,0.182391,-0.366703,0.278923,-0.208768,0.728229,0.182687,-0.638634,0.168686,25.709547531553927,4.188637163283748,3.751089383987111,8.279691076538253,-7.617978858415572,0.12336678326990125,8.055996519848513,7.875266404389547,-0.56064,0.300975,-0.379329,-0.0864778,-0.199563,-0.192667,0.956857
13.251024961471558,4.436502266609144,-4.121766661074144,2.4655893634240087,3.4560120058261554,-1.2962092890932062,-4.004292552927153,-0.373279,0.28988,0.0312736,0.522384,0.524894,-0.647875,0.17849,-0.369277,0.27911,-0.209251,0.729343,0.184897,-0.636726,0.168675,25.81055484900274,4.090745352786649,3.1605391321886973,9.802033707807619,-7.221164868151857,-0.15488325607455522,7.267128181403807,8.284991466591267,-0.564842,0.300407,-0.378111,-0.0879104,-0.19571,-0.191887,0.957679
13.306353569030762,4.82939908640822,-3.3561321627271674,4.593330140498038,3.7346720508213886,-1.2414620987429545,-3.914577930538107,-0.374383,0.290152,0.0314266,0.52443,0.526966,-0.645232,0.175943,-0.373366,0.279314,-0.209893,0.735802,0.181019,-0.630084,0.169769,26.56450430437556,3.6102125415872464,3.5524313338495013,8.115671149917162,-6.517426434789506,0.6760296749409989,7.403204032713619,8.247617572676292,-0.571412,0.300105,-0.375841,-0.0893854,-0.19101,-0.188547,0.959153
13.361547231674194,4.271363496191108,-3.8084185234473122,4.556530606774135,3.932482829003478,-1.1058792044024977,-3.867694589770813,-0.37518,0.290325,0.0315164,0.52752,0.527437,-0.643503,0.171573,-0.376203,0.279804,-0.210248,0.73871,0.181014,-0.626204,0.171494,26.98999272666065,3.6933188930526466,3.2597704048966136,8.025320650552569,-7.275912420906428,0.5516203034849667,7.3540047520023,7.886719914681407,-0.576148,0.29885,-0.374384,-0.0928933,-0.186705,-0.194015,0.958577
13.41621994972229,2.8256447924252632,-0.7246077636821917,2.8161484428572807,3.4190808299437236,-1.3738858766006,-3.4357220283362655,-0.375829,0.290441,0.0316874,0.528452,0.527102,-0.643,0.171619,-0.378357,0.279325,-0.210734,0.741703,0.180373,-0.622402,0.173084,27.188015742727192,3.2808157344017714,3.1614041195589317,7.914022076570509,-6.774274201146156,0.7236441151085984,7.133951499360231,8.115056081576038,-0.579559,0.297076,-0.37353,-0.0942981,-0.180379,-0.185753,0.961284
13.470946788787842,5.261464037114705,-1.629266267009118,3.194496200989259,3.36957456475353,-1.5134580844655638,-3.847974669424389,-0.375943,0.290388,0.031704,0.528431,0.527691,-0.642951,0.170049,-0.378294,0.276736,-0.211202,0.743902,0.17213,-0.62248,0.171757,27.924841288861113,3.297019455349459,3.975829531879052,8.123499501691418,-6.535031002627566,0.9698466841589095,6.8294595455434095,7.99612739764011,-0.579123,0.295333,-0.374432,-0.0850683,-0.178015,-0.171408,0.965243
13.526505708694458,4.503515232774117,-4.516671551482796,2.750678602217557,2.9985413377106136,-1.5702339343836758,-3.483084356835553,-0.37592,0.290426,0.0317399,0.52907,0.527126,-0.642756,0.170549,-0.376634,0.274258,-0.211225,0.741955,0.163989,-0.627802,0.168746,28.113253183473926,3.956558423995087,4.926060560051432,8.157035373206828,-6.672892096164643,-0.007452003168857857,7.9424182067846365,8.799667555930231,-0.575396,0.294772,-0.37627,-0.0766393,-0.186797,-0.167728,0.964936
13.581565856933594,3.9684752929625935,-5.739193333718679,1.5377103152884495,3.074166261730118,-1.630103596151478,-3.5676682955784713,-0.375438,0.290258,0.0315776,0.529225,0.526358,-0.643018,0.171452,-0.373961,0.272626,-0.210913,0.740369,0.160013,-0.63091,0.167934,28.180519107816266,4.301015240676205,5.31449536022885,8.425796142935656,-7.727002252316693,-0.07434574288656748,7.911066171897321,8.199615485558782,-0.570828,0.294252,-0.378,-0.0758465,-0.196991,-0.169523,0.962655
13.637242794036865,3.0793224311156706,-5.712669243487629,-1.9100782150640745,2.860995042656403,-1.7045062234925477,-3.3142713253268092,-0.373717,0.289951,0.0313791,0.524262,0.526618,-0.645087,0.178005,-0.367363,0.27168,-0.210253,0.733479,0.159826,-0.638087,0.171198,28.0530751544629,4.593943524597102,5.434166953832387,8.705324075882581,-8.216096923849257,0.06440281748957233,7.756979657142035,7.764262168578339,-0.56072,0.292135,-0.381545,-0.0815877,-0.207076,-0.167907,0.960349
13.692561149597168,2.4338446447356894,-5.414853593736524,-3.7859706233981862,2.6159310153118986,-1.9052868304530735,-3.1869135139743148,-0.372404,0.289723,0.0312544,0.520184,0.525643,-0.648159,0.181654,-0.363122,0.270542,-0.210012,0.729303,0.156064,-0.642986,0.174157,28.398082799934354,4.682374725297684,5.563098930344086,8.599307213062374,-7.75269951539269,0.48937627859061195,7.476144488501457,7.730950300514147,-0.553963,0.290399,-0.384166,-0.0793271,-0.209439,-0.162398,0.960973
13.747414112091064,2.4490352880142363,-5.887375153067135,-4.26856548703774,2.6610644279603157,-2.1559056736518425,-3.2068515091347405,-0.370869,0.289384,0.0309362,0.516389,0.526197,-0.649176,0.187162,-0.357046,0.268333,-0.209542,0.725573,0.150795,-0.648429,0.174199,28.52388375434032,4.799732632920131,6.381089331112236,8.417391845720083,-8.37061943269857,0.9300053704249578,7.393042865662935,6.991410348550803,-0.544079,0.288404,-0.387356,-0.0794622,-0.222074,-0.163172,0.957989
13.802596807479858,3.5781089812090285,-7.390032425013569,-3.2624754825192817,3.0387914054074248,-2.197850811917009,-3.5602512151363457,-0.369979,0.289229,0.0307245,0.514138,0.524634,-0.65169,0.189002,-0.354281,0.267806,-0.209513,0.722233,0.150033,-0.65135,0.177801,28.71741465699933,4.914418996601557,6.038642055513495,8.838813160558463,-8.472588507045455,0.9972205772422349,7.001749354003321,6.889167234085412,-0.539928,0.287367,-0.388914,-0.0815629,-0.227178,-0.161171,0.956954
13.857824563980103,4.250445672760221,-6.636294831372371,-1.7341519091369355,3.381573393026023,-2.240805652527668,-3.7090490017931805,-0.369589,0.289077,0.030639,0.514058,0.522757,-0.652469,0.191715,-0.353559,0.268203,-0.209484,0.721806,0.15119,-0.651909,0.176498,28.196215633485426,4.733116858688345,5.970560704133823,8.18164874544909,-8.139960823644188,0.8812330005947544,7.556568375828359,7.153863241431297,-0.538756,0.287907,-0.389115,-0.0800595,-0.221266,-0.166396,0.957572
13.912915229797363,3.9419375525510714,-5.187652971678081,0.42907358090106357,3.725009669095349,-2.1137518806137545,-3.554465352250448,-0.370212,0.289084,0.030574,0.515791,0.523957,-0.651319,0.18765,-0.35618,0.270204,-0.209553,0.7242,0.157806,-0.648014,0.175241,27.919130274877016,4.594572276324358,5.404708692011009,8.797164878342109,-8.769276366483764,1.0641403931796702,6.963991187819982,6.530730685820119,-0.543713,0.290059,-0.386951,-0.0834877,-0.216827,-0.171933,0.957317
13.968162536621094,3.464456630901445,-4.053589213171416,0.41657677233296847,3.568829649109896,-1.8813477365996945,-3.38624464859486,-0.371626,0.289515,0.0309101,0.518225,0.525535,-0.648769,0.185349,-0.362592,0.273583,-0.210035,0.728421,0.167051,-0.641223,0.174155,27.325189045828672,4.087321480150853,4.762694813274838,8.2647940162598,-7.2493038016727205,0.8097555606324036,7.357638795109732,7.652199089824465,-0.554288,0.293102,-0.383089,-0.0857674,-0.20508,-0.174659,0.959208
14.023434162139893,3.21010510294816,-4.619780877231652,2.918835641311602,3.8647077482279593,-1.9115258953783292,-3.4434906056153642,-0.373325,0.289857,0.0311277,0.522738,0.524526,-0.648245,0.177189,-0.36852,0.274442,-0.210469,0.733009,0.167963,-0.636984,0.16952,27.363370714210316,4.134426765695301,4.474884552018527,9.170688598954388,-6.974931526955698,0.26460453847666443,7.222545231118784,8.200693302678387,-0.563555,0.295611,-0.379517,-0.0822543,-0.198852,-0.181942,0.959473
14.09437370300293,4.628107791697925,-4.66616059874248,5.486029201869801,3.917831043590912,-1.9839628806965235,-3.736499804810797,-0.375717,0.290201,0.0314101,0.529285,0.525999,-0.64365,0.169989,-0.376113,0.275392,-0.210827,0.741513,0.168835,-0.62806,0.164903,27.399581112624425,3.8748347482408123,4.61173641431445,8.79470900539275,-7.233202252353422,0.17886327019190418,7.4048357130644895,8.179123641660428,-0.574982,0.298414,-0.375098,-0.0766485,-0.188725,-0.179159,0.962502
14.149492979049683,6.780306507230824,-5.721636187575265,6.214455504477649,3.835084175403828,-1.7029792875750491,-4.040201427725803,-0.376922,0.290617,0.0317815,0.532464,0.527768,-0.64036,0.166977,-0.379584,0.276609,-0.21,0.745155,0.169919,-0.625773,0.15582,26.769458055435752,3.8917395058589714,5.317779046236536,8.358254476893208,-7.054045533739335,0.046745567396722976,8.080378684830842,8.353981090416841,-0.579727,0.303714,-0.372073,-0.0681961,-0.187269,-0.183459,0.962612
14.204661130905151,7.363526428510641,-6.396708376206324,5.986741310103292,3.576476177418343,-1.289574055352181,-3.9688673045784824,-0.376914,0.290776,0.0318029,0.531144,0.527709,-0.64118,0.168218,-0.378912,0.279818,-0.208616,0.74424,0.176808,-0.626177,0.150822,25.78393390025188,3.6127054591307144,5.126308415255217,7.687826642392459,-7.136396334622764,0.9243526543328429,8.089485203092128,7.573638767847112,-0.578642,0.310537,-0.370521,-0.0665495,-0.192753,-0.198129,0.95873
14.260952711105347,7.06785677666007,-8.432286012685227,5.391560924314348,3.6201066576196723,-1.1153003199716969,-4.037045269330447,-0.376063,0.290633,0.0317049,0.526454,0.528972,-0.643155,0.171424,-0.375434,0.282808,-0.206691,0.735744,0.188369,-0.635128,0.140745,23.911396534540472,4.072591285383696,5.151102237723176,9.000791657632247,-6.452523479102686,0.3315374767544448,8.285323770274978,8.130840424859262,-0.572863,0.31861,-0.370192,-0.0593781,-0.19743,-0.206302,0.956522
14.317009210586548,6.977984381921802,-11.203595078126037,2.741060839354987,3.8745914478182764,-0.5893923618148247,-4.344838136580663,-0.374438,0.290433,0.031507,0.524344,0.528938,-0.643754,0.175693,-0.370278,0.288048,-0.203807,0.727948,0.203642,-0.641114,0.132649,21.622994878793815,4.409791341389308,4.632442155021362,8.433516412854113,-8.143397561123699,0.21141175342570762,8.461021772112108,7.230495486431258,-0.565665,0.328291,-0.368981,-0.0622769,-0.205994,-0.226235,0.950003
14.371131181716919,6.767653003326741,-12.833964298326688,2.5249365643394586,4.385865817655095,-0.41682252327401653,-4.469078545040917,-0.372953,0.290423,0.0314409,0.517734,0.528361,-0.647535,0.182989,-0.36704,0.292761,-0.20168,0.720657,0.217842,-0.645306,0.129528,19.87198596449726,3.910626883345915,3.9444198134814217,7.831837958762986,-6.32308456017091,0.8818677084434547,7.864030118313688,8.565967244341795,-0.561221,0.335138,-0.367698,-0.0676139,-0.208272,-0.242072,0.945226
14.42620062828064,5.939567034603897,-12.94598117760132,2.0363010198982994,4.746161591883484,-0.07126604771655494,-4.310420933160094,-0.371388,0.290321,0.0312519,0.51398,0.528349,-0.649208,0.187619,-0.364334,0.300244,-0.198111,0.710847,0.241435,-0.6484,0.126427,17.382624910886843,3.8184434813885972,2.3472700975534577,7.45468049520478,-6.540143946378656,1.0339551413494519,7.6225822580996985,7.783352975416043,-0.558092,0.344883,-0.364264,-0.0794693,-0.208473,-0.269603,0.93677
14.480765104293823,5.913623365536791,-12.931071812397176,0.045723766298698065,4.796070774838696,0.39313070053420607,-4.086392889593205,-0.370974,0.290474,0.0313913,0.513666,0.527006,-0.650122,0.189081,-0.364463,0.304355,-0.196141,0.707239,0.252332,-0.648663,0.124007,16.08717009004067,3.6676281545499947,1.4984493132478551,6.7665741257981225,-6.337594871689253,0.9364580618854248,7.970105852004707,7.85916639548041,-0.558911,0.350393,-0.361246,-0.084371,-0.211644,-0.279596,0.932692
14.544140100479126,5.94066089324615,-10.279832101496583,-1.1090786593367414,4.249546629661508,0.5915445446233759,-4.1305679068949805,-0.371875,0.290466,0.0314586,0.514514,0.528793,-0.648721,0.186586,-0.368555,0.306665,-0.195661,0.708441,0.261668,-0.644047,0.121843,15.487161543276871,3.2899828441389363,0.9036476214548603,7.41861665585221,-5.551978332950218,0.9546066398980919,7.653815802633571,8.342336772319019,-0.565706,0.35157,-0.3581,-0.0879091,-0.201729,-0.28566,0.932725
14.605151414871216,7.055051283262909,-9.622932189201391,-0.47914547098159727,4.129059454493714,0.694794715694157,-4.499347966076099,-0.373573,0.290436,0.0313781,0.517442,0.529224,-0.647397,0.181803,-0.373709,0.30638,-0.196975,0.715873,0.260354,-0.635757,0.124719,16.31423156837609,2.6404548948398894,0.5914183792804035,7.323483315048401,-5.4499260913687495,1.798289041062695,6.530268891817489,7.8266531956283565,-0.573997,0.349231,-0.356319,-0.0888297,-0.193542,-0.282251,0.935406
14.6644926071167,6.605297468582972,-8.954684734608318,1.975079211298642,4.075514441961231,0.32993866011997514,-4.613949261809379,-0.375184,0.29058,0.0315371,0.521847,0.53023,-0.643543,0.179955,-0.37918,0.305574,-0.198271,0.723045,0.25679,-0.628782,0.126084,16.83029774437372,2.3215007514664974,0.8616050582609578,6.274668321241164,-4.65559964636504,1.490105974433554,7.361272935213834,8.742058110013994,-0.582063,0.346374,-0.354842,-0.0860261,-0.184937,-0.276422,0.939142
14.719440460205078,6.84190414216795,-6.682184233578292,2.281238762011279,3.6866128660410986,0.44148566577138426,-4.462769624382506,-0.376364,0.290659,0.0316978,0.524832,0.530281,-0.642274,0.175604,-0.382728,0.305429,-0.198757,0.725594,0.255941,-0.625411,0.129875,17.481204890779967,2.425730545471591,0.37314635275470387,6.570280041014943,-4.882582937426426,1.4340192943263936,7.101928274294998,8.663016144969783,-0.587324,0.344459,-0.353536,-0.0878864,-0.179168,-0.276241,0.940141
14.776195764541626,5.634615966688545,-5.698510030335813,1.715359381412732,3.436024940366427,0.3029650742790263,-4.179358481220386,-0.377013,0.290926,0.031954,0.526848,0.530846,-0.640243,0.175276,-0.384821,0.305496,-0.199069,0.728862,0.255125,-0.622234,0.128434,17.441908204220507,2.235723002609044,0.637264371750204,6.02756192165981,-4.759504176520402,1.081760233371181,7.647887414629798,8.971506341061023,-0.590409,0.343214,-0.352802,-0.0877608,-0.175484,-0.274132,0.941464
14.847974300384521,5.11791862611835,-4.0871560959337225,1.8798385421367028,3.117235435713945,-0.048837495579758396,-4.018215701062164,-0.376911,0.290815,0.0318799,0.525941,0.531577,-0.640485,0.174904,-0.384241,0.304201,-0.199521,0.728725,0.252527,-0.622901,0.13109,17.96999453349875,2.3441018994787783,0.7178635043622794,6.541186966899787,-4.7817120873988825,1.3823719452379777,7.162435920638968,8.78449163795927,-0.589539,0.342173,-0.353427,-0.0838135,-0.176619,-0.271522,0.942368
14.909451246261597,5.265721227910122,-5.587698971870941,-0.2786604377897337,2.931224608219556,0.014456015419162417,-4.079325287497422,-0.37641,0.290685,0.031839,0.525066,0.53119,-0.641476,0.175076,-0.381672,0.302886,-0.199351,0.72766,0.24823,-0.626456,0.128241,18.03294310927933,2.625690869306313,1.2677799315527025,6.8244876884002075,-5.262216411254935,1.5225424335010231,6.990070842463855,8.332380243531679,-0.585046,0.343147,-0.355142,-0.0816517,-0.181761,-0.269273,0.942225
14.975302934646606,4.359339017959046,-9.997648017428945,-1.2699073834728487,3.3299946434827694,-0.15264265789164547,-4.340891517088572,-0.375415,0.290498,0.0317431,0.524037,0.529534,-0.642511,0.179329,-0.376952,0.301784,-0.198662,0.724087,0.244131,-0.633231,0.122948,17.398270111540572,3.0894099138881557,2.092465319158607,6.268885656839469,-5.902624825667418,1.0145068430987472,7.933790079363333,8.155253052112425,-0.577434,0.344853,-0.357434,-0.0769053,-0.195311,-0.267449,0.940431
15.031822681427002,4.3267481228929,-11.123848684947083,-2.9083775502406706,3.483140764624239,-0.1693045592330902,-4.287265233971416,-0.373672,0.290362,0.0315143,0.518232,0.529467,-0.646332,0.182633,-0.370567,0.301223,-0.197615,0.71631,0.243919,-0.641623,0.125396,17.473368369218253,3.5572703152833998,2.0545193160398245,7.23003622792157,-6.3299938048761675,1.7544363955826086,6.927089463962039,7.430776148472921,-0.567421,0.346253,-0.360205,-0.078745,-0.208207,-0.272863,0.935946
15.087467432022095,5.283291503397567,-9.666081980536497,-2.486108278429325,3.4073951070351503,-0.37465169368437423,-4.316817859551589,-0.37115,0.290056,0.0313625,0.514188,0.527292,-0.649459,0.18915,-0.364094,0.300923,-0.197308,0.711482,0.244155,-0.646949,0.125057,16.8953610866974,3.47766622280486,2.211192549724232,6.909650553112405,-6.6041850509249915,1.513649557395862,7.282065043211687,7.229493117392644,-0.557963,0.346545,-0.363,-0.0795688,-0.215662,-0.273792,0.933915
15.142380714416504,6.338201144230908,-10.58302844706628,-2.5481861239626515,3.7056464686554205,-0.3748028317375324,-4.554964872496807,-0.369803,0.289891,0.0311231,0.510561,0.526614,-0.652009,0.192069,-0.36059,0.300671,-0.197194,0.707362,0.243937,-0.651399,0.125753,16.805860006367343,3.5726521495828325,2.2596456153038096,7.111171340535154,-6.146535927696579,1.550990528401723,7.3039223657018155,7.628065173309146,-0.552896,0.34642,-0.364667,-0.0796264,-0.219941,-0.274351,0.932747
15.199432611465454,5.278228405728351,-8.382194337270784,-1.8488676313592527,3.6068718983646866,-0.33866956366537837,-4.12460026953898,-0.369506,0.289808,0.0310051,0.509546,0.525992,-0.653144,0.192612,-0.360116,0.301462,-0.196849,0.706692,0.24654,-0.651167,0.125644,16.5762495499759,3.3534729389131854,2.0044314235113454,7.098001954844417,-6.040732774415665,1.9456650104656106,6.874228175058778,7.4018476709557195,-0.55257,0.347296,-0.36414,-0.0821753,-0.218893,-0.276244,0.932214
15.25481629371643,5.951765954539811,-8.26062021443035,-0.17550208239647708,3.8847904014653105,-0.19607930289696607,-4.260639835055572,-0.37084,0.289842,0.031118,0.513954,0.526366,-0.650337,0.189347,-0.363906,0.301795,-0.197044,0.711411,0.247701,-0.646327,0.121656,16.310711307634524,3.2089919286096387,2.0772554878923435,7.015465887655054,-6.518407786669956,1.610258044618309,7.100656315453183,7.097723391222116,-0.558553,0.347913,-0.361782,-0.0807783,-0.211504,-0.277439,0.933685
15.309614419937134,5.208673743604784,-7.751424151153853,0.8207597807464467,3.9603999377288623,-0.23196019491240957,-4.277761953271655,-0.372576,0.290113,0.0313163,0.516779,0.527892,-0.647906,0.185707,-0.370101,0.30317,-0.197786,0.715448,0.250564,-0.640127,0.124857,16.678116072426143,2.9500867284011334,1.5426927169805502,6.6705230659720165,-5.435061205551139,1.3851069273564889,7.456255354823743,8.208103933792604,-0.568429,0.347268,-0.358828,-0.082428,-0.198922,-0.278637,0.935947
15.364618301391602,4.719923944968261,-6.289781879415781,3.3350198986644988,3.860422955854748,-0.29797996817928485,-4.0768584822811915,-0.374778,0.290474,0.0315469,0.520391,0.531547,-0.643616,0.180024,-0.377808,0.305171,-0.198174,0.722379,0.255751,-0.630122,0.125325,16.962497831926893,2.4190314005961926,1.1637362280906318,6.429846831094556,-4.8015208478370335,1.7290523314324098,7.11919940185131,8.473583231363994,-0.580338,0.346714,-0.354925,-0.0849315,-0.186211,-0.276955,0.938833
15.419395923614502,6.324887785786365,-5.318143481030813,4.526696584992185,3.783611840313261,0.053995335552654115,-4.203027820719609,-0.377205,0.290828,0.0319013,0.527875,0.531528,-0.639027,0.17456,-0.385283,0.306289,-0.198446,0.729183,0.258317,-0.621457,0.123916,16.859267364305783,2.234932627407195,0.7428528642294854,6.144270418576614,-5.199831846835574,0.9666924519145681,7.659725891632007,8.60236287051981,-0.59128,0.346914,-0.350755,-0.0826599,-0.173022,-0.277544,0.941382
15.474656343460083,4.931381523489971,-5.587626694781443,3.6917542359896536,3.652819507593063,-0.0022258362743570975,-4.03690705756794,-0.378921,0.291266,0.032249,0.532082,0.533092,-0.635829,0.168591,-0.3904,0.307296,-0.198337,0.731898,0.259499,-0.617471,0.125359,17.28744079421329,2.543449489721092,0.33724391547622723,6.33187258858557,-5.477380664608404,0.5688024206794289,7.89131993356119,8.762853801522736,-0.598857,0.34689,-0.347615,-0.0818977,-0.166694,-0.279238,0.942089
15.529556035995483,5.832084017835698,-5.532636083133791,3.9343309826972357,3.367384240964467,0.02619567810663935,-4.055150859551733,-0.379646,0.291428,0.0323125,0.531488,0.534535,-0.635086,0.168696,-0.391582,0.306797,-0.198308,0.734352,0.258324,-0.616097,0.120079,17.09072604205696,2.252535927989102,1.0515607010077943,6.510476540211471,-4.722973532920829,0.8931204122648886,7.706407051367602,8.998538505736471,-0.600248,0.347819,-0.346903,-0.0781584,-0.166739,-0.277775,0.942831
15.584705114364624,6.281997735089582,-6.914382157110868,3.7055199265630923,3.388338998650623,-0.030207223895232064,-4.226471459588661,-0.379302,0.291318,0.0322198,0.5306,0.533404,-0.636482,0.169808,-0.389622,0.306005,-0.1981,0.734148,0.255355,-0.618138,0.117153,16.96931516309021,2.224732116321928,1.4748863884420667,6.4123827400729905,-4.865419406838532,1.30107146100082,7.431237692737224,8.58642606026719,-0.5968,0.349154,-0.348012,-0.0746122,-0.171192,-0.278452,0.94212
15.639013528823853,6.098517692162972,-9.317143850952359,3.643656794462926,3.703529162817659,-0.04716473266642014,-4.435952780940281,-0.378245,0.291198,0.0320474,0.527174,0.533215,-0.63838,0.173901,-0.385904,0.306268,-0.197233,0.728783,0.256632,-0.623964,0.116982,16.546645080192548,2.5059700970813457,1.5729801670313517,6.295777966963179,-4.546597180344463,1.4240620059039877,7.695066289001275,8.85575878709589,-0.591102,0.351488,-0.349317,-0.0755504,-0.180284,-0.281355,0.939484
15.694158792495728,6.361899678518802,-12.147524911548993,2.6360017712928143,4.001547221554364,0.014197594776774965,-4.5315006344139075,-0.376247,0.290857,0.0316869,0.521758,0.532203,-0.64257,0.177855,-0.378699,0.306784,-0.195541,0.719565,0.260818,-0.633954,0.110916,15.416007873957053,2.978252170870506,1.7240844038878143,7.5151607358685695,-5.178143971831597,1.4884621880796267,7.225723796808456,8.201124195421368,-0.580093,0.35633,-0.351089,-0.073603,-0.196581,-0.290467,0.933578
15.748929977416992,5.983141698322573,-12.034701517653811,1.1980194329703908,3.854473354637866,-0.07865388660542763,-4.3953272217488,-0.374185,0.290558,0.0315454,0.517746,0.53105,-0.645026,0.184025,-0.372698,0.307699,-0.194117,0.713635,0.263908,-0.639848,0.108043,14.446019575113352,3.044762628037291,1.9175831178464637,6.836510041100706,-5.547976151175251,1.5587321077568816,7.6318001574096686,7.8386637690780185,-0.571265,0.360723,-0.351796,-0.0705038,-0.20574,-0.29769,0.929559
15.804004430770874,6.577618421217363,-13.187392548272015,-0.5899755466472975,4.0791392218814995,0.12531590573245008,-4.409139579649687,-0.372117,0.290452,0.0314183,0.514529,0.528859,-0.648573,0.186873,-0.368043,0.309499,-0.192798,0.707574,0.268972,-0.645091,0.104163,13.44204417297536,3.106774558418677,1.669211553534442,6.92526977567948,-5.657280729378218,1.293780174527214,7.925100460205134,7.882606559920289,-0.56478,0.365257,-0.351743,-0.066292,-0.212708,-0.30336,0.926463
15.86125659942627,6.9416612116524,-10.98883324814677,-1.2613765924436602,4.003878063740658,0.37149284915949304,-4.244438052133367,-0.37118,0.290417,0.0312982,0.511608,0.528067,-0.650939,0.188895,-0.366261,0.311969,-0.191294,0.704387,0.275329,-0.646289,0.101704,12.659973520296385,2.7815655091162075,1.354110316992922,6.376025751958348,-5.217423111480982,1.9232676602743268,7.379307114341418,7.71848208937347,-0.562707,0.368725,-0.350463,-0.0710103,-0.212684,-0.308688,0.924356
15.926384449005127,7.297739728504925,-8.067769916620222,-2.2342664618177386,3.7258453778930307,0.8314907471013342,-4.226975554210423,-0.371916,0.290448,0.0314244,0.512902,0.52983,-0.648405,0.189161,-0.369504,0.31483,-0.189984,0.702797,0.285729,-0.643501,0.101693,11.794496294156714,2.733888447665909,0.6495837269272293,6.1369716428782155,-4.735288122247494,1.4369071830319449,7.523135983744531,8.268202331652022,-0.56814,0.370189,-0.346975,-0.0763485,-0.203947,-0.316147,0.923378
15.982386827468872,6.563166014475287,-8.91998766263321,-2.670010778818682,3.9856692402916933,0.979978754004297,-4.471368026038881,-0.373132,0.290516,0.0315732,0.516066,0.530314,-0.64617,0.186834,-0.374308,0.316809,-0.189761,0.706286,0.291052,-0.636797,0.104588,11.773551378385559,2.301475813705873,-0.11268153416097171,5.3970177399195745,-4.533087769182532,1.6073927591837958,7.347083230915896,8.299458084300934,-0.575861,0.369353,-0.344425,-0.0869916,-0.195016,-0.321279,0.922595
16.039948225021362,6.77167441992825,-7.4065501040851025,-1.0343275744494358,3.9022210090817735,1.1763987673190623,-4.462547923063807,-0.37574,0.290788,0.0317613,0.52161,0.532519,-0.641274,0.181975,-0.38398,0.320175,-0.189932,0.70849,0.302215,-0.62785,0.111856,11.795755744790087,2.1852393735349342,-1.7556729275543024,5.310604096501994,-3.704543384196671,0.4187407044287248,7.996579616685948,9.950542211629879,-0.590634,0.367208,-0.339667,-0.0966813,-0.178109,-0.324932,0.923769
16.09666419029236,8.407990595044394,-5.794992804140661,0.38711989538509517,3.654720193482951,1.6448801075662565,-4.2488791493567915,-0.377914,0.291232,0.0320539,0.526227,0.533396,-0.638587,0.175443,-0.391084,0.321858,-0.189713,0.713925,0.306489,-0.62036,0.107375,11.627528683403149,1.8169930911716754,-2.095157747342725,5.834754273250645,-3.066218285215557,0.17930839008866428,7.84568826970816,10.409026593966747,-0.601263,0.367135,-0.335274,-0.0968857,-0.16448,-0.326896,0.92558
16.15425443649292,7.648590827329997,-4.489625872958918,0.20355378513139866,3.2789314165280397,1.6784134717676904,-3.840687246001493,-0.37981,0.291657,0.0326188,0.53013,0.535626,-0.634217,0.172728,-0.397062,0.323119,-0.189424,0.719763,0.308074,-0.612895,0.106734,11.738652269926437,1.4978235677257545,-2.061247548681383,4.7765795339130435,-2.5219737935024176,0.016918189912342285,7.950623456061372,11.031946775414509,-0.610027,0.367225,-0.331497,-0.0980726,-0.156366,-0.325753,0.927263
16.210861444473267,7.736174725120663,-3.839359455653647,0.7966482305805427,3.355628667767303,1.4025446568411881,-3.872756759911126,-0.38054,0.291839,0.0326299,0.52976,0.535635,-0.635588,0.168755,-0.398695,0.322046,-0.190006,0.724749,0.3036,-0.60906,0.107758,12.716700737394955,0.9875020770648246,-1.9359442536920781,5.229770808022412,-2.3056670162489,1.7931807325455047,6.0676069543349,9.614264366156156,-0.612458,0.366959,-0.330696,-0.0917935,-0.150039,-0.318542,0.931447
16.267907857894897,8.77677552320486,-3.5695736792411457,1.4474842094962066,3.2407639682225424,1.1182592627133585,-3.9812620969014874,-0.380617,0.291639,0.0326178,0.531551,0.536557,-0.633508,0.168011,-0.397906,0.319566,-0.191156,0.728024,0.296482,-0.609758,0.101361,12.743538178192953,1.2727599356209498,-0.7433339576268896,5.523553280397827,-2.93952537669695,1.0137790531800235,7.05063668487613,9.83297762685674,-0.611208,0.366932,-0.331281,-0.0838115,-0.149764,-0.314328,0.933672
16.322960376739502,8.52625501690058,-4.375314846513996,1.303388818254906,3.0341789174202227,0.8392858662411704,-3.879729883799587,-0.380273,0.291565,0.0325362,0.532348,0.536117,-0.633062,0.168573,-0.39561,0.317508,-0.191687,0.728972,0.290273,-0.611801,0.100204,12.980718441469518,1.5757108136665714,-0.12304614899854016,5.573466709112303,-4.003991143538621,1.0686424599069895,7.485673797815705,9.166708874917438,-0.607297,0.367782,-0.332845,-0.0743594,-0.155897,-0.310218,0.934843
16.38374662399292,6.336165108348847,-6.2931436405513255,0.5664560446593733,2.8782230498962598,0.34061662997803926,-3.500480450478905,-0.379356,0.291391,0.0324092,0.528109,0.536147,-0.63571,0.171813,-0.391098,0.315706,-0.19166,0.726886,0.28403,-0.618176,0.0939291,12.811394379742824,1.7403569864604607,1.1253760665677621,5.583676058324354,-3.412636185002472,1.4566119013201018,6.9950191337932255,9.162341958149495,-0.600046,0.369541,-0.335496,-0.0692911,-0.168519,-0.310634,0.932902
16.44399619102478,6.188039378329564,-7.319061948090225,1.2324930008971144,2.730122011005928,-0.26294096255971205,-3.424508326653226,-0.377777,0.291036,0.032185,0.527298,0.533361,-0.638061,0.174246,-0.383129,0.311074,-0.19236,0.7264,0.267277,-0.627267,0.0862673,13.083263997215536,2.458734172271023,3.001011456215358,5.210057778140275,-5.30447784401776,1.5558209366220943,8.026113851948562,7.985516899310972,-0.58725,0.372337,-0.33946,-0.0497656,-0.184132,-0.304636,0.933175
16.50153875350952,7.005521867798453,-11.655271376246384,0.2949028278081571,3.177332776651561,-0.5396317259805485,-3.951125692503817,-0.374775,0.290446,0.0317197,0.52103,0.530718,-0.643884,0.179665,-0.374001,0.307301,-0.193415,0.723633,0.255615,-0.636143,0.0796171,13.161675148009756,2.445410529117261,4.6021859213534775,5.2290407658977465,-5.149395749498485,1.9509022498682818,7.7950885315880445,7.7456833551927735,-0.573092,0.374414,-0.344116,-0.0348554,-0.202178,-0.300474,0.931464
16.558521270751953,8.120660279541799,-9.31712512321678,-0.4639432476012947,3.0909907157024263,-0.44724100878692685,-3.8285436710737426,-0.372857,0.290329,0.0314445,0.516567,0.529252,-0.647209,0.184855,-0.368943,0.308178,-0.192876,0.717851,0.258278,-0.641894,0.0771688,12.390435463228043,2.462230672605448,4.720313084472882,4.963773883409022,-4.810915948007971,1.5621661475060478,8.10412302130081,8.10458695190427,-0.566224,0.375685,-0.345749,-0.038008,-0.20655,-0.304049,0.929218
16.613648653030396,7.284633260182161,-8.259379242546938,-0.5691707398773123,3.3197780816555027,-0.3669371485785183,-3.693411701738098,-0.37228,0.290171,0.0312997,0.51673,0.528146,-0.647973,0.184887,-0.368121,0.310106,-0.191791,0.714515,0.266324,-0.642005,0.0798074,11.853015739051843,2.4695036712248384,3.6581767705652437,5.4501206159427475,-5.713727323864867,1.613183991175685,8.18247850107887,7.411964455220389,-0.565601,0.376848,-0.344797,-0.0437163,-0.204718,-0.308699,0.927839
16.66882562637329,6.324739044964192,-8.843627016212341,-1.427209937544111,3.9061705329448193,-0.1410383762430261,-3.8775652833195986,-0.373017,0.290345,0.03146,0.515979,0.530079,-0.646648,0.186087,-0.37105,0.312734,-0.190463,0.711937,0.276552,-0.640293,0.0817968,11.19836448153157,2.350173349523816,2.9047571891789072,5.584487963464948,-4.473174681788084,1.5340614382063755,7.5738805046336575,8.12382712050662,-0.570658,0.378006,-0.341699,-0.0530266,-0.196771,-0.313384,0.927502
16.725260019302368,5.678435735568187,-7.960149826007144,-0.47861285872889947,4.222403519430358,-0.07498489571306258,-4.03591158174131,-0.374744,0.290504,0.0316358,0.520063,0.531568,-0.643202,0.182376,-0.377134,0.315556,-0.189735,0.715628,0.286176,-0.631713,0.0831771,10.829966742812784,1.867232328830304,1.9006565078048219,5.523587780187167,-4.685790832867636,1.6789110447321534,7.431784705125567,7.780584947378677,-0.580576,0.377595,-0.337527,-0.0597757,-0.182282,-0.320955,0.927463
16.781134605407715,6.077360280134361,-9.714266499421306,0.9178462684819225,4.780048391682349,0.14100124820852905,-4.352580506961449,-0.37667,0.290844,0.0318751,0.524244,0.532074,-0.640823,0.177229,-0.384111,0.318584,-0.189385,0.718622,0.294009,-0.624228,0.0864902,10.840117748541129,1.5286383688075564,0.6726182388336195,5.385473086104383,-4.292457383802293,1.4351268543898392,7.339835934059592,8.288708149433354,-0.591284,0.377118,-0.333532,-0.0672763,-0.170621,-0.326047,0.927392
16.85106325149536,6.614927460989038,-7.698337512840568,1.7178924419604253,4.559410112522392,0.5040119611348419,-4.231967565335097,-0.379138,0.291429,0.0323607,0.527556,0.53554,-0.636352,0.173026,-0.393685,0.322864,-0.188205,0.720234,0.306061,-0.6156,0.0928798,10.865408675158953,1.2654791941323007,-0.7725355864530439,4.8128112648477686,-2.488355251908439,1.079659074929797,6.987925603076834,9.857234070292606,-0.605548,0.376643,-0.327576,-0.0783984,-0.153535,-0.332234,0.927309
16.906758069992065,6.564482846194373,-7.975720193758052,1.8026205653713812,4.126417574774391,0.6475061851461951,-3.978672527299238,-0.380382,0.291772,0.0327188,0.530897,0.536463,-0.633552,0.170199,-0.397192,0.323446,-0.187871,0.725997,0.305346,-0.609769,0.0887327,10.826428389286601,0.9235221258972588,-0.4224985844355018,4.115711020810689,-2.6461468950215625,1.3431821351486057,7.0636250853845315,9.700879444431548,-0.610345,0.377543,-0.32527,-0.0752578,-0.151376,-0.332107,0.927969
16.962135314941406,7.15757665701835,-8.562501955115238,2.7230860203000735,3.8900169523571346,0.5910789981358926,-3.9788741319442504,-0.380633,0.291743,0.0326642,0.531178,0.535516,-0.634642,0.168232,-0.396598,0.321943,-0.188286,0.725535,0.301367,-0.612372,0.0881904,11.164476018254899,1.264747077954456,-0.2993567412313247,5.150847409501509,-2.945923683090374,1.4247205189361267,6.748219137340621,9.298492139826068,-0.608999,0.378764,-0.325676,-0.0690266,-0.155302,-0.329607,0.928696
17.017539739608765,6.546851363439178,-10.098879816222402,2.367215204143954,3.760305398505099,0.4089054269371083,-3.862143642473784,-0.37988,0.291489,0.03257,0.530448,0.53622,-0.633996,0.170709,-0.39275,0.320304,-0.188445,0.724967,0.296134,-0.616409,0.0822626,10.845577043404035,1.6620509679275959,0.8450030122810652,4.804577421877916,-3.9004236244363937,1.0460673664782263,7.729342378763697,8.959843494288338,-0.60276,0.379988,-0.328155,-0.0614659,-0.166071,-0.327746,0.928022
17.08060932159424,6.549879565889926,-10.179371043036058,2.151245672589823,3.3937118812880533,0.19963487278468914,-3.806301346300541,-0.378071,0.291199,0.0323159,0.526647,0.534367,-0.637714,0.1744,-0.385788,0.31721,-0.189041,0.720717,0.28591,-0.62656,0.079023,11.01920639193082,2.319026079761186,1.9829743311589878,4.99929745644053,-4.045934473379647,0.9426311852311322,8.028845835492715,8.957514929717702,-0.591955,0.380911,-0.332423,-0.052752,-0.180645,-0.323028,0.92749
17.137012481689453,6.729090828499645,-11.424432485257501,-0.6111201849840725,3.559246500872319,-0.03196429383618508,-4.116527762874884,-0.37585,0.290674,0.0318404,0.52288,0.532535,-0.64075,0.180118,-0.378239,0.314332,-0.189604,0.715867,0.280938,-0.634588,0.0768512,10.726977515915246,2.6824246698564846,2.73242937548876,5.727895441021905,-4.917207473052315,0.6668382654876552,8.443307200166027,8.529210896328049,-0.580434,0.380529,-0.337073,-0.048891,-0.193034,-0.318799,0.926669
17.19330334663391,7.368229146628943,-9.251578395828355,-0.8140114647901773,3.431562710003122,-0.10883504695064765,-3.9713270698290666,-0.373871,0.290424,0.0315751,0.518765,0.52998,-0.645343,0.18313,-0.373199,0.313707,-0.189748,0.712729,0.279258,-0.638488,0.0797802,10.921688767680727,2.4657317477858487,2.5850956899029365,5.798378102446922,-5.048104469653854,1.4291917683654702,7.814478859229964,7.8026340450131,-0.572679,0.38009,-0.339845,-0.0476024,-0.197721,-0.317986,0.926027
17.248804330825806,7.2978257023213935,-8.82975826302271,-0.8234057755563592,3.523436136496087,-0.04543732698464665,-3.8561622078897155,-0.373258,0.290302,0.0314527,0.519292,0.530207,-0.64412,0.185272,-0.371638,0.314307,-0.189442,0.709993,0.282069,-0.640445,0.0785972,10.309798785654325,2.803966878752386,2.5568891255729946,5.599192934427455,-5.778587644029409,0.35653763026822816,9.082954303413038,8.24018708233098,-0.571325,0.380392,-0.340064,-0.0500972,-0.197698,-0.319653,0.925326
17.305184841156006,6.729767503838045,-7.368090799346811,-0.5969175778667271,3.495412032031177,0.017096147075972328,-3.6684480871590717,-0.373869,0.290542,0.0315428,0.517114,0.530872,-0.645475,0.184744,-0.373574,0.314608,-0.189346,0.713041,0.28131,-0.637112,0.0807785,10.86945140683065,2.1260951346933603,2.5796485138481104,5.138717269626397,-4.317584815785315,2.101963572169275,7.2069371988559165,7.7304352555362446,-0.574486,0.380471,-0.338709,-0.0521787,-0.193569,-0.319947,0.925982
17.360573768615723,7.024316137288219,-8.151542971022774,0.7349749824323586,3.8137276960345865,0.007774404912660498,-3.8371450318292406,-0.375532,0.290489,0.0317337,0.522112,0.531923,-0.641556,0.181282,-0.37823,0.314549,-0.189815,0.718245,0.282616,-0.630962,0.0783549,10.736197958225368,1.988544467324863,2.554105473863946,5.3891971474893285,-4.85291776858584,1.5025918361677917,7.774853279912073,7.800430866575514,-0.581508,0.37986,-0.336264,-0.0498666,-0.184331,-0.319193,0.928252
17.415745973587036,7.4930189400897005,-6.068021091141443,2.56000068336313,3.694815863155308,0.048708521176892436,-3.7233656951703336,-0.377509,0.290819,0.031941,0.525888,0.533132,-0.639259,0.174812,-0.385039,0.316367,-0.190268,0.723613,0.284456,-0.623781,0.0797933,11.260560061686103,1.6873540569454826,2.01185023627788,4.98153955508327,-4.167904474469228,1.4878042364718063,7.526179342321471,8.368945204754338,-0.5922,0.378632,-0.332826,-0.0548861,-0.172034,-0.319921,0.930077
17.471349716186523,7.383653164776273,-5.399795516429199,3.6833881960418537,3.2085381283966927,0.04331916636657577,-3.3353751660554787,-0.379207,0.291317,0.0323267,0.529383,0.534336,-0.636578,0.170314,-0.390419,0.317682,-0.190199,0.72797,0.28651,-0.617768,0.0795898,11.446039811509895,1.47244753602807,1.707146650248772,4.946105780687091,-3.871256486410614,1.389805628146327,7.422674255834908,8.660320790367603,-0.599746,0.378839,-0.330055,-0.0547352,-0.164724,-0.32036,0.931257
17.526710033416748,7.959188822937421,-4.145490936855801,4.450428506410868,2.6023800825646797,-0.0106475343949264,-2.9941767803218293,-0.380372,0.291557,0.0326691,0.532747,0.536241,-0.633298,0.166011,-0.39244,0.315977,-0.190709,0.732592,0.278157,-0.616751,0.0745377,11.969878504519105,1.939871369036648,2.758079413158857,4.788563169661639,-4.378544754609626,1.092388195190754,8.083415964747088,8.695232149251972,-0.601969,0.38046,-0.328714,-0.0436809,-0.165266,-0.315245,0.933488
17.581685781478882,8.788741432846047,-1.8651390042568246,7.525818790528717,1.8642020095032934,-0.8449463028144233,-2.470104609647695,-0.380466,0.291502,0.0327744,0.53408,0.535903,-0.632706,0.165073,-0.390076,0.3111,-0.192187,0.737448,0.260965,-0.619853,0.0620465,12.264443514298131,2.3363387018495465,5.143257113591045,4.872704050998923,-4.904866983339998,0.759630679719141,8.841682255145116,8.697492135530215,-0.596788,0.383146,-0.329869,-0.017964,-0.169282,-0.301727,0.938073
17.63762855529785,9.165212485994454,-1.636366523352434,9.355872740173561,1.1519098292552763,-1.816869968296496,-2.2291251266930012,-0.379641,0.291288,0.0326162,0.534832,0.532256,-0.635276,0.164565,-0.38513,0.30491,-0.19459,0.745234,0.23289,-0.623106,0.04613,13.052789585428686,2.317896744610149,8.433985382002167,2.9197400095354666,-5.73924167076935,1.1704291091568564,10.37830727956458,8.044670565033408,-0.586939,0.386991,-0.333019,0.0159229,-0.18,-0.284775,0.941408
17.693461179733276,10.89209297741589,-4.216249661981119,10.85801304860478,1.136927336504509,-1.9731699313356155,-2.659219119576228,-0.378933,0.291036,0.0324608,0.5325,0.532696,-0.636849,0.164627,-0.382152,0.30321,-0.195104,0.745285,0.224342,-0.626719,0.0379867,13.181029573497955,2.492033137157905,9.852693272858955,2.2754382148480445,-5.678081244182018,1.2719602690956897,11.004870643486186,8.031495849512753,-0.580943,0.390286,-0.333972,0.0334329,-0.189001,-0.279196,0.940856
17.74886465072632,9.021478727420925,-5.5224732800875165,9.471115192975477,1.2371941822669041,-1.973995854206124,-2.5554249197325065,-0.378053,0.291133,0.0324265,0.531176,0.531245,-0.638538,0.167033,-0.379831,0.305578,-0.193717,0.742371,0.229705,-0.628497,0.0333489,12.154881615797754,2.373746379300975,9.708843361122568,1.5579368765315529,-5.813352909302634,1.2699601485854082,11.533866869307019,7.898128736127679,-0.577515,0.395847,-0.331958,0.0387843,-0.194539,-0.288111,0.936826
17.804051160812378,7.70597065267224,-7.250824736593276,10.485780110936444,1.7568860116709548,-1.9564101846616648,-2.4469029423317905,-0.377674,0.291124,0.0323389,0.529907,0.531827,-0.638966,0.167574,-0.379296,0.308893,-0.19192,0.738686,0.239384,-0.629381,0.0302917,11.150684757808694,2.3964882541182755,9.163046009908713,1.2991045009765934,-5.696416916605323,1.2719416108850332,11.4758935672866,7.957344048790559,-0.577592,0.400031,-0.328977,0.0329495,-0.195797,-0.297222,0.933936
17.859646797180176,6.767347366683549,-7.050334775479594,8.983913846238083,1.756698535960743,-1.772710105986422,-2.1650527446337566,-0.377523,0.291276,0.0324954,0.529235,0.53276,-0.63822,0.169567,-0.379209,0.310223,-0.191192,0.738756,0.242433,-0.628142,0.0300515,10.805054248332105,2.183672743687926,9.177119739490589,0.4491094777036544,-5.5280997655601904,1.4725367471629305,11.491379542621415,7.856753778234589,-0.577548,0.401353,-0.328252,0.032415,-0.194048,-0.300694,0.933208
17.916139841079712,7.667362209702311,-8.632052512767915,11.75085286600998,2.631847134905411,-2.03965607331836,-2.5426841069222332,-0.377717,0.291163,0.0322756,0.530102,0.532094,-0.638466,0.168014,-0.37915,0.308699,-0.192047,0.739101,0.238783,-0.629186,0.0289372,11.047423103044977,2.4003288384867196,9.381363367189048,1.2084274569587663,-5.845626488559516,1.1688114601845179,11.549071084195383,7.965848677649653,-0.577111,0.400443,-0.329259,0.0349163,-0.191744,-0.296207,0.935027
17.971099376678467,11.257003748635835,-10.902323646202925,10.919964302558107,2.9291189965044175,-1.2325028998098149,-3.5359344073602497,-0.378213,0.291095,0.0321433,0.531142,0.531237,-0.638108,0.1688,-0.380486,0.307972,-0.192425,0.74119,0.239368,-0.626423,0.0305663,11.016022043202483,2.036359602955911,9.199933715729092,1.6004041544957381,-5.698030917136687,1.5078421724822633,10.974114981918834,7.629798879641685,-0.579293,0.398208,-0.32959,0.0320288,-0.191752,-0.295734,0.935279
18.02664065361023,10.231938069696193,-10.97020110294835,2.8775388425480046,3.168533701885233,-0.3032254231679786,-3.873752399409467,-0.378111,0.291216,0.032434,0.529414,0.532363,-0.63842,0.1695,-0.381285,0.31139,-0.190717,0.735164,0.250627,-0.628671,0.0386314,10.805146641391454,2.3275708376656556,7.7147360889063705,1.7113083339613695,-4.940757681150603,1.2176388396122917,11.17805538604986,8.405192284608107,-0.582035,0.396922,-0.328624,0.0139566,-0.189728,-0.305522,0.932987
18.081486463546753,10.696898882250228,-6.349080761378203,1.5857893707586768,3.201514475679934,0.23938152918202174,-3.666115001431935,-0.377384,0.290984,0.0322681,0.527483,0.533521,-0.637598,0.174885,-0.382124,0.316313,-0.188033,0.728163,0.274746,-0.626007,0.0490856,9.410734055801662,1.8563045189615555,5.285502867651125,2.40006202427033,-4.496391602513629,1.4198379501815452,10.122947950886088,8.218959314226652,-0.585942,0.39579,-0.325621,-0.0161671,-0.181023,-0.326582,0.927531
18.137343406677246,12.063959574339616,-4.173658965441287,0.8964308896463802,3.155547280354498,0.888410010872584,-3.790309869942284,-0.377451,0.291022,0.0323221,0.526349,0.534677,-0.636968,0.177055,-0.384195,0.320875,-0.185535,0.720921,0.296084,-0.624077,0.0559927,8.156010804378305,1.6428866676632974,3.112383087702586,3.7082818345938566,-4.190608724333341,1.0789118528334782,9.090671157021712,8.419880899561388,-0.590756,0.394787,-0.322598,-0.0371841,-0.170871,-0.340054,0.924004
18.192758798599243,11.053247280713299,-4.562272334288786,1.8291212352349064,3.569428357750295,0.8535697926530945,-3.969435488001477,-0.377859,0.291334,0.0324332,0.527772,0.535235,-0.636207,0.173842,-0.387755,0.324722,-0.184332,0.719034,0.307669,-0.619965,0.0630371,8.079532886764795,1.4450362085145074,1.3658756423056335,3.8754933164278924,-4.269475359087887,1.0931222001048475,8.672721358005434,8.370349201473129,-0.596801,0.393839,-0.320447,-0.0498976,-0.162473,-0.346449,0.922543
18.24786639213562,10.956844092355826,-5.102278252203663,2.4371740425740516,3.547067791964376,0.9667099035666362,-3.866818379560269,-0.379276,0.291403,0.0325045,0.528329,0.536066,-0.635375,0.172624,-0.392397,0.325513,-0.184475,0.722264,0.310663,-0.614435,0.0655184,8.292996922096586,0.8525918462097035,0.9962517280406518,3.7030361042267685,-2.899653544160773,1.5568118592368734,7.813531970287253,8.864975093679881,-0.603576,0.392832,-0.318259,-0.0530339,-0.15568,-0.34687,0.923381
18.303547620773315,9.107225741529106,-6.2991418689779035,2.971357530139936,3.4268216433212833,0.5325403536208607,-3.767799159983255,-0.380676,0.291727,0.0327454,0.532016,0.535951,-0.633798,0.167377,-0.395938,0.324802,-0.185249,0.727005,0.305771,-0.611398,0.0645006,8.92541172954212,0.9434936434231843,1.1366582147611624,3.9697799093904766,-3.012931500063163,1.479568805908471,7.6535490912447495,9.041935661506805,-0.60825,0.392444,-0.317241,-0.0483719,-0.152334,-0.343211,0.92556
18.35880184173584,8.947585217345058,-6.619234610595799,2.2841030662250885,3.0307700031829383,0.49695144438429056,-3.6900769125572515,-0.381736,0.291872,0.0328663,0.534246,0.538284,-0.63036,0.165765,-0.397505,0.322888,-0.186237,0.731603,0.296755,-0.610795,0.060193,9.394279647979896,1.3413714962271204,2.4190579310447156,3.22657476277924,-2.9780096198055217,1.070792538182726,8.636481776113644,9.520746661775311,-0.609951,0.392248,-0.317157,-0.0394845,-0.153379,-0.338048,0.927707
18.41376495361328,9.041424207153462,-6.044715563291424,2.414561311978173,2.7337722476621527,0.39135078965828884,-3.486589250378573,-0.381404,0.291789,0.0328209,0.533474,0.536922,-0.632521,0.164428,-0.395404,0.321334,-0.186613,0.731145,0.291747,-0.614122,0.056261,9.52849037647297,1.553440447074625,2.900005075168557,4.069960684777191,-3.2859256078134282,1.2656629911958497,8.153774126958355,9.004593197005795,-0.606282,0.393291,-0.31845,-0.0330902,-0.158323,-0.334522,0.928404
18.469298124313354,9.043895160148189,-7.215180299787966,0.029295154885044288,2.644092832027983,0.5804973200093739,-3.5723916637316195,-0.380139,0.291461,0.0327296,0.531184,0.53701,-0.632988,0.169678,-0.390424,0.319632,-0.18651,0.728894,0.287566,-0.618922,0.054356,9.276978158673884,1.8348596871122274,3.7629611565474317,3.4096951311460035,-3.9741259006630156,1.3174589360053197,9.002578498611033,8.644140326168907,-0.598452,0.394507,-0.321108,-0.0288086,-0.168057,-0.334381,0.926885
18.52468705177307,9.36590484185786,-8.157159450661378,-1.402285376322994,2.6866590538231527,0.5190351092522004,-3.706152133273809,-0.378189,0.29119,0.0325097,0.528164,0.533939,-0.637503,0.171876,-0.384941,0.318943,-0.186359,0.723372,0.287015,-0.625605,0.0545312,9.074685226457168,2.0731862051100665,3.552437063847502,4.271698171427811,-4.523493182849465,1.3150630655981104,8.667500848421346,8.083617113279573,-0.590361,0.395024,-0.323891,-0.02909,-0.179239,-0.334698,0.924665
18.580069541931152,9.883487699438337,-6.9733919023713895,-2.106796089798955,2.783208399218714,0.42553053325691653,-3.6613469184908247,-0.375982,0.290896,0.0321919,0.52266,0.534439,-0.639682,0.178908,-0.379361,0.318602,-0.186456,0.719782,0.288322,-0.629013,0.0559177,8.758984557393966,1.814461003330939,3.916662538583087,3.8031100979069414,-4.412704927146863,1.627220277296118,8.823351880555258,7.948576172073704,-0.582698,0.393847,-0.327213,-0.0285036,-0.184819,-0.334338,0.923714
18.63588309288025,10.152517440319448,-10.540900103919862,-1.392407642607529,3.861953340271809,0.4526605209407094,-4.245223074691931,-0.375248,0.290645,0.0318699,0.521589,0.531705,-0.641951,0.182027,-0.377114,0.318092,-0.186764,0.715301,0.28881,-0.633264,0.0625289,8.836834826704742,2.0512618026192064,3.2263190405986153,4.050559769887075,-4.4973503500893095,1.2066070284238464,8.84139904711766,8.26313650956782,-0.579758,0.392294,-0.329123,-0.0345318,-0.187562,-0.334513,0.922892
18.692309379577637,10.219809626821435,-11.229340494402122,1.4387477337979329,4.748761936152821,0.41363654838468883,-4.406747260758738,-0.375574,0.290624,0.03179,0.522191,0.532026,-0.641243,0.181859,-0.377859,0.318441,-0.186752,0.714398,0.289622,-0.633796,0.0636932,8.829773848821564,2.2595000069275732,3.059062770142246,3.909133730720832,-4.4488281594684445,0.8185166779022346,9.173170916169923,8.693127741119397,-0.581306,0.391073,-0.329108,-0.0373531,-0.182184,-0.333812,0.924112
18.74730682373047,11.147685776674805,-15.197712964071094,-0.4325732421541571,5.816385358656991,1.1298709201744122,-4.826099171334115,-0.37702,0.290987,0.0319245,0.522767,0.534035,-0.639853,0.179194,-0.383328,0.320774,-0.186434,0.718466,0.296972,-0.625356,0.0674105,9.012066409294833,1.3987851114288445,2.264749372209703,3.844582677904107,-3.490724745039219,1.8966656137391489,7.8764709248265445,8.469448082417522,-0.590116,0.389867,-0.326137,-0.0487254,-0.169698,-0.336978,0.92481
18.804503679275513,11.436640658684878,-13.93097485112058,1.5220974514011423,6.394168091863635,1.2676701400899526,-4.847923798815183,-0.378456,0.291368,0.0322701,0.525668,0.536152,-0.637013,0.174437,-0.390166,0.324957,-0.185606,0.719337,0.308829,-0.618163,0.0710819,8.815217439941003,1.0983445071926474,0.8440018630268291,3.837869855181097,-2.755950383566136,1.194711426493189,7.8493780154850645,9.327857742747849,-0.601162,0.388399,-0.321961,-0.0620787,-0.149858,-0.340215,0.926252
18.873186588287354,13.998883920196665,-15.907273694463646,1.1244228467458717,6.913578341336891,2.313812654736103,-5.186905306877317,-0.380281,0.291887,0.0326267,0.529504,0.536922,-0.634218,0.170613,-0.397201,0.327864,-0.184795,0.722078,0.316581,-0.610029,0.0790225,9.16346883916939,0.6911922124686364,-0.6092715863874929,3.316341253551993,-2.2380866593625974,1.4749938863846381,7.428610038154567,9.359848681827554,-0.611463,0.387437,-0.318205,-0.0722203,-0.134847,-0.343221,0.926714
18.93254065513611,13.74156952643723,-17.25264208930334,1.9157252199861659,6.984462895426719,2.667047974368355,-4.966504248775969,-0.381645,0.292328,0.0329293,0.530485,0.539041,-0.632597,0.166855,-0.402114,0.330149,-0.183909,0.718106,0.327348,-0.608847,0.080447,8.752605136989095,0.9831900840839379,-1.7751138900613022,5.4334333508792625,-1.2848718910207602,0.2256947892931791,7.169644887804972,10.531041074156098,-0.618225,0.386385,-0.316246,-0.0784975,-0.129939,-0.340605,0.92787
18.98822021484375,13.82573344247374,-14.475753541913749,0.1500089128504158,5.9095451031746595,2.4041717485947594,-4.692099661312572,-0.381769,0.292257,0.0328461,0.531109,0.538927,-0.632065,0.167257,-0.400642,0.327881,-0.184947,0.725652,0.315521,-0.606656,0.0764425,9.402599425071587,0.6360127353841574,-0.2942248448342326,3.5885382784468653,-1.945457121918165,1.5611932063271716,7.125333027994895,9.327737762602041,-0.615711,0.386849,-0.317608,-0.0688388,-0.134607,-0.336756,0.929375
19.0438392162323,14.812025879775698,-16.289714467286178,-0.24148393329949447,5.749927159621736,2.2424200897286033,-4.959441453429765,-0.380951,0.291742,0.0325452,0.532636,0.536432,-0.633304,0.165728,-0.396217,0.324266,-0.186213,0.727074,0.304288,-0.611349,0.0708875,9.696565947012797,1.1807174582651714,0.7016088881229088,4.270675165957449,-3.8870356249587967,1.555300332170372,7.603883456257904,8.553526789374843,-0.608819,0.387643,-0.320471,-0.0580193,-0.14322,-0.334046,0.929804
19.0992534160614,11.275811175790583,-11.036985985361772,-0.20525712105554317,4.337417953217437,1.278196942605813,-3.778647712781902,-0.3795,0.291623,0.0325034,0.527237,0.537439,-0.635459,0.171384,-0.39084,0.322054,-0.186726,0.723582,0.299061,-0.618176,0.069639,9.728703433866198,1.4383998822763953,1.757401549476592,4.457786130536331,-3.3321503934719914,1.625690636082421,7.4313521872131565,8.722326116281124,-0.600482,0.387784,-0.324104,-0.0523663,-0.155717,-0.331245,0.929132
19.154423713684082,11.0129772013544,-11.05056476702219,-3.437039036615819,3.6775413996990136,1.0608770898036903,-3.8871799515865906,-0.378122,0.291167,0.032227,0.525809,0.535156,-0.637873,0.173929,-0.383488,0.316013,-0.188421,0.726396,0.280384,-0.624577,0.0603122,10.154020904454836,1.741193842133621,4.056229861235387,4.648806158139312,-4.804666010309076,2.2815325988177406,7.835773317910854,7.077215385000719,-0.58805,0.389379,-0.328726,-0.0302423,-0.173675,-0.321299,0.930424
19.210021257400513,9.556456943389037,-14.37648129986669,-3.3192875681138263,4.18624197543865,0.45291859254996486,-4.200923242324823,-0.376483,0.290811,0.0320185,0.524603,0.532206,-0.640315,0.177611,-0.378896,0.314627,-0.189154,0.722776,0.276053,-0.630532,0.0617996,10.135488207011583,2.105337676277429,4.194496537681464,4.364747200005477,-5.257064611921715,1.345900186994168,8.84641651653328,7.653327931387103,-0.581174,0.388145,-0.332522,-0.0297522,-0.182839,-0.318265,0.929727
19.26599144935608,11.117024476974457,-14.185132830685513,-2.0812034056668307,4.75813637509057,0.3342544000171462,-4.481692474374686,-0.374996,0.290602,0.031519,0.518787,0.532217,-0.644062,0.181077,-0.374874,0.313666,-0.189731,0.717764,0.274821,-0.636548,0.0639995,10.3601764335491,2.210331678821652,4.365125045573048,4.967502140218468,-4.137892070424586,1.6072339050966384,7.910990077921411,8.105625022850015,-0.575804,0.386573,-0.33506,-0.0311683,-0.187237,-0.318612,0.928686
19.322168588638306,11.45814480901045,-15.372710916619619,-0.6105436005649231,5.68440360540157,0.45144488005306016,-4.8175937455897255,-0.374657,0.290587,0.0314836,0.519041,0.533244,-0.642552,0.182687,-0.374419,0.314549,-0.18937,0.716663,0.278308,-0.635706,0.0694086,10.393522238161001,2.266649804499939,3.858860316225071,4.46184770692091,-4.897931665095226,1.6429714897119645,8.364942221397017,7.681994736004274,-0.575814,0.386095,-0.334925,-0.039346,-0.182899,-0.320363,0.928637
19.377780199050903,12.035001603061438,-13.225125637142272,-0.3194017316965188,5.754889992988867,1.1241650836888064,-4.671223409106055,-0.375563,0.290644,0.0315821,0.519812,0.533612,-0.641702,0.182407,-0.378052,0.317993,-0.187896,0.712723,0.2932,-0.633177,0.0717378,9.361375621993512,2.12288484341234,2.3567756780109823,5.500480116863191,-4.3698170067694555,0.9140263872750118,8.061303831590532,8.399913999623712,-0.582017,0.38573,-0.332178,-0.051508,-0.172083,-0.327124,0.927752
19.433528900146484,11.176148937680189,-12.967629039313866,0.6574769893569813,5.637117670816015,1.2538419888057994,-4.438465993119317,-0.376234,0.290938,0.0318232,0.521725,0.533583,-0.64044,0.181464,-0.381817,0.320475,-0.187211,0.715195,0.298342,-0.627616,0.0747348,9.272920102629572,1.6147960460778241,1.6492450220876194,4.342008732199137,-3.7089907149274315,1.1912600197897234,8.012364157202727,8.838285881472714,-0.588114,0.385344,-0.329751,-0.0584635,-0.166169,-0.331163,0.926985
19.489170789718628,12.24419554723208,-12.092911304180891,4.484821461424783,5.602550563947691,1.5244359855258567,-4.447428493536611,-0.379238,0.29156,0.0321224,0.525662,0.536307,-0.636842,0.174604,-0.392917,0.324885,-0.186695,0.719573,0.309072,-0.616217,0.0834686,9.848265056538654,1.006469817640734,-0.09229500348619979,3.681988655226503,-1.978001225886667,1.4925999904178475,7.183770631299284,9.457175786910202,-0.604506,0.382963,-0.324818,-0.0733857,-0.151966,-0.336311,0.926507
19.545016050338745,11.461311365603507,-12.22425461458378,5.155328861538813,5.306267946461491,1.320422240187087,-4.509908026288489,-0.382029,0.291936,0.0324942,0.533443,0.53771,-0.631402,0.166244,-0.4004,0.324591,-0.187376,0.726064,0.309064,-0.608765,0.081945,10.21524419401914,1.211202104342392,-0.4014965058709148,4.977039527020384,-2.8876409074448626,0.5770922545195916,7.519697284492634,9.912784383832896,-0.614678,0.380762,-0.322437,-0.0695404,-0.142254,-0.328788,0.931035
19.60034441947937,11.925008774619277,-12.776834320719306,5.003334172713479,5.086657122837571,1.3174646998130035,-4.650460545710821,-0.383182,0.292078,0.0326181,0.536577,0.53776,-0.628621,0.166538,-0.402527,0.322694,-0.188571,0.732017,0.299718,-0.606175,0.0828988,10.898270916567217,1.2363707230972971,0.42720155819517736,3.3729995799145627,-2.751060123416715,0.4928498600828135,8.333680984413522,10.472090493045682,-0.617242,0.379894,-0.322234,-0.0637619,-0.140554,-0.323912,0.933413
19.65676712989807,11.306032126906363,-11.873196148411306,2.241447076067641,4.666795724866765,1.2865606769490647,-4.521452803330881,-0.383316,0.292137,0.0325282,0.535255,0.537562,-0.630154,0.165638,-0.401549,0.32142,-0.18903,0.735366,0.293978,-0.605349,0.0797905,11.313520873849848,0.875642284340803,1.1549437938350104,3.27009959838775,-2.850319109851879,1.778668535915319,7.438922613594331,9.367198825724836,-0.615316,0.380104,-0.323443,-0.0601025,-0.1432,-0.321238,0.934177
19.715181350708008,10.922896542267683,-11.913138922159154,-1.3636223390122484,4.528851027668088,1.5251113874676936,-4.419772295659186,-0.382003,0.291799,0.0323764,0.532877,0.53743,-0.631683,0.167889,-0.397359,0.321114,-0.188627,0.727158,0.295947,-0.614148,0.0804921,10.907100400067216,1.798487377938137,0.9396024683311843,4.356582044996836,-3.222775375261726,0.6434629386042872,8.068980867058698,9.834255423437094,-0.609411,0.380826,-0.325162,-0.0622646,-0.150833,-0.326399,0.93104
19.77134871482849,10.566676822149462,-10.374634963495831,-4.255662087948623,4.1748427454317785,1.642644509007336,-4.27040001243364,-0.380183,0.29156,0.0322616,0.528686,0.537787,-0.63321,0.174129,-0.392092,0.320875,-0.187821,0.723864,0.29953,-0.616294,0.0805234,10.286253375031432,1.4892353691527578,1.1051254963306407,4.48181206029515,-3.9080637819828725,1.4563499567233222,7.603123284090513,8.593788445833491,-0.601877,0.381507,-0.327217,-0.0626527,-0.158233,-0.328865,0.928916
19.841424226760864,11.121625143401912,-13.500274196763652,-5.50884982590265,4.713238465099194,1.733877016176417,-4.683496737220315,-0.377715,0.291156,0.0317261,0.523611,0.537136,-0.636611,0.179003,-0.383259,0.31942,-0.187399,0.715238,0.296736,-0.627854,0.0786215,9.925905303063413,2.3407185508798403,1.6557290784485081,5.062702065036955,-5.151102198197127,1.308857736498986,8.16999603448407,7.815534848545169,-0.588997,0.382848,-0.331569,-0.0632867,-0.172343,-0.328525,0.926479
19.897292613983154,10.132763120326553,-14.422349865003913,-6.164789479501444,4.925718030251046,1.5604944461640908,-4.773049977920464,-0.375964,0.290911,0.0315668,0.518506,0.534864,-0.641446,0.183355,-0.378416,0.319168,-0.187235,0.708502,0.296725,-0.635253,0.080204,9.723574930354872,2.5039227266004866,1.5424557944754325,5.403384683973254,-4.360084893361407,1.1123017573840102,7.887470559575175,8.435404609908309,-0.581703,0.382534,-0.334822,-0.0659461,-0.180033,-0.32981,0.924373
19.953587532043457,11.436994355240264,-15.509229840415198,-4.59847334252107,5.259576803877036,1.6017768093719924,-5.017920010046702,-0.375158,0.290818,0.0313123,0.516293,0.532615,-0.644576,0.185161,-0.376326,0.318821,-0.187445,0.707689,0.296268,-0.635843,0.0842935,9.981369374734756,2.111879258060114,1.176888027374062,5.455860228927669,-4.351152374345954,2.0683630537327957,7.006225592157632,7.671180194294978,-0.578733,0.381632,-0.336415,-0.066617,-0.185368,-0.328951,0.923576
20.009861707687378,11.299142059236072,-15.15044474506878,-2.8254432084754635,5.303203603459496,1.6442024376319808,-4.926313635063141,-0.375365,0.290798,0.0313039,0.517025,0.534425,-0.641892,0.187214,-0.377242,0.319492,-0.187333,0.707684,0.296415,-0.635183,0.088679,10.164846281068085,2.3182094990996,1.158417609735328,3.840691140648632,-4.209914378473124,1.80307770130986,7.932660762897067,8.457155287319992,-0.580105,0.3803,-0.336834,-0.0720134,-0.18437,-0.329409,0.923207
20.066014289855957,12.239871957601995,-13.526601631169976,-0.5647653986727912,5.040983329663236,1.943840929111335,-4.754954890790019,-0.376294,0.290864,0.0312722,0.521631,0.533285,-0.640426,0.182654,-0.380928,0.320358,-0.18781,0.709832,0.299264,-0.630974,0.0919359,10.349988870543475,2.3182635804685674,0.1887072770231608,4.337648016160546,-4.969605082034234,1.272992671859246,8.223598983842768,8.353071960204016,-0.58572,0.378637,-0.335721,-0.075627,-0.17828,-0.329439,0.924103
20.12172818183899,13.197763386278167,-11.358258546505967,1.4570260245238522,4.592670660533169,2.1366959785245148,-4.613391622743484,-0.377761,0.291038,0.0314695,0.522123,0.536163,-0.637982,0.181369,-0.3862,0.321388,-0.188209,0.71346,0.304119,-0.62408,0.0949206,10.568413886684645,1.737726602027244,-0.16251311894901654,4.378581527418209,-3.6821403815493303,1.488229106072236,7.389517825556026,8.961953186506772,-0.593881,0.376455,-0.3338,-0.0808892,-0.170166,-0.329595,0.925131
20.17808747291565,13.896941458197228,-9.955283605893234,2.447935850563205,4.157980134973819,2.4764873960960525,-4.535961416867696,-0.379935,0.291515,0.0319164,0.526717,0.537514,-0.634613,0.175824,-0.39352,0.32262,-0.188581,0.716553,0.308391,-0.618021,0.097449,10.823695415175177,1.7427809165537436,-0.9707897444024205,5.21463893545641,-2.9880014277390217,0.502247066908815,7.624106513308819,10.086392817273689,-0.604156,0.373911,-0.331296,-0.0860493,-0.161427,-0.329545,0.926249
20.234581470489502,13.025020611459082,-9.201348361185824,3.856977428721738,3.8313645069409588,2.3838104181638675,-4.296985187792926,-0.381523,0.291743,0.0322233,0.530877,0.537126,-0.632133,0.173417,-0.39867,0.322921,-0.189,0.720823,0.307631,-0.612664,0.102081,11.343697216947941,1.597699807956917,-1.4422931951163136,4.435500652465805,-2.5145779213993746,0.26833832883436415,7.878734802962013,10.834808055688514,-0.61129,0.372181,-0.329493,-0.0854769,-0.156019,-0.327098,0.928094
20.290514707565308,13.348297676045965,-7.412735007206522,5.7978862754542835,3.5190168525599175,2.131888856976714,-4.254186564287981,-0.382731,0.291828,0.0322647,0.533421,0.539018,-0.630158,0.166803,-0.401627,0.322021,-0.189784,0.728641,0.302556,-0.606652,0.0975463,12.081141839899827,1.2778044818197762,-0.7922610913662229,4.6042641548462235,-3.209930145565773,1.242001769372262,7.129073614657317,9.536269600303308,-0.615514,0.370648,-0.328819,-0.084335,-0.151353,-0.322466,0.930589
20.346690893173218,14.464100982259295,-9.790158939676441,5.710505329108728,3.8184167481496467,2.199994358342825,-4.6528625806336255,-0.383086,0.291858,0.0321875,0.53526,0.538843,-0.629169,0.165201,-0.401717,0.320603,-0.190462,0.728641,0.304323,-0.605749,0.0976614,11.982634416013259,1.415218736096963,-1.1057242126275284,6.904026549985483,-4.697272073809349,0.7660583983611566,7.604753651533811,8.800473308932899,-0.615103,0.370173,-0.329559,-0.0803386,-0.155015,-0.319552,0.931344
20.40294647216797,12.921138465235192,-12.149299586241474,4.100059247568556,4.106223425898405,2.1264022191371645,-4.619288745549501,-0.382142,0.291678,0.0321924,0.529946,0.539567,-0.631894,0.169513,-0.398775,0.321028,-0.189858,0.727191,0.298412,-0.611156,0.0929053,11.92655793436855,1.3708578644381815,0.17938670791039613,4.321344632031833,-2.369017087961912,1.354605404758484,7.008057696718795,9.849742347455585,-0.610748,0.37085,-0.331246,-0.0813361,-0.162782,-0.322315,0.928977
20.46048665046692,11.960426209938475,-14.051511694897307,1.7011868300927817,4.354331764366241,2.1310003329265035,-4.570957183534455,-0.380286,0.291438,0.0319482,0.529011,0.537926,-0.632756,0.174364,-0.393067,0.321177,-0.189002,0.718077,0.304489,-0.617971,0.0988091,11.248226048156852,2.1147405799786223,-0.8008121805505333,5.4012064659539885,-4.5951150891242145,0.5025016415866936,8.213944237044364,9.134109799096874,-0.60188,0.372535,-0.334112,-0.0841308,-0.173471,-0.324406,0.926062
20.51639199256897,11.548740331843232,-14.577819455350099,-0.558167516139711,4.465879337499034,2.0716785697957762,-4.659510249445109,-0.377872,0.291068,0.0315177,0.522716,0.536597,-0.637704,0.179348,-0.384922,0.319646,-0.188743,0.708011,0.299402,-0.631368,0.102238,11.47351749474475,3.0909327833878635,-0.5418188876484429,5.631573584756955,-4.529502231112325,0.5525996122926351,8.32179073820363,9.267466894551202,-0.589775,0.373274,-0.338319,-0.0822382,-0.186031,-0.325996,0.923231
20.57241439819336,10.957860963221686,-14.503649360303198,-2.8112650454695634,4.471496199302735,1.8168206628110017,-4.740294193176999,-0.375802,0.290818,0.0313377,0.517335,0.535301,-0.641214,0.186177,-0.378213,0.318197,-0.18868,0.707117,0.293362,-0.635802,0.0983949,11.276404429093992,2.701242671940175,0.669705568605707,4.366042825193958,-4.3158649527398785,1.5464034709955357,7.8000363863787054,8.638794266789816,-0.579618,0.373191,-0.342214,-0.0801699,-0.196246,-0.32248,0.922533
20.62848448753357,10.253517765437476,-16.522776497297627,-1.640956742637249,5.065107932314702,1.429853152287655,-4.839403513510976,-0.373758,0.290526,0.0309998,0.512884,0.533128,-0.64564,0.189403,-0.372654,0.316928,-0.188998,0.705431,0.283178,-0.641022,0.106152,12.54437473416523,2.7328680262107095,0.9474153979871076,2.220365835091922,-4.077682845126777,3.319416971265696,7.527193625361064,7.983328799339521,-0.57155,0.372263,-0.345845,-0.0793687,-0.204089,-0.319636,0.92189
20.685328483581543,9.892746070335022,-14.862225028876944,0.19658079380966614,5.0688400436838865,1.2164307538160737,-4.497847102020203,-0.373115,0.290398,0.0307606,0.512231,0.531297,-0.6473,0.190644,-0.371089,0.316776,-0.189049,0.70673,0.287654,-0.639622,0.0931235,11.05099580711616,2.032228833908659,1.5104998795862379,3.806960274790498,-4.240751724726486,2.7726750115697847,7.210856236863087,7.692587311243981,-0.56915,0.370644,-0.347606,-0.0837348,-0.205152,-0.317457,0.922021
20.741649866104126,10.102275496259985,-14.158673687683851,2.880301566842268,5.2797214260231,1.16934182687112,-4.580503626353856,-0.373762,0.290305,0.0307397,0.512576,0.532457,-0.646199,0.190218,-0.372482,0.315596,-0.190323,0.704004,0.280449,-0.642932,0.111195,13.035292617949247,2.9872454058548854,0.7491577564321723,2.591158339510919,-3.7522012167843197,2.6796194948590077,7.566255245201129,8.724458545528018,-0.571653,0.367778,-0.348212,-0.0866038,-0.202208,-0.314884,0.923287
20.79806923866272,10.594282543776222,-14.601380442130948,4.05384467738886,5.547372897627938,1.2917702541559184,-4.823475715797047,-0.375943,0.290458,0.0307554,0.51763,0.53419,-0.643151,0.181815,-0.379741,0.314525,-0.19259,0.715601,0.278249,-0.630404,0.114382,14.319018490767892,2.1545597737816835,0.4284972659480122,3.4824032619207674,-4.115287648345633,3.62124842356992,6.262451806096222,7.680430577314318,-0.582913,0.36219,-0.347063,-0.0900973,-0.186248,-0.308818,0.928346
20.87094020843506,10.685572995748624,-8.641216783892384,5.369138465043007,4.78478127362243,1.2801808321720154,-4.276599787433023,-0.378806,0.290911,0.0312995,0.523736,0.536029,-0.63723,0.179756,-0.389787,0.314183,-0.194782,0.718213,0.290715,-0.621149,0.117597,13.621823089383785,1.9222031975947749,-0.829670237205951,7.338302261912293,-2.8918803452679533,0.08785186769074826,8.230135405211346,10.744916604417574,-0.597941,0.356974,-0.343681,-0.0949898,-0.164365,-0.300894,0.934571
20.926746606826782,12.484136427614194,-7.434946885070605,7.183491310045227,4.4544358885353725,1.4193870329996119,-4.437660374412794,-0.381814,0.291445,0.0318347,0.530895,0.5378,-0.632149,0.171199,-0.398225,0.312223,-0.195919,0.733381,0.282049,-0.60651,0.121437,15.44544558040208,1.1348432039981393,-0.5827373227689279,6.653725237695507,-3.5079205070891324,2.10379252217518,6.42223547789099,9.058814985113797,-0.609791,0.353615,-0.340389,-0.0874397,-0.153065,-0.29386,0.939453
20.983479261398315,12.994657857730934,-9.267600843541507,6.698549592098321,4.35386758784467,1.5026251141003717,-4.725261312834049,-0.384151,0.291806,0.0321015,0.539975,0.535876,-0.629034,0.15994,-0.40267,0.310947,-0.196739,0.739287,0.270203,-0.606347,0.113085,16.07526423550151,2.199621636741773,0.1539087637951102,6.654268613631341,-5.243523608024437,0.4933621065887337,7.798281796819505,8.770640580561228,-0.616203,0.353044,-0.338519,-0.0787727,-0.148892,-0.285811,0.943365
21.04000449180603,11.781057238162022,-10.999990763737229,6.400597820035716,4.3341413020455875,1.4206002605925787,-4.673816217300331,-0.385794,0.292104,0.0321225,0.541312,0.536568,-0.627602,0.158717,-0.405149,0.311015,-0.196566,0.740834,0.267926,-0.605505,0.112891,16.307700315741254,2.3400260662833148,0.38828333758022815,6.058262399612673,-5.078130243965048,0.6891231049517366,8.023974802516818,8.923546645704718,-0.618797,0.353756,-0.337887,-0.0766769,-0.150879,-0.286557,0.942996
21.097031593322754,11.985025997708524,-13.470340839867045,5.32111859969882,4.510983486605062,1.8105627415889596,-4.76036715512446,-0.384888,0.291911,0.0318756,0.537834,0.537654,-0.628324,0.163923,-0.402114,0.312669,-0.195449,0.733751,0.277184,-0.610003,0.112588,15.195032967969889,2.5113325116108802,-0.02113266270051639,6.572257570802041,-5.091479796694681,0.22104697598060952,8.322428063709564,9.134918544728915,-0.61399,0.355719,-0.339511,-0.0822181,-0.15969,-0.293377,0.938972
21.154660940170288,11.322082634959235,-12.77614267492472,5.15865123511194,4.278848110643194,1.6598264976111392,-4.487461453505026,-0.383157,0.291734,0.0316958,0.534062,0.53684,-0.631338,0.16731,-0.397595,0.313752,-0.1945,0.728409,0.281717,-0.613642,0.116187,14.9285220051658,2.4787307873525983,-0.6185248386707922,6.660973281081091,-5.651488648975489,0.9949134867839753,7.399802235350383,8.218431147594222,-0.607369,0.356824,-0.341602,-0.0888133,-0.168227,-0.29629,0.935962
21.21113348007202,11.065374194856066,-14.359872603241465,3.697288502482421,4.457412227068422,1.6051427213050766,-4.667694432850021,-0.380085,0.291442,0.0313246,0.5245,0.538114,-0.634414,0.181251,-0.387261,0.312967,-0.193599,0.718041,0.277906,-0.627375,0.116557,14.320659380766527,3.0139775735620886,0.6941392128268848,4.579541542395045,-4.431202667445595,1.075448934707513,8.239317580920478,9.402217109224813,-0.59202,0.358105,-0.347047,-0.090462,-0.188968,-0.302239,0.929924
21.268975257873535,10.674046722923013,-15.594776133137582,2.822865047177933,4.522841548189311,1.4205135044843067,-4.697722153147905,-0.377489,0.291127,0.0308509,0.517863,0.536381,-0.639807,0.18644,-0.378564,0.311333,-0.193502,0.709229,0.273845,-0.63871,0.118546,14.421343064870609,3.5884671961975916,0.9651017745082342,5.323576682636077,-4.817478094339579,1.299160449760155,8.186199446650791,9.026357391271784,-0.578098,0.359285,-0.352204,-0.0864197,-0.206984,-0.299967,0.927205
21.3252375125885,10.402937467627018,-16.641410310753066,1.8240012746442074,4.690855305483981,1.3572541726972307,-4.672111096283211,-0.375427,0.290855,0.0305468,0.51343,0.533469,-0.64497,0.189247,-0.373234,0.310817,-0.193687,0.7043,0.272971,-0.644109,0.120715,14.445470511359776,3.547191438998841,0.6909263739943476,5.9711663085306945,-4.855705334287389,1.5293900923660502,7.919651789332088,8.822923417780386,-0.570149,0.358796,-0.355549,-0.0843029,-0.216536,-0.299445,0.925385
21.38198184967041,10.191425417910864,-15.691862170047385,2.3960296124831544,4.735623464970121,1.1785142383523102,-4.483171513688601,-0.374096,0.290683,0.0302973,0.512094,0.53171,-0.647075,0.190626,-0.36954,0.310206,-0.193817,0.704506,0.269929,-0.645571,0.118528,14.399680923094328,3.3425436436141323,1.0329269033083763,5.630118101668325,-5.64977756612812,1.9723543576130034,7.834588798735488,7.844028663729553,-0.565259,0.3581,-0.357485,-0.0854605,-0.220216,-0.297966,0.924888
21.438363075256348,9.201349196820914,-15.635621727140379,3.545712412384717,5.222833034297106,0.9514246385603561,-4.582234565710604,-0.374401,0.290518,0.0302069,0.513336,0.53084,-0.645969,0.193438,-0.370317,0.309709,-0.194174,0.701361,0.27251,-0.646459,0.126184,14.361215045588013,3.684722457450078,0.2661271053488541,6.00080597378625,-5.639081593546525,0.9947695273016386,8.528765085975769,8.683672232957173,-0.567098,0.355653,-0.357793,-0.0874837,-0.215853,-0.295925,0.926381
21.495687007904053,10.490803249415736,-16.79100937140617,6.368999273151048,5.776606785089182,1.256893512440607,-4.820277335448936,-0.375743,0.290477,0.0302313,0.515835,0.5328,-0.643343,0.190125,-0.375162,0.310366,-0.194986,0.705993,0.275158,-0.64077,0.123596,14.308340612764336,3.3501797043666475,0.27891489183626206,6.060483127411787,-4.942910943712934,0.5701682242904091,8.73385185902278,9.392950274520864,-0.574231,0.353428,-0.356207,-0.0906991,-0.20856,-0.294685,0.928136
21.552239656448364,11.032781810795461,-15.131854477702182,7.50117152657005,5.533380502109046,1.699086127482194,-4.685017692177104,-0.377949,0.290884,0.030438,0.519575,0.534516,-0.640538,0.184514,-0.383148,0.312329,-0.195704,0.712323,0.279142,-0.631034,0.128345,14.93998181860323,2.789347283786434,-0.5638906838809561,5.573772370115085,-4.0019241271077215,0.9097255222201142,8.1157557858087,9.916165987792642,-0.58646,0.35114,-0.353126,-0.10368,-0.192959,-0.296799,0.929477
21.609052419662476,11.329400027026933,-13.503509259290713,8.552034928948315,5.154728326395769,2.0014564468992586,-4.6047152303500045,-0.380487,0.291384,0.0308657,0.522644,0.537264,-0.637515,0.178231,-0.391577,0.313822,-0.196067,0.719419,0.283219,-0.620225,0.132454,15.706628570595479,2.106272926425276,-1.272539290710517,5.688074440414882,-3.022933765039952,1.7342335862683953,7.029508407946078,9.959919148569796,-0.598962,0.348602,-0.349499,-0.110772,-0.180493,-0.297606,0.930904
21.666507482528687,11.665449306240275,-11.216308964677022,8.443461213563081,4.285880884468614,2.081646310026069,-4.551203533936091,-0.382503,0.291772,0.0313487,0.530078,0.537762,-0.632358,0.173071,-0.397528,0.313154,-0.196602,0.726747,0.280994,-0.612038,0.135243,16.337583574441258,2.1170757862046647,-1.5145582093344867,5.487455933531685,-4.112306625861515,1.4310185338118373,7.53590002718014,9.631266018317584,-0.607243,0.346582,-0.347155,-0.107536,-0.17254,-0.291062,0.934852
21.723238468170166,11.460402597057033,-11.0647231524126,8.617136118446378,4.097851905338617,1.9281013950663028,-4.6180758101896355,-0.38349,0.29186,0.0314595,0.531537,0.538228,-0.631544,0.170091,-0.399169,0.311424,-0.197317,0.728572,0.275995,-0.612513,0.133553,16.789775346189383,2.431907177992921,-1.0708498032431777,6.339617467795133,-3.946739735294175,1.0155518131004833,7.740314741927161,9.84371938964833,-0.609299,0.345506,-0.347101,-0.102673,-0.173454,-0.286452,0.936652
21.780641317367554,12.487588132353169,-12.462813842176994,8.58046692097545,4.109053745641425,1.907003768065436,-4.831951250950136,-0.383084,0.291684,0.0313165,0.531492,0.537261,-0.632393,0.170138,-0.396479,0.309268,-0.197803,0.730943,0.267744,-0.613667,0.132092,17.292840790034997,2.4318838076755434,-0.3133889502736178,5.954162092670197,-4.94677805322085,1.822105195218473,6.947096329656831,8.535774309448996,-0.604874,0.345378,-0.349371,-0.0964104,-0.179722,-0.283229,0.937116
21.8563494682312,10.920813575991211,-14.366916992455529,6.884063310308723,4.216795369333213,1.68601861774791,-4.638197256649035,-0.380543,0.291388,0.0309974,0.523512,0.537785,-0.63648,0.177808,-0.38758,0.308616,-0.196969,0.718269,0.268585,-0.627543,0.13469,16.886082806464962,3.337212245739224,-0.14967050768588663,6.854083300291773,-4.857115462941458,1.4514911624790443,7.4245037368847795,8.946083056380484,-0.590772,0.345163,-0.355151,-0.100905,-0.199797,-0.287009,0.93141
21.912365913391113,10.20401112308665,-14.867436963459381,5.163068622087623,4.320992652139596,1.5413299499675785,-4.6885526153602015,-0.378159,0.291036,0.0306645,0.518968,0.537131,-0.638615,0.185291,-0.380026,0.308009,-0.196222,0.711386,0.267641,-0.635218,0.137102,16.54286527183205,3.697070784219511,0.11070407129355431,6.230438132144334,-5.650175609377952,1.6503369316246363,7.511258738721359,8.29594098530906,-0.579135,0.345098,-0.359435,-0.103185,-0.21178,-0.283227,0.929669
21.970059871673584,9.796861537936103,-15.624994356494627,2.642007705991679,4.253768542485363,1.4406014720691307,-4.739896360604623,-0.375265,0.290841,0.0304402,0.511917,0.534291,-0.644856,0.191402,-0.371953,0.307916,-0.195774,0.702624,0.266459,-0.643961,0.14364,16.703753679657037,3.8684577157437627,-0.29733341111784206,6.20743355312883,-5.701013910695635,2.1690341946239826,7.050812001721191,8.09059937006967,-0.566439,0.344155,-0.364441,-0.107612,-0.227116,-0.285261,0.924913
22.02708911895752,9.555391012026066,-14.751906448087766,3.302671796827248,4.323441394524337,1.2946349901133263,-4.668183247435439,-0.372832,0.290517,0.0300278,0.508836,0.530422,-0.648812,0.196931,-0.365753,0.307602,-0.195841,0.695776,0.266213,-0.650571,0.147593,16.374355417121496,4.120317207923513,-0.7219603797450826,6.156864249012358,-6.237752185988009,1.4964493119738087,7.603209483135848,8.110275653268408,-0.557208,0.342915,-0.36814,-0.116349,-0.236122,-0.286342,0.921259
22.08409285545349,8.732500152366855,-14.003951112353901,2.7286217845305734,4.215099864915716,1.1085832132023261,-4.603968501987775,-0.371826,0.290353,0.0299035,0.508456,0.528864,-0.648953,0.201582,-0.363186,0.307074,-0.196053,0.691978,0.266728,-0.653422,0.151865,16.10565175130078,4.388281930010235,-0.9910438468946925,5.976293165458294,-6.624055521948257,0.5240250953387076,8.581532363381076,8.531178336803324,-0.553031,0.341639,-0.370137,-0.120163,-0.238319,-0.284907,0.920648
22.141786098480225,8.490259495889784,-13.109971205611044,3.8741477957613566,4.244862914016348,1.04996221078674,-4.532473221939377,-0.372087,0.290184,0.0297149,0.507065,0.528341,-0.651376,0.198621,-0.363982,0.306574,-0.196417,0.691532,0.267089,-0.653532,0.152783,16.465182303817873,4.282646364105351,-1.3779598164620186,7.435613309621237,-6.034493950036038,1.0984549273801214,7.546912867745976,8.421421496079086,-0.554044,0.339311,-0.37073,-0.122616,-0.236518,-0.282902,0.921407
22.198429822921753,8.029218493885478,-12.938873716948384,8.831271467031787,4.707788284498053,0.8230146916839288,-4.486352651518485,-0.373892,0.290209,0.0296714,0.511065,0.529935,-0.647821,0.195728,-0.368885,0.306052,-0.197411,0.698757,0.262349,-0.647283,0.154711,17.280567554876434,4.070868731843723,-1.0551878659172882,5.808670025868063,-5.68793821243648,1.6551233206405733,7.611079922368543,8.649338448251312,-0.561683,0.33651,-0.369482,-0.122107,-0.231307,-0.277868,0.924325
22.25542640686035,7.905482429858854,-11.386349205593259,9.552153526984302,4.5295617494256595,0.8917361956054969,-4.347749355824624,-0.375981,0.29044,0.0298767,0.515546,0.531314,-0.645076,0.189197,-0.374381,0.305055,-0.199022,0.705307,0.262363,-0.64042,0.153523,17.7368444018727,3.8585853238038412,-1.1887461556199135,7.475419296223913,-6.292349240257953,0.990794906666359,7.369252972372988,8.222609092605136,-0.572466,0.334017,-0.366811,-0.118333,-0.218876,-0.272587,0.929401
22.312289714813232,8.732189373343683,-9.96081018733371,11.509506309241617,4.428998074240785,0.8958589552502078,-4.351719210890717,-0.37833,0.290695,0.0302321,0.522147,0.533941,-0.638954,0.184411,-0.382685,0.303152,-0.20126,0.718951,0.256442,-0.628233,0.150569,18.482527333518988,3.1152699486669886,-0.3037177500961228,6.673928261350685,-5.274798173981242,0.7204626639703733,7.817222557281029,9.137110389894023,-0.584047,0.331533,-0.363591,-0.113902,-0.203152,-0.270152,0.934224
22.36882781982422,8.945240826852775,-9.301352105233601,11.868910880286057,4.213611957047718,0.7240834240839372,-4.4687678002964395,-0.380861,0.291157,0.0307452,0.526952,0.53566,-0.635639,0.177066,-0.3891,0.300925,-0.202347,0.726067,0.248902,-0.623239,0.149824,19.60027009898817,3.2896455629731087,0.2127070162223177,7.462861211270834,-4.774346155444617,0.46543509826260276,8.215613799749818,9.942297421270965,-0.593269,0.329423,-0.361106,-0.104482,-0.192169,-0.261117,0.940198
22.427182912826538,9.382454228399366,-9.860589321314045,12.605829330451778,3.984688667428645,0.7515365735888168,-4.623501072687876,-0.382808,0.291444,0.0309831,0.52981,0.537429,-0.632791,0.17334,-0.393212,0.299606,-0.2028,0.734002,0.243775,-0.617168,0.144631,20.001621285465017,2.8494615038947257,1.1154224877641896,7.33745107166307,-4.74339023993772,1.0952507722052651,7.46632626287078,9.372143591974757,-0.598727,0.327941,-0.359865,-0.0985783,-0.188778,-0.257115,0.942622
22.48442530632019,9.300687334030957,-9.11277734975242,10.500137615218927,3.462634159936315,0.942043668485138,-4.523450387889345,-0.383441,0.291582,0.0310305,0.532609,0.536806,-0.631567,0.171144,-0.393646,0.299206,-0.202633,0.733142,0.240718,-0.61882,0.147036,20.373171589556126,3.5284409546264257,0.9959577454420518,7.159443765898446,-5.886047228086564,0.6411692096471491,7.9567494996631245,9.077154781081765,-0.598834,0.327797,-0.360264,-0.1004,-0.19145,-0.255036,0.942456
22.544533729553223,9.617306524311177,-10.510926180764194,10.183711277209675,3.4807540906199654,1.097578540891084,-4.795115647752837,-0.382729,0.291712,0.0311759,0.527786,0.538272,-0.633542,0.174154,-0.39027,0.299593,-0.201653,0.727085,0.242625,-0.624783,0.148753,20.29731747135382,3.8576105916943417,0.9967881689284717,7.777926365424083,-5.461735517346855,1.0019136882479778,7.81180100287584,9.104979955202767,-0.592945,0.327793,-0.362653,-0.104862,-0.201713,-0.254091,0.940082
22.60179591178894,7.874768912948452,-12.973758277787137,6.530913768165255,3.6378522141351355,0.9964195483151395,-4.776673875397619,-0.381661,0.291902,0.0310143,0.523611,0.539014,-0.63549,0.177335,-0.385233,0.30254,-0.199492,0.714317,0.251639,-0.632639,0.161853,20.333994530799433,4.886637912235523,-0.6414743711526771,8.14007850845591,-7.31660817489999,1.4898792859253582,7.266369991078267,7.7700823595470245,-0.582943,0.326683,-0.367095,-0.121652,-0.222502,-0.264338,0.930494
22.659849166870117,8.380129167207778,-14.590003530508286,8.451521614518256,4.079691210025543,1.0270572803988633,-4.987496421576068,-0.379587,0.292192,0.0310939,0.5163,0.537355,-0.640874,0.184291,-0.380113,0.305398,-0.198561,0.704272,0.2588,-0.638738,0.170402,19.984935044536986,4.829088892092257,-1.808972572887896,7.845623738395233,-6.493529837863399,1.7251219666744078,7.152790419351767,8.249456416149018,-0.573957,0.325978,-0.371067,-0.1317,-0.234431,-0.267705,0.925219
22.717602491378784,7.552609120361563,-14.912566830246929,6.994435564564923,3.8719954259408413,1.1648803470238571,-4.791544868597157,-0.378091,0.292105,0.03094,0.512841,0.536387,-0.643012,0.189258,-0.376669,0.307137,-0.19795,0.697375,0.264641,-0.642701,0.17484,19.429970247360867,4.9464131029883065,-2.5326050553817847,7.584105568925793,-6.476397694363546,1.3638775351327261,7.522574008578607,8.480473325827585,-0.56799,0.326118,-0.37359,-0.145063,-0.24064,-0.273093,0.920038
22.77489185333252,8.208293972604084,-14.863318667065442,10.117542809426373,4.113432090671886,1.2478020703594757,-4.872069721857308,-0.377531,0.292132,0.0307649,0.511773,0.535339,-0.644462,0.19018,-0.375291,0.306751,-0.19826,0.697486,0.262867,-0.642917,0.176273,19.63127702842284,4.766954333753198,-2.5545644881486353,7.491601496605515,-6.463392703252619,1.7814336365502363,7.027350245723574,8.192151569868555,-0.565876,0.325535,-0.374768,-0.14347,-0.244627,-0.271815,0.919614
22.846457481384277,8.121716606405508,-12.820032596588195,15.978026939411292,4.03486963382748,1.1493571823023838,-4.643643772047137,-0.378347,0.291922,0.0306069,0.515448,0.534356,-0.643393,0.186606,-0.377752,0.305663,-0.199138,0.700162,0.259148,-0.641848,0.175063,19.921490615438227,5.039457999257327,-2.452332370091181,7.532773635107855,-6.549495509696153,1.1058167440414408,7.869077246773035,8.683557843424293,-0.569681,0.323403,-0.374591,-0.141655,-0.242552,-0.264902,0.922458
22.903042793273926,9.80567251552518,-9.160697158654008,18.607256029767058,3.76761989418879,1.4215393208479996,-4.512650028389859,-0.379676,0.292002,0.0308299,0.518396,0.536427,-0.640608,0.182027,-0.381165,0.302694,-0.200619,0.707606,0.248511,-0.63832,0.173447,21.132589924725792,5.0643845590241865,-1.348763743547746,7.327574589463069,-5.976700787590064,1.233422150186609,8.117293565765381,9.170231257885566,-0.575801,0.321169,-0.373118,-0.131486,-0.234515,-0.25335,0.929262
22.960545539855957,9.38958604588571,-8.29753412591882,18.348889498359867,3.8526718684135886,1.3835358096586234,-4.2549409473711295,-0.38096,0.292462,0.0311659,0.523415,0.535944,-0.638335,0.177002,-0.384397,0.299877,-0.202382,0.71832,0.239312,-0.630286,0.171713,22.126724084453773,4.518548564078073,-0.6661556028582591,7.609437908262523,-7.080272326503708,1.3877566571950624,7.47787642067388,8.257518739111982,-0.582036,0.318458,-0.371862,-0.129383,-0.229193,-0.242036,0.933889
23.017502307891846,10.534105976287464,-8.58496685383169,19.123569673726077,4.280620407304184,1.1600110152593908,-4.613322292465601,-0.382192,0.292591,0.0311507,0.527064,0.535645,-0.636484,0.173715,-0.387411,0.295898,-0.204893,0.72749,0.227866,-0.623672,0.172825,23.411312092155057,4.065537381554759,0.11328250106289595,7.772078485545174,-7.374921426565436,1.3389068847365557,7.368551684364222,7.942792081380865,-0.587118,0.313845,-0.371474,-0.117404,-0.213058,-0.2386,0.940156
23.075008392333984,10.337967054588432,-6.54677147048653,18.843000247621603,3.8884260910776547,0.8158754267197388,-4.430322056418809,-0.383674,0.292839,0.031356,0.528018,0.537624,-0.634684,0.17127,-0.390611,0.293826,-0.206009,0.732962,0.221719,-0.619843,0.171468,24.16235746168225,3.769072259699403,0.8986762876264969,8.039510578050056,-6.682957362608652,1.46650394995471,6.994942285907154,7.972097829397569,-0.591564,0.310411,-0.371174,-0.113875,-0.206997,-0.229477,0.944206
23.13331174850464,11.002863351673161,-6.548834842019226,18.29957775449375,3.881255262266357,0.6145352629500216,-4.6019714724916225,-0.385145,0.293203,0.0315452,0.529219,0.539951,-0.632153,0.169597,-0.392501,0.291201,-0.206664,0.738476,0.212545,-0.616392,0.171869,25.20445964505726,3.5935352271762464,1.9217285211075206,7.75724857049717,-6.8698722849912555,2.2218820519145766,6.625230223754868,7.163457364888612,-0.593708,0.308301,-0.371013,-0.107852,-0.208271,-0.223202,0.946135
23.19116449356079,10.242034866046753,-8.897286503398332,19.71138184959971,3.961365887313375,0.5907560430813036,-4.635041866421904,-0.386112,0.293369,0.0312993,0.530776,0.539553,-0.631351,0.168985,-0.393135,0.29076,-0.206667,0.737461,0.211846,-0.617985,0.171369,25.111105591379516,4.003975112808115,1.9606665603505995,8.204818944201183,-7.471254540634881,1.7191760958607247,6.700246148407576,7.043135692995463,-0.593637,0.308251,-0.371979,-0.106793,-0.211527,-0.221597,0.945911
23.24902892112732,9.736984039457703,-9.851987449346678,15.607856896373107,3.4168416903339565,0.8500143596218926,-4.691997121257141,-0.386217,0.293413,0.0311469,0.529278,0.540414,-0.631626,0.1699,-0.391244,0.292436,-0.205372,0.730665,0.214759,-0.623648,0.176269,25.14530720358628,4.853896199877751,1.45817897156184,7.818196677088206,-8.174524822039388,1.821458258836067,6.9973139586256785,6.861790494770937,-0.589246,0.309414,-0.373688,-0.113892,-0.217661,-0.226319,0.942567
23.30636239051819,9.526506892899459,-12.318398418347702,12.708136506714418,3.354097134093661,1.0010829490826894,-4.799088343437253,-0.38515,0.293701,0.0315008,0.524632,0.540124,-0.634679,0.173808,-0.387434,0.294785,-0.203683,0.722018,0.220443,-0.630708,0.179726,24.691816399472657,5.295867377998054,0.7910044860318948,7.95611250761889,-7.874101940466775,1.9052968261436725,6.923310606740595,7.145061932154845,-0.582533,0.310351,-0.37573,-0.123136,-0.23362,-0.232923,0.935952
23.365911960601807,9.023027626861902,-12.489517219098758,12.546392637233328,3.471931429771882,0.9775667484791002,-4.77248431124802,-0.383166,0.293372,0.0310334,0.518743,0.540072,-0.637536,0.181039,-0.382782,0.297894,-0.202834,0.709115,0.235259,-0.637972,0.186552,23.482537502009027,5.717149599392577,-0.7537751527343097,8.993254160493846,-7.647325441707328,0.9763514033862215,7.084461065757535,7.896485409884246,-0.574613,0.310701,-0.378656,-0.136441,-0.243655,-0.238931,0.930015
23.423038244247437,9.398681783962909,-14.55532934247026,13.256506375211686,4.053428080399132,1.0784917111756684,-4.895062462829969,-0.381728,0.293317,0.0308142,0.515,0.538416,-0.640807,0.185068,-0.378667,0.299211,-0.202342,0.704019,0.237671,-0.642116,0.188566,23.122319735504405,5.6960546745176455,-1.1445353356145347,8.573483426809117,-7.744086682866618,1.1779535977407214,7.169058878814361,8.01705247525119,-0.568067,0.311519,-0.380839,-0.142965,-0.251883,-0.244993,0.925254
23.48068141937256,8.00913309505768,-14.839614491360347,13.761991506808153,4.475215957662386,0.8287412675106004,-4.630518687980598,-0.38125,0.293319,0.030631,0.514131,0.537992,-0.641818,0.18521,-0.378148,0.30005,-0.202284,0.700429,0.241285,-0.64403,0.190803,22.933816859120377,5.947580720027478,-1.7209055522690058,9.20125181848003,-7.629963739731927,0.7497227658255099,7.200567754746547,8.244296662162348,-0.567188,0.311452,-0.381329,-0.145352,-0.250989,-0.244687,0.925206
23.54000735282898,7.1347706572226555,-14.041213248535904,13.602548135627913,5.034555025363461,0.2779422318335928,-4.319377599598135,-0.381633,0.29294,0.0304158,0.519042,0.53648,-0.639787,0.182912,-0.379789,0.297813,-0.20328,0.708647,0.233685,-0.639318,0.185696,23.173573914355902,5.5934502794248315,-0.8759134011742944,8.169794131511498,-8.235195645083692,0.8855871017682091,7.626175847315408,7.969595984199138,-0.570976,0.311635,-0.379522,-0.134978,-0.241309,-0.239277,0.930751
23.598097324371338,7.660975340780505,-10.988783279256808,14.633681319458866,4.884538759734946,0.1765128464683162,-4.286803495355234,-0.382851,0.292866,0.0305538,0.523351,0.536784,-0.63739,0.178046,-0.382724,0.294149,-0.204626,0.7212,0.220291,-0.632967,0.175201,23.87581747751165,4.926015369476353,0.9754204147380481,7.531761905828585,-8.27939293622223,1.5426576215352696,7.577845172935931,7.246650258257304,-0.577343,0.311818,-0.37665,-0.119112,-0.226709,-0.233859,0.937937
23.65796446800232,8.01570458466573,-8.785573487336444,16.925470752200066,4.800374540603095,-0.42139843650067854,-4.203090548562921,-0.384979,0.292937,0.0305937,0.530257,0.537622,-0.633714,0.167916,-0.39035,0.289656,-0.207698,0.737513,0.209001,-0.621494,0.161675,24.55637664574777,4.026493115304462,2.634928068889864,9.09356845268408,-7.885140214096141,0.8784304244346401,6.970124147898877,6.972974783184729,-0.591331,0.310873,-0.371636,-0.0961666,-0.206935,-0.219475,0.948557
23.71578598022461,9.609037565611578,-5.553209818472172,17.3372741087146,4.207759193562221,-0.4346699686191275,-4.150931397535206,-0.386401,0.293237,0.0310122,0.533443,0.538136,-0.631225,0.16554,-0.395291,0.288603,-0.208466,0.745094,0.202282,-0.614586,0.161866,25.315646855218443,3.513732403587615,3.206944821429195,7.622081290769943,-6.775893188097882,1.269239195952835,7.582275313381064,7.809181457388732,-0.598962,0.310874,-0.368762,-0.0917591,-0.195896,-0.21456,0.952454
23.773370504379272,9.678398245315151,-6.2247829924215425,14.983131192936277,3.677935920382878,-0.0798193130469884,-4.083901935864008,-0.389375,0.29415,0.0317483,0.538912,0.539146,-0.627991,0.1566,-0.401319,0.289035,-0.207622,0.750579,0.19957,-0.609534,0.158968,25.889821550567916,3.797858266564892,3.356813175855729,8.16342072532045,-7.98476383258312,1.4769913945569257,6.9698744863319675,6.588577083781007,-0.60658,0.312742,-0.365444,-0.0871965,-0.193393,-0.217776,0.952665
23.847589015960693,9.168837362260234,-8.494681351471657,17.028076600713906,3.563397713807711,-0.24695449243296616,-4.2925481100796095,-0.390987,0.294414,0.0313682,0.537721,0.541675,-0.626112,0.159461,-0.401519,0.289892,-0.206719,0.747163,0.200966,-0.614339,0.154751,25.23678230198617,4.291135284155587,4.031365931033631,7.595020645418229,-7.617544229034445,1.366259056212975,7.77967919669884,7.174786945113967,-0.605186,0.316039,-0.366254,-0.0835134,-0.203266,-0.219739,0.950486
23.905179977416992,9.211345027354048,-10.625366129268365,18.04050204029911,3.5704874461948175,-0.12338875920014623,-4.495216433185794,-0.390137,0.294271,0.0311367,0.537022,0.539361,-0.627994,0.162238,-0.3977,0.292033,-0.205251,0.740016,0.208057,-0.619998,0.157135,24.41352640627276,4.878859106665836,3.0470485911334704,7.739394579016482,-9.181829011702757,1.1708084847431337,7.971859199936091,6.204577224631615,-0.598315,0.31791,-0.368747,-0.0884324,-0.215868,-0.22697,0.94555
23.963770151138306,8.405930453237998,-10.955883244778358,16.710398724237876,3.249202926640762,0.07138275512626183,-4.494099242606237,-0.3884,0.294357,0.0310719,0.529751,0.541159,-0.631046,0.168203,-0.392688,0.295997,-0.203669,0.727556,0.221745,-0.628305,0.163472,23.589732761748177,5.356501969310468,1.7758683586887507,8.355385835652733,-8.80892632679283,1.0212727159270116,7.796136240156924,6.753843691846317,-0.590231,0.319412,-0.371606,-0.107956,-0.231937,-0.238687,0.936792
24.021114826202393,7.486741627266695,-13.185469748819196,17.71059914604884,3.4690704783758544,0.09504785503709116,-4.492163599803795,-0.386606,0.294262,0.0308019,0.522437,0.541698,-0.634573,0.175897,-0.387723,0.298828,-0.202727,0.719596,0.230913,-0.632857,0.16838,22.911676007548156,5.077754454739667,1.0040405080448176,7.907875543476784,-8.115860801954776,1.776957118644912,7.279777549961828,7.250374198880802,-0.58164,0.320153,-0.375081,-0.116417,-0.245456,-0.244968,0.930693
24.078471660614014,5.807016824907631,-14.30786101212291,19.49469313117323,3.829502554272811,-0.15788846809744064,-4.536357399646945,-0.385257,0.294402,0.0305451,0.518925,0.538771,-0.639147,0.178702,-0.384106,0.300302,-0.202455,0.710201,0.236319,-0.640339,0.172435,22.40120400952816,5.60526397220509,-0.07637787844576671,9.104344505893636,-7.949980101579394,0.7350323322549386,7.528128746843574,7.787500132452346,-0.575555,0.320321,-0.377845,-0.124163,-0.256148,-0.245454,0.926674
24.136507034301758,6.176488369839448,-12.637071438594921,19.785153105616505,3.752261175943279,0.02195084289288983,-4.565413031562403,-0.384412,0.294107,0.030281,0.51949,0.537633,-0.639565,0.178993,-0.3826,0.299876,-0.202738,0.710778,0.233672,-0.640365,0.173562,22.600233387020126,5.606568417644525,-0.037503358655209595,8.348100937569571,-8.464542946966226,0.9053504530251324,7.823620617079376,7.586604239682808,-0.573754,0.319312,-0.378585,-0.124386,-0.255784,-0.248138,0.926029
24.194366216659546,7.0756574779631105,-10.007905042784603,20.883513261452233,3.7806346552562453,0.09499960038345917,-4.488278633364974,-0.384705,0.293899,0.0302547,0.520112,0.538861,-0.638021,0.179001,-0.384128,0.299259,-0.203027,0.710851,0.235755,-0.639592,0.1733,22.434407726737035,5.667931752004983,-0.04265654858681778,9.077563089559632,-7.907788286454726,0.41509597785042374,7.82581241972803,8.082942986300644,-0.57689,0.318325,-0.377409,-0.124493,-0.252131,-0.246305,0.927505
24.251651525497437,7.001448186606344,-5.629690789575597,17.749752972110077,3.2730983273395924,0.46551289717153743,-4.061198811623312,-0.386426,0.293814,0.0303206,0.524229,0.539636,-0.635575,0.173268,-0.389691,0.297674,-0.203896,0.72338,0.228815,-0.628214,0.172372,23.55274866272393,4.668083987464909,0.4911862257932711,8.063735104844728,-7.655328406695448,2.461573684107524,6.610686561092636,6.935955582280628,-0.586611,0.316221,-0.373842,-0.123046,-0.238277,-0.241589,0.932587
24.309930086135864,7.950002593536337,-2.6696444298983253,17.10224290357198,2.644570749389738,0.5083428564607845,-3.962265827142269,-0.387731,0.29395,0.0307513,0.530156,0.539557,-0.632355,0.167153,-0.394738,0.294206,-0.206349,0.734527,0.216387,-0.6198,0.171737,24.91807644264677,4.301215681838924,1.3890733492089788,7.543868770942577,-7.758412552979355,1.811706201645059,7.142417025952213,7.188695597009617,-0.59511,0.312407,-0.371988,-0.113385,-0.214729,-0.235586,0.941029
24.368876457214355,8.85737142695901,-1.4368959410583855,18.84245188490766,2.6835784517493675,-0.03489601736796438,-4.2037034200462315,-0.389192,0.293773,0.0306523,0.535734,0.539204,-0.629029,0.163005,-0.398973,0.288986,-0.208635,0.745462,0.203818,-0.61116,0.170963,26.100230862611596,3.7854258001884697,2.397770178989753,7.9786275972975975,-8.181766867423878,1.8014582410294082,6.638977818614906,6.351817171806253,-0.602184,0.307021,-0.370489,-0.0993755,-0.209641,-0.216749,0.948259
24.426958799362183,9.250951079469585,-0.9380939214002926,16.025361515307303,2.1677824028453117,-0.0858272672454295,-4.174181537449552,-0.390366,0.294003,0.0309114,0.538084,0.539621,-0.627546,0.159568,-0.401031,0.286282,-0.209161,0.749047,0.194581,-0.609942,0.170405,26.99925643503576,3.9964844126328454,3.1787011042649604,8.21728193542535,-8.263123574583009,1.6452001048558174,6.531900894614527,6.3493579424402435,-0.604436,0.30352,-0.370726,-0.0975236,-0.207958,-0.210297,0.950273
24.485391855239868,8.20806690548563,-1.4457152544935747,15.792376821251326,1.9915910245894646,-0.15579396450662936,-4.19010074037716,-0.390759,0.294321,0.0312601,0.536639,0.54152,-0.626701,0.161309,-0.400459,0.286147,-0.208697,0.745624,0.192732,-0.613461,0.174826,27.422854821880517,4.50998239974442,3.3503488309350278,7.756069138721601,-7.889707680528451,1.4072174296372033,7.032200436019144,7.058347060191732,-0.602412,0.301636,-0.372246,-0.0999593,-0.210049,-0.207774,0.950115
24.543553590774536,6.7746100537484155,-3.612748427770819,14.927703682442635,2.205826556544215,-0.15641057026035576,-4.354831047926941,-0.390231,0.294176,0.0309036,0.534158,0.540282,-0.629306,0.163536,-0.396696,0.287616,-0.207453,0.735296,0.199928,-0.621153,0.183132,27.19867529181302,5.483611615538263,1.9900794390862888,9.021855832285611,-9.082192235958171,1.1989549915332276,6.488784876629821,6.340381935329025,-0.595045,0.300088,-0.375743,-0.113984,-0.223187,-0.210882,0.944841
24.601139545440674,6.007333492973998,-6.765815743210084,11.256350382283035,2.411823745792191,-0.27724271083634605,-4.739669373804034,-0.388801,0.294209,0.0308783,0.528941,0.542582,-0.629962,0.170219,-0.392389,0.290839,-0.206315,0.724626,0.211116,-0.62631,0.195147,26.89858582634511,5.980798722997072,0.653367183833403,8.688759384990865,-9.473745648838623,1.2239249737698614,6.637279995675764,6.2339889357589895,-0.587052,0.297777,-0.379186,-0.133415,-0.23516,-0.220335,0.937205
24.658840894699097,4.574376736716031,-7.778180958622015,11.607972190831656,2.729756706791313,-0.30393613187485546,-4.7452901843728945,-0.387481,0.294134,0.0307398,0.524773,0.542285,-0.631657,0.177624,-0.389527,0.29391,-0.205608,0.715748,0.22336,-0.628793,0.205997,26.218989973139678,6.02630985198562,-0.9758930590723534,8.438058006713922,-9.291218692807707,1.1786737186139362,6.665806050139453,6.715720092514859,-0.581416,0.295945,-0.381921,-0.151769,-0.240422,-0.226638,0.931557
24.717794179916382,3.393867210774426,-9.173307529870247,14.903711616642882,3.28070545808173,-0.5464752060310565,-4.76545960530083,-0.386425,0.294131,0.030368,0.519148,0.541545,-0.635888,0.181277,-0.386412,0.294949,-0.2057,0.707363,0.2269,-0.634221,0.214282,26.38035878159936,6.289892324196098,-1.9285003075908094,9.061744798581152,-8.370701380314628,1.2677732927668792,6.236196233701693,7.324659808486295,-0.575595,0.293663,-0.38481,-0.157749,-0.250307,-0.226218,0.928056
24.775893449783325,1.905474571645733,-7.639482689278824,17.660427330759035,3.2229659137200453,-0.7611479809319096,-4.574198345420863,-0.386075,0.293765,0.0300574,0.519676,0.540958,-0.635944,0.18132,-0.385846,0.29391,-0.206212,0.7067,0.226079,-0.634814,0.215579,26.461081627170614,6.453313776448893,-2.0176390001132454,9.469464620470148,-8.623362524458166,0.8856586715412682,6.482096942442687,7.361413313534999,-0.574979,0.291798,-0.385497,-0.162333,-0.254248,-0.222953,0.926983
24.848222255706787,3.6744803104301695,-2.9439187919516616,18.171890621142175,2.5578979290721255,-0.4911645420147663,-4.468217842340268,-0.386698,0.293452,0.0299746,0.525484,0.539935,-0.633485,0.176165,-0.388373,0.290883,-0.207286,0.720002,0.213803,-0.624101,0.215367,27.853957989702053,5.621020086124364,-1.2111476606754543,7.812181019802267,-10.005862490241395,2.7665153963112665,5.597993999954294,5.239776223483463,-0.579436,0.288321,-0.384424,-0.157088,-0.247299,-0.216877,0.931199
24.906293153762817,4.953488978318899,-0.8353410623445129,16.454166233125715,2.132592268264994,-0.3102709791454757,-4.453836431109847,-0.387593,0.293421,0.0301474,0.527487,0.539979,-0.632468,0.17368,-0.390863,0.28829,-0.208171,0.721747,0.205726,-0.626474,0.21045,28.18640946594239,6.064954178090809,-0.18165837646145633,8.045032541125902,-8.50098953267382,1.4121090026732404,6.462190692297187,7.219442672369858,-0.58402,0.28679,-0.383031,-0.146529,-0.235365,-0.211262,0.937284
24.965733528137207,5.430633036455267,0.7862027135518961,16.354711847689774,1.9440922389970154,-0.3163648055918873,-4.3540330442718025,-0.388271,0.293518,0.0303371,0.530822,0.540933,-0.63008,0.16917,-0.393681,0.285196,-0.209802,0.728447,0.198082,-0.622329,0.206967,28.901140332855036,5.919380032537791,0.7144741107812429,8.789407382592362,-8.548442080743495,0.49900592359605156,6.956559280777719,7.683658206119737,-0.590009,0.28565,-0.381209,-0.135807,-0.222837,-0.201742,0.944034
25.023953676223755,6.198640861607473,2.0387499793642787,18.44130744634318,2.0958278296589494,-0.5190699714577356,-4.35337832566961,-0.388641,0.2934,0.0302454,0.531572,0.540656,-0.629884,0.168428,-0.395813,0.282014,-0.21158,0.737975,0.189406,-0.61601,0.200126,29.282509370531862,4.76137262762289,1.9396212959054697,8.644532617413516,-7.276782350436386,1.005808991244301,6.337130411284167,7.815147935924403,-0.594845,0.284603,-0.379609,-0.127481,-0.21477,-0.195171,0.948436
25.08228898048401,6.29730569772669,1.4297868520297181,17.347197402924827,2.074674953828294,-0.46031426528780717,-4.330876769679031,-0.389603,0.29348,0.0303905,0.536821,0.538959,-0.627962,0.164346,-0.398056,0.281447,-0.211549,0.742036,0.188331,-0.611332,0.20047,29.459110452251263,4.828745749207649,1.6584784495362133,8.929940325612176,-9.28948856433365,0.8427482466009408,6.369803027609372,6.584532478204394,-0.598321,0.283804,-0.378305,-0.12501,-0.21465,-0.19463,0.948903
25.14135432243347,5.001288659288198,-0.4916958007652962,18.19139370791543,2.012384577859913,-0.5540909946299285,-4.397377184293005,-0.390149,0.293926,0.0306811,0.533926,0.541617,-0.628289,0.163788,-0.398099,0.283374,-0.210346,0.738011,0.192963,-0.614477,0.201305,29.407148266053138,5.165681505977427,1.4350990631483533,9.593953711676527,-8.780782922749598,1.230013476428912,5.802873059468859,6.69892770208224,-0.596368,0.285025,-0.379506,-0.129143,-0.216418,-0.196158,0.947632
25.199877977371216,3.991728081249773,-3.3895599537045014,21.755364731155503,2.8033138778952145,-0.8388457957523154,-4.790755013466108,-0.389379,0.293838,0.0304517,0.530498,0.541896,-0.629113,0.1707,-0.394154,0.285647,-0.208688,0.727831,0.199279,-0.622782,0.206623,28.690311661053165,5.9383433538737425,0.8468599646567156,8.700529605515912,-8.608990375946547,1.256306275203098,6.3307414482621,6.925897453626282,-0.589217,0.286732,-0.381639,-0.141777,-0.234031,-0.205115,0.939711
25.258222579956055,3.548250366861244,-7.871888929805155,20.36217323144266,3.18377458282032,-0.5249267455522777,-4.871680367456492,-0.387718,0.293853,0.0303035,0.52363,0.541935,-0.633372,0.175948,-0.389197,0.29089,-0.206956,0.716301,0.213647,-0.627643,0.21756,28.150241768909158,6.1328069248070625,-1.1479385560717414,8.520923574559648,-9.207567215773356,2.3077223647891643,5.383292435827489,5.99645446702162,-0.579832,0.288109,-0.384625,-0.158017,-0.253668,-0.21916,0.928791
25.31775188446045,1.0253876883223354,-8.874861447468358,17.732824688485948,3.2213868384848126,-0.6660148582478519,-4.509455861396576,-0.38525,0.293679,0.0299916,0.516332,0.541547,-0.637291,0.18436,-0.383496,0.294555,-0.206121,0.699524,0.230062,-0.640115,0.219066,26.180395622874435,6.93088892745766,-2.457493952021082,10.193919184785901,-8.238709924209473,-0.0010039318163030941,7.455027186907208,8.308970628773553,-0.570249,0.290186,-0.387949,-0.169937,-0.259782,-0.2238,0.923877
25.376271963119507,1.770286777223268,-6.670055239597745,19.925215151972907,3.248933401456915,-0.9726050657537417,-4.631048569298064,-0.383806,0.293395,0.0297181,0.514232,0.539136,-0.640413,0.186465,-0.379795,0.294285,-0.206199,0.69641,0.229505,-0.643312,0.220207,26.049019640408492,6.954246396517229,-2.719780082077527,10.477481993245874,-8.630478786767647,-0.06814641038914004,7.4058226104206755,8.056297725160453,-0.564965,0.290722,-0.390047,-0.168731,-0.25833,-0.219699,0.925488
25.434507608413696,2.1081470212531745,-6.319113114330819,18.424992634939034,3.0647808165534776,-0.9894595181356811,-4.482659757888963,-0.383781,0.293139,0.0294471,0.515965,0.538173,-0.639892,0.186247,-0.380127,0.292663,-0.206913,0.695809,0.225846,-0.645857,0.218429,26.01722824665452,7.403388196002711,-2.3483430302576807,10.637953410629692,-8.211059822875015,-1.1587331003281065,8.861329205827289,9.38475713980133,-0.565914,0.289465,-0.389646,-0.162756,-0.259426,-0.21679,0.926936
25.493264198303223,2.3742057813519586,-4.905951159011446,17.22538745949914,3.1025606120015237,-0.8588699822586171,-4.020465968885347,-0.385091,0.293101,0.0295374,0.52109,0.537379,-0.637807,0.181358,-0.383451,0.289161,-0.207844,0.714688,0.209264,-0.632239,0.213782,27.606654242917802,5.803962935062086,-0.7698666274933359,8.124103503371224,-8.789550789003668,2.1143215021919275,5.763654814879792,6.522213167628864,-0.572743,0.288395,-0.386976,-0.154016,-0.255408,-0.214404,0.930095
25.55118227005005,3.2516211114716835,-1.3890007391183663,18.048497037752487,2.714358057428485,-1.1101525241956944,-3.8712049842001837,-0.386803,0.293083,0.0298254,0.527757,0.538002,-0.634344,0.172146,-0.388198,0.282199,-0.210306,0.729811,0.189641,-0.626079,0.19859,28.69750255082489,5.384265595114684,1.8450571289048963,9.36347154933807,-8.774622054302961,1.144032256792329,6.11247097758399,6.6963940059961855,-0.582314,0.286385,-0.384058,-0.127549,-0.230944,-0.197465,0.944142
25.60972237586975,4.954784365208471,-0.2645774343763078,17.544666172529602,2.6169475717829287,-1.4087320384231012,-3.801824774536186,-0.388059,0.29275,0.0297103,0.534416,0.537833,-0.630102,0.167648,-0.39321,0.27643,-0.212909,0.742306,0.174215,-0.617551,0.19303,29.71163435829534,4.828217509095807,3.514664158191626,8.930552722097401,-8.490991650199275,0.39077586887139404,6.8891402589984745,7.561228910748558,-0.591749,0.282741,-0.381128,-0.111285,-0.216699,-0.184087,0.952244
25.66856622695923,5.6966853527054955,0.7662039840984163,16.420873637313647,2.4512217182002534,-1.60518900442267,-3.7100087515959803,-0.389591,0.293215,0.0302565,0.537233,0.537882,-0.629138,0.162016,-0.397339,0.273925,-0.213434,0.7486,0.164583,-0.612797,0.192331,30.871984485316364,4.6380320151837475,4.170554626850161,9.233327016524559,-8.073624209131701,0.5769289441607484,6.525524952358675,7.53988652910484,-0.59762,0.280707,-0.379186,-0.103881,-0.208572,-0.171187,0.957289
25.72734236717224,5.636242561373409,-1.2075731550063153,17.340636749677646,2.8388134761693706,-1.344546383018768,-3.7559329625650135,-0.39047,0.293368,0.0303792,0.53859,0.540246,-0.625842,0.162409,-0.39907,0.274699,-0.213081,0.748698,0.167462,-0.611184,0.194578,30.81308066111016,4.802693208991824,4.1204516752582085,8.710217888721983,-8.363949809518626,0.48907488710837654,6.851462572001831,7.5558965668601035,-0.599689,0.280396,-0.378633,-0.105589,-0.207513,-0.171792,0.957224
25.78591513633728,6.0057425847801325,-1.096763891786122,18.31625757615165,2.8077406019513336,-0.8263731388390001,-3.8760637720673703,-0.390272,0.293403,0.0303062,0.537791,0.539913,-0.62677,0.162584,-0.398088,0.276477,-0.212489,0.745819,0.17233,-0.612893,0.196007,30.512145493439675,5.015413999098417,3.521427385694552,8.894350334614066,-8.888598002086052,0.608324782826525,6.704201825549968,7.121053468781894,-0.598292,0.281037,-0.379028,-0.111723,-0.214291,-0.179905,0.953536
25.8597629070282,5.0481295739041325,-3.5877512940286826,19.280222942056817,2.6956452626349154,-0.5391249353243762,-4.396941040187545,-0.390141,0.293675,0.0303467,0.531766,0.542638,-0.628037,0.168339,-0.395253,0.281226,-0.210113,0.733314,0.18635,-0.620416,0.206418,29.976624581792027,5.774713976177148,2.0379521334442954,8.804463418213398,-8.398934926467222,1.4404476172671181,6.091087028324212,6.850428727237416,-0.591003,0.281509,-0.382183,-0.13145,-0.228906,-0.191582,0.945314
25.917348384857178,3.8595931017763183,-6.307037687212274,18.396547747727144,2.7323610319592806,-0.5595161620201886,-4.621373643121812,-0.389481,0.293839,0.0304326,0.528013,0.543814,-0.629065,0.172471,-0.392329,0.284658,-0.208713,0.723893,0.196281,-0.625389,0.21527,29.618085921544036,6.369379505069105,0.7819671475952887,8.634501961406679,-8.870255308525152,1.5441840079521931,6.133645613604309,6.6157497688706846,-0.584681,0.281311,-0.384349,-0.150693,-0.246256,-0.202558,0.935746
25.977521419525146,2.9252202687013527,-6.7085564090047605,18.412167097362,2.8199000079532515,-0.6507025199932236,-4.666818078255606,-0.387492,0.293697,0.0299828,0.523281,0.541828,-0.63327,0.177673,-0.38719,0.288008,-0.208115,0.716117,0.20661,-0.627767,0.224496,29.13006024038574,6.264482269057311,-0.9473138109684172,8.609714532616076,-9.983789751973774,2.2642446179819196,5.471213642565454,5.431894932091373,-0.575651,0.280789,-0.388086,-0.163835,-0.256397,-0.209616,0.929236
26.035690784454346,2.6774130231862596,-6.340676573201059,17.93973935640459,2.9233888693830976,-0.7917827588105601,-4.64999467723021,-0.386068,0.293443,0.029794,0.519497,0.540616,-0.636141,0.182157,-0.383338,0.288274,-0.207992,0.711498,0.207732,-0.631485,0.227694,28.962606088423726,6.2329219956595825,-1.2682370789417838,8.479935990783183,-9.696705103085444,2.458141485587767,5.273539424804597,5.633100393835159,-0.569838,0.281255,-0.390307,-0.16392,-0.256844,-0.204298,0.930281
26.094974279403687,2.6856877867941464,-6.917243834432698,17.960030990910553,3.1124896412459613,-1.0518940827859313,-4.543640061096997,-0.385494,0.293284,0.0295572,0.52088,0.539831,-0.635593,0.18245,-0.382326,0.287996,-0.208284,0.707855,0.208075,-0.635733,0.226915,28.590975569969935,6.958738714798924,-1.2766429098887446,8.747473349115797,-10.080845942848276,0.7792745141775512,6.7756812205406165,6.558577188075286,-0.568522,0.280524,-0.390914,-0.163189,-0.258388,-0.201191,0.93066
26.153530597686768,3.196372872366483,-4.8653516376690025,16.436452949837783,2.87991835556387,-0.9175678053522395,-4.285470939865567,-0.385974,0.29308,0.0295562,0.52192,0.538776,-0.636154,0.180632,-0.384026,0.285715,-0.208908,0.716431,0.199544,-0.630354,0.222628,29.218289918900208,6.033313309642611,-0.40944232170844685,8.040545190376363,-9.202908743084429,2.3804978108004526,5.47633436038476,6.011624005650507,-0.572376,0.279928,-0.389287,-0.154232,-0.251866,-0.197178,0.934824
26.21202278137207,4.048910707477703,-1.5659165403670385,17.535926348396238,2.818451527939852,-0.7532938210945941,-4.101182823442242,-0.387198,0.292948,0.0295902,0.528796,0.537422,-0.633575,0.173596,-0.387337,0.282114,-0.210014,0.721298,0.191014,-0.630596,0.213522,29.352771909110754,6.701641272582637,0.6420275970970639,9.377669757960017,-10.009770276164023,0.12039007483764408,6.972542933749698,7.0049172678094,-0.579095,0.27988,-0.386787,-0.147736,-0.244246,-0.192338,0.938895
26.27147364616394,4.556586223888022,-0.695175441362615,18.017302925121736,2.4898865383056594,-0.959233672714453,-4.008856293345522,-0.387853,0.293002,0.0297489,0.532542,0.538516,-0.630358,0.170436,-0.390666,0.277596,-0.212091,0.734535,0.178683,-0.621722,0.20492,30.05941036101573,5.613746738951218,2.4440959335228936,9.20892608179318,-9.550413694437687,0.24028691175740136,6.937844866301994,7.060914840354655,-0.585856,0.2785,-0.384557,-0.124576,-0.226607,-0.184669,0.948171
26.32936954498291,4.85104428391854,0.5642892048808401,21.195854293498442,2.740630552261755,-1.2852660951501003,-3.871383079244859,-0.388719,0.292897,0.0296155,0.535045,0.537805,-0.629926,0.16639,-0.394193,0.274939,-0.213531,0.741544,0.171176,-0.616787,0.200962,30.662874702773113,5.125317513052877,3.132112574323683,9.515646978290363,-8.734513560848892,0.1977376379558109,6.872303149614139,7.444814483637273,-0.592457,0.276714,-0.382576,-0.118947,-0.220244,-0.178428,0.951582
26.38932728767395,5.033574041419769,0.6142340215183512,19.046409776027463,2.4866323701236723,-1.2036733902864578,-3.8537733297160846,-0.389923,0.293291,0.0299947,0.536057,0.539078,-0.628431,0.164658,-0.396625,0.274599,-0.213455,0.743489,0.168451,-0.614675,0.202542,31.197544345260784,5.132289671088111,3.35318593042744,9.21068741573527,-8.481478034670578,0.3569272100636418,6.808489961093471,7.585302695534246,-0.59547,0.275859,-0.381703,-0.120114,-0.217908,-0.173957,0.9528
26.447323322296143,5.134857890733332,-0.5060237599993409,20.409672691003394,2.4012153778577288,-1.0371456377068988,-4.0601783078339215,-0.390042,0.293408,0.0301313,0.535029,0.539769,-0.628464,0.16561,-0.395655,0.275212,-0.212635,0.738619,0.171957,-0.618587,0.205484,31.05012907101978,5.715501502418137,2.9603158834365297,9.980043366374309,-8.699256579806114,-0.03026591130591072,6.952889527245743,7.723879628053759,-0.592896,0.275536,-0.382658,-0.120767,-0.224066,-0.178869,0.950377
26.506520748138428,3.2394857631239726,-1.1661063360206882,19.583552660426797,2.278363949166181,-1.149443902563199,-4.065638533094579,-0.389882,0.293431,0.0300485,0.533582,0.540924,-0.6283,0.167127,-0.393233,0.277028,-0.211502,0.734525,0.174879,-0.621316,0.209421,31.05220852752596,6.1122723207998835,2.620609521561735,9.249293167247453,-9.910325484835477,0.6428067240966087,6.422694965908053,6.503727243750509,-0.587788,0.275785,-0.384744,-0.12874,-0.233474,-0.178209,0.947184
26.565231800079346,2.959420656171729,-4.526119522539225,18.1302775663462,2.544470509390636,-1.139540067556131,-4.36456413124949,-0.389023,0.293505,0.0300972,0.530162,0.540473,-0.63018,0.172309,-0.38969,0.280224,-0.210018,0.722778,0.185131,-0.628806,0.218909,30.464013161717165,7.016523963028461,1.1512765073860374,9.35294768853933,-10.26652544371331,0.14308867019396843,6.811022853300721,6.995352035587432,-0.580516,0.275375,-0.387182,-0.148712,-0.246611,-0.190587,0.93848
26.624016523361206,1.6467923907318507,-6.9240857091575725,15.515550893093275,2.6922885365382103,-1.2797774439394851,-4.198139825541399,-0.387583,0.293615,0.0299378,0.523019,0.541132,-0.633956,0.178121,-0.385733,0.283283,-0.209511,0.714881,0.193488,-0.631552,0.229454,30.45557712763825,6.835575698560584,-0.17535098628912493,9.155315132351053,-9.627283615864647,1.2893364515865358,5.984700715572728,6.489472070705566,-0.573504,0.274432,-0.390278,-0.159541,-0.255105,-0.188089,0.934928
26.682821035385132,1.458467754096999,-6.656532570058105,13.227555850228525,2.8236503165770044,-1.4529261130509412,-4.100352052064692,-0.385799,0.293321,0.029632,0.519356,0.540527,-0.635911,0.183622,-0.381178,0.282874,-0.209661,0.71304,0.191976,-0.633513,0.231043,30.384601245024957,6.45802099447514,0.0006870527559978967,8.381130334556012,-9.454909247197103,1.9661550470347429,5.743088402375212,6.091595591861901,-0.566665,0.272707,-0.392822,-0.159924,-0.258445,-0.185596,0.934443
26.741365909576416,2.2251763092900063,-4.107267776357038,13.640225573977968,2.686024821800857,-1.63782288512236,-4.142333285554404,-0.385363,0.293034,0.0293582,0.520749,0.538131,-0.63678,0.183701,-0.380283,0.280841,-0.210443,0.712087,0.187466,-0.635512,0.232193,30.588899857507425,6.807498292681462,0.056029399067154984,8.710330365596155,-9.637134628230228,1.0015588406116542,6.489467952111589,6.853995447417582,-0.565392,0.269505,-0.393608,-0.158673,-0.256139,-0.181483,0.936098
26.8010094165802,2.7813613489584856,-0.2936604407234724,16.569685589704893,2.5139350984654896,-1.4536686562251842,-4.000513558923579,-0.386524,0.292894,0.0293759,0.524541,0.538672,-0.634908,0.17771,-0.383542,0.277703,-0.211191,0.718563,0.180232,-0.63138,0.229224,31.40216779284931,6.753943153511374,0.7429003059080532,9.756939783330665,-9.923632379248309,0.9847376802713868,5.61391702330963,6.46440917830642,-0.571751,0.268122,-0.392185,-0.154624,-0.245883,-0.164461,0.942648
26.87431502342224,3.137077850023153,1.6694679262253982,19.161227789176213,2.1102755674402225,-1.2865382882485745,-3.9228639673826162,-0.388221,0.293036,0.0296818,0.531325,0.538393,-0.631227,0.171402,-0.389089,0.274003,-0.212776,0.731284,0.168419,-0.622575,0.221942,32.18281528956444,6.145918407330678,2.1141276512962257,9.290762561094407,-10.103757970682702,0.6366875383579718,5.908466758120362,6.411630160378626,-0.581832,0.265601,-0.389774,-0.134849,-0.236898,-0.160716,0.948612
26.93272566795349,3.2481162458172554,2.2382590757512655,23.207753009534873,2.4746983529761697,-1.6079255459680066,-3.7591722146241673,-0.388936,0.292963,0.0294879,0.534956,0.538362,-0.629377,0.166953,-0.393066,0.270728,-0.214659,0.740676,0.160559,-0.615244,0.217011,32.795483095055914,5.450446463653806,2.996034788830422,9.691499519923756,-9.60715463084685,0.43032211011909993,5.775198735917645,6.714073028373786,-0.589053,0.264792,-0.386503,-0.128638,-0.226222,-0.15204,0.953499
26.992201566696167,3.8349596314017624,3.197342924108137,21.278118098264105,2.1560717443007924,-1.5852024425639089,-3.707671821843352,-0.389636,0.293018,0.0296107,0.535644,0.538717,-0.6293,0.163864,-0.395485,0.269247,-0.215155,0.743383,0.157887,-0.61335,0.215071,33.15470263747228,5.315998276455101,3.263106474372205,10.742341439195316,-8.865983214803627,0.2079040520786961,5.7545155063596205,7.253227365473876,-0.592905,0.263254,-0.384787,-0.124952,-0.224108,-0.154798,0.954044
27.05134344100952,-2.604275350681323,-9.486882574650824,-16.68545183889907,1.384583897748613,1.6147510362863193,2.872152407792454,-0.38996,0.293341,0.0300483,0.534248,0.540303,-0.628376,0.16672,-0.394692,0.270155,-0.214262,0.739444,0.157888,-0.61669,0.21906,33.28644058810929,5.744074872619184,3.334158000071211,9.640960223532076,-8.515629422264512,0.20425028648724108,6.677782982983663,7.872137683866684,-0.656252,0.24528,-0.483121,0.461979,0.809489,-0.225265,0.283828
27.110888242721558,2.0064091275634266,-0.8562507428072298,19.509202646183986,2.2343257803329193,-1.6329842533932337,-3.9848568235758726,-0.389617,0.293301,0.0298589,0.532439,0.539364,-0.630635,0.167017,-0.391203,0.272449,-0.212687,0.732368,0.164287,-0.622154,0.222648,32.943931427191394,6.46586231205467,2.355975737404175,10.516574782470528,-10.341026122228548,0.5720795552643843,5.236981317283202,6.160034381594104,-0.583262,0.264021,-0.388742,-0.133723,-0.236331,-0.156612,0.949599
27.170705795288086,2.001696372132572,-4.670463565086266,18.441865600667764,2.5032001240686883,-1.708235170822185,-4.344383678037053,-0.388769,0.293442,0.0299201,0.528376,0.541164,-0.6306,0.174081,-0.387217,0.277018,-0.210996,0.721391,0.178835,-0.626796,0.233965,32.17581978620669,7.047287385479605,0.7355111130623566,10.053130206919233,-11.449336831203434,0.7537261542757889,4.980139670971957,5.351624610227512,-0.574954,0.264437,-0.392006,-0.157817,-0.249925,-0.165181,0.940929
27.230547428131104,1.3220698545540515,-6.106112576590207,16.9781368941055,2.5982732708422662,-1.3727086527411496,-4.265794770356444,-0.38674,0.293597,0.0297232,0.520779,0.54137,-0.634154,0.183183,-0.381851,0.280752,-0.210294,0.711731,0.188804,-0.632423,0.240487,31.363784982482414,6.935959561100012,-0.30809670148070367,9.31363378401287,-10.495463192973183,1.2889451611524443,5.238202847388549,6.064421717353551,-0.565753,0.265043,-0.394742,-0.168139,-0.264237,-0.177925,0.932872
27.289620399475098,1.80317335708929,-7.571370564957815,17.923764409143345,3.058282747083975,-1.2552724883348443,-4.387220732830743,-0.385191,0.293441,0.0293975,0.51611,0.539858,-0.637895,0.187811,-0.377401,0.281863,-0.210119,0.705102,0.191049,-0.637752,0.244139,31.110235394184983,7.063949378119567,-0.8287399904643493,9.157966852742925,-10.210764744700642,1.3454166744303286,5.428144781106681,6.240590755835011,-0.558487,0.266067,-0.397307,-0.172314,-0.26768,-0.180655,0.930601
27.349838495254517,1.1205172427099352,-5.516771667691672,17.83087585261221,2.7855292753059797,-1.23124671742739,-4.010965713022896,-0.384981,0.293291,0.0293434,0.517779,0.53792,-0.638818,0.18563,-0.3775,0.280741,-0.210588,0.707296,0.18566,-0.636342,0.245624,31.712149537094877,7.068509227763376,-0.8094580809857881,8.724947265791284,-10.566172028854664,1.5133516655294947,5.269626336157672,5.8869127625171105,-0.559349,0.264766,-0.397018,-0.172507,-0.27073,-0.182919,0.92924
27.40914273262024,1.4118789586449711,-3.360202430108168,21.476201692972406,3.1436864523816963,-1.3365621340899099,-3.8281672030374563,-0.385863,0.292994,0.0291011,0.520744,0.539129,-0.636514,0.181703,-0.380585,0.277083,-0.211662,0.713394,0.177824,-0.63493,0.237299,32.029796511391446,6.999695990973934,0.5563725140488174,9.5447539958954,-9.499272875348112,0.9994583615450239,5.907098760749191,6.979307900500402,-0.566276,0.262556,-0.396532,-0.1646,-0.263627,-0.16456,0.936124
27.46861982345581,2.527865594845601,-0.1554513347721285,21.344774955239362,2.8178263480283756,-1.4543056917918986,-3.808319496085057,-0.38738,0.292913,0.0291776,0.527849,0.53907,-0.633078,0.173179,-0.384812,0.271622,-0.213083,0.724956,0.161733,-0.628405,0.23106,33.38681534505089,6.86239871294989,2.1723231662662696,9.926292069829701,-10.461441165891397,0.5953559292383659,5.5190723480082085,6.220806939589274,-0.573517,0.260158,-0.39263,-0.138457,-0.247319,-0.151809,0.946899
27.528586626052856,3.4366491483487662,2.0773050910619735,23.805173045365613,2.909632722090932,-1.8689641631252412,-3.655774943978042,-0.387988,0.292602,0.0290187,0.531771,0.538403,-0.631437,0.169202,-0.389325,0.266521,-0.215705,0.735913,0.151345,-0.620333,0.225198,34.07898168414566,5.958733855175738,3.294320100280636,10.708020473944888,-9.266459283692381,-0.11890421340715562,6.104016698298025,7.323762108836184,-0.582827,0.257095,-0.390007,-0.127413,-0.23212,-0.141539,0.953862
27.587677478790283,3.7822400075458464,3.331056106348122,23.580459572531247,2.796105669852548,-2.0483409851458902,-3.4296185076433408,-0.388722,0.292435,0.0290276,0.534926,0.535808,-0.631482,0.167315,-0.393423,0.264564,-0.216878,0.743423,0.147699,-0.613918,0.22048,34.023581076847314,5.143570241298397,3.5509073655016232,10.842750212190587,-8.114367523279613,-0.20443818990204576,6.397147857450667,7.842946390175227,-0.590229,0.255239,-0.388648,-0.123152,-0.221121,-0.130593,0.958585
27.649155616760254,3.306879086876833,1.4491593083535514,22.023762625189388,2.942415333094922,-1.6245075749374973,-3.4273414892273295,-0.389855,0.292835,0.029364,0.537714,0.537415,-0.628434,0.164682,-0.39514,0.265454,-0.216152,0.744833,0.147984,-0.611379,0.222575,34.33237530703509,5.419413897309106,3.527881805199673,10.275634597619032,-9.603936026735989,0.03257584215645437,5.644982659678993,6.86690119969851,-0.59234,0.25595,-0.38655,-0.128993,-0.225433,-0.134616,0.956253
27.70992136001587,3.5447918600292256,-0.14828366237900495,19.180797241150902,2.3713651270570404,-1.4322043299748217,-3.7421376680986103,-0.390298,0.293095,0.0294798,0.534424,0.539776,-0.628568,0.167137,-0.393264,0.267065,-0.214805,0.736652,0.151786,-0.619138,0.225773,34.17752201469875,6.309755680756549,3.3773516494550444,10.486264235404592,-9.32117889818799,-0.17390342394019598,6.396565614061539,7.462231381374341,-0.587186,0.256128,-0.388637,-0.130062,-0.23039,-0.140044,0.954145
27.769726753234863,4.928164080743016,-2.3271240745260733,18.927583116331693,2.307667758572236,-1.2760415743830258,-4.215718571155951,-0.389771,0.293211,0.0294815,0.530053,0.540774,-0.6302,0.171624,-0.388587,0.269007,-0.213064,0.726496,0.156951,-0.627534,0.231885,33.94369002259948,7.157713600604575,2.7721075450204555,10.764620319905589,-9.972695289230726,0.09897421730864764,6.120877821019832,6.941368387976029,-0.577563,0.257102,-0.392064,-0.136174,-0.245099,-0.145491,0.948797
27.829421997070312,3.3152985665099544,-3.4543178451596614,19.452478414618266,2.309501129075537,-1.2303853056695442,-4.053386026597531,-0.3883,0.293108,0.029206,0.525736,0.540405,-0.632772,0.176533,-0.384321,0.273269,-0.212291,0.71688,0.169496,-0.632153,0.240285,33.22135162477554,7.563847251704679,1.1134114439614295,10.637429687087913,-10.81699784206557,0.11539572894468719,5.785700320575157,6.473319892293574,-0.569548,0.257652,-0.394941,-0.15301,-0.255476,-0.154319,0.942075
27.888688802719116,1.6852557674313007,-5.101672256544973,19.078357384220446,2.599461317577327,-1.2967497431180672,-3.8882982531695647,-0.387175,0.293122,0.0290485,0.520556,0.540067,-0.635632,0.182539,-0.380706,0.275638,-0.211857,0.711765,0.176166,-0.634572,0.244282,32.678217273933036,7.242808367528313,0.34838578209258486,10.292967717504492,-10.477464766823475,0.8811603157753325,5.110167900025699,6.107691853780368,-0.564292,0.257953,-0.397915,-0.167952,-0.267792,-0.161188,0.934932
27.948660612106323,1.9419165602398072,-4.886507998092381,20.463466776753314,2.9130850483489086,-1.389822297459304,-3.9522143361536197,-0.38646,0.292898,0.0286914,0.521429,0.538526,-0.636,0.183319,-0.379069,0.274928,-0.212259,0.708954,0.172643,-0.63737,0.247665,32.9511367495132,7.788667150001913,0.30294684014656603,9.583993265104207,-10.927012524829994,0.15513163006053077,6.100765111923302,6.635287807036495,-0.561447,0.256943,-0.398279,-0.167727,-0.267204,-0.163218,0.934788
28.00937819480896,2.1561150180434163,-2.6331311488643228,21.70294727280026,2.7389824763618194,-1.6555953882003294,-3.8392869635247884,-0.38707,0.29261,0.028542,0.525832,0.537327,-0.634255,0.180283,-0.381265,0.272484,-0.212849,0.71421,0.167001,-0.634813,0.242956,33.0828388984221,7.7548584405196594,0.9628808590009061,9.669556332545408,-11.257722093866375,-0.2880383528084103,6.403185410478747,6.647432801065352,-0.565385,0.254592,-0.396846,-0.137383,-0.26326,-0.147747,0.943393
28.07026743888855,3.377127644202113,-0.3824803191140293,19.857431923334307,2.750217446056045,-1.2174902403718284,-3.791663506761043,-0.388432,0.292748,0.0288591,0.528583,0.538233,-0.632825,0.174466,-0.385569,0.26894,-0.213673,0.723521,0.15641,-0.629154,0.237104,34.07267536215962,7.190168054614437,2.2021321358749884,10.17913413662031,-10.238903477706302,0.2205170926958786,5.973083868383881,6.858367232922465,-0.573285,0.254063,-0.394136,-0.144472,-0.247483,-0.14363,0.947233
28.129698753356934,2.3913923113116544,1.064310120506535,20.449469781950015,2.7539798335052765,-1.5779743731853222,-3.4278666195171335,-0.388927,0.292498,0.0288475,0.533098,0.537242,-0.631043,0.170186,-0.389412,0.265368,-0.215442,0.733298,0.149846,-0.621769,0.230703,34.36175745295855,6.464632945293918,2.98385587751891,10.923603286954334,-10.013509862376836,-0.4139470554837459,6.1640515679288725,7.029938633488738,-0.581315,0.252225,-0.39133,-0.133962,-0.234107,-0.135253,0.953391
28.190295934677124,5.752576946205081,2.8878318323363894,22.348260872878555,2.912657992969801,-1.6387104019166958,-3.530251078201246,-0.389167,0.292166,0.0285852,0.536832,0.536029,-0.630277,0.16503,-0.393695,0.261541,-0.217908,0.743268,0.141019,-0.613523,0.226398,35.12075590824036,5.643181966733527,3.693079091887152,11.347646122018215,-9.146722400129256,-0.9728114345860917,6.676616449708314,7.920355273567068,-0.591122,0.24907,-0.388084,-0.124037,-0.220154,-0.124957,0.959444
28.25095558166504,5.999361215253241,3.667493133184093,19.93398276824184,2.4880832835276356,-1.3100817120288664,-3.2613184073035906,-0.389274,0.29214,0.0289673,0.539704,0.535209,-0.628831,0.16384,-0.394858,0.26042,-0.217701,0.748199,0.136775,-0.609238,0.224319,35.288876013825266,5.273192552329227,4.11031994898086,10.637249745404205,-9.641504365660932,-0.5288744607810649,5.9492668198270655,7.160476034510456,-0.592297,0.249353,-0.387455,-0.120991,-0.216843,-0.120754,0.961124
28.310957193374634,4.747837429294765,1.9680323147999534,17.994749231575607,2.4231226775937786,-1.2372906310600513,-3.2737500582423595,-0.389857,0.292399,0.0290177,0.537186,0.536977,-0.629105,0.165268,-0.393897,0.261536,-0.217001,0.742218,0.13901,-0.614408,0.228673,35.43453081201263,5.93083288424389,3.8820561682388064,10.751966157297813,-9.397593540351894,-0.7066297740694054,6.554945795737682,7.659992198766635,-0.589795,0.249029,-0.388549,-0.127137,-0.224746,-0.124111,0.958082
28.37128758430481,5.04461226030974,0.1961631212454006,18.008058888672483,2.2677037067162367,-1.1837696552725203,-3.7559671629673814,-0.38953,0.292401,0.0289137,0.536045,0.53784,-0.628281,0.169255,-0.390151,0.262632,-0.215805,0.736088,0.141344,-0.619801,0.232471,35.1662722853128,6.6170899602813,3.7567369445933902,10.106061269582698,-10.82675302613462,-0.6910690540926616,6.3948936676448875,6.734584553452254,-0.582109,0.248728,-0.391548,-0.131292,-0.232726,-0.126785,0.955263
28.431586265563965,4.234838958873733,-1.762462725080911,17.71919976314793,2.1795895838450616,-1.4836348652114588,-4.019991105407203,-0.388929,0.292313,0.0287747,0.531032,0.538511,-0.630523,0.174503,-0.385533,0.264749,-0.214148,0.724893,0.148235,-0.629319,0.237728,34.659085078196966,7.484237472762956,3.0442496613361305,10.618429031357413,-10.908890584573063,-0.599325889974704,6.529081599592088,6.737618244838865,-0.571914,0.248913,-0.395269,-0.141316,-0.241512,-0.131224,0.951043
28.49144411087036,2.836030238778171,-4.7653865409164045,16.929812285211217,2.4082523782621816,-1.470892015214,-3.928343304851562,-0.387593,0.292457,0.0286789,0.524497,0.539671,-0.633039,0.18144,-0.381166,0.268445,-0.213382,0.716464,0.157559,-0.633322,0.246491,34.29742714272946,7.498554188257896,1.8948193071809358,9.948367300822483,-10.506786225984179,0.3086590660440649,5.932633576027544,6.677037395828397,-0.564719,0.247348,-0.398366,-0.154851,-0.260568,-0.143938,0.942023
28.551721572875977,1.3723695346298146,-6.3472981000904145,16.806948127194556,2.833839631738179,-1.4626104437497933,-3.6857361498116097,-0.386125,0.292394,0.0283931,0.52052,0.538172,-0.636308,0.185856,-0.376701,0.270085,-0.213131,0.710444,0.162338,-0.636608,0.252282,34.02645053243301,7.551244691648608,0.9576116542919486,10.075695725296622,-11.104438068432792,0.5385198219569354,5.307142936040068,5.992277908549444,-0.557221,0.247272,-0.400547,-0.173454,-0.267714,-0.154462,0.935085
28.61177968978882,2.8528576803738526,-2.07667004584988,19.847962074388356,2.884618469319881,-1.641131942438093,-3.736322987165542,-0.385501,0.292071,0.0280657,0.520637,0.537483,-0.636455,0.187014,-0.375564,0.268693,-0.213599,0.709603,0.159166,-0.637679,0.253958,34.253541627135526,7.693187943072782,1.1091169109681163,9.87170995967038,-10.984129660826449,0.28209877352175283,5.7547627064347955,6.386832456956938,-0.55448,0.248629,-0.402204,-0.188737,-0.252487,-0.132152,0.939768
28.671854734420776,3.0301998481753185,0.5806321265336548,20.689277987009483,2.38879328273785,-1.4915805820427661,-3.6606512753601357,-0.386216,0.29204,0.0281355,0.52201,0.53815,-0.636057,0.182572,-0.377945,0.265223,-0.214336,0.713512,0.150192,-0.636212,0.252146,35.261073965589226,7.697391017451303,1.9292160295670229,10.852015670608578,-10.049226560796036,0.14640138164168093,6.245235041301082,7.043189936085588,-0.559669,0.242791,-0.399924,-0.156507,-0.259749,-0.132244,0.943688
28.733601808547974,3.7949520916002197,3.0965461601025095,20.419693006047215,2.1129906392621822,-1.6250148078688933,-3.564729407852845,-0.387633,0.292051,0.0283147,0.527447,0.537322,-0.633751,0.177324,-0.382658,0.260631,-0.215493,0.725459,0.138443,-0.628526,0.243922,35.9089124679658,6.922248056488061,3.31269145707909,11.215178357550688,-9.748060103871804,0.16650837577709865,5.984083355525889,6.641304932326355,-0.566783,0.241523,-0.398223,-0.140462,-0.233552,-0.117651,0.954925
28.79462170600891,3.7679670482855854,4.648549447032782,22.04119580697756,2.3442207634157652,-1.7800174168708056,-3.218226433299895,-0.388408,0.291772,0.0281581,0.534104,0.535768,-0.632047,0.167936,-0.388763,0.255905,-0.218154,0.739159,0.126146,-0.616921,0.23904,37.15763045472334,6.081245873100302,4.1642849405893045,11.685466217512438,-9.775087006713683,-0.43195702132128844,5.998864567148922,6.992356928369103,-0.581281,0.237564,-0.39289,-0.131696,-0.23462,-0.110408,0.956776
28.869104623794556,5.260184606399406,5.485842493972162,18.80851262694709,2.091191007472231,-1.6171329255012983,-3.0743531432828393,-0.389504,0.291961,0.0285065,0.538188,0.534765,-0.630452,0.164043,-0.393836,0.253749,-0.219149,0.747408,0.118341,-0.609298,0.236923,37.842751647793285,5.461992877037844,4.736614239050596,10.90610817550952,-8.87885786781402,-0.4785080938156092,6.429458534571351,7.428572854167601,-0.589699,0.235618,-0.389998,-0.125597,-0.217583,-0.103927,0.962332
28.930535078048706,3.8482113976221872,2.973647738339538,14.819833048448245,1.955928317986329,-1.6578345817087796,-3.06618652617855,-0.390402,0.292313,0.02897,0.53939,0.535879,-0.628252,0.1649,-0.394714,0.254223,-0.21842,0.746561,0.119338,-0.608463,0.241202,38.000984319983075,5.697485463720757,4.585420375897396,10.387453609848764,-9.44589558091972,-0.4405700496759657,6.260064664541638,7.515835585086193,-0.590067,0.234648,-0.389748,-0.126868,-0.218732,-0.100701,0.962248
28.990546703338623,4.690116509926658,0.5042296250326493,15.94935044096006,2.51781942817664,-1.4908708049015726,-3.553513362690031,-0.389841,0.292203,0.0288581,0.536081,0.537178,-0.629049,0.168388,-0.391599,0.255318,-0.217634,0.739839,0.125246,-0.614569,0.243426,37.51319402993303,6.212892302138236,4.20686706723748,11.287393776490859,-9.474638301168504,-0.6464946982183051,6.553535993201935,7.300151355492609,-0.583509,0.234883,-0.39177,-0.137427,-0.231703,-0.107551,0.957006
29.050718545913696,2.827476030275426,-1.3559106509842402,14.846288352812811,2.446622292916172,-1.6917675421543619,-3.5191934854919933,-0.389309,0.292296,0.0285777,0.533178,0.537263,-0.63041,0.172202,-0.386558,0.25881,-0.215934,0.729505,0.135093,-0.622332,0.249551,36.83346769503847,7.196293647887929,3.074197705161251,11.72567946889182,-11.546130567275407,-0.553046360468592,5.639082846802306,6.1575227644659,-0.57434,0.235231,-0.396919,-0.144597,-0.238833,-0.108002,0.954141
29.111459493637085,-1.9437712263101405,-13.271188342774426,-8.667421036581574,1.3356185746539475,0.5288816359581312,3.6646428762799053,-0.388782,0.292321,0.0286686,0.528619,0.538628,-0.631944,0.176321,-0.383307,0.262328,-0.214498,0.71952,0.144846,-0.628087,0.25849,36.532748195165915,7.877466670216952,1.8336300604914841,11.763609621336649,-11.80424169457095,-0.17815972255658963,5.338046052500504,5.735422778399601,-0.618771,0.204959,-0.499203,0.456698,0.775013,-0.18822,0.394152
29.172078847885132,2.0723224924963053,-5.707284106028264,14.144997986280206,2.6423711192997152,-1.522851657694437,-3.7374000492769297,-0.38716,0.292482,0.0285517,0.521903,0.540579,-0.633291,0.185293,-0.378373,0.265762,-0.214068,0.710509,0.15218,-0.633574,0.265712,36.04525451331498,7.964812722756964,1.2026041486250572,10.19840151463626,-10.954646753550358,0.2855744135519984,5.791012144838267,6.466671293088162,-0.558244,0.235572,-0.400471,-0.173159,-0.265975,-0.137887,0.938222
29.231558322906494,2.155407483474202,-5.625487969151529,16.146784192808013,2.9045657484091607,-1.677942802638178,-3.720643714324754,-0.38621,0.292257,0.0282293,0.519625,0.539509,-0.635621,0.186831,-0.37577,0.265776,-0.214084,0.709036,0.152458,-0.634867,0.266398,35.9954008277349,7.797964962809957,0.9825633200818098,10.527357896698623,-11.137331637016251,0.7520425077649691,5.071771138082962,5.8376096334438445,-0.553691,0.236047,-0.40243,-0.174037,-0.26466,-0.129154,0.939673
29.29237985610962,2.7451892480782805,-2.0124231218084563,16.31189371375752,2.5471746671352538,-1.5095966720027736,-3.5748916138816504,-0.386146,0.291935,0.0280233,0.522521,0.53743,-0.636203,0.182716,-0.37665,0.263596,-0.214613,0.712652,0.14561,-0.632742,0.265635,36.652418056709,7.833367538030813,1.2238322536023984,10.68135900256102,-11.632181352213525,0.7342775452011772,4.930844147974492,5.320229189879831,-0.556516,0.233808,-0.40122,-0.168765,-0.264036,-0.127415,0.941047
29.352163791656494,3.7918876785400717,1.5833742603192817,15.602664417527999,1.9711799915211201,-1.4897483222766956,-3.5556396197026228,-0.387179,0.291956,0.028278,0.526225,0.538113,-0.633519,0.179374,-0.380239,0.259334,-0.21532,0.722943,0.132908,-0.627874,0.255857,37.227002888899726,7.127131783849183,3.0980526320849524,10.265286204358963,-10.529845590547904,1.0092463997057166,4.93395117781833,5.858533643685545,-0.561108,0.232727,-0.400705,-0.151787,-0.232374,-0.113793,0.953947
29.41182804107666,3.973807146632025,3.8143912204263226,17.412926260850327,2.037032461455115,-1.635350982893869,-3.4081901583891363,-0.388112,0.291839,0.0283154,0.532531,0.536583,-0.631561,0.172103,-0.385028,0.254008,-0.217458,0.734574,0.120356,-0.617872,0.253276,38.479643906309825,6.472120422369409,3.9333743272056054,11.01769293551317,-11.092694038156615,0.2396157919431623,4.989397414670189,5.903423621467718,-0.573126,0.227855,-0.396792,-0.137525,-0.238749,-0.0999033,0.956088
29.474523782730103,4.719434544950288,6.04938667439837,18.385859882418917,2.1919429203678154,-1.7924886611401731,-3.195178368328927,-0.388732,0.291671,0.0282113,0.53662,0.534768,-0.631217,0.166212,-0.390499,0.250459,-0.219626,0.742044,0.114108,-0.610737,0.251696,39.21305656644149,6.028994904384653,4.11394373268699,12.08953071048455,-9.900549776836431,-0.985715828505743,5.750490777748421,7.356608235422395,-0.583952,0.225425,-0.392609,-0.138763,-0.226017,-0.087005,0.960256
29.535560369491577,4.36090617266775,7.154607051340821,16.47081640893955,1.773314029456729,-1.9978320297193526,-3.0508911292726166,-0.390086,0.292118,0.0287229,0.538398,0.536473,-0.628673,0.164603,-0.395141,0.249882,-0.219923,0.748501,0.111659,-0.603003,0.25232,39.73703061092707,5.2791717467453925,4.398847732741772,11.391510446232564,-8.81261271013013,-0.2489166446548552,5.709859930443094,7.161084509983166,-0.590481,0.22401,-0.390264,-0.133093,-0.211917,-0.0866763,0.964295
29.59706401824951,4.0870212303797855,4.883579979625529,16.870517564242824,2.00200895314728,-1.6107428442077447,-3.322915842063044,-0.391221,0.292409,0.0288681,0.540128,0.5376,-0.626905,0.161982,-0.396593,0.251995,-0.219203,0.745088,0.116588,-0.606233,0.252452,39.431456849297945,6.188618127186657,4.124489679296672,11.570204226399515,-9.690487878780601,-1.1819007598553313,6.333619080931107,7.719849259464748,-0.592237,0.225358,-0.389513,-0.140155,-0.219186,-0.0901622,0.961345
29.659452438354492,3.433470935430147,1.5324184573488444,17.666465885035777,2.366215163574734,-1.420218897554032,-3.801174951403389,-0.391202,0.292563,0.0286648,0.535866,0.538166,-0.628812,0.166796,-0.393947,0.256155,-0.217982,0.736743,0.132367,-0.611001,0.257615,38.290369182614924,6.541942374106035,2.5261775829341175,13.0005393534714,-10.124455584640877,-0.6560589883480077,4.932764468922815,6.784256259137949,-0.586301,0.227144,-0.392046,-0.153732,-0.229373,-0.103374,0.955546
29.720303773880005,4.685560404671209,-0.4162468085895466,18.486849670698504,2.6499029419036257,-1.3584819489045807,-4.322353732034985,-0.390524,0.292474,0.0285203,0.531828,0.540293,-0.628216,0.174895,-0.389949,0.260792,-0.216368,0.72748,0.142848,-0.615998,0.266294,37.590485082911115,6.999631226895697,1.572883697078142,10.88271796422788,-10.451414276329965,0.5770713810876629,5.099234233116281,6.2691400295678354,-0.574335,0.231175,-0.397375,-0.170233,-0.211595,-0.11078,0.956021
29.780597686767578,2.6609265083846374,-2.000785496977844,15.60420588307973,2.443040983895263,-1.2083342933527241,-4.119754678163114,-0.390017,0.292563,0.0285683,0.52835,0.539467,-0.631548,0.175979,-0.387433,0.265798,-0.214751,0.714343,0.15703,-0.624182,0.274687,36.86747322626298,8.277684870490395,-0.43871561123101444,11.946998093161053,-11.18059250845485,0.012257722499725787,5.26846607826076,6.412903411422258,-0.570797,0.229511,-0.397176,-0.178729,-0.248085,-0.126755,0.943633
