# Timestamp, Fx, Fy, Fz, Tx, Ty, Tz, FemurPosX, FemurPosY, FemurPosZ, FemurQuatW, FemurQuatX, FemurQuatY, FemurQuatZ, TibiaPosX, TibiaPosY, TibiaPosZ, TibiaQuatW, TibiaQuatX, TibiaQuatY, TibiaQuatZ, Flexion, Adduction, Rotation, Anterior_Posterior, Medial_Lateral, Proximal_Distal, Medial_Joint_Gap, Lateral_Joint_Gap, FTPosX, FTPosY, FTPosZ, FTPosZ, FTQuatW, FTQuatX, FTQuatY, FTQuatZ
0.04646563529968262,5.565780969102891,2.1129638860793625,11.620724587554621,1.2475869797580843,-0.1448019930109183,-2.1492012441480055,-0.366036,0.301532,0.171553,-0.464197,-0.462559,0.69948,-0.285109,-0.337401,0.299018,-0.0885699,0.703099,0.105259,-0.678661,0.184366,22.28236966095202,1.6027374288891072,4.740820989754372,3.805451889194569,-7.1722606203887285,-38.59358280335249,12.617441232871379,6.913834563850748,-0.526082,0.349311,-0.283507,-0.074284,-0.268847,-0.259187,0.924676
0.1209557056427002,5.822983728849374,1.6264705766732879,9.828543319173574,1.267030147490392,-0.06698647705244544,-2.4066041624494003,-0.366175,0.301572,0.171607,-0.463891,-0.464283,0.698739,-0.284622,-0.337517,0.298592,-0.0887078,0.70001,0.10248,-0.680552,0.190611,23.12754548976516,2.0864366395970166,4.568517099269514,3.433414032355269,-7.139437011844364,-39.279206855952495,13.283967833575707,7.41267349947718,-0.525742,0.349321,-0.283573,-0.0761935,-0.269434,-0.258104,0.924652
0.19618940353393555,4.756902072383714,0.4811870975040138,8.79887585549127,1.504367938464478,0.013754250446074435,-2.4390202770523755,-0.365542,0.301672,0.171658,-0.461089,-0.464643,0.699451,-0.286831,-0.333643,0.301025,-0.0863794,0.692087,0.103972,-0.689274,0.187367,22.633217728115305,3.0745971414381437,4.742149943785035,2.130581953743589,-8.036837029616578,-39.77168140731238,14.49838558591085,7.798763258995001,-0.517826,0.349655,-0.286021,-0.0848632,-0.279721,-0.261346,0.91992
0.26046323776245117,3.989789140520186,-0.9611341068763684,9.632419807705961,1.8919918488337337,-0.05955236249138607,-2.5647903280918993,-0.365027,0.301869,0.171812,-0.45969,-0.462303,0.701514,-0.287818,-0.329375,0.302061,-0.0845409,0.682683,0.103253,-0.69694,0.193799,23.00874660271229,4.052133737323923,3.9102713791033574,1.9977050040914237,-10.034076476556518,-40.46605225993686,14.740563117305888,6.941727761704518,-0.508526,0.350211,-0.288802,-0.0878277,-0.292033,-0.259054,0.916457
0.3272867202758789,3.7688833960759682,-2.6397473072321618,10.347982107925557,2.2686753686200407,-0.05730696805104729,-2.842171268716361,-0.364207,0.302056,0.171889,-0.458296,-0.462181,0.701551,-0.290138,-0.323637,0.302277,-0.0827419,0.674447,0.0948173,-0.707188,0.18978,23.174600248613178,5.48566483836323,4.8968911336227645,-0.2911838457524869,-12.375629431687097,-42.30166264272839,17.437761710783935,7.798734342579281,-0.496878,0.350194,-0.292364,-0.0919595,-0.304212,-0.257972,0.912386
0.4016382694244385,3.8831300178588983,-2.368020876216434,9.984495583949911,2.1246795908355964,-0.13054427370255345,-3.0366188091626807,-0.363018,0.30247,0.172123,-0.454299,-0.462966,0.702682,-0.292426,-0.318501,0.301787,-0.0815098,0.666043,0.0906489,-0.713181,0.198851,24.225288437215116,6.163161807441238,4.653830949606264,-0.2352979284016894,-13.596792493608726,-42.69654562972603,17.3226318617785,6.962253228112631,-0.486038,0.349448,-0.295375,-0.0940122,-0.314235,-0.253303,0.910086
0.4734840393066406,3.32242339164963,-2.3959718085369137,10.907210965407966,2.186830335404417,-0.4208048503324376,-3.132016242332854,-0.362533,0.302534,0.172182,-0.453644,-0.462703,0.702791,-0.293595,-0.315836,0.301392,-0.0809721,0.663254,0.0865697,-0.716552,0.197869,24.39227568255453,6.607992735716999,5.072355620425927,-0.9889858869410033,-14.691908309489794,-43.43973968241165,18.286776061442,7.217633152543776,-0.480973,0.348106,-0.297056,-0.0948701,-0.319828,-0.25006,0.908944
0.5526158809661865,3.418461508327993,0.05382408290634583,12.142283858853705,1.6814602742242757,-0.448621287396005,-2.8290050937002915,-0.362891,0.302435,0.172021,-0.454162,-0.463228,0.70241,-0.292877,-0.317478,0.300727,-0.0819421,0.665016,0.0861701,-0.713688,0.202429,24.85917509366937,6.318201625326375,4.797806245522221,-0.7578878533591471,-14.126388809960268,-43.09194489744307,17.685530290789476,6.970350605884213,-0.483997,0.347247,-0.29672,-0.0936369,-0.318546,-0.247465,0.910231
0.6200926303863525,3.5260216879825848,0.42331788500005085,11.185411498403424,1.5196066275852351,-0.3899866886694807,-2.685362641198248,-0.363509,0.302243,0.171868,-0.456629,-0.461862,0.702362,-0.291309,-0.320192,0.3,-0.0830097,0.667521,0.0893293,-0.71165,0.199975,24.355059044882825,6.161703723312525,4.487520743181576,0.7817544738948767,-13.465974682135124,-43.59242776665348,17.710528543650977,7.0328119466505346,-0.489817,0.347208,-0.295231,-0.0908969,-0.311656,-0.250033,0.912191
0.6842672824859619,3.9148086904038926,0.553025614781203,11.58445426471761,1.6291260535769396,-0.41765757391248515,-2.4982267964982032,-0.364157,0.301956,0.171685,-0.459054,-0.462133,0.700931,-0.290515,-0.324442,0.299548,-0.0846319,0.677218,0.0921288,-0.702995,0.196688,23.890465771070772,5.002526675769802,4.669368813854181,0.8416857498254815,-12.00348077868539,-42.28103400380544,16.586474346445563,7.005399527759402,-0.49869,0.346934,-0.292979,-0.0854079,-0.29925,-0.249497,0.917009
0.748706579208374,3.531744716911354,0.07858553158533055,11.43575374144154,1.8386523173414455,-0.4363449763183279,-2.3376762632717423,-0.364799,0.301845,0.171543,-0.459714,-0.464523,0.6997,-0.288621,-0.329361,0.299744,-0.0860311,0.686464,0.0996983,-0.692932,0.196652,23.58786401731052,3.6120200500236,4.375290305698703,2.355246830997941,-10.098726618538922,-40.17681707399966,14.080225737773812,6.172362260214595,-0.509398,0.346729,-0.289798,-0.0859273,-0.290243,-0.253525,0.918749
0.8122403621673584,3.834485774652656,0.38602602437089256,11.7995724215793,1.810673098099587,-0.33848792813221956,-2.165720634656216,-0.365339,0.301711,0.171503,-0.462233,-0.463735,0.698921,-0.287748,-0.333519,0.300167,-0.0872965,0.689832,0.106963,-0.688292,0.197344,22.987819800424248,3.122721661939857,3.6267309495652387,3.6409052961822415,-8.78844542921027,-40.47800154957175,14.178570046170584,7.07144461635252,-0.518039,0.346461,-0.287227,-0.0871905,-0.278913,-0.257027,0.921164
0.875739336013794,4.122720088663314,1.3447662826217746,11.666643819541914,1.4998550485099114,-0.46943114141530473,-2.1521248817736516,-0.365818,0.30158,0.171536,-0.46297,-0.462423,0.699961,-0.286144,-0.337054,0.29979,-0.0885906,0.698186,0.104697,-0.68154,0.192558,22.91858328689341,1.998915311635048,4.104895522016631,2.834429403516166,-6.614541325128768,-39.29297656202647,13.647796356661797,8.090991090131565,-0.525084,0.345164,-0.285365,-0.0863196,-0.269241,-0.25695,0.92414
0.9397907257080078,4.232247646490204,0.8669217510166147,11.593398363167394,1.6431300147945855,-0.5596990391744306,-2.2921968958511743,-0.366038,0.301494,0.17146,-0.463979,-0.464176,0.698336,-0.28564,-0.337508,0.297626,-0.0892966,0.700331,0.104005,-0.678956,0.194263,23.19856513674116,1.8742808186633384,4.227128737582856,4.389664587670562,-7.198713208581283,-39.22263005762374,12.790408946279749,7.079239218108742,-0.525768,0.344095,-0.285453,-0.0811977,-0.268448,-0.25302,0.925918
1.0038716793060303,3.5215236108225523,0.5798305348070126,10.384962945813756,1.6775808378272625,-0.5789509831355835,-2.338358334135662,-0.365839,0.301518,0.171502,-0.46301,-0.462352,0.699789,-0.286616,-0.335722,0.297979,-0.0885968,0.696295,0.103194,-0.682326,0.197374,23.366140881781853,2.1982620486088,3.8340633691302797,4.092218904132729,-7.618203226119092,-39.38794234448684,12.940893877667298,6.950742034675705,-0.522022,0.34278,-0.287114,-0.085572,-0.274054,-0.253584,0.923724
1.0670228004455566,3.165571759194621,0.24357197315476944,9.139813921923299,1.6765589450529388,-0.5063227045704978,-2.4113425115378813,-0.365448,0.301615,0.17156,-0.46103,-0.464481,0.699326,-0.287491,-0.332914,0.298594,-0.0874938,0.68999,0.0997565,-0.688958,0.19824,23.77493795014966,3.1728062201278378,4.228106059557784,2.876749349408226,-8.411320484746485,-40.309566113245566,14.228551158722473,7.309013359658124,-0.516002,0.342358,-0.289145,-0.0896826,-0.281097,-0.251599,0.921759
1.1326956748962402,2.1175179659749084,-1.1298879670470587,9.733353581427924,2.0479641969454825,-0.7638127770276474,-2.625641683601158,-0.364908,0.301774,0.171667,-0.459171,-0.462817,0.701063,-0.288916,-0.326797,0.298362,-0.0854422,0.678204,0.0911239,-0.699863,0.204762,24.802961021734,4.713238651055489,4.113171652822199,1.5258125284573254,-11.124351683732,-41.66076201953355,15.492326054799285,6.61728751149018,-0.502099,0.341279,-0.29398,-0.0935736,-0.295629,-0.245738,0.918401
1.1980011463165283,2.4989679696254887,-1.6938284537466117,9.118000797398748,2.1010179430828337,-0.6913787077693158,-2.8210241468091177,-0.364048,0.301938,0.171753,-0.458076,-0.461938,0.701452,-0.29111,-0.322145,0.298031,-0.0840932,0.672353,0.0892828,-0.705322,0.206136,24.82857548432783,5.415639101588165,4.105364920219472,1.7289061583545613,-13.273988937257268,-42.43431803063228,15.953388540795997,5.62353859775248,-0.492855,0.340376,-0.296624,-0.0962483,-0.307657,-0.243612,0.914733
1.2614691257476807,2.9663769286381747,-1.3398995082735818,8.641365740273429,1.8914582181848572,-0.5304668390240558,-2.8690872264047824,-0.36334,0.302196,0.171892,-0.455961,-0.461866,0.702688,-0.291564,-0.318587,0.297833,-0.0831852,0.665358,0.0848384,-0.712313,0.206668,25.259070230042948,6.322261956877163,4.330766506923581,1.57257460631809,-14.139600338739436,-43.76031265996561,17.27019362303352,6.083221956676223,-0.486015,0.339662,-0.298387,-0.0971227,-0.314992,-0.241291,0.912757
1.3257009983062744,3.3119893334229187,-1.5280078376998656,13.29556238658676,2.1509847885660323,-0.47948465020688225,-2.806181413815074,-0.363232,0.30228,0.17187,-0.455068,-0.462214,0.703019,-0.291607,-0.31662,0.296605,-0.0828922,0.665704,0.0730325,-0.714218,0.203461,26.084344765754892,6.5294872915438615,5.6258638184995915,-0.8994971416760287,-14.505704933783687,-43.63009979006439,17.977764837730554,6.523613251506607,-0.482217,0.339035,-0.299531,-0.0947456,-0.325519,-0.236454,0.910577
1.3895304203033447,2.2990449449284927,-2.0532389090636527,15.502379766539262,2.379721986381402,-0.6153246044166439,-2.6980444014083806,-0.363411,0.30231,0.171848,-0.455684,-0.462091,0.70248,-0.292139,-0.316342,0.295907,-0.0829592,0.663985,0.0734368,-0.714417,0.208181,26.31724355791128,6.711771081572902,5.219837088368024,-0.16348551633081154,-15.230804337769781,-44.05626268924998,17.895038211930547,5.997137804068718,-0.480566,0.338122,-0.300646,-0.0935276,-0.324433,-0.233555,0.911838
1.4524855613708496,3.5768890892227247,-0.873847921286869,12.163476590476181,2.031642047997344,-0.5697603277693757,-2.7808667887292424,-0.363242,0.302212,0.171822,-0.454807,-0.461642,0.703181,-0.29253,-0.316588,0.295529,-0.083466,0.662143,0.0746824,-0.715502,0.209872,26.318165785111756,6.7785777893954355,4.9285146128763095,0.5814572669891677,-14.3376754144581,-44.57252103597973,18.25173404231932,6.6866829688472835,-0.481794,0.337566,-0.300274,-0.0941983,-0.321321,-0.233702,0.912832
1.5160279273986816,3.6732304152663806,-0.5595061781333036,12.587317231880377,2.0081686717918648,-0.5326168879184073,-2.5482729181035935,-0.363693,0.302087,0.171695,-0.456113,-0.46293,0.701966,-0.291376,-0.319145,0.295339,-0.0843255,0.671081,0.0730989,-0.709373,0.202724,26.05474071437895,5.890873298504134,5.841402097895319,-0.5023480407677952,-13.376114555629357,-43.10913636050533,17.401640170185487,6.529075610222569,-0.487569,0.33869,-0.298508,-0.0892155,-0.314981,-0.233295,0.915642
1.5787408351898193,2.5921384079731813,-1.5516659104153059,14.736080477602085,2.3539785251790684,-0.6261165427927431,-2.159372037267626,-0.364344,0.301973,0.171547,-0.458551,-0.462428,0.701352,-0.289823,-0.322871,0.295295,-0.0854668,0.676829,0.0819327,-0.702334,0.204735,25.48993017921248,5.032996358704427,4.877713267858464,1.967711403368599,-12.764004625763524,-42.137005956275786,15.503036043954742,5.317446016437648,-0.494892,0.340046,-0.296437,-0.084992,-0.306067,-0.236463,0.918251
1.6419546604156494,3.5410186812531683,-0.43588108434995554,13.245396624738042,2.0431728451449658,-0.4947331044344449,-2.0691200890070918,-0.364764,0.301794,0.171526,-0.459644,-0.463107,0.700472,-0.289133,-0.326786,0.29478,-0.0869309,0.685122,0.0852295,-0.695108,0.200423,24.968754665395455,3.9609856223301496,5.125015320507014,2.590046474703109,-10.759677960919861,-41.05904794931242,14.50708448366131,5.800136147999778,-0.503404,0.33997,-0.293921,-0.0816726,-0.295881,-0.239162,0.921187
1.704477310180664,3.920463684650916,-0.516322139519775,13.578832250781918,2.1143145900876594,-0.5841626555415246,-2.091186780083234,-0.365382,0.301595,0.171444,-0.463123,-0.461958,0.699371,-0.288084,-0.329703,0.29317,-0.0883592,0.691142,0.0832328,-0.689064,0.201459,25.117936235957245,3.385122643340469,5.104729328295183,2.6227221279966857,-10.534041670935036,-40.8162487401099,14.124005327596059,5.644014407259858,-0.509302,0.338618,-0.292699,-0.077014,-0.288992,-0.236569,0.924439
1.766922950744629,4.6147680262610855,-0.04285889247541127,11.21286342963447,1.8914649816674518,-0.4488895482670878,-2.2027059993879847,-0.365568,0.301579,0.171432,-0.46244,-0.464236,0.698705,-0.287134,-0.330966,0.292483,-0.0889524,0.691306,0.0834935,-0.689393,0.199656,25.181495950070943,3.484862569122769,5.422914380920529,3.482027133499008,-9.44817212929845,-41.34365185462971,14.652398280970402,6.823204447087466,-0.512045,0.336842,-0.292312,-0.0783128,-0.285713,-0.235249,0.925685
1.829784631729126,4.3431450131076454,0.383461353779884,10.195132581736027,1.8327444850710386,-0.39940332416026636,-2.1498283098990343,-0.365492,0.301534,0.17148,-0.46248,-0.462731,0.699467,-0.287644,-0.331604,0.292606,-0.0893779,0.694893,0.0830125,-0.68502,0.202433,25.35536412395083,2.7314060988592295,5.179356786051947,2.731222990326825,-9.064468421335446,-40.169440938131736,13.527147150608668,6.199551630286122,-0.513735,0.334598,-0.292337,-0.0816979,-0.284167,-0.234379,0.926089
1.8936598300933838,4.414019896540735,0.09072088457998162,10.381814166476087,1.90850650095333,-0.4252462189400373,-2.2782340502254534,-0.365503,0.301526,0.171408,-0.462122,-0.46434,0.698523,-0.287919,-0.331746,0.292427,-0.08958,0.694071,0.0835305,-0.684783,0.205816,25.644164905985477,2.8074929339562162,5.062083503826085,2.8653963020978637,-9.092749745471115,-40.271508847735696,13.515972394921253,6.209737113796982,-0.513869,0.33206,-0.293088,-0.086428,-0.283302,-0.234072,0.926002
1.956629753112793,4.944848620331168,0.7870504315216442,9.68798413904309,1.6258024733814345,-0.25681219970761904,-2.4275973380148685,-0.365517,0.301516,0.171455,-0.462357,-0.462743,0.699309,-0.288204,-0.331353,0.292305,-0.089607,0.689127,0.0829437,-0.687581,0.213204,26.14391565349579,3.31714336969485,4.275043222193997,2.9409153004865853,-9.246233944528864,-41.29860829184272,14.433108701707637,6.85346793231649,-0.512712,0.330836,-0.293817,-0.0897418,-0.284634,-0.233157,0.925509
2.0196359157562256,4.89675489349543,0.2951098065464159,9.669334535075757,1.6413024092886774,-0.08036823627851127,-2.5360648648854935,-0.365272,0.301621,0.171529,-0.461795,-0.463548,0.69897,-0.288635,-0.329311,0.29236,-0.0886524,0.686011,0.0794705,-0.692692,0.20797,26.008290053373685,4.027830206183718,5.03944798526927,2.1989902010569713,-9.905525175145634,-42.10259930316306,15.575893218171535,7.169348464481037,-0.508112,0.331556,-0.295104,-0.0896722,-0.28937,-0.230374,0.924744
2.081988573074341,4.047214934732076,-0.44582824957034056,9.436232972169918,1.724042338316568,-0.03379425844025343,-2.5636449585674304,-0.365088,0.301765,0.171606,-0.459707,-0.462446,0.700934,-0.288972,-0.32639,0.293838,-0.0869731,0.680234,0.0818207,-0.69739,0.210317,25.988952598475468,4.488488031205963,4.4564455796742575,2.6102312281692996,-11.218742557932902,-41.88073032444454,15.043453387262511,5.999229825477809,-0.50136,0.33243,-0.296999,-0.0945448,-0.298862,-0.230087,0.921305
2.144589900970459,3.1234240965894253,-1.1724722940347698,9.720078506615334,1.8257420853141098,-0.03661904990642581,-2.636854971096479,-0.364315,0.30201,0.171816,-0.458344,-0.462425,0.701327,-0.290214,-0.322077,0.295504,-0.0850995,0.672046,0.0770256,-0.704707,0.214029,26.57900666091495,5.587290319006739,4.508729603396559,0.22300221492120625,-13.251586938880235,-42.80733862707659,16.44739901968553,6.021688762029108,-0.491888,0.332225,-0.299564,-0.100724,-0.31068,-0.229476,0.916882
2.221425771713257,1.8022405197207194,-1.570574963089491,9.823433537683924,2.0256779229043196,-0.5839238686557038,-2.837039773650637,-0.363408,0.302283,0.171874,-0.455179,-0.462361,0.702439,-0.292599,-0.317073,0.295152,-0.0839666,0.660469,0.0735138,-0.713144,0.223166,27.45624636058261,6.761992697805123,4.0617054216280435,0.38032186461764617,-14.796983849693241,-44.464086534616726,17.759139465499366,6.153731740598394,-0.481526,0.329593,-0.302942,-0.10797,-0.320686,-0.227474,0.913104
2.2861990928649902,1.5150131234013067,-1.3761415967390018,10.426428277379863,2.121478808894967,-0.9706608272721216,-2.857557587919753,-0.362798,0.302307,0.17171,-0.452514,-0.464705,0.701887,-0.29434,-0.31434,0.293558,-0.0838636,0.658308,0.0649979,-0.71662,0.221047,28.12112122893186,7.103853947164881,5.31259488865388,-0.961265164356935,-14.710741128378864,-44.81642984346307,18.61641623054283,6.741365193864512,-0.476481,0.326527,-0.304718,-0.107373,-0.327127,-0.22193,0.912253
2.349184513092041,2.253329402853909,-0.25861016402530257,10.03378366184446,1.8305180715085174,-0.8926629733859196,-2.718799393631486,-0.363124,0.302219,0.171732,-0.454171,-0.463268,0.702285,-0.293098,-0.315239,0.29263,-0.0844224,0.659321,0.0665721,-0.714953,0.222949,28.085750804453628,7.00257875703817,4.790880611422124,0.5629443223505387,-15.068358730647958,-45.1365319242258,18.324561284231606,6.284321185782054,-0.478553,0.325871,-0.304371,-0.104148,-0.324852,-0.217062,0.914608
2.413001298904419,2.2875642773147837,0.6055835527405515,11.200862539420944,1.7247928139122872,-0.793308618917995,-2.3629897344905046,-0.363782,0.302025,0.171485,-0.456238,-0.464381,0.700634,-0.292077,-0.319112,0.291449,-0.0860743,0.667874,0.0673232,-0.707907,0.219726,27.864596520471615,6.094730292430825,5.177139811995752,0.8628526224893518,-13.556574759623203,-44.08840944033258,17.329567887247197,6.262947435276303,-0.486593,0.325728,-0.302673,-0.100673,-0.316075,-0.21788,0.917872
2.475400447845459,3.192044455554882,1.2839363789189977,11.021467352092902,1.627448411772398,-0.594518751340202,-2.166665157051877,-0.364439,0.301789,0.171462,-0.457741,-0.463369,0.700807,-0.290915,-0.323392,0.290565,-0.0878428,0.676675,0.0683656,-0.700516,0.216137,27.525401236557165,4.941668506532661,5.312481207284977,1.154184703242971,-11.268557366640785,-42.985452751662294,16.38894627297264,6.89531236763517,-0.496033,0.325276,-0.300346,-0.0950668,-0.303475,-0.218798,0.922493
2.5381946563720703,4.166291886097144,1.5580714739371615,11.614427645654535,1.5931189751477115,-0.32086081116865556,-1.9373977677563798,-0.365069,0.301624,0.171422,-0.460638,-0.463127,0.699948,-0.288787,-0.328153,0.289376,-0.0897901,0.685391,0.0713884,-0.692671,0.212956,27.107296327117286,3.9716416704085953,5.274798961753655,2.5379164662210876,-9.572600123318434,-42.50544507592961,15.73959977202044,7.572288262871785,-0.50635,0.324293,-0.297631,-0.0904817,-0.291078,-0.220382,0.926563
2.6006734371185303,5.694932928610704,1.791941599522305,10.527719578708721,1.5706583780737806,-0.062105758587263374,-1.9376433150749148,-0.365747,0.301483,0.17143,-0.462892,-0.462579,0.699458,-0.287245,-0.333149,0.287268,-0.0921635,0.694766,0.0738784,-0.682299,0.215197,27.1525105290852,2.613506028109906,4.876034897010639,4.408750380213656,-7.6156820465639825,-41.61327538305678,14.565541130036534,8.305923181666124,-0.516814,0.322683,-0.295047,-0.0862363,-0.27512,-0.217299,0.932552
2.664219379425049,6.812389372205265,2.655591013545007,9.082525190911602,1.5016556978651672,0.06434467317043938,-1.9232524397255002,-0.366074,0.301387,0.171399,-0.465739,-0.463709,0.697736,-0.285001,-0.337586,0.283788,-0.094757,0.709434,0.0676413,-0.66865,0.212215,27.628313272358646,0.8833281892306888,5.834952768881719,4.5606774901244975,-6.219931718648772,-39.94138902269763,12.648581993798299,8.088197650554376,-0.526371,0.319523,-0.292668,-0.0791136,-0.260681,-0.213939,0.938092
2.730534791946411,6.877031049376059,4.421668427406052,8.859649529129136,1.2973585406814407,-0.1287972301734403,-1.7652236919106996,-0.367683,0.301267,0.17144,-0.469047,-0.464944,0.696022,-0.281738,-0.342542,0.28203,-0.095708,0.711151,0.0701392,-0.665561,0.215343,27.88776613921222,0.9996532884946838,5.328429444388297,6.8907349730287075,-5.444556091016501,-40.8149730539741,13.748450950390318,7.612896594076489,-0.533541,0.316574,-0.291543,-0.0733064,-0.254858,-0.206511,0.941821
2.7926926612854004,7.8622440735186885,4.463292350874387,8.628922827853224,1.0953634803749348,-0.13010565661499693,-2.0829289465812746,-0.368629,0.301211,0.171735,-0.47163,-0.465542,0.695379,-0.277999,-0.345207,0.279826,-0.0961722,0.715414,0.0539319,-0.662639,0.214904,29.429545840971855,1.0230139424273135,6.574390742608013,3.724799865095366,-4.883759276562002,-40.78928187454254,13.868005091554297,9.029382219741915,-0.537357,0.314056,-0.291064,-0.069948,-0.251801,-0.199675,0.944369
2.855154514312744,6.572788342981796,2.9291071610818626,9.397114230132651,1.404031736034752,-0.24145662671803345,-2.115821394113732,-0.368313,0.301221,0.171622,-0.470836,-0.465322,0.695301,-0.279901,-0.343576,0.280316,-0.0959001,0.711437,0.0628246,-0.665881,0.215671,28.60067599844142,1.363056496132958,5.827794481627237,6.227770606615901,-5.587915642593616,-41.546725871325194,14.47853659610738,7.917756045189878,-0.534719,0.313443,-0.292057,-0.0750328,-0.253323,-0.201591,0.943164
2.9177815914154053,5.6929854579251975,1.8499763069090667,8.346489326868355,1.4850072912007104,-0.15552602574232408,-2.143224014872768,-0.367259,0.301345,0.171621,-0.467479,-0.464644,0.696663,-0.283248,-0.339933,0.283233,-0.0947625,0.706698,0.0668606,-0.667943,0.223514,28.724398704220967,1.3094295929963056,4.945125593178256,4.688517216494661,-6.510408143669467,-40.46181047194648,13.094470198424855,8.05304691396124,-0.52866,0.313307,-0.29371,-0.087869,-0.260828,-0.208857,0.938417
2.9804019927978516,4.721383726554678,1.8992786180299954,7.126371625716605,1.414559784958012,-0.2430302749344181,-2.1592147221588727,-0.366507,0.30139,0.17149,-0.46413,-0.465109,0.697723,-0.285377,-0.3357,0.285631,-0.0930405,0.694558,0.0727247,-0.677109,0.231998,28.84576442611622,2.498160778027018,3.80420087640453,5.068433013859889,-7.823317859301544,-41.29764544133438,13.982932662070077,7.836167397830805,-0.519932,0.312735,-0.296553,-0.0977664,-0.270941,-0.2095,0.934421
3.042332649230957,4.94767480875207,0.9256716044782409,7.316057911908766,1.5465976032733122,0.07927978458341199,-2.4564266386842974,-0.366204,0.301534,0.171578,-0.463803,-0.464281,0.697904,-0.286809,-0.330143,0.286783,-0.090596,0.681352,0.0678341,-0.690432,0.233371,29.08686640389038,4.572631654551212,3.912193632605026,3.528863058690175,-11.007103241017813,-43.652579650182886,16.264553979630506,7.471762336664512,-0.507384,0.311295,-0.300888,-0.107306,-0.288782,-0.205706,0.928857
3.105062484741211,5.338404993416041,0.5249115724826418,8.058512660276989,1.5683303508186852,0.3051194919518643,-2.628374223346313,-0.365577,0.3017,0.171573,-0.460309,-0.465129,0.698847,-0.288764,-0.32668,0.287149,-0.089629,0.675539,0.0654652,-0.695011,0.237319,29.60169367635876,4.999198632587395,3.9429800644674495,2.9460759982906275,-11.493959980772631,-43.67345186399067,16.306543735808976,7.1248907640169294,-0.499818,0.309269,-0.303606,-0.112727,-0.298726,-0.202552,0.925758
3.16872239112854,6.120913644926642,0.5336158867794452,8.889794311844538,1.6140033531530056,0.6218273154927767,-2.755733014680841,-0.364963,0.301862,0.171703,-0.458074,-0.463352,0.700799,-0.290437,-0.322567,0.286967,-0.0885948,0.667731,0.0592114,-0.700592,0.244541,30.522103802363077,5.715279584372112,3.690399249791272,1.8207852260503903,-12.708191008305837,-44.35887319836249,16.967934515149352,6.782116524149522,-0.491044,0.305654,-0.306658,-0.119154,-0.309541,-0.194078,0.923212
3.231520175933838,6.333578921940164,0.2827654641645924,7.262270094083191,1.592263652759796,0.793949057415388,-2.8673963634153234,-0.364693,0.301958,0.171684,-0.457691,-0.463827,0.700361,-0.291337,-0.320943,0.286194,-0.0886037,0.663685,0.0569825,-0.701339,0.25377,31.37568285425387,6.070830790264219,3.22098136878056,1.8604624809194314,-13.789995363776086,-44.93007374579924,17.35128017618016,6.55006517501976,-0.487134,0.301107,-0.308616,-0.126525,-0.313441,-0.189107,0.921946
3.2940456867218018,6.218005469912064,2.5814714614687393,4.977742342763643,1.084757263982534,0.18437909859688198,-2.7730919704906998,-0.364637,0.301842,0.17165,-0.457845,-0.463842,0.700183,-0.2915,-0.321923,0.2839,-0.0901176,0.666485,0.0536644,-0.696478,0.260454,32.196084203629766,5.496058661727136,3.0188856520798915,2.2319256767249223,-13.00384216627963,-44.68209438093751,17.03403296442936,6.931920349882704,-0.489955,0.293596,-0.308962,-0.129364,-0.308883,-0.181582,0.9246
3.3575804233551025,6.603470866256216,3.1429968131406967,9.296763766386286,1.3562921291291319,0.058218770894051836,-2.706338506867507,-0.365087,0.301641,0.171479,-0.459597,-0.463525,0.699817,-0.290123,-0.324416,0.280336,-0.0918777,0.672969,0.0471842,-0.690946,0.259769,32.764705946215486,4.816422537285586,3.569028854262384,2.7412565126784596,-11.680989108795663,-44.40128376461767,16.80647431446598,7.29193916845225,-0.495547,0.290525,-0.308172,-0.123613,-0.301093,-0.176235,0.92898
3.4208123683929443,6.13074584996383,4.216072189621121,9.678688934450513,0.9466196583144729,0.02645382139360186,-2.3664742970472115,-0.365932,0.301453,0.171368,-0.461718,-0.463128,0.699283,-0.288675,-0.328991,0.277491,-0.0938746,0.681523,0.0468374,-0.683856,0.256268,32.585622728245326,3.833755758307826,3.834369563732464,4.384468474844512,-9.455552841989846,-44.00406793067321,16.234477945747148,6.8897790465359385,-0.505058,0.288182,-0.306088,-0.11563,-0.289321,-0.173899,0.934175
3.484833240509033,6.125316967923135,4.580945018745814,7.67577424436785,0.7674500721659004,-0.11366118709392116,-2.339490892015923,-0.366282,0.301388,0.171456,-0.464779,-0.462583,0.698539,-0.286429,-0.332002,0.275612,-0.0951825,0.690021,0.0393432,-0.674911,0.258494,33.48790271108003,2.8927313116656026,4.167839740808123,2.9207321463356672,-8.957233869584584,-42.791839710958136,15.176577207006508,6.894310466821016,-0.511739,0.287118,-0.304404,-0.110994,-0.278919,-0.16915,0.938761
3.5483365058898926,6.154804451886523,4.638205119976893,7.177163652872837,0.7019792499020376,-0.2160849440633035,-2.3583997724434487,-0.366358,0.30133,0.171414,-0.46351,-0.463525,0.698444,-0.287193,-0.332208,0.275416,-0.0953039,0.689455,0.0434485,-0.6768,0.254373,32.83986925844827,2.929770254104986,4.307814792260687,4.453427815816668,-8.118979380362177,-43.29291852732769,15.479846115322585,6.895420817672436,-0.512105,0.286028,-0.304369,-0.109441,-0.277089,-0.169397,0.939441
3.6113109588623047,5.397658107348379,3.672280255595712,6.982898216696148,0.9219666174989827,-0.1906545334317134,-2.5047355513828653,-0.366128,0.30137,0.171385,-0.463744,-0.464393,0.697488,-0.287733,-0.330609,0.276261,-0.0946335,0.686433,0.0392718,-0.678948,0.257482,33.39118324305149,3.4392938091617165,4.526148270559308,2.221920250484291,-9.336135393877399,-43.42546147251336,15.88699281707048,7.565191806515585,-0.508391,0.285641,-0.305355,-0.114937,-0.284307,-0.170969,0.936338
3.674316167831421,4.438684139438965,3.0761702133764093,6.649613227115448,1.0455770529584067,-0.14380672697377697,-2.6421383860891585,-0.36582,0.301469,0.171488,-0.460963,-0.463209,0.699373,-0.28953,-0.327196,0.278824,-0.0928944,0.674781,0.0459255,-0.687391,0.264678,33.252679948795084,4.562400299723688,3.234926087983004,3.0222658082203315,-10.637918550569584,-44.45757527577634,17.002100136404458,7.372990542558042,-0.500396,0.285471,-0.307807,-0.126482,-0.29553,-0.171194,0.93132
3.738335609436035,3.6148784115003187,1.9664190191479916,6.8149885957719665,1.2526563997343334,-0.016443183155777332,-2.8000185632435355,-0.365314,0.301729,0.171583,-0.458558,-0.464148,0.69943,-0.291699,-0.323166,0.28187,-0.0909286,0.662039,0.0507628,-0.69751,0.269458,33.08557312756264,6.0669916363804965,2.564740756180082,2.738930201748186,-12.661113338000963,-46.16301473152976,18.70275029044236,7.982626392972272,-0.490874,0.286038,-0.310303,-0.138947,-0.308251,-0.175496,0.924595
3.8017756938934326,2.827407329114658,0.9969868162421541,6.9461839465283415,1.438106391381282,0.07984169918076471,-2.908696540264481,-0.364243,0.302087,0.171732,-0.456,-0.463445,0.700416,-0.294449,-0.317714,0.28425,-0.0888122,0.652833,0.0492431,-0.703849,0.275646,33.471550214221075,6.926848088020636,2.190297084645757,0.9461885387066182,-15.079586633491566,-46.473140365144666,18.854684686968064,7.124141235355429,-0.479007,0.287255,-0.313073,-0.147055,-0.320341,-0.174517,0.919402
3.865250825881958,2.612166249995795,1.1281364849304747,5.815959695583493,1.279846479590898,-0.05630738838140881,-2.936452792946265,-0.363323,0.302425,0.171842,-0.452468,-0.463486,0.702237,-0.295493,-0.313575,0.28481,-0.0877146,0.64624,0.0422106,-0.711751,0.272035,33.832673861472564,7.692751826893563,3.0502541843143445,-0.658290950661442,-15.336051675404644,-47.43875406051705,20.141477072078768,7.9181027715411085,-0.471307,0.287199,-0.314623,-0.148701,-0.329772,-0.170841,0.916489
3.930593729019165,3.116869878380227,1.7351142863029372,6.704903430983435,1.2861294013244717,-0.16309282261662475,-2.919072439765347,-0.363189,0.302388,0.171759,-0.451544,-0.463904,0.702301,-0.296099,-0.313394,0.284116,-0.087938,0.645799,0.0423394,-0.709872,0.277906,34.29660664228656,7.4728869083478235,2.6491273799149235,-0.11998951230883304,-15.079676543277175,-46.911239233575124,19.499158845875215,7.5365707318998565,-0.470674,0.286113,-0.314921,-0.14893,-0.329209,-0.170999,0.916625
3.9940783977508545,3.310393724921285,2.8228182889150086,7.246263017008747,1.0573848536878356,-0.3124068149296613,-2.672294220960171,-0.363801,0.302172,0.171567,-0.453898,-0.463962,0.701556,-0.294169,-0.316336,0.281986,-0.0894544,0.652148,0.0398462,-0.705524,0.274502,34.351658741317856,6.962844358670831,3.0924886764288524,0.40685121243472544,-14.050661722595091,-46.79275031743652,19.427260850389363,8.155121061338157,-0.47719,0.284482,-0.313806,-0.141081,-0.322037,-0.168182,0.920925
4.059023380279541,4.1357077407946745,3.464574584327866,7.378067199779383,0.982420607094285,-0.30820887108150286,-2.5256825584375115,-0.364233,0.301896,0.171486,-0.456518,-0.463221,0.700892,-0.292861,-0.319496,0.279949,-0.0908409,0.663108,0.0418976,-0.698345,0.266171,33.54188513723889,5.7946286372802485,3.5291591552207744,2.089987948356338,-12.913530939599244,-45.72772018613688,18.188318453182692,7.595955645631923,-0.484723,0.283811,-0.311987,-0.133347,-0.312048,-0.168749,0.925402
4.1229095458984375,3.7348142586169257,3.8622687770939277,7.535902019082855,0.9891715360156272,-0.5081954841058804,-2.268103316003181,-0.364852,0.301655,0.17141,-0.45862,-0.463719,0.699882,-0.2912,-0.323339,0.278095,-0.0925184,0.670576,0.0415992,-0.689515,0.270492,34.04573363483622,4.806732714936414,3.242793680152825,2.705265975451569,-11.735556624240363,-44.602467588756646,16.916139560088276,6.738658107438138,-0.493135,0.283753,-0.309861,-0.127593,-0.300665,-0.168605,0.929996
4.185595273971558,3.9580053782211326,4.294888524386271,9.415921450111385,1.0428214533169677,-0.5046693461524491,-2.123256692142091,-0.36548,0.301474,0.171313,-0.461206,-0.463239,0.699022,-0.289944,-0.327364,0.27598,-0.094215,0.679896,0.0412992,-0.68306,0.26356,33.54241750070967,3.8586807855621585,3.7903397549622917,3.625848782677431,-9.978150100198683,-44.145635473457965,16.2642946592399,6.692087061939398,-0.502349,0.284178,-0.30741,-0.118671,-0.291279,-0.165521,0.934706
4.251648664474487,3.7556509861350267,4.0549576220095895,9.669760829676678,1.1222128391465345,-0.5395635583875262,-2.112973131717584,-0.365865,0.301392,0.171297,-0.461847,-0.462922,0.69929,-0.288781,-0.32934,0.275163,-0.0948772,0.683857,0.0332603,-0.679374,0.263977,34.34228026389687,3.3925677150864018,4.344718934248216,1.33922785528803,-8.730745961135849,-43.269315269821384,15.87309610813059,8.061443954347189,-0.50639,0.28344,-0.306362,-0.117765,-0.287915,-0.169707,0.935113
4.315422534942627,3.844018388541902,4.516566762364409,7.65216543065143,0.8111098205290593,-0.5066466408466813,-2.243936242492755,-0.365829,0.301403,0.171352,-0.461591,-0.463195,0.699293,-0.288744,-0.329189,0.275302,-0.0948097,0.683453,0.0328033,-0.680283,0.262739,34.30537468727591,3.4833332739677374,4.507973797743519,1.1399420200604977,-8.634984965598182,-43.461913396511264,16.13850353702137,8.34347961675345,-0.506063,0.282394,-0.306541,-0.119195,-0.288346,-0.165208,0.935604
4.379563570022583,3.8290493205956926,4.08597408183505,5.86497488322992,0.7372364344275141,-0.4914962198242962,-2.479028589199007,-0.365554,0.301487,0.171352,-0.461059,-0.464946,0.69796,-0.290002,-0.326964,0.275888,-0.0938266,0.678012,0.0349869,-0.683741,0.267533,34.46241068131646,4.175824403960147,4.19624554801841,1.4474523359157194,-10.23694460913573,-44.03377805554413,16.532186423879335,7.620782079606898,-0.500658,0.281117,-0.308248,-0.123706,-0.292855,-0.163848,0.933856
4.443367004394531,2.931748927703532,3.291933400552746,5.615597564813066,0.9078878061772395,-0.5110751693579648,-2.625304034980889,-0.365124,0.301657,0.171482,-0.458829,-0.463814,0.699663,-0.291247,-0.322374,0.27816,-0.09176,0.66696,0.0380186,-0.692708,0.2718,34.413853014002555,5.415229174004886,3.430746110904729,1.7076234238303458,-12.602624319867449,-45.18199309075542,17.57584095280183,7.266281975019984,-0.489696,0.28015,-0.311368,-0.136311,-0.307147,-0.164374,0.927395
4.506126403808594,2.4108928475478675,2.8116334353405485,5.75652378722764,0.9639667265690277,-0.38765919995089015,-2.745141274135277,-0.364364,0.301918,0.171584,-0.45527,-0.464539,0.700255,-0.294239,-0.31818,0.280131,-0.0900595,0.654975,0.0400976,-0.701868,0.277093,34.510915171491106,6.63549045865868,2.9839427943217514,1.3526280274705718,-13.664689612321617,-46.544876603126,19.132688713460027,7.979834813063451,-0.480783,0.280203,-0.313472,-0.144062,-0.318739,-0.164521,0.922271
4.571643590927124,1.9303086743737656,2.7269437601461104,5.454259867171493,0.86912404187901,-0.3841227433959555,-2.7477333828767527,-0.363768,0.302191,0.17168,-0.453371,-0.464189,0.700918,-0.296138,-0.314821,0.281271,-0.0889113,0.646291,0.0414673,-0.708658,0.279986,34.4579382116643,7.583861400319445,2.6287683049181005,1.5374662239199282,-14.990953226379915,-47.991348825561005,20.39900476784338,8.288982385572098,-0.473483,0.2805,-0.315178,-0.148757,-0.326006,-0.160981,0.919607
4.634901762008667,2.996189325380762,3.565026964297185,6.176591771924737,0.8059433346436619,-0.32269662554588396,-2.815980657605012,-0.363441,0.302217,0.171691,-0.453361,-0.464153,0.700763,-0.296575,-0.313368,0.280671,-0.0887537,0.646822,0.0339604,-0.70809,0.281206,35.17349057817228,7.537052147419687,3.2059969647354767,-0.5042601227577705,-15.555295358810351,-47.635425713553566,20.17007241261162,7.9630588559658335,-0.470577,0.279339,-0.31577,-0.147441,-0.329846,-0.161556,0.918348
4.6984922885894775,3.28816989979134,4.924416818764679,6.4618242355292965,0.4625072587233068,-0.2685429167500144,-2.5344233583944935,-0.363805,0.302127,0.171587,-0.454398,-0.463794,0.701185,-0.294545,-0.315628,0.279649,-0.0898184,0.652677,0.0326128,-0.70446,0.276922,35.10621980002749,6.933841199875126,3.534062672706005,-0.11052615837175406,-14.361582062291554,-47.03349160624359,19.6057186995399,8.179448209547072,-0.475435,0.278098,-0.315134,-0.143054,-0.323518,-0.153343,0.92269
4.764463424682617,3.5273785037028618,6.529106060512112,6.939830564745433,0.1923369600904821,-0.3305080364572729,-2.189625380785789,-0.364503,0.301888,0.171492,-0.456382,-0.464488,0.700492,-0.292023,-0.32003,0.276423,-0.0918785,0.662459,0.0264128,-0.695267,0.277586,35.92937373261037,5.778311679418117,4.012847038611521,-0.13025597861951432,-12.12127467314928,-45.70450100557233,18.370116691860144,8.243907352346964,-0.4852,0.275853,-0.313174,-0.138066,-0.310295,-0.154195,0.927836
4.827062368392944,4.59977536689385,7.7552848347145105,7.061709160689972,-0.08135178279709214,-0.45672538321473455,-2.2022535770664815,-0.365281,0.301536,0.171397,-0.460566,-0.464162,0.698629,-0.290431,-0.324129,0.270969,-0.094173,0.673911,0.023804,-0.6864,0.272273,35.71209697679393,4.687584440615041,4.649555047453153,2.7081218339580158,-10.967808002510775,-45.77060692168574,17.322508165396417,6.560483082339805,-0.494961,0.271584,-0.310917,-0.123695,-0.299817,-0.146672,0.934503
4.8910298347473145,4.915671062195611,8.39458351295212,6.548764341069932,-0.27660594117577575,-0.6468696580678782,-2.2425798844436446,-0.365789,0.301376,0.171361,-0.461438,-0.463118,0.699319,-0.289048,-0.326957,0.267356,-0.0956112,0.680545,0.0115163,-0.679588,0.273655,36.94176648300531,3.7618602404726897,5.381583680438775,1.2994623933294687,-8.813792488688128,-44.75678076717117,16.787645214811885,7.285018504411406,-0.501087,0.267181,-0.309583,-0.115352,-0.291369,-0.141686,0.939001
4.954336166381836,4.3722029179867725,9.090451331357471,5.884490454470393,-0.4517687343258975,-0.7064394100061395,-2.342086105165041,-0.366093,0.301367,0.171377,-0.462881,-0.463271,0.698583,-0.288275,-0.328404,0.267024,-0.0961063,0.683969,0.0129985,-0.675201,0.275901,37.02652548452647,3.3332518731792806,5.081189963596683,1.7649003185428658,-9.056732158271583,-44.22127878093367,15.861616420351098,6.436709761686741,-0.503503,0.263762,-0.309342,-0.121288,-0.287208,-0.139164,0.939912
5.017930507659912,3.1618147582528007,8.022093053922449,5.151163175711286,-0.23287881638682387,-0.8692816689431128,-2.535763761964187,-0.365879,0.301388,0.171374,-0.461059,-0.463144,0.699306,-0.289644,-0.326713,0.269313,-0.0953509,0.673405,0.0187466,-0.681178,0.286653,37.31022166055794,4.401917616488635,3.7275259456570495,1.8533199465705747,-9.653275597596782,-45.45456170312611,16.587306924872735,7.137941552579874,-0.499088,0.262662,-0.31082,-0.132227,-0.291444,-0.139722,0.937045
5.081143856048584,1.5082579292297305,6.361453891854972,4.169960171829444,0.11080598885047695,-0.92755234928181,-2.7632690633341537,-0.365491,0.301534,0.171417,-0.459507,-0.463875,0.698943,-0.291808,-0.323198,0.274016,-0.0935258,0.662088,0.0326546,-0.68998,0.290689,36.27430398898173,5.739055192792404,2.3903904013529087,2.906374421467399,-12.46079161541396,-46.92949852735926,17.686649256844984,6.741358255583847,-0.490204,0.263619,-0.313333,-0.153195,-0.304815,-0.143233,0.929033
5.145244359970093,-0.3281475833484204,4.136775913623681,4.736352571779844,0.5755374666245274,-0.6956954490835451,-2.818856177697334,-0.364484,0.301976,0.171608,-0.453866,-0.464856,0.700441,-0.295461,-0.317842,0.278487,-0.0911452,0.647106,0.0328398,-0.701232,0.297404,36.67358631509594,7.129778482694338,2.020468147535073,0.07578384967065244,-13.422051331289229,-47.649229063740385,19.710980399631882,8.822210022582825,-0.477488,0.265874,-0.316132,-0.165073,-0.318212,-0.153247,0.920873
5.225814342498779,-0.9236261191864662,3.250705374780858,5.782912185398235,0.8750543883054503,-0.8110036927803735,-2.996717125485915,-0.362693,0.302623,0.17181,-0.448537,-0.465258,0.701751,-0.299826,-0.309595,0.280855,-0.088284,0.635325,0.0349468,-0.710937,0.299515,36.45631285867249,8.108557587092188,1.8559671212238962,0.38573373017959334,-16.27090860486115,-48.434976868306265,20.32254913113438,8.096562497082575,-0.461208,0.268871,-0.31897,-0.170934,-0.33765,-0.153374,0.912826
5.290044784545898,-0.5087971081208669,4.038010304970137,6.054783084010757,0.6431391411884488,-0.8916399490306324,-2.9010830144718738,-0.362489,0.302657,0.17179,-0.447817,-0.465666,0.701635,-0.30054,-0.308459,0.280435,-0.0881002,0.633816,0.0315053,-0.713227,0.297644,36.598561048146465,8.34170202256053,2.3824518934806154,-0.32021309459695146,-16.32714867744519,-48.86698243725746,21.12399229880775,8.663296639976206,-0.459198,0.268075,-0.319364,-0.166397,-0.339625,-0.15302,0.91299
5.353790283203125,0.7515266016542037,6.533371528716843,8.039461787001553,0.3406218539501623,-0.9595805631492056,-2.625955246244539,-0.362938,0.302381,0.171625,-0.450438,-0.464229,0.701726,-0.298626,-0.311342,0.27789,-0.0895166,0.641275,0.0283781,-0.706603,0.297779,36.89889432981308,7.53320413212977,2.4148957522707746,0.26627779687201514,-15.209907026514752,-47.93843064836354,19.80082880143327,7.846875828793995,-0.465517,0.26746,-0.31825,-0.15654,-0.331773,-0.14977,0.918145
5.416808128356934,1.2710499936647137,7.15668166448007,9.094737718823989,0.31190993636618436,-0.8927750593311556,-2.40189204149435,-0.363871,0.302078,0.171433,-0.453975,-0.464444,0.700881,-0.294899,-0.315495,0.27564,-0.0910887,0.651614,0.0208702,-0.69916,0.293493,37.462566234749445,6.664813862285196,3.288986170790594,-0.87636423425164,-14.030050123846749,-46.73481500220927,19.24926318094395,7.988541066164685,-0.474775,0.267273,-0.31651,-0.149973,-0.325151,-0.148033,0.921885
5.4798078536987305,1.728478147919196,7.846768353876125,8.002719101228907,-0.03084529143283146,-0.8349213165514573,-2.259958324830158,-0.364539,0.301803,0.171384,-0.456811,-0.463965,0.70005,-0.29324,-0.319392,0.273721,-0.0925835,0.658075,0.0215949,-0.694114,0.290993,37.22747084118038,6.097351964384126,3.341113578710673,0.18699537353983242,-12.63718390647826,-46.69760396113939,18.677664063026498,7.745028489124308,-0.483241,0.266781,-0.314648,-0.143492,-0.314515,-0.146092,0.926902
5.543290376663208,2.0549074908834455,8.65528045996356,7.402679133495125,-0.2589463988131099,-0.8571344116852939,-2.3256491338009857,-0.364844,0.301695,0.171473,-0.457808,-0.464022,0.699871,-0.29202,-0.320696,0.272363,-0.0929985,0.662191,0.0193295,-0.690796,0.289707,37.413849260207265,5.662249443282332,3.5967059424666767,0.49712102336326236,-12.25663106801641,-46.19154727752985,17.983568554262725,7.177833566929023,-0.48598,0.26556,-0.314003,-0.141088,-0.312518,-0.144481,0.928198
5.606670379638672,1.214821800404515,7.326439534949112,6.831929362968898,0.0057688829163777,-1.0303615418731178,-2.4269007530188,-0.364763,0.301778,0.171416,-0.45737,-0.464345,0.699434,-0.293239,-0.318964,0.272333,-0.0922333,0.659919,0.0185266,-0.692667,0.290475,37.45426732241111,5.929290127804017,3.7095652729222217,0.41784074725461817,-13.278151596265857,-46.23373467881532,18.094048769529174,6.762552871198125,-0.481835,0.264636,-0.315078,-0.139914,-0.316949,-0.141786,0.927288
5.669653415679932,0.5029020783597531,6.310490283574322,5.718194740912162,0.17756877132873325,-1.0404265245188449,-2.569814582278418,-0.364179,0.30193,0.1715,-0.454617,-0.464116,0.70053,-0.295258,-0.315573,0.274065,-0.0910101,0.651817,0.0167327,-0.699499,0.292501,37.661580761536705,6.748924947055137,3.7200387041540477,-1.132831953886698,-14.002676181894985,-47.00068428639997,19.622204257529955,8.098201855080871,-0.474623,0.264173,-0.316651,-0.151898,-0.326629,-0.144392,0.921624
5.733680725097656,0.030449932350178618,5.36809455089822,4.481230885720653,0.13267508738108535,-1.0430486643850434,-2.6808373053503884,-0.363316,0.302359,0.171691,-0.451511,-0.464167,0.701475,-0.297691,-0.310517,0.276,-0.0890735,0.640229,0.022353,-0.708279,0.296561,37.35213394857568,7.937724928107977,2.975482056708048,0.3706213668594902,-16.29044570814692,-48.715875464290235,20.34732926734616,7.412348025934306,-0.463101,0.263665,-0.319298,-0.15476,-0.333284,-0.134702,0.920232
5.797373294830322,-0.600597363664909,5.1191267190107625,5.041006163710662,0.2716145684856956,-1.0715126847804024,-2.6883388949361415,-0.362761,0.302491,0.171711,-0.448881,-0.464897,0.701805,-0.299743,-0.307732,0.275886,-0.0883296,0.634053,0.0192398,-0.713875,0.296631,37.58520959019616,8.557525327017164,3.391027919647107,-0.1951195034095896,-16.450884639280332,-49.653474872726086,21.51058866545862,8.14550179125713,-0.458063,0.263254,-0.319984,-0.161506,-0.342714,-0.137586,0.915168
5.861658811569214,0.03198867166337013,6.14577786065358,5.789169701380805,0.15861848503104742,-1.1595472874383923,-2.6288253737297973,-0.362695,0.302469,0.171723,-0.449853,-0.464891,0.701298,-0.299482,-0.308001,0.275213,-0.0887945,0.636077,0.014064,-0.710807,0.299935,38.2902218556494,8.304485059154683,3.579015377611907,-1.7181930891446626,-16.535814209929477,-49.21100504199084,21.59561597316074,8.59734091093974,-0.458261,0.260987,-0.320331,-0.159642,-0.340574,-0.132567,0.917033
5.926226854324341,0.8394174990373002,7.230346412424992,6.513382224923017,0.006533526368912956,-1.0529258203475915,-2.342023406962724,-0.363263,0.302266,0.171548,-0.452188,-0.464111,0.701292,-0.297181,-0.311189,0.273332,-0.0903033,0.641351,0.0107248,-0.705346,0.30173,38.803552448589784,7.776686275511363,3.529945381046579,-1.6759301456742879,-15.353980056725678,-48.740586443210404,20.888149880574808,8.420646305867452,-0.464982,0.259087,-0.319396,-0.152829,-0.328866,-0.129016,0.922955
5.990791320800781,0.8862914458405831,8.644463548266728,8.607413134578684,-0.010793083352039608,-1.0901591341194499,-2.035180825266928,-0.363939,0.301937,0.171393,-0.454698,-0.463535,0.701197,-0.294463,-0.315658,0.270844,-0.0922773,0.652468,0.0110517,-0.695418,0.300926,38.87284965958183,6.432280225155768,3.3889316859078216,-0.1366236385656947,-13.578583624658167,-47.2331423891597,18.562754712243535,6.977873706371643,-0.475169,0.257484,-0.317137,-0.148589,-0.321667,-0.132398,0.925701
6.054762125015259,1.7461570534736572,9.542438595891213,7.505017630682147,-0.34707833210220507,-1.1286266777111482,-1.9730895363936116,-0.364943,0.301597,0.171339,-0.45799,-0.463225,0.700171,-0.29228,-0.320634,0.266198,-0.0942307,0.666471,0.00557107,-0.684957,0.29431,38.92409087777671,4.901868038161448,4.304186254448988,1.0434047041836312,-11.412789074129458,-45.83082678080855,16.707479802796218,5.979602981968591,-0.486293,0.255192,-0.314742,-0.138118,-0.309497,-0.125613,0.932393
6.118165493011475,2.705713950777095,10.34875313726701,5.649611350538886,-0.8012790333274799,-1.17276517708398,-2.0478311321409364,-0.36537,0.301492,0.171332,-0.459912,-0.463791,0.699372,-0.290271,-0.322669,0.263468,-0.0949885,0.669783,0.00282551,-0.681081,0.295822,39.42033697877676,4.65147850934635,4.396419351208306,2.3878022330358135,-11.027439690363568,-46.01472364993448,15.96317922378158,5.416773356773181,-0.49043,0.252224,-0.314058,-0.128589,-0.300434,-0.11444,0.938141
6.18092679977417,2.002558576107617,9.679446355109825,4.57071811696301,-0.7501348744794195,-1.229238715368842,-2.165577858061795,-0.365349,0.301506,0.171354,-0.460077,-0.463863,0.698857,-0.291134,-0.321904,0.263164,-0.094672,0.669382,-0.000202321,-0.682246,0.294054,39.44528092261674,4.777185394270524,4.867220888245608,1.50063268605372,-11.368523729570542,-46.12034609798556,16.571591686178127,5.596486342384168,-0.48874,0.25062,-0.314153,-0.132757,-0.305188,-0.120055,0.93532
6.2445104122161865,0.7743983804324888,8.05462494952232,3.119682843866679,-0.49791400536017166,-1.3162127384798046,-2.2982280311640224,-0.364898,0.301655,0.171436,-0.457409,-0.463992,0.699758,-0.292965,-0.317988,0.266041,-0.0931608,0.655653,0.000408355,-0.691237,0.303827,40.07636622225426,6.2785184344982685,4.08242427629679,-0.13827449313553153,-13.067233412939986,-47.663187502739504,18.522795263903056,6.731150187451205,-0.479505,0.24966,-0.31649,-0.150466,-0.316994,-0.12124,0.928534
6.308093547821045,-0.04625242744259266,6.879229729489514,2.405264658637034,-0.3447487762870481,-1.3081987686263978,-2.4086916992651526,-0.36406,0.30198,0.171581,-0.454169,-0.463761,0.70097,-0.29546,-0.313467,0.26832,-0.0914627,0.645347,0.00548625,-0.698564,0.30904,39.90794254757714,7.237132308903527,3.273576579659802,0.6150418888147922,-14.793367200052899,-48.66217419556353,19.08220687138098,6.420625756754559,-0.469112,0.24852,-0.318658,-0.159171,-0.326593,-0.124119,0.923361
6.371857166290283,-1.0397042765178015,6.274694866775616,2.422863085088874,-0.1692890343023022,-1.4799472000700913,-2.440012819327792,-0.363428,0.302219,0.171597,-0.45203,-0.464952,0.700248,-0.298567,-0.309569,0.269302,-0.0903056,0.639054,-0.000638883,-0.702005,0.314321,40.72252264782804,7.754952095371822,3.6676786112905444,-2.236614447301468,-16.248473448496032,-48.75460308606933,20.338590667432815,7.440993702909435,-0.460733,0.247451,-0.320311,-0.164878,-0.337099,-0.118669,0.919292
6.434971332550049,-0.3282106875896338,7.194391708143951,4.4102466758835055,-0.13337596651909606,-1.5356127427837527,-2.3779041491312167,-0.362953,0.302283,0.171598,-0.45005,-0.464992,0.701095,-0.299505,-0.307836,0.268561,-0.0900074,0.63519,-0.00454804,-0.705021,0.315372,41.15010368270737,8.0574508840753,3.9289715068335975,-2.543184501391888,-15.877642831755505,-49.2407982831487,20.82662925312001,7.796698575618497,-0.457431,0.245144,-0.320907,-0.162507,-0.339163,-0.115881,0.91931
6.498947858810425,-0.5152986990124381,8.053011856746828,6.921347923287138,-0.006116683411124355,-1.4360127940404745,-2.137643421200711,-0.363455,0.302164,0.171509,-0.451499,-0.463858,0.70159,-0.29792,-0.310104,0.267029,-0.0910233,0.641815,-0.00524696,-0.699564,0.314098,41.152405213231845,7.26194351591269,3.8733527572682274,-1.645416900379633,-15.037497678450304,-48.33631823865058,19.47278552304016,6.861762646853533,-0.462281,0.244391,-0.320271,-0.161414,-0.335508,-0.112948,0.921207
6.563031911849976,-0.060229595153922254,8.903129401651324,7.817252469961512,-0.11709283725944597,-1.3113142192337255,-1.8161160688072582,-0.364081,0.301858,0.171356,-0.454729,-0.462331,0.701598,-0.295351,-0.3144,0.264827,-0.0928878,0.64986,0.000192872,-0.692402,0.313466,40.66277641564783,6.437431300129647,3.1799741577225618,1.4520954680960134,-13.851031407397095,-48.1469568779062,17.851101091535547,5.7193961695091176,-0.471634,0.242779,-0.318674,-0.153835,-0.322516,-0.111688,0.927278
6.628761053085327,0.7250571632149105,9.568617842878108,7.070026990813081,-0.30587422639139306,-1.2629986892727947,-1.7628218524200372,-0.364564,0.301674,0.171236,-0.457141,-0.463554,0.700102,-0.293252,-0.318019,0.261988,-0.0943571,0.659692,-0.00968354,-0.684996,0.30902,41.36127239737471,5.438027228990386,4.4494479438481935,-0.3013272655066377,-12.013323243081945,-46.89617407159862,17.34648856416628,6.132900455224326,-0.480131,0.24117,-0.316706,-0.14687,-0.313197,-0.108251,0.931997
6.693360328674316,1.2461192778087389,9.430874870106827,4.978681578479385,-0.5059253978783737,-1.3552524684468306,-1.7768937421395035,-0.365196,0.3015,0.17118,-0.459082,-0.465594,0.698411,-0.291011,-0.321579,0.25926,-0.0957677,0.665264,-0.0075591,-0.67849,0.311477,41.6235060510326,4.84293925082845,4.225214685611315,2.216713276708001,-11.057625537075195,-46.94730306453124,16.056245936051102,5.721165812766075,-0.488062,0.238189,-0.314848,-0.141799,-0.303246,-0.104243,0.936519
6.75778603553772,1.8170708018597364,9.650432834351994,4.659544729675747,-0.5270093157248906,-1.3520848640255407,-1.8778669974825422,-0.365256,0.301413,0.171242,-0.460116,-0.46389,0.698745,-0.2913,-0.322368,0.257943,-0.0962209,0.669916,-0.0122192,-0.674203,0.310666,41.82204239315109,4.185065803453171,4.495836892777266,1.3070031344753517,-10.617910828509512,-46.060186572813514,15.477794165289989,5.327796148210314,-0.490154,0.236365,-0.314253,-0.141928,-0.299791,-0.102487,0.937805
6.822080850601196,0.823285968351127,8.866472815752836,3.079361512614769,-0.5883517385577168,-1.388864524693082,-1.8178867024035745,-0.365272,0.301441,0.171256,-0.459818,-0.464013,0.698727,-0.291615,-0.321824,0.258017,-0.0960509,0.666434,-0.0108411,-0.676801,0.312551,41.82862961533444,4.6435617522351516,4.263438550777148,1.820733235911522,-10.866591017891732,-46.95163691457666,16.112715790214594,5.855202175321066,-0.488501,0.234224,-0.314714,-0.144489,-0.299681,-0.0992506,0.937797
6.886306047439575,0.6853070732252167,8.63904508872312,1.3984040925985772,-0.7721007334884524,-1.3696830176385704,-2.0338334243394294,-0.365049,0.30152,0.17134,-0.45803,-0.464214,0.699193,-0.29299,-0.319505,0.259186,-0.095065,0.661138,-0.0115609,-0.680555,0.315607,42.08070536997332,5.139074647988108,4.14597217141801,0.9361040746915101,-11.653920070595046,-47.09521198906147,16.56249701502432,5.697498055089827,-0.482738,0.23241,-0.316041,-0.150416,-0.306522,-0.0987048,0.934707
6.951235294342041,-0.09998897737019359,7.733921175573726,0.6197979081254902,-0.6912490056105008,-1.5074798014482247,-2.143977292579049,-0.364623,0.301726,0.17145,-0.45631,-0.464294,0.699576,-0.294627,-0.315728,0.260777,-0.0935458,0.649297,-0.00899238,-0.687365,0.325364,42.515188519083765,6.449905184189381,3.220694378660553,1.1888295091223853,-13.825814640921735,-48.600997235279664,17.74414839171419,5.65933505146336,-0.473398,0.231562,-0.318065,-0.160635,-0.318721,-0.0982773,0.928954
7.0144476890563965,-0.42632086134647174,6.799090305904667,0.556798586056035,-0.5083999329230188,-1.5529693792973418,-2.2861803035124457,-0.363966,0.301999,0.171522,-0.453427,-0.464268,0.700805,-0.296195,-0.311328,0.262056,-0.0919926,0.643195,-0.015623,-0.693075,0.32512,43.041540054714055,7.010311905965269,3.8288273705479328,-1.092772643042192,-15.107142294980285,-48.61899942491619,18.645416660159455,5.752647549340407,-0.463598,0.230441,-0.320027,-0.165544,-0.328158,-0.0972489,0.924905
7.077499866485596,-0.40160536679115316,6.520497397994087,0.5362069268639155,-0.44966719181569825,-1.5593206849532772,-2.2780276466605285,-0.363528,0.302156,0.171592,-0.452349,-0.464732,0.700335,-0.298219,-0.308988,0.262653,-0.0912813,0.636869,-0.0183225,-0.698655,0.325489,43.175163003040794,7.792989604492442,4.212244569837154,-2.5067744385692325,-15.780165811023938,-49.844185891433405,20.498838503493122,7.146557128791717,-0.459187,0.229977,-0.320725,-0.167586,-0.33333,-0.0953214,0.922887
7.142039060592651,0.03491076494801768,7.314931471941638,2.9088431570939783,-0.288327434858888,-1.5082772835980627,-2.1752006417935013,-0.363518,0.30211,0.17145,-0.451631,-0.464319,0.701496,-0.297222,-0.309535,0.262091,-0.0916879,0.63916,-0.0151801,-0.695678,0.327531,43.17169394598599,7.315454843359942,3.6199969857667322,-0.5556231599890324,-15.275760588459818,-49.14152583804527,18.847885185201413,5.796054678651166,-0.460057,0.229574,-0.320708,-0.166915,-0.331203,-0.0949805,0.923809
7.220460891723633,-0.1391879389755631,8.227562745283937,4.382269345152072,-0.32966265629027286,-1.4428274187273733,-1.7526304609020327,-0.364091,0.301823,0.171391,-0.454737,-0.462357,0.701421,-0.295717,-0.313561,0.26029,-0.0934889,0.648637,-0.0180022,-0.68723,0.326591,43.27678256288747,6.230912812141623,3.6454260641438867,-1.1305302569774618,-13.73613758585621,-47.9869302961177,17.879931771183845,5.885351220061058,-0.469518,0.229084,-0.318908,-0.158532,-0.323067,-0.0930086,0.928356
7.285858631134033,0.38075571459636637,9.091529266528022,6.475727240632249,-0.1160920640460188,-1.5379354441072337,-1.5693562263211172,-0.364769,0.301476,0.171154,-0.456817,-0.462187,0.701291,-0.293075,-0.318464,0.255978,-0.0954094,0.661162,-0.0233743,-0.678315,0.319698,43.392573281273215,4.784583419914844,4.4838734457127725,0.07293565539909608,-10.799328383424356,-46.665129222022735,16.087691811220754,5.803751451098345,-0.481187,0.227985,-0.316503,-0.146853,-0.309053,-0.0892269,0.935393
7.349306344985962,0.8789284458768921,9.989039427935145,4.1540287334949495,-0.6723788782915888,-1.5542043188758734,-1.4726799482625665,-0.365343,0.301351,0.171132,-0.459958,-0.46348,0.699431,-0.290554,-0.322154,0.25344,-0.0967173,0.669857,-0.0231822,-0.670868,0.317317,43.37018671859347,3.962865863388311,4.731868501074664,1.7217816067936322,-10.169935498496125,-46.315422330648936,14.992746178333936,5.506696421502759,-0.489557,0.226509,-0.314445,-0.13897,-0.29793,-0.0838898,0.940685
7.413406133651733,1.6862118807564672,10.763942820276183,2.6481909650779505,-1.0511475703642936,-1.5368206435998728,-1.6081133768874536,-0.365555,0.301291,0.171279,-0.461466,-0.46301,0.699173,-0.289529,-0.323976,0.251088,-0.0973998,0.674383,-0.027588,-0.667641,0.314169,43.50935759741135,3.5191737231977775,5.2588688693424075,1.9611974561779633,-9.222239444951157,-46.4332930948127,14.991684603398523,6.232634340430799,-0.494032,0.224939,-0.313203,-0.138104,-0.291192,-0.0822423,0.943065
7.476106882095337,1.317883163219627,9.893181740432512,1.3471617248775052,-1.0404108622645718,-1.5913793911180474,-1.7214620002597671,-0.365695,0.30128,0.171243,-0.460709,-0.463087,0.699255,-0.290413,-0.32345,0.25065,-0.0970371,0.672791,-0.0285641,-0.667673,0.31741,43.811556224800945,3.551580104870543,5.113012954358331,2.009898728596971,-9.276354886967175,-46.18366541541533,14.629098312391957,6.004097930498622,-0.492377,0.22245,-0.313468,-0.140111,-0.292085,-0.0813108,0.942573
7.539461612701416,0.733681971679352,9.054170532050389,-0.4165059495170753,-1.0530790572099689,-1.5888590658866546,-1.8723954516479757,-0.365365,0.301356,0.171301,-0.460089,-0.464068,0.698636,-0.291319,-0.320506,0.252757,-0.0959925,0.663905,-0.0253383,-0.673401,0.324221,44.03913570930315,4.7022446474509305,4.492696136924787,1.5819793041062375,-11.470509980363564,-47.43655456127716,15.954428527656418,5.628907982942831,-0.485043,0.220281,-0.315151,-0.151249,-0.302654,-0.0812098,0.937512
7.603930711746216,-0.2855967241900254,7.966932532794622,-2.180265268345948,-1.0733635923815252,-1.7563746065818004,-2.0535455545272074,-0.364895,0.30162,0.171449,-0.457065,-0.463967,0.699638,-0.293825,-0.315979,0.255538,-0.0943907,0.65091,-0.0292705,-0.680274,0.335688,45.16221844361768,5.943900754527453,3.9752440526502966,-1.527334874693608,-13.289791886980504,-48.12042382486142,17.51187974499983,5.685019522645285,-0.473667,0.217791,-0.317706,-0.163604,-0.313737,-0.07822,0.932032
7.6672468185424805,-0.47979456558315653,7.110986286021636,-3.0315457490979885,-0.97128710217709,-1.9300924519574152,-2.317555341649697,-0.364184,0.301887,0.171472,-0.453336,-0.465013,0.700178,-0.296649,-0.311642,0.256977,-0.0929733,0.64322,-0.0250379,-0.686586,0.337995,44.91439046986575,6.576529444918227,3.6586365059157893,-0.4268140872923194,-14.547748673103342,-48.74895689955459,17.772221893020006,5.242460565972634,-0.463818,0.216298,-0.31959,-0.172225,-0.322736,-0.0789009,0.927337
7.730602264404297,-0.8108931108876462,7.095145669002526,-2.2792026135082506,-0.8953265916238093,-1.8664381992143417,-2.2919669354219656,-0.363613,0.302128,0.171558,-0.451714,-0.464952,0.700655,-0.298087,-0.308642,0.258184,-0.0921312,0.634559,-0.0219741,-0.692364,0.342759,44.92333658826215,7.542002080624228,3.0806752259727994,0.20635790906271545,-15.960008931120715,-50.37863563718323,19.14818145326771,5.933524990449615,-0.457699,0.215972,-0.320559,-0.176916,-0.329809,-0.0778608,0.924048
7.794766664505005,-0.9766222197143019,7.731448685663074,0.4024214506198484,-0.7084850896982697,-1.8228975446568718,-2.0481745665650393,-0.363623,0.302123,0.171502,-0.451937,-0.464611,0.700905,-0.297693,-0.308545,0.257809,-0.092159,0.633965,-0.0245475,-0.691499,0.345421,45.36965794567254,7.576860232898178,3.0150145595467026,-0.25609000470840115,-16.127082255092482,-50.30406703887277,19.0926547834738,5.800396349974686,-0.457504,0.215836,-0.320729,-0.175535,-0.330254,-0.07637,0.924277
7.8578290939331055,-0.7400589744880277,9.071511755440959,3.1069104948421455,-0.5704389157457872,-1.703647217287588,-1.7531442231273564,-0.363982,0.3019,0.171352,-0.453873,-0.463804,0.701,-0.295777,-0.311658,0.255767,-0.0934489,0.643467,-0.0298654,-0.686011,0.3383,45.356487244208104,6.5771144668540025,3.8409560397854237,-0.8846447485060622,-14.279133926618613,-49.08815811756384,18.144460295256685,5.733910236102909,-0.464567,0.215314,-0.319584,-0.173022,-0.322749,-0.078443,0.927223
7.921584129333496,-0.41150753852349886,9.538479766802032,3.3498617748002,-0.6314238876478178,-1.759931601600342,-1.4626089097729291,-0.364513,0.301657,0.171216,-0.456652,-0.463762,0.699886,-0.2942,-0.315595,0.252506,-0.0948403,0.651593,-0.0298063,-0.678857,0.337181,45.31052304234907,5.719040580511019,3.8683395913129153,1.0337429281432922,-12.69745776638139,-48.60997757153582,16.97804597117414,5.942027747501956,-0.473708,0.214064,-0.317669,-0.157966,-0.314429,-0.0687708,0.933516
7.984732389450073,0.7147471591226165,10.227620442455704,3.1880626508259424,-0.6733623157183026,-1.842738293139238,-1.378416396341158,-0.365094,0.301372,0.171109,-0.458291,-0.464477,0.699531,-0.291355,-0.319672,0.247504,-0.0964287,0.662695,-0.0387275,-0.670999,0.330297,45.801672906483915,4.431066268741637,5.073993279613484,1.8752873356162496,-10.069061140108442,-47.81655304917995,15.853720611074117,7.070148197725642,-0.484173,0.211527,-0.315089,-0.148683,-0.299574,-0.0643571,0.940216
8.047916173934937,0.9154844331958677,10.803980584771319,2.300512452043985,-0.9431486730476694,-1.931500009325091,-1.2734540701393284,-0.365551,0.301175,0.171106,-0.460915,-0.462981,0.699584,-0.289462,-0.323382,0.243501,-0.0977754,0.672872,-0.0446346,-0.661839,0.327443,46.10064140255074,3.183493123670679,5.4920431450141205,2.7087639675412163,-8.423139783322952,-46.925715099618024,14.56135021105972,7.61617013434843,-0.493285,0.208508,-0.312367,-0.139666,-0.291838,-0.0591892,0.944362
8.110751390457153,1.5399275493721476,11.494827758929429,0.6433781365808361,-1.3600881326694305,-1.8602429855631484,-1.3083440757198337,-0.365853,0.301071,0.171138,-0.463497,-0.461893,0.698851,-0.288846,-0.32558,0.241479,-0.0985097,0.675249,-0.0456801,-0.657601,0.330927,46.371184035685985,2.9842441310665038,5.174257237375516,3.305561215590325,-8.03817377932265,-47.35614968915824,14.786649954244174,8.019712687390104,-0.497592,0.206004,-0.311181,-0.136747,-0.284316,-0.054935,0.947337
8.173648118972778,0.4378831742706366,10.293603205126939,-0.9750270412101373,-1.4112174430294784,-1.8681620978349902,-1.3614431932710735,-0.365995,0.301109,0.171241,-0.464119,-0.462448,0.697806,-0.289484,-0.325323,0.241737,-0.0982384,0.675587,-0.0472416,-0.657017,0.331179,46.456993495962614,2.9688171242675767,5.413222942807538,2.2662387544414617,-8.687616471779414,-47.05196279652202,14.627759253299116,7.386044814408157,-0.496381,0.203572,-0.311211,-0.142374,-0.285304,-0.0544285,0.946239
8.238511562347412,-1.4049930493524296,9.109157009902814,-3.1747087341760762,-1.395116645291969,-2.2964292752574758,-1.2134045302478171,-0.365633,0.301158,0.171239,-0.459726,-0.46247,0.699777,-0.291693,-0.322082,0.243172,-0.0973047,0.665191,-0.0453843,-0.664215,0.338052,46.833994331790464,3.851914655510908,4.739264159075008,2.327533637042796,-8.603117842004554,-47.907565472709734,15.60495460805029,8.300439335671859,-0.488995,0.200489,-0.312886,-0.152035,-0.292019,-0.052069,0.942815
8.30201506614685,-1.4233525935691396,7.311906387331219,-5.976355159952004,-1.3742304516484471,-2.5075679702338762,-1.4460565965383747,-0.365308,0.301265,0.171251,-0.45971,-0.463541,0.698757,-0.292462,-0.318537,0.244538,-0.0961058,0.657427,-0.0463353,-0.667831,0.345895,47.50493386683603,4.833112203706583,4.414214490099929,1.1949439945882716,-11.581770290532983,-48.65321064468512,16.415251746057464,6.845451733618763,-0.480217,0.197288,-0.314596,-0.164275,-0.300426,-0.0501743,0.938211
8.365363836288452,-1.2504232878935568,6.5507124444511735,-6.7278825816601495,-1.3296673994071628,-2.6567898629585267,-1.5945285141637247,-0.364737,0.301449,0.171322,-0.457158,-0.463235,0.699768,-0.294525,-0.314392,0.244935,-0.0946552,0.646777,-0.0509203,-0.673464,0.354306,48.46655659162296,5.83680586110207,4.16603357425175,0.018307246475242067,-12.869574020432585,-49.55696304634794,17.5124149393466,6.803073032480838,-0.470754,0.194,-0.316149,-0.171935,-0.310347,-0.0468127,0.933773
8.429436206817627,-1.1095013179076032,6.492324469766295,-5.226436704470374,-1.075849786822502,-2.6169578730028142,-1.6943221780566633,-0.364411,0.30157,0.171295,-0.45571,-0.463568,0.700175,-0.295277,-0.312005,0.244766,-0.0938142,0.642913,-0.0539972,-0.676499,0.355101,48.80559047027175,6.197497315749919,4.423911381017828,-0.23421470471999584,-13.612225130991305,-49.878671170763084,17.883618609493094,6.700756969916591,-0.465369,0.192554,-0.316976,-0.172147,-0.317814,-0.045558,0.931281
8.493285179138184,-1.7634302889743323,6.45978828647226,-4.475420402507871,-1.069660710315021,-2.5196711998859844,-1.5100407088019454,-0.364474,0.301616,0.171275,-0.455398,-0.463987,0.699915,-0.295716,-0.311853,0.24511,-0.0938877,0.641013,-0.0526173,-0.677861,0.356143,48.75669225984096,6.429568929667626,4.312260453249853,-0.15048122641671924,-13.68577249868505,-50.38737732456928,18.409704083528123,7.160481346694788,-0.464874,0.191842,-0.31694,-0.171201,-0.318532,-0.0452001,0.931227
8.55663013458252,-1.6089976059420812,7.56930762970914,-2.3170023652358807,-0.9264455780431177,-2.4255420794169735,-1.236306628544526,-0.364631,0.301455,0.171213,-0.456966,-0.463418,0.699771,-0.294527,-0.314024,0.244058,-0.0948341,0.646329,-0.0531943,-0.672691,0.356253,48.84482301388963,5.804867360281329,4.20519001907248,0.004989579929365107,-12.908599868447268,-49.712559328946234,17.59521861824605,6.974580599591589,-0.470196,0.192079,-0.316219,-0.168534,-0.311613,-0.0417736,0.93421
8.619961500167847,-1.4483024676711083,8.152248248269398,-1.6158303582141098,-0.9154011151268945,-2.357662181600115,-1.1233592332177529,-0.364991,0.30129,0.17119,-0.457993,-0.462902,0.699589,-0.294176,-0.317229,0.242073,-0.0961094,0.653493,-0.0525126,-0.666699,0.354544,48.63642125630534,4.852865591263776,4.160697966496389,1.064195032265232,-10.938171412676141,-48.99885008154371,16.627023118589552,7.68515674862052,-0.477708,0.19119,-0.314474,-0.164415,-0.304989,-0.0411229,0.937154
8.68353271484375,-0.5735368378116533,9.165014063916432,-1.9992507894229075,-1.1540080324733692,-2.3002022040874657,-1.108029549998869,-0.365322,0.301138,0.171082,-0.461183,-0.462895,0.698613,-0.291511,-0.321058,0.238068,-0.0974092,0.664889,-0.0588958,-0.658957,0.346742,48.691350621357245,3.6805392724567656,5.1874458719429715,1.7955790563918583,-9.317397748358186,-48.3438774966399,15.732862776791356,8.347196398947286,-0.487437,0.188865,-0.311881,-0.153636,-0.291851,-0.0339374,0.943434
8.746468305587769,-0.6311014288584703,8.998812860058488,-3.432143018072859,-1.305458056787722,-2.395435508265076,-1.117937095658446,-0.365617,0.300986,0.171129,-0.462165,-0.461733,0.699134,-0.290548,-0.324191,0.236274,-0.0985242,0.671705,-0.0610154,-0.649933,0.350253,49.20230093003789,2.5704068565212714,4.780217474393499,1.8946813558215716,-7.761862700293758,-47.016550362401766,14.145249652438949,7.539033077658106,-0.494327,0.186236,-0.309703,-0.152534,-0.285095,-0.0336102,0.945687
8.809514045715332,-1.2090311119788038,8.727045876758186,-6.813808245109716,-1.6188399224979262,-2.482794836128601,-1.323323025729513,-0.366137,0.300991,0.171213,-0.463542,-0.462928,0.697825,-0.289597,-0.326605,0.237188,-0.0992327,0.669279,-0.0565832,-0.649495,0.356399,49.40309388794275,3.034540510940718,4.083079387718168,1.8056684410953103,-7.322240668923607,-48.06970996181481,15.372238453423634,8.456440249333266,-0.498244,0.183925,-0.308496,-0.163368,-0.277502,-0.0351992,0.946079
8.872351884841919,-2.719742140758562,6.254553858740287,-9.346845279617023,-1.5907593032393332,-2.69767077417016,-1.5800739846180758,-0.365822,0.301112,0.17127,-0.461729,-0.463054,0.698587,-0.290455,-0.32697,0.24039,-0.100345,0.668053,-0.0431776,-0.64452,0.369371,49.3824742292475,2.6904568112039136,1.8484689256591884,3.0269912238455277,-7.549413405996025,-47.3768030879912,14.472482422706074,7.786954493589139,-0.49865,0.181246,-0.307982,-0.1751,-0.271542,-0.037234,0.945631
8.935356140136719,-3.994645995385267,4.124078165292591,-12.896321729761137,-1.5975005083115115,-2.7067340940581293,-1.7660878964693365,-0.365528,0.301282,0.171309,-0.45885,-0.464672,0.698317,-0.293071,-0.325823,0.2467,-0.100932,0.656401,-0.0255629,-0.647808,0.385783,49.13537537394855,3.726513820479829,-0.6425627996308427,2.7710935355467328,-8.626043329249889,-48.26511284410619,15.607073305021867,8.434005772040067,-0.493159,0.178643,-0.309497,-0.204619,-0.270935,-0.0485279,0.939346
8.99955153465271,-4.382072753250927,1.664748075608365,-12.400629463336696,-0.9014620141568396,-2.8896185641588,-2.0382677375473413,-0.365016,0.301458,0.171424,-0.456169,-0.464515,0.698919,-0.296055,-0.321664,0.247876,-0.0996729,0.648519,-0.0291657,-0.650452,0.394315,49.93023429918083,4.267161038835473,-0.9663539033554313,0.9795502620265211,-10.155317196736453,-47.92457052447157,15.19281154838086,6.865400551366519,-0.483504,0.177265,-0.311839,-0.215567,-0.277601,-0.0469147,0.935023
9.062323570251465,-3.7625285814392133,2.039301195470834,-12.353665392020469,-0.9869342439419977,-3.0105416538960212,-2.1588997274767565,-0.364629,0.301598,0.171347,-0.454178,-0.464504,0.699775,-0.297109,-0.318148,0.248089,-0.0987955,0.641802,-0.0364436,-0.656523,0.394639,50.5112768375419,5.017913789938334,-0.3324262942554848,-0.762440070865015,-11.021758492320743,-48.70395790703277,16.180691710196296,6.984430755816399,-0.476032,0.174177,-0.313246,-0.219831,-0.284858,-0.0369781,0.932289
9.126062154769897,-3.5515629078509465,2.823072082048247,-10.67835735088675,-0.820713961662046,-3.0856408041153833,-2.1035091161626487,-0.364385,0.301715,0.171376,-0.453104,-0.46463,0.700152,-0.297661,-0.315616,0.24694,-0.0978385,0.63629,-0.0421682,-0.661359,0.394919,50.989038917845214,5.698148351052304,0.19397697971160627,-0.9494995666109425,-11.670807081109034,-49.82472125672629,17.44525142900855,7.706942480097075,-0.470502,0.171894,-0.313738,-0.218755,-0.291207,-0.0358078,0.930625
9.207037687301636,-3.5616674146311134,4.835666158762288,-5.936450309533137,-0.5728715223810729,-2.7535670815415196,-1.6140506320200163,-0.36462,0.301514,0.171243,-0.455361,-0.464306,0.699299,-0.296728,-0.31708,0.245157,-0.0983372,0.641493,-0.0420292,-0.658265,0.391674,50.71251780707357,5.2753892520020536,0.40599390385869033,0.14479462223563289,-11.698378829873569,-49.79330250953899,16.882567361764984,7.715165689430505,-0.474099,0.171195,-0.313428,-0.215356,-0.285944,-0.0292225,0.933276
9.270648717880249,-3.9509929819412104,5.630852964901217,-4.813112265812477,-0.6619389514415084,-2.6614028845439157,-1.234552556340337,-0.364899,0.301373,0.171089,-0.456449,-0.464339,0.699276,-0.295054,-0.320273,0.242943,-0.099395,0.649051,-0.044662,-0.651556,0.390145,50.99686562871925,4.294589127882868,0.5926323668662152,0.6207077183772505,-9.782550291599396,-48.70380373926795,16.008581150588952,8.003120754196178,-0.481526,0.170423,-0.311303,-0.205298,-0.282052,-0.0299127,0.936699
9.334288835525513,-3.624243629732787,7.667873332322,-6.258211625089584,-1.3792439042638605,-2.8009028051530924,-0.9767072637937052,-0.365317,0.301188,0.171155,-0.459763,-0.463549,0.698706,-0.292489,-0.324531,0.237915,-0.10055,0.658537,-0.0511061,-0.640565,0.391654,51.83447015001698,3.1396028688650595,0.7197527250842675,1.7706967701345881,-8.09229929630531,-48.150787558463996,14.816247461523764,8.141994444365812,-0.49239,0.166904,-0.307619,-0.193324,-0.274721,-0.0216229,0.94164
9.397598266601562,-3.22100310431562,9.121310326920339,-7.550441739587518,-1.7707094881527898,-3.062297599098098,-0.9274757775507546,-0.365598,0.300938,0.171156,-0.461958,-0.461762,0.699038,-0.291062,-0.32664,0.23404,-0.100653,0.66467,-0.0599621,-0.636199,0.38713,52.215919029966294,2.494252962902247,1.5170630864252899,1.835190106515185,-6.865603843888678,-47.77451181053885,14.67896524327209,8.007930650564235,-0.49698,0.162933,-0.305555,-0.187381,-0.269588,-0.0157009,0.944439
9.461442470550537,-3.651463854003383,8.121424373700968,-10.361290828736678,-2.2054662295287404,-3.214873180612462,-1.0124471157145694,-0.366033,0.30107,0.171295,-0.462272,-0.465355,0.696328,-0.291336,-0.326657,0.232818,-0.100258,0.661414,-0.063093,-0.637122,0.390675,52.87777322433783,2.917413631152003,2.015814283503998,1.4256330543689764,-7.141357801219543,-48.7154588272423,15.4294341708279,8.675804226619595,-0.496272,0.159119,-0.304813,-0.189766,-0.269665,-0.0111572,0.944005
9.524510145187378,-4.90158226298643,7.3275716255337064,-10.814077209154284,-2.0995107586314417,-3.510825830458011,-0.9185679301410057,-0.365516,0.301093,0.171208,-0.459511,-0.463603,0.698842,-0.292476,-0.322542,0.232776,-0.0991638,0.653025,-0.0704334,-0.641051,0.397053,53.947668491224555,3.602062555608467,1.8700543276030268,0.02442293292101283,-8.20592977430768,-48.95576246870711,15.713622764598409,8.61177972085486,-0.487398,0.155914,-0.306287,-0.19699,-0.279093,-0.0106972,0.93978
9.588046312332153,-5.114257115032062,4.139065904667006,-12.482374882283695,-1.8577097098664652,-3.5771692392577137,-1.1338252296903595,-0.365317,0.301394,0.171324,-0.457207,-0.464727,0.698713,-0.294603,-0.316417,0.235256,-0.0967525,0.639629,-0.0699879,-0.653564,0.398537,53.889338206428974,5.35458835535612,2.1214714782822774,-0.3415583061739973,-11.697115311853594,-50.72747348092075,16.795194139360447,9.221502975811669,-0.47227,0.154655,-0.309655,-0.208438,-0.295228,-0.00458871,0.932402
9.651983976364136,-4.954055603178374,2.384103110526758,-10.952166948147461,-1.3429827075563627,-3.477057119542744,-1.1827421712495794,-0.364372,0.301749,0.17136,-0.452916,-0.464991,0.699894,-0.297992,-0.30954,0.236592,-0.0943456,0.628795,-0.0748758,-0.661892,0.401134,54.37822116423722,6.272928565637342,2.488645927385649,-1.4419102280746863,-13.932196705034151,-51.07912320547216,16.845721987576415,8.27276204820884,-0.457408,0.15499,-0.312846,-0.211195,-0.307477,0.000472353,0.927822
9.71523904800415,-4.2458471938627,1.9707218615708604,-10.301884093717758,-1.2368060989965988,-3.303310440150975,-1.2760758059198538,-0.363523,0.30211,0.171454,-0.449202,-0.465172,0.700889,-0.300976,-0.3043,0.237387,-0.0925227,0.616045,-0.0764394,-0.672002,0.403805,54.5856631548378,7.593987806159801,2.616266960254085,-1.4550703345448106,-15.198047741285018,-52.98559822499415,18.586353593875977,9.245521999117383,-0.446676,0.155237,-0.3141,-0.208721,-0.324888,0.0017569,0.922432
9.77889347076416,-3.344709229424021,3.197628548705314,-7.853078620650025,-1.0825996824977362,-3.0851523274164356,-1.3088326602515252,-0.363506,0.302115,0.171449,-0.449446,-0.465183,0.7008,-0.300804,-0.303962,0.236721,-0.0922824,0.618944,-0.0804732,-0.670453,0.401155,54.753353002348696,7.199603998659571,3.1298862230031865,-2.0786657774758126,-15.33702279147402,-52.235533344595886,17.944652806058905,8.543409859814972,-0.44591,0.154501,-0.314152,-0.206886,-0.326662,0.00472922,0.922208
9.84281611442566,-3.2597277052049436,5.044221940796456,-6.319034334802031,-1.1136102491736988,-2.895235169322835,-1.018540015977574,-0.363864,0.301824,0.171293,-0.452435,-0.464346,0.700692,-0.297852,-0.307631,0.234146,-0.093705,0.625287,-0.0808317,-0.665426,0.399614,54.77292948798744,6.726174472996354,3.057838262428002,-0.7484909497197059,-14.09960834491525,-52.521967997128925,17.893629817022834,9.055706161819334,-0.454325,0.152433,-0.312524,-0.20481,-0.314261,0.00532377,0.926965
9.906957149505615,-3.192052284176284,6.866233562347365,-6.645627474466164,-1.4154294598535382,-2.901518257846258,-0.5822451868598877,-0.364496,0.301426,0.171146,-0.456279,-0.463635,0.700031,-0.294635,-0.313088,0.228807,-0.0951855,0.639539,-0.0915466,-0.651367,0.397907,55.74718794753766,4.925565038624726,3.703691697448606,-1.0453758366318127,-11.595683105820388,-50.44218054549471,16.168235508406752,8.539521300504981,-0.467506,0.148172,-0.308897,-0.191448,-0.302461,0.0131508,0.933645
9.970597267150879,-2.5224269855118657,8.438911425140619,-7.682681349294183,-1.8509904632098861,-3.0657806241843444,-0.4655922170202852,-0.365105,0.301075,0.171089,-0.459933,-0.462638,0.699046,-0.292852,-0.317653,0.222741,-0.0958514,0.650474,-0.100412,-0.642128,0.39303,56.1172164598742,3.6443831682312724,4.572897729998704,0.04217391125561676,-9.331872610273626,-49.793334606476606,15.29429123824595,8.988520341378212,-0.478821,0.143757,-0.305345,-0.180838,-0.290028,0.0230572,0.939494
10.03386640548706,-2.75858981017653,9.986514929925066,-8.63202605896055,-2.1357608144448066,-3.20248614408224,-0.2202258742349747,-0.366149,0.300871,0.171122,-0.463788,-0.464383,0.696854,-0.289211,-0.322819,0.218642,-0.0959898,0.655588,-0.111238,-0.633216,0.396066,57.59888309250675,3.0629543988220553,5.268164915862718,-1.0455478628286237,-7.710960472015939,-49.243829618968036,15.256106577684756,8.809328431432078,-0.487697,0.138775,-0.302075,-0.178218,-0.280877,0.0318275,0.942514
10.09786605834961,-2.8700108536512268,7.557956108626252,-9.966008211119604,-2.175891898893664,-3.1947898357743445,-0.5752175978216599,-0.366322,0.300983,0.171265,-0.463092,-0.464417,0.697411,-0.28893,-0.322633,0.218457,-0.0958266,0.654008,-0.107749,-0.633189,0.399669,57.663126071415505,3.2217833060076972,4.652340931789146,0.6485494170923616,-7.913258693541014,-49.812931500970414,14.563438618789046,9.285574938820709,-0.486996,0.136178,-0.301377,-0.180648,-0.281081,0.0335349,0.941932
10.161786317825317,-4.101650509167884,5.9554632707822766,-11.445071184374791,-2.111877057648197,-3.3548485679103695,-0.5704393759243067,-0.365583,0.30098,0.171145,-0.460461,-0.463094,0.698378,-0.292897,-0.318784,0.220996,-0.0960457,0.645429,-0.102386,-0.636551,0.409563,57.68889131876114,3.930852599824479,3.417377652002122,-0.17155541736406477,-9.283067089411025,-50.413616758585704,15.02760168948024,9.46462306444863,-0.479417,0.133616,-0.302641,-0.198034,-0.284579,0.0314659,0.937447
10.243759870529175,-5.057698675915849,1.6463330522685446,-15.406917326744738,-2.214383602474946,-3.6183602571948796,-0.9837538779491798,-0.365002,0.301654,0.171524,-0.454289,-0.465527,0.698961,-0.297254,-0.31073,0.226576,-0.0938836,0.624283,-0.0983028,-0.651328,0.419975,58.10366621866197,6.136676794597505,2.849630976672459,-1.9206472619307746,-12.623965310162653,-52.50014601205358,17.22993919974937,9.672980974576593,-0.459143,0.131224,-0.305809,-0.214759,-0.304864,0.0302842,0.927372
10.309555768966675,-5.237613514023512,0.5911254734180915,-14.928414064822643,-1.9602212229060465,-3.8940697095203465,-1.1009941365925076,-0.364107,0.302006,0.171497,-0.450157,-0.466523,0.699246,-0.301279,-0.304241,0.228165,-0.0918145,0.613125,-0.100578,-0.658398,0.424823,58.54397370198677,7.016216422391282,2.9532754422859417,-2.7558564183025283,-14.898790481695999,-53.009316875129166,17.526803528929467,8.729834439831611,-0.445087,0.130749,-0.30818,-0.224447,-0.315293,0.0314442,0.921534
10.37483263015747,-4.353123149040292,-0.002776088499225765,-15.070694999644912,-1.893409168887204,-3.8495164145149774,-1.2814299036388876,-0.363341,0.302406,0.171727,-0.445892,-0.465619,0.701009,-0.304902,-0.299464,0.229449,-0.0900802,0.603,-0.0995946,-0.665855,0.427912,58.48279989490342,7.864053276010243,2.6500810775494394,-2.2708013595332446,-15.748601190845072,-53.98624825301077,18.25904078814154,9.145519832399996,-0.435228,0.130964,-0.309245,-0.221887,-0.331593,0.0358949,0.916255
10.439339637756348,-4.5412558938688035,1.5216011597383032,-11.936841916067452,-1.6743507694509017,-3.5380746685438327,-1.113136782857036,-0.363172,0.302355,0.171599,-0.446631,-0.466475,0.700102,-0.304597,-0.299501,0.22921,-0.0902602,0.604706,-0.102327,-0.664013,0.427723,58.77108136746216,7.6373348703948185,2.9860441516728233,-3.249249917746063,-15.911199022868349,-53.48888872488918,17.957298986447896,8.662448737012292,-0.435616,0.131802,-0.309682,-0.223908,-0.32764,0.0349917,0.91722
10.503923654556274,-5.382750507160897,4.47239654282443,-10.02732956319833,-1.8450656546718418,-3.293410968893918,-0.5822178030906455,-0.363706,0.302042,0.171358,-0.44985,-0.465843,0.700331,-0.300271,-0.304348,0.227162,-0.0921833,0.614487,-0.101913,-0.657526,0.423885,58.66325090335356,6.829654179113892,2.9439169477962275,-2.060670805454947,-14.246024756013512,-53.14525765028054,17.391195907754287,9.138785005101301,-0.446261,0.130925,-0.30831,-0.221419,-0.313954,0.0324487,0.922688
10.568082332611084,-4.916326268611396,6.892226811948362,-9.733620771230077,-2.19650774362532,-3.2718254980144845,-0.4157539636637003,-0.364284,0.301645,0.171255,-0.454103,-0.464698,0.699926,-0.296565,-0.309111,0.223288,-0.093225,0.626615,-0.110248,-0.647455,0.419526,59.193997002937,5.5403652372026055,3.6049897188494087,-2.4727349043069715,-12.61274394301054,-51.63283163803153,16.143965528344037,8.66736008449321,-0.457413,0.128428,-0.305639,-0.209018,-0.306972,0.0406475,0.927592
10.632022380828857,-4.081251405062495,7.741634562505767,-11.418457496960423,-2.672075964756229,-3.3598754190387594,-0.4914304841037117,-0.364885,0.301416,0.171302,-0.45675,-0.464752,0.698712,-0.295275,-0.312164,0.219698,-0.0932851,0.632426,-0.11546,-0.641638,0.418339,59.588226271369095,4.882062807893738,4.0708692718505075,-1.9485401496526649,-11.45466262857575,-51.198865364831626,15.48820341715332,8.931260723810206,-0.464259,0.125144,-0.303189,-0.20258,-0.302196,0.0453953,0.930365
10.695891857147217,-4.839404757202859,6.192966840680819,-13.435474565216898,-2.78139865659821,-3.5304430377957865,-0.4836955849990722,-0.365018,0.301475,0.171359,-0.456417,-0.465046,0.698597,-0.295599,-0.311588,0.218681,-0.0927394,0.629405,-0.118979,-0.640425,0.423732,60.360039483856845,5.040061633372343,3.9548237291303545,-2.2322498284943357,-11.721351250072253,-51.381128372117104,15.389665430042152,8.91866692826509,-0.462508,0.121195,-0.302182,-0.207416,-0.303313,0.051292,0.928627
10.7597975730896,-5.103886991393194,3.9339823333816555,-14.263998520040877,-2.5073374375564406,-3.6428155474872015,-0.6341288884106877,-0.364628,0.301628,0.171392,-0.453777,-0.464908,0.699566,-0.29758,-0.308101,0.220366,-0.0920668,0.620954,-0.117483,-0.645059,0.42955,60.620091883154224,5.840368270054941,3.444590528678493,-2.5816096436958453,-13.059478351183145,-52.25663549389337,16.025592741385793,8.871322151373056,-0.45412,0.118766,-0.302938,-0.21702,-0.306792,0.0509601,0.925302
10.823468685150146,-6.411950709613236,1.5327696831468118,-15.659329299137188,-2.477557477625243,-3.681247180946007,-0.6346455767428391,-0.364206,0.30199,0.171494,-0.450344,-0.466313,0.699381,-0.301013,-0.303988,0.222549,-0.0910377,0.611973,-0.115809,-0.650095,0.435263,60.83150995907423,6.540281310048795,3.168417868009207,-3.2764624149729933,-14.414533053491322,-52.77316973717432,16.564392171122638,8.548777726602864,-0.444134,0.116847,-0.304066,-0.225931,-0.314068,0.0539659,0.920546
10.887854814529419,-5.894253112702754,1.3424034245979803,-15.18222341936192,-2.436420464268496,-3.8215208744559463,-0.8118803017979247,-0.363691,0.302308,0.171596,-0.446991,-0.466144,0.700559,-0.303522,-0.299776,0.222818,-0.0895188,0.601879,-0.119458,-0.656253,0.439094,61.37445415455582,7.399175136064771,3.2611326476798945,-3.7426677245343463,-15.328024566670917,-53.97402571318699,17.741951784940806,9.22251229654224,-0.434947,0.114346,-0.304414,-0.231874,-0.322899,0.0577811,0.915769
10.952346801757812,-5.478031264302279,2.24485895592456,-13.646801398830863,-2.37599264725678,-3.720335286916802,-0.7856945930839843,-0.363594,0.302357,0.17159,-0.448522,-0.466739,0.698972,-0.304008,-0.298331,0.222132,-0.0887832,0.599785,-0.122779,-0.656107,0.441256,61.78510917122885,7.685875258409526,3.5908234954413447,-4.408518607691132,-17.082167337013004,-54.497392046551994,18.006922066304213,8.585828113464366,-0.431692,0.112003,-0.304062,-0.232534,-0.325351,0.0636523,0.914343
11.016402006149292,-5.436178812911463,3.9628942871600534,-10.480707966079711,-1.9868160171879443,-3.4085809121602826,-0.6190031393708617,-0.363657,0.302217,0.171426,-0.447883,-0.466778,0.700083,-0.302329,-0.29967,0.220388,-0.0891256,0.604286,-0.126976,-0.652724,0.438939,62.17503766057082,6.979251425846019,3.8674465389053205,-4.036675412938777,-15.526406429566666,-53.5360714478892,17.036698473575104,8.533653347922801,-0.434961,0.111237,-0.303566,-0.232442,-0.321495,0.0624671,0.915811
11.080162763595581,-5.584681854265917,4.631333664028586,-9.112780394811926,-1.8596762970394085,-3.084805882162621,-0.3250186946077341,-0.36392,0.301944,0.171324,-0.450429,-0.466607,0.699353,-0.300495,-0.303032,0.218728,-0.0904093,0.609751,-0.129806,-0.646357,0.439973,62.58357644424668,6.388460851221201,3.8808381653294615,-4.815222355080142,-14.221250161329355,-52.897847215963594,16.83848069552515,8.830073749699732,-0.44245,0.109739,-0.302116,-0.223808,-0.315302,0.0660545,0.919854
11.144008874893188,-5.333947841338729,6.017825068132866,-9.311462263180234,-2.0673574694342376,-2.9877655179952884,-0.12051587776585267,-0.364269,0.30159,0.171192,-0.453715,-0.4642,0.699487,-0.298961,-0.307085,0.21564,-0.0915769,0.616819,-0.1333,-0.638634,0.440355,62.82554700769303,5.640135742097697,3.726258607841749,-4.743799741187413,-12.463261278420134,-52.30022365113874,16.380313774658507,9.410579281776666,-0.452566,0.107185,-0.299646,-0.218984,-0.307968,0.0727159,0.922992
11.223634243011475,-4.603152196994827,6.2760073810007,-12.324933967528036,-2.7111755004269877,-3.2392932734404245,-0.09787674784199485,-0.364711,0.301466,0.171264,-0.456263,-0.463905,0.699457,-0.295593,-0.309264,0.211559,-0.0908799,0.621315,-0.139101,-0.634246,0.438577,63.40738574442001,5.268353106330668,4.1635350997292955,-2.8755229845393124,-12.100787236399874,-52.64352369632556,15.595017184243169,9.932137421670573,-0.457331,0.102841,-0.296811,-0.215847,-0.302778,0.0790988,0.924921
11.287311553955078,-4.680443233171837,4.663207696104499,-14.258116928916234,-2.8852677057602927,-3.5105768202823615,-0.25264006296556485,-0.364722,0.301547,0.171341,-0.455527,-0.46447,0.698968,-0.296996,-0.307165,0.210083,-0.0893932,0.616396,-0.145067,-0.634053,0.443834,64.3298080983176,5.5194161691534696,4.3607818162932235,-3.326542870936702,-13.001239704151953,-52.81490910360564,15.469152667552244,9.519523461154833,-0.45218,0.0978281,-0.295624,-0.218516,-0.307669,0.0871509,0.921952
11.350640296936035,-5.3682594520667894,2.144176154066526,-15.190589371585558,-2.736532182878696,-3.614020201410312,-0.34393119979451175,-0.364444,0.301857,0.1714,-0.451462,-0.465958,0.699453,-0.299719,-0.303022,0.211817,-0.0883211,0.604965,-0.149293,-0.639174,0.450761,65.30662502777655,6.341626718110042,4.423581951380305,-5.567768765116796,-13.925155702962568,-53.363198623615816,16.699194895021126,9.512520523140735,-0.442176,0.0950948,-0.296064,-0.227433,-0.315712,0.0870572,0.917072
11.414882898330688,-6.780560564952946,-0.8251397635865275,-16.214564431508894,-2.6282877181259385,-3.7391400352582735,-0.35095098217729925,-0.363894,0.302319,0.171571,-0.445517,-0.467804,0.699716,-0.305078,-0.29731,0.214158,-0.0867289,0.593642,-0.145179,-0.646518,0.456647,65.27437820949523,7.0899318273729675,3.988271137646418,-5.03022729852794,-15.072885526423871,-54.09183829600631,17.036474101481346,9.537322790139335,-0.429008,0.0925827,-0.296748,-0.240377,-0.325754,0.0876488,0.910176
11.479165315628052,-6.38777776318368,-1.425774530313837,-15.064672576852923,-2.391442976441532,-3.898246661975971,-0.4027690476898685,-0.363314,0.302572,0.171639,-0.443256,-0.467539,0.699531,-0.309172,-0.293178,0.214146,-0.0851977,0.582705,-0.147142,-0.650884,0.463848,65.77056615345296,8.004929635308875,3.810142038935606,-5.525492710710399,-16.318829914674783,-55.391010686802886,18.31115936875758,10.137987609993102,-0.420097,0.089821,-0.296541,-0.243167,-0.333424,0.095837,0.905822
11.543021202087402,-5.818126378688485,0.8533669951767958,-12.850285021358559,-2.2096891165379806,-3.8504988464923002,-0.3459793557063323,-0.363017,0.302583,0.171612,-0.44236,-0.467263,0.700589,-0.308479,-0.291922,0.21304,-0.0844787,0.581052,-0.154216,-0.651955,0.462116,66.38934984286068,8.028299533022265,4.423248230173684,-6.338918836778667,-16.31637137796607,-55.51327324986409,18.673150840076595,10.318227711810577,-0.418069,0.0877432,-0.295703,-0.24159,-0.336206,0.0995732,0.904812
11.607186079025269,-5.564302071221478,3.8687516668803585,-8.864504906897553,-1.821856251423086,-3.3578557328274368,-0.1764052259638177,-0.363187,0.302311,0.171404,-0.445758,-0.467118,0.699857,-0.305451,-0.29502,0.211246,-0.0854224,0.588699,-0.157657,-0.646489,0.458943,66.56978150914216,7.364805713640193,4.814918727587385,-6.667981812526413,-15.583619070400614,-54.72717862537334,18.01369173136932,9.93649495070497,-0.425037,0.0883687,-0.295633,-0.235785,-0.329663,0.0968615,0.909035
11.671218395233154,-5.954759988692169,5.910739562111637,-7.304334321213614,-1.8032717878609075,-3.052677103890566,0.0624495525141005,-0.363619,0.301874,0.171174,-0.44988,-0.465412,0.699703,-0.302351,-0.299718,0.209781,-0.0871507,0.60123,-0.155512,-0.641615,0.450186,65.63135702600631,6.431220192714678,5.008552975850773,-5.653215804187308,-14.227614558360399,-53.83253231343591,17.09427363909614,9.788689341964414,-0.43623,0.0901783,-0.295148,-0.227577,-0.323066,0.0960406,0.913572
11.735618352890015,-5.12172189924327,7.930759179135827,-8.036576254809301,-2.2691452126843905,-2.814338475120704,0.1311269142129267,-0.364269,0.301545,0.171171,-0.453165,-0.464181,0.700065,-0.298473,-0.305077,0.207333,-0.0884087,0.611345,-0.155011,-0.634119,0.447349,65.50171983108993,5.552442891071615,4.788166259633651,-4.097043751870199,-12.249691728374314,-53.171946740838905,16.070784212214264,9.763047732237494,-0.447993,0.0909246,-0.2939,-0.218701,-0.312272,0.0993586,0.919121
11.799465894699097,-4.993703170983298,7.419460191347806,-9.080874229506572,-2.413668813468221,-2.959651163175555,0.0577239481920425,-0.364646,0.301456,0.171147,-0.455458,-0.464514,0.699102,-0.296717,-0.306395,0.205849,-0.0882653,0.612261,-0.163323,-0.630912,0.447674,66.38306892015228,5.421669655736145,5.4706374984016914,-6.086165766031456,-12.428853007762221,-52.91605932286709,16.411131686336486,10.077573830979356,-0.450259,0.0891322,-0.292698,-0.217297,-0.30934,0.100376,0.920334
11.863837242126465,-6.100559665396917,6.162398973108979,-11.018149111078397,-2.5593316073210612,-3.3281576742302814,0.1411973779527661,-0.364515,0.301543,0.171133,-0.453838,-0.465263,0.699015,-0.298227,-0.304624,0.205916,-0.0877787,0.608277,-0.157239,-0.632941,0.452395,66.19134223569148,5.842802399270681,4.754808267897442,-3.7463751113250616,-13.122612849960959,-53.966537001665436,16.330451210097294,9.262158303067132,-0.446281,0.0860722,-0.292071,-0.22346,-0.311358,0.104868,0.917673
11.927748680114746,-7.497307683024211,4.345279019387008,-11.615955165492899,-2.4018273737541858,-3.632402989426132,0.14716176703326309,-0.364233,0.30177,0.171205,-0.451282,-0.466339,0.698498,-0.301616,-0.300675,0.207117,-0.0865793,0.600784,-0.160446,-0.635274,0.457977,66.82001711744897,6.2342608873251715,4.821750488340382,-5.461561608765219,-14.597037317932834,-53.808044797927224,16.375341016325745,9.211754399052735,-0.436864,0.0825595,-0.291771,-0.234049,-0.319361,0.103942,0.912374
11.992748022079468,-7.933978796568976,3.66420342376279,-11.284312179844147,-2.3232150254890214,-3.7178505393109926,0.07406500521241446,-0.363945,0.302127,0.171289,-0.446965,-0.468402,0.698402,-0.305052,-0.296223,0.208244,-0.0850461,0.587899,-0.160316,-0.642016,0.465283,67.41896656641896,7.296431944681903,4.663224922396465,-5.6075746811412195,-15.633509951427488,-55.32928132588187,17.83133143005172,9.49900779035188,-0.426399,0.0799806,-0.29192,-0.239964,-0.327741,0.106918,0.907509
12.057530879974365,-8.691085946805872,3.1592947738235466,-10.613707616913363,-2.2411170542376238,-3.8118061384973174,0.16048105639675084,-0.363617,0.302306,0.171312,-0.444341,-0.469039,0.698257,-0.308222,-0.293146,0.20852,-0.0837915,0.580969,-0.163302,-0.642726,0.471922,68.1281141062745,7.56883525240093,4.508470412703085,-6.447927498085686,-16.24284050410486,-55.133436712024036,17.679916990920113,9.37892038278399,-0.419602,0.0782519,-0.291833,-0.24712,-0.334102,0.109944,0.902895
12.122766733169556,-8.00455831352927,4.8083835202934395,-8.757406674899821,-2.0930899428177754,-3.6041859712614785,0.12904266473076215,-0.363341,0.302349,0.171319,-0.444512,-0.467628,0.699096,-0.308219,-0.292405,0.208133,-0.0835123,0.581549,-0.16461,-0.645291,0.467229,67.76776605694928,7.638143448460392,4.877622907728619,-6.253094503652807,-16.44823466910058,-55.56110777373965,18.135680621236645,9.454831838099242,-0.418023,0.0769973,-0.291557,-0.243275,-0.332308,0.113297,0.904186
12.186830043792725,-7.499545940783049,6.149866270866901,-7.406180768845315,-1.9989546108907272,-3.2173140373934226,0.28543187116836677,-0.363481,0.302001,0.171196,-0.445485,-0.466219,0.700436,-0.305896,-0.295332,0.206247,-0.0847043,0.586378,-0.161775,-0.643153,0.465128,67.40659932680926,7.350181134723021,4.4793938854623665,-4.214272722066045,-14.745152974477364,-56.068432905745766,18.436755781307347,9.735885385878012,-0.425539,0.0761241,-0.29059,-0.238738,-0.327903,0.117185,0.906505
12.251573085784912,-7.014984179555759,7.528723871800872,-7.006249523523917,-2.001683007028894,-3.069045065685921,0.5424690199925126,-0.363777,0.301642,0.170965,-0.45051,-0.465865,0.698996,-0.302348,-0.299762,0.203131,-0.0857146,0.595327,-0.170814,-0.632507,0.465127,68.35603872200282,6.354219144418189,4.988426795460076,-6.012359702648858,-13.66489902148589,-54.59596959076309,17.278528518302675,9.743813171269377,-0.435915,0.0745811,-0.288556,-0.231378,-0.321074,0.119598,0.910534
12.316032886505127,-6.317250176449123,8.977011065779934,-7.751151325056038,-2.2380121582134573,-3.06239585340508,0.6798931448877561,-0.364339,0.3013,0.170877,-0.453765,-0.464874,0.699248,-0.298399,-0.304547,0.199352,-0.0863414,0.604954,-0.178141,-0.621459,0.46485,69.20445707342108,5.169881947793995,5.108559936562178,-5.896790609123002,-11.864706038850606,-53.222516767586235,15.789114712608617,9.213688938513519,-0.446484,0.0722274,-0.286018,-0.22451,-0.305896,0.12449,0.916802
12.380203247070312,-6.358623695606713,8.483048340359739,-9.342351398068297,-2.4995162769154673,-3.1236837496617764,0.725292475544581,-0.364674,0.301204,0.170995,-0.454656,-0.464426,0.699129,-0.298018,-0.306966,0.197519,-0.0864012,0.611856,-0.178626,-0.615986,0.46291,69.06208325925766,4.262538393401727,5.046722238445308,-4.72334343770137,-10.51275765531853,-52.07510306780595,14.38297388671854,8.073975685784363,-0.451704,0.0699779,-0.283896,-0.221316,-0.302795,0.129536,0.917908
12.44441294670105,-7.241456061768,6.903842410692054,-10.214092053428596,-2.51162190806474,-3.172990547065373,0.817097012256545,-0.364667,0.301241,0.170941,-0.454653,-0.465118,0.698605,-0.298173,-0.305954,0.197069,-0.0859908,0.606116,-0.176816,-0.617964,0.468486,69.39691124606296,5.014854609234436,4.697326675155433,-3.8745350432007264,-11.306377035847119,-53.707795032286306,15.749310343921731,8.620206278906316,-0.449033,0.0669728,-0.282928,-0.226086,-0.302283,0.131665,0.91661
12.510066509246826,-8.263569035087905,4.96678392869007,-11.613332422739061,-2.6076113622917703,-3.377698266586366,0.8541565894935951,-0.364578,0.301339,0.170923,-0.453031,-0.466232,0.697973,-0.300373,-0.302993,0.197665,-0.0850019,0.598299,-0.18224,-0.618343,0.475897,70.476513181692,5.44284261435599,4.764611458933281,-6.134578304423741,-12.613640122253603,-53.554326542690454,15.75818108980095,8.638827009530129,-0.44214,0.0635663,-0.282107,-0.236117,-0.309493,0.135088,0.911161
12.57385516166687,-8.496375568980714,2.59877601258084,-12.771115413966857,-2.643140234325745,-3.632004802821116,0.8594681930727235,-0.36426,0.301623,0.171101,-0.450803,-0.46667,0.698153,-0.302618,-0.298876,0.197954,-0.0832958,0.586168,-0.180946,-0.625723,0.481805,70.78101234843939,6.80094922356102,4.5612556637530375,-5.270053455365122,-14.364356954989093,-56.05321820114849,18.047341201209445,8.892365088331172,-0.432753,0.0591698,-0.281055,-0.240001,-0.318771,0.143386,0.905663
12.638729333877563,-8.478125515901262,1.2994225001647346,-14.007649495411053,-2.786818559765503,-3.9081942652945423,0.964527663604289,-0.363832,0.301842,0.171155,-0.447407,-0.467431,0.698221,-0.306304,-0.29524,0.197168,-0.0815882,0.579461,-0.18709,-0.625766,0.487482,71.71101649614359,6.8188255282758385,4.667067301380081,-6.082372439330793,-14.593299731726368,-55.70459518912786,17.710288136990968,8.511407205940712,-0.424918,0.0547118,-0.279376,-0.251098,-0.324418,0.14981,0.899589
12.703402519226074,-7.626454085516313,2.198748065947906,-12.798084149340557,-2.5905243792378823,-3.9200332453009294,0.9379046770691793,-0.363658,0.301864,0.171207,-0.446975,-0.467452,0.698446,-0.306391,-0.29409,0.195878,-0.0804262,0.576512,-0.197328,-0.624601,0.488435,72.799110933983,6.740859065172327,5.374630604696343,-8.161658328545347,-14.644963774066177,-55.2487491677199,17.662616304103544,8.69533004215824,-0.422997,0.0524084,-0.277888,-0.253954,-0.32833,0.153448,0.89675
12.768081665039062,-7.430624830785705,4.587827776163709,-10.444686239177875,-2.4004712911764656,-3.403959475991644,1.0738327879552245,-0.363765,0.301654,0.170999,-0.449438,-0.466282,0.69858,-0.304259,-0.296432,0.194354,-0.0811317,0.581384,-0.19685,-0.621311,0.487047,72.6546907557869,6.470843767133064,5.246595374029264,-7.193102614507676,-14.165047232510002,-55.34659235560213,17.532239310827798,8.549874620224122,-0.427947,0.0522245,-0.27758,-0.238989,-0.320774,0.15988,0.902456
12.833329200744629,-7.949725306527553,6.277798827615338,-10.470001377065184,-2.603626737346152,-3.1268331286146083,1.3847619725634561,-0.363948,0.301388,0.170966,-0.452051,-0.464181,0.699397,-0.301712,-0.300635,0.192711,-0.0825677,0.591152,-0.194411,-0.614767,0.484567,72.21233532536948,5.650049930577689,4.749217555965346,-5.739516757724974,-12.463542965551335,-54.61630223132159,16.67073096120242,8.632062682423625,-0.437902,0.0528386,-0.27684,-0.235315,-0.30963,0.153799,0.908351
12.898017406463623,-7.7528088273615,7.645848627002159,-11.292334308098338,-2.8993363902274747,-2.990490454823879,1.6673298644076788,-0.364395,0.301014,0.170826,-0.456529,-0.463175,0.699536,-0.296139,-0.306438,0.188472,-0.0832597,0.60483,-0.200603,-0.603841,0.478869,72.5884827284654,4.233890042457521,5.1600838096305655,-4.636422366207601,-10.593553380108226,-53.43072115403457,15.280781662922521,8.11463828471216,-0.450816,0.0510657,-0.274159,-0.219055,-0.293339,0.160001,0.916715
12.964033365249634,-7.862016527037945,8.175684074721094,-15.539141350699992,-3.7662802956439845,-2.8278795983094724,2.194821084708556,-0.365272,0.300809,0.170969,-0.460375,-0.4622,0.699363,-0.292093,-0.311054,0.185652,-0.0828751,0.604996,-0.206469,-0.597415,0.484197,73.79761871697308,4.393770604249173,5.06047226212563,-5.118695842058148,-9.463743903798653,-53.976477690390844,16.438889355202114,8.726522831661969,-0.456065,0.0448173,-0.270748,-0.201818,-0.268267,0.169864,0.926525
13.032209634780884,-8.275968140861972,4.430732538181429,-18.411643866983685,-4.067034412047758,-3.6675480811093886,2.014549104355277,-0.365414,0.300843,0.171145,-0.460486,-0.461464,0.699218,-0.293424,-0.310546,0.183758,-0.0817761,0.602837,-0.209764,-0.59261,0.491326,74.59628009656872,4.300831719794921,4.613351593639218,-4.8748111776890894,-9.788353202196351,-53.898131535728005,16.19525373659222,8.501678017944313,-0.458926,0.0413603,-0.266025,-0.236753,-0.291477,0.176893,0.909779
13.09748363494873,-10.037719268312301,1.2423562976105837,-19.784364216288058,-4.046609945097069,-4.235056200299011,2.313527364661329,-0.364944,0.301079,0.171069,-0.456927,-0.464301,0.697793,-0.297872,-0.305401,0.182823,-0.0799244,0.591105,-0.215104,-0.593731,0.501804,75.92178065499894,4.801618257012665,4.644553319357279,-5.79656890496841,-11.02178924690429,-54.690803932465286,16.92873616656786,8.904763103265745,-0.449027,0.0343056,-0.262837,-0.249492,-0.300866,0.185042,0.901661
13.16223430633545,-12.792251446292823,-2.207866307865747,-20.18931957519893,-3.9462161541771406,-4.414274235037932,2.7586110573158287,-0.364735,0.301345,0.171128,-0.452901,-0.466031,0.697893,-0.301067,-0.300428,0.183092,-0.078265,0.578225,-0.218648,-0.599007,0.508959,76.87250742147624,5.733739041787247,4.730172205166836,-6.592738542773237,-12.422067353042424,-56.257664106229754,18.636275049717316,9.376823218007099,-0.436039,0.0276433,-0.26087,-0.248498,-0.300431,0.194725,0.90004
13.24052095413208,-13.26786928031633,-4.355361331681582,-19.323014054316978,-3.5882673915306356,-4.492453314298348,2.815393435893913,-0.364037,0.30172,0.171211,-0.448905,-0.466884,0.697488,-0.306617,-0.294628,0.183408,-0.0755668,0.570397,-0.234534,-0.592605,0.518132,78.95668438877769,5.073270770364497,5.071761718238928,-10.914806997245954,-13.814963983666313,-52.859972318514835,15.10032034579839,6.329561312369587,-0.422791,0.0220628,-0.258431,-0.262375,-0.312064,0.195292,0.891984
13.306097030639648,-13.193435224775417,-2.5782145475237064,-16.5973453049032,-3.256769449463449,-4.08620980035165,2.762899114664864,-0.363827,0.301817,0.171079,-0.446845,-0.467384,0.698163,-0.307327,-0.293147,0.183144,-0.074984,0.565469,-0.236451,-0.595129,0.519767,79.34965328382364,5.419882588748392,5.161858853761249,-10.922123740286317,-13.563525070749058,-53.64180035624829,16.087472027905758,7.041349924325897,-0.419149,0.0194961,-0.257933,-0.256913,-0.309176,0.205131,0.892372
13.370383501052856,-12.596518482436164,0.026798395705912314,-14.13693827135253,-2.9237963971313627,-3.655077930171318,2.712318556069376,-0.363903,0.301556,0.170963,-0.44963,-0.465923,0.698093,-0.305638,-0.295393,0.181729,-0.075754,0.57098,-0.23995,-0.590533,0.517375,79.43394452021559,4.890208267788261,5.372043648610455,-11.774341693550891,-13.200897636866866,-52.934707421413854,15.489059431085344,7.004108801736749,-0.425337,0.0194347,-0.25687,-0.262662,-0.309466,0.20209,0.89129
13.435000896453857,-12.560306140637143,2.4947138674372646,-15.009459567802207,-3.3456570976907747,-3.572112485211023,2.986729615860123,-0.36416,0.301148,0.170836,-0.452997,-0.464502,0.698972,-0.300781,-0.30071,0.177977,-0.0770905,0.576436,-0.231456,-0.590076,0.515713,78.69288398730487,5.237955360603794,4.7253745754469545,-7.192594014822127,-11.018582489690747,-56.34052527891228,19.242963143938322,10.186694399658581,-0.439773,0.0182357,-0.253648,-0.261266,-0.302819,0.208927,0.892407
13.499033451080322,-11.890814202289922,4.343900484674168,-16.090291169691973,-3.5433146235932633,-3.5344259591657665,3.242787915435721,-0.364474,0.300703,0.170784,-0.457751,-0.463414,0.698277,-0.296852,-0.305484,0.174806,-0.0769201,0.583604,-0.238116,-0.576324,0.520151,79.88856038395575,4.338546727975137,4.4572594964384145,-7.705335337350558,-10.076653932186046,-54.60904545471258,17.555401721825216,9.222873213031205,-0.448418,0.0143041,-0.24938,-0.253058,-0.295511,0.213221,0.896198
13.563764095306396,-12.672118953265851,3.6311409496151668,-17.332604764166526,-3.736056569132965,-3.4480240836349485,3.508697440044666,-0.365107,0.300639,0.170844,-0.459769,-0.461988,0.699387,-0.293321,-0.30827,0.173487,-0.0768735,0.584932,-0.237279,-0.571782,0.524041,80.36824281268964,4.5223706475498835,3.8230152079266957,-6.349536763216992,-9.979584080373783,-55.40559902195935,18.742293277173925,9.672026109286731,-0.452709,0.0106673,-0.246325,-0.257029,-0.282894,0.218547,0.897855
13.627530336380005,-15.116441349652227,3.0893556464978356,-17.711262310167964,-3.9065861164469617,-3.4251741850185464,3.857042749490093,-0.365081,0.300685,0.170798,-0.458673,-0.462665,0.699039,-0.294795,-0.307069,0.172507,-0.0763453,0.579858,-0.242369,-0.570939,0.528252,81.19774827846975,4.661136796694449,3.9807466630137305,-7.737504193630656,-9.879196319256364,-55.76579404047057,19.299999197569118,10.24018320933724,-0.450214,0.00586117,-0.243221,-0.263355,-0.282265,0.221563,0.895478
13.691957235336304,-17.484119312022173,1.6089638860384976,-17.204331638572814,-3.921992084695718,-3.624763308750663,4.09820157049345,-0.365123,0.300858,0.170716,-0.453911,-0.463781,0.699126,-0.300157,-0.303135,0.171554,-0.074741,0.57439,-0.2463,-0.572702,0.530495,81.5369643909639,4.422718630741169,4.099794799239848,-7.496422591729299,-9.763519717109329,-55.543567490545506,19.07012884803394,9.981549115413781,-0.441388,-6.97859e-05,-0.240312,-0.265845,-0.285999,0.226258,0.892378
13.75689435005188,-18.499845276822473,-2.1837391535817274,-20.080603316455495,-4.661090886258452,-3.7843228072686648,4.5202368253015015,-0.364587,0.301201,0.170801,-0.450979,-0.465949,0.697281,-0.305464,-0.297164,0.170417,-0.0710067,0.556264,-0.256624,-0.568798,0.548802,84.02471422186908,5.251940560818381,3.8397263575448912,-9.691151243635574,-11.671983633270951,-55.70522095391436,19.147803139573476,9.158310567366035,-0.428888,-0.00764528,-0.235818,-0.268086,-0.297615,0.257212,0.87943
13.820982694625854,-18.66431563462916,-3.461958701389767,-21.66166178488874,-5.098696153085837,-3.9533528847421318,4.738843752325168,-0.364335,0.30141,0.170909,-0.447576,-0.466766,0.697896,-0.307808,-0.293992,0.169285,-0.0687339,0.549284,-0.265776,-0.567257,0.553055,85.32230932007326,5.155398113784313,4.094933624801418,-10.707496975952516,-11.760212550564264,-55.3238697969686,18.85709440893911,8.849796725125193,-0.422108,-0.0126737,-0.231771,-0.266537,-0.304037,0.270086,0.873826
13.8843674659729,-19.135963070838567,-2.692357272066089,-19.722165496858008,-4.701091313053236,-3.834413336531494,4.877267612512267,-0.364284,0.301418,0.170888,-0.446703,-0.466061,0.698453,-0.308879,-0.293065,0.167933,-0.0672597,0.546259,-0.271455,-0.565448,0.555141,86.00269461480468,5.102161324561874,4.208198843653512,-10.99856111373414,-11.602389600895465,-55.07860260295129,18.677481913378344,8.789532192766693,-0.419435,-0.0160454,-0.229417,-0.266903,-0.307195,0.270129,0.872596
13.948309183120728,-19.216821908702507,-1.7989512540656152,-18.64304668036603,-4.295975730729551,-3.6137324289675186,4.825974876997957,-0.364112,0.301197,0.17079,-0.448176,-0.465441,0.698758,-0.306985,-0.295195,0.166004,-0.0681006,0.55552,-0.269658,-0.567671,0.544456,84.87583836894416,4.4541047080574465,4.789634060201882,-9.072948080801893,-10.336718692219467,-55.75091772269177,19.116966970414556,9.845920959290977,-0.425745,-0.0179552,-0.226248,-0.266852,-0.302729,0.267751,0.874903
14.012104034423828,-18.913265461122016,0.5558417065421403,-19.73127352754498,-4.536382806678681,-3.142683532096604,5.174443940355052,-0.364081,0.300741,0.170656,-0.455078,-0.463254,0.698422,-0.300843,-0.300186,0.164024,-0.0693861,0.561747,-0.267203,-0.559165,0.548067,85.16917396547485,4.598954737743099,4.1605576896690115,-8.32981214865594,-10.648020052961074,-56.56593543643918,19.644604957126667,10.347025581125054,-0.435898,-0.0197279,-0.224225,-0.271513,-0.280397,0.275217,0.878586
14.076624393463135,-19.679502868338442,2.3932695696622637,-21.423775524330146,-4.927455449970053,-2.8977740864106996,5.470621445666848,-0.364755,0.300332,0.170606,-0.459412,-0.461738,0.698421,-0.296558,-0.305946,0.162014,-0.0703928,0.566446,-0.266661,-0.55061,0.552141,85.68377451669976,4.481792679087342,3.535438073785705,-8.177968549226346,-9.189255349637987,-56.64995814960243,20.24819243020523,10.652478495761642,-0.445313,-0.0221853,-0.221063,-0.268013,-0.268796,0.271467,0.884434
14.142538070678711,-20.150687405265415,0.8717128578445941,-23.53036497546832,-5.4647253267635705,-3.161220282386664,5.44508786760049,-0.36526,0.3004,0.170713,-0.460043,-0.462331,0.6979,-0.295883,-0.307146,0.161431,-0.0701384,0.567604,-0.266232,-0.545376,0.556337,86.13429955779985,4.2440140643822994,3.065767836892732,-7.640322379572321,-9.232500800550564,-56.305288706494174,19.664724364823027,10.071583725360194,-0.446193,-0.0247274,-0.218268,-0.272625,-0.265182,0.271089,0.884231
14.226577281951904,-20.676174420498793,-4.738922212081831,-22.70264358626654,-5.2202009968904965,-3.7854563687348453,4.97104274165117,-0.365092,0.300979,0.170764,-0.450539,-0.465772,0.697881,-0.305014,-0.298912,0.162493,-0.0674215,0.554096,-0.273617,-0.55617,0.555686,86.47658475174701,4.338660753220833,4.025514980496702,-8.920147993499356,-9.23650563920624,-56.15978173180228,19.787502800282283,10.263147335904074,-0.431198,-0.0275774,-0.216949,-0.274306,-0.291848,0.280659,0.872245
14.29090404510498,-21.646688896567472,-8.212818479849945,-23.49485514639019,-5.3348885478890296,-4.058169142462225,4.951784750140074,-0.364487,0.301489,0.170835,-0.446812,-0.467936,0.696815,-0.309587,-0.292742,0.164528,-0.0659264,0.546303,-0.272536,-0.561021,0.559046,86.51208670980367,4.736390978840484,4.048361710620661,-8.768001213537136,-11.635220282719313,-56.38552898260599,19.196872673302398,9.683196974356974,-0.418887,-0.0273446,-0.219004,-0.284124,-0.299555,0.293365,0.862251
14.355966329574585,-20.01908674892878,-8.549699992674505,-21.482679500046686,-4.844502203152025,-4.413323504892468,4.41156789293069,-0.364438,0.30193,0.171132,-0.442788,-0.469535,0.696654,-0.313288,-0.288712,0.167629,-0.0649561,0.535717,-0.272726,-0.564458,0.565699,87.07580705352383,5.428615396595207,3.8075631455965424,-10.465550604308739,-12.790509821353439,-56.02235511203072,19.05513488169898,8.73589488327671,-0.409498,-0.0234693,-0.223242,-0.291728,-0.31041,0.287498,0.857838
14.419825792312622,-21.547494505768736,-5.159859652146425,-19.891144523865563,-4.353527930402568,-4.493826974251192,4.28321688173974,-0.364373,0.30198,0.171063,-0.442011,-0.469659,0.69718,-0.31303,-0.288483,0.170951,-0.0670638,0.537974,-0.266612,-0.572203,0.558647,85.83148953160298,5.652197793807522,4.087559932771172,-11.165618023069172,-12.996013844792353,-55.94834964400785,19.320051142778023,8.633431137025402,-0.407721,-0.0189381,-0.228632,-0.283857,-0.308094,0.274065,0.865674
14.483894348144531,-21.274847082566005,-4.373593897161188,-17.566361240309476,-3.48140180012535,-4.862527273133277,3.8894737155074397,-0.364425,0.301952,0.171042,-0.44345,-0.470203,0.696084,-0.312616,-0.289922,0.17506,-0.0706978,0.546559,-0.254668,-0.579413,0.54836,83.63448781970064,5.520772171278314,4.289777264778504,-11.582673894824207,-13.228015708969362,-55.4738140817742,18.636374421773635,8.471638338691271,-0.412085,-0.0093554,-0.236303,-0.298007,-0.311386,0.247214,0.867823
14.54769515991211,-20.27291067820584,-1.794282861110749,-15.915506819621292,-3.2019184177314406,-4.779961523194488,3.372546872992738,-0.364367,0.301879,0.170991,-0.44442,-0.470017,0.696041,-0.311611,-0.291259,0.180665,-0.0745155,0.551042,-0.231119,-0.588089,0.545058,80.99607569809245,6.424691784783084,3.0699383262790616,-9.064799378948049,-14.183141300871378,-56.70228710810557,19.442279244599142,8.837098843151958,-0.41331,0.00196083,-0.246503,-0.276427,-0.31031,0.235041,0.878664
14.61193299293518,-19.07734887452772,-1.4825577816805984,-15.025674858602336,-2.9366401025934814,-4.720855793304505,2.8958744805494683,-0.364351,0.301866,0.171047,-0.443876,-0.469582,0.696617,-0.311755,-0.292313,0.18585,-0.0772713,0.559573,-0.228464,-0.590258,0.535049,79.78392481661994,5.596345442420812,3.443835003218903,-12.456273574310313,-13.680363728392543,-53.224362266135195,15.90946521957303,7.761285400878657,-0.415277,0.0145929,-0.256026,-0.281734,-0.311771,0.208818,0.883074
14.676599264144897,-17.44721818115829,0.4091605232076188,-11.768794805340425,-2.10672451083702,-4.917488561669086,2.307289545976752,-0.364146,0.301844,0.170937,-0.443903,-0.469469,0.696445,-0.31227,-0.291795,0.19094,-0.0788406,0.564793,-0.211184,-0.604509,0.520557,76.6925943189103,6.116876518198654,3.683320779604095,-10.194337350160126,-14.58838033938606,-53.83950068889726,16.027668494781754,7.5198239475804955,-0.414672,0.027817,-0.265169,-0.278127,-0.318893,0.181323,0.887736
14.741426706314087,-16.946561237444907,1.1326393544386366,-10.349371479384954,-1.851049770625166,-4.961331486157175,1.9819845166133303,-0.363981,0.301978,0.170987,-0.443783,-0.468389,0.697489,-0.311731,-0.291552,0.196509,-0.0805869,0.566586,-0.192553,-0.618888,0.508804,73.81576499818404,7.1465072166208925,3.44779825384436,-7.98334420770739,-15.617776914247823,-55.483888014309606,17.45684634553208,8.131818001268414,-0.414189,0.0416605,-0.273714,-0.272856,-0.327531,0.160377,0.890254
14.806054830551147,-16.11851784921287,2.6311414584200175,-7.486683409894481,-1.4501664860716272,-4.870147371208767,1.7212429016355049,-0.363798,0.301988,0.170933,-0.443778,-0.468308,0.697476,-0.311892,-0.290904,0.20158,-0.0818937,0.56884,-0.176556,-0.634994,0.491968,70.77474305500719,7.99613200639071,3.968877880226979,-6.404781147625215,-16.603636473284148,-56.98439844016365,19.034437497972974,9.072001041516742,-0.41286,0.0556284,-0.282211,-0.26354,-0.32865,0.139645,0.896123
14.872732877731323,-14.586072638763047,3.8721837985436895,-6.093857277375611,-1.2922560360606585,-4.7285741979901195,1.2018072568554974,-0.363633,0.301975,0.170965,-0.44341,-0.468202,0.697834,-0.311772,-0.290768,0.205759,-0.0824272,0.574327,-0.170258,-0.640828,0.480105,69.1621699910868,7.773903197251348,4.440006169599216,-6.954291963497891,-16.833240560723308,-55.39384487851984,17.76771241723144,9.009526826539982,-0.41329,0.0687565,-0.288976,-0.25299,-0.33677,0.130826,0.897478
14.937390089035034,-13.359396937876278,3.7891872681746532,-5.578933520267559,-1.2350788518563187,-4.689335935767457,0.7953730609086606,-0.363406,0.302091,0.171053,-0.442144,-0.468023,0.698645,-0.312024,-0.290961,0.211928,-0.0838689,0.577298,-0.152512,-0.656026,0.461624,65.920933646699,8.418568853445562,4.739496951679865,-5.691287609916056,-16.568737579274334,-56.12914244993626,19.29562901669621,10.708532538838533,-0.414933,0.0865983,-0.296614,-0.244682,-0.348062,0.0996284,0.899477
15.00292444229126,-12.009439244169165,5.200841497684171,-2.5033477377854827,-0.8284442076667069,-4.51187014934566,0.39282765771394856,-0.363131,0.302084,0.171024,-0.443133,-0.468076,0.6988,-0.310188,-0.29124,0.216418,-0.0845616,0.584925,-0.143409,-0.663435,0.444016,63.71396664104098,8.325963171624595,5.48432987096935,-5.566185856539082,-17.33319284718025,-55.34262442836039,19.11968397824048,9.361080057414766,-0.416083,0.101473,-0.30243,-0.230614,-0.350936,0.079842,0.904039
15.06716275215149,-10.950344293016894,5.629635434696158,0.8390629824427509,-0.36221554535781075,-4.170903820058111,-0.023475849673217655,-0.363043,0.302057,0.170973,-0.443757,-0.467494,0.698978,-0.309772,-0.292279,0.222705,-0.0856936,0.591493,-0.124481,-0.673849,0.424933,60.332032354175425,8.595460423483985,5.574611155956094,-4.143653321745848,-17.65328804595456,-55.07228101245831,19.393507838120488,8.915373521824574,-0.419027,0.120653,-0.308818,-0.219189,-0.356026,0.0521816,0.906906
15.132014274597168,-9.713016762670586,5.22607002832071,2.1178331727423902,-0.11709296701575808,-3.883530802957241,-0.37670031761129136,-0.362848,0.302092,0.171082,-0.443796,-0.467818,0.699442,-0.308176,-0.293251,0.22879,-0.086688,0.597284,-0.1082,-0.681353,0.409026,57.67531127583859,8.71930944314612,5.560325724369428,-3.2558468299083785,-17.914239272104915,-54.68145042238969,19.546429336494032,8.571111819843898,-0.421769,0.139049,-0.313919,-0.211629,-0.355736,0.0267843,0.909916
15.216583490371704,-9.312348791310773,3.8825102466802317,4.082652154567641,0.353681546148124,-3.5981912584054947,-0.7266238600379089,-0.362658,0.30211,0.171168,-0.443603,-0.467176,0.699702,-0.308838,-0.294606,0.237933,-0.0875884,0.605976,-0.0844459,-0.692738,0.381807,53.197987296915514,8.702778641214758,5.854577797510119,-2.988004954069904,-17.574518847968932,-53.464530395407046,20.58224870310218,8.383764330399922,-0.42615,0.165471,-0.319166,-0.195891,-0.362583,-0.00744513,0.911101
15.281480550765991,-8.432531763687457,3.1485998659546834,5.800627640285252,0.6581091004780515,-3.194030456617579,-1.1036241852650537,-0.362391,0.302127,0.171224,-0.443604,-0.465659,0.700819,-0.308592,-0.295579,0.245098,-0.0878824,0.612178,-0.0654373,-0.699434,0.36297,49.88777507258035,8.649790086280198,5.634441699784242,-2.3977361068390266,-17.541205726544092,-52.39663226897694,21.07715734715195,6.96214623510132,-0.429435,0.186577,-0.322085,-0.185783,-0.364037,-0.0344892,0.912016
15.346049785614014,-7.321497694295399,1.7061830490247702,5.7704116299193675,0.7257444659374663,-2.855072888120165,-1.4183954623952446,-0.362125,0.302276,0.171241,-0.444069,-0.466214,0.700672,-0.307417,-0.296995,0.253187,-0.0878725,0.616561,-0.0432869,-0.705238,0.347301,46.74991848394382,8.823073482202648,5.106721296461168,-1.525437585343326,-17.98498654025932,-51.58911774268528,20.74071030868577,5.969684744688766,-0.432809,0.208569,-0.323948,-0.173291,-0.362122,-0.0639483,0.913646
15.41078495979309,-6.420502107976864,0.7337345115753461,9.16485930541151,1.3869735299610821,-2.4184403793219147,-1.6590049830337468,-0.36192,0.302251,0.171322,-0.443792,-0.465169,0.701581,-0.307328,-0.297489,0.257775,-0.0872935,0.622437,-0.0351645,-0.710624,0.326112,44.33069386574394,8.591753116747894,6.022335466598864,-2.653050778900127,-17.338125492227626,-50.373884689173806,20.998364070992476,6.0599154923190275,-0.435835,0.225361,-0.324178,-0.168001,-0.364768,-0.0852657,0.911839
15.476029396057129,-5.5729877387060665,0.020174188695283136,9.926085779346373,1.4917080430568546,-2.0949877783271296,-1.8095948343641495,-0.361903,0.302276,0.171369,-0.444917,-0.464881,0.701284,-0.306815,-0.298861,0.263194,-0.0870432,0.627165,-0.0207113,-0.714129,0.310249,41.774828758792374,8.573180379343249,6.073423772170272,-2.688152211254385,-17.547515434097193,-49.86882325143297,21.625708175291177,6.781542942943498,-0.439605,0.241696,-0.323607,-0.156832,-0.365459,-0.104564,0.911542
15.541179656982422,-4.929513714391808,-0.5287245493918296,9.899024954236324,1.3967064721826743,-2.056537868746989,-1.958215808048908,-0.361767,0.302329,0.171355,-0.446,-0.464774,0.701495,-0.304916,-0.299735,0.26681,-0.0864535,0.630203,-0.00481625,-0.718464,0.29433,39.230427761680176,8.803156817940561,5.9122433303036495,0.09804107771960524,-18.049315466171844,-50.19468019548042,21.569179254897612,6.238928666305679,-0.44245,0.256241,-0.322494,-0.140201,-0.362851,-0.120962,0.913264
15.606695175170898,-1.6029653534206714,0.1803831295493923,8.957031980316188,1.1128294208924379,-2.1327357224807613,-2.2750549878353823,-0.361451,0.302282,0.171511,-0.446891,-0.464918,0.702451,-0.301169,-0.299435,0.268208,-0.0853945,0.637261,-0.00641485,-0.723445,0.265491,37.48692447585963,8.819153483153094,8.172944450667883,-0.7083636810586782,-18.19655789824332,-49.912894050001974,21.766542748091574,6.860600689398072,-0.44396,0.270875,-0.320507,-0.123809,-0.365337,-0.13412,0.912805
15.673402547836304,-2.397463097094197,-0.3932199939215295,9.61764300983104,1.1739250467437878,-2.4024690103499426,-2.075658741599972,-0.361451,0.302272,0.171471,-0.447416,-0.46442,0.702792,-0.300362,-0.299861,0.269362,-0.0847179,0.641427,0.00143024,-0.724529,0.252244,35.79417520376709,8.633652108181057,8.468568570369325,1.2261152482000384,-18.14642638519676,-49.24312539477668,20.868520565037816,5.877500052146362,-0.445652,0.283209,-0.31858,-0.10349,-0.366278,-0.145879,0.913154
15.739651679992676,0.37894251271171686,-0.19267228115492666,9.926812354438573,0.9781720964114237,-2.464345508088056,-2.2060878553097636,-0.361081,0.302235,0.171684,-0.44887,-0.462858,0.70381,-0.29821,-0.300214,0.270299,-0.0838927,0.65329,-0.00313294,-0.724989,0.218159,33.65080510978277,7.991574898635219,11.312600223237474,-1.0579266325778427,-17.483454707674852,-47.63584331934876,20.709167531481597,7.262899987059279,-0.447965,0.300588,-0.314807,-0.0732356,-0.364143,-0.160142,0.914544
15.804652452468872,2.1299263134670903,-0.2335305458843089,12.627668265651403,0.8766390872589063,-2.41416140259319,-2.2015041454205377,-0.361144,0.302211,0.171767,-0.451198,-0.461973,0.703694,-0.29634,-0.302254,0.271693,-0.0840312,0.663242,0.00595912,-0.722024,0.196866,31.208994653310956,7.3367660278846225,12.088027603060322,0.6569805336727419,-17.131456314650265,-46.582988374835296,19.64830276228682,6.826443141752858,-0.452544,0.31672,-0.31049,-0.0458882,-0.358581,-0.176645,0.915484
15.870880365371704,3.590055516940947,-1.1598428219632195,14.002093580647939,0.8326189087921065,-2.17966905910665,-2.159303540049582,-0.361219,0.3022,0.171797,-0.452701,-0.461415,0.703923,-0.294364,-0.304326,0.273111,-0.0846537,0.677263,0.0105876,-0.71691,0.165055,28.41833790189483,6.2466771905911855,14.153594703727036,0.7689824663149398,-16.359897349769255,-44.9084762242917,18.920011754805863,5.76497131755515,-0.457991,0.331325,-0.305652,-0.0227081,-0.352488,-0.18819,0.916418
15.93617868423462,5.281731244955006,-1.2131378761765557,14.17460055153061,0.4968626097292973,-2.0189845290840536,-2.0431037303464805,-0.361486,0.302191,0.171948,-0.454662,-0.461119,0.704016,-0.291569,-0.307742,0.274626,-0.085846,0.687464,0.0158755,-0.711481,0.144693,26.496806995406224,5.467544765413142,15.215416579309743,1.1560885845306452,-15.146654279377714,-44.16650399100247,18.817888493781993,5.8910623032288685,-0.466189,0.347683,-0.299182,0.00838739,-0.341116,-0.200811,0.918283
16.00139284133911,8.771941941398321,-1.1069941198430828,11.566309920604324,0.04789385636798225,-1.5836945664700897,-2.2769481812219534,-0.361928,0.302072,0.172016,-0.457471,-0.461057,0.703393,-0.288763,-0.312194,0.2748,-0.0877914,0.702,0.017526,-0.70014,0.129202,25.177438639713625,3.968437973985329,16.321651432385035,1.1987994159852107,-13.948928080435747,-42.23775845791979,17.795580839201982,5.082689604430865,-0.4733,0.357649,-0.294269,0.0287801,-0.32841,-0.210108,0.92042
16.06669783592224,12.50860410327487,-2.0530886957425616,9.956723438566028,0.048451527551594015,-1.3294006914254712,-2.8397326151347713,-0.362397,0.301945,0.172046,-0.459429,-0.460128,0.703891,-0.285911,-0.317096,0.275909,-0.0901356,0.715024,0.0233992,-0.689879,0.110726,23.272383410496207,2.556436893864968,17.222547264586613,2.1194790632242904,-12.04284291342694,-41.045855622463094,17.1628015538169,5.57695385521116,-0.484034,0.366889,-0.288294,0.0440638,-0.311256,-0.219593,0.923557
16.132250547409058,14.297227750158365,-3.1774479211762183,11.985501248496643,0.4118777660404471,-1.4123331270065744,-3.0574001272335964,-0.363173,0.301771,0.171975,-0.462898,-0.460719,0.702179,-0.283563,-0.322263,0.278863,-0.0917708,0.723035,0.0299,-0.682239,0.104287,22.214388854113288,1.8624968464680987,17.240355930243073,1.0214882225020685,-11.191065159296489,-40.89799741169433,18.16420796126778,5.889889441839282,-0.494126,0.375741,-0.282193,0.0547718,-0.297223,-0.229847,0.92511
16.212331771850586,13.243180105603816,-3.37769451333726,9.815425791513613,0.5243684838269785,-1.317183891451616,-2.7588698002534193,-0.364416,0.302006,0.172383,-0.467408,-0.462434,0.700012,-0.278688,-0.329369,0.287244,-0.0908242,0.733576,0.0526939,-0.670927,0.0945847,19.772285318283124,0.817297819945838,16.202352421439905,0.9402519993560041,-11.092075008618227,-38.40898080335226,17.403296284705732,4.556728466995712,-0.507,0.391232,-0.271793,0.0594894,-0.280975,-0.253369,0.923752
16.278977394104004,8.939107327875352,-2.853849294919916,7.291290348217542,0.5140426104875233,-1.7150715241217471,-2.310900487496064,-0.365409,0.302238,0.172671,-0.468635,-0.463405,0.699964,-0.275114,-0.333641,0.29605,-0.0885457,0.741646,0.063359,-0.663552,0.0751396,17.603824351954696,0.0785330985392667,16.923124941612176,-3.520200311018767,-10.918618935475536,-35.95853202164672,17.949857819829788,7.649664427239667,-0.516941,0.40257,-0.263107,0.0555629,-0.268942,-0.27514,0.921347
16.343223571777344,11.05999569272791,-2.392561969015626,9.198850170953985,0.7200493516600239,-1.8646292408169045,-2.6120442439288625,-0.366109,0.302251,0.172744,-0.469328,-0.464035,0.700166,-0.272341,-0.337551,0.300286,-0.0872486,0.737419,0.0855417,-0.666165,0.0715543,15.799148527265837,0.5544412128132108,15.154989577083699,0.4756322995711235,-8.87513637943116,-36.857927858116696,17.80652725816414,6.915431773410548,-0.523526,0.408758,-0.25761,0.0513548,-0.260457,-0.287812,0.920157
16.408100843429565,8.339895858245972,-3.962633381380592,11.544610246178946,1.266075400880211,-2.5216182565820167,-2.829520277782471,-0.367113,0.302312,0.173046,-0.474429,-0.464517,0.696572,-0.271897,-0.341542,0.304903,-0.0855589,0.735655,0.100504,-0.666445,0.0675394,14.036216827650673,1.2327597236419445,14.085376385797149,0.4711227461474685,-9.128395435812276,-38.45325420528399,19.506567071366277,8.624007888578038,-0.53098,0.412555,-0.252702,0.0454118,-0.254985,-0.299631,0.918228
16.472607612609863,7.866013058664803,-7.817795267032727,14.324393363073899,2.155592432422673,-2.9060502828954076,-3.434014291860998,-0.367463,0.302341,0.172948,-0.473382,-0.464987,0.698022,-0.269186,-0.343621,0.307878,-0.0843643,0.737363,0.107323,-0.663459,0.0678219,13.849025853319931,0.6561953380971253,13.475124804447097,0.2138601674763514,-8.156621063684293,-36.41211128145753,18.030822180281053,8.613664634440962,-0.534611,0.416609,-0.249033,0.0448459,-0.251626,-0.309857,0.915785
16.537405490875244,8.072163107181414,-8.293535340991056,12.633213687321716,2.3288613332358583,-2.5091137745505345,-3.552576305644597,-0.367276,0.30254,0.173211,-0.474335,-0.464937,0.697112,-0.269951,-0.344719,0.31362,-0.0813824,0.733075,0.12473,-0.664974,0.0696589,12.470764278718741,0.868305612077494,11.823528485003854,-0.03591661615180719,-8.156815781399315,-36.223552380819086,18.134641463848123,9.791337482939154,-0.536932,0.423612,-0.243554,0.0395606,-0.250233,-0.326488,0.910617
16.60273838043213,6.5400688067458015,-7.547275423399674,9.492335001994338,2.2272755610419384,-1.9938240893539698,-3.269641427408568,-0.366822,0.302756,0.173386,-0.472502,-0.464919,0.698239,-0.270286,-0.345482,0.320187,-0.0778001,0.724913,0.144614,-0.669074,0.0769939,11.536591992320606,1.0591808771516387,9.481170672651487,0.05513655566112163,-7.153987881116045,-35.59405128885764,18.107247337948344,8.732808433479272,-0.539058,0.430139,-0.238209,0.0269137,-0.24884,-0.343473,0.905197
16.668073892593384,8.132199512387,-7.112141929621023,8.43338779747849,2.258363303549744,-1.3471465744326363,-3.0712765069657877,-0.366846,0.302913,0.173478,-0.472355,-0.465024,0.698453,-0.26981,-0.346375,0.323086,-0.0763729,0.72271,0.154315,-0.669425,0.0758135,10.716045809675586,1.051364070930336,8.708283338861897,0.5871640629640051,-6.8785304130121645,-35.419749668581325,18.01822258694051,8.527611450858954,-0.541085,0.433243,-0.235363,0.0233151,-0.247715,-0.350401,0.902947
16.734117031097412,7.883105766509696,-8.158936920260725,10.502375638195057,2.699295932755893,-1.6465059329832912,-3.1430527274249065,-0.367557,0.30286,0.173445,-0.474536,-0.465532,0.696562,-0.269995,-0.348014,0.322912,-0.0765689,0.724884,0.15382,-0.666803,0.0791,10.91044403061157,0.9385998222509141,8.571784774525318,-0.04714811014322251,-7.450770815724968,-35.23849082092211,17.68108971613567,9.046884676746421,-0.543095,0.432571,-0.235326,0.0232253,-0.24298,-0.350465,0.90421
16.798850774765015,9.604652033767637,-6.50244873575563,9.660655138416553,2.502468525726432,-1.3516506884706854,-2.9931844425104766,-0.368075,0.30273,0.173356,-0.474014,-0.465062,0.697255,-0.269932,-0.34934,0.321651,-0.0774829,0.72759,0.151251,-0.664406,0.0793777,11.167979170310911,0.48415563419813806,8.831778902152207,0.1392333697464423,-6.468172587165849,-34.6893723824232,17.505161843648263,8.263890202366776,-0.545298,0.430196,-0.235967,0.0226928,-0.242262,-0.347594,0.905523
16.86262845993042,9.0015902318981,-6.93572234190351,11.003722285125216,2.699837575553205,-1.542099695290811,-2.746352791237165,-0.368389,0.302678,0.173356,-0.476038,-0.466184,0.695608,-0.268682,-0.350052,0.320754,-0.0780528,0.727598,0.151382,-0.664307,0.0798839,11.24810871829786,0.8116017337253988,8.729235542502522,1.265334818287812,-7.247983199714532,-35.475820622089024,17.472834048104815,8.921001324748248,-0.546412,0.428708,-0.236625,0.0223764,-0.239816,-0.343931,0.907579
16.927382946014404,9.97657359979296,-6.603813778161398,11.405294108320039,2.5587247901824983,-1.3395634929679687,-2.4889539826184923,-0.368979,0.302742,0.173333,-0.476411,-0.466959,0.695573,-0.266757,-0.351458,0.319325,-0.0792035,0.73098,0.148143,-0.661434,0.0789118,11.63523803736568,0.5250916021597583,9.11772476868145,2.0599758936657224,-7.008724543013925,-35.144154427298034,16.750826760984037,8.76707987567315,-0.548144,0.42714,-0.237411,0.0266233,-0.23745,-0.33997,0.909576
16.991512775421143,12.059272266400093,-3.682469618486014,9.225332817251703,1.736152206491335,-0.7884852911213893,-2.2740953961339874,-0.369729,0.302747,0.173505,-0.480929,-0.46517,0.693742,-0.266545,-0.353507,0.317793,-0.0802345,0.735789,0.14218,-0.657832,0.0752122,11.513019481790602,0.444273317127597,9.708068515638368,1.277697567447385,-7.467926501396731,-35.93482278103029,17.620592626820013,9.640526116057115,-0.550827,0.426071,-0.237486,0.0308109,-0.234202,-0.334611,0.91227
17.055999755859375,15.35491374676927,0.725699539068089,5.496578642853427,0.4278470543744457,-0.13852528554735988,-2.411950571360441,-0.37052,0.302683,0.173738,-0.482321,-0.467303,0.692976,-0.262257,-0.355989,0.317362,-0.0804702,0.738218,0.137058,-0.656445,0.0729986,12.161700134512968,0.6623883466222046,10.231125448102985,0.7672366719216974,-7.108598694390415,-36.07027882529026,18.0816596068958,9.207922999847586,-0.554234,0.425956,-0.236207,0.0332191,-0.231393,-0.333394,0.913347
17.12063980102539,15.028312610558771,0.6791500797591766,3.887737556250861,0.04765227926132328,-0.04201071798754877,-2.562535988825886,-0.370808,0.302883,0.174209,-0.485141,-0.465304,0.692325,-0.262329,-0.35744,0.318272,-0.0798911,0.738672,0.141166,-0.655097,0.0726923,11.575587024610265,0.592022432030245,9.6634510164676,1.2039714043833705,-7.294330438253791,-36.48721523419473,18.232600088589532,9.745564194941023,-0.556145,0.427687,-0.234024,0.0363829,-0.229816,-0.336086,0.912637
17.18448805809021,12.056308853355205,-1.2026105275761247,3.8591787364116636,0.30780671101609536,-0.622674955867753,-2.7822521903698383,-0.370843,0.303052,0.174233,-0.484917,-0.466078,0.692069,-0.262045,-0.357762,0.319968,-0.0791696,0.738849,0.147705,-0.653328,0.0738054,11.22598982459276,0.3139804058467599,9.138869514566071,1.7046515464947571,-7.73796413376886,-35.673242237318796,17.108637887899853,9.713258108260417,-0.556829,0.430043,-0.232455,0.0350154,-0.230744,-0.340299,0.910894
17.25057029724121,7.632961790691361,-3.525764302442992,6.346799459520786,1.1889039970774335,-2.0495845938808963,-3.4539833654819576,-0.370773,0.303004,0.173987,-0.482015,-0.467868,0.693211,-0.261188,-0.357366,0.320838,-0.078756,0.737771,0.150064,-0.653843,0.0752627,11.473982106373287,0.17353036535292782,9.018843031109956,1.8460379984963105,-7.289345395411262,-34.64928355270305,16.350820363282992,9.003201694648933,-0.556511,0.430336,-0.232266,0.0322707,-0.231108,-0.344351,0.909379
17.31489658355713,7.985152493971698,-5.7458441020997135,2.889822258164595,1.9652967132330454,-1.6422488250902088,-4.368075206279012,-0.370395,0.302797,0.173875,-0.480121,-0.46796,0.693825,-0.262879,-0.356788,0.322483,-0.0778205,0.73214,0.155949,-0.658287,0.0794333,11.279975491158952,0.5343505306517754,8.211190939641723,1.7627197119408446,-6.477899545681665,-35.249225815833874,17.06117401125986,8.456598457143622,-0.55677,0.430121,-0.231441,0.0234861,-0.232136,-0.351681,0.906577
17.378877639770508,7.005357500656709,-9.187740035694361,8.744781729379627,3.6682622575302988,-1.7605204181969842,-4.560325081861217,-0.370281,0.302892,0.17368,-0.478803,-0.46848,0.693762,-0.264516,-0.357878,0.328402,-0.0747269,0.721259,0.17828,-0.663918,0.0849326,9.853362117416479,1.0650485201153146,5.822014207512021,2.957859105403024,-5.745430598561355,-35.90961636069936,16.902142299515347,8.134944860170242,-0.560257,0.431212,-0.228978,0.000588143,-0.229793,-0.367297,0.90127
17.44320511817932,4.172937028761942,-10.742334102875192,5.141648966848294,4.315366938600703,-1.0388200059338497,-4.206524216500887,-0.37018,0.303137,0.173911,-0.477674,-0.469403,0.693171,-0.266463,-0.358957,0.333769,-0.0715523,0.714804,0.192654,-0.665939,0.0920076,9.173508477161732,1.178516383770677,4.176900868772979,1.6172287738144107,-5.408254367861563,-35.57558419550409,17.724292393532913,8.116290376547862,-0.56315,0.432911,-0.226512,-0.0176172,-0.229191,-0.379883,0.896019
17.508150339126587,4.26982278187739,-11.91785303571099,2.8399967178775394,4.701475415800638,0.08743808274670901,-3.93930501327601,-0.369458,0.30355,0.174082,-0.474877,-0.470151,0.694249,-0.267333,-0.358981,0.338247,-0.0690921,0.70835,0.211771,-0.665729,0.100982,8.484855611806118,0.7067278897348332,2.014208380687672,3.341939379889153,-5.5206057534297495,-34.26257576438803,15.22417242300346,7.583051673152289,-0.564763,0.432921,-0.225511,-0.0334198,-0.229779,-0.387006,0.892362
17.573596477508545,6.9436760631198196,-14.27764585169851,1.5885838585460241,5.160701221959058,1.0562359871310878,-4.452561498715838,-0.368825,0.303517,0.173995,-0.472375,-0.469737,0.695268,-0.269836,-0.357256,0.338295,-0.0692075,0.70278,0.209866,-0.671258,0.107098,8.950101985971823,1.2089854728626268,1.701932431765685,2.627381980853011,-4.759156425923724,-35.26513623311243,16.439815391568484,7.551557744394408,-0.562364,0.429923,-0.228257,-0.0379456,-0.231937,-0.385707,0.892186
17.638596296310425,5.0092374164411355,-18.414525033144777,1.4950716978828904,5.870255333536857,1.2484737836300568,-4.537740441734147,-0.367327,0.303534,0.173621,-0.467979,-0.468306,0.697585,-0.273971,-0.353473,0.338114,-0.0698883,0.695847,0.21143,-0.675589,0.121134,9.697175538979602,1.1928090112039262,0.5824262623151721,3.0520881713173846,-4.7880553430698,-35.2993418703953,15.494100584546592,7.437321581526311,-0.557074,0.423075,-0.23486,-0.0581449,-0.238083,-0.38401,0.890209
17.703821182250977,7.669237679909095,-15.565053815311373,0.109173190497263,5.369083245594726,1.814048031491602,-4.691374071275465,-0.365838,0.303291,0.17332,-0.464445,-0.467021,0.698853,-0.278903,-0.349487,0.337324,-0.0703452,0.689296,0.213249,-0.679721,0.131813,10.015183683371975,1.3052861541511613,-0.25803885394786735,3.6714357739774863,-5.177073211776485,-35.6531771675646,14.882576078808503,7.682752333068245,-0.550978,0.417194,-0.240357,-0.068983,-0.242843,-0.380766,0.889542
17.769609689712524,8.620630398958477,-15.79422283951241,0.24896978145437013,5.255315119254887,2.1861944182717243,-4.628498494802969,-0.364789,0.303302,0.173155,-0.461314,-0.466468,0.700019,-0.282084,-0.346065,0.336303,-0.0706683,0.686731,0.208286,-0.682259,0.139787,10.865380149761554,1.332289966160962,-0.2863027815676266,2.6897419212618257,-5.3865042684365685,-35.16778995690479,14.70133823930207,7.5685998304831275,-0.544744,0.413288,-0.245247,-0.0794558,-0.24999,-0.375019,0.88913
17.835091590881348,7.65561628630846,-16.797511488885103,1.6836291854150418,5.323731199920991,2.0088255298679814,-4.3865825544595385,-0.364595,0.303261,0.173076,-0.461768,-0.466254,0.699672,-0.282555,-0.343981,0.335074,-0.0710607,0.683214,0.203244,-0.687022,0.141109,11.23289650811979,2.1429917225561113,-0.14160433612798345,2.7481931690420014,-6.401755883002806,-36.54467789170598,15.451788409977189,8.380999915936318,-0.540767,0.411437,-0.248279,-0.0775273,-0.257413,-0.369857,0.889345
17.9005024433136,7.2070910694364105,-16.809145361354435,2.117682000633388,5.270782535540559,1.878767628357211,-4.315105518637419,-0.364683,0.303244,0.173107,-0.460484,-0.464043,0.701976,-0.282573,-0.343396,0.334727,-0.0712855,0.680576,0.201527,-0.689582,0.143802,11.529229386956096,2.205732346874852,-0.47831014664535165,3.0870188514869366,-5.8254329658000925,-36.75701984668969,15.403331510522332,8.058865011320302,-0.539204,0.410344,-0.249845,-0.0791707,-0.259949,-0.367253,0.889541
17.96645760536194,7.030676083968953,-15.177703007543077,1.6672173987890295,4.745327352819514,1.8496432950023245,-4.062953992270776,-0.364484,0.303224,0.173079,-0.46084,-0.465236,0.700322,-0.284132,-0.342573,0.334181,-0.0715135,0.681588,0.197428,-0.689495,0.145106,11.851313390341208,2.3764786293880165,-0.0034858809802355553,1.6777885950201306,-6.392063266135228,-36.95795998815158,16.2585417241028,8.67374662084772,-0.537776,0.409685,-0.250862,-0.0778333,-0.26164,-0.364364,0.890351
18.032139539718628,7.207398181400789,-14.883239844171015,1.9697244927707378,4.602617925119358,1.8454657655183202,-4.11526481120707,-0.364558,0.30313,0.17295,-0.460435,-0.464368,0.7018,-0.282558,-0.341919,0.333512,-0.0717365,0.680928,0.198495,-0.689933,0.144668,11.861347590673914,2.3043624928446755,-0.26282487782607733,3.3471689586011735,-6.827239486504107,-36.6838942078268,14.791529734420399,8.38297575186887,-0.536355,0.408661,-0.252213,-0.0784348,-0.262481,-0.36192,0.891047
18.097327709197998,7.264949102613947,-14.034288322012031,2.0343183224032333,4.342815932013949,1.9863214992902243,-3.952852305961867,-0.364371,0.30314,0.173015,-0.460199,-0.464388,0.701116,-0.2846,-0.341006,0.333043,-0.071804,0.680409,0.196464,-0.69039,0.147676,12.076655034029196,2.3809845979676534,-0.192221917799095,2.6332349788705933,-7.15995283329514,-36.82992119036089,15.178573284930483,8.731158925462857,-0.534333,0.407016,-0.25404,-0.0816322,-0.26426,-0.35885,0.891476
18.163495779037476,5.7282882937424935,-14.368444670500297,2.8063887098982256,4.424816038397189,1.66358070029955,-3.9181745192800497,-0.364306,0.303139,0.172918,-0.460092,-0.464149,0.701092,-0.28522,-0.339884,0.332211,-0.0723885,0.676179,0.189436,-0.695288,0.153203,12.955521517347975,3.1897800639561082,-0.19100173362713363,1.5350526115751313,-7.2840942226570515,-38.21275164661509,16.744730677489677,9.263284074775292,-0.531638,0.403404,-0.25737,-0.0871562,-0.26884,-0.353245,0.891822
18.243716716766357,4.685009318300049,-13.98107722457318,3.983760456084522,4.496321484960722,1.092667759650624,-4.196663285542749,-0.364093,0.303064,0.172725,-0.458495,-0.465793,0.700552,-0.286436,-0.337293,0.329837,-0.0735062,0.671965,0.181555,-0.699311,0.162682,14.33880682970433,3.890398880539485,-0.12820376417699003,1.5181408233829892,-8.31433986932552,-39.08251241267551,16.782684764674286,9.644398691152588,-0.525936,0.396648,-0.263228,-0.09334,-0.275516,-0.343489,0.892969
18.310157299041748,5.247838269384127,-10.410926504185186,1.323000546576535,3.560603810545805,1.0807308162444744,-4.095030363447044,-0.363486,0.302941,0.172543,-0.456652,-0.465799,0.70117,-0.287856,-0.333998,0.326622,-0.0748372,0.669523,0.172851,-0.701905,0.170854,15.63578821010988,4.193389083385235,0.02833343103627887,1.9966321490843448,-9.102763566899743,-39.44057340210117,16.1804472154947,9.844451676164075,-0.519611,0.389081,-0.268862,-0.0958856,-0.28147,-0.331698,0.895297
18.375328302383423,4.668095765867159,-9.616004728896604,2.9353883001625514,3.3855423386223693,0.7910660205949166,-4.06262151004573,-0.363535,0.302795,0.17246,-0.457336,-0.463463,0.701852,-0.288876,-0.332343,0.323717,-0.0762029,0.669332,0.163401,-0.702191,0.179507,16.85591648637563,4.260708615410209,-0.04742516403187197,1.6020095533150371,-9.99853819093437,-39.73544980118505,15.90804870398234,10.446518614207397,-0.515741,0.382448,-0.27352,-0.103544,-0.285625,-0.322813,0.896376
18.44059109687805,3.9319159759285474,-9.048900751875031,3.9693102618910254,3.2455835021734645,0.5583867674699091,-3.8482638520510277,-0.363619,0.302697,0.172343,-0.456734,-0.463619,0.701894,-0.289476,-0.330491,0.320418,-0.0774996,0.668763,0.152885,-0.704639,0.181287,17.83099694495721,4.658362999464617,0.7273103001895852,1.5661352181379433,-10.327334221721898,-40.60688707512482,16.493390399539535,10.182607804696831,-0.512139,0.376284,-0.277515,-0.104625,-0.292418,-0.312326,0.897774
18.50554847717285,3.6178545825390405,-8.876203390556494,6.688849830066056,3.397678512039573,0.04506727188524456,-4.0002367580438865,-0.363554,0.302547,0.172218,-0.457161,-0.463386,0.701283,-0.290654,-0.328495,0.317116,-0.0785034,0.667908,0.146636,-0.705621,0.185728,18.542466785987674,4.929857134034229,0.9304946012572062,2.544597242937079,-11.542876978098153,-41.29383061631742,16.271579619627282,8.737202041229896,-0.507782,0.37118,-0.281059,-0.102267,-0.295249,-0.302926,0.900336
18.57040762901306,4.903555936282955,-9.069732315342243,6.18217196038583,3.521918574147259,0.08806665590067214,-4.250228341884993,-0.363461,0.302492,0.172147,-0.456871,-0.463309,0.701416,-0.290911,-0.326844,0.315094,-0.0788977,0.670895,0.134332,-0.705129,0.186139,19.614728773403037,4.856121457793732,2.0103958724549122,0.2840236701169525,-11.86271133639418,-40.602780993838564,16.401926309428333,9.18805193753301,-0.50492,0.369899,-0.282264,-0.0973626,-0.299966,-0.298542,0.900785
18.63602328300476,6.3698515630615,-8.032663977275043,5.953437028301468,3.1601024582982022,0.38411726224898773,-4.100743104873917,-0.363182,0.302534,0.172226,-0.456423,-0.463669,0.701523,-0.290784,-0.326369,0.315069,-0.0785523,0.671978,0.139798,-0.706134,0.174003,18.26003313519954,4.825457388133767,2.5486572073116585,2.4247657871984574,-11.631277057385292,-41.03659371223391,16.399020672776498,8.323052107503084,-0.505026,0.374697,-0.279892,-0.0889719,-0.297951,-0.301588,0.901307
18.703776121139526,5.992585734636496,-7.761253854207262,5.6865790523375415,2.889818054580679,0.3916200106538136,-3.836493250689199,-0.363408,0.302597,0.172335,-0.457313,-0.462796,0.702167,-0.289215,-0.327534,0.316376,-0.077876,0.679313,0.135569,-0.702129,0.164833,18.011952253172506,4.147910399659712,3.57989449888349,-0.4044516915016265,-11.008111156373515,-39.237905821313504,16.698867685764576,9.913667394769536,-0.507918,0.382228,-0.275592,-0.0781278,-0.295628,-0.309503,0.900394
18.769506454467773,6.30556417961525,-7.014986369224077,5.007127477511796,2.5130684920423363,0.3518678958965143,-3.7654915280945773,-0.363431,0.302636,0.172412,-0.458854,-0.464163,0.70082,-0.287849,-0.329232,0.317985,-0.0769893,0.68331,0.147208,-0.700202,0.145377,15.641714282169229,3.970792507203268,4.237827058512859,1.8841127441727403,-10.682170434239536,-39.40115309759387,16.65791457068886,9.162491754663499,-0.512361,0.393204,-0.268665,-0.0621129,-0.289981,-0.320274,0.89971
18.835304498672485,7.91836847751752,-7.037979274621312,4.915887236527877,2.4282478095831044,0.6107019087064866,-4.011665413603931,-0.363491,0.302701,0.172619,-0.458795,-0.463322,0.702384,-0.285476,-0.331325,0.320778,-0.0757618,0.686807,0.158124,-0.69758,0.129135,13.671993764523029,3.383589671844823,4.449153355813257,3.2457399969739047,-9.261872273955985,-38.54028196266888,16.2197519546395,9.318826581963249,-0.517564,0.403088,-0.261325,-0.046992,-0.284321,-0.334039,0.897425
18.900879621505737,8.487193378156912,-6.763948916285296,5.496089273697475,2.174175336287075,0.7480227848218112,-3.9305651378916515,-0.363447,0.302911,0.172921,-0.460503,-0.462857,0.70234,-0.283583,-0.335054,0.32631,-0.0734977,0.691764,0.176021,-0.690029,0.119751,11.581296374522603,2.2659410813584793,3.698920987791428,3.304035028388016,-8.494047209448349,-36.55126172701865,15.370031849099563,9.337333260035805,-0.525335,0.41665,-0.250782,-0.0370123,-0.270107,-0.348657,0.896722
18.96618628501892,8.475353662363515,-8.13680954786983,6.206818741002171,2.2950371447728344,0.8513411154082917,-3.838791714403324,-0.363643,0.303171,0.173215,-0.461401,-0.464696,0.701511,-0.281155,-0.338052,0.330397,-0.0716372,0.695221,0.18265,-0.687311,0.104449,10.099307373726557,2.1184082364714145,4.435199501504147,1.651940903729482,-7.136497654358626,-36.29710846387975,17.565043102544653,8.693074890042752,-0.531737,0.426921,-0.241954,-0.0246739,-0.265614,-0.36458,0.892144
19.03085422515869,9.012480176371188,-7.967862400358332,6.179706313860905,2.144973238371496,0.9747531984818083,-3.667014666737391,-0.363862,0.303364,0.173433,-0.462013,-0.464916,0.701947,-0.278689,-0.340077,0.332808,-0.0704398,0.699565,0.188236,-0.682726,0.0951877,9.152767200008991,1.507505726427267,4.702417234814282,1.3352701540034442,-6.552664976950018,-35.060686190122766,17.601386443039324,8.273699299535007,-0.535515,0.433643,-0.236259,-0.0206108,-0.261206,-0.374768,0.889323
19.095803022384644,8.49162298072286,-8.348800138571436,6.836126491541024,2.2400780349066705,0.6762175833077079,-3.843006358734007,-0.364067,0.303424,0.173495,-0.462785,-0.464757,0.702098,-0.277288,-0.341338,0.333977,-0.0698671,0.70088,0.194038,-0.680413,0.090305,8.391032065329469,1.2178041157675155,4.539240397212427,2.261419464498905,-6.4373953757517235,-34.64329402384426,16.941730365267773,8.07051329189929,-0.537772,0.437063,-0.233058,-0.0184465,-0.257808,-0.379,0.888568
19.160655736923218,7.907268584868631,-7.744964812597003,4.73862278630446,2.158123355201647,0.653044701891283,-3.8385592016160346,-0.364094,0.303386,0.173452,-0.462884,-0.464563,0.702118,-0.277398,-0.341382,0.334031,-0.0698135,0.700276,0.194779,-0.680682,0.0913599,8.389156911277057,1.2405466947710848,4.364134207884794,2.38996391205335,-6.490716753659418,-34.66378085507651,16.797090490891893,8.088866166821845,-0.537903,0.436628,-0.233206,-0.0200782,-0.257812,-0.379413,0.888356
19.242589235305786,6.732921025952259,-8.447958153185853,5.23251714886924,2.3927352347087227,0.6802499001770506,-3.700566728211686,-0.364095,0.303217,0.173252,-0.462579,-0.465021,0.701052,-0.279825,-0.340971,0.333354,-0.0703489,0.696697,0.191188,-0.684303,0.0989475,9.058222041753835,1.7961365383561847,4.141934296750376,1.3021525825711073,-6.334111357864161,-35.820835395054374,18.09692998626085,8.49541966330853,-0.537193,0.431795,-0.236857,-0.0285202,-0.261391,-0.374627,0.88911
19.30746293067932,6.4063497089050285,-7.0609555820100125,3.621750595208625,2.0809325808201944,0.8953011479131633,-3.4906059210636506,-0.364009,0.302921,0.172972,-0.46158,-0.464674,0.700757,-0.282773,-0.339915,0.331885,-0.0713016,0.691409,0.188048,-0.68806,0.11474,10.298939652568126,2.1990989496249402,3.203153301118858,1.0171455498586628,-6.56300955969415,-36.520354376763564,17.90554271540712,8.739089231650805,-0.534332,0.4227,-0.243993,-0.0416689,-0.265546,-0.367554,0.890311
19.371052265167236,5.841781255412732,-6.648017561728176,4.248974498165677,2.1313430445080024,0.6815506748470698,-3.6457787591706343,-0.363956,0.302818,0.172777,-0.460678,-0.465117,0.700836,-0.28332,-0.33816,0.329561,-0.0724961,0.68764,0.184705,-0.690322,0.128413,11.65469805183574,2.493770571838103,2.4047445795517466,2.418722114800186,-7.778910940996393,-36.68857100005916,15.913643046307502,8.846645216820965,-0.529942,0.414078,-0.251347,-0.0530122,-0.270542,-0.356064,0.892869
19.435332775115967,5.130855488020864,-5.5878342707818565,2.7354039898380615,1.9618503133268477,0.540439114942194,-3.693140705282645,-0.363861,0.302724,0.172645,-0.458682,-0.464394,0.701785,-0.285389,-0.334504,0.32543,-0.0743816,0.679173,0.166467,-0.70039,0.143062,14.092486154639495,3.9080173098577995,2.5737994802394795,1.2156153029747276,-8.134556161981383,-39.092096686198985,17.72115586363583,9.43886175283605,-0.521989,0.401612,-0.261493,-0.065174,-0.279896,-0.337417,0.896415
19.501389503479004,4.096959928469576,-4.832136672883777,2.654378391259671,1.8379605833883885,0.2322445011717574,-3.605102329370569,-0.363563,0.302566,0.172545,-0.458356,-0.461889,0.702803,-0.287467,-0.33142,0.321857,-0.0757636,0.678625,0.155071,-0.701159,0.154264,15.624389093874054,3.8868290651084787,2.536641087628171,0.7032446478573426,-9.381493930806403,-39.02361547179285,16.931954379211188,9.999373986969463,-0.515519,0.393263,-0.267999,-0.0712926,-0.287174,-0.326259,0.897777
19.567041158676147,4.535393089703606,-4.408327139924618,5.343522245660891,1.9676745785165188,-0.26025335215098716,-3.798275723491927,-0.363387,0.302462,0.172263,-0.457905,-0.462353,0.702036,-0.289308,-0.32675,0.315121,-0.0780095,0.675252,0.134736,-0.707516,0.159063,17.517448865829056,5.014251703974911,3.9069150473240204,0.9265250022294209,-11.077603782187712,-41.29486843149234,18.078995181513665,9.90722585826325,-0.505946,0.381326,-0.276701,-0.0751418,-0.298734,-0.305548,0.900973
19.63386583328247,4.6393759331104105,-4.4711290117810165,6.723025646811562,2.060948376776517,-0.5651991725806724,-3.9802268414148787,-0.363396,0.302338,0.172142,-0.457788,-0.462606,0.701826,-0.289595,-0.324418,0.310767,-0.0791987,0.678643,0.120558,-0.705517,0.164787,19.174174933267654,4.796101636136365,4.786250069842894,0.2592484235537178,-12.325114721864201,-40.48718936508342,16.993518236216712,8.322435264941536,-0.500928,0.374473,-0.281236,-0.0732961,-0.303791,-0.293517,0.903431
19.699011087417603,5.67256091866797,-3.8792668267245287,6.5562200698020705,1.9384665603568665,-0.35913442630871173,-3.799195050524165,-0.363336,0.302296,0.172155,-0.457716,-0.462763,0.70171,-0.28974,-0.32366,0.308939,-0.0798421,0.678493,0.113987,-0.707415,0.161919,19.493511080651217,5.107367537785241,5.5670437291374215,-0.045899839366998485,-12.175813208012789,-41.400866177672654,18.037955653622788,8.721230154303973,-0.49957,0.373132,-0.282112,-0.0699375,-0.303239,-0.288237,0.90558
19.7643039226532,5.732454204622241,-4.257298433289149,7.123879913159861,1.9970552396515284,-0.20837264153877952,-3.5899191740758867,-0.363577,0.302356,0.17219,-0.458446,-0.462483,0.701779,-0.288864,-0.325336,0.309815,-0.0797697,0.681825,0.116721,-0.704629,0.158082,19.014061008921942,4.687968393536335,5.618981268012954,-0.07984062460995034,-11.50575959695411,-40.656107686194126,17.675503952558884,8.905398162981806,-0.503025,0.377093,-0.279394,-0.0641913,-0.299846,-0.293313,0.905505
19.829407453536987,5.469581776899087,-3.743725866871562,7.570837335363849,1.7325233560304716,-0.42474472649564676,-3.3873827701745047,-0.363877,0.302356,0.172194,-0.459588,-0.462693,0.701798,-0.286659,-0.32782,0.311193,-0.0795369,0.690255,0.121112,-0.698629,0.144213,17.761116653789585,3.792351986882457,6.395865400860404,-0.08967672663373705,-10.611279725757457,-39.01526939349159,17.111242436332624,8.973792392204546,-0.508451,0.385271,-0.273985,-0.052328,-0.293315,-0.301986,0.905557
19.894426822662354,7.153622864504243,-5.065084416548074,6.09775122750871,1.8573569761433573,-0.16245517172262056,-3.652194042911806,-0.36383,0.302378,0.172321,-0.459997,-0.463904,0.701482,-0.284813,-0.329488,0.312778,-0.0789249,0.697872,0.127688,-0.693146,0.127351,16.125312354571054,3.0114473437603677,7.363430538228482,0.48366889609400054,-9.968898286156747,-37.5708258031032,16.67418679868905,8.754280865067814,-0.51268,0.396422,-0.266758,-0.0349122,-0.286575,-0.314012,0.904463
19.959664821624756,6.836689584305712,-5.1171912638641395,6.365795340864986,1.7453775413258408,-0.21467650584017153,-3.429585469004278,-0.363665,0.302571,0.172568,-0.460085,-0.464717,0.701325,-0.283731,-0.331914,0.317758,-0.0771818,0.700204,0.141063,-0.69025,0.115634,14.236088027602984,2.5919448170955977,7.2657283637929115,0.010688023367983135,-8.851927581320904,-36.890306913527056,17.60276968530576,9.333772888171808,-0.518554,0.408242,-0.258226,-0.0272107,-0.27874,-0.328321,0.902091
20.024653911590576,7.371986600239063,-5.7719886380339505,5.799739263725807,1.6571951338802442,-0.3196901825399995,-3.5661382036115294,-0.363571,0.302622,0.172833,-0.462289,-0.46243,0.701863,-0.282553,-0.33349,0.32056,-0.0759942,0.701145,0.152567,-0.689017,0.101856,12.088610179011667,2.457357500136353,7.054325310894838,1.3429706440002374,-8.439674708140792,-37.42391457652942,18.03526805876241,9.580106486133102,-0.522087,0.418067,-0.250984,-0.012184,-0.273926,-0.339989,0.899569
20.08973479270935,8.132915043336872,-5.551894261969495,6.011818128243316,1.4591263067976443,-0.4325999188050675,-3.639690672465377,-0.363546,0.302734,0.173038,-0.463718,-0.461212,0.702538,-0.280517,-0.335773,0.32376,-0.0747913,0.706219,0.159511,-0.684,0.0891952,10.600701825336465,1.7723842952444318,7.353351615780895,0.5678350963209162,-7.566599280064527,-36.428695317818566,18.69738025475308,9.195601933408453,-0.526803,0.428164,-0.242778,0.000428729,-0.265902,-0.353361,0.896901
20.154726266860962,8.463374336309604,-4.794978484971454,6.2363632474910276,1.2934031737831662,-0.5191991262541015,-3.5219346280027346,-0.363866,0.30281,0.173109,-0.464203,-0.464203,0.700907,-0.278855,-0.338088,0.326275,-0.0736867,0.707396,0.166227,-0.681924,0.0833038,9.840036008956679,1.7948781729571552,7.466187911682599,0.26681660873371804,-7.088641886227782,-36.204338857385395,19.017736786906287,8.907808235665676,-0.530845,0.43262,-0.238341,0.00215477,-0.262173,-0.360678,0.895082
20.236117124557495,7.4682937623484085,-4.862163875806058,6.426868837911308,1.1689187397278575,-0.48356255206924537,-3.3704887676166284,-0.364812,0.302963,0.173274,-0.466316,-0.463958,0.700943,-0.27563,-0.341042,0.327729,-0.0729086,0.714115,0.170414,-0.673489,0.0860836,9.96040571757502,0.6683436423828596,6.885699717304014,0.09172507461722113,-7.798347415293155,-33.28447270462324,15.8124820344103,8.954334727631915,-0.534925,0.43478,-0.235977,0.00368881,-0.258137,-0.364207,0.894821
20.302562475204468,6.406873691023492,-4.7017365017137704,6.405423331585769,1.2049906810386477,-0.7169898439143632,-3.381621657999417,-0.364688,0.30271,0.173062,-0.466143,-0.461754,0.701643,-0.277832,-0.339895,0.326458,-0.0736254,0.708515,0.167819,-0.67984,0.0875209,9.956219759257943,1.424248170730589,6.7012681010494575,0.4797581940565028,-7.1826879760900955,-35.49189418880958,18.063444160949437,8.857528172340162,-0.533261,0.431351,-0.238691,-0.000681177,-0.261469,-0.360063,0.895538
20.367308139801025,6.5602551317369695,-5.127589520157699,5.723247408481283,1.3826115530708276,-0.9020677435350721,-3.7010259388795608,-0.363961,0.302484,0.17272,-0.463918,-0.463714,0.700576,-0.280966,-0.336936,0.323788,-0.074763,0.705295,0.161082,-0.684464,0.0901128,10.586915236187467,2.0884523873213547,7.384701682170327,0.404701861986716,-7.390891613044056,-36.72327286745112,19.235795839715937,9.040000784186384,-0.528266,0.426708,-0.243297,-0.00236815,-0.266114,-0.352326,0.897243
20.432205200195312,8.082203347825093,-5.141772479724116,4.858835921705579,1.4516036640501535,-0.7117794647927275,-3.843956908993371,-0.363709,0.302365,0.172651,-0.463536,-0.463086,0.701181,-0.281124,-0.335561,0.322597,-0.0749694,0.710267,0.156211,-0.679781,0.0949592,11.382357574209099,1.253165409087263,7.562631418436243,-0.5823480621258703,-8.586887155950604,-34.379743404778885,16.51330002075472,9.444367941450235,-0.525581,0.425434,-0.244873,-0.00151737,-0.267186,-0.3504,0.89768
20.497465133666992,9.961251001630021,-3.25195690378191,5.038739140888941,0.8964155132268462,0.04693396353649069,-3.312533486188496,-0.363967,0.302496,0.17286,-0.463773,-0.463659,0.701081,-0.280036,-0.336991,0.323701,-0.0746835,0.707961,0.159429,-0.682685,0.0855287,10.461038611866961,1.8332546899287125,7.897625807261891,0.107891587903989,-7.279898844354215,-36.160479845497285,18.868166462808603,8.84391399442395,-0.528252,0.429241,-0.241595,0.00367151,-0.263853,-0.353222,0.897554
20.562390089035034,8.41402085063549,-3.7447160230049277,5.676376701767623,0.7637234725014516,0.06464497707670278,-3.0443115848636055,-0.364512,0.30285,0.173248,-0.465588,-0.464,0.701048,-0.276521,-0.338989,0.325544,-0.0736638,0.713002,0.162992,-0.676518,0.0859312,10.488574300169399,1.0971187945010443,7.512849693278126,-0.06194661829066028,-8.13088236244229,-34.05581969598537,16.41583777359314,9.0652072825942,-0.531328,0.432589,-0.238603,0.00530558,-0.262967,-0.357402,0.89615
20.627403020858765,7.045778446260294,-6.148070590354869,6.201996398541958,1.2869476624998464,-0.45949882478210785,-3.228677787013797,-0.3641,0.302873,0.173219,-0.465651,-0.463806,0.700663,-0.277712,-0.337865,0.325425,-0.0737873,0.709127,0.161036,-0.681642,0.0810588,10.100135440703575,1.931777612468472,7.931950794810886,-0.3112049659870717,-7.801948809105269,-36.22436168316339,18.890570943910372,9.33122872774895,-0.529364,0.433408,-0.238958,0.00686687,-0.264047,-0.357642,0.895725
20.692861080169678,8.985476783085446,-5.882632366637578,5.271088908244722,1.295783284802319,-0.5778557297519048,-3.3978586738923253,-0.363251,0.302608,0.173011,-0.46412,-0.462203,0.701881,-0.279865,-0.334811,0.322945,-0.0745552,0.707064,0.155995,-0.685042,0.0802659,10.249047480038744,2.1677643050262043,8.359107011257924,0.2987961055436301,-7.879732523064626,-36.8142281216551,19.25343118604313,9.314505637862066,-0.524028,0.431206,-0.241721,0.0125982,-0.267886,-0.351462,0.896968
20.758232831954956,10.601555910883636,-2.5330543225467586,4.2233659182180086,0.6753868611617215,-0.3835520007618358,-2.7225939166850273,-0.36382,0.302534,0.172929,-0.465849,-0.462849,0.700533,-0.279301,-0.335368,0.320763,-0.0757744,0.714176,0.143555,-0.680379,0.0801814,11.263459048820986,1.7860474490650813,9.575251581141968,-2.1717872149503243,-8.637480262261876,-35.91227410900828,18.85202288278872,9.975433876737982,-0.52429,0.429235,-0.243243,0.0145289,-0.264852,-0.346561,0.899743
20.823168754577637,10.518044144225847,-2.0908573954346226,6.712311215961059,0.5052037045783195,-0.7066818017552715,-2.3488062609258686,-0.365002,0.302433,0.172939,-0.468841,-0.463785,0.698969,-0.276647,-0.337915,0.31637,-0.0786655,0.719851,0.134288,-0.676895,0.0747963,11.719234213618932,1.7995956028167923,10.721088108607374,-0.39752478407314484,-8.497329620771552,-37.04552733148432,19.16911176799921,9.878971483917649,-0.526867,0.42709,-0.2443,0.0278276,-0.260034,-0.334875,0.905244
20.890141487121582,12.360261931273136,-1.5206770517278463,10.0007781455229,0.2492128210623653,-0.9495814372050231,-2.481547768345096,-0.366701,0.302293,0.172993,-0.473014,-0.463486,0.697793,-0.27299,-0.341213,0.310398,-0.0819632,0.731415,0.115705,-0.668575,0.0681983,12.802359556407625,1.192075665489301,12.695226532119394,-0.3920155928739977,-8.740751575757368,-36.71320371024097,18.55400045612253,9.67960840536062,-0.53015,0.421271,-0.247481,0.0418643,-0.25828,-0.317018,0.911613
20.955665588378906,13.951427725831882,-5.87191676434056,15.935947488892708,1.0249298976832981,-1.4541758339999562,-3.6232061147754204,-0.366735,0.302221,0.172858,-0.473561,-0.462826,0.697878,-0.272943,-0.340253,0.306758,-0.083245,0.733602,0.103678,-0.668648,0.0631568,13.314227585470613,1.3442590898014237,14.02170242113882,-0.7122055094047965,-8.97706826890712,-37.13569138790809,19.02885543838414,9.397212867751083,-0.527103,0.419113,-0.250083,0.0504763,-0.262663,-0.309432,0.912531
21.020599126815796,11.416953999748717,-9.87112447112625,12.283500460571254,1.8459444884603222,-1.2764484559758313,-4.006196303061559,-0.365266,0.302469,0.172876,-0.468847,-0.463444,0.699721,-0.275305,-0.33632,0.311436,-0.0806148,0.72384,0.114844,-0.677585,0.0611935,12.33224002471726,2.147093179585682,13.296347346399797,-1.147717148153582,-8.707436743355803,-37.913045389883195,20.379194559889758,10.071504334747457,-0.522071,0.425111,-0.247615,0.0454177,-0.269336,-0.323034,0.906115
21.085968732833862,9.804701897296413,-6.029663187717173,5.232484269373435,1.1135305394029986,-0.2679149155891053,-3.1397343146140626,-0.362854,0.303089,0.173516,-0.464369,-0.461738,0.703636,-0.275783,-0.33443,0.324591,-0.0734356,0.712636,0.153359,-0.680661,0.0730248,10.268752290317563,1.5506244276576668,8.990159321703274,-1.0051263467114264,-8.500496785743525,-34.846943786423125,17.62249994205102,9.44168857230734,-0.522528,0.438772,-0.237412,0.0256199,-0.267482,-0.356765,0.894716
21.151801109313965,7.357663951891142,-6.00911346437176,5.508597556833111,0.9715265632240524,-0.45945894021067984,-2.8581412479178607,-0.363164,0.303513,0.174056,-0.465115,-0.462564,0.703069,-0.274584,-0.337534,0.330094,-0.0706319,0.709516,0.173179,-0.679768,0.0671681,8.28154516316185,1.5154248496522882,7.74111242706654,0.4418683047189411,-7.624172939758652,-35.01562565050628,17.91426771545271,9.018948986705706,-0.528186,0.446309,-0.230403,0.0258601,-0.26321,-0.368307,0.891292
21.232160091400146,10.346825457095322,-8.265532538916592,12.248876115735687,1.3832137462491296,-0.9665878729692502,-3.7035237381991895,-0.365959,0.303278,0.173559,-0.470181,-0.464558,0.700162,-0.269979,-0.344049,0.329915,-0.0714993,0.713298,0.170228,-0.67687,0.0638377,8.504127281937034,1.9001398946284807,8.020542898017249,-0.21463541484888715,-7.061146657963362,-35.684554145959275,19.149784026367644,8.842991395889536,-0.53674,0.44685,-0.227852,0.028339,-0.257746,-0.371877,0.891331
21.29874610900879,13.343159504316667,-5.281054288641089,6.9049755723051405,0.6923963254303318,0.12443768134696373,-3.4016254164529216,-0.366407,0.303216,0.173969,-0.474281,-0.464046,0.698517,-0.267942,-0.345564,0.329941,-0.0713321,0.716439,0.169001,-0.674215,0.0599026,8.239440280666557,1.9795538116910962,8.183455313441097,-0.5419461016807272,-8.051227151570407,-36.163558375044616,19.24141261554923,9.866041139261487,-0.538626,0.448119,-0.226102,0.0337085,-0.253971,-0.371603,0.892342
21.363637924194336,10.586264740627618,-5.731810503890282,6.921630187626511,0.8378225584155967,-0.16534210654383877,-3.130290989233056,-0.365555,0.303533,0.174254,-0.471617,-0.46372,0.700445,-0.268177,-0.344257,0.332003,-0.0700729,0.713886,0.174742,-0.675472,0.0597443,7.871983434223436,1.7825430248249245,7.741226284180946,-0.2006372006891155,-7.49385986299886,-35.58684444374732,18.88452680062507,9.358702620526557,-0.537717,0.450272,-0.224656,0.0318837,-0.255975,-0.37302,0.891244
21.428316354751587,12.17442118288474,-6.4373801191134055,6.055468454370051,0.9494963444846717,-0.00243139104081338,-3.384902471104699,-0.365161,0.303573,0.174128,-0.469986,-0.46414,0.700759,-0.269488,-0.343259,0.332175,-0.0699015,0.714078,0.178411,-0.674187,0.0611061,7.673733539981787,1.4011915791608696,7.571304533578171,0.4593292583397872,-7.7002045218491695,-34.65097835838363,17.643604353519613,9.128970231665924,-0.535978,0.450867,-0.224785,0.0336767,-0.256302,-0.374363,0.890521
21.49271249771118,13.80686592956478,-5.263372047082059,6.390179489391712,0.7309349014456329,0.30239134896392633,-3.305008466892146,-0.365491,0.30349,0.174207,-0.471869,-0.463248,0.700458,-0.268513,-0.344172,0.332177,-0.0699468,0.714253,0.172434,-0.675787,0.0584862,7.890375386101049,1.8488489002074027,7.997965677335692,-1.3107860499535597,-7.336141781792376,-35.712285103495816,19.583307616967918,9.720302460212595,-0.537553,0.451145,-0.223915,0.0338453,-0.255088,-0.374704,0.89072
21.55768394470215,9.546716570265447,-8.821712301534628,10.184643516013496,1.4822757669366107,-0.6215282155459912,-3.4050540279398867,-0.366629,0.303787,0.174272,-0.472771,-0.465453,0.699313,-0.266088,-0.346891,0.333172,-0.0698617,0.715416,0.175657,-0.67379,0.057716,7.844965351867125,1.8429591974520998,7.847733305267305,-0.636238122397943,-7.227090640423909,-35.596843394424326,19.255913519422062,9.31734934059084,-0.54116,0.452454,-0.222503,0.0311241,-0.253269,-0.378086,0.889908
21.62349820137024,14.726754603428663,-8.101390105666127,7.859579044624977,1.243249638594936,0.19255658514789625,-3.78677058527873,-0.366533,0.303757,0.174263,-0.473532,-0.465182,0.699287,-0.265274,-0.347104,0.333518,-0.0695873,0.71596,0.181803,-0.671618,0.0572601,7.347376341739639,1.5312617822439438,7.324260052053426,1.0648596120023424,-7.822645113615162,-34.96959997074802,17.70782007292374,9.184915184369142,-0.54135,0.453656,-0.221346,0.0334899,-0.252739,-0.380568,0.888915
21.68925952911377,14.934811603508232,-4.416314638332273,4.510184501211439,0.503195958886725,0.8304913274087685,-3.106967016192366,-0.366094,0.304012,0.174858,-0.473797,-0.464873,0.699544,-0.264666,-0.347385,0.336809,-0.0673601,0.714895,0.184909,-0.67218,0.053915,6.84997585890243,1.6317133763819356,7.202956320901821,-1.0023562377592832,-7.443242321959945,-35.02283965653581,18.916405202035424,9.90344229701205,-0.542649,0.457834,-0.217152,0.0329181,-0.250922,-0.388377,0.886069
21.754525423049927,9.005432658233941,-7.054974875609833,7.106587730403929,0.9116045650953897,-0.29259704271795706,-3.040516374237449,-0.3668,0.304318,0.174852,-0.473573,-0.466372,0.699088,-0.263632,-0.349009,0.338427,-0.0666591,0.713258,0.188809,-0.672963,0.0522965,6.5646933164086105,1.85894286979475,7.015676475114256,-0.8370510539213818,-6.950312751354597,-35.30298817408803,19.469341497782523,9.624222241442329,-0.545011,0.459444,-0.215659,0.0306826,-0.250066,-0.392442,0.884598
21.81965923309326,13.756878048105834,-8.930349098421663,6.93932939661777,1.0531358073711248,0.08350506244908698,-3.882295696464992,-0.367212,0.303899,0.174552,-0.475301,-0.464798,0.698707,-0.26431,-0.350031,0.337237,-0.067381,0.714225,0.187421,-0.67248,0.050273,6.288645297053793,1.87285435155116,7.146429349822362,-0.7107515690152653,-6.595940056493253,-35.82825151895709,20.109238917157697,9.703575393023947,-0.545854,0.459121,-0.215514,0.0346289,-0.250831,-0.390812,0.884958
21.885997533798218,14.602237614110239,-6.4969407515617315,3.3609726565662057,0.36378552289400184,0.7438428307767515,-3.621902469967698,-0.367111,0.304209,0.175125,-0.478493,-0.464266,0.69742,-0.262881,-0.350462,0.338623,-0.0663491,0.716899,0.189535,-0.669143,0.0487755,5.951573785192164,1.6836030394385928,6.930488364123761,-1.1979066664041085,-8.02760226488266,-35.54207798278076,19.31851160746479,10.936324708666591,-0.546716,0.461426,-0.213231,0.0358239,-0.250701,-0.393543,0.883736
21.950610399246216,11.022446000085703,-10.421493101356075,5.6703162486128065,0.9756422926735474,0.03792774894972057,-3.9381298843202015,-0.367566,0.304453,0.175139,-0.477422,-0.465512,0.698337,-0.260179,-0.351657,0.340112,-0.0657196,0.716248,0.192539,-0.669036,0.0480467,6.023912741562324,1.634152593312775,6.695215354985448,-0.8232085547727319,-7.51404895828943,-34.96052645209621,18.890077193681037,10.186123458343118,-0.548341,0.463177,-0.211852,0.0363666,-0.250432,-0.396693,0.882381
22.015803337097168,13.370914607430452,-12.026862643295008,7.350998421970835,1.2876595319093251,0.13953598527535965,-4.375866606269761,-0.367887,0.304631,0.17519,-0.479146,-0.46439,0.697996,-0.259928,-0.352768,0.340614,-0.0655095,0.718741,0.195369,-0.66562,0.0468319,5.605696827579881,1.1995108059112198,6.499572391347668,-0.5382139953689418,-7.819488645827826,-34.33851280561039,18.03858716522362,10.427709242277084,-0.549832,0.464324,-0.210579,0.0386684,-0.251038,-0.398124,0.881466
22.080953359603882,13.71733727986217,-8.233886478085026,4.884366441680204,0.6295953937671903,0.5872220312173626,-3.823348665635315,-0.36807,0.304801,0.175451,-0.479954,-0.465352,0.697071,-0.259197,-0.353593,0.341903,-0.064745,0.716225,0.196062,-0.668261,0.0448175,5.419186193667362,1.804488594556901,6.459578056295398,-1.0971429180271528,-7.527466653872508,-35.63604508354003,19.71848989004012,10.818587038423328,-0.551297,0.465898,-0.208655,0.0377769,-0.247986,-0.400852,0.881132
22.145894527435303,6.118307963760304,-11.041890091109282,6.288900730688141,1.0988324925692101,-0.802818599597118,-3.781498932447649,-0.368477,0.304735,0.175302,-0.47784,-0.468016,0.697012,-0.258464,-0.354141,0.341894,-0.0647428,0.714827,0.19842,-0.668993,0.0458351,5.599820320905084,1.9023143574214847,6.41597623986118,-0.1808214795329839,-7.0907056189480056,-35.30725521872822,19.29740086017144,9.759129578859607,-0.552003,0.464885,-0.209568,0.0353116,-0.249372,-0.401282,0.880647
22.227413415908813,15.2841344084544,-12.818694403061704,7.812846152370785,1.4332259385817314,0.18559124154977685,-4.854482950626905,-0.36803,0.304182,0.174813,-0.47954,-0.464169,0.69755,-0.260794,-0.352712,0.340294,-0.0654816,0.714993,0.195013,-0.669876,0.0449493,5.325883027381457,1.895239053149486,6.498019789852713,-0.6469313696806296,-7.463109378977721,-35.7851354419846,19.738937693915915,10.563778954848196,-0.549486,0.463845,-0.210799,0.039348,-0.250864,-0.399912,0.880676
22.294307708740234,13.503004861605561,-10.46693375153725,5.7133612387181465,0.9858073299160871,0.5509468844594327,-4.080270283184125,-0.36751,0.304917,0.175732,-0.479593,-0.46339,0.699026,-0.258115,-0.35274,0.34295,-0.0636206,0.715286,0.198599,-0.668788,0.0405949,4.917516824452998,1.6670488947152775,6.307773636205367,-0.7578381740269613,-7.2740286159799465,-35.224928280502006,19.43525098274538,10.558739273438391,-0.549866,0.468346,-0.207083,0.0404386,-0.250794,-0.404142,0.878713
22.35866665840149,7.207417540693113,-11.372405635675484,6.112998008895942,1.1200043292403903,-0.3278364855295367,-3.77797981332807,-0.368167,0.305639,0.176061,-0.479294,-0.466875,0.697934,-0.255328,-0.354767,0.346738,-0.0616309,0.716216,0.205615,-0.665643,0.0409574,4.825543604310288,1.4335289395640007,5.918722780461077,-1.6097542647196992,-7.662355898002116,-33.996139292380356,18.587879026875562,11.052303885194231,-0.553237,0.472459,-0.203279,0.0376912,-0.247808,-0.412009,0.876024
22.42403268814087,9.90690327233874,-15.307626413161586,9.251397476230379,1.8172412675044889,-0.7244909520816777,-4.8916061468294805,-0.368783,0.304991,0.175358,-0.480314,-0.465955,0.697095,-0.257376,-0.355552,0.345107,-0.062709,0.71625,0.204307,-0.666012,0.0408917,4.6268756060404685,1.540385146257516,6.035129820991691,-1.5600048872999874,-7.395102662233893,-34.59216786912135,19.25601003300104,11.07659261546279,-0.553936,0.470431,-0.204483,0.0387566,-0.248973,-0.411077,0.876086
22.489318370819092,15.236543184270197,-9.57731719511654,4.686655774856337,0.8436947418844917,0.8265160874793884,-4.240237459612686,-0.36831,0.30513,0.175921,-0.481191,-0.46536,0.697321,-0.2562,-0.355099,0.345643,-0.0620816,0.714322,0.204703,-0.668151,0.0376202,4.3456412737225,1.9337606653840385,5.967787200547662,-1.1315979753243752,-7.419452699437486,-35.647309753714374,20.064567645774822,11.177580999522123,-0.553598,0.471624,-0.202999,0.0406515,-0.24771,-0.412157,0.87585
22.5539813041687,9.58972846358679,-9.561482672766651,4.70477563229709,0.8476280498525032,0.11572347982958012,-3.757981180999675,-0.368216,0.305775,0.176377,-0.480612,-0.465045,0.698421,-0.25486,-0.35546,0.347591,-0.0609763,0.715308,0.209258,-0.665581,0.0393351,4.300908172518545,1.368423982707216,5.468616568190706,-0.9393547521426591,-7.483051798103382,-34.31473524266006,18.63743864251032,10.982969477974429,-0.554182,0.474235,-0.2013,0.0389914,-0.246465,-0.414459,0.875191
22.61915874481201,12.041509003454797,-14.545416205265752,8.735715309355587,1.7198383250760558,-0.2897454624232555,-4.857468120140191,-0.368804,0.305276,0.175607,-0.481431,-0.465064,0.697428,-0.255997,-0.356152,0.346236,-0.061971,0.715563,0.207357,-0.665855,0.0401367,4.35778058852458,1.522106925140193,5.6019255694808505,-1.0928170254662941,-7.465474032036514,-34.60284600739002,19.000277500074912,11.040639398160453,-0.554558,0.472473,-0.202555,0.0401437,-0.24744,-0.413692,0.875226
22.684943675994873,13.92475162464658,-11.037225828234622,5.401558596456471,1.1081482926863384,0.5161653104351848,-4.397474429260852,-0.368523,0.305475,0.176092,-0.479621,-0.467523,0.697759,-0.254006,-0.356031,0.346965,-0.0614272,0.715891,0.206964,-0.665734,0.038253,4.624881108925935,1.5708221288360744,5.943933425201825,-1.220556223124051,-7.1024077794820935,-34.290220846068735,19.022831462597164,10.557250124767338,-0.554812,0.473703,-0.201349,0.0406221,-0.24561,-0.414078,0.875537
22.750746250152588,8.114629858156569,-11.425137786182077,5.833472947256084,1.2041666150576535,-0.38743904698295395,-4.0168140237117695,-0.368606,0.305822,0.176333,-0.480362,-0.466936,0.697117,-0.255443,-0.356134,0.347687,-0.0610375,0.715116,0.207141,-0.666649,0.0357761,4.189515579425781,1.7801505906806427,6.081212594022942,-1.7784730530494688,-7.005398647749337,-35.20598153476447,19.948461816849086,10.923415012383106,-0.555041,0.474509,-0.200918,0.039823,-0.246155,-0.414253,0.875338
22.815809726715088,13.106373316729323,-14.41674174113439,8.691322980355686,1.7246967104436866,-0.15923415017797254,-4.9033221344894455,-0.368891,0.305312,0.175621,-0.482176,-0.465214,0.696808,-0.256009,-0.356335,0.346498,-0.06186,0.715245,0.208873,-0.665745,0.039765,4.165113027511789,1.59827505369055,5.474170610147158,-0.8459096384737599,-7.82545281071538,-34.88397394280366,18.974587857255244,11.2760179917476,-0.554917,0.472674,-0.202297,0.0428315,-0.246632,-0.41464,0.874878
22.88155746459961,12.660713414768816,-10.719673181747098,5.821110859185277,1.0991570537228414,0.32956534205938104,-4.263697785947173,-0.368658,0.305541,0.176227,-0.482166,-0.465574,0.696884,-0.255167,-0.356368,0.347379,-0.0611817,0.715742,0.20807,-0.665547,0.0382942,4.205910146909809,1.6289353671290865,5.638744231003265,-1.5365673367090036,-7.679833510955579,-35.035697045153526,19.517811218487775,11.530885501336618,-0.555298,0.474018,-0.200859,0.0413306,-0.24542,-0.415637,0.874818
22.946632623672485,8.352474689853006,-13.162268975044196,7.622629963021552,1.5342851048778186,-0.5883592084432673,-4.267456602358074,-0.369004,0.305804,0.17627,-0.481443,-0.466998,0.696181,-0.255846,-0.356959,0.347801,-0.0611376,0.716062,0.207953,-0.665418,0.035051,3.9727978984439467,1.7360698852184897,6.09916809329761,-1.9026750118771147,-7.210060191192852,-35.401249300335714,20.05263178937847,11.241540730035089,-0.555963,0.474589,-0.200675,0.04077,-0.244969,-0.415336,0.875114
23.012515544891357,13.337597651916592,-14.42922032857949,8.50909533229573,1.753486660485298,-0.09924676265991983,-4.94431472446404,-0.36911,0.305515,0.175875,-0.48144,-0.465943,0.696669,-0.256448,-0.357066,0.347002,-0.0616129,0.717609,0.206301,-0.664112,0.0378568,4.255370939368591,1.406711907966671,6.055184315992371,-2.345781572240991,-7.088573298548823,-34.55419504005391,19.13842723554254,11.025704087756452,-0.556129,0.47369,-0.200985,0.0412249,-0.246942,-0.414917,0.874737
23.077320337295532,12.738466957549555,-9.886562858108055,5.1291127513924275,0.9331810608046708,0.42650746870418615,-4.114525000458542,-0.368676,0.305897,0.176527,-0.479255,-0.468469,0.697826,-0.252764,-0.356942,0.348515,-0.060538,0.715624,0.208675,-0.665681,0.0347275,4.371422582839104,1.6501422006807243,6.069798156847157,-1.4797666782726164,-6.503761869540341,-34.495640476769076,19.35731705415307,10.24915090037432,-0.556098,0.47587,-0.19916,0.0421212,-0.243829,-0.417491,0.874342
23.142845630645752,8.25319386448061,-12.282855238182556,6.9795397550877984,1.3607124790183647,-0.5709999421907459,-4.171820709903875,-0.369137,0.30591,0.176297,-0.482428,-0.466249,0.696822,-0.253603,-0.357525,0.348582,-0.0606728,0.713894,0.211184,-0.666681,0.0359529,3.909895030942256,1.8901080002528965,5.413264289789098,-0.8166175000566795,-7.382231871695019,-35.554410876056345,19.886933190508024,11.234305289966363,-0.556905,0.475583,-0.199586,0.0404776,-0.244209,-0.415961,0.875043
23.22742247581482,12.63288991446429,-10.769306522329602,5.12379390482632,1.034582622948038,0.24126512709314307,-4.43253647501641,-0.369081,0.305402,0.175888,-0.479274,-0.467874,0.697399,-0.254997,-0.35716,0.347227,-0.0613001,0.71566,0.208854,-0.665376,0.0385521,4.435436644810737,1.5003304210420607,5.88440895863014,-1.3728860786950001,-6.543427424438551,-34.190702723194725,19.06872322297446,10.263714745331836,-0.556378,0.473704,-0.20076,0.03997,-0.245679,-0.41554,0.874855
23.292215824127197,11.83328970873471,-9.097676138484049,3.6632673227750168,0.7224413096900465,0.45666033355534497,-3.992325581600376,-0.368613,0.305721,0.176336,-0.48064,-0.466674,0.69713,-0.255365,-0.356525,0.347998,-0.0605431,0.716968,0.211989,-0.662993,0.0381691,4.0139729010916145,1.1559746818178998,5.605043632779912,-1.142301423024092,-7.50248690186387,-33.72061276072375,18.309819093125565,11.081888503633483,-0.555523,0.474927,-0.200102,0.0396115,-0.245024,-0.417471,0.874135
23.35851550102234,9.409069194629762,-11.435414216003947,5.0928816978488785,1.1352154300792086,-0.16948610797694127,-4.249676468703155,-0.36878,0.305472,0.175916,-0.481499,-0.46577,0.696945,-0.255901,-0.35628,0.347305,-0.0612767,0.713922,0.208318,-0.667312,0.0401615,4.29771826128901,1.8105646147654253,5.490890232755171,-1.5523071526972387,-7.4613849025499634,-35.21835630227259,19.798846208415835,11.288631675499284,-0.555158,0.473424,-0.201521,0.0391537,-0.247066,-0.41491,0.8748
23.423744440078735,12.812584881649569,-10.313636513397087,4.277176627244563,0.8809407455749277,0.4310219304135194,-4.417016203831512,-0.368635,0.305165,0.1756,-0.479191,-0.466964,0.698016,-0.255136,-0.355906,0.346629,-0.0615517,0.713536,0.207836,-0.667959,0.0387577,4.469434548137754,1.7862784392415156,5.772957299805455,-1.0439290470840845,-6.7298952634389835,-34.637397163360475,19.50948054391183,10.353167047621985,-0.554532,0.472554,-0.202204,0.0389459,-0.246529,-0.414855,0.874987
23.489399433135986,10.942905651827745,-9.507642107948895,3.8875736891348445,0.7818276651700736,0.37210263905375035,-3.9647720769554566,-0.368513,0.305547,0.176162,-0.479176,-0.467851,0.697693,-0.254422,-0.356115,0.347599,-0.0609009,0.716034,0.208585,-0.665147,0.0369809,4.390386368876975,1.4750066091939102,6.001734607610544,-1.5055470964953628,-6.960541742910142,-34.038938747520625,18.835425776241998,10.568675157955182,-0.555089,0.47398,-0.200941,0.039987,-0.246475,-0.416131,0.874349
23.55504035949707,10.480724765500804,-12.774432404303147,6.988949209280862,1.3978603251125257,-0.1723712363067059,-4.443999222550639,-0.369042,0.305468,0.175933,-0.480799,-0.465959,0.697011,-0.25669,-0.356794,0.347295,-0.0613098,0.714807,0.208834,-0.666371,0.0372657,3.995269638682574,1.6565014811910084,5.814154146597379,-1.5987112132816144,-6.867354452577085,-35.1558130020682,19.896890279454073,10.902047268853284,-0.555874,0.473439,-0.201286,0.0398025,-0.246051,-0.41554,0.874758
23.620429754257202,12.099180597856572,-10.772398325205204,4.920764151965363,0.9786763017547141,0.36046938817297225,-4.3911556508108935,-0.368972,0.305427,0.175969,-0.481753,-0.465881,0.697038,-0.254965,-0.35684,0.347394,-0.0611635,0.713931,0.210535,-0.666815,0.0365401,3.903247984755379,1.8027477890166363,5.519707299806535,-0.6441979059491967,-7.31358038045623,-35.336576907449185,19.659207868834383,11.013070770001095,-0.556089,0.473661,-0.200796,0.0403197,-0.247498,-0.415893,0.874158
23.686100721359253,12.138648586293547,-11.9121301253226,5.020322385540127,1.1508761237675573,0.41413534237601446,-4.501841749682852,-0.368518,0.305891,0.176427,-0.480976,-0.465915,0.698083,-0.253504,-0.356452,0.348566,-0.0604279,0.715152,0.208934,-0.666071,0.0354075,4.137813309865114,1.6276898359005547,5.728608172397421,-1.6025395233544142,-7.0259430852491525,-34.71621979946931,19.478930097482312,10.833672430512136,-0.555448,0.475931,-0.199375,0.0410844,-0.247116,-0.418499,0.872986
23.751933336257935,12.341489052029416,-11.906110492555673,5.471484894267142,1.1779787367534185,0.36883361405624415,-4.487764337774415,-0.368595,0.306036,0.176463,-0.479746,-0.467976,0.697975,-0.252335,-0.356627,0.349149,-0.060082,0.716265,0.21151,-0.664048,0.0356118,4.227435420032941,1.366112760146665,5.734665176788395,-1.2129134533203274,-7.2814557051107185,-33.684346414599595,18.476544569684204,10.734665112535387,-0.555437,0.477046,-0.198751,0.0410312,-0.245279,-0.419745,0.872908
23.81767225265503,11.311063577048401,-12.205637037553496,5.5253308896636675,1.1457896787946205,0.12225053897729378,-4.568981857638281,-0.368838,0.305995,0.17644,-0.481029,-0.467549,0.697041,-0.253264,-0.35722,0.348979,-0.0600851,0.71723,0.214368,-0.662042,0.03645,3.90382705719123,1.1376928888994264,5.475629007951601,-0.6624984145512958,-7.754788621071585,-33.46261525170004,17.75688405067368,10.920797591846725,-0.55629,0.476697,-0.198634,0.0422954,-0.245128,-0.419837,0.872846
23.883171319961548,12.179759152671046,-13.186996361945633,5.998993743633907,1.3353004842672014,0.19225451866644314,-4.723049903267675,-0.368979,0.305794,0.176257,-0.48094,-0.468577,0.696318,-0.25352,-0.357218,0.348824,-0.0603632,0.714972,0.209879,-0.666021,0.0343736,4.070217098662094,1.9067366053761197,5.94344192347389,-1.8318859800002176,-7.254068868004644,-35.07843158927281,19.807908432142185,10.967380369930492,-0.556522,0.476279,-0.198805,0.0417384,-0.246589,-0.419061,0.872835
23.949015378952026,12.139781413264592,-13.462074973972943,6.034861029857022,1.3890219010471896,0.12365334354898048,-4.790176737813663,-0.368446,0.306043,0.176457,-0.479323,-0.467774,0.698442,-0.252222,-0.356527,0.349246,-0.0599893,0.715728,0.211408,-0.664718,0.0344918,4.1650958067692265,1.4133754246283246,5.79290573238899,-1.2076587003860606,-6.880542387612355,-33.77541624833008,18.606487352314403,10.442143104220145,-0.555295,0.477448,-0.19842,0.0431415,-0.246223,-0.419782,0.872523
24.014657974243164,11.987445661130195,-12.01084093329669,5.750238837074112,1.1561665785354491,0.13756578258807162,-4.598528317562107,-0.368375,0.306118,0.176659,-0.481032,-0.465929,0.698439,-0.252391,-0.356452,0.349777,-0.0596665,0.714407,0.211129,-0.666303,0.0329768,3.862405555634702,1.6767186566568584,5.624589594345656,-1.5369992047465608,-7.046058440896318,-34.80703899329373,19.544229116907783,10.864263620089211,-0.555555,0.478094,-0.197615,0.0453903,-0.247424,-0.420284,0.871827
24.08158230781555,10.823279487773254,-13.181606594128162,5.969477753914795,1.3484228697308476,-0.08715009046855715,-4.656568012297883,-0.368866,0.306166,0.176534,-0.480477,-0.466822,0.69832,-0.252129,-0.357379,0.349791,-0.0596412,0.718287,0.213723,-0.661205,0.0345419,3.9246979903088635,0.9001050448098201,5.611119746034474,-1.3032400215370625,-7.3541421134694005,-32.842666660937866,17.535206506951546,10.90705513118641,-0.556671,0.478389,-0.197222,0.0428031,-0.246822,-0.420947,0.871809
24.147765398025513,10.806016192881717,-12.133017696677394,5.89763192543341,1.2249494253829596,-0.1057299453441353,-4.486150659456945,-0.368999,0.30607,0.17644,-0.480907,-0.46668,0.698113,-0.252144,-0.357653,0.349543,-0.0599389,0.714332,0.214163,-0.665357,0.0341303,3.781126995630344,1.5501788564372811,5.363559171720023,-0.42505349459421105,-6.90144379787818,-34.4991026479093,19.051962986370715,10.483060673305005,-0.556905,0.477725,-0.19764,0.0426823,-0.245006,-0.420609,0.87249
24.227246522903442,10.237130339741638,-10.753264733868694,5.53800042566602,1.0678953545104115,-0.24454741589405876,-4.254792373545226,-0.369052,0.305796,0.176278,-0.481649,-0.466454,0.696491,-0.255606,-0.357328,0.348696,-0.0602801,0.716363,0.214066,-0.663122,0.0356196,3.541135261617524,1.2897137845018967,5.550040306948125,-1.1287611803322921,-7.542377804215357,-34.33140017137496,18.90575591721457,11.383399574166353,-0.556509,0.476203,-0.19884,0.0414803,-0.244484,-0.418873,0.873529
24.294182062149048,9.510315074791468,-9.294192766343699,5.146948974833419,0.8926442578960203,-0.32952243104943535,-3.9774769432228103,-0.369149,0.305539,0.17601,-0.480751,-0.4669,0.696621,-0.256128,-0.357179,0.347843,-0.0608341,0.714404,0.210914,-0.666209,0.0361571,3.827926306118196,1.7190428498038286,5.759322474238101,-1.3574252670650147,-6.895156621495763,-35.09845531316727,19.870908235658664,10.838267427264531,-0.556507,0.474226,-0.200159,0.0399814,-0.244778,-0.417298,0.87427
24.359394073486328,8.230980964184608,-8.337681839997346,4.042827725096505,0.7574097369585451,-0.3856514001554381,-3.6764608954230464,-0.369351,0.305227,0.175637,-0.480171,-0.468829,0.695769,-0.256009,-0.357231,0.346722,-0.0616147,0.714711,0.208249,-0.666489,0.0401648,4.488773720765512,1.8599325622012801,5.86463968898806,-1.526997405585016,-7.12450071130609,-34.87722690690055,19.736348089680853,10.779959261777067,-0.556469,0.472129,-0.20194,0.0369591,-0.243364,-0.414724,0.876021
24.424466133117676,5.530305174774291,-7.794348248086971,3.289550398216794,0.72677770854909,-0.7196642787693882,-3.3191363603303627,-0.369348,0.30503,0.175483,-0.480205,-0.467944,0.696037,-0.256836,-0.356527,0.344906,-0.0628832,0.716073,0.203589,-0.666291,0.0429825,4.986263052614671,1.7488775710707993,6.061922224065123,-1.4848131138846483,-7.400113651191599,-34.83172191662788,19.383567216065135,10.869608487989808,-0.555792,0.468488,-0.205419,0.0353713,-0.245256,-0.407924,0.878747
24.489620685577393,6.659997043498782,-5.519943185224185,2.1483293099254044,0.3889123149217908,-0.49125087496898007,-3.0812735362595234,-0.369075,0.304527,0.174942,-0.478885,-0.467168,0.696411,-0.259682,-0.354427,0.33876,-0.0669898,0.71899,0.189085,-0.666813,0.0515724,6.633776104906911,1.6205724964276393,6.872511222312232,-0.7861436485336792,-7.430636343769111,-34.990810749951805,18.80719281242266,9.912160622491049,-0.552185,0.45957,-0.213831,0.0331684,-0.248323,-0.391549,0.885395
24.554582118988037,6.794432066546964,-3.7472055051950597,1.77702874739132,0.16030544365844343,-0.5665868435982964,-2.9031368574971723,-0.368949,0.304025,0.174555,-0.477321,-0.468197,0.695957,-0.261916,-0.352239,0.331971,-0.0710825,0.724764,0.169499,-0.664878,0.0626359,9.042970794030504,1.277930758974242,8.146435618168518,-1.428187007928626,-8.051207639514562,-34.291601030029256,17.685901933351367,9.654283962621937,-0.548213,0.449718,-0.222854,0.0342134,-0.250709,-0.373292,0.89254
24.620941162109375,9.674107402492632,-4.487800547580372,3.351114022571996,0.3008882589165281,-0.5056750856431441,-3.3107863189059827,-0.368576,0.303539,0.174088,-0.476216,-0.467718,0.695791,-0.265205,-0.34932,0.322992,-0.0763567,0.728318,0.147551,-0.666062,0.0643638,10.665083812473743,1.4259987001956045,10.104343076190974,-0.17749322990832184,-7.964217118772058,-35.97400005329416,18.461667169468743,9.319849559384211,-0.54273,0.439057,-0.232481,0.0408223,-0.253193,-0.350122,0.900912
24.685369968414307,8.923541646005516,-5.523296220590929,3.7940788023723364,0.4942859632462863,-0.7400178054263885,-3.3833259774587088,-0.368472,0.303304,0.173852,-0.475747,-0.467162,0.696557,-0.265014,-0.347366,0.317991,-0.0787496,0.730149,0.132549,-0.667128,0.0652245,11.967344247029848,1.5681965000679978,11.243183245308941,0.06916229542277819,-8.379689299565086,-36.41927889750973,18.446772609952365,9.50773980436401,-0.538924,0.432207,-0.238626,0.0444548,-0.257215,-0.335699,0.90508
24.751132488250732,10.113488128234371,-6.423969799328229,3.6819303343601315,0.7765599727767151,-0.42551291835331645,-3.4727961458991508,-0.368019,0.303252,0.173785,-0.475395,-0.466788,0.696215,-0.267197,-0.346393,0.317806,-0.07882,0.730496,0.132505,-0.666708,0.0657144,11.802066067952136,1.424070893396106,11.353704215351076,-0.41107765108094263,-8.516379661616499,-36.3361235851126,18.484022314324886,9.724616409576063,-0.537755,0.432493,-0.238619,0.0431795,-0.258428,-0.336374,0.904546
24.815677165985107,9.992160662835577,-5.439409917939248,3.4319786992144183,0.7415054030399187,-0.3109442278586628,-3.1246496255819283,-0.367733,0.303477,0.174091,-0.474814,-0.466316,0.69745,-0.265827,-0.346916,0.321411,-0.0769132,0.730047,0.142527,-0.665282,0.0641684,11.023342201268784,1.0445505532158093,10.547377008091276,-0.2463728878060909,-8.30575249420106,-35.14301491297133,17.48203611754717,9.361274532747409,-0.539543,0.436861,-0.23483,0.0412978,-0.25496,-0.346091,0.901948
24.880234956741333,9.971374360051149,-6.185355082805147,3.4252235830572064,0.8975912241859485,-0.1864544746094099,-2.9411959548269584,-0.368163,0.303643,0.174273,-0.476833,-0.466556,0.696394,-0.264557,-0.349314,0.325429,-0.0751862,0.727821,0.152703,-0.665639,0.0623088,10.069582554308557,1.3123831833283068,9.656830607673797,-0.6752867846431521,-8.103538534307955,-35.794003095593105,18.47771813914244,9.674919239066007,-0.543924,0.441898,-0.229671,0.0443491,-0.250362,-0.355497,0.89943
24.945531129837036,10.568973664906565,-5.523818436324513,4.950577123349649,1.0160618497197655,-0.24225485303693153,-2.586629070930349,-0.369218,0.304012,0.174629,-0.478107,-0.468011,0.695997,-0.260706,-0.353343,0.329501,-0.0734553,0.730841,0.162096,-0.66039,0.0590026,9.423353327530121,0.7805001862480099,9.12405910487664,-1.016395490693128,-7.638479679190883,-34.45485787319287,17.693220727218666,9.370169073024654,-0.55043,0.447392,-0.223658,0.0430031,-0.243257,-0.363355,0.898304
25.010581254959106,13.049501008931776,-3.6637141932254362,4.843988364548777,0.9421677087033746,0.2987893872690347,-2.1092570786523104,-0.370187,0.304155,0.174835,-0.48145,-0.46741,0.694418,-0.259842,-0.356144,0.330136,-0.073346,0.732087,0.163821,-0.658556,0.0592863,9.187965749275119,0.829204154532167,8.774348007817132,-1.095528373499139,-7.684412193534412,-35.0443370842952,18.183743610159297,9.81478761940524,-0.554256,0.448381,-0.221794,0.0404584,-0.236558,-0.36562,0.899292
25.075209617614746,12.544884822601018,-2.3052256580314867,3.116816043085755,0.9273443922272596,0.5036903939195532,-1.689918981998663,-0.371054,0.304013,0.174741,-0.48242,-0.468173,0.693807,-0.258296,-0.358307,0.327876,-0.0748047,0.735195,0.159253,-0.655984,0.0617402,9.889804539029369,0.6405198652594202,9.009541762772628,-0.3397705346910538,-7.202530503387151,-34.83321035739335,17.74161642840422,9.065955322933181,-0.55772,0.443652,-0.223974,0.0363211,-0.23115,-0.358291,0.903813
25.140809535980225,13.321909283705834,-0.7626437953319969,3.1845782719471716,0.7278530968459669,0.1323403216767402,-2.0203133464869816,-0.371319,0.303727,0.174543,-0.482597,-0.469303,0.693076,-0.257878,-0.358695,0.323767,-0.0773928,0.739318,0.151241,-0.65269,0.0673116,11.068849130263509,0.28010080962647493,9.469112319360828,0.8047715982476973,-7.450221500899588,-34.51126706076926,16.611305409466944,8.979357939272385,-0.558144,0.437392,-0.228092,0.0372819,-0.228464,-0.347371,0.908707
25.22294306755066,13.689425870232109,-0.7217968728578195,3.9098792989564704,0.6389706176725624,-0.34068519771426525,-2.868020390283387,-0.371706,0.303432,0.174332,-0.484928,-0.467451,0.692085,-0.259525,-0.358985,0.320267,-0.079332,0.742463,0.144307,-0.650553,0.0685987,11.365810739437926,0.11146132658378882,9.898108136326538,1.1972621855063093,-7.916982478404473,-35.0232477114994,16.592985103043038,9.57103006554256,-0.55815,0.432222,-0.231335,0.0388991,-0.22902,-0.339744,0.911378
25.28788948059082,12.184583132809363,-1.3772781546772421,9.999917788407386,1.4907862106403629,-1.3123540301173435,-3.381613119267676,-0.371685,0.303433,0.17424,-0.482653,-0.469836,0.69204,-0.259577,-0.36015,0.323809,-0.0777972,0.738332,0.158564,-0.651138,0.0757788,11.049451557831244,-0.03238017218173912,8.3967080769541,2.0892988718631713,-7.249067407548209,-34.26621581503261,15.944615441951896,8.982885317162216,-0.561323,0.432498,-0.229396,0.0267585,-0.223709,-0.350641,0.909004
25.352654695510864,8.75325463791128,-5.513256875207121,11.179260934206075,2.972043902480633,-1.4810418823942597,-3.612306681634164,-0.371959,0.303605,0.174249,-0.481132,-0.470389,0.692831,-0.259291,-0.362271,0.329272,-0.0749035,0.732576,0.176185,-0.65206,0.0843138,10.51087059736767,-0.23345649176746675,6.247493084287462,2.1917094809669546,-6.414766783765091,-33.09844576514082,15.262806507472336,7.976570075388559,-0.565968,0.434297,-0.226079,0.00995337,-0.221539,-0.365263,0.904104
25.417736768722534,8.28136090110945,-5.791137022641799,5.59939163951435,2.809164473195775,-0.10382993136374695,-3.4482756847247105,-0.372252,0.303698,0.174276,-0.480756,-0.470754,0.692526,-0.260141,-0.365009,0.33536,-0.0715281,0.719445,0.196321,-0.659806,0.0922636,9.466202782316746,0.7054526620325592,3.6440444708036765,2.6071289819063193,-4.826331312280662,-34.77849606755449,16.22495094653051,7.289678334062498,-0.571578,0.43412,-0.223463,-0.0163749,-0.222329,-0.379367,0.897988
25.48297619819641,9.218754792488923,-8.037160378402369,1.0559722307909483,3.1676381425255022,1.1281580240742806,-3.718580557587166,-0.371622,0.303757,0.174297,-0.480236,-0.471208,0.691864,-0.262033,-0.36356,0.336493,-0.0707771,0.715278,0.200277,-0.662527,0.0965648,9.335216233222557,1.049861682459158,3.032890156683495,2.459683988569056,-5.521362053174461,-35.29902410668405,16.458514806382542,7.949904551791034,-0.570216,0.432317,-0.225078,-0.0269548,-0.226949,-0.381698,0.895586
25.54774498939514,10.242391100201912,-9.269455522606155,-4.260677782936275,3.1475349418250134,2.025982014134198,-4.101013786206147,-0.369956,0.303579,0.174059,-0.474237,-0.470894,0.694231,-0.267213,-0.359092,0.335803,-0.0711073,0.710036,0.200843,-0.66661,0.105557,9.803412432101451,0.8925844996674527,2.672391195092172,2.5208496677393466,-5.004205099430673,-34.863471641680874,15.907912424565245,7.380390136539641,-0.564377,0.427598,-0.229885,-0.0324591,-0.23487,-0.378368,0.894774
25.61345648765564,10.9142986598977,-7.334196745965943,-5.913860881828199,2.644520705040074,2.639269661899302,-3.9559099012497767,-0.368023,0.303622,0.174014,-0.468621,-0.470199,0.696544,-0.272276,-0.354392,0.335768,-0.0711101,0.70252,0.20229,-0.672315,0.11635,10.29461901795229,1.0023273891747615,1.951643642521869,2.667317150338814,-4.595863311436688,-35.03243165398221,15.638738128953266,7.110640103229198,-0.557973,0.42294,-0.234787,-0.0459639,-0.238896,-0.37554,0.894307
25.67819118499756,12.376489995920851,-6.747588130659471,-8.378529873095552,2.2279883470163697,3.3626109245830684,-4.078944878050505,-0.36656,0.303507,0.173605,-0.465931,-0.469236,0.697316,-0.276544,-0.350225,0.335208,-0.0714077,0.696296,0.20583,-0.675206,0.130011,10.774314889466229,1.0239958234377782,0.7183229064231808,3.6671141586220983,-6.039021246149746,-34.805346266132574,13.789540494483738,7.70893955058043,-0.551471,0.417455,-0.240581,-0.0589847,-0.246089,-0.374166,0.892166
25.74316906929016,10.48635596451021,-7.233131368874882,-8.26073606777745,2.2004363939026734,3.018465553128848,-4.164923066105737,-0.36586,0.303453,0.173609,-0.462995,-0.467826,0.699414,-0.278561,-0.347073,0.334236,-0.0716264,0.690069,0.197169,-0.68282,0.136697,11.827381264560033,1.7824494580911743,0.7504695709705016,2.2604396759069783,-5.48944444331908,-35.822107275153286,15.348904584686723,7.553122678197638,-0.545317,0.412489,-0.246212,-0.069457,-0.252409,-0.368408,0.892043
25.80927348136902,11.817782206739189,-8.096840713555032,-4.736311400815655,2.53921992339111,2.5947969463207254,-4.364768619668603,-0.365439,0.303262,0.17326,-0.463164,-0.467057,0.698882,-0.280892,-0.343818,0.332057,-0.0725383,0.689638,0.189575,-0.685193,0.137737,12.23421712806841,2.151139046064463,1.3340410691717561,1.5770064982742902,-7.0345128550389555,-36.45762443910205,15.855568036667224,8.687879191631342,-0.539336,0.410119,-0.25031,-0.0691312,-0.260461,-0.359036,0.893574
25.87555503845215,11.729799582670699,-9.239730275608077,-1.6275175131978104,2.814103700731994,2.3742439310612116,-4.116673595396491,-0.36523,0.303166,0.173186,-0.462691,-0.466748,0.699209,-0.281372,-0.342511,0.330787,-0.0729604,0.688972,0.183506,-0.688005,0.135249,12.467817306580267,2.5314732062647396,1.9884185536788204,1.0139007732515193,-6.836321627985314,-37.14562929016686,16.945651530498047,8.771544792577048,-0.537195,0.410906,-0.250616,-0.0604044,-0.261691,-0.354218,0.895767
25.94151520729065,11.16368284487823,-7.8262923835424765,0.5979915973202025,2.4143921450717767,2.1922016921791005,-3.4962546055756736,-0.365816,0.303173,0.173177,-0.464968,-0.466286,0.698879,-0.279197,-0.344486,0.330827,-0.0732808,0.693934,0.184804,-0.68403,0.128083,11.901503637469533,2.1205124367998076,2.335817123041421,1.5518422703152144,-6.802982305566977,-36.83078151206202,16.607408584466743,8.77749243659952,-0.5408,0.414268,-0.247556,-0.0524751,-0.256749,-0.3571,0.896552
26.006376266479492,10.47326895919246,-6.931562448586516,2.6039068262057468,1.9767003067811904,1.993064448856424,-3.1303554396794833,-0.366789,0.303068,0.173143,-0.467172,-0.467309,0.697446,-0.277385,-0.347486,0.330251,-0.0740225,0.701238,0.183156,-0.67813,0.121898,11.699098245373579,1.5701832636592201,3.105592854772863,1.1676893707019058,-6.382461859232927,-36.17625535498848,16.696228976715304,8.573004839285725,-0.545952,0.416191,-0.244706,-0.0438718,-0.253206,-0.357942,0.897686
26.071081399917603,10.44939500348438,-5.652271423775587,0.711904831355007,1.5683287787985238,2.079612795955694,-3.128128635861339,-0.36727,0.302932,0.173146,-0.468588,-0.467176,0.696588,-0.277376,-0.348845,0.329509,-0.0744625,0.702567,0.186441,-0.675744,0.122515,11.423603796336637,1.3430729706193274,2.7947747056664562,2.5856120542846606,-6.573135335776285,-36.15303614901549,15.615667584317546,8.642238732634855,-0.547904,0.415906,-0.244278,-0.0453777,-0.250663,-0.358934,0.897928
26.136117219924927,11.244660147000113,-4.77722752820133,-2.82425874329229,1.4034759800571213,2.4200168557018373,-3.3542560375777115,-0.366641,0.302871,0.173136,-0.467178,-0.466253,0.697972,-0.277825,-0.347348,0.32947,-0.0742764,0.699673,0.183581,-0.678809,0.126387,11.93507026167967,1.5767039875869298,2.6060452391742763,1.8736212326216908,-6.244178144994827,-36.247641776726546,16.023165674792065,8.36735242358811,-0.545324,0.413115,-0.246492,-0.0513243,-0.252782,-0.35799,0.897391
26.218130350112915,11.298665265098903,-4.587640627480119,-5.352654310194274,1.3256369949858164,2.746616941914556,-3.5299767638815265,-0.365792,0.303026,0.173236,-0.464582,-0.466627,0.698577,-0.280023,-0.343947,0.329289,-0.0737746,0.692205,0.184226,-0.684909,0.133465,12.32390790114024,2.254460354777022,2.0180735058954116,2.668162976284445,-7.064643148744944,-37.048584132163455,15.706513080152785,8.7372008026623,-0.539229,0.409478,-0.250986,-0.0588565,-0.260296,-0.352104,0.897109
26.283668756484985,11.384825370698348,-5.427254214421864,-5.115158438048952,1.540983967834924,2.7032128997149707,-3.8259579134905164,-0.365064,0.303073,0.173164,-0.462388,-0.466519,0.699483,-0.281568,-0.34012,0.327708,-0.0738669,0.688212,0.179084,-0.689313,0.13835,13.052516499152691,2.709231842770311,2.077351793684288,2.92049345039338,-8.135949476762764,-37.260784289320604,15.234628172832762,9.094818167981202,-0.531977,0.406256,-0.255478,-0.0615181,-0.268659,-0.345797,0.896918
26.349198818206787,12.108547831518441,-6.744505319652912,-3.5806791745566655,2.07740135657871,2.4867460598733944,-4.174563962044477,-0.364568,0.303058,0.173025,-0.461063,-0.466081,0.700326,-0.28237,-0.336988,0.326227,-0.0742727,0.685107,0.168762,-0.694255,0.141979,14.116094839217656,3.351572818492939,2.5638562009041763,1.445966066508661,-8.800842046522035,-37.986151832497356,16.355018621212942,9.46476702591407,-0.526355,0.404387,-0.258523,-0.0627384,-0.274826,-0.340749,0.896898
26.41530156135559,11.854141266863483,-6.766314365469162,-1.3292098759375124,2.159996331168137,2.2639943012611496,-3.928457650472031,-0.364427,0.302985,0.172949,-0.460895,-0.46551,0.700391,-0.283423,-0.336713,0.325967,-0.0744372,0.686226,0.168101,-0.69366,0.140256,13.926588440763373,3.1843807028327107,2.8101179062786925,1.104786968979,-8.581024010171374,-37.88044561079128,16.654327190938016,9.453726712853666,-0.526128,0.404793,-0.258314,-0.0600941,-0.273403,-0.341149,0.897361
26.481371879577637,11.513149900343715,-6.655360309711218,2.055350489546731,2.038444757863404,2.2263463418422336,-3.369487540886976,-0.365174,0.302964,0.172919,-0.46269,-0.466566,0.699424,-0.28114,-0.339419,0.326255,-0.0748201,0.691174,0.173107,-0.688953,0.132877,13.143115961517625,2.7096018120380996,3.031226332589843,2.5019209694767994,-8.37699025356143,-37.49342041677044,15.801838241735947,9.392300867714846,-0.532106,0.408096,-0.254599,-0.0509687,-0.268478,-0.344149,0.898267
26.546035766601562,11.62984518688281,-5.66341897812214,2.8971324060057495,1.5949211308607119,2.415316194951264,-3.0163073910361193,-0.366154,0.30297,0.172964,-0.464705,-0.466816,0.698931,-0.278618,-0.343506,0.326776,-0.0749959,0.701956,0.174309,-0.678293,0.129588,13.038325514096954,1.3006829583480781,3.3687201241729423,1.667042307114298,-7.7136325883672745,-34.69815032582476,14.416751662547972,8.58279785702557,-0.538416,0.410736,-0.251089,-0.0492154,-0.262151,-0.348812,0.898435
26.61173701286316,12.427501732960138,-4.360624646617308,1.2570894276408928,1.1859792769222406,2.8071914918217686,-3.008191054784537,-0.366357,0.302897,0.173099,-0.466415,-0.466159,0.698054,-0.279057,-0.344326,0.326987,-0.0751148,0.697281,0.172323,-0.684447,0.125046,12.605184230756358,2.4143165636066377,3.5977127736381256,1.114551491844999,-6.792609089175899,-37.72874321622068,17.600852726719204,9.045279041212106,-0.539792,0.411402,-0.250223,-0.0487448,-0.26021,-0.350018,0.898555
26.676928281784058,12.360635558841832,-5.294786727535471,-1.491122558446857,1.3051117966370878,3.1330104478736,-3.2858171150318496,-0.365636,0.303014,0.173154,-0.464169,-0.466013,0.699215,-0.280137,-0.341861,0.327552,-0.0741948,0.692891,0.175136,-0.686914,0.131828,12.905527416836254,2.506306804308345,2.8410362909229163,1.6971909105459266,-7.562381397651539,-37.117313676574774,16.257891629463973,8.901246380514102,-0.535122,0.409652,-0.252879,-0.0542475,-0.265446,-0.346819,0.897949
26.742929935455322,12.073877800504818,-6.436818124102229,-0.49345306018500434,1.7320653158298744,3.060764144906045,-3.654019274365824,-0.364747,0.303173,0.173148,-0.462355,-0.465867,0.700123,-0.281113,-0.338059,0.327064,-0.0739362,0.686325,0.16943,-0.69383,0.137303,13.734535307825722,3.403279536304806,2.752080520354856,1.1105212996640477,-8.574897935534569,-38.201779762040054,17.03209071059159,9.504808037523947,-0.528452,0.406738,-0.256973,-0.0609351,-0.274733,-0.342105,0.896534
26.808116912841797,12.102751113081217,-8.14500648574816,0.6307656808998708,2.289254860253674,2.7941916026170697,-4.185658311394024,-0.364196,0.303239,0.17319,-0.459672,-0.463187,0.702176,-0.284797,-0.334255,0.325866,-0.0738187,0.680276,0.165225,-0.699359,0.144295,14.252348160373572,3.7689236583982773,2.428281270109693,1.0076089923655527,-9.072778974436186,-38.76240286375971,17.190985219241504,9.85032703570849,-0.520484,0.402951,-0.261978,-0.0639998,-0.282655,-0.335452,0.896372
26.87313461303711,12.855766153579648,-8.460075096352764,2.4573749817745973,2.527346574038728,2.6851016216221995,-4.299245079992124,-0.363684,0.303188,0.173019,-0.459019,-0.464543,0.701464,-0.285392,-0.332158,0.325053,-0.0738447,0.679825,0.165773,-0.699844,0.143443,14.174362656783012,3.8794242718765113,2.6293200093358307,1.9683621717998872,-10.316020068998366,-38.75685150639764,16.446410806147856,10.234245975379828,-0.516874,0.401964,-0.263629,-0.0661966,-0.285789,-0.33277,0.896218
26.938352346420288,12.187818766902025,-8.087693221408832,4.098841433140402,2.4805368350561987,2.4357921898151313,-3.9315717961342456,-0.36374,0.303217,0.172972,-0.459245,-0.466182,0.700272,-0.285286,-0.33276,0.325595,-0.0738465,0.680492,0.163387,-0.700991,0.137285,13.951238447357813,4.224264715733599,3.4498786741100655,0.5886453208667355,-9.765909558513407,-39.5365612056589,18.413772217025038,10.42544179075792,-0.518636,0.404709,-0.261443,-0.0602749,-0.284208,-0.335282,0.896202
27.003703832626343,10.934445758410943,-7.718064595529491,3.7880636424568155,2.2511917691249224,2.0461779345589908,-3.472084684425722,-0.364464,0.303226,0.173011,-0.462343,-0.465347,0.700106,-0.282034,-0.335758,0.326169,-0.0739442,0.687414,0.167015,-0.694633,0.130587,13.287090284418813,3.4817000536752993,3.4984338959090966,1.2936412798742154,-9.700843125884123,-38.39396489702502,17.24353037718887,10.244917361682376,-0.524304,0.410538,-0.256352,-0.0475763,-0.278213,-0.341173,0.896624
27.069111347198486,10.074543657722584,-6.2420052821438095,5.896313144985652,1.8155041288846807,1.6298666771135581,-2.9457649682602773,-0.365051,0.303065,0.173005,-0.461711,-0.465655,0.700833,-0.280752,-0.339821,0.326855,-0.0744473,0.696195,0.170896,-0.686695,0.12065,12.431111536529295,2.161946851228875,4.224161113173052,1.23261815511953,-6.911909265355705,-36.56815338910852,16.86054102771317,8.437338409713485,-0.532475,0.41495,-0.250765,-0.0390244,-0.267277,-0.348468,0.897558
27.134798049926758,10.512269892304653,-4.831539090925831,5.600467695719762,1.3460493898251678,1.7312690315332413,-2.7997257368764927,-0.365917,0.302972,0.172875,-0.463617,-0.466804,0.699956,-0.277876,-0.343275,0.326764,-0.0751268,0.703773,0.170168,-0.679921,0.115992,12.397673610590571,1.449028669364969,4.763480095395866,0.8502072326192831,-6.245277253736634,-35.33510968194802,16.510555194630026,7.806810360842874,-0.539061,0.416559,-0.24719,-0.0329868,-0.263423,-0.350007,0.89834
27.215250253677368,10.986638701200059,-4.526770014587862,3.406691190869269,1.145413399453734,2.079294968719183,-2.879918824452264,-0.366471,0.302834,0.172954,-0.465288,-0.466491,0.699616,-0.276462,-0.344922,0.326254,-0.0753722,0.704734,0.173858,-0.677837,0.116882,12.220103929639272,1.2760384410679797,4.260264563738787,2.5783170242479523,-6.444590070186831,-35.216547021774765,14.987303153192165,7.841284362096967,-0.541138,0.415857,-0.247004,-0.035554,-0.260079,-0.351597,0.898596
27.282023429870605,11.749276771705881,-4.735534135829817,0.7777806255900692,1.1757270777656659,2.679815574149844,-3.0517392513371915,-0.365657,0.302913,0.173023,-0.464987,-0.466255,0.698793,-0.279432,-0.341941,0.326533,-0.0746762,0.69685,0.17119,-0.685062,0.125633,12.787855556611165,2.35194294136265,3.7094019523745048,1.2863850197831308,-7.5466442586370395,-36.86910300904907,16.60962641799064,8.873931713082415,-0.535549,0.412239,-0.25123,-0.0437919,-0.266093,-0.347123,0.898211
27.347898483276367,11.474324549838819,-4.0837462722450555,-1.4707385652762157,1.0858705674858842,2.8023983146989413,-3.342666047057549,-0.364552,0.303105,0.173118,-0.461537,-0.464073,0.701629,-0.281668,-0.336373,0.325265,-0.074434,0.688421,0.164426,-0.693438,0.134849,13.879601429331343,3.101848170475863,3.296133621194845,1.2951211427887106,-8.68816395556821,-37.660277886848085,16.460983215981933,9.396106637354917,-0.525156,0.406644,-0.258249,-0.0553792,-0.277627,-0.338342,0.89743
27.41422700881958,11.126327652119683,-4.503117266272955,0.7786597672740605,1.3432121775623136,2.34841401931001,-3.755510954675863,-0.363978,0.303018,0.172972,-0.460056,-0.465685,0.700059,-0.285313,-0.332873,0.3232,-0.0748273,0.680741,0.158866,-0.700612,0.143164,14.723927657869492,4.2574376158685965,3.3141756983259216,1.22391020334081,-9.912609561610592,-39.64544917114371,17.68533583839717,10.400570928482692,-0.51798,0.400434,-0.264091,-0.0625195,-0.285849,-0.329366,0.897719
27.479376077651978,11.48128459489909,-4.360448491696073,2.6213646310077334,1.4950159158110898,2.0220492528093565,-3.9340847366657967,-0.363828,0.302955,0.172775,-0.45919,-0.465634,0.700827,-0.284905,-0.330299,0.320722,-0.0756918,0.678956,0.148648,-0.703847,0.146704,15.912436328457556,4.7256288494845675,3.803104876555,0.9003348332799535,-10.860267085644725,-40.18854394519362,17.812482408347847,10.308901926051467,-0.512921,0.395454,-0.268307,-0.0634292,-0.292516,-0.321214,0.898461
27.544821739196777,10.968863181190995,-4.4411619563162885,4.379596331788427,1.5322632254288224,1.8823990719543544,-3.6475121765578544,-0.363954,0.302892,0.172721,-0.459472,-0.465572,0.700764,-0.284707,-0.330666,0.319902,-0.0762555,0.679367,0.147846,-0.703979,0.144964,15.843456567750986,4.7719417676684985,3.983165748861085,1.4743489620150072,-10.564378252589597,-40.62011601430099,17.981091016010517,10.194358161518645,-0.513697,0.394414,-0.268524,-0.0591134,-0.293164,-0.320262,0.898884
27.61167550086975,9.972628870759216,-3.9759318543001143,5.952837980464551,1.3829854511270199,1.768134999041324,-3.122825480479021,-0.364704,0.302876,0.172688,-0.461121,-0.464176,0.701285,-0.283033,-0.333499,0.320126,-0.0768148,0.685251,0.1496,-0.697916,0.14479,15.747412054140348,3.8772201939661532,3.7460774525351637,1.5936005601581744,-9.88985162169271,-39.216568759373544,16.646403811152183,9.816344121852563,-0.51884,0.39656,-0.266057,-0.0589059,-0.286679,-0.322989,0.900013
27.677767515182495,9.52204037085231,-2.446154604398024,6.0786269124414245,0.9207788102597877,1.6956661961374504,-2.7277625635450824,-0.365321,0.302749,0.172583,-0.462944,-0.465791,0.699651,-0.281443,-0.33726,0.320243,-0.0775901,0.695067,0.149108,-0.689248,0.139953,15.611401532654375,2.8491917974042895,4.481772662103291,0.3640759519076928,-8.77600859248404,-37.48824256037221,16.35088453855926,9.445722526824222,-0.526333,0.397652,-0.263036,-0.0563187,-0.27827,-0.32482,0.902156
27.743467092514038,9.669225184865823,-1.8503648684732208,5.594847557517589,0.6620337650298236,1.767396593942158,-2.74027850052283,-0.365912,0.302637,0.172559,-0.464393,-0.466704,0.698324,-0.280838,-0.339065,0.319567,-0.078277,0.695746,0.149152,-0.688074,0.142286,15.81806167218415,2.929062608516204,4.3378760979896,0.7799562267547442,-8.648326254566598,-37.968021402214895,16.317329861240648,9.55828581872759,-0.529134,0.396266,-0.262908,-0.0545892,-0.275086,-0.323299,0.903784
27.809818983078003,10.270236156235335,-1.589036844629033,2.843392691217296,0.5483285063285628,2.0429145617921587,-2.9972438092343405,-0.365618,0.302614,0.172572,-0.462782,-0.465783,0.699591,-0.281872,-0.337898,0.318791,-0.0782476,0.695683,0.150896,-0.686528,0.148104,16.10454981829461,2.4238092630501664,3.7804587875056135,1.9377769331177133,-8.877183189625233,-36.69987522432323,14.169724394935226,8.823344228970894,-0.526711,0.393375,-0.265096,-0.0581172,-0.279425,-0.320411,0.903261
27.87602400779724,10.489156172017557,-1.9809559415771145,1.2284399698220383,0.687579168578218,2.3608601069498554,-3.261600139507557,-0.364827,0.302787,0.172726,-0.461327,-0.466124,0.699864,-0.283013,-0.333854,0.318051,-0.0778532,0.684816,0.145456,-0.697944,0.150813,16.64217222401465,4.120302100788797,3.8094934179334032,2.0585087160331126,-9.871780170670135,-39.767587159283174,16.521917291853818,9.307973329264152,-0.519193,0.389556,-0.269364,-0.0667131,-0.287221,-0.315657,0.901895
27.941922426223755,10.809967257498029,-2.4293493435814297,1.8735200611311649,0.8473246449009502,2.453842035943058,-3.5815123966851656,-0.364098,0.302966,0.17278,-0.458888,-0.465543,0.700974,-0.285179,-0.329381,0.316812,-0.0774266,0.680876,0.134626,-0.701987,0.159681,18.110890414221547,4.517582248408005,4.053472023795296,-0.02841257249660778,-11.215949303127974,-39.55183197765378,16.81519181451324,9.458687753348288,-0.510057,0.384565,-0.274749,-0.0731365,-0.297337,-0.308362,0.900641
28.00769329071045,10.368502020650014,-2.508425159260026,3.2165450350287244,1.0020955669673675,2.10113305583706,-3.7840377822542406,-0.363581,0.302988,0.17271,-0.457079,-0.464579,0.702227,-0.286569,-0.325751,0.314974,-0.0777622,0.672742,0.127895,-0.710147,0.163563,18.827717127191708,5.594549107351246,4.106093989496743,0.3815350369738466,-11.99569143328613,-41.75152736220638,18.230105475470026,9.457439479748745,-0.503021,0.379355,-0.279292,-0.0780412,-0.305924,-0.299121,0.90047
28.0735023021698,10.738164595876318,-1.9940340052409926,4.7288637688889805,1.0159038139216434,1.9061942519561814,-3.756299132031645,-0.363354,0.302963,0.172578,-0.45581,-0.465732,0.701763,-0.287854,-0.324581,0.31345,-0.0781425,0.674422,0.122434,-0.708754,0.166833,19.566359758847423,5.342470378894575,4.60037610466622,-0.399792932546541,-12.063297169415678,-40.89261441828057,17.652398153350916,9.102213419651019,-0.500814,0.376482,-0.281114,-0.07849,-0.307445,-0.29474,0.901357
28.141053915023804,10.180861784272473,-1.2603728502968277,5.897176759247082,0.8559468055386135,1.8304297153297588,-3.27042551513283,-0.363832,0.302884,0.172514,-0.457412,-0.465614,0.701495,-0.286153,-0.326471,0.312327,-0.0792155,0.678201,0.120704,-0.705552,0.166343,19.76697859210812,5.021511728215348,4.721601274266911,0.06962605369438801,-11.644680726677214,-40.72120723358217,17.178263590174716,8.68287444528958,-0.504283,0.375886,-0.280535,-0.07465,-0.303265,-0.291938,0.904008
28.22247838973999,9.429304954119143,-0.13780182517796083,7.7934050129428,0.573738339394041,1.572665280380205,-2.786656564995504,-0.364861,0.302656,0.172357,-0.460557,-0.465419,0.700228,-0.284523,-0.331635,0.311014,-0.0811753,0.689362,0.1224,-0.696038,0.15915,19.111520595220608,3.8054008974076976,5.248330729168724,0.863176888926203,-9.842432006823739,-39.66789121408404,16.27499871207295,8.59186402124032,-0.514207,0.375625,-0.277884,-0.0693022,-0.289963,-0.291216,0.909017
28.288350820541382,9.663696851178907,0.2648744855192236,8.112102171814149,0.43087923534820577,1.5736191794967058,-2.7565047241071046,-0.365816,0.302407,0.17228,-0.463723,-0.465913,0.698265,-0.283396,-0.335625,0.30875,-0.083076,0.694721,0.120216,-0.689832,0.164449,19.710463755202053,3.3047952117085604,5.09212067581729,1.3865422783032493,-9.060586554391843,-39.567811873387825,15.643112618473658,8.349983726179094,-0.520999,0.373771,-0.27667,-0.0643089,-0.280422,-0.288609,0.913199
28.354177951812744,9.914698649555675,0.4289690196639166,6.330659304122871,0.2937079311619618,1.738255079893266,-2.926510526449798,-0.366106,0.302369,0.172333,-0.464424,-0.464213,0.699252,-0.282601,-0.336347,0.308148,-0.0834911,0.694674,0.119485,-0.688419,0.170969,20.262718788325113,3.1057889040684157,4.402339685732551,1.8363391910575984,-9.062445861019786,-39.28797269482226,14.755491711235877,7.8041196383714855,-0.521785,0.37117,-0.277682,-0.0686034,-0.27913,-0.286218,0.914034
28.419798851013184,10.271206290929545,-0.6858907424297956,4.440533008313128,0.6048465436689219,2.1946197116125696,-3.192597533176702,-0.365382,0.302508,0.172336,-0.462243,-0.46608,0.698561,-0.284805,-0.332751,0.308439,-0.082446,0.689434,0.119647,-0.693765,0.170456,20.154255809111447,3.8080856740270566,4.681414319799718,1.8253995562210763,-10.32458228426292,-39.99941258449193,15.39919788908119,7.445446622950568,-0.515486,0.367471,-0.280891,-0.0775231,-0.287884,-0.283538,0.911438
28.485738039016724,9.96196536291291,-0.15685851740333429,3.8736740894971358,0.4884360635127447,2.2589289783300375,-3.3362574381699983,-0.364789,0.302713,0.172534,-0.459647,-0.463881,0.701254,-0.285976,-0.329398,0.309541,-0.081286,0.678963,0.116674,-0.702327,0.179257,20.945966820443427,4.798053771330545,3.8628999694063144,0.8573608327053983,-10.79832335753061,-41.21755909371209,16.675620457199756,8.486264672596777,-0.508223,0.363665,-0.284843,-0.0882022,-0.297037,-0.280016,0.908614
28.551075220108032,9.203868806536262,-0.5932491516771606,4.616121235182538,0.7386145847467233,1.8813627856392938,-3.553632747251045,-0.363953,0.302867,0.172444,-0.457109,-0.466163,0.700722,-0.287632,-0.32543,0.308679,-0.0809188,0.670881,0.112837,-0.707661,0.190794,22.20302029821382,5.677218690031957,3.505574811438172,0.9131132894727481,-12.441097991943703,-42.13029879636078,16.879364146930175,7.626902335215335,-0.499899,0.359297,-0.288955,-0.0948102,-0.307105,-0.273533,0.906575
28.617931127548218,11.278218360202242,0.021606110998314002,5.316325139987625,0.809752414072467,1.888322656847409,-3.5851665611593915,-0.363658,0.302692,0.172429,-0.456275,-0.462799,0.702631,-0.289724,-0.323587,0.30665,-0.0813736,0.67211,0.10651,-0.707598,0.190337,22.397257661218674,5.315681725620456,3.8856380940536144,0.4027439448512675,-12.176056088608881,-41.826033252369335,16.77690353098491,7.723396628725046,-0.496839,0.356909,-0.290447,-0.0917007,-0.307429,-0.266788,0.908792
28.686952590942383,10.70406399222483,1.4608507284263703,8.488542673534264,0.4572152396681675,1.8000455121706551,-2.958524493748866,-0.364541,0.302555,0.17229,-0.459791,-0.463632,0.700936,-0.286924,-0.327106,0.304013,-0.0833084,0.682005,0.0994963,-0.701939,0.179587,22.318759012681472,4.795666486846163,5.37540864477638,0.17260696887718652,-11.19050916461918,-41.81607377774177,17.219374904379773,8.087649021017414,-0.504193,0.356788,-0.288722,-0.083594,-0.297532,-0.263051,0.913943
28.752850770950317,10.314866098546489,1.0835619513787904,11.059989557679549,0.594655122691766,1.6924639977989138,-2.6870581728793996,-0.365471,0.302401,0.172038,-0.461293,-0.466182,0.699413,-0.284086,-0.331281,0.301571,-0.0853116,0.691146,0.098144,-0.693266,0.179075,22.756123121097353,3.7933354818368588,5.807963042491865,1.6041157289829644,-9.878521469579642,-40.45537074658406,15.233571069652275,6.952033367401047,-0.512183,0.355966,-0.286705,-0.0734569,-0.291136,-0.258336,0.918208
28.818490743637085,11.007273897389043,1.63929031828659,10.362638274002897,0.3554646047890671,1.9784630307670514,-2.622546977757914,-0.366417,0.30232,0.172168,-0.465002,-0.466225,0.697643,-0.282317,-0.336528,0.299473,-0.0875374,0.698169,0.0971271,-0.684763,0.185003,23.332018072556536,2.999632058127537,5.441655426603811,2.346632798369312,-8.491831382772304,-40.332177908693126,14.643398348660405,7.343053411561392,-0.522267,0.352561,-0.284834,-0.0700683,-0.282457,-0.255899,0.921859
28.883716821670532,11.256613893096818,2.115602147515551,8.665037501171652,0.14742169524721416,2.2678118781281515,-2.6654281730782943,-0.366743,0.302256,0.172245,-0.465468,-0.464734,0.698709,-0.281369,-0.337912,0.299164,-0.088136,0.699369,0.0993418,-0.68171,0.190487,23.61293077132706,2.5462607467942284,4.624319124340666,3.3941683995532035,-8.180886502063565,-39.885385945110436,13.597676510369077,6.913159727822679,-0.524912,0.347756,-0.285768,-0.0782205,-0.278343,-0.251475,0.923671
28.949369192123413,11.391948242562435,2.818196004069053,8.523916159300784,0.122154734246756,2.371681802659797,-3.003828912466974,-0.366383,0.302339,0.172123,-0.46227,-0.467033,0.698901,-0.282354,-0.335697,0.298308,-0.088217,0.689521,0.0990123,-0.686481,0.208569,25.20919053227744,3.3489743554491445,3.392702455282122,4.527973839666442,-8.632854760331579,-40.79284567135481,13.939627143102166,7.077698681612448,-0.519318,0.338367,-0.29078,-0.094095,-0.284411,-0.243611,0.922448
29.015026807785034,10.655709259438002,2.775912727431244,7.211695142947487,0.20128797165631804,2.2999215797199875,-3.277350743308078,-0.365901,0.302385,0.172206,-0.462617,-0.466133,0.697927,-0.285663,-0.33161,0.297571,-0.0875108,0.680255,0.0890388,-0.692359,0.223527,26.77864800176187,4.570798092835539,3.0142215245122985,1.5432624045525638,-11.082561220904587,-42.300307002682324,15.479212994549579,6.657204221755068,-0.509645,0.329972,-0.296481,-0.108827,-0.295218,-0.232438,0.920313
29.081934690475464,9.661079118430175,4.2081957820585325,8.07616518232492,0.0693863115133717,1.881878772529652,-3.3772758425527405,-0.364775,0.302533,0.172261,-0.458383,-0.464263,0.700798,-0.28849,-0.324969,0.295053,-0.0870302,0.667729,0.0758894,-0.701552,0.237072,28.722333876309527,5.749131994858545,2.835613502398715,0.6626346237381349,-12.359225524901184,-43.93918579472983,17.008388957833567,7.048986560529021,-0.495427,0.319247,-0.303228,-0.121707,-0.310222,-0.216799,0.917577
29.1473605632782,10.04286533453294,3.8768119383012642,9.832236954209634,0.4692041097022661,1.4221350905713688,-3.6755344468362168,-0.364347,0.302529,0.172037,-0.456416,-0.465036,0.700856,-0.290218,-0.320691,0.291179,-0.0869495,0.663325,0.0664143,-0.705333,0.241027,29.7870850147176,6.276208510672922,3.4719167804174815,1.5737021110246816,-13.775585468732581,-44.75820876153868,17.418632532287276,6.440216595771363,-0.486886,0.312911,-0.306671,-0.120894,-0.322362,-0.203778,0.916484
29.23135471343994,9.934546640160338,4.0545279570064565,9.047732996599803,0.3150415674831573,1.5329928264083266,-3.304740761798598,-0.364253,0.302516,0.172054,-0.45663,-0.465135,0.700923,-0.28956,-0.320323,0.289005,-0.0876325,0.663922,0.0571784,-0.705119,0.242375,30.74225602453789,6.347922451632774,4.126007025377047,0.5823852962996909,-13.53775405792955,-45.13205033920831,17.936717504378688,6.950890572877941,-0.486851,0.310354,-0.307091,-0.116871,-0.321248,-0.197294,0.918812
29.2968008518219,9.16573921597487,5.0291992564230945,10.332486277640731,0.08721308406020922,1.3838069102987556,-2.7778357934522298,-0.365094,0.302334,0.171895,-0.459657,-0.464305,0.700355,-0.287469,-0.325258,0.287139,-0.0897244,0.674207,0.0605707,-0.695639,0.240545,30.37938234672556,5.0964608959125455,3.88963144593972,2.583661444729448,-11.877121219871128,-44.03001806450822,16.57435064803557,7.124907458650866,-0.49729,0.310325,-0.30463,-0.110108,-0.306598,-0.198358,0.924407
29.362205505371094,8.887409474845835,4.374717066087677,11.908375267928099,0.29124663391041267,1.1313165206046878,-2.6869144836233936,-0.365892,0.302152,0.171712,-0.461255,-0.466585,0.698782,-0.285036,-0.329168,0.283549,-0.0916695,0.683762,0.0569905,-0.6882,0.235802,30.62117117121643,4.148980691534643,4.802515691234091,4.160952216549937,-10.141640436838076,-43.28455285899797,15.857362798532558,7.158003747236078,-0.505779,0.30925,-0.302595,-0.0935142,-0.298263,-0.192476,0.930187
29.427853107452393,9.630657520289235,4.998387061772439,11.168745163849081,0.11723172201986236,1.1133887854179592,-2.79573033936175,-0.366419,0.302036,0.171738,-0.463272,-0.466046,0.698348,-0.283709,-0.33175,0.281187,-0.092858,0.69337,0.0484525,-0.682197,0.226929,30.664382264542503,3.246435443069156,6.193880722871398,2.967346285886276,-8.901820226150495,-42.38167001506113,15.006477596695694,7.809388177251778,-0.511128,0.307236,-0.301467,-0.0919628,-0.290426,-0.19189,0.932938
29.493378162384033,8.625449185928138,4.709132002342835,10.326585822075083,0.13196347656295665,1.0012548722252586,-2.8266823483121204,-0.366446,0.302009,0.171723,-0.463197,-0.465896,0.698193,-0.284457,-0.331809,0.281287,-0.0929507,0.690118,0.0518575,-0.682594,0.234761,30.925599407793776,3.451600132790911,5.282672300211275,3.7623137479351505,-9.058299952219853,-42.819082875328206,15.404799726521947,7.421348495719524,-0.511001,0.304455,-0.302082,-0.0985158,-0.289606,-0.190386,0.932832
29.558789491653442,7.238922046137432,3.9489813091426234,7.518260944712655,0.16987247319461635,0.8070735537764352,-2.9679508943167816,-0.366012,0.302118,0.171765,-0.461185,-0.466568,0.698592,-0.285644,-0.328704,0.283007,-0.0916638,0.680262,0.0542194,-0.688623,0.245158,31.530300353789727,4.446678627012842,4.292147751304832,3.535913775658541,-10.611414521601022,-43.64412607262475,16.182202585057944,7.256422178319644,-0.503548,0.301279,-0.304854,-0.11176,-0.299417,-0.188794,0.928556
29.624680519104004,6.280095655940901,3.5461848662665525,6.078214290428006,0.18582062727439158,0.6904040405465124,-3.1262023056787305,-0.365282,0.30228,0.171865,-0.459376,-0.464783,0.69979,-0.288522,-0.324013,0.284336,-0.0899886,0.669206,0.0512096,-0.69705,0.252313,32.01531717219725,5.654773828417294,3.822599435469862,1.8485873646712307,-12.430552729901216,-44.91091448032788,17.464204588035866,7.5343379475267485,-0.493028,0.298298,-0.308202,-0.123343,-0.311984,-0.185282,0.923646
29.690295219421387,6.081418036455666,3.5709792367844178,6.677489730034369,0.403151991620819,0.4101794986610768,-3.3370258970965927,-0.364144,0.302477,0.171927,-0.455344,-0.465229,0.700812,-0.291696,-0.317817,0.28381,-0.0886705,0.654882,0.0465745,-0.705078,0.268001,33.49305976730032,6.945223199326194,3.061457498017303,1.6799711466726697,-14.528909683363992,-46.53478380021291,19.028653028870817,7.720316529426243,-0.48029,0.293472,-0.311868,-0.131337,-0.327475,-0.178388,0.918525
29.756016492843628,6.055605096838452,3.568123873429464,8.918180966845588,0.7286595553418483,0.2044611867664465,-3.311477399333934,-0.363747,0.302442,0.171796,-0.454107,-0.464923,0.701006,-0.293639,-0.315457,0.282592,-0.088457,0.653228,0.0399024,-0.707765,0.266026,33.77389325678948,7.135426439921888,3.856227044157086,0.4604645873676416,-14.752165201654428,-46.86103929393188,19.42368113637862,7.768582988164374,-0.4755,0.290827,-0.31342,-0.13326,-0.330533,-0.173169,0.918152
29.821824312210083,5.974318112436654,4.45642226913786,8.088813613759902,0.3524501089684437,0.23367902504767218,-2.9805516102981064,-0.364008,0.302424,0.171827,-0.455057,-0.464842,0.701151,-0.291945,-0.317237,0.281689,-0.0892711,0.657354,0.0407111,-0.704605,0.26412,33.68284339292854,6.693051993156385,3.8586651362527493,1.5845758030205204,-14.054894669222946,-46.58728372456466,19.107397166187866,7.882191281670334,-0.479405,0.289936,-0.312733,-0.129463,-0.325178,-0.17147,0.920922
29.888529777526855,5.890114895213572,5.296603888094712,9.593771289701627,0.27958377499458376,0.1654848560308979,-2.56167934667265,-0.364826,0.302101,0.171622,-0.458671,-0.464609,0.700003,-0.289405,-0.322364,0.278382,-0.091682,0.670326,0.0392233,-0.694399,0.258718,33.50342092040686,5.3285500993989405,4.371330297960998,2.987683425499994,-12.12777178523646,-45.463048653676935,17.954813573748236,6.8277071388578285,-0.49127,0.289251,-0.309967,-0.118181,-0.311779,-0.168695,0.927561
29.95447826385498,6.845365990004349,6.519620704642093,9.298708872111972,-0.13318104207836481,0.22968388490713415,-2.4871769579182184,-0.365571,0.301949,0.171557,-0.4614,-0.466036,0.698077,-0.287418,-0.326561,0.27433,-0.0937109,0.683637,0.0276672,-0.68528,0.249534,33.928409245248844,4.057767687532899,6.26147415739985,1.7882952680729538,-10.078891034132793,-44.292371372031724,16.80457356962748,7.259951431963397,-0.500747,0.287842,-0.307671,-0.103591,-0.300159,-0.162099,0.93429
30.020352840423584,8.252451311191434,6.8495744793968125,8.69086834227711,-0.3289230338905927,0.37075404935488465,-2.648186966547986,-0.366317,0.301806,0.171587,-0.463515,-0.465887,0.69789,-0.284697,-0.330086,0.270337,-0.0953054,0.690294,0.0195493,-0.678234,0.251219,34.91634904865958,3.3140971424498193,6.675225383808419,2.4056936987053232,-8.623609880645773,-43.9426695139854,16.526549280193517,6.823843484504028,-0.507363,0.284893,-0.30644,-0.0941178,-0.289758,-0.15636,0.939539
30.08561944961548,8.01060709659048,6.060457050392316,6.942957533266732,-0.31006429671303515,0.4605311168165797,-2.732013545655744,-0.366443,0.301836,0.171644,-0.463871,-0.46602,0.697681,-0.284411,-0.330418,0.269511,-0.095382,0.692602,0.0192709,-0.674695,0.254397,35.22454085780684,2.8969834277681947,6.457094031882513,3.0031366740103076,-8.933840166522184,-43.13121565295626,15.444745243547946,5.612280289569527,-0.50772,0.281573,-0.306751,-0.0961336,-0.288303,-0.152454,0.940424
30.151662588119507,6.757983618638267,5.4251773445060705,5.399150606806121,-0.20988283489242573,0.3724744189094894,-2.8253475693583727,-0.366115,0.30187,0.171633,-0.462308,-0.464564,0.698977,-0.286149,-0.327776,0.271887,-0.0944475,0.680031,0.0294274,-0.6803,0.271816,35.57801043731787,4.0091397850396175,4.036535978903666,4.585040556368386,-10.620705655543654,-44.47919032509316,15.090948691744217,4.924547858852169,-0.501389,0.27649,-0.30915,-0.117194,-0.298052,-0.151875,0.935075
