# Timestamp, Fx, Fy, Fz, Tx, Ty, Tz, FemurPosX, FemurPosY, FemurPosZ, FemurQuatW, FemurQuatX, FemurQuatY, FemurQuatZ, TibiaPosX, TibiaPosY, TibiaPosZ, TibiaQuatW, TibiaQuatX, TibiaQuatY, TibiaQuatZ, Flexion, Adduction, Rotation, Anterior_Posterior, Medial_Lateral, Proximal_Distal, Medial_Joint_Gap, Lateral_Joint_Gap, FTPosX, FTPosY, FTPosZ, FTPosZ, FTQuatW, FTQuatX, FTQuatY, FTQuatZ
0.0348820686340332,26.930439061758648,-5.535329100756263,3.403833648582797,0.5336819703191775,6.278607832332629,-3.3835876275234864,-0.0115927,0.36101,0.286834,0.286649,0.526596,0.57891,-0.552623,-0.319296,0.337461,-0.225419,0.625719,0.219794,0.559925,-0.496638,46.91360083281174,-10.67765456012243,0.10625175967540823,2.4438809677167024,38.68212343136832,-3.40427406663855,10.377369677827534,11.423684092851666,-0.3242,0.20671,-0.271407,0.584939,0.0235009,0.283469,0.759565
0.06934976577758789,27.06020190997675,-5.434614451997001,3.1744689807015134,0.45288097725519805,6.337552591246815,-3.3869160241900595,-0.0115586,0.361007,0.286805,0.285872,0.526754,0.578439,-0.553368,-0.319381,0.335657,-0.225965,0.626728,0.217764,0.556906,-0.499646,47.4175277948154,-10.624822242481274,0.21342636426875738,2.3906406593822886,38.76135061676345,-3.1807114989423653,10.327234714605302,11.149308346140153,-0.324068,0.204856,-0.271264,0.583546,0.0226475,0.28586,0.759766
0.10234522819519043,27.566745686458205,-5.897674817583317,3.4171939605736195,0.6341362907033764,6.443600560515793,-3.625442771757243,-0.0115347,0.360998,0.286794,0.28563,0.526737,0.578446,-0.553501,-0.31957,0.333376,-0.226635,0.628629,0.214236,0.555775,-0.500043,47.89238178750135,-10.59599544925249,-0.012339157327343364,2.3058903162701494,38.33514575978414,-3.1479869544266172,10.112425038489285,11.49641993707227,-0.324189,0.202138,-0.270733,0.584169,0.0193682,0.289404,0.758035
0.1350705623626709,27.377119249864183,-5.531675199032157,2.632196056741945,0.33408724557747804,6.4623696115162295,-3.491786765840798,-0.0114998,0.360987,0.286818,0.285464,0.526733,0.578368,-0.553673,-0.31953,0.332035,-0.227074,0.628901,0.212419,0.553915,-0.502534,48.24787131251639,-10.692644730892248,0.10584454361853468,2.140572561538134,38.322447696644616,-3.1448209374947567,9.997501241458316,11.493205304356218,-0.324063,0.200266,-0.270777,0.585836,0.0212758,0.29117,0.756018
0.17028164863586426,27.149673672035952,-5.447970338284311,2.5760401735090284,0.2646694753947651,6.310189524812347,-3.5674889738495,-0.0114113,0.36095,0.286812,0.284605,0.52735,0.577972,-0.55394,-0.319462,0.330127,-0.22767,0.630089,0.210561,0.552868,-0.50298,48.603267851668676,-10.614954777468638,-0.08307499542694163,2.9895237766714677,38.08315985474842,-3.4547430918137785,10.27317683758383,11.921568730672155,-0.323781,0.198416,-0.270262,0.583689,0.0167269,0.29487,0.756359
0.20096635818481445,27.39115147868988,-5.551868557294891,2.4820548959452395,0.2720202156271308,6.381596695743804,-3.574410842429388,-0.0113633,0.360975,0.286831,0.286013,0.526838,0.579421,-0.552187,-0.319311,0.328081,-0.228284,0.631559,0.207403,0.551137,-0.504346,49.084266145415484,-10.873393068175233,0.05594160306327811,2.4707170142825623,38.99811454295509,-3.335706241140695,10.341880219115831,11.028191641475399,-0.323382,0.195785,-0.270228,0.583853,0.0154916,0.294954,0.756226
0.2324388027191162,27.63972976745793,-5.650498449684896,2.6792707806619003,0.2861524839389089,6.4079777106091145,-3.6456694484732273,-0.0113821,0.360969,0.286788,0.285629,0.526841,0.57958,-0.552216,-0.319061,0.326086,-0.229022,0.632526,0.205489,0.549305,-0.505915,49.482994109037655,-10.869721959096507,0.09637301392758835,2.9246631548888153,38.82403055583661,-3.5519735096019645,10.45732416576909,11.35265169985255,-0.323083,0.193431,-0.270155,0.584442,0.0123186,0.29334,0.756457
0.2657341957092285,27.877492521861708,-5.791824263829268,2.7156949697752837,0.3694442172379283,6.481698945237521,-3.712522214770838,-0.011342,0.360923,0.286769,0.28564,0.527001,0.579335,-0.552314,-0.319054,0.324045,-0.229602,0.634152,0.203497,0.546893,-0.507295,49.89722655083017,-10.811055409949008,0.09887943922379627,2.9093566985341353,39.33086513767808,-3.495472368707528,10.763208443774776,10.86793642547425,-0.32284,0.191063,-0.269839,0.584478,0.0117774,0.297134,0.754956
0.29942989349365234,27.791133952005808,-5.619908688703987,2.4448663614193293,0.25525076839491856,6.45007849431186,-3.746441618343597,-0.0113218,0.360787,0.28672,0.28497,0.527394,0.578363,-0.553302,-0.319067,0.322676,-0.230041,0.634429,0.202746,0.545713,-0.508519,50.06489691530138,-10.729023965095667,0.044303646909766625,3.3579999117630974,39.07768847291208,-3.8332858717964733,11.002562205662684,11.41701433118307,-0.322968,0.189745,-0.269479,0.586311,0.00909468,0.299226,0.752742
0.3307480812072754,27.49116747679732,-5.781805381994623,4.032036270895799,0.31443884070589795,6.2438507786878725,-3.71875677441158,-0.0112311,0.360931,0.286798,0.284216,0.526716,0.578324,-0.554376,-0.318902,0.320282,-0.230733,0.63652,0.198906,0.542766,-0.510572,50.695979745474894,-10.569366137877342,0.026734090338742855,2.653440172784812,38.05285602690774,-3.4343268703127627,10.295481226870422,11.84986008632363,-0.326654,0.186077,-0.268216,0.60529,-0.00997661,0.278522,0.745621
0.3608367443084717,28.202022713635152,-5.525510028490995,1.7150430376676764,-0.03796747840527934,6.5760976335890025,-3.7287305895247513,-0.0111535,0.360897,0.286788,0.285503,0.526212,0.578844,-0.553651,-0.319081,0.318358,-0.231078,0.637082,0.197522,0.541001,-0.512278,50.920224713477936,-10.743221317995046,0.24701688528164756,2.5504567625285732,39.43474694282218,-3.7722484508606975,11.011040874016604,11.032392264296044,-0.321881,0.184583,-0.269082,0.579169,0.00818342,0.303502,0.75656
0.40190649032592773,29.274327504179436,-4.552525563316703,1.4733884157923531,-0.29232678133909007,6.785163882791506,-3.9692899553511047,-0.011107,0.360845,0.286803,0.285451,0.525607,0.579321,-0.553752,-0.319504,0.316669,-0.231404,0.63452,0.194879,0.540721,-0.516747,51.183896433577104,-11.2724945725862,0.5163652291920098,2.746713028293705,38.82656582796743,-4.788028607005636,10.87348691130805,12.51336423655623,-0.321372,0.181779,-0.268595,0.570836,0.00967452,0.305768,0.761944
0.43509960174560547,29.228422219782725,-4.150072580435426,0.9650515671865012,-0.5953766585852955,6.8155039841158045,-3.9508088322717407,-0.0110231,0.360818,0.286754,0.285675,0.52612,0.578384,-0.554129,-0.319907,0.314765,-0.231539,0.636156,0.195541,0.539039,-0.516242,51.22572585560912,-11.016189499711572,0.4684622487505042,3.8725369334057813,40.67639271931201,-5.32815662833934,12.581990005203659,11.467622032145934,-0.321635,0.180238,-0.268226,0.570092,0.00801006,0.307585,0.761789
0.46886301040649414,29.23087524540475,-4.804639816416913,0.9029134563646978,-0.4137669585758715,6.841457763807703,-4.033691939797519,-0.0110095,0.360853,0.286795,0.283496,0.526129,0.578737,-0.554871,-0.320834,0.312857,-0.231596,0.637092,0.191191,0.5377,-0.51811,51.9372214973713,-10.983480669643816,0.28529516696808865,3.9715390900284024,39.568204443589785,-5.115082708304261,12.032533556845292,12.179052219341498,-0.323052,0.17794,-0.266971,0.575381,0.00609462,0.312009,0.75601
0.5007083415985107,29.244549136644597,-4.183325400837448,0.49634510845629076,-0.7498548527640364,6.823606039371881,-4.003764811461986,-0.0109146,0.360758,0.286723,0.285001,0.52577,0.579509,-0.553633,-0.321334,0.310928,-0.231775,0.637727,0.188543,0.536505,-0.519536,52.25474195671677,-11.286584856917639,0.3750070727965641,3.5034073412596047,41.00045940275974,-5.242326787362288,12.425961018284589,11.045026496347457,-0.323301,0.176026,-0.266262,0.573942,0.00426859,0.314448,0.756105
0.5317001342773438,29.362677760735505,-4.8106612138237725,0.4183952980385098,-0.6713066806775245,6.806649368822919,-4.1511520604674,-0.0108343,0.36075,0.286724,0.284023,0.525787,0.579538,-0.554089,-0.321923,0.309042,-0.231807,0.638636,0.184406,0.536046,-0.520378,52.76441170767327,-11.329551018600839,0.09911727047171193,3.391671639857103,40.05008945435848,-5.059321218396313,11.8088702962395,11.67035310580955,-0.324056,0.173945,-0.265139,0.574214,6.08968e-05,0.316939,0.754869
0.5655167102813721,29.592529045993512,-4.547201201026799,0.42394276961808597,-0.661661820908779,6.889385153628373,-4.214638408213769,-0.0107873,0.360713,0.2867,0.28286,0.525991,0.578392,-0.555685,-0.322607,0.307267,-0.231853,0.639521,0.183071,0.534327,-0.52153,53.03221311350398,-11.102324769210204,0.0009940308100950812,3.790845282482074,40.060558158390805,-5.237572944396248,12.274754134939476,11.813652290840194,-0.324697,0.171891,-0.264421,0.574385,-0.000310761,0.319781,0.75354
0.5995595455169678,29.415590179659127,-4.393729513032945,0.48144788112973547,-0.6997765645544775,6.839903835636132,-4.155119752733668,-0.0107382,0.360717,0.286679,0.282519,0.526331,0.578965,-0.55494,-0.323039,0.305888,-0.231933,0.639948,0.180731,0.533063,-0.523113,53.47951768284091,-11.265953826304546,0.006697936763195411,4.057264206511739,40.63747146277724,-5.285817875620182,12.548543121808686,11.343666394570945,-0.325216,0.170165,-0.263709,0.576602,-0.000142971,0.321597,0.751069
0.6324481964111328,29.443602784187863,-4.323423033280399,0.5521142746435191,-0.6955988322393566,6.73801823625937,-4.373729300245814,-0.0106883,0.360712,0.286646,0.281944,0.526185,0.579575,-0.554733,-0.323866,0.303616,-0.23208,0.640641,0.178408,0.532473,-0.523663,53.837691546867475,-11.298908491195467,-0.06579391980348914,4.953440216518118,41.15741525547282,-5.99868173852305,13.123573183572752,11.667389697358908,-0.326143,0.167504,-0.26243,0.577542,-0.00532286,0.325803,0.748511
0.6663601398468018,29.14247638773083,-3.9108719084429553,0.3634938936247951,-0.8194851729221773,6.568780810679629,-4.430177487592176,-0.0106767,0.360649,0.286617,0.282793,0.525016,0.57903,-0.555977,-0.324323,0.301686,-0.232131,0.641782,0.176157,0.53146,-0.524056,53.939728687737535,-11.205394279612367,-0.11362876234361652,3.987993019222974,40.96647968495173,-5.865061503480614,13.128300644656045,11.62043965004548,-0.326546,0.165545,-0.261486,0.576973,-0.010913,0.328461,0.747727
0.6992456912994385,29.186847566855477,-3.9636076103568194,0.5223597181679746,-0.7534931985124279,6.592665305619926,-4.3512171542178715,-0.0106197,0.360667,0.286604,0.28217,0.525574,0.579161,-0.555629,-0.324468,0.300136,-0.232344,0.643933,0.172782,0.529112,-0.524916,54.58440331799562,-11.144500030420875,-0.2749524192813395,3.56696904904918,41.13378087867951,-5.144693638320998,12.751335467466488,10.739863111087004,-0.326139,0.163924,-0.261199,0.573539,-0.0101778,0.329866,0.749759
0.7340555191040039,28.89283085507881,-3.544870402126469,0.36820674400927417,-0.8319727564815251,6.4244318715889825,-4.424361214934437,-0.0105762,0.360672,0.286587,0.281656,0.526025,0.579367,-0.555249,-0.324996,0.297569,-0.232549,0.643986,0.168917,0.528355,-0.526867,55.11768910449095,-11.404151086127364,-0.4258545931069786,4.280139893524418,41.06123460111121,-5.744771511963304,12.786800258518834,11.396013864222555,-0.326173,0.161199,-0.260356,0.572723,-0.0126724,0.333963,0.74853
0.7685339450836182,29.044534578756135,-3.4441788509857174,-0.15012825271075,-0.9680449350884525,6.498783319032226,-4.442028741923064,-0.0105584,0.360647,0.286567,0.282128,0.525064,0.579589,-0.555687,-0.32536,0.295342,-0.23284,0.645691,0.164686,0.527929,-0.526549,55.47277712800086,-11.387298113022672,-0.6733386152735554,3.2445930121569786,40.25299591041163,-5.537674944522582,12.37013004697217,11.835798178958928,-0.326099,0.158681,-0.259794,0.571301,-0.0120431,0.337697,0.747951
0.8041307926177979,29.38988886668536,-4.835293520175599,1.5390415776163755,-0.38681176684539553,6.373250765548157,-4.928692114170558,-0.0104917,0.360642,0.286574,0.280621,0.525346,0.579784,-0.55598,-0.324991,0.292349,-0.233438,0.648708,0.162953,0.522872,-0.528421,56.22817131979191,-11.006544148059758,-0.5041137096150141,4.114153175082245,41.010980558802906,-5.388387002927697,12.859347437020585,11.090032960981677,-0.329111,0.155666,-0.257455,0.59348,-0.0325269,0.333387,0.731831
0.835716724395752,29.355633192967257,-4.3061740232158,0.5440440495409188,-0.6869373383940853,6.111351125069415,-5.2029371296571,-0.0104624,0.360598,0.286582,0.2807,0.524185,0.579977,-0.556834,-0.324738,0.290517,-0.233836,0.649888,0.159301,0.520603,-0.530322,56.68667242186717,-10.99223532570063,-0.44112596909517054,2.644945152250787,39.793078751429775,-4.75265778056345,11.955025056112499,11.464410738085114,-0.325842,0.154857,-0.256693,0.576924,-0.0275506,0.364713,0.730331
0.8698391914367676,29.457944663253528,-4.5787175993776685,0.3861649683001933,-0.7101106275045705,6.3789495147059165,-4.8868894513225065,-0.0104236,0.360626,0.28656,0.279761,0.525595,0.579389,-0.556589,-0.324622,0.288229,-0.23423,0.654003,0.15553,0.519218,-0.527735,57.31202404692858,-10.606127822564012,-1.0789011978105862,3.01289016540297,39.74455175984221,-4.196541362770617,11.905705885371692,10.971319450739566,-0.325539,0.151197,-0.257082,0.576879,-0.0273703,0.348594,0.738203
0.9024796485900879,29.457504774434444,-4.063296046853953,0.1990828036092786,-0.9007340812236949,6.280100715268612,-4.947909668254404,-0.0103029,0.36057,0.286556,0.280117,0.525356,0.578719,-0.557333,-0.32414,0.285726,-0.234823,0.653938,0.154144,0.516679,-0.530705,57.56178793506697,-10.692648058232429,-0.8725459443361876,3.230960286248613,39.762276612276736,-4.857309943996981,12.106427367436668,11.574661143452808,-0.324436,0.148615,-0.256772,0.574515,-0.0305387,0.352534,0.738051
0.9371333122253418,29.2554177835357,-4.113950876454017,0.21711480604939498,-0.9003976337428664,6.151497868899939,-4.9588312518613,-0.0102614,0.360545,0.286537,0.280357,0.525327,0.578857,-0.557096,-0.323723,0.284425,-0.23527,0.654217,0.152096,0.514374,-0.533186,57.95723896979541,-10.84955742824804,-0.7233526987266699,2.701719849434898,39.7159904884223,-4.693084891600954,11.934512712868491,11.44388512308635,-0.324057,0.147398,-0.256055,0.576479,-0.0318125,0.360195,0.732748
0.9693334102630615,29.656613809321215,-3.41027940109493,-0.5399505029592155,-1.2505549272650818,6.426895510532984,-4.666644434989565,-0.0102159,0.360513,0.28653,0.280991,0.525287,0.578578,-0.557104,-0.323359,0.28275,-0.2357,0.656187,0.150318,0.51217,-0.533391,58.25737614114707,-10.732644476926634,-0.7642393462907973,2.1554070406077157,40.135132757819186,-4.3730855093009176,12.103814345481814,10.773979135692121,-0.322761,0.144612,-0.256888,0.569659,-0.0285869,0.349161,0.743477
1.0036633014678955,30.359426554339063,-4.2870590003427775,-0.31829924312234104,-1.0309129507697423,6.459491262183246,-5.097252721287676,-0.010155,0.360451,0.286487,0.280537,0.525525,0.578209,-0.557492,-0.323162,0.280774,-0.235964,0.658463,0.146738,0.510627,-0.533061,58.751435384683994,-10.554300131817552,-1.0677787174657236,1.7053334455461293,39.434099326438634,-3.791552427649851,11.542571661537899,10.876105941601686,-0.323516,0.143197,-0.255359,0.575795,-0.0365889,0.358642,0.733824
1.0381402969360352,30.520336873788043,-4.231580420592559,-0.053760128827526905,-0.996912100251916,6.448517142369029,-5.182320480334596,-0.0101099,0.360414,0.286486,0.280962,0.525456,0.578133,-0.557422,-0.323415,0.279858,-0.235992,0.656858,0.148789,0.509591,-0.53546,58.60532651124012,-10.734821670640246,-0.662261572729975,2.987642221979545,40.98823790242624,-5.070835422973893,12.89257799253701,10.721808415643363,-0.323621,0.142015,-0.254767,0.576022,-0.0374344,0.358618,0.733615
1.0729005336761475,30.55657445324851,-3.968390226068428,-0.524079660762681,-1.2315043651214779,6.532505750726145,-5.040128593444031,-0.0100587,0.36043,0.286503,0.281277,0.525388,0.578545,-0.556899,-0.323974,0.278186,-0.235805,0.656969,0.144619,0.508026,-0.537946,59.15482651267236,-11.05517372407477,-0.6898233846415429,2.1892500068573773,41.14662171559704,-4.734435630220755,12.520573173733599,10.20590239802516,-0.324159,0.140145,-0.253854,0.57461,-0.037015,0.359416,0.734352
1.1190271377563477,30.74846796508402,-4.074367198010352,-0.8557576292848013,-1.3389699159127457,6.65626964105312,-4.970139513483394,-0.0100374,0.360454,0.286497,0.279977,0.5257,0.578399,-0.557411,-0.32437,0.276635,-0.23576,0.65933,0.139715,0.506427,-0.537862,59.85629187284183,-10.866046762773943,-1.0787005817076405,1.2429964542805392,40.0864841421548,-3.6894081765208426,11.432123541369497,10.185318828850122,-0.324306,0.138752,-0.253123,0.573842,-0.036583,0.363362,0.733032
1.1530215740203857,31.438800253899185,-4.368954541907906,-0.9971145963583616,-1.3657677421136563,6.765679423485034,-5.248989101827282,-0.00997795,0.360417,0.286479,0.279892,0.525616,0.578443,-0.557487,-0.325154,0.27505,-0.235537,0.657478,0.137929,0.507889,-0.53921,59.898711542051444,-11.210048507767057,-1.1707128593202316,2.207992459175456,39.843417326726446,-4.947704921428791,11.659316801923922,11.532475624457756,-0.325155,0.136871,-0.251948,0.574415,-0.0374161,0.365825,0.731313
1.1886940002441406,31.593783065036195,-3.5824251695820784,-1.0092544538802066,-1.581916622535354,6.658858969873094,-5.395389933323821,-0.0099223,0.360398,0.286458,0.280051,0.525764,0.578429,-0.557281,-0.325444,0.274192,-0.235477,0.657504,0.139192,0.506302,-0.540344,59.91884250036215,-11.19636273426202,-0.9231002602742797,3.101245914380023,41.52671856390772,-5.541002264509817,12.875802665761777,10.710174626866786,-0.325393,0.136547,-0.251396,0.56976,-0.0425606,0.366539,0.73431
1.2201485633850098,31.160944065912496,-3.3636366806180313,-1.3556523071841708,-1.84128958680346,6.595203287506735,-5.238059907609702,-0.00989719,0.360385,0.286434,0.279816,0.525677,0.578413,-0.557499,-0.325829,0.273225,-0.235347,0.658661,0.134647,0.506219,-0.540165,60.36585183608283,-11.233153772375632,-1.295568319233838,1.7749764124186642,40.33335749393177,-4.641471065691185,11.856849103948159,10.79912657365459,-0.325944,0.135553,-0.250608,0.571689,-0.0438512,0.369595,0.731196
1.2568638324737549,31.29414159129724,-3.8181496729280764,-1.181821574121863,-1.8156667715918096,6.398883932681699,-5.541275056724998,-0.00982484,0.360342,0.286415,0.278777,0.525703,0.578708,-0.557689,-0.326188,0.271064,-0.235273,0.658878,0.134682,0.503241,-0.542669,60.7089527970868,-11.16415638449288,-0.9611362295132648,3.253598158908564,41.62458131232407,-5.452667184035601,12.847884798136382,10.57983416175518,-0.326623,0.133383,-0.248976,0.571821,-0.051393,0.375107,0.727787
1.2915699481964111,31.383219854350894,-3.458733776050856,-1.576821242874769,-1.98269585528395,6.591712592641993,-5.326793838573474,-0.00980027,0.360281,0.286372,0.27862,0.525299,0.578631,-0.558228,-0.326382,0.270105,-0.235208,0.657563,0.131438,0.502115,-0.54609,61.07434085558133,-11.495524760865912,-0.8788585877046999,2.239658325595233,40.457615677750965,-5.144979367939605,11.771781026771817,11.170031672926589,-0.326287,0.132027,-0.248983,0.571163,-0.0469318,0.371544,0.730428
1.3235197067260742,31.198252138432856,-3.003299462457643,-2.136639175427465,-2.1944759503641826,6.769030762154057,-4.947138385970393,-0.0097601,0.360251,0.286347,0.278521,0.525356,0.578642,-0.558211,-0.326319,0.26828,-0.235376,0.659078,0.130002,0.500122,-0.546437,61.397330024687164,-11.371297655268288,-0.883991318720923,2.494270083269207,41.00770838194686,-5.2032471698808,12.193345831962727,10.76897845922439,-0.325106,0.129341,-0.24927,0.56651,-0.0392658,0.370175,0.735184
1.3581748008728027,31.659696569776912,-3.4898118788901025,-1.888941923012201,-2.057904941564362,6.727940930854954,-5.314822318587494,-0.00972785,0.36022,0.28633,0.278854,0.525382,0.57832,-0.558355,-0.326203,0.267182,-0.235498,0.6587,0.130242,0.499498,-0.547406,61.37971399600105,-11.43544965736705,-0.7842059393824139,3.136527291243704,41.43519432127806,-5.850997390907377,12.60876812716166,11.117975868133803,-0.325512,0.128755,-0.248407,0.570445,-0.04545,0.373673,0.729997
1.3922886848449707,31.92806032697346,-2.4597648439300124,-1.7368315882113816,-2.2569148876134384,6.780406342346366,-5.287195608750358,-0.00970061,0.360201,0.286331,0.278263,0.525056,0.578645,-0.55862,-0.32609,0.26542,-0.235755,0.658917,0.128136,0.498313,-0.548721,61.71439974426548,-11.468561995906983,-0.7529203812085619,3.344255037855386,40.80370398280994,-6.22345882106335,12.296667123855963,12.054285807048666,-0.324815,0.126565,-0.24812,0.56685,-0.0458587,0.372709,0.733257
1.4221069812774658,31.739575266871892,-2.665039212863905,-1.5155182864524008,-2.231231176388267,6.6509326858458415,-5.349119805436649,-0.00970729,0.360174,0.286275,0.278939,0.524794,0.578247,-0.558941,-0.32608,0.263888,-0.235851,0.659841,0.124046,0.497807,-0.549009,62.047618151581254,-11.562307559382274,-1.03519260439594,2.0536881350989313,39.81346986569,-5.588000897370794,11.447350297888496,12.168546970685277,-0.325088,0.125191,-0.247028,0.569808,-0.0506303,0.377132,0.728372
1.4559659957885742,31.95683033012998,-2.6626388156172847,-1.6759431564802685,-2.2654018717088893,6.617898946806172,-5.510719378666144,-0.00968819,0.360157,0.286302,0.278211,0.524639,0.578463,-0.559225,-0.325889,0.26262,-0.235985,0.661072,0.124889,0.49715,-0.547931,62.07283227895738,-11.26274668975737,-0.9972450417647354,3.334158933746987,40.148714100755825,-6.248717533189922,12.084027440114822,12.63642115446161,-0.324576,0.124177,-0.246749,0.567031,-0.0534333,0.37918,0.729276
1.490882396697998,32.07657530448907,-2.9297673214648663,-2.1352410429782402,-2.3287927176448395,6.7124807461931555,-5.470197496694662,-0.00961494,0.360141,0.286284,0.278127,0.524906,0.578144,-0.559346,-0.325751,0.260495,-0.236147,0.660453,0.120823,0.493247,-0.553093,62.788394895185654,-11.624476540674962,-0.8006821187190936,2.447409310249494,39.875665022122305,-5.9392371858451405,11.47894669043841,12.502551109555084,-0.324349,0.12176,-0.245951,0.568175,-0.0522016,0.382895,0.726528
1.5236008167266846,32.12913559166621,-3.0044630715639373,-1.7854942886595697,-2.313665513881474,6.494603673841841,-5.664546685923134,-0.00956479,0.36015,0.286241,0.278104,0.524725,0.577734,-0.559951,-0.325615,0.258567,-0.23631,0.661267,0.119672,0.493161,-0.552446,62.85199984723661,-11.496356532880936,-0.9507674895713396,3.110942685947464,39.567067132866384,-6.552734221456422,11.685541483197852,13.437437918556634,-0.323951,0.120006,-0.24516,0.566414,-0.0580407,0.385546,0.726058
1.5574672222137451,32.82449295971713,-3.4137869892248376,-1.904579955811665,-2.2985254151721657,6.589102926712842,-5.923620417771982,-0.00954105,0.36011,0.286246,0.277233,0.524989,0.577726,-0.560144,-0.325547,0.256541,-0.236398,0.662358,0.115589,0.491604,-0.553396,63.4475010606906,-11.4884376876654,-1.1662543200245072,2.821717504730577,38.58342251009237,-6.284205099064447,10.972857752573034,13.991235299882977,-0.323684,0.11792,-0.244184,0.566289,-0.06183,0.387723,0.724683
1.5915470123291016,32.968782630606576,-3.336853048259948,-1.9811831436122536,-2.3533804225166324,6.6231178030677755,-5.965113991268772,-0.00950072,0.360112,0.28623,0.277125,0.525408,0.577138,-0.56041,-0.325393,0.25488,-0.23648,0.663254,0.11369,0.489983,-0.554153,63.75707303232025,-11.440571720850665,-1.2660791669993918,2.9198476212799562,38.60511758879759,-6.298309155271159,11.011431128964253,13.987634330720848,-0.323488,0.11635,-0.243413,0.56738,-0.0631571,0.390654,0.722136
1.6258490085601807,33.437895543507494,-3.553066950840813,-2.2618658234351714,-2.460088423090828,6.673969585341766,-6.07889987727732,-0.0094456,0.360133,0.286224,0.276446,0.526081,0.577635,-0.559602,-0.325134,0.252275,-0.236643,0.664019,0.112224,0.486315,-0.556761,64.35661211263015,-11.499347053441117,-1.0480761616878895,4.2191506302538855,39.82271888640979,-7.0053599573632646,11.967971243975995,13.648347331283707,-0.323228,0.113601,-0.242199,0.566456,-0.0665304,0.39145,0.722128
1.6593000888824463,33.958021778255166,-4.016015553298931,-2.895610917528273,-2.53416907738146,6.871497733276539,-6.167686795621761,-0.00935959,0.36006,0.286247,0.27626,0.525634,0.577734,-0.560012,-0.325281,0.250122,-0.236591,0.664496,0.109294,0.484034,-0.558758,64.8019315615287,-11.55614066227176,-0.9784060069932867,3.803403693823716,39.6696923117239,-7.003243374652097,11.80758790976205,13.779695450793854,-0.322946,0.111386,-0.241317,0.565668,-0.0651799,0.395595,0.720608
1.6928448677062988,34.62527648950212,-3.7455366352742523,-3.095688894406313,-2.619633321514456,7.28205790567436,-6.043171735973288,-0.00926883,0.360011,0.286245,0.276214,0.525551,0.577547,-0.560305,-0.325087,0.247956,-0.236382,0.670546,0.102844,0.48307,-0.553565,65.47553550814754,-10.904916946587367,-1.829878908078456,1.8872677245504672,38.634181474936405,-4.817032227030968,10.628767012014867,12.447081080183631,-0.322918,0.108821,-0.240332,0.564288,-0.0644061,0.394519,0.722347
1.7256958484649658,35.20924740497027,-3.954786127902315,-3.099479024246873,-2.744247728273793,7.0231283223829255,-6.599715921783919,-0.00920538,0.360004,0.286216,0.275353,0.52596,0.577596,-0.560294,-0.325738,0.24584,-0.236149,0.668488,0.103258,0.481413,-0.557407,65.66749984687908,-11.183262222703535,-1.475841910933217,4.037980227706042,39.87995982012784,-6.699258280183248,12.076520482064387,13.222699661355218,-0.323527,0.10731,-0.238465,0.563505,-0.0731364,0.403027,0.717414
1.7580995559692383,35.95824596043583,-4.383127567638064,-2.844829966977223,-2.6507696325520556,7.210694668843579,-6.757495435207472,-0.00914898,0.359961,0.286236,0.273924,0.525562,0.578682,-0.560248,-0.325994,0.243371,-0.235889,0.669765,0.0977865,0.478164,-0.559654,66.60096967895021,-11.213968962047074,-1.4828619966499816,3.2929126383065466,39.081373917811696,-6.082632767532534,11.197409376789459,13.284937315182688,-0.323874,0.105077,-0.237006,0.562691,-0.0776115,0.400713,0.718877
2.8359410762786865,33.1410233990041,-2.261267810328132,-2.805216964717079,-3.5017362280039226,4.751903103062008,-7.05051547204142,-0.00791815,0.35934,0.285932,0.272481,0.525032,0.576618,-0.563567,-0.318933,0.174188,-0.229155,0.700014,0.0125504,0.41392,-0.581802,79.53267404166753,-10.177245553777851,-3.2467053793834024,2.288347835130864,38.015964004649014,-7.550605639196949,12.40391114421502,14.984467912859323,-0.30702,0.0391751,-0.200605,0.528572,-0.152102,0.472574,0.688586
2.8699827194213867,31.96436281486358,-1.9334398842464442,-2.9903953310843776,-3.515903529752289,4.475166056328833,-6.709652911114566,-0.00802439,0.359372,0.285725,0.272113,0.526379,0.575539,-0.563591,-0.319029,0.177549,-0.230619,0.69584,0.0213757,0.416442,-0.584745,78.58639057790562,-10.505678628517277,-2.7209018891658676,4.557180094008361,38.76278667140217,-9.678381947054287,13.851143090415254,16.56459015560741,-0.306733,0.0423212,-0.204274,0.525329,-0.14818,0.46576,0.69652
2.9024088382720947,31.0303997499929,-4.0032573856431934,-2.0210450154150843,-2.6695053737657153,4.65302867366746,-6.3654633968313306,-0.00807247,0.359358,0.285663,0.273296,0.526522,0.57514,-0.563292,-0.318358,0.182455,-0.232073,0.699408,0.0254897,0.421266,-0.576814,77.71552527819767,-9.806228934213928,-3.2033232758294474,3.013105349807784,38.62329864785428,-7.327594335245752,13.077129312611856,14.27098551738185,-0.307383,0.0463759,-0.207603,0.533314,-0.141289,0.461622,0.694636
2.936847686767578,28.924145314608587,-3.0582745771800015,-0.7567935678773353,-2.111844833963788,4.217898232799647,-5.861835491044625,-0.00805828,0.359385,0.285774,0.27343,0.527114,0.575214,-0.562598,-0.318868,0.188748,-0.233473,0.692732,0.0374122,0.426118,-0.580643,76.31536592273659,-10.522883460528995,-2.390750947269318,4.955399925312756,39.62796869535659,-9.384917512741186,14.224989860436263,15.627036299127587,-0.307988,0.0522679,-0.211924,0.535153,-0.135113,0.453903,0.69952
2.971949815750122,26.772763345455996,-0.9822048718697294,-0.17724618580766419,-1.8663995716957524,4.020967438543728,-5.126158882899526,-0.00827849,0.359622,0.285815,0.273321,0.527808,0.575932,-0.561263,-0.319555,0.197875,-0.235028,0.692358,0.045931,0.433167,-0.575237,75.10432491957039,-10.302126376074108,-2.497939320307151,3.9292259095821276,40.04345718535639,-7.8054927826121165,13.886017507800611,13.68352976959961,-0.309032,0.0607411,-0.218124,0.534867,-0.125601,0.443475,0.708146
3.0187606811523438,26.330093588563347,-0.6350539153598721,0.3800644556935699,-1.62543133926498,4.143272510582169,-5.007113125189132,-0.00844117,0.359508,0.285557,0.273819,0.527749,0.575064,-0.561965,-0.319957,0.207126,-0.236544,0.692919,0.0532435,0.445974,-0.564035,73.25223716574116,-9.676913731844833,-3.405939887059799,2.1638489842043427,37.53637463535519,-5.627170988329507,11.54380144260663,13.796844014627428,-0.311294,0.0691261,-0.223547,0.541689,-0.118471,0.433203,0.710544
3.0529236793518066,24.90495064605872,-2.3012976640484464,2.78734089490772,-0.39469846812076886,3.744167986558973,-4.792876271973344,-0.00862519,0.359523,0.285483,0.274322,0.526893,0.575969,-0.561597,-0.320283,0.214807,-0.237805,0.685303,0.0683878,0.45254,-0.566472,71.31404684505513,-10.325028796110525,-2.2922069748961116,4.408945527424397,38.30270075926211,-7.841223220633157,13.025445889922574,15.276219594866674,-0.312498,0.0763919,-0.228114,0.547553,-0.109429,0.428552,0.71032
3.0866003036499023,24.01974930026634,-1.4116354529716197,2.589107309608605,-0.33928973160609843,3.771978962748989,-4.312648574645308,-0.00875449,0.359558,0.285543,0.275008,0.525978,0.575622,-0.562474,-0.320372,0.223526,-0.238605,0.686378,0.073126,0.462988,-0.556039,69.8372294046321,-9.732631026899783,-3.115977391017914,1.0480493740935763,35.18271027617883,-4.922225305586775,9.790034725784922,15.391619101539778,-0.313017,0.0845394,-0.233179,0.548431,-0.09809,0.415378,0.719071
3.121379852294922,22.970603961948083,-2.1176797814676456,1.810835008524601,-0.35046555622040254,3.6229478809188644,-4.037608646953135,-0.00877203,0.359664,0.285656,0.2769,0.526377,0.576857,-0.559902,-0.320872,0.23425,-0.239211,0.678041,0.0918043,0.471367,-0.556458,67.46876367255638,-10.519336384393991,-2.031749663672022,3.64470744005979,38.58334345893931,-6.920241814015807,12.166664501786547,14.395641464810879,-0.314152,0.0951218,-0.238699,0.551979,-0.0850186,0.405386,0.723708
3.156923532485962,23.087357544499834,-2.257937308342062,3.671180219169782,0.3441072219857029,3.6204216462478853,-4.109743895506226,-0.00883829,0.359617,0.285618,0.277968,0.525972,0.57632,-0.560306,-0.320802,0.242509,-0.239565,0.674755,0.101474,0.479531,-0.551778,65.72584461306849,-10.479638850362518,-2.0056050740244364,2.7706799117919,37.62459332707172,-6.2212848454860215,11.242351470139432,14.631156935289367,-0.315791,0.103657,-0.242361,0.555756,-0.0805272,0.395988,0.726529
3.191894292831421,23.006597801611434,-3.1520489362044297,4.204443502386522,0.7326391685575273,3.6400775576314652,-4.129268818506317,-0.00897206,0.359682,0.285553,0.277356,0.525701,0.576521,-0.560656,-0.321022,0.250694,-0.239619,0.669955,0.113396,0.486013,-0.54963,64.08257283098918,-10.470503495726916,-1.5001880044893203,3.6345220881633065,37.46411982807002,-6.600704821083841,11.495476817637588,15.173545378861956,-0.317328,0.111965,-0.245712,0.56015,-0.0737377,0.38807,0.728146
3.228243827819824,23.261965984974243,-3.737601029619637,4.270675117283874,0.9626219681270219,3.932043153559099,-3.9686987457589344,-0.00908201,0.359738,0.285541,0.276643,0.525257,0.576925,-0.561009,-0.321445,0.258502,-0.239289,0.666621,0.119946,0.491298,-0.547591,63.04886680080928,-10.484289926186502,-1.3230781072599356,2.0331527056023475,36.097056173143386,-5.225983763238418,10.090051374832669,15.0282364735913,-0.318444,0.119493,-0.249406,0.564411,-0.0574654,0.380001,0.730573
3.2636704444885254,23.40862724828046,-3.507409234987103,4.911855183715097,1.2175166315520884,4.039616965108579,-3.9203399932463032,-0.00911366,0.359766,0.285557,0.276657,0.525225,0.576955,-0.561001,-0.321978,0.267972,-0.238544,0.66135,0.132804,0.500728,-0.542448,61.0159571145535,-10.459174300422537,-1.13009100325075,2.922622313404961,36.21532730749372,-5.655239304790502,10.54021981622893,15.357971226622045,-0.319697,0.129259,-0.253061,0.561482,-0.048177,0.364339,0.7414
3.2980639934539795,23.498434692397716,-5.167873316753284,5.383022296880141,1.7278957512940418,4.112179211144149,-3.9512712280984856,-0.00912231,0.359777,0.285567,0.276632,0.525161,0.577005,-0.561023,-0.322158,0.273188,-0.23804,0.659259,0.13812,0.501716,-0.542754,60.42176898297228,-10.468749739983247,-0.7209290854292503,1.5718703769639788,36.76607292649808,-4.414525033861121,10.388658500145254,13.69184562367107,-0.321795,0.13495,-0.253968,0.574906,-0.0438455,0.365636,0.730665
3.3296165466308594,23.920431682233986,-5.860896573955797,4.956773385688497,1.7723347949881973,4.428511909863761,-3.9521653545388657,-0.00911397,0.359855,0.285603,0.275511,0.525868,0.577464,-0.560439,-0.322337,0.279595,-0.237282,0.657543,0.147655,0.506352,-0.537999,59.28444392764767,-10.104817664873222,-0.5878382543926477,2.934834900945715,37.89537773431061,-4.412012868311443,11.197665758339244,12.796937633229936,-0.323489,0.141583,-0.255616,0.5783,-0.0365719,0.357548,0.732387
3.3668580055236816,22.78067538141378,-7.458407390417276,4.607576499507868,1.8624339796742273,4.317004871003622,-3.643853541944585,-0.00919165,0.359787,0.285612,0.275369,0.524833,0.576625,-0.56234,-0.322319,0.286768,-0.236365,0.653548,0.155783,0.512341,-0.534896,57.80983593217855,-9.929894950461065,-0.4369933534833943,1.7078898429137732,36.043281771926104,-3.72546651786228,10.467624173084703,13.563433057432615,-0.324637,0.149604,-0.257572,0.578884,-0.0321233,0.348738,0.736371
3.4011621475219727,21.117251977235675,-9.942898844141117,4.552882282424285,2.4437887717202638,3.9519911992759407,-3.243859093663061,-0.00917654,0.359822,0.285701,0.275004,0.525263,0.576176,-0.562577,-0.321121,0.294051,-0.235753,0.646095,0.167681,0.515727,-0.537094,56.367603738217305,-10.238028151227756,0.4608828571491277,2.910733083716228,36.03120079458983,-4.511902445099853,10.606576492864136,14.434093371522511,-0.324201,0.157218,-0.260351,0.583057,-0.0219127,0.33963,0.73771
3.435966968536377,20.17399408573675,-9.096984407421088,3.691999818241602,1.990033267671585,3.8058593674072987,-2.984812783477528,-0.00919254,0.359891,0.285759,0.275633,0.525579,0.576051,-0.562102,-0.320223,0.299011,-0.23541,0.64357,0.175192,0.520267,-0.533336,55.21948508706771,-10.163631681514484,0.5390817960109532,3.5168294123643564,36.04489791919935,-4.876766830168162,10.934604205323463,14.82368059272401,-0.323442,0.162489,-0.262217,0.582226,-0.0183416,0.331522,0.742139
3.4688527584075928,18.73141143834758,-10.511181362677629,4.128300669081653,2.545164579846709,3.469306809722021,-2.637861702737741,-0.00931299,0.359983,0.285796,0.275584,0.525794,0.57635,-0.561618,-0.318873,0.305978,-0.234779,0.643324,0.184351,0.52532,-0.525536,53.940984236722976,-9.574819248818494,0.4152306973870483,3.483715339176034,35.57658454374916,-4.007524836430051,10.887692161108141,14.30300629406853,-0.322647,0.170288,-0.264936,0.584302,-0.0130159,0.320446,0.745477
3.5028796195983887,18.634115522729193,-8.557416947633241,4.525199475154914,2.3457306499106507,3.472837675022992,-2.6183529128547667,-0.00947204,0.36002,0.285776,0.276527,0.526647,0.575442,-0.561286,-0.317426,0.313526,-0.233983,0.638538,0.1955,0.531974,-0.520628,52.18634725321055,-9.556730614337226,0.5088820784583781,4.270417668240697,35.174526229616326,-4.479141179271551,11.157438870813392,15.14289049007466,-0.32166,0.178568,-0.267726,0.587336,-0.00642113,0.310762,0.747276
3.53597092628479,18.66241204503804,-8.028708962548011,4.801117766397753,2.3268252258607447,3.572044056423928,-2.5376894391649483,-0.00968663,0.360016,0.285684,0.278043,0.526297,0.575726,-0.560575,-0.315625,0.320857,-0.233129,0.636835,0.204606,0.535086,-0.516005,50.918104154057076,-9.288030802682352,0.8107117410367133,2.669673348483271,35.10949162420729,-2.9915159959166076,10.175302784342113,13.719460891897468,-0.320436,0.187035,-0.270557,0.588131,0.000832619,0.302787,0.749947
3.569539785385132,17.87541636036974,-9.519247058715758,6.197490563006717,3.0547252159033915,3.379182262577369,-2.41567465310123,-0.0098293,0.360092,0.285579,0.279801,0.526883,0.574139,-0.560776,-0.313784,0.328066,-0.232181,0.634372,0.214378,0.539654,-0.510282,49.33690063370006,-9.01659261257358,0.7945770169909357,1.7058801495359273,34.80290620862403,-2.2981146582280374,9.64577506491639,13.450331844260415,-0.319673,0.195263,-0.272801,0.593646,0.00627423,0.290119,0.750584
3.6037988662719727,16.916378351091417,-8.637271473173774,6.117915239444258,2.763493121662338,3.233378141364994,-2.1525243177739015,-0.0100148,0.360184,0.285581,0.280608,0.527666,0.574023,-0.559755,-0.31158,0.337184,-0.230697,0.630106,0.225789,0.54553,-0.504364,47.67074020792129,-8.892282860711044,0.9439540862996478,1.326027917191606,34.08074764781174,-1.706779814191922,9.12604278010761,13.68573487423037,-0.318301,0.205624,-0.275075,0.597433,0.0146043,0.278883,0.751721
3.6396546363830566,16.036693049203507,-9.069722077683064,5.292433553934939,2.4919825202414074,3.1270936862097765,-2.010369942814154,-0.0100864,0.36028,0.285633,0.280721,0.528398,0.574078,-0.55895,-0.310451,0.342288,-0.229534,0.628023,0.231856,0.55003,-0.499296,46.70887211559635,-8.780577407036388,0.7902935753529241,1.6357383092227948,33.39189994399398,-1.4492679866443972,8.901037626234304,14.07614434176277,-0.317835,0.211749,-0.276009,0.599331,0.0153803,0.270961,0.753091
3.6738290786743164,15.402246662648427,-9.652929807075493,5.190093170359168,2.7033385285032447,3.097636113568866,-1.8666422149055903,-0.0102,0.360336,0.285775,0.281666,0.529061,0.575272,-0.556615,-0.30871,0.350643,-0.227307,0.622847,0.244361,0.555491,-0.49374,45.05154349539661,-8.767372973465264,1.2332380457127066,2.6280481849942916,34.48989554957957,-1.4843637773098983,9.194160074446481,13.158705955775542,-0.316439,0.221527,-0.277711,0.599076,0.0245227,0.259498,0.757079
3.70790958404541,15.457080347850303,-9.460512050588815,6.0159938476833545,2.854733450853539,3.122042512250806,-1.858846094140551,-0.0103213,0.360379,0.285756,0.283482,0.52956,0.574635,-0.555877,-0.30726,0.357272,-0.225467,0.619241,0.254655,0.558789,-0.489333,43.570670597465565,-8.630800337022444,1.5482814856238778,2.245476508420537,35.74478362673162,-1.186463768225721,9.581599594038863,11.949576045189886,-0.315714,0.229521,-0.2787,0.600456,0.0288345,0.251481,0.758538
3.739436149597168,15.725907115614598,-9.30347557431369,6.200774866112354,2.8626165672158757,3.257947366514722,-1.9020256264748845,-0.0104444,0.360399,0.285755,0.283734,0.529439,0.574332,-0.556176,-0.306779,0.36209,-0.22381,0.615466,0.259208,0.56416,-0.485527,42.52967395528187,-8.711617807986482,1.4061498186470878,1.7674230703496283,34.05698996422726,-1.2433182033427777,9.147588972385405,13.437501767909323,-0.31534,0.23528,-0.279516,0.59899,0.0356891,0.243024,0.762153
3.7739615440368652,15.619954955054563,-10.0242226865856,6.825166517676252,3.265330853117994,3.3072787652310116,-1.8949498133614526,-0.0107095,0.360417,0.285746,0.283844,0.527858,0.574659,-0.557285,-0.306979,0.369729,-0.220251,0.609507,0.268999,0.571733,-0.478814,40.66837576100157,-8.475615222813996,1.4900231592679782,1.484142088248622,32.824484922337355,-1.449025359695355,9.53791147826442,14.70597652397555,-0.316785,0.244452,-0.279542,0.605924,0.0439747,0.230819,0.760029
3.8049354553222656,16.576077444073388,-10.28081766248325,7.742242859879434,3.6350300462739824,3.5859389350507858,-2.1540974798386014,-0.0106949,0.360471,0.285739,0.284055,0.528886,0.574258,-0.556615,-0.306724,0.37427,-0.218257,0.606214,0.273317,0.576082,-0.475322,39.83033235631085,-8.637463766586261,1.3269228492215621,1.3764069662921372,32.63058049852615,-1.1549502901876387,9.103877055931934,14.715325176163793,-0.316898,0.250054,-0.278744,0.603047,0.0441732,0.229991,0.762553
3.8397207260131836,16.14436043197041,-10.819650034446429,7.877181916721971,3.8305546028601403,3.4796124589035378,-2.0606409809152053,-0.0107725,0.36045,0.285739,0.284328,0.527726,0.574265,-0.557569,-0.305864,0.380229,-0.216018,0.601755,0.280022,0.578401,-0.474269,38.78177617115541,-8.535772615549734,1.7872029515847583,-0.4822509524189629,31.77804793395258,-0.5877398346415745,8.314288942713185,14.625655623129424,-0.317278,0.256941,-0.278502,0.606432,0.0512555,0.22802,0.760013
3.8735108375549316,15.58762185780768,-11.238185944826128,7.70630934331141,3.9001370005777476,3.378355800790222,-1.7802236647864222,-0.0108444,0.360518,0.285788,0.283948,0.527617,0.574431,-0.557694,-0.305027,0.387049,-0.213216,0.596315,0.289014,0.581324,-0.472167,37.57405091963521,-8.42311385507026,2.2548233987216872,-0.9396715122300181,31.920449227538228,-0.34659895484332637,8.327554994540128,14.544867977990437,-0.317736,0.265114,-0.278673,0.610305,0.065438,0.21694,0.759067
3.9081573486328125,16.508761252556738,-12.087203905576775,6.989377649053651,4.015991507759952,3.7411642671002543,-1.9008103914666539,-0.0108561,0.360532,0.285823,0.283749,0.527556,0.574572,-0.557708,-0.304281,0.390859,-0.211609,0.592101,0.295409,0.581893,-0.472811,36.85640197121653,-8.404191930842373,2.837183444467745,-0.7728086201679223,32.69738082018867,-0.4455172559437024,8.983966190701214,14.394343283439957,-0.317988,0.269682,-0.278275,0.613114,0.0689631,0.213138,0.757567
3.943842649459839,17.339534269102128,-13.364395912054112,6.950121779436984,4.310846032859728,4.014533173635174,-1.9656590650653842,-0.0108308,0.360524,0.285809,0.283553,0.527489,0.57465,-0.55779,-0.302558,0.396744,-0.209336,0.586408,0.303058,0.584309,-0.472086,35.80455293569763,-8.427890769834967,3.350950732878742,-1.2128755447884005,32.01629291207765,-0.2883587959458964,8.386523445089628,14.55819891508837,-0.317758,0.277021,-0.277871,0.615984,0.0759716,0.205688,0.756627
3.978525400161743,17.699680547371695,-14.547700287750452,5.902311350511519,4.514891805162617,4.262358228996339,-2.0137880880223347,-0.0108684,0.360529,0.285752,0.284285,0.527034,0.574488,-0.558015,-0.302009,0.401186,-0.207102,0.581763,0.308305,0.586684,-0.471489,34.892100946892704,-8.540339162721128,3.7310736941931415,-2.259266791366025,32.03673904260755,-0.1552505942592468,7.889289857223443,14.494655917184847,-0.317907,0.282474,-0.277336,0.616469,0.0820749,0.199854,0.757158
4.01216983795166,17.60006594234852,-14.800254410141891,5.9749790771649565,4.578610779473754,4.28088871913175,-1.8697327881238843,-0.0108893,0.360562,0.285812,0.283858,0.52699,0.574759,-0.557995,-0.301263,0.406874,-0.204181,0.576074,0.317002,0.588667,-0.470233,33.79376540602047,-8.427304944310945,4.300008948015474,-2.1632483161586737,32.93890448494506,-0.20811536452244184,8.56871429191514,13.869588147249216,-0.318559,0.28949,-0.276267,0.619939,0.0889782,0.194636,0.754901
4.045721769332886,18.136463660312433,-15.92292102434961,5.5836065354385305,4.862945865034168,4.470340634098506,-2.021431779250696,-0.0108954,0.360566,0.285817,0.283844,0.526897,0.574843,-0.558003,-0.300511,0.410505,-0.202403,0.571103,0.321335,0.591491,-0.469812,33.01571411694201,-8.622062691116183,4.596563708487152,-2.1491632802674268,32.30699421453325,-0.6077002897251838,8.018147201425519,14.755886641305207,-0.318688,0.29397,-0.275568,0.622431,0.0930533,0.190212,0.753486
4.0789408683776855,18.51438935522535,-15.508548670739643,5.337311625951626,4.747001161246098,4.619726665722397,-1.9803856091807255,-0.0109037,0.360565,0.285817,0.283855,0.526801,0.574818,-0.558114,-0.300006,0.415418,-0.199386,0.565596,0.327284,0.595812,-0.466899,31.896533323252083,-8.702755292624818,4.745725737013019,-2.200575462412765,31.819233145299215,-0.7953251365163894,7.6088212517334135,14.800301179429047,-0.319262,0.300325,-0.274337,0.624095,0.0996273,0.185852,0.752356
4.113488435745239,18.622810290678288,-16.25434141657009,4.37266997508173,4.88931878141544,4.735283305120452,-1.9310450775970127,-0.0108781,0.360649,0.28586,0.283485,0.527516,0.575465,-0.556959,-0.300008,0.421741,-0.195036,0.559387,0.333054,0.600718,-0.464004,30.87599310271521,-8.975146171025925,4.916611554939444,-2.6956187901669457,32.13217574267854,-0.001692543523017065,7.298420659521519,14.147784700739981,-0.320698,0.308386,-0.272392,0.627118,0.108972,0.177551,0.750548
4.144764423370361,18.468948925025785,-15.889736397743755,5.319459606483135,5.016575677016971,4.6280182806667165,-1.8269768479443227,-0.0109267,0.360621,0.285869,0.283629,0.526701,0.575274,-0.557853,-0.300326,0.425432,-0.192158,0.556336,0.337983,0.603253,-0.460808,29.971517186365123,-8.751078097260741,4.982613688606572,-3.5337613114162316,32.372808765937,0.11583538861464149,7.5117609687841425,13.811271958720575,-0.321539,0.313261,-0.270961,0.626209,0.113573,0.173555,0.75156
4.178015232086182,19.10431006278944,-16.748171580456205,4.915815845452467,5.281101937823556,4.839525483015724,-1.8787523196959326,-0.0109517,0.360663,0.285907,0.283718,0.526481,0.575402,-0.557884,-0.300696,0.430085,-0.188525,0.550741,0.343019,0.607089,-0.458765,28.971808525402448,-8.898335007565775,5.199551293109913,-4.104590018213921,32.76576147552606,0.13562810918834245,7.26338156321991,13.384586273149917,-0.322751,0.3194,-0.269152,0.626398,0.121563,0.167628,0.751498
4.219146013259888,19.405536598696475,-17.154540630897156,4.274559377239948,5.385842328805305,4.9549829213490755,-1.8521405672618865,-0.0109662,0.360681,0.285923,0.283438,0.526292,0.575511,-0.558092,-0.300459,0.435614,-0.184345,0.544131,0.349344,0.610997,-0.456687,27.831271524986278,-8.998084970248568,5.502029036717036,-4.661264568235764,32.756908682004145,0.3317185097883275,6.870759106029772,13.073010782236059,-0.323341,0.326557,-0.266842,0.624375,0.130443,0.163949,0.752503
4.254460096359253,18.943474755990703,-18.31703669352612,3.8019075208585833,5.693404303249076,4.867142695631586,-1.763103742255813,-0.0110219,0.360746,0.285958,0.282854,0.526241,0.575876,-0.55806,-0.300344,0.44075,-0.180268,0.538668,0.355854,0.614281,-0.453721,26.79592601415721,-8.934457378609101,5.734502345491196,-4.8654718826392545,33.16977717485046,0.6564732353050537,6.864147396841331,12.291511180601425,-0.324592,0.333387,-0.264642,0.6275,0.138523,0.157314,0.749872
4.289017677307129,18.90306178696663,-18.43105585430251,3.450383042185752,5.673544655114882,4.8573926922407775,-1.6828213559738765,-0.011043,0.360749,0.28598,0.282931,0.526159,0.575664,-0.558317,-0.30007,0.44378,-0.177775,0.534741,0.359528,0.616461,-0.452513,26.09304431541515,-9.000248193609842,5.903963425182496,-5.243802344535718,33.167138831281754,0.6944722909652583,6.817722984909986,12.149823463087394,-0.324735,0.337524,-0.263517,0.628317,0.144191,0.151623,0.749291
4.322657108306885,19.211151350678453,-18.726701845876455,3.4537792050118834,5.730756814460066,4.946526172461086,-1.654494540278934,-0.0110505,0.360773,0.285982,0.283822,0.525912,0.576278,-0.557463,-0.299692,0.448866,-0.173496,0.52838,0.367256,0.622178,-0.445905,24.559173524039515,-8.986942478635944,5.997912108212203,-4.717748812213254,33.71991322605317,-0.214020802446786,7.572227997749653,12.292744780906997,-0.324849,0.344586,-0.261288,0.626628,0.151575,0.143619,0.750824
4.357060670852661,18.66093555799234,-19.487912207258095,3.391099602290967,6.050596305953685,4.775139726053953,-1.679707207435067,-0.0111634,0.360829,0.285989,0.285292,0.524801,0.576947,-0.557068,-0.299418,0.452938,-0.169577,0.52253,0.374272,0.626367,-0.441075,23.1513283048208,-8.910690194068717,6.2986650067558205,-4.646435690788433,34.51925148927534,-1.0738061577421227,8.586785561245586,12.19465297212012,-0.32571,0.350198,-0.259225,0.632141,0.15697,0.136516,0.746405
4.391283273696899,18.789335983221335,-18.93740607633155,3.9738827851038767,6.000041163085738,4.724226880784407,-1.6377296133737116,-0.0110821,0.360911,0.286063,0.283564,0.526351,0.576733,-0.556709,-0.29891,0.456136,-0.166834,0.519088,0.377173,0.629233,-0.438582,22.700240774626625,-9.037798451344836,6.1156715511657325,-3.9086635050248413,33.80700915510735,-0.3627767670846147,7.508930131739322,12.282215252893844,-0.325296,0.35491,-0.257831,0.63001,0.161418,0.133299,0.747839
4.423959732055664,18.069651473487287,-17.62600257671122,4.362248888184625,5.500567023962603,4.4486498323747155,-1.4613576122410703,-0.0111348,0.360986,0.286144,0.283129,0.526659,0.577008,-0.556353,-0.298168,0.461207,-0.162277,0.514445,0.382868,0.633846,-0.432433,21.594262080831715,-8.954449722567126,5.953622319108626,-4.192129954364713,32.97974712422406,0.1726318760011658,6.82798531802644,12.446278795660003,-0.32513,0.362176,-0.255349,0.630012,0.167815,0.126025,0.74769
4.458018064498901,17.124241062710308,-18.335366533058657,3.277020211194746,5.672177577345279,4.2074832513086164,-1.3567203617859058,-0.0111869,0.361025,0.286174,0.282238,0.527531,0.576956,-0.556035,-0.298352,0.463902,-0.15925,0.511263,0.387974,0.636536,-0.427678,20.81799362880048,-8.803290202283804,5.806029264552959,-2.9132828576037033,33.775847824426044,0.14371925374650374,7.239219489257158,11.856691238543151,-0.32528,0.366059,-0.253814,0.627881,0.172805,0.119496,0.749416
4.491041660308838,17.48578989007247,-18.016472881057204,3.5928317044316724,5.65254728486845,4.234140054022489,-1.2958697172684759,-0.0111475,0.361005,0.286213,0.283365,0.526635,0.577661,-0.555579,-0.298117,0.467587,-0.155259,0.507326,0.39117,0.641397,-0.422157,19.79271419203404,-8.864619047705308,5.697400728413404,-4.154504562537081,32.93756706531584,0.22177358250248602,6.85234284842458,12.302649131506968,-0.325223,0.371694,-0.251538,0.625682,0.178896,0.113455,0.750764
4.522725582122803,17.74908065918032,-19.681549645887827,3.2650806958425775,6.180171718433692,4.300066458749502,-1.4993813472367807,-0.0111343,0.361084,0.286236,0.284447,0.526562,0.577698,-0.555056,-0.297406,0.471337,-0.151524,0.501804,0.396687,0.644027,-0.419598,18.731913426523334,-8.946429756867696,6.038798838583833,-4.658414848431509,33.822655001057896,-0.030913615523417093,7.6618875055627615,11.611794320537307,-0.325473,0.377136,-0.249084,0.629294,0.183551,0.109254,0.747236
4.555289030075073,17.666713859028597,-19.636204959852797,2.6820806173304175,6.170553764662539,4.308472499085728,-1.4098212222538729,-0.0111528,0.361132,0.286314,0.284549,0.526661,0.577463,-0.555154,-0.297181,0.475834,-0.146766,0.496568,0.400611,0.648519,-0.415156,17.690612491362295,-9.084514996633164,5.934592060173796,-5.843349862571158,33.124719774782974,0.27826731711727604,7.656717959088752,11.582134982515441,-0.325812,0.383507,-0.246093,0.627899,0.192618,0.102078,0.747142
4.5900187492370605,17.11393015697766,-19.126519567854107,3.0391207910486764,5.997845580125248,4.103400938185789,-1.2906405501196778,-0.0111926,0.361111,0.286449,0.284416,0.525246,0.578349,-0.555641,-0.297047,0.478302,-0.143979,0.493772,0.404294,0.649876,-0.41279,17.055397010605486,-8.802730378819462,6.106819911244443,-6.511901167035586,32.93090608783103,0.26473593596698564,8.278589682794479,11.480711495041415,-0.326191,0.387127,-0.244191,0.627777,0.196413,0.0988606,0.746689
4.6255412101745605,17.141361936128096,-20.84255250914265,3.2936390965451094,6.569870886073209,4.0874297064446505,-1.413419475343404,-0.0112461,0.361166,0.286497,0.283369,0.525136,0.578212,-0.556422,-0.296437,0.482353,-0.139624,0.487827,0.411088,0.652111,-0.409613,15.985554536523656,-8.592902257886267,6.288409543818396,-6.177554195096544,33.070451706014566,0.16238559258611573,8.517578636885359,11.39602094199753,-0.326548,0.393078,-0.241139,0.628774,0.202724,0.0936795,0.744829
4.658574104309082,16.74444285187671,-20.15634176313466,3.2911276289515246,6.237684986392966,3.9490340126035077,-1.3070754617794935,-0.0113184,0.361171,0.286498,0.283946,0.524829,0.578518,-0.556099,-0.296136,0.484643,-0.136993,0.485005,0.412292,0.654664,-0.407677,15.4786049242424,-8.754334665398645,6.313508823182524,-7.366495859959139,32.3689678956038,0.5294927192781529,8.370018225851117,11.269217211626932,-0.32622,0.396736,-0.239565,0.62603,0.20687,0.0896651,0.746493
4.694772958755493,16.193147172431395,-20.831202543803332,3.7201985170039045,6.295805857563548,3.68015193595098,-1.2760464275816468,-0.0114288,0.361299,0.286533,0.283531,0.525039,0.579291,-0.555306,-0.295691,0.488303,-0.132269,0.481369,0.416848,0.658596,-0.400966,14.56188115115659,-8.632355478529066,6.082640938355228,-7.428110536780705,31.801725312907614,1.3590313419062063,7.649636563709909,10.77606776717378,-0.325716,0.402532,-0.236726,0.623213,0.213575,0.0803766,0.748018
4.728707790374756,15.70708129818596,-21.126779432182154,2.895673243392999,6.314004371443073,3.4872151763672457,-1.2434637661913288,-0.0114724,0.361325,0.286532,0.284115,0.5251,0.579141,-0.555107,-0.294873,0.491501,-0.128103,0.477568,0.420102,0.662143,-0.396245,13.665331968944015,-8.700282544165008,5.945741251363312,-8.416480235381677,30.909576955308452,1.9101864846946093,7.148467256891756,10.732227188606435,-0.324802,0.407914,-0.234253,0.620927,0.21936,0.0726739,0.749033
4.764950752258301,15.0399163137434,-19.162731726870568,1.4476843751257373,5.771842532288125,3.34409347968608,-0.9501473775299003,-0.011455,0.361327,0.286676,0.286403,0.524485,0.578997,-0.554663,-0.293545,0.496031,-0.122318,0.474474,0.425391,0.665493,-0.388634,12.391268216872929,-8.492166826361801,5.80119368007069,-11.32655504330545,30.6024516464703,2.6487733252283334,7.930940157784098,9.958075553385362,-0.323692,0.415229,-0.230353,0.619105,0.226825,0.0645928,0.749057
4.796766519546509,15.496032113711696,-20.241851460351306,3.34163227293037,6.319325505646409,3.345957396399298,-1.203189067835394,-0.0114475,0.36141,0.286824,0.285733,0.525358,0.5785,-0.554702,-0.292729,0.498876,-0.118961,0.46433,0.435606,0.671161,-0.37972,10.409456189565544,-8.424074340292888,5.7571417182695885,-6.042384287809344,31.15254655776824,-1.4699779906394852,8.093270428576396,13.521716309819169,-0.323254,0.419605,-0.228125,0.619514,0.230232,0.0575439,0.748254
4.831562280654907,15.014193617945798,-20.80185455577763,3.648063965613696,6.430292959904078,3.1337184944081957,-1.2510651654146867,-0.011487,0.361514,0.287008,0.285002,0.526749,0.578572,-0.553682,-0.290648,0.503414,-0.114178,0.457773,0.442793,0.672948,-0.376191,9.3896619555596,-8.398407518671522,6.055296892606916,-5.76974637320238,31.44491527961906,-1.094832493935776,8.196721698338171,12.872372225322273,-0.322197,0.426362,-0.224708,0.621764,0.235482,0.0482195,0.745407
4.864016771316528,13.858989588031704,-20.034313666154272,4.047382571177737,5.922969107794475,2.6856863208543693,-0.9707260064169108,-0.0115626,0.361554,0.286999,0.284764,0.527425,0.578405,-0.553335,-0.289582,0.506322,-0.110247,0.459258,0.444707,0.671578,-0.374567,9.40047032730073,-8.112384844931658,5.9611966951442525,-9.290739872532672,31.4746273340744,2.417055027808491,8.166728037876616,9.389219546593722,-0.320775,0.431444,-0.222554,0.618239,0.244864,0.043745,0.745593
4.896223068237305,12.50485698379111,-19.826277993972234,3.898228583736874,5.7213007437989924,2.2176147354535267,-0.9723136805640761,-0.0116094,0.361576,0.286999,0.284637,0.527388,0.578376,-0.553466,-0.289386,0.508204,-0.106929,0.456601,0.447,0.674774,-0.369306,8.68516046208055,-8.094485125390893,5.634193156183358,-9.400685581382007,30.447965367057165,2.565317557339462,7.738907970401655,9.567895236218249,-0.320448,0.434871,-0.220082,0.616822,0.246305,0.0368055,0.746666
4.928440809249878,11.748819442846278,-19.7588220170404,2.407945632840796,5.784947770881128,2.0724387220766527,-1.024509342651872,-0.0116628,0.361654,0.287137,0.285329,0.527298,0.579154,-0.552381,-0.288989,0.510813,-0.102235,0.449727,0.453436,0.680694,-0.358883,7.058902400302357,-8.052322013817122,5.375772271446673,-7.138363321683862,30.180742529114767,0.5872363942634031,7.818860017385651,11.271543608493323,-0.319762,0.439706,-0.217183,0.613546,0.252867,0.0277444,0.747563
4.962080478668213,11.529886949188624,-18.252799451671667,2.180350532387902,5.229754311489332,1.9857908604657593,-0.6238018900888309,-0.0116772,0.361758,0.287396,0.286541,0.527883,0.578563,-0.551814,-0.288406,0.514137,-0.0966552,0.455734,0.457445,0.675611,-0.355809,7.188862158522134,-7.164387621233592,5.245507355617328,-13.528793694861697,33.18630122813349,5.929498318814041,8.798194008155345,4.488163213773082,-0.318406,0.445884,-0.214011,0.608702,0.264789,0.0212151,0.747608
4.994579315185547,11.205441259109314,-17.067874693269705,3.4188220029557104,4.780451518851644,1.773726513984492,-0.5899453280547793,-0.0117005,0.361809,0.287529,0.287478,0.527794,0.578792,-0.551171,-0.28805,0.516141,-0.0937527,0.451761,0.460999,0.679246,-0.349309,6.1694166894919835,-7.1767672904168185,5.0613143121239474,-13.046446935676846,32.817137979898504,4.426717844219507,8.698061969919985,5.909115849704967,-0.31762,0.449247,-0.211986,0.605559,0.267565,0.0171593,0.749275
5.02848482131958,10.723155062987887,-17.060518614701397,3.0815222578207107,4.900849751384303,1.6121441771445182,-0.883897087561282,-0.0117807,0.361955,0.287657,0.28637,0.528426,0.578766,-0.55117,-0.287398,0.51806,-0.0904695,0.440127,0.465364,0.688858,-0.339412,4.310678162990179,-7.7933788415258745,4.60639894709194,-7.497093443540074,29.51585282205373,0.06741236449157029,7.499174296231349,10.8897459620003,-0.317243,0.452656,-0.209203,0.606371,0.267367,0.00982377,0.748821
5.0611701011657715,10.529180105662181,-16.596617790266656,3.2267964472417905,4.777834673885255,1.593693816263361,-0.874908023155376,-0.0117851,0.361978,0.287714,0.286256,0.528516,0.578296,-0.551635,-0.28736,0.519369,-0.0879862,0.43803,0.468303,0.690173,-0.335386,3.689065224871575,-7.657285265500666,4.397918193289938,-7.370983465267975,29.56181101781972,-0.24066174095459303,7.674238342701413,11.097936079172646,-0.316997,0.455107,-0.20725,0.604167,0.268301,0.00563432,0.75031
5.092689514160156,10.080122231414569,-16.565583403683256,4.881238890226121,4.629573586646389,1.4021162757424157,-0.8689925323353094,-0.0118353,0.362019,0.28775,0.286398,0.528532,0.578301,-0.551542,-0.288212,0.519629,-0.0864428,0.439075,0.469134,0.69075,-0.33165,3.496422423252783,-7.47303716309764,4.058797335834015,-7.803988726650239,30.091780750294475,0.25192340308206695,8.212146644544788,10.779361063502384,-0.317527,0.456077,-0.206404,0.601274,0.270086,0.00293544,0.752007
5.127608776092529,9.729493681168346,-16.758476159063736,5.4285865464039285,4.59036924664755,1.3235896651050159,-0.9334742645483135,-0.0119156,0.362046,0.287774,0.286905,0.52847,0.578278,-0.551362,-0.28938,0.519456,-0.0857525,0.439622,0.467156,0.693055,-0.328895,3.4029423490312,-7.669695485764827,3.6764551512847214,-8.292555021189317,29.584234500361177,0.11424747091595933,7.655094393517306,10.607568284306463,-0.317987,0.456174,-0.20603,0.599195,0.269536,0.00051527,0.753867
5.161531686782837,9.494707516434648,-17.514213127342806,5.718963798081986,4.825740667031833,1.345861367018794,-0.9805341384899262,-0.0120311,0.362048,0.287692,0.287761,0.528122,0.578573,-0.550939,-0.28995,0.519155,-0.085204,0.440618,0.467532,0.693571,-0.325928,3.229774812868372,-7.530043945102263,3.484711781977434,-8.452121862997455,29.99052556834946,0.16458518617124085,8.110200730623227,10.69142117403438,-0.318045,0.45632,-0.205677,0.597449,0.268058,-0.000381024,0.755777
5.203547477722168,9.167275775282805,-18.62642332225851,4.688582737463134,5.3920897178964475,1.4686847876896523,-1.1598808331144486,-0.0121363,0.361998,0.287707,0.288284,0.52699,0.578377,-0.551954,-0.289351,0.519567,-0.0845561,0.440139,0.468989,0.693568,-0.324485,2.887751314123893,-7.2873882273528,3.438013095196064,-8.81615107369587,29.09362283673633,-0.3289283590232479,7.59355003912376,10.874635036004367,-0.317213,0.457194,-0.205467,0.596576,0.26888,-0.00439185,0.756162
5.238128423690796,8.304792629850477,-18.353523890186214,4.372686166055018,5.518466932602839,1.3338138959883117,-1.216211628388539,-0.0121346,0.362112,0.287871,0.287674,0.528485,0.578893,-0.5503,-0.287925,0.520607,-0.0837223,0.439905,0.471321,0.693046,-0.322532,2.845536610940446,-7.197707157085168,3.4672692121478335,-8.181118206455258,29.244525027147724,0.6593269510630471,7.512875064415601,10.08468060145579,-0.315493,0.459005,-0.204983,0.59674,0.268079,-0.00739525,0.756294
5.272077322006226,7.479235540754143,-18.668914785043146,3.051804741034112,5.875355522478336,1.3352894233141748,-1.2513638101139857,-0.0121748,0.362176,0.288204,0.289352,0.528012,0.580407,-0.548276,-0.284806,0.522565,-0.0824401,0.444302,0.471743,0.689314,-0.323884,3.347365453775727,-6.751924878304704,3.844066983616578,-12.668057315785562,28.574813048598678,3.999487575885194,5.963219337399705,6.694273342628117,-0.31197,0.462149,-0.204714,0.596876,0.268138,-0.0140949,0.75607
5.303585529327393,6.559915337191016,-19.4657322046646,1.7041031447229638,6.421345119693722,1.2197637363380043,-1.4005539369271072,-0.0122188,0.362174,0.288402,0.289943,0.528852,0.579828,-0.547766,-0.281681,0.524128,-0.0818962,0.443274,0.47519,0.688906,-0.321108,2.898705720863503,-6.586636627763727,3.8530377392979887,-12.469832153214337,27.045157360235937,3.723091049903452,5.3494424540439836,6.52075571986394,-0.308746,0.464497,-0.204547,0.598856,0.2679,-0.0189562,0.754481
5.339301824569702,6.857159701372031,-19.69646146790239,-0.9811095020004696,6.847342345667972,1.661213980630581,-1.4166844676198918,-0.0122565,0.362226,0.288493,0.290996,0.530095,0.57916,-0.546712,-0.279482,0.524934,-0.0815832,0.437946,0.482706,0.689275,-0.316381,1.7459242938535144,-6.413848779695533,4.134041328646066,-8.671896020195852,28.215714627303264,0.9404608998986461,7.0676850250513805,9.586200299773202,-0.306367,0.465919,-0.20452,0.599403,0.268046,-0.0196841,0.753976
5.3735926151275635,5.894253193479303,-18.378006692704382,-3.880928054766255,6.647712461246716,1.7521002456815566,-1.3288201637094321,-0.0123852,0.362244,0.288708,0.292199,0.530574,0.578085,-0.546744,-0.277134,0.525439,-0.0817138,0.438401,0.484662,0.688393,-0.314677,1.457378991066527,-6.268357858060585,4.094166289819938,-8.796129512397469,27.065986605002475,0.7123581358682074,6.277082904043571,9.426159122273368,-0.303655,0.466864,-0.20506,0.600257,0.267106,-0.0236127,0.753517
5.407905578613281,6.166747497145175,-19.721799778383883,-2.546733060318642,7.062724885271284,1.7786586881495219,-1.3678073058942155,-0.0124975,0.362278,0.288756,0.292653,0.530886,0.578392,-0.545873,-0.275984,0.525093,-0.0825398,0.44049,0.484986,0.687317,-0.313611,1.6011039807574292,-6.095375627314766,4.04209015643086,-8.631710228215612,26.597240418196016,1.3404962342654692,5.740857153693022,8.902916388402074,-0.301908,0.466617,-0.205928,0.59998,0.264358,-0.0244221,0.75468
5.444299697875977,6.587413647897176,-19.680084136594463,-1.7823115652884172,6.777043883147859,1.959371889740159,-1.2499184144258475,-0.0126879,0.362306,0.288742,0.293938,0.530348,0.578669,-0.545412,-0.27478,0.524689,-0.0843205,0.446192,0.479722,0.68543,-0.31775,2.53713313881984,-6.18195432950315,4.074142560984522,-12.246673887050985,24.640198331566467,3.6160753741426426,4.963127607647553,5.695953206242339,-0.300766,0.465485,-0.207785,0.60237,0.26307,-0.026739,0.753146
5.476687431335449,5.687611686952949,-18.772602848427013,-1.1477073597635303,6.190112422000305,1.571923226157715,-1.1388437299771517,-0.0128788,0.362281,0.288688,0.295661,0.529394,0.579705,-0.544305,-0.273183,0.523854,-0.0867553,0.447509,0.480061,0.683063,-0.320471,2.7652560393468106,-5.9793654940906515,4.608499762734244,-12.160081070915576,24.76383257591872,3.2622186313399624,5.500032739962145,6.173711995972722,-0.298937,0.464062,-0.209772,0.604982,0.259047,-0.0244506,0.752525
5.511098623275757,6.069849626610913,-18.92278102612415,0.5425159975735683,5.621448657694654,1.3341664143723824,-0.9666161561464526,-0.0129928,0.362274,0.288572,0.294048,0.530653,0.58007,-0.543564,-0.271555,0.52314,-0.0887245,0.444288,0.485184,0.681594,-0.320366,2.4948350317105468,-5.750646084157256,4.970143428497392,-7.20601316078364,25.555279000763708,1.8778119637282487,4.7406847945986,8.411174602420786,-0.297068,0.462762,-0.211192,0.606214,0.257296,-0.0221707,0.752205
5.546375513076782,7.04482221388436,-19.524833485986935,-0.9165894933091242,5.296738920545307,1.3710612173951102,-0.9551573153755974,-0.0132149,0.36219,0.288224,0.297813,0.531307,0.577959,-0.543124,-0.269841,0.521691,-0.0904055,0.445058,0.486125,0.680397,-0.320416,2.1537436418043345,-5.854755173607132,5.18532405772592,-7.183472979612917,26.392915267347462,1.1380503099069799,5.636400034014261,9.27264225937286,-0.29521,0.46108,-0.212533,0.606156,0.256588,-0.0211195,0.752523
5.578890085220337,7.553138584288191,-19.143143143961407,1.9505829161407822,5.106826958950715,1.1811901115869021,-1.0172322540226437,-0.013507,0.362053,0.288091,0.29933,0.530021,0.57714,-0.544417,-0.271517,0.520313,-0.0898309,0.447682,0.484783,0.683303,-0.31251,1.6337094277075765,-5.674218428279463,4.220349624833356,-7.181085446635615,24.883023708556472,0.17429633480314521,5.201199706135258,9.626443304326706,-0.29526,0.460224,-0.212652,0.598449,0.257746,-0.0235408,0.758203
5.613415241241455,9.315212775451752,-17.938947064429563,8.112148683344959,4.593810779568596,1.1346344038377143,-1.1287107249178914,-0.0137046,0.362285,0.288444,0.300355,0.530915,0.578143,-0.54191,-0.276281,0.519053,-0.0888148,0.453752,0.47778,0.689079,-0.301672,1.8429158257598988,-6.0765035088820625,2.7473364398522353,-8.25139234587276,24.87034033860196,0.8301373913050369,4.527486082508121,8.674066333089215,-0.2975,0.459427,-0.2124,0.588034,0.256223,-0.0278893,0.766673
5.6462624073028564,9.247410778722433,-15.994787445669745,10.751447155524634,3.907724906264192,0.8399362615279911,-1.089172571387436,-0.0138189,0.362388,0.288752,0.299675,0.531171,0.578571,-0.541579,-0.279778,0.518043,-0.0884265,0.455596,0.474323,0.69296,-0.295392,1.8283702094905632,-6.290568352199292,1.8215338969989903,-7.404442477360337,24.707321821781235,0.1707005300722706,4.713416290935271,9.229046071399724,-0.300048,0.458487,-0.212407,0.584222,0.254121,-0.0302161,0.770191
5.681439399719238,11.110541990567622,-15.482481174811566,12.431042211409274,3.6133024337046815,1.3093296145574647,-0.9284359117608038,-0.0138805,0.362433,0.288781,0.300183,0.531353,0.578039,-0.541688,-0.283861,0.516219,-0.0887842,0.45993,0.468692,0.695068,-0.292699,2.2121045485601054,-6.575360252523571,1.0349034354932938,-8.678185700031097,25.81454634291574,0.47312900141256264,5.037379082925066,9.187773707675333,-0.302561,0.456278,-0.21261,0.574302,0.254738,-0.0248381,0.777604
5.713733911514282,11.60710587799959,-15.12957999369132,10.881644159478034,3.253753323106202,1.5252339251330762,-0.6971036827359269,-0.0139644,0.362362,0.288371,0.300367,0.531037,0.57817,-0.541755,-0.286304,0.513975,-0.090919,0.469762,0.463551,0.686865,-0.3044,4.129207793087749,-6.20819269571879,1.5747214121463724,-13.730222798647464,30.472803877996064,5.7025319318159085,6.854865515911243,5.531572554492349,-0.3058,0.452446,-0.214031,0.574999,0.255787,-0.0193964,0.7769
5.747974872589111,12.362521571825857,-16.985208833742547,13.37102375419303,4.087741773212025,1.6491289515781722,-1.090816989401232,-0.0140566,0.362362,0.288216,0.299192,0.530856,0.578182,-0.54257,-0.287198,0.512597,-0.092933,0.458869,0.461884,0.6962,-0.302338,3.072364998391323,-7.367222906974436,1.4511360676089566,-6.7936987801192315,26.87287408699219,-0.5838471566728565,5.684664508656999,10.693151751582516,-0.307046,0.449799,-0.21542,0.576773,0.253322,-0.0150427,0.776489
5.783081293106079,13.103825917171571,-18.25744565201818,17.074093651964805,4.2149798690202775,1.6927222144541203,-0.9790542703120723,-0.0142489,0.362403,0.288175,0.297579,0.529617,0.580018,-0.542708,-0.28889,0.509961,-0.0970933,0.474185,0.455049,0.684853,-0.314731,5.843375151864888,-6.4286993172392775,1.7783889247639006,-12.291369775730514,29.676689675539947,5.982345632211523,5.8579938454493,6.125359548441327,-0.308491,0.445052,-0.218547,0.578646,0.247785,-0.00904482,0.776975
5.815954208374023,12.970703349957494,-18.15178149335862,16.45326456850327,4.506894620177135,1.873305352058439,-0.9878965016248793,-0.0142191,0.362391,0.288191,0.297552,0.529869,0.580012,-0.542483,-0.289522,0.50773,-0.10063,0.479284,0.449972,0.684211,-0.315702,6.628468423811315,-6.528308798303707,1.3862419243826039,-12.250634148022726,28.812383202833658,6.099004831182768,5.191408576926359,5.807024623803682,-0.308347,0.441295,-0.221154,0.578724,0.242802,-0.000205777,0.778541
5.850955486297607,11.595749919299669,-16.443498965256268,12.64477041163966,4.433831340042033,2.062010227207005,-0.9203361991169189,-0.0140667,0.362327,0.288183,0.299182,0.530937,0.578249,-0.542425,-0.28872,0.506075,-0.103459,0.477257,0.44854,0.687048,-0.314648,6.230014319125644,-7.119260562321841,1.2172516469557906,-9.692089450595848,27.67026576359659,2.9191357008048335,5.975109163392337,8.168430781005005,-0.307019,0.438675,-0.223773,0.579306,0.237802,-0.00115619,0.77965
5.8838560581207275,10.770601765391817,-17.05016883521979,11.671250030388274,5.1474518117011705,2.2717226573276244,-1.0262195525072917,-0.0140239,0.362281,0.288158,0.299389,0.531433,0.577778,-0.542327,-0.28549,0.503678,-0.109696,0.481993,0.447354,0.682582,-0.318809,6.9996504432225395,-6.868236921673122,1.401043777047489,-7.94463878995499,26.145888116501386,2.2682438833804994,4.528815393238672,8.533319633146336,-0.302942,0.434194,-0.228907,0.582995,0.228444,0.0043961,0.779687
5.917233943939209,10.86839771000887,-18.141074015197425,10.724334653240842,5.805783974256948,2.5506482061624736,-1.1497281852254901,-0.0140393,0.362248,0.288187,0.30053,0.531415,0.578249,-0.54121,-0.282463,0.50127,-0.115697,0.486704,0.447684,0.67611,-0.32492,7.842841900070972,-6.449069302450486,2.098000937178046,-6.734411504445544,26.87420063793313,1.8640806877364504,5.458801854152973,9.472436558523745,-0.29979,0.429523,-0.233836,0.587761,0.221077,0.00848313,0.778196
5.950492858886719,11.0605533138601,-17.901371222678048,10.498289880796428,5.814623830937735,2.729452830590151,-1.1695885785778202,-0.0140646,0.362237,0.288177,0.300471,0.531677,0.578041,-0.541207,-0.280604,0.499041,-0.12038,0.49094,0.44452,0.672532,-0.330275,8.760025221200369,-6.424439844639249,2.282056011675455,-6.3383866455664695,25.651324211364525,2.0636908696329037,4.2800360540439515,9.225691485915531,-0.297493,0.425495,-0.237527,0.590179,0.214698,0.0137498,0.778077
5.9841320514678955,12.93449397699094,-19.13397998326515,10.474677275300351,5.973648389634454,3.458675458571829,-1.0978685488174087,-0.0141266,0.362127,0.28802,0.301749,0.532365,0.577709,-0.540173,-0.277941,0.494819,-0.127974,0.499834,0.438944,0.664804,-0.339897,10.48034625245479,-6.3468703854393125,2.7537209975527697,-7.080998889335218,25.682585426344083,3.415656509678417,4.059186914509712,8.28563375223543,-0.294347,0.418357,-0.243429,0.594406,0.207438,0.0231447,0.776605
6.017712831497192,12.035508115728941,-17.460965354554165,8.982629598251387,5.080302761942781,3.2055179054302205,-0.9696914644012464,-0.0141692,0.36205,0.28772,0.302683,0.532475,0.577226,-0.540058,-0.276083,0.491772,-0.132784,0.500434,0.439708,0.66137,-0.344692,10.756565698826225,-6.29441133585972,3.324502871969865,-4.241362827495258,26.41518809731705,1.6830513225394128,4.261706491961155,10.316709585612225,-0.293053,0.413185,-0.246126,0.599861,0.195642,0.0246925,0.775423
6.052541732788086,15.068110264789409,-18.926598377069457,13.547068329821776,5.226213614696654,3.792883152656659,-1.1161146853303077,-0.0142581,0.361828,0.28736,0.30425,0.530658,0.577098,-0.541103,-0.276581,0.488768,-0.135217,0.50382,0.436239,0.660694,-0.345463,11.032962829683196,-6.186730624536382,3.1742648455568574,-4.621742242926156,25.636491514381213,1.2475002329114453,4.421206814189405,10.628574745852397,-0.292945,0.409248,-0.248044,0.598116,0.19417,0.0276172,0.777041
6.087232351303101,15.930779865104812,-19.491010945059532,16.683055904885673,5.410191918164098,3.7294607466728658,-1.231530982471493,-0.0143508,0.361867,0.287297,0.303736,0.531683,0.576766,-0.54074,-0.278789,0.487694,-0.134762,0.50486,0.434895,0.662897,-0.341393,10.977448522000316,-6.305721435170467,2.564706992082048,-3.374889714003676,26.461150878683096,1.315063198160665,4.576916843387948,10.803518455356972,-0.294449,0.408247,-0.247938,0.595282,0.194339,0.025235,0.779252
6.123457193374634,14.976597558042723,-16.688762739332645,19.00928258933227,4.455524008007591,2.9713662123726676,-1.0795423894580072,-0.0144095,0.36193,0.287388,0.30436,0.531921,0.576129,-0.540833,-0.283686,0.487662,-0.131679,0.507211,0.429119,0.669611,-0.331985,10.696663075124594,-6.705122385595528,1.1153062589179186,-5.453778665356514,26.1709665693867,1.6844516290921092,3.933931139467712,10.103121554840246,-0.297261,0.409735,-0.246165,0.582916,0.201889,0.0264273,0.786608
6.159095525741577,14.267633332519022,-14.993919865158084,19.12477379773183,3.9431901723363385,2.5894164278282146,-0.961659130864514,-0.0143917,0.361997,0.287571,0.303835,0.532337,0.575818,-0.54105,-0.288415,0.488132,-0.127836,0.505803,0.426985,0.676534,-0.322722,10.037522724049282,-7.052109435562409,-0.02846236865041063,-5.362857094874691,26.68417285567653,1.0875805382429675,4.248789362860726,10.53960372055357,-0.300812,0.411679,-0.243407,0.57362,0.205197,0.0234658,0.792656
6.203844308853149,14.82704597477583,-13.05245349449329,16.899819241591718,3.505097854725403,2.756455370781983,-0.8728494194174737,-0.0143349,0.362143,0.28779,0.303224,0.532359,0.577348,-0.539739,-0.292758,0.489182,-0.123925,0.500827,0.425808,0.684067,-0.31609,9.344086184149246,-7.645959727880023,-0.533083742975937,-4.308956638483374,27.737087355398927,-0.22224102236289056,5.130096733548341,11.846512798908028,-0.305319,0.413706,-0.240191,0.568271,0.212101,0.0220855,0.794728
6.238611936569214,14.00342683243483,-12.599077036223322,16.83588959457903,3.3284841974627364,2.3408588505273538,-0.713827748700332,-0.014384,0.362069,0.287875,0.30262,0.529578,0.578818,-0.541237,-0.29532,0.489276,-0.122568,0.500249,0.421825,0.684768,-0.320791,9.748300451474385,-7.756244142226208,-0.2915762888662863,-7.029496721010761,27.359438875175833,0.39173545630775664,5.102709761524208,10.790010689253464,-0.308556,0.413662,-0.238742,0.567758,0.215841,0.0259993,0.793969
6.271931409835815,14.952338863894694,-13.16721146716539,17.111977848519224,3.5444035761895254,2.6414467269605724,-0.6778983374880925,-0.0143934,0.362052,0.287821,0.301378,0.528805,0.579415,-0.542047,-0.295616,0.489207,-0.123094,0.499216,0.422054,0.682275,-0.327346,10.159975074348191,-7.694528705395742,0.3350524868299348,-7.159492370959994,28.26539238966638,0.763917729514926,5.552593853766866,10.815022611172687,-0.310469,0.412668,-0.238583,0.573084,0.216395,0.0305289,0.78982
6.3054680824279785,15.448869985352102,-13.95142528455387,15.9430234735353,3.803976173907001,2.7687347600380057,-0.7166910974267824,-0.0143186,0.361952,0.287438,0.300819,0.529231,0.578862,-0.542532,-0.295321,0.487421,-0.126877,0.497366,0.419993,0.677622,-0.342142,11.099642142503718,-8.194767319820377,1.5965709179840473,-6.784246706435393,30.416132572065465,0.4250106756839358,6.803350089708349,11.942554603429306,-0.312894,0.408073,-0.239909,0.584452,0.212542,0.0397534,0.782088
6.340046167373657,15.866295004249173,-14.030710417722993,15.127293363924604,3.8036861219754723,2.9507966497828972,-0.6871797942208641,-0.0142266,0.361918,0.287327,0.299671,0.529171,0.578076,-0.544062,-0.295463,0.485665,-0.129376,0.498549,0.416914,0.675107,-0.349088,11.820441480476905,-8.337137533070562,1.8271263170846626,-6.741849789664572,30.11911270732479,0.6043783673547019,6.3778144824757845,11.762087913307887,-0.313484,0.405016,-0.241008,0.585875,0.207875,0.0468345,0.781886
6.375208139419556,17.81048487365735,-14.247635066504099,14.507998739845043,3.7286293028133097,3.730069977248182,-0.6379222803527419,-0.014199,0.361841,0.287211,0.298712,0.528636,0.578486,-0.544672,-0.296573,0.481821,-0.133566,0.504576,0.40792,0.672387,-0.356229,13.361154543325677,-8.561229333328049,1.6917986429861605,-7.8497919154680424,28.836703052603937,2.012730432348576,5.2344218216479215,10.343472850260547,-0.314722,0.39882,-0.243546,0.588749,0.202571,0.0534248,0.780695
6.408950328826904,18.338677242779188,-14.986144958486287,16.89408989908923,4.11986524472652,3.7538189213517654,-0.7681898705000126,-0.0142121,0.361797,0.287055,0.298815,0.528256,0.57832,-0.545161,-0.296766,0.479728,-0.136109,0.506432,0.405379,0.670622,-0.359806,13.852812052009034,-8.603059593996088,1.808393059170554,-7.567021412055091,28.864044975235274,1.6966407958646421,5.09351703072168,10.654389716952087,-0.314749,0.394662,-0.245848,0.590598,0.198092,0.0578317,0.780134
6.444624185562134,18.429398417635852,-15.35696870977167,16.21267859423713,4.390848922337529,3.6625915533533946,-0.8671413829779184,-0.0143289,0.361756,0.286918,0.298849,0.527328,0.579342,-0.544956,-0.295678,0.477287,-0.139919,0.509554,0.402894,0.668154,-0.362768,14.499428673726484,-8.446492823880062,1.9794398033411897,-6.74821825956222,27.67647436480189,1.3627707324908158,4.063495432067475,10.743143820191731,-0.313401,0.391837,-0.248045,0.590955,0.194255,0.0615055,0.780547
6.480445146560669,19.627743714561447,-14.757805461267312,16.915300559226907,4.363542083667836,4.025030977385066,-0.9620788649856584,-0.0142482,0.361699,0.28693,0.299663,0.527795,0.578643,-0.5448,-0.294779,0.475838,-0.142341,0.511549,0.402314,0.665672,-0.36516,14.808899959817333,-8.418290962994229,2.1403943089947735,-6.516522852750459,28.309452752328276,0.911098483158927,4.65922606790311,11.274468326635272,-0.312676,0.389456,-0.249442,0.592519,0.188651,0.0644738,0.780497
6.515608549118042,20.970306341592607,-14.13304796772119,15.802157391595388,4.043788286385184,4.393545856561767,-0.8622830063835548,-0.0141925,0.361698,0.286973,0.299622,0.528142,0.578582,-0.544551,-0.295148,0.474163,-0.144292,0.513425,0.399151,0.664913,-0.367375,15.315790907177528,-8.60248657731699,2.081131068299218,-6.354437623544491,28.296854937049908,0.7869372539584383,4.54499912030067,11.412119405282608,-0.313067,0.386493,-0.250514,0.59505,0.187738,0.066486,0.77862
6.549543380737305,22.789640348706357,-14.512107153140905,14.489657948080481,4.197418862927597,5.1373028894770965,-1.017675598161195,-0.0141908,0.361648,0.286889,0.299477,0.52772,0.578586,-0.545035,-0.296054,0.472372,-0.145842,0.510898,0.397199,0.66595,-0.371117,15.39002920069279,-9.02380856420715,2.3385274399093365,-4.713414009024799,28.34904090551634,-0.9046100215591224,5.283304529544968,12.939494155897153,-0.314297,0.383797,-0.251193,0.595707,0.187706,0.0738253,0.777463
6.584124803543091,23.553074307844575,-16.58496007736796,16.77392533580804,5.046526269031186,5.332913423652653,-1.1926252536212667,-0.0142009,0.361558,0.28659,0.298911,0.526614,0.579766,-0.545162,-0.297795,0.470345,-0.147642,0.509024,0.399177,0.664104,-0.374858,15.435623246410323,-8.87369477752632,2.9923305892557837,-2.07673889168297,31.428510717054877,-2.925483537648063,8.431045793810979,15.808627860514765,-0.317239,0.380201,-0.25173,0.600963,0.186846,0.0783301,0.773173
6.619446277618408,23.656477823036585,-16.856028388023667,16.21283917795765,5.084326263649496,5.329640159106066,-1.220792549547588,-0.0142549,0.361578,0.286403,0.296574,0.526124,0.580101,-0.546553,-0.298628,0.469377,-0.148878,0.509635,0.396596,0.660483,-0.383075,16.33000111507749,-8.890028494750792,3.4474423331545303,-2.66126331287661,31.577124459154717,-1.736818025882247,7.4514134955240925,14.863699350226867,-0.318862,0.378378,-0.25179,0.60198,0.186175,0.0847342,0.771867
6.652384042739868,24.063157289414754,-15.633732002654721,15.447100985753139,4.7715047012141385,5.560173347690297,-1.2399402979283565,-0.0142647,0.36163,0.286275,0.295155,0.526294,0.579004,-0.548319,-0.300758,0.468515,-0.149288,0.507638,0.395004,0.660753,-0.386886,16.470849591170097,-9.172697296372258,3.484116609196727,-1.9159428499312297,32.322719344103305,-2.7151883001955923,8.20110065954286,15.237979822450011,-0.321711,0.376677,-0.251362,0.603812,0.18614,0.0914842,0.769671
6.688499689102173,25.115552748724078,-15.61062367959243,15.402418557493057,4.790492865317266,5.8702659371342705,-1.2634745962063059,-0.0142358,0.361629,0.286274,0.293495,0.525846,0.579661,-0.548944,-0.302263,0.467906,-0.149376,0.507463,0.393372,0.660859,-0.388594,16.77964748635158,-9.197314321227719,3.4611805484390814,-1.457229086358094,32.335869051919566,-2.6897488546243586,8.203067453896717,15.285844880789869,-0.323181,0.375831,-0.251018,0.601843,0.185633,0.0935994,0.77108
6.725919961929321,26.693726568926298,-15.995973513328813,13.581278009608734,4.796585147715434,6.402418847610579,-1.3386890046878943,-0.0141611,0.361601,0.286142,0.292795,0.525998,0.578506,-0.550389,-0.304234,0.466743,-0.149616,0.506908,0.389813,0.661928,-0.391078,17.011962477276654,-9.568969507027562,3.2411117058840064,-1.657012030911388,32.279442548247005,-3.0398058153595677,8.187430408189984,15.694901276421241,-0.325886,0.373823,-0.250544,0.604374,0.187261,0.0963103,0.768368
6.7616705894470215,27.220189882194727,-15.635423279382398,12.644438831431414,4.7078060225088185,6.655702556727049,-1.3460398307141068,-0.014136,0.361537,0.286034,0.292907,0.524807,0.578572,-0.551396,-0.305604,0.465608,-0.15016,0.50551,0.388973,0.661844,-0.393856,17.008771447287135,-9.664053367032338,3.497162443412104,-1.3559384709679092,33.07732268734028,-4.196164673941027,9.289183427370416,16.069773310826395,-0.327661,0.372067,-0.250521,0.604926,0.18761,0.0994897,0.767443
6.798286199569702,27.789807504654522,-15.946547675676513,12.375123548943783,4.818422533133298,6.7297397497453595,-1.3812092489463146,-0.0140881,0.36149,0.285979,0.29175,0.524314,0.578866,-0.552169,-0.306291,0.46432,-0.15146,0.507093,0.386128,0.658817,-0.399652,17.767798065749865,-9.668085274334603,3.7817864777611954,-2.1770073202614624,33.339273423874225,-3.37365508398641,8.638710748434374,15.081192840471456,-0.328779,0.369991,-0.250671,0.606202,0.185914,0.105802,0.766003
6.833143949508667,29.654201065719842,-17.49174900643228,10.923043725072052,5.216638636815978,7.293664174437051,-1.7167848125372225,-0.0139538,0.361488,0.285824,0.290437,0.52309,0.5796,-0.553251,-0.306817,0.462585,-0.15373,0.508139,0.383127,0.655808,-0.406109,18.520566179339212,-9.647279781683807,4.175250715243456,-2.421069448607158,33.10217041485732,-3.395040953674439,8.65736951885349,15.341580223681877,-0.330585,0.366923,-0.250952,0.612676,0.182233,0.11486,0.760412
6.869016170501709,30.428815369755696,-17.68627203933815,10.2499582196146,5.324714804396502,7.692041056199991,-1.8549621013567268,-0.013814,0.361395,0.28571,0.290516,0.522306,0.580144,-0.553381,-0.308001,0.460714,-0.155095,0.507141,0.381994,0.653817,-0.411596,18.840155649719414,-9.811580011924207,4.751706563806616,-1.8652952220507624,35.072046145981126,-4.345674307993384,9.905868462864042,14.717656092189241,-0.332338,0.364047,-0.25118,0.614986,0.180507,0.119504,0.75824
6.9023051261901855,30.77002130832038,-17.75969492921837,10.93130969813793,5.401884753519973,7.672670588952932,-1.8174926012840478,-0.0137583,0.361376,0.285654,0.289289,0.522156,0.580401,-0.553896,-0.309051,0.459321,-0.156303,0.507815,0.37865,0.652457,-0.415991,19.46553676222799,-9.990640945087918,4.864177642312079,-1.9743521257541334,35.040078887193324,-4.124266541848044,9.595210573029451,14.60414703033744,-0.333503,0.361799,-0.251431,0.613566,0.179308,0.122496,0.759197
6.935855150222778,31.648021214657497,-18.89869192566385,9.191173431365412,5.6638626407607555,8.05785995561761,-2.0531533518825547,-0.0137395,0.361347,0.285563,0.287588,0.521408,0.58065,-0.555223,-0.309736,0.457301,-0.158736,0.509471,0.375073,0.64843,-0.423436,20.402462527054553,-9.985128708355074,5.232318565265848,-2.426880841779539,34.89126950115293,-3.806235181070601,9.347311751697465,14.461256109028408,-0.335167,0.358195,-0.252074,0.618342,0.177465,0.130057,0.754483
6.972698926925659,31.670266967654918,-17.837928343158236,9.423837195209732,5.284111648502002,7.990505483761263,-1.9974564174957852,-0.0138039,0.361388,0.285402,0.286944,0.521456,0.5805,-0.555667,-0.31116,0.454841,-0.160517,0.51062,0.371042,0.647388,-0.427181,21.00732931752212,-10.233218499766028,5.219154055041182,-1.9398678427605005,35.134546298874746,-4.03462139828633,9.454882310825278,14.606165267524206,-0.336409,0.354727,-0.252846,0.617498,0.175106,0.133921,0.755049
7.004741907119751,31.943620042536928,-17.85273575798624,9.191453808487118,5.3321527456407685,8.116991549474061,-2.1661548078027257,-0.0138399,0.361332,0.285297,0.28594,0.521071,0.580633,-0.556407,-0.312105,0.452857,-0.162004,0.512667,0.368603,0.645811,-0.429222,21.523735583254552,-10.138578346992478,5.149187916959121,-1.5639098581717459,35.0648951869148,-3.9911645262013558,9.580672928427271,14.685156290263432,-0.337287,0.352061,-0.253333,0.618145,0.17151,0.138715,0.754479
7.039295673370361,31.817098271422708,-16.52105491578052,9.137250220191733,4.856582792783917,8.01395660436045,-2.0622700839848567,-0.0138437,0.361316,0.285265,0.28576,0.521133,0.580581,-0.556496,-0.312886,0.451362,-0.163135,0.513766,0.364499,0.646026,-0.431086,21.97623111674445,-10.425035232004047,4.980431260439562,-1.8641768835328438,34.34649835487244,-3.9566376990483008,9.068252194145092,15.325373866919083,-0.33745,0.349992,-0.254038,0.614247,0.170703,0.140804,0.757453
7.073698043823242,31.897384056951545,-16.480880592799767,8.105444537421072,4.703106928894503,8.077497241936161,-2.1655262949246263,-0.0138883,0.361289,0.285211,0.28591,0.520646,0.580529,-0.556929,-0.314013,0.448588,-0.164951,0.516526,0.361082,0.645536,-0.431397,22.389463833790355,-10.408663329877038,4.713614210738164,-1.4453331754951644,34.25286414870463,-4.447085317614917,9.498948743512207,15.914199870600022,-0.338056,0.346091,-0.254977,0.615034,0.167907,0.143851,0.756867
7.10949444770813,31.839054379147058,-16.217727163427906,8.07675342909073,4.6006739095381795,8.081867512508252,-2.0998005508740447,-0.0138503,0.361217,0.285165,0.285535,0.520129,0.580727,-0.557396,-0.31462,0.446396,-0.166567,0.520775,0.358203,0.641599,-0.434552,23.187317311113095,-10.156594629218608,4.775682473631445,-2.462180134057385,34.91466917648139,-3.4287997127575807,9.171739463380217,14.32111723187635,-0.338335,0.343086,-0.255795,0.614705,0.165317,0.147242,0.757052
7.1447954177856445,31.568927316633296,-15.508252305357647,7.892429887588012,4.3256104816372325,8.04685451407893,-1.9727943353056685,-0.0138139,0.361215,0.285125,0.286169,0.520664,0.5804,-0.556913,-0.315083,0.443967,-0.168294,0.524705,0.354468,0.64037,-0.434701,23.752920293179383,-10.203045261366222,4.458512333502324,-2.7350892255327226,35.20850604496245,-3.057896150510498,9.036387403181198,13.744922186727424,-0.338341,0.339877,-0.256757,0.611713,0.162571,0.149566,0.75961
7.180313348770142,31.781010646147312,-15.872730905243479,8.445659244795541,4.603532761197546,8.071906592868654,-2.128590404558463,-0.0137618,0.361237,0.285134,0.285402,0.520824,0.580719,-0.556825,-0.315093,0.441809,-0.170427,0.525911,0.35342,0.638655,-0.436614,24.157466440459807,-10.153243222672762,4.545867237886904,-1.1121096128215697,35.503308444484,-3.8556847791275466,10.121736953875013,14.45114869353408,-0.338095,0.336483,-0.257911,0.611333,0.160838,0.153423,0.759516
7.220621824264526,31.79343717904496,-15.062168100922374,8.382998976003712,4.241545658960989,8.011397278934446,-1.9374691359424525,-0.0137389,0.361209,0.285107,0.285193,0.520815,0.580882,-0.556769,-0.314795,0.438249,-0.173451,0.535449,0.344809,0.63186,-0.441762,25.95884135625405,-9.94422997645204,4.337532984374859,-4.531947096863312,34.60183485703591,-0.3580221954099123,7.381415826814082,11.855071193320226,-0.337796,0.332085,-0.259198,0.612313,0.154537,0.15853,0.758986
7.2551796436309814,32.64459828909046,-16.25393195358085,7.769251761416652,4.6504806196225745,8.34534341319556,-2.2084840116322915,-0.0137431,0.36116,0.285067,0.284856,0.520357,0.581087,-0.557157,-0.315306,0.435019,-0.175925,0.539228,0.340631,0.628682,-0.44493,26.78908158535707,-9.856280857111532,4.3253391091303035,-4.664652888596456,34.5911663286723,-0.15149590873116736,7.394539963832718,11.751674687466988,-0.337737,0.327653,-0.260347,0.612369,0.150447,0.164712,0.758446
7.289930820465088,33.06431250752897,-16.510385975152857,7.630491492422976,4.763756553467706,8.458257272309453,-2.3520230343607724,-0.013712,0.361174,0.285044,0.284714,0.520849,0.581164,-0.556689,-0.315466,0.433195,-0.177477,0.54036,0.337788,0.627518,-0.447361,27.283089875762418,-10.06798427077201,4.338986517272893,-4.256367856503789,34.66468343370212,-0.3009787154111301,7.394743766740438,11.961228064855492,-0.338013,0.324899,-0.260937,0.614352,0.148313,0.1679,0.756561
7.324479579925537,33.466342262514445,-16.43626173185304,7.9387674566183755,4.814186660661735,8.521178047842731,-2.471419369629813,-0.0136328,0.361149,0.285019,0.283711,0.520889,0.581086,-0.557245,-0.315953,0.429953,-0.180027,0.543258,0.334171,0.623769,-0.451789,28.15212804518307,-10.022966876048086,4.429875384851443,-3.77762617773054,35.01874482088057,-0.3692272771136338,7.830418578958488,11.81161803579204,-0.338592,0.32042,-0.261802,0.617494,0.143141,0.173437,0.753745
7.360290288925171,34.203493269383515,-17.147154217068994,7.069263333423762,5.003899156256847,8.85513006649194,-2.7939692574441612,-0.0135682,0.361131,0.284992,0.28312,0.520796,0.581145,-0.55757,-0.315944,0.427487,-0.182263,0.544021,0.332524,0.619758,-0.457568,28.778638985372726,-10.07109638240027,4.894303748410363,-3.14195733158021,35.912293122901964,-0.8752162861046564,8.743568475005969,11.566239054989818,-0.338766,0.316925,-0.262421,0.619306,0.138782,0.179348,0.751687
7.3940253257751465,34.51577829582139,-18.038743523139807,7.655672693505535,5.3719050078678645,8.851214230946354,-2.8870220728118543,-0.013487,0.361063,0.284916,0.283221,0.52019,0.581191,-0.558037,-0.316084,0.424812,-0.1845,0.546864,0.327781,0.617658,-0.460433,29.473756216109223,-10.13711622704087,4.832307374624688,-3.95088823053797,35.02839917693381,-0.8143853149330518,8.069592101464005,12.276333056286708,-0.338812,0.313499,-0.263404,0.619684,0.134746,0.181443,0.751608
7.430251598358154,34.91065505929842,-17.680362448086274,7.445448105049299,5.2407555200437415,8.907378761779224,-3.3915963448315996,-0.0134189,0.36097,0.284804,0.282393,0.519469,0.581017,-0.559308,-0.315894,0.422352,-0.186779,0.545858,0.326458,0.614207,-0.467134,29.91451773510691,-10.244040739058716,5.402815817778912,-3.0937044811728036,34.999214467791724,-1.9239458046122664,8.806744002019018,13.437925384985189,-0.339165,0.309907,-0.263344,0.623436,0.126125,0.190909,0.747646
7.465588092803955,34.67036615447088,-17.586998709681193,7.15795764939917,5.034152603073118,8.839907356244229,-3.3473296667339643,-0.01338,0.360968,0.284786,0.281738,0.519485,0.581038,-0.559602,-0.316208,0.419066,-0.189239,0.548642,0.322903,0.610374,-0.471348,30.749699288176647,-10.229083336458412,5.531982162728411,-2.735244894363632,35.39246311921041,-2.064243353238524,9.233099675843565,13.267370989852271,-0.339188,0.305364,-0.264212,0.62269,0.123564,0.197452,0.746995
7.499766111373901,34.59828614936239,-18.02835939676921,6.3444365610952,5.12687234488663,8.839308481166782,-3.513487475144254,-0.0133176,0.36091,0.28479,0.282072,0.518724,0.580969,-0.56021,-0.316121,0.417229,-0.190637,0.549193,0.320278,0.61011,-0.472838,30.961196223506946,-10.341327392025448,5.50762822343636,-2.7880743099037346,34.31216080213911,-2.730371182157608,8.95462626748165,14.857193707685926,-0.339014,0.303053,-0.264714,0.623971,0.121456,0.201114,0.745294
7.536056995391846,33.8840638435635,-16.319134161548526,7.11149930835216,4.747077895967813,8.477535480488871,-3.554949247940636,-0.0133066,0.360901,0.284758,0.281875,0.518682,0.581012,-0.560304,-0.315606,0.414092,-0.193267,0.55369,0.317377,0.60378,-0.477648,31.962515046597538,-10.113774089818564,5.812930012704121,-3.45358149013172,35.175198964092225,-1.9412152442756607,9.208110602959025,13.369174240628384,-0.338407,0.298815,-0.26532,0.624182,0.110676,0.210318,0.744254
7.571323394775391,33.91925604939981,-16.30058829359033,6.99619224136386,4.652280512456374,8.35478683728216,-3.7028653021041547,-0.0132672,0.360874,0.284753,0.281777,0.518984,0.580937,-0.560151,-0.314948,0.41143,-0.195511,0.55488,0.315303,0.601494,-0.480517,32.43892115404833,-10.214359513220497,5.94087757504401,-2.447810071264893,35.005755616427585,-2.6245895722606036,9.551294651631332,14.181087307395018,-0.337378,0.295464,-0.266424,0.625795,0.104772,0.210925,0.743582
7.607302904129028,34.56440773311666,-15.715880150833438,6.082311183547341,4.305276261685838,8.596321981646733,-3.8605284401755773,-0.0132003,0.360835,0.284721,0.281921,0.519114,0.58081,-0.56009,-0.314798,0.407837,-0.197947,0.55776,0.310779,0.598807,-0.483476,33.19444796046877,-10.335055989857235,5.890151242180045,-2.2445329235602665,34.69047488146537,-2.7934077305105767,9.303583058000948,14.684602567347886,-0.336729,0.290768,-0.267392,0.624744,0.101412,0.216703,0.74327
7.644232749938965,35.13689464101837,-15.317440787414947,6.082104645598561,4.222286245494999,8.828440345977702,-3.815959734470518,-0.0131399,0.360854,0.284704,0.281499,0.519977,0.581167,-0.559132,-0.315177,0.404608,-0.19984,0.563145,0.307299,0.594,-0.485386,34.23036338988163,-10.1347309305362,5.830706998075296,-2.2447243276048363,36.38027090299942,-1.8648044328998274,9.968449150881117,12.293246278214752,-0.336545,0.286828,-0.267879,0.623567,0.0973673,0.220798,0.743594
7.680463075637817,35.388007795859345,-15.674795011571245,6.478585670145832,4.327521600308036,8.827205530758489,-4.046802896597807,-0.0131253,0.360777,0.284678,0.281564,0.519225,0.580908,-0.560065,-0.315151,0.401374,-0.201894,0.564435,0.304582,0.59151,-0.48863,34.66953367363611,-10.146115261927354,5.974624726685472,-1.8521339449999132,36.02158008363405,-2.7013402224163414,10.487426801265936,13.298737248716012,-0.336639,0.282756,-0.268249,0.625464,0.0919504,0.225296,0.741338
7.715940713882446,35.51767413031448,-16.282345176043957,6.22796535804014,4.423773540113347,8.945684446976033,-3.885453312803408,-0.0129813,0.36082,0.284679,0.27918,0.519722,0.582111,-0.559549,-0.31527,0.397079,-0.204293,0.569811,0.298586,0.585892,-0.492841,36.19495956152642,-9.985988399691493,5.95797610298273,-1.2174491424569558,35.91193816233179,-1.4524172372103017,9.864957066252257,12.366696120338514,-0.336937,0.277375,-0.269,0.627464,0.0908056,0.228301,0.738865
7.750909328460693,35.06041064537787,-15.553785468140996,6.012883583483057,4.014448017102097,8.717865444086831,-4.0303144666303945,-0.0129264,0.360774,0.284657,0.279528,0.519477,0.581999,-0.559719,-0.315826,0.394481,-0.205581,0.571579,0.293583,0.584571,-0.495362,36.79270899925902,-10.224627489905203,5.841886357116121,-1.979411532577258,35.397185088025104,-1.3846105711907377,9.493852654686698,12.8337345191733,-0.337053,0.274274,-0.268852,0.6267,0.0820537,0.2328,0.739133
7.785484313964844,35.07822798795397,-15.898934301981566,5.433600958516883,4.161252343108342,8.949000411409848,-3.7491402258054816,-0.012821,0.36076,0.284614,0.278716,0.519878,0.581086,-0.560699,-0.316735,0.390434,-0.207335,0.574191,0.291279,0.581103,-0.497775,37.392932796120434,-10.051042325191434,5.789419271868736,-0.5336416614326343,36.7170604087981,-2.221749538840392,10.198704386416406,12.312376629781562,-0.33751,0.268968,-0.269683,0.625152,0.0889123,0.236827,0.738372
7.819611310958862,34.680206459616926,-15.823473970007878,5.664876798203733,4.131587942707621,8.79204168630437,-3.8166607408935347,-0.0127831,0.360723,0.284579,0.277955,0.519888,0.580828,-0.561335,-0.316791,0.387321,-0.208999,0.576609,0.28764,0.578945,-0.499607,38.02026427336429,-9.99755274813762,5.6407272115708915,-0.023342968221566895,35.993220454209755,-2.3945177157444952,9.92757139514975,12.982616847362246,-0.337811,0.265114,-0.269816,0.629042,0.0853864,0.241979,0.733799
7.856170177459717,33.648369140682576,-14.382839004576002,5.808117836339802,3.577134932432412,8.428355133496291,-3.689828380195726,-0.012783,0.360736,0.284579,0.277997,0.519859,0.580795,-0.561374,-0.317551,0.38323,-0.210719,0.581527,0.281814,0.576224,-0.500373,38.92006863080065,-9.90377698482208,5.286407237074499,-0.3585306764462879,36.0547159041991,-2.0247340389110455,9.744180476477272,12.59552507788319,-0.336605,0.26024,-0.270396,0.619898,0.0778225,0.243129,0.741996
7.891096353530884,34.43609494649332,-15.055805601700134,5.365043927118569,3.8543913077364835,8.717355069302505,-3.906426291460856,-0.012784,0.36072,0.28457,0.278036,0.519903,0.580762,-0.561348,-0.317146,0.381101,-0.21204,0.583389,0.27959,0.575026,-0.500832,39.27804304044623,-9.876630117747789,5.169165331474035,0.01889791250467754,35.52824872944844,-2.276688879279554,9.694819262750036,13.222667962209385,-0.335788,0.257362,-0.271088,0.61995,0.0770588,0.244875,0.741458
7.927509307861328,34.518442026586676,-15.069388658559618,6.00482495785264,3.918327205930958,8.668973841010521,-3.9288224292366003,-0.0127494,0.360624,0.28446,0.278141,0.520009,0.580474,-0.561496,-0.31609,0.377379,-0.214341,0.586543,0.276639,0.570748,-0.503672,39.988095399384754,-9.777726366924137,5.267060948239418,0.361903181279982,35.37509704405764,-2.2906323394506565,9.660550034548667,13.303952037645134,-0.334233,0.252816,-0.272304,0.620229,0.0736402,0.246287,0.741104
7.963622093200684,32.884751981383566,-14.078210889489664,5.430339614052113,3.517773381152454,8.178588579378946,-3.772350516721556,-0.0127533,0.360612,0.284459,0.278214,0.520224,0.580413,-0.561324,-0.315775,0.37346,-0.21631,0.590924,0.272895,0.566955,-0.504875,40.77895703546143,-9.599774409930928,5.147309037104299,0.6518669469703187,35.702319810470875,-2.171215408425624,9.73476215435267,12.870170303395492,-0.333284,0.24826,-0.272564,0.620337,0.0657228,0.251713,0.739934
7.995966672897339,32.55931125493671,-13.810946018425751,4.899041181729552,3.4155901753830302,8.1367390522887,-3.5976508975173944,-0.0126637,0.360591,0.284499,0.278759,0.520549,0.580132,-0.561043,-0.315136,0.371215,-0.217721,0.594318,0.270135,0.563336,-0.506425,41.399293020862245,-9.508059129318621,5.138113899534314,-0.16345750073965437,36.13518814620808,-1.5944110385421943,9.614945559346685,11.989481137137364,-0.331846,0.245381,-0.273296,0.61793,0.0640243,0.251962,0.74201
8.032082319259644,32.24651644487855,-13.304823548791452,5.000306135198389,3.2145711354949946,7.9273287357834095,-3.7107960921622265,-0.0125888,0.360568,0.284551,0.279562,0.520565,0.579916,-0.560852,-0.314197,0.366891,-0.220068,0.597863,0.263814,0.56001,-0.509265,42.30388325986215,-9.679882718799748,4.997757479863457,-0.7929826478037567,35.01953469448256,-1.4479579663128135,9.082639512229855,12.880131628477287,-0.330716,0.240467,-0.273518,0.619771,0.0544265,0.257737,0.739252
8.06786036491394,32.58567729082667,-13.735239087107304,5.142183624502613,3.3032184517041134,7.993581773716832,-3.9140892165120356,-0.0125611,0.360494,0.284511,0.279665,0.520893,0.579338,-0.561093,-0.313923,0.363101,-0.22175,0.601534,0.25946,0.55723,-0.510227,43.001809230135216,-9.592141531189279,4.734208480730943,-0.6926464757243984,34.70480403206933,-1.374398673027212,8.954483544217297,13.070386697523254,-0.329945,0.236329,-0.273608,0.620825,0.048327,0.264001,0.736576
8.101135492324829,33.0244186843748,-14.225011195187731,5.434343181645882,3.514800686639646,8.045760252394624,-4.200177360659931,-0.0125203,0.360463,0.284492,0.279581,0.521112,0.579245,-0.561028,-0.313551,0.36029,-0.223059,0.602018,0.258566,0.554473,-0.513106,43.36181559142903,-9.649672989924017,4.9851256660137695,0.6188223157823796,35.435190343016835,-2.2640245245218615,9.64820823569341,13.153665626462999,-0.32934,0.232933,-0.273585,0.6212,0.0436763,0.268118,0.735062
8.13695240020752,32.71814814469753,-14.043179318935584,5.984733639674018,3.47193694235659,7.94424759290038,-4.024640421801728,-0.0125034,0.360442,0.28445,0.27951,0.521027,0.579225,-0.561162,-0.313467,0.355412,-0.225076,0.605954,0.252682,0.549448,-0.516796,44.43626493641924,-9.64570434395972,4.994738590945827,0.3693820866307851,35.500198872107816,-2.0399305619446544,9.491700426950253,12.887950136030977,-0.329442,0.227157,-0.273744,0.627651,0.0389162,0.267243,0.730151
8.170536041259766,32.87463938257869,-13.619837708015659,5.036855891597537,3.1683242879191695,8.059996061324112,-3.9650858809053444,-0.0124729,0.360423,0.284451,0.279413,0.521194,0.579096,-0.561189,-0.313841,0.351445,-0.226253,0.609535,0.248214,0.546678,-0.517687,45.17474955332875,-9.554120486896203,4.768172427564554,0.7177947917854155,35.85354335389626,-2.0246610063357195,9.664396508920817,12.586375873906771,-0.328018,0.222348,-0.273696,0.616321,0.0368927,0.270473,0.738669
8.220757007598877,32.925810668790405,-13.023207015815299,4.448443782513964,2.8601428462699783,8.128322910387903,-3.880516829157078,-0.0123207,0.360435,0.28446,0.281424,0.520736,0.580028,-0.559645,-0.313623,0.345857,-0.228152,0.613832,0.241739,0.541327,-0.521284,46.258611615589366,-9.790168800558009,4.94083985659686,0.07056222573736814,37.45929419284498,-1.8326175455095957,9.946055606541973,11.031761212807185,-0.32709,0.21589,-0.27363,0.615567,0.0335249,0.276895,0.737077
8.255629777908325,33.09835280291695,-13.403236813326073,4.357062685977813,2.935503874032136,8.122569396052299,-4.087325699351183,-0.0122494,0.360422,0.284458,0.280285,0.521619,0.579181,-0.560271,-0.313955,0.341496,-0.229552,0.616186,0.235827,0.53939,-0.52322,47.10079106200246,-9.86839748438706,4.520877555628864,0.9943698257688824,36.49594770675906,-2.337569618994717,9.632689541031962,12.22749078211841,-0.326864,0.210813,-0.273071,0.61441,0.0274957,0.281596,0.736511
8.292197465896606,32.1659998522274,-14.331201031007518,6.212590488303203,3.3763509907427287,7.640503207142945,-4.300551218043094,-0.0122664,0.360415,0.28445,0.280587,0.521227,0.57971,-0.559937,-0.313855,0.338921,-0.230418,0.61782,0.232766,0.537797,-0.524302,47.55317909278316,-9.930721045544724,4.509745861995585,1.095329540549983,36.34859941135044,-2.5003236992185442,9.585496291532147,12.45520695078363,-0.329483,0.208326,-0.271798,0.63748,0.0127058,0.281942,0.716915
8.32767105102539,33.631842017567195,-12.564297703610563,4.839619982028346,2.7104459347046506,8.150275414655678,-4.297476547998569,-0.0122353,0.360369,0.28441,0.281112,0.521374,0.579897,-0.559343,-0.313672,0.334811,-0.231783,0.62109,0.228288,0.53396,-0.526326,48.362596374980505,-9.963892456748363,4.4825055892507555,1.1263961253820547,37.049044562292366,-2.460268414696884,9.741091789668948,11.801967032031868,-0.325418,0.203348,-0.272703,0.61091,0.0191584,0.289415,0.736655
8.3642258644104,33.02990067458556,-14.03709352005822,6.700385529665534,3.2902362976012545,7.782656351800942,-4.5458766927850265,-0.0122511,0.360359,0.2844,0.280899,0.521141,0.57948,-0.560099,-0.313932,0.33097,-0.232782,0.624435,0.223406,0.531477,-0.526975,49.04293181057068,-9.812638358961546,4.1967334891164585,0.9862672277154969,36.529208106998354,-2.3925750426007255,9.59831282121044,12.13152591054486,-0.328439,0.198973,-0.271226,0.632008,0.00153193,0.282947,0.72146
8.398580551147461,34.232935114439975,-12.830650939504064,4.875183648760926,2.8100106469074895,8.33269226422708,-4.4738882225307846,-0.0122368,0.360348,0.284395,0.280797,0.521186,0.57943,-0.560161,-0.313914,0.329649,-0.2332,0.62419,0.222713,0.531143,-0.527894,49.14154080219718,-9.894312864688823,4.224348784679756,1.748983889922604,36.501506100340855,-3.0703696697473575,9.930248458231631,12.748606761269297,-0.325124,0.197178,-0.272095,0.613458,0.0170877,0.294298,0.732643
8.433387041091919,33.4423263418263,-14.231159192565169,6.6893235377471685,3.277155122568002,7.819916560754902,-4.9216351311533,-0.0122174,0.360302,0.28437,0.281235,0.521159,0.57983,-0.559551,-0.314234,0.325605,-0.234013,0.626014,0.2189,0.530711,-0.527765,49.57456847729047,-10.00636853114901,3.975222051451806,3.1248840860390077,36.765663102922176,-4.044111821541833,10.67669911802772,13.512897717628626,-0.327878,0.193009,-0.270251,0.631851,-0.00148724,0.293513,0.717365
8.466012001037598,33.83656280369076,-12.034377683015407,5.140782165627214,2.613582304145397,8.065935818689336,-4.678375881508799,-0.0121897,0.360278,0.284373,0.281042,0.521038,0.580025,-0.559559,-0.314724,0.323046,-0.234424,0.628333,0.215422,0.528471,-0.528687,50.149530948233156,-9.94929445473754,3.873163838338507,2.927305334319013,37.12449525230625,-3.802701730217283,10.649990844177694,12.978029192663666,-0.324507,0.189943,-0.270816,0.607477,0.00770354,0.302772,0.734331
8.502991676330566,32.90601121933,-12.301123889186387,6.562137525701237,2.778893896493286,7.563594293057393,-4.832377140328979,-0.0121733,0.360253,0.2844,0.281445,0.519957,0.580377,-0.559997,-0.315214,0.320616,-0.234909,0.627435,0.211528,0.52769,-0.532094,50.490647766580466,-10.326263927982604,4.011877033548468,2.4759797643085895,36.32502958939452,-4.402336724026291,10.515796423665412,14.155315585642423,-0.327433,0.186372,-0.269283,0.626988,-0.00671063,0.297575,0.719923
8.537556171417236,33.09401226671789,-12.435037762979936,6.620484835991164,2.7693048728942626,7.624064020362404,-4.939205426994323,-0.0121596,0.360247,0.284401,0.281357,0.52002,0.580328,-0.560033,-0.315554,0.317706,-0.23536,0.630257,0.20753,0.524398,-0.533586,51.19858717629946,-10.25833809530021,3.9247211909225213,2.03235021691141,36.828313340742355,-3.8616257471142923,10.257945947969029,13.19384977443086,-0.327821,0.184084,-0.26854,0.627961,-0.0110281,0.30073,0.717708
8.571810722351074,34.52360160072327,-10.511760777743422,4.986802381890877,1.9951533101943844,8.004739232122452,-5.16859990518678,-0.0121343,0.360218,0.284394,0.28168,0.519558,0.580668,-0.559947,-0.316194,0.314842,-0.235825,0.629605,0.204377,0.524455,-0.535513,51.45645854828073,-10.591509592031315,3.9136591575617636,2.8077636749830006,36.74060948099774,-5.052391607333018,10.935286779561963,14.484474822674333,-0.324098,0.180963,-0.268922,0.600682,-0.00400394,0.310067,0.736901
8.607152700424194,34.20708267509796,-12.835496320343776,7.396951769442231,3.007857581809288,7.7089512649757985,-5.575221963448587,-0.0120737,0.360218,0.284409,0.280411,0.519506,0.580987,-0.560301,-0.31664,0.311321,-0.236364,0.632692,0.201034,0.522214,-0.53533,52.105909256185875,-10.30305483157976,3.7014506609990114,3.8230879614620727,36.8433853092019,-5.366396752197158,11.674542721035419,14.810823849688992,-0.327769,0.177026,-0.26697,0.622996,-0.0206123,0.304863,0.720076
8.641601324081421,33.43042488663312,-11.613245104373023,6.724465360527717,2.414012344069023,7.540166734394082,-5.412228763208342,-0.0120584,0.360182,0.284389,0.27955,0.519787,0.580353,-0.561128,-0.316875,0.309251,-0.236656,0.634238,0.198773,0.51936,-0.537118,52.60347570874171,-10.163735695269903,3.6786735200101575,3.8301188718405808,36.92200303664789,-5.132371580192885,11.657502643854476,14.50603755918605,-0.327731,0.17502,-0.266187,0.625619,-0.0202164,0.315215,0.713324
8.677762985229492,34.12263718354493,-11.28887744128272,5.234065771067077,2.109255140029275,7.851585883676178,-5.2542943874038475,-0.0120544,0.360178,0.284381,0.279575,0.519676,0.580407,-0.561161,-0.317331,0.306347,-0.237061,0.635601,0.195562,0.519028,-0.537007,52.94551271766754,-10.191321650352998,3.438596414622962,4.517325340289187,36.85055866633083,-5.785900222848003,12.204309611147654,15.20780159989575,-0.323754,0.171159,-0.267027,0.596865,-0.00774428,0.320957,0.735309
8.714741945266724,34.38655111590062,-9.988193587446014,5.2945882071466395,1.8073012909064778,7.901166184439709,-5.3129210637860895,-0.0120173,0.360182,0.284381,0.279386,0.520122,0.580409,-0.56084,-0.317222,0.304582,-0.237395,0.640103,0.192522,0.51594,-0.535733,53.59899998805232,-9.824404896458544,3.1644382237432325,3.6789513723884824,37.46907897705023,-4.544155596474123,11.734038171560007,13.431044488904988,-0.323822,0.169558,-0.266325,0.598675,-0.0154464,0.321548,0.733455
8.750847816467285,34.410086392841734,-9.55718318502741,4.5656924431018595,1.5941401854054285,8.01125639258045,-5.2276943424101345,-0.0120403,0.360158,0.284343,0.279487,0.519832,0.580391,-0.561078,-0.317371,0.302884,-0.237712,0.639292,0.190491,0.515951,-0.537414,53.748885132104895,-10.059764770025817,3.169738285900956,4.057127643757109,36.86165376533728,-5.233050161472981,11.941167468035502,14.632999285466433,-0.323317,0.167408,-0.266328,0.596736,-0.0105908,0.323604,0.734217
8.787727117538452,32.47937851243714,-7.55803793297833,3.6342071706903325,0.7425217972604752,7.388831504644824,-4.892305314583868,-0.0120255,0.360161,0.284374,0.279654,0.52058,0.579853,-0.560857,-0.31812,0.300617,-0.237815,0.639292,0.186843,0.518377,-0.536359,53.8939569813743,-10.319097437091122,2.5987824253722924,5.113304144545859,36.28754545326031,-6.284053084939597,11.871439061435611,16.21297211679889,-0.323379,0.164925,-0.265489,0.593098,-0.0160941,0.325119,0.736392
8.821570634841919,32.42526322723534,-8.266622153642496,3.4049873807999353,0.9580034992747297,7.273863507812977,-5.021250554919988,-0.0119805,0.360192,0.284472,0.27861,0.52064,0.580422,-0.560732,-0.31806,0.298302,-0.238157,0.640478,0.183615,0.515055,-0.539251,54.61978976849942,-10.35970466741279,2.7326605511535274,5.228334187221712,36.20025303602365,-6.111843579738785,11.554213513449984,16.12728937655491,-0.322963,0.162758,-0.264753,0.592122,-0.0214236,0.328689,0.735456
8.856058597564697,32.37104153444097,-8.320736016158246,3.6540016098660772,0.9540926099412328,7.292725309779206,-5.066311244936933,-0.0118476,0.3602,0.284448,0.278106,0.52136,0.579136,-0.561642,-0.317583,0.294694,-0.238979,0.646854,0.179762,0.508236,-0.539409,55.60312892990053,-9.686892649661559,2.53414393964597,4.137161717636005,37.27179053752545,-4.7055714672175135,11.79501492783613,13.746754770406026,-0.322838,0.158901,-0.263347,0.597737,-0.0270126,0.338334,0.726299
8.891828060150146,31.950797256577356,-8.171017924596377,4.047813826624667,0.8479607125751873,7.120053479894284,-4.979962412090657,-0.0118776,0.360197,0.284416,0.278476,0.521203,0.579287,-0.561449,-0.317632,0.292265,-0.239372,0.647933,0.174943,0.508001,-0.539919,56.066372460851795,-9.883080380912679,2.2383682436151764,3.7040399475721237,36.22898082163706,-4.682372300484733,11.108530001522363,14.562686369152155,-0.322315,0.156172,-0.262849,0.596021,-0.0300046,0.338766,0.72739
8.928738117218018,33.06886719260956,-8.183440157454637,4.256794198326997,0.912464281231481,7.368893199627403,-5.250273020481521,-0.0119193,0.360117,0.284365,0.278661,0.520711,0.579831,-0.561252,-0.317187,0.288434,-0.240141,0.651594,0.170292,0.505277,-0.539557,56.763057482182134,-9.700311187669675,2.041443392906788,3.5209483324518125,35.885222168720794,-4.458816093358369,10.902146810925386,14.604875676640027,-0.320927,0.152141,-0.262427,0.592576,-0.0330877,0.341577,0.728755
8.965421438217163,32.98761440298433,-7.241113987380331,4.02749292758975,0.5446155486852484,7.301636753178191,-5.2776219364859775,-0.0118867,0.360081,0.284301,0.279035,0.520716,0.580256,-0.560623,-0.316786,0.285221,-0.240842,0.653288,0.166167,0.501768,-0.542063,57.48551641918775,-9.851737920891564,2.1096339447818426,3.253216162376689,36.170603943157566,-4.367535867450179,10.80927200912502,14.263641055223859,-0.320585,0.148517,-0.261605,0.595602,-0.0385407,0.343232,0.725234
9.001412868499756,32.6621943950834,-7.391313288446392,3.102772804109114,0.4113194028203027,7.334119363592291,-5.069164850608747,-0.0118365,0.360104,0.284297,0.27888,0.521447,0.579579,-0.56072,-0.316847,0.28358,-0.241011,0.65408,0.163902,0.501556,-0.541994,57.7350209258632,-9.87120489103163,1.8169366304647916,3.7017680228606755,35.971533122916064,-4.654364981759208,10.710793369663795,14.708282487586516,-0.319065,0.146542,-0.262059,0.586235,-0.0340293,0.342833,0.733237
9.038419008255005,31.549364742385123,-6.16095075011867,2.815456974446441,-0.0011660137244724619,6.999524651640419,-4.919956288743261,-0.0118126,0.360105,0.284356,0.278464,0.521741,0.57966,-0.560571,-0.317072,0.281136,-0.241176,0.656347,0.160994,0.501087,-0.540556,58.12216657816269,-9.70725167574986,1.4658677770303874,4.364194291415352,35.98649330359725,-4.979002290875584,10.900197034293969,15.01249906988724,-0.319513,0.14407,-0.260499,0.588746,-0.0407003,0.34766,0.728597
9.072533130645752,31.51048239718982,-6.392129996609783,3.114918467830649,0.05265267834995309,6.925131322264779,-5.00565815145059,-0.0117536,0.360127,0.28439,0.277803,0.522398,0.578934,-0.561036,-0.317034,0.279411,-0.241333,0.657233,0.158723,0.49853,-0.542512,58.59148325541661,-9.678056900268082,1.4317850015955431,4.372617913114689,36.0009900493093,-4.850772966281724,10.790607559227027,14.878857688466516,-0.319745,0.142456,-0.259679,0.591726,-0.0454683,0.350264,0.724644
9.104961156845093,32.32526918387088,-7.037553775092544,3.2439231447535692,0.11462015562801915,7.05380145624833,-5.34879222103681,-0.0117005,0.360092,0.284393,0.278768,0.521992,0.578364,-0.561523,-0.31708,0.276307,-0.241536,0.657482,0.153941,0.495588,-0.54627,59.14848042668197,-9.99030571475865,1.489045096604574,3.281047375444169,35.73591832098596,-4.65640657264634,10.383754219538579,14.875672538608812,-0.319248,0.139271,-0.258482,0.589046,-0.0477028,0.356723,0.723531
9.141156196594238,32.517306114476796,-7.064040719452217,3.2017740768097807,0.06844908593091421,7.137674950472038,-5.427471287367635,-0.011701,0.360089,0.28437,0.278715,0.521916,0.578366,-0.561617,-0.317406,0.273555,-0.241622,0.659467,0.151461,0.495037,-0.54507,59.43607355434435,-9.831136506224755,1.2284631391593865,4.05857646416214,36.008033240971216,-5.172470972004252,10.818959253114624,15.140212264523239,-0.318827,0.136118,-0.257782,0.586488,-0.0473578,0.359773,0.724122
9.177990674972534,32.96340600707625,-6.289289529356362,3.021068305331305,-0.21635263171229974,7.215656831035803,-5.467599624065537,-0.0116963,0.360037,0.284325,0.279129,0.521593,0.57875,-0.561316,-0.317518,0.270272,-0.241902,0.660956,0.145065,0.492311,-0.54747,60.261345854062796,-10.07826887228621,1.0972360370293655,2.8628102561871778,35.466164926084915,-4.648284855267242,10.106716366064912,15.077656055584557,-0.317937,0.132698,-0.257076,0.58376,-0.0508632,0.359421,0.72626
9.215624332427979,33.18403084260982,-5.5047239800721846,1.9257296858174102,-0.8019194750232829,7.329124937352155,-5.458518378911856,-0.0116694,0.360011,0.284314,0.279171,0.521679,0.578556,-0.561415,-0.317564,0.266947,-0.242173,0.66196,0.143881,0.490157,-0.548501,60.54823473136666,-10.024602394607033,1.1605913829272096,4.279876255297131,36.50410448192424,-5.803513976925874,11.165098065053005,15.351753952446394,-0.316948,0.128571,-0.256348,0.575916,-0.0507573,0.359403,0.732512
9.249003887176514,32.71433391373087,-5.295435472178791,2.111076309612959,-0.8872540660859598,7.1034346539433555,-5.589980355478618,-0.0116743,0.360023,0.284317,0.279041,0.521693,0.578689,-0.56133,-0.317669,0.265069,-0.242221,0.662061,0.142776,0.488539,-0.550109,60.811542483120185,-10.10122096987721,1.2792374384876357,5.006347795962805,37.033961859215836,-6.370774368429725,11.673270620815616,15.487649228466939,-0.317539,0.12716,-0.255028,0.58095,-0.057667,0.364528,0.725459
9.283450365066528,32.926042822211265,-4.59245297844976,1.8417642515365125,-1.2439868674966343,7.1532138358925375,-5.665337045335621,-0.0116667,0.360002,0.28431,0.278479,0.522123,0.578992,-0.560897,-0.317363,0.261618,-0.242552,0.665662,0.138484,0.485914,-0.549185,61.55548094269649,-9.846942733160885,0.9683173653927769,5.407866150001755,37.13671068069927,-6.2651509261736145,11.867571048424958,15.253315017100997,-0.317026,0.123861,-0.253747,0.578765,-0.0622575,0.369673,0.724222
9.322383642196655,32.858775555536994,-3.937849280965698,1.492364106156034,-1.5652042629764487,7.219860759774986,-5.414948824687095,-0.0116246,0.359977,0.284289,0.279279,0.521782,0.578492,-0.561332,-0.317556,0.258745,-0.242596,0.665704,0.132659,0.48405,-0.55221,62.13451574719588,-10.203994818743455,0.8285361484657013,4.057510990488552,36.219691074517456,-5.96842069058842,10.876914297085166,15.708675549388982,-0.315808,0.120301,-0.253406,0.57258,-0.0607614,0.366056,0.731069
9.357451915740967,33.62829797525693,-4.8041914424134955,1.8047003373334252,-1.3968091611023052,7.286710753056428,-5.864898153754477,-0.0116098,0.359952,0.284259,0.278907,0.521919,0.578699,-0.561176,-0.317246,0.255119,-0.242967,0.667928,0.126954,0.481819,-0.552816,62.92046151893438,-10.201478058850967,0.5274539793867489,3.8927772738657804,35.37230445134967,-5.956814960767442,10.507619437954956,16.401975362494667,-0.315858,0.116905,-0.251437,0.578942,-0.0677793,0.375447,0.720605
9.391239404678345,34.0288855945952,-4.491673128599883,2.231056590802855,-1.4045149154935443,7.257504924756704,-6.093960087612129,-0.0115724,0.35993,0.284245,0.278972,0.521935,0.578578,-0.561254,-0.3169,0.253168,-0.243127,0.669661,0.127866,0.478691,-0.553226,63.091999049782565,-9.935495307746924,0.7719560266027565,4.854830047102693,36.95836991267739,-6.383646761946213,11.699175578672875,15.418069968505844,-0.315525,0.114835,-0.250555,0.577917,-0.0735581,0.375842,0.720655
9.427586793899536,34.25852401399461,-4.273499273076886,1.7598089759022133,-1.672266139581736,7.342224087530917,-6.121881835609385,-0.01156,0.359898,0.284217,0.279079,0.521654,0.578537,-0.561503,-0.316788,0.249623,-0.243225,0.672006,0.122272,0.47505,-0.554784,63.893321740407885,-9.913845898680133,0.6476573121626779,3.9034528990906594,36.650484847139744,-5.82231129227706,11.137452076403521,15.125924928291244,-0.314938,0.111403,-0.249267,0.576424,-0.0755687,0.379854,0.719539
9.461804389953613,34.50878091052754,-4.289922374051584,1.8324616104632168,-1.6566239213138958,7.520165173958038,-6.086413711059578,-0.011537,0.359891,0.284213,0.278941,0.521752,0.578389,-0.561634,-0.316381,0.247312,-0.243162,0.677613,0.116764,0.474629,-0.549486,64.45664885451711,-9.302253377621312,-0.17288954922929012,2.899186544311622,35.64181316074059,-4.363476087375606,10.239864979823507,14.524581076860251,-0.314619,0.108857,-0.248295,0.576052,-0.0761836,0.383322,0.717931
9.49837851524353,34.565414889964636,-3.737007134730918,1.4517507140280588,-1.8661916891555275,7.489443015755759,-6.072224149238443,-0.011492,0.359857,0.284216,0.279353,0.521691,0.578289,-0.561589,-0.316469,0.244913,-0.243207,0.677908,0.112714,0.470515,-0.55349,65.14436430484736,-9.567996122352318,0.00811102320653434,1.7427057536109007,36.03370758684498,-3.920722157643919,9.998755859876699,13.78392424177059,-0.314341,0.106539,-0.247265,0.575151,-0.0801772,0.383933,0.717891
9.531355619430542,35.238084802258726,-3.3695310183355915,1.2878342926392152,-1.9754593047430813,7.3766905574823385,-6.472056022728775,-0.0114695,0.359791,0.284175,0.280318,0.521295,0.578147,-0.561623,-0.316879,0.242703,-0.243115,0.676595,0.11024,0.470365,-0.555719,65.27976923433715,-9.961055269714436,0.012440384842609453,1.8435388882833,36.037819481961385,-4.735041225802153,10.122254828708918,14.555884925544415,-0.314272,0.104572,-0.246105,0.571644,-0.084459,0.38967,0.717111
10.408056020736694,30.755248058433995,0.06067768339613046,1.0643536444858896,-2.908502808967898,4.953674686371952,-5.854623889804335,-0.0105114,0.359522,0.283976,0.276845,0.523323,0.576872,-0.562768,-0.312957,0.194748,-0.24058,0.69559,0.054704,0.4248,-0.576808,74.44341434314157,-9.781527242966755,-0.7261445082809432,4.14286921265367,37.06921323046183,-8.191865472860744,12.972923112433818,16.48694383326401,-0.303699,0.05823,-0.222827,0.546357,-0.140335,0.433861,0.702542
10.44175410270691,29.929021839489828,1.044519461846306,0.7864771691316818,-3.0134077273341577,4.885561774147451,-5.5449044359326045,-0.0105712,0.359487,0.283945,0.277175,0.523456,0.57654,-0.562822,-0.311707,0.197346,-0.241454,0.69948,0.0552605,0.42795,-0.569679,74.0895185934531,-9.073679823716896,-1.3427417668291042,2.68530266559835,35.56528150256474,-6.186379957853621,11.566117956979124,15.8405969353504,-0.302524,0.0603634,-0.22516,0.545168,-0.139088,0.432125,0.70478
10.47858476638794,29.86694409761817,1.357151615893165,1.0840716125930976,-2.885176266000192,4.860049407513618,-5.578466232373524,-0.0106613,0.359422,0.283804,0.277645,0.523542,0.575454,-0.563622,-0.310651,0.199654,-0.242737,0.699641,0.0589851,0.431599,-0.566343,73.32200324413405,-8.777394286575255,-1.5427077522198973,2.5774502122111524,34.06509279516262,-6.240328933260724,11.098553420951877,17.135696676085598,-0.301681,0.0626438,-0.227573,0.544756,-0.138109,0.428515,0.70749
10.512243509292603,29.4046376455623,1.146240849882638,1.376094483253556,-2.762719047869515,4.850356125492867,-5.423196415392771,-0.0107241,0.359424,0.283746,0.278076,0.523211,0.575366,-0.563807,-0.310346,0.20127,-0.243255,0.699768,0.0610578,0.433383,-0.564603,72.92106784739147,-8.658468612981567,-1.568850208783257,2.2379572288098792,33.63352855595522,-5.962762443286916,10.818424675608071,17.275288672279128,-0.301665,0.0640604,-0.229016,0.546234,-0.136679,0.425013,0.708739
10.545804738998413,28.286930793832084,-0.5720503078803042,1.55197125563203,-2.393054064531007,4.773721521894181,-5.0598931024533655,-0.0107505,0.359447,0.283804,0.278635,0.522824,0.575769,-0.563477,-0.309816,0.203017,-0.243695,0.70008,0.0641071,0.433092,-0.564101,72.64044028229696,-8.575813154581036,-1.2892877930348419,1.892084578248502,34.217717929222694,-5.453265391225987,10.859945310164228,16.354526827432633,-0.301418,0.0654679,-0.230134,0.550257,-0.133318,0.423535,0.70715
10.580806732177734,27.08033942215546,-1.4492548206163638,2.6158753065413447,-1.735165468236191,4.366107688970798,-4.864730649877545,-0.0106774,0.35955,0.283951,0.277528,0.523679,0.575869,-0.563128,-0.310043,0.20515,-0.243867,0.693128,0.0705873,0.432588,-0.57224,72.25277321500825,-9.423393137184645,-0.30806150625870554,4.21745184864786,34.92681376166297,-7.75215525294092,12.066293387738233,17.919141633263663,-0.301397,0.0680492,-0.231243,0.548972,-0.131976,0.42035,0.710294
10.6182701587677,25.828789977285144,-0.5860926475412197,2.370375426950792,-1.7086348964823694,4.348682039178758,-4.4132893907005775,-0.0107372,0.359627,0.28402,0.277801,0.523397,0.576794,-0.562309,-0.310364,0.208692,-0.244257,0.692868,0.0738218,0.436305,-0.569317,71.70011762668612,-9.379797221735856,-0.37796047001833144,3.857024841566295,35.05837169802182,-7.340752754487145,11.850352319400836,17.429546798577295,-0.301587,0.0707496,-0.2335,0.551863,-0.121834,0.417912,0.711304
10.65554690361023,26.595340655875393,0.36520459046335424,3.356204954266962,-1.336973996467148,4.4560142274524654,-4.7500421023681785,-0.0109159,0.359552,0.283819,0.278296,0.523268,0.575794,-0.563208,-0.31059,0.211859,-0.244857,0.691005,0.0776212,0.440789,-0.567619,70.84367889276297,-9.376067360621745,-0.4894018971419023,3.5807219058321067,33.92393132264074,-7.290225701422006,11.354883458368983,18.367964897683155,-0.301973,0.0737418,-0.235937,0.552919,-0.118669,0.414844,0.712813
10.69098687171936,26.709793335607678,1.3049328294142242,3.2999124124504564,-1.4846077120582746,4.602159253110524,-4.72685724693752,-0.0110594,0.359472,0.283726,0.278973,0.522878,0.575596,-0.563438,-0.310575,0.213602,-0.24504,0.69363,0.0770729,0.443747,-0.562162,70.55143623862942,-8.940191549212223,-1.032728022475138,2.0439154290394903,33.022122296312,-5.695809130547023,10.255258806994402,17.683327201334123,-0.302506,0.0756517,-0.236875,0.552104,-0.116702,0.412494,0.71513
10.725329399108887,26.632270285887618,1.3235109593407228,3.5103074523369715,-1.4342268831760698,4.603051923536364,-4.734999498439363,-0.0111019,0.359505,0.283644,0.280628,0.523018,0.575332,-0.562755,-0.310685,0.215713,-0.245264,0.696514,0.078736,0.445818,-0.556701,70.11470412930302,-8.533892706422147,-1.418759489202156,1.0380931389802281,34.390938315499305,-4.330796182777206,10.184612410430816,15.328824887608924,-0.303179,0.0771716,-0.238002,0.553732,-0.118607,0.408895,0.715625
10.76215672492981,26.33010069605162,0.8768430670597778,3.6179474390227537,-1.3387458323452555,4.149051611598711,-4.922032123618562,-0.011063,0.359528,0.283776,0.279491,0.522797,0.576037,-0.562805,-0.31146,0.2165,-0.245124,0.68842,0.0842809,0.444813,-0.56667,69.81248488779553,-9.561622079268256,-0.19866064324955057,3.5089778746144624,35.09092962673064,-7.255362567923772,11.695266370640887,17.401023061158497,-0.304992,0.0785476,-0.237595,0.554877,-0.125842,0.411223,0.712159
10.798936605453491,26.471659428405065,0.06986841182689697,2.481384378116757,-1.573851962075411,4.540037351797345,-4.680002763792312,-0.0109735,0.359617,0.283909,0.278425,0.522769,0.577184,-0.562184,-0.312037,0.217297,-0.244769,0.688713,0.0826648,0.447762,-0.564225,69.88429667047336,-9.532827277097773,-0.5776594772421118,3.62861615013823,34.21900356731572,-7.237183027792231,11.325930550547355,18.129897919996193,-0.30406,0.0790542,-0.238098,0.554434,-0.111925,0.410099,0.715468
10.840551614761353,26.82119017176675,-0.35079481272253077,2.3212413587108114,-1.6097468364015752,4.800846208023202,-4.666260757923078,-0.0109246,0.359594,0.283895,0.278302,0.522945,0.57671,-0.562567,-0.312627,0.217908,-0.244354,0.691923,0.0824124,0.449246,-0.559132,69.75671241665191,-8.94375451044156,-1.06315153198007,3.2477577581027965,34.76585369422539,-6.227996412541163,11.417897873529718,16.665150587460072,-0.305137,0.0792444,-0.237709,0.555933,-0.106848,0.412464,0.713719
10.875899314880371,27.073156329495067,-0.6639100493529578,2.6920912063281093,-1.4666325278505006,4.768040359160345,-4.761472098932865,-0.0109449,0.359577,0.283813,0.277713,0.523174,0.575944,-0.56343,-0.313735,0.217774,-0.243753,0.689808,0.0801846,0.448544,-0.562622,70.00177521365734,-9.261204906081785,-1.0308788470586914,2.5134215058364084,34.21495751300412,-5.888879882597525,10.619363086808416,16.94494615452974,-0.306287,0.0794987,-0.23724,0.554494,-0.109092,0.41191,0.714819
10.912641048431396,27.31427478891373,-0.4051056674137908,2.3010974280855234,-1.6495743526710422,4.769316593767371,-4.909945941303714,-0.0109866,0.359558,0.283839,0.278624,0.522265,0.577157,-0.562582,-0.314333,0.217921,-0.243515,0.689333,0.0813735,0.448525,-0.563048,69.87777751207194,-9.450084526716749,-0.7511143445553188,2.644604576494679,35.66851193729807,-6.104228211891087,11.192212665972228,15.888290094695703,-0.307146,0.0799956,-0.236625,0.552106,-0.110674,0.413126,0.715722
10.950076341629028,27.066597275871526,-0.6822542720906587,2.4387178632425273,-1.5930671772761797,4.7618048291513135,-4.812772503991208,-0.0109538,0.359559,0.283872,0.27783,0.522663,0.576688,-0.563086,-0.314326,0.218202,-0.243275,0.693366,0.0787104,0.44951,-0.557663,70.06815379332119,-8.778959865723849,-1.434126370794769,1.5821356309214156,34.8191107486703,-4.509453181064885,10.252314043674174,15.152102266472365,-0.307564,0.080122,-0.236279,0.552347,-0.113221,0.411184,0.716255
10.990309238433838,27.04445425367326,-0.18463723679574967,1.842392659495428,-1.8485467379301184,4.738503426987994,-4.818895152566013,-0.0109229,0.359621,0.283899,0.277804,0.52301,0.576387,-0.563084,-0.314476,0.218304,-0.243199,0.692763,0.0790132,0.449334,-0.558512,70.06103544390115,-8.861280170914453,-1.3971826334969137,1.7800267533863536,35.0967965836594,-4.702644254909448,10.439065093271541,15.11120797634376,-0.307598,0.0803299,-0.236231,0.552797,-0.113266,0.412049,0.715403
11.025163888931274,27.126404445593582,0.06260201106409284,2.0210041737688833,-1.839831087671636,4.5246433626744755,-5.034428483202935,-0.0109732,0.359595,0.283837,0.278252,0.522727,0.576373,-0.56314,-0.314345,0.218058,-0.243308,0.693007,0.0787282,0.450183,-0.557565,69.9626630804031,-8.842980405861384,-1.5043928602970433,1.720884819890209,34.76119089668564,-4.747334298617471,10.350378236941872,15.419691298666018,-0.307897,0.0801905,-0.235774,0.552706,-0.12002,0.416238,0.711939
11.059672355651855,27.57290272122389,-0.3796220856858339,1.8050814578804881,-1.8239630891126697,4.679496007277408,-5.079699633344316,-0.0109789,0.359559,0.283841,0.278306,0.522349,0.576972,-0.562851,-0.314262,0.217463,-0.243348,0.690422,0.0792151,0.447604,-0.562754,70.1592757640031,-9.332499694250535,-0.9062616865265907,1.9083907703356413,35.13681754856537,-5.332523274822396,10.473564348852817,15.705298520082447,-0.30737,0.0793643,-0.236069,0.553811,-0.114409,0.418551,0.710647
11.098760843276978,27.784461199468083,-0.7024042966061724,1.7608568117430325,-1.8239938357902403,5.012426570306286,-4.909256553889843,-0.0109174,0.359591,0.283839,0.277876,0.523177,0.576144,-0.563142,-0.313971,0.217167,-0.243449,0.695962,0.076282,0.449112,-0.555082,70.30787545113924,-8.450678966314259,-1.8546067509811441,1.0851551882161896,34.61962581680029,-3.9806768257307965,10.082832375345985,14.821364206285624,-0.307132,0.078855,-0.236213,0.554757,-0.110912,0.413119,0.713636
11.134001016616821,27.45585292694905,-0.7844353247765383,1.4364566748030216,-1.8841570448442446,4.9383555129464645,-4.784560838609194,-0.0109053,0.359596,0.283862,0.277735,0.52333,0.576183,-0.56303,-0.314203,0.216882,-0.24325,0.692047,0.0770193,0.44864,-0.560233,70.31799333112554,-9.070546828961279,-1.4449149231839409,1.9854644219084054,34.49540885167091,-5.145679511384639,10.348676567422213,16.011818720752146,-0.30693,0.0784381,-0.236181,0.553953,-0.107444,0.414079,0.714234
11.168880701065063,27.38080755694733,-0.6884354670014379,1.5569559104839497,-1.9349895199812261,4.7975735028936075,-4.872363488692454,-0.0108701,0.359603,0.283877,0.277772,0.523361,0.57641,-0.56275,-0.314217,0.216629,-0.243171,0.692861,0.0783922,0.448173,-0.55941,70.2525228450395,-8.922082420470112,-1.3557839072939368,2.7416798976281953,35.58865431061232,-5.43471320006174,11.199406427457852,15.276014376889721,-0.307197,0.0781428,-0.235524,0.554009,-0.112607,0.414178,0.713337
11.22219443321228,27.805763659410303,-0.37561946979470834,1.91784995811162,-1.8955773801319562,4.72700066471458,-5.110819311995873,-0.0108821,0.359593,0.283847,0.277929,0.523057,0.576328,-0.563039,-0.314707,0.216065,-0.243038,0.691342,0.0786781,0.447528,-0.561761,70.23799303528175,-9.152364751889387,-1.1166040341742929,2.9714644363224227,35.97796202783371,-6.034883611082012,11.599559825323439,15.488284015504838,-0.307754,0.0781427,-0.234928,0.551303,-0.117894,0.411248,0.716269
11.257834196090698,27.86484189483705,-0.17161081180850302,1.3862951277069342,-2.0932159724394284,4.754139731894427,-5.073655870031436,-0.0109057,0.359548,0.283814,0.278004,0.522991,0.57616,-0.563235,-0.315438,0.215314,-0.24266,0.686164,0.0777974,0.44601,-0.569387,70.4215976509937,-10.038690345580862,-0.6013622697269705,3.107380025384165,35.73317209972445,-6.996885291561629,11.365828316013872,16.681974934457667,-0.307771,0.077224,-0.234867,0.552637,-0.112203,0.415253,0.71384
11.293716669082642,27.872921727686897,-0.05635247606538046,1.4474961721126403,-2.156663942793399,4.64786707139811,-5.243098450355253,-0.0108887,0.359527,0.283816,0.277809,0.522972,0.576155,-0.563354,-0.315664,0.215217,-0.242628,0.687029,0.0777996,0.448078,-0.566714,70.25881840280618,-9.836622860169959,-0.8899751299252165,3.5770919957132428,35.51876564145653,-7.342972227622422,11.673210712782938,17.144618690267464,-0.308393,0.0774967,-0.234221,0.552734,-0.117593,0.414613,0.71327
11.329887628555298,27.24446766167715,0.6342494373905281,0.349009287838562,-2.731482584520871,4.765133786551829,-5.005822535032319,-0.0109052,0.359616,0.283854,0.277335,0.523004,0.576597,-0.563105,-0.316028,0.215176,-0.242295,0.691112,0.0761239,0.449227,-0.561038,70.384993500195,-9.221310503718389,-1.4354633746049392,3.3018391192085783,35.83039770345258,-6.397633601778036,11.807892381532367,15.926900396938322,-0.308316,0.0767604,-0.234239,0.55064,-0.1127,0.413869,0.716105
11.365645408630371,25.720843592444307,2.066414135025982,0.8588475604444353,-2.934460126601125,4.1767039268308315,-4.975102829585708,-0.0110565,0.359632,0.283881,0.27782,0.52175,0.577653,-0.562948,-0.317109,0.214736,-0.241545,0.693547,0.0717109,0.452202,-0.556205,70.49327226453329,-9.01439464610043,-2.0807739213599907,1.9553412011565587,35.02233337903238,-5.230780098742848,10.66968219236639,15.659526605412802,-0.30909,0.0768322,-0.233118,0.546118,-0.120221,0.419942,0.714808
11.402795791625977,25.54694989111504,4.108966440864746,0.16209031804774438,-3.551321326045671,4.239018968318687,-5.030755529355367,-0.0110999,0.359651,0.283872,0.277947,0.521519,0.577781,-0.562968,-0.318204,0.214476,-0.24104,0.692279,0.0702422,0.454079,-0.556442,70.4580457980128,-9.253538488723832,-2.256245257414596,1.9842225952855213,34.8605313743906,-5.605253206079997,10.677611220399765,16.16109187158503,-0.309156,0.0759932,-0.233438,0.542968,-0.114356,0.414394,0.721378
11.44312071800232,23.129276784628082,7.174889836456938,-1.1259551256029632,-4.591577150256878,3.9546899474490003,-4.305783328068832,-0.0112539,0.359645,0.283753,0.280299,0.522095,0.576848,-0.562223,-0.320644,0.213257,-0.239755,0.695021,0.063989,0.458891,-0.549791,70.44688850596222,-9.166948461036993,-3.5811883089712007,0.7349815999782692,36.05833440341667,-4.487492603475744,10.420090553341241,14.202916233412987,-0.30941,0.0745585,-0.233318,0.53557,-0.101113,0.418093,0.726732
11.480225801467896,20.75865831381094,8.932471221327132,-2.9028905709067416,-5.3503495359537485,3.137674226255307,-4.033953103656832,-0.0113795,0.359731,0.283699,0.27889,0.522534,0.577352,-0.561999,-0.322563,0.212366,-0.238716,0.697826,0.0609019,0.463262,-0.542879,70.50305369731821,-8.661660668026181,-4.524933447030517,1.907547421257453,36.26879315946311,-4.734213858696453,11.258981974052288,14.149610652639357,-0.310599,0.0739201,-0.231912,0.527175,-0.111452,0.416902,0.732023
11.516763687133789,19.0453716025006,10.089344011981504,-3.697493719136926,-5.81657180837688,2.799584208622944,-3.5748448758268596,-0.0113153,0.359726,0.283872,0.279179,0.52177,0.578215,-0.561678,-0.324526,0.212021,-0.237762,0.689558,0.0613517,0.465367,-0.551524,70.33568244201219,-10.032336206895984,-3.9207341242091367,3.196830599363789,36.341674532695144,-7.463340660662208,11.976105437970247,16.597599532339153,-0.311372,0.0734116,-0.231162,0.526775,-0.106408,0.416631,0.733215
11.555362939834595,16.566636242841362,11.772263501562353,-4.742218226606402,-6.382981116782825,2.15823863810381,-2.9835444277118808,-0.0113774,0.35976,0.283944,0.27927,0.52139,0.577884,-0.562326,-0.325715,0.212635,-0.236962,0.690891,0.0599261,0.466557,-0.549002,70.28485597960562,-9.783668066779896,-4.244066475592202,2.1177073576896017,36.47000167685676,-6.303516610620672,11.374936852381083,15.505538961343575,-0.312333,0.074244,-0.230505,0.523122,-0.110721,0.423117,0.731475
11.592215776443481,16.452919985591546,11.3074095565933,-6.229210141292768,-6.837454524543033,2.153936098262611,-3.000105484808877,-0.0113749,0.359804,0.283953,0.279257,0.521793,0.578007,-0.561833,-0.326673,0.213269,-0.236364,0.694165,0.0570241,0.47002,-0.542185,70.28301527142615,-9.325372901467832,-5.144179647815446,1.3278857639440496,36.49306888471826,-5.022416757976387,10.87224814720903,14.311417506757548,-0.312926,0.0747334,-0.230533,0.521708,-0.1085,0.423141,0.732803
11.628822326660156,16.431925668288837,10.623758203195361,-5.849111031658534,-6.451040591139713,2.105039504783994,-3.092283643792267,-0.0113899,0.359855,0.284002,0.27942,0.522107,0.577724,-0.561751,-0.3273,0.215367,-0.236204,0.694912,0.057527,0.475706,-0.536183,69.72923074435789,-9.077830657620126,-5.862923796390795,1.187337347805343,35.74286531930972,-4.729652030752167,10.536982146959897,14.63224575802514,-0.313176,0.0766028,-0.231649,0.518776,-0.104035,0.419557,0.737577
11.667870044708252,17.340614027203756,10.798308904966392,-4.574001505833576,-5.978532274112247,2.3604368941976417,-3.3590447228078895,-0.0113607,0.359884,0.284152,0.279153,0.522474,0.577892,-0.56137,-0.327505,0.21819,-0.23624,0.692167,0.0620801,0.477322,-0.537787,69.25966192497998,-9.351793532670081,-5.516593218726852,1.9263082062034815,36.13545406426873,-5.2785888803978835,10.91164290707973,14.818877648684833,-0.313129,0.0794001,-0.233477,0.518496,-0.0973188,0.412077,0.742889
11.705307006835938,17.7912763180087,10.36067233808212,-4.5936635916948925,-5.61149548083066,2.55082333791165,-3.65482839083026,-0.0114718,0.359965,0.284176,0.277967,0.522616,0.578173,-0.561536,-0.327729,0.221175,-0.236491,0.692394,0.0646436,0.481748,-0.533227,68.73969926446614,-9.032135537870298,-5.8542722666874685,2.1660540958319725,34.902756562947665,-5.201957521313457,10.68992522830134,15.719052762173531,-0.312595,0.0821605,-0.235764,0.518061,-0.0926337,0.407306,0.746414
11.743333339691162,17.255479668093944,10.302661323183568,-3.3045435080770322,-4.871647735959539,2.383630789570772,-3.8649601451238222,-0.0115249,0.359955,0.284166,0.27857,0.522234,0.577692,-0.562088,-0.327532,0.223232,-0.236865,0.691582,0.0678889,0.48487,-0.531043,68.05610098036911,-8.958840396796086,-5.910071889512094,2.1003142961007732,34.19596459304885,-5.36615038355772,10.552548364548027,16.444975560758294,-0.312519,0.0846078,-0.237157,0.514242,-0.0962706,0.403244,0.750787
11.781322956085205,18.141211805506764,9.671947190274055,-2.287148850625153,-4.213401915635598,2.6607742840671835,-4.35453985202318,-0.0115821,0.359961,0.284165,0.278502,0.52267,0.577894,-0.561508,-0.326687,0.225115,-0.237441,0.694643,0.0696266,0.48563,-0.526105,67.85877965793676,-8.420608926821124,-6.179675272738834,1.6589276324162157,34.28638924813582,-4.229436225072586,10.223820800973323,15.315733499963738,-0.311674,0.086224,-0.238657,0.515223,-0.0955664,0.402312,0.750705
11.818737745285034,18.58830642499214,9.496598873660838,-1.7380502375257825,-3.6678548275602676,2.800695644671157,-4.829466433867398,-0.011666,0.360011,0.284238,0.279134,0.522746,0.578032,-0.560982,-0.325388,0.22669,-0.238327,0.694699,0.0728299,0.485539,-0.525681,67.55507471240057,-8.382393031864778,-5.955279757268352,1.6265014426910263,34.18968187390249,-4.209897478835931,10.204837947122666,15.38346205985354,-0.310769,0.0880268,-0.240136,0.518967,-0.101572,0.399044,0.74908
11.858084201812744,17.921536515684657,8.39836846833991,-1.8263624832643717,-3.3799506875777245,2.7423801593961215,-4.667076877307063,-0.0117033,0.360116,0.284341,0.278235,0.523641,0.577771,-0.560862,-0.323904,0.22748,-0.239185,0.695883,0.0744775,0.486578,-0.522917,67.40200306781105,-8.046668698633416,-6.175110975365416,2.4548950175550726,32.92997120148016,-4.612070156139158,10.279234755741662,16.69121512552455,-0.307885,0.0885375,-0.24241,0.510484,-0.099223,0.39259,0.758574
11.89482831954956,17.736092318435404,7.393990918248571,-2.730169256437087,-3.3612468204241424,2.5573909725935104,-4.846499201236492,-0.0117065,0.360155,0.284393,0.278442,0.523782,0.577737,-0.560663,-0.322415,0.227789,-0.239809,0.700165,0.0744727,0.484807,-0.518831,67.50416739135474,-7.400265245465607,-6.372008641562485,1.5467391385487463,32.95632495133795,-3.131416508455743,9.81188374452698,15.272471618896436,-0.307772,0.0898486,-0.241812,0.521382,-0.106,0.408916,0.741427
11.931849241256714,17.440796099707608,8.162919574194525,-1.588604359258679,-3.248463335090044,2.7653900600659034,-4.55328430814713,-0.011735,0.360229,0.284495,0.279034,0.523539,0.578672,-0.55963,-0.321013,0.227633,-0.240605,0.698431,0.0784217,0.483121,-0.522148,67.3522071695245,-7.716958449679452,-5.670657853000829,3.1161623770852955,33.63440850835281,-4.575945772045564,10.933107033713544,16.01134693319245,-0.304954,0.0884554,-0.243756,0.51232,-0.100522,0.388779,0.759127
11.965306282043457,16.999853417668234,8.302067669063534,-1.483511965070868,-3.282341358363964,2.5754949384114463,-4.345447362776772,-0.0118394,0.360195,0.284476,0.279909,0.523164,0.579322,-0.558871,-0.31999,0.227259,-0.24127,0.698791,0.0786277,0.484244,-0.520592,67.21047565222909,-7.762578163247048,-5.744855879644893,3.3621062550055125,32.994922582240534,-5.055011296407137,10.937067731925877,16.927433045594817,-0.30418,0.0882006,-0.243829,0.51587,-0.104727,0.390978,0.755015
12.002835988998413,17.282850156308324,8.510989904337798,-2.1815014419464402,-3.685038517569789,2.657336450881951,-4.0272107360549665,-0.0117471,0.360108,0.284397,0.279449,0.523783,0.577576,-0.560326,-0.319211,0.226588,-0.241604,0.699004,0.0775926,0.480295,-0.524108,67.56486287536468,-7.6641513171433315,-5.539466879208605,2.262432426897929,32.392528971818074,-4.276848203640359,10.156153010686037,16.782630078186497,-0.303424,0.0873426,-0.244086,0.515485,-0.101055,0.391642,0.755433
12.040865898132324,20.107239042181458,8.939503153754522,-1.4583513241281396,-3.762903157444641,3.1128905794232713,-4.771507794688515,-0.0116411,0.360062,0.284398,0.279092,0.524268,0.577423,-0.560208,-0.318694,0.2255,-0.241715,0.69854,0.0773682,0.477852,-0.526985,67.857773768577,-7.787414239938822,-5.285459507821203,2.7824812540172115,32.703403274370416,-4.606594156797609,10.402739947177068,16.78825718586945,-0.304446,0.086614,-0.242685,0.522946,-0.107293,0.398581,0.745754
12.078794717788696,18.980820920750304,8.315909645977603,-2.3387028820166997,-3.9779410131882527,2.852939302820366,-3.9503771173724407,-0.011632,0.360019,0.284333,0.279765,0.523826,0.577694,-0.560006,-0.318862,0.225066,-0.241604,0.698188,0.0771021,0.474823,-0.530219,68.10450227587762,-7.98724564659231,-4.862997353903853,2.0323067237717574,33.87123527485332,-4.038983272171908,10.349873479583104,15.44481230920089,-0.305785,0.0861745,-0.24166,0.528069,-0.106997,0.402462,0.74008
12.115156650543213,20.116326648158843,8.937638998101038,-1.0636733253673247,-3.846499653409848,3.295450489278013,-4.023373567972163,-0.0115521,0.359979,0.284315,0.279128,0.523749,0.577607,-0.560486,-0.319253,0.225336,-0.24144,0.69551,0.0791928,0.472906,-0.535121,68.12453480960865,-8.295332959098028,-4.261841313341619,2.5829848046392474,34.46119148217209,-4.65980259756105,10.81413587184696,15.520430637798777,-0.306992,0.0863293,-0.241059,0.531285,-0.101851,0.402414,0.738529
12.14799427986145,19.34491497292568,8.639175375437148,-1.2817690240898518,-3.810078974869609,3.155137313683554,-3.482117831452343,-0.0115432,0.359956,0.28428,0.279058,0.523461,0.577585,-0.560812,-0.319383,0.22578,-0.241503,0.694337,0.0784927,0.472544,-0.537063,68.20550122234965,-8.489038333448672,-4.137866479110458,1.6986406683413975,33.81981636848507,-4.381281882129638,10.090174534811288,15.873427028938389,-0.307212,0.0867124,-0.241225,0.531398,-0.100534,0.40189,0.738914
12.187597513198853,20.856082646718775,7.2973160962291965,-1.6793065798567592,-3.570160446442315,3.5769183691635917,-3.8077489340435897,-0.0114281,0.359885,0.284277,0.279402,0.523564,0.577677,-0.56045,-0.318715,0.226392,-0.241808,0.692614,0.0822454,0.470401,-0.540596,68.05735490658155,-8.718436969289119,-3.495688435108315,2.4681389727919516,35.00319354810508,-4.8773947217741345,10.752700962806273,15.34589641276966,-0.30808,0.0870628,-0.240998,0.538227,-0.0995037,0.400901,0.734635
12.238117218017578,20.22018047209291,6.894003210736815,-1.2211391152703546,-3.20752097745649,3.4757403129980666,-3.3464321301289957,-0.0113867,0.359845,0.284243,0.280247,0.523186,0.577361,-0.560707,-0.318275,0.226684,-0.242131,0.692374,0.0818694,0.469117,-0.542074,68.09188575499289,-8.827993389328583,-3.3385913560286093,1.1238773650910012,34.75205375927699,-4.203250673720344,9.990880656038508,15.004165977924123,-0.307841,0.0871815,-0.241479,0.536756,-0.0991428,0.397135,0.737799
12.27530837059021,20.699080745288605,6.337205741837827,-1.9123936693422068,-3.2230580166420175,3.562674972427354,-3.2977720001675,-0.0113663,0.359834,0.284233,0.279814,0.523593,0.577544,-0.560355,-0.317652,0.22649,-0.242511,0.689188,0.0835577,0.466047,-0.548487,68.29643357917038,-9.343788209167304,-2.6345265399386957,1.887839136268898,35.023955540751224,-5.114635334444998,10.291614569432824,15.634936353164067,-0.308022,0.0870423,-0.2411,0.545164,-0.100307,0.402323,0.728609
12.313863277435303,20.749389558966012,6.328159021714126,-1.731106975773138,-3.2140261682974387,3.73164938040787,-3.117455660013262,-0.0113261,0.359836,0.28425,0.28013,0.523395,0.577292,-0.560641,-0.317035,0.22619,-0.242631,0.692013,0.0849326,0.464973,-0.545623,68.18742393546054,-8.835790518680536,-2.6584866905906814,2.0325905298810447,35.81754543687499,-4.629130254152042,10.78782509505467,14.500568420560981,-0.307232,0.0866797,-0.241596,0.54153,-0.0957784,0.401046,0.732621
12.348225593566895,21.400305323306263,5.627724274006556,-1.3384593535580334,-3.0536473368515074,3.7466369804454907,-3.246323246596216,-0.0112482,0.359804,0.284262,0.279824,0.523568,0.577296,-0.560628,-0.315876,0.225068,-0.243057,0.690373,0.0838794,0.46076,-0.551406,68.68568355407115,-9.210303222735263,-2.137318020837932,1.6900712257903763,35.22103285452623,-4.6864285440743245,10.171480012287018,15.063543901416164,-0.307341,0.0861883,-0.240431,0.547044,-0.107004,0.403973,0.725327
12.383557319641113,22.51113843671519,5.408876177255712,-1.0411243098975411,-2.954181685044339,3.962458698411069,-3.5432348882617135,-0.0112173,0.359785,0.284239,0.279676,0.523615,0.577388,-0.560564,-0.31555,0.224027,-0.243243,0.688982,0.0829949,0.459206,-0.554568,68.92543129349218,-9.501162540328897,-1.9081757498795253,1.8682985359601165,34.89859645594193,-5.2138762765686195,10.156065041699243,15.83034679974975,-0.307323,0.0851181,-0.239657,0.550477,-0.108769,0.406653,0.720956
12.418167352676392,22.59180855230642,4.797029921179199,-1.2881370157115746,-2.965229756890323,4.035541580267729,-3.3598985703941993,-0.0111824,0.359736,0.28417,0.280417,0.52372,0.577118,-0.560373,-0.315573,0.222456,-0.24334,0.685703,0.0842351,0.457914,-0.559492,68.86968809880165,-10.067654056479128,-1.4377224025519737,3.2435509545581844,35.8348001317047,-6.9604106220429465,11.396759919136997,16.63887169080195,-0.306841,0.0836175,-0.239398,0.550688,-0.105955,0.4074,0.720792
12.45533013343811,23.641541462561523,4.174905424538481,-0.8439165461961282,-2.7800517051956413,4.3664085765288005,-3.468562592284914,-0.0110909,0.359716,0.284207,0.279791,0.522,0.578668,-0.560693,-0.314201,0.221422,-0.243617,0.690567,0.0822533,0.452721,-0.558028,69.5042799154086,-9.413644874896951,-1.1410012340999893,1.351720349003081,35.50362955814858,-4.8665848969063354,10.225070979974333,15.0096869171241,-0.306547,0.0824652,-0.238784,0.552896,-0.107032,0.409847,0.717548
12.48914098739624,23.785129383467748,4.17023692171101,-1.062323630584261,-2.9881918299673624,4.250782093387885,-3.4950497455834184,-0.0110677,0.3597,0.284196,0.278976,0.522044,0.578199,-0.561541,-0.31416,0.220661,-0.243632,0.688211,0.0834858,0.451661,-0.561603,69.48446925064786,-9.619643809416841,-0.7736777900217711,2.4284289392006144,35.161705822549834,-6.042411274995192,10.788099836641013,16.343520123635436,-0.306286,0.0819997,-0.238457,0.552129,-0.110054,0.410248,0.717452
12.526652097702026,23.467399407212017,3.885174034011454,-1.8173240053243087,-3.2396440461264406,4.220530165093277,-3.4360351896902444,-0.0110255,0.359699,0.284236,0.278635,0.523165,0.577771,-0.561108,-0.313754,0.220072,-0.243613,0.69296,0.0817583,0.451627,-0.556017,69.72145534335844,-8.933695923860867,-1.417745961947961,2.4019486952884748,35.673245288489085,-5.077185406198737,10.932043872437214,14.958816283778406,-0.306405,0.0811242,-0.237748,0.553493,-0.113497,0.409673,0.716193
12.566979885101318,22.98772064363206,4.3779726659733464,-1.2553243257510933,-3.150106730990053,3.7683433301060765,-3.6042331737735345,-0.0110372,0.359726,0.284208,0.278961,0.52228,0.578273,-0.561253,-0.313898,0.219513,-0.243604,0.692691,0.0799391,0.451146,-0.557007,69.87837014506802,-9.081155093821511,-1.3505047297881132,1.5040941470435634,35.14642188149356,-4.8359884904492105,10.347493615102044,15.223659804956583,-0.306409,0.0815002,-0.236901,0.548386,-0.125115,0.412593,0.71651
12.601747035980225,22.377714270563622,4.138307397888882,-1.3529111957520166,-3.104171717598089,3.7218915248684463,-3.39090742073557,-0.0110718,0.359718,0.284188,0.278828,0.523604,0.577719,-0.560656,-0.313731,0.219314,-0.243556,0.694522,0.0783366,0.450938,-0.55512,70.11494980887264,-8.889962398661293,-1.7562196957802867,1.4652915756822171,35.4374676299431,-4.1993746681763575,10.204424593912291,14.388869972464182,-0.306153,0.0808679,-0.237259,0.549602,-0.1195,0.414882,0.715214
12.64015007019043,22.029568939207344,4.551125431424024,-1.9833682979861338,-3.3452514061444694,3.650058732090048,-3.289773201002908,-0.0111214,0.359716,0.284149,0.280388,0.523957,0.576963,-0.560326,-0.313985,0.219594,-0.243586,0.69422,0.0783257,0.453463,-0.553439,69.77642843938257,-9.01759597645911,-2.0978763367584525,1.3593463230074754,35.71193313093077,-4.339932897997983,10.31920671010908,14.323784460877397,-0.305943,0.0810562,-0.237545,0.548739,-0.118417,0.414562,0.716241
12.677577018737793,21.97389733554976,4.339077740709516,-1.3692204241824049,-3.064116390144218,3.696023189097084,-3.1870168323356185,-0.0110884,0.359698,0.284194,0.280122,0.521971,0.57848,-0.560748,-0.313716,0.220035,-0.243806,0.690825,0.0822724,0.452722,-0.557705,69.46271282069368,-9.385554559364449,-1.1707262904689697,2.1787947213525722,35.47214468862395,-5.654170268514303,10.818714806458338,15.729875843863946,-0.305651,0.0813804,-0.238322,0.55064,-0.113104,0.410236,0.718129
12.714885711669922,21.87518294663586,4.706555777434159,-1.722235288110399,-3.1764030585660525,3.810096952150858,-3.0294790704124437,-0.0110877,0.359726,0.284161,0.279853,0.524176,0.576846,-0.560509,-0.313557,0.220397,-0.243824,0.689854,0.0818794,0.452548,-0.559105,69.57822379160352,-9.541740741884087,-1.4173835961552987,2.6058970542532016,35.49619583533916,-5.658699296635493,10.711726759954278,15.69428988554479,-0.305264,0.0816306,-0.238983,0.550031,-0.107277,0.409229,0.720062
12.751158714294434,21.567615196130465,5.148608056793119,-1.8538516988062237,-3.3233134801203272,3.7612946827625446,-2.904219989210068,-0.011116,0.359703,0.284145,0.281092,0.52235,0.577637,-0.560779,-0.313579,0.220475,-0.243825,0.69125,0.0807208,0.452386,-0.557678,69.53280672171074,-9.439792485658526,-1.3690404600285941,0.7861966647552858,35.24683556360837,-4.510120708257496,9.860429614772416,14.931633535154813,-0.305495,0.0817868,-0.238931,0.55058,-0.108526,0.409662,0.719209
12.791761636734009,21.764143512916295,4.688189375619765,-1.8475342405512436,-3.2575229625272075,3.759884937969796,-3.000803463953918,-0.0111056,0.359707,0.284163,0.280193,0.522107,0.578138,-0.560939,-0.313635,0.220173,-0.243842,0.689931,0.0832711,0.451996,-0.55925,69.40835849565359,-9.48322292885625,-0.982784428552536,2.375416007219618,35.682138920546954,-5.814008400541166,10.935635877965218,15.68057315668919,-0.305685,0.0813988,-0.238408,0.551681,-0.112274,0.409151,0.71808
12.829854011535645,21.853978771941918,4.376684738683551,-1.8720298436954719,-3.3094842626878296,3.660684009630037,-3.0894550192362358,-0.0110219,0.359714,0.284234,0.27877,0.523249,0.577749,-0.560985,-0.313501,0.219378,-0.243821,0.68982,0.0809121,0.449843,-0.561464,69.95375219287104,-9.534282776240072,-1.0342157964819514,2.294909008150805,35.151537583916436,-5.73415923071887,10.615605597245752,16.05867676683477,-0.305828,0.0812927,-0.237614,0.550974,-0.117464,0.41487,0.714501
12.86856985092163,21.886036895774787,4.270833790770347,-2.5474326110220877,-3.599220834417973,3.833013274038641,-2.978392179266867,-0.010975,0.359761,0.284232,0.278982,0.522946,0.577561,-0.561356,-0.313285,0.218886,-0.243655,0.694154,0.0799093,0.450795,-0.555472,69.8978662756965,-8.830291331056905,-1.5439202659336153,1.9939125054372155,35.26296306498667,-4.803018514256028,10.626291811033894,15.06865407377429,-0.305764,0.0800985,-0.237184,0.552345,-0.115561,0.410824,0.71609
12.904096364974976,22.008340684336876,4.7759904227008585,-2.656392011739183,-3.7679423319310175,3.960615533601222,-2.8450569597387236,-0.0110037,0.359703,0.284214,0.279068,0.522356,0.577272,-0.562158,-0.3133,0.218066,-0.243639,0.69318,0.079472,0.448361,-0.558712,70.05695592041101,-8.98094805882508,-1.1841345262748737,1.3964463821671256,35.14127507046914,-4.735089039217705,10.36565370017919,15.12489666367107,-0.305061,0.0792741,-0.237463,0.55071,-0.110272,0.411775,0.717635
12.941242694854736,22.303008094642692,4.49276295096998,-2.1962940960385016,-3.682894434488255,3.8108278919484158,-3.10932890807058,-0.0110247,0.359707,0.284176,0.279032,0.522252,0.578204,-0.561314,-0.312915,0.217164,-0.243709,0.695158,0.0768229,0.448639,-0.556395,70.35604390113683,-8.85468385575661,-1.4964330644629225,1.1842042395773582,34.7002541259343,-4.340694083352428,9.997389106037922,15.113189169793475,-0.305035,0.0789035,-0.236719,0.546522,-0.120738,0.410311,0.719987
12.975895643234253,21.959504436127265,4.347449071875056,-2.4492654005761882,-3.71302286266115,3.8507500970768143,-2.9781207892268977,-0.0110542,0.359698,0.284169,0.279564,0.52203,0.578314,-0.561143,-0.312681,0.216634,-0.243831,0.695355,0.0772542,0.449477,-0.555413,70.20625024660998,-8.84295204732662,-1.5487891239297757,1.7017728527985607,34.769117926491525,-4.839059024415725,10.41929256857934,15.493313999084128,-0.304388,0.0781074,-0.236876,0.549658,-0.114861,0.414171,0.716342
13.01387333869934,21.19738170665484,4.646484171074,-2.0636047754192828,-3.644879656299943,3.6217286593484284,-2.8208750788728594,-0.0110704,0.359719,0.284185,0.27971,0.522007,0.578267,-0.56114,-0.312222,0.216399,-0.243995,0.695313,0.0779936,0.447562,-0.556906,70.28568039169278,-8.865483581815328,-1.2863025190151245,1.6963206173436767,35.14407291473265,-4.791154546901588,10.515108591561384,15.153738108993984,-0.303635,0.0777735,-0.237055,0.548362,-0.117577,0.411024,0.718703
13.051893949508667,20.889902596224434,4.597413449644931,-2.1319583614319417,-3.6083811742347107,3.5186915964831385,-2.8090861871084702,-0.0110918,0.359714,0.284178,0.279909,0.523741,0.577287,-0.560434,-0.312121,0.216274,-0.244257,0.693021,0.080293,0.447999,-0.559082,70.0990217013617,-9.196952127344101,-1.222371253653191,3.5537025079331226,36.13596641250378,-6.375704572933412,11.955800232918696,15.65515756105896,-0.303495,0.0777549,-0.237244,0.550589,-0.116542,0.411241,0.717043
13.088985443115234,20.498294614664307,4.991374385089776,-2.1153374045985855,-3.6151664979227003,3.40059433004837,-2.6941259430337645,-0.0111102,0.35971,0.284159,0.280029,0.523766,0.577307,-0.56033,-0.311845,0.216402,-0.24459,0.690971,0.0803601,0.449459,-0.560436,69.97230349650214,-9.518608704514449,-1.2109756845101705,3.839798497721631,35.102046087189215,-7.140684811648878,11.653994692558573,17.268787129808384,-0.302454,0.0777143,-0.23811,0.548473,-0.114275,0.409925,0.719778
13.125571250915527,20.619873225034045,5.012909377287254,-2.1095162274629433,-3.588733634828516,3.3713889415458174,-2.80837712736966,-0.0111325,0.359717,0.284108,0.280886,0.524062,0.576855,-0.56009,-0.31151,0.216506,-0.2448,0.690775,0.0816698,0.44984,-0.560182,69.75720407319228,-9.561990722045907,-1.2066358911756845,4.231736791823749,35.59218782519657,-7.403261763161449,12.053799830015372,17.107891767166507,-0.301919,0.0779292,-0.238415,0.548078,-0.116318,0.410023,0.719695
13.16220760345459,20.66957426269222,5.032066399779799,-2.132930845611007,-3.5976212603127427,3.5211885323606467,-2.7669283574930015,-0.0111294,0.359701,0.284116,0.280946,0.524048,0.576728,-0.560203,-0.31085,0.216691,-0.244887,0.698074,0.0779754,0.449855,-0.551583,70.05349039040063,-8.513900023998907,-2.07161868466771,1.955561332893108,35.05364345783962,-4.552869600347194,10.660387569807346,14.970785836029464,-0.301821,0.0779834,-0.238442,0.547918,-0.116644,0.410494,0.719496
13.205686569213867,20.48778893727237,4.214666660969453,-2.1155624688702592,-3.4924549093647586,3.471761694572551,-2.7242822497403547,-0.0110911,0.359714,0.284143,0.280327,0.524362,0.57648,-0.560475,-0.311237,0.216361,-0.244711,0.694743,0.0801578,0.449195,-0.555995,69.96145216582346,-8.910370852802654,-1.6157878731664643,3.49087692874882,35.50490178696151,-6.095889869683742,11.750878827248023,15.90190494355291,-0.302621,0.0773446,-0.237692,0.551368,-0.116807,0.410709,0.716706
13.244423151016235,20.798381144607742,4.112240746349984,-2.266525319003496,-3.4885191020514763,3.492820487714115,-2.833012421440971,-0.0110684,0.359717,0.284196,0.280182,0.522443,0.577603,-0.561183,-0.311514,0.216119,-0.24459,0.695272,0.0784448,0.44974,-0.555137,70.00963634730768,-8.82860930111584,-1.5750915121500848,2.2835456468101683,34.308797217179425,-5.6671404862466055,10.907012262861205,16.603347191769465,-0.302569,0.0776918,-0.237423,0.546425,-0.118746,0.411032,0.71998
13.281911611557007,20.92820952204496,4.29266585253808,-2.3037149823579397,-3.5423303672299444,3.5860473629621765,-2.7934533240444366,-0.0110573,0.359705,0.284197,0.279758,0.522233,0.578167,-0.561009,-0.311621,0.216091,-0.244412,0.695135,0.0787569,0.449368,-0.555566,70.07236526577935,-8.84160035450857,-1.4452633735331342,2.6348913714196396,34.50588774887732,-5.744037738591754,11.056417008856963,16.475542669974967,-0.302689,0.0771194,-0.237352,0.5493,-0.116642,0.410546,0.718412
13.319849729537964,21.37009190145068,4.42838327761853,-2.1229706943480795,-3.533863608465519,3.627901959386404,-2.9140522536104614,-0.0110379,0.359713,0.284188,0.279354,0.522397,0.5781,-0.561126,-0.311748,0.215571,-0.244266,0.695634,0.0773166,0.447819,-0.556393,70.36451203962847,-8.809791590141591,-1.434743235615288,2.216411461868036,34.578184632508304,-5.3394180037776025,10.796626295475305,16.080668538935516,-0.303036,0.0770489,-0.236955,0.547796,-0.11995,0.411502,0.718469
13.357518672943115,22.09059758626419,4.419082394594984,-1.9856923451833226,-3.503343588649001,3.7676019682728974,-3.1526352776213233,-0.0110138,0.359699,0.284177,0.279209,0.522493,0.578057,-0.561154,-0.311995,0.215055,-0.24431,0.692446,0.0800946,0.447764,-0.56001,70.13421670972393,-9.201673726681047,-0.9867306707129451,4.021266679734133,35.26947221539443,-7.23143958376102,12.099650036885294,17.150026071585945,-0.303772,0.0768474,-0.236315,0.551384,-0.119954,0.411762,0.715569
13.392125129699707,22.236275102570954,4.293544501673085,-1.8485145887809993,-3.4724051739936552,3.7759890811245906,-3.1578141103678954,-0.011016,0.359694,0.284164,0.279205,0.522414,0.578095,-0.56119,-0.312162,0.214846,-0.244114,0.690409,0.0784214,0.446838,-0.56349,70.364131784656,-9.617880673735918,-0.8272036751115572,3.4218226393292106,34.627087549520986,-7.071942642237328,11.271443920390928,17.629427265028372,-0.30392,0.0765681,-0.236088,0.552529,-0.120577,0.413093,0.713812
13.429172039031982,22.34303932608179,4.536077214987101,-1.9349944627924758,-3.534224094809408,3.79365745341614,-3.1910805892407765,-0.0110392,0.359671,0.284149,0.279288,0.522177,0.577978,-0.56149,-0.312043,0.214527,-0.244134,0.691141,0.0781808,0.447596,-0.562022,70.28363092555742,-9.47087127216975,-0.9678559353040006,3.4786754433145486,34.24468632003091,-7.085676500417716,11.259835929799195,17.944711479562393,-0.303389,0.0762394,-0.236167,0.548461,-0.120136,0.412427,0.7174
13.467991828918457,22.337485656768585,4.290092031542473,-1.610527511424053,-3.381886622790013,3.782839359956354,-3.2082197662471255,-0.0110446,0.359686,0.284139,0.279333,0.522269,0.57805,-0.561307,-0.31183,0.214114,-0.24418,0.691038,0.077233,0.446372,-0.563253,70.48646793964119,-9.571830390453925,-0.8992223601788665,3.1855962122626416,34.183648002397625,-6.8991629241866725,10.994244160000894,17.856035177546996,-0.303051,0.0756914,-0.236308,0.549757,-0.119865,0.413368,0.715909
13.50490951538086,21.88106776620127,4.170645410532096,-1.7316718598554575,-3.3940353196056643,3.7048592681032706,-3.0833858434562846,-0.0110632,0.359706,0.284148,0.279074,0.523724,0.577536,-0.560609,-0.311479,0.214023,-0.244336,0.694906,0.0766278,0.445976,-0.558873,70.66923215072693,-9.010173037096077,-1.389544526702377,3.3428465886623933,35.15845632604554,-6.196341257499416,11.498429902675781,16.273934166457494,-0.302563,0.0757814,-0.236393,0.546811,-0.119692,0.412731,0.718557
13.542729616165161,21.577766287961232,4.113382317469612,-2.183343405296512,-3.488754480742002,3.5524394685045,-3.0854572873230848,-0.0110579,0.35971,0.284174,0.279854,0.522159,0.578141,-0.561057,-0.311535,0.214103,-0.244493,0.692306,0.0787329,0.446347,-0.561506,70.31970081299946,-9.364078068436944,-0.8814288588289385,3.4658441293848163,34.999943990226924,-7.120380546578705,11.716510229698354,17.299281734349588,-0.302426,0.0757897,-0.236421,0.54903,-0.118995,0.417107,0.714442
13.579848766326904,21.957755258044614,4.67250981329806,-2.0156439909238872,-3.5609106502785024,3.696413102885219,-3.1602476052457087,-0.0110331,0.35971,0.284168,0.27895,0.524086,0.577164,-0.560717,-0.310894,0.214556,-0.244607,0.697729,0.0766239,0.447913,-0.553784,70.49938316143601,-8.484870647585781,-1.8892266551405117,3.2684154017171405,34.57992409189691,-5.666541026496166,11.343452788820146,16.229289598602882,-0.302544,0.0761943,-0.236557,0.548158,-0.121786,0.412175,0.717498
13.618109703063965,22.334296319302723,4.438210668618843,-1.9681598640707225,-3.4683416999439056,3.874937609374347,-3.1869042872415148,-0.0110528,0.359691,0.284085,0.279727,0.524396,0.576751,-0.560464,-0.310818,0.214464,-0.244712,0.698521,0.076351,0.446925,-0.553622,70.55053098143456,-8.454165694451243,-1.9258896780001484,2.7643662075831035,35.337449029347106,-5.1325415206722305,11.354054422145069,15.15477259128768,-0.302434,0.0758777,-0.236789,0.549251,-0.118763,0.414627,0.715754
13.65821623802185,22.457764018163623,4.349810014946571,-1.6106931845778156,-3.323989682945691,3.9730075744924522,-3.126362292728601,-0.011042,0.35967,0.284113,0.278735,0.524044,0.577267,-0.560756,-0.310812,0.214175,-0.244633,0.69782,0.0753687,0.444827,-0.556324,70.89360990231158,-8.563304388745777,-1.6347461305559186,2.329309989361999,34.80288549890167,-4.9404988240655,10.824523268574852,15.477321307607857,-0.302657,0.0756959,-0.236609,0.551672,-0.118541,0.416031,0.713109
13.695889234542847,22.686247486657923,4.437434813847659,-1.8561233961566053,-3.5007470918797607,3.8443130500223073,-3.2392516669603526,-0.011019,0.359687,0.284146,0.27867,0.524062,0.577297,-0.56074,-0.310953,0.213841,-0.244526,0.695009,0.0774686,0.444608,-0.559719,70.73705106638859,-8.939654194924897,-1.2362020102608653,3.7031283191544713,35.242604100442755,-6.32002773264097,11.700166699441974,16.296271381986912,-0.302537,0.0758186,-0.236171,0.546758,-0.124282,0.413453,0.717403
13.734450340270996,23.40888314668869,4.127375936771969,-1.9323774048643703,-3.56007292142406,4.122989626475931,-3.300061354669365,-0.0109776,0.359679,0.284158,0.279114,0.522524,0.577945,-0.561287,-0.311003,0.213567,-0.244378,0.695843,0.0759335,0.444027,-0.559354,70.81964655810684,-8.871236944547285,-1.1552876085350128,2.301271727759927,34.678990464193056,-5.45906700631804,10.869940124671457,16.070614946481868,-0.302864,0.075222,-0.235776,0.550105,-0.120164,0.414549,0.714909
13.771866798400879,23.908801134241276,4.423021444027894,-2.15787431744117,-3.699174154350001,4.242661493373108,-3.4093298505274325,-0.010968,0.359631,0.284127,0.279491,0.522271,0.577939,-0.561342,-0.311424,0.213104,-0.244241,0.694562,0.076113,0.444121,-0.560845,70.75303156928604,-9.092805906675142,-1.026273903703762,2.555515876043371,35.02731941917779,-5.991483095165567,11.220583129196708,16.247483492008282,-0.303094,0.0746421,-0.235547,0.551209,-0.118727,0.41632,0.713268
13.81002426147461,24.461559980505996,4.939799181249869,-1.5641348665735113,-3.6135316782553715,4.3287419710266315,-3.5436513105965246,-0.0109848,0.359623,0.284075,0.27898,0.522337,0.578016,-0.561454,-0.311659,0.212545,-0.244029,0.693349,0.0743266,0.442883,-0.563558,71.06371185099114,-9.343612078871992,-0.9188344875566183,2.2696958713485316,34.52707664036903,-5.9077216248233775,10.677573784756495,16.662186094451183,-0.303589,0.0744438,-0.235142,0.55003,-0.1217,0.414316,0.714842
13.845802545547485,24.693590295216673,4.779257909083157,-1.3460659110336346,-3.497238140103523,4.24802991643795,-3.7752955058952424,-0.0109968,0.35965,0.284022,0.278656,0.523262,0.577642,-0.561139,-0.311662,0.212234,-0.24401,0.695935,0.0743595,0.442478,-0.560677,71.15774987532197,-8.925595182317387,-1.1946879706980338,2.7877320942264205,35.56406831096646,-5.662317103503607,11.369780860094133,15.447652262007441,-0.305006,0.0731582,-0.234774,0.553948,-0.128364,0.420856,0.706785
13.884842872619629,24.769996616799045,5.340886693898295,-1.7304941342588958,-3.846418649838747,4.411960633850165,-3.559427589855973,-0.0109556,0.359623,0.284032,0.278667,0.52415,0.576638,-0.561338,-0.311687,0.211271,-0.243903,0.69407,0.0730562,0.44035,-0.56482,71.44293283077745,-9.285296619975876,-1.0556318764651178,2.7089381507998187,35.592645131609444,-5.938436675626665,11.229550337563582,15.7082764477951,-0.303926,0.0732415,-0.234163,0.551314,-0.124438,0.415577,0.712645
13.922242879867554,24.957661163807433,5.191603462569938,-2.0904011249063807,-4.020739110318665,4.389488222962095,-3.6877768376187148,-0.0109253,0.359591,0.284037,0.279421,0.522484,0.577094,-0.562048,-0.311544,0.210361,-0.243789,0.696601,0.0720404,0.440431,-0.561763,71.37028810509545,-8.909862146181581,-1.1447365415216815,1.8193976369259701,35.378811309662815,-5.253767673806102,10.910298705668204,15.309346681077878,-0.304012,0.0724409,-0.233302,0.551505,-0.129028,0.418113,0.710194
13.959959983825684,25.311085065530676,5.033694493833389,-2.316662918385307,-4.115225706031419,4.566506763868619,-3.6650070261405236,-0.0109076,0.359571,0.284001,0.27908,0.522385,0.577022,-0.562382,-0.311187,0.208805,-0.243725,0.698387,0.0686726,0.43893,-0.561142,71.80079158488789,-8.724034369734674,-1.3525398462026825,1.08851287208069,34.60372635581418,-4.631004593150518,10.2740868756662,15.41667248347917,-0.303693,0.0708698,-0.232558,0.551061,-0.127262,0.421392,0.708918
13.99509334564209,25.529746968873116,4.893466810986486,-2.556982385564591,-4.336692431698691,4.569865146111291,-3.6593714419933807,-0.0109186,0.359572,0.283952,0.278824,0.523164,0.576869,-0.561942,-0.311048,0.207252,-0.24364,0.69798,0.0666834,0.437748,-0.562808,72.15444065401341,-8.908844912891979,-1.4219037935341723,1.6500450983283717,34.591628277915795,-5.13140254557246,10.504029544144101,15.866354693105459,-0.303009,0.0691439,-0.232043,0.551202,-0.129646,0.420896,0.708671
14.033689975738525,26.03418173810653,4.561204462315605,-2.517100581520987,-4.250901278250221,4.655016715283876,-3.8031595691040807,-0.0108331,0.359545,0.283966,0.278784,0.522729,0.576638,-0.562604,-0.311085,0.205774,-0.2435,0.693643,0.0695062,0.435351,-0.569647,72.04129222059852,-9.485624430320188,-0.5907322298862914,3.374643151684266,35.25051576471417,-7.20304064922551,11.716873740525621,17.135840079163263,-0.302546,0.0682065,-0.231337,0.549471,-0.126945,0.422247,0.7097
14.072543621063232,25.872567365591564,5.11079708860502,-2.051958542864024,-4.2164889202246165,4.524233131088063,-3.8665932972371744,-0.0107914,0.359569,0.283977,0.278454,0.523295,0.576838,-0.562035,-0.31076,0.2042,-0.243568,0.695339,0.0671166,0.433983,-0.568909,72.46294537751527,-9.360299554754564,-0.7937467402971323,3.5000328945262034,35.454711118899866,-7.292346847922513,11.997998468819393,17.013573792413077,-0.302859,0.0668787,-0.230083,0.551754,-0.135051,0.423774,0.70551
14.110241413116455,25.80883851206176,5.830679047475567,-2.2163960101135816,-4.425384882024804,4.363725105480695,-3.8770390526861878,-0.0108424,0.359465,0.283914,0.278677,0.522503,0.576353,-0.563158,-0.310847,0.202574,-0.243285,0.693429,0.0649206,0.432524,-0.572595,72.64987549719129,-9.690522936801273,-0.5927890232048734,2.894195392714577,34.28090852206841,-7.381173348618592,11.192877396664558,18.15830382266228,-0.302203,0.0654045,-0.22947,0.548784,-0.138502,0.424251,0.706869
14.14728331565857,26.843991814509586,6.778340363212026,-2.1398181589547267,-4.542052567156059,4.645344670427716,-4.118380483565171,-0.0108484,0.359392,0.283828,0.278664,0.52267,0.575574,-0.563806,-0.310747,0.201206,-0.24321,0.693743,0.064474,0.432195,-0.572513,72.65734367078008,-9.585813744078692,-0.672208241095946,3.438977355085658,34.16804616817408,-7.836314114105395,11.616893772962607,18.642908768647093,-0.301852,0.0639513,-0.229067,0.549033,-0.135232,0.425491,0.706564
14.18701958656311,27.144694734213545,7.279247051628832,-2.4430528462994947,-4.827666423043104,4.886644281357537,-4.097235436781028,-0.0109355,0.359377,0.283735,0.278322,0.522816,0.575673,-0.563738,-0.31036,0.199273,-0.242944,0.701094,0.0564587,0.429484,-0.566413,73.6397782907063,-8.715262674327537,-1.5308264820439204,0.6338268298245104,33.535914543983644,-4.771730045692639,9.93101754585735,16.388792550032413,-0.301787,0.0618514,-0.227864,0.547419,-0.136424,0.429228,0.705325
14.240932703018188,27.459032704350417,6.4529928194208885,-2.887951690024693,-4.8945222169320175,4.987774871735206,-4.130717693414304,-0.0108186,0.359404,0.283722,0.277587,0.524117,0.575694,-0.56287,-0.310192,0.196063,-0.242387,0.701333,0.0556021,0.425027,-0.569555,74.25128904021616,-8.811312823968118,-1.2681232800750173,2.7625100017116946,35.591909862345744,-6.087428081771034,11.773529269921095,15.692237961265812,-0.301025,0.0588428,-0.226156,0.545667,-0.136266,0.433383,0.704172
14.279799222946167,27.224548987150516,6.661950386319006,-2.769758096037687,-4.906327004036645,4.626710996504491,-4.2759437615393825,-0.010695,0.359383,0.28382,0.278078,0.52365,0.575343,-0.563422,-0.310518,0.193454,-0.241789,0.696026,0.0560145,0.423048,-0.577443,74.28051714976337,-9.683905936573666,-0.6077308414252567,4.302021462368476,35.82678237101861,-8.431839100514647,12.72495023492386,17.751795410084885,-0.301046,0.0564699,-0.224004,0.545894,-0.144996,0.43475,0.701405
14.31818151473999,26.67918854032203,7.211414717798273,-3.8598951497122176,-5.394549547793769,4.606976011743651,-3.990292307529527,-0.0107027,0.359374,0.283819,0.277808,0.523464,0.57562,-0.563444,-0.310455,0.190336,-0.241255,0.698055,0.0507215,0.420568,-0.577294,74.98732393826864,-9.574319499837125,-0.85100385153553,3.760538697196692,35.481033767505785,-8.140456401486777,12.434364203912196,17.724184406926344,-0.299782,0.0534892,-0.222622,0.539927,-0.143225,0.436821,0.705091
14.355503559112549,27.39969182888078,7.125701460193509,-3.7210920181392995,-5.40800931863571,4.6096212749574805,-4.345102933792885,-0.0107344,0.359346,0.283721,0.277598,0.524193,0.575262,-0.563235,-0.309573,0.186873,-0.241119,0.698772,0.0490109,0.417009,-0.579154,75.47818121661467,-9.571940964905359,-0.7540967432163581,5.124581817916674,35.9861402638739,-9.210818626114001,13.46079176285839,18.367134262680754,-0.29883,0.0505325,-0.220959,0.542192,-0.149057,0.441301,0.699331
14.39449167251587,27.415585354374223,7.152417228831642,-4.03849555058985,-5.626177431100076,4.561040698003561,-4.390236900666003,-0.010737,0.35937,0.283692,0.277632,0.524557,0.575341,-0.562799,-0.308967,0.184751,-0.241065,0.700186,0.0472688,0.415008,-0.579028,75.83870057142832,-9.4765752977074,-0.8161805598101393,5.642117520938363,36.39212676740841,-9.596070585626723,14.009316487829755,18.424305285071995,-0.297947,0.048499,-0.21993,0.541615,-0.15183,0.441579,0.699006
14.432923078536987,26.86178923007262,7.584858007503449,-4.396248675719466,-5.746273161649386,4.209036001014494,-4.445608905753115,-0.0107271,0.359385,0.28372,0.27765,0.524724,0.575266,-0.562712,-0.307525,0.181344,-0.240741,0.706973,0.0395625,0.412161,-0.573365,76.75756825740643,-8.66579018644039,-1.606668375838536,3.96930063547253,35.441442287642126,-7.623756099814745,12.822179096106918,17.107022345464888,-0.296099,0.0456528,-0.218157,0.535685,-0.162202,0.448744,0.696678
14.471751689910889,27.141342989784963,7.529560950688657,-4.865575697521905,-6.043510834226117,4.408381668484863,-4.318394918356425,-0.0106868,0.359352,0.283723,0.278179,0.52488,0.575076,-0.562499,-0.306379,0.177469,-0.240582,0.705281,0.03742,0.408531,-0.57817,77.22337939892066,-9.132310810539149,-1.309251139335488,5.0073771240119065,35.23697005230973,-9.225343690103099,13.5783450821343,18.829070727726677,-0.294021,0.0414924,-0.216649,0.536105,-0.15844,0.446217,0.698841
14.509856224060059,27.601285192247182,6.841876030650806,-4.94538298923782,-6.116195371669856,4.273793424050821,-4.636946876126527,-0.0106334,0.359346,0.283738,0.278663,0.524291,0.575414,-0.562462,-0.305273,0.173727,-0.240217,0.706489,0.0353694,0.404423,-0.579711,77.69227166082968,-9.123808166159847,-1.0576815534972202,5.606921355701159,35.70808551132776,-9.911312439511736,14.29833890294453,19.10339734273299,-0.29271,0.0385458,-0.214459,0.535171,-0.167342,0.449407,0.69543
14.547845602035522,27.46619250795628,7.0669585530986385,-5.233737041185045,-6.291040648966532,4.175950947554039,-4.576453955877817,-0.0106291,0.35933,0.283753,0.278794,0.524112,0.575212,-0.562771,-0.304595,0.171135,-0.239826,0.708286,0.0294626,0.400796,-0.580367,78.47030420834157,-9.050223287415175,-1.2531288907140266,3.842056590811426,34.705005100618344,-8.759229384994637,13.008340146790745,18.758128900791647,-0.29127,0.0361388,-0.213108,0.531259,-0.17117,0.453608,0.694769
14.585259914398193,27.687976491171973,7.14083244917786,-5.2705448021980335,-6.351980527894034,4.121239710869063,-4.710341272318662,-0.0106095,0.359327,0.28377,0.278855,0.524251,0.575188,-0.562636,-0.303836,0.168868,-0.239558,0.709291,0.0294741,0.399039,-0.580349,78.61662301475435,-8.927827901645879,-1.1606514375836248,5.20730743121047,35.334707123397365,-9.710748281037386,14.14416478472211,19.114024350610357,-0.290396,0.0340565,-0.211695,0.529755,-0.173884,0.45417,0.694876
14.624480724334717,27.723125050540514,7.722276227363464,-5.464141970793748,-6.540577956387842,4.055041090847104,-4.729482408171087,-0.0105998,0.359327,0.283768,0.278833,0.524295,0.575188,-0.562606,-0.303559,0.166643,-0.239059,0.710301,0.0262084,0.396147,-0.581251,79.14754976777793,-8.90883535431648,-1.1909935866720505,4.839643173093563,35.433131032604585,-9.503568877418925,13.975237270663976,18.80928130599153,-0.289824,0.0322163,-0.210497,0.527348,-0.177392,0.455272,0.6951
15.625901937484741,25.862632970090054,8.67882695188646,-4.0062422590903,-5.8697738849164764,2.4927290127901007,-4.892180395029999,-0.010466,0.359241,0.283706,0.280777,0.525731,0.574014,-0.561497,-0.292162,0.131657,-0.232813,0.725685,-0.0161189,0.36126,-0.58533,85.58004634595794,-8.095945795327303,-2.3173531620439336,4.261500062638458,32.46288259134545,-11.016279391685682,14.97332763244997,22.132289389074586,-0.27309,0.00161813,-0.189732,0.504757,-0.221712,0.484354,0.679313
15.66170334815979,24.721228925111102,8.336048943045794,-2.2369571610326533,-5.098739678345116,2.651873343411503,-4.446935567817501,-0.0105301,0.35932,0.283693,0.279969,0.526906,0.573891,-0.560925,-0.292337,0.139312,-0.235993,0.723137,-0.00664017,0.368006,-0.584466,84.35484035023369,-8.193079998081886,-2.1773255447989426,4.399747962992555,31.585888519208673,-11.084575148163818,14.907992279483421,22.925889611021795,-0.27403,0.00813206,-0.196423,0.509593,-0.210843,0.473962,0.686455
15.696498155593872,23.759244069290652,8.689688035874271,-1.2298347755126178,-4.702869043488079,2.420390113501104,-4.3837034356576146,-0.0105931,0.359337,0.283593,0.280592,0.527507,0.573146,-0.56081,-0.292254,0.145642,-0.238562,0.724033,0.00606906,0.373178,-0.580066,82.75018355705443,-7.684853506214345,-1.848943295691018,5.958280106589186,33.56209920746642,-11.161615267354822,15.954090621416338,21.502282210205617,-0.275035,0.0137081,-0.201661,0.513992,-0.212761,0.469019,0.685979
15.734137296676636,23.15540403314132,7.2331098748315235,-0.637070207667573,-4.39335575417333,2.569838642956423,-4.01606246662382,-0.0107351,0.359304,0.283564,0.280926,0.527048,0.573651,-0.560559,-0.292424,0.152156,-0.240949,0.720422,0.014595,0.378242,-0.581131,81.59532188571927,-8.073771362677983,-1.3944972071197304,5.454229370298375,32.74328138872352,-10.933709945061008,15.218377093309694,21.971855995414817,-0.27548,0.0191358,-0.207385,0.518263,-0.201229,0.461175,0.69154
15.773142337799072,22.78533786572526,6.970500329155154,1.3367824538401512,-3.6004615223602454,2.7911523431729517,-3.8574631750097663,-0.0108084,0.359357,0.283617,0.282745,0.52722,0.573457,-0.559679,-0.291715,0.1619,-0.244182,0.721588,0.0241381,0.388852,-0.572296,79.76819849906225,-7.625491868723861,-1.879704696092413,3.9360261336161564,31.817576078402418,-8.760124707213368,13.414531328217885,20.667398910514006,-0.275599,0.0272999,-0.215051,0.523237,-0.188757,0.450139,0.698548
15.808068752288818,21.292755096063484,6.665734454410149,2.6276756330361204,-2.9864314512256134,2.6679340617430634,-3.480539304069031,-0.010948,0.359413,0.283681,0.283672,0.526403,0.574384,-0.559029,-0.291797,0.172191,-0.247078,0.717928,0.03901,0.396934,-0.570527,77.76661605771982,-7.823623013885701,-1.2149699005085581,3.9226401228205585,32.00731812453514,-8.44842550783699,13.06021168837459,20.4108238541466,-0.277588,0.0369538,-0.222067,0.533766,-0.183803,0.440468,0.698067
15.846579790115356,20.878813167162242,8.351220682909359,4.848230448903977,-2.33512160115198,2.7295107405332244,-3.4352856029920216,-0.011175,0.359381,0.283546,0.285193,0.525313,0.573762,-0.559918,-0.29197,0.180516,-0.249386,0.714452,0.0511231,0.407412,-0.566533,75.58269219952656,-7.844762649546422,-1.0790132480734325,3.974087356963869,30.61468658243284,-8.621736532769223,13.009685843667189,20.9239788992944,-0.27802,0.044041,-0.228429,0.536188,-0.1723,0.429049,0.70621
15.883989095687866,20.21817959447911,7.2775168781547475,5.305172327649846,-2.044326838377671,2.781049456182174,-3.164082795902606,-0.0114421,0.359438,0.283367,0.2833,0.525877,0.574331,-0.559766,-0.291989,0.188208,-0.251214,0.712929,0.063095,0.411336,-0.564406,74.39658114511225,-7.492010325374523,-0.5124195892752006,5.145003622440216,30.98921103695109,-8.682166952612743,13.543965685921249,21.421184964215655,-0.278928,0.0512726,-0.234053,0.542335,-0.16271,0.420029,0.709206
15.919721126556396,19.92802810327804,8.219385828039172,6.358727569167425,-1.5922734546669897,2.9159507736575065,-3.2929255300671136,-0.0115598,0.359476,0.283391,0.28616,0.526475,0.574517,-0.557554,-0.291959,0.197839,-0.252848,0.715689,0.0696056,0.424008,-0.550601,72.63962281778477,-6.94975232359154,-1.7090096929288572,3.22267655841814,30.904890543362484,-6.029411205757082,11.523261332515842,19.168504388659,-0.28004,0.0601198,-0.239868,0.544,-0.156531,0.410253,0.715021
15.956823587417603,17.91454804295292,8.934985777340223,5.449045544639853,-1.8470696918998564,2.499001338778918,-2.692720220067704,-0.0116491,0.359547,0.283433,0.286621,0.52679,0.574161,-0.557386,-0.292439,0.204282,-0.253824,0.707056,0.0811712,0.428108,-0.556962,71.26612253114254,-7.90170341212234,-0.7033223106158881,4.5585534661618965,31.2522901851223,-7.671337592545658,12.33523454698573,20.371532247540316,-0.280645,0.0669686,-0.243883,0.546865,-0.152815,0.406824,0.715598
15.995389461517334,18.8775200457532,5.920055779434118,6.719856601935387,-1.069953950662716,2.6507646153991153,-2.978022506891161,-0.0116197,0.359536,0.283481,0.286623,0.526791,0.574334,-0.557207,-0.291559,0.208183,-0.254606,0.704682,0.0896689,0.42932,-0.557734,70.41874745814543,-7.9331822086280415,-0.04712659114360507,5.6874807470028,31.891581869225526,-8.19655695833448,13.037167163775012,20.635550038655897,-0.280877,0.0705258,-0.245956,0.552976,-0.151597,0.401137,0.714371
16.03347373008728,19.380070792278776,5.821481510057032,7.113546645129082,-1.0326677348746127,2.924019431420214,-3.0417499868232682,-0.0115988,0.35951,0.283571,0.286793,0.526369,0.573609,-0.558263,-0.291022,0.211108,-0.254883,0.707536,0.0880553,0.431789,-0.552446,70.22026028501627,-7.388184812947708,-0.6547154173467817,2.60255016245622,29.556663128979444,-5.607922701606878,10.59389454490769,18.061383900439175,-0.281095,0.0730207,-0.247432,0.556883,-0.146726,0.397456,0.71441
16.072664260864258,18.861951817216834,5.240342797694533,6.4328573817971115,-1.1079397594462368,2.8256438280352847,-2.8659066779420246,-0.0116671,0.359579,0.283598,0.285415,0.526567,0.573833,-0.558552,-0.291815,0.213236,-0.25495,0.705147,0.0928402,0.434348,-0.552712,69.6920284114436,-7.411981069901549,-0.41016797706953745,4.331329634631063,29.734616535373192,-6.9622586358308745,11.888470197140887,19.301419172642262,-0.281427,0.0753732,-0.248512,0.555211,-0.143093,0.39662,0.716908
16.10943603515625,20.273122815230366,6.387267629308012,7.61750012078633,-0.8226238809924542,3.1078030235325995,-3.343212353076402,-0.0116386,0.359561,0.283546,0.286056,0.52675,0.574273,-0.557599,-0.292496,0.214177,-0.254851,0.702625,0.0944021,0.437352,-0.55329,69.33049054609846,-7.845608091128383,-0.41771490617796503,5.310334064443788,30.271080230207993,-7.8526171153282895,12.5241623222266,20.193815040852588,-0.282315,0.076049,-0.24886,0.555954,-0.139995,0.395301,0.717673
16.144792079925537,20.0739869494515,7.451688315449934,7.268251329277061,-1.1583568584918604,3.146433155927098,-3.276327569971573,-0.0117175,0.35955,0.283453,0.285429,0.526796,0.573967,-0.558192,-0.292755,0.213935,-0.254603,0.705997,0.0928489,0.435985,-0.550332,69.58034503921482,-7.277887891389135,-0.6751239806879434,4.4753533500910105,30.529486682010955,-6.561356675574469,11.76865561922121,19.405388367942074,-0.283198,0.0758013,-0.248305,0.555241,-0.142199,0.396882,0.716918
16.181873083114624,20.918411265907142,7.136839940344666,6.385092432625421,-1.5524629045883074,3.4023604597804398,-3.375824366853302,-0.011783,0.359471,0.283355,0.286462,0.525193,0.574376,-0.558752,-0.293499,0.211392,-0.254006,0.707724,0.0869435,0.435329,-0.549597,70.00360785870586,-7.286362402189608,-0.9626422990410726,2.6344125650236716,29.910476150776347,-5.554499441391332,10.701462420199546,18.22530875107039,-0.28376,0.0728673,-0.24682,0.555065,-0.140733,0.39905,0.71614
16.22153663635254,21.703671595320188,6.6274705944298535,5.711692161641727,-1.7898449190007102,3.4869583719891635,-3.5853747928055535,-0.0116048,0.359473,0.283416,0.286428,0.526189,0.575216,-0.556966,-0.293957,0.206987,-0.253238,0.706549,0.0850639,0.430718,-0.55501,70.75443596673993,-7.821873242654871,-0.5522078074157681,5.134672264920285,32.92487356448845,-7.388785810165121,12.671690016255601,19.01112074947815,-0.283785,0.0687454,-0.243818,0.552955,-0.143526,0.402567,0.715249
16.259206771850586,22.218624645435376,6.55875427069698,4.1657801202494955,-2.5084391782594038,3.627266750496282,-3.563037747233673,-0.0115247,0.359467,0.283484,0.286031,0.525372,0.574518,-0.558659,-0.294067,0.201455,-0.252174,0.710889,0.0725289,0.426768,-0.554298,72.07825331277472,-7.488498860942115,-1.2948074410294985,2.2091330164764766,30.595513893453422,-5.587983330806534,10.571980774882972,18.49257274382872,-0.283027,0.0634337,-0.2404,0.547492,-0.146297,0.409857,0.714749
16.296950578689575,23.606832875949326,6.295529320977783,3.4832633370600905,-2.933111012585553,3.8019803307768676,-3.9632314628053584,-0.011503,0.359431,0.283477,0.285292,0.524898,0.574571,-0.559427,-0.294083,0.196366,-0.251343,0.711324,0.069572,0.420157,-0.559148,72.90595465208399,-7.534508111007545,-0.7695348640248048,3.2060403677592664,31.709533945461096,-6.520929064568353,11.619429325537165,19.09962130260459,-0.283106,0.0588057,-0.237188,0.54695,-0.153201,0.413179,0.711799
16.336004972457886,24.55840764081274,6.636024575827018,2.85964480953326,-3.3999063283416815,3.9843819662003273,-4.20423408463644,-0.0114714,0.359319,0.283401,0.285066,0.524635,0.574454,-0.559909,-0.29375,0.190043,-0.250262,0.715285,0.0593803,0.415152,-0.559007,74.19997686338493,-7.283261666930764,-1.2457918665950547,2.188867360144668,31.026753785452513,-5.771963776928285,10.93961106972378,18.91356330763908,-0.2823,0.0528216,-0.233342,0.543969,-0.159308,0.420201,0.708625
16.374605178833008,25.1091589863112,6.643694852841963,2.423649510153873,-3.5976007634784417,3.8019765197087714,-4.440995711825155,-0.0114536,0.359299,0.283375,0.284847,0.524491,0.574507,-0.560102,-0.293738,0.184769,-0.249548,0.710284,0.0564883,0.409453,-0.569784,74.9656642219491,-8.302562391762935,-0.45770214732438297,3.77207028684718,31.10698926491147,-8.307533136347391,12.44682893798438,20.68523769784716,-0.281425,0.0487138,-0.230377,0.539748,-0.166959,0.425616,0.706858
16.4133358001709,25.98547053420765,6.306193667833104,1.9881400027431955,-3.820607359375118,3.9948333175165422,-4.664311876254886,-0.0113391,0.359259,0.283406,0.284773,0.524438,0.573645,-0.561071,-0.292616,0.17883,-0.248702,0.712138,0.0521878,0.403186,-0.572344,75.77739499532991,-8.145292779824528,-0.2934868868574301,4.540853833838305,31.38410604542713,-9.13055461324726,13.351862936316333,21.66565816978003,-0.279544,0.0425065,-0.22689,0.541053,-0.168051,0.430774,0.702463
16.453035354614258,26.270075172305354,7.444751819502582,0.9991141323885239,-4.409611216093655,3.967547762983233,-4.807205692136018,-0.0113077,0.359241,0.2834,0.285079,0.524414,0.573624,-0.560959,-0.291169,0.173125,-0.247699,0.722491,0.0397053,0.3971,-0.564572,77.3258419383522,-6.950151846426845,-1.3428290447834532,1.605987084191387,31.322296759592398,-5.94593513059397,11.425841870988686,18.660916154374412,-0.277927,0.0377265,-0.223264,0.533753,-0.180051,0.436591,0.701483
16.49068593978882,27.463528433095302,7.3728099332654615,0.9165873417235508,-4.480015696909119,4.081466879862082,-5.140371632238126,-0.011292,0.35922,0.283359,0.285136,0.524271,0.573648,-0.56104,-0.2908,0.168112,-0.247001,0.71834,0.0389206,0.392534,-0.573053,77.78666556039681,-7.764539441350876,-0.6205470994097415,3.9902454245888066,31.74887161199142,-8.994462613286093,13.52892002175913,21.063628273401026,-0.276629,0.0326536,-0.220553,0.536764,-0.180589,0.440468,0.696606
16.52761459350586,27.931606076005327,7.792813522335181,0.5324348983407812,-4.760923697775198,4.137234722604192,-5.276041313150413,-0.0112524,0.359149,0.283298,0.286202,0.524066,0.573327,-0.561017,-0.289347,0.162403,-0.245792,0.725605,0.0259544,0.387909,-0.56776,79.17036097054662,-7.066486862186522,-1.649260944430883,1.0658661489756192,30.710089090128783,-6.2585295406893415,11.404380963893137,19.28001417853531,-0.27484,0.027762,-0.216987,0.529022,-0.188326,0.445688,0.69716
17.974836826324463,28.008074495260843,7.826356874262921,-4.494990956731349,-5.546353230976877,1.2320713412366817,-6.371445365217607,-0.0105188,0.359087,0.283688,0.283445,0.52625,0.573935,-0.559748,-0.271346,0.0807394,-0.216123,0.747675,-0.0758051,0.301312,-0.586896,95.29678249044366,-6.2078428049730086,-2.9398275000746157,3.926113361749925,29.653930026193365,-13.22208059477855,18.196491145462474,25.072114163653392,-0.246713,-0.0389202,-0.152056,0.472846,-0.287332,0.52839,0.643942
18.01116371154785,26.52119533213669,8.313605690462667,-3.8643387995564638,-5.1465621308023675,1.2423261331385946,-5.8581124580261985,-0.0105035,0.359142,0.283829,0.282268,0.527227,0.572979,-0.560404,-0.273886,0.087925,-0.219492,0.739822,-0.0662847,0.314007,-0.591328,93.594499591354,-7.146934179198751,-3.0158785191643753,5.309232811962852,26.600006973248497,-15.294293214741263,19.66355556081639,26.01810021955564,-0.249362,-0.0335574,-0.158383,0.475468,-0.276568,0.520652,0.652965
18.047969579696655,26.06786677152358,9.296159197213079,-2.584986893790281,-4.718889160097524,1.577550181511037,-5.6856541980914415,-0.0106209,0.359103,0.283751,0.282879,0.52679,0.574181,-0.559275,-0.275609,0.0937948,-0.222347,0.740285,-0.061567,0.31642,-0.589971,93.04529483489092,-7.193271332856973,-2.82821250080321,3.020123449553912,28.370312428171502,-12.87581594714862,16.916332830034666,24.243627258932033,-0.251792,-0.0292173,-0.163966,0.479671,-0.268272,0.51381,0.658745
18.086230278015137,25.63352503914622,8.90457338033129,-1.6002649668599196,-4.309529241356287,1.6674197858268167,-5.574102274594668,-0.0108384,0.35905,0.283445,0.285052,0.525998,0.573239,-0.559882,-0.277499,0.101262,-0.226404,0.738588,-0.0495267,0.326571,-0.587696,90.92226548706091,-7.302598573893686,-2.694172836472121,3.246096658224852,29.064337343937808,-12.373481672592941,16.377965870875244,23.935600206456826,-0.254675,-0.0237788,-0.171396,0.487014,-0.261053,0.506299,0.662065
18.126375675201416,25.27231200585338,7.792498555363558,-0.14937741581556127,-3.6002863899254107,1.7522001879448035,-5.459738696121668,-0.0108739,0.359077,0.283442,0.284521,0.526156,0.573443,-0.559795,-0.278873,0.109665,-0.230291,0.736849,-0.0359838,0.33461,-0.586341,89.17799208020483,-7.2948550159986265,-2.226063243194772,4.244301765217642,29.789995151624296,-12.661541149655601,16.79285268765579,24.47730433890147,-0.256923,-0.016813,-0.17898,0.49063,-0.252705,0.497907,0.668963
18.164496183395386,24.538153463708944,8.86994794335593,0.08636457158477467,-3.5691908650499045,1.7187692729127118,-5.2264650843523155,-0.0108116,0.359156,0.283589,0.284264,0.526853,0.573247,-0.55947,-0.280325,0.117201,-0.233059,0.733629,-0.0284406,0.341999,-0.586529,88.00940898023883,-7.608355797828637,-2.2122868156883646,3.569934511463849,29.15693742736407,-12.010371163019766,15.929615145377857,23.470384775521627,-0.259229,-0.0102669,-0.184874,0.493777,-0.24791,0.492264,0.672607
18.212020874023438,23.405700349087674,8.17506791504932,1.2930647565565399,-3.177971946201682,1.9259615828076209,-4.683130491894939,-0.0109313,0.359152,0.283559,0.284235,0.525974,0.573497,-0.560056,-0.28233,0.128148,-0.237218,0.730841,-0.0151456,0.353776,-0.58351,85.85755863769475,-7.650752330268153,-1.9852626338567598,2.8537696372654917,28.351331931176347,-11.067440700405715,15.168161364046588,22.265663136565134,-0.262887,-0.00133528,-0.193711,0.503589,-0.233944,0.478883,0.679955
18.250900983810425,24.008719028439348,9.723100341416545,1.5278030553051976,-3.2480937099811595,2.2630498825774064,-4.82960932191502,-0.011052,0.359088,0.283345,0.2855,0.525029,0.573484,-0.560313,-0.284328,0.134927,-0.239686,0.727399,-0.000933261,0.363921,-0.581766,83.65313663778787,-7.867738009545602,-1.554719257871114,5.323974269344925,29.94403703025401,-12.665217140751086,16.717455194316297,24.273715914386425,-0.26497,0.00341247,-0.199514,0.511237,-0.216703,0.474341,0.683137
18.290837049484253,24.85261727447973,8.410510543611343,2.919253242549345,-2.6825756938431393,2.499246411080458,-5.03785015757194,-0.0111318,0.359031,0.283211,0.285536,0.524081,0.574496,-0.560145,-0.286511,0.14263,-0.241696,0.724724,0.00588694,0.369062,-0.581837,82.6622911380167,-8.150600808617309,-1.2081396542769653,3.3501477489315334,30.305486671856144,-10.842170165842393,14.584637230926937,22.614342995724613,-0.268854,0.0101971,-0.204581,0.516003,-0.212528,0.466567,0.686213
18.32944083213806,24.36154629082054,7.153209491278424,3.2679744114806284,-2.35074371863154,2.6589304793129034,-4.762690428142269,-0.0110409,0.359065,0.283382,0.285148,0.524464,0.573638,-0.560863,-0.28894,0.150309,-0.242839,0.721046,0.0129627,0.377216,-0.581062,81.35815343113649,-8.33563210315443,-1.2807514566468898,2.6930504245277493,29.91721361928586,-9.953472309462025,13.550307305463665,21.67900387892809,-0.272252,0.017264,-0.208944,0.518488,-0.20147,0.461131,0.69133
18.367699146270752,24.273597645818246,6.478131172568157,3.848353498358512,-1.8668389073417264,2.6900822052695395,-4.7889764446578384,-0.0109283,0.359165,0.283595,0.283786,0.525723,0.573699,-0.560312,-0.291375,0.157725,-0.24378,0.717152,0.0225387,0.38539,-0.580224,80.05370599249426,-8.532581261940196,-1.2000606872023563,4.3990886561534595,31.044742172553327,-10.798829720779732,14.41267550639998,22.802173699010496,-0.275873,0.0237377,-0.212524,0.525044,-0.194904,0.457862,0.690437
18.40748929977417,24.52067072736826,5.565615607842246,3.9949879138901028,-1.713332069542816,2.9627968204093427,-4.747318014729171,-0.0110009,0.359175,0.283533,0.283166,0.525113,0.574238,-0.560646,-0.293687,0.163853,-0.24449,0.715352,0.0272289,0.391461,-0.578177,79.17482657844657,-8.548051615232433,-1.2199367873028348,3.3375215950572468,30.98596920832447,-9.634846674587155,13.237506356268836,21.739447444154564,-0.278981,0.0292184,-0.216023,0.528336,-0.18369,0.453515,0.693861
18.446085214614868,24.849892481805206,4.925929671990187,4.633929095198572,-1.3974638249996754,3.070380381388686,-4.858596660629339,-0.0110881,0.359106,0.283443,0.283467,0.524144,0.574675,-0.560953,-0.295055,0.167507,-0.245043,0.714587,0.0325006,0.397281,-0.574871,78.16507866822101,-8.433831935267948,-1.2325378110918261,3.7718792404022192,31.390279650721865,-9.746972878752178,13.542461471781266,22.00967104300718,-0.281094,0.0324861,-0.217967,0.529491,-0.179798,0.447396,0.697961
18.485973119735718,24.521196199870836,4.595145290266838,4.741019572536993,-1.2049875417024931,2.9776403638838786,-4.755129097739377,-0.0110738,0.359177,0.283505,0.282812,0.524481,0.574766,-0.560876,-0.297478,0.174946,-0.245721,0.709409,0.0412121,0.403795,-0.576185,76.943508523308,-8.870845128247755,-0.8940391492660777,4.142922423606253,32.13700229484682,-9.854533397968847,13.445729460677668,21.877242018002914,-0.28456,0.0395636,-0.221592,0.53284,-0.174667,0.443218,0.699379
18.52635931968689,23.995443815718446,3.5412717245458225,4.539355698558071,-1.0564111524405062,3.2571770164096057,-4.382115690622357,-0.011014,0.35924,0.283631,0.282165,0.525183,0.57433,-0.560991,-0.298615,0.181651,-0.246315,0.709683,0.046195,0.41059,-0.570642,75.98878933878251,-8.463645782400619,-1.325775821388168,3.3020911724526627,31.827687772683852,-8.300050283492684,12.400901770414862,20.700658587892132,-0.286265,0.0449242,-0.225183,0.538466,-0.158575,0.439304,0.70137
18.56642723083496,22.966712056110435,3.7960700479362903,3.859374205032816,-1.245621115448108,2.9838902121029296,-4.085041500984063,-0.0110586,0.35923,0.283627,0.282389,0.524836,0.57451,-0.561019,-0.30043,0.187555,-0.246974,0.704483,0.0540482,0.417225,-0.571582,74.72323557553403,-8.958469064129146,-1.0096994606597542,3.7554513458059215,32.12711913371043,-9.008983036574744,12.697710254571913,21.232203959849606,-0.288735,0.050956,-0.228131,0.539003,-0.156985,0.434383,0.704374
18.604090690612793,23.079101180981436,2.9233538868610496,4.350641168275761,-1.000102160018859,3.037006589957588,-4.089644999758358,-0.0111054,0.359219,0.28359,0.282188,0.524506,0.574663,-0.561272,-0.300951,0.191034,-0.247395,0.703127,0.0586941,0.420547,-0.570358,74.02546114165644,-8.923690695215313,-0.8685481477703156,3.903277014377826,32.0529504284811,-8.912874844500738,12.634596574593761,21.22585567655779,-0.290193,0.0543598,-0.229792,0.542185,-0.154617,0.42918,0.705644
18.645643711090088,22.731282299533632,1.7061235318942163,4.236853028112525,-0.8518010584734779,3.2728863163889934,-3.8194563011341467,-0.0111221,0.359229,0.283598,0.28209,0.524341,0.574699,-0.561438,-0.301222,0.196874,-0.247937,0.706704,0.0603309,0.426531,-0.561249,73.35639458522586,-8.138710544698924,-1.6341993291311054,1.3910523326774946,30.784843843635528,-5.94000942656103,10.322821533243715,18.586105409581258,-0.291374,0.0595082,-0.232931,0.545017,-0.145962,0.424436,0.708171
18.684927225112915,22.100466314412436,1.8743375036026877,4.619819765154261,-0.7147528321119149,3.0025938197583,-3.736644694289707,-0.0111137,0.359286,0.283751,0.28242,0.523601,0.5764,-0.560218,-0.302185,0.202642,-0.248532,0.698432,0.0719909,0.431864,-0.56613,71.96203370651932,-9.131603955670293,-0.5614875702988038,3.8362862984752635,32.020264956281025,-8.405325603506089,11.989226147867909,20.74022309170559,-0.293107,0.0652581,-0.235588,0.549027,-0.143213,0.418486,0.709175
18.72528576850891,21.051433902487222,1.1302753321955585,4.444961881449857,-0.7008687046798684,2.842457365186694,-3.401480383239273,-0.0111507,0.359313,0.283765,0.282436,0.523382,0.576536,-0.560274,-0.302601,0.20837,-0.248849,0.699741,0.0760407,0.436469,-0.560425,71.1963698576935,-8.665883568623968,-0.8413557102442488,2.241420388843503,31.662458527054206,-6.371013999714716,10.552986631125732,19.13217817118324,-0.294284,0.0709427,-0.238025,0.549357,-0.141502,0.418386,0.709322
18.76469850540161,21.472748118392527,1.6069118216238647,4.591744876971715,-0.7383146729915411,3.255737167700514,-3.2935471351777816,-0.0111754,0.35931,0.283738,0.282568,0.523201,0.57662,-0.560291,-0.302707,0.212656,-0.249287,0.699858,0.0813589,0.441157,-0.555842,70.29949371089134,-8.346575305073165,-0.9659145766186648,2.2560542517822437,31.575282741027493,-5.945456606899629,10.514213851506238,18.916366628574295,-0.294687,0.0753912,-0.241661,0.552912,-0.126733,0.409164,0.714711
18.80152940750122,21.187620429646145,1.1737293895142766,4.949331406950997,-0.5035541022502266,3.0323357829287416,-3.354478314972652,-0.011203,0.359285,0.283628,0.282609,0.523838,0.57494,-0.5614,-0.303086,0.216236,-0.249498,0.696491,0.0853682,0.443304,-0.557759,69.65073791203666,-8.559805404882939,-0.8077959876935641,1.737272585315944,30.924440819294965,-5.605577943115808,9.935565947692016,18.29618364371575,-0.295612,0.0783663,-0.242511,0.554668,-0.129131,0.412274,0.711125
18.842089891433716,21.216333823053624,0.7912858185066022,4.766782316645134,-0.5451060620257694,3.2256360293791166,-3.1954723266706897,-0.0112236,0.359303,0.283639,0.282635,0.523824,0.574985,-0.561353,-0.303606,0.221463,-0.249804,0.69344,0.0913588,0.44793,-0.556914,68.71922594078674,-8.717277379120922,-0.648389673696024,1.5807702875175913,30.686618858086675,-5.515709920786453,9.701240865251714,18.09631407379182,-0.296242,0.0832238,-0.245686,0.556453,-0.118078,0.401804,0.717615
18.879600048065186,20.94405082092257,0.21751686244671486,5.657996157542363,-0.20473629845604868,3.201878208015838,-3.159197279900101,-0.0112454,0.359389,0.283769,0.282593,0.523404,0.576697,-0.560009,-0.303917,0.22606,-0.249996,0.691949,0.0985997,0.453353,-0.553133,67.72950139271654,-8.677189846735752,-0.4889449406824167,3.001688519616442,31.547114271636836,-6.28999023348678,10.652678784292384,19.06954464222353,-0.297678,0.0875048,-0.247193,0.561878,-0.114948,0.396466,0.716865
18.916931867599487,20.91869424610126,0.14001493109372873,5.0179960800802315,-0.46664020756028757,3.3258917286019063,-3.05562891110695,-0.0112562,0.359412,0.283711,0.283213,0.524005,0.575688,-0.560171,-0.304372,0.230001,-0.249908,0.691769,0.101193,0.457226,-0.549691,67.08236442846629,-8.530212313048642,-0.8532233927238779,1.9420082231666456,31.392438761353496,-5.091956248152417,9.729692401144378,18.134106746196014,-0.298854,0.0916618,-0.248873,0.565262,-0.110812,0.392543,0.717014
18.955935955047607,21.406896203835736,-1.115047040551984,5.5989235043943495,-0.14697134331454242,3.400186302305545,-3.17300515573624,-0.0112945,0.359421,0.283671,0.282959,0.523782,0.575925,-0.560265,-0.304966,0.233905,-0.249928,0.684922,0.109556,0.459933,-0.554383,66.1048369327466,-9.160155130427288,0.023250434024510325,3.7523302684471886,32.015885424979125,-6.80782067155916,10.862603293377536,19.537803680791612,-0.299723,0.095294,-0.250695,0.56714,-0.103718,0.387399,0.719386
18.995810508728027,21.567674128456982,-1.6510210915751025,5.566829505693659,-0.025527182027819912,3.5362004632964554,-3.159941272868956,-0.0112799,0.359417,0.283698,0.283248,0.523702,0.575795,-0.560328,-0.304817,0.236677,-0.249797,0.688827,0.110136,0.461324,-0.54824,65.89271400120052,-8.491189418800632,-0.43653335549143013,1.820999842598349,31.972617554107373,-4.50335541305844,9.587155227374918,17.556982488318074,-0.299824,0.098543,-0.252008,0.562648,-0.103124,0.386013,0.723731
19.0344979763031,21.356325976878715,-1.4049732380678837,5.515233309272439,-0.10185334910770577,3.7008692836167074,-2.9615537079073806,-0.0113287,0.359443,0.283796,0.282456,0.522909,0.576997,-0.560231,-0.305032,0.241646,-0.249814,0.691222,0.113479,0.465133,-0.541282,65.33955830501534,-7.8314713058069225,-0.7156744356907412,0.30396282763734206,31.3558275352933,-2.8170089343277596,8.97583710799546,16.423252720561788,-0.301153,0.103199,-0.253748,0.568524,-0.0962129,0.381722,0.722365
19.074581384658813,21.320237666693366,-1.8080397814263172,5.70361465985294,0.0420255154469402,3.6789182199723616,-2.970387240625187,-0.0113725,0.359486,0.283725,0.282286,0.523548,0.576288,-0.56045,-0.30558,0.246504,-0.249644,0.68487,0.120524,0.471072,-0.542696,64.18452990803414,-8.354886605507712,-0.48365326889168725,1.742097236487723,30.674866279249436,-4.142205772784763,9.082900850579247,17.133847327188413,-0.302533,0.107716,-0.255372,0.575156,-0.0904053,0.377186,0.720245
19.113552570343018,21.566628031679052,-3.320860601814421,5.601851875952451,0.1906162834381159,3.753128684259751,-2.995924592765079,-0.0114042,0.359483,0.283686,0.282405,0.523274,0.576338,-0.560594,-0.305652,0.251154,-0.249511,0.679273,0.128281,0.473526,-0.545807,63.228271868788745,-8.789027822019174,0.25471627457201207,2.4132145863383627,30.940622077862912,-4.735801734722298,9.308341192913911,17.599178825419163,-0.302948,0.112565,-0.257549,0.576255,-0.0830503,0.370904,0.723507
19.15206003189087,21.074174991354077,-4.32052604468348,5.774179960080765,0.47621280113168973,3.6294314831674237,-2.8719905885165984,-0.0113827,0.359497,0.283735,0.282785,0.523342,0.576185,-0.560497,-0.305959,0.255307,-0.249385,0.675258,0.132972,0.476521,-0.547059,62.500048828350714,-9.151006312892129,0.5539219871066137,2.0651917783626814,30.911592541531604,-4.845754638807339,9.205519983432671,17.53312579090587,-0.303516,0.11696,-0.259191,0.577582,-0.078429,0.365477,0.725723
19.19249963760376,20.37438034696478,-4.260109379675291,4.986951862693048,0.2568168221119267,3.519139355559155,-2.743675537428652,-0.0113615,0.359586,0.283898,0.282339,0.5232,0.577231,-0.559777,-0.305812,0.261577,-0.249057,0.670836,0.144165,0.481679,-0.545143,61.115258573340924,-9.169404059999014,1.1255436461615456,4.163775364675901,31.85678808090939,-6.046129681909196,10.406310350294069,18.986786670356075,-0.304063,0.123537,-0.261483,0.581849,-0.0740417,0.362374,0.724331
19.230282306671143,19.926841689893422,-4.03600577934515,5.624809296493341,0.47808847705769575,3.5297603934766277,-2.514312649325282,-0.011416,0.359644,0.283846,0.282812,0.523943,0.576105,-0.560004,-0.305474,0.267865,-0.248845,0.668508,0.150314,0.485618,-0.542842,60.12566504411755,-9.123134439330443,1.105875543933487,2.988921697550973,31.391222558781102,-4.945094641221896,9.586603206788169,17.863314818361673,-0.304398,0.129899,-0.264267,0.583442,-0.0659985,0.352113,0.728873
19.269089460372925,20.02508702853771,-4.666985390267181,5.847944969519093,0.7346597007866621,3.65344700475259,-2.5810696458311413,-0.0115395,0.359679,0.283788,0.28212,0.523505,0.576401,-0.560458,-0.305092,0.274201,-0.248448,0.664949,0.162357,0.49002,-0.539781,58.62931480360885,-8.782766692771599,1.660777567704241,4.798054457727428,31.948639567170197,-5.722964337797624,10.670605033024207,18.961750125082556,-0.304751,0.136422,-0.26679,0.583883,-0.059275,0.341421,0.734165
19.308629751205444,19.541024180964904,-4.229330357758802,6.149723165662402,0.8230650329623518,3.6227087674176617,-2.5093823213428004,-0.0115991,0.359712,0.283785,0.282383,0.523311,0.576336,-0.560573,-0.305339,0.280299,-0.247728,0.662437,0.169609,0.494677,-0.536382,57.49263734760132,-8.643423770534888,1.7664874737804719,4.322607150981645,32.10666845186469,-5.243303811513137,10.619934230818716,18.336389745774913,-0.305175,0.142979,-0.268899,0.584293,-0.0514557,0.335089,0.73734
19.34627628326416,19.24608262729948,-4.359993938230331,5.480770212493491,0.6330624500477751,3.6667442099494383,-2.370147940234384,-0.0116603,0.359744,0.283822,0.282253,0.523038,0.577113,-0.560094,-0.305583,0.283479,-0.247189,0.662252,0.171562,0.497424,-0.53344,57.12483219394935,-8.533437546136625,1.6441038534229522,3.5766239515970533,31.746248398453112,-4.419394551652804,10.110697427989175,17.742698739413832,-0.30553,0.146377,-0.270134,0.582876,-0.0458566,0.329856,0.74118
19.385055780410767,19.02694061461174,-4.989008053467884,5.587974176333581,0.8228300671390527,3.6621365987000467,-2.33303212800665,-0.0116331,0.359748,0.283835,0.282405,0.523356,0.576378,-0.560477,-0.305724,0.288895,-0.246341,0.65996,0.17709,0.50416,-0.528123,55.94861173650395,-8.397074096388714,1.2730751127276556,3.486304390410629,30.723332491648776,-4.304487231900648,9.943093628727722,17.38962690135626,-0.30646,0.151984,-0.271471,0.586132,-0.0395772,0.322628,0.742155
19.424256801605225,18.691319017415417,-5.143602117544894,5.70254323925674,1.0254312297134995,3.58865724911795,-2.311830151595304,-0.0117573,0.359756,0.283858,0.281754,0.522294,0.577046,-0.561107,-0.306136,0.293907,-0.245336,0.657521,0.183106,0.508591,-0.524856,54.982990607114594,-8.17535918676471,1.4105865449214428,3.3546856537016474,29.952651477233033,-4.12098674994753,9.921275518922721,17.018239804956256,-0.307198,0.157604,-0.272735,0.586595,-0.0341873,0.31876,0.743727
19.464743852615356,18.401842419633272,-3.8642728798471944,5.382222127073839,0.6500835957063077,3.535422878758599,-2.208623017211053,-0.0118719,0.359844,0.283837,0.282293,0.523094,0.576986,-0.560153,-0.307288,0.298444,-0.244053,0.654438,0.187069,0.515212,-0.520839,54.039141114544904,-8.41113124851636,1.0620580247554694,3.8043613013608066,30.28112048248633,-4.267759171846507,9.95883800152593,17.22753431879455,-0.308564,0.16234,-0.273602,0.586619,-0.027772,0.315464,0.745379
19.504162788391113,18.944595407978365,-4.4377264067277755,4.902567230078084,0.5102250477713879,3.795013404595789,-2.275606901122917,-0.0119129,0.359861,0.283839,0.282647,0.522685,0.577291,-0.560041,-0.307997,0.301277,-0.243069,0.654767,0.188938,0.517814,-0.517157,53.59858676111821,-8.214741697839363,0.8615601035827762,2.80113430088773,30.539218031175018,-3.296297709036935,9.757549075227677,16.58680142918216,-0.309319,0.165721,-0.273986,0.584329,-0.0238991,0.312511,0.748549
19.543272256851196,19.118455856835144,-5.154516798546978,5.802537865774152,1.0446612537132915,3.791755008058809,-2.4167661778074243,-0.0119114,0.359865,0.283848,0.282607,0.522622,0.577319,-0.560091,-0.308503,0.304622,-0.242062,0.649534,0.19508,0.520332,-0.518945,52.768754951102,-8.535883049778807,1.39971191341819,3.9667178392029117,31.441305162412327,-4.197690241568839,10.393193687990827,17.662582104493374,-0.310376,0.169353,-0.274396,0.584462,-0.0199829,0.309129,0.749963
19.58254384994507,18.966871988779015,-1.9029083326552023,5.509347177595647,0.055929316128765075,3.779593466652429,-2.217412961788263,-0.0119743,0.35991,0.283866,0.282505,0.52219,0.577433,-0.560428,-0.309239,0.306733,-0.241301,0.646937,0.197554,0.524521,-0.517032,52.12228366494014,-8.633477234630174,1.3087959404126615,4.556976617696814,30.83194206667875,-4.908552875784519,10.608683285398552,17.968560189747848,-0.311619,0.171387,-0.274513,0.586149,-0.0159094,0.305407,0.750269
19.622246503829956,20.04172111176363,-4.76931714965497,4.719856456757437,0.17929683037975006,4.128867429433846,-2.4658021779202537,-0.0119929,0.359861,0.283792,0.282111,0.523073,0.577124,-0.560122,-0.309696,0.30741,-0.240869,0.644454,0.199562,0.524635,-0.519241,51.98196397184517,-8.890624164191154,1.549908993308132,5.6949887791046185,31.902580316702654,-5.358398952715621,10.912302858864475,18.721225372172757,-0.312486,0.172708,-0.274232,0.590484,-0.0163333,0.305909,0.746647
19.662649154663086,21.320195407508553,-5.156919335260627,5.873005709836014,0.4838490436710202,4.528710857500585,-2.5358743009580085,-0.0119578,0.359871,0.283698,0.281831,0.522693,0.577685,-0.560039,-0.309176,0.307728,-0.240894,0.646445,0.200472,0.523586,-0.517472,52.03312749050516,-8.524810826806654,1.5767860926027195,5.534548178250869,32.06742732220704,-4.638642003949929,10.747172635200263,17.856058166553943,-0.311871,0.172839,-0.274716,0.585263,-0.0114206,0.303244,0.751917
19.70133948326111,21.958931475677485,-4.95034488604769,4.946977068198505,-0.09796457290928484,4.68150064742395,-2.6440126209034673,-0.0120037,0.359873,0.283681,0.281686,0.523031,0.577447,-0.560042,-0.309611,0.308133,-0.240719,0.643072,0.202336,0.523978,-0.520544,51.81981459706914,-8.88974924074558,1.9240532137479653,6.588961997529722,32.69675422162767,-5.648034949063042,11.353627131798095,18.553108202451558,-0.312516,0.173295,-0.274531,0.588882,-0.0129034,0.303371,0.749011
19.742018222808838,23.04440457481939,-6.514511417670693,5.618465869566277,0.37424016944075794,4.995306441024675,-2.8029992503519994,-0.01197,0.359878,0.283728,0.281601,0.523161,0.577432,-0.559979,-0.309112,0.309317,-0.24058,0.644723,0.20364,0.523426,-0.518544,51.76702465245218,-8.567000832745519,1.8610647967503575,5.993388994458931,32.88819192681996,-4.784108943336378,11.142860626340768,17.44323822368679,-0.312551,0.175027,-0.274515,0.588945,-0.0132074,0.303939,0.748726
19.779228925704956,23.288416297681483,-7.2209350982328075,6.478073414642122,0.8883871366418954,4.936176437732215,-2.989447949225076,-0.0119041,0.35987,0.283716,0.281389,0.522777,0.577684,-0.560184,-0.309047,0.311229,-0.240255,0.639919,0.205872,0.524348,-0.522665,51.446121670675886,-9.058168270583733,2.4037364583852785,6.062243724009097,32.379917452882275,-5.352731203976827,10.98197226828106,18.479437931770264,-0.313576,0.176958,-0.274496,0.595754,-0.011512,0.303533,0.743513
19.8195321559906,23.95058061184871,-5.669441504660427,5.527562540629492,0.32974441214906036,5.178965772197327,-2.9827800588745275,-0.0119864,0.359874,0.283647,0.281543,0.522474,0.577744,-0.560327,-0.310324,0.314937,-0.238859,0.636338,0.210114,0.529568,-0.520081,50.51669158602474,-9.183201265708156,2.3576009289984645,6.4298053394084755,32.590466105098095,-5.8192917758272,11.388554376322967,18.80245859449141,-0.315339,0.181153,-0.274734,0.594132,-0.00625316,0.299999,0.746303
19.859922885894775,24.16285816554409,-6.3479185696853735,5.926398771129318,0.7129934319953402,5.315215811761591,-2.8291788130392996,-0.0119331,0.359838,0.283623,0.280908,0.522584,0.577673,-0.560616,-0.310904,0.318609,-0.237553,0.637808,0.21116,0.529101,-0.518329,50.50767667906954,-8.83683747899372,2.2674901107215346,3.8227611480988424,32.95282473923774,-3.2669328808697955,10.478982599806791,15.771967576431361,-0.316948,0.185392,-0.274793,0.594861,-0.00104581,0.296396,0.747188
19.89824366569519,24.115882837447643,-7.009221574217447,4.997819094327301,0.7165169536981268,5.2144590231041965,-2.886547246295619,-0.0119356,0.359861,0.283657,0.280837,0.522175,0.578191,-0.560498,-0.311862,0.322027,-0.236319,0.631038,0.214054,0.53336,-0.521055,49.815630715543215,-9.532999660203108,2.6638338635677665,4.078435209842804,32.47138637590979,-4.168298564198501,10.075106619175415,17.143575896315802,-0.318668,0.188961,-0.274638,0.598697,0.00312199,0.293456,0.745276
19.93908715248108,24.50078141589754,-7.808127984564715,4.40486617429715,0.9106241850787422,5.429964720482374,-2.9212300211821414,-0.0118962,0.359861,0.283756,0.280802,0.521069,0.578919,-0.560794,-0.312956,0.326054,-0.234523,0.630819,0.217707,0.535533,-0.517566,49.23757507722777,-9.192171099702193,2.707998295310108,2.556724416741008,33.23513284555088,-2.9641030737844254,9.90809216492705,15.298844439527402,-0.32114,0.193621,-0.273962,0.601215,0.00677973,0.290507,0.744379
19.97841715812683,24.94800598323328,-7.589314301653726,4.083952870121122,0.8759552218800214,5.608289718120123,-2.8515759624119315,-0.011842,0.359855,0.283823,0.279809,0.521079,0.578481,-0.561732,-0.314553,0.330435,-0.232515,0.626577,0.221184,0.539442,-0.517186,48.53470011114093,-9.337440704310243,2.7432939234309943,2.0547920469736365,33.16426015116026,-2.8086617046858855,9.6267345298208,15.28848848474582,-0.322915,0.198367,-0.273869,0.596181,0.0162559,0.286516,0.749808
20.01656413078308,24.599146150877537,-8.492636478251663,4.262549106301985,1.2416987086282623,5.529653849876919,-2.8676369730641342,-0.0119092,0.359845,0.283888,0.27994,0.519567,0.578987,-0.562546,-0.316136,0.334823,-0.230381,0.6233,0.224295,0.542943,-0.516141,47.794037757482734,-9.395917227691443,2.9317745624614338,0.2837619033995704,33.117265417928834,-2.1313826472663386,9.191051417400725,14.988111203794727,-0.325764,0.203728,-0.273043,0.599519,0.0192912,0.284878,0.747696
20.055598258972168,24.084941255535465,-8.313322478037172,4.200052254730663,1.3235887723891724,5.439340697771228,-2.6698753362569105,-0.0119139,0.359885,0.283896,0.279465,0.519675,0.578618,-0.563061,-0.316996,0.337633,-0.229152,0.620621,0.227748,0.545893,-0.514744,47.17259860142779,-9.39982264471502,2.9254068749896716,0.596355947988366,33.37743982878011,-2.4753940421780847,9.496846639798477,15.056157362725072,-0.326784,0.206607,-0.273182,0.600441,0.0282046,0.284885,0.74667
20.092114686965942,24.323863487466742,-8.521860725456277,4.875246544433201,1.6674130365003816,5.399141915664041,-2.827673518488339,-0.0119808,0.359912,0.283984,0.27869,0.518913,0.580259,-0.56246,-0.318122,0.341776,-0.227208,0.616302,0.23088,0.547582,-0.516739,46.80432515910407,-9.70272595275577,3.483029626859028,-0.15092146288363306,33.95980806926277,-1.8635407410683449,9.015316598611445,14.130651431613238,-0.328945,0.211579,-0.27261,0.602513,0.0295695,0.280012,0.746791
20.12935471534729,24.12615666176439,-8.223192894234682,5.0581804946255735,1.6642244538685669,5.383348938643959,-2.7657816255853325,-0.0120205,0.359944,0.283982,0.278541,0.518574,0.580516,-0.562581,-0.318872,0.345618,-0.225638,0.614722,0.235815,0.552275,-0.511371,45.88795807774969,-9.433444628389061,3.276645019261263,0.0855222946962595,34.1865027040328,-2.089712754867872,9.475785492951667,14.07806696738366,-0.330864,0.21565,-0.272245,0.607557,0.0339455,0.276974,0.743645
20.169376373291016,24.009944940761564,-8.959558195013603,4.606417201227338,1.7773264369804767,5.368353374230993,-2.7120355161300624,-0.0120221,0.360008,0.28397,0.27741,0.519321,0.580167,-0.56281,-0.319212,0.34868,-0.224306,0.61155,0.23805,0.556992,-0.509018,45.312192484710735,-9.570435945601469,2.9747422302813504,0.895992429526328,32.87205063915169,-2.3075636978700516,9.201739428178238,15.489211459655179,-0.331506,0.219316,-0.272233,0.607909,0.0389755,0.272385,0.744805
20.214414358139038,23.78374141713299,-9.534189608218371,5.142317605661241,2.0861598921483737,5.238883187874361,-2.767258457058968,-0.0119889,0.359995,0.284025,0.277714,0.518585,0.580605,-0.562888,-0.319119,0.3515,-0.223298,0.609367,0.242064,0.558893,-0.507656,44.679961091933166,-9.50690288039309,3.212022361059968,0.6121762460535134,33.062607469112976,-2.4201822836241362,9.3249604219092,15.396745895457272,-0.331717,0.222807,-0.27217,0.606777,0.0397587,0.271092,0.746156
20.254239797592163,23.79397321142899,-9.38617036026954,4.6433281578838965,2.0321036391239895,5.26570733782964,-2.7806561550147486,-0.0119852,0.359946,0.283994,0.278806,0.518271,0.580168,-0.563088,-0.318899,0.353706,-0.222566,0.608614,0.243701,0.560386,-0.506129,44.23987769141277,-9.5027717784019,3.1789024250372337,-0.8240014540767753,32.85811338396473,-1.8471648363083233,8.848757488124631,15.174487234466223,-0.332008,0.22528,-0.272021,0.608987,0.0423748,0.274321,0.743026
20.295081615447998,23.997505289744243,-9.486859773298008,5.338873670586045,2.217781373248579,5.235561060354645,-3.004492079346078,-0.0121012,0.360011,0.283989,0.278625,0.51835,0.580242,-0.563027,-0.319067,0.356479,-0.221534,0.606366,0.247059,0.562112,-0.505285,43.75338029453396,-9.5155278379982,3.3162396373089145,-0.8329993390632193,33.106953476204964,-1.8193469322581706,9.020364656500579,14.935751754218456,-0.332734,0.228668,-0.27165,0.610342,0.0401096,0.274256,0.742063
20.3361759185791,23.56862351482816,-9.1593542619441,5.406274364152768,2.2025419402418422,5.09435029851017,-2.9350050759346606,-0.0121503,0.360072,0.284008,0.277819,0.518418,0.58175,-0.561806,-0.319616,0.359129,-0.220129,0.60398,0.250855,0.564457,-0.503655,43.33390560696919,-9.54021454010163,3.516501569055282,0.3426053815609933,34.07315254406203,-1.9847898149008714,9.256190210222734,14.128680532844895,-0.333331,0.231965,-0.271424,0.608636,0.042802,0.27244,0.74398
20.377031087875366,24.415906875024522,-10.445323619308864,5.590828262255861,2.6145198326438726,5.283251872400187,-3.1348969269047395,-0.0121099,0.360041,0.283995,0.277893,0.518728,0.579803,-0.563494,-0.319951,0.362719,-0.21849,0.600893,0.254658,0.567484,-0.502035,42.48939400162797,-9.508353936041779,3.3776717277526043,-0.48358438990563446,33.63781997217596,-1.9337788256548194,9.286661064084484,14.553025116855904,-0.334581,0.236267,-0.27089,0.610632,0.0458267,0.268067,0.743753
20.417771577835083,24.170149562560155,-10.762540162773538,5.276097946224994,2.709926406500684,5.19319529673282,-3.054748161370047,-0.0120753,0.360034,0.283997,0.277428,0.518911,0.579515,-0.563851,-0.319969,0.36552,-0.217179,0.598314,0.257595,0.569905,-0.500872,41.9650972345061,-9.536998004555386,3.381104126135389,-0.467960079932757,33.224719855980865,-1.8251817443234053,9.09306263694255,14.867294715309084,-0.335031,0.239308,-0.270867,0.610213,0.0488357,0.262612,0.745849
20.45917010307312,24.039391169682634,-10.903599780372895,4.9273051519503746,2.817259308677096,5.219136573772439,-2.84892931436175,-0.0121158,0.360066,0.28411,0.277731,0.517578,0.581669,-0.562707,-0.320607,0.370142,-0.214918,0.594696,0.263221,0.57277,-0.498985,41.162636141050626,-9.541180839004461,3.88825688551222,-1.0079770545173528,34.48912215776305,-1.7570613054349309,9.395447292331335,13.74589472452266,-0.336455,0.244631,-0.270454,0.612233,0.0582647,0.257012,0.745467
20.4964280128479,24.190069686635564,-10.84269579182516,5.0469117816395475,2.929447243700919,5.206162632081458,-2.9636375659337713,-0.0122009,0.360067,0.284112,0.275395,0.517624,0.581107,-0.564391,-0.320986,0.372556,-0.21373,0.59162,0.264962,0.576345,-0.497602,40.72013844351709,-9.482368894328232,3.634502314419385,-0.24417601486216123,32.11133619713016,-2.0598956102557615,8.415682921351713,15.68954935435643,-0.336981,0.247259,-0.269983,0.610284,0.0603993,0.255566,0.74739
20.536540746688843,23.704182281753194,-10.539126364954583,5.66378541939379,3.0112855746303056,5.007999376757208,-2.8305639643933684,-0.0122637,0.360118,0.284107,0.276161,0.51769,0.581151,-0.563911,-0.322055,0.37608,-0.211436,0.588976,0.268231,0.580449,-0.494205,39.94190291042537,-9.593145908218858,3.514857910376123,-0.7305504850067934,33.0107017831711,-1.9048342199082775,8.95734614539817,15.269961428977945,-0.338603,0.251634,-0.269274,0.61064,0.0660344,0.252169,0.747777
20.576876163482666,23.953546107174148,-11.529153457881899,5.2668692423576395,3.233081643509102,5.041844067754788,-2.947139206032175,-0.0122894,0.360137,0.284134,0.275445,0.517049,0.58182,-0.56416,-0.322605,0.379415,-0.209451,0.585445,0.272203,0.583601,-0.492513,39.257333321886165,-9.5743217378078,3.6660687843645725,-0.48097129542835226,32.86817915544068,-2.0504404242671193,8.90419303221471,15.51235029633192,-0.339527,0.255843,-0.268548,0.610333,0.0662068,0.246112,0.750027
20.618910551071167,24.155719254004865,-11.692902584574341,5.285356715431223,3.40529500800031,5.0909498367529995,-2.9037994384377286,-0.0122887,0.360155,0.284135,0.275993,0.517293,0.581686,-0.563806,-0.322808,0.383522,-0.207293,0.580857,0.277119,0.586999,-0.491164,38.36078024522386,-9.788057002565031,3.870434617037324,-0.6196063631097473,33.625641294667574,-2.288266293746698,9.347901899788459,15.12466787642718,-0.340299,0.260663,-0.268143,0.609835,0.0751774,0.242249,0.750843
20.65977907180786,24.239860824482346,-11.631430241140453,5.048217229399867,3.3811342004906577,5.133932437652309,-2.9158407672682105,-0.012308,0.360189,0.284172,0.275927,0.517298,0.581708,-0.563811,-0.323068,0.386748,-0.205437,0.578083,0.280195,0.590148,-0.488912,37.72537093113908,-9.837934293915959,3.8360550562204656,-0.8922026291468215,33.463362690871065,-2.1716318068990788,9.125784639897041,15.28089344839304,-0.341238,0.264595,-0.26728,0.610547,0.0776784,0.240949,0.750428
20.698862552642822,23.8179139422781,-11.99601853203027,5.331083614746696,3.625281414555961,5.000265552609908,-2.7670859347333603,-0.0123358,0.360198,0.284182,0.27505,0.516865,0.581995,-0.56434,-0.323032,0.38928,-0.204102,0.576542,0.283253,0.591559,-0.487262,37.30915481664874,-9.630079393278416,3.8914696276701353,-1.0213864733612623,32.99716829081903,-1.8572961566745114,8.809307306257844,15.446977764712887,-0.34147,0.267831,-0.267173,0.610911,0.0831855,0.2376,0.75061
20.735815048217773,23.761341168126034,-12.041906545323386,5.199669891985102,3.656454341456164,5.0046269501125575,-2.7071475416642907,-0.0123926,0.360219,0.284125,0.27607,0.516808,0.581962,-0.563929,-0.323177,0.391599,-0.202841,0.574681,0.284843,0.593163,-0.486584,36.89816289259477,-9.803033143895426,3.9832832634374755,-2.1763634164260552,33.40902035959542,-1.4753938596237965,8.704165713379062,14.814505746678911,-0.342297,0.270588,-0.266725,0.613113,0.086724,0.235179,0.749174
20.77760624885559,23.64723405692835,-12.088552151057185,5.152587489603498,3.70747711263803,4.986011003911502,-2.6682010359779786,-0.0123051,0.360311,0.284221,0.278694,0.51784,0.58275,-0.560869,-0.323158,0.394211,-0.201372,0.572775,0.287995,0.595411,-0.484224,36.33102287877351,-10.183581960557973,4.166665761902937,-2.5821710124305017,36.25187114287864,-1.5794796365143355,9.984895581857923,12.256163789684432,-0.342595,0.273952,-0.266288,0.613161,0.0900383,0.233042,0.749412
20.815433502197266,23.481739553035275,-12.115237586143994,5.083788478556353,3.7492565087303342,4.90693900951355,-2.637665056112082,-0.0124441,0.360342,0.284212,0.27583,0.517562,0.582187,-0.563122,-0.323071,0.396398,-0.200174,0.570722,0.290741,0.597167,-0.482843,35.96791512088961,-9.827981191212,4.002846134629685,-1.6973900517163116,33.93327362055554,-1.4368352179966628,9.068757442015633,14.276480130156592,-0.342516,0.276665,-0.265899,0.611441,0.0918985,0.230974,0.751229
20.85554528236389,23.549910802416846,-12.972377321350399,5.091448740852059,3.9899422869213788,4.9186332199624605,-2.8244991708786635,-0.0124216,0.360534,0.284168,0.278333,0.51413,0.587054,-0.559972,-0.323105,0.398025,-0.199372,0.567126,0.293161,0.599097,-0.483227,35.46718703450145,-10.152564603747308,5.037199624038543,-2.151172947938379,35.33851993374588,-2.392389576342879,10.011159154937463,13.724357038505273,-0.343053,0.278745,-0.265322,0.614061,0.0917729,0.230004,0.749403
20.896669387817383,23.19056243727755,-13.491463640977182,5.36358486060607,4.193499292595519,4.837005037618183,-2.6605436933002937,-0.0124158,0.360478,0.284279,0.277936,0.519436,0.582518,-0.56001,-0.322963,0.400209,-0.198257,0.565845,0.296209,0.599951,-0.481808,35.13089659353525,-10.3948709539653,4.410847452874571,-1.1640650083173483,37.27399507064465,-2.198776184455596,10.39565442873277,11.752621227408467,-0.343242,0.281182,-0.26523,0.615209,0.097308,0.227547,0.748513
20.936944723129272,23.26201553312302,-14.04019853098311,5.193433729944279,4.384825896164994,4.922955830138032,-2.662506604927794,-0.0124659,0.360482,0.284309,0.277555,0.518922,0.582449,-0.560746,-0.322324,0.40178,-0.197634,0.563706,0.299051,0.600401,-0.481998,34.74133953836142,-10.295998418153337,4.649253819000405,-1.0133975099768513,36.677718907565406,-2.4002938229909248,10.416507134661721,12.467137698031179,-0.343093,0.28306,-0.265331,0.61606,0.102473,0.225239,0.747822
20.973854303359985,22.571579867793986,-13.471810900843668,5.691534007076372,4.27371946768694,4.625367488369365,-2.520525862690672,-0.012581,0.360613,0.284396,0.276926,0.518714,0.582814,-0.56087,-0.322534,0.403617,-0.196626,0.563555,0.299206,0.601975,-0.480112,34.628792243421174,-10.215475727635706,4.455042829432174,-1.8092467787896118,35.63854507102612,-1.7233493871435392,9.704032740789469,12.914778659206787,-0.34314,0.285341,-0.264873,0.615193,0.102488,0.223598,0.749024
21.016180276870728,22.96375880676693,-13.909802477389235,4.937256556494734,4.306787062296016,4.807204536515986,-2.599815790094624,-0.0126202,0.360841,0.284416,0.276921,0.514292,0.587437,-0.560123,-0.322704,0.405554,-0.195304,0.561741,0.301251,0.603417,-0.479147,34.29432895566191,-9.943046605226021,5.17704580035345,-2.5874623415869453,34.729410048081675,-1.6440424081770608,9.298555775263315,13.621467232607358,-0.343587,0.287903,-0.264166,0.615481,0.102846,0.221916,0.749239
21.054783821105957,22.667235771623062,-14.346012976601804,5.09959278362738,4.435515512076617,4.746076614796767,-2.540489274301622,-0.0124659,0.360681,0.284669,0.276608,0.517499,0.582708,-0.562259,-0.322757,0.407201,-0.194223,0.559966,0.302592,0.604156,-0.479449,33.926953605337424,-10.138597889006348,4.652473824450095,-3.0558248627718827,34.99318099959643,-1.668214937648628,9.15921204363169,13.38443902442605,-0.344629,0.289874,-0.263351,0.619401,0.107724,0.224134,0.744649
21.09201216697693,22.284707842213884,-14.51021241471853,4.790588468749883,4.412859557663668,4.641973918917892,-2.4873406108463922,-0.0124533,0.360656,0.284786,0.277375,0.51601,0.582396,-0.56357,-0.323223,0.409126,-0.192765,0.557933,0.305052,0.605841,-0.478133,33.27832248044942,-10.010331296866116,4.760380429886885,-4.257472675511188,34.889898282680164,-2.1036701914328795,9.402316358821361,13.820575812680918,-0.345146,0.292209,-0.262634,0.617616,0.108159,0.219303,0.747501
21.13047170639038,22.528629849655204,-14.71440005074999,4.864604873338949,4.502434596320073,4.753814340324055,-2.5038100232992297,-0.0125556,0.360786,0.284725,0.274809,0.517273,0.584483,-0.561505,-0.323616,0.411067,-0.191355,0.556151,0.306811,0.607621,-0.476822,33.3605536293219,-10.088214356857709,4.787141852901915,-2.175719420539677,35.22301718193469,-1.4600236152643902,9.19569101952889,13.01074387709674,-0.345702,0.294673,-0.262033,0.615756,0.112171,0.217303,0.749027
21.169166088104248,21.619454892314405,-14.773607432069305,5.3324593887145095,4.512162894004656,4.450826778642326,-2.362104137082161,-0.0126324,0.361002,0.284805,0.272227,0.518653,0.584925,-0.56103,-0.324176,0.413261,-0.189511,0.554689,0.308142,0.611012,-0.47332,33.200222493956346,-10.067186104348036,4.338491107251511,-0.465641570829314,34.31796453644768,-0.9355941866508566,8.8465515920533,13.520562548048236,-0.346666,0.297513,-0.261377,0.618216,0.115448,0.212666,0.747833
21.22522735595703,21.454244462424004,-15.154407321965383,4.398196807387182,4.573372886362619,4.381943787294041,-2.330993579690732,-0.0126346,0.360952,0.284824,0.273665,0.517113,0.584626,-0.562062,-0.324202,0.416648,-0.186909,0.550036,0.313065,0.615586,-0.469579,31.924053094730922,-10.05138729771273,4.417197221713927,-1.0601581723294498,33.866095462808104,-1.8614756324584967,8.673075813269998,14.620658457657997,-0.346408,0.30212,-0.260915,0.615245,0.12092,0.200247,0.75283
21.264625549316406,21.53066035030789,-14.725473203261267,4.228894243146041,4.554895257500056,4.454148724893573,-2.1801308918150006,-0.0125632,0.360934,0.284727,0.274621,0.517469,0.584463,-0.561437,-0.324137,0.419618,-0.184333,0.549527,0.316193,0.617841,-0.465096,31.325624335668195,-9.922789659174096,4.214117287962106,-2.166740805941351,34.64719730214756,-0.6793587815529278,8.361511588291664,12.77739845073491,-0.346542,0.306241,-0.260208,0.613195,0.128929,0.196144,0.754253
21.304546117782593,21.272861765385084,-14.349568851232132,4.604230017556228,4.575658294451916,4.348038211490761,-2.083411606145131,-0.0126423,0.360975,0.284717,0.274383,0.51745,0.584552,-0.561479,-0.324941,0.421938,-0.182095,0.54769,0.317698,0.621814,-0.460924,30.77075387059334,-9.941771827009989,3.862780076138619,-2.2926656342263247,34.10811360161679,-0.49891818964069756,7.934641236686346,13.078151658029471,-0.347173,0.309425,-0.259321,0.610578,0.133961,0.193216,0.756251
21.345780611038208,21.38659949712586,-15.078752061390668,4.603570523044301,4.9348876414042255,4.42177367014932,-2.326842052845882,-0.0127364,0.361024,0.284672,0.274282,0.516976,0.58517,-0.561321,-0.325541,0.424942,-0.179518,0.544275,0.321655,0.624357,-0.458782,30.076291157851493,-9.917855398575648,4.0287569044247755,-2.329439143334163,34.801375212172296,-0.49316325616811696,8.175007000985715,12.39049677280936,-0.349157,0.313146,-0.257216,0.616599,0.137033,0.199587,0.749128
21.38656711578369,20.651334370669055,-14.427368688934322,5.828418399049631,4.777050751160877,4.18858141760979,-2.057891314453191,-0.0128371,0.361102,0.284747,0.2727,0.51815,0.585001,-0.561185,-0.32695,0.427565,-0.17669,0.541175,0.324213,0.628064,-0.455578,29.579046963849255,-10.013652442067281,3.7283425916608515,-1.2441315555298151,35.29510677642544,-0.4031294175805016,8.442471843642581,11.936226315302187,-0.350507,0.31655,-0.256403,0.61289,0.144811,0.185565,0.754295
21.42792844772339,20.536103985412325,-14.735804173010536,6.335422161546731,4.792674441308379,4.140816817346685,-2.03514811190727,-0.0129063,0.361111,0.284711,0.27345,0.516863,0.585478,-0.561509,-0.328527,0.428759,-0.174555,0.541386,0.322193,0.629298,-0.455058,29.554590359604592,-10.087460941201131,3.63602878584103,-3.9464480251962417,35.3345978829218,1.007265174211291,7.451701405353134,10.474587708428098,-0.351702,0.318588,-0.255342,0.609736,0.148211,0.182546,0.756923
21.468099355697632,19.1378214861397,-14.043400826173375,5.4416623131247635,4.5513440310231035,3.8865027649861,-1.9078408641706384,-0.0129451,0.361119,0.284601,0.273987,0.516888,0.585542,-0.561158,-0.330427,0.429876,-0.172102,0.53826,0.327331,0.637255,-0.44389,28.132361094855035,-9.943263108107583,2.8783802681435127,-0.6111514766105743,36.2992121131656,-1.5592971416169021,9.789740209438397,11.995706496419059,-0.352419,0.320247,-0.254395,0.601695,0.153198,0.179052,0.763173
21.5088951587677,18.70768559976508,-12.673945681273148,4.360614340718543,4.02327280891413,3.771432787168949,-1.6930069066554774,-0.0128412,0.361089,0.284752,0.273557,0.516938,0.585313,-0.56156,-0.330865,0.430548,-0.170836,0.540605,0.32322,0.638734,-0.441921,28.460645322218348,-9.989511074181696,2.2567788043990333,-2.961906605697708,34.291703496473176,0.4492720281559279,7.125362895457989,11.881703460095938,-0.352216,0.32172,-0.253966,0.598446,0.154462,0.177342,0.765868
21.547816276550293,17.741990171662916,-11.99054353698225,3.9515828785879514,3.6520231229218565,3.527994956548863,-1.6810211712897265,-0.0128846,0.361117,0.284776,0.273654,0.516938,0.585399,-0.561423,-0.330816,0.430511,-0.170805,0.542309,0.323339,0.638831,-0.4396,28.460047499344768,-9.781896425247533,2.0280750481548964,-3.0924348450191954,34.18956431070916,0.8016886787927966,7.0300554263677,11.66677248396783,-0.351545,0.321872,-0.254276,0.594488,0.153578,0.175701,0.769498
21.587265014648438,16.82632812113665,-9.93250971021033,4.376405811442004,2.8275680280744693,3.354843587006812,-1.4988695095149214,-0.0130254,0.361168,0.28471,0.274033,0.51829,0.585283,-0.560112,-0.333262,0.428291,-0.170503,0.543707,0.32233,0.644537,-0.430183,28.0617737793438,-9.84485023952624,0.904163658453172,0.1587552202484117,35.124783538739386,-0.8369086440592319,9.109784562769503,12.43903514648164,-0.352093,0.31963,-0.254393,0.59026,0.149729,0.175357,0.773578
21.628002166748047,17.362483967970356,-10.885703605651122,3.5724032809841764,2.8532936594383647,3.5620533094948827,-1.4731148664577216,-0.0130948,0.361061,0.284526,0.273375,0.518493,0.584001,-0.561582,-0.334566,0.424934,-0.171459,0.546425,0.31761,0.645674,-0.428544,28.42249288988786,-9.843757152378283,0.12751802045620297,1.0792263923972698,33.72084161403687,-0.8363313946606219,8.422980478133175,13.823813440802542,-0.351616,0.315955,-0.255308,0.585103,0.148379,0.173795,0.778096
21.665814638137817,19.081051066228934,-11.579296022033386,4.256646028516546,3.0594915319506337,4.036250418988404,-1.6721564093509054,-0.0129825,0.361033,0.284376,0.275683,0.518531,0.58397,-0.560449,-0.333615,0.422836,-0.173424,0.548239,0.316371,0.643336,-0.430654,28.66615084546356,-9.971531444071298,0.41466724079238765,0.8310917377815266,34.96045358481982,-1.1545530535935171,8.864035297416523,12.93942454415466,-0.350611,0.313287,-0.256348,0.58473,0.146062,0.177706,0.777932
21.70479726791382,20.348939136910214,-12.99300308349978,4.952133178185836,3.517521386383919,4.395088875512622,-1.8836115587126645,-0.0129948,0.36098,0.284283,0.275805,0.518667,0.584018,-0.560213,-0.332613,0.421286,-0.175307,0.549219,0.316136,0.640272,-0.434129,29.030410607928907,-9.940567975102605,0.7845546979973714,1.4058714569929982,35.38321045032363,-1.3447453001051066,9.012790209924747,12.833899767504084,-0.349819,0.310955,-0.257374,0.586122,0.145291,0.179969,0.776507
21.74457812309265,20.470077059659033,-13.442084128155006,5.734272878336359,3.746567326671618,4.397724954850978,-1.93728108268858,-0.0130953,0.360905,0.284216,0.275607,0.517975,0.584113,-0.560852,-0.331815,0.420706,-0.176517,0.549854,0.315424,0.637613,-0.437741,29.35471786233116,-9.855841607942471,1.1307049441395447,0.7054160727216643,34.73864852109353,-1.0727000797253972,8.878164464562317,13.108660330367162,-0.349362,0.310024,-0.258047,0.588907,0.144441,0.181393,0.774223
21.784716606140137,20.242072557867818,-13.386295105857306,6.178407506058135,3.8934197694589474,4.325966052288091,-1.9099975047299915,-0.0131665,0.36088,0.284238,0.276173,0.517092,0.584347,-0.561144,-0.331701,0.421749,-0.175903,0.548968,0.316416,0.638269,-0.437183,29.08160451652878,-9.812072841771823,1.2380373915371987,-0.15049909371241388,34.38323551013666,-1.1251874904220287,9.225760975665269,13.380954884920516,-0.349617,0.311284,-0.257806,0.589736,0.145973,0.179763,0.773685
21.826361417770386,19.922717489528893,-12.734432281730815,5.634369649253759,3.697203317499868,4.272853513501617,-1.8341062791869944,-0.0131242,0.360972,0.28432,0.275404,0.517663,0.583822,-0.561542,-0.331885,0.424218,-0.174064,0.546768,0.318739,0.639955,-0.435783,28.686464256437716,-9.828431742793283,1.149752878191499,-0.301095336354505,34.30549668694391,-0.8760784550594174,8.913921965703617,13.229322100319731,-0.350131,0.314501,-0.256751,0.58952,0.148144,0.177422,0.773977
21.868499040603638,19.391172680209515,-12.838796721389087,5.7850278757448494,3.820867016955073,4.063586363236341,-1.8943219947201586,-0.0131651,0.361027,0.284377,0.276517,0.517208,0.585135,-0.560046,-0.332252,0.428171,-0.170749,0.542502,0.322963,0.644818,-0.430809,27.683445285419683,-9.99981493673987,1.2093346627846149,-0.7469474523853208,34.86647608748967,-1.1378234540747663,8.855923235228719,12.829761269104669,-0.35125,0.319825,-0.254885,0.591605,0.150244,0.171573,0.7733
21.907440185546875,19.015214769678135,-12.481000208578623,5.79453663863427,3.7504157388562693,3.94376561408013,-1.823214570769162,-0.0131605,0.361033,0.284392,0.276429,0.517226,0.585169,-0.560037,-0.332473,0.43044,-0.168817,0.540455,0.326414,0.646401,-0.428402,27.132563709518443,-9.900680167451853,1.2358714412146001,-0.7759416742828842,35.499544101810116,-1.1287040241423227,9.146647184838633,12.21931365877502,-0.35163,0.322901,-0.253986,0.59138,0.153701,0.167545,0.773676
21.948506832122803,18.58347923535044,-12.301126743033938,5.7859129885537,3.6880587778057037,3.830917678768553,-1.8160212340264363,-0.0131592,0.361098,0.284542,0.275776,0.516675,0.584809,-0.561243,-0.333431,0.434733,-0.164493,0.533673,0.33197,0.654138,-0.420823,25.597986567874717,-9.958550795348454,0.8132853843659286,0.3394556785747729,34.205433669642375,-2.621648880526294,9.239906298195988,14.70173683913741,-0.352907,0.328844,-0.251746,0.589816,0.160962,0.161576,0.774663
21.988070011138916,18.26917615663171,-12.498646341199516,5.233308018412382,3.7065951646223847,3.7813880249403935,-1.7469276575855366,-0.0131357,0.361101,0.28463,0.275806,0.517786,0.586088,-0.558864,-0.333837,0.438218,-0.160908,0.531876,0.335421,0.657762,-0.414668,25.00982809186797,-10.005446670923414,0.5894284967304078,0.19559124906536351,35.381729125973926,-1.540873852843962,9.365658098137962,12.646745704254654,-0.353667,0.333945,-0.249821,0.588278,0.166209,0.15629,0.775808
22.028823375701904,18.119263662190694,-12.662744287503427,6.199800070664801,3.8145357522535974,3.671770563429948,-1.7803745707168301,-0.0132526,0.361118,0.284577,0.277041,0.517019,0.58543,-0.559653,-0.33385,0.441729,-0.157603,0.525433,0.341569,0.66181,-0.41141,23.619053124664234,-10.108935097166588,0.8079019533433609,0.3321765805675161,35.74593012106899,-2.8877261639210126,10.171880741906632,13.399168449878125,-0.353903,0.338955,-0.248172,0.585327,0.171422,0.150305,0.778084
22.068265914916992,17.89028163495685,-13.398001891416389,5.8270871873972006,3.884324650096765,3.5727075554850307,-1.6351964831722994,-0.0132639,0.361163,0.284577,0.277237,0.516958,0.585357,-0.559689,-0.33336,0.444917,-0.154227,0.529351,0.34046,0.660683,-0.409111,23.877413068081918,-9.767688381041731,0.4512000108620019,-4.619612363488624,34.84290098422972,1.710254135242014,6.891234792784326,9.694324066903595,-0.354447,0.344132,-0.246381,0.592135,0.174847,0.145473,0.773073
22.108020544052124,18.496189201238263,-13.875758696571095,6.564011212675445,4.091560315928732,3.7038082874037355,-1.6116693286709993,-0.0133002,0.361122,0.284597,0.275546,0.517437,0.584234,-0.561251,-0.332624,0.448703,-0.15106,0.524888,0.345972,0.663919,-0.404978,22.915383831315545,-9.609169450593454,0.21116159459859996,-3.9412854282010255,33.30670552769831,1.6732741228889516,5.764430895424197,11.044851624987214,-0.354151,0.349315,-0.244961,0.589811,0.183336,0.138682,0.774131
22.146915197372437,18.673041924726242,-14.264761625937211,5.765672664364962,4.153287954917132,3.784013532822158,-1.5523021613966792,-0.0133097,0.361175,0.284624,0.27769,0.517093,0.585493,-0.559197,-0.332347,0.450852,-0.148999,0.523247,0.347941,0.665611,-0.40263,22.42993874614667,-9.766805272933743,0.46414124896635145,-5.3770195309000774,34.44653654912409,2.039666382308024,6.458042927335253,9.504176073239591,-0.35413,0.352541,-0.243866,0.588363,0.187098,0.134381,0.77509
22.187227964401245,19.495430771921622,-14.827074428416703,4.853955783832709,4.5027574757201885,4.035968792341457,-1.8603350851110365,-0.013317,0.361262,0.28474,0.275911,0.51739,0.586435,-0.558815,-0.331564,0.456358,-0.145144,0.505859,0.360117,0.674403,-0.399504,20.11675343106119,-10.40980294629875,1.2651092737495566,0.8179046456089845,34.318690071337066,-3.387383353990682,8.983655545677522,14.961242620682556,-0.354452,0.359234,-0.241337,0.59118,0.195225,0.129775,0.77172
22.24238896369934,20.03867318981621,-14.905826818049928,4.579241627392486,4.565089667031484,4.260587712208258,-1.790828194958688,-0.0132645,0.361295,0.2849,0.274636,0.517358,0.585867,-0.560068,-0.331373,0.460635,-0.141317,0.49963,0.364334,0.676137,-0.400585,19.401571900175963,-10.551965311735684,1.6180809663109446,-0.0696564636054946,34.095134726736475,-3.2060794776308548,8.622310517526238,14.845743632055907,-0.35572,0.364883,-0.238405,0.592567,0.200631,0.12601,0.769892
22.282559156417847,19.63211145432388,-14.6221917081429,4.219878131572343,4.490332020343139,4.219136092228137,-1.7245645937124554,-0.0133163,0.361333,0.284962,0.273994,0.516671,0.58619,-0.560678,-0.332222,0.462782,-0.138937,0.496417,0.365864,0.677226,-0.401347,19.07982331152859,-10.614916056732177,1.8498577295729455,-0.9669753320381269,34.42778350458499,-3.122293973539435,8.365966431068875,14.278666747390796,-0.357487,0.367771,-0.236194,0.593551,0.203041,0.126914,0.768352
22.320640802383423,19.913103528970247,-14.382395055527484,5.079495171889752,4.515760453456589,4.276742596599457,-1.6558261819325213,-0.0134637,0.361444,0.285023,0.273557,0.515117,0.587573,-0.560874,-0.333546,0.463077,-0.138112,0.495057,0.365746,0.678362,-0.401215,18.972442114707064,-10.566404650083898,1.9790996560642053,-0.9396895199175739,34.45958636805686,-3.6342548222919113,8.76782164990739,14.708202032471473,-0.359026,0.367845,-0.23539,0.593539,0.205035,0.126825,0.767846
22.359873056411743,20.16716158945058,-14.139345296176069,5.036644326383647,4.449454313939043,4.358332307557401,-1.630725711765715,-0.013474,0.361476,0.285017,0.272842,0.515165,0.58763,-0.561117,-0.333816,0.462539,-0.138716,0.494561,0.366904,0.676906,-0.403223,19.056605867280744,-10.468953501493342,2.2349647409690725,0.195012552118337,35.49247854915135,-4.110630617870584,9.90193555337145,14.446487610079522,-0.359475,0.367042,-0.235626,0.593941,0.203739,0.12913,0.767496
22.397295475006104,20.71402789670186,-13.427878345627262,4.958325332175284,4.0739882381632375,4.510327454838926,-1.4931152606279088,-0.0134099,0.361372,0.284932,0.273464,0.515834,0.587242,-0.560607,-0.334523,0.459006,-0.141977,0.499352,0.359557,0.674025,-0.408725,20.249761117978927,-10.828324071194213,2.179601449473421,-1.036687907710737,35.72358014394929,-3.3132775900004496,8.982832089779912,13.492511346701122,-0.359875,0.361794,-0.237451,0.593782,0.200786,0.132808,0.767769
22.43768620491028,21.5585424700226,-14.232037970508275,5.151442284859907,4.3197408012812835,4.752141696311248,-1.654303450864828,-0.01344,0.361379,0.284776,0.274055,0.516314,0.587684,-0.559413,-0.33495,0.454349,-0.146481,0.503783,0.353864,0.670171,-0.414553,21.408461537098876,-11.059806875584702,2.393709313524057,-0.21150916074386306,36.82580688315688,-3.528991915948964,9.761516715897017,12.913837477661911,-0.359357,0.355447,-0.240134,0.591004,0.193744,0.141173,0.770226
22.478744745254517,22.475734894730667,-13.944986045551424,5.9356035010066455,4.2465053266655595,4.971526752541765,-1.7256519420778644,-0.0134899,0.361233,0.284536,0.275422,0.515399,0.586979,-0.560324,-0.334721,0.449005,-0.151858,0.511139,0.349028,0.663278,-0.420689,22.57129859569525,-10.733702895896137,2.603209144615364,-0.9311066759432785,37.59273847576179,-3.4843839319213714,10.402320814974113,12.189717673528408,-0.359164,0.347629,-0.243014,0.596822,0.185785,0.150239,0.765974
22.519402742385864,22.739625459254253,-13.423070172116388,4.953953898380095,3.9399927548687734,5.165608618307574,-1.696707226001439,-0.0134443,0.361141,0.284513,0.27623,0.51504,0.587108,-0.560121,-0.335073,0.443041,-0.157191,0.516882,0.342527,0.658042,-0.427186,23.8532006954921,-10.790906826261503,2.8046783704293325,-0.4109956733824456,38.40601844660838,-4.136948260984919,11.308694766741636,12.370446794296829,-0.358692,0.339198,-0.245845,0.598352,0.178056,0.158529,0.764944
22.55979013442993,23.663389016349733,-12.958851884775754,5.538454241874987,3.8258748126221396,5.458300282767558,-1.7249191006556353,-0.0134587,0.361082,0.284426,0.275716,0.514781,0.586484,-0.561264,-0.335209,0.436995,-0.162656,0.526369,0.332807,0.652343,-0.431999,25.605812459821056,-10.585513678273943,2.349527182743472,-1.5360818348270109,36.61488448465886,-2.9748474867578487,9.873565507342049,12.691975381040955,-0.357974,0.33083,-0.248778,0.595524,0.169878,0.167997,0.766988
22.600926637649536,23.931831707603,-12.978509112557338,5.852034640553117,3.79437779571256,5.568783681415084,-1.7221597150354166,-0.0134636,0.361079,0.284273,0.27503,0.515194,0.586285,-0.56143,-0.335529,0.431873,-0.166948,0.533804,0.325009,0.645233,-0.439428,27.34985935916838,-10.513023497416924,2.400317327005521,-2.4620361278676666,36.97590655150083,-1.4135679628451818,9.255095261160092,10.975372322640817,-0.357635,0.323745,-0.250791,0.596692,0.16207,0.176011,0.765971
22.64027976989746,24.05266982975162,-13.046758317496067,6.365808319907482,3.794743530151389,5.565254538211656,-1.9738274665964797,-0.0134602,0.361035,0.284217,0.275147,0.514738,0.586452,-0.561616,-0.335315,0.425573,-0.172412,0.539111,0.318481,0.63849,-0.447504,28.77687561485725,-10.527475833815638,2.767755798776429,-1.8370598942415213,37.34473613025829,-2.016634898437779,9.94217657111273,11.492486440843223,-0.35713,0.315235,-0.253097,0.601294,0.149176,0.186617,0.762474
22.680830478668213,24.577261610484257,-13.080440039150321,6.134748790456716,3.748876708309123,5.788694339643975,-2.212961597710646,-0.0134327,0.36097,0.284157,0.274569,0.514938,0.58622,-0.561958,-0.334903,0.419219,-0.177555,0.544447,0.31176,0.63198,-0.454956,30.251189020489946,-10.54690051425311,2.9539455392265417,-0.8050913350563798,37.2227194212867,-2.323178307389469,10.383103058447992,11.919407882039467,-0.355944,0.306733,-0.255292,0.601738,0.139223,0.197852,0.761172
22.718984842300415,24.831794875041613,-12.685502470205508,6.3965561345357616,3.6024696507558183,5.863511821527875,-2.2386457893720153,-0.0134217,0.360956,0.284099,0.274841,0.515412,0.586611,-0.560982,-0.334317,0.413152,-0.182493,0.553067,0.303856,0.623837,-0.461103,32.06438720134243,-10.421444811892838,3.04253693559504,-1.6100008299992625,37.90282267444871,-1.11985363694113,10.298987049203872,10.279507446732833,-0.354171,0.299057,-0.257751,0.599561,0.128428,0.202523,0.763556
22.758883953094482,25.157715362177036,-12.948085301466138,6.3482330487811955,3.630927293244347,5.971154997112575,-2.4795821341710043,-0.0133948,0.360898,0.284064,0.274806,0.515814,0.58632,-0.560934,-0.333621,0.407277,-0.187002,0.558893,0.297289,0.618887,-0.465012,33.32215663493672,-10.386091153380866,2.9001796374546487,-0.894553466087459,37.30202069161649,-1.4022854717386721,9.8372501040945,11.09525766270333,-0.353035,0.291094,-0.259644,0.603835,0.118146,0.209434,0.759975
22.79821491241455,25.493666779326702,-12.903713273535077,5.945824729089171,3.5250011866101434,6.108794818555404,-2.607575920262546,-0.0133559,0.360847,0.28404,0.275212,0.515761,0.586156,-0.560955,-0.333033,0.40387,-0.189618,0.562156,0.294005,0.615217,-0.468028,34.01777354076355,-10.340581286915192,2.9872958030808094,-0.8093233000944271,37.36581009627747,-1.5827185834997515,9.916798250213535,11.163696100765181,-0.35186,0.286786,-0.260639,0.60359,0.111838,0.213771,0.759916
22.838013410568237,26.192480411870637,-13.135613563438234,5.918305818880176,3.5908386418985345,6.270123192072047,-3.090503403618666,-0.0133076,0.360811,0.284018,0.274805,0.515994,0.586274,-0.560817,-0.331798,0.397489,-0.194695,0.566439,0.287947,0.607739,-0.476326,35.47628150146342,-10.436173646376197,3.4171335250966823,0.25943341401360387,37.32349370880713,-2.315629797900563,9.87158882666451,11.874741889631164,-0.350125,0.278382,-0.262136,0.605541,0.0997097,0.2294,0.755482
22.87739610671997,26.496930150003372,-13.134134175205652,5.9919293807201655,3.537056556000563,6.332884126502031,-3.2073390022398547,-0.0133085,0.360787,0.283964,0.275301,0.515705,0.586131,-0.560989,-0.331084,0.393304,-0.197675,0.570263,0.284426,0.602781,-0.480163,36.292569009532286,-10.328210596034346,3.6110362459123824,0.3415491808315214,37.605878181865776,-2.545149629614418,10.189482010482294,11.85492209482472,-0.349096,0.272974,-0.263198,0.606442,0.0936386,0.234254,0.754046
22.91572380065918,27.382007335725373,-13.158841088842374,5.9113162413184845,3.499393176020309,6.63663025768352,-3.4107798874278914,-0.0132546,0.36075,0.283913,0.276071,0.515397,0.585843,-0.561194,-0.33066,0.38909,-0.200161,0.575566,0.279417,0.597561,-0.483291,37.267204321405906,-10.173667428345247,3.6201072250054382,-0.6850069534312908,37.884023631988136,-1.8167424639257561,10.180875448247031,10.899699570503241,-0.34813,0.26801,-0.263845,0.604853,0.0850607,0.238052,0.755148
22.957168102264404,27.159054764515346,-12.87627481842901,5.873830715840173,3.319559769219128,6.554589984112232,-3.403801480494849,-0.0132285,0.360674,0.28389,0.274804,0.514904,0.586098,-0.562002,-0.330474,0.384336,-0.202829,0.578925,0.274861,0.592223,-0.488435,38.33737543585306,-10.036541800416735,3.836117516273955,0.0319971293212884,37.52617816452844,-1.9372520272854032,9.978399085138252,11.349167846692326,-0.347838,0.262074,-0.264525,0.607903,0.0787384,0.241501,0.752284
22.996244430541992,27.700021180289376,-12.381018650120996,5.934319207531408,3.166691075799028,6.685457931854229,-3.546183305655711,-0.0131916,0.360691,0.28391,0.274208,0.515147,0.586293,-0.561867,-0.330885,0.379629,-0.20506,0.582221,0.269159,0.589565,-0.490903,39.27833539278633,-10.116961634071641,3.6487644137264734,1.035732671454658,37.3155200083227,-2.4188475267340372,9.955765899584208,11.822066963319548,-0.347358,0.256273,-0.26492,0.60662,0.0724305,0.246075,0.752472
23.035499334335327,27.449400038972232,-13.367321773116373,5.923296042275721,3.406810633603367,6.655778519548037,-3.670156746218662,-0.0131476,0.360615,0.283872,0.274826,0.514877,0.586071,-0.562044,-0.330878,0.375872,-0.206921,0.585636,0.265413,0.585002,-0.494327,40.04025329594631,-10.065095098616906,3.795822567869293,0.5266222190722023,38.18229635624111,-2.2794206470777034,10.347137804910016,10.979185971936744,-0.349304,0.251965,-0.263969,0.624157,0.0724953,0.263847,0.731818
23.077028274536133,28.654916430144304,-11.676285007083447,5.62145505672724,2.808694388501066,6.924199404140471,-3.8638633281784736,-0.0130858,0.360585,0.283781,0.273699,0.515191,0.584712,-0.563719,-0.331463,0.369776,-0.20959,0.591021,0.256473,0.579315,-0.499309,41.50086280669936,-10.00710125447482,3.4716779297957174,-0.06542096202417547,37.261036894821416,-1.7070960193670892,9.59480802167157,11.198280771752843,-0.346666,0.24418,-0.264616,0.60112,0.0585126,0.262718,0.752469
23.12012529373169,29.019568711662053,-12.53297456396295,5.147143443521101,2.9280277375188244,7.242729899668419,-3.503171653022099,-0.0130279,0.360478,0.28371,0.273694,0.514235,0.585177,-0.564112,-0.331907,0.363246,-0.212165,0.595468,0.24866,0.574004,-0.504089,42.77462183473923,-10.04584350289554,3.53168575847642,-0.17631546872976545,37.1802714792419,-1.8321590735559603,9.58939992923579,11.335021857142491,-0.34696,0.236233,-0.265586,0.606526,0.0665479,0.264822,0.746704
23.162480354309082,28.32479010505454,-14.36867576851906,6.978690802276406,3.5775937187292306,6.786176087338576,-3.805199764611944,-0.0129573,0.360447,0.28366,0.272805,0.514514,0.584686,-0.564796,-0.332008,0.358767,-0.214064,0.598747,0.243239,0.569601,-0.507831,43.78595548940358,-10.011173369571722,3.4632992096503195,0.06728692690424198,36.93499878712472,-1.7961332057276316,9.454394146932959,11.468214503008472,-0.349909,0.229788,-0.264471,0.630981,0.0501139,0.26389,0.727815
23.20476770401001,29.52919314249894,-12.317194886539204,5.234032358517255,2.759785939988496,7.195102737395488,-3.849329999826155,-0.012783,0.360398,0.283616,0.273021,0.515149,0.585228,-0.563551,-0.332459,0.35308,-0.216017,0.602948,0.236083,0.566055,-0.510197,44.95141294185014,-10.2026731780239,3.2412484052661545,0.7630415901240051,37.84418495230365,-2.0353965341915092,9.870068523537816,10.910983746366478,-0.345996,0.222761,-0.265037,0.603827,0.0519594,0.2785,0.745071
23.246463298797607,29.686833594627494,-12.519675197730727,5.175397940083655,2.764590701391011,7.206140692108713,-3.878742360007463,-0.0128155,0.36036,0.283596,0.272415,0.514396,0.58563,-0.564113,-0.332387,0.347465,-0.218054,0.606789,0.230083,0.560814,-0.514156,46.06327134627555,-10.104198306577564,3.339619238322256,1.0833059755295036,37.46579354571834,-2.1196890749286332,9.670057697569952,11.329797619919015,-0.345275,0.217758,-0.264909,0.602904,0.0457635,0.282391,0.744761
23.285370588302612,29.735944564399922,-11.873466012351836,3.7820182239725386,2.2685264582401583,7.367257702825169,-3.6543939018503035,-0.0127397,0.360306,0.283555,0.27324,0.514382,0.585668,-0.563688,-0.332446,0.341885,-0.219908,0.609975,0.224601,0.556215,-0.517793,46.99537078000194,-10.249716890023505,3.414970932202629,1.5049107021852377,38.541775788694984,-2.641959314490599,10.296220511844938,10.859809599456453,-0.343793,0.210986,-0.265302,0.597574,0.0495299,0.287425,0.746886
23.324017763137817,29.813552236509857,-12.193153848012521,3.673388944774992,2.246772727961425,7.29545461175541,-3.8682259610785312,-0.0126365,0.36025,0.283565,0.273915,0.513908,0.585879,-0.563573,-0.332479,0.336062,-0.221628,0.614884,0.217239,0.552403,-0.519208,48.041547027874316,-10.219994893295908,3.150683126138925,1.1833821570863385,38.447678775709264,-2.5522594403669245,10.20229829685811,10.840406444050581,-0.343008,0.204589,-0.264517,0.59625,0.0387594,0.294437,0.745849
23.364370346069336,29.07766577155246,-13.19359254300986,5.782712780081743,2.699324572471897,6.833006281875376,-4.170854685617832,-0.0125607,0.360224,0.283524,0.273678,0.514369,0.585491,-0.563671,-0.332041,0.330367,-0.223701,0.618259,0.212429,0.547289,-0.522594,49.018009096949,-10.1856100776051,3.16470623451203,2.3088459144469384,38.98002387120157,-3.309519761082992,10.893290527812411,11.032067615890455,-0.345754,0.197912,-0.262769,0.621262,0.0165332,0.289376,0.728026
23.40210270881653,29.925342345000054,-10.871609156549537,3.723225623270076,1.6516870047505867,7.077844599829617,-4.127009747615315,-0.0125509,0.360203,0.283485,0.273086,0.514599,0.584875,-0.564388,-0.332363,0.325681,-0.224945,0.618623,0.207405,0.545974,-0.525548,49.6212255672645,-10.435286565423908,2.9844791564651603,3.78324604250314,38.08523250018254,-4.719780623743624,11.334499359327413,13.209472464183564,-0.341154,0.192391,-0.263525,0.593319,0.0259866,0.305407,0.744327
23.44315457344055,29.787487313182837,-12.839314677588483,5.41700815030145,2.3516989306133973,6.842076672873143,-4.505622861931273,-0.0124374,0.360165,0.28347,0.273143,0.514981,0.585212,-0.563662,-0.331602,0.319698,-0.226809,0.625315,0.199446,0.539776,-0.527108,51.0672078091065,-10.241521567900769,2.7090855053287726,3.2345514448302266,38.22511263468346,-3.7647402225391318,10.874119309154699,12.107023280728043,-0.343052,0.186411,-0.261556,0.613529,0.00285871,0.30257,0.7294
23.481980800628662,30.325459002955238,-10.772504236808325,3.888082833226146,1.6284468662866811,7.064996403224891,-4.310177178603653,-0.0123341,0.36014,0.283467,0.27326,0.51581,0.585291,-0.562764,-0.331043,0.314206,-0.228357,0.629467,0.193455,0.53651,-0.527734,52.04558582283871,-10.237527242039732,2.358246150217222,4.3073380817701565,38.43378418173779,-4.2086846913114115,11.573542772201046,12.36496375299445,-0.338253,0.180149,-0.2623,0.590293,0.0116227,0.315469,0.742898
23.521074771881104,30.502367046559275,-11.013628983388086,3.2585405480595937,1.5254115240045738,7.080657469465316,-4.440677123784465,-0.0122647,0.360104,0.283484,0.273085,0.516643,0.584573,-0.56283,-0.330761,0.308804,-0.229668,0.633761,0.187396,0.531665,-0.529681,53.109615398678585,-10.12679227626964,2.0964379272692373,4.651605746214232,38.81146681917544,-4.21570489939705,12.052236403719252,12.05028885674278,-0.336993,0.174376,-0.26143,0.588731,0.00568608,0.323082,0.740932
23.562450408935547,30.553712513006243,-10.717394116418985,4.320055868714386,1.6570457580275522,6.570881681261984,-5.20843315008422,-0.0122021,0.36002,0.283434,0.272801,0.516754,0.584055,-0.563405,-0.330403,0.303899,-0.231066,0.633405,0.182969,0.528041,-0.53525,53.821526918171735,-10.476099597751238,2.3023102159253552,5.728499203666451,38.34308561533891,-5.678826923993672,12.110343442553589,13.989088010232557,-0.336162,0.170381,-0.258881,0.592605,-0.00939389,0.351239,0.724819
23.600899696350098,30.361087701886778,-10.698499253283842,4.264079050430969,1.6262608136401768,6.659116970328985,-4.800073874898747,-0.0122508,0.36001,0.283423,0.272481,0.516185,0.584289,-0.563839,-0.330226,0.299784,-0.231972,0.636751,0.179154,0.524978,-0.535584,54.47122477698607,-10.220037674359862,2.20068512052534,6.127391286559362,38.13164330996449,-5.944210370596078,12.28559765916248,14.492651410456261,-0.335588,0.164573,-0.259251,0.591755,-0.00920922,0.337531,0.731993
23.642171144485474,31.109104386986797,-10.612795528849508,4.4026580303824,1.7099518623004673,6.873038097877241,-4.898753464186384,-0.0121746,0.359963,0.283432,0.272323,0.516999,0.583936,-0.563534,-0.329794,0.294691,-0.23314,0.640389,0.173253,0.52009,-0.537951,55.53788741499775,-10.198947841995249,2.0323444340706285,6.380821815508327,38.52781017329756,-6.039683799022111,12.457195905943857,14.288390357772883,-0.334598,0.158841,-0.258521,0.590905,-0.0122116,0.340071,0.73146
23.683725595474243,30.931864067907348,-9.912714266374639,4.631550690396741,1.5492778648097671,6.688403877173978,-4.97812011190586,-0.0121553,0.359893,0.28337,0.272525,0.516021,0.584132,-0.56413,-0.3296,0.289791,-0.234096,0.642238,0.168326,0.516846,-0.540431,56.21587894352148,-10.238269642738791,2.080348286714717,6.5575040875601704,38.01838334146718,-6.733050685804233,12.54437039959189,15.359268170658737,-0.333675,0.153615,-0.25726,0.588578,-0.0176657,0.346872,0.73003
23.726778507232666,30.782991875634476,-9.372272990494338,4.160141126917804,1.242800422826734,6.489442229953581,-5.108945772926204,-0.0121231,0.359887,0.283351,0.271399,0.516811,0.582945,-0.565176,-0.329624,0.284815,-0.234753,0.647324,0.159776,0.513085,-0.540544,57.41874074457298,-9.932133489966121,1.3915984689480883,5.778884370059309,36.62810194329461,-5.863368321432386,11.531082279874857,15.497621843420967,-0.332958,0.148281,-0.255458,0.586169,-0.0280398,0.356927,0.72679
23.769688844680786,30.89651936163284,-9.069524571450252,4.604893712845796,1.2919854443393035,6.3967967074194725,-5.20763256860151,-0.0120368,0.359852,0.283375,0.272765,0.516695,0.583824,-0.563715,-0.329145,0.27995,-0.235596,0.650914,0.152979,0.50709,-0.543846,58.58947883025831,-10.148548711514689,1.4894096767119545,4.612092312094984,37.90056311743027,-5.266962646827643,11.553360186347186,13.769013208581974,-0.332101,0.143183,-0.253979,0.585447,-0.0358783,0.362601,0.724214
23.812552213668823,31.02108101631819,-9.234437960670588,4.726931689124432,1.2825535579520002,6.432821959949375,-5.204160673826204,-0.0119757,0.35982,0.28336,0.272535,0.517573,0.582844,-0.564036,-0.328575,0.273888,-0.23654,0.654424,0.146706,0.50259,-0.545536,59.590586791644185,-10.043636848533339,1.1761898830018036,5.442089694426762,37.86084644262498,-5.881061680626804,11.879527150976086,14.411662261954733,-0.330411,0.13645,-0.252783,0.583752,-0.0399989,0.36311,0.725111
23.85172748565674,31.139877474568546,-8.873515938617299,5.222141086370854,1.372199143288934,6.472646996595579,-5.160187399517032,-0.0119546,0.359812,0.28332,0.272722,0.517157,0.583347,-0.563806,-0.327975,0.269976,-0.23727,0.657631,0.141292,0.4987,-0.546678,60.44840278755673,-9.97471150505896,1.094235475951013,4.76495572329589,37.54658824893257,-5.528164637340925,11.516952014972118,14.247971845598602,-0.329406,0.132351,-0.252035,0.58472,-0.0427144,0.364973,0.723238
23.89337968826294,31.176236427601317,-7.862856665093083,4.743153002023635,0.931106883792965,6.420401208420518,-5.104701746151893,-0.0119489,0.359757,0.283273,0.271838,0.517417,0.582875,-0.564482,-0.327454,0.265406,-0.237812,0.659478,0.135063,0.494533,-0.549803,61.4275707675896,-10.005055672006412,0.9730735087328353,4.745099065456671,36.33421416416645,-5.548247337339905,10.842241995997849,15.263535853343928,-0.327389,0.127272,-0.25133,0.575353,-0.0461964,0.3652,0.730386
23.936715126037598,31.356437460600368,-7.393116863978299,4.852228444232388,0.896450051852342,6.332809500299428,-5.299194734740473,-0.0119001,0.359715,0.283268,0.2721,0.517526,0.582771,-0.564363,-0.327048,0.260966,-0.238334,0.660355,0.131089,0.491545,-0.552386,62.04163364418274,-10.179646804365564,0.9861817547322216,5.590205900817201,36.4753838949408,-6.570690180291219,11.474440423346552,16.09857160817458,-0.326127,0.122857,-0.250157,0.575917,-0.0504097,0.373643,0.725375
23.979230165481567,32.09777412761619,-7.138398070676341,5.373634104318697,1.0113140281066333,6.259571418110013,-5.70119954507832,-0.0118532,0.359686,0.283201,0.27382,0.517346,0.582698,-0.563772,-0.326166,0.255797,-0.239077,0.663129,0.125596,0.48586,-0.555361,62.9251001646968,-10.332700038649612,1.0776479826240088,4.926689524021111,37.450398564865694,-6.540811476425137,11.649595193844025,15.19739638977978,-0.324884,0.117882,-0.248241,0.57174,-0.0599396,0.382929,0.723108
24.02077007293701,31.90824296362561,-6.638558636177801,5.565928549511411,0.8837441525713883,6.15594887456686,-5.671049507916744,-0.011899,0.359616,0.283142,0.273555,0.517041,0.582542,-0.564341,-0.32594,0.251574,-0.239473,0.665436,0.120784,0.484957,-0.554457,63.4349966214903,-10.176304490211114,0.6891928580836602,5.45774723155859,36.32841977427604,-7.235064500115609,11.88920339769224,16.75118362883305,-0.324033,0.113391,-0.246891,0.572489,-0.0648902,0.38263,0.722247
24.063026666641235,32.51260406150555,-6.45011090542489,5.883402095513381,0.9447774897858052,6.105736263374506,-5.988309193154775,-0.0118171,0.359615,0.283156,0.274437,0.517434,0.582929,-0.563152,-0.325433,0.247591,-0.239647,0.667244,0.116706,0.479265,-0.558095,64.32336468647213,-10.400156311051603,0.9135034491946984,5.4326619576213595,38.05688542770545,-7.203862027556315,12.326668140058583,15.255506972897324,-0.323488,0.109555,-0.245128,0.571263,-0.073728,0.387183,0.719939
24.101788759231567,32.502967944175424,-5.74226975735166,5.735220047540412,0.7138149263394098,6.342449814579233,-5.753512050031285,-0.0118511,0.359599,0.283132,0.273203,0.517707,0.582446,-0.564,-0.32503,0.244752,-0.239736,0.675866,0.108243,0.480056,-0.548666,65.1258068690517,-9.298594879302554,-0.5442494565937877,3.7434344840803995,35.397152520138235,-5.0331209174625045,10.566552059265293,15.338394680520738,-0.322734,0.106387,-0.244072,0.56861,-0.0743282,0.387671,0.721713
24.144020795822144,32.764502586888845,-5.787298544284325,5.940807101992011,0.7721700609792322,6.282518382622937,-5.915399922258944,-0.0117906,0.359614,0.28313,0.27405,0.51785,0.583037,-0.562846,-0.325239,0.240771,-0.239555,0.675797,0.104021,0.475077,-0.553877,65.95972607928985,-9.79213797283335,-0.2157101267664674,3.9658393597674166,37.209066565990184,-5.5202185012230025,11.278994893842103,14.24155110803125,-0.322358,0.102448,-0.242335,0.567978,-0.0782654,0.393435,0.718668
24.186344385147095,33.26602286543509,-5.3324015895610914,6.4980719312729045,0.8008934794673606,5.846951452675055,-6.4985624465280605,-0.0118125,0.359514,0.283069,0.273145,0.517016,0.582326,-0.564786,-0.325281,0.237003,-0.23969,0.671048,0.103054,0.471072,-0.563175,66.26864875204254,-10.408165334816252,0.6130591022339753,5.336473092052019,36.3416213646238,-7.7998519929540855,12.052170039762427,17.168380474899237,-0.322341,0.0994077,-0.240087,0.56699,-0.0901814,0.402011,0.713285
24.2443425655365,33.70267979187288,-4.990705840660631,5.9779049940994655,0.6107212362322344,6.289335352701954,-6.233953647810115,-0.0117455,0.359467,0.283022,0.27316,0.517625,0.581909,-0.56465,-0.324963,0.231574,-0.239542,0.677915,0.0931768,0.46417,-0.562402,67.7998280426649,-9.946298598121752,0.05525001855326572,3.252594193893069,36.78948019172775,-5.784644148038556,11.011194798168422,14.773107402986334,-0.320943,0.0933617,-0.238385,0.564368,-0.0873946,0.402003,0.715713
24.284902334213257,33.65250928652379,-4.286032275660251,5.924486913854053,0.3949462040509448,5.96075447491192,-6.447302684966967,-0.0117334,0.35943,0.282993,0.273032,0.517608,0.581996,-0.564638,-0.324866,0.227646,-0.239478,0.676715,0.0901444,0.462503,-0.565704,68.22730063668786,-10.303958469343154,0.14211500427281476,4.716802127387682,36.594886878007145,-7.471006889848372,11.962621954738255,16.523205484193582,-0.320226,0.0896401,-0.23639,0.560725,-0.0951543,0.405764,0.715464
24.323465824127197,33.89968797162022,-4.528485603475871,5.878572794131233,0.43498505961760736,5.924770895047536,-6.580065228562749,-0.011635,0.35943,0.283023,0.274777,0.517845,0.582244,-0.563317,-0.324685,0.223364,-0.239344,0.678281,0.0841897,0.458525,-0.56798,69.05919837481369,-10.652369367540512,0.0250448494735247,4.096724050571572,37.937428013458735,-7.52465352499981,12.11509217357372,15.426780184149727,-0.318915,0.0853457,-0.234815,0.557964,-0.097917,0.411599,0.713915
24.362971782684326,34.004988418222474,-3.7767083406255533,6.031743853679921,0.37819638107526127,5.969985515848923,-6.615528731183266,-0.0116407,0.359385,0.283001,0.273633,0.517663,0.581817,-0.564482,-0.323802,0.219568,-0.239357,0.686121,0.0767279,0.456442,-0.561259,69.9410997485989,-9.57033026374827,-0.9056210240346181,2.6768688889309615,36.09582004596117,-5.717962962766119,10.97257818040097,15.192579777663118,-0.318036,0.0819028,-0.232817,0.555273,-0.105636,0.415592,0.712598
24.403849601745605,34.24596545365158,-3.3394288548081144,5.554369659194232,0.0975577757374647,6.052134125562275,-6.6204518521194995,-0.011643,0.359385,0.282982,0.273504,0.517508,0.58223,-0.56426,-0.323208,0.215981,-0.239297,0.689023,0.0726794,0.452572,-0.561376,70.66867520209887,-9.368942730321972,-0.958781744761902,2.66959761374123,36.43027440111819,-5.588211654585006,11.23574746766242,14.728404691555996,-0.31694,0.0783283,-0.231371,0.552873,-0.108022,0.417967,0.712717
24.44319725036621,34.91380909762402,-3.4045237203565986,6.257717013591719,0.3543241128751326,5.732811777846099,-7.1075668781420696,-0.0116213,0.359352,0.282969,0.273276,0.51782,0.581928,-0.564396,-0.322779,0.211291,-0.239176,0.684427,0.0713504,0.446853,-0.571657,71.26744331461367,-10.247208923774616,-0.11267778670834983,4.806142067679527,37.00215956586562,-8.303200283038205,12.705920978733165,16.832674039460677,-0.31581,0.0739827,-0.229199,0.553173,-0.116204,0.423049,0.708184
24.482051372528076,35.89062275728738,-3.418766802152057,6.0637942524947865,0.39711307078234737,6.1843640871107555,-7.145323243475074,-0.0115192,0.359331,0.282942,0.2728,0.518179,0.581349,-0.564893,-0.321698,0.20683,-0.239011,0.690037,0.0651313,0.440482,-0.570598,72.3739534917476,-9.631591930430528,-0.3749207859792796,3.758628818859137,37.15731383056291,-7.018967640522828,12.451662745907802,15.373981934827567,-0.314265,0.069357,-0.227453,0.550548,-0.113943,0.428325,0.707426
24.52402901649475,35.98923491168195,-3.4136433846822576,6.3214787450396255,0.44156363608034277,6.269361593931658,-7.171927664966291,-0.0114921,0.359329,0.282953,0.272325,0.518531,0.581514,-0.56463,-0.321456,0.206071,-0.238989,0.692991,0.0624668,0.441885,-0.566215,72.57943235459489,-9.222422653111849,-0.9692317059281346,3.6594647331290115,36.47463641508381,-6.578815797165017,12.266599509329605,15.500190100898513,-0.314642,0.0683273,-0.22657,0.554102,-0.116471,0.4283,0.704247
25.726902723312378,30.284559745359548,6.944268320057806,-5.25698028637067,-5.20928206634142,1.352362304445732,-6.855585238160566,-0.0104087,0.358704,0.28255,0.27363,0.521209,0.577088,-0.566072,-0.297484,0.0738622,-0.198172,0.735554,-0.115111,0.311044,-0.59073,98.36055531663291,-7.380684053543653,-5.512419686307639,0.441724810517905,33.73271141691021,-11.029900069036469,15.607936955153109,20.94494923136615,-0.269425,-0.0442972,-0.13169,0.454597,-0.265536,0.554121,0.644811
25.76633620262146,22.561005335725,9.696175184560612,-11.163551288644634,-7.14243600587046,0.33638861789558383,-4.848501806648794,-0.0106861,0.358795,0.282523,0.273392,0.520661,0.578408,-0.565343,-0.297488,0.0678668,-0.1941,0.735217,-0.124152,0.311811,-0.588912,99.17205762674382,-7.488293108175764,-6.289432521200849,2.2857176328839355,33.004905394013136,-13.416858700386936,17.812155936526032,23.53936345764979,-0.265633,-0.0488675,-0.126045,0.440233,-0.265401,0.564037,0.646235
25.809020519256592,18.8235670747786,8.361536466315462,-16.214883513266056,-8.53211591675112,-0.5613452052230086,-3.9641789228300897,-0.0107275,0.358923,0.282762,0.274703,0.519941,0.578552,-0.565224,-0.296502,0.0650038,-0.19185,0.740013,-0.132916,0.313988,-0.579764,99.53991561183118,-6.6235053902185514,-7.440769182165755,1.3545101885974224,32.57286270227892,-11.65500690405889,16.88691562668203,22.05158585376019,-0.263241,-0.0503545,-0.122526,0.42585,-0.278232,0.562587,0.651717
25.849351167678833,13.561288934294911,7.748106082697778,-12.505371896006613,-6.878631524052567,-0.6168796778360601,-2.235577874992104,-0.0106746,0.359077,0.283086,0.275048,0.521102,0.578579,-0.563958,-0.29395,0.0653068,-0.193024,0.742347,-0.128943,0.308328,-0.580713,99.72202076701761,-6.4242168258877,-6.825994195109719,1.7803999557804433,34.01337257891263,-11.588670409653584,17.292733645771342,21.02003474425437,-0.260232,-0.0495326,-0.123995,0.42566,-0.285463,0.561113,0.649982
25.891371250152588,13.422173016527376,7.729582845076374,-12.1215584248192,-6.213985605153445,-0.7999929895654921,-2.636160062455297,-0.0107503,0.35916,0.283321,0.274838,0.521161,0.578576,-0.564009,-0.292881,0.0686698,-0.195283,0.745494,-0.125826,0.315555,-0.573438,98.83082309791573,-5.717339333335807,-7.343967510576355,1.9567157419485772,32.276184584419276,-10.688993344924707,16.876636355299834,21.190096072181948,-0.258329,-0.0479029,-0.127811,0.421188,-0.283711,0.546202,0.666162
25.932178497314453,12.341793764475467,6.372370294712391,-9.787646869121376,-4.8383397565073984,-0.7322023147778056,-2.6667102324861003,-0.0109698,0.359279,0.283373,0.275296,0.521986,0.578329,-0.563275,-0.292965,0.0736342,-0.199344,0.748555,-0.121168,0.322502,-0.566548,97.83531301008462,-5.093268307244404,-7.855785296100723,0.8196008036992479,32.15560089713514,-9.38656672610404,16.10362441765182,20.180516173729565,-0.257811,-0.0441899,-0.135001,0.416862,-0.280683,0.540823,0.674503
25.974809169769287,11.097033098203468,7.575425197108532,-6.611469965664958,-3.492861300443777,-0.5058529378904009,-2.517547457529874,-0.0112723,0.359364,0.283289,0.275968,0.523001,0.57883,-0.561487,-0.290425,0.0811895,-0.207132,0.748907,-0.0997993,0.334504,-0.563281,95.16112059523893,-5.0756466449851665,-7.340275138994937,5.424593756276053,31.09887632336229,-13.410620644708889,20.14945794511654,24.279521772007627,-0.256319,-0.039038,-0.145884,0.430726,-0.273833,0.529362,0.677692
26.01593327522278,9.70132278839348,7.683227922073554,-4.15714927802295,-2.3659183930731054,-0.22059601128916725,-2.159387743719318,-0.0115952,0.359367,0.283144,0.279473,0.521969,0.57794,-0.56163,-0.288486,0.090204,-0.214317,0.748834,-0.090009,0.341093,-0.561071,93.42307421627638,-5.18400018244991,-7.194004481443426,1.2012624403319982,28.20287086532229,-9.986087581765734,15.569156678190668,22.293241066394707,-0.255376,-0.0329971,-0.157676,0.438326,-0.266962,0.516633,0.685341
26.05743384361267,11.080780742870093,8.916049166505568,-3.4746961377248127,-2.025978261795493,-0.17264420159720864,-2.822976493594211,-0.0119539,0.359369,0.283054,0.28109,0.522696,0.577586,-0.56051,-0.286936,0.0967175,-0.219698,0.744658,-0.0728799,0.342876,-0.567988,91.8507735783909,-6.041495531162048,-5.870718554314236,2.8445631563688405,28.374695634601217,-11.65524542014688,16.642709775068315,23.42221877536733,-0.255098,-0.0277318,-0.166228,0.447054,-0.26967,0.506371,0.686302
26.099433422088623,9.25726302895635,10.626883201402718,-3.7508252294211815,-2.2386431041818815,-0.10808674868629412,-2.361360209178938,-0.012174,0.359376,0.282963,0.284362,0.522853,0.576791,-0.559532,-0.286621,0.104327,-0.224746,0.745081,-0.0624025,0.353436,-0.562178,89.83259350021132,-5.9594376950571215,-6.220837754220269,2.2018366282706765,28.18577633051273,-10.668274649479475,15.736750015058018,22.43260587999854,-0.254196,-0.0227466,-0.175894,0.453162,-0.251292,0.502103,0.692379
26.14056944847107,7.736820190791376,11.269039565072905,-2.3406706560053117,-1.8137782077514697,-0.07187209480472523,-1.9560428903662463,-0.0122219,0.35937,0.283041,0.284587,0.522296,0.57789,-0.558802,-0.287099,0.10827,-0.226138,0.748866,-0.0615588,0.357734,-0.554469,89.38373781950894,-5.313771390872372,-6.710445728485131,0.5194432687828705,28.633204565508976,-8.134241871151044,13.888018555869719,20.846404950128214,-0.255386,-0.0200322,-0.178971,0.455264,-0.247129,0.499282,0.694535
26.179458379745483,8.4031997121781,10.96217331421257,-0.41758529380793036,-1.0880337424831954,0.0633375222696244,-2.295596485453206,-0.0122445,0.359387,0.283071,0.284235,0.522197,0.577791,-0.559176,-0.289366,0.10948,-0.225976,0.743162,-0.0541742,0.359913,-0.561461,88.67197045920918,-6.198353860285447,-5.956407919737121,3.4377015023425557,29.84663504686737,-11.009232995657523,16.146902331907942,23.362365263682815,-0.256776,-0.0189652,-0.179672,0.455675,-0.241574,0.499252,0.696239
26.228761911392212,10.785227754652515,9.406282007388246,-1.1228100784376327,-1.1888053881970821,0.23591833182756033,-3.2153206240030463,-0.012273,0.359399,0.283062,0.283852,0.521949,0.577956,-0.559432,-0.290376,0.109798,-0.225343,0.747083,-0.0609359,0.362204,-0.554042,88.99707231451774,-5.454852854844785,-6.923677263235793,0.956011249545595,29.40767935193073,-8.37304448815507,14.119700761225578,21.31971204256148,-0.259707,-0.0180896,-0.177961,0.454118,-0.24935,0.49547,0.697217
26.267964839935303,11.085577502965458,9.127629731290613,-1.6982033476417788,-1.2904406404270246,0.0800449532101885,-3.316650776855124,-0.0122453,0.35941,0.283139,0.282991,0.522196,0.578516,-0.559059,-0.291943,0.10907,-0.224372,0.739654,-0.0544911,0.359772,-0.566133,88.90595615617197,-6.790111104315048,-5.7051195177301395,4.5715921616318305,30.994939188062673,-12.21084332443495,17.04593980115487,23.826125901202413,-0.260613,-0.0188925,-0.176535,0.458089,-0.247529,0.505568,0.687957
26.31038737297058,9.946893018349497,8.749107262133906,-1.8193660861305136,-1.547555124510214,0.14416661359604874,-2.845521743692548,-0.0121631,0.359473,0.283272,0.281973,0.522578,0.578473,-0.559261,-0.29235,0.107388,-0.222372,0.747517,-0.066161,0.358875,-0.555022,89.92182314925138,-5.366215016960796,-7.042804635708402,1.509092227704702,31.273513410844757,-8.187785900509272,14.45686310342526,19.7897752493743,-0.26065,-0.0207214,-0.174251,0.453928,-0.244112,0.506391,0.691322
26.354305267333984,10.06034060694983,9.860810222884094,-2.4093208065595846,-2.027445012433418,0.18359944922655577,-2.831441528895042,-0.0121612,0.359494,0.283334,0.282308,0.522393,0.578503,-0.559233,-0.29237,0.105528,-0.221389,0.742638,-0.067544,0.35573,-0.563367,90.36174563095386,-6.354265111182389,-6.571343513256993,1.6260952321154676,30.430986547043943,-9.504637212651776,14.52098479052236,21.740836742233427,-0.259382,-0.0224455,-0.172748,0.451271,-0.240124,0.503513,0.696541
26.39729952812195,9.123464759099283,10.243544663253758,-3.414451568729436,-2.397232322700243,-0.04390574588148408,-2.3282899732585967,-0.0122377,0.359457,0.283232,0.282583,0.522328,0.578764,-0.558885,-0.289783,0.102029,-0.221183,0.743241,-0.068114,0.351918,-0.564895,90.72769080247758,-6.384862193047035,-6.281193019049383,2.950807974909811,29.80229848548121,-11.103894321309884,15.98504640600554,23.38705376233503,-0.256841,-0.0246163,-0.171067,0.447402,-0.253472,0.50756,0.691351
26.440953969955444,10.834036466487085,11.12540103961831,-4.6399202644536865,-3.0024793293161527,-0.09302619369245158,-2.376651042515492,-0.0121838,0.359374,0.283128,0.284207,0.522404,0.577919,-0.558866,-0.284077,0.0956413,-0.220795,0.746901,-0.0712792,0.342369,-0.565546,91.57003796320377,-5.997448444042526,-5.914045492061798,3.31407324855358,28.874194193721927,-11.754099634165609,16.864788104650547,23.747343616925,-0.252058,-0.0288377,-0.167044,0.447757,-0.269415,0.505485,0.686596
26.484025955200195,13.61790094525068,10.753896744034174,-4.068057777292836,-2.599378749668103,-0.05504175006005467,-3.067627469234504,-0.0120442,0.35933,0.283119,0.283432,0.523073,0.577525,-0.559041,-0.279736,0.0892509,-0.21894,0.751889,-0.0772143,0.330416,-0.565266,93.04642582964891,-5.238841913885597,-5.572774181417711,3.265256160118094,28.934639139433706,-11.598876917594811,17.349331949896133,23.85714685776038,-0.247957,-0.0336563,-0.162164,0.444863,-0.281102,0.510941,0.679719
26.527435064315796,15.601017515728847,9.38331944078399,-4.121641006900422,-2.5264974305391097,0.08278008307675123,-3.403934238026112,-0.011854,0.359283,0.283155,0.283236,0.524459,0.576819,-0.55857,-0.275881,0.082815,-0.216469,0.754195,-0.0893779,0.319767,-0.566526,94.97182114906784,-4.9681713516774835,-5.8762671344778425,1.0943226054678128,27.334794804947574,-10.614232709313047,16.239365945827906,22.567896374751246,-0.245488,-0.0388619,-0.155842,0.447327,-0.294817,0.512093,0.671374
26.56903386116028,17.776184737251985,8.327895823814064,-3.246837994678756,-2.1509214410350213,0.2679628287609622,-3.9433107175172624,-0.0117036,0.359278,0.283262,0.283137,0.525278,0.576668,-0.558006,-0.273936,0.0768273,-0.213121,0.752362,-0.091421,0.308357,-0.5749,96.18560000251104,-5.513929501940702,-4.992228863243041,3.252954275292911,28.93140105649745,-12.634836767709668,18.141899799028643,24.554858144665232,-0.241668,-0.0434035,-0.150224,0.444318,-0.290649,0.525812,0.66455
26.612684965133667,20.95606671617581,7.784028076248811,-4.201688895653635,-2.676707394525335,0.24859262015766295,-4.819325827279843,-0.0116061,0.359264,0.28338,0.283241,0.525912,0.57608,-0.557963,-0.271999,0.0708264,-0.209542,0.751643,-0.103483,0.303096,-0.576591,97.62724430318633,-5.654134763397692,-5.602243116395433,2.112116001856597,26.62738220683275,-12.71716262583352,17.768033656897437,23.963465435954536,-0.240899,-0.0467631,-0.14426,0.442772,-0.301177,0.526488,0.660345
26.6551194190979,26.04428949988013,8.337273223517961,-2.4482937188672,-2.134912533936379,0.15570194212870092,-6.60653992315358,-0.0115235,0.359231,0.283456,0.283459,0.524984,0.576722,-0.558063,-0.270328,0.0681299,-0.207643,0.757333,-0.109448,0.29695,-0.571217,98.50559267725897,-4.762673205461816,-5.681474225087491,0.6113581036754265,27.896872562503404,-10.138606854353643,16.013420498758197,22.388904316525,-0.239123,-0.0481667,-0.139927,0.437723,-0.309654,0.538234,0.650244
26.698737382888794,28.070673831803038,9.051880785466407,-5.014300158071081,-3.2533207925306993,0.22186695572076098,-7.172182689372179,-0.0114607,0.359214,0.283525,0.283129,0.524098,0.576868,-0.558912,-0.269175,0.0650119,-0.206023,0.754512,-0.110491,0.294733,-0.575879,98.77808133066873,-5.2776996434842,-5.3142981235000395,1.7814850912468483,25.98116258926379,-12.235596303416255,17.48943685641802,23.42428409682107,-0.236893,-0.0511939,-0.137005,0.438232,-0.301279,0.542749,0.650083
26.740085124969482,7.4708957614369,-13.148946263848172,-27.461842047134734,-10.470211687965868,-9.940154425280587,4.044464458194792,-0.011429,0.359169,0.283488,0.283797,0.524377,0.576591,-0.558597,-0.26711,0.0617285,-0.20442,0.756317,-0.115395,0.287434,-0.576237,99.71686593540034,-5.080667739504426,-5.219059973576235,0.7549025876376607,26.44163610002266,-11.24185116795768,16.6340308660019,22.73584310542837,-0.271141,-0.103925,-0.17201,0.724179,0.651926,0.00303138,0.224828
26.78274393081665,7.240656809663727,-13.7541201485233,-29.136731337560075,-11.120921437775337,-10.575715161993365,4.403599305888971,-0.0113811,0.359185,0.283476,0.283228,0.525807,0.575536,-0.558629,-0.265395,0.0592124,-0.203488,0.755512,-0.115084,0.281489,-0.580276,100.23744655130966,-5.1841626013813045,-4.762380763986919,1.799211143015273,26.476501338501457,-12.7296233409558,18.031279659955757,23.9828581895444,-0.269238,-0.105687,-0.169534,0.725945,0.650023,0.00155448,0.224658
26.82297372817993,7.081512540751579,-14.857020019236675,-31.203526074191974,-11.826922239205494,-11.298245240423496,4.824515075201745,-0.0113401,0.359168,0.283526,0.284203,0.52469,0.575802,-0.558911,-0.263705,0.0572046,-0.202583,0.755273,-0.117402,0.278848,-0.581398,100.52876253527374,-5.3575988660545475,-4.632307437667937,1.2915867375210563,25.31605192315052,-12.500033258544835,17.62031762621075,23.435033299637755,-0.267601,-0.106811,-0.167557,0.727484,0.648626,0.00141402,0.223716
26.864420890808105,-20.168182229323545,21.913042301725255,-17.116351829525396,0.665039561893429,9.26354779410141,15.0750600150918,-0.0113509,0.359176,0.28353,0.28424,0.525046,0.575595,-0.558771,-0.261528,0.0557009,-0.202231,0.756779,-0.117541,0.273122,-0.582129,100.99379361307719,-5.166096777006371,-4.229440000334045,1.1732949326984734,25.528864411928446,-12.2757837541353,17.511929641297275,23.3229252188062,-0.303766,-0.0604857,-0.148414,0.344335,0.805339,-0.0375624,-0.481095
26.905545711517334,7.863471631851185,-11.268683146542614,-30.82987529404551,-12.40670571989452,-11.052221869951216,3.1362778194411787,-0.0113855,0.35915,0.283513,0.284111,0.525642,0.575744,-0.558122,-0.259931,0.0549144,-0.201892,0.762097,-0.127121,0.272674,-0.573322,101.80259799303992,-4.110445106370868,-5.289591843118615,-1.921622088927422,24.574987494104956,-9.283702404328135,15.354848493901436,20.922651752330225,-0.2643,-0.107929,-0.166469,0.719715,0.656354,-0.000820088,0.226294
26.944838285446167,7.998242508694495,-11.69066973731503,-30.147144981567305,-12.09526168642534,-10.811093994243464,3.268586411279349,-0.0113486,0.359126,0.283488,0.284424,0.525851,0.575588,-0.557927,-0.259067,0.0541778,-0.2021,0.763278,-0.122411,0.270039,-0.574022,101.60237164167503,-4.004619557687516,-4.730776315300278,-0.15034462346595845,26.391912832894413,-10.425418529162332,16.65636413452427,22.318542716770676,-0.263326,-0.109345,-0.165419,0.727638,0.648116,0.000574343,0.224693
26.984997749328613,8.441303138709378,-11.779200118930365,-30.75906124266808,-12.516015770246717,-10.984042884160516,3.0458559765718487,-0.0112694,0.359091,0.283475,0.285207,0.525197,0.575591,-0.558139,-0.25967,0.0541794,-0.201948,0.760855,-0.123879,0.271977,-0.576005,101.50622622103539,-4.467443581414599,-4.9107567890062445,-0.7549111059755633,25.289649955814102,-10.383649167278794,16.141434556737494,21.87898148689108,-0.26489,-0.109041,-0.165685,0.726421,0.649682,-0.00644103,0.224018
27.023266553878784,7.998947070949483,-13.762381887778519,-32.193209815069615,-12.466140993342815,-11.952002031063154,4.014170909871835,-0.0111973,0.359038,0.283464,0.284951,0.525592,0.575413,-0.558083,-0.261031,0.0547657,-0.202161,0.75924,-0.116752,0.272941,-0.57916,100.89800926471983,-4.780938431787653,-4.352498385813135,2.1742381635218546,27.408253270865135,-12.58863186617609,18.327310486990765,24.224918005145312,-0.266559,-0.108532,-0.165706,0.729791,0.644339,-0.00242271,0.22853
27.069145441055298,7.216548698097069,-15.812327018914113,-33.56754727992219,-12.988225584700771,-12.250056756083172,4.831735652446448,-0.0111725,0.358993,0.283405,0.284596,0.525313,0.575643,-0.558289,-0.263966,0.056497,-0.20248,0.752399,-0.114863,0.273501,-0.588132,100.8172140489867,-6.028029957779336,-3.9297752624560074,1.5801379095515413,27.080555644999297,-13.205924786858997,17.87026418884191,24.35957984576167,-0.270672,-0.107229,-0.166083,0.733169,0.643359,-0.0068728,0.220242
27.113229036331177,-11.530820702966095,-4.297162117534499,-38.76830201303863,-18.65699884146182,0.4253503107863996,7.181891581633045,-0.0111251,0.358954,0.283304,0.283688,0.525786,0.575875,-0.558066,-0.267406,0.0587005,-0.202764,0.750716,-0.1116,0.277157,-0.589199,100.38535890152394,-6.246825303711532,-3.9168553333765477,2.7318693942908423,29.245464295946284,-13.898151361351747,18.637313563552606,25.48423266361172,-0.29745,-0.0919281,-0.170973,0.638081,0.767684,-0.0245095,-0.0539712
27.153564929962158,-26.814247753375998,29.048892703461725,-19.35661792419682,2.1538908985311624,12.129675557448204,18.303848390026033,-0.0110184,0.358926,0.283277,0.28253,0.52623,0.574965,-0.559173,-0.268999,0.059902,-0.202853,0.752012,-0.115761,0.279267,-0.585737,100.54224935538943,-5.727476478697824,-4.494653792457645,0.5354194999988238,28.607218604614737,-12.045382949866049,17.12069183715677,23.874459941652347,-0.315352,-0.0538234,-0.149725,0.333646,0.803663,-0.0549519,-0.489679
27.195690870285034,-25.71254100817705,30.114585152428813,-18.001242510724886,3.734782251586194,11.716777922384797,17.74263768747882,-0.0109392,0.35889,0.283257,0.282469,0.525824,0.574906,-0.559647,-0.271273,0.0610325,-0.202498,0.75564,-0.112486,0.277299,-0.582632,100.33627568391391,-5.102830242951995,-4.108336311303479,0.8974195180141242,33.20825142642124,-10.450808494180084,17.40081638270032,20.385265543219408,-0.317938,-0.0505442,-0.14811,0.31813,0.798997,-0.0632211,-0.50636
27.23711633682251,-15.211578366424535,-4.31655175392414,-41.91676833258761,-19.867069106975624,1.1528268598632034,8.540881961353191,-0.0109033,0.358876,0.28326,0.282007,0.525785,0.574878,-0.559944,-0.273324,0.0621824,-0.202265,0.749992,-0.116996,0.279455,-0.587987,100.63650412013645,-6.0095959725187615,-4.452008095210797,-1.3497601108299833,30.639499623895503,-9.971574284238944,15.126641943065088,21.981135891212798,-0.306569,-0.0872882,-0.17156,0.636831,0.767602,-0.033476,-0.0641306
27.281402111053467,-17.093373903013408,-5.407406201859693,-43.043153784543584,-19.948238035556038,1.0223094472253862,9.0876323481294,-0.0108612,0.358881,0.283293,0.281252,0.525879,0.575078,-0.56003,-0.274562,0.063318,-0.202506,0.749645,-0.108108,0.282352,-0.588746,99.73066885717286,-6.039033531892008,-3.8914056450481027,2.6886340758949734,32.932454620837895,-12.63561651278685,18.48553763142597,22.60977448949317,-0.308312,-0.086021,-0.171776,0.636508,0.767524,-0.0371895,-0.0661962
27.32466197013855,45.04131117929525,10.289254713347276,-2.4506641372808526,-2.3465344843175258,1.5071292224861088,-12.521935685586476,-0.0108934,0.358888,0.283177,0.280906,0.526247,0.575012,-0.559926,-0.275247,0.063254,-0.202362,0.744916,-0.110391,0.28427,-0.593384,99.8766009607344,-6.810531174522592,-4.11341511555575,2.3258863006211543,30.66660290514139,-13.675877863633747,18.139197928684844,25.201108657842102,-0.248249,-0.0526228,-0.130477,0.460144,-0.294648,0.555456,0.626832
27.367485761642456,38.92028739945995,10.322117540988033,-4.760317706662716,-3.480314753517201,1.2209684452918506,-10.322889239798354,-0.0109696,0.358904,0.283151,0.281496,0.525545,0.57521,-0.560085,-0.276003,0.0633178,-0.201946,0.745048,-0.113746,0.286121,-0.591693,99.93531703096058,-6.797208390200652,-4.525751840247321,1.1498108809933125,30.148831566116044,-12.538996546519552,16.91928592630254,24.40277994478092,-0.248404,-0.0526161,-0.130198,0.456713,-0.294156,0.554071,0.630785
27.41040277481079,34.87724676510712,8.871772855978165,-5.282849227628362,-3.849154209064191,0.856379708299727,-9.071028665111408,-0.0109617,0.358979,0.283411,0.2817,0.525825,0.574978,-0.559958,-0.276384,0.0633754,-0.201567,0.746417,-0.110418,0.289639,-0.58888,99.34208916063628,-6.509625550469764,-4.651886435100912,3.657671375029687,31.463228542113015,-13.922262711025628,18.957467013955984,24.79646543129136,-0.24765,-0.0519482,-0.12998,0.45147,-0.290297,0.554638,0.635829
27.450709104537964,34.98525282240462,10.160166607767419,-4.274288314063129,-3.690384974886768,1.0501057301908392,-9.516108133061712,-0.0110047,0.359042,0.283565,0.280714,0.525118,0.576341,-0.559716,-0.276226,0.0637273,-0.201327,0.754373,-0.112163,0.289922,-0.578174,99.47346355616101,-5.102844762279889,-4.992309238323487,3.2319088004914107,33.61619669188126,-11.717797180440268,18.7848551518775,21.22398211240835,-0.246846,-0.0520795,-0.129994,0.447248,-0.285684,0.553023,0.642277
27.49251914024353,31.0327012972975,10.343241659156455,-6.4922031594368095,-4.540595090803757,-0.1403541021051808,-8.51717341085378,-0.0111661,0.359078,0.283389,0.281912,0.525078,0.576477,-0.55901,-0.277539,0.0629719,-0.20062,0.748636,-0.117881,0.293875,-0.582482,99.66865234213755,-6.165106962595966,-5.701612654804489,2.1921314792641153,31.15236276465255,-12.525867490979433,17.816303864060423,23.659461844341205,-0.247001,-0.0521665,-0.129985,0.441849,-0.297786,0.555694,0.638198
27.53355860710144,20.969653837637853,10.759516539992983,-8.508429181984287,-5.3146104852893865,-0.788220357982193,-5.349839176736484,-0.0114323,0.359142,0.283168,0.281841,0.524577,0.577621,-0.558336,-0.278578,0.0622213,-0.199895,0.753822,-0.123399,0.297426,-0.572768,99.82142451782897,-5.2226296727242545,-6.651373375880083,1.682999316399214,32.480569277921994,-11.13601433322425,17.77721618069302,21.40500558604191,-0.246326,-0.0528376,-0.129704,0.428215,-0.304422,0.551744,0.647718
27.577622890472412,14.933483106324813,7.739803809536725,-10.80918524077981,-5.952927954861155,-1.0513834026015494,-3.394288086184568,-0.011466,0.359241,0.283288,0.281645,0.524581,0.577288,-0.558776,-0.279168,0.0623868,-0.199733,0.754436,-0.122152,0.304304,-0.568598,99.10917006947294,-4.930404246010096,-7.191695648715876,3.7148637169163887,31.791828146851223,-12.627574237888457,19.560074733968758,23.07804151831216,-0.243955,-0.053552,-0.130805,0.422295,-0.294073,0.554106,0.654336
27.617830514907837,7.973030507265088,7.177001739800125,-12.654581616052191,0.915942884947265,3.282916755094218,5.842799076194221,-0.0114237,0.359387,0.28367,0.280993,0.524812,0.576448,-0.559753,-0.278152,0.0645078,-0.2007,0.752687,-0.126995,0.308705,-0.567483,99.13856006409122,-4.952126920668771,-7.942253122746888,0.6330480098543703,26.592900592101373,-11.161399114516886,16.685475364683615,22.908307046582213,-0.242591,-0.0791994,-0.161829,0.453698,0.314966,0.538333,0.636516
27.660284996032715,7.119291670054484,8.146202225941344,-10.152150479369435,-4.801237077434923,-1.615723679624219,-1.7482711393874601,-0.0117017,0.359439,0.283589,0.283016,0.525154,0.577408,-0.557418,-0.27709,0.0666345,-0.203032,0.760196,-0.126341,0.315865,-0.553506,98.33565888524863,-3.7496337529797135,-9.055460139586504,0.9031304658579895,28.50143931808011,-9.408534174952745,16.476447705142796,22.269248007698337,-0.239249,-0.0493806,-0.137102,0.403573,-0.309345,0.561345,0.652937
27.70168399810791,6.255190902752405,8.621309307737862,-7.594816878334586,-3.549046397474036,-1.4951613851440335,-1.8896624764500403,-0.0120269,0.35947,0.283347,0.28421,0.524285,0.577334,-0.557705,-0.275325,0.0682106,-0.205856,0.761164,-0.121135,0.31714,-0.55261,97.63828454256416,-3.6870801065382697,-8.723586396717423,0.745077531904693,27.297319978221267,-9.55025588441173,16.359768368830725,22.269992225655795,-0.236517,-0.0485392,-0.142177,0.399641,-0.317038,0.550071,0.661208
27.7453510761261,7.346890534315582,7.57678099064089,-8.329508554335428,-4.06334674021192,-1.2620950424212198,-2.2455957067213297,-0.0121104,0.359486,0.28344,0.285863,0.524162,0.577734,-0.556561,-0.274554,0.0700802,-0.207704,0.761149,-0.120414,0.322814,-0.549493,97.03851958436432,-3.7954579653349665,-9.287840818423737,0.20112260102498425,25.983717662800792,-9.405116352932861,15.895285447018177,21.541574359291634,-0.23524,-0.0488752,-0.143798,0.41547,-0.29943,0.536597,0.670664
27.786134243011475,6.923665899743268,7.095572908652778,-8.430817432753777,-4.098970467922247,-1.382863047991806,-2.1134478822376397,-0.0120665,0.359586,0.283664,0.28436,0.524998,0.577946,-0.556322,-0.273715,0.0713494,-0.208554,0.762079,-0.115617,0.322942,-0.54916,96.79108636997111,-3.5670057910056627,-8.948200242463944,1.928009183626088,26.01796655943115,-10.623388920663945,17.367989251111922,22.66394361608716,-0.23316,-0.0469801,-0.146696,0.410529,-0.301279,0.538009,0.671746
27.830236196517944,7.31840558747207,6.63621149336156,-9.341551078339906,-4.514802221185189,-1.5116676404655534,-2.0106088956376045,-0.0120075,0.359642,0.283863,0.285128,0.524893,0.577554,-0.556435,-0.274092,0.0720887,-0.208401,0.762908,-0.117952,0.323564,-0.547143,96.81270034791156,-3.4000469774335826,-9.280591052415302,0.39823720506178795,26.205908282982044,-8.887316384250664,15.76133590872771,21.369603392795717,-0.233566,-0.0455254,-0.146524,0.408721,-0.307939,0.537559,0.670187
27.87351679801941,7.322558133724437,9.009533441876071,-10.0076678766855,-5.019386580710671,-1.1937940922285284,-1.725412094524173,-0.0119874,0.359607,0.283861,0.284821,0.525146,0.577595,-0.556312,-0.274102,0.0712879,-0.207813,0.759366,-0.118565,0.322973,-0.552262,97.04470609126918,-4.054034499888656,-9.127191132477806,0.7781291031281814,24.911122136824744,-10.198089676509401,16.378265702825345,21.66985792516496,-0.234007,-0.0461094,-0.144799,0.403778,-0.297487,0.52398,0.688411
27.917582273483276,9.277028793331166,9.91918947610917,-7.753951036397482,-4.3398207153968595,-0.6753844163303268,-2.0575612025138668,-0.0119404,0.359531,0.283751,0.28446,0.525402,0.577452,-0.556403,-0.272699,0.0693083,-0.207441,0.760425,-0.111847,0.314519,-0.557065,97.22346180866,-4.039153184983414,-7.794398098854754,3.472792584999543,27.8227500286932,-11.72273433052531,18.473822429370195,23.949222709834206,-0.234392,-0.0485905,-0.142851,0.429303,-0.289761,0.545691,0.658756
27.95722770690918,13.557974751171816,10.364113933066864,-7.7974104067566445,-4.32790236639198,-0.3941347584913039,-2.8862169898616257,-0.0117138,0.359267,0.283411,0.284084,0.526042,0.57589,-0.557608,-0.27089,0.0659573,-0.206705,0.75662,-0.110168,0.301854,-0.56945,98.14140865294543,-4.785263192754951,-6.344466665282006,3.2370931061859975,27.933372471580142,-12.866871771216285,18.836502532081884,24.68877727372032,-0.237287,-0.0509799,-0.138448,0.433859,-0.305566,0.529327,0.661973
28.003660917282104,21.020903655425556,9.998369028286099,-6.882658744026896,-4.009926979785618,-0.018137236427885197,-5.090934206292443,-0.0115205,0.359146,0.283419,0.284468,0.526013,0.575843,-0.557489,-0.271539,0.0631715,-0.204235,0.754645,-0.114462,0.292233,-0.576202,99.30428258184506,-5.321534099330691,-5.765765559950346,1.7204146420799047,30.040941770861366,-11.76197418953046,17.57849611944281,23.524883367819367,-0.240118,-0.0524374,-0.134432,0.438418,-0.311566,0.544626,0.643505
28.047019958496094,24.422072804013734,9.055974522470656,-5.478291021551795,-3.4132795269166705,0.2974997773181784,-5.888534040335918,-0.0113846,0.359145,0.283578,0.283071,0.525665,0.576304,-0.558051,-0.271515,0.0625926,-0.203482,0.753801,-0.108607,0.289769,-0.579674,99.12571564148216,-5.475166722225419,-4.865719895615296,4.535195929995052,31.190139204109727,-13.907866392352862,20.007958302306836,24.737726403188283,-0.240756,-0.0528608,-0.132175,0.443867,-0.304874,0.545878,0.641912
28.08646869659424,28.52926565098201,9.26320071053694,-8.570806175483499,-4.6851031621619645,0.5138583615075762,-7.051540321028527,-0.0112696,0.359184,0.283737,0.282127,0.524495,0.577305,-0.558595,-0.271301,0.0625265,-0.202581,0.756757,-0.115184,0.287194,-0.575823,99.88438893152214,-4.935115866210526,-5.111171122341107,1.4296369233927795,30.467478825598697,-10.855551977321081,17.18465718655683,22.382326287684656,-0.241149,-0.0529642,-0.131035,0.444343,-0.301549,0.54802,0.641328
28.129250049591064,35.66898098318947,10.133987176513614,-7.894499212282282,-4.635754797381168,0.5442754609522857,-9.318819064885128,-0.0111833,0.359053,0.283625,0.28272,0.524618,0.57722,-0.558267,-0.270901,0.0620337,-0.202753,0.756609,-0.115316,0.28224,-0.578434,100.27769729266637,-5.101229964127635,-4.716964746520847,0.2909452960382062,31.620908473631637,-9.993692313847777,16.404406669475122,20.98430324290754,-0.242164,-0.05291,-0.13099,0.447123,-0.307201,0.552265,0.633018
28.16857409477234,38.747148325183545,10.57797002572592,-5.736718108593828,-3.8552061815630787,0.9285958919998096,-10.450683393418203,-0.0110632,0.358971,0.283499,0.283336,0.525733,0.575693,-0.558483,-0.272065,0.0620944,-0.203058,0.751437,-0.107912,0.28813,-0.583677,99.16654341129333,-5.89114323923096,-4.583929202365481,4.594336220615176,31.628043324255586,-14.277916966866993,20.04633503804889,24.893971912679973,-0.243802,-0.0530183,-0.130865,0.453361,-0.2978,0.552282,0.633059
28.227197647094727,42.695502781384995,9.218741739458855,-4.530305419715525,-3.44793870284544,1.5164805555238605,-11.615000338630846,-0.0109503,0.358951,0.283512,0.282583,0.526105,0.575058,-0.559168,-0.273693,0.0643825,-0.203304,0.750872,-0.110355,0.282075,-0.586896,99.87590377724814,-5.940121426336786,-4.222458958655075,0.6558834177509745,32.601504139726785,-10.614694216198135,16.409305773319613,21.015597581645334,-0.246841,-0.0514394,-0.131693,0.460489,-0.296532,0.552363,0.628421
28.267224550247192,45.50729532560802,8.73270569517635,-4.131301506708268,-3.2215257647421978,1.3883108893818037,-12.634347833011942,-0.0109097,0.358933,0.283582,0.281688,0.525947,0.575659,-0.55915,-0.274502,0.0653359,-0.203765,0.748161,-0.103945,0.284153,-0.590515,99.30207349837193,-6.414732788802043,-3.675524006795855,3.2285361528827137,33.00000955778806,-13.190436013673622,18.695511394461132,23.146076701741602,-0.247603,-0.05053,-0.13247,0.458353,-0.293819,0.553344,0.630392
28.36042356491089,48.44142371505494,3.542492436780784,-4.608891052505294,-2.9198260017149402,1.8908744445754169,-13.376726754038833,-0.0103719,0.358902,0.283833,0.278749,0.52652,0.577241,-0.558452,-0.286199,0.0798565,-0.207343,0.735444,-0.092703,0.305514,-0.597654,97.15703113098446,-8.265209353987014,-4.028837792800446,3.365089164348234,34.35508870636635,-13.742833850503278,17.627569867084425,23.15995052978608,-0.261856,-0.0391785,-0.141335,0.471204,-0.270492,0.552868,0.631774
28.42896294593811,51.64320251054791,2.8196817362627398,-2.0292849062472116,-1.6695068182429758,3.1295484849300554,-14.468306927809884,-0.0102034,0.358855,0.283823,0.276812,0.526259,0.577417,-0.559479,-0.294345,0.092498,-0.210809,0.731617,-0.0857398,0.321257,-0.59513,95.43088375834847,-8.476686160484855,-4.554953281514182,0.6058530129872874,35.06223910018657,-10.59694202873543,14.447044032811743,19.812955268712653,-0.272553,-0.0295304,-0.149441,0.482055,-0.251219,0.545729,0.637724
28.466628551483154,53.12280584275034,1.8177188348493738,-0.015009359915257987,-0.6891948070566192,3.36344151737709,-15.08115411502267,-0.0101432,0.358832,0.283662,0.275709,0.525808,0.577239,-0.56063,-0.298373,0.0992959,-0.213101,0.725722,-0.0750514,0.330105,-0.598937,93.85183911798235,-9.169101590271188,-4.062344187134712,1.8408860027529563,35.35700387625968,-11.873603893047925,15.047190897234318,20.925059763857906,-0.27744,-0.0244328,-0.154357,0.486008,-0.240775,0.540282,0.643365
28.507238388061523,53.98672675730957,0.7851505847237921,1.0486451453678642,-0.05668528574379873,3.681289449134826,-15.500804597930022,-0.0100782,0.358817,0.283653,0.274062,0.524357,0.578258,-0.561745,-0.302767,0.108302,-0.215914,0.727892,-0.0612635,0.340457,-0.592038,91.84577528736014,-8.419134018579678,-3.666749709890669,2.924493796833546,38.58871026287675,-11.11448776563525,16.281787861523306,17.775590739441405,-0.283703,-0.0166604,-0.160421,0.490407,-0.233749,0.534776,0.647207
28.548279285430908,54.328643970715575,-0.17792243270444624,2.1360572958533686,0.585045739138227,3.7460698056876907,-15.617584079358075,-0.00996207,0.358817,0.283762,0.27311,0.525389,0.576848,-0.562694,-0.306002,0.115754,-0.218067,0.714109,-0.0527372,0.349674,-0.604149,90.47719903410626,-10.31364303738172,-3.2308523349625276,3.334096138280964,35.39039292486173,-13.325607256439458,15.36616227452708,22.586447538946373,-0.287048,-0.0109568,-0.165863,0.497739,-0.218797,0.531352,0.649653
28.58966088294983,54.46558684762185,-1.9416233437226613,3.1597633131726104,1.238227086615142,4.057500233270919,-15.665933991851396,-0.00997849,0.358852,0.28378,0.272211,0.523827,0.577573,-0.56384,-0.308761,0.126505,-0.221639,0.713533,-0.0373319,0.361031,-0.599278,88.17348246952695,-9.932631306574292,-2.7191062923840468,3.74623348749169,36.24129525220052,-12.445499058134832,15.196679356090122,20.985633821000576,-0.291583,-0.00160673,-0.173633,0.502655,-0.210318,0.521615,0.656523
28.631370782852173,55.916964819158714,-3.550234172072589,3.1949807302100477,1.5151908785084023,4.8392486602400915,-16.086964582019423,-0.00999261,0.358875,0.283816,0.271335,0.524574,0.577487,-0.563656,-0.310338,0.134926,-0.224461,0.709848,-0.025542,0.368655,-0.59963,86.64413977759749,-10.161886127671975,-2.323115326175622,4.573090555765612,36.554655738488954,-12.754698965012711,15.411945007129383,21.159902106963425,-0.294568,0.00492583,-0.179713,0.511299,-0.197144,0.512613,0.661011
28.670217037200928,55.38655843238575,-4.786517663757114,4.59204689332111,2.256548247766807,5.211074690493719,-15.760101080955451,-0.0099899,0.358887,0.283834,0.271999,0.524268,0.577669,-0.563433,-0.311358,0.142435,-0.227104,0.707522,-0.0150512,0.375248,-0.598644,85.14403290300696,-10.312951341072376,-1.9438158468039328,4.417494670530383,37.21776301192448,-12.322930305585569,15.082749353935926,20.244952166520132,-0.296467,0.011234,-0.185727,0.516236,-0.185836,0.507305,0.664535
28.70987057685852,55.16548464349186,-5.268623034383573,4.79042428499046,2.563552037418226,5.42223522444499,-15.687759360709778,-0.0100372,0.358924,0.28385,0.271045,0.525062,0.577596,-0.563229,-0.312343,0.14961,-0.2294,0.704744,-0.00557587,0.382791,-0.597307,83.82221594293536,-10.372107174108107,-1.8065193755360596,5.196622042651292,36.934314461636795,-12.723047383468558,15.403542269051846,20.937417150286095,-0.298517,0.0173933,-0.190874,0.521007,-0.179998,0.498115,0.669353
28.74984359741211,54.01620310596372,-6.410400112431085,4.706535671151069,2.698572017123311,5.801613196808643,-15.065593114384649,-0.0100599,0.358937,0.283827,0.271644,0.523385,0.578348,-0.56373,-0.313174,0.156358,-0.231219,0.705352,0.00225788,0.389049,-0.592549,82.49477671353128,-10.02682893027006,-1.6235392457250513,3.941141309444596,37.00411527688571,-10.969360263587564,14.33857338377308,19.040348300786654,-0.300368,0.0233592,-0.195595,0.52489,-0.170752,0.492719,0.672727
28.788686275482178,56.04538838201615,-7.944110752375447,6.260782067997805,3.5203917144497185,6.418768192031798,-15.697200318181592,-0.0100306,0.358942,0.283875,0.271838,0.523829,0.578211,-0.563364,-0.313381,0.16205,-0.232591,0.707688,0.00545522,0.394985,-0.585777,81.74334145143175,-9.478070555682047,-2.1716039176460704,2.3355021160526253,36.496883768228145,-8.63719164803295,12.960976414134937,17.195785424051387,-0.301897,0.0286235,-0.19909,0.528023,-0.168068,0.48867,0.673904
28.831627368927002,53.71522200243123,-8.662485909417608,5.671091452151829,3.4953546247146865,6.223128753373156,-14.892460715854188,-0.0100694,0.358983,0.283892,0.271272,0.523785,0.578509,-0.563372,-0.314803,0.168778,-0.234107,0.69985,0.0164737,0.400928,-0.590927,80.34772548833209,-10.351850144625526,-1.3605006456187956,3.783052586575481,36.3677110868414,-10.415046099586629,13.506797783091129,19.129145256792548,-0.303814,0.0344459,-0.203457,0.532379,-0.157887,0.481682,0.677958
28.873210430145264,54.40291931393016,-9.50258071888917,6.491040343658404,4.013977502839324,6.411264640421049,-15.159130053207987,-0.0100872,0.359033,0.283952,0.270815,0.523675,0.578674,-0.563524,-0.316185,0.176131,-0.235248,0.695757,0.0266051,0.40656,-0.591543,79.00950916285161,-10.587635237955707,-0.8343436002559612,4.250358285579914,36.92864963693164,-10.446014492553463,13.550924559384606,18.810831618598655,-0.306662,0.0410597,-0.207377,0.538667,-0.1529,0.474353,0.6793
28.913522958755493,54.39994651901565,-10.312860462117316,7.028024897304592,4.490586940613364,6.862369255582415,-15.001343054354647,-0.0100381,0.359075,0.283989,0.271875,0.523936,0.579342,-0.562083,-0.317283,0.18307,-0.236407,0.693879,0.0358522,0.413832,-0.588209,77.62147799113943,-10.686605605175865,-0.756219775953443,4.864251146751629,38.78557603872307,-10.45894713796508,14.257915838394014,17.44369778314119,-0.309089,0.0474508,-0.211318,0.544827,-0.143453,0.466765,0.6817
28.954471588134766,54.87891518664272,-11.846633781546076,6.606668657743242,4.707769338624309,7.405857960316879,-14.995260343426908,-0.0100299,0.359059,0.284079,0.271342,0.5228,0.580164,-0.56255,-0.317975,0.188534,-0.23703,0.692977,0.0409518,0.417296,-0.58649,76.87480744604188,-10.553968661156235,-0.48356052625229085,3.4975281672917724,38.23683281585957,-9.006244838702752,13.198019965018986,16.320771765293934,-0.311138,0.0538622,-0.214865,0.54776,-0.136984,0.46193,0.68397
28.997479677200317,53.90016503398966,-13.162137878922366,7.689508243373889,5.351030128992254,7.71310623537148,-14.368168773991933,-0.0100662,0.359059,0.284113,0.269441,0.522704,0.580023,-0.563698,-0.318228,0.195521,-0.237907,0.695683,0.0454856,0.425042,-0.577318,75.91479326232182,-9.5712091825087,-1.1008334322442141,2.077205034501537,35.85968050699865,-6.591340534507932,11.468508234374953,15.999227723216842,-0.312239,0.0588319,-0.217813,0.550409,-0.128342,0.456594,0.687095
29.03922700881958,53.61945252235987,-14.030051373298816,6.496920360062327,5.170482219762466,7.559613161723604,-14.434610008073378,-0.010101,0.35916,0.284214,0.268694,0.522823,0.580096,-0.563869,-0.319123,0.203865,-0.239091,0.685166,0.0603486,0.432135,-0.583237,74.03052261888263,-10.53143672086923,0.02510841418700216,4.661263452736973,35.76501360626222,-9.25658579500703,12.530477571467712,18.7803380596436,-0.313786,0.0669333,-0.222357,0.553175,-0.120958,0.446738,0.69267
29.082107305526733,54.27709061604553,-15.167630013600276,7.107060645450804,5.656709150776131,8.156846599345426,-14.353408819160906,-0.0100955,0.359179,0.284254,0.26868,0.523071,0.580184,-0.563556,-0.318595,0.211191,-0.240261,0.685975,0.0675305,0.437602,-0.577393,72.96441142525364,-10.045253124616723,-0.11635434272728196,3.4469117363322628,35.20283851205985,-7.420089782382565,11.296293488123872,17.480015850406623,-0.314738,0.073714,-0.226417,0.560619,-0.113993,0.438861,0.692901
29.123021841049194,55.91908518929262,-16.74292790703654,7.848102201960147,6.310630460791512,8.801497564118218,-14.74147445254487,-0.0100527,0.359218,0.284254,0.269879,0.523236,0.580702,-0.562294,-0.318343,0.218541,-0.241221,0.684062,0.0775418,0.442901,-0.574357,71.60941106844008,-10.049143720855309,0.17398483925803243,3.4597126386835644,36.46789346211941,-6.851375240668755,11.56544485398247,15.888460045676013,-0.315784,0.0809024,-0.230436,0.562878,-0.106423,0.431214,0.697063
29.19465470314026,58.214938503509714,-18.76259110061316,7.9984469569894765,7.124673074046907,10.1078220691864,-15.059064796210112,-0.010284,0.359259,0.284211,0.268155,0.522553,0.580439,-0.564023,-0.318495,0.230874,-0.242324,0.677047,0.0958565,0.453281,-0.5718,71.60941106844008,-10.049143720855309,0.17398483925803243,3.4597126386835644,36.46789346211941,-6.851375240668755,11.56544485398247,15.888460045676013,-0.317343,0.0923888,-0.236954,0.571258,-0.0820291,0.42038,0.700154
29.234288215637207,56.925283272674626,-20.052465320271185,9.333247083682787,7.747158925521786,10.005303323587807,-14.498861722550956,-0.0102323,0.359323,0.284274,0.269358,0.522742,0.581053,-0.56264,-0.318028,0.239612,-0.242834,0.676791,0.104562,0.459836,-0.565306,71.60941106844008,-10.049143720855309,0.17398483925803243,3.4597126386835644,36.46789346211941,-6.851375240668755,11.56544485398247,15.888460045676013,-0.318851,0.101642,-0.240689,0.578238,-0.0802786,0.409251,0.70122
29.27666687965393,56.370127107458224,-22.09446043356022,8.156830255610565,7.668103339436299,9.748223601926284,-14.50779096861726,-0.0103155,0.359315,0.284321,0.26872,0.5222,0.581097,-0.563403,-0.318312,0.24747,-0.242674,0.672232,0.11345,0.468549,-0.561868,71.60941106844008,-10.049143720855309,0.17398483925803243,3.4597126386835644,36.46789346211941,-6.851375240668755,11.56544485398247,15.888460045676013,-0.319846,0.109697,-0.243483,0.579202,-0.0757217,0.406258,0.702671
29.31373643875122,56.44362540380587,-22.65895589516487,8.789755286457913,7.674413064128696,9.39418650193431,-14.800514560615946,-0.0102314,0.359473,0.284488,0.270565,0.52236,0.582434,-0.560986,-0.318775,0.255618,-0.242334,0.661888,0.126802,0.474275,-0.566471,71.60941106844008,-10.049143720855309,0.17398483925803243,3.4597126386835644,36.46789346211941,-6.851375240668755,11.56544485398247,15.888460045676013,-0.322418,0.117655,-0.247023,0.58474,-0.0731025,0.397463,0.70339
29.375775575637817,52.89510587417966,-24.13361237984761,6.904958573271041,7.87484719341309,9.998334395094641,-12.814146964728893,-0.0104371,0.359484,0.284517,0.269461,0.522253,0.582383,-0.56167,-0.319237,0.267891,-0.241573,0.65717,0.140035,0.487313,-0.557712,71.60941106844008,-10.049143720855309,0.17398483925803243,3.4597126386835644,36.46789346211941,-6.851375240668755,11.56544485398247,15.888460045676013,-0.322266,0.129816,-0.252112,0.587165,-0.042763,0.379138,0.713907
29.415033102035522,50.29095583691422,-23.44773168588937,8.04392382709354,8.122204069867083,9.084012645958376,-12.285352515345668,-0.01053,0.359546,0.284423,0.270326,0.522742,0.581672,-0.561536,-0.318894,0.276708,-0.241025,0.655011,0.151339,0.490952,-0.554096,71.60941106844008,-10.049143720855309,0.17398483925803243,3.4597126386835644,36.46789346211941,-6.851375240668755,11.56544485398247,15.888460045676013,-0.324099,0.140309,-0.254271,0.589048,-0.0472458,0.376787,0.713317
29.455382108688354,45.01222905743812,-22.64601559844603,6.079255632539451,7.894479502900926,8.505636924420772,-10.235102126637118,-0.0106551,0.359622,0.284426,0.27051,0.522912,0.581272,-0.561703,-0.31831,0.28547,-0.240359,0.651817,0.163821,0.497522,-0.548425,71.60941106844008,-10.049143720855309,0.17398483925803243,3.4597126386835644,36.46789346211941,-6.851375240668755,11.56544485398247,15.888460045676013,-0.32411,0.149028,-0.258281,0.59235,-0.0316986,0.360704,0.719729
29.49613380432129,41.06667268045956,-21.761317929322036,4.157423960214183,7.263963940932886,7.5655682575322025,-9.2259355047424,-0.0106762,0.359698,0.284485,0.271198,0.522735,0.581969,-0.560813,-0.318102,0.292029,-0.239731,0.648045,0.171428,0.503587,-0.545023,71.60941106844008,-10.049143720855309,0.17398483925803243,3.4597126386835644,36.46789346211941,-6.851375240668755,11.56544485398247,15.888460045676013,-0.325014,0.155609,-0.259692,0.599046,-0.0273138,0.358792,0.715309
29.531869173049927,40.59018226135367,-21.703771806371982,2.7861683996886564,7.00506570413399,7.549838403458556,-9.160041806001406,-0.0107452,0.359664,0.284586,0.270999,0.521186,0.582098,-0.562216,-0.317476,0.299018,-0.238903,0.641838,0.182029,0.508674,-0.544205,71.60941106844008,-10.049143720855309,0.17398483925803243,3.4597126386835644,36.46789346211941,-6.851375240668755,11.56544485398247,15.888460045676013,-0.325302,0.16363,-0.261735,0.598164,-0.0219185,0.353309,0.718952
29.570785522460938,38.6622209247213,-21.78853301128733,2.453948292646816,7.006746976803624,7.257989126041874,-8.496977026637753,-0.0107798,0.359705,0.284622,0.270971,0.521893,0.581811,-0.56187,-0.317583,0.30433,-0.237838,0.637483,0.187356,0.512006,-0.544392,71.60941106844008,-10.049143720855309,0.17398483925803243,3.4597126386835644,36.46789346211941,-6.851375240668755,11.56544485398247,15.888460045676013,-0.326085,0.169671,-0.26314,0.600346,-0.0178328,0.342164,0.722627
29.609180450439453,36.72361868860548,-22.622855885525066,1.203357161764916,6.872305689003672,6.927823420952718,-7.996352537523804,-0.0108447,0.359756,0.284548,0.270109,0.521535,0.582476,-0.561929,-0.318078,0.308937,-0.236691,0.633831,0.194941,0.514462,-0.543677,71.60941106844008,-10.049143720855309,0.17398483925803243,3.4597126386835644,36.46789346211941,-6.851375240668755,11.56544485398247,15.888460045676013,-0.327827,0.174271,-0.263592,0.604494,-0.0106177,0.340697,0.72
29.646427154541016,36.30987722565808,-22.688392298572268,1.1055903155435374,6.8306890159113385,6.970219017948691,-7.916202727589961,-0.0108749,0.359845,0.284495,0.270907,0.521783,0.583097,-0.560669,-0.31923,0.313217,-0.235149,0.629602,0.200158,0.520519,-0.540923,71.60941106844008,-10.049143720855309,0.17398483925803243,3.4597126386835644,36.46789346211941,-6.851375240668755,11.56544485398247,15.888460045676013,-0.32895,0.179077,-0.264275,0.602795,-0.00440074,0.333819,0.724696
29.68399667739868,35.562243111952576,-22.15402107948593,1.223791696358016,6.677040330502407,6.9171700677241486,-7.6460523990608396,-0.0109516,0.359821,0.284492,0.269695,0.521843,0.582436,-0.561884,-0.319893,0.315789,-0.234232,0.627638,0.20095,0.522467,-0.541034,71.60941106844008,-10.049143720855309,0.17398483925803243,3.4597126386835644,36.46789346211941,-6.851375240668755,11.56544485398247,15.888460045676013,-0.329844,0.182017,-0.264684,0.602653,-0.00128428,0.327529,0.72769
29.720540523529053,35.684619133735126,-22.948048129660815,2.168671044196294,7.206759110111628,7.000925309371643,-7.628684231508055,-0.0110183,0.359878,0.284585,0.269356,0.520882,0.581801,-0.563593,-0.319566,0.320289,-0.233228,0.6291,0.205169,0.526973,-0.533328,71.60941106844008,-10.049143720855309,0.17398483925803243,3.4597126386835644,36.46789346211941,-6.851375240668755,11.56544485398247,15.888460045676013,-0.330418,0.187158,-0.265254,0.604712,0.00116548,0.325074,0.727083
29.758877754211426,34.59136377907391,-22.756769335272217,1.541198014885822,7.153456664943287,6.951475990907058,-7.177861226260972,-0.0111003,0.359897,0.284608,0.269701,0.520451,0.582079,-0.563539,-0.318193,0.325029,-0.232718,0.627083,0.212778,0.528916,-0.530792,71.60941106844008,-10.049143720855309,0.17398483925803243,3.4597126386835644,36.46789346211941,-6.851375240668755,11.56544485398247,15.888460045676013,-0.329781,0.192133,-0.266801,0.607568,0.00843738,0.317211,0.728126
29.80134630203247,32.20011800706127,-24.1586746908586,2.216749696627038,7.637393694787998,6.282142916403148,-6.622786802421708,-0.0112181,0.359919,0.284421,0.270745,0.520514,0.581185,-0.563903,-0.317098,0.329577,-0.232138,0.624507,0.218507,0.531414,-0.529003,71.60941106844008,-10.049143720855309,0.17398483925803243,3.4597126386835644,36.46789346211941,-6.851375240668755,11.56544485398247,15.888460045676013,-0.33219,0.196901,-0.268071,0.630152,0.0052504,0.298557,0.71676
29.840247869491577,33.19317389910801,-22.54484264884491,0.11450652775022618,7.168199437931306,6.842500466028176,-6.5669068721487625,-0.0112392,0.359904,0.284397,0.272261,0.520698,0.58167,-0.5625,-0.315862,0.333564,-0.23175,0.622715,0.22276,0.533597,-0.527141,71.60941106844008,-10.049143720855309,0.17398483925803243,3.4597126386835644,36.46789346211941,-6.851375240668755,11.56544485398247,15.888460045676013,-0.328035,0.201516,-0.270056,0.607065,0.0191209,0.304256,0.73385
29.878520250320435,29.92360818681617,-23.92044877730026,1.5480884193296203,7.896625622021706,5.824230633399488,-5.938947942467639,-0.011387,0.359919,0.284359,0.271091,0.520194,0.58149,-0.563717,-0.315084,0.338619,-0.230699,0.6198,0.228889,0.537379,-0.524101,71.60941106844008,-10.049143720855309,0.17398483925803243,3.4597126386835644,36.46789346211941,-6.851375240668755,11.56544485398247,15.888460045676013,-0.331764,0.207233,-0.270359,0.63603,0.0160074,0.287684,0.715855
29.91752576828003,30.752774501748,-22.017935811042253,-1.0492690083387615,7.310043167171161,6.336356189301308,-5.814480791858357,-0.0113883,0.359934,0.284378,0.271024,0.520313,0.581416,-0.563716,-0.313974,0.343872,-0.229659,0.614743,0.237154,0.53895,-0.524768,71.60941106844008,-10.049143720855309,0.17398483925803243,3.4597126386835644,36.46789346211941,-6.851375240668755,11.56544485398247,15.888460045676013,-0.327935,0.21291,-0.272333,0.611275,0.0326731,0.290908,0.735287
29.956836938858032,30.8334668339881,-22.55586015199351,-0.34639079601979295,7.799041073822084,6.330072293431772,-5.860634698953565,-0.0113921,0.359946,0.284386,0.27295,0.52051,0.582355,-0.561631,-0.313998,0.349095,-0.228023,0.6111,0.242859,0.542177,-0.523088,71.60941106844008,-10.049143720855309,0.17398483925803243,3.4597126386835644,36.46789346211941,-6.851375240668755,11.56544485398247,15.888460045676013,-0.329112,0.219037,-0.272272,0.613834,0.0361607,0.287107,0.734486
29.993884086608887,30.508653347908737,-22.043595484794213,-0.39729013314829487,7.7160922495594395,6.253791274276244,-5.690108000601077,-0.0113849,0.36,0.284438,0.271928,0.520465,0.582499,-0.56202,-0.313819,0.353017,-0.226536,0.608505,0.246371,0.544927,-0.52161,71.60941106844008,-10.049143720855309,0.17398483925803243,3.4597126386835644,36.46789346211941,-6.851375240668755,11.56544485398247,15.888460045676013,-0.330207,0.223648,-0.272125,0.6173,0.039077,0.283112,0.732981
30.030807971954346,31.283314228279032,-22.976463128104985,-0.03439897798520754,8.134046317119887,6.494324143739235,-5.793202813613018,-0.011479,0.359982,0.28435,0.270836,0.520648,0.581679,-0.563226,-0.313593,0.357164,-0.225197,0.604745,0.251246,0.547725,-0.520727,71.60941106844008,-10.049143720855309,0.17398483925803243,3.4597126386835644,36.46789346211941,-6.851375240668755,11.56544485398247,15.888460045676013,-0.330448,0.228205,-0.272437,0.616623,0.0463109,0.277655,0.735214
30.066989183425903,30.855137222204846,-23.257687551973483,0.7173828152992617,8.308693882054515,6.225912772666974,-5.878628377510233,-0.0115106,0.359997,0.284355,0.270653,0.520428,0.581767,-0.563426,-0.313721,0.362505,-0.223105,0.599835,0.25951,0.549203,-0.520796,71.60941106844008,-10.049143720855309,0.17398483925803243,3.4597126386835644,36.46789346211941,-6.851375240668755,11.56544485398247,15.888460045676013,-0.332335,0.234598,-0.271525,0.622823,0.0458784,0.277039,0.73023
30.10426950454712,30.031172504874483,-23.367152643395723,0.6955014020943877,8.419005857699526,6.063639048475032,-5.589578940668691,-0.0115405,0.360028,0.284381,0.270703,0.520316,0.581815,-0.563455,-0.313495,0.366942,-0.221378,0.596224,0.263921,0.553344,-0.518337,71.60941106844008,-10.049143720855309,0.17398483925803243,3.4597126386835644,36.46789346211941,-6.851375240668755,11.56544485398247,15.888460045676013,-0.332893,0.239725,-0.27184,0.62614,0.0534832,0.269333,0.729759
30.140783309936523,29.35953835358678,-23.86899110678385,1.1390840157515454,8.67424058806041,5.767923914272513,-5.519588670440595,-0.0115871,0.360074,0.284399,0.270471,0.519956,0.582094,-0.563611,-0.312993,0.370493,-0.220165,0.594036,0.269037,0.555862,-0.515517,71.60941106844008,-10.049143720855309,0.17398483925803243,3.4597126386835644,36.46789346211941,-6.851375240668755,11.56544485398247,15.888460045676013,-0.333222,0.24399,-0.27163,0.628321,0.0548574,0.267577,0.728427
30.17947244644165,30.290212380820854,-23.284654970666598,0.32680889182851125,8.531700691552457,6.102565717123633,-5.5454532235575416,-0.0115662,0.360098,0.284422,0.272353,0.520166,0.582922,-0.561652,-0.311239,0.377903,-0.217675,0.586462,0.27947,0.559914,-0.514252,71.60941106844008,-10.049143720855309,0.17398483925803243,3.4597126386835644,36.46789346211941,-6.851375240668755,11.56544485398247,15.888460045676013,-0.332519,0.252782,-0.272113,0.630337,0.0665387,0.260408,0.72831
