# Timestamp, Fx, Fy, Fz, Tx, Ty, Tz, FemurPosX, FemurPosY, FemurPosZ, FemurQuatW, FemurQuatX, FemurQuatY, FemurQuatZ, TibiaPosX, TibiaPosY, TibiaPosZ, TibiaQuatW, TibiaQuatX, TibiaQuatY, TibiaQuatZ, Flexion, Adduction, Rotation, Anterior_Posterior, Medial_Lateral, Proximal_Distal, Medial_Joint_Gap, Lateral_Joint_Gap, FTPosX, FTPosY, FTPosZ, FTPosZ, FTQuatW, FTQuatX, FTQuatY, FTQuatZ
0.020276308059692383,20.74898628659058,-35.733967560713445,10.008081515318215,0.07007162411684845,-0.8593383166387281,1.4977894226021726,0.0326771,0.347613,0.259365,0.366592,0.72835,0.385847,-0.431554,-0.083235,0.322679,-0.252623,0.642716,0.322991,0.513832,-0.467514,39.09549453545819,-4.496736419804741,8.047310218516767,3.7491415294768835,-4.228215090361552,-13.063828113756891,28.369616028674987,52.91790586509388,-0.0946456,0.218539,-0.341201,0.553397,-0.0785873,0.148105,0.815868
0.04269099235534668,18.4986634184935,-32.461104606023284,8.64991240651048,-0.31811425084768685,-0.7907463511359358,1.4296328103513665,0.0329636,0.347428,0.259435,0.366264,0.730298,0.381693,-0.432233,-0.081691,0.321216,-0.252972,0.641965,0.322393,0.509501,-0.473658,39.48743348210203,-4.85423336295149,8.146601556869761,3.0419314753187088,-4.161426657087446,-11.958010394227294,27.600050294649243,52.75488369100583,-0.0939578,0.21636,-0.34127,0.559765,-0.0751822,0.149005,0.81167
0.0696098804473877,14.329819411723228,-27.00726160290296,7.196147002373139,-0.8816248074213486,-0.8576628862798363,1.322241812145442,0.0330525,0.347373,0.25939,0.365204,0.730348,0.381596,-0.433131,-0.0798421,0.320072,-0.253419,0.642109,0.325887,0.504032,-0.476912,39.91450264938834,-4.5241852550601624,8.822675329298672,3.6911000913550183,-3.9083597974392887,-12.6879821179824,27.929540014734805,52.65021623536322,-0.092632,0.214872,-0.341077,0.563678,-0.0810174,0.146286,0.80889
0.09473276138305664,13.510400894623476,-24.967775430645663,5.905814383292395,-1.2011418001716696,-1.0809966149099783,1.305281739142801,0.0330623,0.347362,0.259329,0.364974,0.730226,0.381709,-0.43343,-0.0778901,0.318597,-0.253748,0.644418,0.323919,0.500694,-0.478652,40.48795264920417,-4.459283827660215,8.900407435048464,3.403474497813505,-5.341686566660691,-12.466329170473621,27.476001106043398,53.46174152266634,-0.0905786,0.213387,-0.340758,0.561013,-0.0861095,0.144319,0.810569
0.11961793899536133,14.539827113010807,-24.97752403444767,4.810575865376711,-1.4832889981038224,-1.2276107213898881,1.3851721557596133,0.0330719,0.347313,0.259292,0.364997,0.729746,0.381719,-0.43421,-0.076036,0.317146,-0.253896,0.643398,0.32685,0.497564,-0.481288,40.57684051973323,-4.297848743748186,9.494158261598326,4.704689974758505,-5.737270849475159,-13.205435764360566,28.261022871183574,54.37918357335334,-0.088911,0.211523,-0.340593,0.563408,-0.0853535,0.148889,0.808157
0.1443347930908203,13.470963576874475,-24.171465195975937,5.099809674953082,-1.5623404239521077,-1.1431048285055718,1.366221465974823,0.0331656,0.347331,0.259329,0.365836,0.729235,0.382748,-0.433456,-0.0742999,0.316065,-0.25431,0.644689,0.326671,0.495589,-0.481719,40.79638531803232,-4.261840315177448,9.73924284900966,4.751378205707468,-6.067657193539482,-13.434489590472595,28.411759180382152,54.710098069544664,-0.0871897,0.209899,-0.340723,0.568355,-0.0845762,0.150797,0.804413
0.17044520378112793,13.18918089116207,-23.136188600306586,5.316262264123987,-1.6649105906508241,-1.1170383241354462,1.3586561461145898,0.0331554,0.347362,0.25934,0.365706,0.72941,0.382606,-0.433397,-0.0722288,0.315214,-0.254795,0.646624,0.32757,0.489906,-0.484322,41.387447136761786,-4.074125566316987,10.187785306412469,3.8064798713978014,-6.060973184397831,-13.34166124408462,27.705642321877082,54.02655679849844,-0.0855462,0.209002,-0.340716,0.570909,-0.0902266,0.151669,0.801822
0.19513273239135742,12.696428298267945,-22.562237592170963,4.856336300738282,-1.7276020031943338,-1.1112926123061,1.3301691973289258,0.0331185,0.347327,0.259337,0.365244,0.730254,0.381627,-0.433228,-0.0703919,0.314479,-0.255359,0.645249,0.330252,0.4854,-0.488849,41.683277182394086,-4.180136813573621,10.808336467316117,4.03627327414004,-5.599891097500311,-13.278131203223488,27.801181693959204,53.992888610393116,-0.0835359,0.207947,-0.341079,0.573021,-0.0906137,0.151697,0.800265
0.21987104415893555,12.565563669377134,-22.792031738997803,5.47889036143692,-1.7761677570411551,-1.0600864968470407,1.4127968489554859,0.0331054,0.347331,0.259345,0.365413,0.730397,0.381429,-0.433019,-0.0685867,0.313618,-0.255854,0.64809,0.328166,0.485654,-0.486237,41.81858257570508,-4.005661363213681,10.368173385972451,4.527360742674631,-7.519666840712119,-14.125820729086861,28.57346525857596,55.673540389996894,-0.0819926,0.206615,-0.341234,0.576273,-0.0914507,0.150981,0.797967
0.24343109130859375,12.632911077377774,-22.94391051332598,6.180168139553766,-1.7803202124790363,-1.0137792894616693,1.43737933729027,0.0331402,0.347356,0.259356,0.365986,0.72958,0.382509,-0.43296,-0.0667271,0.312953,-0.25629,0.646887,0.333375,0.479389,-0.490495,42.08459573470097,-3.807999789606839,11.560329146972222,4.180426269888024,-6.166112362277069,-14.55990979992471,28.434900450630902,54.44049865613056,-0.080078,0.205678,-0.341449,0.57752,-0.0925495,0.15118,0.7969
0.28566932678222656,11.892318082851595,-23.73058144570804,6.51416461799194,-1.8725023488633394,-0.8933067284158354,1.4907773116780973,0.0331395,0.347333,0.259338,0.365841,0.729566,0.382418,-0.433186,-0.0643742,0.311776,-0.257082,0.647064,0.332989,0.476913,-0.49293,42.39766108880314,-3.8760629630256376,11.80203157210827,4.536416124433675,-7.899895164054406,-15.123016479032607,29.193902276174686,56.24727226510968,-0.0785848,0.204292,-0.341389,0.583454,-0.1005,0.152149,0.791411
0.31148290634155273,11.741332641104028,-23.707312636985304,6.453610836871291,-1.882198668219321,-0.8274419230773133,1.5423775331438314,0.0331694,0.347341,0.259359,0.365992,0.729644,0.382458,-0.432892,-0.0634184,0.31159,-0.257431,0.648838,0.337006,0.476024,-0.48871,42.18672465862516,-3.2388562037236692,11.82021383254715,5.712485496600667,-7.0064567801159825,-17.089818162983654,30.4311811579326,55.82871421614575,-0.0774318,0.203593,-0.341575,0.581942,-0.0984704,0.153227,0.792571
0.337632417678833,10.67124619999796,-24.109523061527216,6.387784006595422,-1.9228105452189215,-0.737472163065646,1.5085873209109921,0.033166,0.347332,0.259359,0.366008,0.729579,0.382394,-0.433043,-0.062314,0.310208,-0.257935,0.64842,0.333013,0.470637,-0.497146,43.08720446487968,-3.89283210963647,12.377921083374378,3.339890806915786,-7.845725319718923,-14.97516515167122,28.690641184492144,55.742656499377716,-0.0762307,0.202105,-0.341775,0.584345,-0.0990519,0.154357,0.790508
0.3615438938140869,8.899873008039991,-21.64445598626065,5.678552447427686,-1.9808783071795921,-0.5994203836395957,1.3680941381186094,0.0331948,0.347319,0.259387,0.366526,0.72971,0.382204,-0.432553,-0.06163,0.309349,-0.258257,0.647476,0.336884,0.470048,-0.496325,42.790406905094436,-3.6995223814525913,12.666628106937335,4.9857729540667854,-6.520437966481772,-16.268594542902846,30.019377077303464,55.69522649845057,-0.0765678,0.200892,-0.341435,0.591605,-0.103131,0.156417,0.784156
0.3825995922088623,7.202168012939518,-20.037583809624383,6.519909264130492,-2.1683284623054018,-0.47501155124994854,1.228472798388235,0.033189,0.347313,0.259342,0.366246,0.729495,0.382417,-0.432965,-0.061225,0.30868,-0.258561,0.650124,0.336752,0.470604,-0.49241,42.79059897358552,-3.2424217044137373,12.309482400369262,5.879758423108754,-7.208374538338532,-17.79274073152449,31.097606160377655,56.432813719851524,-0.0753914,0.199942,-0.341576,0.584281,-0.105424,0.15537,0.789532
0.41011619567871094,3.3465333492425584,-16.061642072010674,3.6703326662612232,-2.4805844747574395,-0.4907379080605073,0.9270730109769797,0.0331775,0.347299,0.259248,0.366021,0.730075,0.382074,-0.432479,-0.0614757,0.307735,-0.258586,0.650805,0.334303,0.469304,-0.494416,43.15483041121534,-3.518586745366874,12.245872127492497,5.440873125861263,-6.659131623583427,-16.62872085349131,30.274813546730087,55.87731897272966,-0.0759545,0.198786,-0.341358,0.587293,-0.10534,0.157501,0.786882
0.4367949962615967,2.9347320608103438,-15.983139152841268,1.6879550955709859,-2.765420181343865,-0.5580875466422226,0.8408803231055283,0.0331723,0.347258,0.259243,0.365809,0.730915,0.380872,-0.432301,-0.0623396,0.307189,-0.258508,0.649942,0.330574,0.469601,-0.497766,43.381773596004045,-4.088618739942859,12.035621992610388,4.726623622808777,-6.644609495170009,-14.966120003990959,29.35030431855056,55.83616740427132,-0.0761653,0.198407,-0.341284,0.583961,-0.106697,0.156223,0.78943
0.46115612983703613,2.104009185517405,-17.26158278900389,0.6655774692874795,-2.781333364626062,-0.5743220385020608,0.8476255318714583,0.0332095,0.347272,0.259308,0.367155,0.729618,0.381778,-0.432552,-0.0628961,0.307381,-0.258083,0.650229,0.331366,0.47088,-0.495653,43.06811157703909,-3.875133308271591,12.080092718946226,4.502812861341024,-6.408420183754927,-15.350953261716654,29.31875508011729,55.3223548988657,-0.0763369,0.198963,-0.341062,0.579454,-0.105999,0.155199,0.793039
0.4858415126800537,1.388659278570537,-15.5841824923541,-0.7628029729515939,-2.5498084887492793,-0.6664022257797725,0.8061327412686363,0.0331605,0.347312,0.259354,0.366241,0.729611,0.382094,-0.433059,-0.0627828,0.30822,-0.257895,0.651905,0.331904,0.473484,-0.490585,42.84819707837649,-3.4057624231928783,11.591669070963292,5.6764573974890915,-7.639043598050812,-16.771619481943887,30.385316753074765,56.480386211986755,-0.0760416,0.199687,-0.341214,0.579149,-0.101483,0.154189,0.794049
0.5123147964477539,3.9278457467225967,-13.655975576420994,-0.2011272376270322,-2.2507045147656606,-0.8344529749676728,0.7834097449840117,0.0331794,0.347334,0.259392,0.366169,0.72975,0.382101,-0.432878,-0.0630746,0.309492,-0.257487,0.65266,0.331264,0.475647,-0.487912,42.674635146587796,-3.3139199767341547,11.224910249018063,5.400095044902503,-8.167200739057918,-16.610156114099887,30.052851241507952,56.47699578598146,-0.0761147,0.201183,-0.341188,0.577431,-0.103269,0.153663,0.795171
0.5383434295654297,6.066059149310428,-14.016954466432752,1.409536410674865,-2.097489396727771,-0.892552327362803,0.7965966538626119,0.0331579,0.347354,0.259334,0.366709,0.729754,0.381949,-0.432548,-0.0632326,0.310641,-0.257229,0.649673,0.332487,0.477112,-0.489634,42.338392933406105,-3.6307269197265173,11.446248704946992,5.319657684287815,-8.102104004773764,-15.866223050296995,29.78988683904373,56.60593897499285,-0.0760877,0.203099,-0.341331,0.578021,-0.107316,0.146393,0.795578
0.5627284049987793,6.835740732941053,-13.552098550334698,1.7037308884993594,-1.9773163059988954,-0.8846527052256509,0.7954414360360899,0.0331159,0.347362,0.259304,0.366799,0.72972,0.381986,-0.432496,-0.0627631,0.311177,-0.257167,0.649612,0.333138,0.476338,-0.490026,42.36632486731832,-3.6003259223843354,11.571588842517532,4.844327933488895,-8.30227363689643,-15.650428272413372,29.391871756360832,56.41236526802221,-0.0754522,0.20398,-0.341667,0.576825,-0.104075,0.14758,0.796657
0.5874063968658447,6.993596981194179,-13.581544375954612,3.65751753070403,-1.914140268342338,-0.7653846140789418,0.7741800566391551,0.0330563,0.347328,0.259342,0.36654,0.730412,0.380861,-0.43254,-0.0622512,0.311746,-0.257171,0.649033,0.335355,0.474821,-0.490753,42.332616478813584,-3.513068124937599,11.725847040724723,4.628089791040981,-7.886425992644661,-15.680929746134012,29.19001456489859,55.87972649294549,-0.0752691,0.204931,-0.341702,0.577252,-0.108692,0.144833,0.796234
0.6119470596313477,6.7636202826617495,-13.995118661603962,5.028163301496877,-1.8908369744281075,-0.6798022768087969,0.8171358384469172,0.033051,0.347333,0.259342,0.366511,0.730433,0.380854,-0.432536,-0.0622856,0.311746,-0.257268,0.649609,0.334908,0.47546,-0.489677,42.30356907643988,-3.4557376699794307,11.568721645319403,4.746988105891273,-8.13270151563502,-15.96455416564249,29.427370785572695,56.11568598432743,-0.0751898,0.204524,-0.341932,0.579112,-0.103307,0.147745,0.795065
0.6344914436340332,7.282240266615474,-14.772620283183869,5.780157901380345,-1.8860165648911085,-0.6828452434241498,0.8259231983291916,0.0330627,0.347316,0.259312,0.366817,0.730347,0.380734,-0.432529,-0.0620895,0.311565,-0.257319,0.647747,0.337225,0.47365,-0.492299,42.27042946261554,-3.543491129760902,12.065770348317606,4.738187915998662,-7.171248445388926,-15.778148074853739,29.314357428157184,55.50508650090992,-0.0750676,0.204358,-0.341799,0.57933,-0.108287,0.144772,0.79479
0.6612377166748047,7.780281203454859,-15.352848528596217,6.5040860249133345,-1.8433826071838502,-0.6873219199610263,0.8717883158481297,0.0331281,0.347299,0.259257,0.366258,0.730999,0.380873,-0.431776,-0.0613986,0.311106,-0.257647,0.648237,0.335395,0.473487,-0.493061,42.5244766846443,-3.7670500238223004,11.944431442211119,5.024388625136073,-7.588194292354508,-15.361225110376296,29.36523247610137,56.1733884445991,-0.0743835,0.203763,-0.341904,0.579667,-0.108584,0.145839,0.794309
0.6859641075134277,7.688713605377948,-15.84989370388741,7.327780316770296,-1.8393382539319103,-0.622695951809537,0.8954015787946165,0.0331355,0.347299,0.25931,0.366248,0.730616,0.380831,-0.432469,-0.061357,0.310637,-0.257838,0.649351,0.333245,0.472401,-0.494093,42.80333862807405,-3.7808964492938437,11.886682661274278,4.045849095787435,-8.46514310682776,-15.253728130208962,29.050079791102682,56.38629949196662,-0.0747322,0.203394,-0.341629,0.581166,-0.111994,0.147759,0.792383
0.7098667621612549,7.3167515853413665,-16.810110603871202,8.183391404168663,-1.8096997856056192,-0.5360398241229495,0.9663178477328049,0.0330911,0.347307,0.259335,0.366279,0.73048,0.381011,-0.432516,-0.0609494,0.310314,-0.257916,0.651982,0.335774,0.47308,-0.488232,42.549324219482294,-3.079368986520616,11.598227548011657,5.509374374403588,-8.143278342314488,-17.334784927778372,30.377519788843532,56.40090016520017,-0.0749313,0.202415,-0.341786,0.583749,-0.108954,0.147099,0.791029
0.7339596748352051,7.738238893952879,-16.671587352364437,8.108474553675133,-1.75938810664694,-0.5625276762353503,0.9667148587918349,0.0330464,0.347301,0.259275,0.366151,0.730611,0.380771,-0.432613,-0.0608858,0.309961,-0.258112,0.651543,0.33529,0.47219,-0.490009,42.684809462476174,-3.219142589889329,11.704713895015306,5.309848230682519,-8.175882946857222,-17.04289989694061,30.239066253392835,56.47285670220145,-0.0745847,0.201567,-0.341934,0.583555,-0.104899,0.149247,0.791318
0.7585098743438721,8.140400364596724,-16.22218259482392,9.12993681238075,-1.83113837145361,-0.5620154419412822,0.8989491250807141,0.0330759,0.34728,0.259236,0.366248,0.730613,0.380598,-0.432681,-0.0609389,0.309298,-0.258294,0.65037,0.333909,0.470344,-0.494268,42.97109475611091,-3.5997832125158467,12.001942925886361,4.472515833644859,-8.008740048727788,-15.986699971994597,29.5394221022773,56.24293230090663,-0.0744443,0.201353,-0.341825,0.582984,-0.11026,0.147989,0.791247
0.7840163707733154,8.363405015204563,-16.98653561622897,9.505869349524865,-1.9819068023152695,-0.5855299878809324,0.9426417406001769,0.0330634,0.347256,0.259172,0.365833,0.730574,0.380556,-0.433134,-0.0606541,0.309167,-0.258406,0.648923,0.33701,0.470565,-0.493854,42.720948610314295,-3.412078895475478,12.209933017346554,5.982536840524023,-7.826977126852476,-17.10549187562537,30.744525578622056,56.914628963296444,-0.0741667,0.200937,-0.342103,0.585058,-0.104927,0.149938,0.790074
0.809415340423584,9.545980803240013,-17.64072489254201,9.379982111343388,-2.1363241520120204,-0.7016725641975182,0.9882630002380877,0.0330126,0.347267,0.259131,0.365166,0.730513,0.380887,-0.43351,-0.0598128,0.309904,-0.258343,0.650913,0.337025,0.470925,-0.490872,42.77057439693779,-3.042632848141942,11.94367478460714,6.100006955057651,-9.2516501191445,-17.844209402494513,30.97886137288496,57.64362396105964,-0.0732493,0.202126,-0.342028,0.581887,-0.109816,0.148556,0.79201
0.834026575088501,9.204175789709339,-18.2007062874606,9.530159673180753,-2.1850622244858875,-0.720361786022577,1.013522835838301,0.0330267,0.347278,0.259165,0.36574,0.730745,0.380688,-0.432808,-0.0592144,0.310194,-0.258322,0.64932,0.339809,0.468413,-0.49346,42.76794613415195,-3.153112851390251,12.49620225045135,5.576829802608977,-7.858993841277524,-17.239003671879786,30.326410856868087,56.387189266066095,-0.0726837,0.202969,-0.342167,0.582553,-0.11097,0.147781,0.791504
0.8584027290344238,9.010232779926513,-17.623576839547635,9.869487857036859,-2.088572738066303,-0.8699490064741005,1.0280074810616937,0.0329713,0.347276,0.259155,0.366153,0.730239,0.380857,-0.433165,-0.0581221,0.311407,-0.258232,0.648839,0.339121,0.469233,-0.493787,42.680409559628885,-3.2266421874099303,12.49081915515941,4.74694617831803,-10.022784039644222,-17.02727555020742,30.09280311054977,57.59325030163108,-0.0716564,0.20442,-0.342333,0.585014,-0.114683,0.144505,0.789762
0.8848052024841309,10.676889763124159,-16.39696594096038,9.741910872286784,-2.0146770273692898,-1.0448687854115566,1.0685036771030534,0.0329935,0.347286,0.259182,0.365832,0.730552,0.380736,-0.433014,-0.0577495,0.311761,-0.258135,0.652243,0.339554,0.470804,-0.487469,42.52764464520871,-2.638870679058982,11.885226489243227,5.564924591877304,-10.409210136959459,-18.432251637310173,30.785702511024837,57.7401270378708,-0.0711947,0.204295,-0.342572,0.585658,-0.109146,0.144758,0.790024
0.9103789329528809,11.781143189436792,-16.283056984882677,9.166279664615878,-2.0350738657736205,-1.1535471693818076,1.0845052251586733,0.0330376,0.347288,0.259198,0.367082,0.73052,0.380511,-0.432206,-0.0583107,0.311233,-0.258173,0.649969,0.337305,0.470579,-0.492262,42.59382065429386,-3.3487040559290215,12.150813019008506,4.431725369967619,-9.654127920538883,-16.541543970028492,29.744688275633575,57.18352184302678,-0.0709675,0.203985,-0.342397,0.581464,-0.109439,0.146663,0.792725
0.9359896183013916,11.916504522970804,-16.48736300233411,9.394282950011698,-2.1125868894298754,-1.0368926621016696,1.0554942333356898,0.0330265,0.347265,0.259182,0.366381,0.730642,0.380416,-0.432678,-0.0581273,0.310564,-0.258258,0.649745,0.339181,0.468465,-0.493283,42.73741006569435,-3.1823190612896974,12.427955481734962,5.029434996920688,-9.009810188132114,-17.019430035614327,30.034850569092793,56.91227869618628,-0.0713042,0.203505,-0.342272,0.582105,-0.112939,0.144773,0.792111
0.9623832702636719,8.775364251424218,-18.70996824227576,9.759867839897142,-2.317840008348855,-0.6734625623587557,1.0346610586150926,0.0330376,0.347245,0.25919,0.366347,0.730639,0.380328,-0.432789,-0.0575259,0.310468,-0.258394,0.647727,0.339655,0.467912,-0.496127,42.74110403732454,-3.436123100836461,12.727011591015959,5.199994828904682,-9.47169945358467,-16.753468024652406,30.242757520979993,57.66055725148968,-0.0711507,0.203055,-0.342309,0.586691,-0.111504,0.146659,0.788576
0.9882206916809082,7.208263516075271,-19.95240501632094,10.161960478589416,-2.3163238241357518,-0.5997458373515033,1.105199241202415,0.0329976,0.347284,0.259156,0.36609,0.729744,0.381575,-0.43342,-0.0569635,0.310418,-0.258426,0.649271,0.340132,0.465489,-0.496062,43.052195579567886,-3.1219028708364425,12.99154130751337,4.536865339102388,-9.957154437890317,-17.158120276620707,29.938634418679854,57.38552948628479,-0.0709272,0.203124,-0.342326,0.588159,-0.113847,0.144596,0.787528
1.0121216773986816,8.763667927455542,-18.4180267973716,9.722211370299913,-2.1311446208999603,-0.7204900489898486,1.0722272280871212,0.0330943,0.347293,0.259299,0.366732,0.730544,0.380632,-0.432357,-0.0566651,0.310844,-0.25845,0.649447,0.340089,0.466152,-0.495238,42.90149686250133,-3.2388127956288058,12.797465859955942,4.228178431538812,-9.391904519694123,-16.813953108004107,29.693780430721937,56.875273909083916,-0.0699708,0.203526,-0.342592,0.586131,-0.112394,0.142912,0.789553
1.0376064777374268,9.516875739385167,-19.72217172206756,11.099167652850417,-2.186304077820385,-0.7030294022529908,1.1296096320253195,0.0330874,0.347311,0.259258,0.36667,0.73107,0.380619,-0.431532,-0.0562329,0.310862,-0.258647,0.650836,0.33916,0.465902,-0.494285,43.04258697256319,-3.247002289991187,12.618296893934208,4.032077192248881,-9.294871749445448,-16.599136268914854,29.456290031084023,56.66081367783955,-0.069625,0.203768,-0.342466,0.586706,-0.117323,0.144762,0.78807
1.0673885345458984,9.597337761835242,-21.017865134935164,12.004725378080423,-2.1162212197191708,-0.6109270474279043,1.2293463194404055,0.0330303,0.347293,0.259242,0.367193,0.730611,0.380504,-0.431964,-0.0550697,0.310542,-0.258872,0.653749,0.341411,0.468214,-0.486648,42.553510900326344,-2.4356423987310727,12.099742885860849,5.996713738115975,-10.495816537917662,-19.539917112316957,31.618167298414146,58.08001472662312,-0.0685903,0.202773,-0.342778,0.588585,-0.113837,0.143757,0.787364
1.0913290977478027,10.3667853759889,-19.989955403303696,10.82343138603522,-2.028498824903176,-0.6645690429934674,1.1466963878640786,0.0329369,0.347366,0.259216,0.366953,0.729862,0.382205,-0.431933,-0.0556746,0.309779,-0.258908,0.651143,0.339779,0.465413,-0.493916,43.08187714365947,-3.0649562823820657,12.876847895318356,4.994619652326893,-9.926697790072744,-17.70532288685576,30.4942858261085,57.678005530594135,-0.0684341,0.202122,-0.342814,0.585291,-0.110515,0.147683,0.789564
1.1139137744903564,9.393494850283474,-21.67104411205826,12.93875255120922,-2.153400116726288,-0.441188124359021,1.2063282295860054,0.0329341,0.347305,0.259236,0.367068,0.730376,0.380867,-0.432149,-0.055088,0.309685,-0.259134,0.655452,0.339643,0.46501,-0.488662,43.08895805788121,-2.4441743337936073,12.268022254447,4.659940382794197,-10.264787415627403,-19.011154969402597,30.710850430601003,57.19247457820465,-0.0684052,0.201941,-0.342576,0.58627,-0.118081,0.145418,0.788161
1.138042688369751,7.330752237863057,-24.969939752010955,16.472678004948992,-2.290621797455511,-0.1262377947535583,1.3166595966172394,0.033066,0.34725,0.259212,0.366628,0.730912,0.380252,-0.432157,-0.052726,0.308864,-0.259722,0.654458,0.342359,0.460668,-0.4922,43.37197543936797,-2.4437735815906656,12.859789472740012,4.998754924056854,-10.387902846843716,-19.412492560158547,31.137172157861336,57.6396379089928,-0.0666752,0.20069,-0.343029,0.593278,-0.117669,0.145362,0.782972
1.1618783473968506,6.960141541187441,-24.67969283954751,16.06081955113202,-2.1758096501864523,-0.06751371677753829,1.2769828034181365,0.0330868,0.347248,0.259217,0.366695,0.730953,0.380216,-0.432063,-0.052287,0.308252,-0.259947,0.653018,0.343165,0.459462,-0.494671,43.42566889964548,-2.623100238976913,13.184860496370653,5.314581331146979,-10.097137374728156,-19.320297602885574,31.382811852193196,57.86535615481545,-0.0658806,0.199631,-0.343112,0.59304,-0.11671,0.146835,0.783021
1.1858634948730469,6.202270413880105,-24.130158403114635,14.297977373272184,-2.034804476725536,-0.04322523550453192,1.1913591369463017,0.0330392,0.347259,0.259212,0.366327,0.730881,0.380321,-0.432404,-0.0524129,0.307225,-0.260124,0.651622,0.342768,0.457902,-0.498222,43.65161883669999,-2.8779355942592915,13.508929993833476,5.514739532499771,-9.892883819753514,-18.95456804795706,31.461234872707433,58.14638986436456,-0.0656183,0.1988,-0.342907,0.590446,-0.119578,0.146899,0.784535
1.209744930267334,2.7775907800345743,-23.21188320962302,9.535939373305366,-1.8240162331563263,-0.048477825931300636,1.1240908917124994,0.0329729,0.347334,0.259267,0.367272,0.730808,0.380915,-0.431202,-0.0520136,0.306403,-0.260297,0.653077,0.3394,0.456396,-0.500001,44.0506916281619,-3.2253848832574974,13.522375252275218,4.22321158914232,-9.754034526902004,-17.629733307420345,30.394628669062893,57.58031038110117,-0.0648738,0.197843,-0.342845,0.589604,-0.120894,0.150028,0.784374
1.2346577644348145,4.24479181545223,-23.48623890775512,7.480479317484905,-1.7872284990201415,-0.18840112090041028,1.1781720570460712,0.0329747,0.347372,0.259346,0.367498,0.72993,0.381712,-0.431791,-0.051244,0.305712,-0.260508,0.656007,0.34077,0.455563,-0.495977,44.06038175988162,-2.5709754418797344,13.449881612571449,4.78552378336013,-10.184952961702813,-19.62130180486043,31.410980068289483,57.79582297880634,-0.0641278,0.196381,-0.342725,0.587932,-0.121042,0.15072,0.785473
1.2600033283233643,3.9470930336442906,-23.996897013852312,5.6279483365186165,-1.7393542956688155,-0.2312040974797617,1.1415574379894438,0.0331814,0.347346,0.259525,0.367893,0.730989,0.380591,-0.430651,-0.0514052,0.304106,-0.260775,0.653395,0.338558,0.452744,-0.503464,44.45155071617447,-3.464607499595689,13.858822451500924,3.9189417411985126,-8.46279362059289,-17.37166845738014,30.340408588233156,56.87506209677083,-0.0645892,0.194599,-0.342272,0.589944,-0.124042,0.154027,0.782851
1.2849292755126953,3.3034631828251575,-23.743409099375306,4.550225295633268,-1.7348222897280305,-0.20732657688200615,1.1370333721549024,0.0332289,0.34734,0.25954,0.36768,0.731049,0.380846,-0.430506,-0.051251,0.302587,-0.261203,0.658603,0.335696,0.453593,-0.497799,44.66698458389031,-2.977123204172454,13.102837280146723,4.644965280026579,-8.937510826182127,-18.898221347515005,31.307082205685937,57.32106928100817,-0.0641586,0.192219,-0.342056,0.586826,-0.125116,0.153355,0.785152
1.3100240230560303,0.8600972172064945,-24.458724268062767,5.693472340174415,-1.9560068455604505,-0.12111780416458484,1.2039181353582573,0.0331525,0.347385,0.259459,0.3679,0.730033,0.381935,-0.431076,-0.051059,0.300457,-0.261807,0.659866,0.333585,0.450474,-0.500371,45.193993937457975,-3.0235679540285956,13.407710970042736,4.134427799144582,-9.15439079310461,-19.090116691668968,31.396874651403465,57.46888490407341,-0.0653141,0.1894,-0.341489,0.59697,-0.12958,0.159501,0.775496
1.3338720798492432,3.8405174081127553,-24.16295604008003,6.434168344249562,-2.233089069997156,-0.39603062513514875,1.2141818173297358,0.0331281,0.347299,0.259417,0.366988,0.73103,0.380332,-0.431582,-0.0511619,0.297687,-0.262431,0.658702,0.329804,0.446543,-0.507879,45.909770184099465,-3.683998743096508,13.609571542691125,3.726984345168187,-9.006318399139865,-17.783558542192978,31.07831345498533,57.8891431256975,-0.0655106,0.186744,-0.340863,0.59277,-0.136144,0.161504,0.777178
1.359370470046997,6.715752327860287,-25.373767298895928,7.001421345935322,-2.7602023131824103,-0.5950508666460442,1.3380798031790941,0.0331509,0.347239,0.259324,0.367245,0.730882,0.380273,-0.431664,-0.0521084,0.295331,-0.262849,0.658406,0.32673,0.445268,-0.511356,46.244387997954526,-4.087375620344357,13.687666126121261,3.628817248391659,-8.23745038944358,-17.142671322827447,31.037312349138425,57.775641342045695,-0.0662579,0.183222,-0.340606,0.593453,-0.12855,0.167052,0.776777
1.3849692344665527,6.959332376290446,-25.356458341589164,5.661201797773848,-2.9325959421881627,-0.7114712874660901,1.4220371528439455,0.0331704,0.34721,0.259219,0.367641,0.730213,0.381051,-0.431775,-0.0525534,0.293672,-0.263178,0.663652,0.322314,0.44725,-0.505616,46.41048030098094,-3.675183833187047,12.86386053068859,3.9378022700091826,-9.052629019793052,-18.395879366712244,31.766563341168617,58.28569093854078,-0.0674662,0.181235,-0.340007,0.593632,-0.132699,0.168259,0.775681
1.4105138778686523,8.29056044294884,-25.420246211786626,4.846341178132115,-3.1914316883813374,-0.8788952326301547,1.4387482783362646,0.0332252,0.347219,0.259302,0.367438,0.729868,0.381378,-0.432242,-0.0529399,0.292541,-0.263324,0.663544,0.320223,0.445058,-0.509009,46.8286077389499,-3.9142724008267398,13.084018424601506,3.1043227086948875,-8.966673827579925,-17.76737170081109,31.310648357198946,58.068887092400225,-0.068452,0.179651,-0.339564,0.59525,-0.133429,0.172208,0.773446
1.4358642101287842,8.581907086624511,-26.34520306954484,5.965362385554541,-3.359205446203401,-0.9237358617770023,1.4662876517224968,0.0333054,0.347193,0.259415,0.367377,0.730804,0.380432,-0.431545,-0.0532451,0.291691,-0.263399,0.661768,0.318505,0.442247,-0.514816,47.224332316875675,-4.549496778786384,13.379382508910325,2.012396614043837,-7.735630094961259,-15.844093842506197,30.12411807141804,57.06468866571991,-0.0685314,0.178753,-0.339347,0.596156,-0.13383,0.171909,0.772745
1.4623026847839355,10.45338753010828,-26.449485468144058,5.355902341063781,-3.1648250206996567,-1.2076291742695229,1.6144263290249827,0.0332907,0.347218,0.259322,0.366374,0.729672,0.381769,-0.433129,-0.05302,0.290975,-0.26353,0.660397,0.320039,0.44288,-0.515081,47.14729950560396,-4.351534674710294,13.66409398903011,3.9058708958225523,-9.05049028502912,-17.443875977662955,31.926630692791814,59.19316450884167,-0.0683246,0.177957,-0.338999,0.594383,-0.135965,0.174211,0.773222
1.4883918762207031,13.806976920387125,-24.56138548674327,2.864062399476437,-2.7923995770677457,-1.65188317715943,1.735955347592128,0.0332966,0.347239,0.259383,0.36784,0.729936,0.381356,-0.431804,-0.0530238,0.290353,-0.263701,0.665933,0.316675,0.444886,-0.508259,47.10799019151811,-3.984106021746822,12.723495337524717,3.3771416388576263,-8.790686445027319,-18.045540945506062,31.77927106220836,58.324115342602234,-0.0680557,0.176994,-0.338722,0.590175,-0.137912,0.175377,0.775833
1.5094985961914062,14.819953604882206,-24.876005908892665,3.3103605415537554,-2.6173672218828634,-1.7818402954185448,1.7848234126991844,0.0332975,0.347212,0.259445,0.367887,0.730788,0.380213,-0.43133,-0.0532861,0.289463,-0.263801,0.6632,0.314999,0.442128,-0.515232,47.45936726358545,-4.733462143784543,13.104663893006862,2.331888322426508,-7.891536619682697,-15.971810957798567,30.666703269318024,57.7186291881424,-0.0678582,0.175934,-0.33864,0.590369,-0.135909,0.177777,0.775493
1.5347013473510742,16.22069194769819,-24.897674554450546,3.444971033977776,-2.573129615874905,-1.9110961246323728,1.8673535644766919,0.0332826,0.347234,0.259475,0.3674,0.730974,0.380405,-0.431262,-0.0530428,0.288213,-0.264,0.663346,0.316021,0.44084,-0.515523,47.58410493754765,-4.646739855836067,13.257721062040918,3.4721921625607237,-7.173245252916743,-16.730142722370672,31.482239321107137,57.90735929705069,-0.0676843,0.174222,-0.338386,0.589729,-0.135928,0.180172,0.775424
1.5599281787872314,17.848353113121526,-27.684229662465114,3.4066323579322666,-2.8477300161456447,-2.0471059487393934,2.106871443525317,0.0333216,0.347219,0.259461,0.367334,0.730887,0.380522,-0.431361,-0.0521845,0.286912,-0.264389,0.666669,0.316748,0.437319,-0.513786,47.95138994167495,-4.1572545587342775,13.320594285412529,3.2302828708689724,-6.5103046035912016,-17.825716493294664,31.66029592179091,56.990204771718446,-0.0674414,0.172493,-0.338134,0.591331,-0.13681,0.183081,0.773364
1.585439920425415,17.31794543388655,-29.760827526160387,4.175096932630801,-2.966182025381503,-2.0158973558853313,2.1286295317081128,0.0334294,0.347184,0.259479,0.367319,0.730822,0.38038,-0.43161,-0.0516242,0.285098,-0.264683,0.663313,0.314973,0.433682,-0.522234,48.41660937848642,-4.930894327850785,13.98667657912856,2.6993296813842136,-6.7120214615079234,-16.305286235222496,31.248330435436923,57.67880044423855,-0.0671209,0.170432,-0.337816,0.594978,-0.138167,0.184309,0.770027
1.6126832962036133,17.438612448119155,-29.375996525186544,3.7124611622253623,-2.9159712117262218,-2.026294189346636,2.1438470784721932,0.0334632,0.34715,0.259529,0.367037,0.730682,0.380077,-0.432352,-0.0509929,0.284472,-0.264924,0.667436,0.313889,0.434617,-0.516828,48.44783215778021,-4.29291151065693,13.377021173923854,3.232230124546909,-7.995048417187618,-18.24427480123225,32.34596953071154,58.52557577808367,-0.066471,0.169164,-0.337554,0.593962,-0.139459,0.186518,0.770046
1.6380808353424072,17.013091136414445,-29.308182244723124,4.4176645169311195,-2.8739808553422796,-1.959836764183994,2.0453483279550912,0.0334148,0.347192,0.259626,0.366118,0.731525,0.380386,-0.431435,-0.0509482,0.282785,-0.265199,0.66609,0.311988,0.431737,-0.522102,49.01619605134445,-4.881761251097254,13.70201275757828,3.472635683795815,-7.045757276784293,-17.11210969123487,32.22156198538555,58.61937447936861,-0.0657464,0.166559,-0.337108,0.593153,-0.142354,0.187444,0.769915
1.660975694656372,16.796805129547064,-27.016853018672172,3.972675394489969,-2.639584279560349,-1.901074779084956,1.9040412392463428,0.0333165,0.347242,0.259514,0.367231,0.731039,0.380541,-0.431175,-0.0506269,0.281035,-0.265637,0.667425,0.312228,0.427523,-0.523718,49.350073238205425,-4.8231950820947525,14.094288852829077,2.5361191546253714,-5.6577414608563075,-17.11362797761167,31.75727008612746,57.15793295562187,-0.0653539,0.164927,-0.336762,0.592271,-0.146406,0.188941,0.769468
1.6873388290405273,15.96788904518207,-26.29161623789905,1.8486303194249565,-2.659922308670383,-1.914485385664501,1.8565203469255727,0.0332706,0.347264,0.259491,0.367479,0.731021,0.380479,-0.431049,-0.0502983,0.280416,-0.265805,0.670138,0.310175,0.429704,-0.519675,49.281803521442086,-4.571059160745663,13.501040656424045,3.2616495199147266,-6.634271531437868,-18.113639772581216,32.61213325818469,58.145784291935215,-0.0642744,0.163557,-0.336769,0.589471,-0.145846,0.191135,0.771181
1.7111728191375732,16.86743799673321,-25.478695906656373,1.2601118730069352,-2.7726007362023632,-1.9783915997502581,1.7981479280748542,0.0333179,0.34728,0.259613,0.367685,0.730972,0.380652,-0.430804,-0.0496625,0.279394,-0.265889,0.669443,0.309529,0.426178,-0.523842,49.68296571615875,-4.880467526544342,13.943589523642839,2.4154950535345066,-6.254475712963831,-17.211586271957344,31.959442032722777,57.709005302257765,-0.0636085,0.162904,-0.336561,0.589213,-0.147032,0.191788,0.770991
1.7383427619934082,16.633944330102487,-26.15561416660845,3.160158819341582,-3.0321002103499852,-1.7962069516921293,1.7463724999391965,0.0334,0.347279,0.259805,0.365933,0.731407,0.381296,-0.430988,-0.0484845,0.279077,-0.265813,0.668887,0.312537,0.424501,-0.524128,49.84179038137287,-4.661231890196046,14.277714494218273,4.175983180761431,-6.256863352472337,-18.371676190828524,33.21454871663614,58.72663110574151,-0.0625103,0.162604,-0.336362,0.591431,-0.150189,0.191773,0.768684
1.7613158226013184,14.677721977306353,-25.58121358921186,2.5367628918999836,-3.1100603573304864,-1.6105676631233596,1.648552702577671,0.0333885,0.347288,0.259806,0.366008,0.731383,0.381306,-0.430955,-0.047834,0.278985,-0.265935,0.672734,0.308838,0.424584,-0.521323,50.14930899852524,-4.448776387603422,13.721712930137567,3.115540982172533,-7.751357234419935,-18.41381879066047,32.74636875337916,58.912400778452536,-0.0616323,0.162349,-0.336582,0.592055,-0.148752,0.189454,0.769058
1.785186767578125,12.76499806757639,-25.120610361505133,2.4691254632788073,-3.1647129446593922,-1.4428795199845112,1.5530709860002063,0.0333339,0.347334,0.2598,0.365796,0.731562,0.381432,-0.43072,-0.047092,0.279309,-0.266001,0.670572,0.31254,0.424905,-0.52164,49.849339352358136,-4.421583231728451,14.05893148735813,4.649867723168249,-7.471649047988066,-19.173208187966424,33.82794983224713,59.71138884791074,-0.0605406,0.162723,-0.336751,0.591486,-0.151861,0.187456,0.769378
1.8113343715667725,12.335832734265699,-24.475418880935873,3.88871973320872,-3.043683487326566,-1.2196170368507857,1.4987962456314716,0.0332606,0.347383,0.259826,0.365458,0.731653,0.381652,-0.430658,-0.0458376,0.279657,-0.265973,0.675315,0.312986,0.424412,-0.515619,49.97155871194492,-3.6595153447339275,13.634276229157589,4.752306110160543,-8.211510333563119,-20.645638566154716,34.135500318304494,59.55121879791115,-0.0589476,0.162865,-0.337032,0.590337,-0.151212,0.186021,0.770736
1.8364675045013428,10.828186430277183,-24.657421884241646,4.98512302163973,-2.8746700995354533,-1.0420817922711163,1.3659183543274,0.0332019,0.347401,0.259842,0.366183,0.731566,0.381701,-0.430146,-0.0448962,0.279571,-0.266162,0.674064,0.311466,0.421581,-0.520476,50.30681718839708,-4.166755460615283,14.036150278147012,3.024895410849073,-8.670451435623079,-18.98853095464306,32.850107931116746,59.29696270362322,-0.0575163,0.163033,-0.337288,0.592073,-0.153268,0.184966,0.76925
1.8622817993164062,11.193547845886089,-23.980606951930007,3.1237580856086464,-2.7050721318442292,-1.2032788501498846,1.2915874081525343,0.0330913,0.347424,0.259856,0.366497,0.731973,0.38037,-0.430364,-0.0439663,0.279604,-0.266231,0.673887,0.313904,0.422488,-0.518502,49.930098032691184,-3.9026307854408833,13.920043493292582,4.230056688980653,-9.121021742373529,-20.22836511714393,33.944291416498466,60.17784904292847,-0.0561585,0.163086,-0.33738,0.59014,-0.154886,0.184412,0.770544
1.8872580528259277,12.555091236299695,-24.48354085201432,1.8781429823993636,-2.7203690485649497,-1.4099356982379878,1.418169588778013,0.0330648,0.347471,0.259909,0.367267,0.731917,0.380392,-0.429784,-0.0435141,0.279757,-0.266148,0.6785,0.312142,0.425438,-0.511085,49.728159485570735,-3.356424962899014,13.07891601723102,4.603595303459944,-9.926086357513185,-21.464275235387923,34.44305649241701,60.38773373457048,-0.0555099,0.163052,-0.337356,0.586984,-0.155759,0.184161,0.772835
1.9126574993133545,15.334963383060481,-25.533815782496166,1.3155620210935006,-2.662926706660477,-1.6654364883162531,1.5014278559485208,0.0331253,0.347512,0.260047,0.367176,0.732673,0.379812,-0.429086,-0.043462,0.280024,-0.265993,0.675081,0.31305,0.424527,-0.515793,49.727121663900604,-3.9153804397466065,13.473609105011956,4.548827777611081,-9.086581439714152,-20.071179852400704,33.937895866483025,60.21203465405092,-0.0552554,0.163415,-0.337405,0.588857,-0.153107,0.183312,0.772142
1.936342477798462,16.715410505351155,-26.46891500093908,2.0795753822976137,-2.6578302381579544,-1.7279003188555515,1.5919829745746212,0.03319,0.347541,0.260115,0.368646,0.732237,0.380324,-0.428115,-0.0433224,0.280132,-0.265914,0.676472,0.311854,0.425182,-0.514154,49.6512098598887,-3.9367858960642543,13.33063068100303,3.7143886527951544,-8.753178343041988,-19.611546396683835,33.30898561441443,59.406470104578666,-0.0552772,0.163948,-0.337357,0.587594,-0.155214,0.183694,0.772592
1.9589097499847412,20.434741770118432,-25.40530265382091,2.2249099147465223,-2.52481429378329,-1.9779729561044241,1.6010016216883827,0.0332159,0.347565,0.26018,0.368197,0.732425,0.38034,-0.428166,-0.0442499,0.281687,-0.265565,0.673672,0.31389,0.426008,-0.515904,49.43043362910319,-4.127365328771684,13.597131624176935,3.573660199277395,-8.048104420363408,-18.86152065946966,32.78748716732569,58.84594650182854,-0.0560313,0.165419,-0.337698,0.588305,-0.147035,0.18327,0.77375
1.9852030277252197,22.158799030050965,-24.499150175859473,3.70089875793667,-2.459626322981301,-2.0571972514221883,1.6738946014730092,0.0331729,0.347568,0.260117,0.368452,0.732431,0.380123,-0.428129,-0.0454815,0.283037,-0.265307,0.676863,0.313323,0.429763,-0.50891,49.066047995425315,-3.5835887303014933,12.822094949016918,3.4579359748573353,-7.9310205867286,-19.63130804708951,32.68238531862804,57.989274605229355,-0.0570237,0.167071,-0.337797,0.584131,-0.14601,0.183819,0.77697
2.0118064880371094,23.943414998401916,-24.683356421650302,4.64524084203147,-2.4013629368699365,-2.2716292748860347,1.6938238485111865,0.0330363,0.347544,0.259971,0.366622,0.732446,0.379939,-0.429835,-0.0471791,0.283942,-0.265102,0.671244,0.314734,0.431973,-0.513589,48.81446611928113,-4.0132384536460854,13.162395511843243,4.709901488899998,-8.61552264582113,-19.277951063957616,33.396311702252135,59.6481230339823,-0.059148,0.168512,-0.337849,0.586269,-0.146485,0.182408,0.775602
2.036142110824585,24.64637622051333,-26.154358424864974,3.8242807210127463,-2.475159692160908,-2.400236057552982,1.8128199891105914,0.0330522,0.347516,0.259976,0.367013,0.732376,0.379618,-0.429904,-0.0480588,0.285184,-0.26482,0.672015,0.311439,0.436683,-0.510598,48.50857433882625,-4.088001020796753,12.43364444538516,4.270028077738186,-10.091904540130379,-18.857694998384872,33.11473545442375,60.36460477221399,-0.0602483,0.169748,-0.338161,0.587363,-0.139719,0.181565,0.77622
2.061687469482422,26.303072157755107,-26.51114168859957,5.946649350056373,-2.6330381063924952,-2.4077938936136163,1.9200963889348883,0.033196,0.347529,0.260078,0.367954,0.731948,0.380698,-0.428871,-0.048233,0.286831,-0.26433,0.673036,0.314302,0.438457,-0.505957,48.08312269243026,-3.7102896869592743,12.399364402153594,4.244199890865087,-8.821646563025347,-19.173652934742435,32.72363667025658,58.85102239736304,-0.0616109,0.172355,-0.338113,0.585916,-0.141997,0.180409,0.77717
2.085167407989502,26.554715406891372,-25.56593458257401,6.2304352693413225,-2.78147820802903,-2.4096412904245503,1.8592970784403093,0.0332543,0.347497,0.260068,0.367429,0.732033,0.380696,-0.429178,-0.0490954,0.288882,-0.263858,0.671024,0.314975,0.441317,-0.505723,47.75459859976159,-3.8213010176097857,12.309260035083284,4.159579150226737,-9.308371066697944,-18.585004095230282,32.352888763483755,59.060771523356266,-0.0630746,0.174869,-0.338384,0.588793,-0.138068,0.178882,0.776055
2.1126420497894287,25.937791115460193,-25.411461774113285,6.25138058780087,-3.1384928658613855,-2.3958713442066135,1.7791684625439685,0.0331924,0.347456,0.259918,0.366733,0.731446,0.380897,-0.430594,-0.0502565,0.291264,-0.263433,0.66403,0.320228,0.441168,-0.511751,47.351270949583466,-4.1678403570166305,13.304717006338635,3.9104027230486516,-8.906311186321624,-17.598712908138552,31.786904101187794,58.8479085762539,-0.0641984,0.177854,-0.338939,0.590634,-0.131485,0.175949,0.77647
2.1400609016418457,24.90014881309844,-26.456737849210107,8.056768278027196,-3.283473869296911,-2.2781854318197223,1.8384095957214417,0.0331446,0.347416,0.259779,0.366961,0.731325,0.38121,-0.430329,-0.0512405,0.295581,-0.262546,0.665141,0.324073,0.448164,-0.50171,46.30943327740333,-3.4084503607211794,12.595704635741054,4.465526468058766,-9.182328817108065,-18.702951530908443,31.81900739640361,58.26122539261668,-0.066094,0.183438,-0.339628,0.5941,-0.128658,0.168609,0.775928
2.1671805381774902,25.43303035407212,-25.285451803147275,10.635926332395217,-3.12853724410301,-2.1946233364040806,1.7655778105424702,0.0331395,0.347416,0.259771,0.366948,0.731335,0.381213,-0.430319,-0.0515435,0.298056,-0.261987,0.662205,0.33113,0.449559,-0.499734,45.592393991498525,-3.062387624684627,13.001662269645493,5.372440528504637,-7.8054070457592175,-19.384886593100127,32.13336081232333,57.34015813848622,-0.066501,0.186707,-0.340011,0.592714,-0.127447,0.165764,0.777798
2.1944432258605957,24.942302275904286,-21.35621074326018,11.34187897012561,-2.9625898213826742,-2.182271766763159,1.4747573882379332,0.0330441,0.347439,0.25966,0.367319,0.731142,0.382249,-0.429411,-0.0526814,0.30263,-0.260918,0.657708,0.331841,0.454305,-0.500908,45.010268391952096,-3.62118210666248,13.12645452140049,3.905503906577028,-8.390814440052395,-16.839302055789837,30.13211210884379,56.91869230349149,-0.0660979,0.192784,-0.341145,0.586965,-0.121465,0.156193,0.785062
2.219308614730835,22.832405266125075,-23.146405451047436,14.545514801204039,-3.2069228155704352,-1.883437579425009,1.5531499744083572,0.032984,0.347486,0.259516,0.368009,0.730467,0.383045,-0.429259,-0.0523392,0.306545,-0.260015,0.657309,0.3385,0.459754,-0.491923,43.85852729127414,-2.7896711988264737,12.895383999603329,5.228991804316383,-8.897923679860739,-18.64518089634862,30.972809277725734,57.045686011666696,-0.0665014,0.19749,-0.341887,0.593863,-0.11358,0.152513,0.781771
2.244839668273926,21.27938550391875,-23.927384465015905,15.769671955032168,-3.2393205444635007,-1.7738573586657846,1.5013127197065208,0.0329411,0.347439,0.259437,0.368073,0.730478,0.383013,-0.429215,-0.0521402,0.309076,-0.259416,0.64951,0.344594,0.46165,-0.496257,43.10061308978696,-3.2340755440401976,13.748395110696663,6.2249725905890365,-8.64467720355703,-17.9147517675885,31.18266566624565,57.74689693847839,-0.0661631,0.201304,-0.342363,0.594698,-0.113106,0.148866,0.781908
2.271082639694214,20.360109761472202,-23.19677583116637,16.762428083124483,-3.034436067482616,-1.765216829213797,1.431545583906156,0.0329497,0.347441,0.259422,0.368405,0.730357,0.382725,-0.429394,-0.0515513,0.314632,-0.257795,0.646945,0.350734,0.462767,-0.494261,42.42289895452097,-2.875953028477645,14.072617044314875,4.200408763532362,-9.12103721184073,-16.886742239314025,29.086085047175885,56.082145991940706,-0.0651896,0.208753,-0.343186,0.593549,-0.108102,0.136377,0.785757
2.293950319290161,20.64101343205725,-23.177556034423446,16.565027629750407,-2.9558307312375063,-1.7701468777887333,1.4587291644625513,0.0329516,0.347452,0.259502,0.368198,0.731058,0.382176,-0.428866,-0.0515561,0.317358,-0.2569,0.647799,0.352404,0.468273,-0.486711,41.695464181545276,-2.460228088389674,13.286529948832488,5.270363594853752,-10.00954360059692,-17.692577301644697,29.600863588513437,56.72034654928071,-0.0649432,0.212238,-0.343667,0.592936,-0.0997913,0.133108,0.787878
2.320485830307007,20.246008547422264,-21.675624761865336,16.353830617592774,-2.753884303879203,-1.7025886709067184,1.3261414070393267,0.0329386,0.347474,0.25954,0.368295,0.731155,0.382141,-0.42865,-0.0523219,0.322401,-0.255205,0.644984,0.356758,0.475269,-0.480458,40.53184108666095,-2.1819109211137615,12.893418335038803,5.668404001066211,-10.765107542943639,-17.734421872365246,29.415338416176162,56.87051091790304,-0.0649512,0.219093,-0.344075,0.591175,-0.0941,0.126557,0.790974
2.3470406532287598,19.75604820137164,-20.873281356223277,16.863271653182327,-2.734478339350147,-1.63971512971961,1.2408125542854516,0.0328968,0.347474,0.259518,0.368304,0.731285,0.382301,-0.428276,-0.0528388,0.325687,-0.253958,0.643548,0.35807,0.479515,-0.477177,39.94917018745593,-2.147415028740104,12.60000613434157,5.362560527259745,-11.455971505657828,-17.005944437611255,28.64649382079271,56.87215758362904,-0.0650377,0.22333,-0.344425,0.590819,-0.0878563,0.120172,0.792952
2.371593475341797,18.823407781708795,-22.84071044664693,17.132036610500766,-2.8452082412766853,-1.551514610505878,1.3077202154633818,0.0328566,0.347507,0.259441,0.368696,0.730444,0.383171,-0.428596,-0.052946,0.328962,-0.252819,0.644416,0.362343,0.483945,-0.468222,39.08489494248833,-1.3054129134342833,12.170050344721915,5.9362687549824855,-12.372716034817543,-18.694500184381795,29.164100904176436,56.91109378736138,-0.0655625,0.227751,-0.344339,0.5907,-0.0902956,0.111395,0.794047
2.395469903945923,18.702139331548207,-23.501182095774105,16.258402875467937,-2.837275437515555,-1.6243403950051196,1.2683152294003455,0.0328766,0.347505,0.259471,0.368546,0.730472,0.383294,-0.428567,-0.0534766,0.331752,-0.251655,0.638799,0.365094,0.486212,-0.471424,38.5967397530887,-1.7426198281974887,12.639912206472921,5.615369991820348,-12.349383680669675,-17.16796143271617,28.2971481024939,56.9287735862053,-0.0656528,0.231856,-0.34445,0.590342,-0.0841749,0.106389,0.795671
2.4205994606018066,19.586247259695728,-23.50364770730724,17.919438507186886,-2.730667825794301,-1.5789034863329523,1.2728237003378402,0.0329518,0.347468,0.25956,0.368333,0.731281,0.382011,-0.428517,-0.053553,0.334917,-0.250438,0.638193,0.372634,0.490012,-0.462321,37.48717627654636,-0.8570230746251069,12.1938927849585,7.326867817615,-11.518556051301942,-19.13888113991998,29.39094890799715,56.20415011588029,-0.066236,0.235914,-0.344274,0.590523,-0.0818871,0.103604,0.796143
2.447092294692993,20.48166307747851,-24.41000341275411,19.87733220354247,-2.7501810059219096,-1.549970819648572,1.2755139469553203,0.0329394,0.347435,0.259557,0.368733,0.730944,0.381726,-0.429001,-0.0542298,0.337934,-0.249231,0.635796,0.374706,0.493969,-0.459732,36.768806592771824,-0.7744376826553667,12.018307661915266,6.863903590341945,-12.402517371705969,-19.019556720908717,29.044303167957953,56.386611850763465,-0.0668785,0.240149,-0.344052,0.590245,-0.0787122,0.101234,0.796973
2.471583604812622,20.911314977045755,-25.73771674424315,21.81863543358951,-2.736445464028971,-1.557277294364276,1.2570233855966104,0.032842,0.347471,0.259442,0.369111,0.731621,0.380398,-0.428701,-0.0553926,0.340546,-0.248065,0.632459,0.374748,0.496924,-0.461115,36.30915253915815,-1.2439858914399187,11.93123279398674,5.616694962867214,-12.20758287257408,-16.944846120641913,27.47245275222153,55.70130586509222,-0.0676666,0.244096,-0.344107,0.588178,-0.0733329,0.0949891,0.799779
2.4959604740142822,20.929029065505624,-25.917475168893557,22.30995251776675,-2.5705419055196037,-1.5538481899693106,1.242708973373265,0.0327833,0.347498,0.259344,0.368823,0.731741,0.382147,-0.427186,-0.0565476,0.343638,-0.2468,0.630238,0.378151,0.500469,-0.457528,35.754403938757456,-1.173171213443422,11.987276628720544,6.0037295917436175,-10.805411147487888,-16.24656678358545,26.86922636648645,54.510089193311245,-0.0687554,0.248371,-0.343911,0.58714,-0.0709066,0.0906029,0.801268
2.5185046195983887,20.96177652410625,-23.188366116801376,20.88760743686568,-2.110235452833197,-1.615744161377942,1.1065723218555494,0.0327213,0.34746,0.259402,0.369454,0.731667,0.380357,-0.428363,-0.0576679,0.346206,-0.245415,0.628534,0.379636,0.504928,-0.453727,34.89897928307247,-0.9995539219334946,11.476696218168101,5.561250103285438,-11.813346068000868,-16.4466851479049,26.748565440255234,54.63806023628591,-0.0701109,0.251924,-0.34367,0.587399,-0.0658751,0.0880391,0.801793
2.5416676998138428,20.845834111661034,-22.12616475166091,18.519718121004626,-1.974124316647753,-1.695353284473524,1.0346166132719317,0.0327259,0.347488,0.259493,0.369247,0.73136,0.380487,-0.428951,-0.058933,0.348451,-0.244389,0.626802,0.380529,0.508722,-0.451131,34.37222350083285,-0.9326214432969211,11.217061934476671,5.456109471939623,-12.407143343309485,-16.5537854708068,26.775320411341923,54.812493785447614,-0.0712228,0.254666,-0.343392,0.586787,-0.0592951,0.0877089,0.80279
2.5657877922058105,19.839304992320233,-21.65204443232981,16.9292063456062,-1.9052119211575438,-1.772356846211344,1.022348182968952,0.0328008,0.347486,0.259553,0.368638,0.732491,0.379773,-0.428177,-0.0594962,0.349403,-0.243659,0.626276,0.380857,0.510769,-0.449268,34.14415706221412,-1.0299071269119695,10.896251886881785,6.023634959740452,-11.643992251634302,-15.795997101464174,26.409555311778455,54.44985110984101,-0.0714851,0.256638,-0.342947,0.58215,-0.0622321,0.0855439,0.80617
2.5917253494262695,19.2617042733494,-21.760561170868428,14.931961535743616,-1.8281522491259095,-1.8517185214609555,1.0429194999707823,0.0328878,0.347506,0.259561,0.36814,0.73138,0.382394,-0.428173,-0.0602208,0.350594,-0.243014,0.624594,0.382181,0.511857,-0.449247,34.0808986817597,-0.9750401166936316,11.261757873728769,6.14897660712861,-11.486051363104792,-15.679991479134742,26.228379455026232,54.317933480042576,-0.072655,0.257873,-0.342812,0.584474,-0.0552745,0.0864467,0.804898
2.615689516067505,19.246031467880698,-21.74417080490258,13.423870408219395,-1.7448354433383495,-1.921116416597816,1.063159650117719,0.0329214,0.347486,0.259589,0.368311,0.731074,0.38194,-0.428951,-0.0608747,0.351354,-0.24261,0.623865,0.38255,0.512803,-0.448867,33.870091475828325,-0.9189031498574254,11.191846127723956,5.62724375409028,-11.736046309770316,-15.758135431227423,26.094698780531672,54.10625930619546,-0.0734338,0.258814,-0.342553,0.582797,-0.0521561,0.088746,0.806071
2.6373634338378906,18.73477904671111,-22.18914858227424,12.118344295685418,-1.6801416675351482,-1.9478500313027387,1.0615154947016785,0.0329123,0.347484,0.259606,0.368242,0.731124,0.381875,-0.428983,-0.0613905,0.351696,-0.242459,0.622814,0.381813,0.514463,-0.449054,33.73388912785878,-1.101996446057476,11.092519851378423,5.757563994459343,-12.015782170087505,-15.526391473220656,26.203384640948094,54.53136370948186,-0.0746021,0.258867,-0.342471,0.58591,-0.0501794,0.0881702,0.804001
2.664447784423828,17.87384067201077,-22.43211869597887,10.423087243762737,-1.5953384473014127,-1.9484690448276138,1.0887960595145174,0.0329046,0.347478,0.259653,0.36802,0.731213,0.382355,-0.428596,-0.0617222,0.351527,-0.242496,0.620874,0.381808,0.513912,-0.452364,33.858469601054125,-1.4342648575682668,11.46308891308544,5.732091138928922,-11.275284653237094,-14.705353320973636,25.891907638781944,54.29916130453494,-0.0754988,0.258567,-0.342337,0.586943,-0.0494985,0.0906817,0.803009
2.6884288787841797,16.60048714348729,-21.41139070813494,8.784383483631965,-1.4676969347364548,-1.907849652460807,1.1427204399277993,0.0329505,0.347475,0.25967,0.367999,0.731109,0.382053,-0.42906,-0.0625386,0.350246,-0.243034,0.620839,0.377857,0.513899,-0.455731,34.17316196637105,-1.8711088633399688,11.396715828031276,5.140495122913681,-11.643063241707438,-13.962580984758937,25.70915276670135,54.668886609652176,-0.076916,0.257012,-0.341999,0.586759,-0.0507078,0.0972334,0.802302
2.7140254974365234,16.841024917044017,-19.21083986834191,7.707995031169084,-1.4553834885530754,-1.8677213022586059,1.0752479810714968,0.0330088,0.347442,0.259712,0.366831,0.731884,0.381779,-0.428982,-0.0632342,0.349077,-0.243496,0.621018,0.37737,0.512366,-0.457614,34.512330087567555,-1.983815092566596,11.46234257915389,5.670672000213241,-10.298060514947856,-13.702041974490129,25.716653334930477,54.189208805486665,-0.0782145,0.255145,-0.342019,0.589705,-0.0499136,0.099789,0.799874
2.737567186355591,13.827604722802015,-21.553000015767918,8.099907148971022,-1.896758405077266,-1.592401012244003,1.140723460075559,0.0330334,0.347403,0.259601,0.367348,0.731028,0.382339,-0.4295,-0.06456,0.345581,-0.244767,0.621727,0.372685,0.509867,-0.463245,35.166996437799305,-2.43771161294222,11.738860648095532,5.112514764829314,-9.419916943432781,-13.063116068568313,25.58836729921847,53.88228443627265,-0.0825711,0.250151,-0.341981,0.610505,-0.0557506,0.101027,0.783562
2.764212131500244,13.464415864902296,-21.570737447133368,7.538914860582093,-1.8742063449847974,-1.6469129767495172,1.2427785335559214,0.0330095,0.34745,0.25947,0.367756,0.730279,0.383153,-0.4297,-0.0652716,0.343832,-0.245576,0.62298,0.370502,0.508318,-0.465013,35.52833940538721,-2.5129090070744544,11.871907149950047,4.704339261632288,-8.876951697445747,-13.114162882404692,25.619576697416402,53.50177997332402,-0.0811519,0.247604,-0.342353,0.590928,-0.0523944,0.105479,0.798081
2.7915453910827637,13.148733855243778,-19.342345504106,6.847386720768492,-1.7827676530346894,-1.6463434972264905,1.1972688130612366,0.0329305,0.347368,0.259308,0.3671,0.730598,0.380676,-0.431914,-0.0668163,0.339642,-0.247254,0.623689,0.364731,0.506198,-0.470899,36.15390591661274,-2.967001281438498,11.63744857499589,4.824939483293274,-9.149460373158774,-13.178185422287335,26.377083120981,54.54487641085172,-0.0826248,0.242004,-0.342388,0.587804,-0.0571725,0.113191,0.799003
2.8158822059631348,13.436259054960026,-19.511724401845843,7.644787399720058,-1.8572375834974675,-1.5911076337921075,1.2302888512870451,0.0330082,0.347357,0.259304,0.366824,0.730754,0.381156,-0.431461,-0.0676384,0.337269,-0.248152,0.625916,0.36185,0.504316,-0.472185,36.68973703934846,-3.0880785264492854,11.586613675669788,4.896058858953115,-7.790853071464852,-13.068620437168939,26.39517797197398,53.73653456062448,-0.0832799,0.238764,-0.342397,0.587082,-0.0588784,0.117689,0.79876
2.8398404121398926,13.344492460808002,-21.33738695975323,7.354338243709705,-2.0473921101802888,-1.5745691646016229,1.3951466701529975,0.0330935,0.347231,0.259194,0.365903,0.730537,0.380826,-0.432899,-0.0681165,0.332804,-0.24979,0.630112,0.359085,0.501176,-0.472059,37.348876801072514,-2.732276556354737,11.32241972805165,6.263574448474586,-7.37080196427943,-14.977121289518585,28.04079257387895,54.19353602094768,-0.0843209,0.232468,-0.342197,0.588377,-0.0644775,0.125324,0.796209
2.8644015789031982,13.64507103578055,-21.39439056673288,6.49061104704464,-2.1449509198104595,-1.7030267202808893,1.3924041124403104,0.0331015,0.347229,0.259133,0.364878,0.730416,0.381209,-0.433633,-0.0683602,0.330672,-0.25056,0.628926,0.355941,0.495905,-0.481494,38.31346943042954,-3.330951839844818,12.046263515283734,5.002981105310408,-6.975862983971126,-13.361689502825435,26.91163881653492,53.821619643857346,-0.0847239,0.229648,-0.342079,0.58811,-0.0679921,0.127302,0.7958
2.891606569290161,14.139584121972673,-22.685113042704593,6.736032057390878,-2.3920433452244483,-1.749326385785991,1.467976827505935,0.0332286,0.347187,0.259064,0.364665,0.729221,0.384578,-0.432848,-0.0684467,0.327484,-0.251673,0.630581,0.351919,0.49422,-0.484011,39.03909521358065,-3.6044539937894666,12.352584441720051,5.765274719206914,-6.674995721807967,-13.443438693641497,27.547146734285235,54.496702596228594,-0.0856332,0.225594,-0.341745,0.590623,-0.0731681,0.132198,0.792676
2.9175610542297363,14.452944235852184,-22.739080138533836,6.830286167603812,-2.3829720548931665,-1.7713067202354642,1.4678758750167258,0.0332666,0.347166,0.259052,0.365199,0.728945,0.384621,-0.432823,-0.0685512,0.326973,-0.251866,0.630594,0.349286,0.494093,-0.486027,39.20931121100471,-3.907295344626575,12.346172762415577,4.891955540861687,-7.183773586115663,-12.698562299408543,27.067637092815584,54.70088190662136,-0.0855172,0.224802,-0.341758,0.59032,-0.0721213,0.133988,0.792697
2.940161943435669,15.145769793232894,-21.806084701546617,7.554461947211601,-2.333038632310823,-1.7031445883428455,1.4277701339403794,0.03327,0.347179,0.259021,0.364952,0.72874,0.384813,-0.433206,-0.0686383,0.325855,-0.252307,0.634662,0.351702,0.49345,-0.479601,39.147207700627256,-3.0091824877728817,12.000241315036277,6.272297048213829,-6.168521435469422,-15.224581352736955,28.575887932385456,54.08029949568099,-0.0859173,0.222973,-0.341682,0.591434,-0.0750826,0.134977,0.791423
2.9629712104797363,15.8072680388639,-21.910529774698038,7.7000851150414364,-2.2588904385316106,-1.7789780093528158,1.3678869054710954,0.03324,0.347206,0.259018,0.364527,0.728863,0.385142,-0.433064,-0.0689201,0.325682,-0.252282,0.632208,0.350617,0.49258,-0.484505,39.377535817529406,-3.5267887620700678,12.389457548070393,5.969299628902906,-5.994750904332719,-13.924458432542167,27.937445134250734,54.191044848663246,-0.0857254,0.222798,-0.341826,0.590786,-0.0731228,0.133245,0.792383
2.988313913345337,17.91071826967136,-20.770750547203534,6.556544615132952,-2.0041127410933353,-1.9930582901604248,1.313819355450643,0.0332277,0.347208,0.259143,0.366091,0.729419,0.381949,-0.433636,-0.0692666,0.326403,-0.25184,0.63267,0.348812,0.495794,-0.48192,38.83575285103993,-3.5789457266314892,11.622530531535574,5.071745182399461,-7.111591231711827,-13.777166161425747,27.709767148647675,54.53163016857368,-0.0850631,0.223784,-0.341824,0.585694,-0.0709282,0.134484,0.796145
3.0138301849365234,19.149806038987137,-20.12354860599418,6.872889751753715,-1.8711179663135347,-2.0844052342318435,1.2726204847390796,0.0331902,0.347234,0.259195,0.365889,0.728917,0.382123,-0.434496,-0.0695792,0.327038,-0.251558,0.632611,0.34795,0.495666,-0.482751,38.9246693335437,-3.572040659444714,11.643519239938609,4.126858439809805,-7.983643718666578,-13.478276014569175,27.195730570291364,54.66022808227786,-0.0848724,0.224539,-0.34169,0.582112,-0.071215,0.132993,0.798991
3.037240505218506,19.93468168517167,-20.267183636998094,7.326678457608049,-1.7052067507987043,-2.115741880513032,1.3165132066655174,0.0331807,0.347277,0.259248,0.3659,0.729321,0.38221,-0.433733,-0.0697352,0.328103,-0.251042,0.637214,0.347703,0.499132,-0.473209,38.59908610337606,-2.9086373800340484,10.656083634043895,4.768725321601774,-8.23257834386471,-14.638426703330857,27.544030519942456,54.41142105786852,-0.0850268,0.225769,-0.341759,0.582569,-0.0680058,0.131714,0.799149
3.061058282852173,20.790319544825557,-19.863621369467936,8.370765886707177,-1.5822977451923859,-2.125529566396811,1.2583321102669751,0.0331704,0.347287,0.259233,0.366064,0.729326,0.382267,-0.433535,-0.0700874,0.328299,-0.25092,0.634192,0.347289,0.498224,-0.478501,38.7123708617468,-3.4525451154117075,11.144135889618006,3.9609590539544897,-7.765002208894309,-13.117990051593964,26.6625843517208,54.07067086450768,-0.0849254,0.226448,-0.341773,0.579381,-0.0685874,0.132323,0.801314
3.088712215423584,21.8267667235065,-20.757932124720956,10.434756829615507,-1.4964481214546324,-2.08772665217049,1.253261039468394,0.0331614,0.347312,0.259192,0.365504,0.729911,0.382372,-0.43293,-0.0703652,0.329011,-0.250832,0.633479,0.348437,0.499135,-0.477662,38.59195513204181,-3.472426831640968,11.115410223839888,4.5262606524564575,-7.104268815397127,-13.069131789063036,26.781783021526895,53.81713238672203,-0.085166,0.227304,-0.341846,0.579567,-0.0686063,0.131571,0.801302
3.1148316860198975,22.43261507740897,-21.640545997785406,11.1196299167975,-1.4479890334211998,-2.0995278201235275,1.2515775179901052,0.0331256,0.34725,0.259188,0.365044,0.730367,0.381287,-0.433506,-0.0704451,0.329256,-0.250783,0.632607,0.349448,0.499848,-0.477334,38.40675124701801,-3.4208455657532486,11.00133822343209,5.098999437180215,-7.361189719627113,-13.474694760347035,27.270439039617965,54.30247160966652,-0.0853777,0.227518,-0.341808,0.580951,-0.0680568,0.131169,0.800412
3.140012741088867,23.242122577411465,-23.030417454696103,11.655064372242178,-1.2273508302320046,-2.147016013601999,1.2968889340128626,0.0330183,0.347309,0.259116,0.364435,0.729106,0.382865,-0.434748,-0.0705995,0.329511,-0.250596,0.633294,0.349479,0.499477,-0.476787,38.55160277899348,-3.1195120854519383,11.127540731930175,4.9987325738504005,-8.526774650089706,-14.064552815472219,27.357857813562347,54.88179564002739,-0.0853342,0.228082,-0.341863,0.57846,-0.0668039,0.131564,0.802254
3.1667959690093994,23.764167195501948,-23.389311113018472,12.235346023021128,-0.9949399043781829,-2.138068049339298,1.306467604568118,0.0330287,0.34731,0.25916,0.365004,0.728717,0.382661,-0.435103,-0.0710609,0.329782,-0.250543,0.632489,0.350706,0.501496,-0.474832,38.133122114037796,-2.990561522973845,11.014542133185788,5.589690785485981,-8.581768998519955,-14.973240860632288,28.21472947556916,55.248897941216555,-0.0855138,0.228395,-0.341729,0.575685,-0.0682911,0.132916,0.803901
3.191349506378174,24.87807800267451,-24.23924443585932,13.89431363420325,-0.6842520088060685,-2.085177384518038,1.3242263471844127,0.0331171,0.347339,0.259259,0.365754,0.729277,0.38263,-0.433559,-0.0724688,0.329661,-0.250332,0.634049,0.346682,0.502505,-0.474639,38.31766024154876,-3.385442422035152,10.6457970699744,4.1242082102968425,-7.190645375224612,-13.235990629839023,26.761128828498844,53.5872106484776,-0.0870118,0.228019,-0.341725,0.576262,-0.0667622,0.132546,0.803677
3.21750545501709,25.90646326284577,-25.618294978169104,14.876026121865966,-0.5722635233702539,-2.009975115344048,1.38677323611255,0.0330258,0.347335,0.259174,0.364893,0.728674,0.382901,-0.435056,-0.0733573,0.3295,-0.250428,0.633751,0.347684,0.503755,-0.472977,38.151159366760076,-3.071931014742521,10.539581400421252,5.249063229822603,-7.746895483061927,-14.653623497684642,27.966688191861778,54.47789937747605,-0.0875189,0.227905,-0.341768,0.573159,-0.0655166,0.13344,0.805848
3.2428598403930664,26.261176065884595,-28.867278494929142,17.162258992560147,-0.5002217932146477,-1.8932004058671872,1.500263883627624,0.0330389,0.347314,0.259147,0.365114,0.729164,0.382505,-0.434397,-0.0743198,0.329424,-0.250628,0.63374,0.34373,0.504208,-0.475393,38.40198767456859,-3.6011527990773478,10.363254571425898,3.775747009906965,-7.511762699865329,-13.094858282125173,26.893305797722135,53.97568155157265,-0.0896465,0.227642,-0.341451,0.577511,-0.0706571,0.134017,0.802202
3.268958806991577,28.538652732741557,-33.599698809540655,19.09259114651901,-0.17023401477493688,-1.8659601519513518,1.6097295571845762,0.0329251,0.347338,0.259063,0.363704,0.728729,0.383406,-0.435514,-0.0745107,0.329572,-0.250986,0.631946,0.346756,0.501753,-0.478172,38.585566945094044,-3.4317138355542283,10.981303298615916,4.204103601577945,-7.157305236977507,-13.853965353923321,27.400105890099358,53.928447148931276,-0.0895981,0.227676,-0.341881,0.575863,-0.0664963,0.135326,0.803521
3.2963414192199707,30.871943634351897,-36.46965938987996,20.928506172050128,0.19264668776448182,-1.8397256882692972,1.684217542963972,0.0329524,0.347357,0.25916,0.364285,0.728482,0.383258,-0.435572,-0.0750687,0.329758,-0.251405,0.632785,0.34398,0.502628,-0.478148,38.64670993654806,-3.589210056388142,10.73081560282533,2.8417122431188737,-7.788056948464103,-13.771374774494234,27.282593019010548,54.06032581232055,-0.0909613,0.227407,-0.341859,0.578888,-0.0689464,0.136501,0.800938
3.3219733238220215,37.75126593474746,-45.11028631165516,27.10570075545863,0.8978484438783472,-1.6739525385535818,1.9287516125790203,0.0330541,0.347381,0.259338,0.364261,0.730069,0.382194,-0.433868,-0.0759827,0.329797,-0.251764,0.633255,0.344859,0.500988,-0.478613,38.7702027463241,-3.730280882732174,10.747838565814444,2.146050738446295,-4.600463284160554,-13.160035268887384,26.78897248760435,51.37788916989029,-0.0913245,0.227266,-0.342148,0.574987,-0.0678413,0.1386,0.803478
3.347736120223999,44.59914661537288,-51.67500060349166,31.556134689464272,2.169254065444982,-1.6311035485073713,2.052043399740893,0.0328967,0.347561,0.259337,0.364637,0.728319,0.384744,-0.43424,-0.0772876,0.330212,-0.252126,0.6357,0.339184,0.50362,-0.476662,39.00721175602232,-3.7932612353140374,10.335173045889839,0.5000644723299494,-6.68859537577066,-13.264517225539144,26.664659479696756,52.3918986609705,-0.0921548,0.227654,-0.342312,0.572443,-0.0714462,0.141092,0.804548
3.373014211654663,49.34299228019806,-56.69601871396144,33.90676822704349,2.9321184947000636,-1.6540193744876481,2.1637640605649504,0.0328448,0.347621,0.259429,0.36476,0.728903,0.384397,-0.433462,-0.0778779,0.330652,-0.252149,0.636563,0.337952,0.504227,-0.475742,39.03641809048222,-3.8943372811334256,10.08446475986139,-0.17555288826975257,-6.08870218828951,-12.807592761084962,26.2886368103305,51.619901050338456,-0.0923352,0.228071,-0.342484,0.571168,-0.0705108,0.141844,0.805404
3.3984618186950684,55.48675901361253,-61.22745082233637,38.90395485466317,4.128571075812424,-1.4756682540521155,2.2106072386149123,0.0327733,0.347705,0.259728,0.362797,0.729541,0.384013,-0.434376,-0.0784107,0.331951,-0.252076,0.635693,0.339859,0.504701,-0.475044,38.990454702650915,-3.687646110130196,10.015894032002198,0.42920277046253474,-6.344685484330846,-13.785580992924466,27.02028279471068,52.167965348787604,-0.0932208,0.229173,-0.342492,0.571484,-0.0719506,0.143417,0.804773
3.423494815826416,57.319099789240326,-60.96589094533023,39.545307152217376,4.54277266851787,-1.4342052473698714,2.1587671235632815,0.0326824,0.347825,0.259771,0.361159,0.729343,0.385641,-0.434631,-0.079031,0.332568,-0.252064,0.635944,0.339698,0.504614,-0.474916,39.25590389080061,-3.58916745302445,10.090125286596741,0.6690481292479653,-6.5340960295782295,-13.99461695637482,27.075755725064244,52.37019779311677,-0.0935303,0.229618,-0.3426,0.570721,-0.0705455,0.144415,0.805261
3.449552059173584,54.70004015299121,-58.84931543598424,35.333591797426706,4.435991537910593,-1.5971324128300104,2.2160405438089703,0.0327066,0.347883,0.259984,0.360874,0.730369,0.384845,-0.433849,-0.0802566,0.332781,-0.252049,0.636771,0.338363,0.507058,-0.472149,39.10483420605938,-3.659364226639678,9.533180950265216,1.0153235444878348,-5.624415161643739,-14.095935691604133,27.401863491485003,51.944455178671575,-0.0943237,0.229602,-0.342343,0.568768,-0.0709221,0.144934,0.806516
3.474017381668091,50.1265610160564,-56.814223920217046,29.19169163763913,3.777595096134299,-1.8926229079393486,2.2471710492066355,0.0326746,0.347944,0.25997,0.360002,0.729628,0.386685,-0.434185,-0.0802864,0.3326,-0.252073,0.63637,0.338574,0.506556,-0.473077,39.30926536684852,-3.6123695829613185,9.821693936589927,1.5955906785789686,-5.9967608424103105,-14.367493206561697,27.648477015171995,52.49951886982069,-0.0948878,0.228992,-0.342182,0.573744,-0.068927,0.142633,0.803569
3.4972033500671387,43.556267682393596,-51.0766574709314,23.703565966852388,2.090792235647301,-2.0993644681753496,2.273601992748437,0.0329364,0.347775,0.260023,0.361427,0.728437,0.386728,-0.434961,-0.07893,0.331317,-0.252079,0.633602,0.339685,0.50285,-0.4799,39.45410856661366,-3.9168662199112196,10.744612117789995,0.7270210459033173,-6.181392772024694,-13.613570835602012,27.160899215573746,52.54770196810939,-0.0949099,0.227959,-0.341713,0.575406,-0.0714284,0.146162,0.801525
3.522512197494507,39.94263723187651,-47.985133577030176,21.16793709581035,0.9280464345344792,-2.1983556035661866,2.2562342424018933,0.033061,0.347657,0.259853,0.36053,0.728706,0.386423,-0.435526,-0.0781949,0.330682,-0.252094,0.631083,0.342171,0.500738,-0.483648,39.54146658145417,-4.011257924417036,11.277425965116567,1.8144523609872358,-5.8211296647232444,-13.469406323051821,27.30037799037083,52.819434653124745,-0.0943615,0.227678,-0.341631,0.574923,-0.0696029,0.14751,0.801785
3.5467259883880615,37.66013308292373,-45.98129766699055,19.802171418551154,0.4808539500043418,-2.239752031838033,2.2677630984077766,0.0330987,0.347625,0.25977,0.360647,0.728617,0.386552,-0.435463,-0.0779032,0.330363,-0.251983,0.632251,0.341702,0.500056,-0.483158,39.66090956509434,-3.9214013046336453,11.231675669902344,1.6301585104413867,-5.850600001209834,-13.247123861065695,26.905883245169573,52.53909797084781,-0.094411,0.227536,-0.34157,0.57602,-0.0690884,0.14703,0.80113
3.5718555450439453,31.297925715869066,-37.047589372181065,14.14218640678659,-0.42407280568469746,-2.3933417465345026,2.0494859704219386,0.0329977,0.34755,0.259299,0.362416,0.727485,0.386895,-0.435584,-0.0782459,0.329916,-0.251366,0.630165,0.342767,0.501618,-0.48351,39.19980356063448,-4.0264266190881814,11.468472958109569,2.224472976220131,-5.592272249551392,-12.657928508088759,26.622994872760884,52.49811324559819,-0.094926,0.22738,-0.341289,0.575868,-0.0657015,0.142628,0.802319
3.598174810409546,25.593091191515825,-30.94579972242521,9.09763124745735,-1.1017693024798438,-2.360511079583132,1.9182240143213232,0.0330284,0.34751,0.259309,0.36253,0.727166,0.387065,-0.43587,-0.0784819,0.330137,-0.250413,0.630379,0.342756,0.503778,-0.480987,38.94428706859891,-3.8818898101781794,11.208445899327558,2.9886504259983973,-6.059525139403668,-12.543327269509,26.48383241351205,52.8636690671861,-0.0946075,0.228255,-0.340691,0.573955,-0.0666311,0.142017,0.803721
3.6205945014953613,22.061880392594496,-28.82262649719719,6.159490408493301,-1.3637294521054335,-2.3145837707816392,1.8731512029829325,0.033158,0.347446,0.259393,0.360787,0.727597,0.38693,-0.436715,-0.0773763,0.330577,-0.250067,0.633353,0.343824,0.505513,-0.474452,38.837831722543655,-3.1663595315805164,10.537846636727732,4.882043752017999,-7.8335535657855075,-14.372720208487742,27.705656211883607,54.49698745984459,-0.0940736,0.22867,-0.340424,0.575905,-0.0668066,0.139799,0.8027
3.643280506134033,19.804771636048702,-27.7952823378742,3.9553042993200136,-1.6105051615908272,-2.356435060358755,1.7179713524987246,0.0333409,0.347426,0.259515,0.360478,0.727484,0.388418,-0.435836,-0.0761026,0.330593,-0.249767,0.630499,0.345799,0.502448,-0.480042,39.132568624853256,-3.5307898394690502,11.460524870880086,4.90329402920462,-7.062184633800463,-13.059900363279304,26.907655576968278,54.10858176643508,-0.0928779,0.22863,-0.340476,0.583343,-0.0624216,0.134008,0.798659
3.6690149307250977,18.491293041677572,-26.226109457881364,2.192986024814574,-1.8377890977927698,-2.422128210750446,1.661316811688689,0.0333937,0.347422,0.259569,0.362257,0.726867,0.388863,-0.434995,-0.0748619,0.330754,-0.249703,0.629843,0.34728,0.502166,-0.480129,38.89073224795195,-3.562244780288979,11.76185854106664,4.594192840611814,-7.06233331016287,-13.016787133298521,26.8161457984352,53.99133933057631,-0.0914744,0.228832,-0.340529,0.581872,-0.064363,0.134142,0.799555
3.6916584968566895,17.58228265053042,-28.035043304790587,1.9861469348396759,-1.9915588700441658,-2.380884078087565,1.7227877998071683,0.0333441,0.347414,0.259517,0.362051,0.727094,0.388633,-0.434992,-0.0734792,0.331002,-0.249807,0.628926,0.351271,0.501381,-0.479247,38.66316375324224,-3.2745919977041256,12.011621212752946,5.915726940342633,-7.078739515643868,-14.081386256351415,27.75555608738359,54.51793936824329,-0.0906161,0.229586,-0.340587,0.586375,-0.0682164,0.132065,0.796285
3.7153470516204834,17.671300834842576,-28.72290752816466,2.9075789616094116,-1.84210488047296,-2.352895961608558,1.7203930357151453,0.0333183,0.347402,0.259469,0.361262,0.727728,0.388056,-0.435103,-0.0726811,0.331329,-0.249737,0.630259,0.34958,0.5003,-0.479861,38.99049794150473,-3.3158036928338563,11.831005471443667,5.227940199012554,-8.156415495568993,-13.36567053504637,26.972986781283367,54.84489094265852,-0.0893752,0.230274,-0.340804,0.584144,-0.0676424,0.132687,0.797869
3.741962194442749,20.93556950837915,-26.88163253157686,5.475207808576199,-1.4418621687004758,-2.3310383228633844,1.5591043919507876,0.0331765,0.347455,0.259503,0.362778,0.728304,0.385817,-0.434869,-0.0724897,0.33239,-0.249526,0.631066,0.348892,0.502316,-0.477189,38.56572202315072,-3.308452266928875,11.290625967025832,4.208886349694126,-8.83598104525722,-13.219355640968558,26.654096282676623,54.79329972622389,-0.0883368,0.231605,-0.341063,0.579032,-0.0670878,0.131389,0.801846
3.7680742740631104,23.467913427813446,-30.577589128755005,10.244177385998166,-1.105499244173557,-2.162729344921784,1.6402362644642172,0.0331606,0.347495,0.259526,0.362437,0.728601,0.385652,-0.434801,-0.0728845,0.333008,-0.249315,0.630196,0.35205,0.504415,-0.473792,38.09093587195411,-3.018774530544423,11.156290920048725,5.872125165989775,-8.139923520641211,-14.423315806273486,27.79948168321328,54.9019030831878,-0.088282,0.232076,-0.341353,0.579264,-0.063238,0.13013,0.802198
3.795833110809326,26.51567061138979,-35.37271811166208,14.38502553321245,-0.585156351524687,-2.008857165206477,1.7802103871296424,0.033133,0.347504,0.25946,0.362452,0.728025,0.386017,-0.43543,-0.0725595,0.333967,-0.249294,0.630256,0.354899,0.503693,-0.472353,37.93812214263486,-2.6142680280290795,11.341836237697922,5.650704468989975,-8.301403216073076,-15.378234900675942,28.025591276239652,54.60794712167538,-0.0883461,0.233197,-0.341428,0.58197,-0.0649247,0.129869,0.800144
3.821228265762329,34.694967722551546,-45.8583419813553,23.83910640401962,0.6229395882311565,-1.757015988760667,2.012696454680631,0.0331255,0.347536,0.259527,0.362105,0.728601,0.385859,-0.434894,-0.0725024,0.334432,-0.249508,0.630257,0.353243,0.502202,-0.475172,38.29160240067987,-2.9297248136877654,11.452862680151455,4.231735814343718,-8.167500546082266,-14.22581702039497,26.997696991032914,54.02032251192054,-0.0879131,0.23387,-0.341745,0.578854,-0.065828,0.129897,0.802323
3.8466548919677734,42.23839770572272,-60.29181593339571,32.074086126290965,1.5859222726207247,-1.6072641061331843,2.4353818997673025,0.0330199,0.347542,0.25959,0.361212,0.728868,0.385164,-0.435806,-0.0725126,0.33509,-0.250099,0.630972,0.352393,0.501417,-0.475684,38.49480982262015,-2.853872022228648,11.315451517895134,3.232177416181603,-9.273084338364669,-14.770210701481354,27.207195486247127,54.51736606616348,-0.0878891,0.234106,-0.342358,0.582978,-0.0655781,0.13175,0.799048
3.870771646499634,54.07528681650101,-72.12956304566877,42.05712013600127,3.881240289512997,-1.4715311384981076,2.6373737048845722,0.0328731,0.347638,0.25969,0.359806,0.729606,0.385176,-0.435724,-0.0719526,0.336712,-0.250312,0.629889,0.353998,0.499633,-0.477799,38.715221871980155,-2.8976761659395445,11.613992075652696,2.5583691766223033,-9.486386945512763,-14.585841319029335,26.920296081604402,54.36900313459191,-0.0881429,0.236036,-0.342584,0.585317,-0.0696863,0.133006,0.796779
3.896212577819824,58.37789194282166,-73.68706909494304,44.45881169002752,4.5918901297593715,-1.4552028401565704,2.631980868538844,0.0328041,0.347799,0.259867,0.361063,0.728951,0.386222,-0.434852,-0.0728185,0.337907,-0.25031,0.629652,0.355246,0.499967,-0.476835,38.51073059331185,-2.8575915646256584,11.82177944769019,1.2978586364624078,-8.198312132672847,-14.66175742186008,26.71260458420289,52.84780250185007,-0.0885,0.236768,-0.342953,0.584445,-0.0661232,0.132627,0.797785
3.9228315353393555,66.07492685230054,-71.61584431870558,44.94582977142656,6.265302914906694,-1.392163312705585,2.6375114149335586,0.0326861,0.348136,0.260473,0.358089,0.729671,0.390126,-0.432613,-0.0763985,0.339551,-0.250287,0.634155,0.348018,0.503987,-0.471941,39.22312612713349,-3.061619701135993,10.894828518912089,0.39235031901514006,-7.304207834081268,-13.869862356594275,26.076793283821246,51.833565723663376,-0.0904902,0.237906,-0.342871,0.575987,-0.0672384,0.137677,0.802971
3.9775142669677734,58.97556601292438,-78.42540270912933,38.432933111799954,5.311863164487373,-1.974971053792968,3.0707226024113154,0.0332722,0.348399,0.261496,0.354296,0.730801,0.389535,-0.434358,-0.0753211,0.340776,-0.250038,0.628578,0.353392,0.498161,-0.481497,39.747691494223645,-3.2464498208148873,12.117445568423449,0.7024248022924375,-6.673636350094675,-14.028987203103455,26.45750218046047,52.006692469649806,-0.0928721,0.23902,-0.341516,0.590426,-0.070702,0.141381,0.79146
4.001252889633179,55.30417720823073,-79.87632366151124,38.804490001829826,4.272752541327658,-2.011507576994132,3.175363385866456,0.0334193,0.348193,0.261214,0.35545,0.73001,0.388633,-0.435551,-0.0753188,0.340574,-0.249823,0.625841,0.353989,0.49818,-0.484594,39.47468160143801,-3.443211070379519,12.43060815894562,0.17392196149902261,-7.183607570000106,-13.51381910493609,26.217462701928916,52.26865820635071,-0.0940607,0.238956,-0.341447,0.59591,-0.0654475,0.138401,0.788323
4.026347637176514,51.958715451264474,-70.50486580118296,35.8627779194768,3.486719902198535,-2.0170382303688177,2.9202336930240906,0.0333501,0.348119,0.260844,0.355678,0.729326,0.389131,-0.436067,-0.0764983,0.34045,-0.249661,0.624979,0.352901,0.500502,-0.484108,39.273409321695596,-3.531425334834073,12.306962775895776,0.5346779010495304,-7.483661271574782,-13.338850308315955,26.26109799452596,52.6826212135466,-0.0948216,0.239034,-0.341487,0.591855,-0.0613132,0.137689,0.791827
4.050355434417725,40.08760794377642,-55.99970110289738,27.85187510926734,1.8316211139556418,-2.0857092169920484,2.660904603730998,0.0329871,0.347977,0.260083,0.35796,0.72659,0.392946,-0.435345,-0.0791508,0.34057,-0.249009,0.624161,0.354716,0.504935,-0.479208,38.55712910187519,-3.2607991855488194,12.489939612774716,1.3619059743089608,-5.775742074997048,-13.682220966250249,26.367504138765444,51.39983791779994,-0.0975949,0.24021,-0.341283,0.590474,-0.0637968,0.135534,0.793033
4.073093414306641,32.6177395505454,-49.060798970014716,21.41419160923407,0.8567095969372128,-2.2016082100895495,2.5322119076402303,0.0329234,0.347804,0.259812,0.357397,0.727244,0.391617,-0.435911,-0.0790661,0.341381,-0.248388,0.626059,0.355559,0.508193,-0.472619,38.116390684870574,-2.749992377314851,11.672342986307186,2.6657862858870836,-6.839696452802485,-14.5851433618042,26.75927698612335,52.19387978967399,-0.0982132,0.241303,-0.341093,0.593647,-0.0607537,0.13221,0.791462
4.099546909332275,27.69278758665022,-40.456898099846,13.60299696241048,-0.2792707182633639,-2.480145503020856,2.236584474701028,0.0332024,0.347595,0.259725,0.35822,0.728093,0.388179,-0.436894,-0.0780816,0.34331,-0.246636,0.622146,0.359271,0.512363,-0.470472,37.027655335853865,-2.7262731527168427,11.33084261957924,3.891471966480214,-8.072404164392935,-14.276902743632611,26.765902138971136,53.38703854128067,-0.0970297,0.244753,-0.340623,0.588307,-0.0529105,0.127202,0.796816
4.122512578964233,25.763027918823436,-37.208515889874775,10.419702388593471,-0.7882341169077443,-2.594617453945681,2.114664523829397,0.0333871,0.347621,0.259726,0.357482,0.7277,0.390593,-0.436001,-0.078052,0.344252,-0.245689,0.61789,0.362764,0.511757,-0.474045,36.9902523210483,-2.976345093034525,12.230500553504942,4.784615126751856,-6.570487890464662,-13.077459614139876,26.13809180315615,52.651773617786056,-0.0966495,0.246606,-0.340364,0.586176,-0.0506,0.124722,0.798926
4.147934198379517,23.730402300476204,-32.02878495136938,7.10710044768812,-1.180144701103345,-2.571156506245422,1.8578298208731607,0.0335012,0.347606,0.259712,0.35597,0.728972,0.391737,-0.434082,-0.0778632,0.346999,-0.2441,0.615724,0.363845,0.517478,-0.469805,36.485911564385006,-3.1715053087998157,11.822876182086699,6.843605298973923,-6.968914526791707,-11.965092750498385,26.00559402989948,53.751930662042305,-0.09603,0.250307,-0.340224,0.586962,-0.0422714,0.119069,0.799695
4.17367959022522,21.626107325846124,-30.490174364371278,7.608504183190114,-1.4722523542848729,-2.444844414038137,1.7885284700771191,0.033433,0.347578,0.259769,0.359081,0.726952,0.388408,-0.437883,-0.0778073,0.348218,-0.243459,0.614854,0.365414,0.51879,-0.468277,35.60449311667529,-2.682818409744381,11.587952519134362,4.535294754575457,-9.846287583620828,-13.568594112506979,26.29075856607744,54.47596177373028,-0.0959506,0.252318,-0.340038,0.586886,-0.0430504,0.115902,0.800174
4.198792934417725,20.29855566164731,-30.8285813539248,5.787175597811913,-1.7427634792849565,-2.55151885307011,1.7755753252178048,0.0333267,0.347468,0.259642,0.358934,0.727417,0.38857,-0.437087,-0.0769906,0.350728,-0.242312,0.61339,0.36935,0.520016,-0.465743,35.167090611816505,-2.4799982328430303,11.670616777217973,4.734444852134544,-9.796672163459633,-13.169441338119029,25.66772355618904,54.02653168844868,-0.0955569,0.255725,-0.339954,0.589788,-0.039382,0.109714,0.7991
4.223501205444336,20.51138695808578,-30.833527429870465,6.3030834629392265,-1.7559637183014958,-2.547456792945121,1.751027592959843,0.0333459,0.347452,0.259639,0.35889,0.72803,0.388255,-0.43638,-0.0763774,0.352213,-0.241763,0.611389,0.372426,0.520934,-0.464898,34.79749275261334,-2.4679470182505687,11.798055161493348,5.25097091959676,-9.406698333030533,-13.035406926004327,25.669068008862524,53.94267025486565,-0.0951492,0.258014,-0.339758,0.591223,-0.0395973,0.107756,0.798296
4.250537633895874,21.740922294342194,-30.67063019807382,8.83945936781637,-1.736429242113277,-2.441735997950523,1.7016848473678623,0.0334889,0.347737,0.259734,0.364309,0.725457,0.392695,-0.432182,-0.075462,0.355051,-0.240504,0.609841,0.375327,0.523633,-0.461554,33.96774460561036,-2.5753472634906007,12.536235740452373,3.0319713789913223,-7.82779001168803,-11.959879656618433,24.42454538234777,51.43318608074169,-0.0936631,0.262234,-0.339573,0.589335,-0.035064,0.105147,0.800249
4.275665521621704,21.772990238112612,-32.58945705189705,9.888761000939962,-1.7068903896389578,-2.386849364541671,1.7388225797695276,0.0334619,0.347759,0.259761,0.364007,0.726001,0.39365,-0.430653,-0.0750194,0.356551,-0.239789,0.609304,0.378067,0.523789,-0.459846,33.83658306846316,-2.472687817943795,12.707198258179094,3.2989981101708565,-6.723935751431391,-11.45237183492494,23.84698609414173,50.497929571495824,-0.0930006,0.264305,-0.339763,0.589379,-0.031275,0.101024,0.800905
4.301243305206299,22.804669874903087,-34.29061305943457,11.146562299010494,-1.3133903345101718,-2.3654892775690914,1.7133936327530561,0.0333437,0.347701,0.259801,0.364932,0.724517,0.391033,-0.434733,-0.0743615,0.3599,-0.238336,0.60837,0.381588,0.525918,-0.455728,32.94496727061229,-1.6668391103171114,12.309515198718575,1.6430005277374882,-10.786331983706916,-13.516918041052243,24.484068131438814,51.76083931567425,-0.0919523,0.269185,-0.339427,0.588436,-0.0309753,0.0962105,0.802202
4.326539039611816,24.37056363092875,-35.20279248430886,13.18162603702746,-0.9539959088788483,-2.2706061887753575,1.6736427223478028,0.0333649,0.347674,0.259859,0.365728,0.725253,0.390527,-0.433289,-0.0743888,0.361472,-0.237569,0.605965,0.384741,0.529477,-0.452144,32.1656842739198,-1.688626707516879,12.157436435232274,2.7701284188949202,-9.86196909196687,-13.711170663368911,24.967895982735357,51.70791938078571,-0.0919382,0.271004,-0.33934,0.588928,-0.0296762,0.090464,0.802558
4.355226993560791,27.717084927742473,-38.4652557928971,17.3089898510949,-0.37602503767195056,-2.0356028113852127,1.7271942262735342,0.0332722,0.347721,0.26,0.365678,0.725681,0.390724,-0.432436,-0.0745713,0.364266,-0.236427,0.60586,0.386209,0.532156,-0.447868,31.752131350388648,-1.5262576582708167,11.837988186815071,2.2287809506348424,-10.085645455107844,-13.560147607367867,24.583052085831635,51.217833591882986,-0.091222,0.275038,-0.339132,0.586051,-0.028974,0.0880824,0.804951
4.38073468208313,31.13280628906385,-45.94145301375922,24.1590131185481,0.2872379463024836,-1.747281913311768,1.9422823015964452,0.0331577,0.347661,0.259914,0.364546,0.726248,0.389517,-0.433528,-0.0742724,0.366183,-0.235797,0.603497,0.3915,0.53158,-0.447148,31.385543900077348,-1.1404166295261913,12.02636106975335,2.662673473054209,-9.970797320001779,-14.34618058609857,24.88425647560504,51.02250668457008,-0.0909727,0.277737,-0.338853,0.586786,-0.0358603,0.0800022,0.804982
4.406829595565796,35.418396494615656,-53.36754342351663,29.34807526260052,0.8294409533824834,-1.6460307113703043,2.188903560748815,0.0331021,0.347675,0.259897,0.363945,0.725752,0.391813,-0.432793,-0.0741806,0.366813,-0.235633,0.604273,0.389921,0.533011,-0.445776,31.54556433357212,-1.1727417979795565,11.959304551386918,2.809425837957331,-10.940224211187612,-14.162446803304206,24.692669738792283,51.741373194972105,-0.0910117,0.278543,-0.339187,0.588714,-0.0326758,0.0782934,0.803877
4.43291163444519,45.97988975608117,-67.21865387646577,38.76880210703594,1.9501873169866655,-1.499031255120354,2.632207122135099,0.0331617,0.347819,0.260169,0.36294,0.726988,0.392075,-0.431325,-0.0737399,0.368485,-0.235381,0.602697,0.390256,0.532888,-0.447757,31.6852270931919,-1.5424359616022008,12.164637036354708,2.359352754736282,-10.413967390224428,-12.984907445412901,24.04791862115823,51.338691592852,-0.0910827,0.280411,-0.33922,0.592599,-0.0311913,0.0798191,0.800926
4.460594177246094,54.81851684944839,-82.24319661922546,48.193854138968405,3.3066667498037248,-1.2141809640553103,3.092732186404101,0.0332109,0.347952,0.260488,0.363191,0.72732,0.392556,-0.430114,-0.0734252,0.370178,-0.235062,0.599375,0.394283,0.531649,-0.450155,31.5032082474934,-1.6732541194959856,12.863069545816312,1.8208336709517603,-8.69823494160864,-12.672766679153703,23.99599896247257,50.01981150259182,-0.0913541,0.282373,-0.339136,0.595953,-0.030586,0.0800955,0.798429
4.48557186126709,60.76599085299661,-86.21651725113827,52.009834818981204,4.339022783121472,-1.1329299871967693,3.182330284293274,0.0330912,0.34814,0.260895,0.360995,0.727194,0.393733,-0.431098,-0.073904,0.372072,-0.234735,0.600195,0.393069,0.532887,-0.448658,31.721330464877695,-1.5056182936826827,12.577368823539185,1.49394775032302,-10.665238976324801,-13.360964877572172,24.28513856485163,51.19026936845305,-0.0916914,0.28446,-0.338977,0.595435,-0.0320249,0.0819967,0.798566
4.509073972702026,66.08147878302503,-85.96523346068618,52.42723873205929,5.251474518357978,-1.2082967825436695,3.0690954886490194,0.0329909,0.348417,0.261393,0.360834,0.727245,0.395638,-0.4294,-0.0750495,0.373401,-0.234644,0.601665,0.392686,0.533245,-0.446594,31.875650316368844,-1.4715026982258026,12.557481284593127,0.5026061187952386,-9.262034873481639,-13.30509703258037,23.92393217288658,49.695591579944654,-0.0922079,0.2854,-0.339012,0.592997,-0.0292637,0.0862117,0.800041
4.53460955619812,66.11703645457807,-85.42092478014852,50.61181244391673,5.2922197828525945,-1.2738501176035861,3.0798085866788982,0.0329523,0.348544,0.261496,0.358611,0.728273,0.398073,-0.427264,-0.0753953,0.373649,-0.234717,0.603022,0.391018,0.532112,-0.447579,32.57611857335598,-1.7219554895334985,12.689876268056949,0.7557681496265651,-7.860536331820185,-11.783857085276956,22.992178944125314,48.771285481573095,-0.0923088,0.285574,-0.33898,0.591154,-0.0306593,0.084819,0.8015
4.559385061264038,62.51388854822758,-82.96623058835588,46.16436712486737,4.8464649271513895,-1.4083123168223073,3.090908646136294,0.0331494,0.348548,0.261929,0.357575,0.729447,0.393889,-0.429998,-0.0755293,0.374189,-0.234856,0.603196,0.390055,0.532938,-0.447201,32.38997672047313,-1.632103601428561,11.979915096717296,0.33481450977752303,-9.788679656934661,-13.003975614791322,23.97612017421875,50.13418753656568,-0.0926935,0.286051,-0.338691,0.591567,-0.0338275,0.0859796,0.800944
4.583739995956421,58.966398463947975,-80.76266350151192,42.537874217366046,4.15569265392028,-1.5292565333963113,3.1135232031042674,0.0331495,0.348425,0.261746,0.358453,0.728487,0.394204,-0.430605,-0.0751065,0.373856,-0.234726,0.602341,0.392315,0.531077,-0.448589,32.324418571315746,-1.4350576561924964,12.440691464916043,-0.016409824088338354,-9.47843303150325,-13.19807614066844,23.659232600381664,49.5370082591624,-0.0925386,0.285895,-0.338579,0.590972,-0.0327759,0.0856,0.801468
4.606309652328491,53.67980074036904,-74.38266337420298,37.2659633033185,3.3437892912277984,-1.7327162024326823,2.8599392392264753,0.0331533,0.348389,0.261518,0.358739,0.728207,0.395147,-0.429976,-0.0750681,0.37344,-0.234449,0.600089,0.392151,0.533372,-0.449028,32.07791015507672,-1.718425277938115,12.556816185093599,1.4512941553706717,-9.624576720787445,-12.730834237689372,23.94606128121957,50.59310036338631,-0.0928702,0.285589,-0.338527,0.593332,-0.0298553,0.0846622,0.799936
4.631992816925049,42.833823374790654,-60.333997770208725,27.050845031933598,1.8533881873057,-1.9748544633249856,2.444963101501056,0.0331911,0.348154,0.261141,0.359431,0.727763,0.394403,-0.430832,-0.0752059,0.372806,-0.234032,0.59905,0.392352,0.534284,-0.449154,31.809859975310093,-1.7195567836474615,12.519586892329851,1.8378404900806267,-9.95077925024276,-12.47280224346845,23.758354258740578,50.88628793714329,-0.0930229,0.285249,-0.338187,0.591956,-0.0295998,0.0800664,0.801437
4.65863037109375,32.74570754370121,-44.06246667065905,16.781409402653058,0.42950347936989913,-2.1806878931955045,1.96290344825548,0.0332502,0.347987,0.260923,0.362898,0.726688,0.393619,-0.430456,-0.0749769,0.371933,-0.233794,0.600201,0.395115,0.532176,-0.447696,31.445120945324636,-1.3438948562358375,12.786880373060061,0.4382270526396326,-8.003707476906932,-12.614598480448585,22.96357579522469,48.33524225486438,-0.0921633,0.28475,-0.338211,0.589159,-0.0277228,0.077336,0.80383
4.685032606124878,26.681983990002028,-36.196049535094346,11.688509341022582,-0.49038958136860367,-2.2221620353106064,1.7485175057258493,0.0333934,0.347867,0.260745,0.363007,0.727197,0.392142,-0.430854,-0.0742072,0.370526,-0.233941,0.600903,0.39362,0.532285,-0.447942,31.469931147345022,-1.4480587447206243,12.507921479100531,1.235184709836087,-8.681519161472622,-12.337460891278567,23.307354952358978,49.22766779902729,-0.0912056,0.283398,-0.338208,0.588411,-0.028862,0.0760299,0.804462
4.706274747848511,23.243602848791973,-33.368160258276056,9.639474852606652,-1.316790922623164,-2.177633024290259,1.71234467064894,0.033462,0.347808,0.260577,0.363154,0.727353,0.392471,-0.430166,-0.0732402,0.369514,-0.23417,0.60029,0.394075,0.53217,-0.448499,31.461409292772775,-1.552075821023009,12.658241212036156,2.5370854994886756,-8.557944866530107,-12.219744686682795,23.43743148952802,49.92544199333741,-0.0903226,0.28232,-0.338305,0.589876,-0.0281421,0.0774322,0.80328
4.731785774230957,20.57977873640567,-33.75629035600186,9.929482121358598,-2.060154852771626,-1.981042057067365,1.7742208599882954,0.0334818,0.347627,0.260197,0.364048,0.726755,0.391729,-0.431096,-0.0713006,0.367855,-0.234768,0.602394,0.393099,0.530519,-0.448492,31.602426774397347,-1.3502218417393062,12.565697958064398,2.687722975697106,-10.433497852359686,-12.774965746836337,23.57724836322139,51.171008843794404,-0.0885515,0.280794,-0.338611,0.591629,-0.0307733,0.0748871,0.802135
4.756041049957275,19.20161373259754,-32.9392858532123,9.957570414945087,-2.224543822701809,-1.8886140787412695,1.7465780313673163,0.0333983,0.347577,0.260064,0.366493,0.725692,0.392572,-0.430047,-0.070966,0.367608,-0.234975,0.601362,0.394674,0.529846,-0.449288,31.356733658690917,-1.3929180512379231,13.05541829780439,1.9254472428150038,-9.441307864010888,-12.779486833344087,23.662042209015784,50.18131428065624,-0.0876906,0.280327,-0.338958,0.590059,-0.0265777,0.0760762,0.803328
4.781408071517944,17.390556456330618,-30.23356563122423,9.241215321554549,-2.1187451854718664,-1.8495463833165142,1.6105227265052313,0.0332836,0.347565,0.259955,0.365174,0.72677,0.391706,-0.430139,-0.0711251,0.367849,-0.234812,0.602419,0.393577,0.531792,-0.446526,31.312867369127275,-1.3545545150968188,12.463406033677849,3.018090219998104,-10.18893016992648,-12.819514484601505,23.721055509544914,51.15629391366351,-0.0880923,0.280763,-0.338933,0.590745,-0.0301458,0.0717787,0.803093
4.804720163345337,17.383889713962247,-28.148988321666966,8.919960161702209,-1.9399291440677326,-1.863974028619095,1.5200023856714,0.0332661,0.34756,0.259959,0.365993,0.726314,0.391881,-0.430055,-0.0715762,0.368255,-0.234517,0.603096,0.392798,0.532621,-0.445307,31.20576633855983,-1.3227841486133736,12.330096663853436,2.175829764431331,-10.287408360952284,-12.66892457756677,23.463395930683046,50.681032552753955,-0.0882968,0.281451,-0.338638,0.587912,-0.0310521,0.0747434,0.804866
4.8301215171813965,17.964856834175645,-27.691881417299577,8.690444914035814,-1.759609081576132,-1.879387463926089,1.4253165026228267,0.0333382,0.347594,0.260039,0.366467,0.726046,0.391756,-0.430216,-0.0723941,0.369168,-0.233739,0.601856,0.393465,0.53531,-0.443168,30.75007609712584,-1.290805055154964,12.139591059259057,2.3907317599163456,-10.277125877425561,-12.83818887785862,23.686540957363277,50.732520918642436,-0.0895055,0.282478,-0.33864,0.591306,-0.025268,0.0697463,0.803028
4.856505870819092,18.55747732006719,-27.269372647767923,8.88087657117012,-1.6895045309514323,-1.872364215957784,1.3904588825645974,0.0333763,0.347599,0.260044,0.36637,0.725766,0.391796,-0.430735,-0.0726112,0.369396,-0.233601,0.601314,0.393838,0.535985,-0.442756,30.62916853377652,-1.2252486485214362,12.11296516491544,2.5775123540995146,-10.614152281828083,-13.203341897556705,23.974115314756393,51.068551073228356,-0.089612,0.282779,-0.338531,0.591019,-0.0248083,0.070061,0.803226
4.880953311920166,19.72246925825928,-28.966927550471794,11.69953441659694,-1.5364418361162475,-1.7452167912914567,1.4414109108322009,0.0333814,0.347574,0.26002,0.366769,0.725829,0.391961,-0.43014,-0.0730289,0.370218,-0.233222,0.599809,0.396592,0.534634,-0.443971,30.534033009700952,-1.1999707851004553,12.552040478806038,1.8070596634473226,-8.75454916490677,-12.65406755382324,23.34230068548072,49.21159310351484,-0.0904929,0.283582,-0.338398,0.592434,-0.0219243,0.0695693,0.80231
4.90720534324646,21.17885926664116,-30.999608253726453,13.863262558983086,-1.4417439282817555,-1.6814399236727016,1.4976409460636528,0.0332805,0.347593,0.259929,0.365035,0.726463,0.392297,-0.430237,-0.0731478,0.370297,-0.23326,0.600172,0.396642,0.533571,-0.444713,30.858904222962572,-1.1724760212864958,12.580669515195886,2.2590355090182364,-8.551083415868888,-12.27468451427523,23.02781440808633,49.16662793940613,-0.0904815,0.283761,-0.338518,0.59163,-0.0216069,0.0685336,0.803001
4.933828115463257,23.494821175498792,-33.39385699004685,17.654580431141166,-1.1605699817969717,-1.5144498665437232,1.5409396287134898,0.0331277,0.347552,0.259818,0.364693,0.726653,0.390942,-0.431438,-0.0735331,0.37024,-0.233388,0.601727,0.391523,0.537541,-0.442362,30.754607928563537,-1.3688270338818231,11.63044587010923,2.3931669529914394,-11.670916631139804,-12.504317663222132,23.489895291983043,51.68070913719066,-0.0909031,0.28382,-0.338666,0.592853,-0.0222186,0.0696553,0.801985
4.956233263015747,25.55695983248721,-36.08171431654259,21.376491788645833,-0.8927118243906406,-1.3818571897650302,1.6410368956300128,0.0330618,0.347555,0.259772,0.364897,0.726569,0.39096,-0.431391,-0.0738576,0.370039,-0.233631,0.601404,0.392909,0.536271,-0.443113,30.770696114614022,-1.2893534238008284,11.866321032326134,2.228339867365719,-10.611784674825024,-12.677577343091393,23.504400866200942,50.81228864248408,-0.0912485,0.283551,-0.338661,0.591898,-0.0234214,0.0739073,0.802276
4.9806225299835205,30.23514095851021,-40.19183422747179,26.377264800400482,-0.41870496408528274,-1.2237727226260535,1.7145796261089465,0.0330387,0.347575,0.259753,0.364831,0.726447,0.391132,-0.431495,-0.0743152,0.369688,-0.234092,0.600765,0.393646,0.535072,-0.444772,30.864532667279885,-1.308014931478227,12.133497411881251,2.1027874682197165,-9.73655836047601,-12.85906418186486,23.71516759578564,50.26452302900508,-0.0915096,0.282629,-0.33913,0.591235,-0.0209085,0.0733767,0.802883
5.005258321762085,33.261305963768194,-46.22628707630312,31.1069036087459,-0.10975753413696233,-1.0676302321466973,1.9666476604008494,0.0330321,0.347584,0.259762,0.36472,0.726448,0.391211,-0.431517,-0.0742863,0.369589,-0.2343,0.601002,0.393618,0.53415,-0.445584,30.996673994932404,-1.3072181852968257,12.231201346858633,1.7933110138418762,-9.55724536488217,-12.820498416114965,23.639492746974277,49.99364698252361,-0.0917384,0.282493,-0.339146,0.592294,-0.0227202,0.075887,0.801818
5.028125286102295,38.46229266379187,-52.903759112555285,36.500476332036364,0.387848802185649,-0.9229678172111869,2.216234377272846,0.0330171,0.347601,0.259778,0.3644,0.726489,0.391294,-0.431643,-0.0741459,0.36963,-0.234531,0.600535,0.394015,0.533471,-0.446675,31.07778033841085,-1.3294626262710292,12.376140365576244,1.7867952528544393,-9.56897549788561,-12.939187979659486,23.772909059412555,50.09056245220618,-0.0916485,0.2824,-0.339192,0.592729,-0.0235059,0.0774198,0.801328
5.053744316101074,46.65455203556499,-64.32960045880097,46.741792157359505,1.1135079774060725,-0.6097842339157676,2.556528548714612,0.0329102,0.347682,0.25987,0.363669,0.726597,0.391649,-0.431755,-0.0740828,0.370069,-0.234969,0.600506,0.393103,0.532366,-0.448831,31.38273284915316,-1.464390720853613,12.525218689757633,1.0312890649411983,-10.041015456733511,-12.780116728738001,23.696267830481425,50.23213052108642,-0.0920038,0.282616,-0.339556,0.596181,-0.0242105,0.0783989,0.798646
5.080193042755127,51.84883728283954,-74.81205703480731,55.60038991426561,1.8257703260941245,-0.31855647225613043,2.951258848238306,0.0327699,0.347847,0.259948,0.362049,0.727848,0.394345,-0.428545,-0.0742014,0.371362,-0.23492,0.599852,0.3959,0.530531,-0.449419,31.755861393170004,-1.5760187122111855,13.105032527027582,1.4563844535786004,-6.897904892294726,-11.572561310284918,22.854061238840302,48.128505748045484,-0.0923415,0.284176,-0.339782,0.5987,-0.0257502,0.0780385,0.796747
5.105859756469727,54.71159076130891,-78.29203165283832,58.14281257608732,2.4335102947300498,-0.26182399302378023,3.0091520231748095,0.0326901,0.347911,0.259968,0.361322,0.727797,0.394863,-0.428768,-0.0743814,0.372734,-0.23463,0.599323,0.397525,0.531079,-0.448041,31.64212997410362,-1.3760859193977062,13.116628585388128,1.470847888181261,-7.140777750750786,-12.072246036628286,23.00863688805781,48.17213680458368,-0.0923228,0.285551,-0.339926,0.59985,-0.0217779,0.0759657,0.7962
5.129901170730591,54.807405863829636,-75.2943046283895,57.898258617895756,3.0953389621008944,-0.33784677742676833,2.8628571604032222,0.0326184,0.348081,0.260295,0.361943,0.726756,0.39405,-0.430751,-0.0754051,0.375188,-0.233599,0.597568,0.398329,0.535415,-0.444496,30.868033740467478,-1.1288217964062488,12.680824117372719,0.9072696654946242,-9.361691559120217,-13.625332281248873,23.72134631921685,49.45787138822058,-0.0933965,0.288683,-0.33944,0.600847,-0.0254414,0.0722132,0.795689
5.156144618988037,52.19367262125701,-69.23489109635784,53.308111960474804,2.998797802613342,-0.49788566791185096,2.688126717925945,0.0326329,0.348148,0.260509,0.363036,0.726601,0.394235,-0.429925,-0.0758789,0.375916,-0.233121,0.599813,0.39604,0.537416,-0.44109,30.747057960338868,-1.1232820344316492,12.199020902422824,-0.22749243572177846,-9.661265180354356,-13.33451425537234,23.031776303225804,48.976248359650114,-0.0934078,0.289533,-0.339439,0.59879,-0.0260072,0.0677486,0.797611
5.182560920715332,47.51143190220469,-62.0396913374428,45.39868441702895,2.12007637139735,-0.7055989689366282,2.438211534370256,0.0328084,0.34822,0.260753,0.360196,0.728804,0.396506,-0.426482,-0.075634,0.375604,-0.23312,0.598787,0.398651,0.534399,-0.44379,31.397073515092195,-1.4124501325053886,12.8731640999757,1.6933412659277423,-5.525317210122424,-11.487152343408106,22.727706995410415,47.032745134024054,-0.0921406,0.288822,-0.339283,0.59316,-0.0239145,0.069979,0.801681
5.207548141479492,45.94536449674778,-59.956883045341954,43.25537823089953,1.7030397603149172,-0.7361617147475479,2.436456141546689,0.0328866,0.34814,0.260656,0.360259,0.729144,0.395629,-0.426661,-0.0743205,0.374468,-0.233392,0.602069,0.3963,0.534808,-0.440953,31.510213485585208,-1.2605230979194362,12.275818876422179,2.358264259163729,-7.185234673528456,-11.850137639235598,22.771769115929306,48.34139842003212,-0.0902875,0.28801,-0.339382,0.589002,-0.0265715,0.0685004,0.804785
5.2318031787872314,37.93022208934743,-53.564579772776355,33.571199746042105,0.3286063127115611,-1.0629814058763272,2.228669548164995,0.0330043,0.34782,0.260301,0.362313,0.727585,0.3925,-0.430456,-0.0718651,0.372023,-0.234102,0.602945,0.395303,0.533297,-0.442478,31.310326652080455,-0.9569552265946486,12.099569745304251,2.2328767391063202,-11.271144740263935,-13.659539520369954,23.8358152504693,51.168641266978725,-0.0887783,0.285299,-0.339483,0.59413,-0.026117,0.0705874,0.80084
5.2569756507873535,33.02676581085618,-47.36380665293014,28.049136203432578,-0.3790994390323776,-1.265445276466993,2.023705916473691,0.0330159,0.347736,0.260151,0.364662,0.726614,0.392226,-0.430362,-0.0713436,0.371031,-0.234363,0.602592,0.394759,0.533281,-0.443463,31.100822028300346,-1.077702566327245,12.26372672082946,1.6648444626208097,-11.526193365724154,-13.662416041493522,24.027980328047846,51.23969662788669,-0.0875706,0.284147,-0.339651,0.591849,-0.0247273,0.0716744,0.802475
5.2822136878967285,26.264318815779802,-36.29884917770219,21.685558265756146,-1.1139204246501617,-1.4044926686669124,1.7596423361509164,0.0330414,0.347639,0.260137,0.365412,0.726518,0.391474,-0.430574,-0.0705039,0.369459,-0.234692,0.604496,0.395863,0.531393,-0.442152,31.124031760007483,-0.7433885479827191,12.2274712040503,2.221721499626579,-11.120098617671914,-14.44608665123323,24.31657883891396,50.990961699339174,-0.086462,0.282451,-0.339525,0.591411,-0.0296443,0.0720597,0.802597
5.307663440704346,20.35980586511793,-30.449096369863465,15.719946847746582,-1.746603471423523,-1.3827734802900478,1.6308605675060426,0.0331293,0.347599,0.260142,0.365357,0.726874,0.391236,-0.430236,-0.0693785,0.368582,-0.234848,0.606004,0.395202,0.530052,-0.442289,31.356335943171693,-0.7217405609326386,12.181716151664215,2.4890832287886546,-11.345693950993393,-14.201255098308046,24.013111912479857,51.1841084943457,-0.0847177,0.281543,-0.339766,0.59005,-0.0291914,0.0712225,0.803689
5.334569692611694,17.40647476188352,-29.113731436829514,14.206534489384683,-2.0912697583640476,-1.268156069008935,1.6084582723546526,0.0332279,0.347613,0.260147,0.365709,0.726669,0.391715,-0.429847,-0.068498,0.368174,-0.235088,0.607409,0.394385,0.529854,-0.441327,31.454084674382994,-0.660282130140593,12.100396075544609,2.5828013500157496,-11.958247156472382,-14.444718497572751,24.136467649793538,51.64331658634148,-0.083997,0.280952,-0.339887,0.592492,-0.0312409,0.0693344,0.801979
5.3571977615356445,16.42359204569707,-27.88936262385647,14.206234418087503,-2.2866095132283952,-1.2129369313673148,1.5390095438567117,0.0332795,0.347577,0.260124,0.365974,0.727337,0.391299,-0.42887,-0.0673762,0.367512,-0.235334,0.607671,0.395633,0.528336,-0.441668,31.514266392794262,-0.6656520181035566,12.250661102359704,3.1254976748811742,-11.124851066883963,-14.252710273472609,24.02443320780117,51.31048820999125,-0.0825806,0.280259,-0.340099,0.593035,-0.0315412,0.0687541,0.801616
5.383432865142822,15.597800392844636,-24.394251946420404,13.40523418834749,-2.4211139268540047,-1.2512663600880456,1.364806122114618,0.0332744,0.347519,0.260072,0.365246,0.730011,0.388006,-0.427938,-0.0671029,0.366625,-0.235612,0.608875,0.394875,0.528492,-0.4405,31.50127569557882,-0.8653455999651536,11.643421306469659,4.225580565883899,-10.001150500119088,-13.508105739404805,23.85015270672714,51.13240144282086,-0.0814558,0.279151,-0.340272,0.587539,-0.0335564,0.0687533,0.805571
5.409491300582886,14.755332911959949,-23.223851846942708,12.70544664841371,-2.568877129336949,-1.2382553939447212,1.3046540144644456,0.0330848,0.347459,0.259881,0.365565,0.728999,0.387259,-0.430062,-0.0671807,0.366249,-0.235755,0.610242,0.393591,0.529907,-0.438052,31.30564458190872,-0.5380126738141024,11.179250073249694,4.340156575008283,-12.464951265025647,-14.980994039072641,24.758568375376225,52.787682837794016,-0.0811789,0.278824,-0.340443,0.587915,-0.0337134,0.067247,0.805417
5.436444997787476,14.506083148868877,-23.356937501075475,12.88230695953782,-2.6317400761121443,-1.208266875212407,1.314215076035164,0.0330283,0.347349,0.259816,0.363478,0.73068,0.384977,-0.431026,-0.066906,0.366506,-0.235647,0.609423,0.395409,0.52886,-0.43882,31.349853672498938,-0.4619208039499316,11.03338091477574,5.2789285617185975,-12.418555212147155,-14.96568968355217,24.81410344585564,53.12002224857111,-0.0808562,0.279201,-0.340352,0.585074,-0.0351892,0.0671283,0.80743
5.463930606842041,14.581778162210698,-23.466795523230452,13.936956678739678,-2.5514650781156982,-1.1332221533324325,1.2549813962789247,0.0331147,0.347426,0.25985,0.365863,0.729125,0.386885,-0.429931,-0.0665223,0.367145,-0.235252,0.607207,0.397824,0.528511,-0.440128,31.058487595011137,-0.5149602392823907,11.760692626558296,4.346478445091524,-11.447245456842253,-14.721214537666938,24.50762193007803,52.00330624363563,-0.0808133,0.280259,-0.340277,0.589026,-0.0332283,0.0646384,0.804839
5.4900665283203125,16.011055511076133,-22.800496905911203,14.446570881713491,-2.382543586193888,-1.1566343830624741,1.2116174642716457,0.0331682,0.347433,0.259904,0.365238,0.729444,0.386913,-0.429897,-0.0669413,0.36818,-0.234476,0.608381,0.396114,0.531589,-0.436325,30.89158197433862,-0.4624873169689234,11.137993066116984,4.593760321062632,-12.526728831257174,-14.575803983331362,24.354760209437977,52.67393298252832,-0.0805544,0.281816,-0.340118,0.584841,-0.0319018,0.0624629,0.80811
5.511973857879639,15.896625596772278,-22.921701414472082,14.823567949111743,-2.348525603252836,-1.0958424957678443,1.1815345498323948,0.0331622,0.347439,0.259905,0.365285,0.729444,0.386945,-0.429829,-0.0670838,0.368482,-0.234295,0.60871,0.396522,0.532415,-0.434484,30.748973729632006,-0.3408852383755425,10.983748633839777,4.827730812043143,-12.543858407247654,-14.877397347761708,24.528234002567377,52.694649583679976,-0.081331,0.282018,-0.340136,0.590029,-0.0340288,0.0574228,0.804618
5.535723924636841,16.420884506122505,-23.60182887446545,15.636595591478144,-2.266207861381375,-1.0384216879595076,1.2337092017376268,0.0330818,0.347452,0.259863,0.366026,0.72905,0.387004,-0.429812,-0.0677206,0.369856,-0.233561,0.607357,0.398425,0.534779,-0.431725,30.205606257735003,-0.19590881210806455,10.885540813212007,4.860206270167204,-12.455851745984447,-15.271290956120012,24.77710555724771,52.49534742973828,-0.0815158,0.283752,-0.339857,0.586272,-0.0302871,0.058023,0.807466
5.561566352844238,16.572800595191058,-24.010362008020344,16.728900200872395,-2.148582944652449,-0.9751438322895865,1.241190329039646,0.0330552,0.347457,0.259864,0.366039,0.729042,0.386945,-0.429868,-0.067764,0.370886,-0.233084,0.605334,0.400937,0.535066,-0.431885,29.93930876558387,-0.14613158108653668,11.109850232727329,4.948822275557806,-12.069521288198175,-15.332048798076713,24.821247989783082,52.21641048085584,-0.0812899,0.28567,-0.339462,0.583439,-0.0315676,0.0569659,0.809541
5.587383985519409,17.21539191345034,-25.25461495394229,17.424053649963952,-2.084005271743277,-0.9296560878283743,1.2659814162308196,0.0330735,0.347456,0.259881,0.365988,0.729143,0.386964,-0.429724,-0.0678746,0.371924,-0.232565,0.605752,0.399976,0.535645,-0.431472,29.962252851695315,-0.20685814662423851,10.973619195526307,3.9529099686817553,-12.475143105574958,-14.656983007600445,24.077077248308225,51.854562165165994,-0.0820014,0.28683,-0.339446,0.589616,-0.0265366,0.0552372,0.805356
5.613319396972656,20.322507066709516,-28.58008320817951,20.353254385986457,-1.8130982038951522,-0.7944931152474022,1.3515725214902916,0.0330846,0.347458,0.259886,0.365902,0.729151,0.387022,-0.429731,-0.0680387,0.372797,-0.232062,0.602387,0.403316,0.537969,-0.430181,29.37921360832256,-0.16377287865011958,11.096363296793914,5.534164454394261,-12.239187374596895,-15.376660492893876,25.07740627453592,52.61345730956895,-0.0820277,0.287965,-0.339273,0.587111,-0.0251867,0.0547322,0.807261
5.637221574783325,22.185911237878592,-31.49736789670453,22.895118818967042,-1.5368592461039912,-0.6324821086661601,1.430032868827532,0.0329831,0.347535,0.259816,0.366401,0.727472,0.389433,-0.429974,-0.0683991,0.373326,-0.231761,0.604634,0.402465,0.536738,-0.429363,29.675441426335578,0.1537647293969373,11.27030696345384,3.8739617069519596,-12.658127700046933,-15.38302533683867,24.25029260732386,51.628176934641616,-0.0828343,0.288888,-0.339173,0.591079,-0.0253412,0.0528612,0.80448
5.663867235183716,28.835182720629426,-39.243229218051646,29.068012984161342,-0.8152138486414842,-0.383220518162241,1.618932463490542,0.032936,0.347621,0.259794,0.365538,0.727953,0.391066,-0.42841,-0.0690975,0.374127,-0.231606,0.604248,0.401607,0.538882,-0.428021,29.697846040907482,-0.06104400862798176,11.172466263905097,4.523560135731724,-12.063505416004034,-14.722062322834134,24.055191396225645,51.65978240458316,-0.0832661,0.289843,-0.339043,0.588893,-0.0271122,0.0535839,0.805977
5.686924695968628,36.82143194224921,-45.95234488793052,35.252219676397594,-0.1815845877693747,-0.15226931813152791,1.8092286695133573,0.0328289,0.347573,0.259891,0.362833,0.731013,0.387541,-0.428701,-0.0699418,0.374631,-0.231462,0.604815,0.40009,0.541582,-0.425224,29.578776107305348,-0.24232332693067615,10.134366794245569,6.032641551157866,-12.279821346571367,-14.394930492476611,24.387756455485114,52.65874494888601,-0.0820053,0.290526,-0.33959,0.574126,-0.0243587,0.0510368,0.816811
5.712594985961914,43.58850902633578,-59.74738063019159,48.175502556092255,0.9839130606614539,0.31738851194856377,2.2274171960117832,0.0326815,0.347694,0.259987,0.3641,0.730228,0.386207,-0.430166,-0.070276,0.375297,-0.231732,0.605065,0.402533,0.53861,-0.426336,29.493425906248902,0.1322616069014355,10.42341973949495,3.8619166676499574,-11.810981043735708,-15.403574154267403,24.422156188746186,51.00518004373671,-0.083943,0.290797,-0.339696,0.590249,-0.0276161,0.0534193,0.804979
5.736016035079956,48.96922760742991,-66.26103101870027,54.34797935903934,1.661989694871925,0.4531134972353568,2.4550934489640754,0.0325792,0.347851,0.260107,0.363492,0.730581,0.387286,-0.429108,-0.0701495,0.376196,-0.232016,0.605427,0.402395,0.538084,-0.426616,29.723063825959994,0.05679574391419173,10.547484369965858,3.413506162068323,-11.525733210118844,-15.198861512905466,24.250036265173378,50.66536192208942,-0.0831202,0.291715,-0.339835,0.586079,-0.0284588,0.0557114,0.807835
5.761852264404297,55.23747025985997,-68.51760971192734,59.48222953508961,2.347840857423289,0.4861729231198932,2.4340183549694254,0.0325023,0.348115,0.26035,0.365288,0.727856,0.392233,-0.427719,-0.0698563,0.377037,-0.232213,0.604771,0.401717,0.540085,-0.425657,29.638159993245,0.0390939337640992,11.052275802367912,3.0008886943957016,-12.779554759016037,-16.245983901944903,25.183458103582552,51.69997504508012,-0.0821691,0.292628,-0.339825,0.581895,-0.0326796,0.0586621,0.810487
5.78812050819397,55.625151458457324,-69.37440917143802,56.964829456670714,2.374279032040275,0.29442423562758024,2.3762949141487213,0.032417,0.348114,0.260608,0.363769,0.729065,0.390818,-0.428249,-0.0702572,0.377423,-0.232316,0.606698,0.402575,0.538874,-0.423634,29.77944085194821,0.35737521834159747,10.687125042487217,3.009048638148389,-12.289436921157161,-16.853474975186238,25.324764222018544,51.08192475026848,-0.0824028,0.292498,-0.340096,0.584433,-0.0298737,0.0606424,0.808621
5.8157970905303955,54.55829072609583,-69.51318695997617,55.857650292276006,2.3371819676602454,0.20104054878672342,2.5160553556776675,0.0323864,0.34814,0.260658,0.364028,0.728428,0.391436,-0.428549,-0.0707764,0.377031,-0.232288,0.610353,0.398835,0.539246,-0.421442,30.055088948558524,0.484175108521673,10.221719557397574,1.9302053188822228,-13.274863974481107,-16.780876789123944,24.84664609390084,51.01892526084078,-0.082696,0.29219,-0.340183,0.583628,-0.0328498,0.0565137,0.809386
5.838649272918701,51.77143389706088,-66.59388368350189,52.57723437164111,2.3024422985341304,0.08635346796447174,2.4180321279155974,0.0324006,0.348175,0.260655,0.363945,0.72918,0.390655,-0.428053,-0.0700961,0.376681,-0.232292,0.611648,0.398378,0.539795,-0.419288,30.00023865920115,0.529352642501574,9.869380868010495,2.7220769722734133,-13.521975161616467,-16.843073438715777,24.915826093377873,51.48747807055551,-0.0816946,0.291812,-0.340259,0.5853,-0.0317609,0.0533209,0.808438
5.86383581161499,48.180833669808926,-60.2819810713451,46.929688266556774,1.9429896805658589,-0.1512979760508071,2.2102982503788136,0.0324727,0.348178,0.260688,0.364529,0.728558,0.391624,-0.427729,-0.0691336,0.376368,-0.232348,0.611044,0.400071,0.537417,-0.421606,30.158810791480253,0.5803904598290295,10.444515196409728,2.4236227480060535,-13.021963483289667,-16.712921085695008,24.666641159250425,50.937688249256546,-0.0805379,0.291552,-0.340277,0.584133,-0.0309533,0.0563896,0.809105
5.8893115520477295,39.389818106913175,-49.35738198913901,37.514320515804535,0.8939032277938532,-0.45308466975685124,1.9085282206884802,0.0326178,0.348086,0.260715,0.364889,0.728574,0.39155,-0.427462,-0.0676299,0.374728,-0.23291,0.61127,0.399036,0.536256,-0.423733,30.37012807591998,0.40016447333411787,10.60315694455075,3.136814342876683,-13.62144072346564,-16.647137025664776,24.88046343623442,51.970691592696184,-0.0794413,0.289447,-0.340279,0.587485,-0.0325553,0.0580863,0.806491
5.9153923988342285,33.898925148698716,-45.16265316584738,32.80958761329222,0.046380215579903,-0.5680128953551966,1.863882710679537,0.0327322,0.347938,0.260718,0.363804,0.730709,0.388312,-0.427697,-0.0664571,0.373488,-0.233197,0.611145,0.400568,0.534013,-0.425296,30.456594558775947,0.35609954207752903,10.491114698026031,4.4068980439428636,-12.78819759168583,-16.33064914642256,24.859414285791406,52.00587228767443,-0.0787325,0.287989,-0.340336,0.588989,-0.0344154,0.0562112,0.805449
5.942341089248657,26.95731634152982,-39.41642038396102,26.092685992774886,-1.1339761431309154,-0.732937902225521,1.7321280349858637,0.0328413,0.347712,0.260436,0.367064,0.729732,0.387096,-0.427683,-0.0643626,0.371613,-0.233737,0.609197,0.402998,0.530482,-0.430188,30.296990818236797,0.23010954217580792,11.32101144238218,3.678324163539198,-12.241096263604263,-16.16003004453674,24.79294340154667,51.44384482663625,-0.0776224,0.285672,-0.340596,0.591712,-0.0357237,0.0534328,0.803583
5.96425461769104,23.46258152469404,-35.74104214158139,22.39639776349736,-1.6036519685033375,-0.8450603325705398,1.64171675860259,0.0329116,0.34778,0.260279,0.369204,0.727968,0.388729,-0.427365,-0.06386,0.370959,-0.233975,0.609087,0.400145,0.531943,-0.4312,30.239586711587787,-0.03722144339831779,11.46550060116224,3.040236347478732,-13.711226888093691,-16.029265621869726,24.957713752080753,52.48699184272097,-0.0765389,0.285184,-0.340572,0.587843,-0.0349567,0.0566468,0.806232
5.99052357673645,19.34343744228103,-30.858398166176432,19.23150491996867,-1.9827152397992214,-0.8519509974271376,1.4991508449554378,0.0329304,0.347734,0.260252,0.369592,0.727948,0.388431,-0.427335,-0.0637308,0.369999,-0.234304,0.609773,0.399257,0.530318,-0.433052,30.469907780304375,-0.12919243774679234,11.592321723141598,2.5377147434706337,-13.272931407875035,-15.573009550339272,24.568864908483345,51.9660173973381,-0.0769629,0.284097,-0.340516,0.590611,-0.0393473,0.0548108,0.804131
6.019072532653809,17.42064220432793,-27.34229884788623,15.854037109836339,-2.1401079291150595,-0.9435436362159774,1.4368340877975467,0.0329288,0.347714,0.260193,0.369649,0.727989,0.389075,-0.426629,-0.063826,0.369808,-0.234373,0.607841,0.40068,0.529713,-0.435189,30.468121792331857,-0.3038435646458435,12.024269682189729,2.9326532310111126,-12.05099042934242,-15.083794759251397,24.41612768377271,51.450362349407705,-0.0763513,0.284042,-0.340472,0.584798,-0.0341565,0.0608774,0.80817
6.043691873550415,16.520020360617902,-27.381589866881807,14.989570765310285,-2.271662810002731,-0.9599868908329512,1.4351287297510147,0.0329538,0.347704,0.260161,0.369871,0.727702,0.389294,-0.426726,-0.0639384,0.369816,-0.234325,0.608346,0.400274,0.529447,-0.43518,30.523071309078595,-0.2691684133711334,12.031514890281318,2.46340653322164,-12.079924330557489,-14.972080982245473,24.19955107476096,51.156727659321575,-0.0771553,0.283887,-0.340425,0.587814,-0.0333953,0.0590802,0.806144
6.069353103637695,16.30773128488539,-26.02999452046911,13.582814037228,-2.2739295800178962,-1.0527695685047385,1.3708686394626672,0.033068,0.347647,0.26018,0.367615,0.730768,0.388347,-0.424292,-0.0641511,0.369994,-0.234078,0.607763,0.402007,0.528211,-0.435898,30.781625649018622,-0.5588378905369247,12.050066411880884,3.732222451336238,-8.64974927839468,-12.981719911421202,23.04698236167956,49.31430154673911,-0.0777961,0.284273,-0.340118,0.58785,-0.0333742,0.0593855,0.806096
6.097466468811035,16.145409943930538,-25.32761399062448,13.195949868006913,-2.2123249776343137,-1.0511539108594612,1.3266463128238108,0.0330866,0.347623,0.260213,0.367563,0.730255,0.389129,-0.424504,-0.064871,0.370199,-0.233841,0.608266,0.398535,0.531423,-0.434479,30.723220761434714,-0.7481676814736442,11.62404613595848,3.716635569034377,-10.212859312267035,-12.857241590163873,23.052573896992488,50.53829071050781,-0.0790098,0.284508,-0.339864,0.591898,-0.03297,0.0596522,0.803126
6.123005151748657,16.415610685450794,-24.44953712954594,13.446754558564221,-2.102893495953829,-1.018845637455703,1.2875983949649967,0.0330539,0.347595,0.260223,0.368694,0.729419,0.38701,-0.426892,-0.0654309,0.370339,-0.23369,0.607735,0.399082,0.531649,-0.434444,30.35186358676152,-0.5252859414162483,11.469098835648559,2.6776764028096096,-11.281439810227013,-13.902635011953016,23.63173775781386,50.69905696718488,-0.07957,0.284461,-0.339867,0.588427,-0.0334554,0.057258,0.805826
6.147881507873535,16.448978434668074,-24.45228141588805,14.186162774395369,-2.09526055512122,-0.9533692752757548,1.2786057960954618,0.0329581,0.347543,0.260074,0.364263,0.731961,0.38656,-0.426752,-0.0658827,0.370149,-0.233756,0.605997,0.400299,0.531487,-0.435947,30.707472281405952,-0.7048238659349622,11.398706243284693,5.675115576122767,-10.22385700667025,-13.165053241391448,23.67581203072939,51.60654637363527,-0.0805653,0.284224,-0.339929,0.591047,-0.0318295,0.0571566,0.803979
6.173135757446289,16.943902361274137,-24.93048203223198,15.077781333464388,-2.1095607590548684,-0.92393474940171,1.319471434284011,0.0329503,0.347672,0.259997,0.366585,0.72895,0.390307,-0.426507,-0.0658811,0.370059,-0.233807,0.605097,0.400923,0.531736,-0.43632,30.57481032524686,-0.5722936296976764,12.067201154671409,5.012151772708204,-10.58535282299534,-13.927770255407182,24.03720970439402,51.5793272017647,-0.0802721,0.284023,-0.339991,0.587257,-0.0310961,0.0591927,0.806634
6.1985907554626465,16.774216180627814,-25.772836588957325,16.061396213298714,-2.1414611364961016,-0.8272237567139237,1.346720788090486,0.0329071,0.347642,0.2599,0.36719,0.728172,0.390413,-0.427217,-0.0658887,0.369697,-0.234194,0.606743,0.39859,0.531152,-0.436883,30.777742461356436,-0.5581400676656418,11.971405853360803,3.757134457641204,-11.70143908800172,-14.0320233593378,23.83349341824235,51.697666862808994,-0.0810996,0.283417,-0.340258,0.594803,-0.030493,0.0581503,0.801185
6.224719285964966,17.154276861512386,-27.01273295313669,17.356355407607992,-2.1480478949246815,-0.7920091337342678,1.3771513274809177,0.0329442,0.347515,0.259955,0.364274,0.731744,0.386622,-0.427057,-0.0659459,0.369579,-0.23429,0.606084,0.398174,0.531378,-0.437899,30.90407409288044,-0.9237409988797856,11.409194443468841,5.286847868606298,-10.912741214496506,-12.943505636905748,23.639138756299232,52.12278927764385,-0.081013,0.283295,-0.340259,0.593787,-0.0314812,0.0566429,0.802008
6.249917030334473,18.13120208482462,-27.178268742453646,18.24414431083899,-2.0332316273471203,-0.7626992632535385,1.397191653980024,0.0329172,0.34747,0.259914,0.364103,0.731344,0.386724,-0.427796,-0.0662554,0.369651,-0.234257,0.60538,0.397773,0.531468,-0.439128,30.929653107684313,-0.9714176738413816,11.487310660002844,5.010480458269377,-11.436393592805985,-12.93519996901076,23.629970734451966,52.40636282977983,-0.0815608,0.283562,-0.340039,0.593171,-0.0295474,0.0622048,0.802125
6.2736780643463135,18.032596237707587,-26.62953043875931,18.03737972805102,-1.9615933891561375,-0.7572966659531681,1.379755830861322,0.0329096,0.347477,0.25991,0.364099,0.731335,0.386712,-0.427825,-0.0664958,0.36969,-0.23415,0.604946,0.399588,0.529909,-0.439961,30.962288589606427,-0.8553531158442178,11.75917306761665,4.777465419248379,-10.264006916790244,-12.836368201729265,23.32628873985981,51.317353487846056,-0.0818402,0.283595,-0.340048,0.593115,-0.0281767,0.0614966,0.802271
6.297228574752808,17.899327266295906,-26.190838545700586,18.410455660702155,-1.9103428876172455,-0.7324523976461764,1.3719112813732623,0.0328998,0.347486,0.259903,0.364298,0.731255,0.386487,-0.427997,-0.0670407,0.369879,-0.234015,0.604185,0.399147,0.531452,-0.439548,30.770582762659657,-0.9488544031289852,11.634084886787928,4.918645284190916,-10.447614300502998,-12.865835895508248,23.54747856621144,51.626352121736176,-0.0824931,0.283817,-0.339884,0.592055,-0.0285748,0.061667,0.803027
6.323209047317505,17.931803589704362,-25.972099360463364,18.85468317063121,-1.8654826488069938,-0.6977305894729829,1.3558858817210042,0.0329201,0.347472,0.259894,0.364011,0.731248,0.386727,-0.428036,-0.0673596,0.370089,-0.23393,0.603986,0.397907,0.532956,-0.439124,30.733012086700963,-1.0656907992439297,11.462717466305275,5.091719623724618,-11.030803333093147,-12.754005766571765,23.649107898167735,52.22706570173548,-0.0830224,0.284033,-0.339863,0.593614,-0.0265934,0.0618406,0.801929
6.348223447799683,17.605200270301882,-26.003500119030672,19.549482210356228,-1.9032199855045413,-0.6306089146478981,1.3571083364441,0.0328919,0.347476,0.25985,0.364244,0.731114,0.386729,-0.428065,-0.0677853,0.370171,-0.233948,0.603334,0.40035,0.52996,-0.441417,30.864855939847786,-0.9487813090573676,11.97842908348412,4.121447027146022,-9.139343772181242,-12.417225479584978,23.024243711020052,50.218839887611466,-0.0840462,0.284193,-0.339722,0.59661,-0.0306598,0.0603874,0.799669
6.373966932296753,17.909512404085064,-25.829566144418852,19.422313956630237,-1.9184589548813475,-0.6333874418442812,1.3802440721262834,0.0328813,0.347458,0.259823,0.363986,0.731167,0.386741,-0.428182,-0.0679742,0.370122,-0.233961,0.603685,0.398117,0.532319,-0.440117,30.792730183848892,-1.0846394541452646,11.590283134230791,4.621575318432189,-10.367541693648178,-12.490349278269441,23.33243938227279,51.488720934344705,-0.0838281,0.284054,-0.33969,0.593514,-0.0267996,0.0635404,0.801864
6.398879766464233,17.812554108477027,-26.01481617892944,19.44889058356517,-1.9766241528124584,-0.6172407582182253,1.4008593739802928,0.0328792,0.347442,0.259795,0.364017,0.731132,0.38672,-0.428234,-0.0682176,0.369995,-0.234101,0.601374,0.39981,0.531472,-0.442763,30.73852170581398,-1.2162604295961303,12.017583664894214,4.804244407116542,-9.417196768350074,-12.364954056857982,23.47624639993213,51.124099516245344,-0.0842071,0.283811,-0.339775,0.592813,-0.0259478,0.0652618,0.802272
6.423869371414185,17.66344302337392,-25.80708582121144,19.503124255417415,-2.0080895628488116,-0.5979968511497747,1.3969033280710283,0.0329003,0.347428,0.259796,0.363897,0.731117,0.386736,-0.428348,-0.0682946,0.369788,-0.234122,0.602445,0.39789,0.532312,-0.442026,30.815952005037563,-1.265964620760312,11.751033856291436,4.746137920768444,-10.159290680827937,-12.262321218006583,23.404408569104547,51.616211668607434,-0.0846329,0.283672,-0.339699,0.593947,-0.0272195,0.0652761,0.801389
6.449172735214233,17.688290595311003,-25.34511275142644,19.080827999209397,-2.017437457704412,-0.6236016849905667,1.3889827920189723,0.0329224,0.347418,0.259783,0.363873,0.731201,0.386623,-0.428326,-0.0684945,0.369531,-0.234186,0.602191,0.397607,0.531625,-0.443452,30.923420816801023,-1.369980442800398,11.865251040994895,4.4776255740455895,-9.717866501280177,-11.843331446562566,23.09875808777316,51.21006370013528,-0.0848255,0.283297,-0.339759,0.592336,-0.0249379,0.0658817,0.802605
6.473994255065918,17.84638881616399,-25.216159074811603,18.923275032342925,-2.0155331999107005,-0.6450713784607818,1.3791640642390006,0.0329239,0.347415,0.259774,0.363865,0.73118,0.38654,-0.428444,-0.068717,0.369415,-0.234227,0.601115,0.397111,0.532445,-0.444371,30.85580815545838,-1.5411043181190358,11.885445646198171,4.741001311127146,-9.921652725410553,-11.721727196143412,23.290988040948108,51.688520945415355,-0.0847954,0.283138,-0.339818,0.590424,-0.0235455,0.0665836,0.803997
6.497868299484253,17.818321657943002,-25.76649387704894,19.123627291666693,-2.048874456042424,-0.6082380510043204,1.4078358806254208,0.0328948,0.347384,0.259769,0.364892,0.730378,0.384733,-0.43056,-0.0688706,0.369304,-0.234238,0.601106,0.398815,0.531484,-0.444009,30.56622069992875,-1.1637543664706742,11.856235010665728,3.971785407520457,-10.483514973218092,-13.01419008487504,23.876388369039372,51.507051464871246,-0.085298,0.282997,-0.339737,0.5927,-0.02399,0.0666896,0.802299
6.52351975440979,17.97283762549762,-25.615025537202165,19.23808479133195,-2.0413662359113314,-0.6115621098735149,1.399371612783521,0.0328983,0.347377,0.25976,0.364932,0.730413,0.384632,-0.430558,-0.0688985,0.369298,-0.234243,0.601153,0.398695,0.531226,-0.444361,30.599848494357325,-1.1861401890368466,11.876184183155043,3.763237037712294,-10.389935887737018,-12.86618710664272,23.73251507913559,51.32484891939253,-0.0851531,0.283158,-0.339674,0.591033,-0.0242797,0.0675934,0.803443
6.549064874649048,17.530645472536264,-25.06821903455563,19.027291396617297,-1.986516137255593,-0.6010900284311095,1.360217917165177,0.0328885,0.347384,0.25976,0.364897,0.73041,0.384585,-0.430635,-0.0691989,0.369493,-0.234193,0.601416,0.397631,0.533013,-0.442815,30.471633739557205,-1.2132240375691836,11.586246190505356,4.01861193422484,-11.036294088090926,-13.087297853614658,24.044933324295037,51.9752793327637,-0.0858091,0.283237,-0.339511,0.593251,-0.0263046,0.0670515,0.801789
6.576596975326538,17.41700650521718,-24.45573218198795,18.591078822655795,-1.955667170921471,-0.6233490275238763,1.3324218452005758,0.0328866,0.347384,0.259763,0.364874,0.730415,0.384612,-0.430621,-0.0692818,0.369443,-0.234134,0.601208,0.397726,0.532941,-0.4431,30.475947325523432,-1.2334383249990832,11.62605772093043,4.05976148835806,-10.875739507242969,-12.973882387123162,23.97186293102099,51.8824073373059,-0.0859203,0.283132,-0.339555,0.594242,-0.0246306,0.0675647,0.801065
6.602261066436768,17.423030198698378,-24.303706600691346,18.15764029347304,-1.971042101774492,-0.6560213085108437,1.325343174439037,0.0329031,0.34738,0.259767,0.364891,0.730429,0.384571,-0.430619,-0.069251,0.369437,-0.234151,0.601787,0.396767,0.533444,-0.442567,30.495762978490298,-1.2579718126509096,11.474982437151716,3.9590310192620386,-11.302949574543959,-12.944172445090146,23.966618449641672,52.14209884982184,-0.0857237,0.28308,-0.339618,0.593545,-0.0245844,0.0670543,0.801626
6.627393007278442,17.204126824932388,-24.499759662534412,18.203364623807712,-1.9970532544971886,-0.6484615876459943,1.3313530136403893,0.0329125,0.347377,0.259769,0.364844,0.730454,0.384558,-0.430628,-0.0691928,0.369395,-0.234185,0.60176,0.396875,0.533473,-0.442473,30.4865990816411,-1.2470890319462562,11.470187386770462,4.0877651278594165,-11.328095606550448,-13.032250982829787,24.056265531416056,52.23615131268166,-0.0858861,0.282925,-0.339626,0.594046,-0.0251085,0.0656845,0.801352
6.652935981750488,17.528491030880605,-24.13449625530705,17.751876882259733,-2.0209300911305466,-0.7077918092251889,1.3312015441675393,0.0329081,0.347373,0.259763,0.364941,0.730398,0.384623,-0.430584,-0.0690318,0.369122,-0.234305,0.60145,0.398373,0.531268,-0.444196,30.621598464523746,-1.1809771970090264,11.82973886431672,3.7719076132690503,-10.340693231957175,-12.897944699080384,23.757195086615802,51.29796985838107,-0.0849527,0.282717,-0.3399,0.589056,-0.0219199,0.0673243,0.804984
6.674428701400757,17.1238813162475,-24.073249496669426,17.88839250194872,-2.033494140649958,-0.6775187486166985,1.3178244014651102,0.0328994,0.34737,0.259755,0.364949,0.730391,0.384602,-0.430607,-0.0690622,0.369006,-0.23437,0.601945,0.397735,0.531364,-0.443983,30.664710365423115,-1.1872718867950551,11.747962866979009,3.6773206695925325,-10.523640834556375,-12.879282835028278,23.724973495657096,51.37567514617341,-0.0855312,0.282409,-0.339812,0.593162,-0.0244733,0.0665619,0.801953
6.699107646942139,17.181209747551918,-23.870520361902674,17.892003288592836,-2.0567655456566536,-0.6965785764256517,1.3190452806633406,0.0328963,0.347371,0.259742,0.365014,0.730393,0.384608,-0.430543,-0.0690815,0.368725,-0.234479,0.602499,0.396356,0.531009,-0.44489,30.827244317595493,-1.3037475498600974,11.727031917269525,3.232699567459232,-10.672824149080412,-12.434565078804923,23.38164183047358,51.29285923803975,-0.0852051,0.282467,-0.339741,0.590144,-0.0264472,0.0679071,0.804002
6.72383451461792,16.770965240621937,-24.10724617239503,17.702296854010076,-2.0624794362586876,-0.6774462089868075,1.318120479179824,0.0328915,0.347419,0.259713,0.36712,0.728693,0.386654,-0.4298,-0.0690481,0.368626,-0.23462,0.60256,0.395781,0.531796,-0.444378,30.680547722641997,-1.319491007441357,11.984703686864052,2.477928964641446,-10.859331990714239,-12.726656424052003,23.632622804399126,51.16612657262463,-0.0854644,0.28202,-0.339819,0.593268,-0.0253497,0.0671448,0.801799
6.748796701431274,16.708602089364245,-23.589973235640436,17.056049691342974,-2.0579130109392914,-0.7057784566909397,1.3076958994438195,0.0328935,0.347346,0.259739,0.36563,0.730072,0.384873,-0.430327,-0.0690421,0.368531,-0.234719,0.602385,0.397063,0.530707,-0.444774,30.75657842598107,-1.251210639532652,11.855235732850446,3.157941171103399,-10.296654200126781,-12.79971465951472,23.66753706396829,51.041329989471905,-0.0851933,0.281711,-0.339939,0.592245,-0.0227467,0.068559,0.802514
6.7712061405181885,16.471126060165297,-23.442895145304774,17.07364277973477,-2.0712690189800522,-0.6975628382837596,1.2921212352453055,0.0329227,0.347433,0.259742,0.366388,0.729057,0.386313,-0.430114,-0.0690698,0.368366,-0.23479,0.602534,0.396337,0.530631,-0.445309,30.827092053610716,-1.2773337267094158,12.060667223705988,2.7028245255889125,-10.465973513993617,-12.783463259024948,23.620605789706133,50.98197324247336,-0.0856459,0.281477,-0.339796,0.593457,-0.0259473,0.0672798,0.801629
6.796169281005859,16.323246286638447,-23.357399035911076,17.004766218194966,-2.078844993634267,-0.6885091731455141,1.290412486701141,0.0329118,0.34736,0.259751,0.364994,0.730352,0.384556,-0.430676,-0.0690739,0.368256,-0.234838,0.602313,0.39726,0.530482,-0.444964,30.807939787135155,-1.2199418496919092,11.816559875841662,3.6865752017890046,-10.298340873171696,-13.004260175228083,23.88157119084218,51.33763081727213,-0.0858436,0.281253,-0.339769,0.594622,-0.0276716,0.0677899,0.800664
6.820119380950928,16.172526874488625,-23.32008732558474,16.775439279254226,-2.1049426321894202,-0.7022883699807982,1.2978008100908167,0.0329077,0.347367,0.259713,0.365615,0.729913,0.384424,-0.431011,-0.0689914,0.368113,-0.234857,0.601814,0.398565,0.529326,-0.445848,30.753052631934075,-1.1226490420815596,12.063195347467488,3.33256562248015,-9.89308410054349,-13.193754742850942,23.896619007448788,50.81408088414094,-0.0857834,0.281172,-0.33978,0.593787,-0.0279915,0.0684139,0.80122
6.844536781311035,16.094234747570493,-23.202458111619446,16.870997363779043,-2.1098956561912954,-0.7137874561219517,1.2804350834546154,0.0329091,0.347414,0.25972,0.367062,0.728737,0.38656,-0.42986,-0.0689546,0.36796,-0.234932,0.601617,0.398769,0.528671,-0.446706,30.801985137778285,-1.1825400815592007,12.526249319488247,2.620527293903443,-9.079796330791332,-12.911427934044461,23.671067622868826,49.93236394999126,-0.0855848,0.28126,-0.339736,0.592391,-0.0308996,0.0678571,0.802193
6.86993145942688,15.931293000871056,-22.866394303523627,16.598484232440597,-2.0993509609542644,-0.7027887566932421,1.2727713620622259,0.0328681,0.347506,0.259671,0.368106,0.726851,0.389177,-0.429798,-0.0690123,0.36782,-0.235015,0.602073,0.397914,0.528617,-0.446919,30.905404080618933,-1.1046071356242004,12.841725506349942,1.9680969250541231,-9.700298137241703,-13.195054095558866,23.717952240936967,50.031484768943635,-0.0860333,0.280904,-0.33975,0.595138,-0.0290744,0.0699544,0.800045
6.893349885940552,16.012463300718235,-22.78903150968196,16.36843630918892,-2.1071818129291504,-0.7313293501973283,1.2736683626378635,0.0329168,0.347358,0.25974,0.364959,0.730362,0.384518,-0.430723,-0.0690906,0.367656,-0.235132,0.602532,0.396962,0.528346,-0.447466,31.09897388158543,-1.2979278510219237,12.071849786567306,3.0681035933738094,-9.650596351606808,-12.517701947015517,23.41354838699418,50.58140092432785,-0.0857064,0.280785,-0.3398,0.592732,-0.0285903,0.0704962,0.801799
6.919276714324951,16.182990886886415,-22.829355599913022,16.02311698640658,-2.1157316191400484,-0.7575178866135722,1.2808289123181122,0.0329197,0.347356,0.259738,0.364975,0.730318,0.384567,-0.430741,-0.0690184,0.367479,-0.235188,0.602727,0.396612,0.528543,-0.447283,31.10628217037666,-1.3033112926995347,12.025211583016429,3.2134589093299937,-9.855443462823771,-12.590902488898237,23.501193980982887,50.82508941210969,-0.0852803,0.280353,-0.340007,0.590733,-0.0253472,0.0701039,0.803416
6.942962646484375,15.904645354258324,-22.969786791974105,15.994870438907002,-2.1268551088099485,-0.7502042179469333,1.2584265718259515,0.0329253,0.347348,0.259739,0.364942,0.730363,0.384585,-0.430675,-0.0689971,0.367378,-0.235269,0.602016,0.396802,0.529227,-0.447261,31.00923267021328,-1.3618065826996224,12.027196527847813,3.741249342379824,-9.942492998727332,-12.776573614582588,23.855698217281795,51.29532639083692,-0.0854881,0.280162,-0.339974,0.592599,-0.0288186,0.0674983,0.802147
6.965285062789917,16.01460313683567,-22.919340963181014,15.930006901050161,-2.12987167425385,-0.7481049104433944,1.2801595944843323,0.0329268,0.347349,0.259741,0.36496,0.730343,0.384622,-0.430662,-0.0689702,0.367267,-0.23531,0.602247,0.396664,0.52872,-0.447673,31.08489898035801,-1.3648376566754958,12.070909874199216,3.5412143771319293,-9.831799099792626,-12.65557053147483,23.70419304718832,51.091712905560364,-0.0854986,0.280007,-0.339932,0.592517,-0.0267356,0.0709083,0.801985
6.991616249084473,15.96680349895923,-22.69901247093665,15.95940728323848,-2.1342507714814105,-0.7391261450994687,1.280505314624113,0.0329187,0.347357,0.259704,0.36564,0.729864,0.384508,-0.430997,-0.0690113,0.367036,-0.235342,0.603456,0.394715,0.529976,-0.44628,31.01766533917705,-1.3528799928406157,11.76223731354434,3.23447312730147,-10.912538539278046,-12.87510293897813,23.85552433107602,51.69981508997718,-0.0856221,0.279991,-0.339892,0.592612,-0.0278336,0.0720713,0.801774
7.015633583068848,16.111341017032277,-22.87303662586065,15.940203961509743,-2.1360306737759642,-0.7483170958124774,1.2785725769182061,0.0329122,0.347339,0.25972,0.365588,0.730099,0.384798,-0.430385,-0.0690409,0.366975,-0.235368,0.602822,0.394731,0.530433,-0.44658,30.995659031017034,-1.4892107709355669,11.81943376493119,3.6194283859804237,-10.540584335774568,-12.620195026589975,23.875967762276048,51.75888375185199,-0.0855482,0.279756,-0.339992,0.592365,-0.026317,0.0714265,0.802066
7.040467739105225,15.674757251168847,-22.930755728953855,15.753711669393322,-2.1355058693312374,-0.7296703494954239,1.264956661425359,0.0329145,0.347334,0.259717,0.365619,0.730064,0.384795,-0.430422,-0.0690848,0.366952,-0.235402,0.602606,0.394332,0.530818,-0.446767,30.9780419330842,-1.5506523121155666,11.7961877111277,3.649197069418623,-10.74729026245295,-12.59215104827802,23.95233229293177,51.99445025366866,-0.0862125,0.279571,-0.339962,0.597131,-0.0273741,0.0704556,0.798574
7.064069747924805,15.767328997941798,-22.522131660549082,15.579744256233996,-2.120201449130438,-0.7508674326594497,1.2539180664189054,0.0329332,0.347319,0.259728,0.365127,0.730341,0.384613,-0.430531,-0.0691069,0.366938,-0.235405,0.602639,0.394264,0.530795,-0.446809,31.026768576608415,-1.554051493298223,11.742144395182379,3.8697624263892827,-10.779598506965328,-12.565741762488969,23.95848041876108,52.12668467783919,-0.0859738,0.279581,-0.339916,0.594989,-0.0269972,0.0710011,0.800136
7.089312314987183,15.673517201182191,-22.51435951504967,15.419409053298333,-2.1388050938144,-0.7632332386362073,1.242826000791877,0.0329441,0.347385,0.25972,0.366558,0.728981,0.386305,-0.430104,-0.0691505,0.366884,-0.235417,0.602628,0.394949,0.53061,-0.446439,30.933248507243135,-1.4396383271708295,12.058867272261509,3.376767258594036,-10.420913306184502,-12.921394268883624,24.0660236541571,51.59165760646701,-0.0859256,0.279386,-0.340119,0.593731,-0.0274713,0.0673599,0.801369
7.116365671157837,15.99896211865442,-22.519424708144975,15.29704166742545,-2.1437451454709806,-0.781876443607781,1.2753883104265278,0.0329435,0.347315,0.259729,0.365138,0.730333,0.384606,-0.430541,-0.0691436,0.366854,-0.235433,0.602594,0.394983,0.53061,-0.446455,30.984551858784606,-1.475850551213675,11.774571160288897,4.081744263577779,-10.470305728519563,-12.801713212386929,24.10575869941685,51.98549830606961,-0.0853242,0.279528,-0.340113,0.590562,-0.0243462,0.072794,0.803333
7.138824939727783,16.04162473910216,-22.46837449526236,15.282214234556116,-2.1423744806034053,-0.7809883987019601,1.2650860682780742,0.0329388,0.347313,0.259727,0.365104,0.730323,0.384653,-0.430545,-0.0691328,0.366783,-0.235481,0.602138,0.395228,0.530401,-0.447101,30.99314424119937,-1.513308976191933,11.86744216271186,4.1568645765059955,-10.351126248783324,-12.765262324111518,24.137041598654047,51.9946758973766,-0.0854562,0.279334,-0.340138,0.590709,-0.024418,0.0718484,0.803308
7.160591125488281,15.804291203894104,-22.49101855594161,15.281004555699393,-2.1419234077647267,-0.7670113171117804,1.254956109434585,0.0329411,0.347314,0.259724,0.365017,0.730316,0.384899,-0.430411,-0.06921,0.366779,-0.235528,0.602521,0.393893,0.531267,-0.446735,31.029752081268324,-1.603422374976338,11.719945011077609,4.164644788101519,-10.840842311045805,-12.637877017406353,24.1537338836983,52.416467780222774,-0.0859432,0.279168,-0.340123,0.593926,-0.0250408,0.0711909,0.800972
7.186313152313232,16.042728087171078,-22.247872863755227,15.341780643878195,-2.139217017638789,-0.7893146129087957,1.2541708622725545,0.0329372,0.347311,0.25972,0.365099,0.730314,0.384624,-0.43059,-0.0691633,0.366635,-0.235518,0.601551,0.395571,0.52975,-0.448358,31.0389660815774,-1.5699694473393127,12.030617084165769,4.084024450957578,-10.027937402489378,-12.57495825267931,24.02010470378942,51.774618928039544,-0.0854949,0.27942,-0.340048,0.590143,-0.026126,0.0731052,0.803557
7.210663318634033,15.840982233865766,-22.23791319356548,15.699312372836447,-2.1554719778439018,-0.7590705461725726,1.2536461432919979,0.0329399,0.34731,0.259717,0.365117,0.730328,0.384601,-0.430573,-0.0691435,0.366602,-0.235569,0.603036,0.393861,0.530075,-0.447484,31.15131907089802,-1.5698877833677845,11.784305239976145,3.6499876179667865,-10.612112426206295,-12.442867065417268,23.810096982569142,51.89826191522065,-0.0859095,0.279357,-0.33984,0.590357,-0.0319782,0.0721126,0.803278
7.235505819320679,16.021410645692537,-22.170148381365504,15.779458766001017,-2.15483587989869,-0.7648597599080014,1.2574805734013,0.0329253,0.347325,0.259707,0.365616,0.730014,0.384824,-0.430482,-0.0691194,0.366501,-0.235564,0.603031,0.394507,0.529188,-0.447971,31.16470896397718,-1.518077823648004,11.964765381438315,3.2840618450238814,-10.144000294298174,-12.404039360902011,23.63827072295204,51.31463061588949,-0.0857006,0.279372,-0.339779,0.588512,-0.0321098,0.0729607,0.804549
7.257900714874268,15.82889613578158,-22.501341889765065,15.82355786841388,-2.1490999519009066,-0.7396637326801128,1.2308822387053935,0.0329376,0.347312,0.259714,0.365006,0.73031,0.384835,-0.430487,-0.0692039,0.366489,-0.235604,0.602043,0.394608,0.529666,-0.448645,31.158286700375793,-1.6296757573058827,11.994128895723325,3.8932170728612334,-10.162938469703832,-12.347774012715874,23.841218053290735,51.788547861912754,-0.0861574,0.279265,-0.339956,0.594104,-0.0309767,0.0700826,0.800731
7.282626628875732,15.925845398907802,-22.2832326835191,15.992853526507812,-2.1473119266246306,-0.7332206623862992,1.2514593142845558,0.0329164,0.347326,0.259705,0.365527,0.730015,0.385085,-0.430323,-0.0691936,0.366467,-0.235572,0.602978,0.395307,0.528701,-0.447912,31.181231422252225,-1.4517967020850682,12.0656141194224,3.4162049148413587,-9.623591258107943,-12.475623550141655,23.636484424196485,50.96398716777977,-0.0861906,0.279212,-0.339805,0.591722,-0.0324319,0.0719574,0.802269
7.306693077087402,15.918892129784892,-22.262854531360926,15.862296872263956,-2.1469776566661665,-0.734315410319638,1.2461300402974471,0.0329248,0.347318,0.259678,0.365793,0.729814,0.384486,-0.430972,-0.0692043,0.366443,-0.235584,0.603172,0.395096,0.52852,-0.44805,31.146339517419598,-1.3987696380610437,12.006342101284659,3.0032266607218006,-10.044530984440705,-12.650062474765242,23.66688272755189,51.01089855598707,-0.0861826,0.278994,-0.339924,0.592507,-0.0303173,0.0709584,0.801861
7.3307106494903564,16.333004222895962,-22.182403006206176,15.942859960735339,-2.1328117971128475,-0.7614043050091833,1.256749486864858,0.0329185,0.347324,0.259698,0.365622,0.730009,0.38479,-0.430516,-0.0692156,0.36657,-0.235551,0.60173,0.395106,0.529735,-0.448545,31.037114423670953,-1.6011395597239133,12.060331276216612,3.6786362365121335,-10.073462080856785,-12.473555748196887,23.90721733807344,51.60912409632873,-0.085552,0.279371,-0.339952,0.58772,-0.0283254,0.0740768,0.805168
7.355913877487183,15.903332678374051,-22.481432528354947,15.959606498309526,-2.133184891010602,-0.7259735955974213,1.2491345302619874,0.0329194,0.347325,0.2597,0.365592,0.730001,0.384832,-0.430518,-0.0693307,0.366652,-0.235594,0.602637,0.392966,0.531333,-0.447317,31.036213234011555,-1.6849005475657277,11.720798111377182,3.609810277018301,-11.072629060619931,-12.46013281561676,24.030287240809802,52.3566915987248,-0.0861526,0.279289,-0.340014,0.593673,-0.0277439,0.0721182,0.800988
7.381222724914551,15.993233836952871,-22.339242988133215,16.083045903537272,-2.122866247849942,-0.7194998684922137,1.2371961424598747,0.0329311,0.347306,0.259705,0.365126,0.730262,0.384614,-0.430666,-0.0693753,0.366643,-0.235581,0.602625,0.392758,0.531568,-0.447236,31.059842019734734,-1.6993095884538088,11.634360868767484,3.8758342704819384,-11.227556904895863,-12.450727040977824,24.086882104864397,52.61340028422157,-0.0862422,0.279266,-0.340001,0.594004,-0.0278643,0.0720547,0.800744
7.40569806098938,16.00134194051925,-22.376381595834275,16.217601351056473,-2.1221661149046054,-0.707539259514267,1.2401671775053464,0.0329256,0.347308,0.259702,0.365173,0.730221,0.384665,-0.43065,-0.0693912,0.366617,-0.235581,0.602615,0.393336,0.531332,-0.447021,31.036104604976614,-1.6361459231537676,11.678089168763925,3.962109949107443,-10.976018395158675,-12.592836405354525,24.132276380666873,52.43716102546747,-0.0862545,0.279237,-0.340005,0.59391,-0.0279183,0.072006,0.800816
7.430252313613892,16.07777517433964,-22.505271262409057,16.542749739474175,-2.121673778515256,-0.6970204440014326,1.253897029099485,0.0329224,0.347428,0.259659,0.366999,0.72892,0.38695,-0.429251,-0.0693526,0.366445,-0.235594,0.601586,0.395121,0.529857,-0.448581,31.015959707168633,-1.6656074735428694,12.409087277981616,3.326319638497111,-9.250563366537506,-12.243477271438188,23.754185269392305,50.909755229038176,-0.0863108,0.279117,-0.339898,0.592279,-0.0294871,0.073017,0.801876
7.455160140991211,16.21488195382918,-22.4400303402278,16.581088270651613,-2.115246614244826,-0.7033633179952476,1.2517169165087874,0.03291,0.347436,0.259627,0.367621,0.728468,0.386842,-0.429583,-0.0693404,0.366434,-0.235608,0.60153,0.395256,0.529665,-0.448764,30.94701747257726,-1.6193007093273755,12.466693598132245,2.8928186423854,-9.438208343591178,-12.41932366063648,23.812121862934866,50.80290892519477,-0.0861497,0.279131,-0.339977,0.591269,-0.0287881,0.0730937,0.802639
7.481147766113281,16.31887918454335,-22.127797455684693,17.00319821383236,-2.1098523011862844,-0.6967770919628434,1.2362388887094704,0.032891,0.347403,0.259626,0.368006,0.728033,0.38649,-0.430307,-0.0693827,0.366416,-0.235647,0.601547,0.396146,0.528776,-0.449006,30.900433486926698,-1.4557208358756677,12.564768536864616,2.406151418643855,-9.477598254891383,-12.869626066922407,23.972571211449033,50.49774550620115,-0.0860975,0.279191,-0.339735,0.589212,-0.0337438,0.0734453,0.803926
7.5048134326934814,16.34625653917808,-22.27553963735276,16.925076779518733,-2.116806481634045,-0.6876556859177355,1.257204310099359,0.0328887,0.347402,0.259623,0.368009,0.728029,0.386505,-0.430298,-0.0694021,0.366328,-0.23565,0.602458,0.395175,0.528863,-0.448536,30.9786703714693,-1.4491099635273628,12.432266953494366,2.1770978144660624,-9.736563756160159,-12.751567807987499,23.80228033449677,50.50623775321782,-0.0861606,0.279023,-0.3398,0.590189,-0.0307415,0.074705,0.803213
7.528285980224609,16.335894166672535,-22.24846277998715,16.867317352883973,-2.1156987080284733,-0.6877457056972375,1.2487098767259943,0.0328903,0.347399,0.259618,0.36803,0.727988,0.386571,-0.430291,-0.069453,0.366244,-0.235718,0.602701,0.394491,0.528971,-0.448685,31.026936773334803,-1.4952242141016878,12.392902227321873,2.034817126781352,-9.905849848950616,-12.653009827461638,23.750352049354728,50.5886927414014,-0.086047,0.279019,-0.339935,0.590425,-0.029072,0.0740498,0.803162
7.552339553833008,16.376601908805593,-22.240246007874873,16.948399282581548,-2.116162808909566,-0.6811903058216952,1.2531573245389527,0.0329058,0.347434,0.259602,0.367941,0.728411,0.386701,-0.429533,-0.0695038,0.366186,-0.235749,0.603095,0.394393,0.528943,-0.448274,31.07826480764924,-1.547087040954045,12.35955357001535,2.196048963273821,-9.22116360376809,-12.309641051215806,23.522185339969862,50.163000890609304,-0.0861253,0.278853,-0.339977,0.590636,-0.0287034,0.0743028,0.802997
7.577041149139404,16.289455474640963,-22.263372553653905,16.756885263535693,-2.1149933924547426,-0.6837661840276577,1.250278184642338,0.0329078,0.347435,0.259597,0.367879,0.72846,0.386677,-0.429526,-0.0695263,0.366146,-0.235768,0.603152,0.394214,0.52894,-0.448359,31.100001074303133,-1.5644618918092617,12.345348493674695,2.1982466009108386,-9.226525551996012,-12.25315122926446,23.48823406169083,50.175247280653146,-0.0861157,0.278566,-0.340094,0.590895,-0.0267389,0.0730815,0.802987
7.601365804672241,16.118604091524404,-22.280454051434944,16.825492792693755,-2.117153309199794,-0.6685652037521512,1.2502888032021906,0.0328772,0.347328,0.259603,0.366865,0.729354,0.384679,-0.430667,-0.0695373,0.366029,-0.235827,0.603053,0.394313,0.528511,-0.448911,31.12065170279233,-1.5347119388627286,12.113223211934876,2.4291322242391793,-9.67763799705655,-12.414376469072849,23.600720174129723,50.59766639047578,-0.0860777,0.27852,-0.340112,0.591068,-0.0268599,0.0734255,0.802824
7.627581596374512,15.908900080069493,-22.358680744378407,16.91801844186922,-2.119020967717159,-0.659983662116376,1.230751238980097,0.0328876,0.347397,0.259602,0.368074,0.728016,0.386545,-0.43023,-0.0695137,0.36598,-0.235852,0.603215,0.39418,0.528516,-0.448804,31.107805808688994,-1.4881074341730596,12.38610606673279,1.892809452615122,-9.69948657648871,-12.590845339709823,23.661197714117087,50.35248758280935,-0.0862337,0.278385,-0.340165,0.59208,-0.0296017,0.0701383,0.802275
7.654520750045776,15.753922078681397,-22.163344046856157,16.773986017256618,-2.1117039165800446,-0.658362316652157,1.2193032705261746,0.0329034,0.347431,0.259588,0.367937,0.728411,0.386696,-0.429542,-0.0694967,0.365935,-0.235943,0.602431,0.395767,0.527465,-0.449695,31.137378638161188,-1.5185579041218151,12.650136327519455,2.1689447632174357,-8.38171920750051,-12.353718763861458,23.569523728410918,49.58210073680176,-0.0863385,0.278189,-0.340147,0.5931,-0.0301547,0.0707414,0.801448
7.680762529373169,15.689421289990399,-21.903108462479526,16.62954898140518,-2.1114453515931455,-0.6513157194742812,1.2334708098764342,0.0329071,0.34743,0.259585,0.367937,0.728429,0.386713,-0.429496,-0.0695104,0.365844,-0.236058,0.603519,0.394497,0.528185,-0.448506,31.166191138650216,-1.5068115449153687,12.407949005672254,2.1480462389735955,-8.896247009470159,-12.479308457284034,23.632166318664254,49.931172535452944,-0.0863255,0.277914,-0.340108,0.593253,-0.0287386,0.0738364,0.801108
7.705378293991089,15.539654619322818,-22.062027207309367,16.636635049567573,-2.1195646939306534,-0.642908076182077,1.2417727452524778,0.0329066,0.347428,0.259582,0.367957,0.728434,0.386634,-0.429541,-0.0694983,0.365749,-0.236144,0.603562,0.394123,0.528756,-0.448104,31.121460709535963,-1.5248737238217807,12.31558936813419,2.3658182319021037,-9.187041917443771,-12.650333143850574,23.83699980210993,50.314783056555456,-0.0863216,0.277806,-0.340063,0.593133,-0.029804,0.0740339,0.801139
7.730266332626343,15.411443560384933,-22.04140764788207,16.40589530019791,-2.1149670964726672,-0.6407286818812661,1.2369472034714108,0.0329086,0.347428,0.259579,0.368004,0.728403,0.386643,-0.429545,-0.0693909,0.365624,-0.236223,0.603406,0.394278,0.528408,-0.448589,31.145435475719275,-1.538266023594506,12.387893281057313,2.365696873873784,-9.124432107981143,-12.652187657607321,23.85704970995607,50.30060193159302,-0.086198,0.277593,-0.340193,0.593338,-0.0288862,0.0741671,0.801009
7.754146575927734,15.146104475832827,-21.78254107612833,16.298839977297128,-2.106589359983661,-0.6385060056437889,1.2253981346414797,0.032911,0.347428,0.259581,0.367935,0.728467,0.38667,-0.429471,-0.0693749,0.365577,-0.236252,0.603501,0.394251,0.528328,-0.448578,31.16867544641027,-1.540264638900366,12.385380720933934,2.4123953088313357,-9.056335453930132,-12.630683051873461,23.842799482422695,50.275967151592944,-0.0862245,0.277657,-0.340126,0.593308,-0.0307304,0.0746591,0.800916
7.779141426086426,14.899858533980286,-21.758301219756145,16.152095680803544,-2.1034111246653824,-0.6271992449424167,1.2186598518263978,0.032933,0.347428,0.259571,0.367959,0.728748,0.38596,-0.429613,-0.0693118,0.365273,-0.236288,0.603403,0.39496,0.527114,-0.449514,31.21456590031384,-1.522500721497031,12.48268261798139,2.300646829922936,-8.444983423686587,-12.468840893691954,23.684481292258315,49.736173992893384,-0.0865509,0.277367,-0.34013,0.595829,-0.0311173,0.0740406,0.799085
7.802075386047363,14.857412337336644,-21.583481507660007,15.980596692043628,-2.0973560082662126,-0.6354377044570063,1.2165976702461638,0.0328977,0.347391,0.259585,0.3683,0.728037,0.386294,-0.430226,-0.0693038,0.365184,-0.236313,0.603661,0.394922,0.526707,-0.449677,31.231272571671965,-1.4078954017626533,12.559293721693127,1.8737169942473102,-8.964853914345653,-12.842006177806084,23.80938862398861,49.83671396942502,-0.0863836,0.277358,-0.340121,0.594772,-0.0311494,0.0746463,0.799815
7.828750371932983,14.534531833699097,-21.622740355503502,15.78324342651307,-2.097619694311732,-0.6194656450733546,1.21478450847338,0.032913,0.34742,0.25958,0.367977,0.728406,0.386687,-0.429525,-0.0692518,0.364984,-0.236366,0.604497,0.393098,0.527496,-0.449226,31.369338003275466,-1.5681659962289984,12.367061840171292,2.137192994059383,-9.159238464237447,-12.337748993550385,23.526735528614974,50.163626607332226,-0.0866226,0.27712,-0.340126,0.596693,-0.0315075,0.074265,0.798404
7.853410482406616,14.650005670267188,-21.432475499348776,15.689170741978506,-2.090978569558602,-0.640950662990134,1.2116064227761798,0.0329039,0.34735,0.259591,0.366471,0.729781,0.384965,-0.430023,-0.0693125,0.365071,-0.236492,0.604257,0.393233,0.527246,-0.449725,31.448444136550716,-1.6209751860895993,12.13522432668789,2.665012247004462,-9.154007085383334,-12.249117818106654,23.557861911577913,50.46840716156318,-0.0861788,0.277067,-0.340185,0.593641,-0.0303251,0.0756854,0.800589
7.878399610519409,14.88164332634432,-21.70124058272413,15.37942102382918,-2.0869061549986143,-0.6512441496811804,1.2085498119025657,0.0329068,0.347353,0.259589,0.366432,0.729775,0.38495,-0.430082,-0.0693552,0.364967,-0.236565,0.603686,0.393238,0.527368,-0.450344,31.432433856855017,-1.6887486565683867,12.189433290561972,2.829852995785611,-9.16676622020995,-12.247925937416241,23.677405031197548,50.66428450488637,-0.0862642,0.276511,-0.340375,0.594257,-0.027585,0.0745758,0.800335
7.901776552200317,14.60998058896554,-21.54036146470421,15.304502129580566,-2.0802402412226475,-0.6455882043897264,1.2035468765195718,0.0329361,0.347421,0.259564,0.367982,0.728732,0.38597,-0.429611,-0.0693807,0.364846,-0.236611,0.604035,0.3927,0.527047,-0.45072,31.41865035946071,-1.7196697699084975,12.40362680680111,1.8083262206671726,-8.932997499300932,-12.06415929669047,23.46391446101686,49.9835872759409,-0.0863335,0.276485,-0.340307,0.594409,-0.02829,0.0747253,0.800184
7.927716970443726,14.678099080671242,-21.129339511200243,15.24013121380622,-2.0726811010896924,-0.6560045970626264,1.1912980343133532,0.032923,0.347419,0.259578,0.367867,0.728481,0.386576,-0.42959,-0.0693283,0.364555,-0.23663,0.604861,0.392407,0.526827,-0.450125,31.516670948057453,-1.6256198052265054,12.386895590489289,1.9669148694476632,-9.037862739850098,-12.212375107458804,23.455469504042146,50.05426865205142,-0.0858379,0.276284,-0.340537,0.592103,-0.0265936,0.0755108,0.801876
7.952024221420288,14.651024907543404,-21.291710572496388,15.18781701583505,-2.072707506669017,-0.6692801512742631,1.1843077050940343,0.0329495,0.347336,0.259577,0.366008,0.730351,0.384047,-0.430271,-0.0693961,0.364493,-0.236729,0.604966,0.39145,0.527172,-0.450414,31.612538524560268,-1.760452555337289,11.908151718315121,2.683126450040202,-9.423209141563078,-11.910548878805521,23.402849991724338,50.75317613024094,-0.0859175,0.27615,-0.340543,0.592503,-0.0266763,0.0756001,0.801569
7.977866172790527,14.611450704204517,-20.99636499454428,15.243352909953156,-2.0734366581700545,-0.6852038945450268,1.1892892548236225,0.032946,0.347404,0.259556,0.367513,0.72895,0.385765,-0.429828,-0.0694802,0.364224,-0.236834,0.604856,0.391206,0.527827,-0.450007,31.48961473478926,-1.7497588979315157,12.130205112762344,2.4245985791206017,-9.475248696000207,-12.250882013283366,23.71055829099669,50.76361487128211,-0.0858493,0.275865,-0.340462,0.589009,-0.0287574,0.078894,0.803752
8.000312089920044,14.260819432333653,-20.837046584591175,15.282813166431502,-2.078439282715543,-0.6713853906486331,1.1797249940814247,0.0329303,0.347421,0.259551,0.367985,0.728675,0.385933,-0.429739,-0.0694185,0.36406,-0.236876,0.605488,0.391059,0.527049,-0.450196,31.56079870310914,-1.7075467065399037,12.200915228009698,1.9089721362463976,-9.287214755929341,-12.153589978084945,23.499466673641475,50.29104398912408,-0.0865701,0.275706,-0.340268,0.592451,-0.0331721,0.0783978,0.801097
8.023914098739624,14.089357365945524,-20.91269941930623,15.193361568017972,-2.073991317347984,-0.6773381518472722,1.1786487099450758,0.0329097,0.347419,0.259565,0.367977,0.728352,0.386585,-0.429707,-0.069408,0.363965,-0.236906,0.60557,0.391244,0.526763,-0.45026,31.61334695932931,-1.6579979150984983,12.304999957686622,1.9533358289350495,-9.26223260147082,-12.282358312680763,23.544643230574767,50.27874539498516,-0.0867132,0.275352,-0.34033,0.594164,-0.0318834,0.0772005,0.799995
8.047222137451172,14.113559348379875,-20.792638440128677,15.012476050470227,-2.0741026065971506,-0.7085390432483909,1.163273199760594,0.0329473,0.3474,0.25956,0.367525,0.72891,0.385775,-0.429875,-0.0694241,0.363771,-0.23702,0.605049,0.39085,0.526618,-0.45147,31.666417371958435,-1.803433222604454,12.267706000005727,2.112403064209065,-9.229524096208031,-11.99205614221519,23.483651931116732,50.455721303645355,-0.0866067,0.275265,-0.340374,0.594723,-0.0313083,0.0773207,0.799591
8.072556018829346,14.109282336940408,-20.8264272901787,14.832720563251415,-2.089381154670402,-0.7209156614518394,1.1592199018600224,0.0329194,0.347413,0.259563,0.367856,0.728402,0.386889,-0.429453,-0.069433,0.363599,-0.237116,0.604654,0.39092,0.527329,-0.451108,31.602443395005107,-1.8257532353074364,12.377327429675322,2.5556183523981915,-9.244501666908562,-12.248250768892916,23.820335189195124,50.81485445140036,-0.0866802,0.274747,-0.340509,0.595026,-0.0302987,0.075879,0.799543
8.097030401229858,14.11101317936127,-20.791015032610364,14.751917059679483,-2.099362636175581,-0.7299498617718801,1.1601981566965978,0.0329094,0.347341,0.25957,0.366477,0.729704,0.384959,-0.430154,-0.0694704,0.363439,-0.237244,0.605534,0.389157,0.527589,-0.45115,31.760195838484936,-1.9212972104576682,11.903782161748367,2.7887305441880414,-10.014648602363167,-11.993273665676178,23.711942532638318,51.49878365124195,-0.0865599,0.274513,-0.340482,0.594234,-0.0313305,0.0766917,0.800014
8.122536182403564,14.096544848491561,-20.820652686751234,14.616979627373272,-2.0983093326922564,-0.74371790558177,1.1609701293548467,0.0329171,0.347404,0.259552,0.367983,0.728332,0.386671,-0.429659,-0.0694571,0.363299,-0.237336,0.605409,0.389415,0.527447,-0.451259,31.691208029739858,-1.885898351063645,12.23696200367474,2.2220614279082227,-9.77402787325778,-12.209363957857427,23.817518426035917,51.08659998421184,-0.0866343,0.274294,-0.340504,0.594826,-0.0315659,0.0768057,0.799554
8.148038625717163,14.25486270625759,-20.50256944307958,14.359354757799746,-2.092857709696759,-0.7740666461623542,1.1612495555545195,0.0329617,0.347395,0.259547,0.367491,0.728954,0.385774,-0.429832,-0.069555,0.363127,-0.237418,0.6057,0.388394,0.527775,-0.451367,31.744884674158797,-1.9827546330651638,12.01364632523245,2.366249901798902,-9.959785529793024,-11.98828175874587,23.75936342906087,51.34726403117077,-0.086365,0.274179,-0.340458,0.592271,-0.0312598,0.0790442,0.801243
8.172933101654053,14.146049475257163,-20.39129236607812,14.084571180394562,-2.1046122116895605,-0.7775061650844358,1.165606163060059,0.0329655,0.347392,0.259547,0.367451,0.728948,0.38577,-0.429879,-0.0695722,0.362951,-0.237504,0.60535,0.390441,0.525937,-0.452214,31.79338766435681,-1.8369892020816971,12.312526975605145,2.3393512844674333,-8.841851869520028,-12.171350305635336,23.72835742152096,50.43858579482666,-0.0864682,0.273845,-0.340522,0.591872,-0.0310417,0.0776731,0.80168
8.198622465133667,13.826140014122052,-20.382545122401964,13.871534264570032,-2.118402404893166,-0.7779769269937755,1.1504612085000823,0.0329775,0.347397,0.259551,0.367326,0.729021,0.385853,-0.429787,-0.0695735,0.362693,-0.237535,0.605366,0.389476,0.526607,-0.452245,31.814783793407166,-1.9401029787750836,12.218477214237367,2.664378625814148,-9.155380508293675,-12.039008368242555,23.77095812611791,50.92005423084811,-0.0866011,0.273603,-0.340577,0.592992,-0.0328323,0.0752246,0.801014
8.222600936889648,13.545931445519527,-20.38119165622034,13.723456901018025,-2.1268982749685894,-0.7740121145759045,1.1534002900928102,0.032982,0.347398,0.259552,0.367219,0.729038,0.385919,-0.429791,-0.0696255,0.362677,-0.237591,0.604968,0.390892,0.52537,-0.452994,31.855834380200285,-1.8607901667312463,12.44389399316314,2.606929062909085,-8.370478066229552,-12.112449220213563,23.74776992804073,50.28907224479685,-0.0868839,0.273322,-0.340628,0.594942,-0.0323503,0.0752828,0.799581
8.245083332061768,13.842188639214442,-20.37714443941217,13.56375705011838,-2.1358418651157476,-0.801292391586071,1.1873150553055536,0.0329623,0.34739,0.259559,0.367255,0.728675,0.386575,-0.429786,-0.0696286,0.362437,-0.237653,0.606366,0.389005,0.525936,-0.452091,31.983686182205297,-1.8516092242993958,12.254656592508802,2.4306049698863106,-9.152961800428194,-12.119705386615884,23.660950611657476,50.71513940536808,-0.0865343,0.273133,-0.340628,0.59248,-0.0299569,0.0795556,0.801087
8.270066499710083,13.553982352956345,-20.184887509915363,13.150949511739064,-2.1543585466832478,-0.8083744482655386,1.1761062926330335,0.032981,0.347391,0.259545,0.367267,0.728971,0.385943,-0.429842,-0.0696101,0.362304,-0.237788,0.605594,0.389203,0.52561,-0.453334,31.969353870075974,-1.9669697607731758,12.32715547657111,2.430199302446699,-8.910483254152709,-11.952770306700756,23.682909030641742,50.66859467861314,-0.0868231,0.272832,-0.340686,0.594964,-0.0301676,0.0799317,0.799199
8.2951078414917,13.519067229791375,-20.098448043195326,13.056044583094785,-2.167301461957402,-0.8152338607870033,1.1843283082663068,0.0329529,0.347309,0.259567,0.365804,0.72998,0.384932,-0.430283,-0.0695646,0.362192,-0.237905,0.604817,0.39034,0.524683,-0.454465,32.07407538079359,-1.9660196125479503,12.346187851929589,3.199763089914363,-8.58587103070365,-12.006923753354577,23.822922050073633,50.877193323961194,-0.0868035,0.272617,-0.340726,0.594636,-0.030142,0.0812813,0.799307
8.319740056991577,13.57961927797566,-19.912263439364036,12.844879503630928,-2.1868308565382013,-0.8441774571735025,1.1990717002812836,0.0329871,0.347375,0.259547,0.367293,0.728944,0.385974,-0.429839,-0.0694677,0.361939,-0.237961,0.605831,0.389057,0.525017,-0.453829,32.05375326011739,-1.9718994788646258,12.379773703109581,2.425341330352527,-8.846719670647104,-11.971294350759194,23.69529588576231,50.64972009885349,-0.0864556,0.272392,-0.340672,0.590993,-0.0310062,0.0827614,0.80182
8.34395694732666,13.273330705231944,-20.026133357637217,12.783422403514535,-2.1997146293589083,-0.8316102196474435,1.1903329844698205,0.0330016,0.347381,0.259546,0.367105,0.729108,0.385844,-0.429837,-0.069415,0.361678,-0.238056,0.607191,0.388311,0.524302,-0.453477,32.22499484060839,-1.9076623370920682,12.266547797260532,2.157531727357515,-8.811501716037768,-11.861935203266064,23.437987161300892,50.36413045699846,-0.0868948,0.272041,-0.340614,0.595399,-0.0323982,0.0806646,0.798714
8.370525598526001,13.355063793149029,-19.655065267855804,12.450840938255865,-2.2023126074662747,-0.8702812179064173,1.1762705010614627,0.0329715,0.34737,0.259556,0.367236,0.728644,0.386647,-0.42979,-0.0694274,0.361529,-0.238095,0.606603,0.388396,0.524822,-0.453589,32.1774854664901,-1.9302152415975842,12.37664743675213,2.5351669261763554,-9.026873295047416,-12.093719221901353,23.73542077454201,50.82158551510818,-0.0865613,0.271911,-0.340647,0.593096,-0.0320435,0.0812124,0.800384
8.392012357711792,13.054998839150466,-19.897778879629758,12.470307575418504,-2.2270588104632645,-0.8534003103090873,1.1713082457543074,0.0329923,0.347376,0.259543,0.367291,0.728947,0.385944,-0.429862,-0.0694428,0.361412,-0.238162,0.605848,0.388345,0.525156,-0.454255,32.09599814463015,-2.051113084208504,12.351367768117733,2.7288577958818365,-8.997634074019189,-11.992998507299582,23.857914978323,51.037367794666785,-0.0869647,0.271698,-0.340666,0.596293,-0.0330207,0.0804518,0.798042
8.417615175247192,13.025153099990682,-19.892250729394274,12.481502967516224,-2.232324763653104,-0.854441162755636,1.1691022871771741,0.0329688,0.34737,0.259557,0.367248,0.728632,0.386637,-0.42981,-0.0694191,0.361367,-0.238228,0.605865,0.387962,0.525011,-0.454727,32.185228495351204,-2.0777135678432943,12.444727400189883,2.624166851336742,-9.201814366047756,-11.961507120934584,23.83264265720974,51.16702667398884,-0.0869271,0.271643,-0.340681,0.596283,-0.0329723,0.0804468,0.798052
8.442931652069092,13.208768954435657,-19.773495200706066,12.465675246290969,-2.2301237831762686,-0.8770271189938823,1.1515361756663576,0.032976,0.34737,0.25956,0.367188,0.728692,0.386538,-0.429849,-0.069359,0.361344,-0.238268,0.606115,0.38818,0.525105,-0.454099,32.15725699004602,-2.0124695173586105,12.385348687030696,2.802408632185049,-9.231275812583057,-12.194463307439335,23.98720060975861,51.256036440095656,-0.0863349,0.271718,-0.340768,0.592879,-0.0348225,0.0784946,0.8007
8.46476674079895,13.287768602719318,-19.82760831099401,12.419999189794177,-2.2269571412196663,-0.88441814559969,1.1531100768897284,0.0330009,0.347375,0.25955,0.367247,0.729006,0.385886,-0.429851,-0.0692978,0.361315,-0.238236,0.606164,0.387924,0.525543,-0.453746,32.089110398451204,-2.049939444948291,12.246773036432394,2.920169163178649,-9.321739287358817,-12.129647457681713,24.00828392920063,51.39430570934999,-0.0862688,0.271652,-0.340823,0.592869,-0.0340249,0.0785106,0.80074
8.489372253417969,13.207004220818776,-19.75101079677225,12.24201981241498,-2.222274409074791,-0.8770894333998452,1.1537801824057625,0.0330115,0.34738,0.259551,0.367157,0.729101,0.385756,-0.429884,-0.0694389,0.3613,-0.238227,0.605997,0.387017,0.525722,-0.454536,32.14660101962192,-2.181110845289763,12.2184753359777,2.714843504113656,-9.482891789139586,-11.76409940185399,23.818418938108323,51.47204736620134,-0.0869203,0.271571,-0.340681,0.596221,-0.0330424,0.0803781,0.798102
8.514618873596191,13.27403796157965,-19.809447780035416,12.1549795470125,-2.214313845955384,-0.8860459247925901,1.1651224610955435,0.0329957,0.347368,0.259595,0.366388,0.729308,0.386544,-0.429481,-0.0694335,0.361337,-0.238218,0.605946,0.38788,0.524856,-0.454868,32.30770078159932,-2.1358487901387635,12.391194824537656,3.0781395854851503,-8.84046512664954,-11.671487954959147,23.682686219478732,51.14853186664157,-0.0867398,0.271595,-0.340732,0.595131,-0.0318395,0.0809326,0.798909
8.539178848266602,13.329613740326687,-19.679481139617586,12.243150074275402,-2.20580378079572,-0.8798629518538492,1.1671055993731898,0.0329802,0.347366,0.259562,0.367199,0.728676,0.386558,-0.429848,-0.0694798,0.361326,-0.238096,0.606073,0.389114,0.524262,-0.454329,32.17907485357184,-1.9315962000535007,12.511371381066557,2.6935741427025057,-8.578004095659708,-12.072169217525676,23.75175896759306,50.604539956726086,-0.0869649,0.271708,-0.3406,0.595014,-0.0325355,0.0808411,0.798977
8.565438270568848,13.423305111743824,-19.632528751170625,12.329472079452195,-2.20458175990349,-0.8737820739928668,1.1651226569414892,0.0330012,0.347369,0.259547,0.367201,0.729007,0.385928,-0.429852,-0.0696329,0.36142,-0.238119,0.605556,0.388667,0.524996,-0.454554,32.09530659729186,-2.060262745284854,12.40509661363264,2.74588174285066,-8.65645799668583,-11.911018348633405,23.805403232476475,50.80377007157427,-0.0871526,0.271936,-0.340446,0.594679,-0.0341764,0.0824695,0.798992
8.591018199920654,13.538092789330252,-19.37194441609585,12.383752812830108,-2.190518066122995,-0.8804952541693116,1.164956011179968,0.0330018,0.347366,0.259536,0.367172,0.728982,0.3859,-0.429943,-0.0698063,0.36143,-0.238072,0.605744,0.388362,0.524852,-0.45473,32.13889631954573,-2.066549450573665,12.392483280224845,2.509794272889831,-8.604992178635456,-11.754437917097164,23.629374820892473,50.60421674220732,-0.0868615,0.272055,-0.340586,0.591637,-0.0318475,0.0832215,0.801265
8.616892576217651,13.739840826821073,-19.400342397900122,12.61323510055846,-2.1822189257273648,-0.8782655182670959,1.1684916412338209,0.0329937,0.347301,0.259543,0.365767,0.730301,0.384236,-0.430393,-0.0698655,0.361425,-0.238076,0.60579,0.388455,0.524702,-0.454763,32.20639513684935,-2.0800959493829305,12.122610965254228,3.119824025711214,-8.570972140837497,-11.643756724476916,23.613683134415236,50.86445790342092,-0.0866706,0.272126,-0.340697,0.590459,-0.0304789,0.0833744,0.802171
8.642111778259277,13.596229567474852,-19.265607135119037,12.807158798553749,-2.1811971121529687,-0.849200202555522,1.1555924027597777,0.0329825,0.347374,0.259502,0.3676,0.728708,0.385949,-0.429997,-0.0699262,0.361362,-0.238113,0.605941,0.388185,0.52454,-0.454979,32.14817515187031,-2.059432222807784,12.439650601785804,2.0708165548819437,-8.510191729270751,-11.695236109906624,23.519907678070926,50.28856004918792,-0.0871826,0.271723,-0.3407,0.592261,-0.030318,0.081331,0.801057
8.667264699935913,13.541619231568001,-19.41352264716767,13.015195987154236,-2.1983554451847533,-0.8350422319216104,1.172361973960619,0.0329758,0.347364,0.25949,0.367749,0.728569,0.385984,-0.430074,-0.0699395,0.361293,-0.238162,0.606166,0.388477,0.524573,-0.454392,32.10421583294684,-1.9781183813504963,12.420682307061362,2.1351395505991846,-8.491421155895509,-11.973189851535963,23.688949984642477,50.28114044379805,-0.0871438,0.271852,-0.340589,0.592307,-0.0320709,0.0831008,0.800774
8.692307472229004,13.538245568954627,-19.58003780340221,12.888720880770942,-2.2159408427812917,-0.8449730769825038,1.176982955485301,0.0329754,0.347361,0.259486,0.367707,0.728599,0.385944,-0.430096,-0.0699647,0.361144,-0.23828,0.60705,0.386465,0.525384,-0.45399,32.184630345852725,-2.0741924874426347,12.178163869629483,1.9658740112187125,-9.260738632803061,-11.824265580008024,23.632741051809447,50.804352157198096,-0.0868752,0.271457,-0.340761,0.592264,-0.0302291,0.0822208,0.800967
8.716798305511475,13.393156134079103,-19.61742893638698,12.808000030784905,-2.227981836389543,-0.844892637358045,1.185271123037239,0.0329782,0.347359,0.259483,0.36771,0.728557,0.385994,-0.430119,-0.0698601,0.361065,-0.238273,0.606305,0.388018,0.524371,-0.454832,32.171889995327625,-2.0167899223341053,12.425338836286286,2.117878939252517,-8.631553060404762,-11.913648353268051,23.666580618964417,50.41138571387475,-0.0871043,0.271316,-0.340686,0.592283,-0.031664,0.0824139,0.800879
8.741931676864624,13.349822857987656,-19.633317907413627,12.704331929545983,-2.228239786775413,-0.8492427518852858,1.18520959027709,0.0329839,0.347351,0.259484,0.367748,0.728555,0.386025,-0.430062,-0.0698436,0.360937,-0.238355,0.606335,0.387357,0.524265,-0.455476,32.24018849593139,-2.103705823174156,12.437766293402163,1.9325340711118244,-8.739440488899973,-11.69949621447526,23.55322797399655,50.453103719686325,-0.0868798,0.271189,-0.340825,0.592751,-0.0300176,0.0826691,0.800569
8.767634391784668,13.084170293941158,-19.658667771470462,12.796063682824366,-2.237468862097169,-0.8203039208965873,1.1889795466078352,0.0329916,0.347357,0.259491,0.367635,0.728642,0.385864,-0.430156,-0.0697033,0.360889,-0.238396,0.606211,0.38798,0.523965,-0.455456,32.22426643601009,-2.0503586914647025,12.47116061187105,2.13974844535187,-8.643193526916434,-11.891416266738247,23.68656435040203,50.48186058730322,-0.086932,0.270991,-0.340848,0.59412,-0.0303651,0.0822507,0.799584
8.791736841201782,13.05687716930373,-19.567441639185116,13.024089729973431,-2.2427594363828462,-0.8146147881986356,1.1892315307309647,0.0329848,0.347359,0.259488,0.367692,0.728605,0.385907,-0.430131,-0.0695677,0.360879,-0.23849,0.606472,0.387562,0.524342,-0.45503,32.21257496698549,-2.053258120081912,12.39330958800944,2.195049116631438,-9.004001787646061,-12.031732151638892,23.82406628547904,50.80383610549782,-0.0866596,0.270927,-0.340716,0.591883,-0.0327759,0.0826751,0.801102
8.816609144210815,12.728742411598976,-19.60594404208067,13.093908899441118,-2.2628946864908848,-0.7828400976615825,1.1848915816292835,0.032985,0.347364,0.25949,0.367621,0.728663,0.385921,-0.430082,-0.0693559,0.360804,-0.238482,0.606426,0.389315,0.522882,-0.455276,32.24888225484858,-1.9007802839857497,12.601091946910362,2.272335108670365,-8.231721201947082,-12.186633074222854,23.786528806930633,50.166084210368766,-0.0870729,0.270838,-0.340651,0.59523,-0.0347034,0.0816353,0.798645
8.841042041778564,12.20301018686057,-19.964993430543288,13.118545253717755,-2.2918237004168316,-0.7405768653397955,1.176701717378231,0.0329798,0.347364,0.259495,0.367746,0.728635,0.385995,-0.429956,-0.0690691,0.360829,-0.238536,0.606841,0.387261,0.524244,-0.454908,32.25566867981834,-2.0610584799985716,12.371039380834862,2.2391936585415344,-9.403134032926374,-12.013395923205678,23.804655113662413,51.10598023203281,-0.0872603,0.270876,-0.340748,0.602441,-0.034558,0.0806095,0.79333
8.866498708724976,12.248938110357674,-19.797562277083916,12.855046214888201,-2.2904057933312076,-0.7692093110955853,1.1844232328186446,0.0329841,0.347359,0.259498,0.367791,0.728632,0.385875,-0.43003,-0.0688369,0.360831,-0.238508,0.606971,0.388304,0.523182,-0.455067,32.283099974601015,-1.9468024755530067,12.489920161644328,2.1031612069036356,-9.06348690961994,-12.109878609765268,23.712634751203662,50.67725159103115,-0.0864379,0.271085,-0.340774,0.598188,-0.0338353,0.081483,0.796484
8.891875505447388,12.140086595349985,-19.670502082816064,12.328700234547536,-2.2831256358834144,-0.8183587372879193,1.2008005627138787,0.0329884,0.347361,0.259555,0.367294,0.728696,0.386568,-0.429724,-0.0683105,0.360993,-0.238431,0.606981,0.389326,0.52311,-0.454262,32.29931482409055,-1.8346239337105006,12.555284789430068,2.7944411658493564,-9.15969982820257,-12.420059220408,23.909974364805255,51.041965870019695,-0.0851969,0.271368,-0.340794,0.592484,-0.0353736,0.0834535,0.800467
8.918096542358398,11.638011886185105,-19.616310223152656,11.509472340426852,-2.2613567055145025,-0.8460697198091388,1.1783399731526942,0.0330086,0.347356,0.259592,0.366991,0.72883,0.386484,-0.429831,-0.0679716,0.361159,-0.238454,0.606628,0.389832,0.523005,-0.454422,32.291948116639105,-1.8170517165815845,12.588794198633405,3.021824200045554,-9.423630000512986,-12.60171458028637,24.07968264501434,51.376402355931795,-0.0847357,0.271471,-0.340902,0.594839,-0.0342194,0.0807084,0.799051
8.946572303771973,11.303615448889621,-19.349502890435783,11.10673446967387,-2.251890554082884,-0.8754727528424124,1.1385788290974765,0.0330111,0.347257,0.259675,0.364952,0.730366,0.384512,-0.430727,-0.0676322,0.36133,-0.23842,0.605675,0.390902,0.522964,-0.454821,32.295452478442456,-1.8046212916265905,12.361655965046204,4.267980771707851,-9.898930987551466,-12.878999280465052,24.515446847651447,52.40877855028172,-0.0840853,0.27153,-0.340979,0.595261,-0.0370274,0.0778015,0.7989
8.96923542022705,11.058413700480163,-19.057788069489327,10.58470097398425,-2.278672301967039,-0.8923124786117926,1.1905950248955472,0.0330513,0.347355,0.259707,0.36746,0.728689,0.386708,-0.429467,-0.0669892,0.361022,-0.238449,0.608245,0.391071,0.522184,-0.452134,32.265699329018176,-1.5000519547716706,12.550803419769583,3.2126819235534825,-9.457645277683753,-13.31511326599054,24.330846227877274,51.269007509425755,-0.08334,0.271511,-0.340946,0.593001,-0.0368328,0.0822675,0.80014
8.991167783737183,10.698819691004505,-19.229655002920282,10.292955920125035,-2.3186566286903583,-0.8916763671880511,1.1889990481158477,0.0330185,0.347448,0.259656,0.367343,0.727254,0.388595,-0.430296,-0.0665779,0.360893,-0.238671,0.609308,0.389036,0.522326,-0.452295,32.50772879713596,-1.4099718667977905,12.59251099575809,2.9322229188253175,-11.528847420005235,-13.84305770992259,24.59577706452092,52.59603816192065,-0.0825639,0.271275,-0.341127,0.594312,-0.0365316,0.0808836,0.799323
9.014649868011475,10.53615327132532,-19.473497494405464,10.352291449462987,-2.3613927960495658,-0.8791274792235307,1.204142459194955,0.0330285,0.347259,0.259718,0.365056,0.730468,0.384479,-0.430497,-0.066081,0.360715,-0.238764,0.607928,0.391983,0.520971,-0.45317,32.44854383130711,-1.4564674357532024,12.34238232765951,4.624223100827148,-10.193386343194717,-13.69598362451974,24.815843091022206,52.573597586421265,-0.0820276,0.271159,-0.341077,0.594254,-0.0386673,0.0821897,0.799132
9.039449691772461,10.120808118318353,-19.873381874646054,9.786281547593601,-2.4395277496110483,-0.887227223063809,1.2234462028063808,0.0330911,0.347361,0.259765,0.366855,0.729154,0.386223,-0.429632,-0.0652023,0.360152,-0.23903,0.610307,0.389217,0.521346,-0.451922,32.57087226212305,-1.4757881278929368,12.287791068510767,3.777907961938535,-11.31840646354172,-13.75889786295474,24.73425913100093,52.94203766250284,-0.080841,0.270427,-0.341396,0.594752,-0.0393721,0.0800718,0.798942
9.066981554031372,10.162449698011596,-19.797148579530337,9.557855244006586,-2.456521798174435,-0.9109085075133849,1.2506571309323486,0.0330623,0.347268,0.259762,0.364367,0.730904,0.384099,-0.430679,-0.0649497,0.360005,-0.239121,0.611834,0.389015,0.519817,-0.451793,32.9075308658345,-1.3129894785165073,11.881729853259415,4.337668323420505,-11.714402737620318,-13.785639487029435,24.58077631857095,53.27439193281714,-0.080169,0.270302,-0.341369,0.59067,-0.0404161,0.0828019,0.801635
9.090157985687256,9.37188427458011,-19.91616381797627,8.950679741444835,-2.5162169108489416,-0.8906099639292729,1.236773250123399,0.0331291,0.347359,0.259843,0.366841,0.729175,0.386372,-0.429475,-0.0636448,0.359547,-0.239504,0.611808,0.390663,0.518526,-0.45189,32.80926336647107,-1.1992202564678527,12.492319512953486,3.89530615121544,-11.39066284307033,-14.480929287246049,24.974810846097842,52.92155912598929,-0.0787438,0.269586,-0.34152,0.593982,-0.0450546,0.0795036,0.799271
9.117450714111328,9.103578349167934,-19.931824640780356,8.485056055668803,-2.554200213964115,-0.9051385243368542,1.2605982451065678,0.033148,0.347368,0.259879,0.367218,0.729128,0.386413,-0.429195,-0.0630175,0.359262,-0.239626,0.612609,0.391558,0.517564,-0.451133,32.82323519336741,-1.0407120734731947,12.549790238635403,3.9871472947731412,-11.164855083099312,-14.844752532736813,25.096360212467506,52.71096767814735,-0.0775568,0.269296,-0.341686,0.592999,-0.0440027,0.0802454,0.799985
9.142907857894897,8.499657456611978,-20.11602896697032,7.997434723382952,-2.6494836354436004,-0.8948701353679225,1.2876319764552984,0.033196,0.347396,0.259963,0.367192,0.729712,0.386411,-0.428226,-0.0615493,0.35857,-0.239857,0.616482,0.390464,0.515344,-0.449343,33.23010469137923,-0.8323834762543827,12.332812923349966,3.721077918384328,-11.229049370939109,-14.718412755030194,24.561277340469562,52.2912939229343,-0.0757923,0.268705,-0.341882,0.593622,-0.0462986,0.0790221,0.799515
9.168555974960327,7.888644019679453,-20.06925016967267,7.516447110495017,-2.6987720413492777,-0.8977726177955774,1.2872465125879813,0.0332049,0.347414,0.260022,0.367809,0.729808,0.386092,-0.42782,-0.0604858,0.35834,-0.240128,0.617275,0.389829,0.515895,-0.448172,33.1500164091271,-0.840040053709421,12.153972432163965,3.9806560408329865,-12.15499325795578,-15.16266883425358,25.053008555913873,53.18178255575421,-0.0739656,0.268246,-0.342096,0.591725,-0.0471109,0.077531,0.801019
9.194259643554688,7.422739888133597,-20.055921305747525,7.107344437557334,-2.7178783514678817,-0.9007271487766342,1.300221199612624,0.033219,0.347422,0.260071,0.368377,0.729913,0.385706,-0.4275,-0.0596985,0.358019,-0.240214,0.61737,0.392093,0.514148,-0.448073,33.09969424346741,-0.6604221798954919,12.377512184195588,4.1287855607351105,-11.352126495071403,-15.51891416339462,25.162801030679308,52.58809073633226,-0.0727352,0.268034,-0.342257,0.591186,-0.0474086,0.0780512,0.801349
9.22299575805664,6.8230247788660305,-19.754957657278243,6.64837246770582,-2.716488349021048,-0.9203563828634305,1.2675621508111237,0.0332066,0.347442,0.260184,0.369179,0.729789,0.386011,-0.426745,-0.0581791,0.357763,-0.240538,0.618391,0.391981,0.513667,-0.447314,33.12356851108994,-0.6247551899875816,12.395189624055103,4.18119275508894,-12.126417016815125,-15.97013487259941,25.527121754300925,53.227623870671295,-0.0704122,0.267551,-0.342504,0.590122,-0.0509954,0.0760807,0.802102
9.248404741287231,6.547635561026479,-19.322910461395338,6.599634263398328,-2.7382624847815253,-0.9338488381901269,1.2339323712858368,0.0331655,0.347477,0.260275,0.370956,0.728077,0.386462,-0.427718,-0.0562856,0.357185,-0.240746,0.621135,0.390446,0.512786,-0.445863,33.178210538926564,-0.2954337483454479,12.305606069465764,3.2150528426117972,-14.967153992824848,-17.254385573896677,26.132777767719176,54.56732517909289,-0.0676723,0.267043,-0.342695,0.588232,-0.0546566,0.0751727,0.803334
9.274566173553467,6.368738712076119,-19.49056773345541,6.723342375088288,-2.770162460932197,-0.9229284256806621,1.2358437194219953,0.0332137,0.347382,0.260396,0.370214,0.730567,0.383299,-0.426961,-0.0552822,0.356946,-0.240963,0.62122,0.393247,0.510416,-0.446002,33.16373834279468,-0.2535425240810456,12.206644101599242,3.826296761576369,-13.219307875230712,-17.060283590913308,25.9309298509932,53.560564308254285,-0.0663007,0.266603,-0.342798,0.588397,-0.0562648,0.074971,0.80312
9.303373098373413,6.24341599842718,-19.7019920213221,6.709025593963691,-2.809623730601477,-0.9313509301209878,1.202154093083185,0.0332092,0.34737,0.260504,0.370527,0.731378,0.382808,-0.425739,-0.0530748,0.356309,-0.241289,0.621659,0.392281,0.50916,-0.447673,33.379141066676716,-0.5323395185274622,12.276181461934524,4.059574856267897,-13.995921445856084,-16.498884234721324,25.86131059264677,54.46951609801941,-0.0635008,0.265958,-0.343145,0.5887,-0.0583176,0.0730988,0.802925
9.32990050315857,6.121773483845442,-19.704963000823774,6.876397139263338,-2.81871736964364,-0.9341345782177892,1.2071283410481721,0.0331757,0.34729,0.260618,0.36862,0.734363,0.380464,-0.424355,-0.0506087,0.356062,-0.241526,0.626465,0.391284,0.509037,-0.441951,33.59142414099943,-0.2471085606572636,11.252756925016715,5.7977219927976975,-15.072668048922509,-17.032677007611134,26.36097466604454,55.7865970501984,-0.0608863,0.265167,-0.343497,0.589625,-0.060227,0.0696232,0.802413
9.355173587799072,5.998443051742703,-19.4932626703053,6.7522889926193335,-2.817505817046155,-0.9333205658525147,1.1905140681559852,0.0331637,0.347289,0.260662,0.369272,0.734774,0.379579,-0.423869,-0.0493881,0.355894,-0.241648,0.627057,0.39359,0.506156,-0.442372,33.64487372325742,-0.06886858799636819,11.50730272981599,5.347890462046578,-14.208244617364159,-17.10871571512076,25.979969357866505,54.754439646737644,-0.0600336,0.264909,-0.343596,0.593278,-0.0621259,0.0683553,0.799681
9.380800008773804,6.131656628553066,-19.301870183512325,6.547421547906291,-2.7970568571263636,-0.9744302538200557,1.1938362558031006,0.0332464,0.347345,0.260785,0.371175,0.735212,0.379697,-0.421335,-0.0483558,0.355856,-0.241734,0.627844,0.394268,0.506385,-0.440385,33.43678913199879,-0.17103428365627504,11.51524441586918,5.281134511143218,-12.852653941060225,-16.72792306206285,25.786974899208765,53.82813792034014,-0.0581763,0.265039,-0.343763,0.590066,-0.0613916,0.069318,0.802028
9.405506134033203,5.976267319881818,-19.182721122402626,6.472076402198684,-2.7922247303536696,-0.979866339723657,1.1670987841203542,0.0331774,0.347326,0.260901,0.370791,0.73681,0.376069,-0.422134,-0.0462108,0.355567,-0.241883,0.628538,0.394732,0.506031,-0.439385,33.260839943317016,-0.06954647180959572,11.019686702187094,6.1609553460087945,-14.776981371931228,-17.623851506429986,26.749619089623856,55.63643638990323,-0.055739,0.264571,-0.343971,0.590958,-0.0632899,0.0667072,0.801445
9.431304454803467,5.942686527456893,-18.960595162560377,6.632742011943425,-2.8082616612500937,-0.9788093151729432,1.1426604282105686,0.0332358,0.347258,0.261059,0.371029,0.738431,0.374041,-0.420893,-0.0443114,0.355362,-0.24209,0.630347,0.395412,0.50427,-0.438205,33.31421107997722,-0.018020757925373054,10.793889095487721,6.136693837958948,-14.477677112479071,-17.541669127826246,26.590875225889484,55.31036931848885,-0.0533961,0.264463,-0.34398,0.590874,-0.0676002,0.0672219,0.801111
9.453023433685303,5.923789669001265,-18.99745933467969,6.711874456378684,-2.819706035993945,-0.9780761330458745,1.132154840641577,0.033238,0.347229,0.261097,0.371991,0.738327,0.373892,-0.420359,-0.043422,0.355205,-0.242192,0.630594,0.395976,0.503124,-0.438657,33.31487153378583,-0.019777325879386076,10.96132941939424,5.638966729539849,-14.345816697519354,-17.482417922759687,26.395207268531472,54.95826629286931,-0.0520849,0.264156,-0.344151,0.5909,-0.0672062,0.0662409,0.801207
9.480367183685303,6.139217479308826,-19.124439269839744,7.062698919024368,-2.8426896920709357,-0.9772266340437648,1.1316958369287438,0.0332653,0.347262,0.261228,0.373829,0.738291,0.373395,-0.419231,-0.0416509,0.354863,-0.242332,0.632607,0.395591,0.502777,-0.4365,33.19743559735404,0.06500255937466459,10.796563232113037,5.260610389786709,-14.917453776828054,-17.852761380665804,26.550937831137617,55.10487286870677,-0.0497222,0.263785,-0.344274,0.588148,-0.0682052,0.064919,0.803253
9.504102230072021,5.926565901022009,-19.265817524738754,7.337345252482102,-2.8667681369102977,-0.9372021244010768,1.1223113270313445,0.0332176,0.347245,0.261265,0.372744,0.738539,0.373639,-0.419543,-0.0408601,0.354815,-0.242422,0.633098,0.395689,0.502546,-0.435964,33.32934895190057,0.18669565188376325,10.717846825261137,6.0730716285758035,-15.97548146553352,-18.44354443666228,27.141327595573085,56.24373619591837,-0.0487916,0.263754,-0.344277,0.590164,-0.0697439,0.0647065,0.801658
9.52670431137085,5.780841716088545,-19.29974129697063,7.339513023642157,-2.874659642722576,-0.9332013761325164,1.1060317430166455,0.033326,0.347256,0.261336,0.373669,0.740383,0.373134,-0.415903,-0.0400397,0.354776,-0.242399,0.633149,0.396604,0.501859,-0.43585,33.31729637467589,-0.19732071530326323,10.815895781767775,6.228599969879124,-12.992331153077146,-16.628547965724934,26.03659236003141,54.36128789101133,-0.0477494,0.263696,-0.344359,0.589318,-0.0707832,0.0626379,0.802353
9.550044775009155,5.383293133852219,-19.23623778901109,7.124946159371677,-2.8842167464592454,-0.9085137579132888,1.0928831859543824,0.0332761,0.347226,0.261391,0.37522,0.738821,0.374436,-0.416114,-0.0385899,0.354729,-0.242425,0.63465,0.396934,0.500466,-0.434967,33.35784486082003,0.10831637675737671,11.049609475224436,5.26965240486183,-14.360361221366446,-17.5236216856595,26.133704440401075,54.609100030467104,-0.0464728,0.263784,-0.344444,0.593467,-0.0721227,0.0618875,0.799228
9.575683355331421,5.447443440120487,-19.103992944463833,6.920831076748599,-2.87610141117702,-0.9278031171822683,1.0827759631255822,0.0333785,0.347352,0.261444,0.376528,0.738502,0.376266,-0.413843,-0.0378404,0.354788,-0.242414,0.634901,0.396878,0.499736,-0.43549,33.483705520918626,-0.09810511309110481,11.415582380346812,4.754693825235311,-13.146007823512747,-16.535923885028815,25.36590809959005,53.572434571207374,-0.0453414,0.263921,-0.344432,0.591836,-0.0728749,0.0622087,0.800343
9.600894212722778,5.210437642632523,-19.129238685393634,6.4990808664194155,-2.8747476813549713,-0.943727594480669,1.0782585195051158,0.0332968,0.347261,0.261526,0.373582,0.739566,0.375014,-0.415744,-0.0363996,0.354929,-0.242342,0.634257,0.400875,0.49785,-0.434928,33.546953985340934,0.42186273200506275,11.426021559475494,6.915542673875844,-14.492796961022847,-18.330324359184452,26.79821903726334,55.417903525918874,-0.0435589,0.264041,-0.344476,0.59184,-0.0732134,0.0601506,0.800467
9.623903751373291,4.866353199841739,-19.014287073466935,6.260326582356486,-2.868350801229275,-0.9356715140322182,1.0735874830154244,0.0333268,0.347242,0.261562,0.374665,0.739951,0.374392,-0.414643,-0.0357728,0.355046,-0.2423,0.634734,0.400958,0.498595,-0.433299,33.32861615370941,0.37056172445634594,11.262931122067261,6.869763240376194,-14.240775837389876,-18.21101873153414,26.785186106263446,55.22506667567326,-0.0428558,0.26409,-0.344519,0.593872,-0.0730901,0.0598083,0.798997
9.64982533454895,4.673017080336766,-18.78452304996309,6.034165282867394,-2.8702126387993463,-0.9526694947188767,1.0420474079119717,0.0333532,0.347305,0.261713,0.374131,0.741512,0.373462,-0.413173,-0.0344465,0.355075,-0.242307,0.636109,0.400156,0.497294,-0.43352,33.60015742378884,0.20213504264095317,11.103801764180048,6.83544789810032,-13.955282572068413,-17.308760274536617,26.18337171821166,55.01295940394267,-0.0413525,0.264299,-0.34446,0.593266,-0.0764411,0.0581966,0.799253
9.674250841140747,5.167378832710598,-18.66467688115848,6.019104499629783,-2.8566933731120563,-1.030780225654165,1.0321988655942766,0.0333194,0.3473,0.261809,0.376428,0.741569,0.373168,-0.411246,-0.033813,0.355156,-0.242199,0.635838,0.401672,0.498067,-0.431624,33.17273121708644,0.135438652254547,11.166105338688261,6.773632459940586,-12.707991884452895,-17.170797955415516,26.20283151174581,54.17415721798172,-0.0393354,0.264289,-0.344754,0.583546,-0.0759705,0.0555804,0.806606
9.70066785812378,5.259190994970675,-18.944781274470795,6.093886822470544,-2.871316660620894,-1.047383716875282,1.045965992394016,0.0332613,0.347254,0.261839,0.37709,0.742066,0.373488,-0.409448,-0.0328158,0.355037,-0.242226,0.637942,0.399499,0.497915,-0.430711,33.371114407076156,-0.04079588436075987,10.973671324234449,6.221717251767348,-12.796825899465063,-16.283855153627854,25.45993475990968,53.91596146640229,-0.037784,0.264364,-0.344801,0.581098,-0.0754053,0.0554618,0.808432
9.724876880645752,4.774641054075785,-19.140022043524613,6.0542794895615755,-2.8956210629429906,-0.9968896577274617,1.0392632897369722,0.0332546,0.347216,0.261902,0.377581,0.741622,0.374018,-0.409316,-0.0318505,0.355152,-0.242252,0.637271,0.401221,0.497499,-0.430584,33.257754293141275,0.06873648300914592,11.222281069889863,6.512695711781621,-13.173377534165823,-16.9353147908567,25.970493487194155,54.37060168934752,-0.0375046,0.264401,-0.344827,0.587645,-0.0764219,0.0538563,0.803699
9.75177526473999,4.958181110321568,-18.823856791352057,6.04350803504221,-2.871921576010836,-1.0265325647458614,1.0061885528152472,0.033215,0.347207,0.261998,0.378627,0.741953,0.370275,-0.411148,-0.0306228,0.355186,-0.24211,0.636289,0.403907,0.495483,-0.431847,32.913873144518284,0.28216516758987,11.263401720430146,5.739809177595031,-14.006053226633696,-17.780918485357596,26.252932411385228,54.4076100193689,-0.0356401,0.264813,-0.344694,0.58344,-0.079431,0.053515,0.806489
9.778614521026611,4.804618055389944,-18.682896389071985,6.064849865142741,-2.863846687285731,-0.9894558837722756,0.9802285002279625,0.0332257,0.347251,0.262083,0.379656,0.741921,0.370084,-0.41043,-0.0297848,0.355266,-0.242069,0.636666,0.403351,0.495859,-0.431379,32.81853549801153,0.1881901426201118,11.2084659921751,5.431140306787761,-14.42996757156304,-17.675863327928766,26.23510928797175,54.61584799577461,-0.034856,0.264572,-0.344805,0.587364,-0.0789842,0.0515949,0.803805
9.80171799659729,4.343443463668563,-18.770220282590234,6.382523671366462,-2.885552355139783,-0.8902326824205099,1.0000842040378326,0.0332099,0.347283,0.2621,0.3792,0.742592,0.369717,-0.409968,-0.0293473,0.355309,-0.242094,0.637856,0.403278,0.496259,-0.429224,32.80148421078047,0.29721395931604455,10.919418633419593,6.085249708578154,-14.57304410519589,-17.960755689588844,26.516368886431714,54.95579159666484,-0.0353516,0.264723,-0.344576,0.596498,-0.0804433,0.0552197,0.796661
9.828839778900146,4.436603290174865,-18.94918602630444,6.4411513283665505,-2.890651968472433,-0.9154634821563584,0.9801449592191146,0.0331826,0.347195,0.262079,0.378296,0.742823,0.369267,-0.410789,-0.0284817,0.355272,-0.242074,0.637305,0.404262,0.495126,-0.430423,32.90491823950558,0.38095489675436056,11.033702110397044,6.480795611385616,-15.486009283229876,-18.31941515793026,26.819216536799978,55.777971052786505,-0.0335166,0.26452,-0.344917,0.59148,-0.0784664,0.0506235,0.800894
9.85408639907837,4.60598174090242,-18.75981657143697,6.6358482668391465,-2.878895307158797,-0.9447735214806413,0.9720194563954504,0.0332265,0.347222,0.262126,0.376188,0.744352,0.36763,-0.411425,-0.0279553,0.355273,-0.24202,0.636598,0.407703,0.493195,-0.430441,32.94660353794092,0.6509854706478846,11.063886235327,7.979405516835122,-14.760048658380924,-18.87780842142861,27.357431909126284,55.898093961359564,-0.032349,0.264991,-0.34471,0.584652,-0.0823939,0.0518566,0.805422
9.878666639328003,4.554299414014054,-18.625632472893177,6.348326001421036,-2.8656943626332234,-0.951558305512772,0.9486926161283845,0.0331796,0.347123,0.262157,0.375028,0.745436,0.366325,-0.411687,-0.0273106,0.355245,-0.242004,0.638527,0.402774,0.49591,-0.429102,33.06806816607352,0.38470170093367084,10.196908952492787,8.322876702788303,-17.60570606260511,-18.642044328483884,27.86084520180179,58.220848626606156,-0.0312824,0.264817,-0.344846,0.585074,-0.0813101,0.050191,0.805331
9.904505014419556,4.3586038131011895,-18.517787594989716,6.203205576253684,-2.8674577256518807,-0.9254442702772608,0.9377353882589256,0.0331887,0.347136,0.262193,0.375151,0.745745,0.366316,-0.411021,-0.0269308,0.35528,-0.242075,0.636918,0.405698,0.494357,-0.43053,33.02244883422143,0.3738705256835537,10.642396509823389,8.645112837524287,-16.167758727275597,-18.530696245991756,27.741663164221862,57.4527695705217,-0.0311968,0.264656,-0.344923,0.589041,-0.0803694,0.0494261,0.802576
9.931535482406616,4.570699692908828,-18.360748495055564,6.270805018070485,-2.864604488907309,-0.9426990449656424,0.9224466154698793,0.0332033,0.347397,0.262302,0.385307,0.741581,0.370141,-0.405699,-0.0262286,0.355143,-0.242052,0.638591,0.403812,0.494643,-0.429494,32.477531873836575,-0.06855609266454366,11.5047777429183,3.649584211009053,-13.327395613600714,-16.723299529258533,25.406388895101994,53.02819596513633,-0.0298743,0.264662,-0.34493,0.585686,-0.0812653,0.0492798,0.804947
9.954891681671143,4.443694446393852,-18.480266387170676,6.380813586839696,-2.879228470473181,-0.9092800413492037,0.9251483538000739,0.0331842,0.347306,0.262362,0.382595,0.743924,0.368365,-0.405593,-0.0258403,0.355051,-0.242146,0.637516,0.406704,0.491942,-0.431461,32.75012676737528,-0.05931536897982248,11.629959773527851,4.904974525727926,-11.804522787599097,-16.321838149793095,25.261752452740133,52.572297807038225,-0.0299241,0.26446,-0.345032,0.589417,-0.0804083,0.0484582,0.802355
9.98102068901062,4.692665436730032,-18.54000207253313,6.539302453105108,-2.880014188328165,-0.9424010250462731,0.9108090668227561,0.0331362,0.347266,0.262324,0.381477,0.744076,0.367972,-0.406722,-0.0253773,0.354917,-0.24217,0.638593,0.403369,0.493984,-0.430664,32.84142748647121,-0.12911269932634895,11.077925219743854,5.513944941496149,-14.676726163906906,-16.744052403406876,25.892354835890647,55.00386493509222,-0.0285542,0.264677,-0.344909,0.583298,-0.0836643,0.0489564,0.806453
10.00656795501709,4.406695030507989,-18.604850171326643,6.388347608222582,-2.8915620118312213,-0.9197892992886337,0.9101632106796882,0.033145,0.347195,0.262374,0.380577,0.745598,0.366069,-0.406496,-0.0251188,0.354822,-0.242139,0.637829,0.40486,0.492424,-0.432182,32.90472542446809,-0.21860222378850214,11.113964589171076,5.78152720532179,-13.561886426079255,-16.16297384926306,25.51801569644171,54.35944956518642,-0.0287372,0.264474,-0.344968,0.586976,-0.0830735,0.0488936,0.803845
10.031559228897095,4.612645883032031,-18.343154972456652,6.366080996593312,-2.8783748071777335,-0.9280572442498881,0.8989985605692644,0.0331629,0.347202,0.262388,0.38165,0.744796,0.366625,-0.406459,-0.0248294,0.3548,-0.242196,0.637805,0.404412,0.492547,-0.432495,32.85272351065604,-0.25177569695015656,11.23537214115845,5.183094329766128,-14.032694220320536,-16.28137838160837,25.543215020958673,54.44947829652314,-0.0283159,0.264334,-0.344907,0.586726,-0.0828605,0.0493414,0.804022
10.056090593338013,4.359785021318046,-18.25317698746267,6.488999363904583,-2.888012898877242,-0.8913160776595166,0.8956582760166834,0.0331773,0.347198,0.262423,0.380619,0.746019,0.365596,-0.406108,-0.0247704,0.354757,-0.242202,0.638069,0.404065,0.492706,-0.432251,32.91980297847037,-0.34146038414683577,10.990442831064133,5.783405377941865,-13.760290852043823,-15.935563497396267,25.50800629588332,54.59594462869944,-0.0288271,0.264471,-0.344831,0.590509,-0.0854933,0.0507228,0.800885
10.082066774368286,4.2784697374825305,-18.51366888972679,6.421134924825094,-2.901682813794192,-0.8757015817795649,0.9023909408401921,0.0331994,0.347204,0.262406,0.380315,0.746363,0.365293,-0.406034,-0.0246946,0.354693,-0.242229,0.638086,0.404162,0.4925,-0.432369,32.95329004716717,-0.356483207529096,10.960175690198202,5.967019050684126,-13.601224491594976,-15.833203559655338,25.479198336987487,54.57883312029006,-0.028966,0.264139,-0.344863,0.591936,-0.0847401,0.0489679,0.800021
10.106418371200562,4.499658252516273,-18.38619551276221,6.4128983733367315,-2.885692121288749,-0.9080106144531782,0.9061401538872474,0.0332159,0.347254,0.262435,0.380869,0.745857,0.366516,-0.405342,-0.0246814,0.354673,-0.242247,0.637979,0.404126,0.492312,-0.432775,33.01269387613899,-0.42077273748073374,11.178920172602613,5.747742172747312,-13.151499732843874,-15.580669533148047,25.256624010235235,54.201993427256554,-0.0282005,0.264574,-0.344802,0.586924,-0.0849314,0.0518126,0.803506
10.132185935974121,4.519260616457765,-18.1385568820639,6.2470435904247,-2.8858020168689817,-0.9047780112940269,0.8889155500474899,0.0332006,0.347237,0.262438,0.37979,0.746295,0.367344,-0.404798,-0.0247775,0.354605,-0.242267,0.637933,0.403473,0.492576,-0.433151,33.21008647740354,-0.5441176021949117,11.17204397256948,6.417375795625844,-13.01338762081231,-15.170566999667805,25.22750674249512,54.548641636691094,-0.0285667,0.264407,-0.344792,0.587984,-0.0853633,0.0513878,0.802712
10.154743909835815,4.543605632389545,-18.142365799295707,6.3289508731592745,-2.892247864816181,-0.8947328237410289,0.879003810944721,0.0332043,0.347254,0.262462,0.380274,0.746236,0.367611,-0.40421,-0.0248563,0.354552,-0.242274,0.638865,0.40116,0.491677,-0.434945,33.50634800353253,-0.7889737193198698,11.211874335718608,5.002389290412708,-12.870069965060026,-13.983891177260304,24.092296193708023,53.730530951893954,-0.0288711,0.264152,-0.344888,0.589089,-0.0841809,0.0497793,0.802128
10.180575847625732,4.7867485476312845,-18.258825278676095,6.443963631435051,-2.9005613150085723,-0.8988240070122868,0.9093453398170291,0.0330986,0.347171,0.262264,0.377408,0.745599,0.367402,-0.408241,-0.0248387,0.35458,-0.242289,0.638894,0.403859,0.49147,-0.432631,33.451292277581665,0.04179277632867606,11.02493572488168,6.9858061526980855,-15.580930887595343,-16.952172317456835,26.21573079268758,56.278923982410184,-0.0286767,0.263883,-0.344998,0.58645,-0.0819922,0.0499909,0.804273
10.204374074935913,4.819118822694317,-18.217209292577884,6.303083871151991,-2.898368456395763,-0.9151964760429464,0.9165463829771852,0.0331805,0.34716,0.26235,0.379123,0.74597,0.366534,-0.406753,-0.0247965,0.354492,-0.24228,0.64027,0.402786,0.490941,-0.432197,33.42263822128648,-0.11777060507927395,10.917092101798296,5.564904425090209,-14.253022751680206,-15.937187646674886,25.076313782223284,54.54760324512561,-0.0285159,0.263916,-0.345005,0.584706,-0.0815218,0.0502822,0.805571
10.229400396347046,4.864052309851004,-18.081929784764124,6.081228559962958,-2.884133805763175,-0.9279007265891219,0.9093648901841822,0.0332076,0.347239,0.262385,0.381813,0.744585,0.367024,-0.406331,-0.0249365,0.354556,-0.242339,0.639303,0.403108,0.491821,-0.432327,33.05758211919804,-0.21482766688958588,11.175212518064548,4.537214956883471,-13.944693095351752,-16.08682349655239,25.137816743394147,53.9619847525509,-0.0285084,0.263813,-0.345076,0.584589,-0.0806448,0.0499045,0.805768
10.253503561019897,4.947156042794101,-18.035074779657464,5.850598274633529,-2.888418458156467,-0.931758992717304,0.9065474510167265,0.0332144,0.347234,0.2624,0.381519,0.744661,0.366856,-0.40662,-0.0248736,0.354409,-0.242354,0.639257,0.404005,0.490847,-0.432666,33.11263081028479,-0.112835500086228,11.272500753153864,4.639999859880557,-13.659003186253472,-16.254107821077902,25.14062424823557,53.73563858808594,-0.0286525,0.263743,-0.345072,0.584919,-0.0808431,0.0497208,0.80552
10.280472755432129,4.858851430294943,-18.22096901001844,5.704434775541955,-2.9042414207527956,-0.9164042082036626,0.9153097321725548,0.0331518,0.347118,0.262396,0.378676,0.746385,0.364435,-0.40829,-0.024855,0.354371,-0.242371,0.640368,0.403758,0.489988,-0.432226,33.33737364291252,0.10054336525836405,10.75683679918097,5.425641000322525,-14.643829218681631,-16.701523464560907,25.4388782069777,54.62254842498723,-0.0287622,0.263635,-0.345043,0.586003,-0.0813368,0.0498887,0.804671
10.303956985473633,4.7806338625183,-18.207570769113733,5.707483188828344,-2.8999921202173446,-0.9126631071850301,0.919991516035375,0.0332366,0.347216,0.262415,0.381319,0.744865,0.36669,-0.406585,-0.024806,0.354341,-0.242372,0.641017,0.403367,0.490638,-0.43089,33.19077708398904,0.05545938137506212,11.022030353848937,4.540384625394328,-13.76126907867706,-16.465594805058203,25.06355846644777,53.56140471707658,-0.0286063,0.263649,-0.345053,0.58531,-0.0813175,0.0498489,0.80518
10.329473972320557,4.652237926804571,-18.11248127703501,5.571086111114906,-2.8991302935400527,-0.9117031103504477,0.9099066606643383,0.0332359,0.347238,0.262415,0.381396,0.745075,0.366603,-0.406207,-0.0247432,0.354382,-0.242417,0.640634,0.403918,0.490327,-0.431299,33.18270774222086,0.0050154701320703765,11.113815219630695,4.561345407490155,-13.258442182221927,-16.281916714127412,24.97024578240829,53.257070679307525,-0.0286221,0.263596,-0.344986,0.586129,-0.0829517,0.0500693,0.804403
10.35237169265747,4.562357974275763,-17.93322342879738,5.370637728649657,-2.8947213301253414,-0.9068539178913789,0.8974893860321957,0.0331897,0.347164,0.262407,0.378744,0.746635,0.364695,-0.407537,-0.0247423,0.354353,-0.242451,0.638986,0.404793,0.492291,-0.430685,32.994408589541486,0.013117417093102546,10.687670813448978,7.06185103161253,-14.483327146221072,-17.210462430882956,26.530855501209086,55.613375609174575,-0.0287217,0.263515,-0.344982,0.58743,-0.0828548,0.0502696,0.803451
10.378175258636475,4.487607153033454,-17.71874873437659,5.216472017088863,-2.8989378886733435,-0.9128621445669652,0.8853817265546158,0.0333088,0.34727,0.262439,0.382034,0.745724,0.366643,-0.404375,-0.0246329,0.354214,-0.242503,0.639176,0.405377,0.490708,-0.431659,33.007130120937894,-0.24621789885984136,11.32370825704201,5.274218218636925,-11.401487038122966,-15.66360276947919,25.001451479380172,52.57477380119081,-0.0285029,0.263384,-0.345035,0.58742,-0.0823351,0.0503552,0.803506
10.40627408027649,4.324207508169415,-17.861680045242785,5.075037966583785,-2.926462004239164,-0.8924501491441166,0.8922511310905941,0.0333161,0.347274,0.262438,0.382209,0.745507,0.366765,-0.404499,-0.0245682,0.354174,-0.24254,0.639708,0.40533,0.490969,-0.430617,32.958095748291996,-0.14045072406103642,11.241848007483917,5.351893837709319,-11.659920012182425,-16.04664487543156,25.23007922128094,52.74126792809415,-0.028697,0.263099,-0.345058,0.590554,-0.0824451,0.0501719,0.801207
10.43134069442749,4.323768164358103,-17.940523432975823,4.728780614009161,-2.933583200877691,-0.9355927653247651,0.893990194595843,0.0333206,0.347273,0.262455,0.382088,0.74579,0.366442,-0.404383,-0.0242206,0.35398,-0.242556,0.639948,0.404127,0.491344,-0.430963,33.01489022322105,-0.27246937184635733,11.10970032873293,5.462443540262807,-12.232933332350527,-15.810161836528003,25.195582071446363,53.288393382917945,-0.0275649,0.263266,-0.344974,0.585104,-0.0836895,0.0516349,0.804974
10.453857898712158,4.276780549831653,-18.046548743200585,4.405109308150177,-2.939716598817557,-0.9448066167664725,0.8981108371680697,0.0332041,0.347114,0.262321,0.374307,0.748388,0.363978,-0.40906,-0.0240179,0.353941,-0.242564,0.640394,0.404579,0.491168,-0.430075,33.50406796652603,0.3095991819739581,10.25660230039757,9.383988616145036,-16.09725260594827,-17.998739955270132,27.659972197003956,57.787511055351885,-0.0273677,0.262929,-0.345103,0.585255,-0.0822164,0.0495698,0.805146
10.48074722290039,4.131058373927407,-17.920625915984033,4.296699897128201,-2.9510550793400343,-0.9454034388467412,0.8779410710379341,0.0332939,0.347099,0.262426,0.376694,0.748142,0.364092,-0.407214,-0.0237261,0.353881,-0.24259,0.640273,0.405912,0.490671,-0.429567,33.265524960987435,0.22302287585022196,10.519519050302115,8.556506228058968,-14.190249340068547,-17.520613313181848,26.988732728319306,56.055885419689155,-0.0272874,0.263013,-0.344811,0.58578,-0.0877814,0.0503424,0.804128
10.504818439483643,4.114482273334179,-17.923898046964133,4.175446076331263,-2.9521347383993635,-0.9486607184701907,0.8701343869565827,0.0332914,0.347103,0.262433,0.376841,0.748113,0.364245,-0.406992,-0.0236071,0.353747,-0.242578,0.64089,0.404749,0.491328,-0.428993,33.28144062812639,0.1702007457946202,10.372038289991337,8.603307004919934,-14.611138997001461,-17.436383833723966,27.02430334641318,56.39411721299213,-0.0271895,0.262943,-0.344859,0.586143,-0.0882557,0.0495182,0.803863
10.531437635421753,3.7895983287886303,-17.765587123783973,3.7507958005885347,-2.949473863174737,-0.9256781313847952,0.8697869364319175,0.0332967,0.347296,0.262509,0.381516,0.745829,0.367599,-0.403803,-0.0232636,0.353588,-0.242589,0.640829,0.405881,0.489531,-0.430069,33.21611811291904,-0.008419469708317529,11.327400144377417,6.370166648409263,-11.78904929682902,-16.277731848855375,25.48501628230479,53.307613524270515,-0.0273406,0.262542,-0.345019,0.591831,-0.0853583,0.0493666,0.800008
10.555155754089355,4.175829561786064,-17.555610669866308,3.6788506769900295,-2.91785575681205,-0.998856873679838,0.8635410315782582,0.0333114,0.347246,0.262467,0.380066,0.745701,0.367878,-0.40515,-0.0231738,0.35365,-0.242697,0.642175,0.405096,0.48916,-0.429222,33.44353052937415,0.2593287197854002,11.117912992094194,6.558246568240886,-13.231179301777857,-17.078488865429087,25.82754939528442,54.21724487579025,-0.0261278,0.262649,-0.344959,0.583026,-0.0863549,0.0491211,0.806357
10.579957962036133,4.027196746285279,-17.44289738451296,3.575829447049255,-2.9155592998303104,-0.973715662341887,0.8553966896438105,0.0332766,0.347154,0.262461,0.378004,0.746616,0.36472,-0.408236,-0.0230147,0.353548,-0.242745,0.641178,0.404933,0.49062,-0.429198,33.22395260961309,0.3959657395901557,10.554844406564495,7.888985170775374,-16.02464191377976,-18.569459193011895,27.48002754000093,56.94191188416387,-0.0264467,0.262341,-0.344977,0.587139,-0.0867094,0.0497775,0.803288
10.605360269546509,3.9357473530212803,-17.5555975715154,3.5940963118242624,-2.9252799060724675,-0.9650544330255102,0.8611130033891156,0.0332585,0.347243,0.262493,0.380965,0.744907,0.368528,-0.405175,-0.0229191,0.353418,-0.242819,0.641377,0.405671,0.489641,-0.429323,33.283836438114896,0.26042843635582713,11.303374374573927,6.768083709669117,-13.576333623784592,-17.622269758979705,26.383978992796468,54.71662573708888,-0.0265838,0.262153,-0.344984,0.588567,-0.0867718,0.0494473,0.802256
10.630805730819702,4.094406405777976,-17.580389650153673,3.640043237396782,-2.9329607454991704,-0.9766904785145468,0.8621113506766576,0.033229,0.347207,0.262491,0.382393,0.744453,0.366601,-0.406411,-0.0228035,0.353182,-0.242887,0.640204,0.406492,0.488762,-0.431295,33.04531099098657,0.24528889105146856,11.453796149275668,5.678643829560404,-13.903165861625013,-17.891846358546324,26.37616220672525,54.428297997067936,-0.0266396,0.261807,-0.345059,0.588877,-0.0859774,0.0498406,0.80209
10.658158540725708,4.2613940104936265,-17.899770321186672,3.9971227766630815,-2.932142475203973,-0.9653053343078575,0.8665111177652325,0.0332807,0.34724,0.262483,0.382058,0.744485,0.368038,-0.405367,-0.0230633,0.353022,-0.242981,0.639516,0.405234,0.487407,-0.435016,33.48142125547427,-0.14684268340451023,11.863008482975758,4.99262933017026,-12.876889713978855,-16.32040209375093,25.263833192195175,53.559029655686224,-0.02705,0.261786,-0.344959,0.590981,-0.0863113,0.0518138,0.800379
10.680069923400879,4.355938268195509,-17.816562891979647,4.008814251332229,-2.9200676487831303,-0.972137437045185,0.875374673563754,0.0332705,0.347225,0.262472,0.38236,0.744232,0.368318,-0.405293,-0.0230626,0.353068,-0.242986,0.640204,0.405188,0.487939,-0.433448,33.39931643484068,-0.0264160958241062,11.753140309502552,5.065683218746241,-13.046674029016884,-16.704306978320446,25.476214656227803,53.63501836133393,-0.0270212,0.26173,-0.345,0.590461,-0.085726,0.0523229,0.800793
10.703990697860718,4.803634467881409,-17.723933743702094,4.344863216639249,-2.88922154598538,-0.9873720060351147,0.8828050958569115,0.0332229,0.347178,0.262465,0.381262,0.744696,0.366411,-0.407197,-0.0234366,0.353127,-0.242893,0.639581,0.405461,0.491149,-0.430477,32.922799814412826,0.1874608152933579,11.12454395577996,6.8874435849569835,-14.893514261455422,-18.341505667383025,27.23452324540678,55.90654229626887,-0.0278245,0.261467,-0.345092,0.588472,-0.0857501,0.0510422,0.802336
10.726886749267578,5.202149607232191,-17.70675477874513,5.102373955329139,-2.8622865952824488,-0.9644818513751735,0.8891159251069837,0.0331777,0.347232,0.262456,0.381914,0.744554,0.366797,-0.406499,-0.0237922,0.353209,-0.24298,0.639507,0.405531,0.490293,-0.431495,33.00202219959122,0.08530793394614289,11.336787721748653,6.068060480070269,-13.808001371541806,-17.717757341716293,26.566245466826764,54.741241614379774,-0.0285749,0.261705,-0.344945,0.590951,-0.0861699,0.0532977,0.800319
10.752903938293457,5.673766535412902,-17.638011796896706,6.311506991989892,-2.7990151743851053,-0.9069248809254017,0.9082890770767161,0.0331432,0.347061,0.262378,0.381539,0.746046,0.363745,-0.406858,-0.0248242,0.353324,-0.242958,0.638916,0.405175,0.490508,-0.432459,32.87072701692092,-0.11877758495118407,11.010983505863035,5.471087728882377,-12.866179876762132,-16.84641634911968,25.959501538635884,53.78772258422304,-0.0307752,0.261775,-0.3448,0.59704,-0.0838678,0.0567146,0.795797
10.780295848846436,6.326320857810477,-17.175450466449053,7.2462772665408846,-2.7199412710741906,-0.9028575826057668,0.9072678651104459,0.033121,0.347071,0.262269,0.380756,0.745881,0.364609,-0.40712,-0.0262626,0.353365,-0.243077,0.638596,0.402077,0.491431,-0.434771,33.15949612524225,-0.46572710697591635,10.966284396041491,4.812377559092848,-12.996641369677945,-15.7663760649218,25.276740788128862,53.72931968017463,-0.0329416,0.261888,-0.344818,0.596486,-0.0810134,0.0593636,0.796314
10.805490732192993,6.914081468085846,-17.153416306319414,7.805472624720878,-2.6802781141715317,-0.9361739245952192,0.9126529843798579,0.0331082,0.347054,0.262171,0.379064,0.745817,0.365076,-0.408396,-0.0270751,0.353308,-0.243125,0.637726,0.401892,0.490557,-0.437199,33.455825461895714,-0.4776031083154022,11.134328486006293,4.936611802665418,-13.190180530051038,-15.591408771081248,25.118011638829223,53.93656986064297,-0.0338924,0.262034,-0.344791,0.59382,-0.0800023,0.0598557,0.79837
10.831319332122803,7.652122445019786,-17.13063041640881,8.549461746948378,-2.6168207078685137,-0.9300321316762078,0.9270526021772387,0.0331442,0.347079,0.262026,0.381,0.744563,0.365775,-0.408257,-0.029106,0.353503,-0.243182,0.634106,0.400845,0.492849,-0.440832,33.13499865340263,-1.0583202705206372,11.532872241176154,3.7472227794328603,-12.131238366215499,-14.426476277816214,24.67704145170429,53.084969657116964,-0.0374579,0.261988,-0.344732,0.597574,-0.0759717,0.062416,0.795763
10.85639214515686,8.307701969404016,-17.259254404925343,9.446047730528663,-2.5885195742749607,-0.9157896196018205,0.9480063665490426,0.0331353,0.34705,0.261945,0.379193,0.745281,0.365495,-0.40888,-0.0301893,0.353699,-0.243126,0.632739,0.40135,0.492752,-0.442442,33.263655020438335,-1.142696265405295,11.577949992332126,4.3003487351122445,-11.473493286422197,-14.009361592774276,24.49197782587198,52.93232459696082,-0.0389611,0.262151,-0.344651,0.59658,-0.0740418,0.0644133,0.79653
10.882584810256958,8.640936065416854,-17.267049422343675,10.455442581761883,-2.5406135131389282,-0.84617802583165,0.9750357470408846,0.0331448,0.346988,0.261816,0.378245,0.744814,0.365931,-0.410216,-0.0330444,0.353917,-0.243138,0.628165,0.402298,0.492978,-0.447816,33.256189398963215,-1.5105425540827015,12.149165494582352,3.9551852480530805,-9.783587032092946,-13.12987278866364,24.14278131535584,51.91151552318017,-0.0437865,0.262302,-0.344418,0.60051,-0.0711966,0.0677655,0.793553
10.906946897506714,9.168124520801602,-17.48982783752575,11.050198605965662,-2.506399587042446,-0.8631561905546954,1.0219650378526208,0.0331459,0.347102,0.261753,0.380765,0.742709,0.368928,-0.409015,-0.03487,0.35408,-0.243073,0.625589,0.400676,0.496283,-0.449222,32.92841560731527,-2.0033345328740033,12.574226785082256,3.2278366330463797,-8.863546252761012,-12.310277745423718,24.02937787986945,51.3573219500146,-0.0459942,0.262542,-0.344199,0.599121,-0.0689344,0.0716042,0.794465
10.932189226150513,10.138840959189062,-17.461312268121603,11.491862543061343,-2.445457906606003,-0.8991668808080959,1.0784362297275774,0.0332266,0.346966,0.261543,0.378637,0.742813,0.368002,-0.411628,-0.0390202,0.354106,-0.242923,0.62386,0.397336,0.499702,-0.4508,32.90433330036977,-2.2733075320119127,12.0865621904187,3.2143044790589954,-8.748095070691157,-11.688774800354189,23.85605129614774,51.41784412741318,-0.0514407,0.262503,-0.344017,0.601212,-0.0633152,0.0753382,0.793007
10.958914756774902,11.03304095565758,-17.17690018239555,12.181914674927008,-2.3947542715044308,-0.920938494668187,1.097545864777892,0.0332467,0.346817,0.261189,0.378624,0.740099,0.368981,-0.415634,-0.0424687,0.354229,-0.242818,0.621227,0.396524,0.501731,-0.452892,32.66391425481471,-2.136109055593873,12.267539088206984,2.200032746010873,-9.73497318217688,-12.50590350850549,24.33432461790729,51.64617302866989,-0.0552152,0.26275,-0.34376,0.597431,-0.0602433,0.0788502,0.795757
10.98584508895874,11.27175162737845,-17.511084354749443,12.557480523836801,-2.396486680427795,-0.8919993432555053,1.1319381903354528,0.0334971,0.346834,0.260986,0.376756,0.740309,0.371016,-0.415144,-0.0458839,0.354302,-0.242583,0.620828,0.39418,0.503697,-0.453303,32.94056200953051,-2.4103471201649826,12.163340710587239,2.504180637916228,-7.353016279236066,-11.033099967385226,23.383858587070335,50.08805999033006,-0.0595191,0.262767,-0.343425,0.597898,-0.058179,0.0798333,0.795462
11.01473593711853,11.218037690463662,-17.776752634684243,12.744796597536727,-2.4018793960072644,-0.8465912178346783,1.1545265265871993,0.033438,0.346783,0.260805,0.374186,0.740126,0.370282,-0.418438,-0.0493645,0.354634,-0.242393,0.617998,0.39368,0.50479,-0.45638,32.98769899590653,-2.4633912993334492,12.126748319708028,2.573489508446219,-7.232910791811612,-11.0023288761139,23.4410043995941,50.11561100786616,-0.0641521,0.26296,-0.343158,0.600953,-0.0552263,0.082183,0.793128
11.037508964538574,11.182723907551605,-17.911736469523,13.007746157372297,-2.4021433338179525,-0.8079168872831157,1.1838592379488797,0.0333836,0.346771,0.260541,0.372906,0.737637,0.372872,-0.421663,-0.0528518,0.354849,-0.242132,0.616841,0.39093,0.507685,-0.457097,33.04148515172764,-2.3589334325355624,12.091262925132249,2.290142246470978,-8.678840843611688,-11.534853412611042,23.694935946079458,50.986888185239735,-0.0684794,0.26322,-0.342821,0.602071,-0.0508755,0.0848828,0.792286
11.062818765640259,11.372984614582275,-17.802224410164325,13.213285217553738,-2.3811681997065652,-0.8056149302881418,1.1897325034468118,0.033405,0.346748,0.26025,0.371804,0.736361,0.374089,-0.423783,-0.0564846,0.355211,-0.241898,0.613919,0.390682,0.50987,-0.458807,32.905517695393875,-2.4151673063609005,12.25113822724774,2.302107356109886,-7.8883215032076635,-11.56413640465449,23.86252089078073,50.55317223348865,-0.0724475,0.26347,-0.34255,0.599015,-0.0473941,0.0859397,0.794701
11.088879346847534,11.687825792395866,-17.619779979185523,13.799786107552508,-2.3862610073182777,-0.7635050362120429,1.1900948175695731,0.0333479,0.346718,0.259881,0.369953,0.73526,0.374609,-0.426843,-0.0611312,0.355446,-0.241497,0.612635,0.386208,0.513792,-0.459934,32.94701124587291,-2.607329759632308,11.805565735934902,1.8287679041728246,-8.505712398426354,-11.01145594727739,23.541452742986866,50.79647093269162,-0.078154,0.26401,-0.342015,0.598992,-0.0460053,0.0882057,0.794551
11.110970258712769,11.984954739457505,-17.7043069885294,14.22284961902727,-2.376847124039551,-0.74919185687428,1.2059497267037953,0.0333674,0.346781,0.25974,0.370751,0.733077,0.377197,-0.427626,-0.0632299,0.355649,-0.241268,0.610315,0.388916,0.513221,-0.461372,32.788086024774735,-2.408400080654438,12.550545868725742,1.2936904130946019,-6.646779732730565,-11.449030037737565,23.754655388837392,49.16575491445509,-0.0804904,0.263999,-0.3419,0.598126,-0.0412486,0.0887504,0.795404
11.133409023284912,12.040839730303889,-17.510658393318472,14.838592009073535,-2.364989075901,-0.7583957289848032,1.1793500656556857,0.0333622,0.346657,0.259485,0.368541,0.731911,0.379216,-0.429743,-0.0662284,0.355997,-0.241044,0.607707,0.386085,0.516585,-0.463433,32.881374502209226,-2.6608193624048235,12.51356793648758,1.7908305659864894,-7.758565930558113,-11.238178694523796,23.864000061106893,50.47651143790788,-0.0839591,0.264908,-0.341036,0.595547,-0.0487887,0.0895846,0.796818
11.156123399734497,12.644323954178644,-17.6249769112302,14.638034090317134,-2.3554967917949794,-0.7825601987779192,1.221973185286395,0.0334137,0.346641,0.259362,0.36763,0.732086,0.379898,-0.429622,-0.0680943,0.356041,-0.240813,0.608343,0.384116,0.51881,-0.461748,32.92022672408815,-2.730405614898335,12.149225673147392,2.1496290733719654,-7.094609348615698,-10.801871412273378,23.610565495544673,50.13043188915273,-0.0859503,0.264854,-0.341219,0.594924,-0.0395474,0.091107,0.797622
11.182359457015991,12.455442272672245,-17.70141007435586,14.690513053042855,-2.328557008078319,-0.7841413889223201,1.1980286192327037,0.0334249,0.346627,0.259077,0.365906,0.730055,0.382291,-0.432419,-0.0712725,0.356479,-0.240429,0.604645,0.384998,0.520096,-0.464415,32.88079796276693,-2.63932595256108,12.624070987296328,2.5419661039802612,-6.981822461591513,-11.320030066342376,24.027854493065544,50.349667977500246,-0.0898753,0.265125,-0.340769,0.596203,-0.037917,0.088436,0.797047
11.205816745758057,12.707412635938843,-17.32675533007615,14.67672283633372,-2.3037843958375444,-0.7805584132086641,1.1901090396150733,0.0333987,0.346712,0.258978,0.366826,0.727737,0.385892,-0.432348,-0.0727472,0.356554,-0.240266,0.605173,0.381481,0.522792,-0.463601,32.930516889171805,-2.7519574226085926,12.6540841127445,1.7854653361977384,-7.928554681561785,-11.14151289965973,23.88895437083292,50.707425527511255,-0.0919858,0.265306,-0.340392,0.597559,-0.0374784,0.0909452,0.795768
11.23187518119812,12.922445236840007,-16.54953982184693,14.336331122584106,-2.266530971006512,-0.8289056354828076,1.1776737211698958,0.033459,0.346754,0.258828,0.365337,0.727519,0.388705,-0.431454,-0.07536,0.356834,-0.239966,0.60116,0.384605,0.522163,-0.466939,33.0203563885742,-2.950056499370646,13.513406726499525,2.6812966680316066,-4.082899580254789,-10.312439314600397,23.612087844536244,48.59516859304925,-0.0945352,0.265385,-0.340202,0.594262,-0.0315072,0.0956672,0.79794
11.253975868225098,13.053470969427874,-16.20095415833547,14.374136360638028,-2.2841859734745955,-0.863515574069054,1.1583296775879792,0.0334111,0.346718,0.258754,0.367176,0.725892,0.387445,-0.43376,-0.076413,0.356713,-0.239866,0.603208,0.381367,0.523908,-0.464995,32.783581722190824,-2.744408187488859,12.956662895517724,0.7300017895610758,-6.213016563288711,-11.00876005358549,23.759559602329066,48.966674212235056,-0.0955724,0.265708,-0.339938,0.591854,-0.0354582,0.0934665,0.799822
11.279006958007812,13.205200102694118,-16.695963527914337,14.476548064758445,-2.3534836906892265,-0.8746343262245656,1.1914643676250483,0.0333468,0.346654,0.258623,0.366196,0.725824,0.387584,-0.434579,-0.0778222,0.3566,-0.23981,0.603897,0.378427,0.52659,-0.46347,32.806024343877176,-2.807954302123896,12.443625457735827,1.1314546474067377,-7.19315898756021,-11.04089605983419,23.889463070848986,49.906693067249265,-0.0975942,0.265379,-0.339783,0.594358,-0.0336913,0.0944876,0.79792
11.303385496139526,13.370942936395615,-16.63518043337867,14.520809778434797,-2.347345708056016,-0.920148468208507,1.1603651988257673,0.0334503,0.346604,0.258617,0.365209,0.72744,0.385518,-0.434545,-0.0790783,0.356438,-0.239837,0.600862,0.377885,0.526587,-0.467841,32.838662523489205,-3.3900321373860747,12.520263351666127,1.2476227919298672,-5.629826877214832,-9.664311787577546,23.462994674440104,49.277490740116455,-0.0986274,0.265143,-0.339767,0.592635,-0.0316412,0.0930358,0.799454
11.32696795463562,13.505875549269156,-16.55402607976107,14.617672447781965,-2.349314612193285,-0.9159254645365937,1.1726971650200766,0.0333662,0.346665,0.258499,0.366232,0.725201,0.388298,-0.434952,-0.0797288,0.356436,-0.239795,0.600819,0.378475,0.526966,-0.46699,32.74571141258714,-3.1308895927770877,12.870110468471221,0.9294143624299984,-5.844961759723859,-10.481311534383657,23.890240239695924,49.204613978581754,-0.0994923,0.265215,-0.339625,0.592589,-0.0323657,0.0955944,0.799157
11.35314655303955,13.465665239938911,-16.093590054096715,14.534232592957224,-2.334405663689799,-0.9383691793157135,1.1570292684394419,0.033341,0.346649,0.258441,0.365554,0.725137,0.388369,-0.435565,-0.0811661,0.356268,-0.239766,0.600413,0.375113,0.529298,-0.467588,32.805403769910605,-3.4332521763258925,12.547847271674442,0.9596157694295719,-6.60335123647647,-9.986506748507324,23.804823800733793,49.992684289056065,-0.100899,0.265243,-0.339343,0.59015,-0.033242,0.0987963,0.800536
11.379638195037842,13.609911766784036,-15.77176749908115,14.252639727042887,-2.321383902691036,-0.9704982785206466,1.1619207235379665,0.0333488,0.346647,0.258416,0.365472,0.725006,0.388536,-0.435702,-0.0823697,0.356145,-0.239669,0.600961,0.375993,0.53033,-0.465,32.6286412552302,-3.191927515479117,12.365740003661408,1.4994108733765295,-5.561283333369303,-10.69686453173638,24.25299883403407,49.447345813406244,-0.102165,0.265044,-0.339344,0.588371,-0.0309658,0.0981824,0.80201
11.40434718132019,13.758730300635456,-15.917156608609494,14.151751231694787,-2.341393788027146,-0.9899447438656588,1.1715022727885933,0.033418,0.346574,0.258479,0.364877,0.726748,0.386147,-0.435423,-0.0831054,0.356146,-0.239697,0.601808,0.373739,0.530868,-0.465108,32.72894666612303,-3.4731918237207347,11.849612211836895,0.9611259806058534,-4.9590991862304605,-9.730505932622172,23.690929356289296,48.78963252080903,-0.103196,0.264688,-0.339291,0.590065,-0.0297533,0.097184,0.800933
11.430097103118896,13.907505266501722,-16.060098604594987,14.149272728777024,-2.353002332339528,-1.0214022322021896,1.2109995699449103,0.0333612,0.346657,0.258336,0.365118,0.725049,0.388583,-0.435886,-0.0841733,0.356248,-0.239541,0.601238,0.373803,0.531885,-0.464632,32.665772528344796,-3.34027105660732,12.087925341976995,1.0313222050682889,-5.068973601376342,-10.194698252974419,23.96797969230538,48.89420727966222,-0.104286,0.265046,-0.339108,0.587836,-0.0289588,0.099573,0.802307
11.45324420928955,14.02836446772629,-16.219430093090025,14.260698137061878,-2.3445562336124324,-1.0445031523531012,1.2155730323356413,0.0333609,0.34665,0.258321,0.365033,0.724993,0.388654,-0.435987,-0.0847719,0.356348,-0.23952,0.600962,0.371166,0.533541,-0.465203,32.69759118874796,-3.620656939272315,11.881222467446793,0.6925422241973322,-5.861043711920395,-9.656994446079182,23.815568275049383,49.46979700042232,-0.104693,0.26514,-0.339111,0.586372,-0.0273846,0.0993615,0.803458
11.47666072845459,14.112868077947898,-16.112806493584934,14.014868431887827,-2.3184356549379443,-1.0313079494826702,1.2254239702503176,0.0333552,0.346651,0.258293,0.364731,0.724956,0.388853,-0.436122,-0.0854777,0.356618,-0.239471,0.600628,0.37289,0.532893,-0.464999,32.66415085349609,-3.4583913222232545,12.03065420139141,0.6720219780743371,-4.733486026056745,-9.953198667018434,23.86171362969449,48.573777627837494,-0.105907,0.264938,-0.339124,0.589526,-0.0231122,0.100887,0.801091
11.504102230072021,14.086075990769237,-15.766254768909102,13.948608575428787,-2.3043441122410546,-1.06201596118112,1.2036581027626725,0.0333701,0.346649,0.258251,0.364805,0.724589,0.389259,-0.436309,-0.0869824,0.356903,-0.239142,0.599318,0.371842,0.535386,-0.464665,32.44932614030758,-3.632821511175797,11.90943559462794,0.7777838479364192,-4.545877011679643,-9.76686855142394,23.95612706780258,48.671890709703504,-0.107249,0.265635,-0.338745,0.58587,-0.0262176,0.0996573,0.803827
11.529178619384766,14.155712111417483,-15.76077751670729,13.7820987955399,-2.3169871434267444,-1.0790165749426788,1.2389305911897284,0.0333943,0.346658,0.258187,0.364774,0.723812,0.390006,-0.436957,-0.0884161,0.357215,-0.238889,0.599227,0.370432,0.53743,-0.463547,32.34213222124968,-3.624778661874336,11.719452046924303,0.5083759576359839,-4.870850356847079,-9.907782133355212,23.9539585148817,48.78342169280571,-0.108845,0.266068,-0.338429,0.584961,-0.0251548,0.10339,0.804051
11.551685810089111,14.081281746977405,-15.847009335845042,13.346192520879535,-2.310465489149244,-1.118657438492758,1.246642536097237,0.0334117,0.346667,0.258141,0.364679,0.723486,0.39089,-0.436786,-0.0889762,0.35738,-0.238645,0.595939,0.374116,0.535002,-0.467618,32.33895508294181,-3.6972726246576326,12.591828462421134,0.5055684483111982,-2.6094664503223015,-9.461715333634636,23.56993288084276,47.27174973733345,-0.109718,0.266051,-0.338383,0.584855,-0.0222524,0.103485,0.804202
11.580785274505615,14.152769241284734,-15.522535354435275,13.152359810245159,-2.310232699673507,-1.1452839746174213,1.2375802389623731,0.0334589,0.346673,0.258088,0.363866,0.723575,0.390907,-0.437301,-0.0903908,0.357538,-0.2384,0.598541,0.369145,0.539055,-0.463573,32.37844292383537,-3.737229397757961,11.626893183093255,0.49830205433325503,-4.2236293349620055,-9.340565412886455,23.61894801380167,48.274857331872454,-0.111188,0.26658,-0.338135,0.583917,-0.0222732,0.100945,0.805205
11.606377124786377,14.325231500796068,-15.284265676751836,13.476702042215882,-2.3152621659475567,-1.1463132022164015,1.2465972956116,0.0334147,0.346642,0.258024,0.362161,0.723967,0.390321,-0.438589,-0.0912154,0.357568,-0.238336,0.597369,0.368076,0.540928,-0.463754,32.35863246901307,-3.8299914715926673,11.337440049685082,1.6210527374643746,-5.270395958788484,-9.568491542700258,24.166099856001583,49.75863631801605,-0.111952,0.266767,-0.337754,0.581109,-0.024084,0.104717,0.806701
11.627665519714355,14.378761403535465,-15.868025965215457,13.415351360059365,-2.3750771337724554,-1.1501061363235237,1.3010482049047494,0.0333884,0.346675,0.257957,0.362575,0.723183,0.391691,-0.43832,-0.092651,0.357545,-0.238127,0.596548,0.369405,0.539168,-0.465799,32.46700658234955,-3.8150224033184443,11.876190949142313,0.6985981024043291,-3.053313836170531,-9.074079567886535,23.584051787389946,47.631673584748135,-0.113964,0.266589,-0.33786,0.584082,-0.0176229,0.104767,0.804712
11.653976917266846,14.507330168581072,-16.016572684539383,13.208679462972237,-2.386752661765663,-1.1873409656140679,1.3372286785972718,0.0334019,0.346658,0.257897,0.363536,0.722915,0.389236,-0.440148,-0.0934343,0.357614,-0.238044,0.595994,0.367558,0.540568,-0.466345,32.18982045082944,-3.9234642095805445,11.504177273714653,-0.41423467698186656,-4.303310650265537,-9.16319551635835,23.27485101187423,48.089906543603874,-0.114673,0.266737,-0.337673,0.581901,-0.0158915,0.107179,0.80601
11.679282665252686,14.243198029498142,-16.024803208985805,13.230042509934668,-2.382427819804164,-1.1922153147666092,1.335334777633265,0.0334235,0.346566,0.257776,0.362229,0.723003,0.388912,-0.441367,-0.0951348,0.357873,-0.237859,0.594739,0.367826,0.542013,-0.46606,32.07771239103656,-3.8770282084036234,11.350062300861968,0.1818059293288279,-4.001996605489509,-9.539278325230214,23.818654532697906,48.24522180483479,-0.116817,0.267015,-0.337168,0.582233,-0.0193308,0.105887,0.805865
11.705207347869873,14.231372282468604,-16.10365351914718,13.06609637114096,-2.388372531220257,-1.2041679605845121,1.3441101316301336,0.0334518,0.346583,0.257734,0.361242,0.722586,0.391272,-0.440773,-0.0960342,0.357928,-0.23775,0.59498,0.365482,0.542552,-0.466968,32.43663280175228,-4.083269368399158,11.443782693322461,0.018789334655107126,-3.9148245462729747,-8.688439901857905,23.315646088048066,48.09909631000762,-0.1181,0.266917,-0.337151,0.584409,-0.0166593,0.105684,0.804376
11.729604005813599,14.545323618907208,-15.896220476876165,12.802805812563223,-2.3768185585096004,-1.2189210171846097,1.3665467531120203,0.0334217,0.34661,0.257624,0.361793,0.720687,0.392989,-0.4419,-0.0978985,0.358126,-0.237478,0.592816,0.366004,0.544488,-0.467058,32.11979689413642,-4.014610910487276,11.694498043497259,0.04847293065505909,-3.8416061351220776,-9.457446970613312,23.822148167552452,48.288724954808664,-0.120195,0.266975,-0.336844,0.582435,-0.0130737,0.109285,0.805392
11.755696535110474,14.558832508597442,-16.16118071006967,13.141575566144207,-2.3790642317651174,-1.1856141662043809,1.3724180786039157,0.0334627,0.346585,0.257552,0.362703,0.719968,0.393475,-0.441894,-0.0987507,0.358032,-0.237345,0.59289,0.364648,0.545307,-0.46707,32.05818366277057,-4.107448606226709,11.674498235849732,-0.769445225683203,-3.6738299703585398,-9.154757956352555,23.311944563229435,47.79678362194225,-0.121393,0.266741,-0.336724,0.583759,-0.0117688,0.108101,0.804612
11.78198790550232,14.844459334130176,-15.834105537973826,13.79375567761594,-2.344620204343726,-1.1504021818898933,1.35345405827336,0.0334282,0.346587,0.257422,0.363631,0.718485,0.394792,-0.44237,-0.100541,0.358242,-0.237158,0.590019,0.36558,0.546148,-0.468989,31.78436911199141,-4.218579087236327,12.142108459702627,-1.2561211613766794,-2.667572128632976,-9.312803122312097,23.32113227757808,47.162714533801015,-0.12326,0.26683,-0.336218,0.581948,-0.013661,0.110041,0.80563
11.806315898895264,14.959685662582393,-16.034787749539927,13.902393808849292,-2.3516090914381933,-1.1378115476758572,1.3942827998290508,0.0333843,0.346543,0.257327,0.361109,0.719149,0.394133,-0.443942,-0.10118,0.357801,-0.237085,0.5928,0.361511,0.547324,-0.467262,32.224018099487004,-4.134190085441926,11.354114012580887,-0.712126995614895,-4.6471635906584865,-9.108789903248848,23.42128979196756,48.50534000244738,-0.123911,0.26655,-0.336299,0.580259,-0.00996115,0.111179,0.806746
11.831376314163208,14.649912568884904,-15.772833555355108,13.896547455634153,-2.3658322143559145,-1.0970875036269478,1.376822377751129,0.0333403,0.346555,0.257215,0.360347,0.718389,0.394987,-0.445031,-0.102481,0.357566,-0.237145,0.59237,0.359273,0.549263,-0.467258,32.26476540718797,-4.211212927040765,11.173847321253913,-0.3752482158131123,-5.660443666406572,-9.377834142678374,24.007404149593548,49.6042017746827,-0.125731,0.266331,-0.336095,0.582326,-0.0115306,0.112866,0.805
11.856662034988403,14.59331171625131,-15.502245191529319,13.703175571072132,-2.3806861841421054,-1.1063080803859344,1.3794986268476108,0.0333506,0.346511,0.257179,0.360213,0.718067,0.395116,-0.445544,-0.10291,0.357307,-0.237245,0.591227,0.3617,0.546177,-0.47044,32.41361709308347,-4.114900649523333,11.762146661437786,-0.8897926180738516,-4.09947402648244,-9.37145785782051,23.51467395062553,48.17614753375946,-0.125946,0.26611,-0.335936,0.579404,-0.0115752,0.115456,0.806739
11.883315086364746,14.173986404642504,-15.600500962763828,13.513200259872358,-2.4102261630847033,-1.0830150938948775,1.3909317798091296,0.0333977,0.346524,0.257119,0.360495,0.717703,0.395326,-0.445716,-0.10364,0.35694,-0.237385,0.591687,0.360672,0.546708,-0.470035,32.41552954173863,-4.121399441291768,11.663455154652976,-1.1052965288129002,-3.910605582402276,-9.506310495812606,23.568470386424803,48.01790229529065,-0.126899,0.265186,-0.33592,0.5809,-0.0101335,0.116212,0.805573
11.910602331161499,13.830693770639932,-15.611904599174844,13.531689445484815,-2.437986277829711,-1.0860378507021116,1.3519187802181587,0.0334114,0.346518,0.257065,0.360836,0.717354,0.395561,-0.445794,-0.103748,0.356424,-0.237476,0.591543,0.358822,0.547682,-0.470498,32.42256466572847,-4.299928584355063,11.57868369253844,-1.032967303190734,-4.578800363261294,-9.284066034303407,23.674460732377177,48.699512216541734,-0.127391,0.264636,-0.335687,0.581875,-0.0153697,0.112232,0.80535
11.934684991836548,13.922444975601985,-15.457233001355677,13.35774175387202,-2.4331203524565357,-1.1010341797456071,1.3558152890071644,0.0334097,0.346517,0.257049,0.360803,0.717277,0.395599,-0.44591,-0.103544,0.356188,-0.237666,0.59089,0.362528,0.544229,-0.47248,32.510838219151836,-4.0555218724820135,12.164076689122595,-1.1154230275734278,-2.8038396634137897,-9.659172647234733,23.582998501729865,47.273013919220425,-0.126979,0.264449,-0.336009,0.581626,-0.0132815,0.114766,0.805211
11.95951795578003,13.959586582969335,-15.386655960292122,13.333170489058078,-2.4159955470870274,-1.112537140637016,1.3570897088468188,0.0333907,0.346513,0.25705,0.360933,0.717161,0.395664,-0.445935,-0.10337,0.355891,-0.237748,0.592471,0.360273,0.54498,-0.471357,32.61857527453133,-4.07677862181701,11.857002343946252,-1.3465987949470843,-3.8157922321114057,-9.541160752883854,23.446749897125756,47.811256581003335,-0.126552,0.264174,-0.33611,0.580048,-0.0124075,0.11631,0.806141
11.985056161880493,13.82686749819794,-15.249116078501944,13.449407061712831,-2.4138733954205316,-1.0955806918041333,1.3305122208219653,0.0333877,0.346516,0.257057,0.360886,0.717204,0.395653,-0.445912,-0.10336,0.355864,-0.237801,0.593006,0.358954,0.545898,-0.470628,32.63314092913889,-4.131733030430662,11.648699638308543,-1.3251380342235315,-4.447046953575857,-9.51068202005154,23.542477684381733,48.31826190785693,-0.127041,0.264089,-0.335942,0.582123,-0.016269,0.114763,0.804797
12.008280754089355,14.125311004167658,-14.848357980472889,13.283925562109529,-2.3724352612952315,-1.127668500733557,1.3256564005058606,0.0333835,0.346528,0.257071,0.36082,0.717481,0.395383,-0.445761,-0.102871,0.355662,-0.237967,0.592929,0.35988,0.54526,-0.470758,32.63068620438649,-4.088440032448021,11.718623329215287,-0.9106907939967073,-4.2443109757271245,-9.71937721649634,23.827180805348096,48.39802272558274,-0.125538,0.263747,-0.336313,0.578246,-0.0109984,0.118015,0.807207
12.03279161453247,13.980742713441197,-14.750454235314695,13.301085945085365,-2.3728878816318386,-1.1165863326822274,1.32206193877934,0.0333797,0.346522,0.257073,0.360858,0.717401,0.395256,-0.445971,-0.102499,0.355533,-0.237982,0.593829,0.361623,0.543441,-0.470391,32.69516872821857,-3.8044655095777733,11.854476155768069,-1.0492895169566197,-3.7027590656511933,-10.084010668808126,23.710855998035747,47.67860259518349,-0.125153,0.263601,-0.336437,0.579126,-0.0112545,0.11843,0.806511
12.06059193611145,13.850751162038263,-14.527782682818211,13.411184191118362,-2.368218748358819,-1.1069041258027534,1.2762073746141858,0.0333594,0.346545,0.257082,0.360386,0.717472,0.395578,-0.445953,-0.102263,0.355603,-0.238073,0.592857,0.361178,0.544339,-0.470921,32.67989388538137,-3.9474004715039572,11.861269781566776,-0.40071882214745,-4.397245254118175,-10.112293912695499,24.19387033823694,48.69670033035752,-0.125285,0.263503,-0.336234,0.57944,-0.0160867,0.115936,0.806566
12.086945056915283,13.865111639737771,-14.776309945246913,13.113558841584753,-2.373205721984236,-1.1013991648482138,1.2916399658748672,0.0333725,0.346532,0.25711,0.36064,0.717571,0.395575,-0.44559,-0.101931,0.355485,-0.238084,0.594534,0.360253,0.544414,-0.469426,32.751908587246625,-3.874634268683823,11.64719374389379,-0.6681115541677869,-4.65500777608986,-10.04347291322349,23.96482541232413,48.58518728634517,-0.124825,0.262959,-0.336767,0.58171,-0.00915292,0.11523,0.805141
12.114826440811157,13.760431645108957,-14.677382862299579,12.804748773039572,-2.3739238752725265,-1.141911671592431,1.2534753604759028,0.0333712,0.346528,0.257095,0.360838,0.717491,0.395248,-0.445849,-0.101842,0.355645,-0.238059,0.591576,0.363271,0.542777,-0.47272,32.611213315122136,-3.950948633654725,12.240554165738871,-0.5547362537496419,-3.6093086529922047,-10.038261588770162,24.002341593152813,48.08779343791646,-0.124318,0.263139,-0.336748,0.580089,-0.0119496,0.114008,0.806447
12.13921308517456,13.453103147271495,-14.545221739630692,12.373660483714938,-2.38570941234133,-1.1535355736645696,1.2374266388262942,0.0333739,0.346551,0.257122,0.359964,0.717817,0.395572,-0.445744,-0.101698,0.355615,-0.237997,0.590916,0.364847,0.541742,-0.473519,32.70436913059798,-3.895302856839737,12.463431595031462,0.15556117147551518,-2.937113017153351,-10.055973037608972,24.25781728044879,47.932638260758296,-0.124631,0.26313,-0.336437,0.580304,-0.0157179,0.112212,0.806479
12.165257215499878,13.226560173121864,-14.5954909410404,12.012385582177004,-2.391713916613148,-1.1494933849776752,1.2464609054728413,0.0333852,0.346532,0.257149,0.360327,0.717547,0.395891,-0.445602,-0.101611,0.355498,-0.238014,0.593003,0.363729,0.541862,-0.471629,32.78909165959601,-3.746662288559338,12.235566610410928,-0.35461373353785675,-3.293669974694197,-10.17231370391756,23.982971601348993,47.71685669707944,-0.124911,0.26303,-0.336388,0.58248,-0.0160121,0.111549,0.804996
12.187997102737427,13.0865859665869,-14.305308049922402,11.552243048086217,-2.3891950501466908,-1.156807771843513,1.2312284921861179,0.0333947,0.346528,0.257167,0.360153,0.71757,0.395933,-0.445668,-0.101629,0.355427,-0.237999,0.593313,0.363624,0.541793,-0.4714,32.82883932885578,-3.7109755787982426,12.199252334847422,-0.2888208506154548,-3.321948762873916,-10.21244294756945,24.013265407881946,47.72860317288221,-0.124989,0.26284,-0.336327,0.583818,-0.0157676,0.112101,0.803954
12.214074850082397,13.294918655368459,-14.19492265730037,11.337031191546412,-2.39231142428014,-1.1737340691875995,1.2758732785160214,0.0334147,0.346518,0.257185,0.360144,0.717801,0.395542,-0.44565,-0.1016,0.355316,-0.237985,0.594101,0.363277,0.541789,-0.470678,32.853682419495605,-3.6663678817279095,12.050680298622428,-0.345810684794305,-3.3053425581244227,-10.19691004791001,23.94549807124695,47.6024452149869,-0.12424,0.262995,-0.33659,0.580752,-0.0102171,0.118077,0.805407
12.238626718521118,13.145216801624318,-14.409489178445048,11.229910538034954,-2.4143611391220516,-1.1677218348758602,1.2845132056717576,0.0333961,0.346524,0.257157,0.360331,0.71746,0.396006,-0.445635,-0.10155,0.35522,-0.238084,0.594574,0.3623,0.542394,-0.470138,32.86917119974423,-3.6768442764390694,11.966709343550313,-0.40359223410027667,-3.8867356444664054,-10.290868881001948,24.012276513856122,48.012301459283535,-0.124231,0.26271,-0.336612,0.580864,-0.0109626,0.117517,0.805399
12.260807752609253,13.18447256689384,-14.453088327065013,11.102307498780636,-2.419287222716682,-1.1813788076395015,1.262807722002678,0.0333881,0.346528,0.257158,0.360317,0.717521,0.395876,-0.445665,-0.101378,0.355123,-0.238118,0.594103,0.363561,0.54106,-0.471296,32.909548388139555,-3.640159842265402,12.200660386151391,-0.4379849009330421,-3.297131379416001,-10.26109854458749,23.916920373061817,47.553830951451616,-0.124033,0.262844,-0.336634,0.580831,-0.0137641,0.115329,0.805695
12.282917737960815,12.858590834080768,-14.697047691888729,11.111818608897567,-2.419764996086459,-1.1624289063621802,1.2496352192118296,0.0333903,0.346528,0.257168,0.36022,0.717512,0.395975,-0.445671,-0.101226,0.355241,-0.238109,0.592198,0.36328,0.542287,-0.472497,32.778475420364394,-3.8804028030097917,12.277846275776866,0.1497521302548641,-3.9166252998056663,-10.160977248917554,24.34398123533922,48.58660380374687,-0.12443,0.262323,-0.336487,0.583497,-0.0137817,0.113812,0.803983
12.309219121932983,12.886758155364934,-14.371319454452745,10.819367968592402,-2.4002321959514528,-1.1836256322013752,1.2627999240864933,0.0334014,0.346531,0.25718,0.360202,0.717624,0.39579,-0.445668,-0.100884,0.355127,-0.238185,0.594752,0.362019,0.542146,-0.470415,32.92755914282561,-3.701255060335363,11.940959529070106,-0.25136863374639873,-4.49708235596821,-10.268097361374458,24.09823622548193,48.52271482069023,-0.123576,0.262717,-0.33649,0.581276,-0.0136902,0.117696,0.805033
12.335027694702148,12.7114939999516,-14.328958003078665,10.371024054629427,-2.3854575333666292,-1.1934270511269744,1.2534598288806413,0.0334282,0.346514,0.257205,0.36013,0.717824,0.395663,-0.445518,-0.100638,0.355137,-0.238196,0.59415,0.362941,0.541952,-0.470689,32.873378523473846,-3.706039221008053,12.03323085064418,0.09996494858463123,-4.239367533692231,-10.357576158098553,24.318146482393384,48.57067543934197,-0.123424,0.262625,-0.336488,0.582582,-0.013131,0.11767,0.804102
12.362411737442017,12.422062938438899,-14.26990574326578,10.025791140083323,-2.3806331287392535,-1.2080936059086378,1.231859125648088,0.0334814,0.346516,0.257246,0.358924,0.718873,0.395433,-0.445004,-0.100412,0.355094,-0.238219,0.595226,0.362058,0.541299,-0.47076,33.172636096571765,-3.776265552504239,11.8776412794703,0.32168775967421226,-3.9863642131400496,-9.75263390961615,24.060894838082252,48.37078438160315,-0.123298,0.262676,-0.336457,0.583762,-0.0161638,0.115419,0.803517
12.388739109039307,12.507467730273,-14.013735881859775,9.745114494558557,-2.3680687110857885,-1.249706681976471,1.2265097586729306,0.0334568,0.346511,0.257242,0.358767,0.718643,0.395224,-0.445687,-0.100055,0.354991,-0.238261,0.594587,0.363425,0.540856,-0.471023,33.09221012562031,-3.6367618095703675,11.995170120273837,0.8183137009896271,-4.335570769551396,-10.334935969364103,24.490528593674448,48.8815511074187,-0.122488,0.262505,-0.336691,0.58045,-0.0143007,0.115631,0.805918
12.412047386169434,12.619251998600658,-14.224468857681723,9.745005667379369,-2.383650149480762,-1.2547593748167931,1.2345112652837893,0.0334457,0.346529,0.257233,0.360013,0.717939,0.395872,-0.445241,-0.099865,0.354916,-0.23826,0.594003,0.364007,0.541016,-0.471127,32.92188642905382,-3.6607591770033516,12.206323022322504,0.5900691837469587,-4.127530984957467,-10.432366702007002,24.532584687845414,48.713047764061336,-0.122276,0.262335,-0.336834,0.580865,-0.0131269,0.115351,0.805678
12.43906283378601,12.423777847121276,-14.421105378570626,10.024686147528007,-2.403855645803393,-1.2361778395320566,1.2157952856428813,0.0334581,0.346525,0.25725,0.360291,0.718002,0.395751,-0.445022,-0.0995408,0.354632,-0.238364,0.596022,0.361849,0.540618,-0.470697,33.14258840895407,-3.690802378805783,11.986365779073598,-0.2054738382117769,-4.675613827259937,-9.98136863326134,23.883568015411957,48.539828577488755,-0.12256,0.261931,-0.336675,0.582923,-0.0179586,0.110021,0.804844
12.466604232788086,12.428416391310886,-14.422012931788565,10.122102807955383,-2.401404669639856,-1.2163693405581542,1.2262022038668445,0.0334596,0.346529,0.25725,0.360207,0.718076,0.395725,-0.444994,-0.0995363,0.354611,-0.23842,0.595985,0.361575,0.541551,-0.469881,33.065193213451224,-3.7005288246648793,11.85563569782028,0.21875449955890858,-4.984362699020544,-10.21569107577676,24.307525011771144,49.05626449944137,-0.122749,0.26155,-0.336696,0.584733,-0.0156366,0.111009,0.803442
12.489308834075928,12.452749357486171,-14.284087215504263,10.382882796819754,-2.428859564998781,-1.2080207730473598,1.2201721732497832,0.0334485,0.346558,0.257244,0.36097,0.717493,0.39639,-0.444724,-0.0996223,0.354368,-0.238537,0.595799,0.361099,0.541126,-0.470971,33.10284535957269,-3.7970225890717777,12.055852549186405,-0.3271613579686736,-4.7920768146667925,-10.003580455507702,23.97720183113893,48.744894487279005,-0.122814,0.26143,-0.336708,0.584589,-0.0184928,0.111187,0.803462
12.514812469482422,12.621833815092772,-14.247831932622399,10.26459138048982,-2.4356828239930217,-1.2180512856972658,1.2614576371211201,0.0334418,0.34651,0.257227,0.358936,0.718529,0.395289,-0.445677,-0.099784,0.354282,-0.238638,0.595843,0.360003,0.541814,-0.470963,33.26320883733193,-3.8345456967403084,11.69045614202108,0.6855669329425318,-5.731761781767531,-10.104892074590175,24.476917893204952,49.96479304615943,-0.122306,0.261564,-0.336955,0.58234,-0.0142049,0.117014,0.804355
12.538917064666748,12.323515804131487,-14.569209398401693,10.241855269927663,-2.474800858531501,-1.1802688797337637,1.2648703862903188,0.0334282,0.346523,0.257219,0.359934,0.717778,0.395811,-0.445617,-0.0998523,0.353937,-0.238704,0.594968,0.361315,0.540664,-0.472384,33.191222471598664,-3.8156272145373724,12.089786791528557,0.3528729666623498,-4.94857504560062,-10.227991761000808,24.523418315571867,49.31880363523078,-0.122854,0.260979,-0.337009,0.587154,-0.0135319,0.115388,0.801095
12.566863298416138,12.368805679456027,-14.447726906504656,10.13272140844294,-2.4667624828904424,-1.2089783836825367,1.2724184999400754,0.0334067,0.346535,0.257204,0.359937,0.717557,0.396096,-0.44572,-0.0998189,0.35388,-0.238791,0.596076,0.360486,0.54088,-0.471373,33.25753187280794,-3.730704648176925,11.947086817291147,0.18581277560261,-5.436280741295079,-10.405012511715768,24.536537950850036,49.501283383601766,-0.12269,0.260688,-0.336923,0.582149,-0.0147785,0.113516,0.804983
12.592827796936035,12.393333823666383,-14.278277078177734,10.114623646461153,-2.486969393479923,-1.2048810056948378,1.2624501031475428,0.0334622,0.346514,0.257224,0.358866,0.718595,0.395231,-0.445678,-0.0997144,0.35369,-0.238914,0.594936,0.363154,0.53833,-0.473678,33.40101778646098,-3.7105799828026154,12.290645006159881,0.7208230167977554,-3.768390018344526,-10.26676682646297,24.500481072668386,48.603808450228875,-0.122494,0.260801,-0.336939,0.583127,-0.0176646,0.115456,0.803941
12.61742353439331,12.471340989557417,-14.267162898649074,10.18312455920069,-2.4848450085864413,-1.2052684744740456,1.2451293162890478,0.0334719,0.346521,0.257239,0.360111,0.718009,0.396063,-0.444879,-0.0997197,0.353647,-0.238936,0.593056,0.363352,0.538118,-0.476118,33.30300132419956,-4.005673327418049,12.729517350906974,0.18881275745948756,-3.1384360490701937,-9.712000625884741,24.165493896204936,48.17402912251461,-0.122675,0.260288,-0.336767,0.583173,-0.0182222,0.114242,0.804068
12.64230465888977,12.4404163985107,-14.362926804981127,10.284082179840881,-2.4964407237764847,-1.1869469842749365,1.2626524219768367,0.033453,0.346509,0.257221,0.359011,0.718457,0.395414,-0.445622,-0.0994274,0.353342,-0.239153,0.59527,0.361591,0.538525,-0.474232,33.50402716035317,-3.8415548083757343,12.235714714713357,0.593522976720724,-4.492970758946932,-10.1090296028231,24.462288172555297,49.16322979230845,-0.122345,0.259946,-0.337022,0.583931,-0.0167417,0.114492,0.803515
12.668614864349365,12.52721569977475,-14.271157246686789,10.70359601431483,-2.509101445266225,-1.1632313504749743,1.2728910124617145,0.0334118,0.346533,0.257181,0.360379,0.717536,0.395843,-0.445621,-0.0991975,0.35312,-0.239289,0.595768,0.361943,0.537638,-0.474346,33.45277272537076,-3.7357621934233913,12.428636842084892,-0.241503563363608,-4.4427477172410335,-10.326485132771275,24.223162374877056,48.6529629964402,-0.121769,0.259952,-0.337193,0.583517,-0.0168652,0.117752,0.803342
12.691039323806763,12.787509833026268,-14.30174415179947,10.788125402855036,-2.517272866363263,-1.1677228371447093,1.2826392672420577,0.0333978,0.346534,0.257176,0.360322,0.717502,0.396006,-0.445576,-0.0989782,0.352968,-0.239371,0.596297,0.362017,0.537785,-0.473456,33.451470005661044,-3.649892065719185,12.360440441392047,0.0792069852728794,-4.636589866563995,-10.61560781957126,24.519357372893044,48.92237498998932,-0.121255,0.259881,-0.337296,0.581734,-0.0157707,0.118394,0.804562
12.71496033668518,12.669474902386183,-14.67484711401443,10.843574897759009,-2.538658713995372,-1.1284138223449531,1.2744745077632655,0.0334331,0.346521,0.257173,0.360404,0.718043,0.394987,-0.445542,-0.0988758,0.352936,-0.239414,0.596213,0.362204,0.537553,-0.473681,33.41152592379855,-3.6951529824569445,12.287458161451674,0.014558969510677144,-4.354285307206155,-10.475958167077707,24.42990717860776,48.707750287577355,-0.121643,0.259615,-0.33721,0.586412,-0.0162624,0.116753,0.80139
12.739768981933594,12.758711088293587,-14.53170209867535,10.733236456284223,-2.506823576987246,-1.1392990010048716,1.2716861531779802,0.0334307,0.346536,0.257208,0.360542,0.717844,0.395738,-0.445086,-0.0986509,0.353074,-0.239377,0.596704,0.362207,0.537911,-0.472654,33.40590696253346,-3.6427195748375407,12.27775304206542,0.10604172134352652,-4.458226080540342,-10.57965296158919,24.493909131409232,48.78046249827244,-0.121007,0.259883,-0.337255,0.582961,-0.0166589,0.11825,0.803677
12.764267921447754,12.72085050244712,-14.2067569628822,10.772229290749856,-2.4875194554114137,-1.1398513024181423,1.2267008379356672,0.0334332,0.346523,0.257223,0.359931,0.717818,0.395792,-0.445574,-0.0985653,0.353111,-0.23936,0.596899,0.361995,0.53783,-0.472664,33.49023021017344,-3.5824344973700515,12.230432565603877,0.27264966904523646,-5.011795172312475,-10.728185042207997,24.64740130441323,49.19971456913619,-0.120846,0.260073,-0.337205,0.582465,-0.0199416,0.1154,0.804376
12.78896450996399,12.639523059391353,-14.023208184023416,10.82745676505582,-2.47445066945892,-1.1145584839133356,1.1953408694621972,0.0334677,0.346586,0.257252,0.360839,0.717742,0.396484,-0.444345,-0.0983315,0.353151,-0.239226,0.59581,0.364786,0.536046,-0.473916,33.41876840285116,-3.586778150686145,12.773184542939958,0.12405486958028789,-2.967825018736818,-10.382418251213252,24.22842025929576,47.67576497050683,-0.120655,0.260158,-0.337229,0.583833,-0.0185435,0.11336,0.803707
12.814626216888428,12.737841276928384,-14.141304413029049,11.112131396088005,-2.4769089247759855,-1.1024899821089684,1.1921309661798631,0.033432,0.346531,0.257216,0.360277,0.717839,0.395673,-0.445367,-0.0982709,0.353269,-0.239261,0.596389,0.364128,0.535985,-0.473763,33.48566917116109,-3.493909278833947,12.569279117838978,-0.08202623787733998,-3.9918889090393677,-10.587123478004365,24.19827441935965,48.16896722058561,-0.120723,0.260066,-0.337134,0.581657,-0.0208842,0.111322,0.80551
12.840267419815063,12.562426976726199,-14.482903529203245,11.205398070850224,-2.4782794040875933,-1.0599792786717042,1.1868476006822561,0.0334016,0.346548,0.257186,0.360215,0.717877,0.395358,-0.445633,-0.0980107,0.353437,-0.239196,0.595429,0.363986,0.5373,-0.473589,33.31813285151303,-3.5723156819062933,12.471402402509128,0.5093870848895143,-4.854734037282455,-10.742591961230119,24.68399078589847,49.20035407761309,-0.120444,0.260124,-0.337528,0.587327,-0.0159385,0.111114,0.801528
12.865073919296265,12.567606043313667,-14.479640601642233,11.343202566063066,-2.4753313924587275,-1.0244107429045908,1.1922613126966648,0.0333999,0.346543,0.257206,0.360552,0.717967,0.395548,-0.445047,-0.0978958,0.353519,-0.239153,0.595654,0.364247,0.537292,-0.473115,33.288891237262895,-3.5778839938887272,12.4917654282157,0.4161608810645454,-4.446817873164235,-10.61014255220092,24.52203944900306,48.8349219544224,-0.120728,0.260139,-0.337352,0.589212,-0.0157662,0.112631,0.799935
12.890379667282104,12.79734997760412,-14.19359285457364,11.60522151529698,-2.461619516486017,-1.0511518325299716,1.1891343173210984,0.0334053,0.346547,0.257218,0.360376,0.718076,0.395454,-0.445098,-0.0976604,0.353631,-0.239037,0.597459,0.36212,0.537771,-0.471926,33.44523147355713,-3.5680710614612043,12.157434188206366,-0.06614353951093577,-5.449019505629458,-10.261741211180464,24.07707585590102,49.08802496495311,-0.119818,0.260923,-0.337242,0.582476,-0.0199568,0.113323,0.804662
12.914623022079468,12.731837351027853,-14.226608685999205,11.613951992535693,-2.4530400074788097,-1.011152461282875,1.177652544213055,0.0333935,0.346552,0.257221,0.360416,0.717633,0.396014,-0.445281,-0.0975989,0.353806,-0.239034,0.59606,0.364183,0.537413,-0.472516,33.31340407259532,-3.476566277037721,12.471217025440875,0.3417381038880549,-5.1363545710555485,-10.767594416632335,24.503373663149222,49.15709203088926,-0.120108,0.260894,-0.337243,0.587816,-0.0169491,0.113642,0.800794
12.938971042633057,12.86633066172268,-13.882563181431967,11.686201014571175,-2.441964589958376,-1.0321705807851709,1.1556899407255854,0.0333912,0.346557,0.257224,0.36046,0.717626,0.395995,-0.445274,-0.0974665,0.354087,-0.238908,0.593298,0.367135,0.53618,-0.475101,33.17079097409478,-3.54090483592774,13.009904675062891,0.645602606977782,-4.118120635943654,-10.713826076338222,24.571903928940397,48.74463071736871,-0.119432,0.261271,-0.337288,0.582695,-0.0180706,0.114179,0.804427
12.965141296386719,12.838736711599465,-13.893490787661474,11.807618357157969,-2.4451687094434065,-1.02370395864825,1.1548164893851915,0.0334129,0.346562,0.257242,0.360798,0.717806,0.395915,-0.444781,-0.0974563,0.354084,-0.238883,0.593128,0.366472,0.537223,-0.474646,33.075841773551254,-3.671459081165523,12.898387895391139,0.7965974070774742,-4.146891102097506,-10.527673700108892,24.646090329049226,48.9503790140062,-0.11935,0.261333,-0.337289,0.582673,-0.0178389,0.114394,0.804418
12.99274230003357,12.47943375140843,-14.199056022419917,12.138473531481981,-2.489815924408512,-0.953137151808605,1.1141709116225635,0.0333675,0.346562,0.257204,0.360768,0.717651,0.395767,-0.445188,-0.0970968,0.353995,-0.239003,0.59576,0.364733,0.536882,-0.473073,33.279764508490224,-3.4907676891396413,12.57694759887588,0.09936021357497182,-5.247450066912819,-10.619927419377419,24.262558404869374,49.073016086352034,-0.120147,0.26092,-0.337228,0.590274,-0.0216125,0.105653,0.799967
13.016753435134888,12.484847566403477,-14.374923925011737,12.217443815704426,-2.505876624667554,-0.948741189574471,1.151848920748936,0.0333529,0.346545,0.25719,0.360178,0.717903,0.395527,-0.445472,-0.0968731,0.353956,-0.238992,0.596729,0.363954,0.537333,-0.471937,33.35037261636059,-3.414207117360048,12.323086982744915,0.42412864177698495,-5.994459728352851,-10.75091648899572,24.449325932323028,49.6535972031733,-0.11943,0.261256,-0.337401,0.588315,-0.0197698,0.109626,0.800922
13.04244351387024,12.240689225951648,-14.356694941391341,12.097850417123665,-2.5057567259186544,-0.9463283579101057,1.169509612953957,0.0333551,0.346578,0.257199,0.360353,0.717661,0.39611,-0.445203,-0.0964044,0.353985,-0.238992,0.596041,0.366768,0.535667,-0.472522,33.31767422002529,-3.24039145622708,12.740551589851865,0.6923618145535677,-5.042067583274992,-11.085920640800502,24.56964874783486,49.043026975293955,-0.118681,0.261385,-0.337581,0.5881,-0.0165256,0.112387,0.800771
13.068076133728027,12.194425061151577,-14.257364045485104,12.269083117774818,-2.5027850325727274,-0.9188253830623241,1.1611529351846017,0.0333874,0.346546,0.257229,0.360203,0.718106,0.395571,-0.445086,-0.0962518,0.353988,-0.239025,0.597657,0.3652,0.535912,-0.471417,33.435664143930076,-3.240385709072248,12.417034883127162,0.31126758330870175,-5.492313082726895,-10.854182128197209,24.28481605646235,49.040130697048866,-0.118876,0.261324,-0.337449,0.590124,-0.0181857,0.112135,0.79928
13.090082883834839,12.292880022880897,-14.10349222554437,12.498505931777002,-2.4820756170011253,-0.9377803701265707,1.1226165496542526,0.0333981,0.346568,0.257244,0.360828,0.71794,0.395823,-0.444623,-0.096083,0.354242,-0.238993,0.594162,0.366874,0.535381,-0.475123,33.26784566667723,-3.5750816184912577,13.008671987080128,0.3113977919164661,-4.748284501262084,-10.3414522384331,24.151447748545625,48.885520752558065,-0.118501,0.261209,-0.337409,0.586052,-0.0206196,0.109264,0.802608
13.116174221038818,12.194639453694343,-14.274413262034226,12.628889467766474,-2.496786455669549,-0.8974188269771033,1.1581906212330824,0.0333641,0.346565,0.257224,0.360456,0.717758,0.395822,-0.445219,-0.0958694,0.354084,-0.239055,0.597817,0.365372,0.535492,-0.471557,33.4517237944674,-3.1828302978636405,12.499415847233092,0.05632366073536943,-5.902423312284718,-10.968261588786163,24.1914341095815,49.150981411658464,-0.118279,0.261387,-0.337514,0.589547,-0.0187662,0.111797,0.79974
13.141913890838623,12.348519466845822,-14.135908096434463,12.913949040928122,-2.4869810085835695,-0.8897369839418601,1.145168247048177,0.0333497,0.346585,0.257201,0.360177,0.718048,0.395545,-0.445223,-0.0956045,0.354113,-0.239073,0.595594,0.368425,0.534886,-0.472681,33.26146925622914,-3.1538459487558566,12.839048657968728,1.1322310155527866,-5.056918412609676,-11.36769460479519,24.749266602172717,49.259480305544585,-0.117855,0.261464,-0.33766,0.588641,-0.0179815,0.111628,0.800449
13.168694019317627,12.506080978054968,-14.05307866737351,13.10140668187363,-2.501018667351121,-0.8934871327170455,1.1509917973483648,0.0333169,0.346556,0.257188,0.359697,0.718157,0.395462,-0.445509,-0.0955554,0.354057,-0.239124,0.595992,0.367958,0.534297,-0.47321,33.41352070128243,-3.146506423847608,12.823248590013787,0.9765077875785302,-5.333527931175169,-11.236282213459305,24.554884342729363,49.30518164008076,-0.117396,0.261516,-0.337728,0.585959,-0.0173014,0.112294,0.802336
13.190405368804932,12.504040959220317,-14.168811858977323,13.139570467680596,-2.5077166076218744,-0.8738067735779309,1.1554958344216952,0.0333466,0.346599,0.257195,0.359344,0.71872,0.3952,-0.445118,-0.0954295,0.354015,-0.239102,0.5961,0.369225,0.533901,-0.472532,33.39576339613235,-3.060178501703448,12.823630414819284,1.5741720192611375,-4.5255294294454345,-11.33786930595047,24.623114825634264,48.996712124858405,-0.11737,0.261126,-0.33783,0.586981,-0.0153555,0.11094,0.801817
13.215878248214722,12.416048307819363,-14.207515123317414,13.459445641489193,-2.51751004875269,-0.8603371335157297,1.1551672534885729,0.0332836,0.346547,0.257176,0.360208,0.717871,0.395807,-0.445251,-0.0955215,0.353925,-0.239218,0.595628,0.368181,0.534118,-0.473697,33.37754686688758,-3.1902925108613056,12.966898047169451,0.841649881533403,-5.115430884092788,-11.22687465739292,24.62372114161071,49.16760529361167,-0.117491,0.261254,-0.337694,0.587094,-0.0181628,0.112187,0.801502
13.239155292510986,12.521793478286801,-14.216562101505842,13.643499348802052,-2.534174146019967,-0.8395428239465427,1.1594183244092109,0.0333094,0.346559,0.257196,0.36052,0.717863,0.395866,-0.444959,-0.0955173,0.353878,-0.239311,0.597478,0.366169,0.534812,-0.47214,33.46334274201635,-3.1898847381238733,12.650002338684004,0.3056781813524587,-5.638855427888259,-11.108763186707591,24.41113304076821,49.17995214885766,-0.117608,0.261054,-0.337646,0.588114,-0.0191248,0.111844,0.800779
13.264564752578735,12.373077148495005,-14.457886183827627,13.671768093226884,-2.5320477653950832,-0.8505957048082305,1.1274836973993356,0.0333323,0.346595,0.257135,0.360052,0.718382,0.394841,-0.445411,-0.0954989,0.353907,-0.239304,0.593444,0.369289,0.533721,-0.476016,33.27319824881511,-3.3864277710577992,13.176720574272558,1.2369611408329568,-4.597523759867286,-11.017141434871967,24.760844457733455,49.26121151290974,-0.117607,0.260877,-0.337867,0.588915,-0.0196863,0.107559,0.800764
13.289853811264038,12.459838150124792,-14.49481642105929,13.721805968825118,-2.5371071544110197,-0.8455662387425268,1.1400964528728088,0.0333162,0.346588,0.257148,0.360201,0.718295,0.395001,-0.445289,-0.0953547,0.353791,-0.239343,0.594229,0.369179,0.532983,-0.47595,33.37260342276674,-3.3285364666892856,13.20391861575121,0.8870810124739457,-4.48562974987324,-10.943534390018897,24.58072767862044,48.89657225333871,-0.117571,0.260963,-0.337814,0.588903,-0.02101,0.108879,0.80056
13.314655303955078,12.243379265356978,-14.512694591568263,13.754810856383745,-2.540973458744805,-0.7944786454619779,1.140801582642152,0.0333182,0.346571,0.257166,0.359851,0.718102,0.395495,-0.445445,-0.0953308,0.353745,-0.239334,0.594167,0.368973,0.533169,-0.47598,33.42151040146029,-3.3156657863324206,13.222279925615993,1.1400517832069532,-4.837231277302884,-11.057682430723787,24.650703765803144,49.28827233876933,-0.118357,0.260725,-0.337619,0.595807,-0.0210696,0.111062,0.795132
13.33995771408081,12.305412034044304,-14.501876404537937,13.605523618001744,-2.5424029889585156,-0.813267398680164,1.1402231451345621,0.0333281,0.3466,0.257163,0.36009,0.717979,0.395559,-0.445393,-0.0952082,0.353563,-0.239373,0.597009,0.366637,0.534642,-0.472563,33.45986145110445,-3.162868912695889,12.672581561867787,1.0264085652974195,-5.930347670635797,-11.355166201753335,24.667016960788775,49.7932832683824,-0.118204,0.260387,-0.337659,0.591708,-0.0210167,0.10644,0.798818
13.36511778831482,12.4080602784924,-14.354567533685817,13.47351085783331,-2.5314083746208786,-0.8353181124296087,1.1477072946955174,0.0333222,0.346544,0.257167,0.360085,0.718097,0.39538,-0.445364,-0.0953383,0.353714,-0.239359,0.59444,0.368756,0.533735,-0.475171,33.3499615753818,-3.298926678245717,13.112311706025995,1.1900333736168243,-4.956219493277217,-11.204068908176602,24.783261509248927,49.41339940964266,-0.117586,0.260764,-0.337752,0.589869,-0.0196037,0.111568,0.799514
13.39033842086792,12.18701663102629,-14.378409915903168,13.360878723476459,-2.5337403673330336,-0.831439691642633,1.1440212946056367,0.0333237,0.346599,0.257167,0.36119,0.717731,0.395755,-0.444727,-0.0953183,0.353645,-0.239396,0.593832,0.369101,0.533237,-0.476221,33.28398755719701,-3.4155851376731095,13.369356315015935,0.6380438119975658,-4.2503763241613015,-10.886328571321052,24.521643603234548,48.73553086910014,-0.117645,0.260492,-0.337863,0.590588,-0.0181816,0.110573,0.799155
13.41603970527649,12.290372752075871,-14.333646055411203,13.396640518209251,-2.541351779919327,-0.8184243234252984,1.16482690302332,0.0333711,0.346553,0.257193,0.359678,0.718575,0.395126,-0.445149,-0.0951712,0.353597,-0.239428,0.596758,0.367789,0.534098,-0.4726,33.45876088277916,-3.132690846339096,12.712155124644095,1.3460962327961994,-5.18487945402854,-11.412858034697699,24.728520287296725,49.448597898344424,-0.11748,0.260681,-0.337817,0.589885,-0.0189266,0.111992,0.799459
13.443301677703857,12.104797038205506,-14.488017363173247,13.399864332456568,-2.556339962841159,-0.7774435985193024,1.1568232876629936,0.0333295,0.346598,0.257169,0.359992,0.718115,0.395444,-0.445354,-0.0950343,0.353583,-0.239451,0.596242,0.369301,0.532915,-0.473407,33.439014374592645,-3.0202283713663745,13.004797505921587,1.2086400596133693,-4.813367033108676,-11.653901892965074,24.82943018831339,49.08387015511723,-0.118075,0.260529,-0.337715,0.595415,-0.020308,0.111756,0.795348
13.468836545944214,12.256950148525329,-14.413060099879964,13.092069394385778,-2.5443926035480002,-0.8197193051884788,1.1624049177418063,0.0332946,0.346535,0.257187,0.359698,0.718302,0.395295,-0.445422,-0.0950408,0.353555,-0.239522,0.597439,0.36722,0.533952,-0.472347,33.5283665129573,-3.0703058408263812,12.661500449157135,1.0916213026402168,-5.782386171150804,-11.569959356631777,24.73841682517044,49.678786041735854,-0.117344,0.26027,-0.337919,0.590954,-0.0176224,0.110892,0.798853
13.492958545684814,12.172616743276894,-14.438788098841481,13.022049636122897,-2.5434674135633633,-0.8228367858043731,1.151423584668782,0.0333482,0.346553,0.25718,0.360342,0.717908,0.395518,-0.445339,-0.0948843,0.353593,-0.239519,0.59669,0.367982,0.533748,-0.47293,33.421778972774455,-3.084077161935996,12.855181036994384,0.9259934554482321,-5.585730138821646,-11.640771518107876,24.851874665224063,49.52226753987495,-0.117282,0.260305,-0.337939,0.591323,-0.0180752,0.109573,0.798752
13.516099691390991,11.962732352103973,-14.296215294292406,12.962777314143185,-2.5495490252058675,-0.819316243510006,1.1275537656138104,0.0333662,0.346521,0.25721,0.360456,0.718427,0.394618,-0.445209,-0.0948095,0.353509,-0.239519,0.596797,0.367958,0.533642,-0.472934,33.39038984612986,-3.1315451623807116,12.755752627375013,0.8640483094165639,-5.318985998353661,-11.465592086833418,24.76524687086706,49.30844521081943,-0.117709,0.260311,-0.337697,0.591845,-0.0222202,0.107375,0.798559
13.539989233016968,11.782839552625287,-14.33174325662494,12.860250889301286,-2.549621563652962,-0.8234706940914982,1.0964494190617207,0.0333416,0.346534,0.257227,0.360263,0.717989,0.395627,-0.445177,-0.0946658,0.353427,-0.239526,0.596007,0.367927,0.53367,-0.473922,33.44367604586942,-3.2026209182341594,12.958309062114473,1.1806628383915623,-5.640936294599683,-11.450812811426474,24.83857496956069,49.804246110147446,-0.11758,0.260152,-0.337858,0.593457,-0.0230876,0.104343,0.79774
13.561314105987549,11.825094981850398,-14.22974984176302,12.679876251472724,-2.5467213000899656,-0.8422521313086901,1.106355482706042,0.033421,0.346575,0.257241,0.360775,0.718503,0.395418,-0.444117,-0.0946544,0.353489,-0.239569,0.59682,0.365666,0.535259,-0.472855,33.42097357666893,-3.4509277126091953,12.631219559446162,0.9304736303348449,-5.74555826803897,-10.818697486321064,24.57476562646529,49.85175322278669,-0.117007,0.260238,-0.337963,0.59154,-0.0211559,0.106604,0.798917
13.586997270584106,11.921031604246915,-14.158331800665733,12.570335083747914,-2.546890077077736,-0.8574159359010334,1.1131612908563249,0.0333128,0.346569,0.257207,0.36071,0.717586,0.396319,-0.444848,-0.0945778,0.353362,-0.239556,0.596194,0.367062,0.533919,-0.474077,33.47786706078511,-3.281775019006023,13.00296812415544,0.9209617600422781,-5.902528612377985,-11.234721038344091,24.717827090912966,49.88547198091162,-0.116872,0.260195,-0.337889,0.58936,-0.0207781,0.107641,0.800398
13.61231255531311,11.72072094614151,-14.257874730172308,12.529397721989428,-2.5594588395868803,-0.834367448836052,1.1169265028385627,0.0333811,0.34662,0.257259,0.360129,0.718691,0.39555,-0.444219,-0.0944029,0.353225,-0.239563,0.598093,0.364794,0.53452,-0.472756,33.66746707067105,-3.3945142427884605,12.536932110106267,0.9907163704359085,-6.08643364760249,-10.623305405596255,24.245877536435195,49.95231233371851,-0.117167,0.260064,-0.337832,0.592399,-0.021523,0.107287,0.798179
13.637422800064087,11.91326045631369,-14.123044110663285,12.545237615971704,-2.547107212264133,-0.8564156393398906,1.1145030505040419,0.0334141,0.34659,0.257249,0.360863,0.718455,0.395454,-0.444091,-0.0942772,0.353291,-0.239613,0.59717,0.367213,0.532625,-0.474187,33.59679882386563,-3.31409044146833,12.961606649773191,0.44307519881943236,-4.870473565465666,-10.693632232253059,24.231037470127994,48.79535641397614,-0.116709,0.260204,-0.337817,0.589357,-0.0218899,0.108094,0.800309
13.663014650344849,12.058693357789315,-14.098039817973026,12.558502568780042,-2.5468520429087134,-0.8630301812771075,1.1293212689859753,0.0333434,0.346577,0.257241,0.360899,0.71794,0.396137,-0.444285,-0.094333,0.353115,-0.239618,0.597844,0.365129,0.534038,-0.473357,33.63170159777358,-3.365905767926669,12.751629309743425,0.517708402303267,-6.125847274633841,-10.744456514734352,24.31127986366273,49.75929453207553,-0.116261,0.260409,-0.337921,0.588986,-0.0209209,0.111916,0.800083
13.689544677734375,12.03481425212366,-14.013551032291934,12.485278652666551,-2.538218813005802,-0.8660214142805337,1.1282206898349254,0.0333449,0.346504,0.257236,0.360688,0.717979,0.395551,-0.444916,-0.0943523,0.353031,-0.23962,0.598032,0.365028,0.533833,-0.473429,33.646377603840946,-3.3033752332569675,12.670533606737258,0.41741246487422856,-6.496642402361829,-10.90248397645179,24.347059945398723,49.921603426761386,-0.116278,0.260336,-0.337879,0.588718,-0.02138,0.112238,0.800223
13.711814403533936,12.07049211497563,-14.053915891667577,12.539213410443438,-2.533393229644022,-0.8617485945437553,1.127868225832357,0.0333623,0.34663,0.257238,0.360851,0.717966,0.39601,-0.444396,-0.0944189,0.353059,-0.239622,0.597907,0.364951,0.533683,-0.473815,33.68465514793447,-3.3823648617520443,12.770281041379516,0.36691521726536536,-6.02081338381943,-10.617636199878376,24.200158749481265,49.59369612363465,-0.116509,0.260293,-0.337847,0.589244,-0.0214594,0.111696,0.79991
13.7360360622406,12.17153046056249,-13.951632122983181,12.570462252238112,-2.5347475147947267,-0.8441676664044828,1.123768822841136,0.0333844,0.346527,0.257257,0.360708,0.718393,0.395206,-0.444537,-0.0945427,0.352987,-0.239631,0.598354,0.365555,0.533751,-0.472707,33.61129397021945,-3.2646966492627785,12.608019129899159,0.5504618705391557,-5.696692715547464,-10.933070371028052,24.360914568619553,49.39638323656479,-0.116912,0.260044,-0.337749,0.590691,-0.0221625,0.111383,0.798866
13.760303258895874,12.165128080837421,-14.143542754218604,12.568292706860039,-2.5383106040464622,-0.826948385639093,1.1417941791745267,0.0333365,0.346601,0.257223,0.36102,0.717743,0.396324,-0.444338,-0.0947809,0.353123,-0.239682,0.59806,0.366534,0.533753,-0.472319,33.54692712220819,-3.163775899205297,12.80758105152778,0.6169373666207747,-5.30769726046892,-11.315331524942977,24.624253949489336,49.18297033435927,-0.117252,0.259832,-0.338035,0.592589,-0.0185861,0.111603,0.797519
13.785314321517944,12.331192240514252,-13.935149993429118,12.835978447434911,-2.5329099100644985,-0.8524012093262573,1.132741026335457,0.0333947,0.346566,0.257224,0.360279,0.718402,0.395386,-0.444711,-0.094907,0.352966,-0.239636,0.597609,0.365673,0.534756,-0.472423,33.52488722540429,-3.288432941939761,12.56457375158389,1.2740719127081839,-5.73985417950346,-11.196827957655465,24.702242415418443,49.92696788449689,-0.117151,0.260008,-0.337804,0.587661,-0.0234007,0.111753,0.801011
13.809728145599365,12.482802815789936,-13.99837133374963,12.734436310043865,-2.5309142565435887,-0.8551909093645691,1.1410851618702609,0.0333276,0.346603,0.257184,0.359954,0.718124,0.395479,-0.445339,-0.0951879,0.352937,-0.239667,0.597204,0.366047,0.534069,-0.47342,33.589609486251184,-3.238424982827608,12.700020104475893,1.1965512200157917,-5.776257454841826,-11.32521796929705,24.73681332975736,49.90220150132756,-0.117369,0.259841,-0.337902,0.589562,-0.0197162,0.112831,0.799561
13.836068153381348,12.6252039956353,-13.937576850727384,12.583308733300731,-2.5314802340573985,-0.883244808364656,1.1598955233753043,0.0333185,0.346487,0.257198,0.360158,0.718052,0.395321,-0.445431,-0.0952784,0.352719,-0.23967,0.598222,0.364709,0.534192,-0.473028,33.66654882674963,-3.2485897011965807,12.535634685048834,0.6937776458335811,-6.14438052461778,-11.152402215244464,24.538133315688885,49.83368854999158,-0.117158,0.25977,-0.337927,0.586555,-0.0189223,0.114485,0.801554
13.861275911331177,12.437457545707407,-14.01685829840755,12.654518424183083,-2.5392758622430596,-0.8431638949892242,1.1481551683092386,0.0333772,0.346616,0.257172,0.359735,0.7185,0.395297,-0.445072,-0.0953481,0.352737,-0.239678,0.598243,0.365286,0.534082,-0.472683,33.68784665091996,-3.232827823759907,12.526388549410964,1.1939286557621323,-5.470914163724778,-11.11407002701771,24.51231708322409,49.59949764075043,-0.118015,0.259536,-0.3378,0.59207,-0.0198035,0.112814,0.797705
13.886115074157715,12.401549603160253,-14.154623951239861,12.70485646318928,-2.54498801771134,-0.8468553935456102,1.1318487534386945,0.0333436,0.346532,0.25719,0.360166,0.718257,0.395005,-0.445375,-0.0955238,0.352603,-0.2397,0.597515,0.365429,0.534275,-0.473273,33.57622157313329,-3.2767130528742836,12.583603660035166,1.0613000786000413,-5.549202872326809,-11.24531698528397,24.719605137724457,49.70394555115837,-0.118559,0.259025,-0.337737,0.591734,-0.0217708,0.108601,0.798488
13.909066677093506,12.415584832564795,-14.184874309501417,12.59239442329908,-2.5472519107716765,-0.848717167620722,1.1458194443771548,0.0333421,0.346536,0.257186,0.360109,0.717992,0.395365,-0.445528,-0.0956344,0.352528,-0.239709,0.598035,0.365756,0.533806,-0.472893,33.627857721201764,-3.149026337098313,12.623764551659509,0.9764416350842282,-5.400117804523063,-11.46374245109265,24.742763673414256,49.4609173119337,-0.118704,0.25897,-0.337707,0.591803,-0.0213589,0.10989,0.798271
13.938241243362427,12.525360365618278,-13.93839172918039,12.53039140964537,-2.5409153792655665,-0.8865540510490078,1.1414417157169066,0.0333451,0.346574,0.257174,0.359767,0.718195,0.395349,-0.445491,-0.0957517,0.352498,-0.239743,0.598165,0.364967,0.53368,-0.473479,33.745876875142976,-3.237495303262296,12.592913209980576,0.880884617098193,-5.431111112844938,-11.142004921396463,24.52293913609724,49.445901779498875,-0.117962,0.25937,-0.33789,0.588059,-0.0212154,0.111402,0.800829
13.964592218399048,12.713463294118771,-13.611170463142225,12.45358209521982,-2.5288677495419214,-0.9084306893989431,1.1612599531563021,0.0333671,0.346527,0.257176,0.360194,0.718302,0.394779,-0.445479,-0.0960021,0.352439,-0.239769,0.598461,0.363812,0.534256,-0.473345,33.707226810535396,-3.3368196972414137,12.424840718628555,0.41332700647667053,-5.554036455034975,-10.919545522914838,24.437705378158377,49.34378258354338,-0.117945,0.259362,-0.337795,0.584142,-0.0207815,0.115759,0.803085
13.989707708358765,12.584441067300286,-13.67700244541067,12.536868321485889,-2.5325286743379984,-0.8910565262935495,1.1353969025217916,0.0333315,0.346528,0.257175,0.360534,0.717626,0.39582,-0.44537,-0.0962181,0.352394,-0.239769,0.597935,0.364735,0.534575,-0.472939,33.59836925456604,-3.254652180946615,12.603314041806328,0.7010600322767253,-5.3015891170689216,-11.36421388152241,24.799635451279897,49.38218238272497,-0.118313,0.259174,-0.337818,0.586729,-0.0217827,0.1124,0.801649
14.014737844467163,12.592125835051037,-13.828604415123973,12.605097050334601,-2.534540228625248,-0.881562066652079,1.1455570203367917,0.0333866,0.346552,0.257177,0.360036,0.718377,0.394578,-0.445665,-0.0962563,0.352323,-0.239765,0.598669,0.363831,0.534996,-0.47223,33.62619500122879,-3.265652925832925,12.267623503138644,0.8693274408053497,-5.563781965898286,-11.275897352332201,24.71861252917697,49.59751996741786,-0.118527,0.259096,-0.337685,0.587362,-0.0225013,0.112687,0.801125
14.040982961654663,12.688793921848067,-13.717379663204554,12.55625838689511,-2.5297846527981105,-0.8986327737889751,1.1416134689620534,0.0333965,0.346584,0.257171,0.360064,0.718477,0.394937,-0.445162,-0.0964371,0.352214,-0.239818,0.597926,0.363301,0.535348,-0.47318,33.64558642072971,-3.4671095845128552,12.35281230025156,1.0132694302490037,-5.247740843240138,-10.883697202937654,24.639387615244026,49.62492919521108,-0.118712,0.258697,-0.33765,0.585367,-0.0225195,0.112564,0.8026
14.066552639007568,12.712780052428716,-13.649124359757481,12.436149465222167,-2.5307209213285975,-0.916042670356797,1.148075564226174,0.0333199,0.346539,0.25718,0.359708,0.717971,0.395651,-0.445632,-0.0965366,0.352105,-0.239862,0.598012,0.362597,0.535372,-0.473583,33.75658474838417,-3.447861329683606,12.393518544211549,0.9953559900516282,-5.969849012083401,-11.029205940010335,24.715557649011416,50.13865488103014,-0.118483,0.258562,-0.337844,0.584148,-0.020599,0.113412,0.80342
14.09188461303711,12.474956167266292,-13.676350837511848,12.237885252463908,-2.541570449255989,-0.9042488946966811,1.139857245668744,0.0333571,0.346525,0.257161,0.360234,0.718159,0.394834,-0.445629,-0.0966598,0.35199,-0.239901,0.597867,0.362946,0.535243,-0.473645,33.64963475014176,-3.4622994706767334,12.36703213010626,0.7693555990202476,-5.4971718308223885,-11.019458492772216,24.74857370477193,49.721009147720174,-0.118989,0.258534,-0.337801,0.587366,-0.0214906,0.112431,0.801186
14.119236469268799,12.743505891446738,-13.502637584750563,12.203910659536309,-2.541067652100972,-0.9233295579605071,1.1767276086672387,0.03334,0.346497,0.257162,0.360567,0.717543,0.395839,-0.44546,-0.0967236,0.351851,-0.239976,0.598798,0.362322,0.535152,-0.473049,33.73420072016552,-3.3902452186902905,12.39615692272854,0.3880716737961798,-5.646302277917719,-11.12835202940412,24.717412747573146,49.57223120634525,-0.118698,0.258438,-0.337732,0.583343,-0.0203083,0.117265,0.80346
14.143957614898682,12.812923079902898,-13.530224640767955,12.238653648880149,-2.540631492210937,-0.9312572017997603,1.1788164173854219,0.0333567,0.346588,0.257189,0.359571,0.718383,0.395606,-0.445118,-0.0968171,0.351883,-0.239986,0.598561,0.362779,0.53563,-0.472458,33.7470171311179,-3.4137444492379414,12.280533277756078,1.430602018804624,-5.179409042116291,-11.18163582108538,24.866417946915387,49.8410527484849,-0.118564,0.258418,-0.337798,0.582478,-0.0195116,0.117022,0.804142
14.169267654418945,12.730836860945898,-13.44118050093256,12.051454569010806,-2.5499048174202668,-0.9403126231752308,1.1846544366623823,0.0333862,0.346445,0.257145,0.359566,0.718705,0.394155,-0.445889,-0.096727,0.35164,-0.240035,0.598567,0.363917,0.533426,-0.474065,33.82602023375871,-3.3160471149013317,12.409470480505725,0.7608280911467631,-4.6528090871030585,-11.079136479474698,24.602088431518155,48.97451056701081,-0.118695,0.258282,-0.337775,0.583459,-0.0199239,0.11804,0.803271
14.192252397537231,12.677477884236394,-13.427274777365257,11.933892598738584,-2.5438778911290583,-0.9513265877233849,1.185472063868479,0.0333558,0.346588,0.257147,0.360144,0.718179,0.395077,-0.445453,-0.0969256,0.351736,-0.240059,0.598863,0.361976,0.53574,-0.472567,33.709590509270505,-3.4380546857044907,12.190093570954208,0.905040713497268,-5.492597204101166,-11.154340200329877,24.842404409558487,49.79983719839436,-0.118662,0.258257,-0.337818,0.582684,-0.0191166,0.117899,0.803874
14.2189621925354,12.479788456132365,-13.624420888984755,11.947614564404955,-2.542984075177272,-0.9327905874777155,1.1629983433046946,0.0333682,0.346522,0.257136,0.360714,0.717718,0.395321,-0.445519,-0.0970818,0.351755,-0.240059,0.596578,0.363395,0.534332,-0.475949,33.67114509926468,-3.6051276369072562,12.738970463827332,0.34082949691328324,-4.684398782667181,-10.790467252459777,24.71753685218976,49.13285831447616,-0.119168,0.257933,-0.337751,0.587082,-0.0191589,0.116567,0.800862
14.244948625564575,12.539442228937528,-13.533312884478654,11.776139893837986,-2.523621316779114,-0.9550715120003315,1.1579790896667097,0.0333413,0.346605,0.25716,0.360175,0.71781,0.395755,-0.445422,-0.0971355,0.351758,-0.240039,0.595351,0.364261,0.534234,-0.476933,33.673967962924294,-3.6690971762280897,12.933008105776103,1.0501625549755964,-4.355404308661974,-10.811156487867343,24.8953285592621,49.40211216127175,-0.119115,0.257899,-0.337778,0.585856,-0.0185611,0.116463,0.801788
14.267452239990234,12.553325523535708,-13.309692476999503,11.766546071742965,-2.5214558525233883,-0.973431074417058,1.1603673888247144,0.033326,0.346577,0.257148,0.360886,0.717141,0.396641,-0.445137,-0.0972562,0.351673,-0.240093,0.595438,0.363037,0.534637,-0.477307,33.69492695111294,-3.7825197498849294,13.00349224337408,0.4694483539853742,-4.657623579796116,-10.572932126508576,24.786525467866536,49.391007307043914,-0.119143,0.257831,-0.337718,0.583317,-0.0200131,0.117823,0.803404
14.291546106338501,12.51650914760744,-13.400910297987577,11.869714735647607,-2.53007058564168,-0.9658400164748785,1.1469669061340855,0.0333448,0.34659,0.257128,0.361035,0.717404,0.39601,-0.445152,-0.097459,0.351554,-0.240194,0.595554,0.362748,0.534591,-0.477432,33.682375117206384,-3.8264593464991905,12.925340497568204,0.28691412042808295,-4.389850457391965,-10.49218014551424,24.69679721642785,49.154832546304924,-0.119812,0.257397,-0.337568,0.584688,-0.0217689,0.114361,0.802862
14.315412998199463,12.467047452366806,-13.538052057025538,11.916557835373457,-2.5435985759933524,-0.9464488418032054,1.1685569557764863,0.0334145,0.346484,0.257175,0.358805,0.718979,0.394467,-0.445785,-0.0974283,0.351436,-0.240186,0.596005,0.362902,0.533676,-0.477775,33.943258366735016,-3.7778475376023435,12.672195956631608,1.1126583892558877,-4.284767841301772,-10.366089088839026,24.566395091509527,49.37415913820447,-0.119665,0.257511,-0.337659,0.587845,-0.0193319,0.117416,0.800174
14.340136289596558,12.515232751841715,-13.51953396694499,12.055708428539118,-2.550628996528624,-0.9493206126608769,1.1518064334727034,0.0333488,0.346605,0.257123,0.360494,0.717877,0.395297,-0.445463,-0.0976897,0.351345,-0.240241,0.595417,0.362834,0.534221,-0.477951,33.73658561314424,-3.841095411260803,12.873514784914295,0.5494676805783598,-4.1060453667344845,-10.460262159344715,24.780690737800395,49.112243909166345,-0.120338,0.257073,-0.337554,0.58658,-0.0222439,0.114351,0.801469
14.366565704345703,12.609131704465081,-13.458165731858204,12.169731221690599,-2.5617223476484057,-0.937564288835903,1.171999433703475,0.0334301,0.346451,0.257149,0.359033,0.718912,0.39422,-0.445927,-0.0975733,0.351109,-0.240309,0.598378,0.361638,0.533847,-0.475572,34.02049758379146,-3.591260520722537,12.325638392642677,0.7044513947469255,-4.542329565778658,-10.643075358232416,24.530309955748013,49.14092635231793,-0.12027,0.257018,-0.33752,0.585887,-0.0227639,0.114938,0.801877
14.391672134399414,12.589896782145745,-13.601248239435371,12.119787598975167,-2.5700744373783713,-0.9477346799923702,1.1750871443020328,0.0333763,0.346601,0.257111,0.360435,0.717791,0.395523,-0.445449,-0.0978408,0.351184,-0.240312,0.595089,0.362285,0.534302,-0.478686,33.78272068095821,-3.9396490398917337,12.919692905097133,0.5458018095748187,-4.122367724316959,-10.305854618728013,24.759003073903376,49.2198591771856,-0.120057,0.257127,-0.337735,0.587218,-0.0197186,0.117959,0.800544
14.415929555892944,12.474899285618383,-13.63759746587996,12.048786195990967,-2.5764793758157594,-0.9366115003193678,1.1747286621630486,0.0333838,0.346409,0.257122,0.359257,0.718747,0.394075,-0.446142,-0.0976979,0.350952,-0.240363,0.597958,0.361877,0.533843,-0.475924,33.95920180486413,-3.5964152969294885,12.377073482075218,0.716575306529112,-4.52632622935068,-10.774610237780358,24.682211491309708,49.20130421646332,-0.120561,0.256621,-0.337554,0.587799,-0.021805,0.113908,0.800651
14.441587209701538,12.445578399287406,-13.61133773931489,11.695487446788738,-2.556004483762453,-0.9736089592783791,1.1601646864013728,0.0333544,0.34652,0.257108,0.360888,0.717486,0.395325,-0.445749,-0.0979197,0.351066,-0.240322,0.595367,0.36276,0.53435,-0.477926,33.6769948877717,-3.810265861766402,12.888623616073936,0.4094859456912445,-4.1479392686206324,-10.714319136072888,24.931385143003354,49.13121372913945,-0.120479,0.256644,-0.337638,0.586948,-0.0207855,0.113707,0.801331
14.46878695487976,12.289708279529025,-13.497986755009325,11.580740409911986,-2.5664707216113496,-0.974877722570452,1.155653582165731,0.0334338,0.346434,0.257163,0.359025,0.718966,0.394201,-0.445864,-0.097828,0.35086,-0.240393,0.598698,0.361099,0.53378,-0.475654,34.07831955544917,-3.6228211995859008,12.285380755307525,0.6107353270721951,-4.3314843643875065,-10.57435819936071,24.50594932212796,48.9803232282095,-0.120473,0.256655,-0.337606,0.586616,-0.0233375,0.11147,0.801817
14.491935729980469,12.135927089427575,-13.318044561621342,11.447495459167744,-2.5605307209845036,-0.9737943491234061,1.1638578762376215,0.0334222,0.346461,0.257148,0.359514,0.718509,0.394763,-0.445708,-0.0978894,0.350883,-0.240342,0.597752,0.362553,0.533376,-0.476191,33.96806095250405,-3.587237390505218,12.570046568952506,0.6759104606987769,-3.71719979898743,-10.733580879569644,24.68315572174786,48.63906453281351,-0.120728,0.256625,-0.337451,0.586485,-0.0258214,0.115361,0.801287
14.518383026123047,12.369995143292467,-13.398380953037321,11.222225867763827,-2.5534257267281593,-0.9977339359614811,1.1981300392842051,0.0334346,0.346483,0.25718,0.360001,0.71837,0.39457,-0.44571,-0.0978415,0.350851,-0.240308,0.598432,0.362428,0.533067,-0.475778,33.96195779273112,-3.5255347291952726,12.531387067469101,0.22133943266901923,-3.651089139207542,-10.736139876441683,24.596205615550524,48.264809251001445,-0.119862,0.256401,-0.337927,0.584555,-0.0186508,0.117998,0.802511
14.543337106704712,12.179845576977097,-13.547966295697456,11.227238480928305,-2.563179886464889,-0.9777783540063405,1.1799414408983189,0.0334155,0.346449,0.257168,0.358994,0.718545,0.394872,-0.445973,-0.097838,0.350806,-0.240354,0.597977,0.362426,0.533,-0.476425,34.07827095649034,-3.54892873149364,12.571338820461598,0.8000349552504638,-3.9378324631102544,-10.776309075743129,24.636065407863754,48.81254418640893,-0.120492,0.256143,-0.337814,0.588346,-0.0199619,0.115214,0.80011
14.568193197250366,12.230829636312523,-13.69088779664696,11.064039519344762,-2.5566803385834076,-0.9762110556198369,1.184108767193004,0.033392,0.346502,0.257154,0.360469,0.717878,0.395112,-0.445645,-0.097859,0.350845,-0.240344,0.598323,0.362114,0.533423,-0.475756,33.91855280310904,-3.5473117778528254,12.587253026967772,0.05446245223958712,-3.9128084408318244,-10.795817461887566,24.59597802268113,48.41234156271697,-0.120361,0.255537,-0.338142,0.589933,-0.0141909,0.113719,0.799278
14.593744993209839,12.166920502203684,-13.777529056523498,11.007053661661972,-2.5552750111676668,-0.9726115669266737,1.1854508061707187,0.0334057,0.346418,0.257173,0.358638,0.718905,0.3944,-0.446097,-0.0975939,0.350709,-0.240443,0.598318,0.36343,0.533919,-0.474199,33.91095569350402,-3.3586192323889117,12.342860671998853,1.8774315333731728,-4.132235283950479,-11.604140755198792,25.287077811850445,49.4351038774136,-0.120065,0.255545,-0.338251,0.589926,-0.0126109,0.111999,0.799553
14.619593381881714,11.911258359398829,-13.757121081640985,10.954744459042425,-2.557420200188797,-0.98397816544178,1.131914677334663,0.0333708,0.346635,0.257108,0.360865,0.717448,0.395919,-0.445302,-0.0979391,0.350925,-0.240364,0.592597,0.36474,0.534083,-0.480156,33.54414948936594,-3.9888859949104543,13.358114616791227,1.3853147515397595,-3.129044338798259,-10.709088596176578,25.3693144901371,49.13208130046601,-0.120667,0.256046,-0.338015,0.592321,-0.0174844,0.11149,0.797759
14.646183013916016,11.911372860611202,-13.589857835995083,10.864303676726728,-2.564322232923371,-0.9643951863341096,1.1672806386821886,0.033454,0.346485,0.257147,0.359369,0.718449,0.394849,-0.445847,-0.0975742,0.350857,-0.24045,0.59902,0.363238,0.534469,-0.472838,33.81892440797513,-3.2759202081323036,12.278683373072909,1.5551444077176129,-4.205691248402523,-11.81107376078436,25.36654709077307,49.30663311375799,-0.120712,0.255997,-0.33789,0.591878,-0.0192125,0.111735,0.798014
14.671685218811035,11.743555743865144,-13.697957023109039,10.750313242868309,-2.564071121991049,-0.9822441742303994,1.1302521144107227,0.0333619,0.3466,0.257091,0.360993,0.716946,0.3965,-0.445489,-0.097767,0.350945,-0.240435,0.594833,0.362814,0.535046,-0.477771,33.62918469739708,-3.8340865423293833,13.01066986177684,0.9955024566307493,-4.420239132954784,-11.012632307166093,25.34032836767148,49.78145726184956,-0.120722,0.256044,-0.338012,0.593387,-0.017673,0.109944,0.797177
14.694882869720459,11.910613130812916,-13.549116780547815,10.671706212287926,-2.561110683199088,-0.9877821023293708,1.1905192925974286,0.0334781,0.346434,0.25717,0.359445,0.718713,0.394671,-0.445516,-0.0973849,0.350871,-0.240418,0.599022,0.362515,0.534628,-0.473211,33.85334114417806,-3.4059882601049782,12.232862691940557,1.3812974722885762,-4.316773752679481,-11.400764055344851,25.109798468285355,49.35465116229539,-0.119898,0.256255,-0.338003,0.590234,-0.0166,0.1163,0.798638
14.717186212539673,11.89652679705072,-13.561627070628884,10.576337501665689,-2.5559907999901736,-1.0088705556437911,1.1753887204678497,0.0334407,0.346596,0.257151,0.360629,0.717501,0.396395,-0.444983,-0.0974827,0.350928,-0.240385,0.597181,0.362556,0.533953,-0.476258,33.86037761637247,-3.662125177866892,12.827570940578681,0.6292563010311412,-3.9286950421337536,-10.797458050345362,24.851432011256858,48.90911445417386,-0.119904,0.256184,-0.338042,0.58936,-0.0162832,0.115291,0.799436
14.744401693344116,12.008134940327261,-13.347498777508116,10.43524630591493,-2.5412389894244045,-1.02177286777187,1.210433085521278,0.0334848,0.346517,0.257191,0.360846,0.718151,0.395118,-0.444895,-0.0972579,0.350938,-0.240406,0.599263,0.362812,0.534473,-0.472853,33.7343100269548,-3.3966574724486045,12.365418820004972,0.6920089081156888,-3.8630879074785582,-11.351679188359398,25.075660945830016,48.67545680713901,-0.11938,0.256476,-0.338074,0.585668,-0.0138373,0.118221,0.801764
14.770079135894775,11.809251478727935,-13.58310817166092,10.349516223921789,-2.5434710601756203,-1.0110451567253853,1.1923287151242141,0.033446,0.346636,0.257131,0.360328,0.717793,0.396023,-0.445086,-0.0971341,0.351015,-0.240387,0.5988,0.364174,0.53354,-0.473446,33.81424502991045,-3.271265049250548,12.63832845439595,1.119477748454532,-3.673019099718843,-11.574833656953523,25.14508995951934,48.64086623607543,-0.119415,0.256243,-0.338151,0.588643,-0.011657,0.113597,0.800287
14.796037197113037,11.675212312295006,-13.521299537758733,10.615944285909775,-2.5493138899762817,-0.9999866712898348,1.1517051404185883,0.033429,0.346419,0.257177,0.359657,0.718194,0.395105,-0.445799,-0.0971961,0.350887,-0.240311,0.595842,0.364286,0.533617,-0.476991,33.76863636754019,-3.6037262688595573,12.844384549284555,1.5516839623168153,-4.079304680069853,-11.156817032181145,25.175547264807896,49.482536333211556,-0.120196,0.256618,-0.33762,0.590473,-0.0200086,0.11307,0.798847
14.821303844451904,11.806023725313324,-13.32865332297336,10.578988039615602,-2.539016368034657,-1.0081857796903184,1.1687558632859039,0.0334176,0.346514,0.257158,0.360634,0.717674,0.395512,-0.445485,-0.0970318,0.351,-0.240344,0.598274,0.364321,0.533542,-0.473995,33.728619646746125,-3.2918001901871996,12.661984632200372,0.9001282196123981,-4.029239657732923,-11.638838013303975,25.205752897655508,48.867712520545744,-0.119759,0.256743,-0.337637,0.587601,-0.0193217,0.113783,0.800878
14.844488859176636,11.720067699137852,-13.348359013025856,10.692181337813949,-2.5433021934557534,-1.0032071280554549,1.1500573724267282,0.0334381,0.346464,0.257165,0.359577,0.718473,0.394437,-0.446006,-0.0972252,0.350857,-0.240345,0.596234,0.363819,0.533781,-0.476674,33.76836777575039,-3.602287565623766,12.684243222438969,1.523734168239713,-4.251212035235426,-11.155219346492451,25.161359225672374,49.59805059449357,-0.120053,0.256646,-0.337582,0.589604,-0.0199913,0.113382,0.799445
14.871111154556274,12.13633577123412,-13.196918189178625,11.120118753448166,-2.543548492503161,-1.0160896108463666,1.1621297995593494,0.0334629,0.346573,0.257171,0.359512,0.718514,0.39508,-0.445422,-0.0973215,0.351024,-0.240284,0.595541,0.364241,0.534559,-0.476347,33.68550052922488,-3.6683773854281223,12.746422331352907,2.102328882580462,-3.8551163289854244,-11.145206692813069,25.330481222446444,49.62401384513146,-0.119762,0.256885,-0.337493,0.584691,-0.0218546,0.115468,0.802699
14.89661979675293,12.00664697232952,-13.38493228850783,11.264704956771443,-2.559255922271311,-0.9854997159132426,1.1709744563601352,0.0334294,0.346441,0.257166,0.359389,0.718296,0.39524,-0.445731,-0.097419,0.350979,-0.240343,0.597418,0.362226,0.535494,-0.474479,33.77942822081011,-3.574375717289789,12.37841876573441,1.7083684285328502,-4.965589283548617,-11.323764025639797,25.265650363416135,50.180120604511025,-0.120209,0.25675,-0.337482,0.587669,-0.0223586,0.114927,0.800585
14.921152114868164,12.089466682734004,-13.524444064377091,11.478720212793744,-2.583864440528609,-0.988118763494068,1.1873644908649266,0.0334008,0.346535,0.257154,0.360524,0.717424,0.396025,-0.445521,-0.0974969,0.350985,-0.240324,0.598796,0.361351,0.533235,-0.475951,34.04414418584731,-3.5574373340825,12.656311105163713,-0.2952124184546463,-4.521248906113662,-10.603826519167526,24.28400828561185,48.58254523788478,-0.120375,0.256932,-0.337371,0.586663,-0.0241088,0.115288,0.80122
14.947439193725586,12.075668127650982,-13.404223877730418,11.352398989047028,-2.5732474917241777,-1.0073543793958508,1.1735997820294828,0.0334369,0.34648,0.257108,0.360014,0.71825,0.39427,-0.446159,-0.0975803,0.351042,-0.240308,0.598203,0.361638,0.533632,-0.476033,33.93123451447739,-3.5830486429760087,12.440273428342259,0.08308996391660273,-4.650291404463026,-10.676319667195493,24.546477398284615,48.90300189725503,-0.120261,0.257049,-0.337446,0.585466,-0.0244696,0.114007,0.802268
14.97327184677124,11.932215859807076,-13.449881423023548,11.122082637639162,-2.564442325073506,-0.9958955879678771,1.1436641632805171,0.0334045,0.346493,0.25715,0.360628,0.717603,0.3956,-0.445526,-0.0977952,0.351069,-0.240244,0.597393,0.362049,0.534571,-0.475684,33.785157466800555,-3.6337504103827944,12.618536698652374,0.3618153558811237,-4.338729939416339,-10.83628954216094,24.83194891643722,48.98982140792876,-0.120786,0.256698,-0.33754,0.589469,-0.0227663,0.109774,0.799973
14.998786449432373,12.258312342328995,-13.28981830048103,11.308104960098488,-2.5566511882140643,-1.0248424502103026,1.1778591082836798,0.0334312,0.346541,0.257135,0.360956,0.7175,0.395674,-0.44536,-0.0979725,0.351011,-0.24022,0.597965,0.362362,0.533776,-0.475622,33.83137621710365,-3.564259284194447,12.68505175429399,-0.0814858754336889,-3.6750541819846276,-10.726340742077987,24.47064503575595,48.18473091785237,-0.120338,0.256925,-0.337369,0.582475,-0.0236618,0.11342,0.804549
15.022308588027954,12.10119680707019,-13.64388517555072,11.449810513538699,-2.5745372483562248,-0.9794860875174213,1.1603425379472425,0.033434,0.346538,0.257132,0.360621,0.71752,0.395933,-0.44537,-0.0979797,0.351006,-0.240205,0.597651,0.361947,0.534414,-0.475615,33.834227686981045,-3.6231215649314494,12.645543139441447,0.30442233964254584,-4.012708615813146,-10.72093845881944,24.712656617670966,48.686360178437205,-0.120954,0.256727,-0.337439,0.589148,-0.0226993,0.110164,0.800158
15.049363136291504,12.443982911378948,-13.778061369403193,11.855603157025305,-2.5568175278027008,-0.984804015361744,1.1932770776819595,0.0334154,0.346534,0.257094,0.361166,0.717282,0.395424,-0.445764,-0.0981631,0.351199,-0.240164,0.595634,0.362856,0.534127,-0.47777,33.67206561474724,-3.762733482616668,12.91473492827977,-0.04002685883457602,-3.8117353742694107,-10.578172765046055,24.54484647502605,48.54980599936521,-0.120672,0.256884,-0.337491,0.584598,-0.0201021,0.114835,0.802904
15.076464653015137,12.433062464380107,-13.656297860929422,12.256064603309534,-2.547274799784922,-0.9398609031892442,1.1858754313720006,0.0334479,0.346517,0.257111,0.361248,0.717598,0.395183,-0.445402,-0.0981396,0.351143,-0.240196,0.598012,0.361596,0.534001,-0.475892,33.81461243674874,-3.653401223661314,12.599101855915748,-0.6161886152197411,-3.7721000133845237,-10.42194929626335,24.083499326253634,47.98342734798387,-0.121195,0.256987,-0.337197,0.585837,-0.0237655,0.114406,0.801961
15.102249145507812,12.547564196137253,-13.424339976535459,12.361779694308046,-2.5124666604521746,-0.929315607376125,1.1712139949741285,0.0334228,0.346599,0.257116,0.360609,0.717795,0.39591,-0.444957,-0.098338,0.351328,-0.240061,0.598423,0.360517,0.535588,-0.474407,33.83806424833622,-3.7013444792507073,12.374901214632498,0.06909537257111609,-4.113711226144389,-10.332841973938343,24.405247611737973,48.5688475976878,-0.121167,0.257295,-0.337294,0.584392,-0.0222945,0.114322,0.803069
15.126948356628418,12.436157504194693,-13.299770397749226,12.274742044137437,-2.4905260907219855,-0.9176476886960725,1.155901185208077,0.0334425,0.346482,0.257137,0.36068,0.718166,0.39496,-0.445144,-0.0984277,0.351338,-0.240036,0.598221,0.3603,0.535542,-0.474879,33.805731319184915,-3.7709267825000286,12.294113377504718,-0.24656797856276214,-4.077835001912206,-10.133319238670701,24.182375859203304,48.405283655306725,-0.121387,0.257278,-0.337341,0.585704,-0.0214415,0.11416,0.802159
15.153439283370972,12.397996881809892,-13.017288733651146,12.05568616652702,-2.469053590991856,-0.924756493890192,1.1351532973998604,0.0333799,0.346554,0.257128,0.360178,0.717745,0.395681,-0.445589,-0.098536,0.351488,-0.239962,0.597693,0.36054,0.536294,-0.474513,33.764457629801605,-3.701837417272157,12.318739720645546,0.38826511550725584,-4.690038757440661,-10.558059446626096,24.639476244490158,49.19664882976405,-0.121332,0.25736,-0.337327,0.585076,-0.0210611,0.113983,0.802652
15.18031644821167,12.39658232592435,-12.85568467153357,11.869293796712467,-2.4820442794914843,-0.9505248273465059,1.1393362330976093,0.033408,0.346526,0.257123,0.360507,0.717888,0.395323,-0.44541,-0.0984842,0.351408,-0.240028,0.598251,0.360874,0.535401,-0.474564,33.80208842859522,-3.6551035071610607,12.348634337589317,-0.08128898494350167,-4.1474142577561395,-10.455280903142345,24.381259586382058,48.491725132275285,-0.120973,0.257357,-0.337317,0.582777,-0.0215379,0.114862,0.804185
15.204917192459106,12.381724205298664,-13.08639618535289,11.891957398439619,-2.511462797111228,-0.9486026092168588,1.1528886098454085,0.0333701,0.346531,0.257107,0.361118,0.717026,0.395961,-0.445737,-0.0982895,0.3512,-0.240118,0.598424,0.361288,0.53497,-0.474517,33.77110622502032,-3.523522060256784,12.501601370215802,-0.29273205081522846,-4.4856659806254555,-10.89831680883313,24.47496018550367,48.602192165203675,-0.120704,0.256983,-0.337453,0.584046,-0.0198431,0.114918,0.8033
15.230550765991211,12.380096451899783,-13.240538653427572,11.918399666446359,-2.538272445055448,-0.9617977970227906,1.1729878152166866,0.0333719,0.346564,0.257086,0.360773,0.717562,0.395331,-0.445714,-0.0979692,0.350872,-0.240363,0.59754,0.361936,0.533715,-0.476546,33.86221998763113,-3.6430145581803868,12.687668232117193,-0.006105565220536846,-4.049092290596754,-10.691368075003801,24.570079600579394,48.580326107302646,-0.120224,0.256674,-0.337606,0.582833,-0.019629,0.11696,0.803891
15.256437540054321,12.130581029621817,-13.464818648778891,11.780007847496337,-2.567760117740423,-0.9484004174105166,1.1738930556367737,0.033378,0.346528,0.257084,0.361019,0.717321,0.395463,-0.445785,-0.0977299,0.350705,-0.240437,0.59846,0.362509,0.532581,-0.476226,33.93587866187834,-3.4746916514847963,12.76061545895185,-0.3671559059166505,-3.851830777619554,-10.890885614252142,24.377543261230766,48.10201754438098,-0.12029,0.256391,-0.33762,0.585983,-0.0196566,0.11492,0.801892
15.281728267669678,11.302489051378988,-13.644728157930563,11.411103955684347,-2.583432455311083,-0.8836236713639566,1.153184220231539,0.0333644,0.346572,0.257096,0.360667,0.717585,0.395377,-0.445723,-0.0974237,0.350602,-0.240561,0.598696,0.361145,0.534353,-0.474978,33.88267707664163,-3.555423755409854,12.450388184445817,0.4580013477311411,-4.934845771724554,-11.122200359758793,24.95501918963574,49.425987925699204,-0.121227,0.255604,-0.337667,0.59834,-0.0201873,0.113829,0.792858
15.306063652038574,11.635763355290651,-13.088593580212432,11.174254988154559,-2.553079701277517,-0.9683773079062281,1.1540165991599725,0.0334018,0.346527,0.25713,0.360591,0.717686,0.395343,-0.44565,-0.0972379,0.350368,-0.240543,0.598938,0.360656,0.534814,-0.474526,33.881610473636165,-3.5755611407964496,12.345265355192545,0.7811775858586785,-5.2156519954239755,-11.143059030608853,25.005702375048376,49.805269145038,-0.119886,0.25592,-0.337549,0.586883,-0.0212663,0.115167,0.801157
15.33284878730774,11.26631318621419,-12.905028270783502,10.86174692924277,-2.5597099231107,-0.9528382308067339,1.1496860644074802,0.0333956,0.346578,0.25714,0.360378,0.717574,0.395991,-0.445429,-0.096909,0.350209,-0.240647,0.599416,0.361476,0.533826,-0.47441,33.99194172156731,-3.4525132465930373,12.490757148199652,1.0190478981656668,-4.912930683527186,-11.349067279664403,25.0318183246273,49.63871648962313,-0.119908,0.255525,-0.337572,0.590074,-0.0235558,0.117155,0.798456
15.35927700996399,11.286153283899662,-12.721361259932175,10.684025007623186,-2.553928463007143,-0.9820584680043443,1.1793812065456077,0.0334393,0.346473,0.25716,0.35934,0.718711,0.394499,-0.445757,-0.0965025,0.349995,-0.240799,0.602206,0.36128,0.534183,-0.470609,34.04245067226048,-3.1101825420876885,11.853212993381543,1.7537770852710004,-5.374652515119962,-12.109797251684377,25.324011268778914,50.049281070020854,-0.118845,0.255836,-0.337706,0.585176,-0.0236392,0.119806,0.801659
15.384427070617676,11.08986235574228,-12.805011438942014,10.69861183654003,-2.556555889617949,-0.9898107257909092,1.1271553172159152,0.0333928,0.346571,0.257166,0.360613,0.717474,0.395995,-0.445396,-0.0964112,0.349778,-0.240898,0.597453,0.362472,0.53422,-0.475682,33.81393685916962,-3.588712246875954,12.708822365876731,2.0289411807622457,-5.100475388596109,-11.755407059556298,25.72256308171018,50.65193171895645,-0.119166,0.255255,-0.337718,0.587121,-0.0249579,0.115181,0.800874
15.408840894699097,11.221460283394773,-12.895055689834155,10.804344796713478,-2.5851435104905347,-0.9687776561527984,1.186895553885755,0.0334092,0.346497,0.257176,0.36022,0.717894,0.395451,-0.445521,-0.0958944,0.349424,-0.241023,0.602407,0.362469,0.53202,-0.471885,34.15046015126402,-3.0042796404137846,12.295115927073635,1.3636559654353633,-4.895298766828475,-12.276127711139551,25.31549690317059,49.49149705691254,-0.118591,0.255221,-0.337792,0.58742,-0.0253179,0.12025,0.799898
15.435879230499268,11.624699228172638,-12.742163111010637,10.775994176753354,-2.5866231807289464,-1.0328633508414717,1.1930993503171852,0.0334132,0.346567,0.257141,0.360645,0.717722,0.395419,-0.445482,-0.0956666,0.348828,-0.241192,0.601137,0.361706,0.527937,-0.478629,34.61792026037388,-3.4150205793405104,12.998974071980982,-0.32986849039065547,-4.040953919764476,-10.598786583927115,24.126299772008533,48.09788689245285,-0.11747,0.255306,-0.338104,0.581053,-0.0220901,0.121695,0.804413
15.461896657943726,11.671153643676798,-13.133909664875754,11.173374577497752,-2.581342325337354,-0.9719511406098285,1.1826695112995216,0.0334834,0.346438,0.257139,0.362704,0.717614,0.394132,-0.445125,-0.0957427,0.349158,-0.241289,0.5995,0.362812,0.534709,-0.472285,33.45965350103756,-3.3540768141104045,12.299397834334783,1.632304142987639,-5.010518551004388,-12.644723523728338,26.319021569562764,50.37320827974048,-0.118214,0.25441,-0.337987,0.584676,-0.0223997,0.117679,0.802374
15.487160682678223,11.667477770186348,-13.280120716914656,11.235597779917262,-2.5785356115040794,-0.9591763240005903,1.1642186927983589,0.0334824,0.346485,0.25714,0.362107,0.717722,0.394142,-0.445428,-0.0958613,0.349045,-0.241398,0.597174,0.365283,0.532355,-0.475973,33.55527892554452,-3.4230574183458424,12.891195154552932,1.8613775368046817,-3.78033961415467,-12.523879950205384,26.381870362208865,49.62114895390566,-0.118409,0.254284,-0.338085,0.587281,-0.0208996,0.116026,0.800751
15.509662866592407,11.508731513688911,-13.19852343384672,11.005684460887599,-2.5756030426338876,-0.953021277880085,1.170348182987068,0.0334926,0.346393,0.257116,0.363464,0.71709,0.394404,-0.445108,-0.0958247,0.349029,-0.241357,0.59819,0.366406,0.530477,-0.47593,33.56721305507739,-3.2396962587133107,13.13888762747311,0.4534879894170736,-2.7698212484324074,-12.416127141948998,25.771560011029123,47.98878792989863,-0.118637,0.254202,-0.338071,0.588729,-0.0210654,0.116186,0.79966
15.535971403121948,11.469105893286173,-13.06455495402629,10.871590916964065,-2.5649983103843548,-0.9772300125132635,1.1364619613322586,0.033506,0.34642,0.25713,0.363127,0.717349,0.394386,-0.444982,-0.096318,0.349105,-0.241231,0.595877,0.362782,0.533576,-0.478138,33.50959295212855,-3.8908201238885183,12.95186889805904,0.8786987770186805,-4.079138245937457,-11.381000793339723,25.8012871619818,49.756686937868345,-0.118815,0.254286,-0.337971,0.5886,-0.0221226,0.116209,0.799723
15.559515714645386,11.32638310197212,-12.915907439485478,10.886898052397845,-2.5781774001155098,-0.9606972524875937,1.129512018724981,0.0335362,0.346437,0.257162,0.362945,0.717631,0.394473,-0.444599,-0.0962672,0.348897,-0.241159,0.595951,0.364392,0.529147,-0.48173,33.91997551084959,-3.893940130839006,13.538055793950392,-0.3162320230062008,-2.0682547238339026,-10.362043282522933,24.430577011387285,47.39934766270695,-0.119528,0.254631,-0.33763,0.591542,-0.0273613,0.11737,0.797216
15.584790706634521,11.519003352269777,-12.760968103485938,10.962782635682062,-2.570250012908933,-0.9884067398953167,1.1613665707349539,0.0335057,0.346429,0.257158,0.363143,0.716939,0.395233,-0.444879,-0.0965447,0.349199,-0.241157,0.599764,0.35971,0.533647,-0.475513,33.842431820837696,-3.704098892398551,12.525907758794368,-0.43955832272580153,-4.8750030972636225,-11.111912255944347,24.855850086094986,49.19411263883202,-0.118979,0.254797,-0.337595,0.584617,-0.0283863,0.119546,0.801951
15.608858346939087,11.518897401982933,-12.957757776304671,10.997009792743963,-2.5789606146846347,-0.9864765348889141,1.1696458367560278,0.0335067,0.346414,0.257155,0.363071,0.71698,0.395171,-0.444925,-0.0965662,0.349142,-0.241175,0.599485,0.359606,0.533691,-0.475894,33.84577724715363,-3.7495542150170995,12.541487703094457,-0.37228344499302324,-4.915419256904059,-11.055988196311482,24.896183268721828,49.30454806196034,-0.119046,0.254743,-0.337587,0.584896,-0.0284445,0.119583,0.80174
15.631294250488281,11.600274360153536,-12.983481560228233,11.087359179821767,-2.5797155994055188,-0.9827633723028094,1.1733743860925268,0.0335229,0.346401,0.25714,0.363021,0.717332,0.394517,-0.44498,-0.0965972,0.349156,-0.241203,0.600527,0.359126,0.532077,-0.476749,34.060921770727596,-3.742380417292456,12.536146418522605,-1.3739013810547327,-4.510410560167884,-10.514196607929975,24.010774188386154,48.31869068415412,-0.11903,0.254726,-0.337596,0.584841,-0.0284316,0.119598,0.801779
15.65728759765625,11.67287401429883,-12.908298938563302,11.206390108589508,-2.5706075769952004,-0.9738851201776509,1.165307507498402,0.0335109,0.346395,0.257141,0.363103,0.717295,0.394515,-0.444974,-0.0966125,0.349148,-0.241205,0.600519,0.359049,0.532137,-0.47675,34.05126268029813,-3.750647994650397,12.533006111073686,-1.418651332748464,-4.541811212343539,-10.507630616820329,23.99689333829508,48.32842913874439,-0.119057,0.254706,-0.337603,0.58491,-0.0284651,0.119521,0.801739
15.683096647262573,11.852318928155995,-12.884022260879721,11.029201550467324,-2.5538405094381496,-0.9865392339578337,1.1843636960109671,0.0335243,0.346371,0.257171,0.362688,0.71745,0.394588,-0.444999,-0.0966228,0.349115,-0.241209,0.600867,0.358713,0.532305,-0.476377,34.11173071582089,-3.7335494549046446,12.447176683432104,-1.224462763162503,-4.69594124428334,-10.549924473043902,24.11554133851454,48.51434012531563,-0.118296,0.254512,-0.338078,0.583923,-0.0212835,0.121626,0.802364
15.706571578979492,11.95845110762798,-12.862306499500793,11.083853468531185,-2.5489351285438056,-0.9898767324071065,1.182118691343392,0.0335351,0.346414,0.257146,0.363253,0.717308,0.394418,-0.444918,-0.0966091,0.349116,-0.241212,0.600627,0.358936,0.532141,-0.476695,34.04265200048578,-3.759542878552206,12.515156686678647,-1.5043256120614252,-4.477469712927629,-10.474232565684247,23.944376350864154,48.24319187715048,-0.118177,0.254467,-0.338122,0.583185,-0.0206121,0.121474,0.802941
15.731359958648682,11.999106812582296,-13.055676032846963,11.30428414782584,-2.5601484369578373,-0.971007906501875,1.1598564467598749,0.0336409,0.346358,0.257199,0.361024,0.718772,0.393527,-0.445157,-0.0965328,0.34911,-0.241208,0.600486,0.359036,0.532126,-0.476815,34.2341547741294,-3.788095314077579,12.294472873673055,-0.2372868656970617,-4.451619456327819,-10.401911834724217,24.517254313362553,48.84982712059887,-0.11861,0.254107,-0.338007,0.583919,-0.0219022,0.116855,0.803059
15.755682706832886,11.865609726637445,-13.144971914300749,11.225785895917099,-2.568042642144609,-0.967887806206601,1.1643348131933227,0.0335798,0.346346,0.257199,0.361942,0.717766,0.394605,-0.44508,-0.0964396,0.349055,-0.241185,0.601182,0.358887,0.531087,-0.477207,34.32137522798108,-3.7069816931863406,12.526358516593493,-1.2440615560993997,-4.494969001404002,-10.301451618862785,23.87144510099094,48.2369993344263,-0.118617,0.254084,-0.337999,0.584262,-0.022006,0.11682,0.802812
15.781060934066772,11.955535412205334,-13.039416836395118,11.00448530761614,-2.5475235412098343,-0.9958412113070146,1.1605096319988286,0.0336388,0.346349,0.257235,0.361572,0.718198,0.393952,-0.445264,-0.0962805,0.348926,-0.2411,0.600024,0.361782,0.528898,-0.478908,34.32966622688719,-3.6060245669828728,12.892058377906785,-0.914322009070581,-3.131019947746651,-10.35831626377989,23.912462053589866,47.38276790801711,-0.118261,0.254133,-0.338067,0.581736,-0.021539,0.116599,0.804689
15.80661416053772,11.994268373135792,-12.676429023888861,11.17392020828422,-2.532975670188834,-0.9725818285479269,1.170975069248832,0.033596,0.346365,0.257208,0.361754,0.718166,0.394424,-0.444747,-0.0962593,0.349152,-0.241274,0.603305,0.35952,0.533519,-0.471303,34.040096639562535,-3.3100636108690034,11.920218513232783,0.13229677754292624,-4.8072376796674305,-11.698781715528469,25.14953824098597,49.02158871832213,-0.118166,0.254663,-0.337879,0.579719,-0.0252246,0.118996,0.805686
15.831669569015503,12.413096465425935,-12.763992770026247,11.356394454462542,-2.5254260551938654,-1.0189354884652613,1.1758847705541207,0.0335571,0.346309,0.257182,0.361902,0.717959,0.394182,-0.445177,-0.0965361,0.34888,-0.241201,0.602568,0.35616,0.534399,-0.473793,34.16480512733927,-3.7253604528057953,11.832036635554985,-0.5451970719403008,-6.05873935706888,-10.687137769210636,24.66697658313387,49.771885528683164,-0.117863,0.254731,-0.338072,0.572948,-0.0221629,0.117128,0.810877
15.857474565505981,12.482901217228946,-12.715940065051997,11.530485397528123,-2.5218610969175916,-1.00990193195592,1.175504523178958,0.033558,0.346451,0.257143,0.363109,0.717542,0.39453,-0.444557,-0.0965219,0.348897,-0.241212,0.602956,0.356313,0.533961,-0.473678,34.10799691812508,-3.728951264865573,11.958310006150786,-1.2324495686939194,-5.413619656360119,-10.474376716305777,24.12373047055946,48.92616097954322,-0.117803,0.254762,-0.338103,0.57275,-0.0220999,0.117187,0.811009
15.88477897644043,12.24881494518044,-12.987859955275075,11.757957158643094,-2.5406020455762035,-0.9464330487910867,1.174396404688099,0.033542,0.346352,0.257149,0.361962,0.718245,0.393253,-0.445487,-0.09652,0.348819,-0.241253,0.604059,0.356246,0.532286,-0.474208,34.36568560896661,-3.582802176268953,11.818028075199972,-1.568548708258124,-5.54092452802761,-10.416514894886873,23.79544443040236,48.605134014658994,-0.11809,0.254152,-0.33821,0.58121,-0.0211194,0.118033,0.804871
15.911959409713745,12.362502928239708,-12.944664236142875,11.570414472636145,-2.523017727975755,-0.968574718199287,1.1687762318806054,0.0334722,0.346448,0.257137,0.362774,0.717491,0.394584,-0.444866,-0.0965364,0.348792,-0.241269,0.603978,0.356229,0.532185,-0.474437,34.36241757614911,-3.6214952975187913,12.04915597161732,-1.872075244335182,-5.273323550333089,-10.293302606015338,23.572073056441415,48.303950556059604,-0.117968,0.253821,-0.338327,0.576879,-0.0174152,0.114403,0.808591
15.937085628509521,12.069912576793698,-12.909068512668336,11.833996801516053,-2.537263014590998,-0.9184966263414167,1.1514636829700369,0.0335283,0.346344,0.257125,0.362458,0.717913,0.393357,-0.445528,-0.0964298,0.348727,-0.241297,0.60425,0.356467,0.531888,-0.474245,34.34498472738401,-3.532025793090992,11.89199469952252,-1.882994963599085,-5.502019858029257,-10.502314923073854,23.655519081558694,48.39038950545133,-0.118361,0.253936,-0.338044,0.582345,-0.0239531,0.11648,0.804197
15.96410322189331,12.145023115416079,-12.890419374728495,11.981636115307179,-2.556830375030339,-0.9138630229620889,1.165466392428908,0.0334867,0.346436,0.257132,0.36279,0.717138,0.395146,-0.444924,-0.0961954,0.348436,-0.241339,0.603543,0.359088,0.528445,-0.477009,34.57504923796958,-3.4483802954548617,12.698591662408461,-2.2625730713353427,-3.8069315302873434,-10.24484319116032,23.08786168801863,46.880163578961366,-0.118293,0.253936,-0.338051,0.582674,-0.023754,0.1185,0.80367
15.990184545516968,12.092351468785798,-13.133098671211897,12.106626749498245,-2.5706674055141554,-0.9082134889311145,1.1640985038590552,0.0334969,0.346419,0.257112,0.363619,0.717008,0.394767,-0.444791,-0.0961258,0.348399,-0.2414,0.602972,0.359345,0.529281,-0.476611,34.348192184142896,-3.4937556077092187,12.668588533165845,-2.209859728586121,-3.836419626061833,-10.458881366495952,23.33073488366923,47.074503663479305,-0.118418,0.253729,-0.338101,0.583377,-0.0245808,0.116316,0.803453
16.017374277114868,12.166082143904639,-13.195824237598002,12.08895334641448,-2.568225138598594,-0.904820232478274,1.168252210205964,0.0334717,0.346449,0.257122,0.362838,0.717214,0.394921,-0.44496,-0.0960668,0.34836,-0.241404,0.602875,0.35876,0.530576,-0.475733,34.3324074654603,-3.5063693947468644,12.474795895595225,-1.2451719990539871,-4.5793578962031845,-10.746597302751944,24.010236559344257,48.161639640436654,-0.11827,0.253556,-0.338012,0.583816,-0.0248129,0.117486,0.802957
16.04249882698059,12.303298482281729,-13.081879679562363,11.843417743246139,-2.557776753017011,-0.9571326999222168,1.1772768593697327,0.0334703,0.346456,0.257119,0.36293,0.717114,0.395047,-0.444935,-0.0959054,0.348372,-0.241441,0.60315,0.358299,0.529694,-0.476714,34.47034513269978,-3.551797224772473,12.570155429873438,-1.8294974721210515,-4.647819840882875,-10.392471720799456,23.520816108598932,47.864983269813024,-0.11744,0.253817,-0.338243,0.578911,-0.0233703,0.118047,0.806462
16.07034397125244,12.736299028733583,-12.728580739983958,11.420251284244562,-2.510186498923587,-1.0481518480439158,1.1911388162576744,0.0335316,0.346348,0.257137,0.362257,0.717998,0.393499,-0.445429,-0.0959014,0.348508,-0.241478,0.604574,0.356997,0.531498,-0.47387,34.38146644487501,-3.4480458067405646,11.914928824065502,-1.4134309667463931,-5.6405238598058105,-10.84661359979004,24.050064267051393,48.71767548514078,-0.116405,0.254108,-0.338524,0.566546,-0.0190487,0.115583,0.815661
16.095963954925537,12.37641414885636,-12.927555583804324,11.323559655202848,-2.543512095786997,-0.9619522451875329,1.2313661835155936,0.0335331,0.346416,0.257106,0.363802,0.716908,0.394605,-0.444948,-0.0953452,0.348396,-0.241581,0.613014,0.353885,0.531135,-0.465698,34.66230681024433,-2.662159646644933,11.092127476154253,-3.4918670175945863,-6.663995407206656,-11.60436433697594,22.987615000530695,47.51393091008008,-0.117026,0.2537,-0.338557,0.576198,-0.0176346,0.114779,0.809018
16.122950315475464,12.256939968190556,-12.866574725930446,11.504231814663724,-2.5386938144361424,-0.9843348710038314,1.1663896110296537,0.0335341,0.346359,0.257127,0.363433,0.717215,0.394315,-0.445011,-0.09596,0.34852,-0.241515,0.604575,0.355236,0.53245,-0.474123,34.33274530712729,-3.6335393478828646,11.93451637001926,-2.21047283918994,-6.183952884713705,-10.489381854285206,23.685466006226598,48.87753104454632,-0.117407,0.253819,-0.338154,0.576128,-0.0237833,0.115543,0.808802
16.148012399673462,12.211727780763741,-13.01581170596073,11.535178652552315,-2.5474493006667047,-0.9843622012781429,1.1780088798980837,0.0335311,0.346406,0.257107,0.363622,0.717085,0.394388,-0.445001,-0.0957981,0.348437,-0.241533,0.604548,0.355844,0.531831,-0.474398,34.33710223346621,-3.5854934768949094,12.047724200809046,-2.2342933662179085,-5.960213095485507,-10.53985641498167,23.624600089956445,48.659141312555285,-0.117247,0.25388,-0.33822,0.575919,-0.0238828,0.115748,0.808919
16.17342734336853,12.200328316958513,-12.91743626249831,11.699958740171425,-2.56798990295456,-0.9372212500572096,1.2357386517198292,0.0335045,0.346388,0.257131,0.363144,0.717268,0.394505,-0.444993,-0.0952821,0.348285,-0.241656,0.613207,0.353949,0.531025,-0.465521,34.73717793885827,-2.6339008910427406,11.03129470489857,-3.047636411088739,-6.70564022596178,-11.73190392447652,23.252712182802743,47.74461020182166,-0.11731,0.253799,-0.338232,0.57607,-0.0238737,0.115821,0.808801
16.19929814338684,12.169985822635581,-12.766707788295683,11.894192697498188,-2.5584569727406032,-0.9613081700938283,1.1751016241587395,0.0335521,0.346387,0.257144,0.362162,0.717963,0.39345,-0.445607,-0.0955888,0.3482,-0.241601,0.603241,0.358927,0.528627,-0.477311,34.540759137743464,-3.484848052885064,12.469148783502302,-1.626694961013186,-4.654893036815253,-10.578775823317486,23.70785705914953,47.93978485850138,-0.117478,0.253903,-0.338061,0.576525,-0.0266324,0.117296,0.808178
16.223965406417847,11.920496405659222,-13.159843152272197,11.897747613454412,-2.5787210678495485,-0.9162521337210524,1.1644665213294039,0.0334824,0.346417,0.25712,0.363585,0.71711,0.39429,-0.445077,-0.0955792,0.348162,-0.241599,0.603084,0.358789,0.528759,-0.477466,34.429709025068945,-3.544139755698317,12.655888368928018,-2.2845146858988734,-4.508987128057342,-10.439286088301984,23.354222587667746,47.56984122885115,-0.117939,0.253257,-0.338087,0.584518,-0.02642,0.115826,0.802636
16.24772310256958,12.187094911719507,-12.863420428628281,11.947666790645318,-2.5855782834400616,-0.9394491236243231,1.223839395809683,0.0335047,0.346411,0.257151,0.362916,0.717536,0.393826,-0.445348,-0.0950945,0.347949,-0.241708,0.611417,0.356536,0.527154,-0.470277,34.94433087230374,-2.703419801055385,11.707317620641309,-3.471635292925626,-5.168890033388841,-11.152403100875816,22.61324214455422,46.4180606443898,-0.116979,0.253589,-0.337978,0.576192,-0.0290842,0.118239,0.808193
16.27174401283264,12.127428382559772,-12.915184636930658,11.66854186368091,-2.578048396577091,-0.953412702297119,1.2169628714302705,0.0334468,0.346395,0.257159,0.363127,0.717586,0.393657,-0.445244,-0.0950881,0.347863,-0.24169,0.611302,0.356376,0.527044,-0.470671,34.94167448761298,-2.7611947539239434,11.726328002576349,-3.598021764666914,-5.105410198622494,-10.965479430931623,22.469936281021255,46.33267219323005,-0.116937,0.253233,-0.338282,0.576998,-0.02557,0.115815,0.808088
16.297881603240967,12.032442169884598,-12.907330778189847,11.635411880993976,-2.556889077393194,-0.9778875989365345,1.1581551033059194,0.0333747,0.34641,0.257172,0.362245,0.71709,0.395184,-0.44541,-0.095687,0.348076,-0.241641,0.603065,0.358409,0.528892,-0.477628,34.61902182492026,-3.5152044829717854,12.661669264709946,-1.5116254218981382,-5.096731763738362,-10.672885657089381,23.87361243679667,48.39959115796838,-0.117077,0.253095,-0.338178,0.577851,-0.0269344,0.115807,0.807435
16.322953462600708,11.927795440833716,-12.798028435483495,11.523004381891132,-2.564177672139699,-0.9605680468132364,1.1568265004699376,0.0334148,0.346434,0.257203,0.361922,0.717886,0.394267,-0.445203,-0.0955017,0.34788,-0.241649,0.603796,0.358475,0.527934,-0.477715,34.735976862070224,-3.507969382339091,12.56752429873658,-1.5173226873180994,-4.533958842400509,-10.37080514086685,23.618795378611274,47.879231520773736,-0.117362,0.252737,-0.337947,0.58038,-0.0273934,0.116247,0.80554
16.347357749938965,11.9569762636607,-12.981462843999129,11.572463607574003,-2.5725829893059737,-0.9721826599571801,1.1667547890336365,0.0334774,0.346341,0.257155,0.363737,0.71758,0.393364,-0.445016,-0.0954914,0.34784,-0.241652,0.603596,0.358306,0.528005,-0.478016,34.50819688055968,-3.602105699929855,12.582250771367224,-2.6673844635685917,-4.247246516846957,-10.093660795069589,22.992611222240935,47.16023260679131,-0.117,0.25306,-0.338247,0.579461,-0.0267999,0.116883,0.80613
16.373361110687256,11.863283873695348,-12.86198597831804,11.474996375932768,-2.5746072456685587,-0.9640050026571284,1.16211474310558,0.0335413,0.346404,0.257272,0.366474,0.716084,0.395274,-0.443485,-0.0954338,0.347808,-0.241692,0.604821,0.359477,0.525366,-0.478495,34.55784897072835,-3.4975486287009283,13.184425251449532,-4.957367475748029,-2.296462056072869,-9.704375821010451,21.758464298177522,44.501580881217485,-0.117245,0.252878,-0.33807,0.580732,-0.0282349,0.116488,0.805223
16.397443532943726,11.7526338630693,-12.883606106174986,11.49953448242439,-2.586286267299419,-0.9255779384114399,1.2007846870236605,0.0335296,0.34644,0.257262,0.366515,0.715929,0.395469,-0.443528,-0.0949327,0.347533,-0.241749,0.61075,0.356619,0.527963,-0.470172,34.569313091227635,-2.9082351200625585,12.099363680551175,-4.510302332057556,-4.21472335264226,-10.98088877457485,22.310947812088937,45.562583983433235,-0.117371,0.252747,-0.338036,0.581834,-0.0288501,0.116498,0.804404
16.423654079437256,11.653169617971098,-13.021752046836742,11.615024603886914,-2.601664378021421,-0.8872169859191184,1.192539459600542,0.0335456,0.346465,0.257286,0.3668,0.715635,0.395875,-0.443404,-0.0949004,0.347464,-0.241773,0.610784,0.356746,0.528066,-0.469916,34.5377222229416,-2.8827996535152476,12.14941921847391,-4.488050049533264,-4.1797238528461165,-11.138298018105274,22.42658421117626,45.577403382068475,-0.117634,0.25249,-0.338163,0.586788,-0.0271979,0.115478,0.801003
16.450085401535034,11.69010139823699,-12.975276860440172,11.961923739648373,-2.593455988716536,-0.9039299396852299,1.1556224215312365,0.0335548,0.346416,0.257252,0.366733,0.71585,0.39546,-0.443484,-0.0953471,0.347451,-0.241822,0.603951,0.357847,0.529367,-0.476402,34.19817957023066,-3.654868233069344,12.787948643541085,-3.356244037438646,-3.855223283323255,-10.45625808462907,23.089487415510636,46.825145406765444,-0.117443,0.252739,-0.33803,0.585318,-0.029745,0.118385,0.801563
16.475274085998535,11.91759215829818,-13.053895303710853,11.844321801704204,-2.583614380425423,-0.9290236406703374,1.1764847864313,0.033627,0.346434,0.257268,0.366296,0.716196,0.39577,-0.443008,-0.0953172,0.347425,-0.241849,0.603981,0.35789,0.529427,-0.476266,34.2623379231288,-3.696858463867035,12.787394003350734,-2.966149029109772,-3.462083342922945,-10.330473170818635,23.185447420458182,46.75427502593968,-0.116901,0.252261,-0.33822,0.582043,-0.026181,0.11944,0.803912
16.502370595932007,11.815363841763626,-12.873669081568444,11.801805939241385,-2.591826845851223,-0.902080528544753,1.1943650961708125,0.0336393,0.346395,0.257233,0.363765,0.717601,0.394327,-0.444105,-0.0947792,0.347237,-0.241942,0.610414,0.357306,0.526641,-0.471568,34.895251020250576,-2.910002227057297,12.01973008228326,-3.095628411664155,-3.8889238008820115,-10.921157770832764,22.831815049438905,45.971429718597854,-0.117237,0.252204,-0.338056,0.581996,-0.029798,0.117534,0.804101
16.528753995895386,11.623677382386795,-13.029917678431282,11.723649836206869,-2.5783603595890856,-0.8932993702952651,1.1394070139899766,0.0335668,0.346471,0.25729,0.363258,0.717099,0.395908,-0.443926,-0.0952945,0.347394,-0.241881,0.604054,0.357859,0.529483,-0.476134,34.5711666747116,-3.58331838779751,12.602477598627235,-1.1569685325835302,-4.320290662477184,-10.750052064703496,24.18075954845999,48.191425102596455,-0.117456,0.252065,-0.338192,0.588094,-0.0270069,0.116425,0.799913
16.55470085144043,11.928118721901187,-12.881617484783144,11.65408778393915,-2.577979456527602,-0.9181275254486071,1.1897461431028864,0.0335284,0.346406,0.25725,0.36227,0.717302,0.395395,-0.444861,-0.0948786,0.347131,-0.242007,0.610903,0.355839,0.527917,-0.470617,35.0591183841593,-2.835049104136556,11.810145645839771,-2.0867620193851053,-5.488732129433195,-11.50556260698285,23.658136267192525,47.64350176185393,-0.11662,0.25201,-0.33833,0.581616,-0.025818,0.116737,0.804629
16.581366300582886,11.708105868750494,-12.996124697727062,12.14479955328036,-2.6032111441876116,-0.8400917454292832,1.1852606901232423,0.0335065,0.346396,0.257222,0.362924,0.717114,0.395214,-0.444791,-0.0948277,0.347052,-0.242109,0.612689,0.35455,0.52847,-0.468643,35.041973344976746,-2.728723589683028,11.514483069970968,-2.635084877509687,-5.967698196899484,-11.6797991726311,23.4818961452121,47.60250842709977,-0.117705,0.25201,-0.337988,0.588629,-0.031752,0.117651,0.799166
16.607251167297363,11.512492557706334,-13.225813889353372,12.221548615062813,-2.6081871532803507,-0.8269675779182779,1.122223762640438,0.0334565,0.346446,0.257207,0.363248,0.716651,0.395821,-0.444734,-0.0951895,0.34711,-0.242061,0.603895,0.358172,0.527877,-0.47788,34.702112802713266,-3.5227129988688164,12.824787324214423,-1.6051892742361638,-4.620280260840275,-10.830628500444682,23.976111843595625,48.13792436333917,-0.118517,0.251891,-0.337907,0.595553,-0.0332159,0.1169,0.79407
16.633166790008545,11.650859655398005,-13.201776619285601,12.135587769008271,-2.5991702347089776,-0.8480263566445347,1.1285416695843828,0.0334364,0.346428,0.257208,0.362234,0.717232,0.395024,-0.445332,-0.0952709,0.347108,-0.242104,0.604929,0.356103,0.52949,-0.476332,34.75848807003437,-3.5258557338901375,12.302039472830224,-1.0945327402074163,-5.952052469699048,-11.01092631485897,24.470459284912305,49.33466196134534,-0.118156,0.251848,-0.337953,0.592463,-0.0327968,0.117041,0.796375
16.659055709838867,11.675247915470525,-13.141291801594457,11.986389763683954,-2.5917267228129712,-0.8634350784966902,1.1356008749752406,0.0334274,0.346456,0.257233,0.362791,0.716868,0.39561,-0.444944,-0.0952508,0.34709,-0.242127,0.604816,0.357333,0.528712,-0.476419,34.721929933978835,-3.4492276159731,12.538473276729917,-1.2830093140985674,-5.191597086412095,-11.150952389176666,24.34498126471115,48.67998660257491,-0.118012,0.251811,-0.337966,0.591027,-0.0322727,0.117338,0.797419
16.684715032577515,12.157765125201024,-12.769119348516808,11.84798026552962,-2.5633625067429855,-0.9508538626611894,1.160834103443201,0.0334484,0.346424,0.257263,0.362332,0.71728,0.395388,-0.444852,-0.0952981,0.347056,-0.242113,0.604963,0.35675,0.529099,-0.476238,34.769727967546075,-3.507468462543295,12.406969327143955,-1.0359712252320925,-5.2784563292444275,-11.012408031482167,24.434730710214577,48.886515318877365,-0.116892,0.252011,-0.337995,0.579207,-0.0318949,0.120106,0.805653
16.70785355567932,12.12680712913179,-12.862695713313538,11.755809104508453,-2.562373317146943,-0.9513881538381144,1.1576813205893643,0.0333954,0.346472,0.257246,0.363439,0.716729,0.395739,-0.444524,-0.0953813,0.346953,-0.242109,0.605334,0.355983,0.529376,-0.476033,34.707931987172245,-3.5583330153224684,12.423204973822497,-1.6592211290507493,-5.2977519770756345,-10.832460393070114,24.06841160081042,48.60572584991269,-0.11682,0.251957,-0.338163,0.579819,-0.0297717,0.11867,0.805507
16.733022212982178,12.065018673922648,-12.77400654453973,11.924624959215866,-2.562330149084698,-0.921902999928776,1.143198251958887,0.0335036,0.346421,0.25728,0.361711,0.717873,0.395061,-0.444691,-0.09537,0.346998,-0.242124,0.605258,0.356119,0.529158,-0.476271,34.87631428865186,-3.5769475158252035,12.276829823728036,-0.8344294720108856,-5.14319946608601,-10.741904816014298,24.386105568918005,48.8890826891004,-0.117052,0.251885,-0.338095,0.582145,-0.0305622,0.118635,0.803802
16.758840560913086,12.244656918485147,-12.915656300425027,11.920387287873043,-2.5430753651425495,-0.9391530523946299,1.1554851425834354,0.0334162,0.346448,0.257258,0.363513,0.716616,0.396235,-0.444205,-0.0954876,0.346828,-0.242115,0.605495,0.355296,0.529872,-0.47579,34.73016314380677,-3.620418638940297,12.392478549980279,-1.6056059849160924,-5.3109754280473,-10.716418531719007,24.08122488119714,48.69131598774518,-0.116971,0.251364,-0.338325,0.580903,-0.0262776,0.116939,0.8051
16.784069299697876,12.323009006597292,-13.007835429031763,11.961297904105056,-2.5550973055587436,-0.9334384777846761,1.1644267359099751,0.0334508,0.346448,0.257261,0.363008,0.717096,0.395669,-0.444347,-0.0955125,0.34685,-0.242154,0.606671,0.356681,0.526656,-0.476825,35.03035440931581,-3.419434621299263,12.587228286735062,-2.4937101334074043,-4.0009649845919455,-10.427253489578376,23.211833148742137,46.974364049275266,-0.117007,0.251348,-0.338291,0.581665,-0.0267244,0.116919,0.804538
16.81051731109619,12.349685249613376,-13.032632970359057,12.155392652867771,-2.5807957233900254,-0.8994386948047075,1.2270656935930075,0.0334535,0.346535,0.257283,0.365347,0.71615,0.3967,-0.443036,-0.0950919,0.346643,-0.242263,0.614696,0.35527,0.52426,-0.470195,35.34584275366555,-2.6750567403277943,12.149783920804428,-5.27782811523187,-3.102947603012879,-10.61259647777132,21.618855772215156,44.00145961743919,-0.116765,0.251406,-0.338366,0.579487,-0.0260874,0.117536,0.806039
16.833775520324707,12.377922014085911,-13.115546118667782,12.239277745161512,-2.5599085088886264,-0.9279589588046422,1.176520000902646,0.0334102,0.346462,0.257236,0.363506,0.717088,0.395517,-0.444088,-0.0955737,0.346771,-0.242184,0.606699,0.357196,0.525606,-0.477561,35.056053099886924,-3.4298343151006905,12.73880222091113,-3.0096983251100156,-3.2797803684442215,-10.158979415451327,22.796183442121137,46.15956669982218,-0.11676,0.251402,-0.33837,0.579538,-0.0260665,0.117553,0.806001
16.85793709754944,12.414125818061594,-13.019164179141086,12.353659468202384,-2.5494236498815925,-0.9201122323330982,1.1640615668422516,0.0335227,0.346511,0.257291,0.364397,0.716505,0.396536,-0.443391,-0.0955411,0.346794,-0.242182,0.605353,0.357536,0.52728,-0.477171,34.78430308684554,-3.560206654550146,12.868087987129993,-2.492514632914343,-3.1778843304653464,-10.432665968151717,23.35998008405841,46.65687073879962,-0.116806,0.251362,-0.338371,0.58029,-0.0260732,0.117477,0.805471
16.88003706932068,12.480496261314292,-13.115959814551358,12.367005116490157,-2.580823660843465,-0.8870161755829955,1.2310733673882075,0.0335538,0.346517,0.257308,0.36101,0.717629,0.39514,-0.445584,-0.0950857,0.346636,-0.242263,0.614655,0.355361,0.524049,-0.470415,35.69095330674487,-2.4271516871721417,11.738848756542676,-3.123346117574844,-4.753532043073406,-11.530867557369014,22.87981978098673,46.08370761406555,-0.116808,0.251392,-0.338356,0.579893,-0.0260096,0.117681,0.805729
16.906750202178955,12.131924792289274,-13.342870842330818,12.255638339214114,-2.56806712859424,-0.8795728523116942,1.173851452951951,0.033584,0.346028,0.257136,0.355456,0.720892,0.389548,-0.449687,-0.0955379,0.346853,-0.242163,0.606153,0.357897,0.525451,-0.477901,35.47022044387404,-2.9667765468628096,11.645617246109055,0.6783456861787158,-6.622021635599694,-11.779902703263481,24.407147530035935,50.088753708208934,-0.117602,0.251233,-0.338187,0.585759,-0.0271832,0.11756,0.801453
16.932976961135864,12.354967771980606,-13.19056520337266,12.149722461130327,-2.5593840166727646,-0.8887121248484635,1.2239096341044604,0.0335362,0.346003,0.257134,0.356193,0.720856,0.389195,-0.449467,-0.0950811,0.346691,-0.242192,0.612908,0.355888,0.526242,-0.469847,35.5208250626397,-2.274665395833436,10.679635540989121,-0.03133145638621215,-7.516258983476362,-12.79757136841527,24.313025882002734,49.58856534549745,-0.117154,0.251286,-0.338317,0.581822,-0.0261473,0.116927,0.804443
16.96037268638611,12.247984486159888,-13.14778400020817,12.377233962168479,-2.5766161398883614,-0.8400668840604829,1.2198707221772045,0.0335468,0.346009,0.257117,0.355868,0.720586,0.389824,-0.449613,-0.095103,0.346694,-0.242231,0.614668,0.355023,0.524232,-0.47045,35.90014109751394,-2.1537113055938235,10.770824541347466,-1.1584017447184927,-7.403242477698321,-12.398867531727944,23.627159872633364,48.67105689652436,-0.11782,0.251221,-0.338174,0.586749,-0.0273385,0.117174,0.80078
16.986451148986816,12.279821602200272,-13.298709037420654,12.595779129147259,-2.5792224582025227,-0.8285552301433857,1.2279417580302197,0.0335653,0.345998,0.257115,0.355918,0.720644,0.389758,-0.449536,-0.0951044,0.346695,-0.242234,0.614528,0.355129,0.524288,-0.47049,35.87757703957501,-2.1716397918354833,10.77710824485074,-1.129051982669779,-7.296849178071035,-12.372114195678272,23.636689824769977,48.62832826923221,-0.1177,0.251262,-0.338206,0.585927,-0.0270287,0.117288,0.801375
17.012977838516235,12.443789993646657,-13.132325578626494,12.691361931056559,-2.5767454477445213,-0.8584941262150417,1.2268188541548632,0.0335752,0.346023,0.257121,0.35591,0.720866,0.389359,-0.449532,-0.0950653,0.346774,-0.242253,0.614596,0.354818,0.524854,-0.470004,35.82120332388829,-2.1944204549512616,10.641194192929,-1.0156961995282288,-7.510322462955969,-12.42747412173793,23.72971777940238,48.870844065520046,-0.116916,0.25141,-0.33835,0.580802,-0.026223,0.116976,0.80517
17.041189432144165,12.501950403720873,-13.285616721632136,12.818913843192501,-2.5462974912552943,-0.8878443300238688,1.1658863768912788,0.0335778,0.346061,0.257139,0.35506,0.721086,0.389513,-0.449718,-0.0953358,0.347043,-0.242129,0.60468,0.356786,0.52893,-0.476759,35.18609155092624,-3.180291757208977,11.329605004976216,2.153284243757927,-8.163077652675632,-12.122060965040603,25.26540926172071,52.28779797068355,-0.116807,0.251559,-0.338287,0.580118,-0.0271316,0.116609,0.805686
17.068539142608643,11.840072876994046,-13.568356882627143,13.355201449459107,-2.598751984437387,-0.7166465334518287,1.1850834659660305,0.0335093,0.346001,0.257141,0.35608,0.720998,0.388991,-0.449505,-0.0949157,0.34683,-0.24221,0.612899,0.354444,0.527951,-0.469033,35.44386120532288,-2.38782267534559,10.404599815797255,0.26393395796607066,-8.625832033769456,-12.855382786968399,24.523129482453747,50.659549814660394,-0.118683,0.251715,-0.337932,0.595966,-0.033394,0.116587,0.793799
17.09395933151245,11.767780718729126,-13.559166041355992,13.759053255178776,-2.5794127676771437,-0.7149959967033098,1.1218325575417116,0.0335866,0.346054,0.257155,0.35521,0.721155,0.389228,-0.449736,-0.0952526,0.347136,-0.242133,0.605145,0.356335,0.529204,-0.476201,35.16800356269051,-3.1675658556225246,11.20509387149059,1.9389379729594864,-8.42797484231967,-12.13687800713403,25.234794639142812,52.33463124278744,-0.118772,0.251815,-0.337887,0.598398,-0.0341994,0.116737,0.791911
17.120696544647217,11.985410045253202,-13.435682926784708,13.669430400643972,-2.5962272742787365,-0.7084165485004257,1.202808628937985,0.0335449,0.345997,0.25717,0.355982,0.721081,0.388774,-0.449638,-0.0945848,0.346929,-0.242176,0.615094,0.35348,0.527726,-0.467136,35.563494254316936,-2.188993999226688,10.114762289340376,-0.2119615175914511,-9.191123328086647,-12.99532703409352,24.27951695369878,50.55457389893321,-0.118063,0.251951,-0.337946,0.593049,-0.0323227,0.118137,0.795797
17.146031141281128,11.535127933425207,-13.98316055236438,13.587733846978095,-2.585033446252812,-0.678748798957653,1.1138386921838188,0.0336102,0.346029,0.257191,0.355315,0.721121,0.389183,-0.449747,-0.0951216,0.347242,-0.242053,0.604969,0.356747,0.529194,-0.476128,35.119538767516616,-3.144526977963599,11.234669117727904,1.9340620414871736,-8.437102355206633,-12.191267145762495,25.25645413527183,52.319700184643644,-0.119198,0.25149,-0.338075,0.605326,-0.0307362,0.113771,0.787205
17.173290967941284,12.425762931154495,-13.086085621523267,13.18910918878939,-2.54297957202142,-0.8702738327434775,1.1626845329090854,0.0335614,0.346043,0.257165,0.355545,0.720975,0.389166,-0.449814,-0.0948414,0.347386,-0.242027,0.604573,0.358683,0.528532,-0.475911,35.00350597161974,-2.988068681420672,11.407863612838113,2.13894585555704,-8.08753658071064,-12.587471370903906,25.445768154096864,52.09404503755064,-0.116218,0.252603,-0.338166,0.578976,-0.030755,0.119595,0.805939
17.199095726013184,12.360906789403876,-13.424026902232914,12.851145582141541,-2.5419057399992613,-0.8756507614554329,1.1589068040237116,0.0335282,0.346038,0.257108,0.354848,0.720935,0.392051,-0.447918,-0.0948296,0.347385,-0.242027,0.604599,0.358538,0.528592,-0.475921,35.262886185454214,-3.137367817387201,11.69592555057455,2.8575434125971206,-7.102355019164435,-11.916120153636015,25.076560964195345,51.82435761565971,-0.116201,0.251956,-0.338586,0.583155,-0.0242314,0.115116,0.803798
17.22529101371765,12.13706738849153,-13.557636185924798,13.60022477165057,-2.57932401330012,-0.7781563371832916,1.1491116661800878,0.0335039,0.346064,0.257091,0.356303,0.720815,0.388928,-0.449676,-0.0947368,0.347439,-0.242024,0.605331,0.358236,0.528814,-0.47497,34.92775043253565,-2.9505198141558537,11.28810116772732,1.6820340083885057,-8.266444173467974,-12.53940715327606,25.289714540759206,51.88917772117666,-0.117533,0.252409,-0.338009,0.591977,-0.0329629,0.116972,0.796739
17.251572132110596,12.586635501526178,-13.482657841240732,13.640058633226266,-2.5643701440507463,-0.8399287796745659,1.1707675871934777,0.0334759,0.346008,0.257096,0.357154,0.721047,0.388071,-0.449369,-0.0944883,0.347301,-0.24194,0.605815,0.359576,0.525661,-0.476837,35.065922466189235,-2.90449744655987,11.606734273898354,0.3337931212491192,-6.8045148592736595,-11.806347848145023,24.383952040483287,49.9050647394739,-0.116072,0.252496,-0.338512,0.582913,-0.0271397,0.11604,0.803748
17.277132034301758,12.39580995068614,-13.436657524421143,13.701699733372037,-2.563161989346326,-0.8307834161221799,1.1546537579293266,0.0335738,0.346039,0.257108,0.355786,0.721351,0.388406,-0.449678,-0.0945272,0.347658,-0.242013,0.606571,0.358197,0.525559,-0.477026,35.35323378673691,-2.915437684713801,11.467093573019348,0.20983104558947474,-7.484338352498661,-11.637216745924874,24.15259341539102,50.27309312662285,-0.116142,0.252612,-0.338334,0.583838,-0.0292092,0.115224,0.803121
17.303761959075928,12.30166881874847,-13.35516785332687,13.579584124740213,-2.595040817410122,-0.8135831303128007,1.2162540940529012,0.0335426,0.346002,0.257145,0.355941,0.721183,0.388679,-0.449588,-0.093814,0.347409,-0.241915,0.613925,0.357238,0.522555,-0.471607,35.84711270980627,-2.105672554133216,10.980106089131464,-1.434748883551272,-7.432496316994602,-12.008486693188196,23.17044314574331,48.33958159544893,-0.115876,0.253085,-0.338333,0.582332,-0.0297846,0.117086,0.803923
17.33059072494507,12.229724168805127,-13.424483976643373,13.48459913239504,-2.550149638881225,-0.8359134299034797,1.153481072264733,0.0335537,0.34602,0.257137,0.355938,0.72128,0.388733,-0.449387,-0.0942427,0.347793,-0.241837,0.603332,0.360029,0.527821,-0.477257,34.91195325295874,-3.0973451555323637,11.642662120615157,1.9540991524484141,-7.715018958138053,-12.054003311916254,25.075360044093404,51.71610782473065,-0.115854,0.252773,-0.338508,0.584505,-0.0256455,0.116101,0.802631
17.358171701431274,12.300387392720333,-13.427960640339272,13.607563029466595,-2.59480823530873,-0.8000065448591036,1.220557952865686,0.0335292,0.346034,0.257122,0.355487,0.720865,0.389675,-0.449596,-0.0937504,0.347586,-0.241887,0.613614,0.358154,0.522324,-0.471573,35.88825286438469,-2.0138344128981167,11.153836063297184,-1.0450835337453306,-7.412235275071495,-12.261965383477971,23.28684515772294,48.47867129611503,-0.115787,0.252874,-0.338496,0.584364,-0.0258502,0.116148,0.80272
17.384709358215332,12.27237259651255,-13.569296510325545,13.615496263072261,-2.5828387970928737,-0.7970016188372151,1.2048723461908328,0.0335363,0.346031,0.257107,0.355879,0.721469,0.388439,-0.449387,-0.0936976,0.347771,-0.241863,0.611229,0.35866,0.525807,-0.470414,35.32921579437812,-2.244959901136956,10.872321544872712,0.46825520299168844,-7.93576419630503,-12.718873371415796,24.240182664094725,50.025158316763104,-0.115798,0.252864,-0.338542,0.583923,-0.0258684,0.113905,0.803362
17.409184217453003,12.245931530802679,-13.585890515421221,13.661262887576694,-2.556687843286628,-0.8413525186731031,1.1457385154040787,0.0335229,0.346019,0.257132,0.355625,0.720883,0.389583,-0.449538,-0.0941466,0.34813,-0.241728,0.604053,0.360469,0.526704,-0.477247,35.078056704064416,-2.932580769139551,11.788769159070938,1.464227210703374,-7.760458999663143,-12.057464206220622,24.73534927967829,51.26474807657999,-0.115603,0.25336,-0.338579,0.583343,-0.0276811,0.112629,0.803902
17.43677520751953,12.294284879781863,-13.284914335688596,13.6183345420166,-2.547130398932574,-0.8555330056013495,1.1544018338995372,0.033532,0.346015,0.257146,0.355872,0.720809,0.389359,-0.449654,-0.0941604,0.348263,-0.241714,0.603593,0.359895,0.526916,-0.478027,35.05591702206116,-3.047427344657442,11.79815125645614,1.0893933413979404,-8.06502887791995,-11.823509313819251,24.63525471363913,51.372951495754364,-0.115572,0.253988,-0.338293,0.580972,-0.0300842,0.11711,0.804892
17.464295625686646,11.994085786426343,-13.46732191560323,13.606493485694937,-2.5803465589919807,-0.7677575183561581,1.209819499302986,0.03351,0.346009,0.25714,0.355997,0.720891,0.388947,-0.44978,-0.0936443,0.348171,-0.241731,0.612393,0.35732,0.526548,-0.469089,35.362052180103696,-2.1402376279326267,10.680948561746856,-0.15570565773605338,-9.120241298749676,-12.8964367868603,24.133369810267087,50.42840930787646,-0.11639,0.25399,-0.338148,0.586925,-0.0309577,0.116802,0.800574
17.486421823501587,12.045637618593465,-13.527785487333354,13.755125463267103,-2.552304604936302,-0.8018608300918033,1.1560262163233095,0.0335456,0.346031,0.257165,0.355509,0.720895,0.38934,-0.449821,-0.0941736,0.348484,-0.241598,0.603718,0.360143,0.527569,-0.476961,34.99541715316198,-2.9603397577608668,11.677007788205543,1.4786519174419546,-8.32172624508415,-12.105400449878267,24.827525036436505,51.6974438740594,-0.11628,0.254114,-0.338137,0.586414,-0.0309574,0.116969,0.800924
17.512775659561157,12.15028028524801,-13.665424912365449,13.57182738233932,-2.544361569853794,-0.8102132250764993,1.1640307335920328,0.0334982,0.34602,0.257156,0.356249,0.720949,0.389091,-0.449364,-0.0940396,0.348408,-0.241569,0.603161,0.360254,0.527109,-0.478091,34.95549926583768,-3.1056730240752337,11.8209533226435,1.0678408660439267,-7.874742735861346,-11.598810032885325,24.51965892863671,51.2264762005469,-0.115941,0.25372,-0.338543,0.587734,-0.0243691,0.116194,0.800296
17.535517692565918,12.178638136283919,-13.641217452005064,13.65878996862327,-2.5414203298307045,-0.8068740094707294,1.167585135050546,0.0334953,0.346038,0.257159,0.356021,0.721015,0.389114,-0.449418,-0.0940487,0.348478,-0.241556,0.603585,0.359829,0.527644,-0.477284,34.958005517522935,-3.0722040296235464,11.682564894882372,1.2362288851091385,-8.197503186835803,-11.72066307373229,24.60298600680679,51.51538301460113,-0.115862,0.2538,-0.338552,0.587565,-0.0242637,0.11639,0.800395
17.563130617141724,12.171489080920049,-13.778291273134162,13.911129858214938,-2.5508354897252126,-0.785590271220219,1.1699182953417921,0.033523,0.346029,0.257167,0.356179,0.721047,0.389143,-0.449218,-0.0939637,0.348486,-0.241573,0.602992,0.360748,0.526659,-0.478427,34.978605618595566,-3.103813496991501,11.908655209839235,1.0430370594019784,-7.566892356370239,-11.535144359455288,24.453646416731534,50.984790704026416,-0.116114,0.253785,-0.338432,0.588584,-0.0251656,0.115912,0.799687
17.589728593826294,12.165551922236771,-13.736468938370184,14.096894730920438,-2.5528360873170706,-0.7929573368583896,1.1653507290137033,0.0335714,0.346013,0.257175,0.355541,0.720991,0.389287,-0.449687,-0.0940306,0.348611,-0.241556,0.603423,0.36023,0.527678,-0.477149,34.97061637253113,-3.006613516406036,11.695659353922323,1.476802070660284,-8.349907120971402,-11.983570484820966,24.782109183324998,51.739640226447534,-0.116024,0.254416,-0.33817,0.586071,-0.0309883,0.116268,0.801275
17.615097284317017,12.20462227997162,-13.765417768207026,13.902079108174817,-2.5474757697303905,-0.7970795199147717,1.170944189841244,0.0336061,0.346409,0.257298,0.364244,0.717243,0.393801,-0.444757,-0.0938582,0.348566,-0.241527,0.603226,0.361659,0.526358,-0.477774,34.39221104519328,-3.3300296429202585,12.971031475870149,-2.708447132130246,-4.298322728103088,-10.662749645060572,23.065547511260387,46.992601496125154,-0.115892,0.254159,-0.338326,0.585842,-0.0278371,0.115376,0.801688
17.64119029045105,12.15557205723636,-13.829758284746084,13.83617397935324,-2.526540403728527,-0.7817902918735277,1.17818763544712,0.0335606,0.346434,0.257306,0.366722,0.716136,0.39528,-0.443191,-0.093905,0.348701,-0.241515,0.603712,0.360934,0.527275,-0.476697,34.18927609595429,-3.4453138928012583,13.109947256062927,-3.9090610643532564,-3.77613899745549,-10.327683675230261,22.465697058901057,46.12726850120412,-0.116037,0.253957,-0.3384,0.587636,-0.0253395,0.115383,0.800455
17.666736125946045,12.24380815047279,-13.582556023169383,13.957318496626806,-2.5182519257982525,-0.7916763142941288,1.1651634233141928,0.033426,0.346463,0.257307,0.362541,0.717434,0.395256,-0.44455,-0.0939399,0.348692,-0.241468,0.603694,0.36121,0.52734,-0.476438,34.5754303249074,-3.2638349032492693,12.850539960039129,-1.3717540647508528,-4.87955606900416,-10.893594978767624,23.752895695022932,48.01201221747041,-0.115893,0.25424,-0.338301,0.58563,-0.0279711,0.115304,0.801848
17.69165587425232,12.260396964104157,-13.630415142447939,14.08545859118587,-2.5445744464197646,-0.7358044531386428,1.2335870018213893,0.0334312,0.346461,0.257296,0.36252,0.717567,0.394905,-0.444665,-0.0934222,0.348623,-0.241624,0.613913,0.357218,0.527997,-0.465537,34.92395935249408,-2.293180108988489,11.395841250551069,-2.6044148938581664,-6.6318144894939195,-12.153263224469548,23.3229405913432,47.54330753117691,-0.115862,0.254198,-0.338357,0.585527,-0.0277382,0.115084,0.801963
17.71604609489441,12.264841562475004,-13.795446879560954,14.248697271996392,-2.5319815369330683,-0.7611768841093014,1.162670163908627,0.033421,0.346439,0.257265,0.361985,0.71757,0.394992,-0.445018,-0.0941129,0.348812,-0.241575,0.604925,0.357924,0.529932,-0.474477,34.59531944846201,-3.3420984339365187,12.251137896536019,-1.214092935756053,-6.773989039132218,-11.022669230642336,24.19602200690274,49.52072487771574,-0.116018,0.254154,-0.338355,0.587926,-0.0280947,0.114509,0.800275
17.74089550971985,12.167326857342248,-14.03213928415122,14.473218565764082,-2.5435937127608317,-0.7305651780566359,1.1671820325203854,0.0333749,0.34646,0.257251,0.362764,0.71725,0.395367,-0.444567,-0.0939126,0.348673,-0.241634,0.603574,0.360384,0.527226,-0.477341,34.63308782307206,-3.373356116381286,12.895719726233448,-1.796508742749186,-5.228125627421953,-10.6709047742497,23.532925730321935,48.1324673536418,-0.116503,0.253955,-0.33833,0.590962,-0.0283446,0.114172,0.798076
17.76704430580139,12.38971016229445,-14.025614261353745,14.466098987735018,-2.534679793859439,-0.7507510911757929,1.181486161639812,0.033436,0.346426,0.257264,0.362441,0.717656,0.394577,-0.444877,-0.093898,0.348633,-0.241574,0.603964,0.360711,0.527348,-0.476465,34.59110327580142,-3.2705519291868024,12.72232005497694,-1.5120499452856677,-5.208544510726192,-10.903641583953558,23.73375429392596,48.17466105067665,-0.115817,0.253912,-0.338578,0.588657,-0.0249078,0.115049,0.799766
17.79496192932129,12.525920872951998,-13.987912270920088,14.522176909402686,-2.5346100910305474,-0.7505819875501907,1.1709809578300232,0.033397,0.346457,0.257232,0.362641,0.717747,0.394468,-0.444664,-0.0939929,0.348603,-0.241643,0.603511,0.359957,0.527873,-0.477027,34.565123493842094,-3.4336246874095373,12.698353061437427,-1.548353897280304,-5.313970712265707,-10.62404867150196,23.692010149614273,48.368687719292694,-0.11594,0.253801,-0.3386,0.58931,-0.0249014,0.114933,0.799302
17.821762800216675,12.561396505166323,-13.952957676085306,14.659823951595305,-2.5693008304732285,-0.6967064823268543,1.2313353766640642,0.0333942,0.346453,0.25723,0.362171,0.717676,0.394758,-0.444904,-0.0933429,0.348259,-0.241736,0.612491,0.358271,0.525277,-0.46966,35.166142652116406,-2.443643469099441,11.909096946366148,-2.9466516892219197,-5.784721198651518,-11.469300151447975,22.751743030870475,46.81695614946111,-0.115951,0.253721,-0.338534,0.58964,-0.0259839,0.115358,0.798963
17.845791816711426,12.227668271630193,-14.077952416337665,15.058997120389542,-2.5627457014267967,-0.6817993706910671,1.1605392031553319,0.0333582,0.346416,0.257207,0.362158,0.717539,0.394796,-0.445101,-0.0939046,0.348411,-0.241711,0.603915,0.360586,0.526631,-0.477413,34.716281530039886,-3.2806282171300065,12.829114276702192,-1.5349483649996287,-5.306434399699683,-10.850975021080124,23.69980479267273,48.24030669478117,-0.11688,0.254015,-0.338151,0.593731,-0.0326433,0.115717,0.795631
17.873234510421753,12.343105014273238,-13.823216248767471,14.897572477247223,-2.549194184727957,-0.7236181092688398,1.1601930838008676,0.033364,0.346441,0.257217,0.362941,0.71736,0.39496,-0.444607,-0.0938295,0.348412,-0.241773,0.604188,0.359302,0.527269,-0.477332,34.68594943473109,-3.425179481526766,12.761597856464512,-2.032239078792106,-5.547262290613787,-10.52960057329421,23.417989707752394,48.26033559347006,-0.11601,0.254156,-0.338325,0.588297,-0.031069,0.116361,0.799626
17.897921085357666,12.153097184682816,-13.853587221903666,14.859406486611833,-2.577424987939215,-0.6588245281409043,1.2190958183724998,0.0334133,0.346458,0.257226,0.362084,0.717833,0.394392,-0.445047,-0.0932384,0.348178,-0.241849,0.614169,0.356515,0.525773,-0.468248,35.25755431337558,-2.3925435507477193,11.561704796547108,-3.2351671609832877,-6.536278978062278,-11.528943794475666,22.678523718821996,47.13834111568056,-0.116354,0.253808,-0.338292,0.590747,-0.0306267,0.114708,0.798074
17.924317359924316,12.244049098051658,-13.662566833893178,14.808109653912693,-2.543398658133255,-0.7115039641908377,1.1583322305715653,0.0333709,0.346449,0.25723,0.362587,0.717447,0.395165,-0.444573,-0.0937597,0.348415,-0.241854,0.605153,0.35859,0.527551,-0.476332,34.772260515265835,-3.3651667682604023,12.599353093447654,-1.9458620162450764,-5.9060377465699645,-10.6687939404272,23.543636612029914,48.507398694269305,-0.116208,0.25354,-0.33827,0.588062,-0.0309301,0.115692,0.799901
17.950884342193604,11.130987888876206,-14.469409327325165,15.098185241147588,-2.580505194563172,-0.5360434754155056,1.108783791764066,0.0333975,0.346441,0.257183,0.362191,0.718068,0.393869,-0.445043,-0.0937377,0.348451,-0.241942,0.605302,0.358752,0.527649,-0.475914,34.724833073944396,-3.31507159154116,12.391730986925275,-1.7455495431078027,-6.042112117149095,-10.869878457524067,23.759324445899203,48.68329952035636,-0.119094,0.253276,-0.338344,0.612235,-0.0342248,0.108529,0.782444
17.978556394577026,11.171765779429906,-14.340379355224071,15.343057308695753,-2.6150791204278785,-0.4840088653446807,1.1791380348693639,0.0334602,0.346418,0.257202,0.363342,0.717627,0.394143,-0.444574,-0.0930629,0.348201,-0.242054,0.614035,0.3565,0.527196,-0.466834,34.957978494596155,-2.426596605516928,11.435953643624302,-3.302263659262831,-6.668515003199751,-11.928617594649275,23.030559837803462,47.38819000758467,-0.118848,0.253714,-0.338171,0.610372,-0.0375261,0.11221,0.783228
18.004857540130615,12.261676605945492,-14.083827291780043,14.653132314591337,-2.584123574579024,-0.6792790532343753,1.2284680337722782,0.0334119,0.34645,0.257235,0.362567,0.717406,0.39518,-0.444643,-0.0927859,0.348087,-0.242037,0.612543,0.358364,0.525777,-0.468961,35.08425845955191,-2.4228300528426097,11.912246281159117,-2.586174948796529,-6.276974533605937,-11.995613976870622,23.32509335463606,47.49376593353808,-0.115174,0.253317,-0.338785,0.588842,-0.0254013,0.114423,0.799704
18.029146909713745,12.05615415350709,-14.025390839372456,14.485276372031052,-2.59753797635411,-0.6819543481625612,1.2218964364324982,0.0334968,0.346394,0.257256,0.361594,0.718298,0.393804,-0.445215,-0.0925322,0.347997,-0.241993,0.61296,0.358453,0.524024,-0.470309,35.31293079531494,-2.401291084149837,11.868533337565829,-2.815093629308322,-6.1229392496092245,-11.586010743858516,22.879270559627408,47.099511669722645,-0.115148,0.253336,-0.338712,0.589918,-0.026673,0.114345,0.798881
18.055733680725098,12.032142823128714,-13.8885953170374,14.40972878349204,-2.5657334294473415,-0.737056389093461,1.1591244855604141,0.0334152,0.346439,0.257252,0.36277,0.717272,0.395435,-0.444467,-0.0931153,0.348276,-0.241919,0.603589,0.360395,0.526426,-0.478195,34.728811700602435,-3.40879101199809,13.006085735727346,-1.593126914255894,-5.593123933325266,-10.741541174871394,23.74174969533905,48.57784115932465,-0.115078,0.253675,-0.338653,0.588201,-0.0281831,0.115752,0.799891
18.08100199699402,11.966333044081,-13.927273395718222,14.300667505999668,-2.557334737478644,-0.7325357384281616,1.1525189910281348,0.0334784,0.346431,0.257257,0.362834,0.717522,0.394753,-0.444616,-0.0929425,0.348392,-0.241863,0.603645,0.360845,0.526385,-0.477831,34.658225553192885,-3.3571317729177497,12.933156337454864,-1.6081891563273985,-5.571934380903052,-10.829641513685786,23.738586042101115,48.499897266169576,-0.115023,0.253819,-0.338622,0.58949,-0.0291485,0.114842,0.799039
18.107654571533203,11.958413759831373,-13.96417880587643,14.035913456080698,-2.547421692629204,-0.7391968843805256,1.1525522365404193,0.033434,0.346442,0.257266,0.36247,0.717579,0.395065,-0.444544,-0.0929141,0.348415,-0.241834,0.603879,0.361303,0.52622,-0.477371,34.69852895321628,-3.2763922005225172,12.9473709879056,-1.3003462376836588,-5.451972676794384,-10.972339338297786,23.884633719503483,48.49978439758581,-0.114951,0.253556,-0.338789,0.589598,-0.026276,0.113025,0.799318
18.133404970169067,11.76545111607809,-13.695011597654693,14.146304393281673,-2.5481901720434426,-0.7063170386427288,1.1503859743922311,0.0334498,0.346424,0.25728,0.363065,0.717284,0.395121,-0.444485,-0.0928271,0.348415,-0.241829,0.603368,0.361904,0.525567,-0.478281,34.65709156291926,-3.3000893517034404,13.145766577486373,-1.7318509042457997,-5.147586123482135,-10.87920526231838,23.616730043708685,48.09556483840234,-0.115709,0.253812,-0.338128,0.591157,-0.032113,0.117139,0.797358
18.158538103103638,12.172237232382967,-13.408751293123725,14.078303676556448,-2.5262547368728137,-0.7809144625873009,1.1402653445487523,0.0334691,0.346415,0.257294,0.362489,0.717783,0.394484,-0.444716,-0.0928844,0.348482,-0.241877,0.603668,0.361312,0.525862,-0.478025,34.704157814680784,-3.317426302312801,12.951424006992923,-1.5965773289735274,-5.4297000491807665,-10.873636490237189,23.72941838288082,48.36917957676562,-0.114111,0.253614,-0.338634,0.581436,-0.0272659,0.114298,0.805062
18.18299651145935,11.773670831867742,-13.837048210653712,14.324837614136207,-2.5872875081731843,-0.6405620576506157,1.2135552085178418,0.0333846,0.346455,0.257274,0.36273,0.717391,0.395267,-0.444455,-0.0922243,0.348148,-0.241989,0.613234,0.359351,0.524341,-0.468912,35.169822678506236,-2.282363021991377,12.047906124698628,-2.891458369470918,-6.016102755553376,-11.972650855378333,22.994528128602152,46.957409489695266,-0.115541,0.253161,-0.338486,0.592518,-0.0274663,0.114502,0.796904
18.21005392074585,12.353600300501615,-13.721021015646611,14.162129026658764,-2.5584146687748537,-0.7851665080883623,1.173242861595547,0.0334358,0.346412,0.257259,0.362755,0.717883,0.394206,-0.444583,-0.0927831,0.348251,-0.242024,0.604783,0.360003,0.525623,-0.477866,34.815063259874066,-3.354392421367615,12.810029562543168,-2.0927396259720368,-5.659145795115123,-10.60833137679483,23.38532715621695,48.2409626785394,-0.114143,0.253287,-0.338802,0.579037,-0.0237708,0.113082,0.807071
18.236771821975708,11.959349249581015,-13.879071414639027,14.341998388435819,-2.577711693368874,-0.7109750950208101,1.168283047459683,0.0333449,0.346465,0.257263,0.362908,0.717386,0.395128,-0.444443,-0.0926856,0.348147,-0.242041,0.604597,0.360914,0.524675,-0.478456,34.874221586663396,-3.286959929509762,13.088063889859352,-2.0894604362186477,-5.333925418756529,-10.707294689524794,23.347387837189167,47.97343678158122,-0.115103,0.253084,-0.33852,0.587814,-0.0256206,0.114235,0.80048
18.262723445892334,11.949921942186403,-13.81885716899346,14.336354721232663,-2.574446081933997,-0.7065327565403996,1.163481953074728,0.0333777,0.346442,0.257273,0.362079,0.71777,0.394874,-0.444725,-0.0928144,0.348279,-0.242108,0.60556,0.35878,0.526593,-0.476733,34.91088167899082,-3.316027396519981,12.61089934619416,-1.6787596058301695,-6.558790301768234,-10.887025732170486,23.83882529548471,49.10438354563947,-0.115027,0.2531,-0.338536,0.587461,-0.0255791,0.114206,0.800745
18.287205696105957,11.948032943190515,-13.876005996669521,14.457994185008022,-2.5774523362795354,-0.6922450342917247,1.1577295456814627,0.0333531,0.346462,0.257263,0.362814,0.717431,0.395047,-0.444519,-0.0926156,0.348066,-0.242059,0.605081,0.360468,0.524789,-0.478054,34.90831977086578,-3.2629548090320224,12.992349097990495,-2.0672596304604376,-5.576356139335061,-10.742474058588762,23.378623048816337,48.122473081770465,-0.115153,0.253099,-0.338586,0.58943,-0.0260957,0.11359,0.799367
18.313036918640137,11.964664296537837,-13.843504866575133,14.591582705473154,-2.60118658095803,-0.6416961233120558,1.2100094490686377,0.0333751,0.34645,0.257266,0.362331,0.717786,0.3948,-0.444559,-0.0920899,0.347939,-0.242176,0.614051,0.358211,0.523147,-0.470046,35.42904114152285,-2.3518322175559057,12.007517685736339,-3.4275323217919436,-6.119850920733597,-11.524903593706817,22.518455063198864,46.734612499949066,-0.115295,0.253093,-0.338502,0.590677,-0.0271984,0.11314,0.798473
18.339216232299805,12.092073134015903,-13.859876326362068,14.625827637082942,-2.602134880663359,-0.6459165806030019,1.209011384574032,0.0334093,0.346443,0.257271,0.362467,0.71776,0.39457,-0.444693,-0.0921409,0.348,-0.242244,0.613742,0.358197,0.523755,-0.469785,35.32773738579374,-2.365526384383747,11.947118345833974,-3.339443320231677,-6.320487408986317,-11.756688137954363,22.772150560236174,47.0171731540556,-0.115213,0.253071,-0.338528,0.590457,-0.027277,0.113144,0.798633
18.362102031707764,11.596884542889848,-14.012242668508458,14.962191407017007,-2.604384253060107,-0.6072722493418701,1.132888649912587,0.033369,0.34646,0.25726,0.362708,0.71747,0.395076,-0.444517,-0.0925,0.348058,-0.242094,0.604246,0.361916,0.524776,-0.478031,34.79497328854236,-3.2068139522903962,13.11359889644563,-1.4650662031180666,-5.250645629338017,-11.1281924440367,23.85250282225319,48.260201446265455,-0.116392,0.253604,-0.33839,0.599903,-0.0337584,0.114301,0.791146
18.3883318901062,12.023884464520515,-13.860643443458047,14.674580388112824,-2.603095356010141,-0.6480508468315757,1.205831095284078,0.0334331,0.346426,0.257248,0.362999,0.717694,0.394214,-0.444682,-0.092123,0.347995,-0.242311,0.613356,0.357757,0.524319,-0.469994,35.22116290461997,-2.463176292731002,11.904726478934798,-3.5452348534082034,-6.541042116151402,-11.705073066677016,22.771463717450732,47.20307834899818,-0.115133,0.253037,-0.338573,0.590274,-0.0273688,0.112913,0.798798
18.412956476211548,12.430486387945127,-13.42154868529825,14.659747436012655,-2.582639648457357,-0.7396447194066598,1.1823747855434303,0.0333865,0.346453,0.257251,0.362936,0.717432,0.395058,-0.444407,-0.0923622,0.347871,-0.242149,0.605906,0.360465,0.524382,-0.477459,34.95693681265498,-3.1784100775231234,12.952500786046173,-2.1222933039411984,-5.531588536099051,-10.85528341515743,23.35310092583676,47.98032085364946,-0.114287,0.253594,-0.338427,0.580893,-0.0295993,0.118504,0.804764
18.438110828399658,12.230670414781612,-13.639222208164202,14.468502756723183,-2.582729384286701,-0.7296890096215373,1.1795396572439956,0.033472,0.346421,0.257271,0.362579,0.718025,0.394476,-0.444258,-0.0923846,0.348061,-0.242213,0.607205,0.359442,0.523887,-0.477122,35.131174577118465,-3.1825137605863896,12.750568205818304,-2.7752750649581124,-5.430167304276338,-10.477291057831742,22.811689157237318,47.46038464080935,-0.114253,0.253276,-0.338636,0.583817,-0.0261608,0.11592,0.803141
18.463266134262085,12.331377177302445,-13.561963043462224,14.384448972945385,-2.5730003251339197,-0.7320788950189326,1.1764175451440841,0.0333949,0.346457,0.257262,0.36301,0.717402,0.395194,-0.444274,-0.0924352,0.347932,-0.242203,0.606766,0.358693,0.525784,-0.476157,34.95169903051333,-3.230269650693332,12.660621909134722,-2.192516080506852,-6.287666662236269,-10.864854550409575,23.470956741364052,48.537996608845035,-0.11405,0.252967,-0.338699,0.583706,-0.0236837,0.116295,0.803245
18.485468864440918,12.352707136034601,-13.203942840816667,14.617693306767185,-2.576693173455517,-0.7440675043966559,1.173023412101209,0.0334301,0.346413,0.257274,0.362701,0.717781,0.394386,-0.444633,-0.0925281,0.34803,-0.242249,0.607051,0.358376,0.526041,-0.475749,34.940442069772,-3.205884815888025,12.472422701591064,-2.246048994501148,-6.5265587673078755,-10.986159624895734,23.558125449079473,48.680553095956945,-0.114023,0.253623,-0.338504,0.579158,-0.0292549,0.118662,0.806002
18.5084707736969,12.250578078707813,-13.43158053375478,14.640979043070967,-2.579671920476807,-0.7160883610180296,1.1625795973192572,0.0333731,0.346462,0.257252,0.362575,0.717704,0.394764,-0.444524,-0.0923656,0.347831,-0.24225,0.605461,0.361042,0.523921,-0.478092,34.98055081950426,-3.1862253986036153,13.017651994903396,-1.8988716452002627,-5.29790268655475,-10.929389482146775,23.513052822204074,47.97839623527909,-0.114013,0.252943,-0.338614,0.583342,-0.0263484,0.11664,0.803376
18.533781051635742,12.409824339689857,-13.240359848068353,14.818341549046593,-2.5972614553700426,-0.7048503702086185,1.2176492685002303,0.0333706,0.346438,0.257243,0.362876,0.717701,0.394666,-0.444371,-0.0919577,0.347772,-0.242368,0.612412,0.359443,0.524842,-0.469353,35.05533062183281,-2.402237404019697,12.02207220858223,-2.296801291263474,-6.175582018958622,-12.282747080895554,23.655579344710155,47.648076167840955,-0.113748,0.253696,-0.338497,0.577688,-0.0314732,0.118922,0.806935
18.559433937072754,12.282990334802783,-13.200018874186664,14.984854122501734,-2.5796189118834345,-0.7127435682177371,1.1604094791218686,0.0333855,0.346465,0.257269,0.362322,0.717897,0.394598,-0.444568,-0.0922116,0.347725,-0.242249,0.605238,0.361173,0.52457,-0.477563,34.91194374555357,-3.180783868641617,12.927499701513007,-1.2482485728853234,-5.536996523333315,-11.171583614501202,23.997171162630618,48.53271051295517,-0.114088,0.253502,-0.338413,0.580385,-0.0322288,0.118787,0.804987
18.584919929504395,12.164711539793952,-13.608504891602072,14.674788864758712,-2.5676547246262906,-0.6978309378411462,1.1516864996764842,0.0333484,0.346449,0.257275,0.36279,0.717509,0.394797,-0.444634,-0.0922265,0.347737,-0.242311,0.604142,0.361991,0.524811,-0.478068,34.75938485503798,-3.206205333350919,13.094573667171414,-1.132565735560835,-5.512540575065124,-11.45628821058331,24.2847917253385,48.73254536752543,-0.114072,0.252486,-0.338712,0.585337,-0.0252821,0.114721,0.802235
18.609862089157104,12.14405985665285,-13.557072538419964,14.585241177562054,-2.585219667446168,-0.6656693615947449,1.2053579619488601,0.0333616,0.34645,0.257277,0.362479,0.717714,0.394676,-0.444665,-0.0918044,0.347665,-0.242434,0.61294,0.358674,0.52512,-0.468942,35.126041776291885,-2.3721119835379048,11.887236862680506,-2.0892697202981694,-6.856950674165546,-12.48770164275598,23.91415241983732,48.239130107355734,-0.113988,0.252515,-0.338751,0.584825,-0.0252405,0.114629,0.802623
18.635112524032593,12.184574571311494,-13.422337114603714,14.563868502279231,-2.5671585507237458,-0.7089071367421912,1.1535730811935028,0.0333615,0.346465,0.257271,0.36277,0.717558,0.394933,-0.444451,-0.0921611,0.347683,-0.242359,0.604327,0.361934,0.524829,-0.477857,34.77763931614277,-3.2057984920547007,13.083598566061639,-1.0367146580809674,-5.438285022101738,-11.463703683457659,24.335028770306064,48.73327447801307,-0.113771,0.25265,-0.338786,0.584437,-0.0253401,0.116618,0.802616
18.662900686264038,12.206054344273872,-13.557469879025534,14.720997978277442,-2.5741201730612993,-0.6980715379104172,1.158403806516098,0.033419,0.346428,0.257287,0.362739,0.717725,0.394359,-0.444715,-0.0922298,0.347736,-0.242399,0.605094,0.360477,0.526012,-0.476685,34.74116411982181,-3.2189540760507542,12.745558289765029,-1.1471833309774624,-6.210395657269409,-11.576439195742878,24.46774411022889,49.24487219184801,-0.113753,0.252657,-0.338802,0.584439,-0.0253145,0.116579,0.80262
18.6875,12.25833663007373,-13.54177956991965,14.803176591340096,-2.581533828881149,-0.6933138763183643,1.1652105943307505,0.033385,0.346463,0.257283,0.362773,0.717561,0.394917,-0.444457,-0.0921176,0.347664,-0.242476,0.606964,0.36006,0.523612,-0.477266,35.10212607599073,-3.108164281662699,12.889889098893871,-2.344175325585269,-5.686656982495229,-11.085727219946811,23.412302665280606,47.97880136160314,-0.113744,0.25261,-0.338791,0.58483,-0.0257503,0.116556,0.802325
18.712007999420166,12.21197849246278,-13.410684739426602,14.661582479467802,-2.581273418243387,-0.6990073904562077,1.1610273343245918,0.0334385,0.346432,0.257293,0.362724,0.717732,0.394528,-0.444568,-0.0919756,0.347594,-0.24243,0.606012,0.361169,0.523857,-0.477368,34.95774898373688,-3.100791111206882,12.940916541453806,-1.7423638344163308,-5.514211189621818,-11.34064309703517,23.8395804088288,48.231624925589465,-0.113731,0.252607,-0.338792,0.58476,-0.0258112,0.116595,0.802369
18.737714290618896,12.261452448445802,-13.60116959901735,14.668326296741178,-2.5832477770831574,-0.6976135861228846,1.162331205504355,0.0333996,0.346457,0.257287,0.362616,0.717619,0.395027,-0.444394,-0.0920813,0.347623,-0.242469,0.605575,0.360638,0.525122,-0.476934,34.88765599839839,-3.1820305164694274,12.876411751344506,-1.2335191722730308,-5.904448274032134,-11.472141908293331,24.284951441286196,48.91362105287598,-0.113734,0.25257,-0.338803,0.584875,-0.0259522,0.116574,0.802283
18.762698650360107,12.125588530239469,-13.458819228656402,14.539832263106536,-2.572167074727641,-0.7000906282488666,1.1539216283582077,0.03344,0.346438,0.257287,0.36276,0.7177,0.394605,-0.444521,-0.0921188,0.347733,-0.242523,0.605824,0.359906,0.525753,-0.476476,34.84031353600793,-3.2108637905163135,12.712065836038839,-1.4490433804795124,-6.291505065288177,-11.509225957275419,24.296332664242016,49.123109138459334,-0.113759,0.252556,-0.338789,0.58527,-0.0261083,0.116542,0.801995
18.78731107711792,12.230725927700192,-13.234790401467306,14.695509418445186,-2.577705218272473,-0.7136619769013878,1.1552133526040567,0.0334162,0.346462,0.2573,0.362315,0.717625,0.395119,-0.444548,-0.0921088,0.347604,-0.242462,0.605799,0.360222,0.525373,-0.476688,34.92766187569516,-3.1692864086999606,12.803579675168468,-1.0930608595780278,-6.191065443773624,-11.5373902021446,24.41206378916104,49.17969203243695,-0.113738,0.253064,-0.338647,0.581845,-0.0298888,0.118311,0.804093
18.81358766555786,12.087720437458799,-13.363085321900952,14.531850184440946,-2.576650085725891,-0.6903202305700941,1.147058824341134,0.0334589,0.346442,0.257306,0.362739,0.717665,0.394704,-0.444507,-0.0920759,0.347581,-0.242474,0.605603,0.360569,0.525055,-0.477024,34.87087413676388,-3.185925978295809,12.849518864276469,-1.3785640449491048,-5.88786297294444,-11.472090252295885,24.229605610767106,48.837349482054414,-0.113873,0.252475,-0.338743,0.585988,-0.02642,0.116684,0.80144
18.84059190750122,12.196989275077037,-13.045410166202581,14.630194936407845,-2.582134893963578,-0.7096726636912277,1.1420896178424342,0.0334077,0.346478,0.257284,0.362322,0.717849,0.394582,-0.444659,-0.0921417,0.347496,-0.242489,0.605588,0.359954,0.525831,-0.476652,34.86703285922168,-3.2201895771715554,12.702318438615144,-0.8744395535486902,-6.3257399420440805,-11.549167929557406,24.595968902803552,49.45140346417946,-0.113788,0.252911,-0.338669,0.582166,-0.0299943,0.118368,0.803849
18.86569857597351,12.07617981136997,-13.378060969683707,14.784037897356923,-2.620451171366966,-0.636502244941764,1.1922423646534532,0.0333971,0.346477,0.257268,0.362385,0.71778,0.394576,-0.444722,-0.0916487,0.347296,-0.242625,0.614968,0.357517,0.522457,-0.470143,35.554576815587936,-2.3161895791701808,11.951154721249257,-3.37813922891009,-6.507135587359109,-11.87663691216035,22.836676139096912,47.11931826832414,-0.11417,0.25219,-0.338621,0.587316,-0.029261,0.115518,0.800537
18.89246892929077,12.214058346739236,-13.470306305746963,14.984109367723637,-2.6169282636814297,-0.6256216269906288,1.1906268403046734,0.0333527,0.346463,0.257247,0.362897,0.717383,0.394965,-0.444602,-0.0916389,0.347245,-0.24265,0.613561,0.358364,0.524566,-0.468987,35.19171074942641,-2.336043641154377,11.938632038557586,-2.2838202796471165,-6.868205311687589,-12.608525433274984,23.89910770493802,48.158764458454755,-0.114258,0.252072,-0.33864,0.587905,-0.0296698,0.115299,0.800121
18.91836977005005,12.215923931907636,-13.503429701136037,14.846342096244562,-2.5995172994707634,-0.6719567419616732,1.15175780636594,0.0333585,0.34644,0.25725,0.36305,0.717356,0.39497,-0.444515,-0.0920858,0.347277,-0.242574,0.606596,0.359319,0.524968,-0.476802,34.9719567838292,-3.1861400371351607,12.772213943574076,-1.7529653176986066,-6.2877844494488,-11.345137401308428,24.005446250731943,48.882375050788724,-0.114062,0.25213,-0.338723,0.588125,-0.028567,0.117098,0.799738
18.946059465408325,11.988547707232884,-13.788634020611253,14.535477167714278,-2.6142046884047354,-0.6202537116560576,1.2021927191062292,0.0333688,0.346448,0.257265,0.362958,0.717473,0.394976,-0.444396,-0.0915936,0.347178,-0.242693,0.613761,0.358266,0.524517,-0.468855,35.20710857171187,-2.3476139708117687,11.923397725672313,-2.30694562408517,-6.732011431150134,-12.567483813848149,23.87243144950706,48.05868065367091,-0.114287,0.251589,-0.338793,0.591703,-0.0263818,0.114798,0.797504
18.971829175949097,12.012644954605626,-13.52614491431921,14.287487924118246,-2.6035066816231693,-0.6711381237090734,1.1453646158920057,0.0333711,0.346421,0.257276,0.362675,0.717624,0.394649,-0.444673,-0.0920632,0.347214,-0.242644,0.607855,0.358933,0.52299,-0.477662,35.268569686088334,-3.12252751693329,12.807126813272593,-2.638852916167135,-5.9499405727418875,-10.94848387672402,23.238870831227157,47.9987289898583,-0.114389,0.25156,-0.338746,0.592158,-0.0266756,0.115468,0.79706
18.996681451797485,12.592353038092947,-13.09271450925168,14.040796046979024,-2.585053185369293,-0.7869883632646928,1.1571607557382582,0.0333657,0.34644,0.25727,0.362791,0.71753,0.394693,-0.444692,-0.0920615,0.347153,-0.242674,0.6081,0.358712,0.52273,-0.477801,35.30805244332398,-3.11906656993664,12.819861978254202,-2.8426566921881324,-5.956808902644042,-10.88963078649973,23.10744917603355,47.8840117041907,-0.112635,0.251744,-0.339259,0.576842,-0.0230479,0.11499,0.808393
19.020448207855225,11.8928509141671,-13.379500116805566,14.426054610329004,-2.6092495037003407,-0.6477719585817188,1.1368482506175088,0.0333702,0.346442,0.257272,0.362997,0.717448,0.395032,-0.444354,-0.092067,0.347078,-0.242691,0.608455,0.35915,0.522722,-0.477029,35.280357450994856,-3.0491922928245216,12.836322382309032,-2.7306726598202076,-5.569062930506256,-11.041838950730131,23.17481117223589,47.62048655106063,-0.114556,0.251423,-0.338728,0.59309,-0.0273744,0.115405,0.796352
19.045559406280518,12.588016202636622,-13.17851175715935,14.30726165767129,-2.5922693236649756,-0.7673312300713317,1.1676424225109951,0.0333889,0.346436,0.257269,0.36273,0.717663,0.394793,-0.444438,-0.0920698,0.347043,-0.242723,0.608526,0.359255,0.522645,-0.476942,35.297937125826536,-3.0295355327496987,12.794123397689791,-2.573944508574016,-5.515399396783302,-11.102729233812006,23.271629166144415,47.65030923359774,-0.112701,0.251619,-0.339261,0.576993,-0.0233403,0.11526,0.808239
19.071051597595215,12.538006989229906,-13.155161255217621,14.272568194170352,-2.5764419618181704,-0.7692330391326024,1.1567973146090587,0.033399,0.346463,0.25727,0.3625,0.717802,0.394518,-0.444646,-0.0918647,0.346837,-0.242692,0.604585,0.362321,0.524238,-0.477886,34.82384162747188,-3.138444919738962,13.067820441402265,-0.2458828720756152,-5.299002790035345,-11.955777615436645,24.96150145417431,49.139830434361095,-0.112778,0.251443,-0.339169,0.576883,-0.023779,0.115668,0.808246
19.09422278404236,12.579017178089844,-13.052383914419014,14.065367413488936,-2.5868032503673613,-0.7877150041011806,1.1649176536419108,0.033381,0.346442,0.257269,0.362629,0.717753,0.394551,-0.44459,-0.0918864,0.346823,-0.242759,0.60712,0.362426,0.519638,-0.479613,35.36486036461114,-2.9464786067029927,13.364629523155799,-2.5938345348180327,-3.998171673228427,-11.07290898538325,23.100723399358756,46.51873926771317,-0.112768,0.25141,-0.339205,0.576541,-0.0236548,0.115596,0.808504
19.11888074874878,12.575893738947551,-12.996298110296783,14.020079254123205,-2.571376285329792,-0.7913296557456528,1.1504347041707796,0.0333865,0.346455,0.257256,0.36268,0.717704,0.394625,-0.444562,-0.0919108,0.346764,-0.242753,0.60473,0.362531,0.523661,-0.478176,34.862394163644055,-3.1199098943927197,13.151291337098378,-0.511515138826919,-4.9915521477510865,-11.908197967041431,24.850012558582197,48.767340620875785,-0.112663,0.251413,-0.339254,0.576519,-0.0236992,0.115817,0.808487
19.145251035690308,12.510112932042324,-13.095757859373236,13.995317733392543,-2.579379632826855,-0.7944413548494372,1.1584446944573288,0.0334108,0.346446,0.257265,0.362541,0.717826,0.394681,-0.444429,-0.0919108,0.346755,-0.242757,0.604708,0.362506,0.523688,-0.478193,34.882250307582154,-3.1410562092261847,13.14820080668257,-0.41361671066999506,-4.881952499980294,-11.84915736429788,24.873799433632158,48.75478137732576,-0.11267,0.2514,-0.339255,0.576535,-0.0236195,0.115881,0.808468
19.16852307319641,12.524037120920564,-13.125118372934718,13.867005008304977,-2.6087297672236613,-0.7710743436296983,1.210514104865007,0.0334587,0.346428,0.257273,0.362997,0.717643,0.394734,-0.444305,-0.0913928,0.346488,-0.242837,0.612085,0.36022,0.522384,-0.47192,35.26586921881155,-2.450191399880916,12.41088216589175,-1.9856258457232663,-5.412806920703211,-12.33736363680159,23.90127992399753,47.42900479283769,-0.112683,0.251384,-0.339239,0.576771,-0.0237724,0.115933,0.808288
19.192228078842163,12.414016680293985,-13.032699307443522,13.556693181378854,-2.58114689241896,-0.8179728447884779,1.1535495031617262,0.0334696,0.346419,0.2573,0.362717,0.71774,0.394665,-0.444438,-0.0918817,0.346738,-0.242717,0.605279,0.362118,0.523235,-0.478261,34.95301978765237,-3.1231354801709372,13.140314227832768,-0.9076587387511559,-4.852286491150743,-11.684108212866988,24.502645354116734,48.39606690273019,-0.112823,0.251248,-0.339195,0.57687,-0.0236683,0.114379,0.808442
19.217706203460693,10.77338619752904,-14.00197712800106,13.88797845479053,-2.6391369221645458,-0.5525312931497459,1.0776926852148505,0.0334551,0.346419,0.257301,0.362737,0.717708,0.394727,-0.444418,-0.0920208,0.34682,-0.242736,0.606064,0.360755,0.524702,-0.476686,34.906270584014784,-3.124128987837177,12.843734900031052,-0.8239537128633891,-5.542771041832893,-11.843704042832613,24.713131722593427,48.93892517784273,-0.117229,0.25108,-0.338664,0.613997,-0.0337862,0.108845,0.781037
19.242637634277344,12.34487116945699,-12.808886653402729,13.288079832341884,-2.5683261483062485,-0.8499174690036566,1.1472676014986576,0.0334288,0.346426,0.257293,0.36274,0.71796,0.39429,-0.444397,-0.0920891,0.346642,-0.242694,0.605208,0.361249,0.52413,-0.478028,34.90202358653277,-3.2237797387879272,12.977495691184615,-0.7316930938318222,-5.046052907852008,-11.545626351052015,24.599978203114123,48.696052571975216,-0.112997,0.251417,-0.339062,0.57472,-0.0261794,0.114705,0.809849
19.26734209060669,12.373530361074577,-12.852769614167059,13.240291468555725,-2.5724894219604475,-0.8583193691446998,1.1553336614609564,0.0334064,0.346439,0.257282,0.362488,0.717525,0.395263,-0.444441,-0.0922137,0.346621,-0.242736,0.605164,0.361162,0.522804,-0.479599,35.1272752025739,-3.2440508612225036,13.254450918505135,-1.234616778033054,-4.849499409557154,-11.242863754360343,24.1435015343429,48.259244936580984,-0.11295,0.251133,-0.339187,0.576245,-0.0229503,0.115212,0.80879
19.29264807701111,12.431153839867093,-12.861873197442382,13.372604263660497,-2.5806213756370604,-0.8834262117160979,1.1651646584163053,0.0333813,0.346437,0.257274,0.362447,0.717724,0.394817,-0.44455,-0.0922614,0.346514,-0.24278,0.604806,0.360425,0.524222,-0.479056,35.00184165721536,-3.3330242353366653,13.04880634612907,-0.6962834107726543,-5.40565102122865,-11.398635501410467,24.643313726141688,49.07724915712095,-0.113051,0.251318,-0.339106,0.574282,-0.0256177,0.11555,0.810057
19.318654537200928,12.596447028171369,-12.770805233481731,13.295959289567953,-2.6020015837677617,-0.8769471684588891,1.2349091825205478,0.0333448,0.346438,0.257269,0.362465,0.717834,0.394664,-0.444492,-0.0917642,0.346268,-0.242838,0.614488,0.357313,0.52344,-0.469832,35.453855506758764,-2.3985962971124817,11.894069329377107,-2.1145182672571785,-6.345787159775703,-12.263143769162816,23.795653367045702,47.86420723393636,-0.113089,0.251274,-0.339109,0.574227,-0.0254899,0.115869,0.810054
19.345799207687378,12.44520929596722,-13.120634909039099,13.300311508114229,-2.59860718961458,-0.8931015101282468,1.1808459262080255,0.033326,0.346433,0.257283,0.362886,0.717771,0.39449,-0.444405,-0.0924608,0.346429,-0.242763,0.606158,0.359039,0.52404,-0.478587,35.09491505258879,-3.3464224448175255,12.874009098070164,-1.5189398064531865,-5.411225743495997,-11.020700628908784,24.01408786946465,48.54067716375106,-0.113792,0.251072,-0.338997,0.580129,-0.0260417,0.116043,0.805796
19.36982536315918,12.260729473120657,-12.96081693992918,13.200060836946745,-2.59929966249456,-0.9057094097356749,1.1715560379751473,0.0334097,0.34634,0.257236,0.364469,0.717482,0.393627,-0.444342,-0.0924557,0.346377,-0.242746,0.605851,0.359416,0.523437,-0.479352,34.92204007078498,-3.398382258739351,12.987407798142883,-2.675441797349169,-4.865280729429742,-10.729153107607168,23.309659367461776,47.580118528282696,-0.113843,0.25105,-0.338954,0.580379,-0.0261059,0.116287,0.805578
19.39620280265808,12.31834923872875,-13.122874078712313,13.284456160606322,-2.602504849733795,-0.9185078240422532,1.1859737569617272,0.0334774,0.346333,0.25727,0.364586,0.717172,0.39412,-0.444308,-0.092516,0.346497,-0.242709,0.605788,0.359518,0.523358,-0.479442,34.93112837448861,-3.382104350180691,13.07314230907847,-2.8978040262440032,-4.80219727255529,-10.755191681073754,23.219399046969976,47.42547241755417,-0.113861,0.251109,-0.338935,0.579836,-0.0255508,0.116488,0.805958
19.421844005584717,12.52416757222352,-13.154988001858197,13.317135333574248,-2.6126782113951177,-0.9406932747894657,1.1919226453836242,0.0335564,0.346404,0.257341,0.365704,0.716643,0.394955,-0.443502,-0.0925392,0.346419,-0.242688,0.606266,0.358725,0.523687,-0.479071,34.89990810528212,-3.4640822722712024,13.127536316929707,-3.4820559222069,-4.47840003914537,-10.497199536508852,22.87504061523951,46.961537735905324,-0.113923,0.251087,-0.338892,0.580163,-0.0256335,0.116696,0.80569
19.451130151748657,11.193729379060791,-14.134860490288023,13.789031325490047,-2.709900711405952,-0.6907281107251407,1.1920395333642706,0.0335035,0.346025,0.257174,0.356104,0.721148,0.38895,-0.449281,-0.0922824,0.346277,-0.242728,0.614325,0.356329,0.523077,-0.471194,35.86875686762204,-2.1663637892797327,10.890873332989237,-0.10989099310064532,-8.963947426866639,-12.964105577582764,24.167734079096768,50.47612934457316,-0.11817,0.25108,-0.338324,0.612704,-0.0358595,0.112276,0.781474
19.47522783279419,13.055100013457139,-13.241564369534315,13.649119302581786,-2.6078753878842256,-1.0099130659200772,1.2008457704481428,0.0334812,0.346019,0.257146,0.356084,0.721166,0.388977,-0.449246,-0.0929234,0.34659,-0.24268,0.603618,0.361894,0.524118,-0.47956,35.18559039517817,-2.9727184372116184,12.15200213024492,2.2152462532924666,-7.234688516650245,-12.659246304019142,25.4605164906555,51.64960004797582,-0.114245,0.25132,-0.338732,0.575517,-0.0280145,0.116396,0.808979
19.503282070159912,13.046102367538271,-13.57115932388519,14.023317240707929,-2.6108542095679215,-0.9618564398102404,1.1917599104980292,0.0335682,0.345958,0.257134,0.356562,0.72094,0.38916,-0.44907,-0.0932909,0.346711,-0.242707,0.605238,0.358551,0.52566,-0.478341,35.263747850467965,-3.101567713940507,11.758063649258418,1.1699406617561046,-8.119598815309885,-12.212388061979723,25.08252258763149,51.71766912871021,-0.115409,0.251032,-0.338615,0.582188,-0.0263944,0.115327,0.8044
19.530321836471558,13.521005983470827,-13.264018330655682,14.15369980723685,-2.5726216794438956,-1.0270352892226233,1.2126951152243908,0.0338166,0.345837,0.257181,0.35148,0.72328,0.389656,-0.448883,-0.0935319,0.347079,-0.24249,0.606157,0.358324,0.525796,-0.477195,35.85427125566416,-3.021952740575567,11.379690284948328,3.5963887067504885,-7.82007708137759,-11.966956031914584,25.03642957733825,52.56742124960475,-0.114785,0.252062,-0.338659,0.574077,-0.0248438,0.118697,0.809771
19.552597522735596,12.136002081545092,-13.777424267014453,14.438648253708331,-2.620560964482429,-0.8126085044505675,1.1203650221979953,0.0339031,0.34583,0.257252,0.350271,0.723989,0.389188,-0.449092,-0.0938529,0.347268,-0.242391,0.604063,0.357952,0.527911,-0.477796,35.72469337970568,-3.277724365230137,11.229063058911859,4.924974215660143,-8.295983658383435,-11.952365337265626,25.76025014324426,53.95936412921163,-0.118562,0.252147,-0.337945,0.604167,-0.0345479,0.116956,0.787471
19.579504013061523,12.719258595850969,-13.480699987407611,13.77574351036922,-2.589547885312898,-0.9221669520307108,1.212862161322125,0.0339773,0.345741,0.257262,0.351122,0.723829,0.389245,-0.448636,-0.0936457,0.347208,-0.242276,0.609584,0.358428,0.525942,-0.47257,35.889293383815826,-2.581284905890106,10.867116634218782,3.525908543543732,-7.2795140983439595,-12.473880669210004,24.871482934493137,51.64886176793496,-0.116957,0.252193,-0.338037,0.586298,-0.0273995,0.118408,0.800926
19.605576515197754,12.78614675077967,-13.114633203573128,13.139214479464286,-2.5375092907900862,-1.014984032675395,1.1848226737464995,0.0339123,0.345723,0.257226,0.350955,0.723536,0.389339,-0.449157,-0.0947818,0.347558,-0.242172,0.604048,0.359142,0.52595,-0.479081,35.78133469754051,-3.1897761777487563,11.561150940192626,3.3651951115283723,-6.671180955493064,-11.48695687337765,24.765306734609652,51.769178868193286,-0.116431,0.252433,-0.338178,0.578902,-0.0234995,0.120927,0.806038
19.632196187973022,12.917507549422655,-12.76737605116941,13.973897641611455,-2.560121966854659,-0.9386737761140183,1.2379654976186045,0.0338394,0.345717,0.257087,0.351708,0.72221,0.390158,-0.44999,-0.0946315,0.34729,-0.242279,0.612145,0.356021,0.525458,-0.471616,36.10502152582447,-2.30302068141891,10.729636371847619,1.5099294668917587,-8.32456102355546,-12.653004170459198,24.25592678839025,50.944766846366406,-0.117015,0.253124,-0.338133,0.576427,-0.0274735,0.122224,0.807489
19.657511472702026,13.192086145138296,-13.306218517269992,14.70821259356525,-2.550212290485402,-0.8970446208555916,1.179395681261562,0.0339151,0.345674,0.257187,0.351102,0.723164,0.389904,-0.44915,-0.0952636,0.347583,-0.242163,0.603581,0.358121,0.527216,-0.479043,35.72339471691762,-3.3083586077241613,11.51620582272287,3.3379463711248363,-6.971191727022607,-11.408614168164192,24.875741227787902,52.09540542217885,-0.117476,0.252439,-0.338116,0.58022,-0.0244527,0.11872,0.80539
19.684248208999634,10.716761027779343,-14.926454881327077,15.554614781847764,-2.6464120134476885,-0.5097372929068632,1.0864987757319147,0.0340012,0.345651,0.257276,0.350218,0.723728,0.389411,-0.449361,-0.0952223,0.34769,-0.242067,0.603431,0.358008,0.527359,-0.47916,35.783701686187904,-3.331757760557107,11.403308212424264,3.729097378187145,-7.134095466176504,-11.369057091799469,24.952090467324922,52.42902451278376,-0.122746,0.25277,-0.337721,0.628957,-0.0371596,0.112477,0.768363
19.71087336540222,12.076425851058874,-13.898255890210542,14.776029986315839,-2.6161866738357324,-0.7069162970334589,1.213469399627626,0.0341108,0.345669,0.257387,0.351894,0.723093,0.390107,-0.448468,-0.0944763,0.347672,-0.242032,0.613715,0.356334,0.523346,-0.471686,36.35999273792878,-2.3194495971488793,10.815838357780077,0.23234656297241685,-6.3406689927196425,-11.607959100583109,23.13516712928617,48.63225574940655,-0.118692,0.252486,-0.337742,0.595744,-0.0296909,0.117302,0.794007
19.735675573349,12.058883998215109,-13.68588570924305,14.740960572117684,-2.57774203240147,-0.7631747791002503,1.1380375495841761,0.0341644,0.345614,0.257435,0.35203,0.722533,0.39098,-0.448504,-0.095017,0.348056,-0.241906,0.603484,0.359759,0.524681,-0.480718,35.841241625550744,-3.255669255298443,12.062361094223583,1.7592500416917396,-5.60475075407863,-10.936421023068263,24.06480451606266,50.149409653951786,-0.118339,0.252699,-0.337781,0.593068,-0.0289477,0.117227,0.796047
19.76243019104004,12.174862018361072,-13.67604791140221,14.981926041781156,-2.5728732604255566,-0.7678491130525574,1.1480137496215181,0.0342801,0.34554,0.257518,0.351841,0.722758,0.390973,-0.448295,-0.0949116,0.348315,-0.241868,0.602552,0.360865,0.524419,-0.481344,35.79529269275031,-3.291554129514335,12.212776758677673,1.8692995054384944,-5.138615778963008,-10.936571625172192,24.152333521183674,49.96565086843832,-0.117781,0.253159,-0.33771,0.589572,-0.0289145,0.119505,0.798303
19.787992477416992,12.217369071640467,-13.698623301435862,14.6662014978924,-2.555784448300322,-0.7794631429227281,1.1549582512299816,0.0343101,0.34549,0.257661,0.350801,0.722076,0.39156,-0.449696,-0.094747,0.348737,-0.241928,0.603358,0.35809,0.527411,-0.479132,35.78712501983712,-3.2006038839168163,11.69972496731322,2.3055649138860765,-8.366368132858796,-11.974238453934156,25.083519891149084,52.56764823946545,-0.117293,0.253373,-0.337852,0.588379,-0.026037,0.120254,0.799169
19.81692385673523,11.96179379065522,-13.407397490702975,14.761847253600536,-2.553222301605283,-0.7578956766917604,1.1174405101021065,0.0343038,0.345462,0.257716,0.350295,0.72212,0.392096,-0.449551,-0.0945882,0.348963,-0.24201,0.602208,0.359728,0.525748,-0.481176,35.91039901886966,-3.22289702677136,12.11298332708698,2.2555870552033923,-7.691716328435163,-11.879098951768405,24.989860887082756,52.132029561746904,-0.117644,0.253816,-0.33782,0.591946,-0.0298166,0.119824,0.796463
19.844584465026855,11.93435249392531,-13.63913080596762,15.325675943280404,-2.598889250757395,-0.6651466780637993,1.1857466268124344,0.0343973,0.345427,0.257856,0.349064,0.723349,0.391958,-0.448653,-0.0939259,0.349109,-0.242169,0.6116,0.357655,0.5242,-0.472486,36.51344695533979,-2.3483409306537926,11.039414149675547,1.2614289200662085,-7.623257077133061,-12.59519750335118,24.177443269038747,50.471353746607065,-0.117364,0.254068,-0.337861,0.591566,-0.0297384,0.120159,0.796698
19.871000289916992,11.841529208534565,-13.698190500842113,15.720134557902542,-2.5757563957245737,-0.668649535774889,1.1176730596040432,0.0346271,0.345347,0.258085,0.348856,0.724701,0.390505,-0.447899,-0.0941344,0.349467,-0.241987,0.603165,0.359928,0.523508,-0.482269,36.299550652211764,-3.4259924031988858,12.007271541818103,1.7174050643235255,-5.697750172429494,-10.633583908699258,23.94798485607248,50.38255539034752,-0.117359,0.254082,-0.337895,0.592901,-0.0285759,0.118839,0.795945
19.8977472782135,11.915851106186496,-13.633922760434956,15.841443718543703,-2.5605913673585685,-0.6643441381760931,1.1177600090213495,0.0347964,0.34531,0.258274,0.34765,0.724802,0.391994,-0.447373,-0.0937712,0.349821,-0.241916,0.602436,0.360704,0.524221,-0.481825,36.35423579629947,-3.4278887041720183,12.120886208871099,2.8329368762026625,-5.833977872905976,-10.977705794841974,24.440747069923926,51.160296838426206,-0.116805,0.254575,-0.337585,0.590824,-0.0300457,0.120979,0.797112
19.923197746276855,11.664573691668213,-13.511281307437343,15.345568622991333,-2.5357881776672064,-0.6848997372414203,1.1028689211819105,0.0349077,0.345194,0.258609,0.346104,0.725146,0.391484,-0.448459,-0.0937605,0.350406,-0.241975,0.604377,0.357816,0.524823,-0.480892,36.66052578218896,-3.357480257667159,11.615894530588832,2.0690967112168437,-7.8501798743166304,-11.292166080680019,24.528659253589133,52.17446530063427,-0.116674,0.254822,-0.337545,0.591972,-0.03069,0.119839,0.796408
19.949103355407715,11.63488044562297,-13.198433915097452,15.242726748432046,-2.5255726174487694,-0.6887826186455603,1.0750018393001666,0.0347961,0.345206,0.258684,0.347055,0.724918,0.392297,-0.44738,-0.0935161,0.35063,-0.2421,0.602669,0.360133,0.522912,-0.483381,36.62998361444804,-3.494097406592967,12.253733858599386,1.5180399935238533,-6.347601160660737,-10.913227127584982,24.24650068805997,50.99231077423225,-0.116883,0.254822,-0.337644,0.59478,-0.03116,0.118625,0.794477
19.974310398101807,12.017596866945883,-13.113881301055805,15.838273257318532,-2.533375054108343,-0.6832407000723617,1.0909479074411044,0.0347871,0.345194,0.258694,0.346877,0.72514,0.392176,-0.447265,-0.0934288,0.350691,-0.242183,0.603286,0.360463,0.522691,-0.482604,36.653571244849054,-3.399357150837609,12.186573533651128,1.5645501297655358,-6.192787210723225,-11.11539071641294,24.304395003896644,50.84542716364219,-0.11627,0.255113,-0.337694,0.590646,-0.031424,0.120393,0.79728
20.000454664230347,11.888325246373153,-13.55603395669555,16.697496883972274,-2.5670936796045147,-0.5890680390647549,1.0972374213914458,0.0348353,0.345146,0.258722,0.346654,0.725366,0.39232,-0.446944,-0.0933324,0.350861,-0.242336,0.603563,0.360957,0.521853,-0.482795,36.75162715782553,-3.3690062939275336,12.270661267450503,1.2895081736124006,-5.721982414828105,-11.100580628088856,24.201708322819762,50.357466743838266,-0.116798,0.25526,-0.337659,0.595604,-0.0334794,0.120733,0.793447
20.02822971343994,12.159510567207002,-13.64311827499327,17.013367504763014,-2.56950993280608,-0.6176834296849866,1.1188918518567137,0.0348724,0.345139,0.258757,0.346575,0.725528,0.3923,-0.446761,-0.0933532,0.351019,-0.242463,0.604919,0.358526,0.523255,-0.48139,36.820817164449934,-3.4438442977626496,11.882111303839434,0.9464967826320958,-6.663036040151752,-11.000854767346965,24.179211804464888,50.863986644731156,-0.115717,0.255444,-0.337801,0.588232,-0.0317299,0.120887,0.798976
20.051185846328735,11.885194299307358,-13.71142166407362,16.963209483130964,-2.573086515935777,-0.564863879676546,1.0934638891349275,0.0349497,0.345155,0.258928,0.347088,0.725691,0.393612,-0.444941,-0.0933355,0.35124,-0.242455,0.604545,0.35861,0.523638,-0.48138,36.81826062805116,-3.6609377349766,12.061162870684132,0.906356256446692,-5.488401535007576,-10.482885105394637,23.98831338413488,50.203592036612214,-0.116395,0.2555,-0.337743,0.593553,-0.0330393,0.119262,0.795223
20.077815771102905,11.755699628242805,-13.68248676343074,16.84587591041424,-2.569095999531147,-0.5584448906828651,1.0967524270063458,0.0349555,0.345162,0.259002,0.345398,0.725897,0.394025,-0.445555,-0.0933298,0.351404,-0.242401,0.604351,0.359139,0.523931,-0.480911,36.921719754991955,-3.52483332600497,12.006707249073298,2.003235045331131,-6.073586616525503,-11.069702836510025,24.481306305673947,51.1968188954187,-0.116424,0.25561,-0.33773,0.594162,-0.0327451,0.119934,0.794679
20.102644443511963,11.897210681331629,-13.57378657539932,16.505375527782387,-2.588096709327018,-0.5495509110122552,1.177575380049498,0.0349088,0.345191,0.259008,0.346494,0.725553,0.394519,-0.444826,-0.0928229,0.351477,-0.242521,0.61439,0.356443,0.520608,-0.473751,37.555299355943404,-2.632871641615833,11.285238104378124,-1.2956070366969321,-5.84512088657452,-11.1545979464222,22.87351135234444,48.0232354890514,-0.116166,0.255751,-0.337854,0.59195,-0.0302838,0.120284,0.796373
20.129901885986328,11.973257626382367,-13.488784363270021,17.17218033727746,-2.583776697563169,-0.5709643149176528,1.119019247404865,0.0348782,0.345186,0.258995,0.346451,0.72558,0.394557,-0.444781,-0.0935017,0.351685,-0.242371,0.605342,0.358727,0.521289,-0.482839,37.199307135001064,-3.6035433050738632,12.341947487506477,-0.18687053350897642,-4.905951147048135,-9.912762752882138,23.19703151620659,48.98985172131717,-0.116793,0.256564,-0.337487,0.592397,-0.0369126,0.122153,0.795476
20.154133796691895,12.050812857231668,-13.651383516074388,17.33017194683978,-2.573330652292367,-0.5589438028823948,1.127753880176388,0.0348716,0.345189,0.259001,0.346422,0.725628,0.394527,-0.444753,-0.0936249,0.351943,-0.242416,0.604469,0.359243,0.523234,-0.481444,36.927604931618674,-3.603611620091458,12.20165075475802,0.6678847583213035,-5.219580953558555,-10.524051114405914,23.90587271516687,49.852762556093985,-0.116688,0.256658,-0.337516,0.591573,-0.0366557,0.12263,0.796027
20.181673765182495,12.12872833441596,-14.183567312665751,16.470746687115152,-2.56071648895904,-0.5302001098450967,1.2202370846608637,0.0348456,0.345207,0.25901,0.346365,0.725639,0.39465,-0.444669,-0.0931558,0.35197,-0.242503,0.612632,0.357401,0.522465,-0.473263,37.269307178169164,-2.721531389389922,11.282688364639032,-0.47049861757689726,-5.8700538293366336,-11.548010129528201,23.48237786468479,48.71243899691774,-0.115989,0.25533,-0.338767,0.595801,-0.0178263,0.119656,0.793969
20.20789408683777,12.14156108023677,-13.502996718617329,16.92338503386038,-2.5673715446332044,-0.5584329450424452,1.1832157027442078,0.0348247,0.345127,0.25904,0.34614,0.726357,0.393748,-0.444471,-0.0931341,0.351922,-0.24244,0.610918,0.35913,0.520625,-0.476186,37.31360239330534,-2.881370780201573,11.634357402345259,-0.5426108908940321,-4.59502896360339,-10.916595568617225,23.16449133738781,47.85434220095434,-0.116702,0.256295,-0.337677,0.589633,-0.0330594,0.121045,0.797865
20.23461151123047,12.200439498218868,-13.524855732971545,16.98891347538764,-2.547203402848174,-0.5970426076443613,1.1253049203338192,0.0348529,0.345125,0.259069,0.344813,0.726826,0.393482,-0.444972,-0.0937236,0.352261,-0.242359,0.603545,0.359336,0.523913,-0.481794,36.955535357368596,-3.7106939320102823,12.007869794294475,1.5890846965445924,-5.420882932906828,-10.471774866362082,24.115638444014923,50.59962993215411,-0.116499,0.256726,-0.337844,0.590534,-0.0326258,0.121148,0.7972
20.259071588516235,12.148452926373599,-13.274253582397057,16.963091147237986,-2.552825503141934,-0.6044120253136658,1.143744427280344,0.0348291,0.345197,0.259072,0.344157,0.727027,0.394383,-0.444354,-0.093706,0.352193,-0.242377,0.604123,0.360368,0.520837,-0.483631,37.35512601435506,-3.6621405190559413,12.413471440949252,1.102164432364635,-3.956623476319969,-9.859818715939141,23.36888740235455,49.04991533183036,-0.116583,0.25663,-0.337595,0.587462,-0.0347322,0.12417,0.798915
20.284902572631836,12.053355991888864,-13.698253948044515,17.06796544993514,-2.55416975062935,-0.5721534754851817,1.1369735859449506,0.0348138,0.345211,0.259079,0.344073,0.727029,0.39451,-0.444303,-0.0936839,0.352176,-0.24242,0.603762,0.360601,0.521743,-0.482932,37.244464585970604,-3.6568827344062336,12.355423520141247,1.7100266451999708,-4.1471517569913345,-10.201127810241054,23.782914173624345,49.55034208619402,-0.1172,0.256222,-0.337764,0.59369,-0.0335478,0.120302,0.794942
20.31035614013672,12.235352369002548,-13.728886234060434,16.907212704484127,-2.5876307903914824,-0.5741411118491666,1.2217285843022367,0.0347212,0.345218,0.259017,0.346182,0.726505,0.393683,-0.444255,-0.0932804,0.351928,-0.242539,0.611719,0.358967,0.520846,-0.47504,37.308279312714305,-2.8122344410830333,11.498455653834931,-0.46607912046168565,-4.442587608624713,-11.074546887588362,23.254580062042113,47.74153250347048,-0.116436,0.256253,-0.337941,0.588474,-0.0316678,0.121404,0.798722
20.33571982383728,12.08213725940507,-13.880935082238263,17.03524263276525,-2.558907199329941,-0.597225424912796,1.1353993446272281,0.0345523,0.345331,0.258855,0.344788,0.726472,0.393765,-0.44532,-0.0940767,0.351968,-0.242553,0.602927,0.359825,0.523402,-0.482758,36.97028447777185,-3.699021384166575,12.18967476874408,1.9656029551015628,-5.299868521504408,-10.60864986774039,24.277701226543225,50.726943651406216,-0.117093,0.255999,-0.337947,0.594288,-0.0327162,0.118285,0.794833
20.36253809928894,12.05006005417908,-13.94590812887766,16.904923752578174,-2.5685360883906574,-0.6210274317537509,1.1672320685252224,0.0343836,0.345439,0.258767,0.345026,0.726858,0.393455,-0.444779,-0.0942136,0.351708,-0.24256,0.604288,0.358508,0.523988,-0.481399,37.005436959041745,-3.728307410819813,11.90401359187739,2.033513293184477,-5.2164913166393205,-10.284847008403865,24.022548776008893,50.619792442921984,-0.116871,0.255957,-0.337984,0.591502,-0.0330077,0.119586,0.796703
20.38768172264099,12.110368078173899,-13.656473782899829,16.464312831363973,-2.5502096136696193,-0.6777824213580822,1.1845907882287225,0.0341397,0.345591,0.25863,0.345025,0.727029,0.394275,-0.443772,-0.0943853,0.35152,-0.242607,0.604777,0.36028,0.522788,-0.480766,37.06673710672916,-3.5973654906649015,12.119603824569595,2.548427920501151,-3.6188374509160255,-10.240295280712694,23.94646660234756,49.407095548339505,-0.116314,0.25595,-0.338265,0.586675,-0.0319117,0.120658,0.800147
20.414875507354736,12.266684061547124,-13.5509621977043,16.422360079798977,-2.5324251063376306,-0.6896918897855033,1.1720459555386025,0.0338976,0.345699,0.258427,0.347481,0.725086,0.395591,-0.443864,-0.0946577,0.351373,-0.242769,0.605169,0.358585,0.52457,-0.479597,36.79296005561743,-3.613079137007473,12.122784131847332,1.5699005171117406,-4.785949077152502,-10.519974834858665,24.051650340096053,49.99035430053426,-0.116385,0.255678,-0.338458,0.588681,-0.0303611,0.120145,0.79881
20.4405517578125,12.224552559554436,-13.72085782898917,16.73976061169806,-2.5631717881856946,-0.6553825141107728,1.179561169311177,0.0336244,0.345813,0.258088,0.346847,0.724426,0.395603,-0.445425,-0.09478,0.350816,-0.242819,0.607788,0.356166,0.526109,-0.476392,36.869153763245144,-3.2777244856395127,11.536427832980081,2.2427557556508972,-7.090621555988044,-11.312702622645872,24.41439018291548,51.65650502738863,-0.116535,0.255236,-0.338658,0.589486,-0.0310498,0.118893,0.798377
20.46731209754944,12.030099832926092,-13.836251171658901,16.984674517228743,-2.57865924069131,-0.5881123337538825,1.2208701504883468,0.0335992,0.345836,0.258029,0.34715,0.724248,0.395584,-0.445494,-0.0943588,0.35068,-0.242946,0.614159,0.355446,0.52574,-0.469109,36.99594472621255,-2.4771614863839906,10.799674884981044,1.6637367805750642,-7.553723282919378,-12.576589089713266,24.3578589308804,50.86555850764885,-0.116537,0.255122,-0.33865,0.590115,-0.0321475,0.118771,0.797887
20.493515491485596,12.02287181183262,-13.835995936936767,17.27396650887427,-2.54124696671518,-0.6325019980435269,1.1617615533572243,0.0336958,0.345866,0.257946,0.347841,0.72457,0.394419,-0.445464,-0.0942743,0.350272,-0.242727,0.605201,0.359689,0.52417,-0.479168,36.61432455244395,-3.327520698396629,12.07252979986868,2.7456104602605045,-5.551661267470408,-11.12350243220039,24.400110799287432,50.82408770785506,-0.116066,0.255054,-0.338641,0.588037,-0.0324432,0.118818,0.799401
20.520861864089966,11.79199016869203,-14.180160591317648,17.09072997409744,-2.591149940683135,-0.6179192699378394,1.1932778169547515,0.0337822,0.345779,0.257915,0.347692,0.72445,0.394218,-0.445954,-0.0940211,0.350097,-0.242611,0.606292,0.361068,0.522245,-0.478853,36.72820695896998,-3.0258202685345,12.175769306837488,2.428711504268694,-5.094894064295154,-11.341903945298405,24.133800232974313,49.971996231451584,-0.115512,0.254731,-0.338748,0.585367,-0.0289445,0.117954,0.80162
20.54622769355774,11.323156551115222,-14.188055871974827,17.321039800273457,-2.614068054344475,-0.571316855044005,1.1820379540680432,0.0339212,0.345597,0.25796,0.347163,0.72479,0.393872,-0.446119,-0.0940506,0.35019,-0.242706,0.607207,0.357713,0.524563,-0.477676,36.78551926849737,-3.2041794428448007,11.643456270487853,2.3121592340536843,-6.722392063429211,-11.197635160657512,24.200249607728104,51.28356094517334,-0.11601,0.255114,-0.338349,0.58859,-0.0343038,0.120915,0.798602
20.572980642318726,11.159453141644457,-13.98586632368787,16.76824852326191,-2.546010422510162,-0.6112445190535464,1.1399263531044348,0.0341685,0.345308,0.258269,0.347911,0.725827,0.392963,-0.444649,-0.093455,0.350469,-0.242827,0.604942,0.359576,0.523224,-0.480611,36.68342143287132,-3.5692338219089432,12.050393403840499,1.676716391588137,-5.003472170975144,-10.44854667753701,23.938812902210067,50.10037381960181,-0.116346,0.254823,-0.338618,0.59515,-0.0318587,0.118149,0.794243
20.598801851272583,11.612479344113126,-12.9311492767345,16.48835144428498,-2.4773547486474965,-0.6721004965114004,1.0926917305173094,0.0344706,0.345184,0.258738,0.345575,0.726284,0.39402,-0.444789,-0.0927987,0.351288,-0.243025,0.606549,0.357606,0.522868,-0.480442,37.19783347992481,-3.535893352141819,11.858938409696066,1.2991462081692013,-6.555242612431563,-10.713133006842355,24.027641995063178,51.04294321933348,-0.115357,0.255525,-0.338411,0.591226,-0.0340246,0.120752,0.796689
20.621768712997437,11.277504498864593,-13.220889569842809,16.463586477147388,-2.511194577838449,-0.612705780488478,1.074088483434681,0.0347952,0.345059,0.258975,0.346517,0.72672,0.393459,-0.443841,-0.0924039,0.351496,-0.242956,0.605573,0.360097,0.520711,-0.482154,37.13053371026993,-3.5962584720287465,12.276353129364317,0.4170530219765176,-4.536409281643877,-10.299619084849247,23.645069103469798,49.196547149215874,-0.11515,0.255491,-0.338386,0.594034,-0.0314729,0.11896,0.794972
20.64841866493225,10.469422107456111,-13.657065987035457,16.417845034113597,-2.567418985305416,-0.5806038212426794,1.0937456400429681,0.0355406,0.344967,0.259407,0.343704,0.726893,0.394668,-0.444669,-0.0916342,0.352027,-0.242696,0.604913,0.359728,0.520695,-0.483272,37.48524754047997,-3.5819599600919476,12.33495407779634,1.2899910721594985,-5.852806412755399,-10.651212886261078,23.976201836429546,50.6894989895602,-0.114475,0.256189,-0.337957,0.592673,-0.0334284,0.120922,0.795612
20.672413110733032,10.186724626047281,-13.523049877605875,15.67981473931582,-2.5929870114379514,-0.5864325049681687,1.132413601947736,0.035794,0.34489,0.259642,0.342866,0.728134,0.393405,-0.444406,-0.0908411,0.35201,-0.242585,0.611272,0.360559,0.516485,-0.479152,38.014641616316204,-2.8293834378612805,11.90827937708266,-0.050410931732113085,-4.469211312070797,-10.874232293535051,22.98477743607152,48.034999955256154,-0.114215,0.256288,-0.33778,0.593611,-0.0331156,0.121235,0.794878
20.698856353759766,9.875844326538902,-13.686009129302503,14.719875314723895,-2.5888505246225604,-0.6135702320737596,1.1251673769324932,0.0357735,0.344933,0.259855,0.342628,0.727891,0.394407,-0.444099,-0.0907745,0.352255,-0.242567,0.611292,0.360723,0.516158,-0.479357,38.117079667131684,-2.8233171684407905,12.055619486242175,-0.14777649251521296,-4.451603666546738,-10.98693462862348,23.063683307239792,48.03488897363866,-0.11441,0.256362,-0.337717,0.59636,-0.0324047,0.120015,0.793033
20.722382068634033,8.845694136379601,-13.098073592775892,14.5719801357244,-2.588960154052408,-0.5124414570334589,1.0652570365788925,0.0354748,0.344936,0.259861,0.342433,0.727113,0.395942,-0.444159,-0.0908529,0.352664,-0.242873,0.615371,0.357455,0.519505,-0.472926,38.125224131369016,-2.4579439208962333,11.248898934605936,-0.06305396294094834,-6.981461175422524,-12.357358987088219,23.75339622038444,49.66735974453808,-0.116165,0.256864,-0.337515,0.609408,-0.0423683,0.119536,0.782648
20.749587297439575,9.697801294919227,-12.818228853910652,14.978382716723305,-2.5937915519480668,-0.6051679960888345,1.0922296385762424,0.0354852,0.344912,0.259829,0.342032,0.727229,0.396202,-0.444045,-0.0908707,0.352738,-0.243157,0.615264,0.356521,0.520069,-0.47315,38.1939294647226,-2.5678802427844296,11.182541793619666,0.007781546992042365,-7.422474109269338,-12.397370210910701,23.945597294079526,50.190438586665714,-0.114465,0.257014,-0.337817,0.595761,-0.0398327,0.122211,0.79281
20.77426528930664,9.841783684049497,-13.24598233966594,15.544796381031663,-2.6338020401257993,-0.5774348773173202,1.1095070985117232,0.0356173,0.344888,0.259886,0.340555,0.728471,0.394553,-0.444613,-0.0906247,0.352777,-0.243251,0.61689,0.356437,0.517113,-0.474335,38.62573416101664,-2.432029949427947,11.079551917792084,-0.729627647481756,-6.951021695338532,-11.994050126542604,23.23091596022205,49.18049665798427,-0.11456,0.257049,-0.337934,0.598048,-0.0406821,0.121037,0.791223
20.8006010055542,10.366947781255261,-13.243873111035388,15.301200214202824,-2.5872043587562206,-0.6690944967203288,1.114043193729539,0.0356853,0.344946,0.260078,0.340704,0.728984,0.39562,-0.442705,-0.0905091,0.353009,-0.243347,0.610683,0.360052,0.517872,-0.478787,38.26881095028854,-3.069674157004668,11.924934865640004,1.072848771460965,-4.949012430281208,-11.564915609935014,24.058155177718167,49.56156209574349,-0.113001,0.256854,-0.338132,0.588404,-0.0357839,0.123513,0.798276
20.825586080551147,9.819286291576097,-13.285779180606099,14.838205335074692,-2.575555515511316,-0.6864367625962741,1.068386726449722,0.0356899,0.344953,0.260171,0.340518,0.728994,0.395783,-0.442686,-0.0906677,0.353158,-0.243203,0.606157,0.36023,0.518042,-0.484191,38.21031272698049,-3.663975983978857,12.465151252036684,1.3459100849716172,-4.917730566227156,-10.595122923927413,23.972546698609545,50.224187664228914,-0.112992,0.257057,-0.33814,0.592671,-0.0357365,0.122725,0.795237
20.852954626083374,9.480319992403714,-13.167063592835445,14.267764693681269,-2.5607002282972613,-0.6955477609197961,1.0560165476647303,0.0356325,0.344876,0.260205,0.341353,0.727584,0.394738,-0.445288,-0.0906292,0.35333,-0.243271,0.606721,0.358978,0.519079,-0.483302,37.99168507630443,-3.3934816227726605,12.182925847229338,0.2853317763279719,-7.72223779298379,-11.794630545144443,24.655709416130197,51.6562071914783,-0.113379,0.256976,-0.338038,0.595103,-0.0373763,0.121758,0.793492
20.882352113723755,9.402625404786205,-13.013593865440964,14.146695294047529,-2.5759188662024064,-0.6966690112426807,1.0537837455695298,0.0356377,0.34495,0.260241,0.340356,0.729208,0.395517,-0.442696,-0.0905579,0.353253,-0.243335,0.606027,0.360328,0.51788,-0.484454,38.22514379749283,-3.6840180031406677,12.461241127351624,1.328363382500516,-5.027406552616348,-10.714354980533557,24.112728388674004,50.37525373489647,-0.113756,0.257188,-0.337982,0.598016,-0.040132,0.12301,0.79097
20.908189296722412,9.799202764736375,-13.140044614221338,14.227030834083257,-2.581131843798822,-0.7201728939202665,1.064337387795718,0.0355596,0.344892,0.26022,0.340535,0.72845,0.394856,-0.444394,-0.0906747,0.353369,-0.243418,0.605688,0.361358,0.516694,-0.485375,38.17482570989084,-3.4512046678124446,12.608928046461823,0.5867668094576075,-5.743791538531532,-11.412390591155258,24.353531692054407,50.47560965438957,-0.11316,0.256798,-0.338252,0.594366,-0.0359834,0.12141,0.794162
20.933612823486328,9.653602368793688,-13.189950856892391,14.480919330984634,-2.5994205884746764,-0.6885198339691541,1.0661512379346705,0.0355383,0.344866,0.260339,0.340042,0.728409,0.395607,-0.444169,-0.0906977,0.353491,-0.243503,0.607074,0.359611,0.517865,-0.483692,38.29316522639651,-3.4282919637419487,12.32612601180061,0.6541362372469628,-6.592883638957055,-11.634001827161136,24.53559160004287,51.121167236878364,-0.113192,0.256825,-0.338167,0.594658,-0.0373246,0.12169,0.793839
20.959465503692627,9.147406663996643,-13.436266543451392,14.071222056267839,-2.6314034139110807,-0.6494848965551789,1.065481917372921,0.0356908,0.344929,0.260575,0.339823,0.730439,0.395781,-0.440837,-0.0906469,0.353549,-0.243575,0.608196,0.358899,0.516377,-0.484401,38.661417809508706,-3.8340130618131196,12.354616182179154,0.21147387767567238,-3.5902199047574612,-9.857846434468627,23.369619024050408,48.76869774145593,-0.114069,0.256943,-0.337975,0.601215,-0.0397989,0.120936,0.78888
20.98538112640381,9.209125225679998,-13.320441468451213,13.845367007682016,-2.623873962167053,-0.6853417994454554,1.0798726867092587,0.0356846,0.344882,0.260558,0.339055,0.730268,0.395633,-0.441842,-0.0906578,0.353607,-0.243619,0.608538,0.358012,0.516722,-0.48426,38.74633230970113,-3.7519134212621803,12.198114775174673,0.26782035427856243,-4.798296322186573,-10.202755454127846,23.52916266802123,49.69564804213817,-0.113563,0.256944,-0.338134,0.59749,-0.037596,0.121712,0.791693
21.014049291610718,9.413490959907866,-13.182664598168909,13.94244837026542,-2.623630768624997,-0.691645143644717,1.079691162730862,0.0358446,0.344902,0.260662,0.338066,0.731445,0.395389,-0.440871,-0.0908825,0.353816,-0.243661,0.607098,0.357481,0.517835,-0.48527,38.77114433964817,-4.109870586809457,12.128423335465595,1.0768274413343555,-4.150097412929583,-9.651634163726449,23.632746821714147,49.91057858971142,-0.113686,0.257101,-0.338154,0.597245,-0.0370297,0.123699,0.791597
21.039660215377808,9.604018055007074,-13.125630728912308,13.898951977171919,-2.6465635947693835,-0.6671649149879463,1.1566879437339297,0.0358636,0.34487,0.26071,0.337663,0.731548,0.395389,-0.441009,-0.0903489,0.353741,-0.243759,0.617141,0.35503,0.517231,-0.474935,39.18172550775009,-2.995531229495345,10.916566980713288,-0.0346810867780043,-5.1339704231539685,-11.109914708496838,23.280982443876415,48.906643767358474,-0.113785,0.257145,-0.337955,0.592466,-0.0388789,0.124478,0.79497
21.067960262298584,9.380613864994997,-13.11681293184198,13.649580816835602,-2.649948523637302,-0.6633733108748183,1.1323096885004957,0.0358307,0.344851,0.260734,0.338879,0.730464,0.396924,-0.440494,-0.0904872,0.353733,-0.243734,0.614448,0.358498,0.513151,-0.480218,39.292220750421194,-3.1253806978544816,12.077337215804128,-1.3557938432754142,-2.8355939619126076,-10.332439974890718,22.775061567912097,46.70625408480723,-0.114033,0.257227,-0.338076,0.596844,-0.0374701,0.12324,0.79195
21.09558129310608,9.452766913422122,-12.980767080357861,13.666355668195154,-2.651820321989535,-0.6580393158607081,1.1526923800935744,0.0358155,0.34473,0.260749,0.337272,0.730523,0.395331,-0.443054,-0.0905604,0.353833,-0.24376,0.616156,0.358763,0.51233,-0.478705,39.40968175440489,-2.6013156969723763,11.70891800516112,-1.375133847888229,-4.384556599275342,-11.626323052101526,23.15378590337873,47.42314948955423,-0.114161,0.257176,-0.337973,0.59563,-0.037955,0.124906,0.79258
21.121562719345093,9.30737512469447,-12.872075935113573,13.386991762206648,-2.65752412460364,-0.6748247244955675,1.1395754847657928,0.0358342,0.344799,0.26077,0.338251,0.730817,0.396797,-0.440506,-0.0905906,0.353692,-0.243886,0.615297,0.359868,0.509529,-0.481959,39.664475335274076,-2.970419944724097,12.401842062656204,-2.3287567330745667,-1.3893926594782329,-10.003570662884634,22.434366246572775,44.89890273181372,-0.114578,0.25694,-0.337979,0.597496,-0.0384929,0.122951,0.791454
21.14942955970764,9.316833225750939,-12.998483187329157,13.780222051761886,-2.6650299276716707,-0.6698116159339961,1.1160616827847016,0.0358546,0.344777,0.260755,0.338049,0.730867,0.396845,-0.440534,-0.0910475,0.353739,-0.243958,0.608493,0.360788,0.511027,-0.488282,39.36147798393849,-3.7522329147993987,13.042946263159713,-1.153638972957907,-1.286023237957309,-9.409019937688655,22.874916833929348,46.22120804310504,-0.114804,0.257086,-0.337938,0.598577,-0.0398966,0.125639,0.790144
21.175062894821167,9.336586940833374,-13.206626902255017,13.673804463242616,-2.6775421795279573,-0.66453486369858,1.1697166157757295,0.0357915,0.344734,0.260698,0.337469,0.730329,0.396592,-0.442097,-0.0908175,0.353767,-0.244072,0.616014,0.358092,0.509892,-0.481982,39.804466839026304,-2.861630330077502,12.182071244976264,-2.750150139261489,-3.1960101605980284,-10.498032798496368,22.421262026390952,45.967342837176375,-0.11447,0.256915,-0.338016,0.595236,-0.0391165,0.124405,0.792898
21.2010715007782,9.367332061928318,-13.083445425193522,13.474053661877416,-2.660683745179116,-0.6992778125255718,1.1152127278604815,0.0357575,0.344705,0.260679,0.337438,0.730217,0.396404,-0.442475,-0.0910462,0.353645,-0.244037,0.608439,0.360513,0.511021,-0.488559,39.37495644574918,-3.553046170851107,12.970782088518249,-1.115626896149724,-3.0060079302592726,-10.188053106082698,23.147972547998766,47.53997939661481,-0.114582,0.256811,-0.338072,0.59712,-0.0392091,0.123606,0.791601
21.228642225265503,9.321009109296766,-13.125627313650014,13.572650184855993,-2.6661343299105043,-0.6894570690945966,1.1003230114094313,0.0357803,0.344687,0.260667,0.337185,0.730305,0.3964,-0.442525,-0.0911379,0.353772,-0.244094,0.60653,0.361065,0.512085,-0.48941,39.21063852640127,-3.709903769093308,13.060192033278664,-0.38734973616937296,-3.141882316001592,-10.355475806065712,23.582816845511232,48.22455614729575,-0.114572,0.256721,-0.338093,0.597475,-0.039952,0.123399,0.791328
21.255410194396973,9.404500703324375,-13.201652805532179,13.443810557388696,-2.6692476046066993,-0.6952497983601533,1.1242946907219349,0.0359023,0.344734,0.26076,0.336467,0.731591,0.396155,-0.441165,-0.0909276,0.353633,-0.244243,0.608375,0.360874,0.508636,-0.490856,39.745036004933525,-3.775125750274064,13.18343640918675,-1.350808278051428,-1.1767063343746003,-9.207832544199952,22.64905853531443,46.052224291675735,-0.113979,0.256832,-0.338316,0.596434,-0.0368854,0.12562,0.791913
21.28352117538452,9.329826540587447,-13.112379227593536,13.188451357635728,-2.6427512482392084,-0.7025502644364234,1.105083707572546,0.0358894,0.344719,0.260763,0.336373,0.73147,0.395987,-0.441587,-0.0908825,0.35381,-0.244159,0.606847,0.359475,0.514777,-0.487359,39.138229066220745,-3.899210086696366,12.553644227869658,0.9569963220877753,-3.623522151171578,-10.376217346046715,23.99883850709348,49.433331840263804,-0.113918,0.256795,-0.338309,0.597538,-0.0379019,0.12527,0.791088
21.30946946144104,9.233271308666906,-12.99291574946428,13.223200571354555,-2.6502948205511507,-0.690894179519697,1.0905031994422538,0.0358106,0.344647,0.260684,0.337087,0.730483,0.396255,-0.442436,-0.0908516,0.353762,-0.2442,0.606635,0.359376,0.51481,-0.487661,39.04908837120467,-3.818940300102813,12.653778782124437,0.42343078405242807,-4.523958454494618,-10.692233479366124,24.087710661232222,49.889084391622845,-0.113986,0.256708,-0.33819,0.597746,-0.0395319,0.125298,0.790846
21.33747410774231,9.219987659141166,-13.052785282436265,13.47205103124242,-2.6439802379935204,-0.6732440346684572,1.088741611324809,0.0358038,0.344642,0.260664,0.336843,0.731141,0.39539,-0.442308,-0.0907959,0.353787,-0.244248,0.607032,0.359845,0.514764,-0.486869,39.01530171395482,-3.7583709019366336,12.499737631255286,0.6794338298782314,-4.1624313559531885,-10.794271963677879,24.159745001211164,49.653412496770265,-0.113865,0.256641,-0.338383,0.598754,-0.0386453,0.124668,0.790226
21.36698055267334,9.426803950864878,-13.05105153618201,13.421981970092181,-2.6369687980061913,-0.6960916282581812,1.0837575628772729,0.035805,0.344653,0.260686,0.33707,0.730541,0.396247,-0.442359,-0.0906992,0.353894,-0.244334,0.607841,0.35804,0.515886,-0.486003,39.05530812212723,-3.7828133702256967,12.348676781914499,0.35684389223689195,-5.326252888804426,-10.898101168762388,24.21967330208651,50.491482187655556,-0.11372,0.256692,-0.338415,0.598692,-0.0391407,0.124192,0.790324
21.39206051826477,9.647173365089753,-12.99596025911805,13.397154144478863,-2.647014942758175,-0.7293319450674258,1.0967412193271628,0.0358665,0.344637,0.260703,0.336869,0.730824,0.396231,-0.442059,-0.0903889,0.353746,-0.24439,0.609112,0.357998,0.513922,-0.486523,39.326267392779535,-3.715926426036402,12.42597949754338,-0.2754887436373501,-4.76460573734478,-10.509713520443029,23.646828791114153,49.56041125681411,-0.113164,0.256758,-0.338432,0.594608,-0.038847,0.124248,0.793407
21.418745517730713,9.705290296287865,-13.477213906738857,13.939800552693903,-2.6763764955215126,-0.6849640657256338,1.1088775540405242,0.0359576,0.344653,0.260787,0.337373,0.731471,0.396414,-0.440437,-0.0900778,0.353599,-0.244344,0.60935,0.360359,0.510702,-0.487871,39.501569240893254,-3.721208610925883,12.880441477723384,-0.8506963709715087,-2.0500723891696992,-9.713428185046965,23.02063929438138,47.00453208112174,-0.113649,0.256896,-0.338288,0.599022,-0.0410986,0.124567,0.789916
21.44429659843445,9.994579191435692,-13.413088639357127,13.950037252225158,-2.638564513557926,-0.7524156254211806,1.1111214992176905,0.0359212,0.34459,0.260781,0.336177,0.731309,0.394991,-0.442894,-0.0901675,0.353937,-0.244328,0.607294,0.361521,0.512311,-0.487888,39.197235586692784,-3.5447904789955476,12.720707771772716,0.32340520476167356,-4.022506587027145,-11.121684279495291,24.1203578097447,49.20776975819408,-0.112781,0.25702,-0.338493,0.59398,-0.0386857,0.125535,0.793683
21.47019910812378,10.280346009565639,-13.598943475173067,14.106614898800334,-2.6143698250564107,-0.8142907732100821,1.1213388103388178,0.0358893,0.344549,0.260764,0.337371,0.730803,0.395528,-0.442342,-0.090062,0.354078,-0.244326,0.607733,0.361758,0.51258,-0.486881,39.06325568551982,-3.5029570011178746,12.769627989284505,-0.23953245357440167,-3.808919550496668,-11.130765610483635,24.051557057082427,48.74358190842106,-0.112929,0.257175,-0.338452,0.595473,-0.0397025,0.124375,0.792696
21.496737957000732,10.647578466547904,-13.648907863777511,14.146859537198276,-2.586439604834909,-0.912103436847483,1.1301658438963444,0.0359151,0.344638,0.2608,0.3373,0.731415,0.3962,-0.440779,-0.0901373,0.354431,-0.244254,0.606632,0.360821,0.513896,-0.487561,39.057734998160264,-3.9002899859222806,12.78745868975468,0.12060334726513844,-3.2463625848657074,-10.221962217185101,23.777651228156028,48.73940498211668,-0.112659,0.257451,-0.338442,0.594472,-0.0393163,0.124886,0.793385
21.521013736724854,11.109170288575239,-14.047401510056996,12.883100809785105,-2.5386853566749545,-1.0971181715887754,1.1621966526657217,0.0358533,0.344541,0.260778,0.337367,0.730752,0.395349,-0.442587,-0.0899261,0.354633,-0.244189,0.606248,0.36129,0.513191,-0.488435,38.99883113925023,-3.7148450032949993,12.843183816425569,-0.527199299598685,-4.611121392972905,-10.714665736292517,23.870122006670613,49.40620748088294,-0.112007,0.256762,-0.339219,0.598843,-0.0262944,0.122602,0.79099
21.54798674583435,10.56218420218797,-13.488881858997576,12.5133191391236,-2.5093268898505,-1.1746604931191542,1.1515648533338336,0.035916,0.344625,0.260841,0.337284,0.731567,0.396217,-0.440525,-0.0897841,0.354981,-0.244128,0.608814,0.358483,0.51592,-0.48442,39.056099886742615,-3.837324595068162,12.230761594277762,-0.16241433187587972,-4.701530684658508,-10.21766993493356,23.588977084933457,49.59608051200098,-0.112628,0.258208,-0.338451,0.597306,-0.0395135,0.121912,0.791708
21.570844173431396,10.665988092955718,-12.830226632054591,11.28774047949562,-2.4776699110837153,-1.3045075752043112,1.218131309477506,0.0359658,0.344631,0.260935,0.337048,0.731678,0.396759,-0.440032,-0.0887166,0.3552,-0.244089,0.616273,0.358485,0.516041,-0.474761,39.17969833649799,-2.840481076350737,11.35293479209383,-0.06662361799357086,-5.309594304770776,-11.891139444104951,23.80539173748157,49.1212156299041,-0.11126,0.258631,-0.338323,0.5895,-0.0411567,0.125348,0.796921
21.599027633666992,10.19600342707085,-13.37313804506198,11.087740994065255,-2.511951060940916,-1.4220456903489365,1.207472940686845,0.035969,0.344626,0.260965,0.33716,0.731757,0.39668,-0.439886,-0.088637,0.355269,-0.244038,0.609512,0.35989,0.514349,-0.484169,39.17924664425627,-3.6974442577065996,12.411950685635972,-0.21310413432957986,-4.534756444145046,-10.197636320335285,23.343417724371104,49.25635053104904,-0.110895,0.258464,-0.338559,0.594591,-0.0380198,0.123786,0.793532
21.623480081558228,9.781050596181515,-13.77004153571021,11.148573751298999,-2.564867293494259,-1.4778140690615662,1.221487531337459,0.0359657,0.344631,0.260959,0.33707,0.731869,0.396675,-0.439773,-0.0879179,0.355127,-0.244136,0.608338,0.363929,0.511175,-0.485985,39.209218002586184,-3.5095037093090786,13.011710174105264,0.10698624069869922,-3.079102767837284,-10.505134792829423,23.51104607769413,48.12898207240855,-0.110348,0.258461,-0.338708,0.597328,-0.0396504,0.120939,0.791834
21.64988112449646,9.331924619998741,-13.901431878150822,10.290110994425357,-2.5740792396363465,-1.5748804053494456,1.2597451129678598,0.0359651,0.344625,0.260986,0.337253,0.731938,0.396561,-0.439622,-0.0872841,0.355003,-0.244259,0.610308,0.362394,0.511217,-0.484616,39.33304244284777,-3.438526984789244,12.739817068756373,-0.2629868952237615,-3.9550839405394456,-10.512758694514751,23.29082421428321,48.55123549194111,-0.108602,0.257336,-0.339729,0.599389,-0.026732,0.120173,0.790934
21.672849893569946,8.773139174186285,-13.756922313039562,10.343324198068641,-2.5884841445833033,-1.6028169366412006,1.3078806454206275,0.0359679,0.344655,0.261028,0.336187,0.732245,0.396401,-0.440071,-0.0863719,0.354765,-0.244416,0.618349,0.361025,0.508596,-0.478159,39.921622315427705,-2.506422693557284,11.992897491298208,-1.1720526579169679,-4.684968368894957,-11.525997773059089,22.817665691450685,47.6209234815704,-0.10881,0.258042,-0.339028,0.596846,-0.03896,0.119427,0.792461
21.698924779891968,8.110785590655738,-13.489664071597728,9.73357760075692,-2.5730306184904626,-1.7109877255434784,1.2684461994999434,0.0360279,0.344642,0.261135,0.335168,0.733554,0.395752,-0.439251,-0.08579,0.354805,-0.2445,0.610011,0.364511,0.510293,-0.484376,39.46182774545106,-3.3378555233640137,12.70171851368243,1.8851517502958544,-4.018524444744976,-11.2035527976225,24.10938921599114,49.60947125137753,-0.107231,0.258143,-0.339083,0.594422,-0.0419758,0.120433,0.793975
21.72724747657776,7.146252008900897,-14.00059639944797,9.623357552104384,-2.6349284509413704,-1.7294368693763038,1.362883461984578,0.0361053,0.344615,0.261172,0.334311,0.734157,0.394822,-0.439732,-0.0848614,0.3545,-0.244685,0.622036,0.360052,0.507294,-0.475485,40.31860568498999,-2.2303774944281693,11.384602512067048,-0.5003918797856137,-5.304243716333204,-11.863035325874307,22.745402799558555,48.092168575608135,-0.10703,0.257829,-0.339177,0.597877,-0.0425315,0.118034,0.791709
21.754359006881714,6.045138959745593,-14.140522620952623,8.938849022301092,-2.6163074581424333,-1.911418572058693,1.3627769828721195,0.0362087,0.344587,0.261322,0.335656,0.734706,0.394203,-0.438344,-0.0841243,0.354626,-0.244813,0.615945,0.361887,0.507894,-0.481346,39.9187037135724,-3.062682475089969,12.07505540139083,-0.008992606342939524,-4.4499546249621105,-10.80487936351053,22.995246928423278,48.61863399975437,-0.105271,0.257798,-0.339365,0.595324,-0.0444156,0.118203,0.793501
21.78155016899109,4.828745538671153,-14.08550724178135,8.398685388837492,-2.6592922657016516,-2.0641028194476845,1.402406589851579,0.0362267,0.344559,0.261411,0.33752,0.733572,0.394648,-0.438412,-0.0829068,0.354612,-0.244938,0.617069,0.362797,0.505825,-0.4814,39.90986787709115,-2.8461288391325947,12.378464907408837,-1.496684385853655,-4.899419298310633,-11.07352864924269,22.780394618121623,47.95959711385046,-0.103661,0.25798,-0.339558,0.594806,-0.0461711,0.119038,0.793665
21.80571985244751,3.6420392672797792,-14.285828644037998,8.213763925641855,-2.675319586132106,-2.2164921888814586,1.4722793479082847,0.0363231,0.344528,0.261467,0.336478,0.734355,0.393629,-0.438819,-0.0821796,0.354543,-0.244917,0.61342,0.365777,0.507316,-0.482239,39.51368562055243,-2.9420913587445394,12.499899632763437,1.0895867576198803,-5.239557825506651,-11.989234595109814,24.112458163373397,49.86492645431493,-0.102674,0.258,-0.339556,0.592105,-0.0474381,0.120969,0.795316
21.831695318222046,2.258649646596739,-14.504796699842998,7.270861705895109,-2.7126919516474266,-2.439313116956197,1.5279108707025846,0.0364469,0.344486,0.261583,0.33695,0.7344,0.393356,-0.438626,-0.0808189,0.354901,-0.244973,0.614752,0.365408,0.508583,-0.479479,39.35452753311256,-2.793216799067226,12.166020661984163,1.2432901195999158,-6.751697014231077,-12.650634090104901,24.53325136825724,51.059936303748124,-0.101117,0.258106,-0.339827,0.597971,-0.0457621,0.116688,0.791657
21.86013627052307,2.0480180292181114,-14.78939498554575,7.113301349339274,-2.722522331861,-2.638334650335194,1.623873226702297,0.0365961,0.344439,0.261745,0.336094,0.735754,0.392551,-0.437733,-0.0795489,0.354952,-0.244981,0.616341,0.366079,0.507122,-0.478474,39.561780497747954,-2.680845041842443,12.01139020853325,1.5828066107358119,-6.3733891989815845,-12.526679970550141,24.303663218305157,50.71804852620814,-0.0997217,0.258274,-0.339631,0.593724,-0.0478525,0.119163,0.794356
21.8869309425354,1.7044461287458,-14.649153663497382,6.383787026205114,-2.728824143968029,-2.774971690550478,1.588602128599189,0.0366567,0.344428,0.261875,0.334369,0.736374,0.392518,-0.438041,-0.078571,0.355088,-0.245072,0.616977,0.365439,0.506169,-0.479151,39.90276376923374,-2.653890489594767,11.939877726414057,1.9778716181886615,-7.549466891686301,-12.630483738050238,24.387709654421283,51.79137372752269,-0.0978993,0.258538,-0.340186,0.590867,-0.0463278,0.114171,0.797305
21.912232160568237,2.1809673349004894,-14.889499425467447,6.102647781553642,-2.7259291075390113,-2.8943010311246025,1.6325319383897068,0.036745,0.344391,0.262018,0.335613,0.737102,0.391728,-0.43657,-0.0777125,0.35528,-0.245104,0.615906,0.367121,0.506506,-0.478887,39.590870276805866,-2.8175287722968037,12.021008240993229,2.199038015187174,-6.57038327123076,-12.426397737727008,24.509946011855188,51.30621466339626,-0.0967824,0.258487,-0.340198,0.58803,-0.0471976,0.115573,0.799147
21.937119960784912,2.421677728039014,-14.842136788337749,6.266884225601331,-2.755279715612261,-2.82262809164143,1.588169944621881,0.0367676,0.344382,0.262083,0.33579,0.737405,0.391441,-0.43618,-0.0770879,0.355309,-0.245119,0.615229,0.367703,0.505397,-0.480481,39.64440457021916,-2.9400357342161954,12.224732661788913,1.976795684535137,-6.330591062992454,-12.015096188598257,24.23421804100675,51.088534625683344,-0.096337,0.25865,-0.34042,0.594797,-0.0458261,0.113836,0.794455
21.962825536727905,3.286488690257764,-15.335308699005434,7.009786007227031,-2.729719997916794,-2.62945774200972,1.5865104476669287,0.0367814,0.344368,0.262117,0.335974,0.737535,0.391309,-0.435936,-0.0766574,0.355268,-0.245172,0.616705,0.368608,0.50355,-0.479833,39.775374460511834,-2.7220215442077125,12.283061184945982,1.4314265355586606,-5.7172033738317936,-12.091109537517397,23.908747734084294,50.10075825720227,-0.0964844,0.258569,-0.340199,0.594074,-0.0490636,0.114837,0.794658
21.988450288772583,3.927718740242292,-15.10905490784685,7.7111117091972226,-2.686726963754321,-2.4667281681190016,1.540936816363497,0.0367749,0.34436,0.262121,0.335883,0.737633,0.391232,-0.43591,-0.0767314,0.355516,-0.245149,0.615609,0.369082,0.504613,-0.47976,39.61177932529878,-2.7930136158927574,12.276089878482118,1.9231076406264371,-5.846816086289131,-12.259933620982693,24.27160098358801,50.55395994465049,-0.0961581,0.258755,-0.340354,0.591749,-0.0478038,0.114911,0.796456
22.01519536972046,4.330910135938691,-15.026740278947567,8.448766927077473,-2.6769668898053474,-2.206121650490981,1.5285330224083127,0.0367404,0.344357,0.262115,0.335979,0.737464,0.391471,-0.435907,-0.0766101,0.355506,-0.245195,0.621104,0.367823,0.503673,-0.474604,39.86495969386465,-2.18642008178899,11.73560430546189,0.9051575915507009,-6.055495610660728,-12.889028742962502,23.855788251764388,49.59557613401165,-0.0964254,0.259094,-0.340491,0.591016,-0.0456663,0.113874,0.797275
22.038779973983765,4.038460041973235,-15.062059439892032,8.711122429316733,-2.714361562756816,-2.09355678212425,1.4972223960493574,0.0367266,0.344359,0.262098,0.335753,0.737402,0.391593,-0.436078,-0.0777259,0.35572,-0.245151,0.616392,0.364817,0.506302,-0.480237,39.803390508693475,-3.0910950750093393,11.939037061908579,0.8370290240832858,-6.9094071602849,-11.416167412844977,23.673141509291476,50.96622241889133,-0.0982698,0.25926,-0.33993,0.598296,-0.0479909,0.116251,0.791344
22.063905239105225,4.1020383685348225,-14.933750592831615,9.030650069345695,-2.7175809961428747,-1.9559316321084215,1.4933429005452536,0.0367126,0.344345,0.262063,0.335403,0.737315,0.391644,-0.436448,-0.078405,0.355893,-0.245131,0.61425,0.367962,0.503539,-0.483477,39.869469871580776,-3.0627756081887894,12.583084671049207,0.4486249639471751,-5.031214746168395,-11.232251682097214,23.414321414587885,49.40140094847845,-0.0997877,0.259194,-0.339771,0.600988,-0.0458973,0.117481,0.789243
22.09023880958557,4.54874160079747,-15.16398852706682,10.535886176168775,-2.7704648315353184,-1.8512360955980547,1.514410079154085,0.0366659,0.344324,0.261891,0.334105,0.736769,0.392135,-0.437921,-0.0795135,0.355953,-0.245159,0.610556,0.36703,0.505187,-0.48713,39.83780536380447,-3.422450245378327,12.802544701135965,1.2189445235002125,-6.167218614950812,-11.126277323254264,23.908337500890333,51.106272830149805,-0.101881,0.259631,-0.339341,0.603931,-0.0495247,0.120182,0.786365
22.11706018447876,4.748814745271083,-15.10806448363954,10.554294166163574,-2.793693941610139,-1.867896491107634,1.5380290816344655,0.0366627,0.344307,0.261849,0.334236,0.736545,0.392239,-0.438106,-0.08009,0.355839,-0.245196,0.61183,0.364517,0.505775,-0.486809,39.97629287293937,-3.4912515176857273,12.55625482740675,0.42275815287048246,-6.648308362939318,-10.742944940854244,23.528406516530172,51.004054579280506,-0.102184,0.259004,-0.339402,0.601507,-0.0440832,0.120276,0.78853
22.141444206237793,4.035205168532551,-15.62487646407567,10.37534710392971,-2.861556084861911,-1.924217125641202,1.6037643279477072,0.0366673,0.344253,0.261792,0.335403,0.736002,0.392717,-0.437699,-0.0808816,0.355628,-0.245154,0.60788,0.368188,0.504845,-0.489949,39.64278613328967,-3.6789923294979427,13.32986219000976,0.6600823621238021,-4.291160717607255,-10.597617486627811,23.731508479089857,49.62217267415501,-0.103877,0.258688,-0.33916,0.604322,-0.0432185,0.122093,0.786143
22.167847394943237,3.5872803334931938,-15.373351565940494,9.538364190333038,-2.8815616877866566,-2.041462385316661,1.6230108802448096,0.0366877,0.344232,0.261794,0.335157,0.736103,0.392601,-0.43782,-0.0812607,0.355565,-0.245084,0.607812,0.367724,0.504516,-0.490721,39.73461574464085,-3.7400351723509577,13.34300554856,0.41030962546305716,-4.032825097337302,-10.269318860207875,23.46604501501817,49.3047724916669,-0.10477,0.259,-0.338915,0.605693,-0.0463956,0.123185,0.784735
22.192394495010376,3.1124947278729636,-15.212464032655307,8.534216672444613,-2.8859368790769238,-2.3064098102283443,1.6633551728365923,0.0366937,0.344214,0.261779,0.334993,0.736178,0.392505,-0.437905,-0.0816793,0.355624,-0.245089,0.606908,0.367207,0.504265,-0.492482,39.80412247920765,-3.923094224680508,13.451639868544458,0.04450497610617177,-3.823495300120676,-9.776671122394873,23.198511928652362,49.102045385499046,-0.10521,0.259273,-0.338721,0.604303,-0.0467967,0.124388,0.785593
22.220666885375977,3.1497346637198835,-15.199800830980353,7.737254109643179,-2.8602731613848684,-2.537711604291935,1.6786977296835248,0.0367373,0.344197,0.261772,0.335098,0.736145,0.392513,-0.437873,-0.0817315,0.355808,-0.244967,0.607857,0.36699,0.505106,-0.490608,39.72955782629173,-3.7965363109842785,13.238764076546033,0.07199468040372992,-3.994696628128615,-9.991261776195294,23.239960623179545,49.12025243009929,-0.10471,0.258901,-0.339059,0.602408,-0.0388634,0.122803,0.787727
22.2474946975708,2.2302141318168323,-14.737972278840381,7.204357410940752,-2.839415270233855,-2.599887367829544,1.652979437882983,0.0367708,0.344173,0.261803,0.335011,0.736292,0.392371,-0.43782,-0.0816237,0.356025,-0.244865,0.606784,0.367028,0.506118,-0.490865,39.60401045285547,-3.9191066992113726,13.219981651813985,0.46829653184011377,-4.321662552503447,-9.932335447621334,23.404489487899927,49.69139773506319,-0.105068,0.259087,-0.338912,0.605756,-0.0402768,0.122098,0.785194
22.273682117462158,0.3886233195472883,-14.42815517955906,5.550625419839377,-2.848708355855195,-2.8075567054391284,1.674601500381841,0.0368055,0.34419,0.261864,0.333642,0.736906,0.391783,-0.438359,-0.0809606,0.356125,-0.244839,0.608554,0.367796,0.504423,-0.489842,39.86013811031754,-3.5867267194720647,13.08294002956504,0.6867296033793551,-4.608913849145196,-10.374947269126913,23.350822966503163,49.67878981671809,-0.104494,0.259765,-0.338685,0.604587,-0.045749,0.12366,0.785551
22.300734758377075,-0.00145610865365508,-14.47699116217903,3.886491111887265,-2.8777193341513585,-3.0478344458176787,1.6841818348365318,0.0369042,0.344169,0.262012,0.335011,0.737506,0.390946,-0.437052,-0.0799144,0.356386,-0.244814,0.608253,0.368831,0.505634,-0.488187,39.490980468125706,-3.670762215673539,12.956852954962063,0.9835871624322969,-4.32633981825272,-10.436041115699325,23.63311772546953,49.6965025451908,-0.102346,0.259775,-0.33919,0.602508,-0.040343,0.123449,0.787475
22.330514669418335,-1.182473758648009,-14.477152766713694,2.781070909443321,-2.938901805660645,-3.207428386646238,1.671239907771488,0.0369436,0.344169,0.262082,0.335437,0.736832,0.391737,-0.437153,-0.0786329,0.356389,-0.244935,0.609089,0.370128,0.50452,-0.487315,39.50580022435957,-3.4008923761707868,13.13702168861878,0.9495968225788367,-5.070303269836323,-11.178683843590733,23.928632883907934,50.105308647129654,-0.100139,0.258654,-0.340079,0.604442,-0.0299776,0.119658,0.787041
22.355509042739868,-1.5834583097209882,-14.477446717209384,2.722541531081348,-2.972938832337921,-3.244542611845469,1.6716492413249329,0.0369546,0.344164,0.262102,0.335376,0.736913,0.391715,-0.437083,-0.078078,0.356266,-0.245093,0.611616,0.366038,0.506159,-0.485536,39.69072653594378,-3.485380982094042,12.55606970983796,0.5543822957649311,-7.129762936452828,-10.96751668195742,23.80572952386253,51.43857020869653,-0.100262,0.259594,-0.339408,0.604374,-0.0443765,0.119506,0.786436
22.382310390472412,-2.4044559979568203,-14.460958520173879,1.7230514912213108,-2.955877312852743,-3.436002669568598,1.6954904869371024,0.0369513,0.344182,0.262177,0.335581,0.737089,0.391769,-0.436581,-0.0767279,0.356248,-0.245283,0.612978,0.367923,0.506118,-0.482426,39.548508369324125,-3.142838306417751,12.441948216680192,1.4749750178045637,-7.433121935563605,-12.128794687729858,24.563033548600043,52.01847309334447,-0.0973535,0.259513,-0.339837,0.599814,-0.0432224,0.118905,0.790074
22.408462524414062,-2.59755344652275,-14.167760526432554,1.2969029166122508,-2.937316396204881,-3.538971463619322,1.7029303126422655,0.0369575,0.344203,0.26223,0.335616,0.737168,0.391849,-0.436349,-0.0759104,0.355964,-0.245336,0.616044,0.365128,0.504927,-0.481892,39.9503989865179,-3.1034575510825757,12.183185721390714,0.4097882823311316,-8.421752585645237,-11.569079318744095,23.783644240396356,51.88077302155548,-0.0965934,0.259177,-0.339644,0.596422,-0.0464,0.119551,0.79236
22.434163808822632,-2.752057172175607,-14.217486223218398,1.2165237850826012,-3.0588328282176094,-3.5334518141728286,1.681577859647311,0.0369575,0.344158,0.262322,0.336491,0.737483,0.390378,-0.43646,-0.0746176,0.35569,-0.245535,0.614784,0.368644,0.502426,-0.483436,39.77279296045783,-2.9853327213963983,12.579748106895632,0.44915699955829425,-7.756862038084314,-12.046997088784622,24.072457293814285,51.456747239229436,-0.0953524,0.258882,-0.339895,0.604556,-0.0476192,0.117878,0.786352
22.460394382476807,-2.8528533683326267,-14.622412191875567,1.799547544990734,-3.2154782563047455,-3.345783254633123,1.6628151019903512,0.036951,0.344165,0.262407,0.335919,0.738508,0.389964,-0.435537,-0.0736375,0.355483,-0.245735,0.61548,0.370756,0.501266,-0.482138,39.80632133003626,-2.810072779508542,12.581508921015025,1.5063526270483045,-6.9043633015073524,-12.548958746453927,24.434654748816197,51.32998553621973,-0.0963703,0.258842,-0.339965,0.619857,-0.0543236,0.114138,0.774467
22.486642837524414,-1.128082886655748,-14.944485367149682,2.2137536294681763,-2.9711913327111974,-3.4326546913993154,1.6321570465417492,0.0368414,0.344168,0.262362,0.336989,0.737221,0.391174,-0.435805,-0.0727604,0.355279,-0.245999,0.618066,0.369389,0.500278,-0.480903,39.98788417828103,-2.5659561571521428,12.58137036677947,0.31632325381369597,-8.351838550807216,-12.973161529901198,24.293731324123513,51.51600109363691,-0.0927499,0.258071,-0.340604,0.5982,-0.049477,0.111921,0.791949
22.51474952697754,-0.13923668711945866,-15.154019438246412,3.275416387410002,-2.870800191076683,-3.1321750926270515,1.5905623541356686,0.0367816,0.344155,0.262367,0.338626,0.736771,0.391783,-0.434749,-0.0722726,0.355314,-0.246182,0.61695,0.369643,0.500949,-0.481443,39.76473284471832,-2.792284013095288,12.800323355796532,0.04536401448100591,-8.23326738327573,-12.744260587813535,24.3978698099976,51.553833603300134,-0.0915123,0.258101,-0.340841,0.595809,-0.0501831,0.112433,0.793632
22.541622161865234,-0.4000014941546768,-15.523873298598756,4.156499170574606,-2.7815839680171983,-2.7745490244461872,1.5646316945106353,0.0366654,0.344203,0.262341,0.339186,0.736729,0.391644,-0.434509,-0.0715746,0.355249,-0.246474,0.619091,0.369521,0.499225,-0.480578,39.93238647110462,-2.596577915767077,12.767277681536175,-0.8598760202364097,-8.327469021900157,-12.879972721447345,24.1137175464789,50.92420005233155,-0.0903809,0.257931,-0.341072,0.591324,-0.0516346,0.114274,0.796625
22.568939208984375,-0.45193728185404536,-15.662520184079328,5.120904397562794,-2.766232171382295,-2.5490035807179523,1.5291892500804753,0.0366505,0.344212,0.262292,0.338374,0.737574,0.391769,-0.433596,-0.07134,0.355107,-0.246544,0.617129,0.370322,0.499584,-0.482108,39.9262704431984,-2.8801941564153184,12.932189620410355,0.46354118666129196,-7.696213567868,-12.467029912198079,24.291268235135643,51.47004711857864,-0.0903462,0.257931,-0.341074,0.59141,-0.0549718,0.115423,0.796172
22.59493613243103,0.39607379695026784,-15.963044999014775,6.392170823202279,-2.79779701314761,-2.291603619154951,1.4907692756765198,0.0366683,0.344177,0.262269,0.33829,0.737627,0.391682,-0.433649,-0.0713662,0.354853,-0.246803,0.618608,0.368855,0.498616,-0.482341,40.17436516979978,-2.869985077661732,12.83362806981155,-0.33785111210161034,-7.821864267359416,-12.248775538916128,23.948646610668128,51.06647098870319,-0.090355,0.257548,-0.341334,0.595747,-0.053355,0.114848,0.793126
22.620986223220825,0.3858321118311688,-16.28500270435361,6.9661883567325145,-2.7968576725822114,-2.0778925236466224,1.4566300615732637,0.0366659,0.344186,0.262261,0.33816,0.737651,0.391608,-0.433775,-0.0714332,0.354543,-0.246973,0.619193,0.36767,0.498017,-0.483113,40.35209962048154,-2.930093257730671,12.801219127407656,-0.7272053840020369,-7.982496033353108,-12.016100083652226,23.746601487059806,51.00294254665247,-0.0908936,0.256929,-0.341411,0.598117,-0.0532082,0.113117,0.791599
22.64775037765503,0.34800451826010315,-16.475961372099505,7.292336371997351,-2.769183657099797,-1.9802675888362786,1.4631450645199995,0.0366438,0.344184,0.262227,0.338279,0.737522,0.391751,-0.433774,-0.0714779,0.354256,-0.247072,0.618764,0.368528,0.49884,-0.482159,40.17764879811554,-2.860666078965501,12.790406587164789,0.13759199938734312,-7.8808440451660005,-12.623682429004283,24.35634636651842,51.4812465733157,-0.0912118,0.256616,-0.341299,0.599338,-0.0543954,0.113896,0.790482
22.67503070831299,0.5224107293152476,-16.65752013006037,7.807564293723754,-2.7127306589587374,-1.9886312427777864,1.4771256030402922,0.0366158,0.344179,0.262156,0.338266,0.737553,0.391578,-0.433887,-0.0716817,0.353912,-0.247303,0.617373,0.368015,0.498125,-0.485063,40.27853119533568,-3.129044690423406,13.01698721350115,-0.10769348855167848,-7.71169223729467,-12.081523273275145,24.196412773775066,51.482052710594736,-0.0909032,0.255986,-0.341458,0.594064,-0.0536828,0.116001,0.794198
22.70326256752014,0.845055760403273,-16.287707167220226,8.102028549739384,-2.704534169615376,-1.9763409780409884,1.4588744369561517,0.0365864,0.344139,0.26215,0.337824,0.738068,0.391393,-0.433523,-0.0718054,0.353602,-0.247479,0.618833,0.366049,0.497996,-0.484823,40.517417019080305,-3.2078036426641567,12.770194035793615,-0.36550456591536573,-7.77233393616234,-11.678323901587468,23.87302383360162,51.3713164913979,-0.0910812,0.25559,-0.34148,0.5946,-0.0533371,0.117002,0.793673
22.727915048599243,0.48885839406580994,-16.268512411825128,8.325642834030486,-2.7303584209987495,-1.9552224778195704,1.4674671722288795,0.0365791,0.344131,0.262128,0.337738,0.738032,0.391476,-0.433577,-0.0719022,0.353536,-0.247553,0.618374,0.366201,0.498758,-0.484511,40.425275089907764,-3.221153036665264,12.74004033223293,0.11752077624895918,-7.902583446044247,-11.960401188339368,24.243639443997992,51.82516400257928,-0.091764,0.255688,-0.341439,0.598578,-0.0543426,0.11652,0.79068
22.75688934326172,0.7759290138567716,-16.55505912882156,8.383664455241341,-2.7385977741430882,-2.038820055164711,1.5014641561199982,0.0366155,0.344086,0.262096,0.337478,0.738149,0.391221,-0.43381,-0.0718729,0.353377,-0.247468,0.616596,0.368756,0.496363,-0.487291,40.480603502846215,-3.2260825390839614,13.247863208826015,0.13567548961938414,-6.657137293176412,-11.707765453102368,23.953960808694003,50.95296394556441,-0.0914794,0.255633,-0.341501,0.595384,-0.0520592,0.11718,0.793143
22.782850742340088,0.9743095559361533,-16.06420197806576,8.919349651298534,-2.743777256960215,-2.0043248186983247,1.4945829785884446,0.0366536,0.344106,0.262081,0.337867,0.737598,0.391377,-0.434304,-0.072266,0.353741,-0.247407,0.618048,0.367698,0.496885,-0.485716,40.47353053272843,-3.0615509568552044,13.038230756238601,-0.7542702998388648,-7.179380050497798,-11.904865258063019,23.81934095756483,50.64569581283665,-0.0930578,0.255849,-0.341351,0.604007,-0.0527484,0.116006,0.786725
22.807921648025513,1.18504712128607,-16.62784751841869,8.802030753613003,-2.680293806076389,-2.0584311219402704,1.5139607876179535,0.0366489,0.344107,0.262074,0.337813,0.737589,0.391432,-0.43431,-0.0724297,0.354,-0.247346,0.61713,0.368074,0.497516,-0.485953,40.37009064913376,-3.124231280036475,13.081189375537189,-0.549051234629566,-7.175677574773154,-11.910219174547386,23.95188125204735,50.838746247605236,-0.092229,0.256186,-0.341432,0.595989,-0.0517083,0.11616,0.792862
22.835400342941284,0.8106514043531955,-16.296187210603524,9.047163411975172,-2.6067434558626856,-1.9783459900126918,1.4995097696693298,0.0366157,0.3441,0.262017,0.339135,0.737095,0.391791,-0.433795,-0.0726001,0.354422,-0.247205,0.616683,0.367433,0.498644,-0.485849,40.1795744733033,-3.284162957269322,13.103269102293265,-1.3150777770755333,-7.2320777947875,-11.387055534222611,23.649938732132316,50.51156248426488,-0.092706,0.256837,-0.341434,0.597933,-0.0507098,0.117043,0.791332
22.859683513641357,0.7465843942467352,-15.695866463342565,8.891999175640164,-2.5656377248988274,-1.985677456322749,1.4762985129902995,0.0365629,0.344099,0.261932,0.33776,0.736854,0.392362,-0.43476,-0.0727135,0.354715,-0.247051,0.614719,0.370463,0.498089,-0.486605,40.11914976321796,-3.0771534997183334,13.454588683352124,-0.08116687003630929,-7.150685842020337,-12.180324826757158,24.210478579918362,51.08738690151837,-0.0926658,0.257337,-0.341092,0.592793,-0.0552527,0.116409,0.794979
22.88600754737854,0.4668270425740684,-16.208121958422137,8.633342235573418,-2.5864371465406966,-1.9637285645834774,1.4953597740325892,0.0366058,0.344029,0.26204,0.338497,0.737815,0.391486,-0.433345,-0.0725738,0.35497,-0.24693,0.614327,0.371632,0.497598,-0.486712,39.9989135483969,-3.2228948450072323,13.50739839460477,-0.4271848106623004,-5.491245397074032,-11.476787973376688,23.72822189523861,49.74258980377392,-0.0923716,0.257474,-0.341344,0.59309,-0.0514422,0.1155,0.795146
22.913043975830078,-0.45027963728039494,-15.962178476773895,8.533476747678337,-2.6841133247085973,-1.787345879411688,1.504351816756701,0.0366429,0.34402,0.262078,0.337045,0.738288,0.391085,-0.434031,-0.0723389,0.355147,-0.246896,0.616366,0.372722,0.494277,-0.486684,40.42499823382981,-2.8351791812451017,13.558460231009487,-1.062563354925718,-5.036137746865933,-11.62537706618452,23.236575176201228,48.63647625834002,-0.0941642,0.258577,-0.340673,0.611566,-0.0585773,0.118634,0.780053
22.937545776367188,-0.43278558442655973,-16.138794505361435,8.095749610074916,-2.6802765929530965,-1.8395817021127805,1.470091378317301,0.0366585,0.344014,0.262083,0.337079,0.738299,0.391064,-0.434006,-0.0721292,0.355315,-0.246974,0.617594,0.369316,0.495907,-0.486065,40.52648180968827,-3.013858569319928,13.152768545535888,-1.591562461349124,-6.67465338875877,-11.233476372534135,23.013496372430797,49.550882527162415,-0.092901,0.257915,-0.341344,0.60381,-0.0533067,0.111948,0.787426
22.964003324508667,-0.386543798646295,-16.345126250528786,7.7977097049327835,-2.6914458927007057,-1.8456142295590723,1.4967547771784675,0.0366628,0.344006,0.262084,0.337057,0.738412,0.390967,-0.433918,-0.0716328,0.355165,-0.246858,0.615831,0.371322,0.497428,-0.485218,40.1725949520742,-2.9938500635636895,13.198119403133607,0.1694464753547109,-6.819823453006478,-11.955147367275536,23.88166480122374,50.76476219996887,-0.0918534,0.258527,-0.341373,0.599555,-0.0550678,0.115309,0.790067
22.989187955856323,-0.3561986836578752,-16.34434098493226,7.873148036619388,-2.743994704803843,-1.7850798707407287,1.4535426464735015,0.0366757,0.343993,0.262109,0.337132,0.73851,0.390843,-0.433804,-0.0712487,0.355216,-0.246954,0.617056,0.372596,0.494842,-0.485332,40.364453296743626,-2.7730180320697677,13.378167520545865,-0.6629677350177055,-6.014610824611552,-11.965198315248571,23.467854826668162,49.500596456697494,-0.091735,0.257989,-0.341538,0.603675,-0.0547006,0.110792,0.787597
23.016703128814697,0.09318230385593904,-16.943049720220582,8.008343106372338,-2.754502039253542,-1.7683359513937404,1.4692667375339044,0.0366735,0.343992,0.262112,0.337012,0.738561,0.39085,-0.433805,-0.0710179,0.355244,-0.246962,0.615639,0.370367,0.498658,-0.484931,40.111930770077805,-3.1121368204057047,13.036358842493435,0.5517403757226056,-7.936931969317278,-12.048921768398209,24.23896238414623,51.90853600367294,-0.0905155,0.258076,-0.341844,0.601114,-0.0505641,0.113229,0.789484
23.04194736480713,0.6899692686217483,-17.01944466115547,8.668125133702453,-2.737851230076614,-1.6864175437229294,1.4287486691828382,0.0366809,0.343983,0.262108,0.337125,0.73861,0.390799,-0.43368,-0.0705567,0.35535,-0.246987,0.61687,0.37288,0.496975,-0.483165,40.09840698616943,-2.71671371154208,13.135720503630903,0.535228613043639,-7.073388094708271,-12.733717950376437,24.279695171314163,50.98666188661816,-0.0898607,0.258263,-0.341855,0.597597,-0.0537949,0.11144,0.79219
23.065481424331665,0.9412702891661036,-16.85716633887051,9.092699378544545,-2.729578513834729,-1.5985318518330391,1.3922409755822152,0.0366903,0.343971,0.262114,0.337158,0.738613,0.390789,-0.433657,-0.0705121,0.355394,-0.246968,0.616904,0.373046,0.497306,-0.482653,40.04390458171315,-2.6855138924146926,13.09400120061876,0.690584919483566,-7.134135886481928,-12.879374113366744,24.402505095840844,51.10723888334896,-0.0899765,0.258766,-0.341672,0.598729,-0.0588666,0.112161,0.790872
23.090935468673706,1.4625319899082951,-16.76942763284468,9.222263886279771,-2.71195596676605,-1.472160439777532,1.3638202692468842,0.0366856,0.34396,0.262152,0.336868,0.738697,0.39091,-0.433631,-0.0702939,0.355325,-0.246912,0.619562,0.372456,0.495496,-0.481563,40.35971945321775,-2.4360798913372115,12.983243655398105,-0.13033494735006101,-6.983383011986625,-12.753619460873466,23.77820416819858,50.17255598781195,-0.0896616,0.258579,-0.341815,0.600404,-0.0570384,0.112238,0.789724
23.117311716079712,0.9655144683954755,-16.848611800817668,9.516610351294563,-2.754816744947641,-1.3213025155820444,1.3318151803070581,0.0366642,0.343979,0.262156,0.337014,0.738608,0.391078,-0.433518,-0.0702878,0.355343,-0.246967,0.61982,0.37201,0.495576,-0.481494,40.385012588649296,-2.4591604855018243,12.963032757791922,-0.31544256286104755,-7.101217091185809,-12.699304875077082,23.73421168268476,50.169641451823026,-0.0910095,0.25868,-0.341611,0.610721,-0.062834,0.110487,0.781578
23.142419576644897,2.6591298320692163,-16.987371858583757,9.966260332807709,-2.680273111566977,-1.4050633392926772,1.3300542393877237,0.0366565,0.343973,0.26211,0.337118,0.738647,0.3908,-0.433621,-0.0701575,0.355305,-0.247038,0.618986,0.373268,0.496609,-0.480527,40.12897544335422,-2.3925852012312863,12.92961164393175,0.6000790479357434,-7.175119408820841,-13.355528539866675,24.41741535091522,50.81763590536309,-0.088672,0.258236,-0.34222,0.596295,-0.0533829,0.110075,0.793389
23.169620513916016,3.610263466431092,-17.263767052892455,10.644469529686205,-2.714454993860773,-1.3694946377390533,1.3225126625924994,0.0366648,0.343961,0.262103,0.337078,0.73866,0.39082,-0.433612,-0.0701606,0.355279,-0.247056,0.618971,0.37328,0.496599,-0.480547,40.134411348474174,-2.3940225372151422,12.932777208657072,0.6326610580925482,-7.15378571179054,-13.364408205316721,24.432573814084257,50.82797570882288,-0.0887112,0.258227,-0.342153,0.596379,-0.054733,0.110229,0.793212
23.19179606437683,4.187064691588064,-17.289425350819652,10.251589141698533,-2.7171653157163944,-1.3552803163062723,1.3031660746933944,0.0365659,0.343925,0.262027,0.338075,0.737642,0.391072,-0.434341,-0.070346,0.35523,-0.247093,0.619246,0.37236,0.496037,-0.481487,40.16221615556382,-2.380995755945479,13.051667615663519,-0.6468010809063784,-7.817860167893727,-13.226811136719888,24.124195562725777,50.5339164071109,-0.0887522,0.258052,-0.342191,0.59552,-0.0543617,0.110053,0.793907
23.218563079833984,4.224472853330684,-17.107528686127896,9.78453774606563,-2.7119911918973574,-1.3262994845774327,1.2834384297268162,0.0365343,0.343949,0.26201,0.338106,0.737521,0.391243,-0.434369,-0.0705197,0.355198,-0.247133,0.619177,0.371077,0.496932,-0.481644,40.16835023471584,-2.503891808533437,12.951622995285017,-0.6632038174967398,-8.341974248615742,-13.07336317290585,24.14924513859182,51.00213666674988,-0.0896608,0.257754,-0.342186,0.601323,-0.0536419,0.108605,0.789771
23.24220037460327,5.025285808472352,-16.445033814635423,10.752250758834856,-2.7020068800873682,-1.3048609715135788,1.265904908832673,0.0364915,0.343902,0.261878,0.337658,0.737215,0.390402,-0.435989,-0.0709808,0.355129,-0.247204,0.620376,0.366947,0.500425,-0.479644,40.07992539654962,-2.521358730534172,12.191223993974674,-0.5246934357902013,-11.252143444132116,-13.58789513538612,24.782104010445796,53.229332302089574,-0.0899669,0.257779,-0.342064,0.600677,-0.0556322,0.109145,0.79005
23.268665552139282,5.737839268768278,-16.594431163083822,11.21130526335971,-2.72890921934389,-1.3234308068527283,1.3053744934661955,0.0365586,0.343973,0.261899,0.337596,0.737915,0.39123,-0.434107,-0.0709461,0.355014,-0.247222,0.620874,0.371273,0.494974,-0.481324,40.451852879561415,-2.3359663930529324,12.95683836116049,-1.1687687629138885,-7.03201411150031,-12.764274559150493,23.537412844893527,49.52841183750254,-0.0897696,0.257627,-0.342027,0.596386,-0.0559267,0.111214,0.792987
23.29194974899292,5.452037511730531,-16.51986520069658,10.976904483235993,-2.75770204157622,-1.3055252022299533,1.2875208940291372,0.0365612,0.343992,0.261858,0.338008,0.737276,0.391335,-0.434778,-0.0709294,0.354993,-0.247283,0.620743,0.367427,0.499473,-0.479793,40.19299601717496,-2.571766330180968,12.395788226283127,-0.628087139041984,-9.933411098093622,-13.1398280932938,24.332366923273238,52.203073735557766,-0.0899562,0.258038,-0.341988,0.59981,-0.0578634,0.111368,0.790238
23.318638563156128,5.548203183901766,-16.65398000110607,10.68026453780759,-2.7525070805117364,-1.346402843450615,1.3109770262955187,0.0364619,0.343876,0.261873,0.336414,0.739069,0.389221,-0.434868,-0.0709905,0.354941,-0.247356,0.621623,0.368976,0.49577,-0.481304,40.566379763459565,-2.4328230633088967,12.423175497540974,-1.0636996167817792,-8.263675008852871,-12.630516787542618,23.534472748088834,50.483361601797256,-0.0898754,0.257477,-0.342033,0.596856,-0.0559002,0.111345,0.792616
23.342977046966553,6.5469199581099184,-16.52038970779581,10.804077907173074,-2.7219866027060284,-1.407188214116796,1.291469391114203,0.0364034,0.343917,0.261714,0.338482,0.735954,0.391033,-0.436916,-0.071087,0.354659,-0.247301,0.619858,0.370893,0.495825,-0.48205,40.193085150287686,-2.141996112391589,13.02426183293381,-1.5102232820417107,-9.613732962758576,-13.974272649753459,24.377107562943035,51.22222275027263,-0.089071,0.257489,-0.342403,0.592842,-0.051382,0.111347,0.795927
23.370734453201294,6.793851046370878,-16.404206852201185,10.960682995102138,-2.7173474712861623,-1.3632542946889157,1.2674838155704449,0.0363283,0.343908,0.261677,0.338187,0.736707,0.389962,-0.436832,-0.0714073,0.354583,-0.247338,0.61978,0.370116,0.497002,-0.481534,40.10566555293184,-2.2504312003263838,12.726686130558278,-1.0602122867718862,-9.629587709798578,-13.852490741871748,24.475187366936414,51.55125741416569,-0.0900774,0.257188,-0.342279,0.596785,-0.053286,0.110271,0.793
23.397833108901978,6.629558580512312,-16.133461331416523,10.812172878203496,-2.698417615205727,-1.3564164666543903,1.272587276682508,0.0363051,0.343942,0.261667,0.338235,0.73686,0.390015,-0.436489,-0.0714441,0.354577,-0.247323,0.619609,0.370502,0.497036,-0.481424,40.07591706544656,-2.27146460304996,12.755544130723901,-0.8486728556156073,-9.219011415284683,-13.77446826588514,24.457625458185053,51.37880403114284,-0.0899988,0.257523,-0.342186,0.595142,-0.0551584,0.11286,0.793742
23.424973964691162,6.445220095743067,-15.585103184964675,10.965920138097074,-2.6951201409751397,-1.3396935747995566,1.2614466891539868,0.0362902,0.343938,0.261629,0.338398,0.736546,0.389974,-0.43693,-0.0715717,0.354666,-0.247315,0.61818,0.370989,0.498388,-0.481488,39.83675152201322,-2.3182251097367956,12.776812175485333,-0.2835356159795346,-9.732094006238995,-14.184917528805691,25.013580846065178,52.209104810272,-0.09083,0.257884,-0.341747,0.594838,-0.0621589,0.11515,0.793123
23.4522066116333,5.724422165549909,-15.397604069900611,10.650404326012278,-2.7222835884683145,-1.337665760524153,1.245673392612951,0.0362709,0.343888,0.261658,0.337523,0.737514,0.389822,-0.436109,-0.0715334,0.354681,-0.247329,0.617718,0.371493,0.497867,-0.482231,39.960678133827635,-2.449928072837471,12.827613362906515,0.2352877390408814,-8.833232762874744,-13.71407433257395,24.814519306198225,51.91489319544892,-0.0908331,0.257985,-0.341942,0.599256,-0.05974,0.112335,0.790382
23.475571870803833,5.667423716516113,-15.04318911482064,10.474645998024588,-2.734745102798047,-1.4317544014603543,1.2705021960410656,0.036278,0.343912,0.261624,0.33753,0.737462,0.389941,-0.436084,-0.0714359,0.354544,-0.247346,0.619145,0.37018,0.496958,-0.482348,40.19065410747427,-2.4299632172452004,12.761451133893402,-0.4888039544700078,-8.992490460994347,-13.303534947743977,24.266591319055703,51.48919936958946,-0.0900951,0.257948,-0.341857,0.588976,-0.0608259,0.115033,0.797606
23.50103187561035,4.612552046946536,-15.066467247920453,9.846529696430643,-2.820977837269652,-1.4395627082805795,1.274243357392012,0.0362989,0.343893,0.261629,0.337564,0.737493,0.389891,-0.436049,-0.0714286,0.35453,-0.247343,0.619013,0.370119,0.496938,-0.482584,40.19196230987597,-2.46239215193883,12.774560694410553,-0.5399598295308401,-8.957018693417638,-13.214685057050588,24.224076922507265,51.457842819508215,-0.0909437,0.257949,-0.341889,0.598555,-0.0604152,0.113242,0.790733
23.52592921257019,4.4598159443828385,-15.100562579654,9.154331284153203,-2.8256156963021937,-1.4692911645322122,1.287704412997109,0.0363167,0.343919,0.261631,0.338483,0.736582,0.3897,-0.437046,-0.0713498,0.354491,-0.24733,0.618752,0.370317,0.496401,-0.483319,40.099666288852184,-2.37194693311345,12.916954330889052,-1.3332730700139166,-9.583962174705768,-13.50385645614599,24.301800177173387,51.45744100364831,-0.0907651,0.257236,-0.342217,0.602464,-0.0527266,0.110953,0.788636
23.553304433822632,5.006397523377321,-15.141606855795759,9.209659962612093,-2.7947497419362595,-1.524735187869516,1.3388894253650268,0.0363185,0.343915,0.261636,0.338559,0.736585,0.389649,-0.437029,-0.0712662,0.35447,-0.247336,0.617768,0.370014,0.497859,-0.48331,39.93936776746725,-2.504185336665701,12.848249270594795,-0.7233027080488377,-10.1257382785642,-13.623004729501247,24.71160441291736,52.358907476981294,-0.0900743,0.257148,-0.342043,0.593611,-0.0547473,0.113729,0.794792
23.57835364341736,4.530887355166756,-15.201560214699342,9.476340027485506,-2.8268941423423968,-1.4203900644980632,1.3438838101554835,0.036306,0.343895,0.261632,0.337714,0.737499,0.389703,-0.436092,-0.0711678,0.354415,-0.247419,0.617102,0.368847,0.499869,-0.482978,39.91950378579071,-2.7886431366192195,12.608327112447604,0.542807620974326,-10.361036355711128,-13.317716353483647,25.049400155128378,53.467967270545294,-0.0907139,0.257051,-0.342086,0.602214,-0.0548176,0.11331,0.788349
23.60401153564453,4.374804073821009,-15.06295001937625,10.202798240284485,-2.7993063186964386,-1.4144912889504104,1.37698471860708,0.0362978,0.3439,0.261589,0.336947,0.738177,0.389774,-0.435474,-0.0709695,0.35429,-0.247649,0.620274,0.370075,0.494829,-0.483165,40.52420773082588,-2.431490776359584,12.8257522375789,-0.8139632247761419,-8.319761237420373,-12.897515669895839,23.813629650077864,50.76667825987243,-0.0897592,0.257309,-0.341821,0.590676,-0.0612615,0.114747,0.796355
23.63001537322998,3.6112029878660734,-15.462454271698414,9.620130214236331,-2.8008854821269065,-1.4125015505167964,1.4102009743945298,0.0363227,0.343885,0.261598,0.336939,0.738237,0.389721,-0.435425,-0.0705926,0.353962,-0.247671,0.620971,0.367692,0.497014,-0.481845,40.47617190568925,-2.5497310539315965,12.424422628972835,-0.19735778911968893,-9.786751153412432,-12.985934703482123,24.16472448816668,52.258331214192864,-0.0892277,0.256707,-0.342374,0.596136,-0.0544836,0.1141,0.792865
23.656752109527588,3.2211140212033746,-15.360148383035245,9.31508751512549,-2.7996823780856452,-1.4211130158869363,1.3957246753045096,0.0363379,0.34392,0.261622,0.337875,0.737513,0.389838,-0.435823,-0.0703316,0.353835,-0.247702,0.618439,0.371154,0.495047,-0.484465,40.28909634929111,-2.5130796811467597,13.104514501207458,-0.2904824239680046,-8.837734530797718,-13.29725400040487,24.39446914342224,51.6487715389539,-0.0894988,0.256481,-0.342224,0.597597,-0.0568948,0.112372,0.791842
23.683459997177124,2.5467913736328662,-15.023715359020603,8.333751153953282,-2.7916305135535473,-1.4347855816396955,1.4010912960543522,0.0363065,0.343916,0.261606,0.337133,0.738218,0.389734,-0.435297,-0.0702032,0.353651,-0.247897,0.61931,0.369099,0.496844,-0.48308,40.34982786937977,-2.643127963278947,12.681671621716344,0.5423157451411704,-9.588928144338837,-13.300331058428966,24.723927955792742,52.76414159587188,-0.0893365,0.255933,-0.342364,0.601757,-0.0564839,0.112795,0.788654
23.70726704597473,2.139860158219448,-14.998915061423713,8.645256376410245,-2.836728442669621,-1.4102702672384357,1.4138580860815848,0.0363203,0.343942,0.261589,0.338075,0.737388,0.389913,-0.435812,-0.0699165,0.353244,-0.247962,0.619669,0.370619,0.495152,-0.483194,40.31450948893479,-2.398594968650692,12.955479700887171,0.09274965284364711,-9.284600795864037,-13.814005030655267,24.76749722404078,52.15445855348524,-0.089422,0.255754,-0.342366,0.602501,-0.058357,0.11235,0.788013
23.734779834747314,2.5742790252443952,-15.30502198988854,8.981469455140111,-2.8567858611011117,-1.4824110889869115,1.4657384591909925,0.0363104,0.343972,0.261544,0.337499,0.737399,0.390411,-0.435794,-0.0696511,0.35304,-0.248104,0.61837,0.371564,0.495865,-0.483401,40.228250017589794,-2.434380770045294,13.06506899568097,1.4176618092331772,-9.530507091918707,-14.320039395124866,25.52229912710015,53.24847589019833,-0.0878551,0.255525,-0.342431,0.592592,-0.0588246,0.115313,0.795033
23.759291410446167,2.1038916504515015,-15.403961510531829,8.768105943464342,-2.907662225039841,-1.4642987976847939,1.4695285413817696,0.0362969,0.343915,0.261591,0.33814,0.737446,0.389594,-0.435948,-0.0694205,0.352804,-0.248194,0.619865,0.370713,0.494575,-0.483461,40.34892465727028,-2.3703593836237857,12.97121439430801,0.27923330410630953,-9.581669730532369,-14.096943147458532,25.02028655810662,52.51769920470591,-0.0881734,0.255418,-0.342511,0.597467,-0.059126,0.113501,0.791616
23.783145427703857,1.6487610482705106,-15.330835119261945,8.852057320635167,-2.9354037322985733,-1.4643395518561424,1.487110970259371,0.0363059,0.343931,0.261579,0.338265,0.737263,0.389725,-0.436045,-0.0693012,0.352773,-0.248285,0.621222,0.370601,0.492307,-0.48412,40.6189004159703,-2.2461544621603666,13.110048300979024,-0.8881905945753701,-9.202128419592498,-13.817417978754229,24.38818037135738,51.414792122801586,-0.0882298,0.255332,-0.342341,0.598562,-0.0617769,0.113902,0.790528
23.80586266517639,1.6590382517457138,-15.239494584295594,8.536514925007154,-2.940896229748079,-1.5175166550349943,1.513431317049075,0.0363165,0.343925,0.261605,0.338149,0.73763,0.389667,-0.435566,-0.0691368,0.352757,-0.2483,0.620851,0.37172,0.491292,-0.484768,40.66318335761463,-2.262944882417492,13.279186678358208,-0.7981910578093228,-8.354478791714136,-13.624492145292564,24.252245937642762,50.86306139345186,-0.0881873,0.255335,-0.342332,0.598625,-0.0620508,0.11388,0.790462
23.830399990081787,1.722252021484449,-15.095783246288915,8.35898726098178,-2.9551641118808036,-1.5622491789161714,1.5358686254638194,0.0363143,0.343935,0.261619,0.338261,0.737656,0.389623,-0.435472,-0.0689508,0.352756,-0.248326,0.619177,0.369814,0.495657,-0.483923,40.29564443030115,-2.5993802302725992,12.912027052561395,0.6814622240510495,-10.186227519653293,-13.911365235534795,25.28196531473884,53.41096161057344,-0.0879545,0.255437,-0.342334,0.599676,-0.0629086,0.114454,0.789513
23.856682538986206,1.5080613702531411,-15.314549809766072,8.206546174527027,-2.9962321053918304,-1.5754396803456616,1.5662231914218008,0.0362742,0.343921,0.261605,0.337453,0.738384,0.389584,-0.434901,-0.0688358,0.35278,-0.248382,0.618984,0.369837,0.495642,-0.484167,40.3943495471972,-2.697224418633067,12.878837702908918,1.2507152039248304,-9.877986649136766,-13.655048761246107,25.267097237759703,53.56321274833326,-0.0881346,0.255344,-0.342327,0.60163,-0.0628702,0.114047,0.788087
23.883423566818237,0.9850749427172599,-15.430244027942992,8.343850865749005,-3.0826989980981185,-1.5963156727416694,1.6138441442533333,0.0362411,0.343997,0.261536,0.33671,0.739156,0.389445,-0.434289,-0.0685454,0.352604,-0.248472,0.619949,0.370028,0.494225,-0.484235,40.63895502296512,-2.663925154184205,12.87276085742921,1.473906219306702,-9.155879752947776,-13.320842902899258,24.900130966459706,53.04068476063994,-0.0884871,0.255184,-0.34228,0.605077,-0.0644465,0.113437,0.785405
23.90911865234375,1.0981569476615332,-15.743380986420178,8.005977401712194,-3.097040253520752,-1.7442086233541467,1.6806768708702344,0.0362356,0.343992,0.261534,0.336747,0.739156,0.389355,-0.434341,-0.068288,0.352501,-0.248541,0.620813,0.370674,0.491304,-0.485606,40.91679378724217,-2.5530239730096014,13.130003753842537,0.4166237716672505,-8.448914904478443,-12.965664661730145,24.172030065126865,51.767992630230616,-0.0871338,0.25476,-0.342663,0.59919,-0.0575653,0.113346,0.790449
23.932415008544922,0.7829058619311275,-15.52074254695318,7.642266049952149,-3.1028877210802435,-1.7961212585511084,1.7054089809668658,0.03624,0.343955,0.261574,0.337681,0.738965,0.38864,-0.434582,-0.0680816,0.352568,-0.24854,0.61968,0.370973,0.494318,-0.483762,40.40007719338279,-2.57890676017859,12.873263374661438,1.3219287610700086,-9.438940190268191,-13.796213980820887,25.21884552340541,53.174279204658575,-0.0872401,0.254731,-0.342335,0.598388,-0.0620634,0.114973,0.790481
23.95611882209778,0.296006548061488,-15.487172921551288,7.076685085763899,-3.149486612168981,-1.8497866773775593,1.710320790825387,0.0362391,0.343949,0.261592,0.338071,0.738384,0.389363,-0.434619,-0.0679254,0.352511,-0.248537,0.620007,0.369479,0.495095,-0.483691,40.4276889492446,-2.6565449187257624,12.824397343431766,1.0564987462693836,-10.37067559681212,-13.70677854773163,25.237822267096412,53.74992067811605,-0.0871891,0.254695,-0.342541,0.602385,-0.0603565,0.1126,0.787916
23.980387926101685,0.2438154588521174,-15.48805137501763,6.718757591500042,-3.1660234459028955,-1.9182011800427075,1.759386481745259,0.0362325,0.343977,0.261574,0.338003,0.738952,0.38855,-0.434434,-0.067337,0.352147,-0.24848,0.62012,0.371826,0.490377,-0.486545,40.749006399185966,-2.5613359029627487,13.324741098014027,0.22069100220665305,-8.589961861773148,-12.95979481388391,24.153471901468038,51.765179634104456,-0.086755,0.254444,-0.3426,0.602712,-0.0583819,0.114551,0.787533
24.007893562316895,0.2775216610694497,-15.638129429473125,6.453211426621938,-3.182757842638184,-1.94595762031162,1.77549494904522,0.0362149,0.343996,0.261566,0.339078,0.738152,0.388247,-0.435227,-0.0670206,0.352064,-0.248503,0.619931,0.372807,0.490078,-0.486336,40.55013054456121,-2.392798656940566,13.436597250453467,-0.15663872712172733,-9.100213814681872,-13.573440172965526,24.45439948933058,51.86306271382952,-0.0866885,0.254434,-0.342549,0.603651,-0.0600072,0.115143,0.786605
24.035075187683105,-0.11685132016659788,-15.368813950057792,6.310434616544594,-3.2270747534545268,-1.9663454977891268,1.7293413370968804,0.0361864,0.343996,0.261559,0.338363,0.739038,0.388205,-0.434316,-0.066743,0.35198,-0.248579,0.619251,0.372889,0.491914,-0.485286,40.428618789654024,-2.5395419873612166,13.237675718367363,1.4703949864261112,-9.094304887171461,-13.707483613399738,25.076823674386283,52.952390219882666,-0.0862675,0.254404,-0.342753,0.605975,-0.0606187,0.110943,0.785373
24.05860447883606,-0.40320358444136783,-15.238548420888728,6.010858672853935,-3.2634970041237845,-1.9856121474814383,1.7481273437982594,0.036188,0.343994,0.261561,0.338557,0.739056,0.38814,-0.434192,-0.0663824,0.351871,-0.248624,0.621166,0.372195,0.489818,-0.485491,40.72123751383032,-2.4331812830676594,13.255083075206596,0.30300740129636594,-8.913256280427142,-13.284627081237701,24.285625859762696,51.93797892827345,-0.0858724,0.25441,-0.342809,0.607227,-0.0588424,0.112081,0.784379
24.085756063461304,-0.5404700172764787,-15.10887474631594,5.694037907738377,-3.238925554965947,-2.0585161591964636,1.7606146163093341,0.0362346,0.34397,0.261599,0.338699,0.739049,0.388264,-0.433983,-0.0661445,0.35186,-0.248678,0.622051,0.371165,0.491001,-0.483949,40.67511314855941,-2.4152618394987995,13.007741289631134,0.47461389497827966,-9.551038184731325,-13.524357343799913,24.52876074897553,52.49260181834871,-0.0846861,0.254149,-0.342916,0.602866,-0.0568996,0.112125,0.787872
24.1109836101532,-0.7634736696379322,-15.1092423933308,5.159839393037814,-3.237475379638773,-2.100023990936359,1.734092670725454,0.0362763,0.34397,0.261681,0.339658,0.73851,0.388084,-0.434312,-0.0659197,0.351928,-0.248641,0.621587,0.370456,0.492575,-0.483489,40.43054575536707,-2.480818225889063,12.897757367057565,0.35816797173793447,-10.59946950786297,-13.806844604962606,24.946857546705246,53.31297911097975,-0.0843974,0.254712,-0.342686,0.600173,-0.062779,0.11222,0.789467
24.137898445129395,-1.4777082048094639,-14.921938605546684,4.850173427959392,-3.3204906881904943,-1.9886935457595538,1.6946406672141612,0.036278,0.343967,0.261715,0.339969,0.737874,0.388882,-0.434435,-0.0658875,0.352014,-0.248696,0.622098,0.371217,0.489861,-0.485003,40.68242126441156,-2.3647885188850735,13.29872508986685,-0.9541125339417782,-9.972406416182388,-13.573359215672106,24.321573658651204,52.01633728553913,-0.0859844,0.254336,-0.342526,0.614689,-0.0657811,0.110325,0.778241
24.16348910331726,-0.7854075245777589,-14.726653255930191,4.998867983527604,-3.217176355612608,-2.070369357443836,1.6962588434284098,0.0362905,0.34399,0.261698,0.340746,0.737096,0.388916,-0.435116,-0.0658133,0.351855,-0.248673,0.621611,0.370226,0.493752,-0.482432,40.2148000356901,-2.340976051633022,12.920221363559214,0.20553594823352128,-11.852985957594953,-14.670889530503658,25.627778626025638,54.16778371065516,-0.0839525,0.254011,-0.342864,0.60202,-0.0587238,0.111857,0.788423
24.189663887023926,-0.6506267224718104,-14.670591414734384,5.081503325004074,-3.241367268854274,-2.046167843586152,1.68054052762241,0.0362969,0.343944,0.261717,0.340028,0.737908,0.388819,-0.434388,-0.065871,0.351776,-0.248685,0.622395,0.369202,0.494163,-0.481784,40.35086081917636,-2.431416928309388,12.695451275473058,0.5705937567339596,-11.564967485139874,-14.288310199375708,25.433873160035144,54.157404481896435,-0.0839658,0.253962,-0.342857,0.60199,-0.0587817,0.111914,0.788434
24.217628955841064,-0.8338121968125916,-14.790835921892072,5.183908347049902,-3.255111730610686,-2.0366879504817317,1.6820733265358385,0.0363105,0.343982,0.261708,0.340719,0.737148,0.388863,-0.435096,-0.0658885,0.351792,-0.248716,0.623345,0.369172,0.491649,-0.483151,40.557107431421784,-2.287636475866437,12.944243677529503,-1.153846566604937,-11.453403720938582,-14.063443058325284,24.743269142559544,52.96587935584207,-0.0839821,0.253967,-0.342838,0.601943,-0.0587201,0.112077,0.788451
24.242046117782593,-0.7870899434345807,-14.421328955797186,4.742995796933593,-3.2498499318783165,-2.072482468423411,1.65683101908312,0.0363016,0.343955,0.261741,0.340047,0.738004,0.388693,-0.434322,-0.0658575,0.351826,-0.248629,0.621275,0.369842,0.494285,-0.482614,40.26946510585514,-2.5244710571321543,12.811968908020894,0.8383834752698611,-11.365095898733301,-14.186860081196528,25.521519946077373,54.26245952678747,-0.0844994,0.253895,-0.342791,0.602259,-0.0593605,0.109699,0.788497
24.270109176635742,-0.5711708680593527,-14.600823517203747,4.938774927606064,-3.2294006305317087,-2.0835097444280675,1.675253604356846,0.0362886,0.343957,0.261741,0.340173,0.737929,0.388744,-0.434305,-0.0659801,0.351809,-0.248627,0.621894,0.370591,0.492365,-0.483206,40.42208890841361,-2.4104129685509745,12.999796442675631,0.07954274227714819,-10.512175489052723,-13.988331778761328,24.963602678833812,53.07576139847296,-0.084189,0.254026,-0.342814,0.599371,-0.0580013,0.11162,0.790526
24.297520399093628,-0.37485271372444423,-14.421538746781467,4.949228210397493,-3.2202176137615366,-2.087679874738425,1.6666725547496402,0.0362841,0.343993,0.261711,0.340929,0.737073,0.388803,-0.435113,-0.0660313,0.351776,-0.248595,0.621507,0.371235,0.491769,-0.483815,40.333375298553584,-2.3043720654841167,13.191210935557994,-0.47977703215003586,-10.774909170329465,-14.275345371604601,25.020572201034273,52.91611194387098,-0.0842051,0.254058,-0.34283,0.598746,-0.0574722,0.11169,0.791028
24.324716329574585,-0.6747564511880011,-14.541996998500489,5.205643226305751,-3.3125346534379316,-1.985178753603542,1.695764015810947,0.0362464,0.343975,0.261708,0.340223,0.737804,0.388791,-0.434436,-0.0660906,0.351789,-0.248562,0.621197,0.371206,0.492083,-0.483917,40.39103256722764,-2.427924916611203,13.13880629798761,0.15487571213041562,-10.296799919854855,-13.920915799565925,24.92753178600479,52.97394321892536,-0.0858466,0.254206,-0.342484,0.609568,-0.061674,0.112058,0.782346
24.350215196609497,-1.3111971588274483,-14.747846744875009,5.653345902415883,-3.462489183028015,-1.7467328487329534,1.6722545027415339,0.0362309,0.343973,0.261701,0.340244,0.737921,0.388479,-0.434501,-0.0660718,0.351843,-0.24854,0.620941,0.371194,0.49183,-0.484511,40.400197159742355,-2.474544460964993,13.164529574082152,-0.027605155771684764,-10.27866297346253,-13.72342157384486,24.786303312851818,52.87224083775416,-0.0888812,0.254771,-0.342235,0.631032,-0.0697694,0.109524,0.764811
24.37695336341858,-0.38363742857725586,-14.943051664609083,5.824300922189573,-3.3304818326620174,-1.91191833213793,1.713536049540525,0.0362304,0.343996,0.261664,0.339171,0.739397,0.387795,-0.43344,-0.0661937,0.352023,-0.248535,0.619818,0.371827,0.492576,-0.484705,40.36660975601493,-2.6911397038601335,13.061083336985522,1.1625348964878874,-9.237157488164982,-13.247820593384446,24.826720342111148,52.930377006203784,-0.0859725,0.254536,-0.342452,0.609438,-0.0616179,0.11214,0.782441
24.402297258377075,-0.8348444045364016,-14.891081039356113,5.558914540127698,-3.296955881361592,-1.9214758026807588,1.7356675728638273,0.0362154,0.343985,0.261646,0.339162,0.739289,0.387632,-0.433778,-0.0660677,0.351909,-0.248513,0.62097,0.370615,0.492274,-0.484466,40.49418423675889,-2.6401682075968305,12.921846263563378,0.6825914789257119,-9.846757477847156,-13.130925523983926,24.562506720724826,52.97377682087309,-0.0856783,0.254452,-0.342638,0.609082,-0.0586251,0.112182,0.782942
24.42509126663208,-0.533289018087869,-14.470049563475255,5.426684131093006,-3.247342046893781,-1.9874259284877074,1.7253798906990718,0.0362289,0.343998,0.261657,0.339336,0.738818,0.388631,-0.433549,-0.0661089,0.352105,-0.248521,0.619618,0.370991,0.493366,-0.484797,40.36092186238851,-2.753093841263798,13.086244188287274,1.1265570095966133,-10.037745677412111,-13.267844335375663,24.963032121652105,53.5546202560019,-0.0850292,0.254464,-0.342694,0.603883,-0.0581431,0.111552,0.787084
24.452062368392944,-0.5399903000462194,-14.687334011044628,5.411545069558944,-3.2805381849632087,-1.9756268657324865,1.7375197917900258,0.0362454,0.343986,0.261657,0.339373,0.738672,0.38892,-0.43351,-0.0658901,0.352023,-0.248492,0.620027,0.37135,0.493079,-0.484292,40.3782018190645,-2.658816665736391,13.11513628056598,1.2235636506134924,-10.036015881817427,-13.442497489367113,24.992144936904765,53.523988863487105,-0.0849682,0.254529,-0.342673,0.604354,-0.0603343,0.111555,0.786556
24.477327585220337,-0.5080578690471378,-14.963280254748986,5.667608187369553,-3.315471959063934,-1.9214172977199733,1.7365330412040834,0.0362403,0.344008,0.261664,0.340339,0.73791,0.388557,-0.434375,-0.0658279,0.352033,-0.248555,0.621229,0.371559,0.490192,-0.485522,40.5566997159419,-2.4562951057027,13.35071979462581,-0.7900126120037356,-9.907627901641064,-13.323666289785194,24.2518206919135,52.09018679999497,-0.0852564,0.254499,-0.342605,0.607178,-0.0617513,0.111066,0.784338
24.504737615585327,-0.20499563518536096,-14.944229228940548,5.8639326781123495,-3.2756526635142866,-1.931944319539433,1.7153630411830398,0.0361979,0.344005,0.261622,0.339249,0.739252,0.387635,-0.433769,-0.0657375,0.351878,-0.248583,0.620493,0.370929,0.494074,-0.483002,40.24985316426418,-2.6170587064520436,12.76935246748176,1.742192995608999,-10.54877212859256,-13.797777917078712,25.40901421087976,54.164291089297905,-0.08413,0.254215,-0.342928,0.600573,-0.0582664,0.110092,0.789808
24.530895709991455,-0.6988134456752026,-14.901916393015712,6.271240446635192,-3.3388018593205735,-1.755322971333533,1.6810395057178147,0.0361918,0.343994,0.261601,0.33919,0.739226,0.387687,-0.433812,-0.0657442,0.351826,-0.24866,0.621121,0.370849,0.493343,-0.483004,40.352447624679684,-2.5527215467265005,12.785213395568338,1.4109249404231292,-10.414810798500689,-13.788432438282861,25.218653691833502,53.81247160750544,-0.0861376,0.254329,-0.342594,0.61548,-0.065668,0.109711,0.777712
24.55859899520874,-0.9359336867672808,-14.646171788421517,6.1439116161058145,-3.3760991519920673,-1.6548566594819132,1.6398449611917723,0.0362106,0.344001,0.261611,0.339328,0.739268,0.3876,-0.433712,-0.0657331,0.351851,-0.248679,0.621844,0.37046,0.49192,-0.483823,40.53732301069367,-2.5553404972737983,12.862796763719984,0.4992185135116962,-10.042001426017364,-13.323046149407503,24.58856627692552,52.953057696608404,-0.0872734,0.254329,-0.342547,0.6252,-0.0675064,0.10856,0.769924
24.586108684539795,0.21038729464381511,-14.700800705085417,5.938113250520957,-3.2349684657595157,-1.8388360782192905,1.6779264868470507,0.0361958,0.344038,0.261631,0.339322,0.739386,0.387854,-0.433289,-0.0657384,0.351845,-0.248651,0.621509,0.370806,0.492001,-0.483906,40.52150855284838,-2.6069612547743084,12.92522997702168,0.780035334058109,-9.655667412582986,-13.213831759912743,24.597032981480037,52.877809925221875,-0.0839321,0.254397,-0.342915,0.601201,-0.0589087,0.112764,0.788905
24.611502170562744,-0.1803383829001129,-14.76737698763751,6.146548627184792,-3.315261967996499,-1.6648312507682517,1.6182278955909086,0.0361445,0.344032,0.261587,0.339329,0.739123,0.387828,-0.433754,-0.0658644,0.351781,-0.248703,0.620947,0.371022,0.493757,-0.482671,40.282835188623494,-2.547992285203156,12.782990822962141,1.649819783198943,-10.361089283517401,-13.960552348972094,25.423479403043956,53.94823970441623,-0.0861914,0.254247,-0.342647,0.615263,-0.0656231,0.109465,0.777922
24.63747477531433,0.6591181285342684,-14.837431330288295,6.4461033425564,-3.2192130321134287,-1.7322475270501594,1.599417383335422,0.0361124,0.344076,0.261525,0.338478,0.739281,0.38845,-0.433592,-0.0660195,0.351689,-0.248719,0.621409,0.371611,0.493533,-0.481851,40.38672045134529,-2.4201726971252677,12.78677772887546,2.3686849425086116,-9.959997721987072,-14.228354835301289,25.6050408183841,53.9561155699063,-0.084366,0.253774,-0.343125,0.600995,-0.0574007,0.108911,0.789714
24.664188385009766,0.857324049765587,-14.655707669110903,6.685535351687049,-3.151998041664358,-1.6986213843227922,1.5597340163202045,0.0360696,0.344072,0.2615,0.340078,0.738854,0.388612,-0.432923,-0.0661364,0.351685,-0.248705,0.621471,0.371764,0.492396,-0.482815,40.362562607102525,-2.514590307658162,13.031182053107852,1.0301962486067886,-8.95907776477003,-13.502816995916476,24.778120321380307,52.49424687956851,-0.084224,0.254238,-0.342929,0.598068,-0.0602097,0.111786,0.791324
24.69123125076294,0.7456777085427353,-14.363234392301168,5.974581878190255,-3.100115428271025,-1.6630625215710957,1.52193036744328,0.0360181,0.344101,0.261501,0.338671,0.739323,0.388151,-0.433639,-0.0662717,0.351612,-0.248713,0.621403,0.370791,0.493078,-0.482955,40.47103663932816,-2.534294913550889,12.805777103197219,1.8042636547315354,-9.87772244832729,-13.713720345086607,25.16474064042192,53.61089920315446,-0.08501,0.253682,-0.343,0.602491,-0.0584923,0.111577,0.788121
24.714937210083008,1.04016622867489,-13.935955066091267,5.995552912668633,-3.083049224239938,-1.6363151419755158,1.4737684287516708,0.0360204,0.344085,0.261427,0.340307,0.739111,0.387849,-0.432989,-0.0664525,0.351524,-0.248772,0.621234,0.369676,0.493749,-0.483342,40.31671760257631,-2.7649367668448708,12.780662252420086,0.8966233805275614,-9.540477440739913,-13.004888875929097,24.68600592282635,52.99388297313444,-0.0849244,0.25371,-0.343073,0.601654,-0.0590441,0.111919,0.78867
24.741453647613525,1.230364725393379,-14.552025935228084,7.34001423349825,-3.1183124123368247,-1.5216732100226014,1.485589458183916,0.0360522,0.344086,0.261357,0.340455,0.738984,0.387988,-0.432965,-0.0667984,0.351353,-0.248902,0.622878,0.371231,0.491151,-0.482682,40.49024484743367,-2.430605110626373,12.95281430811291,0.10256527555625539,-7.9691895141797815,-13.20823545439925,24.219958736817194,51.125663647541614,-0.0852786,0.253973,-0.342874,0.599814,-0.0644864,0.113497,0.78942
24.764960527420044,1.225408674906018,-14.35612949380747,7.220895458362222,-3.096611011111107,-1.5031631251506268,1.4631935410463197,0.0360404,0.344103,0.261341,0.340505,0.738912,0.387996,-0.43304,-0.0668262,0.351287,-0.248882,0.621737,0.370919,0.493601,-0.481892,40.21933210910053,-2.542998565252253,12.789329882100674,1.2225698103739049,-8.743591904703287,-13.612671655665054,24.989599625757183,52.504646421104326,-0.085448,0.253377,-0.343011,0.601028,-0.0618457,0.111049,0.789056
24.792465209960938,1.7972437551838705,-14.361295055503989,7.109191067267028,-3.071798797482747,-1.517809100211524,1.4634934091073966,0.0359186,0.344088,0.261258,0.339917,0.73827,0.387838,-0.434736,-0.0669254,0.351146,-0.248873,0.621789,0.370264,0.493912,-0.48201,40.24377189030943,-2.3865980136874407,12.69551387354965,1.3774329500003084,-10.406453912731472,-14.278981121307943,25.42811595369456,53.690866370410276,-0.0855327,0.253149,-0.34285,0.59749,-0.0632853,0.11318,0.791322
24.81994390487671,1.8325882986834146,-13.938462360645117,7.4566479508696135,-3.038621547006567,-1.4463861013724202,1.4051809463030707,0.0358649,0.344098,0.261217,0.33992,0.738166,0.387886,-0.434867,-0.0671979,0.35087,-0.249045,0.621695,0.368368,0.493732,-0.483766,40.418204022259964,-2.607312470926842,12.704394932171471,0.8143834497458577,-10.777597676903028,-13.698961018644248,25.137727463081507,53.81193613001604,-0.0856041,0.252857,-0.343055,0.597613,-0.0606912,0.112987,0.79146
24.844254970550537,2.23960098233843,-14.213657069049203,7.6414031415098345,-3.013944998455713,-1.470562307739945,1.4137185509644188,0.0358898,0.344079,0.261211,0.339899,0.738218,0.387804,-0.434869,-0.0672484,0.350771,-0.249096,0.621687,0.368756,0.493434,-0.483785,40.4186546125376,-2.5748896194945345,12.737482801087364,0.8565399320617537,-10.486678622178928,-13.78790965680524,25.15906199348741,53.619882140266455,-0.0847431,0.252885,-0.343228,0.591661,-0.0594182,0.113901,0.795885
24.867696285247803,1.8837222190418836,-13.96347148803622,7.5569615072717795,-3.0324767739986944,-1.3954069456367935,1.3774828998117785,0.0359343,0.344054,0.261222,0.339849,0.73826,0.38785,-0.434796,-0.0671727,0.350735,-0.24913,0.621963,0.368659,0.493585,-0.483349,40.421089502131736,-2.550190564789384,12.685735020930188,0.9406010032170435,-10.531748100714168,-13.893772551269258,25.238401741737476,53.69076991097262,-0.08575,0.252764,-0.342969,0.59855,-0.0624763,0.113501,0.790539
24.89148783683777,1.8677840378575026,-14.07065372413808,7.59734736164037,-3.042656688678599,-1.372799062656608,1.3680161821635772,0.0360652,0.344067,0.261346,0.340562,0.73892,0.387907,-0.433061,-0.0670099,0.350577,-0.248988,0.620309,0.371388,0.491944,-0.485055,40.34763792096432,-2.7417927498345893,13.165579131514363,1.1375065858251538,-7.84351734094205,-13.087045998889195,24.72672869495909,52.023389347416845,-0.0859088,0.252732,-0.342797,0.599424,-0.0635903,0.114063,0.789707
24.917299509048462,1.970874550503938,-13.873745422563541,7.43331635951095,-3.0296196925714716,-1.3609024371399752,1.3319444134017415,0.0360786,0.344061,0.261363,0.340513,0.738982,0.387751,-0.433135,-0.0670641,0.350559,-0.248954,0.620013,0.371746,0.492134,-0.484966,40.28993898359522,-2.7310645586436717,13.162926488490086,1.362634980227572,-7.755979044014239,-13.203548946103865,24.862264332601065,52.07227664163697,-0.0856982,0.25279,-0.342825,0.600565,-0.063239,0.11371,0.788919
24.94273567199707,1.9480206047877802,-13.605463062954207,7.129302236818907,-3.0035405542408387,-1.3558900261222502,1.3029183112325569,0.0360637,0.344051,0.261375,0.340487,0.739004,0.387693,-0.43317,-0.0674005,0.350595,-0.248999,0.62216,0.369292,0.493502,-0.482697,40.35247060546056,-2.6679070389576918,12.686329841404465,0.9900307058963556,-8.525798504135771,-13.289230484620063,24.823519094611182,52.3221988753152,-0.0857778,0.25264,-0.342792,0.600188,-0.0631084,0.114014,0.789172
24.96619176864624,2.1542073148267744,-13.36197005964495,7.13756276452955,-2.9886682947991714,-1.3605201735309476,1.2760309939556895,0.036018,0.344066,0.261373,0.340535,0.738935,0.387805,-0.43315,-0.0674842,0.350416,-0.248999,0.622593,0.368447,0.493885,-0.482393,40.38230050196485,-2.6919729745212893,12.58865051183712,1.0239540572704868,-8.779051448916945,-13.236272690771521,24.814062619330468,52.52152122201597,-0.0860191,0.252776,-0.342687,0.598364,-0.0654239,0.114991,0.790226
24.994493007659912,2.643406647680723,-13.651144667677375,7.26252517117434,-3.011977100214952,-1.3229440165675943,1.2897241111707336,0.0359171,0.344026,0.261277,0.339771,0.738392,0.387518,-0.434929,-0.0675871,0.350187,-0.2491,0.621183,0.369711,0.493259,-0.483881,40.35456180535852,-2.5413807002442574,12.794253266239565,1.5359237340517602,-9.689883196041855,-14.075692037394766,25.47944851555702,53.48883022405641,-0.0855523,0.250918,-0.343807,0.604912,-0.0473949,0.111871,0.786969
25.024109601974487,2.5416989419812794,-13.846265993624268,7.797888871838033,-3.0299429057164553,-1.299784008918259,1.258778425322443,0.0359933,0.344062,0.261333,0.340577,0.738897,0.387681,-0.433292,-0.0678218,0.350367,-0.24922,0.621267,0.367336,0.495511,-0.483281,40.26345966821788,-2.943865653774539,12.518877756638297,1.3141338194766767,-9.377889210974097,-13.205594384079049,25.25102935486915,53.440884325798486,-0.0862074,0.251931,-0.342936,0.599618,-0.0612674,0.111826,0.790063
25.049878358840942,2.871781995914627,-13.318401832989268,7.486382944938681,-2.981911069259398,-1.33567537697572,1.2543455410699054,0.0360026,0.344013,0.261354,0.341181,0.738691,0.386999,-0.433777,-0.0677576,0.350086,-0.2491,0.62141,0.369584,0.492377,-0.484585,40.32797139809449,-2.71967418160179,12.883726284875909,0.3933218330578008,-8.131861281177315,-13.155697787917362,24.674639204200037,51.793997517663676,-0.0862159,0.251743,-0.342792,0.596139,-0.0618004,0.114391,0.792284
25.074097156524658,2.8115337300782093,-13.125531008239989,7.327275774226257,-3.0093387642687923,-1.3121101406032436,1.2317014895065284,0.0360009,0.344061,0.261324,0.340623,0.738868,0.38769,-0.433298,-0.0678856,0.349952,-0.249092,0.622214,0.368965,0.491723,-0.484689,40.56476397742212,-2.7371401398006796,12.9010651528225,0.4141544521111591,-7.691688578514274,-12.767883253741637,24.29039325804339,51.42064197384149,-0.0864762,0.251758,-0.342868,0.599953,-0.0608292,0.113114,0.789659
25.101421117782593,2.99474012120385,-13.220230627043044,7.651345060003832,-3.046609224467775,-1.2740035624293737,1.2251371049403363,0.0359407,0.344013,0.261236,0.339879,0.738294,0.387549,-0.434983,-0.0680255,0.349889,-0.249146,0.621802,0.368999,0.492036,-0.484874,40.54624393733611,-2.5663952976626554,12.868442776311884,0.7589800843463301,-9.09894021045504,-13.596524303781877,24.89758007009506,52.57974366330103,-0.0868047,0.251952,-0.342715,0.600753,-0.0639101,0.114418,0.788619
25.12614154815674,3.2778754288970577,-13.056750671397024,7.813194454357722,-3.04008671714272,-1.297138153407764,1.2247079932126852,0.0359294,0.344013,0.261219,0.339931,0.738232,0.38757,-0.435028,-0.0681461,0.349816,-0.249247,0.620099,0.369003,0.493598,-0.485464,40.34760051735776,-2.7522896061118303,12.887861105240347,1.5238980025911495,-9.473170914310934,-13.771893395537774,25.510016460735923,53.564647192716805,-0.0866147,0.251649,-0.342626,0.595598,-0.0642565,0.116042,0.792255
25.151525735855103,3.4047639825076517,-13.279290087817458,7.534537667980213,-3.0695735113746645,-1.3019656405637412,1.2168461764102867,0.0359209,0.344025,0.261197,0.340012,0.738186,0.387641,-0.43498,-0.0683164,0.349806,-0.249334,0.621197,0.366798,0.495956,-0.483322,40.26535283560738,-2.7838528362970276,12.440663318126994,1.7858669806107663,-10.535298160350372,-14.013167967254006,25.910341004459507,54.51113371973405,-0.0864768,0.251284,-0.342987,0.597944,-0.0596257,0.112957,0.791295
25.17578625679016,3.583813741129977,-13.071835881541384,7.637197234727886,-3.0560116206628085,-1.3465011585395348,1.2341687133271955,0.0358758,0.344022,0.261112,0.340846,0.737167,0.388064,-0.435678,-0.0683759,0.349699,-0.249334,0.621887,0.366081,0.496348,-0.482576,40.19537466177016,-2.6557609665777706,12.404743790311784,1.2371547478361968,-11.421873744597065,-14.360187181591854,25.996146810174494,54.74674449551384,-0.0857802,0.251693,-0.342864,0.589845,-0.0623807,0.117435,0.796493
25.201817512512207,3.5497386688037844,-13.176869023279828,7.757902860787608,-3.0776460765524503,-1.2914656683434613,1.2287171697646644,0.0358809,0.344019,0.261106,0.340858,0.737174,0.387951,-0.435758,-0.0683968,0.349536,-0.249261,0.621019,0.36864,0.494728,-0.483409,40.15400047894578,-2.525948261320597,12.740970449193384,1.4891256639714214,-10.226909425926792,-14.549799774270106,25.933343983679958,53.95055247918548,-0.0864432,0.251392,-0.34296,0.596921,-0.0608733,0.116225,0.7915
25.229973077774048,3.590555928138203,-12.988114494338825,7.517223293813571,-3.0601302971220763,-1.326319230330294,1.2141961572733018,0.0358775,0.344029,0.261109,0.340696,0.737215,0.387926,-0.435837,-0.0684018,0.349597,-0.249277,0.62115,0.367284,0.495357,-0.483628,40.20860627315661,-2.635130540329989,12.612501588653707,1.3590795469802934,-10.87034602932107,-14.326724214945877,25.903042528938066,54.40289076659975,-0.0866098,0.251331,-0.34274,0.592541,-0.0640326,0.11558,0.794629
25.255036115646362,3.654067455235555,-12.784254015308159,7.427105490148002,-3.06672336526162,-1.3105460537549491,1.1943000706851699,0.0358685,0.344038,0.261105,0.340714,0.737188,0.387997,-0.435806,-0.0684456,0.349674,-0.249294,0.622193,0.366607,0.494218,-0.483968,40.405224937758106,-2.603051921575382,12.624781624152657,0.48673061469021306,-10.72497830576988,-13.9615977172421,25.332994166916404,53.70015034637081,-0.0867088,0.251851,-0.342709,0.59613,-0.0653356,0.11585,0.791795
25.28108859062195,3.724282728812323,-12.797321745441632,7.393219400850076,-3.0677248618157713,-1.312180371236707,1.198817543265437,0.0358417,0.344053,0.261074,0.340953,0.737051,0.388118,-0.435741,-0.0684593,0.34945,-0.249261,0.622632,0.367938,0.492477,-0.484167,40.480139999026306,-2.4460493251100033,12.83756419562502,0.21089170267609703,-9.765248539027276,-13.965487035083363,24.995669637052213,52.68513458260857,-0.0866321,0.25134,-0.342973,0.595692,-0.061686,0.114636,0.792593
25.307838678359985,3.7220919605904728,-12.83575944427081,7.62156502541633,-3.077378387531449,-1.296217626246796,1.1896298587326937,0.0358372,0.344051,0.261063,0.340915,0.737023,0.388131,-0.435807,-0.0685323,0.349487,-0.249227,0.621605,0.368678,0.493265,-0.484121,40.323573283863674,-2.472250077544114,12.876920816285704,0.8210586295669948,-9.771318430063076,-14.214078372554638,25.381952513772337,53.11957194213814,-0.0866282,0.251267,-0.343006,0.596137,-0.0608801,0.113733,0.792451
25.33346199989319,3.9995662872075846,-12.786213813079721,7.417755664302433,-3.077591719708095,-1.3322902355393174,1.1976187235354387,0.0358646,0.344035,0.261078,0.34093,0.737109,0.387959,-0.435803,-0.0685297,0.349484,-0.24921,0.621549,0.368684,0.493266,-0.484187,40.313129360531896,-2.48523261631669,12.863647318015278,0.7935437971544026,-9.71477898768105,-14.169638874609355,25.35582043279563,53.06923226049414,-0.0866186,0.251206,-0.342857,0.592454,-0.0623663,0.116136,0.794746
25.356668949127197,4.027416909074128,-12.804359420722996,7.363743458729061,-3.0837439638427018,-1.3322001929265528,1.2090808599535243,0.0358731,0.344036,0.261089,0.340869,0.737136,0.387963,-0.435803,-0.0685413,0.34949,-0.249207,0.621588,0.369342,0.492988,-0.48392,40.29784753346215,-2.4117990159906757,12.901220573555015,0.9043077314683892,-9.433342139941836,-14.343655388215012,25.42689274367843,52.89096706892285,-0.0864968,0.251346,-0.342832,0.592417,-0.0617055,0.117491,0.794626
25.383049488067627,4.013990302740751,-12.696117500884403,7.330802675682178,-3.08774598453375,-1.3231685709498102,1.1888274538856116,0.0358712,0.344037,0.261079,0.340914,0.737087,0.387968,-0.435845,-0.0686045,0.349453,-0.249197,0.621418,0.369113,0.49319,-0.484106,40.28635487086309,-2.450611567669368,12.8966420884896,0.9158550615644927,-9.520003303128213,-14.279845828934242,25.427994399336455,52.989290852607695,-0.0866704,0.251119,-0.342891,0.592843,-0.0611228,0.115555,0.794637
25.405627727508545,4.233010558506085,-12.565350693845904,7.5891309669011715,-3.0829922829062535,-1.3179888176312808,1.1819745556075612,0.0358659,0.344042,0.261066,0.34099,0.737041,0.388015,-0.435822,-0.0686496,0.349422,-0.249194,0.621154,0.368995,0.493119,-0.484608,40.29671272978101,-2.505697787529262,12.945217599882191,0.8345098508104378,-9.47835082353906,-14.1216647356893,25.344506949185742,52.95083799151909,-0.0866867,0.251096,-0.342819,0.591833,-0.0619604,0.116587,0.795174
25.429866075515747,4.368929172853429,-12.545525305002997,7.667877953769439,-3.0993647520829777,-1.3162338731576573,1.1680609187318287,0.0358855,0.344025,0.261077,0.340988,0.737084,0.387899,-0.435853,-0.0686801,0.3494,-0.249168,0.621191,0.368878,0.492921,-0.48485,40.32315190445327,-2.5196035185264822,12.949202664197415,0.68735120011684,-9.413567475238011,-14.003700703817628,25.22604757002341,52.81222292064595,-0.0867377,0.251216,-0.342801,0.591705,-0.0622653,0.115439,0.795413
25.455154418945312,4.32907619408927,-12.60455864930158,7.524744013525466,-3.1018064600293282,-1.3130831373135339,1.1772649814711122,0.0358895,0.344028,0.261082,0.340968,0.737114,0.387871,-0.435843,-0.0686872,0.34941,-0.249155,0.621152,0.368853,0.492993,-0.484846,40.31780443193061,-2.527903788676329,12.939928391068744,0.718358611580026,-9.417226792328918,-13.989167186599524,25.230463286043996,52.83676866475202,-0.0867175,0.251073,-0.342927,0.59291,-0.0600957,0.115595,0.79466
25.480332851409912,4.306052337581893,-12.553997561555331,7.3952585256893615,-3.1146569635072354,-1.3049660171132975,1.1588442615344918,0.0359103,0.344012,0.261097,0.340954,0.737168,0.387823,-0.435807,-0.0686789,0.349421,-0.249152,0.621147,0.368867,0.492939,-0.484897,40.32314250534877,-2.5348123190818352,12.940353357815503,0.6790793263259864,-9.357526414810913,-13.95699273834213,25.203403358563737,52.77632017487158,-0.0867762,0.251247,-0.34294,0.594902,-0.0597418,0.113794,0.793456
25.506656169891357,4.334188853909638,-12.54906442036173,7.442504415925647,-3.109855585349911,-1.3150662438546576,1.1753224468794699,0.0359071,0.344018,0.261092,0.34096,0.737107,0.387902,-0.435834,-0.0686776,0.349425,-0.24915,0.62109,0.368937,0.492939,-0.484916,40.31904689811726,-2.528776733843303,12.958598208759149,0.7027874523655377,-9.378132399169239,-13.986988879886255,25.226450951455668,52.80487808877692,-0.0866518,0.251009,-0.342908,0.592039,-0.0591107,0.115157,0.795446
25.533642053604126,4.407837112477484,-12.446641227990625,7.599685033716361,-3.1278341869259463,-1.2817217164910497,1.1471874299667193,0.0359017,0.344019,0.261089,0.340958,0.737089,0.38789,-0.435876,-0.0687597,0.349436,-0.249153,0.621046,0.368519,0.493395,-0.484826,40.29941883403019,-2.5642476194781167,12.899514760843168,0.7415707502966491,-9.584216421326573,-13.975384823964035,25.2823361754957,53.007427799341606,-0.0867773,0.251177,-0.342947,0.595271,-0.0600773,0.114281,0.793085
25.559138774871826,4.533423565043365,-12.333870634150397,7.80565606666295,-3.1233213061823304,-1.2926924469350176,1.1518399481303196,0.0359029,0.344015,0.261085,0.341038,0.737082,0.387806,-0.4359,-0.0687783,0.349342,-0.249173,0.621398,0.367903,0.493298,-0.484943,40.35110466736918,-2.5886349482337128,12.853427311365007,0.5025429777965478,-9.695362585913813,-13.828401908635506,25.14095771979234,52.94553484783718,-0.0867191,0.251389,-0.342756,0.591454,-0.0631722,0.11661,0.795358
25.585275650024414,4.605947259566496,-12.298004676421805,7.786453967132622,-3.1326477080030677,-1.2868998594251717,1.1413528188708169,0.0359112,0.344005,0.261092,0.341,0.737123,0.387752,-0.43591,-0.0688474,0.349329,-0.249169,0.621364,0.368355,0.493459,-0.484478,40.296584836370826,-2.5362820969599094,12.83669678796386,0.7285064074373544,-9.529238167027493,-14.036376296117567,25.297780991573877,52.93885667795547,-0.0868619,0.251031,-0.342672,0.592119,-0.0628453,0.115453,0.795057
25.609766006469727,4.621201109972018,-12.449917656507315,7.71436697656715,-3.153070298664906,-1.2687820139507258,1.134781666607407,0.035919,0.343997,0.261107,0.341011,0.737172,0.387692,-0.43587,-0.068816,0.349321,-0.249171,0.621492,0.368295,0.493505,-0.484313,40.29459454032741,-2.5307066897228117,12.807689490284815,0.7283574960395107,-9.53683124118514,-14.052527747250927,25.3060793055399,52.93906604964765,-0.0868981,0.251013,-0.342835,0.595559,-0.0611085,0.114282,0.792789
25.636914491653442,4.760026334369356,-12.346833382104995,7.699762644884841,-3.154549133484551,-1.2916773896017106,1.1353827570292077,0.0359529,0.343996,0.26118,0.340145,0.738125,0.387395,-0.435199,-0.0687355,0.349288,-0.249194,0.621533,0.367811,0.493354,-0.484782,40.449939352258305,-2.679015167379995,12.718023658242068,1.1238874839619442,-9.095563434662225,-13.593627131117962,25.14683872295062,52.92164194215741,-0.0868429,0.25103,-0.342646,0.59225,-0.0631859,0.115539,0.79492
25.66294550895691,4.680831898626146,-12.403745557494585,7.869402465980387,-3.178064734342649,-1.232621420637229,1.1109568700605323,0.0359245,0.343987,0.261105,0.341015,0.73719,0.387726,-0.435807,-0.0687581,0.34928,-0.249195,0.621503,0.36782,0.493394,-0.484774,40.349400269371365,-2.5948495491231016,12.815559814646441,0.5657208166520284,-9.646653726182215,-13.845485369848,25.177544411142165,52.95913526426618,-0.0873517,0.250992,-0.342712,0.598847,-0.0625362,0.112796,0.790411
25.688637495040894,4.799202351502887,-12.282376891531536,8.153075036348332,-3.1602380512511443,-1.2336723248986627,1.1118579558863246,0.0359233,0.34399,0.261098,0.340965,0.737152,0.387783,-0.435861,-0.0688393,0.349315,-0.249199,0.621408,0.367464,0.493813,-0.484737,40.33634304120966,-2.6275725427111816,12.773577360504351,0.6164098321468643,-9.852194381050502,-13.841912922274304,25.241028739740166,53.1693590486933,-0.087082,0.25106,-0.342739,0.596084,-0.0625701,0.113853,0.792342
25.713970184326172,4.8347872592319945,-12.319041273338604,8.384056246271724,-3.1717523241946366,-1.198879374385979,1.099151378168341,0.0359375,0.343978,0.261101,0.340951,0.737221,0.387666,-0.435858,-0.0688419,0.34932,-0.249182,0.621529,0.367387,0.493615,-0.484843,40.362536256891204,-2.629430947939718,12.767074473072622,0.48154577136760324,-9.783235760214424,-13.744460201913135,25.12540725522844,53.02283390460812,-0.0872966,0.251007,-0.34274,0.598459,-0.0623364,0.112767,0.790724
25.73941659927368,4.978131326279291,-12.262766098957256,8.348999078918535,-3.1580672565997965,-1.23922436804181,1.1196129984134984,0.0359269,0.343984,0.261097,0.340928,0.737162,0.387738,-0.435913,-0.0687619,0.349307,-0.249176,0.621696,0.367769,0.493212,-0.48475,40.38266082128008,-2.5647694990111756,12.811061288091626,0.46887324538279174,-9.70121248454668,-13.842989186590934,25.110904564584754,52.90115857213461,-0.0867881,0.251059,-0.34268,0.591951,-0.0632325,0.115266,0.795179
25.76399827003479,4.9515202365891104,-12.125451110449102,8.248657536228615,-3.1453595543143513,-1.2431059550630075,1.1144800671352533,0.035914,0.343999,0.261086,0.341031,0.73715,0.38773,-0.43586,-0.0688239,0.349364,-0.249183,0.621579,0.368493,0.49361,-0.483944,40.26700692682026,-2.4924594581300994,12.793351920832375,0.7951198778193138,-9.508191052231389,-14.165941426639222,25.369630746933915,52.932701373728406,-0.0867683,0.251052,-0.342706,0.591781,-0.0633041,0.114916,0.79535
25.789108991622925,5.175497825978254,-12.096256218365122,8.746110535429873,-3.147431440062102,-1.2247472543585571,1.1088391386686316,0.0359292,0.343988,0.261063,0.341287,0.73717,0.387619,-0.435724,-0.0688166,0.349324,-0.2492,0.621627,0.36751,0.493875,-0.484359,40.289708620030254,-2.6129487738648622,12.73862796989749,0.4836413389816805,-9.70761110315729,-13.79847469766267,25.15773507509808,52.95641886301467,-0.0867326,0.251092,-0.342717,0.591315,-0.0639132,0.115331,0.795588
25.81419563293457,5.1402890392073575,-12.141167431731368,8.885740024983525,-3.1593038091009364,-1.18554037998986,1.0990916399384965,0.0359336,0.343981,0.261061,0.341221,0.73713,0.387656,-0.43581,-0.0688142,0.34932,-0.249178,0.621633,0.368352,0.49378,-0.483808,40.23752407012455,-2.505046494089349,12.765481830185749,0.7478636794067839,-9.50974578342553,-14.113259958241173,25.33439073674521,52.90330054336124,-0.0867193,0.251162,-0.342938,0.594819,-0.0620918,0.114323,0.793262
25.84049415588379,5.055776835220757,-12.293737297002513,8.96165148217691,-3.156581489691135,-1.158806591161856,1.0878400664338364,0.035913,0.343993,0.261074,0.341015,0.737116,0.387769,-0.435894,-0.0687297,0.349385,-0.249163,0.621624,0.368273,0.49344,-0.484227,40.3073503918415,-2.511200710202157,12.80922561454447,0.6555495570142718,-9.656844897975695,-14.037857344644443,25.24946451527158,52.94622419472885,-0.0868622,0.251141,-0.34283,0.596112,-0.0627493,0.112901,0.792444
25.868685245513916,5.228318282925626,-12.038034601665997,9.07043212968477,-3.130676998132444,-1.1798689277775363,1.1074923614234853,0.0358957,0.344007,0.261068,0.341107,0.737095,0.387733,-0.43589,-0.0687028,0.349403,-0.249155,0.621506,0.369262,0.493547,-0.483515,40.20149923463883,-2.4116361905879034,12.828170048926864,0.997737856799727,-9.42399027505661,-14.394554354490012,25.50277513859527,52.93486647770925,-0.0865215,0.251372,-0.342697,0.591194,-0.0651857,0.117377,0.795275
25.892093420028687,5.148657146923713,-12.215635231429129,9.089071195270652,-3.143438023863371,-1.1388160696606515,1.0977657136741668,0.0358724,0.344006,0.261037,0.341291,0.737053,0.387691,-0.435854,-0.0687231,0.349364,-0.249194,0.621408,0.367778,0.495621,-0.48265,40.065406111147816,-2.5397108591084727,12.56476076054797,1.4137080574284155,-10.355302254891875,-14.468504814432379,25.882133076793306,53.96396387320965,-0.0864871,0.250945,-0.343187,0.597542,-0.0587728,0.113864,0.791533
25.919575214385986,5.2344765802075175,-12.159538232539079,9.451018032459963,-3.13670343153422,-1.1247803216378742,1.0934810997711293,0.0358445,0.34402,0.261006,0.341419,0.736929,0.387773,-0.435891,-0.0687373,0.349339,-0.24919,0.621371,0.368644,0.495572,-0.482087,39.988358202548106,-2.4389959077188657,12.607754366237671,1.650937688901859,-10.12806929694029,-14.768419732180561,26.05162181307384,53.88227692583265,-0.0865176,0.25134,-0.343025,0.596122,-0.0623406,0.115108,0.792151
25.94513177871704,5.350722438096615,-12.154596045766993,9.692549148849528,-3.1324990909729125,-1.1024366373277539,1.0867886603690584,0.0358404,0.344024,0.261001,0.341437,0.736945,0.387713,-0.435903,-0.0687724,0.349317,-0.249204,0.621245,0.368371,0.495722,-0.482305,39.98775558890649,-2.4842996785884655,12.593929410259413,1.632453767524101,-10.213422910254799,-14.688513337991985,26.045520396793872,53.970005868296,-0.0865847,0.250816,-0.343165,0.596736,-0.0589156,0.113105,0.792239
25.971975088119507,5.16232382928115,-12.350315783443126,9.711459675210907,-3.149139294411418,-1.0527507348108156,1.080559425626862,0.0358095,0.344039,0.260989,0.341288,0.736917,0.387844,-0.435951,-0.0687385,0.349314,-0.249228,0.621409,0.367468,0.495789,-0.482713,40.076274932273535,-2.553046703076233,12.557922096303155,1.474568588274952,-10.620896642074541,-14.481650567526408,25.93688804895041,54.1997850953189,-0.0869446,0.250859,-0.343117,0.601862,-0.0594844,0.113283,0.788283
25.99429678916931,5.2856818116144755,-12.222398033184021,9.782467439850144,-3.1337943931740444,-1.0747935891078242,1.0857528296126802,0.0358103,0.344035,0.260978,0.341411,0.736877,0.387816,-0.435946,-0.068733,0.34931,-0.24923,0.621358,0.367552,0.495816,-0.482686,40.051609521100744,-2.5513954835032546,12.56611718503326,1.4478403899050747,-10.594601130821538,-14.49022275325963,25.938096482552684,54.166592353592556,-0.0864975,0.251005,-0.343193,0.598042,-0.0593192,0.114563,0.791013
26.021517992019653,5.320404219436379,-12.151996134797043,10.056484657474012,-3.120555975273494,-1.0576863193230794,1.0755952987183957,0.0358166,0.344033,0.260971,0.341453,0.736869,0.387811,-0.435932,-0.0687383,0.349293,-0.24922,0.621387,0.368384,0.495722,-0.482111,39.98970473409637,-2.455840444492784,12.589976786798534,1.6730599642676687,-10.292811404936025,-14.756447130927512,26.074872344814317,54.02378630857979,-0.0867449,0.250728,-0.343019,0.596622,-0.0618931,0.113789,0.792
26.04650115966797,5.549292434953153,-12.110142863790866,9.980396101517004,-3.0974371990564045,-1.0979929049983241,1.0760802369672797,0.0358175,0.344035,0.260963,0.341543,0.73685,0.387731,-0.435965,-0.0687522,0.349295,-0.249221,0.621341,0.368385,0.495748,-0.482143,39.972121088629294,-2.4598745266160265,12.588402042098295,1.6238433467736755,-10.295514947329522,-14.747629872095466,26.065313320503606,54.00097214101682,-0.085962,0.250796,-0.343317,0.592108,-0.0581565,0.112434,0.795855
26.072057247161865,5.529057404882158,-12.11955947921806,10.438457479059744,-3.1123989733878754,-1.0418656115837586,1.0839067075523254,0.0358488,0.344017,0.260958,0.341552,0.73686,0.387737,-0.435935,-0.0687286,0.349309,-0.249202,0.621551,0.368632,0.495634,-0.481802,39.966667019511185,-2.4087793704674185,12.582275257411546,1.6189385920937482,-10.161662226979004,-14.812790669701918,26.04409355824736,53.851774544378735,-0.0866745,0.250778,-0.343058,0.594607,-0.0612653,0.114859,0.793408
26.098727703094482,5.589087396892984,-12.25041208555176,10.57231085864673,-3.111966260665352,-1.0269433468284614,1.0748179683154973,0.0358322,0.34403,0.260952,0.341499,0.736797,0.387811,-0.436018,-0.0687894,0.349304,-0.249205,0.62117,0.36842,0.495823,-0.48226,39.966101631447884,-2.4682893501077903,12.607955202586748,1.671783470894919,-10.318460333521152,-14.744920011880957,26.08497821569841,54.05381856537899,-0.0864264,0.250911,-0.343287,0.597043,-0.0588518,0.113145,0.792007
26.12410020828247,5.742205142005983,-12.020666523208169,10.66829324474831,-3.1029795904842947,-1.0530083272398083,1.0724191623852817,0.0358063,0.344047,0.260934,0.341532,0.736715,0.3879,-0.436052,-0.0688202,0.349315,-0.249228,0.621599,0.36806,0.494766,-0.483066,40.11974557507101,-2.4750854148641643,12.693682106886236,1.0210813722905918,-10.177750679295158,-14.410105813488997,25.640385770699446,53.53400199008407,-0.086521,0.251094,-0.34304,0.591963,-0.0633269,0.11476,0.795236
26.147459030151367,5.362184659340314,-12.123267318428343,10.742167335149949,-3.126975672073429,-0.9700809261054154,1.0472388387568343,0.0357913,0.344061,0.260898,0.340591,0.737563,0.388027,-0.43524,-0.0688617,0.349281,-0.249195,0.62183,0.368536,0.494381,-0.482801,40.25569689051384,-2.49794064689857,12.672224861624372,1.721904375939797,-9.242470347177331,-14.097567657243175,25.480743692557,53.208775562647666,-0.0874896,0.251181,-0.342979,0.601264,-0.0644983,0.1128,0.788415
26.17345929145813,5.651947989928339,-12.019728188549282,11.010265840271012,-3.1271897486842994,-0.9774805216243373,1.0559124226290861,0.0357646,0.344071,0.26087,0.340695,0.737441,0.388143,-0.435262,-0.0689052,0.34918,-0.249296,0.623468,0.367887,0.492556,-0.483047,40.52438851208643,-2.391131042376144,12.708629492033726,0.6242403146845596,-8.925196843649985,-13.792995212871617,24.808544005024142,52.17964704329988,-0.0875608,0.251,-0.342891,0.597895,-0.0655175,0.114138,0.790697
26.19962477684021,5.876278618152845,-12.006066341973652,11.144465887397528,-3.115421910249006,-1.0006621665189375,1.0516967034109415,0.0357988,0.34405,0.260877,0.340886,0.737434,0.388072,-0.435188,-0.0689389,0.349122,-0.249247,0.623246,0.367612,0.493654,-0.482424,40.39843114842331,-2.4328234526170336,12.597739491057851,0.9743115449112345,-9.134223569518355,-13.891993359368612,25.038444112192053,52.578314554996815,-0.0867119,0.251158,-0.343119,0.594271,-0.0629528,0.112929,0.793805
26.22345209121704,5.982159383000459,-11.996136369263414,11.121643806066409,-3.1117844614422503,-1.021257464615181,1.0688991726210015,0.0358081,0.344043,0.260911,0.341616,0.73663,0.387936,-0.436097,-0.0689133,0.349138,-0.249269,0.622912,0.368279,0.493352,-0.482654,40.26541624224702,-2.3007291192107813,12.723290987045733,0.4651888571456695,-9.623577524812646,-14.429528050058444,25.279283173665707,52.63154416084135,-0.0866625,0.250994,-0.342958,0.590745,-0.0639354,0.114644,0.796109
26.25040864944458,6.060743313580215,-11.98311584888495,11.256317779540295,-3.1227670311426583,-1.0210726804394625,1.0646656808017436,0.0358231,0.344045,0.260887,0.340862,0.737475,0.388127,-0.435088,-0.0689267,0.349108,-0.249279,0.623289,0.367842,0.492004,-0.483875,40.57640138454859,-2.462469786953454,12.803608588335486,0.30002588222425786,-8.555935474980686,-13.451693260685879,24.53494177177677,51.76189837301004,-0.0866949,0.251015,-0.343028,0.591312,-0.0636067,0.114088,0.795794
26.274305820465088,6.18898150677049,-12.022158757540733,11.572445713894686,-3.1164014641648277,-1.0094160668037795,1.0732482503426881,0.0358405,0.344015,0.260906,0.341719,0.736617,0.387979,-0.436,-0.0689348,0.349097,-0.249272,0.62263,0.368652,0.492993,-0.483101,40.267503558747414,-2.3202568019965346,12.81843885723513,0.3782613308878773,-9.29382565081162,-14.324869332114602,25.195270622378683,52.36618264109142,-0.0867068,0.250962,-0.342961,0.590856,-0.0637391,0.114734,0.796029
26.301268577575684,6.220202334849664,-11.850421862413864,11.54899094091576,-3.1036301999210893,-1.0095973643776983,1.066421106626274,0.0358698,0.344011,0.260914,0.340713,0.737618,0.388009,-0.435067,-0.0689402,0.349127,-0.249257,0.62281,0.368013,0.49327,-0.483072,40.42483610022811,-2.4771968473362085,12.685208245119107,0.9851371437809959,-8.76847273147444,-13.773314071303275,24.993874287795325,52.37724582893103,-0.0867189,0.250977,-0.34294,0.590928,-0.0637619,0.114913,0.795948
26.32483959197998,6.10764416055614,-12.07745335773479,11.469514754285168,-3.1199310288214104,-1.0138349669867535,1.0795792971780007,0.035871,0.343995,0.26094,0.341602,0.736734,0.387876,-0.435986,-0.0689356,0.349122,-0.249238,0.622663,0.368398,0.492922,-0.483323,40.30475958139525,-2.3518255937200676,12.799117626598175,0.2768312270975066,-9.303559539777922,-14.187456989956942,25.092302124382325,52.321204432388214,-0.0867321,0.250993,-0.342919,0.591013,-0.0637869,0.114995,0.795871
26.35119915008545,6.063435502020993,-12.27840040847698,11.772309132534014,-3.133450155017845,-1.01673782161219,1.0959253976924905,0.0359227,0.343976,0.260952,0.341647,0.736855,0.387763,-0.435845,-0.0689114,0.349208,-0.249227,0.622668,0.368227,0.49331,-0.483052,40.268648860429586,-2.3806947381593524,12.735499572619375,0.2882422278024883,-9.316441324016168,-14.142090220256165,25.09988227733588,52.35514129475874,-0.0867132,0.251101,-0.342973,0.591364,-0.0635774,0.11433,0.795723
26.373667001724243,5.99683561044538,-12.228289441913285,11.701835882706025,-3.1262874014262563,-1.0484084927179016,1.1104508657363152,0.0359632,0.343956,0.260965,0.341683,0.736957,0.387536,-0.435848,-0.0688429,0.349288,-0.249196,0.622215,0.368418,0.493096,-0.483707,40.25938818737319,-2.4360699131834602,12.794314953964598,0.15558363610426085,-9.224115125303662,-13.966873243225116,24.996199478381183,52.24917634824574,-0.0866479,0.251225,-0.342936,0.591257,-0.0635475,0.114775,0.795741
26.401209592819214,5.3780084273597275,-12.71860972815939,11.18530100202767,-3.1537147169404576,-1.050887634932007,1.1215819061249528,0.0359703,0.343954,0.260992,0.341637,0.737056,0.387518,-0.435731,-0.0687756,0.349495,-0.249119,0.6212,0.368693,0.493803,-0.48408,40.155067501169704,-2.5414714872391935,12.8281793004838,0.48580563726205384,-9.354471318163704,-13.90355483654691,25.152747279673648,52.63588004963256,-0.0872831,0.251158,-0.343003,0.602635,-0.0605092,0.112406,0.787741
26.424938917160034,5.395565686751807,-12.28081851448739,10.56583492326538,-3.1128513105375752,-1.2055967384865058,1.1458327432097215,0.0359628,0.343961,0.261015,0.341565,0.737122,0.387417,-0.435766,-0.0686272,0.349587,-0.249046,0.622148,0.369228,0.493662,-0.482598,40.13685637936818,-2.3479511549301204,12.724110224296975,0.5856925044049213,-9.314686897606201,-14.262139535935376,25.221751084245625,52.48146453227211,-0.0863415,0.251238,-0.343012,0.592282,-0.0599342,0.11344,0.795451
26.451937437057495,4.357045996047621,-12.425646926053993,9.833543601991824,-3.1026067677267735,-1.3409719775359423,1.1706339071571785,0.0359788,0.34396,0.261031,0.341584,0.737162,0.387419,-0.435682,-0.0684397,0.34967,-0.248989,0.623407,0.366924,0.493898,-0.482488,40.310001020613505,-2.4396468178605284,12.50425408177679,-0.12188563927519169,-10.134356697458259,-13.720588289577151,24.73572098680911,52.62042192814014,-0.0863916,0.251476,-0.34291,0.595902,-0.0613976,0.112904,0.792707
26.475387811660767,3.354209176873715,-12.226798336436449,9.371989376648221,-3.093391126812037,-1.4770093546950562,1.1933849273954293,0.0360162,0.34394,0.261069,0.341583,0.73729,0.387301,-0.435572,-0.0679645,0.34995,-0.248926,0.622428,0.369229,0.494204,-0.48168,40.07517324707674,-2.319949016473821,12.60839052459028,0.6917907658374567,-9.938331886665551,-14.342244160170978,25.278830387053144,52.919089463499965,-0.0860542,0.251575,-0.342937,0.596087,-0.061586,0.112406,0.792624
26.500894784927368,2.2010542880498534,-12.230570093332616,7.828184943250579,-3.1171870376726147,-1.7959885068592072,1.2242172290377684,0.0360773,0.343938,0.261192,0.340588,0.738421,0.38683,-0.434853,-0.0674129,0.34997,-0.248785,0.624359,0.368799,0.494462,-0.479239,40.1985912299705,-2.191684872993225,12.210897979078108,1.4391325623817401,-9.894738419514645,-14.409969602516881,25.278537235075017,53.08259097256077,-0.0849688,0.252112,-0.343063,0.596981,-0.0606515,0.111238,0.792188
26.524369716644287,1.980204051609805,-11.974461281602963,6.520202686755958,-3.090365230923601,-2.0217015342489084,1.2287516228420259,0.0361515,0.343985,0.261303,0.341332,0.739047,0.386945,-0.433101,-0.0670378,0.350313,-0.248717,0.62433,0.369096,0.494321,-0.479194,40.16781727267478,-2.390426831194402,12.278758829171927,1.1096761036723422,-8.66720761036298,-13.588585317329951,24.73470077693432,52.1005082792986,-0.0843724,0.252917,-0.342695,0.592368,-0.0670544,0.112321,0.794977
26.55156946182251,1.2755075643313898,-11.840653904737222,5.537102499869811,-3.0687198284763006,-2.128964832396741,1.226730850771905,0.03617,0.343981,0.26134,0.341202,0.739141,0.386988,-0.433004,-0.0667874,0.350421,-0.248603,0.625864,0.369411,0.493269,-0.478033,40.29074942732214,-2.1778612604270435,12.223358825969793,0.7607050341817434,-8.430986663571595,-13.648940765673338,24.39885750281202,51.46628259274298,-0.0838127,0.25276,-0.34294,0.595421,-0.0625509,0.110589,0.793304
26.575679540634155,0.19779557069378473,-11.567246526805507,4.699664618759501,-3.076459220076359,-2.2408489430426144,1.2267705127583115,0.0362051,0.343971,0.261415,0.34135,0.739399,0.386674,-0.432727,-0.0662362,0.350748,-0.248426,0.626824,0.36731,0.497367,-0.474133,39.973536395490555,-2.2017499806674206,11.53027504388389,1.7759742136533454,-10.380794603997401,-14.187626582189168,25.20126606642305,53.43101071437562,-0.0829669,0.253458,-0.342856,0.596605,-0.0647169,0.110188,0.792296
26.60133171081543,-0.8577930583388677,-11.421487746967967,3.0760590905270253,-3.034214992190373,-2.5612947918487636,1.2482824839540787,0.0362054,0.343964,0.261512,0.341445,0.739259,0.387178,-0.43244,-0.0655519,0.351059,-0.248336,0.626261,0.366644,0.49931,-0.473349,39.822573978885934,-2.320450226454901,11.410199066092588,2.3884706809088243,-11.693003665557157,-14.390845109511893,25.788992114204017,54.8639146399685,-0.0813243,0.253875,-0.342737,0.587827,-0.0665918,0.110811,0.79859
26.62923574447632,-1.2417375419383343,-11.687221530419183,2.115377785921976,-3.0400268144853504,-2.703476305514458,1.258994779692214,0.036252,0.343908,0.261671,0.341162,0.74005,0.385523,-0.432789,-0.0642305,0.351402,-0.248263,0.629002,0.370002,0.494053,-0.472618,40.104876779332415,-1.7050112168719362,11.567768553340027,1.0666923086279745,-10.602407105478981,-14.807503120280977,24.872387480847113,52.68505377563436,-0.0801712,0.25392,-0.342812,0.590215,-0.0655161,0.110158,0.797006
26.65582275390625,-1.6420371432696435,-11.741604128885857,1.6342819762371052,-3.000452530630691,-2.760359748405676,1.2301562484495796,0.0362372,0.343895,0.261731,0.341831,0.739622,0.386004,-0.432563,-0.0633873,0.351367,-0.248206,0.627516,0.371471,0.49428,-0.473202,39.908575936705176,-1.75730287915942,11.841982334012634,1.6286733711185342,-10.964371360906426,-15.094412655622733,25.337332584245587,53.39369970472842,-0.0788252,0.254048,-0.343111,0.588594,-0.0619067,0.108478,0.798723
26.68331527709961,-2.7774076277678064,-11.694625394987698,0.3009790935032779,-2.9900583205677655,-2.937024364224799,1.22029946797473,0.0361549,0.343923,0.261836,0.343776,0.738942,0.385607,-0.432539,-0.0622217,0.351597,-0.248293,0.62827,0.370635,0.49699,-0.470007,39.44164195988861,-1.6806017944894887,11.465725499831862,1.6253911865884092,-13.06169352590031,-16.10607290856069,26.311981692703068,54.96512417981693,-0.0769246,0.254276,-0.343237,0.585223,-0.0655237,0.106163,0.801218
26.708839416503906,-3.039082550718454,-11.906377333515184,-0.10425921769545739,-2.996491110494833,-2.9718325022322007,1.2400037044843126,0.0361675,0.343926,0.261975,0.343103,0.740259,0.384958,-0.431399,-0.0609734,0.351495,-0.248335,0.629819,0.37027,0.496009,-0.469258,39.664478864122366,-1.6957075690652816,11.261875943214779,1.993599179498034,-12.995971995395792,-15.77391285038808,26.085262703948455,55.023180981474866,-0.0756956,0.254681,-0.343317,0.589366,-0.0677601,0.106933,0.797886
26.73129916191101,-3.525038377055714,-11.810865008994806,-0.5681404155545351,-3.060238019713703,-2.9255506967566576,1.2160215291232943,0.0362157,0.343972,0.262124,0.34416,0.74126,0.384642,-0.429113,-0.0597998,0.351547,-0.248445,0.630217,0.370288,0.495875,-0.468851,39.62000946856287,-1.9466760023969467,11.23642289258504,1.9257351927688937,-12.051622159298205,-14.987352510167248,25.683996939157787,54.456154734953984,-0.0752316,0.254446,-0.343382,0.596799,-0.0698295,0.104947,0.792427
26.758296012878418,-3.783957433688212,-12.154650178400384,-0.6054930745658964,-3.0559887659484763,-2.9769554879300903,1.2191539984451516,0.0362051,0.343976,0.262179,0.344383,0.741554,0.384351,-0.428688,-0.0587042,0.351415,-0.248436,0.63076,0.373686,0.491284,-0.470256,39.84803047548374,-1.6782341689247797,11.768472107986593,1.2734612063558224,-10.443038159291575,-14.846635135411638,24.917910202473003,52.63624635862119,-0.0733443,0.254538,-0.343553,0.590683,-0.0694217,0.105014,0.797023
26.785522937774658,-3.7314061417933058,-12.810128615617577,-0.5704922744638343,-3.091064289314171,-3.027907912776456,1.2356665649853769,0.0361475,0.343972,0.262246,0.344549,0.742782,0.382629,-0.427968,-0.0568806,0.351337,-0.248539,0.631109,0.3749,0.489789,-0.47038,39.8411405005666,-1.6773395991853173,11.725908236080347,1.5297927663619255,-10.576286120458484,-14.76511913319186,24.886870638957415,52.82133621026453,-0.0712124,0.25447,-0.343653,0.589196,-0.0717258,0.103721,0.798089
26.810291290283203,-3.7258337450734937,-12.666207804700635,-0.530205557036524,-3.0543910421636555,-3.04598831360468,1.249124663596156,0.0360887,0.343995,0.262271,0.345112,0.742954,0.382478,-0.42735,-0.0558632,0.351382,-0.24868,0.632939,0.374537,0.491065,-0.466868,39.67553779082017,-1.4986054520081566,11.343811405995098,2.0290812517508137,-11.494276546916353,-15.527821615075219,25.476948556507732,53.635874175130475,-0.0691723,0.254266,-0.344048,0.585579,-0.0688432,0.10331,0.801052
26.836311101913452,-4.278758036513536,-12.861650835117311,-0.9988250284694854,-3.1075638018322715,-3.0270841943263047,1.220410914265497,0.0360607,0.343919,0.262349,0.344815,0.744032,0.381755,-0.42636,-0.0548039,0.35148,-0.248709,0.63447,0.375976,0.488322,-0.46651,39.90157761156926,-1.3382914078016546,11.401115093568727,1.6494352213227046,-10.466422567300256,-15.21631127106253,24.84968435948776,52.432756023995545,-0.0680837,0.254384,-0.34414,0.589075,-0.0712071,0.100074,0.79869
26.859793186187744,-4.654032462717292,-13.138013721978961,-1.6746774125980688,-3.106975648399944,-3.0446163773016046,1.2521197026612432,0.0360343,0.343919,0.262401,0.346318,0.743292,0.381042,-0.427069,-0.0537854,0.351627,-0.248694,0.632735,0.377144,0.491524,-0.464557,39.208655991567255,-1.2911044002882104,11.248113609438114,2.748637376404165,-12.509367171073322,-16.681537603040134,26.458651563657877,54.69765073399917,-0.0667909,0.254518,-0.344274,0.589672,-0.0711312,0.100056,0.798258
26.886443376541138,-4.591842143082574,-13.220305773130628,-1.799841439666241,-3.082700343225347,-3.0499259493878363,1.245537499606573,0.0360403,0.343926,0.262498,0.346065,0.744253,0.380551,-0.426037,-0.0528871,0.351752,-0.24862,0.635299,0.376019,0.490387,-0.46317,39.47096022433621,-1.2291291880437338,10.968597978385752,2.242222407681158,-12.419068222323006,-16.14580440602171,25.736299914131898,54.10598529615476,-0.0655167,0.25499,-0.344224,0.588504,-0.0735274,0.0992474,0.799004
26.91278338432312,-4.765443223291259,-13.013118564241164,-1.6754969683020369,-3.056904345688591,-2.986841803645432,1.228819770356103,0.0360992,0.343918,0.262541,0.346382,0.744375,0.380264,-0.425821,-0.0521763,0.351853,-0.248561,0.635251,0.375986,0.491746,-0.461819,39.27032395328704,-1.2353187566793498,10.786703673502323,2.813659010748186,-13.211342819346001,-16.500932631281948,26.262397839333513,55.02235501328228,-0.0644877,0.255355,-0.344154,0.587381,-0.0767596,0.0986557,0.799599
26.939327478408813,-4.979198504212794,-13.051258031184137,-1.9256499702948797,-3.051989568839046,-2.9706416496983317,1.2045322048516762,0.0360925,0.343933,0.262624,0.346673,0.744799,0.380148,-0.424946,-0.0512973,0.351798,-0.248492,0.635556,0.377853,0.488468,-0.463352,39.489695466868746,-1.1882319421763663,11.182302123508066,2.1702206189479334,-11.848308944825291,-15.872235553394965,25.374886413039683,53.546428677965174,-0.0633858,0.255462,-0.344221,0.586939,-0.0778235,0.096785,0.800049
26.96650981903076,-5.325798538923109,-12.975905724232192,-2.5831428649694828,-3.049663639814809,-2.97653411377278,1.2128727649201312,0.0359752,0.343932,0.262684,0.346411,0.745156,0.38085,-0.423905,-0.0506289,0.352003,-0.248573,0.636609,0.377404,0.489686,-0.46098,39.47373824925225,-1.1585252163859066,10.948759602602408,2.9500829402522193,-12.38420072433236,-16.214648529298813,25.857372400895358,54.35934413049265,-0.0622015,0.255415,-0.344532,0.586938,-0.0750188,0.0961527,0.800394
26.991286993026733,-5.315461528807108,-13.08219436594676,-2.398377962261673,-3.0759418413673503,-2.92106769140221,1.1958043896979496,0.035948,0.343929,0.26269,0.346804,0.745284,0.380557,-0.423622,-0.0495593,0.351985,-0.24866,0.637781,0.377524,0.48779,-0.461272,39.640707530139196,-1.0759225311073441,11.026237759788682,2.2038995196687132,-12.580085225049856,-16.050578040778326,25.38407056665458,53.95139702340294,-0.0611994,0.255266,-0.34466,0.58858,-0.0752845,0.0933747,0.799492
27.01837968826294,-5.425346022834058,-13.331399766933144,-2.08131232909281,-3.082805183262959,-2.901747444989179,1.195548540665233,0.0359635,0.343923,0.262711,0.347013,0.745425,0.380393,-0.42335,-0.0491179,0.352025,-0.2486,0.636617,0.379091,0.487494,-0.461907,39.52093546581089,-1.1127251076693137,11.223647218113584,2.6055199039236534,-12.223522939172156,-16.068033707730855,25.539781220174994,53.98011879127228,-0.0601004,0.255414,-0.344777,0.585356,-0.0750614,0.0934251,0.80187
27.04130530357361,-5.720238422085446,-13.374585612640548,-2.562627257707581,-3.120464562527945,-2.9074898538179443,1.2007460282978744,0.0360341,0.343961,0.262889,0.348433,0.746563,0.380429,-0.420135,-0.0483528,0.352121,-0.248701,0.637213,0.379097,0.487937,-0.46061,39.4139754387909,-1.423545154096435,11.159618941503762,2.5662780892660173,-10.31453522046337,-15.029224419862707,25.052717558375807,52.78620382097836,-0.0590867,0.255426,-0.344894,0.587868,-0.0753227,0.0932904,0.800022
27.067566394805908,-5.833884333772358,-13.530923978678866,-2.94858891888624,-3.137590498339302,-2.914918218385785,1.2144523554308688,0.036049,0.343977,0.26292,0.347312,0.747186,0.379697,-0.420615,-0.0480036,0.352074,-0.248731,0.637727,0.377694,0.488528,-0.460427,39.52876057231816,-1.4535802032807954,10.84729297748941,3.0659529075089047,-11.495205559105855,-15.174118162433317,25.356676322929403,53.91172721929519,-0.0589885,0.255462,-0.344796,0.588567,-0.0771829,0.0935605,0.799298
27.092987537384033,-5.802582928552656,-13.50131121846171,-2.9561279027148455,-3.0447201230158556,-2.953526801988391,1.227262260676853,0.0359976,0.343988,0.262904,0.348856,0.74668,0.380052,-0.419915,-0.0473551,0.352004,-0.248689,0.638215,0.379228,0.488978,-0.458004,39.21811604854493,-1.2670231929169455,10.882850084988064,3.3339143691887756,-11.236097846337941,-15.74883794765612,25.701752383397753,53.75940816175714,-0.0573419,0.255611,-0.344787,0.578544,-0.0787151,0.0939684,0.806388
27.12067675590515,-6.147838806435912,-13.52363893661106,-2.8175810398385837,-3.1543061842452316,-2.8406146242722983,1.2186787533876897,0.0359867,0.343989,0.262908,0.349,0.746766,0.379907,-0.419775,-0.046884,0.351838,-0.248745,0.640165,0.37815,0.486606,-0.458701,39.57290431868829,-1.201337673021893,10.90602941071582,2.041594254635587,-11.150418157825015,-15.17689359999298,24.719091528254733,52.78312494682512,-0.0579859,0.255518,-0.344786,0.589526,-0.0811148,0.0936651,0.798189
27.14556074142456,-6.438064004522973,-13.443603705501232,-2.8119851945732353,-3.153745741383561,-2.8273207080077234,1.2164224224307374,0.0359974,0.344006,0.262931,0.347884,0.747323,0.379297,-0.420261,-0.0466073,0.351827,-0.248802,0.639479,0.37807,0.487639,-0.458627,39.528036446831024,-1.2347789892241954,10.72470587227524,3.1528279629630163,-12.066260827885372,-15.651753683093276,25.50601699918395,54.15687618916664,-0.0578852,0.255345,-0.344795,0.59015,-0.0813736,0.0928217,0.7978
27.171698093414307,-6.1723437916869255,-13.599810536487231,-3.120195054123163,-3.0618266219852863,-2.9309346549591444,1.223846664363331,0.0359459,0.344007,0.262924,0.349481,0.746692,0.379899,-0.419512,-0.0462339,0.351767,-0.2489,0.642066,0.377867,0.484504,-0.458501,39.80116393834054,-1.050994865277965,10.948248699717904,0.9567831484511231,-11.06004874482754,-15.057476628472713,24.133351372889656,51.931533541867836,-0.0561818,0.255547,-0.344751,0.578072,-0.0819173,0.0940242,0.806401
27.198249101638794,-6.510383112239212,-13.4781295247906,-3.238036774009575,-3.131686656746684,-2.8664934376032574,1.2085575201147767,0.0359224,0.344023,0.262919,0.349559,0.746677,0.379957,-0.419422,-0.045984,0.35172,-0.24892,0.639657,0.378826,0.486452,-0.459014,39.489344927782675,-1.2467522179973347,11.03776466311475,2.3154490413882662,-11.53967094582697,-15.432604425673425,25.08725414751017,53.34146405643276,-0.0562845,0.255661,-0.344892,0.586244,-0.0819524,0.0924791,0.800656
27.224538564682007,-6.776474547301503,-13.682658236880222,-3.1043968065163328,-3.117228077949843,-2.856312017344463,1.2365883146867112,0.0358568,0.344,0.262927,0.350347,0.746435,0.37924,-0.419844,-0.0455148,0.35156,-0.249036,0.640842,0.378405,0.48649,-0.457666,39.38698633858988,-1.0881952921606723,10.842742866484109,1.906679714316983,-12.353021630966083,-15.979789091291707,25.293816176852594,53.59440077163573,-0.0559223,0.255341,-0.344869,0.584472,-0.0836102,0.0937863,0.801627
27.251159191131592,-6.131732722410596,-13.53623147255498,-2.8619044996175407,-3.099709618274477,-2.8771416032946315,1.2382715928613817,0.0358617,0.343996,0.262928,0.350594,0.746491,0.379057,-0.419702,-0.045129,0.351376,-0.24898,0.640093,0.380254,0.485755,-0.457962,39.28678435559853,-1.027909156389045,11.048239356893628,2.35360268499689,-11.789290264285242,-16.145527134091914,25.45160552431053,53.411651225950074,-0.0549903,0.254798,-0.345245,0.58295,-0.0781164,0.0929284,0.803388
27.279044151306152,-6.015062685022447,-13.377879954495613,-2.5474084901041953,-3.125759465034903,-2.8152982405350495,1.2115287256405285,0.0358871,0.344043,0.262914,0.350127,0.746765,0.37965,-0.41907,-0.0448306,0.351278,-0.249105,0.640895,0.379111,0.484529,-0.459086,39.627719489539984,-1.1439756191863122,11.11933372249316,1.9510438314233305,-11.600401066470965,-15.4758622135329,24.8740739714033,53.07672187236909,-0.0549261,0.25463,-0.345322,0.586361,-0.0779432,0.0913593,0.801098
27.306294441223145,-6.304938609371625,-13.769304905061759,-2.2225307866702773,-3.1928932592874024,-2.742735956522728,1.2259498497410135,0.0358993,0.34398,0.262932,0.350841,0.746603,0.378872,-0.419465,-0.0444177,0.351136,-0.249151,0.639831,0.38087,0.483795,-0.459888,39.44195103614644,-1.0919153086800684,11.326289183705992,1.871960083670185,-11.465515866735672,-15.8194855809828,25.109769414141937,52.97538242327757,-0.0551833,0.254536,-0.345148,0.588548,-0.0821879,0.0917894,0.799019
27.333280086517334,-6.003356300463143,-13.79736039116124,-1.9346280578458652,-3.162741780364932,-2.729141210587479,1.2326480739562096,0.0359151,0.343975,0.262965,0.350866,0.746719,0.378727,-0.419368,-0.0443641,0.351325,-0.249123,0.640545,0.379691,0.485699,-0.457857,39.30546276743449,-1.0826011281587355,10.964861728226758,2.211824160366948,-12.28751948316362,-16.14110166007395,25.502559596821328,53.750264291413686,-0.0539862,0.25456,-0.345403,0.584966,-0.0786831,0.0919306,0.801981
27.35769248008728,-5.710741740967693,-13.769966769320758,-1.6372390303102562,-3.1381980217951533,-2.6722381449508696,1.2140864200677999,0.0359352,0.344021,0.262969,0.350204,0.747015,0.379392,-0.418792,-0.0442533,0.351302,-0.249159,0.64119,0.379627,0.484535,-0.458241,39.56801316564864,-1.0817215520192152,11.059693486428127,2.2153109062277245,-11.708757510429422,-15.776519253412246,25.13205054321991,53.280863893986734,-0.0540512,0.254679,-0.345308,0.586296,-0.0802386,0.0907578,0.800988
27.385072708129883,-5.141948704804528,-13.398643951504887,-0.6522406964921791,-3.067306937889309,-2.546593706169955,1.1983529039018126,0.0359496,0.343949,0.262973,0.351007,0.74685,0.378427,-0.419287,-0.0443298,0.351365,-0.249106,0.640336,0.379435,0.486304,-0.457719,39.2279177707871,-1.1452785726820727,10.885046711587812,2.2696797371685555,-12.418179630651778,-16.083659177300056,25.57034810396046,53.92851738680838,-0.0539956,0.254572,-0.34541,0.587059,-0.0796055,0.0911048,0.800453
27.41405463218689,-3.811385528911342,-13.23097715017606,0.7757823890267626,-2.9891593954920825,-2.407909145502898,1.1796587772498455,0.0359032,0.343957,0.26293,0.351053,0.746719,0.378557,-0.419365,-0.0443548,0.351176,-0.249218,0.641116,0.379234,0.485084,-0.458089,39.3892647567319,-1.0767634201078868,10.95382047784922,1.7597513222666663,-12.197725411670888,-15.976395159801704,25.23398013246932,53.40487610463246,-0.053987,0.254444,-0.345471,0.585041,-0.0789607,0.0913465,0.801965
27.4374418258667,-2.8722800204183567,-12.739530204788462,1.9799216683464982,-2.960450918562104,-2.263291185605068,1.1492656653509101,0.0357671,0.343995,0.262771,0.349887,0.74661,0.378466,-0.420614,-0.0445153,0.350882,-0.24929,0.639983,0.381196,0.483471,-0.459747,39.49645324600552,-0.9036169270370928,11.252656128737009,2.4708370791279783,-12.16943429998868,-16.493800023517842,25.589786655705844,53.69804514367399,-0.0550808,0.254234,-0.345342,0.58838,-0.0820147,0.0914397,0.799201
27.46452498435974,-0.9405517352752437,-12.529694535091707,4.169809748737205,-3.0153164566182995,-2.0132457011472646,1.1240056285957203,0.0356975,0.343974,0.26269,0.350095,0.746218,0.378735,-0.420895,-0.0450992,0.350552,-0.249504,0.640265,0.379613,0.483256,-0.460889,39.642862270728116,-1.0129366931830202,11.269565966648035,1.7714753890511048,-12.277121322130753,-16.163210888939503,25.28078262925222,53.48654437693374,-0.0560906,0.253743,-0.345363,0.592026,-0.0806794,0.0932281,0.796433
27.49024200439453,0.0361963395687687,-12.8541432760936,5.934057746530564,-3.0834149196767133,-1.845233730319723,1.1271144177692043,0.0356901,0.343944,0.262632,0.349981,0.7461,0.3788,-0.421139,-0.0457724,0.350258,-0.249722,0.639992,0.378507,0.48344,-0.461983,39.7251075512433,-1.1456183577654109,11.268554309447968,1.5220917531773246,-12.18210953382733,-15.940348127317058,25.219332674716913,53.43574507012527,-0.0573081,0.253209,-0.345374,0.59232,-0.0810203,0.0948347,0.795989
27.515331268310547,1.2802218678926016,-13.126194846626115,7.379646966405346,-3.0778475649160923,-1.8105373905848308,1.149435447655961,0.0356962,0.343925,0.262592,0.349857,0.746107,0.378702,-0.421319,-0.0462373,0.350095,-0.249894,0.637621,0.376868,0.485533,-0.4644,39.62390087538578,-1.6068120811393127,11.267256376458711,1.9547031693840076,-12.927299663751697,-15.496637599789786,25.666785829609932,54.71308545472597,-0.0569585,0.253052,-0.345298,0.581984,-0.079902,0.0982801,0.803275
27.54180407524109,2.082370317318857,-13.50961088960073,8.34859064273909,-3.2145709664681514,-1.580951490236543,1.1666842863471036,0.0356702,0.343869,0.262473,0.349729,0.745892,0.37857,-0.421923,-0.0471102,0.3497,-0.250087,0.634615,0.379604,0.481959,-0.469979,39.80287940746771,-1.7635198594705548,12.106881447379823,1.2125102159301413,-10.838510980732735,-14.763702457259782,24.943373438383166,52.989614974767,-0.0609,0.252458,-0.345092,0.599296,-0.0739376,0.100473,0.790748
27.568893909454346,3.571177680438986,-13.594747736167017,9.326008508897328,-3.19741119761851,-1.4841684312539565,1.1588484183142214,0.0356769,0.343849,0.262337,0.350508,0.746371,0.378146,-0.420808,-0.0488101,0.350253,-0.250083,0.629596,0.379534,0.483852,-0.474816,39.50758856053227,-2.6039839531682984,12.485350990911275,0.8009015110901991,-8.927550285595316,-12.814373988917481,24.305252534299044,52.07559462274712,-0.0634256,0.252833,-0.344855,0.602206,-0.0734386,0.103811,0.788149
27.593842267990112,4.361678734603375,-13.326893881318018,9.889729742471333,-3.1497879917294593,-1.3931158077854473,1.133287448866872,0.0356818,0.343834,0.262301,0.350562,0.746236,0.37817,-0.420982,-0.0498875,0.350358,-0.250035,0.629707,0.377568,0.485212,-0.474848,39.50577065338109,-2.755382594530696,12.281977952664075,0.3082704655117645,-8.992016430647858,-12.358064265459369,24.032957014968716,51.91964202409196,-0.0653609,0.252909,-0.344723,0.606013,-0.0730888,0.104351,0.785186
27.620575666427612,5.87365152232513,-12.290271216930137,10.780595277802906,-3.040921454428332,-1.3904659088753857,1.1116029079892014,0.0356817,0.343804,0.262188,0.350546,0.745941,0.37822,-0.421473,-0.0522029,0.350462,-0.24978,0.626206,0.377787,0.487016,-0.47745,39.25468666925232,-3.115992292397273,12.507101211281952,0.48437517983049005,-7.6535413736310645,-11.626181868369407,23.927959573675693,51.371278496491136,-0.0679516,0.253116,-0.344579,0.601448,-0.0672658,0.106014,0.788984
27.64710760116577,6.650024947652946,-12.114504126032712,11.593131731267867,-3.0289617835526808,-1.3213117810553727,1.1075567776790463,0.0356103,0.343796,0.261979,0.350159,0.744481,0.37927,-0.423428,-0.0535329,0.350525,-0.249764,0.626356,0.37559,0.489723,-0.476216,39.15897399360132,-2.986448862596676,12.240217952165999,0.6041591964150292,-9.603551867078089,-12.408344447206865,24.547420163752072,52.82713532402935,-0.0706482,0.253462,-0.344206,0.606125,-0.0713796,0.107058,0.784892
27.67407536506653,7.791413540760223,-11.825170979766401,12.725754923860071,-2.978109699214136,-1.28531085005118,1.1435938472739275,0.035641,0.343742,0.261868,0.349744,0.744281,0.379605,-0.423821,-0.0563158,0.350568,-0.249569,0.625943,0.373677,0.488846,-0.479156,39.4670852190427,-3.234087603950343,12.380915699993821,-1.1179055562523352,-7.655498158526093,-10.838468531394568,23.137328907599265,50.46477273935657,-0.0740277,0.253345,-0.343912,0.604544,-0.0665859,0.109238,0.786231
27.700838804244995,8.64569759387823,-11.53608725234996,13.705450518964227,-2.940487770015282,-1.2687326707191688,1.1681179688382892,0.0356227,0.343588,0.261745,0.348649,0.74457,0.377617,-0.425987,-0.0585204,0.350415,-0.249479,0.622662,0.374646,0.489583,-0.481914,39.24414855677366,-3.348790001073979,12.4213167984473,-0.7338301631046313,-6.9760997771119975,-10.954339335922718,23.49805765007856,50.3934985449699,-0.0766225,0.252951,-0.343657,0.604503,-0.0637089,0.112287,0.786072
27.72712516784668,9.219667566066025,-11.550302716562147,14.376583116895594,-2.946376865311866,-1.2629107398775046,1.178783947078787,0.0357148,0.343613,0.261648,0.347958,0.744018,0.379829,-0.42555,-0.0607073,0.350062,-0.249508,0.620938,0.373334,0.491462,-0.483242,39.31447284319863,-3.6756128743764305,12.597785360671232,-0.01473496774855576,-5.6587139788912495,-10.446374486620996,23.52964074908025,50.20347595079229,-0.0793697,0.252459,-0.343502,0.6047,-0.0626868,0.113119,0.785883
27.75521230697632,10.024496060980354,-11.785897984821352,15.181038363276523,-3.016946462507656,-1.3111323234597576,1.2477066434215884,0.0356955,0.343488,0.261448,0.348394,0.742938,0.37976,-0.427139,-0.0628682,0.349602,-0.24959,0.623131,0.366931,0.494106,-0.482627,39.46344456921396,-3.8244124498032486,11.926573053854273,-1.780321614196783,-7.363656243103435,-9.86368407361293,23.069251328756316,50.47601214731557,-0.0813133,0.252018,-0.343302,0.599971,-0.0612174,0.11631,0.789151
27.781360626220703,9.877693238732126,-12.519309498939338,14.41051557208738,-3.0300404572967596,-1.413979613688879,1.34977779960483,0.0356881,0.343376,0.261117,0.347659,0.742209,0.379738,-0.42902,-0.06553,0.349112,-0.249452,0.621008,0.367598,0.493991,-0.484968,39.428764393537186,-3.80954279848796,12.177796578965584,-1.7445870067287714,-6.050926429448154,-9.801614300293522,22.976371192782437,49.53789211624381,-0.0847976,0.251311,-0.342977,0.601034,-0.0562281,0.118825,0.788338
27.80716347694397,9.870667371655657,-12.476303108823233,12.94893554312864,-2.9864907108675,-1.5525817403199424,1.3820611932965639,0.0357348,0.343311,0.261048,0.347311,0.742121,0.379762,-0.429433,-0.0671922,0.34922,-0.249321,0.621708,0.364457,0.496755,-0.483617,39.40586786264629,-3.93328445160741,11.684436216442194,-2.0198266889518486,-6.431328714969368,-9.490683217580816,22.867410207355178,49.71130416747397,-0.0866314,0.251052,-0.342954,0.600209,-0.0535678,0.118185,0.789247
27.834969758987427,9.869770654064007,-11.256062323738952,11.175592844349751,-2.910741092108369,-1.699887719844754,1.3658210793761678,0.0358304,0.343197,0.260948,0.345951,0.742078,0.37979,-0.430579,-0.0707493,0.349274,-0.248845,0.618178,0.36378,0.499435,-0.485885,39.24502312858908,-4.277788821789118,11.702271384163495,-1.3975869329901656,-4.8805241470098935,-8.891317537345302,22.824908686685394,49.221362480162135,-0.0911674,0.251448,-0.342192,0.599905,-0.0543273,0.12102,0.788997
27.863618850708008,10.228060936994638,-10.933507678908061,11.27833355820277,-2.9344741046821063,-1.720908163969536,1.386403071396353,0.0359278,0.343156,0.260839,0.343944,0.742161,0.380428,-0.431479,-0.0740925,0.349559,-0.248622,0.61655,0.359708,0.504337,-0.485922,39.2319833236841,-4.682900826199388,11.185480010679768,-0.6522943507462209,-5.090339574473724,-8.427921160586187,23.068906880636895,50.156601128696266,-0.0949319,0.251823,-0.341576,0.598952,-0.0543301,0.124066,0.789248
27.88943576812744,10.456315956908199,-11.386631210502092,11.857965991211417,-2.947330193690318,-1.7669382540944771,1.4857106063903747,0.0361001,0.34301,0.260662,0.341689,0.742311,0.38006,-0.433333,-0.0786871,0.349733,-0.248328,0.61408,0.357409,0.509224,-0.48565,39.022935423359925,-4.911905708469904,10.676233001698424,0.3291599779494341,-4.090899411371197,-8.576152310203533,23.701718626143307,50.343050333897835,-0.0998023,0.251807,-0.341343,0.592884,-0.0492967,0.124934,0.794009
27.915952444076538,10.28979162828029,-11.86092206032321,11.540880915212284,-2.9781260431886385,-1.7678989736324469,1.5960141493971303,0.0360985,0.342902,0.260376,0.34211,0.740301,0.379519,-0.4369,-0.0805612,0.349634,-0.24823,0.621537,0.354149,0.508592,-0.47917,39.237632572720756,-3.8034583752332174,9.77394860265068,-2.6036042117413025,-5.6938476583724125,-10.037212560392256,23.19897820034107,48.81896987298944,-0.103,0.251411,-0.341235,0.593383,-0.0433356,0.123787,0.794163
27.9419903755188,10.505236286228383,-11.426257047605715,10.292593053519182,-2.7812567579878,-1.964746033508973,1.6337685365481867,0.0362366,0.342762,0.260023,0.341962,0.738802,0.380976,-0.438283,-0.0865783,0.35025,-0.247749,0.610247,0.35382,0.513081,-0.489037,38.71265771937189,-5.064473805932779,10.754518176630668,-2.7147528734913067,-2.898628750675101,-8.234962781636654,23.434071271637286,48.1247337081127,-0.108172,0.252105,-0.340815,0.58397,-0.0353957,0.130156,0.800491
27.967283487319946,10.426150533025881,-10.861532624738468,10.087589710492102,-2.7216000976021775,-1.889053969780045,1.6547661167145393,0.0363603,0.342745,0.259915,0.339993,0.739551,0.380774,-0.438727,-0.0888944,0.350086,-0.247626,0.617062,0.348864,0.51357,-0.483502,39.31847465980377,-4.595077014638865,9.635972052596887,-3.8939643801035437,-2.316420985977466,-8.04309580757338,22.50763702884822,46.3020896266117,-0.112319,0.252107,-0.340214,0.590837,-0.0347229,0.131261,0.795284
27.994843244552612,11.188726597151032,-10.290035237801373,11.98007887626418,-2.6926139148171746,-1.7022222454155855,1.6750143823289825,0.0365242,0.342494,0.259583,0.338274,0.738276,0.381516,-0.441548,-0.0949246,0.350317,-0.247329,0.61412,0.344648,0.519939,-0.483465,39.060840228636806,-4.891537756178195,9.123900568857142,-3.9037119965564777,-1.9734546696395938,-8.354406280712006,23.31214749889868,46.65428158754038,-0.120081,0.25204,-0.338784,0.596262,-0.0366414,0.138386,0.789923
28.01981496810913,11.65864691229177,-10.78443880516016,13.745577850725859,-2.7368271535181585,-1.6313297736281132,1.688238533950551,0.0365639,0.342331,0.259364,0.336236,0.737582,0.381831,-0.443985,-0.0981066,0.35027,-0.247198,0.604699,0.343346,0.522451,-0.493456,38.96791586393451,-5.931218273033986,9.849518350530449,-2.944491480093401,-2.3396452394579725,-7.351620357333047,23.81509142016151,48.673387288983506,-0.123374,0.251511,-0.33863,0.597278,-0.0322413,0.14001,0.78906
28.044702768325806,12.35385125337703,-11.82273503947517,15.692071278381349,-2.883733799154702,-1.5218965650457028,1.792820545814666,0.0366469,0.342078,0.258786,0.333934,0.736909,0.382221,-0.446498,-0.102642,0.349972,-0.247314,0.60231,0.340396,0.525198,-0.495499,39.07289676066469,-6.1534104510631575,9.65948915281276,-2.838950528867631,-1.7512949490465886,-7.395750347548194,24.18418934385618,48.72604039277767,-0.129403,0.251022,-0.337879,0.597882,-0.0327274,0.143165,0.788017
28.07188129425049,12.622738568020898,-12.566608659226041,15.674005526085628,-2.905426780756562,-1.5439484313492504,1.900636922664432,0.0367667,0.341856,0.258493,0.332689,0.736303,0.38283,-0.447904,-0.105931,0.3498,-0.247271,0.599798,0.340829,0.52379,-0.499722,39.27869237540005,-6.279528289491741,10.148618832865768,-3.6180060559791904,0.6329663792009086,-7.07155996612633,24.13612679104255,46.84015216771192,-0.133834,0.250888,-0.337283,0.596619,-0.030729,0.148332,0.788098
28.09730362892151,12.52214518570335,-12.536035607905832,15.059061092813309,-2.8782013713737467,-1.576228507417472,1.9045142464650742,0.0368481,0.34172,0.25842,0.331727,0.736301,0.38272,-0.448713,-0.107496,0.349905,-0.24713,0.598734,0.338768,0.526607,-0.49944,39.20338281498981,-6.462323561677578,9.818320723144822,-3.2323639905534343,0.1145972782616127,-7.095803838685633,24.381718477452495,47.6779628013876,-0.13586,0.250949,-0.337003,0.59835,-0.030784,0.148753,0.786703
28.124656915664673,12.384378002577206,-12.39771487136361,14.168558637181528,-2.7663135156048755,-1.676529264688311,1.964420750473962,0.0370022,0.341527,0.258345,0.329872,0.736859,0.381809,-0.44994,-0.109852,0.350013,-0.246758,0.597211,0.336996,0.527014,-0.502024,39.422130329911276,-6.710396555355766,9.698494537540384,-3.596291077629086,0.8973461645039293,-6.33962042299526,23.99433013069133,47.02272427363246,-0.13834,0.25096,-0.336597,0.595701,-0.0258861,0.1513,0.788403
28.151642560958862,13.195170167648042,-11.559316944164108,14.13529214178722,-2.6181643193456616,-1.8205468463957648,2.0049864507547395,0.037082,0.341453,0.258316,0.329497,0.737118,0.381482,-0.450068,-0.111354,0.350289,-0.246619,0.596323,0.335323,0.529421,-0.501668,39.31273064767618,-6.935358750949689,9.408098877191517,-3.608610012325176,1.1328640055031443,-6.140523192484402,24.14563466704183,47.11994806988789,-0.139625,0.251291,-0.336249,0.590793,-0.025628,0.153668,0.791639
28.176669120788574,13.3881886807474,-11.665464729982858,14.167601988351196,-2.6259366126493138,-1.79090682745759,2.062753902493048,0.0371149,0.341395,0.258274,0.329493,0.737156,0.381258,-0.450197,-0.112069,0.350278,-0.24659,0.603357,0.333924,0.529796,-0.493732,39.455467586811345,-6.113805370292055,8.4780527927777,-4.6087782016908,1.478051855387612,-7.132079833675014,24.092488507826225,45.48029143039814,-0.141436,0.251146,-0.336192,0.595265,-0.0241991,0.152865,0.788484
28.20307159423828,14.740575314511037,-11.353731048205097,14.502248980015185,-2.5993706159222243,-1.928662709913481,2.049936841770957,0.0370702,0.341476,0.258109,0.33037,0.735429,0.382406,-0.451404,-0.113631,0.350352,-0.246471,0.597148,0.331129,0.534749,-0.497806,38.98023699195263,-6.92170945769826,8.72761614824493,-4.11554194740344,-0.5480890797885678,-6.740013440169818,24.709741754823828,48.31368588376458,-0.141251,0.251212,-0.336241,0.586111,-0.0208912,0.15475,0.795041
28.226562976837158,15.589197413134722,-11.539739357416227,15.29550861853611,-2.5725755634183622,-2.0035578159859067,2.0694386975915484,0.0371013,0.341456,0.258108,0.331576,0.73509,0.382847,-0.450697,-0.114231,0.350263,-0.246281,0.596624,0.330759,0.534972,-0.498441,38.8838174475818,-7.105632607499947,8.8703447290357,-4.792294498959219,0.43736578040699214,-6.1670848595842145,24.47887084416257,47.35426608331448,-0.140969,0.251054,-0.336422,0.576647,-0.0198854,0.151931,0.802496
28.252905130386353,14.824039459269859,-12.484262663517283,15.469794773490655,-2.618030488174247,-1.9210563485578056,2.1324978542885797,0.0371723,0.341535,0.258266,0.335672,0.734553,0.383326,-0.448127,-0.114266,0.35043,-0.246224,0.597518,0.330702,0.533771,-0.498696,38.67311155066962,-7.353276006461542,9.18982121383221,-7.550857511494243,2.9127590896147737,-5.002846562051985,22.93048908324543,44.28799526114389,-0.142542,0.25126,-0.335899,0.588425,-0.0213667,0.154877,0.793292
28.279324054718018,14.40283205235934,-12.308882543715448,14.72745691179057,-2.5415644324798423,-2.0020869032164375,2.119865264631031,0.0372493,0.341492,0.258332,0.335219,0.734908,0.383405,-0.447817,-0.113933,0.35057,-0.246185,0.596404,0.331465,0.533301,-0.500023,38.709501394007134,-7.471672600781833,9.377207594980113,-7.2052505139514516,3.1675460023192983,-4.7968256014735715,22.944802020085167,44.346796983378084,-0.142217,0.251597,-0.335949,0.586533,-0.0204512,0.154906,0.794711
28.30618667602539,14.166543269446644,-11.530411942125692,14.229817973279955,-2.470038573527281,-2.0649143190191253,2.102206287301993,0.0373204,0.34162,0.258377,0.329838,0.736679,0.383883,-0.448491,-0.114062,0.35079,-0.246219,0.596827,0.334103,0.530198,-0.501062,39.431074166182455,-7.103171985809054,9.521537922745292,-4.751330360661353,4.175628726061802,-5.445432817738556,23.58114622611621,44.29713128530466,-0.142551,0.251994,-0.335771,0.586484,-0.0225642,0.156641,0.794349
28.332428216934204,14.190583891118875,-11.556629546165256,14.637799729765314,-2.4993116207242996,-2.0536513312740317,2.1048729453963744,0.0373164,0.341598,0.25831,0.330018,0.736714,0.383752,-0.448415,-0.115017,0.350612,-0.246155,0.595765,0.331961,0.534185,-0.499512,39.13569401933439,-7.377644948546983,9.099078668066202,-3.8689944537106236,3.539205465410383,-5.558999805792034,24.388086217485792,45.61148277948637,-0.144202,0.251537,-0.335746,0.591026,-0.021993,0.154751,0.791364
28.359235048294067,14.553381064337112,-11.279867435547029,14.631013845088777,-2.4923480631172743,-2.060528707775946,2.2203600137772557,0.0372798,0.341597,0.258223,0.329298,0.737674,0.38324,-0.447802,-0.11516,0.350135,-0.246236,0.606111,0.328166,0.534354,-0.489287,39.62840921389674,-6.464902110207923,7.6582213175777305,-4.801602702853106,3.4514306611522585,-6.056670903813085,23.55744840574239,44.0448577810518,-0.144103,0.251318,-0.335609,0.585473,-0.020652,0.158233,0.794832
28.386322021484375,14.70812629023992,-11.601229828335686,15.340366195935081,-2.555235692017835,-2.0592409595723273,2.2573042101616574,0.0372378,0.341573,0.258062,0.328871,0.737145,0.383985,-0.448349,-0.116605,0.349663,-0.246348,0.603977,0.326631,0.53572,-0.491455,39.64393895647788,-6.783831673378138,7.775243923873255,-4.426456886086854,3.407808353528189,-5.9440787609013555,23.980146645078374,44.71770905740344,-0.146434,0.25039,-0.335383,0.591374,-0.0201198,0.157536,0.790604
28.411258459091187,15.509306973355782,-11.965083933869629,15.99260845233737,-2.6176113387793953,-2.110385901113212,2.279943359831503,0.0372554,0.341488,0.258013,0.327347,0.736905,0.383965,-0.449873,-0.117982,0.349321,-0.246236,0.595985,0.328503,0.534825,-0.50085,39.61778022373896,-7.491228251927831,8.79434966455661,-3.1314102901100647,4.084420737374238,-5.462969221920133,24.528057428472078,45.58464081354854,-0.147874,0.249906,-0.335029,0.592284,-0.0218705,0.160466,0.789285
28.437996864318848,16.168116079410986,-11.849598821032943,16.44645030854277,-2.615569555081627,-2.132823634229999,2.3097704793938587,0.0373159,0.341382,0.257938,0.327148,0.736563,0.383946,-0.450595,-0.119115,0.348851,-0.24636,0.594683,0.326498,0.535504,-0.502977,39.69341263850514,-7.763552233965635,8.804851952067668,-3.447490867217457,3.8663571209552927,-5.198304062942427,24.54935255291979,45.99534905060783,-0.148344,0.249385,-0.334845,0.58507,-0.020287,0.163569,0.794057
28.46095037460327,16.597942476505157,-12.245959155446549,17.189992416573688,-2.699151011531539,-1.9701190091141905,2.4146797240003335,0.0373503,0.341327,0.257866,0.327039,0.736267,0.384128,-0.451001,-0.119696,0.348438,-0.246453,0.605517,0.322721,0.536132,-0.491694,40.06879391038339,-6.6142766127246055,7.38240085552269,-5.030577620509991,3.195922727452185,-6.417370236463427,24.113362724483675,44.61203937679199,-0.149969,0.248728,-0.334559,0.587699,-0.0199119,0.164998,0.791827
28.488736152648926,16.577054637222577,-12.538079562029344,17.35484449663435,-2.673202968144351,-2.022137750746664,2.3489844338838983,0.037394,0.341276,0.257712,0.327643,0.73658,0.382672,-0.451288,-0.121207,0.34823,-0.246323,0.592901,0.325845,0.535998,-0.504975,39.551100199423985,-8.00962164459284,8.815081808737222,-3.8270790098852068,5.412287737032855,-4.948796693708047,24.607685417769694,44.931963277030576,-0.150969,0.248173,-0.334544,0.587053,-0.0162489,0.164421,0.792509
28.515812873840332,17.1634296985841,-12.283196982874408,17.165516846764806,-2.580073663967834,-2.148494612796894,2.389910319757328,0.0374187,0.3412,0.257619,0.327639,0.736421,0.382443,-0.451747,-0.122048,0.348099,-0.246246,0.595126,0.324074,0.535076,-0.504476,39.809287158835794,-7.870454840878006,8.601450176922548,-5.234713359835478,5.672609767556509,-4.535032427925721,23.63670188537914,43.8156551177665,-0.15046,0.248523,-0.334755,0.572815,-0.0168058,0.163,0.803138
28.542996406555176,16.692882075007727,-12.255082284412605,17.278475079767958,-2.5593511833529976,-2.01662062773388,2.347241449183791,0.0374768,0.341107,0.257541,0.327239,0.736411,0.382062,-0.452374,-0.122969,0.34839,-0.2462,0.594105,0.322355,0.537743,-0.503944,39.66164591555202,-8.042689633007408,8.285070079155208,-5.092541802837815,4.8365575854562195,-4.599488221584785,24.037282121315087,44.87028888336162,-0.153281,0.248216,-0.334178,0.588699,-0.0165192,0.165401,0.791077
28.566406726837158,16.855434102688058,-11.931568513144773,17.084962135049423,-2.4952775820230864,-2.0533967292669364,2.3357295869519734,0.0375282,0.341059,0.257524,0.3272,0.736531,0.381732,-0.452486,-0.123221,0.348464,-0.246155,0.59354,0.32512,0.533611,-0.507214,39.86172725234928,-7.937527762956541,8.885663631243062,-6.053649108531207,6.947090804130163,-4.2611009007135365,23.19157759099728,42.514029904974876,-0.153181,0.248474,-0.33417,0.58494,-0.0154767,0.165799,0.793798
28.590916633605957,17.301343775681122,-11.055214502531836,16.870002313370023,-2.3999196580795776,-2.136650301728248,2.2996970992883456,0.0376383,0.340922,0.25748,0.325408,0.73687,0.381097,-0.453759,-0.123839,0.348593,-0.246062,0.592826,0.322657,0.53858,-0.504362,39.65776007122268,-8.003613201319377,8.128882088982014,-4.295303744709852,4.598783524467109,-5.019771264814807,24.66362977185147,45.45982482715493,-0.15249,0.248659,-0.334503,0.573166,-0.0131424,0.16485,0.802578
28.618176698684692,17.274947597228312,-11.160196773350009,16.940294304040997,-2.425043347652536,-2.1529066073393412,2.3304133487890506,0.0376713,0.340863,0.257487,0.325343,0.736339,0.381687,-0.454171,-0.124062,0.348478,-0.245987,0.592693,0.323358,0.538166,-0.504512,39.65448785661796,-7.886342676333904,8.283714904308408,-4.251246661428684,4.7328979231538355,-5.315725775508277,24.770940237384853,45.315161136398515,-0.152691,0.248817,-0.334351,0.571132,-0.0146169,0.164796,0.804013
28.64442801475525,16.45964876026705,-12.172337818663248,16.846354012054952,-2.56331093339095,-1.991919909770997,2.4269993509726895,0.0377737,0.340856,0.257479,0.326018,0.736464,0.382029,-0.453197,-0.123789,0.348331,-0.246142,0.60066,0.321162,0.538387,-0.496188,39.876419037178295,-7.154818596794617,7.3441197295391945,-5.554140968017261,4.8641633640682045,-5.8547530084877835,24.045890907397915,43.81186760958631,-0.155357,0.248233,-0.333743,0.591316,-0.0163659,0.166472,0.788901
28.670135736465454,16.684225919086153,-12.190475171999427,16.38534959871651,-2.5642801441127077,-2.0305579705741548,2.4567536032656068,0.037774,0.340727,0.257447,0.324678,0.736583,0.381825,-0.454135,-0.123985,0.348272,-0.246271,0.601801,0.319732,0.539529,-0.494485,39.99447813751489,-6.994770491411974,6.939262547612611,-5.136492250423714,3.5517513851644864,-6.391092095557973,24.579681343329906,44.963133386992084,-0.155698,0.248244,-0.333654,0.590593,-0.0171276,0.168214,0.789057
28.69523024559021,16.98214914694001,-12.102439717593647,16.53347340226779,-2.526034126917313,-2.113709302382364,2.405626132589614,0.0377515,0.34074,0.257363,0.323879,0.736954,0.381386,-0.454473,-0.12463,0.348196,-0.246148,0.591624,0.324438,0.535709,-0.507678,39.961182166332684,-7.94580317383021,8.619105278332402,-4.072551276708946,6.064563689038053,-5.087420259581599,24.619159237495143,44.30691670366082,-0.155335,0.248089,-0.333762,0.586501,-0.0150006,0.168996,0.79198
28.72317910194397,17.10303106202457,-12.096293019592268,16.84257109063775,-2.525572891883834,-2.0098658832214764,2.4849402366324265,0.037778,0.340719,0.257282,0.323594,0.736614,0.381712,-0.454954,-0.124423,0.34838,-0.246322,0.599876,0.324128,0.539257,-0.494258,39.71942977071148,-6.701316611482034,7.2374911283180055,-3.262032878085403,4.645338500075489,-7.719059979446307,25.983719167545708,44.866703616872734,-0.155758,0.247789,-0.333775,0.58633,-0.0136598,0.170197,0.791873
28.74941611289978,17.33773320588387,-12.13750570287528,17.134406550174475,-2.5501304467280086,-2.070023688386728,2.4255398399933283,0.0378066,0.34069,0.257201,0.323348,0.736969,0.38205,-0.45427,-0.125407,0.34791,-0.246235,0.591597,0.323464,0.534588,-0.50951,40.2515925040622,-8.082649700055871,8.782018101297943,-4.541257956961136,6.906280131283957,-4.506774307671677,24.091238513275936,43.42152667057093,-0.156468,0.247727,-0.333597,0.587967,-0.0159547,0.169893,0.790681
28.7748966217041,16.94093773585945,-12.318540780623922,17.3953275352302,-2.5806344358239963,-1.9824755576592366,2.4575054847869486,0.0378416,0.340668,0.257188,0.323188,0.736969,0.382201,-0.454257,-0.125483,0.34785,-0.246248,0.595484,0.323294,0.535452,-0.504154,40.24757430626878,-7.5553437148448,8.234035277500599,-4.403175843918699,6.877564963761365,-5.397411628838775,24.412442237309573,43.04843329156658,-0.157573,0.247568,-0.333447,0.592899,-0.0172864,0.169373,0.787074
28.80166792869568,17.31985398428566,-11.961933900670806,17.128921403305192,-2.543837599917139,-2.0264824481714436,2.474377618372741,0.0378747,0.340619,0.257156,0.322832,0.736872,0.382293,-0.45459,-0.125752,0.34771,-0.246231,0.594905,0.322429,0.535506,-0.505333,40.33942850284557,-7.673003618157148,8.26631043787322,-4.476757520259188,6.582392587112601,-5.161268240509898,24.305356684494896,43.3361392676368,-0.157189,0.24756,-0.333386,0.587096,-0.0147159,0.172962,0.790687
28.82831621170044,17.341314598803816,-12.1163811344782,17.23323303503362,-2.553301740015816,-2.0246955435101683,2.460696025976767,0.0379062,0.340582,0.257127,0.322658,0.736749,0.382451,-0.454779,-0.126226,0.347639,-0.246255,0.593368,0.32089,0.537661,-0.50583,40.232835812762154,-7.949467727321732,8.149999952146128,-4.017795119348371,5.807599129314667,-5.108074220721122,24.759726069558713,44.54984592654266,-0.157821,0.247348,-0.333309,0.588105,-0.0159647,0.172085,0.790104
28.855820894241333,17.62999732201286,-12.071533948724703,17.168310397421354,-2.538630485791191,-2.0405391086947327,2.4661914127455096,0.0378943,0.340565,0.257062,0.322638,0.736477,0.382651,-0.455066,-0.126679,0.347773,-0.246323,0.593163,0.321171,0.537818,-0.505725,40.18842424046857,-7.899707300044793,8.187157093178538,-4.137842665000161,5.960115627065392,-5.357988046699845,24.87700887133543,44.43589156906816,-0.15789,0.247312,-0.333434,0.5857,-0.0143356,0.172992,0.791722
28.879821062088013,17.962679105139724,-11.953600730050121,17.59070976221318,-2.5123198742872597,-2.055292820351359,2.4483661389936757,0.0379544,0.340476,0.257003,0.322501,0.736325,0.382425,-0.455598,-0.127037,0.347527,-0.246249,0.59192,0.321668,0.536847,-0.507894,40.225945779190056,-7.976894141112365,8.432046917402854,-4.2401907587420276,6.373002147554729,-5.169093244294459,24.728189115552308,44.11388702519647,-0.157479,0.247238,-0.33363,0.576892,-0.0137176,0.170914,0.798621
28.90740418434143,17.293685049731543,-12.602614211815398,18.358817210115706,-2.5961934942536278,-1.8582776414240694,2.4504617611850477,0.0380648,0.340467,0.257022,0.321622,0.737086,0.381217,-0.456002,-0.127237,0.347586,-0.246212,0.592269,0.321294,0.5377,-0.50682,40.217024541844935,-7.928582337512403,8.086066710183239,-3.7180732413376028,6.216361064395912,-5.4027878676106695,25.108176885688053,44.44798463078545,-0.159654,0.247134,-0.33304,0.592966,-0.0156825,0.173297,0.786202
28.934837341308594,17.493240520825797,-12.168997492503125,17.528773680825218,-2.5203985449265085,-1.9515723405340335,2.4637459590617836,0.038196,0.340401,0.257085,0.320652,0.73759,0.380836,-0.456188,-0.12775,0.347902,-0.246098,0.592578,0.320903,0.537977,-0.506413,40.31474272786335,-7.903584771406163,7.90772113089853,-3.742314889592901,6.450542199240104,-5.407462796277109,25.10648662742073,44.214832851599965,-0.159319,0.247472,-0.332956,0.586413,-0.0137217,0.174717,0.790826
28.957882165908813,17.224799489560723,-12.068091456888029,17.197495647280004,-2.5374265662893785,-1.933535143503368,2.4346763940850686,0.0382236,0.340376,0.25711,0.320463,0.737682,0.380814,-0.45619,-0.127952,0.347964,-0.246026,0.592177,0.320816,0.53752,-0.507421,40.38708513183457,-7.9771740059314125,7.994434588088019,-3.9647875898416807,6.72061601356409,-5.14848404033382,24.87342639050615,43.92013798551893,-0.160593,0.247412,-0.332736,0.592724,-0.0152447,0.173199,0.786414
28.985101222991943,17.608523578438213,-11.896003389512558,17.062405017370537,-2.51296085138236,-1.9699618410917517,2.4537297114444274,0.0381812,0.340348,0.257047,0.319602,0.737553,0.380793,-0.45702,-0.128605,0.347866,-0.245948,0.592257,0.317973,0.53933,-0.507197,40.50157362853713,-8.098761337277764,7.645584604870859,-3.9078415634637906,5.283895201679343,-4.9562553395443345,24.84657432360738,45.188855148260814,-0.160415,0.247326,-0.332745,0.587313,-0.0117888,0.174951,0.790137
29.011354207992554,17.774892295444037,-11.953691180715426,17.87719177496987,-2.5160098730312854,-1.963650785499821,2.465609483715743,0.0381151,0.340226,0.256982,0.321166,0.736213,0.380946,-0.457956,-0.128862,0.347848,-0.245921,0.590521,0.320806,0.539121,-0.507658,40.058553930233366,-7.925616624421554,8.058633138673983,-4.080548519540965,5.602810973633687,-5.785980318198945,25.344564350403886,45.01099364962113,-0.160395,0.247502,-0.332771,0.584235,-0.0130492,0.174767,0.792437
29.03868794441223,17.88340562696528,-12.110707715010323,17.938544056280488,-2.5483500231913405,-1.9563835103335476,2.4746325252276953,0.038185,0.340197,0.25696,0.32032,0.73685,0.379637,-0.45861,-0.12892,0.347917,-0.245979,0.590359,0.32116,0.537166,-0.509691,40.27066007718411,-7.913627824939763,8.12746232543785,-4.516785912769539,5.974576249611616,-5.508755839483456,24.930840478720658,44.410825168361,-0.161122,0.247281,-0.33257,0.587674,-0.0138912,0.175699,0.789668
29.06251358985901,18.323877057986138,-12.209501643127004,18.106680184028438,-2.5351591023422637,-1.9924993204935204,2.493574262474981,0.0382046,0.34017,0.256959,0.320112,0.736954,0.379452,-0.45874,-0.128905,0.347854,-0.245973,0.59034,0.321129,0.538351,-0.508482,40.15783060440778,-7.877022470043553,7.950584872624795,-3.8832683106080914,5.60803608452661,-5.864184331505093,25.44640413390233,45.02824620961556,-0.160781,0.247577,-0.332593,0.584741,-0.014073,0.176262,0.791714
29.090126991271973,18.514587821145806,-12.6045550242883,18.387242341481443,-2.5662507427405505,-2.0138794399679965,2.528385995577485,0.0382149,0.3401,0.256913,0.318981,0.737405,0.378728,-0.459402,-0.128712,0.347839,-0.246056,0.590783,0.32165,0.536171,-0.509938,40.437618982879876,-7.750746680433289,8.036985856683572,-4.110342656440775,5.6899832414550815,-5.743134235230109,25.118253795060458,44.60942076412182,-0.16074,0.247475,-0.332655,0.585705,-0.0132745,0.176353,0.790995
29.117600917816162,18.49411806521605,-12.989484903407883,18.56349764709195,-2.5457907561770243,-2.0597758567538986,2.557749714440415,0.0381865,0.340118,0.256878,0.319221,0.736518,0.380563,-0.459141,-0.128644,0.34779,-0.246066,0.591042,0.320679,0.537734,-0.508602,40.393702821952196,-7.753119823755743,8.02260084492734,-3.8173534892899887,4.794374902987151,-5.9414283890383,25.322579326981234,45.52217442384452,-0.160529,0.247589,-0.332737,0.585581,-0.0132805,0.176367,0.791083
29.143003463745117,18.886000397388454,-13.223026759668288,18.69965208048105,-2.529209875417888,-2.1056500589011495,2.561201957370426,0.0381328,0.340115,0.256832,0.318997,0.737058,0.380207,-0.458725,-0.128565,0.347854,-0.246139,0.59092,0.318398,0.537054,-0.51089,40.687184977813736,-8.084230725228757,8.000922913943306,-4.734401440153338,4.48442097073584,-4.739502336322431,24.4372585871991,45.439788326254885,-0.161071,0.247316,-0.332786,0.591075,-0.0123444,0.175792,0.787131
29.1713285446167,19.85503676282164,-13.479493692198622,18.688325313922014,-2.5446293419387502,-2.162642172628419,2.5924590927914113,0.0381227,0.340121,0.256805,0.31899,0.737021,0.380183,-0.458809,-0.128566,0.347739,-0.246326,0.590623,0.320093,0.536512,-0.510745,40.59519022641536,-7.95414868797033,8.14346429228235,-4.267214150467044,5.085223337127424,-5.346444959534601,24.98522491402326,45.19260242430251,-0.161108,0.24718,-0.332827,0.589349,-0.0132868,0.175982,0.788367
29.196781635284424,19.84588148732861,-14.067444166699255,19.197666796392376,-2.533205752614256,-2.167203816520901,2.6462309467306144,0.0381274,0.340116,0.256775,0.318993,0.736932,0.380339,-0.458822,-0.12861,0.347696,-0.2464,0.590803,0.319781,0.53699,-0.510229,40.57653464774017,-7.943411514509696,8.07526193124449,-4.176352044698415,4.884077677644328,-5.478016453985383,25.072761261312,45.43261602167427,-0.160574,0.247326,-0.332945,0.585679,-0.0124855,0.176813,0.790925
29.221707344055176,19.84112208423165,-14.587220864129124,19.383904747747067,-2.5943438181992224,-2.1826990953319343,2.673175382114029,0.0381201,0.340081,0.256632,0.32036,0.736624,0.37993,-0.458703,-0.128601,0.347492,-0.246554,0.591616,0.321162,0.53362,-0.511953,40.672685251715635,-7.816244896666752,8.45678411589121,-5.813232575496903,6.433069063711152,-5.060508234475186,23.995588530461024,43.23826375293128,-0.161688,0.24671,-0.332948,0.594044,-0.0130229,0.174837,0.785095
29.246975421905518,20.44859268920182,-14.995500577817147,19.54733027197852,-2.581498382451699,-2.2433439678745155,2.729076627899207,0.0380618,0.340051,0.256539,0.32017,0.73606,0.380178,-0.459534,-0.128657,0.347302,-0.246586,0.589598,0.321726,0.534836,-0.512658,40.46636666015157,-7.877182125648152,8.579870491103765,-4.811193501997593,5.5478271393057526,-5.563586755323918,24.832649553679495,44.629633623139505,-0.16123,0.246705,-0.332969,0.590097,-0.0116779,0.177411,0.787512
29.27199697494507,20.19790715771911,-15.348931460465163,19.488639231103367,-2.566556635894441,-2.233182359124468,2.757327144972763,0.0380762,0.340035,0.256528,0.320156,0.736102,0.380119,-0.459526,-0.128774,0.347221,-0.246596,0.589963,0.320592,0.536748,-0.510946,40.36131852551438,-7.899201814881862,8.266805082290833,-4.384371751829239,4.889876160705931,-5.78021423758576,25.259439765233314,45.4398215677769,-0.161685,0.246334,-0.332943,0.593138,-0.0102702,0.176669,0.785411
29.29851245880127,20.18911344241824,-14.907065810727497,19.39002132809055,-2.5364788830861453,-2.2607162474712923,2.750692728234423,0.0381752,0.340063,0.256571,0.319628,0.737056,0.379213,-0.459113,-0.128849,0.347364,-0.246641,0.589894,0.321087,0.534974,-0.512573,40.55476702023492,-7.982414168158245,8.361746681600511,-4.748283278447918,6.106655873680921,-5.312734319102681,24.762810875825757,44.25787883719817,-0.161605,0.246464,-0.332927,0.591184,-0.0106262,0.176487,0.786919
29.32648015022278,20.173860304485597,-14.690991340449877,19.624610888879484,-2.4852467407226917,-2.261925533032932,2.7532710812934504,0.0382549,0.340026,0.256612,0.319443,0.737253,0.379159,-0.458969,-0.128963,0.347511,-0.246553,0.589285,0.321032,0.535348,-0.512918,40.53438778819375,-8.078526960331622,8.365593780986003,-4.6461059495837524,6.243855531468419,-5.179403800942453,24.783594004205842,44.2790611594966,-0.161733,0.246881,-0.332713,0.590109,-0.0123893,0.177803,0.787403
29.35228705406189,20.13191778705134,-14.43217780423354,19.368736357656225,-2.4494113827388837,-2.275851357591822,2.7607890174548357,0.0383717,0.340015,0.256694,0.318657,0.737012,0.380218,-0.459026,-0.129105,0.347539,-0.246472,0.588932,0.320491,0.53579,-0.513199,40.64637565595275,-8.12405564988781,8.422035604626725,-4.277741804874243,5.904675927971098,-5.234939407683228,25.032995767440738,44.783530085855645,-0.16188,0.24708,-0.332635,0.588776,-0.012223,0.178185,0.788317
29.378079891204834,19.81996905538817,-14.344450473846301,19.169163025725112,-2.4646060785490467,-2.255996452582929,2.7434429168785073,0.0384205,0.340002,0.256628,0.320198,0.736508,0.379311,-0.459513,-0.129605,0.34758,-0.246398,0.589867,0.31649,0.537882,-0.51242,40.55610712869125,-8.328920815085208,7.934722560183005,-6.035018225101755,4.506900871716624,-4.486960174885951,24.21857843530615,45.33897464764503,-0.162506,0.246886,-0.332523,0.591703,-0.0115016,0.179016,0.785945
29.402969360351562,19.622484657165952,-14.220291511127677,19.251490620695773,-2.4771029706769525,-2.2339950082764606,2.7278292861062305,0.0383396,0.339948,0.256547,0.319725,0.736018,0.379943,-0.460106,-0.129738,0.347441,-0.246367,0.58884,0.317575,0.536553,-0.514319,40.64456929909418,-8.28824754684691,8.298419394603275,-5.870503247722752,4.598027184696363,-4.536409260612913,24.220534720437655,45.26303772149014,-0.162505,0.246856,-0.332621,0.589499,-0.0110619,0.17847,0.787729
29.42603874206543,19.367531415498195,-14.508941150144421,19.66410596351222,-2.4756119481660677,-2.1816708628641015,2.746759121636759,0.0383656,0.340004,0.256556,0.318896,0.737481,0.37975,-0.458494,-0.130006,0.347443,-0.246307,0.589467,0.318617,0.536031,-0.5135,40.76341110923022,-8.324076026950495,8.23337321388587,-5.030727744243521,6.717821114232656,-4.321525025931976,24.18863338871589,43.74811566009186,-0.162801,0.246815,-0.332493,0.589123,-0.0118265,0.178174,0.788066
29.453105926513672,19.280983294631262,-14.149929346193211,19.065458504308,-2.4244805067491613,-2.205931232797343,2.7392176067072227,0.0383378,0.339956,0.256642,0.318676,0.736491,0.380506,-0.459611,-0.130168,0.347347,-0.246204,0.591044,0.316967,0.537177,-0.511507,40.812541487044655,-8.083665472235625,7.960857109120891,-5.2950291527139335,5.040569965715612,-4.826193708639217,24.392430300908913,44.865486491533865,-0.162662,0.246954,-0.332532,0.587188,-0.0109467,0.178689,0.789405
29.479440927505493,18.96587140475123,-13.920986284448642,18.479744831180227,-2.39531940834221,-2.24125037934387,2.711221603732609,0.0383022,0.339943,0.256636,0.319406,0.736927,0.380105,-0.458736,-0.130559,0.347363,-0.246099,0.590622,0.314964,0.538902,-0.511418,40.725505102632496,-8.429750649904062,7.726738693476051,-5.626406866738536,5.127565725898606,-4.059588967043467,24.039757128485075,44.900618255239046,-0.162981,0.246759,-0.33262,0.587285,-0.00740571,0.17798,0.789534
29.50645422935486,18.860857109925625,-13.799313790575143,18.55988061419336,-2.3993033001044686,-2.2505140654288573,2.7189526526316414,0.0383204,0.33994,0.256633,0.319647,0.736322,0.38066,-0.459078,-0.130678,0.347407,-0.246059,0.590215,0.315341,0.539232,-0.511308,40.63034514612962,-8.376410042665325,7.826982147620633,-5.597202729305998,4.897508498931593,-4.342605875314213,24.246786894897433,45.15264998658962,-0.163019,0.246937,-0.332445,0.585431,-0.0100891,0.178181,0.790836
29.53059720993042,19.507205621123106,-13.926684516320622,18.830487132057907,-2.4411346108715857,-2.2428956310209793,2.6961805054907706,0.0383962,0.339935,0.256677,0.318622,0.736584,0.380426,-0.459566,-0.130755,0.347394,-0.245959,0.59024,0.315217,0.540496,-0.510018,40.59692169461445,-8.291292642811323,7.585192980262882,-4.607642684607168,4.318637815859496,-4.823723628897788,24.77856743632479,46.02487361057553,-0.16314,0.246836,-0.332389,0.5861,-0.00989873,0.177275,0.790545
29.557627201080322,19.0630676288781,-13.96244824862922,18.491731769122413,-2.4895857137541473,-2.2460270896274435,2.680178314694085,0.0384223,0.339916,0.256706,0.318607,0.736699,0.380317,-0.459481,-0.130681,0.347388,-0.245944,0.591404,0.31352,0.539115,-0.511176,40.90723828718234,-8.35802991958784,7.5610151012852285,-5.859657579808218,4.192384922672012,-4.00686392541914,23.960085011674398,45.42569078618488,-0.163023,0.247001,-0.332361,0.585649,-0.0101005,0.178215,0.790666
29.58426308631897,18.609186405936608,-13.979739542641115,18.09141767168955,-2.5943886108567695,-2.229647408698927,2.621263033075953,0.0384399,0.339962,0.256743,0.318572,0.737159,0.380486,-0.458627,-0.130723,0.347366,-0.245931,0.591772,0.31379,0.539373,-0.510312,40.89912313746323,-8.381204998961339,7.5045580180691935,-5.475568943625827,4.966719834407314,-4.001786675049715,24.022236292414167,44.96359562165864,-0.163196,0.246916,-0.332277,0.586973,-0.010919,0.17779,0.789769
29.609871864318848,18.754123387031214,-14.1195456645353,18.121253587740863,-2.6369355861542756,-2.2614107501475402,2.596497933219275,0.0383939,0.339933,0.256698,0.31848,0.737304,0.379788,-0.459037,-0.130932,0.347429,-0.245899,0.591027,0.313614,0.54228,-0.508198,40.56537300287988,-8.391753768660232,7.1424965215309015,-4.385706014290083,4.115669831780487,-4.6214856249901715,24.700650928318097,46.32811524930903,-0.162867,0.246999,-0.332439,0.584634,-0.00991887,0.17738,0.791606
29.638335466384888,19.347696136946205,-14.350010244078394,18.406891771109606,-2.6677159973256432,-2.244614002927041,2.5817137423010674,0.0384366,0.339952,0.256719,0.318665,0.737183,0.380282,-0.458693,-0.131095,0.347513,-0.245834,0.59148,0.31703,0.541487,-0.506395,40.37111652577445,-8.035864308345555,7.34592696594418,-3.6967906572534908,5.798032053290463,-5.5714111591788935,25.50831340234985,45.060690141028786,-0.162998,0.24693,-0.332384,0.584411,-0.0101759,0.1769,0.791875
29.664846897125244,19.72284953192056,-14.743732355423917,18.367704544361185,-2.7124083345124945,-2.2279408046385485,2.5346840089384632,0.0384526,0.339954,0.256759,0.318637,0.737399,0.380046,-0.458561,-0.131262,0.34755,-0.245649,0.593222,0.316127,0.541577,-0.504822,40.459937916700284,-7.917490874080536,7.079373219101171,-4.123989124906135,5.891358136637216,-5.38975558206058,25.10799059020213,44.537037422625836,-0.163048,0.247027,-0.332298,0.583782,-0.010369,0.176536,0.792418
29.692249536514282,20.8728267666447,-14.874125429481508,18.247642913748933,-2.72031838996432,-2.288119162009714,2.4574795899980444,0.0384152,0.339923,0.256771,0.318653,0.737197,0.379891,-0.459003,-0.131708,0.347727,-0.245352,0.592893,0.315204,0.544044,-0.50313,40.24408069829103,-7.939105977244942,6.7731646135579275,-3.721534652177926,5.019856638671108,-5.5712702070199285,25.291248897523506,45.48478680359848,-0.163002,0.247299,-0.332237,0.58052,-0.0104085,0.174904,0.795171
29.717849016189575,23.179405726896107,-15.360484909108992,18.43012703143878,-2.7168079232454176,-2.3373321332400345,2.4627846995311278,0.0383897,0.339933,0.256762,0.318726,0.737129,0.379724,-0.4592,-0.131885,0.347806,-0.24526,0.591847,0.317635,0.543889,-0.503,40.01998560648136,-7.8159626963415425,6.961363457557422,-3.001066890938503,5.805148592906647,-6.142660338786484,25.923005222204626,45.18578372859791,-0.163085,0.247466,-0.332175,0.578868,-0.0110342,0.174508,0.796453
29.744173049926758,26.154052712869795,-15.353359379771312,16.839898300999824,-2.740804895621519,-2.4667745914659376,2.491639949560771,0.0383629,0.339982,0.25673,0.319054,0.737497,0.379956,-0.458188,-0.132736,0.348068,-0.24491,0.593604,0.316006,0.544246,-0.501569,40.145107265893664,-7.863827027922725,6.709214538474992,-3.943527487056304,6.851430403081153,-5.300547045754307,25.02680931311191,43.6763776696173,-0.163939,0.247638,-0.332085,0.581015,-0.00823794,0.173529,0.795136
29.771037101745605,28.634885376006707,-14.815162050507658,16.109624093074135,-2.702747989362253,-2.614099845972705,2.5232789321759457,0.0383309,0.339972,0.256712,0.319655,0.737877,0.379717,-0.457355,-0.1337,0.34845,-0.244535,0.595058,0.313976,0.546731,-0.498408,40.01442425314315,-7.9295052552843,6.174517342876822,-4.490274802938917,7.240607504205656,-4.839116791936156,24.544690012559876,43.043909081501134,-0.163958,0.248589,-0.331966,0.572688,-0.00809243,0.173784,0.801101
29.7960102558136,28.483241038859653,-15.49044449979123,15.743846920975464,-2.715495142234231,-2.600941229819677,2.5075508005780076,0.0383227,0.339962,0.256707,0.318872,0.737712,0.379295,-0.458516,-0.134,0.348759,-0.244481,0.594743,0.312288,0.550139,-0.496089,39.81619604138205,-7.912527008873349,5.654460943642739,-3.7337843937539006,5.1513641629812525,-5.487946271354097,25.311037468468886,45.25330791160153,-0.164762,0.248394,-0.331777,0.57796,-0.00704807,0.173436,0.797391
