# Timestamp, Fx, Fy, Fz, Tx, Ty, Tz, FemurPosX, FemurPosY, FemurPosZ, FemurQuatW, FemurQuatX, FemurQuatY, FemurQuatZ, TibiaPosX, TibiaPosY, TibiaPosZ, TibiaQuatW, TibiaQuatX, TibiaQuatY, TibiaQuatZ, Flexion, Adduction, Rotation, Anterior_Posterior, Medial_Lateral, Proximal_Distal
0.02129387855529785,1.24058,0.789456,-0.276487,0.111851,-0.0850888,0.14117,0.138926,0.410161,0.556262,0.307118,0.661561,0.49398,-0.473286,0.0418481,0.28159,0.137754,0.607168,0.237438,0.323081,-0.685995,62.33072799072233,4.176593959403293,-23.199244557924228,-5.457256814458699,-12.074330023529086,3.7789901541025834
0.022655487060546875,1.24058,0.789456,-0.276487,0.111851,-0.0850888,0.14117,0.138926,0.410161,0.556262,0.307118,0.661561,0.49398,-0.473286,0.0418481,0.28159,0.137754,0.607168,0.237438,0.323081,-0.685995,62.33072799072233,4.176593959403293,-23.199244557924228,-5.457256814458699,-12.074330023529086,3.7789901541025834
0.054849863052368164,1.2099,0.777945,-0.289057,0.110836,-0.0795429,0.138252,0.138942,0.410159,0.556244,0.307052,0.661794,0.494135,-0.47284,0.0418534,0.281591,0.137755,0.607179,0.237409,0.323061,-0.686005,62.38453151936305,4.142585612668928,-23.160584282015556,-5.678157233975933,-12.238849021030838,3.7330814958570775
0.056027889251708984,1.2099,0.777945,-0.289057,0.110836,-0.0795429,0.138252,0.138942,0.410159,0.556244,0.307052,0.661794,0.494135,-0.47284,0.0418534,0.281591,0.137755,0.607179,0.237409,0.323061,-0.686005,62.38453151936305,4.142585612668928,-23.160584282015556,-5.678157233975933,-12.238849021030838,3.7330814958570775
0.0716714859008789,1.23221,0.784544,-0.302297,0.111868,-0.0788536,0.140003,0.138947,0.410163,0.556233,0.3071,0.661682,0.494085,-0.473018,0.0418425,0.281535,0.137764,0.607433,0.237091,0.323382,-0.685739,62.3632435090628,4.1680050029972575,-23.261399550603066,-5.609611975733492,-12.03562608436612,3.7538048437750797
0.07301902770996094,1.23221,0.784544,-0.302297,0.111868,-0.0788536,0.140003,0.138947,0.410163,0.556233,0.3071,0.661682,0.494085,-0.473018,0.0418425,0.281535,0.137764,0.607433,0.237091,0.323382,-0.685739,62.3632435090628,4.1680050029972575,-23.261399550603066,-5.609611975733492,-12.03562608436612,3.7538048437750797
0.08875012397766113,1.15144,0.830085,-0.295272,0.115474,-0.0730372,0.147298,0.138942,0.410158,0.556243,0.307076,0.661837,0.494108,-0.472794,0.0418359,0.281525,0.137725,0.608212,0.237386,0.32303,-0.685112,62.388097645621286,4.277063288295124,-23.489765731299602,-5.685428843115831,-12.43631749592528,3.6988438810075857
0.08998560905456543,1.15144,0.830085,-0.295272,0.115474,-0.0730372,0.147298,0.138942,0.410158,0.556243,0.307076,0.661837,0.494108,-0.472794,0.0418359,0.281525,0.137725,0.608212,0.237386,0.32303,-0.685112,62.388097645621286,4.277063288295124,-23.489765731299602,-5.685428843115831,-12.43631749592528,3.6988438810075857
0.10452604293823242,1.22008,0.803033,-0.282698,0.113058,-0.0817414,0.143627,0.13895,0.410184,0.556231,0.306846,0.662279,0.493255,-0.473215,0.0418487,0.28159,0.137758,0.607148,0.237539,0.323175,-0.685933,62.335395933046684,4.205930381696455,-23.37287707900289,-5.713071314664085,-11.952165058578423,3.8273697571958993
0.1055140495300293,1.22008,0.803033,-0.282698,0.113058,-0.0817414,0.143627,0.13895,0.410184,0.556231,0.306846,0.662279,0.493255,-0.473215,0.0418487,0.28159,0.137758,0.607148,0.237539,0.323175,-0.685933,62.335395933046684,4.205930381696455,-23.37287707900289,-5.713071314664085,-11.952165058578423,3.8273697571958993
0.12087249755859375,1.24309,0.814045,-0.302192,0.114269,-0.0802207,0.146205,0.138953,0.410178,0.556238,0.306837,0.662285,0.493206,-0.473262,0.0418482,0.281585,0.13777,0.606952,0.236641,0.322805,-0.686591,62.4456261456302,4.136900955816581,-23.279731009808202,-5.377464063683215,-11.741458750216994,3.5364398177917975
0.12184691429138184,1.24309,0.814045,-0.302192,0.114269,-0.0802207,0.146205,0.138953,0.410178,0.556238,0.306837,0.662285,0.493206,-0.473262,0.0418482,0.281585,0.13777,0.606952,0.236641,0.322805,-0.686591,62.4456261456302,4.136900955816581,-23.279731009808202,-5.377464063683215,-11.741458750216994,3.5364398177917975
0.14104509353637695,1.2031,0.811464,-0.302431,0.114484,-0.0763394,0.145029,0.13893,0.410165,0.556251,0.306918,0.661821,0.494118,-0.472908,0.0418518,0.281594,0.137757,0.607096,0.237563,0.323177,-0.68597,62.36674562085068,4.155463426406064,-23.17839280121832,-5.773628673292887,-12.150341620103395,3.816283515841956
0.14200139045715332,1.2031,0.811464,-0.302431,0.114484,-0.0763394,0.145029,0.13893,0.410165,0.556251,0.306918,0.661821,0.494118,-0.472908,0.0418518,0.281594,0.137757,0.607096,0.237563,0.323177,-0.68597,62.36674562085068,4.155463426406064,-23.17839280121832,-5.773628673292887,-12.150341620103395,3.816283515841956
0.17079472541809082,1.26307,0.85813,-0.276303,0.117724,-0.0872567,0.155716,0.138948,0.410169,0.556237,0.307136,0.6617,0.494141,-0.472912,0.0418373,0.281516,0.137723,0.608247,0.237244,0.322934,-0.685175,62.393214200673704,4.279075416267934,-23.48195757136658,-5.564093434625276,-12.413634080528158,3.6512804269433112
0.17174553871154785,1.26307,0.85813,-0.276303,0.117724,-0.0872567,0.155716,0.138948,0.410169,0.556237,0.307136,0.6617,0.494141,-0.472912,0.0418373,0.281516,0.137723,0.608247,0.237244,0.322934,-0.685175,62.393214200673704,4.279075416267934,-23.48195757136658,-5.564093434625276,-12.413634080528158,3.6512804269433112
0.18699431419372559,1.23411,0.80324,-0.282467,0.11264,-0.0837951,0.144154,0.138929,0.410167,0.55625,0.306908,0.661803,0.494147,-0.472909,0.0418533,0.281589,0.137757,0.607131,0.237544,0.323149,-0.685959,62.37205719982335,4.159776890243761,-23.1849034533796,-5.770811139600459,-12.15476521646531,3.805165405050258
0.18794488906860352,1.23411,0.80324,-0.282467,0.11264,-0.0837951,0.144154,0.138929,0.410167,0.55625,0.306908,0.661803,0.494147,-0.472909,0.0418533,0.281589,0.137757,0.607131,0.237544,0.323149,-0.685959,62.37205719982335,4.159776890243761,-23.1849034533796,-5.770811139600459,-12.15476521646531,3.805165405050258
0.204010009765625,1.24284,0.820462,-0.283172,0.115046,-0.0836801,0.147819,0.13895,0.410164,0.556237,0.307093,0.661678,0.494135,-0.472976,0.0418502,0.28158,0.13776,0.607156,0.237541,0.323142,-0.685941,62.349149222621996,4.1542836100910545,-23.161147250232364,-5.674157761009502,-12.225934855895943,3.793275243152682
0.2049715518951416,1.24284,0.820462,-0.283172,0.115046,-0.0836801,0.147819,0.13895,0.410164,0.556237,0.307093,0.661678,0.494135,-0.472976,0.0418502,0.28158,0.13776,0.607156,0.237541,0.323142,-0.685941,62.349149222621996,4.1542836100910545,-23.161147250232364,-5.674157761009502,-12.225934855895943,3.793275243152682
0.22166848182678223,1.25069,0.804106,-0.30243,0.113606,-0.0807285,0.144197,0.138944,0.410158,0.556243,0.307084,0.661817,0.494126,-0.472797,0.0418638,0.281633,0.137744,0.606709,0.237843,0.322791,-0.686398,62.37063140292363,4.099707407818298,-22.997675922488458,-5.720875545377527,-12.407270859270298,3.777961556601713
0.22262191772460938,1.25069,0.804106,-0.30243,0.113606,-0.0807285,0.144197,0.138944,0.410158,0.556243,0.307084,0.661817,0.494126,-0.472797,0.0418638,0.281633,0.137744,0.606709,0.237843,0.322791,-0.686398,62.37063140292363,4.099707407818298,-22.997675922488458,-5.720875545377527,-12.407270859270298,3.777961556601713
0.25379014015197754,1.26651,0.839076,-0.276239,0.116029,-0.0873316,0.152035,0.138933,0.410179,0.556244,0.306946,0.661695,0.494192,-0.472989,0.0418492,0.281586,0.13776,0.607109,0.237589,0.323134,-0.68597,62.35902512665376,4.162350964346643,-23.167877348275397,-5.745255862520904,-12.166283426528738,3.8188236248815315
0.2547447681427002,1.26651,0.839076,-0.276239,0.116029,-0.0873316,0.152035,0.138933,0.410179,0.556244,0.306946,0.661695,0.494192,-0.472989,0.0418492,0.281586,0.13776,0.607109,0.237589,0.323134,-0.68597,62.35902512665376,4.162350964346643,-23.167877348275397,-5.745255862520904,-12.166283426528738,3.8188236248815315
0.27091073989868164,1.22811,0.780168,-0.276058,0.110801,-0.0836879,0.139531,0.138929,0.410169,0.556251,0.306866,0.661864,0.494128,-0.472871,0.0418396,0.281555,0.13777,0.607546,0.237177,0.323442,-0.68558,62.38598893970607,4.193392918095266,-23.334826771455393,-5.7899318732118,-12.020102390391045,3.778206155975135
0.271869421005249,1.22811,0.780168,-0.276058,0.110801,-0.0836879,0.139531,0.138929,0.410169,0.556251,0.306866,0.661864,0.494128,-0.472871,0.0418396,0.281555,0.13777,0.607546,0.237177,0.323442,-0.68558,62.38598893970607,4.193392918095266,-23.334826771455393,-5.7899318732118,-12.020102390391045,3.778206155975135
0.28705549240112305,1.18329,0.857625,-0.284363,0.119674,-0.0773411,0.152439,0.138971,0.410184,0.55622,0.307056,0.662164,0.493252,-0.473243,0.0418159,0.281511,0.13773,0.60819,0.237337,0.323086,-0.685122,62.336087487598206,4.323037852745553,-23.659190072364158,-5.564143481059652,-12.19212804392941,3.7382976978847826
0.2879922389984131,1.18329,0.857625,-0.284363,0.119674,-0.0773411,0.152439,0.138971,0.410184,0.55622,0.307056,0.662164,0.493252,-0.473243,0.0418159,0.281511,0.13773,0.60819,0.237337,0.323086,-0.685122,62.336087487598206,4.323037852745553,-23.659190072364158,-5.564143481059652,-12.19212804392941,3.7382976978847826
0.3034975528717041,1.25839,0.741546,-0.307981,0.107173,-0.080806,0.132432,0.138928,0.41017,0.556254,0.306842,0.661863,0.494127,-0.472888,0.041819,0.281554,0.137775,0.607536,0.237127,0.323464,-0.685596,62.389296336594406,4.192284463214017,-23.337490340520894,-5.786698921319668,-12.000290839113948,3.776217435411555
0.30445432662963867,1.25839,0.741546,-0.307981,0.107173,-0.080806,0.132432,0.138928,0.41017,0.556254,0.306842,0.661863,0.494127,-0.472888,0.041819,0.281554,0.137775,0.607536,0.237127,0.323464,-0.685596,62.389296336594406,4.192284463214017,-23.337490340520894,-5.786698921319668,-12.000290839113948,3.776217435411555
0.3370678424835205,1.1993,0.739822,-0.268152,0.106332,-0.0829778,0.135226,0.138928,0.41017,0.55625,0.306917,0.661825,0.494161,-0.472858,0.04187,0.281573,0.137712,0.607662,0.237837,0.322651,-0.685621,62.391351785564865,4.247990016436574,-23.330702236297295,-5.743026683619628,-12.490106194270938,3.7417833141994734
0.3380126953125,1.1993,0.739822,-0.268152,0.106332,-0.0829778,0.135226,0.138928,0.41017,0.55625,0.306917,0.661825,0.494161,-0.472858,0.04187,0.281573,0.137712,0.607662,0.237837,0.322651,-0.685621,62.391351785564865,4.247990016436574,-23.330702236297295,-5.743026683619628,-12.490106194270938,3.7417833141994734
0.3535454273223877,1.25113,0.73699,-0.281699,0.106745,-0.0847462,0.135482,0.138938,0.410147,0.556251,0.307277,0.661588,0.493943,-0.473184,0.0418767,0.281584,0.137745,0.607022,0.23737,0.323006,-0.686183,62.337800180876854,4.133215466155087,-23.113899120098697,-5.398789043321518,-12.128933753922949,3.739631621848346
0.3544962406158447,1.25113,0.73699,-0.281699,0.106745,-0.0847462,0.135482,0.138938,0.410147,0.556251,0.307277,0.661588,0.493943,-0.473184,0.0418767,0.281584,0.137745,0.607022,0.23737,0.323006,-0.686183,62.337800180876854,4.133215466155087,-23.113899120098697,-5.398789043321518,-12.128933753922949,3.739631621848346
0.38714599609375,1.2299,0.758971,-0.300783,0.108053,-0.0795899,0.135658,0.13894,0.410157,0.556238,0.307007,0.661798,0.494163,-0.472836,0.0417849,0.281561,0.137717,0.607682,0.237568,0.322489,-0.685774,62.42351999482789,4.2277897746498105,-23.301522126795497,-5.618528224293187,-12.600245807783024,3.628837025702459
0.3880913257598877,1.2299,0.758971,-0.300783,0.108053,-0.0795899,0.135658,0.13894,0.410157,0.556238,0.307007,0.661798,0.494163,-0.472836,0.0417849,0.281561,0.137717,0.607682,0.237568,0.322489,-0.685774,62.42351999482789,4.2277897746498105,-23.301522126795497,-5.618528224293187,-12.600245807783024,3.628837025702459
0.4206216335296631,1.295,0.799121,-0.297361,0.114261,-0.085346,0.143066,0.138923,0.410171,0.556256,0.306889,0.661818,0.494129,-0.472918,0.0418324,0.281548,0.137771,0.607546,0.23718,0.323421,-0.68559,62.38106228968417,4.195722981417472,-23.33159897547805,-5.759701036542018,-12.018688032078902,3.783578667799668
0.42156219482421875,1.295,0.799121,-0.297361,0.114261,-0.085346,0.143066,0.138923,0.410171,0.556256,0.306889,0.661818,0.494129,-0.472918,0.0418324,0.281548,0.137771,0.607546,0.23718,0.323421,-0.68559,62.38106228968417,4.195722981417472,-23.33159897547805,-5.759701036542018,-12.018688032078902,3.783578667799668
0.4540584087371826,1.22954,0.908294,-0.278835,0.124833,-0.08297,0.163942,0.138932,0.410165,0.556253,0.30718,0.661486,0.494,-0.473329,0.0418802,0.281585,0.137752,0.60715,0.237512,0.322987,-0.686029,62.32266931489364,4.177560418749915,-23.177080160290974,-5.423222657450044,-12.107380992256513,3.7707558929955924
0.4570760726928711,1.22954,0.908294,-0.278835,0.124833,-0.08297,0.163942,0.138932,0.410165,0.556253,0.30718,0.661486,0.494,-0.473329,0.0418802,0.281585,0.137752,0.60715,0.237512,0.322987,-0.686029,62.32266931489364,4.177560418749915,-23.177080160290974,-5.423222657450044,-12.107380992256513,3.7707558929955924
0.47747254371643066,1.26715,0.752549,-0.295342,0.108146,-0.0844021,0.134838,0.138932,0.410168,0.556252,0.306839,0.661875,0.494129,-0.472872,0.0418272,0.281591,0.137759,0.606927,0.237459,0.32321,-0.68614,62.384658285246026,4.129305204404832,-23.134674075501497,-5.8110498886134,-12.091312480545923,3.820570186150653
0.47870874404907227,1.26715,0.752549,-0.295342,0.108146,-0.0844021,0.134838,0.138932,0.410168,0.556252,0.306839,0.661875,0.494129,-0.472872,0.0418272,0.281591,0.137759,0.606927,0.237459,0.32321,-0.68614,62.384658285246026,4.129305204404832,-23.134674075501497,-5.8110498886134,-12.091312480545923,3.820570186150653
0.5037405490875244,1.28607,0.791389,-0.2438,0.111329,-0.0951735,0.1436,0.138931,0.410172,0.556253,0.306896,0.661832,0.494127,-0.472897,0.0418161,0.281588,0.137762,0.607149,0.237349,0.323114,-0.686026,62.39469742681356,4.151768406699557,-23.18897929160543,-5.727031107225822,-12.144573026833585,3.755848114201476
0.5046877861022949,1.28607,0.791389,-0.2438,0.111329,-0.0951735,0.1436,0.138931,0.410172,0.556253,0.306896,0.661832,0.494127,-0.472897,0.0418161,0.281588,0.137762,0.607149,0.237349,0.323114,-0.686026,62.39469742681356,4.151768406699557,-23.18897929160543,-5.727031107225822,-12.144573026833585,3.755848114201476
0.5202975273132324,1.30105,0.782682,-0.289424,0.111473,-0.0882608,0.143025,0.138943,0.410152,0.556242,0.307039,0.661791,0.494107,-0.472883,0.04184,0.28158,0.137761,0.607164,0.237479,0.323145,-0.685954,62.36778832825671,4.148841992383332,-23.172203304184972,-5.711183656388374,-12.222679460222178,3.7725936419809276
0.5212695598602295,1.30105,0.782682,-0.289424,0.111473,-0.0882608,0.143025,0.138943,0.410152,0.556242,0.307039,0.661791,0.494107,-0.472883,0.04184,0.28158,0.137761,0.607164,0.237479,0.323145,-0.685954,62.36778832825671,4.148841992383332,-23.172203304184972,-5.711183656388374,-12.222679460222178,3.7725936419809276
0.5333373546600342,1.30105,0.782682,-0.289424,0.111473,-0.0882608,0.143025,0.138943,0.410152,0.556242,0.307039,0.661791,0.494107,-0.472883,0.04184,0.28158,0.137761,0.607164,0.237479,0.323145,-0.685954,62.36778832825671,4.148841992383332,-23.172203304184972,-5.711183656388374,-12.222679460222178,3.7725936419809276
0.5558609962463379,1.20583,0.822885,-0.289031,0.115044,-0.0790539,0.148499,0.138933,0.41018,0.556238,0.306923,0.661703,0.49421,-0.472973,0.0418341,0.281586,0.137771,0.607011,0.236549,0.322844,-0.686553,62.482875951351154,4.092474439403335,-23.093768259028796,-5.426684091203178,-11.937391527570341,3.499022754158341
0.5568194389343262,1.20583,0.822885,-0.289031,0.115044,-0.0790539,0.148499,0.138933,0.41018,0.556238,0.306923,0.661703,0.49421,-0.472973,0.0418341,0.281586,0.137771,0.607011,0.236549,0.322844,-0.686553,62.482875951351154,4.092474439403335,-23.093768259028796,-5.426684091203178,-11.937391527570341,3.499022754158341
0.60556960105896,1.23431,0.769786,-0.295138,0.109679,-0.0815004,0.138339,0.138932,0.410168,0.556253,0.306873,0.661868,0.494117,-0.472872,0.0418549,0.281591,0.137758,0.607114,0.237586,0.323148,-0.68596,62.37465015921018,4.160043181994871,-23.190283235067568,-5.813065202057982,-12.164430771755463,3.8165487604359587
0.6096715927124023,1.23431,0.769786,-0.295138,0.109679,-0.0815004,0.138339,0.138932,0.410168,0.556253,0.306873,0.661868,0.494117,-0.472872,0.0418549,0.281591,0.137758,0.607114,0.237586,0.323148,-0.68596,62.37465015921018,4.160043181994871,-23.190283235067568,-5.813065202057982,-12.164430771755463,3.8165487604359587
0.6362805366516113,1.20717,0.853146,-0.302986,0.118852,-0.0769589,0.154954,0.138936,0.410176,0.556247,0.306887,0.661751,0.494149,-0.472993,0.0418788,0.28159,0.137771,0.607158,0.236743,0.322818,-0.686368,62.46781450789682,4.129224358983112,-23.164151574446027,-5.4670905456940755,-11.962733728834802,3.5248864198545524
0.6380791664123535,1.20717,0.853146,-0.302986,0.118852,-0.0769589,0.154954,0.138936,0.410176,0.556247,0.306887,0.661751,0.494149,-0.472993,0.0418788,0.28159,0.137771,0.607158,0.236743,0.322818,-0.686368,62.46781450789682,4.129224358983112,-23.164151574446027,-5.4670905456940755,-11.962733728834802,3.5248864198545524
0.6562755107879639,1.25756,0.714685,-0.282132,0.104553,-0.0858559,0.127991,0.138938,0.410161,0.556241,0.307062,0.661804,0.494093,-0.472863,0.0418453,0.281588,0.137759,0.607147,0.237506,0.323187,-0.68594,62.36117707780845,4.14447791070165,-23.165990564793397,-5.72657750459541,-12.218400858782198,3.790317152854655
0.6572823524475098,1.25756,0.714685,-0.282132,0.104553,-0.0858559,0.127991,0.138938,0.410161,0.556241,0.307062,0.661804,0.494093,-0.472863,0.0418453,0.281588,0.137759,0.607147,0.237506,0.323187,-0.68594,62.36117707780845,4.14447791070165,-23.165990564793397,-5.72657750459541,-12.218400858782198,3.790317152854655
0.6713252067565918,1.27494,0.810384,-0.275791,0.112826,-0.0890586,0.146772,0.138949,0.410164,0.556233,0.307078,0.661699,0.494117,-0.472975,0.0418029,0.281531,0.137772,0.607409,0.236966,0.323437,-0.685777,62.37634456569992,4.154863584600276,-23.24984424969358,-5.62455637809616,-12.027183658882333,3.741153818180174
0.672368049621582,1.27494,0.810384,-0.275791,0.112826,-0.0890586,0.146772,0.138949,0.410164,0.556233,0.307078,0.661699,0.494117,-0.472975,0.0418029,0.281531,0.137772,0.607409,0.236966,0.323437,-0.685777,62.37634456569992,4.154863584600276,-23.24984424969358,-5.62455637809616,-12.027183658882333,3.741153818180174
0.6910700798034668,1.28027,0.799414,-0.2768,0.112951,-0.0884536,0.143904,0.138967,0.410172,0.556224,0.307015,0.662268,0.493198,-0.473179,0.0418282,0.281555,0.137708,0.607514,0.237552,0.322633,-0.68586,62.36692564760351,4.245922807872972,-23.43570917972821,-5.53433167008181,-12.28747423785407,3.7053858786760405
0.6920289993286133,1.28027,0.799414,-0.2768,0.112951,-0.0884536,0.143904,0.138967,0.410172,0.556224,0.307015,0.662268,0.493198,-0.473179,0.0418282,0.281555,0.137708,0.607514,0.237552,0.322633,-0.68586,62.36692564760351,4.245922807872972,-23.43570917972821,-5.53433167008181,-12.28747423785407,3.7053858786760405
0.7203125953674316,1.23254,0.882883,-0.277136,0.121026,-0.0837204,0.160179,0.138935,0.410162,0.556241,0.307061,0.66183,0.494105,-0.472816,0.0418449,0.281587,0.137751,0.607183,0.2374,0.3231,-0.685985,62.38288852102592,4.140159802641004,-23.165674455162673,-5.696134803597506,-12.233469736419961,3.7453704399418317
0.7212936878204346,1.23254,0.882883,-0.277136,0.121026,-0.0837204,0.160179,0.138935,0.410162,0.556241,0.307061,0.66183,0.494105,-0.472816,0.0418449,0.281587,0.137751,0.607183,0.2374,0.3231,-0.685985,62.38288852102592,4.140159802641004,-23.165674455162673,-5.696134803597506,-12.233469736419961,3.7453704399418317
0.7369122505187988,1.2411,0.840525,-0.295329,0.116173,-0.0814328,0.151765,0.138943,0.410172,0.556235,0.307081,0.661708,0.494144,-0.472933,0.0418129,0.281579,0.137761,0.606909,0.237422,0.323163,-0.686191,62.36402729746669,4.110940966613323,-23.07748657895041,-5.684840745639782,-12.183337632710431,3.796239004871855
0.737865686416626,1.2411,0.840525,-0.295329,0.116173,-0.0814328,0.151765,0.138943,0.410172,0.556235,0.307081,0.661708,0.494144,-0.472933,0.0418129,0.281579,0.137761,0.606909,0.237422,0.323163,-0.686191,62.36402729746669,4.110940966613323,-23.07748657895041,-5.684840745639782,-12.183337632710431,3.796239004871855
0.7535531520843506,1.22709,0.742199,-0.275493,0.106559,-0.0849679,0.132013,0.13897,0.410188,0.556216,0.307011,0.662193,0.493268,-0.473214,0.0418154,0.281585,0.137763,0.607111,0.237516,0.32316,-0.685981,62.32369297882651,4.18646255297226,-23.323698629665756,-5.654768683806589,-12.058291372691555,3.8130954419989846
0.7545218467712402,1.22709,0.742199,-0.275493,0.106559,-0.0849679,0.132013,0.13897,0.410188,0.556216,0.307011,0.662193,0.493268,-0.473214,0.0418154,0.281585,0.137763,0.607111,0.237516,0.32316,-0.685981,62.32369297882651,4.18646255297226,-23.323698629665756,-5.654768683806589,-12.058291372691555,3.8130954419989846
0.8053967952728271,1.22113,0.804557,-0.296251,0.114088,-0.0793336,0.144874,0.138929,0.410166,0.556252,0.306894,0.661855,0.494086,-0.472909,0.0418545,0.281579,0.137752,0.60693,0.237525,0.323117,-0.686158,62.37754810672046,4.133711851863699,-23.130789618090738,-5.773608558780271,-12.11248440772426,3.8203428235608428
0.8086037635803223,1.22113,0.804557,-0.296251,0.114088,-0.0793336,0.144874,0.138929,0.410166,0.556252,0.306894,0.661855,0.494086,-0.472909,0.0418545,0.281579,0.137752,0.60693,0.237525,0.323117,-0.686158,62.37754810672046,4.133711851863699,-23.130789618090738,-5.773608558780271,-12.11248440772426,3.8203428235608428
0.8265213966369629,1.19892,0.79362,-0.262469,0.111111,-0.0843295,0.141762,0.138948,0.410154,0.556242,0.307036,0.661816,0.494139,-0.472817,0.0418433,0.281584,0.137758,0.607156,0.237517,0.323163,-0.68594,62.36963565713914,4.144015836573977,-23.162640765451933,-5.7521958869473,-12.254774027151269,3.7850905772200605
0.8278663158416748,1.19892,0.79362,-0.262469,0.111111,-0.0843295,0.141762,0.138948,0.410154,0.556242,0.307036,0.661816,0.494139,-0.472817,0.0418433,0.281584,0.137758,0.607156,0.237517,0.323163,-0.68594,62.36963565713914,4.144015836573977,-23.162640765451933,-5.7521958869473,-12.254774027151269,3.7850905772200605
0.844451904296875,1.24914,0.731459,-0.275601,0.10582,-0.0865485,0.130849,0.138951,0.410186,0.556228,0.3069,0.662237,0.493316,-0.473175,0.041817,0.281559,0.137711,0.607714,0.237595,0.322666,-0.685652,62.37238200339156,4.282150078199903,-23.506742593797025,-5.604073642221475,-12.288091404386458,3.716029983311154
0.8453927040100098,1.24914,0.731459,-0.275601,0.10582,-0.0865485,0.130849,0.138951,0.410186,0.556228,0.3069,0.662237,0.493316,-0.473175,0.041817,0.281559,0.137711,0.607714,0.237595,0.322666,-0.685652,62.37238200339156,4.282150078199903,-23.506742593797025,-5.604073642221475,-12.288091404386458,3.716029983311154
0.8703179359436035,1.25068,0.77041,-0.282874,0.110381,-0.0845778,0.138906,0.13893,0.410182,0.55624,0.306932,0.66172,0.494172,-0.472984,0.0418472,0.281583,0.137756,0.607144,0.237557,0.323141,-0.685947,62.362738691131035,4.166228038677521,-23.184602702496758,-5.750300220872184,-12.152735735442423,3.814374192619145
0.8712787628173828,1.25068,0.77041,-0.282874,0.110381,-0.0845778,0.138906,0.13893,0.410182,0.55624,0.306932,0.66172,0.494172,-0.472984,0.0418472,0.281583,0.137756,0.607144,0.237557,0.323141,-0.685947,62.362738691131035,4.166228038677521,-23.184602702496758,-5.750300220872184,-12.152735735442423,3.814374192619145
0.8869178295135498,1.2263,0.79791,-0.29555,0.112831,-0.0798187,0.14375,0.13893,0.410184,0.556236,0.30693,0.661682,0.494223,-0.472985,0.0418605,0.281632,0.137738,0.606668,0.237843,0.322788,-0.686435,62.36942017628913,4.120183519776936,-23.011095616902917,-5.722498303512318,-12.274296950070243,3.8058879539524013
0.8878805637359619,1.2263,0.79791,-0.29555,0.112831,-0.0798187,0.14375,0.13893,0.410184,0.556236,0.30693,0.661682,0.494223,-0.472985,0.0418605,0.281632,0.137738,0.606668,0.237843,0.322788,-0.686435,62.36942017628913,4.120183519776936,-23.011095616902917,-5.722498303512318,-12.274296950070243,3.8058879539524013
0.9058079719543457,1.22663,0.819988,-0.282745,0.114568,-0.082816,0.147868,0.138926,0.410169,0.556248,0.306864,0.661846,0.49415,-0.472874,0.0418426,0.281586,0.137752,0.60694,0.237483,0.323157,-0.686145,62.38478846485023,4.130774575340884,-23.12819509835027,-5.79642338374871,-12.106087474714428,3.814422872934217
0.9067637920379639,1.22663,0.819988,-0.282745,0.114568,-0.082816,0.147868,0.138926,0.410169,0.556248,0.306864,0.661846,0.49415,-0.472874,0.0418426,0.281586,0.137752,0.60694,0.237483,0.323157,-0.686145,62.38478846485023,4.130774575340884,-23.12819509835027,-5.79642338374871,-12.106087474714428,3.814422872934217
0.9535257816314697,1.19593,0.802778,-0.30168,0.11305,-0.0759788,0.143803,0.138995,0.410257,0.556242,0.306769,0.662427,0.494814,-0.471426,0.0418265,0.281585,0.137754,0.606956,0.237429,0.323162,-0.686148,62.54080146572044,4.007434262439159,-22.948114126357503,-6.527530535589477,-12.715564024410858,3.801697057656307
0.9577946662902832,1.19593,0.802778,-0.30168,0.11305,-0.0759788,0.143803,0.138995,0.410257,0.556242,0.306769,0.662427,0.494814,-0.471426,0.0418265,0.281585,0.137754,0.606956,0.237429,0.323162,-0.686148,62.54080146572044,4.007434262439159,-22.948114126357503,-6.527530535589477,-12.715564024410858,3.801697057656307
0.9810559749603271,1.21534,0.796754,-0.276521,0.112721,-0.0826949,0.142663,0.138947,0.410157,0.556238,0.306994,0.661866,0.494084,-0.472831,0.0418444,0.281563,0.137708,0.607722,0.237631,0.322636,-0.685647,62.40542267921903,4.237491621007522,-23.339520958141623,-5.66609012371316,-12.515689640291143,3.6796606517547508
0.982703447341919,1.21534,0.796754,-0.276521,0.112721,-0.0826949,0.142663,0.138947,0.410157,0.556238,0.306994,0.661866,0.494084,-0.472831,0.0418444,0.281563,0.137708,0.607722,0.237631,0.322636,-0.685647,62.40542267921903,4.237491621007522,-23.339520958141623,-5.66609012371316,-12.515689640291143,3.6796606517547508
1.0007531642913818,1.25238,0.807533,-0.295921,0.113906,-0.0822015,0.145936,0.138931,0.410171,0.556248,0.306841,0.661881,0.494126,-0.472866,0.0418345,0.281571,0.137748,0.607257,0.237409,0.32305,-0.685941,62.40259240919707,4.172140980616525,-23.231408262082727,-5.771905863127393,-12.171257055745627,3.7592691325076926
1.0018277168273926,1.25238,0.807533,-0.295921,0.113906,-0.0822015,0.145936,0.138931,0.410171,0.556248,0.306841,0.661881,0.494126,-0.472866,0.0418345,0.281571,0.137748,0.607257,0.237409,0.32305,-0.685941,62.40259240919707,4.172140980616525,-23.231408262082727,-5.771905863127393,-12.171257055745627,3.7592691325076926
1.0193617343902588,1.2369,0.782283,-0.302465,0.111676,-0.0799892,0.13998,0.138937,0.410161,0.556235,0.307023,0.661829,0.494121,-0.472825,0.0418156,0.281556,0.137715,0.607526,0.237448,0.32261,-0.685896,62.42318243252922,4.197240166708683,-23.257446387549322,-5.618724044092058,-12.470012901891783,3.646563898853735
1.0203173160552979,1.2369,0.782283,-0.302465,0.111676,-0.0799892,0.13998,0.138937,0.410161,0.556235,0.307023,0.661829,0.494121,-0.472825,0.0418156,0.281556,0.137715,0.607526,0.237448,0.32261,-0.685896,62.42318243252922,4.197240166708683,-23.257446387549322,-5.618724044092058,-12.470012901891783,3.646563898853735
1.0388431549072266,1.20909,0.742196,-0.302254,0.108117,-0.077298,0.131853,0.138927,0.410172,0.556251,0.306869,0.661882,0.49414,-0.472831,0.0418241,0.281534,0.13775,0.607511,0.236557,0.322889,-0.686086,62.494114571717766,4.154409833679877,-23.27289258297248,-5.527336788597306,-12.025285516449381,3.5230308294555197
1.0398049354553223,1.20909,0.742196,-0.302254,0.108117,-0.077298,0.131853,0.138927,0.410172,0.556251,0.306869,0.661882,0.49414,-0.472831,0.0418241,0.281534,0.13775,0.607511,0.236557,0.322889,-0.686086,62.494114571717766,4.154409833679877,-23.27289258297248,-5.527336788597306,-12.025285516449381,3.5230308294555197
1.0591320991516113,1.23405,0.729917,-0.29593,0.107018,-0.0805686,0.129682,0.138938,0.410159,0.556238,0.307025,0.66187,0.494071,-0.472819,0.0418634,0.281614,0.137751,0.606942,0.237302,0.323358,-0.686112,62.37270143990182,4.1030769868047745,-23.111897906767727,-5.720039901099674,-12.052591081460431,3.787975831065241
1.060089111328125,1.23405,0.729917,-0.29593,0.107018,-0.0805686,0.129682,0.138938,0.410159,0.556238,0.307025,0.66187,0.494071,-0.472819,0.0418634,0.281614,0.137751,0.606942,0.237302,0.323358,-0.686112,62.37270143990182,4.1030769868047745,-23.111897906767727,-5.720039901099674,-12.052591081460431,3.787975831065241
1.0891852378845215,1.25256,0.724763,-0.282379,0.105669,-0.08523,0.129403,0.138943,0.410175,0.556227,0.307094,0.661708,0.494149,-0.472919,0.0418734,0.28182,0.13761,0.606001,0.238193,0.324836,-0.685937,62.150992542943186,4.014692933156363,-22.891432587120637,-5.987160754408947,-11.702696056139654,4.438097096975855
1.0901365280151367,1.25256,0.724763,-0.282379,0.105669,-0.08523,0.129403,0.138943,0.410175,0.556227,0.307094,0.661708,0.494149,-0.472919,0.0418734,0.28182,0.13761,0.606001,0.238193,0.324836,-0.685937,62.150992542943186,4.014692933156363,-22.891432587120637,-5.987160754408947,-11.702696056139654,4.438097096975855
1.1050176620483398,1.2112,0.775281,-0.269377,0.110146,-0.0836552,0.138753,0.138944,0.410174,0.556225,0.307063,0.661716,0.494166,-0.472911,0.0418611,0.281782,0.137629,0.605861,0.240034,0.325172,-0.685259,61.95839927380377,4.099671455456925,-22.91724584490059,-6.635862863599616,-12.147025377055558,4.969911527353253
1.1060123443603516,1.2112,0.775281,-0.269377,0.110146,-0.0836552,0.138753,0.138944,0.410174,0.556225,0.307063,0.661716,0.494166,-0.472911,0.0418611,0.281782,0.137629,0.605861,0.240034,0.325172,-0.685259,61.95839927380377,4.099671455456925,-22.91724584490059,-6.635862863599616,-12.147025377055558,4.969911527353253
1.121910572052002,1.26415,0.776294,-0.289142,0.110685,-0.0846376,0.139984,0.13895,0.41017,0.556228,0.307105,0.661714,0.494182,-0.47287,0.0417913,0.281697,0.137631,0.605283,0.239,0.325216,-0.686109,62.050231907945275,3.9546363638907924,-22.6932086097894,-6.431787206899176,-11.814579923307523,4.846873371800418
1.1229133605957031,1.26415,0.776294,-0.289142,0.110685,-0.0846376,0.139984,0.13895,0.41017,0.556228,0.307105,0.661714,0.494182,-0.47287,0.0417913,0.281697,0.137631,0.605283,0.239,0.325216,-0.686109,62.050231907945275,3.9546363638907924,-22.6932086097894,-6.431787206899176,-11.814579923307523,4.846873371800418
1.153879165649414,1.23812,0.801825,-0.270153,0.113165,-0.0860269,0.144619,0.138929,0.410171,0.556244,0.306905,0.661851,0.494147,-0.472843,0.0418313,0.281758,0.137619,0.605027,0.239663,0.32485,-0.686278,62.0430573725279,3.974928314986811,-22.65301066318001,-6.581610911495769,-11.976965697596311,4.905203409825334
1.1548635959625244,1.23812,0.801825,-0.270153,0.113165,-0.0860269,0.144619,0.138929,0.410171,0.556244,0.306905,0.661851,0.494147,-0.472843,0.0418313,0.281758,0.137619,0.605027,0.239663,0.32485,-0.686278,62.0430573725279,3.974928314986811,-22.65301066318001,-6.581610911495769,-11.976965697596311,4.905203409825334
1.1704423427581787,1.2464,0.7906,-0.28301,0.112177,-0.0844121,0.142291,0.138943,0.410161,0.556238,0.307054,0.661858,0.494121,-0.472764,0.041812,0.281634,0.137564,0.606869,0.239274,0.324638,-0.684886,62.08512669817639,4.187030092015527,-23.19108850830784,-6.416350056613382,-12.310148833892455,4.7184151751108026
1.1714370250701904,1.2464,0.7906,-0.28301,0.112177,-0.0844121,0.142291,0.138943,0.410161,0.556238,0.307054,0.661858,0.494121,-0.472764,0.041812,0.281634,0.137564,0.606869,0.239274,0.324638,-0.684886,62.08512669817639,4.187030092015527,-23.19108850830784,-6.416350056613382,-12.310148833892455,4.7184151751108026
1.1870105266571045,1.26826,0.768312,-0.308539,0.110209,-0.0811965,0.138219,0.138926,0.410171,0.556241,0.306894,0.661852,0.494136,-0.47286,0.041798,0.281758,0.137627,0.604983,0.239573,0.324957,-0.686297,62.04134927630425,3.9653368160879348,-22.6475201660824,-6.584745626442157,-11.927309477401984,4.911662846930594
1.1879637241363525,1.26826,0.768312,-0.308539,0.110209,-0.0811965,0.138219,0.138926,0.410171,0.556241,0.306894,0.661852,0.494136,-0.47286,0.041798,0.281758,0.137627,0.604983,0.239573,0.324957,-0.686297,62.04134927630425,3.9653368160879348,-22.6475201660824,-6.584745626442157,-11.927309477401984,4.911662846930594
1.203782081604004,1.27047,0.802947,-0.282406,0.112607,-0.0868176,0.14551,0.138926,0.410171,0.556241,0.306894,0.661852,0.494136,-0.47286,0.041798,0.281758,0.137627,0.604983,0.239573,0.324957,-0.686297,62.04134927630425,3.9653368160879348,-22.6475201660824,-6.584745626442157,-11.927309477401984,4.911662846930594
1.2047357559204102,1.27047,0.802947,-0.282406,0.112607,-0.0868176,0.14551,0.138926,0.410171,0.556241,0.306894,0.661852,0.494136,-0.47286,0.041798,0.281758,0.137627,0.604983,0.239573,0.324957,-0.686297,62.04134927630425,3.9653368160879348,-22.6475201660824,-6.584745626442157,-11.927309477401984,4.911662846930594
1.220409631729126,1.24057,0.827374,-0.31543,0.116121,-0.0771827,0.149597,0.13893,0.410185,0.556236,0.306903,0.661753,0.494176,-0.472952,0.0417983,0.281706,0.137551,0.605585,0.239752,0.324235,-0.686045,62.07758707030127,4.069880021184667,-22.803069846178264,-6.433047358190371,-12.272846311308909,4.816091691074223
1.221379041671753,1.24057,0.827374,-0.31543,0.116121,-0.0771827,0.149597,0.13893,0.410185,0.556236,0.306903,0.661753,0.494176,-0.472952,0.0417983,0.281706,0.137551,0.605585,0.239752,0.324235,-0.686045,62.07758707030127,4.069880021184667,-22.803069846178264,-6.433047358190371,-12.272846311308909,4.816091691074223
1.2537531852722168,1.21947,0.794471,-0.289553,0.112748,-0.0805452,0.142045,0.138927,0.410171,0.556247,0.306911,0.661845,0.494131,-0.472865,0.0418084,0.281759,0.13763,0.604964,0.239527,0.324943,-0.686336,62.04469029510855,3.9594243503190434,-22.637262487858028,-6.557170673818271,-11.908894592515223,4.899572241113722
1.2547426223754883,1.21947,0.794471,-0.289553,0.112748,-0.0805452,0.142045,0.138927,0.410171,0.556247,0.306911,0.661845,0.494131,-0.472865,0.0418084,0.281759,0.13763,0.604964,0.239527,0.324943,-0.686336,62.04469029510855,3.9594243503190434,-22.637262487858028,-6.557170673818271,-11.908894592515223,4.899572241113722
1.2701826095581055,1.2958,0.79106,-0.295618,0.111996,-0.0861577,0.14343,0.138928,0.41017,0.556243,0.306829,0.661859,0.494138,-0.472892,0.0417981,0.28176,0.137636,0.60494,0.239623,0.325039,-0.686279,62.03301044569871,3.9693280547807084,-22.654372802256468,-6.632813709649842,-11.877805000167118,4.9434154051925905
1.2711708545684814,1.2958,0.79106,-0.295618,0.111996,-0.0861577,0.14343,0.138928,0.41017,0.556243,0.306829,0.661859,0.494138,-0.472892,0.0417981,0.28176,0.137636,0.60494,0.239623,0.325039,-0.686279,62.03301044569871,3.9693280547807084,-22.654372802256468,-6.632813709649842,-11.877805000167118,4.9434154051925905
1.2869458198547363,1.24771,0.803575,-0.282409,0.112665,-0.084777,0.144701,0.138936,0.410173,0.556246,0.306787,0.661853,0.494247,-0.472813,0.0417864,0.281754,0.137625,0.604684,0.239361,0.324963,-0.686631,62.07670174605402,3.915383728061801,-22.546139225691043,-6.598833978820442,-11.821092314305305,4.899189072781799
1.2879023551940918,1.24771,0.803575,-0.282409,0.112665,-0.084777,0.144701,0.138936,0.410173,0.556246,0.306787,0.661853,0.494247,-0.472813,0.0417864,0.281754,0.137625,0.604684,0.239361,0.324963,-0.686631,62.07670174605402,3.915383728061801,-22.546139225691043,-6.598833978820442,-11.821092314305305,4.899189072781799
1.304290771484375,1.2346,0.810441,-0.302519,0.114392,-0.0793933,0.145952,0.138931,0.410173,0.556249,0.306812,0.661897,0.494145,-0.472842,0.0417946,0.281753,0.137623,0.60465,0.239395,0.324962,-0.686649,62.06737669932722,3.914759699311323,-22.550096474679613,-6.585078334484026,-11.801114716762118,4.914033443107352
1.3052701950073242,1.2346,0.810441,-0.302519,0.114392,-0.0793933,0.145952,0.138931,0.410173,0.556249,0.306812,0.661897,0.494145,-0.472842,0.0417946,0.281753,0.137623,0.60465,0.239395,0.324962,-0.686649,62.06737669932722,3.914759699311323,-22.550096474679613,-6.585078334484026,-11.801114716762118,4.914033443107352
1.3202154636383057,1.24563,0.781448,-0.302693,0.112035,-0.079976,0.140262,0.13894,0.410159,0.556235,0.307068,0.661813,0.494116,-0.472823,0.0418162,0.28176,0.137624,0.605016,0.239585,0.324986,-0.68625,62.024494564122094,3.9538765749982114,-22.626288718255445,-6.526261803474805,-11.999093281367474,4.90312896300037
1.3211917877197266,1.24563,0.781448,-0.302693,0.112035,-0.079976,0.140262,0.13894,0.410159,0.556235,0.307068,0.661813,0.494116,-0.472823,0.0418162,0.28176,0.137624,0.605016,0.239585,0.324986,-0.68625,62.024494564122094,3.9538765749982114,-22.626288718255445,-6.526261803474805,-11.999093281367474,4.90312896300037
1.3390226364135742,1.27489,0.755118,-0.289731,0.109251,-0.0857302,0.135683,0.138939,0.410146,0.556248,0.307274,0.661598,0.493894,-0.473223,0.0417932,0.2817,0.13763,0.605225,0.238999,0.325199,-0.686169,61.99958425265699,3.967153190630083,-22.71017738278899,-6.171682393443727,-11.703577641447502,4.858354290350438
1.339961290359497,1.27489,0.755118,-0.289731,0.109251,-0.0857302,0.135683,0.138939,0.410146,0.556248,0.307274,0.661598,0.493894,-0.473223,0.0417932,0.2817,0.13763,0.605225,0.238999,0.325199,-0.686169,61.99958425265699,3.967153190630083,-22.71017738278899,-6.171682393443727,-11.703577641447502,4.858354290350438
1.3702161312103271,1.17569,0.76555,-0.308412,0.10998,-0.0734286,0.135736,0.138923,0.410171,0.556243,0.306876,0.66181,0.494173,-0.472893,0.0417914,0.281748,0.137619,0.604656,0.239373,0.324922,-0.686671,62.062505227555725,3.9133906328429804,-22.53489926305941,-6.52291417621537,-11.810734090403713,4.898531512981869
1.3711793422698975,1.17569,0.76555,-0.308412,0.10998,-0.0734286,0.135736,0.138923,0.410171,0.556243,0.306876,0.66181,0.494173,-0.472893,0.0417914,0.281748,0.137619,0.604656,0.239373,0.324922,-0.686671,62.062505227555725,3.9133906328429804,-22.53489926305941,-6.52291417621537,-11.810734090403713,4.898531512981869
1.387002944946289,1.24642,1.46486,-0.288807,0.15922,-0.0871997,0.286464,0.138928,0.410186,0.556234,0.306954,0.661705,0.494207,-0.472954,0.0418095,0.281756,0.137629,0.604924,0.239697,0.324991,-0.686289,62.013887056394665,3.9661759503494824,-22.616272488557634,-6.577282287367624,-11.929804167555764,4.958801234845891
1.3879549503326416,1.24642,1.46486,-0.288807,0.15922,-0.0871997,0.286464,0.138928,0.410186,0.556234,0.306954,0.661705,0.494207,-0.472954,0.0418095,0.281756,0.137629,0.604924,0.239697,0.324991,-0.686289,62.013887056394665,3.9661759503494824,-22.616272488557634,-6.577282287367624,-11.929804167555764,4.958801234845891
1.403686761856079,1.38286,-1.63716,-0.855233,-0.195961,0.00315995,-0.334356,0.138928,0.410186,0.556234,0.306954,0.661705,0.494207,-0.472954,0.0418095,0.281756,0.137629,0.604924,0.239697,0.324991,-0.686289,62.013887056394665,3.9661759503494824,-22.616272488557634,-6.577282287367624,-11.929804167555764,4.958801234845891
1.404639720916748,1.38286,-1.63716,-0.855233,-0.195961,0.00315995,-0.334356,0.138928,0.410186,0.556234,0.306954,0.661705,0.494207,-0.472954,0.0418095,0.281756,0.137629,0.604924,0.239697,0.324991,-0.686289,62.013887056394665,3.9661759503494824,-22.616272488557634,-6.577282287367624,-11.929804167555764,4.958801234845891
1.4202978610992432,1.14511,0.193101,-0.931474,0.0186346,0.0407902,0.0305665,0.138933,0.410159,0.556252,0.3069,0.661838,0.494121,-0.472893,0.0408595,0.281355,0.138029,0.608761,0.2314,0.321707,-0.68729,63.0526757668321,4.0477378495973,-23.4882375542671,-4.122280127501176,-11.96550963993697,1.9107830213558663
1.4212448596954346,1.14511,0.193101,-0.931474,0.0186346,0.0407902,0.0305665,0.138933,0.410159,0.556252,0.3069,0.661838,0.494121,-0.472893,0.0408595,0.281355,0.138029,0.608761,0.2314,0.321707,-0.68729,63.0526757668321,4.0477378495973,-23.4882375542671,-4.122280127501176,-11.96550963993697,1.9107830213558663
1.4536163806915283,1.30414,0.0845201,-1.1175,-0.0230977,0.10514,0.0157122,0.138947,0.410149,0.55629,0.307198,0.661595,0.493985,-0.473182,0.0398356,0.281334,0.138273,0.609383,0.230146,0.323777,-0.686188,62.928517239440055,4.047924367675566,-23.751323488601074,-4.0890007888525695,-12.046960922957318,2.0773938868769735
1.4545564651489258,1.30414,0.0845201,-1.1175,-0.0230977,0.10514,0.0157122,0.138947,0.410149,0.55629,0.307198,0.661595,0.493985,-0.473182,0.0398356,0.281334,0.138273,0.609383,0.230146,0.323777,-0.686188,62.928517239440055,4.047924367675566,-23.751323488601074,-4.0890007888525695,-12.046960922957318,2.0773938868769735
1.4710285663604736,1.68607,0.040622,-1.04776,-0.0355036,0.0770688,0.0135164,0.138929,0.410168,0.556308,0.306945,0.661603,0.494045,-0.473272,0.0394301,0.281373,0.138355,0.609871,0.232192,0.324631,-0.68466,62.682898258402794,4.247577610383496,-24.05395012931418,-4.923951477750509,-12.757352327334655,2.723576274224058
1.4719862937927246,1.68607,0.040622,-1.04776,-0.0355036,0.0770688,0.0135164,0.138929,0.410168,0.556308,0.306945,0.661603,0.494045,-0.473272,0.0394301,0.281373,0.138355,0.609871,0.232192,0.324631,-0.68466,62.682898258402794,4.247577610383496,-24.05395012931418,-4.923951477750509,-12.757352327334655,2.723576274224058
1.48697829246521,1.35298,0.0221045,-0.865562,-0.0508212,0.0975711,0.0116203,0.138949,0.410151,0.556302,0.306898,0.661688,0.494,-0.47323,0.0390908,0.281603,0.138286,0.607185,0.235298,0.328667,-0.684061,62.06563459940844,4.021624917674565,-23.490580469785005,-6.492241441902164,-12.347010713058534,4.649533147525518
1.4879324436187744,1.35298,0.0221045,-0.865562,-0.0508212,0.0975711,0.0116203,0.138949,0.410151,0.556302,0.306898,0.661688,0.494,-0.47323,0.0390908,0.281603,0.138286,0.607185,0.235298,0.328667,-0.684061,62.06563459940844,4.021624917674565,-23.490580469785005,-6.492241441902164,-12.347010713058534,4.649533147525518
1.5036978721618652,1.39155,-0.458574,-0.600406,-0.136698,0.085981,-0.0830512,0.138963,0.410136,0.556284,0.307454,0.661016,0.494123,-0.473679,0.0391502,0.281492,0.138488,0.609383,0.231963,0.325927,-0.684557,62.50835430998994,4.149133926916914,-23.865160051969283,-4.719984326387669,-12.57863551331589,2.872606236897462
1.5046424865722656,1.39155,-0.458574,-0.600406,-0.136698,0.085981,-0.0830512,0.138963,0.410136,0.556284,0.307454,0.661016,0.494123,-0.473679,0.0391502,0.281492,0.138488,0.609383,0.231963,0.325927,-0.684557,62.50835430998994,4.149133926916914,-23.865160051969283,-4.719984326387669,-12.57863551331589,2.872606236897462
1.5203611850738525,-0.49517,-1.05018,-0.286959,-0.234945,0.33669,-0.229862,0.138938,0.410165,0.556199,0.306595,0.661732,0.494371,-0.472978,0.0389288,0.281455,0.138397,0.611026,0.228214,0.325284,-0.684657,63.047812071132945,4.177211286612475,-24.37390364390554,-4.236428645219857,-12.05626208513401,1.7606247832595086
1.521301507949829,-0.49517,-1.05018,-0.286959,-0.234945,0.33669,-0.229862,0.138938,0.410165,0.556199,0.306595,0.661732,0.494371,-0.472978,0.0389288,0.281455,0.138397,0.611026,0.228214,0.325284,-0.684657,63.047812071132945,4.177211286612475,-24.37390364390554,-4.236428645219857,-12.05626208513401,1.7606247832595086
1.5539469718933105,-1.99772,-1.43403,-0.0300584,-0.288787,0.598139,-0.326411,0.138895,0.410119,0.555848,0.307131,0.661313,0.49414,-0.473457,0.0394594,0.281958,0.138203,0.606415,0.233544,0.323799,-0.687657,62.60937935773287,3.8579176534142383,-22.87145336600318,-4.758038974914064,-12.947656339176492,2.4640777239656466
1.5549068450927734,-1.99772,-1.43403,-0.0300584,-0.288787,0.598139,-0.326411,0.138895,0.410119,0.555848,0.307131,0.661313,0.49414,-0.473457,0.0394594,0.281958,0.138203,0.606415,0.233544,0.323799,-0.687657,62.60937935773287,3.8579176534142383,-22.87145336600318,-4.758038974914064,-12.947656339176492,2.4640777239656466
1.570326566696167,-2.12674,-1.87795,-0.0321527,-0.322285,0.635231,-0.395073,0.138857,0.410086,0.555733,0.30811,0.66069,0.494007,-0.473829,0.0406599,0.282321,0.137983,0.603337,0.235923,0.322855,-0.689992,62.35257933367157,3.5381969785606584,-21.735873710615124,-4.30816370800884,-12.517604946695949,2.710939110096244
1.5712714195251465,-2.12674,-1.87795,-0.0321527,-0.322285,0.635231,-0.395073,0.138857,0.410086,0.555733,0.30811,0.66069,0.494007,-0.473829,0.0406599,0.282321,0.137983,0.603337,0.235923,0.322855,-0.689992,62.35257933367157,3.5381969785606584,-21.735873710615124,-4.30816370800884,-12.517604946695949,2.710939110096244
1.5869946479797363,-1.85291,-1.62516,0.0800287,-0.29383,0.595713,-0.321662,0.13881,0.410141,0.55565,0.308183,0.66086,0.493794,-0.473767,0.0432019,0.283362,0.137461,0.599854,0.244822,0.317465,-0.692426,62.00872600518919,3.618994249082688,-20.603758116886816,-4.617239103910215,-14.044724333252875,3.0876705164994
1.5879473686218262,-1.85291,-1.62516,0.0800287,-0.29383,0.595713,-0.321662,0.13881,0.410141,0.55565,0.308183,0.66086,0.493794,-0.473767,0.0432019,0.283362,0.137461,0.599854,0.244822,0.317465,-0.692426,62.00872600518919,3.618994249082688,-20.603758116886816,-4.617239103910215,-14.044724333252875,3.0876705164994
1.603733777999878,-2.1489,-1.69995,0.182578,-0.315674,0.611322,-0.335076,0.138783,0.41019,0.555648,0.307918,0.659883,0.49524,-0.473791,0.0436325,0.283322,0.137153,0.600219,0.241877,0.314609,-0.694445,62.56131086323913,3.518540314267282,-20.26873855331493,-3.1384630648656913,-13.622009507980378,1.8485975344318062
1.6046833992004395,-2.1489,-1.69995,0.182578,-0.315674,0.611322,-0.335076,0.138783,0.41019,0.555648,0.307918,0.659883,0.49524,-0.473791,0.0436325,0.283322,0.137153,0.600219,0.241877,0.314609,-0.694445,62.56131086323913,3.518540314267282,-20.26873855331493,-3.1384630648656913,-13.622009507980378,1.8485975344318062
1.6204679012298584,-1.84972,-2.05369,0.117921,-0.360883,0.582891,-0.382431,0.13875,0.410189,0.555701,0.307771,0.66084,0.494391,-0.473439,0.0453644,0.28413,0.136965,0.596283,0.245922,0.313382,-0.696965,62.33313236506455,3.232745022426335,-19.218908342882237,-3.4907615698321073,-13.006962132477613,2.2640723097422115
1.6214184761047363,-1.84972,-2.05369,0.117921,-0.360883,0.582891,-0.382431,0.13875,0.410189,0.555701,0.307771,0.66084,0.494391,-0.473439,0.0453644,0.28413,0.136965,0.596283,0.245922,0.313382,-0.696965,62.33313236506455,3.232745022426335,-19.218908342882237,-3.4907615698321073,-13.006962132477613,2.2640723097422115
1.6535382270812988,-1.0069,-1.8324,-0.427443,-0.359685,0.633432,-0.273136,0.138909,0.410097,0.55584,0.30703,0.66131,0.494046,-0.473625,0.0498901,0.284965,0.136516,0.589888,0.256312,0.30678,-0.701585,61.9902581744598,3.13601787068666,-17.41061263911481,-4.042878444305169,-12.828865290881911,2.8884665144005313
1.6545090675354004,-1.0069,-1.8324,-0.427443,-0.359685,0.633432,-0.273136,0.138909,0.410097,0.55584,0.30703,0.66131,0.494046,-0.473625,0.0498901,0.284965,0.136516,0.589888,0.256312,0.30678,-0.701585,61.9902581744598,3.13601787068666,-17.41061263911481,-4.042878444305169,-12.828865290881911,2.8884665144005313
1.6703979969024658,-1.17769,-1.95559,-0.318855,-0.382494,0.635769,-0.312279,0.138975,0.410126,0.556005,0.305078,0.6614,0.494854,-0.473917,0.0526633,0.284771,0.136026,0.586574,0.260209,0.299605,-0.706016,62.39899024074415,3.1586242501122577,-16.364023882318147,-3.946984268032389,-12.354688416436705,2.561010480611618
1.6713464260101318,-1.17769,-1.95559,-0.318855,-0.382494,0.635769,-0.312279,0.138975,0.410126,0.556005,0.305078,0.6614,0.494854,-0.473917,0.0526633,0.284771,0.136026,0.586574,0.260209,0.299605,-0.706016,62.39899024074415,3.1586242501122577,-16.364023882318147,-3.946984268032389,-12.354688416436705,2.561010480611618
1.686966896057129,-0.456283,-1.987,0.0868513,-0.432246,0.483301,-0.306982,0.139007,0.410166,0.555929,0.305239,0.661686,0.494175,-0.474122,0.0592265,0.283901,0.134946,0.575434,0.272539,0.284034,-0.716884,62.47915470224913,2.614911952597584,-12.591373159690864,-3.5916953513384295,-12.832482992053437,2.8707952117312523
1.6879220008850098,-0.456283,-1.987,0.0868513,-0.432246,0.483301,-0.306982,0.139007,0.410166,0.555929,0.305239,0.661686,0.494175,-0.474122,0.0592265,0.283901,0.134946,0.575434,0.272539,0.284034,-0.716884,62.47915470224913,2.614911952597584,-12.591373159690864,-3.5916953513384295,-12.832482992053437,2.8707952117312523
1.7038426399230957,-0.769646,-2.6132,0.178512,-0.536283,0.503695,-0.431587,0.139021,0.410122,0.555895,0.305754,0.661382,0.494717,-0.473649,0.0615866,0.283658,0.134074,0.569948,0.283991,0.280991,-0.71802,61.66111860359502,2.5972153785174084,-11.107870684700579,-5.397126251812545,-14.758699293631597,5.746850084488826
1.70479416847229,-0.769646,-2.6132,0.178512,-0.536283,0.503695,-0.431587,0.139021,0.410122,0.555895,0.305754,0.661382,0.494717,-0.473649,0.0615866,0.283658,0.134074,0.569948,0.283991,0.280991,-0.71802,61.66111860359502,2.5972153785174084,-11.107870684700579,-5.397126251812545,-14.758699293631597,5.746850084488826
1.7204179763793945,-1.22571,-2.67675,0.28992,-0.587719,0.590954,-0.443212,0.139064,0.410037,0.555734,0.30804,0.661357,0.492872,-0.474127,0.0657333,0.282569,0.133529,0.563224,0.289415,0.270986,-0.724972,61.649502436784175,2.064055777160046,-8.649283494263543,-3.750895893266571,-14.945311922609989,5.3869026874348265
1.7213654518127441,-1.22571,-2.67675,0.28992,-0.587719,0.590954,-0.443212,0.139064,0.410037,0.555734,0.30804,0.661357,0.492872,-0.474127,0.0657333,0.282569,0.133529,0.563224,0.289415,0.270986,-0.724972,61.649502436784175,2.064055777160046,-8.649283494263543,-3.750895893266571,-14.945311922609989,5.3869026874348265
1.7538790702819824,-0.880809,-2.56193,0.575463,-0.563482,0.497198,-0.392413,0.138974,0.410022,0.555664,0.308469,0.660639,0.493719,-0.473967,0.0707809,0.281494,0.132823,0.556904,0.29552,0.259557,-0.731544,61.941417620222715,1.7060603658126574,-6.131318557583036,-2.661587595958126,-14.614254658714222,4.8742111446769165
1.7548367977142334,-0.880809,-2.56193,0.575463,-0.563482,0.497198,-0.392413,0.138974,0.410022,0.555664,0.308469,0.660639,0.493719,-0.473967,0.0707809,0.281494,0.132823,0.556904,0.29552,0.259557,-0.731544,61.941417620222715,1.7060603658126574,-6.131318557583036,-2.661587595958126,-14.614254658714222,4.8742111446769165
1.7703909873962402,-0.60931,-2.80311,0.501875,-0.612867,0.471235,-0.399853,0.138821,0.410127,0.555601,0.307729,0.661035,0.493815,-0.473796,0.0734146,0.281095,0.132311,0.554298,0.301632,0.25496,-0.732644,61.831056513858286,1.8845864131077386,-5.567906035434597,-3.3999440118547466,-14.68481773313981,5.724423382689371
1.7713475227355957,-0.60931,-2.80311,0.501875,-0.612867,0.471235,-0.399853,0.138821,0.410127,0.555601,0.307729,0.661035,0.493815,-0.473796,0.0734146,0.281095,0.132311,0.554298,0.301632,0.25496,-0.732644,61.831056513858286,1.8845864131077386,-5.567906035434597,-3.3999440118547466,-14.68481773313981,5.724423382689371
1.7869842052459717,-0.471191,-3.03654,0.618714,-0.665042,0.447097,-0.444757,0.138786,0.410138,0.555646,0.308256,0.66025,0.494132,-0.474217,0.0788898,0.279193,0.13169,0.545243,0.313536,0.241631,-0.738932,61.63378356833374,1.6970834232718668,-2.714872196894409,-3.342439735442049,-15.850054553454662,6.952080457450354
1.7879316806793213,-0.471191,-3.03654,0.618714,-0.665042,0.447097,-0.444757,0.138786,0.410138,0.555646,0.308256,0.66025,0.494132,-0.474217,0.0788898,0.279193,0.13169,0.545243,0.313536,0.241631,-0.738932,61.63378356833374,1.6970834232718668,-2.714872196894409,-3.342439735442049,-15.850054553454662,6.952080457450354
1.8040995597839355,-0.67507,-3.10845,0.578136,-0.676459,0.490767,-0.462135,0.138786,0.410138,0.555646,0.308256,0.66025,0.494132,-0.474217,0.0788898,0.279193,0.13169,0.545243,0.313536,0.241631,-0.738932,61.63378356833374,1.6970834232718668,-2.714872196894409,-3.342439735442049,-15.850054553454662,6.952080457450354
1.805063247680664,-0.67507,-3.10845,0.578136,-0.676459,0.490767,-0.462135,0.138786,0.410138,0.555646,0.308256,0.66025,0.494132,-0.474217,0.0788898,0.279193,0.13169,0.545243,0.313536,0.241631,-0.738932,61.63378356833374,1.6970834232718668,-2.714872196894409,-3.342439735442049,-15.850054553454662,6.952080457450354
1.820504903793335,-0.527031,-4.35785,1.60731,-0.869828,0.225045,-0.681224,0.138914,0.410044,0.555731,0.307688,0.660769,0.493873,-0.474133,0.0850415,0.275896,0.131345,0.544243,0.313393,0.22199,-0.745858,63.277590737812844,1.7319914015239821,-1.2303513695281045,-0.340037136833945,-14.827763100060928,3.6362550727012892
1.8214690685272217,-0.527031,-4.35785,1.60731,-0.869828,0.225045,-0.681224,0.138914,0.410044,0.555731,0.307688,0.660769,0.493873,-0.474133,0.0850415,0.275896,0.131345,0.544243,0.313393,0.22199,-0.745858,63.277590737812844,1.7319914015239821,-1.2303513695281045,-0.340037136833945,-14.827763100060928,3.6362550727012892
1.854074239730835,-0.278675,-2.74052,0.660446,-0.643125,0.406566,-0.313829,0.138956,0.410061,0.555727,0.307823,0.660767,0.493957,-0.473962,0.0898824,0.275302,0.131109,0.535269,0.323802,0.21824,-0.749007,62.49345117858253,1.4058914804000833,0.9343948031113438,-1.968036208266636,-13.619186929784396,5.765072546326968
1.8550164699554443,-0.278675,-2.74052,0.660446,-0.643125,0.406566,-0.313829,0.138956,0.410061,0.555727,0.307823,0.660767,0.493957,-0.473962,0.0898824,0.275302,0.131109,0.535269,0.323802,0.21824,-0.749007,62.49345117858253,1.4058914804000833,0.9343948031113438,-1.968036208266636,-13.619186929784396,5.765072546326968
1.8708951473236084,0.353365,-2.8344,1.00025,-0.6863,0.243641,-0.287569,0.139056,0.410032,0.555751,0.307982,0.661514,0.492854,-0.473963,0.0929695,0.274156,0.131352,0.533289,0.322727,0.209783,-0.753287,63.188029435964516,1.13957621781398,2.0530341807132553,-0.3272417368203808,-12.2725652682084,3.5899305586898698
1.8718373775482178,0.353365,-2.8344,1.00025,-0.6863,0.243641,-0.287569,0.139056,0.410032,0.555751,0.307982,0.661514,0.492854,-0.473963,0.0929695,0.274156,0.131352,0.533289,0.322727,0.209783,-0.753287,63.188029435964516,1.13957621781398,2.0530341807132553,-0.3272417368203808,-12.2725652682084,3.5899305586898698
1.8869891166687012,1.08907,-3.01353,1.18333,-0.716929,0.0943072,-0.278176,0.139161,0.410001,0.555818,0.306658,0.661708,0.492898,-0.474505,0.0971878,0.272757,0.131155,0.530302,0.329111,0.200531,-0.755151,63.394246645709416,1.4724618856319942,2.71146439409841,-0.15869642069008227,-11.86602596924518,3.7324925969110727
1.8879413604736328,1.08907,-3.01353,1.18333,-0.716929,0.0943072,-0.278176,0.139161,0.410001,0.555818,0.306658,0.661708,0.492898,-0.474505,0.0971878,0.272757,0.131155,0.530302,0.329111,0.200531,-0.755151,63.394246645709416,1.4724618856319942,2.71146439409841,-0.15869642069008227,-11.86602596924518,3.7324925969110727
1.9035649299621582,1.42967,-3.00904,1.10852,-0.718693,0.0731955,-0.257644,0.139122,0.409999,0.55583,0.306821,0.661731,0.492862,-0.474405,0.0984867,0.272506,0.131053,0.528973,0.329445,0.198711,-0.756418,63.46878558663433,1.326807796557779,3.246206705652575,0.19712346381247858,-11.037973325392885,3.4618401467095747
1.904531717300415,1.42967,-3.00904,1.10852,-0.718693,0.0731955,-0.257644,0.139122,0.409999,0.55583,0.306821,0.661731,0.492862,-0.474405,0.0984867,0.272506,0.131053,0.528973,0.329445,0.198711,-0.756418,63.46878558663433,1.326807796557779,3.246206705652575,0.19712346381247858,-11.037973325392885,3.4618401467095747
1.9203402996063232,1.36269,-3.67262,1.13917,-0.799085,0.110339,-0.397305,0.138993,0.410063,0.555784,0.307869,0.661019,0.493739,-0.473806,0.101323,0.271571,0.131258,0.52656,0.333932,0.194378,-0.757259,63.3413668141627,1.2645446317528313,4.256783226121261,-0.13483291104953699,-11.190281144576039,3.744711129584857
1.9212796688079834,1.36269,-3.67262,1.13917,-0.799085,0.110339,-0.397305,0.138993,0.410063,0.555784,0.307869,0.661019,0.493739,-0.473806,0.101323,0.271571,0.131258,0.52656,0.333932,0.194378,-0.757259,63.3413668141627,1.2645446317528313,4.256783226121261,-0.13483291104953699,-11.190281144576039,3.744711129584857
1.954294204711914,0.439224,-3.10074,1.24959,-0.721317,0.196438,-0.295905,0.138876,0.410115,0.555696,0.307857,0.66131,0.492716,-0.474471,0.107077,0.269908,0.13102,0.518458,0.345404,0.183063,-0.760516,62.99822663367102,1.349898721244881,6.098971399843602,-0.004310710992486477,-11.044652222009413,4.882526636982547
1.9552435874938965,0.439224,-3.10074,1.24959,-0.721317,0.196438,-0.295905,0.138876,0.410115,0.555696,0.307857,0.66131,0.492716,-0.474471,0.107077,0.269908,0.13102,0.518458,0.345404,0.183063,-0.760516,62.99822663367102,1.349898721244881,6.098971399843602,-0.004310710992486477,-11.044652222009413,4.882526636982547
1.9702656269073486,1.06907,-3.95482,1.84236,-0.872406,-0.0392284,-0.410066,0.138919,0.410025,0.555647,0.30748,0.660828,0.493563,-0.474508,0.110122,0.268028,0.130909,0.515256,0.345896,0.174628,-0.764443,63.56303608529114,1.0712540223191436,7.67065711261332,0.9543033177426322,-9.815810491180665,3.837353344655182
1.9712271690368652,1.06907,-3.95482,1.84236,-0.872406,-0.0392284,-0.410066,0.138919,0.410025,0.555647,0.30748,0.660828,0.493563,-0.474508,0.110122,0.268028,0.130909,0.515256,0.345896,0.174628,-0.764443,63.56303608529114,1.0712540223191436,7.67065711261332,0.9543033177426322,-9.815810491180665,3.837353344655182
1.9871587753295898,1.16979,-3.62917,2.0031,-0.826135,-0.0977486,-0.310257,0.13894,0.410042,0.555469,0.307199,0.661454,0.493738,-0.473635,0.113834,0.266849,0.131138,0.511789,0.353662,0.167936,-0.764717,63.47180112607302,1.2876029601901426,8.399827191125569,-0.07047391105803169,-10.528013900585107,4.5106715227731105
1.9881253242492676,1.16979,-3.62917,2.0031,-0.826135,-0.0977486,-0.310257,0.13894,0.410042,0.555469,0.307199,0.661454,0.493738,-0.473635,0.113834,0.266849,0.131138,0.511789,0.353662,0.167936,-0.764717,63.47180112607302,1.2876029601901426,8.399827191125569,-0.07047391105803169,-10.528013900585107,4.5106715227731105
2.0037832260131836,1.24958,-3.29467,1.94347,-0.81211,-0.0979684,-0.22477,0.138942,0.410048,0.555464,0.307263,0.661389,0.493712,-0.473712,0.114919,0.266035,0.131079,0.512112,0.351349,0.161956,-0.766854,64.12530596906294,1.165965718039981,8.967530809550471,1.6688624843331321,-10.144467055644043,2.851163023031295
2.0047812461853027,1.24958,-3.29467,1.94347,-0.81211,-0.0979684,-0.22477,0.138942,0.410048,0.555464,0.307263,0.661389,0.493712,-0.473712,0.114919,0.266035,0.131079,0.512112,0.351349,0.161956,-0.766854,64.12530596906294,1.165965718039981,8.967530809550471,1.6688624843331321,-10.144467055644043,2.851163023031295
2.020475149154663,2.53538,-3.8149,1.97619,-0.884346,-0.261799,-0.28722,0.138964,0.410074,0.555495,0.307457,0.661577,0.49274,-0.474335,0.117781,0.265779,0.131288,0.503359,0.367021,0.162083,-0.765281,62.49322906346936,1.517398686369342,9.663055446423135,-1.245686887427194,-11.679581032942403,7.228714576306087
2.0214593410491943,2.53538,-3.8149,1.97619,-0.884346,-0.261799,-0.28722,0.138964,0.410074,0.555495,0.307457,0.661577,0.49274,-0.474335,0.117781,0.265779,0.131288,0.503359,0.367021,0.162083,-0.765281,62.49322906346936,1.517398686369342,9.663055446423135,-1.245686887427194,-11.679581032942403,7.228714576306087
2.053807020187378,2.95052,-3.23461,1.86723,-0.845494,-0.313949,-0.138084,0.13907,0.409993,0.555596,0.307319,0.661545,0.492643,-0.47457,0.122685,0.263466,0.131861,0.50358,0.36427,0.147362,-0.769415,63.870706846891515,1.416660488974739,10.830615708394832,2.053643345066602,-9.512585865150339,3.431091551257037
2.0547804832458496,2.95052,-3.23461,1.86723,-0.845494,-0.313949,-0.138084,0.13907,0.409993,0.555596,0.307319,0.661545,0.492643,-0.47457,0.122685,0.263466,0.131861,0.50358,0.36427,0.147362,-0.769415,63.870706846891515,1.416660488974739,10.830615708394832,2.053643345066602,-9.512585865150339,3.431091551257037
2.0702364444732666,2.86393,-3.6992,1.86153,-0.930319,-0.311442,-0.213812,0.139055,0.409984,0.555607,0.307569,0.66104,0.49342,-0.474304,0.125645,0.262666,0.132025,-0.494569,-0.373667,-0.144813,0.771235,63.01389497256251,1.1456943501603625,12.797625797782985,0.44015050736526984,-9.69601731517444,5.637094405016047
2.071171522140503,2.86393,-3.6992,1.86153,-0.930319,-0.311442,-0.213812,0.139055,0.409984,0.555607,0.307569,0.66104,0.49342,-0.474304,0.125645,0.262666,0.132025,-0.494569,-0.373667,-0.144813,0.771235,63.01389497256251,1.1456943501603625,12.797625797782985,0.44015050736526984,-9.69601731517444,5.637094405016047
2.086946487426758,3.38866,-3.62289,1.7966,-0.945936,-0.345203,-0.209757,0.139099,0.409991,0.555627,0.307661,0.661412,0.49247,-0.474712,0.13015,0.260865,0.132493,-0.490686,-0.377496,-0.13283,0.774003,63.458660157087145,1.142057499587787,14.12230357922735,2.272965973294083,-8.95806830746971,4.2804830075320845
2.0878894329071045,3.38866,-3.62289,1.7966,-0.945936,-0.345203,-0.209757,0.139099,0.409991,0.555627,0.307661,0.661412,0.49247,-0.474712,0.13015,0.260865,0.132493,-0.490686,-0.377496,-0.13283,0.774003,63.458660157087145,1.142057499587787,14.12230357922735,2.272965973294083,-8.95806830746971,4.2804830075320845
2.1042850017547607,2.70553,-3.69632,1.55062,-0.962482,-0.192493,-0.250649,0.13911,0.410021,0.55563,0.307338,0.661803,0.492762,-0.474074,0.131879,0.260858,0.132857,-0.48308,-0.387352,-0.132806,0.773922,62.50211170265313,1.1319722135076116,15.172449495334735,-0.10368006276295993,-10.167528551632572,6.751110975621949
2.1052358150482178,2.70553,-3.69632,1.55062,-0.962482,-0.192493,-0.250649,0.13911,0.410021,0.55563,0.307338,0.661803,0.492762,-0.474074,0.131879,0.260858,0.132857,-0.48308,-0.387352,-0.132806,0.773922,62.50211170265313,1.1319722135076116,15.172449495334735,-0.10368006276295993,-10.167528551632572,6.751110975621949
2.120969533920288,2.68238,-3.37652,1.57836,-0.952079,-0.151188,-0.244838,0.139111,0.409981,0.555652,0.307727,0.661465,0.492469,-0.474597,0.134663,0.258641,0.132775,-0.487098,-0.377824,-0.118867,0.778367,64.38526804961295,0.8131289685723774,16.14733761534,4.927091251841528,-7.5190581050784555,1.7904428039643963
2.1219329833984375,2.68238,-3.37652,1.57836,-0.952079,-0.151188,-0.244838,0.139111,0.409981,0.555652,0.307727,0.661465,0.492469,-0.474597,0.134663,0.258641,0.132775,-0.487098,-0.377824,-0.118867,0.778367,64.38526804961295,0.8131289685723774,16.14733761534,4.927091251841528,-7.5190581050784555,1.7904428039643963
2.1538333892822266,1.0931,-2.95584,1.35751,-0.910385,0.111798,-0.274994,0.138971,0.410033,0.555633,0.30802,0.661107,0.493449,-0.473888,0.140621,0.255986,0.1326,-0.478484,-0.38957,-0.106445,0.779717,64.16457899294124,0.8591751817357441,18.342925587268414,5.226402866762861,-7.980808662592581,3.604573040025085
2.154785394668579,1.0931,-2.95584,1.35751,-0.910385,0.111798,-0.274994,0.138971,0.410033,0.555633,0.30802,0.661107,0.493449,-0.473888,0.140621,0.255986,0.1326,-0.478484,-0.38957,-0.106445,0.779717,64.16457899294124,0.8591751817357441,18.342925587268414,5.226402866762861,-7.980808662592581,3.604573040025085
2.1703546047210693,1.74817,-3.5633,2.0503,-1.02651,-0.0919033,-0.357691,0.138951,0.410026,0.555549,0.307417,0.66133,0.493494,-0.473921,0.145833,0.252698,0.132868,-0.455944,-0.396557,-0.089686,0.791716,63.962807307305596,-0.8539374582360291,24.976402272591496,6.366029374270028,-5.816512512927976,2.8473182337217566
2.1713051795959473,1.74817,-3.5633,2.0503,-1.02651,-0.0919033,-0.357691,0.138951,0.410026,0.555549,0.307417,0.66133,0.493494,-0.473921,0.145833,0.252698,0.132868,-0.455944,-0.396557,-0.089686,0.791716,63.962807307305596,-0.8539374582360291,24.976402272591496,6.366029374270028,-5.816512512927976,2.8473182337217566
2.1870782375335693,0.171343,-3.90555,1.31536,-1.05783,0.261164,-0.371784,0.139145,0.40993,0.555277,0.306261,0.661536,0.492306,-0.475615,0.148285,0.251427,0.133237,-0.457799,-0.400318,-0.0818201,0.789602,64.33566135775943,-0.01475431791913337,23.926834762530408,7.7505767425949985,-6.000547895674761,2.3923855087685943
2.188039779663086,0.171343,-3.90555,1.31536,-1.05783,0.261164,-0.371784,0.139145,0.40993,0.555277,0.306261,0.661536,0.492306,-0.475615,0.148285,0.251427,0.133237,-0.457799,-0.400318,-0.0818201,0.789602,64.33566135775943,-0.01475431791913337,23.926834762530408,7.7505767425949985,-6.000547895674761,2.3923855087685943
2.2038774490356445,1.72533,-3.5563,1.48014,-1.0091,0.047115,-0.264387,0.13921,0.409952,0.555199,0.306001,0.6608,0.493671,-0.47539,0.148686,0.251378,0.133324,-0.456376,-0.399825,-0.0838753,0.79046,64.19272167272965,-0.24937468576450847,24.467039384104023,6.6742334513141,-4.884293705440154,2.4783961023393255
2.204838275909424,1.72533,-3.5563,1.48014,-1.0091,0.047115,-0.264387,0.13921,0.409952,0.555199,0.306001,0.6608,0.493671,-0.47539,0.148686,0.251378,0.133324,-0.456376,-0.399825,-0.0838753,0.79046,64.19272167272965,-0.24937468576450847,24.467039384104023,6.6742334513141,-4.884293705440154,2.4783961023393255
2.2205018997192383,0.753325,-3.12806,2.17698,-0.971621,0.038205,-0.191695,0.139234,0.40991,0.55518,0.305483,0.662343,0.492609,-0.474677,0.149988,0.251064,0.133575,-0.456483,-0.402506,-0.0796614,0.789472,64.45028963446991,0.0395084708099268,24.151670608765674,6.960626661258239,-5.695719106970598,2.265152050659874
2.221512794494629,0.753325,-3.12806,2.17698,-0.971621,0.038205,-0.191695,0.139234,0.40991,0.55518,0.305483,0.662343,0.492609,-0.474677,0.149988,0.251064,0.133575,-0.456483,-0.402506,-0.0796614,0.789472,64.45028963446991,0.0395084708099268,24.151670608765674,6.960626661258239,-5.695719106970598,2.265152050659874
2.253847122192383,2.22114,-3.53453,2.14232,-1.01521,-0.144599,-0.180337,0.139128,0.409977,0.555237,0.306297,0.661702,0.492875,-0.474771,0.151842,0.250426,0.134435,-0.450505,-0.406822,-0.0772035,0.790936,63.95495138599696,-0.24299174378222876,25.57230791577883,6.482455869586644,-5.473447934975364,2.5427532067842344
2.2548136711120605,2.22114,-3.53453,2.14232,-1.01521,-0.144599,-0.180337,0.139128,0.409977,0.555237,0.306297,0.661702,0.492875,-0.474771,0.151842,0.250426,0.134435,-0.450505,-0.406822,-0.0772035,0.790936,63.95495138599696,-0.24299174378222876,25.57230791577883,6.482455869586644,-5.473447934975364,2.5427532067842344
2.2703566551208496,1.72871,-3.49008,2.00433,-1.03106,-0.0376984,-0.159097,0.139142,0.409942,0.555356,0.306416,0.661817,0.492732,-0.474681,0.152743,0.249861,0.13498,-0.450308,-0.407268,-0.0757705,0.790958,64.02127307445889,-0.22940436991298324,25.67909005593512,6.289616679932541,-5.124547663578715,2.258000851555102
2.2713377475738525,1.72871,-3.49008,2.00433,-1.03106,-0.0376984,-0.159097,0.139142,0.409942,0.555356,0.306416,0.661817,0.492732,-0.474681,0.152743,0.249861,0.13498,-0.450308,-0.407268,-0.0757705,0.790958,64.02127307445889,-0.22940436991298324,25.67909005593512,6.289616679932541,-5.124547663578715,2.258000851555102
2.2870047092437744,1.43756,-3.96414,1.85109,-1.10364,-0.000637098,-0.226342,0.139127,0.40995,0.555468,0.307235,0.661667,0.49267,-0.474425,0.153943,0.249478,0.135483,-0.448944,-0.409178,-0.0736994,0.790943,63.92590861603848,-0.2668911891831108,26.100954908833366,6.481703944273573,-5.34441169877114,2.176842657951462
2.2879693508148193,1.43756,-3.96414,1.85109,-1.10364,-0.000637098,-0.226342,0.139127,0.40995,0.555468,0.307235,0.661667,0.49267,-0.474425,0.153943,0.249478,0.135483,-0.448944,-0.409178,-0.0736994,0.790943,63.92590861603848,-0.2668911891831108,26.100954908833366,6.481703944273573,-5.34441169877114,2.176842657951462
2.3036928176879883,1.87302,-3.61535,2.04393,-1.06992,-0.0622505,-0.135431,0.139102,0.409975,0.555454,0.30707,0.66204,0.492555,-0.47413,0.154195,0.249309,0.135461,-0.447425,-0.409502,-0.0705846,0.79192,64.1099783678707,-0.39362741696625775,26.698436505178577,7.158294393682759,-5.722634464214835,1.6918613686089659
2.3046374320983887,1.87302,-3.61535,2.04393,-1.06992,-0.0622505,-0.135431,0.139102,0.409975,0.555454,0.30707,0.66204,0.492555,-0.47413,0.154195,0.249309,0.135461,-0.447425,-0.409502,-0.0705846,0.79192,64.1099783678707,-0.39362741696625775,26.698436505178577,7.158294393682759,-5.722634464214835,1.6918613686089659
2.320704698562622,1.81475,-4.0688,1.88383,-1.14768,-0.0134786,-0.209064,0.139063,0.409994,0.55538,0.306032,0.661942,0.492876,-0.474605,0.155344,0.248816,0.135995,-0.447311,-0.411041,-0.069153,0.791313,64.16263579906675,-0.13729207035491942,26.429529147718874,6.519524019626779,-4.9608326118193045,1.593748602996325
2.3216497898101807,1.81475,-4.0688,1.88383,-1.14768,-0.0134786,-0.209064,0.139063,0.409994,0.55538,0.306032,0.661942,0.492876,-0.474605,0.155344,0.248816,0.135995,-0.447311,-0.411041,-0.069153,0.791313,64.16263579906675,-0.13729207035491942,26.429529147718874,6.519524019626779,-4.9608326118193045,1.593748602996325
2.3538765907287598,1.51482,-3.92398,2.05877,-1.11619,-0.00836796,-0.197107,0.139221,0.409941,0.555221,0.305908,0.661013,0.493404,-0.47543,0.157247,0.248442,0.136566,-0.442455,-0.415941,-0.065099,0.791826,63.82264631975348,-0.09128317116258679,27.3334324574072,6.914430022282831,-5.1707551903040665,1.6408633616425972
2.3548424243927,1.51482,-3.92398,2.05877,-1.11619,-0.00836796,-0.197107,0.139221,0.409941,0.555221,0.305908,0.661013,0.493404,-0.47543,0.157247,0.248442,0.136566,-0.442455,-0.415941,-0.065099,0.791826,63.82264631975348,-0.09128317116258679,27.3334324574072,6.914430022282831,-5.1707551903040665,1.6408633616425972
2.3703510761260986,0.964954,-3.46101,1.93797,-1.02182,0.0537057,-0.174557,0.139205,0.409927,0.555233,0.3058,0.661929,0.492425,-0.475241,0.157934,0.248945,0.137022,-0.436955,-0.415246,-0.0663449,0.795135,63.51195861784793,-0.7279916447970637,28.638555561724406,6.286575767089715,-3.258507588036209,0.6609939750521727
2.3713178634643555,0.964954,-3.46101,1.93797,-1.02182,0.0537057,-0.174557,0.139205,0.409927,0.555233,0.3058,0.661929,0.492425,-0.475241,0.157934,0.248945,0.137022,-0.436955,-0.415246,-0.0663449,0.795135,63.51195861784793,-0.7279916447970637,28.638555561724406,6.286575767089715,-3.258507588036209,0.6609939750521727
2.3869452476501465,1.43776,-3.07131,2.06264,-0.950305,-0.0560278,-0.0705193,0.139116,0.409968,0.555316,0.306942,0.66147,0.492467,-0.4751,0.159629,0.249831,0.137395,-0.441412,-0.422243,-0.0679148,0.788831,63.05496679039321,0.3206180223294004,26.523298621251087,6.1362710704812695,-5.135617774688638,2.45582621200956
2.387882947921753,1.43776,-3.07131,2.06264,-0.950305,-0.0560278,-0.0705193,0.139116,0.409968,0.555316,0.306942,0.66147,0.492467,-0.4751,0.159629,0.249831,0.137395,-0.441412,-0.422243,-0.0679148,0.788831,63.05496679039321,0.3206180223294004,26.523298621251087,6.1362710704812695,-5.135617774688638,2.45582621200956
2.403578996658325,1.64571,-3.22999,1.87493,-0.970533,-0.0384457,-0.0680224,0.139128,0.409964,0.555349,0.306517,0.661862,0.492686,-0.474601,0.160006,0.249694,0.13767,-0.442379,-0.419777,-0.0675169,0.789639,63.39252858723573,0.1685279691583362,26.66181778903293,5.91918975914549,-4.081914789974013,1.3998471940651465
2.404533863067627,1.64571,-3.22999,1.87493,-0.970533,-0.0384457,-0.0680224,0.139128,0.409964,0.555349,0.306517,0.661862,0.492686,-0.474601,0.160006,0.249694,0.13767,-0.442379,-0.419777,-0.0675169,0.789639,63.39252858723573,0.1685279691583362,26.66181778903293,5.91918975914549,-4.081914789974013,1.3998471940651465
2.4204587936401367,1.36195,-3.67389,1.74845,-1.02018,0.0402229,-0.10889,0.139186,0.409931,0.555363,0.306456,0.661915,0.492718,-0.474533,0.16104,0.249674,0.138192,-0.441608,-0.422647,-0.0649281,0.788756,63.37116212861259,0.3805054157913181,26.64743741159115,6.19309536746478,-4.810826165678025,1.28494982323953
2.421419620513916,1.36195,-3.67389,1.74845,-1.02018,0.0402229,-0.10889,0.139186,0.409931,0.555363,0.306456,0.661915,0.492718,-0.474533,0.16104,0.249674,0.138192,-0.441608,-0.422647,-0.0649281,0.788756,63.37116212861259,0.3805054157913181,26.64743741159115,6.19309536746478,-4.810826165678025,1.28494982323953
2.4538426399230957,2.15267,-3.60338,2.12468,-1.02443,-0.087705,-0.0318055,0.139161,0.409939,0.555363,0.30648,0.661922,0.49267,-0.474559,0.162096,0.250678,0.138578,-0.435525,-0.426235,-0.065303,0.790175,62.77669590904086,0.10334851696033252,27.706451241292815,6.032061245047036,-4.4512634485796925,1.259491393517557
2.4548044204711914,2.15267,-3.60338,2.12468,-1.02443,-0.087705,-0.0318055,0.139161,0.409939,0.555363,0.30648,0.661922,0.49267,-0.474559,0.162096,0.250678,0.138578,-0.435525,-0.426235,-0.065303,0.790175,62.77669590904086,0.10334851696033252,27.706451241292815,6.032061245047036,-4.4512634485796925,1.259491393517557
2.4703121185302734,0.6982,-3.70156,2.28485,-1.04512,0.0172599,-0.0677644,0.139127,0.409962,0.555347,0.306345,0.661903,0.492661,-0.474681,0.162406,0.250964,0.13876,-0.430208,-0.426576,-0.0634369,0.793051,62.61541694847873,-0.38377073916725674,29.144263940253413,6.549036188538242,-3.933658559580311,0.4383155552469038
2.4712398052215576,0.6982,-3.70156,2.28485,-1.04512,0.0172599,-0.0677644,0.139127,0.409962,0.555347,0.306345,0.661903,0.492661,-0.474681,0.162406,0.250964,0.13876,-0.430208,-0.426576,-0.0634369,0.793051,62.61541694847873,-0.38377073916725674,29.144263940253413,6.549036188538242,-3.933658559580311,0.4383155552469038
2.4868571758270264,1.13601,-3.61101,2.12958,-1.007,0.0151296,-0.0266715,0.139084,0.40992,0.555248,0.305825,0.661507,0.493218,-0.47499,0.164592,0.252446,0.139207,-0.411671,-0.440981,-0.0642969,0.794939,60.60353426088579,-0.7326131563809742,31.538665703716017,4.9606155989377525,-4.98594198674722,3.187914794156539
2.4878041744232178,1.13601,-3.61101,2.12958,-1.007,0.0151296,-0.0266715,0.139084,0.40992,0.555248,0.305825,0.661507,0.493218,-0.47499,0.164592,0.252446,0.139207,-0.411671,-0.440981,-0.0642969,0.794939,60.60353426088579,-0.7326131563809742,31.538665703716017,4.9606155989377525,-4.98594198674722,3.187914794156539
2.5038411617279053,1.29776,-3.71223,2.38121,-1.01877,-0.0702491,-0.0431918,0.139146,0.409959,0.555197,0.305896,0.661004,0.493368,-0.475488,0.16506,0.252645,0.139344,-0.413944,-0.439439,-0.0612895,0.794851,61.0061122521612,-0.6200412968596531,31.451618621301353,6.592344315106798,-4.800637322420333,1.8538716098335346
2.504786491394043,1.29776,-3.71223,2.38121,-1.01877,-0.0702491,-0.0431918,0.139146,0.409959,0.555197,0.305896,0.661004,0.493368,-0.475488,0.16506,0.252645,0.139344,-0.413944,-0.439439,-0.0612895,0.794851,61.0061122521612,-0.6200412968596531,31.451618621301353,6.592344315106798,-4.800637322420333,1.8538716098335346
2.5204005241394043,1.68309,-3.79776,2.35557,-1.01492,-0.134991,-0.0346762,0.139149,0.409938,0.555197,0.305605,0.661966,0.492349,-0.475394,0.16614,0.253529,0.139771,-0.409725,-0.444515,-0.0644603,0.793963,60.231687259667964,-0.49828739761600965,31.27658487131667,5.088051195735195,-4.607278214359295,3.00102316313719
2.5213470458984375,1.68309,-3.79776,2.35557,-1.01492,-0.134991,-0.0346762,0.139149,0.409938,0.555197,0.305605,0.661966,0.492349,-0.475394,0.16614,0.253529,0.139771,-0.409725,-0.444515,-0.0644603,0.793963,60.231687259667964,-0.49828739761600965,31.27658487131667,5.088051195735195,-4.607278214359295,3.00102316313719
2.5540943145751953,1.41913,-3.72897,2.12288,-0.956515,-0.0303009,-0.0618782,0.139068,0.409964,0.555186,0.306256,0.661817,0.492432,-0.475096,0.168065,0.254723,0.140672,-0.408275,-0.449031,-0.0629308,0.79229,59.94119949952304,-0.23961181173679635,31.263436688808813,5.788881820266229,-5.221063012230572,2.4846816931710682
2.5550472736358643,1.41913,-3.72897,2.12288,-0.956515,-0.0303009,-0.0618782,0.139068,0.409964,0.555186,0.306256,0.661817,0.492432,-0.475096,0.168065,0.254723,0.140672,-0.408275,-0.449031,-0.0629308,0.79229,59.94119949952304,-0.23961181173679635,31.263436688808813,5.788881820266229,-5.221063012230572,2.4846816931710682
2.5704619884490967,0.92593,-3.14215,1.95726,-0.820432,0.0494242,-0.0879266,0.139062,0.409982,0.555327,0.306422,0.661658,0.492544,-0.475094,0.168696,0.255774,0.140939,-0.408918,-0.450032,-0.0646364,0.791252,59.765489517785056,-0.09259909193521042,30.890568551018806,5.923245840044517,-4.926067664144886,2.362629580768256
2.571406841278076,0.92593,-3.14215,1.95726,-0.820432,0.0494242,-0.0879266,0.139062,0.409982,0.555327,0.306422,0.661658,0.492544,-0.475094,0.168696,0.255774,0.140939,-0.408918,-0.450032,-0.0646364,0.791252,59.765489517785056,-0.09259909193521042,30.890568551018806,5.923245840044517,-4.926067664144886,2.362629580768256
2.5869956016540527,1.12317,-2.43892,1.64238,-0.677421,0.0894438,-0.135012,0.139042,0.410023,0.555495,0.307645,0.661783,0.492514,-0.47416,0.169907,0.25814,0.141394,-0.405563,-0.46383,-0.070413,0.784488,58.212877551333754,0.844511079061664,29.691459740384122,4.179789370462818,-8.69734847309926,6.392631475017264
2.5879385471343994,1.12317,-2.43892,1.64238,-0.677421,0.0894438,-0.135012,0.139042,0.410023,0.555495,0.307645,0.661783,0.492514,-0.47416,0.169907,0.25814,0.141394,-0.405563,-0.46383,-0.070413,0.784488,58.212877551333754,0.844511079061664,29.691459740384122,4.179789370462818,-8.69734847309926,6.392631475017264
2.6041035652160645,1.04879,-2.005,1.22805,-0.590721,0.197177,-0.147613,0.13897,0.410022,0.555545,0.307716,0.661405,0.493412,-0.473707,0.169607,0.257916,0.141389,-0.413413,-0.451727,-0.0666412,0.787777,59.76371420241612,0.2949591560594088,29.936339182783886,6.706260692065215,-6.049679536975828,1.8862766067572254
2.605076313018799,1.04879,-2.005,1.22805,-0.590721,0.197177,-0.147613,0.13897,0.410022,0.555545,0.307716,0.661405,0.493412,-0.473707,0.169607,0.257916,0.141389,-0.413413,-0.451727,-0.0666412,0.787777,59.76371420241612,0.2949591560594088,29.936339182783886,6.706260692065215,-6.049679536975828,1.8862766067572254
2.620427370071411,1.14032,-1.5194,0.91334,-0.498285,0.281628,-0.170748,0.13896,0.410096,0.555557,0.307716,0.661802,0.492732,-0.47386,0.170339,0.258945,0.141951,-0.427633,-0.45422,-0.0760939,0.777833,59.60866616970086,1.9622694077178437,25.436910444919395,3.9362977444694898,-5.952941023037344,4.00366291174903
2.6213808059692383,1.14032,-1.5194,0.91334,-0.498285,0.281628,-0.170748,0.13896,0.410096,0.555557,0.307716,0.661802,0.492732,-0.47386,0.170339,0.258945,0.141951,-0.427633,-0.45422,-0.0760939,0.777833,59.60866616970086,1.9622694077178437,25.436910444919395,3.9362977444694898,-5.952941023037344,4.00366291174903
2.6538166999816895,0.195641,-1.56939,1.16262,-0.453792,0.360799,-0.258805,0.139044,0.40998,0.555657,0.308393,0.661023,0.493365,-0.47385,0.169129,0.259817,0.141294,-0.43203,-0.444658,-0.0736322,0.781158,60.60668810066392,1.365335211269123,25.970427444772174,7.395698414475933,-4.887562518609437,0.5362436885580375
2.6547765731811523,0.195641,-1.56939,1.16262,-0.453792,0.360799,-0.258805,0.139044,0.40998,0.555657,0.308393,0.661023,0.493365,-0.47385,0.169129,0.259817,0.141294,-0.43203,-0.444658,-0.0736322,0.781158,60.60668810066392,1.365335211269123,25.970427444772174,7.395698414475933,-4.887562518609437,0.5362436885580375
2.6702632904052734,0.586641,-1.57331,0.921682,-0.402395,0.386994,-0.208938,0.139029,0.410016,0.555572,0.307837,0.661362,0.493468,-0.47363,0.16799,0.260687,0.140914,-0.433258,-0.443406,-0.0758273,0.780979,60.65653383484194,1.3763083376919079,25.61028960569742,7.215498141169871,-5.125156633263672,0.4638254582154313
2.671201467514038,0.586641,-1.57331,0.921682,-0.402395,0.386994,-0.208938,0.139029,0.410016,0.555572,0.307837,0.661362,0.493468,-0.47363,0.16799,0.260687,0.140914,-0.433258,-0.443406,-0.0758273,0.780979,60.65653383484194,1.3763083376919079,25.61028960569742,7.215498141169871,-5.125156633263672,0.4638254582154313
2.6869516372680664,0.670751,-1.91994,1.24549,-0.400073,0.36989,-0.280911,0.138904,0.410101,0.555557,0.307358,0.661158,0.493724,-0.473959,0.166416,0.262223,0.140482,-0.429004,-0.449861,-0.0860547,0.778573,59.217282734530194,1.627091180611919,25.044179267285582,3.962689344358439,-6.114382960600943,4.282213569122505
2.6879172325134277,0.670751,-1.91994,1.24549,-0.400073,0.36989,-0.280911,0.138904,0.410101,0.555557,0.307358,0.661158,0.493724,-0.473959,0.166416,0.262223,0.140482,-0.429004,-0.449861,-0.0860547,0.778573,59.217282734530194,1.627091180611919,25.044179267285582,3.962689344358439,-6.114382960600943,4.282213569122505
2.703799247741699,0.950464,-1.89433,1.3879,-0.372376,0.332038,-0.274985,0.138838,0.410143,0.555539,0.307923,0.660779,0.493881,-0.473958,0.16533,0.262001,0.139959,-0.435167,-0.440428,-0.0806704,0.781118,60.53836705345549,1.2619003401512063,25.23277637640143,7.401254297764476,-5.497636788041919,0.8530142908679883
2.704758882522583,0.950464,-1.89433,1.3879,-0.372376,0.332038,-0.274985,0.138838,0.410143,0.555539,0.307923,0.660779,0.493881,-0.473958,0.16533,0.262001,0.139959,-0.435167,-0.440428,-0.0806704,0.781118,60.53836705345549,1.2619003401512063,25.23277637640143,7.401254297764476,-5.497636788041919,0.8530142908679883
2.7203567028045654,0.91636,-1.65013,1.38038,-0.276384,0.345609,-0.175461,0.138788,0.410135,0.555535,0.307893,0.660876,0.493858,-0.473866,0.163178,0.263396,0.139416,-0.438862,-0.436373,-0.0870938,0.780637,60.50969261754869,1.1974619158419553,24.371856810770538,6.920725199249546,-5.086885436091895,0.7592200967318234
2.721312999725342,0.91636,-1.65013,1.38038,-0.276384,0.345609,-0.175461,0.138788,0.410135,0.555535,0.307893,0.660876,0.493858,-0.473866,0.163178,0.263396,0.139416,-0.438862,-0.436373,-0.0870938,0.780637,60.50969261754869,1.1974619158419553,24.371856810770538,6.920725199249546,-5.086885436091895,0.7592200967318234
2.753732204437256,0.634007,-2.28718,1.44604,-0.319979,0.364578,-0.266925,0.138611,0.410261,0.555471,0.306831,0.661214,0.494105,-0.473826,0.159677,0.265466,0.138396,-0.442191,-0.432408,-0.0936158,0.780209,60.543752019737674,1.190421608419506,23.433921946729182,6.644382479119635,-5.495841893474334,0.9037637307708284
2.754695177078247,0.634007,-2.28718,1.44604,-0.319979,0.364578,-0.266925,0.138611,0.410261,0.555471,0.306831,0.661214,0.494105,-0.473826,0.159677,0.265466,0.138396,-0.442191,-0.432408,-0.0936158,0.780209,60.543752019737674,1.190421608419506,23.433921946729182,6.644382479119635,-5.495841893474334,0.9037637307708284
2.770256519317627,1.01091,-3.04221,0.925343,-0.370319,0.428856,-0.398547,0.138534,0.410291,0.555467,0.306796,0.66092,0.494182,-0.474178,0.158603,0.265951,0.138006,-0.443357,-0.433661,-0.0926855,0.778963,60.559408501080775,1.4744991749748104,23.027817486077186,7.5797032271964095,-7.209101699672733,1.3689431761605722
2.7711894512176514,1.01091,-3.04221,0.925343,-0.370319,0.428856,-0.398547,0.138534,0.410291,0.555467,0.306796,0.66092,0.494182,-0.474178,0.158603,0.265951,0.138006,-0.443357,-0.433661,-0.0926855,0.778963,60.559408501080775,1.4744991749748104,23.027817486077186,7.5797032271964095,-7.209101699672733,1.3689431761605722
2.787137508392334,0.595916,-3.0244,1.01138,-0.340479,0.478556,-0.42186,0.138546,0.410281,0.555547,0.306973,0.660807,0.493976,-0.474436,0.157626,0.267379,0.137795,-0.441371,-0.438279,-0.102525,0.776267,59.32606939129399,1.7000617098319932,22.246442845731785,4.9287761435797055,-7.52497927091635,4.458598900949401
2.7881014347076416,0.595916,-3.0244,1.01138,-0.340479,0.478556,-0.42186,0.138546,0.410281,0.555547,0.306973,0.660807,0.493976,-0.474436,0.157626,0.267379,0.137795,-0.441371,-0.438279,-0.102525,0.776267,59.32606939129399,1.7000617098319932,22.246442845731785,4.9287761435797055,-7.52497927091635,4.458598900949401
2.803727388381958,0.42105,-2.67035,0.976693,-0.280535,0.493759,-0.385992,0.13856,0.410308,0.555701,0.307023,0.661097,0.494217,-0.473748,0.156182,0.268875,0.137361,-0.444162,-0.437384,-0.106278,0.774675,59.29114385318982,1.81803231292942,21.509471603584235,4.967794783711791,-8.458970575208465,4.781386050500288
2.8046884536743164,0.42105,-2.67035,0.976693,-0.280535,0.493759,-0.385992,0.13856,0.410308,0.555701,0.307023,0.661097,0.494217,-0.473748,0.156182,0.268875,0.137361,-0.444162,-0.437384,-0.106278,0.774675,59.29114385318982,1.81803231292942,21.509471603584235,4.967794783711791,-8.458970575208465,4.781386050500288
2.820516586303711,0.459978,-2.44369,1.00152,-0.22542,0.450844,-0.38935,0.138581,0.410308,0.555737,0.306946,0.661191,0.493999,-0.473894,0.153877,0.270471,0.136808,-0.45182,-0.424361,-0.106694,0.777427,60.52984531586386,1.341101710425054,21.065353925389918,8.171123523684207,-6.551159750129241,0.4893159490688288
2.821462392807007,0.459978,-2.44369,1.00152,-0.22542,0.450844,-0.38935,0.138581,0.410308,0.555737,0.306946,0.661191,0.493999,-0.473894,0.153877,0.270471,0.136808,-0.45182,-0.424361,-0.106694,0.777427,60.52984531586386,1.341101710425054,21.065353925389918,8.171123523684207,-6.551159750129241,0.4893159490688288
2.8536951541900635,1.06726,-2.90008,0.570261,-0.243745,0.432569,-0.420776,0.138695,0.410252,0.555664,0.307482,0.660927,0.494167,-0.47374,0.148807,0.276514,0.137006,-0.463634,-0.425248,-0.131152,0.766164,59.037110227647425,2.519319020454919,16.450153373332295,4.609604820993518,-8.465780389548897,3.174776985107294
2.854661226272583,1.06726,-2.90008,0.570261,-0.243745,0.432569,-0.420776,0.138695,0.410252,0.555664,0.307482,0.660927,0.494167,-0.47374,0.148807,0.276514,0.137006,-0.463634,-0.425248,-0.131152,0.766164,59.037110227647425,2.519319020454919,16.450153373332295,4.609604820993518,-8.465780389548897,3.174776985107294
2.870347499847412,0.822953,-2.1256,0.543186,-0.0923089,0.439924,-0.24858,0.138777,0.410204,0.555785,0.307955,0.660661,0.494365,-0.473597,0.146695,0.278596,0.136896,-0.467186,-0.422246,-0.136109,0.764801,58.98504207121687,2.534559309465416,15.675674797070766,5.324177525216463,-9.125881957704227,2.546090204355459
2.8713150024414062,0.822953,-2.1256,0.543186,-0.0923089,0.439924,-0.24858,0.138777,0.410204,0.555785,0.307955,0.660661,0.494365,-0.473597,0.146695,0.278596,0.136896,-0.467186,-0.422246,-0.136109,0.764801,58.98504207121687,2.534559309465416,15.675674797070766,5.324177525216463,-9.125881957704227,2.546090204355459
2.887166738510132,0.442115,-2.48481,0.609758,-0.143814,0.450501,-0.302295,0.138574,0.410375,0.555964,0.305751,0.660585,0.495526,-0.473917,0.144635,0.280359,0.136347,-0.468886,-0.422528,-0.140182,0.762866,58.90091507872207,2.913562800272581,14.72951738970656,4.799316257860247,-9.533498108448393,3.4400018363097433
2.888120651245117,0.442115,-2.48481,0.609758,-0.143814,0.450501,-0.302295,0.138574,0.410375,0.555964,0.305751,0.660585,0.495526,-0.473917,0.144635,0.280359,0.136347,-0.468886,-0.422528,-0.140182,0.762866,58.90091507872207,2.913562800272581,14.72951738970656,4.799316257860247,-9.533498108448393,3.4400018363097433
2.903696060180664,0.22439,-3.28136,0.690686,-0.247153,0.455922,-0.449814,0.138503,0.410401,0.55591,0.307104,0.660522,0.494551,-0.474149,0.144178,0.281127,0.136406,-0.465897,-0.424233,-0.142804,0.763265,58.27766064672369,2.6630604978650187,15.19463307235612,4.760775862618165,-9.974751949112482,4.112792505126981
2.904653549194336,0.22439,-3.28136,0.690686,-0.247153,0.455922,-0.449814,0.138503,0.410401,0.55591,0.307104,0.660522,0.494551,-0.474149,0.144178,0.281127,0.136406,-0.465897,-0.424233,-0.142804,0.763265,58.27766064672369,2.6630604978650187,15.19463307235612,4.760775862618165,-9.974751949112482,4.112792505126981
2.9204437732696533,0.631792,-3.44649,0.834624,-0.242211,0.409488,-0.468441,0.138406,0.410443,0.555856,0.306303,0.661592,0.494358,-0.473377,0.142795,0.282134,0.136139,-0.465807,-0.421471,-0.146037,0.764238,58.36481349747725,2.360372669651349,15.17396392461867,4.21234588059267,-9.438054737482119,3.651413056405832
2.92138671875,0.631792,-3.44649,0.834624,-0.242211,0.409488,-0.468441,0.138406,0.410443,0.555856,0.306303,0.661592,0.494358,-0.473377,0.142795,0.282134,0.136139,-0.465807,-0.421471,-0.146037,0.764238,58.36481349747725,2.360372669651349,15.17396392461867,4.21234588059267,-9.438054737482119,3.651413056405832
2.9536683559417725,0.0638618,-2.8648,1.12108,-0.17116,0.426116,-0.413162,0.138308,0.410377,0.555726,0.307072,0.661481,0.494133,-0.473268,0.139849,0.285453,0.135461,-0.473404,-0.416048,-0.153335,0.761105,58.43604939539417,2.5596650490609285,13.4599035357967,5.985023323600313,-9.84108348959346,2.456577385214741
2.954606771469116,0.0638618,-2.8648,1.12108,-0.17116,0.426116,-0.413162,0.138308,0.410377,0.555726,0.307072,0.661481,0.494133,-0.473268,0.139849,0.285453,0.135461,-0.473404,-0.416048,-0.153335,0.761105,58.43604939539417,2.5596650490609285,13.4599035357967,5.985023323600313,-9.84108348959346,2.456577385214741
2.9703259468078613,0.737572,-3.19753,0.642425,-0.171629,0.431518,-0.425069,0.138311,0.410406,0.555642,0.306917,0.661243,0.494795,-0.473009,0.138056,0.287972,0.135646,-0.468755,-0.412446,-0.157811,0.765018,58.20151045401616,1.6614275862611876,14.761982131752866,6.519275897934007,-8.985669420985586,0.8569202611537792
2.971285104751587,0.737572,-3.19753,0.642425,-0.171629,0.431518,-0.425069,0.138311,0.410406,0.555642,0.306917,0.661243,0.494795,-0.473009,0.138056,0.287972,0.135646,-0.468755,-0.412446,-0.157811,0.765018,58.20151045401616,1.6614275862611876,14.761982131752866,6.519275897934007,-8.985669420985586,0.8569202611537792
2.9871103763580322,0.77874,-2.87575,0.762097,-0.123903,0.424062,-0.315463,0.138395,0.410422,0.55568,0.30657,0.661415,0.494026,-0.473798,0.13675,0.289806,0.135494,-0.475164,-0.414194,-0.162828,0.759045,57.87970965493966,2.6038903532468662,12.442762285062008,6.503474092605487,-10.18179089776603,1.9401396913689493
2.988074541091919,0.77874,-2.87575,0.762097,-0.123903,0.424062,-0.315463,0.138395,0.410422,0.55568,0.30657,0.661415,0.494026,-0.473798,0.13675,0.289806,0.135494,-0.475164,-0.414194,-0.162828,0.759045,57.87970965493966,2.6038903532468662,12.442762285062008,6.503474092605487,-10.18179089776603,1.9401396913689493
3.003739833831787,0.413704,-3.80715,0.996655,-0.252557,0.429012,-0.481601,0.138453,0.410381,0.555765,0.306994,0.660506,0.494672,-0.474116,0.136658,0.290227,0.135633,-0.472491,-0.412659,-0.163218,0.761462,57.79300386862833,2.151520688320335,13.366053022374919,7.2074522528228,-9.485985674510706,1.2675010882862514
3.004685878753662,0.413704,-3.80715,0.996655,-0.252557,0.429012,-0.481601,0.138453,0.410381,0.555765,0.306994,0.660506,0.494672,-0.474116,0.136658,0.290227,0.135633,-0.472491,-0.412659,-0.163218,0.761462,57.79300386862833,2.151520688320335,13.366053022374919,7.2074522528228,-9.485985674510706,1.2675010882862514
3.020364999771118,0.639435,-4.22575,1.26856,-0.329865,0.358542,-0.503858,0.138525,0.410379,0.555879,0.306518,0.660539,0.495157,-0.473872,0.136226,0.29097,0.135923,-0.473182,-0.412123,-0.164991,0.760941,57.79167424174073,2.1786108067224084,13.139782368053726,6.9105374419795,-9.46543721326784,0.9762695498612435
3.021322250366211,0.639435,-4.22575,1.26856,-0.329865,0.358542,-0.503858,0.138525,0.410379,0.555879,0.306518,0.660539,0.495157,-0.473872,0.136226,0.29097,0.135923,-0.473182,-0.412123,-0.164991,0.760941,57.79167424174073,2.1786108067224084,13.139782368053726,6.9105374419795,-9.46543721326784,0.9762695498612435
3.0538222789764404,0.22352,-4.3828,1.68361,-0.431458,0.281849,-0.439155,0.13848,0.410412,0.555881,0.306373,0.660488,0.495302,-0.473886,0.135855,0.293136,0.136263,-0.467745,-0.415101,-0.169162,0.761768,57.02497317137049,1.852830058928169,13.871182671551662,6.431303558819671,-9.48466805690236,1.475624862847872
3.054772138595581,0.22352,-4.3828,1.68361,-0.431458,0.281849,-0.439155,0.13848,0.410412,0.555881,0.306373,0.660488,0.495302,-0.473886,0.135855,0.293136,0.136263,-0.467745,-0.415101,-0.169162,0.761768,57.02497317137049,1.852830058928169,13.871182671551662,6.431303558819671,-9.48466805690236,1.475624862847872
3.07033109664917,1.08153,-5.48063,0.928329,-0.592204,0.370082,-0.59032,0.13849,0.410383,0.555736,0.30661,0.660926,0.494395,-0.474068,0.136474,0.293295,0.136421,-0.467454,-0.414535,-0.166938,0.762744,57.1870483595907,1.7811605254198273,14.04271171349678,7.4123254806756265,-9.245050900854388,0.36605866017908983
3.0712733268737793,1.08153,-5.48063,0.928329,-0.592204,0.370082,-0.59032,0.13849,0.410383,0.555736,0.30661,0.660926,0.494395,-0.474068,0.136474,0.293295,0.136421,-0.467454,-0.414535,-0.166938,0.762744,57.1870483595907,1.7811605254198273,14.04271171349678,7.4123254806756265,-9.245050900854388,0.36605866017908983
3.0868899822235107,1.86433,-5.03172,1.731,-0.598465,0.161008,-0.558342,0.138459,0.41039,0.555681,0.306523,0.660042,0.495809,-0.473878,0.139728,0.29213,0.136368,-0.450373,-0.420664,-0.155527,0.772022,56.938887721344415,0.5869143147200968,18.47058411913865,8.874038939564276,-9.436016204814095,-0.04916977944719525
3.0878303050994873,1.86433,-5.03172,1.731,-0.598465,0.161008,-0.558342,0.138459,0.41039,0.555681,0.306523,0.660042,0.495809,-0.473878,0.139728,0.29213,0.136368,-0.450373,-0.420664,-0.155527,0.772022,56.938887721344415,0.5869143147200968,18.47058411913865,8.874038939564276,-9.436016204814095,-0.04916977944719525
3.103667974472046,0.349472,-5.19946,1.63757,-0.626271,0.341073,-0.643898,0.138381,0.410427,0.555654,0.305863,0.661282,0.494279,-0.474175,0.141271,0.291506,0.136084,-0.442852,-0.427649,-0.151433,0.773348,56.43469585134774,0.5837927261487679,19.418228736695863,8.52592006052152,-10.229380922415547,1.6904989385636982
3.1046059131622314,0.349472,-5.19946,1.63757,-0.626271,0.341073,-0.643898,0.138381,0.410427,0.555654,0.305863,0.661282,0.494279,-0.474175,0.141271,0.291506,0.136084,-0.442852,-0.427649,-0.151433,0.773348,56.43469585134774,0.5837927261487679,19.418228736695863,8.52592006052152,-10.229380922415547,1.6904989385636982
3.120448589324951,1.52236,-4.80655,1.71339,-0.588798,0.174313,-0.551224,0.138241,0.410437,0.555582,0.306003,0.660999,0.494111,-0.474654,0.14418,0.290324,0.135804,-0.436435,-0.429283,-0.144218,0.777458,56.52418479757423,0.1512585675419124,21.190777461780375,10.100464766351848,-8.678532613621787,0.9970242932970059
3.121387243270874,1.52236,-4.80655,1.71339,-0.588798,0.174313,-0.551224,0.138241,0.410437,0.555582,0.306003,0.660999,0.494111,-0.474654,0.14418,0.290324,0.135804,-0.436435,-0.429283,-0.144218,0.777458,56.52418479757423,0.1512585675419124,21.190777461780375,10.100464766351848,-8.678532613621787,0.9970242932970059
3.153768301010132,1.45288,-5.70746,1.85813,-0.766999,0.124495,-0.633653,0.138332,0.410341,0.5555,0.306737,0.661054,0.494162,-0.474051,0.148043,0.290584,0.13606,-0.424966,-0.437238,-0.136075,0.78084,56.023872544932686,-0.2874835391156216,23.64474784702118,11.842778714913313,-9.462687699317053,0.8180396391455078
3.154715061187744,1.45288,-5.70746,1.85813,-0.766999,0.124495,-0.633653,0.138332,0.410341,0.5555,0.306737,0.661054,0.494162,-0.474051,0.148043,0.290584,0.13606,-0.424966,-0.437238,-0.136075,0.78084,56.023872544932686,-0.2874835391156216,23.64474784702118,11.842778714913313,-9.462687699317053,0.8180396391455078
3.1702914237976074,3.50689,-5.07733,1.59541,-0.685732,-0.00371634,-0.441277,0.138527,0.410289,0.555504,0.306533,0.660666,0.494059,-0.474831,0.149323,0.291083,0.136824,-0.423808,-0.436597,-0.137142,0.78164,55.8732379923807,-0.39164518945891497,23.77149044615239,11.865191030530188,-7.565902748569194,-0.2595218568310207
3.171232223510742,3.50689,-5.07733,1.59541,-0.685732,-0.00371634,-0.441277,0.138527,0.410289,0.555504,0.306533,0.660666,0.494059,-0.474831,0.149323,0.291083,0.136824,-0.423808,-0.436597,-0.137142,0.78164,55.8732379923807,-0.39164518945891497,23.77149044615239,11.865191030530188,-7.565902748569194,-0.2595218568310207
3.1870760917663574,2.95082,-4.78349,1.2888,-0.658955,0.14223,-0.383053,0.138648,0.410273,0.55561,0.30651,0.661111,0.494007,-0.47428,0.150867,0.292065,0.137553,-0.420537,-0.443978,-0.139499,0.778827,55.05744290332571,-0.029389000602982926,23.527804500468267,10.311928854085535,-8.56265485419389,1.4765603055873422
3.1880319118499756,2.95082,-4.78349,1.2888,-0.658955,0.14223,-0.383053,0.138648,0.410273,0.55561,0.30651,0.661111,0.494007,-0.47428,0.150867,0.292065,0.137553,-0.420537,-0.443978,-0.139499,0.778827,55.05744290332571,-0.029389000602982926,23.527804500468267,10.311928854085535,-8.56265485419389,1.4765603055873422
3.203559160232544,2.26459,-5.2434,1.94955,-0.732947,0.0995517,-0.484626,0.138639,0.410315,0.555715,0.306798,0.660597,0.494332,-0.47447,0.15175,0.292598,0.13802,-0.419562,-0.442624,-0.136308,0.780687,55.30926843658041,-0.2518411295164049,24.197450632185117,12.048712996609144,-7.991247738930486,-0.3691396316841429
3.204500436782837,2.26459,-5.2434,1.94955,-0.732947,0.0995517,-0.484626,0.138639,0.410315,0.555715,0.306798,0.660597,0.494332,-0.47447,0.15175,0.292598,0.13802,-0.419562,-0.442624,-0.136308,0.780687,55.30926843658041,-0.2518411295164049,24.197450632185117,12.048712996609144,-7.991247738930486,-0.3691396316841429
3.2204325199127197,2.68549,-4.04004,1.4157,-0.576002,0.20432,-0.244862,0.138639,0.410337,0.555728,0.30642,0.661116,0.49416,-0.474171,0.153524,0.29462,0.138428,-0.394966,-0.464839,-0.142752,0.779454,52.05740125858368,-0.3720573948045228,26.27016557238763,7.388316391152539,-11.471000973177462,6.995219507963505
3.221379280090332,2.68549,-4.04004,1.4157,-0.576002,0.20432,-0.244862,0.138639,0.410337,0.555728,0.30642,0.661116,0.49416,-0.474171,0.153524,0.29462,0.138428,-0.394966,-0.464839,-0.142752,0.779454,52.05740125858368,-0.3720573948045228,26.27016557238763,7.388316391152539,-11.471000973177462,6.995219507963505
3.265577554702759,2.54022,-4.48199,1.63426,-0.719959,0.13422,-0.279008,0.138581,0.410308,0.555841,0.306221,0.660764,0.494814,-0.474108,0.157645,0.292352,0.139052,-0.394985,-0.457187,-0.125903,0.786839,53.921661122822485,-1.071074347931248,28.474606440040844,12.451676344977212,-8.050326079536323,0.724863516233393
3.2678115367889404,2.54022,-4.48199,1.63426,-0.719959,0.13422,-0.279008,0.138581,0.410308,0.555841,0.306221,0.660764,0.494814,-0.474108,0.157645,0.292352,0.139052,-0.394985,-0.457187,-0.125903,0.786839,53.921661122822485,-1.071074347931248,28.474606440040844,12.451676344977212,-8.050326079536323,0.724863516233393
3.287992000579834,2.24043,-4.88721,2.00248,-0.766629,0.132974,-0.315833,0.138578,0.410311,0.555587,0.306619,0.659955,0.494966,-0.474819,0.159505,0.292475,0.139979,-0.398857,-0.458136,-0.12695,0.784161,53.87459757019528,-0.5686192280553823,27.54429216730826,12.151245884042854,-6.7480449391769675,-0.020481733848829897
3.2894766330718994,2.24043,-4.88721,2.00248,-0.766629,0.132974,-0.315833,0.138578,0.410311,0.555587,0.306619,0.659955,0.494966,-0.474819,0.159505,0.292475,0.139979,-0.398857,-0.458136,-0.12695,0.784161,53.87459757019528,-0.5686192280553823,27.54429216730826,12.151245884042854,-6.7480449391769675,-0.020481733848829897
3.306835889816284,2.32721,-4.36405,2.09324,-0.72843,0.124024,-0.196552,0.138501,0.4103,0.555469,0.306552,0.660675,0.49396,-0.474908,0.161397,0.292599,0.140593,-0.398067,-0.462001,-0.12353,0.78284,53.829553527879504,-0.2056246931584493,27.407966672291646,12.75318245293655,-7.066263729387873,-0.3719448005433117
3.307943344116211,2.32721,-4.36405,2.09324,-0.72843,0.124024,-0.196552,0.138501,0.4103,0.555469,0.306552,0.660675,0.49396,-0.474908,0.161397,0.292599,0.140593,-0.398067,-0.462001,-0.12353,0.78284,53.829553527879504,-0.2056246931584493,27.407966672291646,12.75318245293655,-7.066263729387873,-0.3719448005433117
3.3370108604431152,3.88777,-5.0149,1.87541,-0.860876,-0.00387544,-0.207898,0.138602,0.41025,0.555501,0.30661,0.660912,0.49396,-0.47454,0.164518,0.292898,0.142125,-0.389345,-0.470611,-0.124091,0.782008,52.76438312667557,-0.1511103394750418,28.195422767781867,10.88960800498944,-6.973633561705032,0.7762570522008718
3.3379526138305664,3.88777,-5.0149,1.87541,-0.860876,-0.00387544,-0.207898,0.138602,0.41025,0.555501,0.30661,0.660912,0.49396,-0.47454,0.164518,0.292898,0.142125,-0.389345,-0.470611,-0.124091,0.782008,52.76438312667557,-0.1511103394750418,28.195422767781867,10.88960800498944,-6.973633561705032,0.7762570522008718
3.3543426990509033,2.5658,-5.1755,1.9547,-0.884611,0.139641,-0.238289,0.138628,0.410252,0.555535,0.306409,0.661027,0.493911,-0.474563,0.165104,0.2935,0.142009,-0.374143,-0.480305,-0.122438,0.783794,51.42724343563738,-0.4763063623157434,30.13537905019173,10.506888178624369,-9.355012959964457,3.569444809775622
3.3553152084350586,2.5658,-5.1755,1.9547,-0.884611,0.139641,-0.238289,0.138628,0.410252,0.555535,0.306409,0.661027,0.493911,-0.474563,0.165104,0.2935,0.142009,-0.374143,-0.480305,-0.122438,0.783794,51.42724343563738,-0.4763063623157434,30.13537905019173,10.506888178624369,-9.355012959964457,3.569444809775622
3.370349407196045,2.80272,-4.79773,1.93003,-0.864832,0.123412,-0.15557,0.138649,0.410267,0.555632,0.30639,0.661077,0.494246,-0.474155,0.166153,0.292996,0.142748,-0.38002,-0.477209,-0.12213,0.782905,52.02497144689377,-0.3076349921181415,29.465509357319732,10.267298502633878,-7.8367001879607425,1.8986791543314014
3.371297597885132,2.80272,-4.79773,1.93003,-0.864832,0.123412,-0.15557,0.138649,0.410267,0.555632,0.30639,0.661077,0.494246,-0.474155,0.166153,0.292996,0.142748,-0.38002,-0.477209,-0.12213,0.782905,52.02497144689377,-0.3076349921181415,29.465509357319732,10.267298502633878,-7.8367001879607425,1.8986791543314014
3.387042760848999,4.05381,-4.83698,1.63416,-0.904823,0.0428589,-0.0745035,0.138856,0.410167,0.555659,0.307677,0.660973,0.493008,-0.474755,0.16803,0.293045,0.143233,-0.366923,-0.483661,-0.118772,0.785705,50.94209929206056,-0.8213725623545441,31.418166326325785,11.22327394837013,-8.682094252382894,2.8930671417312652
3.387986660003662,4.05381,-4.83698,1.63416,-0.904823,0.0428589,-0.0745035,0.138856,0.410167,0.555659,0.307677,0.660973,0.493008,-0.474755,0.16803,0.293045,0.143233,-0.366923,-0.483661,-0.118772,0.785705,50.94209929206056,-0.8213725623545441,31.418166326325785,11.22327394837013,-8.682094252382894,2.8930671417312652
3.4208784103393555,6.13058,-4.6231,1.61499,-0.949372,-0.130826,0.078819,0.138965,0.410072,0.555545,0.307004,0.661215,0.49295,-0.474914,0.170268,0.292073,0.143934,-0.367836,-0.487214,-0.115267,0.783603,51.08179512746101,-0.2585582312981457,31.06788095001062,10.94267789802228,-8.543174839377997,2.7975708276750133
3.421839714050293,6.13058,-4.6231,1.61499,-0.949372,-0.130826,0.078819,0.138965,0.410072,0.555545,0.307004,0.661215,0.49295,-0.474914,0.170268,0.292073,0.143934,-0.367836,-0.487214,-0.115267,0.783603,51.08179512746101,-0.2585582312981457,31.06788095001062,10.94267789802228,-8.543174839377997,2.7975708276750133
3.437448501586914,2.57732,-3.52319,1.9546,-0.85959,0.164621,0.251212,0.138984,0.410061,0.555452,0.306929,0.661932,0.492724,-0.474198,0.171469,0.291491,0.144703,-0.369398,-0.486093,-0.114591,0.783663,51.37214268787052,-0.3017268712775049,30.96626503126388,10.18527982267241,-7.458964649855145,1.5076065013324085
3.4383928775787354,2.57732,-3.52319,1.9546,-0.85959,0.164621,0.251212,0.138984,0.410061,0.555452,0.306929,0.661932,0.492724,-0.474198,0.171469,0.291491,0.144703,-0.369398,-0.486093,-0.114591,0.783663,51.37214268787052,-0.3017268712775049,30.96626503126388,10.18527982267241,-7.458964649855145,1.5076065013324085
3.454171895980835,4.13964,-4.71579,2.01945,-1.04095,-0.0123253,0.0438699,0.138896,0.410125,0.555404,0.305841,0.66138,0.493369,-0.475,0.172282,0.291078,0.14491,-0.371153,-0.485383,-0.112959,0.783511,51.67272927811937,-0.05210123324780796,30.731237216417824,10.332526985321326,-6.1307094895948655,0.7841163535742659
3.455120325088501,4.13964,-4.71579,2.01945,-1.04095,-0.0123253,0.0438699,0.138896,0.410125,0.555404,0.305841,0.66138,0.493369,-0.475,0.172282,0.291078,0.14491,-0.371153,-0.485383,-0.112959,0.783511,51.67272927811937,-0.05210123324780796,30.731237216417824,10.332526985321326,-6.1307094895948655,0.7841163535742659
3.4709067344665527,2.65763,-4.46875,2.00382,-1.03741,0.15545,0.0903048,0.138909,0.410068,0.555326,0.306205,0.661327,0.492778,-0.475453,0.174519,0.290747,0.145789,-0.365434,-0.489642,-0.110575,0.783889,51.17603108809925,-0.06828853703491686,31.456185210997916,10.42102047869395,-5.706550707278502,0.811487482461978
3.4718518257141113,2.65763,-4.46875,2.00382,-1.03741,0.15545,0.0903048,0.138909,0.410068,0.555326,0.306205,0.661327,0.492778,-0.475453,0.174519,0.290747,0.145789,-0.365434,-0.489642,-0.110575,0.783889,51.17603108809925,-0.06828853703491686,31.456185210997916,10.42102047869395,-5.706550707278502,0.811487482461978
3.4876201152801514,3.49588,-3.55621,1.90951,-0.905781,0.119146,0.366258,0.13892,0.410027,0.555415,0.306094,0.661274,0.49385,-0.474485,0.176415,0.290752,0.146704,-0.36317,-0.494073,-0.109516,0.782307,50.951008251136095,0.16693492205746832,31.68253146286613,9.626620869550589,-6.156352655312382,1.0588199550830053
3.4885599613189697,3.49588,-3.55621,1.90951,-0.905781,0.119146,0.366258,0.13892,0.410027,0.555415,0.306094,0.661274,0.49385,-0.474485,0.176415,0.290752,0.146704,-0.36317,-0.494073,-0.109516,0.782307,50.951008251136095,0.16693492205746832,31.68253146286613,9.626620869550589,-6.156352655312382,1.0588199550830053
3.520630359649658,3.73113,-3.81187,1.49914,-0.980235,0.150873,0.304807,0.138992,0.410071,0.555414,0.306626,0.661952,0.492785,-0.474302,0.17888,0.290349,0.147772,-0.358462,-0.497934,-0.106807,0.782406,50.60703076620744,0.13583314657018802,32.28257217910076,9.551771504415065,-5.819148789048421,0.8138921445876766
3.521578550338745,3.73113,-3.81187,1.49914,-0.980235,0.150873,0.304807,0.138992,0.410071,0.555414,0.306626,0.661952,0.492785,-0.474302,0.17888,0.290349,0.147772,-0.358462,-0.497934,-0.106807,0.782406,50.60703076620744,0.13583314657018802,32.28257217910076,9.551771504415065,-5.819148789048421,0.8138921445876766
3.5369675159454346,3.16391,-4.08509,1.81401,-0.995864,0.150547,0.242247,0.139127,0.409935,0.555496,0.307163,0.662127,0.492019,-0.474505,0.180558,0.291134,0.148593,-0.356838,-0.501274,-0.106674,0.781032,50.23631094366293,0.3452326645974118,32.20033812229289,10.104208377543195,-5.814251346891499,0.7713631364702489
3.5379228591918945,3.16391,-4.08509,1.81401,-0.995864,0.150547,0.242247,0.139127,0.409935,0.555496,0.307163,0.662127,0.492019,-0.474505,0.180558,0.291134,0.148593,-0.356838,-0.501274,-0.106674,0.781032,50.23631094366293,0.3452326645974118,32.20033812229289,10.104208377543195,-5.814251346891499,0.7713631364702489
3.554169178009033,4.0831,-2.73862,1.34085,-0.839715,0.130949,0.537874,0.139199,0.409908,0.555497,0.307257,0.661732,0.492138,-0.474873,0.181359,0.291133,0.149006,-0.355971,-0.502955,-0.107496,0.780234,49.970751641494935,0.48584975841811967,32.12351847827087,9.679562143287962,-5.474771735564046,1.1011224375409614
3.555110454559326,4.0831,-2.73862,1.34085,-0.839715,0.130949,0.537874,0.139199,0.409908,0.555497,0.307257,0.661732,0.492138,-0.474873,0.181359,0.291133,0.149006,-0.355971,-0.502955,-0.107496,0.780234,49.970751641494935,0.48584975841811967,32.12351847827087,9.679562143287962,-5.474771735564046,1.1011224375409614
3.5709753036499023,3.69665,-3.92991,1.14241,-0.96738,0.212823,0.32987,0.13924,0.409925,0.555481,0.306905,0.662305,0.492188,-0.474249,0.182691,0.291203,0.14963,-0.352983,-0.505417,-0.105626,0.780256,49.881916848736545,0.4873191614828372,32.54455114936624,9.518834387817389,-5.561669698872941,0.7334900569687304
3.571917772293091,3.69665,-3.92991,1.14241,-0.96738,0.212823,0.32987,0.13924,0.409925,0.555481,0.306905,0.662305,0.492188,-0.474249,0.182691,0.291203,0.14963,-0.352983,-0.505417,-0.105626,0.780256,49.881916848736545,0.4873191614828372,32.54455114936624,9.518834387817389,-5.561669698872941,0.7334900569687304
3.5876312255859375,3.43971,-3.22111,1.52826,-0.895882,0.130551,0.466157,0.13921,0.409913,0.555525,0.307329,0.661816,0.492171,-0.474674,0.184443,0.291718,0.150467,-0.348373,-0.510913,-0.105444,0.778772,49.199417561264575,0.7351265921944111,32.83371830964843,9.5388588088367,-5.848914736143086,1.5732543109303347
3.588578939437866,3.43971,-3.22111,1.52826,-0.895882,0.130551,0.466157,0.13921,0.409913,0.555525,0.307329,0.661816,0.492171,-0.474674,0.184443,0.291718,0.150467,-0.348373,-0.510913,-0.105444,0.778772,49.199417561264575,0.7351265921944111,32.83371830964843,9.5388588088367,-5.848914736143086,1.5732543109303347
3.621140480041504,3.42965,-3.01501,1.22153,-0.889054,0.217626,0.549466,0.139202,0.40992,0.555454,0.307058,0.662343,0.492053,-0.474237,0.185945,0.291665,0.151142,-0.348732,-0.508617,-0.101405,0.780648,49.74880198882462,0.5013981644348819,33.28625626660239,10.751027137290892,-4.49042023031687,-0.9848804807168317
3.6221089363098145,3.42965,-3.01501,1.22153,-0.889054,0.217626,0.549466,0.139202,0.40992,0.555454,0.307058,0.662343,0.492053,-0.474237,0.185945,0.291665,0.151142,-0.348732,-0.508617,-0.101405,0.780648,49.74880198882462,0.5013981644348819,33.28625626660239,10.751027137290892,-4.49042023031687,-0.9848804807168317
3.6369214057922363,4.4343,-2.97725,0.841762,-0.89315,0.164179,0.587928,0.139192,0.409898,0.555437,0.306784,0.662624,0.492102,-0.473971,0.187097,0.292088,0.151507,-0.347122,-0.511327,-0.101642,0.779564,49.51804097455739,0.6716283453636096,33.26327108313898,10.45013501944306,-4.368394496689999,-0.705010816413747
3.6378798484802246,4.4343,-2.97725,0.841762,-0.89315,0.164179,0.587928,0.139192,0.409898,0.555437,0.306784,0.662624,0.492102,-0.473971,0.187097,0.292088,0.151507,-0.347122,-0.511327,-0.101642,0.779564,49.51804097455739,0.6716283453636096,33.26327108313898,10.45013501944306,-4.368394496689999,-0.705010816413747
3.653661012649536,1.57261,-3.05455,1.48076,-0.915653,0.416069,0.536972,0.139197,0.409899,0.555426,0.306812,0.662582,0.492046,-0.474071,0.187482,0.291971,0.151642,-0.349933,-0.511829,-0.100276,0.778154,49.746003813667045,0.987693577600119,32.82139724609977,10.885150435274298,-4.661700233575873,-0.8225527965331527
3.65460467338562,1.57261,-3.05455,1.48076,-0.915653,0.416069,0.536972,0.139197,0.409899,0.555426,0.306812,0.662582,0.492046,-0.474071,0.187482,0.291971,0.151642,-0.349933,-0.511829,-0.100276,0.778154,49.746003813667045,0.987693577600119,32.82139724609977,10.885150435274298,-4.661700233575873,-0.8225527965331527
3.67047119140625,1.72811,-3.3116,1.13504,-0.94567,0.418815,0.478548,0.139217,0.409883,0.555458,0.307116,0.662603,0.491923,-0.473971,0.187926,0.292525,0.151664,-0.339927,-0.519416,-0.103993,0.777073,48.37301501838061,0.9650874568223552,33.53163992731909,9.157198532746293,-5.959398422300317,2.2756844865797055
3.671401262283325,1.72811,-3.3116,1.13504,-0.94567,0.418815,0.478548,0.139217,0.409883,0.555458,0.307116,0.662603,0.491923,-0.473971,0.187926,0.292525,0.151664,-0.339927,-0.519416,-0.103993,0.777073,48.37301501838061,0.9650874568223552,33.53163992731909,9.157198532746293,-5.959398422300317,2.2756844865797055
3.6873672008514404,2.11222,-2.33901,0.663136,-0.824152,0.534294,0.738414,0.139312,0.409845,0.555517,0.307603,0.661912,0.491896,-0.474648,0.188652,0.292191,0.152202,-0.345878,-0.515117,-0.102498,0.777507,48.99690663397239,1.0043873039735984,33.0734987647584,10.3256125691277,-4.2995320549369245,0.21250925822297706
3.688324213027954,2.11222,-2.33901,0.663136,-0.824152,0.534294,0.738414,0.139312,0.409845,0.555517,0.307603,0.661912,0.491896,-0.474648,0.188652,0.292191,0.152202,-0.345878,-0.515117,-0.102498,0.777507,48.99690663397239,1.0043873039735984,33.0734987647584,10.3256125691277,-4.2995320549369245,0.21250925822297706
3.7209818363189697,2.74053,-2.79124,0.900571,-0.912764,0.445891,0.674349,0.139463,0.409747,0.55559,0.308468,0.661196,0.492104,-0.474869,0.189113,0.291853,0.152406,-0.348679,-0.51341,-0.10137,0.777533,49.25419123043863,1.0152148738406717,32.96919220958211,11.17746478834366,-3.9700039564124707,-0.5426559968466846
3.7220962047576904,2.74053,-2.79124,0.900571,-0.912764,0.445891,0.674349,0.139463,0.409747,0.55559,0.308468,0.661196,0.492104,-0.474869,0.189113,0.291853,0.152406,-0.348679,-0.51341,-0.10137,0.777533,49.25419123043863,1.0152148738406717,32.96919220958211,11.17746478834366,-3.9700039564124707,-0.5426559968466846
3.738337755203247,1.49535,-2.96637,1.20843,-0.945541,0.473921,0.568436,0.139538,0.409701,0.555632,0.308418,0.661469,0.491471,-0.475178,0.189392,0.291818,0.152456,-0.345929,-0.515302,-0.101147,0.777539,48.96388587955456,1.0241155338398766,33.167065532990776,11.165097518103746,-4.206223527426573,0.07961024135428563
3.7394583225250244,1.49535,-2.96637,1.20843,-0.945541,0.473921,0.568436,0.139538,0.409701,0.555632,0.308418,0.661469,0.491471,-0.475178,0.189392,0.291818,0.152456,-0.345929,-0.515302,-0.101147,0.777539,48.96388587955456,1.0241155338398766,33.167065532990776,11.165097518103746,-4.206223527426573,0.07961024135428563
3.754828929901123,4.43826,-2.11027,0.23668,-0.814025,0.352732,0.782926,0.139521,0.409711,0.555625,0.308481,0.661452,0.491571,-0.475056,0.18939,0.291819,0.152432,-0.346407,-0.514177,-0.10157,0.778015,49.03500343373839,0.9163999451475823,33.19159979203466,11.093702108435263,-3.757884351783772,-0.25973140129779937
3.7558298110961914,4.43826,-2.11027,0.23668,-0.814025,0.352732,0.782926,0.139521,0.409711,0.555625,0.308481,0.661452,0.491571,-0.475056,0.18939,0.291819,0.152432,-0.346407,-0.514177,-0.10157,0.778015,49.03500343373839,0.9163999451475823,33.19159979203466,11.093702108435263,-3.757884351783772,-0.25973140129779937
3.7701830863952637,1.7216,-2.05637,0.837473,-0.825188,0.512875,0.741379,0.139514,0.409733,0.555587,0.308032,0.661521,0.491786,-0.475029,0.189479,0.291855,0.152448,-0.346343,-0.515552,-0.101486,0.777144,48.998790366574575,1.1053593721485526,33.045202350405624,10.790300482424767,-4.097754018314529,0.14101050766517442
3.7711219787597656,1.7216,-2.05637,0.837473,-0.825188,0.512875,0.741379,0.139514,0.409733,0.555587,0.308032,0.661521,0.491786,-0.475029,0.189479,0.291855,0.152448,-0.346343,-0.515552,-0.101486,0.777144,48.998790366574575,1.1053593721485526,33.045202350405624,10.790300482424767,-4.097754018314529,0.14101050766517442
3.786935567855835,1.90464,-2.26234,0.406942,-0.839825,0.541179,0.60492,0.139425,0.409759,0.555542,0.308774,0.660836,0.492305,-0.474963,0.189425,0.29172,0.152331,-0.34702,-0.514261,-0.101847,0.77765,49.02940448508144,0.9598382809919317,33.19136825303706,10.961026230011855,-3.8007050053238207,-0.08782642267873486
3.7878806591033936,1.90464,-2.26234,0.406942,-0.839825,0.541179,0.60492,0.139425,0.409759,0.555542,0.308774,0.660836,0.492305,-0.474963,0.189425,0.29172,0.152331,-0.34702,-0.514261,-0.101847,0.77765,49.02940448508144,0.9598382809919317,33.19136825303706,10.961026230011855,-3.8007050053238207,-0.08782642267873486
3.82060170173645,1.82639,-1.9897,0.202611,-0.74881,0.474702,0.401866,0.139287,0.409852,0.555533,0.308199,0.661003,0.492141,-0.475275,0.188975,0.292074,0.152184,-0.34893,-0.514372,-0.102759,0.776601,49.08613300083678,1.1984440022498586,32.67221982232715,10.791121394012219,-3.7899532785319403,0.20626046131706488
3.821545362472534,1.82639,-1.9897,0.202611,-0.74881,0.474702,0.401866,0.139287,0.409852,0.555533,0.308199,0.661003,0.492141,-0.475275,0.188975,0.292074,0.152184,-0.34893,-0.514372,-0.102759,0.776601,49.08613300083678,1.1984440022498586,32.67221982232715,10.791121394012219,-3.7899532785319403,0.20626046131706488
3.836780548095703,2.06524,-1.82763,0.361541,-0.715895,0.368072,0.360829,0.13922,0.409879,0.555543,0.307709,0.661899,0.491998,-0.474492,0.188755,0.292139,0.152033,-0.35055,-0.514913,-0.103251,0.775448,49.228497648868284,1.3571680097993504,32.27257057819817,10.133725780247199,-4.258579854769916,0.553180844141588
3.837721586227417,2.06524,-1.82763,0.361541,-0.715895,0.368072,0.360829,0.13922,0.409879,0.555543,0.307709,0.661899,0.491998,-0.474492,0.188755,0.292139,0.152033,-0.35055,-0.514913,-0.103251,0.775448,49.228497648868284,1.3571680097993504,32.27257057819817,10.133725780247199,-4.258579854769916,0.553180844141588
3.8540353775024414,2.34177,-2.0311,0.371876,-0.700486,0.325791,0.225311,0.13915,0.409942,0.555592,0.308055,0.66176,0.491887,-0.474577,0.187826,0.292478,0.151691,-0.350778,-0.51352,-0.103738,0.776203,49.24891848034038,1.1925679735008787,32.358775654278475,10.62420300177678,-4.53944316287071,0.5039327132641707
3.8549957275390625,2.34177,-2.0311,0.371876,-0.700486,0.325791,0.225311,0.13915,0.409942,0.555592,0.308055,0.66176,0.491887,-0.474577,0.187826,0.292478,0.151691,-0.350778,-0.51352,-0.103738,0.776203,49.24891848034038,1.1925679735008787,32.358775654278475,10.62420300177678,-4.53944316287071,0.5039327132641707
3.8703649044036865,1.74987,-1.8078,0.295583,-0.633743,0.398895,0.125904,0.139148,0.409961,0.555583,0.30761,0.661807,0.492173,-0.474503,0.187324,0.292954,0.151735,-0.352734,-0.512035,-0.106682,0.775898,49.274299445649376,1.199349708738716,31.928372238110036,9.798616095633049,-3.9041992881889866,0.29911086609152493
3.8713152408599854,1.74987,-1.8078,0.295583,-0.633743,0.398895,0.125904,0.139148,0.409961,0.555583,0.30761,0.661807,0.492173,-0.474503,0.187324,0.292954,0.151735,-0.352734,-0.512035,-0.106682,0.775898,49.274299445649376,1.199349708738716,31.928372238110036,9.798616095633049,-3.9041992881889866,0.29911086609152493
3.8869659900665283,1.45429,-1.69342,0.127421,-0.574233,0.410254,-0.0204051,0.139117,0.410012,0.555632,0.307715,0.661928,0.492558,-0.473866,0.186695,0.29412,0.151518,-0.356317,-0.511412,-0.107259,0.774591,49.52795872649834,1.3746882057615346,31.424285952031884,10.541572522335315,-4.793401647261667,0.011715682253258919
3.8879127502441406,1.45429,-1.69342,0.127421,-0.574233,0.410254,-0.0204051,0.139117,0.410012,0.555632,0.307715,0.661928,0.492558,-0.473866,0.186695,0.29412,0.151518,-0.356317,-0.511412,-0.107259,0.774591,49.52795872649834,1.3746882057615346,31.424285952031884,10.541572522335315,-4.793401647261667,0.011715682253258919
3.920315742492676,1.14149,-1.65917,-0.00412199,-0.496011,0.384516,-0.178341,0.138934,0.410061,0.555774,0.307933,0.661045,0.493656,-0.473815,0.186197,0.295647,0.151494,-0.357913,-0.508981,-0.110715,0.77497,49.49174322454874,1.207473424488446,31.29235896428434,10.928630160003117,-3.841317039729834,-0.6835297178078528
3.9212663173675537,1.14149,-1.65917,-0.00412199,-0.496011,0.384516,-0.178341,0.138934,0.410061,0.555774,0.307933,0.661045,0.493656,-0.473815,0.186197,0.295647,0.151494,-0.357913,-0.508981,-0.110715,0.77497,49.49174322454874,1.207473424488446,31.29235896428434,10.928630160003117,-3.841317039729834,-0.6835297178078528
3.93687105178833,0.844787,-1.2565,-0.307149,-0.379855,0.456735,-0.165598,0.138848,0.410194,0.55596,0.306211,0.661243,0.494455,-0.473822,0.185574,0.297241,0.15134,-0.361457,-0.51113,-0.114921,0.77129,49.390838758741666,1.877675410043261,30.02391889704477,9.860852734611875,-4.147592617418383,0.5995242873541802
3.937819719314575,0.844787,-1.2565,-0.307149,-0.379855,0.456735,-0.165598,0.138848,0.410194,0.55596,0.306211,0.661243,0.494455,-0.473822,0.185574,0.297241,0.15134,-0.361457,-0.51113,-0.114921,0.77129,49.390838758741666,1.877675410043261,30.02391889704477,9.860852734611875,-4.147592617418383,0.5995242873541802
3.9537417888641357,0.730176,-1.1873,-0.563467,-0.342331,0.502223,-0.184728,0.138817,0.410217,0.555992,0.306047,0.661198,0.494545,-0.473896,0.185308,0.297736,0.151282,-0.36183,-0.508354,-0.113991,0.773085,49.672256101161196,1.614533823859349,30.27962256943369,10.914925313599674,-3.502067841770356,-0.7360123606197262
3.9546847343444824,0.730176,-1.1873,-0.563467,-0.342331,0.502223,-0.184728,0.138817,0.410217,0.555992,0.306047,0.661198,0.494545,-0.473896,0.185308,0.297736,0.151282,-0.36183,-0.508354,-0.113991,0.773085,49.672256101161196,1.614533823859349,30.27962256943369,10.914925313599674,-3.502067841770356,-0.7360123606197262
3.9703621864318848,0.331553,-1.19053,-0.737676,-0.304196,0.542726,-0.247877,0.138796,0.410234,0.556026,0.305937,0.661288,0.494556,-0.47383,0.184821,0.299004,0.151258,-0.362968,-0.510656,-0.119383,0.770216,49.17680076785405,1.949574572897909,29.452891727696937,9.672087341871563,-3.884311610186758,0.7585209910357849
3.9713001251220703,0.331553,-1.19053,-0.737676,-0.304196,0.542726,-0.247877,0.138796,0.410234,0.556026,0.305937,0.661288,0.494556,-0.47383,0.184821,0.299004,0.151258,-0.362968,-0.510656,-0.119383,0.770216,49.17680076785405,1.949574572897909,29.452891727696937,9.672087341871563,-3.884311610186758,0.7585209910357849
3.9875199794769287,0.215198,-0.87805,-0.684702,-0.236815,0.526979,-0.223748,0.138795,0.410275,0.556087,0.306852,0.661345,0.494804,-0.4729,0.183039,0.30161,0.151213,-0.367844,-0.509517,-0.12578,0.767635,49.01517394495261,2.062267288847262,28.440497647156644,9.640655258441525,-5.085542599885005,0.8460368631692501
3.9885342121124268,0.215198,-0.87805,-0.684702,-0.236815,0.526979,-0.223748,0.138795,0.410275,0.556087,0.306852,0.661345,0.494804,-0.4729,0.183039,0.30161,0.151213,-0.367844,-0.509517,-0.12578,0.767635,49.01517394495261,2.062267288847262,28.440497647156644,9.640655258441525,-5.085542599885005,0.8460368631692501
4.036670207977295,0.810877,-1.27138,-0.969802,-0.243606,0.518483,-0.271165,0.138825,0.410247,0.556135,0.306803,0.661471,0.494906,-0.472647,0.180148,0.305775,0.151223,-0.379323,-0.504946,-0.140758,0.762451,48.763717680052565,2.4566686659521006,25.755785278818387,8.138321029534485,-4.130186993622251,0.8700958108215167
4.040059328079224,0.810877,-1.27138,-0.969802,-0.243606,0.518483,-0.271165,0.138825,0.410247,0.556135,0.306803,0.661471,0.494906,-0.472647,0.180148,0.305775,0.151223,-0.379323,-0.504946,-0.140758,0.762451,48.763717680052565,2.4566686659521006,25.755785278818387,8.138321029534485,-4.130186993622251,0.8700958108215167
4.068222522735596,-0.081265,-0.894041,-1.2164,-0.132572,0.613304,-0.235612,0.13882,0.410249,0.556201,0.307598,0.661454,0.494117,-0.472981,0.17554,0.311154,0.150593,-0.390348,-0.498873,-0.155773,0.75795,48.419951171876505,2.6443475624031914,23.22309030911607,8.769717686408798,-4.194111050503836,0.8610348981573672
4.070027828216553,-0.081265,-0.894041,-1.2164,-0.132572,0.613304,-0.235612,0.13882,0.410249,0.556201,0.307598,0.661454,0.494117,-0.472981,0.17554,0.311154,0.150593,-0.390348,-0.498873,-0.155773,0.75795,48.419951171876505,2.6443475624031914,23.22309030911607,8.769717686408798,-4.194111050503836,0.8610348981573672
4.091567754745483,-0.163994,-0.773778,-1.24308,-0.105394,0.62026,-0.229953,0.138757,0.410262,0.556291,0.307541,0.661346,0.494037,-0.473252,0.173466,0.313726,0.150128,-0.386084,-0.498124,-0.162544,0.759204,47.68899751220625,2.1399630683179645,23.530972758650737,8.814382066164704,-4.102281322594599,1.6376755192344845
4.092851638793945,-0.163994,-0.773778,-1.24308,-0.105394,0.62026,-0.229953,0.138757,0.410262,0.556291,0.307541,0.661346,0.494037,-0.473252,0.173466,0.313726,0.150128,-0.386084,-0.498124,-0.162544,0.759204,47.68899751220625,2.1399630683179645,23.530972758650737,8.814382066164704,-4.102281322594599,1.6376755192344845
4.10806941986084,-0.0936451,-0.804102,-1.27052,-0.0907143,0.631694,-0.235888,0.138766,0.410255,0.556314,0.30764,0.661381,0.494179,-0.47299,0.170383,0.316504,0.149603,-0.392389,-0.495074,-0.170223,0.756278,47.61347602732217,2.3012632337471524,22.152744258452508,8.984753459728468,-4.925402760581735,1.8917928087491167
4.109009027481079,-0.0936451,-0.804102,-1.27052,-0.0907143,0.631694,-0.235888,0.138766,0.410255,0.556314,0.30764,0.661381,0.494179,-0.47299,0.170383,0.316504,0.149603,-0.392389,-0.495074,-0.170223,0.756278,47.61347602732217,2.3012632337471524,22.152744258452508,8.984753459728468,-4.925402760581735,1.8917928087491167
4.123897552490234,-0.313288,-0.947239,-1.21054,-0.100677,0.649522,-0.254239,0.138752,0.410251,0.556301,0.30774,0.661314,0.494206,-0.472991,0.169169,0.317835,0.149563,-0.395402,-0.49325,-0.174781,0.754859,47.511550563186184,2.341307826743867,21.450803722957737,8.812684723615941,-4.668062881753668,1.850707189307018
4.1248345375061035,-0.313288,-0.947239,-1.21054,-0.100677,0.649522,-0.254239,0.138752,0.410251,0.556301,0.30774,0.661314,0.494206,-0.472991,0.169169,0.317835,0.149563,-0.395402,-0.49325,-0.174781,0.754859,47.511550563186184,2.341307826743867,21.450803722957737,8.812684723615941,-4.668062881753668,1.850707189307018
4.153986692428589,-0.256156,-1.01705,-0.984957,-0.0806975,0.604087,-0.249073,0.138666,0.410345,0.556203,0.306881,0.661386,0.494471,-0.473171,0.16451,0.322191,0.148917,-0.401397,-0.487381,-0.187284,0.752505,47.27243532049517,2.247977374629501,19.85575083738018,8.763524396896342,-4.285441979429859,1.7014676860030526
4.15493369102478,-0.256156,-1.01705,-0.984957,-0.0806975,0.604087,-0.249073,0.138666,0.410345,0.556203,0.306881,0.661386,0.494471,-0.473171,0.16451,0.322191,0.148917,-0.401397,-0.487381,-0.187284,0.752505,47.27243532049517,2.247977374629501,19.85575083738018,8.763524396896342,-4.285441979429859,1.7014676860030526
4.170865535736084,-0.657412,-0.924206,-1.09021,-0.0486477,0.642806,-0.248047,0.13869,0.410338,0.556197,0.306963,0.661479,0.494463,-0.472997,0.162701,0.324128,0.148934,-0.40289,-0.488721,-0.19143,0.749791,46.91415337971887,2.482620451607039,19.1988383422712,8.692604599329869,-5.967680393712184,2.5100468222836185
4.171815395355225,-0.657412,-0.924206,-1.09021,-0.0486477,0.642806,-0.248047,0.13869,0.410338,0.556197,0.306963,0.661479,0.494463,-0.472997,0.162701,0.324128,0.148934,-0.40289,-0.488721,-0.19143,0.749791,46.91415337971887,2.482620451607039,19.1988383422712,8.692604599329869,-5.967680393712184,2.5100468222836185
4.187558174133301,-0.407672,-0.720913,-1.3534,-0.00984712,0.650731,-0.203996,0.138724,0.410261,0.556286,0.307594,0.661189,0.494237,-0.473228,0.159899,0.32666,0.148737,-0.406845,-0.484588,-0.197728,0.748703,46.803846022256685,2.3338869031665417,18.396362697952803,9.803540951955242,-6.2293763431972655,2.073844527953206
4.188504934310913,-0.407672,-0.720913,-1.3534,-0.00984712,0.650731,-0.203996,0.138724,0.410261,0.556286,0.307594,0.661189,0.494237,-0.473228,0.159899,0.32666,0.148737,-0.406845,-0.484588,-0.197728,0.748703,46.803846022256685,2.3338869031665417,18.396362697952803,9.803540951955242,-6.2293763431972655,2.073844527953206
4.204850196838379,-0.485679,-1.01473,-1.25864,-0.0470559,0.639152,-0.260913,0.13869,0.4103,0.556316,0.306892,0.661259,0.494546,-0.473263,0.158864,0.327669,0.148803,-0.407116,-0.483772,-0.200286,0.748403,46.73341822287021,2.308672055173316,18.169408381943555,9.558173627407815,-6.14759424808992,1.9872376886304792
4.205801963806152,-0.485679,-1.01473,-1.25864,-0.0470559,0.639152,-0.260913,0.13869,0.4103,0.556316,0.306892,0.661259,0.494546,-0.473263,0.158864,0.327669,0.148803,-0.407116,-0.483772,-0.200286,0.748403,46.73341822287021,2.308672055173316,18.169408381943555,9.558173627407815,-6.14759424808992,1.9872376886304792
4.23749566078186,-0.705015,-0.648534,-1.24243,0.0141303,0.688274,-0.207781,0.138646,0.410365,0.556347,0.307531,0.661127,0.494917,-0.472645,0.154253,0.331481,0.14867,-0.416793,-0.476232,-0.210501,0.745101,46.89643123884627,2.261529228271227,16.410418940005655,10.535552965619573,-6.62741143229208,0.762652385620552
4.238473415374756,-0.705015,-0.648534,-1.24243,0.0141303,0.688274,-0.207781,0.138646,0.410365,0.556347,0.307531,0.661127,0.494917,-0.472645,0.154253,0.331481,0.14867,-0.416793,-0.476232,-0.210501,0.745101,46.89643123884627,2.261529228271227,16.410418940005655,10.535552965619573,-6.62741143229208,0.762652385620552
4.253972768783569,-0.827544,-0.905974,-1.37161,-0.0128721,0.727021,-0.26552,0.13866,0.410326,0.556309,0.307024,0.661336,0.49437,-0.473253,0.151962,0.334001,0.148809,-0.417605,-0.478207,-0.218636,0.741028,46.09477923276319,2.563581295147807,15.359341314277438,9.55864227272234,-7.404712667848415,2.498403454532826
4.254997253417969,-0.827544,-0.905974,-1.37161,-0.0128721,0.727021,-0.26552,0.13866,0.410326,0.556309,0.307024,0.661336,0.49437,-0.473253,0.151962,0.334001,0.148809,-0.417605,-0.478207,-0.218636,0.741028,46.09477923276319,2.563581295147807,15.359341314277438,9.55864227272234,-7.404712667848415,2.498403454532826
4.27142333984375,-0.446099,-1.05779,-1.48858,-0.0234142,0.693341,-0.279168,0.138729,0.41026,0.556293,0.307609,0.661201,0.494227,-0.473213,0.148989,0.33657,0.149024,-0.424074,-0.475139,-0.226075,0.737085,45.93362742140677,2.765977518348841,13.929526501524803,9.965418327191868,-8.175464518881588,2.2804750197559756
4.272450685501099,-0.446099,-1.05779,-1.48858,-0.0234142,0.693341,-0.279168,0.138729,0.41026,0.556293,0.307609,0.661201,0.494227,-0.473213,0.148989,0.33657,0.149024,-0.424074,-0.475139,-0.226075,0.737085,45.93362742140677,2.765977518348841,13.929526501524803,9.965418327191868,-8.175464518881588,2.2804750197559756
4.287820339202881,-0.713614,-0.865202,-1.37747,0.0143334,0.707859,-0.242977,0.138731,0.410267,0.556312,0.307658,0.661197,0.494279,-0.473132,0.143921,0.341387,0.149582,-0.432916,-0.471968,-0.242629,0.72867,45.15527967155747,3.1590245058189823,11.361769669692215,8.911424646973847,-8.59150077708211,3.26396342525695
4.288798093795776,-0.713614,-0.865202,-1.37747,0.0143334,0.707859,-0.242977,0.138731,0.410267,0.556312,0.307658,0.661197,0.494279,-0.473132,0.143921,0.341387,0.149582,-0.432916,-0.471968,-0.242629,0.72867,45.15527967155747,3.1590245058189823,11.361769669692215,8.911424646973847,-8.59150077708211,3.26396342525695
4.304250001907349,-0.80065,-0.815264,-1.35684,0.0183081,0.712469,-0.230958,0.138715,0.410277,0.556309,0.307633,0.661199,0.494304,-0.473119,0.14208,0.343014,0.149793,-0.436157,-0.470743,-0.247586,0.725858,44.96253955074153,3.3140130751328973,10.497292544409706,8.791603482294043,-8.933509016027706,3.387619208173433
4.305194616317749,-0.80065,-0.815264,-1.35684,0.0183081,0.712469,-0.230958,0.138715,0.410277,0.556309,0.307633,0.661199,0.494304,-0.473119,0.14208,0.343014,0.149793,-0.436157,-0.470743,-0.247586,0.725858,44.96253955074153,3.3140130751328973,10.497292544409706,8.791603482294043,-8.933509016027706,3.387619208173433
4.337251901626587,-0.435164,-1.02621,-1.29233,0.0223166,0.683321,-0.212234,0.138694,0.410286,0.556308,0.307679,0.661328,0.494076,-0.473148,0.132026,0.350996,0.151503,-0.458163,-0.460694,-0.270395,0.710447,44.59200299347722,4.33055094881695,5.433829317712829,9.62057099828403,-10.910736515455946,1.738782734628248
4.338197946548462,-0.435164,-1.02621,-1.29233,0.0223166,0.683321,-0.212234,0.138694,0.410286,0.556308,0.307679,0.661328,0.494076,-0.473148,0.132026,0.350996,0.151503,-0.458163,-0.460694,-0.270395,0.710447,44.59200299347722,4.33055094881695,5.433829317712829,9.62057099828403,-10.910736515455946,1.738782734628248
4.353607177734375,-0.64082,-0.916407,-1.26541,0.046995,0.709091,-0.19565,0.138713,0.410291,0.556328,0.308197,0.661005,0.494641,-0.472671,0.130399,0.352419,0.151956,-0.460373,-0.459784,-0.274309,0.708103,44.40497507130231,4.366981442776937,4.951449039929123,9.645458998652664,-11.767314372474717,1.5871305395765325
4.354552268981934,-0.64082,-0.916407,-1.26541,0.046995,0.709091,-0.19565,0.138713,0.410291,0.556328,0.308197,0.661005,0.494641,-0.472671,0.130399,0.352419,0.151956,-0.460373,-0.459784,-0.274309,0.708103,44.40497507130231,4.366981442776937,4.951449039929123,9.645458998652664,-11.767314372474717,1.5871305395765325
4.370344400405884,0.022274,-0.730865,-2.26827,0.169105,0.836075,-0.143211,0.138676,0.410338,0.556327,0.307621,0.661133,0.49474,-0.472764,0.127551,0.354655,0.152876,-0.465449,-0.45872,-0.280476,0.70304,44.15733967459486,4.786227766671398,3.5663956261869165,9.256501686272468,-12.706926809679699,1.25612256076709
4.371310710906982,0.022274,-0.730865,-2.26827,0.169105,0.836075,-0.143211,0.138676,0.410338,0.556327,0.307621,0.661133,0.49474,-0.472764,0.127551,0.354655,0.152876,-0.465449,-0.45872,-0.280476,0.70304,44.15733967459486,4.786227766671398,3.5663956261869165,9.256501686272468,-12.706926809679699,1.25612256076709
4.3870368003845215,-0.105535,-2.05832,-1.24615,-0.0446181,0.650603,-0.408319,0.138598,0.410405,0.55639,0.307722,0.661397,0.493776,-0.473337,0.124897,0.356931,0.153498,-0.469221,-0.456306,-0.285222,0.700189,43.98061871471867,4.917945042127318,2.546210385564096,10.221693924499638,-13.25747374218641,0.623315179750136
4.3879780769348145,-0.105535,-2.05832,-1.24615,-0.0446181,0.650603,-0.408319,0.138598,0.410405,0.55639,0.307722,0.661397,0.493776,-0.473337,0.124897,0.356931,0.153498,-0.469221,-0.456306,-0.285222,0.700189,43.98061871471867,4.917945042127318,2.546210385564096,10.221693924499638,-13.25747374218641,0.623315179750136
4.404199600219727,-0.68126,-0.0602648,-1.5853,0.215383,0.790146,0.00839678,0.138583,0.410398,0.556458,0.30821,0.661311,0.493614,-0.473307,0.122414,0.359196,0.154211,-0.473784,-0.453564,-0.292185,0.696015,43.688100866523826,5.020515111719551,1.4008835143559457,10.586318317722213,-13.34440285145424,0.28903746586906376
4.405212163925171,-0.68126,-0.0602648,-1.5853,0.215383,0.790146,0.00839678,0.138583,0.410398,0.556458,0.30821,0.661311,0.493614,-0.473307,0.122414,0.359196,0.154211,-0.473784,-0.453564,-0.292185,0.696015,43.688100866523826,5.020515111719551,1.4008835143559457,10.586318317722213,-13.34440285145424,0.28903746586906376
4.437244892120361,-0.419281,-1.25116,-1.54007,0.10314,0.798283,-0.200458,0.138559,0.410399,0.556349,0.307333,0.661619,0.494146,-0.472891,0.119156,0.363221,0.155563,-0.474288,-0.453812,-0.303258,0.690753,42.83247345944285,5.007611100134862,0.4766782656993466,9.622247628607024,-13.722500243048735,0.6607775822824857
4.43818473815918,-0.419281,-1.25116,-1.54007,0.10314,0.798283,-0.200458,0.138559,0.410399,0.556349,0.307333,0.661619,0.494146,-0.472891,0.119156,0.363221,0.155563,-0.474288,-0.453812,-0.303258,0.690753,42.83247345944285,5.007611100134862,0.4766782656993466,9.622247628607024,-13.722500243048735,0.6607775822824857
4.454127550125122,0.0151601,-0.900592,-1.30523,0.149909,0.723823,-0.116874,0.138544,0.410379,0.55635,0.307135,0.661795,0.494357,-0.472553,0.119147,0.363578,0.155701,-0.472449,-0.452846,-0.303114,0.692708,42.938765476443216,4.700568911256749,0.8906371813883825,9.94824359439083,-13.487519023189188,0.0217939837315817
4.455071926116943,0.0151601,-0.900592,-1.30523,0.149909,0.723823,-0.116874,0.138544,0.410379,0.55635,0.307135,0.661795,0.494357,-0.472553,0.119147,0.363578,0.155701,-0.472449,-0.452846,-0.303114,0.692708,42.938765476443216,4.700568911256749,0.8906371813883825,9.94824359439083,-13.487519023189188,0.0217939837315817
4.470592498779297,-0.667129,-1.53631,-0.942198,0.0742004,0.738913,-0.23251,0.138558,0.410415,0.556337,0.307201,0.661761,0.494052,-0.472877,0.119806,0.364132,0.15602,-0.468996,-0.455079,-0.303488,0.693428,42.57925679133568,4.5630447072133045,1.3403999947773082,9.873166731931075,-13.334081566391651,0.5010075041695417
4.471531629562378,-0.667129,-1.53631,-0.942198,0.0742004,0.738913,-0.23251,0.138558,0.410415,0.556337,0.307201,0.661761,0.494052,-0.472877,0.119806,0.364132,0.15602,-0.468996,-0.455079,-0.303488,0.693428,42.57925679133568,4.5630447072133045,1.3403999947773082,9.873166731931075,-13.334081566391651,0.5010075041695417
4.487239122390747,-0.567901,-1.31985,-0.810806,0.122519,0.709518,-0.184807,0.138566,0.410372,0.55634,0.307006,0.661876,0.494267,-0.472617,0.122252,0.36395,0.156055,-0.457143,-0.461592,-0.298939,0.698991,42.129273325465554,4.001116250616273,3.4751238955887147,9.55517455593663,-14.122720784388552,1.5452590838389728
4.488244533538818,-0.567901,-1.31985,-0.810806,0.122519,0.709518,-0.184807,0.138566,0.410372,0.55634,0.307006,0.661876,0.494267,-0.472617,0.122252,0.36395,0.156055,-0.457143,-0.461592,-0.298939,0.698991,42.129273325465554,4.001116250616273,3.4751238955887147,9.55517455593663,-14.122720784388552,1.5452590838389728
4.5038158893585205,-0.352023,-1.44658,-0.890527,0.105137,0.702077,-0.215528,0.138565,0.410386,0.556298,0.307751,0.66125,0.494391,-0.472879,0.123589,0.363608,0.156055,-0.454306,-0.460686,-0.295926,0.702711,42.29654078835916,3.6263841903903082,4.345780570605102,10.826787855973652,-13.43704369482771,0.6368057749308207
4.504764556884766,-0.352023,-1.44658,-0.890527,0.105137,0.702077,-0.215528,0.138565,0.410386,0.556298,0.307751,0.66125,0.494391,-0.472879,0.123589,0.363608,0.156055,-0.454306,-0.460686,-0.295926,0.702711,42.29654078835916,3.6263841903903082,4.345780570605102,10.826787855973652,-13.43704369482771,0.6368057749308207
4.537052154541016,-0.178301,-2.00393,-0.387323,0.0162278,0.616212,-0.294357,0.138473,0.410434,0.556364,0.307497,0.66144,0.493579,-0.473627,0.129081,0.361943,0.155253,-0.439593,-0.467675,-0.28331,0.712582,42.265181864573606,3.016125143326939,7.328726800249297,12.429090364689232,-12.896596605150833,1.084453009448608
4.538002967834473,-0.178301,-2.00393,-0.387323,0.0162278,0.616212,-0.294357,0.138473,0.410434,0.556364,0.307497,0.66144,0.493579,-0.473627,0.129081,0.361943,0.155253,-0.439593,-0.467675,-0.28331,0.712582,42.265181864573606,3.016125143326939,7.328726800249297,12.429090364689232,-12.896596605150833,1.084453009448608
4.553731918334961,0.388772,-1.6201,-0.307629,0.0547259,0.559921,-0.203497,0.13846,0.410429,0.556341,0.306941,0.661878,0.49417,-0.472759,0.130066,0.36141,0.155147,-0.437851,-0.46734,-0.281156,0.714724,42.560040610775864,2.7972258359138906,7.857678330559474,12.206663849383963,-12.452564865975429,0.3799106817272384
4.554680347442627,0.388772,-1.6201,-0.307629,0.0547259,0.559921,-0.203497,0.13846,0.410429,0.556341,0.306941,0.661878,0.49417,-0.472759,0.130066,0.36141,0.155147,-0.437851,-0.46734,-0.281156,0.714724,42.560040610775864,2.7972258359138906,7.857678330559474,12.206663849383963,-12.452564865975429,0.3799106817272384
4.570348501205444,0.641893,-2.08228,-0.167967,-0.0287841,0.550395,-0.261677,0.138506,0.410427,0.556232,0.307468,0.661319,0.494666,-0.47268,0.132228,0.360691,0.154889,-0.426235,-0.472564,-0.277423,0.719752,41.99604821903155,2.179813443187048,9.953340133064001,11.904270098563137,-12.99009146509525,1.7788133227501817
4.571289777755737,0.641893,-2.08228,-0.167967,-0.0287841,0.550395,-0.261677,0.138506,0.410427,0.556232,0.307468,0.661319,0.494666,-0.47268,0.132228,0.360691,0.154889,-0.426235,-0.472564,-0.277423,0.719752,41.99604821903155,2.179813443187048,9.953340133064001,11.904270098563137,-12.99009146509525,1.7788133227501817
4.587087869644165,-0.341898,-2.30273,0.265708,-0.0825611,0.606403,-0.324512,0.138543,0.410413,0.556038,0.305637,0.660811,0.495462,-0.473742,0.135243,0.35934,0.154424,-0.416818,-0.479374,-0.27012,0.723532,41.77570021268076,2.290844833428471,11.50268956929644,11.56582117464315,-13.094819565027425,2.852160323146483
4.588047981262207,-0.341898,-2.30273,0.265708,-0.0825611,0.606403,-0.324512,0.138543,0.410413,0.556038,0.305637,0.660811,0.495462,-0.473742,0.135243,0.35934,0.154424,-0.416818,-0.479374,-0.27012,0.723532,41.77570021268076,2.290844833428471,11.50268956929644,11.56582117464315,-13.094819565027425,2.852160323146483
4.603863477706909,-0.43874,-2.52806,0.301232,-0.124077,0.608612,-0.366807,0.138529,0.410409,0.55601,0.305654,0.661248,0.49491,-0.473699,0.136192,0.35868,0.154292,-0.419451,-0.476308,-0.267082,0.725161,42.38084415367925,2.232299225637034,11.427267290278518,12.691875829220294,-11.924975401997536,1.134335841620818
4.604803800582886,-0.43874,-2.52806,0.301232,-0.124077,0.608612,-0.366807,0.138529,0.410409,0.55601,0.305654,0.661248,0.49491,-0.473699,0.136192,0.35868,0.154292,-0.419451,-0.476308,-0.267082,0.725161,42.38084415367925,2.232299225637034,11.427267290278518,12.691875829220294,-11.924975401997536,1.134335841620818
4.637052536010742,0.326938,-3.00959,0.280798,-0.205355,0.552217,-0.415744,0.138469,0.410419,0.556025,0.306324,0.661148,0.494401,-0.473937,0.139622,0.357921,0.154571,-0.411428,-0.483683,-0.262206,0.726654,41.78717338210983,2.243118392670139,12.692803034696261,12.601024975982778,-12.290382843633669,2.459185372215277
4.6380228996276855,0.326938,-3.00959,0.280798,-0.205355,0.552217,-0.415744,0.138469,0.410419,0.556025,0.306324,0.661148,0.494401,-0.473937,0.139622,0.357921,0.154571,-0.411428,-0.483683,-0.262206,0.726654,41.78717338210983,2.243118392670139,12.692803034696261,12.601024975982778,-12.290382843633669,2.459185372215277
4.653910875320435,1.08735,-2.66137,0.177636,-0.167378,0.503072,-0.316144,0.138458,0.410421,0.556043,0.306201,0.661318,0.494184,-0.474007,0.140101,0.35764,0.154579,-0.411413,-0.480091,-0.25867,0.730303,42.37660536004672,1.9007441025297789,13.156323599753376,14.212370447718142,-11.403003696340688,0.3513270218509228
4.654873609542847,1.08735,-2.66137,0.177636,-0.167378,0.503072,-0.316144,0.138458,0.410421,0.556043,0.306201,0.661318,0.494184,-0.474007,0.140101,0.35764,0.154579,-0.411413,-0.480091,-0.25867,0.730303,42.37660536004672,1.9007441025297789,13.156323599753376,14.212370447718142,-11.403003696340688,0.3513270218509228
4.670256853103638,0.798557,-2.5837,-0.0325696,-0.184256,0.605351,-0.277298,0.138464,0.410445,0.556083,0.305832,0.661515,0.494007,-0.474153,0.141604,0.35718,0.154705,-0.405066,-0.483873,-0.255691,0.7324,42.0825245787146,1.7531653489708914,14.130310782403425,13.942022705828679,-11.659490268008453,1.0075885683857804
4.6712164878845215,0.798557,-2.5837,-0.0325696,-0.184256,0.605351,-0.277298,0.138464,0.410445,0.556083,0.305832,0.661515,0.494007,-0.474153,0.141604,0.35718,0.154705,-0.405066,-0.483873,-0.255691,0.7324,42.0825245787146,1.7531653489708914,14.130310782403425,13.942022705828679,-11.659490268008453,1.0075885683857804
4.687044620513916,0.356424,-3.12079,-0.0598229,-0.255715,0.642565,-0.390515,0.138502,0.410444,0.556147,0.305813,0.661902,0.49435,-0.473268,0.143443,0.356457,0.15483,-0.400033,-0.48848,-0.252986,0.733048,41.81961073873188,1.7217436980028544,14.949972404158572,13.015184176643796,-12.38809845764369,1.915888737702487
4.688033103942871,0.356424,-3.12079,-0.0598229,-0.255715,0.642565,-0.390515,0.138502,0.410444,0.556147,0.305813,0.661902,0.49435,-0.473268,0.143443,0.356457,0.15483,-0.400033,-0.48848,-0.252986,0.733048,41.81961073873188,1.7217436980028544,14.949972404158572,13.015184176643796,-12.38809845764369,1.915888737702487
4.703843593597412,0.441326,-2.92101,0.0143992,-0.280133,0.60194,-0.358662,0.138528,0.410418,0.556173,0.306023,0.661705,0.494143,-0.473623,0.145504,0.355409,0.154746,-0.394102,-0.489955,-0.248814,0.736695,41.74111816018066,1.3756836790886326,16.127852838441225,13.542446584924914,-11.650523948305084,1.863112241623904
4.704805374145508,0.441326,-2.92101,0.0143992,-0.280133,0.60194,-0.358662,0.138528,0.410418,0.556173,0.306023,0.661705,0.494143,-0.473623,0.145504,0.355409,0.154746,-0.394102,-0.489955,-0.248814,0.736695,41.74111816018066,1.3756836790886326,16.127852838441225,13.542446584924914,-11.650523948305084,1.863112241623904
4.737224578857422,1.10781,-3.08184,0.67301,-0.354871,0.464174,-0.332264,0.138604,0.410359,0.555969,0.305058,0.660959,0.495036,-0.474354,0.149631,0.353321,0.154682,-0.386963,-0.494144,-0.239734,0.740681,41.87461263478919,1.421044983689882,17.650615957346766,14.124631423174433,-10.636398270561019,1.3566580832117356
4.738170862197876,1.10781,-3.08184,0.67301,-0.354871,0.464174,-0.332264,0.138604,0.410359,0.555969,0.305058,0.660959,0.495036,-0.474354,0.149631,0.353321,0.154682,-0.386963,-0.494144,-0.239734,0.740681,41.87461263478919,1.421044983689882,17.650615957346766,14.124631423174433,-10.636398270561019,1.3566580832117356
4.753711700439453,0.961306,-3.07175,0.942925,-0.375343,0.439035,-0.31957,0.138607,0.410351,0.55593,0.304959,0.660969,0.494875,-0.474571,0.150341,0.35318,0.154789,-0.383731,-0.496581,-0.240057,0.740628,41.50103160089696,1.4100382218323986,17.938640309743864,13.462143913268537,-10.512552647384176,2.236744253889354
4.754667282104492,0.961306,-3.07175,0.942925,-0.375343,0.439035,-0.31957,0.138607,0.410351,0.55593,0.304959,0.660969,0.494875,-0.474571,0.150341,0.35318,0.154789,-0.383731,-0.496581,-0.240057,0.740628,41.50103160089696,1.4100382218323986,17.938640309743864,13.462143913268537,-10.512552647384176,2.236744253889354
4.770387172698975,1.2047,-3.52045,0.887354,-0.431969,0.443189,-0.398806,0.1386,0.41031,0.555792,0.306756,0.660971,0.494235,-0.474078,0.151711,0.3526,0.154957,-0.378722,-0.498479,-0.237346,0.742802,41.22189611096923,0.9997988518192475,18.977252958986817,14.020351482844811,-11.144525447388748,2.2983745506403954
4.77132773399353,1.2047,-3.52045,0.887354,-0.431969,0.443189,-0.398806,0.1386,0.41031,0.555792,0.306756,0.660971,0.494235,-0.474078,0.151711,0.3526,0.154957,-0.378722,-0.498479,-0.237346,0.742802,41.22189611096923,0.9997988518192475,18.977252958986817,14.020351482844811,-11.144525447388748,2.2983745506403954
4.787033319473267,1.04063,-3.3695,0.54993,-0.422818,0.525302,-0.36162,0.138582,0.410315,0.555791,0.306843,0.660949,0.494407,-0.473873,0.15237,0.352112,0.154959,-0.379149,-0.497633,-0.235296,0.743803,41.48699799456162,0.9447084859034202,19.16746706601991,14.444771606650344,-10.778349985554666,1.530995927750654
4.787997245788574,1.04063,-3.3695,0.54993,-0.422818,0.525302,-0.36162,0.138582,0.410315,0.555791,0.306843,0.660949,0.494407,-0.473873,0.15237,0.352112,0.154959,-0.379149,-0.497633,-0.235296,0.743803,41.48699799456162,0.9447084859034202,19.16746706601991,14.444771606650344,-10.778349985554666,1.530995927750654
4.803886651992798,1.24519,-3.78445,0.518581,-0.504997,0.504188,-0.424205,0.13851,0.410373,0.555871,0.306748,0.660575,0.495114,-0.473718,0.154731,0.35101,0.15532,-0.374995,-0.500855,-0.230735,0.745174,41.44842230316686,0.9850294090568217,20.030449078884953,14.374201812924554,-10.595486841204405,1.473725506844569
4.804839372634888,1.24519,-3.78445,0.518581,-0.504997,0.504188,-0.424205,0.13851,0.410373,0.555871,0.306748,0.660575,0.495114,-0.473718,0.154731,0.35101,0.15532,-0.374995,-0.500855,-0.230735,0.745174,41.44842230316686,0.9850294090568217,20.030449078884953,14.374201812924554,-10.595486841204405,1.473725506844569
4.837282180786133,1.69643,-3.35357,0.537394,-0.523916,0.453249,-0.311606,0.138492,0.410393,0.555991,0.305196,0.660831,0.495808,-0.473637,0.158744,0.349075,0.155707,-0.366084,-0.505049,-0.222841,0.749166,41.50734189165181,0.8460784911448874,21.655900110539434,14.109568065071846,-9.274583148844222,0.9699162780818398
4.838252782821655,1.69643,-3.35357,0.537394,-0.523916,0.453249,-0.311606,0.138492,0.410393,0.555991,0.305196,0.660831,0.495808,-0.473637,0.158744,0.349075,0.155707,-0.366084,-0.505049,-0.222841,0.749166,41.50734189165181,0.8460784911448874,21.655900110539434,14.109568065071846,-9.274583148844222,0.9699162780818398
4.870398044586182,2.28078,-3.75986,0.767091,-0.600612,0.363009,-0.354307,0.13863,0.410381,0.555933,0.305473,0.661117,0.494623,-0.474298,0.160999,0.348615,0.156016,-0.35848,-0.512407,-0.220059,0.748669,40.716502492194344,1.0429081200060053,22.391377257147436,13.789570014990781,-10.201078346792519,2.913465484060989
4.8713462352752686,2.28078,-3.75986,0.767091,-0.600612,0.363009,-0.354307,0.13863,0.410381,0.555933,0.305473,0.661117,0.494623,-0.474298,0.160999,0.348615,0.156016,-0.35848,-0.512407,-0.220059,0.748669,40.716502492194344,1.0429081200060053,22.391377257147436,13.789570014990781,-10.201078346792519,2.913465484060989
4.903760194778442,2.38519,-3.46562,0.759523,-0.603338,0.357088,-0.283975,0.138697,0.410271,0.555797,0.306806,0.660966,0.494517,-0.473758,0.164052,0.347344,0.156332,-0.3524,-0.513198,-0.211961,0.753336,40.93374725444905,0.5368875470507488,24.060880622588808,15.862278045758073,-9.981754070921234,1.1566203020857193
4.904714822769165,2.38519,-3.46562,0.759523,-0.603338,0.357088,-0.283975,0.138697,0.410271,0.555797,0.306806,0.660966,0.494517,-0.473758,0.164052,0.347344,0.156332,-0.3524,-0.513198,-0.211961,0.753336,40.93374725444905,0.5368875470507488,24.060880622588808,15.862278045758073,-9.981754070921234,1.1566203020857193
4.9206202030181885,4.07927,-3.27423,1.16172,-0.620523,0.0738193,-0.182158,0.13868,0.410278,0.555813,0.306594,0.661076,0.494493,-0.473768,0.165834,0.346846,0.156541,-0.349066,-0.517426,-0.211265,0.75219,40.53157958553325,0.7580509734561994,24.28798866679184,14.947706895469533,-9.76206534869495,2.356013394561848
4.9215617179870605,4.07927,-3.27423,1.16172,-0.620523,0.0738193,-0.182158,0.13868,0.410278,0.555813,0.306594,0.661076,0.494493,-0.473768,0.165834,0.346846,0.156541,-0.349066,-0.517426,-0.211265,0.75219,40.53157958553325,0.7580509734561994,24.28798866679184,14.947706895469533,-9.76206534869495,2.356013394561848
4.937008857727051,2.39878,-4.32054,0.884506,-0.744048,0.312185,-0.404246,0.13858,0.410327,0.555872,0.30579,0.660889,0.494602,-0.474434,0.168105,0.345756,0.156809,-0.341863,-0.519083,-0.206083,0.755786,40.468372930106774,0.505444742061331,25.540199280632084,15.507410802968822,-8.488562334653183,1.7970251217861204
4.9379589557647705,2.39878,-4.32054,0.884506,-0.744048,0.312185,-0.404246,0.13858,0.410327,0.555872,0.30579,0.660889,0.494602,-0.474434,0.168105,0.345756,0.156809,-0.341863,-0.519083,-0.206083,0.755786,40.468372930106774,0.505444742061331,25.540199280632084,15.507410802968822,-8.488562334653183,1.7970251217861204
4.953744411468506,5.69167,-3.32866,0.822491,-0.655335,0.000341627,-0.134169,0.138559,0.410328,0.555793,0.306934,0.660601,0.494215,-0.474499,0.16906,0.345256,0.156888,-0.339763,-0.519044,-0.203885,0.757354,40.41962910335646,0.26296449809886785,26.106960669495418,16.339444053688037,-8.287126399275785,1.3983060214886152
4.954687118530273,5.69167,-3.32866,0.822491,-0.655335,0.000341627,-0.134169,0.138559,0.410328,0.555793,0.306934,0.660601,0.494215,-0.474499,0.16906,0.345256,0.156888,-0.339763,-0.519044,-0.203885,0.757354,40.41962910335646,0.26296449809886785,26.106960669495418,16.339444053688037,-8.287126399275785,1.3983060214886152
4.97045373916626,3.10317,-4.01493,1.21721,-0.759485,0.160206,-0.294944,0.138522,0.410355,0.555882,0.30555,0.661359,0.494128,-0.474427,0.170839,0.344078,0.156997,-0.333429,-0.520349,-0.19866,0.760655,40.54470114640636,0.009745990654355944,27.206050445897674,16.41579929801417,-7.478624595101667,0.7340316518452106
4.971414089202881,3.10317,-4.01493,1.21721,-0.759485,0.160206,-0.294944,0.138522,0.410355,0.555882,0.30555,0.661359,0.494128,-0.474427,0.170839,0.344078,0.156997,-0.333429,-0.520349,-0.19866,0.760655,40.54470114640636,0.009745990654355944,27.206050445897674,16.41579929801417,-7.478624595101667,0.7340316518452106
5.003955602645874,2.60459,-4.14777,2.16496,-0.840246,0.0555465,-0.283355,0.138565,0.410326,0.555719,0.306521,0.661025,0.494043,-0.474355,0.174789,0.34216,0.15722,-0.324939,-0.528053,-0.191187,0.760935,40.0549713790273,0.2144928514488145,28.56129071857283,16.783077060646637,-8.280096166522329,2.0503758117907536
5.004908561706543,2.60459,-4.14777,2.16496,-0.840246,0.0555465,-0.283355,0.138565,0.410326,0.555719,0.306521,0.661025,0.494043,-0.474355,0.174789,0.34216,0.15722,-0.324939,-0.528053,-0.191187,0.760935,40.0549713790273,0.2144928514488145,28.56129071857283,16.783077060646637,-8.280096166522329,2.0503758117907536
5.020440340042114,2.60447,-3.58275,1.70188,-0.811693,0.175717,-0.140148,0.138649,0.410256,0.555609,0.306553,0.661156,0.49394,-0.474259,0.176194,0.341639,0.157649,-0.321272,-0.529587,-0.190134,0.761689,39.83496524583185,0.09378915957478663,29.057097944325893,16.415432274685088,-7.7562573818056055,1.908215618088028
5.0213892459869385,2.60447,-3.58275,1.70188,-0.811693,0.175717,-0.140148,0.138649,0.410256,0.555609,0.306553,0.661156,0.49394,-0.474259,0.176194,0.341639,0.157649,-0.321272,-0.529587,-0.190134,0.761689,39.83496524583185,0.09378915957478663,29.057097944325893,16.415432274685088,-7.7562573818056055,1.908215618088028
5.037032127380371,2.44025,-3.76287,1.48957,-0.851634,0.262866,-0.155422,0.138779,0.410144,0.555525,0.307354,0.660809,0.493972,-0.474192,0.177936,0.340705,0.158405,-0.319129,-0.531382,-0.185866,0.762393,39.86371852667719,0.11723228539039376,29.659585291702296,17.16846148129298,-8.09466240862936,1.0829866282930718
5.037984609603882,2.44025,-3.76287,1.48957,-0.851634,0.262866,-0.155422,0.138779,0.410144,0.555525,0.307354,0.660809,0.493972,-0.474192,0.177936,0.340705,0.158405,-0.319129,-0.531382,-0.185866,0.762393,39.86371852667719,0.11723228539039376,29.659585291702296,17.16846148129298,-8.09466240862936,1.0829866282930718
5.053671598434448,2.61646,-3.59299,1.45138,-0.840127,0.237232,-0.107896,0.138839,0.41016,0.555486,0.30744,0.661165,0.492975,-0.474675,0.178824,0.340649,0.1588,-0.317313,-0.532573,-0.186288,0.762217,39.58759201642049,0.1139242167574174,29.674424602602148,16.911049591752775,-7.435389846782002,1.2620574829591007
5.054659366607666,2.61646,-3.59299,1.45138,-0.840127,0.237232,-0.107896,0.138839,0.41016,0.555486,0.30744,0.661165,0.492975,-0.474675,0.178824,0.340649,0.1588,-0.317313,-0.532573,-0.186288,0.762217,39.58759201642049,0.1139242167574174,29.674424602602148,16.911049591752775,-7.435389846782002,1.2620574829591007
5.0704851150512695,2.82543,-3.72158,1.40556,-0.859093,0.226689,-0.096916,0.138838,0.410158,0.555578,0.307247,0.661484,0.49302,-0.47431,0.180198,0.340427,0.159594,-0.317336,-0.535411,-0.184607,0.760627,39.58523111399575,0.4483787752271368,29.597696905900445,16.651109331720317,-7.700738727828265,1.1291275559511216
5.07144570350647,2.82543,-3.72158,1.40556,-0.859093,0.226689,-0.096916,0.138838,0.410158,0.555578,0.307247,0.661484,0.49302,-0.47431,0.180198,0.340427,0.159594,-0.317336,-0.535411,-0.184607,0.760627,39.58523111399575,0.4483787752271368,29.597696905900445,16.651109331720317,-7.700738727828265,1.1291275559511216
5.104093551635742,2.90625,-3.63163,1.24519,-0.850198,0.252659,-0.0365802,0.138797,0.410189,0.555687,0.307409,0.661495,0.492883,-0.474331,0.182091,0.339826,0.16051,-0.310971,-0.541062,-0.183226,0.75959,38.93542656249663,0.6253761894991561,30.19296636553138,15.738956986461028,-8.170001851108832,2.3483673555253306
5.105035066604614,2.90625,-3.63163,1.24519,-0.850198,0.252659,-0.0365802,0.138797,0.410189,0.555687,0.307409,0.661495,0.492883,-0.474331,0.182091,0.339826,0.16051,-0.310971,-0.541062,-0.183226,0.75959,38.93542656249663,0.6253761894991561,30.19296636553138,15.738956986461028,-8.170001851108832,2.3483673555253306
5.120459794998169,2.97581,-3.74011,1.21961,-0.880832,0.244817,-0.0149097,0.138772,0.410179,0.555695,0.307505,0.660928,0.493907,-0.473995,0.184215,0.338732,0.161268,-0.307384,-0.54253,-0.178387,0.761153,39.04869822367288,0.5690571510367116,31.100150686147444,16.249786142486762,-7.793345753173816,1.2397169077686785
5.121419429779053,2.97581,-3.74011,1.21961,-0.880832,0.244817,-0.0149097,0.138772,0.410179,0.555695,0.307505,0.660928,0.493907,-0.473995,0.184215,0.338732,0.161268,-0.307384,-0.54253,-0.178387,0.761153,39.04869822367288,0.5690571510367116,31.100150686147444,16.249786142486762,-7.793345753173816,1.2397169077686785
5.13700795173645,3.13413,-3.75592,1.48629,-0.883045,0.191409,0.040179,0.138806,0.410158,0.555585,0.307477,0.660094,0.494808,-0.474235,0.186393,0.338086,0.162113,-0.308122,-0.544701,-0.176066,0.759844,39.119289957833274,0.9740493004010662,31.09291487347853,16.29938926848226,-7.0479813249732475,0.6293175871412724
5.137970209121704,3.13413,-3.75592,1.48629,-0.883045,0.191409,0.040179,0.138806,0.410158,0.555585,0.307477,0.660094,0.494808,-0.474235,0.186393,0.338086,0.162113,-0.308122,-0.544701,-0.176066,0.759844,39.119289957833274,0.9740493004010662,31.09291487347853,16.29938926848226,-7.0479813249732475,0.6293175871412724
5.153686761856079,3.01349,-3.52882,1.53404,-0.853324,0.206796,0.0994856,0.138835,0.410147,0.55556,0.307322,0.661454,0.49291,-0.474417,0.187002,0.3377,0.162282,-0.306828,-0.547368,-0.175186,0.758654,38.925730782404074,1.156999398752593,30.922712273531886,15.90118079376842,-7.438484012335363,1.3933976711925165
5.154649972915649,3.01349,-3.52882,1.53404,-0.853324,0.206796,0.0994856,0.138835,0.410147,0.55556,0.307322,0.661454,0.49291,-0.474417,0.187002,0.3377,0.162282,-0.306828,-0.547368,-0.175186,0.758654,38.925730782404074,1.156999398752593,30.922712273531886,15.90118079376842,-7.438484012335363,1.3933976711925165
5.170797109603882,3.79608,-3.74221,1.85807,-0.854541,0.0647935,0.132381,0.138834,0.41011,0.555519,0.307469,0.661066,0.493481,-0.474269,0.188681,0.337144,0.162858,-0.301766,-0.5501,-0.173348,0.75913,38.60477366259238,1.1190071464512912,31.652158287547728,15.71398429971918,-7.2576859062732435,1.5107301983167134
5.171760559082031,3.79608,-3.74221,1.85807,-0.854541,0.0647935,0.132381,0.138834,0.41011,0.555519,0.307469,0.661066,0.493481,-0.474269,0.188681,0.337144,0.162858,-0.301766,-0.5501,-0.173348,0.75913,38.60477366259238,1.1190071464512912,31.652158287547728,15.71398429971918,-7.2576859062732435,1.5107301983167134
5.204033374786377,4.36961,-3.11102,2.45137,-0.787024,-0.0843856,0.376157,0.138842,0.41011,0.555408,0.305976,0.661355,0.493764,-0.474537,0.190907,0.336116,0.163749,-0.299201,-0.551693,-0.16902,0.759965,38.81699240355365,1.2883080480836437,32.07802312005645,15.653879708569397,-5.9993886495966695,0.16202474983946802
5.204981565475464,4.36961,-3.11102,2.45137,-0.787024,-0.0843856,0.376157,0.138842,0.41011,0.555408,0.305976,0.661355,0.493764,-0.474537,0.190907,0.336116,0.163749,-0.299201,-0.551693,-0.16902,0.759965,38.81699240355365,1.2883080480836437,32.07802312005645,15.653879708569397,-5.9993886495966695,0.16202474983946802
5.220548629760742,2.34951,-4.01292,2.36618,-0.897129,0.196956,0.263617,0.138948,0.410049,0.555231,0.306293,0.661477,0.492988,-0.474969,0.193454,0.334617,0.164602,-0.292962,-0.557385,-0.165659,0.758981,38.27619530097776,1.5444129874139805,32.70676607489109,15.073343673037828,-6.222991173437903,1.101673403539901
5.221496820449829,2.34951,-4.01292,2.36618,-0.897129,0.196956,0.263617,0.138948,0.410049,0.555231,0.306293,0.661477,0.492988,-0.474969,0.193454,0.334617,0.164602,-0.292962,-0.557385,-0.165659,0.758981,38.27619530097776,1.5444129874139805,32.70676607489109,15.073343673037828,-6.222991173437903,1.101673403539901
5.236927509307861,4.50649,-2.38498,2.12707,-0.740806,0.105086,0.724947,0.138999,0.409888,0.555022,0.308424,0.66093,0.4928,-0.474546,0.196262,0.333281,0.165331,-0.28498,-0.565688,-0.161522,0.756766,37.44602555802764,1.8525082242060664,33.73073509158101,15.185415548619265,-8.250194287737393,3.102798859465645
5.2378785610198975,4.50649,-2.38498,2.12707,-0.740806,0.105086,0.724947,0.138999,0.409888,0.555022,0.308424,0.66093,0.4928,-0.474546,0.196262,0.333281,0.165331,-0.28498,-0.565688,-0.161522,0.756766,37.44602555802764,1.8525082242060664,33.73073509158101,15.185415548619265,-8.250194287737393,3.102798859465645
5.253844738006592,2.51362,-3.56021,1.71489,-0.862044,0.421014,0.553062,0.138999,0.409888,0.555022,0.308424,0.66093,0.4928,-0.474546,0.196262,0.333281,0.165331,-0.28498,-0.565688,-0.161522,0.756766,37.44602555802764,1.8525082242060664,33.73073509158101,15.185415548619265,-8.250194287737393,3.102798859465645
5.254789113998413,2.51362,-3.56021,1.71489,-0.862044,0.421014,0.553062,0.138999,0.409888,0.555022,0.308424,0.66093,0.4928,-0.474546,0.196262,0.333281,0.165331,-0.28498,-0.565688,-0.161522,0.756766,37.44602555802764,1.8525082242060664,33.73073509158101,15.185415548619265,-8.250194287737393,3.102798859465645
5.270857572555542,1.61471,-3.69046,1.7098,-0.890379,0.538268,0.580848,0.13921,0.409787,0.55504,0.307956,0.661818,0.492534,-0.473889,0.198571,0.332881,0.166124,-0.278379,-0.570598,-0.160595,0.755733,36.9205962013232,1.9558801630484535,34.28544303446211,14.18593829135211,-8.258223876352238,3.8648413571197557
5.271834850311279,1.61471,-3.69046,1.7098,-0.890379,0.538268,0.580848,0.13921,0.409787,0.55504,0.307956,0.661818,0.492534,-0.473889,0.198571,0.332881,0.166124,-0.278379,-0.570598,-0.160595,0.755733,36.9205962013232,1.9558801630484535,34.28544303446211,14.18593829135211,-8.258223876352238,3.8648413571197557
5.316995143890381,3.84087,-2.52301,0.902436,-0.703398,0.563684,0.937388,0.139497,0.409709,0.555222,0.306265,0.662944,0.491623,-0.474356,0.201411,0.332365,0.167716,-0.284819,-0.569934,-0.157589,0.754466,37.69814612395523,2.473055420579284,33.39541481667601,14.496093466012743,-5.597153598123492,1.273305500408307
5.319156646728516,3.84087,-2.52301,0.902436,-0.703398,0.563684,0.937388,0.139497,0.409709,0.555222,0.306265,0.662944,0.491623,-0.474356,0.201411,0.332365,0.167716,-0.284819,-0.569934,-0.157589,0.754466,37.69814612395523,2.473055420579284,33.39541481667601,14.496093466012743,-5.597153598123492,1.273305500408307
5.33741307258606,4.9151,-2.08251,1.01748,-0.659648,0.393492,1.02108,0.139596,0.409665,0.555469,0.307347,0.661572,0.492229,-0.474944,0.203651,0.3327,0.168434,-0.28111,-0.575567,-0.157653,0.751562,36.966174922567156,2.9419019015028116,33.6337678095382,14.882936477828993,-5.827873476135887,3.166326409592685
5.338533639907837,4.9151,-2.08251,1.01748,-0.659648,0.393492,1.02108,0.139596,0.409665,0.555469,0.307347,0.661572,0.492229,-0.474944,0.203651,0.3327,0.168434,-0.28111,-0.575567,-0.157653,0.751562,36.966174922567156,2.9419019015028116,33.6337678095382,14.882936477828993,-5.827873476135887,3.166326409592685
5.3706676959991455,2.6951,-1.74227,0.5285,-0.631475,0.77299,1.06192,0.139697,0.40961,0.555469,0.307077,0.661397,0.492692,-0.474882,0.20512,0.332199,0.169399,-0.281746,-0.57157,-0.154913,0.754936,37.51327591079672,2.532245526670382,34.062548707045806,15.8226684323159,-3.584086727832093,-0.034272006986950654
5.371617078781128,2.6951,-1.74227,0.5285,-0.631475,0.77299,1.06192,0.139697,0.40961,0.555469,0.307077,0.661397,0.492692,-0.474882,0.20512,0.332199,0.169399,-0.281746,-0.57157,-0.154913,0.754936,37.51327591079672,2.532245526670382,34.062548707045806,15.8226684323159,-3.584086727832093,-0.034272006986950654
5.386886119842529,2.1973,-1.07231,0.319161,-0.557422,0.828362,1.07487,0.139677,0.409584,0.55544,0.306608,0.662323,0.491908,-0.474707,0.205894,0.332481,0.169374,-0.27621,-0.579601,-0.156455,0.750528,36.606350089640806,3.125013842028944,33.988182546284364,14.331999682507663,-5.316315879677658,3.3607042806147964
5.387830018997192,2.1973,-1.07231,0.319161,-0.557422,0.828362,1.07487,0.139677,0.409584,0.55544,0.306608,0.662323,0.491908,-0.474707,0.205894,0.332481,0.169374,-0.27621,-0.579601,-0.156455,0.750528,36.606350089640806,3.125013842028944,33.988182546284364,14.331999682507663,-5.316315879677658,3.3607042806147964
5.400298118591309,2.1973,-1.07231,0.319161,-0.557422,0.828362,1.07487,0.139677,0.409584,0.55544,0.306608,0.662323,0.491908,-0.474707,0.205894,0.332481,0.169374,-0.27621,-0.579601,-0.156455,0.750528,36.606350089640806,3.125013842028944,33.988182546284364,14.331999682507663,-5.316315879677658,3.3607042806147964
5.420398712158203,2.0215,-1.02316,-0.01039,-0.563415,0.818798,0.917569,0.139532,0.409663,0.555442,0.306823,0.663356,0.49138,-0.473671,0.206262,0.33271,0.169577,-0.273366,-0.579176,-0.157148,0.751752,36.47909414527859,2.7199428764534965,34.36605758103265,13.938075111348029,-4.9256555173095755,2.858523473257364
5.421345233917236,2.0215,-1.02316,-0.01039,-0.563415,0.818798,0.917569,0.139532,0.409663,0.555442,0.306823,0.663356,0.49138,-0.473671,0.206262,0.33271,0.169577,-0.273366,-0.579176,-0.157148,0.751752,36.47909414527859,2.7199428764534965,34.36605758103265,13.938075111348029,-4.9256555173095755,2.858523473257364
5.437018632888794,2.33676,-1.04454,-0.505535,-0.571735,0.803766,0.782988,0.139477,0.409691,0.555589,0.309494,0.661122,0.491648,-0.474777,0.206143,0.332905,0.169576,-0.282933,-0.576144,-0.156493,0.750678,36.94454937536723,2.9855647344599854,33.61739487215817,16.23278064775659,-4.671730952081401,2.2280462463526165
5.437977075576782,2.33676,-1.04454,-0.505535,-0.571735,0.803766,0.782988,0.139477,0.409691,0.555589,0.309494,0.661122,0.491648,-0.474777,0.206143,0.332905,0.169576,-0.282933,-0.576144,-0.156493,0.750678,36.94454937536723,2.9855647344599854,33.61739487215817,16.23278064775659,-4.671730952081401,2.2280462463526165
5.470632553100586,1.85091,-0.903095,-1.20417,-0.513078,0.905448,0.568461,0.139517,0.409684,0.555734,0.308979,0.661715,0.491451,-0.474491,0.205438,0.333169,0.169668,-0.283582,-0.573208,-0.156867,0.7526,37.209939707601805,2.6470341315259547,33.650941806852224,16.33190341153917,-4.174907741458729,0.9777692639962092
5.471581697463989,1.85091,-0.903095,-1.20417,-0.513078,0.905448,0.568461,0.139517,0.409684,0.555734,0.308979,0.661715,0.491451,-0.474491,0.205438,0.333169,0.169668,-0.283582,-0.573208,-0.156867,0.7526,37.209939707601805,2.6470341315259547,33.650941806852224,16.33190341153917,-4.174907741458729,0.9777692639962092
5.48694920539856,1.10621,-0.917358,-1.56822,-0.458407,0.907918,0.285829,0.139391,0.409846,0.555942,0.307557,0.661763,0.492649,-0.474105,0.204481,0.334509,0.169611,-0.288132,-0.570968,-0.160138,0.751886,37.53529847840834,2.766820025645513,32.93536555955338,15.718515820795261,-3.3636565141383397,0.3641677009926725
5.487896919250488,1.10621,-0.917358,-1.56822,-0.458407,0.907918,0.285829,0.139391,0.409846,0.555942,0.307557,0.661763,0.492649,-0.474105,0.204481,0.334509,0.169611,-0.288132,-0.570968,-0.160138,0.751886,37.53529847840834,2.766820025645513,32.93536555955338,15.718515820795261,-3.3636565141383397,0.3641677009926725
5.503697156906128,1.29755,-0.662308,-1.56774,-0.411451,0.806848,0.229426,0.139292,0.409923,0.55606,0.306577,0.661973,0.49291,-0.474175,0.204137,0.335217,0.169369,-0.280368,-0.574697,-0.16233,0.751509,36.745853096159124,2.735705648898332,33.4686006479339,14.69266016167302,-4.085410405467132,2.4344109589608385
5.504652261734009,1.29755,-0.662308,-1.56774,-0.411451,0.806848,0.229426,0.139292,0.409923,0.55606,0.306577,0.661973,0.49291,-0.474175,0.204137,0.335217,0.169369,-0.280368,-0.574697,-0.16233,0.751509,36.745853096159124,2.735705648898332,33.4686006479339,14.69266016167302,-4.085410405467132,2.4344109589608385
5.520730495452881,1.68913,-0.78809,-1.02031,-0.423395,0.561018,0.0477454,0.139224,0.410048,0.556213,0.307076,0.661109,0.494139,-0.473777,0.203457,0.336423,0.169422,-0.286189,-0.576799,-0.166281,0.746826,36.63816024093162,3.3795192370499283,32.436370901194984,13.879767544534452,-5.209149571181621,3.9158793801727536
5.521693229675293,1.68913,-0.78809,-1.02031,-0.423395,0.561018,0.0477454,0.139224,0.410048,0.556213,0.307076,0.661109,0.494139,-0.473777,0.203457,0.336423,0.169422,-0.286189,-0.576799,-0.166281,0.746826,36.63816024093162,3.3795192370499283,32.436370901194984,13.879767544534452,-5.209149571181621,3.9158793801727536
5.537164688110352,1.52011,-1.07961,-1.27182,-0.433516,0.606298,-0.112607,0.13912,0.410078,0.556296,0.307402,0.661831,0.492829,-0.473923,0.201639,0.337473,0.168963,-0.288376,-0.574302,-0.167782,0.747573,36.74346339263375,3.140319824576471,32.104883704414085,14.714938224893046,-5.72805325120974,3.693668883460621
5.538103818893433,1.52011,-1.07961,-1.27182,-0.433516,0.606298,-0.112607,0.13912,0.410078,0.556296,0.307402,0.661831,0.492829,-0.473923,0.201639,0.337473,0.168963,-0.288376,-0.574302,-0.167782,0.747573,36.74346339263375,3.140319824576471,32.104883704414085,14.714938224893046,-5.72805325120974,3.693668883460621
5.570527076721191,1.20602,-1.2021,-1.49456,-0.376667,0.61263,-0.261465,0.138982,0.410123,0.556235,0.307047,0.661892,0.493949,-0.472902,0.199826,0.339168,0.168662,-0.292192,-0.570087,-0.172829,0.748168,36.96482790789354,2.8109346266459942,31.631449925092674,14.217925802631665,-5.218178189910168,2.614199702779451
5.571483850479126,1.20602,-1.2021,-1.49456,-0.376667,0.61263,-0.261465,0.138982,0.410123,0.556235,0.307047,0.661892,0.493949,-0.472902,0.199826,0.339168,0.168662,-0.292192,-0.570087,-0.172829,0.748168,36.96482790789354,2.8109346266459942,31.631449925092674,14.217925802631665,-5.218178189910168,2.614199702779451
5.586981773376465,0.912309,-0.931172,-1.34041,-0.307792,0.563852,-0.25784,0.138765,0.410233,0.55629,0.307829,0.661243,0.494241,-0.472995,0.197321,0.342,0.168432,-0.300475,-0.563475,-0.178474,0.74857,37.33143694247466,2.523078304879288,30.652793164888834,15.692082921232258,-4.40880368422467,0.9394450504394536
5.58794093132019,0.912309,-0.931172,-1.34041,-0.307792,0.563852,-0.25784,0.138765,0.410233,0.55629,0.307829,0.661243,0.494241,-0.472995,0.197321,0.342,0.168432,-0.300475,-0.563475,-0.178474,0.74857,37.33143694247466,2.523078304879288,30.652793164888834,15.692082921232258,-4.40880368422467,0.9394450504394536
5.604026794433594,0.0478959,-0.530942,-1.17071,-0.243467,0.610083,-0.20885,0.138725,0.410242,0.55631,0.307697,0.661226,0.494168,-0.473182,0.196542,0.343892,0.168446,-0.298344,-0.567981,-0.184739,0.744486,36.39007537411159,2.8955141207475372,30.128037897739606,14.354111523369252,-5.475722491024589,3.708819165058081
5.604991912841797,0.0478959,-0.530942,-1.17071,-0.243467,0.610083,-0.20885,0.138725,0.410242,0.55631,0.307697,0.661226,0.494168,-0.473182,0.196542,0.343892,0.168446,-0.298344,-0.567981,-0.184739,0.744486,36.39007537411159,2.8955141207475372,30.128037897739606,14.354111523369252,-5.475722491024589,3.708819165058081
5.62033748626709,-0.36051,-0.655601,-1.47323,-0.230892,0.711859,-0.249577,0.138616,0.410329,0.556321,0.307509,0.661641,0.494123,-0.472771,0.193943,0.346968,0.168809,-0.314375,-0.558559,-0.193833,0.742704,37.22462937443476,2.832540068658953,27.873919099315238,14.498381759807426,-3.034333233115941,0.6440211563980869
5.621283054351807,-0.36051,-0.655601,-1.47323,-0.230892,0.711859,-0.249577,0.138616,0.410329,0.556321,0.307509,0.661641,0.494123,-0.472771,0.193943,0.346968,0.168809,-0.314375,-0.558559,-0.193833,0.742704,37.22462937443476,2.832540068658953,27.873919099315238,14.498381759807426,-3.034333233115941,0.6440211563980869
5.637126922607422,0.00671959,-0.698606,-1.65489,-0.205888,0.700091,-0.258761,0.138601,0.41034,0.556289,0.307611,0.66105,0.494561,-0.473073,0.190099,0.352694,0.168735,-0.321279,-0.555604,-0.209933,0.737572,36.43194557806626,2.904556263198593,25.936339712642752,14.075807149989519,-2.5771184097074635,1.8948520014838
5.6380603313446045,0.00671959,-0.698606,-1.65489,-0.205888,0.700091,-0.258761,0.138601,0.41034,0.556289,0.307611,0.66105,0.494561,-0.473073,0.190099,0.352694,0.168735,-0.321279,-0.555604,-0.209933,0.737572,36.43194557806626,2.904556263198593,25.936339712642752,14.075807149989519,-2.5771184097074635,1.8948520014838
5.670724391937256,-0.447903,-0.430158,-1.4456,-0.122852,0.670972,-0.207001,0.138764,0.41024,0.556361,0.307741,0.661484,0.494214,-0.472745,0.185756,0.358372,0.168777,-0.333722,-0.548546,-0.225701,0.732657,36.28376191578246,2.835180058009267,23.446400962400478,14.346732518946341,-1.501692269022553,1.4143024863621134
5.671675682067871,-0.447903,-0.430158,-1.4456,-0.122852,0.670972,-0.207001,0.138764,0.41024,0.556361,0.307741,0.661484,0.494214,-0.472745,0.185756,0.358372,0.168777,-0.333722,-0.548546,-0.225701,0.732657,36.28376191578246,2.835180058009267,23.446400962400478,14.346732518946341,-1.501692269022553,1.4143024863621134
5.68694281578064,-0.0657444,-0.83166,-1.47447,-0.144218,0.61252,-0.273675,0.138902,0.410219,0.556424,0.307256,0.661885,0.494259,-0.472451,0.181228,0.364498,0.169402,-0.344519,-0.547476,-0.243614,0.722654,35.457659799197394,3.4161210014596333,20.584407866414566,12.954094826192064,-1.9393767134520568,3.2640020287484957
5.687925815582275,-0.0657444,-0.83166,-1.47447,-0.144218,0.61252,-0.273675,0.138902,0.410219,0.556424,0.307256,0.661885,0.494259,-0.472451,0.181228,0.364498,0.169402,-0.344519,-0.547476,-0.243614,0.722654,35.457659799197394,3.4161210014596333,20.584407866414566,12.954094826192064,-1.9393767134520568,3.2640020287484957
5.703828811645508,-0.308691,-0.634094,-1.36494,-0.107895,0.614308,-0.239919,0.138951,0.410168,0.556441,0.307995,0.660992,0.494121,-0.473363,0.179559,0.366437,0.169614,-0.351036,-0.544593,-0.24882,0.719917,35.38582108744218,3.607447053775462,19.456262563748584,13.91797064698929,-1.4414092010341673,3.1017618972599466
5.704786062240601,-0.308691,-0.634094,-1.36494,-0.107895,0.614308,-0.239919,0.138951,0.410168,0.556441,0.307995,0.660992,0.494121,-0.473363,0.179559,0.366437,0.169614,-0.351036,-0.544593,-0.24882,0.719917,35.38582108744218,3.607447053775462,19.456262563748584,13.91797064698929,-1.4414092010341673,3.1017618972599466
5.7202582359313965,-0.353175,-0.479294,-1.46689,-0.089354,0.630902,-0.208287,0.138973,0.41017,0.556436,0.30815,0.660914,0.494254,-0.473232,0.177727,0.368543,0.169835,-0.35442,-0.542898,-0.25457,0.717525,35.18221150327271,3.616057044591908,18.67161026099448,13.94666221816101,-1.5281172153599967,3.207588004100379
5.721208572387695,-0.353175,-0.479294,-1.46689,-0.089354,0.630902,-0.208287,0.138973,0.41017,0.556436,0.30815,0.660914,0.494254,-0.473232,0.177727,0.368543,0.169835,-0.35442,-0.542898,-0.25457,0.717525,35.18221150327271,3.616057044591908,18.67161026099448,13.94666221816101,-1.5281172153599967,3.207588004100379
5.737108945846558,-0.25931,-0.823479,-1.91431,-0.107434,0.70637,-0.277061,0.138969,0.410156,0.556437,0.308101,0.660983,0.4941,-0.473329,0.169819,0.377068,0.17158,-0.366625,-0.5335,-0.274304,0.711141,34.76948345862909,3.352083827010284,15.925903802038675,15.811177791743184,-1.8071804174925292,1.234410518700419
5.7380616664886475,-0.25931,-0.823479,-1.91431,-0.107434,0.70637,-0.277061,0.138969,0.410156,0.556437,0.308101,0.660983,0.4941,-0.473329,0.169819,0.377068,0.17158,-0.366625,-0.5335,-0.274304,0.711141,34.76948345862909,3.352083827010284,15.925903802038675,15.811177791743184,-1.8071804174925292,1.234410518700419
5.770497560501099,-0.200754,-0.548574,-2.11988,-0.0442064,0.726015,-0.197877,0.138913,0.410299,0.556608,0.307782,0.661016,0.494075,-0.473517,0.163481,0.382918,0.172586,-0.378906,-0.533308,-0.293134,0.697198,33.66221779468222,4.23481793131747,12.65290452290371,13.96434908595377,-3.149594410950896,4.214030894945466
5.77145528793335,-0.200754,-0.548574,-2.11988,-0.0442064,0.726015,-0.197877,0.138913,0.410299,0.556608,0.307782,0.661016,0.494075,-0.473517,0.163481,0.382918,0.172586,-0.378906,-0.533308,-0.293134,0.697198,33.66221779468222,4.23481793131747,12.65290452290371,13.96434908595377,-3.149594410950896,4.214030894945466
5.786912202835083,-0.436381,-0.420017,-1.83365,-0.0112716,0.696176,-0.17684,0.138776,0.410338,0.556708,0.306943,0.661126,0.494561,-0.473401,0.157226,0.38772,0.174419,-0.397735,-0.523396,-0.304335,0.689379,34.31329582138991,4.750200645280815,9.482243561224253,15.61070810249003,-3.0731318564438634,0.5449115861849916
5.787869930267334,-0.436381,-0.420017,-1.83365,-0.0112716,0.696176,-0.17684,0.138776,0.410338,0.556708,0.306943,0.661126,0.494561,-0.473401,0.157226,0.38772,0.174419,-0.397735,-0.523396,-0.304335,0.689379,34.31329582138991,4.750200645280815,9.482243561224253,15.61070810249003,-3.0731318564438634,0.5449115861849916
5.804145336151123,-0.354697,-0.187256,-1.77391,0.0131073,0.677919,-0.129976,0.138776,0.410338,0.556708,0.306943,0.661126,0.494561,-0.473401,0.157226,0.38772,0.174419,-0.397735,-0.523396,-0.304335,0.689379,34.31329582138991,4.750200645280815,9.482243561224253,15.61070810249003,-3.0731318564438634,0.5449115861849916
5.805104970932007,-0.354697,-0.187256,-1.77391,0.0131073,0.677919,-0.129976,0.138776,0.410338,0.556708,0.306943,0.661126,0.494561,-0.473401,0.157226,0.38772,0.174419,-0.397735,-0.523396,-0.304335,0.689379,34.31329582138991,4.750200645280815,9.482243561224253,15.61070810249003,-3.0731318564438634,0.5449115861849916
5.82060170173645,-0.719297,-0.548765,-1.88418,-0.0124227,0.748892,-0.214841,0.138639,0.410361,0.556496,0.30805,0.661667,0.493543,-0.472988,0.150976,0.392435,0.176273,-0.404915,-0.523949,-0.317906,0.67857,33.216714990470685,5.152247060427824,7.376677661093604,14.732663139781701,-6.3901259626147615,1.8097737428100453
5.82155179977417,-0.719297,-0.548765,-1.88418,-0.0124227,0.748892,-0.214841,0.138639,0.410361,0.556496,0.30805,0.661667,0.493543,-0.472988,0.150976,0.392435,0.176273,-0.404915,-0.523949,-0.317906,0.67857,33.216714990470685,5.152247060427824,7.376677661093604,14.732663139781701,-6.3901259626147615,1.8097737428100453
5.837136745452881,-0.431363,-0.635331,-2.27961,-0.00854145,0.793454,-0.217729,0.138583,0.410377,0.556383,0.3074,0.661875,0.493804,-0.472848,0.144005,0.397191,0.17827,-0.413617,-0.520696,-0.332383,0.668818,32.54078847997486,5.456411605922697,5.071434009365551,13.921637027639417,-8.189132175679749,1.6575633424715277
5.838080883026123,-0.431363,-0.635331,-2.27961,-0.00854145,0.793454,-0.217729,0.138583,0.410377,0.556383,0.3074,0.661875,0.493804,-0.472848,0.144005,0.397191,0.17827,-0.413617,-0.520696,-0.332383,0.668818,32.54078847997486,5.456411605922697,5.071434009365551,13.921637027639417,-8.189132175679749,1.6575633424715277
5.870521545410156,-0.566413,-0.411086,-2.13631,0.031629,0.780813,-0.15429,0.138629,0.410367,0.556545,0.308004,0.661722,0.493579,-0.472903,0.136476,0.401623,0.180261,-0.429352,-0.516583,-0.347676,0.654157,31.870988993822447,6.272786138104505,1.7280346343167134,13.455313188010093,-10.15225527163883,1.961794351908463
5.871485710144043,-0.566413,-0.411086,-2.13631,0.031629,0.780813,-0.15429,0.138629,0.410367,0.556545,0.308004,0.661722,0.493579,-0.472903,0.136476,0.401623,0.180261,-0.429352,-0.516583,-0.347676,0.654157,31.870988993822447,6.272786138104505,1.7280346343167134,13.455313188010093,-10.15225527163883,1.961794351908463
5.887654066085815,-1.18612,0.506848,-2.63897,0.1854,0.960404,0.0250628,0.138632,0.410375,0.556686,0.306419,0.661848,0.494436,-0.47286,0.129404,0.405684,0.18221,-0.439789,-0.511209,-0.362878,0.643094,31.35394334577961,6.629506132030064,-0.9114418443762711,12.334087625013218,-10.436048685483993,1.6833763767371726
5.888601779937744,-1.18612,0.506848,-2.63897,0.1854,0.960404,0.0250628,0.138632,0.410375,0.556686,0.306419,0.661848,0.494436,-0.47286,0.129404,0.405684,0.18221,-0.439789,-0.511209,-0.362878,0.643094,31.35394334577961,6.629506132030064,-0.9114418443762711,12.334087625013218,-10.436048685483993,1.6833763767371726
5.903706312179565,0.0151544,-0.176964,-2.6699,0.0951623,0.835127,-0.0863135,0.138731,0.410364,0.55672,0.307088,0.66109,0.494534,-0.473384,0.127318,0.406633,0.182604,-0.444283,-0.506986,-0.366818,0.64111,31.376985949316957,6.590087585619689,-1.6732137080800664,13.310620621391138,-10.090047935766036,1.0465527345103034
5.904687881469727,0.0151544,-0.176964,-2.6699,0.0951623,0.835127,-0.0863135,0.138731,0.410364,0.55672,0.307088,0.66109,0.494534,-0.473384,0.127318,0.406633,0.182604,-0.444283,-0.506986,-0.366818,0.64111,31.376985949316957,6.590087585619689,-1.6732137080800664,13.310620621391138,-10.090047935766036,1.0465527345103034
5.920570135116577,-0.236443,0.139675,-2.53074,0.147269,0.838937,-0.0209757,0.13882,0.410321,0.556789,0.306614,0.66158,0.494763,-0.472768,0.12378,0.408429,0.183373,-0.451686,-0.504832,-0.373197,0.633915,31.22123284635794,6.989288603915748,-3.2470134275350038,12.83917188598588,-11.091020940041211,0.854646256705407
5.921523809432983,-0.236443,0.139675,-2.53074,0.147269,0.838937,-0.0209757,0.13882,0.410321,0.556789,0.306614,0.66158,0.494763,-0.472768,0.12378,0.408429,0.183373,-0.451686,-0.504832,-0.373197,0.633915,31.22123284635794,6.989288603915748,-3.2470134275350038,12.83917188598588,-11.091020940041211,0.854646256705407
5.937096834182739,-0.659721,-0.128667,-2.55906,0.126619,0.90065,-0.0783315,0.138926,0.410259,0.55682,0.306416,0.660658,0.495448,-0.473467,0.120962,0.4099,0.184131,-0.454469,-0.502112,-0.378766,0.630776,30.96761244356741,7.0216147698222535,-3.992025539821558,13.146964528301389,-11.147523925778028,0.7912452857330396
5.938048839569092,-0.659721,-0.128667,-2.55906,0.126619,0.90065,-0.0783315,0.138926,0.410259,0.55682,0.306416,0.660658,0.495448,-0.473467,0.120962,0.4099,0.184131,-0.454469,-0.502112,-0.378766,0.630776,30.96761244356741,7.0216147698222535,-3.992025539821558,13.146964528301389,-11.147523925778028,0.7912452857330396
5.9706871509552,-0.518312,-0.174331,-1.86261,0.0955716,0.769168,-0.0680709,0.138958,0.410294,0.55667,0.306491,0.661246,0.494011,-0.474099,0.11682,0.412278,0.185188,-0.455366,-0.498105,-0.38762,0.62792,30.437846949807692,6.524415912034985,-4.819070208027878,13.452349792946674,-11.060150652871561,0.9007779024705829
5.971641540527344,-0.518312,-0.174331,-1.86261,0.0955716,0.769168,-0.0680709,0.138958,0.410294,0.55667,0.306491,0.661246,0.494011,-0.474099,0.11682,0.412278,0.185188,-0.455366,-0.498105,-0.38762,0.62792,30.437846949807692,6.524415912034985,-4.819070208027878,13.452349792946674,-11.060150652871561,0.9007779024705829
5.986979246139526,-0.854823,-0.135386,-1.30316,0.0941569,0.702782,-0.0524917,0.138914,0.410223,0.556519,0.308292,0.660956,0.494633,-0.472685,0.115064,0.413413,0.18567,-0.454568,-0.496937,-0.392724,0.626251,30.037561724346197,6.037021320782997,-4.7562501354193145,13.321467744705007,-11.965294472004123,1.3260207120981358
5.987926483154297,-0.854823,-0.135386,-1.30316,0.0941569,0.702782,-0.0524917,0.138914,0.410223,0.556519,0.308292,0.660956,0.494633,-0.472685,0.115064,0.413413,0.18567,-0.454568,-0.496937,-0.392724,0.626251,30.037561724346197,6.037021320782997,-4.7562501354193145,13.321467744705007,-11.965294472004123,1.3260207120981358
6.004091501235962,-0.8223,-0.411233,-1.26684,0.0551236,0.703,-0.107002,0.138914,0.410223,0.556519,0.308292,0.660956,0.494633,-0.472685,0.115064,0.413413,0.18567,-0.454568,-0.496937,-0.392724,0.626251,30.037561724346197,6.037021320782997,-4.7562501354193145,13.321467744705007,-11.965294472004123,1.3260207120981358
6.005051374435425,-0.8223,-0.411233,-1.26684,0.0551236,0.703,-0.107002,0.138914,0.410223,0.556519,0.308292,0.660956,0.494633,-0.472685,0.115064,0.413413,0.18567,-0.454568,-0.496937,-0.392724,0.626251,30.037561724346197,6.037021320782997,-4.7562501354193145,13.321467744705007,-11.965294472004123,1.3260207120981358
6.020415306091309,-0.696806,-0.357419,-1.53886,0.0687144,0.760926,-0.088796,0.138781,0.410259,0.556442,0.308349,0.661114,0.494437,-0.472633,0.114771,0.413676,0.185795,-0.451422,-0.497163,-0.391597,0.629045,30.07144257550218,5.73726334585707,-4.194391932650492,13.736451245698499,-12.72834012416111,0.9460615223643329
6.021374464035034,-0.696806,-0.357419,-1.53886,0.0687144,0.760926,-0.088796,0.138781,0.410259,0.556442,0.308349,0.661114,0.494437,-0.472633,0.114771,0.413676,0.185795,-0.451422,-0.497163,-0.391597,0.629045,30.07144257550218,5.73726334585707,-4.194391932650492,13.736451245698499,-12.72834012416111,0.9460615223643329
6.037062168121338,-0.652958,-0.726648,-1.5409,0.0267961,0.761673,-0.158031,0.138557,0.410353,0.556507,0.307654,0.662045,0.493616,-0.472641,0.11468,0.413825,0.185843,-0.451342,-0.497173,-0.391516,0.629146,30.124788987290845,5.717721724531923,-4.3247588632295555,13.553218868995174,-12.357616994292632,0.8106062279275483
6.038026332855225,-0.652958,-0.726648,-1.5409,0.0267961,0.761673,-0.158031,0.138557,0.410353,0.556507,0.307654,0.662045,0.493616,-0.472641,0.11468,0.413825,0.185843,-0.451342,-0.497173,-0.391516,0.629146,30.124788987290845,5.717721724531923,-4.3247588632295555,13.553218868995174,-12.357616994292632,0.8106062279275483
6.05692982673645,-0.378328,-0.634091,-1.46386,0.0398842,0.733287,-0.111012,0.138477,0.410373,0.556474,0.308016,0.661732,0.493552,-0.472909,0.114708,0.41386,0.185831,-0.451081,-0.497623,-0.390896,0.629363,30.075571444360637,5.7524741933041295,-4.229659426163776,13.866003498483463,-12.637596659123489,0.9008370545792339
6.057883024215698,-0.378328,-0.634091,-1.46386,0.0398842,0.733287,-0.111012,0.138477,0.410373,0.556474,0.308016,0.661732,0.493552,-0.472909,0.114708,0.41386,0.185831,-0.451081,-0.497623,-0.390896,0.629363,30.075571444360637,5.7524741933041295,-4.229659426163776,13.866003498483463,-12.637596659123489,0.9008370545792339
6.076512336730957,-0.392181,-0.813555,-1.35431,0.018085,0.735054,-0.13147,0.138469,0.410415,0.556415,0.307713,0.661633,0.493495,-0.473305,0.114855,0.413846,0.185816,-0.450164,-0.498498,-0.390796,0.62939,29.969988885299347,5.804906195328519,-4.166740376239374,13.632115511436092,-12.54499982543975,1.2201671822294382
6.077448129653931,-0.392181,-0.813555,-1.35431,0.018085,0.735054,-0.13147,0.138469,0.410415,0.556415,0.307713,0.661633,0.493495,-0.473305,0.114855,0.413846,0.185816,-0.450164,-0.498498,-0.390796,0.62939,29.969988885299347,5.804906195328519,-4.166740376239374,13.632115511436092,-12.54499982543975,1.2201671822294382
6.104552268981934,-0.53161,-0.683655,-1.23202,0.0279583,0.766025,-0.102683,0.138561,0.41032,0.556313,0.307899,0.661272,0.494125,-0.473031,0.117522,0.412887,0.185193,-0.442335,-0.502025,-0.38521,0.63555,30.03500401843952,5.476214454395779,-2.562707199844497,13.781222925440861,-13.206625882556644,1.5134403852757106
6.105669736862183,-0.53161,-0.683655,-1.23202,0.0279583,0.766025,-0.102683,0.138561,0.41032,0.556313,0.307899,0.661272,0.494125,-0.473031,0.117522,0.412887,0.185193,-0.442335,-0.502025,-0.38521,0.63555,30.03500401843952,5.476214454395779,-2.562707199844497,13.781222925440861,-13.206625882556644,1.5134403852757106
6.121218919754028,-0.212847,-1.13084,-1.25359,-0.0444637,0.733909,-0.189436,0.138703,0.410322,0.556404,0.307228,0.661233,0.494956,-0.472652,0.120238,0.411768,0.184525,-0.436824,-0.503799,-0.378657,0.641864,30.483054672241476,5.264446066483653,-1.2421571161370588,14.182046290052003,-13.316717124440524,0.8981506278254234
6.122338533401489,-0.212847,-1.13084,-1.25359,-0.0444637,0.733909,-0.189436,0.138703,0.410322,0.556404,0.307228,0.661233,0.494956,-0.472652,0.120238,0.411768,0.184525,-0.436824,-0.503799,-0.378657,0.641864,30.483054672241476,5.264446066483653,-1.2421571161370588,14.182046290052003,-13.316717124440524,0.8981506278254234
6.1370580196380615,0.0439262,-1.49927,-1.06397,-0.0980293,0.701452,-0.238111,0.138867,0.410255,0.556525,0.307977,0.661619,0.494359,-0.47225,0.125198,0.409521,0.183246,-0.425171,-0.508038,-0.368827,0.651992,30.693068273538938,4.6022429300071535,1.1784623733429453,14.725419195289781,-13.38059700994466,1.4192520924117693
6.138004541397095,0.0439262,-1.49927,-1.06397,-0.0980293,0.701452,-0.238111,0.138867,0.410255,0.556525,0.307977,0.661619,0.494359,-0.47225,0.125198,0.409521,0.183246,-0.425171,-0.508038,-0.368827,0.651992,30.693068273538938,4.6022429300071535,1.1784623733429453,14.725419195289781,-13.38059700994466,1.4192520924117693
6.170414686203003,-0.0642767,-1.80865,-1.57583,-0.150449,0.866766,-0.284251,0.138867,0.410234,0.556453,0.30817,0.661293,0.494272,-0.472671,0.131333,0.406345,0.181441,-0.411166,-0.511839,-0.355188,0.665436,31.160725340542697,3.8907283820057343,4.199533842481449,16.010632388260618,-12.581601244052752,1.3181367614322155
6.171361923217773,-0.0642767,-1.80865,-1.57583,-0.150449,0.866766,-0.284251,0.138867,0.410234,0.556453,0.30817,0.661293,0.494272,-0.472671,0.131333,0.406345,0.181441,-0.411166,-0.511839,-0.355188,0.665436,31.160725340542697,3.8907283820057343,4.199533842481449,16.010632388260618,-12.581601244052752,1.3181367614322155
6.18685507774353,0.0714407,-2.05757,-1.35013,-0.200663,0.815678,-0.338825,0.138769,0.410275,0.55647,0.308163,0.661155,0.494466,-0.472666,0.136647,0.403554,0.17976,-0.398699,-0.517526,-0.342922,0.674989,31.37388185972642,3.525458901976988,6.775451669074423,16.562716129873678,-12.669374713145736,2.1274277962618524
6.187812328338623,0.0714407,-2.05757,-1.35013,-0.200663,0.815678,-0.338825,0.138769,0.410275,0.55647,0.308163,0.661155,0.494466,-0.472666,0.136647,0.403554,0.17976,-0.398699,-0.517526,-0.342922,0.674989,31.37388185972642,3.525458901976988,6.775451669074423,16.562716129873678,-12.669374713145736,2.1274277962618524
6.203799724578857,0.0164518,-1.77991,-1.03168,-0.172342,0.752235,-0.294189,0.138739,0.410314,0.55643,0.308861,0.659613,0.49485,-0.473961,0.13838,0.402994,0.179262,-0.39258,-0.520891,-0.338181,0.67837,31.110410294931377,3.5162765337934694,7.936105268177894,17.690093041157223,-13.262038622423187,3.1809742613674716
6.204745292663574,0.0164518,-1.77991,-1.03168,-0.172342,0.752235,-0.294189,0.138739,0.410314,0.55643,0.308861,0.659613,0.49485,-0.473961,0.13838,0.402994,0.179262,-0.39258,-0.520891,-0.338181,0.67837,31.110410294931377,3.5162765337934694,7.936105268177894,17.690093041157223,-13.262038622423187,3.1809742613674716
6.2204015254974365,0.22313,-1.53608,-0.376562,-0.178423,0.59305,-0.240011,0.138612,0.410375,0.556427,0.307122,0.662262,0.494342,-0.471922,0.141363,0.40122,0.178479,-0.385136,-0.519655,-0.331066,0.68704,31.946930004005583,2.6474119581994833,9.516663960733318,17.51095678065656,-11.908403080627723,1.0099512370092738
6.2213523387908936,0.22313,-1.53608,-0.376562,-0.178423,0.59305,-0.240011,0.138612,0.410375,0.556427,0.307122,0.662262,0.494342,-0.471922,0.141363,0.40122,0.178479,-0.385136,-0.519655,-0.331066,0.68704,31.946930004005583,2.6474119581994833,9.516663960733318,17.51095678065656,-11.908403080627723,1.0099512370092738
6.2374913692474365,-0.540829,-1.59849,-0.142889,-0.207304,0.674842,-0.259162,0.138558,0.41036,0.556198,0.306562,0.661772,0.49398,-0.473351,0.14586,0.399124,0.177028,-0.366247,-0.528887,-0.322033,0.694577,31.135581227938502,2.278720770600414,12.304910411900169,17.20339008431967,-12.371092500797761,4.226157736178196
6.238473653793335,-0.540829,-1.59849,-0.142889,-0.207304,0.674842,-0.259162,0.138558,0.41036,0.556198,0.306562,0.661772,0.49398,-0.473351,0.14586,0.399124,0.177028,-0.366247,-0.528887,-0.322033,0.694577,31.135581227938502,2.278720770600414,12.304910411900169,17.20339008431967,-12.371092500797761,4.226157736178196
6.270596981048584,0.199589,-2.01511,0.00520048,-0.30174,0.57082,-0.333257,0.138477,0.410373,0.556014,0.305597,0.661421,0.495251,-0.473138,0.150162,0.396648,0.175978,-0.358342,-0.532974,-0.31499,0.698793,31.203088580898616,2.259344367154591,13.794367565105308,16.418821370528672,-11.037248702414823,4.787411229441723
6.271555423736572,0.199589,-2.01511,0.00520048,-0.30174,0.57082,-0.333257,0.138477,0.410373,0.556014,0.305597,0.661421,0.495251,-0.473138,0.150162,0.396648,0.175978,-0.358342,-0.532974,-0.31499,0.698793,31.203088580898616,2.259344367154591,13.794367565105308,16.418821370528672,-11.037248702414823,4.787411229441723
6.287983655929565,0.289772,-2.25645,0.0613759,-0.328894,0.562845,-0.357897,0.138484,0.410376,0.556059,0.305653,0.661461,0.49537,-0.472921,0.153521,0.394428,0.175444,-0.353024,-0.53552,-0.306609,0.703266,31.510160829821675,2.1869441038741333,15.097011431166687,16.983696646775687,-10.898739936274996,4.3310611414537945
6.288949728012085,0.289772,-2.25645,0.0613759,-0.328894,0.562845,-0.357897,0.138484,0.410376,0.556059,0.305653,0.661461,0.49537,-0.472921,0.153521,0.394428,0.175444,-0.353024,-0.53552,-0.306609,0.703266,31.510160829821675,2.1869441038741333,15.097011431166687,16.983696646775687,-10.898739936274996,4.3310611414537945
6.303786993026733,0.588675,-2.3181,-0.0232101,-0.329128,0.559435,-0.345993,0.138516,0.410365,0.556093,0.305926,0.661543,0.494532,-0.473505,0.154513,0.393957,0.175496,-0.347618,-0.537216,-0.305316,0.705225,31.158630189066752,1.9374203958429033,15.774456243209924,16.956096419574916,-10.756839173908347,5.048240965071544
6.3047380447387695,0.588675,-2.3181,-0.0232101,-0.329128,0.559435,-0.345993,0.138516,0.410365,0.556093,0.305926,0.661543,0.494532,-0.473505,0.154513,0.393957,0.175496,-0.347618,-0.537216,-0.305316,0.705225,31.158630189066752,1.9374203958429033,15.774456243209924,16.956096419574916,-10.756839173908347,5.048240965071544
6.320373773574829,0.815067,-2.43665,-0.31317,-0.355045,0.615425,-0.348955,0.138583,0.41036,0.556204,0.306536,0.661766,0.493957,-0.4734,0.156202,0.392998,0.175463,-0.346625,-0.53786,-0.302224,0.706554,31.277331120357587,1.889824202504746,16.136320092600382,17.36294928773345,-10.374186383665105,4.765829004467975
6.321324348449707,0.815067,-2.43665,-0.31317,-0.355045,0.615425,-0.348955,0.138583,0.41036,0.556204,0.306536,0.661766,0.493957,-0.4734,0.156202,0.392998,0.175463,-0.346625,-0.53786,-0.302224,0.706554,31.277331120357587,1.889824202504746,16.136320092600382,17.36294928773345,-10.374186383665105,4.765829004467975
6.337015151977539,0.848051,-2.47048,-0.444283,-0.369801,0.643838,-0.339977,0.138661,0.410331,0.556248,0.306557,0.661388,0.494608,-0.473235,0.158489,0.391916,0.175635,-0.341045,-0.540852,-0.298337,0.708634,31.13664347726921,1.8436307243357302,17.11665813735715,17.213719249307644,-10.39489851732936,4.935933276318617
6.337977647781372,0.848051,-2.47048,-0.444283,-0.369801,0.643838,-0.339977,0.138661,0.410331,0.556248,0.306557,0.661388,0.494608,-0.473235,0.158489,0.391916,0.175635,-0.341045,-0.540852,-0.298337,0.708634,31.13664347726921,1.8436307243357302,17.11665813735715,17.213719249307644,-10.39489851732936,4.935933276318617
6.37064003944397,0.843997,-2.46607,-0.420546,-0.374237,0.651927,-0.319467,0.138756,0.410242,0.556296,0.307409,0.661113,0.494348,-0.473337,0.16003,0.391256,0.175825,-0.339361,-0.54117,-0.29528,0.710478,31.205287248538706,1.7279214985628748,17.628680011947985,18.165368921648046,-10.155147119267397,4.361840801029834
6.371575355529785,0.843997,-2.46607,-0.420546,-0.374237,0.651927,-0.319467,0.138756,0.410242,0.556296,0.307409,0.661113,0.494348,-0.473337,0.16003,0.391256,0.175825,-0.339361,-0.54117,-0.29528,0.710478,31.205287248538706,1.7279214985628748,17.628680011947985,18.165368921648046,-10.155147119267397,4.361840801029834
6.386943340301514,1.44537,-2.64172,-0.274755,-0.407919,0.567476,-0.325446,0.138734,0.410268,0.556255,0.306879,0.661354,0.494294,-0.473402,0.162936,0.390022,0.175865,-0.330406,-0.548378,-0.28972,0.71146,30.729561301669737,1.9500189367250882,18.819673889645138,17.49887449737175,-11.124686722213406,5.874191854057784
6.387892484664917,1.44537,-2.64172,-0.274755,-0.407919,0.567476,-0.325446,0.138734,0.410268,0.556255,0.306879,0.661354,0.494294,-0.473402,0.162936,0.390022,0.175865,-0.330406,-0.548378,-0.28972,0.71146,30.729561301669737,1.9500189367250882,18.819673889645138,17.49887449737175,-11.124686722213406,5.874191854057784
6.404181480407715,1.14095,-2.70313,-0.149462,-0.424421,0.582856,-0.332862,0.138652,0.410332,0.556226,0.306532,0.661326,0.49462,-0.473326,0.163697,0.389333,0.176197,-0.328832,-0.540004,-0.284623,0.720594,31.796882623594463,0.9170767791337465,19.912990601404502,20.165498372999156,-8.62019260332609,0.9633741658699715
6.405132055282593,1.14095,-2.70313,-0.149462,-0.424421,0.582856,-0.332862,0.138652,0.410332,0.556226,0.306532,0.661326,0.49462,-0.473326,0.163697,0.389333,0.176197,-0.328832,-0.540004,-0.284623,0.720594,31.796882623594463,0.9170767791337465,19.912990601404502,20.165498372999156,-8.62019260332609,0.9633741658699715
6.420429229736328,1.35041,-2.63136,0.289039,-0.439604,0.477535,-0.291051,0.138527,0.410405,0.556074,0.305904,0.661254,0.494318,-0.474147,0.167313,0.387556,0.17604,-0.322981,-0.548737,-0.279611,0.718602,31.2283293810334,1.646903972772873,20.467675805919516,18.89529921044432,-8.730938729180842,3.3631155124913312
6.4213855266571045,1.35041,-2.63136,0.289039,-0.439604,0.477535,-0.291051,0.138527,0.410405,0.556074,0.305904,0.661254,0.494318,-0.474147,0.167313,0.387556,0.17604,-0.322981,-0.548737,-0.279611,0.718602,31.2283293810334,1.646903972772873,20.467675805919516,18.89529921044432,-8.730938729180842,3.3631155124913312
6.4372828006744385,1.54547,-2.81718,0.703512,-0.501449,0.386331,-0.295401,0.138461,0.410388,0.556032,0.305461,0.661343,0.495392,-0.473187,0.169558,0.386231,0.17609,-0.317238,-0.549968,-0.275656,0.72174,31.325164832603296,1.376045738009377,21.577445659778324,18.523023281681212,-8.11490506656588,2.6403159709280537
6.438232898712158,1.54547,-2.81718,0.703512,-0.501449,0.386331,-0.295401,0.138461,0.410388,0.556032,0.305461,0.661343,0.495392,-0.473187,0.169558,0.386231,0.17609,-0.317238,-0.549968,-0.275656,0.72174,31.325164832603296,1.376045738009377,21.577445659778324,18.523023281681212,-8.11490506656588,2.6403159709280537
6.479462623596191,1.69085,-2.90224,0.888615,-0.555329,0.364061,-0.279569,0.138403,0.410371,0.555857,0.306985,0.661127,0.494861,-0.473057,0.173965,0.383799,0.176455,-0.304921,-0.555511,-0.266823,0.72611,30.882270577820638,1.0675162779677463,23.677095481011868,19.207163508720893,-8.484594162921132,2.8820033611612477
6.481349945068359,1.69085,-2.90224,0.888615,-0.555329,0.364061,-0.279569,0.138403,0.410371,0.555857,0.306985,0.661127,0.494861,-0.473057,0.173965,0.383799,0.176455,-0.304921,-0.555511,-0.266823,0.72611,30.882270577820638,1.0675162779677463,23.677095481011868,19.207163508720893,-8.484594162921132,2.8820033611612477
6.498769521713257,1.71883,-2.81177,0.619466,-0.563273,0.407932,-0.239072,0.13847,0.410393,0.555915,0.305759,0.660444,0.495579,-0.474053,0.177041,0.382399,0.177133,-0.301271,-0.557533,-0.260861,0.728247,31.063625106307907,1.3153837117192122,24.406184391576534,19.82135010887347,-7.005239450769863,1.6759326390649858
6.49979567527771,1.71883,-2.81177,0.619466,-0.563273,0.407932,-0.239072,0.13847,0.410393,0.555915,0.305759,0.660444,0.495579,-0.474053,0.177041,0.382399,0.177133,-0.301271,-0.557533,-0.260861,0.728247,31.063625106307907,1.3153837117192122,24.406184391576534,19.82135010887347,-7.005239450769863,1.6759326390649858
6.520758390426636,1.4205,-3.07155,0.633543,-0.605711,0.440483,-0.268695,0.138586,0.410375,0.556042,0.305429,0.660824,0.495504,-0.473815,0.180147,0.381365,0.178069,-0.292317,-0.564669,-0.258774,0.727143,30.28537688425518,1.5384593110589937,25.270751650829652,18.262240648562493,-7.227596057772395,3.334285110377406
6.521711826324463,1.4205,-3.07155,0.633543,-0.605711,0.440483,-0.268695,0.138586,0.410375,0.556042,0.305429,0.660824,0.495504,-0.473815,0.180147,0.381365,0.178069,-0.292317,-0.564669,-0.258774,0.727143,30.28537688425518,1.5384593110589937,25.270751650829652,18.262240648562493,-7.227596057772395,3.334285110377406
6.554175853729248,1.69914,-3.08146,0.536866,-0.625734,0.460036,-0.226523,0.138674,0.410341,0.55609,0.304785,0.66115,0.495771,-0.473495,0.184258,0.379492,0.179035,-0.283082,-0.569409,-0.250175,0.730103,30.250250876014796,1.5692634502355403,26.81819038675576,18.840401598941636,-7.094899304205965,2.3727500860564525
6.555201768875122,1.69914,-3.08146,0.536866,-0.625734,0.460036,-0.226523,0.138674,0.410341,0.55609,0.304785,0.66115,0.495771,-0.473495,0.184258,0.379492,0.179035,-0.283082,-0.569409,-0.250175,0.730103,30.250250876014796,1.5692634502355403,26.81819038675576,18.840401598941636,-7.094899304205965,2.3727500860564525
6.570889472961426,3.3956,-3.03655,0.45465,-0.634293,0.301786,-0.146967,0.138694,0.410332,0.556042,0.305379,0.66083,0.495565,-0.473776,0.186293,0.378529,0.179603,-0.281428,-0.572367,-0.248417,0.729029,30.00862291486383,1.8260373740840348,27.015337907964827,18.52448264911601,-6.687695478305809,2.7619801863009004
6.571835994720459,3.3956,-3.03655,0.45465,-0.634293,0.301786,-0.146967,0.138694,0.410332,0.556042,0.305379,0.66083,0.495565,-0.473776,0.186293,0.378529,0.179603,-0.281428,-0.572367,-0.248417,0.729029,30.00862291486383,1.8260373740840348,27.015337907964827,18.52448264911601,-6.687695478305809,2.7619801863009004
6.587594032287598,3.9737,-3.5185,0.626277,-0.707831,0.234766,-0.205543,0.138662,0.41032,0.555988,0.304721,0.661003,0.494969,-0.47458,0.188875,0.37733,0.180126,-0.275948,-0.575039,-0.2428,0.730911,29.962477397321702,1.914346524014002,27.826872010850565,19.322509414735425,-5.949231302648258,2.2096787027899896
6.588547706604004,3.9737,-3.5185,0.626277,-0.707831,0.234766,-0.205543,0.138662,0.41032,0.555988,0.304721,0.661003,0.494969,-0.47458,0.188875,0.37733,0.180126,-0.275948,-0.575039,-0.2428,0.730911,29.962477397321702,1.914346524014002,27.826872010850565,19.322509414735425,-5.949231302648258,2.2096787027899896
6.604233026504517,3.55324,-3.43457,0.780033,-0.708868,0.24293,-0.172948,0.138628,0.4103,0.555894,0.306226,0.660914,0.494626,-0.474092,0.189796,0.376842,0.180364,-0.275794,-0.577463,-0.242429,0.729179,29.71606715243269,2.064477387880411,27.870980609568093,19.027713274431832,-6.626753467733924,2.9834146662821635
6.6051812171936035,3.55324,-3.43457,0.780033,-0.708868,0.24293,-0.172948,0.138628,0.4103,0.555894,0.306226,0.660914,0.494626,-0.474092,0.189796,0.376842,0.180364,-0.275794,-0.577463,-0.242429,0.729179,29.71606715243269,2.064477387880411,27.870980609568093,19.027713274431832,-6.626753467733924,2.9834146662821635
6.621033191680908,2.99666,-3.31685,1.17029,-0.720159,0.259784,-0.127406,0.138527,0.410338,0.555814,0.306622,0.660811,0.494546,-0.474062,0.191531,0.375932,0.18085,-0.269107,-0.576747,-0.238562,0.733507,29.67681677166085,1.5181958395549329,29.075132835144807,19.98436406958845,-5.683171331786956,1.5357568676129303
6.621997833251953,2.99666,-3.31685,1.17029,-0.720159,0.259784,-0.127406,0.138527,0.410338,0.555814,0.306622,0.660811,0.494546,-0.474062,0.191531,0.375932,0.18085,-0.269107,-0.576747,-0.238562,0.733507,29.67681677166085,1.5181958395549329,29.075132835144807,19.98436406958845,-5.683171331786956,1.5357568676129303
6.65432071685791,2.74592,-3.06686,1.70629,-0.738837,0.212527,0.00827315,0.138473,0.410366,0.555735,0.306501,0.660877,0.494647,-0.473944,0.194703,0.374593,0.181921,-0.258643,-0.582456,-0.231618,0.734984,29.277329969189235,1.6074782801349023,30.561963864009783,20.542124121619732,-6.3990688481019005,1.4839043519259785
6.655272960662842,2.74592,-3.06686,1.70629,-0.738837,0.212527,0.00827315,0.138473,0.410366,0.555735,0.306501,0.660877,0.494647,-0.473944,0.194703,0.374593,0.181921,-0.258643,-0.582456,-0.231618,0.734984,29.277329969189235,1.6074782801349023,30.561963864009783,20.542124121619732,-6.3990688481019005,1.4839043519259785
6.670971155166626,2.93771,-3.09859,1.56813,-0.753737,0.270574,0.072155,0.138506,0.41031,0.555735,0.307005,0.660515,0.494449,-0.474329,0.196299,0.373961,0.182525,-0.2571,-0.585108,-0.231875,0.733336,28.897740488243297,1.8431856188655455,30.5833003323031,19.86553547702568,-5.807866283863213,2.238866592115775
6.671928405761719,2.93771,-3.09859,1.56813,-0.753737,0.270574,0.072155,0.138506,0.41031,0.555735,0.307005,0.660515,0.494449,-0.474329,0.196299,0.373961,0.182525,-0.2571,-0.585108,-0.231875,0.733336,28.897740488243297,1.8431856188655455,30.5833003323031,19.86553547702568,-5.807866283863213,2.238866592115775
6.687536716461182,3.81839,-3.51122,1.25549,-0.813364,0.25311,0.0384351,0.138577,0.410315,0.555671,0.306143,0.66119,0.494362,-0.474036,0.198736,0.372765,0.183735,-0.248995,-0.59318,-0.226893,0.731204,28.395807567005058,2.416395146284619,31.392525712137513,19.054168104343084,-7.565677711172374,3.2957530085284117
6.688491582870483,3.81839,-3.51122,1.25549,-0.813364,0.25311,0.0384351,0.138577,0.410315,0.555671,0.306143,0.66119,0.494362,-0.474036,0.198736,0.372765,0.183735,-0.248995,-0.59318,-0.226893,0.731204,28.395807567005058,2.416395146284619,31.392525712137513,19.054168104343084,-7.565677711172374,3.2957530085284117
6.700009822845459,3.81839,-3.51122,1.25549,-0.813364,0.25311,0.0384351,0.138577,0.410315,0.555671,0.306143,0.66119,0.494362,-0.474036,0.198736,0.372765,0.183735,-0.248995,-0.59318,-0.226893,0.731204,28.395807567005058,2.416395146284619,31.392525712137513,19.054168104343084,-7.565677711172374,3.2957530085284117
6.720963954925537,3.32936,-3.4297,1.46805,-0.840888,0.243484,0.092896,0.138771,0.410167,0.555703,0.307729,0.660487,0.494064,-0.474301,0.201454,0.37163,0.184817,-0.243834,-0.597429,-0.22205,0.73097,28.034220160781192,2.6181535398535014,32.24957144182444,20.20245430739319,-8.274314645670861,3.5673015806535022
6.721972942352295,3.32936,-3.4297,1.46805,-0.840888,0.243484,0.092896,0.138771,0.410167,0.555703,0.307729,0.660487,0.494064,-0.474301,0.201454,0.37163,0.184817,-0.243834,-0.597429,-0.22205,0.73097,28.034220160781192,2.6181535398535014,32.24957144182444,20.20245430739319,-8.274314645670861,3.5673015806535022
6.753994941711426,3.99517,-3.00962,1.36318,-0.817102,0.231709,0.303134,0.138889,0.410065,0.555748,0.307522,0.660824,0.493829,-0.47421,0.204677,0.370227,0.186298,-0.237223,-0.601089,-0.218652,0.731169,27.70532603508718,2.702031118310752,33.040352370204005,19.852335228689395,-7.417135906107441,3.058002496703204
6.754953145980835,3.99517,-3.00962,1.36318,-0.817102,0.231709,0.303134,0.138889,0.410065,0.555748,0.307522,0.660824,0.493829,-0.47421,0.204677,0.370227,0.186298,-0.237223,-0.601089,-0.218652,0.731169,27.70532603508718,2.702031118310752,33.040352370204005,19.852335228689395,-7.417135906107441,3.058002496703204
6.770262241363525,3.34551,-2.69685,0.652265,-0.756762,0.54051,0.427132,0.138895,0.410057,0.555747,0.307567,0.660902,0.493696,-0.474209,0.20575,0.370063,0.186726,-0.237008,-0.602965,-0.217573,0.730015,27.653687440619525,2.937587955782263,33.03279994770665,19.942551704785327,-7.344753235451856,3.1681628123655416
6.771207571029663,3.34551,-2.69685,0.652265,-0.756762,0.54051,0.427132,0.138895,0.410057,0.555747,0.307567,0.660902,0.493696,-0.474209,0.20575,0.370063,0.186726,-0.237008,-0.602965,-0.217573,0.730015,27.653687440619525,2.937587955782263,33.03279994770665,19.942551704785327,-7.344753235451856,3.1681628123655416
6.786906719207764,3.78526,-2.8894,0.949537,-0.806535,0.469669,0.423695,0.138964,0.410002,0.555776,0.307654,0.661134,0.493464,-0.474073,0.207776,0.369835,0.187693,-0.231853,-0.605447,-0.215986,0.730088,27.31491493832755,2.9284630945148016,33.60618727275835,20.181338491845555,-6.946152992388612,3.0324850559894605
6.787854433059692,3.78526,-2.8894,0.949537,-0.806535,0.469669,0.423695,0.138964,0.410002,0.555776,0.307654,0.661134,0.493464,-0.474073,0.207776,0.369835,0.187693,-0.231853,-0.605447,-0.215986,0.730088,27.31491493832755,2.9284630945148016,33.60618727275835,20.181338491845555,-6.946152992388612,3.0324850559894605
6.804252624511719,3.32775,-2.64274,0.768543,-0.75792,0.601156,0.522372,0.139041,0.409935,0.555744,0.308106,0.661349,0.493006,-0.473954,0.208087,0.369844,0.187995,-0.231572,-0.604238,-0.216437,0.731044,27.304434897028873,2.6793698100347925,33.68164908611671,20.38349980011933,-6.401462724576251,2.3280307228096997
6.805219888687134,3.32775,-2.64274,0.768543,-0.75792,0.601156,0.522372,0.139041,0.409935,0.555744,0.308106,0.661349,0.493006,-0.473954,0.208087,0.369844,0.187995,-0.231572,-0.604238,-0.216437,0.731044,27.304434897028873,2.6793698100347925,33.68164908611671,20.38349980011933,-6.401462724576251,2.3280307228096997
6.8207688331604,4.01326,-1.99082,0.935471,-0.695966,0.652204,0.720212,0.139161,0.409892,0.555654,0.307877,0.66193,0.491926,-0.474415,0.209172,0.369578,0.188328,-0.229072,-0.607501,-0.215213,0.729488,27.007119437782954,2.95761454766456,33.73857269389793,20.301590177004275,-6.709031361887233,3.2051560505425707
6.821726560592651,4.01326,-1.99082,0.935471,-0.695966,0.652204,0.720212,0.139161,0.409892,0.555654,0.307877,0.66193,0.491926,-0.474415,0.209172,0.369578,0.188328,-0.229072,-0.607501,-0.215213,0.729488,27.007119437782954,2.95761454766456,33.73857269389793,20.301590177004275,-6.709031361887233,3.2051560505425707
6.854033470153809,2.91266,-2.09079,1.35695,-0.651599,0.815585,0.809216,0.139232,0.40988,0.555326,0.306096,0.662264,0.492068,-0.474954,0.210657,0.369827,0.189251,-0.222771,-0.609047,-0.213775,0.730572,26.755421706074905,2.948287741643093,34.30204317632013,20.577597671464925,-5.7498717745551495,2.2103662705947524
6.8549909591674805,2.91266,-2.09079,1.35695,-0.651599,0.815585,0.809216,0.139232,0.40988,0.555326,0.306096,0.662264,0.492068,-0.474954,0.210657,0.369827,0.189251,-0.222771,-0.609047,-0.213775,0.730572,26.755421706074905,2.948287741643093,34.30204317632013,20.577597671464925,-5.7498717745551495,2.2103662705947524
6.870367527008057,2.25177,-1.90489,1.43025,-0.613139,0.830166,0.741774,0.139295,0.409835,0.555246,0.306136,0.662565,0.492418,-0.474145,0.211405,0.37041,0.189928,-0.221295,-0.610342,-0.214053,0.729857,26.63496609075551,2.9692987460778593,34.44530139349246,20.65717842247857,-6.0132946828363485,1.8237295969031178
6.871314287185669,2.25177,-1.90489,1.43025,-0.613139,0.830166,0.741774,0.139295,0.409835,0.555246,0.306136,0.662565,0.492418,-0.474145,0.211405,0.37041,0.189928,-0.221295,-0.610342,-0.214053,0.729857,26.63496609075551,2.9692987460778593,34.44530139349246,20.65717842247857,-6.0132946828363485,1.8237295969031178
6.887413024902344,1.60092,-1.695,-0.247686,-0.503456,1.09044,0.593868,0.139321,0.409784,0.555502,0.308519,0.66197,0.491488,-0.474395,0.212287,0.371773,0.191145,-0.221995,-0.613609,-0.217353,0.72592,25.93204533074293,3.2573838034857143,34.063353902948855,21.116273956801,-6.55149928879772,3.4204873867949708
6.888428688049316,1.60092,-1.695,-0.247686,-0.503456,1.09044,0.593868,0.139321,0.409784,0.555502,0.308519,0.66197,0.491488,-0.474395,0.212287,0.371773,0.191145,-0.221995,-0.613609,-0.217353,0.72592,25.93204533074293,3.2573838034857143,34.063353902948855,21.116273956801,-6.55149928879772,3.4204873867949708
6.904184341430664,1.54029,-1.35443,-0.567195,-0.451093,1.05062,0.562175,0.139278,0.409854,0.555615,0.30767,0.662303,0.492092,-0.473856,0.212588,0.372398,0.191598,-0.221274,-0.612734,-0.217848,0.726731,26.04033454091643,3.1192850339048315,34.15050297770869,21.16080129604462,-5.855716507555544,2.409712417580896
6.905138254165649,1.54029,-1.35443,-0.567195,-0.451093,1.05062,0.562175,0.139278,0.409854,0.555615,0.30767,0.662303,0.492092,-0.473856,0.212588,0.372398,0.191598,-0.221274,-0.612734,-0.217848,0.726731,26.04033454091643,3.1192850339048315,34.15050297770869,21.16080129604462,-5.855716507555544,2.409712417580896
6.920470714569092,2.25322,-1.20274,-1.10022,-0.432266,0.927581,0.442761,0.139166,0.409929,0.556113,0.306655,0.66204,0.493554,-0.473361,0.212949,0.373414,0.192439,-0.221879,-0.615634,-0.220663,0.723237,25.804001503619872,3.6170471965797084,33.75289674088877,19.980738596862924,-5.840342093820075,3.409970758710811
6.9214208126068115,2.25322,-1.20274,-1.10022,-0.432266,0.927581,0.442761,0.139166,0.409929,0.556113,0.306655,0.66204,0.493554,-0.473361,0.212949,0.373414,0.192439,-0.221879,-0.615634,-0.220663,0.723237,25.804001503619872,3.6170471965797084,33.75289674088877,19.980738596862924,-5.840342093820075,3.409970758710811
6.9537694454193115,2.81574,-0.934814,-1.97283,-0.37897,0.944078,0.30106,0.139068,0.410085,0.556585,0.30673,0.661788,0.493726,-0.473485,0.212459,0.374886,0.19311,-0.221958,-0.616187,-0.223872,0.721755,25.481834208406134,3.68157122816999,33.482974911407275,19.87060793455551,-5.868449843143287,4.107719051609292
6.95475172996521,2.81574,-0.934814,-1.97283,-0.37897,0.944078,0.30106,0.139068,0.410085,0.556585,0.30673,0.661788,0.493726,-0.473485,0.212459,0.374886,0.19311,-0.221958,-0.616187,-0.223872,0.721755,25.481834208406134,3.68157122816999,33.482974911407275,19.87060793455551,-5.868449843143287,4.107719051609292
6.970378875732422,1.3226,-1.34517,-1.90168,-0.420278,0.972334,0.0337958,0.139197,0.410055,0.556473,0.308492,0.662664,0.49191,-0.473005,0.211739,0.375481,0.193058,-0.223583,-0.611974,-0.224021,0.724785,25.713072466166672,2.946612461279896,33.551677819396936,21.44558476420911,-5.895249972016377,2.4719246411413356
6.9713451862335205,1.3226,-1.34517,-1.90168,-0.420278,0.972334,0.0337958,0.139197,0.410055,0.556473,0.308492,0.662664,0.49191,-0.473005,0.211739,0.375481,0.193058,-0.223583,-0.611974,-0.224021,0.724785,25.713072466166672,2.946612461279896,33.551677819396936,21.44558476420911,-5.895249972016377,2.4719246411413356
6.987003564834595,1.35175,-1.38768,-1.76576,-0.403676,0.795351,-0.12147,0.139176,0.41003,0.55633,0.307869,0.66129,0.494173,-0.472974,0.210602,0.376962,0.193018,-0.226612,-0.612638,-0.228317,0.721937,25.570518784394505,3.359823974019249,32.97727091379238,20.685326326554186,-6.25406776641289,3.2314200952559498
6.9879631996154785,1.35175,-1.38768,-1.76576,-0.403676,0.795351,-0.12147,0.139176,0.41003,0.55633,0.307869,0.66129,0.494173,-0.472974,0.210602,0.376962,0.193018,-0.226612,-0.612638,-0.228317,0.721937,25.570518784394505,3.359823974019249,32.97727091379238,20.685326326554186,-6.25406776641289,3.2314200952559498
7.003821134567261,1.67996,-1.09399,-1.77348,-0.360568,0.695034,-0.117031,0.139158,0.410079,0.55628,0.307658,0.661929,0.492782,-0.47367,0.210324,0.377649,0.193179,-0.226574,-0.611691,-0.229329,0.722431,25.482904539583707,3.1997558402051998,32.78256303202048,21.16732803943724,-5.673988745808303,2.966109068836824
7.004779577255249,1.67996,-1.09399,-1.77348,-0.360568,0.695034,-0.117031,0.139158,0.410079,0.55628,0.307658,0.661929,0.492782,-0.47367,0.210324,0.377649,0.193179,-0.226574,-0.611691,-0.229329,0.722431,25.482904539583707,3.1997558402051998,32.78256303202048,21.16732803943724,-5.673988745808303,2.966109068836824
7.020482540130615,1.87989,-1.15981,-1.44626,-0.377849,0.55266,-0.164901,0.139111,0.410122,0.556265,0.307492,0.661603,0.49305,-0.473953,0.210022,0.378457,0.193291,-0.226818,-0.611939,-0.230337,0.721823,25.38558981643854,3.2925702221499806,32.65840385815015,21.467890543612413,-5.741379185612372,3.168751970844545
7.021422863006592,1.87989,-1.15981,-1.44626,-0.377849,0.55266,-0.164901,0.139111,0.410122,0.556265,0.307492,0.661603,0.49305,-0.473953,0.210022,0.378457,0.193291,-0.226818,-0.611939,-0.230337,0.721823,25.38558981643854,3.2925702221499806,32.65840385815015,21.467890543612413,-5.741379185612372,3.168751970844545
7.053807973861694,1.29896,-1.29318,-1.29834,-0.362101,0.587751,-0.25487,0.138839,0.410217,0.556358,0.307475,0.661556,0.493987,-0.473053,0.207116,0.382334,0.193589,-0.231178,-0.608558,-0.239654,0.720263,25.17980442247315,2.9771693224307136,31.738515698657082,21.320676294679924,-5.677657325628039,2.9699151767966776
7.054797887802124,1.29896,-1.29318,-1.29834,-0.362101,0.587751,-0.25487,0.138839,0.410217,0.556358,0.307475,0.661556,0.493987,-0.473053,0.207116,0.382334,0.193589,-0.231178,-0.608558,-0.239654,0.720263,25.17980442247315,2.9771693224307136,31.738515698657082,21.320676294679924,-5.677657325628039,2.9699151767966776
7.070239782333374,0.669755,-1.20991,-1.23391,-0.316451,0.624817,-0.288434,0.138624,0.410329,0.556344,0.307339,0.661638,0.49413,-0.472877,0.205818,0.38419,0.193692,-0.234967,-0.60867,-0.243503,0.717647,25.09784732352456,3.1811490304650376,31.004125566176928,21.196243539678864,-6.0155942106754,3.4690235168151604
7.071220397949219,0.669755,-1.20991,-1.23391,-0.316451,0.624817,-0.288434,0.138624,0.410329,0.556344,0.307339,0.661638,0.49413,-0.472877,0.205818,0.38419,0.193692,-0.234967,-0.60867,-0.243503,0.717647,25.09784732352456,3.1811490304650376,31.004125566176928,21.196243539678864,-6.0155942106754,3.4690235168151604
7.0870397090911865,0.471864,-1.07076,-1.27477,-0.264564,0.610415,-0.291353,0.138391,0.410392,0.55634,0.307107,0.661813,0.493925,-0.472998,0.203893,0.38788,0.194613,-0.237489,-0.606707,-0.252326,0.715428,24.63359545737616,2.98204185927768,30.082170528527417,21.26101434729332,-5.216475764210116,3.439590799343618
7.087977647781372,0.471864,-1.07076,-1.27477,-0.264564,0.610415,-0.291353,0.138391,0.410392,0.55634,0.307107,0.661813,0.493925,-0.472998,0.203893,0.38788,0.194613,-0.237489,-0.606707,-0.252326,0.715428,24.63359545737616,2.98204185927768,30.082170528527417,21.26101434729332,-5.216475764210116,3.439590799343618
7.103708982467651,0.267304,-1.02249,-1.28641,-0.24097,0.612244,-0.290383,0.138391,0.410392,0.55634,0.307107,0.661813,0.493925,-0.472998,0.203893,0.38788,0.194613,-0.237489,-0.606707,-0.252326,0.715428,24.63359545737616,2.98204185927768,30.082170528527417,21.26101434729332,-5.216475764210116,3.439590799343618
7.104683876037598,0.267304,-1.02249,-1.28641,-0.24097,0.612244,-0.290383,0.138391,0.410392,0.55634,0.307107,0.661813,0.493925,-0.472998,0.203893,0.38788,0.194613,-0.237489,-0.606707,-0.252326,0.715428,24.63359545737616,2.98204185927768,30.082170528527417,21.26101434729332,-5.216475764210116,3.439590799343618
7.12043833732605,0.239552,-0.926098,-0.92095,-0.202213,0.520054,-0.269012,0.138539,0.410391,0.556338,0.307369,0.661679,0.493998,-0.472939,0.201179,0.392698,0.195789,-0.245684,-0.602668,-0.263003,0.712222,24.457403526198952,2.828940131381857,28.54360784922141,22.136147083663282,-4.561661247351333,2.5705991603312768
7.121386289596558,0.239552,-0.926098,-0.92095,-0.202213,0.520054,-0.269012,0.138539,0.410391,0.556338,0.307369,0.661679,0.493998,-0.472939,0.201179,0.392698,0.195789,-0.245684,-0.602668,-0.263003,0.712222,24.457403526198952,2.828940131381857,28.54360784922141,22.136147083663282,-4.561661247351333,2.5705991603312768
7.154037714004517,-0.111367,-0.942753,-0.975154,-0.183335,0.533408,-0.291687,0.138833,0.410197,0.556295,0.307714,0.661494,0.493962,-0.473011,0.197016,0.400284,0.197845,-0.257096,-0.599778,-0.282367,0.703162,23.588360034970602,2.9448679775419015,25.853697310932347,22.21527081190975,-3.8863156763665434,3.360170109209849
7.154980182647705,-0.111367,-0.942753,-0.975154,-0.183335,0.533408,-0.291687,0.138833,0.410197,0.556295,0.307714,0.661494,0.493962,-0.473011,0.197016,0.400284,0.197845,-0.257096,-0.599778,-0.282367,0.703162,23.588360034970602,2.9448679775419015,25.853697310932347,22.21527081190975,-3.8863156763665434,3.360170109209849
7.170877933502197,-0.0749364,-0.584539,-0.866482,-0.122702,0.501055,-0.221585,0.138852,0.410221,0.556359,0.30759,0.661664,0.494014,-0.472799,0.194318,0.404433,0.199337,-0.259408,-0.597158,-0.292803,0.700269,23.034520185285444,2.6121010226096426,24.878770661265513,22.247246317285388,-3.534044107921871,3.20028074933516
7.171822786331177,-0.0749364,-0.584539,-0.866482,-0.122702,0.501055,-0.221585,0.138852,0.410221,0.556359,0.30759,0.661664,0.494014,-0.472799,0.194318,0.404433,0.199337,-0.259408,-0.597158,-0.292803,0.700269,23.034520185285444,2.6121010226096426,24.878770661265513,22.247246317285388,-3.534044107921871,3.20028074933516
7.187520503997803,-0.333213,-1.11011,-1.07526,-0.173279,0.55284,-0.33203,0.138872,0.410288,0.556595,0.307561,0.66128,0.494388,-0.472965,0.189359,0.411115,0.201746,-0.268416,-0.593575,-0.308067,0.693337,22.439523613574526,2.605303983263513,22.788518573748863,23.01519606806074,-3.724395147744464,3.1222683117548
7.188470363616943,-0.333213,-1.11011,-1.07526,-0.173279,0.55284,-0.33203,0.138872,0.410288,0.556595,0.307561,0.66128,0.494388,-0.472965,0.189359,0.411115,0.201746,-0.268416,-0.593575,-0.308067,0.693337,22.439523613574526,2.605303983263513,22.788518573748863,23.01519606806074,-3.724395147744464,3.1222683117548
7.204305171966553,0.243615,-0.807063,-1.17226,-0.130949,0.507351,-0.259237,0.138934,0.410265,0.556623,0.307498,0.660908,0.494033,-0.473896,0.187589,0.413523,0.202684,-0.272294,-0.592504,-0.314832,0.689692,22.03829942478302,2.712903252924759,21.7566181027741,23.097423841650926,-3.153133004947864,3.6575112953690274
7.20525598526001,0.243615,-0.807063,-1.17226,-0.130949,0.507351,-0.259237,0.138934,0.410265,0.556623,0.307498,0.660908,0.494033,-0.473896,0.187589,0.413523,0.202684,-0.272294,-0.592504,-0.314832,0.689692,22.03829942478302,2.712903252924759,21.7566181027741,23.097423841650926,-3.153133004947864,3.6575112953690274
7.220467567443848,-0.537231,-0.972875,-1.20922,-0.133722,0.594531,-0.294796,0.138972,0.410227,0.55665,0.30686,0.660902,0.494686,-0.473636,0.183997,0.417779,0.204323,-0.291341,-0.593115,-0.32731,0.675428,21.887736240376892,4.0162124233271905,18.458498033371267,21.743449739842,-3.0844905295466143,4.596314031472462
7.22144341468811,-0.537231,-0.972875,-1.20922,-0.133722,0.594531,-0.294796,0.138972,0.410227,0.55665,0.30686,0.660902,0.494686,-0.473636,0.183997,0.417779,0.204323,-0.291341,-0.593115,-0.32731,0.675428,21.887736240376892,4.0162124233271905,18.458498033371267,21.743449739842,-3.0844905295466143,4.596314031472462
7.25391411781311,-0.371422,-0.707068,-1.2124,-0.0774845,0.572889,-0.236386,0.138819,0.410243,0.556405,0.308043,0.661446,0.494144,-0.472673,0.175894,0.426162,0.208553,-0.311275,-0.590092,-0.349025,0.658089,21.018798380457067,4.597753947972063,14.505992619603054,21.721618655828497,-4.669970230384282,4.265878719523167
7.254880428314209,-0.371422,-0.707068,-1.2124,-0.0774845,0.572889,-0.236386,0.138819,0.410243,0.556405,0.308043,0.661446,0.494144,-0.472673,0.175894,0.426162,0.208553,-0.311275,-0.590092,-0.349025,0.658089,21.018798380457067,4.597753947972063,14.505992619603054,21.721618655828497,-4.669970230384282,4.265878719523167
7.270303964614868,-0.254478,-0.611086,-1.48396,-0.058621,0.595977,-0.220362,0.138761,0.410305,0.556423,0.308094,0.661462,0.494712,-0.472024,0.172166,0.429866,0.21072,-0.323119,-0.588859,-0.357855,0.648675,20.846714735717637,5.194264269568883,12.45117629819991,21.77524072848043,-5.4548597196243405,3.5569140299218756
7.271297216415405,-0.254478,-0.611086,-1.48396,-0.058621,0.595977,-0.220362,0.138761,0.410305,0.556423,0.308094,0.661462,0.494712,-0.472024,0.172166,0.429866,0.21072,-0.323119,-0.588859,-0.357855,0.648675,20.846714735717637,5.194264269568883,12.45117629819991,21.77524072848043,-5.4548597196243405,3.5569140299218756
7.28718638420105,-0.603534,-0.441563,-1.58933,-0.0229242,0.633252,-0.186666,0.138583,0.410339,0.556535,0.307701,0.662147,0.49352,-0.472567,0.166134,0.435279,0.214214,-0.334182,-0.587431,-0.371838,0.636383,20.023803783631088,5.634517435813912,9.815663327533324,21.746390675721802,-6.310165966337609,3.5791721904961236
7.288136959075928,-0.603534,-0.441563,-1.58933,-0.0229242,0.633252,-0.186666,0.138583,0.410339,0.556535,0.307701,0.662147,0.49352,-0.472567,0.166134,0.435279,0.214214,-0.334182,-0.587431,-0.371838,0.636383,20.023803783631088,5.634517435813912,9.815663327533324,21.746390675721802,-6.310165966337609,3.5791721904961236
7.3035688400268555,-0.291934,-0.603172,-1.84343,-0.0341761,0.645491,-0.205967,0.138531,0.410343,0.556526,0.307778,0.66187,0.493476,-0.472951,0.163997,0.436995,0.215454,-0.338227,-0.58852,-0.376093,0.630714,19.601232307783633,6.0519300645513034,8.897623665922145,21.519104599332508,-7.263163252836915,4.145669879420752
7.304516792297363,-0.291934,-0.603172,-1.84343,-0.0341761,0.645491,-0.205967,0.138531,0.410343,0.556526,0.307778,0.66187,0.493476,-0.472951,0.163997,0.436995,0.215454,-0.338227,-0.58852,-0.376093,0.630714,19.601232307783633,6.0519300645513034,8.897623665922145,21.519104599332508,-7.263163252836915,4.145669879420752
7.320664167404175,-0.17721,-0.183639,-1.8453,0.0189722,0.638207,-0.112661,0.138527,0.410403,0.556506,0.307886,0.661904,0.493209,-0.473112,0.159448,0.44074,0.21794,-0.339384,-0.590032,-0.386689,0.622215,18.426583341020624,6.1360291025533575,7.782522783659367,20.494605604693,-9.230730189695622,5.787389030354953
7.321606636047363,-0.17721,-0.183639,-1.8453,0.0189722,0.638207,-0.112661,0.138527,0.410403,0.556506,0.307886,0.661904,0.493209,-0.473112,0.159448,0.44074,0.21794,-0.339384,-0.590032,-0.386689,0.622215,18.426583341020624,6.1360291025533575,7.782522783659367,20.494605604693,-9.230730189695622,5.787389030354953
7.3538782596588135,-0.175337,0.326051,-2.7072,0.147147,0.824347,-0.00497298,0.138784,0.410286,0.556558,0.308652,0.661086,0.494114,-0.472812,0.150308,0.446663,0.222323,-0.356955,-0.583725,-0.403252,0.607647,17.92808051731321,6.525593605635391,4.570656395930011,21.55904971476441,-11.373898637473694,3.7391253265235713
7.354848623275757,-0.175337,0.326051,-2.7072,0.147147,0.824347,-0.00497298,0.138784,0.410286,0.556558,0.308652,0.661086,0.494114,-0.472812,0.150308,0.446663,0.222323,-0.356955,-0.583725,-0.403252,0.607647,17.92808051731321,6.525593605635391,4.570656395930011,21.55904971476441,-11.373898637473694,3.7391253265235713
7.370317459106445,0.41457,0.0923553,-3.21063,0.130144,0.872591,-0.0499023,0.138951,0.410227,0.556729,0.306818,0.660423,0.494763,-0.47425,0.146328,0.449097,0.224132,-0.363792,-0.579842,-0.413171,0.600607,17.545730755808762,6.72069665058608,2.820898339726589,21.13667071356269,-9.741826054223429,3.6300004967047617
7.371306896209717,0.41457,0.0923553,-3.21063,0.130144,0.872591,-0.0499023,0.138951,0.410227,0.556729,0.306818,0.660423,0.494763,-0.47425,0.146328,0.449097,0.224132,-0.363792,-0.579842,-0.413171,0.600607,17.545730755808762,6.72069665058608,2.820898339726589,21.13667071356269,-9.741826054223429,3.6300004967047617
7.38708233833313,0.622039,0.105303,-3.00138,0.140405,0.798769,-0.0447681,0.138988,0.410234,0.55678,0.30676,0.660352,0.494892,-0.474252,0.141246,0.452323,0.226458,-0.371397,-0.576152,-0.422236,0.593152,17.206774688687688,6.768525147200623,1.1982044016772615,21.795162523055353,-10.564895589884003,2.753358230187887
7.388082981109619,0.622039,0.105303,-3.00138,0.140405,0.798769,-0.0447681,0.138988,0.410234,0.55678,0.30676,0.660352,0.494892,-0.474252,0.141246,0.452323,0.226458,-0.371397,-0.576152,-0.422236,0.593152,17.206774688687688,6.768525147200623,1.1982044016772615,21.795162523055353,-10.564895589884003,2.753358230187887
7.403844356536865,-0.622526,0.27129,-3.08358,0.172034,0.957099,-0.0402338,0.138981,0.410253,0.556834,0.306691,0.660694,0.495312,-0.473382,0.139722,0.453412,0.227138,-0.371559,-0.577618,-0.425265,0.589449,16.837711377632612,6.8484204187657,0.9105788242114137,20.943161749804265,-11.815128324500185,3.5026090292696708
7.404784917831421,-0.622526,0.27129,-3.08358,0.172034,0.957099,-0.0402338,0.138981,0.410253,0.556834,0.306691,0.660694,0.495312,-0.473382,0.139722,0.453412,0.227138,-0.371559,-0.577618,-0.425265,0.589449,16.837711377632612,6.8484204187657,0.9105788242114137,20.943161749804265,-11.815128324500185,3.5026090292696708
7.420882701873779,-0.646183,-0.432995,-2.42983,0.0870352,0.826672,-0.171799,0.138986,0.410259,0.556844,0.306657,0.660797,0.495262,-0.473312,0.136582,0.455279,0.228497,-0.378216,-0.574848,-0.431493,0.583367,16.646340772411307,6.960094619206338,-0.4028028485936356,21.20457850335353,-11.732389367755536,2.974692817793763
7.421827554702759,-0.646183,-0.432995,-2.42983,0.0870352,0.826672,-0.171799,0.138986,0.410259,0.556844,0.306657,0.660797,0.495262,-0.473312,0.136582,0.455279,0.228497,-0.378216,-0.574848,-0.431493,0.583367,16.646340772411307,6.960094619206338,-0.4028028485936356,21.20457850335353,-11.732389367755536,2.974692817793763
7.453913450241089,-0.262408,0.262666,-2.70293,0.206866,0.852999,-0.0159687,0.139047,0.410212,0.556816,0.306628,0.660833,0.495219,-0.473325,0.131418,0.457911,0.230404,0.388313,0.572359,0.442021,-0.571171,16.001496210298875,7.332604837422949,-2.5799278410577053,20.59989590573059,-11.920715154007954,3.485918008173915
7.454878330230713,-0.262408,0.262666,-2.70293,0.206866,0.852999,-0.0159687,0.139047,0.410212,0.556816,0.306628,0.660833,0.495219,-0.473325,0.131418,0.457911,0.230404,0.388313,0.572359,0.442021,-0.571171,16.001496210298875,7.332604837422949,-2.5799278410577053,20.59989590573059,-11.920715154007954,3.485918008173915
7.470296382904053,-0.117782,0.257255,-3.06971,0.219711,0.907137,-0.0224667,0.139096,0.410212,0.556766,0.306868,0.660657,0.494767,-0.473889,0.12993,0.458653,0.23102,0.39018,0.571312,0.445181,-0.568485,15.730280261310755,7.316846406100229,-3.105219662989761,20.70346379039029,-11.812332688583,3.7770885100673794
7.4712817668914795,-0.117782,0.257255,-3.06971,0.219711,0.907137,-0.0224667,0.139096,0.410212,0.556766,0.306868,0.660657,0.494767,-0.473889,0.12993,0.458653,0.23102,0.39018,0.571312,0.445181,-0.568485,15.730280261310755,7.316846406100229,-3.105219662989761,20.70346379039029,-11.812332688583,3.7770885100673794
7.487033843994141,0.0563135,0.105297,-2.90409,0.200342,0.859141,-0.0430291,0.139087,0.410202,0.556825,0.306514,0.661063,0.494972,-0.473336,0.128448,0.459253,0.231496,0.393155,0.570143,0.447979,-0.565403,15.698650804516245,7.361159876566277,-3.707912564187031,20.34916498255782,-11.83941940515919,3.510262971014237
7.487993478775024,0.0563135,0.105297,-2.90409,0.200342,0.859141,-0.0430291,0.139087,0.410202,0.556825,0.306514,0.661063,0.494972,-0.473336,0.128448,0.459253,0.231496,0.393155,0.570143,0.447979,-0.565403,15.698650804516245,7.361159876566277,-3.707912564187031,20.34916498255782,-11.83941940515919,3.510262971014237
7.503925561904907,-0.292027,-0.0794425,-2.75512,0.181491,0.877046,-0.0792159,0.139058,0.410203,0.556857,0.307101,0.661216,0.494845,-0.472876,0.12818,0.459331,0.231505,0.393501,0.570182,0.44722,-0.565724,15.772976269533943,7.333111132860977,-3.6244069231402287,20.67299212553572,-12.715895943651603,3.250026641900336
7.5048816204071045,-0.292027,-0.0794425,-2.75512,0.181491,0.877046,-0.0792159,0.139058,0.410203,0.556857,0.307101,0.661216,0.494845,-0.472876,0.12818,0.459331,0.231505,0.393501,0.570182,0.44722,-0.565724,15.772976269533943,7.333111132860977,-3.6244069231402287,20.67299212553572,-12.715895943651603,3.250026641900336
7.52042031288147,-0.286129,-0.0215385,-2.62143,0.191549,0.876068,-0.0367218,0.138932,0.41026,0.556779,0.306768,0.660373,0.494869,-0.474242,0.12803,0.459303,0.231354,0.392089,0.572833,0.446842,-0.564323,15.378865521155776,7.67313452411482,-3.576691462668018,20.105797294016295,-13.023556592316053,4.719382142672254
7.521362781524658,-0.286129,-0.0215385,-2.62143,0.191549,0.876068,-0.0367218,0.138932,0.41026,0.556779,0.306768,0.660373,0.494869,-0.474242,0.12803,0.459303,0.231354,0.392089,0.572833,0.446842,-0.564323,15.378865521155776,7.67313452411482,-3.576691462668018,20.105797294016295,-13.023556592316053,4.719382142672254
7.554197549819946,0.181541,0.186772,-2.36724,0.214206,0.806923,0.0513466,0.138788,0.410276,0.556549,0.308691,0.661214,0.49401,-0.472716,0.128163,0.458707,0.230614,0.393356,0.571311,0.446174,-0.565512,15.615877133653262,7.3227507753728736,-3.4611863958113687,20.3585335407125,-13.5515920291642,4.214518804290483
7.555196762084961,0.181541,0.186772,-2.36724,0.214206,0.806923,0.0513466,0.138788,0.410276,0.556549,0.308691,0.661214,0.49401,-0.472716,0.128163,0.458707,0.230614,0.393356,0.571311,0.446174,-0.565512,15.615877133653262,7.3227507753728736,-3.4611863958113687,20.3585335407125,-13.5515920291642,4.214518804290483
7.570307016372681,0.264031,-0.161096,-2.12112,0.160905,0.798846,-0.00858222,0.138815,0.410242,0.556484,0.308479,0.661528,0.494184,-0.472233,0.129159,0.458096,0.230029,0.391601,0.570659,0.44444,-0.568744,15.92026103292186,7.103996497907352,-3.0382182168136036,20.454310628475422,-13.248481784811307,3.642919461034356
7.571287155151367,0.264031,-0.161096,-2.12112,0.160905,0.798846,-0.00858222,0.138815,0.410242,0.556484,0.308479,0.661528,0.494184,-0.472233,0.129159,0.458096,0.230029,0.391601,0.570659,0.44444,-0.568744,15.92026103292186,7.103996497907352,-3.0382182168136036,20.454310628475422,-13.248481784811307,3.642919461034356
7.587013244628906,0.168258,-0.49422,-2.04494,0.11538,0.846346,-0.0688241,0.138767,0.410224,0.556403,0.308068,0.661344,0.493944,-0.473009,0.13218,0.456307,0.228677,0.384152,0.575204,0.437255,-0.574783,15.997098428815447,7.197262629136247,-1.6673766780523045,19.999528946451548,-13.972876015648435,4.560435055099849
7.588003158569336,0.168258,-0.49422,-2.04494,0.11538,0.846346,-0.0688241,0.138767,0.410224,0.556403,0.308068,0.661344,0.493944,-0.473009,0.13218,0.456307,0.228677,0.384152,0.575204,0.437255,-0.574783,15.997098428815447,7.197262629136247,-1.6673766780523045,19.999528946451548,-13.972876015648435,4.560435055099849
7.603691339492798,0.287205,-0.58769,-2.04094,0.102435,0.851283,-0.0728489,0.138742,0.410272,0.556379,0.308227,0.661217,0.494551,-0.472449,0.133426,0.455528,0.228107,-0.381785,-0.573064,-0.435049,0.580147,16.479900422740496,6.780640028823228,-0.995540761411799,20.630939703175788,-13.334186407063266,3.3423882066981623
7.604654788970947,0.287205,-0.58769,-2.04094,0.102435,0.851283,-0.0728489,0.138742,0.410272,0.556379,0.308227,0.661217,0.494551,-0.472449,0.133426,0.455528,0.228107,-0.381785,-0.573064,-0.435049,0.580147,16.479900422740496,6.780640028823228,-0.995540761411799,20.630939703175788,-13.334186407063266,3.3423882066981623
7.620533466339111,0.333894,-0.654614,-1.68597,0.0751685,0.819737,-0.0576716,0.138728,0.410317,0.55642,0.307983,0.661404,0.494675,-0.472216,0.13654,0.45394,0.226973,-0.373224,-0.578078,-0.427538,0.586294,16.57994577432283,6.777253633407211,0.5879909881174662,20.14148771263644,-14.741344534983044,4.0703172777934
7.621501684188843,0.333894,-0.654614,-1.68597,0.0751685,0.819737,-0.0576716,0.138728,0.410317,0.55642,0.307983,0.661404,0.494675,-0.472216,0.13654,0.45394,0.226973,-0.373224,-0.578078,-0.427538,0.586294,16.57994577432283,6.777253633407211,0.5879909881174662,20.14148771263644,-14.741344534983044,4.0703172777934
7.654036521911621,0.31949,-1.18328,-2.01189,-0.0336596,0.888277,-0.167178,0.138736,0.410317,0.556529,0.308575,0.661118,0.494,-0.472936,0.141652,0.45106,0.22511,-0.365745,-0.577616,-0.417688,0.598438,17.336704947100927,6.268647151052986,2.4140530709431522,21.713762442032582,-13.142059119917269,3.084482807672079
7.654980659484863,0.31949,-1.18328,-2.01189,-0.0336596,0.888277,-0.167178,0.138736,0.410317,0.556529,0.308575,0.661118,0.494,-0.472936,0.141652,0.45106,0.22511,-0.365745,-0.577616,-0.417688,0.598438,17.336704947100927,6.268647151052986,2.4140530709431522,21.713762442032582,-13.142059119917269,3.084482807672079
7.670529842376709,0.311806,-1.22809,-1.93159,-0.0945798,0.869584,-0.187523,0.138784,0.410287,0.556544,0.308558,0.661036,0.494223,-0.47283,0.147472,0.447927,0.223366,-0.352887,-0.582401,-0.407285,0.608604,17.557537978609716,5.972288157780862,4.789574104205456,21.424360472594692,-12.908457905601015,3.7229618597281475
7.671484708786011,0.311806,-1.22809,-1.93159,-0.0945798,0.869584,-0.187523,0.138784,0.410287,0.556544,0.308558,0.661036,0.494223,-0.47283,0.147472,0.447927,0.223366,-0.352887,-0.582401,-0.407285,0.608604,17.557537978609716,5.972288157780862,4.789574104205456,21.424360472594692,-12.908457905601015,3.7229618597281475
7.687109470367432,1.00002,-1.62041,-1.9195,-0.14767,0.786995,-0.247686,0.138808,0.41027,0.556478,0.308296,0.661318,0.494409,-0.472411,0.151324,0.445722,0.222143,-0.346454,-0.585373,-0.399972,0.614272,17.85919327026554,5.921413065998212,6.117847853732915,21.2002233483244,-12.673204566733915,3.6784538328992467
7.688055992126465,1.00002,-1.62041,-1.9195,-0.14767,0.786995,-0.247686,0.138808,0.41027,0.556478,0.308296,0.661318,0.494409,-0.472411,0.151324,0.445722,0.222143,-0.346454,-0.585373,-0.399972,0.614272,17.85919327026554,5.921413065998212,6.117847853732915,21.2002233483244,-12.673204566733915,3.6784538328992467
7.703735589981079,0.64791,-1.33066,-1.67587,-0.137711,0.783823,-0.195129,0.138841,0.410229,0.556385,0.307456,0.661606,0.494043,-0.472938,0.155225,0.443341,0.220775,-0.341534,-0.588248,-0.391489,0.619722,18.270705414322787,6.077587207958167,7.2139510985987085,21.403204766092152,-12.048723710020635,3.493230454619017
7.7046966552734375,0.64791,-1.33066,-1.67587,-0.137711,0.783823,-0.195129,0.138841,0.410229,0.556385,0.307456,0.661606,0.494043,-0.472938,0.155225,0.443341,0.220775,-0.341534,-0.588248,-0.391489,0.619722,18.270705414322787,6.077587207958167,7.2139510985987085,21.403204766092152,-12.048723710020635,3.493230454619017
7.720399856567383,0.775944,-1.74881,-1.64865,-0.224564,0.77202,-0.264562,0.138831,0.410226,0.556363,0.307405,0.661601,0.49402,-0.473002,0.159052,0.440578,0.219354,-0.334051,-0.589715,-0.382823,0.627768,18.725885165683795,5.817238781421798,8.81202824697989,21.809919360252152,-11.60305308693086,2.99945934685332
7.72134804725647,0.775944,-1.74881,-1.64865,-0.224564,0.77202,-0.264562,0.138831,0.410226,0.556363,0.307405,0.661601,0.49402,-0.473002,0.159052,0.440578,0.219354,-0.334051,-0.589715,-0.382823,0.627768,18.725885165683795,5.817238781421798,8.81202824697989,21.809919360252152,-11.60305308693086,2.99945934685332
7.753818988800049,0.783809,-1.4846,-1.79563,-0.22736,0.815254,-0.204537,0.138675,0.410359,0.556509,0.307729,0.661157,0.494376,-0.473041,0.165795,0.435363,0.216414,-0.325058,-0.591936,-0.366082,0.64026,19.778799559333518,5.686618807629162,11.294465972601419,22.89324046293998,-10.658102726534526,2.1431863616583824
7.754769325256348,0.783809,-1.4846,-1.79563,-0.22736,0.815254,-0.204537,0.138675,0.410359,0.556509,0.307729,0.661157,0.494376,-0.473041,0.165795,0.435363,0.216414,-0.325058,-0.591936,-0.366082,0.64026,19.778799559333518,5.686618807629162,11.294465972601419,22.89324046293998,-10.658102726534526,2.1431863616583824
7.770330905914307,0.587777,-1.77725,-1.71779,-0.284028,0.825339,-0.268969,0.138665,0.410355,0.556517,0.30773,0.661114,0.494397,-0.473078,0.168764,0.433064,0.215133,-0.318211,-0.595466,-0.360056,0.643834,19.758027185764778,5.700726354316688,12.485238845728661,22.27810278972836,-10.689237722095683,3.3677348972769128
7.771276235580444,0.587777,-1.77725,-1.71779,-0.284028,0.825339,-0.268969,0.138665,0.410355,0.556517,0.30773,0.661114,0.494397,-0.473078,0.168764,0.433064,0.215133,-0.318211,-0.595466,-0.360056,0.643834,19.758027185764778,5.700726354316688,12.485238845728661,22.27810278972836,-10.689237722095683,3.3677348972769128
7.787000417709351,0.982923,-2.29786,-1.7364,-0.349163,0.797659,-0.360109,0.138689,0.410326,0.556432,0.308075,0.660805,0.494241,-0.473448,0.172996,0.429487,0.213097,-0.306899,-0.59658,-0.349104,0.654241,20.166049334350642,5.167511731134776,14.72490474668178,23.277434908838412,-10.313273825087752,3.2206912915937105
7.787946701049805,0.982923,-2.29786,-1.7364,-0.349163,0.797659,-0.360109,0.138689,0.410326,0.556432,0.308075,0.660805,0.494241,-0.473448,0.172996,0.429487,0.213097,-0.306899,-0.59658,-0.349104,0.654241,20.166049334350642,5.167511731134776,14.72490474668178,23.277434908838412,-10.313273825087752,3.2206912915937105
7.803782224655151,0.943237,-2.1782,-1.78341,-0.326236,0.821786,-0.333304,0.138689,0.410326,0.556432,0.308075,0.660805,0.494241,-0.473448,0.172996,0.429487,0.213097,-0.306899,-0.59658,-0.349104,0.654241,20.166049334350642,5.167511731134776,14.72490474668178,23.277434908838412,-10.313273825087752,3.2206912915937105
7.8047308921813965,0.943237,-2.1782,-1.78341,-0.326236,0.821786,-0.333304,0.138689,0.410326,0.556432,0.308075,0.660805,0.494241,-0.473448,0.172996,0.429487,0.213097,-0.306899,-0.59658,-0.349104,0.654241,20.166049334350642,5.167511731134776,14.72490474668178,23.277434908838412,-10.313273825087752,3.2206912915937105
7.821075439453125,1.41732,-1.78016,-1.53043,-0.272266,0.730786,-0.251459,0.138753,0.410309,0.556399,0.307802,0.661343,0.494732,-0.47236,0.177405,0.425617,0.210777,-0.294139,-0.598849,-0.339377,0.663088,20.45526681148822,4.603903276639762,17.014855228080496,22.658692437304637,-10.011184446210777,3.757190714021989
7.822092771530151,1.41732,-1.78016,-1.53043,-0.272266,0.730786,-0.251459,0.138753,0.410309,0.556399,0.307802,0.661343,0.494732,-0.47236,0.177405,0.425617,0.210777,-0.294139,-0.598849,-0.339377,0.663088,20.45526681148822,4.603903276639762,17.014855228080496,22.658692437304637,-10.011184446210777,3.757190714021989
7.86992621421814,1.87923,-2.02022,-1.07969,-0.317633,0.604717,-0.289637,0.138664,0.410359,0.556393,0.307174,0.661237,0.494951,-0.472687,0.183206,0.419738,0.207648,-0.264288,-0.596593,-0.320853,0.6865,20.91730448250674,2.570220943922302,22.09236147570646,24.933377497254916,-9.042749157179994,2.227829813880435
7.872947931289673,1.87923,-2.02022,-1.07969,-0.317633,0.604717,-0.289637,0.138664,0.410359,0.556393,0.307174,0.661237,0.494951,-0.472687,0.183206,0.419738,0.207648,-0.264288,-0.596593,-0.320853,0.6865,20.91730448250674,2.570220943922302,22.09236147570646,24.933377497254916,-9.042749157179994,2.227829813880435
7.892883062362671,1.76513,-2.03227,-0.554395,-0.379362,0.537648,-0.262038,0.138544,0.410386,0.556332,0.307203,0.661556,0.494111,-0.473101,0.189183,0.412752,0.204311,-0.243657,-0.598102,-0.303787,0.700442,21.148864481701658,1.6146990531245564,25.6851627940329,25.090172803280808,-7.805467371028657,2.6886905530375715
7.8940534591674805,1.76513,-2.03227,-0.554395,-0.379362,0.537648,-0.262038,0.138544,0.410386,0.556332,0.307203,0.661556,0.494111,-0.473101,0.189183,0.412752,0.204311,-0.243657,-0.598102,-0.303787,0.700442,21.148864481701658,1.6146990531245564,25.6851627940329,25.090172803280808,-7.805467371028657,2.6886905530375715
7.922408819198608,1.18442,-2.05803,-0.527868,-0.431248,0.603887,-0.268188,0.138505,0.410389,0.55632,0.306885,0.66192,0.493728,-0.473197,0.192102,0.409026,0.202731,-0.241939,-0.602164,-0.29588,0.700942,21.45005886665619,2.1308897384513648,26.26499369436146,23.959777645617397,-7.657061300009323,3.8282310808599282
7.923358917236328,1.18442,-2.05803,-0.527868,-0.431248,0.603887,-0.268188,0.138505,0.410389,0.55632,0.306885,0.66192,0.493728,-0.473197,0.192102,0.409026,0.202731,-0.241939,-0.602164,-0.29588,0.700942,21.45005886665619,2.1308897384513648,26.26499369436146,23.959777645617397,-7.657061300009323,3.8282310808599282
7.936969757080078,1.08111,-2.22829,-0.48278,-0.482306,0.60604,-0.292486,0.138557,0.41038,0.556234,0.306634,0.661238,0.494652,-0.473349,0.193665,0.407154,0.202215,-0.240645,-0.603551,-0.293223,0.70131,21.520421091565794,2.366091193406406,26.609069168266004,23.05585877650311,-7.001343988038638,4.1225045311527895
7.937918186187744,1.08111,-2.22829,-0.48278,-0.482306,0.60604,-0.292486,0.138557,0.41038,0.556234,0.306634,0.661238,0.494652,-0.473349,0.193665,0.407154,0.202215,-0.240645,-0.603551,-0.293223,0.70131,21.520421091565794,2.366091193406406,26.609069168266004,23.05585877650311,-7.001343988038638,4.1225045311527895
7.953588247299194,1.33995,-2.28952,-0.548422,-0.499439,0.591977,-0.294101,0.138607,0.410359,0.556182,0.306422,0.661429,0.494788,-0.473077,0.194074,0.405868,0.20184,-0.237749,-0.598468,-0.288246,0.708679,22.21710152158927,1.5763843922968332,27.59799207242733,24.69439376798529,-6.146522377969661,1.0401452877149586
7.954545259475708,1.33995,-2.28952,-0.548422,-0.499439,0.591977,-0.294101,0.138607,0.410359,0.556182,0.306422,0.661429,0.494788,-0.473077,0.194074,0.405868,0.20184,-0.237749,-0.598468,-0.288246,0.708679,22.21710152158927,1.5763843922968332,27.59799207242733,24.69439376798529,-6.146522377969661,1.0401452877149586
7.987694978713989,2.37423,-2.70545,-0.888752,-0.546441,0.578748,-0.314226,0.138661,0.41033,0.556345,0.307404,0.661033,0.494878,-0.472899,0.196436,0.403425,0.201385,-0.237541,-0.606558,-0.283922,0.703598,21.905623921734062,2.6251868307060002,27.674674011507168,22.97308255774058,-7.81270346017453,4.179861034721155
7.988791465759277,2.37423,-2.70545,-0.888752,-0.546441,0.578748,-0.314226,0.138661,0.41033,0.556345,0.307404,0.661033,0.494878,-0.472899,0.196436,0.403425,0.201385,-0.237541,-0.606558,-0.283922,0.703598,21.905623921734062,2.6251868307060002,27.674674011507168,22.97308255774058,-7.81270346017453,4.179861034721155
8.003644943237305,2.49516,-2.58328,-1.04398,-0.525766,0.596683,-0.273622,0.138685,0.410342,0.556358,0.307087,0.661162,0.494754,-0.473054,0.196743,0.402829,0.201222,-0.23828,-0.603245,-0.282162,0.706897,22.359612355927087,2.2778963751219465,27.853701710748595,23.724301731546003,-6.543438177014317,2.392865889979424
8.004595279693604,2.49516,-2.58328,-1.04398,-0.525766,0.596683,-0.273622,0.138685,0.410342,0.556358,0.307087,0.661162,0.494754,-0.473054,0.196743,0.402829,0.201222,-0.23828,-0.603245,-0.282162,0.706897,22.359612355927087,2.2778963751219465,27.853701710748595,23.724301731546003,-6.543438177014317,2.392865889979424
8.020620822906494,2.26663,-2.22458,-1.12957,-0.482607,0.638729,-0.204454,0.138696,0.410336,0.556384,0.306885,0.661158,0.49504,-0.472892,0.197638,0.40197,0.201039,-0.235703,-0.606971,-0.280505,0.705229,22.11820715264809,2.6429408536897094,28.102766240949922,22.795517101487523,-7.371541013252976,3.820280046712027
8.021564960479736,2.26663,-2.22458,-1.12957,-0.482607,0.638729,-0.204454,0.138696,0.410336,0.556384,0.306885,0.661158,0.49504,-0.472892,0.197638,0.40197,0.201039,-0.235703,-0.606971,-0.280505,0.705229,22.11820715264809,2.6429408536897094,28.102766240949922,22.795517101487523,-7.371541013252976,3.820280046712027
8.037046670913696,1.99158,-2.30163,-0.886502,-0.507449,0.609839,-0.207612,0.138672,0.410306,0.556302,0.306741,0.661281,0.494416,-0.473467,0.199048,0.400896,0.200951,-0.230072,-0.608676,-0.277398,0.706845,21.891601042626537,2.5751830769615878,28.805227932230153,22.98786675795655,-7.180588731430312,4.221175531357327
8.037996530532837,1.99158,-2.30163,-0.886502,-0.507449,0.609839,-0.207612,0.138672,0.410306,0.556302,0.306741,0.661281,0.494416,-0.473467,0.199048,0.400896,0.200951,-0.230072,-0.608676,-0.277398,0.706845,21.891601042626537,2.5751830769615878,28.805227932230153,22.98786675795655,-7.180588731430312,4.221175531357327
8.054287672042847,2.31382,-2.47283,-0.67781,-0.540705,0.535658,-0.225231,0.138654,0.410308,0.556274,0.306727,0.661021,0.494595,-0.473652,0.199574,0.400589,0.201042,-0.229677,-0.610109,-0.276952,0.705913,21.78763919647311,2.7803865404485006,28.819657885554594,22.707019960073936,-7.179505541240852,4.661588774595627
8.05526065826416,2.31382,-2.47283,-0.67781,-0.540705,0.535658,-0.225231,0.138654,0.410308,0.556274,0.306727,0.661021,0.494595,-0.473652,0.199574,0.400589,0.201042,-0.229677,-0.610109,-0.276952,0.705913,21.78763919647311,2.7803865404485006,28.819657885554594,22.707019960073936,-7.179505541240852,4.661588774595627
8.087741136550903,2.89289,-2.41521,-0.22479,-0.565436,0.434735,-0.157252,0.138559,0.410394,0.556121,0.30594,0.661363,0.495007,-0.473252,0.201677,0.39869,0.201149,-0.226143,-0.611884,-0.272902,0.707094,21.920500365517874,2.878676136669602,29.428457947733232,21.95147466575664,-6.4836971372724435,3.958520203745615
8.088759422302246,2.89289,-2.41521,-0.22479,-0.565436,0.434735,-0.157252,0.138559,0.410394,0.556121,0.30594,0.661363,0.495007,-0.473252,0.201677,0.39869,0.201149,-0.226143,-0.611884,-0.272902,0.707094,21.920500365517874,2.878676136669602,29.428457947733232,21.95147466575664,-6.4836971372724435,3.958520203745615
8.103637456893921,2.57996,-2.38466,-0.0473077,-0.578348,0.450012,-0.142966,0.138501,0.410361,0.556069,0.305473,0.660754,0.495788,-0.473586,0.202138,0.398255,0.201201,-0.222293,-0.611395,-0.27045,0.709675,21.96015949094601,2.7297815428838064,30.086176445734683,22.679934974538085,-6.298257503022227,3.248388197424163
8.104582071304321,2.57996,-2.38466,-0.0473077,-0.578348,0.450012,-0.142966,0.138501,0.410361,0.556069,0.305473,0.660754,0.495788,-0.473586,0.202138,0.398255,0.201201,-0.222293,-0.611395,-0.27045,0.709675,21.96015949094601,2.7297815428838064,30.086176445734683,22.679934974538085,-6.298257503022227,3.248388197424163
8.120832681655884,2.5163,-2.40451,-0.0327763,-0.586292,0.486088,-0.108504,0.138517,0.410402,0.556062,0.305409,0.661334,0.494939,-0.473706,0.20315,0.397642,0.201413,-0.222849,-0.61359,-0.270108,0.707734,21.851469580667647,3.00703772587055,29.85702140661409,21.888816803017587,-5.9897707994265685,3.839015727812513
8.121787309646606,2.5163,-2.40451,-0.0327763,-0.586292,0.486088,-0.108504,0.138517,0.410402,0.556062,0.305409,0.661334,0.494939,-0.473706,0.20315,0.397642,0.201413,-0.222849,-0.61359,-0.270108,0.707734,21.851469580667647,3.00703772587055,29.85702140661409,21.888816803017587,-5.9897707994265685,3.839015727812513
8.137084722518921,2.75669,-2.50114,0.0782582,-0.608682,0.458238,-0.091451,0.138526,0.410395,0.556115,0.305438,0.661652,0.494454,-0.473751,0.204748,0.396465,0.201799,-0.216951,-0.615233,-0.265411,0.709914,21.78113580909921,2.9002679027398393,30.7592644909996,22.576019993936224,-6.288236690712883,3.4370334298831384
8.138036489486694,2.75669,-2.50114,0.0782582,-0.608682,0.458238,-0.091451,0.138526,0.410395,0.556115,0.305438,0.661652,0.494454,-0.473751,0.204748,0.396465,0.201799,-0.216951,-0.615233,-0.265411,0.709914,21.78113580909921,2.9002679027398393,30.7592644909996,22.576019993936224,-6.288236690712883,3.4370334298831384
8.153748750686646,2.82978,-2.60416,0.195807,-0.633337,0.43932,-0.0847301,0.138554,0.410397,0.55614,0.3054,0.661893,0.495096,-0.472766,0.205444,0.396098,0.202121,-0.214731,-0.616143,-0.264929,0.709979,21.731047537871603,2.851118076223391,31.08861649006272,22.014370078125353,-6.516100501348061,3.194100693186157
8.15470004081726,2.82978,-2.60416,0.195807,-0.633337,0.43932,-0.0847301,0.138554,0.410397,0.55614,0.3054,0.661893,0.495096,-0.472766,0.205444,0.396098,0.202121,-0.214731,-0.616143,-0.264929,0.709979,21.731047537871603,2.851118076223391,31.08861649006272,22.014370078125353,-6.516100501348061,3.194100693186157
8.187239170074463,2.41992,-2.70079,0.480969,-0.694718,0.487442,-0.0490435,0.138731,0.410288,0.556032,0.305571,0.660996,0.494847,-0.474171,0.208411,0.394504,0.203153,-0.209094,-0.619879,-0.259773,0.710316,21.421652050110833,3.2089242603653294,31.86178680648156,22.866471458771468,-6.0596118206530285,3.204139735240903
8.188194990158081,2.41992,-2.70079,0.480969,-0.694718,0.487442,-0.0490435,0.138731,0.410288,0.556032,0.305571,0.660996,0.494847,-0.474171,0.208411,0.394504,0.203153,-0.209094,-0.619879,-0.259773,0.710316,21.421652050110833,3.2089242603653294,31.86178680648156,22.866471458771468,-6.0596118206530285,3.204139735240903
8.211083889007568,2.95504,-2.69361,0.149497,-0.695463,0.518404,-0.0174974,0.138745,0.410271,0.556048,0.30606,0.6609,0.495185,-0.473636,0.208912,0.393958,0.203372,-0.210131,-0.619944,-0.260323,0.709751,21.442384575516844,3.222233864893481,31.79860471029598,22.165726904109093,-5.739044272057922,3.0023811245780907
8.212970495223999,2.95504,-2.69361,0.149497,-0.695463,0.518404,-0.0174974,0.138745,0.410271,0.556048,0.30606,0.6609,0.495185,-0.473636,0.208912,0.393958,0.203372,-0.210131,-0.619944,-0.260323,0.709751,21.442384575516844,3.222233864893481,31.79860471029598,22.165726904109093,-5.739044272057922,3.0023811245780907
8.229528903961182,2.96338,-2.36333,-0.487487,-0.630264,0.728129,0.101056,0.138819,0.410184,0.556053,0.305176,0.661697,0.494676,-0.473624,0.211325,0.393349,0.204253,-0.203528,-0.623117,-0.256333,0.710349,21.244559023035958,3.321975125469857,32.54694839136304,22.768772217945617,-5.540926322074297,2.695394001014748
8.230562686920166,2.96338,-2.36333,-0.487487,-0.630264,0.728129,0.101056,0.138819,0.410184,0.556053,0.305176,0.661697,0.494676,-0.473624,0.211325,0.393349,0.204253,-0.203528,-0.623117,-0.256333,0.710349,21.244559023035958,3.321975125469857,32.54694839136304,22.768772217945617,-5.540926322074297,2.695394001014748
8.245233297348022,2.68649,-2.24417,-0.329229,-0.603409,0.745475,0.133003,0.138848,0.410177,0.556043,0.30522,0.661378,0.494743,-0.473973,0.211885,0.393352,0.204567,-0.201409,-0.624867,-0.256332,0.709415,20.957262335387785,3.480725206232319,32.682945686036526,22.665827524114253,-5.653347917818544,3.3737479362586504
8.246237993240356,2.68649,-2.24417,-0.329229,-0.603409,0.745475,0.133003,0.138848,0.410177,0.556043,0.30522,0.661378,0.494743,-0.473973,0.211885,0.393352,0.204567,-0.201409,-0.624867,-0.256332,0.709415,20.957262335387785,3.480725206232319,32.682945686036526,22.665827524114253,-5.653347917818544,3.3737479362586504
8.260552644729614,3.04812,-1.71532,-0.622114,-0.523587,0.828107,0.291454,0.138891,0.410143,0.556042,0.305089,0.661506,0.494484,-0.474148,0.212852,0.393332,0.205148,-0.198649,-0.626758,-0.255805,0.708715,20.696028810746018,3.594212349878491,32.88550134619613,22.710586427384147,-5.61207659914095,3.669899640198894
8.261501550674438,3.04812,-1.71532,-0.622114,-0.523587,0.828107,0.291454,0.138891,0.410143,0.556042,0.305089,0.661506,0.494484,-0.474148,0.212852,0.393332,0.205148,-0.198649,-0.626758,-0.255805,0.708715,20.696028810746018,3.594212349878491,32.88550134619613,22.710586427384147,-5.61207659914095,3.669899640198894
8.275742053985596,3.34596,-1.86306,-0.640742,-0.532901,0.836706,0.290932,0.138908,0.410129,0.556082,0.304775,0.661913,0.494681,-0.473576,0.213059,0.393174,0.205306,-0.196966,-0.627555,-0.255197,0.708698,20.677237228600944,3.5892405049498084,33.085196281366095,22.43027967814065,-6.032339586260462,3.599094215890224
8.276696920394897,3.34596,-1.86306,-0.640742,-0.532901,0.836706,0.290932,0.138908,0.410129,0.556082,0.304775,0.661913,0.494681,-0.473576,0.213059,0.393174,0.205306,-0.196966,-0.627555,-0.255197,0.708698,20.677237228600944,3.5892405049498084,33.085196281366095,22.43027967814065,-6.032339586260462,3.599094215890224
8.305911779403687,3.26168,-1.47453,-0.74819,-0.460677,0.993707,0.445725,0.139028,0.41005,0.556112,0.305111,0.662061,0.494202,-0.473653,0.214683,0.393148,0.206154,-0.192736,-0.630135,-0.254114,0.707961,20.2909317176744,3.680077529089114,33.481901950842385,22.838378615191754,-6.077046514712458,4.016523230439733
8.306855201721191,3.26168,-1.47453,-0.74819,-0.460677,0.993707,0.445725,0.139028,0.41005,0.556112,0.305111,0.662061,0.494202,-0.473653,0.214683,0.393148,0.206154,-0.192736,-0.630135,-0.254114,0.707961,20.2909317176744,3.680077529089114,33.481901950842385,22.838378615191754,-6.077046514712458,4.016523230439733
8.320195436477661,2.96785,-1.41053,-0.686281,-0.462488,1.04238,0.451788,0.139092,0.410035,0.55608,0.305093,0.66266,0.494172,-0.472857,0.214891,0.39311,0.206354,-0.193673,-0.629689,-0.254674,0.707901,20.409381918717873,3.57974351525504,33.38802188386671,22.437743690134,-5.908543117359572,3.3752268476201728
8.321147441864014,2.96785,-1.41053,-0.686281,-0.462488,1.04238,0.451788,0.139092,0.410035,0.55608,0.305093,0.66266,0.494172,-0.472857,0.214891,0.39311,0.206354,-0.193673,-0.629689,-0.254674,0.707901,20.409381918717873,3.57974351525504,33.38802188386671,22.437743690134,-5.908543117359572,3.3752268476201728
8.337017297744751,3.4786,-1.41003,-0.735882,-0.46598,1.05786,0.496779,0.13919,0.40994,0.556017,0.306587,0.661825,0.492546,-0.474753,0.215846,0.392848,0.206883,-0.194114,-0.629217,-0.253086,0.708768,20.268528014086893,3.5551992711915825,33.41426313691189,24.222421389244516,-5.0547062252378385,3.1843461597339293
8.337982892990112,3.4786,-1.41003,-0.735882,-0.46598,1.05786,0.496779,0.13919,0.40994,0.556017,0.306587,0.661825,0.492546,-0.474753,0.215846,0.392848,0.206883,-0.194114,-0.629217,-0.253086,0.708768,20.268528014086893,3.5551992711915825,33.41426313691189,24.222421389244516,-5.0547062252378385,3.1843461597339293
8.35411024093628,3.49941,-1.52317,-0.634093,-0.487654,1.0769,0.495291,0.139178,0.409947,0.556006,0.305992,0.662165,0.493534,-0.473637,0.216265,0.392922,0.207156,-0.188325,-0.631948,-0.251817,0.708353,20.008279676096656,3.62800628995273,34.06853051337089,23.883326638258897,-6.4394390403173825,3.6814264515794934
8.355056047439575,3.49941,-1.52317,-0.634093,-0.487654,1.0769,0.495291,0.139178,0.409947,0.556006,0.305992,0.662165,0.493534,-0.473637,0.216265,0.392922,0.207156,-0.188325,-0.631948,-0.251817,0.708353,20.008279676096656,3.62800628995273,34.06853051337089,23.883326638258897,-6.4394390403173825,3.6814264515794934
8.387385606765747,2.66312,-1.11836,-0.432633,-0.442392,1.21922,0.61679,0.139193,0.409913,0.555809,0.307659,0.662074,0.492733,-0.473516,0.217424,0.392942,0.207875,-0.185101,-0.633938,-0.253137,0.706953,19.409226734401535,3.568093617822408,34.298729762566595,23.71801907346116,-6.524807748219575,4.512137859480946
8.388357400894165,2.66312,-1.11836,-0.432633,-0.442392,1.21922,0.61679,0.139193,0.409913,0.555809,0.307659,0.662074,0.492733,-0.473516,0.217424,0.392942,0.207875,-0.185101,-0.633938,-0.253137,0.706953,19.409226734401535,3.568093617822408,34.298729762566595,23.71801907346116,-6.524807748219575,4.512137859480946
8.404053688049316,2.62783,-1.33371,-0.296149,-0.473003,1.18714,0.570202,0.139176,0.409863,0.555773,0.30814,0.661778,0.492643,-0.473713,0.217425,0.392919,0.207909,-0.188445,-0.634421,-0.25474,0.705057,19.37939064476236,3.7840752318451485,33.82512504401379,23.172448716386363,-6.2209814165354596,4.986397714155602
8.404999017715454,2.62783,-1.33371,-0.296149,-0.473003,1.18714,0.570202,0.139176,0.409863,0.555773,0.30814,0.661778,0.492643,-0.473713,0.217425,0.392919,0.207909,-0.188445,-0.634421,-0.25474,0.705057,19.37939064476236,3.7840752318451485,33.82512504401379,23.172448716386363,-6.2209814165354596,4.986397714155602
8.420344352722168,2.56127,-1.20272,-0.366885,-0.459828,1.2116,0.59159,0.139231,0.409841,0.555772,0.307929,0.661991,0.492459,-0.473742,0.218179,0.39306,0.208405,-0.184575,-0.634713,-0.251838,0.706859,19.387202314559175,3.6528706238990503,34.41210258272928,24.59231838052405,-6.508965082908257,4.19198503031102
8.421305894851685,2.56127,-1.20272,-0.366885,-0.459828,1.2116,0.59159,0.139231,0.409841,0.555772,0.307929,0.661991,0.492459,-0.473742,0.218179,0.39306,0.208405,-0.184575,-0.634713,-0.251838,0.706859,19.387202314559175,3.6528706238990503,34.41210258272928,24.59231838052405,-6.508965082908257,4.19198503031102
8.437079429626465,2.2796,-1.08353,-0.549034,-0.44522,1.26402,0.577688,0.139265,0.409827,0.555793,0.307976,0.662034,0.492487,-0.473623,0.218629,0.393301,0.208848,-0.18141,-0.636834,-0.253819,0.70506,18.88102220005561,3.7450868057669386,34.496068505514835,23.68126391791273,-6.67161507086864,5.32246773503486
8.43801498413086,2.2796,-1.08353,-0.549034,-0.44522,1.26402,0.577688,0.139265,0.409827,0.555793,0.307976,0.662034,0.492487,-0.473623,0.218629,0.393301,0.208848,-0.18141,-0.636834,-0.253819,0.70506,18.88102220005561,3.7450868057669386,34.496068505514835,23.68126391791273,-6.67161507086864,5.32246773503486
8.454354286193848,2.12983,-1.10623,-0.7283,-0.441341,1.29377,0.54815,0.139299,0.409873,0.555883,0.307168,0.662042,0.492323,-0.474307,0.218915,0.393436,0.209217,-0.18346,-0.636429,-0.253954,0.704846,19.028902116649412,3.881286616399844,34.17411930548434,23.781827707516605,-5.6760153591469,4.764527498567208
8.45530104637146,2.12983,-1.10623,-0.7283,-0.441341,1.29377,0.54815,0.139299,0.409873,0.555883,0.307168,0.662042,0.492323,-0.474307,0.218915,0.393436,0.209217,-0.18346,-0.636429,-0.253954,0.704846,19.028902116649412,3.881286616399844,34.17411930548434,23.781827707516605,-5.6760153591469,4.764527498567208
8.48703908920288,1.6939,-1.10523,-1.27674,-0.407771,1.27242,0.360379,0.139387,0.409815,0.556048,0.307153,0.661977,0.492593,-0.474126,0.21934,0.394542,0.210186,-0.181983,-0.634898,-0.254789,0.706307,18.99112553978909,3.5873240661603503,34.36492529040468,24.925653655647064,-5.018880990191318,3.5191235239859733
8.488001585006714,1.6939,-1.10523,-1.27674,-0.407771,1.27242,0.360379,0.139387,0.409815,0.556048,0.307153,0.661977,0.492593,-0.474126,0.21934,0.394542,0.210186,-0.181983,-0.634898,-0.254789,0.706307,18.99112553978909,3.5873240661603503,34.36492529040468,24.925653655647064,-5.018880990191318,3.5191235239859733
8.504120826721191,1.2265,-0.595272,-1.3575,-0.340129,1.28707,0.383192,0.139393,0.409809,0.55605,0.307159,0.661936,0.492632,-0.474139,0.219348,0.394914,0.210362,-0.18415,-0.636214,-0.256301,0.70401,18.902096370174693,3.86725684929434,33.95811694776749,24.40841877663741,-5.071253903980134,4.162834433759158
8.505069255828857,1.2265,-0.595272,-1.3575,-0.340129,1.28707,0.383192,0.139393,0.409809,0.55605,0.307159,0.661936,0.492632,-0.474139,0.219348,0.394914,0.210362,-0.18415,-0.636214,-0.256301,0.70401,18.902096370174693,3.86725684929434,33.95811694776749,24.40841877663741,-5.071253903980134,4.162834433759158
8.520326614379883,0.905712,-0.807281,-1.40589,-0.345651,1.16914,0.192749,0.139373,0.409804,0.556074,0.307302,0.661464,0.493458,-0.473846,0.219283,0.395781,0.210832,-0.182625,-0.637067,-0.258916,0.702678,18.54521279119822,3.908277791285741,33.96395204444907,23.994980207381463,-5.214926639303189,4.750576595642989
8.521308898925781,0.905712,-0.807281,-1.40589,-0.345651,1.16914,0.192749,0.139373,0.409804,0.556074,0.307302,0.661464,0.493458,-0.473846,0.219283,0.395781,0.210832,-0.182625,-0.637067,-0.258916,0.702678,18.54521279119822,3.908277791285741,33.96395204444907,23.994980207381463,-5.214926639303189,4.750576595642989
8.537023305892944,1.501,-0.946121,-1.87191,-0.336442,1.05592,0.0784679,0.139321,0.409942,0.556171,0.307139,0.662427,0.492847,-0.473241,0.218701,0.397186,0.211339,-0.183108,-0.636429,-0.261187,0.702289,18.487354981853528,3.7078937075331138,33.72080136546105,24.1233339120098,-5.320655062460323,4.369831631099584
8.537991046905518,1.501,-0.946121,-1.87191,-0.336442,1.05592,0.0784679,0.139321,0.409942,0.556171,0.307139,0.662427,0.492847,-0.473241,0.218701,0.397186,0.211339,-0.183108,-0.636429,-0.261187,0.702289,18.487354981853528,3.7078937075331138,33.72080136546105,24.1233339120098,-5.320655062460323,4.369831631099584
8.554360628128052,1.98982,-0.589348,-1.60217,-0.284692,0.89351,0.134774,0.139285,0.409967,0.556222,0.3068,0.662653,0.492991,-0.472996,0.2185,0.397593,0.211433,-0.182963,-0.637681,-0.261722,0.700992,18.400950935066717,3.8673859736797502,33.62425341454353,23.82670044332079,-5.832623861768218,4.8840181101355
8.555307626724243,1.98982,-0.589348,-1.60217,-0.284692,0.89351,0.134774,0.139285,0.409967,0.556222,0.3068,0.662653,0.492991,-0.472996,0.2185,0.397593,0.211433,-0.182963,-0.637681,-0.261722,0.700992,18.400950935066717,3.8673859736797502,33.62425341454353,23.82670044332079,-5.832623861768218,4.8840181101355
8.587791204452515,0.296692,-0.461763,-0.979595,-0.264475,0.782925,-0.00261247,0.139094,0.410051,0.556333,0.307615,0.661518,0.49358,-0.473441,0.217556,0.399355,0.212044,-0.183621,-0.637065,-0.265589,0.699924,18.033956906793723,3.8313647846899563,33.38384161329697,24.287556105454453,-5.804356347996563,5.40847288499744
8.58880352973938,0.296692,-0.461763,-0.979595,-0.264475,0.782925,-0.00261247,0.139094,0.410051,0.556333,0.307615,0.661518,0.49358,-0.473441,0.217556,0.399355,0.212044,-0.183621,-0.637065,-0.265589,0.699924,18.033956906793723,3.8313647846899563,33.38384161329697,24.287556105454453,-5.804356347996563,5.40847288499744
8.603567838668823,0.373743,-0.3351,-1.07657,-0.251918,0.746279,-0.0184617,0.13902,0.410108,0.556292,0.307485,0.661782,0.493702,-0.473028,0.2172,0.400033,0.212314,-0.186934,-0.634203,-0.265768,0.701576,18.475112219074663,3.5807382632489255,33.17319702158949,25.197604297146547,-5.108755834776384,3.4872872614173955
8.604508638381958,0.373743,-0.3351,-1.07657,-0.251918,0.746279,-0.0184617,0.13902,0.410108,0.556292,0.307485,0.661782,0.493702,-0.473028,0.2172,0.400033,0.212314,-0.186934,-0.634203,-0.265768,0.701576,18.475112219074663,3.5807382632489255,33.17319702158949,25.197604297146547,-5.108755834776384,3.4872872614173955
8.620279312133789,0.460926,-0.0779436,-1.17597,-0.244061,0.683176,-0.0466847,0.138992,0.410092,0.556272,0.307494,0.661872,0.493582,-0.473023,0.21732,0.400923,0.212956,-0.183392,-0.6377,-0.268395,0.698334,17.780398756900503,3.8333062867542393,33.15926499480049,24.374944447957372,-5.921148939038089,5.306836166915433
8.62124228477478,0.460926,-0.0779436,-1.17597,-0.244061,0.683176,-0.0466847,0.138992,0.410092,0.556272,0.307494,0.661872,0.493582,-0.473023,0.21732,0.400923,0.212956,-0.183392,-0.6377,-0.268395,0.698334,17.780398756900503,3.8333062867542393,33.15926499480049,24.374944447957372,-5.921148939038089,5.306836166915433
8.637221336364746,0.307343,-0.166129,-1.09171,-0.271918,0.649377,-0.0998448,0.139012,0.410062,0.556228,0.306343,0.662395,0.494087,-0.472509,0.217247,0.401709,0.213326,-0.187445,-0.635798,-0.269531,0.698555,18.222539772782465,3.8038636121088314,32.69078693930066,24.577734695637773,-4.848973020718718,3.5727678469174533
8.638181686401367,0.307343,-0.166129,-1.09171,-0.271918,0.649377,-0.0998448,0.139012,0.410062,0.556228,0.306343,0.662395,0.494087,-0.472509,0.217247,0.401709,0.213326,-0.187445,-0.635798,-0.269531,0.698555,18.222539772782465,3.8038636121088314,32.69078693930066,24.577734695637773,-4.848973020718718,3.5727678469174533
8.653817892074585,0.425871,-0.36485,-1.16318,-0.293169,0.624319,-0.161822,0.139016,0.410067,0.556206,0.305916,0.662452,0.494286,-0.472498,0.21715,0.402984,0.214194,-0.187553,-0.636402,-0.272802,0.696703,17.939895915644367,3.8827321488646485,32.36686524953055,24.260233343134704,-4.495833878215214,3.6565324056876305
8.654763460159302,0.425871,-0.36485,-1.16318,-0.293169,0.624319,-0.161822,0.139016,0.410067,0.556206,0.305916,0.662452,0.494286,-0.472498,0.21715,0.402984,0.214194,-0.187553,-0.636402,-0.272802,0.696703,17.939895915644367,3.8827321488646485,32.36686524953055,24.260233343134704,-4.495833878215214,3.6565324056876305
8.687392950057983,-0.171911,-0.39498,-1.90567,-0.249536,0.73442,-0.217171,0.139042,0.410112,0.556328,0.307617,0.66237,0.492864,-0.472993,0.215695,0.407772,0.21669,-0.192315,-0.638407,-0.284183,0.688978,16.852039351725736,4.1187594652717,30.88107519800999,24.367204345759895,-4.756087793931181,5.576137419953807
8.688342094421387,-0.171911,-0.39498,-1.90567,-0.249536,0.73442,-0.217171,0.139042,0.410112,0.556328,0.307617,0.66237,0.492864,-0.472993,0.215695,0.407772,0.21669,-0.192315,-0.638407,-0.284183,0.688978,16.852039351725736,4.1187594652717,30.88107519800999,24.367204345759895,-4.756087793931181,5.576137419953807
8.703618288040161,0.0751328,-0.301546,-1.77834,-0.224206,0.662623,-0.20193,0.139034,0.410085,0.556425,0.308419,0.661172,0.493802,-0.47317,0.215195,0.408818,0.217247,-0.193395,-0.63587,-0.286242,0.690169,16.84006740997196,3.8722009717632915,30.861956779617202,25.37512233159759,-4.225182817732566,4.730853063885375
8.70456576347351,0.0751328,-0.301546,-1.77834,-0.224206,0.662623,-0.20193,0.139034,0.410085,0.556425,0.308419,0.661172,0.493802,-0.47317,0.215195,0.408818,0.217247,-0.193395,-0.63587,-0.286242,0.690169,16.84006740997196,3.8722009717632915,30.861956779617202,25.37512233159759,-4.225182817732566,4.730853063885375
8.720364332199097,-0.175811,0.0962338,-1.75502,-0.152138,0.646943,-0.139594,0.139117,0.410119,0.556482,0.30879,0.662339,0.492467,-0.472685,0.214495,0.411168,0.218452,-0.197162,-0.63736,-0.291329,0.685585,16.49583556142713,4.027826158443594,29.93056675094925,25.15158145426282,-4.661723705075329,5.406279666691271
8.721307516098022,-0.175811,0.0962338,-1.75502,-0.152138,0.646943,-0.139594,0.139117,0.410119,0.556482,0.30879,0.662339,0.492467,-0.472685,0.214495,0.411168,0.218452,-0.197162,-0.63736,-0.291329,0.685585,16.49583556142713,4.027826158443594,29.93056675094925,25.15158145426282,-4.661723705075329,5.406279666691271
8.737055778503418,-0.49512,0.173807,-1.64243,-0.139345,0.638281,-0.12741,0.139126,0.410139,0.556678,0.307036,0.661219,0.494423,-0.473355,0.212688,0.415219,0.220541,-0.202999,-0.63532,-0.300147,0.681962,16.312096482432953,4.254330012353222,28.666766776242355,25.48882623421459,-3.1222284895996832,4.43821311020812
8.738003730773926,-0.49512,0.173807,-1.64243,-0.139345,0.638281,-0.12741,0.139126,0.410139,0.556678,0.307036,0.661219,0.494423,-0.473355,0.212688,0.415219,0.220541,-0.202999,-0.63532,-0.300147,0.681962,16.312096482432953,4.254330012353222,28.666766776242355,25.48882623421459,-3.1222284895996832,4.43821311020812
8.754294157028198,-0.195496,0.0985534,-1.54786,-0.153175,0.590726,-0.138823,0.139137,0.410119,0.556644,0.306746,0.661514,0.493893,-0.473684,0.212171,0.416802,0.221323,-0.206379,-0.637531,-0.305534,0.67647,15.833683336645928,4.663097900226335,27.690279834016174,24.336256050228968,-2.787906114133265,5.953361994592463
8.755248785018921,-0.195496,0.0985534,-1.54786,-0.153175,0.590726,-0.138823,0.139137,0.410119,0.556644,0.306746,0.661514,0.493893,-0.473684,0.212171,0.416802,0.221323,-0.206379,-0.637531,-0.305534,0.67647,15.833683336645928,4.663097900226335,27.690279834016174,24.336256050228968,-2.787906114133265,5.953361994592463
8.787232637405396,-1.29976,-0.32493,-1.11897,-0.219053,0.588773,-0.24571,0.139276,0.410018,0.556408,0.308912,0.661471,0.492834,-0.473438,0.208248,0.42566,0.225641,-0.227684,-0.636705,-0.326505,0.660425,14.947446132250949,5.273443516842842,23.85704304727291,25.117194343983083,-1.728290416999868,6.5753498550606
8.788190126419067,-1.29976,-0.32493,-1.11897,-0.219053,0.588773,-0.24571,0.139276,0.410018,0.556408,0.308912,0.661471,0.492834,-0.473438,0.208248,0.42566,0.225641,-0.227684,-0.636705,-0.326505,0.660425,14.947446132250949,5.273443516842842,23.85704304727291,25.117194343983083,-1.728290416999868,6.5753498550606
8.803684711456299,-0.850836,-0.630213,-0.93805,-0.248929,0.490723,-0.293881,0.139275,0.410022,0.556422,0.308132,0.662207,0.493259,-0.472475,0.207196,0.427543,0.226435,-0.233816,-0.636457,-0.330548,0.656498,15.076967717166163,5.516795096199034,22.86697561160974,24.792124806110245,-1.5284811882510607,6.032130220613887
8.804647207260132,-0.850836,-0.630213,-0.93805,-0.248929,0.490723,-0.293881,0.139275,0.410022,0.556422,0.308132,0.662207,0.493259,-0.472475,0.207196,0.427543,0.226435,-0.233816,-0.636457,-0.330548,0.656498,15.076967717166163,5.516795096199034,22.86697561160974,24.792124806110245,-1.5284811882510607,6.032130220613887
8.820375919342041,-0.796064,0.126972,-0.759439,-0.107067,0.443909,-0.135369,0.139265,0.410072,0.556508,0.30797,0.662581,0.492624,-0.472719,0.204893,0.431373,0.228418,-0.239386,-0.634551,-0.339363,0.651822,14.6749113608657,5.434020242934443,21.537117746816016,25.322091033126714,-0.7790818091950357,5.790900222231968
8.821322679519653,-0.796064,0.126972,-0.759439,-0.107067,0.443909,-0.135369,0.139265,0.410072,0.556508,0.30797,0.662581,0.492624,-0.472719,0.204893,0.431373,0.228418,-0.239386,-0.634551,-0.339363,0.651822,14.6749113608657,5.434020242934443,21.537117746816016,25.322091033126714,-0.7790818091950357,5.790900222231968
8.837167739868164,-0.776931,0.159419,-0.603853,-0.0870346,0.397149,-0.139997,0.139008,0.410222,0.556569,0.308156,0.661062,0.494118,-0.473164,0.20179,0.436805,0.231576,0.250367,0.639505,0.351837,-0.636051,13.531235504507535,6.765229438447073,19.217457072971914,24.27833061627977,-1.413406750269666,8.767032765172921
8.838118076324463,-0.776931,0.159419,-0.603853,-0.0870346,0.397149,-0.139997,0.139008,0.410222,0.556569,0.308156,0.661062,0.494118,-0.473164,0.20179,0.436805,0.231576,0.250367,0.639505,0.351837,-0.636051,13.531235504507535,6.765229438447073,19.217457072971914,24.27833061627977,-1.413406750269666,8.767032765172921
8.853769302368164,-0.915077,-0.109261,-0.678709,-0.119659,0.421641,-0.200609,0.138946,0.410255,0.556601,0.307265,0.660943,0.494438,-0.473575,0.200563,0.438646,0.232726,0.255123,0.63655,0.355265,-0.635218,13.731574794291156,6.71734968929516,18.45322350266114,25.307801255817083,-0.20660773899204293,7.0981599281661625
8.85471796989441,-0.915077,-0.109261,-0.678709,-0.119659,0.421641,-0.200609,0.138946,0.410255,0.556601,0.307265,0.660943,0.494438,-0.473575,0.200563,0.438646,0.232726,0.255123,0.63655,0.355265,-0.635218,13.731574794291156,6.71734968929516,18.45322350266114,25.307801255817083,-0.20660773899204293,7.0981599281661625
8.887031078338623,-1.16349,-0.0328374,-0.79276,-0.08303,0.47975,-0.183853,0.138876,0.4102,0.556401,0.307531,0.662155,0.493754,-0.472422,0.192184,0.448762,0.238438,0.281879,0.63576,0.379083,-0.61045,12.66681095425439,7.790245049342329,13.480809351428075,25.311042847526235,-0.71252459315115,7.503837485660334
8.887981653213501,-1.16349,-0.0328374,-0.79276,-0.08303,0.47975,-0.183853,0.138876,0.4102,0.556401,0.307531,0.662155,0.493754,-0.472422,0.192184,0.448762,0.238438,0.281879,0.63576,0.379083,-0.61045,12.66681095425439,7.790245049342329,13.480809351428075,25.311042847526235,-0.71252459315115,7.503837485660334
8.904139280319214,-1.31487,-0.134036,-0.772587,-0.0855956,0.490349,-0.204129,0.138812,0.410211,0.556367,0.307766,0.661677,0.494075,-0.472603,0.189963,0.450839,0.239696,0.286901,0.635476,0.38401,-0.605305,12.355572912924881,8.052747976532192,12.54244716199322,25.45068814608952,-1.082971480491277,7.758995844296868
8.905163288116455,-1.31487,-0.134036,-0.772587,-0.0855956,0.490349,-0.204129,0.138812,0.410211,0.556367,0.307766,0.661677,0.494075,-0.472603,0.189963,0.450839,0.239696,0.286901,0.635476,0.38401,-0.605305,12.355572912924881,8.052747976532192,12.54244716199322,25.45068814608952,-1.082971480491277,7.758995844296868
8.920402526855469,-1.01354,0.244404,-0.702745,-0.0273393,0.41765,-0.108968,0.138673,0.410321,0.556353,0.307727,0.661312,0.494709,-0.472476,0.1854,0.455,0.242449,0.300867,0.634046,0.394721,-0.593009,11.926637473864103,8.704443710210867,10.120411574349452,25.337913352886815,-0.9642747961422318,7.5385424178092775
8.92134428024292,-1.01354,0.244404,-0.702745,-0.0273393,0.41765,-0.108968,0.138673,0.410321,0.556353,0.307727,0.661312,0.494709,-0.472476,0.1854,0.455,0.242449,0.300867,0.634046,0.394721,-0.593009,11.926637473864103,8.704443710210867,10.120411574349452,25.337913352886815,-0.9642747961422318,7.5385424178092775
8.937043905258179,-1.74548,0.0345814,-0.499645,-0.0409375,0.445874,-0.156052,0.138633,0.410348,0.556411,0.307881,0.661926,0.493625,-0.472649,0.177905,0.461022,0.246537,0.320246,0.633635,0.410668,-0.572102,10.82320700631933,9.662476397787717,6.402262028844682,24.694506123809056,-1.730360199776835,8.690610214147428
8.93799114227295,-1.74548,0.0345814,-0.499645,-0.0409375,0.445874,-0.156052,0.138633,0.410348,0.556411,0.307881,0.661926,0.493625,-0.472649,0.177905,0.461022,0.246537,0.320246,0.633635,0.410668,-0.572102,10.82320700631933,9.662476397787717,6.402262028844682,24.694506123809056,-1.730360199776835,8.690610214147428
8.954284906387329,-0.843489,0.216116,-1.05774,0.0212579,0.474091,-0.0953651,0.138672,0.410323,0.556443,0.307951,0.661872,0.493862,-0.472432,0.175328,0.462805,0.247757,0.328052,0.631684,0.41624,-0.565774,10.667343700510331,9.88729498026383,5.088202998353194,24.70069616013032,-1.4410394877076318,8.335396975218181
8.95526909828186,-0.843489,0.216116,-1.05774,0.0212579,0.474091,-0.0953651,0.138672,0.410323,0.556443,0.307951,0.661872,0.493862,-0.472432,0.175328,0.462805,0.247757,0.328052,0.631684,0.41624,-0.565774,10.667343700510331,9.88729498026383,5.088202998353194,24.70069616013032,-1.4410394877076318,8.335396975218181
8.987017154693604,-1.82182,0.947189,-1.27366,0.119328,0.593612,0.00110904,0.138947,0.41024,0.556697,0.306593,0.660986,0.494613,-0.473768,0.163963,0.470758,0.253047,0.353906,0.625442,0.439651,-0.538777,9.33189329331747,10.85439797862164,-0.02233636870802882,24.872335944167826,-0.2964190178016739,9.011209299879216
8.9879629611969,-1.82182,0.947189,-1.27366,0.119328,0.593612,0.00110904,0.138947,0.41024,0.556697,0.306593,0.660986,0.494613,-0.473768,0.163963,0.470758,0.253047,0.353906,0.625442,0.439651,-0.538777,9.33189329331747,10.85439797862164,-0.02233636870802882,24.872335944167826,-0.2964190178016739,9.011209299879216
9.004249572753906,-1.32668,-0.345345,-1.08465,-0.0272017,0.488652,-0.253842,0.138964,0.41024,0.556674,0.306966,0.660989,0.494573,-0.473564,0.161597,0.47223,0.254033,0.35931,0.624302,0.443424,-0.533403,9.111717310845187,11.026165404171334,-0.9540441689894308,25.154570016701104,-0.7516799686278696,8.91320299906452
9.005194664001465,-1.32668,-0.345345,-1.08465,-0.0272017,0.488652,-0.253842,0.138964,0.41024,0.556674,0.306966,0.660989,0.494573,-0.473564,0.161597,0.47223,0.254033,0.35931,0.624302,0.443424,-0.533403,9.111717310845187,11.026165404171334,-0.9540441689894308,25.154570016701104,-0.7516799686278696,8.91320299906452
9.020682334899902,-1.77556,0.144467,-0.744582,0.054353,0.451612,-0.138679,0.139021,0.410236,0.556626,0.307278,0.660959,0.494491,-0.473489,0.156337,0.475208,0.256096,0.370801,0.621173,0.452487,-0.521446,8.573018944367904,11.340491478574947,-3.084980385850867,25.45761255361205,-1.0015813650480712,8.87259632642626
9.02163577079773,-1.77556,0.144467,-0.744582,0.054353,0.451612,-0.138679,0.139021,0.410236,0.556626,0.307278,0.660959,0.494491,-0.473489,0.156337,0.475208,0.256096,0.370801,0.621173,0.452487,-0.521446,8.573018944367904,11.340491478574947,-3.084980385850867,25.45761255361205,-1.0015813650480712,8.87259632642626
9.037066459655762,-1.63453,-0.0470121,-0.590108,0.0612902,0.37964,-0.161701,0.139102,0.41018,0.556597,0.307408,0.661275,0.494836,-0.472602,0.147292,0.479601,0.259288,0.384729,0.617353,0.467376,-0.502413,7.481266336799382,11.615914672631806,-6.057542049413264,24.821731574938497,-2.4550305649448654,9.46881294820849
9.038010358810425,-1.63453,-0.0470121,-0.590108,0.0612902,0.37964,-0.161701,0.139102,0.41018,0.556597,0.307408,0.661275,0.494836,-0.472602,0.147292,0.479601,0.259288,0.384729,0.617353,0.467376,-0.502413,7.481266336799382,11.615914672631806,-6.057542049413264,24.821731574938497,-2.4550305649448654,9.46881294820849
9.054271936416626,-1.67993,0.197675,-0.648352,0.108605,0.388294,-0.106698,0.139102,0.41018,0.556597,0.307408,0.661275,0.494836,-0.472602,0.147292,0.479601,0.259288,0.384729,0.617353,0.467376,-0.502413,7.481266336799382,11.615914672631806,-6.057542049413264,24.821731574938497,-2.4550305649448654,9.46881294820849
9.055230379104614,-1.67993,0.197675,-0.648352,0.108605,0.388294,-0.106698,0.139102,0.41018,0.556597,0.307408,0.661275,0.494836,-0.472602,0.147292,0.479601,0.259288,0.384729,0.617353,0.467376,-0.502413,7.481266336799382,11.615914672631806,-6.057542049413264,24.821731574938497,-2.4550305649448654,9.46881294820849
9.071587800979614,-1.58659,0.451128,-0.979702,0.174122,0.437986,-0.0487931,0.139008,0.410224,0.55678,0.306398,0.66079,0.495185,-0.473569,0.137841,0.483299,0.262058,0.401026,0.611919,0.480953,-0.483133,6.53460986540939,12.156540877525991,-9.390525296973731,24.61363544367365,-2.59540999722608,10.017543850178306
9.072537422180176,-1.58659,0.451128,-0.979702,0.174122,0.437986,-0.0487931,0.139008,0.410224,0.55678,0.306398,0.66079,0.495185,-0.473569,0.137841,0.483299,0.262058,0.401026,0.611919,0.480953,-0.483133,6.53460986540939,12.156540877525991,-9.390525296973731,24.61363544367365,-2.59540999722608,10.017543850178306
9.103789329528809,-1.9962,1.03169,-0.703067,0.281469,0.376019,0.0527876,0.138875,0.410327,0.556865,0.307302,0.661714,0.494902,-0.471987,0.129136,0.486688,0.264542,0.411687,0.609721,0.490599,-0.466977,5.624148608567351,12.352558325405537,-11.581811027357288,24.244569172885516,-6.2443946247483755,10.297103687636994
9.104738235473633,-1.9962,1.03169,-0.703067,0.281469,0.376019,0.0527876,0.138875,0.410327,0.556865,0.307302,0.661714,0.494902,-0.471987,0.129136,0.486688,0.264542,0.411687,0.609721,0.490599,-0.466977,5.624148608567351,12.352558325405537,-11.581811027357288,24.244569172885516,-6.2443946247483755,10.297103687636994
9.120224952697754,-2.00702,1.21373,-0.61852,0.32576,0.321511,0.0586319,0.138755,0.41033,0.556856,0.307152,0.662182,0.494462,-0.471891,0.121243,0.489012,0.266398,0.423467,0.603756,0.501606,-0.452267,4.925888978160948,12.330771572878016,-14.128693177103647,24.21111291132855,-6.524963433740488,10.378753180350076
9.12117886543274,-2.00702,1.21373,-0.61852,0.32576,0.321511,0.0586319,0.138755,0.41033,0.556856,0.307152,0.662182,0.494462,-0.471891,0.121243,0.489012,0.266398,0.423467,0.603756,0.501606,-0.452267,4.925888978160948,12.330771572878016,-14.128693177103647,24.21111291132855,-6.524963433740488,10.378753180350076
9.13801097869873,-2.34516,1.11475,-0.621499,0.335282,0.326962,0.00192704,0.138607,0.410375,0.556691,0.306491,0.662084,0.494287,-0.472639,0.113949,0.490996,0.268442,0.432774,0.599191,0.511226,-0.438547,4.120987255477828,12.418515824111562,-16.35392203761513,24.101736995408015,-6.78792093548896,10.565441330290078
9.138960838317871,-2.34516,1.11475,-0.621499,0.335282,0.326962,0.00192704,0.138607,0.410375,0.556691,0.306491,0.662084,0.494287,-0.472639,0.113949,0.490996,0.268442,0.432774,0.599191,0.511226,-0.438547,4.120987255477828,12.418515824111562,-16.35392203761513,24.101736995408015,-6.78792093548896,10.565441330290078
9.15434980392456,-2.51741,1.39334,-0.562849,0.384114,0.33503,0.0438626,0.138591,0.410414,0.556591,0.307629,0.661047,0.494311,-0.473326,0.111492,0.491514,0.268945,0.435863,0.597578,0.51358,-0.434925,3.819482649238219,12.488358270036489,-16.875454264771296,24.620581974343295,-7.5650604399218695,10.861935357311236
9.155296802520752,-2.51741,1.39334,-0.562849,0.384114,0.33503,0.0438626,0.138591,0.410414,0.556591,0.307629,0.661047,0.494311,-0.473326,0.111492,0.491514,0.268945,0.435863,0.597578,0.51358,-0.434925,3.819482649238219,12.488358270036489,-16.875454264771296,24.620581974343295,-7.5650604399218695,10.861935357311236
9.187278270721436,-1.90079,1.55522,-0.43912,0.469829,0.191662,0.0282239,0.138461,0.41044,0.556664,0.306933,0.662818,0.493831,-0.471801,0.0996128,0.49396,0.271545,0.45557,0.58794,0.530212,-0.40701,2.63048719557612,12.493262964792898,-21.235652478582026,23.785621835989375,-7.065368892869643,11.109508309772469
9.188224077224731,-1.90079,1.55522,-0.43912,0.469829,0.191662,0.0282239,0.138461,0.41044,0.556664,0.306933,0.662818,0.493831,-0.471801,0.0996128,0.49396,0.271545,0.45557,0.58794,0.530212,-0.40701,2.63048719557612,12.493262964792898,-21.235652478582026,23.785621835989375,-7.065368892869643,11.109508309772469
9.204052209854126,-3.23438,1.90313,-0.349662,0.534011,0.317036,0.0581796,0.138467,0.410448,0.556736,0.306221,0.662411,0.494089,-0.472563,0.0971915,0.494285,0.271848,0.452972,0.588245,0.534552,-0.40378,2.0273970148347535,12.255616894285888,-21.45109367899484,22.161506210850565,-7.19371583296506,13.00969017547752
9.205002069473267,-3.23438,1.90313,-0.349662,0.534011,0.317036,0.0581796,0.138467,0.410448,0.556736,0.306221,0.662411,0.494089,-0.472563,0.0971915,0.494285,0.271848,0.452972,0.588245,0.534552,-0.40378,2.0273970148347535,12.255616894285888,-21.45109367899484,22.161506210850565,-7.19371583296506,13.00969017547752
9.220382452011108,-2.2344,1.65019,-0.254892,0.513457,0.16672,0.000804877,0.138572,0.41041,0.556812,0.306402,0.662976,0.494043,-0.471702,0.0927259,0.49478,0.272511,0.466531,0.57759,0.539967,-0.396452,2.5750698906955907,12.105340173565057,-23.600314306551628,25.044720677293718,-5.9432954313839845,10.103450333070054
9.221332311630249,-2.2344,1.65019,-0.254892,0.513457,0.16672,0.000804877,0.138572,0.41041,0.556812,0.306402,0.662976,0.494043,-0.471702,0.0927259,0.49478,0.272511,0.466531,0.57759,0.539967,-0.396452,2.5750698906955907,12.105340173565057,-23.600314306551628,25.044720677293718,-5.9432954313839845,10.103450333070054
9.237083435058594,-2.63994,1.84852,-0.702256,0.591321,0.299194,0.022614,0.13879,0.410331,0.556836,0.307174,0.660858,0.495537,-0.472603,0.0859848,0.495426,0.273317,0.474646,0.57375,0.546062,-0.383846,1.8128301739968935,12.485482730694256,-25.228663585788773,24.93697063553874,-7.740786405784103,11.12448881333776
9.238037109375,-2.63994,1.84852,-0.702256,0.591321,0.299194,0.022614,0.13879,0.410331,0.556836,0.307174,0.660858,0.495537,-0.472603,0.0859848,0.495426,0.273317,0.474646,0.57375,0.546062,-0.383846,1.8128301739968935,12.485482730694256,-25.228663585788773,24.93697063553874,-7.740786405784103,11.12448881333776
9.254319429397583,-2.25623,2.11065,-0.794792,0.647191,0.263592,0.0656442,0.138807,0.410287,0.556869,0.307402,0.661825,0.495066,-0.471594,0.0838064,0.495602,0.273486,0.477815,0.572142,0.548246,-0.379174,1.6744895873050074,12.383004941631862,-25.90458024213762,24.696129398972605,-8.425510527709047,11.009657822912073
9.255339622497559,-2.25623,2.11065,-0.794792,0.647191,0.263592,0.0656442,0.138807,0.410287,0.556869,0.307402,0.661825,0.495066,-0.471594,0.0838064,0.495602,0.273486,0.477815,0.572142,0.548246,-0.379174,1.6744895873050074,12.383004941631862,-25.90458024213762,24.696129398972605,-8.425510527709047,11.009657822912073
9.297273397445679,-1.73436,2.69995,-0.561903,0.753583,0.0623993,0.141571,0.138909,0.410253,0.556957,0.307641,0.66095,0.495895,-0.471795,0.0741099,0.49687,0.274047,0.494677,0.565441,0.555565,-0.356256,0.6882841226632648,13.115395869125388,-29.09746236342984,25.182324146885087,-10.279108794092641,11.920515532578179
9.299362659454346,-1.73436,2.69995,-0.561903,0.753583,0.0623993,0.141571,0.138909,0.410253,0.556957,0.307641,0.66095,0.495895,-0.471795,0.0741099,0.49687,0.274047,0.494677,0.565441,0.555565,-0.356256,0.6882841226632648,13.115395869125388,-29.09746236342984,25.182324146885087,-10.279108794092641,11.920515532578179
9.32019305229187,-2.31279,2.92422,-0.504533,0.794049,0.111344,0.158876,0.138878,0.410294,0.556963,0.308206,0.659608,0.496055,-0.473134,0.0723645,0.497207,0.27401,0.49428,0.561778,0.560349,-0.355108,0.4449300392811758,12.677192462317779,-29.4568499637731,25.809945714507098,-8.853471266223305,13.538770713251331
9.321751356124878,-2.31279,2.92422,-0.504533,0.794049,0.111344,0.158876,0.138878,0.410294,0.556963,0.308206,0.659608,0.496055,-0.473134,0.0723645,0.497207,0.27401,0.49428,0.561778,0.560349,-0.355108,0.4449300392811758,12.677192462317779,-29.4568499637731,25.809945714507098,-8.853471266223305,13.538770713251331
9.339148759841919,-2.87215,2.73537,-0.33311,0.791841,0.11342,0.0894734,0.138817,0.410306,0.556998,0.308014,0.662093,0.493886,-0.472055,0.0648171,0.498335,0.273989,0.507498,0.553199,0.565111,-0.342149,0.4107056463395607,12.55477865930841,-32.00873635595544,27.865001263776985,-10.674275042102344,12.32048705287018
9.34016489982605,-2.87215,2.73537,-0.33311,0.791841,0.11342,0.0894734,0.138817,0.410306,0.556998,0.308014,0.662093,0.493886,-0.472055,0.0648171,0.498335,0.273989,0.507498,0.553199,0.565111,-0.342149,0.4107056463395607,12.55477865930841,-32.00873635595544,27.865001263776985,-10.674275042102344,12.32048705287018
9.370730876922607,-3.99376,2.64368,-0.207131,0.78047,0.186471,0.0414009,0.138796,0.410269,0.556988,0.307969,0.662191,0.494158,-0.471663,0.060099,0.49889,0.273952,0.516299,0.547691,0.567776,-0.333318,0.36447945068140053,12.759219496996103,-33.55984157058989,29.334406911547223,-11.780047481565981,11.564027256773162
9.371681451797485,-3.99376,2.64368,-0.207131,0.78047,0.186471,0.0414009,0.138796,0.410269,0.556988,0.307969,0.662191,0.494158,-0.471663,0.060099,0.49889,0.273952,0.516299,0.547691,0.567776,-0.333318,0.36447945068140053,12.759219496996103,-33.55984157058989,29.334406911547223,-11.780047481565981,11.564027256773162
9.387056112289429,-4.06769,2.64892,-0.673722,0.773594,0.271587,0.0454108,0.13865,0.410375,0.556916,0.306492,0.663614,0.494072,-0.470715,0.0569631,0.499268,0.273954,0.52024,0.545687,0.570358,-0.325989,0.175576200636032,12.758721334919942,-34.6376650009712,28.75467148705288,-12.10100453145073,11.381370253006038
9.388000965118408,-4.06769,2.64892,-0.673722,0.773594,0.271587,0.0454108,0.13865,0.410375,0.556916,0.306492,0.663614,0.494072,-0.470715,0.0569631,0.499268,0.273954,0.52024,0.545687,0.570358,-0.325989,0.175576200636032,12.758721334919942,-34.6376650009712,28.75467148705288,-12.10100453145073,11.381370253006038
9.404549360275269,-1.85946,2.84046,-0.194763,0.767633,-0.0153691,0.145637,0.138563,0.410408,0.556861,0.306555,0.663161,0.494123,-0.471257,0.0533813,0.499481,0.273746,0.527624,0.539727,0.573478,-0.318482,0.07444937705013475,12.843659873926836,-36.07054885430319,30.340200771784193,-11.63968308597972,11.33399555578482
9.40550184249878,-1.85946,2.84046,-0.194763,0.767633,-0.0153691,0.145637,0.138563,0.410408,0.556861,0.306555,0.663161,0.494123,-0.471257,0.0533813,0.499481,0.273746,0.527624,0.539727,0.573478,-0.318482,0.07444937705013475,12.843659873926836,-36.07054885430319,30.340200771784193,-11.63968308597972,11.33399555578482
9.42102837562561,-3.69895,1.84568,0.0874255,0.641152,0.0850469,-0.101195,0.138515,0.410406,0.556793,0.306889,0.662687,0.493931,-0.471908,0.0486684,0.499836,0.27344,0.534033,0.534309,0.576464,-0.311466,-0.09499953539768506,12.876512109146534,-37.363702789727036,31.728080083723516,-12.682169570080546,11.508805463913925
9.421975374221802,-3.69895,1.84568,0.0874255,0.641152,0.0850469,-0.101195,0.138515,0.410406,0.556793,0.306889,0.662687,0.493931,-0.471908,0.0486684,0.499836,0.27344,0.534033,0.534309,0.576464,-0.311466,-0.09499953539768506,12.876512109146534,-37.363702789727036,31.728080083723516,-12.682169570080546,11.508805463913925
9.437844276428223,-2.73583,2.71067,1.31188,0.741743,-0.257214,0.0496935,0.138351,0.410504,0.556905,0.306399,0.663301,0.494545,-0.470719,0.044962,0.499929,0.273594,0.540253,0.530435,0.57981,-0.300974,-0.40050109251094035,12.944571788877866,-38.77641542805855,31.7046454980516,-12.756562108873933,11.484675204972012
9.438791513442993,-2.73583,2.71067,1.31188,0.741743,-0.257214,0.0496935,0.138351,0.410504,0.556905,0.306399,0.663301,0.494545,-0.470719,0.044962,0.499929,0.273594,0.540253,0.530435,0.57981,-0.300974,-0.40050109251094035,12.944571788877866,-38.77641542805855,31.7046454980516,-12.756562108873933,11.484675204972012
9.470746278762817,-2.61655,2.90803,1.02465,0.828625,-0.160547,0.0856054,0.137851,0.410838,0.556895,0.306941,0.661963,0.496125,-0.470587,0.0406279,0.499287,0.2741,0.543867,0.525233,0.58424,-0.294961,-0.5446073882714213,12.81382048173438,-39.670897419023916,31.822015457238447,-12.961430620105817,11.102033191724699
9.471704006195068,-2.61655,2.90803,1.02465,0.828625,-0.160547,0.0856054,0.137851,0.410838,0.556895,0.306941,0.661963,0.496125,-0.470587,0.0406279,0.499287,0.2741,0.543867,0.525233,0.58424,-0.294961,-0.5446073882714213,12.81382048173438,-39.670897419023916,31.822015457238447,-12.961430620105817,11.102033191724699
9.487561702728271,-3.27528,1.54461,0.551086,0.7243,0.0529022,-0.22185,0.138253,0.410514,0.556855,0.306135,0.66293,0.494537,-0.471421,0.0373059,0.497879,0.274698,0.54309,0.522362,0.588814,-0.292387,-0.7884309055396262,12.187880225480098,-40.3146705561161,30.562084381787965,-13.259770215056728,11.274239881365986
9.488499641418457,-3.27528,1.54461,0.551086,0.7243,0.0529022,-0.22185,0.138253,0.410514,0.556855,0.306135,0.66293,0.494537,-0.471421,0.0373059,0.497879,0.274698,0.54309,0.522362,0.588814,-0.292387,-0.7884309055396262,12.187880225480098,-40.3146705561161,30.562084381787965,-13.259770215056728,11.274239881365986
9.504225492477417,-2.79977,2.29436,-0.413567,0.876293,0.175533,-0.0923446,0.138329,0.410461,0.556778,0.306578,0.662542,0.494236,-0.471995,0.0362622,0.497266,0.274767,0.546761,0.51967,0.590032,-0.287851,-0.9843622169945069,12.26205075120695,-41.047356171570804,31.099919629994744,-12.510985555305544,11.315552908588323
9.50517463684082,-2.79977,2.29436,-0.413567,0.876293,0.175533,-0.0923446,0.138329,0.410461,0.556778,0.306578,0.662542,0.494236,-0.471995,0.0362622,0.497266,0.274767,0.546761,0.51967,0.590032,-0.287851,-0.9843622169945069,12.26205075120695,-41.047356171570804,31.099919629994744,-12.510985555305544,11.315552908588323
9.521052598953247,-1.90409,2.21039,-0.718359,0.938465,0.122553,-0.137296,0.138439,0.410364,0.556663,0.307545,0.662474,0.493665,-0.472058,0.0338481,0.496148,0.275079,0.548478,0.517833,0.592931,-0.281874,-1.4705539670286136,12.054278418990906,-41.704701326618874,30.20454657224531,-12.807724485840094,11.91980341200826
9.52200198173523,-1.90409,2.21039,-0.718359,0.938465,0.122553,-0.137296,0.138439,0.410364,0.556663,0.307545,0.662474,0.493665,-0.472058,0.0338481,0.496148,0.275079,0.548478,0.517833,0.592931,-0.281874,-1.4705539670286136,12.054278418990906,-41.704701326618874,30.20454657224531,-12.807724485840094,11.91980341200826
9.537641286849976,-1.73621,2.27177,0.0186708,0.999731,-0.0316702,-0.149049,0.138496,0.410435,0.556787,0.306623,0.663101,0.494076,-0.471348,0.031513,0.495082,0.275101,0.553368,0.513143,0.595689,-0.274995,-1.4660111081577334,11.993365773590494,-42.88910814284012,30.02557093119321,-11.912749250517045,11.14971671554753
9.538579225540161,-1.73621,2.27177,0.0186708,0.999731,-0.0316702,-0.149049,0.138496,0.410435,0.556787,0.306623,0.663101,0.494076,-0.471348,0.031513,0.495082,0.275101,0.553368,0.513143,0.595689,-0.274995,-1.4660111081577334,11.993365773590494,-42.88910814284012,30.02557093119321,-11.912749250517045,11.14971671554753
9.570934057235718,-2.0018,1.72671,0.715195,0.969742,-0.0599246,-0.278265,0.138552,0.410421,0.556882,0.306838,0.662633,0.4944,-0.471526,0.0282326,0.493807,0.275112,0.555603,0.508784,0.598905,-0.271583,-1.4846599031324152,11.755090284261255,-43.574644123902715,29.715765510208456,-12.387984996114884,10.93425984191969
9.571877241134644,-2.0018,1.72671,0.715195,0.969742,-0.0599246,-0.278265,0.138552,0.410421,0.556882,0.306838,0.662633,0.4944,-0.471526,0.0282326,0.493807,0.275112,0.555603,0.508784,0.598905,-0.271583,-1.4846599031324152,11.755090284261255,-43.574644123902715,29.715765510208456,-12.387984996114884,10.93425984191969
9.5878164768219,-1.66676,1.93721,-0.133097,1.05717,0.075017,-0.274983,0.138561,0.410446,0.556693,0.307402,0.661148,0.49466,-0.472969,0.0270475,0.493245,0.275036,0.556532,0.507385,0.600582,-0.268577,-1.8424891817700944,11.802288928547398,-43.92953763363248,29.63472449905045,-11.795309638297187,11.96321870071795
9.58874797821045,-1.66676,1.93721,-0.133097,1.05717,0.075017,-0.274983,0.138561,0.410446,0.556693,0.307402,0.661148,0.49466,-0.472969,0.0270475,0.493245,0.275036,0.556532,0.507385,0.600582,-0.268577,-1.8424891817700944,11.802288928547398,-43.92953763363248,29.63472449905045,-11.795309638297187,11.96321870071795
9.60421895980835,-1.56059,1.78818,-0.139796,1.06375,0.0606166,-0.329176,0.138513,0.410387,0.556565,0.308501,0.662266,0.493523,-0.471875,0.0258216,0.492586,0.275209,0.556532,0.506359,0.602172,-0.26695,-1.9403595777834466,11.393536799703867,-44.10112199868084,29.133551862362353,-12.572266147231527,11.785692830545607
9.605170488357544,-1.56059,1.78818,-0.139796,1.06375,0.0606166,-0.329176,0.138513,0.410387,0.556565,0.308501,0.662266,0.493523,-0.471875,0.0258216,0.492586,0.275209,0.556532,0.506359,0.602172,-0.26695,-1.9403595777834466,11.393536799703867,-44.10112199868084,29.133551862362353,-12.572266147231527,11.785692830545607
9.62096619606018,-1.28021,1.99028,0.383421,1.09849,-0.0502331,-0.316966,0.138494,0.410361,0.556538,0.308448,0.662215,0.493661,-0.471836,0.024715,0.492044,0.27522,0.558446,0.505385,0.602457,-0.264138,-2.036416363599347,11.491435106967097,-44.47567309110832,28.89489146139986,-12.859907846708866,11.478142153245502
9.621919870376587,-1.28021,1.99028,0.383421,1.09849,-0.0502331,-0.316966,0.138494,0.410361,0.556538,0.308448,0.662215,0.493661,-0.471836,0.024715,0.492044,0.27522,0.558446,0.505385,0.602457,-0.264138,-2.036416363599347,11.491435106967097,-44.47567309110832,28.89489146139986,-12.859907846708866,11.478142153245502
9.6371009349823,-0.51272,1.79405,0.195603,1.08876,-0.0747731,-0.349043,0.138357,0.410371,0.556452,0.308708,0.661711,0.493788,-0.47224,0.0235594,0.491265,0.275134,0.560047,0.502057,0.605068,-0.261113,-2.1272636632403157,11.302814762800843,-45.0340826136184,29.14029735066011,-11.58155926233856,11.878330360941506
9.63805603981018,-0.51272,1.79405,0.195603,1.08876,-0.0747731,-0.349043,0.138357,0.410371,0.556452,0.308708,0.661711,0.493788,-0.47224,0.0235594,0.491265,0.275134,0.560047,0.502057,0.605068,-0.261113,-2.1272636632403157,11.302814762800843,-45.0340826136184,29.14029735066011,-11.58155926233856,11.878330360941506
9.670944690704346,-1.11618,1.70115,0.00572115,1.11468,0.0149453,-0.450143,0.138175,0.410465,0.556318,0.309054,0.661043,0.494314,-0.4724,0.0226057,0.49074,0.275197,0.56071,0.502688,0.605149,-0.258272,-2.4225311262445297,11.47525200745759,-45.16423893199629,28.271084193443862,-12.027573226296758,12.045284855124061
9.67190933227539,-1.11618,1.70115,0.00572115,1.11468,0.0149453,-0.450143,0.138175,0.410465,0.556318,0.309054,0.661043,0.494314,-0.4724,0.0226057,0.49074,0.275197,0.56071,0.502688,0.605149,-0.258272,-2.4225311262445297,11.47525200745759,-45.16423893199629,28.271084193443862,-12.027573226296758,12.045284855124061
9.6868896484375,-0.83061,1.61833,0.366258,1.12517,-0.0701427,-0.500412,0.138101,0.410482,0.556299,0.309871,0.660899,0.494413,-0.471962,0.0217798,0.490379,0.275084,0.561901,0.502998,0.604568,-0.256433,-2.558845617818451,11.598075807098537,-45.23070743340401,27.84406349354691,-13.139317667715025,11.911266762702894
9.687843322753906,-0.83061,1.61833,0.366258,1.12517,-0.0701427,-0.500412,0.138101,0.410482,0.556299,0.309871,0.660899,0.494413,-0.471962,0.0217798,0.490379,0.275084,0.561901,0.502998,0.604568,-0.256433,-2.558845617818451,11.598075807098537,-45.23070743340401,27.84406349354691,-13.139317667715025,11.911266762702894
9.703781604766846,-0.503397,1.46717,0.58586,1.12402,-0.125116,-0.530259,0.138124,0.410492,0.556346,0.309263,0.66116,0.493894,-0.472539,0.021564,0.490175,0.275045,0.562623,0.500708,0.606201,-0.255475,-2.5166378087689547,11.405256769306698,-45.64251425460803,28.284847810949955,-11.7062638031562,12.18388758139935
9.704741954803467,-0.503397,1.46717,0.58586,1.12402,-0.125116,-0.530259,0.138124,0.410492,0.556346,0.309263,0.66116,0.493894,-0.472539,0.021564,0.490175,0.275045,0.562623,0.500708,0.606201,-0.255475,-2.5166378087689547,11.405256769306698,-45.64251425460803,28.284847810949955,-11.7062638031562,12.18388758139935
9.720974683761597,-1.42085,1.34852,0.6889,1.16565,-0.0450913,-0.605097,0.138218,0.410462,0.556386,0.308963,0.661261,0.493993,-0.47249,0.0209567,0.489761,0.274998,0.563772,0.498958,0.607275,-0.253808,-2.4887224753298387,11.334906229107105,-45.98705235216069,28.33549998425299,-11.2594400608144,12.073581792420171
9.72192120552063,-1.42085,1.34852,0.6889,1.16565,-0.0450913,-0.605097,0.138218,0.410462,0.556386,0.308963,0.661261,0.493993,-0.47249,0.0209567,0.489761,0.274998,0.563772,0.498958,0.607275,-0.253808,-2.4887224753298387,11.334906229107105,-45.98705235216069,28.33549998425299,-11.2594400608144,12.073581792420171
9.737058639526367,-1.46897,1.32054,0.92454,1.20155,-0.137094,-0.651621,0.138312,0.410418,0.556337,0.308702,0.661427,0.494145,-0.472269,0.0204063,0.48934,0.275049,0.564892,0.498689,0.606697,-0.253229,-2.41896830505319,11.448141255548006,-46.105558292179595,28.13737906702967,-11.939754761614013,11.24012523067296
9.738019943237305,-1.46897,1.32054,0.92454,1.20155,-0.137094,-0.651621,0.138312,0.410418,0.556337,0.308702,0.661427,0.494145,-0.472269,0.0204063,0.48934,0.275049,0.564892,0.498689,0.606697,-0.253229,-2.41896830505319,11.448141255548006,-46.105558292179595,28.13737906702967,-11.939754761614013,11.24012523067296
9.770510911941528,-0.917,1.71106,0.546254,1.28053,-0.099885,-0.545624,0.138358,0.41037,0.556259,0.308975,0.661354,0.494433,-0.471891,0.0190715,0.488839,0.275144,0.564501,0.497907,0.608256,-0.251896,-2.502427059511118,11.26989035470694,-46.20610765663298,27.556172255639208,-12.539195667683428,11.294778017025191
9.77147364616394,-0.917,1.71106,0.546254,1.28053,-0.099885,-0.545624,0.138358,0.41037,0.556259,0.308975,0.661354,0.494433,-0.471891,0.0190715,0.488839,0.275144,0.564501,0.497907,0.608256,-0.251896,-2.502427059511118,11.26989035470694,-46.20610765663298,27.556172255639208,-12.539195667683428,11.294778017025191
9.787012577056885,-0.655354,1.66642,0.407063,1.22189,-0.100021,-0.514798,0.138294,0.410418,0.556312,0.30907,0.661081,0.494007,-0.472658,0.0188621,0.488807,0.275196,0.564617,0.498202,0.608113,-0.2514,-2.654355580038262,11.324484273784071,-46.26843912036718,27.472077462900348,-12.461244374285549,11.703405722010329
9.788007497787476,-0.655354,1.66642,0.407063,1.22189,-0.100021,-0.514798,0.138294,0.410418,0.556312,0.30907,0.661081,0.494007,-0.472658,0.0188621,0.488807,0.275196,0.564617,0.498202,0.608113,-0.2514,-2.654355580038262,11.324484273784071,-46.26843912036718,27.472077462900348,-12.461244374285549,11.703405722010329
9.804269790649414,-0.622644,1.56411,0.268228,1.16824,-0.0699689,-0.493777,0.138266,0.410432,0.556325,0.30881,0.661375,0.494072,-0.472348,0.0188821,0.48886,0.275216,0.564598,0.497516,0.6085,-0.251862,-2.5222942817521963,11.236712812319952,-46.3010003651554,27.67694299792632,-12.232600378941711,11.43427015262554
9.805242538452148,-0.622644,1.56411,0.268228,1.16824,-0.0699689,-0.493777,0.138266,0.410432,0.556325,0.30881,0.661375,0.494072,-0.472348,0.0188821,0.48886,0.275216,0.564598,0.497516,0.6085,-0.251862,-2.5222942817521963,11.236712812319952,-46.3010003651554,27.67694299792632,-12.232600378941711,11.43427015262554
9.821210861206055,-0.133154,1.49553,-0.339469,1.07673,0.0285859,-0.350411,0.138224,0.410482,0.556303,0.309054,0.660315,0.495185,-0.472506,0.0190421,0.489014,0.275339,0.563095,0.497838,0.608943,-0.253514,-2.4845769990800535,11.250233300030498,-45.97883617602449,27.68189037115872,-12.234964991663139,11.644373914412915
9.822161674499512,-0.133154,1.49553,-0.339469,1.07673,0.0285859,-0.350411,0.138224,0.410482,0.556303,0.309054,0.660315,0.495185,-0.472506,0.0190421,0.489014,0.275339,0.563095,0.497838,0.608943,-0.253514,-2.4845769990800535,11.250233300030498,-45.97883617602449,27.68189037115872,-12.234964991663139,11.644373914412915
9.837574481964111,-0.381377,1.26215,-0.695282,0.918558,0.169641,-0.215908,0.138318,0.410386,0.556256,0.308573,0.660713,0.495483,-0.471951,0.0200464,0.489608,0.275416,0.561076,0.50083,0.607512,-0.255522,-2.4598078133783066,11.351989892514258,-45.50206365097557,27.159631920562127,-12.9357928069517,11.503060147906398
9.838526010513306,-0.381377,1.26215,-0.695282,0.918558,0.169641,-0.215908,0.138318,0.410386,0.556256,0.308573,0.660713,0.495483,-0.471951,0.0200464,0.489608,0.275416,0.561076,0.50083,0.607512,-0.255522,-2.4598078133783066,11.351989892514258,-45.50206365097557,27.159631920562127,-12.9357928069517,11.503060147906398
9.857033014297485,-0.274034,0.801089,-1.44053,0.736134,0.336546,-0.112246,0.138443,0.41029,0.556238,0.307824,0.661837,0.494086,-0.472329,0.0210226,0.489943,0.275447,0.560635,0.498592,0.608482,-0.258544,-2.0953185917602264,10.97653897775163,-45.620331213618336,28.51431157814457,-11.379582077601043,11.212563391622307
9.85797643661499,-0.274034,0.801089,-1.44053,0.736134,0.336546,-0.112246,0.138443,0.41029,0.556238,0.307824,0.661837,0.494086,-0.472329,0.0210226,0.489943,0.275447,0.560635,0.498592,0.608482,-0.258544,-2.0953185917602264,10.97653897775163,-45.620331213618336,28.51431157814457,-11.379582077601043,11.212563391622307
9.887297630310059,-0.469854,0.170592,-2.02906,0.500057,0.502442,-0.081435,0.138844,0.410187,0.556431,0.30922,0.661293,0.494385,-0.471867,0.023418,0.49107,0.275423,0.556901,0.501077,0.606831,-0.265592,-1.8307015988433366,10.892250309875584,-44.52933889988377,29.260448631182403,-12.30584103050482,11.600963073477631
9.888241529464722,-0.469854,0.170592,-2.02906,0.500057,0.502442,-0.081435,0.138844,0.410187,0.556431,0.30922,0.661293,0.494385,-0.471867,0.023418,0.49107,0.275423,0.556901,0.501077,0.606831,-0.265592,-1.8307015988433366,10.892250309875584,-44.52933889988377,29.260448631182403,-12.30584103050482,11.600963073477631
9.90430498123169,-0.330323,0.169773,-1.94645,0.457828,0.489787,-0.0480589,0.138919,0.410151,0.556486,0.308594,0.661487,0.494287,-0.472107,0.0239943,0.491303,0.275429,0.556312,0.502075,0.605366,-0.26827,-1.6387458548277916,11.00715595848689,-44.28100511457327,29.367025437288195,-12.706706107785212,11.035849762516555
9.905253887176514,-0.330323,0.169773,-1.94645,0.457828,0.489787,-0.0480589,0.138919,0.410151,0.556486,0.308594,0.661487,0.494287,-0.472107,0.0239943,0.491303,0.275429,0.556312,0.502075,0.605366,-0.26827,-1.6387458548277916,11.00715595848689,-44.28100511457327,29.367025437288195,-12.706706107785212,11.035849762516555
9.920334815979004,-0.279585,-0.136908,-1.7955,0.34222,0.499272,-0.0668043,0.139004,0.41015,0.556595,0.308534,0.660794,0.494631,-0.472756,0.0253755,0.491896,0.275275,0.554316,0.504858,0.603506,-0.271354,-1.6572273440372622,11.23045278985055,-43.71790907434778,29.195079605947914,-12.96413332206741,11.585325238380461
9.921297073364258,-0.279585,-0.136908,-1.7955,0.34222,0.499272,-0.0668043,0.139004,0.41015,0.556595,0.308534,0.660794,0.494631,-0.472756,0.0253755,0.491896,0.275275,0.554316,0.504858,0.603506,-0.271354,-1.6572273440372622,11.23045278985055,-43.71790907434778,29.195079605947914,-12.96413332206741,11.585325238380461
9.937062978744507,-1.44396,0.421559,-0.787635,0.356459,0.453629,0.0249909,0.139015,0.410191,0.556646,0.307625,0.660904,0.494467,-0.473366,0.0281522,0.492408,0.274995,0.551895,0.506855,0.601132,-0.277758,-1.2841613304317827,11.331198717467274,-43.054117759451984,29.512258814542456,-12.003971055894436,11.269238211658175
9.938058853149414,-1.44396,0.421559,-0.787635,0.356459,0.453629,0.0249909,0.139015,0.410191,0.556646,0.307625,0.660904,0.494467,-0.473366,0.0281522,0.492408,0.274995,0.551895,0.506855,0.601132,-0.277758,-1.2841613304317827,11.331198717467274,-43.054117759451984,29.512258814542456,-12.003971055894436,11.269238211658175
9.957018613815308,-0.301479,0.239182,-0.515083,0.278536,0.266415,0.00484439,0.139027,0.410204,0.556694,0.306912,0.660929,0.494823,-0.473422,0.0319563,0.492932,0.27502,0.543156,0.514629,0.596731,-0.289917,-0.9565368676106766,11.407948277196146,-41.11732565795354,27.756152909547247,-13.199734695556767,10.98156345916197
9.957958698272705,-0.301479,0.239182,-0.515083,0.278536,0.266415,0.00484439,0.139027,0.410204,0.556694,0.306912,0.660929,0.494823,-0.473422,0.0319563,0.492932,0.27502,0.543156,0.514629,0.596731,-0.289917,-0.9565368676106766,11.407948277196146,-41.11732565795354,27.756152909547247,-13.199734695556767,10.98156345916197
9.987290859222412,-1.26414,-0.442568,-0.0786324,0.145374,0.309771,-0.158955,0.138987,0.410218,0.55662,0.308051,0.660953,0.49449,-0.472996,0.0403543,0.492694,0.275687,0.52152,0.528235,0.59063,-0.316451,-0.41379509834662387,10.72134843677301,-36.82999495417819,24.316122189230484,-14.771182116830795,10.866547085917375
9.988234519958496,-1.26414,-0.442568,-0.0786324,0.145374,0.309771,-0.158955,0.138987,0.410218,0.55662,0.308051,0.660953,0.49449,-0.472996,0.0403543,0.492694,0.275687,0.52152,0.528235,0.59063,-0.316451,-0.41379509834662387,10.72134843677301,-36.82999495417819,24.316122189230484,-14.771182116830795,10.866547085917375
10.003777027130127,-1.46234,-0.685592,0.0730166,0.12949,0.318608,-0.221994,0.13893,0.41024,0.556575,0.307648,0.661927,0.494704,-0.471671,0.0472015,0.491772,0.27606,0.504588,0.53887,0.583776,-0.337959,0.31639288263348375,10.289552107429849,-33.42266693457691,21.17969483041291,-16.626846973395338,9.186473537476893
10.004738807678223,-1.46234,-0.685592,0.0730166,0.12949,0.318608,-0.221994,0.13893,0.41024,0.556575,0.307648,0.661927,0.494704,-0.471671,0.0472015,0.491772,0.27606,0.504588,0.53887,0.583776,-0.337959,0.31639288263348375,10.289552107429849,-33.42266693457691,21.17969483041291,-16.626846973395338,9.186473537476893
10.02031135559082,-1.06066,0.398545,-1.35809,0.273225,0.641189,-0.00153621,0.138855,0.410227,0.556448,0.309101,0.661138,0.494643,-0.471891,0.0543157,0.490343,0.276244,0.482809,0.54896,0.578933,-0.361075,0.5711513925582131,9.405487559776736,-29.54880300156985,18.000918811006184,-17.794040339581557,9.938335770036149
10.021241426467896,-1.06066,0.398545,-1.35809,0.273225,0.641189,-0.00153621,0.138855,0.410227,0.556448,0.309101,0.661138,0.494643,-0.471891,0.0543157,0.490343,0.276244,0.482809,0.54896,0.578933,-0.361075,0.5711513925582131,9.405487559776736,-29.54880300156985,18.000918811006184,-17.794040339581557,9.938335770036149
10.037861347198486,-2.95387,0.673663,-1.25236,0.271874,0.846134,0.0290422,0.138961,0.410091,0.556435,0.307972,0.661558,0.493937,-0.472779,0.0606025,0.489888,0.27465,0.47009,0.553452,0.57108,-0.38285,1.6785552447750696,8.99119644650897,-26.897101893380416,18.200013581600984,-18.105467929769734,9.069848210650544
10.038808345794678,-2.95387,0.673663,-1.25236,0.271874,0.846134,0.0290422,0.138961,0.410091,0.556435,0.307972,0.661558,0.493937,-0.472779,0.0606025,0.489888,0.27465,0.47009,0.553452,0.57108,-0.38285,1.6785552447750696,8.99119644650897,-26.897101893380416,18.200013581600984,-18.105467929769734,9.069848210650544
10.071112155914307,-2.55112,-0.569775,-1.55857,0.117007,0.818369,-0.201775,0.138437,0.410402,0.556524,0.307948,0.661908,0.493852,-0.472394,0.0653393,0.489125,0.271514,0.464593,0.553234,0.565044,-0.39851,2.9077514237400757,8.642816330444083,-25.263236031070132,18.763642325372757,-16.894899314170495,8.637206522978405
10.072057008743286,-2.55112,-0.569775,-1.55857,0.117007,0.818369,-0.201775,0.138437,0.410402,0.556524,0.307948,0.661908,0.493852,-0.472394,0.0653393,0.489125,0.271514,0.464593,0.553234,0.565044,-0.39851,2.9077514237400757,8.642816330444083,-25.263236031070132,18.763642325372757,-16.894899314170495,8.637206522978405
10.087472200393677,-1.69362,-0.282378,-1.13816,0.16713,0.590957,-0.124104,0.13832,0.410436,0.556518,0.307965,0.661559,0.493952,-0.472768,0.0662932,0.488821,0.27025,0.465915,0.55463,0.562374,-0.398804,2.9742696543802936,9.038886062608736,-25.180916836736742,18.499154804748578,-16.858499638256756,9.201074279872286
10.088417053222656,-1.69362,-0.282378,-1.13816,0.16713,0.590957,-0.124104,0.13832,0.410436,0.556518,0.307965,0.661559,0.493952,-0.472768,0.0662932,0.488821,0.27025,0.465915,0.55463,0.562374,-0.398804,2.9742696543802936,9.038886062608736,-25.180916836736742,18.499154804748578,-16.858499638256756,9.201074279872286
10.10372805595398,-2.45155,0.400655,-1.05353,0.267239,0.642209,0.00395176,0.138437,0.410344,0.556521,0.30784,0.661867,0.493653,-0.47273,0.0667599,0.488513,0.270067,0.467233,0.55526,0.560027,-0.399686,3.167727071076398,9.267424968545114,-25.14127458689748,18.702702523371304,-17.517826428127734,8.366658430075232
10.10468602180481,-2.45155,0.400655,-1.05353,0.267239,0.642209,0.00395176,0.138437,0.410344,0.556521,0.30784,0.661867,0.493653,-0.47273,0.0667599,0.488513,0.270067,0.467233,0.55526,0.560027,-0.399686,3.167727071076398,9.267424968545114,-25.14127458689748,18.702702523371304,-17.517826428127734,8.366658430075232
10.120921850204468,-2.33571,0.106712,-1.68,0.182479,0.627022,-0.0668864,0.138616,0.410295,0.556511,0.307356,0.66219,0.494439,-0.471771,0.0682322,0.488237,0.269917,0.468008,0.557764,0.558292,-0.397716,3.1214084888013454,9.651618131053956,-25.104366314340265,17.787716845414124,-17.435311937556257,8.14955310598597
10.121949195861816,-2.33571,0.106712,-1.68,0.182479,0.627022,-0.0668864,0.138616,0.410295,0.556511,0.307356,0.66219,0.494439,-0.471771,0.0682322,0.488237,0.269917,0.468008,0.557764,0.558292,-0.397716,3.1214084888013454,9.651618131053956,-25.104366314340265,17.787716845414124,-17.435311937556257,8.14955310598597
10.137180805206299,-0.690426,-0.0466664,-2.12212,0.123295,0.527423,-0.0738946,0.138683,0.410275,0.556709,0.307305,0.661828,0.49427,-0.472487,0.0706801,0.487884,0.269374,0.470964,0.558571,0.553227,-0.400164,3.5308381375975753,10.2285665124276,-24.98603129844367,18.971560615138642,-16.96249867203249,7.094282416020818
10.138119220733643,-0.690426,-0.0466664,-2.12212,0.123295,0.527423,-0.0738946,0.138683,0.410275,0.556709,0.307305,0.661828,0.49427,-0.472487,0.0706801,0.487884,0.269374,0.470964,0.558571,0.553227,-0.400164,3.5308381375975753,10.2285665124276,-24.98603129844367,18.971560615138642,-16.96249867203249,7.094282416020818
10.171090364456177,-1.75517,-0.341223,-1.7583,0.0943499,0.556212,-0.156053,0.139004,0.410228,0.556997,0.307477,0.660147,0.495761,-0.473166,0.0771291,0.487728,0.266926,0.465325,0.565127,0.544724,-0.409121,3.851823996480927,10.883315127586034,-23.264081562428437,18.89838283182827,-16.620360421265858,8.952830524821128
10.172210693359375,-1.75517,-0.341223,-1.7583,0.0943499,0.556212,-0.156053,0.139004,0.410228,0.556997,0.307477,0.660147,0.495761,-0.473166,0.0771291,0.487728,0.266926,0.465325,0.565127,0.544724,-0.409121,3.851823996480927,10.883315127586034,-23.264081562428437,18.89838283182827,-16.620360421265858,8.952830524821128
10.187781810760498,-2.03638,0.287187,-1.329,0.172122,0.512865,-0.0327932,0.139089,0.410194,0.556937,0.307582,0.660056,0.495743,-0.473242,0.0826478,0.487113,0.26484,0.457984,0.569446,0.535094,-0.423858,4.7647799124938395,10.967953939353489,-21.218954853485965,19.79519781374794,-17.717742137714005,8.28367505688976
10.188893795013428,-2.03638,0.287187,-1.329,0.172122,0.512865,-0.0327932,0.139089,0.410194,0.556937,0.307582,0.660056,0.495743,-0.473242,0.0826478,0.487113,0.26484,0.457984,0.569446,0.535094,-0.423858,4.7647799124938395,10.967953939353489,-21.218954853485965,19.79519781374794,-17.717742137714005,8.28367505688976
10.204576253890991,-1.67278,-0.228809,-1.7428,0.118992,0.54103,-0.132591,0.139068,0.410232,0.556893,0.307067,0.660165,0.495805,-0.47336,0.0846033,0.486787,0.264179,0.456243,0.570578,0.531784,-0.428356,5.1314841055095055,11.059282549551213,-20.679134868156158,20.047983181292803,-17.564214794890727,7.730405270116309
10.205704927444458,-1.67278,-0.228809,-1.7428,0.118992,0.54103,-0.132591,0.139068,0.410232,0.556893,0.307067,0.660165,0.495805,-0.47336,0.0846033,0.486787,0.264179,0.456243,0.570578,0.531784,-0.428356,5.1314841055095055,11.059282549551213,-20.679134868156158,20.047983181292803,-17.564214794890727,7.730405270116309
10.221312522888184,-1.50482,-0.425087,-1.70365,0.0948908,0.575245,-0.175127,0.139048,0.410261,0.556907,0.307209,0.660127,0.495814,-0.473311,0.088158,0.48593,0.262912,0.451182,0.570135,0.528025,-0.438828,5.860109366897014,10.658285517550313,-19.49217991609399,20.837550696503424,-16.51615710585672,7.075984147165891
10.222440958023071,-1.50482,-0.425087,-1.70365,0.0948908,0.575245,-0.175127,0.139048,0.410261,0.556907,0.307209,0.660127,0.495814,-0.473311,0.088158,0.48593,0.262912,0.451182,0.570135,0.528025,-0.438828,5.860109366897014,10.658285517550313,-19.49217991609399,20.837550696503424,-16.51615710585672,7.075984147165891
10.23804497718811,-2.42369,-0.274968,-1.17613,0.0971603,0.57453,-0.173632,0.139186,0.410161,0.55702,0.308067,0.660217,0.495022,-0.473457,0.0926371,0.484903,0.2611,0.445327,0.573627,0.521705,-0.447727,6.217351675704753,10.590025176754835,-18.073458673191297,20.883940296939198,-16.600415268638013,7.918507177795447
10.239171028137207,-2.42369,-0.274968,-1.17613,0.0971603,0.57453,-0.173632,0.139186,0.410161,0.55702,0.308067,0.660217,0.495022,-0.473457,0.0926371,0.484903,0.2611,0.445327,0.573627,0.521705,-0.447727,6.217351675704753,10.590025176754835,-18.073458673191297,20.883940296939198,-16.600415268638013,7.918507177795447
10.270642518997192,-1.5938,-0.280313,-1.22507,0.0821025,0.519644,-0.157607,0.139145,0.410186,0.556942,0.307481,0.660319,0.495447,-0.47325,0.0952857,0.483921,0.259459,0.441574,0.574295,0.515501,-0.457664,7.093414724511362,10.540067573762958,-16.91371017629178,21.471768456041016,-17.230775322158333,6.576676246475363
10.27162504196167,-1.5938,-0.280313,-1.22507,0.0821025,0.519644,-0.157607,0.139145,0.410186,0.556942,0.307481,0.660319,0.495447,-0.47325,0.0952857,0.483921,0.259459,0.441574,0.574295,0.515501,-0.457664,7.093414724511362,10.540067573762958,-16.91371017629178,21.471768456041016,-17.230775322158333,6.576676246475363
10.287160396575928,-2.41239,-0.338556,-1.35068,0.0781004,0.645644,-0.188642,0.139087,0.410183,0.556892,0.307406,0.660949,0.494977,-0.472911,0.0960116,0.483331,0.258719,0.441458,0.57478,0.513363,-0.459566,7.3328182397105275,10.561592975802297,-16.72150598516408,21.235713151348563,-17.50913177225671,6.24224073689085
10.28811526298523,-2.41239,-0.338556,-1.35068,0.0781004,0.645644,-0.188642,0.139087,0.410183,0.556892,0.307406,0.660949,0.494977,-0.472911,0.0960116,0.483331,0.258719,0.441458,0.57478,0.513363,-0.459566,7.3328182397105275,10.561592975802297,-16.72150598516408,21.235713151348563,-17.50913177225671,6.24224073689085
10.303938865661621,-2.32929,-0.245543,-1.37874,0.0963138,0.645056,-0.161672,0.13906,0.410194,0.556834,0.306888,0.66032,0.495888,-0.473173,0.09604,0.48295,0.258128,0.441007,0.573867,0.513179,-0.461342,7.535641866105573,10.562985487418793,-16.590575223768322,21.11713287095763,-17.127939110332072,6.14773980652604
10.304898738861084,-2.32929,-0.245543,-1.37874,0.0963138,0.645056,-0.161672,0.13906,0.410194,0.556834,0.306888,0.66032,0.495888,-0.473173,0.09604,0.48295,0.258128,0.441007,0.573867,0.513179,-0.461342,7.535641866105573,10.562985487418793,-16.590575223768322,21.11713287095763,-17.127939110332072,6.14773980652604
10.320327043533325,-2.18697,-0.248039,-1.18505,0.11243,0.587833,-0.145537,0.138939,0.41024,0.556863,0.307333,0.661021,0.495352,-0.472467,0.0957143,0.48267,0.257773,0.444622,0.572197,0.514154,-0.458855,7.611600226262403,10.550563757877942,-17.119764886251012,20.999028273751936,-16.397511201639112,5.990302516351435
10.321275234222412,-2.18697,-0.248039,-1.18505,0.11243,0.587833,-0.145537,0.138939,0.41024,0.556863,0.307333,0.661021,0.495352,-0.472467,0.0957143,0.48267,0.257773,0.444622,0.572197,0.514154,-0.458855,7.611600226262403,10.550563757877942,-17.119764886251012,20.999028273751936,-16.397511201639112,5.990302516351435
10.33695912361145,-1.70867,-0.265267,-1.26332,0.118674,0.538681,-0.136801,0.138501,0.410399,0.556641,0.307395,0.662059,0.494025,-0.472362,0.095864,0.482776,0.257357,0.44361,0.571708,0.514173,-0.46042,7.6801372149512686,10.251230128959813,-17.056851353551547,21.143978294065207,-15.8708960720351,6.031670294889271
10.337909698486328,-1.70867,-0.265267,-1.26332,0.118674,0.538681,-0.136801,0.138501,0.410399,0.556641,0.307395,0.662059,0.494025,-0.472362,0.095864,0.482776,0.257357,0.44361,0.571708,0.514173,-0.46042,7.6801372149512686,10.251230128959813,-17.056851353551547,21.143978294065207,-15.8708960720351,6.031670294889271
10.370380401611328,-1.99844,-0.16941,-0.951432,0.110978,0.513324,-0.130186,0.138407,0.410348,0.556553,0.307715,0.662194,0.49373,-0.472272,0.0961122,0.4828,0.257045,0.443397,0.573733,0.510982,-0.461657,7.773649490039587,10.49261974896705,-16.751486955278533,21.45443354189997,-17.511186005259784,5.747481037150186
10.371335744857788,-1.99844,-0.16941,-0.951432,0.110978,0.513324,-0.130186,0.138407,0.410348,0.556553,0.307715,0.662194,0.49373,-0.472272,0.0961122,0.4828,0.257045,0.443397,0.573733,0.510982,-0.461657,7.773649490039587,10.49261974896705,-16.751486955278533,21.45443354189997,-17.511186005259784,5.747481037150186
10.387591123580933,-1.9397,-0.465504,-1.09641,0.0726814,0.547098,-0.19066,0.138371,0.41039,0.556562,0.308045,0.66186,0.493542,-0.472723,0.0956664,0.482535,0.256942,0.445641,0.571086,0.513935,-0.459496,7.662610264079145,10.346447073366404,-17.27782135441997,21.40528125353138,-15.66883368292105,6.263310767284778
10.388532400131226,-1.9397,-0.465504,-1.09641,0.0726814,0.547098,-0.19066,0.138371,0.41039,0.556562,0.308045,0.66186,0.493542,-0.472723,0.0956664,0.482535,0.256942,0.445641,0.571086,0.513935,-0.459496,7.662610264079145,10.346447073366404,-17.27782135441997,21.40528125353138,-15.66883368292105,6.263310767284778
10.40430474281311,-1.81119,-0.535741,-1.12138,0.0749389,0.553524,-0.204058,0.138381,0.410424,0.556571,0.308025,0.661873,0.493895,-0.472347,0.0955027,0.482589,0.256877,0.44406,0.573331,0.512229,-0.460135,7.62936044911023,10.491842011768231,-16.92074157536712,20.911996654670922,-17.34948459427146,6.312140477692321
10.405253887176514,-1.81119,-0.535741,-1.12138,0.0749389,0.553524,-0.204058,0.138381,0.410424,0.556571,0.308025,0.661873,0.493895,-0.472347,0.0955027,0.482589,0.256877,0.44406,0.573331,0.512229,-0.460135,7.62936044911023,10.491842011768231,-16.92074157536712,20.911996654670922,-17.34948459427146,6.312140477692321
10.420403718948364,-2.18619,-0.375662,-1.03912,0.130863,0.586006,-0.191996,0.138499,0.410389,0.55663,0.307362,0.662063,0.494045,-0.472357,0.0948932,0.482341,0.256875,0.446485,0.570562,0.515156,-0.457957,7.667823544575979,10.367745652875444,-17.526076346834163,20.618357013270472,-15.652839286079349,6.23907075431233
10.421354532241821,-2.18619,-0.375662,-1.03912,0.130863,0.586006,-0.191996,0.138499,0.410389,0.55663,0.307362,0.662063,0.494045,-0.472357,0.0948932,0.482341,0.256875,0.446485,0.570562,0.515156,-0.457957,7.667823544575979,10.367745652875444,-17.526076346834163,20.618357013270472,-15.652839286079349,6.23907075431233
10.437079906463623,-2.40795,0.134137,-1.13884,0.211441,0.606904,-0.112735,0.138825,0.41029,0.556727,0.307122,0.661226,0.494689,-0.473011,0.093381,0.482285,0.257246,0.44789,0.569656,0.516369,-0.456343,7.5807911858983,10.504136200506217,-17.811605299817963,20.52794518310946,-16.283396771208903,6.167393497384484
10.438026666641235,-2.40795,0.134137,-1.13884,0.211441,0.606904,-0.112735,0.138825,0.41029,0.556727,0.307122,0.661226,0.494689,-0.473011,0.093381,0.482285,0.257246,0.44789,0.569656,0.516369,-0.456343,7.5807911858983,10.504136200506217,-17.811605299817963,20.52794518310946,-16.283396771208903,6.167393497384484
10.47066354751587,-1.84101,0.269118,-1.33987,0.213174,0.587301,-0.0988989,0.138949,0.410273,0.556858,0.307111,0.660298,0.496118,-0.472817,0.0902671,0.482455,0.257925,0.453306,0.565547,0.523795,-0.447559,7.1453102324217825,10.488307813802898,-19.121039789979353,19.70198080017248,-14.664122261326405,6.982031190605086
10.471606492996216,-1.84101,0.269118,-1.33987,0.213174,0.587301,-0.0988989,0.138949,0.410273,0.556858,0.307111,0.660298,0.496118,-0.472817,0.0902671,0.482455,0.257925,0.453306,0.565547,0.523795,-0.447559,7.1453102324217825,10.488307813802898,-19.121039789979353,19.70198080017248,-14.664122261326405,6.982031190605086
10.487630367279053,-2.22684,0.0960183,-0.743435,0.149033,0.519876,-0.136878,0.138995,0.41024,0.556965,0.307643,0.660053,0.495928,-0.473013,0.0848021,0.483023,0.2581,0.465775,0.563627,0.52858,-0.431255,6.364128140794747,11.293913364711148,-21.354247082590504,18.90453978258393,-15.717450269556116,8.29462411239271
10.488570928573608,-2.22684,0.0960183,-0.743435,0.149033,0.519876,-0.136878,0.138995,0.41024,0.556965,0.307643,0.660053,0.495928,-0.473013,0.0848021,0.483023,0.2581,0.465775,0.563627,0.52858,-0.431255,6.364128140794747,11.293913364711148,-21.354247082590504,18.90453978258393,-15.717450269556116,8.29462411239271
10.5042724609375,-1.95445,-0.096555,-0.525222,0.127689,0.442558,-0.16457,0.138997,0.410236,0.556943,0.30772,0.660067,0.495865,-0.473009,0.0823865,0.483065,0.258171,0.472469,0.560509,0.53181,-0.424005,6.169688186799544,11.494663659731398,-22.584200268926747,18.93693186015525,-15.058943293090739,8.343618537378182
10.505213975906372,-1.95445,-0.096555,-0.525222,0.127689,0.442558,-0.16457,0.138997,0.410236,0.556943,0.30772,0.660067,0.495865,-0.473009,0.0823865,0.483065,0.258171,0.472469,0.560509,0.53181,-0.424005,6.169688186799544,11.494663659731398,-22.584200268926747,18.93693186015525,-15.058943293090739,8.343618537378182
10.520413637161255,-2.25521,0.531202,-0.10879,0.195423,0.367246,-0.0473863,0.138928,0.410269,0.556829,0.307007,0.66062,0.495764,-0.472807,0.0775826,0.483088,0.25844,0.482209,0.555023,0.53783,-0.412509,5.891487596713853,11.656712211319586,-24.59939834745068,18.57780897947191,-14.280793007833484,8.05021125372408
10.521376132965088,-2.25521,0.531202,-0.10879,0.195423,0.367246,-0.0473863,0.138928,0.410269,0.556829,0.307007,0.66062,0.495764,-0.472807,0.0775826,0.483088,0.25844,0.482209,0.555023,0.53783,-0.412509,5.891487596713853,11.656712211319586,-24.59939834745068,18.57780897947191,-14.280793007833484,8.05021125372408
10.537095785140991,-2.05647,0.806185,-0.20321,0.216267,0.355834,-0.0229078,0.138867,0.410278,0.556596,0.308779,0.661325,0.494509,-0.47198,0.0725089,0.482793,0.258835,0.492496,0.546166,0.545555,-0.401896,5.679303292373334,11.256449969212746,-26.64212156270274,19.505638391888816,-13.375267950123929,7.491760205005198
10.538040161132812,-2.05647,0.806185,-0.20321,0.216267,0.355834,-0.0229078,0.138867,0.410278,0.556596,0.308779,0.661325,0.494509,-0.47198,0.0725089,0.482793,0.258835,0.492496,0.546166,0.545555,-0.401896,5.679303292373334,11.256449969212746,-26.64212156270274,19.505638391888816,-13.375267950123929,7.491760205005198
10.589161396026611,-2.46119,0.342741,-0.051948,0.149075,0.373167,-0.167394,0.138871,0.410254,0.556769,0.307054,0.660399,0.495714,-0.473137,0.0692706,0.482438,0.259051,0.496488,0.540159,0.552061,-0.396177,5.569269758220885,11.121116031730015,-27.920068952943637,19.298370535657625,-10.827645657091132,7.963172196351225
10.59340238571167,-2.46119,0.342741,-0.051948,0.149075,0.373167,-0.167394,0.138871,0.410254,0.556769,0.307054,0.660399,0.495714,-0.473137,0.0692706,0.482438,0.259051,0.496488,0.540159,0.552061,-0.396177,5.569269758220885,11.121116031730015,-27.920068952943637,19.298370535657625,-10.827645657091132,7.963172196351225
10.615579843521118,-2.07741,0.687673,-0.743464,0.292696,0.427137,-0.0711964,0.138447,0.410375,0.556627,0.307654,0.661864,0.493838,-0.472662,0.0631662,0.481399,0.259017,0.506678,0.534323,0.55769,-0.383091,5.105829915629617,11.091507018270224,-30.077431664154307,18.357628153088857,-11.193374359471834,7.889425385409726
10.616923332214355,-2.07741,0.687673,-0.743464,0.292696,0.427137,-0.0711964,0.138447,0.410375,0.556627,0.307654,0.661864,0.493838,-0.472662,0.0631662,0.481399,0.259017,0.506678,0.534323,0.55769,-0.383091,5.105829915629617,11.091507018270224,-30.077431664154307,18.357628153088857,-11.193374359471834,7.889425385409726
10.637548685073853,-1.82526,1.20366,-1.26263,0.411657,0.469965,0.0235511,0.138422,0.410403,0.556641,0.307013,0.66235,0.493911,-0.472321,0.0575215,0.480118,0.25918,0.508271,0.528261,0.565901,-0.377302,4.88569094093292,10.37716262502822,-31.185299128398736,16.453986703922805,-11.13887654307297,8.326553507459524
10.638540506362915,-1.82526,1.20366,-1.26263,0.411657,0.469965,0.0235511,0.138422,0.410403,0.556641,0.307013,0.66235,0.493911,-0.472321,0.0575215,0.480118,0.25918,0.508271,0.528261,0.565901,-0.377302,4.88569094093292,10.37716262502822,-31.185299128398736,16.453986703922805,-11.13887654307297,8.326553507459524
10.654579162597656,-1.93526,1.17407,-1.53515,0.405208,0.552916,0.00541456,0.138474,0.410362,0.556641,0.307479,0.661919,0.493794,-0.472745,0.0566262,0.479935,0.259177,0.507776,0.527018,0.566503,-0.3788,4.955372631357203,10.212519684211896,-31.105331722748314,16.757498968463935,-11.704270668435711,8.29421725843828
10.655557870864868,-1.93526,1.17407,-1.53515,0.405208,0.552916,0.00541456,0.138474,0.410362,0.556641,0.307479,0.661919,0.493794,-0.472745,0.0566262,0.479935,0.259177,0.507776,0.527018,0.566503,-0.3788,4.955372631357203,10.212519684211896,-31.105331722748314,16.757498968463935,-11.704270668435711,8.29421725843828
10.673869371414185,-1.54923,1.36995,-1.41454,0.431085,0.482804,0.00639198,0.138585,0.410372,0.556752,0.306443,0.662304,0.494192,-0.472462,0.0544457,0.479427,0.258813,0.514638,0.521128,0.569744,-0.37278,5.162061136614164,10.265791869395185,-32.46520378474377,17.291479426594304,-10.08823209648549,7.635479492869948
10.674819469451904,-1.54923,1.36995,-1.41454,0.431085,0.482804,0.00639198,0.138585,0.410372,0.556752,0.306443,0.662304,0.494192,-0.472462,0.0544457,0.479427,0.258813,0.514638,0.521128,0.569744,-0.37278,5.162061136614164,10.265791869395185,-32.46520378474377,17.291479426594304,-10.08823209648549,7.635479492869948
10.703940153121948,-1.5792,1.47446,-0.728417,0.430049,0.350764,-0.0145795,0.138737,0.410321,0.556765,0.307308,0.662026,0.494384,-0.472089,0.0492453,0.479048,0.257737,0.526488,0.517163,0.571281,-0.359152,4.757738796832066,10.979274509836683,-34.37500478401312,17.40813677056692,-12.237067432704949,8.04302885052236
10.704896450042725,-1.5792,1.47446,-0.728417,0.430049,0.350764,-0.0145795,0.138737,0.410321,0.556765,0.307308,0.662026,0.494384,-0.472089,0.0492453,0.479048,0.257737,0.526488,0.517163,0.571281,-0.359152,4.757738796832066,10.979274509836683,-34.37500478401312,17.40813677056692,-12.237067432704949,8.04302885052236
10.720929384231567,-2.41282,1.4115,-0.353987,0.415009,0.373536,-0.0442142,0.138922,0.410258,0.556831,0.307999,0.660861,0.495376,-0.472231,0.0469683,0.478587,0.257565,0.529142,0.50895,0.57747,-0.35708,4.976914466308349,10.399046057082346,-35.17147601195112,18.927243049742014,-10.197989821863766,8.407619275442645
10.721882104873657,-2.41282,1.4115,-0.353987,0.415009,0.373536,-0.0442142,0.138922,0.410258,0.556831,0.307999,0.660861,0.495376,-0.472231,0.0469683,0.478587,0.257565,0.529142,0.50895,0.57747,-0.35708,4.976914466308349,10.399046057082346,-35.17147601195112,18.927243049742014,-10.197989821863766,8.407619275442645
10.737585067749023,-1.98295,1.58051,-0.183003,0.443718,0.29349,-0.0219098,0.139013,0.410214,0.556875,0.307452,0.661187,0.495278,-0.472233,0.0449006,0.478469,0.256958,0.533913,0.506088,0.578289,-0.352695,5.027680644998234,10.592193349262663,-36.04338666351247,19.33277406319181,-10.487754168391731,8.269105169621023
10.738526344299316,-1.98295,1.58051,-0.183003,0.443718,0.29349,-0.0219098,0.139013,0.410214,0.556875,0.307452,0.661187,0.495278,-0.472233,0.0449006,0.478469,0.256958,0.533913,0.506088,0.578289,-0.352695,5.027680644998234,10.592193349262663,-36.04338666351247,19.33277406319181,-10.487754168391731,8.269105169621023
10.753731966018677,-1.72735,1.65154,-0.168577,0.457971,0.268491,-0.0193183,0.138948,0.410285,0.55684,0.307198,0.66035,0.496122,-0.472685,0.042699,0.478206,0.256625,0.533846,0.502463,0.581899,-0.352042,5.082677930377405,10.279816648119786,-36.34681085638275,19.356115781483027,-9.985428313037922,8.890094277057058
10.754685163497925,-1.72735,1.65154,-0.168577,0.457971,0.268491,-0.0193183,0.138948,0.410285,0.55684,0.307198,0.66035,0.496122,-0.472685,0.042699,0.478206,0.256625,0.533846,0.502463,0.581899,-0.352042,5.082677930377405,10.279816648119786,-36.34681085638275,19.356115781483027,-9.985428313037922,8.890094277057058
10.787270545959473,-3.29572,1.60833,0.384659,0.48039,0.337972,-0.0724896,0.138854,0.410285,0.556675,0.307877,0.66149,0.494433,-0.472418,0.0351766,0.477659,0.255616,0.545107,0.492351,0.588276,-0.338202,4.840109293655334,10.070277323532608,-38.862148975311875,20.6656652361231,-10.870473286178534,9.383679018123026
10.78826642036438,-3.29572,1.60833,0.384659,0.48039,0.337972,-0.0724896,0.138854,0.410285,0.556675,0.307877,0.66149,0.494433,-0.472418,0.0351766,0.477659,0.255616,0.545107,0.492351,0.588276,-0.338202,4.840109293655334,10.070277323532608,-38.862148975311875,20.6656652361231,-10.870473286178534,9.383679018123026
10.80367922782898,-2.72567,1.47412,0.13121,0.481147,0.320359,-0.0807448,0.138828,0.410277,0.55667,0.307832,0.66131,0.494448,-0.472683,0.0339316,0.477692,0.255617,0.548331,0.489933,0.58917,-0.334929,4.816430312366062,10.184785872471545,-39.477107638643,21.502882525312017,-10.66750074306643,9.203975538315945
10.804648160934448,-2.72567,1.47412,0.13121,0.481147,0.320359,-0.0807448,0.138828,0.410277,0.55667,0.307832,0.66131,0.494448,-0.472683,0.0339316,0.477692,0.255617,0.548331,0.489933,0.58917,-0.334929,4.816430312366062,10.184785872471545,-39.477107638643,21.502882525312017,-10.66750074306643,9.203975538315945
10.820499181747437,-2.56374,1.86801,0.198783,0.546098,0.282249,-0.00546411,0.138682,0.410292,0.556621,0.308811,0.661428,0.494451,-0.471876,0.0309515,0.477432,0.25547,0.552371,0.486251,0.592378,-0.327924,4.564719972265075,10.058921176700428,-40.40977559683007,21.80037733172631,-11.101968725309586,9.661808039323049
10.821457624435425,-2.56374,1.86801,0.198783,0.546098,0.282249,-0.00546411,0.138682,0.410292,0.556621,0.308811,0.661428,0.494451,-0.471876,0.0309515,0.477432,0.25547,0.552371,0.486251,0.592378,-0.327924,4.564719972265075,10.058921176700428,-40.40977559683007,21.80037733172631,-11.101968725309586,9.661808039323049
10.83709454536438,-1.50112,1.90635,0.0406441,0.563622,0.184823,-0.00758872,0.13842,0.410403,0.556567,0.307997,0.662512,0.493723,-0.47165,0.026027,0.47732,0.255303,0.560347,0.479445,0.594707,-0.320106,4.7087368225649096,10.130754098748476,-42.065324021357014,23.289170898204183,-12.106123512845,8.369074234487316
10.838072776794434,-1.50112,1.90635,0.0406441,0.563622,0.184823,-0.00758872,0.13842,0.410403,0.556567,0.307997,0.662512,0.493723,-0.47165,0.026027,0.47732,0.255303,0.560347,0.479445,0.594707,-0.320106,4.7087368225649096,10.130754098748476,-42.065324021357014,23.289170898204183,-12.106123512845,8.369074234487316
10.85376501083374,-1.50585,2.06714,0.11007,0.580808,0.167127,0.00438987,0.138344,0.410411,0.556527,0.308238,0.661694,0.493737,-0.472625,0.0246401,0.477131,0.255344,0.562491,0.475246,0.59815,-0.316169,4.540013508302085,9.961873158680651,-42.80925408381197,24.36634959266317,-10.396011338203715,9.235147375605905
10.854732751846313,-1.50585,2.06714,0.11007,0.580808,0.167127,0.00438987,0.138344,0.410411,0.556527,0.308238,0.661694,0.493737,-0.472625,0.0246401,0.477131,0.255344,0.562491,0.475246,0.59815,-0.316169,4.540013508302085,9.961873158680651,-42.80925408381197,24.36634959266317,-10.396011338203715,9.235147375605905
10.887284994125366,-1.58138,1.70736,1.10063,0.565913,-0.0250369,-0.0983975,0.138175,0.410518,0.556392,0.308454,0.661145,0.494535,-0.472417,0.0183719,0.476268,0.255988,0.568052,0.468317,0.605212,-0.302843,3.9685705503598547,9.739154437012859,-44.59612391158005,24.436613362097706,-10.723977812158658,9.817473052732822
10.888277769088745,-1.58138,1.70736,1.10063,0.565913,-0.0250369,-0.0983975,0.138175,0.410518,0.556392,0.308454,0.661145,0.494535,-0.472417,0.0183719,0.476268,0.255988,0.568052,0.468317,0.605212,-0.302843,3.9685705503598547,9.739154437012859,-44.59612391158005,24.436613362097706,-10.723977812158658,9.817473052732822
10.904246807098389,-1.95748,1.70325,0.854555,0.599015,0.0539944,-0.123658,0.138164,0.410532,0.55639,0.308509,0.661092,0.494608,-0.47238,0.0177107,0.476365,0.256215,0.565729,0.469628,0.604657,-0.306251,4.084138210154521,9.637424099510156,-44.10138767408709,23.947883258165863,-12.329562631901235,9.446617790444515
10.905210256576538,-1.95748,1.70325,0.854555,0.599015,0.0539944,-0.123658,0.138164,0.410532,0.55639,0.308509,0.661092,0.494608,-0.47238,0.0177107,0.476365,0.256215,0.565729,0.469628,0.604657,-0.306251,4.084138210154521,9.637424099510156,-44.10138767408709,23.947883258165863,-12.329562631901235,9.446617790444515
10.920479774475098,-1.65975,1.79356,1.1344,0.62014,-0.0428508,-0.153269,0.138223,0.410491,0.556431,0.308303,0.661247,0.494246,-0.472676,0.0163384,0.475899,0.256477,0.568115,0.467198,0.606607,-0.301661,3.8960686124109496,9.594483993369753,-44.82654034952422,24.137452935468705,-11.71316050166922,9.588845866083032
10.921438694000244,-1.65975,1.79356,1.1344,0.62014,-0.0428508,-0.153269,0.138223,0.410491,0.556431,0.308303,0.661247,0.494246,-0.472676,0.0163384,0.475899,0.256477,0.568115,0.467198,0.606607,-0.301661,3.8960686124109496,9.594483993369753,-44.82654034952422,24.137452935468705,-11.71316050166922,9.588845866083032
10.937082767486572,-1.63909,1.56494,1.01711,0.602066,-0.0156781,-0.211196,0.138424,0.410358,0.556513,0.308337,0.661877,0.493649,-0.472395,0.0145795,0.474929,0.257225,0.567666,0.46469,0.609667,-0.300208,3.872068754208898,9.133400514522725,-45.154125126604555,23.657927647046368,-11.821596580587888,9.294645467697237
10.938067197799683,-1.63909,1.56494,1.01711,0.602066,-0.0156781,-0.211196,0.138424,0.410358,0.556513,0.308337,0.661877,0.493649,-0.472395,0.0145795,0.474929,0.257225,0.567666,0.46469,0.609667,-0.300208,3.872068754208898,9.133400514522725,-45.154125126604555,23.657927647046368,-11.821596580587888,9.294645467697237
10.953811407089233,-1.69532,1.24816,0.474769,0.612775,0.0994726,-0.282404,0.138465,0.410338,0.556513,0.308373,0.661867,0.493612,-0.472425,0.0138497,0.474512,0.25713,0.569467,0.46376,0.610047,-0.297451,3.7627766481120477,9.221411891110892,-45.530847743326596,23.543078104086486,-11.849665084066872,9.31413738048493
10.95475459098816,-1.69532,1.24816,0.474769,0.612775,0.0994726,-0.282404,0.138465,0.410338,0.556513,0.308373,0.661867,0.493612,-0.472425,0.0138497,0.474512,0.25713,0.569467,0.46376,0.610047,-0.297451,3.7627766481120477,9.221411891110892,-45.530847743326596,23.543078104086486,-11.849665084066872,9.31413738048493
10.973508358001709,-1.53426,2.03465,-0.128647,0.776021,0.202514,-0.157668,0.138508,0.410315,0.55653,0.30845,0.661887,0.493586,-0.472374,0.0129969,0.473707,0.25729,0.570083,0.46065,0.61251,-0.296039,3.824613628431857,8.935739361909594,-45.90285632133083,23.652885747616683,-10.926083261549865,9.266243583869691
10.974453687667847,-1.53426,2.03465,-0.128647,0.776021,0.202514,-0.157668,0.138508,0.410315,0.55653,0.30845,0.661887,0.493586,-0.472374,0.0129969,0.473707,0.25729,0.570083,0.46065,0.61251,-0.296039,3.824613628431857,8.935739361909594,-45.90285632133083,23.652885747616683,-10.926083261549865,9.266243583869691
11.003902435302734,-1.27483,1.7058,-0.0202782,0.762527,0.176113,-0.26668,0.138472,0.410404,0.556531,0.308561,0.661951,0.493415,-0.47239,0.0115249,0.473175,0.257,0.569855,0.461314,0.611997,-0.296504,3.8064631174912433,8.964894128923987,-45.80765578654989,22.56454628440194,-12.637002995256427,9.172537855846278
11.004859209060669,-1.27483,1.7058,-0.0202782,0.762527,0.176113,-0.26668,0.138472,0.410404,0.556531,0.308561,0.661951,0.493415,-0.47239,0.0115249,0.473175,0.257,0.569855,0.461314,0.611997,-0.296504,3.8064631174912433,8.964894128923987,-45.80765578654989,22.56454628440194,-12.637002995256427,9.172537855846278
11.02051591873169,-1.08931,1.93726,0.605086,0.794117,0.0480127,-0.237083,0.138402,0.410386,0.556516,0.308422,0.661772,0.493763,-0.472368,0.010867,0.472787,0.256695,0.570349,0.458953,0.613973,-0.295131,3.8493132093851643,8.792943356112923,-46.10614331573653,22.68894591455218,-11.6960124962149,9.612998615700043
11.021466255187988,-1.08931,1.93726,0.605086,0.794117,0.0480127,-0.237083,0.138402,0.410386,0.556516,0.308422,0.661772,0.493763,-0.472368,0.010867,0.472787,0.256695,0.570349,0.458953,0.613973,-0.295131,3.8493132093851643,8.792943356112923,-46.10614331573653,22.68894591455218,-11.6960124962149,9.612998615700043
11.036943197250366,-1.67689,1.36912,0.854006,0.721805,0.0813705,-0.400395,0.138284,0.410435,0.556391,0.308225,0.66156,0.49429,-0.472242,0.0102368,0.472123,0.256,0.572097,0.457153,0.613299,-0.295939,4.160267377277145,8.920452619614293,-46.22265218362122,22.746313347843227,-12.035862756599707,8.845438185455354
11.037901401519775,-1.67689,1.36912,0.854006,0.721805,0.0813705,-0.400395,0.138284,0.410435,0.556391,0.308225,0.66156,0.49429,-0.472242,0.0102368,0.472123,0.256,0.572097,0.457153,0.613299,-0.295939,4.160267377277145,8.920452619614293,-46.22265218362122,22.746313347843227,-12.035862756599707,8.845438185455354
11.053839683532715,-0.9748,1.49469,0.873228,0.742362,0.0182754,-0.374358,0.138284,0.410435,0.556391,0.308225,0.66156,0.49429,-0.472242,0.0102368,0.472123,0.256,0.572097,0.457153,0.613299,-0.295939,4.160267377277145,8.920452619614293,-46.22265218362122,22.746313347843227,-12.035862756599707,8.845438185455354
11.054785251617432,-0.9748,1.49469,0.873228,0.742362,0.0182754,-0.374358,0.138284,0.410435,0.556391,0.308225,0.66156,0.49429,-0.472242,0.0102368,0.472123,0.256,0.572097,0.457153,0.613299,-0.295939,4.160267377277145,8.920452619614293,-46.22265218362122,22.746313347843227,-12.035862756599707,8.845438185455354
11.073829174041748,-1.43243,1.03219,0.884224,0.705805,0.0944342,-0.489069,0.138172,0.410493,0.556311,0.30878,0.660916,0.494617,-0.472439,0.00944472,0.47133,0.254999,0.574145,0.455849,0.61315,-0.294291,4.135766534229659,9.080465746228933,-46.47208753348219,22.440002020680897,-12.21085079722288,9.3012599026431
11.074771404266357,-1.43243,1.03219,0.884224,0.705805,0.0944342,-0.489069,0.138172,0.410493,0.556311,0.30878,0.660916,0.494617,-0.472439,0.00944472,0.47133,0.254999,0.574145,0.455849,0.61315,-0.294291,4.135766534229659,9.080465746228933,-46.47208753348219,22.440002020680897,-12.21085079722288,9.3012599026431
11.106014013290405,-1.70481,0.937618,1.22787,0.71058,0.0886536,-0.54079,0.138106,0.41055,0.556175,0.308447,0.66149,0.494472,-0.472006,0.00879593,0.470066,0.253842,0.576923,0.449113,0.614982,-0.29539,4.8240854324370614,8.74987776189221,-47.03422482309618,23.472248313638538,-10.616430489871199,8.437884888814079
11.106958866119385,-1.70481,0.937618,1.22787,0.71058,0.0886536,-0.54079,0.138106,0.41055,0.556175,0.308447,0.66149,0.494472,-0.472006,0.00879593,0.470066,0.253842,0.576923,0.449113,0.614982,-0.29539,4.8240854324370614,8.74987776189221,-47.03422482309618,23.472248313638538,-10.616430489871199,8.437884888814079
11.120344400405884,-1.45168,0.979,1.26074,0.736466,0.0321068,-0.531197,0.138113,0.410536,0.556079,0.308534,0.661357,0.494911,-0.471674,0.00828256,0.469868,0.253009,0.577903,0.453589,0.611196,-0.294492,4.599543971960958,9.348330521924657,-46.76583885545489,21.696720527550543,-13.456391189731294,8.364159324408059
11.121287107467651,-1.45168,0.979,1.26074,0.736466,0.0321068,-0.531197,0.138113,0.410536,0.556079,0.308534,0.661357,0.494911,-0.471674,0.00828256,0.469868,0.253009,0.577903,0.453589,0.611196,-0.294492,4.599543971960958,9.348330521924657,-46.76583885545489,21.696720527550543,-13.456391189731294,8.364159324408059
11.136890888214111,-1.44059,0.811371,1.3559,0.721774,0.0104121,-0.562018,0.138205,0.410512,0.556059,0.308832,0.661163,0.494494,-0.472189,0.00752463,0.468968,0.252577,0.576176,0.449192,0.614381,-0.297966,4.964407009001861,8.722891447623674,-46.74861997375109,22.109027299031094,-12.295489650361425,8.862823214101773
11.13782811164856,-1.44059,0.811371,1.3559,0.721774,0.0104121,-0.562018,0.138205,0.410512,0.556059,0.308832,0.661163,0.494494,-0.472189,0.00752463,0.468968,0.252577,0.576176,0.449192,0.614381,-0.297966,4.964407009001861,8.722891447623674,-46.74861997375109,22.109027299031094,-12.295489650361425,8.862823214101773
11.153851747512817,-1.37117,0.867798,1.39091,0.729437,-0.00463447,-0.548158,0.138195,0.410497,0.556095,0.308699,0.660714,0.495393,-0.471962,0.00737729,0.468728,0.252333,0.577504,0.449526,0.613262,-0.297195,5.004647184808798,9.009600687688925,-46.78123110707145,21.854583022079613,-12.857109810043626,8.479650068908832
11.154804229736328,-1.37117,0.867798,1.39091,0.729437,-0.00463447,-0.548158,0.138195,0.410497,0.556095,0.308699,0.660714,0.495393,-0.471962,0.00737729,0.468728,0.252333,0.577504,0.449526,0.613262,-0.297195,5.004647184808798,9.009600687688925,-46.78123110707145,21.854583022079613,-12.857109810043626,8.479650068908832
11.187036752700806,-1.2454,0.852974,1.30886,0.717644,0.00753254,-0.538869,0.138287,0.410502,0.556093,0.307851,0.662316,0.494369,-0.471343,0.00688944,0.467711,0.251225,0.578885,0.446011,0.614091,-0.298091,5.4699154827115235,8.710774807492248,-47.17086477950297,21.61550122156236,-12.171728865395846,8.051862429666736
11.187981843948364,-1.2454,0.852974,1.30886,0.717644,0.00753254,-0.538869,0.138287,0.410502,0.556093,0.307851,0.662316,0.494369,-0.471343,0.00688944,0.467711,0.251225,0.578885,0.446011,0.614091,-0.298091,5.4699154827115235,8.710774807492248,-47.17086477950297,21.61550122156236,-12.171728865395846,8.051862429666736
11.213206052780151,-1.05384,0.811116,1.34573,0.701735,-0.020291,-0.539411,0.138266,0.410507,0.556063,0.308723,0.66166,0.49434,-0.471725,0.00691218,0.467353,0.25104,0.579818,0.443397,0.615212,-0.297865,5.530047750932965,8.58740360179776,-47.353207284463636,22.54565388099954,-11.226103195011033,8.353013746044713
11.215001583099365,-1.05384,0.811116,1.34573,0.701735,-0.020291,-0.539411,0.138266,0.410507,0.556063,0.308723,0.66166,0.49434,-0.471725,0.00691218,0.467353,0.25104,0.579818,0.443397,0.615212,-0.297865,5.530047750932965,8.58740360179776,-47.353207284463636,22.54565388099954,-11.226103195011033,8.353013746044713
11.234180212020874,-1.13025,0.607758,1.37122,0.658926,-0.0107887,-0.506293,0.13818,0.410469,0.555959,0.309022,0.660946,0.495131,-0.4717,0.00700993,0.467018,0.250444,0.581546,0.441959,0.614219,-0.298684,5.7760860738684885,8.785445258698013,-47.375754179741776,23.166895151979226,-11.285230223750707,7.85924558365784
11.235237836837769,-1.13025,0.607758,1.37122,0.658926,-0.0107887,-0.506293,0.13818,0.410469,0.555959,0.309022,0.660946,0.495131,-0.4717,0.00700993,0.467018,0.250444,0.581546,0.441959,0.614219,-0.298684,5.7760860738684885,8.785445258698013,-47.375754179741776,23.166895151979226,-11.285230223750707,7.85924558365784
11.24970269203186,-1.00714,0.635021,1.30131,0.658959,-0.0133372,-0.458335,0.138173,0.410442,0.555864,0.308797,0.661139,0.495101,-0.471609,0.0069002,0.466996,0.250176,0.579049,0.443735,0.61406,-0.301217,5.796844431799932,8.659022530334385,-46.944982386519555,22.15423861221126,-12.011010663701446,8.190350997276399
11.250858783721924,-1.00714,0.635021,1.30131,0.658959,-0.0133372,-0.458335,0.138173,0.410442,0.555864,0.308797,0.661139,0.495101,-0.471609,0.0069002,0.466996,0.250176,0.579049,0.443735,0.61406,-0.301217,5.796844431799932,8.659022530334385,-46.944982386519555,22.15423861221126,-12.011010663701446,8.190350997276399
11.26553750038147,-1.04865,0.511448,1.19471,0.634276,0.0110831,-0.436663,0.13821,0.410412,0.55581,0.308764,0.661222,0.494752,-0.471879,0.007107,0.466863,0.249858,0.5801,0.443931,0.613044,-0.300977,5.796049668332598,8.812193285518752,-47.03640956999544,22.209339583914307,-12.0989475168359,8.097615375108049
11.266475439071655,-1.04865,0.511448,1.19471,0.634276,0.0110831,-0.436663,0.13821,0.410412,0.55581,0.308764,0.661222,0.494752,-0.471879,0.007107,0.466863,0.249858,0.5801,0.443931,0.613044,-0.300977,5.796049668332598,8.812193285518752,-47.03640956999544,22.209339583914307,-12.0989475168359,8.097615375108049
11.281255006790161,-0.941012,0.656479,0.823067,0.62597,0.0755479,-0.304946,0.138334,0.410361,0.555829,0.308422,0.661205,0.494832,-0.472043,0.00807118,0.466897,0.249338,0.58219,0.440331,0.61318,-0.30195,6.214128265809651,8.800669360903088,-47.34362660152991,23.927649971131462,-10.408236105330518,7.644935488577229
11.28238320350647,-0.941012,0.656479,0.823067,0.62597,0.0755479,-0.304946,0.138334,0.410361,0.555829,0.308422,0.661205,0.494832,-0.472043,0.00807118,0.466897,0.249338,0.58219,0.440331,0.61318,-0.30195,6.214128265809651,8.800669360903088,-47.34362660152991,23.927649971131462,-10.408236105330518,7.644935488577229
11.296874284744263,-0.850414,0.480671,0.671463,0.578694,0.0980371,-0.285984,0.138372,0.410359,0.555839,0.308136,0.661815,0.494527,-0.471695,0.00818534,0.46709,0.249251,0.579451,0.445824,0.610814,-0.303947,6.002758341459894,8.951951740522514,-46.69484056402972,21.805610937431336,-12.602241522047743,7.848848298092461
11.297818899154663,-0.850414,0.480671,0.671463,0.578694,0.0980371,-0.285984,0.138372,0.410359,0.555839,0.308136,0.661815,0.494527,-0.471695,0.00818534,0.46709,0.249251,0.579451,0.445824,0.610814,-0.303947,6.002758341459894,8.951951740522514,-46.69484056402972,21.805610937431336,-12.602241522047743,7.848848298092461
11.320412874221802,-0.832738,-0.156496,0.454926,0.445237,0.176705,-0.268917,0.13847,0.410356,0.556034,0.306655,0.661379,0.495444,-0.47231,0.00970959,0.467268,0.24863,0.580498,0.44389,0.610259,-0.305889,6.425289512582585,9.141351818939897,-46.809983299029966,22.798571114414305,-10.51070660188215,7.652765226773303
11.32136583328247,-0.832738,-0.156496,0.454926,0.445237,0.176705,-0.268917,0.13847,0.410356,0.556034,0.306655,0.661379,0.495444,-0.47231,0.00970959,0.467268,0.24863,0.580498,0.44389,0.610259,-0.305889,6.425289512582585,9.141351818939897,-46.809983299029966,22.798571114414305,-10.51070660188215,7.652765226773303
11.337553024291992,0.137476,0.625123,0.616704,0.5019,0.06623,-0.0713395,0.138568,0.410339,0.556095,0.306757,0.66136,0.495706,-0.471994,0.0110225,0.467668,0.248088,0.580275,0.443385,0.609219,-0.3091,6.767722032866307,9.127310093822436,-46.530143231728076,23.621417609838865,-10.117344246416286,7.482020997978302
11.338502407073975,0.137476,0.625123,0.616704,0.5019,0.06623,-0.0713395,0.138568,0.410339,0.556095,0.306757,0.66136,0.495706,-0.471994,0.0110225,0.467668,0.248088,0.580275,0.443385,0.609219,-0.3091,6.767722032866307,9.127310093822436,-46.530143231728076,23.621417609838865,-10.117344246416286,7.482020997978302
11.354301929473877,-2.28122,0.163415,0.509242,0.448324,0.365534,-0.191835,0.138625,0.410285,0.556183,0.307056,0.661482,0.495498,-0.471848,0.0125157,0.467816,0.247648,0.579242,0.44507,0.607599,-0.311792,6.85760555495402,9.169732726929663,-46.120204861664995,23.469158593331063,-10.079329046100202,7.721114561355639
11.355267763137817,-2.28122,0.163415,0.509242,0.448324,0.365534,-0.191835,0.138625,0.410285,0.556183,0.307056,0.661482,0.495498,-0.471848,0.0125157,0.467816,0.247648,0.579242,0.44507,0.607599,-0.311792,6.85760555495402,9.169732726929663,-46.120204861664995,23.469158593331063,-10.079329046100202,7.721114561355639
11.40581202507019,-0.781978,0.624818,-0.390903,0.503155,0.381322,0.0047081,0.13878,0.410194,0.556233,0.307746,0.661782,0.494857,-0.471649,0.0158626,0.468322,0.245865,0.57822,0.452369,0.599491,-0.318802,7.046663278530695,9.836904762537095,-44.938191409529765,22.52295530429486,-12.533915460066423,7.774355230388439
11.410151481628418,-0.781978,0.624818,-0.390903,0.503155,0.381322,0.0047081,0.13878,0.410194,0.556233,0.307746,0.661782,0.494857,-0.471649,0.0158626,0.468322,0.245865,0.57822,0.452369,0.599491,-0.318802,7.046663278530695,9.836904762537095,-44.938191409529765,22.52295530429486,-12.533915460066423,7.774355230388439
11.443375825881958,-0.775955,0.56626,0.0240543,0.411805,0.368535,0.0226662,0.13866,0.410254,0.55622,0.307631,0.662006,0.494568,-0.471714,0.0210003,0.468789,0.243535,0.576997,0.460166,0.589475,-0.32839,7.523026655242424,10.690015961277927,-43.551121931847746,21.73230728529458,-13.704656589052806,7.486070622352452
11.445168733596802,-0.775955,0.56626,0.0240543,0.411805,0.368535,0.0226662,0.13866,0.410254,0.55622,0.307631,0.662006,0.494568,-0.471714,0.0210003,0.468789,0.243535,0.576997,0.460166,0.589475,-0.32839,7.523026655242424,10.690015961277927,-43.551121931847746,21.73230728529458,-13.704656589052806,7.486070622352452
11.462252616882324,-1.66913,0.346448,0.815659,0.324878,0.326003,-0.0471325,0.138717,0.410218,0.556208,0.307577,0.661623,0.495307,-0.471511,0.0247713,0.46854,0.242773,0.57098,0.461499,0.587447,-0.34045,8.28421645148701,10.315429697288028,-42.10479470752446,21.63661777815175,-12.38187521442809,7.22331994458043
11.463358163833618,-1.66913,0.346448,0.815659,0.324878,0.326003,-0.0471325,0.138717,0.410218,0.556208,0.307577,0.661623,0.495307,-0.471511,0.0247713,0.46854,0.242773,0.57098,0.461499,0.587447,-0.34045,8.28421645148701,10.315429697288028,-42.10479470752446,21.63661777815175,-12.38187521442809,7.22331994458043
11.477829217910767,-1.65084,0.338347,0.44437,0.316931,0.388655,-0.0510122,0.138673,0.410241,0.556173,0.307057,0.661491,0.495594,-0.471733,0.029509,0.468119,0.242126,0.566445,0.466112,0.583096,-0.349111,8.653570280757368,10.43986473199337,-40.85875545040925,20.563044927852022,-10.935630445140152,7.024447354435466
11.478775024414062,-1.65084,0.338347,0.44437,0.316931,0.388655,-0.0510122,0.138673,0.410241,0.556173,0.307057,0.661491,0.495594,-0.471733,0.029509,0.468119,0.242126,0.566445,0.466112,0.583096,-0.349111,8.653570280757368,10.43986473199337,-40.85875545040925,20.563044927852022,-10.935630445140152,7.024447354435466
11.50442624092102,-1.12962,0.276822,0.376814,0.321842,0.356299,-0.042229,0.138656,0.410272,0.556163,0.306933,0.661775,0.495556,-0.471455,0.0323902,0.467987,0.241412,0.5615,0.475625,0.574513,-0.358376,8.878668619643692,10.983636303364658,-39.15321075082264,18.25568690335299,-14.507019595134093,6.224515647068977
11.505377769470215,-1.12962,0.276822,0.376814,0.321842,0.356299,-0.042229,0.138656,0.410272,0.556163,0.306933,0.661775,0.495556,-0.471455,0.0323902,0.467987,0.241412,0.5615,0.475625,0.574513,-0.358376,8.878668619643692,10.983636303364658,-39.15321075082264,18.25568690335299,-14.507019595134093,6.224515647068977
11.520509958267212,-1.05881,0.479698,0.117775,0.340291,0.413,-0.00262939,0.138675,0.410222,0.55621,0.30764,0.661427,0.49503,-0.472035,0.0370319,0.466954,0.241018,0.553226,0.478842,0.572349,-0.370226,9.22438653778011,10.451343012232842,-37.493613771928906,17.227950644846167,-12.62344287728541,6.88908299448434
11.521465539932251,-1.05881,0.479698,0.117775,0.340291,0.413,-0.00262939,0.138675,0.410222,0.55621,0.30764,0.661427,0.49503,-0.472035,0.0370319,0.466954,0.241018,0.553226,0.478842,0.572349,-0.370226,9.22438653778011,10.451343012232842,-37.493613771928906,17.227950644846167,-12.62344287728541,6.88908299448434
11.537106275558472,-1.36569,0.417695,0.0247166,0.308615,0.469247,-0.0351133,0.138686,0.410174,0.556272,0.307582,0.661194,0.495103,-0.472322,0.0402483,0.466255,0.240606,0.548675,0.483561,0.567207,-0.378682,9.552482427435743,10.594946465700568,-36.208537977771314,16.157949664402846,-13.207510101112277,6.413533749141841
11.538047552108765,-1.36569,0.417695,0.0247166,0.308615,0.469247,-0.0351133,0.138686,0.410174,0.556272,0.307582,0.661194,0.495103,-0.472322,0.0402483,0.466255,0.240606,0.548675,0.483561,0.567207,-0.378682,9.552482427435743,10.594946465700568,-36.208537977771314,16.157949664402846,-13.207510101112277,6.413533749141841
11.570417165756226,-1.4497,0.0740955,-0.525771,0.265831,0.601277,-0.107864,0.13874,0.410229,0.556261,0.30753,0.661761,0.494862,-0.471816,0.0435762,0.465613,0.240094,0.542615,0.489496,0.562083,-0.387332,9.828339968112616,10.577151920666763,-34.74007623861462,14.338401803359202,-14.31570733972321,6.107968135765299
11.571410179138184,-1.4497,0.0740955,-0.525771,0.265831,0.601277,-0.107864,0.13874,0.410229,0.556261,0.30753,0.661761,0.494862,-0.471816,0.0435762,0.465613,0.240094,0.542615,0.489496,0.562083,-0.387332,9.828339968112616,10.577151920666763,-34.74007623861462,14.338401803359202,-14.31570733972321,6.107968135765299
11.58744502067566,-1.10909,0.170282,-1.65603,0.317907,0.794386,-0.0568882,0.138992,0.410064,0.556312,0.30728,0.661941,0.494398,-0.472211,0.0476679,0.463876,0.239064,0.536316,0.495606,0.555731,-0.39737,10.15860355423611,10.671667457252953,-33.17850759614045,12.087692039715803,-14.962116505564191,6.113213012765948
11.588501214981079,-1.10909,0.170282,-1.65603,0.317907,0.794386,-0.0568882,0.138992,0.410064,0.556312,0.30728,0.661941,0.494398,-0.472211,0.0476679,0.463876,0.239064,0.536316,0.495606,0.555731,-0.39737,10.15860355423611,10.671667457252953,-33.17850759614045,12.087692039715803,-14.962116505564191,6.113213012765948
11.603731155395508,-0.677266,0.318285,-2.03932,0.347603,0.810658,0.00269921,0.139087,0.410011,0.556337,0.307267,0.66225,0.494054,-0.472146,0.0480792,0.463535,0.238658,0.53879,0.493716,0.55452,-0.398066,10.487087098552962,10.763661970853017,-33.40696688368178,12.8921001943086,-14.636701298525693,5.301562785639964
11.60470175743103,-0.677266,0.318285,-2.03932,0.347603,0.810658,0.00269921,0.139087,0.410011,0.556337,0.307267,0.66225,0.494054,-0.472146,0.0480792,0.463535,0.238658,0.53879,0.493716,0.55452,-0.398066,10.487087098552962,10.763661970853017,-33.40696688368178,12.8921001943086,-14.636701298525693,5.301562785639964
11.620372295379639,-0.239551,0.575127,-2.26568,0.385002,0.804064,0.0832686,0.139189,0.409946,0.556458,0.308734,0.661218,0.494192,-0.472491,0.048815,0.463015,0.237726,0.537282,0.494841,0.552793,-0.401098,10.502560213654625,10.770590215709639,-32.83579695131161,12.780359622590078,-15.466345940092626,6.3379565047745565
11.621326684951782,-0.239551,0.575127,-2.26568,0.385002,0.804064,0.0832686,0.139189,0.409946,0.556458,0.308734,0.661218,0.494192,-0.472491,0.048815,0.463015,0.237726,0.537282,0.494841,0.552793,-0.401098,10.502560213654625,10.770590215709639,-32.83579695131161,12.780359622590078,-15.466345940092626,6.3379565047745565
11.637139320373535,-0.60631,0.557914,-1.88405,0.327209,0.783987,0.0692429,0.139061,0.410077,0.556483,0.308711,0.661156,0.493986,-0.47281,0.0509259,0.462579,0.236244,0.537251,0.491773,0.552443,-0.405374,11.011302729012037,10.521419943443016,-32.709281916810596,13.758740129507178,-12.703567217028985,6.812804259971422
11.638108015060425,-0.60631,0.557914,-1.88405,0.327209,0.783987,0.0692429,0.139061,0.410077,0.556483,0.308711,0.661156,0.493986,-0.47281,0.0509259,0.462579,0.236244,0.537251,0.491773,0.552443,-0.405374,11.011302729012037,10.521419943443016,-32.709281916810596,13.758740129507178,-12.703567217028985,6.812804259971422
11.67057180404663,-1.22084,0.245262,-0.879287,0.197317,0.656527,-0.0204716,0.13905,0.410125,0.556504,0.308088,0.661329,0.494024,-0.472934,0.0537894,0.462403,0.234712,0.533844,0.497007,0.545202,-0.413219,11.460287075339929,10.900390404064664,-31.527358710935772,13.141403052077656,-14.301483073098375,6.7220072563405004
11.671528816223145,-1.22084,0.245262,-0.879287,0.197317,0.656527,-0.0204716,0.13905,0.410125,0.556504,0.308088,0.661329,0.494024,-0.472934,0.0537894,0.462403,0.234712,0.533844,0.497007,0.545202,-0.413219,11.460287075339929,10.900390404064664,-31.527358710935772,13.141403052077656,-14.301483073098375,6.7220072563405004
11.686979055404663,-1.04771,0.168826,-1.14583,0.188662,0.693933,-0.035404,0.139172,0.410017,0.556446,0.308844,0.661551,0.493619,-0.472554,0.0557562,0.461729,0.233491,0.533817,0.495158,0.544574,-0.41629,11.808447553627893,10.652443610637162,-31.33479443380103,13.725385465894117,-12.74396573825743,7.053498063861868
11.687928915023804,-1.04771,0.168826,-1.14583,0.188662,0.693933,-0.035404,0.139172,0.410017,0.556446,0.308844,0.661551,0.493619,-0.472554,0.0557562,0.461729,0.233491,0.533817,0.495158,0.544574,-0.41629,11.808447553627893,10.652443610637162,-31.33479443380103,13.725385465894117,-12.74396573825743,7.053498063861868
11.703770875930786,-0.914777,0.153053,-1.25253,0.185077,0.704406,-0.0396757,0.139195,0.410005,0.55644,0.308812,0.661596,0.493544,-0.472589,0.0561726,0.461328,0.233104,0.537526,0.490455,0.540273,-0.422641,12.93324064136355,10.75851023283041,-31.31197239230689,16.44366876417569,-13.325369245105382,3.792888534054768
11.704724788665771,-0.914777,0.153053,-1.25253,0.185077,0.704406,-0.0396757,0.139195,0.410005,0.55644,0.308812,0.661596,0.493544,-0.472589,0.0561726,0.461328,0.233104,0.537526,0.490455,0.540273,-0.422641,12.93324064136355,10.75851023283041,-31.31197239230689,16.44366876417569,-13.325369245105382,3.792888534054768
11.720747947692871,-0.753901,0.438584,-1.34628,0.202096,0.724404,-0.0058966,0.139198,0.409996,0.556433,0.308852,0.661608,0.493458,-0.472636,0.0569239,0.460788,0.231901,0.539775,0.492877,0.537221,-0.420843,12.852084935553394,11.304053674325113,-31.421193138238017,15.648379865003495,-13.979093063491218,4.449989260394065
11.721710443496704,-0.753901,0.438584,-1.34628,0.202096,0.724404,-0.0058966,0.139198,0.409996,0.556433,0.308852,0.661608,0.493458,-0.472636,0.0569239,0.460788,0.231901,0.539775,0.492877,0.537221,-0.420843,12.852084935553394,11.304053674325113,-31.421193138238017,15.648379865003495,-13.979093063491218,4.449989260394065
11.737164497375488,-0.984471,0.453238,-1.3962,0.190011,0.769401,-0.0360771,0.139166,0.409981,0.556453,0.309193,0.661046,0.493672,-0.472975,0.0566081,0.460052,0.231269,0.540662,0.488085,0.540045,-0.421673,13.089417560465327,10.927770145101006,-31.69328399454857,16.282397072818846,-11.882742919114989,4.850774253405213
11.738111734390259,-0.984471,0.453238,-1.3962,0.190011,0.769401,-0.0360771,0.139166,0.409981,0.556453,0.309193,0.661046,0.493672,-0.472975,0.0566081,0.460052,0.231269,0.540662,0.488085,0.540045,-0.421673,13.089417560465327,10.927770145101006,-31.69328399454857,16.282397072818846,-11.882742919114989,4.850774253405213
11.770905017852783,-0.955709,0.535645,-1.61014,0.24252,0.782756,-0.0343418,0.139013,0.41007,0.55644,0.308536,0.661163,0.493883,-0.473021,0.0557461,0.459378,0.230654,0.541484,0.488924,0.539589,-0.420228,13.031677030593642,11.149713446262597,-31.855784174978194,14.929217648981801,-12.428682118167044,5.207025961470936
11.771915197372437,-0.955709,0.535645,-1.61014,0.24252,0.782756,-0.0343418,0.139013,0.41007,0.55644,0.308536,0.661163,0.493883,-0.473021,0.0557461,0.459378,0.230654,0.541484,0.488924,0.539589,-0.420228,13.031677030593642,11.149713446262597,-31.855784174978194,14.929217648981801,-12.428682118167044,5.207025961470936
11.786987066268921,-1.04136,0.897377,-1.56242,0.30682,0.757041,0.0152807,0.138892,0.410142,0.55645,0.308262,0.661689,0.494016,-0.472324,0.0540988,0.458886,0.230425,0.541756,0.48648,0.542577,-0.418865,13.069759251737619,10.820494574273498,-32.16328433741565,14.118464199676161,-12.106479807980255,5.427279936468789
11.787975788116455,-1.04136,0.897377,-1.56242,0.30682,0.757041,0.0152807,0.138892,0.410142,0.55645,0.308262,0.661689,0.494016,-0.472324,0.0540988,0.458886,0.230425,0.541756,0.48648,0.542577,-0.418865,13.069759251737619,10.820494574273498,-32.16328433741565,14.118464199676161,-12.106479807980255,5.427279936468789
11.8037691116333,-0.926208,0.923594,-1.434,0.308761,0.71074,0.00510524,0.138879,0.410134,0.556457,0.308728,0.661593,0.494522,-0.471625,0.0534851,0.458552,0.230278,0.542939,0.486144,0.541472,-0.419153,13.254210786480861,10.916305206198576,-32.11924374590241,14.075950097311942,-13.443369841903053,4.688787807176905
11.804738283157349,-0.926208,0.923594,-1.434,0.308761,0.71074,0.00510524,0.138879,0.410134,0.556457,0.308728,0.661593,0.494522,-0.471625,0.0534851,0.458552,0.230278,0.542939,0.486144,0.541472,-0.419153,13.254210786480861,10.916305206198576,-32.11924374590241,14.075950097311942,-13.443369841903053,4.688787807176905
11.820499181747437,-0.992552,0.851981,-1.38226,0.30746,0.690524,-0.0303301,0.138882,0.410137,0.556434,0.308425,0.661595,0.494058,-0.472306,0.0522206,0.458068,0.230129,0.543477,0.484146,0.541978,-0.420115,13.404825234747882,10.815163496140876,-32.28913004595398,14.180742244048865,-13.640787809143866,4.388434079921855
11.821465253829956,-0.992552,0.851981,-1.38226,0.30746,0.690524,-0.0303301,0.138882,0.410137,0.556434,0.308425,0.661595,0.494058,-0.472306,0.0522206,0.458068,0.230129,0.543477,0.484146,0.541978,-0.420115,13.404825234747882,10.815163496140876,-32.28913004595398,14.180742244048865,-13.640787809143866,4.388434079921855
11.837154626846313,-0.777477,0.773294,-1.65053,0.34303,0.714471,-0.0368128,0.138897,0.410117,0.556416,0.308166,0.661729,0.493722,-0.472638,0.0501616,0.457461,0.230103,0.544388,0.481254,0.545554,-0.417622,13.274769443866262,10.556063759599898,-32.82273874833328,13.627105155386952,-13.04576122887896,4.9107558839025485
11.838144063949585,-0.777477,0.773294,-1.65053,0.34303,0.714471,-0.0368128,0.138897,0.410117,0.556416,0.308166,0.661729,0.493722,-0.472638,0.0501616,0.457461,0.230103,0.544388,0.481254,0.545554,-0.417622,13.274769443866262,10.556063759599898,-32.82273874833328,13.627105155386952,-13.04576122887896,4.9107558839025485
11.870594263076782,-0.738699,1.31439,-1.70407,0.441023,0.715813,0.0610403,0.138874,0.410173,0.55648,0.308956,0.661432,0.494398,-0.47183,0.0481345,0.456344,0.230003,0.548558,0.475461,0.54865,-0.414733,13.51629785925933,10.363449356838464,-33.55042431316437,13.899046557816469,-12.5493118991668,4.181806372996783
11.871535539627075,-0.738699,1.31439,-1.70407,0.441023,0.715813,0.0610403,0.138874,0.410173,0.55648,0.308956,0.661432,0.494398,-0.47183,0.0481345,0.456344,0.230003,0.548558,0.475461,0.54865,-0.414733,13.51629785925933,10.363449356838464,-33.55042431316437,13.899046557816469,-12.5493118991668,4.181806372996783
11.887248754501343,-0.686903,1.38286,-1.53735,0.436613,0.677739,0.056795,0.138886,0.410184,0.55652,0.30871,0.661605,0.494565,-0.471574,0.0473018,0.455965,0.229841,0.548513,0.474026,0.549438,-0.415391,13.677491616876784,10.20898356717802,-33.59407427464477,13.62711811346113,-12.729989805939162,3.9761306340927653
11.888243675231934,-0.686903,1.38286,-1.53735,0.436613,0.677739,0.056795,0.138886,0.410184,0.55652,0.30871,0.661605,0.494565,-0.471574,0.0473018,0.455965,0.229841,0.548513,0.474026,0.549438,-0.415391,13.677491616876784,10.20898356717802,-33.59407427464477,13.62711811346113,-12.729989805939162,3.9761306340927653
11.904143333435059,-0.491484,1.05324,-1.39687,0.397538,0.630681,-0.0192833,0.138958,0.410149,0.556549,0.308192,0.661928,0.494167,-0.471878,0.0459012,0.455291,0.229377,0.548723,0.473465,0.54891,-0.416452,13.82858163215805,10.209327744127958,-33.64294769595355,12.98555639759719,-13.900874599464972,3.8101554632809265
11.905129671096802,-0.491484,1.05324,-1.39687,0.397538,0.630681,-0.0192833,0.138958,0.410149,0.556549,0.308192,0.661928,0.494167,-0.471878,0.0459012,0.455291,0.229377,0.548723,0.473465,0.54891,-0.416452,13.82858163215805,10.209327744127958,-33.64294769595355,12.98555639759719,-13.900874599464972,3.8101554632809265
11.920445442199707,-0.548843,0.836953,-1.36068,0.38794,0.641488,-0.0786914,0.138999,0.410109,0.556518,0.307711,0.662156,0.493772,-0.472285,0.0443187,0.454394,0.228954,0.551134,0.470997,0.550601,-0.413825,13.813038865702598,10.223557818830825,-34.266104922826074,12.460351394814598,-13.515562937731428,4.007124416202489
11.921381711959839,-0.548843,0.836953,-1.36068,0.38794,0.641488,-0.0786914,0.138999,0.410109,0.556518,0.307711,0.662156,0.493772,-0.472285,0.0443187,0.454394,0.228954,0.551134,0.470997,0.550601,-0.413825,13.813038865702598,10.223557818830825,-34.266104922826074,12.460351394814598,-13.515562937731428,4.007124416202489
11.937154531478882,-1.30828,1.12864,-1.77956,0.446616,0.820607,-0.0403712,0.139019,0.410087,0.556465,0.30858,0.66123,0.4939,-0.472881,0.0425277,0.453536,0.228436,0.554198,0.466412,0.553045,-0.411662,13.853612774389884,10.133237488406774,-34.85666312776495,13.106891348896852,-12.96784464929092,4.354864091122282
11.938112735748291,-1.30828,1.12864,-1.77956,0.446616,0.820607,-0.0403712,0.139019,0.410087,0.556465,0.30858,0.66123,0.4939,-0.472881,0.0425277,0.453536,0.228436,0.554198,0.466412,0.553045,-0.411662,13.853612774389884,10.133237488406774,-34.85666312776495,13.106891348896852,-12.96784464929092,4.354864091122282
11.970709800720215,-0.692135,1.50808,-0.811152,0.450235,0.557287,0.016362,0.139046,0.410101,0.55655,0.307189,0.66149,0.494319,-0.472985,0.040262,0.452287,0.227189,0.558303,0.46147,0.555538,-0.408315,14.110820347239622,10.182601608183015,-35.82039273763044,12.509007739305323,-11.976347437553652,4.638905336088606
11.971653461456299,-0.692135,1.50808,-0.811152,0.450235,0.557287,0.016362,0.139046,0.410101,0.55655,0.307189,0.66149,0.494319,-0.472985,0.040262,0.452287,0.227189,0.558303,0.46147,0.555538,-0.408315,14.110820347239622,10.182601608183015,-35.82039273763044,12.509007739305323,-11.976347437553652,4.638905336088606
11.987036228179932,-0.721146,1.1654,-0.793969,0.415063,0.56597,-0.0722759,0.138936,0.410108,0.556467,0.308149,0.661917,0.494195,-0.471892,0.0385677,0.451002,0.226351,0.561969,0.455182,0.559074,-0.405508,14.358107830276868,9.79783671450888,-36.57795852474026,12.776025579112813,-10.891119942874898,4.63245505888284
11.988022089004517,-0.721146,1.1654,-0.793969,0.415063,0.56597,-0.0722759,0.138936,0.410108,0.556467,0.308149,0.661917,0.494195,-0.471892,0.0385677,0.451002,0.226351,0.561969,0.455182,0.559074,-0.405508,14.358107830276868,9.79783671450888,-36.57795852474026,12.776025579112813,-10.891119942874898,4.63245505888284
12.004204273223877,-1.01675,1.26157,-0.893792,0.436651,0.622133,-0.0658737,0.138953,0.410124,0.556439,0.308571,0.66112,0.49403,-0.472905,0.0380166,0.450845,0.22599,0.561985,0.455472,0.557688,-0.407065,14.371849171399369,9.940446774443991,-36.42241365731089,13.06537368870888,-11.902396824070726,4.833476342385795
12.005191802978516,-1.01675,1.26157,-0.893792,0.436651,0.622133,-0.0658737,0.138953,0.410124,0.556439,0.308571,0.66112,0.49403,-0.472905,0.0380166,0.450845,0.22599,0.561985,0.455472,0.557688,-0.407065,14.371849171399369,9.940446774443991,-36.42241365731089,13.06537368870888,-11.902396824070726,4.833476342385795
12.020419597625732,-0.989428,1.02036,-0.91568,0.432645,0.615208,-0.126901,0.138966,0.410101,0.556434,0.308226,0.66178,0.493761,-0.472487,0.0365797,0.45005,0.225378,0.564497,0.454178,0.557222,-0.405671,14.53456187986749,10.068971848571966,-36.81482760228155,12.477347746248135,-12.953327875456214,4.388583918331756
12.021383047103882,-0.989428,1.02036,-0.91568,0.432645,0.615208,-0.126901,0.138966,0.410101,0.556434,0.308226,0.66178,0.493761,-0.472487,0.0365797,0.45005,0.225378,0.564497,0.454178,0.557222,-0.405671,14.53456187986749,10.068971848571966,-36.81482760228155,12.477347746248135,-12.953327875456214,4.388583918331756
12.037127017974854,-0.885344,1.28426,-1.08149,0.496159,0.629017,-0.0830376,0.138902,0.410135,0.556456,0.308378,0.66176,0.493989,-0.472177,0.033907,0.448859,0.2246,0.568933,0.446853,0.560886,-0.402547,14.851130564178195,9.832612871618574,-37.78430791075915,13.081765561712851,-12.054008097858448,4.250904069807278
12.038127899169922,-0.885344,1.28426,-1.08149,0.496159,0.629017,-0.0830376,0.138902,0.410135,0.556456,0.308378,0.66176,0.493989,-0.472177,0.033907,0.448859,0.2246,0.568933,0.446853,0.560886,-0.402547,14.851130564178195,9.832612871618574,-37.78430791075915,13.081765561712851,-12.054008097858448,4.250904069807278
12.070589780807495,-0.522748,1.81565,-0.855599,0.569368,0.529366,0.0163955,0.138789,0.410225,0.55643,0.308764,0.661882,0.494891,-0.470808,0.0313048,0.447712,0.224071,0.569878,0.441336,0.56606,-0.400046,15.003681362163773,9.26433608669721,-38.27221293344708,12.39483276996259,-11.436105557788853,4.737900986265888
12.071531772613525,-0.522748,1.81565,-0.855599,0.569368,0.529366,0.0163955,0.138789,0.410225,0.55643,0.308764,0.661882,0.494891,-0.470808,0.0313048,0.447712,0.224071,0.569878,0.441336,0.56606,-0.400046,15.003681362163773,9.26433608669721,-38.27221293344708,12.39483276996259,-11.436105557788853,4.737900986265888
12.086975812911987,-1.19744,1.5883,-0.50768,0.527523,0.527016,-0.0584102,0.138699,0.410173,0.556348,0.308277,0.661305,0.494419,-0.472431,0.0292181,0.446778,0.22337,0.572348,0.436846,0.568222,-0.39838,15.070030982387031,9.250428900277221,-38.986753318492475,12.927690075566565,-10.428753323544118,5.300704123050912
12.087958574295044,-1.19744,1.5883,-0.50768,0.527523,0.527016,-0.0584102,0.138699,0.410173,0.556348,0.308277,0.661305,0.494419,-0.472431,0.0292181,0.446778,0.22337,0.572348,0.436846,0.568222,-0.39838,15.070030982387031,9.250428900277221,-38.986753318492475,12.927690075566565,-10.428753323544118,5.300704123050912
12.103823184967041,-0.571922,1.62047,-0.832988,0.550819,0.520446,-0.036746,0.138704,0.410196,0.556347,0.307822,0.661606,0.495182,-0.471506,0.0284818,0.446441,0.223184,0.574283,0.434359,0.568262,-0.398258,15.451985428952872,9.263980913318113,-39.227396562121335,13.138399448270462,-10.73891417892665,4.200694141455195
12.104807138442993,-0.571922,1.62047,-0.832988,0.550819,0.520446,-0.036746,0.138704,0.410196,0.556347,0.307822,0.661606,0.495182,-0.471506,0.0284818,0.446441,0.223184,0.574283,0.434359,0.568262,-0.398258,15.451985428952872,9.263980913318113,-39.227396562121335,13.138399448270462,-10.73891417892665,4.200694141455195
12.12047290802002,-0.642013,2.25276,-1.03217,0.652697,0.549608,0.0706949,0.138721,0.410192,0.556352,0.307875,0.66167,0.495116,-0.47145,0.0269072,0.446067,0.222946,0.574206,0.433879,0.569216,-0.397531,15.391211970043532,9.173373963144211,-39.31596773943668,12.511027769228662,-11.715892568864893,4.598079913921765
12.121434926986694,-0.642013,2.25276,-1.03217,0.652697,0.549608,0.0706949,0.138721,0.410192,0.556352,0.307875,0.66167,0.495116,-0.47145,0.0269072,0.446067,0.222946,0.574206,0.433879,0.569216,-0.397531,15.391211970043532,9.173373963144211,-39.31596773943668,12.511027769228662,-11.715892568864893,4.598079913921765
12.137601137161255,-0.864184,1.81821,-0.723487,0.591517,0.499087,-0.0564543,0.138772,0.410195,0.556452,0.309215,0.661532,0.494662,-0.471244,0.0244086,0.444722,0.222251,0.581696,0.426699,0.573508,-0.388133,15.195808976773282,9.204064588041293,-40.91946397954698,13.396332198943686,-10.447047858150263,5.356420626386025
12.138617515563965,-0.864184,1.81821,-0.723487,0.591517,0.499087,-0.0564543,0.138772,0.410195,0.556452,0.309215,0.661532,0.494662,-0.471244,0.0244086,0.444722,0.222251,0.581696,0.426699,0.573508,-0.388133,15.195808976773282,9.204064588041293,-40.91946397954698,13.396332198943686,-10.447047858150263,5.356420626386025
12.170849084854126,-0.0539026,2.0739,-1.03216,0.645276,0.510351,0.00665827,0.138786,0.410236,0.556442,0.30869,0.661845,0.494976,-0.470818,0.0226669,0.444013,0.221882,0.577546,0.425615,0.574929,-0.393382,15.560156766526253,8.619207823286095,-40.317597330828214,12.124052629396,-11.609250074444008,5.507874717988167
12.171794414520264,-0.0539026,2.0739,-1.03216,0.645276,0.510351,0.00665827,0.138786,0.410236,0.556442,0.30869,0.661845,0.494976,-0.470818,0.0226669,0.444013,0.221882,0.577546,0.425615,0.574929,-0.393382,15.560156766526253,8.619207823286095,-40.317597330828214,12.124052629396,-11.609250074444008,5.507874717988167
12.187031269073486,-0.231884,1.95635,-1.14837,0.651449,0.539213,-0.0331149,0.13887,0.410165,0.556436,0.309252,0.661366,0.49437,-0.471759,0.0198022,0.442785,0.221309,0.581347,0.420626,0.578064,-0.388525,15.41672736611698,8.58222963071628,-41.30032760296781,12.498718000478766,-11.401899805153274,6.360809116172929
12.187994003295898,-0.231884,1.95635,-1.14837,0.651449,0.539213,-0.0331149,0.13887,0.410165,0.556436,0.309252,0.661366,0.49437,-0.471759,0.0198022,0.442785,0.221309,0.581347,0.420626,0.578064,-0.388525,15.41672736611698,8.58222963071628,-41.30032760296781,12.498718000478766,-11.401899805153274,6.360809116172929
12.204269409179688,-0.205997,2.00849,-1.23189,0.677333,0.52179,-0.0416454,0.138897,0.41012,0.556462,0.309016,0.661663,0.494441,-0.471422,0.0185981,0.44216,0.221173,0.584283,0.41576,0.580041,-0.386406,15.691788474491236,8.464769853964242,-41.97397466834,13.319413769132026,-10.57481841944271,5.765687396044973
12.205235958099365,-0.205997,2.00849,-1.23189,0.677333,0.52179,-0.0416454,0.138897,0.41012,0.556462,0.309016,0.661663,0.494441,-0.471422,0.0185981,0.44216,0.221173,0.584283,0.41576,0.580041,-0.386406,15.691788474491236,8.464769853964242,-41.97397466834,13.319413769132026,-10.57481841944271,5.765687396044973
12.220519542694092,-0.491398,2.26286,-1.4081,0.717224,0.574163,-0.0287224,0.138966,0.410131,0.55652,0.308444,0.661981,0.494143,-0.471662,0.0165341,0.441533,0.220886,0.587058,0.411167,0.58118,-0.385402,16.020956469462135,8.419468748375106,-42.60520006649907,14.03144101988377,-10.759318833838236,5.1240583080846545
12.22145938873291,-0.491398,2.26286,-1.4081,0.717224,0.574163,-0.0287224,0.138966,0.410131,0.55652,0.308444,0.661981,0.494143,-0.471662,0.0165341,0.441533,0.220886,0.587058,0.411167,0.58118,-0.385402,16.020956469462135,8.419468748375106,-42.60520006649907,14.03144101988377,-10.759318833838236,5.1240583080846545
12.237161874771118,-0.841866,1.94825,-0.998812,0.686273,0.522148,-0.11063,0.13899,0.410136,0.556544,0.308775,0.661381,0.494282,-0.472142,0.0145626,0.440941,0.220333,0.592205,0.40902,0.584073,-0.375306,15.410639471033985,8.789687209233255,-43.87143297919286,13.873281622686797,-10.178381576236838,6.670870073109938
12.238107442855835,-0.841866,1.94825,-0.998812,0.686273,0.522148,-0.11063,0.13899,0.410136,0.556544,0.308775,0.661381,0.494282,-0.472142,0.0145626,0.440941,0.220333,0.592205,0.40902,0.584073,-0.375306,15.410639471033985,8.789687209233255,-43.87143297919286,13.873281622686797,-10.178381576236838,6.670870073109938
12.270829200744629,-1.1275,2.01347,-0.182844,0.683614,0.394019,-0.132153,0.138853,0.410214,0.556438,0.30935,0.661359,0.494501,-0.471568,0.0112856,0.439618,0.21985,0.595558,0.401502,0.587876,-0.372167,15.71075742723166,8.4455734313593,-44.726969541172814,14.621639721956056,-10.148791918037883,6.415129488072624
12.27178144454956,-1.1275,2.01347,-0.182844,0.683614,0.394019,-0.132153,0.138853,0.410214,0.556438,0.30935,0.661359,0.494501,-0.471568,0.0112856,0.439618,0.21985,0.595558,0.401502,0.587876,-0.372167,15.71075742723166,8.4455734313593,-44.726969541172814,14.621639721956056,-10.148791918037883,6.415129488072624
12.286957740783691,0.0653944,2.36382,-0.199441,0.741122,0.259301,-0.0636189,0.138721,0.410259,0.556325,0.309007,0.661032,0.494742,-0.471998,0.00933736,0.438713,0.219712,0.595994,0.397944,0.589872,-0.372132,15.904824098643253,8.2558614861389,-45.01239709646788,14.606697761338376,-10.003881384468585,6.287859180354806
12.287893056869507,0.0653944,2.36382,-0.199441,0.741122,0.259301,-0.0636189,0.138721,0.410259,0.556325,0.309007,0.661032,0.494742,-0.471998,0.00933736,0.438713,0.219712,0.595994,0.397944,0.589872,-0.372132,15.904824098643253,8.2558614861389,-45.01239709646788,14.606697761338376,-10.003881384468585,6.287859180354806
12.304195880889893,-1.03732,1.97071,-0.603315,0.707047,0.455571,-0.187379,0.138681,0.410266,0.55635,0.308936,0.662001,0.494234,-0.471218,0.00885844,0.438509,0.21971,0.596861,0.399975,0.588999,-0.369943,15.721772762195215,8.40046840930942,-45.14129613910613,13.411542256628941,-11.265225670245856,6.136577195116242
12.305166482925415,-1.03732,1.97071,-0.603315,0.707047,0.455571,-0.187379,0.138681,0.410266,0.55635,0.308936,0.662001,0.494234,-0.471218,0.00885844,0.438509,0.21971,0.596861,0.399975,0.588999,-0.369943,15.721772762195215,8.40046840930942,-45.14129613910613,13.411542256628941,-11.265225670245856,6.136577195116242
12.320505619049072,-0.786497,1.87169,-0.54113,0.699396,0.378548,-0.254532,0.138558,0.410302,0.556394,0.308577,0.661606,0.494581,-0.471643,0.00713288,0.437886,0.219639,0.595033,0.39657,0.590567,-0.37403,16.16200787926222,7.993997549136241,-44.928188802638374,13.618248346623286,-11.424672398497934,5.943934154589514
12.32145094871521,-0.786497,1.87169,-0.54113,0.699396,0.378548,-0.254532,0.138558,0.410302,0.556394,0.308577,0.661606,0.494581,-0.471643,0.00713288,0.437886,0.219639,0.595033,0.39657,0.590567,-0.37403,16.16200787926222,7.993997549136241,-44.928188802638374,13.618248346623286,-11.424672398497934,5.943934154589514
12.337176084518433,-0.915415,1.27304,-0.325411,0.592456,0.375408,-0.413011,0.138393,0.410373,0.556417,0.308399,0.661501,0.493929,-0.472589,0.0062354,0.437409,0.219274,0.60073,0.394472,0.59124,-0.365991,15.777309865671116,8.507288666080045,-46.17404879660658,14.138757389614945,-10.369588325058753,6.39743539484793
12.338134288787842,-0.915415,1.27304,-0.325411,0.592456,0.375408,-0.413011,0.138393,0.410373,0.556417,0.308399,0.661501,0.493929,-0.472589,0.0062354,0.437409,0.219274,0.60073,0.394472,0.59124,-0.365991,15.777309865671116,8.507288666080045,-46.17404879660658,14.138757389614945,-10.369588325058753,6.39743539484793
12.370709896087646,-1.23192,1.42315,0.05933,0.629854,0.340372,-0.409004,0.13819,0.410479,0.556269,0.308866,0.660874,0.494423,-0.472645,0.00517323,0.436919,0.21902,0.599965,0.393833,0.5924,-0.36606,15.730380169496046,8.371431199405263,-46.080857469707354,13.62176222200988,-10.674945553275982,6.907262176035522
12.371661186218262,-1.23192,1.42315,0.05933,0.629854,0.340372,-0.409004,0.13819,0.410479,0.556269,0.308866,0.660874,0.494423,-0.472645,0.00517323,0.436919,0.21902,0.599965,0.393833,0.5924,-0.36606,15.730380169496046,8.371431199405263,-46.080857469707354,13.62176222200988,-10.674945553275982,6.907262176035522
12.38697361946106,-2.39228,1.96538,0.89308,0.651938,0.303094,-0.355845,0.13818,0.410498,0.556218,0.30893,0.660521,0.494815,-0.472686,0.00468224,0.436528,0.218796,0.601461,0.387663,0.594308,-0.367096,16.24640760903337,8.09516539409415,-46.440051399907205,15.522863788480809,-9.173873228496156,6.279757275985303
12.387929916381836,-2.39228,1.96538,0.89308,0.651938,0.303094,-0.355845,0.13818,0.410498,0.556218,0.30893,0.660521,0.494815,-0.472686,0.00468224,0.436528,0.218796,0.601461,0.387663,0.594308,-0.367096,16.24640760903337,8.09516539409415,-46.440051399907205,15.522863788480809,-9.173873228496156,6.279757275985303
12.403957843780518,-0.69338,0.503754,0.836307,0.48931,0.119181,-0.636814,0.138207,0.410501,0.556211,0.308225,0.661157,0.495275,-0.471775,0.00443339,0.43641,0.218688,0.601055,0.391838,0.593083,-0.365306,15.989498931910033,8.347745930751822,-46.303121315783606,13.307773248768926,-10.740957653738404,6.385114652499562
12.404906272888184,-0.69338,0.503754,0.836307,0.48931,0.119181,-0.636814,0.138207,0.410501,0.556211,0.308225,0.661157,0.495275,-0.471775,0.00443339,0.43641,0.218688,0.601055,0.391838,0.593083,-0.365306,15.989498931910033,8.347745930751822,-46.303121315783606,13.307773248768926,-10.740957653738404,6.385114652499562
12.420589923858643,-1.22908,1.14148,0.635783,0.564301,0.242462,-0.533017,0.138269,0.410454,0.556247,0.307856,0.661489,0.494685,-0.47217,0.00397066,0.436024,0.218622,0.600114,0.388566,0.594856,-0.367459,16.285588368521623,7.9587185063478465,-46.37317253150976,13.917893320719164,-9.667442776648256,6.4362175930619
12.421537399291992,-1.22908,1.14148,0.635783,0.564301,0.242462,-0.533017,0.138269,0.410454,0.556247,0.307856,0.661489,0.494685,-0.47217,0.00397066,0.436024,0.218622,0.600114,0.388566,0.594856,-0.367459,16.285588368521623,7.9587185063478465,-46.37317253150976,13.917893320719164,-9.667442776648256,6.4362175930619
12.437043190002441,-1.3074,1.36914,0.28106,0.617796,0.332817,-0.489579,0.138267,0.410455,0.556244,0.308164,0.661159,0.494619,-0.472499,0.00368968,0.435738,0.21846,0.601047,0.390195,0.592939,-0.367306,16.188096720409824,8.257099610220125,-46.32141968806805,13.441765419962385,-10.975511508830191,6.278433500357962
12.438004732131958,-1.3074,1.36914,0.28106,0.617796,0.332817,-0.489579,0.138267,0.410455,0.556244,0.308164,0.661159,0.494619,-0.472499,0.00368968,0.435738,0.21846,0.601047,0.390195,0.592939,-0.367306,16.188096720409824,8.257099610220125,-46.32141968806805,13.441765419962385,-10.975511508830191,6.278433500357962
12.470722913742065,-1.25445,1.01594,0.33199,0.585006,0.30406,-0.54316,0.138303,0.410462,0.556302,0.308373,0.66104,0.494505,-0.472649,0.003376,0.435374,0.218284,0.602427,0.38765,0.594022,-0.365988,16.248950159862904,8.200972904054385,-46.66998791325082,14.061271842566473,-10.22560291730811,6.421951604080409
12.47168755531311,-1.25445,1.01594,0.33199,0.585006,0.30406,-0.54316,0.138303,0.410462,0.556302,0.308373,0.66104,0.494505,-0.472649,0.003376,0.435374,0.218284,0.602427,0.38765,0.594022,-0.365988,16.248950159862904,8.200972904054385,-46.66998791325082,14.061271842566473,-10.22560291730811,6.421951604080409
12.48701810836792,-1.03641,0.796768,0.203007,0.549511,0.299668,-0.550479,0.138233,0.410486,0.556314,0.308837,0.660579,0.494577,-0.472915,0.00305708,0.435092,0.218078,0.601306,0.389786,0.592893,-0.367392,16.135482564121425,8.274685405817154,-46.305395322347785,13.158303523167676,-11.440225938981065,6.827302788750896
12.487971782684326,-1.03641,0.796768,0.203007,0.549511,0.299668,-0.550479,0.138233,0.410486,0.556314,0.308837,0.660579,0.494577,-0.472915,0.00305708,0.435092,0.218078,0.601306,0.389786,0.592893,-0.367392,16.135482564121425,8.274685405817154,-46.305395322347785,13.158303523167676,-11.440225938981065,6.827302788750896
12.503740549087524,-1.14291,0.830357,0.180439,0.555943,0.321987,-0.519418,0.138226,0.410492,0.556307,0.30888,0.66057,0.494514,-0.472965,0.00301016,0.434992,0.217995,0.601261,0.388987,0.593277,-0.367692,16.192989434154637,8.20029035425398,-46.3312567187081,13.33813221133701,-11.153498803030281,6.889389904030334
12.50469160079956,-1.14291,0.830357,0.180439,0.555943,0.321987,-0.519418,0.138226,0.410492,0.556307,0.30888,0.66057,0.494514,-0.472965,0.00301016,0.434992,0.217995,0.601261,0.388987,0.593277,-0.367692,16.192989434154637,8.20029035425398,-46.3312567187081,13.33813221133701,-11.153498803030281,6.889389904030334
12.520789623260498,-1.02566,0.890003,0.337898,0.54513,0.281138,-0.453143,0.138262,0.410457,0.556274,0.308513,0.660746,0.494327,-0.473154,0.00301103,0.434411,0.217518,0.60732,0.385045,0.592698,-0.362784,16.33126149174722,8.657841618376489,-47.40911504331834,14.716706126818687,-10.054748819577643,5.9930771320854
12.521745920181274,-1.02566,0.890003,0.337898,0.54513,0.281138,-0.453143,0.138262,0.410457,0.556274,0.308513,0.660746,0.494327,-0.473154,0.00301103,0.434411,0.217518,0.60732,0.385045,0.592698,-0.362784,16.33126149174722,8.657841618376489,-47.40911504331834,14.716706126818687,-10.054748819577643,5.9930771320854
12.537047624588013,-1.09033,0.661991,0.295374,0.505393,0.311648,-0.433064,0.138301,0.410429,0.556099,0.308012,0.661179,0.495101,-0.472065,0.00323602,0.43417,0.217145,0.60614,0.386819,0.592968,-0.362429,16.29264217945243,8.610104073724157,-47.208984694287075,13.212171473068306,-10.283901370399965,6.231527106112464
12.537999153137207,-1.09033,0.661991,0.295374,0.505393,0.311648,-0.433064,0.138301,0.410429,0.556099,0.308012,0.661179,0.495101,-0.472065,0.00323602,0.43417,0.217145,0.60614,0.386819,0.592968,-0.362429,16.29264217945243,8.610104073724157,-47.208984694287075,13.212171473068306,-10.283901370399965,6.231527106112464
12.571173191070557,-1.09059,0.597893,0.504949,0.486882,0.270824,-0.36546,0.13831,0.410432,0.556037,0.306786,0.661161,0.495843,-0.472111,0.00334356,0.433795,0.216711,0.606183,0.386243,0.591514,-0.365336,16.721835180049474,8.745498266377279,-47.06711782021528,12.953387422222441,-10.38915916082824,5.389506064353023
12.572194576263428,-1.09059,0.597893,0.504949,0.486882,0.270824,-0.36546,0.13831,0.410432,0.556037,0.306786,0.661161,0.495843,-0.472111,0.00334356,0.433795,0.216711,0.606183,0.386243,0.591514,-0.365336,16.721835180049474,8.745498266377279,-47.06711782021528,12.953387422222441,-10.38915916082824,5.389506064353023
12.58696436882019,-1.01636,0.361988,0.347452,0.462139,0.2779,-0.3063,0.138427,0.410366,0.556043,0.306677,0.66149,0.495278,-0.472313,0.00398178,0.434036,0.216696,0.600742,0.386737,0.592431,-0.372248,16.98369098070987,8.104790889097785,-46.19268009564413,12.742555410664227,-9.90636658014659,6.017714038836086
12.587920188903809,-1.01636,0.361988,0.347452,0.462139,0.2779,-0.3063,0.138427,0.410366,0.556043,0.306677,0.66149,0.495278,-0.472313,0.00398178,0.434036,0.216696,0.600742,0.386737,0.592431,-0.372248,16.98369098070987,8.104790889097785,-46.19268009564413,12.742555410664227,-9.90636658014659,6.017714038836086
12.619080781936646,-0.721418,0.431816,0.0558005,0.481873,0.295888,-0.241802,0.138474,0.410349,0.556051,0.306704,0.661357,0.495481,-0.472268,0.00419314,0.434008,0.216588,0.600543,0.387138,0.591634,-0.37342,17.06953115529308,8.149828044251093,-46.03529740318117,12.699685985675586,-10.25063307829953,5.846467284465276
12.621350288391113,-0.721418,0.431816,0.0558005,0.481873,0.295888,-0.241802,0.138474,0.410349,0.556051,0.306704,0.661357,0.495481,-0.472268,0.00419314,0.434008,0.216588,0.600543,0.387138,0.591634,-0.37342,17.06953115529308,8.149828044251093,-46.03529740318117,12.699685985675586,-10.25063307829953,5.846467284465276
12.642715454101562,-0.714098,0.426068,-0.117821,0.424766,0.359251,-0.174419,0.138661,0.410285,0.556168,0.307431,0.661785,0.494512,-0.472213,0.0059006,0.434186,0.215747,0.60202,0.386715,0.589374,-0.37505,17.274080194893664,8.248360401108732,-46.01836728814789,13.88395213689815,-9.870082599050045,5.867631747322512
12.643853902816772,-0.714098,0.426068,-0.117821,0.424766,0.359251,-0.174419,0.138661,0.410285,0.556168,0.307431,0.661785,0.494512,-0.472213,0.0059006,0.434186,0.215747,0.60202,0.386715,0.589374,-0.37505,17.274080194893664,8.248360401108732,-46.01836728814789,13.88395213689815,-9.870082599050045,5.867631747322512
12.671515703201294,-1.6036,0.145237,-0.558679,0.389581,0.533417,-0.142997,0.138745,0.410244,0.556182,0.307896,0.661346,0.495054,-0.471957,0.00685162,0.433897,0.214921,0.604028,0.38744,0.587249,-0.374405,17.306686287679906,8.604176711030505,-46.04858558014482,13.908883065081302,-10.163901178989724,5.9313197675727345
12.672648906707764,-1.6036,0.145237,-0.558679,0.389581,0.533417,-0.142997,0.138745,0.410244,0.556182,0.307896,0.661346,0.495054,-0.471957,0.00685162,0.433897,0.214921,0.604028,0.38744,0.587249,-0.374405,17.306686287679906,8.604176711030505,-46.04858558014482,13.908883065081302,-10.163901178989724,5.9313197675727345
12.68714427947998,-1.08503,0.318868,0.0471912,0.38109,0.404588,-0.0514711,0.138755,0.410202,0.55624,0.307769,0.661404,0.494897,-0.472123,0.00904794,0.434257,0.214265,0.596897,0.393873,0.581376,-0.388046,17.831153724557794,8.439847781907057,-44.08391428839283,12.610266042897521,-12.425250335270764,5.694999939269025
12.68809723854065,-1.08503,0.318868,0.0471912,0.38109,0.404588,-0.0514711,0.138755,0.410202,0.55624,0.307769,0.661404,0.494897,-0.472123,0.00904794,0.434257,0.214265,0.596897,0.393873,0.581376,-0.388046,17.831153724557794,8.439847781907057,-44.08391428839283,12.610266042897521,-12.425250335270764,5.694999939269025
12.703680515289307,-0.571861,0.20931,0.587337,0.32822,0.253726,-0.0562173,0.13872,0.410194,0.556295,0.307583,0.661475,0.495323,-0.471698,0.0101779,0.434303,0.213954,0.596518,0.390996,0.580925,-0.392192,18.422443690030995,8.213529614001397,-43.85704092893263,13.880824080223512,-11.211491558598729,4.899331544436884
12.704636812210083,-0.571861,0.20931,0.587337,0.32822,0.253726,-0.0562173,0.13872,0.410194,0.556295,0.307583,0.661475,0.495323,-0.471698,0.0101779,0.434303,0.213954,0.596518,0.390996,0.580925,-0.392192,18.422443690030995,8.213529614001397,-43.85704092893263,13.880824080223512,-11.211491558598729,4.899331544436884
12.737296342849731,-1.4665,0.225486,0.997247,0.296234,0.333393,-0.0555352,0.13852,0.410317,0.556094,0.30625,0.661833,0.495291,-0.472096,0.0182142,0.434035,0.212271,0.586111,0.403246,0.567025,-0.415149,19.479990126418045,8.427090003018407,-40.61602921679515,11.353116001882011,-11.927944734966404,3.501574849604134
12.738250732421875,-1.4665,0.225486,0.997247,0.296234,0.333393,-0.0555352,0.13852,0.410317,0.556094,0.30625,0.661833,0.495291,-0.472096,0.0182142,0.434035,0.212271,0.586111,0.403246,0.567025,-0.415149,19.479990126418045,8.427090003018407,-40.61602921679515,11.353116001882011,-11.927944734966404,3.501574849604134
12.753681659698486,-1.54803,0.331131,0.997301,0.299342,0.366498,-0.0394265,0.138518,0.410327,0.556051,0.306183,0.661615,0.495289,-0.472448,0.0203636,0.433914,0.211783,0.584736,0.410703,0.562477,-0.415964,19.10665036179854,8.997638197497846,-40.01353785556785,9.39289243159974,-13.117320005552827,4.1659518531887905
12.754639863967896,-1.54803,0.331131,0.997301,0.299342,0.366498,-0.0394265,0.138518,0.410327,0.556051,0.306183,0.661615,0.495289,-0.472448,0.0203636,0.433914,0.211783,0.584736,0.410703,0.562477,-0.415964,19.10665036179854,8.997638197497846,-40.01353785556785,9.39289243159974,-13.117320005552827,4.1659518531887905
12.770314931869507,-1.82541,0.0747569,0.749249,0.212598,0.48862,-0.103569,0.138526,0.410311,0.556016,0.305958,0.661937,0.495321,-0.472109,0.0249044,0.433721,0.211186,0.579005,0.416848,0.556303,-0.426049,19.508220063697312,8.971428803652923,-38.40263620219701,8.211167280186643,-13.095589525177484,3.7797226671387625
12.771267652511597,-1.82541,0.0747569,0.749249,0.212598,0.48862,-0.103569,0.138526,0.410311,0.556016,0.305958,0.661937,0.495321,-0.472109,0.0249044,0.433721,0.211186,0.579005,0.416848,0.556303,-0.426049,19.508220063697312,8.971428803652923,-38.40263620219701,8.211167280186643,-13.095589525177484,3.7797226671387625
12.787085771560669,-2.82716,-0.952,0.426851,0.0985151,0.636589,-0.307091,0.138633,0.410215,0.555952,0.307365,0.661386,0.494736,-0.47258,0.0298243,0.433355,0.210344,0.573245,0.422053,0.548679,-0.438421,19.971654606183947,8.882589590900155,-36.54549324706236,8.474772172296145,-13.517579467095343,3.4877568433012334
12.788036823272705,-2.82716,-0.952,0.426851,0.0985151,0.636589,-0.307091,0.138633,0.410215,0.555952,0.307365,0.661386,0.494736,-0.47258,0.0298243,0.433355,0.210344,0.573245,0.422053,0.548679,-0.438421,19.971654606183947,8.882589590900155,-36.54549324706236,8.474772172296145,-13.517579467095343,3.4877568433012334
12.80394697189331,-0.382772,0.612036,-0.520317,0.331852,0.577104,0.0772041,0.138671,0.410264,0.556005,0.307341,0.660929,0.495072,-0.472882,0.0308345,0.432901,0.2099,0.575324,0.425198,0.546146,-0.435814,19.72665051017447,9.49955797943118,-36.69325127318795,7.516893350831793,-13.936433250597753,3.858281180865622
12.804910659790039,-0.382772,0.612036,-0.520317,0.331852,0.577104,0.0772041,0.138671,0.410264,0.556005,0.307341,0.660929,0.495072,-0.472882,0.0308345,0.432901,0.2099,0.575324,0.425198,0.546146,-0.435814,19.72665051017447,9.49955797943118,-36.69325127318795,7.516893350831793,-13.936433250597753,3.858281180865622
12.837328433990479,-0.703271,-0.00968862,-0.928505,0.220872,0.703204,-0.0425005,0.139007,0.410102,0.556392,0.308097,0.661392,0.494203,-0.472652,0.0343461,0.432164,0.208049,0.574354,0.426373,0.539408,-0.444255,20.45469227323716,9.547904480054147,-35.798583231908815,8.384354055928071,-14.281261708070229,3.8015121511650802
12.838277339935303,-0.703271,-0.00968862,-0.928505,0.220872,0.703204,-0.0425005,0.139007,0.410102,0.556392,0.308097,0.661392,0.494203,-0.472652,0.0343461,0.432164,0.208049,0.574354,0.426373,0.539408,-0.444255,20.45469227323716,9.547904480054147,-35.798583231908815,8.384354055928071,-14.281261708070229,3.8015121511650802
12.870187997817993,-1.06763,0.17441,-0.305596,0.194822,0.630683,-0.00479673,0.139077,0.410042,0.556393,0.308481,0.661231,0.493735,-0.473115,0.0359522,0.431965,0.20725,0.572691,0.431727,0.537301,-0.443785,19.988851654109162,9.836824494929804,-35.41189251893828,6.9831046480597205,-14.653666865165393,5.574838819936244
12.871143102645874,-1.06763,0.17441,-0.305596,0.194822,0.630683,-0.00479673,0.139077,0.410042,0.556393,0.308481,0.661231,0.493735,-0.473115,0.0359522,0.431965,0.20725,0.572691,0.431727,0.537301,-0.443785,19.988851654109162,9.836824494929804,-35.41189251893828,6.9831046480597205,-14.653666865165393,5.574838819936244
12.90414047241211,-1.30829,-0.307006,0.222441,0.0895701,0.565508,-0.0976473,0.139096,0.410099,0.556136,0.306304,0.661366,0.495576,-0.472417,0.0403701,0.431599,0.205233,0.572631,0.431632,0.5315,-0.450882,21.062044979579756,10.15679083842128,-34.83696919346103,7.532058561137131,-12.43131959062642,4.344459448763359
12.905162572860718,-1.30829,-0.307006,0.222441,0.0895701,0.565508,-0.0976473,0.139096,0.410099,0.556136,0.306304,0.661366,0.495576,-0.472417,0.0403701,0.431599,0.205233,0.572631,0.431632,0.5315,-0.450882,21.062044979579756,10.15679083842128,-34.83696919346103,7.532058561137131,-12.43131959062642,4.344459448763359
12.921732664108276,-1.5361,-0.454035,0.382699,0.0524448,0.561277,-0.133363,0.139127,0.410039,0.556141,0.306444,0.662405,0.49437,-0.472133,0.0422431,0.431446,0.204503,0.570468,0.43367,0.527104,-0.45679,21.451883608202895,10.061781510225252,-34.12191102117458,7.7338277343004584,-13.194432579375343,3.9117502905113017
12.92283844947815,-1.5361,-0.454035,0.382699,0.0524448,0.561277,-0.133363,0.139127,0.410039,0.556141,0.306444,0.662405,0.49437,-0.472133,0.0422431,0.431446,0.204503,0.570468,0.43367,0.527104,-0.45679,21.451883608202895,10.061781510225252,-34.12191102117458,7.7338277343004584,-13.194432579375343,3.9117502905113017
12.937701940536499,-1.10508,-0.141396,0.117583,0.093048,0.564177,-0.0598527,0.139011,0.410093,0.556164,0.306176,0.662109,0.494721,-0.472354,0.0452293,0.430884,0.203484,0.568442,0.435414,0.522521,-0.462884,21.91235877340338,10.15851855718898,-33.340651510076995,7.828519309264034,-12.384373172915442,3.7778394851932107
12.938695430755615,-1.10508,-0.141396,0.117583,0.093048,0.564177,-0.0598527,0.139011,0.410093,0.556164,0.306176,0.662109,0.494721,-0.472354,0.0452293,0.430884,0.203484,0.568442,0.435414,0.522521,-0.462884,21.91235877340338,10.15851855718898,-33.340651510076995,7.828519309264034,-12.384373172915442,3.7778394851932107
12.961288213729858,-1.16339,-0.0864336,-0.149409,0.103176,0.622464,-0.0557484,0.138943,0.41011,0.556194,0.305976,0.662244,0.494648,-0.472372,0.0461941,0.430713,0.203174,0.568305,0.432562,0.521266,-0.467121,22.477797081578476,9.947078916596226,-33.15253565991902,9.087286230424638,-11.280056357154425,2.8034598873065697
12.963187456130981,-1.16339,-0.0864336,-0.149409,0.103176,0.622464,-0.0557484,0.138943,0.41011,0.556194,0.305976,0.662244,0.494648,-0.472372,0.0461941,0.430713,0.203174,0.568305,0.432562,0.521266,-0.467121,22.477797081578476,9.947078916596226,-33.15253565991902,9.087286230424638,-11.280056357154425,2.8034598873065697
12.980759859085083,-1.2694,-0.16988,-0.413349,0.0815772,0.681098,-0.101143,0.13866,0.410223,0.556237,0.307502,0.662195,0.494361,-0.471749,0.048718,0.430224,0.201818,0.564493,0.440162,0.511934,-0.474898,22.730976393705845,10.229886365160432,-31.57476063606964,8.319112334980478,-14.998835808313816,2.9215208124173158
12.981793880462646,-1.2694,-0.16988,-0.413349,0.0815772,0.681098,-0.101143,0.13866,0.410223,0.556237,0.307502,0.662195,0.494361,-0.471749,0.048718,0.430224,0.201818,0.564493,0.440162,0.511934,-0.474898,22.730976393705845,10.229886365160432,-31.57476063606964,8.319112334980478,-14.998835808313816,2.9215208124173158
12.996391773223877,-1.14282,-0.151653,-0.814338,0.0921559,0.739275,-0.0986449,0.138571,0.410258,0.55621,0.30684,0.661873,0.494697,-0.47228,0.0488667,0.430017,0.201579,0.563237,0.440148,0.51201,-0.476319,22.790312010355404,10.191772934923451,-31.419579938485526,8.036305877032222,-14.33849258980059,3.243690732747851
12.99734616279602,-1.14282,-0.151653,-0.814338,0.0921559,0.739275,-0.0986449,0.138571,0.410258,0.55621,0.30684,0.661873,0.494697,-0.47228,0.0488667,0.430017,0.201579,0.563237,0.440148,0.51201,-0.476319,22.790312010355404,10.191772934923451,-31.419579938485526,8.036305877032222,-14.33849258980059,3.243690732747851
13.011677980422974,-0.810524,-0.0909133,-0.827353,0.105202,0.699729,-0.0871759,0.138592,0.410297,0.556159,0.306362,0.662267,0.495159,-0.471553,0.0486688,0.429465,0.201196,0.564183,0.438059,0.511975,-0.477161,23.153562429798402,10.109110707185003,-31.524790960008442,7.846937079827239,-14.119105372739602,2.5773483704247635
13.01263165473938,-0.810524,-0.0909133,-0.827353,0.105202,0.699729,-0.0871759,0.138592,0.410297,0.556159,0.306362,0.662267,0.495159,-0.471553,0.0486688,0.429465,0.201196,0.564183,0.438059,0.511975,-0.477161,23.153562429798402,10.109110707185003,-31.524790960008442,7.846937079827239,-14.119105372739602,2.5773483704247635
13.039033889770508,-1.0979,0.0455706,-0.359024,0.113955,0.655582,-0.0683984,0.138918,0.410096,0.556181,0.306083,0.662212,0.494589,-0.472409,0.0472725,0.428144,0.200425,0.567136,0.433135,0.514347,-0.475603,23.308499196427825,10.035195070135895,-32.26521758937371,8.051550372187487,-12.911986411966566,3.022508959966902
13.039979219436646,-1.0979,0.0455706,-0.359024,0.113955,0.655582,-0.0683984,0.138918,0.410096,0.556181,0.306083,0.662212,0.494589,-0.472409,0.0472725,0.428144,0.200425,0.567136,0.433135,0.514347,-0.475603,23.308499196427825,10.035195070135895,-32.26521758937371,8.051550372187487,-12.911986411966566,3.022508959966902
13.053792238235474,-1.04428,-0.0035243,-0.127011,0.106769,0.608709,-0.0834873,0.138972,0.410091,0.556161,0.30591,0.662503,0.494717,-0.471978,0.0468673,0.427798,0.20027,0.568005,0.436148,0.513234,-0.473008,23.065702948184708,10.387950897674601,-32.37156899340322,6.572030915887112,-14.457921057295083,3.3366829072207675
13.054744005203247,-1.04428,-0.0035243,-0.127011,0.106769,0.608709,-0.0834873,0.138972,0.410091,0.556161,0.30591,0.662503,0.494717,-0.471978,0.0468673,0.427798,0.20027,0.568005,0.436148,0.513234,-0.473008,23.065702948184708,10.387950897674601,-32.37156899340322,6.572030915887112,-14.457921057295083,3.3366829072207675
13.070389032363892,-1.06492,0.255778,-0.468471,0.159201,0.680224,-0.0347987,0.139,0.410084,0.556185,0.306128,0.662323,0.494595,-0.472218,0.0457208,0.427171,0.200067,0.56801,0.433972,0.515462,-0.47258,23.033165307733555,10.155451135536225,-32.536948325300436,6.279342485994975,-14.036205792780859,3.918497929276753
13.071341037750244,-1.06492,0.255778,-0.468471,0.159201,0.680224,-0.0347987,0.139,0.410084,0.556185,0.306128,0.662323,0.494595,-0.472218,0.0457208,0.427171,0.200067,0.56801,0.433972,0.515462,-0.47258,23.033165307733555,10.155451135536225,-32.536948325300436,6.279342485994975,-14.036205792780859,3.918497929276753
13.103922128677368,-0.844862,0.403062,-0.749549,0.196818,0.694336,-0.0121858,0.139111,0.410026,0.556401,0.308565,0.661311,0.493689,-0.472998,0.0428878,0.425713,0.1998,0.570819,0.430824,0.518197,-0.469071,22.67816993095926,10.051711947383145,-33.07322625516738,6.1995153348426735,-15.166278635414532,5.200877160486369
13.104861497879028,-0.844862,0.403062,-0.749549,0.196818,0.694336,-0.0121858,0.139111,0.410026,0.556401,0.308565,0.661311,0.493689,-0.472998,0.0428878,0.425713,0.1998,0.570819,0.430824,0.518197,-0.469071,22.67816993095926,10.051711947383145,-33.07322625516738,6.1995153348426735,-15.166278635414532,5.200877160486369
13.12076735496521,-0.473294,0.300146,-1.18282,0.21757,0.728727,-0.0421375,0.139097,0.410037,0.556428,0.308576,0.66135,0.493704,-0.47292,0.0412689,0.425026,0.199689,0.574293,0.422893,0.523455,-0.466201,22.916252292489563,9.66679863735614,-34.04282515822858,7.232170257238911,-12.52891341661714,5.09626637826648
13.121718645095825,-0.473294,0.300146,-1.18282,0.21757,0.728727,-0.0421375,0.139097,0.410037,0.556428,0.308576,0.66135,0.493704,-0.47292,0.0412689,0.425026,0.199689,0.574293,0.422893,0.523455,-0.466201,22.916252292489563,9.66679863735614,-34.04282515822858,7.232170257238911,-12.52891341661714,5.09626637826648
13.137088060379028,-0.662521,0.279737,-0.920047,0.206493,0.700753,-0.0753339,0.139041,0.410081,0.556342,0.308375,0.661179,0.494129,-0.472846,0.0389402,0.423637,0.199306,0.57575,0.425702,0.522277,-0.46316,22.64982718655942,10.128180282932044,-34.225085078113786,4.615202629299056,-15.522017481986822,5.4609082434908744
13.13804578781128,-0.662521,0.279737,-0.920047,0.206493,0.700753,-0.0753339,0.139041,0.410081,0.556342,0.308375,0.661179,0.494129,-0.472846,0.0389402,0.423637,0.199306,0.57575,0.425702,0.522277,-0.46316,22.64982718655942,10.128180282932044,-34.225085078113786,4.615202629299056,-15.522017481986822,5.4609082434908744
13.153768539428711,-0.528376,0.989789,-0.96225,0.292352,0.697373,0.0705661,0.139059,0.410075,0.556309,0.308204,0.661125,0.49407,-0.473095,0.03845,0.423235,0.199116,0.57781,0.419195,0.524291,-0.464253,23.152898361396208,9.822638743863198,-34.691098603060425,6.301387042215517,-13.513588600385042,4.653134500054417
13.154735565185547,-0.528376,0.989789,-0.96225,0.292352,0.697373,0.0705661,0.139059,0.410075,0.556309,0.308204,0.661125,0.49407,-0.473095,0.03845,0.423235,0.199116,0.57781,0.419195,0.524291,-0.464253,23.152898361396208,9.822638743863198,-34.691098603060425,6.301387042215517,-13.513588600385042,4.653134500054417
13.170774698257446,-0.936719,0.283833,-0.647277,0.203789,0.677602,-0.081821,0.139073,0.410018,0.556291,0.307517,0.661583,0.493431,-0.473569,0.0376752,0.422557,0.19876,0.577476,0.420324,0.523582,-0.464448,23.10404471066056,9.921897434756644,-34.722879760222554,5.190215738464081,-14.271425389651972,5.017788197499441
13.171726942062378,-0.936719,0.283833,-0.647277,0.203789,0.677602,-0.081821,0.139073,0.410018,0.556291,0.307517,0.661583,0.493431,-0.473569,0.0376752,0.422557,0.19876,0.577476,0.420324,0.523582,-0.464448,23.10404471066056,9.921897434756644,-34.722879760222554,5.190215738464081,-14.271425389651972,5.017788197499441
13.204056024551392,-0.912687,0.510521,-0.556515,0.257778,0.657629,-0.0528404,0.138843,0.410164,0.55626,0.307835,0.661493,0.494644,-0.47222,0.0350444,0.42089,0.197926,0.580771,0.411745,0.528453,-0.462504,23.59863238882255,9.443686103311597,-35.462154677792846,5.144178492799543,-12.928531085652375,4.913840653655573
13.20500659942627,-0.912687,0.510521,-0.556515,0.257778,0.657629,-0.0528404,0.138843,0.410164,0.55626,0.307835,0.661493,0.494644,-0.47222,0.0350444,0.42089,0.197926,0.580771,0.411745,0.528453,-0.462504,23.59863238882255,9.443686103311597,-35.462154677792846,5.144178492799543,-12.928531085652375,4.913840653655573
13.220631837844849,-0.836613,0.278264,-0.836575,0.278581,0.701531,-0.106124,0.138731,0.4102,0.556244,0.307621,0.661863,0.495131,-0.471329,0.0335205,0.420207,0.197949,0.578162,0.412439,0.527833,-0.465848,23.8335148022259,9.163737639870298,-34.89674030111287,3.6989007374954586,-15.06259898773827,4.493837780412244
13.221575260162354,-0.836613,0.278264,-0.836575,0.278581,0.701531,-0.106124,0.138731,0.4102,0.556244,0.307621,0.661863,0.495131,-0.471329,0.0335205,0.420207,0.197949,0.578162,0.412439,0.527833,-0.465848,23.8335148022259,9.163737639870298,-34.89674030111287,3.6989007374954586,-15.06259898773827,4.493837780412244
13.237096786499023,-0.780141,0.891595,-0.88499,0.40037,0.69161,0.00288908,0.138732,0.410197,0.556245,0.307647,0.661666,0.494829,-0.471907,0.0302151,0.418289,0.197573,0.582401,0.404788,0.533559,-0.460728,23.841356331171557,8.952330894981712,-36.14134003253673,3.430456597702587,-13.47565944953267,5.1631152189164515
13.238048791885376,-0.780141,0.891595,-0.88499,0.40037,0.69161,0.00288908,0.138732,0.410197,0.556245,0.307647,0.661666,0.494829,-0.471907,0.0302151,0.418289,0.197573,0.582401,0.404788,0.533559,-0.460728,23.841356331171557,8.952330894981712,-36.14134003253673,3.430456597702587,-13.47565944953267,5.1631152189164515
13.261262655258179,-0.521888,1.2241,-0.774339,0.447644,0.637458,0.0605241,0.138735,0.410171,0.556258,0.307688,0.661945,0.495059,-0.471246,0.0294248,0.417555,0.197251,0.586725,0.403845,0.535292,-0.45401,23.576095967516164,9.291616673391337,-37.049927003617455,2.5477834316840497,-13.207095575051449,5.579520578933447
13.263164520263672,-0.521888,1.2241,-0.774339,0.447644,0.637458,0.0605241,0.138735,0.410171,0.556258,0.307688,0.661945,0.495059,-0.471246,0.0294248,0.417555,0.197251,0.586725,0.403845,0.535292,-0.45401,23.576095967516164,9.291616673391337,-37.049927003617455,2.5477834316840497,-13.207095575051449,5.579520578933447
13.280627727508545,-0.477776,1.13325,-0.802351,0.45748,0.646929,0.0056907,0.13877,0.410217,0.556262,0.307759,0.661789,0.494919,-0.471567,0.0282833,0.416017,0.196222,0.589638,0.396953,0.534035,-0.45778,24.456632275265,9.167403873577461,-37.339173050295436,3.9869252798422528,-13.072643365164717,4.384371899114061
13.2816481590271,-0.477776,1.13325,-0.802351,0.45748,0.646929,0.0056907,0.13877,0.410217,0.556262,0.307759,0.661789,0.494919,-0.471567,0.0282833,0.416017,0.196222,0.589638,0.396953,0.534035,-0.45778,24.456632275265,9.167403873577461,-37.339173050295436,3.9869252798422528,-13.072643365164717,4.384371899114061
13.2960844039917,-0.617194,1.12976,-0.523256,0.458535,0.609457,-0.00828768,0.138808,0.410185,0.556284,0.308343,0.661446,0.494147,-0.472475,0.0279931,0.415468,0.195921,0.590719,0.399239,0.533426,-0.4551,24.013339163399667,9.492557636125426,-37.54753121873765,3.178237688776955,-13.77193854173725,5.443137828211613
13.297031164169312,-0.617194,1.12976,-0.523256,0.458535,0.609457,-0.00828768,0.138808,0.410185,0.556284,0.308343,0.661446,0.494147,-0.472475,0.0279931,0.415468,0.195921,0.590719,0.399239,0.533426,-0.4551,24.013339163399667,9.492557636125426,-37.54753121873765,3.178237688776955,-13.77193854173725,5.443137828211613
13.311595916748047,-0.915445,1.05796,-0.508636,0.471132,0.643782,-0.0405507,0.138956,0.410098,0.556288,0.307326,0.661889,0.494579,-0.472065,0.0272915,0.414403,0.195549,0.595225,0.391328,0.535382,-0.453801,24.693448214940823,9.424306124880507,-38.50612052205453,4.438528688562726,-11.666183436771156,4.118274562040964
13.312548875808716,-0.915445,1.05796,-0.508636,0.471132,0.643782,-0.0405507,0.138956,0.410098,0.556288,0.307326,0.661889,0.494579,-0.472065,0.0272915,0.414403,0.195549,0.595225,0.391328,0.535382,-0.453801,24.693448214940823,9.424306124880507,-38.50612052205453,4.438528688562726,-11.666183436771156,4.118274562040964
13.337135076522827,-0.528601,1.38561,-0.66759,0.566246,0.628418,-0.00352969,0.138988,0.410089,0.556298,0.307449,0.661936,0.494513,-0.471988,0.0242992,0.412313,0.194541,0.60139,0.382346,0.539691,-0.448192,24.955984896829023,9.374864061143796,-39.955976066688386,4.8824601645962735,-10.390520735773322,4.406397137249386
13.338088512420654,-0.528601,1.38561,-0.66759,0.566246,0.628418,-0.00352969,0.138988,0.410089,0.556298,0.307449,0.661936,0.494513,-0.471988,0.0242992,0.412313,0.194541,0.60139,0.382346,0.539691,-0.448192,24.955984896829023,9.374864061143796,-39.955976066688386,4.8824601645962735,-10.390520735773322,4.406397137249386
13.35423755645752,-0.227001,1.52691,-0.499532,0.575912,0.559016,0.00693839,0.138966,0.410104,0.556323,0.307846,0.661865,0.493901,-0.472468,0.0237809,0.412296,0.194492,0.595991,0.385461,0.5396,-0.452819,24.78561950573984,8.94001747018839,-39.00623452861737,3.7298320953899995,-11.624321241898924,5.618084282503558
13.355257272720337,-0.227001,1.52691,-0.499532,0.575912,0.559016,0.00693839,0.138966,0.410104,0.556323,0.307846,0.661865,0.493901,-0.472468,0.0237809,0.412296,0.194492,0.595991,0.385461,0.5396,-0.452819,24.78561950573984,8.94001747018839,-39.00623452861737,3.7298320953899995,-11.624321241898924,5.618084282503558
13.370444297790527,-0.470442,1.69114,-0.239,0.632602,0.523066,-0.0212473,0.138951,0.410122,0.55634,0.307767,0.661955,0.493874,-0.472423,0.0226375,0.410851,0.193946,0.604179,0.375148,0.540513,-0.44953,25.548252031629477,9.159783630576543,-40.4960822572369,6.203801353199511,-9.79862249609094,3.7303315900428826
13.3713960647583,-0.470442,1.69114,-0.239,0.632602,0.523066,-0.0212473,0.138951,0.410122,0.55634,0.307767,0.661955,0.493874,-0.472423,0.0226375,0.410851,0.193946,0.604179,0.375148,0.540513,-0.44953,25.548252031629477,9.159783630576543,-40.4960822572369,6.203801353199511,-9.79862249609094,3.7303315900428826
13.404183149337769,-0.893684,1.71622,-0.721817,0.714966,0.674173,-0.0707931,0.138932,0.410097,0.556255,0.307688,0.66182,0.494503,-0.472005,0.0202878,0.409578,0.193006,0.608008,0.369607,0.543424,-0.445429,25.720706894119044,9.163594283556034,-41.39748025458328,6.310354512201745,-9.490400564633607,4.105347553139166
13.40513277053833,-0.893684,1.71622,-0.721817,0.714966,0.674173,-0.0707931,0.138932,0.410097,0.556255,0.307688,0.66182,0.494503,-0.472005,0.0202878,0.409578,0.193006,0.608008,0.369607,0.543424,-0.445429,25.720706894119044,9.163594283556034,-41.39748025458328,6.310354512201745,-9.490400564633607,4.105347553139166
13.421099662780762,0.953062,2.15111,-0.505933,0.774853,0.403601,-0.00322018,0.138917,0.410113,0.556262,0.307344,0.662207,0.494599,-0.471586,0.0181573,0.408902,0.192564,0.618309,0.362244,0.550227,-0.42863,25.156944952158838,9.706295568068017,-44.042943404013066,7.1362484651324785,-6.62459077208526,5.0432356494124315
13.42204737663269,0.953062,2.15111,-0.505933,0.774853,0.403601,-0.00322018,0.138917,0.410113,0.556262,0.307344,0.662207,0.494599,-0.471586,0.0181573,0.408902,0.192564,0.618309,0.362244,0.550227,-0.42863,25.156944952158838,9.706295568068017,-44.042943404013066,7.1362484651324785,-6.62459077208526,5.0432356494124315
13.437045812606812,0.244852,2.38506,-0.445283,0.829291,0.444416,-0.0166238,0.138724,0.410164,0.556303,0.308614,0.661415,0.494317,-0.472164,0.0161067,0.408416,0.192159,0.620934,0.361423,0.55193,-0.423305,24.66816330119536,9.902218932083807,-44.63728788932303,7.114453942310364,-7.498055947843685,6.333361213538679
13.437989473342896,0.244852,2.38506,-0.445283,0.829291,0.444416,-0.0166238,0.138724,0.410164,0.556303,0.308614,0.661415,0.494317,-0.472164,0.0161067,0.408416,0.192159,0.620934,0.361423,0.55193,-0.423305,24.66816330119536,9.902218932083807,-44.63728788932303,7.114453942310364,-7.498055947843685,6.333361213538679
13.454303503036499,-0.550074,2.02588,-0.0918892,0.795514,0.448168,-0.116878,0.138652,0.41022,0.556306,0.308471,0.662031,0.493754,-0.471984,0.0157583,0.408271,0.192141,0.621193,0.36815,0.549286,-0.420558,24.103661509804027,10.408319050464904,-44.540579788927175,4.480672617536819,-10.110649667290529,6.771939059907568
13.455251216888428,-0.550074,2.02588,-0.0918892,0.795514,0.448168,-0.116878,0.138652,0.41022,0.556306,0.308471,0.662031,0.493754,-0.471984,0.0157583,0.408271,0.192141,0.621193,0.36815,0.549286,-0.420558,24.103661509804027,10.408319050464904,-44.540579788927175,4.480672617536819,-10.110649667290529,6.771939059907568
13.471387147903442,-0.173116,2.0584,-0.0805681,0.850371,0.398883,-0.114879,0.138598,0.410322,0.556238,0.307875,0.66189,0.495256,-0.470994,0.0142107,0.407563,0.192451,0.619193,0.360754,0.551717,-0.42669,25.11887578067863,9.63476194885089,-44.229617166769835,5.5008248495265155,-9.430913461164728,5.171543088738637
13.472347736358643,-0.173116,2.0584,-0.0805681,0.850371,0.398883,-0.114879,0.138598,0.410322,0.556238,0.307875,0.66189,0.495256,-0.470994,0.0142107,0.407563,0.192451,0.619193,0.360754,0.551717,-0.42669,25.11887578067863,9.63476194885089,-44.229617166769835,5.5008248495265155,-9.430913461164728,5.171543088738637
13.50429892539978,0.00782967,2.19904,-0.717457,0.951907,0.466177,-0.130771,0.138617,0.410244,0.556196,0.308031,0.662044,0.494539,-0.471431,0.0120682,0.406658,0.193005,0.622174,0.353685,0.556809,-0.421628,25.08015938070685,9.37097632449869,-45.35196528025382,6.646311323929167,-7.63839141473683,5.075618108696211
13.505255937576294,0.00782967,2.19904,-0.717457,0.951907,0.466177,-0.130771,0.138617,0.410244,0.556196,0.308031,0.662044,0.494539,-0.471431,0.0120682,0.406658,0.193005,0.622174,0.353685,0.556809,-0.421628,25.08015938070685,9.37097632449869,-45.35196528025382,6.646311323929167,-7.63839141473683,5.075618108696211
13.520828485488892,0.119127,2.01688,-0.620109,0.954164,0.411631,-0.195732,0.138562,0.410266,0.556302,0.308582,0.662128,0.494014,-0.471502,0.0110583,0.406237,0.193119,0.623859,0.351757,0.557931,-0.419263,24.98930728570048,9.362248424828506,-45.77748926055463,6.938655304975843,-7.735374072025528,5.165570911667341
13.521780490875244,0.119127,2.01688,-0.620109,0.954164,0.411631,-0.195732,0.138562,0.410266,0.556302,0.308582,0.662128,0.494014,-0.471502,0.0110583,0.406237,0.193119,0.623859,0.351757,0.557931,-0.419263,24.98930728570048,9.362248424828506,-45.77748926055463,6.938655304975843,-7.735374072025528,5.165570911667341
13.537150144577026,0.0891705,1.97148,-0.708644,0.971941,0.429643,-0.221773,0.138554,0.41031,0.556334,0.30862,0.661986,0.493798,-0.471902,0.0105368,0.406063,0.193337,0.622936,0.3504,0.558897,-0.420482,25.06570796120363,9.157183388721617,-45.713634660359936,7.1558824417046285,-7.429607469543388,5.215864573497972
13.538097143173218,0.0891705,1.97148,-0.708644,0.971941,0.429643,-0.221773,0.138554,0.41031,0.556334,0.30862,0.661986,0.493798,-0.471902,0.0105368,0.406063,0.193337,0.622936,0.3504,0.558897,-0.420482,25.06570796120363,9.157183388721617,-45.713634660359936,7.1558824417046285,-7.429607469543388,5.215864573497972
13.55374526977539,0.318895,2.26006,-0.751587,1.02823,0.411005,-0.181838,0.138503,0.410349,0.556406,0.308123,0.662344,0.493991,-0.471523,0.0091195,0.405362,0.193549,0.623104,0.352255,0.55929,-0.418153,24.829117415430975,9.284316841192004,-45.837592108429426,5.130841806010484,-8.795309929605233,5.42153567572676
13.554701566696167,0.318895,2.26006,-0.751587,1.02823,0.411005,-0.181838,0.138503,0.410349,0.556406,0.308123,0.662344,0.493991,-0.471523,0.0091195,0.405362,0.193549,0.623104,0.352255,0.55929,-0.418153,24.829117415430975,9.284316841192004,-45.837592108429426,5.130841806010484,-8.795309929605233,5.42153567572676
13.570545673370361,-0.0939178,1.98167,-0.642839,1.04122,0.426149,-0.295317,0.138539,0.410302,0.556375,0.308599,0.662145,0.494147,-0.471328,0.00850985,0.404932,0.193828,0.623017,0.347575,0.561288,-0.419521,25.177553179489017,8.884063458304363,-45.922552790911595,6.3294274843715534,-7.925918436373929,4.882179435259586
13.571481943130493,-0.0939178,1.98167,-0.642839,1.04122,0.426149,-0.295317,0.138539,0.410302,0.556375,0.308599,0.662145,0.494147,-0.471328,0.00850985,0.404932,0.193828,0.623017,0.347575,0.561288,-0.419521,25.177553179489017,8.884063458304363,-45.922552790911595,6.3294274843715534,-7.925918436373929,4.882179435259586
13.603708505630493,-0.154385,2.53277,-0.908633,1.20369,0.456745,-0.259668,0.138552,0.410302,0.556388,0.308686,0.662165,0.494177,-0.47121,0.00755527,0.404187,0.193683,0.626481,0.34573,0.562608,-0.414082,24.97164458524283,9.137848408175548,-46.72933013455778,6.120414574738959,-7.784069614832735,5.0535640782067315
13.604664325714111,-0.154385,2.53277,-0.908633,1.20369,0.456745,-0.259668,0.138552,0.410302,0.556388,0.308686,0.662165,0.494177,-0.47121,0.00755527,0.404187,0.193683,0.626481,0.34573,0.562608,-0.414082,24.97164458524283,9.137848408175548,-46.72933013455778,6.120414574738959,-7.784069614832735,5.0535640782067315
13.620550632476807,-0.15332,2.39678,-0.120921,1.17812,0.306573,-0.359711,0.138523,0.41037,0.556438,0.308722,0.662084,0.493867,-0.471625,0.00738261,0.404011,0.193573,0.625998,0.349719,0.561845,-0.412497,24.52219558037562,9.372612303875957,-46.624234239184794,4.489631115561202,-8.760115314337224,5.976048685980846
13.621501684188843,-0.15332,2.39678,-0.120921,1.17812,0.306573,-0.359711,0.138523,0.41037,0.556438,0.308722,0.662084,0.493867,-0.471625,0.00738261,0.404011,0.193573,0.625998,0.349719,0.561845,-0.412497,24.52219558037562,9.372612303875957,-46.624234239184794,4.489631115561202,-8.760115314337224,5.976048685980846
13.636995553970337,-0.647163,2.97442,0.212485,1.2711,0.331588,-0.30633,0.138443,0.410342,0.556337,0.308972,0.661956,0.494443,-0.471037,0.00694847,0.403607,0.193275,0.627473,0.351097,0.560678,-0.410669,24.424367821542333,9.64688146793476,-46.708795473077586,3.646793073539076,-10.106746435578216,5.799328311885782
13.637957096099854,-0.647163,2.97442,0.212485,1.2711,0.331588,-0.30633,0.138443,0.410342,0.556337,0.308972,0.661956,0.494443,-0.471037,0.00694847,0.403607,0.193275,0.627473,0.351097,0.560678,-0.410669,24.424367821542333,9.64688146793476,-46.708795473077586,3.646793073539076,-10.106746435578216,5.799328311885782
13.653886318206787,0.123672,1.84586,0.0874959,1.16016,0.260791,-0.553887,0.138438,0.410328,0.556299,0.308916,0.661973,0.494351,-0.471147,0.00682876,0.403322,0.193387,0.628518,0.345847,0.56277,-0.410664,24.755155834292243,9.385454480983418,-47.11671168830251,5.220220250989273,-8.230360947575145,5.342190324783651
13.654855728149414,0.123672,1.84586,0.0874959,1.16016,0.260791,-0.553887,0.138438,0.410328,0.556299,0.308916,0.661973,0.494351,-0.471147,0.00682876,0.403322,0.193387,0.628518,0.345847,0.56277,-0.410664,24.755155834292243,9.385454480983418,-47.11671168830251,5.220220250989273,-8.230360947575145,5.342190324783651
13.670522212982178,-0.393711,2.30059,0.161211,1.24919,0.266356,-0.512895,0.138436,0.410347,0.556243,0.308848,0.662048,0.494554,-0.470873,0.00625477,0.403035,0.193604,0.627066,0.347087,0.561906,-0.413013,24.86458435934052,9.30191203845725,-46.72170020882639,4.30565165248192,-9.542537922112016,4.908688650690033
13.671481847763062,-0.393711,2.30059,0.161211,1.24919,0.266356,-0.512895,0.138436,0.410347,0.556243,0.308848,0.662048,0.494554,-0.470873,0.00625477,0.403035,0.193604,0.627066,0.347087,0.561906,-0.413013,24.86458435934052,9.30191203845725,-46.72170020882639,4.30565165248192,-9.542537922112016,4.908688650690033
13.714951276779175,0.367802,2.50801,-0.26339,1.30911,0.211475,-0.449913,0.138269,0.41045,0.556357,0.309108,0.661472,0.494193,-0.471889,0.00528686,0.402717,0.193959,0.628071,0.344371,0.564045,-0.41084,24.723231669385004,9.25527565149382,-47.17209283407935,5.001250124625314,-8.491207405292439,5.297636309467409
13.717340469360352,0.367802,2.50801,-0.26339,1.30911,0.211475,-0.449913,0.138269,0.41045,0.556357,0.309108,0.661472,0.494193,-0.471889,0.00528686,0.402717,0.193959,0.628071,0.344371,0.564045,-0.41084,24.723231669385004,9.25527565149382,-47.17209283407935,5.001250124625314,-8.491207405292439,5.297636309467409
13.736146450042725,0.483143,2.07739,-0.477304,1.25699,0.26048,-0.46525,0.138178,0.410519,0.556392,0.309472,0.661208,0.494439,-0.471763,0.00466908,0.402508,0.19407,0.628355,0.341849,0.565844,-0.410036,24.777553441837718,9.067050191474356,-47.3468548851457,5.5026181291479475,-7.889815333304318,5.4159835726065415
13.73730206489563,0.483143,2.07739,-0.477304,1.25699,0.26048,-0.46525,0.138178,0.410519,0.556392,0.309472,0.661208,0.494439,-0.471763,0.00466908,0.402508,0.19407,0.628355,0.341849,0.565844,-0.410036,24.777553441837718,9.067050191474356,-47.3468548851457,5.5026181291479475,-7.889815333304318,5.4159835726065415
13.755270719528198,0.303436,2.09433,-0.225204,1.26388,0.229078,-0.454484,0.138235,0.410456,0.556344,0.309304,0.66129,0.494224,-0.471984,0.00428396,0.40218,0.193944,0.627147,0.342662,0.565394,-0.411824,24.818445738930127,8.997906208873989,-47.10310769085949,4.894769270524394,-8.516992998924527,5.559938484531098
13.756218910217285,0.303436,2.09433,-0.225204,1.26388,0.229078,-0.454484,0.138235,0.410456,0.556344,0.309304,0.66129,0.494224,-0.471984,0.00428396,0.40218,0.193944,0.627147,0.342662,0.565394,-0.411824,24.818445738930127,8.997906208873989,-47.10310769085949,4.894769270524394,-8.516992998924527,5.559938484531098
13.788958311080933,0.405676,1.86934,-0.167649,1.15917,0.261894,-0.388764,0.138337,0.410419,0.556318,0.309345,0.661068,0.494156,-0.47234,0.00462375,0.401634,0.193417,0.628841,0.342582,0.564749,-0.41019,24.739553721233214,9.248950466827683,-47.380765151512044,4.763508699352068,-8.26937834135971,5.8843054403390544
13.78990626335144,0.405676,1.86934,-0.167649,1.15917,0.261894,-0.388764,0.138337,0.410419,0.556318,0.309345,0.661068,0.494156,-0.47234,0.00462375,0.401634,0.193417,0.628841,0.342582,0.564749,-0.41019,24.739553721233214,9.248950466827683,-47.380765151512044,4.763508699352068,-8.26937834135971,5.8843054403390544
13.803495407104492,0.545225,1.71655,-0.214801,1.10729,0.2739,-0.373827,0.138377,0.410371,0.556296,0.309252,0.661441,0.494484,-0.471534,0.00472579,0.401571,0.193133,0.626989,0.345134,0.563352,-0.412799,24.835185808497112,9.169815624059213,-46.83250474373994,3.5883117863588834,-9.617182370497495,5.903625847923897
13.804446458816528,0.545225,1.71655,-0.214801,1.10729,0.2739,-0.373827,0.138377,0.410371,0.556296,0.309252,0.661441,0.494484,-0.471534,0.00472579,0.401571,0.193133,0.626989,0.345134,0.563352,-0.412799,24.835185808497112,9.169815624059213,-46.83250474373994,3.5883117863588834,-9.617182370497495,5.903625847923897
13.820416450500488,0.163286,1.40657,-0.0857859,1.0296,0.321473,-0.376122,0.138487,0.410314,0.556302,0.308839,0.66212,0.494151,-0.4712,0.00527474,0.401317,0.192771,0.628414,0.339718,0.564215,-0.413944,25.392566624796544,8.940213945243263,-47.22544780164823,5.327570523816497,-7.708669338195588,5.213735003859614
13.821397066116333,0.163286,1.40657,-0.0857859,1.0296,0.321473,-0.376122,0.138487,0.410314,0.556302,0.308839,0.66212,0.494151,-0.4712,0.00527474,0.401317,0.192771,0.628414,0.339718,0.564215,-0.413944,25.392566624796544,8.940213945243263,-47.22544780164823,5.327570523816497,-7.708669338195588,5.213735003859614
13.836942911148071,0.351664,1.23969,-0.191922,0.960408,0.348904,-0.324447,0.138515,0.410275,0.556244,0.308486,0.661935,0.494773,-0.47104,0.00595529,0.401155,0.192171,0.627262,0.344666,0.561268,-0.415603,25.287266705549627,9.24106152016255,-46.6876789028865,3.555862577464694,-9.225773382996953,5.577129349834711
13.837896585464478,0.351664,1.23969,-0.191922,0.960408,0.348904,-0.324447,0.138515,0.410275,0.556244,0.308486,0.661935,0.494773,-0.47104,0.00595529,0.401155,0.192171,0.627262,0.344666,0.561268,-0.415603,25.287266705549627,9.24106152016255,-46.6876789028865,3.555862577464694,-9.225773382996953,5.577129349834711
13.870447158813477,0.195559,1.57494,-0.151204,0.893966,0.385964,-0.138015,0.138497,0.41033,0.55624,0.308352,0.662434,0.494385,-0.470832,0.00666794,0.401121,0.191386,0.627534,0.3469,0.558469,-0.417102,25.373452863041997,9.454799487164276,-46.491917379959716,3.0216972463992087,-10.098827609661013,5.640483618056351
13.87139368057251,0.195559,1.57494,-0.151204,0.893966,0.385964,-0.138015,0.138497,0.41033,0.55624,0.308352,0.662434,0.494385,-0.470832,0.00666794,0.401121,0.191386,0.627534,0.3469,0.558469,-0.417102,25.373452863041997,9.454799487164276,-46.491917379959716,3.0216972463992087,-10.098827609661013,5.640483618056351
13.886920928955078,0.301378,0.917322,-0.445871,0.677873,0.46935,-0.118658,0.138679,0.410232,0.556229,0.308289,0.661853,0.494862,-0.47119,0.00806811,0.401357,0.190849,0.62517,0.342485,0.558555,-0.424125,26.12562693316023,8.954719649165717,-45.95965562008757,5.349271757970575,-8.026971898758399,5.407923041618549
13.887878894805908,0.301378,0.917322,-0.445871,0.677873,0.46935,-0.118658,0.138679,0.410232,0.556229,0.308289,0.661853,0.494862,-0.47119,0.00806811,0.401357,0.190849,0.62517,0.342485,0.558555,-0.424125,26.12562693316023,8.954719649165717,-45.95965562008757,5.349271757970575,-8.026971898758399,5.407923041618549
13.904110670089722,0.0763783,0.569325,-0.61801,0.586556,0.541684,-0.124761,0.138748,0.410169,0.556236,0.308226,0.661988,0.495008,-0.470887,0.00860517,0.401338,0.190609,0.626396,0.342974,0.557415,-0.423421,26.158976077880542,9.151605833316957,-46.06837211150123,5.367627926290174,-8.226847142356714,5.161275822944608
13.905077457427979,0.0763783,0.569325,-0.61801,0.586556,0.541684,-0.124761,0.138748,0.410169,0.556236,0.308226,0.661988,0.495008,-0.470887,0.00860517,0.401338,0.190609,0.626396,0.342974,0.557415,-0.423421,26.158976077880542,9.151605833316957,-46.06837211150123,5.367627926290174,-8.226847142356714,5.161275822944608
13.920546770095825,0.172125,0.296263,-1.11099,0.495607,0.64514,-0.0692093,0.138835,0.410119,0.556211,0.308097,0.662074,0.494677,-0.471199,0.00931982,0.401451,0.190046,0.624372,0.344181,0.555851,-0.427469,26.340182857120908,9.03776850501023,-45.55463564036245,5.397820604541938,-8.38012328065775,5.489140895972116
13.921502828598022,0.172125,0.296263,-1.11099,0.495607,0.64514,-0.0692093,0.138835,0.410119,0.556211,0.308097,0.662074,0.494677,-0.471199,0.00931982,0.401451,0.190046,0.624372,0.344181,0.555851,-0.427469,26.340182857120908,9.03776850501023,-45.55463564036245,5.397820604541938,-8.38012328065775,5.489140895972116
13.93706488609314,-0.117436,0.054569,-0.498992,0.389875,0.565448,-0.080021,0.138883,0.410136,0.556229,0.308001,0.662205,0.494238,-0.471538,0.0105578,0.401871,0.189729,0.621059,0.34823,0.553871,-0.431566,26.282026373470142,8.954391452916203,-44.77911209285112,4.63467012722402,-8.761747496609852,6.167021265667202
13.938014268875122,-0.117436,0.054569,-0.498992,0.389875,0.565448,-0.080021,0.138883,0.410136,0.556229,0.308001,0.662205,0.494238,-0.471538,0.0105578,0.401871,0.189729,0.621059,0.34823,0.553871,-0.431566,26.282026373470142,8.954391452916203,-44.77911209285112,4.63467012722402,-8.761747496609852,6.167021265667202
13.970698595046997,-0.474598,-0.293296,0.402328,0.219614,0.435912,-0.129605,0.138822,0.410195,0.556254,0.307772,0.661934,0.494684,-0.471602,0.0153407,0.40215,0.188558,0.618261,0.354773,0.5463,-0.439825,26.65041991016402,9.297964591348581,-43.47115511911135,4.071304989592592,-8.562597409639888,6.039331862740036
13.971652030944824,-0.474598,-0.293296,0.402328,0.219614,0.435912,-0.129605,0.138822,0.410195,0.556254,0.307772,0.661934,0.494684,-0.471602,0.0153407,0.40215,0.188558,0.618261,0.354773,0.5463,-0.439825,26.65041991016402,9.297964591348581,-43.47115511911135,4.071304989592592,-8.562597409639888,6.039331862740036
13.987056970596313,-1.11292,-0.357695,-0.012783,0.162251,0.619157,-0.13148,0.138901,0.410128,0.556134,0.306223,0.662438,0.494757,-0.471825,0.0213187,0.40271,0.188004,0.612585,0.364695,0.535651,-0.452565,27.231146023292457,9.662038505198593,-41.54092281718047,2.799464198826902,-9.036774315694847,4.727919449378662
13.9880051612854,-1.11292,-0.357695,-0.012783,0.162251,0.619157,-0.13148,0.138901,0.410128,0.556134,0.306223,0.662438,0.494757,-0.471825,0.0213187,0.40271,0.188004,0.612585,0.364695,0.535651,-0.452565,27.231146023292457,9.662038505198593,-41.54092281718047,2.799464198826902,-9.036774315694847,4.727919449378662
14.00440502166748,-0.835688,-0.135745,-0.99973,0.21933,0.780154,-0.0617835,0.13897,0.410108,0.556069,0.306732,0.662059,0.494316,-0.472488,0.0226837,0.402361,0.187692,0.607873,0.363973,0.532369,-0.463246,27.91667750894166,9.131021893979407,-40.29256537422229,3.811838325866273,-9.03404314126307,4.074552397105218
14.005351543426514,-0.835688,-0.135745,-0.99973,0.21933,0.780154,-0.0617835,0.13897,0.410108,0.556069,0.306732,0.662059,0.494316,-0.472488,0.0226837,0.402361,0.187692,0.607873,0.363973,0.532369,-0.463246,27.91667750894166,9.131021893979407,-40.29256537422229,3.811838325866273,-9.03404314126307,4.074552397105218
14.020430088043213,-0.370567,0.0153592,-1.79926,0.243593,0.871222,-0.00341561,0.139022,0.410035,0.556177,0.306456,0.662525,0.494268,-0.472065,0.0263202,0.40288,0.187032,0.604174,0.371372,0.523664,-0.472052,28.335550230282575,9.385510897018792,-38.83570378387793,3.326203332018179,-10.997086959760798,3.271552883013605
14.02137804031372,-0.370567,0.0153592,-1.79926,0.243593,0.871222,-0.00341561,0.139022,0.410035,0.556177,0.306456,0.662525,0.494268,-0.472065,0.0263202,0.40288,0.187032,0.604174,0.371372,0.523664,-0.472052,28.335550230282575,9.385510897018792,-38.83570378387793,3.326203332018179,-10.997086959760798,3.271552883013605
14.037246704101562,0.0470362,-0.120908,-1.55631,0.209315,0.770918,-0.00286397,0.138942,0.410096,0.556435,0.308315,0.661858,0.493696,-0.472387,0.0309024,0.403196,0.185787,0.600343,0.380364,0.515663,-0.478542,28.184384343608915,9.665987026934689,-37.3100655431245,3.1117595855638704,-12.231193924604984,4.628145129483132
14.038203716278076,0.0470362,-0.120908,-1.55631,0.209315,0.770918,-0.00286397,0.138942,0.410096,0.556435,0.308315,0.661858,0.493696,-0.472387,0.0309024,0.403196,0.185787,0.600343,0.380364,0.515663,-0.478542,28.184384343608915,9.665987026934689,-37.3100655431245,3.1117595855638704,-12.231193924604984,4.628145129483132
14.0703763961792,-0.259733,-0.435361,-1.02667,0.145217,0.714326,-0.0523135,0.138755,0.410265,0.556498,0.308701,0.661591,0.49439,-0.471783,0.0364948,0.403675,0.184046,0.594686,0.388886,0.502749,-0.4923,29.002866649280577,9.88339652259901,-35.03702813809431,3.565806887754083,-14.363173245471462,3.920669178700673
14.071329116821289,-0.259733,-0.435361,-1.02667,0.145217,0.714326,-0.0523135,0.138755,0.410265,0.556498,0.308701,0.661591,0.49439,-0.471783,0.0364948,0.403675,0.184046,0.594686,0.388886,0.502749,-0.4923,29.002866649280577,9.88339652259901,-35.03702813809431,3.565806887754083,-14.363173245471462,3.920669178700673
14.087046146392822,-0.731064,-0.384272,-0.533986,0.105008,0.698282,-0.0751402,0.138868,0.410148,0.556333,0.308098,0.661666,0.494043,-0.472436,0.0438633,0.403684,0.182064,0.587507,0.397577,0.489069,-0.507523,29.839563787905124,10.066121545030393,-32.71968552320993,4.363755739374888,-14.48396262684334,3.4962818789758083
14.088008642196655,-0.731064,-0.384272,-0.533986,0.105008,0.698282,-0.0751402,0.138868,0.410148,0.556333,0.308098,0.661666,0.494043,-0.472436,0.0438633,0.403684,0.182064,0.587507,0.397577,0.489069,-0.507523,29.839563787905124,10.066121545030393,-32.71968552320993,4.363755739374888,-14.48396262684334,3.4962818789758083
14.104212999343872,-0.687313,-0.147391,-0.343959,0.11263,0.658076,-0.0406671,0.138962,0.410089,0.556289,0.307311,0.661948,0.494459,-0.472118,0.0466879,0.403684,0.181346,0.582164,0.403228,0.484014,-0.514025,30.0515994890113,10.010430940944591,-31.427175512679955,3.428795470524879,-15.097120223079234,3.8496529575770944
14.105161428451538,-0.687313,-0.147391,-0.343959,0.11263,0.658076,-0.0406671,0.138962,0.410089,0.556289,0.307311,0.661948,0.494459,-0.472118,0.0466879,0.403684,0.181346,0.582164,0.403228,0.484014,-0.514025,30.0515994890113,10.010430940944591,-31.427175512679955,3.428795470524879,-15.097120223079234,3.8496529575770944
14.120331048965454,-0.97347,-0.806986,-0.209906,0.00970167,0.659245,-0.186268,0.139045,0.410053,0.556183,0.3065,0.662575,0.494438,-0.471788,0.0528755,0.403688,0.180225,0.572919,0.409153,0.47463,-0.528284,30.823804299656352,9.581641803962565,-29.11317640437446,3.7840947723903255,-14.251273367358522,3.3762315045086932
14.12128233909607,-0.97347,-0.806986,-0.209906,0.00970167,0.659245,-0.186268,0.139045,0.410053,0.556183,0.3065,0.662575,0.494438,-0.471788,0.0528755,0.403688,0.180225,0.572919,0.409153,0.47463,-0.528284,30.823804299656352,9.581641803962565,-29.11317640437446,3.7840947723903255,-14.251273367358522,3.3762315045086932
14.137187242507935,-0.968383,-0.578834,-0.313517,0.0210237,0.671971,-0.157152,0.138939,0.410126,0.556023,0.305862,0.661675,0.494686,-0.473202,0.0620769,0.402766,0.17838,0.56064,0.415789,0.458979,-0.549673,32.03325298139946,9.174221145702775,-25.78858959157993,5.590119345162695,-12.192938976684353,2.4794600124969257
14.138134002685547,-0.968383,-0.578834,-0.313517,0.0210237,0.671971,-0.157152,0.138939,0.410126,0.556023,0.305862,0.661675,0.494686,-0.473202,0.0620769,0.402766,0.17838,0.56064,0.415789,0.458979,-0.549673,32.03325298139946,9.174221145702775,-25.78858959157993,5.590119345162695,-12.192938976684353,2.4794600124969257
14.172453880310059,-0.759357,-0.65185,-0.451263,-0.00606039,0.665878,-0.17577,0.138864,0.410139,0.556112,0.306514,0.662132,0.494921,-0.471893,0.0684595,0.402052,0.177254,0.550085,0.423128,0.448646,-0.563103,32.58726792630422,8.592697647257335,-23.064081316655482,5.468714754356303,-12.382719201457578,2.5190048385598915
14.173418283462524,-0.759357,-0.65185,-0.451263,-0.00606039,0.665878,-0.17577,0.138864,0.410139,0.556112,0.306514,0.662132,0.494921,-0.471893,0.0684595,0.402052,0.177254,0.550085,0.423128,0.448646,-0.563103,32.58726792630422,8.592697647257335,-23.064081316655482,5.468714754356303,-12.382719201457578,2.5190048385598915
14.187014102935791,-1.17292,-1.46121,-1.24371,-0.135673,0.858453,-0.37656,0.13867,0.410166,0.556343,0.307834,0.662222,0.493737,-0.472148,0.0810246,0.399993,0.174975,0.530599,0.437865,0.426657,-0.587114,33.31215728582989,7.911923786567934,-18.17715448455256,6.413752654187083,-12.107260624877508,3.340072094082442
14.18796992301941,-1.17292,-1.46121,-1.24371,-0.135673,0.858453,-0.37656,0.13867,0.410166,0.556343,0.307834,0.662222,0.493737,-0.472148,0.0810246,0.399993,0.174975,0.530599,0.437865,0.426657,-0.587114,33.31215728582989,7.911923786567934,-18.17715448455256,6.413752654187083,-12.107260624877508,3.340072094082442
14.203783750534058,-0.748728,-0.0866215,-0.913931,0.014839,0.744308,-0.0965744,0.138633,0.410202,0.556376,0.308984,0.661626,0.494158,-0.471791,0.083688,0.399107,0.174713,0.526781,0.436015,0.419938,-0.596695,34.15974037625204,7.342472159577726,-16.72935355281793,8.427948490990644,-11.895545536174998,1.2462727534886655
14.20474624633789,-0.748728,-0.0866215,-0.913931,0.014839,0.744308,-0.0965744,0.138633,0.410202,0.556376,0.308984,0.661626,0.494158,-0.471791,0.083688,0.399107,0.174713,0.526781,0.436015,0.419938,-0.596695,34.15974037625204,7.342472159577726,-16.72935355281793,8.427948490990644,-11.895545536174998,1.2462727534886655
14.220409870147705,-0.634655,-0.858999,-0.996521,-0.0846722,0.727001,-0.241899,0.138593,0.410251,0.556426,0.308635,0.661544,0.49448,-0.471798,0.0884732,0.397942,0.173272,0.518509,0.444617,0.41142,-0.603488,34.15690785040514,7.366648827821879,-14.876663102644821,7.480101042871717,-12.314281816593686,2.980430636398416
14.221361637115479,-0.634655,-0.858999,-0.996521,-0.0846722,0.727001,-0.241899,0.138593,0.410251,0.556426,0.308635,0.661544,0.49448,-0.471798,0.0884732,0.397942,0.173272,0.518509,0.444617,0.41142,-0.603488,34.15690785040514,7.366648827821879,-14.876663102644821,7.480101042871717,-12.314281816593686,2.980430636398416
14.237122058868408,-0.76932,-1.0503,-0.926097,-0.130628,0.737859,-0.287496,0.138828,0.41015,0.556293,0.307692,0.661786,0.494777,-0.471764,0.0945164,0.395223,0.171674,0.514473,0.442463,0.396368,-0.618414,35.95878964382648,7.016592648709383,-13.00318173299242,10.048607891420474,-10.72186669676484,-0.6342346781729444
14.238084077835083,-0.76932,-1.0503,-0.926097,-0.130628,0.737859,-0.287496,0.138828,0.41015,0.556293,0.307692,0.661786,0.494777,-0.471764,0.0945164,0.395223,0.171674,0.514473,0.442463,0.396368,-0.618414,35.95878964382648,7.016592648709383,-13.00318173299242,10.048607891420474,-10.72186669676484,-0.6342346781729444
14.270833015441895,-0.574385,-1.00967,-0.61632,-0.167045,0.674515,-0.285215,0.13907,0.410025,0.556177,0.306455,0.662706,0.494112,-0.471974,0.0993875,0.393374,0.170338,0.502915,0.449694,0.389951,-0.626729,35.86340076946861,6.555472623161497,-10.94154855599203,8.283497896647992,-9.580440932350848,1.3539350043085558
14.271785259246826,-0.574385,-1.00967,-0.61632,-0.167045,0.674515,-0.285215,0.13907,0.410025,0.556177,0.306455,0.662706,0.494112,-0.471974,0.0993875,0.393374,0.170338,0.502915,0.449694,0.389951,-0.626729,35.86340076946861,6.555472623161497,-10.94154855599203,8.283497896647992,-9.580440932350848,1.3539350043085558
14.28702998161316,-1.18101,-0.906037,-0.605165,-0.16649,0.732702,-0.283435,0.139072,0.410028,0.556174,0.306463,0.662738,0.494047,-0.471992,0.102069,0.391981,0.169326,0.502548,0.450372,0.383891,-0.630268,36.37171874526188,6.671128348730676,-10.444811323683968,8.917219089933534,-9.021953187335294,0.9315860257302551
14.287970781326294,-1.18101,-0.906037,-0.605165,-0.16649,0.732702,-0.283435,0.139072,0.410028,0.556174,0.306463,0.662738,0.494047,-0.471992,0.102069,0.391981,0.169326,0.502548,0.450372,0.383891,-0.630268,36.37171874526188,6.671128348730676,-10.444811323683968,8.917219089933534,-9.021953187335294,0.9315860257302551
14.304515361785889,-1.07145,-0.892159,-0.481446,-0.177831,0.686647,-0.279727,0.138974,0.410103,0.55623,0.307202,0.662118,0.494602,-0.4718,0.104304,0.391002,0.168557,-0.498948,-0.450927,-0.378766,0.635808,36.73932379240092,6.363056815469699,-9.294726985490945,9.775148538206187,-8.793200121173438,0.6727097793841579
14.305464744567871,-1.07145,-0.892159,-0.481446,-0.177831,0.686647,-0.279727,0.138974,0.410103,0.55623,0.307202,0.662118,0.494602,-0.4718,0.104304,0.391002,0.168557,-0.498948,-0.450927,-0.378766,0.635808,36.73932379240092,6.363056815469699,-9.294726985490945,9.775148538206187,-8.793200121173438,0.6727097793841579
14.320463418960571,-0.943046,-1.22926,-0.430778,-0.218245,0.648806,-0.343311,0.138876,0.410152,0.55629,0.30769,0.661625,0.494736,-0.472034,0.106157,0.389921,0.167742,-0.498688,-0.452107,-0.374549,0.637669,36.9573944125522,6.510469594288227,-8.913747126980365,10.227092692562826,-8.566092857921248,0.9492150606120338
14.321417093276978,-0.943046,-1.22926,-0.430778,-0.218245,0.648806,-0.343311,0.138876,0.410152,0.55629,0.30769,0.661625,0.494736,-0.472034,0.106157,0.389921,0.167742,-0.498688,-0.452107,-0.374549,0.637669,36.9573944125522,6.510469594288227,-8.913747126980365,10.227092692562826,-8.566092857921248,0.9492150606120338
14.337212800979614,-1.05529,-0.947253,-0.411509,-0.181898,0.654941,-0.29949,0.138916,0.41011,0.556273,0.307274,0.661897,0.494434,-0.472239,0.108426,0.388872,0.167037,-0.491515,-0.454616,-0.371034,0.643484,36.975632559516306,6.040588931898592,-7.572699971891237,9.795633664745605,-7.806114726383988,1.7298983225664721
14.338160037994385,-1.05529,-0.947253,-0.411509,-0.181898,0.654941,-0.29949,0.138916,0.41011,0.556273,0.307274,0.661897,0.494434,-0.472239,0.108426,0.388872,0.167037,-0.491515,-0.454616,-0.371034,0.643484,36.975632559516306,6.040588931898592,-7.572699971891237,9.795633664745605,-7.806114726383988,1.7298983225664721
14.371151685714722,-1.33314,-0.805252,-0.451171,-0.166421,0.675221,-0.294031,0.138841,0.410152,0.556136,0.306796,0.661698,0.494914,-0.472327,0.109436,0.387834,0.166279,-0.494674,-0.454579,-0.367248,0.643261,37.4168887719203,6.500588882176512,-7.853150604343322,9.9850847201317,-7.733575424947881,1.2558694162452668
14.372165441513062,-1.33314,-0.805252,-0.451171,-0.166421,0.675221,-0.294031,0.138841,0.410152,0.556136,0.306796,0.661698,0.494914,-0.472327,0.109436,0.387834,0.166279,-0.494674,-0.454579,-0.367248,0.643261,37.4168887719203,6.500588882176512,-7.853150604343322,9.9850847201317,-7.733575424947881,1.2558694162452668
14.387021541595459,-1.30347,-0.77425,-0.573643,-0.168493,0.679571,-0.299231,0.138764,0.410237,0.556097,0.307675,0.661357,0.495031,-0.47211,0.109178,0.38769,0.166049,-0.493909,-0.454111,-0.36829,0.643583,37.29961898559733,6.28622699334966,-7.654468120916546,9.87996110641273,-7.720038211175383,1.7617024992087336
14.387961387634277,-1.30347,-0.77425,-0.573643,-0.168493,0.679571,-0.299231,0.138764,0.410237,0.556097,0.307675,0.661357,0.495031,-0.47211,0.109178,0.38769,0.166049,-0.493909,-0.454111,-0.36829,0.643583,37.29961898559733,6.28622699334966,-7.654468120916546,9.87996110641273,-7.720038211175383,1.7617024992087336
14.404147624969482,-1.11909,-0.660648,-0.65546,-0.1507,0.666226,-0.273199,0.138745,0.410229,0.556162,0.30726,0.661824,0.495292,-0.471452,0.108724,0.387435,0.165806,-0.497365,-0.450938,-0.368403,0.643088,37.74490540927287,6.332298866331315,-8.145035313201454,10.107611626032192,-7.244206112368555,0.8255391090640236
14.405126333236694,-1.11909,-0.660648,-0.65546,-0.1507,0.666226,-0.273199,0.138745,0.410229,0.556162,0.30726,0.661824,0.495292,-0.471452,0.108724,0.387435,0.165806,-0.497365,-0.450938,-0.368403,0.643088,37.74490540927287,6.332298866331315,-8.145035313201454,10.107611626032192,-7.244206112368555,0.8255391090640236
14.420461416244507,-1.11206,-0.68846,-0.602769,-0.148332,0.655925,-0.278119,0.138763,0.410199,0.556242,0.307732,0.66182,0.494813,-0.471652,0.107563,0.387652,0.165685,0.500814,0.449333,0.370521,-0.640312,37.66959469673606,6.502747400080362,-8.853547627244064,10.41122507971347,-7.308348046410938,1.144998806561739
14.421401023864746,-1.11206,-0.68846,-0.602769,-0.148332,0.655925,-0.278119,0.138763,0.410199,0.556242,0.307732,0.66182,0.494813,-0.471652,0.107563,0.387652,0.165685,0.500814,0.449333,0.370521,-0.640312,37.66959469673606,6.502747400080362,-8.853547627244064,10.41122507971347,-7.308348046410938,1.144998806561739
14.43717336654663,-1.29499,-0.569081,-0.450145,-0.126225,0.656762,-0.253661,0.138762,0.410135,0.556271,0.307979,0.661412,0.494948,-0.471921,0.105895,0.388177,0.16578,0.502033,0.449014,0.374769,-0.637101,37.26489140976542,6.565289412063548,-9.344350470762173,9.917881150804439,-7.451592233790077,2.2460100988262495
14.438119649887085,-1.29499,-0.569081,-0.450145,-0.126225,0.656762,-0.253661,0.138762,0.410135,0.556271,0.307979,0.661412,0.494948,-0.471921,0.105895,0.388177,0.16578,0.502033,0.449014,0.374769,-0.637101,37.26489140976542,6.565289412063548,-9.344350470762173,9.917881150804439,-7.451592233790077,2.2460100988262495
14.470542669296265,-1.41833,-0.128641,-0.294031,-0.0656673,0.633946,-0.169595,0.138857,0.410163,0.556203,0.307659,0.661854,0.494637,-0.471836,0.100614,0.389286,0.166211,0.512168,0.441257,0.386648,-0.62728,37.00989189755669,6.794616482348856,-11.828406002286398,9.128519040671048,-6.440966363861941,2.4955312743772065
14.471497058868408,-1.41833,-0.128641,-0.294031,-0.0656673,0.633946,-0.169595,0.138857,0.410163,0.556203,0.307659,0.661854,0.494637,-0.471836,0.100614,0.389286,0.166211,0.512168,0.441257,0.386648,-0.62728,37.00989189755669,6.794616482348856,-11.828406002286398,9.128519040671048,-6.440966363861941,2.4955312743772065
14.487312078475952,-1.4793,-0.491475,-0.298182,-0.101137,0.635566,-0.243458,0.138927,0.410132,0.556205,0.306617,0.662204,0.494845,-0.471804,0.0974723,0.389826,0.16653,0.520228,0.435092,0.394011,-0.620333,37.054977740296835,7.099920969495527,-13.726547248680026,8.730211037330148,-5.025446012219992,2.112177945297419
14.488268375396729,-1.4793,-0.491475,-0.298182,-0.101137,0.635566,-0.243458,0.138927,0.410132,0.556205,0.306617,0.662204,0.494845,-0.471804,0.0974723,0.389826,0.16653,0.520228,0.435092,0.394011,-0.620333,37.054977740296835,7.099920969495527,-13.726547248680026,8.730211037330148,-5.025446012219992,2.112177945297419
14.50378704071045,-1.22136,-0.21195,-0.299106,-0.0707679,0.608844,-0.181974,0.138973,0.410084,0.556198,0.30622,0.662443,0.494481,-0.472109,0.0938782,0.390516,0.166741,0.52645,0.432313,0.399557,-0.613442,36.803051946503565,7.513738329514257,-15.278176916771539,8.392533446662991,-5.724404895554704,2.539660533993442
14.504740715026855,-1.22136,-0.21195,-0.299106,-0.0707679,0.608844,-0.181974,0.138973,0.410084,0.556198,0.30622,0.662443,0.494481,-0.472109,0.0938782,0.390516,0.166741,0.52645,0.432313,0.399557,-0.613442,36.803051946503565,7.513738329514257,-15.278176916771539,8.392533446662991,-5.724404895554704,2.539660533993442
14.520530939102173,-1.41326,-0.292674,-0.344316,-0.0649603,0.628002,-0.195612,0.138939,0.410098,0.556199,0.306199,0.662383,0.494528,-0.472158,0.0899501,0.391073,0.167351,0.535278,0.426479,0.408833,-0.603696,36.47131388685155,7.87447039751486,-17.41288975603581,7.808074546967228,-4.698617286070732,2.8238721590055977
14.521474361419678,-1.41326,-0.292674,-0.344316,-0.0649603,0.628002,-0.195612,0.138939,0.410098,0.556199,0.306199,0.662383,0.494528,-0.472158,0.0899501,0.391073,0.167351,0.535278,0.426479,0.408833,-0.603696,36.47131388685155,7.87447039751486,-17.41288975603581,7.808074546967228,-4.698617286070732,2.8238721590055977
14.537097454071045,-1.31443,-0.167773,-0.375328,-0.0382369,0.614791,-0.16527,0.138848,0.410158,0.556197,0.307721,0.66187,0.494606,-0.471806,0.085574,0.391836,0.167665,0.541975,0.42543,0.418929,-0.591414,35.42404582657364,8.278000122466612,-19.180371923345792,6.238330081874293,-5.68426833584811,5.289756920984662
14.538042306900024,-1.31443,-0.167773,-0.375328,-0.0382369,0.614791,-0.16527,0.138848,0.410158,0.556197,0.307721,0.66187,0.494606,-0.471806,0.085574,0.391836,0.167665,0.541975,0.42543,0.418929,-0.591414,35.42404582657364,8.278000122466612,-19.180371923345792,6.238330081874293,-5.68426833584811,5.289756920984662
14.570425033569336,-1.40874,-0.219756,-0.367963,-0.0129749,0.604862,-0.15465,0.138752,0.410212,0.556255,0.307762,0.661837,0.494826,-0.471596,0.0759321,0.392542,0.168874,0.55784,0.412102,0.434041,-0.574974,35.152629908788654,8.7329525364767,-22.897839798634763,6.164734031940219,-6.143009583699418,4.564904546275578
14.571414232254028,-1.40874,-0.219756,-0.367963,-0.0129749,0.604862,-0.15465,0.138752,0.410212,0.556255,0.307762,0.661837,0.494826,-0.471596,0.0759321,0.392542,0.168874,0.55784,0.412102,0.434041,-0.574974,35.152629908788654,8.7329525364767,-22.897839798634763,6.164734031940219,-6.143009583699418,4.564904546275578
14.58705472946167,-1.43178,0.0302076,-0.321459,0.0316616,0.589508,-0.0975883,0.138763,0.410199,0.556218,0.307818,0.66176,0.494862,-0.471629,0.0686049,0.39259,0.1698,0.565755,0.407702,0.442943,-0.563473,34.55669973039379,9.157385459400377,-24.960160476395394,4.6447715908830745,-8.919536056219824,5.03042574643818
14.588003158569336,-1.43178,0.0302076,-0.321459,0.0316616,0.589508,-0.0975883,0.138763,0.410199,0.556218,0.307818,0.66176,0.494862,-0.471629,0.0686049,0.39259,0.1698,0.565755,0.407702,0.442943,-0.563473,34.55669973039379,9.157385459400377,-24.960160476395394,4.6447715908830745,-8.919536056219824,5.03042574643818
14.603768348693848,-1.43258,0.0588975,-0.288739,0.0457516,0.579497,-0.0870826,0.138767,0.410239,0.556164,0.307277,0.661903,0.495141,-0.471488,0.0665685,0.392552,0.170171,0.57407,0.404548,0.446456,-0.554492,34.420682860829835,9.873612121739722,-26.760330823507793,4.294432178984623,-8.726891220752176,4.516310284647174
14.604719638824463,-1.43258,0.0588975,-0.288739,0.0457516,0.579497,-0.0870826,0.138767,0.410239,0.556164,0.307277,0.661903,0.495141,-0.471488,0.0665685,0.392552,0.170171,0.57407,0.404548,0.446456,-0.554492,34.420682860829835,9.873612121739722,-26.760330823507793,4.294432178984623,-8.726891220752176,4.516310284647174
14.620462417602539,-1.95524,-0.152182,-0.279603,0.0493052,0.617799,-0.140413,0.138768,0.410235,0.556128,0.307312,0.661697,0.49534,-0.471545,0.062196,0.392244,0.170791,0.584043,0.398166,0.45118,-0.544788,34.3702048970451,10.502825862135749,-28.872979390790032,4.558708043228308,-9.673342470620202,3.3773973270967916
14.62140417098999,-1.95524,-0.152182,-0.279603,0.0493052,0.617799,-0.140413,0.138768,0.410235,0.556128,0.307312,0.661697,0.49534,-0.471545,0.062196,0.392244,0.170791,0.584043,0.398166,0.45118,-0.544788,34.3702048970451,10.502825862135749,-28.872979390790032,4.558708043228308,-9.673342470620202,3.3773973270967916
14.63718032836914,-1.33987,0.833636,-0.783624,0.190514,0.654664,0.0669485,0.138804,0.410193,0.55624,0.307592,0.661914,0.494594,-0.471841,0.0556689,0.391374,0.171402,0.593033,0.384622,0.463725,-0.534169,34.19268523717336,10.271692363731487,-31.411491502129753,5.080982026874243,-7.675402975406854,3.4461644407964425
14.63813829421997,-1.33987,0.833636,-0.783624,0.190514,0.654664,0.0669485,0.138804,0.410193,0.55624,0.307592,0.661914,0.494594,-0.471841,0.0556689,0.391374,0.171402,0.593033,0.384622,0.463725,-0.534169,34.19268523717336,10.271692363731487,-31.411491502129753,5.080982026874243,-7.675402975406854,3.4461644407964425
14.684486627578735,-1.23471,0.198736,-0.785414,0.132702,0.618092,-0.0721594,0.138767,0.410211,0.556384,0.308812,0.661574,0.494885,-0.471215,0.0506766,0.390901,0.171902,0.595721,0.382356,0.470003,-0.527274,33.62065029205861,10.188599325798915,-32.21510671233938,3.6918030727186055,-10.10083227666252,4.5370915616956315
14.686760902404785,-1.23471,0.198736,-0.785414,0.132702,0.618092,-0.0721594,0.138767,0.410211,0.556384,0.308812,0.661574,0.494885,-0.471215,0.0506766,0.390901,0.171902,0.595721,0.382356,0.470003,-0.527274,33.62065029205861,10.188599325798915,-32.21510671233938,3.6918030727186055,-10.10083227666252,4.5370915616956315
14.70506739616394,-1.24781,0.653505,-0.686337,0.186031,0.607465,-0.0128457,0.138766,0.410211,0.556304,0.308419,0.661483,0.494199,-0.47232,0.0457385,0.389815,0.172013,0.603665,0.377043,0.475949,-0.516623,33.17135039035913,10.754545329709972,-34.30357951931493,2.9891499146030966,-10.596312370993969,5.086413235920922
14.706181287765503,-1.24781,0.653505,-0.686337,0.186031,0.607465,-0.0128457,0.138766,0.410211,0.556304,0.308419,0.661483,0.494199,-0.47232,0.0457385,0.389815,0.172013,0.603665,0.377043,0.475949,-0.516623,33.17135039035913,10.754545329709972,-34.30357951931493,2.9891499146030966,-10.596312370993969,5.086413235920922
14.737897157669067,-1.30623,0.699749,-0.488228,0.214147,0.578273,-0.0185597,0.138844,0.410167,0.556226,0.307706,0.661931,0.494626,-0.471709,0.0400485,0.388566,0.172465,0.608613,0.366878,0.485821,-0.50889,33.156538059902346,10.41388019977142,-36.00447121629982,2.2786900700829484,-9.740465686183661,5.1004002754554065
14.739012479782104,-1.30623,0.699749,-0.488228,0.214147,0.578273,-0.0185597,0.138844,0.410167,0.556226,0.307706,0.661931,0.494626,-0.471709,0.0400485,0.388566,0.172465,0.608613,0.366878,0.485821,-0.50889,33.156538059902346,10.41388019977142,-36.00447121629982,2.2786900700829484,-9.740465686183661,5.1004002754554065
14.754417657852173,-1.37586,0.838606,-0.284349,0.244772,0.5439,0.0027707,0.138802,0.410161,0.556246,0.307798,0.662014,0.495084,-0.471052,0.0370616,0.387902,0.172676,0.611786,0.364112,0.490343,-0.502697,32.87856557757282,10.469926964534364,-36.910847287333084,1.210390721027162,-10.375896846387587,5.553438027087814
14.755424976348877,-1.37586,0.838606,-0.284349,0.244772,0.5439,0.0027707,0.138802,0.410161,0.556246,0.307798,0.662014,0.495084,-0.471052,0.0370616,0.387902,0.172676,0.611786,0.364112,0.490343,-0.502697,32.87856557757282,10.469926964534364,-36.910847287333084,1.210390721027162,-10.375896846387587,5.553438027087814
14.77042555809021,-1.20643,1.16311,-0.347798,0.298774,0.530683,0.0507986,0.138734,0.410227,0.556238,0.307908,0.66179,0.494856,-0.471533,0.0346664,0.38727,0.172763,0.61589,0.356338,0.493881,-0.499784,33.13688298599077,10.387158877383856,-37.96984923040241,2.69916047079764,-9.238431145999094,4.901872846502238
14.771366119384766,-1.20643,1.16311,-0.347798,0.298774,0.530683,0.0507986,0.138734,0.410227,0.556238,0.307908,0.66179,0.494856,-0.471533,0.0346664,0.38727,0.172763,0.61589,0.356338,0.493881,-0.499784,33.13688298599077,10.387158877383856,-37.96984923040241,2.69916047079764,-9.238431145999094,4.901872846502238
14.787116765975952,-1.65355,0.844443,-0.132794,0.252395,0.536921,-0.0508783,0.138674,0.410253,0.556237,0.307786,0.662271,0.494093,-0.471738,0.0330091,0.387091,0.173002,0.613235,0.355967,0.497084,-0.500138,32.90411759171425,9.937457586912005,-37.81287755829363,1.773046271926609,-9.157055181665315,5.890859213254432
14.788063287734985,-1.65355,0.844443,-0.132794,0.252395,0.536921,-0.0508783,0.138674,0.410253,0.556237,0.307786,0.662271,0.494093,-0.471738,0.0330091,0.387091,0.173002,0.613235,0.355967,0.497084,-0.500138,32.90411759171425,9.937457586912005,-37.81287755829363,1.773046271926609,-9.157055181665315,5.890859213254432
14.803857326507568,-1.56385,1.0128,-0.32834,0.297745,0.553503,-0.0275464,0.138683,0.410244,0.556238,0.307851,0.661779,0.49469,-0.471761,0.0316615,0.38619,0.172957,0.620982,0.348558,0.497901,-0.494958,33.31562680658286,10.421823451585551,-39.29461031663363,3.516131000791874,-8.550684316453307,4.260414003445458
14.804807186126709,-1.56385,1.0128,-0.32834,0.297745,0.553503,-0.0275464,0.138683,0.410244,0.556238,0.307851,0.661779,0.49469,-0.471761,0.0316615,0.38619,0.172957,0.620982,0.348558,0.497901,-0.494958,33.31562680658286,10.421823451585551,-39.29461031663363,3.516131000791874,-8.550684316453307,4.260414003445458
14.837825298309326,-1.22771,1.6435,-0.614445,0.423298,0.537364,0.0608238,0.138701,0.410188,0.556263,0.307914,0.66174,0.495027,-0.471421,0.0293148,0.386096,0.173679,0.620241,0.350904,0.503287,-0.488743,32.46020134178845,10.34911655100105,-39.59183539873419,1.084701522310199,-9.317038560017226,5.939910205119817
14.838844299316406,-1.22771,1.6435,-0.614445,0.423298,0.537364,0.0608238,0.138701,0.410188,0.556263,0.307914,0.66174,0.495027,-0.471421,0.0293148,0.386096,0.173679,0.620241,0.350904,0.503287,-0.488743,32.46020134178845,10.34911655100105,-39.59183539873419,1.084701522310199,-9.317038560017226,5.939910205119817
14.870409727096558,-1.22376,1.4844,-0.617249,0.438518,0.53149,0.00536753,0.13874,0.410241,0.556326,0.309081,0.661256,0.494618,-0.471766,0.0252882,0.384974,0.174319,0.622113,0.342994,0.509755,-0.485264,32.396345759486415,9.847068453507024,-40.39924713219068,1.7670892587732645,-9.02449598979755,6.177498276625114
14.871354341506958,-1.22376,1.4844,-0.617249,0.438518,0.53149,0.00536753,0.13874,0.410241,0.556326,0.309081,0.661256,0.494618,-0.471766,0.0252882,0.384974,0.174319,0.622113,0.342994,0.509755,-0.485264,32.396345759486415,9.847068453507024,-40.39924713219068,1.7670892587732645,-9.02449598979755,6.177498276625114
14.903931379318237,-1.39752,1.70601,-0.630692,0.528741,0.529642,-0.00660191,0.138708,0.410224,0.556344,0.308507,0.661366,0.495558,-0.470999,0.0225602,0.38402,0.174575,0.626917,0.342925,0.511545,-0.477179,32.05556060630131,10.423424423374593,-41.481359657361175,-0.2059736434236188,-10.998440289015381,6.06660608787713
14.904884338378906,-1.39752,1.70601,-0.630692,0.528741,0.529642,-0.00660191,0.138708,0.410224,0.556344,0.308507,0.661366,0.495558,-0.470999,0.0225602,0.38402,0.174575,0.626917,0.342925,0.511545,-0.477179,32.05556060630131,10.423424423374593,-41.481359657361175,-0.2059736434236188,-10.998440289015381,6.06660608787713
14.92093014717102,-0.868855,2.0185,-0.866027,0.605885,0.518078,0.047078,0.138674,0.410281,0.556356,0.309061,0.661907,0.493818,-0.471703,0.0205128,0.382963,0.174583,0.634582,0.332125,0.51543,-0.470458,32.2687076764859,10.54626731313075,-43.44059859080055,2.4980068889671863,-8.804283634821054,5.176539061636438
14.921945095062256,-0.868855,2.0185,-0.866027,0.605885,0.518078,0.047078,0.138674,0.410281,0.556356,0.309061,0.661907,0.493818,-0.471703,0.0205128,0.382963,0.174583,0.634582,0.332125,0.51543,-0.470458,32.2687076764859,10.54626731313075,-43.44059859080055,2.4980068889671863,-8.804283634821054,5.176539061636438
14.937765836715698,-0.858793,2.09675,-0.920777,0.646057,0.515157,0.0277008,0.138685,0.410267,0.556371,0.30912,0.66188,0.493832,-0.471688,0.0176714,0.382021,0.174659,0.639203,0.325778,0.520004,-0.463556,32.17031218876421,10.623898250786992,-44.7768828579376,3.027286560008671,-8.308228953999915,5.250933474534006
14.938734531402588,-0.858793,2.09675,-0.920777,0.646057,0.515157,0.0277008,0.138685,0.410267,0.556371,0.30912,0.66188,0.493832,-0.471688,0.0176714,0.382021,0.174659,0.639203,0.325778,0.520004,-0.463556,32.17031218876421,10.623898250786992,-44.7768828579376,3.027286560008671,-8.308228953999915,5.250933474534006
14.953758955001831,-0.491588,1.89359,-0.462296,0.619913,0.380292,-0.0338214,0.138699,0.410264,0.556362,0.309083,0.661929,0.493802,-0.471675,0.0170671,0.381785,0.174619,0.640431,0.325424,0.521202,-0.460756,31.981433076654938,10.730330247297445,-45.14536136028025,2.6683750273734645,-8.294705141569665,5.600176314677001
14.954707384109497,-0.491588,1.89359,-0.462296,0.619913,0.380292,-0.0338214,0.138699,0.410264,0.556362,0.309083,0.661929,0.493802,-0.471675,0.0170671,0.381785,0.174619,0.640431,0.325424,0.521202,-0.460756,31.981433076654938,10.730330247297445,-45.14536136028025,2.6683750273734645,-8.294705141569665,5.600176314677001
14.987481594085693,-1.23798,1.84274,0.145967,0.680561,0.332919,-0.179939,0.138512,0.410315,0.556196,0.307458,0.662114,0.494972,-0.471251,0.0150796,0.381062,0.175168,0.642123,0.319362,0.525016,-0.458306,32.34053559022118,10.591356581203634,-45.91532105806992,2.6130572599751902,-6.8623580350488975,4.60373371355152
14.988423347473145,-1.23798,1.84274,0.145967,0.680561,0.332919,-0.179939,0.138512,0.410315,0.556196,0.307458,0.662114,0.494972,-0.471251,0.0150796,0.381062,0.175168,0.642123,0.319362,0.525016,-0.458306,32.34053559022118,10.591356581203634,-45.91532105806992,2.6130572599751902,-6.8623580350488975,4.60373371355152
15.020213603973389,-1.10154,2.53112,0.0524039,0.788828,0.329064,-0.0725145,0.138479,0.41032,0.556182,0.307294,0.662029,0.495108,-0.471334,0.0145823,0.381065,0.175248,0.641419,0.321225,0.525031,-0.457972,32.16647864163088,10.640378775464686,-45.78354501710105,1.7676172414325886,-7.601454758765975,4.923425070114486
15.022565603256226,-1.10154,2.53112,0.0524039,0.788828,0.329064,-0.0725145,0.138479,0.41032,0.556182,0.307294,0.662029,0.495108,-0.471334,0.0145823,0.381065,0.175248,0.641419,0.321225,0.525031,-0.457972,32.16647864163088,10.640378775464686,-45.78354501710105,1.7676172414325886,-7.601454758765975,4.923425070114486
15.041308164596558,-0.710831,2.67268,-0.613922,0.928271,0.354751,-0.143331,0.138408,0.410371,0.556342,0.308654,0.662245,0.494474,-0.470808,0.0120114,0.380324,0.176294,0.643188,0.317187,0.530043,-0.452499,31.816816124273014,10.331966652212346,-46.5049650074269,1.682604145658324,-7.718805862038609,5.076539795888055
15.042461156845093,-0.710831,2.67268,-0.613922,0.928271,0.354751,-0.143331,0.138408,0.410371,0.556342,0.308654,0.662245,0.494474,-0.470808,0.0120114,0.380324,0.176294,0.643188,0.317187,0.530043,-0.452499,31.816816124273014,10.331966652212346,-46.5049650074269,1.682604145658324,-7.718805862038609,5.076539795888055
15.07548451423645,-0.793516,2.65679,-0.460619,0.998201,0.313951,-0.23284,0.138325,0.410405,0.556376,0.308943,0.661363,0.494059,-0.472291,0.0107642,0.379871,0.176701,0.646297,0.314845,0.529838,-0.449939,31.73009618444437,10.709231788022024,-47.169441778039136,2.673468492459281,-8.045382911960031,4.498604957370356
15.077031135559082,-0.793516,2.65679,-0.460619,0.998201,0.313951,-0.23284,0.138325,0.410405,0.556376,0.308943,0.661363,0.494059,-0.472291,0.0107642,0.379871,0.176701,0.646297,0.314845,0.529838,-0.449939,31.73009618444437,10.709231788022024,-47.169441778039136,2.673468492459281,-8.045382911960031,4.498604957370356
15.093911170959473,-0.94696,2.66401,0.0757625,1.04172,0.213517,-0.309874,0.138341,0.410428,0.556399,0.308916,0.661598,0.494213,-0.471818,0.00931468,0.379448,0.177134,0.644235,0.311728,0.53386,-0.450312,31.803233967823978,10.115229059951035,-47.108982945419534,2.3867418489489323,-7.248070333873118,4.928916603987518
15.094852447509766,-0.94696,2.66401,0.0757625,1.04172,0.213517,-0.309874,0.138341,0.410428,0.556399,0.308916,0.661598,0.494213,-0.471818,0.00931468,0.379448,0.177134,0.644235,0.311728,0.53386,-0.450312,31.803233967823978,10.115229059951035,-47.108982945419534,2.3867418489489323,-7.248070333873118,4.928916603987518
15.109129190444946,-0.829756,2.69498,-0.092928,1.09834,0.226612,-0.366833,0.138337,0.410427,0.556373,0.309029,0.661451,0.494307,-0.471852,0.00840159,0.378989,0.177368,0.645806,0.310355,0.534404,-0.448361,31.77643407365143,10.225977991469076,-47.467057753613304,2.3419268883276265,-7.665838088443512,4.576264638895884
15.110072135925293,-0.829756,2.69498,-0.092928,1.09834,0.226612,-0.366833,0.138337,0.410427,0.556373,0.309029,0.661451,0.494307,-0.471852,0.00840159,0.378989,0.177368,0.645806,0.310355,0.534404,-0.448361,31.77643407365143,10.225977991469076,-47.467057753613304,2.3419268883276265,-7.665838088443512,4.576264638895884
15.124413013458252,-0.405022,3.05449,-0.0764405,1.15733,0.179459,-0.316329,0.138327,0.410427,0.556335,0.309239,0.66102,0.494215,-0.472415,0.00792294,0.378738,0.177519,0.645477,0.311561,0.535657,-0.446498,31.41359507640153,10.264204645573304,-47.521469781313705,1.6153756279448637,-7.648077422146886,5.352365836855581
15.12536072731018,-0.405022,3.05449,-0.0764405,1.15733,0.179459,-0.316329,0.138327,0.410427,0.556335,0.309239,0.66102,0.494215,-0.472415,0.00792294,0.378738,0.177519,0.645477,0.311561,0.535657,-0.446498,31.41359507640153,10.264204645573304,-47.521469781313705,1.6153756279448637,-7.648077422146886,5.352365836855581
15.154300212860107,-0.192688,2.99839,-0.0906372,1.19513,0.165231,-0.385706,0.138275,0.410445,0.556303,0.309128,0.661204,0.494375,-0.472062,0.00637172,0.377792,0.177992,0.647631,0.306277,0.538402,-0.443725,31.598341873429646,10.140461637951983,-48.23099382591216,1.9853900332909988,-6.9704139837237875,4.667680425609837
15.155242443084717,-0.192688,2.99839,-0.0906372,1.19513,0.165231,-0.385706,0.138275,0.410445,0.556303,0.309128,0.661204,0.494375,-0.472062,0.00637172,0.377792,0.177992,0.647631,0.306277,0.538402,-0.443725,31.598341873429646,10.140461637951983,-48.23099382591216,1.9853900332909988,-6.9704139837237875,4.667680425609837
15.17082667350769,-0.650642,2.7824,-0.00546968,1.18114,0.203244,-0.46364,0.13822,0.410467,0.556316,0.309528,0.660844,0.494301,-0.472382,0.00558956,0.377456,0.178003,0.647953,0.304694,0.538911,-0.443727,31.63846008453845,10.083352561242796,-48.31930560303888,2.379164816566591,-7.136216896675034,4.707413342088665
15.171773433685303,-0.650642,2.7824,-0.00546968,1.18114,0.203244,-0.46364,0.13822,0.410467,0.556316,0.309528,0.660844,0.494301,-0.472382,0.00558956,0.377456,0.178003,0.647953,0.304694,0.538911,-0.443727,31.63846008453845,10.083352561242796,-48.31930560303888,2.379164816566591,-7.136216896675034,4.707413342088665
15.18757700920105,-0.674412,2.63494,0.0173138,1.2114,0.192663,-0.547417,0.138122,0.410546,0.556311,0.309636,0.661003,0.494304,-0.472085,0.00447232,0.377014,0.178445,0.647625,0.301462,0.541283,-0.443526,31.775110868634872,9.756919837675728,-48.47017800609625,2.542381762981874,-6.606023118461957,4.5011503253842715
15.188528776168823,-0.674412,2.63494,0.0173138,1.2114,0.192663,-0.547417,0.138122,0.410546,0.556311,0.309636,0.661003,0.494304,-0.472085,0.00447232,0.377014,0.178445,0.647625,0.301462,0.541283,-0.443526,31.775110868634872,9.756919837675728,-48.47017800609625,2.542381762981874,-6.606023118461957,4.5011503253842715
15.204795598983765,-0.802166,2.77399,0.0407816,1.25501,0.181103,-0.55179,0.138103,0.410555,0.556307,0.309644,0.660986,0.49434,-0.472066,0.00394156,0.376801,0.178565,0.648436,0.301289,0.541091,-0.442692,31.760879973341133,9.856842942028262,-48.61625614471319,2.3604995339554478,-7.17296995128156,4.240935997426476
15.205745935440063,-0.802166,2.77399,0.0407816,1.25501,0.181103,-0.55179,0.138103,0.410555,0.556307,0.309644,0.660986,0.49434,-0.472066,0.00394156,0.376801,0.178565,0.648436,0.301289,0.541091,-0.442692,31.760879973341133,9.856842942028262,-48.61625614471319,2.3604995339554478,-7.17296995128156,4.240935997426476
15.221104860305786,-0.718697,3.15372,-0.0149986,1.34079,0.151763,-0.523723,0.138079,0.41054,0.55629,0.31066,0.660358,0.494656,-0.471945,0.00315052,0.376592,0.178919,0.647808,0.301036,0.543278,-0.441102,31.48699716871,9.65644458069403,-48.55608423602679,2.1326243210644593,-7.350534339487803,4.8124453401929745
15.222052812576294,-0.718697,3.15372,-0.0149986,1.34079,0.151763,-0.523723,0.138079,0.41054,0.55629,0.31066,0.660358,0.494656,-0.471945,0.00315052,0.376592,0.178919,0.647808,0.301036,0.543278,-0.441102,31.48699716871,9.65644458069403,-48.55608423602679,2.1326243210644593,-7.350534339487803,4.8124453401929745
15.25409746170044,-0.128185,2.91055,-0.0345793,1.30629,0.0663487,-0.575426,0.138126,0.410551,0.556314,0.309624,0.660984,0.494392,-0.472028,0.0019758,0.376392,0.179385,0.647637,0.299767,0.544808,-0.44033,31.531022160070197,9.570994532858396,-48.82284349997468,1.6380762503389712,-7.243766008967733,4.5659856723432455
15.255056619644165,-0.128185,2.91055,-0.0345793,1.30629,0.0663487,-0.575426,0.138126,0.410551,0.556314,0.309624,0.660984,0.494392,-0.472028,0.0019758,0.376392,0.179385,0.647637,0.299767,0.544808,-0.44033,31.531022160070197,9.570994532858396,-48.82284349997468,1.6380762503389712,-7.243766008967733,4.5659856723432455
15.270881414413452,-0.221535,2.94867,0.109627,1.32685,0.0126474,-0.583396,0.138117,0.410557,0.55631,0.309632,0.660959,0.494405,-0.472044,0.00125083,0.376073,0.179502,0.648385,0.30138,0.544981,-0.437907,31.245096546556688,9.757859049619325,-48.99415143794738,0.5780324540792667,-8.155582358705955,4.823320782605199
15.271855354309082,-0.221535,2.94867,0.109627,1.32685,0.0126474,-0.583396,0.138117,0.410557,0.55631,0.309632,0.660959,0.494405,-0.472044,0.00125083,0.376073,0.179502,0.648385,0.30138,0.544981,-0.437907,31.245096546556688,9.757859049619325,-48.99415143794738,0.5780324540792667,-8.155582358705955,4.823320782605199
15.287467956542969,-0.301823,2.62946,0.143136,1.28239,0.0441979,-0.630957,0.13806,0.4106,0.556302,0.309995,0.660648,0.494228,-0.472427,0.000859006,0.376002,0.179664,0.647631,0.297579,0.546554,-0.439658,31.500597371889388,9.41167485546586,-48.98670008405168,1.9497008255405643,-7.044240894726945,4.718561268326475
15.288429260253906,-0.301823,2.62946,0.143136,1.28239,0.0441979,-0.630957,0.13806,0.4106,0.556302,0.309995,0.660648,0.494228,-0.472427,0.000859006,0.376002,0.179664,0.647631,0.297579,0.546554,-0.439658,31.500597371889388,9.41167485546586,-48.98670008405168,1.9497008255405643,-7.044240894726945,4.718561268326475
15.311341524124146,-0.876106,2.47788,0.315908,1.27275,0.0743284,-0.675726,0.138053,0.410603,0.556299,0.309726,0.66096,0.494308,-0.472082,0.000583877,0.375776,0.179583,0.648741,0.301594,0.545603,-0.436456,31.092995666866923,9.793113663231319,-49.13123324196881,0.039133836695625535,-8.496024473751518,5.048606560921671
15.313211679458618,-0.876106,2.47788,0.315908,1.27275,0.0743284,-0.675726,0.138053,0.410603,0.556299,0.309726,0.66096,0.494308,-0.472082,0.000583877,0.375776,0.179583,0.648741,0.301594,0.545603,-0.436456,31.092995666866923,9.793113663231319,-49.13123324196881,0.039133836695625535,-8.496024473751518,5.048606560921671
15.330782413482666,0.294678,2.85432,0.118493,1.29654,-0.00577712,-0.550079,0.138042,0.410592,0.55625,0.30978,0.660867,0.49418,-0.47231,0.000303217,0.375451,0.179632,0.648883,0.298141,0.546209,-0.437857,31.404890340747322,9.61149433702164,-49.239135801677534,1.0885265926373298,-7.74634697878311,4.611531190482442
15.331815242767334,0.294678,2.85432,0.118493,1.29654,-0.00577712,-0.550079,0.138042,0.410592,0.55625,0.30978,0.660867,0.49418,-0.47231,0.000303217,0.375451,0.179632,0.648883,0.298141,0.546209,-0.437857,31.404890340747322,9.61149433702164,-49.239135801677534,1.0885265926373298,-7.74634697878311,4.611531190482442
15.34610915184021,-1.07476,2.2763,0.369163,1.21286,0.108509,-0.697192,0.138059,0.410616,0.556215,0.309158,0.661593,0.494364,-0.471508,0.000206772,0.375319,0.179559,0.646955,0.295296,0.547911,-0.440504,31.82140606770859,9.119747033147881,-49.04278815272169,1.2484493146265523,-6.606769831975856,4.527556440092237
15.347050666809082,-1.07476,2.2763,0.369163,1.21286,0.108509,-0.697192,0.138059,0.410616,0.556215,0.309158,0.661593,0.494364,-0.471508,0.000206772,0.375319,0.179559,0.646955,0.295296,0.547911,-0.440504,31.82140606770859,9.119747033147881,-49.04278815272169,1.2484493146265523,-6.606769831975856,4.527556440092237
15.36155366897583,-0.723221,2.64717,0.44554,1.2529,0.0353503,-0.643374,0.13803,0.410592,0.556163,0.309931,0.661181,0.494812,-0.471109,9.85113e-05,0.375217,0.179528,0.648571,0.297987,0.546943,-0.437507,31.46881169629736,9.450050215958713,-49.139278058725374,0.4173511993841703,-8.091933829259471,4.589076528372109
15.362499713897705,-0.723221,2.64717,0.44554,1.2529,0.0353503,-0.643374,0.13803,0.410592,0.556163,0.309931,0.661181,0.494812,-0.471109,9.85113e-05,0.375217,0.179528,0.648571,0.297987,0.546943,-0.437507,31.46881169629736,9.450050215958713,-49.139278058725374,0.4173511993841703,-8.091933829259471,4.589076528372109
15.387539148330688,-0.869057,2.47195,0.686085,1.19915,0.0170297,-0.681351,0.138048,0.410628,0.556114,0.309562,0.661548,0.493436,-0.472277,-0.000369016,0.374988,0.179574,0.647467,0.294167,0.548288,-0.440037,31.74135463021658,9.115219070340297,-49.25295575541252,1.664340728841113,-6.551185302195115,4.645201103176617
15.388561487197876,-0.869057,2.47195,0.686085,1.19915,0.0170297,-0.681351,0.138048,0.410628,0.556114,0.309562,0.661548,0.493436,-0.472277,-0.000369016,0.374988,0.179574,0.647467,0.294167,0.548288,-0.440037,31.74135463021658,9.115219070340297,-49.25295575541252,1.664340728841113,-6.551185302195115,4.645201103176617
15.403777360916138,-0.784401,2.1715,0.530407,1.17068,0.0313854,-0.753776,0.138019,0.41059,0.556147,0.309919,0.661156,0.494828,-0.471135,-0.00043953,0.374925,0.179598,0.647718,0.293735,0.547923,-0.44041,31.935258824098412,9.078045706852377,-49.066232339378466,1.5990191135773277,-7.322672532023763,4.125346219089817
15.404734134674072,-0.784401,2.1715,0.530407,1.17068,0.0313854,-0.753776,0.138019,0.41059,0.556147,0.309919,0.661156,0.494828,-0.471135,-0.00043953,0.374925,0.179598,0.647718,0.293735,0.547923,-0.44041,31.935258824098412,9.078045706852377,-49.066232339378466,1.5990191135773277,-7.322672532023763,4.125346219089817
15.42046046257019,-0.889008,2.44897,0.593394,1.23714,-0.00374489,-0.754065,0.138031,0.410551,0.556204,0.31052,0.660535,0.494575,-0.471874,-0.00068361,0.374736,0.179704,0.649242,0.292797,0.547742,-0.439014,31.82755660566097,9.255840799629249,-49.34753554289665,2.3529627232983854,-7.413235720908397,4.062355576101237
15.421411752700806,-0.889008,2.44897,0.593394,1.23714,-0.00374489,-0.754065,0.138031,0.410551,0.556204,0.31052,0.660535,0.494575,-0.471874,-0.00068361,0.374736,0.179704,0.649242,0.292797,0.547742,-0.439014,31.82755660566097,9.255840799629249,-49.34753554289665,2.3529627232983854,-7.413235720908397,4.062355576101237
15.454473495483398,1.11428,2.64723,0.556377,1.30899,-0.259478,-0.754704,0.137969,0.41063,0.556256,0.309979,0.660559,0.495031,-0.471719,-0.00134835,0.374929,0.180081,0.648377,0.297331,0.547935,-0.437,31.378532321959167,9.434782289634514,-49.19379817663242,0.2303931183970932,-8.711111624123848,4.580373195614193
15.455442905426025,1.11428,2.64723,0.556377,1.30899,-0.259478,-0.754704,0.137969,0.41063,0.556256,0.309979,0.660559,0.495031,-0.471719,-0.00134835,0.374929,0.180081,0.648377,0.297331,0.547935,-0.437,31.378532321959167,9.434782289634514,-49.19379817663242,0.2303931183970932,-8.711111624123848,4.580373195614193
15.47081184387207,0.156158,3.16797,0.7121,1.39899,-0.170533,-0.733777,0.137882,0.410677,0.556256,0.310249,0.660478,0.495081,-0.471603,-0.00200856,0.374593,0.180263,0.647907,0.294047,0.550435,-0.436776,31.48329681313746,9.100768413329883,-49.31923105137324,0.773414689993095,-7.665266310597355,4.788193498606548
15.471760749816895,0.156158,3.16797,0.7121,1.39899,-0.170533,-0.733777,0.137882,0.410677,0.556256,0.310249,0.660478,0.495081,-0.471603,-0.00200856,0.374593,0.180263,0.647907,0.294047,0.550435,-0.436776,31.48329681313746,9.100768413329883,-49.31923105137324,0.773414689993095,-7.665266310597355,4.788193498606548
15.48699951171875,-0.895245,2.74118,0.859612,1.3416,-0.0815504,-0.857683,0.137876,0.410711,0.556157,0.308905,0.662242,0.494998,-0.470097,-0.00254044,0.374354,0.180524,0.650603,0.291079,0.551613,-0.433257,31.73484887571885,9.168000795799465,-50.13395912768072,0.4498630497045716,-7.238497218423795,3.518335309796439
15.487942457199097,-0.895245,2.74118,0.859612,1.3416,-0.0815504,-0.857683,0.137876,0.410711,0.556157,0.308905,0.662242,0.494998,-0.470097,-0.00254044,0.374354,0.180524,0.650603,0.291079,0.551613,-0.433257,31.73484887571885,9.168000795799465,-50.13395912768072,0.4498630497045716,-7.238497218423795,3.518335309796439
15.504331827163696,-0.814137,2.6707,0.326449,1.35946,0.00809023,-0.892453,0.137879,0.410689,0.556136,0.309404,0.661626,0.494865,-0.470775,-0.00278918,0.374362,0.180651,0.650315,0.295776,0.551077,-0.431185,31.131013366817115,9.44075209672195,-49.984465013920826,-0.9597861857545594,-8.521732605268854,4.35398047095499
15.50528073310852,-0.814137,2.6707,0.326449,1.35946,0.00809023,-0.892453,0.137879,0.410689,0.556136,0.309404,0.661626,0.494865,-0.470775,-0.00278918,0.374362,0.180651,0.650315,0.295776,0.551077,-0.431185,31.131013366817115,9.44075209672195,-49.984465013920826,-0.9597861857545594,-8.521732605268854,4.35398047095499
15.520401954650879,-1.04078,2.58573,0.508479,1.37073,-0.0840395,-0.975943,0.137876,0.410675,0.556194,0.309814,0.660874,0.495211,-0.471198,-0.00353035,0.374131,0.181,0.650039,0.289911,0.553357,-0.432662,31.51697132266993,9.06079373954751,-50.10908594451998,1.047439277506491,-7.176525016807957,4.014134366977275
15.521350145339966,-1.04078,2.58573,0.508479,1.37073,-0.0840395,-0.975943,0.137876,0.410675,0.556194,0.309814,0.660874,0.495211,-0.471198,-0.00353035,0.374131,0.181,0.650039,0.289911,0.553357,-0.432662,31.51697132266993,9.06079373954751,-50.10908594451998,1.047439277506491,-7.176525016807957,4.014134366977275
15.554240465164185,0.775555,3.26376,0.610035,1.5115,-0.35639,-0.837881,0.137632,0.410823,0.556291,0.309664,0.660757,0.495748,-0.470895,-0.00459164,0.374069,0.181254,0.649723,0.290893,0.553325,-0.432518,31.479195158759442,9.084006744091159,-49.99568133173611,0.1678663799056216,-8.262651415157778,3.9464419214285473
15.555190563201904,0.775555,3.26376,0.610035,1.5115,-0.35639,-0.837881,0.137632,0.410823,0.556291,0.309664,0.660757,0.495748,-0.470895,-0.00459164,0.374069,0.181254,0.649723,0.290893,0.553325,-0.432518,31.479195158759442,9.084006744091159,-49.99568133173611,0.1678663799056216,-8.262651415157778,3.9464419214285473
15.570735454559326,-0.449329,3.35156,0.852577,1.53302,-0.250776,-0.893803,0.137557,0.410866,0.556259,0.309492,0.660736,0.496185,-0.470578,-0.00512329,0.373627,0.181349,0.650326,0.291068,0.555006,-0.42933,31.23762608785073,9.131054031375898,-50.271480759997,-0.8256508913449633,-8.05599596317789,4.385101498814581
15.571682214736938,-0.449329,3.35156,0.852577,1.53302,-0.250776,-0.893803,0.137557,0.410866,0.556259,0.309492,0.660736,0.496185,-0.470578,-0.00512329,0.373627,0.181349,0.650326,0.291068,0.555006,-0.42933,31.23762608785073,9.131054031375898,-50.271480759997,-0.8256508913449633,-8.05599596317789,4.385101498814581
15.587079286575317,-0.744324,3.27255,0.309863,1.51591,-0.0950681,-0.952344,0.137649,0.410797,0.556213,0.30972,0.66097,0.495827,-0.470477,-0.00518348,0.37327,0.181407,0.65015,0.291214,0.554785,-0.429782,31.24474393246536,9.078222160380731,-50.21399674946212,-1.1331776912897444,-8.391836830285605,4.293335306733061
15.58802080154419,-0.744324,3.27255,0.309863,1.51591,-0.0950681,-0.952344,0.137649,0.410797,0.556213,0.30972,0.66097,0.495827,-0.470477,-0.00518348,0.37327,0.181407,0.65015,0.291214,0.554785,-0.429782,31.24474393246536,9.078222160380731,-50.21399674946212,-1.1331776912897444,-8.391836830285605,4.293335306733061
15.604154348373413,-0.729904,2.89584,0.60589,1.46079,-0.170987,-1.03951,0.137691,0.410779,0.55623,0.309422,0.661206,0.4958,-0.470369,-0.00543396,0.372885,0.181361,0.651606,0.287503,0.555379,-0.429307,31.543449704718658,9.050309345809849,-50.62745736307077,-0.2081931353711135,-7.6376007051049175,3.75677183184838
15.605123519897461,-0.729904,2.89584,0.60589,1.46079,-0.170987,-1.03951,0.137691,0.410779,0.55623,0.309422,0.661206,0.4958,-0.470369,-0.00543396,0.372885,0.181361,0.651606,0.287503,0.555379,-0.429307,31.543449704718658,9.050309345809849,-50.62745736307077,-0.2081931353711135,-7.6376007051049175,3.75677183184838
15.620471000671387,-0.118828,3.20254,0.370014,1.52267,-0.216805,-0.997343,0.137672,0.410802,0.556242,0.309478,0.661151,0.495929,-0.470273,-0.00560276,0.372662,0.181313,0.651013,0.286145,0.555704,-0.430692,31.725976312478267,8.885500623805118,-50.51699571245219,0.012201661656534468,-7.4079298645316465,3.7349054200754837
15.621415615081787,-0.118828,3.20254,0.370014,1.52267,-0.216805,-0.997343,0.137672,0.410802,0.556242,0.309478,0.661151,0.495929,-0.470273,-0.00560276,0.372662,0.181313,0.651013,0.286145,0.555704,-0.430692,31.725976312478267,8.885500623805118,-50.51699571245219,0.012201661656534468,-7.4079298645316465,3.7349054200754837
15.65434980392456,-0.533684,3.1351,1.0274,1.50741,-0.279895,-1.04771,0.137579,0.410885,0.556199,0.309598,0.661085,0.496096,-0.470111,-0.00563379,0.372128,0.180855,0.652099,0.288685,0.554298,-0.429164,31.516770989500987,9.188911445317633,-50.56064499939324,-1.3314337555519264,-8.443110589980567,4.092453907941481
15.65530014038086,-0.533684,3.1351,1.0274,1.50741,-0.279895,-1.04771,0.137579,0.410885,0.556199,0.309598,0.661085,0.496096,-0.470111,-0.00563379,0.372128,0.180855,0.652099,0.288685,0.554298,-0.429164,31.516770989500987,9.188911445317633,-50.56064499939324,-1.3314337555519264,-8.443110589980567,4.092453907941481
15.670407056808472,-0.491592,3.09001,0.973205,1.45681,-0.228009,-1.04262,0.137656,0.410824,0.556083,0.310596,0.661339,0.495254,-0.469984,-0.00546547,0.371925,0.180755,0.652525,0.28778,0.553303,-0.430405,31.633460132889788,9.1039732076007,-50.507679343731844,-0.6403141590775402,-8.948775620003014,3.6731288711893053
15.671365737915039,-0.491592,3.09001,0.973205,1.45681,-0.228009,-1.04262,0.137656,0.410824,0.556083,0.310596,0.661339,0.495254,-0.469984,-0.00546547,0.371925,0.180755,0.652525,0.28778,0.553303,-0.430405,31.633460132889788,9.1039732076007,-50.507679343731844,-0.6403141590775402,-8.948775620003014,3.6731288711893053
15.687086582183838,-1.06325,2.70517,0.550058,1.41336,-0.128147,-1.12025,0.137738,0.410748,0.556102,0.310467,0.661259,0.495154,-0.470287,-0.00561523,0.371626,0.180701,0.6516,0.285439,0.554097,-0.43234,31.8752362095389,8.86725441201797,-50.43282022014077,-0.009148929988468169,-8.174831666786432,3.7633494088488595
15.688026428222656,-1.06325,2.70517,0.550058,1.41336,-0.128147,-1.12025,0.137738,0.410748,0.556102,0.310467,0.661259,0.495154,-0.470287,-0.00561523,0.371626,0.180701,0.6516,0.285439,0.554097,-0.43234,31.8752362095389,8.86725441201797,-50.43282022014077,-0.009148929988468169,-8.174831666786432,3.7633494088488595
15.70383882522583,-0.764732,2.91345,0.429466,1.43909,-0.180791,-1.05601,0.137722,0.410766,0.556208,0.309425,0.661253,0.495704,-0.470402,-0.00582368,0.371384,0.180717,0.653352,0.286922,0.55406,-0.428747,31.641624092840228,9.277068845771854,-50.8721735091217,-1.1440436672572916,-8.277409380557552,3.8903962841706856
15.704777717590332,-0.764732,2.91345,0.429466,1.43909,-0.180791,-1.05601,0.137722,0.410766,0.556208,0.309425,0.661253,0.495704,-0.470402,-0.00582368,0.371384,0.180717,0.653352,0.286922,0.55406,-0.428747,31.641624092840228,9.277068845771854,-50.8721735091217,-1.1440436672572916,-8.277409380557552,3.8903962841706856
15.721402645111084,-0.178837,2.78486,0.691435,1.38642,-0.304953,-0.996156,0.137639,0.410846,0.556262,0.309488,0.661133,0.495995,-0.470222,-0.00603538,0.371331,0.180646,0.652886,0.283824,0.554387,-0.43109,32.04159111104509,9.034619135287743,-50.77652106990397,-0.12213767211110749,-7.761488065188962,3.5609439725547243
15.722349166870117,-0.178837,2.78486,0.691435,1.38642,-0.304953,-0.996156,0.137639,0.410846,0.556262,0.309488,0.661133,0.495995,-0.470222,-0.00603538,0.371331,0.180646,0.652886,0.283824,0.554387,-0.43109,32.04159111104509,9.034619135287743,-50.77652106990397,-0.12213767211110749,-7.761488065188962,3.5609439725547243
15.75408148765564,-0.0787621,2.44329,0.788145,1.27165,-0.233862,-0.896444,0.137654,0.410831,0.556069,0.310492,0.6613,0.49523,-0.470132,-0.0060222,0.371088,0.180331,0.652292,0.285107,0.553791,-0.431908,31.914644394940762,8.934275645668116,-50.53487074114718,-0.449155574462333,-8.534415772171918,3.9259612244231286
15.75502324104309,-0.0787621,2.44329,0.788145,1.27165,-0.233862,-0.896444,0.137654,0.410831,0.556069,0.310492,0.6613,0.49523,-0.470132,-0.0060222,0.371088,0.180331,0.652292,0.285107,0.553791,-0.431908,31.914644394940762,8.934275645668116,-50.53487074114718,-0.449155574462333,-8.534415772171918,3.9259612244231286
15.770895957946777,0.187824,2.15496,0.4222,1.14,-0.115648,-0.773189,0.137802,0.410731,0.55599,0.309795,0.661694,0.494816,-0.470474,-0.00569914,0.371026,0.180157,0.651512,0.288326,0.553094,-0.431841,31.68909778863947,9.075281683742059,-50.41469737685819,-1.747165877923654,-8.834486536013697,4.40140476837515
15.771840572357178,0.187824,2.15496,0.4222,1.14,-0.115648,-0.773189,0.137802,0.410731,0.55599,0.309795,0.661694,0.494816,-0.470474,-0.00569914,0.371026,0.180157,0.651512,0.288326,0.553094,-0.431841,31.68909778863947,9.075281683742059,-50.41469737685819,-1.747165877923654,-8.834486536013697,4.40140476837515
15.787159442901611,-0.287025,1.21841,-0.0660721,0.962125,0.0689911,-0.828226,0.138013,0.410555,0.555985,0.311447,0.660664,0.494608,-0.471049,-0.00497683,0.370888,0.179763,0.650099,0.283409,0.552436,-0.438025,32.29875610630458,8.596699292953508,-49.905184231167816,1.2497195041463283,-7.988003912926974,4.149026622327412
15.788100481033325,-0.287025,1.21841,-0.0660721,0.962125,0.0689911,-0.828226,0.138013,0.410555,0.555985,0.311447,0.660664,0.494608,-0.471049,-0.00497683,0.370888,0.179763,0.650099,0.283409,0.552436,-0.438025,32.29875610630458,8.596699292953508,-49.905184231167816,1.2497195041463283,-7.988003912926974,4.149026622327412
15.800186395645142,-0.287025,1.21841,-0.0660721,0.962125,0.0689911,-0.828226,0.138013,0.410555,0.555985,0.311447,0.660664,0.494608,-0.471049,-0.00497683,0.370888,0.179763,0.650099,0.283409,0.552436,-0.438025,32.29875610630458,8.596699292953508,-49.905184231167816,1.2497195041463283,-7.988003912926974,4.149026622327412
15.820873498916626,-0.40802,1.46231,0.0966333,0.957746,0.0635804,-0.707364,0.138097,0.410553,0.556049,0.31078,0.660984,0.494477,-0.471177,-0.00412388,0.37097,0.179374,0.65015,0.283607,0.54978,-0.441151,32.6622511812314,8.723310027523196,-49.732371724208214,1.5559523142536367,-8.087963884020363,3.5670049901366445
15.821829080581665,-0.40802,1.46231,0.0966333,0.957746,0.0635804,-0.707364,0.138097,0.410553,0.556049,0.31078,0.660984,0.494477,-0.471177,-0.00412388,0.37097,0.179374,0.65015,0.283607,0.54978,-0.441151,32.6622511812314,8.723310027523196,-49.732371724208214,1.5559523142536367,-8.087963884020363,3.5670049901366445
15.853979587554932,-0.207912,1.59192,0.240122,0.837297,0.0951178,-0.435767,0.138303,0.410459,0.556109,0.308851,0.661603,0.494958,-0.471073,-0.0021719,0.371391,0.178468,0.649933,0.292307,0.547453,-0.438678,32.10003197763328,9.356869086192521,-49.5985749587543,-1.5038508545928286,-8.37342593413933,4.936713145609475
15.854948282241821,-0.207912,1.59192,0.240122,0.837297,0.0951178,-0.435767,0.138303,0.410459,0.556109,0.308851,0.661603,0.494958,-0.471073,-0.0021719,0.371391,0.178468,0.649933,0.292307,0.547453,-0.438678,32.10003197763328,9.356869086192521,-49.5985749587543,-1.5038508545928286,-8.37342593413933,4.936713145609475
15.87094759941101,0.191006,0.958809,-0.412363,0.636791,0.278225,-0.326546,0.138436,0.410361,0.556158,0.307993,0.66189,0.495455,-0.470708,-0.00067599,0.371701,0.177819,0.647932,0.294335,0.544313,-0.444156,32.539023700220206,9.328845876207653,-48.894281247146644,-1.7127606109926399,-8.58935118241982,4.704481008883432
15.871895551681519,0.191006,0.958809,-0.412363,0.636791,0.278225,-0.326546,0.138436,0.410361,0.556158,0.307993,0.66189,0.495455,-0.470708,-0.00067599,0.371701,0.177819,0.647932,0.294335,0.544313,-0.444156,32.539023700220206,9.328845876207653,-48.894281247146644,-1.7127606109926399,-8.58935118241982,4.704481008883432
15.887141942977905,-0.847575,0.649136,-0.130533,0.528072,0.394149,-0.335738,0.138577,0.410281,0.556293,0.309027,0.661887,0.494327,-0.47122,0.00100271,0.371889,0.176831,0.646803,0.29268,0.541083,-0.450792,33.08161704104719,9.100484211674035,-48.33447806807285,0.5619853720889861,-8.130296756226791,4.6858767898045866
15.888134002685547,-0.847575,0.649136,-0.130533,0.528072,0.394149,-0.335738,0.138577,0.410281,0.556293,0.309027,0.661887,0.494327,-0.47122,0.00100271,0.371889,0.176831,0.646803,0.29268,0.541083,-0.450792,33.08161704104719,9.100484211674035,-48.33447806807285,0.5619853720889861,-8.130296756226791,4.6858767898045866
15.903855085372925,-0.514788,0.624804,-0.347439,0.510649,0.409826,-0.308682,0.138567,0.410292,0.556251,0.308196,0.661881,0.49511,-0.470951,0.00149421,0.371884,0.176662,0.646778,0.293253,0.539969,-0.45179,33.27319998683459,9.219457465309576,-48.23375625554144,0.1512744551337737,-8.077173964308479,4.313957827919996
15.904814720153809,-0.514788,0.624804,-0.347439,0.510649,0.409826,-0.308682,0.138567,0.410292,0.556251,0.308196,0.661881,0.49511,-0.470951,0.00149421,0.371884,0.176662,0.646778,0.293253,0.539969,-0.45179,33.27319998683459,9.219457465309576,-48.23375625554144,0.1512744551337737,-8.077173964308479,4.313957827919996
15.920639276504517,-0.342739,0.898247,-0.650798,0.482755,0.506338,-0.160626,0.13861,0.410315,0.556143,0.307196,0.661995,0.495607,-0.470922,0.00265547,0.372078,0.176172,0.646694,0.294311,0.5382,-0.45333,33.478523025469926,9.392371633369217,-48.10988677061898,-0.0402995863229334,-7.618930041688066,4.081266925236239
15.921570062637329,-0.342739,0.898247,-0.650798,0.482755,0.506338,-0.160626,0.13861,0.410315,0.556143,0.307196,0.661995,0.495607,-0.470922,0.00265547,0.372078,0.176172,0.646694,0.294311,0.5382,-0.45333,33.478523025469926,9.392371633369217,-48.10988677061898,-0.0402995863229334,-7.618930041688066,4.081266925236239
15.95386791229248,-0.766857,-0.0945265,-1.12649,0.313566,0.684586,-0.176568,0.138865,0.410129,0.556229,0.308211,0.661706,0.494916,-0.471391,0.00520695,0.372686,0.175092,0.645727,0.296655,0.533337,-0.458893,33.73478407364278,9.471345692905496,-47.387485554813416,1.5126368771044345,-7.996123723908937,4.163055126579719
15.95483660697937,-0.766857,-0.0945265,-1.12649,0.313566,0.684586,-0.176568,0.138865,0.410129,0.556229,0.308211,0.661706,0.494916,-0.471391,0.00520695,0.372686,0.175092,0.645727,0.296655,0.533337,-0.458893,33.73478407364278,9.471345692905496,-47.387485554813416,1.5126368771044345,-7.996123723908937,4.163055126579719
15.970486640930176,-1.52013,0.0520225,-0.287774,0.309226,0.634515,-0.135831,0.138853,0.410117,0.556333,0.307935,0.661941,0.494953,-0.471203,0.00673756,0.372914,0.174624,0.645056,0.299084,0.531128,-0.46082,33.80983982502617,9.575867083037439,-47.05363684901586,1.2088190873943705,-7.834698255700488,4.3466494200111505
15.971426010131836,-1.52013,0.0520225,-0.287774,0.309226,0.634515,-0.135831,0.138853,0.410117,0.556333,0.307935,0.661941,0.494953,-0.471203,0.00673756,0.372914,0.174624,0.645056,0.299084,0.531128,-0.46082,33.80983982502617,9.575867083037439,-47.05363684901586,1.2088190873943705,-7.834698255700488,4.3466494200111505
15.987060546875,-0.878543,0.379164,-0.994217,0.331762,0.691601,-0.0411487,0.138759,0.410229,0.556256,0.308594,0.661839,0.494042,-0.47187,0.00913173,0.373343,0.174145,0.643471,0.301836,0.525574,-0.46756,34.14147268688367,9.643567818939704,-46.21817034280983,2.079915411052142,-8.190601917655293,3.662861313263834
15.988044738769531,-0.878543,0.379164,-0.994217,0.331762,0.691601,-0.0411487,0.138759,0.410229,0.556256,0.308594,0.661839,0.494042,-0.47187,0.00913173,0.373343,0.174145,0.643471,0.301836,0.525574,-0.46756,34.14147268688367,9.643567818939704,-46.21817034280983,2.079915411052142,-8.190601917655293,3.662861313263834
16.003806352615356,-1.13776,0.106364,-1.05164,0.283927,0.722436,-0.0887731,0.138763,0.410204,0.556269,0.308609,0.661545,0.494756,-0.471525,0.00984622,0.373749,0.17387,0.643114,0.305419,0.525363,-0.465959,33.80903655476947,9.816746904139352,-46.04180208729325,1.1559839420057205,-8.511214237601706,4.457380055440795
16.004753351211548,-1.13776,0.106364,-1.05164,0.283927,0.722436,-0.0887731,0.138763,0.410204,0.556269,0.308609,0.661545,0.494756,-0.471525,0.00984622,0.373749,0.17387,0.643114,0.305419,0.525363,-0.465959,33.80903655476947,9.816746904139352,-46.04180208729325,1.1559839420057205,-8.511214237601706,4.457380055440795
16.020501613616943,-0.540981,0.367496,-0.889088,0.263002,0.622979,-0.00741741,0.138879,0.410122,0.556313,0.308312,0.661785,0.494741,-0.471397,0.0111145,0.373967,0.173363,0.642464,0.310015,0.521767,-0.467856,33.78262644639217,10.096273463238248,-45.60225317545229,0.2841416108318331,-9.758408544199066,4.565064680364134
16.02144479751587,-0.540981,0.367496,-0.889088,0.263002,0.622979,-0.00741741,0.138879,0.410122,0.556313,0.308312,0.661785,0.494741,-0.471397,0.0111145,0.373967,0.173363,0.642464,0.310015,0.521767,-0.467856,33.78262644639217,10.096273463238248,-45.60225317545229,0.2841416108318331,-9.758408544199066,4.565064680364134
16.053860664367676,-0.987758,-0.273278,-0.737898,0.13233,0.666937,-0.123745,0.138884,0.410145,0.556295,0.308488,0.661708,0.493979,-0.47219,0.0159806,0.375467,0.172314,0.634837,0.318603,0.515129,-0.479704,33.945550954369494,9.815837823973656,-43.49623743137771,0.43239780623487567,-9.18880148319837,5.541315824779439
16.054805755615234,-0.987758,-0.273278,-0.737898,0.13233,0.666937,-0.123745,0.138884,0.410145,0.556295,0.308488,0.661708,0.493979,-0.47219,0.0159806,0.375467,0.172314,0.634837,0.318603,0.515129,-0.479704,33.945550954369494,9.815837823973656,-43.49623743137771,0.43239780623487567,-9.18880148319837,5.541315824779439
16.070463180541992,-1.34462,0.0152609,-0.698703,0.159629,0.70075,-0.0795487,0.138885,0.410155,0.556224,0.307936,0.662194,0.494328,-0.471503,0.0185951,0.375928,0.171643,0.632111,0.329972,0.508171,-0.483029,33.70765182203076,10.327638069521257,-42.3567996038057,-2.3990310960351415,-12.00753221954297,5.904829036800607
16.071409225463867,-1.34462,0.0152609,-0.698703,0.159629,0.70075,-0.0795487,0.138885,0.410155,0.556224,0.307936,0.662194,0.494328,-0.471503,0.0185951,0.375928,0.171643,0.632111,0.329972,0.508171,-0.483029,33.70765182203076,10.327638069521257,-42.3567996038057,-2.3990310960351415,-12.00753221954297,5.904829036800607
16.087120294570923,-1.02269,0.125517,-0.894366,0.154678,0.706406,-0.0392934,0.138915,0.410099,0.556265,0.307553,0.662039,0.494351,-0.471946,0.0215957,0.375876,0.171221,0.624485,0.327295,0.495126,-0.507687,35.983698028386065,9.518116491532215,-39.71218839846133,1.225642930143938,-13.43473638304882,1.7917243475505389
16.08807134628296,-1.02269,0.125517,-0.894366,0.154678,0.706406,-0.0392934,0.138915,0.410099,0.556265,0.307553,0.662039,0.494351,-0.471946,0.0215957,0.375876,0.171221,0.624485,0.327295,0.495126,-0.507687,35.983698028386065,9.518116491532215,-39.71218839846133,1.225642930143938,-13.43473638304882,1.7917243475505389
16.103789806365967,-1.37972,-0.386549,-0.76581,0.0931299,0.721893,-0.144074,0.138884,0.410121,0.556293,0.307991,0.661775,0.494562,-0.471809,0.0223303,0.375808,0.170856,0.624718,0.327822,0.495105,-0.507081,35.89375157273538,9.55426009974444,-39.68300139226794,1.2512833967575197,-12.981386856473128,2.32368957274549
16.10473084449768,-1.37972,-0.386549,-0.76581,0.0931299,0.721893,-0.144074,0.138884,0.410121,0.556293,0.307991,0.661775,0.494562,-0.471809,0.0223303,0.375808,0.170856,0.624718,0.327822,0.495105,-0.507081,35.89375157273538,9.55426009974444,-39.68300139226794,1.2512833967575197,-12.981386856473128,2.32368957274549
16.12043809890747,-1.16741,-0.0502918,-0.904736,0.127747,0.723983,-0.0596581,0.138798,0.4102,0.556332,0.308581,0.661696,0.494077,-0.472043,0.0242973,0.375957,0.169847,0.632913,0.330201,0.498708,-0.491608,34.66457807300169,10.664744642784065,-41.65384742106187,0.6732345062964729,-10.20218364916112,4.866378584083757
16.121400117874146,-1.16741,-0.0502918,-0.904736,0.127747,0.723983,-0.0596581,0.138798,0.4102,0.556332,0.308581,0.661696,0.494077,-0.472043,0.0242973,0.375957,0.169847,0.632913,0.330201,0.498708,-0.491608,34.66457807300169,10.664744642784065,-41.65384742106187,0.6732345062964729,-10.20218364916112,4.866378584083757
16.15393900871277,-0.823042,-0.493332,-0.94393,0.0747769,0.708267,-0.117152,0.138876,0.410127,0.556298,0.307947,0.661784,0.494566,-0.471821,0.0278515,0.376263,0.168969,0.619581,0.33605,0.491423,-0.511559,35.61208548544523,9.51976205500748,-38.37434791945766,0.24730327017728304,-10.607929952905092,5.040305771881407
16.15489888191223,-0.823042,-0.493332,-0.94393,0.0747769,0.708267,-0.117152,0.138876,0.410127,0.556298,0.307947,0.661784,0.494566,-0.471821,0.0278515,0.376263,0.168969,0.619581,0.33605,0.491423,-0.511559,35.61208548544523,9.51976205500748,-38.37434791945766,0.24730327017728304,-10.607929952905092,5.040305771881407
16.170748710632324,-0.892534,-0.17433,-0.973623,0.122071,0.72963,-0.0580638,0.13889,0.41012,0.556234,0.307856,0.661925,0.494708,-0.471534,0.030834,0.376289,0.168284,0.616158,0.342609,0.485114,-0.517333,35.768585591027865,9.641269314593057,-37.18644907546591,-0.6693636058006085,-11.734578994805515,5.09325126663188
16.17169952392578,-0.892534,-0.17433,-0.973623,0.122071,0.72963,-0.0580638,0.13889,0.41012,0.556234,0.307856,0.661925,0.494708,-0.471534,0.030834,0.376289,0.168284,0.616158,0.342609,0.485114,-0.517333,35.768585591027865,9.641269314593057,-37.18644907546591,-0.6693636058006085,-11.734578994805515,5.09325126663188
16.18707013130188,-1.30727,-0.0598633,-0.889771,0.12107,0.739429,-0.059127,0.138848,0.410176,0.556235,0.307968,0.661978,0.49454,-0.471563,0.0361368,0.376281,0.167005,0.609894,0.348672,0.475501,-0.529486,36.402819002286684,9.44333796131522,-35.188176060557005,-0.220784507118988,-11.53191755079827,4.933581833003999
16.18801712989807,-1.30727,-0.0598633,-0.889771,0.12107,0.739429,-0.059127,0.138848,0.410176,0.556235,0.307968,0.661978,0.49454,-0.471563,0.0361368,0.376281,0.167005,0.609894,0.348672,0.475501,-0.529486,36.402819002286684,9.44333796131522,-35.188176060557005,-0.220784507118988,-11.53191755079827,4.933581833003999
16.2041277885437,-1.23272,-0.173728,-0.736769,0.0904829,0.703381,-0.0896939,0.138841,0.410167,0.556281,0.308462,0.661636,0.493823,-0.47247,0.0380461,0.376052,0.16641,0.611044,0.35088,0.470895,-0.530816,36.473984138426545,9.867356506567795,-35.10093239467832,0.5928401347737483,-11.776640663497234,4.827363096549318
16.205078840255737,-1.23272,-0.173728,-0.736769,0.0904829,0.703381,-0.0896939,0.138841,0.410167,0.556281,0.308462,0.661636,0.493823,-0.47247,0.0380461,0.376052,0.16641,0.611044,0.35088,0.470895,-0.530816,36.473984138426545,9.867356506567795,-35.10093239467832,0.5928401347737483,-11.776640663497234,4.827363096549318
16.2204909324646,-1.10312,-0.271483,-0.67252,0.0581985,0.666032,-0.108808,0.138856,0.410155,0.556315,0.307957,0.661597,0.494861,-0.471767,0.0415427,0.375772,0.165656,0.607177,0.35344,0.465515,-0.538249,37.06344099936122,9.667619918477845,-33.863206318707945,0.5795224026369389,-11.067315855108616,4.453132207089669
16.22143316268921,-1.10312,-0.271483,-0.67252,0.0581985,0.666032,-0.108808,0.138856,0.410155,0.556315,0.307957,0.661597,0.494861,-0.471767,0.0415427,0.375772,0.165656,0.607177,0.35344,0.465515,-0.538249,37.06344099936122,9.667619918477845,-33.863206318707945,0.5795224026369389,-11.067315855108616,4.453132207089669
16.254061222076416,-1.02849,-0.419959,-0.724513,0.0221587,0.674127,-0.13377,0.138796,0.410182,0.556224,0.308055,0.661862,0.494745,-0.471453,0.0486747,0.374633,0.163914,0.598533,0.360738,0.450449,-0.555627,38.18645667737922,9.336986585127692,-31.02906747862647,1.031917131304895,-11.346463618996191,3.5564592946730214
16.25502347946167,-1.02849,-0.419959,-0.724513,0.0221587,0.674127,-0.13377,0.138796,0.410182,0.556224,0.308055,0.661862,0.494745,-0.471453,0.0486747,0.374633,0.163914,0.598533,0.360738,0.450449,-0.555627,38.18645667737922,9.336986585127692,-31.02906747862647,1.031917131304895,-11.346463618996191,3.5564592946730214
16.270405292510986,-1.19923,-0.378543,-0.836709,0.0247221,0.719553,-0.13758,0.138803,0.410183,0.556215,0.307902,0.661912,0.494567,-0.471671,0.0526051,0.374,0.162845,0.59308,0.366001,0.442365,-0.564458,38.606562010508604,9.208245156559807,-29.437787200498857,1.02179656601747,-11.47631566004693,3.7359632986360602
16.271345138549805,-1.19923,-0.378543,-0.836709,0.0247221,0.719553,-0.13758,0.138803,0.410183,0.556215,0.307902,0.661912,0.494567,-0.471671,0.0526051,0.374,0.162845,0.59308,0.366001,0.442365,-0.564458,38.606562010508604,9.208245156559807,-29.437787200498857,1.02179656601747,-11.47631566004693,3.7359632986360602
16.28731369972229,-1.10851,-0.413318,-0.930068,0.00809614,0.716842,-0.152417,0.138833,0.410159,0.556284,0.307997,0.661737,0.494529,-0.471893,0.058958,0.372268,0.16121,0.588031,0.367697,0.427942,-0.579555,40.019617362566336,8.960783732436907,-27.374681155036164,3.152759920546621,-10.63337850951698,1.9165952348469526
16.288264751434326,-1.10851,-0.413318,-0.930068,0.00809614,0.716842,-0.152417,0.138833,0.410159,0.556284,0.307997,0.661737,0.494529,-0.471893,0.058958,0.372268,0.16121,0.588031,0.367697,0.427942,-0.579555,40.019617362566336,8.960783732436907,-27.374681155036164,3.152759920546621,-10.63337850951698,1.9165952348469526
16.303815126419067,-0.972434,-0.418224,-0.87382,0.000580888,0.688726,-0.151803,0.138818,0.41017,0.556291,0.308207,0.661666,0.494688,-0.471689,0.0611593,0.371686,0.160705,0.585309,0.369714,0.423652,-0.584161,40.30446216056617,8.816495982457113,-26.49694740729565,3.2333857147171887,-10.546156563828314,1.8189428731377573
16.304776906967163,-0.972434,-0.418224,-0.87382,0.000580888,0.688726,-0.151803,0.138818,0.41017,0.556291,0.308207,0.661666,0.494688,-0.471689,0.0611593,0.371686,0.160705,0.585309,0.369714,0.423652,-0.584161,40.30446216056617,8.816495982457113,-26.49694740729565,3.2333857147171887,-10.546156563828314,1.8189428731377573
16.32077956199646,-1.1222,-0.442659,-0.870872,-0.0148023,0.715851,-0.171952,0.138791,0.410187,0.556275,0.308212,0.661572,0.49475,-0.471753,0.0652909,0.370463,0.159397,0.574455,0.377895,0.416808,-0.594531,40.30824051013043,8.21843769797382,-23.97095467799344,1.7199781152858011,-10.496891282885779,3.881319948848879
16.32172966003418,-1.1222,-0.442659,-0.870872,-0.0148023,0.715851,-0.171952,0.138791,0.410187,0.556275,0.308212,0.661572,0.49475,-0.471753,0.0652909,0.370463,0.159397,0.574455,0.377895,0.416808,-0.594531,40.30824051013043,8.21843769797382,-23.97095467799344,1.7199781152858011,-10.496891282885779,3.881319948848879
16.36317205429077,-1.28392,-1.01269,-1.23589,-0.128763,0.819978,-0.294389,0.138836,0.410149,0.556263,0.308143,0.661661,0.494495,-0.47194,0.0735396,0.367131,0.156812,0.561007,0.385041,0.399618,-0.614264,41.39894358331958,7.412044471094913,-20.240570888056112,1.915795617651416,-9.413378363714891,4.403256201445403
16.365039348602295,-1.28392,-1.01269,-1.23589,-0.128763,0.819978,-0.294389,0.138836,0.410149,0.556263,0.308143,0.661661,0.494495,-0.47194,0.0735396,0.367131,0.156812,0.561007,0.385041,0.399618,-0.614264,41.39894358331958,7.412044471094913,-20.240570888056112,1.915795617651416,-9.413378363714891,4.403256201445403
16.382505655288696,-1.21846,-1.00729,-1.00586,-0.125437,0.760373,-0.294703,0.13891,0.410127,0.556311,0.307381,0.661987,0.494539,-0.471934,0.080105,0.363306,0.154404,0.551547,0.384957,0.380083,-0.634934,43.39591753084704,6.579506420898722,-17.021126783104997,4.076576710315289,-8.542789192640111,2.116523963288606
16.383638858795166,-1.21846,-1.00729,-1.00586,-0.125437,0.760373,-0.294703,0.13891,0.410127,0.556311,0.307381,0.661987,0.494539,-0.471934,0.080105,0.363306,0.154404,0.551547,0.384957,0.380083,-0.634934,43.39591753084704,6.579506420898722,-17.021126783104997,4.076576710315289,-8.542789192640111,2.116523963288606
16.403831243515015,-1.14793,-0.502752,-0.953532,-0.0825115,0.749272,-0.204425,0.13886,0.410164,0.556254,0.307758,0.661693,0.495045,-0.47157,0.0830166,0.361208,0.153156,0.548089,0.38648,0.368903,-0.643539,44.30773373056821,6.392113980612965,-15.45357905196987,5.063040525202622,-9.737012877551374,1.0390591318291378
16.40480947494507,-1.14793,-0.502752,-0.953532,-0.0825115,0.749272,-0.204425,0.13886,0.410164,0.556254,0.307758,0.661693,0.495045,-0.47157,0.0830166,0.361208,0.153156,0.548089,0.38648,0.368903,-0.643539,44.30773373056821,6.392113980612965,-15.45357905196987,5.063040525202622,-9.737012877551374,1.0390591318291378
16.437222003936768,-1.27725,-0.859235,-0.678736,-0.15356,0.711796,-0.293825,0.138853,0.410144,0.556207,0.307833,0.661896,0.494505,-0.471803,0.087949,0.357136,0.15078,0.539509,0.389206,0.354626,-0.657031,45.2942373856077,5.771649163589021,-12.840030705126397,5.437367901002099,-9.264918691197654,1.413998171536237
16.43816900253296,-1.27725,-0.859235,-0.678736,-0.15356,0.711796,-0.293825,0.138853,0.410144,0.556207,0.307833,0.661896,0.494505,-0.471803,0.087949,0.357136,0.15078,0.539509,0.389206,0.354626,-0.657031,45.2942373856077,5.771649163589021,-12.840030705126397,5.437367901002099,-9.264918691197654,1.413998171536237
16.454606294631958,-1.44276,-0.620311,-0.742852,-0.132251,0.735171,-0.24789,0.138834,0.410156,0.556226,0.307957,0.661893,0.494714,-0.471507,0.0883643,0.35659,0.150356,0.539098,0.389077,0.354872,-0.657312,45.301324951816056,5.676674749769585,-12.714865177247058,5.026467652561549,-8.726815533650713,2.0178753044197983
16.455629348754883,-1.44276,-0.620311,-0.742852,-0.132251,0.735171,-0.24789,0.138834,0.410156,0.556226,0.307957,0.661893,0.494714,-0.471507,0.0883643,0.35659,0.150356,0.539098,0.389077,0.354872,-0.657312,45.301324951816056,5.676674749769585,-12.714865177247058,5.026467652561549,-8.726815533650713,2.0178753044197983
16.470782041549683,-1.48956,-0.900183,-0.668044,-0.169688,0.718235,-0.305051,0.138766,0.410176,0.556246,0.307848,0.662039,0.495071,-0.470997,0.0888351,0.355157,0.149637,0.53901,0.386672,0.351519,-0.660597,45.90137834200379,5.471109588963535,-12.321719457163104,5.257520340869522,-8.472800368541831,1.450925775911763
16.47173285484314,-1.48956,-0.900183,-0.668044,-0.169688,0.718235,-0.305051,0.138766,0.410176,0.556246,0.307848,0.662039,0.495071,-0.470997,0.0888351,0.355157,0.149637,0.53901,0.386672,0.351519,-0.660597,45.90137834200379,5.471109588963535,-12.321719457163104,5.257520340869522,-8.472800368541831,1.450925775911763
16.48712944984436,-1.44301,-0.781927,-0.750675,-0.157218,0.716887,-0.284356,0.138771,0.410219,0.556192,0.307342,0.662065,0.495149,-0.471209,0.0888517,0.354547,0.149161,0.537638,0.387564,0.352337,-0.660755,45.759237625773494,5.4283646006051045,-12.196303785055832,4.2367877744861655,-7.992023006709183,2.628405718873914
16.488094329833984,-1.44301,-0.781927,-0.750675,-0.157218,0.716887,-0.284356,0.138771,0.410219,0.556192,0.307342,0.662065,0.495149,-0.471209,0.0888517,0.354547,0.149161,0.537638,0.387564,0.352337,-0.660755,45.759237625773494,5.4283646006051045,-12.196303785055832,4.2367877744861655,-7.992023006709183,2.628405718873914
16.504286766052246,-1.16847,-0.858774,-0.682692,-0.165333,0.670009,-0.295768,0.13878,0.410164,0.55619,0.30736,0.662009,0.495002,-0.471431,0.0888013,0.354184,0.149065,0.537762,0.387095,0.351683,-0.661279,45.83987904560197,5.427876109698521,-12.181822978977479,4.377089618962105,-7.995139661864334,2.5487632839068173
16.505250930786133,-1.16847,-0.858774,-0.682692,-0.165333,0.670009,-0.295768,0.13878,0.410164,0.55619,0.30736,0.662009,0.495002,-0.471431,0.0888013,0.354184,0.149065,0.537762,0.387095,0.351683,-0.661279,45.83987904560197,5.427876109698521,-12.181822978977479,4.377089618962105,-7.995139661864334,2.5487632839068173
16.521913051605225,-1.18883,-0.861368,-0.630936,-0.155975,0.654525,-0.300067,0.138828,0.410165,0.55618,0.307432,0.661915,0.494707,-0.471824,0.0884287,0.353517,0.14859,0.539184,0.386246,0.350791,-0.66109,45.96438254475848,5.563798712196499,-12.424367629929076,4.58048377869588,-8.255106141543672,2.781780864257709
16.522863388061523,-1.18883,-0.861368,-0.630936,-0.155975,0.654525,-0.300067,0.138828,0.410165,0.55618,0.307432,0.661915,0.494707,-0.471824,0.0884287,0.353517,0.14859,0.539184,0.386246,0.350791,-0.66109,45.96438254475848,5.563798712196499,-12.424367629929076,4.58048377869588,-8.255106141543672,2.781780864257709
16.554117441177368,-1.64029,-0.714739,-0.422251,-0.118882,0.635557,-0.275593,0.138796,0.410192,0.55624,0.307906,0.661864,0.494807,-0.471483,0.0868134,0.352197,0.147958,0.544804,0.379925,0.351844,-0.659584,46.49795886935751,5.63734180247215,-13.35092411876367,5.0566704731715415,-7.865676631313495,2.2937796561033563
16.55507254600525,-1.64029,-0.714739,-0.422251,-0.118882,0.635557,-0.275593,0.138796,0.410192,0.55624,0.307906,0.661864,0.494807,-0.471483,0.0868134,0.352197,0.147958,0.544804,0.379925,0.351844,-0.659584,46.49795886935751,5.63734180247215,-13.35092411876367,5.0566704731715415,-7.865676631313495,2.2937796561033563
16.57098650932312,-1.63427,-0.524183,-0.466927,-0.0768554,0.621026,-0.242161,0.138786,0.410203,0.556228,0.307949,0.661816,0.494856,-0.47147,0.0855567,0.351796,0.147742,0.546812,0.37876,0.354857,-0.656973,46.34220362314325,5.744602052263174,-13.930316022738545,4.264023923466874,-7.7743689396002225,3.185422324956405
16.572004079818726,-1.63427,-0.524183,-0.466927,-0.0768554,0.621026,-0.242161,0.138786,0.410203,0.556228,0.307949,0.661816,0.494856,-0.47147,0.0855567,0.351796,0.147742,0.546812,0.37876,0.354857,-0.656973,46.34220362314325,5.744602052263174,-13.930316022738545,4.264023923466874,-7.7743689396002225,3.185422324956405
16.586981773376465,-1.48958,-0.434318,-0.48621,-0.0686696,0.594045,-0.229868,0.138815,0.410154,0.55619,0.307526,0.66225,0.495036,-0.470948,0.0828647,0.350802,0.147389,0.555711,0.369318,0.357027,-0.653698,47.17301928025367,6.018035519776301,-15.669201291687042,5.0782347509015295,-7.269316088859621,1.4889835360218215
16.58792805671692,-1.48958,-0.434318,-0.48621,-0.0686696,0.594045,-0.229868,0.138815,0.410154,0.55619,0.307526,0.66225,0.495036,-0.470948,0.0828647,0.350802,0.147389,0.555711,0.369318,0.357027,-0.653698,47.17301928025367,6.018035519776301,-15.669201291687042,5.0782347509015295,-7.269316088859621,1.4889835360218215
16.603763580322266,-1.52331,-0.243654,-0.454914,-0.0500099,0.592745,-0.188362,0.138818,0.410207,0.556162,0.307251,0.662078,0.494861,-0.471554,0.0818488,0.350578,0.14724,0.559688,0.3713,0.359009,-0.648072,46.771530082487324,6.71956202948403,-16.81243981398955,3.972415671381876,-8.113911407568374,2.8343949979493024
16.6047146320343,-1.52331,-0.243654,-0.454914,-0.0500099,0.592745,-0.188362,0.138818,0.410207,0.556162,0.307251,0.662078,0.494861,-0.471554,0.0818488,0.350578,0.14724,0.559688,0.3713,0.359009,-0.648072,46.771530082487324,6.71956202948403,-16.81243981398955,3.972415671381876,-8.113911407568374,2.8343949979493024
16.63709330558777,-1.6446,-0.466303,-0.13628,-0.0894598,0.521737,-0.207931,0.138714,0.41024,0.556168,0.307341,0.66191,0.495601,-0.470952,0.0750324,0.348945,0.146181,0.573637,0.355184,0.372842,-0.637004,47.08478280882339,6.962693059980418,-20.181120972831543,3.552655389082279,-5.933184927256037,3.7629129047562455
16.638049364089966,-1.6446,-0.466303,-0.13628,-0.0894598,0.521737,-0.207931,0.138714,0.41024,0.556168,0.307341,0.66191,0.495601,-0.470952,0.0750324,0.348945,0.146181,0.573637,0.355184,0.372842,-0.637004,47.08478280882339,6.962693059980418,-20.181120972831543,3.552655389082279,-5.933184927256037,3.7629129047562455
16.653788328170776,-1.55808,-0.394107,-0.0229027,-0.083951,0.487019,-0.196681,0.138706,0.410203,0.55618,0.307484,0.661789,0.49542,-0.471219,0.074005,0.348264,0.145809,0.576642,0.353664,0.370889,-0.636276,47.36441907309527,7.262865605321279,-20.68683141665151,4.1563213586907555,-7.2133165475462295,3.34993469204207
16.65475058555603,-1.55808,-0.394107,-0.0229027,-0.083951,0.487019,-0.196681,0.138706,0.410203,0.55618,0.307484,0.661789,0.49542,-0.471219,0.074005,0.348264,0.145809,0.576642,0.353664,0.370889,-0.636276,47.36441907309527,7.262865605321279,-20.68683141665151,4.1563213586907555,-7.2133165475462295,3.34993469204207
16.670506477355957,-2.05879,-0.251341,0.328893,-0.0727648,0.465571,-0.194356,0.138742,0.410207,0.556092,0.307644,0.66159,0.495346,-0.471473,0.0723102,0.347299,0.144834,0.57831,0.355621,0.375736,-0.630803,46.66257421696548,7.575221079052248,-21.417194868991615,1.983823486643118,-7.63824606676189,6.576850575703812
16.671451568603516,-2.05879,-0.251341,0.328893,-0.0727648,0.465571,-0.194356,0.138742,0.410207,0.556092,0.307644,0.66159,0.495346,-0.471473,0.0723102,0.347299,0.144834,0.57831,0.355621,0.375736,-0.630803,46.66257421696548,7.575221079052248,-21.417194868991615,1.983823486643118,-7.63824606676189,6.576850575703812
16.687016248703003,-2.26591,-0.426512,0.682959,-0.118111,0.408427,-0.232846,0.138748,0.410165,0.555942,0.30778,0.661577,0.494561,-0.472225,0.0698309,0.345116,0.143572,0.582043,0.349113,0.377284,-0.630082,47.03391648452563,7.575480302155955,-22.283040571162793,2.2624876662409363,-7.174629975811515,7.262485049084693
16.68796467781067,-2.26591,-0.426512,0.682959,-0.118111,0.408427,-0.232846,0.138748,0.410165,0.555942,0.30778,0.661577,0.494561,-0.472225,0.0698309,0.345116,0.143572,0.582043,0.349113,0.377284,-0.630082,47.03391648452563,7.575480302155955,-22.283040571162793,2.2624876662409363,-7.174629975811515,7.262485049084693
16.70387554168701,-2.16304,-0.50189,0.766267,-0.133849,0.374405,-0.244105,0.138745,0.41016,0.555886,0.308302,0.661657,0.494261,-0.472087,0.0690121,0.344451,0.143121,0.583351,0.347199,0.377295,-0.629923,47.17135207148948,7.541816592872886,-22.484557811445974,2.504071524209529,-7.591124819005858,7.3728448901248544
16.7048282623291,-2.16304,-0.50189,0.766267,-0.133849,0.374405,-0.244105,0.138745,0.41016,0.555886,0.308302,0.661657,0.494261,-0.472087,0.0690121,0.344451,0.143121,0.583351,0.347199,0.377295,-0.629923,47.17135207148948,7.541816592872886,-22.484557811445974,2.504071524209529,-7.591124819005858,7.3728448901248544
16.73728895187378,-2.50313,-0.57642,0.871769,-0.126323,0.350935,-0.309612,0.13877,0.410093,0.555536,0.308598,0.661141,0.493868,-0.473026,0.0654578,0.340574,0.142007,0.587713,0.335939,0.378126,-0.631474,48.04615239771581,7.311952970682109,-23.30751465118675,2.8554949665468174,-6.958405968714111,7.060846156380805
16.73824191093445,-2.50313,-0.57642,0.871769,-0.126323,0.350935,-0.309612,0.13877,0.410093,0.555536,0.308598,0.661141,0.493868,-0.473026,0.0654578,0.340574,0.142007,0.587713,0.335939,0.378126,-0.631474,48.04615239771581,7.311952970682109,-23.30751465118675,2.8554949665468174,-6.958405968714111,7.060846156380805
16.75371789932251,-2.69775,-0.493634,1.01023,-0.112984,0.354794,-0.295637,0.138782,0.41008,0.555511,0.308669,0.66107,0.49384,-0.473109,0.0643473,0.340153,0.141951,0.587091,0.335609,0.379966,-0.631124,47.894099507675406,7.185552654727464,-23.27595377080532,2.1484143489640206,-7.188959492474006,7.818577818301818
16.75467562675476,-2.69775,-0.493634,1.01023,-0.112984,0.354794,-0.295637,0.138782,0.41008,0.555511,0.308669,0.66107,0.49384,-0.473109,0.0643473,0.340153,0.141951,0.587091,0.335609,0.379966,-0.631124,47.894099507675406,7.185552654727464,-23.27595377080532,2.1484143489640206,-7.188959492474006,7.818577818301818
16.77051544189453,-2.75118,-0.541618,0.936913,-0.0990141,0.371491,-0.286735,0.138745,0.410077,0.55554,0.308531,0.661206,0.494219,-0.472612,0.0613045,0.339083,0.142204,0.592392,0.330953,0.382067,-0.627349,48.16950843090962,7.474589273364326,-24.478504746495997,1.6078083551397433,-8.530317251141138,7.24351161913456
16.77147078514099,-2.75118,-0.541618,0.936913,-0.0990141,0.371491,-0.286735,0.138745,0.410077,0.55554,0.308531,0.661206,0.494219,-0.472612,0.0613045,0.339083,0.142204,0.592392,0.330953,0.382067,-0.627349,48.16950843090962,7.474589273364326,-24.478504746495997,1.6078083551397433,-8.530317251141138,7.24351161913456
16.787029266357422,-2.65649,-0.462535,0.82445,-0.075487,0.379392,-0.258789,0.138655,0.410162,0.555631,0.30839,0.661442,0.494233,-0.47236,0.0547034,0.337877,0.143125,0.601913,0.320684,0.391606,-0.617663,48.186831532757196,7.846293005623117,-27.106094877175398,0.586098650045134,-9.334250211778308,6.963124616163108
16.7879798412323,-2.65649,-0.462535,0.82445,-0.075487,0.379392,-0.258789,0.138655,0.410162,0.555631,0.30839,0.661442,0.494233,-0.47236,0.0547034,0.337877,0.143125,0.601913,0.320684,0.391606,-0.617663,48.186831532757196,7.846293005623117,-27.106094877175398,0.586098650045134,-9.334250211778308,6.963124616163108
16.80433440208435,-2.50773,-0.202283,0.778001,-0.0370827,0.374198,-0.193418,0.138617,0.410189,0.555687,0.308148,0.661182,0.494499,-0.472604,0.0522275,0.337054,0.143859,0.609928,0.306875,0.390976,-0.617214,49.5029983832634,8.010032943874325,-28.76526306452247,3.8485072828117817,-8.561832526394891,2.7452337452411726
16.805295705795288,-2.50773,-0.202283,0.778001,-0.0370827,0.374198,-0.193418,0.138617,0.410189,0.555687,0.308148,0.661182,0.494499,-0.472604,0.0522275,0.337054,0.143859,0.609928,0.306875,0.390976,-0.617214,49.5029983832634,8.010032943874325,-28.76526306452247,3.8485072828117817,-8.561832526394891,2.7452337452411726
16.837681770324707,-2.36387,-0.0918074,0.611547,0.0160213,0.371763,-0.138213,0.1387,0.410184,0.555862,0.308382,0.66154,0.494565,-0.47188,0.0416288,0.335814,0.14609,0.62403,0.298783,0.413515,-0.591879,47.83597477575863,8.970604705741334,-33.35239726922488,-1.0053215354554794,-10.38475633238609,5.602980479113321
16.83870005607605,-2.36387,-0.0918074,0.611547,0.0160213,0.371763,-0.138213,0.1387,0.410184,0.555862,0.308382,0.66154,0.494565,-0.47188,0.0416288,0.335814,0.14609,0.62403,0.298783,0.413515,-0.591879,47.83597477575863,8.970604705741334,-33.35239726922488,-1.0053215354554794,-10.38475633238609,5.602980479113321
16.87033200263977,-2.72672,0.184051,0.625525,0.0785256,0.414404,-0.111865,0.138728,0.410161,0.555784,0.308842,0.661152,0.493907,-0.472812,0.0370241,0.334748,0.147245,0.632544,0.290609,0.420746,-0.581728,47.55508635372363,9.540189080236004,-35.80461641995071,-0.8945498389294291,-10.643758752611351,4.940060756408486
16.871275901794434,-2.72672,0.184051,0.625525,0.0785256,0.414404,-0.111865,0.138728,0.410161,0.555784,0.308842,0.661152,0.493907,-0.472812,0.0370241,0.334748,0.147245,0.632544,0.290609,0.420746,-0.581728,47.55508635372363,9.540189080236004,-35.80461641995071,-0.8945498389294291,-10.643758752611351,4.940060756408486
16.903984785079956,-2.59196,0.247648,0.581378,0.0713172,0.393417,-0.104269,0.138712,0.410109,0.555764,0.308919,0.660965,0.494301,-0.47261,0.0315674,0.333785,0.148466,0.639861,0.284359,0.432551,-0.567995,46.75672174941974,9.956664927313742,-38.2001928608758,-2.7817717917021216,-10.788277999242796,5.895517236848213
16.90494465827942,-2.59196,0.247648,0.581378,0.0713172,0.393417,-0.104269,0.138712,0.410109,0.555764,0.308919,0.660965,0.494301,-0.47261,0.0315674,0.333785,0.148466,0.639861,0.284359,0.432551,-0.567995,46.75672174941974,9.956664927313742,-38.2001928608758,-2.7817717917021216,-10.788277999242796,5.895517236848213
16.920454263687134,-2.67271,0.0423276,0.734784,0.0348445,0.351603,-0.150026,0.138679,0.410149,0.555803,0.308957,0.661234,0.494456,-0.472047,0.0291078,0.333403,0.149022,0.643788,0.277234,0.438022,-0.562863,46.82868385707788,9.927188202590633,-39.45728084921759,-2.308588661710653,-9.899477970010688,5.369028375215279
16.921407461166382,-2.67271,0.0423276,0.734784,0.0348445,0.351603,-0.150026,0.138679,0.410149,0.555803,0.308957,0.661234,0.494456,-0.472047,0.0291078,0.333403,0.149022,0.643788,0.277234,0.438022,-0.562863,46.82868385707788,9.927188202590633,-39.45728084921759,-2.308588661710653,-9.899477970010688,5.369028375215279
16.937034130096436,-2.50928,0.0288088,1.00732,0.0413493,0.275165,-0.174913,0.138577,0.410265,0.555738,0.307992,0.661392,0.494115,-0.472812,0.0258517,0.332796,0.149741,0.646888,0.272004,0.442827,-0.558081,46.74853588304977,10.101417092644173,-40.72444846041815,-2.640371778080718,-9.497141849013014,5.184542659484669
16.937981128692627,-2.50928,0.0288088,1.00732,0.0413493,0.275165,-0.174913,0.138577,0.410265,0.555738,0.307992,0.661392,0.494115,-0.472812,0.0258517,0.332796,0.149741,0.646888,0.272004,0.442827,-0.558081,46.74853588304977,10.101417092644173,-40.72444846041815,-2.640371778080718,-9.497141849013014,5.184542659484669
16.953869342803955,-2.83046,0.549423,1.28757,0.103211,0.266493,-0.0952641,0.13856,0.410203,0.555706,0.308439,0.6613,0.494106,-0.472659,0.0248992,0.332665,0.149957,0.648464,0.269851,0.445303,-0.55532,46.618994157292,10.108757015174609,-41.20027083771859,-2.4254561544490274,-9.329353286082155,5.179024560704184
16.95481586456299,-2.83046,0.549423,1.28757,0.103211,0.266493,-0.0952641,0.13856,0.410203,0.555706,0.308439,0.6613,0.494106,-0.472659,0.0248992,0.332665,0.149957,0.648464,0.269851,0.445303,-0.55532,46.618994157292,10.108757015174609,-41.20027083771859,-2.4254561544490274,-9.329353286082155,5.179024560704184
16.970677137374878,-2.81046,0.565348,0.93795,0.11392,0.29643,-0.130212,0.138548,0.410203,0.555614,0.308078,0.661223,0.494339,-0.472759,0.0218098,0.332124,0.150771,0.651475,0.266067,0.451899,-0.548248,46.206103158489476,10.240428476057277,-42.397986457089644,-3.4160603053542067,-9.085557347356152,5.584297127932678
16.971619367599487,-2.81046,0.565348,0.93795,0.11392,0.29643,-0.130212,0.138548,0.410203,0.555614,0.308078,0.661223,0.494339,-0.472759,0.0218098,0.332124,0.150771,0.651475,0.266067,0.451899,-0.548248,46.206103158489476,10.240428476057277,-42.397986457089644,-3.4160603053542067,-9.085557347356152,5.584297127932678
17.003785133361816,-2.56934,0.767632,0.932841,0.143461,0.274347,-0.162752,0.138655,0.410136,0.555717,0.30932,0.661003,0.494031,-0.472577,0.0217887,0.332251,0.150913,0.661578,0.263151,0.454603,-0.535166,45.636191607276324,11.329143465296719,-44.79492150717116,-2.2021168571468475,-8.984791246527035,4.966685742806968
17.00472855567932,-2.56934,0.767632,0.932841,0.143461,0.274347,-0.162752,0.138655,0.410136,0.555717,0.30932,0.661003,0.494031,-0.472577,0.0217887,0.332251,0.150913,0.661578,0.263151,0.454603,-0.535166,45.636191607276324,11.329143465296719,-44.79492150717116,-2.2021168571468475,-8.984791246527035,4.966685742806968
17.02034306526184,-2.94905,0.586138,1.23416,0.128227,0.240534,-0.223691,0.138647,0.410179,0.555775,0.30894,0.661029,0.494657,-0.472135,0.02174,0.332308,0.15081,0.661489,0.262182,0.455829,-0.534709,45.700129109302935,11.240472496247005,-44.84651789916248,-2.316621841410104,-8.375027932758476,5.193963420581981
17.02129077911377,-2.94905,0.586138,1.23416,0.128227,0.240534,-0.223691,0.138647,0.410179,0.555775,0.30894,0.661029,0.494657,-0.472135,0.02174,0.332308,0.15081,0.661489,0.262182,0.455829,-0.534709,45.700129109302935,11.240472496247005,-44.84651789916248,-2.316621841410104,-8.375027932758476,5.193963420581981
17.03709650039673,-2.76964,1.2778,1.36247,0.245238,0.176422,-0.127418,0.138581,0.410245,0.555698,0.308169,0.661587,0.494507,-0.472015,0.0206689,0.332192,0.151118,0.662961,0.260772,0.457293,-0.53232,45.684302234975426,11.380118511154798,-45.42913591334894,-2.8187016740512654,-8.38248414852895,4.885955430418387
17.038043975830078,-2.76964,1.2778,1.36247,0.245238,0.176422,-0.127418,0.138581,0.410245,0.555698,0.308169,0.661587,0.494507,-0.472015,0.0206689,0.332192,0.151118,0.662961,0.260772,0.457293,-0.53232,45.684302234975426,11.380118511154798,-45.42913591334894,-2.8187016740512654,-8.38248414852895,4.885955430418387
17.05385661125183,-3.0714,1.30669,1.29394,0.256723,0.220191,-0.154793,0.138575,0.410247,0.555673,0.308217,0.661584,0.494483,-0.472013,0.0204123,0.332256,0.151161,0.664283,0.259843,0.460413,-0.528422,45.36000892560715,11.455878414337375,-45.94768067148812,-2.9709801174706043,-7.36006782046641,5.5118976559572825
17.05480980873108,-3.0714,1.30669,1.29394,0.256723,0.220191,-0.154793,0.138575,0.410247,0.555673,0.308217,0.661584,0.494483,-0.472013,0.0204123,0.332256,0.151161,0.664283,0.259843,0.460413,-0.528422,45.36000892560715,11.455878414337375,-45.94768067148812,-2.9709801174706043,-7.36006782046641,5.5118976559572825
17.071072101593018,-2.71533,0.988981,1.63028,0.21124,0.0877722,-0.27006,0.138578,0.410222,0.555656,0.307991,0.661577,0.494428,-0.472226,0.0194986,0.332083,0.151289,0.664596,0.259539,0.459805,-0.528707,45.44249801955194,11.528193369950543,-46.028461706289434,-3.0292224200023856,-8.291029973123525,5.149571174109758
17.072030067443848,-2.71533,0.988981,1.63028,0.21124,0.0877722,-0.27006,0.138578,0.410222,0.555656,0.307991,0.661577,0.494428,-0.472226,0.0194986,0.332083,0.151289,0.664596,0.259539,0.459805,-0.528707,45.44249801955194,11.528193369950543,-46.028461706289434,-3.0292224200023856,-8.291029973123525,5.149571174109758
17.104062795639038,-2.48795,1.87069,1.40445,0.363337,0.102281,-0.14481,0.138519,0.41025,0.555638,0.308331,0.661221,0.494576,-0.472349,0.0181979,0.332269,0.151961,0.663286,0.256604,0.466061,-0.5263,45.08917860412279,11.067242044600166,-46.12530407800298,-3.0144004123683406,-6.45246146533388,5.999789001166786
17.105037689208984,-2.48795,1.87069,1.40445,0.363337,0.102281,-0.14481,0.138519,0.41025,0.555638,0.308331,0.661221,0.494576,-0.472349,0.0181979,0.332269,0.151961,0.663286,0.256604,0.466061,-0.5263,45.08917860412279,11.067242044600166,-46.12530407800298,-3.0144004123683406,-6.45246146533388,5.999789001166786
17.120498180389404,-2.8494,1.6191,1.18643,0.366929,0.194621,-0.245314,0.138426,0.410349,0.555621,0.3078,0.661613,0.494096,-0.472648,0.0169069,0.331748,0.152321,0.66582,0.253698,0.466073,-0.524496,45.2638643558978,11.317451493861169,-46.892911248235535,-2.848565972858041,-6.821160572798082,5.125333407456143
17.121440172195435,-2.8494,1.6191,1.18643,0.366929,0.194621,-0.245314,0.138426,0.410349,0.555621,0.3078,0.661613,0.494096,-0.472648,0.0169069,0.331748,0.152321,0.66582,0.253698,0.466073,-0.524496,45.2638643558978,11.317451493861169,-46.892911248235535,-2.848565972858041,-6.821160572798082,5.125333407456143
17.137033939361572,-2.71137,1.77269,1.39516,0.404119,0.127154,-0.249609,0.138347,0.410308,0.555659,0.307756,0.661746,0.494068,-0.47252,0.0154721,0.331534,0.15288,0.667395,0.256016,0.468618,-0.519073,44.65105445705449,11.606426636609932,-47.39336465463959,-4.659042426113732,-7.909533548581177,5.761551103045916
17.137977361679077,-2.71137,1.77269,1.39516,0.404119,0.127154,-0.249609,0.138347,0.410308,0.555659,0.307756,0.661746,0.494068,-0.47252,0.0154721,0.331534,0.15288,0.667395,0.256016,0.468618,-0.519073,44.65105445705449,11.606426636609932,-47.39336465463959,-4.659042426113732,-7.909533548581177,5.761551103045916
17.15442442893982,-2.60997,2.01188,1.25566,0.437153,0.128009,-0.211451,0.138364,0.410325,0.555695,0.307694,0.662057,0.494073,-0.47212,0.0149344,0.331352,0.153186,0.667511,0.249985,0.469552,-0.521015,45.22873944412708,11.250963435293622,-47.58768864195168,-3.0857386163281975,-6.856096059589756,4.6243986573242335
17.155375957489014,-2.60997,2.01188,1.25566,0.437153,0.128009,-0.211451,0.138364,0.410325,0.555695,0.307694,0.662057,0.494073,-0.47212,0.0149344,0.331352,0.153186,0.667511,0.249985,0.469552,-0.521015,45.22873944412708,11.250963435293622,-47.58768864195168,-3.0857386163281975,-6.856096059589756,4.6243986573242335
17.17046332359314,-2.66638,1.82433,1.37603,0.438741,0.101544,-0.290179,0.138333,0.41034,0.555741,0.30875,0.661151,0.494616,-0.472131,0.0140033,0.331161,0.15348,0.668525,0.249042,0.471346,-0.518541,44.9926115220794,11.256180600727198,-47.750432685004725,-2.9216823011490503,-7.352396622532131,4.810499272455146
17.171414375305176,-2.66638,1.82433,1.37603,0.438741,0.101544,-0.290179,0.138333,0.41034,0.555741,0.30875,0.661151,0.494616,-0.472131,0.0140033,0.331161,0.15348,0.668525,0.249042,0.471346,-0.518541,44.9926115220794,11.256180600727198,-47.750432685004725,-2.9216823011490503,-7.352396622532131,4.810499272455146
17.20409107208252,-2.47242,1.99059,1.3468,0.522496,0.0691104,-0.328247,0.138369,0.410368,0.555725,0.308957,0.661136,0.495007,-0.471605,0.0121327,0.330799,0.154322,0.671063,0.25025,0.474202,-0.512037,44.4262019425938,11.571010339439313,-48.42711991612586,-4.7766748619515695,-8.984042218751242,4.908850378697957
17.205044507980347,-2.47242,1.99059,1.3468,0.522496,0.0691104,-0.328247,0.138369,0.410368,0.555725,0.308957,0.661136,0.495007,-0.471605,0.0121327,0.330799,0.154322,0.671063,0.25025,0.474202,-0.512037,44.4262019425938,11.571010339439313,-48.42711991612586,-4.7766748619515695,-8.984042218751242,4.908850378697957
17.2210054397583,-2.32018,1.96723,1.38888,0.565874,0.0267823,-0.386102,0.138401,0.41034,0.55568,0.307949,0.661654,0.494641,-0.471923,0.0108969,0.330375,0.154856,0.668071,0.244202,0.475654,-0.517494,45.13628102868037,10.897453878209125,-48.13681205994973,-3.730591662503339,-7.5017108170810625,4.10065073807081
17.2219455242157,-2.32018,1.96723,1.38888,0.565874,0.0267823,-0.386102,0.138401,0.41034,0.55568,0.307949,0.661654,0.494641,-0.471923,0.0108969,0.330375,0.154856,0.668071,0.244202,0.475654,-0.517494,45.13628102868037,10.897453878209125,-48.13681205994973,-3.730591662503339,-7.5017108170810625,4.10065073807081
17.23709726333618,-2.22316,2.37274,1.61724,0.656625,-0.03694,-0.348071,0.138304,0.410397,0.555661,0.30836,0.661337,0.495121,-0.471595,0.00951505,0.329919,0.155148,0.670354,0.246356,0.477092,-0.51217,44.61271290613911,11.257124346055333,-48.60882442934371,-5.394557626362929,-9.197792415340025,4.561859272176289
17.23803973197937,-2.22316,2.37274,1.61724,0.656625,-0.03694,-0.348071,0.138304,0.410397,0.555661,0.30836,0.661337,0.495121,-0.471595,0.00951505,0.329919,0.155148,0.670354,0.246356,0.477092,-0.51217,44.61271290613911,11.257124346055333,-48.60882442934371,-5.394557626362929,-9.197792415340025,4.561859272176289
17.254148483276367,-2.89783,2.33382,1.46507,0.681479,0.0554179,-0.404717,0.138235,0.410428,0.555653,0.308682,0.661154,0.495316,-0.471437,0.00915598,0.329882,0.155294,0.670867,0.243666,0.477844,-0.512083,44.77732407070735,11.145545663432292,-48.760211012677125,-4.569318158302951,-8.83724386740932,4.122428029710806
17.25511598587036,-2.89783,2.33382,1.46507,0.681479,0.0554179,-0.404717,0.138235,0.410428,0.555653,0.308682,0.661154,0.495316,-0.471437,0.00915598,0.329882,0.155294,0.670867,0.243666,0.477844,-0.512083,44.77732407070735,11.145545663432292,-48.760211012677125,-4.569318158302951,-8.83724386740932,4.122428029710806
17.27045249938965,-2.49182,2.16008,1.68854,0.68344,-0.0257739,-0.471962,0.138124,0.410473,0.555652,0.309215,0.661256,0.495671,-0.47057,0.00849779,0.329778,0.155645,0.671008,0.243215,0.4818,-0.508393,44.40345824123688,10.960297724964406,-48.94536531987512,-5.4398431747346425,-8.304271306839372,4.8553374661633795
17.271392345428467,-2.49182,2.16008,1.68854,0.68344,-0.0257739,-0.471962,0.138124,0.410473,0.555652,0.309215,0.661256,0.495671,-0.47057,0.00849779,0.329778,0.155645,0.671008,0.243215,0.4818,-0.508393,44.40345824123688,10.960297724964406,-48.94536531987512,-5.4398431747346425,-8.304271306839372,4.8553374661633795
17.303972959518433,-2.32032,2.43382,1.43268,0.777261,-0.00900472,-0.472086,0.138077,0.410461,0.555677,0.309555,0.66076,0.495478,-0.471247,0.00726341,0.329671,0.156362,0.669852,0.240164,0.4837,-0.509562,44.487722663006245,10.645563899427545,-48.8586844571751,-4.604861134068955,-7.856281287263499,4.5450705829150415
17.304916858673096,-2.32032,2.43382,1.43268,0.777261,-0.00900472,-0.472086,0.138077,0.410461,0.555677,0.309555,0.66076,0.495478,-0.471247,0.00726341,0.329671,0.156362,0.669852,0.240164,0.4837,-0.509562,44.487722663006245,10.645563899427545,-48.8586844571751,-4.604861134068955,-7.856281287263499,4.5450705829150415
17.320656061172485,-2.18484,2.65088,1.53992,0.821149,-0.0655958,-0.48036,0.13809,0.410489,0.555682,0.308927,0.660978,0.495205,-0.47164,0.0065442,0.329269,0.156501,0.671345,0.238693,0.484407,-0.507614,44.4826394963832,10.840490709338994,-49.41311850344442,-4.750029620624458,-7.686317493917442,4.427588178034676
17.321589946746826,-2.18484,2.65088,1.53992,0.821149,-0.0655958,-0.48036,0.13809,0.410489,0.555682,0.308927,0.660978,0.495205,-0.47164,0.0065442,0.329269,0.156501,0.671345,0.238693,0.484407,-0.507614,44.4826394963832,10.840490709338994,-49.41311850344442,-4.750029620624458,-7.686317493917442,4.427588178034676
17.3373601436615,-2.23901,2.64699,1.789,0.83715,-0.112578,-0.535369,0.138071,0.410509,0.555668,0.308935,0.660892,0.495319,-0.471636,0.0060832,0.329199,0.156538,0.67323,0.241084,0.483546,-0.5048,44.20849421762978,11.24447901134607,-49.72863965407065,-5.650624887269845,-9.184385632955724,4.366589354651195
17.338350534439087,-2.23901,2.64699,1.789,0.83715,-0.112578,-0.535369,0.138071,0.410509,0.555668,0.308935,0.660892,0.495319,-0.471636,0.0060832,0.329199,0.156538,0.67323,0.241084,0.483546,-0.5048,44.20849421762978,11.24447901134607,-49.72863965407065,-5.650624887269845,-9.184385632955724,4.366589354651195
17.353782892227173,-2.33183,2.53306,1.97227,0.840809,-0.148558,-0.592897,0.138078,0.410511,0.555657,0.30899,0.660844,0.495314,-0.471672,0.00574874,0.329364,0.156818,0.671045,0.239419,0.486787,-0.505387,44.14183944805013,10.79279116312139,-49.48191030102527,-5.45764938640629,-7.72549668704841,4.9897421429298445
17.354730367660522,-2.33183,2.53306,1.97227,0.840809,-0.148558,-0.592897,0.138078,0.410511,0.555657,0.30899,0.660844,0.495314,-0.471672,0.00574874,0.329364,0.156818,0.671045,0.239419,0.486787,-0.505387,44.14183944805013,10.79279116312139,-49.48191030102527,-5.45764938640629,-7.72549668704841,4.9897421429298445
17.37103295326233,-2.24798,2.82263,1.82685,0.905142,-0.143121,-0.578442,0.138101,0.410492,0.555654,0.308965,0.660867,0.495296,-0.471674,0.00505995,0.329015,0.157079,0.67283,0.240107,0.485528,-0.503896,44.10186109456325,11.10303285060634,-49.796437468222315,-5.991824912918261,-9.223558696448965,4.386466287781424
17.372138738632202,-2.24798,2.82263,1.82685,0.905142,-0.143121,-0.578442,0.138101,0.410492,0.555654,0.308965,0.660867,0.495296,-0.471674,0.00505995,0.329015,0.157079,0.67283,0.240107,0.485528,-0.503896,44.10186109456325,11.10303285060634,-49.796437468222315,-5.991824912918261,-9.223558696448965,4.386466287781424
17.404374837875366,-1.77987,2.89986,1.59177,0.933339,-0.13675,-0.570353,0.138079,0.410527,0.555727,0.308731,0.66115,0.495429,-0.471292,0.00417743,0.328961,0.157642,0.672639,0.236223,0.488323,-0.503285,44.26675399356351,10.8123325780735,-50.042178426851166,-5.507258241234033,-8.214183181033345,4.066709768063751
17.4054958820343,-1.77987,2.89986,1.59177,0.933339,-0.13675,-0.570353,0.138079,0.410527,0.555727,0.308731,0.66115,0.495429,-0.471292,0.00417743,0.328961,0.157642,0.672639,0.236223,0.488323,-0.503285,44.26675399356351,10.8123325780735,-50.042178426851166,-5.507258241234033,-8.214183181033345,4.066709768063751
17.422497749328613,-1.9637,2.58986,1.50588,0.911338,-0.0955273,-0.636714,0.138043,0.410563,0.555738,0.31037,0.661069,0.495245,-0.470522,0.00405167,0.329063,0.157641,0.673855,0.236874,0.489816,-0.499891,43.864508749469884,10.798708132250159,-50.18895062793206,-5.544568413348569,-8.843363095251812,4.479549836689485
17.423904180526733,-1.9637,2.58986,1.50588,0.911338,-0.0955273,-0.636714,0.138043,0.410563,0.555738,0.31037,0.661069,0.495245,-0.470522,0.00405167,0.329063,0.157641,0.673855,0.236874,0.489816,-0.499891,43.864508749469884,10.798708132250159,-50.18895062793206,-5.544568413348569,-8.843363095251812,4.479549836689485
17.44122552871704,-2.53467,2.53119,1.4612,0.920201,-0.0559488,-0.669872,0.137986,0.41055,0.555765,0.310464,0.66064,0.495796,-0.470482,0.00328622,0.328987,0.158121,0.672235,0.23576,0.490884,-0.501548,43.97758309318898,10.502059286126615,-49.84134349788149,-5.534353598511084,-8.861777341829082,4.353096739219746
17.442429780960083,-2.53467,2.53119,1.4612,0.920201,-0.0559488,-0.669872,0.137986,0.41055,0.555765,0.310464,0.66064,0.495796,-0.470482,0.00328622,0.328987,0.158121,0.672235,0.23576,0.490884,-0.501548,43.97758309318898,10.502059286126615,-49.84134349788149,-5.534353598511084,-8.861777341829082,4.353096739219746
17.45677924156189,-2.6387,2.29089,1.43694,0.921558,-0.0835072,-0.744567,0.137988,0.410575,0.555778,0.309853,0.661244,0.494772,-0.471114,0.00277666,0.3287,0.158053,0.673281,0.234807,0.490378,-0.501086,44.036923907364496,10.68337170531705,-50.27636491861508,-5.402655359261282,-8.860942386136362,4.203997022975435
17.45772886276245,-2.6387,2.29089,1.43694,0.921558,-0.0835072,-0.744567,0.137988,0.410575,0.555778,0.309853,0.661244,0.494772,-0.471114,0.00277666,0.3287,0.158053,0.673281,0.234807,0.490378,-0.501086,44.036923907364496,10.68337170531705,-50.27636491861508,-5.402655359261282,-8.860942386136362,4.203997022975435
17.47207474708557,-2.389,2.77655,1.82858,1.0125,-0.23735,-0.669302,0.137851,0.410654,0.555705,0.309213,0.661684,0.495283,-0.470379,0.00212634,0.328515,0.158384,0.671736,0.232055,0.493137,-0.501734,44.24943460453906,10.265893651854835,-50.19347892731569,-5.745755222322134,-7.628626889163441,4.258456948476798
17.473017692565918,-2.389,2.77655,1.82858,1.0125,-0.23735,-0.669302,0.137851,0.410654,0.555705,0.309213,0.661684,0.495283,-0.470379,0.00212634,0.328515,0.158384,0.671736,0.232055,0.493137,-0.501734,44.24943460453906,10.265893651854835,-50.19347892731569,-5.745755222322134,-7.628626889163441,4.258456948476798
17.504027128219604,-2.34164,2.45899,1.81629,0.964647,-0.207987,-0.70094,0.137826,0.410653,0.555639,0.309649,0.661341,0.495162,-0.470701,0.00171985,0.328167,0.158201,0.672869,0.235466,0.491346,-0.500383,43.94592834046691,10.624299798220509,-50.21590020278324,-6.786443356176376,-9.532149896668153,4.488797982677592
17.504976511001587,-2.34164,2.45899,1.81629,0.964647,-0.207987,-0.70094,0.137826,0.410653,0.555639,0.309649,0.661341,0.495162,-0.470701,0.00171985,0.328167,0.158201,0.672869,0.235466,0.491346,-0.500383,43.94592834046691,10.624299798220509,-50.21590020278324,-6.786443356176376,-9.532149896668153,4.488797982677592
17.52113103866577,-1.82627,2.50159,1.55113,0.947964,-0.190566,-0.6422,0.137884,0.410589,0.555627,0.309084,0.66155,0.494774,-0.471187,0.00154711,0.328078,0.15841,0.672228,0.232779,0.492337,-0.501526,44.155931616552394,10.45749503710111,-50.3275126951742,-6.068774779884054,-8.323697213077132,4.273814432427865
17.522077798843384,-1.82627,2.50159,1.55113,0.947964,-0.190566,-0.6422,0.137884,0.410589,0.555627,0.309084,0.66155,0.494774,-0.471187,0.00154711,0.328078,0.15841,0.672228,0.232779,0.492337,-0.501526,44.155931616552394,10.45749503710111,-50.3275126951742,-6.068774779884054,-8.323697213077132,4.273814432427865
17.537598848342896,-2.21497,1.66891,1.64107,0.829608,-0.147307,-0.779806,0.137984,0.410556,0.555667,0.308828,0.661198,0.495253,-0.471346,0.00166122,0.327934,0.158354,0.671771,0.232946,0.492042,-0.502349,44.2240314340568,10.45346381866555,-50.18557262043478,-6.194522044952033,-8.285482980680289,4.391609626252022
17.53853940963745,-2.21497,1.66891,1.64107,0.829608,-0.147307,-0.779806,0.137984,0.410556,0.555667,0.308828,0.661198,0.495253,-0.471346,0.00166122,0.327934,0.158354,0.671771,0.232946,0.492042,-0.502349,44.2240314340568,10.45346381866555,-50.18557262043478,-6.194522044952033,-8.285482980680289,4.391609626252022
17.57037043571472,-2.2294,1.79111,1.59192,0.860166,-0.133848,-0.742997,0.137956,0.41055,0.555654,0.309489,0.661209,0.495409,-0.470734,0.00152251,0.327717,0.158259,0.673688,0.233061,0.489908,-0.501814,44.33910578051335,10.669548169271366,-50.34747018810424,-6.070292572238598,-9.88830688276138,3.5988649361616547
17.574204921722412,-2.2294,1.79111,1.59192,0.860166,-0.133848,-0.742997,0.137956,0.41055,0.555654,0.309489,0.661209,0.495409,-0.470734,0.00152251,0.327717,0.158259,0.673688,0.233061,0.489908,-0.501814,44.33910578051335,10.669548169271366,-50.34747018810424,-6.070292572238598,-9.88830688276138,3.5988649361616547
17.60101842880249,-1.87774,2.22329,1.60156,0.893705,-0.132215,-0.715265,0.138002,0.41057,0.555684,0.310088,0.660716,0.494724,-0.471749,0.00160151,0.327438,0.158278,0.674599,0.229746,0.490838,-0.50121,44.36373099874819,10.658923624224888,-50.71176970955217,-4.546686609166299,-8.602722128404267,3.619801086195502
17.6028413772583,-1.87774,2.22329,1.60156,0.893705,-0.132215,-0.715265,0.138002,0.41057,0.555684,0.310088,0.660716,0.494724,-0.471749,0.00160151,0.327438,0.158278,0.674599,0.229746,0.490838,-0.50121,44.36373099874819,10.658923624224888,-50.71176970955217,-4.546686609166299,-8.602722128404267,3.619801086195502
17.621591806411743,-1.60096,2.2476,1.17844,0.966787,-0.0912374,-0.763624,0.138095,0.4105,0.555711,0.308773,0.661259,0.495372,-0.471172,0.00175791,0.327486,0.158543,0.673098,0.230058,0.493734,-0.50024,44.27538895608771,10.45815317834167,-50.67133243601143,-5.822816669716271,-7.163221869848768,4.266082755220224
17.623119115829468,-1.60096,2.2476,1.17844,0.966787,-0.0912374,-0.763624,0.138095,0.4105,0.555711,0.308773,0.661259,0.495372,-0.471172,0.00175791,0.327486,0.158543,0.673098,0.230058,0.493734,-0.50024,44.27538895608771,10.45815317834167,-50.67133243601143,-5.822816669716271,-7.163221869848768,4.266082755220224
17.641112327575684,-1.82653,2.51527,1.08692,1.0071,-0.0572904,-0.744376,0.137996,0.410563,0.555778,0.310942,0.660601,0.495139,-0.470913,0.00180242,0.327375,0.158407,0.672979,0.231798,0.490829,-0.502449,44.263252871055556,10.404310388247895,-50.1028790219327,-5.373736670907005,-9.333425474968719,4.00899406417377
17.642390966415405,-1.82653,2.51527,1.08692,1.0071,-0.0572904,-0.744376,0.137996,0.410563,0.555778,0.310942,0.660601,0.495139,-0.470913,0.00180242,0.327375,0.158407,0.672979,0.231798,0.490829,-0.502449,44.263252871055556,10.404310388247895,-50.1028790219327,-5.373736670907005,-9.333425474968719,4.00899406417377
17.657353401184082,-1.22138,2.69055,1.52785,0.996288,-0.182565,-0.753821,0.13794,0.410642,0.555804,0.309657,0.661049,0.494716,-0.471574,0.00190862,0.327165,0.158323,0.674594,0.230021,0.491598,-0.500344,44.298265172234,10.668635032503815,-50.81821511160763,-5.268037803729757,-7.855510682592733,4.057879918411155
17.65830087661743,-1.22138,2.69055,1.52785,0.996288,-0.182565,-0.753821,0.13794,0.410642,0.555804,0.309657,0.661049,0.494716,-0.471574,0.00190862,0.327165,0.158323,0.674594,0.230021,0.491598,-0.500344,44.298265172234,10.668635032503815,-50.81821511160763,-5.268037803729757,-7.855510682592733,4.057879918411155
17.687307834625244,-1.15543,3.08782,1.05707,1.10202,-0.0904409,-0.714188,0.138019,0.410521,0.555775,0.310789,0.660999,0.495044,-0.470555,0.0015935,0.326469,0.158278,0.677002,0.230645,0.491815,-0.496577,44.04795259005423,10.869445765252227,-51.162219228965995,-6.021698852887495,-9.274959916081185,4.063039812271345
17.688252687454224,-1.15543,3.08782,1.05707,1.10202,-0.0904409,-0.714188,0.138019,0.410521,0.555775,0.310789,0.660999,0.495044,-0.470555,0.0015935,0.326469,0.158278,0.677002,0.230645,0.491815,-0.496577,44.04795259005423,10.869445765252227,-51.162219228965995,-6.021698852887495,-9.274959916081185,4.063039812271345
17.704328298568726,-1.0761,2.99764,0.998028,1.08779,-0.0803416,-0.749789,0.138018,0.410525,0.555789,0.310798,0.661012,0.495085,-0.470488,0.0013942,0.326322,0.158445,0.674777,0.229227,0.492464,-0.499611,44.28039039593313,10.469114095109363,-50.71330266846993,-5.822225967917732,-8.711469475313763,4.147582972551149
17.7052800655365,-1.0761,2.99764,0.998028,1.08779,-0.0803416,-0.749789,0.138018,0.410525,0.555789,0.310798,0.661012,0.495085,-0.470488,0.0013942,0.326322,0.158445,0.674777,0.229227,0.492464,-0.499611,44.28039039593313,10.469114095109363,-50.71330266846993,-5.822225967917732,-8.711469475313763,4.147582972551149
17.72107982635498,-1.53497,2.36368,0.958986,1.0467,-0.0401934,-0.824509,0.137948,0.410602,0.555796,0.310235,0.661034,0.495207,-0.470699,0.00092844,0.325867,0.158351,0.67553,0.228277,0.491294,-0.500178,44.50327328786823,10.613055937289676,-50.896773703497225,-5.920574861825761,-9.080033661737117,3.816364783558445
17.72203230857849,-1.53497,2.36368,0.958986,1.0467,-0.0401934,-0.824509,0.137948,0.410602,0.555796,0.310235,0.661034,0.495207,-0.470699,0.00092844,0.325867,0.158351,0.67553,0.228277,0.491294,-0.500178,44.50327328786823,10.613055937289676,-50.896773703497225,-5.920574861825761,-9.080033661737117,3.816364783558445
17.7376606464386,-0.312164,2.13471,1.03287,0.925616,-0.127006,-0.857446,0.138,0.410599,0.555804,0.310399,0.660877,0.494719,-0.471325,0.00126043,0.325721,0.158444,0.673878,0.22735,0.492731,-0.501415,44.458588699633125,10.345064789134852,-50.680054402884714,-5.604237887101482,-7.645997615142188,4.418441643941899
17.738600730895996,-0.312164,2.13471,1.03287,0.925616,-0.127006,-0.857446,0.138,0.410599,0.555804,0.310399,0.660877,0.494719,-0.471325,0.00126043,0.325721,0.158444,0.673878,0.22735,0.492731,-0.501415,44.458588699633125,10.345064789134852,-50.680054402884714,-5.604237887101482,-7.645997615142188,4.418441643941899
17.770756721496582,0.309006,2.57864,0.211003,0.967223,0.0233924,-0.634071,0.138091,0.410517,0.555802,0.3104,0.66084,0.494727,-0.471368,0.000994985,0.325054,0.158313,0.676101,0.226954,0.493139,-0.49819,44.301888920441044,10.636181497462099,-51.24020810871903,-5.9914691368032225,-7.877214353174126,4.593652622675658
17.771732091903687,0.309006,2.57864,0.211003,0.967223,0.0233924,-0.634071,0.138091,0.410517,0.555802,0.3104,0.66084,0.494727,-0.471368,0.000994985,0.325054,0.158313,0.676101,0.226954,0.493139,-0.49819,44.301888920441044,10.636181497462099,-51.24020810871903,-5.9914691368032225,-7.877214353174126,4.593652622675658
17.78743267059326,0.495731,2.12678,0.0554614,0.883224,0.074934,-0.625363,0.138217,0.410404,0.555806,0.310311,0.660324,0.495757,-0.471067,0.00123799,0.32468,0.158117,0.677255,0.229724,0.490617,-0.497843,44.28908165522487,10.985382835334448,-51.15954690197133,-6.993797882399245,-9.58787565159849,4.338358228158233
17.788418769836426,0.495731,2.12678,0.0554614,0.883224,0.074934,-0.625363,0.138217,0.410404,0.555806,0.310311,0.660324,0.495757,-0.471067,0.00123799,0.32468,0.158117,0.677255,0.229724,0.490617,-0.497843,44.28908165522487,10.985382835334448,-51.15954690197133,-6.993797882399245,-9.58787565159849,4.338358228158233
17.80377459526062,-0.217257,1.3163,-0.475541,0.740727,0.265337,-0.574107,0.138343,0.410393,0.555867,0.30901,0.661031,0.495074,-0.471648,0.0013156,0.324145,0.157785,0.674913,0.227628,0.488278,-0.504245,44.982607751343494,10.720910969174932,-50.760494570195796,-6.534467974800538,-8.985444747299875,4.092188563730981
17.80472993850708,-0.217257,1.3163,-0.475541,0.740727,0.265337,-0.574107,0.138343,0.410393,0.555867,0.30901,0.661031,0.495074,-0.471648,0.0013156,0.324145,0.157785,0.674913,0.227628,0.488278,-0.504245,44.982607751343494,10.720910969174932,-50.760494570195796,-6.534467974800538,-8.985444747299875,4.092188563730981
17.82054901123047,-0.528711,0.594128,-0.321121,0.583737,0.262963,-0.49056,0.138442,0.410374,0.55589,0.308769,0.66142,0.494785,-0.471565,0.00202614,0.324253,0.157424,0.674871,0.228776,0.487094,-0.504925,45.01958414554283,10.792312818611315,-50.70349609039276,-6.634079851853555,-8.978801835221773,4.216613166217203
17.821547985076904,-0.528711,0.594128,-0.321121,0.583737,0.262963,-0.49056,0.138442,0.410374,0.55589,0.308769,0.66142,0.494785,-0.471565,0.00202614,0.324253,0.157424,0.674871,0.228776,0.487094,-0.504925,45.01958414554283,10.792312818611315,-50.70349609039276,-6.634079851853555,-8.978801835221773,4.216613166217203
17.83732843399048,-0.181687,0.0154765,0.130031,0.409131,0.163201,-0.396395,0.13859,0.410296,0.555787,0.308052,0.661419,0.494284,-0.472559,0.00347999,0.324211,0.156385,0.671095,0.230651,0.482867,-0.5131,45.50268531117819,10.559146096076999,-49.65636092678368,-6.171251358933166,-8.573704983098779,4.646793650831729
17.83829951286316,-0.181687,0.0154765,0.130031,0.409131,0.163201,-0.396395,0.13859,0.410296,0.555787,0.308052,0.661419,0.494284,-0.472559,0.00347999,0.324211,0.156385,0.671095,0.230651,0.482867,-0.5131,45.50268531117819,10.559146096076999,-49.65636092678368,-6.171251358933166,-8.573704983098779,4.646793650831729
17.870361804962158,-1.03037,-0.156136,0.484414,0.253598,0.300924,-0.245496,0.138593,0.410209,0.555589,0.308133,0.661299,0.494363,-0.472592,0.00602847,0.324519,0.155071,0.671189,0.231686,0.479982,-0.515212,45.70890885484826,10.67489449629674,-49.43510612273412,-5.095021557902777,-7.376629763623683,4.856152037806389
17.87131905555725,-1.03037,-0.156136,0.484414,0.253598,0.300924,-0.245496,0.138593,0.410209,0.555589,0.308133,0.661299,0.494363,-0.472592,0.00602847,0.324519,0.155071,0.671189,0.231686,0.479982,-0.515212,45.70890885484826,10.67489449629674,-49.43510612273412,-5.095021557902777,-7.376629763623683,4.856152037806389
17.886999368667603,-1.15028,-0.514256,0.580494,0.152395,0.363366,-0.225586,0.138678,0.410154,0.555519,0.308773,0.661018,0.493829,-0.473125,0.00811696,0.324885,0.154193,0.668448,0.233126,0.475383,-0.522341,46.120083169880594,10.436035076789874,-48.4181608807991,-3.6412073121052524,-7.1577119633909625,4.694713998730405
17.887951374053955,-1.15028,-0.514256,0.580494,0.152395,0.363366,-0.225586,0.138678,0.410154,0.555519,0.308773,0.661018,0.493829,-0.473125,0.00811696,0.324885,0.154193,0.668448,0.233126,0.475383,-0.522341,46.120083169880594,10.436035076789874,-48.4181608807991,-3.6412073121052524,-7.1577119633909625,4.694713998730405
17.903884410858154,-1.73069,-0.355331,0.554283,0.146587,0.46046,-0.169787,0.138705,0.410124,0.555523,0.308659,0.660973,0.494002,-0.473082,0.00946901,0.325221,0.153557,0.670532,0.23718,0.473249,-0.519777,45.829433607813755,10.97755427344881,-48.67709306695117,-4.193007794000788,-7.788210007554504,5.027115295026418
17.90482449531555,-1.73069,-0.355331,0.554283,0.146587,0.46046,-0.169787,0.138705,0.410124,0.555523,0.308659,0.660973,0.494002,-0.473082,0.00946901,0.325221,0.153557,0.670532,0.23718,0.473249,-0.519777,45.829433607813755,10.97755427344881,-48.67709306695117,-4.193007794000788,-7.788210007554504,5.027115295026418
17.920787811279297,-1.88881,-0.899906,0.641746,0.0330139,0.479562,-0.262865,0.138739,0.41007,0.555621,0.308628,0.660894,0.494391,-0.472805,0.0135112,0.326125,0.152222,0.667792,0.244027,0.465548,-0.527038,46.167341209908344,11.06082393796445,-47.34028923604308,-3.9222334517864703,-8.184251543193186,5.0899225698489445
17.92174458503723,-1.88881,-0.899906,0.641746,0.0330139,0.479562,-0.262865,0.138739,0.41007,0.555621,0.308628,0.660894,0.494391,-0.472805,0.0135112,0.326125,0.152222,0.667792,0.244027,0.465548,-0.527038,46.167341209908344,11.06082393796445,-47.34028923604308,-3.9222334517864703,-8.184251543193186,5.0899225698489445
17.93717312812805,-2.029,-0.143575,0.138136,0.131336,0.583138,-0.10881,0.13876,0.410098,0.555698,0.309187,0.660727,0.493919,-0.473167,0.0178234,0.327081,0.151085,0.656707,0.255164,0.451523,-0.547498,47.007216690937646,10.31987169674704,-43.616901537297956,-3.7021035327019063,-10.813105773822949,4.73230884715155
17.938120126724243,-2.029,-0.143575,0.138136,0.131336,0.583138,-0.10881,0.13876,0.410098,0.555698,0.309187,0.660727,0.493919,-0.473167,0.0178234,0.327081,0.151085,0.656707,0.255164,0.451523,-0.547498,47.007216690937646,10.31987169674704,-43.616901537297956,-3.7021035327019063,-10.813105773822949,4.73230884715155
17.971190929412842,-1.96727,-0.222487,-0.00125253,0.0920951,0.563589,-0.134493,0.138793,0.410153,0.555991,0.306722,0.661516,0.494906,-0.472638,0.0224476,0.328491,0.149786,0.654027,0.266267,0.443254,-0.552156,47.1517345708369,10.842585725388293,-42.57102279991708,-5.243901508198654,-11.281117286141626,5.301814647653669
17.972203731536865,-1.96727,-0.222487,-0.00125253,0.0920951,0.563589,-0.134493,0.138793,0.410153,0.555991,0.306722,0.661516,0.494906,-0.472638,0.0224476,0.328491,0.149786,0.654027,0.266267,0.443254,-0.552156,47.1517345708369,10.842585725388293,-42.57102279991708,-5.243901508198654,-11.281117286141626,5.301814647653669
17.987058639526367,-1.86728,-0.531339,-0.0487326,0.0353188,0.536141,-0.1903,0.138916,0.410127,0.556228,0.307097,0.662083,0.494765,-0.471746,0.0263105,0.329366,0.148597,0.652665,0.270483,0.438011,-0.55589,47.375680964287525,10.866202296402223,-41.819113525914815,-4.328539527688538,-10.915380379534744,5.485068028895842
17.988008737564087,-1.86728,-0.531339,-0.0487326,0.0353188,0.536141,-0.1903,0.138916,0.410127,0.556228,0.307097,0.662083,0.494765,-0.471746,0.0263105,0.329366,0.148597,0.652665,0.270483,0.438011,-0.55589,47.375680964287525,10.866202296402223,-41.819113525914815,-4.328539527688538,-10.915380379534744,5.485068028895842
18.0038104057312,-1.57864,-0.330011,-0.110181,0.053133,0.508177,-0.141603,0.138921,0.410132,0.556236,0.307072,0.662086,0.494759,-0.471766,0.0274548,0.329535,0.148101,0.652895,0.272056,0.436809,-0.555798,47.33072668555244,11.012726646626986,-41.78828834021898,-4.221345702544321,-10.61537594177767,5.831484474527879
18.004772186279297,-1.57864,-0.330011,-0.110181,0.053133,0.508177,-0.141603,0.138921,0.410132,0.556236,0.307072,0.662086,0.494759,-0.471766,0.0274548,0.329535,0.148101,0.652895,0.272056,0.436809,-0.555798,47.33072668555244,11.012726646626986,-41.78828834021898,-4.221345702544321,-10.61537594177767,5.831484474527879
18.020414352416992,-1.58645,-0.428165,-0.0712684,0.0349549,0.494328,-0.16615,0.13891,0.410165,0.556154,0.30678,0.661919,0.495002,-0.471934,0.0299555,0.329708,0.147099,0.651896,0.277082,0.431423,-0.558687,47.4420607766421,11.297476649260178,-41.201721915549854,-4.333620861067487,-11.120747251833043,6.113766042327453
18.021357774734497,-1.58645,-0.428165,-0.0712684,0.0349549,0.494328,-0.16615,0.13891,0.410165,0.556154,0.30678,0.661919,0.495002,-0.471934,0.0299555,0.329708,0.147099,0.651896,0.277082,0.431423,-0.558687,47.4420607766421,11.297476649260178,-41.201721915549854,-4.333620861067487,-11.120747251833043,6.113766042327453
18.03715968132019,-1.89038,-0.435653,0.247223,0.013764,0.478473,-0.182269,0.138857,0.410099,0.555903,0.307858,0.661553,0.494658,-0.472106,0.0339789,0.329375,0.14534,0.651177,0.281004,0.426411,-0.561407,47.477309873874944,11.446591750404428,-40.578757881548796,-3.536307934412546,-10.022676919121674,7.114248558328643
18.038119077682495,-1.89038,-0.435653,0.247223,0.013764,0.478473,-0.182269,0.138857,0.410099,0.555903,0.307858,0.661553,0.494658,-0.472106,0.0339789,0.329375,0.14534,0.651177,0.281004,0.426411,-0.561407,47.477309873874944,11.446591750404428,-40.578757881548796,-3.536307934412546,-10.022676919121674,7.114248558328643
18.070632457733154,-2.20239,-0.776405,0.712249,-0.078361,0.456424,-0.240605,0.138773,0.410088,0.555802,0.308624,0.661256,0.494308,-0.472389,0.0378518,0.328713,0.143504,0.648709,0.284475,0.418,-0.568794,47.999990329903,11.411171854648257,-39.41356593424698,-2.2109758484052255,-9.80998153905612,7.463260235259353
18.071569204330444,-2.20239,-0.776405,0.712249,-0.078361,0.456424,-0.240605,0.138773,0.410088,0.555802,0.308624,0.661256,0.494308,-0.472389,0.0378518,0.328713,0.143504,0.648709,0.284475,0.418,-0.568794,47.999990329903,11.411171854648257,-39.41356593424698,-2.2109758484052255,-9.80998153905612,7.463260235259353
18.087103843688965,-2.13241,-0.728925,0.84014,-0.0874866,0.421664,-0.223854,0.138739,0.410091,0.555771,0.308852,0.661046,0.494229,-0.472617,0.0391691,0.328257,0.142955,0.648134,0.283341,0.415195,-0.572061,48.3899089241154,11.307788853514232,-39.1063515901134,-1.1642220283825173,-9.055169743652916,7.143416674390923
18.088048219680786,-2.13241,-0.728925,0.84014,-0.0874866,0.421664,-0.223854,0.138739,0.410091,0.555771,0.308852,0.661046,0.494229,-0.472617,0.0391691,0.328257,0.142955,0.648134,0.283341,0.415195,-0.572061,48.3899089241154,11.307788853514232,-39.1063515901134,-1.1642220283825173,-9.055169743652916,7.143416674390923
18.104392051696777,-2.03368,-0.883947,0.548225,-0.0938443,0.456313,-0.254362,0.138647,0.410153,0.555662,0.30844,0.661531,0.494261,-0.472173,0.0442097,0.327472,0.14119,0.642084,0.287664,0.404611,-0.584181,49.32400779657766,10.878438914581542,-37.10807958759284,-0.5154747826960739,-8.173590071259303,7.098664606480771
18.105338096618652,-2.03368,-0.883947,0.548225,-0.0938443,0.456313,-0.254362,0.138647,0.410153,0.555662,0.30844,0.661531,0.494261,-0.472173,0.0442097,0.327472,0.14119,0.642084,0.287664,0.404611,-0.584181,49.32400779657766,10.878438914581542,-37.10807958759284,-0.5154747826960739,-8.173590071259303,7.098664606480771
18.120541095733643,-2.18955,-0.973404,0.681152,-0.115595,0.465344,-0.286574,0.13867,0.410175,0.555625,0.308446,0.66131,0.493887,-0.47287,0.0488226,0.327126,0.139959,0.633456,0.2979,0.393908,-0.595672,49.5498230381389,10.553185134635003,-34.500652968009916,-0.8466211846494831,-8.986890268525388,8.100602947896373
18.121490955352783,-2.18955,-0.973404,0.681152,-0.115595,0.465344,-0.286574,0.13867,0.410175,0.555625,0.308446,0.66131,0.493887,-0.47287,0.0488226,0.327126,0.139959,0.633456,0.2979,0.393908,-0.595672,49.5498230381389,10.553185134635003,-34.500652968009916,-0.8466211846494831,-8.986890268525388,8.100602947896373
18.137154579162598,-2.06841,-0.570314,0.984357,-0.0753023,0.430133,-0.206925,0.138777,0.410079,0.555685,0.309037,0.660749,0.49388,-0.473276,0.0563938,0.32567,0.138158,0.618259,0.309541,0.375627,-0.617126,50.44070633615831,9.500615649418657,-29.828607773001067,-0.02165269462973507,-9.619085957127599,8.595355944565393
18.138100624084473,-2.06841,-0.570314,0.984357,-0.0753023,0.430133,-0.206925,0.138777,0.410079,0.555685,0.309037,0.660749,0.49388,-0.473276,0.0563938,0.32567,0.138158,0.618259,0.309541,0.375627,-0.617126,50.44070633615831,9.500615649418657,-29.828607773001067,-0.02165269462973507,-9.619085957127599,8.595355944565393
18.17244529724121,-2.00513,-0.66335,1.37847,-0.134955,0.345942,-0.232504,0.13885,0.410053,0.555636,0.308502,0.660885,0.494085,-0.473221,0.0650656,0.323645,0.136474,0.605502,0.316193,0.352155,-0.639825,52.26919592329091,8.57411162018746,-25.582862435998315,2.5749456134829587,-9.442554199716707,6.197362542839981
18.17338991165161,-2.00513,-0.66335,1.37847,-0.134955,0.345942,-0.232504,0.13885,0.410053,0.555636,0.308502,0.660885,0.494085,-0.473221,0.0650656,0.323645,0.136474,0.605502,0.316193,0.352155,-0.639825,52.26919592329091,8.57411162018746,-25.582862435998315,2.5749456134829587,-9.442554199716707,6.197362542839981
18.1869695186615,-2.12389,-1.05542,1.51657,-0.226322,0.348237,-0.317178,0.138912,0.41003,0.555551,0.307929,0.661499,0.493625,-0.473215,0.0742838,0.321312,0.135181,0.585457,0.328196,0.332462,-0.662568,53.089407673508,7.059138294162758,-19.945284082713822,2.523107816917043,-7.997585461776305,6.410948804527976
18.187932014465332,-2.12389,-1.05542,1.51657,-0.226322,0.348237,-0.317178,0.138912,0.41003,0.555551,0.307929,0.661499,0.493625,-0.473215,0.0742838,0.321312,0.135181,0.585457,0.328196,0.332462,-0.662568,53.089407673508,7.059138294162758,-19.945284082713822,2.523107816917043,-7.997585461776305,6.410948804527976
18.21112370491028,-2.18855,-1.19369,1.65295,-0.260585,0.325887,-0.348101,0.138954,0.409999,0.555521,0.30837,0.661555,0.493487,-0.472994,0.0775043,0.320431,0.134651,0.580211,0.333796,0.323097,-0.668988,53.38992373049016,6.842984512933814,-18.210295188562764,3.028354251153817,-9.2801146674334,6.153241263306989
18.21299386024475,-2.18855,-1.19369,1.65295,-0.260585,0.325887,-0.348101,0.138954,0.409999,0.555521,0.30837,0.661555,0.493487,-0.472994,0.0775043,0.320431,0.134651,0.580211,0.333796,0.323097,-0.668988,53.38992373049016,6.842984512933814,-18.210295188562764,3.028354251153817,-9.2801146674334,6.153241263306989
18.232408046722412,-1.83293,-1.20304,0.972598,-0.253932,0.42382,-0.354922,0.138945,0.40999,0.555407,0.307731,0.661715,0.49383,-0.472828,0.0904862,0.316234,0.133945,0.552411,0.350456,0.294931,-0.696447,54.23535623926106,4.919722351391547,-10.342211590418641,2.6122314815496197,-7.380945212829653,5.738376672777882
18.233436107635498,-1.83293,-1.20304,0.972598,-0.253932,0.42382,-0.354922,0.138945,0.40999,0.555407,0.307731,0.661715,0.49383,-0.472828,0.0904862,0.316234,0.133945,0.552411,0.350456,0.294931,-0.696447,54.23535623926106,4.919722351391547,-10.342211590418641,2.6122314815496197,-7.380945212829653,5.738376672777882
18.246912479400635,-1.8653,-1.27658,0.950892,-0.280624,0.412803,-0.364603,0.138878,0.410037,0.555473,0.307777,0.661676,0.493737,-0.47295,0.096833,0.314024,0.133699,0.538217,0.362331,0.28211,-0.70672,54.0579807521837,4.257304006647535,-6.666215409190012,1.5831984272490698,-7.273836759479673,7.019655662618613
18.247863054275513,-1.8653,-1.27658,0.950892,-0.280624,0.412803,-0.364603,0.138878,0.410037,0.555473,0.307777,0.661676,0.493737,-0.47295,0.096833,0.314024,0.133699,0.538217,0.362331,0.28211,-0.70672,54.0579807521837,4.257304006647535,-6.666215409190012,1.5831984272490698,-7.273836759479673,7.019655662618613
18.26263999938965,-1.99678,-1.19752,0.977111,-0.286843,0.395404,-0.3541,0.138791,0.410078,0.555522,0.308548,0.66107,0.493829,-0.4732,0.0998866,0.312615,0.13376,0.534231,0.362172,0.27228,-0.713647,54.74380623661441,3.8134922756341894,-4.930797499796238,3.6078311807340824,-6.771956634362684,4.986771591273343
18.263575315475464,-1.99678,-1.19752,0.977111,-0.286843,0.395404,-0.3541,0.138791,0.410078,0.555522,0.308548,0.66107,0.493829,-0.4732,0.0998866,0.312615,0.13376,0.534231,0.362172,0.27228,-0.713647,54.74380623661441,3.8134922756341894,-4.930797499796238,3.6078311807340824,-6.771956634362684,4.986771591273343
18.27859354019165,-1.30573,-1.3219,0.602937,-0.316659,0.37498,-0.367698,0.138755,0.410102,0.55575,0.308859,0.660852,0.493907,-0.473219,0.108262,0.309076,0.134012,0.514355,0.376092,0.252006,-0.728345,54.77751382959655,2.759881674326718,0.42938114190463433,3.3520701532808808,-7.076878378946459,5.310780502539131
18.27953314781189,-1.30573,-1.3219,0.602937,-0.316659,0.37498,-0.367698,0.138755,0.410102,0.55575,0.308859,0.660852,0.493907,-0.473219,0.108262,0.309076,0.134012,0.514355,0.376092,0.252006,-0.728345,54.77751382959655,2.759881674326718,0.42938114190463433,3.3520701532808808,-7.076878378946459,5.310780502539131
18.30963110923767,-1.39228,-1.83884,0.275869,-0.418257,0.431368,-0.453199,0.138759,0.410148,0.555921,0.307461,0.661467,0.494608,-0.472538,0.112466,0.306785,0.134298,0.508413,0.381096,0.241012,-0.733618,55.31431222959329,2.6301253081387275,2.183020354678899,2.6689270755383325,-6.886536860622023,4.6957298294587355
18.31116223335266,-1.39228,-1.83884,0.275869,-0.418257,0.431368,-0.453199,0.138759,0.410148,0.555921,0.307461,0.661467,0.494608,-0.472538,0.112466,0.306785,0.134298,0.508413,0.381096,0.241012,-0.733618,55.31431222959329,2.6301253081387275,2.183020354678899,2.6689270755383325,-6.886536860622023,4.6957298294587355
18.327692985534668,-1.4777,-1.98328,0.549963,-0.464074,0.369645,-0.46651,0.138935,0.410076,0.555938,0.305993,0.661392,0.494506,-0.4737,0.116473,0.303829,0.134257,0.502378,0.38312,0.228661,-0.740641,56.01735277844614,2.414399954568989,4.019147612730896,3.4419241958276996,-5.468765079914328,3.5030252281984
18.328675508499146,-1.4777,-1.98328,0.549963,-0.464074,0.369645,-0.46651,0.138935,0.410076,0.555938,0.305993,0.661392,0.494506,-0.4737,0.116473,0.303829,0.134257,0.502378,0.38312,0.228661,-0.740641,56.01735277844614,2.414399954568989,4.019147612730896,3.4419241958276996,-5.468765079914328,3.5030252281984
18.343167781829834,-1.23351,-1.88531,0.498631,-0.444658,0.350753,-0.440099,0.138976,0.410038,0.555839,0.307675,0.661582,0.493785,-0.473099,0.116624,0.303488,0.134159,0.504114,0.383845,0.227885,-0.739324,55.964047625295386,2.5064814046458026,3.7959109926836136,3.7810877310757625,-6.757865729236731,3.6836636254072683
18.344101905822754,-1.23351,-1.88531,0.498631,-0.444658,0.350753,-0.440099,0.138976,0.410038,0.555839,0.307675,0.661582,0.493785,-0.473099,0.116624,0.303488,0.134159,0.504114,0.383845,0.227885,-0.739324,55.964047625295386,2.5064814046458026,3.7959109926836136,3.7810877310757625,-6.757865729236731,3.6836636254072683
18.358838081359863,-1.36216,-1.32833,0.771549,-0.379449,0.312815,-0.327227,0.139015,0.40996,0.555727,0.308923,0.661145,0.493563,-0.473127,0.116737,0.303015,0.133987,0.502554,0.385994,0.229389,-0.738802,55.49460859193925,2.412519423320792,4.070166018725805,3.116227857470011,-7.212860504626545,5.0395370649558044
18.359790086746216,-1.36216,-1.32833,0.771549,-0.379449,0.312815,-0.327227,0.139015,0.40996,0.555727,0.308923,0.661145,0.493563,-0.473127,0.116737,0.303015,0.133987,0.502554,0.385994,0.229389,-0.738802,55.49460859193925,2.412519423320792,4.070166018725805,3.116227857470011,-7.212860504626545,5.0395370649558044
18.38716983795166,-1.56115,-1.66703,0.988181,-0.409023,0.295543,-0.412586,0.138971,0.409969,0.555611,0.308118,0.661846,0.49367,-0.472561,0.11713,0.301718,0.1337,0.503693,0.386467,0.227299,-0.738425,55.79136778645829,2.612999476045516,3.8271023102998445,2.118334607998098,-7.420542555173867,5.373459254031766
18.38811230659485,-1.56115,-1.66703,0.988181,-0.409023,0.295543,-0.412586,0.138971,0.409969,0.555611,0.308118,0.661846,0.49367,-0.472561,0.11713,0.301718,0.1337,0.503693,0.386467,0.227299,-0.738425,55.79136778645829,2.612999476045516,3.8271023102998445,2.118334607998098,-7.420542555173867,5.373459254031766
18.40029811859131,-1.56115,-1.66703,0.988181,-0.409023,0.295543,-0.412586,0.138971,0.409969,0.555611,0.308118,0.661846,0.49367,-0.472561,0.11713,0.301718,0.1337,0.503693,0.386467,0.227299,-0.738425,55.79136778645829,2.612999476045516,3.8271023102998445,2.118334607998098,-7.420542555173867,5.373459254031766
18.421077251434326,-1.82344,-1.22454,0.905769,-0.334331,0.326628,-0.334348,0.138768,0.410078,0.555611,0.308146,0.661388,0.494163,-0.472668,0.116371,0.300328,0.133267,0.504973,0.383786,0.225782,-0.739414,56.166964769037065,2.543604898574178,3.8898675280570587,2.16185747296184,-7.331448899982616,5.41241247310504
18.42202401161194,-1.82344,-1.22454,0.905769,-0.334331,0.326628,-0.334348,0.138768,0.410078,0.555611,0.308146,0.661388,0.494163,-0.472668,0.116371,0.300328,0.133267,0.504973,0.383786,0.225782,-0.739414,56.166964769037065,2.543604898574178,3.8898675280570587,2.16185747296184,-7.331448899982616,5.41241247310504
18.437589645385742,-1.44199,-1.32612,0.926768,-0.325684,0.269921,-0.345843,0.138689,0.410129,0.555642,0.308019,0.661351,0.494334,-0.472624,0.115318,0.299267,0.132842,0.508199,0.383295,0.225428,-0.737564,56.3488711776554,2.8849667717359657,3.1635469410226915,1.6638266050606878,-8.353891892715868,6.230832886573064
18.43861436843872,-1.44199,-1.32612,0.926768,-0.325684,0.269921,-0.345843,0.138689,0.410129,0.555642,0.308019,0.661351,0.494334,-0.472624,0.115318,0.299267,0.132842,0.508199,0.383295,0.225428,-0.737564,56.3488711776554,2.8849667717359657,3.1635469410226915,1.6638266050606878,-8.353891892715868,6.230832886573064
18.471185207366943,-1.79729,-1.67873,1.27357,-0.363396,0.238071,-0.420343,0.13875,0.410111,0.555586,0.308258,0.661118,0.493972,-0.473171,0.114007,0.298166,0.132475,0.510602,0.37674,0.226488,-0.738956,56.793727388332805,2.615953394405461,2.94486961827207,2.2565984359835984,-6.96255738751134,5.534452734071941
18.47218132019043,-1.79729,-1.67873,1.27357,-0.363396,0.238071,-0.420343,0.13875,0.410111,0.555586,0.308258,0.661118,0.493972,-0.473171,0.114007,0.298166,0.132475,0.510602,0.37674,0.226488,-0.738956,56.793727388332805,2.615953394405461,2.94486961827207,2.2565984359835984,-6.96255738751134,5.534452734071941
18.487022161483765,-1.78026,-1.36245,1.22594,-0.306329,0.25175,-0.36215,0.13883,0.410041,0.555516,0.308008,0.66152,0.494243,-0.47249,0.113143,0.297003,0.132354,0.517163,0.368124,0.224859,-0.739233,57.91507651034759,2.621093085449524,2.086260853683627,3.307341518158095,-6.043590951200362,3.1464425815505708
18.48796772956848,-1.78026,-1.36245,1.22594,-0.306329,0.25175,-0.36215,0.13883,0.410041,0.555516,0.308008,0.66152,0.494243,-0.47249,0.113143,0.297003,0.132354,0.517163,0.368124,0.224859,-0.739233,57.91507651034759,2.621093085449524,2.086260853683627,3.307341518158095,-6.043590951200362,3.1464425815505708
18.504266023635864,-1.96342,-1.33662,1.20903,-0.292088,0.275636,-0.36161,0.138924,0.410019,0.555482,0.308076,0.661685,0.493693,-0.47279,0.112317,0.296264,0.132229,0.520056,0.367589,0.225305,-0.737332,57.96142688716718,2.940670541954547,1.2538366309156894,2.943148868240765,-6.736217469320707,3.677599414736113
18.5052170753479,-1.96342,-1.33662,1.20903,-0.292088,0.275636,-0.36161,0.138924,0.410019,0.555482,0.308076,0.661685,0.493693,-0.47279,0.112317,0.296264,0.132229,0.520056,0.367589,0.225305,-0.737332,57.96142688716718,2.940670541954547,1.2538366309156894,2.943148868240765,-6.736217469320707,3.677599414736113
18.520381450653076,-2.04716,-1.53535,1.51775,-0.328569,0.227135,-0.392177,0.138954,0.409999,0.555517,0.30823,0.661547,0.493474,-0.47311,0.11118,0.295494,0.131955,0.52215,0.363096,0.224774,-0.738239,58.38724458159819,2.832820096313642,1.050672383870891,3.7641668163090327,-6.459899322377761,3.004811192634056
18.521339416503906,-2.04716,-1.53535,1.51775,-0.328569,0.227135,-0.392177,0.138954,0.409999,0.555517,0.30823,0.661547,0.493474,-0.47311,0.11118,0.295494,0.131955,0.52215,0.363096,0.224774,-0.738239,58.38724458159819,2.832820096313642,1.050672383870891,3.7641668163090327,-6.459899322377761,3.004811192634056
18.537726640701294,-1.97322,-1.59543,1.42915,-0.318656,0.226062,-0.401662,0.138931,0.410008,0.555545,0.308213,0.661538,0.493464,-0.473144,0.110027,0.294411,0.131649,0.525247,0.362485,0.226849,-0.735704,58.346923198233334,3.142634312754947,0.13683718583712046,2.638809280904206,-6.91635961323652,4.330523805312366
18.538677215576172,-1.97322,-1.59543,1.42915,-0.318656,0.226062,-0.401662,0.138931,0.410008,0.555545,0.308213,0.661538,0.493464,-0.473144,0.110027,0.294411,0.131649,0.525247,0.362485,0.226849,-0.735704,58.346923198233334,3.142634312754947,0.13683718583712046,2.638809280904206,-6.91635961323652,4.330523805312366
18.570888996124268,-1.95462,-1.3689,1.25894,-0.270299,0.257466,-0.365853,0.13879,0.410089,0.555522,0.308424,0.66099,0.493896,-0.473322,0.109114,0.292857,0.13145,0.528554,0.357266,0.225149,-0.73641,58.975196486200346,3.11536396030111,-0.16370892818656796,3.1890098057234164,-6.519072249192834,3.4912736713471393
18.571898937225342,-1.95462,-1.3689,1.25894,-0.270299,0.257466,-0.365853,0.13879,0.410089,0.555522,0.308424,0.66099,0.493896,-0.473322,0.109114,0.292857,0.13145,0.528554,0.357266,0.225149,-0.73641,58.975196486200346,3.11536396030111,-0.16370892818656796,3.1890098057234164,-6.519072249192834,3.4912736713471393
18.58727264404297,-1.95971,-1.43709,1.22652,-0.272246,0.256031,-0.384068,0.138739,0.410112,0.55553,0.308366,0.661003,0.493919,-0.473317,0.108458,0.292355,0.13109,0.525267,0.362309,0.227096,-0.7357,58.31628851495416,3.1288882820615926,0.21270663963509495,1.2566289966983675,-7.809790496246911,6.195898516254019
18.58822512626648,-1.95971,-1.43709,1.22652,-0.272246,0.256031,-0.384068,0.138739,0.410112,0.55553,0.308366,0.661003,0.493919,-0.473317,0.108458,0.292355,0.13109,0.525267,0.362309,0.227096,-0.7357,58.31628851495416,3.1288882820615926,0.21270663963509495,1.2566289966983675,-7.809790496246911,6.195898516254019
18.60409927368164,-1.93688,-1.43088,1.2447,-0.271464,0.248682,-0.383608,0.138718,0.410096,0.555549,0.30825,0.661134,0.494269,-0.472844,0.107381,0.291472,0.130859,0.527292,0.358508,0.227306,-0.736049,58.726865180852045,3.0198085980475176,0.006067692782580272,1.1757521680527567,-7.691473297562098,5.887304523242001
18.6050386428833,-1.93688,-1.43088,1.2447,-0.271464,0.248682,-0.383608,0.138718,0.410096,0.555549,0.30825,0.661134,0.494269,-0.472844,0.107381,0.291472,0.130859,0.527292,0.358508,0.227306,-0.736049,58.726865180852045,3.0198085980475176,0.006067692782580272,1.1757521680527567,-7.691473297562098,5.887304523242001
18.620556354522705,-2.09086,-1.40911,1.37137,-0.269328,0.234676,-0.384084,0.138735,0.41008,0.555536,0.308243,0.66113,0.494198,-0.472929,0.10604,0.290296,0.130672,0.536723,0.350195,0.227469,-0.733178,59.63345964281061,3.4909013635169193,-1.989230167659906,2.239011329819128,-6.997101759671114,4.312121070538281
18.62151575088501,-2.09086,-1.40911,1.37137,-0.269328,0.234676,-0.384084,0.138735,0.41008,0.555536,0.308243,0.66113,0.494198,-0.472929,0.10604,0.290296,0.130672,0.536723,0.350195,0.227469,-0.733178,59.63345964281061,3.4909013635169193,-1.989230167659906,2.239011329819128,-6.997101759671114,4.312121070538281
18.637083053588867,-2.1937,-1.42579,1.49067,-0.263958,0.217864,-0.395287,0.138762,0.410081,0.555463,0.308074,0.661439,0.49423,-0.472573,0.103791,0.28931,0.130253,0.540731,0.345877,0.229295,-0.731712,59.98730711920832,3.6038602374968325,-2.9153225663195053,1.8237761263619165,-7.588987036368557,4.536156496608436
18.638038396835327,-2.1937,-1.42579,1.49067,-0.263958,0.217864,-0.395287,0.138762,0.410081,0.555463,0.308074,0.661439,0.49423,-0.472573,0.103791,0.28931,0.130253,0.540731,0.345877,0.229295,-0.731712,59.98730711920832,3.6038602374968325,-2.9153225663195053,1.8237761263619165,-7.588987036368557,4.536156496608436
18.670692682266235,-2.43023,-1.43497,1.643,-0.2612,0.221284,-0.407734,0.138828,0.41008,0.555437,0.307683,0.661166,0.494431,-0.473,0.100535,0.28909,0.129327,0.542257,0.347379,0.236617,-0.727529,59.28580541428885,3.9246338614684513,-3.943764688219991,-0.27231611975839076,-8.984841401082148,8.000963768153854
18.671636819839478,-2.43023,-1.43497,1.643,-0.2612,0.221284,-0.407734,0.138828,0.41008,0.555437,0.307683,0.661166,0.494431,-0.473,0.100535,0.28909,0.129327,0.542257,0.347379,0.236617,-0.727529,59.28580541428885,3.9246338614684513,-3.943764688219991,-0.27231611975839076,-8.984841401082148,8.000963768153854
18.687058687210083,-2.08698,-1.24002,1.34496,-0.223312,0.243619,-0.367915,0.138914,0.410029,0.555458,0.3076,0.661725,0.493864,-0.472864,0.0965943,0.288907,0.129168,0.551243,0.337443,0.244828,-0.722719,59.63994951755391,4.1913905686750645,-6.383917961418375,-0.4343820004337524,-8.098018732810488,7.683341122547031
18.688006162643433,-2.08698,-1.24002,1.34496,-0.223312,0.243619,-0.367915,0.138914,0.410029,0.555458,0.3076,0.661725,0.493864,-0.472864,0.0965943,0.288907,0.129168,0.551243,0.337443,0.244828,-0.722719,59.63994951755391,4.1913905686750645,-6.383917961418375,-0.4343820004337524,-8.098018732810488,7.683341122547031
18.703760623931885,-2.00483,-1.04774,1.22516,-0.192589,0.272375,-0.333047,0.138918,0.410009,0.555483,0.308287,0.661445,0.493504,-0.473184,0.0951702,0.288942,0.128993,0.554066,0.334917,0.246951,-0.721011,59.631724767212056,4.310101777949891,-7.094434708598951,0.15208182523219094,-8.437952766488063,7.733268297506436
18.704711437225342,-2.00483,-1.04774,1.22516,-0.192589,0.272375,-0.333047,0.138918,0.410009,0.555483,0.308287,0.661445,0.493504,-0.473184,0.0951702,0.288942,0.128993,0.554066,0.334917,0.246951,-0.721011,59.631724767212056,4.310101777949891,-7.094434708598951,0.15208182523219094,-8.437952766488063,7.733268297506436
18.72084641456604,-2.29129,-1.10982,1.17562,-0.200043,0.327777,-0.352866,0.138888,0.410041,0.555492,0.307698,0.661641,0.493788,-0.472997,0.0935748,0.289064,0.128935,0.557618,0.331354,0.24975,-0.718952,59.84161918451682,4.487941376096496,-8.103737611123547,-0.004422143507448517,-8.25232545901909,7.5007410092401345
18.721832275390625,-2.29129,-1.10982,1.17562,-0.200043,0.327777,-0.352866,0.138888,0.410041,0.555492,0.307698,0.661641,0.493788,-0.472997,0.0935748,0.289064,0.128935,0.557618,0.331354,0.24975,-0.718952,59.84161918451682,4.487941376096496,-8.103737611123547,-0.004422143507448517,-8.25232545901909,7.5007410092401345
18.737223863601685,-2.27884,-1.09911,1.0771,-0.189274,0.344175,-0.343085,0.138793,0.410059,0.555543,0.308394,0.661288,0.493965,-0.472853,0.0869136,0.289756,0.128931,0.571584,0.320918,0.264968,-0.707174,59.613886469082495,5.29397508506045,-12.192768942817175,-0.7937690995159068,-8.736660089804632,8.365872410943066
18.7381694316864,-2.27884,-1.09911,1.0771,-0.189274,0.344175,-0.343085,0.138793,0.410059,0.555543,0.308394,0.661288,0.493965,-0.472853,0.0869136,0.289756,0.128931,0.571584,0.320918,0.264968,-0.707174,59.613886469082495,5.29397508506045,-12.192768942817175,-0.7937690995159068,-8.736660089804632,8.365872410943066
18.770710229873657,-2.11778,-0.870227,1.11331,-0.150164,0.342482,-0.297569,0.138805,0.410077,0.555524,0.308468,0.661122,0.493675,-0.473339,0.0820288,0.290281,0.129099,0.582267,0.312021,0.274666,-0.698689,59.619759705207656,5.987695249256652,-15.41562206420447,-0.6057029540209591,-8.90547304912524,8.121246650987988
18.77167820930481,-2.11778,-0.870227,1.11331,-0.150164,0.342482,-0.297569,0.138805,0.410077,0.555524,0.308468,0.661122,0.493675,-0.473339,0.0820288,0.290281,0.129099,0.582267,0.312021,0.274666,-0.698689,59.619759705207656,5.987695249256652,-15.41562206420447,-0.6057029540209591,-8.90547304912524,8.121246650987988
18.787321090698242,-2.15693,-0.481804,0.878995,-0.0906067,0.401048,-0.229533,0.138797,0.410079,0.555508,0.308542,0.661022,0.493836,-0.473263,0.0773005,0.290716,0.129394,0.592941,0.301142,0.285169,-0.690227,59.749476356039345,6.518861250090447,-18.571445073457454,-0.3676565627321078,-8.286667722733055,7.456597661961356
18.788314819335938,-2.15693,-0.481804,0.878995,-0.0906067,0.401048,-0.229533,0.138797,0.410079,0.555508,0.308542,0.661022,0.493836,-0.473263,0.0773005,0.290716,0.129394,0.592941,0.301142,0.285169,-0.690227,59.749476356039345,6.518861250090447,-18.571445073457454,-0.3676565627321078,-8.286667722733055,7.456597661961356
18.803845167160034,-2.43505,-0.401431,0.965659,-0.0899975,0.415469,-0.211698,0.138826,0.41007,0.555511,0.308523,0.661127,0.493634,-0.473339,0.0757705,0.29085,0.129657,0.596471,0.295554,0.286786,-0.68893,60.11387997817218,6.597734350917334,-19.542062350423663,0.6376589426483723,-7.994796089228328,6.105423748899144
18.8048198223114,-2.43505,-0.401431,0.965659,-0.0899975,0.415469,-0.211698,0.138826,0.41007,0.555511,0.308523,0.661127,0.493634,-0.473339,0.0757705,0.29085,0.129657,0.596471,0.295554,0.286786,-0.68893,60.11387997817218,6.597734350917334,-19.542062350423663,0.6376589426483723,-7.994796089228328,6.105423748899144
18.82042145729065,-2.03363,-0.694016,1.21671,-0.136944,0.306864,-0.251844,0.138896,0.410022,0.555549,0.307894,0.661498,0.493605,-0.473261,0.0726338,0.291441,0.12973,0.601277,0.293944,0.29613,-0.681447,59.512448851277775,7.091571662730748,-21.441731911296145,-1.0900680348446032,-8.178058133694362,7.801184815748611
18.82137370109558,-2.03363,-0.694016,1.21671,-0.136944,0.306864,-0.251844,0.138896,0.410022,0.555549,0.307894,0.661498,0.493605,-0.473261,0.0726338,0.291441,0.12973,0.601277,0.293944,0.29613,-0.681447,59.512448851277775,7.091571662730748,-21.441731911296145,-1.0900680348446032,-8.178058133694362,7.801184815748611
18.83731746673584,-2.14754,-0.704384,1.39216,-0.140449,0.288599,-0.263499,0.138931,0.410014,0.555495,0.308132,0.661725,0.493631,-0.472762,0.0692322,0.291659,0.130239,0.608128,0.285949,0.302129,-0.676115,59.726772628600195,7.363513275393614,-23.444337777631798,-0.7161281577758265,-8.422088365252913,6.645270713666531
18.83827781677246,-2.14754,-0.704384,1.39216,-0.140449,0.288599,-0.263499,0.138931,0.410014,0.555495,0.308132,0.661725,0.493631,-0.472762,0.0692322,0.291659,0.130239,0.608128,0.285949,0.302129,-0.676115,59.726772628600195,7.363513275393614,-23.444337777631798,-0.7161281577758265,-8.422088365252913,6.645270713666531
18.871225357055664,-2.38024,-0.469545,1.31581,-0.090752,0.347204,-0.241411,0.138851,0.410062,0.555431,0.307805,0.661368,0.494139,-0.472943,0.06652,0.291784,0.13062,0.610328,0.282118,0.308321,-0.672939,59.54108267602171,7.3888488362690286,-24.270520841805,-1.4683717974749007,-8.010978794586364,7.0211069853210875
18.872241973876953,-2.38024,-0.469545,1.31581,-0.090752,0.347204,-0.241411,0.138851,0.410062,0.555431,0.307805,0.661368,0.494139,-0.472943,0.06652,0.291784,0.13062,0.610328,0.282118,0.308321,-0.672939,59.54108267602171,7.3888488362690286,-24.270520841805,-1.4683717974749007,-8.010978794586364,7.0211069853210875
18.887003421783447,-2.50179,-0.540019,1.30176,-0.102229,0.353658,-0.24905,0.138894,0.410035,0.555453,0.307625,0.661749,0.493846,-0.472834,0.0634397,0.291881,0.131073,0.617667,0.274701,0.315825,-0.665794,59.53387377370679,7.84925616395387,-26.68549877200234,-1.4769920859699082,-7.391760887517789,6.6068913303710595
18.88794732093811,-2.50179,-0.540019,1.30176,-0.102229,0.353658,-0.24905,0.138894,0.410035,0.555453,0.307625,0.661749,0.493846,-0.472834,0.0634397,0.291881,0.131073,0.617667,0.274701,0.315825,-0.665794,59.53387377370679,7.84925616395387,-26.68549877200234,-1.4769920859699082,-7.391760887517789,6.6068913303710595
18.903900384902954,-2.30409,-0.513958,1.42533,-0.105201,0.300635,-0.235304,0.138908,0.410015,0.555475,0.308113,0.661705,0.493617,-0.472816,0.0622283,0.291764,0.131135,0.621064,0.270818,0.317023,-0.663652,59.71265985472249,8.022422964794679,-27.620002354084875,-0.580005838826759,-7.671075086945269,5.873447836187491
18.90484309196472,-2.30409,-0.513958,1.42533,-0.105201,0.300635,-0.235304,0.138908,0.410015,0.555475,0.308113,0.661705,0.493617,-0.472816,0.0622283,0.291764,0.131135,0.621064,0.270818,0.317023,-0.663652,59.71265985472249,8.022422964794679,-27.620002354084875,-0.580005838826759,-7.671075086945269,5.873447836187491
18.92056155204773,-2.2316,-0.658581,1.5232,-0.112462,0.286033,-0.270269,0.138833,0.410031,0.555481,0.308048,0.661539,0.494182,-0.4725,0.0602228,0.292312,0.131304,0.622138,0.274568,0.324945,-0.657243,58.683895606717925,8.30373968052826,-28.203589403609698,-3.326416679242514,-8.441838730075654,8.506947229267457
18.921507835388184,-2.2316,-0.658581,1.5232,-0.112462,0.286033,-0.270269,0.138833,0.410031,0.555481,0.308048,0.661539,0.494182,-0.4725,0.0602228,0.292312,0.131304,0.622138,0.274568,0.324945,-0.657243,58.683895606717925,8.30373968052826,-28.203589403609698,-3.326416679242514,-8.441838730075654,8.506947229267457
18.937177658081055,-2.38049,-0.430401,1.48956,-0.0622408,0.325098,-0.244783,0.138789,0.410106,0.555347,0.307914,0.661247,0.493815,-0.47338,0.0570026,0.292067,0.132015,0.628073,0.265014,0.327865,-0.654061,59.16991905453531,8.588869072444693,-30.072210062553577,-1.745930761024629,-8.231943105292869,6.398570014353329
18.938143491744995,-2.38049,-0.430401,1.48956,-0.0622408,0.325098,-0.244783,0.138789,0.410106,0.555347,0.307914,0.661247,0.493815,-0.47338,0.0570026,0.292067,0.132015,0.628073,0.265014,0.327865,-0.654061,59.16991905453531,8.588869072444693,-30.072210062553577,-1.745930761024629,-8.231943105292869,6.398570014353329
18.97051429748535,-2.48109,-0.27122,1.70399,-0.0503154,0.319566,-0.209212,0.138897,0.410026,0.555376,0.307369,0.66191,0.494012,-0.472602,0.0526457,0.292503,0.132521,0.635346,0.262487,0.339609,-0.641951,58.347370796653784,9.304331829238262,-32.657334693915196,-4.147078453337326,-9.19249998013853,8.000286617594643
18.971463203430176,-2.48109,-0.27122,1.70399,-0.0503154,0.319566,-0.209212,0.138897,0.410026,0.555376,0.307369,0.66191,0.494012,-0.472602,0.0526457,0.292503,0.132521,0.635346,0.262487,0.339609,-0.641951,58.347370796653784,9.304331829238262,-32.657334693915196,-4.147078453337326,-9.19249998013853,8.000286617594643
18.98706316947937,-2.33046,-0.46908,1.8491,-0.0890549,0.278353,-0.225329,0.138945,0.41,0.55538,0.307462,0.6619,0.494031,-0.472534,0.046766,0.293,0.133827,0.645263,0.251857,0.356706,-0.626869,57.550335344586735,9.875493874228384,-36.127828168616794,-5.0795753371761805,-7.805880080679172,8.473805371962198
18.98801612854004,-2.33046,-0.46908,1.8491,-0.0890549,0.278353,-0.225329,0.138945,0.41,0.55538,0.307462,0.6619,0.494031,-0.472534,0.046766,0.293,0.133827,0.645263,0.251857,0.356706,-0.626869,57.550335344586735,9.875493874228384,-36.127828168616794,-5.0795753371761805,-7.805880080679172,8.473805371962198
19.003777265548706,-2.31419,-0.499563,1.81044,-0.090624,0.2831,-0.223444,0.138944,0.410012,0.555339,0.307695,0.661599,0.493776,-0.47307,0.0447406,0.29288,0.134381,0.651025,0.242431,0.35603,-0.625009,58.30954396603776,10.196770892461235,-37.832422656051335,-2.211889543908536,-8.174136843240543,5.443532314297839
19.004725694656372,-2.31419,-0.499563,1.81044,-0.090624,0.2831,-0.223444,0.138944,0.410012,0.555339,0.307695,0.661599,0.493776,-0.47307,0.0447406,0.29288,0.134381,0.651025,0.242431,0.35603,-0.625009,58.30954396603776,10.196770892461235,-37.832422656051335,-2.211889543908536,-8.174136843240543,5.443532314297839
19.02052140235901,-2.27581,-0.34379,1.82177,-0.0478585,0.265801,-0.198138,0.138909,0.410019,0.555287,0.307042,0.661147,0.494075,-0.473815,0.0411196,0.292899,0.13547,0.656473,0.236751,0.365266,-0.616095,57.825414894365785,10.673653732426391,-39.87854093564236,-3.0120578004836966,-7.3962339942088935,5.6244277250115
19.02147603034973,-2.27581,-0.34379,1.82177,-0.0478585,0.265801,-0.198138,0.138909,0.410019,0.555287,0.307042,0.661147,0.494075,-0.473815,0.0411196,0.292899,0.13547,0.656473,0.236751,0.365266,-0.616095,57.825414894365785,10.673653732426391,-39.87854093564236,-3.0120578004836966,-7.3962339942088935,5.6244277250115
19.037145853042603,-2.44548,-0.00822902,1.77565,0.0151127,0.300318,-0.155939,0.13892,0.410007,0.555289,0.306999,0.661227,0.494017,-0.47379,0.0369651,0.293127,0.13649,0.664562,0.233935,0.376588,-0.60151,56.75223009904925,11.558734656282683,-42.57011663320621,-4.921934551684236,-8.113832706853408,6.661369007489704
19.03810143470764,-2.44548,-0.00822902,1.77565,0.0151127,0.300318,-0.155939,0.13892,0.410007,0.555289,0.306999,0.661227,0.494017,-0.47379,0.0369651,0.293127,0.13649,0.664562,0.233935,0.376588,-0.60151,56.75223009904925,11.558734656282683,-42.57011663320621,-4.921934551684236,-8.113832706853408,6.661369007489704
19.070512771606445,-2.51654,0.235946,1.82449,0.0670022,0.289737,-0.121164,0.138883,0.410031,0.555322,0.307342,0.661203,0.494082,-0.473535,0.0306208,0.292868,0.138595,0.673814,0.22452,0.392857,-0.584148,55.687209256025895,12.163164829485687,-45.808717365317925,-6.558157820052334,-7.868434754255869,6.9494559304390995
19.071455001831055,-2.51654,0.235946,1.82449,0.0670022,0.289737,-0.121164,0.138883,0.410031,0.555322,0.307342,0.661203,0.494082,-0.473535,0.0306208,0.292868,0.138595,0.673814,0.22452,0.392857,-0.584148,55.687209256025895,12.163164829485687,-45.808717365317925,-6.558157820052334,-7.868434754255869,6.9494559304390995
19.08702802658081,-1.43787,-0.0883014,1.66059,0.0922893,0.169888,-0.224507,0.13874,0.410138,0.55534,0.308193,0.661058,0.494087,-0.473179,0.0271379,0.292189,0.139733,0.681842,0.213757,0.399091,-0.574565,55.718789731547126,12.629528486785315,-48.34708257398337,-5.296569445599847,-7.895247651308148,5.269422888629871
19.08797335624695,-1.43787,-0.0883014,1.66059,0.0922893,0.169888,-0.224507,0.13874,0.410138,0.55534,0.308193,0.661058,0.494087,-0.473179,0.0271379,0.292189,0.139733,0.681842,0.213757,0.399091,-0.574565,55.718789731547126,12.629528486785315,-48.34708257398337,-5.296569445599847,-7.895247651308148,5.269422888629871
19.10379981994629,-1.75668,1.21637,1.617,0.283542,0.266182,-0.034845,0.138715,0.410159,0.555357,0.308137,0.66107,0.494153,-0.473128,0.0262182,0.292171,0.140091,0.682148,0.214539,0.401603,-0.572156,55.37829853128037,12.67952912235042,-48.49073171171137,-6.319640509678867,-8.145089652664982,5.821221736277199
19.10476565361023,-1.75668,1.21637,1.617,0.283542,0.266182,-0.034845,0.138715,0.410159,0.555357,0.308137,0.66107,0.494153,-0.473128,0.0262182,0.292171,0.140091,0.682148,0.214539,0.401603,-0.572156,55.37829853128037,12.67952912235042,-48.49073171171137,-6.319640509678867,-8.145089652664982,5.821221736277199
19.12040138244629,-2.36594,0.966524,1.80117,0.214518,0.315023,-0.185221,0.13872,0.410137,0.555439,0.308003,0.661249,0.494246,-0.472869,0.0260883,0.29209,0.140072,0.679607,0.215963,0.402227,-0.574202,55.32092586395675,12.35373431272995,-47.8067691323488,-7.069718956438819,-8.045432658289682,6.583697910896502
19.121349573135376,-2.36594,0.966524,1.80117,0.214518,0.315023,-0.185221,0.13872,0.410137,0.555439,0.308003,0.661249,0.494246,-0.472869,0.0260883,0.29209,0.140072,0.679607,0.215963,0.402227,-0.574202,55.32092586395675,12.35373431272995,-47.8067691323488,-7.069718956438819,-8.045432658289682,6.583697910896502
19.137707233428955,-1.98527,0.632571,1.87534,0.194464,0.25812,-0.301436,0.138833,0.41006,0.555426,0.308332,0.661207,0.494307,-0.47265,0.02545,0.291705,0.140454,0.682418,0.212047,0.404076,-0.57102,55.379400311954974,12.508806562636325,-48.680961351813615,-6.525351909305963,-7.789263473628466,5.888705425025908
19.13864755630493,-1.98527,0.632571,1.87534,0.194464,0.25812,-0.301436,0.138833,0.41006,0.555426,0.308332,0.661207,0.494307,-0.47265,0.02545,0.291705,0.140454,0.682418,0.212047,0.404076,-0.57102,55.379400311954974,12.508806562636325,-48.680961351813615,-6.525351909305963,-7.789263473628466,5.888705425025908
19.170722484588623,-1.85159,1.45621,2.01036,0.319476,0.234132,-0.226709,0.138865,0.410061,0.55542,0.308413,0.661352,0.494137,-0.472571,0.0230888,0.291424,0.141143,0.683905,0.210273,0.409935,-0.565696,54.86209874575412,12.551138045515525,-49.35988051424295,-7.6730413289133,-7.891664414826795,6.587404382539498
19.171674489974976,-1.85159,1.45621,2.01036,0.319476,0.234132,-0.226709,0.138865,0.410061,0.55542,0.308413,0.661352,0.494137,-0.472571,0.0230888,0.291424,0.141143,0.683905,0.210273,0.409935,-0.565696,54.86209874575412,12.551138045515525,-49.35988051424295,-7.6730413289133,-7.891664414826795,6.587404382539498
19.187530994415283,-1.13986,2.01787,1.50783,0.442191,0.238901,-0.177557,0.138815,0.410126,0.555365,0.308213,0.661153,0.494073,-0.473047,0.0209033,0.290862,0.14196,0.686029,0.205305,0.414478,-0.561624,54.7413697442647,12.62620689737083,-50.32463741090095,-7.698143507372322,-7.223984329541642,6.375981648872645
19.18847966194153,-1.13986,2.01787,1.50783,0.442191,0.238901,-0.177557,0.138815,0.410126,0.555365,0.308213,0.661153,0.494073,-0.473047,0.0209033,0.290862,0.14196,0.686029,0.205305,0.414478,-0.561624,54.7413697442647,12.62620689737083,-50.32463741090095,-7.698143507372322,-7.223984329541642,6.375981648872645
19.20426845550537,-1.48431,1.05458,1.97956,0.330964,0.200873,-0.426816,0.138832,0.410093,0.555402,0.308532,0.661286,0.494029,-0.472699,0.020284,0.290728,0.142248,0.686214,0.204029,0.414405,-0.561917,54.86547111768901,12.54034742636661,-50.362299208488,-7.503327022886997,-7.852310101340551,5.857058726015847
19.205215215682983,-1.48431,1.05458,1.97956,0.330964,0.200873,-0.426816,0.138832,0.410093,0.555402,0.308532,0.661286,0.494029,-0.472699,0.020284,0.290728,0.142248,0.686214,0.204029,0.414405,-0.561917,54.86547111768901,12.54034742636661,-50.362299208488,-7.503327022886997,-7.852310101340551,5.857058726015847
19.220449924468994,-1.25298,1.44608,1.61699,0.435863,0.222733,-0.410608,0.138806,0.410102,0.555429,0.308147,0.66128,0.494124,-0.472858,0.0186627,0.290465,0.142863,0.686483,0.202174,0.418481,-0.559233,54.62381445111543,12.481530168515196,-50.72446773865506,-8.244114867122846,-7.3740987241556075,6.2927970494883425
19.22139883041382,-1.25298,1.44608,1.61699,0.435863,0.222733,-0.410608,0.138806,0.410102,0.555429,0.308147,0.66128,0.494124,-0.472858,0.0186627,0.290465,0.142863,0.686483,0.202174,0.418481,-0.559233,54.62381445111543,12.481530168515196,-50.72446773865506,-8.244114867122846,-7.3740987241556075,6.2927970494883425
19.237714767456055,-1.10177,1.84298,1.56977,0.510831,0.198143,-0.381488,0.138675,0.410152,0.555461,0.308517,0.661264,0.494336,-0.472418,0.0160464,0.289836,0.143849,0.687605,0.198394,0.423085,-0.555733,54.458988247548646,12.345505778913827,-51.2527643712264,-8.894745666230577,-7.750919968650841,6.211779921328852
19.23866558074951,-1.10177,1.84298,1.56977,0.510831,0.198143,-0.381488,0.138675,0.410152,0.555461,0.308517,0.661264,0.494336,-0.472418,0.0160464,0.289836,0.143849,0.687605,0.198394,0.423085,-0.555733,54.458988247548646,12.345505778913827,-51.2527643712264,-8.894745666230577,-7.750919968650841,6.211779921328852
19.270743370056152,-0.870911,1.87971,1.79749,0.54327,0.148848,-0.421045,0.138529,0.410245,0.555453,0.307917,0.661157,0.494895,-0.472374,0.0139923,0.289179,0.144512,0.687916,0.194699,0.425071,-0.555138,54.66872823577811,12.241474624608765,-51.603215322595894,-9.2426878937851,-7.911935681368818,5.841289429696299
19.271699905395508,-0.870911,1.87971,1.79749,0.54327,0.148848,-0.421045,0.138529,0.410245,0.555453,0.307917,0.661157,0.494895,-0.472374,0.0139923,0.289179,0.144512,0.687916,0.194699,0.425071,-0.555138,54.66872823577811,12.241474624608765,-51.603215322595894,-9.2426878937851,-7.911935681368818,5.841289429696299
19.287697076797485,-0.791122,1.3764,1.98545,0.514008,0.0885937,-0.578732,0.138597,0.410277,0.55529,0.307836,0.661354,0.493694,-0.473407,0.012121,0.288271,0.145164,0.688123,0.19126,0.429665,-0.552534,54.3790613494673,12.15166696406558,-52.16402408385368,-9.660761964290685,-6.804391183601393,6.456958434281705
19.28865671157837,-0.791122,1.3764,1.98545,0.514008,0.0885937,-0.578732,0.138597,0.410277,0.55529,0.307836,0.661354,0.493694,-0.473407,0.012121,0.288271,0.145164,0.688123,0.19126,0.429665,-0.552534,54.3790613494673,12.15166696406558,-52.16402408385368,-9.660761964290685,-6.804391183601393,6.456958434281705
19.304383754730225,-0.508417,1.43134,1.76551,0.54348,0.095514,-0.564204,0.138582,0.410242,0.55527,0.307436,0.660674,0.494641,-0.473628,0.0114874,0.288065,0.145368,0.687024,0.193142,0.427464,-0.554949,54.53659602877327,12.155155149936704,-51.66640382554656,-10.344215888359038,-8.360882064580512,6.160785690812935
19.305339097976685,-0.508417,1.43134,1.76551,0.54348,0.095514,-0.564204,0.138582,0.410242,0.55527,0.307436,0.660674,0.494641,-0.473628,0.0114874,0.288065,0.145368,0.687024,0.193142,0.427464,-0.554949,54.53659602877327,12.155155149936704,-51.66640382554656,-10.344215888359038,-8.360882064580512,6.160785690812935
19.32063126564026,-0.301893,1.01989,1.89137,0.510301,0.0469417,-0.702719,0.138607,0.410206,0.555134,0.30935,0.660515,0.493951,-0.473324,0.0105053,0.287399,0.145787,0.689239,0.188488,0.430086,-0.551768,54.42924918879414,12.07266288345529,-52.28303415469288,-9.289157286270337,-8.376102427365085,5.635679818804254
19.321575164794922,-0.301893,1.01989,1.89137,0.510301,0.0469417,-0.702719,0.138607,0.410206,0.555134,0.30935,0.660515,0.493951,-0.473324,0.0105053,0.287399,0.145787,0.689239,0.188488,0.430086,-0.551768,54.42924918879414,12.07266288345529,-52.28303415469288,-9.289157286270337,-8.376102427365085,5.635679818804254
19.337574005126953,0.0162964,1.31783,1.91623,0.54736,-0.00222022,-0.707216,0.138586,0.410235,0.555132,0.309434,0.660418,0.494073,-0.473276,0.00941393,0.286637,0.146071,0.691256,0.186349,0.432429,-0.548129,54.27791635486399,12.237283970495893,-52.97059617035072,-9.747524566857932,-8.393216605552627,5.841202921403029
19.33858346939087,0.0162964,1.31783,1.91623,0.54736,-0.00222022,-0.707216,0.138586,0.410235,0.555132,0.309434,0.660418,0.494073,-0.473276,0.00941393,0.286637,0.146071,0.691256,0.186349,0.432429,-0.548129,54.27791635486399,12.237283970495893,-52.97059617035072,-9.747524566857932,-8.393216605552627,5.841202921403029
19.356318473815918,-0.649406,1.32354,1.69298,0.583461,0.124397,-0.705448,0.138572,0.410244,0.55513,0.309507,0.660245,0.494198,-0.47334,0.00871749,0.286183,0.146392,0.689937,0.182807,0.43237,-0.551022,54.6947613095795,11.894244127840704,-52.74638800667004,-8.971144188630818,-8.044549824434677,5.3189481686388875
19.357260942459106,-0.649406,1.32354,1.69298,0.583461,0.124397,-0.705448,0.138572,0.410244,0.55513,0.309507,0.660245,0.494198,-0.47334,0.00871749,0.286183,0.146392,0.689937,0.182807,0.43237,-0.551022,54.6947613095795,11.894244127840704,-52.74638800667004,-8.971144188630818,-8.044549824434677,5.3189481686388875
19.387717962265015,-0.0954704,0.923634,1.85051,0.546736,0.0452302,-0.828548,0.138616,0.410241,0.555347,0.308132,0.660662,0.494367,-0.473478,0.00767381,0.285414,0.146871,0.690455,0.178963,0.433876,-0.550451,54.994787161306135,11.906017900350568,-53.34759794748007,-9.165131653541454,-7.161820366292292,5.220301096616565
19.38866639137268,-0.0954704,0.923634,1.85051,0.546736,0.0452302,-0.828548,0.138616,0.410241,0.555347,0.308132,0.660662,0.494367,-0.473478,0.00767381,0.285414,0.146871,0.690455,0.178963,0.433876,-0.550451,54.994787161306135,11.906017900350568,-53.34759794748007,-9.165131653541454,-7.161820366292292,5.220301096616565
19.404356479644775,0.279572,2.0594,1.61807,0.697189,0.0279967,-0.605687,0.138588,0.410278,0.555338,0.307867,0.660833,0.494586,-0.473184,0.00728357,0.285176,0.146986,0.691527,0.180002,0.435335,-0.547607,54.73309935220703,12.08118229722669,-53.663458231247674,-10.325005748477773,-7.4152917383697154,5.680747539541728
19.405364274978638,0.279572,2.0594,1.61807,0.697189,0.0279967,-0.605687,0.138588,0.410278,0.555338,0.307867,0.660833,0.494586,-0.473184,0.00728357,0.285176,0.146986,0.691527,0.180002,0.435335,-0.547607,54.73309935220703,12.08118229722669,-53.663458231247674,-10.325005748477773,-7.4152917383697154,5.680747539541728
19.42059898376465,-0.997772,0.0932734,1.74482,0.467069,0.159734,-1.03366,0.138529,0.410309,0.555353,0.308011,0.660799,0.494791,-0.472923,0.0072519,0.28474,0.147055,0.694017,0.179176,0.433562,-0.546132,54.88398823914762,12.409142288790026,-54.22932440177166,-10.249411201436242,-8.36722699845279,4.899152452794469
19.421555757522583,-0.997772,0.0932734,1.74482,0.467069,0.159734,-1.03366,0.138529,0.410309,0.555353,0.308011,0.660799,0.494791,-0.472923,0.0072519,0.28474,0.147055,0.694017,0.179176,0.433562,-0.546132,54.88398823914762,12.409142288790026,-54.22932440177166,-10.249411201436242,-8.36722699845279,4.899152452794469
19.437642335891724,1.16932,0.520352,1.41822,0.487055,0.0216841,-0.893144,0.138573,0.410267,0.55526,0.308638,0.660657,0.494378,-0.473143,0.00686893,0.284085,0.147086,0.691648,0.177606,0.434593,-0.548824,54.968803401230765,11.950185722414515,-53.65658626839536,-10.055092497703555,-7.697867372729202,5.447066882284067
19.438583374023438,1.16932,0.520352,1.41822,0.487055,0.0216841,-0.893144,0.138573,0.410267,0.55526,0.308638,0.660657,0.494378,-0.473143,0.00686893,0.284085,0.147086,0.691648,0.177606,0.434593,-0.548824,54.968803401230765,11.950185722414515,-53.65658626839536,-10.055092497703555,-7.697867372729202,5.447066882284067
19.47110366821289,0.763966,1.12779,1.31146,0.567536,0.128228,-0.769853,0.138641,0.410198,0.555269,0.308363,0.660438,0.494397,-0.473608,0.00673365,0.283596,0.14705,0.690837,0.178033,0.43441,-0.549851,54.97637317459374,11.911802556629706,-53.468957591049296,-10.43388928485414,-7.5996573079512615,5.888470354859483
19.472052335739136,0.763966,1.12779,1.31146,0.567536,0.128228,-0.769853,0.138641,0.410198,0.555269,0.308363,0.660438,0.494397,-0.473608,0.00673365,0.283596,0.14705,0.690837,0.178033,0.43441,-0.549851,54.97637317459374,11.911802556629706,-53.468957591049296,-10.43388928485414,-7.5996573079512615,5.888470354859483
19.487504959106445,0.166653,1.19243,1.24007,0.551154,0.23518,-0.708375,0.138681,0.410172,0.55519,0.309654,0.660612,0.493831,-0.473115,0.00691913,0.283086,0.146839,0.691324,0.175692,0.434691,-0.54977,55.05655960552267,11.743969278086192,-53.54308805296061,-9.619733020005686,-7.4067470899273165,5.814094652825136
19.488449573516846,0.166653,1.19243,1.24007,0.551154,0.23518,-0.708375,0.138681,0.410172,0.55519,0.309654,0.660612,0.493831,-0.473115,0.00691913,0.283086,0.146839,0.691324,0.175692,0.434691,-0.54977,55.05655960552267,11.743969278086192,-53.54308805296061,-9.619733020005686,-7.4067470899273165,5.814094652825136
19.503807067871094,1.09687,1.13105,1.10134,0.530588,0.158232,-0.652809,0.138698,0.410206,0.555247,0.308313,0.660958,0.49346,-0.473893,0.00703356,0.282928,0.14677,0.691559,0.175213,0.433346,-0.550689,55.274270205895995,11.94735028530045,-53.87512011224394,-9.577309911897286,-6.874291567495864,5.670400684271882
19.504776000976562,1.09687,1.13105,1.10134,0.530588,0.158232,-0.652809,0.138698,0.410206,0.555247,0.308313,0.660958,0.49346,-0.473893,0.00703356,0.282928,0.14677,0.691559,0.175213,0.433346,-0.550689,55.274270205895995,11.94735028530045,-53.87512011224394,-9.577309911897286,-6.874291567495864,5.670400684271882
19.52046823501587,0.715519,0.732308,1.33476,0.469612,0.160453,-0.660222,0.138783,0.410159,0.5553,0.308067,0.66055,0.494404,-0.473639,0.00756674,0.282541,0.14645,0.690684,0.177449,0.431231,-0.552726,55.40726171424544,11.934120702451272,-53.37728156225757,-10.336103608247939,-7.580071507815104,6.0108409081908745
19.521402835845947,0.715519,0.732308,1.33476,0.469612,0.160453,-0.660222,0.138783,0.410159,0.5553,0.308067,0.66055,0.494404,-0.473639,0.00756674,0.282541,0.14645,0.690684,0.177449,0.431231,-0.552726,55.40726171424544,11.934120702451272,-53.37728156225757,-10.336103608247939,-7.580071507815104,6.0108409081908745
19.537123441696167,0.901922,0.957035,1.15821,0.4743,0.179573,-0.571857,0.138785,0.410118,0.55532,0.308329,0.660419,0.494032,-0.474038,0.00774562,0.282389,0.146355,0.691096,0.177307,0.430397,-0.552908,55.41850315404753,12.016567062566965,-53.46290451375332,-9.904159165207258,-7.6255772826321415,5.920581741551373
19.53806161880493,0.901922,0.957035,1.15821,0.4743,0.179573,-0.571857,0.138785,0.410118,0.55532,0.308329,0.660419,0.494032,-0.474038,0.00774562,0.282389,0.146355,0.691096,0.177307,0.430397,-0.552908,55.41850315404753,12.016567062566965,-53.46290451375332,-9.904159165207258,-7.6255772826321415,5.920581741551373
19.57071018218994,0.730589,0.706978,1.18801,0.397728,0.208381,-0.529596,0.138844,0.410072,0.555171,0.310017,0.660934,0.493332,-0.472947,0.00917391,0.281918,0.145615,0.691573,0.178441,0.427851,-0.553922,55.47655300133471,11.945061729453489,-53.19670092674751,-9.667314299223523,-8.34985706513982,5.93525223012872
19.57166314125061,0.730589,0.706978,1.18801,0.397728,0.208381,-0.529596,0.138844,0.410072,0.555171,0.310017,0.660934,0.493332,-0.472947,0.00917391,0.281918,0.145615,0.691573,0.178441,0.427851,-0.553922,55.47655300133471,11.945061729453489,-53.19670092674751,-9.667314299223523,-8.34985706513982,5.93525223012872
19.58695101737976,0.678408,0.557987,0.930154,0.32087,0.268898,-0.420575,0.138903,0.410031,0.555265,0.307681,0.660922,0.494095,-0.473693,0.0106095,0.281439,0.144888,0.692034,0.176477,0.423421,-0.557368,56.28469972548754,12.235340533759688,-53.595469928523904,-8.793649026990565,-7.019301126845155,5.389857034726969
19.587915897369385,0.678408,0.557987,0.930154,0.32087,0.268898,-0.420575,0.138903,0.410031,0.555265,0.307681,0.660922,0.494095,-0.473693,0.0106095,0.281439,0.144888,0.692034,0.176477,0.423421,-0.557368,56.28469972548754,12.235340533759688,-53.595469928523904,-8.793649026990565,-7.019301126845155,5.389857034726969
19.60374164581299,0.180865,0.11748,0.74961,0.242564,0.354047,-0.431207,0.138922,0.410025,0.555292,0.307416,0.660946,0.494133,-0.473791,0.0113589,0.28138,0.14455,0.691473,0.179992,0.424151,-0.556385,55.91260711328327,12.314835019593309,-53.35186824981039,-10.051481782530168,-6.581175669837199,6.654909151742642
19.60469388961792,0.180865,0.11748,0.74961,0.242564,0.354047,-0.431207,0.138922,0.410025,0.555292,0.307416,0.660946,0.494133,-0.473791,0.0113589,0.28138,0.14455,0.691473,0.179992,0.424151,-0.556385,55.91260711328327,12.314835019593309,-53.35186824981039,-10.051481782530168,-6.581175669837199,6.654909151742642
19.62052869796753,-0.534021,-0.322429,1.08011,0.178032,0.355183,-0.428394,0.138989,0.409991,0.555372,0.308354,0.66118,0.493598,-0.473413,0.0128026,0.281267,0.143815,0.691284,0.182996,0.419794,-0.558938,56.02726338205807,12.36742699415689,-52.88823550543332,-9.777895369579138,-7.786523205612474,6.6614173467914535
19.621474504470825,-0.534021,-0.322429,1.08011,0.178032,0.355183,-0.428394,0.138989,0.409991,0.555372,0.308354,0.66118,0.493598,-0.473413,0.0128026,0.281267,0.143815,0.691284,0.182996,0.419794,-0.558938,56.02726338205807,12.36742699415689,-52.88823550543332,-9.777895369579138,-7.786523205612474,6.6614173467914535
19.637210369110107,-0.307592,0.152364,0.93198,0.205471,0.313554,-0.260216,0.138964,0.41001,0.555386,0.308082,0.661286,0.493963,-0.473061,0.0137801,0.281115,0.143168,0.68898,0.18581,0.416247,-0.56349,56.31440733739195,12.180356239624553,-52.01680927844532,-10.191805173602814,-8.322877791670788,7.030833881362211
19.63815689086914,-0.307592,0.152364,0.93198,0.205471,0.313554,-0.260216,0.138964,0.41001,0.555386,0.308082,0.661286,0.493963,-0.473061,0.0137801,0.281115,0.143168,0.68898,0.18581,0.416247,-0.56349,56.31440733739195,12.180356239624553,-52.01680927844532,-10.191805173602814,-8.322877791670788,7.030833881362211
19.670926570892334,-0.852009,-0.289766,1.45089,0.0359646,0.28273,-0.200106,0.138953,0.410021,0.555343,0.307965,0.661488,0.493786,-0.47304,0.0173441,0.281374,0.141496,0.688315,0.188935,0.410747,-0.567285,56.63087655884026,12.296389855628556,-51.55162020776722,-9.18134184468139,-7.209874317321324,7.441384946535451
19.67194700241089,-0.852009,-0.289766,1.45089,0.0359646,0.28273,-0.200106,0.138953,0.410021,0.555343,0.307965,0.661488,0.493786,-0.47304,0.0173441,0.281374,0.141496,0.688315,0.188935,0.410747,-0.567285,56.63087655884026,12.296389855628556,-51.55162020776722,-9.18134184468139,-7.209874317321324,7.441384946535451
19.68691611289978,-1.09226,-0.441918,0.960561,0.00529426,0.409926,-0.156255,0.139041,0.409931,0.555412,0.30778,0.661899,0.493455,-0.472931,0.0213553,0.281544,0.140092,0.686842,0.194539,0.401997,-0.573411,57.0899603341821,12.444128737963025,-50.69830921367581,-8.583484528611873,-7.4042072318825145,7.324510391350794
19.687860012054443,-1.09226,-0.441918,0.960561,0.00529426,0.409926,-0.156255,0.139041,0.409931,0.555412,0.30778,0.661899,0.493455,-0.472931,0.0213553,0.281544,0.140092,0.686842,0.194539,0.401997,-0.573411,57.0899603341821,12.444128737963025,-50.69830921367581,-8.583484528611873,-7.4042072318825145,7.324510391350794
19.703757524490356,-1.70999,-0.869097,1.07356,-0.0505179,0.457673,-0.253274,0.139048,0.409924,0.555423,0.307839,0.661863,0.493521,-0.472874,0.022782,0.281607,0.139571,0.685826,0.195475,0.39809,-0.577024,57.453627282988535,12.375497839927485,-50.24045636350128,-7.803111490174929,-7.463581125963061,6.918933704361772
19.70469880104065,-1.70999,-0.869097,1.07356,-0.0505179,0.457673,-0.253274,0.139048,0.409924,0.555423,0.307839,0.661863,0.493521,-0.472874,0.022782,0.281607,0.139571,0.685826,0.195475,0.39809,-0.577024,57.453627282988535,12.375497839927485,-50.24045636350128,-7.803111490174929,-7.463581125963061,6.918933704361772
19.720420122146606,-1.97732,-0.365832,0.80442,0.0409993,0.543618,-0.172916,0.138989,0.409976,0.555448,0.307725,0.661811,0.4937,-0.472834,0.0280112,0.281928,0.138192,0.681466,0.206436,0.38527,-0.586988,57.92502503812216,12.401412239570455,-48.21963529252378,-8.069486133393713,-8.709477222203969,6.916978060507175
19.721359968185425,-1.97732,-0.365832,0.80442,0.0409993,0.543618,-0.172916,0.138989,0.409976,0.555448,0.307725,0.661811,0.4937,-0.472834,0.0280112,0.281928,0.138192,0.681466,0.206436,0.38527,-0.586988,57.92502503812216,12.401412239570455,-48.21963529252378,-8.069486133393713,-8.709477222203969,6.916978060507175
19.737168550491333,-1.48095,0.140442,0.530477,0.101707,0.520045,-0.0586137,0.138971,0.409988,0.555479,0.308287,0.661766,0.493527,-0.472711,0.0296843,0.282165,0.137654,0.67899,0.21103,0.381865,-0.590439,57.882864842202146,12.245312150742834,-47.17669428020102,-8.208725374766185,-9.213763616216514,7.416617698599305
19.738126277923584,-1.48095,0.140442,0.530477,0.101707,0.520045,-0.0586137,0.138971,0.409988,0.555479,0.308287,0.661766,0.493527,-0.472711,0.0296843,0.282165,0.137654,0.67899,0.21103,0.381865,-0.590439,57.882864842202146,12.245312150742834,-47.17669428020102,-8.208725374766185,-9.213763616216514,7.416617698599305
19.770424604415894,-1.18151,-0.290616,0.832291,-0.0182567,0.426782,-0.100112,0.138906,0.410014,0.555736,0.308624,0.661026,0.493706,-0.47334,0.0351044,0.282452,0.135713,0.677622,0.218646,0.371206,-0.59601,58.21085059287056,12.576425099788096,-46.14452900218439,-6.580999110204307,-9.046217374879731,7.87519838756481
19.771368503570557,-1.18151,-0.290616,0.832291,-0.0182567,0.426782,-0.100112,0.138906,0.410014,0.555736,0.308624,0.661026,0.493706,-0.47334,0.0351044,0.282452,0.135713,0.677622,0.218646,0.371206,-0.59601,58.21085059287056,12.576425099788096,-46.14452900218439,-6.580999110204307,-9.046217374879731,7.87519838756481
19.787020206451416,-0.804323,-0.411757,0.453778,-0.065569,0.461574,-0.107095,0.138977,0.409972,0.555745,0.309115,0.661133,0.493549,-0.473034,0.041403,0.282749,0.134166,0.673917,0.229214,0.362189,-0.601762,58.21479308576334,12.618704150644625,-44.45391021549702,-6.724395667674541,-8.435938081694474,8.979058860515693
19.787965536117554,-0.804323,-0.411757,0.453778,-0.065569,0.461574,-0.107095,0.138977,0.409972,0.555745,0.309115,0.661133,0.493549,-0.473034,0.041403,0.282749,0.134166,0.673917,0.229214,0.362189,-0.601762,58.21479308576334,12.618704150644625,-44.45391021549702,-6.724395667674541,-8.435938081694474,8.979058860515693
19.803777933120728,-0.811802,-0.883019,0.432349,-0.121951,0.480819,-0.212266,0.139003,0.409957,0.555723,0.309024,0.661159,0.493488,-0.473119,0.0438156,0.282132,0.133251,0.667235,0.229694,0.355051,-0.613169,59.07450780450366,11.759171038718906,-42.423719470648265,-5.235988304012357,-7.383578766610777,8.717278171127127
19.80472183227539,-0.811802,-0.883019,0.432349,-0.121951,0.480819,-0.212266,0.139003,0.409957,0.555723,0.309024,0.661159,0.493488,-0.473119,0.0438156,0.282132,0.133251,0.667235,0.229694,0.355051,-0.613169,59.07450780450366,11.759171038718906,-42.423719470648265,-5.235988304012357,-7.383578766610777,8.717278171127127
19.820401906967163,-1.3821,-0.348106,0.419584,-0.0338361,0.577169,-0.186268,0.139049,0.409959,0.55565,0.3086,0.661437,0.493685,-0.472803,0.0504854,0.281626,0.131477,0.658592,0.241331,0.340054,-0.626402,59.72966248927058,11.303534892402144,-39.35185645953429,-5.181201841586166,-7.6072386789615285,9.340852408612147
19.821341514587402,-1.3821,-0.348106,0.419584,-0.0338361,0.577169,-0.186268,0.139049,0.409959,0.55565,0.3086,0.661437,0.493685,-0.472803,0.0504854,0.281626,0.131477,0.658592,0.241331,0.340054,-0.626402,59.72966248927058,11.303534892402144,-39.35185645953429,-5.181201841586166,-7.6072386789615285,9.340852408612147
19.837186813354492,-3.49738,1.31015,0.639136,0.100623,0.744459,0.0834796,0.139071,0.409909,0.555577,0.308497,0.661432,0.493206,-0.473376,0.0600694,0.280584,0.129733,0.649121,0.252297,0.316828,-0.643901,61.04744896046776,10.864790401495881,-35.942815390031114,-2.6074174839971116,-7.142947497821225,7.940221104107307
19.838146924972534,-3.49738,1.31015,0.639136,0.100623,0.744459,0.0834796,0.139071,0.409909,0.555577,0.308497,0.661432,0.493206,-0.473376,0.0600694,0.280584,0.129733,0.649121,0.252297,0.316828,-0.643901,61.04744896046776,10.864790401495881,-35.942815390031114,-2.6074174839971116,-7.142947497821225,7.940221104107307
19.881861209869385,-1.57594,-1.21795,0.276205,-0.222653,0.585058,-0.351255,0.139032,0.409978,0.555803,0.308465,0.661637,0.493499,-0.472805,0.0626523,0.280585,0.12908,0.647133,0.253872,0.313435,-0.646936,61.31051506631244,10.656659375408642,-35.21423253623708,-1.9816559004518783,-5.966029311631308,8.15662840025179
19.883919715881348,-1.57594,-1.21795,0.276205,-0.222653,0.585058,-0.351255,0.139032,0.409978,0.555803,0.308465,0.661637,0.493499,-0.472805,0.0626523,0.280585,0.12908,0.647133,0.253872,0.313435,-0.646936,61.31051506631244,10.656659375408642,-35.21423253623708,-1.9816559004518783,-5.966029311631308,8.15662840025179
19.90133547782898,-0.115439,-0.898844,0.834965,-0.160525,0.195228,-0.221545,0.138967,0.410051,0.555955,0.306298,0.661466,0.494381,-0.473531,0.0644824,0.280687,0.128742,0.646984,0.257979,0.309802,-0.647211,61.44080275627128,11.132773692798164,-35.39534588080363,-2.5506888195137862,-5.485736933192307,8.652622151577985
19.902462244033813,-0.115439,-0.898844,0.834965,-0.160525,0.195228,-0.221545,0.138967,0.410051,0.555955,0.306298,0.661466,0.494381,-0.473531,0.0644824,0.280687,0.128742,0.646984,0.257979,0.309802,-0.647211,61.44080275627128,11.132773692798164,-35.39534588080363,-2.5506888195137862,-5.485736933192307,8.652622151577985
19.920296669006348,1.29229,0.746698,0.7429,0.102722,0.00584202,0.138497,0.139043,0.410023,0.555855,0.307514,0.661988,0.493033,-0.47342,0.0653907,0.280694,0.128898,0.645123,0.25915,0.309565,-0.648712,61.23636475134387,10.853962713603707,-34.74874470441248,-2.480899185355653,-5.180779423153914,8.683934583717623
19.92124104499817,1.29229,0.746698,0.7429,0.102722,0.00584202,0.138497,0.139043,0.410023,0.555855,0.307514,0.661988,0.493033,-0.47342,0.0653907,0.280694,0.128898,0.645123,0.25915,0.309565,-0.648712,61.23636475134387,10.853962713603707,-34.74874470441248,-2.480899185355653,-5.180779423153914,8.683934583717623
19.953973531723022,1.50034,1.57314,0.632102,0.248003,0.00418088,0.276275,0.139121,0.409982,0.555885,0.307468,0.662312,0.492788,-0.47325,0.0660096,0.280662,0.129144,0.64453,0.260552,0.306881,-0.650014,61.378045753513675,10.872600522980562,-34.54375338761037,-2.4767268452363194,-5.925082583205246,8.10729598871502
19.95493221282959,1.50034,1.57314,0.632102,0.248003,0.00418088,0.276275,0.139121,0.409982,0.555885,0.307468,0.662312,0.492788,-0.47325,0.0660096,0.280662,0.129144,0.64453,0.260552,0.306881,-0.650014,61.378045753513675,10.872600522980562,-34.54375338761037,-2.4767268452363194,-5.925082583205246,8.10729598871502
19.982378721237183,0.708157,1.28181,0.681865,0.198559,0.136645,0.193147,0.139098,0.40999,0.556005,0.306407,0.662205,0.494216,-0.472598,0.0658274,0.28063,0.129212,0.647145,0.259992,0.308051,-0.647079,61.484241383150945,11.210250740116827,-35.37378356204977,-3.311883976481709,-5.923627811983275,8.22188144694649
19.984469890594482,0.708157,1.28181,0.681865,0.198559,0.136645,0.193147,0.139098,0.40999,0.556005,0.306407,0.662205,0.494216,-0.472598,0.0658274,0.28063,0.129212,0.647145,0.259992,0.308051,-0.647079,61.484241383150945,11.210250740116827,-35.37378356204977,-3.311883976481709,-5.923627811983275,8.22188144694649
20.00220251083374,0.00706244,0.3075,0.581656,0.0739531,0.269614,-0.0220456,0.1391,0.409976,0.55602,0.306377,0.6623,0.494185,-0.472518,0.0638972,0.280001,0.129413,0.651483,0.252561,0.312579,-0.643488,61.68634994140889,11.341199158934455,-36.875201613353276,-2.9120149931047887,-4.782722808429748,7.768064060000752
20.003358602523804,0.00706244,0.3075,0.581656,0.0739531,0.269614,-0.0220456,0.1391,0.409976,0.55602,0.306377,0.6623,0.494185,-0.472518,0.0638972,0.280001,0.129413,0.651483,0.252561,0.312579,-0.643488,61.68634994140889,11.341199158934455,-36.875201613353276,-2.9120149931047887,-4.782722808429748,7.768064060000752
20.022749423980713,-0.280231,0.291461,0.415704,0.05722,0.417637,-0.0427282,0.139155,0.409955,0.555869,0.307893,0.660855,0.493951,-0.473799,0.0615441,0.279779,0.129616,0.654637,0.249826,0.31848,-0.638442,61.076035081173444,11.570615350184054,-37.67520107136992,-2.683702341421719,-4.9391993530770195,8.486415687206666
20.023695945739746,-0.280231,0.291461,0.415704,0.05722,0.417637,-0.0427282,0.139155,0.409955,0.555869,0.307893,0.660855,0.493951,-0.473799,0.0615441,0.279779,0.129616,0.654637,0.249826,0.31848,-0.638442,61.076035081173444,11.570615350184054,-37.67520107136992,-2.683702341421719,-4.9391993530770195,8.486415687206666
20.05428671836853,-1.87683,-0.0443552,0.673993,0.00524276,0.589964,-0.141783,0.139114,0.409919,0.555731,0.308831,0.661354,0.493284,-0.473186,0.0573713,0.279229,0.129823,0.661928,0.243243,0.323334,-0.630983,61.03117502517531,12.08648772262487,-39.93057086827551,-2.4637287635148404,-7.158349039037027,7.809637680990479
20.05527138710022,-1.87683,-0.0443552,0.673993,0.00524276,0.589964,-0.141783,0.139114,0.409919,0.555731,0.308831,0.661354,0.493284,-0.473186,0.0573713,0.279229,0.129823,0.661928,0.243243,0.323334,-0.630983,61.03117502517531,12.08648772262487,-39.93057086827551,-2.4637287635148404,-7.158349039037027,7.809637680990479
20.071046590805054,-1.43138,-0.0193245,0.651198,0.00766247,0.532437,-0.103143,0.13903,0.409951,0.555554,0.308772,0.661118,0.493577,-0.47325,0.0519705,0.279053,0.130546,0.672155,0.234546,0.340486,-0.614219,59.93954094875602,12.931645858941652,-43.385352279460115,-4.462465173002073,-5.796038479747707,9.432574726315963
20.071993827819824,-1.43138,-0.0193245,0.651198,0.00766247,0.532437,-0.103143,0.13903,0.409951,0.555554,0.308772,0.661118,0.493577,-0.47325,0.0519705,0.279053,0.130546,0.672155,0.234546,0.340486,-0.614219,59.93954094875602,12.931645858941652,-43.385352279460115,-4.462465173002073,-5.796038479747707,9.432574726315963
20.087657690048218,-1.14729,-0.0641992,0.708357,0.0318687,0.486409,-0.108569,0.138979,0.409925,0.55549,0.308187,0.66198,0.493738,-0.472257,0.0485519,0.278429,0.131274,0.679329,0.223892,0.347726,-0.606194,60.15253193221615,13.306875589698691,-46.01531827596445,-4.437201881199122,-5.096279934268308,8.290802918852592
20.08859944343567,-1.14729,-0.0641992,0.708357,0.0318687,0.486409,-0.108569,0.138979,0.409925,0.55549,0.308187,0.66198,0.493738,-0.472257,0.0485519,0.278429,0.131274,0.679329,0.223892,0.347726,-0.606194,60.15253193221615,13.306875589698691,-46.01531827596445,-4.437201881199122,-5.096279934268308,8.290802918852592
20.10379409790039,-1.60959,-0.111775,0.822145,0.0389741,0.522024,-0.138008,0.13897,0.409953,0.555468,0.308281,0.661837,0.493419,-0.472729,0.0470815,0.278116,0.131708,0.682149,0.222399,0.34896,-0.602859,60.020977889018276,13.672102976257149,-46.90397884628825,-4.609666570269264,-6.026337184188831,7.959231156228399
20.104751348495483,-1.60959,-0.111775,0.822145,0.0389741,0.522024,-0.138008,0.13897,0.409953,0.555468,0.308281,0.661837,0.493419,-0.472729,0.0470815,0.278116,0.131708,0.682149,0.222399,0.34896,-0.602859,60.020977889018276,13.672102976257149,-46.90397884628825,-4.609666570269264,-6.026337184188831,7.959231156228399
20.137385606765747,-0.585524,1.21182,0.144176,0.333553,0.531447,0.0768908,0.138788,0.410075,0.555676,0.309258,0.660717,0.493844,-0.473213,0.0406918,0.277353,0.133719,0.688903,0.211893,0.363758,-0.590079,59.16220685562695,13.947066178235222,-49.20403153845815,-5.614083902362852,-5.633511223577768,8.334986737043504
20.138333559036255,-0.585524,1.21182,0.144176,0.333553,0.531447,0.0768908,0.138788,0.410075,0.555676,0.309258,0.660717,0.493844,-0.473213,0.0406918,0.277353,0.133719,0.688903,0.211893,0.363758,-0.590079,59.16220685562695,13.947066178235222,-49.20403153845815,-5.614083902362852,-5.633511223577768,8.334986737043504
20.154151678085327,-0.532308,1.25963,0.26756,0.332552,0.511563,0.0524032,0.138808,0.410083,0.555759,0.309153,0.660958,0.493805,-0.472987,0.0405075,0.27726,0.133865,0.688112,0.21246,0.363841,-0.590747,59.15621732302847,13.844270582586818,-48.99088261495963,-6.077300493708833,-5.847094825015777,8.50743951532133
20.15511417388916,-0.532308,1.25963,0.26756,0.332552,0.511563,0.0524032,0.138808,0.410083,0.555759,0.309153,0.660958,0.493805,-0.472987,0.0405075,0.27726,0.133865,0.688112,0.21246,0.363841,-0.590747,59.15621732302847,13.844270582586818,-48.99088261495963,-6.077300493708833,-5.847094825015777,8.50743951532133
20.170566082000732,-1.07581,0.894497,0.283909,0.314326,0.585389,-0.101068,0.1389,0.410122,0.556029,0.306172,0.661486,0.494857,-0.473087,0.0402666,0.277551,0.13406,0.684637,0.218593,0.366353,-0.590995,58.74143183484721,13.831318577161795,-48.3039656218199,-9.553725397582722,-5.2593672974515675,10.74927094750413
20.171517610549927,-1.07581,0.894497,0.283909,0.314326,0.585389,-0.101068,0.1389,0.410122,0.556029,0.306172,0.661486,0.494857,-0.473087,0.0402666,0.277551,0.13406,0.684637,0.218593,0.366353,-0.590995,58.74143183484721,13.831318577161795,-48.3039656218199,-9.553725397582722,-5.2593672974515675,10.74927094750413
20.18695855140686,-0.907003,1.60955,-0.00983971,0.465962,0.627794,-0.00164881,0.139003,0.41004,0.556022,0.306776,0.66159,0.494458,-0.472968,0.03756,0.276271,0.134733,0.69373,0.204826,0.368921,-0.58368,59.372973718398256,14.436158162896168,-51.387746025990374,-6.864360988935565,-5.3195149948976725,8.032222179888036
20.187912225723267,-0.907003,1.60955,-0.00983971,0.465962,0.627794,-0.00164881,0.139003,0.41004,0.556022,0.306776,0.66159,0.494458,-0.472968,0.03756,0.276271,0.134733,0.69373,0.204826,0.368921,-0.58368,59.372973718398256,14.436158162896168,-51.387746025990374,-6.864360988935565,-5.3195149948976725,8.032222179888036
20.204710483551025,-0.490114,1.7737,0.519394,0.470402,0.491879,0.0155658,0.139041,0.410035,0.55599,0.306986,0.661612,0.494494,-0.472763,0.0365062,0.276252,0.135038,0.693926,0.205261,0.371787,-0.581472,59.025796045925226,14.418802026124176,-51.417824659101626,-7.815899605343609,-5.704375197173359,8.548330700364358
20.205702543258667,-0.490114,1.7737,0.519394,0.470402,0.491879,0.0155658,0.139041,0.410035,0.55599,0.306986,0.661612,0.494494,-0.472763,0.0365062,0.276252,0.135038,0.693926,0.205261,0.371787,-0.581472,59.025796045925226,14.418802026124176,-51.417824659101626,-7.815899605343609,-5.704375197173359,8.548330700364358
20.23730731010437,-0.750796,1.2828,0.481028,0.490936,0.56489,-0.162423,0.139128,0.409966,0.555857,0.3086,0.661867,0.493445,-0.472451,0.0332292,0.275334,0.136178,0.699093,0.198635,0.376933,-0.574225,58.73391820533492,14.68582212411049,-53.03838291390893,-7.661875980020003,-7.068876597092109,7.450634409498797
20.23826289176941,-0.750796,1.2828,0.481028,0.490936,0.56489,-0.162423,0.139128,0.409966,0.555857,0.3086,0.661867,0.493445,-0.472451,0.0332292,0.275334,0.136178,0.699093,0.198635,0.376933,-0.574225,58.73391820533492,14.68582212411049,-53.03838291390893,-7.661875980020003,-7.068876597092109,7.450634409498797
20.254096269607544,0.0148716,1.49783,0.489209,0.556144,0.486946,-0.136067,0.139129,0.409988,0.555878,0.307706,0.661676,0.493876,-0.472852,0.0320655,0.275167,0.136391,0.69637,0.200116,0.377315,-0.576763,58.737930695875875,14.436320345865195,-52.363090007604214,-8.700187761668184,-7.524965904587402,8.041889479993747
20.255049228668213,0.0148716,1.49783,0.489209,0.556144,0.486946,-0.136067,0.139129,0.409988,0.555878,0.307706,0.661676,0.493876,-0.472852,0.0320655,0.275167,0.136391,0.69637,0.200116,0.377315,-0.576763,58.737930695875875,14.436320345865195,-52.363090007604214,-8.700187761668184,-7.524965904587402,8.041889479993747
20.2705078125,0.207322,2.27694,0.627677,0.679822,0.478565,-0.0644594,0.139039,0.410012,0.555832,0.308808,0.661532,0.493686,-0.472533,0.0291751,0.27449,0.137518,0.697799,0.19158,0.384889,-0.572917,58.61318839535934,14.059883661060937,-53.136342591002965,-8.201130838082472,-6.2664775631621525,7.689850749125701
20.271464824676514,0.207322,2.27694,0.627677,0.679822,0.478565,-0.0644594,0.139039,0.410012,0.555832,0.308808,0.661532,0.493686,-0.472533,0.0291751,0.27449,0.137518,0.697799,0.19158,0.384889,-0.572917,58.61318839535934,14.059883661060937,-53.136342591002965,-8.201130838082472,-6.2664775631621525,7.689850749125701
20.28714346885681,0.709307,1.9885,0.52335,0.663014,0.445504,-0.172248,0.138982,0.410051,0.555848,0.308692,0.661465,0.493811,-0.472571,0.0277884,0.274212,0.138074,0.699691,0.18833,0.386706,-0.570459,58.65427069450589,14.191802266538946,-53.86639899793012,-8.090348221956539,-6.45159746452573,7.104536743671334
20.28809642791748,0.709307,1.9885,0.52335,0.663014,0.445504,-0.172248,0.138982,0.410051,0.555848,0.308692,0.661465,0.493811,-0.472571,0.0277884,0.274212,0.138074,0.699691,0.18833,0.386706,-0.570459,58.65427069450589,14.191802266538946,-53.86639899793012,-8.090348221956539,-6.45159746452573,7.104536743671334
20.304270029067993,0.335464,1.99633,0.592584,0.665107,0.499676,-0.199495,0.138904,0.41009,0.555899,0.308469,0.661111,0.494424,-0.472573,0.0269072,0.274079,0.13838,0.696681,0.188975,0.38828,-0.572855,58.611970271249625,13.757238184502768,-53.015070369288274,-8.943578775264248,-6.282288771046999,7.803586146701645
20.305228233337402,0.335464,1.99633,0.592584,0.665107,0.499676,-0.199495,0.138904,0.41009,0.555899,0.308469,0.661111,0.494424,-0.472573,0.0269072,0.274079,0.13838,0.696681,0.188975,0.38828,-0.572855,58.611970271249625,13.757238184502768,-53.015070369288274,-8.943578775264248,-6.282288771046999,7.803586146701645
20.337314128875732,0.733244,2.06386,0.150731,0.719575,0.537854,-0.219912,0.138741,0.410157,0.555794,0.309276,0.660861,0.494309,-0.472514,0.0230764,0.273138,0.139691,0.698499,0.184797,0.394468,-0.567753,58.20090412654069,13.707500470176763,-53.71619365789297,-10.07266648323949,-7.327153399059264,7.799754775033495
20.338269233703613,0.733244,2.06386,0.150731,0.719575,0.537854,-0.219912,0.138741,0.410157,0.555794,0.309276,0.660861,0.494309,-0.472514,0.0230764,0.273138,0.139691,0.698499,0.184797,0.394468,-0.567753,58.20090412654069,13.707500470176763,-53.71619365789297,-10.07266648323949,-7.327153399059264,7.799754775033495
20.350178003311157,0.733244,2.06386,0.150731,0.719575,0.537854,-0.219912,0.138741,0.410157,0.555794,0.309276,0.660861,0.494309,-0.472514,0.0230764,0.273138,0.139691,0.698499,0.184797,0.394468,-0.567753,58.20090412654069,13.707500470176763,-53.71619365789297,-10.07266648323949,-7.327153399059264,7.799754775033495
20.370859146118164,0.662275,1.46165,0.213791,0.610697,0.530832,-0.335454,0.138769,0.410105,0.555729,0.309488,0.660623,0.494061,-0.472967,0.0213035,0.272432,0.140311,0.701943,0.175781,0.395688,-0.565516,58.692287261485,13.858507561239042,-55.16610621951955,-7.878358464733434,-7.0172684557343805,5.9513592106220665
20.37179708480835,0.662275,1.46165,0.213791,0.610697,0.530832,-0.335454,0.138769,0.410105,0.555729,0.309488,0.660623,0.494061,-0.472967,0.0213035,0.272432,0.140311,0.701943,0.175781,0.395688,-0.565516,58.692287261485,13.858507561239042,-55.16610621951955,-7.878358464733434,-7.0172684557343805,5.9513592106220665
20.387126922607422,0.57284,1.41291,0.277699,0.566071,0.518392,-0.306372,0.138837,0.41007,0.55571,0.309446,0.660675,0.493907,-0.473083,0.0195938,0.272185,0.140966,0.699297,0.177476,0.397141,-0.567243,58.49764486282365,13.52291270086333,-54.40852984008569,-9.283447777631473,-8.139370924198259,6.435430527554198
20.388075828552246,0.57284,1.41291,0.277699,0.566071,0.518392,-0.306372,0.138837,0.41007,0.55571,0.309446,0.660675,0.493907,-0.473083,0.0195938,0.272185,0.140966,0.699297,0.177476,0.397141,-0.567243,58.49764486282365,13.52291270086333,-54.40852984008569,-9.283447777631473,-8.139370924198259,6.435430527554198
20.404927253723145,0.539806,1.19724,0.197091,0.514278,0.526499,-0.323878,0.13885,0.410063,0.555723,0.309362,0.660482,0.49425,-0.47305,0.0188991,0.272152,0.141103,0.69542,0.178031,0.400143,-0.56972,58.3403246620653,12.923589047563222,-53.361727727731555,-10.086076189755245,-7.223836094072709,7.67708080080298
20.40596866607666,0.539806,1.19724,0.197091,0.514278,0.526499,-0.323878,0.13885,0.410063,0.555723,0.309362,0.660482,0.49425,-0.47305,0.0188991,0.272152,0.141103,0.69542,0.178031,0.400143,-0.56972,58.3403246620653,12.923589047563222,-53.361727727731555,-10.086076189755245,-7.223836094072709,7.67708080080298
20.43704342842102,-0.416185,0.0906889,0.0295138,0.297381,0.527691,-0.422551,0.138984,0.410016,0.55574,0.30934,0.660811,0.49381,-0.473064,0.0178433,0.272192,0.141497,0.696374,0.174297,0.399952,-0.569844,58.65320265990953,12.920978998694785,-53.88074303167566,-8.955776291087464,-7.737400646803429,6.451099657256367
20.437987327575684,-0.416185,0.0906889,0.0295138,0.297381,0.527691,-0.422551,0.138984,0.410016,0.55574,0.30934,0.660811,0.49381,-0.473064,0.0178433,0.272192,0.141497,0.696374,0.174297,0.399952,-0.569844,58.65320265990953,12.920978998694785,-53.88074303167566,-8.955776291087464,-7.737400646803429,6.451099657256367
20.4542338848114,0.971943,1.47933,-0.0809784,0.418925,0.410925,-0.0904874,0.138982,0.409998,0.555746,0.30938,0.660901,0.493719,-0.473007,0.0179578,0.272283,0.141348,0.697142,0.174797,0.39918,-0.569293,58.64753432921117,13.05988291955918,-54.050244943915196,-8.843415507338166,-8.179347027982375,6.2941800810513095
20.455196619033813,0.971943,1.47933,-0.0809784,0.418925,0.410925,-0.0904874,0.138982,0.409998,0.555746,0.30938,0.660901,0.493719,-0.473007,0.0179578,0.272283,0.141348,0.697142,0.174797,0.39918,-0.569293,58.64753432921117,13.05988291955918,-54.050244943915196,-8.843415507338166,-8.179347027982375,6.2941800810513095
20.471030712127686,-1.18455,-0.06933,0.241423,0.154799,0.494437,-0.380826,0.138971,0.410019,0.5557,0.3093,0.660815,0.493757,-0.47314,0.0184226,0.27298,0.141052,0.688779,0.178578,0.397365,-0.579478,58.863500360128064,11.998151869865099,-51.49082226569796,-9.026579009742703,-7.733176150945905,7.2102622827036384
20.471975088119507,-1.18455,-0.06933,0.241423,0.154799,0.494437,-0.380826,0.138971,0.410019,0.5557,0.3093,0.660815,0.493757,-0.47314,0.0184226,0.27298,0.141052,0.688779,0.178578,0.397365,-0.579478,58.863500360128064,11.998151869865099,-51.49082226569796,-9.026579009742703,-7.733176150945905,7.2102622827036384
20.487643241882324,-0.394957,0.121292,0.509941,0.168946,0.314437,-0.223066,0.138955,0.410036,0.555667,0.308848,0.661263,0.493848,-0.472715,0.0192086,0.273286,0.14075,0.691015,0.17956,0.397834,-0.576181,58.701407113927765,12.366509187241077,-52.15853947828945,-9.43175360789328,-7.426671811488472,7.3265584462993525
20.488595724105835,-0.394957,0.121292,0.509941,0.168946,0.314437,-0.223066,0.138955,0.410036,0.555667,0.308848,0.661263,0.493848,-0.472715,0.0192086,0.273286,0.14075,0.691015,0.17956,0.397834,-0.576181,58.701407113927765,12.366509187241077,-52.15853947828945,-9.43175360789328,-7.426671811488472,7.3265584462993525
20.504366159439087,-0.303606,1.24159,0.220634,0.278848,0.369419,0.0467526,0.138953,0.410014,0.555652,0.309292,0.660776,0.493653,-0.473308,0.0198492,0.273324,0.140363,0.69155,0.179844,0.396854,-0.576126,58.655466340002235,12.489197437277115,-52.206245227457984,-8.631354230718511,-7.198688295418426,7.388736097922294
20.505313873291016,-0.303606,1.24159,0.220634,0.278848,0.369419,0.0467526,0.138953,0.410014,0.555652,0.309292,0.660776,0.493653,-0.473308,0.0198492,0.273324,0.140363,0.69155,0.179844,0.396854,-0.576126,58.655466340002235,12.489197437277115,-52.206245227457984,-8.631354230718511,-7.198688295418426,7.388736097922294
20.537333488464355,-1.91996,-0.407544,0.424636,0.0116161,0.479532,-0.231845,0.138752,0.410066,0.555629,0.308616,0.660875,0.494319,-0.472916,0.0238976,0.274822,0.138681,0.689855,0.18835,0.389424,-0.580494,58.810720247460004,12.705766329963518,-51.17793455274626,-8.440198968302324,-7.400195125606326,7.648077679059323
20.538285493850708,-1.91996,-0.407544,0.424636,0.0116161,0.479532,-0.231845,0.138752,0.410066,0.555629,0.308616,0.660875,0.494319,-0.472916,0.0238976,0.274822,0.138681,0.689855,0.18835,0.389424,-0.580494,58.810720247460004,12.705766329963518,-51.17793455274626,-8.440198968302324,-7.400195125606326,7.648077679059323
20.554646730422974,-2.2699,-0.368378,0.438876,0.0171487,0.485284,-0.217067,0.138745,0.410108,0.555594,0.308429,0.661133,0.493947,-0.473066,0.0247048,0.275232,0.138372,0.688443,0.190888,0.387394,-0.582695,58.83030399750681,12.661255054125126,-50.70272527688497,-8.473709099956896,-7.551561336788233,7.75408228886644
20.555583238601685,-2.2699,-0.368378,0.438876,0.0171487,0.485284,-0.217067,0.138745,0.410108,0.555594,0.308429,0.661133,0.493947,-0.473066,0.0247048,0.275232,0.138372,0.688443,0.190888,0.387394,-0.582695,58.83030399750681,12.661255054125126,-50.70272527688497,-8.473709099956896,-7.551561336788233,7.75408228886644
20.570491313934326,-1.6386,-0.472431,0.155229,0.00307137,0.449257,-0.205514,0.138741,0.41012,0.555609,0.308386,0.661153,0.494044,-0.472965,0.0269566,0.276995,0.13791,0.688557,0.193594,0.382552,-0.584862,59.08306857179475,12.851856920500408,-50.48923049354096,-6.8260665501328965,-7.956334316148439,6.300804340682359
20.571441650390625,-1.6386,-0.472431,0.155229,0.00307137,0.449257,-0.205514,0.138741,0.41012,0.555609,0.308386,0.661153,0.494044,-0.472965,0.0269566,0.276995,0.13791,0.688557,0.193594,0.382552,-0.584862,59.08306857179475,12.851856920500408,-50.48923049354096,-6.8260665501328965,-7.956334316148439,6.300804340682359
20.587140321731567,-1.64784,-0.0774736,-0.0601509,0.0483107,0.484502,-0.121691,0.138819,0.410065,0.555705,0.309027,0.660833,0.493776,-0.473274,0.0281776,0.278316,0.137634,0.688285,0.199863,0.380372,-0.584496,58.631794556447815,13.104834496131215,-49.976956771612386,-6.785586458997158,-9.364980411591201,6.4360983337381725
20.588104724884033,-1.64784,-0.0774736,-0.0601509,0.0483107,0.484502,-0.121691,0.138819,0.410065,0.555705,0.309027,0.660833,0.493776,-0.473274,0.0281776,0.278316,0.137634,0.688285,0.199863,0.380372,-0.584496,58.631794556447815,13.104834496131215,-49.976956771612386,-6.785586458997158,-9.364980411591201,6.4360983337381725
20.603861331939697,-1.37751,-0.260172,-0.0902006,0.0262307,0.454728,-0.154687,0.138845,0.410026,0.555767,0.308608,0.661034,0.494227,-0.472794,0.0287158,0.278794,0.137642,0.688681,0.197947,0.381048,-0.584242,58.82171918639472,13.054674260597272,-50.21582537841913,-6.1737582758289715,-8.340581256117353,5.950619988749761
20.60481905937195,-1.37751,-0.260172,-0.0902006,0.0262307,0.454728,-0.154687,0.138845,0.410026,0.555767,0.308608,0.661034,0.494227,-0.472794,0.0287158,0.278794,0.137642,0.688681,0.197947,0.381048,-0.584242,58.82171918639472,13.054674260597272,-50.21582537841913,-6.1737582758289715,-8.340581256117353,5.950619988749761
20.637372970581055,-1.7373,-0.41378,-0.0290794,-0.0292831,0.457691,-0.214171,0.13902,0.410013,0.555846,0.308248,0.661649,0.493611,-0.472812,0.0299831,0.282068,0.137703,0.679878,0.205405,0.379853,-0.592694,58.5875608341284,12.140831336826766,-47.57847392807937,-5.82625054101341,-8.297469438565193,6.0164805193761985
20.638322114944458,-1.7373,-0.41378,-0.0290794,-0.0292831,0.457691,-0.214171,0.13902,0.410013,0.555846,0.308248,0.661649,0.493611,-0.472812,0.0299831,0.282068,0.137703,0.679878,0.205405,0.379853,-0.592694,58.5875608341284,12.140831336826766,-47.57847392807937,-5.82625054101341,-8.297469438565193,6.0164805193761985
20.65463137626648,-1.39966,-0.456856,-0.106914,-0.0245219,0.429551,-0.222856,0.139012,0.409983,0.555806,0.308507,0.661483,0.493631,-0.472854,0.0299792,0.282638,0.137858,0.680586,0.204721,0.381826,-0.590848,58.39989282676747,12.17327706107746,-47.80084289632133,-5.4555357940754705,-7.723864728347394,5.875402265803401
20.655591011047363,-1.39966,-0.456856,-0.106914,-0.0245219,0.429551,-0.222856,0.139012,0.409983,0.555806,0.308507,0.661483,0.493631,-0.472854,0.0299792,0.282638,0.137858,0.680586,0.204721,0.381826,-0.590848,58.39989282676747,12.17327706107746,-47.80084289632133,-5.4555357940754705,-7.723864728347394,5.875402265803401
20.67094874382019,-1.71089,-0.516794,0.273505,-0.0331606,0.38651,-0.246163,0.139004,0.409991,0.555734,0.309066,0.661014,0.493684,-0.473091,0.0290598,0.283549,0.138382,0.67865,0.204101,0.382583,-0.592797,58.38624550591637,11.82543774152351,-47.189480216487375,-4.678104409475827,-8.175682440954457,5.107374182230199
20.6719651222229,-1.71089,-0.516794,0.273505,-0.0331606,0.38651,-0.246163,0.139004,0.409991,0.555734,0.309066,0.661014,0.493684,-0.473091,0.0290598,0.283549,0.138382,0.67865,0.204101,0.382583,-0.592797,58.38624550591637,11.82543774152351,-47.189480216487375,-4.678104409475827,-8.175682440954457,5.107374182230199
20.687616109848022,-2.00076,0.0160191,0.504203,0.0223715,0.374787,-0.142989,0.138943,0.410021,0.555766,0.308474,0.661114,0.493818,-0.473198,0.0273425,0.284197,0.138792,0.679639,0.204852,0.389249,-0.587037,57.647688452770694,11.980940607855619,-47.736008093259485,-6.115255528354045,-7.682916299863871,6.411871923697231
20.688560009002686,-2.00076,0.0160191,0.504203,0.0223715,0.374787,-0.142989,0.138943,0.410021,0.555766,0.308474,0.661114,0.493818,-0.473198,0.0273425,0.284197,0.138792,0.679639,0.204852,0.389249,-0.587037,57.647688452770694,11.980940607855619,-47.736008093259485,-6.115255528354045,-7.682916299863871,6.411871923697231
20.70391345024109,-1.90036,-0.403095,0.662042,-0.0135848,0.332969,-0.220443,0.138866,0.410052,0.555729,0.308707,0.660821,0.493945,-0.473322,0.0250663,0.284514,0.139804,0.680996,0.200413,0.392148,-0.585063,57.69483349594466,11.930299168084394,-48.30898091746967,-5.4326148846862825,-8.132809320172832,5.174244469800174
20.70486545562744,-1.90036,-0.403095,0.662042,-0.0135848,0.332969,-0.220443,0.138866,0.410052,0.555729,0.308707,0.660821,0.493945,-0.473322,0.0250663,0.284514,0.139804,0.680996,0.200413,0.392148,-0.585063,57.69483349594466,11.930299168084394,-48.30898091746967,-5.4326148846862825,-8.132809320172832,5.174244469800174
20.737258434295654,-1.31903,0.851998,0.304991,0.185497,0.354074,-0.00274954,0.138624,0.410162,0.555548,0.307703,0.661243,0.494427,-0.472883,0.0209055,0.285014,0.141227,0.679265,0.201218,0.402889,-0.579475,56.72788658294222,11.614704831374787,-48.292793217576744,-8.929309096069753,-8.150054047297623,6.901590358997318
20.738209009170532,-1.31903,0.851998,0.304991,0.185497,0.354074,-0.00274954,0.138624,0.410162,0.555548,0.307703,0.661243,0.494427,-0.472883,0.0209055,0.285014,0.141227,0.679265,0.201218,0.402889,-0.579475,56.72788658294222,11.614704831374787,-48.292793217576744,-8.929309096069753,-8.150054047297623,6.901590358997318
20.753673315048218,-2.24394,0.414963,0.267597,0.107183,0.48058,-0.110567,0.138577,0.410198,0.555588,0.307777,0.66139,0.494307,-0.472755,0.0209594,0.285228,0.141326,0.680796,0.199801,0.402275,-0.578595,56.86385898590025,11.766132319139032,-48.740407790143216,-8.250560094498407,-8.261413833061235,6.145763426959304
20.754630088806152,-2.24394,0.414963,0.267597,0.107183,0.48058,-0.110567,0.138577,0.410198,0.555588,0.307777,0.66139,0.494307,-0.472755,0.0209594,0.285228,0.141326,0.680796,0.199801,0.402275,-0.578595,56.86385898590025,11.766132319139032,-48.740407790143216,-8.250560094498407,-8.261413833061235,6.145763426959304
20.77069902420044,-1.87452,-0.314962,0.549159,0.01833,0.368382,-0.268693,0.138591,0.410207,0.555666,0.307703,0.661569,0.494369,-0.472488,0.0201849,0.28542,0.141732,0.678447,0.197523,0.404062,-0.580886,57.02884509892335,11.274943273124768,-48.24904144244618,-7.9649161969765645,-7.583917675095936,6.041943771995134
20.77165961265564,-1.87452,-0.314962,0.549159,0.01833,0.368382,-0.268693,0.138591,0.410207,0.555666,0.307703,0.661569,0.494369,-0.472488,0.0201849,0.28542,0.141732,0.678447,0.197523,0.404062,-0.580886,57.02884509892335,11.274943273124768,-48.24904144244618,-7.9649161969765645,-7.583917675095936,6.041943771995134
20.787375450134277,-1.59578,0.0470183,-0.03417,0.0908021,0.464329,-0.204141,0.138746,0.410107,0.555705,0.308903,0.660651,0.49401,-0.473364,0.0188257,0.285425,0.142433,0.678424,0.198382,0.406941,-0.578605,56.45691769485204,11.26156054466671,-48.14999320707722,-8.209912401750465,-8.427546744532803,6.475261798670252
20.788317918777466,-1.59578,0.0470183,-0.03417,0.0908021,0.464329,-0.204141,0.138746,0.410107,0.555705,0.308903,0.660651,0.49401,-0.473364,0.0188257,0.285425,0.142433,0.678424,0.198382,0.406941,-0.578605,56.45691769485204,11.26156054466671,-48.14999320707722,-8.209912401750465,-8.427546744532803,6.475261798670252
20.803820371627808,-1.33076,0.279429,-0.126222,0.119662,0.457952,-0.152053,0.138807,0.41012,0.5557,0.308576,0.661091,0.494142,-0.472824,0.0185453,0.285314,0.142535,0.679463,0.198506,0.407442,-0.576989,56.42903765529982,11.39050933374733,-48.48370591268166,-8.896363444597961,-8.871280839572673,6.441127803812604
20.804778337478638,-1.33076,0.279429,-0.126222,0.119662,0.457952,-0.152053,0.138807,0.41012,0.5557,0.308576,0.661091,0.494142,-0.472824,0.0185453,0.285314,0.142535,0.679463,0.198506,0.407442,-0.576989,56.42903765529982,11.39050933374733,-48.48370591268166,-8.896363444597961,-8.871280839572673,6.441127803812604
20.84836745262146,-1.79091,0.221616,-0.00861064,0.0820554,0.48259,-0.136561,0.138978,0.409995,0.555772,0.309014,0.661042,0.493753,-0.473014,0.0169942,0.285031,0.143619,0.678175,0.192478,0.407616,-0.580414,56.97803091025852,10.911201384736332,-48.32977270736508,-7.335356455426217,-8.943076827807552,4.744508860061957
20.850757360458374,-1.79091,0.221616,-0.00861064,0.0820554,0.48259,-0.136561,0.138978,0.409995,0.555772,0.309014,0.661042,0.493753,-0.473014,0.0169942,0.285031,0.143619,0.678175,0.192478,0.407616,-0.580414,56.97803091025852,10.911201384736332,-48.32977270736508,-7.335356455426217,-8.943076827807552,4.744508860061957
20.871906995773315,-1.86951,-0.49147,-0.0659078,0.0110904,0.511226,-0.22253,0.138915,0.41004,0.555788,0.308427,0.661072,0.49382,-0.473285,0.0149985,0.285018,0.144486,0.669461,0.194592,0.410038,-0.588069,56.91074182259667,9.769158474804625,-46.04595007395156,-9.202747967633693,-8.864487025119821,6.120976721982085
20.8730788230896,-1.86951,-0.49147,-0.0659078,0.0110904,0.511226,-0.22253,0.138915,0.41004,0.555788,0.308427,0.661072,0.49382,-0.473285,0.0149985,0.285018,0.144486,0.669461,0.194592,0.410038,-0.588069,56.91074182259667,9.769158474804625,-46.04595007395156,-9.202747967633693,-8.864487025119821,6.120976721982085
20.904205083847046,-1.60572,-0.0705509,0.400998,0.0901502,0.404073,-0.104025,0.1388,0.410062,0.555755,0.308728,0.660983,0.494215,-0.472801,0.013276,0.284787,0.145441,0.673485,0.187165,0.415157,-0.582265,56.97009605641284,9.896442678191345,-47.50926405855524,-8.345041862650568,-7.849110169236605,5.011831680694426
20.905157327651978,-1.60572,-0.0705509,0.400998,0.0901502,0.404073,-0.104025,0.1388,0.410062,0.555755,0.308728,0.660983,0.494215,-0.472801,0.013276,0.284787,0.145441,0.673485,0.187165,0.415157,-0.582265,56.97009605641284,9.896442678191345,-47.50926405855524,-8.345041862650568,-7.849110169236605,5.011831680694426
20.921072244644165,-1.53199,-0.263779,0.664646,0.0359733,0.35202,-0.12793,0.138718,0.41011,0.55565,0.308146,0.661317,0.494326,-0.472597,0.0121753,0.284648,0.145931,0.671646,0.18681,0.414531,-0.584943,57.21607133073126,9.646252354880371,-47.06947688372381,-9.002551324205424,-8.596885562235608,4.573578829071891
20.922088623046875,-1.53199,-0.263779,0.664646,0.0359733,0.35202,-0.12793,0.138718,0.41011,0.55565,0.308146,0.661317,0.494326,-0.472597,0.0121753,0.284648,0.145931,0.671646,0.18681,0.414531,-0.584943,57.21607133073126,9.646252354880371,-47.06947688372381,-9.002551324205424,-8.596885562235608,4.573578829071891
20.937041521072388,-1.72843,-0.680689,0.542251,-0.0383325,0.406414,-0.203155,0.138611,0.410167,0.555522,0.307594,0.661189,0.494433,-0.473023,0.0117136,0.28443,0.146225,0.66931,0.185636,0.415188,-0.587522,57.37034289233714,9.325661714798468,-46.57810717053732,-9.23380588585895,-7.7041503309609904,4.666961519957462
20.937990427017212,-1.72843,-0.680689,0.542251,-0.0383325,0.406414,-0.203155,0.138611,0.410167,0.555522,0.307594,0.661189,0.494433,-0.473023,0.0117136,0.28443,0.146225,0.66931,0.185636,0.415188,-0.587522,57.37034289233714,9.325661714798468,-46.57810717053732,-9.23380588585895,-7.7041503309609904,4.666961519957462
20.95394492149353,-1.75101,-0.460081,0.311768,-0.00463934,0.451645,-0.154077,0.138624,0.410186,0.555499,0.307791,0.660976,0.49422,-0.473416,0.0114165,0.284153,0.146553,0.664383,0.184295,0.408111,-0.598394,58.331140353566234,8.65755486733703,-44.899770193662484,-7.924018549369078,-9.229496771260228,2.913851368061295
20.954894304275513,-1.75101,-0.460081,0.311768,-0.00463934,0.451645,-0.154077,0.138624,0.410186,0.555499,0.307791,0.660976,0.49422,-0.473416,0.0114165,0.284153,0.146553,0.664383,0.184295,0.408111,-0.598394,58.331140353566234,8.65755486733703,-44.899770193662484,-7.924018549369078,-9.229496771260228,2.913851368061295
20.970588445663452,-1.71501,-0.200938,0.305858,0.0501388,0.480863,-0.10868,0.138712,0.410097,0.555574,0.308255,0.661156,0.49425,-0.47283,0.0124509,0.284299,0.146029,0.65924,0.19198,0.411289,-0.59949,57.47466309195821,8.130389282782428,-43.24606370954156,-10.555782987441582,-8.653000633085647,6.0830811182849684
20.971541166305542,-1.71501,-0.200938,0.305858,0.0501388,0.480863,-0.10868,0.138712,0.410097,0.555574,0.308255,0.661156,0.49425,-0.47283,0.0124509,0.284299,0.146029,0.65924,0.19198,0.411289,-0.59949,57.47466309195821,8.130389282782428,-43.24606370954156,-10.555782987441582,-8.653000633085647,6.0830811182849684
21.00414252281189,-1.57952,-0.315189,0.138051,0.0125556,0.504343,-0.116747,0.138871,0.410043,0.555764,0.308508,0.660891,0.493926,-0.473375,0.0159854,0.284153,0.145332,0.652187,0.201229,0.399883,-0.611762,57.85237408610162,7.709316163546004,-40.488257743440876,-10.971689683986806,-10.3196228644567,6.206790878817959
21.005098581314087,-1.57952,-0.315189,0.138051,0.0125556,0.504343,-0.116747,0.138871,0.410043,0.555764,0.308508,0.660891,0.493926,-0.473375,0.0159854,0.284153,0.145332,0.652187,0.201229,0.399883,-0.611762,57.85237408610162,7.709316163546004,-40.488257743440876,-10.971689683986806,-10.3196228644567,6.206790878817959
21.02111792564392,-1.36085,-0.655761,0.146203,-0.0355051,0.469866,-0.175626,0.138906,0.410047,0.555808,0.307886,0.661315,0.493902,-0.473212,0.0193833,0.283679,0.144408,0.646928,0.204402,0.389522,-0.622878,58.76148066611592,7.262222348878033,-38.52010639315049,-10.349360082517865,-10.240061857929778,5.480939347899624
21.022066354751587,-1.36085,-0.655761,0.146203,-0.0355051,0.469866,-0.175626,0.138906,0.410047,0.555808,0.307886,0.661315,0.493902,-0.473212,0.0193833,0.283679,0.144408,0.646928,0.204402,0.389522,-0.622878,58.76148066611592,7.262222348878033,-38.52010639315049,-10.349360082517865,-10.240061857929778,5.480939347899624
21.037540674209595,-1.01449,-0.710256,0.415207,-0.0485563,0.408797,-0.172582,0.139014,0.41001,0.555825,0.308225,0.661551,0.493597,-0.472979,0.0223106,0.282877,0.143818,0.640734,0.204771,0.37609,-0.637248,60.11824214374731,6.503420745197777,-35.98767127719479,-8.349962524811023,-11.129738660783127,3.327619517914199
21.038480043411255,-1.01449,-0.710256,0.415207,-0.0485563,0.408797,-0.172582,0.139014,0.41001,0.555825,0.308225,0.661551,0.493597,-0.472979,0.0223106,0.282877,0.143818,0.640734,0.204771,0.37609,-0.637248,60.11824214374731,6.503420745197777,-35.98767127719479,-8.349962524811023,-11.129738660783127,3.327619517914199
21.053903102874756,-1.12776,-0.531068,0.577345,-0.0460926,0.41133,-0.127004,0.139065,0.41003,0.555788,0.308128,0.661962,0.492817,-0.473281,0.0238774,0.282334,0.143265,0.635475,0.205923,0.371796,-0.644619,60.47861562677822,5.90438293285177,-34.30829806760532,-8.047169284617052,-10.177767493284342,3.619037612705098
21.054853200912476,-1.12776,-0.531068,0.577345,-0.0460926,0.41133,-0.127004,0.139065,0.41003,0.555788,0.308128,0.661962,0.492817,-0.473281,0.0238774,0.282334,0.143265,0.635475,0.205923,0.371796,-0.644619,60.47861562677822,5.90438293285177,-34.30829806760532,-8.047169284617052,-10.177767493284342,3.619037612705098
21.086925506591797,2.88344,-6.67618,0.699546,-0.885759,-0.205048,-1.18113,0.138965,0.409984,0.55569,0.308883,0.66093,0.493619,-0.473395,0.0296526,0.279293,0.141222,0.627546,0.206107,0.348136,-0.665212,62.65951500814156,4.969453707527791,-30.34419220265863,-4.600383491111227,-10.640699550822964,0.962056835446746
21.08787703514099,2.88344,-6.67618,0.699546,-0.885759,-0.205048,-1.18113,0.138965,0.409984,0.55569,0.308883,0.66093,0.493619,-0.473395,0.0296526,0.279293,0.141222,0.627546,0.206107,0.348136,-0.665212,62.65951500814156,4.969453707527791,-30.34419220265863,-4.600383491111227,-10.640699550822964,0.962056835446746
21.103795766830444,1.92915,0.146387,0.996693,0.0320603,-0.0454843,0.167052,0.138965,0.40997,0.555706,0.308671,0.661018,0.493552,-0.47348,0.0296269,0.280019,0.141059,0.633629,0.213847,0.352997,-0.654352,61.438878293037654,6.193312353959663,-32.610467069954616,-7.059506364418667,-12.313643362350147,3.060235280386194
21.10476040840149,1.92915,0.146387,0.996693,0.0320603,-0.0454843,0.167052,0.138965,0.40997,0.555706,0.308671,0.661018,0.493552,-0.47348,0.0296269,0.280019,0.141059,0.633629,0.213847,0.352997,-0.654352,61.438878293037654,6.193312353959663,-32.610467069954616,-7.059506364418667,-12.313643362350147,3.060235280386194
21.1209819316864,0.636539,-2.20085,1.02352,-0.370236,0.0963078,-0.299414,0.138628,0.410229,0.555795,0.307642,0.660911,0.494692,-0.473109,0.0315535,0.280226,0.140623,0.625126,0.21774,0.348644,-0.663516,61.732374443350224,5.279442845242864,-29.725077284181516,-7.779379981525723,-11.060962365558465,3.7948897060796627
21.121997356414795,0.636539,-2.20085,1.02352,-0.370236,0.0963078,-0.299414,0.138628,0.410229,0.555795,0.307642,0.660911,0.494692,-0.473109,0.0315535,0.280226,0.140623,0.625126,0.21774,0.348644,-0.663516,61.732374443350224,5.279442845242864,-29.725077284181516,-7.779379981525723,-11.060962365558465,3.7948897060796627
21.137011289596558,0.306118,-0.772249,0.354011,-0.157271,0.275938,0.00584073,0.13865,0.410205,0.555833,0.308427,0.661053,0.493971,-0.473154,0.0329667,0.280418,0.140382,0.625879,0.220433,0.348225,-0.662136,61.42400855019981,5.482408393382933,-29.922460409059493,-7.75839314885066,-10.936414358827125,4.160222179205391
21.13795566558838,0.306118,-0.772249,0.354011,-0.157271,0.275938,0.00584073,0.13865,0.410205,0.555833,0.308427,0.661053,0.493971,-0.473154,0.0329667,0.280418,0.140382,0.625879,0.220433,0.348225,-0.662136,61.42400855019981,5.482408393382933,-29.922460409059493,-7.75839314885066,-10.936414358827125,4.160222179205391
21.153960466384888,0.807274,-1.37561,0.644536,-0.288093,0.146319,-0.0718603,0.138737,0.410141,0.555896,0.307657,0.661444,0.494437,-0.472621,0.0340573,0.280444,0.140155,0.625075,0.221469,0.345856,-0.66379,61.678623162850464,5.456481574109376,-29.614800727963374,-7.904162675747893,-10.845967450233541,3.903894254193915
21.154927968978882,0.807274,-1.37561,0.644536,-0.288093,0.146319,-0.0718603,0.138737,0.410141,0.555896,0.307657,0.661444,0.494437,-0.472621,0.0340573,0.280444,0.140155,0.625075,0.221469,0.345856,-0.66379,61.678623162850464,5.456481574109376,-29.614800727963374,-7.904162675747893,-10.845967450233541,3.903894254193915
21.187230587005615,0.463064,-2.2469,0.722286,-0.353663,0.199148,-0.279455,0.138939,0.410083,0.556078,0.30523,0.66192,0.495039,-0.472899,0.0406754,0.280934,0.138829,0.618378,0.231495,0.332233,-0.673528,62.24451975849975,5.399219372290475,-27.34956231417588,-7.6269713355263695,-9.902957813735334,3.461116869667884
21.188186645507812,0.463064,-2.2469,0.722286,-0.353663,0.199148,-0.279455,0.138939,0.410083,0.556078,0.30523,0.66192,0.495039,-0.472899,0.0406754,0.280934,0.138829,0.618378,0.231495,0.332233,-0.673528,62.24451975849975,5.399219372290475,-27.34956231417588,-7.6269713355263695,-9.902957813735334,3.461116869667884
21.203727960586548,0.885826,-0.337501,0.392607,-0.140514,0.220162,0.0925168,0.138934,0.410131,0.556045,0.305922,0.661511,0.494841,-0.473231,0.042814,0.281137,0.138615,0.614907,0.237918,0.328237,-0.67642,61.93476697361663,5.293527484848143,-26.055029404258747,-7.976649670539166,-10.599084036075384,3.990597036172624
21.20467495918274,0.885826,-0.337501,0.392607,-0.140514,0.220162,0.0925168,0.138934,0.410131,0.556045,0.305922,0.661511,0.494841,-0.473231,0.042814,0.281137,0.138615,0.614907,0.237918,0.328237,-0.67642,61.93476697361663,5.293527484848143,-26.055029404258747,-7.976649670539166,-10.599084036075384,3.990597036172624
21.22094416618347,0.627234,-0.577032,0.196853,-0.197062,0.298437,0.0346884,0.138936,0.410134,0.55608,0.305652,0.661821,0.495096,-0.472705,0.0477254,0.281535,0.137486,0.609436,0.244087,0.319713,-0.683222,62.2219703179098,4.947196510244598,-24.00017909166687,-7.208005149813573,-9.601046575619105,3.7771828804286662
21.221932888031006,0.627234,-0.577032,0.196853,-0.197062,0.298437,0.0346884,0.138936,0.410134,0.55608,0.305652,0.661821,0.495096,-0.472705,0.0477254,0.281535,0.137486,0.609436,0.244087,0.319713,-0.683222,62.2219703179098,4.947196510244598,-24.00017909166687,-7.208005149813573,-9.601046575619105,3.7771828804286662
21.237150192260742,0.0509996,-1.93994,0.401685,-0.385594,0.303955,-0.273452,0.13905,0.410019,0.556215,0.306241,0.662485,0.494057,-0.472481,0.056043,0.281563,0.136134,0.598751,0.257958,0.299987,-0.696393,62.6327202677716,4.446663337195035,-20.01368153512589,-5.516015958486428,-10.583707622689436,2.8972346871341044
21.238110303878784,0.0509996,-1.93994,0.401685,-0.385594,0.303955,-0.273452,0.13905,0.410019,0.556215,0.306241,0.662485,0.494057,-0.472481,0.056043,0.281563,0.136134,0.598751,0.257958,0.299987,-0.696393,62.6327202677716,4.446663337195035,-20.01368153512589,-5.516015958486428,-10.583707622689436,2.8972346871341044
21.254483699798584,0.491482,-1.60978,0.253377,-0.328048,0.289663,-0.217756,0.139014,0.410056,0.556203,0.306078,0.662277,0.494437,-0.472481,0.0589107,0.281518,0.135589,0.59451,0.261852,0.293966,-0.701125,62.80694482405376,4.173621501328766,-18.445563619769615,-4.989804334823349,-10.130323686453394,2.7124334444028486
21.255452156066895,0.491482,-1.60978,0.253377,-0.328048,0.289663,-0.217756,0.139014,0.410056,0.556203,0.306078,0.662277,0.494437,-0.472481,0.0589107,0.281518,0.135589,0.59451,0.261852,0.293966,-0.701125,62.80694482405376,4.173621501328766,-18.445563619769615,-4.989804334823349,-10.130323686453394,2.7124334444028486
21.287365198135376,0.0312691,-2.19331,1.05268,-0.488752,0.203597,-0.308645,0.138811,0.410181,0.555954,0.306437,0.661171,0.494653,-0.473569,0.0734141,0.280834,0.132795,0.567375,0.296186,0.266222,-0.720753,61.733261813191675,3.1569225915388133,-9.996986590064898,-5.552689092540654,-10.947514941910299,6.556639497664665
21.288315057754517,0.0312691,-2.19331,1.05268,-0.488752,0.203597,-0.308645,0.138811,0.410181,0.555954,0.306437,0.661171,0.494653,-0.473569,0.0734141,0.280834,0.132795,0.567375,0.296186,0.266222,-0.720753,61.733261813191675,3.1569225915388133,-9.996986590064898,-5.552689092540654,-10.947514941910299,6.556639497664665
21.30436897277832,0.421465,-2.27316,0.949748,-0.516195,0.205993,-0.311894,0.138838,0.410118,0.555765,0.308707,0.660071,0.494589,-0.473697,0.076527,0.280158,0.132356,0.563289,0.299543,0.259392,-0.725048,61.7218752027518,2.7531773104225854,-8.124017742147045,-3.917672127373575,-11.206880686950866,6.082682018940613
21.305320024490356,0.421465,-2.27316,0.949748,-0.516195,0.205993,-0.311894,0.138838,0.410118,0.555765,0.308707,0.660071,0.494589,-0.473697,0.076527,0.280158,0.132356,0.563289,0.299543,0.259392,-0.725048,61.7218752027518,2.7531773104225854,-8.124017742147045,-3.917672127373575,-11.206880686950866,6.082682018940613
21.320355892181396,-0.426538,-2.68529,0.953676,-0.593256,0.360413,-0.42969,0.13884,0.410021,0.555653,0.308446,0.660617,0.493926,-0.473796,0.0858438,0.278216,0.131055,0.548057,0.318954,0.237339,-0.735915,61.60376217579917,2.4376411100440434,-3.6472769828503115,-3.4385600228012647,-12.662067581879452,7.286559759847412
21.32130527496338,-0.426538,-2.68529,0.953676,-0.593256,0.360413,-0.42969,0.13884,0.410021,0.555653,0.308446,0.660617,0.493926,-0.473796,0.0858438,0.278216,0.131055,0.548057,0.318954,0.237339,-0.735915,61.60376217579917,2.4376411100440434,-3.6472769828503115,-3.4385600228012647,-12.662067581879452,7.286559759847412
21.3371365070343,-0.974613,-2.71616,1.62409,-0.636165,0.294716,-0.450188,0.138842,0.410044,0.55557,0.307998,0.661196,0.493699,-0.473517,0.089138,0.277516,0.130847,0.540879,0.323424,0.230202,-0.741522,61.71676154761861,1.9456844028358382,-1.4916019560165872,-3.3828629110931985,-11.906209332730699,7.10949633281153
21.338091611862183,-0.974613,-2.71616,1.62409,-0.636165,0.294716,-0.450188,0.138842,0.410044,0.55557,0.307998,0.661196,0.493699,-0.473517,0.089138,0.277516,0.130847,0.540879,0.323424,0.230202,-0.741522,61.71676154761861,1.9456844028358382,-1.4916019560165872,-3.3828629110931985,-11.906209332730699,7.10949633281153
21.361392974853516,-0.779557,-3.02002,1.7955,-0.718867,0.242049,-0.496183,0.138799,0.41009,0.555459,0.307807,0.661359,0.493706,-0.473406,0.0957867,0.275331,0.130497,0.532949,0.332287,0.214818,-0.747933,62.05592836902549,1.7618198217825174,1.1191203848597513,-2.6775281292360136,-11.509097695232672,6.727364201484287
21.36327815055847,-0.779557,-3.02002,1.7955,-0.718867,0.242049,-0.496183,0.138799,0.41009,0.555459,0.307807,0.661359,0.493706,-0.473406,0.0957867,0.275331,0.130497,0.532949,0.332287,0.214818,-0.747933,62.05592836902549,1.7618198217825174,1.1191203848597513,-2.6775281292360136,-11.509097695232672,6.727364201484287
21.38072896003723,0.691969,-3.73106,2.04179,-0.90074,0.100813,-0.478759,0.139076,0.409938,0.555238,0.306117,0.662077,0.492355,-0.474904,0.104985,0.273033,0.130562,0.522572,0.341439,0.193595,-0.756875,62.72659761853478,1.6388338047516469,4.117549835607312,-0.34488019088748034,-9.12238382071304,4.404130760275594
21.381752252578735,0.691969,-3.73106,2.04179,-0.90074,0.100813,-0.478759,0.139076,0.409938,0.555238,0.306117,0.662077,0.492355,-0.474904,0.104985,0.273033,0.130562,0.522572,0.341439,0.193595,-0.756875,62.72659761853478,1.6388338047516469,4.117549835607312,-0.34488019088748034,-9.12238382071304,4.404130760275594
21.396109342575073,0.545534,-3.30893,1.98335,-0.886868,0.155738,-0.363438,0.139129,0.409842,0.555256,0.306394,0.662005,0.493538,-0.473595,0.107018,0.272722,0.130758,0.518917,0.346365,0.194507,-0.756918,62.24995526168827,1.4444131481992464,5.032003622736445,-2.3271766025207734,-8.88012009711669,5.7630206427550315
21.397051334381104,0.545534,-3.30893,1.98335,-0.886868,0.155738,-0.363438,0.139129,0.409842,0.555256,0.306394,0.662005,0.493538,-0.473595,0.107018,0.272722,0.130758,0.518917,0.346365,0.194507,-0.756918,62.24995526168827,1.4444131481992464,5.032003622736445,-2.3271766025207734,-8.88012009711669,5.7630206427550315
21.411613702774048,0.697044,-3.90875,1.7004,-1.01128,0.232073,-0.479998,0.139215,0.409816,0.555289,0.306257,0.662164,0.493428,-0.473577,0.111073,0.27146,0.130755,0.517486,0.343495,0.178555,-0.76311,63.721257788028026,1.1438376129746766,6.799456376086296,1.9851165683292766,-7.9441144737316165,1.4176335520596188
21.412580966949463,0.697044,-3.90875,1.7004,-1.01128,0.232073,-0.479998,0.139215,0.409816,0.555289,0.306257,0.662164,0.493428,-0.473577,0.111073,0.27146,0.130755,0.517486,0.343495,0.178555,-0.76311,63.721257788028026,1.1438376129746766,6.799456376086296,1.9851165683292766,-7.9441144737316165,1.4176335520596188
21.437131643295288,-0.0512943,-4.07998,2.0818,-1.106,0.226571,-0.493133,0.139185,0.409929,0.555412,0.306848,0.662331,0.492516,-0.473909,0.120822,0.270024,0.131535,0.502253,0.370589,0.168232,-0.762957,61.78214616940447,1.6780022582088299,9.075830067693495,-1.0201202298405931,-8.986337392778415,6.255769092389196
21.438098669052124,-0.0512943,-4.07998,2.0818,-1.106,0.226571,-0.493133,0.139185,0.409929,0.555412,0.306848,0.662331,0.492516,-0.473909,0.120822,0.270024,0.131535,0.502253,0.370589,0.168232,-0.762957,61.78214616940447,1.6780022582088299,9.075830067693495,-1.0201202298405931,-8.986337392778415,6.255769092389196
21.4537410736084,1.08845,-3.77253,1.96699,-1.09886,0.119983,-0.389717,0.139172,0.40991,0.555446,0.307259,0.661907,0.492709,-0.474035,0.122887,0.268997,0.131488,0.501331,0.364713,0.155518,-0.769068,63.16640905561038,1.109158524729689,10.941024252271266,3.478007540855327,-8.014547656464185,1.9508126250168325
21.454735279083252,1.08845,-3.77253,1.96699,-1.09886,0.119983,-0.389717,0.139172,0.40991,0.555446,0.307259,0.661907,0.492709,-0.474035,0.122887,0.268997,0.131488,0.501331,0.364713,0.155518,-0.769068,63.16640905561038,1.109158524729689,10.941024252271266,3.478007540855327,-8.014547656464185,1.9508126250168325
21.487426042556763,2.95678,-3.76838,1.94235,-1.20582,-0.0505446,-0.378173,0.13918,0.409875,0.555446,0.30698,0.66211,0.492589,-0.474057,0.135341,0.266893,0.132849,-0.478023,-0.394361,-0.137341,0.772729,61.44452255657271,1.2106970650548134,15.339085928675242,1.7715983762243006,-8.413952991249321,5.372645138488684
21.488367319107056,2.95678,-3.76838,1.94235,-1.20582,-0.0505446,-0.378173,0.13918,0.409875,0.555446,0.30698,0.66211,0.492589,-0.474057,0.135341,0.266893,0.132849,-0.478023,-0.394361,-0.137341,0.772729,61.44452255657271,1.2106970650548134,15.339085928675242,1.7715983762243006,-8.413952991249321,5.372645138488684
21.50403904914856,2.13195,-3.69653,1.93455,-1.2152,0.0958009,-0.424188,0.139143,0.409907,0.555383,0.306412,0.662207,0.492535,-0.474345,0.137392,0.265819,0.132946,-0.476631,-0.390576,-0.130951,0.776611,62.19717510944255,0.8094114165881143,16.481320633806053,3.389887994164557,-5.922503772667698,2.9860778599762243
21.505021810531616,2.13195,-3.69653,1.93455,-1.2152,0.0958009,-0.424188,0.139143,0.409907,0.555383,0.306412,0.662207,0.492535,-0.474345,0.137392,0.265819,0.132946,-0.476631,-0.390576,-0.130951,0.776611,62.19717510944255,0.8094114165881143,16.481320633806053,3.389887994164557,-5.922503772667698,2.9860778599762243
21.521039247512817,1.27345,-3.23809,1.91781,-1.15034,0.211673,-0.465912,0.139061,0.409931,0.555331,0.306465,0.661764,0.493651,-0.473768,0.141985,0.264596,0.132798,-0.475234,-0.398026,-0.121303,0.775251,62.40017214379633,1.321616885424675,16.89830256768129,4.5651503810544405,-6.588418346716055,3.3800863356388895
21.522013425827026,1.27345,-3.23809,1.91781,-1.15034,0.211673,-0.465912,0.139061,0.409931,0.555331,0.306465,0.661764,0.493651,-0.473768,0.141985,0.264596,0.132798,-0.475234,-0.398026,-0.121303,0.775251,62.40017214379633,1.321616885424675,16.89830256768129,4.5651503810544405,-6.588418346716055,3.3800863356388895
21.53719425201416,1.41623,-2.15699,2.17958,-1.01223,0.114158,-0.282876,0.139111,0.409854,0.555267,0.306937,0.661508,0.493332,-0.474153,0.147598,0.264317,0.133418,-0.459869,-0.406476,-0.111318,0.781605,61.792321205656535,0.4775753644122245,20.72756410157432,6.249037937367205,-4.903472569367022,2.440625304158358
21.538129806518555,1.41623,-2.15699,2.17958,-1.01223,0.114158,-0.282876,0.139111,0.409854,0.555267,0.306937,0.661508,0.493332,-0.474153,0.147598,0.264317,0.133418,-0.459869,-0.406476,-0.111318,0.781605,61.792321205656535,0.4775753644122245,20.72756410157432,6.249037937367205,-4.903472569367022,2.440625304158358
21.553879737854004,2.12928,-2.57041,2.00413,-1.06549,0.0803306,-0.335296,0.139219,0.409843,0.555227,0.306222,0.662564,0.492398,-0.474111,0.148943,0.264311,0.133779,-0.460676,-0.406947,-0.110013,0.781069,61.96512455617812,0.6829267043222877,20.268138715641612,6.131432306788238,-4.044627274197234,1.8207040304753843
21.55485987663269,2.12928,-2.57041,2.00413,-1.06549,0.0803306,-0.335296,0.139219,0.409843,0.555227,0.306222,0.662564,0.492398,-0.474111,0.148943,0.264311,0.133779,-0.460676,-0.406947,-0.110013,0.781069,61.96512455617812,0.6829267043222877,20.268138715641612,6.131432306788238,-4.044627274197234,1.8207040304753843
21.587242603302002,1.39389,-1.72617,1.42347,-0.834931,0.356417,-0.303335,0.139279,0.409857,0.555341,0.306495,0.662158,0.49234,-0.474562,0.153466,0.26563,0.135488,-0.453999,-0.417918,-0.106626,0.779654,61.062786943904044,1.0529747999627517,20.894867259761142,6.200299492454213,-4.192147226758239,1.9071397628353863
21.588220596313477,1.39389,-1.72617,1.42347,-0.834931,0.356417,-0.303335,0.139279,0.409857,0.555341,0.306495,0.662158,0.49234,-0.474562,0.153466,0.26563,0.135488,-0.453999,-0.417918,-0.106626,0.779654,61.062786943904044,1.0529747999627517,20.894867259761142,6.200299492454213,-4.192147226758239,1.9071397628353863
21.60372233390808,0.717757,-1.05702,1.59302,-0.727575,0.376999,-0.22046,0.139259,0.409873,0.555419,0.30758,0.661916,0.492664,-0.473861,0.153787,0.266135,0.135647,-0.456439,-0.417102,-0.107507,0.778545,61.132724746607906,1.0840328720099623,20.603139695344776,6.581182015064995,-4.36981396349082,1.4473974111454564
21.604682445526123,0.717757,-1.05702,1.59302,-0.727575,0.376999,-0.22046,0.139259,0.409873,0.555419,0.30758,0.661916,0.492664,-0.473861,0.153787,0.266135,0.135647,-0.456439,-0.417102,-0.107507,0.778545,61.132724746607906,1.0840328720099623,20.603139695344776,6.581182015064995,-4.36981396349082,1.4473974111454564
21.6205894947052,1.31149,-1.13057,1.97379,-0.691137,0.209769,-0.246978,0.139197,0.40986,0.555565,0.308139,0.661437,0.493149,-0.473662,0.154395,0.267498,0.135884,-0.455564,-0.419319,-0.110648,0.777425,60.65633127864272,1.1245771478522955,20.528415199362794,6.394737999405278,-4.1971998025227695,1.8301587558030246
21.621536254882812,1.31149,-1.13057,1.97379,-0.691137,0.209769,-0.246978,0.139197,0.40986,0.555565,0.308139,0.661437,0.493149,-0.473662,0.154395,0.267498,0.135884,-0.455564,-0.419319,-0.110648,0.777425,60.65633127864272,1.1245771478522955,20.528415199362794,6.394737999405278,-4.1971998025227695,1.8301587558030246
21.63713574409485,1.61066,-0.997123,1.96314,-0.601158,0.228507,-0.211876,0.139204,0.409881,0.555471,0.307954,0.662016,0.492344,-0.47381,0.153519,0.269472,0.136294,-0.460573,-0.420509,-0.118939,0.772591,60.146105301238904,1.7748706376234835,18.35452485906113,4.720739453321786,-4.247760717894678,2.695142865764452
21.63810086250305,1.61066,-0.997123,1.96314,-0.601158,0.228507,-0.211876,0.139204,0.409881,0.555471,0.307954,0.662016,0.492344,-0.47381,0.153519,0.269472,0.136294,-0.460573,-0.420509,-0.118939,0.772591,60.146105301238904,1.7748706376234835,18.35452485906113,4.720739453321786,-4.247760717894678,2.695142865764452
21.65032696723938,1.61066,-0.997123,1.96314,-0.601158,0.228507,-0.211876,0.139204,0.409881,0.555471,0.307954,0.662016,0.492344,-0.47381,0.153519,0.269472,0.136294,-0.460573,-0.420509,-0.118939,0.772591,60.146105301238904,1.7748706376234835,18.35452485906113,4.720739453321786,-4.247760717894678,2.695142865764452
21.670897483825684,0.908587,-0.892388,0.581328,-0.451401,0.660756,-0.249026,0.139112,0.40995,0.555245,0.307409,0.661891,0.492652,-0.474019,0.150238,0.272464,0.136338,-0.474824,-0.419188,-0.13304,0.762315,59.775373738742054,3.18731858099241,13.84983306012225,2.3780968647960345,-5.225591209475793,4.1189998603194
21.671859979629517,0.908587,-0.892388,0.581328,-0.451401,0.660756,-0.249026,0.139112,0.40995,0.555245,0.307409,0.661891,0.492652,-0.474019,0.150238,0.272464,0.136338,-0.474824,-0.419188,-0.13304,0.762315,59.775373738742054,3.18731858099241,13.84983306012225,2.3780968647960345,-5.225591209475793,4.1189998603194
21.704111337661743,-0.452561,-0.898576,0.907148,-0.343755,0.711611,-0.282359,0.138909,0.410044,0.555687,0.308224,0.661399,0.4937,-0.473086,0.144425,0.277386,0.135465,-0.488644,-0.405532,-0.152747,0.757258,59.78583990035317,3.169372477055381,10.776013343757754,2.5006587180225073,-3.3304873231514542,3.100538238811165
21.705078840255737,-0.452561,-0.898576,0.907148,-0.343755,0.711611,-0.282359,0.138909,0.410044,0.555687,0.308224,0.661399,0.4937,-0.473086,0.144425,0.277386,0.135465,-0.488644,-0.405532,-0.152747,0.757258,59.78583990035317,3.169372477055381,10.776013343757754,2.5006587180225073,-3.3304873231514542,3.100538238811165
21.72071647644043,0.271255,-0.78587,0.699719,-0.267127,0.620407,-0.24241,0.13891,0.4101,0.555867,0.306809,0.661923,0.493145,-0.47385,0.139298,0.28082,0.134777,0.501756,0.394057,0.169713,-0.751104,59.82835041777233,3.6890594877191174,6.952217123442323,1.905528791358328,-0.6626979914031828,2.8275053459251662
21.7216739654541,0.271255,-0.78587,0.699719,-0.267127,0.620407,-0.24241,0.13891,0.4101,0.555867,0.306809,0.661923,0.493145,-0.47385,0.139298,0.28082,0.134777,0.501756,0.394057,0.169713,-0.751104,59.82835041777233,3.6890594877191174,6.952217123442323,1.905528791358328,-0.6626979914031828,2.8275053459251662
21.7370548248291,0.257129,-0.495976,0.222061,-0.168914,0.701887,-0.226572,0.138965,0.410025,0.555832,0.307836,0.661647,0.493467,-0.473235,0.135733,0.283353,0.134224,0.505752,0.396338,0.18266,-0.744155,58.69217339983297,4.143540446917108,5.210449500573777,-0.07080371672879604,-2.8669647328304775,5.856979442243734
21.73801326751709,0.257129,-0.495976,0.222061,-0.168914,0.701887,-0.226572,0.138965,0.410025,0.555832,0.307836,0.661647,0.493467,-0.473235,0.135733,0.283353,0.134224,0.505752,0.396338,0.18266,-0.744155,58.69217339983297,4.143540446917108,5.210449500573777,-0.07080371672879604,-2.8669647328304775,5.856979442243734
21.754067420959473,0.162703,-0.432129,0.258507,-0.138456,0.706609,-0.239272,0.139011,0.409988,0.555781,0.308748,0.661393,0.493248,-0.473223,0.133304,0.284563,0.133989,0.510222,0.391455,0.187703,-0.742431,58.72144521257475,4.120404764527002,4.278767038734685,0.6906342888930688,-3.0955075260088387,5.236605829022439
21.755032539367676,0.162703,-0.432129,0.258507,-0.138456,0.706609,-0.239272,0.139011,0.409988,0.555781,0.308748,0.661393,0.493248,-0.473223,0.133304,0.284563,0.133989,0.510222,0.391455,0.187703,-0.742431,58.72144521257475,4.120404764527002,4.278767038734685,0.6906342888930688,-3.0955075260088387,5.236605829022439
21.78708028793335,-0.305421,-0.412855,0.123102,-0.100313,0.733597,-0.159008,0.139185,0.409939,0.555751,0.309148,0.661121,0.492503,-0.474117,0.113022,0.29586,0.132461,0.552684,0.364226,0.238932,-0.710487,57.60672345210921,6.579710323749562,-7.9851008669342445,1.2334617934782677,-4.729902432354297,6.118744301102738
21.78803277015686,-0.305421,-0.412855,0.123102,-0.100313,0.733597,-0.159008,0.139185,0.409939,0.555751,0.309148,0.661121,0.492503,-0.474117,0.113022,0.29586,0.132461,0.552684,0.364226,0.238932,-0.710487,57.60672345210921,6.579710323749562,-7.9851008669342445,1.2334617934782677,-4.729902432354297,6.118744301102738
21.803728818893433,-0.674007,-0.610428,0.0227558,-0.107417,0.750841,-0.155041,0.139194,0.409955,0.555765,0.308459,0.662112,0.492222,-0.473475,0.10757,0.298417,0.132369,0.56354,0.35632,0.252557,-0.701195,57.403210750546364,7.181858517980749,-11.285766293391374,0.5925349388461782,-4.802373451246203,6.167737688216012
21.80468440055847,-0.674007,-0.610428,0.0227558,-0.107417,0.750841,-0.155041,0.139194,0.409955,0.555765,0.308459,0.662112,0.492222,-0.473475,0.10757,0.298417,0.132369,0.56354,0.35632,0.252557,-0.701195,57.403210750546364,7.181858517980749,-11.285766293391374,0.5925349388461782,-4.802373451246203,6.167737688216012
21.820584535598755,-0.23847,-0.61558,-0.131999,-0.0678742,0.616545,-0.0876261,0.139075,0.410005,0.555864,0.307351,0.661794,0.493557,-0.47325,0.0926673,0.304008,0.13254,0.591504,0.336424,0.285108,-0.675022,56.69719570929212,9.001003652774937,-19.47557651708029,0.09893651405447956,-6.334256052994308,6.220120482881454
21.821544885635376,-0.23847,-0.61558,-0.131999,-0.0678742,0.616545,-0.0876261,0.139075,0.410005,0.555864,0.307351,0.661794,0.493557,-0.47325,0.0926673,0.304008,0.13254,0.591504,0.336424,0.285108,-0.675022,56.69719570929212,9.001003652774937,-19.47557651708029,0.09893651405447956,-6.334256052994308,6.220120482881454
21.837185382843018,-0.259315,-0.610211,0.0406605,-0.0132512,0.532265,-0.0961296,0.1389,0.410126,0.555942,0.306213,0.66152,0.494433,-0.473456,0.0858357,0.305935,0.132854,0.601318,0.328964,0.295746,-0.665382,56.537335299469476,9.741051835526557,-22.438496252798867,-0.021265724161589894,-8.068767998355208,5.838899503392807
21.838138580322266,-0.259315,-0.610211,0.0406605,-0.0132512,0.532265,-0.0961296,0.1389,0.410126,0.555942,0.306213,0.66152,0.494433,-0.473456,0.0858357,0.305935,0.132854,0.601318,0.328964,0.295746,-0.665382,56.537335299469476,9.741051835526557,-22.438496252798867,-0.021265724161589894,-8.068767998355208,5.838899503392807
21.854039430618286,-0.472824,-0.525841,0.0646776,0.0500156,0.556079,-0.12237,0.138819,0.410183,0.555953,0.306986,0.661368,0.494323,-0.473283,0.0832306,0.306193,0.132732,0.60898,0.325454,0.298667,-0.658802,56.52768003535688,10.408279880143619,-24.383537786922275,0.5592806070139282,-9.788741799740928,5.47249674687029
21.854995012283325,-0.472824,-0.525841,0.0646776,0.0500156,0.556079,-0.12237,0.138819,0.410183,0.555953,0.306986,0.661368,0.494323,-0.473283,0.0832306,0.306193,0.132732,0.60898,0.325454,0.298667,-0.658802,56.52768003535688,10.408279880143619,-24.383537786922275,0.5592806070139282,-9.788741799740928,5.47249674687029
21.887447595596313,-1.2928,0.652505,0.131172,0.231367,0.595234,0.0983326,0.138709,0.4102,0.555794,0.308353,0.661238,0.493925,-0.472992,0.0732836,0.308369,0.133325,0.618187,0.316604,0.313129,-0.647732,55.8449885660893,10.740065296481024,-27.03459857576005,0.7004342608710732,-13.94375395071282,5.037882511809634
21.88839817047119,-1.2928,0.652505,0.131172,0.231367,0.595234,0.0983326,0.138709,0.4102,0.555794,0.308353,0.661238,0.493925,-0.472992,0.0732836,0.308369,0.133325,0.618187,0.316604,0.313129,-0.647732,55.8449885660893,10.740065296481024,-27.03459857576005,0.7004342608710732,-13.94375395071282,5.037882511809634
21.90399718284607,-0.845715,-0.113833,0.0460739,0.127571,0.539571,-0.022976,0.138603,0.410174,0.555688,0.308077,0.661315,0.493931,-0.473057,0.0663099,0.310169,0.13384,0.626141,0.310491,0.332265,-0.633358,54.5429155940013,11.217386299543353,-29.848819074835564,-1.4598201708458935,-13.424809113589165,7.10553895922681
21.904966592788696,-0.845715,-0.113833,0.0460739,0.127571,0.539571,-0.022976,0.138603,0.410174,0.555688,0.308077,0.661315,0.493931,-0.473057,0.0663099,0.310169,0.13384,0.626141,0.310491,0.332265,-0.633358,54.5429155940013,11.217386299543353,-29.848819074835564,-1.4598201708458935,-13.424809113589165,7.10553895922681
21.920676708221436,-1.0144,-0.402622,0.23412,0.0612968,0.477488,-0.0557519,0.138711,0.410112,0.555668,0.308354,0.661018,0.49426,-0.472948,0.0593061,0.310989,0.134822,0.638396,0.297332,0.349215,-0.618137,53.96161645050739,11.79533135800925,-33.547059935764786,-1.6382969645427559,-12.545441765945121,6.802922533312122
21.921645879745483,-1.0144,-0.402622,0.23412,0.0612968,0.477488,-0.0557519,0.138711,0.410112,0.555668,0.308354,0.661018,0.49426,-0.472948,0.0593061,0.310989,0.134822,0.638396,0.297332,0.349215,-0.618137,53.96161645050739,11.79533135800925,-33.547059935764786,-1.6382969645427559,-12.545441765945121,6.802922533312122
21.937038898468018,-0.978472,-0.141405,0.18863,0.0873702,0.465332,-0.000198506,0.138762,0.410078,0.55568,0.308627,0.661441,0.493779,-0.472682,0.0565179,0.31143,0.135323,0.640816,0.295041,0.355491,-0.613133,53.499084029563896,11.859520322663098,-34.42802973225088,-2.3971346942700604,-13.02160516146403,7.208572828874348
21.9379780292511,-0.978472,-0.141405,0.18863,0.0873702,0.465332,-0.000198506,0.138762,0.410078,0.55568,0.308627,0.661441,0.493779,-0.472682,0.0565179,0.31143,0.135323,0.640816,0.295041,0.355491,-0.613133,53.499084029563896,11.859520322663098,-34.42802973225088,-2.3971346942700604,-13.02160516146403,7.208572828874348
21.953897714614868,-1.04019,-0.102915,0.139775,0.101913,0.460753,0.000442471,0.138851,0.410101,0.555717,0.308226,0.661444,0.493749,-0.47297,0.0520209,0.312066,0.136417,0.644063,0.288759,0.3651,-0.607045,53.093257002689775,11.841558008435012,-35.75865223846505,-2.925558603586271,-12.665249875835675,7.128609978983297
21.954859495162964,-1.04019,-0.102915,0.139775,0.101913,0.460753,0.000442471,0.138851,0.410101,0.555717,0.308226,0.661444,0.493749,-0.47297,0.0520209,0.312066,0.136417,0.644063,0.288759,0.3651,-0.607045,53.093257002689775,11.841558008435012,-35.75865223846505,-2.925558603586271,-12.665249875835675,7.128609978983297
21.97097158432007,-1.03781,-0.0070188,-0.0972489,0.134756,0.50388,0.00994313,0.138851,0.410087,0.555754,0.308715,0.661036,0.493695,-0.473278,0.0519351,0.31187,0.136551,0.646151,0.285292,0.361704,-0.608496,53.64968935841997,11.94765086849372,-36.092093092612075,-0.9753333711244978,-13.320763219466485,5.247352502447475
21.97191047668457,-1.03781,-0.0070188,-0.0972489,0.134756,0.50388,0.00994313,0.138851,0.410087,0.555754,0.308715,0.661036,0.493695,-0.473278,0.0519351,0.31187,0.136551,0.646151,0.285292,0.361704,-0.608496,53.64968935841997,11.94765086849372,-36.092093092612075,-0.9753333711244978,-13.320763219466485,5.247352502447475
22.004476070404053,-0.995077,0.129673,-0.202517,0.15651,0.538983,0.00656932,0.138914,0.410133,0.556193,0.305934,0.662364,0.494391,-0.4725,0.0580295,0.31157,0.136156,0.628526,0.298504,0.347899,-0.628344,54.40010577225281,10.657224212134768,-31.38291531270149,-2.9361527737690523,-13.04016668185448,6.20976445087744
22.005491495132446,-0.995077,0.129673,-0.202517,0.15651,0.538983,0.00656932,0.138914,0.410133,0.556193,0.305934,0.662364,0.494391,-0.4725,0.0580295,0.31157,0.136156,0.628526,0.298504,0.347899,-0.628344,54.40010577225281,10.657224212134768,-31.38291531270149,-2.9361527737690523,-13.04016668185448,6.20976445087744
22.021138429641724,-0.997538,-0.170339,-0.0766697,0.0943753,0.53003,-0.0315527,0.138898,0.410155,0.556103,0.305835,0.662262,0.494717,-0.472365,0.0638262,0.310789,0.134921,0.617492,0.307745,0.334907,-0.641743,54.92678117427746,9.918871604242698,-28.00534246255876,-2.511833817549369,-13.02697810583753,6.673042900175151
22.022103786468506,-0.997538,-0.170339,-0.0766697,0.0943753,0.53003,-0.0315527,0.138898,0.410155,0.556103,0.305835,0.662262,0.494717,-0.472365,0.0638262,0.310789,0.134921,0.617492,0.307745,0.334907,-0.641743,54.92678117427746,9.918871604242698,-28.00534246255876,-2.511833817549369,-13.02697810583753,6.673042900175151
22.037790775299072,-1.00212,-0.396827,0.194352,0.0506492,0.51273,-0.0615691,0.13881,0.410135,0.555804,0.308516,0.661206,0.493927,-0.472928,0.0688291,0.309654,0.134122,0.606712,0.314469,0.320041,-0.656189,55.446873128112664,8.941674289862444,-24.26238871905319,0.06366756451967959,-14.317091078626468,5.701032717129928
22.03873896598816,-1.00212,-0.396827,0.194352,0.0506492,0.51273,-0.0615691,0.13881,0.410135,0.555804,0.308516,0.661206,0.493927,-0.472928,0.0688291,0.309654,0.134122,0.606712,0.314469,0.320041,-0.656189,55.446873128112664,8.941674289862444,-24.26238871905319,0.06366756451967959,-14.317091078626468,5.701032717129928
22.054312705993652,-0.732808,-0.609586,0.333972,0.0196591,0.463695,-0.0973919,0.138781,0.410115,0.555722,0.308779,0.660831,0.493804,-0.473408,0.07188,0.308965,0.133656,0.601225,0.314787,0.312512,-0.664661,56.05330977464784,8.32898463910124,-22.45976666754743,1.882252668632757,-13.014625464611964,4.603646673004797
22.055262804031372,-0.732808,-0.609586,0.333972,0.0196591,0.463695,-0.0973919,0.138781,0.410115,0.555722,0.308779,0.660831,0.493804,-0.473408,0.07188,0.308965,0.133656,0.601225,0.314787,0.312512,-0.664661,56.05330977464784,8.32898463910124,-22.45976666754743,1.882252668632757,-13.014625464611964,4.603646673004797
22.0711772441864,-0.864059,-0.76741,0.656052,-0.000515897,0.452379,-0.136895,0.138754,0.410132,0.555593,0.308206,0.661203,0.4938,-0.473267,0.0793664,0.307213,0.132596,0.586508,0.325365,0.29487,-0.680587,56.71718587284617,7.35488726642014,-18.075816399167028,2.428821513268262,-12.48607872973921,4.546711826126845
22.072120666503906,-0.864059,-0.76741,0.656052,-0.000515897,0.452379,-0.136895,0.138754,0.410132,0.555593,0.308206,0.661203,0.4938,-0.473267,0.0793664,0.307213,0.132596,0.586508,0.325365,0.29487,-0.680587,56.71718587284617,7.35488726642014,-18.075816399167028,2.428821513268262,-12.48607872973921,4.546711826126845
22.10398268699646,-1.59573,-1.43276,1.20409,-0.140622,0.423026,-0.269987,0.138663,0.410134,0.555495,0.308315,0.660791,0.493672,-0.473905,0.0980131,0.30238,0.131166,0.545323,0.355573,0.255639,-0.71473,56.894842521975214,4.854317896974124,-6.436641137806566,2.9090989928783357,-10.574861006156326,6.376311400423338
22.104934453964233,-1.59573,-1.43276,1.20409,-0.140622,0.423026,-0.269987,0.138663,0.410134,0.555495,0.308315,0.660791,0.493672,-0.473905,0.0980131,0.30238,0.131166,0.545323,0.355573,0.255639,-0.71473,56.894842521975214,4.854317896974124,-6.436641137806566,2.9090989928783357,-10.574861006156326,6.376311400423338
22.12134623527527,-0.981779,-1.34892,1.99016,-0.217454,0.198496,-0.285685,0.138626,0.410237,0.555361,0.307151,0.661297,0.494063,-0.473547,0.114732,0.29579,0.13173,0.513248,0.375583,0.214108,-0.741398,58.051713382746016,3.0342721133697013,2.9754163001122107,4.225755741059437,-8.685835000098827,3.8431882016196885
22.122358322143555,-0.981779,-1.34892,1.99016,-0.217454,0.198496,-0.285685,0.138626,0.410237,0.555361,0.307151,0.661297,0.494063,-0.473547,0.114732,0.29579,0.13173,0.513248,0.375583,0.214108,-0.741398,58.051713382746016,3.0342721133697013,2.9754163001122107,4.225755741059437,-8.685835000098827,3.8431882016196885
22.137121200561523,1.91233,-1.73055,-0.11209,-0.333703,0.248792,-0.320687,0.138813,0.41009,0.555223,0.307649,0.661062,0.493529,-0.474108,0.124408,0.29213,0.13299,-0.490424,-0.396224,-0.196965,0.750796,56.950008013373875,2.360692736921405,8.12703037239792,2.2416707850633624,-8.767253372658045,6.003777245113079
22.138099431991577,1.91233,-1.73055,-0.11209,-0.333703,0.248792,-0.320687,0.138813,0.41009,0.555223,0.307649,0.661062,0.493529,-0.474108,0.124408,0.29213,0.13299,-0.490424,-0.396224,-0.196965,0.750796,56.950008013373875,2.360692736921405,8.12703037239792,2.2416707850633624,-8.767253372658045,6.003777245113079
22.15388059616089,-1.351,-3.78658,0.992559,-0.638118,0.493847,-0.769891,0.138944,0.409994,0.555271,0.306834,0.661189,0.493824,-0.474151,0.127098,0.290575,0.133464,-0.488944,-0.39561,-0.18695,0.754637,57.83212295562391,2.268450174647475,9.132317448138835,3.8264095988784224,-8.20396082212117,3.5855483840217195
22.154823780059814,-1.351,-3.78658,0.992559,-0.638118,0.493847,-0.769891,0.138944,0.409994,0.555271,0.306834,0.661189,0.493824,-0.474151,0.127098,0.290575,0.133464,-0.488944,-0.39561,-0.18695,0.754637,57.83212295562391,2.268450174647475,9.132317448138835,3.8264095988784224,-8.20396082212117,3.5855483840217195
22.170628309249878,-1.28244,-1.73542,1.19784,-0.282004,0.406108,-0.295788,0.139044,0.409921,0.555691,0.30867,0.66134,0.493167,-0.473433,0.130736,0.29222,0.134487,-0.490868,-0.395594,-0.185033,0.753868,57.94522267980913,2.2997337511124325,9.035960371171576,6.162660229346665,-6.634773067918213,1.186866249412586
22.17157483100891,-1.28244,-1.73542,1.19784,-0.282004,0.406108,-0.295788,0.139044,0.409921,0.555691,0.30867,0.66134,0.493167,-0.473433,0.130736,0.29222,0.134487,-0.490868,-0.395594,-0.185033,0.753868,57.94522267980913,2.2997337511124325,9.035960371171576,6.162660229346665,-6.634773067918213,1.186866249412586
22.20426630973816,0.856422,-1.95495,0.913906,-0.435634,0.327593,-0.30081,0.138767,0.410218,0.555773,0.308261,0.661066,0.494252,-0.47295,0.138305,0.291153,0.135728,-0.484134,-0.412505,-0.175587,0.751414,57.2451005110619,3.159587796666812,9.934113803297663,4.434943822334572,-7.103296567957647,3.2135453320200082
22.20522451400757,0.856422,-1.95495,0.913906,-0.435634,0.327593,-0.30081,0.138767,0.410218,0.555773,0.308261,0.661066,0.494252,-0.47295,0.138305,0.291153,0.135728,-0.484134,-0.412505,-0.175587,0.751414,57.2451005110619,3.159587796666812,9.934113803297663,4.434943822334572,-7.103296567957647,3.2135453320200082
22.22080683708191,0.136355,-2.66723,0.794998,-0.486383,0.401024,-0.433378,0.138835,0.41012,0.555805,0.308144,0.661202,0.493916,-0.473187,0.144389,0.28918,0.136909,-0.472812,-0.421516,-0.162548,0.756539,57.162693662606905,2.878313952529927,12.62494050378986,5.161239417904775,-6.543754876292547,2.4758489766740492
22.221760749816895,0.136355,-2.66723,0.794998,-0.486383,0.401024,-0.433378,0.138835,0.41012,0.555805,0.308144,0.661202,0.493916,-0.473187,0.144389,0.28918,0.136909,-0.472812,-0.421516,-0.162548,0.756539,57.162693662606905,2.878313952529927,12.62494050378986,5.161239417904775,-6.543754876292547,2.4758489766740492
22.237106800079346,0.278049,-2.42169,1.54985,-0.524773,0.25057,-0.355397,0.139122,0.40991,0.555776,0.308121,0.661654,0.492982,-0.473544,0.151927,0.288128,0.138525,-0.453223,-0.442968,-0.150747,0.758712,55.66088399196776,2.993189875702903,15.805111149722022,4.393330760732228,-8.410761972653875,5.002999254579552
22.238059759140015,0.278049,-2.42169,1.54985,-0.524773,0.25057,-0.355397,0.139122,0.40991,0.555776,0.308121,0.661654,0.492982,-0.473544,0.151927,0.288128,0.138525,-0.453223,-0.442968,-0.150747,0.758712,55.66088399196776,2.993189875702903,15.805111149722022,4.393330760732228,-8.410761972653875,5.002999254579552
22.254292726516724,0.01612,-2.27627,1.72715,-0.526691,0.251021,-0.337046,0.139049,0.409957,0.555705,0.308153,0.661736,0.493371,-0.473003,0.153701,0.287463,0.138869,-0.44997,-0.437864,-0.14509,0.76469,56.3984717619017,2.117925811736455,17.52189726013754,6.037688413665678,-5.953610609136565,1.75591928075501
22.25525426864624,0.01612,-2.27627,1.72715,-0.526691,0.251021,-0.337046,0.139049,0.409957,0.555705,0.308153,0.661736,0.493371,-0.473003,0.153701,0.287463,0.138869,-0.44997,-0.437864,-0.14509,0.76469,56.3984717619017,2.117925811736455,17.52189726013754,6.037688413665678,-5.953610609136565,1.75591928075501
22.2706036567688,0.764394,-1.91081,2.0263,-0.515497,0.138467,-0.231202,0.138831,0.410101,0.555477,0.308061,0.661442,0.493576,-0.473261,0.158375,0.287225,0.139948,-0.44466,-0.449882,-0.140637,0.761646,55.63304287017971,2.839273783583288,17.83701976694571,5.112485367096211,-6.308538859417822,3.3219440856650433
22.271547079086304,0.764394,-1.91081,2.0263,-0.515497,0.138467,-0.231202,0.138831,0.410101,0.555477,0.308061,0.661442,0.493576,-0.473261,0.158375,0.287225,0.139948,-0.44466,-0.449882,-0.140637,0.761646,55.63304287017971,2.839273783583288,17.83701976694571,5.112485367096211,-6.308538859417822,3.3219440856650433
22.30414366722107,1.29195,-3.00453,2.256,-0.671407,0.0701013,-0.350946,0.138923,0.4099,0.555032,0.309193,0.660887,0.493078,-0.473817,0.16766,0.284114,0.142036,-0.421339,-0.461571,-0.118958,0.77154,55.26634901058985,1.7639170989636395,23.33431376178023,8.181994204001128,-4.8325797208532695,0.6563364171682489
22.305090188980103,1.29195,-3.00453,2.256,-0.671407,0.0701013,-0.350946,0.138923,0.4099,0.555032,0.309193,0.660887,0.493078,-0.473817,0.16766,0.284114,0.142036,-0.421339,-0.461571,-0.118958,0.77154,55.26634901058985,1.7639170989636395,23.33431376178023,8.181994204001128,-4.8325797208532695,0.6563364171682489
22.32058310508728,-0.0920105,-2.53746,2.69398,-0.625134,0.142742,-0.267138,0.139071,0.409818,0.555062,0.308181,0.661876,0.492791,-0.473393,0.172011,0.282509,0.143125,-0.413471,-0.468151,-0.110555,0.773081,55.218467981185036,1.768104086865991,24.74765683638425,8.054614467185932,-4.183341987440935,0.35168665649078257
22.321526050567627,-0.0920105,-2.53746,2.69398,-0.625134,0.142742,-0.267138,0.139071,0.409818,0.555062,0.308181,0.661876,0.492791,-0.473393,0.172011,0.282509,0.143125,-0.413471,-0.468151,-0.110555,0.773081,55.218467981185036,1.768104086865991,24.74765683638425,8.054614467185932,-4.183341987440935,0.35168665649078257
22.337079524993896,0.420216,-1.86695,3.07273,-0.587927,-0.0113817,-0.0559955,0.138959,0.409869,0.555037,0.309031,0.660978,0.493002,-0.473874,0.175566,0.281709,0.144337,-0.405015,-0.475175,-0.104683,0.774089,54.64715371108711,1.7128325617078584,26.310615066415853,8.64756614596531,-4.030442988746028,0.45686327996867426
22.338030338287354,0.420216,-1.86695,3.07273,-0.587927,-0.0113817,-0.0559955,0.138959,0.409869,0.555037,0.309031,0.660978,0.493002,-0.473874,0.175566,0.281709,0.144337,-0.405015,-0.475175,-0.104683,0.774089,54.64715371108711,1.7128325617078584,26.310615066415853,8.64756614596531,-4.030442988746028,0.45686327996867426
22.35385537147522,0.208107,-2.97537,2.93282,-0.729855,0.0291705,-0.225318,0.13886,0.410039,0.554971,0.308529,0.661279,0.49285,-0.473939,0.178508,0.281411,0.145705,-0.401304,-0.4797,-0.101394,0.773668,54.45135619107318,1.910168682305397,26.725807413081515,8.140465613142187,-3.108854573160322,-0.053070523113187384
22.354807376861572,0.208107,-2.97537,2.93282,-0.729855,0.0291705,-0.225318,0.13886,0.410039,0.554971,0.308529,0.661279,0.49285,-0.473939,0.178508,0.281411,0.145705,-0.401304,-0.4797,-0.101394,0.773668,54.45135619107318,1.910168682305397,26.725807413081515,8.140465613142187,-3.108854573160322,-0.053070523113187384
22.38717484474182,1.17621,-2.40065,1.80985,-0.766201,0.294642,0.0825303,0.139367,0.409725,0.555248,0.306939,0.662565,0.492207,-0.473845,0.185515,0.280041,0.14903,-0.384005,-0.495542,-0.089792,0.773897,53.555598192327245,2.2105854962451605,29.01714084940161,7.778862877028831,-3.6024392347039993,-0.009359183315846398
22.388128519058228,1.17621,-2.40065,1.80985,-0.766201,0.294642,0.0825303,0.139367,0.409725,0.555248,0.306939,0.662565,0.492207,-0.473845,0.185515,0.280041,0.14903,-0.384005,-0.495542,-0.089792,0.773897,53.555598192327245,2.2105854962451605,29.01714084940161,7.778862877028831,-3.6024392347039993,-0.009359183315846398
22.40382432937622,1.55264,-1.88408,2.58028,-0.743881,0.0699042,0.236805,0.139354,0.409714,0.55534,0.307118,0.662663,0.492398,-0.473393,0.186519,0.279984,0.149217,-0.383607,-0.498631,-0.0890204,0.772197,53.426094167180246,2.4751029981345907,28.90026365033164,7.633060920047178,-4.191001169046131,0.762369513190249
22.404773950576782,1.55264,-1.88408,2.58028,-0.743881,0.0699042,0.236805,0.139354,0.409714,0.55534,0.307118,0.662663,0.492398,-0.473393,0.186519,0.279984,0.149217,-0.383607,-0.498631,-0.0890204,0.772197,53.426094167180246,2.4751029981345907,28.90026365033164,7.633060920047178,-4.191001169046131,0.762369513190249
22.420621395111084,2.6472,-1.87828,1.98855,-0.758517,0.104538,0.371673,0.139281,0.409752,0.555395,0.307524,0.662706,0.492701,-0.472753,0.188626,0.279555,0.150033,-0.378052,-0.498807,-0.086808,0.77507,53.304946142305894,1.9091596611084947,30.265682472181187,7.605898649825843,-2.5304996197652345,-0.5330133319471018
22.421571016311646,2.6472,-1.87828,1.98855,-0.758517,0.104538,0.371673,0.139281,0.409752,0.555395,0.307524,0.662706,0.492701,-0.472753,0.188626,0.279555,0.150033,-0.378052,-0.498807,-0.086808,0.77507,53.304946142305894,1.9091596611084947,30.265682472181187,7.605898649825843,-2.5304996197652345,-0.5330133319471018
22.437011241912842,3.21898,-0.909534,1.70252,-0.654192,0.193583,0.656342,0.13933,0.409754,0.555219,0.307963,0.662717,0.49177,-0.47342,0.19094,0.27921,0.150775,-0.37703,-0.505665,-0.0862521,0.771175,52.74683739881379,2.6250019261719664,29.670831473707505,7.026408537687319,-2.9288270671764973,1.1100547699924692
22.437971115112305,3.21898,-0.909534,1.70252,-0.654192,0.193583,0.656342,0.13933,0.409754,0.555219,0.307963,0.662717,0.49177,-0.47342,0.19094,0.27921,0.150775,-0.37703,-0.505665,-0.0862521,0.771175,52.74683739881379,2.6250019261719664,29.670831473707505,7.026408537687319,-2.9288270671764973,1.1100547699924692
22.454389333724976,0.573715,-0.795925,0.985351,-0.647084,0.595447,0.699837,0.139422,0.4097,0.55521,0.307764,0.662937,0.491402,-0.473624,0.191883,0.279332,0.151132,-0.375218,-0.507078,-0.0839459,0.771386,52.73579159341663,2.6659998518227708,29.941289915622868,7.783910451034452,-2.892796334260123,0.6530705395804697
22.455339908599854,0.573715,-0.795925,0.985351,-0.647084,0.595447,0.699837,0.139422,0.4097,0.55521,0.307764,0.662937,0.491402,-0.473624,0.191883,0.279332,0.151132,-0.375218,-0.507078,-0.0839459,0.771386,52.73579159341663,2.6659998518227708,29.941289915622868,7.783910451034452,-2.892796334260123,0.6530705395804697
22.47087526321411,3.31698,-0.317501,1.9076,-0.707244,0.171753,0.924667,0.139691,0.40951,0.555331,0.306298,0.661874,0.492922,-0.474481,0.193263,0.278789,0.151438,-0.370393,-0.509617,-0.0842494,0.772011,52.3513339294021,2.7185335183990214,30.510027205395684,6.7860496370622165,-1.5709893602751346,1.3548374434271677
22.471823692321777,3.31698,-0.317501,1.9076,-0.707244,0.171753,0.924667,0.139691,0.40951,0.555331,0.306298,0.661874,0.492922,-0.474481,0.193263,0.278789,0.151438,-0.370393,-0.509617,-0.0842494,0.772011,52.3513339294021,2.7185335183990214,30.510027205395684,6.7860496370622165,-1.5709893602751346,1.3548374434271677
22.504380702972412,-0.742207,-2.06752,1.97751,-1.02157,0.681974,0.725076,0.139813,0.409423,0.55507,0.307782,0.661634,0.49197,-0.474844,0.195514,0.27747,0.15209,-0.363368,-0.514407,-0.0803738,0.772586,51.7777171003603,2.587032100076386,31.66667665971634,7.157799271393792,-1.8599843414453092,1.8814317222375467
22.505338191986084,-0.742207,-2.06752,1.97751,-1.02157,0.681974,0.725076,0.139813,0.409423,0.55507,0.307782,0.661634,0.49197,-0.474844,0.195514,0.27747,0.15209,-0.363368,-0.514407,-0.0803738,0.772586,51.7777171003603,2.587032100076386,31.66667665971634,7.157799271393792,-1.8599843414453092,1.8814317222375467
22.52096700668335,0.365578,-0.345829,1.88195,-0.801722,0.639322,1.15962,0.139897,0.409372,0.554897,0.308842,0.662145,0.491145,-0.474296,0.195875,0.27746,0.152158,-0.363053,-0.512942,-0.0786671,0.773883,51.92920249260977,2.2624404959243343,32.07578263149908,8.094363121327596,-1.8980460913911164,0.7467613593966509
22.521913528442383,0.365578,-0.345829,1.88195,-0.801722,0.639322,1.15962,0.139897,0.409372,0.554897,0.308842,0.662145,0.491145,-0.474296,0.195875,0.27746,0.152158,-0.363053,-0.512942,-0.0786671,0.773883,51.92920249260977,2.2624404959243343,32.07578263149908,8.094363121327596,-1.8980460913911164,0.7467613593966509
22.53719401359558,1.28328,-0.798023,1.77454,-0.886848,0.594357,1.07952,0.140019,0.409215,0.554946,0.309878,0.661744,0.490887,-0.474448,0.196742,0.277554,0.152487,-0.361975,-0.514037,-0.0795035,0.773576,51.61882343521251,2.225879137070325,32.20520164946796,8.285981687444231,-1.6829342101617546,0.9070771565602795
22.538147926330566,1.28328,-0.798023,1.77454,-0.886848,0.594357,1.07952,0.140019,0.409215,0.554946,0.309878,0.661744,0.490887,-0.474448,0.196742,0.277554,0.152487,-0.361975,-0.514037,-0.0795035,0.773576,51.61882343521251,2.225879137070325,32.20520164946796,8.285981687444231,-1.6829342101617546,0.9070771565602795
22.55400037765503,1.69364,-0.886394,1.36077,-0.885162,0.621327,1.00396,0.140039,0.409227,0.554965,0.309816,0.661776,0.490907,-0.474422,0.197224,0.277723,0.152691,-0.360838,-0.516526,-0.0792523,0.772474,51.42927284936251,2.4205813431014658,32.16943347535295,8.192730942014045,-2.1998740371930667,1.4789283744988788
22.554952144622803,1.69364,-0.886394,1.36077,-0.885162,0.621327,1.00396,0.140039,0.409227,0.554965,0.309816,0.661776,0.490907,-0.474422,0.197224,0.277723,0.152691,-0.360838,-0.516526,-0.0792523,0.772474,51.42927284936251,2.4205813431014658,32.16943347535295,8.192730942014045,-2.1998740371930667,1.4789283744988788
22.571002960205078,1.04965,-0.482105,1.11759,-0.801587,0.644378,0.830095,0.139932,0.409299,0.555078,0.308671,0.661863,0.491277,-0.474665,0.197928,0.278241,0.153,-0.360473,-0.517263,-0.0789369,0.772184,51.47647160025172,2.5859547108396557,32.05380195781617,8.21884831080364,-1.3510429761480909,1.1566611247319973
22.571954488754272,1.04965,-0.482105,1.11759,-0.801587,0.644378,0.830095,0.139932,0.409299,0.555078,0.308671,0.661863,0.491277,-0.474665,0.197928,0.278241,0.153,-0.360473,-0.517263,-0.0789369,0.772184,51.47647160025172,2.5859547108396557,32.05380195781617,8.21884831080364,-1.3510429761480909,1.1566611247319973
22.604286432266235,1.03663,0.44875,0.901371,-0.631681,0.591101,0.704119,0.139604,0.4096,0.555397,0.307609,0.663082,0.491959,-0.472944,0.198327,0.27987,0.153447,-0.363927,-0.516188,-0.0830085,0.770854,51.68712268217593,2.6675877913902712,31.28097548014788,6.738072530997366,-0.12789827512156626,0.5207965569658892
22.60524344444275,1.03663,0.44875,0.901371,-0.631681,0.591101,0.704119,0.139604,0.4096,0.555397,0.307609,0.663082,0.491959,-0.472944,0.198327,0.27987,0.153447,-0.363927,-0.516188,-0.0830085,0.770854,51.68712268217593,2.6675877913902712,31.28097548014788,6.738072530997366,-0.12789827512156626,0.5207965569658892
22.620754957199097,1.37983,-0.100063,0.639858,-0.66179,0.622644,0.584876,0.139647,0.409573,0.555493,0.308394,0.662226,0.492112,-0.473472,0.198423,0.280226,0.15357,-0.364809,-0.517682,-0.0842195,0.769303,51.427385787945674,2.907258326615762,30.979586291021008,7.021682821787744,-0.6159775363595008,1.2573263047555296
22.621694326400757,1.37983,-0.100063,0.639858,-0.66179,0.622644,0.584876,0.139647,0.409573,0.555493,0.308394,0.662226,0.492112,-0.473472,0.198423,0.280226,0.15357,-0.364809,-0.517682,-0.0842195,0.769303,51.427385787945674,2.907258326615762,30.979586291021008,7.021682821787744,-0.6159775363595008,1.2573263047555296
22.637221813201904,1.20815,0.174023,0.376667,-0.607789,0.707316,0.617908,0.139695,0.409513,0.555577,0.308567,0.66222,0.491487,-0.474017,0.19762,0.280643,0.153365,-0.366223,-0.515901,-0.0837496,0.769879,51.58101391391993,2.858186320478496,30.84512831545549,8.185041233303098,-0.8254238549296237,0.7401452360543201
22.638157606124878,1.20815,0.174023,0.376667,-0.607789,0.707316,0.617908,0.139695,0.409513,0.555577,0.308567,0.66222,0.491487,-0.474017,0.19762,0.280643,0.153365,-0.366223,-0.515901,-0.0837496,0.769879,51.58101391391993,2.858186320478496,30.84512831545549,8.185041233303098,-0.8254238549296237,0.7401452360543201
22.653822898864746,0.858894,-0.445259,-0.0122945,-0.635792,0.82823,0.422594,0.139668,0.40956,0.55558,0.308611,0.662019,0.49172,-0.474028,0.197153,0.280956,0.15322,-0.36361,-0.513897,-0.0826416,0.772572,51.63959672156784,2.3980575023560444,31.649706979525817,9.049716965682736,-0.548483885306903,-0.293990341775781
22.65479063987732,0.858894,-0.445259,-0.0122945,-0.635792,0.82823,0.422594,0.139668,0.40956,0.55558,0.308611,0.662019,0.49172,-0.474028,0.197153,0.280956,0.15322,-0.36361,-0.513897,-0.0826416,0.772572,51.63959672156784,2.3980575023560444,31.649706979525817,9.049716965682736,-0.548483885306903,-0.293990341775781
22.671113967895508,-0.12505,-0.347343,-0.254454,-0.52118,0.86695,0.215601,0.139489,0.409704,0.555666,0.309734,0.661393,0.49188,-0.474002,0.196558,0.281947,0.153198,-0.365483,-0.517208,-0.0868136,0.769013,51.10923146966985,2.8457449040729728,30.853451549012576,8.381945755723576,-2.0196546789781635,1.647903550680995
22.672136545181274,-0.12505,-0.347343,-0.254454,-0.52118,0.86695,0.215601,0.139489,0.409704,0.555666,0.309734,0.661393,0.49188,-0.474002,0.196558,0.281947,0.153198,-0.365483,-0.517208,-0.0868136,0.769013,51.10923146966985,2.8457449040729728,30.853451549012576,8.381945755723576,-2.0196546789781635,1.647903550680995
22.704107999801636,0.448229,0.448599,-0.370988,-0.31733,0.610481,0.0980924,0.139114,0.410004,0.55616,0.306511,0.662808,0.493835,-0.472085,0.19405,0.285459,0.152976,-0.377121,-0.509732,-0.0944663,0.767482,52.12311304635096,3.0556856088441333,28.803334029161338,7.103837773489223,-0.5352306743250327,-0.4453210883691865
22.7050621509552,0.448229,0.448599,-0.370988,-0.31733,0.610481,0.0980924,0.139114,0.410004,0.55616,0.306511,0.662808,0.493835,-0.472085,0.19405,0.285459,0.152976,-0.377121,-0.509732,-0.0944663,0.767482,52.12311304635096,3.0556856088441333,28.803334029161338,7.103837773489223,-0.5352306743250327,-0.4453210883691865
22.721506357192993,1.07313,-1.04506,0.00677535,-0.441633,0.433144,-0.237865,0.139014,0.41005,0.556226,0.306589,0.662448,0.494051,-0.472313,0.192588,0.2876,0.152788,-0.38389,-0.512039,-0.104429,0.761274,51.518330302962845,3.9016176935902958,26.631565766609626,5.143339399061752,-1.2868717362302504,1.9980882608900585
22.722528219223022,1.07313,-1.04506,0.00677535,-0.441633,0.433144,-0.237865,0.139014,0.41005,0.556226,0.306589,0.662448,0.494051,-0.472313,0.192588,0.2876,0.152788,-0.38389,-0.512039,-0.104429,0.761274,51.518330302962845,3.9016176935902958,26.631565766609626,5.143339399061752,-1.2868717362302504,1.9980882608900585
22.737116813659668,0.313417,0.195596,-0.515625,-0.236733,0.627934,-0.064573,0.138887,0.410121,0.556015,0.305724,0.661565,0.494574,-0.473562,0.19037,0.290193,0.152182,-0.391084,-0.508632,-0.111669,0.758866,51.506019749658606,4.316196734238367,24.972798465138652,5.2458258870210965,-0.5152177939158296,1.8418323723582577
22.738052368164062,0.313417,0.195596,-0.515625,-0.236733,0.627934,-0.064573,0.138887,0.410121,0.556015,0.305724,0.661565,0.494574,-0.473562,0.19037,0.290193,0.152182,-0.391084,-0.508632,-0.111669,0.758866,51.506019749658606,4.316196734238367,24.972798465138652,5.2458258870210965,-0.5152177939158296,1.8418323723582577
22.753798007965088,-0.255298,0.197658,-0.709778,-0.220104,0.729857,-0.104692,0.138878,0.410103,0.555968,0.3062,0.661446,0.494379,-0.473624,0.189553,0.291042,0.151839,-0.394988,-0.505925,-0.114685,0.758203,51.59027937195245,4.323194852783393,24.318280201513833,5.5117787429329965,-0.09456963934578538,1.5235561930776258
22.75476312637329,-0.255298,0.197658,-0.709778,-0.220104,0.729857,-0.104692,0.138878,0.410103,0.555968,0.3062,0.661446,0.494379,-0.473624,0.189553,0.291042,0.151839,-0.394988,-0.505925,-0.114685,0.758203,51.59027937195245,4.323194852783393,24.318280201513833,5.5117787429329965,-0.09456963934578538,1.5235561930776258
22.77058744430542,-0.404785,0.402411,-1.23094,-0.169375,0.800165,-0.104606,0.138808,0.410166,0.555994,0.306758,0.66139,0.494423,-0.473296,0.187917,0.293618,0.151252,-0.401617,-0.50502,-0.123528,0.753923,51.249030266493364,4.723656213871228,22.642349584301027,4.849444664103251,-0.30701654177260873,2.681279554582945
22.771530628204346,-0.404785,0.402411,-1.23094,-0.169375,0.800165,-0.104606,0.138808,0.410166,0.555994,0.306758,0.66139,0.494423,-0.473296,0.187917,0.293618,0.151252,-0.401617,-0.50502,-0.123528,0.753923,51.249030266493364,4.723656213871228,22.642349584301027,4.849444664103251,-0.30701654177260873,2.681279554582945
22.803998947143555,0.259442,-0.659199,-1.10917,-0.25699,0.666646,-0.280155,0.138867,0.410106,0.556241,0.307539,0.662082,0.494858,-0.471362,0.181662,0.301588,0.149348,-0.428249,-0.48981,-0.146864,0.745064,51.77288776756494,5.2463043372649265,17.47218843153288,5.553523871669137,1.0064538579474838,1.2363983985079114
22.804943323135376,0.259442,-0.659199,-1.10917,-0.25699,0.666646,-0.280155,0.138867,0.410106,0.556241,0.307539,0.662082,0.494858,-0.471362,0.181662,0.301588,0.149348,-0.428249,-0.48981,-0.146864,0.745064,51.77288776756494,5.2463043372649265,17.47218843153288,5.553523871669137,1.0064538579474838,1.2363983985079114
22.820570707321167,0.192919,0.0268431,-1.05066,-0.134943,0.678936,-0.14054,0.138919,0.41009,0.556253,0.307255,0.66196,0.494323,-0.47228,0.177471,0.306469,0.148244,-0.443106,-0.484812,-0.163175,0.736198,51.35684742666554,6.198757353931576,13.692631063616846,5.364742956710895,1.6660855898769487,2.555683771819136
22.82152271270752,0.192919,0.0268431,-1.05066,-0.134943,0.678936,-0.14054,0.138919,0.41009,0.556253,0.307255,0.66196,0.494323,-0.47228,0.177471,0.306469,0.148244,-0.443106,-0.484812,-0.163175,0.736198,51.35684742666554,6.198757353931576,13.692631063616846,5.364742956710895,1.6660855898769487,2.555683771819136
22.837178945541382,-0.357492,-0.00831962,-1.05864,-0.112374,0.73568,-0.145258,0.138947,0.410099,0.556167,0.306364,0.662367,0.494291,-0.472321,0.170246,0.314131,0.146972,-0.465043,-0.47699,-0.188364,0.721619,50.74642881532747,7.543400869730463,8.116992949768589,4.373025254821872,1.9418037743102503,4.028467989430917
22.838141679763794,-0.357492,-0.00831962,-1.05864,-0.112374,0.73568,-0.145258,0.138947,0.410099,0.556167,0.306364,0.662367,0.494291,-0.472321,0.170246,0.314131,0.146972,-0.465043,-0.47699,-0.188364,0.721619,50.74642881532747,7.543400869730463,8.116992949768589,4.373025254821872,1.9418037743102503,4.028467989430917
22.854280471801758,-0.346666,-0.230559,-0.923623,-0.127041,0.704187,-0.182376,0.13898,0.410088,0.55619,0.306246,0.662443,0.494331,-0.47225,0.167885,0.316897,0.146758,-0.473973,-0.47399,-0.196401,0.715618,50.62060125486747,8.128820783374545,5.989523747632355,4.479848901781714,1.9050150289713037,4.150425906697464
22.855306386947632,-0.346666,-0.230559,-0.923623,-0.127041,0.704187,-0.182376,0.13898,0.410088,0.55619,0.306246,0.662443,0.494331,-0.47225,0.167885,0.316897,0.146758,-0.473973,-0.47399,-0.196401,0.715618,50.62060125486747,8.128820783374545,5.989523747632355,4.479848901781714,1.9050150289713037,4.150425906697464
22.87071919441223,-0.760879,0.187079,-1.14807,-0.0358045,0.752146,-0.0859577,0.139121,0.410044,0.556256,0.307583,0.661782,0.494495,-0.472136,0.162379,0.321799,0.146156,-0.48907,-0.463708,-0.211945,0.707718,50.468201848716284,8.487270978373504,2.835632123663073,5.904291781577255,2.186568658779334,3.2618755474217798
22.871663331985474,-0.760879,0.187079,-1.14807,-0.0358045,0.752146,-0.0859577,0.139121,0.410044,0.556256,0.307583,0.661782,0.494495,-0.472136,0.162379,0.321799,0.146156,-0.48907,-0.463708,-0.211945,0.707718,50.468201848716284,8.487270978373504,2.835632123663073,5.904291781577255,2.186568658779334,3.2618755474217798
22.904221773147583,-0.245018,-0.211717,-1.32059,-0.0188794,0.702419,-0.156302,0.139037,0.410064,0.556269,0.307342,0.662032,0.494339,-0.472106,0.152302,0.331026,0.146224,0.516016,0.454151,0.242234,-0.684688,49.29373545890613,10.328325467650952,-4.027909876436934,5.292554454049757,1.6174996212256114,4.31419786779537
22.90516448020935,-0.245018,-0.211717,-1.32059,-0.0188794,0.702419,-0.156302,0.139037,0.410064,0.556269,0.307342,0.662032,0.494339,-0.472106,0.152302,0.331026,0.146224,0.516016,0.454151,0.242234,-0.684688,49.29373545890613,10.328325467650952,-4.027909876436934,5.292554454049757,1.6174996212256114,4.31419786779537
22.92054533958435,-0.961003,0.222109,-1.28203,0.034583,0.776138,-0.111355,0.138949,0.41012,0.556231,0.307082,0.662168,0.494551,-0.471862,0.147742,0.335042,0.146695,0.526821,0.449094,0.254369,-0.67533,48.89185326704928,10.973847084460603,-6.719478185152555,5.285983034590407,1.3407210464838015,3.797189324756496
22.92150354385376,-0.961003,0.222109,-1.28203,0.034583,0.776138,-0.111355,0.138949,0.41012,0.556231,0.307082,0.662168,0.494551,-0.471862,0.147742,0.335042,0.146695,0.526821,0.449094,0.254369,-0.67533,48.89185326704928,10.973847084460603,-6.719478185152555,5.285983034590407,1.3407210464838015,3.797189324756496
22.93714189529419,-1.33128,1.56618,-1.96694,0.250628,0.909455,0.193477,0.138807,0.410145,0.556305,0.307933,0.661767,0.494865,-0.47154,0.139618,0.341505,0.147334,0.544648,0.442529,0.275594,-0.656944,47.73107250993944,12.164220234326159,-11.12089275446973,5.31584298059083,-0.08200473553654697,4.317769370599354
22.93809485435486,-1.33128,1.56618,-1.96694,0.250628,0.909455,0.193477,0.138807,0.410145,0.556305,0.307933,0.661767,0.494865,-0.47154,0.139618,0.341505,0.147334,0.544648,0.442529,0.275594,-0.656944,47.73107250993944,12.164220234326159,-11.12089275446973,5.31584298059083,-0.08200473553654697,4.317769370599354
22.950470685958862,-1.33128,1.56618,-1.96694,0.250628,0.909455,0.193477,0.138807,0.410145,0.556305,0.307933,0.661767,0.494865,-0.47154,0.139618,0.341505,0.147334,0.544648,0.442529,0.275594,-0.656944,47.73107250993944,12.164220234326159,-11.12089275446973,5.31584298059083,-0.08200473553654697,4.317769370599354
22.970616102218628,-0.774625,-0.243,-1.67622,0.0439907,0.77615,-0.126061,0.138688,0.410258,0.55655,0.309067,0.662054,0.493536,-0.471788,0.130626,0.34702,0.147706,0.567018,0.429378,0.298471,-0.636427,46.7534706701068,13.331589293739171,-16.517877485494967,6.231784551114377,0.5781227641253437,4.429676319481933
22.971566915512085,-0.774625,-0.243,-1.67622,0.0439907,0.77615,-0.126061,0.138688,0.410258,0.55655,0.309067,0.662054,0.493536,-0.471788,0.130626,0.34702,0.147706,0.567018,0.429378,0.298471,-0.636427,46.7534706701068,13.331589293739171,-16.517877485494967,6.231784551114377,0.5781227641253437,4.429676319481933
23.004061937332153,-0.486223,1.04526,-1.34377,0.217535,0.699346,0.184218,0.138568,0.41031,0.556505,0.308289,0.661844,0.49357,-0.472556,0.123675,0.351573,0.148097,0.577319,0.424592,0.31329,-0.623116,45.7551746504943,14.131992018289496,-19.40507952391572,6.4830939286933456,-0.26896306587212815,4.978487379854437
23.00502038002014,-0.486223,1.04526,-1.34377,0.217535,0.699346,0.184218,0.138568,0.41031,0.556505,0.308289,0.661844,0.49357,-0.472556,0.123675,0.351573,0.148097,0.577319,0.424592,0.31329,-0.623116,45.7551746504943,14.131992018289496,-19.40507952391572,6.4830939286933456,-0.26896306587212815,4.978487379854437
23.020532846450806,-0.0449343,-0.119318,-1.18441,0.0657451,0.644952,-0.0436296,0.138837,0.410158,0.556273,0.307859,0.661619,0.494425,-0.472258,0.124906,0.352404,0.148654,0.568809,0.428686,0.310177,-0.629662,45.77083103964807,13.493896404805158,-17.547359527925668,6.7974219272092355,-1.3438652419272779,4.022311336134744
23.021476984024048,-0.0449343,-0.119318,-1.18441,0.0657451,0.644952,-0.0436296,0.138837,0.410158,0.556273,0.307859,0.661619,0.494425,-0.472258,0.124906,0.352404,0.148654,0.568809,0.428686,0.310177,-0.629662,45.77083103964807,13.493896404805158,-17.547359527925668,6.7974219272092355,-1.3438652419272779,4.022311336134744
23.037137746810913,-0.429318,0.490202,-1.20985,0.158387,0.710886,0.0630823,0.138961,0.410053,0.556271,0.307214,0.662174,0.494535,-0.471784,0.127673,0.352236,0.148937,0.559843,0.434314,0.305647,-0.636024,45.75737815504161,12.957246430474669,-15.68716028737857,6.360454594066813,-1.4523648952852022,4.11084061264979
23.03810477256775,-0.429318,0.490202,-1.20985,0.158387,0.710886,0.0630823,0.138961,0.410053,0.556271,0.307214,0.662174,0.494535,-0.471784,0.127673,0.352236,0.148937,0.559843,0.434314,0.305647,-0.636024,45.75737815504161,12.957246430474669,-15.68716028737857,6.360454594066813,-1.4523648952852022,4.11084061264979
23.053875207901,-0.872759,0.0536482,-0.76422,0.090011,0.698621,-0.0503323,0.138954,0.410092,0.556279,0.307164,0.66196,0.494408,-0.47225,0.129296,0.352011,0.149114,0.552972,0.437543,0.300148,-0.642409,45.91048181846066,12.526587830977588,-14.108611108443698,7.217185071369594,-2.106563134304726,3.5482135950971014
23.054823637008667,-0.872759,0.0536482,-0.76422,0.090011,0.698621,-0.0503323,0.138954,0.410092,0.556279,0.307164,0.66196,0.494408,-0.47225,0.129296,0.352011,0.149114,0.552972,0.437543,0.300148,-0.642409,45.91048181846066,12.526587830977588,-14.108611108443698,7.217185071369594,-2.106563134304726,3.5482135950971014
23.070565462112427,-0.657063,-0.00735784,-0.450149,0.0519918,0.621937,-0.0552406,0.138851,0.410189,0.556219,0.307483,0.661941,0.494539,-0.471933,0.134785,0.350904,0.149557,0.538636,0.447377,0.287708,-0.653414,46.06585256319228,11.82880610756152,-10.771481036667106,7.795729510258926,-3.1544809287865907,3.1343077218286677
23.071513652801514,-0.657063,-0.00735784,-0.450149,0.0519918,0.621937,-0.0552406,0.138851,0.410189,0.556219,0.307483,0.661941,0.494539,-0.471933,0.134785,0.350904,0.149557,0.538636,0.447377,0.287708,-0.653414,46.06585256319228,11.82880610756152,-10.771481036667106,7.795729510258926,-3.1544809287865907,3.1343077218286677
23.103890657424927,-0.409824,-0.0679181,-0.437545,0.0243047,0.606839,-0.0545748,0.138809,0.410199,0.556108,0.306539,0.661942,0.494697,-0.472379,0.140847,0.349441,0.150613,0.517383,0.458467,0.275957,-0.66781,45.907439285951504,10.652133358533511,-6.386042790608287,7.447217738637567,-2.7719472502286377,2.9352587492388134
23.104839086532593,-0.409824,-0.0679181,-0.437545,0.0243047,0.606839,-0.0545748,0.138809,0.410199,0.556108,0.306539,0.661942,0.494697,-0.472379,0.140847,0.349441,0.150613,0.517383,0.458467,0.275957,-0.66781,45.907439285951504,10.652133358533511,-6.386042790608287,7.447217738637567,-2.7719472502286377,2.9352587492388134
23.1209819316864,-0.676167,-0.551672,-0.38416,-0.0450197,0.639368,-0.143552,0.138753,0.410148,0.556128,0.306659,0.661705,0.494658,-0.472673,0.145365,0.34816,0.151496,0.503161,0.466485,0.26638,-0.676951,45.76809914535106,9.949257990366814,-3.359352365843011,7.810594219713234,-3.029039010035161,2.644003381587217
23.12199354171753,-0.676167,-0.551672,-0.38416,-0.0450197,0.639368,-0.143552,0.138753,0.410148,0.556128,0.306659,0.661705,0.494658,-0.472673,0.145365,0.34816,0.151496,0.503161,0.466485,0.26638,-0.676951,45.76809914535106,9.949257990366814,-3.359352365843011,7.810594219713234,-3.029039010035161,2.644003381587217
23.137127161026,-0.423104,-0.628898,-0.38254,-0.0674868,0.623805,-0.171066,0.138594,0.410294,0.556155,0.306534,0.66218,0.494798,-0.471943,0.153001,0.345278,0.152947,-0.477469,-0.47808,-0.250984,0.693159,45.61292160740355,8.388025640610387,2.010492394004837,7.332956913334945,-2.621012153237716,1.9065435824683892
23.138082027435303,-0.423104,-0.628898,-0.38254,-0.0674868,0.623805,-0.171066,0.138594,0.410294,0.556155,0.306534,0.66218,0.494798,-0.471943,0.153001,0.345278,0.152947,-0.477469,-0.47808,-0.250984,0.693159,45.61292160740355,8.388025640610387,2.010492394004837,7.332956913334945,-2.621012153237716,1.9065435824683892
23.1538245677948,-0.015799,-0.995892,-1.01105,-0.0776865,0.718825,-0.246787,0.138559,0.410334,0.556147,0.306312,0.662302,0.495119,-0.471579,0.155795,0.343986,0.153524,-0.468073,-0.482849,-0.245818,0.698096,45.46166056248449,7.914606522265567,3.881382667217574,6.62516487884244,-2.4971186661590297,1.9562253146556072
23.15477991104126,-0.015799,-0.995892,-1.01105,-0.0776865,0.718825,-0.246787,0.138559,0.410334,0.556147,0.306312,0.662302,0.495119,-0.471579,0.155795,0.343986,0.153524,-0.468073,-0.482849,-0.245818,0.698096,45.46166056248449,7.914606522265567,3.881382667217574,6.62516487884244,-2.4971186661590297,1.9562253146556072
23.18753147125244,4.66136,-0.157815,-2.62058,-0.0644124,0.568708,0.00894438,0.138849,0.410161,0.556213,0.307311,0.661925,0.494415,-0.472196,0.168812,0.336555,0.15612,-0.419681,-0.501446,-0.217268,0.724717,44.570398127002726,5.197502654991394,13.530460557903158,6.814179134116653,-1.7112650576125992,1.0872445483555078
23.18852710723877,4.66136,-0.157815,-2.62058,-0.0644124,0.568708,0.00894438,0.138849,0.410161,0.556213,0.307311,0.661925,0.494415,-0.472196,0.168812,0.336555,0.15612,-0.419681,-0.501446,-0.217268,0.724717,44.570398127002726,5.197502654991394,13.530460557903158,6.814179134116653,-1.7112650576125992,1.0872445483555078
23.204793453216553,-1.83472,-3.04734,-0.878363,-0.396001,0.958551,-0.726765,0.13886,0.410137,0.556284,0.307682,0.661745,0.494318,-0.472308,0.170774,0.335359,0.156446,-0.415536,-0.507582,-0.212,0.724394,44.32967666917851,5.508534697201347,14.232808829397325,6.789023528728044,-3.211475764923792,2.208055860723058
23.20583176612854,-1.83472,-3.04734,-0.878363,-0.396001,0.958551,-0.726765,0.13886,0.410137,0.556284,0.307682,0.661745,0.494318,-0.472308,0.170774,0.335359,0.156446,-0.415536,-0.507582,-0.212,0.724394,44.32967666917851,5.508534697201347,14.232808829397325,6.789023528728044,-3.211475764923792,2.208055860723058
23.22077775001526,0.08284,-1.54619,-0.218963,-0.274262,0.62283,-0.345158,0.138837,0.410195,0.556386,0.307772,0.661838,0.49379,-0.472672,0.17338,0.33411,0.156801,-0.407602,-0.509095,-0.203725,0.730192,44.530671042667144,4.998310715682157,16.01974618722693,8.527446169751823,-2.7631062572386877,0.9223937251872782
23.22180461883545,0.08284,-1.54619,-0.218963,-0.274262,0.62283,-0.345158,0.138837,0.410195,0.556386,0.307772,0.661838,0.49379,-0.472672,0.17338,0.33411,0.156801,-0.407602,-0.509095,-0.203725,0.730192,44.530671042667144,4.998310715682157,16.01974618722693,8.527446169751823,-2.7631062572386877,0.9223937251872782
23.23824715614319,0.830911,-1.15564,-0.0568175,-0.237592,0.523903,-0.203268,0.138801,0.410226,0.556251,0.307907,0.661725,0.493904,-0.472622,0.175619,0.334395,0.157451,-0.399158,-0.514184,-0.203431,0.731371,43.79817244575718,4.760824137180941,17.176167415547724,7.960610147245568,-2.2567263987515482,1.6844181883549023
23.239195823669434,0.830911,-1.15564,-0.0568175,-0.237592,0.523903,-0.203268,0.138801,0.410226,0.556251,0.307907,0.661725,0.493904,-0.472622,0.175619,0.334395,0.157451,-0.399158,-0.514184,-0.203431,0.731371,43.79817244575718,4.760824137180941,17.176167415547724,7.960610147245568,-2.2567263987515482,1.6844181883549023
23.254361391067505,-0.241876,-1.82851,0.146522,-0.334338,0.638116,-0.351394,0.138844,0.41019,0.556193,0.307433,0.661764,0.494614,-0.472134,0.176238,0.334503,0.157679,-0.39671,-0.51454,-0.202262,0.732775,43.861086684686725,4.58563222131722,17.691086025715492,7.999957884674107,-2.1335063963450835,1.0184298901933677
23.25531530380249,-0.241876,-1.82851,0.146522,-0.334338,0.638116,-0.351394,0.138844,0.41019,0.556193,0.307433,0.661764,0.494614,-0.472134,0.176238,0.334503,0.157679,-0.39671,-0.51454,-0.202262,0.732775,43.861086684686725,4.58563222131722,17.691086025715492,7.999957884674107,-2.1335063963450835,1.0184298901933677
23.287642240524292,0.770106,-1.35183,0.0887333,-0.274849,0.561313,-0.234683,0.13884,0.410137,0.555847,0.308307,0.661395,0.493872,-0.472858,0.180924,0.333296,0.158797,-0.380728,-0.525506,-0.193926,0.735719,42.85811292417273,4.434081542518468,20.164658237078324,8.711533031257789,-3.042648508407535,2.0784461378214676
23.288578510284424,0.770106,-1.35183,0.0887333,-0.274849,0.561313,-0.234683,0.13884,0.410137,0.555847,0.308307,0.661395,0.493872,-0.472858,0.180924,0.333296,0.158797,-0.380728,-0.525506,-0.193926,0.735719,42.85811292417273,4.434081542518468,20.164658237078324,8.711533031257789,-3.042648508407535,2.0784461378214676
23.30476427078247,0.83483,-1.26682,0.0441001,-0.286706,0.556491,-0.204528,0.138745,0.41018,0.555884,0.307388,0.661188,0.494232,-0.473369,0.182082,0.33286,0.15905,-0.379447,-0.525506,-0.190032,0.737395,43.164560621757,4.4734208953099115,20.549677720787503,9.55531589549782,-2.2415104377660597,1.0614890010279754
23.305715560913086,0.83483,-1.26682,0.0441001,-0.286706,0.556491,-0.204528,0.138745,0.41018,0.555884,0.307388,0.661188,0.494232,-0.473369,0.182082,0.33286,0.15905,-0.379447,-0.525506,-0.190032,0.737395,43.164560621757,4.4734208953099115,20.549677720787503,9.55531589549782,-2.2415104377660597,1.0614890010279754
23.32100749015808,0.44243,-1.61902,1.23033,-0.396083,0.350366,-0.239808,0.138565,0.410245,0.555829,0.307535,0.661352,0.494436,-0.472831,0.185333,0.330913,0.159868,-0.367649,-0.530082,-0.181522,0.742225,43.01061209927907,3.9678961075345778,22.81181111102647,9.940614448348029,-2.3153317779968416,0.36957434865352656
23.32195281982422,0.44243,-1.61902,1.23033,-0.396083,0.350366,-0.239808,0.138565,0.410245,0.555829,0.307535,0.661352,0.494436,-0.472831,0.185333,0.330913,0.159868,-0.367649,-0.530082,-0.181522,0.742225,43.01061209927907,3.9678961075345778,22.81181111102647,9.940614448348029,-2.3153317779968416,0.36957434865352656
23.338075876235962,0.669392,-2.41073,0.717834,-0.513922,0.462002,-0.355636,0.1386,0.410148,0.555732,0.308292,0.660858,0.494009,-0.473475,0.1876,0.329375,0.160431,-0.359999,-0.53636,-0.17501,0.743028,42.58890321967165,4.095416428618428,24.051731231830573,10.653567482988146,-3.6431177044334584,1.2551020978830518
23.3390371799469,0.669392,-2.41073,0.717834,-0.513922,0.462002,-0.355636,0.1386,0.410148,0.555732,0.308292,0.660858,0.494009,-0.473475,0.1876,0.329375,0.160431,-0.359999,-0.53636,-0.17501,0.743028,42.58890321967165,4.095416428618428,24.051731231830573,10.653567482988146,-3.6431177044334584,1.2551020978830518
23.35437536239624,0.827776,-2.11688,0.540358,-0.47334,0.479493,-0.266025,0.138664,0.410164,0.555725,0.308014,0.660979,0.493859,-0.473643,0.188671,0.328647,0.160775,-0.356479,-0.537894,-0.17222,0.744267,42.541011953718964,4.02607364171299,24.637810750793093,10.710746700781051,-3.5429601082065805,1.0695902994254944
23.35532808303833,0.827776,-2.11688,0.540358,-0.47334,0.479493,-0.266025,0.138664,0.410164,0.555725,0.308014,0.660979,0.493859,-0.473643,0.188671,0.328647,0.160775,-0.356479,-0.537894,-0.17222,0.744267,42.541011953718964,4.02607364171299,24.637810750793093,10.710746700781051,-3.5429601082065805,1.0695902994254944
23.37060308456421,0.790836,-1.6671,0.524051,-0.415896,0.521988,-0.145673,0.138725,0.410183,0.55595,0.306646,0.66146,0.494693,-0.472988,0.191512,0.327224,0.161616,-0.34879,-0.541111,-0.165252,0.747152,42.693863598593175,3.862830168970297,26.06120752672008,10.771160824143994,-3.0899908012392414,0.1811824534814228
23.37154769897461,0.790836,-1.6671,0.524051,-0.415896,0.521988,-0.145673,0.138725,0.410183,0.55595,0.306646,0.66146,0.494693,-0.472988,0.191512,0.327224,0.161616,-0.34879,-0.541111,-0.165252,0.747152,42.693863598593175,3.862830168970297,26.06120752672008,10.771160824143994,-3.0899908012392414,0.1811824534814228
23.42189359664917,1.72129,-2.01834,0.928262,-0.52497,0.372441,-0.10886,0.138867,0.410152,0.556009,0.305455,0.661618,0.494482,-0.473758,0.194521,0.325988,0.162193,-0.339324,-0.544964,-0.158039,0.750265,42.5546060310714,3.7372578412894724,27.556385440690153,11.79139091484635,-2.254348058434614,-0.20921875094524012
23.42621421813965,1.72129,-2.01834,0.928262,-0.52497,0.372441,-0.10886,0.138867,0.410152,0.556009,0.305455,0.661618,0.494482,-0.473758,0.194521,0.325988,0.162193,-0.339324,-0.544964,-0.158039,0.750265,42.5546060310714,3.7372578412894724,27.556385440690153,11.79139091484635,-2.254348058434614,-0.20921875094524012
23.44991135597229,1.83883,-1.49691,0.607852,-0.499643,0.605933,0.216593,0.139222,0.409872,0.55566,0.308636,0.662068,0.491869,-0.473786,0.199392,0.323486,0.163222,-0.324301,-0.554725,-0.148929,0.751618,41.501521965394055,3.484902087700138,29.84937130635111,13.23799567418917,-3.823024065930581,1.1984641082572884
23.451185703277588,1.83883,-1.49691,0.607852,-0.499643,0.605933,0.216593,0.139222,0.409872,0.55566,0.308636,0.662068,0.491869,-0.473786,0.199392,0.323486,0.163222,-0.324301,-0.554725,-0.148929,0.751618,41.501521965394055,3.484902087700138,29.84937130635111,13.23799567418917,-3.823024065930581,1.1984641082572884
23.470644235610962,1.80478,-1.20162,0.952967,-0.483239,0.635806,0.393581,0.139229,0.409828,0.555651,0.308629,0.66227,0.49171,-0.473675,0.20123,0.32284,0.163836,-0.3171,-0.556319,-0.146332,0.754019,41.21272897001908,3.111746277966078,30.977113947864133,13.411596402855562,-2.972109349524299,0.6802236255969842
23.471577882766724,1.80478,-1.20162,0.952967,-0.483239,0.635806,0.393581,0.139229,0.409828,0.555651,0.308629,0.66227,0.49171,-0.473675,0.20123,0.32284,0.163836,-0.3171,-0.556319,-0.146332,0.754019,41.21272897001908,3.111746277966078,30.977113947864133,13.411596402855562,-2.972109349524299,0.6802236255969842
23.5041184425354,2.07642,-1.28875,0.696398,-0.486578,0.81331,0.571108,0.139281,0.409771,0.555566,0.30898,0.662336,0.491424,-0.47365,0.20301,0.322268,0.164473,-0.313098,-0.560114,-0.144233,0.753286,40.8791010862312,3.250679087177509,31.43732967962272,13.36157317980701,-3.170697546129759,1.1498308112023126
23.505109071731567,2.07642,-1.28875,0.696398,-0.486578,0.81331,0.571108,0.139281,0.409771,0.555566,0.30898,0.662336,0.491424,-0.47365,0.20301,0.322268,0.164473,-0.313098,-0.560114,-0.144233,0.753286,40.8791010862312,3.250679087177509,31.43732967962272,13.36157317980701,-3.170697546129759,1.1498308112023126
23.520447731018066,1.53568,-0.685047,0.779371,-0.42496,0.914799,0.732763,0.139238,0.409762,0.555565,0.308389,0.662004,0.492381,-0.473506,0.203996,0.322321,0.164922,-0.313165,-0.562156,-0.142685,0.75203,40.96003445644389,3.5830108787333717,31.418381479272597,13.455614884347787,-3.2433388873524316,1.0363121949207863
23.521382331848145,1.53568,-0.685047,0.779371,-0.42496,0.914799,0.732763,0.139238,0.409762,0.555565,0.308389,0.662004,0.492381,-0.473506,0.203996,0.322321,0.164922,-0.313165,-0.562156,-0.142685,0.75203,40.96003445644389,3.5830108787333717,31.418381479272597,13.455614884347787,-3.2433388873524316,1.0363121949207863
23.537173748016357,1.30916,-0.73164,0.559152,-0.46978,0.966274,0.692126,0.139266,0.409728,0.555567,0.309216,0.661903,0.492114,-0.473385,0.205802,0.322508,0.165754,-0.31014,-0.565111,-0.142347,0.751132,40.55859168040517,3.6465361947140136,31.732894974100432,13.644983600602032,-3.023543590781787,1.2375296437491863
23.538141012191772,1.30916,-0.73164,0.559152,-0.46978,0.966274,0.692126,0.139266,0.409728,0.555567,0.309216,0.661903,0.492114,-0.473385,0.205802,0.322508,0.165754,-0.31014,-0.565111,-0.142347,0.751132,40.55859168040517,3.6465361947140136,31.732894974100432,13.644983600602032,-3.023543590781787,1.2375296437491863
23.554397583007812,1.38393,-0.985729,0.794672,-0.513012,0.889009,0.631077,0.139313,0.409739,0.555579,0.309156,0.662448,0.491244,-0.473566,0.206331,0.322858,0.165829,-0.304246,-0.56916,-0.144257,0.750121,39.78282066832688,3.6749185378530838,32.03503048705456,12.805090616199928,-3.3957034108794564,3.043282893289693
23.555372714996338,1.38393,-0.985729,0.794672,-0.513012,0.889009,0.631077,0.139313,0.409739,0.555579,0.309156,0.662448,0.491244,-0.473566,0.206331,0.322858,0.165829,-0.304246,-0.56916,-0.144257,0.750121,39.78282066832688,3.6749185378530838,32.03503048705456,12.805090616199928,-3.3957034108794564,3.043282893289693
23.570634126663208,1.10749,-0.699268,0.256382,-0.44318,1.02411,0.648441,0.139505,0.409634,0.555652,0.309674,0.661764,0.491311,-0.474114,0.207787,0.32333,0.166987,-0.303975,-0.569329,-0.144474,0.75006,39.63949614614513,3.6982383057589594,32.08702385911215,13.468585254556183,-2.340226089100299,2.0280331409229815
23.5715754032135,1.10749,-0.699268,0.256382,-0.44318,1.02411,0.648441,0.139505,0.409634,0.555652,0.309674,0.661764,0.491311,-0.474114,0.207787,0.32333,0.166987,-0.303975,-0.569329,-0.144474,0.75006,39.63949614614513,3.6982383057589594,32.08702385911215,13.468585254556183,-2.340226089100299,2.0280331409229815
23.60429286956787,0.308365,-0.0594366,-0.752432,-0.315168,1.13242,0.505262,0.139612,0.409622,0.555736,0.309161,0.6622,0.491484,-0.47366,0.208544,0.324754,0.167407,-0.302943,-0.573122,-0.145216,0.747442,39.37239029384859,4.088850979575751,31.875376559335546,13.667283379505232,-3.175260653562449,2.779437852564503
23.60526132583618,0.308365,-0.0594366,-0.752432,-0.315168,1.13242,0.505262,0.139612,0.409622,0.555736,0.309161,0.6622,0.491484,-0.47366,0.208544,0.324754,0.167407,-0.302943,-0.573122,-0.145216,0.747442,39.37239029384859,4.088850979575751,31.875376559335546,13.667283379505232,-3.175260653562449,2.779437852564503
23.62107491493225,0.461563,0.124886,-0.977659,-0.282812,1.08123,0.44052,0.139562,0.409692,0.555852,0.308638,0.662744,0.491438,-0.473287,0.208479,0.326044,0.168069,-0.309052,-0.570581,-0.148331,0.746272,39.70945278783429,4.203193714703805,30.914376204135163,13.356589273122038,-1.8989794266872804,1.3584046960225296
23.622094869613647,0.461563,0.124886,-0.977659,-0.282812,1.08123,0.44052,0.139562,0.409692,0.555852,0.308638,0.662744,0.491438,-0.473287,0.208479,0.326044,0.168069,-0.309052,-0.570581,-0.148331,0.746272,39.70945278783429,4.203193714703805,30.914376204135163,13.356589273122038,-1.8989794266872804,1.3584046960225296
23.63705325126648,0.702711,-0.0533445,-1.12164,-0.289474,0.965446,0.234943,0.139382,0.409782,0.556152,0.30811,0.662138,0.493141,-0.472708,0.207938,0.32837,0.168355,-0.310501,-0.575472,-0.154673,0.740606,39.07886165331543,4.926563573974575,30.03099251344124,11.87866890066848,-3.1098714883981424,3.815113157243666
23.638007402420044,0.702711,-0.0533445,-1.12164,-0.289474,0.965446,0.234943,0.139382,0.409782,0.556152,0.30811,0.662138,0.493141,-0.472708,0.207938,0.32837,0.168355,-0.310501,-0.575472,-0.154673,0.740606,39.07886165331543,4.926563573974575,30.03099251344124,11.87866890066848,-3.1098714883981424,3.815113157243666
23.654393196105957,0.678093,0.00603509,-1.33209,-0.256869,0.960962,0.169984,0.139394,0.409829,0.556168,0.308488,0.66242,0.492285,-0.472958,0.207539,0.328981,0.168371,-0.311957,-0.575121,-0.157172,0.73974,38.90295555491354,4.9389931703737755,29.61712709632284,11.660671290182952,-2.9178934997425743,4.154469990763406
23.655344486236572,0.678093,0.00603509,-1.33209,-0.256869,0.960962,0.169984,0.139394,0.409829,0.556168,0.308488,0.66242,0.492285,-0.472958,0.207539,0.328981,0.168371,-0.311957,-0.575121,-0.157172,0.73974,38.90295555491354,4.9389931703737755,29.61712709632284,11.660671290182952,-2.9178934997425743,4.154469990763406
23.671514749526978,0.445691,0.135054,-1.95868,-0.188818,1.0252,0.0497434,0.139311,0.409924,0.556282,0.307688,0.662634,0.492559,-0.472895,0.206699,0.330307,0.168896,-0.317077,-0.569371,-0.15829,0.74177,39.552370615867,4.656163168038969,29.15052612832532,12.573318545260749,-1.3851461725123377,1.2271112263861936
23.672462463378906,0.445691,0.135054,-1.95868,-0.188818,1.0252,0.0497434,0.139311,0.409924,0.556282,0.307688,0.662634,0.492559,-0.472895,0.206699,0.330307,0.168896,-0.317077,-0.569371,-0.15829,0.74177,39.552370615867,4.656163168038969,29.15052612832532,12.573318545260749,-1.3851461725123377,1.2271112263861936
23.70425295829773,-0.103733,0.602745,-2.36155,-0.131922,1.0086,-0.00454016,0.139175,0.410046,0.556639,0.307632,0.661576,0.493864,-0.473052,0.204921,0.333759,0.168792,-0.318868,-0.574493,-0.168457,0.734781,38.472256530067035,5.428907083129111,27.924492995202005,11.055722139939673,-2.9551718284046906,5.003482781797976
23.70520830154419,-0.103733,0.602745,-2.36155,-0.131922,1.0086,-0.00454016,0.139175,0.410046,0.556639,0.307632,0.661576,0.493864,-0.473052,0.204921,0.333759,0.168792,-0.318868,-0.574493,-0.168457,0.734781,38.472256530067035,5.428907083129111,27.924492995202005,11.055722139939673,-2.9551718284046906,5.003482781797976
23.72099494934082,0.710945,-0.663653,-1.68159,-0.296793,0.775606,-0.244878,0.139107,0.41013,0.55672,0.30688,0.661406,0.494372,-0.473248,0.202215,0.336884,0.168475,-0.335069,-0.562606,-0.175419,0.73514,39.61186917996562,5.263438435179265,25.8445562080112,12.424881858935157,0.008897610994858862,1.318598702295867
23.72194504737854,0.710945,-0.663653,-1.68159,-0.296793,0.775606,-0.244878,0.139107,0.41013,0.55672,0.30688,0.661406,0.494372,-0.473248,0.202215,0.336884,0.168475,-0.335069,-0.562606,-0.175419,0.73514,39.61186917996562,5.263438435179265,25.8445562080112,12.424881858935157,0.008897610994858862,1.318598702295867
23.736997604370117,0.613883,-1.52517,-1.71539,-0.39514,0.790122,-0.452372,0.139047,0.410139,0.556623,0.307607,0.661508,0.49448,-0.47252,0.201233,0.338349,0.168292,-0.335483,-0.563119,-0.179119,0.733665,39.29143691895828,5.2147139172951364,25.61575310544041,12.246918970491098,-0.9045570953905303,1.966540279763755
23.737958431243896,0.613883,-1.52517,-1.71539,-0.39514,0.790122,-0.452372,0.139047,0.410139,0.556623,0.307607,0.661508,0.49448,-0.47252,0.201233,0.338349,0.168292,-0.335483,-0.563119,-0.179119,0.733665,39.29143691895828,5.2147139172951364,25.61575310544041,12.246918970491098,-0.9045570953905303,1.966540279763755
23.75462555885315,0.0486655,0.277361,-1.92388,-0.149732,0.870965,-0.106438,0.139057,0.410037,0.556396,0.308492,0.661814,0.493573,-0.472462,0.199046,0.341129,0.168254,-0.342604,-0.55957,-0.187695,0.730941,39.09163764592698,5.188020579332539,24.20949855029232,12.239744756714074,-0.5188761109812691,1.645302838884728
23.755568504333496,0.0486655,0.277361,-1.92388,-0.149732,0.870965,-0.106438,0.139057,0.410037,0.556396,0.308492,0.661814,0.493573,-0.472462,0.199046,0.341129,0.168254,-0.342604,-0.55957,-0.187695,0.730941,39.09163764592698,5.188020579332539,24.20949855029232,12.239744756714074,-0.5188761109812691,1.645302838884728
23.77117395401001,-0.105695,0.0531557,-2.17454,-0.144494,0.882596,-0.16908,0.139033,0.410094,0.556363,0.307524,0.662189,0.494503,-0.471595,0.195018,0.346576,0.168482,-0.353868,-0.554948,-0.203268,0.724909,38.843938244426575,5.437200394227596,21.744932191710216,10.958308447919649,0.10472098201628938,1.3784668775814253
23.772127151489258,-0.105695,0.0531557,-2.17454,-0.144494,0.882596,-0.16908,0.139033,0.410094,0.556363,0.307524,0.662189,0.494503,-0.471595,0.195018,0.346576,0.168482,-0.353868,-0.554948,-0.203268,0.724909,38.843938244426575,5.437200394227596,21.744932191710216,10.958308447919649,0.10472098201628938,1.3784668775814253
23.803888082504272,0.509834,-0.440461,-1.7404,-0.193196,0.695241,-0.229841,0.138909,0.410168,0.556523,0.308186,0.661959,0.494276,-0.471723,0.18911,0.353561,0.168585,-0.368224,-0.549894,-0.222318,0.715962,38.18163773212332,5.844780791824817,18.59627593332973,11.00599586655384,-0.14477542569182855,2.332537353267829
23.804835557937622,0.509834,-0.440461,-1.7404,-0.193196,0.695241,-0.229841,0.138909,0.410168,0.556523,0.308186,0.661959,0.494276,-0.471723,0.18911,0.353561,0.168585,-0.368224,-0.549894,-0.222318,0.715962,38.18163773212332,5.844780791824817,18.59627593332973,11.00599586655384,-0.14477542569182855,2.332537353267829
23.820340156555176,-0.437368,-0.811312,-1.41248,-0.184411,0.741615,-0.298844,0.138795,0.410186,0.556464,0.308915,0.66169,0.49447,-0.471419,0.18444,0.358552,0.168906,-0.384233,-0.543251,-0.234763,0.708612,38.278146711285224,6.29020752478484,15.77603214374513,11.924356256441026,-0.2707313017319119,1.2395599443888874
23.82129669189453,-0.437368,-0.811312,-1.41248,-0.184411,0.741615,-0.298844,0.138795,0.410186,0.556464,0.308915,0.66169,0.49447,-0.471419,0.18444,0.358552,0.168906,-0.384233,-0.543251,-0.234763,0.708612,38.278146711285224,6.29020752478484,15.77603214374513,11.924356256441026,-0.2707313017319119,1.2395599443888874
23.837974309921265,-1.25572,0.0282085,-1.8286,0.00226002,0.904565,-0.160558,0.138698,0.410223,0.556323,0.307614,0.661915,0.494159,-0.472281,0.179688,0.363721,0.169608,-0.389891,-0.540349,-0.247821,0.703273,37.62726447873075,6.476420494341325,13.936628039008337,11.82648275334459,-0.26959260997434714,1.3032502613403163
23.83891987800598,-1.25572,0.0282085,-1.8286,0.00226002,0.904565,-0.160558,0.138698,0.410223,0.556323,0.307614,0.661915,0.494159,-0.472281,0.179688,0.363721,0.169608,-0.389891,-0.540349,-0.247821,0.703273,37.62726447873075,6.476420494341325,13.936628039008337,11.82648275334459,-0.26959260997434714,1.3032502613403163
23.854317903518677,-0.664667,0.761447,-2.28785,0.0870815,0.899789,-0.000836004,0.138566,0.410276,0.556342,0.308104,0.662213,0.493919,-0.471794,0.174922,0.368649,0.170468,-0.397344,-0.535666,-0.262317,0.697402,37.018938858582914,6.367267683144015,12.076582461377479,11.59329575285811,-0.2185931313996038,1.1490357875593298
23.85526990890503,-0.664667,0.761447,-2.28785,0.0870815,0.899789,-0.000836004,0.138566,0.410276,0.556342,0.308104,0.662213,0.493919,-0.471794,0.174922,0.368649,0.170468,-0.397344,-0.535666,-0.262317,0.697402,37.018938858582914,6.367267683144015,12.076582461377479,11.59329575285811,-0.2185931313996038,1.1490357875593298
23.871134281158447,-0.36599,-0.170009,-2.53267,-0.00195853,0.866641,-0.183467,0.138655,0.410285,0.556534,0.309022,0.66201,0.493414,-0.472007,0.170648,0.373385,0.171308,-0.411764,-0.530758,-0.275985,0.687444,36.619815226434426,6.949288968190569,9.161259611388619,12.176122326139538,0.11730158842651567,1.300579064609411
23.872087478637695,-0.36599,-0.170009,-2.53267,-0.00195853,0.866641,-0.183467,0.138655,0.410285,0.556534,0.309022,0.66201,0.493414,-0.472007,0.170648,0.373385,0.171308,-0.411764,-0.530758,-0.275985,0.687444,36.619815226434426,6.949288968190569,9.161259611388619,12.176122326139538,0.11730158842651567,1.300579064609411
23.90395712852478,-0.582856,0.0904438,-2.18019,0.071909,0.798675,-0.0928881,0.138848,0.410233,0.556812,0.307772,0.661714,0.494526,-0.472075,0.160243,0.383396,0.173278,-0.431694,-0.522662,-0.306176,0.668372,35.33119441663839,7.7342654478024,4.2279698703083675,11.466138867619907,0.43180753568236085,2.3193290058466265
23.904913425445557,-0.582856,0.0904438,-2.18019,0.071909,0.798675,-0.0928881,0.138848,0.410233,0.556812,0.307772,0.661714,0.494526,-0.472075,0.160243,0.383396,0.173278,-0.431694,-0.522662,-0.306176,0.668372,35.33119441663839,7.7342654478024,4.2279698703083675,11.466138867619907,0.43180753568236085,2.3193290058466265
23.920988082885742,-0.596054,0.0431619,-1.63316,0.0552662,0.688487,-0.100505,0.138784,0.410268,0.556555,0.309031,0.661288,0.494015,-0.472384,0.152251,0.390079,0.174708,-0.449519,-0.51658,-0.325814,0.651861,34.35400190208967,8.523994411986893,0.3370679610613267,12.249455893693813,-0.4457654550414729,2.7965631719946917
23.922021627426147,-0.596054,0.0431619,-1.63316,0.0552662,0.688487,-0.100505,0.138784,0.410268,0.556555,0.309031,0.661288,0.494015,-0.472384,0.152251,0.390079,0.174708,-0.449519,-0.51658,-0.325814,0.651861,34.35400190208967,8.523994411986893,0.3370679610613267,12.249455893693813,-0.4457654550414729,2.7965631719946917
23.93759846687317,-0.914019,0.0250137,-1.44152,0.0341508,0.673276,-0.106618,0.138811,0.410267,0.556541,0.309078,0.661329,0.494142,-0.472163,0.147319,0.393747,0.175801,-0.459329,-0.512665,-0.337357,0.64217,33.849007010271265,8.925191848753645,-1.8818530097233594,12.22929765495916,-0.9384513947201629,2.781086017774504
23.938639163970947,-0.914019,0.0250137,-1.44152,0.0341508,0.673276,-0.106618,0.138811,0.410267,0.556541,0.309078,0.661329,0.494142,-0.472163,0.147319,0.393747,0.175801,-0.459329,-0.512665,-0.337357,0.64217,33.849007010271265,8.925191848753645,-1.8818530097233594,12.22929765495916,-0.9384513947201629,2.781086017774504
23.954236268997192,-0.775887,-0.302397,-1.21265,-0.00271277,0.607035,-0.16388,0.138842,0.41026,0.556596,0.30814,0.661375,0.494439,-0.472402,0.145034,0.39565,0.176474,-0.460695,-0.511756,-0.343879,0.638446,33.402156411809266,8.966525957207738,-2.622399368957948,11.624888220719003,-0.6274533592361022,3.287880297134393
23.955188989639282,-0.775887,-0.302397,-1.21265,-0.00271277,0.607035,-0.16388,0.138842,0.41026,0.556596,0.30814,0.661375,0.494439,-0.472402,0.145034,0.39565,0.176474,-0.460695,-0.511756,-0.343879,0.638446,33.402156411809266,8.966525957207738,-2.622399368957948,11.624888220719003,-0.6274533592361022,3.287880297134393
23.97064709663391,-0.615992,0.167345,-1.58753,0.0922822,0.671492,-0.0473173,0.138955,0.41022,0.556701,0.306461,0.661665,0.494464,-0.473062,0.138893,0.400114,0.178019,-0.47091,-0.508941,-0.356089,0.626437,32.73418472856846,9.711900162144044,-5.263008746901209,11.555205907094267,-1.57004808542692,3.4932078274919207
23.971606254577637,-0.615992,0.167345,-1.58753,0.0922822,0.671492,-0.0473173,0.138955,0.41022,0.556701,0.306461,0.661665,0.494464,-0.473062,0.138893,0.400114,0.178019,-0.47091,-0.508941,-0.356089,0.626437,32.73418472856846,9.711900162144044,-5.263008746901209,11.555205907094267,-1.57004808542692,3.4932078274919207
24.003938913345337,-0.664173,0.302989,-1.80667,0.149031,0.734427,-0.0205047,0.13881,0.410296,0.556525,0.309087,0.660485,0.494734,-0.472719,0.134884,0.403219,0.179371,-0.476698,-0.50717,-0.365031,0.618296,31.91724045950088,9.83281406722561,-6.447195975960402,12.361963309000574,-3.2233187179145886,3.768884129750642
24.00489091873169,-0.664173,0.302989,-1.80667,0.149031,0.734427,-0.0205047,0.13881,0.410296,0.556525,0.309087,0.660485,0.494734,-0.472719,0.134884,0.403219,0.179371,-0.476698,-0.50717,-0.365031,0.618296,31.91724045950088,9.83281406722561,-6.447195975960402,12.361963309000574,-3.2233187179145886,3.768884129750642
24.020867347717285,-0.65363,0.231436,-1.46519,0.128839,0.678012,-0.0370864,0.13868,0.410297,0.556523,0.308502,0.662186,0.493718,-0.471783,0.133401,0.404758,0.180236,-0.479147,-0.504763,-0.36995,0.615443,31.8129012234171,9.637295539497265,-7.250173504902643,12.165078058646996,-2.4520205283375613,2.9433347913202934
24.021817922592163,-0.65363,0.231436,-1.46519,0.128839,0.678012,-0.0370864,0.13868,0.410297,0.556523,0.308502,0.662186,0.493718,-0.471783,0.133401,0.404758,0.180236,-0.479147,-0.504763,-0.36995,0.615443,31.8129012234171,9.637295539497265,-7.250173504902643,12.165078058646996,-2.4520205283375613,2.9433347913202934
24.037150144577026,-0.692789,-0.0212071,-1.2246,0.103775,0.658346,-0.0733667,0.13853,0.410304,0.556529,0.308098,0.662005,0.493304,-0.472733,0.131966,0.406872,0.181469,-0.474967,-0.506146,-0.372627,0.615932,31.298011333322425,9.389094626376226,-6.932922839803167,12.912580390819562,-3.1020178263418146,2.9328840184415745
24.03809881210327,-0.692789,-0.0212071,-1.2246,0.103775,0.658346,-0.0733667,0.13853,0.410304,0.556529,0.308098,0.662005,0.493304,-0.472733,0.131966,0.406872,0.181469,-0.474967,-0.506146,-0.372627,0.615932,31.298011333322425,9.389094626376226,-6.932922839803167,12.912580390819562,-3.1020178263418146,2.9328840184415745
24.053776264190674,-0.56578,0.112618,-1.36024,0.127966,0.686754,-0.0362229,0.13851,0.410331,0.556526,0.308161,0.662189,0.493542,-0.472185,0.131646,0.407356,0.181797,-0.475006,-0.50558,-0.373712,0.615708,31.30193295830824,9.270621043147688,-6.953901281949867,12.929700824363165,-3.1731681254598167,2.5117198226925153
24.054719924926758,-0.56578,0.112618,-1.36024,0.127966,0.686754,-0.0362229,0.13851,0.410331,0.556526,0.308161,0.662189,0.493542,-0.472185,0.131646,0.407356,0.181797,-0.475006,-0.50558,-0.373712,0.615708,31.30193295830824,9.270621043147688,-6.953901281949867,12.929700824363165,-3.1731681254598167,2.5117198226925153
24.070669174194336,-0.452667,0.179212,-1.44452,0.135017,0.711666,-0.00979487,0.138521,0.410329,0.556454,0.307921,0.662383,0.493617,-0.471993,0.131581,0.408193,0.182514,-0.47554,-0.506473,-0.375577,0.613424,31.069505709801515,9.388531811343734,-7.22759716133167,12.655387187797233,-3.0110465910282023,2.42108353897209
24.071620225906372,-0.452667,0.179212,-1.44452,0.135017,0.711666,-0.00979487,0.138521,0.410329,0.556454,0.307921,0.662383,0.493617,-0.471993,0.131581,0.408193,0.182514,-0.47554,-0.506473,-0.375577,0.613424,31.069505709801515,9.388531811343734,-7.22759716133167,12.655387187797233,-3.0110465910282023,2.42108353897209
24.114866256713867,-0.462546,-0.0286772,-1.34841,0.0875497,0.707129,-0.0539885,0.13873,0.410199,0.556413,0.308955,0.661257,0.494622,-0.471843,0.133353,0.40856,0.183419,-0.465633,-0.51156,-0.373978,0.617764,30.54712616243185,8.905013690334503,-5.501401160202165,12.629287226544971,-4.292527768911363,2.9753154963660258
24.117305517196655,-0.462546,-0.0286772,-1.34841,0.0875497,0.707129,-0.0539885,0.13873,0.410199,0.556413,0.308955,0.661257,0.494622,-0.471843,0.133353,0.40856,0.183419,-0.465633,-0.51156,-0.373978,0.617764,30.54712616243185,8.905013690334503,-5.501401160202165,12.629287226544971,-4.292527768911363,2.9753154963660258
24.136131048202515,0.064712,-0.229473,-0.979616,0.0223975,0.611879,-0.0549161,0.138806,0.41019,0.55648,0.308853,0.661611,0.494596,-0.47144,0.136552,0.40809,0.183955,-0.454724,-0.516133,-0.368898,0.625098,30.477926996539523,8.31485227140769,-3.575824543373019,12.639939995731131,-4.653063579968337,2.6966961687968407
24.137282609939575,0.064712,-0.229473,-0.979616,0.0223975,0.611879,-0.0549161,0.138806,0.41019,0.55648,0.308853,0.661611,0.494596,-0.47144,0.136552,0.40809,0.183955,-0.454724,-0.516133,-0.368898,0.625098,30.477926996539523,8.31485227140769,-3.575824543373019,12.639939995731131,-4.653063579968337,2.6966961687968407
24.15543556213379,-0.179332,-0.604408,-1.44609,0.0173944,0.776166,-0.13187,0.138813,0.410261,0.556533,0.309043,0.661313,0.494135,-0.472216,0.140952,0.406426,0.184147,-0.443132,-0.52166,-0.358322,0.63491,30.652491888496044,7.9484963489896705,-1.240141516547735,13.645112555303808,-5.415989223212728,2.057697462334079
24.156407594680786,-0.179332,-0.604408,-1.44609,0.0173944,0.776166,-0.13187,0.138813,0.410261,0.556533,0.309043,0.661313,0.494135,-0.472216,0.140952,0.406426,0.184147,-0.443132,-0.52166,-0.358322,0.63491,30.652491888496044,7.9484963489896705,-1.240141516547735,13.645112555303808,-5.415989223212728,2.057697462334079
24.18735980987549,0.444034,-0.812776,-1.94402,-0.0781861,0.854027,-0.183297,0.138922,0.410177,0.556529,0.30816,0.661864,0.494314,-0.471834,0.151501,0.401481,0.184086,-0.410037,-0.533834,-0.332741,0.660435,31.230813673393456,6.4728401901482515,5.127667247497655,14.90800357109162,-7.173674552112325,0.10871860787537724
24.188308238983154,0.444034,-0.812776,-1.94402,-0.0781861,0.854027,-0.183297,0.138922,0.410177,0.556529,0.30816,0.661864,0.494314,-0.471834,0.151501,0.401481,0.184086,-0.410037,-0.533834,-0.332741,0.660435,31.230813673393456,6.4728401901482515,5.127667247497655,14.90800357109162,-7.173674552112325,0.10871860787537724
24.204335689544678,-0.176878,-0.978356,-1.4553,-0.122325,0.83172,-0.228014,0.138938,0.410165,0.55653,0.307828,0.661947,0.494133,-0.472124,0.153609,0.400276,0.183852,-0.406243,-0.535828,-0.328162,0.66345,31.358688875848966,6.442426573971759,5.883333759515488,15.044318296174561,-6.873084352825082,0.03505841984395541
24.205281496047974,-0.176878,-0.978356,-1.4553,-0.122325,0.83172,-0.228014,0.138938,0.410165,0.55653,0.307828,0.661947,0.494133,-0.472124,0.153609,0.400276,0.183852,-0.406243,-0.535828,-0.328162,0.66345,31.358688875848966,6.442426573971759,5.883333759515488,15.044318296174561,-6.873084352825082,0.03505841984395541
24.221129894256592,-0.0055027,-1.56919,-1.10143,-0.245129,0.774738,-0.326793,0.138761,0.410214,0.556469,0.308719,0.661384,0.494678,-0.471761,0.15956,0.397549,0.183442,-0.378386,-0.547498,-0.316089,0.676135,30.465056327580065,5.352734142971663,10.458523554048917,14.705705431685898,-8.860028043286427,2.4789403376613857
24.22208070755005,-0.0055027,-1.56919,-1.10143,-0.245129,0.774738,-0.326793,0.138761,0.410214,0.556469,0.308719,0.661384,0.494678,-0.471761,0.15956,0.397549,0.183442,-0.378386,-0.547498,-0.316089,0.676135,30.465056327580065,5.352734142971663,10.458523554048917,14.705705431685898,-8.860028043286427,2.4789403376613857
24.237709999084473,0.139943,-1.55603,-1.59676,-0.247411,0.890665,-0.300301,0.138662,0.410314,0.556363,0.307859,0.661237,0.494715,-0.472488,0.162866,0.395754,0.183241,-0.370412,-0.551669,-0.309596,0.680152,30.40344115041533,5.347876206441044,11.763395403258468,14.525594606936991,-8.183444751302998,2.8214086189801257
24.2386577129364,0.139943,-1.55603,-1.59676,-0.247411,0.890665,-0.300301,0.138662,0.410314,0.556363,0.307859,0.661237,0.494715,-0.472488,0.162866,0.395754,0.183241,-0.370412,-0.551669,-0.309596,0.680152,30.40344115041533,5.347876206441044,11.763395403258468,14.525594606936991,-8.183444751302998,2.8214086189801257
24.271005868911743,0.402878,-0.361665,-0.876808,-0.151453,0.716265,-0.0600232,0.138547,0.410278,0.55636,0.308199,0.661532,0.494332,-0.472255,0.166981,0.394307,0.183466,-0.361051,-0.55662,-0.303071,0.684079,30.189856712832935,5.14438004881682,13.334475263776719,14.856394569138208,-7.804478339087833,3.088656390331147
24.27195405960083,0.402878,-0.361665,-0.876808,-0.151453,0.716265,-0.0600232,0.138547,0.410278,0.55636,0.308199,0.661532,0.494332,-0.472255,0.166981,0.394307,0.183466,-0.361051,-0.55662,-0.303071,0.684079,30.189856712832935,5.14438004881682,13.334475263776719,14.856394569138208,-7.804478339087833,3.088656390331147
24.287492036819458,0.770782,-1.27499,-0.807869,-0.284161,0.662592,-0.229429,0.138537,0.410253,0.556323,0.3075,0.661892,0.493782,-0.472781,0.171031,0.393178,0.183897,-0.353169,-0.561109,-0.297508,0.686962,29.994788547649637,5.140126887525447,14.476921262427261,15.138731123213123,-6.546742993585798,3.1522789021193027
24.28843116760254,0.770782,-1.27499,-0.807869,-0.284161,0.662592,-0.229429,0.138537,0.410253,0.556323,0.3075,0.661892,0.493782,-0.472781,0.171031,0.393178,0.183897,-0.353169,-0.561109,-0.297508,0.686962,29.994788547649637,5.140126887525447,14.476921262427261,15.138731123213123,-6.546742993585798,3.1522789021193027
24.304357767105103,0.966588,-1.62657,-0.804574,-0.329818,0.645115,-0.282729,0.138565,0.410261,0.5563,0.307221,0.662,0.493554,-0.473049,0.172443,0.392607,0.184003,-0.350436,-0.562628,-0.296109,0.687724,29.875576493193016,5.138933049815541,14.820581515575839,14.89052906966499,-5.8855761609950665,3.3767384900282003
24.30531358718872,0.966588,-1.62657,-0.804574,-0.329818,0.645115,-0.282729,0.138565,0.410261,0.5563,0.307221,0.662,0.493554,-0.473049,0.172443,0.392607,0.184003,-0.350436,-0.562628,-0.296109,0.687724,29.875576493193016,5.138933049815541,14.820581515575839,14.89052906966499,-5.8855761609950665,3.3767384900282003
24.321082830429077,0.0719852,-2.21898,-0.634647,-0.411235,0.750553,-0.406437,0.138682,0.410242,0.556275,0.307658,0.661364,0.494696,-0.472462,0.175421,0.391175,0.183978,-0.34361,-0.564649,-0.289221,0.692426,30.066796025110207,4.891227198709636,16.34905447306301,15.881697222481822,-6.107126852041856,2.5714816566242686
24.32203984260559,0.0719852,-2.21898,-0.634647,-0.411235,0.750553,-0.406437,0.138682,0.410242,0.556275,0.307658,0.661364,0.494696,-0.472462,0.175421,0.391175,0.183978,-0.34361,-0.564649,-0.289221,0.692426,30.066796025110207,4.891227198709636,16.34905447306301,15.881697222481822,-6.107126852041856,2.5714816566242686
24.33818221092224,0.590668,-1.68615,-0.996994,-0.363296,0.790258,-0.295677,0.138822,0.410194,0.556326,0.307767,0.661576,0.493859,-0.47297,0.180706,0.388356,0.18425,-0.320289,-0.566225,-0.276595,0.707319,29.917931354754657,3.3479325008671252,20.279768495294963,18.266009022652256,-4.988254628875721,0.7265617437024945
24.339189767837524,0.590668,-1.68615,-0.996994,-0.363296,0.790258,-0.295677,0.138822,0.410194,0.556326,0.307767,0.661576,0.493859,-0.47297,0.180706,0.388356,0.18425,-0.320289,-0.566225,-0.276595,0.707319,29.917931354754657,3.3479325008671252,20.279768495294963,18.266009022652256,-4.988254628875721,0.7265617437024945
24.370949506759644,0.964575,-1.74,-0.426788,-0.407002,0.607273,-0.29652,0.13882,0.410226,0.556447,0.308667,0.661384,0.494384,-0.472102,0.187199,0.384735,0.184233,-0.309579,-0.574922,-0.265016,0.709501,29.72860485576965,3.6305896474950194,22.274076633422734,18.134893864870453,-5.100242643712831,1.9566679262219218
24.371904611587524,0.964575,-1.74,-0.426788,-0.407002,0.607273,-0.29652,0.13882,0.410226,0.556447,0.308667,0.661384,0.494384,-0.472102,0.187199,0.384735,0.184233,-0.309579,-0.574922,-0.265016,0.709501,29.72860485576965,3.6305896474950194,22.274076633422734,18.134893864870453,-5.100242643712831,1.9566679262219218
24.387606143951416,1.66017,-1.72551,-0.00413236,-0.46384,0.457821,-0.251462,0.138757,0.410226,0.556321,0.307891,0.66144,0.494233,-0.472689,0.192429,0.381568,0.184667,-0.296704,-0.581483,-0.256878,0.712641,29.294571157715257,3.671544975997463,24.075002965788013,17.391285705220586,-3.733536852350059,2.6341946317302547
24.38855814933777,1.66017,-1.72551,-0.00413236,-0.46384,0.457821,-0.251462,0.138757,0.410226,0.556321,0.307891,0.66144,0.494233,-0.472689,0.192429,0.381568,0.184667,-0.296704,-0.581483,-0.256878,0.712641,29.294571157715257,3.671544975997463,24.075002965788013,17.391285705220586,-3.733536852350059,2.6341946317302547
24.40498161315918,1.19625,-1.7616,0.393911,-0.499828,0.443197,-0.260551,0.138775,0.410205,0.556248,0.307389,0.661465,0.494614,-0.472581,0.193852,0.380787,0.184764,-0.290289,-0.583187,-0.253736,0.715013,29.164499794113013,3.4911434416938962,25.025300214905066,17.480635698584585,-3.688672574742176,2.498360766644037
24.40599799156189,1.19625,-1.7616,0.393911,-0.499828,0.443197,-0.260551,0.138775,0.410205,0.556248,0.307389,0.661465,0.494614,-0.472581,0.193852,0.380787,0.184764,-0.290289,-0.583187,-0.253736,0.715013,29.164499794113013,3.4911434416938962,25.025300214905066,17.480635698584585,-3.688672574742176,2.498360766644037
24.421019315719604,0.979658,-1.68759,0.240286,-0.525621,0.520397,-0.226931,0.138757,0.410225,0.556025,0.306173,0.661217,0.494692,-0.473635,0.196496,0.379457,0.185446,-0.282765,-0.586834,-0.249979,0.716366,28.829332819632313,3.631300257892826,25.894438891879403,17.114710976433983,-2.600961670689872,2.5031912517391124
24.42196297645569,0.979658,-1.68759,0.240286,-0.525621,0.520397,-0.226931,0.138757,0.410225,0.556025,0.306173,0.661217,0.494692,-0.473635,0.196496,0.379457,0.185446,-0.282765,-0.586834,-0.249979,0.716366,28.829332819632313,3.631300257892826,25.894438891879403,17.114710976433983,-2.600961670689872,2.5031912517391124
24.437739610671997,1.67153,-1.75405,0.0443378,-0.584653,0.51271,-0.203469,0.138727,0.410163,0.555866,0.307669,0.661535,0.494475,-0.472447,0.200016,0.377713,0.186518,-0.27667,-0.593399,-0.243544,0.715554,28.549994665973415,3.9063715171562325,26.956812682454615,17.227838316976033,-4.02896994068324,2.777237087640633
24.438680410385132,1.67153,-1.75405,0.0443378,-0.584653,0.51271,-0.203469,0.138727,0.410163,0.555866,0.307669,0.661535,0.494475,-0.472447,0.200016,0.377713,0.186518,-0.27667,-0.593399,-0.243544,0.715554,28.549994665973415,3.9063715171562325,26.956812682454615,17.227838316976033,-4.02896994068324,2.777237087640633
24.488078117370605,2.10295,-2.09592,-0.57607,-0.661965,0.673476,-0.20963,0.138617,0.410244,0.555925,0.306421,0.661415,0.494878,-0.473003,0.20312,0.376232,0.187737,-0.268505,-0.59679,-0.239253,0.71729,28.292573233369612,3.974697032483912,27.987746083806805,16.84930864749752,-2.6270699610969523,2.210499021365193
24.492365837097168,2.10295,-2.09592,-0.57607,-0.661965,0.673476,-0.20963,0.138617,0.410244,0.555925,0.306421,0.661415,0.494878,-0.473003,0.20312,0.376232,0.187737,-0.268505,-0.59679,-0.239253,0.71729,28.292573233369612,3.974697032483912,27.987746083806805,16.84930864749752,-2.6270699610969523,2.210499021365193
24.525983572006226,2.35382,-0.999092,-0.761776,-0.549833,0.78949,0.107034,0.138995,0.410029,0.556262,0.306656,0.66225,0.493741,-0.47287,0.208221,0.374372,0.189399,-0.259321,-0.602382,-0.232737,0.718138,27.919821522713775,4.055947603077608,29.21342088557566,17.396710515086646,-1.771889438305452,2.081270089039423
24.528242111206055,2.35382,-0.999092,-0.761776,-0.549833,0.78949,0.107034,0.138995,0.410029,0.556262,0.306656,0.66225,0.493741,-0.47287,0.208221,0.374372,0.189399,-0.259321,-0.602382,-0.232737,0.718138,27.919821522713775,4.055947603077608,29.21342088557566,17.396710515086646,-1.771889438305452,2.081270089039423
24.54608964920044,1.74925,-0.868931,-0.821141,-0.542596,1.01954,0.207654,0.139367,0.409803,0.556166,0.307655,0.662046,0.493274,-0.472994,0.211636,0.373636,0.190883,-0.245384,-0.609935,-0.226816,0.718555,26.99776621507311,4.138521350933895,30.958994979197804,18.727217935919317,-3.580879775245549,3.121528199436362
24.547223567962646,1.74925,-0.868931,-0.821141,-0.542596,1.01954,0.207654,0.139367,0.409803,0.556166,0.307655,0.662046,0.493274,-0.472994,0.211636,0.373636,0.190883,-0.245384,-0.609935,-0.226816,0.718555,26.99776621507311,4.138521350933895,30.958994979197804,18.727217935919317,-3.580879775245549,3.121528199436362
24.561706066131592,1.79258,-0.49065,-0.551186,-0.500317,1.03777,0.31441,0.139476,0.409783,0.556058,0.30746,0.662115,0.492593,-0.473735,0.212956,0.373955,0.191764,-0.240452,-0.610926,-0.225265,0.719866,26.71352471626495,4.011113248133019,31.492851350701887,19.828510462972005,-3.0276956735448963,2.4959527087687903
24.562647819519043,1.79258,-0.49065,-0.551186,-0.500317,1.03777,0.31441,0.139476,0.409783,0.556058,0.30746,0.662115,0.492593,-0.473735,0.212956,0.373955,0.191764,-0.240452,-0.610926,-0.225265,0.719866,26.71352471626495,4.011113248133019,31.492851350701887,19.828510462972005,-3.0276956735448963,2.4959527087687903
24.57693362236023,1.33808,-0.788688,-0.266353,-0.539874,1.03485,0.242152,0.139557,0.409739,0.555963,0.306991,0.662465,0.492172,-0.473987,0.214685,0.375319,0.193419,-0.236168,-0.61823,-0.229166,0.713792,25.639238112531324,4.693793188298397,31.196935016399223,18.424503969175923,-3.2937650577983266,4.753332262441877
24.577870845794678,1.33808,-0.788688,-0.266353,-0.539874,1.03485,0.242152,0.139557,0.409739,0.555963,0.306991,0.662465,0.492172,-0.473987,0.214685,0.375319,0.193419,-0.236168,-0.61823,-0.229166,0.713792,25.639238112531324,4.693793188298397,31.196935016399223,18.424503969175923,-3.2937650577983266,4.753332262441877
24.604369163513184,2.16947,-0.386402,-0.766718,-0.455232,1.04234,0.307287,0.139536,0.409742,0.555925,0.30754,0.662617,0.491815,-0.473788,0.215362,0.376347,0.194478,-0.237185,-0.615778,-0.228935,0.715646,25.852626564964613,4.358352460471324,31.261757839554196,20.102916126332854,-2.2839590231282116,2.4652987350824
24.60531735420227,2.16947,-0.386402,-0.766718,-0.455232,1.04234,0.307287,0.139536,0.409742,0.555925,0.30754,0.662617,0.491815,-0.473788,0.215362,0.376347,0.194478,-0.237185,-0.615778,-0.228935,0.715646,25.852626564964613,4.358352460471324,31.261757839554196,20.102916126332854,-2.2839590231282116,2.4652987350824
24.62111496925354,1.3098,0.094681,-1.1757,-0.338689,1.15384,0.296748,0.139431,0.409778,0.555994,0.307759,0.661672,0.493241,-0.473484,0.21593,0.378076,0.195899,-0.233377,-0.619326,-0.232219,0.712772,25.13139567044418,4.621219946494859,31.418230045718644,19.849269196591287,-2.812663698270141,3.3519960543242275
24.62206196784973,1.3098,0.094681,-1.1757,-0.338689,1.15384,0.296748,0.139431,0.409778,0.555994,0.307759,0.661672,0.493241,-0.473484,0.21593,0.378076,0.195899,-0.233377,-0.619326,-0.232219,0.712772,25.13139567044418,4.621219946494859,31.418230045718644,19.849269196591287,-2.812663698270141,3.3519960543242275
24.63713026046753,1.06002,-0.0828054,-1.67037,-0.310937,1.16753,0.145271,0.139373,0.409806,0.556177,0.308257,0.662622,0.492113,-0.473007,0.216649,0.381007,0.198031,-0.229982,-0.624252,-0.237415,0.70785,24.12685891837435,4.861787727585774,31.116549971500753,19.774334124172753,-3.5379478213865942,4.683609981485768
24.638083457946777,1.06002,-0.0828054,-1.67037,-0.310937,1.16753,0.145271,0.139373,0.409806,0.556177,0.308257,0.662622,0.492113,-0.473007,0.216649,0.381007,0.198031,-0.229982,-0.624252,-0.237415,0.70785,24.12685891837435,4.861787727585774,31.116549971500753,19.774334124172753,-3.5379478213865942,4.683609981485768
24.670841217041016,0.574307,0.0858023,-1.97055,-0.222179,1.16653,0.0194295,0.139149,0.409951,0.556287,0.307081,0.662838,0.493255,-0.472279,0.216392,0.384292,0.199827,-0.229686,-0.624801,-0.240524,0.706411,23.99227518418266,4.945890632019574,30.895142549498775,20.82709907520562,-3.5574017745427864,3.325074383936764
24.671791076660156,0.574307,0.0858023,-1.97055,-0.222179,1.16653,0.0194295,0.139149,0.409951,0.556287,0.307081,0.662838,0.493255,-0.472279,0.216392,0.384292,0.199827,-0.229686,-0.624801,-0.240524,0.706411,23.99227518418266,4.945890632019574,30.895142549498775,20.82709907520562,-3.5574017745427864,3.325074383936764
24.688092947006226,0.419507,0.269966,-1.95573,-0.168323,1.10252,-0.0230177,0.138964,0.41008,0.556273,0.307375,0.662125,0.494031,-0.472277,0.215419,0.388021,0.201685,-0.23157,-0.623604,-0.250314,0.703446,23.31357736279947,4.824865420492816,30.087332871479262,20.553646527368574,-2.2748766749692604,2.966627070791524
24.689141035079956,0.419507,0.269966,-1.95573,-0.168323,1.10252,-0.0230177,0.138964,0.41008,0.556273,0.307375,0.662125,0.494031,-0.472277,0.215419,0.388021,0.201685,-0.23157,-0.623604,-0.250314,0.703446,23.31357736279947,4.824865420492816,30.087332871479262,20.553646527368574,-2.2748766749692604,2.966627070791524
24.704033613204956,0.623965,-0.272359,-1.83006,-0.218191,1.01078,-0.14698,0.138938,0.410097,0.556273,0.307377,0.662066,0.494075,-0.472311,0.215068,0.389621,0.202344,-0.231177,-0.625549,-0.25292,0.700912,22.920004394312656,5.039298275907923,29.83298245616087,20.65460870212118,-2.9080757647979762,3.782958918221258
24.705001831054688,0.623965,-0.272359,-1.83006,-0.218191,1.01078,-0.14698,0.138938,0.410097,0.556273,0.307377,0.662066,0.494075,-0.472311,0.215068,0.389621,0.202344,-0.231177,-0.625549,-0.25292,0.700912,22.920004394312656,5.039298275907923,29.83298245616087,20.65460870212118,-2.9080757647979762,3.782958918221258
24.720571517944336,1.37624,-0.0206664,-1.70605,-0.171214,0.846313,-0.0949834,0.138949,0.410097,0.556311,0.307195,0.662074,0.49428,-0.472204,0.212822,0.394668,0.204462,-0.237333,-0.625326,-0.26482,0.69463,22.260097105833843,5.252386255891679,28.227026280878693,20.378745725446528,-2.695373469223337,3.9696606969242794
24.72150993347168,1.37624,-0.0206664,-1.70605,-0.171214,0.846313,-0.0949834,0.138949,0.410097,0.556311,0.307195,0.662074,0.49428,-0.472204,0.212822,0.394668,0.204462,-0.237333,-0.625326,-0.26482,0.69463,22.260097105833843,5.252386255891679,28.227026280878693,20.378745725446528,-2.695373469223337,3.9696606969242794
24.737140417099,0.353508,-0.317354,-1.50033,-0.19296,0.865151,-0.181347,0.138953,0.410101,0.556325,0.307223,0.662084,0.494294,-0.472157,0.211908,0.396523,0.205135,-0.240997,-0.62438,-0.268956,0.692627,22.167234796433597,5.295895993306055,27.540694654580346,20.559542424983164,-2.406202562528393,3.693188194644418
24.738090991973877,0.353508,-0.317354,-1.50033,-0.19296,0.865151,-0.181347,0.138953,0.410101,0.556325,0.307223,0.662084,0.494294,-0.472157,0.211908,0.396523,0.205135,-0.240997,-0.62438,-0.268956,0.692627,22.167234796433597,5.295895993306055,27.540694654580346,20.559542424983164,-2.406202562528393,3.693188194644418
24.77133321762085,0.915663,-0.400382,-1.66306,-0.175682,0.768948,-0.195095,0.138932,0.410123,0.55634,0.307788,0.661928,0.493737,-0.47259,0.207226,0.404754,0.208546,-0.249849,-0.620029,-0.286122,0.686494,21.342765017921785,5.02519231507074,25.39000990892983,22.343329423066002,-2.1033180716467528,2.464077626314531
24.7723650932312,0.915663,-0.400382,-1.66306,-0.175682,0.768948,-0.195095,0.138932,0.410123,0.55634,0.307788,0.661928,0.493737,-0.47259,0.207226,0.404754,0.208546,-0.249849,-0.620029,-0.286122,0.686494,21.342765017921785,5.02519231507074,25.39000990892983,22.343329423066002,-2.1033180716467528,2.464077626314531
24.787112951278687,0.780977,-0.265285,-1.66031,-0.154916,0.751337,-0.173322,0.138953,0.410109,0.556345,0.307809,0.661893,0.493728,-0.472634,0.204059,0.408961,0.210142,-0.257931,-0.617873,-0.296849,0.680871,20.96239780275512,5.122655439686525,23.71581541081871,22.284009601648908,-1.9480177428319356,2.3333783721517256
24.788065671920776,0.780977,-0.265285,-1.66031,-0.154916,0.751337,-0.173322,0.138953,0.410109,0.556345,0.307809,0.661893,0.493728,-0.472634,0.204059,0.408961,0.210142,-0.257931,-0.617873,-0.296849,0.680871,20.96239780275512,5.122655439686525,23.71581541081871,22.284009601648908,-1.9480177428319356,2.3333783721517256
24.80376935005188,0.363502,-0.728053,-1.63969,-0.198295,0.775615,-0.272119,0.13895,0.410112,0.556366,0.307335,0.661957,0.494471,-0.472077,0.20066,0.413479,0.211998,-0.268464,-0.614919,-0.307482,0.674728,20.874265426701363,5.312931358702954,21.82610548315624,22.41189510646668,-1.700094894620407,1.2425153988331372
24.804749965667725,0.363502,-0.728053,-1.63969,-0.198295,0.775615,-0.272119,0.13895,0.410112,0.556366,0.307335,0.661957,0.494471,-0.472077,0.20066,0.413479,0.211998,-0.268464,-0.614919,-0.307482,0.674728,20.874265426701363,5.312931358702954,21.82610548315624,22.41189510646668,-1.700094894620407,1.2425153988331372
24.820653200149536,0.992389,-0.750902,-1.67067,-0.162836,0.696735,-0.240725,0.138934,0.41015,0.5564,0.307684,0.662164,0.493844,-0.472216,0.194494,0.420709,0.214882,-0.279954,-0.61324,-0.326279,0.662649,19.782622098456006,5.558849735631487,19.02743237239818,21.97596746652811,-2.4510957516983884,2.5273634155231584
24.821617126464844,0.992389,-0.750902,-1.67067,-0.162836,0.696735,-0.240725,0.138934,0.41015,0.5564,0.307684,0.662164,0.493844,-0.472216,0.194494,0.420709,0.214882,-0.279954,-0.61324,-0.326279,0.662649,19.782622098456006,5.558849735631487,19.02743237239818,21.97596746652811,-2.4510957516983884,2.5273634155231584
24.837173461914062,0.206736,-0.0155752,-1.81219,-0.00229244,0.811324,-0.11819,0.138917,0.410164,0.556396,0.307694,0.662099,0.493883,-0.472259,0.190745,0.424578,0.216583,-0.306705,-0.612498,-0.337605,0.645601,19.936966105259295,7.227746594367979,14.950906150870082,20.99174212574483,-1.578438211359076,2.728883258800206
24.83813786506653,0.206736,-0.0155752,-1.81219,-0.00229244,0.811324,-0.11819,0.138917,0.410164,0.556396,0.307694,0.662099,0.493883,-0.472259,0.190745,0.424578,0.216583,-0.306705,-0.612498,-0.337605,0.645601,19.936966105259295,7.227746594367979,14.950906150870082,20.99174212574483,-1.578438211359076,2.728883258800206
24.885157585144043,0.189981,-0.241753,-2.40016,-0.00229014,0.907441,-0.175328,0.138818,0.410214,0.556548,0.308513,0.662024,0.49456,-0.47112,0.183139,0.432152,0.219978,-0.317396,-0.608196,-0.355764,0.634657,19.063038663652474,7.100091314912154,12.545844355967455,21.681807335555177,-3.3100598768670872,2.420776892732201
24.887600660324097,0.189981,-0.241753,-2.40016,-0.00229014,0.907441,-0.175328,0.138818,0.410214,0.556548,0.308513,0.662024,0.49456,-0.47112,0.183139,0.432152,0.219978,-0.317396,-0.608196,-0.355764,0.634657,19.063038663652474,7.100091314912154,12.545844355967455,21.681807335555177,-3.3100598768670872,2.420776892732201
24.90643811225891,0.0340762,-0.711896,-1.48759,-0.0496755,0.689069,-0.253192,0.138751,0.410276,0.556565,0.308985,0.66173,0.49352,-0.472313,0.176799,0.438389,0.223039,-0.323727,-0.608323,-0.372862,0.621384,17.43014364270238,7.3274905629487685,10.283594086745602,21.189367939297554,-4.27958763962027,5.15185654830929
24.907599687576294,0.0340762,-0.711896,-1.48759,-0.0496755,0.689069,-0.253192,0.138751,0.410276,0.556565,0.308985,0.66173,0.49352,-0.472313,0.176799,0.438389,0.223039,-0.323727,-0.608323,-0.372862,0.621384,17.43014364270238,7.3274905629487685,10.283594086745602,21.189367939297554,-4.27958763962027,5.15185654830929
24.937238454818726,-0.277806,-0.406432,-1.1931,0.0154599,0.673798,-0.177278,0.138746,0.410253,0.556397,0.308464,0.661391,0.494507,-0.472097,0.163861,0.448703,0.228543,0.348481,0.602091,0.402196,-0.59522,15.959760641366842,8.061455824344133,5.041994150751534,20.803817213352104,-5.139800515412977,5.441073258803521
24.938190460205078,-0.277806,-0.406432,-1.1931,0.0154599,0.673798,-0.177278,0.138746,0.410253,0.556397,0.308464,0.661391,0.494507,-0.472097,0.163861,0.448703,0.228543,0.348481,0.602091,0.402196,-0.59522,15.959760641366842,8.061455824344133,5.041994150751534,20.803817213352104,-5.139800515412977,5.441073258803521
24.95402455329895,-0.24588,-0.451453,-1.13537,0.0232295,0.654149,-0.178683,0.138746,0.410247,0.556386,0.308615,0.661361,0.494506,-0.47204,0.161187,0.45062,0.229671,0.353735,0.599043,0.407185,-0.591793,15.902329915249261,8.007996121163956,4.090609260206709,21.582556032562604,-5.191806202129554,4.5621122289200144
24.954968690872192,-0.24588,-0.451453,-1.13537,0.0232295,0.654149,-0.178683,0.138746,0.410247,0.556386,0.308615,0.661361,0.494506,-0.47204,0.161187,0.45062,0.229671,0.353735,0.599043,0.407185,-0.591793,15.902329915249261,8.007996121163956,4.090609260206709,21.582556032562604,-5.191806202129554,4.5621122289200144
24.970573663711548,-0.303916,-0.33617,-1.4851,0.0619896,0.711306,-0.145027,0.13877,0.410225,0.556436,0.308999,0.661288,0.494235,-0.472176,0.153326,0.455932,0.233113,0.367262,0.594888,0.42255,-0.576782,15.012779446188205,8.297524082918388,1.2138895781347976,22.051312646918635,-6.187910665068981,4.592697465152108
24.971524953842163,-0.303916,-0.33617,-1.4851,0.0619896,0.711306,-0.145027,0.13877,0.410225,0.556436,0.308999,0.661288,0.494235,-0.472176,0.153326,0.455932,0.233113,0.367262,0.594888,0.42255,-0.576782,15.012779446188205,8.297524082918388,1.2138895781347976,22.051312646918635,-6.187910665068981,4.592697465152108
24.987094402313232,0.265003,0.21112,-1.775,0.156372,0.711904,-0.014266,0.138739,0.410234,0.556533,0.308333,0.662423,0.493859,-0.471412,0.148527,0.458917,0.23521,0.373148,0.5925,0.432098,-0.568327,14.506790416382367,8.22217258917551,-0.3645147675980593,21.551874325391037,-6.779185006570254,4.435615389160808
24.988043546676636,0.265003,0.21112,-1.775,0.156372,0.711904,-0.014266,0.138739,0.410234,0.556533,0.308333,0.662423,0.493859,-0.471412,0.148527,0.458917,0.23521,0.373148,0.5925,0.432098,-0.568327,14.506790416382367,8.22217258917551,-0.3645147675980593,21.551874325391037,-6.779185006570254,4.435615389160808
25.020867109298706,-0.631939,-0.526757,-1.32578,0.118103,0.73045,-0.16613,0.138732,0.410278,0.556543,0.30887,0.66171,0.493428,-0.472512,0.140801,0.463394,0.238978,0.382445,0.589094,0.446072,-0.554729,13.377310443203422,8.365054298093868,-2.7092307919102123,22.053540014622147,-7.9781925396804585,4.812835311828238
25.021811723709106,-0.631939,-0.526757,-1.32578,0.118103,0.73045,-0.16613,0.138732,0.410278,0.556543,0.30887,0.66171,0.493428,-0.472512,0.140801,0.463394,0.238978,0.382445,0.589094,0.446072,-0.554729,13.377310443203422,8.365054298093868,-2.7092307919102123,22.053540014622147,-7.9781925396804585,4.812835311828238
25.036966800689697,0.0167975,-0.0216548,-1.93285,0.231153,0.778319,-0.0369221,0.138763,0.410261,0.556525,0.308411,0.662214,0.493576,-0.471952,0.138062,0.465029,0.240621,0.384848,0.58875,0.451093,-0.549346,12.99562717903252,8.394007352734189,-3.483281608021049,21.637076025915484,-8.836298828320883,4.572103726776238
25.037923097610474,0.0167975,-0.0216548,-1.93285,0.231153,0.778319,-0.0369221,0.138763,0.410261,0.556525,0.308411,0.662214,0.493576,-0.471952,0.138062,0.465029,0.240621,0.384848,0.58875,0.451093,-0.549346,12.99562717903252,8.394007352734189,-3.483281608021049,21.637076025915484,-8.836298828320883,4.572103726776238
25.053864240646362,0.160696,0.560906,-2.21909,0.31577,0.805622,0.0820614,0.138788,0.410253,0.556522,0.308571,0.661627,0.494251,-0.471963,0.136894,0.465734,0.241312,0.386257,0.586931,0.454056,-0.54786,12.903671508472886,8.298653977223621,-3.8027357023311703,21.94408723287687,-8.505208073241587,4.255611721200123
25.05480647087097,0.160696,0.560906,-2.21909,0.31577,0.805622,0.0820614,0.138788,0.410253,0.556522,0.308571,0.661627,0.494251,-0.471963,0.136894,0.465734,0.241312,0.386257,0.586931,0.454056,-0.54786,12.903671508472886,8.298653977223621,-3.8027357023311703,21.94408723287687,-8.505208073241587,4.255611721200123
25.071101903915405,0.147367,0.0351388,-2.25187,0.27477,0.803043,-0.0160298,0.138848,0.410239,0.556558,0.308995,0.661511,0.493924,-0.472191,0.134631,0.467539,0.243289,0.387994,0.587457,0.458779,-0.542104,12.269024563103567,8.382330649489873,-4.479186460007932,22.094650203088214,-9.30726115763609,4.678581100782858
25.07204532623291,0.147367,0.0351388,-2.25187,0.27477,0.803043,-0.0160298,0.138848,0.410239,0.556558,0.308995,0.661511,0.493924,-0.472191,0.134631,0.467539,0.243289,0.387994,0.587457,0.458779,-0.542104,12.269024563103567,8.382330649489873,-4.479186460007932,22.094650203088214,-9.30726115763609,4.678581100782858
25.08715796470642,0.35253,0.440337,-2.59448,0.338197,0.868038,0.0693011,0.138817,0.410242,0.55657,0.309009,0.661386,0.493911,-0.47237,0.133975,0.468274,0.244317,0.386233,0.591555,0.46199,-0.536145,11.364306726598745,8.653555365061353,-4.7080578063981395,20.401986257576613,-9.817093159029163,6.876280101838585
25.08811855316162,0.35253,0.440337,-2.59448,0.338197,0.868038,0.0693011,0.138817,0.410242,0.55657,0.309009,0.661386,0.493911,-0.47237,0.133975,0.468274,0.244317,0.386233,0.591555,0.46199,-0.536145,11.364306726598745,8.653555365061353,-4.7080578063981395,20.401986257576613,-9.817093159029163,6.876280101838585
25.12069082260132,0.342828,0.13134,-2.61838,0.283967,0.89203,0.0184056,0.138801,0.410274,0.556661,0.30784,0.661425,0.494037,-0.472947,0.135218,0.468743,0.245353,0.384628,0.592093,0.459491,-0.538846,11.605762797469264,8.740888466640877,-4.406215239831664,21.68299691927707,-9.482695598833471,5.334110976096125
25.121639013290405,0.342828,0.13134,-2.61838,0.283967,0.89203,0.0184056,0.138801,0.410274,0.556661,0.30784,0.661425,0.494037,-0.472947,0.135218,0.468743,0.245353,0.384628,0.592093,0.459491,-0.538846,11.605762797469264,8.740888466640877,-4.406215239831664,21.68299691927707,-9.482695598833471,5.334110976096125
25.137139558792114,0.68341,-0.0327675,-2.17278,0.231034,0.807077,0.0223121,0.13888,0.41024,0.556631,0.307749,0.661737,0.493961,-0.472649,0.136276,0.468779,0.245493,0.38164,0.592845,0.458814,-0.540717,11.593064811831969,8.55561127693473,-3.9920671778278285,21.794513133884166,-9.38445439920328,5.255272152457555
25.138094902038574,0.68341,-0.0327675,-2.17278,0.231034,0.807077,0.0223121,0.13888,0.41024,0.556631,0.307749,0.661737,0.493961,-0.472649,0.136276,0.468779,0.245493,0.38164,0.592845,0.458814,-0.540717,11.593064811831969,8.55561127693473,-3.9920671778278285,21.794513133884166,-9.38445439920328,5.255272152457555
25.153772115707397,0.59889,-0.356297,-1.93533,0.190576,0.794182,-0.0306674,0.138924,0.410165,0.556557,0.308192,0.662079,0.494069,-0.471768,0.136894,0.468661,0.245397,0.38229,0.594447,0.457736,-0.539412,11.576122485881363,8.733887739276762,-3.9556119852972054,21.5426908937398,-9.994444266824065,5.34180305218028
25.154720067977905,0.59889,-0.356297,-1.93533,0.190576,0.794182,-0.0306674,0.138924,0.410165,0.556557,0.308192,0.662079,0.494069,-0.471768,0.136894,0.468661,0.245397,0.38229,0.594447,0.457736,-0.539412,11.576122485881363,8.733887739276762,-3.9556119852972054,21.5426908937398,-9.994444266824065,5.34180305218028
25.170464754104614,0.0191436,-0.435694,-1.39885,0.162285,0.774751,-0.0503781,0.138929,0.410139,0.556371,0.307679,0.661919,0.493835,-0.472572,0.140187,0.467937,0.24502,0.376895,0.59689,0.45312,-0.544384,11.686325816581355,8.742220429105913,-3.017210261836242,22.132126850349124,-9.173390015045683,5.273844319351887
25.171406507492065,0.0191436,-0.435694,-1.39885,0.162285,0.774751,-0.0503781,0.138929,0.410139,0.556371,0.307679,0.661919,0.493835,-0.472572,0.140187,0.467937,0.24502,0.376895,0.59689,0.45312,-0.544384,11.686325816581355,8.742220429105913,-3.017210261836242,22.132126850349124,-9.173390015045683,5.273844319351887
25.187681913375854,0.0974722,-0.513886,-1.48876,0.146342,0.783081,-0.0819145,0.138889,0.410163,0.55631,0.307609,0.661764,0.494552,-0.472085,0.143965,0.466849,0.244549,0.367645,0.602259,0.445792,-0.550809,11.78544496923685,8.798732833706538,-1.3011931618690715,22.135109343419785,-10.510385286357277,5.406722828134511
25.188639402389526,0.0974722,-0.513886,-1.48876,0.146342,0.783081,-0.0819145,0.138889,0.410163,0.55631,0.307609,0.661764,0.494552,-0.472085,0.143965,0.466849,0.244549,0.367645,0.602259,0.445792,-0.550809,11.78544496923685,8.798732833706538,-1.3011931618690715,22.135109343419785,-10.510385286357277,5.406722828134511
25.22043466567993,0.484838,-0.600332,-1.86121,0.141065,0.801086,-0.0940186,0.138832,0.410214,0.556504,0.308787,0.661715,0.49421,-0.471742,0.152841,0.463441,0.243234,0.34905,0.607802,0.43183,-0.567683,12.233175799687375,8.15282001517831,2.1754565276123525,23.235513374520995,-10.222671932946866,5.089256153303965
25.221378087997437,0.484838,-0.600332,-1.86121,0.141065,0.801086,-0.0940186,0.138832,0.410214,0.556504,0.308787,0.661715,0.49421,-0.471742,0.152841,0.463441,0.243234,0.34905,0.607802,0.43183,-0.567683,12.233175799687375,8.15282001517831,2.1754565276123525,23.235513374520995,-10.222671932946866,5.089256153303965
25.23766303062439,0.352199,-0.493504,-1.64541,0.134841,0.778384,-0.0751123,0.138811,0.410221,0.556559,0.308471,0.662361,0.49343,-0.471859,0.155061,0.462386,0.242828,0.345421,0.609797,0.427759,-0.570836,12.359828876711369,8.137613748786489,2.814702357917664,23.206542409562935,-10.045060287572028,5.048565448770471
25.238601446151733,0.352199,-0.493504,-1.64541,0.134841,0.778384,-0.0751123,0.138811,0.410221,0.556559,0.308471,0.662361,0.49343,-0.471859,0.155061,0.462386,0.242828,0.345421,0.609797,0.427759,-0.570836,12.359828876711369,8.137613748786489,2.814702357917664,23.206542409562935,-10.045060287572028,5.048565448770471
25.25428605079651,0.539842,-0.690152,-1.7215,0.109655,0.776322,-0.113488,0.13875,0.410254,0.556568,0.308445,0.662323,0.49348,-0.471877,0.159697,0.460343,0.241967,0.33547,0.612461,0.419736,-0.579805,12.668784772345687,7.855548214481217,4.643102571196485,23.82412004157536,-9.665204786422484,4.621375980436538
25.255234956741333,0.539842,-0.690152,-1.7215,0.109655,0.776322,-0.113488,0.13875,0.410254,0.556568,0.308445,0.662323,0.49348,-0.471877,0.159697,0.460343,0.241967,0.33547,0.612461,0.419736,-0.579805,12.668784772345687,7.855548214481217,4.643102571196485,23.82412004157536,-9.665204786422484,4.621375980436538
25.270982265472412,0.291044,-0.651598,-1.58073,0.0857374,0.793923,-0.123219,0.138646,0.410318,0.5564,0.307936,0.661988,0.493918,-0.47222,0.166792,0.456746,0.240375,0.320152,0.617562,0.407646,-0.591561,12.95784334578692,7.652117669106243,7.328725922285104,23.950621333329224,-8.800094455370951,4.652346703032496
25.271941661834717,0.291044,-0.651598,-1.58073,0.0857374,0.793923,-0.123219,0.138646,0.410318,0.5564,0.307936,0.661988,0.493918,-0.47222,0.166792,0.456746,0.240375,0.320152,0.617562,0.407646,-0.591561,12.95784334578692,7.652117669106243,7.328725922285104,23.950621333329224,-8.800094455370951,4.652346703032496
25.287736415863037,0.283305,-0.79909,-1.40375,0.0400288,0.755712,-0.162063,0.138725,0.410179,0.556323,0.308228,0.661439,0.494173,-0.472533,0.171478,0.454005,0.239343,0.30923,0.620269,0.399335,-0.600146,13.12538427121474,7.3869334187714095,9.279439278397197,24.437143663799954,-8.45260793922113,4.598569155677158
25.288681507110596,0.283305,-0.79909,-1.40375,0.0400288,0.755712,-0.162063,0.138725,0.410179,0.556323,0.308228,0.661439,0.494173,-0.472533,0.171478,0.454005,0.239343,0.30923,0.620269,0.399335,-0.600146,13.12538427121474,7.3869334187714095,9.279439278397197,24.437143663799954,-8.45260793922113,4.598569155677158
25.32054591178894,1.3304,-0.47081,-1.57777,0.00813132,0.70207,-0.0629426,0.138903,0.410136,0.556364,0.307582,0.661899,0.493779,-0.472721,0.180565,0.448204,0.237051,0.288177,0.625539,0.38193,-0.616266,13.613220721322751,6.871735217836421,12.918058033574066,24.778752623764944,-7.5969695871626115,4.22896991756092
25.32149362564087,1.3304,-0.47081,-1.57777,0.00813132,0.70207,-0.0629426,0.138903,0.410136,0.556364,0.307582,0.661899,0.493779,-0.472721,0.180565,0.448204,0.237051,0.288177,0.625539,0.38193,-0.616266,13.613220721322751,6.871735217836421,12.918058033574066,24.778752623764944,-7.5969695871626115,4.22896991756092
25.337117433547974,0.724364,-0.961396,-1.3246,-0.0803777,0.73605,-0.167197,0.138797,0.410228,0.556435,0.308859,0.661359,0.494297,-0.472103,0.184309,0.445668,0.236012,0.280186,0.628188,0.375176,-0.621385,13.664703909703121,6.727535833898566,14.486237447029895,24.70995209068513,-7.625879611495517,4.755564046409021
25.338071823120117,0.724364,-0.961396,-1.3246,-0.0803777,0.73605,-0.167197,0.138797,0.410228,0.556435,0.308859,0.661359,0.494297,-0.472103,0.184309,0.445668,0.236012,0.280186,0.628188,0.375176,-0.621385,13.664703909703121,6.727535833898566,14.486237447029895,24.70995209068513,-7.625879611495517,4.755564046409021
25.353756427764893,0.451937,-1.08562,-0.867836,-0.12924,0.684732,-0.197069,0.138693,0.410237,0.556458,0.30878,0.661743,0.494065,-0.471859,0.186009,0.444429,0.235514,0.274749,0.628625,0.371715,-0.625438,13.766272445345695,6.429343241489944,15.3620144776154,24.835502306197096,-7.388067298412479,4.497625925239045
25.354705095291138,0.451937,-1.08562,-0.867836,-0.12924,0.684732,-0.197069,0.138693,0.410237,0.556458,0.30878,0.661743,0.494065,-0.471859,0.186009,0.444429,0.235514,0.274749,0.628625,0.371715,-0.625438,13.766272445345695,6.429343241489944,15.3620144776154,24.835502306197096,-7.388067298412479,4.497625925239045
25.370640754699707,0.872686,-1.94395,-0.531729,-0.293981,0.552664,-0.354981,0.138561,0.410349,0.556409,0.307523,0.66209,0.494127,-0.472128,0.191604,0.440378,0.234212,-0.263595,-0.632454,-0.360646,0.632814,14.087071522081336,6.450749953351368,17.272938665221176,24.471839666174635,-6.103272479242442,4.170486360514788
25.371588230133057,0.872686,-1.94395,-0.531729,-0.293981,0.552664,-0.354981,0.138561,0.410349,0.556409,0.307523,0.66209,0.494127,-0.472128,0.191604,0.440378,0.234212,-0.263595,-0.632454,-0.360646,0.632814,14.087071522081336,6.450749953351368,17.272938665221176,24.471839666174635,-6.103272479242442,4.170486360514788
25.38721251487732,0.774538,-1.63035,-0.904107,-0.28719,0.633169,-0.284355,0.138632,0.41029,0.556384,0.30766,0.661947,0.49446,-0.471891,0.194936,0.437803,0.233387,-0.25532,-0.635586,-0.35415,0.636726,14.069826392569182,6.4398785352933094,18.659770676453885,24.129503000531074,-6.2072336371305505,4.695628653644177
25.38816547393799,0.774538,-1.63035,-0.904107,-0.28719,0.633169,-0.284355,0.138632,0.41029,0.556384,0.30766,0.661947,0.49446,-0.471891,0.194936,0.437803,0.233387,-0.25532,-0.635586,-0.35415,0.636726,14.069826392569182,6.4398785352933094,18.659770676453885,24.129503000531074,-6.2072336371305505,4.695628653644177
25.42072033882141,0.947239,-1.48738,-1.12489,-0.31011,0.683802,-0.258161,0.138746,0.410185,0.556338,0.30797,0.661694,0.494308,-0.472203,0.200375,0.433274,0.231782,-0.242487,-0.637212,-0.341551,0.646918,14.46247384637672,6.056150473505368,21.061495121553545,25.229913252193285,-5.502042269893217,3.95011276719298
25.421674728393555,0.947239,-1.48738,-1.12489,-0.31011,0.683802,-0.258161,0.138746,0.410185,0.556338,0.30797,0.661694,0.494308,-0.472203,0.200375,0.433274,0.231782,-0.242487,-0.637212,-0.341551,0.646918,14.46247384637672,6.056150473505368,21.061495121553545,25.229913252193285,-5.502042269893217,3.95011276719298
25.437040090560913,1.26229,-1.59078,-0.899081,-0.311252,0.63025,-0.26855,0.138726,0.410197,0.556322,0.30802,0.661616,0.49433,-0.472256,0.201649,0.432152,0.231287,-0.240324,-0.639114,-0.339389,0.646988,14.385608102314059,6.21862235476949,21.40253242267514,24.668659329494155,-5.397015909647487,4.751549367862848
25.437998294830322,1.26229,-1.59078,-0.899081,-0.311252,0.63025,-0.26855,0.138726,0.410197,0.556322,0.30802,0.661616,0.49433,-0.472256,0.201649,0.432152,0.231287,-0.240324,-0.639114,-0.339389,0.646988,14.385608102314059,6.21862235476949,21.40253242267514,24.668659329494155,-5.397015909647487,4.751549367862848
25.453792095184326,1.02253,-1.66075,-0.767044,-0.327985,0.650346,-0.289785,0.138681,0.410244,0.556273,0.307758,0.66138,0.494644,-0.472429,0.204618,0.429787,0.230454,-0.231309,-0.643147,-0.332375,0.649911,14.262051489642426,6.382950790986657,22.78844086319641,24.49591890415261,-5.844448492180384,5.793051073125673
25.45475721359253,1.02253,-1.66075,-0.767044,-0.327985,0.650346,-0.289785,0.138681,0.410244,0.556273,0.307758,0.66138,0.494644,-0.472429,0.204618,0.429787,0.230454,-0.231309,-0.643147,-0.332375,0.649911,14.262051489642426,6.382950790986657,22.78844086319641,24.49591890415261,-5.844448492180384,5.793051073125673
25.470528602600098,1.50929,-1.44345,-0.858145,-0.295256,0.649996,-0.235595,0.138675,0.410227,0.556309,0.307967,0.661492,0.494236,-0.472563,0.207376,0.427056,0.229491,-0.221895,-0.643623,-0.325135,0.656353,14.382004420630787,5.9697576057492405,24.359104483519477,25.122563240086773,-5.59934593814624,5.487140718845192
25.47147798538208,1.50929,-1.44345,-0.858145,-0.295256,0.649996,-0.235595,0.138675,0.410227,0.556309,0.307967,0.661492,0.494236,-0.472563,0.207376,0.427056,0.229491,-0.221895,-0.643623,-0.325135,0.656353,14.382004420630787,5.9697576057492405,24.359104483519477,25.122563240086773,-5.59934593814624,5.487140718845192
25.48711895942688,1.68922,-1.50339,-0.743092,-0.301524,0.627341,-0.22919,0.138762,0.410226,0.556422,0.308729,0.661197,0.494303,-0.472409,0.211222,0.423465,0.228402,-0.207528,-0.645168,-0.316692,0.663623,14.219570533594606,5.454526336770781,26.595898048338526,25.390878932045307,-5.492657365881388,5.89988503961093
25.488067865371704,1.68922,-1.50339,-0.743092,-0.301524,0.627341,-0.22919,0.138762,0.410226,0.556422,0.308729,0.661197,0.494303,-0.472409,0.211222,0.423465,0.228402,-0.207528,-0.645168,-0.316692,0.663623,14.219570533594606,5.454526336770781,26.595898048338526,25.390878932045307,-5.492657365881388,5.89988503961093
25.52093243598938,1.21891,-0.695394,-0.522647,-0.247333,0.67841,-0.0571476,0.1388,0.410173,0.556254,0.307846,0.661531,0.494578,-0.472228,0.215192,0.419612,0.227373,-0.194852,-0.646119,-0.306865,0.671116,14.438959725991865,5.0747335054918645,28.6330365618093,25.788977119988605,-4.690440581621812,4.813724459472896
25.52187991142273,1.21891,-0.695394,-0.522647,-0.247333,0.67841,-0.0571476,0.1388,0.410173,0.556254,0.307846,0.661531,0.494578,-0.472228,0.215192,0.419612,0.227373,-0.194852,-0.646119,-0.306865,0.671116,14.438959725991865,5.0747335054918645,28.6330365618093,25.788977119988605,-4.690440581621812,4.813724459472896
25.537054300308228,0.973454,-0.940958,-0.499715,-0.271546,0.749506,-0.0715804,0.138878,0.410141,0.556043,0.306034,0.661588,0.494509,-0.473398,0.217225,0.417847,0.226959,-0.187148,-0.648927,-0.300442,0.673501,14.409725937752809,5.322440996768747,29.617305390273348,26.252809258745902,-4.652444282730068,5.016009627114378
25.537997484207153,0.973454,-0.940958,-0.499715,-0.271546,0.749506,-0.0715804,0.138878,0.410141,0.556043,0.306034,0.661588,0.494509,-0.473398,0.217225,0.417847,0.226959,-0.187148,-0.648927,-0.300442,0.673501,14.409725937752809,5.322440996768747,29.617305390273348,26.252809258745902,-4.652444282730068,5.016009627114378
25.550677061080933,0.973454,-0.940958,-0.499715,-0.271546,0.749506,-0.0715804,0.138878,0.410141,0.556043,0.306034,0.661588,0.494509,-0.473398,0.217225,0.417847,0.226959,-0.187148,-0.648927,-0.300442,0.673501,14.409725937752809,5.322440996768747,29.617305390273348,26.252809258745902,-4.652444282730068,5.016009627114378
25.57123613357544,1.31943,-0.275776,-0.635863,-0.199702,0.788095,0.114457,0.139114,0.409919,0.555843,0.308354,0.662241,0.492671,-0.472895,0.220374,0.414983,0.226638,-0.178524,-0.649923,-0.294483,0.677502,14.188776588525558,4.801717377858021,31.02702488865774,26.964509611199222,-4.762109133685769,4.95642461253475
25.572200775146484,1.31943,-0.275776,-0.635863,-0.199702,0.788095,0.114457,0.139114,0.409919,0.555843,0.308354,0.662241,0.492671,-0.472895,0.220374,0.414983,0.226638,-0.178524,-0.649923,-0.294483,0.677502,14.188776588525558,4.801717377858021,31.02702488865774,26.964509611199222,-4.762109133685769,4.95642461253475
25.587757349014282,1.09757,-0.533806,-0.901623,-0.243841,0.906807,0.0982392,0.139184,0.409924,0.555873,0.30752,0.662665,0.492108,-0.473431,0.221496,0.414185,0.226712,-0.175166,-0.650721,-0.291672,0.678827,14.198014333102195,4.812788605562372,31.420343606036216,27.285461798005553,-4.364087423181731,4.731623836728469
25.588711738586426,1.09757,-0.533806,-0.901623,-0.243841,0.906807,0.0982392,0.139184,0.409924,0.555873,0.30752,0.662665,0.492108,-0.473431,0.221496,0.414185,0.226712,-0.175166,-0.650721,-0.291672,0.678827,14.198014333102195,4.812788605562372,31.420343606036216,27.285461798005553,-4.364087423181731,4.731623836728469
25.621047258377075,1.07432,0.0457537,-0.772679,-0.171286,0.92392,0.29655,0.139343,0.409797,0.555952,0.308113,0.661593,0.493162,-0.473447,0.223275,0.413086,0.2271,-0.172619,-0.651931,-0.28998,0.679044,14.067191469134888,4.961771911600884,31.905363448094054,27.27451575735449,-3.8805106392636604,4.81775115541169
25.621996641159058,1.07432,0.0457537,-0.772679,-0.171286,0.92392,0.29655,0.139343,0.409797,0.555952,0.308113,0.661593,0.493162,-0.473447,0.223275,0.413086,0.2271,-0.172619,-0.651931,-0.28998,0.679044,14.067191469134888,4.961771911600884,31.905363448094054,27.27451575735449,-3.8805106392636604,4.81775115541169
25.637632608413696,1.13771,0.621639,-0.86151,-0.114831,0.971416,0.476489,0.139473,0.409753,0.555897,0.308177,0.662296,0.491869,-0.473768,0.224379,0.412469,0.227251,-0.16853,-0.654556,-0.287104,0.678767,13.832261181160575,5.077947655551497,32.32877425561412,27.661613686218484,-4.603416309582596,5.588669884787133
25.638576984405518,1.13771,0.621639,-0.86151,-0.114831,0.971416,0.476489,0.139473,0.409753,0.555897,0.308177,0.662296,0.491869,-0.473768,0.224379,0.412469,0.227251,-0.16853,-0.654556,-0.287104,0.678767,13.832261181160575,5.077947655551497,32.32877425561412,27.661613686218484,-4.603416309582596,5.588669884787133
25.654548406600952,1.52702,0.688767,-1.02987,-0.123684,0.987783,0.527005,0.139532,0.4097,0.555895,0.307784,0.662625,0.491744,-0.473693,0.224836,0.412152,0.227406,-0.168056,-0.65483,-0.287074,0.678633,13.826665284773428,5.087435412288938,32.32374576946507,27.310299060729633,-4.22150566341832,5.414787693533427
25.65549874305725,1.52702,0.688767,-1.02987,-0.123684,0.987783,0.527005,0.139532,0.4097,0.555895,0.307784,0.662625,0.491744,-0.473693,0.224836,0.412152,0.227406,-0.168056,-0.65483,-0.287074,0.678633,13.826665284773428,5.087435412288938,32.32374576946507,27.310299060729633,-4.22150566341832,5.414787693533427
25.67107081413269,1.16255,0.301499,-0.881661,-0.220823,1.06466,0.493011,0.139736,0.409589,0.555737,0.30918,0.662093,0.491603,-0.473674,0.226092,0.411323,0.227612,-0.167563,-0.655927,-0.285654,0.678295,13.720571620078392,5.177069285919975,32.55979626453551,27.581008054590058,-4.319617671888357,5.58709760443539
25.672016620635986,1.16255,0.301499,-0.881661,-0.220823,1.06466,0.493011,0.139736,0.409589,0.555737,0.30918,0.662093,0.491603,-0.473674,0.226092,0.411323,0.227612,-0.167563,-0.655927,-0.285654,0.678295,13.720571620078392,5.177069285919975,32.55979626453551,27.581008054590058,-4.319617671888357,5.58709760443539
25.68779993057251,1.68772,0.426518,-0.305259,-0.247932,0.99078,0.578618,0.139835,0.409494,0.555601,0.308541,0.662113,0.491774,-0.473886,0.227305,0.410386,0.227615,-0.163596,-0.656737,-0.283852,0.679236,13.621392378169343,5.1847715059141715,33.0181991130342,27.456170521362598,-3.8407822115296297,5.497915025760955
25.688811540603638,1.68772,0.426518,-0.305259,-0.247932,0.99078,0.578618,0.139835,0.409494,0.555601,0.308541,0.662113,0.491774,-0.473886,0.227305,0.410386,0.227615,-0.163596,-0.656737,-0.283852,0.679236,13.621392378169343,5.1847715059141715,33.0181991130342,27.456170521362598,-3.8407822115296297,5.497915025760955
25.721160888671875,1.25538,0.892876,-0.000948012,-0.223171,1.05123,0.732229,0.139965,0.409342,0.55525,0.308952,0.662134,0.491813,-0.473548,0.228869,0.409723,0.228146,-0.158464,-0.659391,-0.282265,0.678542,13.254436239175392,5.297937008594118,33.6032903127309,27.47659490767426,-4.329177666942134,5.862545580889554
25.722111701965332,1.25538,0.892876,-0.000948012,-0.223171,1.05123,0.732229,0.139965,0.409342,0.55525,0.308952,0.662134,0.491813,-0.473548,0.228869,0.409723,0.228146,-0.158464,-0.659391,-0.282265,0.678542,13.254436239175392,5.297937008594118,33.6032903127309,27.47659490767426,-4.329177666942134,5.862545580889554
25.737631797790527,1.20755,0.815064,0.0407596,-0.253518,1.07783,0.740471,0.140026,0.409298,0.555158,0.308761,0.662043,0.491791,-0.473822,0.229608,0.409599,0.228624,-0.156747,-0.658428,-0.283188,0.679491,13.124563594594537,5.099760309924867,33.712096006037335,27.450354893409855,-3.141997132868633,5.204937784413485
25.738575220108032,1.20755,0.815064,0.0407596,-0.253518,1.07783,0.740471,0.140026,0.409298,0.555158,0.308761,0.662043,0.491791,-0.473822,0.229608,0.409599,0.228624,-0.156747,-0.658428,-0.283188,0.679491,13.124563594594537,5.099760309924867,33.712096006037335,27.450354893409855,-3.141997132868633,5.204937784413485
25.754040241241455,0.942741,0.821083,-0.188991,-0.260415,1.17172,0.719572,0.140022,0.409276,0.555173,0.309097,0.661734,0.491432,-0.474407,0.229874,0.409668,0.22893,-0.155691,-0.659603,-0.282857,0.678731,12.911430768583841,5.235455182934727,33.77594642040301,27.767464305295903,-3.348867199354182,5.830446590005641
25.754989624023438,0.942741,0.821083,-0.188991,-0.260415,1.17172,0.719572,0.140022,0.409276,0.555173,0.309097,0.661734,0.491432,-0.474407,0.229874,0.409668,0.22893,-0.155691,-0.659603,-0.282857,0.678731,12.911430768583841,5.235455182934727,33.77594642040301,27.767464305295903,-3.348867199354182,5.830446590005641
25.77075219154358,0.281437,0.616635,-1.24697,-0.247645,1.39562,0.59051,0.139879,0.409419,0.555358,0.307304,0.662428,0.492479,-0.473516,0.230519,0.410332,0.230049,-0.153485,-0.662469,-0.283325,0.676243,12.784533118222438,5.605212179987281,33.79046251023348,26.988819171263106,-3.495296577146764,5.799762404530215
25.771698236465454,0.281437,0.616635,-1.24697,-0.247645,1.39562,0.59051,0.139879,0.409419,0.555358,0.307304,0.662428,0.492479,-0.473516,0.230519,0.410332,0.230049,-0.153485,-0.662469,-0.283325,0.676243,12.784533118222438,5.605212179987281,33.79046251023348,26.988819171263106,-3.495296577146764,5.799762404530215
25.787245512008667,0.222818,0.50676,-1.91464,-0.208566,1.39336,0.461523,0.13982,0.409445,0.555612,0.308623,0.662297,0.491601,-0.473754,0.230721,0.411226,0.230972,-0.153343,-0.661199,-0.284375,0.677077,12.621013307997387,5.29931632134617,33.81537165641881,28.250077324187025,-3.092390026799606,5.396487389431304
25.788190841674805,0.222818,0.50676,-1.91464,-0.208566,1.39336,0.461523,0.13982,0.409445,0.555612,0.308623,0.662297,0.491601,-0.473754,0.230721,0.411226,0.230972,-0.153343,-0.661199,-0.284375,0.677077,12.621013307997387,5.29931632134617,33.81537165641881,28.250077324187025,-3.092390026799606,5.396487389431304
25.821330547332764,0.46295,0.325222,-2.45999,-0.136495,1.34097,0.304367,0.139569,0.409649,0.556374,0.309016,0.662289,0.491773,-0.473331,0.23044,0.413275,0.232749,-0.151342,-0.662225,-0.289033,0.674547,12.007087285777773,5.250625785055781,33.66235984957358,27.986692094711678,-3.1034277887710995,6.372702201547386
25.822344541549683,0.46295,0.325222,-2.45999,-0.136495,1.34097,0.304367,0.139569,0.409649,0.556374,0.309016,0.662289,0.491773,-0.473331,0.23044,0.413275,0.232749,-0.151342,-0.662225,-0.289033,0.674547,12.007087285777773,5.250625785055781,33.66235984957358,27.986692094711678,-3.1034277887710995,6.372702201547386
25.83703303337097,0.393167,0.108572,-2.53278,-0.102829,1.29983,0.191582,0.139425,0.409845,0.556667,0.308472,0.662049,0.493118,-0.47262,0.229819,0.414336,0.233227,-0.153813,-0.661008,-0.290082,0.674732,12.2897673626365,5.252871072136238,33.46705182422096,28.25567290832491,-2.9874541539804786,5.337585692760949
25.83798122406006,0.393167,0.108572,-2.53278,-0.102829,1.29983,0.191582,0.139425,0.409845,0.556667,0.308472,0.662049,0.493118,-0.47262,0.229819,0.414336,0.233227,-0.153813,-0.661008,-0.290082,0.674732,12.2897673626365,5.252871072136238,33.46705182422096,28.25567290832491,-2.9874541539804786,5.337585692760949
25.853859663009644,0.236633,0.093817,-2.37062,-0.0897905,1.24505,0.14895,0.139391,0.409884,0.55678,0.307094,0.662221,0.494622,-0.471706,0.229466,0.4149,0.233441,-0.152643,-0.661344,-0.29014,0.674643,12.419898035698262,5.346273766202753,33.592731267975964,28.027333844128105,-3.49365718854613,4.835009287336706
25.85482120513916,0.236633,0.093817,-2.37062,-0.0897905,1.24505,0.14895,0.139391,0.409884,0.55678,0.307094,0.662221,0.494622,-0.471706,0.229466,0.4149,0.233441,-0.152643,-0.661344,-0.29014,0.674643,12.419898035698262,5.346273766202753,33.592731267975964,28.027333844128105,-3.49365718854613,4.835009287336706
25.87062358856201,1.33813,-0.214937,-2.064,-0.100188,0.991611,0.0752003,0.139399,0.4099,0.55683,0.307785,0.66245,0.493912,-0.471678,0.229201,0.415365,0.233702,-0.152868,-0.661419,-0.292314,0.673579,12.161751564320653,5.242465436577796,33.39865628276477,27.68387339609656,-3.526550216048685,5.416954634113726
25.871567964553833,1.33813,-0.214937,-2.064,-0.100188,0.991611,0.0752003,0.139399,0.4099,0.55683,0.307785,0.66245,0.493912,-0.471678,0.229201,0.415365,0.233702,-0.152868,-0.661419,-0.292314,0.673579,12.161751564320653,5.242465436577796,33.39865628276477,27.68387339609656,-3.526550216048685,5.416954634113726
25.887204885482788,0.153526,-0.404464,-1.84377,-0.124596,0.933094,-0.0837425,0.139451,0.40991,0.55656,0.308821,0.662323,0.493279,-0.471842,0.227454,0.417677,0.234218,-0.153986,-0.65823,-0.297106,0.674351,11.911838155251555,4.694356520011021,33.0671501104455,28.772963926104474,-3.649204392426354,4.882549553251808
25.888163328170776,0.153526,-0.404464,-1.84377,-0.124596,0.933094,-0.0837425,0.139451,0.40991,0.55656,0.308821,0.662323,0.493279,-0.471842,0.227454,0.417677,0.234218,-0.153986,-0.65823,-0.297106,0.674351,11.911838155251555,4.694356520011021,33.0671501104455,28.772963926104474,-3.649204392426354,4.882549553251808
25.920907497406006,0.502539,-0.553486,-1.24984,-0.168859,0.627368,-0.196346,0.139405,0.409993,0.556585,0.308517,0.662045,0.492943,-0.472779,0.224598,0.420951,0.234919,-0.161438,-0.656024,-0.30489,0.671276,11.752116822130715,4.684357611261781,31.691069523929954,28.8481453189279,-3.22713344833337,5.1802373248497915
25.921860933303833,0.502539,-0.553486,-1.24984,-0.168859,0.627368,-0.196346,0.139405,0.409993,0.556585,0.308517,0.662045,0.492943,-0.472779,0.224598,0.420951,0.234919,-0.161438,-0.656024,-0.30489,0.671276,11.752116822130715,4.684357611261781,31.691069523929954,28.8481453189279,-3.22713344833337,5.1802373248497915
25.93710970878601,0.193209,-0.672714,-1.43179,-0.193656,0.67054,-0.275236,0.139304,0.410023,0.556658,0.307824,0.661819,0.493885,-0.472564,0.222171,0.423728,0.235648,-0.169161,-0.65587,-0.310966,0.666723,11.764034329881982,5.034965910470774,30.447729789163233,28.42888705610074,-3.6044626343422728,5.473875856091756
25.938066005706787,0.193209,-0.672714,-1.43179,-0.193656,0.67054,-0.275236,0.139304,0.410023,0.556658,0.307824,0.661819,0.493885,-0.472564,0.222171,0.423728,0.235648,-0.169161,-0.65587,-0.310966,0.666723,11.764034329881982,5.034965910470774,30.447729789163233,28.42888705610074,-3.6044626343422728,5.473875856091756
25.954076766967773,0.0245075,-0.89277,-1.65335,-0.207475,0.707381,-0.325277,0.139284,0.410053,0.556699,0.30687,0.662452,0.493639,-0.472556,0.220394,0.425481,0.236207,-0.173835,-0.654,-0.317216,0.664409,11.6914445014087,4.911320806358345,29.43165126562126,27.435015424879563,-2.7067990646587554,5.219159206498779
25.955024480819702,0.0245075,-0.89277,-1.65335,-0.207475,0.707381,-0.325277,0.139284,0.410053,0.556699,0.30687,0.662452,0.493639,-0.472556,0.220394,0.425481,0.236207,-0.173835,-0.654,-0.317216,0.664409,11.6914445014087,4.911320806358345,29.43165126562126,27.435015424879563,-2.7067990646587554,5.219159206498779
25.97054123878479,0.396456,-0.962059,-1.7547,-0.193406,0.651643,-0.323079,0.139162,0.410077,0.556678,0.30789,0.661143,0.49458,-0.472743,0.213732,0.432335,0.238281,-0.195402,-0.649752,-0.335348,0.653591,11.477425947119707,5.231442120757179,26.06359230212081,27.11095330686691,-2.5160153899903763,5.578386786576419
25.971490144729614,0.396456,-0.962059,-1.7547,-0.193406,0.651643,-0.323079,0.139162,0.410077,0.556678,0.30789,0.661143,0.49458,-0.472743,0.213732,0.432335,0.238281,-0.195402,-0.649752,-0.335348,0.653591,11.477425947119707,5.231442120757179,26.06359230212081,27.11095330686691,-2.5160153899903763,5.578386786576419
25.987682104110718,0.0726223,-0.595332,-1.2936,-0.120197,0.581391,-0.25619,0.138988,0.410188,0.556669,0.306923,0.661407,0.494771,-0.4728,0.207953,0.43763,0.239908,0.219056,0.648302,0.34972,-0.639856,11.5743445293014,6.165415250999685,22.37543367231622,25.662372822687537,-1.9663338627473808,5.9995522001818955
25.988694667816162,0.0726223,-0.595332,-1.2936,-0.120197,0.581391,-0.25619,0.138988,0.410188,0.556669,0.306923,0.661407,0.494771,-0.4728,0.207953,0.43763,0.239908,0.219056,0.648302,0.34972,-0.639856,11.5743445293014,6.165415250999685,22.37543367231622,25.662372822687537,-1.9663338627473808,5.9995522001818955
26.020899057388306,-0.102921,-0.505005,-1.01858,-0.167758,0.510221,-0.257575,0.138654,0.410267,0.556458,0.308751,0.662034,0.49376,-0.471788,0.193282,0.449676,0.243551,0.26435,0.640281,0.383906,-0.610554,10.991089941782235,7.025771575278426,15.00575197327839,24.28749178716075,-1.922652958284865,7.369770149814945
26.021849870681763,-0.102921,-0.505005,-1.01858,-0.167758,0.510221,-0.257575,0.138654,0.410267,0.556458,0.308751,0.662034,0.49376,-0.471788,0.193282,0.449676,0.243551,0.26435,0.640281,0.383906,-0.610554,10.991089941782235,7.025771575278426,15.00575197327839,24.28749178716075,-1.922652958284865,7.369770149814945
26.03810214996338,-0.621984,0.00662875,-1.10834,-0.0855398,0.581633,-0.157953,0.13856,0.410225,0.556316,0.307706,0.661897,0.493679,-0.472747,0.184114,0.456026,0.245606,0.292864,0.634075,0.400042,-0.593418,11.059094252897442,7.962074395276482,10.493771027200449,24.916704320330663,-1.4038858003657253,6.736268802586899
26.039116859436035,-0.621984,0.00662875,-1.10834,-0.0855398,0.581633,-0.157953,0.13856,0.410225,0.556316,0.307706,0.661897,0.493679,-0.472747,0.184114,0.456026,0.245606,0.292864,0.634075,0.400042,-0.593418,11.059094252897442,7.962074395276482,10.493771027200449,24.916704320330663,-1.4038858003657253,6.736268802586899
26.054299116134644,-0.457859,-1.13369,-0.833009,-0.212843,0.491847,-0.380828,0.138522,0.410226,0.556296,0.307544,0.66205,0.493582,-0.472741,0.178855,0.459183,0.246718,0.306377,0.631689,0.41044,-0.581929,10.686683506463345,8.40900008041224,8.089669162225306,24.036558691939035,-1.3822715727272135,7.582263240954133
26.055257558822632,-0.457859,-1.13369,-0.833009,-0.212843,0.491847,-0.380828,0.138522,0.410226,0.556296,0.307544,0.66205,0.493582,-0.472741,0.178855,0.459183,0.246718,0.306377,0.631689,0.41044,-0.581929,10.686683506463345,8.40900008041224,8.089669162225306,24.036558691939035,-1.3822715727272135,7.582263240954133
26.07119083404541,-1.00496,-0.391717,-0.367633,-0.0981874,0.427821,-0.227174,0.138459,0.410267,0.556285,0.307564,0.661952,0.493638,-0.472806,0.167681,0.465417,0.249015,0.333039,0.623924,0.429816,-0.561304,10.207297547244645,9.024939856152232,3.50743666887589,23.92529873153466,-1.5412685458615434,7.858730679378553
26.07212781906128,-1.00496,-0.391717,-0.367633,-0.0981874,0.427821,-0.227174,0.138459,0.410267,0.556285,0.307564,0.661952,0.493638,-0.472806,0.167681,0.465417,0.249015,0.333039,0.623924,0.429816,-0.561304,10.207297547244645,9.024939856152232,3.50743666887589,23.92529873153466,-1.5412685458615434,7.858730679378553
26.087228775024414,-1.31876,-0.399162,-0.259343,-0.0722202,0.41001,-0.232137,0.138459,0.410367,0.556521,0.308169,0.662192,0.493692,-0.47202,0.149429,0.473436,0.252295,0.372387,0.607132,0.46059,-0.529693,9.524922979009988,9.331068106597844,-3.468113177793001,23.945230496823836,-1.0489277005248807,7.552959665704224
26.08817195892334,-1.31876,-0.399162,-0.259343,-0.0722202,0.41001,-0.232137,0.138459,0.410367,0.556521,0.308169,0.662192,0.493692,-0.47202,0.149429,0.473436,0.252295,0.372387,0.607132,0.46059,-0.529693,9.524922979009988,9.331068106597844,-3.468113177793001,23.945230496823836,-1.0489277005248807,7.552959665704224
26.12050199508667,-1.73832,0.644219,-0.561737,0.0843239,0.498021,-0.0406895,0.138981,0.410178,0.556721,0.306877,0.659937,0.495866,-0.473737,0.122266,0.48059,0.256629,0.419143,0.5862,0.500207,-0.480085,7.640498561048608,10.357210379479639,-12.701185193768174,22.063733747369156,-1.6277238635265774,9.375561567014135
26.121445417404175,-1.73832,0.644219,-0.561737,0.0843239,0.498021,-0.0406895,0.138981,0.410178,0.556721,0.306877,0.659937,0.495866,-0.473737,0.122266,0.48059,0.256629,0.419143,0.5862,0.500207,-0.480085,7.640498561048608,10.357210379479639,-12.701185193768174,22.063733747369156,-1.6277238635265774,9.375561567014135
26.137091636657715,-1.54641,0.526704,-0.168741,0.117341,0.361234,-0.043699,0.13903,0.410166,0.556712,0.306735,0.66098,0.495063,-0.473214,0.106939,0.482579,0.258552,0.445222,0.573073,0.518618,-0.452106,6.84732544628358,10.624602303040666,-17.820647985889387,21.237622578006828,-2.925093023494586,8.86244091109154
26.138041734695435,-1.54641,0.526704,-0.168741,0.117341,0.361234,-0.043699,0.13903,0.410166,0.556712,0.306735,0.66098,0.495063,-0.473214,0.106939,0.482579,0.258552,0.445222,0.573073,0.518618,-0.452106,6.84732544628358,10.624602303040666,-17.820647985889387,21.237622578006828,-2.925093023494586,8.86244091109154
26.15378713607788,-1.10017,-2.66126,-0.777877,-0.139028,0.386037,-0.66817,0.138993,0.410196,0.55665,0.307406,0.661346,0.494407,-0.472953,0.0989063,0.483236,0.259606,0.455881,0.56713,0.527772,-0.438169,6.223559737597378,10.592719068925785,-20.10336138562327,20.568445124462333,-4.354440596441004,9.071184812126784
26.154728651046753,-1.10017,-2.66126,-0.777877,-0.139028,0.386037,-0.66817,0.138993,0.410196,0.55665,0.307406,0.661346,0.494407,-0.472953,0.0989063,0.483236,0.259606,0.455881,0.56713,0.527772,-0.438169,6.223559737597378,10.592719068925785,-20.10336138562327,20.568445124462333,-4.354440596441004,9.071184812126784
26.170512199401855,-0.769019,2.38561,-0.942094,0.5435,0.367103,0.360492,0.138995,0.410248,0.556826,0.307268,0.661856,0.494825,-0.471891,0.076013,0.483599,0.261537,0.493373,0.547349,0.552359,-0.389732,4.556446381159263,11.275565186701726,-27.785095924464823,18.61773138095772,-6.2433379574349015,9.384346523039893
26.1714608669281,-0.769019,2.38561,-0.942094,0.5435,0.367103,0.360492,0.138995,0.410248,0.556826,0.307268,0.661856,0.494825,-0.471891,0.076013,0.483599,0.261537,0.493373,0.547349,0.552359,-0.389732,4.556446381159263,11.275565186701726,-27.785095924464823,18.61773138095772,-6.2433379574349015,9.384346523039893
26.187286138534546,-1.00911,0.5756,-0.606497,0.422653,0.240194,-0.0387313,0.138992,0.410236,0.556843,0.307643,0.660562,0.495864,-0.472369,0.0702537,0.483453,0.261786,0.497248,0.545569,0.557006,-0.380582,3.8811494489920992,11.4626247280815,-28.80019802173898,17.24336153949121,-8.467290657305504,10.582554549697429
26.188231229782104,-1.00911,0.5756,-0.606497,0.422653,0.240194,-0.0387313,0.138992,0.410236,0.556843,0.307643,0.660562,0.495864,-0.472369,0.0702537,0.483453,0.261786,0.497248,0.545569,0.557006,-0.380582,3.8811494489920992,11.4626247280815,-28.80019802173898,17.24336153949121,-8.467290657305504,10.582554549697429
26.220805644989014,-1.18574,1.97785,-0.985102,0.722119,0.304852,0.159759,0.138697,0.410388,0.556843,0.307168,0.661893,0.495044,-0.471675,0.0533263,0.482471,0.263224,0.508723,0.526421,0.57499,-0.365334,3.8274905292186503,9.97378088992227,-32.272637141059974,17.33761509897642,-11.255642252273132,8.800652400035014
26.221760749816895,-1.18574,1.97785,-0.985102,0.722119,0.304852,0.159759,0.138697,0.410388,0.556843,0.307168,0.661893,0.495044,-0.471675,0.0533263,0.482471,0.263224,0.508723,0.526421,0.57499,-0.365334,3.8274905292186503,9.97378088992227,-32.272637141059974,17.33761509897642,-11.255642252273132,8.800652400035014
26.237284183502197,-1.78707,1.30305,-1.64069,0.694803,0.470616,-0.0453745,0.138656,0.410426,0.556838,0.30646,0.662026,0.495203,-0.471782,0.0502834,0.482117,0.262919,0.517648,0.521342,0.576535,-0.357562,3.9199845333572894,10.360604260225523,-33.80002231778735,18.253004286732228,-10.91010786521415,7.806658338454094
26.23823308944702,-1.78707,1.30305,-1.64069,0.694803,0.470616,-0.0453745,0.138656,0.410426,0.556838,0.30646,0.662026,0.495203,-0.471782,0.0502834,0.482117,0.262919,0.517648,0.521342,0.576535,-0.357562,3.9199845333572894,10.360604260225523,-33.80002231778735,18.253004286732228,-10.91010786521415,7.806658338454094
26.25371217727661,-0.781283,2.32348,-1.30979,0.820233,0.288473,0.136706,0.138598,0.410379,0.556925,0.306737,0.663183,0.494164,-0.471065,0.0439128,0.481655,0.262668,0.52832,0.514689,0.58245,-0.34165,3.361713293876909,10.383227669270942,-36.18868917688163,18.21294451461475,-11.35798469341377,8.488980139429353
26.254661798477173,-0.781283,2.32348,-1.30979,0.820233,0.288473,0.136706,0.138598,0.410379,0.556925,0.306737,0.663183,0.494164,-0.471065,0.0439128,0.481655,0.262668,0.52832,0.514689,0.58245,-0.34165,3.361713293876909,10.383227669270942,-36.18868917688163,18.21294451461475,-11.35798469341377,8.488980139429353
26.271130084991455,-1.23756,2.39185,-1.35793,0.840989,0.345815,0.0657919,0.138449,0.410391,0.556795,0.306814,0.663059,0.49354,-0.471843,0.0354932,0.480645,0.26194,0.539237,0.502072,0.591632,-0.32729,3.0984997511040366,10.001869634077947,-38.93107318742274,19.50909855091049,-10.680607291204938,9.307897619230369
26.272075176239014,-1.23756,2.39185,-1.35793,0.840989,0.345815,0.0657919,0.138449,0.410391,0.556795,0.306814,0.663059,0.49354,-0.471843,0.0354932,0.480645,0.26194,0.539237,0.502072,0.591632,-0.32729,3.0984997511040366,10.001869634077947,-38.93107318742274,19.50909855091049,-10.680607291204938,9.307897619230369
26.28719449043274,-0.382528,2.29342,-1.13912,0.870038,0.165271,-0.0136938,0.138293,0.410416,0.556572,0.308281,0.662311,0.493524,-0.471955,0.0302085,0.479645,0.261132,0.550286,0.491398,0.596863,-0.315386,3.003599609654665,9.971852772000386,-41.09859488426955,21.770476204913297,-10.008871592852953,9.36584198710375
26.28814387321472,-0.382528,2.29342,-1.13912,0.870038,0.165271,-0.0136938,0.138293,0.410416,0.556572,0.308281,0.662311,0.493524,-0.471955,0.0302085,0.479645,0.261132,0.550286,0.491398,0.596863,-0.315386,3.003599609654665,9.971852772000386,-41.09859488426955,21.770476204913297,-10.008871592852953,9.36584198710375
26.32060217857361,-1.91223,2.30521,-0.627122,0.863868,0.208583,-0.119768,0.138394,0.410391,0.556627,0.307901,0.662689,0.493517,-0.471679,0.0207298,0.478453,0.258851,0.566747,0.476365,0.602526,-0.298055,3.144009514017926,10.145870378350388,-44.432449594383726,24.24009669731279,-11.412816801310447,9.25689434096513
26.321550846099854,-1.91223,2.30521,-0.627122,0.863868,0.208583,-0.119768,0.138394,0.410391,0.556627,0.307901,0.662689,0.493517,-0.471679,0.0207298,0.478453,0.258851,0.566747,0.476365,0.602526,-0.298055,3.144009514017926,10.145870378350388,-44.432449594383726,24.24009669731279,-11.412816801310447,9.25689434096513
26.337019205093384,1.27826,2.26134,1.71667,0.83855,-0.733997,-0.19207,0.138339,0.41052,0.556891,0.306153,0.663526,0.49471,-0.470389,0.0170373,0.477465,0.258129,0.572819,0.472069,0.603818,-0.290573,3.312253630321206,10.403750937553399,-45.67920122921888,23.478172091379026,-12.366748460189378,8.22076284944958
26.33797311782837,1.27826,2.26134,1.71667,0.83855,-0.733997,-0.19207,0.138339,0.41052,0.556891,0.306153,0.663526,0.49471,-0.470389,0.0170373,0.477465,0.258129,0.572819,0.472069,0.603818,-0.290573,3.312253630321206,10.403750937553399,-45.67920122921888,23.478172091379026,-12.366748460189378,8.22076284944958
26.35409951210022,-2.43037,2.14627,1.72125,0.829465,-0.291278,-0.308381,0.138227,0.410648,0.556877,0.306294,0.663032,0.495461,-0.470203,0.0167025,0.477133,0.257976,0.572593,0.468296,0.606253,-0.292051,3.648857343527758,10.062147316114633,-45.759633198306084,24.22285402485452,-11.10804393705466,8.110829106497667
26.355046033859253,-2.43037,2.14627,1.72125,0.829465,-0.291278,-0.308381,0.138227,0.410648,0.556877,0.306294,0.663032,0.495461,-0.470203,0.0167025,0.477133,0.257976,0.572593,0.468296,0.606253,-0.292051,3.648857343527758,10.062147316114633,-45.759633198306084,24.22285402485452,-11.10804393705466,8.110829106497667
26.370534658432007,-2.69873,2.17972,0.939464,0.974027,-0.127716,-0.344867,0.138055,0.410683,0.556691,0.308512,0.662316,0.494018,-0.47128,0.0136135,0.474807,0.256695,0.576065,0.458709,0.610681,-0.291211,3.9449277008463084,9.410236661850728,-46.633700624774924,25.554657566851752,-10.076309894524748,8.704935532503479
26.371500730514526,-2.69873,2.17972,0.939464,0.974027,-0.127716,-0.344867,0.138055,0.410683,0.556691,0.308512,0.662316,0.494018,-0.47128,0.0136135,0.474807,0.256695,0.576065,0.458709,0.610681,-0.291211,3.9449277008463084,9.410236661850728,-46.633700624774924,25.554657566851752,-10.076309894524748,8.704935532503479
26.387144804000854,-1.80566,1.51365,0.974565,0.903064,-0.199317,-0.440588,0.138227,0.41049,0.556563,0.308638,0.661975,0.493863,-0.471838,0.0123754,0.47348,0.255909,0.576104,0.459981,0.610582,-0.289328,3.634911780515327,9.539598232086256,-46.709858725525116,23.61168798160883,-11.140530535641659,9.582366082279805
26.38810157775879,-1.80566,1.51365,0.974565,0.903064,-0.199317,-0.440588,0.138227,0.41049,0.556563,0.308638,0.661975,0.493863,-0.471838,0.0123754,0.47348,0.255909,0.576104,0.459981,0.610582,-0.289328,3.634911780515327,9.539598232086256,-46.709858725525116,23.61168798160883,-11.140530535641659,9.582366082279805
26.42086410522461,-0.864313,2.12588,-0.0965941,1.00366,-0.0467253,-0.275603,0.138214,0.410469,0.556336,0.308829,0.66136,0.494139,-0.472285,0.0107696,0.471246,0.253493,0.580778,0.454423,0.609777,-0.290464,4.248325486388631,9.720208090210214,-47.20914151819922,23.678710551279114,-11.442852146634076,8.975347193846146
26.42180848121643,-0.864313,2.12588,-0.0965941,1.00366,-0.0467253,-0.275603,0.138214,0.410469,0.556336,0.308829,0.66136,0.494139,-0.472285,0.0107696,0.471246,0.253493,0.580778,0.454423,0.609777,-0.290464,4.248325486388631,9.720208090210214,-47.20914151819922,23.678710551279114,-11.442852146634076,8.975347193846146
26.43698263168335,-1.01312,1.08927,0.968623,0.799416,-0.15554,-0.406394,0.138075,0.410579,0.55623,0.308796,0.661363,0.494326,-0.472107,0.0106186,0.47064,0.252263,0.5815,0.451426,0.610123,-0.292953,4.704506083883304,9.574037110180544,-47.24423062575568,23.98511045838347,-10.858329744340844,8.87718022243096
26.437937021255493,-1.01312,1.08927,0.968623,0.799416,-0.15554,-0.406394,0.138075,0.410579,0.55623,0.308796,0.661363,0.494326,-0.472107,0.0106186,0.47064,0.252263,0.5815,0.451426,0.610123,-0.292953,4.704506083883304,9.574037110180544,-47.24423062575568,23.98511045838347,-10.858329744340844,8.87718022243096
26.454401969909668,-0.469973,1.32785,1.02843,0.790157,-0.165683,-0.270644,0.137973,0.410633,0.556112,0.308979,0.661111,0.494559,-0.472097,0.0103386,0.470489,0.251466,0.58101,0.453245,0.608462,-0.294568,4.723037761954156,9.751436820686104,-46.917428989457136,23.097024511331956,-12.196037950264891,9.074752964935954
26.45534873008728,-0.469973,1.32785,1.02843,0.790157,-0.165683,-0.270644,0.137973,0.410633,0.556112,0.308979,0.661111,0.494559,-0.472097,0.0103386,0.470489,0.251466,0.58101,0.453245,0.608462,-0.294568,4.723037761954156,9.751436820686104,-46.917428989457136,23.097024511331956,-12.196037950264891,9.074752964935954
26.471092700958252,-1.26764,0.326863,1.45425,0.561378,-0.0418282,-0.322995,0.137969,0.410597,0.555909,0.309549,0.661671,0.494689,-0.4708,0.0111088,0.470113,0.250382,0.581937,0.451359,0.607625,-0.297348,5.225561091717793,9.63059950066907,-46.76882702732575,23.60693744015973,-12.22681299270129,8.360236561598919
26.472039699554443,-1.26764,0.326863,1.45425,0.561378,-0.0418282,-0.322995,0.137969,0.410597,0.555909,0.309549,0.661671,0.494689,-0.4708,0.0111088,0.470113,0.250382,0.581937,0.451359,0.607625,-0.297348,5.225561091717793,9.63059950066907,-46.76882702732575,23.60693744015973,-12.22681299270129,8.360236561598919
26.487171411514282,0.764297,-0.531187,1.42191,0.410619,-0.254852,-0.296029,0.138148,0.410439,0.555777,0.308663,0.661513,0.494907,-0.471376,0.0116936,0.470059,0.249445,0.579355,0.453352,0.605741,-0.303146,5.532628803574173,9.69882274589048,-46.11253628684882,22.85863289761575,-13.05401930361578,8.435086425239007
26.488120317459106,0.764297,-0.531187,1.42191,0.410619,-0.254852,-0.296029,0.138148,0.410439,0.555777,0.308663,0.661513,0.494907,-0.471376,0.0116936,0.470059,0.249445,0.579355,0.453352,0.605741,-0.303146,5.532628803574173,9.69882274589048,-46.11253628684882,22.85863289761575,-13.05401930361578,8.435086425239007
26.527061462402344,-3.73596,-0.581123,1.33986,0.310762,0.305508,-0.218619,0.138473,0.410295,0.555863,0.308245,0.661742,0.494211,-0.472057,0.01492,0.470077,0.24811,0.575341,0.45476,0.602005,-0.315858,6.371487971572277,9.565120048926554,-44.88834611012672,23.176846547814122,-12.832976502249307,8.079325115572173
26.528790712356567,-3.73596,-0.581123,1.33986,0.310762,0.305508,-0.218619,0.138473,0.410295,0.555863,0.308245,0.661742,0.494211,-0.472057,0.01492,0.470077,0.24811,0.575341,0.45476,0.602005,-0.315858,6.371487971572277,9.565120048926554,-44.88834611012672,23.176846547814122,-12.832976502249307,8.079325115572173
26.54579782485962,-1.51776,0.466134,0.985474,0.404681,0.125877,0.0632473,0.138464,0.410407,0.556076,0.306927,0.661818,0.494758,-0.472237,0.0179128,0.470372,0.247367,0.573409,0.461483,0.594326,-0.324055,6.813456780453977,10.301850931785504,-43.7133892958555,21.84220481991144,-14.646278519689151,6.7469452577909275
26.54681921005249,-1.51776,0.466134,0.985474,0.404681,0.125877,0.0632473,0.138464,0.410407,0.556076,0.306927,0.661818,0.494758,-0.472237,0.0179128,0.470372,0.247367,0.573409,0.461483,0.594326,-0.324055,6.813456780453977,10.301850931785504,-43.7133892958555,21.84220481991144,-14.646278519689151,6.7469452577909275
26.56116032600403,0.468644,0.378391,-0.365695,0.412189,0.0844887,0.10955,0.138519,0.410362,0.556429,0.307481,0.662387,0.493949,-0.471924,0.0263292,0.471461,0.247098,0.557044,0.476719,0.583575,-0.349116,7.464294829915963,10.119888686547956,-39.72482454724009,19.370910102321435,-17.046689221467012,6.663504329985777
26.56210494041443,0.468644,0.378391,-0.365695,0.412189,0.0844887,0.10955,0.138519,0.410362,0.556429,0.307481,0.662387,0.493949,-0.471924,0.0263292,0.471461,0.247098,0.557044,0.476719,0.583575,-0.349116,7.464294829915963,10.119888686547956,-39.72482454724009,19.370910102321435,-17.046689221467012,6.663504329985777
26.57713508605957,-1.88339,-1.42441,0.509139,0.0874314,0.284221,-0.316231,0.138515,0.410415,0.556737,0.306057,0.662392,0.494002,-0.472788,0.0343728,0.471676,0.246382,0.540089,0.485922,0.575242,-0.375873,8.592466479835409,9.586729544332119,-36.108219269395704,17.956004795137655,-16.586928676682888,6.344399169196491
26.57807469367981,-1.88339,-1.42441,0.509139,0.0874314,0.284221,-0.316231,0.138515,0.410415,0.556737,0.306057,0.662392,0.494002,-0.472788,0.0343728,0.471676,0.246382,0.540089,0.485922,0.575242,-0.375873,8.592466479835409,9.586729544332119,-36.108219269395704,17.956004795137655,-16.586928676682888,6.344399169196491
26.59307599067688,-0.60994,0.00204635,0.803473,0.241679,0.151478,-0.0242277,0.138454,0.410447,0.556801,0.306391,0.662937,0.494178,-0.471621,0.0394329,0.471878,0.245856,0.53335,0.496935,0.565816,-0.385285,8.751586920353867,10.072315092649632,-34.07673009955611,16.01495640821755,-19.362907721504673,5.8343987577897005
26.59402084350586,-0.60994,0.00204635,0.803473,0.241679,0.151478,-0.0242277,0.138454,0.410447,0.556801,0.306391,0.662937,0.494178,-0.471621,0.0394329,0.471878,0.245856,0.53335,0.496935,0.565816,-0.385285,8.751586920353867,10.072315092649632,-34.07673009955611,16.01495640821755,-19.362907721504673,5.8343987577897005
26.61066508293152,-2.73864,-0.519481,-0.462429,0.149926,0.789072,-0.171413,0.138434,0.410387,0.556433,0.30798,0.66183,0.493891,-0.472442,0.0535094,0.470819,0.243845,0.503546,0.508191,0.552983,-0.427075,10.190431296778694,8.505970692352689,-27.948102443194916,15.566150315879339,-17.856872562063757,6.40593922794436
26.611602544784546,-2.73864,-0.519481,-0.462429,0.149926,0.789072,-0.171413,0.138434,0.410387,0.556433,0.30798,0.66183,0.493891,-0.472442,0.0535094,0.470819,0.243845,0.503546,0.508191,0.552983,-0.427075,10.190431296778694,8.505970692352689,-27.948102443194916,15.566150315879339,-17.856872562063757,6.40593922794436
26.626534700393677,-0.990297,-0.198078,-0.526183,0.131021,0.574481,-0.0631291,0.13847,0.410345,0.556351,0.307758,0.661894,0.493897,-0.47249,0.0568485,0.470457,0.242565,0.497502,0.509515,0.548031,-0.438804,10.918413876891602,8.189425063114115,-26.490643479793498,16.127197428317384,-17.82451044352039,5.839477451202132
26.62748146057129,-0.990297,-0.198078,-0.526183,0.131021,0.574481,-0.0631291,0.13847,0.410345,0.556351,0.307758,0.661894,0.493897,-0.47249,0.0568485,0.470457,0.242565,0.497502,0.509515,0.548031,-0.438804,10.918413876891602,8.189425063114115,-26.490643479793498,16.127197428317384,-17.82451044352039,5.839477451202132
26.65416383743286,-1.1206,0.359051,-0.342486,0.145313,0.632663,0.0382901,0.139012,0.41004,0.556255,0.30681,0.662184,0.494091,-0.472497,0.0661079,0.468843,0.238195,0.479642,0.513663,0.53343,-0.470687,12.840282881716995,7.280603135401817,-22.33606057158891,17.042567001838403,-18.20601828676933,5.119695826713411
26.655112504959106,-1.1206,0.359051,-0.342486,0.145313,0.632663,0.0382901,0.139012,0.41004,0.556255,0.30681,0.662184,0.494091,-0.472497,0.0661079,0.468843,0.238195,0.479642,0.513663,0.53343,-0.470687,12.840282881716995,7.280603135401817,-22.33606057158891,17.042567001838403,-18.20601828676933,5.119695826713411
26.671047925949097,-3.61451,-0.970012,-0.0108762,-0.0121822,0.804927,-0.275601,0.1387,0.410236,0.556238,0.307382,0.6617,0.495469,-0.471359,0.0684345,0.467978,0.236106,0.47535,0.513498,0.529639,-0.479421,13.51708279033059,6.945750282505303,-21.070020223423633,16.988680438310627,-18.116741110724263,5.194144116917721
26.672000885009766,-3.61451,-0.970012,-0.0108762,-0.0121822,0.804927,-0.275601,0.1387,0.410236,0.556238,0.307382,0.6617,0.495469,-0.471359,0.0684345,0.467978,0.236106,0.47535,0.513498,0.529639,-0.479421,13.51708279033059,6.945750282505303,-21.070020223423633,16.988680438310627,-18.116741110724263,5.194144116917721
26.688482522964478,-1.56706,0.191505,-0.322776,0.0911424,0.582395,0.00415759,0.138551,0.41037,0.556209,0.307806,0.661734,0.494472,-0.472082,0.06947,0.46783,0.235604,0.472955,0.512238,0.528214,-0.484682,13.785944882677002,6.586891698703257,-20.5803963444488,17.917938177197986,-17.378909424724913,5.063209525420317
26.68942880630493,-1.56706,0.191505,-0.322776,0.0911424,0.582395,0.00415759,0.138551,0.41037,0.556209,0.307806,0.661734,0.494472,-0.472082,0.06947,0.46783,0.235604,0.472955,0.512238,0.528214,-0.484682,13.785944882677002,6.586891698703257,-20.5803963444488,17.917938177197986,-17.378909424724913,5.063209525420317
26.720735788345337,-2.75427,-1.03694,0.351184,-0.0822135,0.503791,-0.299764,0.138628,0.410314,0.556701,0.30662,0.662629,0.493912,-0.472184,0.0706929,0.467929,0.23487,0.470117,0.50956,0.526743,-0.491814,14.458777519402199,6.081294154378611,-20.07002198926181,19.03993399388906,-16.138329283056652,4.538246304324004
26.721694946289062,-2.75427,-1.03694,0.351184,-0.0822135,0.503791,-0.299764,0.138628,0.410314,0.556701,0.30662,0.662629,0.493912,-0.472184,0.0706929,0.467929,0.23487,0.470117,0.50956,0.526743,-0.491814,14.458777519402199,6.081294154378611,-20.07002198926181,19.03993399388906,-16.138329283056652,4.538246304324004
26.737057209014893,-2.09525,-0.621071,0.245627,-0.0301404,0.399823,-0.211088,0.138531,0.410357,0.556605,0.307799,0.662174,0.493844,-0.472127,0.0713414,0.468358,0.234584,0.462075,0.512311,0.527147,-0.496125,14.062333014151221,5.4998816304254765,-18.91808825775688,18.475749405532504,-17.024971380811472,6.558822837762172
26.7380108833313,-2.09525,-0.621071,0.245627,-0.0301404,0.399823,-0.211088,0.138531,0.410357,0.556605,0.307799,0.662174,0.493844,-0.472127,0.0713414,0.468358,0.234584,0.462075,0.512311,0.527147,-0.496125,14.062333014151221,5.4998816304254765,-18.91808825775688,18.475749405532504,-17.024971380811472,6.558822837762172
26.753945112228394,-1.98313,-0.263958,0.0462219,0.0173799,0.410883,-0.137864,0.138463,0.410363,0.556498,0.30802,0.661889,0.493677,-0.472556,0.0715589,0.468336,0.234092,0.462072,0.511817,0.523752,-0.500216,14.467380279108824,5.558328326332165,-18.545787058051783,19.741387350504297,-18.03949868969778,5.5502354660369875
26.754894018173218,-1.98313,-0.263958,0.0462219,0.0173799,0.410883,-0.137864,0.138463,0.410363,0.556498,0.30802,0.661889,0.493677,-0.472556,0.0715589,0.468336,0.234092,0.462072,0.511817,0.523752,-0.500216,14.467380279108824,5.558328326332165,-18.545787058051783,19.741387350504297,-18.03949868969778,5.5502354660369875
26.770280838012695,-1.75388,-0.0600374,0.00680009,0.0421593,0.376584,-0.0987943,0.13846,0.410353,0.556235,0.30776,0.661772,0.494424,-0.472109,0.0719302,0.467959,0.233172,0.459492,0.509463,0.523187,-0.505559,14.947333971841399,5.123355235833431,-17.974547272130277,20.107663544352977,-17.673055082028416,4.939325502508095
26.771236419677734,-1.75388,-0.0600374,0.00680009,0.0421593,0.376584,-0.0987943,0.13846,0.410353,0.556235,0.30776,0.661772,0.494424,-0.472109,0.0719302,0.467959,0.233172,0.459492,0.509463,0.523187,-0.505559,14.947333971841399,5.123355235833431,-17.974547272130277,20.107663544352977,-17.673055082028416,4.939325502508095
26.78728461265564,-1.90817,-0.355715,-0.191701,0.0124933,0.410271,-0.160504,0.138583,0.410283,0.55632,0.308033,0.661926,0.494399,-0.471741,0.0716934,0.467367,0.232421,0.459891,0.508966,0.523945,-0.504911,14.930222565223396,5.045706059835403,-18.059183530273074,19.399424007668213,-17.60475527079013,5.766708869653445
26.788246393203735,-1.90817,-0.355715,-0.191701,0.0124933,0.410271,-0.160504,0.138583,0.410283,0.55632,0.308033,0.661926,0.494399,-0.471741,0.0716934,0.467367,0.232421,0.459891,0.508966,0.523945,-0.504911,14.930222565223396,5.045706059835403,-18.059183530273074,19.399424007668213,-17.60475527079013,5.766708869653445
26.820640563964844,-1.61108,-0.472989,-0.39662,0.00773883,0.420852,-0.178027,0.13843,0.410452,0.556723,0.306247,0.662254,0.494232,-0.472617,0.0703718,0.465302,0.230095,0.463891,0.50334,0.522582,-0.508293,15.846381770771607,5.056612942840179,-18.518538436050147,18.92169408186222,-16.27442139769653,5.270912924596248
26.821585416793823,-1.61108,-0.472989,-0.39662,0.00773883,0.420852,-0.178027,0.13843,0.410452,0.556723,0.306247,0.662254,0.494232,-0.472617,0.0703718,0.465302,0.230095,0.463891,0.50334,0.522582,-0.508293,15.846381770771607,5.056612942840179,-18.518538436050147,18.92169408186222,-16.27442139769653,5.270912924596248
26.837123155593872,-2.33269,-0.264683,0.0109334,0.0495203,0.468235,-0.162074,0.13839,0.41051,0.55678,0.306278,0.662762,0.494521,-0.471581,0.0700555,0.464732,0.229432,0.464617,0.501879,0.523343,-0.508292,16.040857918715446,4.8883069547329745,-18.59024689298037,18.251895649836822,-16.063768728892413,5.319536881454745
26.83807134628296,-2.33269,-0.264683,0.0109334,0.0495203,0.468235,-0.162074,0.13839,0.41051,0.55678,0.306278,0.662762,0.494521,-0.471581,0.0700555,0.464732,0.229432,0.464617,0.501879,0.523343,-0.508292,16.040857918715446,4.8883069547329745,-18.59024689298037,18.251895649836822,-16.063768728892413,5.319536881454745
26.853792905807495,-1.66072,0.0551958,-0.173736,0.0966481,0.45623,-0.0928783,0.138383,0.410463,0.556647,0.307326,0.661918,0.494173,-0.47245,0.0692261,0.463293,0.227805,0.466706,0.503278,0.519538,-0.508898,16.09835032519558,5.3438070534436735,-18.508991189181604,17.75190112117583,-18.320267401570135,6.081064988555498
26.85474967956543,-1.66072,0.0551958,-0.173736,0.0966481,0.45623,-0.0928783,0.138383,0.410463,0.556647,0.307326,0.661918,0.494173,-0.47245,0.0692261,0.463293,0.227805,0.466706,0.503278,0.519538,-0.508898,16.09835032519558,5.3438070534436735,-18.508991189181604,17.75190112117583,-18.320267401570135,6.081064988555498
26.870576858520508,-2.00982,-0.0641513,-0.450028,0.0853574,0.58095,-0.134327,0.138544,0.410332,0.556467,0.307877,0.662338,0.493725,-0.471971,0.0680967,0.461715,0.226488,0.472883,0.499462,0.520383,-0.506083,16.408716435798,5.458461659477332,-19.35352680435052,17.385606805369715,-17.867675631195198,5.79000356494202
26.87152338027954,-2.00982,-0.0641513,-0.450028,0.0853574,0.58095,-0.134327,0.138544,0.410332,0.556467,0.307877,0.662338,0.493725,-0.471971,0.0680967,0.461715,0.226488,0.472883,0.499462,0.520383,-0.506083,16.408716435798,5.458461659477332,-19.35352680435052,17.385606805369715,-17.867675631195198,5.79000356494202
26.88727855682373,-1.75716,0.155359,-1.0121,0.104126,0.680869,-0.116369,0.138882,0.410128,0.556326,0.307341,0.661843,0.494561,-0.472138,0.0645149,0.459428,0.22532,0.487682,0.493209,0.524494,-0.493779,16.540854697734236,6.363752085932373,-21.802906188958616,16.188867516618757,-16.651336278208507,5.4457127891627035
26.888235569000244,-1.75716,0.155359,-1.0121,0.104126,0.680869,-0.116369,0.138882,0.410128,0.556326,0.307341,0.661843,0.494561,-0.472138,0.0645149,0.459428,0.22532,0.487682,0.493209,0.524494,-0.493779,16.540854697734236,6.363752085932373,-21.802906188958616,16.188867516618757,-16.651336278208507,5.4457127891627035
26.92085838317871,-2.43356,0.200468,-0.230622,0.0321099,0.636979,-0.150775,0.13864,0.410298,0.556359,0.307895,0.661403,0.495131,-0.471797,0.0532246,0.456945,0.226208,0.512475,0.476597,0.53872,-0.469048,16.396510218935788,7.018821424975355,-26.56608799004254,15.488481878692996,-15.533259551029207,3.8834571007139593
26.92180633544922,-2.43356,0.200468,-0.230622,0.0321099,0.636979,-0.150775,0.13864,0.410298,0.556359,0.307895,0.661403,0.495131,-0.471797,0.0532246,0.456945,0.226208,0.512475,0.476597,0.53872,-0.469048,16.396510218935788,7.018821424975355,-26.56608799004254,15.488481878692996,-15.533259551029207,3.8834571007139593
26.936992645263672,-2.46881,0.518896,0.596378,0.0702837,0.423082,-0.0624514,0.138609,0.4103,0.556377,0.30783,0.66203,0.494433,-0.471692,0.0443204,0.455622,0.227164,0.530383,0.466789,0.550528,-0.444659,15.58428363215528,7.64324225637295,-30.55428310264506,14.427238616981496,-15.05465997434843,4.163700020689356
26.93794870376587,-2.46881,0.518896,0.596378,0.0702837,0.423082,-0.0624514,0.138609,0.4103,0.556377,0.30783,0.66203,0.494433,-0.471692,0.0443204,0.455622,0.227164,0.530383,0.466789,0.550528,-0.444659,15.58428363215528,7.64324225637295,-30.55428310264506,14.427238616981496,-15.05465997434843,4.163700020689356
26.953781127929688,-2.52938,-0.314726,0.931269,-0.0195798,0.339448,-0.230887,0.138641,0.410262,0.556379,0.308508,0.662048,0.494115,-0.471557,0.0394288,0.454755,0.227678,0.538737,0.461048,0.557542,-0.431676,15.036609331055278,7.769891335681977,-32.53947351142634,14.02153997718512,-14.861873988271128,4.749577740342292
26.954740285873413,-2.52938,-0.314726,0.931269,-0.0195798,0.339448,-0.230887,0.138641,0.410262,0.556379,0.308508,0.662048,0.494115,-0.471557,0.0394288,0.454755,0.227678,0.538737,0.461048,0.557542,-0.431676,15.036609331055278,7.769891335681977,-32.53947351142634,14.02153997718512,-14.861873988271128,4.749577740342292
26.97089672088623,-3.62853,1.41258,1.10452,0.235689,0.465785,0.0595269,0.138593,0.410268,0.556226,0.306918,0.66207,0.494604,-0.472051,0.0265395,0.452441,0.22866,0.55938,0.440068,0.577236,-0.40029,14.313874333258298,7.812321654144426,-37.99563508619,14.583872705375981,-11.284454447938169,5.160587149804429
26.971847534179688,-3.62853,1.41258,1.10452,0.235689,0.465785,0.0595269,0.138593,0.410268,0.556226,0.306918,0.66207,0.494604,-0.472051,0.0265395,0.452441,0.22866,0.55938,0.440068,0.577236,-0.40029,14.313874333258298,7.812321654144426,-37.99563508619,14.583872705375981,-11.284454447938169,5.160587149804429
26.987282514572144,-2.259,1.01826,-0.317239,0.260639,0.533987,-0.00955165,0.13858,0.410345,0.556214,0.306881,0.662077,0.494532,-0.472141,0.0206102,0.45177,0.22901,0.56403,0.431762,0.586094,-0.389802,13.96204454149307,7.380533341084705,-39.729214511525214,14.848106201626582,-10.743885057266127,6.253843432205636
26.98823642730713,-2.259,1.01826,-0.317239,0.260639,0.533987,-0.00955165,0.13858,0.410345,0.556214,0.306881,0.662077,0.494532,-0.472141,0.0206102,0.45177,0.22901,0.56403,0.431762,0.586094,-0.389802,13.96204454149307,7.380533341084705,-39.729214511525214,14.848106201626582,-10.743885057266127,6.253843432205636
27.0209743976593,-1.69249,1.43219,-0.750943,0.312287,0.468781,0.0246733,0.138471,0.410447,0.556524,0.308439,0.660845,0.494277,-0.473116,0.0127547,0.450689,0.229598,0.577209,0.421165,0.59464,-0.368584,13.068513478663483,7.741260853042776,-42.8826669920976,16.627591588369977,-10.937167005034137,7.55742788431629
27.02193522453308,-1.69249,1.43219,-0.750943,0.312287,0.468781,0.0246733,0.138471,0.410447,0.556524,0.308439,0.660845,0.494277,-0.473116,0.0127547,0.450689,0.229598,0.577209,0.421165,0.59464,-0.368584,13.068513478663483,7.741260853042776,-42.8826669920976,16.627591588369977,-10.937167005034137,7.55742788431629
27.03708291053772,-1.98523,0.721879,0.231397,0.175702,0.315546,-0.171889,0.138332,0.410502,0.556776,0.306288,0.66243,0.494528,-0.472035,0.00965188,0.449937,0.229546,0.58175,0.415684,0.598003,-0.362169,13.320247411402176,7.7023379825807154,-44.191983963647566,16.33228357122469,-10.386975292187659,6.769244794249979
27.03803563117981,-1.98523,0.721879,0.231397,0.175702,0.315546,-0.171889,0.138332,0.410502,0.556776,0.306288,0.66243,0.494528,-0.472035,0.00965188,0.449937,0.229546,0.58175,0.415684,0.598003,-0.362169,13.320247411402176,7.7023379825807154,-44.191983963647566,16.33228357122469,-10.386975292187659,6.769244794249979
27.053789615631104,-1.77628,1.1651,0.671,0.199388,0.222093,-0.116092,0.138271,0.410545,0.556788,0.306589,0.662031,0.494467,-0.472462,0.00861794,0.449727,0.22949,0.583764,0.415129,0.597902,-0.359723,13.177024277532759,7.911754764544239,-44.535449523456606,16.47202413169141,-10.9755063323217,6.84335093416812
27.054742097854614,-1.77628,1.1651,0.671,0.199388,0.222093,-0.116092,0.138271,0.410545,0.556788,0.306589,0.662031,0.494467,-0.472462,0.00861794,0.449727,0.22949,0.583764,0.415129,0.597902,-0.359723,13.177024277532759,7.911754764544239,-44.535449523456606,16.47202413169141,-10.9755063323217,6.84335093416812
27.070597887039185,-1.77189,1.54414,0.878451,0.250702,0.181648,-0.112787,0.138102,0.410616,0.556656,0.307781,0.661797,0.494312,-0.472177,0.0068378,0.44902,0.229015,0.586386,0.411162,0.599275,-0.357725,13.282165693316248,7.786050099829827,-44.99816252190897,17.247109154790124,-11.394126170850633,6.793738860562435
27.071544408798218,-1.77189,1.54414,0.878451,0.250702,0.181648,-0.112787,0.138102,0.410616,0.556656,0.307781,0.661797,0.494312,-0.472177,0.0068378,0.44902,0.229015,0.586386,0.411162,0.599275,-0.357725,13.282165693316248,7.786050099829827,-44.99816252190897,17.247109154790124,-11.394126170850633,6.793738860562435
27.08770442008972,-3.00436,-0.128736,0.781941,0.0379449,0.351015,-0.537867,0.138234,0.410532,0.556345,0.308208,0.660302,0.495415,-0.472836,0.00618993,0.448062,0.228324,0.586024,0.409661,0.60019,-0.358505,13.32695756258367,7.767659212173393,-44.90167262220405,17.00076966121168,-11.327520671988333,7.35843642082531
27.088728427886963,-3.00436,-0.128736,0.781941,0.0379449,0.351015,-0.537867,0.138234,0.410532,0.556345,0.308208,0.660302,0.495415,-0.472836,0.00618993,0.448062,0.228324,0.586024,0.409661,0.60019,-0.358505,13.32695756258367,7.767659212173393,-44.90167262220405,17.00076966121168,-11.327520671988333,7.35843642082531
27.120455026626587,-1.97042,2.34707,1.41367,0.327573,0.121542,-0.186967,0.1383,0.410469,0.55609,0.307973,0.6618,0.494196,-0.472169,0.00497957,0.446008,0.226669,0.591761,0.40476,0.599899,-0.355119,13.693768546331127,7.889191754626151,-45.92433566067981,16.788709440851168,-11.168429375756467,6.648359538091862
27.121408939361572,-1.97042,2.34707,1.41367,0.327573,0.121542,-0.186967,0.1383,0.410469,0.55609,0.307973,0.6618,0.494196,-0.472169,0.00497957,0.446008,0.226669,0.591761,0.40476,0.599899,-0.355119,13.693768546331127,7.889191754626151,-45.92433566067981,16.788709440851168,-11.168429375756467,6.648359538091862
27.13708233833313,-2.41911,0.0788958,1.75401,0.0849471,0.128921,-0.67923,0.138142,0.410584,0.556001,0.308514,0.661915,0.493915,-0.471948,0.00467467,0.444968,0.2257,0.595927,0.403449,0.599456,-0.350362,13.546620553911504,8.205043821978215,-46.60313731576182,16.42509569145058,-10.877348405039482,6.93646399123365
27.138033866882324,-2.41911,0.0788958,1.75401,0.0849471,0.128921,-0.67923,0.138142,0.410584,0.556001,0.308514,0.661915,0.493915,-0.471948,0.00467467,0.444968,0.2257,0.595927,0.403449,0.599456,-0.350362,13.546620553911504,8.205043821978215,-46.60313731576182,16.42509569145058,-10.877348405039482,6.93646399123365
27.153862237930298,-2.2017,1.6887,2.05009,0.302343,0.0495593,-0.335091,0.138085,0.410537,0.555982,0.310299,0.660718,0.494937,-0.471385,0.00392522,0.444596,0.225584,0.593639,0.40185,0.60004,-0.355052,13.85286950736598,7.808194527442903,-45.914070536661725,16.87217776357683,-12.144525331140445,6.949643374453929
27.1548171043396,-2.2017,1.6887,2.05009,0.302343,0.0495593,-0.335091,0.138085,0.410537,0.555982,0.310299,0.660718,0.494937,-0.471385,0.00392522,0.444596,0.225584,0.593639,0.40185,0.60004,-0.355052,13.85286950736598,7.808194527442903,-45.914070536661725,16.87217776357683,-12.144525331140445,6.949643374453929
27.17056632041931,-1.86022,1.32653,1.77733,0.26082,0.0688192,-0.399577,0.138088,0.41058,0.555992,0.309386,0.661525,0.494229,-0.471596,0.0033707,0.444023,0.225289,0.593703,0.401119,0.600674,-0.354699,13.905250462906517,7.724966149424163,-46.148146939763606,16.11720139960628,-11.7376107171177,7.099043745069941
27.171509981155396,-1.86022,1.32653,1.77733,0.26082,0.0688192,-0.399577,0.138088,0.41058,0.555992,0.309386,0.661525,0.494229,-0.471596,0.0033707,0.444023,0.225289,0.593703,0.401119,0.600674,-0.354699,13.905250462906517,7.724966149424163,-46.148146939763606,16.11720139960628,-11.7376107171177,7.099043745069941
27.1871178150177,-2.16479,0.340367,1.15881,0.181376,0.239116,-0.594976,0.138143,0.410548,0.556109,0.308617,0.660429,0.494842,-0.472991,0.00183726,0.442294,0.224309,0.595227,0.39858,0.599932,-0.356259,14.22381015690034,7.972428013517682,-46.334853585566556,15.514273926872603,-12.134699361461873,7.108151596422433
27.188061237335205,-2.16479,0.340367,1.15881,0.181376,0.239116,-0.594976,0.138143,0.410548,0.556109,0.308617,0.660429,0.494842,-0.472991,0.00183726,0.442294,0.224309,0.595227,0.39858,0.599932,-0.356259,14.22381015690034,7.972428013517682,-46.334853585566556,15.514273926872603,-12.134699361461873,7.108151596422433
27.220834732055664,-1.66205,0.375534,0.121872,0.199096,0.379147,-0.467379,0.138266,0.410483,0.55609,0.307939,0.661185,0.495043,-0.472166,0.00117304,0.441076,0.223424,0.595369,0.390478,0.602489,-0.360651,15.221958815278915,7.31044078130275,-46.51834960639177,16.744192317418225,-10.421696180612745,6.265161388984503
27.221779346466064,-1.66205,0.375534,0.121872,0.199096,0.379147,-0.467379,0.138266,0.410483,0.55609,0.307939,0.661185,0.495043,-0.472166,0.00117304,0.441076,0.223424,0.595369,0.390478,0.602489,-0.360651,15.221958815278915,7.31044078130275,-46.51834960639177,16.744192317418225,-10.421696180612745,6.265161388984503
27.237675666809082,-1.56722,0.276642,0.518881,0.200739,0.301802,-0.370882,0.138342,0.410444,0.556035,0.306422,0.661183,0.495767,-0.472395,0.00140656,0.440667,0.222855,0.595969,0.391209,0.601082,-0.361215,15.396410265314294,7.620052621807363,-46.55267538447011,15.912242266179172,-10.365487354830416,5.91440376027939
27.238624095916748,-1.56722,0.276642,0.518881,0.200739,0.301802,-0.370882,0.138342,0.410444,0.556035,0.306422,0.661183,0.495767,-0.472395,0.00140656,0.440667,0.222855,0.595969,0.391209,0.601082,-0.361215,15.396410265314294,7.620052621807363,-46.55267538447011,15.912242266179172,-10.365487354830416,5.91440376027939
27.253729104995728,-0.793899,0.339895,0.649662,0.201928,0.208016,-0.2928,0.138413,0.410387,0.555971,0.307568,0.661624,0.494809,-0.472038,0.00186207,0.440516,0.222592,0.596223,0.390417,0.600557,-0.362525,15.499643067684811,7.449840997739698,-46.462360191308385,16.51476184132721,-10.580775700748013,5.8119365266135565
27.25468158721924,-0.793899,0.339895,0.649662,0.201928,0.208016,-0.2928,0.138413,0.410387,0.555971,0.307568,0.661624,0.494809,-0.472038,0.00186207,0.440516,0.222592,0.596223,0.390417,0.600557,-0.362525,15.499643067684811,7.449840997739698,-46.462360191308385,16.51476184132721,-10.580775700748013,5.8119365266135565
27.270506858825684,-1.30201,0.0157378,0.758037,0.176737,0.277842,-0.260521,0.138443,0.410375,0.556086,0.306933,0.661801,0.495071,-0.471927,0.00345417,0.440083,0.2216,0.595182,0.393905,0.597298,-0.36583,15.635675042689858,7.721433631374085,-45.93492412261777,14.999879588048845,-10.959339966478924,6.037681921867314
27.27146863937378,-1.30201,0.0157378,0.758037,0.176737,0.277842,-0.260521,0.138443,0.410375,0.556086,0.306933,0.661801,0.495071,-0.471927,0.00345417,0.440083,0.2216,0.595182,0.393905,0.597298,-0.36583,15.635675042689858,7.721433631374085,-45.93492412261777,14.999879588048845,-10.959339966478924,6.037681921867314
27.28727412223816,-1.54326,0.938423,0.890471,0.295281,0.274192,0.0242406,0.138477,0.410361,0.556243,0.307723,0.662045,0.494434,-0.47174,0.00489341,0.439775,0.220949,0.593762,0.395869,0.594933,-0.36985,15.766933393044587,7.676035746521763,-45.35451985782839,14.507175845546648,-11.393185410182571,6.360458948840153
27.288222074508667,-1.54326,0.938423,0.890471,0.295281,0.274192,0.0242406,0.138477,0.410361,0.556243,0.307723,0.662045,0.494434,-0.47174,0.00489341,0.439775,0.220949,0.593762,0.395869,0.594933,-0.36985,15.766933393044587,7.676035746521763,-45.35451985782839,14.507175845546648,-11.393185410182571,6.360458948840153
27.320976495742798,-1.31936,0.821241,0.783035,0.293025,0.278191,0.0665861,0.138516,0.410292,0.556203,0.307262,0.661979,0.493963,-0.472624,0.00986264,0.439005,0.219132,0.59016,0.401094,0.585211,-0.385179,16.699105756399756,8.037677123866429,-43.61253042581686,13.805014766033878,-11.848501861241571,5.1411453285088005
27.32198667526245,-1.31936,0.821241,0.783035,0.293025,0.278191,0.0665861,0.138516,0.410292,0.556203,0.307262,0.661979,0.493963,-0.472624,0.00986264,0.439005,0.219132,0.59016,0.401094,0.585211,-0.385179,16.699105756399756,8.037677123866429,-43.61253042581686,13.805014766033878,-11.848501861241571,5.1411453285088005
27.33710265159607,-1.5475,0.91735,0.463765,0.320602,0.379681,0.0829082,0.138598,0.410303,0.556103,0.30654,0.662132,0.494858,-0.471943,0.014791,0.439644,0.218708,0.578615,0.410047,0.579264,-0.401894,17.257180392497926,7.621959221120801,-40.89440419868019,11.600878135229273,-12.588193222807869,4.951475459134503
27.338051557540894,-1.5475,0.91735,0.463765,0.320602,0.379681,0.0829082,0.138598,0.410303,0.556103,0.30654,0.662132,0.494858,-0.471943,0.014791,0.439644,0.218708,0.578615,0.410047,0.579264,-0.401894,17.257180392497926,7.621959221120801,-40.89440419868019,11.600878135229273,-12.588193222807869,4.951475459134503
27.35384440422058,-1.38963,0.912155,0.0991032,0.328048,0.440148,0.0835807,0.138602,0.410298,0.556085,0.306688,0.662039,0.494866,-0.471968,0.0170367,0.439156,0.218013,0.5777,0.412124,0.57486,-0.407373,17.630850673801106,7.811842493845482,-40.21587321902116,11.384498567286581,-12.89013356364115,4.254431402693085
27.354792594909668,-1.38963,0.912155,0.0991032,0.328048,0.440148,0.0835807,0.138602,0.410298,0.556085,0.306688,0.662039,0.494866,-0.471968,0.0170367,0.439156,0.218013,0.5777,0.412124,0.57486,-0.407373,17.630850673801106,7.811842493845482,-40.21587321902116,11.384498567286581,-12.89013356364115,4.254431402693085
27.370575189590454,-1.30183,0.721401,-0.628122,0.288994,0.605062,0.05481,0.138695,0.410217,0.556281,0.308089,0.661878,0.493449,-0.472765,0.0259653,0.439284,0.216584,0.566292,0.427568,0.559929,-0.427759,17.969631122832308,8.07383736544324,-36.76565367942274,9.678213562603787,-14.983902508237769,4.621408947427016
27.37152647972107,-1.30183,0.721401,-0.628122,0.288994,0.605062,0.05481,0.138695,0.410217,0.556281,0.308089,0.661878,0.493449,-0.472765,0.0259653,0.439284,0.216584,0.566292,0.427568,0.559929,-0.427759,17.969631122832308,8.07383736544324,-36.76565367942274,9.678213562603787,-14.983902508237769,4.621408947427016
27.38744044303894,-1.57847,0.0381887,-0.753462,0.182897,0.644452,-0.069102,0.138784,0.410203,0.556418,0.307947,0.662096,0.49442,-0.471536,0.030883,0.43929,0.215006,0.565743,0.436684,0.550499,-0.431501,18.12781974483636,8.981826061531072,-35.716618261840644,8.195032083351967,-16.65068978972577,4.4823959390460155
27.388394832611084,-1.57847,0.0381887,-0.753462,0.182897,0.644452,-0.069102,0.138784,0.410203,0.556418,0.307947,0.662096,0.49442,-0.471536,0.030883,0.43929,0.215006,0.565743,0.436684,0.550499,-0.431501,18.12781974483636,8.981826061531072,-35.716618261840644,8.195032083351967,-16.65068978972577,4.4823959390460155
27.420642137527466,-0.086854,0.459745,-0.982939,0.228852,0.522378,0.0630012,0.138719,0.410286,0.556363,0.308735,0.66137,0.494342,-0.472121,0.0356256,0.436807,0.212332,0.564493,0.432846,0.541629,-0.447917,19.795079858852603,8.81101954912657,-34.3580192789714,9.995864860083712,-15.051747154353192,2.652211726071849
27.421590089797974,-0.086854,0.459745,-0.982939,0.228852,0.522378,0.0630012,0.138719,0.410286,0.556363,0.308735,0.66137,0.494342,-0.472121,0.0356256,0.436807,0.212332,0.564493,0.432846,0.541629,-0.447917,19.795079858852603,8.81101954912657,-34.3580192789714,9.995864860083712,-15.051747154353192,2.652211726071849
27.437153816223145,-0.850157,-0.0285718,-0.838542,0.160069,0.615664,-0.0454042,0.138836,0.410193,0.55636,0.30819,0.66183,0.49392,-0.472275,0.0377531,0.435691,0.210527,0.563695,0.440064,0.535037,-0.449807,19.714861703789442,9.495975644762314,-33.77971643902949,7.625565685053159,-16.941172453547047,3.708965570180469
27.43813133239746,-0.850157,-0.0285718,-0.838542,0.160069,0.615664,-0.0454042,0.138836,0.410193,0.55636,0.30819,0.66183,0.49392,-0.472275,0.0377531,0.435691,0.210527,0.563695,0.440064,0.535037,-0.449807,19.714861703789442,9.495975644762314,-33.77971643902949,7.625565685053159,-16.941172453547047,3.708965570180469
27.454569101333618,-1.09817,0.675909,-1.21588,0.23955,0.724076,0.083169,0.138885,0.410113,0.556388,0.307667,0.662173,0.494023,-0.472026,0.0388233,0.435082,0.209636,0.566632,0.435223,0.533034,-0.453193,20.56800157711584,9.494413958156075,-34.00115930192295,9.348686387734892,-15.549530770959667,2.163330611845626
27.455552577972412,-1.09817,0.675909,-1.21588,0.23955,0.724076,0.083169,0.138885,0.410113,0.556388,0.307667,0.662173,0.494023,-0.472026,0.0388233,0.435082,0.209636,0.566632,0.435223,0.533034,-0.453193,20.56800157711584,9.494413958156075,-34.00115930192295,9.348686387734892,-15.549530770959667,2.163330611845626
27.470547914505005,-0.953459,0.622522,-0.771339,0.202152,0.62934,0.0517529,0.139025,0.410087,0.556377,0.30747,0.662284,0.494462,-0.47154,0.0408809,0.433972,0.207691,0.566059,0.437238,0.528519,-0.45724,20.97753543329217,9.7132914629768,-33.445198563115525,8.470301613045102,-15.967439189138792,2.6316003969759163
27.471497535705566,-0.953459,0.622522,-0.771339,0.202152,0.62934,0.0517529,0.139025,0.410087,0.556377,0.30747,0.662284,0.494462,-0.47154,0.0408809,0.433972,0.207691,0.566059,0.437238,0.528519,-0.45724,20.97753543329217,9.7132914629768,-33.445198563115525,8.470301613045102,-15.967439189138792,2.6316003969759163
27.48732352256775,-1.04788,0.265051,-0.236575,0.117192,0.551043,-0.0332653,0.138929,0.410123,0.556373,0.308105,0.661856,0.493629,-0.472597,0.0435837,0.432024,0.204921,0.570526,0.432796,0.525872,-0.458963,21.525745535184864,9.947759337169243,-33.88589712507593,9.739418473641175,-12.540896238828356,3.592815434352662
27.488271713256836,-1.04788,0.265051,-0.236575,0.117192,0.551043,-0.0332653,0.138929,0.410123,0.556373,0.308105,0.661856,0.493629,-0.472597,0.0435837,0.432024,0.204921,0.570526,0.432796,0.525872,-0.458963,21.525745535184864,9.947759337169243,-33.88589712507593,9.739418473641175,-12.540896238828356,3.592815434352662
27.52306079864502,-1.49338,0.270666,0.0442783,0.105971,0.563019,-0.045267,0.13883,0.410185,0.556277,0.307874,0.661637,0.494479,-0.472165,0.044532,0.430655,0.20306,0.572868,0.432542,0.523209,-0.459327,21.86549862886487,10.303695745467568,-33.962249219905196,8.96972500721364,-12.29411859464809,3.9767001973098974
27.524240255355835,-1.49338,0.270666,0.0442783,0.105971,0.563019,-0.045267,0.13883,0.410185,0.556277,0.307874,0.661637,0.494479,-0.472165,0.044532,0.430655,0.20306,0.572868,0.432542,0.523209,-0.459327,21.86549862886487,10.303695745467568,-33.962249219905196,8.96972500721364,-12.29411859464809,3.9767001973098974
27.5384202003479,-1.56637,0.165489,0.382942,0.0927317,0.518818,-0.0737356,0.13882,0.410128,0.556203,0.307483,0.662147,0.494672,-0.471502,0.0452033,0.427966,0.199854,0.572305,0.435776,0.51646,-0.464581,22.418638923358046,10.649230453862575,-33.262610872194514,6.344969343735329,-14.819094076735754,4.969255426434811
27.539364099502563,-1.56637,0.165489,0.382942,0.0927317,0.518818,-0.0737356,0.13882,0.410128,0.556203,0.307483,0.662147,0.494672,-0.471502,0.0452033,0.427966,0.199854,0.572305,0.435776,0.51646,-0.464581,22.418638923358046,10.649230453862575,-33.262610872194514,6.344969343735329,-14.819094076735754,4.969255426434811
27.561278343200684,-1.69887,0.226544,0.222332,0.108559,0.553608,-0.0761431,0.138796,0.410176,0.556174,0.307504,0.661898,0.494803,-0.471701,0.0451282,0.427199,0.199101,0.573223,0.43655,0.514999,-0.464343,22.43613695007707,10.888467513921565,-33.28886406928741,5.644383917470062,-15.38729952715234,5.363804972888441
27.56317138671875,-1.69887,0.226544,0.222332,0.108559,0.553608,-0.0761431,0.138796,0.410176,0.556174,0.307504,0.661898,0.494803,-0.471701,0.0451282,0.427199,0.199101,0.573223,0.43655,0.514999,-0.464343,22.43613695007707,10.888467513921565,-33.28886406928741,5.644383917470062,-15.38729952715234,5.363804972888441
27.5804545879364,-1.34209,1.15728,-0.521988,0.257337,0.635044,0.0795473,0.138787,0.410171,0.556264,0.308071,0.661669,0.49458,-0.471887,0.0446227,0.424011,0.196238,0.578245,0.427184,0.514378,-0.467506,23.457612531582967,10.698283902561796,-33.881668349515785,6.540282674777769,-13.45282754210613,5.558759709494795
27.581478118896484,-1.34209,1.15728,-0.521988,0.257337,0.635044,0.0795473,0.138787,0.410171,0.556264,0.308071,0.661669,0.49458,-0.471887,0.0446227,0.424011,0.196238,0.578245,0.427184,0.514378,-0.467506,23.457612531582967,10.698283902561796,-33.881668349515785,6.540282674777769,-13.45282754210613,5.558759709494795
27.595422744750977,-1.23061,0.777679,-0.506856,0.208775,0.60317,-0.000432505,0.138773,0.410158,0.556297,0.307992,0.661814,0.494872,-0.471428,0.0445796,0.423207,0.19544,0.579464,0.430481,0.511793,-0.465807,23.339292851696,11.15760311569739,-33.8862802372139,4.905681137066242,-15.201129209518566,6.054492237472079
27.596373796463013,-1.23061,0.777679,-0.506856,0.208775,0.60317,-0.000432505,0.138773,0.410158,0.556297,0.307992,0.661814,0.494872,-0.471428,0.0445796,0.423207,0.19544,0.579464,0.430481,0.511793,-0.465807,23.339292851696,11.15760311569739,-33.8862802372139,4.905681137066242,-15.201129209518566,6.054492237472079
27.610807418823242,-1.42278,0.775545,-0.237576,0.223179,0.578185,-0.00269677,0.138786,0.410155,0.556291,0.308028,0.66178,0.49487,-0.471455,0.0443035,0.421647,0.194101,0.581365,0.427651,0.510633,-0.467314,23.76455461533733,11.181072656403204,-34.052585366578484,4.75724888814633,-15.022803020945318,6.141266221387314
27.61175298690796,-1.42278,0.775545,-0.237576,0.223179,0.578185,-0.00269677,0.138786,0.410155,0.556291,0.308028,0.66178,0.49487,-0.471455,0.0443035,0.421647,0.194101,0.581365,0.427651,0.510633,-0.467314,23.76455461533733,11.181072656403204,-34.052585366578484,4.75724888814633,-15.022803020945318,6.141266221387314
27.626094102859497,-1.55708,0.817685,-0.341056,0.238207,0.599038,0.000742875,0.138815,0.410165,0.556267,0.307733,0.662137,0.494984,-0.471027,0.0438022,0.420024,0.192762,0.584162,0.42114,0.511036,-0.469295,24.51001891089017,10.951618574270768,-34.47701242407011,5.334052299554333,-13.661289852923568,5.607283897157012
27.62703514099121,-1.55708,0.817685,-0.341056,0.238207,0.599038,0.000742875,0.138815,0.410165,0.556267,0.307733,0.662137,0.494984,-0.471027,0.0438022,0.420024,0.192762,0.584162,0.42114,0.511036,-0.469295,24.51001891089017,10.951618574270768,-34.47701242407011,5.334052299554333,-13.661289852923568,5.607283897157012
27.654011249542236,-0.909076,1.34544,-0.377399,0.317666,0.525737,0.0617796,0.138919,0.410122,0.556311,0.307319,0.66208,0.494348,-0.472045,0.0427505,0.417438,0.191012,0.58879,0.411436,0.512537,-0.470481,25.286849091622486,10.768419413975419,-35.40631789319251,6.390416079283319,-10.906835329897328,5.601038279602387
27.654975414276123,-0.909076,1.34544,-0.377399,0.317666,0.525737,0.0617796,0.138919,0.410122,0.556311,0.307319,0.66208,0.494348,-0.472045,0.0427505,0.417438,0.191012,0.58879,0.411436,0.512537,-0.470481,25.286849091622486,10.768419413975419,-35.40631789319251,6.390416079283319,-10.906835329897328,5.601038279602387
27.67107391357422,-1.20938,1.22179,-0.210183,0.293154,0.556238,0.00826142,0.138941,0.410126,0.556343,0.307562,0.662059,0.494498,-0.471758,0.0415925,0.414713,0.189208,0.593481,0.404685,0.511017,-0.472093,26.130570183635047,10.813152529002133,-35.9563356349699,6.609756438856928,-10.873667335259492,4.954825818383091
27.672033071517944,-1.20938,1.22179,-0.210183,0.293154,0.556238,0.00826142,0.138941,0.410126,0.556343,0.307562,0.662059,0.494498,-0.471758,0.0415925,0.414713,0.189208,0.593481,0.404685,0.511017,-0.472093,26.130570183635047,10.813152529002133,-35.9563356349699,6.609756438856928,-10.873667335259492,4.954825818383091
27.687113046646118,-1.22619,1.24826,-0.620147,0.342264,0.620276,0.00337975,0.138978,0.410092,0.556281,0.307484,0.662089,0.494338,-0.471935,0.0406508,0.413078,0.188088,0.594398,0.404677,0.510305,-0.471717,26.157304573724005,10.951844893844033,-36.08435885108902,5.1576440604261755,-11.6871912651604,5.797527334626072
27.688072204589844,-1.22619,1.24826,-0.620147,0.342264,0.620276,0.00337975,0.138978,0.410092,0.556281,0.307484,0.662089,0.494338,-0.471935,0.0406508,0.413078,0.188088,0.594398,0.404677,0.510305,-0.471717,26.157304573724005,10.951844893844033,-36.08435885108902,5.1576440604261755,-11.6871912651604,5.797527334626072
27.720945596694946,-1.31334,1.88489,-0.164081,0.423691,0.573004,0.0451836,0.138958,0.410088,0.556286,0.307487,0.662094,0.494296,-0.471969,0.0386824,0.410333,0.186786,0.600408,0.400702,0.510378,-0.467399,26.3363554934747,11.373082593454638,-37.145261782880084,3.86827342504946,-12.054069860384992,6.02615106424466
27.72188401222229,-1.31334,1.88489,-0.164081,0.423691,0.573004,0.0451836,0.138958,0.410088,0.556286,0.307487,0.662094,0.494296,-0.471969,0.0386824,0.410333,0.186786,0.600408,0.400702,0.510378,-0.467399,26.3363554934747,11.373082593454638,-37.145261782880084,3.86827342504946,-12.054069860384992,6.02615106424466
27.737103939056396,-1.13137,1.7698,-1.15421,0.462408,0.725424,0.00274325,0.138803,0.410147,0.556357,0.308531,0.661771,0.49409,-0.471956,0.0366856,0.40791,0.185583,0.603936,0.394381,0.509971,-0.468673,26.926624049011906,11.266237361701615,-37.572352389464406,4.215096274110056,-12.581789919541585,5.683075721070658
27.73804473876953,-1.13137,1.7698,-1.15421,0.462408,0.725424,0.00274325,0.138803,0.410147,0.556357,0.308531,0.661771,0.49409,-0.471956,0.0366856,0.40791,0.185583,0.603936,0.394381,0.509971,-0.468673,26.926624049011906,11.266237361701615,-37.572352389464406,4.215096274110056,-12.581789919541585,5.683075721070658
27.754039525985718,-0.975076,1.36732,-1.10498,0.449394,0.68851,-0.0771846,0.13883,0.410188,0.556381,0.308527,0.661894,0.493916,-0.471969,0.0354027,0.406933,0.185182,0.606413,0.38665,0.512644,-0.469,27.449308942924972,10.912691316679318,-38.20010860520598,5.552390437620919,-10.864192093729491,5.145183870619113
27.755016326904297,-0.975076,1.36732,-1.10498,0.449394,0.68851,-0.0771846,0.13883,0.410188,0.556381,0.308527,0.661894,0.493916,-0.471969,0.0354027,0.406933,0.185182,0.606413,0.38665,0.512644,-0.469,27.449308942924972,10.912691316679318,-38.20010860520598,5.552390437620919,-10.864192093729491,5.145183870619113
27.770957946777344,-0.332325,2.53678,-1.25363,0.663158,0.659529,0.142657,0.138885,0.410124,0.556477,0.309175,0.661841,0.494465,-0.471044,0.0304017,0.403929,0.18446,0.614791,0.37135,0.520516,-0.46173,27.987790900070635,10.546952644403378,-40.21797255425386,6.513267645218651,-9.207023480543178,4.792687851109577
27.771920204162598,-0.332325,2.53678,-1.25363,0.663158,0.659529,0.142657,0.138885,0.410124,0.556477,0.309175,0.661841,0.494465,-0.471044,0.0304017,0.403929,0.18446,0.614791,0.37135,0.520516,-0.46173,27.987790900070635,10.546952644403378,-40.21797255425386,6.513267645218651,-9.207023480543178,4.792687851109577
27.78720712661743,0.0579538,2.87536,-1.24087,0.72454,0.61235,0.198154,0.138942,0.410096,0.556416,0.308187,0.662049,0.494171,-0.471706,0.0277938,0.402198,0.183998,0.62332,0.364976,0.52421,-0.451075,27.80046406914425,11.164817938694261,-42.318135845958,6.328139137450703,-7.8851057359530525,4.9383117537232915
27.788145780563354,0.0579538,2.87536,-1.24087,0.72454,0.61235,0.198154,0.138942,0.410096,0.556416,0.308187,0.662049,0.494171,-0.471706,0.0277938,0.402198,0.183998,0.62332,0.364976,0.52421,-0.451075,27.80046406914425,11.164817938694261,-42.318135845958,6.328139137450703,-7.8851057359530525,4.9383117537232915
27.820903539657593,-1.04224,2.71414,-0.653493,0.720048,0.597083,0.064023,0.138908,0.410134,0.556351,0.308522,0.661908,0.493861,-0.47201,0.0229562,0.399588,0.18304,0.627729,0.354732,0.529836,-0.446536,28.035341072736824,10.863532297981722,-43.6435433388386,6.518498271454799,-7.571433472764867,5.61781026658552
27.821866035461426,-1.04224,2.71414,-0.653493,0.720048,0.597083,0.064023,0.138908,0.410134,0.556351,0.308522,0.661908,0.493861,-0.47201,0.0229562,0.399588,0.18304,0.627729,0.354732,0.529836,-0.446536,28.035341072736824,10.863532297981722,-43.6435433388386,6.518498271454799,-7.571433472764867,5.61781026658552
27.83715558052063,-0.208006,2.751,0.0245228,0.711846,0.367311,0.0405723,0.138921,0.410133,0.55637,0.308141,0.662037,0.493816,-0.472125,0.0219114,0.398946,0.182752,0.629235,0.354456,0.530322,-0.444053,27.919176691835336,11.049066792130647,-44.03670241725046,5.729892203363189,-8.015750829901426,5.9851243069235895
27.838093996047974,-0.208006,2.751,0.0245228,0.711846,0.367311,0.0405723,0.138921,0.410133,0.55637,0.308141,0.662037,0.493816,-0.472125,0.0219114,0.398946,0.182752,0.629235,0.354456,0.530322,-0.444053,27.919176691835336,11.049066792130647,-44.03670241725046,5.729892203363189,-8.015750829901426,5.9851243069235895
27.854395866394043,-1.1561,3.01893,-0.178603,0.746413,0.519908,0.0417027,0.138858,0.410183,0.556357,0.308608,0.66192,0.49399,-0.471801,0.020352,0.397742,0.182788,0.631508,0.351194,0.531719,-0.44174,27.994232924355554,11.035510451262192,-44.52533646132359,5.448793141675786,-8.341674983520853,5.675534798672627
27.855335474014282,-1.1561,3.01893,-0.178603,0.746413,0.519908,0.0417027,0.138858,0.410183,0.556357,0.308608,0.66192,0.49399,-0.471801,0.020352,0.397742,0.182788,0.631508,0.351194,0.531719,-0.44174,27.994232924355554,11.035510451262192,-44.52533646132359,5.448793141675786,-8.341674983520853,5.675534798672627
27.870681047439575,-0.568253,2.65964,-0.467614,0.751219,0.502541,-0.0354539,0.138945,0.410114,0.556315,0.307804,0.662155,0.494319,-0.471652,0.0175287,0.396274,0.183056,0.632391,0.34284,0.536099,-0.441746,28.533054032294412,10.529623291907871,-45.14111260992322,5.936228099928588,-7.292529748434518,4.9361391248842965
27.871623516082764,-0.568253,2.65964,-0.467614,0.751219,0.502541,-0.0354539,0.138945,0.410114,0.556315,0.307804,0.662155,0.494319,-0.471652,0.0175287,0.396274,0.183056,0.632391,0.34284,0.536099,-0.441746,28.533054032294412,10.529623291907871,-45.14111260992322,5.936228099928588,-7.292529748434518,4.9361391248842965
27.887213706970215,-0.339483,3.30897,-0.910678,0.897257,0.536048,0.0507586,0.13894,0.410099,0.556378,0.308802,0.661921,0.493616,-0.472064,0.0155657,0.395167,0.183473,0.634482,0.337403,0.539509,-0.438773,28.491243536573872,10.298711254010536,-45.83441430117378,6.721849894654831,-6.686384008387284,4.965601048937592
27.888155937194824,-0.339483,3.30897,-0.910678,0.897257,0.536048,0.0507586,0.13894,0.410099,0.556378,0.308802,0.661921,0.493616,-0.472064,0.0155657,0.395167,0.183473,0.634482,0.337403,0.539509,-0.438773,28.491243536573872,10.298711254010536,-45.83441430117378,6.721849894654831,-6.686384008387284,4.965601048937592
27.920896291732788,-0.158504,2.97568,-1.19137,0.885348,0.498919,-0.0584518,0.138683,0.410277,0.55656,0.309645,0.662077,0.493588,-0.471323,0.0122522,0.393987,0.184147,0.634208,0.335225,0.541519,-0.438363,28.52749236021655,9.951649822064105,-45.860384865864134,5.53472173784417,-8.82241310318242,4.709434780247063
27.92187762260437,-0.158504,2.97568,-1.19137,0.885348,0.498919,-0.0584518,0.138683,0.410277,0.55656,0.309645,0.662077,0.493588,-0.471323,0.0122522,0.393987,0.184147,0.634208,0.335225,0.541519,-0.438363,28.52749236021655,9.951649822064105,-45.860384865864134,5.53472173784417,-8.82241310318242,4.709434780247063
27.93706774711609,-0.261396,2.84151,-1.17608,0.894471,0.490198,-0.118156,0.138557,0.410349,0.556572,0.308786,0.662383,0.493422,-0.471629,0.0107438,0.393313,0.184311,0.63342,0.332086,0.544289,-0.438462,28.6653964907302,9.644755554564474,-46.0889008898785,5.196273193909066,-7.846765000459585,4.957108504166919
27.938019514083862,-0.261396,2.84151,-1.17608,0.894471,0.490198,-0.118156,0.138557,0.410349,0.556572,0.308786,0.662383,0.493422,-0.471629,0.0107438,0.393313,0.184311,0.63342,0.332086,0.544289,-0.438462,28.6653964907302,9.644755554564474,-46.0889008898785,5.196273193909066,-7.846765000459585,4.957108504166919
27.953922748565674,0.370232,3.14387,-0.952025,0.936223,0.368231,-0.0580333,0.138538,0.410359,0.556564,0.308797,0.662349,0.493489,-0.4716,0.0102729,0.393076,0.184399,0.635118,0.331747,0.544937,-0.435445,28.49747545087375,9.82102835595492,-46.49019467012541,4.957154741662997,-7.9176612072733565,4.981592471267731
27.95487666130066,0.370232,3.14387,-0.952025,0.936223,0.368231,-0.0580333,0.138538,0.410359,0.556564,0.308797,0.662349,0.493489,-0.4716,0.0102729,0.393076,0.184399,0.635118,0.331747,0.544937,-0.435445,28.49747545087375,9.82102835595492,-46.49019467012541,4.957154741662997,-7.9176612072733565,4.981592471267731
27.970881938934326,0.550215,3.2813,-0.398122,0.949109,0.237694,-0.0977945,0.138534,0.410319,0.556428,0.308727,0.662555,0.494139,-0.470676,0.00854201,0.391929,0.184363,0.636094,0.32997,0.547288,-0.432412,28.449436364292314,9.721665002195824,-46.84881962861862,3.6687150611707797,-8.43985479575935,5.122566753038606
27.97183108329773,0.550215,3.2813,-0.398122,0.949109,0.237694,-0.0977945,0.138534,0.410319,0.556428,0.308727,0.662555,0.494139,-0.470676,0.00854201,0.391929,0.184363,0.636094,0.32997,0.547288,-0.432412,28.449436364292314,9.721665002195824,-46.84881962861862,3.6687150611707797,-8.43985479575935,5.122566753038606
27.98716950416565,-0.151232,3.05934,0.122806,0.919351,0.230236,-0.219814,0.138513,0.41031,0.556318,0.308608,0.662239,0.494008,-0.471335,0.00728869,0.390709,0.184235,0.638009,0.322642,0.548843,-0.433149,28.98610270556015,9.537857767108635,-47.411567657235516,5.263757933374672,-7.140372996819273,4.353460013566173
27.988122940063477,-0.151232,3.05934,0.122806,0.919351,0.230236,-0.219814,0.138513,0.41031,0.556318,0.308608,0.662239,0.494008,-0.471335,0.00728869,0.390709,0.184235,0.638009,0.322642,0.548843,-0.433149,28.98610270556015,9.537857767108635,-47.411567657235516,5.263757933374672,-7.140372996819273,4.353460013566173
28.020763397216797,-1.30949,2.70101,0.234648,0.871401,0.353749,-0.32577,0.138477,0.410366,0.556156,0.307663,0.662231,0.495487,-0.470411,0.00564574,0.389238,0.183988,0.638722,0.320997,0.549951,-0.431912,29.19953701906119,9.548430911947857,-47.615276849101235,3.435060799809163,-7.815310594008242,4.134752632155424
28.021714210510254,-1.30949,2.70101,0.234648,0.871401,0.353749,-0.32577,0.138477,0.410366,0.556156,0.307663,0.662231,0.495487,-0.470411,0.00564574,0.389238,0.183988,0.638722,0.320997,0.549951,-0.431912,29.19953701906119,9.548430911947857,-47.615276849101235,3.435060799809163,-7.815310594008242,4.134752632155424
28.03709101676941,-0.202824,2.81541,-0.110241,0.877761,0.306967,-0.218944,0.138432,0.410346,0.556155,0.307816,0.661942,0.495485,-0.470719,0.00495984,0.388725,0.183942,0.6389,0.320097,0.550279,-0.4319,29.215321131845172,9.531334952029432,-47.674820344956196,3.3581788970238793,-8.002408314506368,4.263192977904413
28.038049936294556,-0.202824,2.81541,-0.110241,0.877761,0.306967,-0.218944,0.138432,0.410346,0.556155,0.307816,0.661942,0.495485,-0.470719,0.00495984,0.388725,0.183942,0.6389,0.320097,0.550279,-0.4319,29.215321131845172,9.531334952029432,-47.674820344956196,3.3581788970238793,-8.002408314506368,4.263192977904413
28.054307460784912,0.422569,2.54999,-0.302288,0.828727,0.287017,-0.207524,0.138418,0.410323,0.556197,0.308673,0.661702,0.494385,-0.471651,0.00463496,0.388359,0.183843,0.638986,0.317203,0.550998,-0.432991,29.295740519066197,9.329772489659934,-47.78713797678352,4.679869795074208,-7.273875437039232,4.54761721602616
28.055249452590942,0.422569,2.54999,-0.302288,0.828727,0.287017,-0.207524,0.138418,0.410323,0.556197,0.308673,0.661702,0.494385,-0.471651,0.00463496,0.388359,0.183843,0.638986,0.317203,0.550998,-0.432991,29.295740519066197,9.329772489659934,-47.78713797678352,4.679869795074208,-7.273875437039232,4.54761721602616
28.070505619049072,0.182365,2.02092,-0.552646,0.723886,0.401705,-0.160236,0.138418,0.410338,0.556224,0.308579,0.661697,0.494408,-0.471696,0.00385197,0.387264,0.183574,0.639673,0.31527,0.549643,-0.435104,29.675101718128754,9.349241349123554,-47.78945019615014,4.500719903739184,-8.069031988906175,3.9726688991027372
28.071482181549072,0.182365,2.02092,-0.552646,0.723886,0.401705,-0.160236,0.138418,0.410338,0.556224,0.308579,0.661697,0.494408,-0.471696,0.00385197,0.387264,0.183574,0.639673,0.31527,0.549643,-0.435104,29.675101718128754,9.349241349123554,-47.78945019615014,4.500719903739184,-8.069031988906175,3.9726688991027372
28.08729887008667,0.0454712,1.25658,-0.833982,0.568535,0.486642,-0.132339,0.138557,0.410311,0.556201,0.307362,0.662091,0.494691,-0.47164,0.00368489,0.386944,0.183256,0.636295,0.313667,0.550575,-0.440009,30.130720548366746,8.875768047063364,-47.29509743230875,4.144017575721872,-7.188773324226609,4.24623113512131
28.08824133872986,0.0454712,1.25658,-0.833982,0.568535,0.486642,-0.132339,0.138557,0.410311,0.556201,0.307362,0.662091,0.494691,-0.47164,0.00368489,0.386944,0.183256,0.636295,0.313667,0.550575,-0.440009,30.130720548366746,8.875768047063364,-47.29509743230875,4.144017575721872,-7.188773324226609,4.24623113512131
28.120860815048218,-1.64157,-0.16527,-0.528153,0.325657,0.608262,-0.211753,0.138839,0.410206,0.556122,0.307345,0.661819,0.494995,-0.471715,0.00461986,0.386562,0.182356,0.635511,0.31938,0.547178,-0.441269,29.912460713191685,9.23550779838538,-46.77691601380357,2.2870323514622797,-8.98781093065881,5.057916102874359
28.121819972991943,-1.64157,-0.16527,-0.528153,0.325657,0.608262,-0.211753,0.138839,0.410206,0.556122,0.307345,0.661819,0.494995,-0.471715,0.00461986,0.386562,0.182356,0.635511,0.31938,0.547178,-0.441269,29.912460713191685,9.23550779838538,-46.77691601380357,2.2870323514622797,-8.98781093065881,5.057916102874359
28.137118339538574,-0.706355,-0.0766211,0.475373,0.249636,0.352414,-0.102686,0.138911,0.410144,0.556196,0.30664,0.662239,0.494757,-0.471834,0.00565481,0.386303,0.18188,0.633555,0.317323,0.546143,-0.446813,30.49502011877332,8.924537355698433,-46.36491164941235,2.9710649676940335,-7.707299784328447,4.840849821650907
28.138059377670288,-0.706355,-0.0766211,0.475373,0.249636,0.352414,-0.102686,0.138911,0.410144,0.556196,0.30664,0.662239,0.494757,-0.471834,0.00565481,0.386303,0.18188,0.633555,0.317323,0.546143,-0.446813,30.49502011877332,8.924537355698433,-46.36491164941235,2.9710649676940335,-7.707299784328447,4.840849821650907
28.154296159744263,-0.753325,0.226029,0.344718,0.248002,0.399983,-0.032929,0.138822,0.410191,0.556185,0.307405,0.661928,0.494803,-0.471725,0.00644154,0.386131,0.1816,0.632448,0.317919,0.543166,-0.451562,30.82965759395796,8.847425758650624,-45.74168655547311,3.318436514627877,-8.522997547535653,4.298328986632496
28.15523338317871,-0.753325,0.226029,0.344718,0.248002,0.399983,-0.032929,0.138822,0.410191,0.556185,0.307405,0.661928,0.494803,-0.471725,0.00644154,0.386131,0.1816,0.632448,0.317919,0.543166,-0.451562,30.82965759395796,8.847425758650624,-45.74168655547311,3.318436514627877,-8.522997547535653,4.298328986632496
28.17064094543457,-0.92306,-0.285442,0.305663,0.178718,0.43999,-0.124841,0.138811,0.410208,0.55606,0.306846,0.661704,0.494346,-0.472879,0.0105767,0.385837,0.180534,0.628026,0.324607,0.535372,-0.462157,31.21404643403001,9.013742980733745,-44.22799395363991,2.298515669685154,-8.345524334155789,4.3312783152441465
28.171603441238403,-0.92306,-0.285442,0.305663,0.178718,0.43999,-0.124841,0.138811,0.410208,0.55606,0.306846,0.661704,0.494346,-0.472879,0.0105767,0.385837,0.180534,0.628026,0.324607,0.535372,-0.462157,31.21404643403001,9.013742980733745,-44.22799395363991,2.298515669685154,-8.345524334155789,4.3312783152441465
28.1872661113739,-1.94962,-0.118772,0.10042,0.177341,0.646563,-0.0819264,0.138786,0.410199,0.556033,0.307108,0.66155,0.494326,-0.472946,0.0143035,0.385994,0.179595,0.623545,0.334198,0.52567,-0.472413,31.490936351515582,9.284152610518143,-42.40589280400162,0.9147055832387445,-10.78095649410049,4.057178090638168
28.188210487365723,-1.94962,-0.118772,0.10042,0.177341,0.646563,-0.0819264,0.138786,0.410199,0.556033,0.307108,0.66155,0.494326,-0.472946,0.0143035,0.385994,0.179595,0.623545,0.334198,0.52567,-0.472413,31.490936351515582,9.284152610518143,-42.40589280400162,0.9147055832387445,-10.78095649410049,4.057178090638168
28.222541570663452,-1.18783,-0.274667,-1.02886,0.189901,0.765574,-0.0674719,0.138738,0.410194,0.556277,0.30795,0.661517,0.494682,-0.472071,0.0212093,0.385841,0.177268,0.616045,0.345066,0.510584,-0.490634,32.44244665456694,9.293268708255393,-39.41946410126336,0.32340829043085584,-13.009642212678518,3.950146918376609
28.22350001335144,-1.18783,-0.274667,-1.02886,0.189901,0.765574,-0.0674719,0.138738,0.410194,0.556277,0.30795,0.661517,0.494682,-0.472071,0.0212093,0.385841,0.177268,0.616045,0.345066,0.510584,-0.490634,32.44244665456694,9.293268708255393,-39.41946410126336,0.32340829043085584,-13.009642212678518,3.950146918376609
28.237111806869507,-0.588254,0.0823729,-1.12613,0.197158,0.716964,0.00395338,0.138692,0.410224,0.556327,0.30772,0.662005,0.494207,-0.472035,0.0230279,0.385755,0.176642,0.614292,0.346529,0.506324,-0.496185,32.8752744053868,9.249193315490816,-38.76607693529751,0.6135432623359064,-13.094375878462744,3.529618943556352
28.238049268722534,-0.588254,0.0823729,-1.12613,0.197158,0.716964,0.00395338,0.138692,0.410224,0.556327,0.30772,0.662005,0.494207,-0.472035,0.0230279,0.385755,0.176642,0.614292,0.346529,0.506324,-0.496185,32.8752744053868,9.249193315490816,-38.76607693529751,0.6135432623359064,-13.094375878462744,3.529618943556352
28.253807067871094,-0.710949,0.169921,-0.843326,0.177471,0.678381,0.0078116,0.138701,0.410252,0.556356,0.308606,0.661809,0.493773,-0.472186,0.0260308,0.385191,0.17533,0.606929,0.353577,0.498925,-0.507635,33.15092945293283,8.912862232615362,-36.66113180424082,-0.37525527063653163,-14.748932685711809,4.592399878899413
28.254767179489136,-0.710949,0.169921,-0.843326,0.177471,0.678381,0.0078116,0.138701,0.410252,0.556356,0.308606,0.661809,0.493773,-0.472186,0.0260308,0.385191,0.17533,0.606929,0.353577,0.498925,-0.507635,33.15092945293283,8.912862232615362,-36.66113180424082,-0.37525527063653163,-14.748932685711809,4.592399878899413
28.27049970626831,-0.978559,-0.302533,-0.266871,0.0643746,0.624767,-0.10725,0.138913,0.410115,0.556262,0.307039,0.662174,0.494556,-0.471876,0.0302782,0.383839,0.173469,0.604886,0.353951,0.491664,-0.516816,34.21617467624858,8.9363381879297,-35.72614878962376,-0.25565040543041795,-13.125051782924293,3.9432641336801115
28.27145004272461,-0.978559,-0.302533,-0.266871,0.0643746,0.624767,-0.10725,0.138913,0.410115,0.556262,0.307039,0.662174,0.494556,-0.471876,0.0302782,0.383839,0.173469,0.604886,0.353951,0.491664,-0.516816,34.21617467624858,8.9363381879297,-35.72614878962376,-0.25565040543041795,-13.125051782924293,3.9432641336801115
28.2872953414917,-1.32944,-0.300133,-0.246975,0.0480636,0.666334,-0.123916,0.139006,0.410052,0.556163,0.3063,0.662444,0.494311,-0.472234,0.032728,0.382883,0.172348,0.602973,0.352124,0.485818,-0.525751,35.19417749389822,8.752577824713606,-34.94768973951616,0.926209117989499,-12.109597153104653,2.799249696568547
28.288261651992798,-1.32944,-0.300133,-0.246975,0.0480636,0.666334,-0.123916,0.139006,0.410052,0.556163,0.3063,0.662444,0.494311,-0.472234,0.032728,0.382883,0.172348,0.602973,0.352124,0.485818,-0.525751,35.19417749389822,8.752577824713606,-34.94768973951616,0.926209117989499,-12.109597153104653,2.799249696568547
28.320914030075073,-1.35682,-0.279212,-0.338084,0.0402849,0.683793,-0.151509,0.139079,0.410071,0.556095,0.306581,0.662778,0.494395,-0.471494,0.0348922,0.380737,0.17064,0.600263,0.353208,0.482224,-0.531403,35.621517974940026,8.473671825693279,-34.05376006398768,-0.5028913921441825,-11.61667046217186,3.9136709178863
28.321861505508423,-1.35682,-0.279212,-0.338084,0.0402849,0.683793,-0.151509,0.139079,0.410071,0.556095,0.306581,0.662778,0.494395,-0.471494,0.0348922,0.380737,0.17064,0.600263,0.353208,0.482224,-0.531403,35.621517974940026,8.473671825693279,-34.05376006398768,-0.5028913921441825,-11.61667046217186,3.9136709178863
28.337697744369507,-1.3983,-0.29154,-0.234187,0.0363063,0.662807,-0.15449,0.139031,0.410065,0.556161,0.306467,0.662626,0.494306,-0.471875,0.0340333,0.379372,0.170249,0.60364,0.347839,0.482428,-0.530933,36.061113984082375,8.55675859135228,-34.71534677279037,0.22511480887513835,-10.706202882960245,3.3611373704338003
28.338658809661865,-1.3983,-0.29154,-0.234187,0.0363063,0.662807,-0.15449,0.139031,0.410065,0.556161,0.306467,0.662626,0.494306,-0.471875,0.0340333,0.379372,0.170249,0.60364,0.347839,0.482428,-0.530933,36.061113984082375,8.55675859135228,-34.71534677279037,0.22511480887513835,-10.706202882960245,3.3611373704338003
28.35431933403015,-1.67197,-0.622453,-0.277982,0.0166235,0.686852,-0.230419,0.138982,0.410078,0.556185,0.306123,0.662464,0.494408,-0.472218,0.0330005,0.378506,0.170142,0.604961,0.345069,0.483514,-0.530248,36.207352228724815,8.568169210449842,-35.083985352092554,0.10114666435680564,-10.229321235890755,3.3762033045834423
28.35526967048645,-1.67197,-0.622453,-0.277982,0.0166235,0.686852,-0.230419,0.138982,0.410078,0.556185,0.306123,0.662464,0.494408,-0.472218,0.0330005,0.378506,0.170142,0.604961,0.345069,0.483514,-0.530248,36.207352228724815,8.568169210449842,-35.083985352092554,0.10114666435680564,-10.229321235890755,3.3762033045834423
28.371103286743164,-0.464947,0.460956,-1.1067,0.217414,0.73097,-0.0126662,0.138912,0.410115,0.556243,0.307199,0.662199,0.494457,-0.471841,0.0289093,0.376095,0.169993,0.611292,0.338631,0.488423,-0.522584,36.08487896518378,8.73202653222147,-36.56444598522701,-0.8596378688097069,-11.007378003551507,3.9965951563907876
28.37204933166504,-0.464947,0.460956,-1.1067,0.217414,0.73097,-0.0126662,0.138912,0.410115,0.556243,0.307199,0.662199,0.494457,-0.471841,0.0289093,0.376095,0.169993,0.611292,0.338631,0.488423,-0.522584,36.08487896518378,8.73202653222147,-36.56444598522701,-0.8596378688097069,-11.007378003551507,3.9965951563907876
28.38780379295349,-0.702782,0.512543,-1.30453,0.243951,0.801613,-0.0124061,0.138815,0.410145,0.556341,0.307743,0.662006,0.494666,-0.471538,0.0253712,0.374086,0.169763,0.6212,0.330161,0.4939,-0.511044,35.981968477391135,9.270641228216569,-38.885601921766806,-0.7535088349959992,-10.493315600100276,4.12098004437428
28.388746738433838,-0.702782,0.512543,-1.30453,0.243951,0.801613,-0.0124061,0.138815,0.410145,0.556341,0.307743,0.662006,0.494666,-0.471538,0.0253712,0.374086,0.169763,0.6212,0.330161,0.4939,-0.511044,35.981968477391135,9.270641228216569,-38.885601921766806,-0.7535088349959992,-10.493315600100276,4.12098004437428
28.42051410675049,-0.523433,1.57084,-0.589926,0.425339,0.619663,0.164409,0.138769,0.410204,0.556305,0.308054,0.661604,0.494728,-0.471834,0.0178365,0.36987,0.169456,0.634849,0.318048,0.501734,-0.494039,35.717662447614615,10.109142323380043,-42.283942018039276,-2.029599226628562,-11.750354057740317,4.560975577575904
28.421458959579468,-0.523433,1.57084,-0.589926,0.425339,0.619663,0.164409,0.138769,0.410204,0.556305,0.308054,0.661604,0.494728,-0.471834,0.0178365,0.36987,0.169456,0.634849,0.318048,0.501734,-0.494039,35.717662447614615,10.109142323380043,-42.283942018039276,-2.029599226628562,-11.750354057740317,4.560975577575904
28.437667846679688,-0.610529,0.941142,-0.312857,0.283108,0.558221,-0.0324078,0.138782,0.410236,0.556118,0.307501,0.661708,0.495228,-0.471524,0.0163887,0.368186,0.169008,0.635451,0.309465,0.503075,-0.497342,36.62048155891863,9.645366483622553,-42.52742080261384,-1.0963085360975477,-10.461694710403373,3.669853458728187
28.438618421554565,-0.610529,0.941142,-0.312857,0.283108,0.558221,-0.0324078,0.138782,0.410236,0.556118,0.307501,0.661708,0.495228,-0.471524,0.0163887,0.368186,0.169008,0.635451,0.309465,0.503075,-0.497342,36.62048155891863,9.645366483622553,-42.52742080261384,-1.0963085360975477,-10.461694710403373,3.669853458728187
28.454365730285645,-1.37639,0.42723,0.118219,0.212952,0.545026,-0.180769,0.138822,0.410185,0.556017,0.306813,0.661463,0.494465,-0.473113,0.0158962,0.367641,0.168885,0.633023,0.308759,0.5047,-0.499227,36.53620159551187,9.412824867074926,-42.364779399437694,-1.347184166109088,-9.091561632184298,4.722378686310691
28.455310106277466,-1.37639,0.42723,0.118219,0.212952,0.545026,-0.180769,0.138822,0.410185,0.556017,0.306813,0.661463,0.494465,-0.473113,0.0158962,0.367641,0.168885,0.633023,0.308759,0.5047,-0.499227,36.53620159551187,9.412824867074926,-42.364779399437694,-1.347184166109088,-9.091561632184298,4.722378686310691
28.47058629989624,-0.820847,1.30464,-0.0613102,0.37847,0.491761,-0.0582857,0.138928,0.410055,0.555881,0.307945,0.661659,0.493705,-0.472898,0.0130368,0.364978,0.1686,0.636861,0.306481,0.507202,-0.493177,36.19284300570632,9.597251297636086,-43.31171239831587,-3.2050748044338837,-10.68509080243477,5.653934731104906
28.471526384353638,-0.820847,1.30464,-0.0613102,0.37847,0.491761,-0.0582857,0.138928,0.410055,0.555881,0.307945,0.661659,0.493705,-0.472898,0.0130368,0.364978,0.1686,0.636861,0.306481,0.507202,-0.493177,36.19284300570632,9.597251297636086,-43.31171239831587,-3.2050748044338837,-10.68509080243477,5.653934731104906
28.487260818481445,-1.32877,1.2837,0.133476,0.398843,0.509254,-0.0974656,0.138825,0.410166,0.555955,0.307834,0.661564,0.494095,-0.472695,0.0102659,0.362787,0.168636,0.64062,0.294484,0.51241,-0.490225,36.79011219609857,9.264625206699225,-44.546227648109834,-2.001970158469149,-8.456130030457373,5.255924475596609
28.488221406936646,-1.32877,1.2837,0.133476,0.398843,0.509254,-0.0974656,0.138825,0.410166,0.555955,0.307834,0.661564,0.494095,-0.472695,0.0102659,0.362787,0.168636,0.64062,0.294484,0.51241,-0.490225,36.79011219609857,9.264625206699225,-44.546227648109834,-2.001970158469149,-8.456130030457373,5.255924475596609
28.52080225944519,-0.714916,1.73224,-0.126664,0.47912,0.434939,-0.137071,0.138608,0.410309,0.556136,0.306667,0.662393,0.495105,-0.471235,0.00575813,0.35828,0.168408,0.651503,0.277257,0.517857,-0.4801,37.712932104856776,9.579147236020237,-47.44157382837698,-1.8056770669845519,-6.828356719954872,3.9278024415514365
28.521756887435913,-0.714916,1.73224,-0.126664,0.47912,0.434939,-0.137071,0.138608,0.410309,0.556136,0.306667,0.662393,0.495105,-0.471235,0.00575813,0.35828,0.168408,0.651503,0.277257,0.517857,-0.4801,37.712932104856776,9.579147236020237,-47.44157382837698,-1.8056770669845519,-6.828356719954872,3.9278024415514365
28.53709363937378,-0.976501,1.91436,0.0444104,0.516563,0.388581,-0.211371,0.138602,0.410303,0.556139,0.306725,0.662337,0.495172,-0.471204,0.00499921,0.357417,0.168294,0.652239,0.276144,0.517273,-0.480373,37.863850284885665,9.625391377554115,-47.542853812680946,-2.135242653437909,-7.527350841779123,3.775035386913479
28.538044214248657,-0.976501,1.91436,0.0444104,0.516563,0.388581,-0.211371,0.138602,0.410303,0.556139,0.306725,0.662337,0.495172,-0.471204,0.00499921,0.357417,0.168294,0.652239,0.276144,0.517273,-0.480373,37.863850284885665,9.625391377554115,-47.542853812680946,-2.135242653437909,-7.527350841779123,3.775035386913479
28.554133892059326,-1.21181,1.66798,0.135212,0.507683,0.36409,-0.337761,0.138597,0.4103,0.556078,0.307045,0.661963,0.494952,-0.471753,0.00328149,0.355463,0.168157,0.654183,0.272033,0.519303,-0.477877,37.87754264250411,9.642434482476043,-48.1742602414445,-2.485478735779214,-7.245643849810248,4.274729864585847
28.55508327484131,-1.21181,1.66798,0.135212,0.507683,0.36409,-0.337761,0.138597,0.4103,0.556078,0.307045,0.661963,0.494952,-0.471753,0.00328149,0.355463,0.168157,0.654183,0.272033,0.519303,-0.477877,37.87754264250411,9.642434482476043,-48.1742602414445,-2.485478735779214,-7.245643849810248,4.274729864585847
28.570494651794434,-1.06023,1.71311,0.595924,0.534389,0.220176,-0.472873,0.138543,0.410347,0.555942,0.30803,0.661464,0.494452,-0.472335,0.00119805,0.353326,0.1682,0.656364,0.265798,0.521281,-0.476239,38.05434019669529,9.533878219492172,-48.82404821545495,-2.034038062735963,-7.082507927353645,4.252960426435378
28.571447610855103,-1.06023,1.71311,0.595924,0.534389,0.220176,-0.472873,0.138543,0.410347,0.555942,0.30803,0.661464,0.494452,-0.472335,0.00119805,0.353326,0.1682,0.656364,0.265798,0.521281,-0.476239,38.05434019669529,9.533878219492172,-48.82404821545495,-2.034038062735963,-7.082507927353645,4.252960426435378
28.587321519851685,-0.175171,2.28095,0.456175,0.582343,0.120155,-0.46888,0.138452,0.410347,0.555761,0.30893,0.661581,0.494315,-0.471726,-0.00149241,0.350735,0.168436,0.654358,0.258126,0.524354,-0.479834,38.67126888007267,8.673097863640251,-48.61264133744094,-2.2574326951837103,-6.895702490876959,4.286984774346754
28.588274240493774,-0.175171,2.28095,0.456175,0.582343,0.120155,-0.46888,0.138452,0.410347,0.555761,0.30893,0.661581,0.494315,-0.471726,-0.00149241,0.350735,0.168436,0.654358,0.258126,0.524354,-0.479834,38.67126888007267,8.673097863640251,-48.61264133744094,-2.2574326951837103,-6.895702490876959,4.286984774346754
28.620739459991455,-0.459248,2.08513,0.243108,0.59385,0.139229,-0.558794,0.138488,0.410306,0.555576,0.308611,0.6608,0.494225,-0.473122,-0.00536515,0.34685,0.168662,0.657184,0.248015,0.527348,-0.478019,39.16009394928541,8.631088561348488,-49.714337803550336,-2.386390738557769,-6.512671701702146,4.183211874727669
28.621681451797485,-0.459248,2.08513,0.243108,0.59385,0.139229,-0.558794,0.138488,0.410306,0.555576,0.308611,0.6608,0.494225,-0.473122,-0.00536515,0.34685,0.168662,0.657184,0.248015,0.527348,-0.478019,39.16009394928541,8.631088561348488,-49.714337803550336,-2.386390738557769,-6.512671701702146,4.183211874727669
28.637067556381226,0.389347,1.62707,0.23514,0.525746,-0.0384313,-0.675124,0.138416,0.410312,0.555542,0.308552,0.660764,0.494665,-0.472751,-0.00728849,0.345224,0.168853,0.657301,0.243117,0.529403,-0.478103,39.50604762777608,8.345330618068576,-49.93845392541854,-2.693468589947999,-6.461043901457451,4.145597538794255
28.638017416000366,0.389347,1.62707,0.23514,0.525746,-0.0384313,-0.675124,0.138416,0.410312,0.555542,0.308552,0.660764,0.494665,-0.472751,-0.00728849,0.345224,0.168853,0.657301,0.243117,0.529403,-0.478103,39.50604762777608,8.345330618068576,-49.93845392541854,-2.693468589947999,-6.461043901457451,4.145597538794255
28.654780864715576,-0.0464592,1.08184,0.379906,0.453229,-0.0518552,-0.806494,0.138347,0.410368,0.555516,0.308789,0.660801,0.494251,-0.472976,-0.00819312,0.344292,0.168729,0.660781,0.242251,0.528433,-0.474807,39.42642770052933,8.786172689914666,-50.66296305973877,-2.952466615574905,-7.573970669657936,3.8052690559613604
28.655735731124878,-0.0464592,1.08184,0.379906,0.453229,-0.0518552,-0.806494,0.138347,0.410368,0.555516,0.308789,0.660801,0.494251,-0.472976,-0.00819312,0.344292,0.168729,0.660781,0.242251,0.528433,-0.474807,39.42642770052933,8.786172689914666,-50.66296305973877,-2.952466615574905,-7.573970669657936,3.8052690559613604
28.670888423919678,0.535679,1.07143,0.320741,0.416701,-0.122396,-0.771435,0.138198,0.41042,0.555451,0.309266,0.660364,0.49441,-0.473109,-0.0098639,0.342871,0.16878,0.658028,0.237181,0.529815,-0.479626,39.97033011716968,8.127983798756759,-50.16488813637426,-2.554496446178381,-7.218636781917093,4.056244423598473
28.671849966049194,0.535679,1.07143,0.320741,0.416701,-0.122396,-0.771435,0.138198,0.41042,0.555451,0.309266,0.660364,0.49441,-0.473109,-0.0098639,0.342871,0.16878,0.658028,0.237181,0.529815,-0.479626,39.97033011716968,8.127983798756759,-50.16488813637426,-2.554496446178381,-7.218636781917093,4.056244423598473
28.68718647956848,0.0493088,1.459,0.222687,0.436888,-0.0167313,-0.600862,0.138268,0.410459,0.55533,0.308377,0.660378,0.494687,-0.473381,-0.0112168,0.340796,0.168754,0.658022,0.234942,0.530424,-0.480062,40.20696401180226,8.100879145725703,-50.343581477196636,-4.165518031686434,-7.247669935244616,4.388419143348013
28.688138484954834,0.0493088,1.459,0.222687,0.436888,-0.0167313,-0.600862,0.138268,0.410459,0.55533,0.308377,0.660378,0.494687,-0.473381,-0.0112168,0.340796,0.168754,0.658022,0.234942,0.530424,-0.480062,40.20696401180226,8.100879145725703,-50.343581477196636,-4.165518031686434,-7.247669935244616,4.388419143348013
28.720487117767334,-0.738344,-0.438522,-0.363307,0.219005,0.278067,-0.675858,0.138472,0.410287,0.555107,0.309778,0.660185,0.494152,-0.473294,-0.0116,0.338973,0.168539,0.657787,0.231947,0.528794,-0.483626,40.62391664874066,7.843579030437498,-50.05809893338382,-3.9153022079096695,-8.101865088329042,4.014750973773501
28.721453428268433,-0.738344,-0.438522,-0.363307,0.219005,0.278067,-0.675858,0.138472,0.410287,0.555107,0.309778,0.660185,0.494152,-0.473294,-0.0116,0.338973,0.168539,0.657787,0.231947,0.528794,-0.483626,40.62391664874066,7.843579030437498,-50.05809893338382,-3.9153022079096695,-8.101865088329042,4.014750973773501
28.73714256286621,0.263056,-0.142988,-0.27487,0.194458,0.277844,-0.381445,0.138713,0.41017,0.555143,0.309369,0.661092,0.492856,-0.473647,-0.010993,0.337836,0.168108,0.65376,0.2294,0.526803,-0.492394,41.38108994866261,7.232038938730258,-49.19375116117785,-3.647862401350097,-7.075406078343608,4.1588185618003894
28.738094091415405,0.263056,-0.142988,-0.27487,0.194458,0.277844,-0.381445,0.138713,0.41017,0.555143,0.309369,0.661092,0.492856,-0.473647,-0.010993,0.337836,0.168108,0.65376,0.2294,0.526803,-0.492394,41.38108994866261,7.232038938730258,-49.19375116117785,-3.647862401350097,-7.075406078343608,4.1588185618003894
28.753968000411987,-0.283395,-0.402981,0.369559,0.14389,0.206243,-0.34479,0.138611,0.410228,0.555213,0.308707,0.660739,0.494067,-0.473308,-0.0106204,0.337533,0.167787,0.654137,0.229854,0.526465,-0.492043,41.46322019784176,7.363340920610471,-49.18940070601116,-4.328380111468417,-6.772253640012164,4.4025565108147
28.75491976737976,-0.283395,-0.402981,0.369559,0.14389,0.206243,-0.34479,0.138611,0.410228,0.555213,0.308707,0.660739,0.494067,-0.473308,-0.0106204,0.337533,0.167787,0.654137,0.229854,0.526465,-0.492043,41.46322019784176,7.363340920610471,-49.18940070601116,-4.328380111468417,-6.772253640012164,4.4025565108147
28.770514726638794,-0.967359,-1.424,0.937078,0.00358772,0.223265,-0.425612,0.138736,0.410137,0.55546,0.308409,0.661191,0.494031,-0.472909,-0.00956943,0.336917,0.167236,0.653252,0.228626,0.521191,-0.499352,42.33238197482605,7.269255551104727,-48.56099855171605,-3.699544183612549,-7.4615602835789945,3.3669038709846273
28.771467208862305,-0.967359,-1.424,0.937078,0.00358772,0.223265,-0.425612,0.138736,0.410137,0.55546,0.308409,0.661191,0.494031,-0.472909,-0.00956943,0.336917,0.167236,0.653252,0.228626,0.521191,-0.499352,42.33238197482605,7.269255551104727,-48.56099855171605,-3.699544183612549,-7.4615602835789945,3.3669038709846273
28.78730583190918,-1.5435,-0.540392,0.873427,0.102142,0.39014,-0.186482,0.13886,0.410082,0.555646,0.308144,0.661215,0.493638,-0.473458,-0.00645955,0.336711,0.165899,0.647396,0.233132,0.514371,-0.51181,42.935338355319956,6.87988915495479,-46.65617388353989,-4.023260158938536,-7.116069327551296,4.0950059277665956
28.788257837295532,-1.5435,-0.540392,0.873427,0.102142,0.39014,-0.186482,0.13886,0.410082,0.555646,0.308144,0.661215,0.493638,-0.473458,-0.00645955,0.336711,0.165899,0.647396,0.233132,0.514371,-0.51181,42.935338355319956,6.87988915495479,-46.65617388353989,-4.023260158938536,-7.116069327551296,4.0950059277665956
28.834277153015137,-1.15806,-0.00918508,0.366187,0.16433,0.438611,-0.0457424,0.138929,0.410066,0.555819,0.307703,0.661736,0.49345,-0.473213,-0.000392115,0.33637,0.163712,0.64746,0.241142,0.500908,-0.521284,43.64154539714203,7.5371905022961325,-45.51636058429257,-4.531106365394756,-7.829333881884536,3.340114941699041
28.836581468582153,-1.15806,-0.00918508,0.366187,0.16433,0.438611,-0.0457424,0.138929,0.410066,0.555819,0.307703,0.661736,0.49345,-0.473213,-0.000392115,0.33637,0.163712,0.64746,0.241142,0.500908,-0.521284,43.64154539714203,7.5371905022961325,-45.51636058429257,-4.531106365394756,-7.829333881884536,3.340114941699041
28.85507607460022,-1.56762,0.564388,-0.284772,0.207725,0.655109,0.0741001,0.138838,0.41015,0.555999,0.306168,0.661291,0.494808,-0.473414,0.00414659,0.335822,0.161627,0.643679,0.250165,0.488058,-0.533754,44.43795050449009,7.88267736962346,-43.595034217008596,-6.065271748813747,-9.133238404319998,3.4810347641042867
28.856194257736206,-1.56762,0.564388,-0.284772,0.207725,0.655109,0.0741001,0.138838,0.41015,0.555999,0.306168,0.661291,0.494808,-0.473414,0.00414659,0.335822,0.161627,0.643679,0.250165,0.488058,-0.533754,44.43795050449009,7.88267736962346,-43.595034217008596,-6.065271748813747,-9.133238404319998,3.4810347641042867
28.88778805732727,-0.987129,-0.0290568,-0.411628,0.0914776,0.628148,-0.062607,0.138782,0.410188,0.555997,0.306775,0.661328,0.494516,-0.473275,0.0125836,0.334456,0.157881,0.640761,0.259089,0.466999,-0.551552,45.85481632969079,8.267071316204971,-41.20081942684922,-5.15569074934298,-10.327276625410278,2.7805104031852363
28.888798475265503,-0.987129,-0.0290568,-0.411628,0.0914776,0.628148,-0.062607,0.138782,0.410188,0.555997,0.306775,0.661328,0.494516,-0.473275,0.0125836,0.334456,0.157881,0.640761,0.259089,0.466999,-0.551552,45.85481632969079,8.267071316204971,-41.20081942684922,-5.15569074934298,-10.327276625410278,2.7805104031852363
28.90401792526245,-0.808613,0.117581,-0.519362,0.106365,0.629574,-0.0460717,0.138838,0.410166,0.556004,0.306255,0.661528,0.494261,-0.473598,0.0139798,0.333965,0.157198,0.639232,0.260868,0.463535,-0.555397,46.11070145122454,8.274880671228651,-40.69521767435437,-5.403008781597635,-10.14482556956449,3.025582305251264
28.90496277809143,-0.808613,0.117581,-0.519362,0.106365,0.629574,-0.0460717,0.138838,0.410166,0.556004,0.306255,0.661528,0.494261,-0.473598,0.0139798,0.333965,0.157198,0.639232,0.260868,0.463535,-0.555397,46.11070145122454,8.274880671228651,-40.69521767435437,-5.403008781597635,-10.14482556956449,3.025582305251264
28.920738697052002,-1.46384,-0.0551946,-0.325194,0.0699688,0.688379,-0.125359,0.138959,0.410086,0.556112,0.306022,0.662517,0.494507,-0.472107,0.0158613,0.332697,0.155842,0.637419,0.263572,0.45948,-0.559558,46.49182589605644,8.124876666854375,-39.92167530782429,-6.809454763204896,-10.59772274818226,3.9747204160684197
28.92168378829956,-1.46384,-0.0551946,-0.325194,0.0699688,0.688379,-0.125359,0.138959,0.410086,0.556112,0.306022,0.662517,0.494507,-0.472107,0.0158613,0.332697,0.155842,0.637419,0.263572,0.45948,-0.559558,46.49182589605644,8.124876666854375,-39.92167530782429,-6.809454763204896,-10.59772274818226,3.9747204160684197
28.937208890914917,-1.21068,-0.141393,-0.143153,0.0490992,0.651185,-0.148838,0.139011,0.410051,0.555994,0.306408,0.661668,0.49441,-0.473147,0.0157523,0.330127,0.154799,0.641368,0.259263,0.458275,-0.558045,46.7806244944184,8.51346785347691,-40.77601481766886,-6.382238770574031,-9.823324653094325,4.477637316308031
28.938154220581055,-1.21068,-0.141393,-0.143153,0.0490992,0.651185,-0.148838,0.139011,0.410051,0.555994,0.306408,0.661668,0.49441,-0.473147,0.0157523,0.330127,0.154799,0.641368,0.259263,0.458275,-0.558045,46.7806244944184,8.51346785347691,-40.77601481766886,-6.382238770574031,-9.823324653094325,4.477637316308031
28.953960180282593,-1.11651,-0.194767,-0.220047,0.0443742,0.659839,-0.162062,0.139052,0.410045,0.555872,0.307464,0.662042,0.493008,-0.473401,0.0149385,0.329017,0.154872,0.647115,0.25318,0.458484,-0.554016,47.001147345780225,8.886487748774247,-42.20560926530211,-4.810073542412062,-9.69599054356841,3.2286856281795635
28.95490598678589,-1.11651,-0.194767,-0.220047,0.0443742,0.659839,-0.162062,0.139052,0.410045,0.555872,0.307464,0.662042,0.493008,-0.473401,0.0149385,0.329017,0.154872,0.647115,0.25318,0.458484,-0.554016,47.001147345780225,8.886487748774247,-42.20560926530211,-4.810073542412062,-9.69599054356841,3.2286856281795635
28.98893427848816,-1.59958,0.638599,-0.29875,0.213249,0.71428,-0.152969,0.138944,0.410073,0.555953,0.306342,0.661455,0.494331,-0.473569,0.0106226,0.323649,0.154346,0.658457,0.242009,0.463804,-0.541066,47.19012677520167,9.90342786750366,-45.419245490747464,-6.835118401874457,-9.179155157722777,4.389171100203065
28.989900588989258,-1.59958,0.638599,-0.29875,0.213249,0.71428,-0.152969,0.138944,0.410073,0.555953,0.306342,0.661455,0.494331,-0.473569,0.0106226,0.323649,0.154346,0.658457,0.242009,0.463804,-0.541066,47.19012677520167,9.90342786750366,-45.419245490747464,-6.835118401874457,-9.179155157722777,4.389171100203065
29.003612279891968,-0.323493,0.896755,-0.299785,0.232812,0.574837,-0.121126,0.138891,0.410129,0.555978,0.306023,0.661437,0.49468,-0.473437,0.010473,0.322904,0.154022,0.660225,0.240126,0.463583,-0.539938,47.373081665221704,10.074262109763886,-45.86136822645663,-6.869373045144112,-8.923782091286212,4.4025171135280825
29.004571199417114,-0.323493,0.896755,-0.299785,0.232812,0.574837,-0.121126,0.138891,0.410129,0.555978,0.306023,0.661437,0.49468,-0.473437,0.010473,0.322904,0.154022,0.660225,0.240126,0.463583,-0.539938,47.373081665221704,10.074262109763886,-45.86136822645663,-6.869373045144112,-8.923782091286212,4.4025171135280825
29.020535945892334,-0.424936,0.689858,-0.583379,0.266133,0.637826,-0.264706,0.13882,0.410164,0.555882,0.308525,0.661503,0.493789,-0.472651,0.00884461,0.320224,0.154132,0.662918,0.233974,0.465178,-0.537964,47.52961189915006,9.84610497841426,-46.42351895894721,-6.805221747421362,-9.463154517865712,4.428571707093596
29.02148675918579,-0.424936,0.689858,-0.583379,0.266133,0.637826,-0.264706,0.13882,0.410164,0.555882,0.308525,0.661503,0.493789,-0.472651,0.00884461,0.320224,0.154132,0.662918,0.233974,0.465178,-0.537964,47.52961189915006,9.84610497841426,-46.42351895894721,-6.805221747421362,-9.463154517865712,4.428571707093596
29.037065267562866,-0.415901,1.39741,-0.937993,0.408389,0.704264,-0.253119,0.138804,0.410166,0.555876,0.308664,0.661407,0.493869,-0.47261,0.00707545,0.318407,0.154446,0.66687,0.227579,0.467525,-0.533772,47.723061670097856,10.035126990394303,-47.623692436520116,-6.6403742983084975,-9.124621861069032,4.044926948788148
29.038007974624634,-0.415901,1.39741,-0.937993,0.408389,0.704264,-0.253119,0.138804,0.410166,0.555876,0.308664,0.661407,0.493869,-0.47261,0.00707545,0.318407,0.154446,0.66687,0.227579,0.467525,-0.533772,47.723061670097856,10.035126990394303,-47.623692436520116,-6.6403742983084975,-9.124621861069032,4.044926948788148
29.0612633228302,0.0913963,1.99534,-0.941071,0.478353,0.637168,-0.195617,0.138791,0.410176,0.555929,0.308057,0.661353,0.494223,-0.472712,0.00652773,0.317659,0.154525,0.669636,0.228356,0.467655,-0.529849,47.530828630994534,10.521317641999163,-48.33613573721067,-7.86550997612979,-9.78213986077967,4.208813685116282
29.063146114349365,0.0913963,1.99534,-0.941071,0.478353,0.637168,-0.195617,0.138791,0.410176,0.555929,0.308057,0.661353,0.494223,-0.472712,0.00652773,0.317659,0.154525,0.669636,0.228356,0.467655,-0.529849,47.530828630994534,10.521317641999163,-48.33613573721067,-7.86550997612979,-9.78213986077967,4.208813685116282
29.08057928085327,0.013586,1.01893,-1.19111,0.349472,0.644789,-0.477821,0.138806,0.410261,0.556011,0.307951,0.661644,0.494084,-0.47252,0.00426226,0.315525,0.15502,0.670979,0.220533,0.471007,-0.528493,47.91999514115933,10.264440769973545,-49.08404035089691,-7.920245068409133,-8.884775547448276,4.209021761417762
29.081604480743408,0.013586,1.01893,-1.19111,0.349472,0.644789,-0.477821,0.138806,0.410261,0.556011,0.307951,0.661644,0.494084,-0.47252,0.00426226,0.315525,0.15502,0.670979,0.220533,0.471007,-0.528493,47.91999514115933,10.264440769973545,-49.08404035089691,-7.920245068409133,-8.884775547448276,4.209021761417762
29.09605360031128,0.591391,1.61957,-1.30664,0.433241,0.588482,-0.343253,0.138776,0.410242,0.556011,0.307579,0.660989,0.494993,-0.472726,0.00343293,0.314898,0.155436,0.672568,0.217486,0.472531,-0.526371,48.01669870977216,10.384303513846987,-49.60309706416354,-7.8278551592078385,-8.440759064373669,3.849124871628688
29.09699821472168,0.591391,1.61957,-1.30664,0.433241,0.588482,-0.343253,0.138776,0.410242,0.556011,0.307579,0.660989,0.494993,-0.472726,0.00343293,0.314898,0.155436,0.672568,0.217486,0.472531,-0.526371,48.01669870977216,10.384303513846987,-49.60309706416354,-7.8278551592078385,-8.440759064373669,3.849124871628688
29.120677709579468,0.729424,0.651974,-0.79262,0.29239,0.445196,-0.47803,0.138882,0.410173,0.555992,0.306558,0.661048,0.494976,-0.473324,0.000180709,0.312619,0.156132,0.669839,0.212148,0.473879,-0.530799,48.60970677954191,9.85366785166564,-49.32952313495486,-8.769461652970604,-8.886494366414368,3.9747796410530154
29.12163805961609,0.729424,0.651974,-0.79262,0.29239,0.445196,-0.47803,0.138882,0.410173,0.555992,0.306558,0.661048,0.494976,-0.473324,0.000180709,0.312619,0.156132,0.669839,0.212148,0.473879,-0.530799,48.60970677954191,9.85366785166564,-49.32952313495486,-8.769461652970604,-8.886494366414368,3.9747796410530154
29.137165784835815,3.19567,-1.02227,-0.555731,0.104038,0.161671,-0.686918,0.138907,0.410148,0.555888,0.308509,0.661123,0.494367,-0.472589,-0.000566027,0.312178,0.156392,0.668229,0.20718,0.475278,-0.533533,48.932486950793084,9.159069042902695,-48.897217088938675,-7.224370674502368,-8.683376793046142,3.5419799348151693
29.13811731338501,3.19567,-1.02227,-0.555731,0.104038,0.161671,-0.686918,0.138907,0.410148,0.555888,0.308509,0.661123,0.494367,-0.472589,-0.000566027,0.312178,0.156392,0.668229,0.20718,0.475278,-0.533533,48.932486950793084,9.159069042902695,-48.897217088938675,-7.224370674502368,-8.683376793046142,3.5419799348151693
29.15085792541504,3.19567,-1.02227,-0.555731,0.104038,0.161671,-0.686918,0.138907,0.410148,0.555888,0.308509,0.661123,0.494367,-0.472589,-0.000566027,0.312178,0.156392,0.668229,0.20718,0.475278,-0.533533,48.932486950793084,9.159069042902695,-48.897217088938675,-7.224370674502368,-8.683376793046142,3.5419799348151693
29.174892902374268,1.53411,-1.77752,0.0291312,0.0104582,0.246343,-0.752363,0.138896,0.410067,0.555671,0.309107,0.661072,0.493734,-0.47293,-0.00235139,0.310011,0.156904,0.667888,0.201373,0.474605,-0.536772,49.51789835226075,8.84274049786663,-48.90163034883639,-6.917028404785413,-9.139442342537325,2.7556249146394816
29.175840854644775,1.53411,-1.77752,0.0291312,0.0104582,0.246343,-0.752363,0.138896,0.410067,0.555671,0.309107,0.661072,0.493734,-0.47293,-0.00235139,0.310011,0.156904,0.667888,0.201373,0.474605,-0.536772,49.51789835226075,8.84274049786663,-48.90163034883639,-6.917028404785413,-9.139442342537325,2.7556249146394816
29.204256772994995,0.397579,-0.656991,-0.783695,0.0930944,0.599658,-0.35854,0.139033,0.40996,0.555725,0.309138,0.661128,0.493502,-0.473074,-0.00193736,0.308226,0.156711,0.665823,0.199154,0.472451,-0.54204,50.06574185783463,8.494816809095905,-48.3192037143367,-7.135816111273287,-8.562156640581234,2.981776906417069
29.205216884613037,0.397579,-0.656991,-0.783695,0.0930944,0.599658,-0.35854,0.139033,0.40996,0.555725,0.309138,0.661128,0.493502,-0.473074,-0.00193736,0.308226,0.156711,0.665823,0.199154,0.472451,-0.54204,50.06574185783463,8.494816809095905,-48.3192037143367,-7.135816111273287,-8.562156640581234,2.981776906417069
29.2206609249115,0.575436,-0.716181,-0.557529,0.0465365,0.544046,-0.242865,0.13894,0.410019,0.555767,0.308493,0.661263,0.493353,-0.473462,-0.00101197,0.306973,0.156016,0.663244,0.199434,0.466409,-0.550269,50.835922555995666,8.316370983257249,-47.38747080155478,-7.3419075868947274,-8.848207236445827,2.8336418683246913
29.22161364555359,0.575436,-0.716181,-0.557529,0.0465365,0.544046,-0.242865,0.13894,0.410019,0.555767,0.308493,0.661263,0.493353,-0.473462,-0.00101197,0.306973,0.156016,0.663244,0.199434,0.466409,-0.550269,50.835922555995666,8.316370983257249,-47.38747080155478,-7.3419075868947274,-8.848207236445827,2.8336418683246913
29.237109899520874,-0.860582,-0.663607,-0.257726,0.0340764,0.726782,-0.172578,0.138816,0.410101,0.555777,0.308783,0.661179,0.493604,-0.473128,0.000225435,0.306136,0.155501,0.66071,0.200051,0.465094,-0.554192,51.04674144383507,7.956293957718631,-46.55086725254321,-7.9138704436124705,-7.858442416534188,3.6780550420401332
29.2380588054657,-0.860582,-0.663607,-0.257726,0.0340764,0.726782,-0.172578,0.138816,0.410101,0.555777,0.308783,0.661179,0.493604,-0.473128,0.000225435,0.306136,0.155501,0.66071,0.200051,0.465094,-0.554192,51.04674144383507,7.956293957718631,-46.55086725254321,-7.9138704436124705,-7.858442416534188,3.6780550420401332
29.254349946975708,-1.10956,0.0763924,-0.302254,0.124117,0.744468,-0.0174878,0.138802,0.410072,0.55574,0.309147,0.660941,0.493684,-0.473139,0.00117948,0.305974,0.15526,0.657953,0.201373,0.462891,-0.558818,51.24294059738338,7.634664080354585,-45.601466445655845,-7.937965368904013,-7.7455641458514135,3.8214386055870713
29.255300283432007,-1.10956,0.0763924,-0.302254,0.124117,0.744468,-0.0174878,0.138802,0.410072,0.55574,0.309147,0.660941,0.493684,-0.473139,0.00117948,0.305974,0.15526,0.657953,0.201373,0.462891,-0.558818,51.24294059738338,7.634664080354585,-45.601466445655845,-7.937965368904013,-7.7455641458514135,3.8214386055870713
29.287347555160522,-1.04579,-0.319828,-1.04346,0.0354579,0.887644,-0.0912147,0.139011,0.410051,0.556207,0.305965,0.662441,0.494451,-0.472309,0.006043,0.304883,0.153302,0.645867,0.214346,0.447927,-0.579891,52.3700859028962,6.91926908565828,-41.64237880401185,-11.7999985355343,-8.953987781625566,5.506294936651466
29.288307189941406,-1.04579,-0.319828,-1.04346,0.0354579,0.887644,-0.0912147,0.139011,0.410051,0.556207,0.305965,0.662441,0.494451,-0.472309,0.006043,0.304883,0.153302,0.645867,0.214346,0.447927,-0.579891,52.3700859028962,6.91926908565828,-41.64237880401185,-11.7999985355343,-8.953987781625566,5.506294936651466
29.30401635169983,-0.286901,0.183221,-1.22791,0.065523,0.853816,0.0326387,0.13902,0.41006,0.556246,0.306388,0.662432,0.494213,-0.472297,0.00677051,0.304522,0.152983,0.64663,0.21267,0.443135,-0.583329,52.950232615946014,6.979181743654056,-41.51502597244926,-10.415622581363483,-9.68660516873441,4.2363573544580095
29.304972410202026,-0.286901,0.183221,-1.22791,0.065523,0.853816,0.0326387,0.13902,0.41006,0.556246,0.306388,0.662432,0.494213,-0.472297,0.00677051,0.304522,0.152983,0.64663,0.21267,0.443135,-0.583329,52.950232615946014,6.979181743654056,-41.51502597244926,-10.415622581363483,-9.68660516873441,4.2363573544580095
29.32092547416687,-0.589306,-0.847838,-0.992901,-0.115211,0.83899,-0.202545,0.138975,0.410101,0.556296,0.30717,0.66195,0.494425,-0.472242,0.00864317,0.303393,0.152136,0.644791,0.213025,0.438372,-0.588808,53.396533372959965,6.743541851055491,-40.563567301915555,-9.983995888154809,-9.406010201844762,4.450233092339529
29.321884155273438,-0.589306,-0.847838,-0.992901,-0.115211,0.83899,-0.202545,0.138975,0.410101,0.556296,0.30717,0.66195,0.494425,-0.472242,0.00864317,0.303393,0.152136,0.644791,0.213025,0.438372,-0.588808,53.396533372959965,6.743541851055491,-40.563567301915555,-9.983995888154809,-9.406010201844762,4.450233092339529
29.337128162384033,-0.442764,-0.654673,-0.388597,-0.0994398,0.703807,-0.211218,0.139066,0.410015,0.556237,0.306447,0.662494,0.493999,-0.472395,0.00917273,0.302273,0.151666,0.64577,0.213802,0.435417,-0.589646,53.62432846564025,7.022516856741659,-40.808193268391044,-10.689741821742864,-9.8085543572389,4.520236093926519
29.338082313537598,-0.442764,-0.654673,-0.388597,-0.0994398,0.703807,-0.211218,0.139066,0.410015,0.556237,0.306447,0.662494,0.493999,-0.472395,0.00917273,0.302273,0.151666,0.64577,0.213802,0.435417,-0.589646,53.62432846564025,7.022516856741659,-40.808193268391044,-10.689741821742864,-9.8085543572389,4.520236093926519
29.370933055877686,-1.83305,0.122992,-0.138454,0.0481205,0.820466,-0.199729,0.139167,0.409966,0.555931,0.307059,0.661866,0.493741,-0.473147,0.00655894,0.299704,0.152082,0.65001,0.205607,0.44014,-0.584371,53.67682860377879,7.187006869006459,-42.31016670035096,-10.58750664676925,-8.963970251878996,4.742910353371201
29.37189269065857,-1.83305,0.122992,-0.138454,0.0481205,0.820466,-0.199729,0.139167,0.409966,0.555931,0.307059,0.661866,0.493741,-0.473147,0.00655894,0.299704,0.152082,0.65001,0.205607,0.44014,-0.584371,53.67682860377879,7.187006869006459,-42.31016670035096,-10.58750664676925,-8.963970251878996,4.742910353371201
29.387038469314575,1.06325,-1.04955,-0.517908,0.0711685,0.528612,-0.535401,0.13909,0.410019,0.555793,0.308447,0.662133,0.492689,-0.472967,0.00239597,0.297977,0.153911,0.659952,0.191705,0.448256,-0.571646,53.688569918252384,7.7331121590260565,-45.63945436575827,-8.968610197039618,-8.5134370248927,2.7436542686082257
29.387975692749023,1.06325,-1.04955,-0.517908,0.0711685,0.528612,-0.535401,0.13909,0.410019,0.555793,0.308447,0.662133,0.492689,-0.472967,0.00239597,0.297977,0.153911,0.659952,0.191705,0.448256,-0.571646,53.688569918252384,7.7331121590260565,-45.63945436575827,-8.968610197039618,-8.5134370248927,2.7436542686082257
29.404409885406494,1.3982,1.5468,-0.547189,0.399404,0.56493,-0.116853,0.139029,0.410013,0.555797,0.308594,0.661554,0.493539,-0.472796,0.000560232,0.296991,0.154509,0.66388,0.189474,0.453455,-0.563686,53.21787475920811,8.101522918726399,-46.9185940063611,-10.064634704155317,-8.577046044723659,3.364857036988493
29.40536093711853,1.3982,1.5468,-0.547189,0.399404,0.56493,-0.116853,0.139029,0.410013,0.555797,0.308594,0.661554,0.493539,-0.472796,0.000560232,0.296991,0.154509,0.66388,0.189474,0.453455,-0.563686,53.21787475920811,8.101522918726399,-46.9185940063611,-10.064634704155317,-8.577046044723659,3.364857036988493
29.421072006225586,0.302071,-0.368946,-0.694249,0.132882,0.689438,-0.684078,0.138932,0.410092,0.555869,0.307759,0.6616,0.493904,-0.472894,-0.0023022,0.295112,0.15544,0.669254,0.179426,0.459128,-0.555974,53.433067683355034,8.443527485612973,-49.07302462929584,-9.69054677303052,-7.226289324118697,2.8838953052510456
29.422025203704834,0.302071,-0.368946,-0.694249,0.132882,0.689438,-0.684078,0.138932,0.410092,0.555869,0.307759,0.6616,0.493904,-0.472894,-0.0023022,0.295112,0.15544,0.669254,0.179426,0.459128,-0.555974,53.433067683355034,8.443527485612973,-49.07302462929584,-9.69054677303052,-7.226289324118697,2.8838953052510456
29.437163829803467,0.304583,0.734944,-0.286348,0.275293,0.565668,-0.514775,0.13883,0.41015,0.555887,0.308544,0.661404,0.493866,-0.472696,-0.00367727,0.294478,0.156017,0.669795,0.183903,0.46122,-0.552115,52.68822088150141,8.597846954342652,-49.075262705093245,-12.295747258724125,-9.170277408261843,4.050185112475093
29.438135623931885,0.304583,0.734944,-0.286348,0.275293,0.565668,-0.514775,0.13883,0.41015,0.555887,0.308544,0.661404,0.493866,-0.472696,-0.00367727,0.294478,0.156017,0.669795,0.183903,0.46122,-0.552115,52.68822088150141,8.597846954342652,-49.075262705093245,-12.295747258724125,-9.170277408261843,4.050185112475093
29.454460859298706,-0.390774,0.879856,-0.620699,0.31491,0.665509,-0.518711,0.138789,0.410216,0.555961,0.307197,0.661515,0.493851,-0.473434,-0.00471819,0.293905,0.156418,0.668766,0.179851,0.461684,-0.554305,53.14676211866662,8.443339424118683,-49.202382094536226,-11.911722989693947,-8.088188509073433,3.7682395152575463
29.455422163009644,-0.390774,0.879856,-0.620699,0.31491,0.665509,-0.518711,0.138789,0.410216,0.555961,0.307197,0.661515,0.493851,-0.473434,-0.00471819,0.293905,0.156418,0.668766,0.179851,0.461684,-0.554305,53.14676211866662,8.443339424118683,-49.202382094536226,-11.911722989693947,-8.088188509073433,3.7682395152575463
29.487488746643066,1.34258,1.35103,-0.551093,0.374641,0.454279,-0.549546,0.13867,0.410362,0.55597,0.306834,0.660673,0.495642,-0.472973,-0.0104913,0.291489,0.158654,0.668571,0.164703,0.470565,-0.551774,53.82513328504883,7.689064434125107,-49.9925420675478,-11.409191750836445,-7.110667517230163,3.2114906545260946
29.48845601081848,1.34258,1.35103,-0.551093,0.374641,0.454279,-0.549546,0.13867,0.410362,0.55597,0.306834,0.660673,0.495642,-0.472973,-0.0104913,0.291489,0.158654,0.668571,0.164703,0.470565,-0.551774,53.82513328504883,7.689064434125107,-49.9925420675478,-11.409191750836445,-7.110667517230163,3.2114906545260946
29.519578456878662,0.10391,0.113549,-0.796902,0.20705,0.650647,-0.8571,0.138722,0.410309,0.555909,0.308467,0.660821,0.494713,-0.472676,-0.0115715,0.290956,0.158988,0.668122,0.164233,0.470052,-0.552894,53.805698207618,7.462206926709737,-49.68853132639367,-11.305936052918138,-8.804932320593698,3.0108932866680953
29.522034645080566,0.10391,0.113549,-0.796902,0.20705,0.650647,-0.8571,0.138722,0.410309,0.555909,0.308467,0.660821,0.494713,-0.472676,-0.0115715,0.290956,0.158988,0.668122,0.164233,0.470052,-0.552894,53.805698207618,7.462206926709737,-49.68853132639367,-11.305936052918138,-8.804932320593698,3.0108932866680953
29.541457176208496,2.52752,-1.48977,0.0103287,-0.00590059,0.278998,-1.06157,0.138874,0.410113,0.555661,0.308722,0.660667,0.494122,-0.473342,-0.0161462,0.288255,0.160335,0.668978,0.155976,0.474553,-0.550399,53.996854120126244,7.255586174426621,-50.54472999298719,-11.577491804855773,-9.764601037537972,3.001964319852628
29.54260492324829,2.52752,-1.48977,0.0103287,-0.00590059,0.278998,-1.06157,0.138874,0.410113,0.555661,0.308722,0.660667,0.494122,-0.473342,-0.0161462,0.288255,0.160335,0.668978,0.155976,0.474553,-0.550399,53.996854120126244,7.255586174426621,-50.54472999298719,-11.577491804855773,-9.764601037537972,3.001964319852628
29.570882320404053,-0.372858,-2.3251,-0.439307,-0.184996,0.767742,-1.08322,0.138685,0.41024,0.555629,0.307875,0.660927,0.494428,-0.473211,-0.0180078,0.286406,0.160587,0.66594,0.153948,0.474268,-0.554881,54.47742540670322,6.803284486038189,-49.85330365788324,-13.174221184499778,-10.112557736413542,3.8797063678141446
29.571826219558716,-0.372858,-2.3251,-0.439307,-0.184996,0.767742,-1.08322,0.138685,0.41024,0.555629,0.307875,0.660927,0.494428,-0.473211,-0.0180078,0.286406,0.160587,0.66594,0.153948,0.474268,-0.554881,54.47742540670322,6.803284486038189,-49.85330365788324,-13.174221184499778,-10.112557736413542,3.8797063678141446
29.587251901626587,1.74221,-1.41688,-1.037,-0.133325,0.588644,-0.686531,0.138726,0.41017,0.555674,0.308767,0.66048,0.494226,-0.473465,-0.0181321,0.285591,0.160535,0.666053,0.152414,0.473305,-0.55599,54.61268816074829,6.734549570675103,-49.75925143742274,-12.593955698301636,-10.382155760958737,3.8866831803424864
29.588225603103638,1.74221,-1.41688,-1.037,-0.133325,0.588644,-0.686531,0.138726,0.41017,0.555674,0.308767,0.66048,0.494226,-0.473465,-0.0181321,0.285591,0.160535,0.666053,0.152414,0.473305,-0.55599,54.61268816074829,6.734549570675103,-49.75925143742274,-12.593955698301636,-10.382155760958737,3.8866831803424864
29.603965044021606,-1.07936,-1.75198,-0.427536,-0.236412,0.807329,-0.714304,0.138882,0.410111,0.555662,0.308151,0.660905,0.493651,-0.473874,-0.0181525,0.285004,0.160479,0.665045,0.150304,0.470665,-0.559999,55.15052103692193,6.63347074446391,-49.57414977601982,-12.067552395725313,-10.3228665122485,3.3483092077097805
29.604909658432007,-1.07936,-1.75198,-0.427536,-0.236412,0.807329,-0.714304,0.138882,0.410111,0.555662,0.308151,0.660905,0.493651,-0.473874,-0.0181525,0.285004,0.160479,0.665045,0.150304,0.470665,-0.559999,55.15052103692193,6.63347074446391,-49.57414977601982,-12.067552395725313,-10.3228665122485,3.3483092077097805
29.620457649230957,-1.67635,-2.30127,-0.345517,-0.346307,0.869701,-0.666961,0.138903,0.410077,0.555632,0.307829,0.660848,0.49388,-0.473923,-0.0170459,0.28387,0.159646,0.664731,0.145969,0.468229,-0.563549,55.866102365821,6.5000990068363995,-49.502766873085285,-10.74564826842163,-8.71123970893672,3.221165022732949
29.62141513824463,-1.67635,-2.30127,-0.345517,-0.346307,0.869701,-0.666961,0.138903,0.410077,0.555632,0.307829,0.660848,0.49388,-0.473923,-0.0170459,0.28387,0.159646,0.664731,0.145969,0.468229,-0.563549,55.866102365821,6.5000990068363995,-49.502766873085285,-10.74564826842163,-8.71123970893672,3.221165022732949
29.653889417648315,-0.708391,-2.25064,0.497261,-0.391909,0.577032,-0.486699,0.138849,0.410094,0.55559,0.308245,0.660787,0.494178,-0.473426,-0.0152398,0.282647,0.158346,0.662469,0.1503,0.462327,-0.56991,56.1747790296327,6.330194599487353,-48.20351909502469,-12.005765098581762,-9.591680614698797,4.250390018788484
29.654853105545044,-0.708391,-2.25064,0.497261,-0.391909,0.577032,-0.486699,0.138849,0.410094,0.55559,0.308245,0.660787,0.494178,-0.473426,-0.0152398,0.282647,0.158346,0.662469,0.1503,0.462327,-0.56991,56.1747790296327,6.330194599487353,-48.20351909502469,-12.005765098581762,-9.591680614698797,4.250390018788484
29.670637607574463,-1.65615,-1.97867,0.601076,-0.374235,0.647464,-0.426611,0.139059,0.409988,0.55559,0.307454,0.661971,0.492125,-0.474426,-0.0120037,0.281393,0.156759,0.663022,0.15238,0.453066,-0.576119,56.83195022864,6.7575247676225105,-48.19887731589553,-11.538535689276566,-9.173627087348105,3.9222431670422964
29.671586275100708,-1.65615,-1.97867,0.601076,-0.374235,0.647464,-0.426611,0.139059,0.409988,0.55559,0.307454,0.661971,0.492125,-0.474426,-0.0120037,0.281393,0.156759,0.663022,0.15238,0.453066,-0.576119,56.83195022864,6.7575247676225105,-48.19887731589553,-11.538535689276566,-9.173627087348105,3.9222431670422964
29.68721842765808,-2.44313,-2.19159,0.669861,-0.395129,0.690535,-0.49912,0.139022,0.410016,0.555567,0.307709,0.662099,0.492352,-0.473846,-0.00950635,0.28079,0.155556,0.661465,0.15644,0.445049,-0.583028,57.35195919535367,6.715513282796546,-47.05105229193919,-11.928073345021325,-10.247216182609405,3.807918439533049
29.688185691833496,-2.44313,-2.19159,0.669861,-0.395129,0.690535,-0.49912,0.139022,0.410016,0.555567,0.307709,0.662099,0.492352,-0.473846,-0.00950635,0.28079,0.155556,0.661465,0.15644,0.445049,-0.583028,57.35195919535367,6.715513282796546,-47.05105229193919,-11.928073345021325,-10.247216182609405,3.807918439533049
29.703805208206177,-2.61506,-1.57336,0.746981,-0.302369,0.671365,-0.387651,0.138912,0.410017,0.555612,0.307962,0.661042,0.493728,-0.473725,-0.00822167,0.280418,0.15503,0.66177,0.155112,0.442321,-0.585109,57.7545467646129,6.709391265647459,-46.78078232388224,-10.938500147734157,-9.721620340793736,3.373342697039728
29.704775094985962,-2.61506,-1.57336,0.746981,-0.302369,0.671365,-0.387651,0.138912,0.410017,0.555612,0.307962,0.661042,0.493728,-0.473725,-0.00822167,0.280418,0.15503,0.66177,0.155112,0.442321,-0.585109,57.7545467646129,6.709391265647459,-46.78078232388224,-10.938500147734157,-9.721620340793736,3.373342697039728
29.720852851867676,-1.19659,-0.861974,0.6094,-0.173824,0.526367,-0.249079,0.13891,0.410042,0.555604,0.30751,0.661683,0.493322,-0.473548,-0.00461714,0.278844,0.153631,0.658155,0.157653,0.427707,-0.599203,59.14883176945847,6.483459879619169,-44.9653505945277,-10.640475803351567,-10.644429393257605,2.230046287920953
29.721794605255127,-1.19659,-0.861974,0.6094,-0.173824,0.526367,-0.249079,0.13891,0.410042,0.555604,0.30751,0.661683,0.493322,-0.473548,-0.00461714,0.278844,0.153631,0.658155,0.157653,0.427707,-0.599203,59.14883176945847,6.483459879619169,-44.9653505945277,-10.640475803351567,-10.644429393257605,2.230046287920953
29.75434136390686,-0.455757,0.14846,0.457237,-0.00887247,0.519464,-0.0687286,0.138948,0.409991,0.55563,0.308695,0.661232,0.493462,-0.47326,-0.00188017,0.2772,0.152637,0.662002,0.155671,0.424604,-0.597689,59.41531699586582,6.8831546111197985,-45.7726834914985,-9.667854230658563,-9.440019800004915,2.0924749368973528
29.755314350128174,-0.455757,0.14846,0.457237,-0.00887247,0.519464,-0.0687286,0.138948,0.409991,0.55563,0.308695,0.661232,0.493462,-0.47326,-0.00188017,0.2772,0.152637,0.662002,0.155671,0.424604,-0.597689,59.41531699586582,6.8831546111197985,-45.7726834914985,-9.667854230658563,-9.440019800004915,2.0924749368973528
29.77091383934021,-0.348716,-0.136849,-0.0582797,-0.00996395,0.630385,-0.158951,0.139045,0.409936,0.555631,0.308619,0.66147,0.493114,-0.47334,-0.00123209,0.276221,0.152062,0.658279,0.162596,0.424173,-0.600257,58.93418792040748,6.631337923116319,-44.48556188568215,-12.44981304128827,-9.82467760561237,4.708977314215719
29.77188539505005,-0.348716,-0.136849,-0.0582797,-0.00996395,0.630385,-0.158951,0.139045,0.409936,0.555631,0.308619,0.66147,0.493114,-0.47334,-0.00123209,0.276221,0.152062,0.658279,0.162596,0.424173,-0.600257,58.93418792040748,6.631337923116319,-44.48556188568215,-12.44981304128827,-9.82467760561237,4.708977314215719
29.787712812423706,-0.163248,0.0426052,0.0441406,0.0183962,0.605457,-0.134623,0.139219,0.40988,0.555704,0.308651,0.66211,0.49209,-0.47349,-0.000709014,0.274195,0.152261,0.667314,0.151819,0.421061,-0.595274,59.873775022057345,7.589382956132822,-47.580418720307776,-9.749934040159891,-9.07640538999594,1.8355279860874183
29.788671255111694,-0.163248,0.0426052,0.0441406,0.0183962,0.605457,-0.134623,0.139219,0.40988,0.555704,0.308651,0.66211,0.49209,-0.47349,-0.000709014,0.274195,0.152261,0.667314,0.151819,0.421061,-0.595274,59.873775022057345,7.589382956132822,-47.580418720307776,-9.749934040159891,-9.07640538999594,1.8355279860874183
29.811472415924072,-0.217033,0.0983374,0.0859759,0.0250959,0.603073,-0.134275,0.139239,0.409881,0.555706,0.308567,0.662032,0.492092,-0.473652,-0.00102729,0.273746,0.152292,0.666049,0.151918,0.421096,-0.596639,59.90432872265449,7.428725288074681,-47.2145286483053,-10.153691135838805,-9.045332832512475,2.3068132019477057
29.813361644744873,-0.217033,0.0983374,0.0859759,0.0250959,0.603073,-0.134275,0.139239,0.409881,0.555706,0.308567,0.662032,0.492092,-0.473652,-0.00102729,0.273746,0.152292,0.666049,0.151918,0.421096,-0.596639,59.90432872265449,7.428725288074681,-47.2145286483053,-10.153691135838805,-9.045332832512475,2.3068132019477057
29.830843210220337,-0.891041,0.473197,0.786479,0.0570482,0.536669,-0.0739914,0.139244,0.409933,0.555632,0.308207,0.662227,0.492441,-0.473251,-0.00218464,0.271584,0.152102,0.661866,0.153815,0.423073,-0.599402,59.76978716583872,6.858932129260982,-45.96469657791296,-13.183831209704389,-8.9582989295415,5.183541405548451
29.831865549087524,-0.891041,0.473197,0.786479,0.0570482,0.536669,-0.0739914,0.139244,0.409933,0.555632,0.308207,0.662227,0.492441,-0.473251,-0.00218464,0.271584,0.152102,0.661866,0.153815,0.423073,-0.599402,59.76978716583872,6.858932129260982,-45.96469657791296,-13.183831209704389,-8.9582989295415,5.183541405548451
