# Timestamp, Fx, Fy, Fz, Tx, Ty, Tz, FemurPosX, FemurPosY, FemurPosZ, FemurQuatW, FemurQuatX, FemurQuatY, FemurQuatZ, TibiaPosX, TibiaPosY, TibiaPosZ, TibiaQuatW, TibiaQuatX, TibiaQuatY, TibiaQuatZ, Flexion, Adduction, Rotation, Anterior_Posterior, Medial_Lateral, Proximal_Distal
0.04556083679199219,-5.44909,4.22511,0.805897,0.328771,0.355999,0.797541,0.036809,0.456105,0.328134,0.34394,0.649668,0.583225,-0.345667,0.046595,0.27868,-0.114633,0.725766,0.18233,0.209037,-0.629542,85.26010605772775,3.4443560629504195,-47.97365123072293,-17.700558429440257,-10.713715460689492,10.876529855064122
0.04654240608215332,-5.44909,4.22511,0.805897,0.328771,0.355999,0.797541,0.036809,0.456105,0.328134,0.34394,0.649668,0.583225,-0.345667,0.046595,0.27868,-0.114633,0.725766,0.18233,0.209037,-0.629542,85.26010605772775,3.4443560629504195,-47.97365123072293,-17.700558429440257,-10.713715460689492,10.876529855064122
0.08726191520690918,-5.43164,4.20056,0.799827,0.326155,0.355161,0.793239,0.0368091,0.456105,0.328134,0.343909,0.649663,0.583223,-0.345712,0.0465922,0.278683,-0.114634,0.725707,0.182382,0.209058,-0.629588,85.25443736047383,3.4428438173164264,-47.92056845259206,-17.712886168647845,-10.686060508120933,10.893943481372478
0.08824896812438965,-5.43164,4.20056,0.799827,0.326155,0.355161,0.793239,0.0368091,0.456105,0.328134,0.343909,0.649663,0.583223,-0.345712,0.0465922,0.278683,-0.114634,0.725707,0.182382,0.209058,-0.629588,85.25443736047383,3.4428438173164264,-47.92056845259206,-17.712886168647845,-10.686060508120933,10.893943481372478
0.12831783294677734,-5.51008,4.2232,0.813134,0.327939,0.360117,0.795878,0.0368355,0.456116,0.328144,0.343449,0.649904,0.582976,-0.346131,0.0465799,0.278711,-0.1146,0.725184,0.181887,0.209195,-0.630288,85.29252098175334,3.4124195123859273,-47.92235242066011,-17.670623535329433,-10.0318494678542,10.86951443752632
0.1292891502380371,-5.51008,4.2232,0.813134,0.327939,0.360117,0.795878,0.0368355,0.456116,0.328144,0.343449,0.649904,0.582976,-0.346131,0.0465799,0.278711,-0.1146,0.725184,0.181887,0.209195,-0.630288,85.29252098175334,3.4124195123859273,-47.92235242066011,-17.670623535329433,-10.0318494678542,10.86951443752632
0.17000365257263184,-5.44035,4.20666,0.806283,0.326691,0.354883,0.794272,0.0368338,0.456116,0.328146,0.343423,0.649918,0.583,-0.346089,0.0465804,0.27871,-0.114601,0.725201,0.181885,0.209223,-0.63026,85.29598988049453,3.412947356142702,-47.95071719715065,-17.701033473748563,-10.036267067506135,10.887821726480432
0.1709892749786377,-5.44035,4.20666,0.806283,0.326691,0.354883,0.794272,0.0368338,0.456116,0.328146,0.343423,0.649918,0.583,-0.346089,0.0465804,0.27871,-0.114601,0.725201,0.181885,0.209223,-0.63026,85.29598988049453,3.412947356142702,-47.95071719715065,-17.701033473748563,-10.036267067506135,10.887821726480432
0.21127581596374512,-5.43995,4.20039,0.799954,0.326138,0.356129,0.793274,0.0368341,0.456116,0.328145,0.343432,0.649929,0.582965,-0.346119,0.0465342,0.278702,-0.114617,0.724856,0.182601,0.208717,-0.630617,85.28797553648742,3.3968907468400196,-47.66495462032873,-17.71795758042785,-10.366799550233539,10.91040496628874
0.21225905418395996,-5.43995,4.20039,0.799954,0.326138,0.356129,0.793274,0.0368341,0.456116,0.328145,0.343432,0.649929,0.582965,-0.346119,0.0465342,0.278702,-0.114617,0.724856,0.182601,0.208717,-0.630617,85.28797553648742,3.3968907468400196,-47.66495462032873,-17.71795758042785,-10.366799550233539,10.91040496628874
0.2524869441986084,-5.44388,4.2118,0.819805,0.326473,0.352829,0.795327,0.0368099,0.456106,0.328135,0.343922,0.649645,0.583229,-0.34572,0.0465778,0.278681,-0.11461,0.724968,0.182882,0.208122,-0.630603,85.3087600100874,3.3474945235975224,-47.314829710113976,-17.599341998778268,-10.924888610715303,10.765126858143665
0.2534506320953369,-5.44388,4.2118,0.819805,0.326473,0.352829,0.795327,0.0368099,0.456106,0.328135,0.343922,0.649645,0.583229,-0.34572,0.0465778,0.278681,-0.11461,0.724968,0.182882,0.208122,-0.630603,85.3087600100874,3.3474945235975224,-47.314829710113976,-17.599341998778268,-10.924888610715303,10.765126858143665
0.292344331741333,-5.48215,4.23399,0.813361,0.32867,0.357693,0.798945,0.0368188,0.456106,0.328134,0.344631,0.648225,0.584108,-0.346195,0.0465972,0.27868,-0.114635,0.725779,0.182359,0.209045,-0.629516,85.17318114453059,3.3673472060020133,-46.68901884008625,-17.270841495512524,-10.842229704520483,10.721513741303045
0.29331088066101074,-5.48215,4.23399,0.813361,0.32867,0.357693,0.798945,0.0368188,0.456106,0.328134,0.344631,0.648225,0.584108,-0.346195,0.0465972,0.27868,-0.114635,0.725779,0.182359,0.209045,-0.629516,85.17318114453059,3.3673472060020133,-46.68901884008625,-17.270841495512524,-10.842229704520483,10.721513741303045
0.3339669704437256,-5.42399,4.18966,0.819161,0.324955,0.350678,0.791288,0.0367983,0.456103,0.328115,0.344413,0.649404,0.583207,-0.345721,0.0465806,0.278711,-0.114602,0.72522,0.181887,0.20925,-0.630228,85.22806349412296,3.2974495934041252,-46.621532273304865,-17.450974441891322,-10.489289530964847,10.727785031804329
0.33493733406066895,-5.42399,4.18966,0.819161,0.324955,0.350678,0.791288,0.0367983,0.456103,0.328115,0.344413,0.649404,0.583207,-0.345721,0.0465806,0.278711,-0.114602,0.72522,0.181887,0.20925,-0.630228,85.22806349412296,3.2974495934041252,-46.621532273304865,-17.450974441891322,-10.489289530964847,10.727785031804329
0.37510156631469727,-5.43279,4.18532,0.793315,0.325023,0.356958,0.789972,0.036799,0.456103,0.328115,0.344435,0.649405,0.583184,-0.345737,0.0465805,0.27871,-0.114602,0.725192,0.181878,0.20922,-0.630273,85.22799580578229,3.2931332741317,-46.58417734996374,-17.426470882084537,-10.486111851620151,10.714320898510724
0.3760716915130615,-5.43279,4.18532,0.793315,0.325023,0.356958,0.789972,0.036799,0.456103,0.328115,0.344435,0.649405,0.583184,-0.345737,0.0465805,0.27871,-0.114602,0.725192,0.181878,0.20922,-0.630273,85.22799580578229,3.2931332741317,-46.58417734996374,-17.426470882084537,-10.486111851620151,10.714320898510724
0.4174790382385254,-5.44514,4.12464,0.780395,0.319864,0.360802,0.777362,0.03681,0.456103,0.328134,0.34392,0.649661,0.583229,-0.345692,0.0465359,0.278701,-0.114631,0.724786,0.182712,0.20874,-0.630658,85.26726712503714,3.306342173810874,-46.79696729780855,-17.69325713503763,-10.707966671234503,10.89348168541235
0.4184553623199463,-5.44514,4.12464,0.780395,0.319864,0.360802,0.777362,0.03681,0.456103,0.328134,0.34392,0.649661,0.583229,-0.345692,0.0465359,0.278701,-0.114631,0.724786,0.182712,0.20874,-0.630658,85.26726712503714,3.306342173810874,-46.79696729780855,-17.69325713503763,-10.707966671234503,10.89348168541235
0.4588654041290283,-5.42003,4.23974,0.799906,0.329628,0.354361,0.801583,0.0368102,0.456103,0.328133,0.343967,0.649646,0.583216,-0.345697,0.0465223,0.278726,-0.114599,0.724298,0.182233,0.208909,-0.631301,85.2866313186264,3.199136049043129,-46.04653105379223,-17.606339085628683,-10.3857528914773,10.821584688768644
0.4598567485809326,-5.42003,4.23974,0.799906,0.329628,0.354361,0.801583,0.0368102,0.456103,0.328133,0.343967,0.649646,0.583216,-0.345697,0.0465223,0.278726,-0.114599,0.724298,0.182233,0.208909,-0.631301,85.2866313186264,3.199136049043129,-46.04653105379223,-17.606339085628683,-10.3857528914773,10.821584688768644
0.4997518062591553,-5.43391,4.24012,0.812503,0.329878,0.353175,0.801504,0.0368111,0.456105,0.328134,0.343957,0.649657,0.583218,-0.345681,0.0465809,0.278709,-0.1146,0.725255,0.181863,0.209227,-0.630203,85.27926960545642,3.336430174219025,-47.2400706391916,-17.627882775399115,-10.373317728713756,10.815040042164435
0.5009324550628662,-5.43391,4.24012,0.812503,0.329878,0.353175,0.801504,0.0368111,0.456105,0.328134,0.343957,0.649657,0.583218,-0.345681,0.0465809,0.278709,-0.1146,0.725255,0.181863,0.209227,-0.630203,85.27926960545642,3.336430174219025,-47.2400706391916,-17.627882775399115,-10.373317728713756,10.815040042164435
0.5424330234527588,-5.43276,4.19672,0.806045,0.326029,0.354376,0.792264,0.0368054,0.456113,0.328141,0.344258,0.649574,0.58334,-0.345331,0.0465219,0.278729,-0.114586,0.724327,0.182135,0.208885,-0.631304,85.29692816741844,3.143533099188841,-45.65532163395233,-17.592344185439835,-10.610500803820095,10.783521948541807
0.5434141159057617,-5.43276,4.19672,0.806045,0.326029,0.354376,0.792264,0.0368054,0.456113,0.328141,0.344258,0.649574,0.58334,-0.345331,0.0465219,0.278729,-0.114586,0.724327,0.182135,0.208885,-0.631304,85.29692816741844,3.143533099188841,-45.65532163395233,-17.592344185439835,-10.610500803820095,10.783521948541807
0.5841159820556641,-5.40168,4.17821,0.806398,0.323941,0.351265,0.789656,0.03681,0.456105,0.328134,0.343912,0.649687,0.583193,-0.345712,0.0465204,0.27873,-0.114587,0.724303,0.182128,0.208885,-0.631333,85.30056121463107,3.201698445424408,-46.15575473611381,-17.59913487410265,-10.330331705461235,10.795185523466039
0.5850872993469238,-5.40168,4.17821,0.806398,0.323941,0.351265,0.789656,0.03681,0.456105,0.328134,0.343912,0.649687,0.583193,-0.345712,0.0465204,0.27873,-0.114587,0.724303,0.182128,0.208885,-0.631333,85.30056121463107,3.201698445424408,-46.15575473611381,-17.59913487410265,-10.330331705461235,10.795185523466039
0.6254470348358154,-5.51943,4.21504,0.80637,0.327661,0.362327,0.794182,0.0368093,0.456105,0.328134,0.343918,0.64967,0.583237,-0.345665,0.0465216,0.278729,-0.1146,0.724287,0.18225,0.208945,-0.631297,85.2895953230812,3.198773637460121,-46.06195982102256,-17.648728387201444,-10.377520949633885,10.847725587536377
0.6264193058013916,-5.51943,4.21504,0.80637,0.327661,0.362327,0.794182,0.0368093,0.456105,0.328134,0.343918,0.64967,0.583237,-0.345665,0.0465216,0.278729,-0.1146,0.724287,0.18225,0.208945,-0.631297,85.2895953230812,3.198773637460121,-46.06195982102256,-17.648728387201444,-10.377520949633885,10.847725587536377
0.6668071746826172,-5.40624,4.19341,0.812552,0.325509,0.350554,0.792362,0.0368343,0.456115,0.328143,0.343412,0.649921,0.582989,-0.346114,0.0465808,0.278711,-0.114602,0.725201,0.181883,0.209226,-0.630259,85.29488388534072,3.4161186468018596,-47.96961971642752,-17.697668895103455,-10.020322721473576,10.884908743117244
0.6677899360656738,-5.40624,4.19341,0.812552,0.325509,0.350554,0.792362,0.0368343,0.456115,0.328143,0.343412,0.649921,0.582989,-0.346114,0.0465808,0.278711,-0.114602,0.725201,0.181883,0.209226,-0.630259,85.29488388534072,3.4161186468018596,-47.96961971642752,-17.697668895103455,-10.020322721473576,10.884908743117244
0.7082602977752686,-5.43579,4.2095,0.799652,0.32717,0.355696,0.794948,0.0368341,0.456117,0.328145,0.34344,0.649899,0.583006,-0.346099,0.0465798,0.278713,-0.114602,0.72518,0.181869,0.20923,-0.630286,85.29451044566967,3.4075811978469965,-47.897937845528936,-17.687527234964254,-10.026246559676737,10.881994437375063
0.709252119064331,-5.43579,4.2095,0.799652,0.32717,0.355696,0.794948,0.0368341,0.456117,0.328145,0.34344,0.649899,0.583006,-0.346099,0.0465798,0.278713,-0.114602,0.72518,0.181869,0.20923,-0.630286,85.29451044566967,3.4075811978469965,-47.897937845528936,-17.687527234964254,-10.026246559676737,10.881994437375063
0.7488925457000732,-5.43317,4.17923,0.806486,0.324033,0.354319,0.788733,0.0367978,0.456103,0.328114,0.344447,0.649389,0.583194,-0.34574,0.0465973,0.278683,-0.114635,0.725752,0.182352,0.209082,-0.629536,85.19904578796866,3.407890403121997,-47.32715597000004,-17.496720744218017,-10.830275591827975,10.779242018400698
0.7498774528503418,-5.43317,4.17923,0.806486,0.324033,0.354319,0.788733,0.0367978,0.456103,0.328114,0.344447,0.649389,0.583194,-0.34574,0.0465973,0.278683,-0.114635,0.725752,0.182352,0.209082,-0.629536,85.19904578796866,3.407890403121997,-47.32715597000004,-17.496720744218017,-10.830275591827975,10.779242018400698
0.789921760559082,-5.43874,4.16173,0.819433,0.322253,0.352063,0.785237,0.0368094,0.456106,0.328135,0.343899,0.649693,0.583218,-0.345673,0.0465801,0.278708,-0.114602,0.725221,0.181849,0.209221,-0.630248,85.28742501248921,3.334486954902849,-47.27149027673334,-17.64802892928248,-10.343918151439093,10.82766428940131
0.7909021377563477,-5.43874,4.16173,0.819433,0.322253,0.352063,0.785237,0.0368094,0.456106,0.328135,0.343899,0.649693,0.583218,-0.345673,0.0465801,0.278708,-0.114602,0.725221,0.181849,0.209221,-0.630248,85.28742501248921,3.334486954902849,-47.27149027673334,-17.64802892928248,-10.343918151439093,10.82766428940131
0.8307626247406006,-5.4567,4.22935,0.79977,0.328931,0.357798,0.798403,0.0368627,0.456101,0.328151,0.344076,0.649974,0.58266,-0.345908,0.0465939,0.278684,-0.114634,0.725727,0.182345,0.209044,-0.62958,85.21458314409743,3.479299542491932,-48.039875095888924,-17.53136809601134,-10.66032358725725,10.819213179347512
0.8317477703094482,-5.4567,4.22935,0.79977,0.328931,0.357798,0.798403,0.0368627,0.456101,0.328151,0.344076,0.649974,0.58266,-0.345908,0.0465939,0.278684,-0.114634,0.725727,0.182345,0.209044,-0.62958,85.21458314409743,3.479299542491932,-48.039875095888924,-17.53136809601134,-10.66032358725725,10.819213179347512
0.8726913928985596,-5.45403,4.19811,0.826176,0.325256,0.352445,0.792244,0.0368088,0.456106,0.328133,0.34391,0.649658,0.583247,-0.345677,0.0465788,0.278709,-0.114604,0.725198,0.181913,0.209226,-0.630254,85.28155984881053,3.3314031786573497,-47.20262396207084,-17.658851263752954,-10.365078263625245,10.839337064948463
0.8736722469329834,-5.45403,4.19811,0.826176,0.325256,0.352445,0.792244,0.0368088,0.456106,0.328133,0.34391,0.649658,0.583247,-0.345677,0.0465788,0.278709,-0.114604,0.725198,0.181913,0.209226,-0.630254,85.28155984881053,3.3314031786573497,-47.20262396207084,-17.658851263752954,-10.365078263625245,10.839337064948463
0.9153416156768799,-5.47447,4.23796,0.799537,0.32992,0.359315,0.799564,0.0368091,0.456105,0.328135,0.34391,0.649671,0.583232,-0.34568,0.0465222,0.278727,-0.114588,0.724355,0.182125,0.208839,-0.63129,85.3081406043647,3.205724571565199,-46.229346328288514,-17.60015172192177,-10.367638949536518,10.788289620556334
0.9164817333221436,-5.47447,4.23796,0.799537,0.32992,0.359315,0.799564,0.0368091,0.456105,0.328135,0.34391,0.649671,0.583232,-0.34568,0.0465222,0.278727,-0.114588,0.724355,0.182125,0.208839,-0.63129,85.3081406043647,3.205724571565199,-46.229346328288514,-17.60015172192177,-10.367638949536518,10.788289620556334
0.9576442241668701,-5.46124,4.21414,0.813243,0.326909,0.355592,0.79549,0.0368389,0.456106,0.328146,0.343446,0.649784,0.583176,-0.346022,0.0465776,0.27871,-0.114603,0.725189,0.181899,0.209192,-0.63028,85.30469934361501,3.394196407656598,-47.828202316729374,-17.706682071616882,-10.102801818913857,10.880532481410373
0.9586145877838135,-5.46124,4.21414,0.813243,0.326909,0.355592,0.79549,0.0368389,0.456106,0.328146,0.343446,0.649784,0.583176,-0.346022,0.0465776,0.27871,-0.114603,0.725189,0.181899,0.209192,-0.63028,85.30469934361501,3.394196407656598,-47.828202316729374,-17.706682071616882,-10.102801818913857,10.880532481410373
0.9990713596343994,-5.42643,4.20531,0.813258,0.325904,0.352094,0.794408,0.0368107,0.456105,0.328133,0.343913,0.649694,0.583196,-0.345695,0.0465785,0.278711,-0.114603,0.72517,0.181899,0.209238,-0.630287,85.27899860519656,3.3302615462202043,-47.18461942561952,-17.648663413779126,-10.340528720769658,10.834712293191782
1.000108242034912,-5.42643,4.20531,0.813258,0.325904,0.352094,0.794408,0.0368107,0.456105,0.328133,0.343913,0.649694,0.583196,-0.345695,0.0465785,0.278711,-0.114603,0.72517,0.181899,0.209238,-0.630287,85.27899860519656,3.3302615462202043,-47.18461942561952,-17.648663413779126,-10.340528720769658,10.834712293191782
1.0470187664031982,-5.46764,4.19778,0.826118,0.325231,0.353427,0.791697,0.0368098,0.456106,0.328134,0.343909,0.649683,0.583213,-0.345689,0.0465802,0.27871,-0.114604,0.725177,0.181925,0.209234,-0.630272,85.27850624998136,3.3316106014790803,-47.18907024742632,-17.65772458389231,-10.353150696708072,10.842996867553879
1.04799222946167,-5.46764,4.19778,0.826118,0.325231,0.353427,0.791697,0.0368098,0.456106,0.328134,0.343909,0.649683,0.583213,-0.345689,0.0465802,0.27871,-0.114604,0.725177,0.181925,0.209234,-0.630272,85.27850624998136,3.3316106014790803,-47.18907024742632,-17.65772458389231,-10.353150696708072,10.842996867553879
1.0904760360717773,-5.46067,4.17358,0.81266,0.323754,0.355406,0.786961,0.0368157,0.456095,0.328135,0.343942,0.649522,0.583416,-0.345618,0.0465972,0.278679,-0.114634,0.725787,0.182326,0.209055,-0.629513,85.2664421703968,3.431946792185851,-47.892651573043466,-17.71817477533269,-10.754268908884093,10.880696414594533
1.0914583206176758,-5.46067,4.17358,0.81266,0.323754,0.355406,0.786961,0.0368157,0.456095,0.328135,0.343942,0.649522,0.583416,-0.345618,0.0465972,0.278679,-0.114634,0.725787,0.182326,0.209055,-0.629513,85.2664421703968,3.431946792185851,-47.892651573043466,-17.71817477533269,-10.754268908884093,10.880696414594533
1.1324870586395264,-5.43314,4.17257,0.819693,0.322992,0.351635,0.787643,0.0368333,0.456115,0.328143,0.343433,0.64989,0.583014,-0.34611,0.0465708,0.278704,-0.114593,0.725116,0.181809,0.209101,-0.63042,85.31186010783978,3.3950168328512724,-47.88660463933035,-17.651446030019166,-10.023343826660694,10.838437666378177
1.133528470993042,-5.43314,4.17257,0.819693,0.322992,0.351635,0.787643,0.0368333,0.456115,0.328143,0.343433,0.64989,0.583014,-0.34611,0.0465708,0.278704,-0.114593,0.725116,0.181809,0.209101,-0.63042,85.31186010783978,3.3950168328512724,-47.88660463933035,-17.651446030019166,-10.023343826660694,10.838437666378177
1.174304723739624,-5.42603,4.2171,0.806452,0.327397,0.353441,0.796792,0.0368403,0.456107,0.328147,0.343439,0.649784,0.583168,-0.346043,0.0466006,0.278678,-0.114635,0.72581,0.182352,0.209003,-0.629496,85.28177701305938,3.5218322387743197,-48.690304967379745,-17.7633774682917,-10.450513559356704,10.933037293658806
1.175288200378418,-5.42603,4.2171,0.806452,0.327397,0.353441,0.796792,0.0368403,0.456107,0.328147,0.343439,0.649784,0.583168,-0.346043,0.0466006,0.278678,-0.114635,0.72581,0.182352,0.209003,-0.629496,85.28177701305938,3.5218322387743197,-48.690304967379745,-17.7633774682917,-10.450513559356704,10.933037293658806
1.2158234119415283,-5.4561,4.16407,0.812871,0.322689,0.354826,0.7854,0.036809,0.456106,0.328134,0.343927,0.649649,0.583234,-0.3457,0.0465804,0.278712,-0.114602,0.725173,0.181923,0.209217,-0.630283,85.2782642088314,3.3287261821439578,-47.15873577872038,-17.642902770921225,-10.358120796813793,10.831792594819868
1.216862440109253,-5.4561,4.16407,0.812871,0.322689,0.354826,0.7854,0.036809,0.456106,0.328134,0.343927,0.649649,0.583234,-0.3457,0.0465804,0.278712,-0.114602,0.725173,0.181923,0.209217,-0.630283,85.2782642088314,3.3287261821439578,-47.15873577872038,-17.642902770921225,-10.358120796813793,10.831792594819868
1.258251428604126,-5.49118,4.22414,0.813514,0.327579,0.358095,0.796838,0.0367981,0.456102,0.328115,0.344419,0.649404,0.583209,-0.345713,0.0465801,0.278711,-0.114602,0.725162,0.18192,0.209244,-0.630287,85.22664390001984,3.2885130926646147,-46.53500626978075,-17.456749332534766,-10.492786509830983,10.734319560178928
1.259228229522705,-5.49118,4.22414,0.813514,0.327579,0.358095,0.796838,0.0367981,0.456102,0.328115,0.344419,0.649404,0.583209,-0.345713,0.0465801,0.278711,-0.114602,0.725162,0.18192,0.209244,-0.630287,85.22664390001984,3.2885130926646147,-46.53500626978075,-17.456749332534766,-10.492786509830983,10.734319560178928
1.3010971546173096,-5.45925,4.18766,0.80638,0.325005,0.356804,0.78993,0.0367982,0.456102,0.328115,0.344446,0.64941,0.583195,-0.345698,0.0465954,0.278682,-0.114634,0.725741,0.182391,0.20903,-0.629556,85.2041884942374,3.405347863840036,-47.33167838070421,-17.507005864668322,-10.872736060838127,10.77733285067047
1.3021538257598877,-5.45925,4.18766,0.80638,0.325005,0.356804,0.78993,0.0367982,0.456102,0.328115,0.344446,0.64941,0.583195,-0.345698,0.0465954,0.278682,-0.114634,0.725741,0.182391,0.20903,-0.629556,85.2041884942374,3.405347863840036,-47.33167838070421,-17.507005864668322,-10.872736060838127,10.77733285067047
1.3434581756591797,-5.51372,4.15643,0.793758,0.322244,0.364239,0.782235,0.0368392,0.456108,0.328146,0.343447,0.64978,0.583179,-0.346025,0.0465805,0.27871,-0.114601,0.725182,0.181894,0.209261,-0.630266,85.29841304935647,3.3926681845300415,-47.7844140482688,-17.724799481096532,-10.078714631902063,10.898404329538266
1.3444383144378662,-5.51372,4.15643,0.793758,0.322244,0.364239,0.782235,0.0368392,0.456108,0.328146,0.343447,0.64978,0.583179,-0.346025,0.0465805,0.27871,-0.114601,0.725182,0.181894,0.209261,-0.630266,85.29841304935647,3.3926681845300415,-47.7844140482688,-17.724799481096532,-10.078714631902063,10.898404329538266
1.3867273330688477,-5.54718,4.26633,0.819567,0.331771,0.361893,0.80391,0.0368092,0.456105,0.328134,0.343912,0.649672,0.583217,-0.345702,0.0465366,0.278701,-0.114618,0.724877,0.182591,0.208699,-0.630602,85.27942939802927,3.31731275735956,-46.96743800501943,-17.665764261565755,-10.689653778153568,10.849923629294429
1.3877136707305908,-5.54718,4.26633,0.819567,0.331771,0.361893,0.80391,0.0368092,0.456105,0.328134,0.343912,0.649672,0.583217,-0.345702,0.0465366,0.278701,-0.114618,0.724877,0.182591,0.208699,-0.630602,85.27942939802927,3.31731275735956,-46.96743800501943,-17.665764261565755,-10.689653778153568,10.849923629294429
1.428962230682373,-5.48213,4.23969,0.819726,0.329172,0.356402,0.800091,0.0368112,0.456105,0.328134,0.343941,0.649664,0.583214,-0.345693,0.0465974,0.27868,-0.114634,0.725762,0.182359,0.209032,-0.62954,85.25620085593482,3.4474630807442237,-47.972279213302976,-17.69608890335419,-10.713420231186896,10.878600647328945
1.4299440383911133,-5.48213,4.23969,0.819726,0.329172,0.356402,0.800091,0.0368112,0.456105,0.328134,0.343941,0.649664,0.583214,-0.345693,0.0465974,0.27868,-0.114634,0.725762,0.182359,0.209032,-0.62954,85.25620085593482,3.4474630807442237,-47.972279213302976,-17.69608890335419,-10.713420231186896,10.878600647328945
1.4719324111938477,-5.42084,4.10742,0.812682,0.317658,0.351698,0.774251,0.0368345,0.456115,0.328144,0.343455,0.64988,0.583009,-0.346115,0.0465788,0.278713,-0.114603,0.725156,0.181933,0.20924,-0.630292,85.2863647163263,3.4064326613348612,-47.83430207915308,-17.692756473932278,-10.040606018368145,10.89174921141586
1.4729199409484863,-5.42084,4.10742,0.812682,0.317658,0.351698,0.774251,0.0368345,0.456115,0.328144,0.343455,0.64988,0.583009,-0.346115,0.0465788,0.278713,-0.114603,0.725156,0.181933,0.20924,-0.630292,85.2863647163263,3.4064326613348612,-47.83430207915308,-17.692756473932278,-10.040606018368145,10.89174921141586
1.5159504413604736,-5.48977,4.2005,0.812526,0.32637,0.35792,0.791987,0.0368158,0.456094,0.328136,0.344004,0.649531,0.58338,-0.345598,0.0465794,0.278708,-0.1146,0.725196,0.181884,0.209232,-0.630263,85.28289703075119,3.30816611083986,-47.01086082688269,-17.63917040257097,-10.431930136420242,10.818045811980475
1.5172879695892334,-5.48977,4.2005,0.812526,0.32637,0.35792,0.791987,0.0368158,0.456094,0.328136,0.344004,0.649531,0.58338,-0.345598,0.0465794,0.278708,-0.1146,0.725196,0.181884,0.209232,-0.630263,85.28289703075119,3.30816611083986,-47.01086082688269,-17.63917040257097,-10.431930136420242,10.818045811980475
1.558729887008667,-5.4298,4.23214,0.793106,0.329401,0.356616,0.799739,0.0368324,0.456094,0.328148,0.344906,0.649613,0.583016,-0.345159,0.0465353,0.278795,-0.114604,0.723737,0.183123,0.208829,-0.631713,85.17323132365898,3.0534159074849256,-44.14991353911048,-17.52562501613513,-11.08182082226192,10.822371207484924
1.5597121715545654,-5.4298,4.23214,0.793106,0.329401,0.356616,0.799739,0.0368324,0.456094,0.328148,0.344906,0.649613,0.583016,-0.345159,0.0465353,0.278795,-0.114604,0.723737,0.183123,0.208829,-0.631713,85.17323132365898,3.0534159074849256,-44.14991353911048,-17.52562501613513,-11.08182082226192,10.822371207484924
1.6018316745758057,-5.44687,4.24169,0.832507,0.329123,0.350276,0.801449,0.0368102,0.456105,0.328134,0.343936,0.649681,0.583206,-0.345677,0.0465943,0.278681,-0.114633,0.725732,0.182367,0.209043,-0.629568,85.25618893174075,3.4428461098201346,-47.93675143712816,-17.707730315279367,-10.711358392145156,10.885068178128403
1.602828025817871,-5.44687,4.24169,0.832507,0.329123,0.350276,0.801449,0.0368102,0.456105,0.328134,0.343936,0.649681,0.583206,-0.345677,0.0465943,0.278681,-0.114633,0.725732,0.182367,0.209043,-0.629568,85.25618893174075,3.4428461098201346,-47.93675143712816,-17.707730315279367,-10.711358392145156,10.885068178128403
1.6442620754241943,-5.43235,4.19045,0.799716,0.325475,0.355622,0.791266,0.0368096,0.456105,0.328134,0.343903,0.649673,0.583206,-0.345725,0.0465805,0.278709,-0.114601,0.725218,0.181892,0.209216,-0.63024,85.28020236683868,3.3399581794016364,-47.267674568615334,-17.63805606476363,-10.339648792106322,10.825786812272277
1.6452362537384033,-5.43235,4.19045,0.799716,0.325475,0.355622,0.791266,0.0368096,0.456105,0.328134,0.343903,0.649673,0.583206,-0.345725,0.0465805,0.278709,-0.114601,0.725218,0.181892,0.209216,-0.63024,85.28020236683868,3.3399581794016364,-47.267674568615334,-17.63805606476363,-10.339648792106322,10.825786812272277
1.6872599124908447,-5.42815,4.1986,0.818986,0.325969,0.351213,0.792996,0.03681,0.456105,0.328135,0.343945,0.649665,0.583204,-0.345704,0.0465211,0.278729,-0.114598,0.724282,0.182251,0.20891,-0.631314,85.28666288249505,3.2004614124639126,-46.057024922876074,-17.615724223011746,-10.377458658402642,10.828835309071206
1.6882565021514893,-5.42815,4.1986,0.818986,0.325969,0.351213,0.792996,0.03681,0.456105,0.328135,0.343945,0.649665,0.583204,-0.345704,0.0465211,0.278729,-0.114598,0.724282,0.182251,0.20891,-0.631314,85.28666288249505,3.2004614124639126,-46.057024922876074,-17.615724223011746,-10.377458658402642,10.828835309071206
1.7302818298339844,-5.48688,4.23118,0.77365,0.329778,0.365428,0.79826,0.0368092,0.456106,0.328134,0.343927,0.649681,0.583193,-0.345709,0.0465221,0.278728,-0.114586,0.724336,0.18211,0.208859,-0.631309,85.30288049076493,3.2048097259768924,-46.19599079092481,-17.586026898005017,-10.343164205646591,10.783082697037484
1.7312583923339844,-5.48688,4.23118,0.77365,0.329778,0.365428,0.79826,0.0368092,0.456106,0.328134,0.343927,0.649681,0.583193,-0.345709,0.0465221,0.278728,-0.114586,0.724336,0.18211,0.208859,-0.631309,85.30288049076493,3.2048097259768924,-46.19599079092481,-17.586026898005017,-10.343164205646591,10.783082697037484
1.9136576652526855,-5.43274,4.18436,0.812887,0.324485,0.352982,0.790028,0.0367981,0.4561,0.328115,0.344447,0.649394,0.583195,-0.345727,0.0465367,0.278699,-0.114619,0.724884,0.182596,0.20871,-0.630588,85.2235448747258,3.277487010552214,-46.31933889920456,-17.45509366084017,-10.845547404157125,10.740449291604335
1.9146299362182617,-5.43274,4.18436,0.812887,0.324485,0.352982,0.790028,0.0367981,0.4561,0.328115,0.344447,0.649394,0.583195,-0.345727,0.0465367,0.278699,-0.114619,0.724884,0.182596,0.20871,-0.630588,85.2235448747258,3.277487010552214,-46.31933889920456,-17.45509366084017,-10.845547404157125,10.740449291604335
2.0313661098480225,-5.44278,4.24606,0.806268,0.33019,0.35511,0.801921,0.0368097,0.456104,0.328133,0.34393,0.649674,0.583207,-0.345696,0.0465938,0.278682,-0.114635,0.725728,0.182369,0.209054,-0.629569,85.25432498948744,3.4438879098695008,-47.93316872695309,-17.705184196815534,-10.698666375242961,10.886843307865952
2.0323667526245117,-5.44278,4.24606,0.806268,0.33019,0.35511,0.801921,0.0368097,0.456104,0.328133,0.34393,0.649674,0.583207,-0.345696,0.0465938,0.278682,-0.114635,0.725728,0.182369,0.209054,-0.629569,85.25432498948744,3.4438879098695008,-47.93316872695309,-17.705184196815534,-10.698666375242961,10.886843307865952
2.28116774559021,-5.47276,4.17038,0.799918,0.323695,0.359446,0.78656,0.0368342,0.456116,0.328144,0.343443,0.649914,0.58298,-0.34611,0.0465768,0.27871,-0.114601,0.725153,0.181897,0.209235,-0.630307,85.29039691959541,3.4066924148604776,-47.866344908742484,-17.69222225475563,-10.025527533667084,10.88767215995663
2.28216290473938,-5.47276,4.17038,0.799918,0.323695,0.359446,0.78656,0.0368342,0.456116,0.328144,0.343443,0.649914,0.58298,-0.34611,0.0465768,0.27871,-0.114601,0.725153,0.181897,0.209235,-0.630307,85.29039691959541,3.4066924148604776,-47.866344908742484,-17.69222225475563,-10.025527533667084,10.88767215995663
2.3241708278656006,-5.48771,4.23454,0.825831,0.328937,0.355539,0.798831,0.0368354,0.456115,0.328145,0.343441,0.6499,0.583016,-0.346078,0.0465238,0.278727,-0.114586,0.724341,0.182115,0.208857,-0.631303,85.31932129599902,3.280971168495229,-46.920480078524996,-17.652113023978963,-10.0513280383943,10.843831142512188
2.3251612186431885,-5.48771,4.23454,0.825831,0.328937,0.355539,0.798831,0.0368354,0.456115,0.328145,0.343441,0.6499,0.583016,-0.346078,0.0465238,0.278727,-0.114586,0.724341,0.182115,0.208857,-0.631303,85.31932129599902,3.280971168495229,-46.920480078524996,-17.652113023978963,-10.0513280383943,10.843831142512188
2.3669984340667725,-5.4501,4.1867,0.806325,0.324921,0.355745,0.790192,0.0368347,0.456115,0.328144,0.343429,0.649922,0.58297,-0.346126,0.0465958,0.278681,-0.114632,0.725735,0.182345,0.209033,-0.629574,85.27035345065875,3.5280478963122293,-48.69115888624493,-17.747126927309278,-10.366184724215566,10.934071867982798
2.367985248565674,-5.4501,4.1867,0.806325,0.324921,0.355745,0.790192,0.0368347,0.456115,0.328144,0.343429,0.649922,0.58297,-0.346126,0.0465958,0.278681,-0.114632,0.725735,0.182345,0.209033,-0.629574,85.27035345065875,3.5280478963122293,-48.69115888624493,-17.747126927309278,-10.366184724215566,10.934071867982798
2.4091553688049316,-5.49532,4.23878,0.819704,0.329097,0.357338,0.799692,0.0368091,0.456106,0.328133,0.343931,0.649661,0.583217,-0.345703,0.0465925,0.278683,-0.114634,0.725696,0.182379,0.209015,-0.629616,85.25715685754305,3.438921865353564,-47.90247484863837,-17.696232406090953,-10.703037238011454,10.879626732058219
2.410121202468872,-5.49532,4.23878,0.819704,0.329097,0.357338,0.799692,0.0368091,0.456106,0.328133,0.343931,0.649661,0.583217,-0.345703,0.0465925,0.278683,-0.114634,0.725696,0.182379,0.209015,-0.629616,85.25715685754305,3.438921865353564,-47.90247484863837,-17.696232406090953,-10.703037238011454,10.879626732058219
2.4515340328216553,-5.51231,4.24151,0.793606,0.33002,0.364032,0.799948,0.0368095,0.456105,0.328133,0.343922,0.649682,0.583194,-0.34571,0.0465815,0.27871,-0.114603,0.725208,0.181865,0.209246,-0.630249,85.27846108902563,3.3351902648097274,-47.22558679570731,-17.634738159627553,-10.329510564228357,10.826763664511393
2.452507257461548,-5.51231,4.24151,0.793606,0.33002,0.364032,0.799948,0.0368095,0.456105,0.328133,0.343922,0.649682,0.583194,-0.34571,0.0465815,0.27871,-0.114603,0.725208,0.181865,0.209246,-0.630249,85.27846108902563,3.3351902648097274,-47.22558679570731,-17.634738159627553,-10.329510564228357,10.826763664511393
2.4937503337860107,-5.47139,4.20045,0.819614,0.325692,0.355207,0.792408,0.0368128,0.456106,0.328134,0.343949,0.649674,0.583216,-0.345661,0.0465386,0.278702,-0.114619,0.7249,0.182573,0.208691,-0.630583,85.2806349222368,3.314580789674754,-46.95706114805807,-17.657157343200424,-10.721069509567329,10.840690480388787
2.494727373123169,-5.47139,4.20045,0.819614,0.325692,0.355207,0.792408,0.0368128,0.456106,0.328134,0.343949,0.649674,0.583216,-0.345661,0.0465386,0.278702,-0.114619,0.7249,0.182573,0.208691,-0.630583,85.2806349222368,3.314580789674754,-46.95706114805807,-17.657157343200424,-10.721069509567329,10.840690480388787
2.53753662109375,-5.49894,4.1777,0.806693,0.323905,0.360169,0.787196,0.0368118,0.456106,0.328134,0.343933,0.649672,0.583215,-0.345682,0.0465809,0.278788,-0.11462,0.724469,0.182858,0.209298,-0.630795,85.20532676033481,3.260066045981065,-46.08941009591586,-17.828066430742332,-10.489142819842483,11.014753260683811
2.5385091304779053,-5.49894,4.1777,0.806693,0.323905,0.360169,0.787196,0.0368118,0.456106,0.328134,0.343933,0.649672,0.583215,-0.345682,0.0465809,0.278788,-0.11462,0.724469,0.182858,0.209298,-0.630795,85.20532676033481,3.260066045981065,-46.08941009591586,-17.828066430742332,-10.489142819842483,11.014753260683811
2.5802953243255615,-5.42016,4.1767,0.806054,0.32425,0.353242,0.788844,0.0368121,0.456105,0.328135,0.343948,0.649658,0.583238,-0.345656,0.0465956,0.278682,-0.114636,0.725734,0.18238,0.209072,-0.629552,85.25356830360272,3.4394358521485264,-47.89344053041115,-17.717669906737786,-10.724899658134389,10.896893140226501
2.5812880992889404,-5.42016,4.1767,0.806054,0.32425,0.353242,0.788844,0.0368121,0.456105,0.328135,0.343948,0.649658,0.583238,-0.345656,0.0465956,0.278682,-0.114636,0.725734,0.18238,0.209072,-0.629552,85.25356830360272,3.4394358521485264,-47.89344053041115,-17.717669906737786,-10.724899658134389,10.896893140226501
2.623553991317749,-5.52624,4.18118,0.819686,0.323988,0.360105,0.786858,0.0368357,0.456116,0.328146,0.343427,0.649905,0.583006,-0.346101,0.0465791,0.278711,-0.114601,0.725166,0.181902,0.209223,-0.630295,85.29389747595029,3.4081632345569464,-47.8953000628563,-17.69876851960636,-10.033454670040692,10.889727376125556
2.6245317459106445,-5.52624,4.18118,0.819686,0.323988,0.360105,0.786858,0.0368357,0.456116,0.328146,0.343427,0.649905,0.583006,-0.346101,0.0465791,0.278711,-0.114601,0.725166,0.181902,0.209223,-0.630295,85.29389747595029,3.4081632345569464,-47.8953000628563,-17.69876851960636,-10.033454670040692,10.889727376125556
2.666797161102295,-5.4766,4.1957,0.806183,0.325943,0.358275,0.79124,0.0368174,0.456095,0.328135,0.343974,0.649511,0.583401,-0.34563,0.0465245,0.278727,-0.114585,0.724368,0.182085,0.208888,-0.63127,85.30775881644077,3.1863336598170258,-46.052904913055634,-17.594567798541803,-10.405503619757848,10.778504944934792
2.667804718017578,-5.4766,4.1957,0.806183,0.325943,0.358275,0.79124,0.0368174,0.456095,0.328135,0.343974,0.649511,0.583401,-0.34563,0.0465245,0.278727,-0.114585,0.724368,0.182085,0.208888,-0.63127,85.30775881644077,3.1863336598170258,-46.052904913055634,-17.594567798541803,-10.405503619757848,10.778504944934792
2.709932327270508,-5.44097,4.18004,0.799905,0.324334,0.355978,0.789307,0.0368101,0.456105,0.328134,0.343929,0.649671,0.583207,-0.345701,0.046537,0.278701,-0.114619,0.724881,0.18261,0.208716,-0.630586,85.27447913290109,3.3180588004899487,-46.94645833895044,-17.666812109888152,-10.698954159090096,10.854908674464552
2.7109150886535645,-5.44097,4.18004,0.799905,0.324334,0.355978,0.789307,0.0368101,0.456105,0.328134,0.343929,0.649671,0.583207,-0.345701,0.046537,0.278701,-0.114619,0.724881,0.18261,0.208716,-0.630586,85.27447913290109,3.3180588004899487,-46.94645833895044,-17.666812109888152,-10.698954159090096,10.854908674464552
2.7529499530792236,-5.49136,4.16207,0.80009,0.322739,0.360952,0.784042,0.036835,0.456115,0.328143,0.343444,0.64992,0.582964,-0.346125,0.0465817,0.27871,-0.114601,0.725213,0.181873,0.20922,-0.630251,85.29162108392376,3.4171692071994255,-47.9619031599822,-17.677567931128255,-10.02531637547626,10.873548358765301
2.7539374828338623,-5.49136,4.16207,0.80009,0.322739,0.360952,0.784042,0.036835,0.456115,0.328143,0.343444,0.64992,0.582964,-0.346125,0.0465817,0.27871,-0.114601,0.725213,0.181873,0.20922,-0.630251,85.29162108392376,3.4171692071994255,-47.9619031599822,-17.677567931128255,-10.02531637547626,10.873548358765301
2.796159029006958,-5.42057,4.16491,0.81286,0.322757,0.351894,0.78646,0.0368351,0.456117,0.328144,0.343447,0.649897,0.582978,-0.346144,0.0466372,0.278666,-0.114628,0.725807,0.182714,0.208418,-0.629588,85.29676324998326,3.558746637514206,-49.00846772574294,-17.682072837001847,-10.635593541594611,10.85217807408586
2.79713773727417,-5.42057,4.16491,0.81286,0.322757,0.351894,0.78646,0.0368351,0.456117,0.328144,0.343447,0.649897,0.582978,-0.346144,0.0466372,0.278666,-0.114628,0.725807,0.182714,0.208418,-0.629588,85.29676324998326,3.558746637514206,-49.00846772574294,-17.682072837001847,-10.635593541594611,10.85217807408586
2.838639497756958,-5.48936,4.26807,0.799951,0.332369,0.360942,0.805574,0.0368102,0.456107,0.328134,0.343944,0.649658,0.583222,-0.345687,0.0465958,0.278684,-0.114635,0.725737,0.182375,0.209028,-0.629565,85.25587201545481,3.443055781036566,-47.931946884568575,-17.69768159351287,-10.718096472810373,10.880921762359769
2.839613676071167,-5.48936,4.26807,0.799951,0.332369,0.360942,0.805574,0.0368102,0.456107,0.328134,0.343944,0.649658,0.583222,-0.345687,0.0465958,0.278684,-0.114635,0.725737,0.182375,0.209028,-0.629565,85.25587201545481,3.443055781036566,-47.931946884568575,-17.69768159351287,-10.718096472810373,10.880921762359769
2.8820250034332275,-5.49876,4.25784,0.81964,0.330791,0.357413,0.803374,0.0368116,0.456106,0.328133,0.343925,0.649676,0.583202,-0.345705,0.046598,0.278683,-0.114635,0.725786,0.18236,0.209061,-0.629502,85.25356687584646,3.454279482870699,-48.01543983332987,-17.704882984877763,-10.701318158471308,10.88510744415925
2.883012533187866,-5.49876,4.25784,0.81964,0.330791,0.357413,0.803374,0.0368116,0.456106,0.328133,0.343925,0.649676,0.583202,-0.345705,0.046598,0.278683,-0.114635,0.725786,0.18236,0.209061,-0.629502,85.25356687584646,3.454279482870699,-48.01543983332987,-17.704882984877763,-10.701318158471308,10.88510744415925
2.9251935482025146,-5.448,4.21756,0.786949,0.327892,0.359367,0.796224,0.0367983,0.456103,0.328114,0.344402,0.649408,0.583184,-0.345766,0.0465204,0.278729,-0.114587,0.724331,0.182102,0.208899,-0.631305,85.24929797325545,3.168356959196016,-45.582126185117446,-17.39404912660369,-10.454146136017629,10.686007505158413
2.926175594329834,-5.448,4.21756,0.786949,0.327892,0.359367,0.796224,0.0367983,0.456103,0.328114,0.344402,0.649408,0.583184,-0.345766,0.0465204,0.278729,-0.114587,0.724331,0.182102,0.208899,-0.631305,85.24929797325545,3.168356959196016,-45.582126185117446,-17.39404912660369,-10.454146136017629,10.686007505158413
2.968376398086548,-5.45253,4.2261,0.80631,0.328419,0.355972,0.79784,0.0368103,0.456103,0.328133,0.343967,0.649649,0.583222,-0.345681,0.046577,0.278711,-0.114602,0.725161,0.181897,0.209226,-0.630302,85.27670824018078,3.3216410462737613,-47.0969175601724,-17.627870262539904,-10.36716956984172,10.82114529771379
2.969352960586548,-5.45253,4.2261,0.80631,0.328419,0.355972,0.79784,0.0368103,0.456103,0.328133,0.343967,0.649649,0.583222,-0.345681,0.046577,0.278711,-0.114602,0.725161,0.181897,0.209226,-0.630302,85.27670824018078,3.3216410462737613,-47.0969175601724,-17.627870262539904,-10.36716956984172,10.82114529771379
3.0147864818573,-5.4559,4.2499,0.832183,0.330079,0.350779,0.802725,0.0368339,0.456116,0.328143,0.343432,0.649897,0.582998,-0.346122,0.046595,0.278682,-0.114634,0.725736,0.182355,0.20904,-0.629568,85.26959023633907,3.526351309823804,-48.6697872624289,-17.75134892182067,-10.373422971119707,10.938624636695664
3.015767812728882,-5.4559,4.2499,0.832183,0.330079,0.350779,0.802725,0.0368339,0.456116,0.328143,0.343432,0.649897,0.582998,-0.346122,0.046595,0.278682,-0.114634,0.725736,0.182355,0.20904,-0.629568,85.26959023633907,3.526351309823804,-48.6697872624289,-17.75134892182067,-10.373422971119707,10.938624636695664
3.0594964027404785,-5.46885,4.23644,0.806639,0.329115,0.357493,0.799735,0.0368099,0.456105,0.328134,0.343948,0.64965,0.583223,-0.345696,0.0465799,0.278788,-0.11462,0.724469,0.182865,0.209295,-0.630794,85.20281887401991,3.2595754997426463,-46.06817672082695,-17.817912267414194,-10.491760587384128,11.010689577672373
3.060481071472168,-5.46885,4.23644,0.806639,0.329115,0.357493,0.799735,0.0368099,0.456105,0.328134,0.343948,0.64965,0.583223,-0.345696,0.0465799,0.278788,-0.11462,0.724469,0.182865,0.209295,-0.630794,85.20281887401991,3.2595754997426463,-46.06817672082695,-17.817912267414194,-10.491760587384128,11.010689577672373
3.1029670238494873,-5.45363,4.2099,0.81937,0.326749,0.353793,0.794629,0.0368348,0.456115,0.328144,0.343422,0.649926,0.582983,-0.346103,0.0465775,0.278714,-0.114603,0.725154,0.18192,0.209254,-0.630293,85.28945823221639,3.4090722350118847,-47.880332634080915,-17.70911881117555,-10.024571960337855,10.898753211940274
3.103937864303589,-5.45363,4.2099,0.81937,0.326749,0.353793,0.794629,0.0368348,0.456115,0.328144,0.343422,0.649926,0.582983,-0.346103,0.0465775,0.278714,-0.114603,0.725154,0.18192,0.209254,-0.630293,85.28945823221639,3.4090722350118847,-47.880332634080915,-17.70911881117555,-10.024571960337855,10.898753211940274
3.1460227966308594,-5.46885,4.23644,0.806639,0.329115,0.357493,0.799735,0.0368168,0.456095,0.328136,0.343957,0.649533,0.583395,-0.345618,0.0465835,0.278787,-0.11462,0.724491,0.182846,0.209318,-0.630766,85.21069727185514,3.2454300824662576,-45.983607046729084,-17.83976815184683,-10.536587644714588,11.014787741864904
3.1470119953155518,-5.46885,4.23644,0.806639,0.329115,0.357493,0.799735,0.0368168,0.456095,0.328136,0.343957,0.649533,0.583395,-0.345618,0.0465835,0.278787,-0.11462,0.724491,0.182846,0.209318,-0.630766,85.21069727185514,3.2454300824662576,-45.983607046729084,-17.83976815184683,-10.536587644714588,11.014787741864904
3.189352512359619,-5.45668,4.21699,0.806612,0.327387,0.356405,0.796166,0.0368098,0.456104,0.328134,0.34391,0.649673,0.58322,-0.345696,0.0465793,0.278709,-0.1146,0.725196,0.181854,0.209208,-0.630279,85.28578783002841,3.331131144778325,-47.229634596228834,-17.63414475797418,-10.338235218897344,10.817919511595285
3.1903254985809326,-5.45668,4.21699,0.806612,0.327387,0.356405,0.796166,0.0368098,0.456104,0.328134,0.34391,0.649673,0.58322,-0.345696,0.0465793,0.278709,-0.1146,0.725196,0.181854,0.209208,-0.630279,85.28578783002841,3.331131144778325,-47.229634596228834,-17.63414475797418,-10.338235218897344,10.817919511595285
3.2325727939605713,-5.4802,4.14032,0.799537,0.321254,0.359814,0.77989,0.03681,0.456105,0.328134,0.34394,0.649657,0.583215,-0.345703,0.0465808,0.278786,-0.114618,0.724486,0.182844,0.209294,-0.630781,85.20444876991363,3.2628933498301755,-46.107376775064935,-17.816119225274676,-10.48220361938334,11.006749011244993
3.233548164367676,-5.4802,4.14032,0.799537,0.321254,0.359814,0.77989,0.03681,0.456105,0.328134,0.34394,0.649657,0.583215,-0.345703,0.0465808,0.278786,-0.114618,0.724486,0.182844,0.209294,-0.630781,85.20444876991363,3.2628933498301755,-46.107376775064935,-17.816119225274676,-10.48220361938334,11.006749011244993
3.2755401134490967,-5.49333,4.19424,0.813318,0.325146,0.358449,0.790749,0.0368109,0.456105,0.328134,0.343947,0.649682,0.583192,-0.345688,0.0465371,0.2787,-0.114617,0.724896,0.182579,0.208687,-0.630587,85.27826857914339,3.317680477177791,-46.96874782064171,-17.650826662945654,-10.70954816414367,10.837931181403562
3.2765185832977295,-5.49333,4.19424,0.813318,0.325146,0.358449,0.790749,0.0368109,0.456105,0.328134,0.343947,0.649682,0.583192,-0.345688,0.0465371,0.2787,-0.114617,0.724896,0.182579,0.208687,-0.630587,85.27826857914339,3.317680477177791,-46.96874782064171,-17.650826662945654,-10.70954816414367,10.837931181403562
3.320441246032715,-5.4643,4.23929,0.800008,0.329593,0.358306,0.80041,0.0368109,0.456107,0.328135,0.343936,0.649671,0.583219,-0.345675,0.0465373,0.278702,-0.114619,0.724861,0.182637,0.208664,-0.630619,85.27897217296608,3.3131905070589007,-46.925741373505126,-17.665905641677554,-10.730628754149551,10.850246310239182
3.3214645385742188,-5.4643,4.23929,0.800008,0.329593,0.358306,0.80041,0.0368109,0.456107,0.328135,0.343936,0.649671,0.583219,-0.345675,0.0465373,0.278702,-0.114619,0.724861,0.182637,0.208664,-0.630619,85.27897217296608,3.3131905070589007,-46.925741373505126,-17.665905641677554,-10.730628754149551,10.850246310239182
3.363518238067627,-5.49332,4.218,0.819206,0.327695,0.357259,0.795278,0.0368106,0.456106,0.328136,0.343906,0.649681,0.583215,-0.345693,0.0465957,0.278683,-0.114633,0.725747,0.182337,0.209066,-0.629553,85.2582259065589,3.4465925492482907,-47.980951436996044,-17.711482552627142,-10.68210246139483,10.889408725566835
3.3644866943359375,-5.49332,4.218,0.819206,0.327695,0.357259,0.795278,0.0368106,0.456106,0.328136,0.343906,0.649681,0.583215,-0.345693,0.0465957,0.278683,-0.114633,0.725747,0.182337,0.209066,-0.629553,85.2582259065589,3.4465925492482907,-47.980951436996044,-17.711482552627142,-10.68210246139483,10.889408725566835
3.40747332572937,-5.46685,4.1976,0.806618,0.325667,0.357312,0.791937,0.0368395,0.456108,0.328146,0.34349,0.649769,0.583181,-0.345998,0.0465375,0.278702,-0.114633,0.724836,0.182757,0.208763,-0.630579,85.28005449684201,3.3750184634168714,-47.4145954829081,-17.771831584621992,-10.493963563297779,10.961145855087171
3.408452272415161,-5.46685,4.1976,0.806618,0.325667,0.357312,0.791937,0.0368395,0.456108,0.328146,0.34349,0.649769,0.583181,-0.345998,0.0465375,0.278702,-0.114633,0.724836,0.182757,0.208763,-0.630579,85.28005449684201,3.3750184634168714,-47.4145954829081,-17.771831584621992,-10.493963563297779,10.961145855087171
3.4501454830169678,-5.45253,4.2261,0.80631,0.328419,0.355972,0.79784,0.0368359,0.456117,0.328145,0.343457,0.649913,0.582989,-0.346085,0.0465791,0.278713,-0.114601,0.725165,0.181916,0.209217,-0.630294,85.2912233591605,3.4063271227209295,-47.86678188318497,-17.69348628854144,-10.054423742376645,10.885110260192064
3.451122999191284,-5.45253,4.2261,0.80631,0.328419,0.355972,0.79784,0.0368359,0.456117,0.328145,0.343457,0.649913,0.582989,-0.346085,0.0465791,0.278713,-0.114601,0.725165,0.181916,0.209217,-0.630294,85.2912233591605,3.4063271227209295,-47.86678188318497,-17.69348628854144,-10.054423742376645,10.885110260192064
3.4943759441375732,-5.48916,4.20906,0.819381,0.326681,0.356724,0.793569,0.0368107,0.456106,0.328134,0.343922,0.649689,0.583204,-0.345681,0.0465978,0.27868,-0.114636,0.725771,0.182374,0.209002,-0.629535,85.26025296189127,3.4512112482762376,-48.02493196432625,-17.702648403711656,-10.725497365469757,10.8797169323541
3.4953413009643555,-5.48916,4.20906,0.819381,0.326681,0.356724,0.793569,0.0368107,0.456106,0.328134,0.343922,0.649689,0.583204,-0.345681,0.0465978,0.27868,-0.114636,0.725771,0.182374,0.209002,-0.629535,85.26025296189127,3.4512112482762376,-48.02493196432625,-17.702648403711656,-10.725497365469757,10.8797169323541
3.5394346714019775,-5.45572,4.315,0.799582,0.336757,0.357636,0.815967,0.0368137,0.4561,0.328152,0.343823,0.649611,0.583535,-0.345367,0.0465792,0.27871,-0.114601,0.725201,0.181889,0.209208,-0.630263,85.32253152755287,3.2995881863426413,-47.16827902336012,-17.77912886540203,-10.483547145105884,10.885092474615416
3.5404160022735596,-5.45572,4.315,0.799582,0.336757,0.357636,0.815967,0.0368137,0.4561,0.328152,0.343823,0.649611,0.583535,-0.345367,0.0465792,0.27871,-0.114601,0.725201,0.181889,0.209208,-0.630263,85.32253152755287,3.2995881863426413,-47.16827902336012,-17.77912886540203,-10.483547145105884,10.885092474615416
3.5834245681762695,-5.47518,4.20979,0.799903,0.327193,0.359673,0.794208,0.0368201,0.456104,0.328135,0.344607,0.648231,0.584122,-0.346186,0.0465972,0.27868,-0.114634,0.725792,0.182339,0.209033,-0.629511,85.17907838629922,3.3689981383528242,-46.73572577548837,-17.275200927161123,-10.83930597136466,10.717766797714445
3.584404468536377,-5.47518,4.20979,0.799903,0.327193,0.359673,0.794208,0.0368201,0.456104,0.328135,0.344607,0.648231,0.584122,-0.346186,0.0465972,0.27868,-0.114634,0.725792,0.182339,0.209033,-0.629511,85.17907838629922,3.3689981383528242,-46.73572577548837,-17.275200927161123,-10.83930597136466,10.717766797714445
3.627031087875366,-5.45155,4.16122,0.799875,0.322665,0.35693,0.78493,0.0368112,0.456105,0.328134,0.343911,0.649678,0.583213,-0.345697,0.0465791,0.278711,-0.114601,0.725173,0.18187,0.209237,-0.630292,85.28170757319411,3.3284826607140214,-47.18542415565185,-17.642729675363945,-10.33121900474983,10.828741662666673
3.628005266189575,-5.45155,4.16122,0.799875,0.322665,0.35693,0.78493,0.0368112,0.456105,0.328134,0.343911,0.649678,0.583213,-0.345697,0.0465791,0.278711,-0.114601,0.725173,0.18187,0.209237,-0.630292,85.28170757319411,3.3284826607140214,-47.18542415565185,-17.642729675363945,-10.33121900474983,10.828741662666673
3.670888900756836,-5.465,4.23487,0.806262,0.329416,0.357474,0.799584,0.0368115,0.456105,0.328135,0.343915,0.649679,0.583207,-0.3457,0.0465218,0.278729,-0.114587,0.724357,0.182111,0.208872,-0.631281,85.30355529651413,3.207720965702446,-46.22520227383161,-17.595036154447364,-10.348893644488625,10.788079853890718
3.671891450881958,-5.465,4.23487,0.806262,0.329416,0.357474,0.799584,0.0368115,0.456105,0.328135,0.343915,0.649679,0.583207,-0.3457,0.0465218,0.278729,-0.114587,0.724357,0.182111,0.208872,-0.631281,85.30355529651413,3.207720965702446,-46.22520227383161,-17.595036154447364,-10.348893644488625,10.788079853890718
3.714527130126953,-5.42683,4.21158,0.819587,0.326457,0.350848,0.795406,0.0368331,0.456115,0.328144,0.343421,0.649913,0.582988,-0.346122,0.0465965,0.278681,-0.114635,0.725775,0.182378,0.209032,-0.629519,85.26912356972669,3.5355269336349493,-48.73999746803664,-17.75816296352268,-10.387203344572036,10.942348825422432
3.7155051231384277,-5.42683,4.21158,0.819587,0.326457,0.350848,0.795406,0.0368331,0.456115,0.328144,0.343421,0.649913,0.582988,-0.346122,0.0465965,0.278681,-0.114635,0.725775,0.182378,0.209032,-0.629519,85.26912356972669,3.5355269336349493,-48.73999746803664,-17.75816296352268,-10.387203344572036,10.942348825422432
3.7583279609680176,-5.48454,4.19592,0.786774,0.326413,0.363174,0.791366,0.0368111,0.456106,0.328133,0.343939,0.649677,0.58319,-0.345708,0.0465318,0.278699,-0.114612,0.724845,0.182549,0.208585,-0.630688,85.28985300412266,3.3100239398186937,-46.96259286207947,-17.61919253159653,-10.706117935920059,10.804970209712707
3.7592968940734863,-5.48454,4.19592,0.786774,0.326413,0.363174,0.791366,0.0368111,0.456106,0.328133,0.343939,0.649677,0.58319,-0.345708,0.0465318,0.278699,-0.114612,0.724845,0.182549,0.208585,-0.630688,85.28985300412266,3.3100239398186937,-46.96259286207947,-17.61919253159653,-10.706117935920059,10.804970209712707
3.802804946899414,-5.45547,4.17833,0.826091,0.323503,0.352338,0.788129,0.036811,0.456105,0.328134,0.343982,0.649657,0.5832,-0.345688,0.0465811,0.278788,-0.114618,0.724498,0.182819,0.209282,-0.630778,85.20403394109587,3.2602072064402208,-46.08739074831858,-17.79346428442406,-10.49831783132032,10.990116084777181
3.8037807941436768,-5.45547,4.17833,0.826091,0.323503,0.352338,0.788129,0.036811,0.456105,0.328134,0.343982,0.649657,0.5832,-0.345688,0.0465811,0.278788,-0.114618,0.724498,0.182819,0.209282,-0.630778,85.20403394109587,3.2602072064402208,-46.08739074831858,-17.79346428442406,-10.49831783132032,10.990116084777181
3.847397804260254,-5.40155,4.2593,0.799773,0.331366,0.352486,0.805778,0.0368341,0.456117,0.328145,0.343455,0.649904,0.582968,-0.346139,0.0465961,0.278681,-0.114635,0.725784,0.182366,0.209025,-0.629515,85.26563854105821,3.5359282895544144,-48.724396372641664,-17.733636720377717,-10.39153280461425,10.931400579686564
3.848376750946045,-5.40155,4.2593,0.799773,0.331366,0.352486,0.805778,0.0368341,0.456117,0.328145,0.343455,0.649904,0.582968,-0.346139,0.0465961,0.278681,-0.114635,0.725784,0.182366,0.209025,-0.629515,85.26563854105821,3.5359282895544144,-48.724396372641664,-17.733636720377717,-10.39153280461425,10.931400579686564
3.892209053039551,-5.43539,4.22129,0.792846,0.328663,0.357044,0.797333,0.0368343,0.456118,0.328145,0.343445,0.64991,0.582979,-0.346118,0.0465758,0.278715,-0.1146,0.725138,0.181881,0.20921,-0.630337,85.29331268622688,3.403899660872257,-47.85868042142232,-17.67653897765171,-10.020407172148593,10.875200237030839
3.8931844234466553,-5.43539,4.22129,0.792846,0.328663,0.357044,0.797333,0.0368343,0.456118,0.328145,0.343445,0.64991,0.582979,-0.346118,0.0465758,0.278715,-0.1146,0.725138,0.181881,0.20921,-0.630337,85.29331268622688,3.403899660872257,-47.85868042142232,-17.67653897765171,-10.020407172148593,10.875200237030839
3.937574863433838,-5.42601,4.2228,0.812817,0.3279,0.35215,0.797939,0.0368328,0.456117,0.328144,0.343409,0.649905,0.582997,-0.346133,0.0465789,0.278711,-0.114601,0.725194,0.181867,0.209224,-0.630272,85.29545898157708,3.415123785591231,-47.96295488557454,-17.689411551808664,-10.006307593154702,10.882102644695461
3.938549518585205,-5.42601,4.2228,0.812817,0.3279,0.35215,0.797939,0.0368328,0.456117,0.328144,0.343409,0.649905,0.582997,-0.346133,0.0465789,0.278711,-0.114601,0.725194,0.181867,0.209224,-0.630272,85.29545898157708,3.415123785591231,-47.96295488557454,-17.689411551808664,-10.006307593154702,10.882102644695461
3.9823198318481445,-5.43871,4.1524,0.78025,0.322548,0.360384,0.783448,0.0368343,0.456118,0.328145,0.343384,0.649933,0.582998,-0.346104,0.0465782,0.278711,-0.114602,0.725194,0.181886,0.209243,-0.630261,85.2967754211569,3.4161528541833124,-47.98168688634496,-17.717720874769974,-10.01348258121435,10.899710977723899
3.9834442138671875,-5.43871,4.1524,0.78025,0.322548,0.360384,0.783448,0.0368343,0.456118,0.328145,0.343384,0.649933,0.582998,-0.346104,0.0465782,0.278711,-0.114602,0.725194,0.181886,0.209243,-0.630261,85.2967754211569,3.4161528541833124,-47.98168688634496,-17.717720874769974,-10.01348258121435,10.899710977723899
4.03199315071106,-5.45551,4.17929,0.806519,0.324041,0.356314,0.788073,0.0368156,0.456097,0.328136,0.343955,0.649527,0.583401,-0.34562,0.0465797,0.278714,-0.114602,0.725189,0.181894,0.209218,-0.630273,85.28722396213006,3.3116433895922177,-47.057783023170636,-17.647925672375294,-10.413523144058955,10.822857854778729
4.032979488372803,-5.45551,4.17929,0.806519,0.324041,0.356314,0.788073,0.0368156,0.456097,0.328136,0.343955,0.649527,0.583401,-0.34562,0.0465797,0.278714,-0.114602,0.725189,0.181894,0.209218,-0.630273,85.28722396213006,3.3116433895922177,-47.057783023170636,-17.647925672375294,-10.413523144058955,10.822857854778729
4.076098203659058,-5.4577,4.21469,0.806086,0.32763,0.356355,0.795582,0.0368089,0.456105,0.328134,0.343929,0.649666,0.583213,-0.345702,0.046598,0.27876,-0.114653,0.725047,0.183347,0.209112,-0.63005,85.17976047177201,3.381730536248318,-46.90895831327531,-17.8893594056925,-10.840335888523642,11.071176960252542
4.07708740234375,-5.4577,4.21469,0.806086,0.32763,0.356355,0.795582,0.0368089,0.456105,0.328134,0.343929,0.649666,0.583213,-0.345702,0.046598,0.27876,-0.114653,0.725047,0.183347,0.209112,-0.63005,85.17976047177201,3.381730536248318,-46.90895831327531,-17.8893594056925,-10.840335888523642,11.071176960252542
4.12204909324646,-5.45817,4.19817,0.786955,0.326172,0.360274,0.791995,0.0368192,0.456107,0.328134,0.344624,0.648244,0.584081,-0.346213,0.0465349,0.278701,-0.114634,0.724835,0.182748,0.208738,-0.630591,85.17856172734719,3.2361831642232484,-45.55316030765206,-17.26030380541704,-10.85823836575876,10.735710234070364
4.123024225234985,-5.45817,4.19817,0.786955,0.326172,0.360274,0.791995,0.0368192,0.456107,0.328134,0.344624,0.648244,0.584081,-0.346213,0.0465349,0.278701,-0.114634,0.724835,0.182748,0.208738,-0.630591,85.17856172734719,3.2361831642232484,-45.55316030765206,-17.26030380541704,-10.85823836575876,10.735710234070364
4.166181325912476,-5.46867,4.18978,0.819227,0.324971,0.354668,0.789967,0.0368096,0.456105,0.328133,0.343943,0.649682,0.583207,-0.345668,0.0465794,0.278711,-0.114601,0.725203,0.181868,0.209219,-0.630263,85.28210108372159,3.329314740013187,-47.19763326298751,-17.635395147908905,-10.362563234401176,10.81869678403581
4.167167901992798,-5.46867,4.18978,0.819227,0.324971,0.354668,0.789967,0.0368096,0.456105,0.328133,0.343943,0.649682,0.583207,-0.345668,0.0465794,0.278711,-0.114601,0.725203,0.181868,0.209219,-0.630263,85.28210108372159,3.329314740013187,-47.19763326298751,-17.635395147908905,-10.362563234401176,10.81869678403581
4.2119362354278564,-5.37759,4.23237,0.812413,0.328966,0.347772,0.800785,0.0367971,0.456102,0.328114,0.344415,0.649393,0.583215,-0.345728,0.0465208,0.27873,-0.1146,0.724298,0.182272,0.208925,-0.631284,85.23628950287214,3.1660881225721185,-45.477171933067616,-17.438323287102136,-10.520666825932542,10.734785245087242
4.2129271030426025,-5.37759,4.23237,0.812413,0.328966,0.347772,0.800785,0.0367971,0.456102,0.328114,0.344415,0.649393,0.583215,-0.345728,0.0465208,0.27873,-0.1146,0.724298,0.182272,0.208925,-0.631284,85.23628950287214,3.1660881225721185,-45.477171933067616,-17.438323287102136,-10.520666825932542,10.734785245087242
4.257812023162842,-5.48573,4.18431,0.81308,0.324483,0.357941,0.788741,0.0368103,0.456107,0.328133,0.34394,0.649654,0.583214,-0.34571,0.0465817,0.27879,-0.114618,0.724479,0.182812,0.209295,-0.630797,85.20629837261745,3.260706758300281,-46.10141173166261,-17.80586403215662,-10.465046832963273,10.99859602118798
4.258795261383057,-5.48573,4.18431,0.81308,0.324483,0.357941,0.788741,0.0368103,0.456107,0.328133,0.34394,0.649654,0.583214,-0.34571,0.0465817,0.27879,-0.114618,0.724479,0.182812,0.209295,-0.630797,85.20629837261745,3.260706758300281,-46.10141173166261,-17.80586403215662,-10.465046832963273,10.99859602118798
4.304540157318115,-5.41282,4.22371,0.812839,0.327975,0.351214,0.798337,0.0368344,0.456117,0.328145,0.343435,0.649892,0.582994,-0.346138,0.0466184,0.278694,-0.114594,0.725247,0.18221,0.208645,-0.630304,85.32042247781627,3.440482295071127,-48.241064161233844,-17.629562817356085,-10.261695613198805,10.80379612407986
4.305527210235596,-5.41282,4.22371,0.812839,0.327975,0.351214,0.798337,0.0368344,0.456117,0.328145,0.343435,0.649892,0.582994,-0.346138,0.0466184,0.278694,-0.114594,0.725247,0.18221,0.208645,-0.630304,85.32042247781627,3.440482295071127,-48.241064161233844,-17.629562817356085,-10.261695613198805,10.80379612407986
4.349954605102539,-5.49228,4.226,0.826097,0.327955,0.356018,0.797009,0.0368123,0.456106,0.328134,0.343913,0.649696,0.583217,-0.345655,0.0465952,0.278684,-0.114633,0.725739,0.182347,0.209052,-0.629564,85.26093725278464,3.4426856120087233,-47.966208722470455,-17.721197710863056,-10.706355771474588,10.888145886293131
4.350947856903076,-5.49228,4.226,0.826097,0.327955,0.356018,0.797009,0.0368123,0.456106,0.328134,0.343913,0.649696,0.583217,-0.345655,0.0465952,0.278684,-0.114633,0.725739,0.182347,0.209052,-0.629564,85.26093725278464,3.4426856120087233,-47.966208722470455,-17.721197710863056,-10.706355771474588,10.888145886293131
4.395078420639038,-5.41843,4.20716,0.806214,0.326734,0.352934,0.794784,0.0368356,0.456115,0.328144,0.343475,0.649886,0.582988,-0.346119,0.0465973,0.27876,-0.114652,0.725038,0.183318,0.209086,-0.630077,85.19345152328765,3.457501053487706,-47.588216372399465,-17.912086912087066,-10.5287102604311,11.107669917687565
4.396083116531372,-5.41843,4.20716,0.806214,0.326734,0.352934,0.794784,0.0368356,0.456115,0.328144,0.343475,0.649886,0.582988,-0.346119,0.0465973,0.27876,-0.114652,0.725038,0.183318,0.209086,-0.630077,85.19345152328765,3.457501053487706,-47.588216372399465,-17.912086912087066,-10.5287102604311,11.107669917687565
4.440549373626709,-5.3877,4.19699,0.786443,0.3265,0.354316,0.793678,0.0368093,0.456105,0.328133,0.343924,0.649678,0.583199,-0.345707,0.0465327,0.278649,-0.11476,0.725075,0.183315,0.208864,-0.630109,85.20508982159838,3.386748143320235,-47.07688158603781,-17.79470429927526,-10.974598407842318,11.138812467631134
4.441520929336548,-5.3877,4.19699,0.786443,0.3265,0.354316,0.793678,0.0368093,0.456105,0.328133,0.343924,0.649678,0.583199,-0.345707,0.0465327,0.278649,-0.11476,0.725075,0.183315,0.208864,-0.630109,85.20508982159838,3.386748143320235,-47.07688158603781,-17.79470429927526,-10.974598407842318,11.138812467631134
4.486354112625122,-5.39397,4.24366,0.79317,0.3302,0.353269,0.802623,0.0368107,0.456106,0.328134,0.34393,0.649655,0.583222,-0.345706,0.0465807,0.278711,-0.114603,0.725197,0.181889,0.209222,-0.630264,85.27919332522426,3.331811191144772,-47.19441590683138,-17.632239702742883,-10.3500013108674,10.825250661097105
4.487330913543701,-5.39397,4.24366,0.79317,0.3302,0.353269,0.802623,0.0368107,0.456106,0.328134,0.34393,0.649655,0.583222,-0.345706,0.0465807,0.278711,-0.114603,0.725197,0.181889,0.209222,-0.630264,85.27919332522426,3.331811191144772,-47.19441590683138,-17.632239702742883,-10.3500013108674,10.825250661097105
4.532416105270386,-5.38529,4.24075,0.819395,0.329259,0.347544,0.802402,0.0368112,0.456105,0.328135,0.343933,0.649661,0.583231,-0.345676,0.0465825,0.278712,-0.114603,0.725204,0.181898,0.209252,-0.630242,85.27764949741392,3.3307277489604323,-47.18023042017178,-17.649388009799118,-10.359592067327846,10.836193957769796
4.533403396606445,-5.38529,4.24075,0.819395,0.329259,0.347544,0.802402,0.0368112,0.456105,0.328135,0.343933,0.649661,0.583231,-0.345676,0.0465825,0.278712,-0.114603,0.725204,0.181898,0.209252,-0.630242,85.27764949741392,3.3307277489604323,-47.18023042017178,-17.649388009799118,-10.359592067327846,10.836193957769796
4.577106475830078,-5.44554,4.18955,0.799694,0.325399,0.356558,0.790868,0.0368097,0.456104,0.328133,0.343951,0.649667,0.583194,-0.34571,0.0465803,0.278708,-0.114603,0.725206,0.18187,0.209201,-0.630265,85.27952582868187,3.332783512843698,-47.20762233838235,-17.613138216732743,-10.353359100214103,10.81127778148818
4.578077793121338,-5.44554,4.18955,0.799694,0.325399,0.356558,0.790868,0.0368097,0.456104,0.328133,0.343951,0.649667,0.583194,-0.34571,0.0465803,0.278708,-0.114603,0.725206,0.18187,0.209201,-0.630265,85.27952582868187,3.332783512843698,-47.20762233838235,-17.613138216732743,-10.353359100214103,10.81127778148818
4.624492645263672,-5.44912,4.21371,0.793167,0.327765,0.358581,0.795248,0.0368337,0.456115,0.328145,0.343451,0.649891,0.583003,-0.346109,0.0465782,0.27871,-0.114601,0.725183,0.181876,0.209223,-0.630283,85.29277091387769,3.40835987547437,-47.8925720745266,-17.680919454537296,-10.032125917512484,10.87829495377667
4.625474452972412,-5.44912,4.21371,0.793167,0.327765,0.358581,0.795248,0.0368337,0.456115,0.328145,0.343451,0.649891,0.583003,-0.346109,0.0465782,0.27871,-0.114601,0.725183,0.181876,0.209223,-0.630283,85.29277091387769,3.40835987547437,-47.8925720745266,-17.680919454537296,-10.032125917512484,10.87829495377667
4.668718576431274,-5.43497,4.22073,0.792882,0.328612,0.356999,0.797481,0.0368242,0.456114,0.328127,0.343945,0.649622,0.583003,-0.346122,0.0465629,0.278639,-0.114751,0.724984,0.18364,0.208361,-0.630286,85.19204209214104,3.426508252950326,-47.24048941558318,-17.613788157031784,-11.010336041122422,11.034327554057516
4.669687747955322,-5.43497,4.22073,0.792882,0.328612,0.356999,0.797481,0.0368242,0.456114,0.328127,0.343945,0.649622,0.583003,-0.346122,0.0465629,0.278639,-0.114751,0.724984,0.18364,0.208361,-0.630286,85.19204209214104,3.426508252950326,-47.24048941558318,-17.613788157031784,-11.010336041122422,11.034327554057516
4.71354866027832,-5.49228,4.21141,0.780686,0.327355,0.364604,0.793905,0.0368168,0.456096,0.328137,0.343952,0.649541,0.583387,-0.34562,0.0465424,0.278776,-0.114637,0.724209,0.183537,0.208773,-0.63107,85.21162622005005,3.2362303413795575,-45.80337563506891,-17.85664002859699,-10.889026612328939,11.031177916859333
4.714513778686523,-5.49228,4.21141,0.780686,0.327355,0.364604,0.793905,0.0368168,0.456096,0.328137,0.343952,0.649541,0.583387,-0.34562,0.0465424,0.278776,-0.114637,0.724209,0.183537,0.208773,-0.63107,85.21162622005005,3.2362303413795575,-45.80337563506891,-17.85664002859699,-10.889026612328939,11.031177916859333
4.7581236362457275,-5.42144,4.23135,0.812551,0.328881,0.351672,0.799761,0.0368106,0.456106,0.328134,0.343929,0.649678,0.583197,-0.345706,0.0465789,0.27871,-0.114602,0.725167,0.181908,0.209236,-0.630287,85.27614568656305,3.3296389143969054,-47.160879598219275,-17.641275896257614,-10.34461163818803,10.83368962682598
4.759084463119507,-5.42144,4.23135,0.812551,0.328881,0.351672,0.799761,0.0368106,0.456106,0.328134,0.343929,0.649678,0.583197,-0.345706,0.0465789,0.27871,-0.114602,0.725167,0.181908,0.209236,-0.630287,85.27614568656305,3.3296389143969054,-47.160879598219275,-17.641275896257614,-10.34461163818803,10.83368962682598
4.803524971008301,-5.49789,4.20945,0.819472,0.326714,0.357738,0.793456,0.0368334,0.456115,0.328145,0.343436,0.649903,0.58299,-0.346122,0.0465211,0.278728,-0.114585,0.724354,0.182086,0.208876,-0.63129,85.31637409024053,3.2865259156125184,-46.95341397702704,-17.63683372395294,-10.018987432726151,10.83730605893734
4.804509401321411,-5.49789,4.20945,0.819472,0.326714,0.357738,0.793456,0.0368334,0.456115,0.328145,0.343436,0.649903,0.58299,-0.346122,0.0465211,0.278728,-0.114585,0.724354,0.182086,0.208876,-0.63129,85.31637409024053,3.2865259156125184,-46.95341397702704,-17.63683372395294,-10.018987432726151,10.83730605893734
4.848437309265137,-5.47487,4.22617,0.806343,0.328427,0.357967,0.79718,0.0368048,0.456091,0.328117,0.344488,0.649261,0.583386,-0.345614,0.0465966,0.278681,-0.114636,0.725757,0.182393,0.209055,-0.629528,85.20801915899222,3.3869264699367863,-47.18964372300378,-17.520938531387646,-10.940086309407256,10.780930520348505
4.84941291809082,-5.47487,4.22617,0.806343,0.328427,0.357967,0.79718,0.0368048,0.456091,0.328117,0.344488,0.649261,0.583386,-0.345614,0.0465966,0.278681,-0.114636,0.725757,0.182393,0.209055,-0.629528,85.20801915899222,3.3869264699367863,-47.18964372300378,-17.520938531387646,-10.940086309407256,10.780930520348505
4.893511533737183,-5.41806,4.20756,0.786678,0.327221,0.356864,0.794876,0.0368102,0.456105,0.328134,0.34392,0.649682,0.583218,-0.345672,0.0465778,0.278712,-0.114603,0.725175,0.181881,0.20924,-0.630285,85.28158626724047,3.3267429715521133,-47.17146697520424,-17.648856659565745,-10.348367733918263,10.832707596528138
4.894479990005493,-5.41806,4.20756,0.786678,0.327221,0.356864,0.794876,0.0368102,0.456105,0.328134,0.34392,0.649682,0.583218,-0.345672,0.0465778,0.278712,-0.114603,0.725175,0.181881,0.20924,-0.630285,85.28158626724047,3.3267429715521133,-47.17146697520424,-17.648856659565745,-10.348367733918263,10.832707596528138
4.939706087112427,-5.44633,4.18972,0.819194,0.324963,0.352673,0.790627,0.0368339,0.456117,0.328145,0.343432,0.649901,0.58299,-0.346129,0.046581,0.278713,-0.114602,0.725195,0.18191,0.209203,-0.630266,85.29203687353696,3.415735293722422,-47.94406559780066,-17.683423119394245,-10.03469929231094,10.8803720891129
4.940685272216797,-5.44633,4.18972,0.819194,0.324963,0.352673,0.790627,0.0368339,0.456117,0.328145,0.343432,0.649901,0.58299,-0.346129,0.046581,0.278713,-0.114602,0.725195,0.18191,0.209203,-0.630266,85.29203687353696,3.415735293722422,-47.94406559780066,-17.683423119394245,-10.03469929231094,10.8803720891129
4.985795259475708,-5.45035,4.11685,0.812989,0.318278,0.354155,0.775746,0.0368332,0.456116,0.328144,0.343428,0.649897,0.583011,-0.346106,0.0465919,0.278686,-0.114636,0.725684,0.182399,0.209089,-0.629599,85.26393214151106,3.518453481941637,-48.57284006219675,-17.77673928798888,-10.370987883755113,10.963085961348852
4.986767292022705,-5.45035,4.11685,0.812989,0.318278,0.354155,0.775746,0.0368332,0.456116,0.328144,0.343428,0.649897,0.583011,-0.346106,0.0465919,0.278686,-0.114636,0.725684,0.182399,0.209089,-0.629599,85.26393214151106,3.518453481941637,-48.57284006219675,-17.77673928798888,-10.370987883755113,10.963085961348852
5.033661127090454,-5.39607,4.2128,0.812546,0.327229,0.349647,0.796591,0.0368113,0.456106,0.328134,0.34396,0.649677,0.583198,-0.345675,0.0465224,0.27873,-0.114587,0.724322,0.182129,0.208865,-0.631317,85.30030441250113,3.198293540261574,-46.12702112586023,-17.588065770374843,-10.371043235533818,10.78501812133631
5.03462553024292,-5.39607,4.2128,0.812546,0.327229,0.349647,0.796591,0.0368113,0.456106,0.328134,0.34396,0.649677,0.583198,-0.345675,0.0465224,0.27873,-0.114587,0.724322,0.182129,0.208865,-0.631317,85.30030441250113,3.198293540261574,-46.12702112586023,-17.588065770374843,-10.371043235533818,10.78501812133631
5.078137397766113,-5.46683,4.2033,0.812983,0.32617,0.35602,0.793084,0.0368106,0.456106,0.328134,0.343922,0.649666,0.583222,-0.345694,0.046536,0.278701,-0.114632,0.724813,0.182761,0.208756,-0.630608,85.26134057086627,3.313622710238696,-46.82242851094884,-17.708810002234944,-10.728733118978822,10.90767772073589
5.079104423522949,-5.46683,4.2033,0.812983,0.32617,0.35602,0.793084,0.0368106,0.456106,0.328134,0.343922,0.649666,0.583222,-0.345694,0.046536,0.278701,-0.114632,0.724813,0.182761,0.208756,-0.630608,85.26134057086627,3.313622710238696,-46.82242851094884,-17.708810002234944,-10.728733118978822,10.90767772073589
5.123757600784302,-5.45946,4.2617,0.832498,0.330901,0.351409,0.804869,0.0368096,0.456108,0.328134,0.343919,0.649676,0.583213,-0.345692,0.0465791,0.278711,-0.114601,0.725192,0.181879,0.209191,-0.630282,85.28473911706494,3.3312031492628016,-47.22186460897461,-17.633572564146647,-10.35465473669287,10.819118020945716
5.124734401702881,-5.45946,4.2617,0.832498,0.330901,0.351409,0.804869,0.0368096,0.456108,0.328134,0.343919,0.649676,0.583213,-0.345692,0.0465791,0.278711,-0.114601,0.725192,0.181879,0.209191,-0.630282,85.28473911706494,3.3312031492628016,-47.22186460897461,-17.633572564146647,-10.35465473669287,10.819118020945716
5.169172286987305,-5.41224,4.17078,0.819098,0.323278,0.349635,0.787571,0.0368296,0.456123,0.328151,0.343751,0.649802,0.58313,-0.345764,0.046535,0.2787,-0.114633,0.724828,0.18277,0.208735,-0.630595,85.27195217396665,3.341138764043425,-47.114029338312385,-17.744724292533842,-10.670842178978845,10.94780802856112
5.170136213302612,-5.41224,4.17078,0.819098,0.323278,0.349635,0.787571,0.0368296,0.456123,0.328151,0.343751,0.649802,0.58313,-0.345764,0.046535,0.2787,-0.114633,0.724828,0.18277,0.208735,-0.630595,85.27195217396665,3.341138764043425,-47.114029338312385,-17.744724292533842,-10.670842178978845,10.94780802856112
5.213918209075928,-5.45746,4.2202,0.780087,0.328788,0.362234,0.796373,0.0368575,0.456107,0.328169,0.343875,0.650059,0.5828,-0.345714,0.0465795,0.278711,-0.1146,0.7252,0.181881,0.20921,-0.630266,85.27563303940748,3.3643602295311372,-47.495044638650214,-17.607704210749073,-10.33861088058437,10.833702624577366
5.21488618850708,-5.45746,4.2202,0.780087,0.328788,0.362234,0.796373,0.0368575,0.456107,0.328169,0.343875,0.650059,0.5828,-0.345714,0.0465795,0.278711,-0.1146,0.7252,0.181881,0.20921,-0.630266,85.27563303940748,3.3643602295311372,-47.495044638650214,-17.607704210749073,-10.33861088058437,10.833702624577366
5.259096384048462,-5.42781,4.1876,0.78672,0.325451,0.357726,0.790796,0.0368678,0.456089,0.328154,0.34412,0.649827,0.582844,-0.345832,0.046522,0.278728,-0.114586,0.724345,0.182108,0.208913,-0.631282,85.26212296506093,3.2204976629164737,-46.1347264158902,-17.440272104914364,-10.372140360688796,10.730764859513215
5.260061025619507,-5.42781,4.1876,0.78672,0.325451,0.357726,0.790796,0.0368678,0.456089,0.328154,0.34412,0.649827,0.582844,-0.345832,0.046522,0.278728,-0.114586,0.724345,0.182108,0.208913,-0.631282,85.26212296506093,3.2204976629164737,-46.1347264158902,-17.440272104914364,-10.372140360688796,10.730764859513215
5.304555177688599,-5.44035,4.20666,0.806283,0.326691,0.354883,0.794272,0.0368147,0.456095,0.328136,0.343949,0.649524,0.583402,-0.345629,0.0465798,0.27871,-0.114603,0.725205,0.181897,0.209235,-0.630248,85.28521091321902,3.3153893874396845,-47.07794378084866,-17.65294305416697,-10.408428058029271,10.829595778836595
5.305525779724121,-5.44035,4.20666,0.806283,0.326691,0.354883,0.794272,0.0368147,0.456095,0.328136,0.343949,0.649524,0.583402,-0.345629,0.0465798,0.27871,-0.114603,0.725205,0.181897,0.209235,-0.630248,85.28521091321902,3.3153893874396845,-47.07794378084866,-17.65294305416697,-10.408428058029271,10.829595778836595
5.3498241901397705,-5.46007,4.25314,0.825643,0.33059,0.352605,0.803287,0.0368105,0.456105,0.328135,0.343918,0.649688,0.583201,-0.345691,0.0465379,0.278699,-0.11462,0.724882,0.182603,0.208702,-0.630592,85.27799062190547,3.3185269627788405,-46.97166974216065,-17.66887314653853,-10.699581088006344,10.855645325740355
5.350795269012451,-5.46007,4.25314,0.825643,0.33059,0.352605,0.803287,0.0368105,0.456105,0.328135,0.343918,0.649688,0.583201,-0.345691,0.0465379,0.278699,-0.11462,0.724882,0.182603,0.208702,-0.630592,85.27799062190547,3.3185269627788405,-46.97166974216065,-17.66887314653853,-10.699581088006344,10.855645325740355
5.395596504211426,-5.49296,4.19464,0.793782,0.325633,0.362379,0.790841,0.0368101,0.456106,0.328135,0.343937,0.649675,0.583218,-0.345668,0.0465194,0.278727,-0.114586,0.724331,0.182096,0.208894,-0.631307,85.30324482982836,3.198183967505435,-46.14632477162985,-17.601520966942807,-10.3531544065345,10.793301673249102
5.3965864181518555,-5.49296,4.19464,0.793782,0.325633,0.362379,0.790841,0.0368101,0.456106,0.328135,0.343937,0.649675,0.583218,-0.345668,0.0465194,0.278727,-0.114586,0.724331,0.182096,0.208894,-0.631307,85.30324482982836,3.198183967505435,-46.14632477162985,-17.601520966942807,-10.3531544065345,10.793301673249102
5.441366910934448,-5.466,4.14352,0.800085,0.321087,0.358927,0.780873,0.0368094,0.456105,0.328134,0.343914,0.649666,0.583214,-0.345714,0.0465398,0.278779,-0.114638,0.724183,0.18357,0.208796,-0.631083,85.2000380296675,3.2538729348728546,-45.897926895076836,-17.85485236770667,-10.818748477254385,11.04353685280786
5.442340850830078,-5.466,4.14352,0.800085,0.321087,0.358927,0.780873,0.0368094,0.456105,0.328134,0.343914,0.649666,0.583214,-0.345714,0.0465398,0.278779,-0.114638,0.724183,0.18357,0.208796,-0.631083,85.2000380296675,3.2538729348728546,-45.897926895076836,-17.85485236770667,-10.818748477254385,11.04353685280786
5.4868481159210205,-5.42945,4.24186,0.812753,0.329594,0.352225,0.80162,0.0368102,0.456106,0.328135,0.343912,0.649689,0.583207,-0.345685,0.0465355,0.278701,-0.114632,0.724811,0.182733,0.20873,-0.630626,85.2671577822407,3.31320868645097,-46.85504270965533,-17.70123383425311,-10.723707015871504,10.8987662388402
5.487820386886597,-5.42945,4.24186,0.812753,0.329594,0.352225,0.80162,0.0368102,0.456106,0.328135,0.343912,0.649689,0.583207,-0.345685,0.0465355,0.278701,-0.114632,0.724811,0.182733,0.20873,-0.630626,85.2671577822407,3.31320868645097,-46.85504270965533,-17.70123383425311,-10.723707015871504,10.8987662388402
5.531899690628052,-5.44706,4.17391,0.812718,0.32378,0.354424,0.787508,0.0368163,0.456096,0.328137,0.343943,0.64956,0.583375,-0.345613,0.0465219,0.278731,-0.114586,0.724322,0.182127,0.208904,-0.631306,85.30706712426294,3.1840179645222677,-46.03073518513065,-17.621842029957346,-10.399329432247573,10.798963178552444
5.532885551452637,-5.44706,4.17391,0.812718,0.32378,0.354424,0.787508,0.0368163,0.456096,0.328137,0.343943,0.64956,0.583375,-0.345613,0.0465219,0.278731,-0.114586,0.724322,0.182127,0.208904,-0.631306,85.30706712426294,3.1840179645222677,-46.03073518513065,-17.621842029957346,-10.399329432247573,10.798963178552444
5.576714754104614,-5.47563,4.19896,0.787137,0.326238,0.362301,0.791768,0.0368098,0.456106,0.328135,0.343912,0.649692,0.583185,-0.345716,0.0465959,0.278681,-0.114636,0.725747,0.182388,0.209024,-0.629551,85.25530526552,3.4522308037109593,-48.00360864416575,-17.701706714113765,-10.700889480533341,10.887035770160457
5.577669143676758,-5.47563,4.19896,0.787137,0.326238,0.362301,0.791768,0.0368098,0.456106,0.328135,0.343912,0.649692,0.583185,-0.345716,0.0465959,0.278681,-0.114636,0.725747,0.182388,0.209024,-0.629551,85.25530526552,3.4522308037109593,-48.00360864416575,-17.701706714113765,-10.700889480533341,10.887035770160457
5.62255597114563,-5.52785,4.21375,0.813378,0.326882,0.361532,0.793657,0.0368097,0.456104,0.328134,0.343911,0.649675,0.583212,-0.345704,0.0465219,0.278728,-0.114586,0.72435,0.182094,0.20889,-0.631288,85.3034514758704,3.2059598291086977,-46.21133608800642,-17.597672227025072,-10.331989247286327,10.789519517672964
5.62352991104126,-5.52785,4.21375,0.813378,0.326882,0.361532,0.793657,0.0368097,0.456104,0.328134,0.343911,0.649675,0.583212,-0.345704,0.0465219,0.278728,-0.114586,0.72435,0.182094,0.20889,-0.631288,85.3034514758704,3.2059598291086977,-46.21133608800642,-17.597672227025072,-10.331989247286327,10.789519517672964
5.667043685913086,-5.39612,4.19571,0.793451,0.32572,0.353521,0.793153,0.0368094,0.456104,0.328134,0.343928,0.64966,0.583242,-0.345665,0.0465956,0.278681,-0.114635,0.725747,0.182386,0.209059,-0.62954,85.25562917271725,3.4438261694891423,-47.93827827969518,-17.722870932792645,-10.721268370841864,10.896113092456309
5.668020248413086,-5.39612,4.19571,0.793451,0.32572,0.353521,0.793153,0.0368094,0.456104,0.328134,0.343928,0.64966,0.583242,-0.345665,0.0465956,0.278681,-0.114635,0.725747,0.182386,0.209059,-0.62954,85.25562917271725,3.4438261694891423,-47.93827827969518,-17.722870932792645,-10.721268370841864,10.896113092456309
5.712443828582764,-5.44074,4.20056,0.819454,0.325701,0.352244,0.793034,0.0367983,0.456102,0.328116,0.344409,0.649409,0.58321,-0.345712,0.046583,0.278787,-0.114623,0.724512,0.182884,0.209321,-0.63073,85.15225863222744,3.231311612095312,-45.55395017533831,-17.646740432607395,-10.634807090979324,10.924150094516301
5.713416814804077,-5.44074,4.20056,0.819454,0.325701,0.352244,0.793034,0.0367983,0.456102,0.328116,0.344409,0.649409,0.58321,-0.345712,0.046583,0.278787,-0.114623,0.724512,0.182884,0.209321,-0.63073,85.15225863222744,3.231311612095312,-45.55395017533831,-17.646740432607395,-10.634807090979324,10.924150094516301
5.757924556732178,-5.45413,4.25868,0.800002,0.331313,0.357399,0.804639,0.0368149,0.456112,0.328142,0.34493,0.648118,0.584239,-0.345876,0.0465823,0.278787,-0.114622,0.724489,0.18289,0.209329,-0.630753,85.11278795001412,3.1287491240761005,-44.3285297965776,-17.393650008224647,-10.854633903526775,10.856074561480943
5.758900880813599,-5.45413,4.25868,0.800002,0.331313,0.357399,0.804639,0.0368149,0.456112,0.328142,0.34493,0.648118,0.584239,-0.345876,0.0465823,0.278787,-0.114622,0.724489,0.18289,0.209329,-0.630753,85.11278795001412,3.1287491240761005,-44.3285297965776,-17.393650008224647,-10.854633903526775,10.856074561480943
5.803531885147095,-5.44758,4.21699,0.786985,0.327841,0.359322,0.796372,0.0368341,0.456117,0.328144,0.343408,0.649919,0.582988,-0.346123,0.0465185,0.278731,-0.114587,0.724284,0.182126,0.208927,-0.631341,85.31167157212165,3.2795764994416294,-46.867193730806626,-17.66851432118597,-9.995276169546855,10.86596381001864
5.804512023925781,-5.44758,4.21699,0.786985,0.327841,0.359322,0.796372,0.0368341,0.456117,0.328144,0.343408,0.649919,0.582988,-0.346123,0.0465185,0.278731,-0.114587,0.724284,0.182126,0.208927,-0.631341,85.31167157212165,3.2795764994416294,-46.867193730806626,-17.66851432118597,-9.995276169546855,10.86596381001864
5.849241495132446,-5.43099,4.22052,0.819412,0.327472,0.351383,0.797114,0.0368108,0.456104,0.328134,0.343921,0.649674,0.583199,-0.345717,0.0465953,0.27868,-0.114634,0.725765,0.182349,0.209064,-0.629528,85.25373807504894,3.4515783288869435,-47.99439023052012,-17.700753473594055,-10.686833806867623,10.884911433025884
5.850210189819336,-5.43099,4.22052,0.819412,0.327472,0.351383,0.797114,0.0368108,0.456104,0.328134,0.343921,0.649674,0.583199,-0.345717,0.0465953,0.27868,-0.114634,0.725765,0.182349,0.209064,-0.629528,85.25373807504894,3.4515783288869435,-47.99439023052012,-17.700753473594055,-10.686833806867623,10.884911433025884
5.894624710083008,-5.41323,4.1411,0.779866,0.321768,0.357804,0.781815,0.0368195,0.456104,0.328135,0.34463,0.648235,0.584096,-0.3462,0.046522,0.278731,-0.114587,0.724345,0.182124,0.2089,-0.631281,85.21525833344394,3.1216048133404044,-44.83481939669568,-17.167173614233278,-10.47854821528868,10.630643384550813
5.895591735839844,-5.41323,4.1411,0.779866,0.321768,0.357804,0.781815,0.0368195,0.456104,0.328135,0.34463,0.648235,0.584096,-0.3462,0.046522,0.278731,-0.114587,0.724345,0.182124,0.2089,-0.631281,85.21525833344394,3.1216048133404044,-44.83481939669568,-17.167173614233278,-10.47854821528868,10.630643384550813
5.940882205963135,-5.44351,4.23025,0.799792,0.329007,0.356861,0.798801,0.0368343,0.456116,0.328145,0.343448,0.64989,0.582988,-0.346138,0.0465208,0.278727,-0.114599,0.724318,0.182221,0.208902,-0.631284,85.30156486530645,3.2875459800256195,-46.865390159322054,-17.655380687882182,-10.050776045474995,10.877113286930548
5.941853046417236,-5.44351,4.23025,0.799792,0.329007,0.356861,0.798801,0.0368343,0.456116,0.328145,0.343448,0.64989,0.582988,-0.346138,0.0465208,0.278727,-0.114599,0.724318,0.182221,0.208902,-0.631284,85.30156486530645,3.2875459800256195,-46.865390159322054,-17.655380687882182,-10.050776045474995,10.877113286930548
5.986475229263306,-5.43855,4.22683,0.786832,0.328932,0.35892,0.798479,0.0368102,0.456104,0.328134,0.343926,0.649667,0.583218,-0.345694,0.0465789,0.278711,-0.114604,0.725196,0.181918,0.209223,-0.630256,85.27803404177817,3.3329695151069445,-47.19669010565748,-17.643051898409922,-10.363992101752029,10.831648966422645
5.987436771392822,-5.43855,4.22683,0.786832,0.328932,0.35892,0.798479,0.0368102,0.456104,0.328134,0.343926,0.649667,0.583218,-0.345694,0.0465789,0.278711,-0.114604,0.725196,0.181918,0.209223,-0.630256,85.27803404177817,3.3329695151069445,-47.19669010565748,-17.643051898409922,-10.363992101752029,10.831648966422645
6.0353193283081055,-5.38587,4.16689,0.812777,0.322926,0.349053,0.787222,0.0368165,0.456093,0.328134,0.343995,0.649523,0.583391,-0.345604,0.0465809,0.27871,-0.114602,0.72522,0.181873,0.209248,-0.630233,85.28274145535373,3.3119649993806526,-47.042512625128786,-17.641113313639956,-10.424869408559863,10.817986731578152
6.036316394805908,-5.38587,4.16689,0.812777,0.322926,0.349053,0.787222,0.0368165,0.456093,0.328134,0.343995,0.649523,0.583391,-0.345604,0.0465809,0.27871,-0.114602,0.72522,0.181873,0.209248,-0.630233,85.28274145535373,3.3119649993806526,-47.042512625128786,-17.641113313639956,-10.424869408559863,10.817986731578152
6.081578731536865,-5.50687,4.20168,0.793172,0.326924,0.363878,0.791852,0.0368108,0.456105,0.328133,0.343933,0.649691,0.583172,-0.345719,0.0465796,0.278712,-0.114603,0.725199,0.181907,0.20924,-0.630249,85.27365128776347,3.336945150256511,-47.210222846405024,-17.633840178433672,-10.344884721309505,10.828112414295756
6.082551956176758,-5.50687,4.20168,0.793172,0.326924,0.363878,0.791852,0.0368108,0.456105,0.328133,0.343933,0.649691,0.583172,-0.345719,0.0465796,0.278712,-0.114603,0.725199,0.181907,0.20924,-0.630249,85.27365128776347,3.336945150256511,-47.210222846405024,-17.633840178433672,-10.344884721309505,10.828112414295756
6.127622604370117,-5.41988,4.18168,0.799764,0.324478,0.354119,0.789523,0.0368331,0.456116,0.328144,0.343411,0.649919,0.582997,-0.346105,0.0465777,0.278714,-0.114604,0.72514,0.181914,0.209238,-0.630316,85.29281852477766,3.4066659409451567,-47.87708062039423,-17.707682501316445,-10.017888652704476,10.898006897717668
6.128594636917114,-5.41988,4.18168,0.799764,0.324478,0.354119,0.789523,0.0368331,0.456116,0.328144,0.343411,0.649919,0.582997,-0.346105,0.0465777,0.278714,-0.114604,0.72514,0.181914,0.209238,-0.630316,85.29281852477766,3.4066659409451567,-47.87708062039423,-17.707682501316445,-10.017888652704476,10.898006897717668
6.173276662826538,-5.43548,4.20739,0.806432,0.32675,0.354915,0.794705,0.0368093,0.456106,0.328134,0.343936,0.649657,0.583211,-0.345714,0.0465951,0.278682,-0.114636,0.72575,0.182358,0.209061,-0.629545,85.25254118791281,3.4472648579920415,-47.94998750034893,-17.695611879231702,-10.692726521681017,10.885676311514878
6.174249887466431,-5.43548,4.20739,0.806432,0.32675,0.354915,0.794705,0.0368093,0.456106,0.328134,0.343936,0.649657,0.583211,-0.345714,0.0465951,0.278682,-0.114636,0.72575,0.182358,0.209061,-0.629545,85.25254118791281,3.4472648579920415,-47.94998750034893,-17.695611879231702,-10.692726521681017,10.885676311514878
6.218494653701782,-5.46807,4.25432,0.786662,0.331598,0.36148,0.803357,0.0368321,0.456115,0.328144,0.343459,0.649858,0.58303,-0.346117,0.0465816,0.278787,-0.11462,0.724492,0.182828,0.209281,-0.630783,85.2196406568087,3.341226674819404,-46.82667627268099,-17.85603617780063,-10.165810683331577,11.055755057454633
6.219465970993042,-5.46807,4.25432,0.786662,0.331598,0.36148,0.803357,0.0368321,0.456115,0.328144,0.343459,0.649858,0.58303,-0.346117,0.0465816,0.278787,-0.11462,0.724492,0.182828,0.209281,-0.630783,85.2196406568087,3.341226674819404,-46.82667627268099,-17.85603617780063,-10.165810683331577,11.055755057454633
6.263953685760498,-5.50766,4.1838,0.813149,0.324441,0.359891,0.788229,0.0368338,0.456116,0.328144,0.343461,0.649891,0.582995,-0.346113,0.046595,0.278683,-0.114634,0.725745,0.182321,0.208999,-0.629581,85.27376995846035,3.5234586677174398,-48.672116664916274,-17.7226723519356,-10.386682093187435,10.916426126364712
6.264930009841919,-5.50766,4.1838,0.813149,0.324441,0.359891,0.788229,0.0368338,0.456116,0.328144,0.343461,0.649891,0.582995,-0.346113,0.046595,0.278683,-0.114634,0.725745,0.182321,0.208999,-0.629581,85.27376995846035,3.5234586677174398,-48.672116664916274,-17.7226723519356,-10.386682093187435,10.916426126364712
6.309749126434326,-5.49633,4.2034,0.774107,0.327084,0.366799,0.79279,0.0368325,0.456117,0.328145,0.343413,0.649903,0.583019,-0.346097,0.0465787,0.278713,-0.114602,0.725193,0.181903,0.209217,-0.630265,85.29610665157847,3.412770507126326,-47.94469082423982,-17.70477051301726,-10.037778099812575,10.889921206382166
6.310727596282959,-5.49633,4.2034,0.774107,0.327084,0.366799,0.79279,0.0368325,0.456117,0.328145,0.343413,0.649903,0.583019,-0.346097,0.0465787,0.278713,-0.114602,0.725193,0.181903,0.209217,-0.630265,85.29610665157847,3.412770507126326,-47.94469082423982,-17.70477051301726,-10.037778099812575,10.889921206382166
6.355856895446777,-5.43618,4.20341,0.812823,0.32618,0.353057,0.79371,0.0368096,0.456106,0.328133,0.343933,0.649668,0.58321,-0.3457,0.0465776,0.278712,-0.114602,0.725186,0.181889,0.209215,-0.630278,85.27978925772868,3.3302613613423118,-47.18626976366948,-17.631895774308852,-10.352996806225693,10.821563918032496
6.35682225227356,-5.43618,4.20341,0.812823,0.32618,0.353057,0.79371,0.0368096,0.456106,0.328133,0.343933,0.649668,0.58321,-0.3457,0.0465776,0.278712,-0.114602,0.725186,0.181889,0.209215,-0.630278,85.27978925772868,3.3302613613423118,-47.18626976366948,-17.631895774308852,-10.352996806225693,10.821563918032496
6.402184247970581,-5.4842,4.20564,0.806421,0.326606,0.358783,0.793247,0.0368389,0.456107,0.328145,0.343469,0.649775,0.583183,-0.346005,0.0465963,0.27868,-0.114635,0.725777,0.182334,0.209015,-0.629535,85.28244508004764,3.509636044914096,-48.60004853925842,-17.76303309884409,-10.46096564751267,10.929617811767038
6.403154373168945,-5.4842,4.20564,0.806421,0.326606,0.358783,0.793247,0.0368389,0.456107,0.328145,0.343469,0.649775,0.583183,-0.346005,0.0465963,0.27868,-0.114635,0.725777,0.182334,0.209015,-0.629535,85.28244508004764,3.509636044914096,-48.60004853925842,-17.76303309884409,-10.46096564751267,10.929617811767038
6.448125839233398,-5.45049,4.18061,0.819496,0.323931,0.353106,0.788953,0.0368339,0.456117,0.328145,0.343447,0.649907,0.58299,-0.346105,0.0465784,0.278712,-0.114601,0.725174,0.181891,0.209238,-0.630284,85.29065599754045,3.408539903738386,-47.88355751006986,-17.690942158006003,-10.030311358263802,10.886372751550844
6.449099779129028,-5.45049,4.18061,0.819496,0.323931,0.353106,0.788953,0.0368339,0.456117,0.328145,0.343447,0.649907,0.58299,-0.346105,0.0465784,0.278712,-0.114601,0.725174,0.181891,0.209238,-0.630284,85.29065599754045,3.408539903738386,-47.88355751006986,-17.690942158006003,-10.030311358263802,10.886372751550844
6.49384880065918,-5.4551,4.17872,0.806555,0.32399,0.356269,0.788221,0.0367979,0.456102,0.328116,0.344426,0.649396,0.583221,-0.3457,0.0465968,0.278683,-0.114635,0.725761,0.182351,0.209018,-0.629548,85.21060717477917,3.406765438973078,-47.378963017759006,-17.500522316933775,-10.85998792494088,10.770323631646704
6.494799613952637,-5.4551,4.17872,0.806555,0.32399,0.356269,0.788221,0.0367979,0.456102,0.328116,0.344426,0.649396,0.583221,-0.3457,0.0465968,0.278683,-0.114635,0.725761,0.182351,0.209018,-0.629548,85.21060717477917,3.406765438973078,-47.378963017759006,-17.500522316933775,-10.85998792494088,10.770323631646704
6.540629625320435,-5.44708,4.16821,0.806353,0.323277,0.355716,0.786361,0.0368106,0.456106,0.328134,0.343945,0.649683,0.583189,-0.345695,0.0465247,0.278805,-0.114604,0.723664,0.183041,0.208955,-0.631778,85.22729608666137,3.1397146296009155,-45.13081247500645,-17.768271874380797,-10.478346665867761,10.965309541698293
6.541603088378906,-5.44708,4.16821,0.806353,0.323277,0.355716,0.786361,0.0368106,0.456106,0.328134,0.343945,0.649683,0.583189,-0.345695,0.0465247,0.278805,-0.114604,0.723664,0.183041,0.208955,-0.631778,85.22729608666137,3.1397146296009155,-45.13081247500645,-17.768271874380797,-10.478346665867761,10.965309541698293
6.5867955684661865,-5.54175,4.20274,0.813245,0.326126,0.362929,0.791285,0.0368344,0.456116,0.328144,0.34345,0.649896,0.583003,-0.346099,0.0465209,0.278731,-0.114588,0.724312,0.182133,0.208891,-0.631319,85.31228573031305,3.2785820227612636,-46.86000605027068,-17.651250053633287,-10.036838539363346,10.851496113468418
6.587777614593506,-5.54175,4.20274,0.813245,0.326126,0.362929,0.791285,0.0368344,0.456116,0.328144,0.34345,0.649896,0.583003,-0.346099,0.0465209,0.278731,-0.114588,0.724312,0.182133,0.208891,-0.631319,85.31228573031305,3.2785820227612636,-46.86000605027068,-17.651250053633287,-10.036838539363346,10.851496113468418
6.633235931396484,-5.494,4.18664,0.786891,0.325373,0.363621,0.789111,0.0368304,0.456123,0.328151,0.343789,0.6498,0.583119,-0.345748,0.046536,0.278701,-0.11462,0.724869,0.182598,0.208714,-0.630605,85.28389987427418,3.33569496500485,-47.15399469214846,-17.697394996224126,-10.642268655604914,10.893819200458001
6.634196043014526,-5.494,4.18664,0.786891,0.325373,0.363621,0.789111,0.0368304,0.456123,0.328151,0.343789,0.6498,0.583119,-0.345748,0.046536,0.278701,-0.11462,0.724869,0.182598,0.208714,-0.630605,85.28389987427418,3.33569496500485,-47.15399469214846,-17.697394996224126,-10.642268655604914,10.893819200458001
6.679865598678589,-5.40644,4.25243,0.793122,0.331197,0.354772,0.804367,0.0368101,0.456105,0.328134,0.343933,0.649668,0.583204,-0.345708,0.0465265,0.278804,-0.114605,0.723676,0.183067,0.20896,-0.631756,85.22532703088508,3.1437392838670863,-45.149736905092446,-17.77599912115858,-10.479661575913843,10.97297563284754
6.680822134017944,-5.40644,4.25243,0.793122,0.331197,0.354772,0.804367,0.0368101,0.456105,0.328134,0.343933,0.649668,0.583204,-0.345708,0.0465265,0.278804,-0.114605,0.723676,0.183067,0.20896,-0.631756,85.22532703088508,3.1437392838670863,-45.149736905092446,-17.77599912115858,-10.479661575913843,10.97297563284754
6.726477384567261,-5.46682,4.209,0.819348,0.326673,0.354729,0.79423,0.0368073,0.456112,0.32814,0.344294,0.649557,0.583337,-0.345334,0.0465946,0.278681,-0.114634,0.72578,0.182336,0.209024,-0.629528,85.2527704286288,3.3892741840251457,-47.4997380136318,-17.667080884055316,-10.979762298536578,10.851345819001846
6.727449893951416,-5.46682,4.209,0.819348,0.326673,0.354729,0.79423,0.0368073,0.456112,0.32814,0.344294,0.649557,0.583337,-0.345334,0.0465946,0.278681,-0.114634,0.72578,0.182336,0.209024,-0.629528,85.2527704286288,3.3892741840251457,-47.4997380136318,-17.667080884055316,-10.979762298536578,10.851345819001846
6.773255109786987,-5.49332,4.218,0.819206,0.327695,0.357259,0.795278,0.0368165,0.456094,0.328135,0.344,0.649506,0.583384,-0.345643,0.0465816,0.278787,-0.114621,0.724487,0.182873,0.209258,-0.630783,85.2080643935702,3.2449397401386424,-45.95647411446556,-17.8037810927595,-10.565606713726924,10.99275829575573
6.774236440658569,-5.49332,4.218,0.819206,0.327695,0.357259,0.795278,0.0368165,0.456094,0.328135,0.344,0.649506,0.583384,-0.345643,0.0465816,0.278787,-0.114621,0.724487,0.182873,0.209258,-0.630783,85.2080643935702,3.2449397401386424,-45.95647411446556,-17.8037810927595,-10.565606713726924,10.99275829575573
6.820164918899536,-5.43515,4.21141,0.819714,0.32644,0.351816,0.79544,0.0368325,0.456116,0.328145,0.343406,0.649915,0.582993,-0.346123,0.0465207,0.278729,-0.114599,0.72431,0.18223,0.208911,-0.631287,85.30533931783289,3.2889004805097373,-46.89902225708019,-17.680984990651137,-10.040033564777653,10.889563627574876
6.821141481399536,-5.43515,4.21141,0.819714,0.32644,0.351816,0.79544,0.0368325,0.456116,0.328145,0.343406,0.649915,0.582993,-0.346123,0.0465207,0.278729,-0.114599,0.72431,0.18223,0.208911,-0.631287,85.30533931783289,3.2889004805097373,-46.89902225708019,-17.680984990651137,-10.040033564777653,10.889563627574876
6.867148160934448,-5.49714,4.21594,0.786765,0.328191,0.364307,0.794786,0.0368613,0.456099,0.328152,0.344076,0.64995,0.58269,-0.345904,0.0465224,0.278729,-0.114586,0.724364,0.182115,0.208888,-0.631266,85.25926310414627,3.2422228329049414,-46.312265122681836,-17.43244707487784,-10.323399337417008,10.729784699084735
6.868107080459595,-5.49714,4.21594,0.786765,0.328191,0.364307,0.794786,0.0368613,0.456099,0.328152,0.344076,0.64995,0.58269,-0.345904,0.0465224,0.278729,-0.114586,0.724364,0.182115,0.208888,-0.631266,85.25926310414627,3.2422228329049414,-46.312265122681836,-17.43244707487784,-10.323399337417008,10.729784699084735
6.913759231567383,-5.46029,4.16161,0.799966,0.322698,0.357944,0.784816,0.0368109,0.456105,0.328134,0.343942,0.649688,0.583196,-0.345675,0.0465988,0.278679,-0.114636,0.725795,0.182374,0.209025,-0.629499,85.25613522124686,3.4536285473828943,-48.024756443191684,-17.702339869280628,-10.733571854148412,10.881297992165887
6.914728879928589,-5.46029,4.16161,0.799966,0.322698,0.357944,0.784816,0.0368109,0.456105,0.328134,0.343942,0.649688,0.583196,-0.345675,0.0465988,0.278679,-0.114636,0.725795,0.182374,0.209025,-0.629499,85.25613522124686,3.4536285473828943,-48.024756443191684,-17.702339869280628,-10.733571854148412,10.881297992165887
6.960442781448364,-5.49537,4.23974,0.800132,0.329635,0.361314,0.799636,0.0368108,0.456104,0.328134,0.343929,0.649674,0.583199,-0.34571,0.0465219,0.27873,-0.114588,0.724343,0.182115,0.208912,-0.631282,85.29733525246306,3.205629827922913,-46.17462663983225,-17.595788542683604,-10.33558927201785,10.79483503814743
6.961410760879517,-5.49537,4.23974,0.800132,0.329635,0.361314,0.799636,0.0368108,0.456104,0.328134,0.343929,0.649674,0.583199,-0.34571,0.0465219,0.27873,-0.114588,0.724343,0.182115,0.208912,-0.631282,85.29733525246306,3.205629827922913,-46.17462663983225,-17.595788542683604,-10.33558927201785,10.79483503814743
7.008039236068726,-5.46239,4.1989,0.806731,0.325776,0.357389,0.792222,0.0368093,0.456105,0.328134,0.343938,0.649672,0.583207,-0.345692,0.0465225,0.278729,-0.114588,0.724351,0.182148,0.208905,-0.631265,85.29600861494129,3.2062720768217825,-46.17021480785661,-17.6060406315915,-10.360293441333207,10.801053096221171
7.009004831314087,-5.46239,4.1989,0.806731,0.325776,0.357389,0.792222,0.0368093,0.456105,0.328134,0.343938,0.649672,0.583207,-0.345692,0.0465225,0.278729,-0.114588,0.724351,0.182148,0.208905,-0.631265,85.29600861494129,3.2062720768217825,-46.17021480785661,-17.6060406315915,-10.360293441333207,10.801053096221171
7.055194854736328,-5.45882,4.19279,0.812781,0.325457,0.355467,0.791224,0.036809,0.456105,0.328134,0.343929,0.649662,0.583231,-0.345678,0.0465773,0.278711,-0.1146,0.725149,0.181878,0.209191,-0.630332,85.28563445116397,3.32119603904152,-47.14195977341073,-17.6330372549414,-10.354111255879298,10.817813405635818
7.056164741516113,-5.45882,4.19279,0.812781,0.325457,0.355467,0.791224,0.036809,0.456105,0.328134,0.343929,0.649662,0.583231,-0.345678,0.0465773,0.278711,-0.1146,0.725149,0.181878,0.209191,-0.630332,85.28563445116397,3.32119603904152,-47.14195977341073,-17.6330372549414,-10.354111255879298,10.817813405635818
7.101862907409668,-5.47647,4.25874,0.800035,0.331321,0.359394,0.803979,0.036798,0.456103,0.328115,0.344434,0.649421,0.583192,-0.345695,0.0465791,0.27871,-0.114601,0.725174,0.181872,0.209213,-0.630298,85.23256764581001,3.28676897707462,-46.559462487622284,-17.438646113434725,-10.497927320471774,10.716084338249821
7.102823734283447,-5.47647,4.25874,0.800035,0.331321,0.359394,0.803979,0.036798,0.456103,0.328115,0.344434,0.649421,0.583192,-0.345695,0.0465791,0.27871,-0.114601,0.725174,0.181872,0.209213,-0.630298,85.23256764581001,3.28676897707462,-46.559462487622284,-17.438646113434725,-10.497927320471774,10.716084338249821
7.1476874351501465,-5.42656,4.16034,0.818929,0.322572,0.351077,0.785051,0.0368095,0.456105,0.328134,0.343935,0.649672,0.583205,-0.345699,0.0465346,0.278702,-0.114633,0.724794,0.182747,0.208762,-0.630631,85.25995777713604,3.3102115409699313,-46.78902861177909,-17.697428910710865,-10.718141727020225,10.903374850935574
7.148655414581299,-5.42656,4.16034,0.818929,0.322572,0.351077,0.785051,0.0368095,0.456105,0.328134,0.343935,0.649672,0.583205,-0.345699,0.0465346,0.278702,-0.114633,0.724794,0.182747,0.208762,-0.630631,85.25995777713604,3.3102115409699313,-46.78902861177909,-17.697428910710865,-10.718141727020225,10.903374850935574
7.195017337799072,-5.44037,4.20096,0.799918,0.326188,0.356175,0.793126,0.0368373,0.456113,0.328153,0.343813,0.649661,0.583314,-0.345655,0.0466199,0.278691,-0.114594,0.725292,0.182178,0.208639,-0.630264,85.32842961224728,3.363463772102292,-47.665813582607896,-17.630104701025978,-10.607544976350436,10.780396383061273
7.195994853973389,-5.44037,4.20096,0.799918,0.326188,0.356175,0.793126,0.0368373,0.456113,0.328153,0.343813,0.649661,0.583314,-0.345655,0.0466199,0.278691,-0.114594,0.725292,0.182178,0.208639,-0.630264,85.32842961224728,3.363463772102292,-47.665813582607896,-17.630104701025978,-10.607544976350436,10.780396383061273
7.241936922073364,-5.43793,4.16725,0.806298,0.323193,0.354657,0.786623,0.0368335,0.456116,0.328145,0.343441,0.649904,0.583,-0.346097,0.046582,0.278711,-0.114603,0.725232,0.181864,0.209201,-0.630237,85.29705826578194,3.4160787706689955,-47.98245940232541,-17.679252723941858,-10.043570786253207,10.87257181839306
7.242907762527466,-5.43793,4.16725,0.806298,0.323193,0.354657,0.786623,0.0368335,0.456116,0.328145,0.343441,0.649904,0.583,-0.346097,0.046582,0.278711,-0.114603,0.725232,0.181864,0.209201,-0.630237,85.29705826578194,3.4160787706689955,-47.98245940232541,-17.679252723941858,-10.043570786253207,10.87257181839306
7.2882959842681885,-5.45364,4.2042,0.813005,0.326246,0.355084,0.793482,0.0368091,0.456104,0.328133,0.343918,0.64967,0.583214,-0.345702,0.0465216,0.278728,-0.114586,0.724361,0.182116,0.208857,-0.631279,85.30425540027088,3.2081523984170297,-46.23026638247813,-17.593332904530655,-10.354315891826442,10.78291110808781
7.289264440536499,-5.45364,4.2042,0.813005,0.326246,0.355084,0.793482,0.0368091,0.456104,0.328133,0.343918,0.64967,0.583214,-0.345702,0.0465216,0.278728,-0.114586,0.724361,0.182116,0.208857,-0.631279,85.30425540027088,3.2081523984170297,-46.23026638247813,-17.593332904530655,-10.354315891826442,10.78291110808781
7.335596561431885,-5.47595,4.1976,0.826245,0.325213,0.354394,0.791732,0.0368088,0.456105,0.328133,0.343922,0.649661,0.58321,-0.345723,0.0465795,0.278709,-0.114602,0.725192,0.18188,0.209227,-0.63027,85.27871203869081,3.333105349637198,-47.20328380720376,-17.63079771509739,-10.333271583192726,10.82446841168082
7.336559057235718,-5.47595,4.1976,0.826245,0.325213,0.354394,0.791732,0.0368088,0.456105,0.328133,0.343922,0.649661,0.58321,-0.345723,0.0465795,0.278709,-0.114602,0.725192,0.18188,0.209227,-0.63027,85.27871203869081,3.333105349637198,-47.20328380720376,-17.63079771509739,-10.333271583192726,10.82446841168082
7.382583141326904,-5.43161,4.21196,0.812557,0.327161,0.352579,0.795532,0.0368194,0.456106,0.328135,0.344598,0.648249,0.584115,-0.346173,0.04654,0.278777,-0.114637,0.724196,0.183532,0.208749,-0.631094,85.12886253156098,3.168817237708543,-44.633820451183425,-17.423964048165292,-10.966082546420399,10.870633481996006
7.383554935455322,-5.43161,4.21196,0.812557,0.327161,0.352579,0.795532,0.0368194,0.456106,0.328135,0.344598,0.648249,0.584115,-0.346173,0.04654,0.278777,-0.114637,0.724196,0.183532,0.208749,-0.631094,85.12886253156098,3.168817237708543,-44.633820451183425,-17.423964048165292,-10.966082546420399,10.870633481996006
7.42988395690918,-5.45107,4.25159,0.81276,0.330675,0.354786,0.803102,0.0368331,0.456115,0.328145,0.343446,0.649899,0.582992,-0.346116,0.0465807,0.278708,-0.114602,0.725225,0.181875,0.209219,-0.630236,85.29256739764733,3.4167779862582957,-47.961660370651465,-17.67982876135319,-10.035746974413728,10.877639205910764
7.430856943130493,-5.45107,4.25159,0.81276,0.330675,0.354786,0.803102,0.0368331,0.456115,0.328145,0.343446,0.649899,0.582992,-0.346116,0.0465807,0.278708,-0.114602,0.725225,0.181875,0.209219,-0.630236,85.29256739764733,3.4167779862582957,-47.961660370651465,-17.67982876135319,-10.035746974413728,10.877639205910764
7.477552890777588,-5.47139,4.20045,0.819614,0.325692,0.355207,0.792408,0.0368102,0.456105,0.328134,0.343937,0.649656,0.583225,-0.345693,0.0465374,0.278699,-0.114634,0.724849,0.182757,0.208736,-0.630574,85.26191212790894,3.31789174786199,-46.860509666622335,-17.696418751709984,-10.74600225537823,10.899515184994971
7.478521108627319,-5.47139,4.20045,0.819614,0.325692,0.355207,0.792408,0.0368102,0.456105,0.328134,0.343937,0.649656,0.583225,-0.345693,0.0465374,0.278699,-0.114634,0.724849,0.182757,0.208736,-0.630574,85.26191212790894,3.31789174786199,-46.860509666622335,-17.696418751709984,-10.74600225537823,10.899515184994971
7.52519154548645,-5.52086,4.1772,0.806762,0.323862,0.362118,0.786684,0.0368093,0.456107,0.328133,0.343943,0.649646,0.583208,-0.345733,0.0465793,0.278712,-0.114601,0.725187,0.181898,0.209222,-0.630272,85.27503019127784,3.3322383417851804,-47.172209350137344,-17.621982224556408,-10.343248998892484,10.820392306608163
7.526159763336182,-5.52086,4.1772,0.806762,0.323862,0.362118,0.786684,0.0368093,0.456107,0.328133,0.343943,0.649646,0.583208,-0.345733,0.0465793,0.278712,-0.114601,0.725187,0.181898,0.209222,-0.630272,85.27503019127784,3.3322383417851804,-47.172209350137344,-17.621982224556408,-10.343248998892484,10.820392306608163
7.572546482086182,-5.42045,4.2403,0.79987,0.329679,0.354406,0.801435,0.0368095,0.456104,0.328134,0.343936,0.649669,0.583207,-0.345699,0.0465207,0.278733,-0.114585,0.72431,0.182121,0.208897,-0.631324,85.29887076918914,3.1986831844164216,-46.121689837341215,-17.594806247832874,-10.33952091214774,10.789524228610162
7.5735085010528564,-5.42045,4.2403,0.79987,0.329679,0.354406,0.801435,0.0368095,0.456104,0.328134,0.343936,0.649669,0.583207,-0.345699,0.0465207,0.278733,-0.114585,0.72431,0.182121,0.208897,-0.631324,85.29887076918914,3.1986831844164216,-46.121689837341215,-17.594806247832874,-10.33952091214774,10.789524228610162
7.619668483734131,-5.47862,4.22884,0.799839,0.328888,0.359748,0.79789,0.0368106,0.456106,0.328135,0.343914,0.649684,0.583206,-0.345694,0.046579,0.278712,-0.114602,0.725164,0.181883,0.209207,-0.630307,85.28332321618993,3.3278435406149893,-47.186807970855156,-17.63619482821243,-10.342392867271862,10.824716740981351
7.620626211166382,-5.47862,4.22884,0.799839,0.328888,0.359748,0.79789,0.0368106,0.456106,0.328135,0.343914,0.649684,0.583206,-0.345694,0.046579,0.278712,-0.114602,0.725164,0.181883,0.209207,-0.630307,85.28332321618993,3.3278435406149893,-47.186807970855156,-17.63619482821243,-10.342392867271862,10.824716740981351
7.66675329208374,-5.39824,4.17721,0.805985,0.324293,0.351292,0.789357,0.0368102,0.456106,0.328134,0.343914,0.649685,0.583194,-0.345713,0.0465227,0.278727,-0.114588,0.724354,0.182123,0.20886,-0.631284,85.30264926830053,3.209704657119607,-46.23530059281016,-17.592576845129223,-10.347164507932137,10.788825040715547
7.6677186489105225,-5.39824,4.17721,0.805985,0.324293,0.351292,0.789357,0.0368102,0.456106,0.328134,0.343914,0.649685,0.583194,-0.345713,0.0465227,0.278727,-0.114588,0.724354,0.182123,0.20886,-0.631284,85.30264926830053,3.209704657119607,-46.23530059281016,-17.592576845129223,-10.347164507932137,10.788825040715547
7.713917255401611,-5.51567,4.19431,0.813351,0.325154,0.360444,0.790089,0.0368346,0.456119,0.328146,0.343353,0.649967,0.582974,-0.346112,0.0465948,0.278682,-0.114634,0.725755,0.182342,0.209052,-0.629547,85.27717035026915,3.5361922000453947,-48.79908144159617,-17.785891543524542,-10.347074345659157,10.957605155630734
7.714886903762817,-5.51567,4.19431,0.813351,0.325154,0.360444,0.790089,0.0368346,0.456119,0.328146,0.343353,0.649967,0.582974,-0.346112,0.0465948,0.278682,-0.114634,0.725755,0.182342,0.209052,-0.629547,85.27717035026915,3.5361922000453947,-48.79908144159617,-17.785891543524542,-10.347074345659157,10.957605155630734
7.762019872665405,-5.42081,4.24561,0.825771,0.329694,0.349184,0.802489,0.0368336,0.456117,0.328144,0.343411,0.649919,0.582989,-0.346118,0.0465968,0.278679,-0.114635,0.72576,0.182353,0.209006,-0.629552,85.27486761306176,3.5323479135587577,-48.74795200905783,-17.753032720823384,-10.379839922392593,10.937022728996961
7.762988805770874,-5.42081,4.24561,0.825771,0.329694,0.349184,0.802489,0.0368336,0.456117,0.328144,0.343411,0.649919,0.582989,-0.346118,0.0465968,0.278679,-0.114635,0.72576,0.182353,0.209006,-0.629552,85.27486761306176,3.5323479135587577,-48.74795200905783,-17.753032720823384,-10.379839922392593,10.937022728996961
7.8105998039245605,-5.46127,4.2208,0.800036,0.327949,0.358276,0.79658,0.0368128,0.456103,0.328142,0.344292,0.649439,0.583503,-0.345277,0.0465937,0.278683,-0.114635,0.725712,0.18237,0.209017,-0.6296,85.25966664439206,3.365540407793589,-47.323944356445324,-17.688039567301992,-11.017686766432803,10.860465487128298
7.8115785121917725,-5.46127,4.2208,0.800036,0.327949,0.358276,0.79658,0.0368128,0.456103,0.328142,0.344292,0.649439,0.583503,-0.345277,0.0465937,0.278683,-0.114635,0.725712,0.18237,0.209017,-0.6296,85.25966664439206,3.365540407793589,-47.323944356445324,-17.688039567301992,-11.017686766432803,10.860465487128298
7.859462022781372,-5.48219,4.1668,0.8064,0.323158,0.358602,0.78545,0.036835,0.456117,0.328144,0.34344,0.649915,0.582977,-0.346118,0.046522,0.278728,-0.114586,0.724353,0.182104,0.208882,-0.631284,85.31404577321103,3.287525141890399,-46.94937448131061,-17.643249601980298,-10.02625233243575,10.843212187767069
7.860438585281372,-5.48219,4.1668,0.8064,0.323158,0.358602,0.78545,0.036835,0.456117,0.328144,0.34344,0.649915,0.582977,-0.346118,0.046522,0.278728,-0.114586,0.724353,0.182104,0.208882,-0.631284,85.31404577321103,3.287525141890399,-46.94937448131061,-17.643249601980298,-10.02625233243575,10.843212187767069
7.907901763916016,-5.46373,4.18067,0.799902,0.324393,0.358018,0.788498,0.0368111,0.456107,0.328135,0.343902,0.649699,0.583204,-0.345681,0.0465402,0.278776,-0.114638,0.724213,0.18357,0.208769,-0.631058,85.20565093882782,3.2583269588328267,-45.96948968374035,-17.866001648791787,-10.843137299056677,11.044543466000702
7.908872842788696,-5.46373,4.18067,0.799902,0.324393,0.358018,0.788498,0.0368111,0.456107,0.328135,0.343902,0.649699,0.583204,-0.345681,0.0465402,0.278776,-0.114638,0.724213,0.18357,0.208769,-0.631058,85.20565093882782,3.2583269588328267,-45.96948968374035,-17.866001648791787,-10.843137299056677,11.044543466000702
7.956955671310425,-5.39811,4.24024,0.799837,0.329671,0.352411,0.802096,0.0368347,0.456117,0.328144,0.343459,0.649906,0.58299,-0.346094,0.0465361,0.2787,-0.114633,0.724812,0.182741,0.208743,-0.630619,85.27499277712708,3.3912491417408384,-47.53244242892629,-17.745979357606767,-10.419227349414278,10.95502987689896
7.9579386711120605,-5.39811,4.24024,0.799837,0.329671,0.352411,0.802096,0.0368347,0.456117,0.328144,0.343459,0.649906,0.58299,-0.346094,0.0465361,0.2787,-0.114633,0.724812,0.182741,0.208743,-0.630619,85.27499277712708,3.3912491417408384,-47.53244242892629,-17.745979357606767,-10.419227349414278,10.95502987689896
8.005833864212036,-5.4517,4.23733,0.79954,0.329861,0.357274,0.800373,0.0368082,0.456107,0.328134,0.343916,0.649651,0.583228,-0.345718,0.0465934,0.278684,-0.114635,0.725702,0.182401,0.209016,-0.629603,85.25600098604794,3.442451737881508,-47.92000282460161,-17.701689377445028,-10.700706707139203,10.886685854812065
8.006801843643188,-5.4517,4.23733,0.79954,0.329861,0.357274,0.800373,0.0368082,0.456107,0.328134,0.343916,0.649651,0.583228,-0.345718,0.0465934,0.278684,-0.114635,0.725702,0.182401,0.209016,-0.629603,85.25600098604794,3.442451737881508,-47.92000282460161,-17.701689377445028,-10.700706707139203,10.886685854812065
8.05512809753418,-5.49679,4.2076,0.806889,0.326338,0.359815,0.793285,0.0368336,0.456117,0.328144,0.34343,0.649917,0.582987,-0.346107,0.0465198,0.278731,-0.114586,0.724307,0.182127,0.208912,-0.63132,85.31182705219175,3.280595195633078,-46.877604132794936,-17.66235649074369,-10.017058155706987,10.858270347382307
8.056092023849487,-5.49679,4.2076,0.806889,0.326338,0.359815,0.793285,0.0368336,0.456117,0.328144,0.34343,0.649917,0.582987,-0.346107,0.0465198,0.278731,-0.114586,0.724307,0.182127,0.208912,-0.63132,85.31182705219175,3.280595195633078,-46.877604132794936,-17.66235649074369,-10.017058155706987,10.858270347382307
8.103829622268677,-5.40611,4.25645,0.806404,0.330887,0.351673,0.805102,0.0368034,0.456093,0.328118,0.344465,0.649253,0.583395,-0.345636,0.0465217,0.278727,-0.114599,0.72431,0.182232,0.208906,-0.631289,85.24696738490867,3.1443230556544144,-45.33870022505445,-17.432950967168836,-10.587869327103457,10.721046459351038
8.104799747467041,-5.40611,4.25645,0.806404,0.330887,0.351673,0.805102,0.0368034,0.456093,0.328118,0.344465,0.649253,0.583395,-0.345636,0.0465217,0.278727,-0.114599,0.72431,0.182232,0.208906,-0.631289,85.24696738490867,3.1443230556544144,-45.33870022505445,-17.432950967168836,-10.587869327103457,10.721046459351038
8.152728796005249,-5.46371,4.18636,0.806267,0.324896,0.356727,0.789645,0.0368091,0.456106,0.328135,0.343928,0.649674,0.583204,-0.345704,0.0465966,0.27868,-0.114635,0.725787,0.182346,0.209046,-0.629509,85.25586870619296,3.453414428377567,-48.02159068766908,-17.697214812759967,-10.701322981256181,10.881905964442955
8.153703212738037,-5.46371,4.18636,0.806267,0.324896,0.356727,0.789645,0.0368091,0.456106,0.328135,0.343928,0.649674,0.583204,-0.345704,0.0465966,0.27868,-0.114635,0.725787,0.182346,0.209046,-0.629509,85.25586870619296,3.453414428377567,-48.02159068766908,-17.697214812759967,-10.701322981256181,10.881905964442955
8.201578378677368,-5.43377,4.17637,0.805996,0.324225,0.354224,0.788297,0.0368094,0.456106,0.328134,0.343917,0.649669,0.583208,-0.345715,0.0465338,0.278703,-0.114618,0.724839,0.182597,0.208676,-0.630652,85.27978141100536,3.312340347169473,-46.92448989495971,-17.65333119429062,-10.686232485420048,10.84326554434088
8.2025625705719,-5.43377,4.17637,0.805996,0.324225,0.354224,0.788297,0.0368094,0.456106,0.328134,0.343917,0.649669,0.583208,-0.345715,0.0465338,0.278703,-0.114618,0.724839,0.182597,0.208676,-0.630652,85.27978141100536,3.312340347169473,-46.92448989495971,-17.65333119429062,-10.686232485420048,10.84326554434088
8.2505362033844,-5.41426,4.20392,0.812754,0.326222,0.351107,0.794222,0.0368337,0.456116,0.328145,0.343438,0.649905,0.58299,-0.346116,0.0465951,0.278681,-0.114636,0.725765,0.182387,0.209025,-0.62953,85.26798698861134,3.53244237061726,-48.70753184824526,-17.752410221064455,-10.39993318334692,10.941794043528247
8.251530408859253,-5.41426,4.20392,0.812754,0.326222,0.351107,0.794222,0.0368337,0.456116,0.328145,0.343438,0.649905,0.58299,-0.346116,0.0465951,0.278681,-0.114636,0.725765,0.182387,0.209025,-0.62953,85.26798698861134,3.53244237061726,-48.70753184824526,-17.752410221064455,-10.39993318334692,10.941794043528247
8.29935359954834,-5.45088,4.17185,0.780277,0.324276,0.361473,0.787016,0.0368403,0.456106,0.328145,0.343485,0.649766,0.583175,-0.346018,0.0465792,0.278711,-0.114601,0.72521,0.181881,0.20923,-0.630248,85.29876870674036,3.393276910761159,-47.79182197922293,-17.699390062171883,-10.106383614679554,10.876592011814484
8.300616979598999,-5.45088,4.17185,0.780277,0.324276,0.361473,0.787016,0.0368403,0.456106,0.328145,0.343485,0.649766,0.583175,-0.346018,0.0465792,0.278711,-0.114601,0.72521,0.181881,0.20923,-0.630248,85.29876870674036,3.393276910761159,-47.79182197922293,-17.699390062171883,-10.106383614679554,10.876592011814484
8.348426103591919,-5.46123,4.21984,0.819608,0.327411,0.3543,0.796637,0.0368222,0.456114,0.328125,0.343931,0.649635,0.582985,-0.34614,0.0465943,0.278682,-0.114633,0.725757,0.182336,0.209036,-0.629551,85.22113625049266,3.489523680299514,-48.09690997205612,-17.550005406237506,-10.519997527641266,10.827246302593373
8.349396705627441,-5.46123,4.21984,0.819608,0.327411,0.3543,0.796637,0.0368222,0.456114,0.328125,0.343931,0.649635,0.582985,-0.34614,0.0465943,0.278682,-0.114633,0.725757,0.182336,0.209036,-0.629551,85.22113625049266,3.489523680299514,-48.09690997205612,-17.550005406237506,-10.519997527641266,10.827246302593373
8.397046327590942,-5.4766,4.17764,0.80666,0.323897,0.358173,0.787857,0.0368099,0.456105,0.328135,0.343935,0.649677,0.583194,-0.345708,0.0465139,0.278726,-0.114579,0.724288,0.182059,0.208753,-0.631414,85.31645694905951,3.1937582615985374,-46.173581443007016,-17.548361833983968,-10.350888910038996,10.742800865548618
8.398010015487671,-5.4766,4.17764,0.80666,0.323897,0.358173,0.787857,0.0368099,0.456105,0.328135,0.343935,0.649677,0.583194,-0.345708,0.0465139,0.278726,-0.114579,0.724288,0.182059,0.208753,-0.631414,85.31645694905951,3.1937582615985374,-46.173581443007016,-17.548361833983968,-10.350888910038996,10.742800865548618
8.445944786071777,-5.49692,4.28941,0.812919,0.334037,0.358867,0.809874,0.0367966,0.456102,0.328114,0.344433,0.649373,0.583206,-0.345761,0.0465943,0.278682,-0.114635,0.72575,0.182359,0.209045,-0.629549,85.2021337296789,3.409621042725251,-47.35139160386156,-17.487567554898725,-10.831775320933057,10.771389741163201
8.44692349433899,-5.49692,4.28941,0.812919,0.334037,0.358867,0.809874,0.0367966,0.456102,0.328114,0.344433,0.649373,0.583206,-0.345761,0.0465943,0.278682,-0.114635,0.72575,0.182359,0.209045,-0.629549,85.2021337296789,3.409621042725251,-47.35139160386156,-17.487567554898725,-10.831775320933057,10.771389741163201
8.494824171066284,-5.4362,4.19771,0.806458,0.325677,0.354349,0.792563,0.03681,0.456104,0.328134,0.343938,0.649671,0.583203,-0.3457,0.046576,0.27871,-0.114603,0.725144,0.181916,0.209236,-0.630312,85.27544268450087,3.324685748079413,-47.11430449386943,-17.639357455481917,-10.349242153621853,10.833997912791816
8.495792865753174,-5.4362,4.19771,0.806458,0.325677,0.354349,0.792563,0.03681,0.456104,0.328134,0.343938,0.649671,0.583203,-0.3457,0.046576,0.27871,-0.114603,0.725144,0.181916,0.209236,-0.630312,85.27544268450087,3.324685748079413,-47.11430449386943,-17.639357455481917,-10.349242153621853,10.833997912791816
8.543388843536377,-5.43405,4.24567,0.806177,0.330157,0.354097,0.802034,0.0368396,0.456123,0.328152,0.344493,0.648344,0.584014,-0.34627,0.0465969,0.278683,-0.114635,0.72574,0.182371,0.209029,-0.629562,85.17995296692388,3.3839346727897284,-46.86379545286153,-17.29097870010027,-10.779539277092015,10.756415016083645
8.544360160827637,-5.43405,4.24567,0.806177,0.330157,0.354097,0.802034,0.0368396,0.456123,0.328152,0.344493,0.648344,0.584014,-0.34627,0.0465969,0.278683,-0.114635,0.72574,0.182371,0.209029,-0.629562,85.17995296692388,3.3839346727897284,-46.86379545286153,-17.29097870010027,-10.779539277092015,10.756415016083645
8.591638565063477,-5.46582,4.22365,0.813032,0.327974,0.356172,0.797051,0.0368328,0.456117,0.328145,0.3434,0.649906,0.582988,-0.346156,0.0465203,0.278728,-0.114585,0.724358,0.182103,0.208885,-0.631278,85.31523725735032,3.2932653968157926,-46.99975217746632,-17.647703578380867,-9.99891616083401,10.847500246869831
8.592602014541626,-5.46582,4.22365,0.813032,0.327974,0.356172,0.797051,0.0368328,0.456117,0.328145,0.3434,0.649906,0.582988,-0.346156,0.0465203,0.278728,-0.114585,0.724358,0.182103,0.208885,-0.631278,85.31523725735032,3.2932653968157926,-46.99975217746632,-17.647703578380867,-9.99891616083401,10.847500246869831
8.640336751937866,-5.46902,4.16201,0.800057,0.322731,0.358957,0.784703,0.0368218,0.456112,0.328125,0.34396,0.649629,0.582965,-0.346159,0.0465796,0.27871,-0.114602,0.725202,0.18188,0.209231,-0.630257,85.2375581430175,3.3752218112349386,-47.304393896372964,-17.472299721909245,-10.169640274790634,10.768840837217972
8.64131474494934,-5.46902,4.16201,0.800057,0.322731,0.358957,0.784703,0.0368218,0.456112,0.328125,0.34396,0.649629,0.582965,-0.346159,0.0465796,0.27871,-0.114602,0.725202,0.18188,0.209231,-0.630257,85.2375581430175,3.3752218112349386,-47.304393896372964,-17.472299721909245,-10.169640274790634,10.768840837217972
8.688319206237793,-5.4362,4.19771,0.806458,0.325677,0.354349,0.792563,0.0368354,0.456116,0.328144,0.34346,0.649901,0.582985,-0.346111,0.0465768,0.27871,-0.114602,0.725162,0.181904,0.209211,-0.630303,85.29048059546753,3.406891986808764,-47.86549049115346,-17.679989919750625,-10.04343360538752,10.879557811194182
8.689292907714844,-5.4362,4.19771,0.806458,0.325677,0.354349,0.792563,0.0368354,0.456116,0.328144,0.34346,0.649901,0.582985,-0.346111,0.0465768,0.27871,-0.114602,0.725162,0.181904,0.209211,-0.630303,85.29048059546753,3.406891986808764,-47.86549049115346,-17.679989919750625,-10.04343360538752,10.879557811194182
8.7366464138031,-5.48362,4.22086,0.800069,0.327957,0.360272,0.79592,0.0368099,0.456104,0.328135,0.34394,0.649651,0.583224,-0.345701,0.0465957,0.278679,-0.114634,0.725781,0.18236,0.209057,-0.629509,85.25335550818347,3.4505707257282463,-47.98143391677933,-17.700051108807628,-10.710471244452648,10.884447702474262
8.737623929977417,-5.48362,4.22086,0.800069,0.327957,0.360272,0.79592,0.0368099,0.456104,0.328135,0.34394,0.649651,0.583224,-0.345701,0.0465957,0.278679,-0.114634,0.725781,0.18236,0.209057,-0.629509,85.25335550818347,3.4505707257282463,-47.98143391677933,-17.700051108807628,-10.710471244452648,10.884447702474262
8.78450632095337,-5.49121,4.2308,0.800307,0.32862,0.360779,0.797928,0.0368337,0.456118,0.328145,0.343425,0.649909,0.582987,-0.346127,0.0465787,0.278712,-0.114601,0.725182,0.181896,0.209183,-0.630292,85.29587199572805,3.4135609554139275,-47.94837228422677,-17.680183137755556,-10.031691843297484,10.875290993029985
8.785480499267578,-5.49121,4.2308,0.800307,0.32862,0.360779,0.797928,0.0368337,0.456118,0.328145,0.343425,0.649909,0.582987,-0.346127,0.0465787,0.278712,-0.114601,0.725182,0.181896,0.209183,-0.630292,85.29587199572805,3.4135609554139275,-47.94837228422677,-17.680183137755556,-10.031691843297484,10.875290993029985
8.832984447479248,-5.49335,4.2066,0.806476,0.32669,0.359842,0.792985,0.0368104,0.456105,0.328135,0.343919,0.649682,0.5832,-0.345704,0.0465364,0.278699,-0.114633,0.724842,0.182731,0.208731,-0.63059,85.2647587154898,3.319336701624359,-46.892401794789194,-17.691762328845538,-10.724796519931104,10.895311695438515
8.833951711654663,-5.49335,4.2066,0.806476,0.32669,0.359842,0.792985,0.0368104,0.456105,0.328135,0.343919,0.649682,0.5832,-0.345704,0.0465364,0.278699,-0.114633,0.724842,0.182731,0.208731,-0.63059,85.2647587154898,3.319336701624359,-46.892401794789194,-17.691762328845538,-10.724796519931104,10.895311695438515
8.880890607833862,-5.48876,4.20279,0.813052,0.326127,0.35797,0.792571,0.0368339,0.456115,0.328145,0.343466,0.64988,0.58302,-0.346085,0.0465362,0.278699,-0.114617,0.724888,0.182566,0.208689,-0.6306,85.29346972117813,3.3918521020899384,-47.65328598520439,-17.702935673043516,-10.397424676932339,10.894885312626617
8.881859302520752,-5.48876,4.20279,0.813052,0.326127,0.35797,0.792571,0.0368339,0.456115,0.328145,0.343466,0.64988,0.58302,-0.346085,0.0465362,0.278699,-0.114617,0.724888,0.182566,0.208689,-0.6306,85.29346972117813,3.3918521020899384,-47.65328598520439,-17.702935673043516,-10.397424676932339,10.894885312626617
8.9290931224823,-5.44748,4.15642,0.813159,0.321784,0.354368,0.783977,0.0368094,0.456105,0.328134,0.343902,0.649693,0.583208,-0.345685,0.0465937,0.278683,-0.114635,0.725717,0.182363,0.20902,-0.629595,85.26159406452318,3.4433392794394546,-47.96895936553298,-17.709175022052193,-10.697034310205403,10.884268077653307
8.930065155029297,-5.44748,4.15642,0.813159,0.321784,0.354368,0.783977,0.0368094,0.456105,0.328134,0.343902,0.649693,0.583208,-0.345685,0.0465937,0.278683,-0.114635,0.725717,0.182363,0.20902,-0.629595,85.26159406452318,3.4433392794394546,-47.96895936553298,-17.709175022052193,-10.697034310205403,10.884268077653307
8.977375984191895,-5.45962,4.16921,0.826393,0.322471,0.352771,0.786455,0.0368353,0.456116,0.328145,0.343452,0.649919,0.582975,-0.3461,0.0465782,0.278711,-0.114601,0.72517,0.181897,0.209227,-0.63029,85.29072467588936,3.4084434687981378,-47.8839407281296,-17.68848649087776,-10.038091666734815,10.883785501722127
8.978353023529053,-5.45962,4.16921,0.826393,0.322471,0.352771,0.786455,0.0368353,0.456116,0.328145,0.343452,0.649919,0.582975,-0.3461,0.0465782,0.278711,-0.114601,0.72517,0.181897,0.209227,-0.63029,85.29072467588936,3.4084434687981378,-47.8839407281296,-17.68848649087776,-10.038091666734815,10.883785501722127
9.037209510803223,-5.45012,4.181,0.79996,0.324418,0.357037,0.789045,0.0368334,0.456115,0.328145,0.343436,0.649899,0.583007,-0.346101,0.0465355,0.2787,-0.114634,0.724837,0.182758,0.208739,-0.630586,85.27598926389099,3.3975132235838323,-47.58559291698091,-17.754072521526957,-10.423416039239788,10.959533495949785
9.038203239440918,-5.45012,4.181,0.79996,0.324418,0.357037,0.789045,0.0368334,0.456115,0.328145,0.343436,0.649899,0.583007,-0.346101,0.0465355,0.2787,-0.114634,0.724837,0.182758,0.208739,-0.630586,85.27598926389099,3.3975132235838323,-47.58559291698091,-17.754072521526957,-10.423416039239788,10.959533495949785
9.085527181625366,-5.47241,4.1801,0.819565,0.323888,0.355056,0.788441,0.0368095,0.456106,0.328135,0.343943,0.649667,0.583202,-0.345705,0.0465785,0.278712,-0.114603,0.725189,0.181883,0.209263,-0.63026,85.27416915256038,3.3304009694864525,-47.16020167175253,-17.634346404328657,-10.339213753059012,10.832230277555297
9.086504220962524,-5.47241,4.1801,0.819565,0.323888,0.355056,0.788441,0.0368095,0.456106,0.328135,0.343943,0.649667,0.583202,-0.345705,0.0465785,0.278712,-0.114603,0.725189,0.181883,0.209263,-0.63026,85.27416915256038,3.3304009694864525,-47.16020167175253,-17.634346404328657,-10.339213753059012,10.832230277555297
9.135141611099243,-5.42532,4.22108,0.800061,0.327967,0.355299,0.797788,0.0368087,0.456106,0.328134,0.343926,0.649677,0.583222,-0.345668,0.0465224,0.278728,-0.114586,0.724371,0.18208,0.20887,-0.631275,85.30759065373861,3.2045041171162194,-46.224821651025145,-17.59677620952422,-10.356104903241675,10.783378534028373
9.13610553741455,-5.42532,4.22108,0.800061,0.327967,0.355299,0.797788,0.0368087,0.456106,0.328134,0.343926,0.649677,0.583222,-0.345668,0.0465224,0.278728,-0.114586,0.724371,0.18208,0.20887,-0.631275,85.30759065373861,3.2045041171162194,-46.224821651025145,-17.59677620952422,-10.356104903241675,10.783378534028373
9.184499740600586,-5.48879,4.20945,0.799845,0.327168,0.360655,0.793661,0.0368106,0.456104,0.328134,0.343928,0.649682,0.583189,-0.345714,0.046594,0.278683,-0.114635,0.72574,0.18236,0.209062,-0.629555,85.25264143214874,3.4478850331493893,-47.95808818064904,-17.69806003375051,-10.687876670000511,10.884617180828693
9.185487270355225,-5.48879,4.20945,0.799845,0.327168,0.360655,0.793661,0.0368106,0.456104,0.328134,0.343928,0.649682,0.583189,-0.345714,0.046594,0.278683,-0.114635,0.72574,0.18236,0.209062,-0.629555,85.25264143214874,3.4478850331493893,-47.95808818064904,-17.69806003375051,-10.687876670000511,10.884617180828693
9.232970237731934,-5.45109,4.24589,0.806395,0.330172,0.356078,0.801955,0.0368097,0.456107,0.328136,0.34391,0.649673,0.583233,-0.345673,0.0465946,0.278683,-0.114635,0.72573,0.182382,0.209045,-0.629566,85.25836373662356,3.4433774328654705,-47.949482630710115,-17.72140189520691,-10.710314199587044,10.896705301998676
9.233943223953247,-5.45109,4.24589,0.806395,0.330172,0.356078,0.801955,0.0368097,0.456107,0.328136,0.34391,0.649673,0.583233,-0.345673,0.0465946,0.278683,-0.114635,0.72573,0.182382,0.209045,-0.629566,85.25836373662356,3.4433774328654705,-47.949482630710115,-17.72140189520691,-10.710314199587044,10.896705301998676
9.281352519989014,-5.44595,4.17776,0.8065,0.323906,0.35521,0.788483,0.0368093,0.456107,0.328134,0.34391,0.649675,0.583224,-0.345685,0.0465914,0.278684,-0.114633,0.725685,0.182357,0.209046,-0.629625,85.2594949315767,3.436058131613681,-47.8976245046895,-17.713424563661626,-10.686182327555247,10.88968844928848
9.28232192993164,-5.44595,4.17776,0.8065,0.323906,0.35521,0.788483,0.0368093,0.456107,0.328134,0.34391,0.649675,0.583224,-0.345685,0.0465914,0.278684,-0.114633,0.725685,0.182357,0.209046,-0.629625,85.2594949315767,3.436058131613681,-47.8976245046895,-17.713424563661626,-10.686182327555247,10.88968844928848
9.329960346221924,-5.47346,4.16641,0.806309,0.323125,0.357589,0.785564,0.0368335,0.456117,0.328146,0.34341,0.649895,0.583024,-0.346106,0.04658,0.278788,-0.11462,0.724466,0.182859,0.209302,-0.630797,85.22091885450486,3.3422310440412764,-46.842478054867826,-17.891087330974592,-10.155198012500987,11.079845308871914
9.330929517745972,-5.47346,4.16641,0.806309,0.323125,0.357589,0.785564,0.0368335,0.456117,0.328146,0.34341,0.649895,0.583024,-0.346106,0.04658,0.278788,-0.11462,0.724466,0.182859,0.209302,-0.630797,85.22091885450486,3.3422310440412764,-46.842478054867826,-17.891087330974592,-10.155198012500987,11.079845308871914
9.378246307373047,-5.48436,4.13121,0.799839,0.320222,0.360247,0.778216,0.0368095,0.456105,0.328134,0.343912,0.649666,0.583215,-0.345715,0.0465225,0.278729,-0.114587,0.724362,0.182108,0.208906,-0.631264,85.29994726933434,3.209104145174418,-46.21714958093245,-17.600535403942438,-10.331863339025208,10.795253057031008
9.379212856292725,-5.48436,4.13121,0.799839,0.320222,0.360247,0.778216,0.0368095,0.456105,0.328134,0.343912,0.649666,0.583215,-0.345715,0.0465225,0.278729,-0.114587,0.724362,0.182108,0.208906,-0.631264,85.29994726933434,3.209104145174418,-46.21714958093245,-17.600535403942438,-10.331863339025208,10.795253057031008
9.426645278930664,-5.51314,4.24835,0.799899,0.330624,0.362831,0.800798,0.0368099,0.456105,0.328135,0.34392,0.64966,0.583225,-0.345702,0.0465948,0.278684,-0.114634,0.725722,0.18236,0.209029,-0.629587,85.25839912888935,3.4425214732294442,-47.94128467454441,-17.69774827712606,-10.69531724155764,10.880485525761689
9.42761754989624,-5.51314,4.24835,0.799899,0.330624,0.362831,0.800798,0.0368099,0.456105,0.328135,0.34392,0.64966,0.583225,-0.345702,0.0465948,0.278684,-0.114634,0.725722,0.18236,0.209029,-0.629587,85.25839912888935,3.4425214732294442,-47.94128467454441,-17.69774827712606,-10.69531724155764,10.880485525761689
9.475157022476196,-5.39648,4.20101,0.819352,0.325736,0.348299,0.794207,0.0368398,0.456107,0.328147,0.343475,0.649779,0.583174,-0.346006,0.0465781,0.278709,-0.114602,0.725201,0.181888,0.209216,-0.630261,85.30144612613445,3.3923158521291077,-47.79884550268804,-17.704899265085263,-10.112265269059248,10.881786268352775
9.476115226745605,-5.39648,4.20101,0.819352,0.325736,0.348299,0.794207,0.0368398,0.456107,0.328147,0.343475,0.649779,0.583174,-0.346006,0.0465781,0.278709,-0.114602,0.725201,0.181888,0.209216,-0.630261,85.30144612613445,3.3923158521291077,-47.79884550268804,-17.704899265085263,-10.112265269059248,10.881786268352775
9.524044036865234,-5.41083,4.17917,0.806453,0.324025,0.352324,0.789394,0.0368112,0.456106,0.328135,0.34393,0.649677,0.583209,-0.345686,0.0465219,0.278727,-0.114599,0.72431,0.18222,0.208902,-0.631293,85.29238170964092,3.203273614931626,-46.11710097546809,-17.619529475105363,-10.378988946938062,10.826989967388043
9.525024175643921,-5.41083,4.17917,0.806453,0.324025,0.352324,0.789394,0.0368112,0.456106,0.328135,0.34393,0.649677,0.583209,-0.345686,0.0465219,0.278727,-0.114599,0.72431,0.18222,0.208902,-0.631293,85.29238170964092,3.203273614931626,-46.11710097546809,-17.619529475105363,-10.378988946938062,10.826989967388043
9.573556661605835,-5.40065,4.20426,0.812812,0.326248,0.350125,0.794769,0.0368104,0.456106,0.328135,0.343909,0.649683,0.583218,-0.345681,0.0465969,0.278759,-0.114651,0.725008,0.183322,0.209074,-0.630114,85.18910094902101,3.3741703509408887,-46.89902532492672,-17.89046412186224,-10.83545150283152,11.065020057641782
9.574506759643555,-5.40065,4.20426,0.812812,0.326248,0.350125,0.794769,0.0368104,0.456106,0.328135,0.343909,0.649683,0.583218,-0.345681,0.0465969,0.278759,-0.114651,0.725008,0.183322,0.209074,-0.630114,85.18910094902101,3.3741703509408887,-46.89902532492672,-17.89046412186224,-10.83545150283152,11.065020057641782
9.622963428497314,-5.47398,4.16543,0.813017,0.322806,0.356898,0.785025,0.0368359,0.456117,0.328146,0.343443,0.649921,0.582975,-0.346106,0.046597,0.278684,-0.114637,0.725723,0.182424,0.20902,-0.62957,85.2658678638676,3.5272899261390167,-48.65240819642176,-17.757764802833826,-10.407519959751843,10.948834530903678
9.62392258644104,-5.47398,4.16543,0.813017,0.322806,0.356898,0.785025,0.0368359,0.456117,0.328146,0.343443,0.649921,0.582975,-0.346106,0.046597,0.278684,-0.114637,0.725723,0.182424,0.20902,-0.62957,85.2658678638676,3.5272899261390167,-48.65240819642176,-17.757764802833826,-10.407519959751843,10.948834530903678
9.67151665687561,-5.48287,4.24237,0.81291,0.329643,0.357229,0.800185,0.036797,0.456103,0.328115,0.344435,0.649402,0.583204,-0.345709,0.0466336,0.278664,-0.114627,0.725809,0.182701,0.208431,-0.629585,85.23689572810473,3.434339269669568,-47.67835912897211,-17.449395075926315,-11.11069011082789,10.694020609809147
9.672487735748291,-5.48287,4.24237,0.81291,0.329643,0.357229,0.800185,0.036797,0.456103,0.328115,0.344435,0.649402,0.583204,-0.345709,0.0466336,0.278664,-0.114627,0.725809,0.182701,0.208431,-0.629585,85.23689572810473,3.434339269669568,-47.67835912897211,-17.449395075926315,-11.11069011082789,10.694020609809147
9.720931768417358,-5.45511,4.17302,0.80019,0.323487,0.35756,0.787075,0.0368623,0.456099,0.328153,0.34405,0.64996,0.582684,-0.34592,0.0465223,0.278729,-0.114584,0.724319,0.182101,0.208879,-0.631324,85.26275211398449,3.2377529332375334,-46.29275097981135,-17.432141666346304,-10.294480879461926,10.729410945196094
9.721909999847412,-5.45511,4.17302,0.80019,0.323487,0.35756,0.787075,0.0368623,0.456099,0.328153,0.34405,0.64996,0.582684,-0.34592,0.0465223,0.278729,-0.114584,0.724319,0.182101,0.208879,-0.631324,85.26275211398449,3.2377529332375334,-46.29275097981135,-17.432141666346304,-10.294480879461926,10.729410945196094
9.770755529403687,-5.41361,4.22388,0.832339,0.327539,0.347328,0.798097,0.0368101,0.456106,0.328133,0.34393,0.649672,0.583216,-0.345684,0.0465972,0.278681,-0.114634,0.725781,0.182359,0.209017,-0.629523,85.25918847535456,3.450798334639566,-48.016339552223535,-17.70074097149258,-10.721384453908113,10.876170467556257
9.771734714508057,-5.41361,4.22388,0.832339,0.327539,0.347328,0.798097,0.0368101,0.456106,0.328133,0.34393,0.649672,0.583216,-0.345684,0.0465972,0.278681,-0.114634,0.725781,0.182359,0.209017,-0.629523,85.25918847535456,3.450798334639566,-48.016339552223535,-17.70074097149258,-10.721384453908113,10.876170467556257
9.820012092590332,-5.47906,4.22371,0.793438,0.328436,0.361085,0.796596,0.0368093,0.456105,0.328133,0.343905,0.649701,0.583205,-0.345673,0.0465952,0.27868,-0.114635,0.725761,0.182357,0.209039,-0.629539,85.26038070299046,3.449483014924994,-48.01648556015167,-17.718497695101608,-10.705884846396113,10.888473017882905
9.820984363555908,-5.47906,4.22371,0.793438,0.328436,0.361085,0.796596,0.0368093,0.456105,0.328133,0.343905,0.649701,0.583205,-0.345673,0.0465952,0.27868,-0.114635,0.725761,0.182357,0.209039,-0.629539,85.26038070299046,3.449483014924994,-48.01648556015167,-17.718497695101608,-10.705884846396113,10.888473017882905
9.87070631980896,-5.4798,4.22293,0.83251,0.327461,0.353223,0.796412,0.0368352,0.456116,0.328145,0.343428,0.649913,0.58298,-0.346128,0.0466008,0.278758,-0.114654,0.725072,0.183341,0.209097,-0.630028,85.19412289109353,3.469160688265411,-47.68575658454312,-17.936256190810695,-10.51972357595992,11.125554826751134
9.871687173843384,-5.4798,4.22293,0.83251,0.327461,0.353223,0.796412,0.0368352,0.456116,0.328145,0.343428,0.649913,0.58298,-0.346128,0.0466008,0.278758,-0.114654,0.725072,0.183341,0.209097,-0.630028,85.19412289109353,3.469160688265411,-47.68575658454312,-17.936256190810695,-10.51972357595992,11.125554826751134
9.92084789276123,-5.44753,4.23408,0.80608,0.32935,0.355448,0.799811,0.0368353,0.456116,0.328145,0.34344,0.649902,0.583008,-0.346091,0.0465946,0.278682,-0.114634,0.725718,0.182355,0.209043,-0.629588,85.27118808867586,3.520137293713971,-48.63112819263635,-17.75793216667863,-10.385219356503564,10.9429762438559
9.921827793121338,-5.44753,4.23408,0.80608,0.32935,0.355448,0.799811,0.0368353,0.456116,0.328145,0.34344,0.649902,0.583008,-0.346091,0.0465946,0.278682,-0.114634,0.725718,0.182355,0.209043,-0.629588,85.27118808867586,3.520137293713971,-48.63112819263635,-17.75793216667863,-10.385219356503564,10.9429762438559
9.97014832496643,-5.51609,4.27157,0.825808,0.332233,0.357593,0.80583,0.0368352,0.456117,0.328144,0.34343,0.649904,0.583006,-0.346101,0.0465373,0.278701,-0.11462,0.724881,0.182607,0.208699,-0.630592,85.29148746338284,3.3977626220478636,-47.68779550522464,-17.722901246168462,-10.388611440284308,10.911637000057024
9.971122741699219,-5.51609,4.27157,0.825808,0.332233,0.357593,0.80583,0.0368352,0.456117,0.328144,0.34343,0.649904,0.583006,-0.346101,0.0465373,0.278701,-0.11462,0.724881,0.182607,0.208699,-0.630592,85.29148746338284,3.3977626220478636,-47.68779550522464,-17.722901246168462,-10.388611440284308,10.911637000057024
