# Timestamp, Fx, Fy, Fz, Tx, Ty, Tz, FemurPosX, FemurPosY, FemurPosZ, FemurQuatW, FemurQuatX, FemurQuatY, FemurQuatZ, TibiaPosX, TibiaPosY, TibiaPosZ, TibiaQuatW, TibiaQuatX, TibiaQuatY, TibiaQuatZ, Flexion, Adduction, Rotation, Anterior_Posterior, Medial_Lateral, Proximal_Distal, Medial_Joint_Gap, Lateral_Joint_Gap, FTPosX, FTPosY, FTPosZ, FTPosZ, FTQuatW, FTQuatX, FTQuatY, FTQuatZ
0.06482791900634766,7.592980439483807,-9.18939270254472,11.128236831243038,-5.850585053164227,0.6842187552124858,-0.6288908442903894,-0.00612331,0.340664,0.359839,0.213115,0.647676,0.622666,-0.383909,-0.160048,0.365434,-0.203257,0.73714,0.193421,0.517302,-0.389372,64.72592828803411,1.7591917167548157,-5.480261712744863,4.642542233437835,-5.719697333657763,-4.7707202916962,20.589711143584342,13.099025137983759,-0.143542,0.250349,-0.255735,0.420978,-0.142831,0.158286,0.881659
0.13216876983642578,7.233484218388986,-8.205835183216795,11.167719388664942,-5.212671601537644,0.7954785644520624,-0.5844099288375565,-0.00615648,0.340659,0.359792,0.214849,0.652495,0.613287,-0.389832,-0.160461,0.370875,-0.20189,0.732743,0.200557,0.519203,-0.391525,63.194668932216736,1.8080292512749718,-5.832670159341687,0.7444001031196912,-5.849919565620979,-3.339158782405036,20.04624276712884,12.773944686860352,-0.145119,0.256656,-0.256343,0.424547,-0.137044,0.153539,0.881705
0.19864702224731445,7.082978124997796,-9.380687021102217,10.953537110117768,-5.709116772489229,0.6688332489611085,-0.5766736116185712,-0.00607221,0.340641,0.359747,0.212051,0.648156,0.622673,-0.383675,-0.162035,0.373208,-0.200811,0.731146,0.2033,0.521645,-0.389848,63.6790550850597,1.4440819444205018,-4.8237628913210475,4.2190495873974445,-4.219097863314692,-3.4953266761713806,18.939211609061072,12.31873485423703,-0.146972,0.259547,-0.25637,0.42554,-0.132945,0.150394,0.882396
0.2649567127227783,7.125980834704557,-9.505599495503052,10.154126847238787,-5.554338753098186,0.566608845112936,-0.5688827334585883,-0.0059957,0.340634,0.359857,0.214489,0.651513,0.61522,-0.388625,-0.162474,0.375278,-0.200049,0.730293,0.205351,0.525018,-0.385823,62.282454844369084,1.6694448257209888,-5.865623609827613,1.5532786712236648,-5.011855216130947,-3.316089404597328,19.543835135305258,12.649551556444083,-0.147767,0.261773,-0.256361,0.426307,-0.12908,0.14856,0.88291
0.3290581703186035,6.7885632596153895,-9.685304466291106,9.64481067877652,-5.544630770655661,0.5844923171161578,-0.630300233037566,-0.00602065,0.340639,0.35985,0.214622,0.651333,0.615373,-0.38861,-0.164203,0.376496,-0.199191,0.729808,0.204575,0.527812,-0.383333,62.02384554947266,1.549510461285834,-6.1818633578762325,0.911095349851907,-4.693200995370406,-2.837584032913554,19.191211177138825,12.346459514897795,-0.148692,0.263509,-0.256316,0.422328,-0.128051,0.146142,0.885372
0.39410901069641113,7.218490989702918,-11.305555853320104,10.352494975489602,-6.156943190400908,0.45549067538956123,-0.6311957784481929,-0.00593722,0.340586,0.35992,0.211438,0.64761,0.623592,-0.383442,-0.164448,0.378456,-0.198522,0.728634,0.207209,0.530219,-0.380821,62.410117749545314,1.3785347005366924,-5.392089595665757,4.534775722974978,-4.8044526935693845,-3.7356069056291616,19.38659955134642,12.560754834746351,-0.148716,0.265998,-0.256549,0.420984,-0.12567,0.142543,0.886939
0.4600212574005127,4.4291008758293575,-8.25551260461422,10.530992637186833,-4.947529599881552,1.334296615043957,-1.0259833288222417,-0.00598827,0.340617,0.359868,0.214211,0.652012,0.614755,-0.388678,-0.166012,0.379637,-0.197714,0.731045,0.205518,0.535905,-0.368974,60.7304738378898,1.894370197203562,-7.645691477165208,1.690589434559377,-5.75011088443024,-3.6800836621508495,19.94432091444072,12.826178859309751,-0.149044,0.267694,-0.256836,0.416103,-0.123383,0.138376,0.890217
0.5251321792602539,5.5015897968768455,-9.181748879936178,9.615729226574102,-5.546724105100427,0.6826898311193323,-0.6716294616561118,-0.00585202,0.340531,0.359907,0.211932,0.647867,0.623419,-0.383018,-0.16542,0.379156,-0.198005,0.729212,0.206112,0.531753,-0.378161,62.25567733390423,1.3405328378063304,-5.7664150528390605,3.797703431504827,-4.160798659171254,-3.1383716555439563,18.65624680615769,12.297337430608351,-0.149569,0.267017,-0.256427,0.420619,-0.124222,0.142273,0.88736
0.5901510715484619,8.015466119929672,-9.704303400666323,10.811260091230785,-6.014988050596471,-0.335684907327822,-0.06278557400672048,-0.00577261,0.340507,0.359792,0.211086,0.648109,0.623456,-0.383014,-0.163175,0.381164,-0.197967,0.722255,0.216153,0.527803,-0.391216,62.298536649074144,0.8604429442416764,-3.77593707416011,5.552431600703875,-3.1828647315739484,-3.3035491388943896,18.37183988644716,12.558410789105901,-0.150883,0.268612,-0.256191,0.433206,-0.120142,0.144911,0.881419
0.6576569080352783,7.535861789747359,-9.428289224921784,10.445370021298892,-5.763437502314876,-0.12061062705493351,-0.14640755598348074,-0.00579556,0.340475,0.359687,0.210667,0.648124,0.623452,-0.383226,-0.16591,0.382508,-0.196967,0.720743,0.215858,0.530705,-0.390241,62.07516251724577,0.658686739255528,-3.964971514916755,5.057784432838227,-2.168055375392399,-2.781340414727964,17.544338426248075,12.429581314309651,-0.153889,0.270305,-0.255917,0.432008,-0.11621,0.143566,0.882753
0.723156213760376,7.310950808101958,-9.562737775783498,10.373571758773183,-5.77548587259535,-0.2084305189596834,-0.2207690291429885,-0.00570999,0.340439,0.359712,0.210267,0.648287,0.623225,-0.38354,-0.167732,0.385303,-0.195542,0.719757,0.217491,0.536401,-0.383304,61.219763662766255,0.7046686144507401,-4.600878187157083,5.282591186271281,-2.525914372973231,-3.0216876987222747,17.845904752829483,12.594110657839556,-0.155201,0.27373,-0.255653,0.429678,-0.114788,0.137904,0.884976
0.7900457382202148,6.388925925542597,-10.409365759470472,10.160137121810585,-5.8488755197405125,0.11962398588737488,-0.49058076145263346,-0.0056817,0.340434,0.359776,0.210132,0.648371,0.62329,-0.383365,-0.169115,0.388346,-0.194131,0.720986,0.217017,0.542065,-0.37316,60.43734922288054,0.9184006053514767,-5.646258384848888,4.518736688665582,-3.5542648075333894,-2.846725166881818,18.184302436099053,12.271129849354619,-0.154946,0.277879,-0.256033,0.423448,-0.111957,0.130644,0.889432
0.8573942184448242,4.993377870380005,-8.49355043059639,10.193154788264282,-5.013223862416242,0.7251067079566564,-0.7878726537187885,-0.00567609,0.340401,0.359819,0.210669,0.648249,0.622944,-0.38384,-0.17122,0.389442,-0.193125,0.723352,0.215814,0.54828,-0.359965,59.419425051093306,1.301336269518726,-7.02314957724255,4.7476542743782755,-4.088995115271661,-3.5509440389271063,18.80600310809133,12.73716008353498,-0.155062,0.279743,-0.256264,0.4147,-0.109857,0.124496,0.894682
0.9256751537322998,6.048572868123314,-8.402988540751121,10.000784545414817,-5.255976383302264,0.19950137124693063,-0.4984551417532974,-0.00565165,0.340452,0.35977,0.21132,0.647345,0.623364,-0.384325,-0.171132,0.38918,-0.193225,0.723006,0.215965,0.547577,-0.361637,59.45170002009612,1.271489766060609,-6.729907532333075,4.283935692945409,-4.092376928119625,-3.4183300514504964,18.79835263714873,12.645615477594665,-0.155262,0.279555,-0.256153,0.416297,-0.11,0.126595,0.893628
0.993859052658081,7.276383827283102,-10.102430564035341,11.064192735459622,-6.166844250738568,-0.26979560537487257,-0.2308094196487755,-0.00565663,0.340397,0.359699,0.210038,0.648399,0.623376,-0.38323,-0.170053,0.38971,-0.193402,0.718162,0.220139,0.545659,-0.371536,59.83703491412281,0.6876717388090341,-5.605732893177051,5.929103156559647,-3.3197398667653317,-3.570085119731452,18.599736166690512,13.027650179338883,-0.156091,0.279625,-0.255975,0.423816,-0.108997,0.12838,0.889954
1.0649030208587646,6.0432581196308055,-7.408947669994641,9.358613582042876,-4.868054398450864,0.008602905160700959,-0.28353640707244565,-0.00556374,0.340387,0.359659,0.210633,0.647673,0.623483,-0.383956,-0.171038,0.38986,-0.19297,0.716899,0.220741,0.54596,-0.373171,59.72324654300907,0.5662063219348676,-5.3398803129575665,5.427880132716804,-2.6288946078699524,-3.240813219748965,18.08968207986136,12.81646273642195,-0.157502,0.279886,-0.255617,0.423464,-0.105749,0.130502,0.890205
1.1331007480621338,6.121239887277483,-7.603720333005284,9.78342356308594,-5.230105052489095,-0.18485318922779417,-0.19156519562916147,-0.00555671,0.340323,0.359617,0.215035,0.651223,0.613855,-0.39096,-0.170409,0.389462,-0.193316,0.715305,0.22166,0.543927,-0.378616,58.852749918132815,0.5502939458118553,-5.674671916637318,0.6618330966672366,-2.7490470337145503,-2.455229746313549,18.645621396832222,12.562955190282123,-0.15826,0.27893,-0.255268,0.429159,-0.10629,0.133383,0.88698
1.2168891429901123,5.712449012393363,-7.311280168302117,9.022022294663113,-5.216084641588313,-0.19347049904384275,-0.18635292397403663,-0.00547007,0.340459,0.359522,0.219951,0.642714,0.622412,-0.388772,-0.170439,0.387564,-0.193942,0.71743,0.217323,0.541689,-0.380313,59.42250256522553,0.3100685550026141,-4.346580013074715,-2.3323047550797966,-2.364931579478391,-1.2507419557614128,18.16362004052758,11.882228515348503,-0.158504,0.27665,-0.255117,0.429815,-0.106794,0.136043,0.886198
1.2845029830932617,5.498503643071732,-7.483070485544099,9.183632014840628,-5.4248657263287114,-0.20227257874042037,-0.24140924024844157,-0.00550476,0.340274,0.359471,0.210963,0.647534,0.623191,-0.384483,-0.169908,0.38707,-0.194107,0.715519,0.219783,0.541322,-0.383012,60.48260120818961,0.2569988469562382,-4.470346166758441,5.328623274581791,-2.1869798159082023,-2.934260568206838,17.77028849001086,12.745949236931128,-0.158488,0.275976,-0.255076,0.432048,-0.106666,0.135996,0.885134
1.3530750274658203,4.934721511621205,-7.63377481493809,9.478544987104286,-5.5533471191497785,-0.17418949039606704,-0.3746254006163805,-0.00551549,0.340272,0.359469,0.210992,0.64754,0.623176,-0.384483,-0.169951,0.388954,-0.193429,0.715448,0.221336,0.543114,-0.3797,60.07465767398941,0.3667660335144852,-4.669032888192832,5.054068059365613,-2.6086934025537385,-2.772558157405541,17.83458893011743,12.497228281984093,-0.15845,0.278199,-0.255212,0.432505,-0.105103,0.133067,0.885543
1.4194018840789795,4.004803712085896,-6.256051100562971,9.879334492778742,-4.81184102800226,0.22365534202196805,-0.5952903728710416,-0.00549619,0.340276,0.359545,0.210852,0.647497,0.623401,-0.384265,-0.172073,0.393151,-0.191452,0.715331,0.222813,0.549428,-0.369844,59.09067058214763,0.49999114493901864,-5.5170655183592885,4.268927225497917,-2.8957460531632204,-2.4928130757442375,17.80836074062061,12.116322920337929,-0.159102,0.283925,-0.255375,0.425347,-0.101119,0.124746,0.89067
1.4855942726135254,3.360710826927818,-6.985645145862819,9.574896871243753,-5.015609724344176,0.3907175392730639,-0.6688156476409025,-0.00547736,0.340276,0.359553,0.211157,0.647388,0.623577,-0.383997,-0.17319,0.39669,-0.189844,0.714217,0.226974,0.554552,-0.361731,57.99223394404265,0.6186536696007817,-5.951702422282834,4.788457419797572,-2.803698911063247,-2.8173002738003063,17.905379161809183,12.321361500685272,-0.159865,0.288415,-0.255465,0.422968,-0.0954523,0.118198,0.893317
1.5523097515106201,4.1582390461836765,-7.976230521290931,10.202770551165035,-5.518385657809215,0.10747395854217444,-0.5539228320825399,-0.005475,0.340265,0.359506,0.210834,0.647529,0.623565,-0.383956,-0.173149,0.399599,-0.188878,0.710818,0.232482,0.556595,-0.361789,57.38165784445625,0.48594580478978777,-5.553497073574739,5.572129393965878,-2.6869048496045806,-3.1305617735915305,18.07681390206207,12.697395993106479,-0.160544,0.291687,-0.255479,0.427851,-0.0931966,0.1145,0.89171
1.618736982345581,3.921268426539943,-7.899641146865074,10.393644186125346,-5.401418674320286,0.22606749866550555,-0.668933902836404,-0.0054719,0.34027,0.359501,0.211036,0.647456,0.623528,-0.384028,-0.17402,0.402876,-0.187319,0.711049,0.233928,0.558991,-0.356672,56.833364462580356,0.6484835300463629,-5.920140063946342,4.038606356223354,-2.765059852760775,-2.1592278939270813,17.5584999171983,11.739790519774854,-0.160878,0.296342,-0.255547,0.423771,-0.0909419,0.108861,0.894593
1.684143304824829,3.9412635744922326,-7.2678318401938995,10.77137700981376,-5.196772473402529,0.317809071783037,-0.7450144763359474,-0.00550518,0.340269,0.359568,0.215117,0.650935,0.614512,-0.390363,-0.175653,0.404536,-0.186079,0.711485,0.235321,0.563513,-0.347658,54.90172750714919,0.9772845836559827,-7.569414166529313,0.4702871830235358,-2.9030678704847066,-2.375846042310144,18.172786676672963,12.069823760176607,-0.160782,0.299033,-0.255669,0.415743,-0.0883713,0.102458,0.899361
1.7510349750518799,3.2179676817418663,-7.569377943055477,10.214991496959268,-5.16292727864061,0.5284179664390569,-0.8617504066332287,-0.00538701,0.340239,0.359595,0.211331,0.647727,0.623257,-0.383849,-0.176204,0.40633,-0.18512,0.712601,0.234515,0.565874,-0.342036,55.60498052929593,0.9757786540432601,-7.3135920186741705,3.565942153518936,-3.106324091788581,-2.1324425020954436,17.636396126157624,11.67611787841179,-0.160637,0.30152,-0.255751,0.414055,-0.086849,0.0974374,0.900845
1.8174898624420166,3.3845391558580755,-7.721943299345164,10.766227589493072,-5.3369149773966695,0.35879447815245213,-0.814911303895284,-0.00536195,0.340212,0.359616,0.21181,0.647725,0.623004,-0.383999,-0.176382,0.40792,-0.18434,0.711072,0.237577,0.568436,-0.338842,54.93700068894195,0.9548704253487441,-7.391611965701089,4.151423011942278,-3.206122253190795,-2.6500474064171655,18.035630861985027,12.16037534154509,-0.160486,0.303936,-0.255717,0.411512,-0.0854213,0.0949202,0.902414
1.8839316368103027,4.7809678466348915,-9.373471444184153,12.900662193062324,-6.4490721007230505,-0.25960497024404566,-0.6456545863973668,-0.0053092,0.340191,0.359539,0.214896,0.651918,0.614531,-0.388812,-0.176166,0.409783,-0.1836,0.709015,0.240075,0.569893,-0.338945,53.74122830215949,0.8134991566947909,-8.118899994316816,0.8541367351910516,-3.1611569021075496,-2.285403844564719,18.198131226620085,12.01137506866967,-0.160795,0.306249,-0.25565,0.413884,-0.0830528,0.093019,0.901748
1.9504897594451904,3.6094631915710473,-8.725291174892474,11.57858198183773,-5.825358987816434,0.12760576606510224,-0.8150743940699647,-0.00519255,0.340196,0.359662,0.211934,0.648009,0.623003,-0.383453,-0.176638,0.414596,-0.181274,0.704491,0.249324,0.576669,-0.330125,52.90178711833154,0.7783804124602939,-7.332478498694676,6.667737770905324,-3.4988461400151714,-4.100751370920925,19.132760160978258,13.606863573956257,-0.1611,0.312353,-0.255294,0.413468,-0.0778891,0.0831568,0.903362
2.016432046890259,3.391418757655456,-9.145440829712777,10.337151219583918,-5.592208426934314,0.22750976002798823,-0.9230075041740555,-0.0049996,0.340057,0.359897,0.211371,0.649333,0.621614,-0.383776,-0.177168,0.422501,-0.177184,0.701365,0.25784,0.583688,-0.31767,51.03212671952519,1.0037217403305452,-8.070835867060207,6.146429658432542,-4.5079653760024225,-3.9486303710459794,19.486668247125706,13.238436966355566,-0.160935,0.322924,-0.254641,0.409847,-0.0710949,0.0683711,0.906806
2.083214282989502,1.8011553670516252,-8.40019306680845,8.894090410569502,-4.939246818063079,0.8544058990267178,-1.1285968978227203,-0.00484021,0.340093,0.360163,0.21333,0.654131,0.613744,-0.387198,-0.179296,0.427048,-0.173998,0.699954,0.260646,0.590472,-0.305731,49.05674997409395,0.9272916731325864,-9.922906915942958,3.4785344217016227,-4.082117479453398,-3.795079509983566,19.429449717465634,13.14536134751772,-0.161557,0.329474,-0.25381,0.402708,-0.0663487,0.057055,0.911136
2.147930145263672,3.193793427834565,-8.991898247728932,9.844688605990042,-5.280023096703082,0.3864819462104748,-0.9535649308373524,-0.00469841,0.340011,0.360277,0.210058,0.650449,0.622016,-0.381952,-0.178585,0.432139,-0.171557,0.697417,0.268069,0.592193,-0.301755,48.98613374139964,1.1587193581504207,-8.827414772169924,6.507246004420834,-4.401948037419462,-3.4396350212419122,18.952762689011163,12.580314733297769,-0.161226,0.336116,-0.253201,0.40486,-0.0615562,0.0485326,0.911012
2.214402675628662,2.3264107881788663,-9.890521922038854,10.065404815391869,-5.734763358511804,0.6322405356819061,-1.0390202135744528,-0.00466245,0.340003,0.360256,0.21412,0.653125,0.614459,-0.387325,-0.177427,0.436478,-0.169558,0.69363,0.276389,0.594016,-0.299385,47.015105992774345,1.2075480715746811,-9.077315956297657,3.222908527635165,-4.641260187212993,-3.8831530098853264,19.697559169143137,13.051386132916651,-0.160712,0.341484,-0.252719,0.408789,-0.0588113,0.0405801,0.909828
2.2814435958862305,2.3897215798804923,-9.721854608409219,8.304082657633293,-5.388556222272317,0.5755614784756948,-0.9941731536434065,-0.00439288,0.339853,0.360435,0.210609,0.651898,0.620747,-0.381243,-0.177496,0.441259,-0.166583,0.689918,0.28244,0.597553,-0.295247,46.92974655754366,1.0147460040522314,-8.430793403169513,6.7264265956777685,-3.930320019306068,-3.175932679520919,18.720573866951902,12.437852977256926,-0.161276,0.347704,-0.251507,0.410835,-0.0529014,0.0333902,0.909561
2.3475966453552246,3.197546491928291,-9.788850980898307,10.085045942474602,-5.3709145681794945,0.14968335762024887,-0.7249738527886149,-0.00430006,0.339852,0.360439,0.211053,0.651264,0.620797,-0.382,-0.176632,0.447618,-0.16304,0.68294,0.293275,0.600198,-0.295542,45.65260259947791,0.9241809969379519,-7.459172996580922,6.259957434877738,-4.165734911969011,-2.9966541020633315,18.693453965734925,12.27118450022462,-0.162494,0.355426,-0.24982,0.420497,-0.0465277,0.0272682,0.90569
2.4144554138183594,3.316132741928578,-10.155020808623574,8.358529590958657,-5.415653746441106,0.06474122277756562,-0.5847620910887968,-0.00424918,0.339724,0.360326,0.214532,0.654544,0.612622,-0.387611,-0.176002,0.452641,-0.160222,0.675781,0.303759,0.600801,-0.300147,43.89638384839841,0.6600485296903105,-6.969070437487333,2.6288677802224925,-2.6885092226211995,-2.858973104463267,17.71516405234723,12.423519934049086,-0.164478,0.361572,-0.248224,0.429537,-0.0395876,0.0229535,0.901889
2.4794552326202393,2.402916369675778,-8.162275930190233,6.490923398190842,-4.744472820174382,0.06416513722123247,-0.33718423310510415,-0.0040999,0.33964,0.360396,0.209675,0.651145,0.621442,-0.381911,-0.172335,0.458776,-0.157538,0.663881,0.318522,0.599813,-0.313099,44.25169168147899,0.3209113081482383,-3.6675484860281973,7.8460707351920265,-2.704570199764216,-2.520840100707055,17.685785621583584,12.400310876256698,-0.165511,0.368374,-0.246568,0.448869,-0.0301751,0.0210156,0.892841
2.5466806888580322,3.5157499940232664,-11.019068949355015,5.266688171981093,-5.75127433675782,-0.7867613226537271,0.0611556226831142,-0.00388431,0.339533,0.360139,0.208896,0.650368,0.621158,-0.384117,-0.167133,0.466578,-0.153971,0.646597,0.33882,0.597001,-0.332721,43.23863242558638,-0.08272872860186675,-0.08349606416830646,8.3961837498597,-2.6630139895579603,-2.4087131735442213,17.864625288038457,12.741747364433143,-0.167608,0.376934,-0.24382,0.478306,-0.0181395,0.0227153,0.877712
2.6098010540008545,3.7266696629152505,-9.185919819712165,3.795151910322746,-4.895996977700663,-1.0452315231439848,0.15202172832034946,-0.00369424,0.339432,0.360172,0.21145,0.654794,0.611696,-0.390334,-0.170576,0.471774,-0.14912,0.638131,0.345094,0.603679,-0.330561,41.02082976083772,-0.7338298252364817,-0.7690391117288016,4.632904020151053,-0.5560899991171855,-2.624288069437064,16.69715052944257,12.805063905329853,-0.172763,0.383977,-0.240396,0.480154,-0.00745818,0.0196886,0.876932
2.678171396255493,4.276133664100486,-10.066486240216442,5.576083437205683,-5.274733683147335,-1.3384740297411004,0.3324103606390972,-0.00347327,0.339355,0.359881,0.205591,0.648678,0.62221,-0.387045,-0.173374,0.479597,-0.142386,0.627407,0.355574,0.61018,-0.328036,40.33830986724625,-0.5144464547954946,0.9387363975637069,7.671790169704176,-1.1306500777394728,-1.6004232788810313,16.171413046152892,11.770063059798966,-0.177872,0.394636,-0.236123,0.486202,0.00637511,0.0126167,0.873732
2.7451422214508057,4.360381074931189,-9.812999812470684,4.1288109949272584,-4.879829183032492,-1.6265428579693393,0.41934381758583067,-0.00288417,0.339273,0.360038,0.204242,0.65151,0.615733,-0.393309,-0.175049,0.489377,-0.133979,0.613756,0.370139,0.618078,-0.322924,37.477794151133956,-0.6293601966166236,0.8614686496779314,5.891517723492284,-1.0891774833428567,-2.3805056330983803,16.350771973127994,12.531438391985107,-0.182114,0.407992,-0.23076,0.491855,0.0217335,-0.0011501,0.870405
2.8124094009399414,5.296145337103889,-11.615310364178017,3.3955724518689743,-5.3390931731375515,-1.958214751216544,0.6414271501039632,-0.00224975,0.339136,0.360026,0.198797,0.647616,0.623631,-0.390073,-0.177573,0.498804,-0.124969,0.601153,0.382716,0.625436,-0.317763,36.23210369091335,-0.46614621037278825,2.204961361679308,8.019857117030554,-0.40216366084725674,-1.1435793727759247,14.924716697805797,11.241998003024715,-0.186387,0.421367,-0.22465,0.495364,0.0384487,-0.0134181,0.867731
2.8795766830444336,5.445939338316139,-11.723915944702116,3.8112088729090066,-5.279253521689407,-2.0877013536654614,0.6604602823293599,-0.00183565,0.339051,0.359867,0.194714,0.644495,0.626541,-0.392631,-0.179773,0.508108,-0.115592,0.588268,0.396398,0.631854,-0.312362,34.260158088974784,0.04985909681519307,3.0510115300104825,7.698075460577188,-1.2302846921625008,-0.8402382686489887,14.674314155510027,10.7682435125583,-0.190562,0.434809,-0.218133,0.497901,0.0561368,-0.0258933,0.865027
2.947675943374634,5.338999561511243,-11.782837158936502,2.8327767031956235,-5.390549038292551,-2.253174605999123,0.7164862612011005,-0.00135577,0.338987,0.359887,0.190663,0.645758,0.625357,-0.394427,-0.182586,0.513815,-0.108651,0.579409,0.401385,0.639434,-0.307083,32.99715349361931,-0.2761384637214801,2.6449837228896964,7.7072124418825,-1.8856873762268744,-0.17795029812571528,14.58309652938046,10.309928724495922,-0.194748,0.443379,-0.212868,0.498762,0.067279,-0.0353593,0.8634
3.017319679260254,6.303805666860876,-12.47318625601423,3.470444735867632,-5.606828942151514,-2.5954010719862577,0.7332511395645401,-0.00115486,0.339007,0.359694,0.191345,0.643519,0.627106,-0.394978,-0.184365,0.5182,-0.103428,0.571365,0.40817,0.643719,-0.304244,31.67263877656703,-0.29837392182447453,3.3226530652288737,6.808812130445119,-0.7011201327429628,-0.3558687924525117,13.84801091019257,10.647175444454982,-0.197966,0.449926,-0.208623,0.5019,0.0754254,-0.0389965,0.860748
3.0814552307128906,5.56886178837254,-10.886226806449319,4.150938074085121,-4.802410117113278,-1.9370480790670963,0.5282472682582059,-0.00103147,0.339067,0.359821,0.189841,0.642739,0.628215,-0.395213,-0.187272,0.521114,-0.0989744,0.568902,0.410182,0.64824,-0.296456,30.88147729177057,-0.17920808763970042,2.808160982956977,6.4589338456015515,-0.5832144747552661,0.018068850231596656,13.378026039342473,10.294161346685016,-0.200568,0.454531,-0.206016,0.497489,0.0836803,-0.0523129,0.861839
3.148359537124634,6.107806941348894,-13.646112340003073,7.824019380166824,-5.622741639039443,-1.534907457283678,0.45550715860561314,-0.00132439,0.33918,0.359805,0.190252,0.642442,0.627836,-0.396098,-0.18564,0.520729,-0.100143,0.572055,0.411617,0.646311,-0.292588,30.703096551565192,0.4052152063768022,2.4440308661278536,6.947099581883213,-2.152836714850613,-0.8143081287585048,14.768170028300363,10.582347142092564,-0.1974,0.454576,-0.206902,0.491184,0.0716376,-0.0540797,0.866419
3.215043306350708,6.100259303321958,-12.543339111355223,2.9826263436743363,-5.086490918921874,-1.8348768622268976,0.19302251836051246,-0.00149469,0.339096,0.360212,0.19254,0.644461,0.627235,-0.392652,-0.184382,0.517559,-0.10337,0.581163,0.404891,0.645337,-0.286099,31.326127197801622,0.28133441891414224,1.2616209950488475,7.171686858379125,-2.5074277459206744,-0.5396860185077657,14.825683497312902,10.347178635461114,-0.193135,0.450144,-0.210236,0.483021,0.0666424,-0.0548625,0.871344
3.2890732288360596,9.408461847231298,-13.336699853426554,4.327431283144899,-5.2417521448599285,-2.6001903169375074,-0.16786322266086245,-0.00216551,0.339218,0.360731,0.20179,0.651484,0.615177,-0.395482,-0.180364,0.510825,-0.111264,0.599735,0.394784,0.639971,-0.27368,31.108136153331426,0.4260458918463196,-1.8818129418243643,3.6982076338497194,-3.6606740738779973,-2.831511448479887,17.192312267134724,11.613821111529434,-0.183365,0.441114,-0.217054,0.467438,0.0457001,-0.0512771,0.881353
3.3558835983276367,10.439327228699767,-13.93422367226038,4.842380311403799,-5.28476051039008,-2.4371227159230497,-0.3894805651488102,-0.00254316,0.339318,0.361116,0.202144,0.649428,0.622699,-0.386817,-0.180428,0.505966,-0.115679,0.61557,0.383979,0.638022,-0.257997,32.54453686759271,1.137613144450852,-3.445302093537604,6.338601012763522,-4.30155869427915,-1.9584862963549625,16.657610358110734,10.952994605034398,-0.177819,0.435305,-0.221625,0.45054,0.0345072,-0.0570796,0.890261
3.422096014022827,13.008622015045466,-14.596313424811003,6.125980726508757,-5.400495078938484,-2.772289302468183,-0.5620845852668567,-0.00317221,0.339431,0.361378,0.204723,0.650809,0.621986,-0.384278,-0.181564,0.501575,-0.119531,0.630296,0.373131,0.637104,-0.239999,32.83316164891079,1.633376271072445,-6.08420385829491,5.853219991190554,-4.92864552310906,-2.439746241377435,17.181138552501427,11.083612096669148,-0.173071,0.430411,-0.225547,0.434174,0.0222547,-0.0646012,0.898234
3.4903788566589355,14.311126034033864,-13.359225326140578,8.384632277387142,-5.026683556067226,-2.4601989496528414,-0.543891978776701,-0.00359265,0.339547,0.36136,0.203249,0.651724,0.622104,-0.383318,-0.183324,0.499143,-0.12181,0.6381,0.36738,0.63575,-0.231694,33.32313179021564,2.1001524308040826,-7.512188740257039,6.633401807702607,-4.925491353918883,-2.3725146772411563,17.11349655236479,10.694172241237954,-0.171865,0.427791,-0.228006,0.422638,0.018811,-0.0599984,0.904115
3.5600507259368896,13.703143807568784,-13.37180053246299,10.356403414371783,-5.259693686411253,-2.062442210304514,-0.4167889569538227,-0.00407362,0.339728,0.360764,0.204478,0.64989,0.622222,-0.38558,-0.184508,0.496297,-0.124456,0.640956,0.361842,0.635462,-0.233312,33.702131244831435,2.1758057507868855,-7.74122272032607,5.407665673197129,-6.3518489122900945,-3.0111719721564896,18.326387231645914,11.445524048595397,-0.171923,0.424295,-0.230049,0.420804,0.012511,-0.0621617,0.904933
3.627171277999878,16.098959093530983,-13.825462488145721,10.51895276054568,-5.918582826424368,-2.8883661114716364,-0.07083135283924448,-0.00405615,0.339682,0.360576,0.203891,0.650189,0.621868,-0.385958,-0.182156,0.49508,-0.126896,0.638989,0.363709,0.631274,-0.246782,34.54467401833476,2.055543610596739,-6.403024389688052,6.202359949214659,-5.636379935336548,-2.9325247944074775,18.05361715559753,11.327539505624056,-0.173213,0.420964,-0.231414,0.438357,0.00877425,-0.0618911,0.896624
3.695559501647949,13.326233245436944,-12.19141215948748,9.157927772335388,-5.393193191561424,-2.198628899457901,0.018079077349633453,-0.00453724,0.339634,0.36,0.204825,0.650933,0.620772,-0.385973,-0.181984,0.495346,-0.127089,0.633947,0.366762,0.630116,-0.257974,34.744709889009016,1.4978981925970685,-5.115526448031663,6.0185353370828,-3.4350006894751406,-2.1370023532133686,16.328784035408837,10.884657812103516,-0.174834,0.420846,-0.230531,0.444187,0.00964246,-0.0494327,0.894518
3.76259446144104,12.01042667160552,-11.104036110006735,5.258683185451785,-4.970540476386015,-2.4257308286764596,0.16621872480236094,-0.00384018,0.339531,0.359928,0.202012,0.64942,0.622255,-0.387613,-0.181485,0.497911,-0.125051,0.622639,0.374261,0.630523,-0.273295,34.80568682343414,1.0817106455731778,-2.9511114884798424,7.2700053116462575,-2.7798708258983016,-2.1643259280743976,16.288549436707367,11.256282499445906,-0.179013,0.422968,-0.228385,0.457046,0.0210228,-0.0436227,0.888124
3.8296637535095215,11.253434798082958,-11.839106332919341,8.368886332459343,-5.443223698902649,-2.105143245253566,0.4508113174514008,-0.00331678,0.339424,0.359093,0.195158,0.645576,0.624319,-0.394171,-0.184044,0.500529,-0.122751,0.610111,0.380434,0.631159,-0.290986,35.03011768502658,1.1620649789824509,-0.8693850866254156,7.7641370994306715,-4.206628810410507,-2.2982744865894915,17.30882687351637,11.371209157079578,-0.18692,0.425417,-0.225606,0.474867,0.0299947,-0.0350813,0.878847
3.8964316844940186,12.533564046177686,-11.324232967721871,7.813179772386079,-5.432451759002897,-2.6913834183731886,0.6302843315312449,-0.00291212,0.339354,0.358642,0.194431,0.642795,0.625472,-0.397235,-0.1891,0.501038,-0.120469,0.602972,0.380119,0.635288,-0.297228,34.760738320751074,0.6832735369226275,-0.10559783272355538,6.640654560546967,-2.524938921590957,-2.2321621933421767,16.25214535862671,11.588495107365393,-0.19454,0.426083,-0.222781,0.478115,0.0373764,-0.0266867,0.877096
3.9627623558044434,12.000473572441903,-12.542523658146909,9.53933452983218,-5.876856250385019,-2.3275228589334893,0.7385576913496039,-0.00236414,0.339279,0.358501,0.191932,0.640183,0.627875,-0.398874,-0.190701,0.503005,-0.118214,0.597568,0.383303,0.636466,-0.3015,34.63524814630155,0.8035004009947655,0.7577969322786089,6.618304583005552,-2.4389626045696566,-2.140569109456777,16.076040864617216,11.435291897580464,-0.19779,0.428428,-0.220796,0.482275,0.0444819,-0.0257253,0.874511
4.028788328170776,9.869960707806293,-10.400689019134559,5.93958655770027,-4.883407331057568,-2.078213320014823,0.4493236702871393,-0.0023686,0.339256,0.359157,0.192149,0.64296,0.62749,-0.394889,-0.187191,0.504498,-0.117212,0.598621,0.385887,0.636994,-0.294929,34.34608510673051,0.7186240013942893,0.29900323486135605,8.49330475339163,-3.128632571105605,-1.8388582634457933,16.48687853029991,11.300215935786799,-0.193117,0.430901,-0.220406,0.479439,0.0428662,-0.0295551,0.876029
4.094655752182007,9.373430674751301,-11.352820630470546,4.424505386728959,-4.955047219135112,-1.6952218823340868,0.45071377778318894,-0.00261563,0.339246,0.359466,0.195468,0.644864,0.625229,-0.393741,-0.183771,0.504889,-0.117943,0.601723,0.388921,0.633525,-0.292087,34.00207532432772,0.980559930103332,0.16864182376745163,7.6648394208595,-2.406908612111776,-1.9784814815347644,15.873367310710947,11.21493018701936,-0.192501,0.430511,-0.22247,0.520745,0.0510308,-0.0479578,0.850836
4.162122011184692,10.880133746948331,-12.00256651908173,8.150962759106088,-5.3159809383420775,-1.6457161994799674,0.510275974571763,-0.00297924,0.33933,0.359269,0.194838,0.644986,0.625938,-0.392725,-0.182959,0.504101,-0.119153,0.605102,0.38719,0.633122,-0.288257,34.22734670319032,1.2114417400046065,-0.33675758565625813,8.591178950311946,-3.964888876204167,-2.024499495427712,16.947335318185218,11.15397508499801,-0.190346,0.429759,-0.223842,0.517488,0.0463942,-0.0509972,0.852909
4.227164030075073,11.078357449091953,-11.018687461951329,8.085671522173373,-5.392131652439743,-2.2111097035921574,0.4533123276030982,-0.00303912,0.339339,0.359224,0.195361,0.64495,0.625949,-0.392506,-0.183148,0.50351,-0.119677,0.604145,0.386137,0.632926,-0.292082,34.46233622401911,0.9316110557701884,0.0048304794108311455,8.311495198928371,-3.3697358169473723,-1.8136687202461843,16.515153849404857,11.099149456829995,-0.18722,0.429762,-0.223202,0.478091,0.0369491,-0.0369681,0.876754
4.294424295425415,12.292567734393248,-10.397050730144299,5.844650659308893,-5.1336978857640885,-3.1469818174163033,0.5333573961931322,-0.0027566,0.339251,0.359225,0.194257,0.644055,0.625503,-0.395225,-0.1854,0.503837,-0.118442,0.600553,0.385243,0.635302,-0.295491,34.33421653868464,0.6807321718793272,0.16742068394584386,7.447449073267489,-3.672830481869422,-1.9931925674861972,16.8170446440754,11.391230276776255,-0.191098,0.430048,-0.2213,0.48,0.0416919,-0.0298126,0.87577
4.364170789718628,11.96449777483123,-10.93375912753698,7.85177119810939,-5.239125619829632,-2.7415955265642875,0.6377868418188091,-0.00241067,0.339223,0.358972,0.190528,0.643566,0.627697,-0.394357,-0.189675,0.505243,-0.115822,0.595276,0.386091,0.638709,-0.297709,34.438834568350494,0.3243841495098345,0.5534961795781701,8.889815804784135,-1.2013816683278105,-1.0268139865665873,14.91715207696047,10.790410138325187,-0.197088,0.431719,-0.218991,0.482488,0.0488531,-0.0297933,0.874032
4.429332971572876,11.20484909466944,-10.554859194948321,6.99519889650754,-5.033006563742043,-2.7279692250122447,0.6247330855904172,-0.00225366,0.339181,0.358878,0.192055,0.641214,0.627805,-0.397266,-0.191153,0.506345,-0.114063,0.591974,0.387375,0.641154,-0.29737,33.702060193899975,0.3430867063358718,0.7793832849327256,7.09316661161845,-1.7495757190249233,-1.846555649579912,15.536022678179492,11.508142689761215,-0.199171,0.433477,-0.21742,0.481667,0.0519855,-0.0306042,0.874276
4.49730110168457,8.972726783300619,-9.346246451431703,2.742389349133341,-4.519549152206522,-2.511274805458106,0.5156234795038374,-0.00213709,0.339119,0.359101,0.194113,0.646521,0.619212,-0.401132,-0.189009,0.506763,-0.114131,0.591269,0.388509,0.639465,-0.30091,33.202575105233294,-0.07286632047479391,0.25555419657987954,4.618844415290093,-1.3410196212961907,-1.875043124208446,15.432940205411807,11.50771519120671,-0.197687,0.433844,-0.217457,0.485271,0.0531212,-0.0303892,0.87222
4.565956115722656,10.257248180013603,-9.721805706494509,3.9407662867618147,-4.769042085715112,-2.873594469991049,0.6132954833095509,-0.00205506,0.339114,0.359085,0.191963,0.642143,0.627623,-0.396095,-0.190217,0.506029,-0.114478,0.590647,0.386673,0.640663,-0.301944,34.062988507822496,-0.052599688041207626,1.168170733043464,7.352320142723924,-1.2332600700599219,-1.4154274207792312,15.094919643265932,11.358276510687425,-0.199301,0.432636,-0.217441,0.485236,0.05512,-0.028893,0.872166
4.632433652877808,10.20270898691642,-10.167197147100413,7.192633711012129,-5.086641673772108,-2.6600339457938955,0.7079251884614346,-0.00217897,0.339121,0.358691,0.191163,0.640042,0.628064,-0.399173,-0.192017,0.505236,-0.114908,0.5904,0.38497,0.641042,-0.303793,34.12578604214847,0.1562414317183901,1.1953917044146678,6.542443026310134,-2.4758275220648542,-1.8664751904733734,16.10776084651459,11.59207575011049,-0.201339,0.431544,-0.217477,0.485074,0.0549579,-0.0244026,0.872403
4.699716091156006,9.460294883907645,-9.84038604141269,5.566500411127356,-4.936583885948133,-2.655497945589988,0.7176034423077088,-0.00191559,0.339114,0.358741,0.192369,0.645215,0.61984,-0.403101,-0.19169,0.504994,-0.115177,0.589072,0.384103,0.640488,-0.3086,33.84583526952537,-0.46546250965115754,0.6305709022024271,4.392399755311336,-1.3379804809583753,-1.776484213543668,15.58733701645738,11.750227815899667,-0.201796,0.430986,-0.217519,0.488195,0.0564495,-0.0232785,0.870596
4.768224000930786,10.144629322046645,-9.832780571238585,6.433227138741827,-5.002354359507316,-2.8924428999082856,0.7429754795111143,-0.00185648,0.339104,0.358692,0.189129,0.641894,0.627421,-0.398177,-0.192462,0.504676,-0.115218,0.589468,0.383355,0.640858,-0.308006,34.69004932983706,-0.24367998168043203,1.2732817919200876,7.501181989318605,-1.3474426449970878,-0.9748044086085557,14.981788813044021,11.028226795149168,-0.20274,0.430694,-0.216849,0.486664,0.055002,-0.0254296,0.871485
4.8335607051849365,9.762894238119305,-10.24678925299969,6.657252911404741,-5.057486176560832,-2.7594045535250973,0.7926112761969538,-0.00175234,0.339059,0.35864,0.18735,0.642005,0.627981,-0.397957,-0.192947,0.504995,-0.114731,0.588063,0.383232,0.640942,-0.310658,34.96954139263839,-0.35112950983266367,1.491060840412251,7.897939244611095,-1.2006015077535697,-0.3608285189181082,14.534221056207937,10.5407274136324,-0.203957,0.430729,-0.216798,0.489702,0.0590584,-0.025139,0.869524
4.90195894241333,10.180087400472807,-9.362720237851567,6.439546323846074,-4.7404524120137514,-2.97689937975987,0.7733179256830569,-0.00157504,0.339038,0.358665,0.190239,0.645189,0.619413,-0.404805,-0.194007,0.504694,-0.114471,0.586912,0.382973,0.641887,-0.311203,33.97000472617198,-0.6275926362249977,0.6146520953584673,4.687723022004234,-0.8474693210321327,-1.633589942804612,15.21039372980815,11.832365921657024,-0.204825,0.430679,-0.216038,0.485199,0.0581304,-0.0235996,0.87215
4.968915939331055,10.034637913666298,-9.93000467750357,6.934466978763993,-5.057686581465316,-2.868984574429739,0.8787554982814834,-0.00157632,0.339028,0.358563,0.190429,0.644703,0.619517,-0.405331,-0.19408,0.504083,-0.115238,0.586721,0.382081,0.641271,-0.313918,34.157578439180156,-0.6802201484520598,0.833315332793104,4.357836991207342,-0.8964424307632655,-1.7514864761088589,15.412327677257293,11.912221463659453,-0.20563,0.429664,-0.216495,0.489414,0.0561575,-0.0197755,0.870017
5.035223007202148,9.186388778801595,-9.345258930255708,5.6271066664835745,-4.805796087228124,-2.7445336370373035,0.8122952784272387,-0.00143728,0.339012,0.358646,0.187864,0.640039,0.628708,-0.399729,-0.193346,0.503474,-0.11597,0.587903,0.381838,0.640381,-0.31382,35.11131651196853,-0.2661480838243646,1.8106348455365318,7.596700386607852,-1.6515703739102516,-1.2293166607226311,15.46329038110639,11.305544149052444,-0.204371,0.428862,-0.216764,0.487482,0.0573303,-0.0182927,0.871057
5.102513074874878,9.28315104053908,-8.958680480029237,5.143240212753178,-4.701240545603596,-2.8269120849155893,0.8139201434831732,-0.00142245,0.338926,0.35867,0.191138,0.644604,0.619329,-0.405442,-0.193026,0.502558,-0.116877,0.589822,0.37944,0.639026,-0.315882,34.64403346339356,-0.5900650054762577,0.7889897030110635,3.427060074246114,-1.3676172286507704,-1.464617393176752,15.560256276081367,11.382529657074604,-0.204363,0.427263,-0.217455,0.48968,0.0558725,-0.0162093,0.869959
5.168928384780884,9.761562704445234,-8.935070921550388,5.861612855712028,-4.785824865527696,-2.9660914687432056,0.8629668821246694,-0.00138806,0.338977,0.358665,0.187799,0.640138,0.628701,-0.399612,-0.193839,0.501729,-0.117261,0.589409,0.378107,0.640311,-0.315647,35.575462694685555,-0.4738991901845431,1.668115027720365,7.563802234262017,-1.8344750742838905,-1.0865063214424424,15.617580606035155,11.284330858228477,-0.204887,0.42625,-0.217548,0.48649,0.0548433,-0.0134276,0.87186
5.234819412231445,9.70315618924351,-8.96985892536182,5.401831742182664,-4.75916447075994,-2.965744164868064,0.8661846678802694,-0.00133924,0.338966,0.358721,0.18759,0.640278,0.628765,-0.399386,-0.194113,0.501439,-0.117481,0.588979,0.377421,0.640479,-0.316927,35.704395973317915,-0.611887766964649,1.7404559428263084,7.7466658617983,-1.5704956933847125,-1.1111739515582855,15.568719061367293,11.43500535954035,-0.205485,0.42553,-0.21779,0.489701,0.0568975,-0.0156569,0.869891
5.315053462982178,9.24820560013485,-8.426304651539063,4.8132974282902445,-4.518189408799479,-2.827227452699255,0.8245516060168837,-0.0013711,0.338984,0.358713,0.187568,0.6402,0.628798,-0.399468,-0.194316,0.5013,-0.117524,0.589696,0.377079,0.639945,-0.317082,35.79667543114935,-0.5455765291263177,1.7192500182701398,7.454242810319195,-1.3749349785535063,-0.8681677839765953,15.18880471667221,11.120355483172089,-0.205625,0.425416,-0.217767,0.487902,0.0559545,-0.0146054,0.870981
5.380663871765137,9.124475651546794,-8.24096882873024,3.3139825907699434,-4.4269508458817874,-2.9354276822981964,0.817580047072625,-0.00125032,0.338944,0.35879,0.188246,0.639963,0.629114,-0.399031,-0.194476,0.500984,-0.117669,0.590316,0.376483,0.639585,-0.317364,35.879043484890715,-0.5737260857015629,1.7803460334099537,7.040100844981362,-0.732198035138719,-0.7446303856800327,14.646378735402749,10.948409069851015,-0.205875,0.424871,-0.217694,0.489409,0.0576842,-0.0120304,0.870061
5.442878484725952,9.319561237708243,-7.999299232023368,4.227402448544056,-4.36352008808866,-3.0405918375859438,0.8078226697329758,-0.00112231,0.338853,0.3589,0.189788,0.640459,0.628384,-0.398655,-0.194468,0.500731,-0.117743,0.590162,0.376635,0.639844,-0.316947,35.691671073451715,-0.7363964530043332,1.7696298381416398,6.748630707983117,0.31660592602226156,-1.0239705722223462,14.243524365386515,11.243498690965648,-0.20563,0.424807,-0.217747,0.485918,0.0562555,-0.0119921,0.87211
5.509314298629761,9.20280132750311,-8.52447307561386,3.6754888424454917,-4.504834599257213,-3.0521474957467203,0.8115378003341837,-0.00102311,0.338839,0.359006,0.189457,0.640843,0.628596,-0.39786,-0.1944,0.500628,-0.117821,0.590076,0.376751,0.639673,-0.317312,35.80005127245192,-0.7971264082796352,1.8229854678329964,7.292465197363633,0.8497355890326608,-0.957178025535967,13.972212977260403,11.160280198752748,-0.20578,0.42437,-0.217822,0.488039,0.0572659,-0.0125808,0.87085
5.575758695602417,8.819082943524798,-8.491348358106652,4.446060401592559,-4.456104957559043,-2.823261290156904,0.7801146015566912,-0.00136631,0.338954,0.358688,0.189722,0.64533,0.619835,-0.404178,-0.194392,0.500647,-0.117958,0.590109,0.377429,0.639109,-0.317582,35.13142096462478,-0.8078922221016434,0.7617593409509649,5.52760541243032,0.008405239267263553,-1.3950198301443564,14.62433734073241,11.857183951320778,-0.205774,0.42459,-0.217976,0.488052,0.0563017,-0.0116305,0.870919
5.642717599868774,9.254614902537167,-8.681614063943076,6.056271044321152,-4.6253897302224765,-2.8425675606480776,0.7721168458226966,-0.00127636,0.33897,0.358678,0.188258,0.639835,0.62914,-0.399191,-0.19453,0.500483,-0.117988,0.590324,0.376982,0.639178,-0.317574,35.86361559755908,-0.5030746660674223,1.842874766912578,7.604175061175516,-0.4477379233993375,-0.8769270684723693,14.621542291518875,10.992794241128525,-0.205641,0.424529,-0.218019,0.485804,0.0559574,-0.012014,0.872192
5.708291292190552,7.191836593712589,-9.229365706224899,5.381876491949276,-4.791687931282918,-2.121694492498926,0.6138722652215742,-0.00162822,0.339001,0.358317,0.188385,0.640297,0.628257,-0.39978,-0.193457,0.501117,-0.118375,0.589535,0.380001,0.638256,-0.317297,35.56443568225492,-0.3132003767854794,1.9554228190376062,8.122228437179658,-0.7567998496415171,-1.3895299707527755,15.196910040808044,11.45177859450965,-0.204332,0.425231,-0.218407,0.48559,0.0531716,-0.0146838,0.872445
5.7757298946380615,5.8413098858010635,-8.41772816018889,4.249658631926414,-4.259986105388328,-1.5992619008274578,0.3970523180476324,-0.00173901,0.339079,0.358069,0.190454,0.645241,0.618756,-0.405626,-0.194431,0.501418,-0.117646,0.590841,0.37972,0.639692,-0.312271,34.471088736387536,-0.4400743617217213,0.32305815638199675,5.397612034347151,-0.7009401378291358,-1.908120242016075,15.270702045913746,12.129062754320277,-0.204401,0.426078,-0.218155,0.482166,0.0519509,-0.0161605,0.874389
5.842040777206421,6.722415528755673,-8.719787496744093,3.2982378964183203,-4.293990677409553,-1.528866951325708,0.3974506310167778,-0.00174332,0.339103,0.358086,0.185904,0.641235,0.628165,-0.399582,-0.194385,0.501597,-0.11773,0.592226,0.38091,0.638885,-0.309841,35.41740206099993,0.1785865435776678,1.0743882591285416,9.705107438476729,-1.1098465704473721,-1.18438908827504,15.229363433391983,11.129620686448396,-0.204178,0.426285,-0.218651,0.484152,0.0502961,-0.0209685,0.873285
5.909415006637573,4.745679984174025,-9.25288747578274,2.7191374388989358,-4.476844674382453,-0.5859960102725463,0.24030619256928465,-0.00213998,0.339258,0.357988,0.188234,0.639986,0.62805,-0.400672,-0.192427,0.501161,-0.119111,0.596729,0.381358,0.635895,-0.306788,35.28180170307348,0.8279601874556197,0.8844813032410297,8.214769882932645,-2.574615437066223,-1.6337766947536778,16.02429561654414,11.044918490929788,-0.200453,0.425768,-0.22083,0.483141,0.0478849,-0.0219336,0.873957
5.975406646728516,3.752049151357675,-9.171833595266914,3.052345466379795,-4.457737708689372,0.002545719041548914,0.06929226038863727,-0.00271921,0.33945,0.358149,0.194904,0.644907,0.618868,-0.403869,-0.189472,0.500861,-0.12063,0.602716,0.382368,0.632469,-0.300852,34.24830393662754,1.0022962119696277,-0.4236165367334994,4.364611566792299,-1.8977653760534263,-2.4387705190229028,15.853975030000315,11.462003639886934,-0.195594,0.425655,-0.222778,0.479944,0.0409646,-0.0269762,0.875927
6.042595386505127,4.882437406940991,-10.77202430577488,7.032831339545871,-5.28461684156797,-0.05523861189522695,0.12310480648822977,-0.00322932,0.339521,0.35808,0.192973,0.641853,0.626441,-0.397944,-0.187589,0.500953,-0.121312,0.604818,0.383819,0.631653,-0.296468,34.82385765937866,1.5075634873741948,0.09444854185861296,8.070815687265627,-3.317188090893172,-2.173144786445256,16.53217665839478,11.059921136897708,-0.192444,0.426055,-0.223679,0.479983,0.036698,-0.0281534,0.876058
6.10920524597168,6.653716306610318,-12.209109454536364,7.560327424349277,-5.4696734375159135,0.005370938973050052,0.25767680846191793,-0.00442465,0.339806,0.357146,0.192407,0.641199,0.626635,-0.398965,-0.189794,0.502892,-0.119818,0.60309,0.3875,0.63278,-0.292773,34.187873519797066,1.8264335362376956,0.02336214066973774,8.246810454187216,-3.0207965131343997,-2.0400806755250684,16.070939976382796,10.777845420651573,-0.194381,0.429367,-0.223429,0.477609,0.0359946,-0.0406969,0.876891
6.176073312759399,6.436453221995429,-10.304078652894791,7.578235332252539,-4.777352242249208,0.46006511903260533,0.22182884283685883,-0.00522538,0.339935,0.356164,0.19544,0.643092,0.617966,-0.407865,-0.193906,0.503166,-0.119089,0.601126,0.386432,0.635881,-0.291502,32.798914827708735,1.579800099308852,-1.0928151911583779,3.8082078507172676,-3.190348430760878,-3.454480106081725,17.130189826581155,11.606602664151822,-0.198366,0.430162,-0.222887,0.474922,0.0363803,-0.038753,0.878421
6.242555141448975,2.8614199981902053,-10.235646590411319,5.931891639448447,-5.230908989616924,1.27549000071492,0.21213292575944215,-0.00591705,0.34002,0.355694,0.196177,0.642661,0.618798,-0.406929,-0.190962,0.502867,-0.121035,0.601852,0.389785,0.631292,-0.295486,33.072079939980796,1.9546964785693985,-0.2961090061928804,4.525176549629214,-3.338072162648155,-3.3919974774220734,17.009428305097497,11.636376769147068,-0.195961,0.429422,-0.22477,0.481677,0.0362126,-0.0416961,0.874607
6.314999103546143,8.010054375097829,-13.018420317409914,3.1530559650312373,-5.794267315202087,-0.602727411519783,0.4040774269842176,-0.0055473,0.339825,0.356047,0.191896,0.638314,0.627868,-0.401887,-0.188831,0.504536,-0.119725,0.598857,0.392179,0.63159,-0.297759,33.87546095261077,2.227303825663368,1.0311544309640723,7.6793452598045295,-5.668654810979344,-2.6639443365300295,17.86702645981564,11.097135156393055,-0.194693,0.431573,-0.223567,0.484736,0.0380432,-0.0400017,0.872917
6.383162975311279,2.954284183144892,-8.920109300520382,6.679666428272426,-4.067550101283156,1.9883247245892501,0.20314933112376812,-0.00626214,0.340042,0.35553,0.190551,0.638122,0.62798,-0.402655,-0.194816,0.50432,-0.1187,0.600899,0.387791,0.636421,-0.288975,33.599357666470524,2.198220998740098,-0.27931012276664546,7.576369487568676,-5.074469813591691,-2.636572837866183,17.42819566929314,11.037769554939427,-0.199146,0.431659,-0.223702,0.478329,0.0397677,-0.0476695,0.875984
6.450647592544556,6.632522987092942,-12.827822865838144,10.301709066876471,-6.406328696322726,0.011163273835903072,0.5412626996917392,-0.00669737,0.339987,0.35479,0.193517,0.639085,0.62641,-0.40216,-0.189919,0.503495,-0.12153,0.599001,0.392541,0.630185,-0.299961,33.85034292464195,2.120439580205895,1.2006048164897294,7.5897212056009575,-3.948915188118585,-2.3962856158909673,16.644413694284943,10.862775000697113,-0.195647,0.430348,-0.225478,0.487542,0.0363061,-0.0432713,0.87127
6.514920473098755,8.532810317818731,-14.023694180535559,6.572920563697717,-6.476760297313913,-0.3631217824265268,0.6426207709855616,-0.00638657,0.339866,0.355132,0.191228,0.63827,0.627424,-0.402968,-0.190329,0.504552,-0.120561,0.596158,0.393751,0.630543,-0.30327,33.97856926604435,2.140837720610789,1.6201478627519634,7.816998297446144,-4.441081492056245,-2.595196408064467,17.12567128806685,11.063666862023165,-0.197675,0.431744,-0.223984,0.488662,0.0374644,-0.0386683,0.87081
6.580615997314453,2.1354018549722236,-10.255478927443452,9.267031813042648,-4.853747888192337,2.039952280399519,0.3294789090605731,-0.00702743,0.339995,0.354726,0.19014,0.638528,0.627878,-0.402366,-0.191743,0.504968,-0.120029,0.598517,0.393555,0.632112,-0.29551,33.72617857430778,2.4424283524086734,0.7933464111668886,8.78671902696128,-5.056603220453026,-2.499603870469464,17.392924326433477,10.873099830155775,-0.197079,0.432579,-0.224499,0.484593,0.0378113,-0.042902,0.872868
6.647426128387451,8.766322593548448,-14.269459266350344,9.058388707789605,-6.741595137584329,-0.6123615819747871,0.7237299580771144,-0.0069111,0.339785,0.35461,0.195629,0.641387,0.619177,-0.408622,-0.188695,0.505167,-0.120888,0.59506,0.397504,0.628628,-0.304502,32.79673063632892,2.1235194809577833,1.2760930210832644,4.500538316674368,-4.290496731004284,-3.705341933680863,17.813651096344397,11.964869494594128,-0.195896,0.432349,-0.224698,0.494242,0.0365914,-0.0395312,0.867654
6.714890480041504,5.530015916813618,-11.343938201434344,8.109991203091136,-5.219748542308097,1.2453708946538204,0.5176059138802019,-0.00713416,0.33989,0.35445,0.189798,0.638123,0.627477,-0.403792,-0.1928,0.50472,-0.120188,0.596534,0.392651,0.631684,-0.301575,33.989806684509205,2.222432418577764,1.263232335188217,7.674825439271273,-4.574223904509637,-2.0843419606114466,16.770399909598037,10.475968685628173,-0.199102,0.431959,-0.224485,0.487451,0.039744,-0.0415142,0.871257
6.782665967941284,4.690549309827107,-11.36760027866852,10.466315485355665,-5.617371662196242,0.987071913626195,0.513363872317609,-0.00778483,0.339966,0.353905,0.190363,0.638377,0.627759,-0.402685,-0.190785,0.503766,-0.122242,0.597824,0.394439,0.629907,-0.300404,33.98145506714641,2.452718621884859,1.3499948683810299,9.59624257988554,-5.299664767920435,-2.771881379358426,17.91515220304576,11.353181985610155,-0.197236,0.430485,-0.226397,0.492877,0.0358185,-0.0441018,0.868242
6.849746942520142,10.245036742941593,-15.13843826634479,9.574386702125857,-7.0754428868651855,-0.8965424952273539,0.8079433569407608,-0.00745771,0.33983,0.353937,0.193825,0.642995,0.617578,-0.409373,-0.190132,0.504044,-0.122257,0.596169,0.395417,0.627754,-0.306844,33.24360803913861,2.034748713146308,0.9926873448450042,4.923152368117797,-3.812496411793836,-3.0652995794350133,17.035149877928028,11.47938940590504,-0.197669,0.430613,-0.225885,0.49573,0.0376223,-0.038712,0.866798
6.917428493499756,3.304568458106542,-10.256923024335894,10.55236316072545,-4.8160195932145085,2.052967975947108,0.35253287305932335,-0.00799584,0.340003,0.353749,0.191124,0.637397,0.627383,-0.404459,-0.193815,0.503979,-0.121553,0.599458,0.392567,0.630804,-0.297704,33.78377048129043,2.615771088014279,0.9111882965372988,7.385898068424128,-4.487038849459541,-2.677079301194027,16.947959292216645,10.79055101506004,-0.199596,0.430968,-0.225753,0.486739,0.0343791,-0.0441157,0.871755
6.984862565994263,5.286221344469582,-11.97419909211698,12.404828042424413,-6.0271903763630945,0.7221449758806002,0.5039440203361989,-0.00804085,0.339903,0.353639,0.194102,0.63805,0.626423,-0.403498,-0.189242,0.503396,-0.123428,0.599504,0.393644,0.627797,-0.302507,33.91724553672742,2.4271261601805945,1.5623318281874123,6.728023611865011,-5.378538047669974,-2.7586631741998815,17.615661675302338,10.982391630224347,-0.195214,0.430038,-0.227225,0.49111,0.0348084,-0.0408065,0.869445
7.052707672119141,9.142668028027321,-13.883606982014284,11.251475110573342,-6.655448487872854,-0.46692672412281666,0.6610763531750167,-0.00804134,0.33989,0.353617,0.193971,0.63795,0.626221,-0.404033,-0.189577,0.503371,-0.123388,0.59819,0.394033,0.62746,-0.305288,33.97359925728022,2.342249719776592,1.8458466959244717,6.5552374133425095,-4.887181710016652,-2.679522590534134,17.300570314104867,10.944802623490217,-0.196013,0.430018,-0.226784,0.491021,0.034034,-0.038345,0.869638
7.120723009109497,6.5892689934272,-12.472829897169522,11.496572509858623,-5.56525590483183,1.0772845334187107,0.536371020496357,-0.00838684,0.339987,0.353372,0.189163,0.639446,0.625908,-0.404431,-0.194426,0.504134,-0.121599,0.597654,0.392996,0.63189,-0.29846,33.793698672825116,2.349705984502482,0.7177062780311179,8.90091667232111,-4.426658111278849,-2.5429910649133234,17.116388651648847,10.99507613216672,-0.200711,0.431157,-0.226287,0.489586,0.0364248,-0.0478389,0.869879
7.186053514480591,4.498374351223672,-10.76201191178759,11.743284859684492,-5.372822502116612,1.45693085883754,0.3661657941356311,-0.00880726,0.339929,0.352907,0.193013,0.637064,0.626566,-0.405352,-0.1927,0.503177,-0.123304,0.599575,0.393117,0.629375,-0.29976,33.68626658994319,2.6492794221816247,1.178117827835182,6.868663442415533,-5.272346849829368,-3.12539418936435,17.699473235372384,11.198798003046521,-0.198117,0.430281,-0.22715,0.485523,0.0311485,-0.041358,0.872689
7.253331422805786,5.023306352015178,-10.929623151907231,12.461464573877237,-6.138502240579264,1.0248894646954245,0.45750423478901653,-0.00890972,0.339995,0.35283,0.19413,0.638033,0.625942,-0.404259,-0.190306,0.500828,-0.126459,0.601827,0.391682,0.625467,-0.305253,34.37538850412559,2.54955958568667,1.5856249869713892,7.413723554217801,-4.806176895454147,-3.0354368108877736,17.515480756568092,11.184232519173044,-0.195758,0.426517,-0.229451,0.490407,0.0297945,-0.0368601,0.870204
7.332787752151489,7.477590422129667,-13.415240336638224,13.944023614044966,-6.862798342110252,0.31694822271951273,0.6165200488845558,-0.00910145,0.339957,0.352591,0.19102,0.639132,0.626162,-0.403662,-0.191725,0.502439,-0.124464,0.597916,0.394395,0.627608,-0.305054,34.20288191942231,2.389305193490931,1.6392959403350496,9.3563561575038,-4.198402090584805,-2.401010781167429,16.995939614262152,11.01408088561633,-0.198026,0.428913,-0.228086,0.491753,0.0335205,-0.0410569,0.86912
7.4002158641815186,7.944404485587981,-14.028030537199529,12.99494527794262,-6.721090286009304,0.23010716685510388,0.6707052086423128,-0.00963409,0.339991,0.351943,0.191028,0.635506,0.627213,-0.40773,-0.196248,0.508283,-0.11796,0.590023,0.401012,0.634273,-0.297927,32.33602209482908,2.685353271473466,1.6593735713977846,6.698927040195695,-4.919748318125054,-3.0239289305910546,17.297609588676263,11.152998252556053,-0.203821,0.437633,-0.223217,0.492071,0.0428496,-0.0474577,0.868204
7.468487977981567,8.54084607222809,-16.21886253916195,12.450487581378141,-7.023840754466136,0.10749111108384861,0.9246881371373602,-0.0102995,0.339926,0.350958,0.183391,0.63514,0.629498,-0.408285,-0.202221,0.517412,-0.107786,0.574006,0.411861,0.644577,-0.292247,30.64010842311462,2.408386617099051,1.9185066582833716,8.52373369571221,-4.479046835932689,-1.959277878498277,16.283783175572776,10.401328400870115,-0.212192,0.451109,-0.215847,0.495213,0.0626907,-0.0627381,0.864233
7.537101984024048,7.967030761867841,-17.32828825723747,10.034838997270342,-7.09510419899417,0.11747622540872552,1.089151359537692,-0.0105317,0.339648,0.350308,0.180975,0.6328,0.62991,-0.412341,-0.20516,0.52525,-0.0989449,0.560413,0.423505,0.65091,-0.287918,28.498969206238034,2.6332565420834997,2.4256160342469357,6.871085954732939,-4.998496234174441,-2.653944307776598,16.84898427212161,10.75335992548286,-0.21752,0.462796,-0.209013,0.499896,0.078654,-0.0740223,0.859324
7.6039698123931885,8.313219291172087,-19.479194040499912,7.6327918851385395,-7.66499719704907,-0.5011763842301056,1.2827337070957283,-0.00976762,0.339456,0.350392,0.178418,0.632675,0.630652,-0.412514,-0.205957,0.533771,-0.0877176,0.544626,0.436002,0.658998,-0.281081,26.2458221992682,2.3557708400422346,2.904278476800302,6.8499577316098375,-4.5066592821372,-2.2392476981518854,16.066221035098724,10.31586183983851,-0.220825,0.475989,-0.200009,0.504783,0.0958677,-0.0878883,0.853393
7.671595335006714,7.532083006185283,-18.884550238279285,3.7119638243981496,-7.221571233518186,-0.7481679507418332,1.231815694051272,-0.00916073,0.339387,0.350939,0.17799,0.631932,0.630434,-0.414167,-0.204624,0.542599,-0.0762958,0.530968,0.449913,0.66479,-0.271487,23.61818795778526,2.5600709389663585,3.1847024911239945,5.1586037796270645,-5.504502465230546,-3.012382350089112,17.008162165686112,10.170252843508775,-0.221358,0.489748,-0.19059,0.507525,0.112084,-0.102334,0.848165
7.739168882369995,8.985354835270515,-20.833278598285464,1.9474566851669315,-8.012915418827964,-1.4913500439564298,1.3330229656622306,-0.00895724,0.339295,0.35109,0.17597,0.631815,0.631781,-0.413155,-0.203681,0.547904,-0.0684866,0.518947,0.461425,0.669127,-0.26467,21.84801346255637,2.648390118663425,3.6645678952179637,7.354589528584398,-5.4075421991048565,-3.4003887349643307,17.020661062561786,10.86023832538508,-0.221525,0.498211,-0.185029,0.511297,0.133474,-0.110737,0.841723
7.808306694030762,8.311878870332874,-23.608487001717194,3.954247887912944,-8.700249858844971,-1.0699044004852363,1.6218106391957103,-0.00876648,0.339281,0.351222,0.172317,0.632869,0.632959,-0.411273,-0.202119,0.554663,-0.0591121,0.505965,0.47342,0.672989,-0.258763,20.267299029044732,2.658242626821931,4.1960772210139545,8.737207577886416,-5.210411147361279,-2.487443575135984,16.14404038102342,10.347702343399522,-0.221261,0.509454,-0.176941,0.515427,0.141084,-0.125972,0.8358
7.875410556793213,6.58428902875524,-22.799203359991857,1.0270350038577432,-8.439897966712099,-1.0109335955916798,1.6978981629093575,-0.00837078,0.33903,0.351421,0.17221,0.633904,0.631434,-0.412068,-0.198474,0.560016,-0.0511967,0.495406,0.483385,0.674041,-0.25803,18.813759178653996,2.644389245652815,4.926652266147041,6.742947447897702,-5.5117957618727935,-1.748032241414343,15.776446115445065,8.972515323538044,-0.219625,0.518672,-0.169865,0.522049,0.149614,-0.137462,0.828363
7.9413251876831055,6.918012030850417,-23.388455354880453,0.9790399991177818,-8.499809561107977,-1.011215570485365,1.817900036208177,-0.00808771,0.339084,0.351696,0.172955,0.633445,0.631492,-0.412373,-0.197012,0.564005,-0.0451558,0.486817,0.490504,0.676105,-0.255533,17.508939631369397,2.6538937827492264,5.483538638125637,5.566391539996086,-5.344995371528995,-2.2585685842508454,15.715983826440903,9.247199204686321,-0.219156,0.525419,-0.164191,0.523562,0.155111,-0.144924,0.825118
8.00851035118103,5.463077779897542,-22.26262526346101,0.3177561266087164,-8.24242194509357,-0.5709643519289027,1.8981853591425961,-0.00805432,0.339034,0.351673,0.173064,0.633548,0.631304,-0.412458,-0.195721,0.565275,-0.0430294,0.486294,0.493306,0.675415,-0.252947,17.144166582073183,2.9202741581257654,5.41080095159008,4.717670116497631,-5.8112671811919085,-1.7970730023480215,15.31887154743169,8.697169653401206,-0.218098,0.527932,-0.162371,0.525826,0.156004,-0.148871,0.822804
8.074385166168213,5.305366817790725,-21.480739236548505,0.14744346777942247,-8.145551541711198,-0.41876652222894145,1.86795803330884,-0.00791258,0.338982,0.351746,0.172439,0.63331,0.631857,-0.412238,-0.195138,0.564441,-0.0445324,0.487967,0.493767,0.673723,-0.253339,17.395388854397705,3.2029208628572965,5.430938248303637,5.891529296184542,-5.86225245968706,-1.984900214932054,15.62011659310231,8.67314480911466,-0.216982,0.526539,-0.163734,0.52538,0.153154,-0.147757,0.823825
8.140362739562988,5.207576508098769,-20.11636954093813,0.7499513589657496,-7.789308851554132,-0.2827207557477594,1.7115374448337624,-0.00823013,0.338999,0.351467,0.173381,0.633545,0.631099,-0.412642,-0.195581,0.562288,-0.0480457,0.49222,0.4907,0.672875,-0.253322,17.749467492871506,3.196963104069778,5.069495191093964,6.532708184993394,-6.25902593779017,-2.5632594148057564,16.501946572989066,9.379491439503377,-0.216091,0.523068,-0.167088,0.521654,0.148661,-0.144321,0.827616
8.20649766921997,5.148089556656141,-18.269964992606344,1.6610901054387466,-7.142789506875921,0.01293668173537629,1.6022491104682384,-0.00818557,0.339002,0.351343,0.174219,0.633662,0.630569,-0.412919,-0.196841,0.559564,-0.0519402,0.498245,0.48586,0.67152,-0.254466,18.440968537406693,3.1858470439825757,4.668592833136778,6.5410563018744625,-5.714695867115131,-2.5762467050206297,16.207028085606026,9.316168347313761,-0.216239,0.518546,-0.171008,0.519307,0.145894,-0.139674,0.830377
8.272382736206055,5.283060718451457,-16.213711064299797,3.754483860913186,-6.5510599608903615,0.22910115571778958,1.3892952510939056,-0.00872298,0.339138,0.351156,0.174637,0.633473,0.631659,-0.411364,-0.197502,0.554735,-0.0597323,0.510531,0.477536,0.668541,-0.253712,19.889946429058227,3.4371302362720995,3.853122886080449,8.209500524918976,-6.858745625373601,-2.7113411585877074,16.95518398762451,9.99488703984992,-0.215036,0.510364,-0.178133,0.51457,0.135795,-0.133978,0.835959
8.349271059036255,6.6778050824125215,-16.680992880595568,6.999618458560549,-7.157326445384645,-0.19856603510488505,1.3716292279332067,-0.00911717,0.339106,0.350783,0.178337,0.635536,0.62857,-0.411327,-0.196995,0.549546,-0.0680525,0.518838,0.468852,0.665359,-0.26131,21.14252496411967,2.8697567366011865,3.7271014017917388,7.807336367053901,-6.04633839827425,-3.0363412029011485,16.995137553200607,10.54290246798499,-0.213315,0.501823,-0.185405,0.513944,0.127995,-0.123868,0.839128
8.416816711425781,7.806382548576953,-17.864845051085613,8.148582789087882,-7.709308505707801,-0.4069636918660083,1.4950654310002918,-0.00931843,0.339102,0.350522,0.178096,0.633513,0.630045,-0.412295,-0.198043,0.547452,-0.070839,0.521056,0.465941,0.664053,-0.265392,21.75910196213333,3.064090154249678,3.969193894894463,8.054830778219415,-6.4442667506848235,-3.374394968353883,17.45082893910424,10.970225466185196,-0.214875,0.498275,-0.187742,0.517008,0.126489,-0.121138,0.837872
8.481778144836426,7.802085792119942,-18.788451240745367,7.976468124360743,-7.942821381050357,-0.4558256493623956,1.606254271074372,-0.00924548,0.339106,0.350495,0.177052,0.633991,0.629693,-0.412546,-0.198326,0.549708,-0.0676102,0.516693,0.468954,0.665448,-0.26512,21.29755117034634,2.9487159089357773,4.152667403896906,7.512581914339064,-5.898888954245672,-2.8135481041111134,16.74492432241906,10.206917677306205,-0.215781,0.502084,-0.184412,0.516414,0.129837,-0.120496,0.837818
8.551559448242188,7.364541431642215,-19.09464842309993,4.594296902804786,-7.8150065879630795,-0.659872533347555,1.6311627481767723,-0.00883211,0.33905,0.350801,0.176413,0.632813,0.630933,-0.412734,-0.196959,0.554938,-0.0596068,0.505425,0.477933,0.668345,-0.263515,19.903162535360167,2.9968668418911992,5.0122160858783396,6.418697083616685,-5.887158617018899,-2.5282436601936524,16.48576827993476,9.507526170196451,-0.216304,0.510732,-0.177598,0.522479,0.139719,-0.13326,0.830503
8.620227575302124,6.730298489025049,-19.652436161400022,1.3899292809434494,-7.917682818664177,-0.8385046889739616,1.6297405372834084,-0.00843367,0.33896,0.35113,0.173572,0.634727,0.630473,-0.411702,-0.195777,0.561681,-0.048598,0.491925,0.490014,0.672778,-0.255471,17.950708046758223,2.903983337220622,5.238087580963079,6.78037632895024,-5.0327982840311645,-1.5919755601461603,15.20777158604383,8.533350507492253,-0.216959,0.522315,-0.167291,0.524825,0.148177,-0.143835,0.825781
8.69115924835205,5.786174545980007,-20.814129628027313,0.1560325518239424,-8.295657790569134,-0.7117106160193486,1.9187329348736697,-0.00810037,0.338862,0.351285,0.17324,0.634046,0.630238,-0.413248,-0.19408,0.566551,-0.040937,0.482906,0.49872,0.674229,-0.251981,16.478997991348706,3.1870153032759863,5.652678963647514,4.689018172045158,-5.491212496927744,-1.8295256598443785,14.927891827207057,8.511920344574172,-0.216937,0.53053,-0.160327,0.529264,0.159479,-0.152919,0.819184
8.759167909622192,6.060605195884971,-22.133330538386105,0.009064466723076717,-8.833366731112802,-0.8297031741308504,2.105563541306039,-0.00796772,0.338802,0.351338,0.17283,0.633157,0.63066,-0.414138,-0.192639,0.569281,-0.0365106,0.476243,0.504325,0.675201,-0.250903,15.589546730328664,3.3682682322842057,6.105532692004132,4.061888329727809,-6.216152930095175,-2.2472090960728224,15.41483873505238,9.039513153550423,-0.216356,0.535356,-0.156178,0.532679,0.16492,-0.158002,0.814917
8.827627420425415,4.670905798756697,-22.64065854621713,-0.7014123004668709,-9.072049301672427,-0.47658614827936324,2.3072117163960377,-0.00782502,0.338729,0.351472,0.171093,0.63352,0.631071,-0.413677,-0.190403,0.571704,-0.0327214,0.471535,0.510201,0.674789,-0.249018,15.025599900653253,3.6539337674475716,6.379393318998279,4.476259131262282,-6.78251853909231,-1.8070314883824707,15.197282671603979,8.500088162268218,-0.214523,0.539641,-0.152548,0.535315,0.166987,-0.163808,0.811616
8.89525294303894,4.2176033036300336,-23.515103023689022,-0.3214799416764822,-9.254114988506982,-0.23004701500861094,2.4872963095315557,-0.0077606,0.338708,0.351599,0.170503,0.632764,0.63234,-0.413139,-0.189277,0.573031,-0.0305198,0.469406,0.512823,0.674943,-0.247229,14.735158377024085,3.8864577469797013,6.5353640140618445,4.416931992599583,-7.61656053180246,-1.7105419247769902,15.30646206401885,8.484671009741353,-0.213507,0.542125,-0.150732,0.53701,0.169588,-0.168948,0.808898
8.961354732513428,3.8885950682312718,-22.153087185135167,-1.207483653358297,-8.89182599036166,-0.2039393406424798,2.410413099296188,-0.0077268,0.33867,0.35169,0.171065,0.634084,0.63135,-0.412397,-0.189277,0.57361,-0.0292458,0.468526,0.513412,0.675946,-0.244927,14.438300551248803,3.6499954158193404,6.369186950601389,4.1941049409076925,-6.9391507407613435,-1.4967209833466413,14.905561820767408,8.38746051110049,-0.21349,0.54325,-0.149649,0.535731,0.170881,-0.170388,0.809172
9.028552293777466,3.5693895057729677,-22.745378785594387,0.12003387151372186,-9.020936570434081,0.1586640329047406,2.602677106716761,-0.00775243,0.338704,0.351583,0.169875,0.633638,0.631097,-0.413959,-0.189428,0.573859,-0.0290683,0.467594,0.514431,0.675414,-0.246033,14.389397872957957,3.833790143987529,6.3883614459195,4.33351288557461,-7.4019441278312215,-1.7978983772880142,15.254609287605401,8.61250187933621,-0.213912,0.543541,-0.149354,0.537618,0.170258,-0.171089,0.807903
9.09815001487732,3.3915271773743285,-22.76154817037396,-0.2709189592432931,-9.211349981973216,0.15281791473847595,2.6174784835881066,-0.00775245,0.338643,0.351528,0.170246,0.633519,0.631422,-0.413492,-0.188335,0.573759,-0.0292024,0.467662,0.515618,0.674908,-0.244805,14.272191851468891,3.9772425896316888,6.413777725630759,4.882992375643251,-7.907783147673701,-1.9981385889166532,15.587589984094501,8.745337338483957,-0.2124,0.543658,-0.149631,0.538041,0.169646,-0.172077,0.807541
9.167133092880249,1.6222050122525,-19.98611993007352,-1.6099406118054838,-8.096445842302552,0.8819837079242817,2.5538158035775997,-0.00749355,0.338591,0.351682,0.170488,0.635493,0.62994,-0.412623,-0.187291,0.573926,-0.0289963,0.468191,0.517214,0.67399,-0.242948,14.128622761397338,3.9317322325896775,6.235230710066343,5.362516688104085,-6.937231875734984,-1.7007882178399427,15.016354567325529,8.20498052695656,-0.210863,0.544034,-0.149668,0.537414,0.167538,-0.174399,0.8079
9.23645806312561,-0.14594545680928972,-16.283850037747477,-2.297019365588447,-6.813001330555907,1.636835335554402,2.3754466640243215,-0.00755928,0.338607,0.351549,0.172031,0.635203,0.629441,-0.413191,-0.187139,0.571271,-0.0340733,0.476863,0.512578,0.671788,-0.242004,14.787578616056916,4.178937062021302,5.5804937279195315,5.375118574649424,-8.245942641084206,-2.3977023259442802,16.2258063450922,8.987947376724593,-0.208947,0.539537,-0.154864,0.532222,0.160277,-0.172024,0.813301
9.317445993423462,0.01149664844925215,-15.060865567916332,-3.3685277459784393,-7.058132815329486,1.4998389810585715,2.0957511623131033,-0.00798697,0.338642,0.351166,0.17468,0.637639,0.626992,-0.412049,-0.186585,0.564879,-0.045798,0.489115,0.503963,0.666185,-0.25097,16.660527933785065,3.901022134173309,5.504558921900323,7.283433432965996,-6.615296109244165,-2.213622428339953,16.0949603286285,8.691585261728209,-0.206862,0.528343,-0.165405,0.531199,0.145719,-0.158537,0.819426
9.383073568344116,0.30167327805201943,-13.838515443171342,-0.8339411470947543,-6.265090747993549,1.8814930956705556,1.8334908682332325,-0.00827676,0.338705,0.350889,0.178662,0.638094,0.625504,-0.4119,-0.187217,0.558796,-0.0561262,0.503374,0.493004,0.661978,-0.255629,18.29911246770427,3.7886085533518967,4.93636081699459,6.769466469428636,-6.217691093634166,-2.7303318460197445,16.372684484039947,9.137754233477795,-0.205445,0.517805,-0.175142,0.526806,0.13374,-0.147488,0.826339
9.449658632278442,-1.2654382426044537,-10.987781390922255,3.432491462022413,-4.95107560162701,2.844221138793543,1.497948312450938,-0.00903565,0.338724,0.350836,0.187016,0.643949,0.614229,-0.416027,-0.18547,0.55246,-0.0671378,0.518534,0.482134,0.65705,-0.258757,18.935757408125347,3.0509907544405444,3.4093773435992283,3.649608538706632,-6.27355637425525,-5.113490913153633,18.30079927702706,11.925761481375856,-0.200927,0.507218,-0.184551,0.521978,0.110526,-0.138544,0.834343
9.51756739616394,-1.1246513032359657,-8.831926252873973,0.917888881523854,-4.766957324386074,2.3588554469676914,1.2212121928819377,-0.00971765,0.338663,0.350457,0.192059,0.648523,0.609873,-0.413021,-0.180144,0.541917,-0.0841505,0.541057,0.468304,0.643846,-0.270944,22.09688707759922,3.0475190677039965,2.9903400552423562,4.055284942412031,-5.451401537357015,-3.999136639061099,17.405095511598056,10.5895211281579,-0.192541,0.489717,-0.199884,0.520144,0.101352,-0.116155,0.840051
9.5840482711792,0.44112045215373785,-9.877657055945756,2.805521747628542,-5.372876361552606,1.8562506578039688,1.0600801999957654,-0.0100648,0.338789,0.349966,0.190224,0.645374,0.61675,-0.408566,-0.17917,0.533142,-0.0965065,0.553559,0.455567,0.635844,-0.285889,25.607305611979697,3.35372825947828,3.926578074582867,7.478890115959784,-6.082189005674659,-2.7476308414067816,16.967672688097124,10.45771856475728,-0.191843,0.475535,-0.208771,0.52334,0.0769704,-0.100773,0.842636
9.650813341140747,1.2278417475284227,-11.574398463479106,7.10888017036009,-6.323361651854627,2.002841774842211,1.1655492961325506,-0.0109281,0.33896,0.349152,0.192683,0.648994,0.606938,-0.416301,-0.183722,0.525108,-0.10602,0.561293,0.441977,0.632363,-0.299539,26.872123824526728,2.5029483777215162,3.005141195661608,4.883018050521613,-4.260891025299253,-4.0389286330051135,17.343699862257747,11.311526128910916,-0.196578,0.462831,-0.215474,0.523131,0.0646966,-0.0797097,0.846046
9.718820571899414,0.10849884071128293,-12.53832433002464,6.630570426281322,-6.3752066818745465,2.707730210969523,1.6011636545729817,-0.0117585,0.339138,0.348153,0.19138,0.645627,0.610203,-0.417363,-0.187615,0.52232,-0.10881,0.562735,0.435274,0.632939,-0.305374,27.86443162157344,2.4357000033193623,3.3090665954016405,4.681738246206757,-4.962708785250232,-3.608027758534341,17.510722285722313,11.104722169398233,-0.205174,0.458196,-0.217766,0.564539,0.0750072,-0.0780328,0.818279
9.786825895309448,0.3214503503945414,-10.97902590567109,6.272095769623922,-5.617042939247854,2.328708019281306,1.4705865201112727,-0.0116885,0.338973,0.348013,0.188944,0.646136,0.610439,-0.41734,-0.189376,0.524913,-0.105357,0.557931,0.437799,0.636943,-0.30224,27.29093432095319,2.220759801883889,3.141591446274962,5.36107055174565,-4.881628367786636,-3.2951194564620394,17.23423796433813,11.060372892172083,-0.206552,0.461883,-0.215644,0.554604,0.0830312,-0.082534,0.823837
9.853410720825195,2.2700290535025385,-14.390620993364072,5.413111281333836,-6.990731892961212,1.1570290184976741,1.4217314913271923,-0.0111031,0.33875,0.348043,0.184577,0.641105,0.618782,-0.41476,-0.189859,0.532355,-0.0963943,0.545233,0.450248,0.641175,-0.298147,26.121138054669988,2.8422842819529532,4.624018027102778,6.788260160485855,-4.803662545367034,-2.6402243786554678,16.39460501822952,10.533083327992777,-0.205701,0.474153,-0.20739,0.521189,0.0872739,-0.0898884,0.844195
9.91993498802185,2.154514398442561,-14.95292664548245,6.564132529262708,-6.296304480205829,1.4910420432396667,1.5141563299166383,-0.0107426,0.338678,0.348166,0.181401,0.641261,0.619822,-0.414365,-0.191677,0.543173,-0.0814253,0.528683,0.464682,0.651571,-0.282878,23.17872238115404,2.7479887303290065,4.4672985192230925,6.176702269340302,-4.5696641472841115,-1.9025493530482365,15.527345933746203,9.152653516723705,-0.208589,0.491376,-0.195808,0.525523,0.105011,-0.111154,0.836925
9.986982107162476,1.5258908032945366,-14.957125579852212,4.884005855509566,-5.836320745197263,1.5863890922587154,1.6113112961280271,-0.0107398,0.338641,0.348485,0.181227,0.645217,0.612048,-0.41982,-0.190213,0.550028,-0.0720583,0.515645,0.477478,0.657253,-0.272293,20.098264285485605,2.467692442104691,3.7164853444787376,5.46627108425316,-5.946923527214041,-4.298691005667841,18.01114323485202,11.459460026939304,-0.20787,0.502261,-0.188955,0.52746,0.121622,-0.124649,0.831538
10.05457615852356,0.8263531935370517,-13.643770997243067,3.596870804299225,-5.375590380253444,1.7278772312281394,1.60352888687986,-0.0104008,0.338741,0.348677,0.180378,0.642159,0.61888,-0.41483,-0.188944,0.552483,-0.0683674,0.512081,0.483857,0.656869,-0.268661,19.88687609511539,3.11999019614923,4.692640651116541,7.145928053349591,-4.836320298146756,-3.144806925825037,16.21582656982893,10.046980846865713,-0.206765,0.506675,-0.18573,0.527549,0.123971,-0.129094,0.830457
10.121606826782227,1.8398200052905849,-14.1019020921367,6.101052842323452,-5.771053662560449,1.698939046498873,1.7226114456282917,-0.0107179,0.338652,0.348304,0.178937,0.641576,0.620461,-0.413994,-0.18961,0.548662,-0.0743608,0.518613,0.476278,0.654784,-0.274696,21.456759720680548,3.062949840341446,4.649894141046772,8.206867837502926,-5.872476225429942,-2.638485670312342,16.580640262949768,10.304089521491333,-0.207069,0.500166,-0.190824,0.529035,0.118538,-0.120268,0.831628
10.188610553741455,-0.399641796811298,-12.190892333356103,5.7903691838397435,-5.757601562870837,2.614216300602611,1.697445950208635,-0.0110504,0.338703,0.347942,0.183566,0.640287,0.618442,-0.416972,-0.189787,0.540414,-0.0865532,0.533654,0.462376,0.64729,-0.28712,23.636830585528035,3.1350277074869606,4.526279429737325,5.468473324026645,-6.314112165696622,-3.6721777092068564,17.80220201635696,10.618147842555333,-0.206207,0.486721,-0.20007,0.529453,0.0957804,-0.105524,0.836284
10.254780292510986,-2.3289023036175913,-10.223527400279478,5.392562517629202,-5.377958288596071,3.4316057044104715,1.5669939902282555,-0.0115969,0.338858,0.347533,0.183767,0.641524,0.617973,-0.415676,-0.188508,0.531479,-0.0988346,0.54883,0.450454,0.637818,-0.298438,26.454357947595255,3.3159620375299568,4.410971067411996,7.191310293137597,-6.036926874400345,-2.884610954372313,17.148706385062752,10.594057128579728,-0.203638,0.47251,-0.21001,0.529563,0.0787584,-0.0889308,0.839911
10.33204698562622,-3.3964569147824686,-9.51704886928703,6.456799684071732,-5.4257653061478255,4.007191231335104,1.3597386137067755,-0.0127729,0.339062,0.347071,0.192352,0.6468,0.607847,-0.418536,-0.185843,0.517911,-0.115422,0.569182,0.432443,0.625434,-0.312822,28.953822712110217,2.781093263327996,3.479791291208956,4.7176324692952125,-4.787122643579998,-3.649295924080235,17.423218038125874,11.077707682759055,-0.199165,0.451753,-0.223284,0.531096,0.0579919,-0.0690394,0.842501
10.402123212814331,-4.6198986594607545,-8.535949910077909,7.252518960544235,-5.429982757568311,4.388294595479244,0.9411136332857505,-0.013597,0.339158,0.346883,0.19172,0.644054,0.615643,-0.411609,-0.183163,0.507978,-0.127136,0.584163,0.419297,0.61551,-0.322632,32.47823411428179,3.18837580547334,4.1765154377239355,8.427971839611367,-5.806019579737621,-2.8742114002679457,17.671604653273526,10.819384007092022,-0.19401,0.437296,-0.231346,0.523928,0.0364244,-0.0476731,0.849647
10.47041940689087,-2.1687836151929862,-8.387268720183902,8.538950508376022,-5.602312880463958,3.6890522776425767,0.8826785908416451,-0.0138117,0.339209,0.346515,0.193767,0.644627,0.612809,-0.413976,-0.182887,0.50012,-0.1352,0.592576,0.407995,0.608815,-0.334271,34.26545477665904,2.972232688460922,4.123706837308497,6.989322459574236,-5.862372323980706,-3.164399842682805,18.113293777977223,11.052210455764573,-0.193881,0.425398,-0.236769,0.527,0.026099,-0.0339049,0.848787
10.540455341339111,-1.1793761844695916,-12.56387520971996,11.112240749276912,-7.4713176756513535,3.5467013916524994,1.076386507345109,-0.0143482,0.339327,0.345957,0.192107,0.644331,0.61464,-0.412492,-0.183579,0.499264,-0.136282,0.591939,0.408418,0.608195,-0.33601,34.64605705669848,2.988312136362551,4.4629301300035955,9.258959618611028,-5.269866607677283,-2.9672317348697774,17.845807680941554,11.383646126622267,-0.194289,0.424309,-0.237673,0.526678,0.0272424,-0.0334931,0.848968
10.60907506942749,-1.7866784862011222,-10.184850291951125,10.538698267380518,-6.084227144301592,3.6881395658048843,0.8510941935079475,-0.0141524,0.339203,0.34618,0.192569,0.644146,0.614605,-0.412619,-0.184589,0.507684,-0.127287,0.584373,0.418689,0.616341,-0.321453,32.240613855536395,3.138751372225002,3.9312140657642054,7.8695617239923505,-5.510818455268629,-2.7427563088616367,17.361567140358687,10.629814640938697,-0.196196,0.436879,-0.230956,0.529907,0.0353389,-0.0389517,0.846423
10.677778959274292,-1.3498619457811218,-10.092533189843461,9.191455619521872,-5.631560769991775,3.4997270992312655,1.1257960648107523,-0.0139639,0.339061,0.346299,0.194465,0.647702,0.606105,-0.418691,-0.185931,0.517653,-0.116405,0.570688,0.431934,0.625246,-0.311153,28.727204381988262,2.688699969668765,3.19483330080476,3.711024300794369,-4.958878189665061,-3.6567438454771164,17.560568648078547,10.835945072892475,-0.198501,0.45179,-0.223918,0.52814,0.0524651,-0.0671747,0.844869
10.745718479156494,-0.3321504614638551,-12.127757663595911,8.991685039681936,-6.2445040575278075,3.087736106316293,1.6170977982490373,-0.0135546,0.338767,0.346022,0.186988,0.643982,0.614127,-0.416137,-0.187642,0.528439,-0.103862,0.552223,0.448485,0.634176,-0.302871,26.78270644549559,3.054321912724337,4.418594961286335,6.791987388956576,-5.505863783955842,-2.8565250007422094,16.940764805888378,10.7175380577967,-0.202527,0.468281,-0.214393,0.533508,0.0735956,-0.0862027,0.838166
10.810837030410767,0.7139025808692101,-14.065570383926277,6.793147403254573,-6.75266881804974,2.17492288538924,1.9732634794282504,-0.0128053,0.338515,0.346154,0.182995,0.642423,0.61602,-0.417523,-0.188354,0.538736,-0.0905742,0.532586,0.463451,0.642672,-0.297554,24.295728447224263,2.9644339089245824,5.3383237299987165,6.197307467752649,-5.774763632216356,-2.6161011572697035,16.811433078192824,10.04392680121995,-0.206088,0.484338,-0.203239,0.538917,0.0951022,-0.100112,0.830964
10.879257678985596,1.5270582506118384,-14.241926224102857,6.0009610519024,-6.496810966997001,1.8356638241046523,2.220625061021973,-0.0119631,0.338484,0.346238,0.179305,0.639123,0.617661,-0.421742,-0.190628,0.549317,-0.0753992,0.508074,0.480351,0.654175,-0.288409,20.772662802807314,2.9674779334493566,6.085027911886645,6.428163000128569,-6.713761632009717,-4.978411175347404,18.91230117786577,12.090667000169477,-0.211725,0.501,-0.190355,0.544842,0.117854,-0.115677,0.822117
10.944471836090088,2.8838774937201097,-17.22099750267395,5.513736314488791,-7.479537913839349,1.1358971175768715,2.5437317805310675,-0.0114132,0.338341,0.346375,0.176037,0.639568,0.619115,-0.42031,-0.19055,0.555471,-0.0659276,0.493767,0.491035,0.658347,-0.285758,19.330130171673485,2.806043480910395,6.945227375765931,7.132737004377281,-4.676176716470193,-3.8193686518476895,16.836973138340834,10.993663438582146,-0.213917,0.510857,-0.182516,0.549236,0.13934,-0.124261,0.814545
11.012938261032104,1.6843671197128585,-15.696165660469044,1.527396307852912,-7.344214397768393,0.8624755713201662,2.3891023088509837,-0.0107608,0.338171,0.346823,0.177954,0.639597,0.618628,-0.420175,-0.188122,0.560508,-0.0578686,0.482888,0.499918,0.661415,-0.281835,17.563919623720178,2.65655436522859,7.615225684980839,5.224364751896607,-3.9867506242718243,-4.173997845271209,16.54376098287803,11.05362274039212,-0.212702,0.520321,-0.173898,0.551075,0.146139,-0.13328,0.810676
11.078234672546387,2.876888021787307,-14.489421912467726,-0.37168320314056946,-7.005608750007537,-0.10633112255429644,1.9979009109261325,-0.00994237,0.338038,0.347554,0.175164,0.640632,0.619097,-0.419078,-0.186708,0.564645,-0.0505635,0.478204,0.504111,0.664844,-0.274182,16.737390478832197,2.6426322541754534,7.183422641486768,4.516491154067628,-5.429142252255943,-2.8832070143285335,15.998023523483758,9.877872975368254,-0.21239,0.526358,-0.16821,0.549498,0.155337,-0.141902,0.80857
11.14663553237915,3.817609958043045,-17.582289675614714,2.8404981910613505,-7.806761762932615,-0.4025422186569461,2.269453195723205,-0.0101805,0.338227,0.347534,0.172688,0.640853,0.619695,-0.418885,-0.188193,0.567004,-0.0465116,0.472619,0.505057,0.668114,-0.274176,16.452203865627276,2.284787569911617,7.328585169318995,4.162225818988476,-5.369535063550334,-1.7733508272297271,15.211893637746163,9.099858668079596,-0.215283,0.530045,-0.164634,0.55194,0.168706,-0.142559,0.8041
11.216531753540039,3.4324024111681344,-15.818546210645035,1.8807399720575118,-7.292229629197375,-0.40307035052754697,2.25961300783047,-0.0097376,0.338185,0.347544,0.168799,0.636006,0.623945,-0.421539,-0.194283,0.568651,-0.0413236,0.468249,0.501531,0.67399,-0.273763,16.391697075514053,2.2892912841470077,7.227144128821145,2.0202427299530523,-6.127643057486006,-1.1132453921420904,14.924422334291677,9.12517381172541,-0.223163,0.53271,-0.159214,0.54931,0.178227,-0.142257,0.803901
11.28450632095337,1.7271109880272144,-15.282876729063442,0.5405782830328789,-7.161651754033097,0.20948477060699966,2.596183946909454,-0.00956645,0.338181,0.347516,0.164754,0.633439,0.627319,-0.421998,-0.197616,0.570793,-0.036017,0.459386,0.503955,0.678477,-0.273244,15.877976930240623,2.2563682501934252,7.654516683693377,3.0716629716478874,-5.653436467814444,-0.8432198427650874,14.537862365589948,8.518868073043835,-0.227969,0.536794,-0.153476,0.549944,0.180963,-0.144516,0.802452
11.353020668029785,0.3221838386455588,-15.47441186355536,2.2680555848948774,-6.936161494579094,0.7380483931091585,2.7398071727388205,-0.00939623,0.338126,0.347519,0.166263,0.630368,0.628744,-0.423879,-0.198089,0.572735,-0.0317242,0.454124,0.508011,0.68057,-0.269295,14.718495794623266,2.6085004997520973,7.873053200739207,1.6326017156471195,-6.207606036727585,-2.4462625507343247,15.74048911136284,10.447434172014631,-0.228675,0.540388,-0.149549,0.547021,0.186705,-0.149696,0.802185
11.42099380493164,-2.191934475371801,-11.835321496665363,3.077260187057201,-5.850188975235843,1.253945800335539,2.405926955258582,-0.00905684,0.338063,0.34772,0.165935,0.632718,0.627363,-0.422552,-0.197155,0.572089,-0.0323723,0.457664,0.506419,0.680431,-0.266641,14.98294932419838,2.412631284164723,7.292373653069408,2.066015828093068,-6.359332198736306,-1.3736284494006625,14.878644948653092,9.550791408815423,-0.226999,0.539645,-0.150403,0.544305,0.184677,-0.150918,0.80427
11.485737085342407,-4.5169809412722435,-13.187954377313352,5.320919024546885,-6.6246126160442165,1.7929004684028969,2.288620950115808,-0.00914099,0.337984,0.347819,0.168989,0.633121,0.627287,-0.420846,-0.195356,0.570723,-0.0349711,0.458362,0.507507,0.679118,-0.266721,14.866339686254637,2.3928418607987827,7.635146810735538,3.5706872940299785,-5.639846628273588,-2.539322741185103,15.691639381743338,10.036025012776037,-0.224566,0.537252,-0.152968,0.542092,0.180864,-0.150952,0.806622
11.553086280822754,-6.02304308513016,-12.436560828415612,2.307536160536617,-6.708505509193374,1.7748879220552818,1.9520253234378235,-0.0098282,0.338014,0.348556,0.172651,0.634537,0.62845,-0.415458,-0.194107,0.569744,-0.035166,0.464356,0.506387,0.679578,-0.257136,14.799515974193392,2.3327822741802535,7.023282650692892,4.294761305746828,-5.620904398951273,-1.7574868406961457,15.048842680919195,9.256960786508232,-0.221068,0.536441,-0.153777,0.532705,0.179283,-0.155462,0.812352
11.622024774551392,-6.816818536348936,-13.895866565793957,4.6366418471927835,-6.1493321193262585,2.7068509119699695,1.9976718731814835,-0.010676,0.33822,0.349407,0.173871,0.636369,0.628909,-0.411433,-0.191523,0.570917,-0.0337534,0.471797,0.508053,0.678173,-0.243661,14.569738625548359,2.8397619788181183,5.8431097315087435,4.291249885358869,-7.731434609371917,-1.0485023082924911,15.041069559087799,8.967189783282508,-0.215575,0.539035,-0.153777,0.525293,0.174041,-0.167755,0.815865
11.688222885131836,-5.8426934397198815,-12.268967400639257,1.5197052505355555,-5.93888308981939,2.154074717052369,1.4503448408031112,-0.011113,0.338208,0.349867,0.178693,0.639052,0.627694,-0.40704,-0.19004,0.569887,-0.0361568,0.479062,0.507427,0.676462,-0.235408,14.465102164549792,2.7917690704094293,5.1858574920516745,4.547810691815398,-6.248166066282431,-1.4779080938624105,14.88217805043387,8.90318634341171,-0.211391,0.537516,-0.156517,0.516102,0.165713,-0.170911,0.82278
11.755492210388184,-7.464233074303283,-12.299848201210331,-0.3776454482182309,-6.277582637280833,2.786641401709578,1.528728326931181,-0.0111933,0.338137,0.349931,0.180532,0.639628,0.62708,-0.406269,-0.18925,0.566937,-0.0414569,0.487993,0.503375,0.673877,-0.233166,15.101148935468995,3.0005355057309875,4.497090962489011,5.408589778442471,-6.988943533870437,-2.071248343360672,15.890732586628243,9.333492389287121,-0.209146,0.532438,-0.161725,0.514026,0.157904,-0.167811,0.826246
11.821379661560059,-6.508285792754839,-13.667746674930688,1.0140231873812318,-6.441376108239859,2.896296523013108,1.359874880690829,-0.0115652,0.338172,0.35009,0.181303,0.642349,0.625057,-0.404749,-0.190846,0.562135,-0.0498095,0.503923,0.493957,0.670178,-0.230066,16.58926697888195,3.044773166345383,2.9594723658595132,6.351684968627319,-6.301684831212638,-1.6818351899244988,15.686496958415809,8.66474578186508,-0.207228,0.524465,-0.170122,0.506722,0.145166,-0.164024,0.83382
11.887710571289062,-2.8421179762738857,-17.37355580504151,4.292910399303648,-7.400328887062399,2.0232286781327353,1.3415083545593316,-0.0119487,0.338254,0.349505,0.182718,0.641778,0.625507,-0.404321,-0.192032,0.559493,-0.0543372,0.50609,0.490757,0.669574,-0.233883,17.111554887074792,2.8867485315976062,3.2122878079414487,7.662892774703479,-5.207588229743026,-2.3775318888778543,15.6910447391524,9.375333529801624,-0.207845,0.519841,-0.174337,0.506347,0.145795,-0.154523,0.835751
11.954476833343506,-2.199151297820494,-17.912416302506482,3.972342273457093,-7.385102550348625,2.085361755402051,1.514891046917142,-0.0120867,0.338256,0.349171,0.181407,0.640705,0.625153,-0.407152,-0.194248,0.559376,-0.053891,0.504345,0.487503,0.671761,-0.238148,17.302912756503645,2.586858121910455,3.232336726379245,6.182857049537104,-6.18739003955722,-2.1676908361401956,16.277463395218824,9.442435353603395,-0.211411,0.519566,-0.173426,0.509138,0.14533,-0.152358,0.834533
12.021532535552979,-3.26451624460853,-17.46187587588203,5.186521673489512,-6.67998908397949,2.8707809833561075,1.658779873232436,-0.0119776,0.338289,0.348553,0.177336,0.638903,0.625987,-0.410482,-0.19795,0.560907,-0.0510257,0.500067,0.489863,0.67299,-0.238856,17.030962514727833,2.9346717565023024,3.237455826890299,6.004499653040192,-5.530752594749757,-2.0525130293847624,15.56734028542172,8.90707507088759,-0.216263,0.522119,-0.170542,0.510809,0.144736,-0.153514,0.833402
12.08978796005249,-1.7425652145191577,-16.39874150826919,4.8662436963757685,-6.782280823014943,2.0680920943833874,1.5217565492902085,-0.0118266,0.338187,0.348248,0.177588,0.638563,0.625898,-0.411037,-0.199291,0.559484,-0.0521105,0.500012,0.486684,0.674311,-0.241724,17.298857897733036,2.596323025268597,3.3060119898081215,5.879491241159688,-5.148116770038444,-1.7822054675191978,15.316007851004265,8.826227026103417,-0.217921,0.519962,-0.171742,0.510307,0.149692,-0.151258,0.833247
12.154916048049927,-1.5647903939207422,-16.440240835648236,4.231297874775264,-6.99298869499691,1.857951708888894,1.4829065046486163,-0.0118911,0.338121,0.347948,0.177098,0.637694,0.626683,-0.411402,-0.199979,0.558119,-0.053571,0.500931,0.485018,0.674299,-0.243199,17.59222831129435,2.6404930834211315,3.3333653234614147,6.61347812053865,-5.474305184387804,-1.7235298510752344,15.567778737342408,8.83699278703802,-0.218674,0.517795,-0.173117,0.509613,0.152059,-0.147071,0.833992
12.223248720169067,-2.8580712605463203,-16.091860968837423,5.411836505498474,-6.485118832400519,2.7865660314751604,1.526653003370934,-0.0115676,0.338234,0.348419,0.174248,0.637304,0.626844,-0.412973,-0.202425,0.558348,-0.053961,0.503018,0.481588,0.675042,-0.243648,18.080982901930472,2.675198158277409,2.8271008997106666,6.051295169872587,-6.008187476770317,-2.0237265519655665,16.133319529385425,9.170675155669917,-0.220774,0.5173,-0.173263,0.507346,0.147648,-0.145853,0.836377
12.290940999984741,-4.785333869521448,-14.98136365365771,5.603062636493941,-6.278867592789244,3.445210843322436,1.5600374742540404,-0.0115912,0.338232,0.348213,0.175588,0.636155,0.627712,-0.412859,-0.201992,0.556901,-0.0556667,0.505208,0.481497,0.674125,-0.241829,18.047616308567356,2.972297098282948,2.757261972307022,6.943647058992079,-6.431288974421186,-2.6847412720727277,16.700305226108142,9.735558635522503,-0.21972,0.515471,-0.175101,0.506633,0.144134,-0.149106,0.836849
12.358490228652954,-4.548765498455867,-14.539076843440954,4.549748363500638,-6.49885129501967,2.9505775439059594,1.206393590725125,-0.0118205,0.338196,0.348559,0.178327,0.639246,0.625958,-0.409561,-0.199109,0.555311,-0.0587682,0.511579,0.480384,0.670981,-0.239382,18.417262452466296,2.899081464617682,2.393106297653496,7.535212814944588,-5.644752936410812,-2.1174358597657488,15.85627626076061,9.190430241897653,-0.215113,0.513165,-0.17781,0.502827,0.135665,-0.147236,0.840882
12.424559593200684,-1.7407327981933112,-18.631196326279362,6.809316756461594,-7.620449721636598,2.248948045369833,1.4274599949588171,-0.0120983,0.338234,0.348398,0.180012,0.637871,0.626101,-0.410748,-0.198742,0.555164,-0.059749,0.512907,0.479939,0.669577,-0.241353,18.47150578378192,3.1182944078234756,2.604262522523536,5.933523023926412,-6.178858556912601,-2.6918344943017942,16.50897686306649,9.474244821405438,-0.214743,0.512748,-0.179134,0.505753,0.139244,-0.147875,0.838426
12.491356372833252,-4.176479681783109,-17.908949307935004,6.469646445012825,-6.7124525483369935,3.7837019557088345,1.762639889997692,-0.0121034,0.338308,0.348365,0.178398,0.63736,0.626604,-0.411478,-0.201646,0.556076,-0.0581325,0.510657,0.480516,0.671321,-0.240129,18.257748670246272,3.106220772920791,2.49963550503527,6.077197576037417,-4.980852294382103,-2.9167220154026623,15.906381814146238,9.524461368832618,-0.217584,0.513997,-0.177785,0.503262,0.141224,-0.146296,0.839869
12.558211088180542,-5.552193715704141,-12.928522007679838,9.806522855647339,-5.42611737925693,4.137434929147941,1.4188421945742344,-0.0122361,0.338406,0.348298,0.178281,0.636986,0.6266,-0.412112,-0.202496,0.554506,-0.0602542,0.514354,0.476962,0.671289,-0.239411,18.62509619615762,3.1483928042475604,2.046477652287315,6.258589444038559,-5.944924592604487,-3.148971358382056,16.639244499418716,9.857616145141847,-0.217498,0.51167,-0.179486,0.500823,0.134537,-0.146478,0.84239
12.624696493148804,-2.186609566261379,-18.741877565727947,8.166253746002369,-8.572942225448202,2.510280458122101,1.6257357781947226,-0.0124443,0.338374,0.347705,0.178072,0.637321,0.627049,-0.411001,-0.200099,0.552651,-0.063686,0.512827,0.47849,0.668999,-0.245959,19.055702396593293,3.117692701138667,2.8963285932112406,9.272145199546515,-5.777245489000016,-3.19849021338392,16.69857074899039,10.660978114375018,-0.215817,0.508676,-0.182164,0.50706,0.132555,-0.142028,0.83973
12.69036078453064,-1.7021491722573614,-21.683476771828342,6.902017677532011,-7.841617204414703,3.178927104659461,1.941657935025363,-0.012183,0.338413,0.347781,0.174505,0.6364,0.627342,-0.413503,-0.203265,0.557239,-0.0561196,0.507662,0.481535,0.672042,-0.24241,18.346336009146867,3.27717198377678,2.588102582106327,6.038460266990747,-5.610786704469751,-1.903917940056722,15.513725703945296,8.491690722193805,-0.220482,0.516032,-0.175496,0.507039,0.139482,-0.148822,0.837442
12.75657057762146,-6.722665922806785,-13.387577014687952,7.667226203851762,-4.641286125262626,5.285738423661137,1.8849160652257178,-0.0120697,0.338541,0.348139,0.172293,0.636271,0.62685,-0.415371,-0.205812,0.55863,-0.0538505,0.507178,0.481099,0.674613,-0.237089,17.95173684102179,3.327411701777585,1.7776549377062292,5.693098468064793,-6.457538740148053,-2.6600831124234716,16.507135209180273,9.365577725014184,-0.222309,0.517924,-0.173994,0.503134,0.140808,-0.152098,0.838985
12.824330806732178,-4.338417567784064,-15.213249172816615,5.578631917283764,-7.2275720710750235,3.4788199980379173,1.7073162466306582,-0.0123026,0.338278,0.347124,0.177645,0.635714,0.624989,-0.416772,-0.201625,0.55422,-0.0605514,0.508595,0.480712,0.670602,-0.24605,18.160140386580427,3.3064975130976926,2.7383959658764336,6.800069697948494,-7.067631232741299,-4.171065117506551,17.995451772360497,10.988091203910367,-0.218444,0.5115,-0.17966,0.510341,0.136652,-0.146904,0.83624
12.88992953300476,-0.03108842586349289,-21.825418699721375,6.03646927675686,-8.60312399229541,2.4557959383799206,1.837805687971345,-0.0122736,0.338315,0.3473,0.177814,0.635005,0.625471,-0.417058,-0.202325,0.55477,-0.0596973,0.509445,0.480299,0.670441,-0.245536,18.186705393686296,3.4367824731917684,2.682347389638192,5.490521070397131,-6.870753564476285,-3.957620884885465,17.68084533474446,10.568198408041638,-0.219158,0.512226,-0.178762,0.508698,0.13768,-0.145715,0.83728
12.957154512405396,-2.0517819738212046,-20.80726757141203,6.653706061554532,-7.044562547063202,3.8119658989399445,2.032458168637803,-0.0121491,0.338491,0.347821,0.172396,0.636545,0.627125,-0.414494,-0.204536,0.558596,-0.0543898,0.504769,0.48382,0.67306,-0.241073,18.009111632575795,3.346557414884244,2.4839855573154797,6.732847728187259,-5.308741502574458,-2.3467281421348503,15.561063034456275,8.882358545618452,-0.221932,0.517795,-0.174427,0.508988,0.140809,-0.151553,0.835545
13.023993253707886,-5.394943959392252,-15.906256787379954,4.828312569143209,-5.727288168767588,4.837238790412629,1.927945751415775,-0.0118297,0.338418,0.347997,0.171636,0.637782,0.626766,-0.413448,-0.203844,0.558141,-0.0548696,0.508431,0.481737,0.672875,-0.238049,18.310170922586796,3.33086414755582,1.8842868211533634,6.817261961352777,-6.091370611355551,-1.5425915137228756,15.51520558420453,8.270832658920254,-0.22008,0.517446,-0.175295,0.504594,0.138998,-0.153628,0.83813
13.093191623687744,-3.1207450592654595,-16.740794877354176,9.500836790237086,-7.587207619629628,3.501158390011967,1.4226248535841062,-0.0129404,0.338484,0.347484,0.179449,0.635916,0.626432,-0.413513,-0.201047,0.552755,-0.0633462,0.517573,0.4767,0.6685,-0.240795,18.815004763188547,3.58596297723122,2.0741451884102506,6.508007813308952,-7.662511659359913,-3.5955112919726204,17.85491486883148,10.35268946504446,-0.215591,0.509589,-0.181826,0.503527,0.120784,-0.148416,0.842523
13.161512851715088,1.2441351530129587,-23.94862902899129,6.283505602957086,-9.252674840914528,2.303954159625653,1.8804016916505961,-0.0125607,0.338425,0.347719,0.176413,0.638798,0.625757,-0.411392,-0.200519,0.554638,-0.0609701,0.513108,0.480192,0.668749,-0.242714,18.84750651896012,3.2479311858429023,2.415285292047745,7.99093014045868,-5.5387116614625675,-2.0254566298290797,15.602193435777687,8.970116649898493,-0.216214,0.511905,-0.180759,0.508406,0.134911,-0.1501,0.837133
13.229358673095703,-3.4257618408779886,-19.516034125201674,9.013562350899212,-6.01723771945327,4.779200161295433,1.9554486686562904,-0.0124566,0.338585,0.348447,0.172991,0.637501,0.62745,-0.412279,-0.203947,0.559749,-0.0537397,0.508251,0.483999,0.672439,-0.235055,17.96100843177065,3.516266333885932,1.954875971677378,6.126818381651097,-5.531648492847971,-2.2698888668406028,15.556383840754428,8.666665830723979,-0.219878,0.51969,-0.174369,0.503868,0.134655,-0.158092,0.838446
13.294394254684448,-4.629089284122411,-14.737100151378979,9.617413005878907,-5.552552930905287,4.476146281608839,1.6548672027599438,-0.0122701,0.338473,0.348072,0.173556,0.636624,0.627995,-0.412566,-0.202608,0.558246,-0.0552296,0.510008,0.483305,0.671804,-0.234492,18.040361267152047,3.713387592603423,1.8797237238490752,6.865985962738849,-7.002090950752926,-2.379720033405235,16.486045930599452,8.972496688461078,-0.217962,0.51797,-0.175306,0.503447,0.133755,-0.154256,0.839557
13.36255168914795,1.3692006713954397,-23.408322653239846,7.867587038201032,-9.921698863113622,1.676262482970003,1.861622698716312,-0.0125786,0.338274,0.347286,0.174817,0.637625,0.626435,-0.412859,-0.199919,0.557165,-0.057229,0.505043,0.485865,0.669708,-0.245678,18.206085633783765,3.339420647123001,3.2262954571231894,7.814551500051586,-5.843984389270998,-1.9700373868989942,15.717471226306705,8.853443362889799,-0.21764,0.516494,-0.176021,0.514889,0.133566,-0.151468,0.833131
13.428537845611572,-1.630816392294238,-21.620180258382874,7.909657141751201,-7.028877622547564,3.932974590671331,2.3144438320774063,-0.0120262,0.338434,0.347893,0.169619,0.63633,0.627976,-0.41468,-0.205212,0.562681,-0.0479934,0.496645,0.489458,0.676405,-0.237173,17.03661135594143,3.318294155129081,2.6082736312968375,6.520160426624354,-5.518672330089615,-2.1719905949655214,15.538410449356608,8.750004532185635,-0.223715,0.524821,-0.168609,0.511074,0.144901,-0.159321,0.83212
13.494122982025146,-4.958186900510663,-13.839312520493792,8.042729619961635,-4.887393872687128,4.541059030875351,1.906835585718024,-0.0118618,0.338414,0.348205,0.168342,0.636431,0.627725,-0.415424,-0.205399,0.563247,-0.0471416,0.496869,0.489489,0.676961,-0.235044,16.941290858275458,3.401087715433629,2.2464006739770674,6.536277517725683,-6.472969071725981,-2.448871360280222,16.283361591646337,9.140150272292319,-0.223367,0.525688,-0.167735,0.508126,0.145356,-0.158575,0.833986
13.562199831008911,-0.32446975127339756,-19.575335600675785,9.059001846998566,-8.834528214371637,2.1175354575225382,1.9760060730454676,-0.0121192,0.338276,0.346974,0.173415,0.634559,0.62678,-0.417623,-0.202752,0.559443,-0.0525498,0.497463,0.488651,0.673805,-0.244411,17.112414310841707,3.450024362925469,3.2808770983839786,6.487720162692884,-6.82364805220192,-3.507936046789908,17.28245403428963,10.166356842263742,-0.221643,0.520245,-0.171768,0.516185,0.144338,-0.150741,0.83066
13.63033652305603,1.3020494666541593,-25.09271775010225,7.6139938979611115,-9.504297552011852,2.0210499030151117,2.3676755345806937,-0.011921,0.33823,0.347298,0.169428,0.634737,0.628708,-0.416088,-0.203969,0.562793,-0.0471371,0.490237,0.493198,0.676069,-0.243627,16.764767959752206,3.3775856984538395,3.6889364318372344,7.18138518947349,-5.466682357369939,-2.2796468438819275,15.5844787201866,8.884989439976687,-0.224697,0.525371,-0.166864,0.519243,0.151269,-0.156954,0.82636
13.696094036102295,-4.115460899538469,-18.48652383680191,6.337357534156057,-5.912639812190807,4.287256913816625,2.3565384401856906,-0.0114722,0.338286,0.348197,0.165684,0.634004,0.629826,-0.417021,-0.20663,0.5684,-0.0378856,0.485048,0.497618,0.680817,-0.231504,15.501084681691204,3.6226526950983367,2.753149576229273,5.1285425201928145,-6.460795564661197,-2.5568851284392835,15.688938424755218,9.234944230900132,-0.22732,0.534305,-0.158947,0.513249,0.158027,-0.165878,0.827096
13.764465808868408,-5.130833607093598,-14.699567436850874,6.964928904037162,-5.982262332618004,4.075627364971006,2.145216035853427,-0.0114077,0.338186,0.347594,0.167471,0.633704,0.629201,-0.417707,-0.204309,0.565958,-0.0413135,0.487636,0.49756,0.677748,-0.235165,15.784700267086297,3.8698696677749655,3.054086631376352,5.875066623718613,-6.893634559470323,-2.4629888145473444,15.954547120593022,8.920455969335924,-0.224549,0.531038,-0.161871,0.515381,0.154738,-0.164006,0.826765
13.830174446105957,-1.0761532905823068,-20.466354416911386,6.807510555183932,-9.035809190496037,2.2590698001950025,2.2471066136588025,-0.0116972,0.338123,0.347188,0.170496,0.634031,0.628563,-0.416946,-0.202685,0.562948,-0.0465324,0.491017,0.49373,0.675644,-0.242154,16.537190986614007,3.579170329837636,3.5797367881330313,6.0516317233772075,-6.681715660423464,-2.3957978138005913,16.09640610734625,8.978672389991,-0.222943,0.526221,-0.166402,0.518724,0.151587,-0.159612,0.826118
13.907779693603516,-1.1102410926237405,-23.18202250200202,5.431630223553667,-8.133468212078908,3.004078571757109,2.506646912600145,-0.011575,0.338241,0.347578,0.169121,0.632938,0.628527,-0.419215,-0.203816,0.56633,-0.0409695,0.485495,0.497935,0.67772,-0.238852,15.592742174148984,3.766176259167054,3.509525381098868,4.408235502923638,-7.088721721216537,-3.010707131523894,16.251704898050743,9.748201375928097,-0.224881,0.531559,-0.16137,0.517689,0.157459,-0.16255,0.825095
13.975208282470703,-5.432809934528979,-15.088318052682723,6.04524810461672,-4.982383882411529,4.607577396683417,2.1970333583109247,-0.0113365,0.338263,0.348147,0.166849,0.635062,0.629194,-0.4159,-0.204508,0.567418,-0.0395233,0.487313,0.498655,0.67816,-0.232312,15.686429029122696,3.771438154678001,2.8868592173370864,5.77664542081992,-5.840271704194345,-1.9868339950292224,15.024285579643559,8.361322912108403,-0.224539,0.532967,-0.160518,0.513701,0.154316,-0.165684,0.827555
14.046533584594727,-3.5005256453355043,-13.68864450205871,9.2588481908824,-5.862347489606834,3.696801714945929,1.96750223407894,-0.0118491,0.338161,0.347319,0.172754,0.634406,0.62679,-0.418115,-0.20283,0.561287,-0.0494238,0.496504,0.491504,0.673914,-0.240307,16.625178614401037,3.7436424316313275,3.0219180701830126,5.484607694545209,-6.798528560592146,-3.469886933208336,16.794858428318335,9.913956853574993,-0.221647,0.523029,-0.170168,0.514759,0.151299,-0.15927,0.828713
14.115221738815308,-2.081973866391862,-17.244215927388503,11.694176418618033,-7.730486255676684,3.196567582842518,1.9399642370015964,-0.012437,0.338314,0.346904,0.173218,0.635826,0.627621,-0.414503,-0.202041,0.556406,-0.0579731,0.50555,0.484554,0.669736,-0.247144,18.462849018419327,3.589624954512444,3.2005507010835768,8.037790813589481,-5.814372323401674,-2.13073056733748,15.739660956733548,8.897728596187019,-0.219485,0.515025,-0.177386,0.513493,0.141755,-0.148422,0.833188
14.183592557907104,0.1980748334078365,-20.45075326685765,10.461942247254182,-8.233864334727837,2.42222623905902,1.951113283813613,-0.0123132,0.338263,0.347044,0.174644,0.634835,0.627637,-0.415397,-0.202884,0.558013,-0.0544326,0.502456,0.485619,0.673002,-0.242447,17.591856189018973,3.456563238032736,2.9909064417914717,6.452961204895521,-6.4230806277341035,-2.784792241614298,16.535043273480944,9.383031484950449,-0.220587,0.517985,-0.174345,0.511721,0.146816,-0.151633,0.832823
14.252544641494751,-0.8046595825987762,-21.948068814219557,11.02130938495127,-7.301780290087407,3.27731305063871,2.189591733219929,-0.0119972,0.338301,0.347614,0.167929,0.635671,0.627579,-0.416972,-0.205311,0.564146,-0.0446007,0.493479,0.491348,0.67787,-0.235684,16.54188416774359,3.4253651500226763,2.4347906099004835,5.473168878044444,-7.147072528305069,-1.7649859208970966,15.881928240400306,8.729767735231613,-0.224758,0.527895,-0.16518,0.512361,0.151212,-0.161712,0.829741
14.333300352096558,-4.951909812041307,-15.077787128037183,6.2229096308242555,-5.6124310736861425,4.201131780702713,2.0077310035306586,-0.0117871,0.33822,0.347659,0.168257,0.634134,0.628151,-0.418318,-0.20578,0.565061,-0.042487,0.489798,0.49504,0.678604,-0.233516,15.798551881576318,3.697368747190942,2.6003203020011387,5.732556246685933,-6.954863595863706,-3.028779704016138,16.4500175228383,9.631424543657348,-0.225673,0.529373,-0.16319,0.511841,0.153569,-0.162303,0.829514
14.398822784423828,-4.125543074139701,-13.660574218586156,7.318027208614167,-6.167801386792852,3.8010871818643874,1.789611770779759,-0.0120134,0.338237,0.347236,0.173041,0.634314,0.627179,-0.417552,-0.204855,0.559634,-0.0510848,0.50115,0.486892,0.674884,-0.237312,16.999603919726347,3.650179805925392,2.36631083422615,5.477189657831307,-6.849499174752626,-3.1458240662640975,16.705540002221447,9.695623958883884,-0.222325,0.520625,-0.171701,0.507951,0.148864,-0.156119,0.833938
14.466607332229614,-3.604006426263291,-16.29907414636776,8.063538287430587,-7.263864083170877,3.8944651450282977,1.8411534681930355,-0.0126014,0.338226,0.347238,0.17484,0.636887,0.626843,-0.413369,-0.201654,0.555366,-0.0593795,0.511081,0.482167,0.669613,-0.240687,18.456542345955526,3.633403810147592,2.3253546818183146,8.011250279411719,-6.640068925727606,-2.55279606548239,16.478346041006162,9.346084386705883,-0.217357,0.513474,-0.179162,0.507722,0.135925,-0.152324,0.836983
14.539884328842163,-1.4476485986813985,-16.979404428956897,8.740089245439929,-6.565664353915456,3.7152248709386875,1.604198376125772,-0.0127577,0.338242,0.347742,0.176887,0.638689,0.624771,-0.412854,-0.198907,0.555008,-0.0614478,0.514959,0.481681,0.667288,-0.23985,18.553257633909034,3.6487201829190985,2.0541531553326706,7.501996092761939,-7.510914710152315,-3.2347454474041015,17.492761258221826,10.059262750515565,-0.213667,0.512789,-0.180584,0.507059,0.121012,-0.152628,0.839614
14.610872268676758,0.31573378254193185,-22.13175153445793,11.729204566345535,-8.098167067536867,3.364094004680893,2.0021542493877567,-0.0130993,0.33828,0.347632,0.176891,0.638833,0.625633,-0.411321,-0.196981,0.556457,-0.060946,0.512845,0.485169,0.665208,-0.243103,18.631153015026193,3.7892534310585058,2.802867395805892,7.38430283880418,-6.901340041510679,-2.7033313519463533,16.70223741282176,9.306496258107448,-0.211869,0.514785,-0.180856,0.512139,0.128268,-0.15228,0.835507
14.67724609375,1.1158277998945458,-23.768803625225033,11.120638648767972,-8.27839561270046,3.013515999906445,2.174984448973692,-0.0127369,0.338218,0.347697,0.17516,0.638315,0.625112,-0.413651,-0.197977,0.559981,-0.0548724,0.503538,0.490896,0.66847,-0.242113,17.486337791508618,3.6923842566072906,3.1153835759896786,6.633457105303837,-6.658712534722925,-3.066230855890595,16.769296984553343,9.527190773758804,-0.214872,0.520585,-0.175142,0.516499,0.134291,-0.158331,0.830739
14.74592638015747,1.7558815167297572,-25.40955555308082,9.89155013769868,-8.946052317253983,2.3825861222846934,2.36979611596142,-0.0123123,0.338158,0.347477,0.170873,0.636804,0.627046,-0.414845,-0.200374,0.565477,-0.04485,0.488923,0.498892,0.674677,-0.238479,15.966071025038067,3.554282690277315,3.590064666343048,6.497846444516542,-6.2388079886390475,-2.719746415699646,16.07457376813204,9.241939928928948,-0.22015,0.529842,-0.165569,0.521084,0.148401,-0.165234,0.824104
14.814666748046875,-2.191069011533358,-23.254355697574493,8.228094312620803,-8.13747268939116,3.445415282161477,2.8551543844707363,-0.0114078,0.338023,0.347664,0.165164,0.634284,0.629199,-0.417748,-0.202475,0.571561,-0.0331932,0.474171,0.505936,0.679979,-0.238369,14.750731175645651,3.5748162586250274,4.194657632143059,4.2052313625960736,-6.479722114422444,-1.6785425762117399,14.848547454971504,8.6509246105076,-0.224849,0.540328,-0.154398,0.523101,0.163963,-0.17448,0.817947
14.883607625961304,-1.9814419014626639,-20.457744896865545,3.6231496704938655,-7.223583658709078,2.9790019637019354,2.743376543799725,-0.0108575,0.33777,0.347698,0.163038,0.634162,0.629551,-0.418237,-0.203381,0.576052,-0.0232228,0.460612,0.515437,0.684203,-0.232438,12.93145581809265,3.507602089814177,4.5546084268477145,4.120063885043134,-4.692036681527009,-1.7007061904422613,13.660387382241575,8.809605646702188,-0.227467,0.548689,-0.14484,0.521762,0.17745,-0.181647,0.81442
14.951432466506958,-3.054470973998831,-19.71117695999349,7.107271060521088,-7.223231499080665,3.328480211534057,2.8318398150263815,-0.0107268,0.337839,0.347721,0.163177,0.632593,0.630355,-0.419347,-0.202501,0.575619,-0.0246966,0.463397,0.513387,0.68347,-0.233594,13.258468016746379,3.7537575013599476,4.4612387649757395,3.2982804479833394,-6.907322817668922,-2.119066953940674,15.059913690080517,9.548153466024903,-0.226088,0.547889,-0.14632,0.522604,0.175225,-0.182508,0.81417
15.019458055496216,-1.4470183946787596,-18.83131284519403,5.215347942322882,-7.543046834959607,2.7089354101702603,2.549356117304111,-0.0106273,0.337727,0.347417,0.165185,0.632649,0.629593,-0.41962,-0.202258,0.572438,-0.0301072,0.46928,0.50993,0.681819,-0.234244,13.728352928804506,3.814585642442535,4.164317500519424,4.567530059443694,-7.1863248818527,-3.040308804463102,16.043652657236503,9.928974679625684,-0.225337,0.542357,-0.151398,0.522747,0.169846,-0.17708,0.816413
15.086598873138428,-3.0246102763276212,-16.937817447394863,7.932570358809277,-6.5591598472851596,3.7714988066513455,2.5489283488169314,-0.0110243,0.337768,0.347424,0.165689,0.633917,0.628891,-0.41856,-0.202373,0.569084,-0.0373607,0.480572,0.503222,0.677932,-0.237121,15.195822966521536,3.9205336189464175,3.6439341590424625,4.944342952189771,-7.224883313945405,-2.488237575204728,15.879928762313293,9.118509451711834,-0.224046,0.536159,-0.158399,0.52321,0.159869,-0.171173,0.819386
15.15260648727417,-3.179389638017054,-16.266249751588504,7.1020555113162,-6.712311869945876,3.7764263308242287,2.2714618096849257,-0.0114345,0.337896,0.347176,0.171108,0.634027,0.627527,-0.41826,-0.201166,0.564403,-0.0457904,0.490278,0.498178,0.673489,-0.240538,16.004982214970802,4.041688997035865,3.611352686454678,5.289706725350504,-6.6492913699445975,-3.6962003897027955,16.60837080786328,9.909616006820231,-0.221185,0.528145,-0.166172,0.520478,0.149336,-0.161726,0.825013
15.22248101234436,-2.949297223937486,-13.614681736172003,7.497357325119238,-5.650885539573915,3.9401812583238045,1.958172671938244,-0.012261,0.338117,0.346992,0.173652,0.634185,0.627021,-0.417731,-0.201857,0.558618,-0.0555152,0.504141,0.487073,0.669839,-0.24478,17.764573316024183,4.0063978276119,3.0237043263367607,5.372235902722343,-7.461185679207015,-3.630244306342597,17.383541312902725,9.941079819451781,-0.219096,0.518338,-0.175535,0.513518,0.140798,-0.151506,0.832779
15.288062334060669,-3.559079722744913,-12.4574183147658,8.072724876457983,-5.490386251334408,4.4379902195165535,1.7715355204908303,-0.0122865,0.338123,0.347093,0.173754,0.63509,0.627337,-0.415834,-0.20286,0.553518,-0.0645321,0.511774,0.477513,0.667715,-0.253425,19.612515346318546,3.533346734702911,3.1225878235365467,7.5104404598098995,-6.505534360399629,-4.005297242618042,17.592603189827038,10.732986761395964,-0.219818,0.50904,-0.182489,0.514405,0.120901,-0.140657,0.837249
15.357092380523682,-3.9265004217193256,-11.70065225479416,8.628690502916317,-5.23155277694716,4.766211979520709,1.5892014267519965,-0.0128958,0.338263,0.346575,0.17626,0.63437,0.625443,-0.418721,-0.204472,0.545835,-0.0759423,0.525559,0.465247,0.662757,-0.260932,21.404981212236862,3.6617571029666047,2.5292987437749463,7.33365013441723,-7.299830819732085,-5.369595459296164,19.0691554553093,12.113124011879702,-0.219755,0.496411,-0.192052,0.509963,0.107387,-0.123342,0.844507
15.42294955253601,-4.668267958491871,-11.365119562382723,9.773391427245905,-5.075145677079473,5.309393816810465,1.5358197763700578,-0.013307,0.338418,0.346449,0.175054,0.635819,0.625896,-0.416348,-0.204785,0.535528,-0.0913235,0.544886,0.444494,0.652348,-0.282783,25.97347838262326,3.3169611862593413,2.7816763800423985,6.762410312234863,-6.18331249366949,-2.485661958032587,16.81183072860185,10.017528438300529,-0.219307,0.478922,-0.204342,0.514136,0.0902381,-0.0980181,0.847298
15.490374565124512,-4.053355936471299,-10.222660281021707,10.600441849474674,-5.281855497719195,5.210994198925877,1.11225177638371,-0.014155,0.33862,0.345981,0.176864,0.634053,0.626081,-0.417993,-0.206497,0.523276,-0.106309,0.561772,0.425925,0.6428,-0.29968,29.330684780134433,3.405435034754488,2.8920673198324476,6.736843205465982,-6.167315157791446,-2.9825408304608843,17.560742863140746,10.540996054133846,-0.219661,0.459725,-0.215326,0.510466,0.0679988,-0.0694596,0.854386
15.559696912765503,-2.777159722301641,-10.313913238449494,12.74545099329803,-6.112236749030996,4.9875773846020675,0.8957848003072849,-0.0150767,0.338963,0.345502,0.1782,0.635044,0.626288,-0.415605,-0.207285,0.511615,-0.119398,0.577066,0.407969,0.634605,-0.312782,32.60129890567268,3.016969803785533,2.766380070649495,8.283468097554856,-5.009545251631874,-2.3669521610045052,16.84889539565379,10.36025135462593,-0.218809,0.44205,-0.224897,0.507256,0.0518447,-0.0507811,0.858735
15.627719163894653,-3.0064384950817136,-10.882220465545599,13.695155636131021,-6.3021527471611645,4.975977823573468,0.7413013212991887,-0.01551,0.338942,0.345496,0.180948,0.633493,0.626224,-0.416879,-0.206613,0.50876,-0.122523,0.58143,0.404153,0.632613,-0.313689,32.90011691122082,3.2011437726231877,2.677048842985334,7.105401983139073,-6.463202329605117,-3.442802367802443,18.40542212339666,11.206961567326072,-0.217367,0.43804,-0.227378,0.505857,0.0459909,-0.0470472,0.860104
15.692946195602417,-2.933672622020807,-13.0607186133991,13.862160899503216,-6.046125181763826,5.374049026657687,1.4007592114907679,-0.0153878,0.338895,0.345574,0.180373,0.634773,0.625686,-0.415989,-0.206224,0.51253,-0.118727,0.576892,0.40961,0.63528,-0.309571,32.018185524749605,3.0892566003676802,2.6417345957507177,7.30377064313584,-5.936600516010252,-3.0112257870797023,17.753496929793002,10.878626141149613,-0.221709,0.442763,-0.225715,0.552362,0.0650286,-0.0633074,0.828649
15.761377573013306,-2.2329566338137656,-14.667094931068332,12.419383107362327,-6.278965685027904,4.566980706205696,1.1579383999096755,-0.0148814,0.338741,0.345894,0.17909,0.63555,0.624885,-0.416559,-0.20813,0.522673,-0.106651,0.56363,0.4234,0.644334,-0.296458,29.21698957862466,2.9983982376956173,2.389523815736748,6.185975587249638,-4.7078721289071535,-2.6425279464206923,16.56522213031494,10.484026600322284,-0.220486,0.458849,-0.216108,0.504949,0.0714477,-0.0714901,0.857211
15.830055475234985,-3.9888083868587163,-12.956180309298501,9.138026157894894,-4.825208647301485,5.055606241980718,1.2661327734219512,-0.0144869,0.338655,0.346223,0.173613,0.635618,0.626938,-0.415689,-0.209815,0.530023,-0.0977157,0.550661,0.432278,0.652447,-0.290209,27.776323707341923,2.706734832807922,2.552759291769842,8.004240390501264,-5.39670381208377,-2.4052891583454823,16.913133238754995,10.601050483439835,-0.224123,0.469663,-0.209051,0.509278,0.0830537,-0.0825506,0.852598
15.898547172546387,-4.818486480833754,-10.6232517839318,6.995271636635146,-4.401838960878561,5.082676689201457,1.0422894656060062,-0.0141952,0.338662,0.346194,0.172787,0.634233,0.62875,-0.415412,-0.211462,0.528657,-0.0986785,0.551649,0.429375,0.653148,-0.291064,28.190207389463282,2.6893893718832764,2.568156036199831,8.591262480351173,-5.186207928984423,-2.4848454679648455,16.850823543231826,10.844224193365417,-0.225865,0.467541,-0.209236,0.506923,0.0805945,-0.0768168,0.85477
15.967046022415161,-3.8941991951470807,-9.455418927567274,6.565518350718269,-4.766291824203244,4.444602924362774,0.7243131550720572,-0.0144703,0.338641,0.34599,0.176981,0.633868,0.626817,-0.417121,-0.211162,0.51997,-0.10823,0.565301,0.416746,0.646289,-0.298442,29.99523007611602,2.803822203466166,2.1457559752933815,6.931581857727677,-5.336029007100912,-2.8121321422400527,17.228203488668797,10.807442879861872,-0.223513,0.454429,-0.216789,0.501171,0.073015,-0.0602174,0.860157
16.035202026367188,-4.634416863094357,-8.827926654948833,6.94379595478659,-5.072995928606305,4.6669625062817515,0.2948251381016163,-0.0150038,0.33874,0.346131,0.179683,0.635838,0.627022,-0.412635,-0.209055,0.50972,-0.120039,0.582169,0.401933,0.637553,-0.305051,32.795170181276625,2.693071540504726,1.6854609420031057,8.481132952525627,-4.439347959845884,-2.376895812522342,16.6687387222495,10.583932678582922,-0.218791,0.439177,-0.225516,0.495707,0.0526226,-0.0467987,0.86563
16.10279941558838,-5.350013089232935,-6.899073133911234,7.830427920259561,-4.406356311299374,4.9247082525447565,-0.07595249720319469,-0.0156471,0.338806,0.346349,0.182501,0.637642,0.62504,-0.411621,-0.206428,0.50014,-0.130686,0.598699,0.386678,0.629792,-0.30887,35.062766870542546,2.778828879270501,0.6290433184069428,8.197294487962491,-6.335020099750686,-3.095743136490313,18.554265919731378,11.218572785561046,-0.214064,0.424891,-0.233083,0.494499,0.0321561,-0.0323984,0.867979
16.1729154586792,-5.44654903840262,-5.589839497344754,6.756874614694284,-4.241784034708285,5.0095356610248905,-0.304234836383894,-0.0159241,0.338886,0.346365,0.184745,0.639644,0.623588,-0.409709,-0.203653,0.489607,-0.141418,0.609576,0.373032,0.620294,-0.323264,37.767890270025575,2.3512234047967335,0.8593402866400854,9.121333748550454,-5.547236041944862,-3.3166215625860005,18.835823269261848,11.994860360601983,-0.21067,0.409441,-0.240238,0.497893,0.0161402,-0.0151103,0.866956
16.242730140686035,-4.432523725219067,-6.927600794644758,9.03891461621402,-5.215734275404347,4.677112926783134,-0.21570889495675033,-0.016213,0.338993,0.346195,0.186181,0.63874,0.623918,-0.409968,-0.20375,0.481892,-0.148236,0.617057,0.361693,0.613149,-0.335362,39.85278711531997,2.192021917752621,1.2602492446945597,7.980422962740317,-4.863999864642809,-3.064200423959548,18.423033220527568,11.760390646676866,-0.210456,0.398181,-0.243891,0.495308,0.00748665,-0.00113036,0.868685
16.31668972969055,-3.3931292532499806,-8.31490226794485,11.37496818914958,-5.7939094905685415,4.460879645706786,-0.0052129314322837605,-0.0161837,0.338983,0.345754,0.182708,0.637406,0.625822,-0.410704,-0.206032,0.479326,-0.149904,0.615799,0.35766,0.612023,-0.343946,40.93941662116149,1.9954101035087053,1.8469629763944955,9.228908055426,-4.798873123942267,-2.837632310324892,18.589303264467354,11.90101582129145,-0.214417,0.394594,-0.244019,0.502326,0.00664234,0.0104731,0.864589
16.38722515106201,-5.290786723418684,-7.235775124110901,10.392882309955908,-4.746342451833019,4.99246286594137,-0.12307288039097007,-0.0159531,0.338925,0.345528,0.181779,0.638066,0.624015,-0.412836,-0.208382,0.481993,-0.147108,0.611048,0.360912,0.615543,-0.342738,40.11755056553413,1.8351265138181403,1.7145995849368223,8.780424329479274,-3.907381302717596,-2.7823001417630024,17.92247284051561,11.934497724444372,-0.217862,0.398173,-0.241982,0.502695,0.0118642,0.00840197,0.864342
16.457436323165894,-6.137684040168975,-4.253451398260157,5.041621130909953,-3.1595821310776637,4.986153113885,-0.14362344125298881,-0.0155246,0.33886,0.345655,0.181344,0.634216,0.625958,-0.416007,-0.21146,0.482793,-0.145174,0.607128,0.35974,0.618137,-0.34625,39.938779973177496,1.7531210740425296,2.2550148770905007,6.677903730833259,-4.553363269306351,-2.9769170024572134,18.340395006295108,11.750970359801885,-0.222034,0.398926,-0.240119,0.504136,0.0183975,0.0107424,0.863362
16.527064561843872,-4.960174177749961,-4.123971047299002,6.3294735392860355,-3.6335352710262634,4.489624716723034,-0.08342936113324324,-0.0154715,0.338824,0.345439,0.179019,0.633517,0.626231,-0.417664,-0.212368,0.476859,-0.1496,0.610542,0.352182,0.61474,-0.353979,41.34933483758187,1.7596884103337207,2.3212111631582513,8.207158560204512,-5.65213199465734,-3.696894510165187,19.783818765348748,12.69238909506418,-0.223492,0.390592,-0.242204,0.505838,0.0141576,0.0215213,0.862244
16.596435070037842,-5.989562917635091,-3.4563794304508333,4.7625322039166305,-3.945577468334113,4.366959697165794,-0.28419750974529817,-0.0155941,0.338868,0.345459,0.181971,0.63315,0.626592,-0.416401,-0.209834,0.468254,-0.156858,0.618968,0.342283,0.605978,-0.364023,43.3019967121575,1.6500562775715022,2.757320709796762,7.985227639664245,-5.177759806381621,-3.8835088514428335,19.928272709504487,13.00905558573077,-0.219774,0.378848,-0.245995,0.501952,0.00190341,0.0362099,0.864135
16.666285037994385,-6.217611899236697,-2.9853464820216336,9.68116342888654,-4.620256704757612,4.299572053258334,-0.5055372973040128,-0.0159464,0.338957,0.345166,0.182796,0.635789,0.624797,-0.414713,-0.20854,0.4604,-0.162977,0.626718,0.332677,0.600179,-0.369236,44.95542453181582,1.4101265424785903,2.278237665779322,9.585852193067005,-4.511670444616106,-4.066234595813832,19.78556042559329,13.59437400820828,-0.217231,0.368201,-0.249402,0.499536,-0.00832178,0.0478863,0.864928
16.736654043197632,-4.844492095709768,-3.550912436663315,8.123534787711282,-4.835339246436162,3.751919690340157,-0.3228495472455887,-0.0157981,0.338944,0.345179,0.183603,0.634831,0.624891,-0.415682,-0.208202,0.457644,-0.164989,0.626733,0.330637,0.59778,-0.374893,45.39618230078005,1.291411519674051,2.7728098161342167,9.578928071229896,-4.433314636295849,-4.7613495903964065,20.376787958245366,14.361552971029633,-0.217298,0.364122,-0.250084,0.501243,-0.00928393,0.0529471,0.863635
16.807528734207153,-5.722745932319043,-0.007228899658905338,5.636811806228372,-2.989986066350634,4.319980779278033,-0.6934379466133536,-0.0159149,0.338992,0.345206,0.182954,0.634733,0.625301,-0.415501,-0.210803,0.458539,-0.163343,0.629739,0.328204,0.598961,-0.370076,45.4716635622827,1.520833383799473,2.0947528333378767,8.084934813260904,-3.5000528679471685,-3.2914846067388766,18.54640339865673,12.493058761570152,-0.219502,0.365549,-0.249109,0.497392,-0.00804423,0.0508276,0.865999
16.876660108566284,-5.939715299296396,0.6713976740747164,3.84446847480265,-2.5934669689153678,4.4037938896593225,-0.7992780667673183,-0.0159316,0.339034,0.345115,0.182639,0.634347,0.62548,-0.415959,-0.212736,0.456355,-0.164129,0.631434,0.323066,0.599984,-0.370052,45.872323530525286,1.3663399348914222,1.68382973083067,7.930602208507276,-3.7068648841475103,-3.327621808262492,18.761995507169882,12.628079423324154,-0.221018,0.362659,-0.24941,0.494192,-0.00814149,0.0531352,0.867689
16.94509506225586,-4.523176397041451,-0.3256794902983449,3.4498390357444424,-2.9498802417864463,3.9180869006905787,-0.7656695187014274,-0.0158927,0.339085,0.344976,0.182877,0.634148,0.625597,-0.415983,-0.213884,0.447782,-0.169111,0.63836,0.311156,0.592373,-0.38049,48.00723827412454,1.2113765761079622,1.8364647445774853,7.410185064606148,-1.9341534640791913,-2.594638522492204,17.288824556035884,11.832011032042917,-0.221124,0.351421,-0.251384,0.488299,-0.0160242,0.0668649,0.869964
17.013522386550903,-4.218713038348314,-1.2683625460822663,2.042516499319074,-3.6592005766010063,3.5977440592930323,-0.8488287718454491,-0.0162539,0.339095,0.344869,0.183145,0.633487,0.626121,-0.416083,-0.212351,0.434824,-0.17733,0.649315,0.294908,0.581424,-0.391618,50.85543320834874,1.3018103552694487,1.8203785717294103,7.974551711823406,-3.1002145126266214,-3.424884347220427,18.72659390585371,12.681099060087975,-0.218767,0.334047,-0.254419,0.490107,-0.0316071,0.0873649,0.866697
17.084752559661865,-3.7475570887599425,-1.4108680275270906,1.5802224972882526,-3.8202385556159553,3.551550148569823,-0.962698864360534,-0.0164229,0.339235,0.344691,0.184988,0.632536,0.625713,-0.417326,-0.212292,0.424636,-0.182536,0.659061,0.277901,0.571849,-0.401743,53.329259844498246,1.235504235157384,1.6466275464908016,4.696289130300317,-3.4945699633040785,-1.9909834178969419,18.14984783123662,11.076389854835613,-0.217719,0.321327,-0.255845,0.48549,-0.0456497,0.101479,0.867132
17.15407633781433,-2.9662467009145135,-1.7876084370380425,5.3865909713328115,-4.257344016388814,3.4945339564155833,-0.8817434478630615,-0.0165149,0.33926,0.344603,0.183797,0.633025,0.625014,-0.418158,-0.21289,0.418673,-0.185449,0.662394,0.269781,0.568204,-0.406935,54.583225498428305,1.1599605005232145,1.4129683715046486,5.368252664237134,-4.0173825624164525,-2.6250312606919692,18.803989693398794,11.847139642372891,-0.217961,0.313655,-0.256361,0.483897,-0.0504755,0.113525,0.866261
17.22136878967285,-1.4448265886713194,-1.21654840266247,6.629318177629415,-3.8379040078231816,3.093953332815622,-0.7403785917331268,-0.016723,0.339266,0.344278,0.184252,0.632025,0.626356,-0.417461,-0.216065,0.415379,-0.18608,0.662828,0.265377,0.566155,-0.411951,55.34402474053572,0.80801796501124,1.7814752598143997,5.258807403352229,-0.9423136330000634,-1.834740765334395,16.790964234890907,11.213227113667829,-0.221186,0.309629,-0.255793,0.479977,-0.0501624,0.120798,0.867476
17.28783655166626,-2.2673763286843895,1.6369559351385148,4.382882536349394,-2.5679269124295603,3.4182393594174596,-1.0793324994445506,-0.0166687,0.339442,0.344275,0.183126,0.630768,0.62788,-0.417569,-0.219289,0.410938,-0.187015,0.664739,0.256485,0.566909,-0.413463,56.26126632672782,0.5238222582160201,1.386077598246839,5.691422034326113,-0.8933749266257767,-2.2072277758640766,17.009844233796738,11.821814150598449,-0.223899,0.303939,-0.255086,0.476237,-0.054268,0.1273,0.868359
17.3557186126709,-1.4342333062071286,2.450678224907349,1.5682369534149267,-2.5428071035638222,2.701353270379263,-1.0213822583341665,-0.0168683,0.339512,0.344117,0.183053,0.629508,0.629053,-0.417736,-0.220899,0.400063,-0.190923,0.671471,0.24192,0.559978,-0.420745,58.41933951515149,0.4094505903840642,1.2334655223457958,6.137961112418845,-0.290330659077374,-2.502883849781142,16.847189663876133,12.478439210987128,-0.224988,0.290676,-0.254903,0.473709,-0.0631982,0.143395,0.866628
17.422253370285034,0.8876102995162165,1.1897142103891094,2.4857860563843683,-3.9758480689394147,1.5809103201478083,-0.5197911581903119,-0.0167988,0.339478,0.343957,0.182515,0.628765,0.62862,-0.419738,-0.221021,0.38749,-0.195346,0.67825,0.226172,0.550748,-0.430697,60.808509101787294,0.41939968244098413,1.1099333579269253,6.329908056951094,-1.1661795099418057,-3.2006664035220354,17.7025704750353,13.299084415929476,-0.224103,0.275576,-0.254223,0.466957,-0.0737697,0.161471,0.866277
17.488525867462158,-0.4038377731127957,0.7649094772970217,3.9925590979828334,-4.175623876957169,1.9867736992771206,-0.8378351294057458,-0.0168693,0.339533,0.343872,0.183157,0.629032,0.628414,-0.419367,-0.22127,0.385453,-0.195833,0.679809,0.223321,0.549498,-0.431323,61.154793352382534,0.3570862826392103,0.9525771400588674,6.322493953445221,-0.5138277830762359,-2.9256294651977726,17.174186303904527,13.06035910351096,-0.224151,0.273197,-0.254182,0.466925,-0.0746341,0.163473,0.865845
17.55540919303894,-0.3714021372286851,0.7863994175461689,8.80381209490213,-4.482886035849089,1.8640942129813451,-0.8150292609177345,-0.0168789,0.339528,0.343722,0.183341,0.629234,0.628436,-0.418951,-0.222313,0.393235,-0.193038,0.674192,0.232068,0.558844,-0.423442,59.35513146976267,0.16688340153386372,0.6989874863321255,6.6330207758505955,-1.0118042972145247,-3.2091795903744256,17.669018376512692,13.447123833086364,-0.225747,0.282306,-0.254436,0.46885,-0.064864,0.151474,0.867772
17.62187170982361,-0.931624227619154,0.021488090544749355,8.182582714197135,-3.9124625720899235,2.030206382428565,-0.843814746955448,-0.0166825,0.339407,0.343678,0.181798,0.629479,0.627564,-0.420558,-0.227107,0.408704,-0.18508,0.664222,0.247267,0.575463,-0.408058,56.099235358392654,0.18992960335012898,-0.006459979519087611,5.2387879532108315,-0.9525281536874441,-2.088751983574845,17.020368100631313,11.782387495476465,-0.231071,0.301618,-0.252622,0.464574,-0.0462176,0.133385,0.87421
17.68870782852173,-2.0419937237898944,-0.4234864132654308,8.254153208728214,-3.5946927496133556,2.490125277614065,-1.0297093424141466,-0.0164166,0.339372,0.343973,0.180562,0.626481,0.630499,-0.421176,-0.229615,0.420948,-0.178332,0.654202,0.2625,0.589892,-0.393879,53.135691149642305,0.2992965436220184,0.03492904654837048,6.05619687748497,-2.526518534026632,-3.141344205073594,18.671209928252733,12.829907679997739,-0.234315,0.316313,-0.250875,0.466904,-0.0261475,0.112135,0.87678
17.758955717086792,-3.3716400456634923,-0.9232502129997681,7.988332628799527,-3.3967315863134515,2.795100211712781,-1.2182269359829405,-0.0163549,0.339352,0.344076,0.180049,0.626946,0.630606,-0.420543,-0.234,0.429986,-0.171914,0.652189,0.267145,0.606329,-0.368305,50.589808272963836,0.4932663622191067,-2.294446415160863,5.645191824064764,-3.9728008439147118,-3.3273587716092905,19.432538692645537,13.058606758385785,-0.236413,0.329553,-0.24915,0.451395,-0.0181866,0.09634,0.886922
17.829089641571045,-4.298637115756103,-0.8344027270567059,6.985652952467964,-2.8730497561000927,2.9869876293545174,-1.2602830112376955,-0.0161123,0.339253,0.344433,0.181676,0.629178,0.6299,-0.417557,-0.233911,0.434985,-0.168933,0.650604,0.273336,0.611656,-0.357602,49.25347573442999,0.35708063072421803,-2.9838719207996682,6.052666600118723,-2.0223548286658364,-3.1124214214944033,17.99778365388833,12.906335980170923,-0.235394,0.336149,-0.248669,0.4481,-0.0128117,0.0853861,0.889804
17.89723825454712,-3.3887114049851084,0.07794911284898022,5.621301333181661,-2.8790695306771026,2.5858650867867787,-1.1835734752591656,-0.0161994,0.339264,0.34439,0.181857,0.628594,0.629826,-0.418469,-0.233391,0.431115,-0.17114,0.653982,0.267168,0.60884,-0.36089,50.10501388953259,0.4136860902133367,-3.107290493857297,5.383167891182777,-3.3342865721086596,-3.1095047496602533,18.83633039661427,12.844406286457781,-0.234012,0.331226,-0.249361,0.444787,-0.0183584,0.0903527,0.890878
17.968333959579468,-3.2615280787414203,0.822623433925184,3.8007040138951154,-3.0752026572359683,2.3732153148047277,-1.2754824779911467,-0.016092,0.339241,0.344479,0.181077,0.629635,0.628891,-0.418649,-0.231776,0.421336,-0.176775,0.661569,0.254528,0.599064,-0.372376,52.55035789249941,0.45171722533661784,-3.075149175811452,5.596983535580712,-3.4235423412574164,-3.108264109228969,18.8656104376049,12.850163360818616,-0.232218,0.318085,-0.250875,0.446286,-0.0290425,0.105319,0.888196
18.0414559841156,-2.6790805041586117,2.7166929885028943,4.237246012147094,-3.0998519851850608,2.1251982090441026,-1.3318989736156441,-0.0163511,0.339411,0.344422,0.182419,0.629616,0.628298,-0.418985,-0.231051,0.409707,-0.182202,0.672048,0.238519,0.588653,-0.380719,55.034247770330914,0.6491851157815478,-3.3991213311956923,4.60267140232577,-2.9749601567827746,-2.4722622274779695,18.101349925807135,11.987714983971133,-0.229525,0.303964,-0.252562,0.442575,-0.041457,0.12032,0.887655
18.11247682571411,-2.918060815493251,0.6837108347283648,6.08749135279533,-4.106408778878747,2.2649716346250894,-1.356401048155503,-0.0166028,0.339452,0.344398,0.182983,0.630871,0.628264,-0.416897,-0.228193,0.406628,-0.184734,0.675717,0.237072,0.583,-0.383815,55.850848293494614,0.7851379235774546,-3.1818812144699518,5.726354343120844,-2.303456075358479,-2.536541359204641,17.507463532049137,11.84875174638801,-0.226446,0.300062,-0.25385,0.443166,-0.0474428,0.123276,0.886655
18.18283438682556,-3.058108359588734,-0.2818657521611801,7.445389699883285,-3.992741035250705,2.413761362983734,-1.3654658248859042,-0.0166035,0.33945,0.344469,0.183111,0.6313,0.628156,-0.416354,-0.227986,0.411818,-0.182544,0.672537,0.244162,0.587042,-0.378764,54.72074931978763,0.7983743993342725,-3.196150904962492,5.920778938324006,-2.284932789928231,-2.5007163068620173,17.49175033234351,11.800654185845822,-0.226243,0.30668,-0.253888,0.443459,-0.0417728,0.114516,0.887967
18.255742073059082,-3.2889130783900717,-0.5923098154792221,10.11408469818731,-4.079542859489251,2.773381425462174,-1.4053554091963945,-0.0167222,0.339437,0.344321,0.184053,0.630143,0.628503,-0.417166,-0.229463,0.420719,-0.178,0.665444,0.255751,0.597251,-0.367514,52.26901126429197,0.772320598440221,-3.362996231024816,5.765189889884022,-3.1750272394611425,-3.096840739053981,18.602103159108925,12.56553583206883,-0.228753,0.318244,-0.252352,0.449818,-0.0356933,0.108169,0.885827
18.33461284637451,-3.8841580140570233,-2.616319279679118,9.242431440035675,-4.196793968540057,2.948616667176196,-1.328391561524787,-0.0165137,0.339391,0.344517,0.182139,0.631473,0.628239,-0.416392,-0.229614,0.43495,-0.170452,0.654056,0.275585,0.60884,-0.35437,49.19849676554306,0.7730617848798493,-3.350835900955799,7.292559386970782,-3.5846478937893416,-3.3842387730182963,18.912834514422265,12.983103391791822,-0.229986,0.336713,-0.250484,0.446689,-0.0199734,0.0801132,0.890871
18.403342485427856,-4.690626313995186,-3.5450730245161566,10.410966297254438,-4.291440945718064,3.2643483179148163,-1.3073853173404795,-0.0165742,0.339386,0.344503,0.182365,0.631358,0.628406,-0.416216,-0.230782,0.445806,-0.163491,0.646849,0.289824,0.61889,-0.338472,46.420973549629586,0.9795150224113265,-3.8023474905509715,7.2158171921809675,-3.816988556752559,-3.2865727598393732,18.785228036054846,12.633746797493538,-0.230464,0.351849,-0.248249,0.441295,-0.00870422,0.0586004,0.895404
18.47068214416504,-4.703125328848266,-4.825445453657567,9.510929709288229,-4.400641080107834,3.3187030085036753,-1.0497282266739365,-0.0163052,0.339344,0.344778,0.18222,0.630251,0.628872,-0.417252,-0.229689,0.458843,-0.155032,0.635756,0.309996,0.626196,-0.328017,43.4140878270999,1.3680217579701262,-3.174180744312972,6.649493859422602,-4.510840128856037,-3.211284719843647,18.956619380961257,12.233432358390823,-0.231342,0.368771,-0.244577,0.450551,0.00753952,0.0381978,0.891901
18.539875984191895,-5.322952473151688,-6.139676805277304,10.742124605244916,-4.6697913629250545,3.738197308472933,-0.9120861453970822,-0.0163797,0.339322,0.344779,0.182197,0.62972,0.629503,-0.417112,-0.228766,0.469893,-0.14746,0.624946,0.326404,0.633481,-0.318755,40.847387425102085,1.4357495799402384,-2.691498425086845,6.451331480277698,-5.320853658479068,-3.2586408339425503,19.12095419458627,12.153610149769667,-0.232316,0.383663,-0.240892,0.461288,0.0184772,0.0186162,0.886863
18.60919952392578,-5.927538083969502,-7.214601320575503,9.864792295575276,-4.753155813821073,3.890955727852932,-0.7700690136105768,-0.0162171,0.339306,0.344846,0.182165,0.629482,0.629117,-0.418068,-0.227474,0.479347,-0.140602,0.615362,0.34259,0.637775,-0.311776,38.52178638401753,1.7587486451866017,-2.122491535458936,6.195639922079569,-5.312279853560797,-3.5017433910663343,18.930518742758082,12.097080662817284,-0.232368,0.396784,-0.236923,0.465824,0.0281968,0.00477484,0.884415
18.67855453491211,-5.811194977804687,-9.091183046923007,8.96417214416799,-5.11611405537847,3.8553791999123797,-0.3810850188012977,-0.0159309,0.339204,0.344967,0.180418,0.630424,0.628944,-0.417665,-0.225161,0.49108,-0.131501,0.599518,0.362927,0.642878,-0.309145,36.06331511058174,1.6629456055427674,-0.8173698160929685,7.132549252585823,-4.6727461552994285,-3.2307670549689504,18.136594906036756,11.911537102628278,-0.232979,0.412897,-0.231398,0.474622,0.0437466,-0.0142742,0.878986
18.748488187789917,-5.891269337421241,-9.924076491039665,8.832374356035539,-5.0630440059234045,3.952239034215103,-0.1979057429934535,-0.0156885,0.339078,0.345108,0.178168,0.631112,0.628952,-0.417581,-0.225263,0.499593,-0.123687,0.589899,0.374235,0.647552,-0.304374,34.485321960919514,1.6402020404107378,-0.4662759504301288,6.321583942928618,-4.265916462836193,-2.178086170017991,16.813790263661524,10.921864808816094,-0.2348,0.425186,-0.225658,0.478583,0.0544854,-0.0257063,0.875973
18.814961671829224,-6.697026822993652,-8.966906679872972,6.676891792612268,-4.542260979625444,4.117853049036051,-0.26215374505381106,-0.0155388,0.339004,0.345194,0.177538,0.629916,0.629578,-0.418708,-0.226459,0.505006,-0.117429,0.582191,0.383292,0.652944,-0.29632,32.717166151237834,1.815981197590662,-0.4461967063990713,6.565825065527811,-4.4273367108224235,-2.7492837734596165,17.115085178784735,11.361040668549085,-0.236397,0.433427,-0.221641,0.476877,0.0626119,-0.033892,0.876082
18.884373664855957,-6.965143222213452,-7.553477408786223,4.738741312828774,-4.137332084251748,4.004694728704341,-0.28434956317850707,-0.015351,0.338988,0.345365,0.176559,0.631087,0.629254,-0.417846,-0.225843,0.506197,-0.116353,0.578601,0.386628,0.65594,-0.292374,32.073107638475655,1.6158712546868066,-0.6299714142310258,9.2105905797176,-4.982394150683488,-3.912593247453998,18.632454126330092,12.871550072846,-0.235488,0.43523,-0.221115,0.473909,0.0656404,-0.0400504,0.87721
18.95427107810974,-6.792477073585551,-7.179554632427891,5.431233441419895,-4.634838260007182,3.813496930638551,-0.32797406274893987,-0.0154586,0.338959,0.345294,0.179004,0.629943,0.628565,-0.419566,-0.224778,0.503748,-0.119245,0.584035,0.382908,0.652314,-0.294569,32.54404867417878,1.9607354870444176,-0.7125861213018982,6.906749063971533,-5.896302483678667,-4.124284861234138,18.994312830803832,12.702444164556503,-0.233984,0.431795,-0.222922,0.475165,0.060118,-0.0335163,0.877201
19.02152729034424,-5.380792432438075,-8.623706064651703,3.245640010738495,-5.130375222814116,3.1165646490691374,-0.19490924009019614,-0.0152824,0.338965,0.34546,0.17844,0.63044,0.629843,-0.417136,-0.222969,0.502935,-0.120414,0.585972,0.380771,0.649343,-0.300007,33.50772153634962,1.8365532574474248,-0.21790917017752953,6.752913731054889,-5.4613636233846865,-2.475027037737952,17.64413091538017,11.191699042093337,-0.232839,0.430316,-0.223636,0.480314,0.0592811,-0.0300624,0.874575
19.088313579559326,-4.69251326485652,-10.146882303250349,4.971486686216767,-5.163940370496941,3.2161993637006185,-0.11266318917820317,-0.0152767,0.338915,0.345559,0.178705,0.630715,0.629586,-0.416994,-0.223809,0.505179,-0.117792,0.584027,0.3828,0.651809,-0.295841,32.88752563297814,1.757734891711991,-0.46223795733843254,5.962371603746762,-5.115868619218885,-2.2527167552743705,17.20717326850729,10.860590232405546,-0.23358,0.433839,-0.22189,0.477122,0.0621725,-0.0346095,0.875952
19.154510021209717,-6.222950341997876,-6.857700858461985,7.248418359378705,-3.6996737733979335,4.009874295189958,-0.30976279252883393,-0.0151447,0.338974,0.345674,0.18005,0.63163,0.628692,-0.41638,-0.224843,0.506213,-0.11643,0.580899,0.386271,0.655527,-0.289198,31.822346976394872,1.533262058482008,-0.8201563178747868,7.704856151116022,-3.8000402940262497,-3.857705609856147,17.711426006970907,12.775007702707107,-0.233655,0.435479,-0.221411,0.471399,0.0634495,-0.0417203,0.878645
19.22187089920044,-5.697312524747555,-6.280793567375208,8.487071405565814,-4.695194862517778,3.424563213337806,-0.2626467582750863,-0.0153934,0.338953,0.345504,0.178715,0.631756,0.629519,-0.415513,-0.222185,0.502691,-0.120965,0.587617,0.381238,0.648548,-0.297908,33.555727076827154,1.8609654805675484,-0.42576883596413495,7.570119051704988,-4.791757649413585,-2.279870843915006,17.12929285777046,10.912493722692377,-0.231328,0.430179,-0.224326,0.478163,0.0580758,-0.0325998,0.875742
19.289546012878418,-4.267434347633613,-10.038586948630842,5.085913848259266,-6.230863877166977,2.410090403973348,0.005525193271806887,-0.0153524,0.338869,0.345496,0.179375,0.631755,0.629062,-0.415922,-0.219115,0.50326,-0.121284,0.584553,0.38605,0.645357,-0.304593,33.49284749376289,1.9403250577075455,0.6249212477442274,7.94252080781267,-4.656343387968736,-2.324027688026682,17.08464873538157,10.925518160730695,-0.229789,0.430721,-0.224015,0.484618,0.0589884,-0.03331,0.872099
19.357937574386597,-5.223947086177428,-10.280955261603449,8.548752463694731,-5.213850041147476,3.3596725264866802,0.003402459311212999,-0.015118,0.338927,0.345657,0.180306,0.6319,0.628806,-0.415686,-0.222167,0.508786,-0.114505,0.578773,0.390352,0.653241,-0.293127,31.78462634277231,1.6069172038324488,-0.05802327092465376,6.176880228799504,-3.6735176078726415,-2.2128283149524535,16.266443827219742,10.934291623633364,-0.23242,0.439186,-0.219857,0.477649,0.068841,-0.0453011,0.874677
19.42722725868225,-6.2593759117338665,-10.404874807395718,7.567325201028945,-5.012622137773319,3.6036243013792935,0.07345136422874922,-0.014959,0.338839,0.345739,0.179091,0.632074,0.628063,-0.417068,-0.222112,0.516052,-0.106662,0.568264,0.402737,0.657415,-0.28755,29.834563301154187,1.7421116221975055,0.30053643822811793,5.814539597036546,-3.3057612133125076,-2.268978775067083,15.98250665446872,10.619518060769146,-0.233562,0.45013,-0.214044,0.478839,0.0784183,-0.0569856,0.872535
19.496023416519165,-6.288385089648837,-10.569323991535565,6.681792302835584,-5.422745130987051,3.3470440030220256,0.3385335774296942,-0.0149336,0.338827,0.345716,0.17871,0.631859,0.628199,-0.417352,-0.220689,0.520395,-0.102214,0.56198,0.410605,0.659123,-0.284849,28.72825795055612,1.8815882994308186,0.7157940064237547,5.667058367620532,-3.7878363745706913,-2.2204111463001794,16.005576361303188,10.301958455777946,-0.233278,0.456327,-0.211192,0.485139,0.0892986,-0.065412,0.867402
19.566590070724487,-6.517824523002028,-11.537476985783577,7.626843119473988,-5.896379367410051,3.4216655355808676,0.5165906478244731,-0.0148125,0.338794,0.345726,0.178335,0.631494,0.629182,-0.416583,-0.219251,0.525354,-0.0970035,0.553351,0.420725,0.661161,-0.282238,27.42510513387725,1.9829567359087785,1.4743337272960488,6.339809498115526,-3.222843705493176,-2.387627679924705,15.680999564916151,10.453773736546047,-0.233288,0.464014,-0.20713,0.490092,0.0936872,-0.0747,0.863396
19.633821964263916,-6.924155728039127,-12.330579893202342,6.862613105786824,-6.111897364928653,3.281489361631533,0.7348570678654033,-0.01462,0.33865,0.345859,0.1763,0.631638,0.629035,-0.417453,-0.217778,0.532353,-0.0883917,0.543144,0.43195,0.665834,-0.274006,25.509945002150435,2.1613912620269917,1.5170123750763693,6.206669500483489,-4.965643388877506,-2.343353591033811,16.34988829154627,10.118650403377446,-0.233245,0.475073,-0.200394,0.493883,0.106826,-0.0875852,0.858485
19.702244758605957,-5.714380312141692,-12.811478833739194,8.658755161364702,-5.922614422545112,2.9045992029229266,0.8542072677083099,-0.0142127,0.3386,0.345969,0.174595,0.630449,0.629789,-0.418828,-0.219223,0.539415,-0.0782104,0.528419,0.443441,0.673977,-0.264364,23.04288496568541,2.0509070919234738,1.6803270564813513,6.755007919224234,-5.325583901188773,-3.6242107056295154,17.398774625484656,11.336958201451836,-0.236242,0.486354,-0.19215,0.495629,0.119769,-0.102421,0.854118
19.771713495254517,-6.744096877026548,-12.664595972798244,7.435139721159466,-5.836664220329449,3.321586327175032,1.2857963504921708,-0.0137605,0.338573,0.345925,0.1713,0.628732,0.631764,-0.419793,-0.218417,0.547301,-0.06757,0.511353,0.45867,0.677877,-0.26196,20.995335368749508,2.324312707098268,2.8972380795734,7.30281558625826,-4.9197820001569,-3.7889951016407935,17.086612976986164,11.238594317521173,-0.239586,0.498456,-0.182427,0.516711,0.13608,-0.108108,0.838334
19.840167999267578,-6.5890012012100225,-11.961574999442373,5.917296077852462,-5.409836986014484,3.022360024241923,1.4278520698989157,-0.013474,0.338484,0.346117,0.170536,0.629174,0.631366,-0.420041,-0.217797,0.551089,-0.0613596,0.505239,0.464514,0.68082,-0.255821,19.792788469279998,2.3247478654638893,2.7637660945222144,6.588751860143677,-5.337707908131925,-3.4596181639879404,16.98735954682303,10.75833619747617,-0.23771,0.505017,-0.178783,0.5024,0.153848,-0.120256,0.842296
19.908339262008667,-7.216972735719947,-6.734118762962443,7.388875967631893,-3.8975013015636706,3.4234641716674568,1.1230436931149317,-0.0134269,0.338478,0.346135,0.170949,0.629054,0.631581,-0.419729,-0.217505,0.551276,-0.0606773,0.506199,0.466135,0.680827,-0.250909,19.42865239988312,2.5897869582779176,2.419107348587275,7.05135196300607,-5.592049165975327,-3.741762162719027,17.202892540996718,10.91649165159669,-0.236909,0.505892,-0.178308,0.500917,0.149296,-0.127696,0.842904
19.97844624519348,-5.665134041573882,-11.286465948755,6.205902251888494,-6.833839485715607,2.334461212167406,1.4972054554130387,-0.0135667,0.33843,0.34585,0.171788,0.629839,0.63106,-0.418993,-0.213825,0.549964,-0.0638757,0.506122,0.466063,0.677677,-0.259576,20.054870225999803,2.4347773750829633,3.296329313476612,7.710098985583722,-6.192183367804356,-3.1912019076413642,17.325894838736847,10.878032743244525,-0.23351,0.503692,-0.18086,0.507503,0.149745,-0.122421,0.839661
20.048576593399048,-5.906017514749025,-12.83589059687621,7.808855627945916,-5.99388910275076,2.8378177482134124,1.6375118024297801,-0.0133409,0.338409,0.346269,0.171304,0.629909,0.63105,-0.4191,-0.21337,0.554144,-0.0574131,0.499802,0.472872,0.680167,-0.25291,18.754200778726094,2.567892107385669,3.247209805575867,6.905802932541226,-6.201200333452789,-3.3606645423264894,17.290267786936635,10.670020764791962,-0.233686,0.510549,-0.175556,0.506753,0.157336,-0.132477,0.837195
20.119354248046875,-6.52408134464741,-10.91904410650872,10.23873260570081,-4.65451869434798,3.3524294964741106,1.5748052254412501,-0.0132358,0.338395,0.346577,0.169793,0.630177,0.631702,-0.41833,-0.213361,0.558746,-0.0502117,0.493831,0.479891,0.682114,-0.24608,17.642548309003367,2.777330377627761,3.206793360746339,5.849856897052646,-5.587106457773103,-2.6390734999984744,16.208433671458224,9.584173265352883,-0.23471,0.518306,-0.169114,0.508641,0.162278,-0.14092,0.833721
20.18980073928833,-6.299703938601445,-9.358950905913815,10.204826237370892,-5.04765742383133,3.0492816828967557,1.5641763728624085,-0.0132423,0.338361,0.346305,0.170038,0.630087,0.631849,-0.418145,-0.212495,0.558073,-0.0510591,0.494442,0.48065,0.680785,-0.247052,17.73696251675696,2.9302690893871643,3.3655334887394392,6.376398633988066,-5.48872514733381,-2.334575459639545,15.88880985959511,9.180450569368363,-0.233874,0.517462,-0.169897,0.510287,0.163022,-0.142449,0.83231
20.258424043655396,-5.538764703667486,-9.169062524018319,10.694392225603057,-5.497518552567421,2.7535679020291677,1.4381621623392913,-0.0133126,0.338364,0.34616,0.171136,0.629742,0.631081,-0.419375,-0.212526,0.556657,-0.0531614,0.496136,0.479109,0.680818,-0.246558,17.69929098626818,2.9426821225313295,3.1216314993205447,6.848959492256023,-6.404876087810175,-3.490001736819657,17.254857511210158,10.498747910951096,-0.233536,0.515086,-0.171918,0.510731,0.159143,-0.143853,0.832547
20.335329294204712,-6.144487885128489,-7.027850653653352,12.303016243249191,-4.426332845567285,3.208673267522992,1.2838682513285438,-0.0132462,0.338374,0.346214,0.17096,0.630119,0.631173,-0.41874,-0.214081,0.556221,-0.0526495,0.497858,0.476673,0.682451,-0.243272,17.759194626007954,2.7673895105939965,2.6142584163358062,6.644983988293543,-6.125525902809986,-2.898896636575877,16.719270865850113,9.994433256537203,-0.234182,0.514973,-0.171599,0.503949,0.160801,-0.143563,0.836402
20.406487941741943,-6.454051353805232,-8.079045892174772,14.796762819819032,-5.061378633963225,3.294053156038949,1.3400397202888392,-0.0133636,0.338389,0.346167,0.171885,0.629968,0.630831,-0.419104,-0.21334,0.555847,-0.0532904,0.50066,0.47665,0.680737,-0.242368,17.81858217854583,3.0408578229575762,2.447993626862573,5.872312660476711,-6.489376141882515,-2.7440641303323545,16.739534483042927,9.675720302062025,-0.233081,0.514701,-0.172288,0.503391,0.160706,-0.143773,0.83672
20.47592782974243,-4.216729527936811,-9.069639532476604,13.416170035658926,-5.859598776064731,2.0514924856256957,1.0921001254517377,-0.0133039,0.338327,0.346358,0.172088,0.630978,0.630488,-0.418016,-0.212031,0.557857,-0.0493196,0.496287,0.480541,0.681918,-0.240348,17.183996387556384,2.8738983841763046,2.670091501553763,5.505092757369905,-6.053412802703443,-1.7934314308179466,15.626571683521643,8.83951755973131,-0.232124,0.518675,-0.16799,0.502611,0.161352,-0.148577,0.836225
20.54572820663452,-5.542007767973592,-8.184419117835876,13.12470153823785,-5.150361484652307,2.498579886519385,1.2541942746047723,-0.013033,0.338274,0.346656,0.171723,0.631466,0.630031,-0.418118,-0.211359,0.563075,-0.0401726,0.484907,0.489558,0.686021,-0.233609,15.342781433485035,2.7166033738923563,2.907123131815112,4.547603573313522,-5.644438140234522,-2.020525855614011,15.085119233953547,9.391469933038655,-0.232888,0.528053,-0.159394,0.503672,0.170419,-0.158076,0.832036
20.61554980278015,-5.628801296851622,-7.730503522116297,12.882989001253126,-4.756146009792193,2.5144962617599185,1.32229674081786,-0.0126566,0.338101,0.346856,0.170528,0.630027,0.630189,-0.420533,-0.210554,0.568165,-0.0304145,0.47451,0.497178,0.689905,-0.227343,13.603347722739297,2.858706710323669,2.965882481233832,2.0495406692979756,-7.530619230705156,-2.392836675187702,15.67766144439282,10.47729373100968,-0.234117,0.537016,-0.150252,0.507982,0.180893,-0.170389,0.824742
20.68507146835327,-5.540044128181992,-6.959123454766767,12.065007495029223,-4.834931953238672,2.2154700959882243,1.2638412674761215,-0.0126868,0.338053,0.346834,0.170033,0.630113,0.630426,-0.420249,-0.20965,0.570212,-0.0258315,0.468844,0.50333,0.690455,-0.223865,12.686723384707225,3.0423745640894886,3.2055922010623075,2.369005911391243,-7.0314292438434975,-2.136933281651892,15.072030546788366,9.95573227507279,-0.233787,0.541237,-0.14597,0.508771,0.185856,-0.177477,0.821652
20.754541873931885,-5.485729200960046,-8.129591837590576,11.291935493953858,-5.705698230215769,2.0517876801737582,1.4789812118118206,-0.0125809,0.338018,0.346811,0.168861,0.630836,0.630937,-0.418868,-0.208734,0.5715,-0.0229818,0.46282,0.507682,0.691606,-0.223021,12.158296974678585,2.918261634417383,3.6403994868569143,3.997810938005127,-6.278772156408294,-1.7653699522975046,14.62565631324149,9.772392854649077,-0.233748,0.543773,-0.143173,0.512269,0.191077,-0.180884,0.817528
20.824698209762573,-5.3769590329416825,-8.81450883088093,10.465289640356735,-5.633457267101449,1.9578807615202316,1.6533952872058364,-0.0124027,0.337965,0.346946,0.169139,0.630658,0.630356,-0.419898,-0.207176,0.574264,-0.0176806,0.457615,0.512062,0.692609,-0.220622,11.24861991589064,2.974362685724818,3.7914077287471706,1.881481894130017,-7.065295754410856,-1.7247204973958574,14.402721887410557,9.573252441153716,-0.233138,0.548806,-0.138011,0.51427,0.198237,-0.18537,0.813551
20.893391370773315,-6.878444631459263,-6.066233306121688,8.27451733512893,-4.4097257556708325,2.325301953145509,1.68293414016788,-0.0119845,0.337807,0.347396,0.165578,0.633525,0.631112,-0.415846,-0.205654,0.576302,-0.0140762,0.451845,0.516337,0.693247,-0.220545,11.226067748286347,2.660037513541525,4.272877405586822,3.9441804384251746,-5.2422355158543485,0.37793915311696935,12.236094577280138,7.743139228971003,-0.23202,0.552261,-0.134617,0.513745,0.202253,-0.189094,0.812036
20.963162183761597,-5.907565937095795,-5.132443133738937,7.949856964946069,-4.215872165932735,1.907000723566246,1.4102572383049568,-0.011818,0.337847,0.347412,0.168203,0.630926,0.631718,-0.417818,-0.204824,0.575376,-0.0165438,0.453617,0.514975,0.692055,-0.223812,11.307338535502897,2.9498690012711766,4.576801307684708,2.899642312541914,-6.549993753583248,-1.3486326602879828,13.986280481372136,9.170539128808757,-0.231206,0.550185,-0.136951,0.515507,0.200501,-0.184761,0.812351
21.033672332763672,-4.836391235260257,-7.000772292344815,8.18928769134751,-5.049739155044169,1.5291493758183146,1.415682546075677,-0.0119738,0.337785,0.347097,0.168306,0.632706,0.629055,-0.419103,-0.205272,0.573144,-0.0215141,0.45648,0.511057,0.690128,-0.232746,12.207522212198972,2.5421008634789724,4.819103147188457,3.2007649293091074,-5.236468147893479,-0.985342577178713,13.659332563675072,9.12940838118227,-0.231668,0.545776,-0.141321,0.515971,0.195803,-0.177887,0.814734
21.103321075439453,-4.11415800607677,-8.759608006575144,11.380818337054809,-5.204886893261451,1.5127629492914008,1.3441281648843406,-0.0120589,0.337802,0.347044,0.168709,0.632523,0.629202,-0.418994,-0.20616,0.571804,-0.0243831,0.461758,0.506338,0.690314,-0.232095,12.765894628000003,2.4670447608479553,4.317302021728292,2.84038963208981,-6.2453455519223375,-1.1023116810178593,14.128295834117903,9.352155996196933,-0.232226,0.543233,-0.143866,0.514401,0.193029,-0.173361,0.81736
21.17214012145996,-4.377640454782986,-8.161570722691875,12.766574672085943,-4.7282255541007565,1.7311617153530827,1.3031542670593492,-0.0119841,0.337776,0.3472,0.168103,0.63307,0.63088,-0.415878,-0.205801,0.571787,-0.0245796,0.463103,0.506336,0.689755,-0.231078,13.131244784866224,2.4983953131997274,4.413701624438204,3.7107465114518714,-5.353927717749556,0.012143352200059354,13.046582767967188,8.152982075992584,-0.231939,0.542957,-0.144209,0.514692,0.19293,-0.173678,0.817133
21.243974208831787,-5.9762807463908825,-5.382213989837059,10.614635862657742,-4.262266095853684,1.866386380856424,1.0902195793991438,-0.0121539,0.33781,0.347588,0.169464,0.633612,0.631525,-0.413514,-0.204718,0.571,-0.0253908,0.46545,0.505735,0.690151,-0.226449,13.0759792185093,2.4631918373531385,4.111762520816136,5.001318987481145,-6.113936955145757,-0.11785640775399031,13.634640006538978,8.106455070841402,-0.229916,0.541989,-0.145128,0.511944,0.190407,-0.174727,0.819225
21.321776390075684,-5.495080086314823,-3.397788875754503,10.840120830991012,-3.550414012365853,1.5842671092699183,0.6347109084694015,-0.0124402,0.337916,0.348043,0.174985,0.633465,0.630072,-0.413656,-0.203991,0.568672,-0.0296334,0.47476,0.500111,0.689281,-0.222226,13.23522938690392,2.4498181399058,3.2880969380555616,3.230795123224313,-7.773566221501781,-1.6826807172459937,15.306708281985467,10.30358422903067,-0.226975,0.538221,-0.149612,0.505982,0.1838,-0.174939,0.824376
21.392234086990356,-5.917414225821916,-3.462644575935295,8.994956584469227,-3.8730218292244563,1.7572234923607688,0.7497718449716594,-0.0127254,0.338104,0.347899,0.173219,0.635816,0.630451,-0.4102,-0.203904,0.565473,-0.0367164,0.482833,0.496016,0.685173,-0.22667,14.852524894162922,2.467943111367944,3.210255325549353,6.535974028279055,-5.993919867270376,-0.16088704569370904,14.34987198127711,7.722881016115757,-0.226051,0.531912,-0.156255,0.505606,0.175886,-0.166467,0.828079
21.4644672870636,-5.938317231578034,-3.0509500875497686,10.842450335234348,-3.4370323688831133,2.3044733388089322,0.7498088251274836,-0.0130712,0.338044,0.347444,0.175047,0.633738,0.630601,-0.412405,-0.207631,0.56042,-0.0454481,0.49203,0.484384,0.68377,-0.236088,16.489275325497694,2.255374367231566,3.1148720570985056,5.368970938084347,-5.6479113004151476,-1.1020306574985241,14.965283829101251,8.630445770734964,-0.228408,0.52297,-0.16414,0.503192,0.164296,-0.153774,0.834361
21.536561727523804,-5.722123450163703,-1.5096413828302528,9.970220505035634,-3.163617874247881,2.3303067563610744,0.6152511858611941,-0.0130501,0.338129,0.347128,0.174692,0.633303,0.631098,-0.412462,-0.210874,0.554523,-0.0543947,0.501212,0.473803,0.683004,-0.24042,18.07320966997727,2.0288645848213243,2.5627351506595453,7.896910781854277,-5.266303356113804,-1.8936992945178446,15.844997031102265,9.64844558419264,-0.229977,0.512705,-0.172385,0.497065,0.157796,-0.140683,0.841567
21.607123851776123,-4.637955923826805,-1.8088146341482152,10.7628914009773,-3.404235941507725,1.9075755869310325,0.28614335927287915,-0.0131378,0.338028,0.347298,0.177208,0.633572,0.630106,-0.412493,-0.211635,0.548449,-0.0638483,0.515338,0.461495,0.679408,-0.24465,19.873505914812228,1.9400111289239486,1.791530088041636,7.140615805810132,-5.772156152180452,-2.3229292882815713,16.589877428944963,10.161201105012275,-0.229329,0.502522,-0.179767,0.493122,0.139074,-0.129524,0.848948
21.676325798034668,-4.1677586299652605,0.19937817976373676,10.361639656752407,-2.643663097139693,1.5590559373183916,-0.05309674194262384,-0.0133735,0.338088,0.347531,0.180186,0.637444,0.628067,-0.408327,-0.212748,0.542473,-0.0713234,0.526294,0.451065,0.678222,-0.244069,21.202332978721696,1.1783538833494378,0.8548682786543598,8.95289321858852,-3.156392036430846,-1.6993598723790058,14.911080049044962,10.267796359579032,-0.227641,0.493455,-0.186679,0.483096,0.131329,-0.122346,0.856973
21.74789834022522,-3.864540067871633,-0.18069144496903894,10.324442357940194,-2.908174077234633,1.330400588509652,-0.0699943591004342,-0.0138717,0.338193,0.347291,0.182814,0.634914,0.628938,-0.409757,-0.212531,0.535045,-0.0826565,0.543452,0.436246,0.670473,-0.254588,23.82116034361908,1.6505021411963734,0.5858056474463016,6.1165966502119975,-5.018040268559972,-1.5204236466142476,15.820728281442884,9.484790136078113,-0.226244,0.48124,-0.1958,0.48294,0.117446,-0.103733,0.861519
21.816246032714844,-1.0971149021652031,-2.864227857207168,11.229703573266994,-3.776992520819026,0.4675603710162171,0.10640040581819986,-0.0139994,0.338245,0.346715,0.179245,0.633148,0.629934,-0.412527,-0.217157,0.5304,-0.088467,0.542889,0.42616,0.67081,-0.271428,25.640295469069432,0.9733001282697586,1.3110738989751258,7.167979625465199,-4.625128025124615,-1.9115733448231538,16.427061532623195,10.89759343936541,-0.232362,0.47275,-0.199319,0.486084,0.114239,-0.0857967,0.862155
21.888113021850586,-1.3985799014569633,-2.9443571033448657,10.468992753107782,-3.552381449793836,0.9887242995089941,0.4255161263146701,-0.0129469,0.338091,0.345735,0.171826,0.630424,0.630783,-0.418515,-0.22539,0.528179,-0.0889046,0.538387,0.41804,0.673972,-0.284858,26.88455237700999,0.535477762497549,1.5989418027031128,6.90467559410053,-3.5238950664808684,-1.3260660084867908,15.600184670243912,10.614941475361118,-0.243596,0.468604,-0.198358,0.490719,0.120613,-0.0725879,0.859871
21.95806574821472,0.9917596314035837,-5.23372503865591,9.66005884173406,-3.993599961053542,0.1442318068091667,0.7572374593116296,-0.0124993,0.338188,0.345105,0.16878,0.626061,0.633143,-0.422718,-0.231031,0.528521,-0.0871212,0.529765,0.415385,0.676792,-0.297921,27.24276344931548,0.1142413014113779,2.88754657757832,5.423688176222067,-2.151211078004197,-1.3635066479055595,14.931233556907085,10.39667349867084,-0.253237,0.467585,-0.196134,0.502659,0.138665,-0.0598041,0.851193
22.02954912185669,0.960484406262923,-3.7291509269204193,7.742395331999933,-3.2140619614052244,-0.13661593087469917,0.6351391238761286,-0.0117844,0.338243,0.344981,0.164592,0.624344,0.6347,-0.42457,-0.239114,0.527943,-0.0836699,0.523049,0.409209,0.68706,-0.294815,26.966486923711066,-0.7979185224463852,2.1910915890000187,7.228539347829454,-1.6946285888332575,-2.2039839534082972,15.802153288466005,12.293826186226937,-0.262104,0.466684,-0.192419,0.497059,0.148714,-0.0520456,0.853292
22.099326372146606,2.112544113816922,-2.889201785068947,5.738576428512933,-2.976955528552058,-1.0611026122335854,0.5348720394357778,-0.0114109,0.338275,0.344964,0.163857,0.621789,0.636086,-0.426525,-0.244254,0.525733,-0.08345,0.524428,0.401482,0.69,-0.296119,27.493447525309207,-1.057727386437335,1.8229306072998686,5.628922477780593,-1.2599366849338747,-1.9673215356035527,15.377507107864831,11.694203102588231,-0.267688,0.463486,-0.191302,0.492608,0.151833,-0.0438623,0.855781
22.1713285446167,2.86310294025811,-3.3564038517692456,3.9103481653733776,-3.3764229441602005,-1.6162518262468972,0.6306079456434783,-0.010999,0.338303,0.344937,0.162843,0.621852,0.636853,-0.425677,-0.248947,0.522065,-0.0852397,0.525443,0.395272,0.691171,-0.299922,28.32758085545091,-1.5764256448078224,1.779351898719817,7.1954374491774935,2.2591366571753912,-1.9423860512912086,13.637337022234986,12.65205235622713,-0.272213,0.458942,-0.190581,0.485492,0.140609,-0.0367117,0.862078
22.24023962020874,1.6215256909418134,-5.037810662805055,7.301652487173254,-3.974513080981209,-0.775143961216801,0.7305176976864549,-0.0111185,0.338379,0.344812,0.162441,0.620527,0.637827,-0.426305,-0.248337,0.519495,-0.0891111,0.528286,0.392514,0.688728,-0.304138,29.03051969917018,-1.3530937477913902,2.003940424521467,8.252822283683853,0.9454571962970206,-2.706420504394991,14.998755006755665,13.764000177909537,-0.271186,0.454594,-0.193666,0.48606,0.133729,-0.0330045,0.863002
22.32065510749817,1.1167227854270885,-3.4503895660024497,5.718808401444256,-3.407964006154482,-0.9328166171806367,0.40954383559918445,-0.011096,0.338356,0.34506,0.164913,0.621236,0.636667,-0.426056,-0.24495,0.517449,-0.0925444,0.536404,0.390179,0.683876,-0.303883,29.617313438444704,-0.9089082178789261,1.645874941265392,6.757537501435564,-0.34673966520701693,-2.1418046951856198,15.155661780632617,12.484027864316598,-0.266579,0.451469,-0.197148,0.484583,0.127199,-0.0345211,0.864759
22.39466428756714,1.8659951633972225,-5.527078154042846,8.038224445334958,-4.186244123071803,-0.9003390381733756,0.6473404350461859,-0.011205,0.338333,0.34505,0.165272,0.621929,0.636391,-0.425319,-0.244568,0.516339,-0.0941229,0.537334,0.388684,0.683195,-0.305682,29.921504459782795,-1.0833702455278054,1.6979706040001599,7.265730103594345,-0.13362939500751825,-2.2330032245376117,15.16838597572625,12.960603777969192,-0.265949,0.449874,-0.198215,0.484666,0.12497,-0.0292872,0.86523
22.46494197845459,1.3969070801633379,-5.882076262705409,10.141654525209734,-4.114380225834874,-0.49232053744885906,0.6307690918262838,-0.0112239,0.338312,0.345071,0.16487,0.622304,0.635953,-0.425582,-0.244961,0.516792,-0.0934376,0.538161,0.3887,0.683211,-0.304168,29.894935536004493,-0.9930848239105237,1.445383418400887,6.714019487207841,-0.06071863164422897,-1.838939837640325,14.75723215952238,12.272003165158743,-0.266145,0.450698,-0.197685,0.482656,0.124448,-0.029587,0.866418
22.53571844100952,1.858659593628746,-5.67295503929056,8.377202674294065,-3.830380930869066,-0.9197213802913126,0.5490257922431251,-0.0111791,0.33833,0.345183,0.164272,0.62206,0.636698,-0.425055,-0.244575,0.517703,-0.092501,0.536704,0.390008,0.684206,-0.302828,29.707812870029166,-0.9883274487492335,1.4998335491391543,7.27075745222206,-0.6156551721563162,-1.9189284124304393,15.142873849571787,12.56497715475128,-0.265917,0.452066,-0.197149,0.482726,0.126975,-0.0326347,0.865903
22.606131553649902,0.8226244352458877,-5.1595495778708225,10.05078777382795,-3.6451630683873475,-0.11789772643941154,0.618699722023935,-0.011261,0.338353,0.345096,0.164415,0.622281,0.636047,-0.425651,-0.245625,0.517142,-0.0929231,0.53632,0.389371,0.684439,-0.303799,29.71003274697949,-1.1014585092350704,1.4801842956721245,7.394588513534988,0.12179443069701268,-2.297529795158624,15.050966862999578,13.01037053054771,-0.267099,0.450911,-0.197212,0.484359,0.126041,-0.0290198,0.865256
22.67469024658203,0.987223418279846,-6.551991666407459,7.0364845780209775,-4.511783831673901,-0.7879632433396214,0.7850315101396629,-0.0112502,0.338317,0.345041,0.16512,0.622295,0.635915,-0.425554,-0.24284,0.515736,-0.0962464,0.538011,0.388874,0.68029,-0.310688,30.339337158489425,-1.0068665628085405,2.1141672889913767,7.4466820184101365,-0.4725609733089762,-2.417198985170728,15.545066643843278,13.152293830657108,-0.264711,0.448384,-0.199644,0.488834,0.12215,-0.0260318,0.86339
22.744707107543945,1.582812839213506,-5.466108391135203,5.224229712491804,-3.8065465968382655,-0.9861196721749435,0.6684408869332636,-0.0110998,0.33838,0.345207,0.163641,0.621493,0.637036,-0.42562,-0.245246,0.515208,-0.0952961,0.537944,0.387141,0.682046,-0.309114,30.44910717269932,-1.0216907630978296,1.875865649839362,8.087826606435145,-0.009720055283604978,-2.301965165069767,15.177507620135218,13.081392208250236,-0.266802,0.447889,-0.198923,0.484529,0.12455,-0.0257613,0.86548
22.81365156173706,2.2284812169770802,-6.375650400545888,10.40689595942995,-4.040851645346754,-0.5381088948286876,0.7528225196731466,-0.0114048,0.338395,0.344985,0.164345,0.621251,0.636924,-0.425871,-0.247061,0.515032,-0.0949907,0.537814,0.387017,0.682592,-0.308287,30.2945149140047,-1.0517939114641643,1.818992087076607,7.6977486559555,1.329431051495293,-2.4765212156796466,14.550057527948276,13.159823687938509,-0.268882,0.447688,-0.198527,0.484583,0.124089,-0.0231572,0.865589
22.88395071029663,1.1043881584555135,-4.774039815603316,5.847405363877001,-3.7342418855522066,-0.7944261463257678,0.5731739509734844,-0.0112503,0.338328,0.34504,0.164933,0.622225,0.635938,-0.425694,-0.24581,0.513135,-0.0974761,0.541502,0.38404,0.680435,-0.310317,30.8638084577026,-1.0792122469784273,1.6430534371026688,7.463025023563782,0.9426343876721415,-2.214301610225448,14.573099843294488,12.95806940552266,-0.267039,0.444619,-0.200626,0.484431,0.121239,-0.0241546,0.866051
22.951796054840088,0.5797730288973434,-5.645391272871642,7.905309896041262,-4.014607121989197,-0.17214471849642168,0.5808377615831689,-0.0112294,0.338326,0.345066,0.164959,0.622278,0.635936,-0.42561,-0.244939,0.511732,-0.0995374,0.543497,0.382393,0.67856,-0.312959,31.32469882736283,-1.030210759691913,1.7436257721789925,7.740429001919045,0.5387238551800504,-2.303372489036363,14.915349940578624,13.064935319658959,-0.265674,0.442618,-0.202185,0.483161,0.116261,-0.0201514,0.867544
23.02050518989563,-0.8591598589074654,-4.529922371544958,7.044308146519331,-3.4658736207991017,0.4913448476582049,0.36802480496319023,-0.0114679,0.338455,0.345246,0.165497,0.622494,0.636078,-0.424873,-0.243393,0.50987,-0.102241,0.548097,0.381617,0.676874,-0.309516,31.522429742035463,-0.6676698921797508,1.312095164427415,9.270327753220565,-0.7023713753754244,-3.117597528679191,16.36579888268814,13.656177152316442,-0.262835,0.439648,-0.204717,0.482363,0.109829,-0.0189515,0.868852
23.08876943588257,-1.736098141034334,-4.638774995223306,7.417467618128722,-3.7293536459259222,0.7318780538517636,0.3181815234137901,-0.011965,0.338468,0.345561,0.167946,0.624847,0.634599,-0.422663,-0.239922,0.507923,-0.105963,0.554017,0.379609,0.672333,-0.311336,32.19754686077539,-0.6712548511792229,1.2281763349110033,8.96361569840711,-0.7819846668452364,-2.682773495268151,16.087762101776317,13.175922405008327,-0.258135,0.436829,-0.207998,0.482024,0.102764,-0.0177077,0.869931
23.157963275909424,0.7159724254909469,-6.3172952131562425,8.339298694462853,-4.713971958098297,-0.4874431504740786,0.38158625799470997,-0.0127307,0.338569,0.345855,0.172907,0.626522,0.633547,-0.419752,-0.235126,0.505535,-0.110086,0.560123,0.378628,0.667976,-0.310983,32.49748504256593,-0.6555136113992381,1.2334204293452977,8.927220001636067,-1.2924277935639843,-2.7915806499960425,16.51489150082104,13.243718321963911,-0.251835,0.433758,-0.211869,0.480002,0.0961251,-0.0196322,0.871764
23.229471921920776,0.5244834668374472,-7.711764856899822,9.714669265029,-5.086222178648547,-0.12889773062432813,0.43599159331211984,-0.0128654,0.338608,0.345903,0.173389,0.625877,0.633907,-0.419971,-0.235806,0.508391,-0.106334,0.55726,0.383744,0.671758,-0.301568,31.221660484357084,-0.41605286553345366,0.8177274691265204,9.283780767361307,-1.6651698807313302,-3.3635224723822574,17.003211351117983,13.698377021649486,-0.252289,0.438314,-0.209384,0.478115,0.100882,-0.0269413,0.872068
23.301512956619263,-0.8869914163330039,-8.11402728747907,11.226885030826521,-4.581164159830788,0.6011541455379213,0.27289876836549265,-0.0128178,0.338568,0.346057,0.172018,0.625915,0.634488,-0.419601,-0.235409,0.514322,-0.100019,0.55274,0.392387,0.67417,-0.293268,29.944626498134124,0.004699759564985806,0.7054424660576313,8.46468146838148,-1.7524316641828808,-2.517257711344314,15.948228884213263,12.59789998133852,-0.252204,0.447408,-0.20491,0.478038,0.10663,-0.0388121,0.870978
23.373961448669434,-3.22412483981578,-4.245360815991528,6.449678779164714,-2.745873209210704,1.1210934722556334,-0.029261477280950184,-0.01267,0.338556,0.346505,0.172083,0.626772,0.634628,-0.418081,-0.235311,0.517841,-0.0955597,0.550299,0.394764,0.678808,-0.283817,29.00521387718278,-0.1888439416014258,0.05802312734168247,7.8144892395213255,-2.67330469194669,-2.1681963501166024,16.226219514353442,12.21723769780824,-0.25122,0.452943,-0.202709,0.47257,0.113237,-0.0485335,0.87264
23.44602608680725,-2.979531534620666,-5.301506444690016,7.186018002378732,-3.7142229118800185,1.1537280825056242,0.08772587559308004,-0.0130073,0.338607,0.346111,0.173293,0.62551,0.634304,-0.419958,-0.234214,0.513292,-0.101887,0.555677,0.391221,0.67282,-0.292374,30.046513954819567,0.21342148485083168,0.5300331755581134,8.137074637003103,-2.978570850903278,-3.1725420239172024,17.136840779280842,13.040698361542399,-0.250054,0.44585,-0.206563,0.47758,0.10081,-0.0363111,0.87203
23.516462802886963,-2.978604841701254,-4.594587404612929,5.915260455784352,-3.784911095927299,1.1022863401296616,-0.04594399437736755,-0.0131748,0.33863,0.346186,0.174504,0.626512,0.633748,-0.418801,-0.233195,0.505435,-0.110959,0.567026,0.379201,0.667428,-0.29871,32.077881695160954,0.09363476660433645,0.0807654770464552,9.084980907670316,-3.5983049275431327,-3.6398180821919723,18.26662317250909,13.635251439287673,-0.247351,0.43382,-0.213626,0.474407,0.0889788,-0.0259153,0.875414
23.584986686706543,-3.322703954451763,-3.577479075868994,5.572702414277129,-3.4448956461151603,1.343550299912223,-0.2388470908543338,-0.0136934,0.338704,0.346384,0.178956,0.62861,0.632999,-0.414894,-0.231698,0.496558,-0.120285,0.582693,0.366279,0.660086,-0.300989,34.14102767915206,0.02775110790541757,-0.6854680680339449,9.027112177370231,-1.8514797753403993,-3.283903989119409,17.25961560342396,13.223080873533505,-0.242488,0.421348,-0.220867,0.465566,0.0727695,-0.0159522,0.881872
23.65312123298645,-2.4984900120131983,-3.125647891795787,5.221356488068195,-3.244645720979826,1.1291157918633714,-0.2971799199449939,-0.014217,0.33865,0.346642,0.181175,0.630623,0.632035,-0.412337,-0.228331,0.489747,-0.128164,0.594919,0.355417,0.653432,-0.304593,36.018713153111676,0.01376772940001092,-1.301109204860369,8.886385254229975,-3.0613168075861594,-3.161028970152792,18.05952547610924,13.121633112538747,-0.237122,0.411356,-0.226797,0.464818,0.0609227,-0.00610582,0.883287
23.72283172607422,-0.9935140900179474,-2.5828536907831143,6.797106530130585,-3.1585566966371195,0.9559315435790925,-0.2192412935290035,-0.0143805,0.338702,0.346842,0.185463,0.631801,0.630287,-0.411302,-0.224372,0.481422,-0.1371,0.610212,0.342702,0.641912,-0.313281,38.371880609145684,0.29122131303950516,-1.558540800545007,5.84476862441772,-2.8430162864653195,-2.1848933001024733,16.977233881460933,11.690814505498555,-0.23114,0.399708,-0.232921,0.463628,0.0450155,0.0092185,0.884838
23.793733835220337,0.15009076930972814,-1.90673014654028,7.569532621750335,-3.1313778024675196,0.6967773493820375,-0.14901789938706314,-0.0145297,0.338639,0.346999,0.184165,0.634509,0.630454,-0.407441,-0.21968,0.474274,-0.14503,0.616552,0.335894,0.632323,-0.327424,40.837428309045094,0.041175882514473905,-0.8396958582373806,9.135913389706943,-2.436231126275585,-2.158098229546951,17.365731970570693,12.401616229367775,-0.226568,0.388987,-0.237763,0.46986,0.0316141,0.0238027,0.881854
23.865752696990967,-0.6436925109262862,-1.3529093916766142,8.151834736997042,-3.250904091299236,0.976539575168714,-0.2748877926927619,-0.0147834,0.338655,0.346815,0.187222,0.634707,0.628831,-0.408248,-0.216853,0.465754,-0.152798,0.626024,0.325972,0.622413,-0.338288,42.73218258649738,0.17775230345470505,-0.6369603116252929,7.811368820525592,-2.434432751880106,-2.400395567300137,17.589966333095273,12.368784206898516,-0.222866,0.377144,-0.242138,0.469554,0.0170926,0.0398425,0.881839
23.93696355819702,-1.6206996471051518,-0.19811065004781783,6.3275745829714936,-2.7972365874930127,1.1342527537057807,-0.36654118785514017,-0.0148799,0.338714,0.346712,0.187963,0.634933,0.628568,-0.40796,-0.216769,0.458932,-0.157658,0.631454,0.315562,0.619181,-0.343949,44.1762215402271,-0.13382468555022697,-0.9317224284807324,8.170671878165722,-2.9169238804867366,-2.833965895126923,18.378802213765447,13.124305192759238,-0.222511,0.367398,-0.244607,0.473312,0.01178,0.0523562,0.879259
24.006722450256348,-0.9010153061074784,0.3331368173702013,4.85741003018445,-2.6803847862619694,0.8230951259540222,-0.17611443582011524,-0.0149536,0.338783,0.346497,0.186674,0.633704,0.62975,-0.40864,-0.218961,0.45238,-0.16144,0.632991,0.304348,0.614525,-0.359239,46.250343193650835,-0.7511898520211973,-0.2314416474258607,7.515663945248236,-2.262679426676165,-2.111347009098658,17.78201706779855,12.818970947577506,-0.225831,0.358736,-0.245297,0.472014,0.00855115,0.0686188,0.878875
24.07566547393799,0.2904042844009138,-0.20511419624507968,5.281645964043248,-2.9808936080440898,0.7529936891684498,0.0926661064699676,-0.0148386,0.338728,0.345822,0.18236,0.63202,0.629943,-0.412877,-0.222012,0.445278,-0.165667,0.632318,0.298243,0.606837,-0.37812,48.1797409224553,-0.7478821240077924,1.017511939703983,8.800615851087509,-1.0392493791241755,-2.7486031610818458,17.662356011791022,13.320854132863904,-0.231247,0.348286,-0.245928,0.482054,0.00480648,0.0846461,0.87203
24.146260976791382,-0.3044394416528985,0.19119829337736718,4.576695113660806,-2.6375428587491427,1.1126867121850703,-0.041377952157306976,-0.0147227,0.338792,0.345597,0.18176,0.631198,0.629497,-0.415072,-0.224134,0.438858,-0.168918,0.637148,0.288439,0.602752,-0.384102,49.55068990270822,-0.6962979476205775,0.7782922265044956,8.016185280195584,-0.8728386843489186,-2.854495537644098,17.688686805639268,13.278802078277927,-0.232873,0.339678,-0.246745,0.478326,-0.00099061,0.0945884,0.873073
24.217499256134033,0.3556937891374181,0.8287422119044782,3.297782006420815,-2.3702277501538576,1.0675495882561197,-0.04957169114026273,-0.0147757,0.338833,0.345303,0.180458,0.629544,0.629827,-0.417646,-0.224962,0.431281,-0.173147,0.643227,0.277675,0.596081,-0.392228,51.34741254811158,-0.4187044541700049,0.8005912314677222,7.208672249223831,-2.1111222615398884,-2.978918173088587,18.534678308246875,13.236917254759721,-0.233642,0.329643,-0.247918,0.48082,-0.0108146,0.10691,0.87021
24.28905749320984,2.415197665545757,-1.1843525488242121,3.9462227936993024,-3.141846282185482,0.6666002352641949,0.284083830597674,-0.0148301,0.338841,0.345175,0.179414,0.629696,0.630366,-0.417052,-0.224673,0.425448,-0.176476,0.646763,0.272328,0.590511,-0.398538,52.67958053903537,-0.38518607198497157,1.0494397717924926,8.91855141050236,-1.3117089018608326,-3.554260236150647,18.244752146218758,14.091636256362003,-0.232848,0.32157,-0.24905,0.481405,-0.0149222,0.1126,0.869108
24.361234426498413,2.1742227714890476,-0.6511642509056824,3.219875309132626,-2.6282289445540505,0.9784338452873341,0.10166363252573278,-0.0148449,0.33889,0.345286,0.181254,0.62966,0.629945,-0.416946,-0.224517,0.420642,-0.178888,0.653297,0.26263,0.584325,-0.403476,54.11252948766688,-0.40871030706945155,0.8543479771375626,5.718129290181794,-0.592321660695843,-1.9702792888042282,16.99230665030491,12.038427935761684,-0.231724,0.315973,-0.24979,0.47666,-0.0243775,0.12182,0.870265
24.42956566810608,3.051195393168323,-0.912374094570749,2.69062849631171,-2.677292140138693,0.804978067660302,0.21055030116881115,-0.0148838,0.338927,0.345387,0.179608,0.630109,0.630684,-0.415861,-0.22288,0.413776,-0.182558,0.658209,0.253918,0.576344,-0.412449,56.12089976051954,-0.4488174662665956,1.1186696562782679,6.588460604968213,-1.0093977680034794,-1.863592887101582,16.900706239663904,12.200823720455016,-0.229481,0.308128,-0.250835,0.472124,-0.0372833,0.133285,0.8706
24.500574827194214,3.8482785437770657,-1.1124875866653998,1.7874852933717995,-2.751930326877192,0.683135361957024,0.2844277072854862,-0.0147705,0.33885,0.345598,0.181934,0.631612,0.628073,-0.416521,-0.220555,0.40663,-0.18663,0.662268,0.249156,0.57193,-0.414993,56.71215024290405,-0.41644927035197377,0.7886107771160518,8.079051857227157,-1.0429412034130419,-4.081512924107166,18.52136640262327,14.670404751864515,-0.226304,0.298187,-0.251622,0.474046,-0.0471299,0.144232,0.867327
24.57152009010315,4.9328694361273016,-1.0139721310820786,1.1382816212304385,-2.7569768867660827,0.4798312526346273,0.2047710393775514,-0.015088,0.338824,0.345955,0.183972,0.632992,0.628205,-0.41332,-0.216751,0.397428,-0.191166,0.673215,0.235788,0.561466,-0.419453,59.033880867463274,-0.3347665695121904,0.3197916366494251,7.094807909146944,-1.104645455469166,-3.1268906384934354,17.707293873914875,13.603279517425658,-0.220142,0.287522,-0.253513,0.465857,-0.0595346,0.151065,0.869835
24.63979935646057,5.280586609959282,-1.285707706320833,1.9510422467045567,-2.894090296655895,0.4564937537174277,-0.03760869233247644,-0.0156073,0.338883,0.346144,0.186294,0.634322,0.627335,-0.411559,-0.2148,0.39212,-0.193668,0.680842,0.228511,0.557622,-0.416288,59.8432742234432,-0.08821239295410699,-0.5717525596877469,7.018210078273509,-1.1529236745038496,-3.2255076251713533,17.67390588510196,13.535911710656812,-0.215915,0.281085,-0.254672,0.458379,-0.0681649,0.153224,0.872791
24.713313817977905,6.182483104115106,-1.4258101688005012,0.7986104934605537,-2.61574519264323,0.41269829752667797,-0.09364206013330013,-0.0157245,0.33895,0.346457,0.188037,0.634077,0.628195,-0.40983,-0.215906,0.385293,-0.195303,0.691193,0.212913,0.558593,-0.406072,60.845484416954626,0.16592199319415668,-2.6128184233375222,5.94156316218702,-2.154776092445436,-3.236354393101969,18.07994189416309,13.10522791785113,-0.212627,0.273472,-0.255111,0.440717,-0.0737934,0.158564,0.880443
24.783979415893555,6.859606627366863,-2.0783549524145966,2.0443014731830425,-3.0496307697907743,0.41635511807492565,0.014512004828078226,-0.0158825,0.338991,0.346343,0.188343,0.634255,0.627646,-0.410254,-0.216724,0.381633,-0.196393,0.692886,0.207903,0.557224,-0.407662,61.384981021585766,0.08953591455907195,-2.8870433975120005,6.0571300820181495,-1.9143205921083482,-3.573537508781662,18.26249026307335,13.499364408814525,-0.212464,0.26912,-0.254695,0.438155,-0.0803262,0.162559,0.880422
24.854776859283447,6.731549828225388,-1.2028815973850844,0.5155989014099083,-2.504653380334273,0.1703989939259856,0.20089746738511136,-0.0158193,0.338967,0.346323,0.187738,0.634112,0.627534,-0.410924,-0.217793,0.379889,-0.196447,0.692375,0.205092,0.555555,-0.412205,61.91777788082371,-0.09287146570097482,-2.679897752221363,5.66468688197809,-1.4401503191282963,-3.154895104449963,17.78306628211016,13.302244942858094,-0.214337,0.266883,-0.25386,0.439707,-0.0782011,0.168034,0.87881
24.924249172210693,7.011472955431148,-1.3682817208544118,0.5756962724469062,-2.7124499203986066,-0.23972118734430137,0.4977115861140326,-0.0157496,0.338929,0.346097,0.186487,0.634035,0.627982,-0.410927,-0.218416,0.380526,-0.196247,0.686583,0.208633,0.551817,-0.42494,62.40825420120203,-0.7101585487048236,-1.1643982029695614,5.981389530178514,0.572821516952521,-2.559978430921909,16.562400384668564,13.256651020056918,-0.218279,0.26732,-0.252731,0.451118,-0.0760506,0.174016,0.872025
24.993339776992798,5.361400156602471,-0.7369091164458913,2.481639342165165,-2.801089825869861,-0.01333880630351159,0.4416354174549293,-0.0157785,0.338921,0.345623,0.183782,0.632535,0.629279,-0.41247,-0.221315,0.381885,-0.195142,0.681741,0.212013,0.554749,-0.427239,62.07479793151317,-0.846522154884259,-0.6024591048788537,7.766251882081068,0.6748735900769987,-3.333408382186178,17.150996005666272,13.580570204428374,-0.222673,0.26855,-0.251766,0.455716,-0.0708875,0.175846,0.869699
25.0645170211792,6.092425870407014,-0.7065417099064516,2.3283855845322976,-2.718202481944905,-0.34527952463717604,0.7530435565658488,-0.015047,0.338889,0.34538,0.181359,0.630492,0.630338,-0.415045,-0.225156,0.383964,-0.193202,0.676951,0.211883,0.559141,-0.429189,61.80681708676062,-1.1081632713902636,-0.35611810191561055,7.028727961054863,0.29511863329971977,-3.1995448454345734,17.324624306805863,13.948506005876744,-0.228001,0.271037,-0.250244,0.457994,-0.0629737,0.177858,0.868701
25.13666033744812,4.729949347138123,-0.4290973452875279,2.7576144139953316,-2.7829657814183597,-0.12604824012957622,0.6268333337746609,-0.0148651,0.338722,0.345094,0.179684,0.629285,0.629927,-0.418216,-0.227668,0.384916,-0.192087,0.674171,0.213715,0.5599,-0.431662,61.549160572372536,-0.9703720891241658,0.007167336671487945,6.545827284227226,0.38125578948989514,-3.0512680257815603,17.176502157556204,13.833802905378608,-0.231865,0.27215,-0.249122,0.462952,-0.0605246,0.177568,0.866304
25.208722829818726,4.811662943136704,0.26466718088269553,2.9284354237388657,-2.4849035930337995,-0.34369947932870243,0.6909693764724786,-0.014617,0.338689,0.345018,0.180346,0.628076,0.629805,-0.41993,-0.229047,0.386121,-0.191115,0.672749,0.212353,0.561832,-0.432042,61.31969260547474,-1.1245392607214184,-0.016028600722815867,4.322381924091785,-0.23191408816172654,-2.209983541653429,17.195723560812645,12.925721790683719,-0.233533,0.273768,-0.248552,0.460459,-0.0563091,0.178998,0.867621
25.27836275100708,4.363181246345628,0.5621071029935836,2.766737826792042,-2.4785465662825317,-0.5348695864074885,0.7219053687960142,-0.0145255,0.338633,0.344965,0.180233,0.628135,0.629726,-0.420009,-0.230843,0.386379,-0.190313,0.670076,0.212993,0.565794,-0.430708,60.8837130748559,-1.4351564180304985,-0.1876381519813517,5.5636327618613635,0.2865283319853509,-3.0113165120801284,17.48820935015096,14.065989320645668,-0.235847,0.274064,-0.247596,0.461732,-0.0542901,0.181584,0.866535
25.353943347930908,4.7025836211319385,0.413320104542134,4.415055379079963,-2.8727089255772014,-0.7541839969216401,0.9278244473047051,-0.0140945,0.338655,0.344926,0.177692,0.62831,0.630678,-0.419401,-0.233325,0.387389,-0.189054,0.667625,0.21225,0.566402,-0.434068,61.27367835955348,-1.7398340857513153,0.05266954763339449,5.83194507988041,1.8649174505198376,-2.4433578777009046,16.28506086928535,13.721890322427756,-0.238654,0.275252,-0.246547,0.459012,-0.0480953,0.180578,0.868554
25.427796363830566,4.943076465028497,0.2292139868633637,5.893158730936031,-3.0319138980228484,-0.9483351523461454,1.0698015413859596,-0.0140728,0.338664,0.344678,0.177494,0.626387,0.632878,-0.419047,-0.236437,0.389358,-0.187209,0.66395,0.213978,0.57155,-0.432105,60.685935121399055,-2.0877803153975654,0.22876085022845594,6.472584799129778,2.889793635741402,-2.5996482105031333,15.94968686942284,13.794453382853275,-0.242359,0.277618,-0.245596,0.459363,-0.0413383,0.180479,0.868737
25.501121520996094,4.364875815030223,0.33531545014434466,4.980289476763248,-2.683674337141681,-0.9934321393515445,1.0443789015637501,-0.0134363,0.338419,0.34462,0.174746,0.626709,0.631908,-0.421179,-0.240537,0.392012,-0.184543,0.65981,0.213726,0.576651,-0.431793,60.333968378640485,-2.310153619309621,-0.103129190587115,5.764150305094006,3.250124071116982,-2.1656512641789476,15.465793268479961,13.704899587778275,-0.247382,0.280582,-0.243516,0.458806,-0.033892,0.18096,0.869253
25.57398796081543,5.093686795053067,-0.04028524231270108,6.346722073366207,-3.052153031779716,-1.1659129418943797,1.271589074803674,-0.0130876,0.338399,0.343998,0.173708,0.622902,0.633341,-0.425086,-0.246504,0.393352,-0.181961,0.655065,0.212405,0.582029,-0.432454,59.802976105909146,-2.5276268740033325,0.11016987689453828,4.075513534071546,3.520212847729784,-1.8063920723038933,15.407949465789393,13.054480461941887,-0.254971,0.282094,-0.240975,0.461454,-0.0279085,0.180525,0.868155
25.645596265792847,4.255568855341646,-0.3824813317641273,5.721169800040733,-2.999550211957735,-0.8860145978396435,1.1414322295328685,-0.0127661,0.338368,0.343715,0.168854,0.623361,0.633379,-0.426311,-0.249181,0.39402,-0.180668,0.652399,0.212881,0.582757,-0.435261,60.11994878503955,-2.4601957679617668,0.23615816491554042,5.791673998879841,3.888642863267568,-1.9132162442676375,14.942777376652932,13.536688901687707,-0.25825,0.28291,-0.239807,0.462577,-0.0245412,0.18293,0.867155
25.718510627746582,3.318952032364863,0.2166059583530632,5.241939738128158,-2.666807773123414,-0.6383396231710888,0.8633919555920359,-0.0128642,0.338469,0.343626,0.169027,0.623276,0.63393,-0.425546,-0.24931,0.393305,-0.180891,0.653389,0.212864,0.582308,-0.434384,60.19183538917383,-2.39683176582321,0.22230986601204172,6.529028334807555,4.6399654006577995,-2.0429402243164674,14.565806983701831,13.327217944479136,-0.258449,0.281852,-0.240026,0.46499,-0.0241559,0.180208,0.866444
25.78907799720764,3.138326487804531,-0.11949988446601112,7.520610435546977,-3.331648119688247,-0.44905234809456285,0.865676260042552,-0.0130267,0.338572,0.343475,0.170743,0.621761,0.633981,-0.427,-0.246245,0.392038,-0.182666,0.655042,0.214438,0.577776,-0.437163,60.2393690539361,-2.0273196843951764,0.8460372855234723,5.748025428031917,3.1240247325066086,-2.050684505996017,15.414783286046186,13.4964074213012,-0.255205,0.280582,-0.241101,0.463793,-0.0310984,0.183278,0.86622
25.858757257461548,3.5359591286130287,-0.04344411696244048,12.802623587752612,-4.26143321576606,-0.21842882315442033,0.8681775696221046,-0.0133467,0.338608,0.34315,0.173458,0.620389,0.633698,-0.428319,-0.244142,0.391634,-0.18394,0.656483,0.215826,0.575574,-0.437223,59.95177852980191,-1.7609666105332795,1.1442036179167197,4.30474388909151,1.96484083066367,-1.8749436891219347,16.151036779875135,12.869735775567927,-0.252874,0.280128,-0.242611,0.466617,-0.0327587,0.181801,0.864953
25.93099021911621,2.6611218552037545,1.0251140742473992,14.79689430653057,-4.012938616561532,0.25076946071466205,0.5062565222248596,-0.0137962,0.338788,0.342956,0.171341,0.621105,0.634376,-0.427128,-0.244947,0.393829,-0.183101,0.655987,0.218964,0.577274,-0.434156,59.74539330303738,-1.5750384558610417,1.027521732128685,6.040553979035085,2.4008803619066263,-1.9962061800736137,15.599165058911742,13.264093470069733,-0.253396,0.282918,-0.242905,0.463818,-0.0308657,0.178747,0.867162
26.00238847732544,4.6943304178219245,0.9715649071034292,16.299820929235324,-4.3211361738884655,-0.3314797082144197,0.9199643070426519,-0.0139693,0.338814,0.342505,0.17277,0.619632,0.634131,-0.429051,-0.247263,0.394927,-0.182024,0.653598,0.219341,0.580248,-0.433603,59.14293549984197,-1.7492555966221992,1.0611430323343303,4.62197666686392,2.629783831649708,-1.6473778624823368,15.513854548909837,12.57318536151003,-0.256288,0.284184,-0.242183,0.46661,-0.0269808,0.180605,0.865407
26.072208404541016,5.2999181912603825,-0.5786609228986007,13.880573698365565,-4.147122788067347,-0.4829089233291126,0.9980894785647881,-0.0141232,0.338861,0.341751,0.172043,0.618318,0.634464,-0.430744,-0.251142,0.395245,-0.180663,0.651796,0.217496,0.583526,-0.432845,58.943057630752755,-1.875328393444306,0.8781636122545713,4.0507977090144465,3.1407118175496027,-1.1222710779942844,14.953654813851395,11.991194275764498,-0.260554,0.284505,-0.2412,0.465711,-0.0211389,0.17883,0.866421
26.14061737060547,4.171115129570064,-1.0121869909946177,14.22508873578063,-4.288160141863917,0.11423785300832029,0.6737944677373626,-0.0140637,0.338825,0.341435,0.170631,0.618346,0.634353,-0.431427,-0.252134,0.395008,-0.180516,0.649814,0.218281,0.585157,-0.433227,58.808949999269046,-1.9385485987316489,0.8927114631072097,5.56954574859054,2.96571739962278,-1.9172176907330183,15.404335733280924,13.09428592343233,-0.261596,0.284296,-0.241118,0.464509,-0.0233249,0.1802,0.866727
26.21208643913269,2.6994862781349926,-2.2520912506173545,12.305048516485162,-4.305877379397485,0.6942687207884178,0.21781255092896112,-0.0143255,0.338959,0.341527,0.173879,0.618773,0.633162,-0.431268,-0.247623,0.391866,-0.183333,0.657588,0.216773,0.579429,-0.429942,59.09907580513931,-1.2063306894343284,0.5296791735478088,4.66450631392526,1.8618853057055462,-1.6849646476477105,15.744068399987324,12.307453539146978,-0.255171,0.280833,-0.243653,0.459758,-0.0314203,0.177078,0.869643
26.28389263153076,2.9266200785205174,-2.5787909705953966,14.124546212037265,-4.950340620071423,0.656851653525879,0.2611445631581755,-0.0151459,0.339125,0.341613,0.177837,0.619346,0.632563,-0.429707,-0.241255,0.388345,-0.187135,0.663565,0.215756,0.571969,-0.431257,59.63176588694885,-0.8866658182669152,0.7440814052516895,4.2404463466915985,0.09301135947243555,-1.6841969802650425,16.661795941654905,12.140810382026327,-0.247569,0.276913,-0.246749,0.460003,-0.0402448,0.175007,0.869569
26.369982481002808,6.3111573337570706,-1.5895605468214358,15.409167106729749,-4.964227584370686,-0.3671397414277708,0.9088221744594009,-0.0149744,0.33904,0.342267,0.180164,0.621926,0.631247,-0.426938,-0.238128,0.38665,-0.188498,0.664113,0.215084,0.570437,-0.432775,59.83255993940367,-1.3455185775231018,0.6336341391604616,5.123432194092468,0.7305416194595384,-2.3141417289769564,16.83402163219118,13.183851012055715,-0.244001,0.275109,-0.247424,0.45836,-0.0442535,0.176873,0.869864
26.441667318344116,6.839531950239567,-0.47489643717371866,15.293746873163943,-4.521462173802155,-0.6545371941612224,0.9803819365563196,-0.0149273,0.338965,0.342354,0.180846,0.621691,0.631529,-0.426574,-0.240703,0.38619,-0.187602,0.663288,0.213796,0.574204,-0.429687,59.51069891652281,-1.5932357482807114,0.22919993993100007,5.639788198936056,2.1082856306399353,-2.832515094393905,16.51631736872063,13.884846533440136,-0.246679,0.274621,-0.246269,0.459614,-0.041371,0.181752,0.868337
26.514413356781006,7.835295330115774,-0.8068140466878325,14.636767309950418,-4.4677601645143055,-1.1439595978493335,1.3060166688454904,-0.0144157,0.338789,0.342286,0.178671,0.621792,0.631831,-0.426898,-0.243934,0.387495,-0.185784,0.657663,0.21308,0.57983,-0.431129,59.285111233738455,-2.25469353506364,0.1555682312021709,6.603124600037597,2.3337759463041614,-3.361364921752397,16.969362360581464,14.974123907794997,-0.250463,0.275635,-0.244652,0.458962,-0.0342672,0.182582,0.868818
26.584022998809814,6.575292587880635,-0.38618890272764156,13.156190616484393,-3.9938162170152043,-0.9236727240000872,1.051845342161392,-0.0143845,0.338764,0.342148,0.176668,0.621655,0.631792,-0.427986,-0.246351,0.38847,-0.184425,0.657203,0.212691,0.581279,-0.430072,59.27677583920906,-2.1020161356986744,-0.05215248487157531,6.43907213649427,2.677118049108122,-2.839916271019284,16.248576789684975,14.30931544544975,-0.253368,0.276889,-0.243784,0.458947,-0.0307758,0.180232,0.869447
26.653303861618042,7.877259310518171,-1.0850162642320251,15.704557612018455,-4.7772406959151406,-1.3908957504257295,1.4898903027433599,-0.0142476,0.338772,0.342191,0.177704,0.620984,0.632472,-0.427527,-0.247372,0.389487,-0.183755,0.654409,0.213988,0.585178,-0.428398,58.71068066894593,-2.471167681587737,-0.04107519863914,6.90030858830879,3.1022108370495456,-3.6466529923894697,16.826727395836908,15.323820723110746,-0.253999,0.278342,-0.243416,0.455008,-0.0295334,0.181132,0.871371
26.726287126541138,5.132119285332892,-1.5111492658949937,12.563464745475079,-4.265712505609167,-0.6471152422155452,0.9809417373418201,-0.0140051,0.338807,0.342633,0.176286,0.621509,0.632559,-0.427223,-0.246424,0.392564,-0.182882,0.653001,0.217427,0.583536,-0.431046,58.75434370339588,-2.3972667931256666,0.4420385105471052,6.1416859314195715,3.2457802366575956,-2.9120806197023725,16.162211454400875,14.40178410271267,-0.254416,0.281672,-0.242538,0.462992,-0.0312511,0.182755,0.866754
26.798574209213257,4.307279900005707,-1.2815256169763574,14.959512420438045,-4.550929752110173,0.010663496815588461,0.7392293636475353,-0.0143977,0.338927,0.342092,0.174867,0.61911,0.634123,-0.428967,-0.248826,0.393446,-0.182132,0.653752,0.218417,0.582552,-0.430739,58.76700476456175,-1.8999761257505858,0.7691245054206544,5.264349014653143,3.673252452092293,-2.143032519099961,15.273336707097412,13.214209774087657,-0.256821,0.28263,-0.242488,0.4616,-0.0289987,0.176942,0.868778
26.86959671974182,5.849343536977391,-0.8984122090103464,11.419497792579628,-3.876715567425825,-0.972405470540388,1.0945581690284112,-0.0136709,0.338768,0.342404,0.173914,0.619914,0.633868,-0.428569,-0.249234,0.393561,-0.181318,0.653166,0.21595,0.583808,-0.43117,59.007661676533125,-2.1495698277705824,0.4887121916207082,4.915608342789051,3.6544397693912174,-1.739319435433778,15.027166343003787,12.878286866490228,-0.257657,0.282719,-0.24138,0.460809,-0.0270715,0.181162,0.868391
26.942972660064697,3.7180476606627164,-0.9536692965532297,12.332505110841355,-4.293905744772543,-0.14668669689182015,0.6669370929648918,-0.0142375,0.338925,0.342163,0.17386,0.619666,0.633441,-0.42958,-0.248634,0.392067,-0.182683,0.654537,0.215296,0.581448,-0.432606,59.236978921309564,-1.9190444779040587,0.5908070251285462,5.02828097551979,2.7449097675931107,-2.1050671948635014,15.761904100689625,13.17731519196964,-0.256862,0.280686,-0.2422,0.462047,-0.0297846,0.180414,0.8678
27.01786971092224,2.174925188019171,-1.5771451949443738,8.803116135499046,-3.937947127772634,0.09690460454730457,0.3558774793992446,-0.0139033,0.33888,0.342773,0.17309,0.620857,0.633948,-0.427418,-0.245279,0.390863,-0.1839,0.658643,0.213938,0.577873,-0.431836,59.91512622565032,-1.6215364402807044,0.42943102539249267,5.65326793687196,1.911185331940156,-2.033240091152045,15.93891599132487,13.212982562134526,-0.252814,0.279304,-0.242946,0.460919,-0.0347897,0.180883,0.868115
27.08991289138794,0.9365985346126859,-0.813380644541191,9.305428222443453,-3.96060168145876,0.6008823980588275,0.03402260083440077,-0.0143069,0.33906,0.342796,0.177579,0.620347,0.633279,-0.427308,-0.24169,0.388934,-0.18593,0.662821,0.213871,0.574035,-0.430594,59.81670898894153,-1.3371137017609331,0.48255011468364195,4.306010681090299,1.3181893334889674,-1.8216920605056828,16.256212071837403,12.566344261822163,-0.247641,0.277282,-0.245023,0.457083,-0.0405952,0.176775,0.870734
27.163320064544678,1.7032057142481059,-0.992005265658568,11.835398703231686,-4.709919811831678,0.588617183380275,0.17151388353128685,-0.0150436,0.339141,0.34242,0.178944,0.62129,0.632311,-0.426804,-0.239176,0.388409,-0.187669,0.663268,0.216912,0.572564,-0.430343,59.56101893274953,-1.2303417859494752,0.614416931038404,5.640681700195869,0.6440190422716734,-2.72148931814602,17.092750552580927,13.585816874134107,-0.245532,0.276768,-0.246768,0.46573,-0.0443463,0.175987,0.866116
27.236289024353027,0.4729362723008421,-0.8554504105944237,7.869191367501239,-3.696986069630843,0.750853249400075,-0.035354894267050296,-0.0147298,0.339066,0.3426,0.177045,0.62138,0.632162,-0.427684,-0.24197,0.393853,-0.184466,0.656377,0.223639,0.580327,-0.427054,58.2781025189889,-1.4846461966607787,0.6107573582900532,6.847243911276497,0.9797304157375581,-3.4717025514528004,17.51218283785406,14.601182297184923,-0.248419,0.28324,-0.245305,0.460045,-0.0361862,0.170935,0.870535
27.309693098068237,1.5156823910075619,-0.43294977948096186,11.345019640782338,-4.053662002804516,0.8349635901704053,0.1373664218159684,-0.0147864,0.339159,0.341985,0.174669,0.619257,0.63417,-0.428766,-0.246444,0.39964,-0.180845,0.650596,0.22986,0.586239,-0.424515,57.27393522161624,-1.4852347850065615,1.0061320354083403,6.916687958129893,2.2359080300978498,-2.866722207636066,16.326917424275496,13.963720912950178,-0.254422,0.290467,-0.243946,0.464764,-0.0272566,0.163155,0.869846
27.38165283203125,1.2659260487625976,-1.145084822437394,10.736646755527904,-4.176047561857744,0.7538766417052247,0.17713709329728863,-0.0146322,0.339225,0.341785,0.173569,0.617061,0.636222,-0.429338,-0.248231,0.407107,-0.177035,0.644795,0.238371,0.592467,-0.420003,55.89362385748384,-1.407004956055488,1.4388457115663424,6.295816949000887,2.0791799692398554,-2.291722045831712,16.06617277800053,13.077595398802972,-0.257545,0.299703,-0.242989,0.466715,-0.0157909,0.150944,0.871288
27.45256519317627,0.07293065782820611,-0.6306965718612034,10.865272876278409,-3.87388760115303,1.1503656803333397,-0.05195194862107318,-0.0146384,0.339236,0.341799,0.173753,0.616855,0.636233,-0.429544,-0.248304,0.413768,-0.173922,0.641984,0.243376,0.599541,-0.411308,54.5502658525742,-1.3320627820242048,0.9110630294938886,4.783874610239499,0.11575486471253793,-1.6511928405464786,16.70869872346565,12.249881745935939,-0.258334,0.307726,-0.243037,0.473407,-0.00576624,0.133983,0.870575
27.527589797973633,0.206322543655993,-1.0495563295837445,12.556101026541242,-4.053360961116952,1.30977514711397,-0.011212942032235818,-0.0147989,0.339254,0.341694,0.175232,0.616963,0.63539,-0.430035,-0.246322,0.421248,-0.171309,0.637325,0.258122,0.604041,-0.402896,52.365384489002075,-0.8345554106402777,1.1570661851842274,5.673753428725027,0.05486389039775741,-2.570120618747893,17.155060737007602,12.85981043732368,-0.256733,0.317358,-0.243174,0.474057,0.00018261,0.125726,0.871472
27.5995671749115,-0.32084415251552184,-2.9673820445838475,14.185354751551968,-4.777011123999088,1.8063484161911354,0.032613548299222195,-0.0149992,0.339201,0.34164,0.176316,0.617379,0.634604,-0.430155,-0.243224,0.425613,-0.170462,0.635298,0.266823,0.603001,-0.401985,51.49442288530333,-0.4993220666831131,1.7038176404351066,5.114358329078571,-0.3583828481984126,-2.2950317727283505,17.056674034785004,12.38014266511117,-0.25462,0.323187,-0.243802,0.479694,-0.00059395,0.12009,0.869179
27.673804759979248,-1.036999578226946,-4.259110670192683,15.69827704781668,-5.124883299851442,2.198920089245378,-0.1733016504751138,-0.0153761,0.33929,0.341795,0.179191,0.618021,0.634032,-0.428888,-0.240526,0.428036,-0.17025,0.636079,0.270914,0.604318,-0.39599,50.662126209235076,-0.35511569478341753,1.4511586526349731,4.67455915670276,-1.132094934313196,-2.4993714411537127,17.643822576186796,12.643847486049335,-0.250891,0.326347,-0.244986,0.478771,-0.00248948,0.11178,0.870791
27.74678659439087,-1.5290458825540825,-4.196398294903236,14.744320112045779,-4.999915789352755,2.3219405608723824,-0.35678470615391106,-0.0156826,0.339427,0.341893,0.178853,0.620497,0.633434,-0.426329,-0.239295,0.428098,-0.170706,0.638764,0.272388,0.603943,-0.3912,50.65989467725576,-0.16367811156178913,0.9131879329608346,6.723252873640324,-0.2434800723366628,-2.614686501302721,16.96287240834097,12.548172227555577,-0.248237,0.32685,-0.246227,0.47311,-0.00335831,0.108431,0.874299
27.821407318115234,-1.7019427328936718,-5.49984616869663,12.178435574967066,-4.711545897155566,2.646511327013571,-0.5226038657907256,-0.0156903,0.339536,0.342252,0.17945,0.620935,0.633115,-0.425915,-0.237594,0.427517,-0.171589,0.641087,0.271355,0.602388,-0.390516,50.85840347875845,-0.027884308561133553,0.7510310916357454,6.376031609284111,-1.0643002179059238,-2.7125217657913225,17.4849744494029,12.584256488631194,-0.245956,0.325843,-0.246984,0.473157,-0.00772754,0.107411,0.874371
27.893582582473755,-2.7802134804806276,-5.107030541535646,7.547582725434411,-4.168250520988916,2.853369743751211,-0.755902550699666,-0.0160042,0.339537,0.342613,0.181493,0.622385,0.632596,-0.423697,-0.234645,0.423946,-0.174481,0.647321,0.268116,0.597125,-0.390552,51.622148858209556,0.1657617065062129,0.5210683750725931,6.492709828118268,-0.5568403541079601,-2.6567581977278607,17.117817207154747,12.399111749258578,-0.241526,0.321339,-0.248733,0.470038,-0.0161511,0.109822,0.875638
27.967001914978027,-2.739447275688588,-5.389514170990342,4.122640013355116,-4.2117927021928585,2.8499282814695723,-0.8265792238909601,-0.016208,0.339569,0.34318,0.183442,0.622813,0.63202,-0.423088,-0.228844,0.418672,-0.179129,0.654641,0.262786,0.588817,-0.394567,52.84668598904686,0.5156871229893523,0.5914044922963768,5.85902964540359,-3.203072909804046,-3.221044778609972,19.117205009237612,12.822399305246257,-0.234161,0.314603,-0.251301,0.469552,-0.028846,0.114196,0.875013
28.04008173942566,-3.2174380192660132,-3.978363348188086,3.8331469064040946,-3.6841111098467736,3.1690794245556577,-0.9794198986424967,-0.0166691,0.3397,0.343301,0.187031,0.623278,0.632631,-0.419907,-0.225213,0.414979,-0.18226,0.660067,0.260503,0.582741,-0.39606,53.566635807260504,0.5514315104420563,0.8226943735519363,5.930435319079235,-2.054201283831315,-3.0747097078798404,18.352703188292498,12.563257992626466,-0.229362,0.310178,-0.253427,0.468642,-0.0364191,0.117099,0.874835
28.11069083213806,-2.6250377542517245,-4.193744260772661,5.455374127096091,-4.058115465389282,3.3616608931796805,-0.8796973931186738,-0.0169533,0.339796,0.343333,0.18665,0.625314,0.631659,-0.41851,-0.221676,0.41169,-0.185319,0.662644,0.260011,0.576158,-0.401671,54.47805155932752,0.646564822379764,1.1989638139659462,7.714574762390126,-1.9653481649833004,-3.6565514044324487,18.412577168166703,13.408932719956168,-0.225637,0.305846,-0.254996,0.472901,-0.0460027,0.122085,0.871403
28.183125972747803,-2.8795457344861957,-2.543033371425551,4.671537220928282,-3.507525966434209,3.7498763985617343,-1.0342359684013362,-0.0172802,0.339827,0.34311,0.187434,0.624688,0.630176,-0.421322,-0.220386,0.404184,-0.189183,0.667961,0.250546,0.566578,-0.412365,56.18365902825505,0.799195622702149,1.546300624619919,5.480964262660708,-3.0487099226361902,-3.09392253603248,18.812447086915142,12.533343004021086,-0.224046,0.296473,-0.256059,0.474934,-0.0566801,0.131859,0.868239
28.25620722770691,-2.8616272585484217,-1.6880406592762394,1.3801108698173035,-3.176713440217562,3.596082964050341,-1.003389870832938,-0.0172095,0.33986,0.343199,0.18797,0.624626,0.630662,-0.420446,-0.218874,0.396069,-0.19284,0.672595,0.242486,0.556784,-0.422856,58.086558892635225,0.6623135107381097,2.1557766789119874,5.77901882877871,-1.5815598385803469,-2.9638223395869616,17.942830477605753,12.662585645638027,-0.222552,0.286259,-0.256069,0.476901,-0.0669973,0.145818,0.864184
28.33645009994507,-1.0180564684545914,-1.1794734088561771,3.325964496403856,-3.7041453373762283,3.1603269331578625,-0.7380278231935868,-0.0173662,0.33989,0.343214,0.189587,0.624394,0.631159,-0.419318,-0.215927,0.386606,-0.197309,0.680985,0.229589,0.545558,-0.431179,60.40269734274944,0.6474658196059772,2.2661462657593,4.244551774022007,-1.9235109291056833,-2.2489314009041124,17.791469113823137,11.891488088089096,-0.218809,0.274836,-0.2569,0.477323,-0.0792468,0.154649,0.861375
28.40866994857788,-3.176737887778565,0.421479232356014,0.8542657448644309,-2.822153713540886,3.6477024142656567,-1.1787760764186648,-0.0174933,0.339841,0.343474,0.190403,0.62491,0.629631,-0.420475,-0.212916,0.380284,-0.200207,0.684867,0.224123,0.539183,-0.435899,61.38216641700151,0.8140340232545846,2.2752870100452327,4.531760527085992,-3.619023302401631,-3.279696796094697,19.283999145176256,12.542020370091787,-0.215045,0.26724,-0.257222,0.476055,-0.0885681,0.163715,0.859491
28.48074507713318,-2.582970259916396,1.0773128049488188,2.8144332181774603,-3.0866950323311966,3.5924306296330393,-1.0744940475778926,-0.0176087,0.339874,0.343462,0.191118,0.626554,0.628811,-0.418929,-0.209907,0.372933,-0.203444,0.689309,0.218273,0.529571,-0.443582,62.96659100163814,0.7609673703599928,2.5841586002012438,5.596584077807225,-2.4732827589819912,-3.5546102931133206,18.71770748866512,13.164438550264888,-0.211777,0.258425,-0.257188,0.477507,-0.0998772,0.174882,0.855236
28.553609609603882,-2.3722417560853764,2.3260796436852567,1.820932984960743,-2.6637159010227607,3.587458987257286,-1.0662232962744245,-0.0176823,0.339906,0.34343,0.191794,0.6262,0.628798,-0.419168,-0.209179,0.365183,-0.20579,0.69451,0.207646,0.520876,-0.450807,64.76030335838593,0.7245252626042633,2.67705454587618,4.203039442272187,-2.170333895416471,-2.837447276703763,18.23448233484615,12.536891287733443,-0.210595,0.249342,-0.256416,0.475676,-0.107813,0.184512,0.853266
28.623719692230225,-2.266153537763941,3.278975660244445,0.7134958646309507,-2.4340345737284816,3.454557730248062,-1.0109214145204974,-0.0176664,0.339899,0.343403,0.191811,0.626023,0.628916,-0.419249,-0.209548,0.35714,-0.207604,0.697739,0.197124,0.517113,-0.454858,66.10102894219855,0.48759001287022374,2.340715283413644,5.028238296078555,-2.5194233993891153,-3.7007033556657163,19.04412827935516,13.445282256934396,-0.210582,0.239732,-0.254654,0.474752,-0.114902,0.198832,0.849632
28.695735216140747,-0.24355100488467593,7.234731376444576,-0.37405421586719195,-1.2135068526681425,2.5881684996490675,-0.6466128951946154,-0.0176212,0.33988,0.343298,0.190035,0.626576,0.629283,-0.418678,-0.210813,0.348452,-0.208974,0.701438,0.185377,0.508284,-0.46397,68.31656684378167,0.27555383475712913,2.43333047605695,5.292269904144195,-0.728177379162867,-3.1996377142358554,17.884978268824405,12.225866537525222,-0.211336,0.229874,-0.252477,0.468843,-0.121853,0.210675,0.84909
28.766469478607178,0.7689431226334467,8.141068464764263,-1.342983957899549,-1.4812048361999925,2.035096987141134,-0.32059247738843,-0.0175139,0.339924,0.343201,0.190585,0.624233,0.63107,-0.419238,-0.213019,0.336828,-0.210169,0.704151,0.171385,0.502253,-0.471742,70.16594523851843,-0.21086344893551212,2.5349326681317272,6.196371654397344,0.3881929840855598,-4.052530576785244,18.40379257149366,12.661202586497932,-0.212879,0.216716,-0.248841,0.464078,-0.129452,0.226989,0.846375
28.8381564617157,0.3537779758489908,6.650078695983072,-0.8530000926355539,-2.3424647026264616,1.7916908636402749,-0.25506326374357363,-0.017452,0.339908,0.342933,0.189826,0.624877,0.630651,-0.419253,-0.214492,0.330377,-0.210691,0.705685,0.162598,0.499784,-0.47517,71.27457466973142,-0.471148044779532,2.117729580351302,7.3150756747110055,0.9627172260004793,-4.658565106762438,18.579828510271987,13.169869697106849,-0.214079,0.209496,-0.246872,0.461753,-0.130696,0.234916,0.845291
28.908221006393433,0.24598948073964905,6.37423221645768,4.61100753963149,-2.8871750477502363,1.6780061276767333,-0.3734886795018156,-0.0172693,0.339783,0.342743,0.187179,0.625596,0.629416,-0.421224,-0.217047,0.332736,-0.209678,0.705916,0.159409,0.504256,-0.471167,71.15866335836286,-0.20664480874896296,1.2131603141754805,5.706148392042163,-0.8670897508718234,-3.902207625329673,18.857188747921807,12.90419709949531,-0.217472,0.2122,-0.246554,0.460883,-0.125903,0.235232,0.846405
28.97964334487915,-0.8338690471860168,8.488283010892841,5.596851416174366,-1.7921256491206743,1.8488794320396054,-0.8702876377179722,-0.0172377,0.339824,0.342316,0.186868,0.622536,0.631955,-0.422092,-0.224156,0.340215,-0.206559,0.697598,0.166474,0.519991,-0.463953,69.04093950740692,-0.846626063740507,1.0765030899402674,6.785066710282473,0.2409308565342574,-4.600063243300255,18.996822778178416,13.844009265590273,-0.224038,0.220352,-0.246856,0.45274,-0.110952,0.229758,0.854358
29.051876306533813,-0.9068446993095776,8.208229269715378,2.898917777330343,-1.0803222756203625,1.9906405001648904,-0.8918731756709865,-0.0166768,0.339766,0.342132,0.183537,0.620861,0.63274,-0.424838,-0.229608,0.343526,-0.204033,0.692969,0.168154,0.526256,-0.46322,68.45595899972776,-0.9156559531138202,1.113671381834875,6.790373399451289,0.6745573529901403,-4.528010948067362,18.735693354515455,13.774760869957175,-0.230107,0.224091,-0.245521,0.452276,-0.101763,0.228694,0.856031
29.124459266662598,-0.3850190729250683,9.666655029165552,-0.02892306851343011,-0.51469454190011,1.8627973594915384,-0.8357646299393956,-0.0165466,0.339729,0.341844,0.182615,0.620036,0.632641,-0.426582,-0.232065,0.338677,-0.20408,0.694682,0.15901,0.52281,-0.467764,69.607061845106,-1.0059572996518693,0.9575826224000341,5.31644897612458,0.9256630160219164,-3.7050762449859533,18.017072847221765,13.084444793186673,-0.23273,0.218521,-0.243425,0.453907,-0.106155,0.235589,0.852759
29.197859048843384,-0.37960614984509544,8.830272412568414,-2.2961274574885917,-1.0960028280882883,1.6855718759450091,-0.7205762432767274,-0.0166071,0.339831,0.342121,0.183148,0.619555,0.633332,-0.426027,-0.228971,0.329118,-0.206221,0.700792,0.148947,0.513747,-0.471984,71.35624295775328,-0.815988899358095,0.9345901201393421,6.166096897018425,-0.07469694642460212,-4.569216023661603,19.19853995505645,13.70881626732264,-0.228575,0.207573,-0.241776,0.452875,-0.117741,0.243879,0.84945
29.272591829299927,-2.014035425938635,9.485494656855803,-2.3231360328280717,-1.058332807586522,2.136832961390401,-1.1885555527991645,-0.0170456,0.339963,0.342157,0.185875,0.619426,0.633334,-0.425029,-0.224853,0.321696,-0.208723,0.706316,0.144006,0.504583,-0.475158,72.45484184311425,-0.5911867960979604,1.1711942912031912,6.675740948579778,-0.01224189911951079,-5.278644643057149,19.602791720185287,14.075648259753983,-0.222561,0.199845,-0.241653,0.442503,-0.129054,0.2518,0.85096
29.35658359527588,-1.598817876595867,8.908623260730483,-1.8008164828069704,-1.2335541219998958,2.237825334383455,-1.0976389832219815,-0.0170735,0.34,0.342371,0.185079,0.619941,0.63358,-0.424259,-0.223119,0.317388,-0.20979,0.705861,0.139501,0.501952,-0.479941,73.30435673960342,-0.970486628012688,1.2635525684979942,8.117822389292634,-1.5792952707547379,-6.800403361916331,21.700594645045566,16.31542288693453,-0.220032,0.194953,-0.240879,0.442625,-0.133528,0.256293,0.848862
29.427151918411255,-1.4739917854331919,14.54048199666967,-3.57105302081901,0.7470610029703123,2.171983834158397,-1.2892337410470802,-0.0171707,0.340067,0.34203,0.185005,0.619115,0.633623,-0.425431,-0.225708,0.312055,-0.209457,0.711108,0.12913,0.497278,-0.479963,74.51487498738545,-0.6183902451693122,0.7251526878936225,6.1162085627895095,-0.1547002507103432,-5.3223172170296635,19.722231585228005,14.09760599180932,-0.221748,0.189097,-0.238811,0.432568,-0.13376,0.263373,0.851838
29.499751091003418,-0.5023720802383547,16.326803819242002,-7.6773142679899085,1.2286418585793781,1.6777816325134638,-1.0333531952658543,-0.0169428,0.339987,0.341892,0.184153,0.619649,0.633261,-0.425563,-0.228271,0.300846,-0.208639,0.714897,0.110301,0.487775,-0.488704,77.1765061111825,-0.9905994644670784,0.25193860580007055,4.742081806098215,1.7618539228824712,-3.8644550633667976,17.81186577326158,12.378585734211244,-0.224122,0.176954,-0.2335,0.432284,-0.13962,0.277309,0.846603
29.5730402469635,1.100369091137672,10.456468646509617,-5.081828377900046,-1.265593346243096,1.0384755099099896,-0.15150524456153755,-0.0165806,0.339998,0.342148,0.184648,0.617522,0.634708,-0.426283,-0.2271,0.292538,-0.208776,0.717136,0.100385,0.48217,-0.493103,78.50200936560265,-1.1627012932343532,0.35441504369670795,4.914614406101837,0.5324841190586156,-4.661866747014884,19.117917511962858,13.490119790354065,-0.222873,0.16819,-0.229402,0.431129,-0.149164,0.292236,0.840521
29.64243769645691,1.354395788859147,13.303589641410786,-1.629126622294417,-0.08988547308916674,1.3407909417931398,-0.5706684481625006,-0.0169444,0.340034,0.341778,0.184611,0.618629,0.633319,-0.42676,-0.228885,0.294764,-0.208811,0.711681,0.105118,0.488973,-0.49332,77.48275002680825,-1.6826011038664481,0.2642319097277852,7.063940322215338,0.2876974740084295,-6.349137538333395,20.74761007870664,15.651164244164416,-0.223537,0.170419,-0.230933,0.423905,-0.147451,0.286652,0.846401
29.71460723876953,-2.697037334165756,15.32794973173303,-6.733707438965655,1.3474430453790442,2.3093504358821257,-1.8539316937906498,-0.0171413,0.340166,0.341816,0.185244,0.617872,0.634126,-0.426384,-0.227753,0.291498,-0.209019,0.716505,0.100568,0.48497,-0.491234,78.1414203428424,-1.2437024007005848,0.036406485466864424,6.6036674987471145,0.31477827486496324,-5.879507734474998,20.17206799728306,14.791250773899286,-0.221451,0.166993,-0.230348,0.418076,-0.149748,0.28978,0.84783
29.78763699531555,-2.408635763982461,12.422574873954657,-8.51839604331442,0.30220360092905074,1.8806106101858169,-1.5195890361712432,-0.0170116,0.340202,0.342461,0.186973,0.618775,0.634212,-0.424186,-0.22312,0.28279,-0.209805,0.724454,0.0913979,0.470739,-0.495195,80.18915886870384,-0.8198120277332863,0.12321734819224162,5.818701157023369,1.8575253188659495,-5.188101158413033,18.879873677965033,13.362335337784065,-0.216033,0.158709,-0.227335,0.416295,-0.163023,0.30271,0.841718
29.85902690887451,-3.655687401229637,12.58949308964347,-11.431958959443971,0.9042580579539959,2.0880497392025634,-1.9951685258506784,-0.0172552,0.340437,0.342413,0.18636,0.620267,0.63301,-0.424073,-0.221764,0.274342,-0.209955,0.729608,0.0784098,0.465619,-0.494694,81.73677174081924,-0.48990917362116626,-0.9105392902920979,6.326259902789616,0.4017724203660995,-6.158498469824792,20.340067151807826,14.446106617487677,-0.212752,0.149357,-0.224255,0.406326,-0.170512,0.304851,0.844329
29.931350231170654,-1.835456855317541,12.535535272126822,-10.96563893419044,0.6624611854627291,1.8903372512295429,-1.6676544223048717,-0.0173843,0.340504,0.342235,0.186909,0.619514,0.63362,-0.424021,-0.221901,0.26865,-0.209518,0.731262,0.0717296,0.459806,-0.498688,82.82526044851365,-0.6088908112014517,-0.7667207496392123,6.313312730346681,1.4174337448913983,-5.961312186744053,19.789083950491055,13.99181444749549,-0.212573,0.143517,-0.221482,0.409416,-0.176962,0.313593,0.838286
30.0014967918396,-4.005744262363688,12.536987032730357,-11.271549286660422,0.7224112273311126,2.589555313651002,-2.568639798660211,-0.0179342,0.340752,0.342065,0.187142,0.61846,0.634467,-0.424191,-0.220923,0.265764,-0.209901,0.734611,0.0667237,0.457019,-0.497019,83.41061662005146,-0.2965084902801791,-0.9878437456228788,5.702992836840334,0.13991108874009495,-5.933340489986826,20.31110180290554,14.148385107009647,-0.210784,0.140632,-0.221035,0.405292,-0.183643,0.31253,0.839249
30.07273769378662,-4.870938832396911,13.650683190967165,-11.742376638801163,1.088539290603081,2.849948566719312,-2.8828747175680065,-0.0181696,0.340949,0.342153,0.187916,0.618913,0.63413,-0.423689,-0.217604,0.263638,-0.210679,0.740876,0.0610831,0.447533,-0.497078,84.60906048033847,0.3782722382605683,-1.0343815444325362,2.500899198819889,-0.15679634573074885,-3.725701955583233,18.534393249329764,11.618203647290327,-0.206906,0.139003,-0.221449,0.403726,-0.188831,0.313909,0.838337
30.146154403686523,-4.458157356237368,13.196605018230073,-10.484252844735842,0.23760287459849286,2.8186493811411175,-2.825364784973652,-0.0188499,0.341292,0.342155,0.190928,0.619476,0.633939,-0.421802,-0.214077,0.26108,-0.212134,0.740558,0.0651424,0.451999,-0.492977,83.66331282889078,0.16625205008597954,-1.3590906080380822,7.284335048036514,-1.616574480902809,-7.7258654548108225,22.215147861811147,15.358549471362704,-0.20254,0.136116,-0.221932,0.405968,-0.195001,0.310229,0.837211
30.219021797180176,-4.330678636458418,13.403996645209967,-8.827334633139424,0.18976034782348453,2.9858298858289265,-2.8349938269041552,-0.0191067,0.341477,0.342165,0.191154,0.617995,0.635653,-0.421293,-0.212634,0.263395,-0.212812,0.739831,0.0693186,0.450324,-0.495029,83.55328818799376,0.05623640307028088,-0.5744411363325899,6.808970665008012,-2.1651088123765625,-7.302459007899458,22.23244711607803,15.37270672323428,-0.201486,0.138695,-0.223652,0.406447,-0.19655,0.306349,0.838045
