# Timestamp, Fx, Fy, Fz, Tx, Ty, Tz, FemurPosX, FemurPosY, FemurPosZ, FemurQuatW, FemurQuatX, FemurQuatY, FemurQuatZ, TibiaPosX, TibiaPosY, TibiaPosZ, TibiaQuatW, TibiaQuatX, TibiaQuatY, TibiaQuatZ, Flexion, Adduction, Rotation, Anterior_Posterior, Medial_Lateral, Proximal_Distal
0.04149818420410156,-1.69571,-0.955444,-1.05189,-0.0380158,0.762358,-0.232006,0.0631695,0.428085,0.331371,0.193664,0.659109,0.609083,-0.396343,-0.0759983,0.430314,-0.0946027,0.603828,0.275008,0.495976,-0.560151,61.02371851361764,6.4830699874103574,-33.17806107344022,-7.781305479368326,-12.069202312253783,3.978660368763774
0.04250144958496094,-1.69571,-0.955444,-1.05189,-0.0380158,0.762358,-0.232006,0.0631695,0.428085,0.331371,0.193664,0.659109,0.609083,-0.396343,-0.0759983,0.430314,-0.0946027,0.603828,0.275008,0.495976,-0.560151,61.02371851361764,6.4830699874103574,-33.17806107344022,-7.781305479368326,-12.069202312253783,3.978660368763774
0.08500504493713379,-1.48898,-0.499578,-1.29039,0.0500451,0.765395,-0.127209,0.0632321,0.428009,0.331454,0.191465,0.661125,0.609107,-0.394009,-0.0739317,0.428799,-0.0959271,0.610206,0.276138,0.493532,-0.554817,61.49925209370276,7.3410058513126835,-35.3653593782022,-10.171169254318874,-11.77260778647765,4.320381052550216
0.08598017692565918,-1.48898,-0.499578,-1.29039,0.0500451,0.765395,-0.127209,0.0632321,0.428009,0.331454,0.191465,0.661125,0.609107,-0.394009,-0.0739317,0.428799,-0.0959271,0.610206,0.276138,0.493532,-0.554817,61.49925209370276,7.3410058513126835,-35.3653593782022,-10.171169254318874,-11.77260778647765,4.320381052550216
0.1288466453552246,-0.960667,-0.0576553,-1.31236,0.128722,0.698934,-0.0283085,0.063297,0.427972,0.331509,0.190253,0.660787,0.609733,-0.394196,-0.0723003,0.426491,-0.0973634,0.612683,0.274257,0.488327,-0.557619,62.31383139393488,7.633169582028988,-35.92004653916849,-10.551021247756921,-10.990994497322657,4.277463730341226
0.12987685203552246,-0.960667,-0.0576553,-1.31236,0.128722,0.698934,-0.0283085,0.063297,0.427972,0.331509,0.190253,0.660787,0.609733,-0.394196,-0.0723003,0.426491,-0.0973634,0.612683,0.274257,0.488327,-0.557619,62.31383139393488,7.633169582028988,-35.92004653916849,-10.551021247756921,-10.990994497322657,4.277463730341226
0.170701265335083,-1.28739,-0.294924,-1.16042,0.0831184,0.747405,-0.0905516,0.0633321,0.427917,0.331474,0.190324,0.660558,0.609421,-0.395027,-0.0693068,0.423083,-0.0996683,0.612478,0.273399,0.477969,-0.567159,63.4169708002346,7.596309575147189,-35.25990205133823,-10.347369348962552,-10.773601765563942,4.2363672718656336
0.17167377471923828,-1.28739,-0.294924,-1.16042,0.0831184,0.747405,-0.0905516,0.0633321,0.427917,0.331474,0.190324,0.660558,0.609421,-0.395027,-0.0693068,0.423083,-0.0996683,0.612478,0.273399,0.477969,-0.567159,63.4169708002346,7.596309575147189,-35.25990205133823,-10.347369348962552,-10.773601765563942,4.2363672718656336
0.21239185333251953,-1.38728,-0.387557,-1.27976,0.0817562,0.78718,-0.110891,0.0632871,0.42798,0.331382,0.192242,0.658605,0.610069,-0.396357,-0.0673979,0.41943,-0.101734,0.613457,0.270723,0.469877,-0.574104,64.23249541628083,7.507039454830261,-34.60991419114303,-9.280121894315812,-10.649090226382924,4.318774449342519
0.21337223052978516,-1.38728,-0.387557,-1.27976,0.0817562,0.78718,-0.110891,0.0632871,0.42798,0.331382,0.192242,0.658605,0.610069,-0.396357,-0.0673979,0.41943,-0.101734,0.613457,0.270723,0.469877,-0.574104,64.23249541628083,7.507039454830261,-34.60991419114303,-9.280121894315812,-10.649090226382924,4.318774449342519
0.2541518211364746,-1.24084,-0.0425572,-0.925563,0.112671,0.6998,-0.0433145,0.063295,0.42796,0.331398,0.192193,0.658743,0.609955,-0.396326,-0.0660948,0.414731,-0.103699,0.612242,0.265846,0.458178,-0.586991,65.8911580128034,6.939562515298599,-33.24790994720235,-9.051944769816712,-11.478242181337132,3.6533036553870715
0.25517916679382324,-1.24084,-0.0425572,-0.925563,0.112671,0.6998,-0.0433145,0.063295,0.42796,0.331398,0.192193,0.658743,0.609955,-0.396326,-0.0660948,0.414731,-0.103699,0.612242,0.265846,0.458178,-0.586991,65.8911580128034,6.939562515298599,-33.24790994720235,-9.051944769816712,-11.478242181337132,3.6533036553870715
0.29616880416870117,-1.4328,-0.0180607,-0.732919,0.112748,0.69988,-0.0436748,0.0633565,0.427967,0.331289,0.192387,0.659058,0.609658,-0.396165,-0.0645827,0.411037,-0.105715,0.613281,0.264223,0.452713,-0.590867,66.57920553321392,6.912091006657514,-33.2330947828271,-10.066860968883695,-11.283573233827546,4.7983109500551135
0.29714441299438477,-1.4328,-0.0180607,-0.732919,0.112748,0.69988,-0.0436748,0.0633565,0.427967,0.331289,0.192387,0.659058,0.609658,-0.396165,-0.0645827,0.411037,-0.105715,0.613281,0.264223,0.452713,-0.590867,66.57920553321392,6.912091006657514,-33.2330947828271,-10.066860968883695,-11.283573233827546,4.7983109500551135
0.3374795913696289,-1.14241,-0.193276,-0.712821,0.0658198,0.677232,-0.0713526,0.0634438,0.427895,0.331184,0.192599,0.659229,0.609349,-0.396254,-0.0629984,0.405322,-0.108177,0.61905,0.258974,0.444281,-0.593569,67.8573750372827,7.2714653052444005,-34.775525202714284,-10.578516600104567,-11.177638792252209,5.2326818516233615
0.3384060859680176,-1.14241,-0.193276,-0.712821,0.0658198,0.677232,-0.0713526,0.0634438,0.427895,0.331184,0.192599,0.659229,0.609349,-0.396254,-0.0629984,0.405322,-0.108177,0.61905,0.258974,0.444281,-0.593569,67.8573750372827,7.2714653052444005,-34.775525202714284,-10.578516600104567,-11.177638792252209,5.2326818516233615
0.378448486328125,-1.15674,-0.591531,-0.385419,-0.0137486,0.646913,-0.14872,0.0633196,0.427908,0.330977,0.194561,0.658977,0.608696,-0.396718,-0.0603101,0.398776,-0.11098,0.622219,0.254903,0.430289,-0.602262,69.38384058038508,7.261065047266223,-34.95881305770779,-10.141746694959197,-12.088502605498451,5.140878244910878
0.3793795108795166,-1.15674,-0.591531,-0.385419,-0.0137486,0.646913,-0.14872,0.0633196,0.427908,0.330977,0.194561,0.658977,0.608696,-0.396718,-0.0603101,0.398776,-0.11098,0.622219,0.254903,0.430289,-0.602262,69.38384058038508,7.261065047266223,-34.95881305770779,-10.141746694959197,-12.088502605498451,5.140878244910878
0.4196014404296875,-1.63787,-0.409426,-0.502142,0.0102183,0.816564,-0.145892,0.0634455,0.427828,0.33087,0.194451,0.659098,0.60899,-0.396118,-0.0557578,0.392542,-0.113358,0.620373,0.255291,0.414194,-0.615149,70.98778137342065,6.914046659515196,-33.653853793589995,-11.664021045942413,-12.763950346415672,5.603107409159631
0.4205193519592285,-1.63787,-0.409426,-0.502142,0.0102183,0.816564,-0.145892,0.0634455,0.427828,0.33087,0.194451,0.659098,0.60899,-0.396118,-0.0557578,0.392542,-0.113358,0.620373,0.255291,0.414194,-0.615149,70.98778137342065,6.914046659515196,-33.653853793589995,-11.664021045942413,-12.763950346415672,5.603107409159631
0.46111035346984863,-1.13743,-0.583378,0.260798,-0.0715605,0.587899,-0.175356,0.0634477,0.427864,0.330929,0.194096,0.659078,0.609221,-0.39597,-0.0531787,0.388158,-0.115123,0.621541,0.249677,0.404507,-0.622673,72.458794282419,6.62120954050233,-33.680711788808296,-11.268915619386858,-11.272762987500979,5.384249227609983
0.4620323181152344,-1.13743,-0.583378,0.260798,-0.0715605,0.587899,-0.175356,0.0634477,0.427864,0.330929,0.194096,0.659078,0.609221,-0.39597,-0.0531787,0.388158,-0.115123,0.621541,0.249677,0.404507,-0.622673,72.458794282419,6.62120954050233,-33.680711788808296,-11.268915619386858,-11.272762987500979,5.384249227609983
0.5030152797698975,-2.11295,-0.564092,0.539123,-0.0631554,0.687435,-0.167343,0.0636502,0.427709,0.330388,0.1942,0.65972,0.608414,-0.396091,-0.0499813,0.382089,-0.117257,0.621622,0.246779,0.392695,-0.63125,73.80251221570498,6.377900031647999,-33.540148348083505,-12.25419016064022,-10.833270103148458,5.841466362297962
0.5040416717529297,-2.11295,-0.564092,0.539123,-0.0631554,0.687435,-0.167343,0.0636502,0.427709,0.330388,0.1942,0.65972,0.608414,-0.396091,-0.0499813,0.382089,-0.117257,0.621622,0.246779,0.392695,-0.63125,73.80251221570498,6.377900031647999,-33.540148348083505,-12.25419016064022,-10.833270103148458,5.841466362297962
0.5481464862823486,-2.09373,-0.957088,1.07623,-0.148772,0.591869,-0.25332,0.0634509,0.427782,0.330054,0.18911,0.66416,0.607217,-0.392958,-0.0442376,0.377476,-0.119548,0.616578,0.251334,0.374462,-0.645323,75.79238200279963,6.047217662570704,-33.07691925423198,-16.18919875855217,-10.863875305687351,6.873960305813819
0.5491254329681396,-2.09373,-0.957088,1.07623,-0.148772,0.591869,-0.25332,0.0634509,0.427782,0.330054,0.18911,0.66416,0.607217,-0.392958,-0.0442376,0.377476,-0.119548,0.616578,0.251334,0.374462,-0.645323,75.79238200279963,6.047217662570704,-33.07691925423198,-16.18919875855217,-10.863875305687351,6.873960305813819
0.5902936458587646,-1.15228,-1.4638,1.83654,-0.281076,0.329471,-0.285452,0.063409,0.427707,0.330072,0.188578,0.664371,0.606996,-0.393199,-0.0383725,0.373757,-0.121366,0.609734,0.256631,0.356082,-0.659978,76.98107752976965,5.478449130036997,-30.276354711538154,-16.03494020307201,-10.905879282758491,6.995869017710312
0.5912923812866211,-1.15228,-1.4638,1.83654,-0.281076,0.329471,-0.285452,0.063409,0.427707,0.330072,0.188578,0.664371,0.606996,-0.393199,-0.0383725,0.373757,-0.121366,0.609734,0.256631,0.356082,-0.659978,76.98107752976965,5.478449130036997,-30.276354711538154,-16.03494020307201,-10.905879282758491,6.995869017710312
0.6327197551727295,-1.44403,-1.17434,1.40047,-0.242258,0.535009,-0.204983,0.0634557,0.427753,0.330126,0.193504,0.659144,0.608477,-0.397293,-0.0259503,0.36665,-0.125244,0.590497,0.271887,0.316001,-0.691038,78.13399727705423,3.7957615377118534,-18.724214491445366,-11.211418464500351,-12.227753792735442,6.967200669565134
0.633711576461792,-1.44403,-1.17434,1.40047,-0.242258,0.535009,-0.204983,0.0634557,0.427753,0.330126,0.193504,0.659144,0.608477,-0.397293,-0.0259503,0.36665,-0.125244,0.590497,0.271887,0.316001,-0.691038,78.13399727705423,3.7957615377118534,-18.724214491445366,-11.211418464500351,-12.227753792735442,6.967200669565134
0.6745274066925049,-2.02636,-3.23596,1.11536,-0.794334,0.607752,-0.539541,0.0636442,0.427692,0.330154,0.193107,0.659291,0.607837,-0.39822,-0.00640679,0.355795,-0.129717,0.560946,0.295711,0.25921,-0.728494,80.12836150174387,1.7223352826172607,-2.5624725665515617,-9.270001398094795,-11.816327353098751,8.228702495862905
0.6755096912384033,-2.02636,-3.23596,1.11536,-0.794334,0.607752,-0.539541,0.0636442,0.427692,0.330154,0.193107,0.659291,0.607837,-0.39822,-0.00640679,0.355795,-0.129717,0.560946,0.295711,0.25921,-0.728494,80.12836150174387,1.7223352826172607,-2.5624725665515617,-9.270001398094795,-11.816327353098751,8.228702495862905
0.7159764766693115,-1.00459,-4.28709,2.18051,-1.07042,0.311144,-0.615866,0.063578,0.427745,0.329792,0.192798,0.659778,0.608011,-0.397297,-0.0027757,0.350179,-0.130748,0.556063,0.294143,0.246622,-0.737192,81.18230688099644,0.8340204489710886,3.215197874814272,-10.43019826268539,-10.268125185132957,8.757768043609412
0.7169523239135742,-1.00459,-4.28709,2.18051,-1.07042,0.311144,-0.615866,0.063578,0.427745,0.329792,0.192798,0.659778,0.608011,-0.397297,-0.0027757,0.350179,-0.130748,0.556063,0.294143,0.246622,-0.737192,81.18230688099644,0.8340204489710886,3.215197874814272,-10.43019826268539,-10.268125185132957,8.757768043609412
0.7577650547027588,-3.3464,-4.07267,2.92382,-1.03811,0.454368,-0.559394,0.0635479,0.427705,0.329526,0.192324,0.662396,0.607084,-0.394579,-0.0011742,0.346119,-0.13133,0.557072,0.295763,0.238639,-0.738408,82.03054398799067,0.8911575515262953,2.654356100411544,-12.52392104455534,-12.372779763281528,10.2412330035084
0.7587628364562988,-3.3464,-4.07267,2.92382,-1.03811,0.454368,-0.559394,0.0635479,0.427705,0.329526,0.192324,0.662396,0.607084,-0.394579,-0.0011742,0.346119,-0.13133,0.557072,0.295763,0.238639,-0.738408,82.03054398799067,0.8911575515262953,2.654356100411544,-12.52392104455534,-12.372779763281528,10.2412330035084
0.7997176647186279,-0.515472,-3.83256,3.51202,-1.10751,-0.00849,-0.360713,0.0635529,0.427663,0.329402,0.193102,0.658781,0.60796,-0.398877,0.00451643,0.340247,-0.132144,0.548689,0.29882,0.21949,-0.749314,82.56108956828538,0.2208278206270008,10.116193764272122,-10.359198667406208,-9.711310167996668,9.78879245423725
0.8006970882415771,-0.515472,-3.83256,3.51202,-1.10751,-0.00849,-0.360713,0.0635529,0.427663,0.329402,0.193102,0.658781,0.60796,-0.398877,0.00451643,0.340247,-0.132144,0.548689,0.29882,0.21949,-0.749314,82.56108956828538,0.2208278206270008,10.116193764272122,-10.359198667406208,-9.711310167996668,9.78879245423725
0.8413665294647217,0.0538998,-5.35542,3.08328,-1.36917,0.00773977,-0.537489,0.0635982,0.427646,0.32925,0.194469,0.659175,0.607614,-0.39809,0.00913003,0.335502,-0.132648,0.544833,0.302154,0.204102,-0.755117,83.31759687768658,-0.2282870955072629,15.41405371644158,-9.911130980164831,-10.295818887832985,9.869615684516353
0.8423693180084229,0.0538998,-5.35542,3.08328,-1.36917,0.00773977,-0.537489,0.0635982,0.427646,0.32925,0.194469,0.659175,0.607614,-0.39809,0.00913003,0.335502,-0.132648,0.544833,0.302154,0.204102,-0.755117,83.31759687768658,-0.2282870955072629,15.41405371644158,-9.911130980164831,-10.295818887832985,9.869615684516353
0.8834478855133057,0.56954,-6.44353,4.08722,-1.6672,-0.332414,-0.661003,0.063694,0.427616,0.329393,0.190267,0.662723,0.606235,-0.396327,0.0169416,0.329527,-0.132767,0.538822,0.309222,0.183435,-0.761843,84.74005181284663,-0.265843799987895,18.585775928406772,-12.244563785060736,-8.710995817346838,11.135199197744875
0.884418249130249,0.56954,-6.44353,4.08722,-1.6672,-0.332414,-0.661003,0.063694,0.427616,0.329393,0.190267,0.662723,0.606235,-0.396327,0.0169416,0.329527,-0.132767,0.538822,0.309222,0.183435,-0.761843,84.74005181284663,-0.265843799987895,18.585775928406772,-12.244563785060736,-8.710995817346838,11.135199197744875
0.9255783557891846,0.515142,-7.09926,3.17902,-1.78103,-0.0940135,-0.690089,0.0636606,0.427631,0.329433,0.190124,0.662858,0.60636,-0.395981,0.0249529,0.323381,-0.132378,0.529424,0.316745,0.160957,-0.770374,85.56608240812842,-0.9136107578260231,30.219747105784023,-12.368824467280582,-7.521001995333518,11.107089902832557
0.9265491962432861,0.515142,-7.09926,3.17902,-1.78103,-0.0940135,-0.690089,0.0636606,0.427631,0.329433,0.190124,0.662858,0.60636,-0.395981,0.0249529,0.323381,-0.132378,0.529424,0.316745,0.160957,-0.770374,85.56608240812842,-0.9136107578260231,30.219747105784023,-12.368824467280582,-7.521001995333518,11.107089902832557
0.9693245887756348,1.57604,-5.6483,3.56417,-1.66949,-0.424684,-0.43293,0.0637251,0.427651,0.329507,0.192432,0.660034,0.607471,-0.397875,0.0336105,0.319748,-0.13221,0.518017,0.332545,0.142342,-0.77512,84.9891563160069,-1.0259125579680708,33.562429200912895,-10.864399030967766,-7.6211783024128215,11.888751661133057
0.9703049659729004,1.57604,-5.6483,3.56417,-1.66949,-0.424684,-0.43293,0.0637251,0.427651,0.329507,0.192432,0.660034,0.607471,-0.397875,0.0336105,0.319748,-0.13221,0.518017,0.332545,0.142342,-0.77512,84.9891563160069,-1.0259125579680708,33.562429200912895,-10.864399030967766,-7.6211783024128215,11.888751661133057
1.0134778022766113,2.28633,-6.82336,2.86866,-1.8833,-0.336678,-0.729319,0.0638392,0.427636,0.329744,0.190146,0.661592,0.607894,-0.395733,0.0438384,0.313795,-0.132034,0.501778,0.34494,0.108546,-0.785781,86.27908083409577,-1.9954270284052733,43.317734873057105,-8.487442041976198,-7.1342822159691375,11.305413173899217
1.0145189762115479,2.28633,-6.82336,2.86866,-1.8833,-0.336678,-0.729319,0.0638392,0.427636,0.329744,0.190146,0.661592,0.607894,-0.395733,0.0438384,0.313795,-0.132034,0.501778,0.34494,0.108546,-0.785781,86.27908083409577,-1.9954270284052733,43.317734873057105,-8.487442041976198,-7.1342822159691375,11.305413173899217
1.0579969882965088,1.79088,-5.77686,3.87302,-1.76502,-0.571135,-0.411124,0.0636735,0.427694,0.329458,0.192611,0.659754,0.607225,-0.398626,0.0543067,0.309512,-0.131878,-0.48728,-0.359921,-0.0823471,0.791349,86.01731197133157,-2.2827054906792545,55.01392773648212,-4.063367042025549,-5.108450952720334,10.103026810860156
1.058985710144043,1.79088,-5.77686,3.87302,-1.76502,-0.571135,-0.411124,0.0636735,0.427694,0.329458,0.192611,0.659754,0.607225,-0.398626,0.0543067,0.309512,-0.131878,-0.48728,-0.359921,-0.0823471,0.791349,86.01731197133157,-2.2827054906792545,55.01392773648212,-4.063367042025549,-5.108450952720334,10.103026810860156
1.1016435623168945,0.105333,-6.0434,3.81404,-1.75719,-0.318876,-0.443976,0.0641069,0.427332,0.329019,0.193216,0.660024,0.60653,-0.398945,0.0592612,0.309305,-0.131173,-0.480816,-0.369528,-0.0770149,0.791412,85.38727769425095,-2.037875110964814,55.434803259672975,-4.198215073529998,-4.9272792879118015,9.933791776297625
1.1026349067687988,0.105333,-6.0434,3.81404,-1.75719,-0.318876,-0.443976,0.0641069,0.427332,0.329019,0.193216,0.660024,0.60653,-0.398945,0.0592612,0.309305,-0.131173,-0.480816,-0.369528,-0.0770149,0.791412,85.38727769425095,-2.037875110964814,55.434803259672975,-4.198215073529998,-4.9272792879118015,9.933791776297625
1.1446399688720703,1.54627,-5.31007,3.82054,-1.59512,-0.50157,-0.173837,0.063822,0.427476,0.328956,0.191994,0.661883,0.606044,-0.397191,0.0644168,0.310555,-0.129625,-0.475386,-0.381215,-0.0741553,0.789421,84.88161296825447,-1.4587297883192636,48.52095244950449,-6.427593319746173,-4.8558983806003,10.390276265451812
1.145643949508667,1.54627,-5.31007,3.82054,-1.59512,-0.50157,-0.173837,0.063822,0.427476,0.328956,0.191994,0.661883,0.606044,-0.397191,0.0644168,0.310555,-0.129625,-0.475386,-0.381215,-0.0741553,0.789421,84.88161296825447,-1.4587297883192636,48.52095244950449,-6.427593319746173,-4.8558983806003,10.390276265451812
1.1869564056396484,0.674894,-4.62254,2.99802,-1.33074,-0.212081,-0.244871,0.0639302,0.427454,0.329534,0.191217,0.659646,0.6079,-0.398449,0.0665277,0.31222,-0.128817,-0.472066,-0.385614,-0.0741078,0.78928,84.37674947068831,-1.2867697529028062,46.30610641863018,-5.904157345554089,-3.4946248888630516,9.868988326022862
1.1879217624664307,0.674894,-4.62254,2.99802,-1.33074,-0.212081,-0.244871,0.0639302,0.427454,0.329534,0.191217,0.659646,0.6079,-0.398449,0.0665277,0.31222,-0.128817,-0.472066,-0.385614,-0.0741078,0.78928,84.37674947068831,-1.2867697529028062,46.30610641863018,-5.904157345554089,-3.4946248888630516,9.868988326022862
1.2300965785980225,0.760704,-3.25138,1.68482,-0.961027,0.106398,-0.344235,0.0634117,0.427825,0.33008,0.192822,0.658812,0.607522,-0.399629,0.0684172,0.316772,-0.12811,-0.476844,-0.391728,-0.0801395,0.782782,83.6595295616521,-0.11396878211589088,34.050912811428134,-4.554261871731095,-3.322266356950365,9.469872450078501
1.2310984134674072,0.760704,-3.25138,1.68482,-0.961027,0.106398,-0.344235,0.0634117,0.427825,0.33008,0.192822,0.658812,0.607522,-0.399629,0.0684172,0.316772,-0.12811,-0.476844,-0.391728,-0.0801395,0.782782,83.6595295616521,-0.11396878211589088,34.050912811428134,-4.554261871731095,-3.322266356950365,9.469872450078501
1.2723329067230225,-0.455832,-2.07223,1.20086,-0.628969,0.379616,-0.367923,0.0636792,0.427693,0.330378,0.193105,0.659912,0.607882,-0.397122,0.068779,0.322442,-0.128191,-0.480084,-0.397779,-0.0901878,0.776632,82.95335331198311,0.7231641018981806,26.34892703037756,-4.782829049338082,-5.442088503355311,10.157830001589993
1.2733070850372314,-0.455832,-2.07223,1.20086,-0.628969,0.379616,-0.367923,0.0636792,0.427693,0.330378,0.193105,0.659912,0.607882,-0.397122,0.068779,0.322442,-0.128191,-0.480084,-0.397779,-0.0901878,0.776632,82.95335331198311,0.7231641018981806,26.34892703037756,-4.782829049338082,-5.442088503355311,10.157830001589993
1.3158361911773682,-1.31994,-1.98978,0.936553,-0.464791,0.595138,-0.438627,0.0636471,0.427738,0.329926,0.193275,0.659468,0.60775,-0.397977,0.0634472,0.333293,-0.127598,-0.492668,-0.397052,-0.123733,0.764407,81.05292922924579,2.3456164848494616,13.977494584033158,-8.153502156803686,-5.625101928615461,9.953044587486493
1.3168282508850098,-1.31994,-1.98978,0.936553,-0.464791,0.595138,-0.438627,0.0636471,0.427738,0.329926,0.193275,0.659468,0.60775,-0.397977,0.0634472,0.333293,-0.127598,-0.492668,-0.397052,-0.123733,0.764407,81.05292922924579,2.3456164848494616,13.977494584033158,-8.153502156803686,-5.625101928615461,9.953044587486493
1.3584392070770264,-0.865524,-1.27357,0.431319,-0.22461,0.736455,-0.352995,0.0635359,0.427703,0.330278,0.195608,0.659119,0.608591,-0.396127,0.0562544,0.345198,-0.127626,0.50705,0.390539,0.155632,-0.752435,79.63675719243626,3.1565078817151977,7.81442861008528,-7.9180975184011615,-6.6891950681800125,8.477012865427337
1.3594229221343994,-0.865524,-1.27357,0.431319,-0.22461,0.736455,-0.352995,0.0635359,0.427703,0.330278,0.195608,0.659119,0.608591,-0.396127,0.0562544,0.345198,-0.127626,0.50705,0.390539,0.155632,-0.752435,79.63675719243626,3.1565078817151977,7.81442861008528,-7.9180975184011615,-6.6891950681800125,8.477012865427337
1.4011116027832031,-0.168314,-1.07819,-0.659586,-0.150794,0.837531,-0.252011,0.0632616,0.427953,0.331095,0.194778,0.659014,0.60882,-0.396359,0.0450883,0.360509,-0.127884,0.528489,0.381,0.202887,-0.73101,77.5287154297191,5.049403356152685,-3.1188769483357244,-8.994353387200693,-4.991610162208995,9.384937894471275
1.4020986557006836,-0.168314,-1.07819,-0.659586,-0.150794,0.837531,-0.252011,0.0632616,0.427953,0.331095,0.194778,0.659014,0.60882,-0.396359,0.0450883,0.360509,-0.127884,0.528489,0.381,0.202887,-0.73101,77.5287154297191,5.049403356152685,-3.1188769483357244,-8.994353387200693,-4.991610162208995,9.384937894471275
1.443516731262207,-0.416152,-0.688979,-1.36472,0.0299749,0.983425,-0.225583,0.0633674,0.427905,0.331554,0.19012,0.661013,0.609287,-0.394571,0.0392796,0.369727,-0.126914,0.532341,0.37676,0.225197,-0.723845,76.69791544364078,5.413244425709078,-5.733769067655461,-10.59939411213327,-3.5622476374770446,8.733877003356906
1.4444994926452637,-0.416152,-0.688979,-1.36472,0.0299749,0.983425,-0.225583,0.0633674,0.427905,0.331554,0.19012,0.661013,0.609287,-0.394571,0.0392796,0.369727,-0.126914,0.532341,0.37676,0.225197,-0.723845,76.69791544364078,5.413244425709078,-5.733769067655461,-10.59939411213327,-3.5622476374770446,8.733877003356906
1.4863088130950928,-0.614997,-1.99346,0.430806,-0.122182,0.65621,-0.417237,0.0634861,0.427882,0.331055,0.193141,0.659612,0.609059,-0.395797,0.0331409,0.380314,-0.12577,0.525166,0.37683,0.248754,-0.721333,73.99292432809858,4.670390141599296,-1.4852833735743665,-8.553858681552132,-3.7641965369273525,7.1955068092315155
1.4873013496398926,-0.614997,-1.99346,0.430806,-0.122182,0.65621,-0.417237,0.0634861,0.427882,0.331055,0.193141,0.659612,0.609059,-0.395797,0.0331409,0.380314,-0.12577,0.525166,0.37683,0.248754,-0.721333,73.99292432809858,4.670390141599296,-1.4852833735743665,-8.553858681552132,-3.7641965369273525,7.1955068092315155
1.5294408798217773,-0.840253,-2.74051,0.550938,-0.20581,0.687961,-0.545892,0.0634099,0.427814,0.330311,0.194267,0.658986,0.608417,-0.397274,0.0293833,0.388222,-0.124766,0.517917,0.382366,0.261771,-0.719051,71.96208668329126,4.56021283196833,0.1315492229141442,-6.720100399459324,-5.457066373079047,6.53626834251393
1.5305354595184326,-0.840253,-2.74051,0.550938,-0.20581,0.687961,-0.545892,0.0634099,0.427814,0.330311,0.194267,0.658986,0.608417,-0.397274,0.0293833,0.388222,-0.124766,0.517917,0.382366,0.261771,-0.719051,71.96208668329126,4.56021283196833,0.1315492229141442,-6.720100399459324,-5.457066373079047,6.53626834251393
1.5733487606048584,-0.336933,-1.56761,0.847927,-0.102505,0.574618,-0.25264,0.0628866,0.428074,0.330369,0.192696,0.659173,0.608483,-0.397627,0.0270222,0.396761,-0.122763,0.50962,0.388178,0.272448,-0.717898,70.40812941660829,4.436841221100553,1.3933595105578276,-5.604471367088732,-5.6417468914963855,5.452767376849961
1.5743043422698975,-0.336933,-1.56761,0.847927,-0.102505,0.574618,-0.25264,0.0628866,0.428074,0.330369,0.192696,0.659173,0.608483,-0.397627,0.0270222,0.396761,-0.122763,0.50962,0.388178,0.272448,-0.717898,70.40812941660829,4.436841221100553,1.3933595105578276,-5.604471367088732,-5.6417468914963855,5.452767376849961
1.6151180267333984,-0.648041,-4.45548,0.380771,-0.577186,0.713664,-0.696268,0.0632981,0.427944,0.330972,0.193348,0.659034,0.608732,-0.397159,0.0313702,0.403506,-0.120415,-0.483132,-0.406207,-0.266417,0.728424,68.42847375567466,3.3315058366077754,8.438366491191934,-2.354191304841086,-8.696997325336087,4.546643525867616
1.6160433292388916,-0.648041,-4.45548,0.380771,-0.577186,0.713664,-0.696268,0.0632981,0.427944,0.330972,0.193348,0.659034,0.608732,-0.397159,0.0313702,0.403506,-0.120415,-0.483132,-0.406207,-0.266417,0.728424,68.42847375567466,3.3315058366077754,8.438366491191934,-2.354191304841086,-8.696997325336087,4.546643525867616
1.6578316688537598,0.53285,-3.37442,1.23076,-0.603829,0.385387,-0.333032,0.0632533,0.428067,0.331022,0.193604,0.659178,0.608543,-0.397085,0.0392244,0.40683,-0.120016,-0.45329,-0.42578,-0.2567,0.739828,66.4010032418431,2.3288367371984693,15.191770827381223,-0.9270100732993691,-8.893237928220659,6.029866168383316
1.6588165760040283,0.53285,-3.37442,1.23076,-0.603829,0.385387,-0.333032,0.0632533,0.428067,0.331022,0.193604,0.659178,0.608543,-0.397085,0.0392244,0.40683,-0.120016,-0.45329,-0.42578,-0.2567,0.739828,66.4010032418431,2.3288367371984693,15.191770827381223,-0.9270100732993691,-8.893237928220659,6.029866168383316
1.7008657455444336,0.999237,-5.34043,2.95664,-0.972194,0.0623514,-0.667771,0.0630826,0.427893,0.329779,0.190586,0.660544,0.607914,-0.39724,0.0485296,0.408435,-0.119776,-0.428951,-0.442382,-0.246344,0.748073,65.12664068793747,2.011074793615411,19.28889367977411,-1.4882724981348248,-6.2908847687466265,5.9293714387985545
1.701859951019287,0.999237,-5.34043,2.95664,-0.972194,0.0623514,-0.667771,0.0630826,0.427893,0.329779,0.190586,0.660544,0.607914,-0.39724,0.0485296,0.408435,-0.119776,-0.428951,-0.442382,-0.246344,0.748073,65.12664068793747,2.011074793615411,19.28889367977411,-1.4882724981348248,-6.2908847687466265,5.9293714387985545
1.742786169052124,2.527,-5.6825,3.37589,-1.11479,-0.112343,-0.61983,0.0627018,0.42807,0.328846,0.194107,0.658512,0.608212,-0.398451,0.055089,0.410639,-0.11896,-0.414539,-0.45542,-0.23957,0.750571,63.61389417328132,2.016472742830234,21.805067902686535,1.4202215925029362,-6.229393884441707,5.367572997804855
1.7437925338745117,2.527,-5.6825,3.37589,-1.11479,-0.112343,-0.61983,0.0627018,0.42807,0.328846,0.194107,0.658512,0.608212,-0.398451,0.055089,0.410639,-0.11896,-0.414539,-0.45542,-0.23957,0.750571,63.61389417328132,2.016472742830234,21.805067902686535,1.4202215925029362,-6.229393884441707,5.367572997804855
1.7861697673797607,1.79956,-5.92773,4.78165,-1.2176,-0.273595,-0.446842,0.0627643,0.428122,0.329307,0.191915,0.661032,0.608122,-0.395466,0.0665984,0.412503,-0.116497,-0.377102,-0.472695,-0.222694,0.764696,62.11502528340667,0.5901328475206484,29.34007290319719,2.402026617173476,-4.648221763790755,3.5876896304262385
1.787135124206543,1.79956,-5.92773,4.78165,-1.2176,-0.273595,-0.446842,0.0627643,0.428122,0.329307,0.191915,0.661032,0.608122,-0.395466,0.0665984,0.412503,-0.116497,-0.377102,-0.472695,-0.222694,0.764696,62.11502528340667,0.5901328475206484,29.34007290319719,2.402026617173476,-4.648221763790755,3.5876896304262385
1.8299269676208496,4.58964,-5.89452,3.623,-1.32227,-0.282802,-0.25778,0.0632149,0.427932,0.32966,0.189669,0.660809,0.607957,-0.397172,0.0734353,0.416251,-0.112196,-0.360558,-0.486343,-0.222428,0.764195,60.38378439827923,1.2130396715920708,29.919283258120217,2.13329054839805,-2.565569010026447,2.4361354098437653
1.8309085369110107,4.58964,-5.89452,3.623,-1.32227,-0.282802,-0.25778,0.0632149,0.427932,0.32966,0.189669,0.660809,0.607957,-0.397172,0.0734353,0.416251,-0.112196,-0.360558,-0.486343,-0.222428,0.764195,60.38378439827923,1.2130396715920708,29.919283258120217,2.13329054839805,-2.565569010026447,2.4361354098437653
1.8730273246765137,2.23821,-4.40187,3.20827,-1.09939,0.251075,0.174484,0.0634497,0.42782,0.330199,0.191299,0.659651,0.607147,-0.399547,0.079796,0.420886,-0.10876,-0.345625,-0.499991,-0.222204,0.76235,58.33499352051988,1.843000054080804,30.523858396418525,5.1600553324117815,-1.5508008212914448,2.407780056505917
1.8740234375,2.23821,-4.40187,3.20827,-1.09939,0.251075,0.174484,0.0634497,0.42782,0.330199,0.191299,0.659651,0.607147,-0.399547,0.079796,0.420886,-0.10876,-0.345625,-0.499991,-0.222204,0.76235,58.33499352051988,1.843000054080804,30.523858396418525,5.1600553324117815,-1.5508008212914448,2.407780056505917
1.9165043830871582,4.61104,-4.50822,2.28045,-1.06001,0.376189,0.369362,0.0635242,0.427661,0.33025,0.193425,0.659264,0.6079,-0.398014,0.0858864,0.425047,-0.105623,-0.330621,-0.512232,-0.224163,0.760302,56.46177220532202,1.9942120557678704,31.844194417231222,6.01887598243122,-1.5438897896749528,2.393988948051322
1.9174473285675049,4.61104,-4.50822,2.28045,-1.06001,0.376189,0.369362,0.0635242,0.427661,0.33025,0.193425,0.659264,0.6079,-0.398014,0.0858864,0.425047,-0.105623,-0.330621,-0.512232,-0.224163,0.760302,56.46177220532202,1.9942120557678704,31.844194417231222,6.01887598243122,-1.5438897896749528,2.393988948051322
1.960174322128296,0.237616,-5.11636,2.51735,-1.03823,0.970554,0.328976,0.0636633,0.427598,0.330151,0.19204,0.660776,0.607358,-0.397004,0.0892958,0.428136,-0.103573,-0.321235,-0.519521,-0.226176,0.758783,55.50579568371117,2.228821086127336,32.12273227132532,5.588164037075386,-1.042672673313922,2.1729288883848934
1.9611403942108154,0.237616,-5.11636,2.51735,-1.03823,0.970554,0.328976,0.0636633,0.427598,0.330151,0.19204,0.660776,0.607358,-0.397004,0.0892958,0.428136,-0.103573,-0.321235,-0.519521,-0.226176,0.758783,55.50579568371117,2.228821086127336,32.12273227132532,5.588164037075386,-1.042672673313922,2.1729288883848934
2.0032401084899902,3.06708,-3.27885,2.66544,-0.864113,0.670147,0.625477,0.0636973,0.427481,0.330017,0.194901,0.659172,0.607447,-0.398138,0.0922463,0.430957,-0.101799,-0.31215,-0.526507,-0.228909,0.756937,53.94975884260829,2.432340309110571,32.721681928603225,7.4465380649195465,-0.9457694418625306,2.78626125267062
2.004241943359375,3.06708,-3.27885,2.66544,-0.864113,0.670147,0.625477,0.0636973,0.427481,0.330017,0.194901,0.659172,0.607447,-0.398138,0.0922463,0.430957,-0.101799,-0.31215,-0.526507,-0.228909,0.756937,53.94975884260829,2.432340309110571,32.721681928603225,7.4465380649195465,-0.9457694418625306,2.78626125267062
2.047098398208618,1.30275,-2.98282,0.605344,-0.797024,0.977281,0.201796,0.0637447,0.427578,0.330662,0.194413,0.659859,0.60765,-0.396928,0.0924884,0.435747,-0.0994094,-0.310175,-0.528464,-0.23632,0.754102,53.262451621384365,2.4907500257814923,32.214777659652945,7.730635983195814,-0.7058221733081934,2.2269488830482
2.0480761528015137,1.30275,-2.98282,0.605344,-0.797024,0.977281,0.201796,0.0637447,0.427578,0.330662,0.194413,0.659859,0.60765,-0.396928,0.0924884,0.435747,-0.0994094,-0.310175,-0.528464,-0.23632,0.754102,53.262451621384365,2.4907500257814923,32.214777659652945,7.730635983195814,-0.7058221733081934,2.2269488830482
2.090646266937256,1.81692,-2.54676,0.140936,-0.638848,0.779509,-0.0837892,0.0635914,0.427764,0.331361,0.190304,0.66225,0.608125,-0.394199,0.0903473,0.440059,-0.0977835,-0.309364,-0.527745,-0.243541,0.75264,53.270914525186996,2.367441292124626,31.6344668912926,6.09917442668665,-0.9851919642868845,1.5481753075560822
2.0916285514831543,1.81692,-2.54676,0.140936,-0.638848,0.779509,-0.0837892,0.0635914,0.427764,0.331361,0.190304,0.66225,0.608125,-0.394199,0.0903473,0.440059,-0.0977835,-0.309364,-0.527745,-0.243541,0.75264,53.270914525186996,2.367441292124626,31.6344668912926,6.09917442668665,-0.9851919642868845,1.5481753075560822
2.133951425552368,1.87436,-2.80245,-0.281268,-0.653566,0.671512,-0.454195,0.063355,0.427939,0.331271,0.19223,0.658631,0.609653,-0.396958,0.0866252,0.445646,-0.0961813,-0.310574,-0.525362,-0.255806,0.749735,52.07108566058041,2.396332897404898,30.82169645152847,8.4580316196993,-0.6020669066717405,1.4335605795805135
2.1348752975463867,1.87436,-2.80245,-0.281268,-0.653566,0.671512,-0.454195,0.063355,0.427939,0.331271,0.19223,0.658631,0.609653,-0.396958,0.0866252,0.445646,-0.0961813,-0.310574,-0.525362,-0.255806,0.749735,52.07108566058041,2.396332897404898,30.82169645152847,8.4580316196993,-0.6020669066717405,1.4335605795805135
2.1774933338165283,1.01341,-2.38572,-0.131761,-0.540321,0.593599,-0.507789,0.0629929,0.428049,0.330948,0.192281,0.661363,0.608686,-0.393863,0.0806661,0.455292,-0.0935434,-0.312965,-0.523237,-0.276414,0.74288,50.91096547094769,1.989778198590727,29.106776683404977,8.49252970111059,-2.7994349685894453,1.0539885664252453
2.1784541606903076,1.01341,-2.38572,-0.131761,-0.540321,0.593599,-0.507789,0.0629929,0.428049,0.330948,0.192281,0.661363,0.608686,-0.393863,0.0806661,0.455292,-0.0935434,-0.312965,-0.523237,-0.276414,0.74288,50.91096547094769,1.989778198590727,29.106776683404977,8.49252970111059,-2.7994349685894453,1.0539885664252453
2.220945358276367,0.946832,-1.39533,0.219013,-0.399814,0.452516,-0.331723,0.0628481,0.428102,0.331013,0.193784,0.658965,0.60882,-0.396927,0.0718327,0.46793,-0.088363,-0.3265,-0.519648,-0.30691,0.727441,49.050614145519525,2.781564951945731,24.48696196512051,11.05386248574119,-2.9967384614029933,1.0798208455777392
2.221912384033203,0.946832,-1.39533,0.219013,-0.399814,0.452516,-0.331723,0.0628481,0.428102,0.331013,0.193784,0.658965,0.60882,-0.396927,0.0718327,0.46793,-0.088363,-0.3265,-0.519648,-0.30691,0.727441,49.050614145519525,2.781564951945731,24.48696196512051,11.05386248574119,-2.9967384614029933,1.0798208455777392
2.2648239135742188,0.65483,-2.3223,-0.699037,-0.418939,0.624849,-0.472859,0.0632547,0.428009,0.331413,0.191698,0.658587,0.610098,-0.396605,0.0567255,0.485664,-0.0791522,-0.353348,-0.51617,-0.353876,0.695331,47.02441579990796,4.563235847341421,16.09939934483673,10.54104084740283,-5.665479252554693,1.4342202168928873
2.2657947540283203,0.65483,-2.3223,-0.699037,-0.418939,0.624849,-0.472859,0.0632547,0.428009,0.331413,0.191698,0.658587,0.610098,-0.396605,0.0567255,0.485664,-0.0791522,-0.353348,-0.51617,-0.353876,0.695331,47.02441579990796,4.563235847341421,16.09939934483673,10.54104084740283,-5.665479252554693,1.4342202168928873
2.3085882663726807,0.260114,-1.78861,-2.01183,-0.201129,0.88659,-0.374623,0.0635728,0.427861,0.331759,0.192573,0.659569,0.608601,-0.396849,0.0361181,0.505363,-0.0656022,-0.381992,-0.505767,-0.413736,0.653532,43.672063789291606,5.4566300859393495,6.913111413187062,11.116543867910009,-7.121545107152828,0.8323917806541907
2.309551954269409,0.260114,-1.78861,-2.01183,-0.201129,0.88659,-0.374623,0.0635728,0.427861,0.331759,0.192573,0.659569,0.608601,-0.396849,0.0361181,0.505363,-0.0656022,-0.381992,-0.505767,-0.413736,0.653532,43.672063789291606,5.4566300859393495,6.913111413187062,11.116543867910009,-7.121545107152828,0.8323917806541907
2.3526175022125244,1.02766,-0.976343,-2.13891,-0.0275833,0.826313,-0.191158,0.0632165,0.428132,0.331848,0.193171,0.659075,0.608858,-0.396984,0.0225272,0.517678,-0.0550323,-0.389328,-0.502189,-0.451425,0.626454,40.61332832689812,5.545358551499861,2.638772719017923,11.279735692889467,-8.466428244411182,1.5194995185891331
2.3535943031311035,1.02766,-0.976343,-2.13891,-0.0275833,0.826313,-0.191158,0.0632165,0.428132,0.331848,0.193171,0.659075,0.608858,-0.396984,0.0225272,0.517678,-0.0550323,-0.389328,-0.502189,-0.451425,0.626454,40.61332832689812,5.545358551499861,2.638772719017923,11.279735692889467,-8.466428244411182,1.5194995185891331
2.3965976238250732,0.770926,-1.87452,-0.812103,-0.105797,0.564414,-0.316099,0.0629657,0.428146,0.331598,0.191997,0.658806,0.609583,-0.396889,0.00569495,0.530232,-0.0420491,-0.401097,-0.496396,-0.493577,0.590842,37.4570844023968,5.799181407353027,-2.952433195029754,11.472636949955165,-9.567523039265385,1.4013111246744796
2.3975775241851807,0.770926,-1.87452,-0.812103,-0.105797,0.564414,-0.316099,0.0629657,0.428146,0.331598,0.191997,0.658806,0.609583,-0.396889,0.00569495,0.530232,-0.0420491,-0.401097,-0.496396,-0.493577,0.590842,37.4570844023968,5.799181407353027,-2.952433195029754,11.472636949955165,-9.567523039265385,1.4013111246744796
2.4399211406707764,-0.0517445,-2.25076,-0.14815,-0.095006,0.603473,-0.325303,0.0626827,0.428295,0.331361,0.192578,0.659104,0.609014,-0.396984,-0.00200861,0.535952,-0.0351182,-0.405413,-0.496187,-0.513002,0.571199,35.50949698649772,5.97293258663931,-5.603794804505256,11.622102478082589,-10.641685464308722,1.9643652899735349
2.440852165222168,-0.0517445,-2.25076,-0.14815,-0.095006,0.603473,-0.325303,0.0626827,0.428295,0.331361,0.192578,0.659104,0.609014,-0.396984,-0.00200861,0.535952,-0.0351182,-0.405413,-0.496187,-0.513002,0.571199,35.50949698649772,5.97293258663931,-5.603794804505256,11.622102478082589,-10.641685464308722,1.9643652899735349
2.4835331439971924,-0.346903,-3.15489,0.281729,-0.14101,0.718008,-0.394191,0.0627255,0.428324,0.331482,0.191963,0.659318,0.609301,-0.396488,-0.00348587,0.540392,-0.0297294,-0.397303,-0.498108,-0.521451,0.567564,34.295490923815485,5.424995662391596,-5.271965357102298,12.54625791468242,-11.045760560639021,1.486830517410743
2.484492778778076,-0.346903,-3.15489,0.281729,-0.14101,0.718008,-0.394191,0.0627255,0.428324,0.331482,0.191963,0.659318,0.609301,-0.396488,-0.00348587,0.540392,-0.0297294,-0.397303,-0.498108,-0.521451,0.567564,34.295490923815485,5.424995662391596,-5.271965357102298,12.54625791468242,-11.045760560639021,1.486830517410743
2.526632308959961,0.601907,-3.7117,1.19556,-0.259965,0.530764,-0.497287,0.0627514,0.428255,0.331228,0.190735,0.660858,0.608528,-0.395704,0.00200537,0.544233,-0.0256747,-0.3795,-0.50855,-0.520734,0.571133,32.97873397347049,5.040929456164683,-3.2738400642246974,12.891557909584781,-11.121012831233926,1.5064491813492293
2.5275518894195557,0.601907,-3.7117,1.19556,-0.259965,0.530764,-0.497287,0.0627514,0.428255,0.331228,0.190735,0.660858,0.608528,-0.395704,0.00200537,0.544233,-0.0256747,-0.3795,-0.50855,-0.520734,0.571133,32.97873397347049,5.040929456164683,-3.2738400642246974,12.891557909584781,-11.121012831233926,1.5064491813492293
2.5712392330169678,0.0712996,-3.23423,1.65444,-0.231238,0.579306,-0.41749,0.0627207,0.428238,0.331063,0.192885,0.658502,0.609216,-0.397525,0.0130659,0.545454,-0.025093,-0.355316,-0.519399,-0.507655,0.58844,32.11430884587521,4.608624341046096,1.0857654980059817,16.374484519612132,-10.26676842643579,1.8098405598500107
2.572200298309326,0.0712996,-3.23423,1.65444,-0.231238,0.579306,-0.41749,0.0627207,0.428238,0.331063,0.192885,0.658502,0.609216,-0.397525,0.0130659,0.545454,-0.025093,-0.355316,-0.519399,-0.507655,0.58844,32.11430884587521,4.608624341046096,1.0857654980059817,16.374484519612132,-10.26676842643579,1.8098405598500107
2.6146419048309326,2.08898,-4.05277,2.1614,-0.459885,0.401316,-0.466816,0.0625677,0.428265,0.330869,0.19276,0.658451,0.609213,-0.397675,0.025798,0.545773,-0.0242962,-0.32604,-0.535301,-0.491795,0.604391,31.06283786632803,4.45755905529775,5.682655434711343,17.439586459327376,-10.529690523466858,2.404470867026843
2.615590810775757,2.08898,-4.05277,2.1614,-0.459885,0.401316,-0.466816,0.0625677,0.428265,0.330869,0.19276,0.658451,0.609213,-0.397675,0.025798,0.545773,-0.0242962,-0.32604,-0.535301,-0.491795,0.604391,31.06283786632803,4.45755905529775,5.682655434711343,17.439586459327376,-10.529690523466858,2.404470867026843
2.658644437789917,1.41844,-4.0408,2.42617,-0.559694,0.519071,-0.443115,0.0626887,0.428196,0.330646,0.192211,0.658334,0.609441,-0.397785,0.0363711,0.545656,-0.0234888,-0.300958,-0.547091,-0.479603,0.61652,30.115553806644456,4.301293744153078,9.392220990849076,18.289087797869342,-10.13460886487102,2.831251695066508
2.659620761871338,1.41844,-4.0408,2.42617,-0.559694,0.519071,-0.443115,0.0626887,0.428196,0.330646,0.192211,0.658334,0.609441,-0.397785,0.0363711,0.545656,-0.0234888,-0.300958,-0.547091,-0.479603,0.61652,30.115553806644456,4.301293744153078,9.392220990849076,18.289087797869342,-10.13460886487102,2.831251695066508
2.7029426097869873,3.4371,-3.83716,2.10102,-0.557252,0.42666,-0.342037,0.0626418,0.428265,0.330665,0.189846,0.660327,0.609182,-0.39601,0.0465474,0.544455,-0.0240274,-0.275043,-0.55466,-0.464974,0.632853,29.940334270102966,3.563512004172179,13.56231545980046,18.646885843350372,-9.555463516790494,1.7516913470797526
2.7039215564727783,3.4371,-3.83716,2.10102,-0.557252,0.42666,-0.342037,0.0626418,0.428265,0.330665,0.189846,0.660327,0.609182,-0.39601,0.0465474,0.544455,-0.0240274,-0.275043,-0.55466,-0.464974,0.632853,29.940334270102966,3.563512004172179,13.56231545980046,18.646885843350372,-9.555463516790494,1.7516913470797526
2.746554374694824,3.3983,-3.39722,1.79857,-0.820949,0.549672,-0.29131,0.0626091,0.428198,0.330782,0.19064,0.657723,0.609363,-0.399666,0.0681173,0.537733,-0.0260711,-0.232205,-0.573269,-0.432468,0.65606,28.716084250921217,4.022456080272539,20.339236613757205,21.1180445414189,-6.18166106633967,2.7991831275693575
2.7474966049194336,3.3983,-3.39722,1.79857,-0.820949,0.549672,-0.29131,0.0626091,0.428198,0.330782,0.19064,0.657723,0.609363,-0.399666,0.0681173,0.537733,-0.0260711,-0.232205,-0.573269,-0.432468,0.65606,28.716084250921217,4.022456080272539,20.339236613757205,21.1180445414189,-6.18166106633967,2.7991831275693575
2.789961099624634,3.51158,-4.10892,3.05059,-1.05471,0.359664,-0.392085,0.0628284,0.428194,0.330424,0.191866,0.658947,0.609216,-0.397281,0.0818408,0.530893,-0.0285812,-0.204687,-0.583299,-0.410753,0.670185,28.359419815830776,3.749862984744919,25.05106901549002,20.259395675959695,-5.65375002486272,2.2838207250392895
2.790895700454712,3.51158,-4.10892,3.05059,-1.05471,0.359664,-0.392085,0.0628284,0.428194,0.330424,0.191866,0.658947,0.609216,-0.397281,0.0818408,0.530893,-0.0285812,-0.204687,-0.583299,-0.410753,0.670185,28.359419815830776,3.749862984744919,25.05106901549002,20.259395675959695,-5.65375002486272,2.2838207250392895
2.8335368633270264,4.54983,-1.80617,2.87906,-0.939342,0.395311,0.28797,0.0627211,0.428143,0.32967,0.192007,0.660429,0.608327,-0.396113,0.0972877,0.521737,-0.0314074,-0.168637,-0.596256,-0.383173,0.684996,27.662147445184893,3.814225689122991,30.55902251719258,19.47892768697102,-5.104382850152545,2.144142290111399
2.8344740867614746,4.54983,-1.80617,2.87906,-0.939342,0.395311,0.28797,0.0627211,0.428143,0.32967,0.192007,0.660429,0.608327,-0.396113,0.0972877,0.521737,-0.0314074,-0.168637,-0.596256,-0.383173,0.684996,27.662147445184893,3.814225689122991,30.55902251719258,19.47892768697102,-5.104382850152545,2.144142290111399
2.8767707347869873,4.11079,-2.13816,2.25515,-1.12501,0.655095,0.349681,0.0639834,0.427253,0.329181,0.194538,0.660256,0.606793,-0.397516,0.107393,0.517499,-0.0311366,-0.158745,-0.604434,-0.372405,0.686129,27.079308414291507,4.483608832252065,31.920018259042426,20.913713366046913,-2.9744493543320774,2.345305421634562
2.8777072429656982,4.11079,-2.13816,2.25515,-1.12501,0.655095,0.349681,0.0639834,0.427253,0.329181,0.194538,0.660256,0.606793,-0.397516,0.107393,0.517499,-0.0311366,-0.158745,-0.604434,-0.372405,0.686129,27.079308414291507,4.483608832252065,31.920018259042426,20.913713366046913,-2.9744493543320774,2.345305421634562
2.921071767807007,2.77459,-0.993462,1.28149,-0.900219,1.14335,0.541234,0.0646048,0.427013,0.329275,0.193847,0.660344,0.606272,-0.398501,0.112348,0.518267,-0.0275982,-0.150677,-0.612439,-0.373894,0.680014,25.863539777299668,5.358596130642912,31.801246959256147,20.543600110193527,-1.6714931384626006,3.600602591746109
2.922105073928833,2.77459,-0.993462,1.28149,-0.900219,1.14335,0.541234,0.0646048,0.427013,0.329275,0.193847,0.660344,0.606272,-0.398501,0.112348,0.518267,-0.0275982,-0.150677,-0.612439,-0.373894,0.680014,25.863539777299668,5.358596130642912,31.801246959256147,20.543600110193527,-1.6714931384626006,3.600602591746109
2.9659833908081055,4.03558,-0.870823,-0.943476,-0.616228,1.10705,0.169698,0.0644307,0.427401,0.331291,0.188782,0.665251,0.607054,-0.39152,0.11121,0.524862,-0.0202516,-0.145513,-0.614376,-0.386605,0.672239,25.2817006098205,4.952436459473853,31.09934021012395,18.02431834931486,-2.974755463414831,1.6904189917336625
2.966909408569336,4.03558,-0.870823,-0.943476,-0.616228,1.10705,0.169698,0.0644307,0.427401,0.331291,0.188782,0.665251,0.607054,-0.39152,0.11121,0.524862,-0.0202516,-0.145513,-0.614376,-0.386605,0.672239,25.2817006098205,4.952436459473853,31.09934021012395,18.02431834931486,-2.974755463414831,1.6904189917336625
3.0092520713806152,2.44683,-0.960606,-0.045508,-0.597922,0.771523,-0.198796,0.0635611,0.427937,0.331677,0.19329,0.659198,0.609016,-0.396479,0.106091,0.532741,-0.0134053,-0.135576,-0.61007,-0.403159,0.668504,22.504869649473022,4.40776281604382,31.15999100835379,22.991776632676,-2.917996018879802,4.108992945359638
3.0103352069854736,2.44683,-0.960606,-0.045508,-0.597922,0.771523,-0.198796,0.0635611,0.427937,0.331677,0.19329,0.659198,0.609016,-0.396479,0.106091,0.532741,-0.0134053,-0.135576,-0.61007,-0.403159,0.668504,22.504869649473022,4.40776281604382,31.15999100835379,22.991776632676,-2.917996018879802,4.108992945359638
3.0538835525512695,2.56347,-1.87449,0.163239,-0.749673,0.534022,-0.411364,0.0634847,0.427827,0.33051,0.193105,0.659222,0.608851,-0.396785,0.095953,0.544196,-0.002464,-0.158597,-0.61052,-0.434585,0.642844,21.10611685681615,5.136237440903845,25.73335276422382,23.78760657816418,-4.149135893183837,3.274254833439592
3.0548713207244873,2.56347,-1.87449,0.163239,-0.749673,0.534022,-0.411364,0.0634847,0.427827,0.33051,0.193105,0.659222,0.608851,-0.396785,0.095953,0.544196,-0.002464,-0.158597,-0.61052,-0.434585,0.642844,21.10611685681615,5.136237440903845,25.73335276422382,23.78760657816418,-4.149135893183837,3.274254833439592
3.0975430011749268,1.72059,-0.427063,-0.464018,-0.418014,0.599082,-0.107899,0.0627374,0.428162,0.330792,0.19444,0.659043,0.609552,-0.39535,0.0759866,0.561307,0.0155854,0.19646,0.611247,0.482359,-0.595911,18.693444711063623,6.361164300729066,17.1599447965693,24.6166559948997,-8.134434694193013,4.39351897373754
3.098508834838867,1.72059,-0.427063,-0.464018,-0.418014,0.599082,-0.107899,0.0627374,0.428162,0.330792,0.19444,0.659043,0.609552,-0.39535,0.0759866,0.561307,0.0155854,0.19646,0.611247,0.482359,-0.595911,18.693444711063623,6.361164300729066,17.1599447965693,24.6166559948997,-8.134434694193013,4.39351897373754
3.1422109603881836,0.806919,-1.06622,-0.593472,-0.408676,0.658305,-0.225347,0.0630117,0.428191,0.3318,0.187751,0.66463,0.60834,-0.391073,0.0626504,0.569863,0.0272255,0.218949,0.613836,0.510889,-0.560588,17.6077521106481,7.16924762120099,11.081883570184198,20.08563737269418,-10.897642907674772,3.8838315234677907
3.1433160305023193,0.806919,-1.06622,-0.593472,-0.408676,0.658305,-0.225347,0.0630117,0.428191,0.3318,0.187751,0.66463,0.60834,-0.391073,0.0626504,0.569863,0.0272255,0.218949,0.613836,0.510889,-0.560588,17.6077521106481,7.16924762120099,11.081883570184198,20.08563737269418,-10.897642907674772,3.8838315234677907
3.186551094055176,1.53724,-1.62309,-0.985636,-0.345884,0.612989,-0.283965,0.063899,0.427754,0.331522,0.192707,0.659969,0.607541,-0.397742,0.0401845,0.58042,0.0448086,0.246268,0.60136,0.558136,-0.515948,13.804384172054949,6.717724319887356,3.6280687878421642,24.075812675265478,-10.461323764374198,6.745437890076988
3.1875338554382324,1.53724,-1.62309,-0.985636,-0.345884,0.612989,-0.283965,0.063899,0.427754,0.331522,0.192707,0.659969,0.607541,-0.397742,0.0401845,0.58042,0.0448086,0.246268,0.60136,0.558136,-0.515948,13.804384172054949,6.717724319887356,3.6280687878421642,24.075812675265478,-10.461323764374198,6.745437890076988
3.231189012527466,0.75842,-1.06642,-1.21766,-0.227922,0.724023,-0.222229,0.0637561,0.427896,0.331631,0.19016,0.66166,0.6073,-0.396524,0.0279844,0.585914,0.0566695,0.250195,0.601724,0.582279,-0.486088,11.317361198700809,6.490554604386771,0.09776917625289103,22.10601311217241,-12.893571759885258,8.500307286920755
3.232175827026367,0.75842,-1.06642,-1.21766,-0.227922,0.724023,-0.222229,0.0637561,0.427896,0.331631,0.19016,0.66166,0.6073,-0.396524,0.0279844,0.585914,0.0566695,0.250195,0.601724,0.582279,-0.486088,11.317361198700809,6.490554604386771,0.09776917625289103,22.10601311217241,-12.893571759885258,8.500307286920755
3.2755227088928223,1.56858,-1.49732,-1.2856,-0.251378,0.60581,-0.271293,0.0634318,0.428084,0.332173,0.194376,0.659507,0.610341,-0.393386,0.0198217,0.589603,0.066764,0.258622,0.599256,0.59949,-0.46327,9.658745651025646,6.3447417847181375,-2.1731646847443153,24.012897252576124,-14.625316339717804,8.503429921012685
3.2765026092529297,1.56858,-1.49732,-1.2856,-0.251378,0.60581,-0.271293,0.0634318,0.428084,0.332173,0.194376,0.659507,0.610341,-0.393386,0.0198217,0.589603,0.066764,0.258622,0.599256,0.59949,-0.46327,9.658745651025646,6.3447417847181375,-2.1731646847443153,24.012897252576124,-14.625316339717804,8.503429921012685
3.3198020458221436,0.567438,-1.52704,-0.637535,-0.206015,0.735525,-0.167228,0.0626865,0.428298,0.331464,0.191223,0.658847,0.60973,-0.396967,0.0190523,0.591349,0.073653,0.250026,0.602753,0.605975,-0.45494,8.004847483982356,6.459401748013712,-2.7672170308412696,24.49369508406522,-12.564462078707379,8.809736972668091
3.320734739303589,0.567438,-1.52704,-0.637535,-0.206015,0.735525,-0.167228,0.0626865,0.428298,0.331464,0.191223,0.658847,0.60973,-0.396967,0.0190523,0.591349,0.073653,0.250026,0.602753,0.605975,-0.45494,8.004847483982356,6.459401748013712,-2.7672170308412696,24.49369508406522,-12.564462078707379,8.809736972668091
3.3637819290161133,0.632418,-2.04991,-0.213519,-0.315928,0.613982,-0.232647,0.0625904,0.428361,0.331662,0.192693,0.658537,0.611084,-0.394683,0.0242572,0.59175,0.0780093,0.238326,0.612712,0.603133,-0.451681,6.741897900604231,7.06735805290259,-1.4452901696125262,24.09974673252593,-14.056879715996851,9.559609335905543
3.3647193908691406,0.632418,-2.04991,-0.213519,-0.315928,0.613982,-0.232647,0.0625904,0.428361,0.331662,0.192693,0.658537,0.611084,-0.394683,0.0242572,0.59175,0.0780093,0.238326,0.612712,0.603133,-0.451681,6.741897900604231,7.06735805290259,-1.4452901696125262,24.09974673252593,-14.056879715996851,9.559609335905543
3.407370090484619,0.96631,-2.50922,-0.166468,-0.359408,0.704712,-0.282218,0.0631468,0.428175,0.331837,0.192833,0.658522,0.609335,-0.397335,0.0398818,0.590185,0.0777389,0.207356,0.620706,0.587003,-0.476608,6.314852509752787,6.819799212918038,3.3199845482455728,26.800333033845725,-12.78987315530178,9.544049559164005
3.4083080291748047,0.96631,-2.50922,-0.166468,-0.359408,0.704712,-0.282218,0.0631468,0.428175,0.331837,0.192833,0.658522,0.609335,-0.397335,0.0398818,0.590185,0.0777389,0.207356,0.620706,0.587003,-0.476608,6.314852509752787,6.819799212918038,3.3199845482455728,26.800333033845725,-12.78987315530178,9.544049559164005
3.4513864517211914,1.62648,-3.1358,1.06553,-0.527402,0.415443,-0.374928,0.0633545,0.42805,0.331681,0.190121,0.659045,0.610236,-0.396392,0.0561057,0.587163,0.0746652,0.174141,0.626858,0.569127,-0.50281,6.508561200249894,6.532943596933903,8.548060851930305,27.393387622642095,-10.849291039625717,8.129499836302855
3.4523262977600098,1.62648,-3.1358,1.06553,-0.527402,0.415443,-0.374928,0.0633545,0.42805,0.331681,0.190121,0.659045,0.610236,-0.396392,0.0561057,0.587163,0.0746652,0.174141,0.626858,0.569127,-0.50281,6.508561200249894,6.532943596933903,8.548060851930305,27.393387622642095,-10.849291039625717,8.129499836302855
3.494929075241089,1.81765,-3.81683,0.347611,-0.621186,0.555634,-0.443322,0.062902,0.428136,0.331402,0.190493,0.661643,0.60803,-0.395274,0.06909,0.583894,0.073423,0.14908,0.637386,0.551224,-0.517364,6.158068180041769,6.836292639422623,12.42974276421578,28.251952423362393,-11.653667392958123,7.562477803483899
3.495905637741089,1.81765,-3.81683,0.347611,-0.621186,0.555634,-0.443322,0.062902,0.428136,0.331402,0.190493,0.661643,0.60803,-0.395274,0.06909,0.583894,0.073423,0.14908,0.637386,0.551224,-0.517364,6.158068180041769,6.836292639422623,12.42974276421578,28.251952423362393,-11.653667392958123,7.562477803483899
3.5388100147247314,3.62043,-3.24045,0.0207292,-0.45429,0.542577,-0.23037,0.0625355,0.428332,0.331263,0.193387,0.658645,0.609071,-0.397267,0.0784267,0.580933,0.0704674,0.128953,0.637232,0.541379,-0.533119,5.688878258899521,6.50686531380736,15.762628694617948,29.800893770997654,-8.720753306033693,8.575956677240491
3.5397791862487793,3.62043,-3.24045,0.0207292,-0.45429,0.542577,-0.23037,0.0625355,0.428332,0.331263,0.193387,0.658645,0.609071,-0.397267,0.0784267,0.580933,0.0704674,0.128953,0.637232,0.541379,-0.533119,5.688878258899521,6.50686531380736,15.762628694617948,29.800893770997654,-8.720753306033693,8.575956677240491
3.582618474960327,3.02277,-3.14533,1.38035,-0.471194,0.430311,-0.224248,0.0627192,0.428287,0.33137,0.192316,0.659165,0.609059,-0.396941,0.0915798,0.576367,0.0645502,0.099376,0.636225,0.521941,-0.559392,6.166239846070578,5.7227285805117685,20.75426639040856,31.683754393597535,-6.480796469304945,7.202727193055804
3.583662509918213,3.02277,-3.14533,1.38035,-0.471194,0.430311,-0.224248,0.0627192,0.428287,0.33137,0.192316,0.659165,0.609059,-0.396941,0.0915798,0.576367,0.0645502,0.099376,0.636225,0.521941,-0.559392,6.166239846070578,5.7227285805117685,20.75426639040856,31.683754393597535,-6.480796469304945,7.202727193055804
3.627070188522339,2.17315,-3.29078,1.84913,-0.453536,0.688244,-0.277952,0.0629881,0.42813,0.331356,0.190148,0.661651,0.607945,-0.395556,0.108519,0.567848,0.0540393,0.049513,0.636414,0.492629,-0.591476,5.998129622951141,4.715346647887775,28.201596758687963,31.09946409660614,-5.501136350519536,8.316814423445958
3.6280596256256104,2.17315,-3.29078,1.84913,-0.453536,0.688244,-0.277952,0.0629881,0.42813,0.331356,0.190148,0.661651,0.607945,-0.395556,0.108519,0.567848,0.0540393,0.049513,0.636414,0.492629,-0.591476,5.998129622951141,4.715346647887775,28.201596758687963,31.09946409660614,-5.501136350519536,8.316814423445958
3.670868396759033,1.69052,-2.18479,2.01283,-0.410484,0.837856,0.0233812,0.0632832,0.427917,0.331065,0.195755,0.659258,0.609068,-0.395088,0.118469,0.560862,0.0470928,0.0284473,0.639267,0.473458,-0.605282,5.671135086941198,5.004615677827701,32.34891381994601,31.478366336774965,-5.834966983471076,10.582871368110888
3.67185378074646,1.69052,-2.18479,2.01283,-0.410484,0.837856,0.0233812,0.0632832,0.427917,0.331065,0.195755,0.659258,0.609068,-0.395088,0.118469,0.560862,0.0470928,0.0284473,0.639267,0.473458,-0.605282,5.671135086941198,5.004615677827701,32.34891381994601,31.478366336774965,-5.834966983471076,10.582871368110888
3.7144646644592285,1.74585,-2.07156,0.932486,-0.359542,1.04103,0.137507,0.0637431,0.427511,0.330296,0.194063,0.660073,0.607896,-0.396366,0.123114,0.558865,0.0462847,0.0174523,0.644568,0.466725,-0.605306,5.14022613948464,5.661517295734902,33.32994761784639,31.483739498698668,-5.602107732039405,12.072608361200494
3.715416669845581,1.74585,-2.07156,0.932486,-0.359542,1.04103,0.137507,0.0637431,0.427511,0.330296,0.194063,0.660073,0.607896,-0.396366,0.123114,0.558865,0.0462847,0.0174523,0.644568,0.466725,-0.605306,5.14022613948464,5.661517295734902,33.32994761784639,31.483739498698668,-5.602107732039405,12.072608361200494
3.758850336074829,2.28611,-1.75053,-1.25942,-0.221615,1.2141,0.0414104,0.0643792,0.427305,0.331098,0.190929,0.663604,0.606147,-0.394667,0.124826,0.558749,0.0475205,0.0197618,0.645357,0.466846,-0.6043,5.677446594035377,5.479317005563122,32.809640349613794,30.67496706551549,-4.479096840112797,9.948266479998257
3.759814739227295,2.28611,-1.75053,-1.25942,-0.221615,1.2141,0.0414104,0.0643792,0.427305,0.331098,0.190929,0.663604,0.606147,-0.394667,0.124826,0.558749,0.0475205,0.0197618,0.645357,0.466846,-0.6043,5.677446594035377,5.479317005563122,32.809640349613794,30.67496706551549,-4.479096840112797,9.948266479998257
3.8028006553649902,1.01433,-1.68713,-2.00574,-0.0931115,1.31177,-0.347384,0.0640422,0.42759,0.331766,0.190474,0.662652,0.607172,-0.39491,0.122619,0.560382,0.0495076,0.0317463,0.640403,0.472396,-0.604747,6.435815032454589,5.056181451565959,31.571159890513524,31.766337856365446,-1.8382418746143854,6.540318184070543
3.80377197265625,1.01433,-1.68713,-2.00574,-0.0931115,1.31177,-0.347384,0.0640422,0.42759,0.331766,0.190474,0.662652,0.607172,-0.39491,0.122619,0.560382,0.0495076,0.0317463,0.640403,0.472396,-0.604747,6.435815032454589,5.056181451565959,31.571159890513524,31.766337856365446,-1.8382418746143854,6.540318184070543
3.8462440967559814,3.3904,-2.29375,-1.90314,-0.206092,0.824328,-0.495034,0.0641946,0.427727,0.332412,0.187155,0.665224,0.608391,-0.390269,0.110928,0.569939,0.0603582,0.065772,0.650066,0.499319,-0.569006,6.087621788103324,6.546851569862238,25.24240334983819,27.763634727183874,-4.908471453857,8.127490655582827
3.8472492694854736,3.3904,-2.29375,-1.90314,-0.206092,0.824328,-0.495034,0.0641946,0.427727,0.332412,0.187155,0.665224,0.608391,-0.390269,0.110928,0.569939,0.0603582,0.065772,0.650066,0.499319,-0.569006,6.087621788103324,6.546851569862238,25.24240334983819,27.763634727183874,-4.908471453857,8.127490655582827
3.892057180404663,1.67858,0.659892,-0.979387,0.282432,0.606264,0.0911862,0.0640022,0.427656,0.331692,0.191646,0.66057,0.608316,-0.39607,0.090798,0.579123,0.0739387,0.134243,0.658729,0.528232,-0.518677,5.524651765484792,9.681796693898917,15.052668790113271,29.747976170780486,-6.436497348731741,8.896073677901347
3.8929738998413086,1.67858,0.659892,-0.979387,0.282432,0.606264,0.0911862,0.0640022,0.427656,0.331692,0.191646,0.66057,0.608316,-0.39607,0.090798,0.579123,0.0739387,0.134243,0.658729,0.528232,-0.518677,5.524651765484792,9.681796693898917,15.052668790113271,29.747976170780486,-6.436497348731741,8.896073677901347
3.9361417293548584,0.0269465,-1.21439,-0.953753,0.043453,0.747824,-0.45447,0.0636619,0.427817,0.331946,0.192695,0.659984,0.608726,-0.395907,0.0671125,0.586772,0.0823614,0.171282,0.645158,0.56466,-0.485379,4.576016415357951,8.621202811831223,8.166545413990352,28.01958924211684,-7.709505960135651,9.58932480139158
3.9370627403259277,0.0269465,-1.21439,-0.953753,0.043453,0.747824,-0.45447,0.0636619,0.427817,0.331946,0.192695,0.659984,0.608726,-0.395907,0.0671125,0.586772,0.0823614,0.171282,0.645158,0.56466,-0.485379,4.576016415357951,8.621202811831223,8.166545413990352,28.01958924211684,-7.709505960135651,9.58932480139158
3.9797329902648926,0.318307,-1.97029,-2.00862,0.043744,0.796866,-0.529324,0.0637173,0.427628,0.331765,0.194079,0.660082,0.608045,-0.396114,0.0383605,0.591886,0.0911727,0.229894,0.628292,0.597519,-0.442005,4.8279900834289515,8.391186780879636,-1.1208106286130872,29.78363109453416,-9.928392262412528,5.613100967484414
3.980731248855591,0.318307,-1.97029,-2.00862,0.043744,0.796866,-0.529324,0.0637173,0.427628,0.331765,0.194079,0.660082,0.608045,-0.396114,0.0383605,0.591886,0.0911727,0.229894,0.628292,0.597519,-0.442005,4.8279900834289515,8.391186780879636,-1.1208106286130872,29.78363109453416,-9.928392262412528,5.613100967484414
4.022766351699829,-1.01892,-1.236,-0.515507,0.177963,0.670056,-0.421212,0.0631142,0.428175,0.331736,0.19337,0.659755,0.609204,-0.395225,0.00515213,0.595523,0.0989249,0.291623,0.62179,0.627178,-0.367398,2.912589237387397,10.392815255663216,-12.481201474885735,26.07177856831238,-13.235205666347293,8.304066270538888
4.02378511428833,-1.01892,-1.236,-0.515507,0.177963,0.670056,-0.421212,0.0631142,0.428175,0.331736,0.19337,0.659755,0.609204,-0.395225,0.00515213,0.595523,0.0989249,0.291623,0.62179,0.627178,-0.367398,2.912589237387397,10.392815255663216,-12.481201474885735,26.07177856831238,-13.235205666347293,8.304066270538888
4.066730260848999,0.323287,-0.852334,1.60498,0.298506,0.039447,-0.404559,0.0628451,0.428091,0.331972,0.192861,0.659553,0.609557,-0.395265,-0.0360792,0.59368,0.106417,0.354838,0.601817,0.664733,-0.264645,-1.1385643836186465,10.852188963409139,-26.61509707322995,21.052067046425726,-11.809480179227757,14.503013610193317
4.067685127258301,0.323287,-0.852334,1.60498,0.298506,0.039447,-0.404559,0.0628451,0.428091,0.331972,0.192861,0.659553,0.609557,-0.395265,-0.0360792,0.59368,0.106417,0.354838,0.601817,0.664733,-0.264645,-1.1385643836186465,10.852188963409139,-26.61509707322995,21.052067046425726,-11.809480179227757,14.503013610193317
4.110539674758911,-0.305967,-0.619511,1.90791,0.598338,0.132412,-0.436698,0.0626296,0.428275,0.331802,0.192091,0.658962,0.610265,-0.395534,-0.0589812,0.58976,0.107303,0.393623,0.58608,0.675229,-0.213628,-2.2465623578065927,11.43886562144727,-34.199400371251386,21.391826594481188,-13.576147990655105,13.281028923228352
4.111459255218506,-0.305967,-0.619511,1.90791,0.598338,0.132412,-0.436698,0.0626296,0.428275,0.331802,0.192091,0.658962,0.610265,-0.395534,-0.0589812,0.58976,0.107303,0.393623,0.58608,0.675229,-0.213628,-2.2465623578065927,11.43886562144727,-34.199400371251386,21.391826594481188,-13.576147990655105,13.281028923228352
4.154222011566162,-1.14129,-1.47572,3.44567,0.589942,-0.178447,-0.664067,0.0626753,0.428263,0.331528,0.192361,0.659593,0.60945,-0.395608,-0.08,0.585157,0.107591,0.423955,0.561821,0.689713,-0.170045,-2.8794017851895695,10.335219657107782,-41.0716300558706,24.495618644595503,-13.525484899422702,13.049660878634201
4.155235767364502,-1.14129,-1.47572,3.44567,0.589942,-0.178447,-0.664067,0.0626753,0.428263,0.331528,0.192361,0.659593,0.60945,-0.395608,-0.08,0.585157,0.107591,0.423955,0.561821,0.689713,-0.170045,-2.8794017851895695,10.335219657107782,-41.0716300558706,24.495618644595503,-13.525484899422702,13.049660878634201
4.198071479797363,-2.79107,-1.32691,3.19211,0.74819,0.0576062,-0.937289,0.0618743,0.428768,0.332216,0.190787,0.660966,0.61019,-0.392929,-0.0926719,0.582247,0.108571,0.435953,0.545408,0.701237,-0.144019,-3.0276360313512627,8.953053962560034,-44.83715544504666,25.197343151670303,-12.500519038242949,13.137872573514487
4.19901442527771,-2.79107,-1.32691,3.19211,0.74819,0.0576062,-0.937289,0.0618743,0.428768,0.332216,0.190787,0.660966,0.61019,-0.392929,-0.0926719,0.582247,0.108571,0.435953,0.545408,0.701237,-0.144019,-3.0276360313512627,8.953053962560034,-44.83715544504666,25.197343151670303,-12.500519038242949,13.137872573514487
4.2423741817474365,-1.45837,-2.6655,4.16723,0.570022,-0.301259,-1.38248,0.0617332,0.428841,0.332399,0.192822,0.658631,0.611379,-0.394007,-0.0957687,0.581138,0.109585,0.435399,0.539794,0.70676,-0.139787,-3.3566144493109955,8.369975535274966,-45.30392530635988,26.061191964199114,-11.641492524927775,14.882426706852614
4.2433507442474365,-1.45837,-2.6655,4.16723,0.570022,-0.301259,-1.38248,0.0617332,0.428841,0.332399,0.192822,0.658631,0.611379,-0.394007,-0.0957687,0.581138,0.109585,0.435399,0.539794,0.70676,-0.139787,-3.3566144493109955,8.369975535274966,-45.30392530635988,26.061191964199114,-11.641492524927775,14.882426706852614
4.287188768386841,-1.10525,-2.60885,3.39188,0.697784,-0.0721025,-1.56121,0.0618249,0.428743,0.332102,0.19423,0.658932,0.611461,-0.392681,-0.0982534,0.579744,0.108969,0.440104,0.536635,0.707548,-0.133069,-3.434720900499277,8.26275725238472,-46.11458358875209,26.377735621462328,-12.578308025664725,14.47135254952233
4.288167238235474,-1.10525,-2.60885,3.39188,0.697784,-0.0721025,-1.56121,0.0618249,0.428743,0.332102,0.19423,0.658932,0.611461,-0.392681,-0.0982534,0.579744,0.108969,0.440104,0.536635,0.707548,-0.133069,-3.434720900499277,8.26275725238472,-46.11458358875209,26.377735621462328,-12.578308025664725,14.47135254952233
4.332016706466675,-0.517385,-2.68601,3.36416,0.76222,-0.121953,-1.50781,0.0618922,0.42871,0.331758,0.194083,0.658935,0.610132,-0.394811,-0.0987198,0.578904,0.107211,0.448589,0.540685,0.699888,-0.128779,-3.7204802907247294,9.54197191729291,-46.90798217956722,25.97264301780151,-14.378431393562428,12.982498972695751
4.332999229431152,-0.517385,-2.68601,3.36416,0.76222,-0.121953,-1.50781,0.0618922,0.42871,0.331758,0.194083,0.658935,0.610132,-0.394811,-0.0987198,0.578904,0.107211,0.448589,0.540685,0.699888,-0.128779,-3.7204802907247294,9.54197191729291,-46.90798217956722,25.97264301780151,-14.378431393562428,12.982498972695751
4.376641750335693,-0.465704,-3.67076,3.34322,0.433228,-0.110679,-1.05097,0.0619744,0.428651,0.331099,0.192884,0.659099,0.610347,-0.394792,-0.0969167,0.579419,0.104722,0.448495,0.536398,0.700528,-0.142796,-2.2222775453674406,9.30682126959483,-46.084891596109536,27.42046405915194,-13.832071531007319,10.998726721119214
4.377614259719849,-0.465704,-3.67076,3.34322,0.433228,-0.110679,-1.05097,0.0619744,0.428651,0.331099,0.192884,0.659099,0.610347,-0.394792,-0.0969167,0.579419,0.104722,0.448495,0.536398,0.700528,-0.142796,-2.2222775453674406,9.30682126959483,-46.084891596109536,27.42046405915194,-13.832071531007319,10.998726721119214
4.42129111289978,0.0600424,-3.39796,1.72551,0.39001,0.110986,-0.567052,0.0625855,0.428257,0.330669,0.193734,0.658537,0.610472,-0.395122,-0.0917352,0.580766,0.102762,0.445189,0.540917,0.694944,-0.162075,-1.1814308924153631,9.890510413595866,-43.972535233608916,27.969521073279573,-16.064261448343768,9.208520455774472
4.422270059585571,0.0600424,-3.39796,1.72551,0.39001,0.110986,-0.567052,0.0625855,0.428257,0.330669,0.193734,0.658537,0.610472,-0.395122,-0.0917352,0.580766,0.102762,0.445189,0.540917,0.694944,-0.162075,-1.1814308924153631,9.890510413595866,-43.972535233608916,27.969521073279573,-16.064261448343768,9.208520455774472
4.465495824813843,1.41467,-4.19138,1.22175,0.295333,0.122127,-0.638455,0.062632,0.428345,0.33131,0.192991,0.658733,0.609349,-0.396887,-0.0757108,0.586119,0.100303,0.414496,0.554753,0.690671,-0.208363,-0.08470684175141609,9.262382911784078,-37.76885725557032,24.567496056887258,-13.857313437652945,12.933852164565764
4.466418266296387,1.41467,-4.19138,1.22175,0.295333,0.122127,-0.638455,0.062632,0.428345,0.33131,0.192991,0.658733,0.609349,-0.396887,-0.0757108,0.586119,0.100303,0.414496,0.554753,0.690671,-0.208363,-0.08470684175141609,9.262382911784078,-37.76885725557032,24.567496056887258,-13.857313437652945,12.933852164565764
4.509880542755127,0.204047,-3.70301,1.19596,0.204743,0.332827,-0.55606,0.0625982,0.428327,0.331412,0.1915,0.658613,0.609222,-0.398002,-0.0524155,0.59027,0.0942219,0.387957,0.584026,0.663385,-0.261387,1.4530848772006604,11.563931048149053,-30.238607676962545,20.542057600252676,-17.057961056418485,11.895652796981036
4.5107996463775635,0.204047,-3.70301,1.19596,0.204743,0.332827,-0.55606,0.0625982,0.428327,0.331412,0.1915,0.658613,0.609222,-0.398002,-0.0524155,0.59027,0.0942219,0.387957,0.584026,0.663385,-0.261387,1.4530848772006604,11.563931048149053,-30.238607676962545,20.542057600252676,-17.057961056418485,11.895652796981036
4.555161714553833,-0.276816,-2.72155,0.850974,0.0816859,0.514,-0.391622,0.0629197,0.427897,0.330733,0.19316,0.658749,0.60868,-0.397804,-0.0395653,0.59132,0.0874924,0.378111,0.586136,0.655298,-0.289935,3.108531620024451,11.330030506509061,-26.973331209286965,21.70319600295989,-13.593524989251032,12.663969634877516
4.556168556213379,-0.276816,-2.72155,0.850974,0.0816859,0.514,-0.391622,0.0629197,0.427897,0.330733,0.19316,0.658749,0.60868,-0.397804,-0.0395653,0.59132,0.0874924,0.378111,0.586136,0.655298,-0.289935,3.108531620024451,11.330030506509061,-26.973331209286965,21.70319600295989,-13.593524989251032,12.663969634877516
4.600778579711914,2.03522,-2.60635,-1.50045,0.164912,0.65945,-0.32072,0.0639582,0.427549,0.330764,0.192851,0.659753,0.608247,-0.396951,-0.0301461,0.592014,0.0788025,0.380344,0.587855,0.639523,-0.317451,5.88196337819817,12.136550586166921,-24.692181204394736,23.800400195082204,-14.84149155409616,10.143871171693966
4.601704120635986,2.03522,-2.60635,-1.50045,0.164912,0.65945,-0.32072,0.0639582,0.427549,0.330764,0.192851,0.659753,0.608247,-0.396951,-0.0301461,0.592014,0.0788025,0.380344,0.587855,0.639523,-0.317451,5.88196337819817,12.136550586166921,-24.692181204394736,23.800400195082204,-14.84149155409616,10.143871171693966
4.646040916442871,1.33261,-3.08541,-1.11951,0.202546,0.635802,-0.360341,0.0639009,0.427749,0.331564,0.191313,0.662187,0.606838,-0.395798,-0.027272,0.591939,0.0722379,0.387797,0.585474,0.628859,-0.333722,8.297881844528549,12.53750737181759,-24.09875052599331,24.781860678231663,-16.25904418044087,7.212681463020416
4.647010326385498,1.33261,-3.08541,-1.11951,0.202546,0.635802,-0.360341,0.0639009,0.427749,0.331564,0.191313,0.662187,0.606838,-0.395798,-0.027272,0.591939,0.0722379,0.387797,0.585474,0.628859,-0.333722,8.297881844528549,12.53750737181759,-24.09875052599331,24.781860678231663,-16.25904418044087,7.212681463020416
4.691508531570435,1.03339,-2.54537,-1.21196,0.296834,0.672325,-0.344471,0.0636357,0.427834,0.331548,0.191728,0.661537,0.607909,-0.395038,-0.021263,0.590155,0.0615538,0.390514,0.58231,0.616855,-0.357636,10.9661460989174,12.825648150186561,-22.25306159447953,24.494487461270232,-15.611582396934436,6.409648080137509
4.692474126815796,1.03339,-2.54537,-1.21196,0.296834,0.672325,-0.344471,0.0636357,0.427834,0.331548,0.191728,0.661537,0.607909,-0.395038,-0.021263,0.590155,0.0615538,0.390514,0.58231,0.616855,-0.357636,10.9661460989174,12.825648150186561,-22.25306159447953,24.494487461270232,-15.611582396934436,6.409648080137509
4.738030195236206,1.16883,-1.75229,-2.68412,0.421869,0.956105,-0.254825,0.0639867,0.427466,0.33122,0.190468,0.661471,0.608205,-0.395304,-0.0214537,0.586727,0.0499633,0.410613,0.574756,0.606153,-0.365557,13.673916178394512,13.970125186285726,-23.47465051566184,24.053701314139,-15.435080425408751,4.780411441098836
4.73900842666626,1.16883,-1.75229,-2.68412,0.421869,0.956105,-0.254825,0.0639867,0.427466,0.33122,0.190468,0.661471,0.608205,-0.395304,-0.0214537,0.586727,0.0499633,0.410613,0.574756,0.606153,-0.365557,13.673916178394512,13.970125186285726,-23.47465051566184,24.053701314139,-15.435080425408751,4.780411441098836
4.784408330917358,0.797837,-1.78269,-0.210489,0.429385,0.455225,-0.412424,0.0632121,0.4279,0.331113,0.189639,0.664594,0.608163,-0.390499,-0.0255902,0.583483,0.0404033,0.433599,0.564908,0.60174,-0.361635,15.954629242745531,14.49187658166215,-25.81176404496772,21.386720725113072,-16.00917451206203,2.6411039673915466
4.785390615463257,0.797837,-1.78269,-0.210489,0.429385,0.455225,-0.412424,0.0632121,0.4279,0.331113,0.189639,0.664594,0.608163,-0.390499,-0.0255902,0.583483,0.0404033,0.433599,0.564908,0.60174,-0.361635,15.954629242745531,14.49187658166215,-25.81176404496772,21.386720725113072,-16.00917451206203,2.6411039673915466
4.829747915267944,1.56149,-1.4791,-2.44989,0.669097,0.885048,-0.330767,0.0636845,0.427582,0.331537,0.195313,0.659551,0.608072,-0.396351,-0.0352488,0.57608,0.0295292,0.461438,0.545771,0.602726,-0.354867,17.056201499202107,15.209336600564214,-29.038818180590635,21.260961824667255,-15.58520920930528,5.620454337032211
4.830767869949341,1.56149,-1.4791,-2.44989,0.669097,0.885048,-0.330767,0.0636845,0.427582,0.331537,0.195313,0.659551,0.608072,-0.396351,-0.0352488,0.57608,0.0295292,0.461438,0.545771,0.602726,-0.354867,17.056201499202107,15.209336600564214,-29.038818180590635,21.260961824667255,-15.58520920930528,5.620454337032211
4.877256155014038,1.83166,-1.21714,0.315417,1.0796,0.365918,-0.556245,0.0638077,0.427618,0.33117,0.193998,0.660735,0.608348,-0.394597,-0.0485743,0.567071,0.0205143,0.488033,0.526118,0.611499,-0.333305,17.917653085812518,15.294294760939602,-33.73789874779487,14.061593948932785,-15.362002230419993,6.175901560443045
4.878178119659424,1.83166,-1.21714,0.315417,1.0796,0.365918,-0.556245,0.0638077,0.427618,0.33117,0.193998,0.660735,0.608348,-0.394597,-0.0485743,0.567071,0.0205143,0.488033,0.526118,0.611499,-0.333305,17.917653085812518,15.294294760939602,-33.73789874779487,14.061593948932785,-15.362002230419993,6.175901560443045
4.922383546829224,1.08834,-1.66789,-0.989349,1.35083,0.697443,-0.759935,0.0639043,0.4275,0.331454,0.195014,0.659998,0.608189,-0.395573,-0.0559506,0.560293,0.0131043,0.507348,0.506086,0.615253,-0.32854,19.471987240277148,15.078561179193626,-36.447636272788564,13.226045518933498,-13.789648427850537,6.146119612186288
4.923400640487671,1.08834,-1.66789,-0.989349,1.35083,0.697443,-0.759935,0.0639043,0.4275,0.331454,0.195014,0.659998,0.608189,-0.395573,-0.0559506,0.560293,0.0131043,0.507348,0.506086,0.615253,-0.32854,19.471987240277148,15.078561179193626,-36.447636272788564,13.226045518933498,-13.789648427850537,6.146119612186288
4.967770338058472,1.68595,-2.07069,1.01004,1.564,0.229069,-0.941182,0.0631686,0.427887,0.331623,0.194466,0.662171,0.607709,-0.392939,-0.0624319,0.553553,0.00343146,0.527413,0.489291,0.613028,-0.326537,21.749328470589212,15.207924853602584,-38.91843663419429,10.412570070486934,-14.890083969563054,5.008167048118187
4.9687135219573975,1.68595,-2.07069,1.01004,1.564,0.229069,-0.941182,0.0631686,0.427887,0.331623,0.194466,0.662171,0.607709,-0.392939,-0.0624319,0.553553,0.00343146,0.527413,0.489291,0.613028,-0.326537,21.749328470589212,15.207924853602584,-38.91843663419429,10.412570070486934,-14.890083969563054,5.008167048118187
5.012720108032227,1.13515,-3.02252,1.51881,1.47671,0.154076,-1.17896,0.0628238,0.427906,0.330675,0.195783,0.662157,0.608276,-0.391429,-0.0650831,0.548276,-0.00531429,0.542609,0.481227,0.605603,-0.327477,23.420579027650145,16.051497074392877,-40.24526190084893,8.863162183724944,-17.722008583365586,4.04055004787443
5.013833999633789,1.13515,-3.02252,1.51881,1.47671,0.154076,-1.17896,0.0628238,0.427906,0.330675,0.195783,0.662157,0.608276,-0.391429,-0.0650831,0.548276,-0.00531429,0.542609,0.481227,0.605603,-0.327477,23.420579027650145,16.051497074392877,-40.24526190084893,8.863162183724944,-17.722008583365586,4.04055004787443
5.057152986526489,1.62222,-3.07317,1.27271,1.2,0.0862885,-1.02723,0.0623872,0.428166,0.330494,0.196917,0.65942,0.609743,-0.393196,-0.0669996,0.542473,-0.0152083,0.554272,0.466241,0.599722,-0.3402,25.97537711335415,16.26581049314155,-40.740854415501275,9.606564797274087,-17.163456005495373,4.678729375119339
5.058064699172974,1.62222,-3.07317,1.27271,1.2,0.0862885,-1.02723,0.0623872,0.428166,0.330494,0.196917,0.65942,0.609743,-0.393196,-0.0669996,0.542473,-0.0152083,0.554272,0.466241,0.599722,-0.3402,25.97537711335415,16.26581049314155,-40.740854415501275,9.606564797274087,-17.163456005495373,4.678729375119339
5.102903842926025,1.89033,-3.84576,0.0554756,0.619981,0.348893,-0.81923,0.0627407,0.428086,0.330719,0.19698,0.659268,0.609414,-0.393928,-0.0663095,0.539072,-0.0219922,0.561024,0.458489,0.590176,-0.355995,28.34585892840797,16.48570417205386,-40.497527923283165,11.026589079516022,-18.972749009612553,3.643546037880861
5.10394024848938,1.89033,-3.84576,0.0554756,0.619981,0.348893,-0.81923,0.0627407,0.428086,0.330719,0.19698,0.659268,0.609414,-0.393928,-0.0663095,0.539072,-0.0219922,0.561024,0.458489,0.590176,-0.355995,28.34585892840797,16.48570417205386,-40.497527923283165,11.026589079516022,-18.972749009612553,3.643546037880861
5.148471117019653,2.06024,-3.79447,-2.35401,0.241108,0.752019,-0.524979,0.0637306,0.42769,0.330758,0.194296,0.659695,0.608111,-0.396552,-0.0607985,0.534741,-0.0331473,0.557729,0.444813,0.578261,-0.395846,32.536143114991425,15.236765665736764,-38.0221612083975,13.698832500267912,-15.88760881947855,4.43791596866279
5.149413824081421,2.06024,-3.79447,-2.35401,0.241108,0.752019,-0.524979,0.0637306,0.42769,0.330758,0.194296,0.659695,0.608111,-0.396552,-0.0607985,0.534741,-0.0331473,0.557729,0.444813,0.578261,-0.395846,32.536143114991425,15.236765665736764,-38.0221612083975,13.698832500267912,-15.88760881947855,4.43791596866279
5.194210767745972,1.17772,-3.97117,0.975204,-0.0354347,0.184139,-0.595519,0.0630225,0.428144,0.331233,0.189049,0.664054,0.608974,-0.39044,-0.0481834,0.532304,-0.0387025,0.533124,0.461028,0.555648,-0.441007,35.57989104634781,14.068106560635648,-31.59711971581845,6.084770994617219,-19.634022949173882,3.072885432185016
5.19515585899353,1.17772,-3.97117,0.975204,-0.0354347,0.184139,-0.595519,0.0630225,0.428144,0.331233,0.189049,0.664054,0.608974,-0.39044,-0.0481834,0.532304,-0.0387025,0.533124,0.461028,0.555648,-0.441007,35.57989104634781,14.068106560635648,-31.59711971581845,6.084770994617219,-19.634022949173882,3.072885432185016
5.239861488342285,-1.06855,-2.97416,-1.04135,-0.0828666,0.949242,-0.483369,0.0630061,0.428178,0.331837,0.189568,0.664772,0.608771,-0.389282,-0.0220191,0.523404,-0.0528395,-0.488401,-0.473649,-0.504715,0.531398,41.041799749316226,10.852964805181875,-18.34468890944101,6.198285657162274,-21.044970679389344,2.8455362826259956
5.240802049636841,-1.06855,-2.97416,-1.04135,-0.0828666,0.949242,-0.483369,0.0630061,0.428178,0.331837,0.189568,0.664772,0.608771,-0.389282,-0.0220191,0.523404,-0.0528395,-0.488401,-0.473649,-0.504715,0.531398,41.041799749316226,10.852964805181875,-18.34468890944101,6.198285657162274,-21.044970679389344,2.8455362826259956
5.285588979721069,-0.20134,-3.20443,0.588522,-0.113495,0.559255,-0.498151,0.0626118,0.428395,0.331467,0.192944,0.659184,0.609204,-0.396383,-0.00467155,0.512415,-0.0652459,-0.46421,-0.471555,-0.46305,0.589687,44.60530551310005,8.901006815533819,-9.661821177977417,12.032147062472,-16.14693903958483,2.41755254468689
5.286524534225464,-0.20134,-3.20443,0.588522,-0.113495,0.559255,-0.498151,0.0626118,0.428395,0.331467,0.192944,0.659184,0.609204,-0.396383,-0.00467155,0.512415,-0.0652459,-0.46421,-0.471555,-0.46305,0.589687,44.60530551310005,8.901006815533819,-9.661821177977417,12.032147062472,-16.14693903958483,2.41755254468689
5.33210015296936,1.27495,-3.73477,0.482963,-0.263765,0.357621,-0.59601,0.0632883,0.427747,0.330315,0.192463,0.661226,0.607517,-0.395805,0.0132135,0.498541,-0.0765441,-0.44165,-0.475417,-0.424275,0.631596,47.58887139960423,7.088538825601861,-2.3434117338094786,9.828313377750934,-12.96260468520982,2.2389467659860447
5.333085298538208,1.27495,-3.73477,0.482963,-0.263765,0.357621,-0.59601,0.0632883,0.427747,0.330315,0.192463,0.661226,0.607517,-0.395805,0.0132135,0.498541,-0.0765441,-0.44165,-0.475417,-0.424275,0.631596,47.58887139960423,7.088538825601861,-2.3434117338094786,9.828313377750934,-12.96260468520982,2.2389467659860447
5.3784565925598145,-2.42242,-6.53435,-0.444553,-0.546237,0.823814,-1.26366,0.0628819,0.428103,0.331086,0.193128,0.659364,0.608729,-0.396725,0.0291424,0.483078,-0.0851854,-0.411878,-0.477732,-0.382512,0.675139,50.02139021928706,4.713462235932,7.085223337535947,8.349704032563558,-9.301234106135208,2.250019710752469
5.379438877105713,-2.42242,-6.53435,-0.444553,-0.546237,0.823814,-1.26366,0.0628819,0.428103,0.331086,0.193128,0.659364,0.608729,-0.396725,0.0291424,0.483078,-0.0851854,-0.411878,-0.477732,-0.382512,0.675139,50.02139021928706,4.713462235932,7.085223337535947,8.349704032563558,-9.301234106135208,2.250019710752469
5.424854755401611,0.767967,-4.40718,-1.22624,-0.20337,0.600475,-0.778707,0.0624651,0.428422,0.332132,0.189761,0.662115,0.608538,-0.394051,0.0275639,0.475813,-0.089149,-0.432153,-0.46886,-0.373894,0.673511,52.890190818069584,5.483092202680591,4.351413648048606,4.643137494623396,-9.068363608092717,1.7184108691660414
5.425779342651367,0.767967,-4.40718,-1.22624,-0.20337,0.600475,-0.778707,0.0624651,0.428422,0.332132,0.189761,0.662115,0.608538,-0.394051,0.0275639,0.475813,-0.089149,-0.432153,-0.46886,-0.373894,0.673511,52.890190818069584,5.483092202680591,4.351413648048606,4.643137494623396,-9.068363608092717,1.7184108691660414
5.469858646392822,-1.88213,-2.93904,-1.60077,0.0562151,1.14358,-0.586592,0.0631685,0.428045,0.332002,0.194384,0.65954,0.608756,-0.395775,0.0227788,0.468736,-0.0927126,-0.457574,-0.456426,-0.375404,0.66436,54.17586231745159,6.421769748628948,0.48569001594285566,4.296495307931342,-9.893705491816405,2.6462891924911824
5.470783948898315,-1.88213,-2.93904,-1.60077,0.0562151,1.14358,-0.586592,0.0631685,0.428045,0.332002,0.194384,0.65954,0.608756,-0.395775,0.0227788,0.468736,-0.0927126,-0.457574,-0.456426,-0.375404,0.66436,54.17586231745159,6.421769748628948,0.48569001594285566,4.296495307931342,-9.893705491816405,2.6462891924911824
5.515222787857056,-0.0584979,-2.88438,-0.608594,0.171987,0.866635,-0.589411,0.0631893,0.428043,0.331411,0.193705,0.659128,0.609444,-0.395734,0.0182685,0.460569,-0.0981108,-0.479732,-0.440636,-0.370783,0.661979,56.73306606329396,6.970500968502326,-2.751890852464051,2.8061002335193095,-9.588510576954945,2.502782606673615
5.51613712310791,-0.0584979,-2.88438,-0.608594,0.171987,0.866635,-0.589411,0.0631893,0.428043,0.331411,0.193705,0.659128,0.609444,-0.395734,0.0182685,0.460569,-0.0981108,-0.479732,-0.440636,-0.370783,0.661979,56.73306606329396,6.970500968502326,-2.751890852464051,2.8061002335193095,-9.588510576954945,2.502782606673615
5.5602500438690186,0.213561,-2.69745,-0.35473,0.167702,0.898783,-0.575617,0.0632151,0.427907,0.331147,0.188908,0.664439,0.608273,-0.390946,0.00769738,0.456201,-0.101736,0.516187,0.42135,0.382917,-0.639836,59.07863205932149,8.676719246200564,-11.642774843959021,-2.5254401146947867,-10.582972170481934,3.4366451378640823
5.561183452606201,0.213561,-2.69745,-0.35473,0.167702,0.898783,-0.575617,0.0632151,0.427907,0.331147,0.188908,0.664439,0.608273,-0.390946,0.00769738,0.456201,-0.101736,0.516187,0.42135,0.382917,-0.639836,59.07863205932149,8.676719246200564,-11.642774843959021,-2.5254401146947867,-10.582972170481934,3.4366451378640823
5.605425834655762,0.88095,-2.51391,-0.467823,0.288611,0.952547,-0.508793,0.062917,0.428039,0.331016,0.189681,0.663943,0.608517,-0.391034,-0.00739532,0.45426,-0.103471,0.559104,0.398031,0.409097,-0.601343,59.255631566716886,11.291734503701942,-22.88270115869013,-4.339705514047958,-10.096805499811843,5.608415906452509
5.606379270553589,0.88095,-2.51391,-0.467823,0.288611,0.952547,-0.508793,0.062917,0.428039,0.331016,0.189681,0.663943,0.608517,-0.391034,-0.00739532,0.45426,-0.103471,0.559104,0.398031,0.409097,-0.601343,59.255631566716886,11.291734503701942,-22.88270115869013,-4.339705514047958,-10.096805499811843,5.608415906452509
5.651310682296753,0.492327,-3.04257,0.326693,0.364463,0.896801,-0.697041,0.063423,0.427692,0.330753,0.190568,0.664497,0.607666,-0.390985,-0.0218991,0.45005,-0.105332,0.596803,0.371716,0.431196,-0.565441,59.42964413551672,13.413260393140368,-32.95162913121293,-5.121093040811796,-10.369231787560256,6.64073565288335
5.652231454849243,0.492327,-3.04257,0.326693,0.364463,0.896801,-0.697041,0.063423,0.427692,0.330753,0.190568,0.664497,0.607666,-0.390985,-0.0218991,0.45005,-0.105332,0.596803,0.371716,0.431196,-0.565441,59.42964413551672,13.413260393140368,-32.95162913121293,-5.121093040811796,-10.369231787560256,6.64073565288335
5.69665002822876,0.0595965,-3.31932,1.37774,0.64481,0.70186,-0.756071,0.0634356,0.427764,0.330863,0.195828,0.659027,0.60894,-0.395634,-0.0368991,0.446658,-0.105453,0.627526,0.347668,0.453315,-0.529003,58.19470737596355,15.452678729233865,-40.69759451908859,-1.9998759060422087,-10.752811756416097,7.714842775205788
5.697662830352783,0.0595965,-3.31932,1.37774,0.64481,0.70186,-0.756071,0.0634356,0.427764,0.330863,0.195828,0.659027,0.60894,-0.395634,-0.0368991,0.446658,-0.105453,0.627526,0.347668,0.453315,-0.529003,58.19470737596355,15.452678729233865,-40.69759451908859,-1.9998759060422087,-10.752811756416097,7.714842775205788
5.742896318435669,-1.49595,-4.718,3.2865,0.93717,0.263395,-1.32533,0.0630327,0.427856,0.330776,0.193136,0.66184,0.60772,-0.394136,-0.0478272,0.441973,-0.105386,0.654119,0.329153,0.46883,-0.493949,57.802269343679946,17.576830459589242,-48.8969054184069,-5.878218715881975,-11.076378351460002,7.808490747251554
5.743855714797974,-1.49595,-4.718,3.2865,0.93717,0.263395,-1.32533,0.0630327,0.427856,0.330776,0.193136,0.66184,0.60772,-0.394136,-0.0478272,0.441973,-0.105386,0.654119,0.329153,0.46883,-0.493949,57.802269343679946,17.576830459589242,-48.8969054184069,-5.878218715881975,-11.076378351460002,7.808490747251554
5.789348125457764,-1.14647,-2.74199,3.19731,1.42262,0.185426,-1.10495,0.0622678,0.428366,0.330738,0.195943,0.659884,0.60902,-0.394022,-0.0551442,0.437457,-0.105371,0.665113,0.31789,0.475704,-0.479871,57.51976830660683,18.05446562380262,-51.43330629928343,-7.052105207337314,-13.345467128406543,7.738981378277366
5.790341854095459,-1.14647,-2.74199,3.19731,1.42262,0.185426,-1.10495,0.0622678,0.428366,0.330738,0.195943,0.659884,0.60902,-0.394022,-0.0551442,0.437457,-0.105371,0.665113,0.31789,0.475704,-0.479871,57.51976830660683,18.05446562380262,-51.43330629928343,-7.052105207337314,-13.345467128406543,7.738981378277366
5.835865259170532,0.5394,-1.84451,2.2133,1.54646,0.214448,-0.897085,0.0625149,0.428098,0.330476,0.19478,0.659202,0.609043,-0.395703,-0.0589668,0.432301,-0.106153,0.671742,0.305444,0.478759,-0.475664,58.1436534956867,18.255867439602028,-53.613033893902724,-7.722167385065921,-12.140675694314394,7.773470635169419
5.836808443069458,0.5394,-1.84451,2.2133,1.54646,0.214448,-0.897085,0.0625149,0.428098,0.330476,0.19478,0.659202,0.609043,-0.395703,-0.0589668,0.432301,-0.106153,0.671742,0.305444,0.478759,-0.475664,58.1436534956867,18.255867439602028,-53.613033893902724,-7.722167385065921,-12.140675694314394,7.773470635169419
5.894713878631592,1.93656,-3.6156,1.04165,0.976119,0.350846,-0.999587,0.0630372,0.427919,0.330451,0.193859,0.661252,0.607696,-0.394803,-0.0605175,0.427263,-0.107758,0.67289,0.295101,0.476763,-0.482525,59.538400126577265,17.550000548711417,-54.21368354495087,-8.559476080850562,-12.276530471031307,7.728524638416337
5.895648241043091,1.93656,-3.6156,1.04165,0.976119,0.350846,-0.999587,0.0630372,0.427919,0.330451,0.193859,0.661252,0.607696,-0.394803,-0.0605175,0.427263,-0.107758,0.67289,0.295101,0.476763,-0.482525,59.538400126577265,17.550000548711417,-54.21368354495087,-8.559476080850562,-12.276530471031307,7.728524638416337
5.940441370010376,2.22965,-3.41511,-0.0511959,0.445901,0.581867,-0.599088,0.0633458,0.427763,0.330564,0.19558,0.6592,0.608521,-0.396113,-0.0599897,0.426143,-0.108464,0.668486,0.293345,0.474451,-0.491906,59.992816619019,16.784495261588784,-52.51173904566354,-6.774208083791704,-12.056597084537373,8.159379870307932
5.941383600234985,2.22965,-3.41511,-0.0511959,0.445901,0.581867,-0.599088,0.0633458,0.427763,0.330564,0.19558,0.6592,0.608521,-0.396113,-0.0599897,0.426143,-0.108464,0.668486,0.293345,0.474451,-0.491906,59.992816619019,16.784495261588784,-52.51173904566354,-6.774208083791704,-12.056597084537373,8.159379870307932
5.986718416213989,-0.76095,-4.3656,0.796388,-0.0142652,0.753322,-0.705669,0.0631241,0.42785,0.330442,0.193188,0.661718,0.606997,-0.395427,-0.0540605,0.427633,-0.109815,0.657265,0.301715,0.46333,-0.512149,61.09202839448374,15.872694232010865,-49.572306437705016,-7.003328339565469,-11.130001073296858,8.154499952431966
5.987656593322754,-0.76095,-4.3656,0.796388,-0.0142652,0.753322,-0.705669,0.0631241,0.42785,0.330442,0.193188,0.661718,0.606997,-0.395427,-0.0540605,0.427633,-0.109815,0.657265,0.301715,0.46333,-0.512149,61.09202839448374,15.872694232010865,-49.572306437705016,-7.003328339565469,-11.130001073296858,8.154499952431966
6.032769441604614,0.156621,-3.97777,1.36676,-0.126029,0.464566,-0.66601,0.063474,0.427644,0.330216,0.192272,0.662164,0.60671,-0.395567,-0.0298483,0.428972,-0.114041,0.61123,0.339198,0.411476,-0.584833,64.01845461708983,12.62749283588408,-35.23268576857963,-4.514047088355115,-13.30665372678093,7.052076948691741
6.033813714981079,0.156621,-3.97777,1.36676,-0.126029,0.464566,-0.66601,0.063474,0.427644,0.330216,0.192272,0.662164,0.60671,-0.395567,-0.0298483,0.428972,-0.114041,0.61123,0.339198,0.411476,-0.584833,64.01845461708983,12.62749283588408,-35.23268576857963,-4.514047088355115,-13.30665372678093,7.052076948691741
6.078478097915649,0.31578,-4.41973,1.38828,-0.184921,0.501827,-0.834729,0.0631458,0.427841,0.330138,0.191752,0.663719,0.607641,-0.391766,-0.00447076,0.423481,-0.118011,0.571698,0.371723,0.354571,-0.639737,66.85129091739502,10.046049254699588,-22.531395052729422,-4.342258315668379,-15.390070378335876,5.856032272764855
6.079413652420044,0.31578,-4.41973,1.38828,-0.184921,0.501827,-0.834729,0.0631458,0.427841,0.330138,0.191752,0.663719,0.607641,-0.391766,-0.00447076,0.423481,-0.118011,0.571698,0.371723,0.354571,-0.639737,66.85129091739502,10.046049254699588,-22.531395052729422,-4.342258315668379,-15.390070378335876,5.856032272764855
6.125096797943115,1.10044,-2.41289,0.618498,0.126672,0.642295,-0.365557,0.0631512,0.427816,0.330591,0.191368,0.661287,0.608126,-0.395298,-0.00294382,0.420399,-0.119315,0.581654,0.368207,0.349075,-0.635806,67.64584463388977,11.291738932106204,-25.900397200429992,-2.605326557032561,-13.201157607611508,6.068019310638077
6.126032829284668,1.10044,-2.41289,0.618498,0.126672,0.642295,-0.365557,0.0631512,0.427816,0.330591,0.191368,0.661287,0.608126,-0.395298,-0.00294382,0.420399,-0.119315,0.581654,0.368207,0.349075,-0.635806,67.64584463388977,11.291738932106204,-25.900397200429992,-2.605326557032561,-13.201157607611508,6.068019310638077
6.1719067096710205,-0.0853829,-3.59084,1.49403,-0.0908216,0.580637,-0.675142,0.0633023,0.427733,0.330354,0.193241,0.661904,0.60741,-0.394455,0.000829846,0.415236,-0.122063,0.589701,0.368692,0.336998,-0.634627,68.80453211600737,12.10931686488413,-28.32159598502005,-2.2292567925796574,-14.758439571674195,6.646452451032236
6.172845363616943,-0.0853829,-3.59084,1.49403,-0.0908216,0.580637,-0.675142,0.0633023,0.427733,0.330354,0.193241,0.661904,0.60741,-0.394455,0.000829846,0.415236,-0.122063,0.589701,0.368692,0.336998,-0.634627,68.80453211600737,12.10931686488413,-28.32159598502005,-2.2292567925796574,-14.758439571674195,6.646452451032236
6.218344211578369,-0.155925,-3.89608,1.77239,-0.153207,0.541226,-0.706587,0.0635055,0.427703,0.329981,0.193952,0.659731,0.607328,-0.397858,0.0015878,0.40768,-0.125223,0.599243,0.360448,0.326534,-0.635894,70.35047071466236,12.76716445018523,-31.376728037176168,-0.8525449224731303,-13.78947211781941,7.23903915883926
6.219285249710083,-0.155925,-3.89608,1.77239,-0.153207,0.541226,-0.706587,0.0635055,0.427703,0.329981,0.193952,0.659731,0.607328,-0.397858,0.0015878,0.40768,-0.125223,0.599243,0.360448,0.326534,-0.635894,70.35047071466236,12.76716445018523,-31.376728037176168,-0.8525449224731303,-13.78947211781941,7.23903915883926
6.264941930770874,-0.43933,-3.17507,0.893486,0.069884,0.792465,-0.659612,0.063162,0.427635,0.329937,0.190948,0.661312,0.607048,-0.397112,-0.00274208,0.401305,-0.126887,0.612963,0.346345,0.329252,-0.629218,71.77680216136103,13.429327772342077,-36.78073786990125,-4.264196471074726,-12.59144370671367,8.670862936036059
6.26587986946106,-0.43933,-3.17507,0.893486,0.069884,0.792465,-0.659612,0.063162,0.427635,0.329937,0.190948,0.661312,0.607048,-0.397112,-0.00274208,0.401305,-0.126887,0.612963,0.346345,0.329252,-0.629218,71.77680216136103,13.429327772342077,-36.78073786990125,-4.264196471074726,-12.59144370671367,8.670862936036059
6.310695648193359,-0.0667181,-2.58832,1.08475,0.227163,0.790807,-0.534607,0.0631293,0.427851,0.330573,0.192446,0.661862,0.607509,-0.394761,-0.0185557,0.394133,-0.127372,0.648473,0.308443,0.356984,-0.597418,72.48070850250134,14.830402279624844,-47.941245421566485,-7.364288544414208,-12.06137517450625,9.815031604603504
6.311620235443115,-0.0667181,-2.58832,1.08475,0.227163,0.790807,-0.534607,0.0631293,0.427851,0.330573,0.192446,0.661862,0.607509,-0.394761,-0.0185557,0.394133,-0.127372,0.648473,0.308443,0.356984,-0.597418,72.48070850250134,14.830402279624844,-47.941245421566485,-7.364288544414208,-12.06137517450625,9.815031604603504
6.357040643692017,0.593838,-2.66207,1.26822,0.43154,0.618022,-0.681466,0.0634734,0.427657,0.330511,0.195077,0.659085,0.609627,-0.39485,-0.0349497,0.387426,-0.126711,0.678421,0.270471,0.388606,-0.561761,72.07155344548285,16.129430359970396,-56.87276974755818,-8.491034738390617,-10.784309872744803,10.384231003297527
6.358006715774536,0.593838,-2.66207,1.26822,0.43154,0.618022,-0.681466,0.0634734,0.427657,0.330511,0.195077,0.659085,0.609627,-0.39485,-0.0349497,0.387426,-0.126711,0.678421,0.270471,0.388606,-0.561761,72.07155344548285,16.129430359970396,-56.87276974755818,-8.491034738390617,-10.784309872744803,10.384231003297527
6.402770757675171,-0.0758085,-3.51017,2.21479,0.460664,0.54023,-1.04597,0.0633756,0.427721,0.330364,0.193649,0.662118,0.60724,-0.394156,-0.0408937,0.38028,-0.12664,0.687967,0.253326,0.393148,-0.554943,73.021351108491,16.411687684877865,-61.481545627570746,-11.371931844076697,-11.07393615338504,10.757439854823321
6.403817892074585,-0.0758085,-3.51017,2.21479,0.460664,0.54023,-1.04597,0.0633756,0.427721,0.330364,0.193649,0.662118,0.60724,-0.394156,-0.0408937,0.38028,-0.12664,0.687967,0.253326,0.393148,-0.554943,73.021351108491,16.411687684877865,-61.481545627570746,-11.371931844076697,-11.07393615338504,10.757439854823321
6.4494428634643555,1.36975,-1.45865,1.44476,1.06853,0.624726,-0.711284,0.0628126,0.427999,0.330355,0.189592,0.663399,0.608193,-0.392503,-0.0485455,0.373727,-0.125602,0.698499,0.235895,0.400955,-0.543772,74.00173738865584,16.97717396370484,-66.81575981051114,-15.946908771201223,-11.41213427563399,11.417664535385965
6.450366735458374,1.36975,-1.45865,1.44476,1.06853,0.624726,-0.711284,0.0628126,0.427999,0.330355,0.189592,0.663399,0.608193,-0.392503,-0.0485455,0.373727,-0.125602,0.698499,0.235895,0.400955,-0.543772,74.00173738865584,16.97717396370484,-66.81575981051114,-15.946908771201223,-11.41213427563399,11.417664535385965
6.496282577514648,1.18342,-3.10524,2.33735,0.890793,0.495665,-1.09485,0.0627065,0.428067,0.330413,0.189529,0.663177,0.608661,-0.392182,-0.0507809,0.370437,-0.125348,0.699553,0.226061,0.403771,-0.54451,74.58766445770345,16.45210245739223,-67.79686356346664,-16.466580181478168,-10.04776501968409,11.814881197981183
6.4973061084747314,1.18342,-3.10524,2.33735,0.890793,0.495665,-1.09485,0.0627065,0.428067,0.330413,0.189529,0.663177,0.608661,-0.392182,-0.0507809,0.370437,-0.125348,0.699553,0.226061,0.403771,-0.54451,74.58766445770345,16.45210245739223,-67.79686356346664,-16.466580181478168,-10.04776501968409,11.814881197981183
6.543010234832764,1.44691,-2.62978,2.5767,0.752517,0.396642,-0.938041,0.0631561,0.427832,0.330139,0.191892,0.663102,0.608348,-0.391646,-0.0511957,0.365522,-0.12628,0.705373,0.21774,0.402233,-0.541523,75.15318948169124,16.605521985094317,-69.9372563040776,-16.258222563751715,-10.827773374013907,11.912541013917515
6.5440146923065186,1.44691,-2.62978,2.5767,0.752517,0.396642,-0.938041,0.0631561,0.427832,0.330139,0.191892,0.663102,0.608348,-0.391646,-0.0511957,0.365522,-0.12628,0.705373,0.21774,0.402233,-0.541523,75.15318948169124,16.605521985094317,-69.9372563040776,-16.258222563751715,-10.827773374013907,11.912541013917515
6.590378999710083,1.93459,-2.65813,2.3875,0.355428,0.344889,-0.631684,0.0637271,0.427487,0.329566,0.195528,0.659309,0.608076,-0.39664,-0.0495326,0.360163,-0.128096,0.706057,0.212202,0.393247,-0.549373,75.94884519663512,16.474643967298793,-70.21496220571669,-12.565273384146124,-10.136848930666702,11.825426660360685
6.59130597114563,1.93459,-2.65813,2.3875,0.355428,0.344889,-0.631684,0.0637271,0.427487,0.329566,0.195528,0.659309,0.608076,-0.39664,-0.0495326,0.360163,-0.128096,0.706057,0.212202,0.393247,-0.549373,75.94884519663512,16.474643967298793,-70.21496220571669,-12.565273384146124,-10.136848930666702,11.825426660360685
6.637162446975708,2.76342,-3.34917,1.85951,-0.138131,0.341027,-0.470294,0.0636921,0.427474,0.329356,0.195111,0.662652,0.607225,-0.392558,-0.0459963,0.355608,-0.129975,0.702401,0.209949,0.379871,-0.564138,77.96344084860728,15.37982797790292,-71.34909106715342,-13.59147234469036,-11.147249889522918,12.192744927383673
6.638087511062622,2.76342,-3.34917,1.85951,-0.138131,0.341027,-0.470294,0.0636921,0.427474,0.329356,0.195111,0.662652,0.607225,-0.392558,-0.0459963,0.355608,-0.129975,0.702401,0.209949,0.379871,-0.564138,77.96344084860728,15.37982797790292,-71.34909106715342,-13.59147234469036,-11.147249889522918,12.192744927383673
6.684101104736328,0.970633,-2.41626,1.91925,-0.1611,0.438544,-0.368899,0.0638061,0.42734,0.329722,0.195905,0.658492,0.608069,-0.39782,-0.0307763,0.350317,-0.131817,0.686991,0.230532,0.337579,-0.600782,80.42746577671397,14.40432520538835,-68.43047755040139,-10.892095774810127,-11.228081631075971,11.536620348526997
6.685026168823242,0.970633,-2.41626,1.91925,-0.1611,0.438544,-0.368899,0.0638061,0.42734,0.329722,0.195905,0.658492,0.608069,-0.39782,-0.0307763,0.350317,-0.131817,0.686991,0.230532,0.337579,-0.600782,80.42746577671397,14.40432520538835,-68.43047755040139,-10.892095774810127,-11.228081631075971,11.536620348526997
6.730361700057983,0.520365,-2.13301,1.00269,-0.198242,0.602509,-0.43553,0.0637496,0.427515,0.33008,0.195236,0.659468,0.607846,-0.396873,-0.00493662,0.342365,-0.132419,0.651892,0.266913,0.273581,-0.654941,83.59667056739129,11.33290567413882,-61.87101323445408,-12.046976368003197,-11.152809916721088,11.45475062810512
6.73128604888916,0.520365,-2.13301,1.00269,-0.198242,0.602509,-0.43553,0.0637496,0.427515,0.33008,0.195236,0.659468,0.607846,-0.396873,-0.00493662,0.342365,-0.132419,0.651892,0.266913,0.273581,-0.654941,83.59667056739129,11.33290567413882,-61.87101323445408,-12.046976368003197,-11.152809916721088,11.45475062810512
6.776247024536133,0.216947,-2.35937,0.83523,-0.267053,0.613655,-0.492832,0.0637632,0.427538,0.330304,0.194774,0.659804,0.608352,-0.395764,0.00698716,0.334847,-0.131862,0.632532,0.275049,0.242889,-0.682097,85.46988804987937,8.89620298008631,-59.77350902906567,-13.238042243496512,-8.017840687089262,11.338517132772601
6.777166366577148,0.216947,-2.35937,0.83523,-0.267053,0.613655,-0.492832,0.0637632,0.427538,0.330304,0.194774,0.659804,0.608352,-0.395764,0.00698716,0.334847,-0.131862,0.632532,0.275049,0.242889,-0.682097,85.46988804987937,8.89620298008631,-59.77350902906567,-13.238042243496512,-8.017840687089262,11.338517132772601
6.822230339050293,0.326821,-2.70488,1.47558,-0.384197,0.432517,-0.570591,0.0636697,0.427494,0.330074,0.195392,0.659102,0.607829,-0.397431,0.015459,0.325303,-0.13161,0.624025,0.280512,0.211509,-0.697975,87.39800650204425,7.979666446932658,-55.089485594100694,-12.393608823617775,-8.034034805400344,11.05191155625863
6.823194265365601,0.326821,-2.70488,1.47558,-0.384197,0.432517,-0.570591,0.0636697,0.427494,0.330074,0.195392,0.659102,0.607829,-0.397431,0.015459,0.325303,-0.13161,0.624025,0.280512,0.211509,-0.697975,87.39800650204425,7.979666446932658,-55.089485594100694,-12.393608823617775,-8.034034805400344,11.05191155625863
6.877904176712036,0.11311,-2.82262,1.34225,-0.418095,0.464004,-0.605924,0.0636691,0.427516,0.32969,0.195015,0.6593,0.608314,-0.396543,0.0179128,0.316784,-0.130932,0.622956,0.273428,0.197688,-0.70575,89.1595748945437,7.065333522367027,-55.089485594100694,-14.396329045249649,-6.910670944392944,11.60107046380648
6.878824472427368,0.11311,-2.82262,1.34225,-0.418095,0.464004,-0.605924,0.0636691,0.427516,0.32969,0.195015,0.6593,0.608314,-0.396543,0.0179128,0.316784,-0.130932,0.622956,0.273428,0.197688,-0.70575,89.1595748945437,7.065333522367027,-55.089485594100694,-14.396329045249649,-6.910670944392944,11.60107046380648
6.924823045730591,0.520445,-2.10765,1.5949,-0.220659,0.544902,-0.488769,0.0638157,0.427476,0.330061,0.195273,0.659632,0.607549,-0.397037,0.0135198,0.312332,-0.130383,0.636043,0.260368,0.198958,-0.698623,90.34177330176068,7.435855777754541,-55.089485594100694,-14.094942872714622,-8.684271961048571,11.744072041603705
6.925809860229492,0.520445,-2.10765,1.5949,-0.220659,0.544902,-0.488769,0.0638157,0.427476,0.330061,0.195273,0.659632,0.607549,-0.397037,0.0135198,0.312332,-0.130383,0.636043,0.260368,0.198958,-0.698623,90.34177330176068,7.435855777754541,-55.089485594100694,-14.094942872714622,-8.684271961048571,11.744072041603705
6.971777439117432,1.79045,-1.89215,0.851303,-0.0924194,0.686508,-0.390427,0.0636912,0.427557,0.330464,0.194831,0.659847,0.608539,-0.395377,-0.00157966,0.310276,-0.130014,0.667141,0.224372,0.235521,-0.670157,90.72251853043063,7.435855777754541,-55.089485594100694,-16.837088331969788,-7.826218611720217,13.506327335715655
6.972750902175903,1.79045,-1.89215,0.851303,-0.0924194,0.686508,-0.390427,0.0636912,0.427557,0.330464,0.194831,0.659847,0.608539,-0.395377,-0.00157966,0.310276,-0.130014,0.667141,0.224372,0.235521,-0.670157,90.72251853043063,7.435855777754541,-55.089485594100694,-16.837088331969788,-7.826218611720217,13.506327335715655
7.018678188323975,2.29742,-2.1149,0.540214,0.11809,0.882029,-0.44649,0.0636245,0.427625,0.330667,0.194771,0.659927,0.608489,-0.395349,-0.0192244,0.307272,-0.129257,0.696656,0.187161,0.274225,-0.635957,90.37686106393419,7.435855777754541,-55.089485594100694,-18.287805006329673,-8.187360912012162,15.164675381974405
7.0195982456207275,2.29742,-2.1149,0.540214,0.11809,0.882029,-0.44649,0.0636245,0.427625,0.330667,0.194771,0.659927,0.608489,-0.395349,-0.0192244,0.307272,-0.129257,0.696656,0.187161,0.274225,-0.635957,90.37686106393419,7.435855777754541,-55.089485594100694,-18.287805006329673,-8.187360912012162,15.164675381974405
7.065490007400513,1.4132,-2.466,2.7569,0.315944,0.612371,-0.56866,0.0638057,0.427483,0.330529,0.196075,0.659122,0.608268,-0.396388,-0.0364397,0.304308,-0.127389,0.720794,0.152943,0.311817,-0.599862,89.1700609752434,14.61129887446764,-55.089485594100694,-18.746093919931326,-9.3255437663277,15.297624524990331
7.066417217254639,1.4132,-2.466,2.7569,0.315944,0.612371,-0.56866,0.0638057,0.427483,0.330529,0.196075,0.659122,0.608268,-0.396388,-0.0364397,0.304308,-0.127389,0.720794,0.152943,0.311817,-0.599862,89.1700609752434,14.61129887446764,-55.089485594100694,-18.746093919931326,-9.3255437663277,15.297624524990331
7.111907243728638,2.53596,-1.52774,2.56089,0.533413,0.647622,-0.531369,0.0638594,0.427381,0.329821,0.196282,0.659007,0.608176,-0.396618,-0.0402122,0.30137,-0.126937,0.728059,0.139969,0.322357,-0.588579,89.01392583273022,15.234751030635376,-55.089485594100694,-19.738232329447378,-7.969750325398321,15.827521027107952
7.11285662651062,2.53596,-1.52774,2.56089,0.533413,0.647622,-0.531369,0.0638594,0.427381,0.329821,0.196282,0.659007,0.608176,-0.396618,-0.0402122,0.30137,-0.126937,0.728059,0.139969,0.322357,-0.588579,89.01392583273022,15.234751030635376,-55.089485594100694,-19.738232329447378,-7.969750325398321,15.827521027107952
7.15892767906189,4.11821,-1.98745,3.9335,0.598154,0.26509,-0.602931,0.0635773,0.427539,0.329713,0.194774,0.658864,0.608539,-0.39704,-0.045262,0.297777,-0.125724,0.735998,0.12717,0.332054,-0.576085,89.04022752390033,16.136048955812342,-55.089485594100694,-21.525899936082126,-7.554079924526998,16.896922732983686
7.159884691238403,4.11821,-1.98745,3.9335,0.598154,0.26509,-0.602931,0.0635773,0.427539,0.329713,0.194774,0.658864,0.608539,-0.39704,-0.045262,0.297777,-0.125724,0.735998,0.12717,0.332054,-0.576085,89.04022752390033,16.136048955812342,-55.089485594100694,-21.525899936082126,-7.554079924526998,16.896922732983686
7.206691741943359,3.92778,-2.26531,3.26043,0.397555,0.347779,-0.612275,0.0639384,0.427351,0.33014,0.194579,0.659366,0.608819,-0.395872,-0.0450201,0.294569,-0.125302,0.73612,0.122392,0.328958,-0.578735,89.83891668563702,15.813974975465257,-55.089485594100694,-21.83826069515636,-7.7269619230498865,17.593107578301765
7.20761513710022,3.92778,-2.26531,3.26043,0.397555,0.347779,-0.612275,0.0639384,0.427351,0.33014,0.194579,0.659366,0.608819,-0.395872,-0.0450201,0.294569,-0.125302,0.73612,0.122392,0.328958,-0.578735,89.83891668563702,15.813974975465257,-55.089485594100694,-21.83826069515636,-7.7269619230498865,17.593107578301765
7.255211591720581,1.58409,-0.913468,2.64646,0.32925,0.565468,-0.289074,0.064028,0.427464,0.329991,0.194712,0.660614,0.606737,-0.396921,-0.0451559,0.289261,-0.124866,0.737649,0.113379,0.322197,-0.582415,91.07307522738809,15.787681549422842,-55.089485594100694,-21.192084954603764,-7.438082116944983,17.747875260102493
7.256188154220581,1.58409,-0.913468,2.64646,0.32925,0.565468,-0.289074,0.064028,0.427464,0.329991,0.194712,0.660614,0.606737,-0.396921,-0.0451559,0.289261,-0.124866,0.737649,0.113379,0.322197,-0.582415,91.07307522738809,15.787681549422842,-55.089485594100694,-21.192084954603764,-7.438082116944983,17.747875260102493
7.303969144821167,1.37693,-2.90163,1.92869,-0.227104,0.485109,-0.518683,0.0645772,0.427133,0.330104,0.192421,0.663465,0.605783,-0.394736,-0.0456398,0.28382,-0.123844,0.733586,0.10527,0.31538,-0.592709,92.79276576500813,14.76450245502025,-55.089485594100694,-22.62221666181812,-7.409989141879576,19.110831565811626
7.304962396621704,1.37693,-2.90163,1.92869,-0.227104,0.485109,-0.518683,0.0645772,0.427133,0.330104,0.192421,0.663465,0.605783,-0.394736,-0.0456398,0.28382,-0.123844,0.733586,0.10527,0.31538,-0.592709,92.79276576500813,14.76450245502025,-55.089485594100694,-22.62221666181812,-7.409989141879576,19.110831565811626
7.351653337478638,0.992867,-1.97797,2.70407,-0.239626,0.188075,-0.303779,0.0640047,0.427301,0.329421,0.190438,0.661657,0.606114,-0.398207,-0.043528,0.279269,-0.122658,0.722958,0.109837,0.295018,-0.615005,94.54082866674159,13.333788017190301,-55.089485594100694,-23.30029598081032,-7.609415125089336,19.113173733240227
7.352579116821289,0.992867,-1.97797,2.70407,-0.239626,0.188075,-0.303779,0.0640047,0.427301,0.329421,0.190438,0.661657,0.606114,-0.398207,-0.043528,0.279269,-0.122658,0.722958,0.109837,0.295018,-0.615005,94.54082866674159,13.333788017190301,-55.089485594100694,-23.30029598081032,-7.609415125089336,19.113173733240227
7.39961314201355,10.3516,-10.053,3.22334,-1.36719,-1.51995,-1.53632,0.0640054,0.427235,0.329609,0.193554,0.661634,0.606658,-0.395908,-0.0445839,0.274804,-0.119458,0.713127,0.10482,0.284066,-0.632274,95.85267365568936,10.996792288246354,45.99613781132393,-23.894465949226255,-10.271993853229121,17.61745114370837
7.400533437728882,10.3516,-10.053,3.22334,-1.36719,-1.51995,-1.53632,0.0640054,0.427235,0.329609,0.193554,0.661634,0.606658,-0.395908,-0.0445839,0.274804,-0.119458,0.713127,0.10482,0.284066,-0.632274,95.85267365568936,10.996792288246354,45.99613781132393,-23.894465949226255,-10.271993853229121,17.61745114370837
7.447545766830444,1.74372,-4.45524,3.79972,-0.796021,-0.680794,-0.520221,0.0631452,0.427928,0.330551,0.192621,0.661704,0.607408,-0.395095,-0.0497195,0.273199,-0.116907,0.712468,0.0959045,0.289689,-0.63188,96.16853037691551,10.519907049242562,42.58237428898025,-25.279690681713944,-10.417503990306836,18.475181485704056
7.448513984680176,1.74372,-4.45524,3.79972,-0.796021,-0.680794,-0.520221,0.0631452,0.427928,0.330551,0.192621,0.661704,0.607408,-0.395095,-0.0497195,0.273199,-0.116907,0.712468,0.0959045,0.289689,-0.63188,96.16853037691551,10.519907049242562,42.58237428898025,-25.279690681713944,-10.417503990306836,18.475181485704056
7.495593309402466,3.27512,-4.40875,2.74461,-0.951743,-0.598242,-0.335934,0.0636177,0.427661,0.331502,0.193543,0.660062,0.608793,-0.39526,-0.0525491,0.272695,-0.114813,0.710816,0.0886785,0.295857,-0.631938,96.0693578107682,9.851147576345028,40.545897243391096,-24.802120790739238,-9.845656862732298,17.941687373909105
7.496579647064209,3.27512,-4.40875,2.74461,-0.951743,-0.598242,-0.335934,0.0636177,0.427661,0.331502,0.193543,0.660062,0.608793,-0.39526,-0.0525491,0.272695,-0.114813,0.710816,0.0886785,0.295857,-0.631938,96.0693578107682,9.851147576345028,40.545897243391096,-24.802120790739238,-9.845656862732298,17.941687373909105
7.543520212173462,2.9818,-6.10951,2.46752,-1.28507,-0.257474,-0.64183,0.063411,0.427836,0.331108,0.194113,0.6592,0.6094,-0.395483,-0.0483477,0.274383,-0.116683,0.709667,0.0963091,0.284595,-0.637262,96.47830539051367,9.79427715945397,40.467916847227116,-22.66386367623865,-10.454655080444308,16.4179947894043
7.544485807418823,2.9818,-6.10951,2.46752,-1.28507,-0.257474,-0.64183,0.063411,0.427836,0.331108,0.194113,0.6592,0.6094,-0.395483,-0.0483477,0.274383,-0.116683,0.709667,0.0963091,0.284595,-0.637262,96.47830539051367,9.79427715945397,40.467916847227116,-22.66386367623865,-10.454655080444308,16.4179947894043
7.591139316558838,0.952103,-3.01809,0.767119,-0.635071,0.269232,-0.365818,0.0631973,0.427955,0.331383,0.193551,0.659072,0.609549,-0.395743,-0.0361872,0.279548,-0.120011,0.70155,0.125025,0.260455,-0.651429,96.52490692781889,9.60616271704697,44.502565117554866,-20.863662592784863,-10.765386494599213,15.380444685739983
7.592069387435913,0.952103,-3.01809,0.767119,-0.635071,0.269232,-0.365818,0.0631973,0.427955,0.331383,0.193551,0.659072,0.609549,-0.395743,-0.0361872,0.279548,-0.120011,0.70155,0.125025,0.260455,-0.651429,96.52490692781889,9.60616271704697,44.502565117554866,-20.863662592784863,-10.765386494599213,15.380444685739983
7.639468193054199,0.736668,-2.39403,0.815639,-0.422907,0.315689,-0.340571,0.0636892,0.427665,0.330951,0.193661,0.659961,0.608393,-0.395986,-0.0224755,0.284319,-0.122771,0.682807,0.160419,0.232877,-0.673653,96.06029653886227,8.37696179976814,48.610732316178485,-20.073245552740467,-11.561991212310197,14.667330311354817
7.640400648117065,0.736668,-2.39403,0.815639,-0.422907,0.315689,-0.340571,0.0636892,0.427665,0.330951,0.193661,0.659961,0.608393,-0.395986,-0.0224755,0.284319,-0.122771,0.682807,0.160419,0.232877,-0.673653,96.06029653886227,8.37696179976814,48.610732316178485,-20.073245552740467,-11.561991212310197,14.667330311354817
7.687485694885254,-0.584166,-1.45987,1.09927,-0.222069,0.497577,-0.281997,0.0637564,0.427563,0.330195,0.194837,0.659723,0.607952,-0.396482,-0.010094,0.286829,-0.124036,0.65333,0.192897,0.199913,-0.704262,95.69009890667178,5.5999774739057955,45.68002333345342,-18.642518567978527,-12.359140719551682,12.993064318293069
7.688482284545898,-0.584166,-1.45987,1.09927,-0.222069,0.497577,-0.281997,0.0637564,0.427563,0.330195,0.194837,0.659723,0.607952,-0.396482,-0.010094,0.286829,-0.124036,0.65333,0.192897,0.199913,-0.704262,95.69009890667178,5.5999774739057955,45.68002333345342,-18.642518567978527,-12.359140719551682,12.993064318293069
7.736214637756348,0.588628,-3.68297,-0.404263,-0.676076,0.902156,-0.649081,0.0638502,0.427469,0.330082,0.194956,0.659741,0.607439,-0.39718,0.00355384,0.28494,-0.124288,0.609001,0.224136,0.15678,-0.744514,95.39894019803654,1.172490450229219,21.4747314988156,-17.135281329552413,-10.780368209595292,12.150276893940392
7.737140655517578,0.588628,-3.68297,-0.404263,-0.676076,0.902156,-0.649081,0.0638502,0.427469,0.330082,0.194956,0.659741,0.607439,-0.39718,0.00355384,0.28494,-0.124288,0.609001,0.224136,0.15678,-0.744514,95.39894019803654,1.172490450229219,21.4747314988156,-17.135281329552413,-10.780368209595292,12.150276893940392
7.785110712051392,2.26512,-4.50891,0.906689,-0.89265,0.439629,-0.469861,0.0632652,0.427877,0.330847,0.192074,0.658542,0.609655,-0.397179,0.000398344,0.287443,-0.125626,0.59009,0.22884,0.153579,-0.758841,94.7732110341023,-0.9740042357469179,23.507792111933924,-15.895773579588607,-10.460368313843041,13.34857324503045
7.786042928695679,2.26512,-4.50891,0.906689,-0.89265,0.439629,-0.469861,0.0632652,0.427877,0.330847,0.192074,0.658542,0.609655,-0.397179,0.000398344,0.287443,-0.125626,0.59009,0.22884,0.153579,-0.758841,94.7732110341023,-0.9740042357469179,23.507792111933924,-15.895773579588607,-10.460368313843041,13.34857324503045
7.8340559005737305,1.62274,-7.21685,1.5304,-1.49397,0.523638,-0.831313,0.063476,0.427692,0.330658,0.192676,0.6596,0.608342,-0.397145,-0.00120188,0.29395,-0.126592,0.580522,0.237268,0.16416,-0.761413,92.87646598817717,-1.418971316148287,23.507792111933924,-16.128965492491293,-11.171376558152549,13.196783132343256
7.835031270980835,1.62274,-7.21685,1.5304,-1.49397,0.523638,-0.831313,0.063476,0.427692,0.330658,0.192676,0.6596,0.608342,-0.397145,-0.00120188,0.29395,-0.126592,0.580522,0.237268,0.16416,-0.761413,92.87646598817717,-1.418971316148287,23.507792111933924,-16.128965492491293,-11.171376558152549,13.196783132343256
7.896783113479614,2.44035,-7.80609,1.16203,-1.75941,0.406131,-0.818795,0.0636506,0.427749,0.330593,0.190549,0.661972,0.606998,-0.39628,0.00474396,0.301682,-0.127959,0.565241,0.258077,0.163673,-0.766231,91.04189926970564,-1.5721250955710957,23.507792111933924,-16.551800637000127,-10.196691410872475,13.06593489204021
7.897749423980713,2.44035,-7.80609,1.16203,-1.75941,0.406131,-0.818795,0.0636506,0.427749,0.330593,0.190549,0.661972,0.606998,-0.39628,0.00474396,0.301682,-0.127959,0.565241,0.258077,0.163673,-0.766231,91.04189926970564,-1.5721250955710957,23.507792111933924,-16.551800637000127,-10.196691410872475,13.06593489204021
7.943779468536377,3.56788,-7.67157,-0.631207,-1.69778,0.610568,-0.732978,0.0635915,0.427874,0.331203,0.189855,0.660157,0.608441,-0.397426,0.00985292,0.312387,-0.128643,0.55351,0.279779,0.171386,-0.765491,88.33387693492153,-1.14900649048227,23.507792111933924,-15.65286693561111,-8.94823800548506,12.376511208538169
7.944699048995972,3.56788,-7.67157,-0.631207,-1.69778,0.610568,-0.732978,0.0635915,0.427874,0.331203,0.189855,0.660157,0.608441,-0.397426,0.00985292,0.312387,-0.128643,0.55351,0.279779,0.171386,-0.765491,88.33387693492153,-1.14900649048227,23.507792111933924,-15.65286693561111,-8.94823800548506,12.376511208538169
7.992055892944336,1.52521,-6.93246,-1.34018,-1.47609,0.918459,-0.582829,0.063362,0.427869,0.33171,0.188028,0.660795,0.60916,-0.396132,0.0141624,0.32585,-0.129148,0.538869,0.302332,0.183689,-0.764509,85.39470598158475,-0.8635398646425417,26.315565906017405,-15.554129084383609,-8.042031687244702,11.858106623694184
7.992985486984253,1.52521,-6.93246,-1.34018,-1.47609,0.918459,-0.582829,0.063362,0.427869,0.33171,0.188028,0.660795,0.60916,-0.396132,0.0141624,0.32585,-0.129148,0.538869,0.302332,0.183689,-0.764509,85.39470598158475,-0.8635398646425417,26.315565906017405,-15.554129084383609,-8.042031687244702,11.858106623694184
8.040435314178467,-0.977476,-7.76574,-0.792037,-1.56104,1.08108,-0.789991,0.0631083,0.428126,0.331518,0.189325,0.662213,0.607774,-0.395272,0.0187279,0.340786,-0.129545,0.523146,0.328352,0.195031,-0.761883,81.92667610821334,-0.34952549690399226,19.288270585444053,-13.464514802502036,-9.479501574295083,10.836971586809248
8.041361331939697,-0.977476,-7.76574,-0.792037,-1.56104,1.08108,-0.789991,0.0631083,0.428126,0.331518,0.189325,0.662213,0.607774,-0.395272,0.0187279,0.340786,-0.129545,0.523146,0.328352,0.195031,-0.761883,81.92667610821334,-0.34952549690399226,19.288270585444053,-13.464514802502036,-9.479501574295083,10.836971586809248
8.089006423950195,-0.361292,-6.09281,-1.20973,-1.17454,1.09391,-0.576131,0.0633135,0.428009,0.331776,0.191505,0.658625,0.608944,-0.398405,0.0198746,0.357395,-0.128682,0.509475,0.349966,0.217926,-0.755293,77.50266727634055,0.38648269356969134,15.400729123988118,-10.241123372709438,-9.570200968668416,10.356382787240184
8.089971542358398,-0.361292,-6.09281,-1.20973,-1.17454,1.09391,-0.576131,0.0633135,0.428009,0.331776,0.191505,0.658625,0.608944,-0.398405,0.0198746,0.357395,-0.128682,0.509475,0.349966,0.217926,-0.755293,77.50266727634055,0.38648269356969134,15.400729123988118,-10.241123372709438,-9.570200968668416,10.356382787240184
8.138260841369629,1.91611,-6.57578,-0.722534,-1.18887,0.69817,-0.669867,0.0631112,0.428191,0.331889,0.190777,0.659367,0.608636,-0.397997,0.0244866,0.376806,-0.126263,-0.490001,-0.372669,-0.235215,0.752124,73.72449065395311,0.6573400120890451,15.600280624675886,-6.8524504462973495,-7.977548157531915,7.559394516280466
8.139239311218262,1.91611,-6.57578,-0.722534,-1.18887,0.69817,-0.669867,0.0631112,0.428191,0.331889,0.190777,0.659367,0.608636,-0.397997,0.0244866,0.376806,-0.126263,-0.490001,-0.372669,-0.235215,0.752124,73.72449065395311,0.6573400120890451,15.600280624675886,-6.8524504462973495,-7.977548157531915,7.559394516280466
8.187008142471313,2.96913,-6.68142,-1.20713,-1.0551,0.604845,-0.759511,0.062733,0.428301,0.3316,0.186951,0.660308,0.609247,-0.397317,0.0282639,0.398699,-0.122109,-0.468667,-0.400587,-0.259605,0.743294,69.22504816412312,1.6629437483847298,13.87613292301716,-5.795796686686941,-7.043678633635593,6.678110185006696
8.187971353530884,2.96913,-6.68142,-1.20713,-1.0551,0.604845,-0.759511,0.062733,0.428301,0.3316,0.186951,0.660308,0.609247,-0.397317,0.0282639,0.398699,-0.122109,-0.468667,-0.400587,-0.259605,0.743294,69.22504816412312,1.6629437483847298,13.87613292301716,-5.795796686686941,-7.043678633635593,6.678110185006696
8.236534357070923,2.61864,-5.88358,-0.986483,-0.806875,0.5228,-0.677328,0.062826,0.428241,0.331479,0.188974,0.661253,0.60886,-0.395377,0.0306855,0.421815,-0.115244,-0.446759,-0.424501,-0.288592,0.732748,64.09222052217434,1.871044251721967,14.011389576765824,-2.3228487892189307,-8.228610215212585,4.783431086103669
8.237504482269287,2.61864,-5.88358,-0.986483,-0.806875,0.5228,-0.677328,0.062826,0.428241,0.331479,0.188974,0.661253,0.60886,-0.395377,0.0306855,0.421815,-0.115244,-0.446759,-0.424501,-0.288592,0.732748,64.09222052217434,1.871044251721967,14.011389576765824,-2.3228487892189307,-8.228610215212585,4.783431086103669
8.285865545272827,1.03932,-5.64251,-1.58459,-0.588596,0.779763,-0.679103,0.0628079,0.428362,0.331792,0.186135,0.663068,0.60936,-0.392907,0.0324646,0.445429,-0.105474,-0.423179,-0.448564,-0.318438,0.719935,59.22647613072925,2.370615711919195,13.439254751961458,-0.6621689183141983,-8.940396311091723,3.209439718395373
8.286843061447144,1.03932,-5.64251,-1.58459,-0.588596,0.779763,-0.679103,0.0628079,0.428362,0.331792,0.186135,0.663068,0.60936,-0.392907,0.0324646,0.445429,-0.105474,-0.423179,-0.448564,-0.318438,0.719935,59.22647613072925,2.370615711919195,13.439254751961458,-0.6621689183141983,-8.940396311091723,3.209439718395373
8.33499002456665,1.41957,-5.15571,-0.802586,-0.323394,0.59747,-0.625369,0.0626504,0.428382,0.331864,0.188499,0.660851,0.609532,-0.395241,0.0319298,0.468837,-0.0932671,-0.403736,-0.469334,-0.353858,0.701076,53.34793517107957,3.149181780636144,11.860959260761504,4.345052384830293,-9.129612986137177,2.567196324902673
8.3359215259552,1.41957,-5.15571,-0.802586,-0.323394,0.59747,-0.625369,0.0626504,0.428382,0.331864,0.188499,0.660851,0.609532,-0.395241,0.0319298,0.468837,-0.0932671,-0.403736,-0.469334,-0.353858,0.701076,53.34793517107957,3.149181780636144,11.860959260761504,4.345052384830293,-9.129612986137177,2.567196324902673
8.383880615234375,-0.594746,-6.45759,-1.34883,-0.320835,0.891904,-0.938385,0.062568,0.4284,0.331754,0.189146,0.660726,0.609578,-0.395068,0.0307079,0.486771,-0.0814855,-0.390108,-0.484532,-0.38456,0.682025,48.823514270994515,3.7056838377769896,10.114756608210023,6.299294631793425,-9.5296127922697,2.1419831295372873
8.384806156158447,-0.594746,-6.45759,-1.34883,-0.320835,0.891904,-0.938385,0.062568,0.4284,0.331754,0.189146,0.660726,0.609578,-0.395068,0.0307079,0.486771,-0.0814855,-0.390108,-0.484532,-0.38456,0.682025,48.823514270994515,3.7056838377769896,10.114756608210023,6.299294631793425,-9.5296127922697,2.1419831295372873
8.433480262756348,0.782915,-5.74272,-1.35601,-0.0764612,0.675872,-0.811855,0.0624089,0.428573,0.331986,0.188687,0.661533,0.609041,-0.394766,0.0257134,0.510359,-0.0624629,-0.373572,-0.49987,-0.427727,0.653929,42.9953655404775,4.044759826332188,7.467476120166154,9.234053103338864,-10.446313796476987,0.8373502792604081
8.434468030929565,0.782915,-5.74272,-1.35601,-0.0764612,0.675872,-0.811855,0.0624089,0.428573,0.331986,0.188687,0.661533,0.609041,-0.394766,0.0257134,0.510359,-0.0624629,-0.373572,-0.49987,-0.427727,0.653929,42.9953655404775,4.044759826332188,7.467476120166154,9.234053103338864,-10.446313796476987,0.8373502792604081
8.483073234558105,0.257195,-6.11457,-2.02547,0.0143774,0.817946,-0.907551,0.0624872,0.428571,0.332149,0.186845,0.663372,0.609171,-0.392347,0.0205513,0.527662,-0.0453193,-0.364286,-0.510774,-0.463984,0.6254,38.60596637917893,4.316591709836407,4.562779267087035,9.88037609444145,-11.382640427072387,-0.324979905155383
8.484048843383789,0.257195,-6.11457,-2.02547,0.0143774,0.817946,-0.907551,0.0624872,0.428571,0.332149,0.186845,0.663372,0.609171,-0.392347,0.0205513,0.527662,-0.0453193,-0.364286,-0.510774,-0.463984,0.6254,38.60596637917893,4.316591709836407,4.562779267087035,9.88037609444145,-11.382640427072387,-0.324979905155383
8.532676696777344,-1.22308,-6.28389,-1.12974,0.0902908,0.680595,-0.966374,0.062323,0.428694,0.332352,0.186345,0.663787,0.608943,-0.392238,0.0147841,0.542987,-0.0276397,-0.356248,-0.522414,-0.497725,0.593668,33.9264494649326,4.864652607856038,1.4307869742759294,11.511501806503981,-12.204558127704493,0.09067103052724512
8.53372836112976,-1.22308,-6.28389,-1.12974,0.0902908,0.680595,-0.966374,0.062323,0.428694,0.332352,0.186345,0.663787,0.608943,-0.392238,0.0147841,0.542987,-0.0276397,-0.356248,-0.522414,-0.497725,0.593668,33.9264494649326,4.864652607856038,1.4307869742759294,11.511501806503981,-12.204558127704493,0.09067103052724512
8.582033634185791,-1.91488,-6.34741,-1.71419,0.0990104,0.761607,-0.988111,0.0621858,0.428768,0.332422,0.191647,0.658916,0.610142,-0.396015,0.0101844,0.554737,-0.0114324,-0.348693,-0.531414,-0.524999,0.566028,29.1318620574516,5.384900404751422,-0.6556544219423643,16.596878630823575,-12.315230120687414,2.191330967018188
8.582957744598389,-1.91488,-6.34741,-1.71419,0.0990104,0.761607,-0.988111,0.0621858,0.428768,0.332422,0.191647,0.658916,0.610142,-0.396015,0.0101844,0.554737,-0.0114324,-0.348693,-0.531414,-0.524999,0.566028,29.1318620574516,5.384900404751422,-0.6556544219423643,16.596878630823575,-12.315230120687414,2.191330967018188
8.629699230194092,-3.30493,-6.87273,-1.86448,0.0723819,0.966443,-1.08477,0.0622282,0.428752,0.332603,0.191246,0.658439,0.610477,-0.396486,0.00683057,0.563573,0.00271558,-0.337041,-0.541415,-0.543228,0.546056,25.71890697128505,5.632269680621985,-1.7632955194716249,18.44441183615061,-14.406547131481265,2.8324797848826293
8.630632638931274,-3.30493,-6.87273,-1.86448,0.0723819,0.966443,-1.08477,0.0622282,0.428752,0.332603,0.191246,0.658439,0.610477,-0.396486,0.00683057,0.563573,0.00271558,-0.337041,-0.541415,-0.543228,0.546056,25.71890697128505,5.632269680621985,-1.7632955194716249,18.44441183615061,-14.406547131481265,2.8324797848826293
8.677145004272461,0.223379,-6.40079,-3.09938,0.121984,0.691948,-0.907239,0.0623366,0.428704,0.332896,0.18647,0.663359,0.609591,-0.391897,0.00541518,0.568068,0.0111302,0.339047,0.546365,0.555719,-0.526981,24.65815351022577,5.878488026974062,-4.023993933385595,16.119821304242098,-13.722968665021668,0.5908869532274963
8.678059101104736,0.223379,-6.40079,-3.09938,0.121984,0.691948,-0.907239,0.0623366,0.428704,0.332896,0.18647,0.663359,0.609591,-0.391897,0.00541518,0.568068,0.0111302,0.339047,0.546365,0.555719,-0.526981,24.65815351022577,5.878488026974062,-4.023993933385595,16.119821304242098,-13.722968665021668,0.5908869532274963
8.725323915481567,0.0566635,-5.51266,-4.20501,0.121556,0.991874,-0.730494,0.06254,0.42864,0.333201,0.185938,0.66398,0.609783,-0.390796,0.00670156,0.569653,0.0149396,0.335416,0.550289,0.558464,-0.522298,23.94198831240383,5.97921671831601,-4.087573136762789,15.974117312422067,-13.759489640265212,0.12913014026678749
8.726239442825317,0.0566635,-5.51266,-4.20501,0.121556,0.991874,-0.730494,0.06254,0.42864,0.333201,0.185938,0.66398,0.609783,-0.390796,0.00670156,0.569653,0.0149396,0.335416,0.550289,0.558464,-0.522298,23.94198831240383,5.97921671831601,-4.087573136762789,15.974117312422067,-13.759489640265212,0.12913014026678749
8.773399114608765,1.48943,-5.29329,-5.41011,0.0263321,1.12216,-0.723229,0.0630141,0.428387,0.333086,0.191407,0.65907,0.610404,-0.395471,0.00949828,0.566817,0.0101344,0.335608,0.54789,0.550734,-0.5328,24.212926301175223,6.112318493257632,-2.8249608918693188,18.960619762679993,-12.91426760154734,2.2214318436149627
8.774322032928467,1.48943,-5.29329,-5.41011,0.0263321,1.12216,-0.723229,0.0630141,0.428387,0.333086,0.191407,0.65907,0.610404,-0.395471,0.00949828,0.566817,0.0101344,0.335608,0.54789,0.550734,-0.5328,24.212926301175223,6.112318493257632,-2.8249608918693188,18.960619762679993,-12.91426760154734,2.2214318436149627
8.821141242980957,1.91493,-3.74544,-4.14254,0.0583011,0.963357,-0.481762,0.0631424,0.42833,0.332887,0.190986,0.659575,0.609616,-0.396047,0.0139581,0.559651,-0.00298539,-0.329719,-0.541739,-0.530616,0.562362,26.86242721462753,5.1416138540123555,0.5694738606292147,17.660556510675548,-13.32480868539142,2.91317565783128
8.82208514213562,1.91493,-3.74544,-4.14254,0.0583011,0.963357,-0.481762,0.0631424,0.42833,0.332887,0.190986,0.659575,0.609616,-0.396047,0.0139581,0.559651,-0.00298539,-0.329719,-0.541739,-0.530616,0.562362,26.86242721462753,5.1416138540123555,0.5694738606292147,17.660556510675548,-13.32480868539142,2.91317565783128
8.87937307357788,1.42865,-4.21801,-2.844,-0.281569,0.862385,-0.674492,0.0630885,0.428169,0.332433,0.192422,0.659238,0.609363,-0.396303,0.023125,0.542964,-0.0273584,-0.33774,-0.528661,-0.488897,0.606159,32.60643517562584,4.415333317162098,4.90811534601408,16.620938454611668,-11.361914207462322,2.0289678943116853
8.880346059799194,1.42865,-4.21801,-2.844,-0.281569,0.862385,-0.674492,0.0630885,0.428169,0.332433,0.192422,0.659238,0.609363,-0.396303,0.023125,0.542964,-0.0273584,-0.33774,-0.528661,-0.488897,0.606159,32.60643517562584,4.415333317162098,4.90811534601408,16.620938454611668,-11.361914207462322,2.0289678943116853
8.92709732055664,0.85984,-3.80913,-1.67262,-0.33318,0.835837,-0.584656,0.0627483,0.428246,0.331642,0.187835,0.66032,0.609011,-0.397241,0.0291182,0.52634,-0.0471967,-0.344588,-0.517593,-0.450447,0.640667,37.953571845351604,4.092160571964061,8.075761962597214,13.387176170348052,-9.03987480795738,0.8038386051851889
8.928044557571411,0.85984,-3.80913,-1.67262,-0.33318,0.835837,-0.584656,0.0627483,0.428246,0.331642,0.187835,0.66032,0.609011,-0.397241,0.0291182,0.52634,-0.0471967,-0.344588,-0.517593,-0.450447,0.640667,37.953571845351604,4.092160571964061,8.075761962597214,13.387176170348052,-9.03987480795738,0.8038386051851889
8.975536108016968,1.0673,-3.8806,-0.635719,-0.525152,0.597005,-0.63068,0.0631506,0.42807,0.33125,0.193635,0.659224,0.608891,-0.39646,0.0347846,0.503956,-0.068689,-0.360256,-0.503323,-0.406987,0.671747,43.397919507469986,3.306555792039069,11.681096839142429,12.20567307439133,-10.008140326498498,2.343973866849872
8.97645115852356,1.0673,-3.8806,-0.635719,-0.525152,0.597005,-0.63068,0.0631506,0.42807,0.33125,0.193635,0.659224,0.608891,-0.39646,0.0347846,0.503956,-0.068689,-0.360256,-0.503323,-0.406987,0.671747,43.397919507469986,3.306555792039069,11.681096839142429,12.20567307439133,-10.008140326498498,2.343973866849872
9.022915363311768,1.01398,-3.96183,-0.975807,-0.593677,0.696101,-0.614544,0.0631505,0.428118,0.331212,0.19365,0.658906,0.609047,-0.396742,0.0392206,0.482755,-0.0846333,-0.374804,-0.489819,-0.365708,0.697034,48.77489820244662,2.9153946924107457,14.385993726793354,10.378573996805919,-9.358194153026513,2.2451848787374127
9.02391242980957,1.01398,-3.96183,-0.975807,-0.593677,0.696101,-0.614544,0.0631505,0.428118,0.331212,0.19365,0.658906,0.609047,-0.396742,0.0392206,0.482755,-0.0846333,-0.374804,-0.489819,-0.365708,0.697034,48.77489820244662,2.9153946924107457,14.385993726793354,10.378573996805919,-9.358194153026513,2.2451848787374127
9.07080078125,1.61018,-4.13312,0.0211102,-0.828431,0.468181,-0.672732,0.0631646,0.428066,0.331094,0.188861,0.664013,0.608081,-0.39199,0.0438399,0.451816,-0.102733,-0.396521,-0.469578,-0.312294,0.724389,56.73320664358479,2.0698718259918585,17.273135036380637,2.849003137071932,-8.898811815307248,2.7246606797697552
9.071775913238525,1.61018,-4.13312,0.0211102,-0.828431,0.468181,-0.672732,0.0631646,0.428066,0.331094,0.188861,0.664013,0.608081,-0.39199,0.0438399,0.451816,-0.102733,-0.396521,-0.469578,-0.312294,0.724389,56.73320664358479,2.0698718259918585,17.273135036380637,2.849003137071932,-8.898811815307248,2.7246606797697552
9.118491888046265,-0.28056,-4.79681,-0.912993,-0.906887,0.847991,-0.830993,0.0633207,0.427925,0.330672,0.193133,0.659043,0.609084,-0.396708,0.0438033,0.430285,-0.113134,-0.416974,-0.450398,-0.279026,0.738525,61.07973774691377,1.7616974951477478,18.749857061643205,4.586897177786019,-7.967919747112762,3.798016749194546
9.119410753250122,-0.28056,-4.79681,-0.912993,-0.906887,0.847991,-0.830993,0.0633207,0.427925,0.330672,0.193133,0.659043,0.609084,-0.396708,0.0438033,0.430285,-0.113134,-0.416974,-0.450398,-0.279026,0.738525,61.07973774691377,1.7616974951477478,18.749857061643205,4.586897177786019,-7.967919747112762,3.798016749194546
9.166927099227905,0.808231,-4.07932,0.803351,-0.908476,0.446097,-0.654604,0.0632706,0.427947,0.330665,0.192554,0.65815,0.609832,-0.397324,0.0397155,0.405841,-0.122268,-0.451784,-0.422395,-0.251456,0.744475,67.04406316398344,1.8713501940146584,16.764895763005928,0.9985821721391845,-7.381858793604221,5.802914453539667
9.167840719223022,0.808231,-4.07932,0.803351,-0.908476,0.446097,-0.654604,0.0632706,0.427947,0.330665,0.192554,0.65815,0.609832,-0.397324,0.0397155,0.405841,-0.122268,-0.451784,-0.422395,-0.251456,0.744475,67.04406316398344,1.8713501940146584,16.764895763005928,0.9985821721391845,-7.381858793604221,5.802914453539667
9.215133905410767,0.742321,-4.59948,0.437461,-0.950903,0.560759,-0.732632,0.063467,0.427841,0.330383,0.193244,0.659192,0.608168,-0.397812,0.0346389,0.381617,-0.128702,-0.480832,-0.391159,-0.225295,0.75169,72.62030623915929,1.321954566346718,15.882178711606919,-1.6681082198134836,-7.692608071739918,7.2237263044844555
9.21605396270752,0.742321,-4.59948,0.437461,-0.950903,0.560759,-0.732632,0.063467,0.427841,0.330383,0.193244,0.659192,0.608168,-0.397812,0.0346389,0.381617,-0.128702,-0.480832,-0.391159,-0.225295,0.75169,72.62030623915929,1.321954566346718,15.882178711606919,-1.6681082198134836,-7.692608071739918,7.2237263044844555
9.263604164123535,1.65185,-4.05854,0.0246983,-0.936273,0.582838,-0.586993,0.0634141,0.427785,0.330382,0.191257,0.662071,0.606768,-0.396127,0.0299779,0.359021,-0.131119,0.505224,0.364279,0.205337,-0.754908,77.57350567447058,1.1067434397660154,13.734508732784667,-8.331716668961434,-8.48596194681735,10.053949023719461
9.264529943466187,1.65185,-4.05854,0.0246983,-0.936273,0.582838,-0.586993,0.0634141,0.427785,0.330382,0.191257,0.662071,0.606768,-0.396127,0.0299779,0.359021,-0.131119,0.505224,0.364279,0.205337,-0.754908,77.57350567447058,1.1067434397660154,13.734508732784667,-8.331716668961434,-8.48596194681735,10.053949023719461
9.312116146087646,0.535049,-4.36274,-0.0594903,-1.00576,0.78479,-0.668237,0.0635018,0.427925,0.330921,0.192355,0.659501,0.608303,-0.397524,0.0286693,0.338488,-0.131624,0.526254,0.340413,0.177419,-0.758748,82.21488508492098,0.9065130425919093,12.433590388712695,-8.662122495884217,-8.99154412792959,10.637227848417
9.313119649887085,0.535049,-4.36274,-0.0594903,-1.00576,0.78479,-0.668237,0.0635018,0.427925,0.330921,0.192355,0.659501,0.608303,-0.397524,0.0286693,0.338488,-0.131624,0.526254,0.340413,0.177419,-0.758748,82.21488508492098,0.9065130425919093,12.433590388712695,-8.662122495884217,-8.99154412792959,10.637227848417
9.361232042312622,2.27934,-3.44991,0.271889,-0.978285,0.492526,-0.525801,0.0637481,0.427752,0.330664,0.19331,0.659518,0.606654,-0.399548,0.0329151,0.320243,-0.131439,0.537638,0.329165,0.145439,-0.762525,85.82056929320284,1.033369076897411,6.579065707038476,-8.535963900366713,-8.847089391457136,11.561235373751108
9.36219334602356,2.27934,-3.44991,0.271889,-0.978285,0.492526,-0.525801,0.0637481,0.427752,0.330664,0.19331,0.659518,0.606654,-0.399548,0.0329151,0.320243,-0.131439,0.537638,0.329165,0.145439,-0.762525,85.82056929320284,1.033369076897411,6.579065707038476,-8.535963900366713,-8.847089391457136,11.561235373751108
9.410020351409912,2.28211,-3.39195,0.545703,-1.0283,0.405875,-0.532074,0.0638499,0.427573,0.330065,0.1938,0.659789,0.606977,-0.398371,0.0366612,0.307168,-0.130442,0.544737,0.316229,0.121043,-0.767209,88.99541198996342,0.3070892595526503,14.311544806889707,-8.926545996749427,-7.443965133098115,10.56634804851936
9.410993099212646,2.28211,-3.39195,0.545703,-1.0283,0.405875,-0.532074,0.0638499,0.427573,0.330065,0.1938,0.659789,0.606977,-0.398371,0.0366612,0.307168,-0.130442,0.544737,0.316229,0.121043,-0.767209,88.99541198996342,0.3070892595526503,14.311544806889707,-8.926545996749427,-7.443965133098115,10.56634804851936
9.459214448928833,1.58,-3.17634,0.612791,-1.03146,0.416131,-0.534534,0.063916,0.427571,0.330177,0.192956,0.660375,0.606616,-0.398358,0.0402353,0.294776,-0.128478,0.549308,0.311193,0.0975345,-0.769354,91.49373402057164,0.23128232569263218,14.311544806889707,-10.124173074746752,-7.744015983329557,12.110603804841453
9.460184335708618,1.58,-3.17634,0.612791,-1.03146,0.416131,-0.534534,0.063916,0.427571,0.330177,0.192956,0.660375,0.606616,-0.398358,0.0402353,0.294776,-0.128478,0.549308,0.311193,0.0975345,-0.769354,91.49373402057164,0.23128232569263218,14.311544806889707,-10.124173074746752,-7.744015983329557,12.110603804841453
9.508203268051147,1.20434,-2.93462,0.33602,-0.974195,0.45221,-0.486935,0.0637703,0.427725,0.330779,0.192934,0.660086,0.607349,-0.397731,0.0411658,0.285196,-0.126253,0.556949,0.299057,0.0795254,-0.770746,94.13762179552937,-0.20745043813874986,14.311544806889707,-9.606548571357074,-7.457515449577211,11.738297133525766
9.509175777435303,1.20434,-2.93462,0.33602,-0.974195,0.45221,-0.486935,0.0637703,0.427725,0.330779,0.192934,0.660086,0.607349,-0.397731,0.0411658,0.285196,-0.126253,0.556949,0.299057,0.0795254,-0.770746,94.13762179552937,-0.20745043813874986,14.311544806889707,-9.606548571357074,-7.457515449577211,11.738297133525766
9.557501554489136,1.35429,-2.16361,0.801919,-0.87331,0.317401,-0.349564,0.0637524,0.427621,0.330559,0.192227,0.661842,0.606929,-0.395792,0.0412544,0.278232,-0.125303,0.56126,0.294834,0.0731423,-0.769877,95.37734916299131,-0.15923682340493883,21.345117703989274,-12.500645535447864,-8.636898744146594,14.710407092912273
9.558448791503906,1.35429,-2.16361,0.801919,-0.87331,0.317401,-0.349564,0.0637524,0.427621,0.330559,0.192227,0.661842,0.606929,-0.395792,0.0412544,0.278232,-0.125303,0.56126,0.294834,0.0731423,-0.769877,95.37734916299131,-0.15923682340493883,21.345117703989274,-12.500645535447864,-8.636898744146594,14.710407092912273
9.606822729110718,8.31911,3.59767,3.22437,0.288715,-1.46191,0.949874,0.0638704,0.427593,0.330488,0.191011,0.662122,0.606571,-0.39646,0.0404893,0.272048,-0.123727,0.568886,0.285646,0.0628374,-0.768653,97.24845018249434,0.03176454535187645,23.22268109651901,-12.172138695613713,-9.077355989539408,14.685559032538409
9.60774040222168,8.31911,3.59767,3.22437,0.288715,-1.46191,0.949874,0.0638704,0.427593,0.330488,0.191011,0.662122,0.606571,-0.39646,0.0404893,0.272048,-0.123727,0.568886,0.285646,0.0628374,-0.768653,97.24845018249434,0.03176454535187645,23.22268109651901,-12.172138695613713,-9.077355989539408,14.685559032538409
9.656049728393555,6.59121,6.48634,5.3047,0.770903,-1.52908,1.26559,0.0640307,0.427676,0.331781,0.191443,0.660681,0.607619,-0.397051,0.0452131,0.27172,-0.120995,0.570431,0.290517,0.0547716,-0.766295,97.57841210952867,0.44958914133542294,27.447335227162824,-11.306095912422398,-8.648576697968553,13.139086823343845
9.657025337219238,6.59121,6.48634,5.3047,0.770903,-1.52908,1.26559,0.0640307,0.427676,0.331781,0.191443,0.660681,0.607619,-0.397051,0.0452131,0.27172,-0.120995,0.570431,0.290517,0.0547716,-0.766295,97.57841210952867,0.44958914133542294,27.447335227162824,-11.306095912422398,-8.648576697968553,13.139086823343845
9.705386400222778,3.11279,4.79261,2.91182,0.461448,0.0389639,0.74763,0.0646878,0.427468,0.331394,0.193309,0.659822,0.607722,-0.397418,0.0542667,0.271894,-0.119266,0.563627,0.308368,0.0471552,-0.76486,96.50829870812737,0.9427654385406186,34.390952743989146,-12.649095197040133,-8.493419000289059,13.221043253710235
9.706349849700928,3.11279,4.79261,2.91182,0.461448,0.0389639,0.74763,0.0646878,0.427468,0.331394,0.193309,0.659822,0.607722,-0.397418,0.0542667,0.271894,-0.119266,0.563627,0.308368,0.0471552,-0.76486,96.50829870812737,0.9427654385406186,34.390952743989146,-12.649095197040133,-8.493419000289059,13.221043253710235
9.754812002182007,3.21428,-0.818573,0.481569,-0.48478,0.843616,-0.19727,0.0654279,0.426885,0.330846,0.191501,0.663085,0.60613,-0.395287,0.0506,0.286859,-0.124481,0.600469,0.296318,0.105759,-0.735151,94.85681494377498,5.31055645200351,21.191953969635932,-17.622011331553338,-3.0609284878953416,15.255515157142398
9.75577998161316,3.21428,-0.818573,0.481569,-0.48478,0.843616,-0.19727,0.0654279,0.426885,0.330846,0.191501,0.663085,0.60613,-0.395287,0.0506,0.286859,-0.124481,0.600469,0.296318,0.105759,-0.735151,94.85681494377498,5.31055645200351,21.191953969635932,-17.622011331553338,-3.0609284878953416,15.255515157142398
9.804359197616577,3.14328,-0.261078,-0.445488,-0.279894,1.00492,-0.211474,0.0646212,0.427395,0.331124,0.194466,0.659613,0.607828,-0.397037,0.0534066,0.303393,-0.128444,0.623488,0.30636,0.136477,-0.706244,92.31434428686575,9.319086079437739,21.191953969635932,-13.64031392041284,-0.25813345355858136,14.854310832972688
9.805344104766846,3.14328,-0.261078,-0.445488,-0.279894,1.00492,-0.211474,0.0646212,0.427395,0.331124,0.194466,0.659613,0.607828,-0.397037,0.0534066,0.303393,-0.128444,0.623488,0.30636,0.136477,-0.706244,92.31434428686575,9.319086079437739,21.191953969635932,-13.64031392041284,-0.25813345355858136,14.854310832972688
