# Timestamp, Fx, Fy, Fz, Tx, Ty, Tz, FemurPosX, FemurPosY, FemurPosZ, FemurQuatW, FemurQuatX, FemurQuatY, FemurQuatZ, TibiaPosX, TibiaPosY, TibiaPosZ, TibiaQuatW, TibiaQuatX, TibiaQuatY, TibiaQuatZ, Flexion, Adduction, Rotation, Anterior_Posterior, Medial_Lateral, Proximal_Distal
0.03972625732421875,1.19418,-0.0594101,-0.457207,0.027882,-0.0568985,-0.0413417,0.0877845,0.480203,0.504929,0.44649,0.454534,0.580961,-0.506488,0.0252597,0.334725,0.143267,0.669704,0.222259,0.426045,-0.566201,37.43479121416267,8.477382582493442,-14.636314973368314,11.941991912668467,-5.938680012516452,3.066640166476141
0.04296541213989258,1.19418,-0.0594101,-0.457207,0.027882,-0.0568985,-0.0413417,0.0877845,0.480203,0.504929,0.44649,0.454534,0.580961,-0.506488,0.0252597,0.334725,0.143267,0.669704,0.222259,0.426045,-0.566201,37.43479121416267,8.477382582493442,-14.636314973368314,11.941991912668467,-5.938680012516452,3.066640166476141
0.06888747215270996,1.17363,-0.024147,-0.431077,0.0303388,-0.060479,-0.0348598,0.087788,0.480204,0.504928,0.446575,0.454491,0.580999,-0.506408,0.0252714,0.334758,0.143278,0.670068,0.221597,0.426637,-0.565583,37.425170197182446,8.481354546785408,-14.758971881201408,11.967140408097098,-5.629964893013822,3.0577358183748005
0.07057523727416992,1.17363,-0.024147,-0.431077,0.0303388,-0.060479,-0.0348598,0.087788,0.480204,0.504928,0.446575,0.454491,0.580999,-0.506408,0.0252714,0.334758,0.143278,0.670068,0.221597,0.426637,-0.565583,37.425170197182446,8.481354546785408,-14.758971881201408,11.967140408097098,-5.629964893013822,3.0577358183748005
0.086334228515625,1.16006,-0.031141,-0.417928,0.0292729,-0.0621818,-0.0364968,0.0877812,0.480223,0.504958,0.44576,0.45456,0.580916,-0.507159,0.0252182,0.334817,0.14321,0.66971,0.222461,0.426309,-0.565916,37.42476910575794,8.608645927112486,-14.778540151280561,11.800869487716714,-5.466309842572647,3.2431302241314524
0.0873265266418457,1.16006,-0.031141,-0.417928,0.0292729,-0.0621818,-0.0364968,0.0877812,0.480223,0.504958,0.44576,0.45456,0.580916,-0.507159,0.0252182,0.334817,0.14321,0.66971,0.222461,0.426309,-0.565916,37.42476910575794,8.608645927112486,-14.778540151280561,11.800869487716714,-5.466309842572647,3.2431302241314524
0.1037449836730957,1.13737,-0.0408008,-0.437542,0.0290879,-0.0557958,-0.0390385,0.0877868,0.480206,0.504928,0.446554,0.454511,0.581034,-0.506368,0.0252702,0.334755,0.14326,0.670141,0.222043,0.426577,-0.565367,37.40763788628458,8.525356070434954,-14.765442381219112,11.881277276186676,-5.831514913001567,3.1313423457644283
0.10468387603759766,1.13737,-0.0408008,-0.437542,0.0290879,-0.0557958,-0.0390385,0.0877868,0.480206,0.504928,0.446554,0.454511,0.581034,-0.506368,0.0252702,0.334755,0.14326,0.670141,0.222043,0.426577,-0.565367,37.40763788628458,8.525356070434954,-14.765442381219112,11.881277276186676,-5.831514913001567,3.1313423457644283
0.1243283748626709,1.13813,-0.0343182,-0.470249,0.0305653,-0.049226,-0.0377082,0.0877827,0.480205,0.504933,0.446507,0.454512,0.580934,-0.506524,0.0252368,0.3348,0.143222,0.669424,0.22322,0.425567,-0.566513,37.40511362142823,8.506686095137974,-14.528834781966582,11.978446525270535,-6.361411209969644,3.159158846206169
0.12526655197143555,1.13813,-0.0343182,-0.470249,0.0305653,-0.049226,-0.0377082,0.0877827,0.480205,0.504933,0.446507,0.454512,0.580934,-0.506524,0.0252368,0.3348,0.143222,0.669424,0.22322,0.425567,-0.566513,37.40511362142823,8.506686095137974,-14.528834781966582,11.978446525270535,-6.361411209969644,3.159158846206169
0.15448307991027832,1.14954,-0.06025,-0.437569,0.02736,-0.056884,-0.0426068,0.087782,0.480207,0.504932,0.44637,0.45463,0.580967,-0.506501,0.02527,0.334752,0.143261,0.670129,0.222041,0.426535,-0.565415,37.42201969153555,8.54194760004417,-14.79443689049293,11.83394145470271,-5.722950218753108,3.116415498685771
0.15542221069335938,1.14954,-0.06025,-0.437569,0.02736,-0.056884,-0.0426068,0.087782,0.480207,0.504932,0.44637,0.45463,0.580967,-0.506501,0.02527,0.334752,0.143261,0.670129,0.222041,0.426535,-0.565415,37.42201969153555,8.54194760004417,-14.79443689049293,11.83394145470271,-5.722950218753108,3.116415498685771
0.17138361930847168,1.19555,-0.023639,-0.431146,0.0303816,-0.0624288,-0.0343474,0.0877837,0.4802,0.504933,0.446512,0.454452,0.58094,-0.506566,0.0252468,0.334729,0.143269,0.669856,0.22216,0.426292,-0.565873,37.41025754090912,8.507272347895771,-14.69602799911956,11.953278304815731,-5.835823564688924,3.134001050835215
0.1723341941833496,1.19555,-0.023639,-0.431146,0.0303816,-0.0624288,-0.0343474,0.0877837,0.4802,0.504933,0.446512,0.454452,0.58094,-0.506566,0.0252468,0.334729,0.143269,0.669856,0.22216,0.426292,-0.565873,37.41025754090912,8.507272347895771,-14.69602799911956,11.953278304815731,-5.835823564688924,3.134001050835215
0.18793487548828125,1.15208,-0.0242631,-0.450544,0.0307834,-0.0545986,-0.03528,0.0877799,0.480197,0.504931,0.446531,0.454435,0.580898,-0.506613,0.025238,0.334751,0.143255,0.670191,0.221361,0.427069,-0.565204,37.38735578570699,8.515583987196406,-14.855092843855964,11.969030112760773,-5.349454688517781,3.199220191111442
0.18887686729431152,1.15208,-0.0242631,-0.450544,0.0307834,-0.0545986,-0.03528,0.0877799,0.480197,0.504931,0.446531,0.454435,0.580898,-0.506613,0.025238,0.334751,0.143255,0.670191,0.221361,0.427069,-0.565204,37.38735578570699,8.515583987196406,-14.855092843855964,11.969030112760773,-5.349454688517781,3.199220191111442
0.20515227317810059,1.14614,-0.0478551,-0.424426,0.0280139,-0.0594938,-0.040015,0.0877822,0.480223,0.504958,0.445753,0.454543,0.580919,-0.507177,0.025252,0.334821,0.143215,0.669634,0.223129,0.425772,-0.566147,37.43024446733767,8.641295103398715,-14.70472680002139,11.805569576531221,-5.808952947555371,3.2158373454333247
0.2061622142791748,1.14614,-0.0478551,-0.424426,0.0280139,-0.0594938,-0.040015,0.0877822,0.480223,0.504958,0.445753,0.454543,0.580919,-0.507177,0.025252,0.334821,0.143215,0.669634,0.223129,0.425772,-0.566147,37.43024446733767,8.641295103398715,-14.70472680002139,11.805569576531221,-5.808952947555371,3.2158373454333247
0.2384655475616455,1.20852,-0.0432639,-0.450673,0.0290903,-0.0596318,-0.0376752,0.0877828,0.480203,0.50493,0.446458,0.454524,0.580955,-0.506532,0.0252681,0.334755,0.143261,0.670121,0.222051,0.426558,-0.565402,37.405548395572154,8.543140712256124,-14.785409619464831,11.889330242835904,-5.730818162247758,3.1475742417237584
0.2394115924835205,1.20852,-0.0432639,-0.450673,0.0290903,-0.0596318,-0.0376752,0.0877828,0.480203,0.50493,0.446458,0.454524,0.580955,-0.506532,0.0252681,0.334755,0.143261,0.670121,0.222051,0.426558,-0.565402,37.405548395572154,8.543140712256124,-14.785409619464831,11.889330242835904,-5.730818162247758,3.1475742417237584
0.25464820861816406,1.15207,-0.0299621,-0.456909,0.0302806,-0.0533073,-0.0364263,0.0877795,0.480287,0.504893,0.445411,0.455594,0.581882,-0.505427,0.0252207,0.33482,0.14321,0.669696,0.222459,0.426316,-0.565927,37.62078146933595,8.43528948406692,-14.666075266218197,10.954009938777034,-6.233057523901969,2.7297475151020225
0.2555999755859375,1.15207,-0.0299621,-0.456909,0.0302806,-0.0533073,-0.0364263,0.0877795,0.480287,0.504893,0.445411,0.455594,0.581882,-0.505427,0.0252207,0.33482,0.14321,0.669696,0.222459,0.426316,-0.565927,37.62078146933595,8.43528948406692,-14.666075266218197,10.954009938777034,-6.233057523901969,2.7297475151020225
0.2714986801147461,1.10408,-0.0163372,-0.450581,0.0317124,-0.0501639,-0.0345961,0.0877807,0.480206,0.50493,0.446453,0.454573,0.580948,-0.506501,0.0252705,0.334754,0.143258,0.670155,0.222067,0.426558,-0.565355,37.408200938935614,8.545553387456984,-14.79413714650853,11.869291996721259,-5.746601062023666,3.144044181045473
0.27246975898742676,1.10408,-0.0163372,-0.450581,0.0317124,-0.0501639,-0.0345961,0.0877807,0.480206,0.50493,0.446453,0.454573,0.580948,-0.506501,0.0252705,0.334754,0.143258,0.670155,0.222067,0.426558,-0.565355,37.408200938935614,8.545553387456984,-14.79413714650853,11.869291996721259,-5.746601062023666,3.144044181045473
0.28827738761901855,1.14794,-0.0096221,-0.444354,0.0323007,-0.055355,-0.0324252,0.087779,0.480198,0.504931,0.446479,0.454489,0.580915,-0.506591,0.0252684,0.334751,0.143263,0.670126,0.222046,0.426565,-0.565393,37.397420636086906,8.548930892135603,-14.790779659370394,11.917779865628644,-5.700018416131997,3.1657188250904884
0.28922414779663086,1.14794,-0.0096221,-0.444354,0.0323007,-0.055355,-0.0324252,0.087779,0.480198,0.504931,0.446479,0.454489,0.580915,-0.506591,0.0252684,0.334751,0.143263,0.670126,0.222046,0.426565,-0.565393,37.397420636086906,8.548930892135603,-14.790779659370394,11.917779865628644,-5.700018416131997,3.1657188250904884
0.3046607971191406,1.15811,0.00976706,-0.44436,0.0340206,-0.0562621,-0.0281963,0.087786,0.480208,0.504931,0.446529,0.454546,0.580972,-0.506431,0.0252588,0.334824,0.143214,0.6697,0.223103,0.425828,-0.566036,37.39784625650984,8.534456062310324,-14.605654403298978,11.938472808932701,-6.307292378622025,3.171645381713877
0.30561232566833496,1.15811,0.00976706,-0.44436,0.0340206,-0.0562621,-0.0281963,0.087786,0.480208,0.504931,0.446529,0.454546,0.580972,-0.506431,0.0252588,0.334824,0.143214,0.6697,0.223103,0.425828,-0.566036,37.39784625650984,8.534456062310324,-14.605654403298978,11.938472808932701,-6.307292378622025,3.171645381713877
0.3382740020751953,1.20499,-0.0200613,-0.437628,0.0309183,-0.0615844,-0.0332381,0.0877784,0.480219,0.504956,0.445714,0.454564,0.580913,-0.507199,0.0252314,0.334812,0.143209,0.669509,0.222571,0.426117,-0.566255,37.43471267992253,8.58885225982674,-14.722625650908048,11.803631739831731,-5.490281538077923,3.221924514002107
0.3392374515533447,1.20499,-0.0200613,-0.437628,0.0309183,-0.0615844,-0.0332381,0.0877784,0.480219,0.504956,0.445714,0.454564,0.580913,-0.507199,0.0252314,0.334812,0.143209,0.669509,0.222571,0.426117,-0.566255,37.43471267992253,8.58885225982674,-14.722625650908048,11.803631739831731,-5.490281538077923,3.221924514002107
0.3546581268310547,1.14996,-0.060818,-0.437533,0.0273093,-0.0569294,-0.0424584,0.0877813,0.480224,0.504952,0.445728,0.454636,0.580968,-0.50706,0.0252704,0.334757,0.143278,0.670037,0.221633,0.42662,-0.565619,37.470281041488306,8.586499913661747,-14.875664280279958,11.74441193258258,-5.143995550993672,3.0753089626530374
0.35561251640319824,1.14996,-0.060818,-0.437533,0.0273093,-0.0569294,-0.0424584,0.0877813,0.480224,0.504952,0.445728,0.454636,0.580968,-0.50706,0.0252704,0.334757,0.143278,0.670037,0.221633,0.42662,-0.565619,37.470281041488306,8.586499913661747,-14.875664280279958,11.74441193258258,-5.143995550993672,3.0753089626530374
0.37134504318237305,1.17896,-0.00911713,-0.46405,0.0327976,-0.0543876,-0.0317071,0.0877782,0.480218,0.504956,0.445695,0.45452,0.580874,-0.5073,0.0252549,0.334823,0.143215,0.66967,0.223131,0.425804,-0.566079,37.42368774237865,8.663431484304837,-14.731348485503414,11.812352923066788,-5.726562842340163,3.236371155819102
0.37230968475341797,1.17896,-0.00911713,-0.46405,0.0327976,-0.0543876,-0.0317071,0.0877782,0.480218,0.504956,0.445695,0.45452,0.580874,-0.5073,0.0252549,0.334823,0.143215,0.66967,0.223131,0.425804,-0.566079,37.42368774237865,8.663431484304837,-14.731348485503414,11.812352923066788,-5.726562842340163,3.236371155819102
0.38811659812927246,1.19178,-0.0086062,-0.444492,0.0323861,-0.0592547,-0.0314005,0.08778,0.480197,0.504933,0.446425,0.454461,0.580889,-0.506693,0.0252649,0.334751,0.143262,0.670129,0.222038,0.426536,-0.565415,37.39861495436286,8.561401878039366,-14.800041771853158,11.938982630124888,-5.649222237371035,3.169828607759002
0.3890690803527832,1.19178,-0.0086062,-0.444492,0.0323861,-0.0592547,-0.0314005,0.08778,0.480197,0.504933,0.446425,0.454461,0.580889,-0.506693,0.0252649,0.334751,0.143262,0.670129,0.222038,0.426536,-0.565415,37.39861495436286,8.561401878039366,-14.800041771853158,11.938982630124888,-5.649222237371035,3.169828607759002
0.405165433883667,1.0726,-0.0276721,-0.443651,0.0302606,-0.0485032,-0.037755,0.087778,0.480225,0.504953,0.445688,0.454633,0.580937,-0.507132,0.0252544,0.334822,0.143214,0.669677,0.223153,0.425798,-0.566066,37.43842308568754,8.647608948781237,-14.722568473527511,11.740428172644954,-5.81433013916701,3.198470452564433
0.4061274528503418,1.0726,-0.0276721,-0.443651,0.0302606,-0.0485032,-0.037755,0.087778,0.480225,0.504953,0.445688,0.454633,0.580937,-0.507132,0.0252544,0.334822,0.143214,0.669677,0.223153,0.425798,-0.566066,37.43842308568754,8.647608948781237,-14.722568473527511,11.740428172644954,-5.81433013916701,3.198470452564433
0.4246070384979248,1.16991,-0.0100739,-0.424851,0.0318054,-0.0612808,-0.0318565,0.0877768,0.480198,0.504932,0.446428,0.454458,0.580927,-0.50665,0.0252659,0.334751,0.143261,0.670136,0.222054,0.42654,-0.565396,37.4008656005911,8.55993007195086,-14.795699934800325,11.921369258317387,-5.675152002269672,3.164840634961313
0.4256107807159424,1.16991,-0.0100739,-0.424851,0.0318054,-0.0612808,-0.0318565,0.0877768,0.480198,0.504932,0.446428,0.454458,0.580927,-0.50665,0.0252659,0.334751,0.143261,0.670136,0.222054,0.42654,-0.565396,37.4008656005911,8.55993007195086,-14.795699934800325,11.921369258317387,-5.675152002269672,3.164840634961313
0.4547431468963623,1.11089,-0.0441573,-0.430842,0.0285666,-0.0546589,-0.040227,0.0877818,0.480205,0.504931,0.446478,0.454527,0.58096,-0.506506,0.0252564,0.334825,0.143216,0.669697,0.223071,0.425837,-0.566046,37.39879796068802,8.542114767626426,-14.61513932724535,11.944036904646621,-6.245221306671043,3.171913788798267
0.45578742027282715,1.11089,-0.0441573,-0.430842,0.0285666,-0.0546589,-0.040227,0.0877818,0.480205,0.504931,0.446478,0.454527,0.58096,-0.506506,0.0252564,0.334825,0.143216,0.669697,0.223071,0.425837,-0.566046,37.39879796068802,8.542114767626426,-14.61513932724535,11.944036904646621,-6.245221306671043,3.171913788798267
0.4713480472564697,1.14594,0.0292161,-0.444333,0.0357484,-0.0551739,-0.0246281,0.0877631,0.480299,0.504909,0.444526,0.455642,0.581816,-0.506238,0.0252526,0.334826,0.14321,0.669684,0.223185,0.425703,-0.566118,37.66911354259065,8.604820092613316,-14.733668631487953,10.791223505712495,-6.044337263294714,2.7177179267177505
0.47226953506469727,1.14594,0.0292161,-0.444333,0.0357484,-0.0551739,-0.0246281,0.0877631,0.480299,0.504909,0.444526,0.455642,0.581816,-0.506238,0.0252526,0.334826,0.14321,0.669684,0.223185,0.425703,-0.566118,37.66911354259065,8.604820092613316,-14.733668631487953,10.791223505712495,-6.044337263294714,2.7177179267177505
0.4887359142303467,1.10408,-0.0163372,-0.450581,0.0317124,-0.0501639,-0.0345961,0.087786,0.480229,0.504954,0.445806,0.454623,0.581008,-0.506956,0.0252298,0.334754,0.143257,0.670169,0.221376,0.427033,-0.565251,37.448727187896004,8.58239934109915,-14.931351046660549,11.716305769925754,-5.060815755612996,3.15714263089043
0.4897031784057617,1.10408,-0.0163372,-0.450581,0.0317124,-0.0501639,-0.0345961,0.087786,0.480229,0.504954,0.445806,0.454623,0.581008,-0.506956,0.0252298,0.334754,0.143257,0.670169,0.221376,0.427033,-0.565251,37.448727187896004,8.58239934109915,-14.931351046660549,11.716305769925754,-5.060815755612996,3.15714263089043
0.5047450065612793,1.09097,-0.0654461,-0.431271,0.0271227,-0.0527883,-0.0451537,0.0877777,0.480215,0.504952,0.445732,0.454505,0.580898,-0.507253,0.0252487,0.334827,0.143209,0.669625,0.223179,0.425752,-0.566152,37.42446612273945,8.653189769405742,-14.70731418441158,11.827566925145543,-5.788204992826735,3.228148205937769
0.5056939125061035,1.09097,-0.0654461,-0.431271,0.0271227,-0.0527883,-0.0451537,0.0877777,0.480215,0.504952,0.445732,0.454505,0.580898,-0.507253,0.0252487,0.334827,0.143209,0.669625,0.223179,0.425752,-0.566152,37.42446612273945,8.653189769405742,-14.70731418441158,11.827566925145543,-5.788204992826735,3.228148205937769
0.5380744934082031,1.11503,-0.0587981,-0.437032,0.0270494,-0.0539024,-0.0430818,0.087787,0.480231,0.504952,0.445789,0.454649,0.580986,-0.506973,0.0252534,0.334835,0.143206,0.669658,0.22319,0.425793,-0.566079,37.437787943194195,8.626328191959015,-14.695745449079938,11.744142916693589,-5.9306696532485965,3.190963352534864
0.5390377044677734,1.11503,-0.0587981,-0.437032,0.0270494,-0.0539024,-0.0430818,0.087787,0.480231,0.504952,0.445789,0.454649,0.580986,-0.506973,0.0252534,0.334835,0.143206,0.669658,0.22319,0.425793,-0.566079,37.437787943194195,8.626328191959015,-14.695745449079938,11.744142916693589,-5.9306696532485965,3.190963352534864
0.5546598434448242,1.1166,-0.0260661,-0.430961,0.0301776,-0.0556429,-0.0362831,0.0877772,0.480216,0.504952,0.445757,0.45453,0.580862,-0.50725,0.0252274,0.334763,0.143244,0.670096,0.221441,0.42707,-0.565284,37.41869946980923,8.611207812926045,-14.951182122265323,11.782485148660717,-4.898794226032551,3.249155193211708
0.5556149482727051,1.1166,-0.0260661,-0.430961,0.0301776,-0.0556429,-0.0362831,0.0877772,0.480216,0.504952,0.445757,0.45453,0.580862,-0.50725,0.0252274,0.334763,0.143244,0.670096,0.221441,0.42707,-0.565284,37.41869946980923,8.611207812926045,-14.951182122265323,11.782485148660717,-4.898794226032551,3.249155193211708
0.571319580078125,1.13779,-0.0233119,-0.437983,0.0310837,-0.0557393,-0.0355077,0.0877799,0.480225,0.504951,0.445755,0.454608,0.580932,-0.507102,0.025274,0.334868,0.14319,0.669972,0.223014,0.426159,-0.565501,37.41180219497032,8.684060055756175,-14.815058926771176,11.751067531978311,-5.69848216978991,3.263243533435043
0.5722699165344238,1.13779,-0.0233119,-0.437983,0.0310837,-0.0557393,-0.0355077,0.0877799,0.480225,0.504951,0.445755,0.454608,0.580932,-0.507102,0.025274,0.334868,0.14319,0.669972,0.223014,0.426159,-0.565501,37.41180219497032,8.684060055756175,-14.815058926771176,11.751067531978311,-5.69848216978991,3.263243533435043
0.5881433486938477,1.14956,-0.0545509,-0.431204,0.0278628,-0.0581754,-0.0414605,0.0877774,0.480196,0.504929,0.446447,0.454465,0.580894,-0.506664,0.0252254,0.334768,0.14324,0.670085,0.221461,0.427113,-0.565258,37.379594664127396,8.518356843854008,-14.85049274389784,11.929196894276544,-5.319046737462418,3.2409512177571336
0.5891122817993164,1.14956,-0.0545509,-0.431204,0.0278628,-0.0581754,-0.0414605,0.0877774,0.480196,0.504929,0.446447,0.454465,0.580894,-0.506664,0.0252254,0.334768,0.14324,0.670085,0.221461,0.427113,-0.565258,37.379594664127396,8.518356843854008,-14.85049274389784,11.929196894276544,-5.319046737462418,3.2409512177571336
0.6046950817108154,1.1041,-0.010638,-0.444216,0.0322152,-0.0514553,-0.0334498,0.0877825,0.480207,0.504929,0.446457,0.45459,0.580982,-0.506442,0.0252723,0.334897,0.143184,0.669296,0.223927,0.425558,-0.566392,37.36739760454877,8.54072532926208,-14.50176015851275,11.861194821295625,-6.570148420299846,3.2709308730551356
0.6056396961212158,1.1041,-0.010638,-0.444216,0.0322152,-0.0514553,-0.0334498,0.0877825,0.480207,0.504929,0.446457,0.45459,0.580982,-0.506442,0.0252723,0.334897,0.143184,0.669296,0.223927,0.425558,-0.566392,37.36739760454877,8.54072532926208,-14.50176015851275,11.861194821295625,-6.570148420299846,3.2709308730551356
0.6384124755859375,1.16107,-0.0107892,-0.417879,0.0310766,-0.06203,-0.03253,0.087778,0.480196,0.504929,0.446516,0.454426,0.580896,-0.506636,0.0252139,0.334834,0.143199,0.6696,0.222544,0.426341,-0.565989,37.36665977742926,8.510182299853241,-14.655620357076893,12.003053018708252,-5.879685003623418,3.274150668145322
0.6393866539001465,1.16107,-0.0107892,-0.417879,0.0310766,-0.06203,-0.03253,0.087778,0.480196,0.504929,0.446516,0.454426,0.580896,-0.506636,0.0252139,0.334834,0.143199,0.6696,0.222544,0.426341,-0.565989,37.36665977742926,8.510182299853241,-14.655620357076893,12.003053018708252,-5.879685003623418,3.274150668145322
0.6551709175109863,1.1908,-0.0356171,-0.431334,0.0295416,-0.062091,-0.0364574,0.0877808,0.480223,0.50495,0.445707,0.454628,0.580955,-0.5071,0.0252374,0.334815,0.143215,0.669381,0.223269,0.425564,-0.566548,37.448913203060904,8.602485730851496,-14.629655596721726,11.765469509706532,-5.92446277461991,3.1677029447414813
0.6561577320098877,1.1908,-0.0356171,-0.431334,0.0295416,-0.062091,-0.0364574,0.0877808,0.480223,0.50495,0.445707,0.454628,0.580955,-0.5071,0.0252374,0.334815,0.143215,0.669381,0.223269,0.425564,-0.566548,37.448913203060904,8.602485730851496,-14.629655596721726,11.765469509706532,-5.92446277461991,3.1677029447414813
0.6714649200439453,1.13016,-0.024771,-0.450475,0.0307407,-0.0526487,-0.0357923,0.0877769,0.480197,0.50493,0.446414,0.454487,0.58088,-0.50669,0.0251259,0.334776,0.143303,0.668755,0.221482,0.426214,-0.567498,37.44483133026449,8.299628400946041,-14.481216098038344,12.094584748249558,-5.4884162972896,3.009230531203644
0.6724123954772949,1.13016,-0.024771,-0.450475,0.0307407,-0.0526487,-0.0357923,0.0877769,0.480197,0.50493,0.446414,0.454487,0.58088,-0.50669,0.0251259,0.334776,0.143303,0.668755,0.221482,0.426214,-0.567498,37.44483133026449,8.299628400946041,-14.481216098038344,12.094584748249558,-5.4884162972896,3.009230531203644
0.6881465911865234,1.12877,-0.0455153,-0.430988,0.0284497,-0.056731,-0.0398513,0.0877771,0.480221,0.504949,0.445672,0.454626,0.580886,-0.507211,0.0252615,0.334758,0.143252,0.670084,0.222097,0.426485,-0.565483,37.44543014616058,8.646789309734107,-14.892127616067606,11.728820410552721,-5.266104286146395,3.16981174268009
0.6891183853149414,1.12877,-0.0455153,-0.430988,0.0284497,-0.056731,-0.0398513,0.0877771,0.480221,0.504949,0.445672,0.454626,0.580886,-0.507211,0.0252615,0.334758,0.143252,0.670084,0.222097,0.426485,-0.565483,37.44543014616058,8.646789309734107,-14.892127616067606,11.728820410552721,-5.266104286146395,3.16981174268009
0.7047572135925293,1.22259,-0.153457,-0.446199,0.0138102,-0.0657071,-0.0593686,0.0877837,0.480201,0.504924,0.446496,0.45452,0.580966,-0.506489,0.0252486,0.334735,0.143261,0.669905,0.222116,0.426217,-0.56589,37.430527220551234,8.500328420915764,-14.695331476681702,11.95265748664198,-5.8733319871152645,3.0704625417665583
0.7057099342346191,1.22259,-0.153457,-0.446199,0.0138102,-0.0657071,-0.0593686,0.0877837,0.480201,0.504924,0.446496,0.45452,0.580966,-0.506489,0.0252486,0.334735,0.143261,0.669905,0.222116,0.426217,-0.56589,37.430527220551234,8.500328420915764,-14.695331476681702,11.95265748664198,-5.8733319871152645,3.0704625417665583
0.7246084213256836,1.10916,0.235741,-0.446437,0.0428393,-0.0563394,0.0189755,0.0877728,0.480189,0.504931,0.446473,0.454329,0.580832,-0.506834,0.025132,0.334843,0.143251,0.667926,0.223888,0.424559,-0.56877,37.407300810903,8.348078492540058,-14.1300015945278,12.195415345224195,-6.627181140665401,3.117871402939021
0.7255465984344482,1.10916,0.235741,-0.446437,0.0428393,-0.0563394,0.0189755,0.0877728,0.480189,0.504931,0.446473,0.454329,0.580832,-0.506834,0.025132,0.334843,0.143251,0.667926,0.223888,0.424559,-0.56877,37.407300810903,8.348078492540058,-14.1300015945278,12.195415345224195,-6.627181140665401,3.117871402939021
0.7547643184661865,1.3654,-0.398392,-0.529328,-0.0290848,-0.0700023,-0.105589,0.0877436,0.480162,0.504919,0.446102,0.454355,0.580564,-0.507444,0.0251353,0.33461,0.14317,0.67395,0.221526,0.42753,-0.5603,37.37549229714721,9.212663158417804,-15.803746389515519,12.05494805518744,-5.325022621689545,3.2901501386509167
0.755706787109375,1.3654,-0.398392,-0.529328,-0.0290848,-0.0700023,-0.105589,0.0877436,0.480162,0.504919,0.446102,0.454355,0.580564,-0.507444,0.0251353,0.33461,0.14317,0.67395,0.221526,0.42753,-0.5603,37.37549229714721,9.212663158417804,-15.803746389515519,12.05494805518744,-5.325022621689545,3.2901501386509167
0.7719180583953857,1.54459,-0.927004,-0.526625,-0.114424,-0.10082,-0.206747,0.08771,0.480158,0.504876,0.445248,0.45428,0.580688,-0.508119,0.0248561,0.334619,0.14322,0.670893,0.222535,0.427189,-0.563818,37.330941023918776,8.94574387983773,-15.232562084666982,11.63498960315661,-5.1764412467285625,3.5522536458022924
0.7728540897369385,1.54459,-0.927004,-0.526625,-0.114424,-0.10082,-0.206747,0.08771,0.480158,0.504876,0.445248,0.45428,0.580688,-0.508119,0.0248561,0.334619,0.14322,0.670893,0.222535,0.427189,-0.563818,37.330941023918776,8.94574387983773,-15.232562084666982,11.63498960315661,-5.1764412467285625,3.5522536458022924
0.7890007495880127,1.36126,-0.338818,-0.462053,-0.0342137,-0.0859322,-0.0922317,0.0877506,0.480287,0.504837,0.444855,0.455711,0.582038,-0.505631,0.024675,0.334479,0.143305,0.669579,0.221138,0.425864,-0.566924,37.80776247399625,8.341253922108475,-14.641638852257161,10.956698904944446,-6.248158634842543,2.277468722236955
0.7899448871612549,1.36126,-0.338818,-0.462053,-0.0342137,-0.0859322,-0.0922317,0.0877506,0.480287,0.504837,0.444855,0.455711,0.582038,-0.505631,0.024675,0.334479,0.143305,0.669579,0.221138,0.425864,-0.566924,37.80776247399625,8.341253922108475,-14.641638852257161,10.956698904944446,-6.248158634842543,2.277468722236955
0.8056015968322754,1.09169,-0.32462,-0.407942,-0.0204367,-0.0623416,-0.0977436,0.0877026,0.480184,0.504869,0.445566,0.454189,0.580876,-0.507707,0.0245508,0.334541,0.143296,0.671146,0.221589,0.428074,-0.563218,37.31084448086386,8.874137911665736,-15.308151955433352,11.6064520055823,-5.225823744858994,3.5537952547190583
0.8065564632415771,1.09169,-0.32462,-0.407942,-0.0204367,-0.0623416,-0.0977436,0.0877026,0.480184,0.504869,0.445566,0.454189,0.580876,-0.507707,0.0245508,0.334541,0.143296,0.671146,0.221589,0.428074,-0.563218,37.31084448086386,8.874137911665736,-15.308151955433352,11.6064520055823,-5.225823744858994,3.5537952547190583
0.838620662689209,1.55721,-0.876106,-0.461919,-0.114821,-0.134184,-0.188439,0.0876895,0.480203,0.504878,0.445937,0.45419,0.58103,-0.507204,0.0248806,0.334675,0.143212,0.674099,0.220747,0.42897,-0.559326,37.33104807021429,9.203633091721247,-15.945826963329957,11.736846158295874,-4.996404367111078,3.399594670161745
0.839564323425293,1.55721,-0.876106,-0.461919,-0.114821,-0.134184,-0.188439,0.0876895,0.480203,0.504878,0.445937,0.45419,0.58103,-0.507204,0.0248806,0.334675,0.143212,0.674099,0.220747,0.42897,-0.559326,37.33104807021429,9.203633091721247,-15.945826963329957,11.736846158295874,-4.996404367111078,3.399594670161745
0.8550667762756348,2.20423,-0.779714,-0.475091,-0.109584,-0.195335,-0.158188,0.0876813,0.480198,0.504886,0.446266,0.45423,0.580725,-0.507228,0.0247544,0.334137,0.143243,0.671869,0.218897,0.425789,-0.565137,37.699936854236086,8.600395912623993,-15.124406034412035,12.604618785662929,-5.166637978445594,2.4739886198828676
0.8560066223144531,2.20423,-0.779714,-0.475091,-0.109584,-0.195335,-0.158188,0.0876813,0.480198,0.504886,0.446266,0.45423,0.580725,-0.507228,0.0247544,0.334137,0.143243,0.671869,0.218897,0.425789,-0.565137,37.699936854236086,8.600395912623993,-15.124406034412035,12.604618785662929,-5.166637978445594,2.4739886198828676
0.8718700408935547,1.91544,-0.997733,-0.465779,-0.13435,-0.160935,-0.205583,0.0877175,0.480267,0.504812,0.444802,0.45549,0.581792,-0.506161,0.0247882,0.333808,0.143219,0.672637,0.219554,0.426255,-0.563615,37.89671514617304,8.735457469851688,-15.371264831420003,10.945292996230258,-5.683056803720887,2.2997335642942964
0.872809886932373,1.91544,-0.997733,-0.465779,-0.13435,-0.160935,-0.205583,0.0877175,0.480267,0.504812,0.444802,0.45549,0.581792,-0.506161,0.0247882,0.333808,0.143219,0.672637,0.219554,0.426255,-0.563615,37.89671514617304,8.735457469851688,-15.371264831420003,10.945292996230258,-5.683056803720887,2.2997335642942964
0.8886086940765381,1.87041,-0.981386,-0.299293,-0.145616,-0.190101,-0.198051,0.0878122,0.480211,0.504663,0.444659,0.456252,0.581077,-0.506421,0.0245577,0.333641,0.143094,0.67098,0.220589,0.427235,-0.564444,37.681036479678745,8.613327038021596,-15.265253572697446,10.343815270430262,-5.668075139628567,3.038110211452335
0.8895642757415771,1.87041,-0.981386,-0.299293,-0.145616,-0.190101,-0.198051,0.0878122,0.480211,0.504663,0.444659,0.456252,0.581077,-0.506421,0.0245577,0.333641,0.143094,0.67098,0.220589,0.427235,-0.564444,37.681036479678745,8.613327038021596,-15.265253572697446,10.343815270430262,-5.668075139628567,3.038110211452335
0.9046900272369385,1.90474,-1.39838,0.0793833,-0.217561,-0.274817,-0.27071,0.0879358,0.480117,0.504342,0.44458,0.456799,0.580419,-0.50675,0.0238251,0.333448,0.143094,0.671016,0.217695,0.427859,-0.565052,37.796903081566185,8.412237936846271,-15.451408511787637,10.839867778525296,-5.092062356396889,2.4370296666772022
0.905656099319458,1.90474,-1.39838,0.0793833,-0.217561,-0.274817,-0.27071,0.0879358,0.480117,0.504342,0.44458,0.456799,0.580419,-0.50675,0.0238251,0.333448,0.143094,0.671016,0.217695,0.427859,-0.565052,37.796903081566185,8.412237936846271,-15.451408511787637,10.839867778525296,-5.092062356396889,2.4370296666772022
0.9399943351745605,2.19977,-1.36848,0.534209,-0.239719,-0.418091,-0.227111,0.0879075,0.480089,0.503999,0.445399,0.455945,0.580569,-0.506629,0.0233976,0.333086,0.14298,0.672153,0.215374,0.427487,-0.564871,37.93274259612663,8.342333684225801,-15.509574383449785,11.640387743892623,-5.293074487545094,1.826603223426726
0.940962553024292,2.19977,-1.36848,0.534209,-0.239719,-0.418091,-0.227111,0.0879075,0.480089,0.503999,0.445399,0.455945,0.580569,-0.506629,0.0233976,0.333086,0.14298,0.672153,0.215374,0.427487,-0.564871,37.93274259612663,8.342333684225801,-15.509574383449785,11.640387743892623,-5.293074487545094,1.826603223426726
0.9545989036560059,2.03505,-2.13591,0.988781,-0.379092,-0.486024,-0.351715,0.0878946,0.479962,0.503934,0.44602,0.453762,0.57959,-0.509157,0.0234079,0.332163,0.142662,0.671033,0.216209,0.427771,-0.565668,37.52784278208188,8.515381689260813,-15.38787647017178,12.026580687857251,-4.492495053561803,3.5555834643197244
0.9555714130401611,2.03505,-2.13591,0.988781,-0.379092,-0.486024,-0.351715,0.0878946,0.479962,0.503934,0.44602,0.453762,0.57959,-0.509157,0.0234079,0.332163,0.142662,0.671033,0.216209,0.427771,-0.565668,37.52784278208188,8.515381689260813,-15.38787647017178,12.026580687857251,-4.492495053561803,3.5555834643197244
0.9715240001678467,2.02173,-2.02881,1.17781,-0.355734,-0.542852,-0.299939,0.0879353,0.479903,0.503759,0.445463,0.453244,0.581121,-0.508361,0.0233217,0.331546,0.142498,0.67188,0.2156,0.426513,-0.565845,37.86356989565368,8.528572796795052,-15.261054787325868,11.668564334196434,-5.3751270065962125,2.911688729150624
0.9724738597869873,2.02173,-2.02881,1.17781,-0.355734,-0.542852,-0.299939,0.0879353,0.479903,0.503759,0.445463,0.453244,0.581121,-0.508361,0.0233217,0.331546,0.142498,0.67188,0.2156,0.426513,-0.565845,37.86356989565368,8.528572796795052,-15.261054787325868,11.668564334196434,-5.3751270065962125,2.911688729150624
0.987994909286499,2.27634,-1.76212,0.934873,-0.309533,-0.542247,-0.217964,0.0879503,0.479877,0.503585,0.444897,0.453867,0.580509,-0.508999,0.0233433,0.331384,0.142434,0.67078,0.216974,0.425763,-0.567187,37.82981127344487,8.533089532407207,-15.12408068446258,11.249733225306557,-5.493753130033232,3.069537873506498
0.9889459609985352,2.27634,-1.76212,0.934873,-0.309533,-0.542247,-0.217964,0.0879503,0.479877,0.503585,0.444897,0.453867,0.580509,-0.508999,0.0233433,0.331384,0.142434,0.67078,0.216974,0.425763,-0.567187,37.82981127344487,8.533089532407207,-15.12408068446258,11.249733225306557,-5.493753130033232,3.069537873506498
1.004817247390747,3.63832,-1.5904,1.22529,-0.34421,-0.765849,-0.105919,0.0879797,0.479785,0.503113,0.446582,0.454081,0.578885,-0.509183,0.0238488,0.330251,0.141923,0.672149,0.21487,0.424953,-0.566976,37.85077032366202,8.44939306146841,-15.335608727973248,11.817734523751948,-5.026059370590945,3.199771313324167
1.0058183670043945,3.63832,-1.5904,1.22529,-0.34421,-0.765849,-0.105919,0.0879797,0.479785,0.503113,0.446582,0.454081,0.578885,-0.509183,0.0238488,0.330251,0.141923,0.672149,0.21487,0.424953,-0.566976,37.85077032366202,8.44939306146841,-15.335608727973248,11.817734523751948,-5.026059370590945,3.199771313324167
1.0380713939666748,2.91569,-2.48661,1.83471,-0.487581,-0.851501,-0.19221,0.0881871,0.479739,0.502619,0.445598,0.455044,0.579954,-0.507967,0.0243481,0.329201,0.141389,0.672663,0.213687,0.422708,-0.568489,38.401067219451086,8.280544023672963,-15.15651655791387,10.899046665560961,-5.588265362835804,2.248264143095688
1.0390129089355469,2.91569,-2.48661,1.83471,-0.487581,-0.851501,-0.19221,0.0881871,0.479739,0.502619,0.445598,0.455044,0.579954,-0.507967,0.0243481,0.329201,0.141389,0.672663,0.213687,0.422708,-0.568489,38.401067219451086,8.280544023672963,-15.15651655791387,10.899046665560961,-5.588265362835804,2.248264143095688
1.0548925399780273,2.99737,-2.15475,2.67755,-0.4604,-1.06551,-0.0526831,0.0886184,0.479276,0.502263,0.447557,0.451495,0.578922,-0.510581,0.0247496,0.328007,0.140933,0.672896,0.213152,0.421923,-0.568997,38.056137816797126,8.477708839092331,-15.019802823344424,12.700445614159577,-5.142354512623035,3.3457217887716846
1.0558507442474365,2.99737,-2.15475,2.67755,-0.4604,-1.06551,-0.0526831,0.0886184,0.479276,0.502263,0.447557,0.451495,0.578922,-0.510581,0.0247496,0.328007,0.140933,0.672896,0.213152,0.421923,-0.568997,38.056137816797126,8.477708839092331,-15.019802823344424,12.700445614159577,-5.142354512623035,3.3457217887716846
1.0711948871612549,4.08583,-1.97255,3.08049,-0.468443,-1.31018,0.0799285,0.0888418,0.479217,0.501825,0.446568,0.452993,0.578347,-0.510773,0.0250382,0.326951,0.140572,0.672907,0.210653,0.419162,-0.571948,38.605050195905115,8.228697621993152,-14.941523017721266,12.563904952572159,-4.708256630943344,2.2134003159642406
1.0721521377563477,4.08583,-1.97255,3.08049,-0.468443,-1.31018,0.0799285,0.0888418,0.479217,0.501825,0.446568,0.452993,0.578347,-0.510773,0.0250382,0.326951,0.140572,0.672907,0.210653,0.419162,-0.571948,38.605050195905115,8.228697621993152,-14.941523017721266,12.563904952572159,-4.708256630943344,2.2134003159642406
1.0881848335266113,3.79388,-2.35331,3.33134,-0.525979,-1.34323,0.0365239,0.0888478,0.479141,0.501622,0.446591,0.453467,0.577784,-0.51097,0.0253411,0.32638,0.140367,0.673596,0.211117,0.418543,-0.571419,38.62335799064492,8.357512217496941,-15.103200458413463,12.221703824460453,-4.811391245826579,2.3713099033638
1.0891156196594238,3.79388,-2.35331,3.33134,-0.525979,-1.34323,0.0365239,0.0888478,0.479141,0.501622,0.446591,0.453467,0.577784,-0.51097,0.0253411,0.32638,0.140367,0.673596,0.211117,0.418543,-0.571419,38.62335799064492,8.357512217496941,-15.103200458413463,12.221703824460453,-4.811391245826579,2.3713099033638
1.1047306060791016,3.55085,-2.16263,3.33228,-0.499514,-1.36605,0.17159,0.0887523,0.479131,0.500885,0.446131,0.452641,0.579356,-0.510323,0.0256549,0.324647,0.139664,0.674215,0.209475,0.416059,-0.573105,39.1237134684648,8.23029378171268,-14.773590802233102,11.373366771297755,-5.354850174299839,1.8231183734721905
1.1056652069091797,3.55085,-2.16263,3.33228,-0.499514,-1.36605,0.17159,0.0887523,0.479131,0.500885,0.446131,0.452641,0.579356,-0.510323,0.0256549,0.324647,0.139664,0.674215,0.209475,0.416059,-0.573105,39.1237134684648,8.23029378171268,-14.773590802233102,11.373366771297755,-5.354850174299839,1.8231183734721905
1.1380741596221924,4.82905,-2.12355,3.69615,-0.508208,-1.61379,0.349324,0.0888432,0.478992,0.500381,0.446506,0.454058,0.576827,-0.5116,0.0263589,0.323431,0.139126,0.675918,0.208734,0.415165,-0.572017,39.120691508584734,8.4652895892905,-15.38531012058645,11.2791029772022,-4.404907708969296,2.2128989390620872
1.1390178203582764,4.82905,-2.12355,3.69615,-0.508208,-1.61379,0.349324,0.0888432,0.478992,0.500381,0.446506,0.454058,0.576827,-0.5116,0.0263589,0.323431,0.139126,0.675918,0.208734,0.415165,-0.572017,39.120691508584734,8.4652895892905,-15.38531012058645,11.2791029772022,-4.404907708969296,2.2128989390620872
1.1545593738555908,4.21489,-2.20403,3.84213,-0.526015,-1.59335,0.415073,0.0890659,0.478739,0.500196,0.447711,0.452114,0.576011,-0.513185,0.0272293,0.322707,0.138785,0.673909,0.209082,0.411301,-0.577029,39.15366697312104,8.21219038170409,-14.49851904492466,12.825553993611766,-4.308940622782611,2.225616723743788
1.1554865837097168,4.21489,-2.20403,3.84213,-0.526015,-1.59335,0.415073,0.0890659,0.478739,0.500196,0.447711,0.452114,0.576011,-0.513185,0.0272293,0.322707,0.138785,0.673909,0.209082,0.411301,-0.577029,39.15366697312104,8.21219038170409,-14.49851904492466,12.825553993611766,-4.308940622782611,2.225616723743788
1.1713664531707764,4.37053,-1.35608,4.48539,-0.459997,-1.79274,0.630348,0.0891032,0.478721,0.500172,0.447754,0.452169,0.575874,-0.513253,0.0278427,0.3226,0.138541,0.67415,0.211745,0.412513,-0.574908,38.84099386167415,8.504030705051273,-14.698200603851406,11.874018128440401,-4.392354335576341,3.4437575222247023
1.172295331954956,4.37053,-1.35608,4.48539,-0.459997,-1.79274,0.630348,0.0891032,0.478721,0.500172,0.447754,0.452169,0.575874,-0.513253,0.0278427,0.3226,0.138541,0.67415,0.211745,0.412513,-0.574908,38.84099386167415,8.504030705051273,-14.698200603851406,11.874018128440401,-4.392354335576341,3.4437575222247023
1.1878738403320312,4.72066,-2.15291,3.6942,-0.519902,-1.69122,0.505049,0.0890818,0.478762,0.500169,0.448197,0.452792,0.575016,-0.51328,0.0286245,0.322526,0.138519,0.676621,0.211705,0.409934,-0.573864,39.08656352088487,8.760406875151311,-15.009483819664935,12.540441986352096,-4.643345492536736,2.5872596274676303
1.188821792602539,4.72066,-2.15291,3.6942,-0.519902,-1.69122,0.505049,0.0890818,0.478762,0.500169,0.448197,0.452792,0.575016,-0.51328,0.0286245,0.322526,0.138519,0.676621,0.211705,0.409934,-0.573864,39.08656352088487,8.760406875151311,-15.009483819664935,12.540441986352096,-4.643345492536736,2.5872596274676303
1.2046899795532227,5.46369,0.119931,3.86124,-0.275395,-1.73022,1.01106,0.0889612,0.478895,0.50028,0.447646,0.452612,0.576207,-0.512583,0.0309506,0.322538,0.138403,0.672516,0.218371,0.404888,-0.579743,39.178679203651456,8.524065663014403,-13.487131430578955,11.114905712454984,-5.86677559421599,2.818389107647981
1.2056317329406738,5.46369,0.119931,3.86124,-0.275395,-1.73022,1.01106,0.0889612,0.478895,0.50028,0.447646,0.452612,0.576207,-0.512583,0.0309506,0.322538,0.138403,0.672516,0.218371,0.404888,-0.579743,39.178679203651456,8.524065663014403,-13.487131430578955,11.114905712454984,-5.86677559421599,2.818389107647981
1.2380034923553467,2.09392,-1.65163,4.30071,-0.498622,-1.50144,0.736882,0.0891682,0.478959,0.500646,0.447009,0.453765,0.577261,-0.51093,0.031445,0.322044,0.138726,0.672682,0.215997,0.402748,-0.581926,39.783166729146465,8.139531182345928,-13.201081393076732,10.73656732149778,-6.049772784443865,1.4535438232900968
1.2389552593231201,2.09392,-1.65163,4.30071,-0.498622,-1.50144,0.736882,0.0891682,0.478959,0.500646,0.447009,0.453765,0.577261,-0.51093,0.031445,0.322044,0.138726,0.672682,0.215997,0.402748,-0.581926,39.783166729146465,8.139531182345928,-13.201081393076732,10.73656732149778,-6.049772784443865,1.4535438232900968
1.2545111179351807,2.40094,-1.88963,4.00128,-0.506958,-1.51765,0.787055,0.0893564,0.478717,0.500822,0.448016,0.451791,0.576586,-0.512557,0.0314031,0.321874,0.138876,0.671709,0.215711,0.40079,-0.584503,39.706578741898674,8.061287797794732,-12.752575458849774,12.55875487466243,-6.033589461706015,1.3906727158362724
1.2554404735565186,2.40094,-1.88963,4.00128,-0.506958,-1.51765,0.787055,0.0893564,0.478717,0.500822,0.448016,0.451791,0.576586,-0.512557,0.0314031,0.321874,0.138876,0.671709,0.215711,0.40079,-0.584503,39.706578741898674,8.061287797794732,-12.752575458849774,12.55875487466243,-6.033589461706015,1.3906727158362724
1.2712879180908203,3.53204,-2.15004,3.54338,-0.498615,-1.59131,0.722761,0.089248,0.478893,0.50072,0.44677,0.453912,0.576991,-0.511314,0.0325545,0.322323,0.138761,0.667751,0.223005,0.402438,-0.585167,39.21179898022306,8.035214549186488,-12.22893812851444,9.153919711123368,-6.764742692331319,3.1983449456875555
1.272216558456421,3.53204,-2.15004,3.54338,-0.498615,-1.59131,0.722761,0.089248,0.478893,0.50072,0.44677,0.453912,0.576991,-0.511314,0.0325545,0.322323,0.138761,0.667751,0.223005,0.402438,-0.585167,39.21179898022306,8.035214549186488,-12.22893812851444,9.153919711123368,-6.764742692331319,3.1983449456875555
1.2880260944366455,3.18801,-2.43146,4.5661,-0.551974,-1.71313,0.698965,0.0892261,0.478939,0.50066,0.446968,0.453809,0.576714,-0.511544,0.0329114,0.32198,0.138513,0.670704,0.220248,0.398849,-0.585292,39.77739165661287,8.15141899826915,-12.465452680680649,10.66854562036544,-6.660135238173419,1.6894712038285271
1.2889666557312012,3.18801,-2.43146,4.5661,-0.551974,-1.71313,0.698965,0.0892261,0.478939,0.50066,0.446968,0.453809,0.576714,-0.511544,0.0329114,0.32198,0.138513,0.670704,0.220248,0.398849,-0.585292,39.77739165661287,8.15141899826915,-12.465452680680649,10.66854562036544,-6.660135238173419,1.6894712038285271
1.3046982288360596,5.40867,-1.66605,3.87076,-0.494335,-1.87262,0.950877,0.0891005,0.47903,0.500456,0.447667,0.454137,0.576681,-0.510679,0.0333187,0.322007,0.138305,0.670893,0.218863,0.399802,-0.584944,39.77112960152923,7.958246558429436,-12.506226180078569,10.473130906764371,-5.96321594164496,1.6629300373015323
1.3056364059448242,5.40867,-1.66605,3.87076,-0.494335,-1.87262,0.950877,0.0891005,0.47903,0.500456,0.447667,0.454137,0.576681,-0.510679,0.0333187,0.322007,0.138305,0.670893,0.218863,0.399802,-0.584944,39.77112960152923,7.958246558429436,-12.506226180078569,10.473130906764371,-5.96321594164496,1.6629300373015323
1.3381009101867676,3.92797,-2.34754,3.98664,-0.563577,-1.69546,0.886957,0.089293,0.478804,0.500349,0.447216,0.453966,0.576031,-0.511957,0.0339048,0.321939,0.138156,0.669607,0.22212,0.398609,-0.586004,39.575441626918504,8.161651905361001,-12.28922063214262,10.335148833977032,-6.16727276462637,2.264462493616509
1.339036226272583,3.92797,-2.34754,3.98664,-0.563577,-1.69546,0.886957,0.089293,0.478804,0.500349,0.447216,0.453966,0.576031,-0.511957,0.0339048,0.321939,0.138156,0.669607,0.22212,0.398609,-0.586004,39.575441626918504,8.161651905361001,-12.28922063214262,10.335148833977032,-6.16727276462637,2.264462493616509
1.3546295166015625,2.09507,-0.99805,4.251,-0.408317,-1.56479,1.18306,0.0893516,0.478754,0.500298,0.447074,0.453943,0.576117,-0.512005,0.0344869,0.321808,0.138051,0.667363,0.223387,0.398536,-0.588127,39.45481026525239,7.949140892171081,-11.822803248780946,9.72150477090803,-5.82558537489415,2.7876527636435604
1.355567216873169,2.09507,-0.99805,4.251,-0.408317,-1.56479,1.18306,0.0893516,0.478754,0.500298,0.447074,0.453943,0.576117,-0.512005,0.0344869,0.321808,0.138051,0.667363,0.223387,0.398536,-0.588127,39.45481026525239,7.949140892171081,-11.822803248780946,9.72150477090803,-5.82558537489415,2.7876527636435604
1.3713181018829346,1.15941,-1.70532,4.97807,-0.524917,-1.50351,1.07737,0.089266,0.478786,0.500255,0.447583,0.453419,0.57579,-0.512393,0.0352903,0.321778,0.137897,0.666742,0.223105,0.396643,-0.590214,39.5452197752077,7.801699830580739,-11.468661010291294,10.36624500483929,-5.209046864484764,2.5116620069205178
1.3722548484802246,1.15941,-1.70532,4.97807,-0.524917,-1.50351,1.07737,0.089266,0.478786,0.500255,0.447583,0.453419,0.57579,-0.512393,0.0352903,0.321778,0.137897,0.666742,0.223105,0.396643,-0.590214,39.5452197752077,7.801699830580739,-11.468661010291294,10.36624500483929,-5.209046864484764,2.5116620069205178
1.3880300521850586,4.27251,-3.17177,3.40702,-0.66514,-1.59889,0.908925,0.0892327,0.478785,0.500254,0.447694,0.453212,0.575587,-0.512707,0.0354221,0.32185,0.13795,0.66998,0.223281,0.396524,-0.58655,39.5845032985417,8.31906244123981,-12.151887474006433,10.699079712133157,-5.470948390846293,2.2655959658095868
1.388972520828247,4.27251,-3.17177,3.40702,-0.66514,-1.59889,0.908925,0.0892327,0.478785,0.500254,0.447694,0.453212,0.575587,-0.512707,0.0354221,0.32185,0.13795,0.66998,0.223281,0.396524,-0.58655,39.5845032985417,8.31906244123981,-12.151887474006433,10.699079712133157,-5.470948390846293,2.2655959658095868
1.404736042022705,4.52193,-1.13639,4.01983,-0.408529,-1.67641,1.39171,0.0893242,0.478836,0.500458,0.447947,0.453268,0.576201,-0.511746,0.0354797,0.321965,0.137993,0.66736,0.224384,0.396042,-0.589435,39.54732061587431,7.903650534530117,-11.418396911441917,10.442376250059136,-6.165777184489216,2.4959112442831395
1.405674934387207,4.52193,-1.13639,4.01983,-0.408529,-1.67641,1.39171,0.0893242,0.478836,0.500458,0.447947,0.453268,0.576201,-0.511746,0.0354797,0.321965,0.137993,0.66736,0.224384,0.396042,-0.589435,39.54732061587431,7.903650534530117,-11.418396911441917,10.442376250059136,-6.165777184489216,2.4959112442831395
1.438408374786377,2.82876,-1.6288,3.21264,-0.423842,-1.28488,1.37475,0.0896343,0.478738,0.501081,0.447627,0.454562,0.575226,-0.511975,0.0370573,0.322659,0.138516,0.666606,0.22647,0.3926,-0.591788,39.732337656299265,7.884372325022256,-11.098083967077615,11.034575855973172,-5.993179558093026,1.5975318598455384
1.439354658126831,2.82876,-1.6288,3.21264,-0.423842,-1.28488,1.37475,0.0896343,0.478738,0.501081,0.447627,0.454562,0.575226,-0.511975,0.0370573,0.322659,0.138516,0.666606,0.22647,0.3926,-0.591788,39.732337656299265,7.884372325022256,-11.098083967077615,11.034575855973172,-5.993179558093026,1.5975318598455384
1.454599380493164,1.93957,-1.28737,3.284,-0.389779,-1.14027,1.47448,0.0896218,0.478755,0.501424,0.446572,0.453736,0.576018,-0.512738,0.0374066,0.32334,0.138675,0.663331,0.234007,0.394407,-0.591334,39.031594563652355,8.25808407975282,-10.681135082600619,9.281083105380123,-6.932147506582996,3.8689421158125996
1.455557107925415,1.93957,-1.28737,3.284,-0.389779,-1.14027,1.47448,0.0896218,0.478755,0.501424,0.446572,0.453736,0.576018,-0.512738,0.0374066,0.32334,0.138675,0.663331,0.234007,0.394407,-0.591334,39.031594563652355,8.25808407975282,-10.681135082600619,9.281083105380123,-6.932147506582996,3.8689421158125996
1.4713799953460693,2.68459,-2.12444,4.84264,-0.580631,-1.52639,1.41417,0.0894274,0.479043,0.50157,0.44551,0.455248,0.577257,-0.510924,0.0385683,0.323884,0.138461,0.664281,0.232914,0.391544,-0.5926,39.70235410148826,8.07243978036592,-10.508814703244088,9.078174026550016,-6.575296388923804,2.2297304569476464
1.4723179340362549,2.68459,-2.12444,4.84264,-0.580631,-1.52639,1.41417,0.0894274,0.479043,0.50157,0.44551,0.455248,0.577257,-0.510924,0.0385683,0.323884,0.138461,0.664281,0.232914,0.391544,-0.5926,39.70235410148826,8.07243978036592,-10.508814703244088,9.078174026550016,-6.575296388923804,2.2297304569476464
1.4884669780731201,2.84847,-2.20859,2.98957,-0.589704,-1.12684,1.44007,0.0894126,0.479053,0.501595,0.445483,0.455289,0.577463,-0.510679,0.0395784,0.324253,0.138485,0.666088,0.23538,0.3912,-0.589819,39.64492133522083,8.517132788749572,-10.8351672916285,8.683313355760866,-6.920240225767551,2.297693284581019
1.489405870437622,2.84847,-2.20859,2.98957,-0.589704,-1.12684,1.44007,0.0894126,0.479053,0.501595,0.445483,0.455289,0.577463,-0.510679,0.0395784,0.324253,0.138485,0.666088,0.23538,0.3912,-0.589819,39.64492133522083,8.517132788749572,-10.8351672916285,8.683313355760866,-6.920240225767551,2.297693284581019
1.5047204494476318,4.29463,-1.01108,2.78182,-0.433141,-1.12468,1.76542,0.089608,0.478914,0.501574,0.446366,0.454919,0.575705,-0.51222,0.0408234,0.324158,0.138404,0.662129,0.236325,0.388538,-0.595629,39.478418078701715,8.055267449971984,-9.893174657419705,9.678056107403087,-5.767854806009075,2.5478835734918275
1.5056626796722412,4.29463,-1.01108,2.78182,-0.433141,-1.12468,1.76542,0.089608,0.478914,0.501574,0.446366,0.454919,0.575705,-0.51222,0.0408234,0.324158,0.138404,0.662129,0.236325,0.388538,-0.595629,39.478418078701715,8.055267449971984,-9.893174657419705,9.678056107403087,-5.767854806009075,2.5478835734918275
1.538102388381958,1.57047,-1.41591,3.26396,-0.428607,-0.856845,1.7136,0.090066,0.478659,0.501628,0.447547,0.455528,0.575086,-0.511343,0.0421025,0.324873,0.138443,0.659523,0.243061,0.389267,-0.595334,38.81025666473513,8.120093841121035,-9.410983588879528,8.875577259377414,-7.362493809982611,4.012559937654859
1.539041519165039,1.57047,-1.41591,3.26396,-0.428607,-0.856845,1.7136,0.090066,0.478659,0.501628,0.447547,0.455528,0.575086,-0.511343,0.0421025,0.324873,0.138443,0.659523,0.243061,0.389267,-0.595334,38.81025666473513,8.120093841121035,-9.410983588879528,8.875577259377414,-7.362493809982611,4.012559937654859
1.5544989109039307,1.26008,-1.46765,3.15314,-0.401432,-0.755874,1.54024,0.0899271,0.478805,0.501753,0.447517,0.455771,0.575179,-0.511048,0.0425818,0.325602,0.138512,0.661458,0.240426,0.389508,-0.594098,39.046681093495394,8.141807707575055,-9.801462034632968,9.525481948406417,-5.95668755769019,3.030066672165163
1.5554375648498535,1.26008,-1.46765,3.15314,-0.401432,-0.755874,1.54024,0.0899271,0.478805,0.501753,0.447517,0.455771,0.575179,-0.511048,0.0425818,0.325602,0.138512,0.661458,0.240426,0.389508,-0.594098,39.046681093495394,8.141807707575055,-9.801462034632968,9.525481948406417,-5.95668755769019,3.030066672165163
1.5713350772857666,1.50246,-1.04872,3.30037,-0.34005,-0.82464,1.44636,0.089584,0.479092,0.501968,0.446153,0.456665,0.576892,-0.50951,0.0426991,0.326566,0.138673,0.660879,0.243402,0.390652,-0.592778,39.03138795501733,8.262112355066881,-9.743109118568272,7.858745894004118,-6.625578814220663,3.1685740772714084
1.5722715854644775,1.50246,-1.04872,3.30037,-0.34005,-0.82464,1.44636,0.089584,0.479092,0.501968,0.446153,0.456665,0.576892,-0.50951,0.0426991,0.326566,0.138673,0.660879,0.243402,0.390652,-0.592778,39.03138795501733,8.262112355066881,-9.743109118568272,7.858745894004118,-6.625578814220663,3.1685740772714084
1.5885381698608398,1.42487,-0.542606,3.0241,-0.264659,-0.741044,1.56756,0.0894744,0.479002,0.502171,0.447677,0.454182,0.576223,-0.511146,0.0426986,0.326794,0.138752,0.662385,0.242049,0.392229,-0.590606,38.68184093563838,8.534791596740458,-10.108645745378544,9.414506193311961,-5.374851408107398,3.877256291146156
1.5894758701324463,1.42487,-0.542606,3.0241,-0.264659,-0.741044,1.56756,0.0894744,0.479002,0.502171,0.447677,0.454182,0.576223,-0.511146,0.0426986,0.326794,0.138752,0.662385,0.242049,0.392229,-0.590606,38.68184093563838,8.534791596740458,-10.108645745378544,9.414506193311961,-5.374851408107398,3.877256291146156
1.604752779006958,1.44441,-1.28322,2.99153,-0.356906,-0.698971,1.60128,0.0894828,0.479183,0.502693,0.446534,0.455436,0.575743,-0.511571,0.0433838,0.327651,0.139132,0.66031,0.245882,0.390864,-0.592248,38.59739285767698,8.611353372572335,-9.802752632132972,8.895069879373901,-5.5079437251048695,4.111035035375972
1.6057124137878418,1.44441,-1.28322,2.99153,-0.356906,-0.698971,1.60128,0.0894828,0.479183,0.502693,0.446534,0.455436,0.575743,-0.511571,0.0433838,0.327651,0.139132,0.66031,0.245882,0.390864,-0.592248,38.59739285767698,8.611353372572335,-9.802752632132972,8.895069879373901,-5.5079437251048695,4.111035035375972
1.6384270191192627,0.962578,-1.23888,2.36674,-0.317872,-0.477557,1.72977,0.0897298,0.479104,0.503148,0.445984,0.45683,0.576099,-0.510406,0.043941,0.328188,0.139558,0.658883,0.249027,0.390114,-0.593018,38.58835866486022,8.550482991420473,-9.473400525223651,8.160989447791685,-6.627352338220022,4.004712057149087
1.6393687725067139,0.962578,-1.23888,2.36674,-0.317872,-0.477557,1.72977,0.0897298,0.479104,0.503148,0.445984,0.45683,0.576099,-0.510406,0.043941,0.328188,0.139558,0.658883,0.249027,0.390114,-0.593018,38.58835866486022,8.550482991420473,-9.473400525223651,8.160989447791685,-6.627352338220022,4.004712057149087
1.6545138359069824,2.40939,-1.73648,2.0024,-0.336372,-0.573967,1.49204,0.089681,0.479275,0.503118,0.443791,0.459117,0.576787,-0.509487,0.0438325,0.328519,0.13964,0.660551,0.247413,0.389632,-0.592153,39.13595447064399,8.617005620648246,-9.946782035412083,7.26908289335283,-6.263396754686196,2.550361220768645
1.655451774597168,2.40939,-1.73648,2.0024,-0.336372,-0.573967,1.49204,0.089681,0.479275,0.503118,0.443791,0.459117,0.576787,-0.509487,0.0438325,0.328519,0.13964,0.660551,0.247413,0.389632,-0.592153,39.13595447064399,8.617005620648246,-9.946782035412083,7.26908289335283,-6.263396754686196,2.550361220768645
1.6713097095489502,1.36214,-0.72343,2.12256,-0.132615,-0.433738,1.39142,0.0893289,0.479269,0.503074,0.44693,0.45392,0.577708,-0.510357,0.0430326,0.329176,0.139709,0.660402,0.245786,0.392481,-0.591116,38.52506376927644,8.562363454941575,-9.628597867401552,9.48683155295105,-5.904305016699407,3.4580995289551586
1.672245740890503,1.36214,-0.72343,2.12256,-0.132615,-0.433738,1.39142,0.0893289,0.479269,0.503074,0.44693,0.45392,0.577708,-0.510357,0.0430326,0.329176,0.139709,0.660402,0.245786,0.392481,-0.591116,38.52506376927644,8.562363454941575,-9.628597867401552,9.48683155295105,-5.904305016699407,3.4580995289551586
1.6882894039154053,0.421055,-0.474895,2.51837,-0.0908274,-0.386472,1.25445,0.0892305,0.47931,0.503047,0.446861,0.454914,0.577297,-0.509996,0.042732,0.329506,0.139664,0.660083,0.246639,0.395434,-0.589145,38.20465211843301,8.618111884222598,-9.957115662663988,8.544547783929305,-5.595875318362843,4.362520918201404
1.6892342567443848,0.421055,-0.474895,2.51837,-0.0908274,-0.386472,1.25445,0.0892305,0.47931,0.503047,0.446861,0.454914,0.577297,-0.509996,0.042732,0.329506,0.139664,0.660083,0.246639,0.395434,-0.589145,38.20465211843301,8.618111884222598,-9.957115662663988,8.544547783929305,-5.595875318362843,4.362520918201404
1.7047045230865479,1.10699,-0.392566,2.57661,-0.0406801,-0.396904,1.01145,0.0890466,0.47949,0.503046,0.445568,0.456193,0.578669,-0.508428,0.0418955,0.330164,0.139995,0.661522,0.245391,0.395559,-0.587967,38.61646754694785,8.612055612586197,-10.216114046886819,8.06230216215134,-6.351910653140862,2.8391390373338092
1.70564866065979,1.10699,-0.392566,2.57661,-0.0406801,-0.396904,1.01145,0.0890466,0.47949,0.503046,0.445568,0.456193,0.578669,-0.508428,0.0418955,0.330164,0.139995,0.661522,0.245391,0.395559,-0.587967,38.61646754694785,8.612055612586197,-10.216114046886819,8.06230216215134,-6.351910653140862,2.8391390373338092
1.738281011581421,0.547295,-0.261944,2.06539,-0.0194848,-0.200804,0.989279,0.0889769,0.479584,0.503444,0.445799,0.456554,0.577728,-0.508972,0.0413961,0.330874,0.140396,0.664536,0.245994,0.398006,-0.582641,38.32862220169394,9.20077562589611,-11.214692477234841,8.294707588213175,-6.273014016874205,3.3670946358117937
1.7392258644104004,0.547295,-0.261944,2.06539,-0.0194848,-0.200804,0.989279,0.0889769,0.479584,0.503444,0.445799,0.456554,0.577728,-0.508972,0.0413961,0.330874,0.140396,0.664536,0.245994,0.398006,-0.582641,38.32862220169394,9.20077562589611,-11.214692477234841,8.294707588213175,-6.273014016874205,3.3670946358117937
1.7547886371612549,0.534039,-0.830189,1.366,-0.0644322,-0.0528347,0.992733,0.0887772,0.479734,0.503994,0.445569,0.456826,0.57774,-0.508915,0.0411157,0.331445,0.140855,0.663651,0.249403,0.398956,-0.58155,38.01361220131781,9.403853128134557,-11.186927040104973,7.624741622869527,-7.099313054577148,4.280255913845728
1.7557294368743896,0.534039,-0.830189,1.366,-0.0644322,-0.0528347,0.992733,0.0887772,0.479734,0.503994,0.445569,0.456826,0.57774,-0.508915,0.0411157,0.331445,0.140855,0.663651,0.249403,0.398956,-0.58155,38.01361220131781,9.403853128134557,-11.186927040104973,7.624741622869527,-7.099313054577148,4.280255913845728
1.7712783813476562,0.539242,-1.09932,1.25421,0.0639739,0.0221259,0.73814,0.08857,0.479934,0.504246,0.44503,0.457052,0.57956,-0.507112,0.0403378,0.331646,0.141152,0.662635,0.246304,0.399303,-0.583786,38.40019249979894,8.844231097144439,-10.783722310659028,7.378548072232798,-7.136684196324289,3.184087739048813
1.7722270488739014,0.539242,-1.09932,1.25421,0.0639739,0.0221259,0.73814,0.08857,0.479934,0.504246,0.44503,0.457052,0.57956,-0.507112,0.0403378,0.331646,0.141152,0.662635,0.246304,0.399303,-0.583786,38.40019249979894,8.844231097144439,-10.783722310659028,7.378548072232798,-7.136684196324289,3.184087739048813
1.7879743576049805,0.494648,-0.376823,1.00447,0.222935,0.103341,0.691762,0.0884427,0.47992,0.50433,0.44543,0.457236,0.578171,-0.508178,0.0400189,0.331827,0.141306,0.664883,0.244936,0.399357,-0.581766,38.39037050517246,9.12343846100609,-11.4039398833845,8.412996666943869,-6.501886024184657,2.90429429974505
1.7889158725738525,0.494648,-0.376823,1.00447,0.222935,0.103341,0.691762,0.0884427,0.47992,0.50433,0.44543,0.457236,0.578171,-0.508178,0.0400189,0.331827,0.141306,0.664883,0.244936,0.399357,-0.581766,38.39037050517246,9.12343846100609,-11.4039398833845,8.412996666943869,-6.501886024184657,2.90429429974505
1.8046395778656006,1.16808,0.927681,0.241604,0.482519,0.248369,0.664559,0.0882036,0.480013,0.504433,0.445441,0.456286,0.579175,-0.50788,0.0392223,0.332562,0.14177,0.66656,0.242076,0.401961,-0.579245,38.40339046407926,9.186125377688235,-11.85414989652867,8.778560884579923,-5.7296620117876245,2.252794181301045
1.8055715560913086,1.16808,0.927681,0.241604,0.482519,0.248369,0.664559,0.0882036,0.480013,0.504433,0.445441,0.456286,0.579175,-0.50788,0.0392223,0.332562,0.14177,0.66656,0.242076,0.401961,-0.579245,38.40339046407926,9.186125377688235,-11.85414989652867,8.778560884579923,-5.7296620117876245,2.252794181301045
1.8383595943450928,0.228521,0.359703,-0.643849,0.430814,0.549167,0.34242,0.0881352,0.48022,0.50496,0.445009,0.457123,0.579836,-0.50675,0.0389816,0.335045,0.142715,0.665563,0.243594,0.405922,-0.576988,38.034666123613285,9.182493197290327,-12.037203072208028,8.385302193012397,-5.314555409580444,2.0384916959183017
1.839306116104126,0.228521,0.359703,-0.643849,0.430814,0.549167,0.34242,0.0881352,0.48022,0.50496,0.445009,0.457123,0.579836,-0.50675,0.0389816,0.335045,0.142715,0.665563,0.243594,0.405922,-0.576988,38.034666123613285,9.182493197290327,-12.037203072208028,8.385302193012397,-5.314555409580444,2.0384916959183017
1.854557752609253,0.23632,0.529167,-0.95612,0.476447,0.60459,0.378104,0.0880706,0.48037,0.505673,0.44484,0.457571,0.580986,-0.505175,0.0384615,0.337098,0.143684,0.665756,0.246238,0.410126,-0.572654,37.60255103267824,9.416169989825466,-12.387542585902247,7.688944384013519,-6.022325581339357,2.334656280689893
1.8554902076721191,0.23632,0.529167,-0.95612,0.476447,0.60459,0.378104,0.0880706,0.48037,0.505673,0.44484,0.457571,0.580986,-0.505175,0.0384615,0.337098,0.143684,0.665756,0.246238,0.410126,-0.572654,37.60255103267824,9.416169989825466,-12.387542585902247,7.688944384013519,-6.022325581339357,2.334656280689893
1.8714213371276855,0.169085,0.352715,-0.893994,0.470665,0.618113,0.40563,0.0878563,0.480535,0.506096,0.445157,0.456912,0.580124,-0.506481,0.0379538,0.338332,0.144307,0.664816,0.246606,0.410761,-0.573131,37.334777268446246,9.451221733635965,-12.357412085834781,8.853456693621574,-5.391108591748636,2.363743511355748
1.8723692893981934,0.169085,0.352715,-0.893994,0.470665,0.618113,0.40563,0.0878563,0.480535,0.506096,0.445157,0.456912,0.580124,-0.506481,0.0379538,0.338332,0.144307,0.664816,0.246606,0.410761,-0.573131,37.334777268446246,9.451221733635965,-12.357412085834781,8.853456693621574,-5.391108591748636,2.363743511355748
1.8880014419555664,0.126543,0.0531733,-1.10034,0.448872,0.695215,0.388883,0.0877697,0.480664,0.506229,0.444909,0.457207,0.581823,-0.504479,0.0376106,0.338967,0.144487,0.66363,0.248819,0.411055,-0.57334,37.34456738255772,9.305125940453385,-11.929206117769802,8.042146531671971,-7.125757198799736,2.1797362853488025
1.8889398574829102,0.126543,0.0531733,-1.10034,0.448872,0.695215,0.388883,0.0877697,0.480664,0.506229,0.444909,0.457207,0.581823,-0.504479,0.0376106,0.338967,0.144487,0.66363,0.248819,0.411055,-0.57334,37.34456738255772,9.305125940453385,-11.929206117769802,8.042146531671971,-7.125757198799736,2.1797362853488025
1.9045300483703613,-0.168827,-0.287285,-1.13741,0.448888,0.798036,0.358479,0.0876943,0.480642,0.50652,0.445115,0.45725,0.580979,-0.505231,0.0366385,0.341003,0.145308,0.661078,0.252066,0.413802,-0.572894,36.68843441244522,9.36035092011493,-11.832137723964854,8.57716152878879,-7.423739741630357,2.6944253496828567
1.9054665565490723,-0.168827,-0.287285,-1.13741,0.448888,0.798036,0.358479,0.0876943,0.480642,0.50652,0.445115,0.45725,0.580979,-0.505231,0.0366385,0.341003,0.145308,0.661078,0.252066,0.413802,-0.572894,36.68843441244522,9.36035092011493,-11.832137723964854,8.57716152878879,-7.423739741630357,2.6944253496828567
1.9382288455963135,-0.353441,-0.620067,-1.03054,0.367731,0.800677,0.385141,0.0877877,0.480674,0.506304,0.443629,0.457672,0.581718,-0.505306,0.0360063,0.343504,0.145915,0.654704,0.258326,0.419184,-0.573511,35.74521840546312,9.247153542226348,-11.281005875048221,6.728274591493583,-7.6018733916868415,4.043231622410298
1.9391887187957764,-0.353441,-0.620067,-1.03054,0.367731,0.800677,0.385141,0.0877877,0.480674,0.506304,0.443629,0.457672,0.581718,-0.505306,0.0360063,0.343504,0.145915,0.654704,0.258326,0.419184,-0.573511,35.74521840546312,9.247153542226348,-11.281005875048221,6.728274591493583,-7.6018733916868415,4.043231622410298
1.9545671939849854,-0.909908,-1.40651,-0.587023,0.223615,0.800802,0.350153,0.087866,0.480544,0.506104,0.444458,0.456871,0.580506,-0.506694,0.0363243,0.345029,0.146313,0.65328,0.257095,0.421339,-0.574108,35.35002132186158,9.090940534547702,-11.30273939269555,8.11936292013016,-5.452759333577703,3.811478847099788
1.955498456954956,-0.909908,-1.40651,-0.587023,0.223615,0.800802,0.350153,0.087866,0.480544,0.506104,0.444458,0.456871,0.580506,-0.506694,0.0363243,0.345029,0.146313,0.65328,0.257095,0.421339,-0.574108,35.35002132186158,9.090940534547702,-11.30273939269555,8.11936292013016,-5.452759333577703,3.811478847099788
1.972212791442871,-1.17365,-1.4033,-0.438959,0.251257,0.814966,0.416584,0.0880413,0.480349,0.505801,0.445368,0.456389,0.579906,-0.507016,0.0372154,0.347761,0.146891,0.647641,0.266128,0.42165,-0.57615,34.41620708857541,9.12287668492309,-10.276137621143175,8.408932445344375,-7.0527149295689275,4.5060504321433354
1.9731578826904297,-1.17365,-1.4033,-0.438959,0.251257,0.814966,0.416584,0.0880413,0.480349,0.505801,0.445368,0.456389,0.579906,-0.507016,0.0372154,0.347761,0.146891,0.647641,0.266128,0.42165,-0.57615,34.41620708857541,9.12287668492309,-10.276137621143175,8.408932445344375,-7.0527149295689275,4.5060504321433354
1.988490104675293,-0.744698,-1.2341,-0.406871,0.280777,0.774077,0.475412,0.0880562,0.480312,0.505746,0.445579,0.45636,0.579789,-0.50699,0.0373877,0.348613,0.147144,0.647773,0.26529,0.421855,-0.576237,34.43238512757781,9.05440086348879,-10.30664707629583,9.155296441393737,-6.48358989615214,3.739663254996648
1.9894325733184814,-0.744698,-1.2341,-0.406871,0.280777,0.774077,0.475412,0.0880562,0.480312,0.505746,0.445579,0.45636,0.579789,-0.50699,0.0373877,0.348613,0.147144,0.647773,0.26529,0.421855,-0.576237,34.43238512757781,9.05440086348879,-10.30664707629583,9.155296441393737,-6.48358989615214,3.739663254996648
2.0052130222320557,-0.684246,-1.07294,0.17133,0.264888,0.687039,0.539316,0.0878175,0.480535,0.505517,0.443395,0.459598,0.580012,-0.505724,0.0388172,0.351635,0.147589,0.645017,0.272525,0.421629,-0.576118,34.253695978315335,9.24434499607016,-10.061186411065892,7.648595202966808,-6.854323835870881,2.803151032515111
2.0061590671539307,-0.684246,-1.07294,0.17133,0.264888,0.687039,0.539316,0.0878175,0.480535,0.505517,0.443395,0.459598,0.580012,-0.505724,0.0388172,0.351635,0.147589,0.645017,0.272525,0.421629,-0.576118,34.253695978315335,9.24434499607016,-10.061186411065892,7.648595202966808,-6.854323835870881,2.803151032515111
2.0379815101623535,-0.859524,-0.801105,-0.704062,0.326297,0.943609,0.702443,0.0874814,0.480652,0.505702,0.444265,0.457692,0.580935,-0.505629,0.0403727,0.354998,0.148384,0.643468,0.277235,0.424366,-0.573588,33.53219068094535,9.561314881283792,-9.85605926341933,8.252833626145323,-5.783144458641244,3.0908979465628112
2.0389246940612793,-0.859524,-0.801105,-0.704062,0.326297,0.943609,0.702443,0.0874814,0.480652,0.505702,0.444265,0.457692,0.580935,-0.505629,0.0403727,0.354998,0.148384,0.643468,0.277235,0.424366,-0.573588,33.53219068094535,9.561314881283792,-9.85605926341933,8.252833626145323,-5.783144458641244,3.0908979465628112
2.0552732944488525,-1.32019,-0.751774,-0.806641,0.377579,1.03738,0.736614,0.0877226,0.480642,0.506088,0.443874,0.458035,0.580891,-0.505713,0.0426491,0.358583,0.149323,0.639929,0.286218,0.422687,-0.574375,33.0314491392621,9.907961453038787,-9.148667839239321,8.930100566419416,-6.4965843721102425,2.7552578406740893
2.0562210083007812,-1.32019,-0.751774,-0.806641,0.377579,1.03738,0.736614,0.0877226,0.480642,0.506088,0.443874,0.458035,0.580891,-0.505713,0.0426491,0.358583,0.149323,0.639929,0.286218,0.422687,-0.574375,33.0314491392621,9.907961453038787,-9.148667839239321,8.930100566419416,-6.4965843721102425,2.7552578406740893
2.071258544921875,-0.10257,-0.421222,-1.1085,0.454476,0.956634,0.869971,0.0879763,0.480508,0.506348,0.443583,0.458919,0.580439,-0.505686,0.0440759,0.361023,0.150052,0.637548,0.28923,0.42301,-0.575275,32.75921421258607,9.860679679181466,-8.87191766628944,9.592361548993486,-5.5997553530554605,2.138316489651583
2.0721983909606934,-0.10257,-0.421222,-1.1085,0.454476,0.956634,0.869971,0.0879763,0.480508,0.506348,0.443583,0.458919,0.580439,-0.505686,0.0440759,0.361023,0.150052,0.637548,0.28923,0.42301,-0.575275,32.75921421258607,9.860679679181466,-8.87191766628944,9.592361548993486,-5.5997553530554605,2.138316489651583
2.0885205268859863,-0.182903,-0.236629,-0.936148,0.475676,0.964819,0.92048,0.0881839,0.480333,0.506402,0.447539,0.456955,0.578448,-0.50626,0.0449627,0.362421,0.150324,0.632276,0.295425,0.424092,-0.577146,31.545038999771503,9.65050591429769,-7.852054481051408,11.008845375507272,-6.733539563152268,4.581797527084729
2.0894691944122314,-0.182903,-0.236629,-0.936148,0.475676,0.964819,0.92048,0.0881839,0.480333,0.506402,0.447539,0.456955,0.578448,-0.50626,0.0449627,0.362421,0.150324,0.632276,0.295425,0.424092,-0.577146,31.545038999771503,9.65050591429769,-7.852054481051408,11.008845375507272,-6.733539563152268,4.581797527084729
2.1046862602233887,-0.224438,-0.228832,-0.935974,0.478188,1.04007,0.937369,0.0882938,0.480365,0.506261,0.445643,0.457735,0.580094,-0.505343,0.0471858,0.365556,0.151149,0.626641,0.30146,0.425159,-0.579381,31.19142306083541,9.529619863582425,-7.023476792960825,9.78821233770914,-5.887551098727112,3.8561415100241208
2.1056296825408936,-0.224438,-0.228832,-0.935974,0.478188,1.04007,0.937369,0.0882938,0.480365,0.506261,0.445643,0.457735,0.580094,-0.505343,0.0471858,0.365556,0.151149,0.626641,0.30146,0.425159,-0.579381,31.19142306083541,9.529619863582425,-7.023476792960825,9.78821233770914,-5.887551098727112,3.8561415100241208
2.1383767127990723,0.717323,-0.399441,-0.988313,0.464248,1.02037,1.01798,0.0886004,0.480275,0.50621,0.444343,0.458963,0.579191,-0.50641,0.0494895,0.368686,0.151828,0.625622,0.308052,0.424993,-0.577133,30.775402204759658,10.171415677943616,-7.193544611290567,10.132889308663371,-4.936905005081462,3.4859338957557053
2.1393163204193115,0.717323,-0.399441,-0.988313,0.464248,1.02037,1.01798,0.0886004,0.480275,0.50621,0.444343,0.458963,0.579191,-0.50641,0.0494895,0.368686,0.151828,0.625622,0.308052,0.424993,-0.577133,30.775402204759658,10.171415677943616,-7.193544611290567,10.132889308663371,-4.936905005081462,3.4859338957557053
2.1545844078063965,-0.227386,-0.120754,-0.868582,0.493,1.10135,1.0616,0.0888078,0.480221,0.506363,0.444129,0.457872,0.580083,-0.506564,0.0509203,0.370956,0.152585,0.616407,0.316317,0.42489,-0.582628,29.980853138980248,9.863482921881761,-5.561968125762272,9.742466650627835,-5.839817258164899,4.546810136884788
2.155526638031006,-0.227386,-0.120754,-0.868582,0.493,1.10135,1.0616,0.0888078,0.480221,0.506363,0.444129,0.457872,0.580083,-0.506564,0.0509203,0.370956,0.152585,0.616407,0.316317,0.42489,-0.582628,29.980853138980248,9.863482921881761,-5.561968125762272,9.742466650627835,-5.839817258164899,4.546810136884788
2.171377658843994,0.428982,-0.361614,-1.06584,0.505275,1.04464,1.07766,0.0890606,0.480058,0.506597,0.448021,0.455596,0.57839,-0.507123,0.0525679,0.374105,0.15367,0.61229,0.321777,0.425556,-0.583491,28.89227330646743,9.802656432423484,-4.7349814269266375,12.537380288027986,-6.120609682524748,5.532549316324962
2.1723198890686035,0.428982,-0.361614,-1.06584,0.505275,1.04464,1.07766,0.0890606,0.480058,0.506597,0.448021,0.455596,0.57839,-0.507123,0.0525679,0.374105,0.15367,0.61229,0.321777,0.425556,-0.583491,28.89227330646743,9.802656432423484,-4.7349814269266375,12.537380288027986,-6.120609682524748,5.532549316324962
2.1880059242248535,-0.229111,-0.0244634,-0.466544,0.531185,1.00302,1.14968,0.0890681,0.480071,0.506617,0.448454,0.455547,0.578583,-0.506564,0.053084,0.375064,0.154009,0.610769,0.325098,0.42452,-0.584,28.72462154583417,9.853950280836669,-4.3206322705139995,12.825483146098255,-7.285650283360663,5.4116585086061875
2.188946485519409,-0.229111,-0.0244634,-0.466544,0.531185,1.00302,1.14968,0.0890681,0.480071,0.506617,0.448454,0.455547,0.578583,-0.506564,0.053084,0.375064,0.154009,0.610769,0.325098,0.42452,-0.584,28.72462154583417,9.853950280836669,-4.3206322705139995,12.825483146098255,-7.285650283360663,5.4116585086061875
2.2047548294067383,1.16052,-0.515728,-0.730973,0.481421,0.920191,1.14937,0.0890919,0.480074,0.506618,0.447968,0.455689,0.578489,-0.506975,0.0541758,0.377193,0.154645,0.605915,0.32907,0.426954,-0.585055,28.07983415083962,9.765705716211277,-3.8897762441149935,12.334014580172333,-6.135903415266657,6.1242288177410265
2.2057044506073,1.16052,-0.515728,-0.730973,0.481421,0.920191,1.14937,0.0890919,0.480074,0.506618,0.447968,0.455689,0.578489,-0.506975,0.0541758,0.377193,0.154645,0.605915,0.32907,0.426954,-0.585055,28.07983415083962,9.765705716211277,-3.8897762441149935,12.334014580172333,-6.135903415266657,6.1242288177410265
2.2380588054656982,-1.49992,-1.12398,-0.0708697,0.375914,1.17759,1.06618,0.0892827,0.479969,0.506644,0.447643,0.455238,0.578764,-0.507353,0.0568249,0.380637,0.15583,0.599032,0.337283,0.426299,-0.587937,27.378450976183622,9.818963570648313,-2.787104034255091,12.80507460275025,-5.924484791176869,6.059639451541194
2.2390031814575195,-1.49992,-1.12398,-0.0708697,0.375914,1.17759,1.06618,0.0892827,0.479969,0.506644,0.447643,0.455238,0.578764,-0.507353,0.0568249,0.380637,0.15583,0.599032,0.337283,0.426299,-0.587937,27.378450976183622,9.818963570648313,-2.787104034255091,12.80507460275025,-5.924484791176869,6.059639451541194
2.2545406818389893,-0.997627,-0.981525,-0.269421,0.427176,1.185,1.1756,0.0892985,0.479987,0.50665,0.447586,0.455282,0.578829,-0.507289,0.0584454,0.38338,0.15665,0.592608,0.347974,0.42472,-0.589358,26.618211724936945,10.125003178957234,-1.7113251885881486,12.869333323969645,-8.020207077879283,6.909186040486155
2.2554922103881836,-0.997627,-0.981525,-0.269421,0.427176,1.185,1.1756,0.0892985,0.479987,0.50665,0.447586,0.455282,0.578829,-0.507289,0.0584454,0.38338,0.15665,0.592608,0.347974,0.42472,-0.589358,26.618211724936945,10.125003178957234,-1.7113251885881486,12.869333323969645,-8.020207077879283,6.909186040486155
2.271360397338867,-0.88834,-0.971561,-0.527998,0.406632,1.22835,1.22229,0.0892885,0.479999,0.506618,0.447787,0.454863,0.579058,-0.507226,0.0598256,0.384874,0.157345,0.594415,0.342128,0.421651,-0.593153,27.358732127585846,9.638684532662438,-1.5424847107472848,15.661581128604956,-5.5183671197838216,3.083871851813754
2.2723042964935303,-0.88834,-0.971561,-0.527998,0.406632,1.22835,1.22229,0.0892885,0.479999,0.506618,0.447787,0.454863,0.579058,-0.507226,0.0598256,0.384874,0.157345,0.594415,0.342128,0.421651,-0.593153,27.358732127585846,9.638684532662438,-1.5424847107472848,15.661581128604956,-5.5183671197838216,3.083871851813754
2.288065195083618,1.56512,-0.892177,-0.910506,0.415855,1.04323,1.29336,0.0892744,0.480106,0.506534,0.445675,0.456449,0.580495,-0.506016,0.0604888,0.385753,0.157771,0.591315,0.344652,0.420195,-0.595817,27.59660038511206,9.454827898088864,-0.9783339383461273,14.587182268209212,-6.132382925256916,1.7092034428158276
2.289000988006592,1.56512,-0.892177,-0.910506,0.415855,1.04323,1.29336,0.0892744,0.480106,0.506534,0.445675,0.456449,0.580495,-0.506016,0.0604888,0.385753,0.157771,0.591315,0.344652,0.420195,-0.595817,27.59660038511206,9.454827898088864,-0.9783339383461273,14.587182268209212,-6.132382925256916,1.7092034428158276
2.304818868637085,0.734749,-0.702572,-0.753178,0.435386,1.13537,1.38968,0.0893243,0.480029,0.5065,0.445805,0.456617,0.5803,-0.505975,0.062566,0.388548,0.158428,0.581655,0.358655,0.423153,-0.594967,26.020481222195404,9.863086340609044,0.03350711743946953,12.717559384888075,-7.604722598031351,5.305471709404193
2.3058414459228516,0.734749,-0.702572,-0.753178,0.435386,1.13537,1.38968,0.0893243,0.480029,0.5065,0.445805,0.456617,0.5803,-0.505975,0.062566,0.388548,0.158428,0.581655,0.358655,0.423153,-0.594967,26.020481222195404,9.863086340609044,0.03350711743946953,12.717559384888075,-7.604722598031351,5.305471709404193
2.3383586406707764,-0.789894,-1.02941,-0.164937,0.375722,1.19985,1.37958,0.0892171,0.479977,0.506536,0.447981,0.455827,0.578711,-0.506586,0.0643983,0.39087,0.159271,0.577242,0.364713,0.42134,-0.596865,25.31180590407615,9.89868277659465,0.874904966872701,14.585973429807932,-8.076046570428502,5.845844828385788
2.3393032550811768,-0.789894,-1.02941,-0.164937,0.375722,1.19985,1.37958,0.0892171,0.479977,0.506536,0.447981,0.455827,0.578711,-0.506586,0.0643983,0.39087,0.159271,0.577242,0.364713,0.42134,-0.596865,25.31180590407615,9.89868277659465,0.874904966872701,14.585973429807932,-8.076046570428502,5.845844828385788
2.3545398712158203,-0.334358,-1.20192,0.028758,0.382871,1.11472,1.41641,0.0890616,0.480106,0.506515,0.447177,0.456615,0.578772,-0.506515,0.0657242,0.393207,0.160064,0.572971,0.369302,0.422367,-0.597433,24.850359624832794,9.934671253029983,1.2681107831628071,14.2228827540396,-7.434158565990217,5.900397631950535
2.3554775714874268,-0.334358,-1.20192,0.028758,0.382871,1.11472,1.41641,0.0890616,0.480106,0.506515,0.447177,0.456615,0.578772,-0.506515,0.0657242,0.393207,0.160064,0.572971,0.369302,0.422367,-0.597433,24.850359624832794,9.934671253029983,1.2681107831628071,14.2228827540396,-7.434158565990217,5.900397631950535
2.37138032913208,0.644684,-1.44123,-0.377873,0.34761,1.13338,1.49004,0.089001,0.480164,0.506412,0.445139,0.457522,0.580224,-0.505831,0.0671244,0.394561,0.160424,0.567758,0.375672,0.420806,-0.599537,24.70701544529756,10.042554173949886,2.0816315342687948,13.084586183761798,-8.371706451318271,5.697387530391256
2.3723244667053223,0.644684,-1.44123,-0.377873,0.34761,1.13338,1.49004,0.089001,0.480164,0.506412,0.445139,0.457522,0.580224,-0.505831,0.0671244,0.394561,0.160424,0.567758,0.375672,0.420806,-0.599537,24.70701544529756,10.042554173949886,2.0816315342687948,13.084586183761798,-8.371706451318271,5.697387530391256
2.388096809387207,0.459312,-1.27135,-0.480944,0.381983,1.19187,1.55922,0.0890418,0.480095,0.506355,0.445287,0.457355,0.579935,-0.506184,0.0678812,0.395081,0.160591,0.567344,0.375206,0.419079,-0.601427,24.83916973043367,9.921818460968753,2.311162544508832,14.153990282160425,-7.778216520444385,4.7742882584546145
2.3890440464019775,0.459312,-1.27135,-0.480944,0.381983,1.19187,1.55922,0.0890418,0.480095,0.506355,0.445287,0.457355,0.579935,-0.506184,0.0678812,0.395081,0.160591,0.567344,0.375206,0.419079,-0.601427,24.83916973043367,9.921818460968753,2.311162544508832,14.153990282160425,-7.778216520444385,4.7742882584546145
2.404522657394409,0.200836,-1.32753,-0.313846,0.355147,1.22312,1.5852,0.0890055,0.480081,0.506061,0.444767,0.458802,0.579321,-0.506033,0.0698427,0.396654,0.161105,0.561957,0.380367,0.417396,-0.604404,24.523291552534236,9.77961310471593,3.0762803490280435,13.995367395480997,-7.73370820399923,4.415244912332054
2.4054582118988037,0.200836,-1.32753,-0.313846,0.355147,1.22312,1.5852,0.0890055,0.480081,0.506061,0.444767,0.458802,0.579321,-0.506033,0.0698427,0.396654,0.161105,0.561957,0.380367,0.417396,-0.604404,24.523291552534236,9.77961310471593,3.0762803490280435,13.995367395480997,-7.73370820399923,4.415244912332054
2.4380736351013184,0.280365,-1.54323,-0.26432,0.320164,1.2628,1.63044,0.088797,0.480035,0.505955,0.445132,0.457268,0.578175,-0.508406,0.0718751,0.398289,0.16158,0.555521,0.385431,0.417544,-0.607039,23.657062945479993,9.858327140946397,3.816160563271619,14.47265303701261,-5.9861152105159725,5.989268415713768
2.439016103744507,0.280365,-1.54323,-0.26432,0.320164,1.2628,1.63044,0.088797,0.480035,0.505955,0.445132,0.457268,0.578175,-0.508406,0.0718751,0.398289,0.16158,0.555521,0.385431,0.417544,-0.607039,23.657062945479993,9.858327140946397,3.816160563271619,14.47265303701261,-5.9861152105159725,5.989268415713768
2.454530954360962,0.509567,-1.42189,-0.377789,0.325726,1.31042,1.72874,0.0887493,0.480072,0.505959,0.443835,0.458988,0.57837,-0.507768,0.0737181,0.399615,0.16224,0.548677,0.388653,0.41153,-0.61526,23.957182897531627,9.250499058746584,5.270128292947511,15.495488652745651,-6.622877790165432,3.6032882759386684
2.455465316772461,0.509567,-1.42189,-0.377789,0.325726,1.31042,1.72874,0.0887493,0.480072,0.505959,0.443835,0.458988,0.57837,-0.507768,0.0737181,0.399615,0.16224,0.548677,0.388653,0.41153,-0.61526,23.957182897531627,9.250499058746584,5.270128292947511,15.495488652745651,-6.622877790165432,3.6032882759386684
2.471395254135132,2.33251,-1.38407,-0.919705,0.320881,1.22519,1.75887,0.0888156,0.48001,0.505975,0.445104,0.458631,0.577734,-0.507705,0.075183,0.400432,0.162756,0.550951,0.389503,0.411112,-0.612966,23.8922599363876,9.523403482904952,5.0347195371138405,16.3624692187702,-6.015269847944644,3.1723063008133043
2.4723479747772217,2.33251,-1.38407,-0.919705,0.320881,1.22519,1.75887,0.0888156,0.48001,0.505975,0.445104,0.458631,0.577734,-0.507705,0.075183,0.400432,0.162756,0.550951,0.389503,0.411112,-0.612966,23.8922599363876,9.523403482904952,5.0347195371138405,16.3624692187702,-6.015269847944644,3.1723063008133043
2.4879674911499023,-0.764168,-1.02088,-0.481698,0.357079,1.48507,1.77302,0.0888265,0.480005,0.505994,0.445755,0.45712,0.577884,-0.508324,0.0757874,0.400941,0.162979,0.548764,0.390462,0.411435,-0.6141,23.57774566939499,9.486701389256497,5.39696317882526,16.785172040290757,-5.548852781180812,3.7174269188260585
2.488908052444458,-0.764168,-1.02088,-0.481698,0.357079,1.48507,1.77302,0.0888265,0.480005,0.505994,0.445755,0.45712,0.577884,-0.508324,0.0757874,0.400941,0.162979,0.548764,0.390462,0.411435,-0.6141,23.57774566939499,9.486701389256497,5.39696317882526,16.785172040290757,-5.548852781180812,3.7174269188260585
2.504615068435669,1.56738,-1.05103,-0.813036,0.344722,1.29174,1.79677,0.0888438,0.480022,0.506032,0.445053,0.458717,0.577977,-0.507394,0.0769377,0.40192,0.163556,0.547506,0.394105,0.410996,-0.613189,23.50316490622167,9.646826806407287,5.499886798084985,16.14234755389599,-6.006521752349154,3.3239136063520585
2.5055735111236572,1.56738,-1.05103,-0.813036,0.344722,1.29174,1.79677,0.0888438,0.480022,0.506032,0.445053,0.458717,0.577977,-0.507394,0.0769377,0.40192,0.163556,0.547506,0.394105,0.410996,-0.613189,23.50316490622167,9.646826806407287,5.499886798084985,16.14234755389599,-6.006521752349154,3.3239136063520585
2.5382652282714844,0.218277,-1.20102,-0.826854,0.299863,1.42353,1.64681,0.0891669,0.479969,0.506225,0.44712,0.457656,0.577628,-0.506933,0.078283,0.403843,0.164407,0.543681,0.398044,0.411228,-0.613892,22.86384546737946,9.576429499444478,6.163284796093577,17.471031379055777,-6.712962106932936,4.0240057577463215
2.5392112731933594,0.218277,-1.20102,-0.826854,0.299863,1.42353,1.64681,0.0891669,0.479969,0.506225,0.44712,0.457656,0.577628,-0.506933,0.078283,0.403843,0.164407,0.543681,0.398044,0.411228,-0.613892,22.86384546737946,9.576429499444478,6.163284796093577,17.471031379055777,-6.712962106932936,4.0240057577463215
2.5545501708984375,1.12522,-1.57845,-0.689681,0.263627,1.37608,1.67885,0.0893508,0.480005,0.506359,0.445664,0.457405,0.579997,-0.505734,0.079383,0.405151,0.165384,0.537445,0.3986,0.411768,-0.618642,22.80143428278541,9.007701337695295,7.13249918622953,16.804009520996008,-6.130405877028409,2.649792505551514
2.5554842948913574,1.12522,-1.57845,-0.689681,0.263627,1.37608,1.67885,0.0893508,0.480005,0.506359,0.445664,0.457405,0.579997,-0.505734,0.079383,0.405151,0.165384,0.537445,0.3986,0.411768,-0.618642,22.80143428278541,9.007701337695295,7.13249918622953,16.804009520996008,-6.130405877028409,2.649792505551514
2.5713882446289062,0.520126,-1.51859,-1.24784,0.324327,1.58994,1.71402,0.089508,0.479951,0.506386,0.444908,0.457719,0.579436,-0.506758,0.0803275,0.405967,0.165768,0.53766,0.401579,0.410716,-0.617226,22.721852414946973,9.461859611435376,6.992004620743307,17.177840707058685,-5.971375110837622,2.6404656243656
2.5723283290863037,0.520126,-1.51859,-1.24784,0.324327,1.58994,1.71402,0.089508,0.479951,0.506386,0.444908,0.457719,0.579436,-0.506758,0.0803275,0.405967,0.165768,0.53766,0.401579,0.410716,-0.617226,22.721852414946973,9.461859611435376,6.992004620743307,17.177840707058685,-5.971375110837622,2.6404656243656
2.588330030441284,0.325172,-1.17871,-1.16228,0.377926,1.57564,1.7629,0.0896121,0.479903,0.506438,0.443709,0.458987,0.579231,-0.506896,0.0806771,0.406656,0.16621,0.533072,0.40567,0.411706,-0.617871,22.292201733972288,9.48488485577241,7.2986047517544455,16.082977876809384,-6.385076909656414,3.4752512409340555
2.5892717838287354,0.325172,-1.17871,-1.16228,0.377926,1.57564,1.7629,0.0896121,0.479903,0.506438,0.443709,0.458987,0.579231,-0.506896,0.0806771,0.406656,0.16621,0.533072,0.40567,0.411706,-0.617871,22.292201733972288,9.48488485577241,7.2986047517544455,16.082977876809384,-6.385076909656414,3.4752512409340555
2.6047494411468506,0.801743,-1.62526,-0.191346,0.29766,1.31583,1.69565,0.089757,0.479756,0.506513,0.44775,0.45789,0.57657,-0.50737,0.0811418,0.407865,0.166731,0.532883,0.405244,0.411435,-0.618494,21.790913587591373,9.2174186849733,7.482027996353595,19.053441014192362,-6.316456642417122,3.9259910287650537
2.6056907176971436,0.801743,-1.62526,-0.191346,0.29766,1.31583,1.69565,0.089757,0.479756,0.506513,0.44775,0.45789,0.57657,-0.50737,0.0811418,0.407865,0.166731,0.532883,0.405244,0.411435,-0.618494,21.790913587591373,9.2174186849733,7.482027996353595,19.053441014192362,-6.316456642417122,3.9259910287650537
2.638301372528076,0.46656,-1.44068,-0.699006,0.378806,1.49931,1.82124,0.0899491,0.479754,0.506568,0.448089,0.458773,0.576182,-0.506713,0.0831366,0.410203,0.168167,0.525906,0.410208,0.412697,-0.620349,21.059340540503964,8.963128619142205,8.227775403989057,18.87791652231746,-6.0869882166306315,4.060763763997732
2.639244318008423,0.46656,-1.44068,-0.699006,0.378806,1.49931,1.82124,0.0899491,0.479754,0.506568,0.448089,0.458773,0.576182,-0.506713,0.0831366,0.410203,0.168167,0.525906,0.410208,0.412697,-0.620349,21.059340540503964,8.963128619142205,8.227775403989057,18.87791652231746,-6.0869882166306315,4.060763763997732
2.654522180557251,0.279861,-1.47077,-0.570875,0.373365,1.47643,1.81902,0.0901517,0.479834,0.506785,0.443594,0.459136,0.579083,-0.507031,0.084742,0.411888,0.169119,0.521783,0.414946,0.412386,-0.620886,21.13713558540797,9.414085358127936,8.599590280543483,17.42157495730777,-5.430856466036865,3.0547649569701623
2.655457019805908,0.279861,-1.47077,-0.570875,0.373365,1.47643,1.81902,0.0901517,0.479834,0.506785,0.443594,0.459136,0.579083,-0.507031,0.084742,0.411888,0.169119,0.521783,0.414946,0.412386,-0.620886,21.13713558540797,9.414085358127936,8.599590280543483,17.42157495730777,-5.430856466036865,3.0547649569701623
2.6712770462036133,0.78521,-1.56704,-0.971523,0.369556,1.49564,1.83968,0.0902587,0.479703,0.506871,0.446137,0.45759,0.577953,-0.507487,0.0858283,0.413058,0.16977,0.519007,0.419355,0.41184,-0.620613,20.440930784003708,9.593886800842165,9.104791640588301,18.899884503806017,-6.379205422063471,4.457077322875001
2.6722311973571777,0.78521,-1.56704,-0.971523,0.369556,1.49564,1.83968,0.0902587,0.479703,0.506871,0.446137,0.45759,0.577953,-0.507487,0.0858283,0.413058,0.16977,0.519007,0.419355,0.41184,-0.620613,20.440930784003708,9.593886800842165,9.104791640588301,18.899884503806017,-6.379205422063471,4.457077322875001
2.6880648136138916,0.874123,-1.51946,-1.15807,0.383029,1.53472,1.88567,0.09025,0.479753,0.506906,0.446009,0.45786,0.578054,-0.507241,0.0863325,0.413556,0.170061,0.517931,0.41825,0.411704,-0.622346,20.50782992007377,9.318655227618574,9.281990185684167,19.15705366448197,-5.576568089480055,3.617906032221108
2.68900990486145,0.874123,-1.51946,-1.15807,0.383029,1.53472,1.88567,0.09025,0.479753,0.506906,0.446009,0.45786,0.578054,-0.507241,0.0863325,0.413556,0.170061,0.517931,0.41825,0.411704,-0.622346,20.50782992007377,9.318655227618574,9.281990185684167,19.15705366448197,-5.576568089480055,3.617906032221108
2.704728841781616,-0.362198,-1.61954,-0.716793,0.351928,1.59357,1.82941,0.0902913,0.479749,0.507041,0.445352,0.457654,0.578045,-0.508014,0.0880598,0.415022,0.171127,0.51158,0.422534,0.41077,-0.625315,20.041302501685426,9.271437972582554,10.07643080572594,19.337466776931713,-5.148013740190503,3.6644991091849164
2.7056703567504883,-0.362198,-1.61954,-0.716793,0.351928,1.59357,1.82941,0.0902913,0.479749,0.507041,0.445352,0.457654,0.578045,-0.508014,0.0880598,0.415022,0.171127,0.51158,0.422534,0.41077,-0.625315,20.041302501685426,9.271437972582554,10.07643080572594,19.337466776931713,-5.148013740190503,3.6644991091849164
2.7381742000579834,-0.20343,-0.966449,-0.770028,0.459865,1.61873,1.98197,0.0902995,0.479753,0.507017,0.445259,0.457737,0.577582,-0.508547,0.088835,0.41668,0.172004,0.507686,0.425749,0.412149,-0.625401,19.48538470709573,9.331001475921141,10.323262541756854,19.487119937339862,-4.752012802174098,4.166437782088662
2.7391324043273926,-0.20343,-0.966449,-0.770028,0.459865,1.61873,1.98197,0.0902995,0.479753,0.507017,0.445259,0.457737,0.577582,-0.508547,0.088835,0.41668,0.172004,0.507686,0.425749,0.412149,-0.625401,19.48538470709573,9.331001475921141,10.323262541756854,19.487119937339862,-4.752012802174098,4.166437782088662
2.754565715789795,-0.0360565,-1.46378,-0.878252,0.408498,1.63826,1.90393,0.0901441,0.479838,0.50692,0.44521,0.459639,0.57739,-0.507091,0.0898903,0.418126,0.172753,0.502279,0.430234,0.412293,-0.626601,19.07271953602634,9.115845841957038,10.923794688931723,18.930397535214034,-5.587665355647,4.165587270382995
2.755502700805664,-0.0360565,-1.46378,-0.878252,0.408498,1.63826,1.90393,0.0901441,0.479838,0.50692,0.44521,0.459639,0.57739,-0.507091,0.0898903,0.418126,0.172753,0.502279,0.430234,0.412293,-0.626601,19.07271953602634,9.115845841957038,10.923794688931723,18.930397535214034,-5.587665355647,4.165587270382995
2.771278142929077,0.665359,-1.90798,-0.738205,0.364185,1.57133,1.85507,0.0901226,0.479809,0.50686,0.445828,0.459379,0.577344,-0.506835,0.0903935,0.418862,0.17309,0.503312,0.42994,0.411297,-0.626628,19.186328570175156,9.119101751650696,10.962674668200947,20.052643575581026,-5.451850047703562,3.23223285966756
2.7722253799438477,0.665359,-1.90798,-0.738205,0.364185,1.57133,1.85507,0.0901226,0.479809,0.50686,0.445828,0.459379,0.577344,-0.506835,0.0903935,0.418862,0.17309,0.503312,0.42994,0.411297,-0.626628,19.186328570175156,9.119101751650696,10.962674668200947,20.052643575581026,-5.451850047703562,3.23223285966756
2.788177251815796,0.635918,-1.85578,-0.686633,0.386951,1.58366,1.87094,0.0901341,0.479785,0.506833,0.445571,0.459438,0.57717,-0.507207,0.090834,0.419507,0.173504,-0.498146,-0.433222,-0.411973,0.62805,18.66520266994026,9.058656840680575,11.456089164013504,19.603753770459775,-5.742620725185688,4.204570279236412
2.789137363433838,0.635918,-1.85578,-0.686633,0.386951,1.58366,1.87094,0.0901341,0.479785,0.506833,0.445571,0.459438,0.57717,-0.507207,0.090834,0.419507,0.173504,-0.498146,-0.433222,-0.411973,0.62805,18.66520266994026,9.058656840680575,11.456089164013504,19.603753770459775,-5.742620725185688,4.204570279236412
2.80472731590271,0.306816,-1.68816,-1.34587,0.421334,1.74025,1.87814,0.0900743,0.479719,0.506707,0.445745,0.459138,0.577068,-0.507442,0.0917338,0.420771,0.174306,-0.494396,-0.435092,-0.412927,0.629093,18.233006967876577,8.962690475178952,11.81427249862156,19.821538058994754,-5.1409970516529615,4.207124536058164
2.8056700229644775,0.306816,-1.68816,-1.34587,0.421334,1.74025,1.87814,0.0900743,0.479719,0.506707,0.445745,0.459138,0.577068,-0.507442,0.0917338,0.420771,0.174306,-0.494396,-0.435092,-0.412927,0.629093,18.233006967876577,8.962690475178952,11.81427249862156,19.821538058994754,-5.1409970516529615,4.207124536058164
2.838301181793213,0.888725,-1.65107,-0.857996,0.390314,1.5615,1.88374,0.0898755,0.479805,0.506711,0.447367,0.458367,0.577087,-0.506687,0.0924088,0.422507,0.175207,-0.490257,-0.44037,-0.413434,0.628327,17.541979723233876,9.118868179848313,12.395917267491257,20.397525707348656,-6.6377106186701464,5.335440886486724
2.839254856109619,0.888725,-1.65107,-0.857996,0.390314,1.5615,1.88374,0.0898755,0.479805,0.506711,0.447367,0.458367,0.577087,-0.506687,0.0924088,0.422507,0.175207,-0.490257,-0.44037,-0.413434,0.628327,17.541979723233876,9.118868179848313,12.395917267491257,20.397525707348656,-6.6377106186701464,5.335440886486724
2.854586601257324,0.733963,-2.07766,-1.01385,0.324306,1.63423,1.78935,0.089623,0.480058,0.506609,0.444548,0.460988,0.577705,-0.506086,0.0929152,0.423979,0.176218,-0.486847,-0.441299,-0.414148,0.629854,17.636563229141768,8.896773900668988,12.504878612916423,19.330719278853685,-5.687573417260585,3.43573919266099
2.8555305004119873,0.733963,-2.07766,-1.01385,0.324306,1.63423,1.78935,0.089623,0.480058,0.506609,0.444548,0.460988,0.577705,-0.506086,0.0929152,0.423979,0.176218,-0.486847,-0.441299,-0.414148,0.629854,17.636563229141768,8.896773900668988,12.504878612916423,19.330719278853685,-5.687573417260585,3.43573919266099
2.871328592300415,1.03681,-2.2278,-1.54831,0.315813,1.73819,1.76351,0.0896135,0.480039,0.506599,0.443845,0.461129,0.577926,-0.506323,0.0934259,0.425021,0.176816,-0.483265,-0.44514,-0.414324,0.629794,17.273167591395957,9.09233975738958,12.822382750136104,19.18571612816445,-6.193235546775382,3.923605989944784
2.8722691535949707,1.03681,-2.2278,-1.54831,0.315813,1.73819,1.76351,0.0896135,0.480039,0.506599,0.443845,0.461129,0.577926,-0.506323,0.0934259,0.425021,0.176816,-0.483265,-0.44514,-0.414324,0.629794,17.273167591395957,9.09233975738958,12.822382750136104,19.18571612816445,-6.193235546775382,3.923605989944784
2.8881278038024902,0.858414,-1.91619,-1.48616,0.345072,1.75839,1.78959,0.0895756,0.480034,0.506627,0.444676,0.460207,0.578853,-0.505374,0.0933774,0.425296,0.176977,-0.485553,-0.442677,-0.413116,0.630564,17.64769475515031,8.931890714306043,12.916630772793962,20.434065564880267,-6.3323711944546375,2.4121542521959847
2.889073133468628,0.858414,-1.91619,-1.48616,0.345072,1.75839,1.78959,0.0895756,0.480034,0.506627,0.444676,0.460207,0.578853,-0.505374,0.0933774,0.425296,0.176977,-0.485553,-0.442677,-0.413116,0.630564,17.64769475515031,8.931890714306043,12.916630772793962,20.434065564880267,-6.3323711944546375,2.4121542521959847
2.9052038192749023,0.542007,-2.06617,-1.69448,0.295436,1.73325,1.63452,0.0893409,0.480024,0.506589,0.444845,0.458176,0.5789,-0.507013,0.0934732,0.427033,0.178136,-0.479915,-0.444938,-0.415554,0.631685,16.824650692825713,8.96603852042807,13.345176471025571,20.966796204359472,-5.54955497243851,3.3954580836512616
2.906147003173828,0.542007,-2.06617,-1.69448,0.295436,1.73325,1.63452,0.0893409,0.480024,0.506589,0.444845,0.458176,0.5789,-0.507013,0.0934732,0.427033,0.178136,-0.479915,-0.444938,-0.415554,0.631685,16.824650692825713,8.96603852042807,13.345176471025571,20.966796204359472,-5.54955497243851,3.3954580836512616
2.938483476638794,1.45863,-2.35457,-1.13992,0.225153,1.55803,1.58557,0.0891464,0.480012,0.506691,0.446814,0.45719,0.577403,-0.507878,0.0934739,0.428363,0.178917,-0.477976,-0.444616,-0.416873,0.632513,16.29388377887501,8.745794446188278,13.476474695660741,22.520860053233392,-4.772156231614565,3.9320085951599255
2.9394311904907227,1.45863,-2.35457,-1.13992,0.225153,1.55803,1.58557,0.0891464,0.480012,0.506691,0.446814,0.45719,0.577403,-0.507878,0.0934739,0.428363,0.178917,-0.477976,-0.444616,-0.416873,0.632513,16.29388377887501,8.745794446188278,13.476474695660741,22.520860053233392,-4.772156231614565,3.9320085951599255
2.954563617706299,1.11208,-2.30046,-1.42962,0.21601,1.68198,1.57575,0.089112,0.480001,0.506607,0.447181,0.456413,0.577583,-0.50805,0.093732,0.429548,0.179782,-0.473843,-0.446145,-0.418185,0.633679,15.806080433140101,8.620942905435886,13.885327350632808,22.814336631965677,-4.761266024995833,4.155557775860363
2.9555320739746094,1.11208,-2.30046,-1.42962,0.21601,1.68198,1.57575,0.089112,0.480001,0.506607,0.447181,0.456413,0.577583,-0.50805,0.093732,0.429548,0.179782,-0.473843,-0.446145,-0.418185,0.633679,15.806080433140101,8.620942905435886,13.885327350632808,22.814336631965677,-4.761266024995833,4.155557775860363
2.97184157371521,0.820564,-1.98435,-1.8724,0.228528,1.74933,1.57953,0.0891365,0.479974,0.50656,0.447045,0.456474,0.577764,-0.507909,0.093946,0.430575,0.180416,-0.468878,-0.450468,-0.419035,0.633751,15.242292509242835,8.722600405652472,14.344626672446234,22.51648225712459,-5.905595955078676,5.201843102701835
2.9727895259857178,0.820564,-1.98435,-1.8724,0.228528,1.74933,1.57953,0.0891365,0.479974,0.50656,0.447045,0.456474,0.577764,-0.507909,0.093946,0.430575,0.180416,-0.468878,-0.450468,-0.419035,0.633751,15.242292509242835,8.722600405652472,14.344626672446234,22.51648225712459,-5.905595955078676,5.201843102701835
2.988044261932373,0.926216,-2.39186,-1.44117,0.142509,1.61476,1.47888,0.0891369,0.479985,0.506578,0.447,0.456556,0.577794,-0.507839,0.0940562,0.430988,0.180738,-0.46955,-0.449515,-0.41925,0.633789,15.324855723114768,8.661537996726636,14.254622020344106,22.861840739702075,-5.421769612558206,4.49843520690648
2.989001989364624,0.926216,-2.39186,-1.44117,0.142509,1.61476,1.47888,0.0891369,0.479985,0.506578,0.447,0.456556,0.577794,-0.507839,0.0940562,0.430988,0.180738,-0.46955,-0.449515,-0.41925,0.633789,15.324855723114768,8.661537996726636,14.254622020344106,22.861840739702075,-5.421769612558206,4.49843520690648
3.004697561264038,1.80077,-2.56661,-1.56898,0.0992024,1.56857,1.44749,0.0891031,0.480022,0.506645,0.447059,0.456524,0.577696,-0.507929,0.0943612,0.431933,0.181332,-0.466757,-0.451971,-0.420769,0.633098,14.874482335893653,8.75100674222585,14.391682721096203,22.59441365453606,-5.498149656598813,5.337387900669199
3.005645275115967,1.80077,-2.56661,-1.56898,0.0992024,1.56857,1.44749,0.0891031,0.480022,0.506645,0.447059,0.456524,0.577696,-0.507929,0.0943612,0.431933,0.181332,-0.466757,-0.451971,-0.420769,0.633098,14.874482335893653,8.75100674222585,14.391682721096203,22.59441365453606,-5.498149656598813,5.337387900669199
3.038228988647461,0.775902,-2.43535,-2.28716,0.118208,1.83021,1.35634,0.0891006,0.480021,0.506701,0.446795,0.457101,0.577406,-0.507972,0.0946533,0.433957,0.182683,-0.460346,-0.456476,-0.424297,0.632205,13.961761705931659,8.789233475918191,14.661530006569711,21.969161702211718,-5.7151002695808835,6.682649213042969
3.0391669273376465,0.775902,-2.43535,-2.28716,0.118208,1.83021,1.35634,0.0891006,0.480021,0.506701,0.446795,0.457101,0.577406,-0.507972,0.0946533,0.433957,0.182683,-0.460346,-0.456476,-0.424297,0.632205,13.961761705931659,8.789233475918191,14.661530006569711,21.969161702211718,-5.7151002695808835,6.682649213042969
3.0546627044677734,0.79541,-2.69698,-1.92,0.0732244,1.68823,1.26023,0.0891105,0.480038,0.506833,0.446802,0.457787,0.577018,-0.507788,0.0950138,0.435604,0.183813,-0.457877,-0.456829,-0.424921,0.633323,13.763266582511088,8.556802973746384,14.836824879808402,22.880810160802422,-5.3145424854222245,5.840787439979863
3.0556299686431885,0.79541,-2.69698,-1.92,0.0732244,1.68823,1.26023,0.0891105,0.480038,0.506833,0.446802,0.457787,0.577018,-0.507788,0.0950138,0.435604,0.183813,-0.457877,-0.456829,-0.424921,0.633323,13.763266582511088,8.556802973746384,14.836824879808402,22.880810160802422,-5.3145424854222245,5.840787439979863
3.0714659690856934,1.25835,-2.53341,-1.60493,0.108041,1.59386,1.28141,0.0890668,0.480158,0.506861,0.446477,0.458628,0.577684,-0.506556,0.0953546,0.436755,0.184676,-0.454786,-0.458804,-0.426807,0.632854,13.46061625282094,8.465387869982726,15.034905213639735,22.151146570395834,-5.672384529183508,5.7362006821924005
3.0724008083343506,1.25835,-2.53341,-1.60493,0.108041,1.59386,1.28141,0.0890668,0.480158,0.506861,0.446477,0.458628,0.577684,-0.506556,0.0953546,0.436755,0.184676,-0.454786,-0.458804,-0.426807,0.632854,13.46061625282094,8.465387869982726,15.034905213639735,22.151146570395834,-5.672384529183508,5.7362006821924005
3.0881338119506836,0.794823,-2.5738,-1.54622,0.117331,1.64543,1.22709,0.0889989,0.480249,0.50689,0.445136,0.459175,0.578477,-0.506337,0.0954862,0.437291,0.185028,-0.452885,-0.460957,-0.426712,0.632717,13.426135808261913,8.616710752277617,15.192175370627744,21.638557313688953,-6.11997267562708,5.555527694988944
3.0890746116638184,0.794823,-2.5738,-1.54622,0.117331,1.64543,1.22709,0.0889989,0.480249,0.50689,0.445136,0.459175,0.578477,-0.506337,0.0954862,0.437291,0.185028,-0.452885,-0.460957,-0.426712,0.632717,13.426135808261913,8.616710752277617,15.192175370627744,21.638557313688953,-6.11997267562708,5.555527694988944
3.1048402786254883,0.449471,-2.30451,-1.84837,0.155328,1.72994,1.18167,0.0890138,0.48022,0.506978,0.445261,0.457219,0.579655,-0.506648,0.095641,0.438386,0.185898,-0.449603,-0.460364,-0.427826,0.634734,13.141292306339952,8.445851451708158,15.623455726464108,22.370968130940405,-5.581951552571472,5.216819737560627
3.1058175563812256,0.449471,-2.30451,-1.84837,0.155328,1.72994,1.18167,0.0890138,0.48022,0.506978,0.445261,0.457219,0.579655,-0.506648,0.095641,0.438386,0.185898,-0.449603,-0.460364,-0.427826,0.634734,13.141292306339952,8.445851451708158,15.623455726464108,22.370968130940405,-5.581951552571472,5.216819737560627
3.138399362564087,0.998299,-2.57686,-1.95948,0.105705,1.66316,1.11271,0.0892528,0.480179,0.50716,0.445736,0.458518,0.578379,-0.506517,0.0965144,0.440587,0.187602,-0.441869,-0.468057,-0.430912,0.632447,11.929091507926502,8.672493490084532,15.984904441220268,21.719129717860387,-6.889371561189253,7.59292701780472
3.1393351554870605,0.998299,-2.57686,-1.95948,0.105705,1.66316,1.11271,0.0892528,0.480179,0.50716,0.445736,0.458518,0.578379,-0.506517,0.0965144,0.440587,0.187602,-0.441869,-0.468057,-0.430912,0.632447,11.929091507926502,8.672493490084532,15.984904441220268,21.719129717860387,-6.889371561189253,7.59292701780472
3.1551287174224854,1.44199,-2.60414,-1.75505,0.102876,1.60287,1.13518,0.0891965,0.480164,0.507279,0.446525,0.457381,0.57776,-0.507556,0.0970744,0.441863,0.188615,-0.440626,-0.46652,-0.430185,0.63494,11.824714231063895,8.436940402148895,16.220696954782323,23.739927186038276,-5.684107370472081,6.551200440129424
3.156085252761841,1.44199,-2.60414,-1.75505,0.102876,1.60287,1.13518,0.0891965,0.480164,0.507279,0.446525,0.457381,0.57776,-0.507556,0.0970744,0.441863,0.188615,-0.440626,-0.46652,-0.430185,0.63494,11.824714231063895,8.436940402148895,16.220696954782323,23.739927186038276,-5.684107370472081,6.551200440129424
3.171253204345703,1.1774,-2.43801,-1.65764,0.121434,1.67859,1.15692,0.0891937,0.480121,0.507264,0.447199,0.456763,0.577955,-0.507296,0.0974704,0.442657,0.189322,-0.43899,-0.466964,-0.43141,0.634915,11.538355971875584,8.369418653211161,16.372036546137732,23.98862139363132,-5.486294184462192,6.554283664735754
3.1721842288970947,1.1774,-2.43801,-1.65764,0.121434,1.67859,1.15692,0.0891937,0.480121,0.507264,0.447199,0.456763,0.577955,-0.507296,0.0974704,0.442657,0.189322,-0.43899,-0.466964,-0.43141,0.634915,11.538355971875584,8.369418653211161,16.372036546137732,23.98862139363132,-5.486294184462192,6.554283664735754
3.187969207763672,0.349373,-2.57863,-1.62801,0.110939,1.77498,1.08719,0.0892616,0.480127,0.507275,0.446373,0.457343,0.577921,-0.507539,0.0976647,0.443212,0.18976,-0.436057,-0.470154,-0.432827,0.633617,11.133069274109863,8.584818678807446,16.421742920013354,23.081619263521436,-5.836350080001514,7.566393536837158
3.1888949871063232,0.349373,-2.57863,-1.62801,0.110939,1.77498,1.08719,0.0892616,0.480127,0.507275,0.446373,0.457343,0.577921,-0.507539,0.0976647,0.443212,0.18976,-0.436057,-0.470154,-0.432827,0.633617,11.133069274109863,8.584818678807446,16.421742920013354,23.081619263521436,-5.836350080001514,7.566393536837158
3.2046632766723633,0.679443,-2.71318,-1.87246,0.0775035,1.76485,1.04778,0.0893142,0.480235,0.507238,0.443263,0.459351,0.579711,-0.506409,0.0983416,0.444594,0.190793,-0.431925,-0.472728,-0.433962,0.633756,11.131572531335028,8.605974010348277,16.632184070829275,21.805372427652753,-5.825939342195378,6.1840697024995706
3.2056405544281006,0.679443,-2.71318,-1.87246,0.0775035,1.76485,1.04778,0.0893142,0.480235,0.507238,0.443263,0.459351,0.579711,-0.506409,0.0983416,0.444594,0.190793,-0.431925,-0.472728,-0.433962,0.633756,11.131572531335028,8.605974010348277,16.632184070829275,21.805372427652753,-5.825939342195378,6.1840697024995706
3.2410500049591064,0.393974,-2.82015,-1.70925,0.0618639,1.80325,1.04999,0.089306,0.480192,0.507473,0.446032,0.456947,0.578248,-0.507823,0.0988,0.445719,0.191779,-0.432106,-0.470302,-0.434208,0.635266,10.790272812523058,8.371599198894671,16.719649863791478,24.321917815559654,-4.408949797900577,6.179305945895783
3.2423489093780518,0.393974,-2.82015,-1.70925,0.0618639,1.80325,1.04999,0.089306,0.480192,0.507473,0.446032,0.456947,0.578248,-0.507823,0.0988,0.445719,0.191779,-0.432106,-0.470302,-0.434208,0.635266,10.790272812523058,8.371599198894671,16.719649863791478,24.321917815559654,-4.408949797900577,6.179305945895783
3.2574596405029297,0.265602,-2.71888,-1.76832,0.0609949,1.82315,1.03454,0.08919,0.480395,0.50759,0.442973,0.458475,0.581529,-0.505371,0.0991845,0.447164,0.192913,-0.426791,-0.474741,-0.435831,0.634446,10.693455765211276,8.535275507056042,17.18731938413711,22.362895438450465,-5.76559741136957,5.315174766932353
3.25840425491333,0.265602,-2.71888,-1.76832,0.0609949,1.82315,1.03454,0.08919,0.480395,0.50759,0.442973,0.458475,0.581529,-0.505371,0.0991845,0.447164,0.192913,-0.426791,-0.474741,-0.435831,0.634446,10.693455765211276,8.535275507056042,17.18731938413711,22.362895438450465,-5.76559741136957,5.315174766932353
3.272585868835449,0.771034,-2.954,-1.97149,0.0214333,1.84775,1.00528,0.0892061,0.480373,0.507629,0.443254,0.458448,0.581649,-0.50501,0.0992541,0.447773,0.193465,-0.426034,-0.473208,-0.435737,0.636162,10.747888966478234,8.235492463085704,17.348816711340895,23.19410817963201,-5.472629282193681,4.234963227893299
3.2735209465026855,0.771034,-2.954,-1.97149,0.0214333,1.84775,1.00528,0.0892061,0.480373,0.507629,0.443254,0.458448,0.581649,-0.50501,0.0992541,0.447773,0.193465,-0.426034,-0.473208,-0.435737,0.636162,10.747888966478234,8.235492463085704,17.348816711340895,23.19410817963201,-5.472629282193681,4.234963227893299
3.2881650924682617,1.05975,-3.15224,-2.07188,-0.00172019,1.88015,1.01189,0.0892071,0.480375,0.507647,0.443251,0.45849,0.581647,-0.504977,0.0994181,0.44827,0.193904,-0.422291,-0.475623,-0.436739,0.636169,10.306816779390719,8.258971885169078,17.627313321034787,22.745720943682905,-6.0037922971390385,5.176319342504325
3.289107084274292,1.05975,-3.15224,-2.07188,-0.00172019,1.88015,1.01189,0.0892071,0.480375,0.507647,0.443251,0.45849,0.581647,-0.504977,0.0994181,0.44827,0.193904,-0.422291,-0.475623,-0.436739,0.636169,10.306816779390719,8.258971885169078,17.627313321034787,22.745720943682905,-6.0037922971390385,5.176319342504325
3.3051984310150146,1.82702,-3.23761,-2.02283,-0.00115671,1.86808,1.08171,0.0891669,0.480404,0.507675,0.443436,0.457979,0.581297,-0.505681,0.0997259,0.449183,0.194634,-0.418396,-0.477346,-0.437475,0.636946,9.827779649073243,8.244205923651085,17.92611323328552,23.042384599821528,-5.913927998936998,5.843029264836016
3.3061559200286865,1.82702,-3.23761,-2.02283,-0.00115671,1.86808,1.08171,0.0891669,0.480404,0.507675,0.443436,0.457979,0.581297,-0.505681,0.0997259,0.449183,0.194634,-0.418396,-0.477346,-0.437475,0.636946,9.827779649073243,8.244205923651085,17.92611323328552,23.042384599821528,-5.913927998936998,5.843029264836016
3.3385009765625,-0.513618,-3.2101,-1.9529,-0.0102025,2.14109,0.991913,0.0891667,0.480383,0.507612,0.443307,0.458362,0.581697,-0.504987,0.100284,0.450401,0.195601,-0.413639,-0.479305,-0.438069,0.638173,9.469072510833623,8.077709380559336,18.400254218548735,23.215686326365557,-6.350031565516949,5.595161545609029
3.339445114135742,-0.513618,-3.2101,-1.9529,-0.0102025,2.14109,0.991913,0.0891667,0.480383,0.507612,0.443307,0.458362,0.581697,-0.504987,0.100284,0.450401,0.195601,-0.413639,-0.479305,-0.438069,0.638173,9.469072510833623,8.077709380559336,18.400254218548735,23.215686326365557,-6.350031565516949,5.595161545609029
3.3550992012023926,-0.642471,-3.04515,-1.75181,-0.0308107,2.07639,0.910647,0.0891375,0.480422,0.507762,0.443671,0.458703,0.580359,-0.505896,0.100735,0.451924,0.196687,-0.41117,-0.481751,-0.440113,0.636519,8.861292643718325,8.217543682125834,18.290985210744527,23.507929716010427,-5.755976831079028,6.684750731819744
3.356037139892578,-0.642471,-3.04515,-1.75181,-0.0308107,2.07639,0.910647,0.0891375,0.480422,0.507762,0.443671,0.458703,0.580359,-0.505896,0.100735,0.451924,0.196687,-0.41117,-0.481751,-0.440113,0.636519,8.861292643718325,8.217543682125834,18.290985210744527,23.507929716010427,-5.755976831079028,6.684750731819744
3.371854305267334,0.159248,-3.23162,-1.92861,-0.0585419,2.04678,0.913871,0.0890225,0.48054,0.507885,0.443252,0.459461,0.580669,-0.50522,0.101086,0.452885,0.197428,-0.408634,-0.484552,-0.440835,0.635525,8.602027814781978,8.33591729327461,18.456945394890212,23.1237481748179,-6.331525786236087,6.93587522735857
3.372789144515991,0.159248,-3.23162,-1.92861,-0.0585419,2.04678,0.913871,0.0890225,0.48054,0.507885,0.443252,0.459461,0.580669,-0.50522,0.101086,0.452885,0.197428,-0.408634,-0.484552,-0.440835,0.635525,8.602027814781978,8.33591729327461,18.456945394890212,23.1237481748179,-6.331525786236087,6.93587522735857
3.38853120803833,0.374939,-3.29328,-2.06641,-0.0485506,2.09752,0.956405,0.0889656,0.480524,0.507969,0.443881,0.458781,0.580184,-0.505843,0.101078,0.453066,0.197732,-0.409428,-0.481818,-0.441075,0.636925,8.645646496724705,8.080703511182938,18.378079077334064,23.972242501377245,-5.155354511152867,6.2689640054439035
3.3894901275634766,0.374939,-3.29328,-2.06641,-0.0485506,2.09752,0.956405,0.0889656,0.480524,0.507969,0.443881,0.458781,0.580184,-0.505843,0.101078,0.453066,0.197732,-0.409428,-0.481818,-0.441075,0.636925,8.645646496724705,8.080703511182938,18.378079077334064,23.972242501377245,-5.155354511152867,6.2689640054439035
3.405224561691284,-0.971298,-2.10068,-1.7341,0.0906673,2.23805,1.13729,0.0889316,0.480487,0.508208,0.444538,0.458668,0.578608,-0.507171,0.101414,0.454008,0.198634,-0.406777,-0.485485,-0.440366,0.636329,8.14026989184701,8.350900863769645,18.5600819065967,24.927538043075646,-5.731820599600705,7.545199111688999
3.4061594009399414,-0.971298,-2.10068,-1.7341,0.0906673,2.23805,1.13729,0.0889316,0.480487,0.508208,0.444538,0.458668,0.578608,-0.507171,0.101414,0.454008,0.198634,-0.406777,-0.485485,-0.440366,0.636329,8.14026989184701,8.350900863769645,18.5600819065967,24.927538043075646,-5.731820599600705,7.545199111688999
3.458589553833008,-0.780067,-1.10102,-2.99683,0.255322,2.38844,1.2618,0.0889324,0.480535,0.508038,0.443951,0.459282,0.579739,-0.505836,0.101306,0.45538,0.199734,-0.403774,-0.485098,-0.442735,0.636893,7.965501381257794,8.0475775357162,18.72531046275206,24.783047211092537,-5.757332012366858,6.37330423343491
3.4624311923980713,-0.780067,-1.10102,-2.99683,0.255322,2.38844,1.2618,0.0889324,0.480535,0.508038,0.443951,0.459282,0.579739,-0.505836,0.101306,0.45538,0.199734,-0.403774,-0.485098,-0.442735,0.636893,7.965501381257794,8.0475775357162,18.72531046275206,24.783047211092537,-5.757332012366858,6.37330423343491
3.4906890392303467,1.27772,-2.98232,-2.20055,-0.00116591,1.73683,0.690197,0.0889377,0.480428,0.508139,0.445777,0.457934,0.578479,-0.506894,0.101047,0.458265,0.201816,-0.401846,-0.485103,-0.448,0.634422,7.034107158380028,8.019646921271088,18.405719247403646,26.32706713837894,-4.4277717547205375,7.4046356533150135
3.492215871810913,1.27772,-2.98232,-2.20055,-0.00116591,1.73683,0.690197,0.0889377,0.480428,0.508139,0.445777,0.457934,0.578479,-0.506894,0.101047,0.458265,0.201816,-0.401846,-0.485103,-0.448,0.634422,7.034107158380028,8.019646921271088,18.405719247403646,26.32706713837894,-4.4277717547205375,7.4046356533150135
3.5087013244628906,0.470726,-2.08163,-2.10449,0.124004,1.93975,0.928963,0.0888935,0.480445,0.508123,0.446131,0.456809,0.578919,-0.507095,0.100905,0.45878,0.202247,-0.398406,-0.487647,-0.448954,0.633966,6.53853704765669,8.197974798072819,18.73175426311507,26.13014817868455,-5.318941485910569,8.722018117970505
3.509730339050293,0.470726,-2.08163,-2.10449,0.124004,1.93975,0.928963,0.0888935,0.480445,0.508123,0.446131,0.456809,0.578919,-0.507095,0.100905,0.45878,0.202247,-0.398406,-0.487647,-0.448954,0.633966,6.53853704765669,8.197974798072819,18.73175426311507,26.13014817868455,-5.318941485910569,8.722018117970505
3.5383737087249756,-0.748489,-2.41587,-1.67928,0.0497852,1.98543,0.720465,0.0889399,0.480535,0.507939,0.444196,0.458115,0.580441,-0.505875,0.10084,0.459342,0.202726,-0.396469,-0.489119,-0.449723,0.633502,6.620291128276583,8.243053809545595,18.833337375474827,25.188360893071234,-6.0392212361906425,7.708260008522479
3.539344310760498,-0.748489,-2.41587,-1.67928,0.0497852,1.98543,0.720465,0.0889399,0.480535,0.507939,0.444196,0.458115,0.580441,-0.505875,0.10084,0.459342,0.202726,-0.396469,-0.489119,-0.449723,0.633502,6.620291128276583,8.243053809545595,18.833337375474827,25.188360893071234,-6.0392212361906425,7.708260008522479
3.5553762912750244,-1.58913,-2.24574,-2.02092,0.0230815,2.0412,0.602899,0.0890116,0.480514,0.508006,0.443945,0.458697,0.580233,-0.505806,0.100671,0.460121,0.203416,-0.396897,-0.487858,-0.451999,0.632585,6.53725315266535,8.109902126577348,18.510632194441573,25.192139864046425,-5.142931142446107,7.225284099684336
3.5563135147094727,-1.58913,-2.24574,-2.02092,0.0230815,2.0412,0.602899,0.0890116,0.480514,0.508006,0.443945,0.458697,0.580233,-0.505806,0.100671,0.460121,0.203416,-0.396897,-0.487858,-0.451999,0.632585,6.53725315266535,8.109902126577348,18.510632194441573,25.192139864046425,-5.142931142446107,7.225284099684336
3.5714399814605713,-2.05015,-2.13948,-1.82849,0.0246117,1.98161,0.541537,0.0891214,0.480551,0.508142,0.443113,0.460636,0.579862,-0.505198,0.100687,0.460566,0.20375,-0.39674,-0.48911,-0.452568,0.631309,6.556075018974399,8.1279112313105,18.329571120677873,24.741918581071157,-5.4346970359179565,7.048658722547698
3.5724098682403564,-2.05015,-2.13948,-1.82849,0.0246117,1.98161,0.541537,0.0891214,0.480551,0.508142,0.443113,0.460636,0.579862,-0.505198,0.100687,0.460566,0.20375,-0.39674,-0.48911,-0.452568,0.631309,6.556075018974399,8.1279112313105,18.329571120677873,24.741918581071157,-5.4346970359179565,7.048658722547698
3.588465452194214,1.20821,-1.17126,-2.46318,0.161119,1.71872,0.750179,0.0891646,0.480567,0.50821,0.443034,0.461159,0.579922,-0.504721,0.100503,0.460791,0.20388,-0.396806,-0.489021,-0.453149,0.63092,6.564359555221139,8.070148239794849,18.2664761061599,24.646469195434978,-5.5971510326168925,6.942936640947789
3.5894482135772705,1.20821,-1.17126,-2.46318,0.161119,1.71872,0.750179,0.0891646,0.480567,0.50821,0.443034,0.461159,0.579922,-0.504721,0.100503,0.460791,0.20388,-0.396806,-0.489021,-0.453149,0.63092,6.564359555221139,8.070148239794849,18.2664761061599,24.646469195434978,-5.5971510326168925,6.942936640947789
3.6047115325927734,0.216709,-1.35599,-2.93271,0.122581,1.91893,0.586721,0.0891713,0.48057,0.508293,0.443204,0.460481,0.580985,-0.503968,0.1004,0.461055,0.204234,-0.397067,-0.488431,-0.454048,0.630566,6.583209916343612,8.057101327196955,18.304560674032846,24.617291230483236,-5.727384689353641,6.5593786839888715
3.6056551933288574,0.216709,-1.35599,-2.93271,0.122581,1.91893,0.586721,0.0891713,0.48057,0.508293,0.443204,0.460481,0.580985,-0.503968,0.1004,0.461055,0.204234,-0.397067,-0.488431,-0.454048,0.630566,6.583209916343612,8.057101327196955,18.304560674032846,24.617291230483236,-5.727384689353641,6.5593786839888715
3.638143301010132,-0.81926,-0.338566,-2.67474,0.250298,1.87268,0.444453,0.0890392,0.480604,0.508315,0.442275,0.460396,0.581347,-0.504444,0.0993787,0.461645,0.204729,-0.39923,-0.486927,-0.456827,0.628352,6.5965359289611225,8.17227854164384,17.74054613977518,24.36060244073155,-4.829496354278651,6.199962672868523
3.639110565185547,-0.81926,-0.338566,-2.67474,0.250298,1.87268,0.444453,0.0890392,0.480604,0.508315,0.442275,0.460396,0.581347,-0.504444,0.0993787,0.461645,0.204729,-0.39923,-0.486927,-0.456827,0.628352,6.5965359289611225,8.17227854164384,17.74054613977518,24.36060244073155,-4.829496354278651,6.199962672868523
3.654768228530884,-0.795046,-1.69749,-2.90164,0.0724607,1.80137,0.086825,0.0891759,0.48058,0.508244,0.443982,0.460943,0.580168,-0.503803,0.098613,0.462317,0.205082,-0.400377,-0.488364,-0.458797,0.625063,6.2409237051067095,8.276794270754777,17.44020806018087,24.6055690211455,-6.016907542517747,7.407158096838684
3.6557140350341797,-0.795046,-1.69749,-2.90164,0.0724607,1.80137,0.086825,0.0891759,0.48058,0.508244,0.443982,0.460943,0.580168,-0.503803,0.098613,0.462317,0.205082,-0.400377,-0.488364,-0.458797,0.625063,6.2409237051067095,8.276794270754777,17.44020806018087,24.6055690211455,-6.016907542517747,7.407158096838684
3.6800732612609863,-1.02151,-0.672252,-2.67896,0.259418,1.77227,0.254319,0.0892354,0.480537,0.508291,0.443452,0.460326,0.581157,-0.503693,0.0980501,0.462712,0.205487,-0.400406,-0.485753,-0.461229,0.625289,6.241490586155645,8.076880112686931,17.269610179778674,24.474011802166377,-5.1015205857815005,6.775981126301
3.6826934814453125,-1.02151,-0.672252,-2.67896,0.259418,1.77227,0.254319,0.0892354,0.480537,0.508291,0.443452,0.460326,0.581157,-0.503693,0.0980501,0.462712,0.205487,-0.400406,-0.485753,-0.461229,0.625289,6.241490586155645,8.076880112686931,17.269610179778674,24.474011802166377,-5.1015205857815005,6.775981126301
3.707111120223999,-0.998524,-0.906337,-2.67765,0.289408,1.61676,-0.073603,0.0891199,0.480619,0.50818,0.443996,0.460437,0.580414,-0.503969,0.0954313,0.464569,0.206903,-0.402132,-0.483863,-0.467378,0.621067,5.765996063443769,8.026921727683222,16.41399671297611,24.879103324078855,-4.948614502088352,7.172722243556118
3.7084262371063232,-0.998524,-0.906337,-2.67765,0.289408,1.61676,-0.073603,0.0891199,0.480619,0.50818,0.443996,0.460437,0.580414,-0.503969,0.0954313,0.464569,0.206903,-0.402132,-0.483863,-0.467378,0.621067,5.765996063443769,8.026921727683222,16.41399671297611,24.879103324078855,-4.948614502088352,7.172722243556118
3.723560094833374,-0.295536,-1.06318,-2.69615,0.295174,1.44971,-0.223155,0.0889233,0.480527,0.50825,0.445721,0.457668,0.579599,-0.505904,0.0933565,0.465984,0.208005,-0.405545,-0.482492,-0.471166,0.617039,5.27931128335487,8.385087459219129,15.723088260243369,26.547666189471084,-4.507377631203934,8.45631070654006
3.7244904041290283,-0.295536,-1.06318,-2.69615,0.295174,1.44971,-0.223155,0.0889233,0.480527,0.50825,0.445721,0.457668,0.579599,-0.505904,0.0933565,0.465984,0.208005,-0.405545,-0.482492,-0.471166,0.617039,5.27931128335487,8.385087459219129,15.723088260243369,26.547666189471084,-4.507377631203934,8.45631070654006
3.7385308742523193,-0.942609,-1.07535,-2.11315,0.301241,1.36884,-0.267899,0.0888614,0.480549,0.50826,0.445906,0.457513,0.579604,-0.505874,0.0919224,0.466797,0.208657,-0.409165,-0.480257,-0.474608,0.613746,5.259391243312074,8.440598025448828,15.008728485787818,26.817211769309814,-3.933078873560291,8.158431212199304
3.73948335647583,-0.942609,-1.07535,-2.11315,0.301241,1.36884,-0.267899,0.0888614,0.480549,0.50826,0.445906,0.457513,0.579604,-0.505874,0.0919224,0.466797,0.208657,-0.409165,-0.480257,-0.474608,0.613746,5.259391243312074,8.440598025448828,15.008728485787818,26.817211769309814,-3.933078873560291,8.158431212199304
3.755173683166504,-0.966854,-0.682788,-1.85989,0.397094,1.24844,-0.217733,0.0885984,0.480564,0.508124,0.447285,0.455886,0.579492,-0.506254,0.0871264,0.469645,0.211187,-0.415031,-0.480915,-0.484214,0.60167,4.375190502546871,9.241839673354994,13.469543807519392,27.41345048406565,-5.422705573137927,9.98616170756717
3.756147623062134,-0.966854,-0.682788,-1.85989,0.397094,1.24844,-0.217733,0.0885984,0.480564,0.508124,0.447285,0.455886,0.579492,-0.506254,0.0871264,0.469645,0.211187,-0.415031,-0.480915,-0.484214,0.60167,4.375190502546871,9.241839673354994,13.469543807519392,27.41345048406565,-5.422705573137927,9.98616170756717
3.771543025970459,-0.515202,-0.483507,-1.8266,0.46591,1.10748,-0.196371,0.0884126,0.480728,0.507901,0.445263,0.457333,0.581019,-0.50498,0.0838808,0.471557,0.213103,-0.419239,-0.478337,-0.491401,0.594944,4.402702734858157,9.353786712161375,12.229601435329705,26.812312544082232,-5.383944686925696,8.182677143898015
3.772479772567749,-0.515202,-0.483507,-1.8266,0.46591,1.10748,-0.196371,0.0884126,0.480728,0.507901,0.445263,0.457333,0.581019,-0.50498,0.0838808,0.471557,0.213103,-0.419239,-0.478337,-0.491401,0.594944,4.402702734858157,9.353786712161375,12.229601435329705,26.812312544082232,-5.383944686925696,8.182677143898015
3.7881693840026855,-0.706981,-0.5369,-2.06009,0.482176,1.13301,-0.249351,0.0882949,0.480791,0.507745,0.443571,0.459921,0.581349,-0.503737,0.0824827,0.472443,0.214059,-0.42045,-0.479067,-0.4942,0.591171,4.447120380718507,9.432735199127114,11.653236231510501,25.96641434629386,-6.070372992881468,7.141849242985895
3.7891364097595215,-0.706981,-0.5369,-2.06009,0.482176,1.13301,-0.249351,0.0882949,0.480791,0.507745,0.443571,0.459921,0.581349,-0.503737,0.0824827,0.472443,0.214059,-0.42045,-0.479067,-0.4942,0.591171,4.447120380718507,9.432735199127114,11.653236231510501,25.96641434629386,-6.070372992881468,7.141849242985895
3.8050622940063477,-1.10982,-0.165052,-1.72354,0.51811,1.05506,-0.267748,0.0879938,0.480833,0.507702,0.444489,0.458716,0.581391,-0.503979,0.0789947,0.475113,0.216716,-0.423522,-0.479201,-0.502451,0.58184,3.6066911970198055,9.912690359053595,10.504363799838325,26.512583199549773,-6.512474083858995,8.220039277796658
3.8060269355773926,-1.10982,-0.165052,-1.72354,0.51811,1.05506,-0.267748,0.0879938,0.480833,0.507702,0.444489,0.458716,0.581391,-0.503979,0.0789947,0.475113,0.216716,-0.423522,-0.479201,-0.502451,0.58184,3.6066911970198055,9.912690359053595,10.504363799838325,26.512583199549773,-6.512474083858995,8.220039277796658
3.8384387493133545,-0.484333,-0.397602,-1.88912,0.458612,0.967517,-0.354408,0.0876121,0.480978,0.507757,0.444873,0.459529,0.580906,-0.503457,0.0765128,0.477359,0.21898,-0.425618,-0.477897,-0.509513,0.575204,3.060701689172112,9.912907984374927,9.481560731982821,26.67041591303739,-5.981398392356985,8.276915546403819
3.839383363723755,-0.484333,-0.397602,-1.88912,0.458612,0.967517,-0.354408,0.0876121,0.480978,0.507757,0.444873,0.459529,0.580906,-0.503457,0.0765128,0.477359,0.21898,-0.425618,-0.477897,-0.509513,0.575204,3.060701689172112,9.912907984374927,9.481560731982821,26.67041591303739,-5.981398392356985,8.276915546403819
3.8555800914764404,-0.538918,-0.204445,-2.09875,0.497381,1.01496,-0.341577,0.0871639,0.481101,0.507682,0.44572,0.457626,0.581305,-0.50398,0.0734795,0.479278,0.221033,-0.42737,-0.47605,-0.516263,0.569389,2.415299104973709,10.084953904550348,8.676127124488913,27.287609894884156,-5.679677187193093,8.926093382089473
3.8565261363983154,-0.538918,-0.204445,-2.09875,0.497381,1.01496,-0.341577,0.0871639,0.481101,0.507682,0.44572,0.457626,0.581305,-0.50398,0.0734795,0.479278,0.221033,-0.42737,-0.47605,-0.516263,0.569389,2.415299104973709,10.084953904550348,8.676127124488913,27.287609894884156,-5.679677187193093,8.926093382089473
3.8719353675842285,-1.02005,-0.254751,-2.02226,0.509267,1.04734,-0.353232,0.0869627,0.481092,0.507549,0.446032,0.456489,0.581793,-0.504174,0.0715193,0.480341,0.222237,-0.427728,-0.477628,-0.519907,0.564461,1.8756586217876465,10.487265549237431,8.302936949817084,27.21095550967974,-6.674118011961706,10.00580054498862
3.8728721141815186,-1.02005,-0.254751,-2.02226,0.509267,1.04734,-0.353232,0.0869627,0.481092,0.507549,0.446032,0.456489,0.581793,-0.504174,0.0715193,0.480341,0.222237,-0.427728,-0.477628,-0.519907,0.564461,1.8756586217876465,10.487265549237431,8.302936949817084,27.21095550967974,-6.674118011961706,10.00580054498862
3.8885326385498047,-0.775629,-0.297399,-2.23366,0.529397,1.05655,-0.350634,0.0869208,0.481009,0.507518,0.447756,0.455073,0.580692,-0.505193,0.0705563,0.480787,0.222794,-0.429511,-0.474882,-0.522286,0.563227,1.5948395986191153,10.359810319257752,7.901636806306206,28.319991199287248,-5.729438446122219,10.569233519171153
3.889460802078247,-0.775629,-0.297399,-2.23366,0.529397,1.05655,-0.350634,0.0869208,0.481009,0.507518,0.447756,0.455073,0.580692,-0.505193,0.0705563,0.480787,0.222794,-0.429511,-0.474882,-0.522286,0.563227,1.5948395986191153,10.359810319257752,7.901636806306206,28.319991199287248,-5.729438446122219,10.569233519171153
3.9046905040740967,-0.608217,-0.378044,-2.33169,0.533425,1.05576,-0.377693,0.0865732,0.481286,0.507298,0.444609,0.45815,0.582358,-0.503271,0.0680996,0.482173,0.22433,-0.428676,-0.475611,-0.527172,0.558677,1.5414397002242866,10.343930690363335,7.297921212268648,26.69368508109932,-6.660693688880217,9.132397787873227
3.9056193828582764,-0.608217,-0.378044,-2.33169,0.533425,1.05576,-0.377693,0.0865732,0.481286,0.507298,0.444609,0.45815,0.582358,-0.503271,0.0680996,0.482173,0.22433,-0.428676,-0.475611,-0.527172,0.558677,1.5414397002242866,10.343930690363335,7.297921212268648,26.69368508109932,-6.660693688880217,9.132397787873227
3.938408374786377,-2.04821,-0.242426,-1.20741,0.50562,0.96348,-0.444838,0.0866317,0.48133,0.507331,0.443839,0.459039,0.581616,-0.503997,0.0658916,0.483584,0.226072,-0.429937,-0.473853,-0.533235,0.553424,1.0832215059367654,10.306649590418074,6.2893917135646165,26.581894450225114,-5.6277535691816745,9.382243060291438
3.939352035522461,-2.04821,-0.242426,-1.20741,0.50562,0.96348,-0.444838,0.0866317,0.48133,0.507331,0.443839,0.459039,0.581616,-0.503997,0.0658916,0.483584,0.226072,-0.429937,-0.473853,-0.533235,0.553424,1.0832215059367654,10.306649590418074,6.2893917135646165,26.581894450225114,-5.6277535691816745,9.382243060291438
3.9551777839660645,-1.6745,-0.289488,-1.23132,0.50493,0.879086,-0.435931,0.087003,0.481087,0.507548,0.445773,0.456507,0.582108,-0.504021,0.0627694,0.485005,0.228372,-0.433147,-0.471921,-0.539678,0.54628,0.4322829905947126,10.565134457790743,5.460200044699687,27.76021361513115,-6.459053380467349,10.38636809686391
3.95611572265625,-1.6745,-0.289488,-1.23132,0.50493,0.879086,-0.435931,0.087003,0.481087,0.507548,0.445773,0.456507,0.582108,-0.504021,0.0627694,0.485005,0.228372,-0.433147,-0.471921,-0.539678,0.54628,0.4322829905947126,10.565134457790743,5.460200044699687,27.76021361513115,-6.459053380467349,10.38636809686391
3.9718968868255615,-0.726306,-0.21717,-2.11375,0.56603,0.928044,-0.39356,0.0871806,0.481066,0.50763,0.445659,0.456938,0.581769,-0.504123,0.0600056,0.485917,0.230082,0.436577,0.469618,0.545864,-0.539345,0.060247796784287495,10.635728682921572,4.304545124512198,27.664028298477476,-6.128015850053824,10.564698164243758
3.9728384017944336,-0.726306,-0.21717,-2.11375,0.56603,0.928044,-0.39356,0.0871806,0.481066,0.50763,0.445659,0.456938,0.581769,-0.504123,0.0600056,0.485917,0.230082,0.436577,0.469618,0.545864,-0.539345,0.060247796784287495,10.635728682921572,4.304545124512198,27.664028298477476,-6.128015850053824,10.564698164243758
3.9884791374206543,-1.41342,0.0992224,-2.20636,0.60356,1.02657,-0.350301,0.0872484,0.481072,0.507703,0.445254,0.458504,0.581705,-0.503132,0.058791,0.486272,0.230909,0.439605,0.467844,0.548754,-0.535479,0.13372992487767144,10.56445684524362,3.5837537685370005,27.469635320792257,-5.9101695488913695,9.673169678982116
3.98942232131958,-1.41342,0.0992224,-2.20636,0.60356,1.02657,-0.350301,0.0872484,0.481072,0.507703,0.445254,0.458504,0.581705,-0.503132,0.058791,0.486272,0.230909,0.439605,0.467844,0.548754,-0.535479,0.13372992487767144,10.56445684524362,3.5837537685370005,27.469635320792257,-5.9101695488913695,9.673169678982116
4.005221605300903,-1.11835,-0.0279806,-2.16097,0.597055,0.975865,-0.384906,0.0874282,0.481083,0.508046,0.444029,0.458947,0.582086,-0.50337,0.0564727,0.487514,0.232972,0.438255,0.467484,0.55444,-0.531025,-0.4073578161208046,10.543479612353527,2.9637268580288993,26.933826327284294,-5.9388609424420515,10.236731350928338
4.006162643432617,-1.11835,-0.0279806,-2.16097,0.597055,0.975865,-0.384906,0.0874282,0.481083,0.508046,0.444029,0.458947,0.582086,-0.50337,0.0564727,0.487514,0.232972,0.438255,0.467484,0.55444,-0.531025,-0.4073578161208046,10.543479612353527,2.9637268580288993,26.933826327284294,-5.9388609424420515,10.236731350928338
4.038455963134766,-0.960108,-0.434101,-2.08088,0.55489,0.950181,-0.440709,0.0875631,0.481022,0.508116,0.444422,0.457094,0.582478,-0.504255,0.0540801,0.488595,0.234938,0.43871,0.466843,0.559336,-0.526056,-1.026001470302769,10.771279812065535,2.4050731503381577,27.360070995783925,-6.244125507725093,11.12918588154767
4.039414167404175,-0.960108,-0.434101,-2.08088,0.55489,0.950181,-0.440709,0.0875631,0.481022,0.508116,0.444422,0.457094,0.582478,-0.504255,0.0540801,0.488595,0.234938,0.43871,0.466843,0.559336,-0.526056,-1.026001470302769,10.771279812065535,2.4050731503381577,27.360070995783925,-6.244125507725093,11.12918588154767
4.0552568435668945,-1.26166,-0.491123,-1.96579,0.584164,0.987962,-0.415224,0.087602,0.480975,0.508049,0.444784,0.457349,0.581884,-0.504391,0.0523259,0.489232,0.236274,0.439218,0.464429,0.563933,-0.52285,-1.3922520227057011,10.52431601836111,1.764270171606088,27.49894466760275,-5.637505178997522,11.281584692429593
4.0561957359313965,-1.26166,-0.491123,-1.96579,0.584164,0.987962,-0.415224,0.087602,0.480975,0.508049,0.444784,0.457349,0.581884,-0.504391,0.0523259,0.489232,0.236274,0.439218,0.464429,0.563933,-0.52285,-1.3922520227057011,10.52431601836111,1.764270171606088,27.49894466760275,-5.637505178997522,11.281584692429593
4.0713794231414795,-1.65254,-1.05699,-1.44509,0.513453,0.9372,-0.421962,0.087662,0.480985,0.507957,0.445254,0.458008,0.580979,-0.504422,0.050072,0.49007,0.237896,0.437584,0.4625,0.568341,-0.521155,-1.8536547414166313,10.087510890894565,1.3542679051394115,27.796859479186548,-5.987313076109073,11.513507149255048
4.072325706481934,-1.65254,-1.05699,-1.44509,0.513453,0.9372,-0.421962,0.087662,0.480985,0.507957,0.445254,0.458008,0.580979,-0.504422,0.050072,0.49007,0.237896,0.437584,0.4625,0.568341,-0.521155,-1.8536547414166313,10.087510890894565,1.3542679051394115,27.796859479186548,-5.987313076109073,11.513507149255048
4.088134527206421,-1.09,-1.41664,-1.17919,0.47885,0.83155,-0.408348,0.0876834,0.480976,0.507958,0.445139,0.458002,0.581009,-0.504493,0.0496248,0.490391,0.238372,0.436458,0.46224,0.569051,-0.521555,-1.944622130460094,9.975267009477818,1.3843159388375799,28.004616153522047,-6.18411427599499,11.440800380046756
4.089083433151245,-1.09,-1.41664,-1.17919,0.47885,0.83155,-0.408348,0.0876834,0.480976,0.507958,0.445139,0.458002,0.581009,-0.504493,0.0496248,0.490391,0.238372,0.436458,0.46224,0.569051,-0.521555,-1.944622130460094,9.975267009477818,1.3843159388375799,28.004616153522047,-6.18411427599499,11.440800380046756
4.104737758636475,-1.22269,-1.3502,-1.49145,0.495592,0.911154,-0.251373,0.0876608,0.480996,0.507937,0.445036,0.457565,0.581292,-0.504655,0.0491272,0.491325,0.239646,0.432022,0.464237,0.569667,-0.5228,-2.339683648153802,9.905783776313841,1.813555654829451,28.256900846231044,-7.412288692841596,11.734849800486263
4.105706214904785,-1.22269,-1.3502,-1.49145,0.495592,0.911154,-0.251373,0.0876608,0.480996,0.507937,0.445036,0.457565,0.581292,-0.504655,0.0491272,0.491325,0.239646,0.432022,0.464237,0.569667,-0.5228,-2.339683648153802,9.905783776313841,1.813555654829451,28.256900846231044,-7.412288692841596,11.734849800486263
4.138185262680054,-0.796932,-1.65702,-1.38627,0.43522,0.825838,-0.193248,0.0875588,0.481048,0.50783,0.443198,0.459856,0.581517,-0.503931,0.0493941,0.491937,0.240248,0.426333,0.465161,0.569178,-0.527164,-2.275880676695873,9.393234809357908,2.3342226470877123,27.954670064781336,-7.978474128872565,10.536254422165294
4.1391377449035645,-0.796932,-1.65702,-1.38627,0.43522,0.825838,-0.193248,0.0875588,0.481048,0.50783,0.443198,0.459856,0.581517,-0.503931,0.0493941,0.491937,0.240248,0.426333,0.465161,0.569178,-0.527164,-2.275880676695873,9.393234809357908,2.3342226470877123,27.954670064781336,-7.978474128872565,10.536254422165294
4.155000686645508,-1.21359,-2.40984,-0.707115,0.327,0.769819,-0.298902,0.0873008,0.481062,0.507543,0.444482,0.456874,0.582669,-0.504182,0.0516081,0.492933,0.240803,0.414373,0.469157,0.565563,-0.536959,-2.825735845258472,9.07228166733259,4.3331877135355485,28.872561695109717,-9.615700283287763,11.358410012052847
4.155943393707275,-1.21359,-2.40984,-0.707115,0.327,0.769819,-0.298902,0.0873008,0.481062,0.507543,0.444482,0.456874,0.582669,-0.504182,0.0516081,0.492933,0.240803,0.414373,0.469157,0.565563,-0.536959,-2.825735845258472,9.07228166733259,4.3331877135355485,28.872561695109717,-9.615700283287763,11.358410012052847
4.171385049819946,-1.39417,-2.35913,-0.595226,0.360417,0.767229,-0.252607,0.0869669,0.481159,0.507203,0.444582,0.457634,0.581494,-0.50476,0.0557758,0.49386,0.240878,0.399826,0.473982,0.55989,-0.549548,-3.264809250291842,8.328036389411945,6.4035109273789494,29.32006598259434,-9.837118678350459,11.558779206245447
4.1723244190216064,-1.39417,-2.35913,-0.595226,0.360417,0.767229,-0.252607,0.0869669,0.481159,0.507203,0.444582,0.457634,0.581494,-0.50476,0.0557758,0.49386,0.240878,0.399826,0.473982,0.55989,-0.549548,-3.264809250291842,8.328036389411945,6.4035109273789494,29.32006598259434,-9.837118678350459,11.558779206245447
4.188020467758179,-1.52333,-2.49278,-0.357556,0.346533,0.759818,-0.247492,0.0868479,0.481166,0.507167,0.444421,0.457416,0.581316,-0.505303,0.0572854,0.494148,0.240889,0.395497,0.476204,0.558028,-0.552646,-3.461754588656347,8.287621036183669,7.025316753581474,29.333220301922907,-9.701487932855567,11.941976669018137
4.188961744308472,-1.52333,-2.49278,-0.357556,0.346533,0.759818,-0.247492,0.0868479,0.481166,0.507167,0.444421,0.457416,0.581316,-0.505303,0.0572854,0.494148,0.240889,0.395497,0.476204,0.558028,-0.552646,-3.461754588656347,8.287621036183669,7.025316753581474,29.333220301922907,-9.701487932855567,11.941976669018137
4.204731702804565,-1.58473,-2.62024,-0.175452,0.340302,0.81154,-0.186986,0.0865165,0.48105,0.50715,0.447476,0.454836,0.579512,-0.507006,0.0598117,0.495189,0.241633,-0.389003,-0.478648,-0.555286,0.55788,-4.184596783784915,8.127498176257026,8.095672594211504,31.182187771854387,-9.139593234006867,13.58069482879188
4.205684185028076,-1.58473,-2.62024,-0.175452,0.340302,0.81154,-0.186986,0.0865165,0.48105,0.50715,0.447476,0.454836,0.579512,-0.507006,0.0598117,0.495189,0.241633,-0.389003,-0.478648,-0.555286,0.55788,-4.184596783784915,8.127498176257026,8.095672594211504,31.182187771854387,-9.139593234006867,13.58069482879188
4.238389492034912,-0.943817,-1.50202,-0.463897,0.510325,0.921583,0.122659,0.0862834,0.481309,0.507124,0.444821,0.458345,0.581052,-0.504413,0.0611951,0.496581,0.242957,-0.385347,-0.481452,-0.55534,0.557951,-4.001569156138722,7.989113890738522,8.386831542078895,30.418305039071797,-9.373331837392676,11.177351029034195
4.239325761795044,-0.943817,-1.50202,-0.463897,0.510325,0.921583,0.122659,0.0862834,0.481309,0.507124,0.444821,0.458345,0.581052,-0.504413,0.0611951,0.496581,0.242957,-0.385347,-0.481452,-0.55534,0.557951,-4.001569156138722,7.989113890738522,8.386831542078895,30.418305039071797,-9.373331837392676,11.177351029034195
4.254674673080444,-0.787603,-1.90596,0.104729,0.475226,0.832423,0.0867316,0.0866379,0.481326,0.507308,0.443266,0.459105,0.581636,-0.504418,0.0635457,0.497816,0.244173,-0.37968,-0.483721,-0.555593,0.559619,-4.283381438236468,7.892036916988062,8.829517237754262,30.170310181608997,-8.274902659565337,10.813052257152728
4.255624055862427,-0.787603,-1.90596,0.104729,0.475226,0.832423,0.0867316,0.0866379,0.481326,0.507308,0.443266,0.459105,0.581636,-0.504418,0.0635457,0.497816,0.244173,-0.37968,-0.483721,-0.555593,0.559619,-4.283381438236468,7.892036916988062,8.829517237754262,30.170310181608997,-8.274902659565337,10.813052257152728
4.271348714828491,-0.921526,-2.08846,0.00676903,0.468468,0.930041,0.105874,0.0870734,0.481138,0.507484,0.444279,0.45734,0.582403,-0.504244,0.064963,0.498362,0.245006,-0.373841,-0.488621,-0.552653,0.562199,-4.725352431552964,8.182038256444917,9.951120667953962,30.883108240568482,-10.715813559990549,11.865519016293021
4.27228569984436,-0.921526,-2.08846,0.00676903,0.468468,0.930041,0.105874,0.0870734,0.481138,0.507484,0.444279,0.45734,0.582403,-0.504244,0.064963,0.498362,0.245006,-0.373841,-0.488621,-0.552653,0.562199,-4.725352431552964,8.182038256444917,9.951120667953962,30.883108240568482,-10.715813559990549,11.865519016293021
4.288468599319458,-1.86517,-2.49083,-0.18225,0.439877,1.10169,0.0483935,0.0873455,0.481103,0.507564,0.445186,0.456838,0.583193,-0.502986,0.0659051,0.498569,0.245355,-0.373327,-0.490592,-0.551636,0.561823,-4.774168486976043,8.365857291808767,10.322187047602776,31.082634680355607,-11.839410571761443,11.815699194380738
4.289404392242432,-1.86517,-2.49083,-0.18225,0.439877,1.10169,0.0483935,0.0873455,0.481103,0.507564,0.445186,0.456838,0.583193,-0.502986,0.0659051,0.498569,0.245355,-0.373327,-0.490592,-0.551636,0.561823,-4.774168486976043,8.365857291808767,10.322187047602776,31.082634680355607,-11.839410571761443,11.815699194380738
4.3047614097595215,-1.11629,-2.26089,-1.02478,0.50114,1.23906,0.195307,0.0879134,0.480763,0.507828,0.446497,0.456766,0.580405,-0.505108,0.0687377,0.4992,0.246103,-0.365076,-0.4939,-0.55096,0.565,-5.723294639267728,8.11079983409759,10.986038629536619,31.25006009327034,-10.775460952763426,14.481956175006022
4.305698871612549,-1.11629,-2.26089,-1.02478,0.50114,1.23906,0.195307,0.0879134,0.480763,0.507828,0.446497,0.456766,0.580405,-0.505108,0.0687377,0.4992,0.246103,-0.365076,-0.4939,-0.55096,0.565,-5.723294639267728,8.11079983409759,10.986038629536619,31.25006009327034,-10.775460952763426,14.481956175006022
4.338298082351685,-0.152134,-2.05932,-0.948562,0.508212,1.24828,0.35035,0.0882476,0.480797,0.507785,0.444227,0.458814,0.581565,-0.503919,0.0716174,0.499659,0.246648,-0.360375,-0.495775,-0.547783,0.569448,-5.374991917514968,7.910863636359649,11.731880656952361,31.390600064129956,-10.615090853621478,11.951367413749054
4.339239835739136,-0.152134,-2.05932,-0.948562,0.508212,1.24828,0.35035,0.0882476,0.480797,0.507785,0.444227,0.458814,0.581565,-0.503919,0.0716174,0.499659,0.246648,-0.360375,-0.495775,-0.547783,0.569448,-5.374991917514968,7.910863636359649,11.731880656952361,31.390600064129956,-10.615090853621478,11.951367413749054
4.354666233062744,-0.59417,-1.95362,-0.921283,0.538045,1.3883,0.448589,0.0883601,0.480719,0.507599,0.442906,0.460016,0.580599,-0.505098,0.0745729,0.50027,0.247044,-0.354335,-0.498141,-0.545451,0.573398,-5.572043032716893,7.739144467922619,12.318991322840091,31.643034932985085,-9.158447799724277,11.51455556620458
4.355607032775879,-0.59417,-1.95362,-0.921283,0.538045,1.3883,0.448589,0.0883601,0.480719,0.507599,0.442906,0.460016,0.580599,-0.505098,0.0745729,0.50027,0.247044,-0.354335,-0.498141,-0.545451,0.573398,-5.572043032716893,7.739144467922619,12.318991322840091,31.643034932985085,-9.158447799724277,11.51455556620458
4.371405839920044,-0.0298004,-1.21374,-0.86567,0.654476,1.35328,0.648573,0.0885552,0.480547,0.507537,0.445312,0.459044,0.579235,-0.505432,0.07718,0.500699,0.247143,-0.348876,-0.502717,-0.541177,0.576791,-6.06419434576752,7.8407304423565485,13.416745339435675,32.88442504646949,-10.380199874613702,13.049524448617497
4.372347116470337,-0.0298004,-1.21374,-0.86567,0.654476,1.35328,0.648573,0.0885552,0.480547,0.507537,0.445312,0.459044,0.579235,-0.505432,0.07718,0.500699,0.247143,-0.348876,-0.502717,-0.541177,0.576791,-6.06419434576752,7.8407304423565485,13.416745339435675,32.88442504646949,-10.380199874613702,13.049524448617497
4.388103723526001,0.903713,-1.47599,-0.978829,0.623936,1.30249,0.619592,0.0886043,0.480647,0.507528,0.443559,0.459034,0.580825,-0.50516,0.0787806,0.500765,0.247044,-0.346079,-0.502817,-0.539796,0.579676,-5.842003846295972,7.7866276360172355,13.855867591550984,32.64823000436529,-9.549783767161417,11.783855437253807
4.3890416622161865,0.903713,-1.47599,-0.978829,0.623936,1.30249,0.619592,0.0886043,0.480647,0.507528,0.443559,0.459034,0.580825,-0.50516,0.0787806,0.500765,0.247044,-0.346079,-0.502817,-0.539796,0.579676,-5.842003846295972,7.7866276360172355,13.855867591550984,32.64823000436529,-9.549783767161417,11.783855437253807
4.404694318771362,1.10831,-1.27831,-0.766444,0.611425,1.35761,0.662213,0.0889255,0.480502,0.507692,0.443892,0.457192,0.582095,-0.505076,0.085423,0.500361,0.245889,-0.333113,-0.507179,-0.530245,0.592153,-5.920372134592422,7.5827341773834345,16.3587782694471,33.68288663363674,-9.259829202436062,11.733489879694456
4.405637979507446,1.10831,-1.27831,-0.766444,0.611425,1.35761,0.662213,0.0889255,0.480502,0.507692,0.443892,0.457192,0.582095,-0.505076,0.085423,0.500361,0.245889,-0.333113,-0.507179,-0.530245,0.592153,-5.920372134592422,7.5827341773834345,16.3587782694471,33.68288663363674,-9.259829202436062,11.733489879694456
4.438416242599487,1.23826,-0.7308,-0.73429,0.56847,1.56105,0.886202,0.0890045,0.480496,0.507664,0.443292,0.458043,0.582512,-0.504349,0.0929025,0.499077,0.243954,-0.314258,-0.51312,-0.517889,0.608063,-6.047487915414732,6.9909472213607335,19.48010734645526,33.79165451625149,-9.728548645446196,11.5276868655979
4.439358949661255,1.23826,-0.7308,-0.73429,0.56847,1.56105,0.886202,0.0890045,0.480496,0.507664,0.443292,0.458043,0.582512,-0.504349,0.0929025,0.499077,0.243954,-0.314258,-0.51312,-0.517889,0.608063,-6.047487915414732,6.9909472213607335,19.48010734645526,33.79165451625149,-9.728548645446196,11.5276868655979
4.45470404624939,0.00623322,-1.75602,-0.288123,0.398825,1.70158,0.708591,0.08908,0.480356,0.507307,0.445108,0.458374,0.580651,-0.504596,0.0973534,0.498511,0.243091,-0.307181,-0.517381,-0.511254,0.613658,-6.337447975870153,6.880660961073416,20.814581101727153,34.60994934196663,-9.675227067005707,12.211750818428142
4.455642938613892,0.00623322,-1.75602,-0.288123,0.398825,1.70158,0.708591,0.08908,0.480356,0.507307,0.445108,0.458374,0.580651,-0.504596,0.0973534,0.498511,0.243091,-0.307181,-0.517381,-0.511254,0.613658,-6.337447975870153,6.880660961073416,20.814581101727153,34.60994934196663,-9.675227067005707,12.211750818428142
4.471444368362427,-0.594711,-0.939121,-0.634625,0.445057,1.9095,0.931099,0.0892727,0.480042,0.506936,0.446938,0.45601,0.579463,-0.506482,0.0993651,0.498476,0.243218,-0.302993,-0.518927,-0.510906,0.614724,-7.06542587952406,6.989130911813659,21.248860500672087,34.9134853132457,-8.574003754598094,14.15137644677045
4.472377300262451,-0.594711,-0.939121,-0.634625,0.445057,1.9095,0.931099,0.0892727,0.480042,0.506936,0.446938,0.45601,0.579463,-0.506482,0.0993651,0.498476,0.243218,-0.302993,-0.518927,-0.510906,0.614724,-7.06542587952406,6.989130911813659,21.248860500672087,34.9134853132457,-8.574003754598094,14.15137644677045
4.488085031509399,0.524212,-1.6227,-1.49458,0.370992,1.93959,0.817898,0.0894309,0.480086,0.506673,0.444079,0.459569,0.579706,-0.505501,0.10046,0.498506,0.243387,-0.30135,-0.52072,-0.509912,0.61484,-6.737456843572597,6.9234781780789625,21.255265586442313,34.120197266971616,-8.531626241319826,12.20685644894576
4.489025831222534,0.524212,-1.6227,-1.49458,0.370992,1.93959,0.817898,0.0894309,0.480086,0.506673,0.444079,0.459569,0.579706,-0.505501,0.10046,0.498506,0.243387,-0.30135,-0.52072,-0.509912,0.61484,-6.737456843572597,6.9234781780789625,21.255265586442313,34.120197266971616,-8.531626241319826,12.20685644894576
4.5046913623809814,1.21639,-1.03015,-1.88663,0.433147,1.96099,0.995297,0.0900964,0.479642,0.506531,0.447953,0.459163,0.576675,-0.505918,0.102744,0.498813,0.24416,-0.29619,-0.52368,-0.508915,0.615659,-7.649988711895844,6.759471279936368,21.85087604011528,35.13141077365506,-9.169408422518039,14.659703665275408
4.5056304931640625,1.21639,-1.03015,-1.88663,0.433147,1.96099,0.995297,0.0900964,0.479642,0.506531,0.447953,0.459163,0.576675,-0.505918,0.102744,0.498813,0.24416,-0.29619,-0.52368,-0.508915,0.615659,-7.649988711895844,6.759471279936368,21.85087604011528,35.13141077365506,-9.169408422518039,14.659703665275408
4.54110860824585,1.18804,-0.757694,-1.54391,0.477415,2.09105,1.13587,0.0900849,0.479812,0.506758,0.443912,0.460467,0.579028,-0.505607,0.104373,0.499228,0.244885,-0.292059,-0.525388,-0.507275,0.617528,-7.3412892184870575,6.909637530731882,22.272948280354964,34.64249321469533,-8.505149240646821,12.454355050589745
4.542418956756592,1.18804,-0.757694,-1.54391,0.477415,2.09105,1.13587,0.0900849,0.479812,0.506758,0.443912,0.460467,0.579028,-0.505607,0.104373,0.499228,0.244885,-0.292059,-0.525388,-0.507275,0.617528,-7.3412892184870575,6.909637530731882,22.272948280354964,34.64249321469533,-8.505149240646821,12.454355050589745
4.557464838027954,1.03416,-0.704265,-2.03244,0.508218,2.2879,1.17853,0.0899443,0.479831,0.506906,0.446557,0.459028,0.577472,-0.506366,0.105717,0.49992,0.245888,-0.287355,-0.528269,-0.506325,0.618056,-8.115350111294717,6.998590570296457,22.869517119619967,35.45850963347228,-8.919643817540681,14.525090014079145
4.558398962020874,1.03416,-0.704265,-2.03244,0.508218,2.2879,1.17853,0.0899443,0.479831,0.506906,0.446557,0.459028,0.577472,-0.506366,0.105717,0.49992,0.245888,-0.287355,-0.528269,-0.506325,0.618056,-8.115350111294717,6.998590570296457,22.869517119619967,35.45850963347228,-8.919643817540681,14.525090014079145
4.57155179977417,0.733578,-0.58778,-1.24727,0.516704,2.1881,1.22534,0.0899255,0.479922,0.507032,0.44525,0.459383,0.578992,-0.505458,0.106495,0.500415,0.246545,-0.285485,-0.528767,-0.505961,0.618796,-7.986162682775621,7.022560244498442,23.134515265796193,35.52290514191342,-8.849192348099724,13.270434263690074
4.572489500045776,0.733578,-0.58778,-1.24727,0.516704,2.1881,1.22534,0.0899255,0.479922,0.507032,0.44525,0.459383,0.578992,-0.505458,0.106495,0.500415,0.246545,-0.285485,-0.528767,-0.505961,0.618796,-7.986162682775621,7.022560244498442,23.134515265796193,35.52290514191342,-8.849192348099724,13.270434263690074
4.588395833969116,0.876381,-0.600376,-0.942839,0.517259,2.14318,1.26851,0.0899879,0.479942,0.507111,0.444705,0.459701,0.579363,-0.505222,0.107038,0.500689,0.246978,-0.2815,-0.530582,-0.50577,0.619223,-8.245802358188,7.061485458768569,23.498526523568746,35.18687233929734,-9.389954663023833,13.710670633023586
4.5893378257751465,0.876381,-0.600376,-0.942839,0.517259,2.14318,1.26851,0.0899879,0.479942,0.507111,0.444705,0.459701,0.579363,-0.505222,0.107038,0.500689,0.246978,-0.2815,-0.530582,-0.50577,0.619223,-8.245802358188,7.061485458768569,23.498526523568746,35.18687233929734,-9.389954663023833,13.710670633023586
4.604719638824463,1.50652,-0.616276,-0.711108,0.502923,2.11767,1.38679,0.0903734,0.479783,0.507358,0.445809,0.458423,0.5776,-0.507425,0.108784,0.500903,0.247607,-0.278046,-0.531861,-0.504158,0.620998,-8.73715484325819,7.104304209691542,23.851039524438665,36.143056321714,-8.558926893246609,15.057395948987578
4.605658769607544,1.50652,-0.616276,-0.711108,0.502923,2.11767,1.38679,0.0903734,0.479783,0.507358,0.445809,0.458423,0.5776,-0.507425,0.108784,0.500903,0.247607,-0.278046,-0.531861,-0.504158,0.620998,-8.73715484325819,7.104304209691542,23.851039524438665,36.143056321714,-8.558926893246609,15.057395948987578
4.638354778289795,1.45016,-0.999302,-0.621251,0.415174,2.21671,1.44009,0.0908794,0.479531,0.507206,0.44689,0.459535,0.576243,-0.507011,0.110858,0.50091,0.248025,-0.271753,-0.534677,-0.502393,0.622794,-9.231287603085827,6.921460747334359,24.54533449390225,36.3342936575962,-9.390407634798443,15.95144836365225
4.6393067836761475,1.45016,-0.999302,-0.621251,0.415174,2.21671,1.44009,0.0908794,0.479531,0.507206,0.44689,0.459535,0.576243,-0.507011,0.110858,0.50091,0.248025,-0.271753,-0.534677,-0.502393,0.622794,-9.231287603085827,6.921460747334359,24.54533449390225,36.3342936575962,-9.390407634798443,15.95144836365225
4.654486179351807,1.28845,-1.18045,-0.583187,0.388927,2.34757,1.49749,0.0911611,0.479368,0.506948,0.446313,0.458238,0.577693,-0.507043,0.112175,0.500916,0.248498,-0.26693,-0.536059,-0.501131,0.624706,-9.447668703806585,7.062012630622628,25.216894050630337,36.55984476458826,-9.802856525125023,15.683130578847479
4.655433654785156,1.28845,-1.18045,-0.583187,0.388927,2.34757,1.49749,0.0911611,0.479368,0.506948,0.446313,0.458238,0.577693,-0.507043,0.112175,0.500916,0.248498,-0.26693,-0.536059,-0.501131,0.624706,-9.447668703806585,7.062012630622628,25.216894050630337,36.55984476458826,-9.802856525125023,15.683130578847479
4.671484470367432,0.982292,-0.13837,0.000522047,0.48148,2.36056,1.75939,0.091199,0.479337,0.50689,0.446281,0.457953,0.577651,-0.507377,0.112958,0.501009,0.248707,-0.265673,-0.536808,-0.500925,0.624763,-9.584238891516774,7.13791236667024,25.33748926027966,36.54917905873486,-9.407682763807992,15.838405952636634
4.672427177429199,0.982292,-0.13837,0.000522047,0.48148,2.36056,1.75939,0.091199,0.479337,0.50689,0.446281,0.457953,0.577651,-0.507377,0.112958,0.501009,0.248707,-0.265673,-0.536808,-0.500925,0.624763,-9.584238891516774,7.13791236667024,25.33748926027966,36.54917905873486,-9.407682763807992,15.838405952636634
4.688408374786377,0.911789,-0.363788,-0.131144,0.426638,2.38365,1.71999,0.0911597,0.479353,0.506871,0.44626,0.457442,0.577906,-0.507566,0.113418,0.501129,0.248842,-0.264743,-0.536406,-0.499964,0.626272,-9.54785962751732,7.089930461896961,25.545390676237936,37.12805371703146,-9.165151035926536,15.366335508151652
4.689341068267822,0.911789,-0.363788,-0.131144,0.426638,2.38365,1.71999,0.0911597,0.479353,0.506871,0.44626,0.457442,0.577906,-0.507566,0.113418,0.501129,0.248842,-0.264743,-0.536406,-0.499964,0.626272,-9.54785962751732,7.089930461896961,25.545390676237936,37.12805371703146,-9.165151035926536,15.366335508151652
4.704672813415527,1.3615,-0.525364,-0.251375,0.353405,2.30827,1.67194,0.0912349,0.479355,0.50691,0.446461,0.458333,0.577473,-0.507078,0.114672,0.501648,0.249623,-0.262141,-0.538972,-0.500068,0.625079,-9.854132033102255,7.192654112658618,25.741096575993424,36.91936725894813,-9.286211251699207,15.81204516456323
4.70561671257019,1.3615,-0.525364,-0.251375,0.353405,2.30827,1.67194,0.0912349,0.479355,0.50691,0.446461,0.458333,0.577473,-0.507078,0.114672,0.501648,0.249623,-0.262141,-0.538972,-0.500068,0.625079,-9.854132033102255,7.192654112658618,25.741096575993424,36.91936725894813,-9.286211251699207,15.81204516456323
4.748268127441406,1.15643,-1.18692,-0.206103,0.295957,2.41317,1.59282,0.0914044,0.479466,0.507075,0.444016,0.460486,0.578156,-0.506495,0.115676,0.502186,0.250472,-0.258626,-0.541474,-0.499325,0.624974,-9.810052980653046,7.290450125928477,25.96731289384974,36.569172698199274,-9.586130183013923,14.839535474037115
4.750504016876221,1.15643,-1.18692,-0.206103,0.295957,2.41317,1.59282,0.0914044,0.479466,0.507075,0.444016,0.460486,0.578156,-0.506495,0.115676,0.502186,0.250472,-0.258626,-0.541474,-0.499325,0.624974,-9.810052980653046,7.290450125928477,25.96731289384974,36.569172698199274,-9.586130183013923,14.839535474037115
4.768697261810303,0.701752,-0.0980871,-0.87237,0.428733,2.66341,1.74463,0.0913922,0.479507,0.507119,0.443467,0.461226,0.578337,-0.506097,0.116369,0.502449,0.251051,-0.256932,-0.543061,-0.499182,0.62441,-9.89606076865026,7.380859424720781,26.103314607254855,36.35751086956718,-9.71681408176031,14.60685265506746
4.769860506057739,0.701752,-0.0980871,-0.87237,0.428733,2.66341,1.74463,0.0913922,0.479507,0.507119,0.443467,0.461226,0.578337,-0.506097,0.116369,0.502449,0.251051,-0.256932,-0.543061,-0.499182,0.62441,-9.89606076865026,7.380859424720781,26.103314607254855,36.35751086956718,-9.71681408176031,14.60685265506746
4.787962198257446,-0.884277,-0.285648,-1.4309,0.363229,2.84642,1.48677,0.0911776,0.479467,0.507183,0.445022,0.46201,0.577274,-0.50523,0.117198,0.503795,0.252751,-0.254175,-0.54211,-0.501954,0.624143,-10.394086607377957,6.925589559618724,26.07255425344075,36.91037025298941,-8.656126914055479,14.533158838069573
4.7888970375061035,-0.884277,-0.285648,-1.4309,0.363229,2.84642,1.48677,0.0911776,0.479467,0.507183,0.445022,0.46201,0.577274,-0.50523,0.117198,0.503795,0.252751,-0.254175,-0.54211,-0.501954,0.624143,-10.394086607377957,6.925589559618724,26.07255425344075,36.91037025298941,-8.656126914055479,14.533158838069573
4.821268558502197,-1.34398,-0.981052,-2.27313,0.20822,2.72745,0.910536,0.0908202,0.479863,0.5085,0.445262,0.460677,0.577898,-0.505523,0.116992,0.506101,0.255461,-0.253945,-0.544348,-0.505669,0.61927,-10.961074513935205,7.413527438718053,25.79917182821988,36.98131016374866,-8.014375648818993,16.135578609366945
4.822207927703857,-1.34398,-0.981052,-2.27313,0.20822,2.72745,0.910536,0.0908202,0.479863,0.5085,0.445262,0.460677,0.577898,-0.505523,0.116992,0.506101,0.255461,-0.253945,-0.544348,-0.505669,0.61927,-10.961074513935205,7.413527438718053,25.79917182821988,36.98131016374866,-8.014375648818993,16.135578609366945
4.837992191314697,-1.71825,-0.859401,-3.09411,0.237915,2.83781,0.77083,0.0907138,0.479972,0.508847,0.444942,0.460252,0.578458,-0.50555,0.116562,0.506621,0.256021,-0.254362,-0.544384,-0.507277,0.617751,-11.058435988404497,7.5345723656300505,25.624022334911455,36.699427236248226,-7.738591359271423,16.47663079216317
4.838925123214722,-1.71825,-0.859401,-3.09411,0.237915,2.83781,0.77083,0.0907138,0.479972,0.508847,0.444942,0.460252,0.578458,-0.50555,0.116562,0.506621,0.256021,-0.254362,-0.544384,-0.507277,0.617751,-11.058435988404497,7.5345723656300505,25.624022334911455,36.699427236248226,-7.738591359271423,16.47663079216317
4.854636907577515,-2.358,-0.925701,-4.26025,0.247664,2.85744,0.398657,0.0903477,0.480287,0.509572,0.443933,0.460478,0.580413,-0.503989,0.11478,0.508122,0.257677,-0.256341,-0.54248,-0.512338,0.614422,-11.038925498487986,7.478687716519468,25.043471995815814,36.16003909371841,-7.3460893521475015,15.74621493231481
4.855574369430542,-2.358,-0.925701,-4.26025,0.247664,2.85744,0.398657,0.0903477,0.480287,0.509572,0.443933,0.460478,0.580413,-0.503989,0.11478,0.508122,0.257677,-0.256341,-0.54248,-0.512338,0.614422,-11.038925498487986,7.478687716519468,25.043471995815814,36.16003909371841,-7.3460893521475015,15.74621493231481
4.871307849884033,-1.75227,-0.980049,-4.44355,0.226769,2.602,0.168528,0.0902992,0.480385,0.51014,0.445585,0.460549,0.578216,-0.50499,0.113443,0.508801,0.258418,-0.257907,-0.539022,-0.514649,0.614879,-11.247851528026168,6.950153644185395,24.528251300913112,36.96763556027487,-6.451625345235719,16.416054752463875
4.87224555015564,-1.75227,-0.980049,-4.44355,0.226769,2.602,0.168528,0.0902992,0.480385,0.51014,0.445585,0.460549,0.578216,-0.50499,0.113443,0.508801,0.258418,-0.257907,-0.539022,-0.514649,0.614879,-11.247851528026168,6.950153644185395,24.528251300913112,36.96763556027487,-6.451625345235719,16.416054752463875
4.8881449699401855,-1.73974,-1.01037,-4.51303,0.215064,2.53907,0.108812,0.0901359,0.480577,0.510303,0.44323,0.461129,0.580316,-0.504122,0.112846,0.509087,0.258642,-0.256691,-0.540224,-0.514403,0.614539,-11.012299201925615,7.175772216764687,24.687643514811068,36.51922833902049,-7.367819147491636,15.529690266731416
4.8890862464904785,-1.73974,-1.01037,-4.51303,0.215064,2.53907,0.108812,0.0901359,0.480577,0.510303,0.44323,0.461129,0.580316,-0.504122,0.112846,0.509087,0.258642,-0.256691,-0.540224,-0.514403,0.614539,-11.012299201925615,7.175772216764687,24.687643514811068,36.51922833902049,-7.367819147491636,15.529690266731416
4.9219255447387695,-2.22143,-1.31917,-2.83714,0.0672592,2.06048,-0.108027,0.0899447,0.480732,0.510418,0.443262,0.460504,0.581384,-0.503435,0.110208,0.509526,0.258619,-0.256682,-0.536949,-0.518114,0.614295,-11.121734371053826,6.840767970750088,24.402514488967817,36.01129917343833,-7.891028811060682,16.00588252357885
4.9228715896606445,-2.22143,-1.31917,-2.83714,0.0672592,2.06048,-0.108027,0.0899447,0.480732,0.510418,0.443262,0.460504,0.581384,-0.503435,0.110208,0.509526,0.258619,-0.256682,-0.536949,-0.518114,0.614295,-11.121734371053826,6.840767970750088,24.402514488967817,36.01129917343833,-7.891028811060682,16.00588252357885
4.93842625617981,-1.95571,-1.70892,-2.78721,-0.00204604,1.94174,-0.225945,0.0900231,0.480713,0.510285,0.442019,0.461317,0.581366,-0.503805,0.10973,0.509583,0.258602,-0.256667,-0.536076,-0.518977,0.614335,-11.040662490575086,6.721532655347006,24.16803017415201,35.79583804029658,-7.499851442256929,15.508788376699995
4.939361333847046,-1.95571,-1.70892,-2.78721,-0.00204604,1.94174,-0.225945,0.0900231,0.480713,0.510285,0.442019,0.461317,0.581366,-0.503805,0.10973,0.509583,0.258602,-0.256667,-0.536076,-0.518977,0.614335,-11.040662490575086,6.721532655347006,24.16803017415201,35.79583804029658,-7.499851442256929,15.508788376699995
4.9556944370269775,-1.56832,-1.93895,-2.64589,-0.0631651,1.7358,-0.359902,0.0899593,0.480603,0.509892,0.443442,0.459359,0.58143,-0.50427,0.107787,0.50991,0.258745,-0.259115,-0.533027,-0.52211,0.613305,-11.22135459268825,6.584322812121723,23.744079811007687,36.24954693545613,-7.4000549388004355,16.015862475715668
4.9566357135772705,-1.56832,-1.93895,-2.64589,-0.0631651,1.7358,-0.359902,0.0899593,0.480603,0.509892,0.443442,0.459359,0.58143,-0.50427,0.107787,0.50991,0.258745,-0.259115,-0.533027,-0.52211,0.613305,-11.22135459268825,6.584322812121723,23.744079811007687,36.24954693545613,-7.4000549388004355,16.015862475715668
4.971893548965454,-1.77634,-1.81603,-2.42712,-0.0879555,1.65473,-0.430245,0.0898043,0.480677,0.509827,0.443922,0.459856,0.581935,-0.502809,0.106694,0.510086,0.258741,-0.259647,-0.530206,-0.523558,0.61429,-11.076274782581443,6.144321941463998,23.65245163027225,36.40908959973635,-7.6994153799742895,15.153485142458582
4.97282862663269,-1.77634,-1.81603,-2.42712,-0.0879555,1.65473,-0.430245,0.0898043,0.480677,0.509827,0.443922,0.459856,0.581935,-0.502809,0.106694,0.510086,0.258741,-0.259647,-0.530206,-0.523558,0.61429,-11.076274782581443,6.144321941463998,23.65245163027225,36.40908959973635,-7.6994153799742895,15.153485142458582
4.989041328430176,-1.34798,-1.57599,-2.35138,-0.0765988,1.55577,-0.400302,0.0897039,0.480695,0.509859,0.444356,0.45937,0.581846,-0.502973,0.106052,0.51022,0.258738,-0.260348,-0.530241,-0.523616,0.613914,-11.105972590286168,6.21021536156615,23.618429758390167,36.67832743549409,-8.113208571179852,15.566691886643584
4.989976167678833,-1.34798,-1.57599,-2.35138,-0.0765988,1.55577,-0.400302,0.0897039,0.480695,0.509859,0.444356,0.45937,0.581846,-0.502973,0.106052,0.51022,0.258738,-0.260348,-0.530241,-0.523616,0.613914,-11.105972590286168,6.21021536156615,23.618429758390167,36.67832743549409,-8.113208571179852,15.566691886643584
5.021967649459839,-2.64345,-2.01942,-2.79607,-0.138328,1.56933,-0.610627,0.0891661,0.480723,0.509623,0.44616,0.457384,0.580609,-0.504613,0.1024,0.511702,0.260272,-0.260189,-0.525943,-0.531607,0.610802,-12.016447996920157,5.793700865683309,22.711471254640244,36.62432454044594,-7.186944502092347,17.774188124481487
5.0229103565216064,-2.64345,-2.01942,-2.79607,-0.138328,1.56933,-0.610627,0.0891661,0.480723,0.509623,0.44616,0.457384,0.580609,-0.504613,0.1024,0.511702,0.260272,-0.260189,-0.525943,-0.531607,0.610802,-12.016447996920157,5.793700865683309,22.711471254640244,36.62432454044594,-7.186944502092347,17.774188124481487
5.038716554641724,-1.0042,-1.95211,-2.77424,-0.13112,1.33376,-0.570426,0.0890193,0.48083,0.509455,0.443592,0.460284,0.581527,-0.503181,0.101412,0.512171,0.26074,-0.26006,-0.525944,-0.533316,0.609366,-11.74031134018626,5.649667875679291,22.401036918290835,35.95726640216588,-7.589017816958695,16.135784413305466
5.039650917053223,-1.0042,-1.95211,-2.77424,-0.13112,1.33376,-0.570426,0.0890193,0.48083,0.509455,0.443592,0.460284,0.581527,-0.503181,0.101412,0.512171,0.26074,-0.26006,-0.525944,-0.533316,0.609366,-11.74031134018626,5.649667875679291,22.401036918290835,35.95726640216588,-7.589017816958695,16.135784413305466
5.055584669113159,-1.18545,-2.03366,-2.57134,-0.138965,1.22322,-0.624431,0.088594,0.48092,0.509199,0.44479,0.456626,0.582396,-0.504449,0.0980146,0.513802,0.262574,-0.261671,-0.522989,-0.53981,0.605487,-12.369151847261742,5.753384763010072,21.71426334036468,36.5555101441397,-7.397355342043094,17.470143790732827
5.0565290451049805,-1.18545,-2.03366,-2.57134,-0.138965,1.22322,-0.624431,0.088594,0.48092,0.509199,0.44479,0.456626,0.582396,-0.504449,0.0980146,0.513802,0.262574,-0.261671,-0.522989,-0.53981,0.605487,-12.369151847261742,5.753384763010072,21.71426334036468,36.5555101441397,-7.397355342043094,17.470143790732827
5.071931600570679,-0.961206,-1.50343,-2.35033,-0.04179,1.08867,-0.530422,0.0883068,0.480946,0.508985,0.445221,0.45785,0.580833,-0.504762,0.0952539,0.515074,0.263901,-0.26315,-0.518765,-0.545637,0.603254,-12.655955089375933,5.115852448926745,20.73301116746591,36.929254499206436,-6.47859249442731,17.47825947298565
5.072879791259766,-0.961206,-1.50343,-2.35033,-0.04179,1.08867,-0.530422,0.0883068,0.480946,0.508985,0.445221,0.45785,0.580833,-0.504762,0.0952539,0.515074,0.263901,-0.26315,-0.518765,-0.545637,0.603254,-12.655955089375933,5.115852448926745,20.73301116746591,36.929254499206436,-6.47859249442731,17.47825947298565
5.088637113571167,-0.265958,-1.49582,-2.15651,-0.0372901,0.948433,-0.515338,0.088138,0.480901,0.508868,0.446703,0.457958,0.580418,-0.503831,0.0937289,0.515757,0.264753,-0.263727,-0.518482,-0.54808,0.601026,-12.932137830440384,5.007250866655962,20.510466555040974,37.22011447107277,-7.548902589402276,18.165275272684998
5.0895702838897705,-0.265958,-1.49582,-2.15651,-0.0372901,0.948433,-0.515338,0.088138,0.480901,0.508868,0.446703,0.457958,0.580418,-0.503831,0.0937289,0.515757,0.264753,-0.263727,-0.518482,-0.54808,0.601026,-12.932137830440384,5.007250866655962,20.510466555040974,37.22011447107277,-7.548902589402276,18.165275272684998
5.121349811553955,-0.0192766,-1.30825,-1.88859,-0.00560086,0.824237,-0.491552,0.087313,0.481155,0.508123,0.444234,0.458056,0.583188,-0.502725,0.0864905,0.519053,0.268872,-0.267419,-0.51322,-0.562023,0.59095,-13.349074708796902,4.810729541625196,18.63338003726444,37.21003113772795,-7.779743043795799,16.95193011324044
5.12228798866272,-0.0192766,-1.30825,-1.88859,-0.00560086,0.824237,-0.491552,0.087313,0.481155,0.508123,0.444234,0.458056,0.583188,-0.502725,0.0864905,0.519053,0.268872,-0.267419,-0.51322,-0.562023,0.59095,-13.349074708796902,4.810729541625196,18.63338003726444,37.21003113772795,-7.779743043795799,16.95193011324044
5.137904405593872,-0.829559,-1.17762,-1.76391,-0.00366236,0.866543,-0.486594,0.0871582,0.48119,0.508041,0.444641,0.45703,0.582846,-0.503696,0.0853039,0.519759,0.269745,-0.265483,-0.514891,-0.563922,0.588557,-13.91726298906484,5.043904295871946,18.561680270513634,37.01809328692658,-8.554353772658684,18.815323289212092
5.138835191726685,-0.829559,-1.17762,-1.76391,-0.00366236,0.866543,-0.486594,0.0871582,0.48119,0.508041,0.444641,0.45703,0.582846,-0.503696,0.0853039,0.519759,0.269745,-0.265483,-0.514891,-0.563922,0.588557,-13.91726298906484,5.043904295871946,18.561680270513634,37.01809328692658,-8.554353772658684,18.815323289212092
5.155202388763428,-0.091485,-1.46576,-1.78645,-0.0494411,0.744238,-0.525026,0.0868912,0.481123,0.50795,0.447463,0.454541,0.580999,-0.505577,0.0827034,0.521051,0.271473,-0.268493,-0.510805,-0.5694,0.585469,-14.528892033873525,4.775414204766397,17.6453055321387,38.35709681318804,-7.3361368818458885,20.409079215215556
5.156143426895142,-0.091485,-1.46576,-1.78645,-0.0494411,0.744238,-0.525026,0.0868912,0.481123,0.50795,0.447463,0.454541,0.580999,-0.505577,0.0827034,0.521051,0.271473,-0.268493,-0.510805,-0.5694,0.585469,-14.528892033873525,4.775414204766397,17.6453055321387,38.35709681318804,-7.3361368818458885,20.409079215215556
5.171953201293945,-0.488759,-1.87718,-1.39953,-0.104562,0.668667,-0.613571,0.0863925,0.481363,0.507739,0.445349,0.457346,0.582298,-0.503417,0.0784301,0.523143,0.27435,0.271086,0.510293,0.577573,-0.576648,-14.696516632822714,4.743881117431982,16.413824864692607,37.801908958622555,-8.401264128881532,19.536334922956108
5.172892808914185,-0.488759,-1.87718,-1.39953,-0.104562,0.668667,-0.613571,0.0863925,0.481363,0.507739,0.445349,0.457346,0.582298,-0.503417,0.0784301,0.523143,0.27435,0.271086,0.510293,0.577573,-0.576648,-14.696516632822714,4.743881117431982,16.413824864692607,37.801908958622555,-8.401264128881532,19.536334922956108
5.188488960266113,-0.858421,-1.09006,-1.15425,-0.0128616,0.674215,-0.46691,0.0862785,0.481421,0.507662,0.444966,0.457644,0.582731,-0.502983,0.0770385,0.523789,0.275223,0.271874,0.509734,0.579806,-0.574527,-14.75154676234406,4.726783873352062,16.091981028825447,37.95319005823211,-8.788848043546745,19.32027184630742
5.189433813095093,-0.858421,-1.09006,-1.15425,-0.0128616,0.674215,-0.46691,0.0862785,0.481421,0.507662,0.444966,0.457644,0.582731,-0.502983,0.0770385,0.523789,0.275223,0.271874,0.509734,0.579806,-0.574527,-14.75154676234406,4.726783873352062,16.091981028825447,37.95319005823211,-8.788848043546745,19.32027184630742
5.221597909927368,0.262639,-1.55544,-0.573238,-0.073899,0.424574,-0.578385,0.0861933,0.481445,0.507436,0.444243,0.457485,0.582524,-0.504006,0.0708173,0.526299,0.279241,0.274793,0.504328,0.594029,-0.563268,-15.672439762122496,4.340181360766074,13.914472398059178,37.58204820616867,-7.548234821416598,20.85328373179227
5.222532272338867,0.262639,-1.55544,-0.573238,-0.073899,0.424574,-0.578385,0.0861933,0.481445,0.507436,0.444243,0.457485,0.582524,-0.504006,0.0708173,0.526299,0.279241,0.274793,0.504328,0.594029,-0.563268,-15.672439762122496,4.340181360766074,13.914472398059178,37.58204820616867,-7.548234821416598,20.85328373179227
5.238000869750977,-1.90382,-1.73555,-0.263659,-0.0930677,0.57235,-0.681448,0.0863922,0.481383,0.507561,0.445188,0.456326,0.583,-0.503671,0.0696285,0.526721,0.280085,0.274475,0.503571,0.596914,-0.561046,-16.030673582659528,4.328844442049258,13.728476957755815,37.413913210489454,-8.059564193228395,22.033022196609096
5.238943576812744,-1.90382,-1.73555,-0.263659,-0.0930677,0.57235,-0.681448,0.0863922,0.481383,0.507561,0.445188,0.456326,0.583,-0.503671,0.0696285,0.526721,0.280085,0.274475,0.503571,0.596914,-0.561046,-16.030673582659528,4.328844442049258,13.728476957755815,37.413913210489454,-8.059564193228395,22.033022196609096
5.254663467407227,-0.559552,-1.52546,-0.238694,-0.0164834,0.425845,-0.630162,0.086995,0.481099,0.508024,0.446543,0.454253,0.581931,-0.505578,0.0645086,0.52797,0.282828,0.280029,0.497343,0.606291,-0.553755,-16.57400850595376,4.016896969489467,11.977821519421738,38.411245647187584,-7.2720987972891695,24.007053456443042
5.255597352981567,-0.559552,-1.52546,-0.238694,-0.0164834,0.425845,-0.630162,0.086995,0.481099,0.508024,0.446543,0.454253,0.581931,-0.505578,0.0645086,0.52797,0.282828,0.280029,0.497343,0.606291,-0.553755,-16.57400850595376,4.016896969489467,11.977821519421738,38.411245647187584,-7.2720987972891695,24.007053456443042
5.271284818649292,-0.0579939,-1.58281,-0.727022,0.0408471,0.521513,-0.647081,0.0870292,0.481124,0.508032,0.446216,0.454832,0.582268,-0.504959,0.0593466,0.52877,0.285161,0.288073,0.493945,0.614538,-0.543484,-16.62764301455346,4.046705277395494,10.216499613471205,38.44746575847748,-7.613803874324487,23.864582161574372
5.272215843200684,-0.0579939,-1.58281,-0.727022,0.0408471,0.521513,-0.647081,0.0870292,0.481124,0.508032,0.446216,0.454832,0.582268,-0.504959,0.0593466,0.52877,0.285161,0.288073,0.493945,0.614538,-0.543484,-16.62764301455346,4.046705277395494,10.216499613471205,38.44746575847748,-7.613803874324487,23.864582161574372
5.2880470752716064,0.47635,-1.16779,-1.05437,0.108597,0.540374,-0.568096,0.0870455,0.481152,0.50794,0.447209,0.454638,0.581219,-0.505463,0.0565586,0.529054,0.286559,0.293041,0.491641,0.619244,-0.537544,-16.839773880297265,4.007219461981983,9.11135155175839,38.65985891693385,-7.395033335111796,24.32691519092267
5.288983106613159,0.47635,-1.16779,-1.05437,0.108597,0.540374,-0.568096,0.0870455,0.481152,0.50794,0.447209,0.454638,0.581219,-0.505463,0.0565586,0.529054,0.286559,0.293041,0.491641,0.619244,-0.537544,-16.839773880297265,4.007219461981983,9.11135155175839,38.65985891693385,-7.395033335111796,24.32691519092267
5.321156024932861,1.50371,-1.55954,-1.59659,0.0478133,0.459369,-0.574848,0.0871456,0.481142,0.507715,0.4456,0.456281,0.582552,-0.503866,0.0424241,0.530661,0.293161,0.31993,0.480425,0.641408,-0.505404,-16.63721700270998,4.315628525907307,3.688783162476918,40.091189440308845,-6.752559755010377,22.051932114110183
5.322085857391357,1.50371,-1.55954,-1.59659,0.0478133,0.459369,-0.574848,0.0871456,0.481142,0.507715,0.4456,0.456281,0.582552,-0.503866,0.0424241,0.530661,0.293161,0.31993,0.480425,0.641408,-0.505404,-16.63721700270998,4.315628525907307,3.688783162476918,40.091189440308845,-6.752559755010377,22.051932114110183
5.337876081466675,0.0890651,-1.01294,-1.70108,0.123518,0.649112,-0.473346,0.0872166,0.481119,0.507787,0.44512,0.45599,0.582913,-0.504136,0.0405006,0.530859,0.294166,0.322656,0.47865,0.644778,-0.501047,-16.711621397773133,4.361356984856165,2.949543296688042,40.17400698386767,-6.343696849299092,22.11852327271197
5.3388073444366455,0.0890651,-1.01294,-1.70108,0.123518,0.649112,-0.473346,0.0872166,0.481119,0.507787,0.44512,0.45599,0.582913,-0.504136,0.0405006,0.530859,0.294166,0.322656,0.47865,0.644778,-0.501047,-16.711621397773133,4.361356984856165,2.949543296688042,40.17400698386767,-6.343696849299092,22.11852327271197
5.354641675949097,-0.722038,-1.01549,-1.90471,0.0688161,0.792581,-0.456668,0.0871428,0.481224,0.508082,0.444562,0.457333,0.582791,-0.503553,0.0376065,0.531333,0.295452,0.321341,0.474422,0.649126,-0.5003,-16.781490833304407,3.641592503637439,2.366162534738154,40.34351227807078,-6.553294959025195,22.149890570459814
5.355574607849121,-0.722038,-1.01549,-1.90471,0.0688161,0.792581,-0.456668,0.0871428,0.481224,0.508082,0.444562,0.457333,0.582791,-0.503553,0.0376065,0.531333,0.295452,0.321341,0.474422,0.649126,-0.5003,-16.781490833304407,3.641592503637439,2.366162534738154,40.34351227807078,-6.553294959025195,22.149890570459814
5.371432781219482,-0.837206,-1.61196,-1.71121,-0.0502487,0.764039,-0.582537,0.0871445,0.48111,0.508109,0.446897,0.455774,0.581256,-0.504673,0.0371855,0.531387,0.295737,0.316776,0.472226,0.649917,-0.504246,-17.29430543913966,3.0744063451178083,2.664179050023146,40.75343347121624,-6.763957839456975,24.081593817577627
5.372368812561035,-0.837206,-1.61196,-1.71121,-0.0502487,0.764039,-0.582537,0.0871445,0.48111,0.508109,0.446897,0.455774,0.581256,-0.504673,0.0371855,0.531387,0.295737,0.316776,0.472226,0.649917,-0.504246,-17.29430543913966,3.0744063451178083,2.664179050023146,40.75343347121624,-6.763957839456975,24.081593817577627
5.388126373291016,-0.209432,-2.0775,-1.66245,-0.0942236,0.689354,-0.66713,0.0870696,0.481219,0.507996,0.444475,0.456248,0.583259,-0.504072,0.036778,0.531405,0.295982,0.314868,0.473651,0.651092,-0.502586,-17.303001196494716,3.2761906531270397,2.6949225576623617,39.4906435108361,-7.117149239945644,23.686901515435686
5.389049768447876,-0.209432,-2.0775,-1.66245,-0.0942236,0.689354,-0.66713,0.0870696,0.481219,0.507996,0.444475,0.456248,0.583259,-0.504072,0.036778,0.531405,0.295982,0.314868,0.473651,0.651092,-0.502586,-17.303001196494716,3.2761906531270397,2.6949225576623617,39.4906435108361,-7.117149239945644,23.686901515435686
5.421289682388306,-0.593477,-1.71049,-2.45202,-0.0171688,0.907596,-0.612852,0.0867434,0.481149,0.50777,0.446571,0.454889,0.581471,-0.505512,0.0326106,0.531534,0.297195,0.313957,0.466997,0.656182,-0.502762,-17.745204460833026,2.3977219154013776,1.9507833426907821,40.55228367719413,-7.1741111124130175,25.29531440015475
5.422221899032593,-0.593477,-1.71049,-2.45202,-0.0171688,0.907596,-0.612852,0.0867434,0.481149,0.50777,0.446571,0.454889,0.581471,-0.505512,0.0326106,0.531534,0.297195,0.313957,0.466997,0.656182,-0.502762,-17.745204460833026,2.3977219154013776,1.9507833426907821,40.55228367719413,-7.1741111124130175,25.29531440015475
5.434516191482544,-0.593477,-1.71049,-2.45202,-0.0171688,0.907596,-0.612852,0.0867434,0.481149,0.50777,0.446571,0.454889,0.581471,-0.505512,0.0326106,0.531534,0.297195,0.313957,0.466997,0.656182,-0.502762,-17.745204460833026,2.3977219154013776,1.9507833426907821,40.55228367719413,-7.1741111124130175,25.29531440015475
5.454628229141235,-0.298835,-1.79291,-2.16266,-0.0133172,0.820977,-0.646519,0.0864126,0.481392,0.507809,0.446404,0.454696,0.582746,-0.504362,0.0296818,0.53166,0.297843,0.315294,0.46264,0.661049,-0.499567,-17.746366408326082,2.028878389382135,1.2627148541796989,40.25323253256822,-6.905483325132818,25.35811371298725
5.455573797225952,-0.298835,-1.79291,-2.16266,-0.0133172,0.820977,-0.646519,0.0864126,0.481392,0.507809,0.446404,0.454696,0.582746,-0.504362,0.0296818,0.53166,0.297843,0.315294,0.46264,0.661049,-0.499567,-17.746366408326082,2.028878389382135,1.2627148541796989,40.25323253256822,-6.905483325132818,25.35811371298725
5.471279859542847,0.787155,-1.48357,-1.84034,0.0184789,0.663028,-0.576344,0.0864704,0.481335,0.507692,0.445798,0.455905,0.582681,-0.503883,0.0281353,0.531434,0.298172,0.316153,0.458946,0.663967,-0.498562,-17.59449838117313,1.5363894612420848,0.6797943245349218,40.2886647661348,-6.328046672934688,24.662208066162687
5.4722113609313965,0.787155,-1.48357,-1.84034,0.0184789,0.663028,-0.576344,0.0864704,0.481335,0.507692,0.445798,0.455905,0.582681,-0.503883,0.0281353,0.531434,0.298172,0.316153,0.458946,0.663967,-0.498562,-17.59449838117313,1.5363894612420848,0.6797943245349218,40.2886647661348,-6.328046672934688,24.662208066162687
5.488052129745483,1.03819,-1.59902,-1.70685,0.0048104,0.670289,-0.583597,0.0864674,0.481319,0.50764,0.445537,0.454988,0.583092,-0.504467,0.0273335,0.531301,0.298145,0.31679,0.458393,0.664925,-0.497388,-17.652272912048076,1.6458612912100234,0.4926108775150057,40.118590488631426,-6.19814424979599,25.100497102042247
5.488986492156982,1.03819,-1.59902,-1.70685,0.0048104,0.670289,-0.583597,0.0864674,0.481319,0.50764,0.445537,0.454988,0.583092,-0.504467,0.0273335,0.531301,0.298145,0.31679,0.458393,0.664925,-0.497388,-17.652272912048076,1.6458612912100234,0.4926108775150057,40.118590488631426,-6.19814424979599,25.100497102042247
5.521437883377075,0.595329,-1.57194,-1.05763,-0.00656038,0.783935,-0.53134,0.0867616,0.481267,0.507367,0.443712,0.456048,0.583369,-0.504797,0.0263332,0.53052,0.297165,0.317283,0.455462,0.66482,-0.4999,-17.159794805900596,1.307839672094159,0.3103506341696799,40.078734097890624,-6.203261282589474,23.820336182619442
5.52237343788147,0.595329,-1.57194,-1.05763,-0.00656038,0.783935,-0.53134,0.0867616,0.481267,0.507367,0.443712,0.456048,0.583369,-0.504797,0.0263332,0.53052,0.297165,0.317283,0.455462,0.66482,-0.4999,-17.159794805900596,1.307839672094159,0.3103506341696799,40.078734097890624,-6.203261282589474,23.820336182619442
5.5384910106658936,0.885901,-1.55588,-0.98159,-0.0182296,0.774173,-0.490683,0.0869202,0.481132,0.507351,0.445236,0.455276,0.582691,-0.504935,0.0263664,0.530407,0.297014,0.316733,0.454469,0.664842,-0.501122,-17.30646359774329,1.1300889525744273,0.40476829856239965,40.42178200076782,-6.34540752481216,24.618487578101707
5.539442300796509,0.885901,-1.55588,-0.98159,-0.0182296,0.774173,-0.490683,0.0869202,0.481132,0.507351,0.445236,0.455276,0.582691,-0.504935,0.0263664,0.530407,0.297014,0.316733,0.454469,0.664842,-0.501122,-17.30646359774329,1.1300889525744273,0.40476829856239965,40.42178200076782,-6.34540752481216,24.618487578101707
5.554621696472168,1.06367,-1.59291,-1.27038,-0.0481917,0.90459,-0.413137,0.0870716,0.481069,0.507185,0.444504,0.45687,0.5825,-0.504361,0.027181,0.530332,0.296779,0.314974,0.454322,0.664492,-0.502825,-17.19054904189051,0.8507232558647047,0.5306855822449525,40.17850858454008,-6.146543157740956,23.87152283315463
5.555560111999512,1.06367,-1.59291,-1.27038,-0.0481917,0.90459,-0.413137,0.0870716,0.481069,0.507185,0.444504,0.45687,0.5825,-0.504361,0.027181,0.530332,0.296779,0.314974,0.454322,0.664492,-0.502825,-17.19054904189051,0.8507232558647047,0.5306855822449525,40.17850858454008,-6.146543157740956,23.87152283315463
5.571284055709839,1.50475,-1.77034,-1.70032,-0.0951351,1.01128,-0.341112,0.087171,0.480957,0.506973,0.444551,0.456747,0.582628,-0.504283,0.0301083,0.530194,0.295842,0.309477,0.458295,0.660427,-0.507962,-17.352257404961893,0.9802222404214447,1.6512980081882276,39.50991938891509,-6.920452405437685,24.183162127370554
5.572221517562866,1.50475,-1.77034,-1.70032,-0.0951351,1.01128,-0.341112,0.087171,0.480957,0.506973,0.444551,0.456747,0.582628,-0.504283,0.0301083,0.530194,0.295842,0.309477,0.458295,0.660427,-0.507962,-17.352257404961893,0.9802222404214447,1.6512980081882276,39.50991938891509,-6.920452405437685,24.183162127370554
5.5885350704193115,1.52138,-1.93216,-1.76669,-0.128761,1.0591,-0.327018,0.0871983,0.480927,0.506942,0.44436,0.456622,0.582644,-0.504546,0.031686,0.53016,0.295329,0.305521,0.459652,0.658476,-0.511651,-17.455880178093153,0.9135587067320357,2.263116694099109,39.12612683798733,-6.965673977059384,24.434417999665847
5.589458227157593,1.52138,-1.93216,-1.76669,-0.128761,1.0591,-0.327018,0.0871983,0.480927,0.506942,0.44436,0.456622,0.582644,-0.504546,0.031686,0.53016,0.295329,0.305521,0.459652,0.658476,-0.511651,-17.455880178093153,0.9135587067320357,2.263116694099109,39.12612683798733,-6.965673977059384,24.434417999665847
5.621553659439087,0.238383,-2.81664,-1.60943,-0.308777,1.23347,-0.385121,0.0872543,0.481012,0.507129,0.442948,0.457647,0.582527,-0.504994,0.0412892,0.530168,0.292658,0.290191,0.468385,0.641239,-0.534058,-16.980855017618566,0.9380161691053457,5.9294217762179455,40.02804979296062,-8.514073293828456,21.836221732360936
5.622491359710693,0.238383,-2.81664,-1.60943,-0.308777,1.23347,-0.385121,0.0872543,0.481012,0.507129,0.442948,0.457647,0.582527,-0.504994,0.0412892,0.530168,0.292658,0.290191,0.468385,0.641239,-0.534058,-16.980855017618566,0.9380161691053457,5.9294217762179455,40.02804979296062,-8.514073293828456,21.836221732360936
5.6384196281433105,1.13452,-2.31833,-1.36932,-0.260011,1.09571,-0.256515,0.0871846,0.481029,0.507114,0.443724,0.45692,0.582404,-0.505112,0.0430566,0.530227,0.292358,0.287877,0.471098,0.638638,-0.536036,-17.15829085332037,1.1640201848722114,6.557800461267567,39.99984741460318,-8.895156875376315,22.321537627389045
5.639348745346069,1.13452,-2.31833,-1.36932,-0.260011,1.09571,-0.256515,0.0871846,0.481029,0.507114,0.443724,0.45692,0.582404,-0.505112,0.0430566,0.530227,0.292358,0.287877,0.471098,0.638638,-0.536036,-17.15829085332037,1.1640201848722114,6.557800461267567,39.99984741460318,-8.895156875376315,22.321537627389045
5.654637575149536,0.989985,-2.19137,-0.837823,-0.272698,1.03549,-0.17814,0.0871903,0.481059,0.50708,0.442724,0.457791,0.582013,-0.505652,0.0489532,0.530506,0.291229,0.275915,0.474927,0.630604,-0.548318,-17.22616872876227,0.8691292760126852,8.522237138429325,40.28502174505478,-8.4778797341434,21.421858619575715
5.65557074546814,0.989985,-2.19137,-0.837823,-0.272698,1.03549,-0.17814,0.0871903,0.481059,0.50708,0.442724,0.457791,0.582013,-0.505652,0.0489532,0.530506,0.291229,0.275915,0.474927,0.630604,-0.548318,-17.22616872876227,0.8691292760126852,8.522237138429325,40.28502174505478,-8.4778797341434,21.421858619575715
5.671444892883301,1.33053,-2.29792,-0.656501,-0.304269,0.990773,-0.18157,0.0871531,0.480948,0.506898,0.444792,0.456387,0.582202,-0.504888,0.0537301,0.530551,0.29014,0.264466,0.48476,0.625471,-0.551228,-18.32562646121858,1.5197607584795272,10.459869817506812,38.23285715147569,-10.511006817899395,25.238369046239313
5.672377586364746,1.33053,-2.29792,-0.656501,-0.304269,0.990773,-0.18157,0.0871531,0.480948,0.506898,0.444792,0.456387,0.582202,-0.504888,0.0537301,0.530551,0.29014,0.264466,0.48476,0.625471,-0.551228,-18.32562646121858,1.5197607584795272,10.459869817506812,38.23285715147569,-10.511006817899395,25.238369046239313
5.687969207763672,3.13778,-2.57234,-0.723922,-0.353743,0.868602,-0.146549,0.087128,0.480941,0.506862,0.44474,0.456336,0.58219,-0.504993,0.0562124,0.530429,0.289211,0.260626,0.486425,0.620846,-0.55679,-18.209271446910876,1.5142173920304496,11.396255504195192,38.76483241327319,-10.667058782482147,24.715482402210494
5.688902378082275,3.13778,-2.57234,-0.723922,-0.353743,0.868602,-0.146549,0.087128,0.480941,0.506862,0.44474,0.456336,0.58219,-0.504993,0.0562124,0.530429,0.289211,0.260626,0.486425,0.620846,-0.55679,-18.209271446910876,1.5142173920304496,11.396255504195192,38.76483241327319,-10.667058782482147,24.715482402210494
5.721667051315308,1.05384,-2.47285,-0.781107,-0.37506,1.26825,0.00550996,0.0872242,0.481058,0.5071,0.442409,0.45783,0.582189,-0.50569,0.0650263,0.529481,0.286828,0.245649,0.495564,0.606307,-0.571371,-18.096544160495743,1.8278005350156734,14.352359781938796,38.41122039799005,-11.17438376819275,23.434882837365624
5.7226080894470215,1.05384,-2.47285,-0.781107,-0.37506,1.26825,0.00550996,0.0872242,0.481058,0.5071,0.442409,0.45783,0.582189,-0.50569,0.0650263,0.529481,0.286828,0.245649,0.495564,0.606307,-0.571371,-18.096544160495743,1.8278005350156734,14.352359781938796,38.41122039799005,-11.17438376819275,23.434882837365624
5.737996339797974,1.11333,-2.64198,-0.836877,-0.428382,1.29096,-0.00457839,0.0872498,0.481051,0.507148,0.442993,0.457769,0.582713,-0.504628,0.0662948,0.529455,0.286907,0.244535,0.496489,0.605412,-0.571995,-18.12438213276013,1.8754366814011376,14.710513478780015,38.38738956742003,-11.320675238636651,23.135726748562448
5.738927602767944,1.11333,-2.64198,-0.836877,-0.428382,1.29096,-0.00457839,0.0872498,0.481051,0.507148,0.442993,0.457769,0.582713,-0.504628,0.0662948,0.529455,0.286907,0.244535,0.496489,0.605412,-0.571995,-18.12438213276013,1.8754366814011376,14.710513478780015,38.38738956742003,-11.320675238636651,23.135726748562448
5.754457235336304,1.20231,-3.4314,-0.826536,-0.534717,1.27135,-0.146221,0.0873546,0.480956,0.507226,0.442105,0.456891,0.583275,-0.505554,0.0705663,0.52924,0.286725,0.241036,0.504052,0.600253,-0.572302,-18.333662085263843,2.8396400048499735,15.698393193480914,37.87350397232661,-11.18352253797074,23.47306544314589
5.755389928817749,1.20231,-3.4314,-0.826536,-0.534717,1.27135,-0.146221,0.0873546,0.480956,0.507226,0.442105,0.456891,0.583275,-0.505554,0.0705663,0.52924,0.286725,0.241036,0.504052,0.600253,-0.572302,-18.333662085263843,2.8396400048499735,15.698393193480914,37.87350397232661,-11.18352253797074,23.47306544314589
5.771326065063477,1.26973,-2.84134,-0.896774,-0.455433,1.36368,0.0512905,0.087463,0.480957,0.507168,0.442453,0.457728,0.582505,-0.505379,0.0733626,0.528751,0.28632,0.238609,0.508678,0.596058,-0.573609,-18.40246026953994,3.177529032463508,16.415966430471357,37.599905749560214,-11.80590248570648,23.455019273825922
5.772269010543823,1.26973,-2.84134,-0.896774,-0.455433,1.36368,0.0512905,0.087463,0.480957,0.507168,0.442453,0.457728,0.582505,-0.505379,0.0733626,0.528751,0.28632,0.238609,0.508678,0.596058,-0.573609,-18.40246026953994,3.177529032463508,16.415966430471357,37.599905749560214,-11.80590248570648,23.455019273825922
5.7881224155426025,2.18604,-3.27989,-0.556654,-0.526895,1.25602,0.0688563,0.0874901,0.480944,0.507159,0.442805,0.457639,0.582439,-0.505228,0.0747947,0.528488,0.285964,0.238637,0.50913,0.593618,-0.575722,-18.21186545095438,3.2128193966162946,16.75774507756158,38.16695553313411,-11.596595270173761,22.640117698524886
5.789055347442627,2.18604,-3.27989,-0.556654,-0.526895,1.25602,0.0688563,0.0874901,0.480944,0.507159,0.442805,0.457639,0.582439,-0.505228,0.0747947,0.528488,0.285964,0.238637,0.50913,0.593618,-0.575722,-18.21186545095438,3.2128193966162946,16.75774507756158,38.16695553313411,-11.596595270173761,22.640117698524886
5.82163405418396,2.58208,-2.15879,0.299278,-0.410985,1.16569,0.49581,0.0877303,0.480801,0.507097,0.444171,0.457542,0.58184,-0.504806,0.0842869,0.526827,0.282526,-0.226767,-0.514654,-0.578823,0.590484,-18.017886590250495,3.233973745254587,19.66297619165351,39.13902572080361,-11.006156288951614,21.777478155701115
5.822566747665405,2.58208,-2.15879,0.299278,-0.410985,1.16569,0.49581,0.0877303,0.480801,0.507097,0.444171,0.457542,0.58184,-0.504806,0.0842869,0.526827,0.282526,-0.226767,-0.514654,-0.578823,0.590484,-18.017886590250495,3.233973745254587,19.66297619165351,39.13902572080361,-11.006156288951614,21.777478155701115
5.837926864624023,2.00785,-4.39541,-0.526519,-0.661504,1.52752,0.0742994,0.0877695,0.480773,0.507106,0.444178,0.457496,0.581996,-0.504662,0.0863438,0.526271,0.281528,-0.221805,-0.51889,-0.57547,0.591937,-18.286875793695863,3.574807347703477,20.53530763401757,38.16542628125485,-11.912180517001044,23.153443474779944
5.838855028152466,2.00785,-4.39541,-0.526519,-0.661504,1.52752,0.0742994,0.0877695,0.480773,0.507106,0.444178,0.457496,0.581996,-0.504662,0.0863438,0.526271,0.281528,-0.221805,-0.51889,-0.57547,0.591937,-18.286875793695863,3.574807347703477,20.53530763401757,38.16542628125485,-11.912180517001044,23.153443474779944
5.854675054550171,4.65301,-1.40212,-1.29116,-0.182033,1.48701,0.862005,0.0882156,0.480437,0.506956,0.444673,0.456036,0.580725,-0.507006,0.0912515,0.524718,0.279268,-0.219219,-0.520567,-0.564518,0.60189,-17.76789017598539,3.7262664658557187,21.928606707771124,40.51477721099899,-11.036737480851821,21.793706885327584
5.855608224868774,4.65301,-1.40212,-1.29116,-0.182033,1.48701,0.862005,0.0882156,0.480437,0.506956,0.444673,0.456036,0.580725,-0.507006,0.0912515,0.524718,0.279268,-0.219219,-0.520567,-0.564518,0.60189,-17.76789017598539,3.7262664658557187,21.928606707771124,40.51477721099899,-11.036737480851821,21.793706885327584
5.871320486068726,2.29736,-1.892,-2.38578,-0.26222,2.03355,0.774462,0.0885104,0.48025,0.506802,0.44691,0.456149,0.579398,-0.506456,0.0948624,0.523684,0.277733,-0.211223,-0.526364,-0.559712,0.604192,-18.432539112640743,3.9705046395345422,23.26362794018804,39.273631446707036,-12.424130058375129,24.708646057786627
5.872251749038696,2.29736,-1.892,-2.38578,-0.26222,2.03355,0.774462,0.0885104,0.48025,0.506802,0.44691,0.456149,0.579398,-0.506456,0.0948624,0.523684,0.277733,-0.211223,-0.526364,-0.559712,0.604192,-18.432539112640743,3.9705046395345422,23.26362794018804,39.273631446707036,-12.424130058375129,24.708646057786627
5.888065338134766,1.41479,-2.42631,-1.21621,-0.279129,1.91101,0.729672,0.0886332,0.480316,0.506715,0.443881,0.456991,0.58056,-0.50703,0.0965148,0.523305,0.277099,-0.211454,-0.524278,-0.555792,0.60952,-17.592814206660748,3.7826086726625014,23.514786675730335,40.65144648958733,-10.87224247875329,21.060587310018587
5.889008283615112,1.41479,-2.42631,-1.21621,-0.279129,1.91101,0.729672,0.0886332,0.480316,0.506715,0.443881,0.456991,0.58056,-0.50703,0.0965148,0.523305,0.277099,-0.211454,-0.524278,-0.555792,0.60952,-17.592814206660748,3.7826086726625014,23.514786675730335,40.65144648958733,-10.87224247875329,21.060587310018587
5.921569108963013,-0.0194397,-1.49573,-1.43918,-0.171962,2.25319,1.02776,0.0893886,0.479994,0.506406,0.444515,0.457195,0.580894,-0.505907,0.103713,0.521078,0.274417,-0.202743,-0.530899,-0.545628,0.615899,-17.60021090371207,4.217446929972495,25.590078253904103,40.036058374924394,-11.266020003566153,21.258107715576237
5.922495126724243,-0.0194397,-1.49573,-1.43918,-0.171962,2.25319,1.02776,0.0893886,0.479994,0.506406,0.444515,0.457195,0.580894,-0.505907,0.103713,0.521078,0.274417,-0.202743,-0.530899,-0.545628,0.615899,-17.60021090371207,4.217446929972495,25.590078253904103,40.036058374924394,-11.266020003566153,21.258107715576237
5.938382625579834,4.142,-2.09859,-2.38287,-0.20127,2.04169,1.06435,0.0895602,0.479904,0.506457,0.443073,0.458593,0.579855,-0.507096,0.104919,0.520692,0.273896,-0.201868,-0.531151,-0.543505,0.617843,-17.39812683787209,4.105083259439542,25.610282801335675,40.19993227377776,-10.197440493455922,20.5811455333345
5.939335584640503,4.142,-2.09859,-2.38287,-0.20127,2.04169,1.06435,0.0895602,0.479904,0.506457,0.443073,0.458593,0.579855,-0.507096,0.104919,0.520692,0.273896,-0.201868,-0.531151,-0.543505,0.617843,-17.39812683787209,4.105083259439542,25.610282801335675,40.19993227377776,-10.197440493455922,20.5811455333345
5.9546215534210205,2.64558,-0.122303,-1.94894,0.0567725,2.21418,1.5328,0.0900867,0.479678,0.506676,0.445459,0.458795,0.577825,-0.507141,0.10808,0.519346,0.272404,-0.199285,-0.530234,-0.537536,0.624654,-17.249938508570658,3.6246972584863695,26.4649172416725,41.342209549645574,-9.735428204154553,20.33941735003647
5.955555438995361,2.64558,-0.122303,-1.94894,0.0567725,2.21418,1.5328,0.0900867,0.479678,0.506676,0.445459,0.458795,0.577825,-0.507141,0.10808,0.519346,0.272404,-0.199285,-0.530234,-0.537536,0.624654,-17.249938508570658,3.6246972584863695,26.4649172416725,41.342209549645574,-9.735428204154553,20.33941735003647
5.971436977386475,1.95513,-1.03321,-1.68452,-0.0710396,2.27027,1.37459,0.0901413,0.479801,0.5068,0.443364,0.458698,0.580041,-0.506535,0.110378,0.518381,0.270852,-0.196963,-0.532076,-0.531396,0.629062,-16.64079355854695,3.935964260479346,27.451026337709898,41.65156613574007,-9.99622867056999,18.671953872869608
5.9723711013793945,1.95513,-1.03321,-1.68452,-0.0710396,2.27027,1.37459,0.0901413,0.479801,0.5068,0.443364,0.458698,0.580041,-0.506535,0.110378,0.518381,0.270852,-0.196963,-0.532076,-0.531396,0.629062,-16.64079355854695,3.935964260479346,27.451026337709898,41.65156613574007,-9.99622867056999,18.671953872869608
5.988000154495239,2.93661,-1.14389,-1.72477,-0.108533,2.21587,1.40396,0.0902148,0.479816,0.506874,0.442809,0.458334,0.580268,-0.507089,0.111416,0.517945,0.270315,-0.193473,-0.532845,-0.529614,0.630994,-16.76058063175389,3.982225226823513,27.89446944769544,41.298497692638996,-9.860814761050152,19.115653575731653
5.988955497741699,2.93661,-1.14389,-1.72477,-0.108533,2.21587,1.40396,0.0902148,0.479816,0.506874,0.442809,0.458334,0.580268,-0.507089,0.111416,0.517945,0.270315,-0.193473,-0.532845,-0.529614,0.630994,-16.76058063175389,3.982225226823513,27.89446944769544,41.298497692638996,-9.860814761050152,19.115653575731653
6.039992570877075,2.4933,-1.75441,-1.47786,-0.153428,2.39631,1.45916,0.0909383,0.479457,0.507076,0.446677,0.456555,0.577559,-0.508393,0.11546,0.515507,0.267785,-0.188638,-0.532206,-0.521826,0.63943,-16.951868986629776,3.571064947509425,29.152241959400857,41.98006127295565,-9.222952521591155,20.620708917702338
6.044472694396973,2.4933,-1.75441,-1.47786,-0.153428,2.39631,1.45916,0.0909383,0.479457,0.507076,0.446677,0.456555,0.577559,-0.508393,0.11546,0.515507,0.267785,-0.188638,-0.532206,-0.521826,0.63943,-16.951868986629776,3.571064947509425,29.152241959400857,41.98006127295565,-9.222952521591155,20.620708917702338
6.070736646652222,1.30959,-1.40848,-1.88004,-0.108205,2.56676,1.46943,0.0913985,0.479428,0.50716,0.445532,0.458291,0.577541,-0.507855,0.118836,0.513818,0.265988,-0.181113,-0.537572,-0.515663,0.64211,-17.02848942446313,3.8755929737913783,30.38344766428712,40.579381381209,-10.398423433440609,21.57939049976578
6.072011947631836,1.30959,-1.40848,-1.88004,-0.108205,2.56676,1.46943,0.0913985,0.479428,0.50716,0.445532,0.458291,0.577541,-0.507855,0.118836,0.513818,0.265988,-0.181113,-0.537572,-0.515663,0.64211,-17.02848942446313,3.8755929737913783,30.38344766428712,40.579381381209,-10.398423433440609,21.57939049976578
6.0900654792785645,2.17032,-2.26433,-1.41476,-0.157064,2.11137,1.07541,0.0916669,0.479414,0.507245,0.443159,0.460547,0.578281,-0.507048,0.119495,0.513815,0.265798,-0.184876,-0.537946,-0.514575,0.641597,-16.289644304799456,3.9489362735614746,30.094505184775386,40.89025095520309,-9.787888725487813,19.19495625380198
6.09100341796875,2.17032,-2.26433,-1.41476,-0.157064,2.11137,1.07541,0.0916669,0.479414,0.507245,0.443159,0.460547,0.578281,-0.507048,0.119495,0.513815,0.265798,-0.184876,-0.537946,-0.514575,0.641597,-16.289644304799456,3.9489362735614746,30.094505184775386,40.89025095520309,-9.787888725487813,19.19495625380198
6.121552467346191,0.987,-1.51584,-1.39297,0.0487566,2.56969,1.43226,0.0912193,0.479584,0.507373,0.444528,0.458048,0.578762,-0.507564,0.120776,0.511601,0.26303,-0.185693,-0.537189,-0.507602,0.647522,-15.774363456021485,4.0318939685514135,30.98068802619479,41.26373239730464,-9.673851848178671,18.91684870692226
6.12248969078064,0.987,-1.51584,-1.39297,0.0487566,2.56969,1.43226,0.0912193,0.479584,0.507373,0.444528,0.458048,0.578762,-0.507564,0.120776,0.511601,0.26303,-0.185693,-0.537189,-0.507602,0.647522,-15.774363456021485,4.0318939685514135,30.98068802619479,41.26373239730464,-9.673851848178671,18.91684870692226
6.137973308563232,-0.0497665,1.18039,-0.425232,0.307144,2.29164,1.85366,0.0912751,0.479502,0.507149,0.444879,0.458421,0.577907,-0.507894,0.120979,0.511651,0.262891,-0.186648,-0.538059,-0.508651,0.645701,-15.909783098705828,4.110160872892302,30.726433887092426,40.819056870765856,-9.268960077363296,19.611721031411
6.138916730880737,-0.0497665,1.18039,-0.425232,0.307144,2.29164,1.85366,0.0912751,0.479502,0.507149,0.444879,0.458421,0.577907,-0.507894,0.120979,0.511651,0.262891,-0.186648,-0.538059,-0.508651,0.645701,-15.909783098705828,4.110160872892302,30.726433887092426,40.819056870765856,-9.268960077363296,19.611721031411
6.1546430587768555,2.27145,-1.40469,-1.53188,-0.0166555,2.00151,1.11272,0.0911719,0.479425,0.506515,0.445369,0.458685,0.578156,-0.506942,0.121367,0.511651,0.262647,-0.190697,-0.53752,-0.510322,0.643645,-15.701315773336715,4.1319012391364485,30.32112074414733,40.58310067919009,-8.331424394458365,18.579324918951908
6.155595779418945,2.27145,-1.40469,-1.53188,-0.0166555,2.00151,1.11272,0.0911719,0.479425,0.506515,0.445369,0.458685,0.578156,-0.506942,0.121367,0.511651,0.262647,-0.190697,-0.53752,-0.510322,0.643645,-15.701315773336715,4.1319012391364485,30.32112074414733,40.58310067919009,-8.331424394458365,18.579324918951908
6.171307563781738,2.48959,-1.25463,-2.98311,0.0793621,2.14853,1.0271,0.0912063,0.479432,0.506353,0.443178,0.459894,0.579073,-0.506721,0.121359,0.511507,0.262265,-0.188576,-0.539204,-0.508441,0.644349,-15.48392738045546,4.293276393532847,30.6128986535944,40.52630709590498,-9.25231306112243,17.952309947095756
6.172236442565918,2.48959,-1.25463,-2.98311,0.0793621,2.14853,1.0271,0.0912063,0.479432,0.506353,0.443178,0.459894,0.579073,-0.506721,0.121359,0.511507,0.262265,-0.188576,-0.539204,-0.508441,0.644349,-15.48392738045546,4.293276393532847,30.6128986535944,40.52630709590498,-9.25231306112243,17.952309947095756
6.187937498092651,2.42661,-0.49509,-2.99882,0.205231,2.09226,1.10807,0.0911863,0.479394,0.506374,0.444608,0.459401,0.579329,-0.505621,0.120827,0.51141,0.262089,-0.192992,-0.53694,-0.509076,0.644431,-15.16982603415952,4.109155065974008,30.36792622344853,41.03758812851884,-9.133458100464646,17.078664784155418
6.188869953155518,2.42661,-0.49509,-2.99882,0.205231,2.09226,1.10807,0.0911863,0.479394,0.506374,0.444608,0.459401,0.579329,-0.505621,0.120827,0.51141,0.262089,-0.192992,-0.53694,-0.509076,0.644431,-15.16982603415952,4.109155065974008,30.36792622344853,41.03758812851884,-9.133458100464646,17.078664784155418
6.2216150760650635,1.85658,-0.453884,-4.27404,0.263761,1.87443,0.604024,0.0902088,0.479626,0.506494,0.447628,0.457395,0.577313,-0.507078,0.117486,0.511863,0.261538,-0.198277,-0.534583,-0.512392,0.642154,-15.464566632839182,4.002957097614086,29.589168316055392,40.92887191835008,-8.882784010079552,19.74841961020922
6.222547292709351,1.85658,-0.453884,-4.27404,0.263761,1.87443,0.604024,0.0902088,0.479626,0.506494,0.447628,0.457395,0.577313,-0.507078,0.117486,0.511863,0.261538,-0.198277,-0.534583,-0.512392,0.642154,-15.464566632839182,4.002957097614086,29.589168316055392,40.92887191835008,-8.882784010079552,19.74841961020922
6.238104820251465,2.05436,-0.255314,-4.73373,0.311833,1.77964,0.499786,0.0899332,0.479733,0.50654,0.448029,0.458133,0.576824,-0.506615,0.116452,0.51204,0.261423,-0.200681,-0.533587,-0.513513,0.64134,-15.338262016937538,3.8417097743780575,29.25313298580814,40.861335360217645,-8.88882824260775,19.641383496935358
6.239035606384277,2.05436,-0.255314,-4.73373,0.311833,1.77964,0.499786,0.0899332,0.479733,0.50654,0.448029,0.458133,0.576824,-0.506615,0.116452,0.51204,0.261423,-0.200681,-0.533587,-0.513513,0.64134,-15.338262016937538,3.8417097743780575,29.25313298580814,40.861335360217645,-8.88882824260775,19.641383496935358
6.254679918289185,2.16749,-0.273557,-4.25282,0.306105,1.37461,0.245129,0.0891708,0.480161,0.507151,0.44765,0.456149,0.579287,-0.505929,0.113025,0.512566,0.260843,-0.209251,-0.528777,-0.515687,0.64084,-14.563501847012887,3.8224664933408015,28.57222058574264,41.364635004967994,-8.485929513703017,18.414510975516702
6.255611896514893,2.16749,-0.273557,-4.25282,0.306105,1.37461,0.245129,0.0891708,0.480161,0.507151,0.44765,0.456149,0.579287,-0.505929,0.113025,0.512566,0.260843,-0.209251,-0.528777,-0.515687,0.64084,-14.563501847012887,3.8224664933408015,28.57222058574264,41.364635004967994,-8.485929513703017,18.414510975516702
6.271545171737671,3.39465,-0.298095,-3.23439,0.244786,0.897368,0.131448,0.0888045,0.480461,0.507587,0.446865,0.456232,0.57979,-0.505971,0.110454,0.512612,0.260004,-0.215063,-0.526781,-0.517059,0.639452,-14.066822390807161,3.8393513037965983,27.929698387107535,41.0220950079327,-8.512540380018745,18.349865175622398
6.272470235824585,3.39465,-0.298095,-3.23439,0.244786,0.897368,0.131448,0.0888045,0.480461,0.507587,0.446865,0.456232,0.57979,-0.505971,0.110454,0.512612,0.260004,-0.215063,-0.526781,-0.517059,0.639452,-14.066822390807161,3.8393513037965983,27.929698387107535,41.0220950079327,-8.512540380018745,18.349865175622398
6.2880775928497314,3.22494,-0.604961,-2.54687,0.172949,0.773748,0.0206099,0.0885624,0.480697,0.507698,0.444105,0.457983,0.581404,-0.504967,0.109127,0.51241,0.259477,-0.21815,-0.526001,-0.51858,0.637815,-13.509111831593744,3.874203964418397,27.457485826464033,39.750812786142475,-8.37105873590831,16.875490072931147
6.289029121398926,3.22494,-0.604961,-2.54687,0.172949,0.773748,0.0206099,0.0885624,0.480697,0.507698,0.444105,0.457983,0.581404,-0.504967,0.109127,0.51241,0.259477,-0.21815,-0.526001,-0.51858,0.637815,-13.509111831593744,3.874203964418397,27.457485826464033,39.750812786142475,-8.37105873590831,16.875490072931147
6.321426153182983,2.03754,-1.35748,-1.91542,-0.0275548,0.719416,-0.331348,0.0880476,0.480644,0.507003,0.444923,0.456587,0.581961,-0.504869,0.101895,0.510892,0.256295,-0.235526,-0.51572,-0.523437,0.636061,-12.248839192797778,3.36686261670034,25.597682645963243,39.54265056013936,-8.309423832658677,15.659690491002156
6.322355031967163,2.03754,-1.35748,-1.91542,-0.0275548,0.719416,-0.331348,0.0880476,0.480644,0.507003,0.444923,0.456587,0.581961,-0.504869,0.101895,0.510892,0.256295,-0.235526,-0.51572,-0.523437,0.636061,-12.248839192797778,3.36686261670034,25.597682645963243,39.54265056013936,-8.309423832658677,15.659690491002156
6.338435173034668,2.5552,-1.44983,-2.1085,-0.0508133,0.676448,-0.340688,0.0879767,0.480647,0.506784,0.445001,0.457385,0.581472,-0.504642,0.100213,0.510468,0.255834,-0.23849,-0.515308,-0.525884,0.633266,-12.223902614962741,3.360316993171625,25.033025102649393,38.40784568597384,-8.754875320959204,16.25285816844916
6.3393659591674805,2.5552,-1.44983,-2.1085,-0.0508133,0.676448,-0.340688,0.0879767,0.480647,0.506784,0.445001,0.457385,0.581472,-0.504642,0.100213,0.510468,0.255834,-0.23849,-0.515308,-0.525884,0.633266,-12.223902614962741,3.360316993171625,25.033025102649393,38.40784568597384,-8.754875320959204,16.25285816844916
6.355183362960815,2.30213,-1.73544,-2.18322,-0.098815,0.704784,-0.405555,0.087776,0.480732,0.506654,0.444499,0.458696,0.580951,-0.504494,0.0935724,0.509659,0.254694,-0.256912,-0.509198,-0.532575,0.625362,-11.128187734891343,3.335254103892084,22.634435943118454,37.46732595210293,-8.863356503874906,15.162639374784463
6.356123447418213,2.30213,-1.73544,-2.18322,-0.098815,0.704784,-0.405555,0.087776,0.480732,0.506654,0.444499,0.458696,0.580951,-0.504494,0.0935724,0.509659,0.254694,-0.256912,-0.509198,-0.532575,0.625362,-11.128187734891343,3.335254103892084,22.634435943118454,37.46732595210293,-8.863356503874906,15.162639374784463
6.371893644332886,2.08287,-1.26913,-1.90905,-0.0503127,0.659742,-0.338824,0.0876577,0.480678,0.506832,0.44758,0.456754,0.579175,-0.505573,0.08884,0.509207,0.253961,-0.268588,-0.506428,-0.536581,0.619251,-11.025379076619407,3.5803401908283172,21.260608513343175,37.61739522233763,-9.871467803981973,17.591823821613165
6.372831106185913,2.08287,-1.26913,-1.90905,-0.0503127,0.659742,-0.338824,0.0876577,0.480678,0.506832,0.44758,0.456754,0.579175,-0.505573,0.08884,0.509207,0.253961,-0.268588,-0.506428,-0.536581,0.619251,-11.025379076619407,3.5803401908283172,21.260608513343175,37.61739522233763,-9.871467803981973,17.591823821613165
6.388632535934448,1.83082,-1.37249,-2.02835,-0.059472,0.694684,-0.381509,0.0874169,0.480908,0.506872,0.443565,0.457955,0.5824,-0.504319,0.0864368,0.508869,0.253529,-0.275352,-0.502294,-0.539762,0.616879,-10.029114911404669,3.5868155063361153,20.340384102853093,36.43302873328511,-8.864212425731981,14.408057165402743
6.389562368392944,1.83082,-1.37249,-2.02835,-0.059472,0.694684,-0.381509,0.0874169,0.480908,0.506872,0.443565,0.457955,0.5824,-0.504319,0.0864368,0.508869,0.253529,-0.275352,-0.502294,-0.539762,0.616879,-10.029114911404669,3.5868155063361153,20.340384102853093,36.43302873328511,-8.864212425731981,14.408057165402743
6.421774625778198,1.37277,-1.33853,-2.36468,-0.0358046,0.761372,-0.388071,0.086824,0.48105,0.506691,0.445603,0.455979,0.582154,-0.504597,0.0744046,0.506705,0.251218,-0.306317,-0.489558,-0.551477,0.601977,-8.647912723713388,3.8421679000026785,16.44524598054277,35.46334214331233,-9.151959284741187,14.688930089251365
6.422743320465088,1.37277,-1.33853,-2.36468,-0.0358046,0.761372,-0.388071,0.086824,0.48105,0.506691,0.445603,0.455979,0.582154,-0.504597,0.0744046,0.506705,0.251218,-0.306317,-0.489558,-0.551477,0.601977,-8.647912723713388,3.8421679000026785,16.44524598054277,35.46334214331233,-9.151959284741187,14.688930089251365
6.438137769699097,1.56661,-1.24437,-2.22888,-0.0166993,0.718393,-0.362565,0.0867257,0.481119,0.506586,0.444211,0.456905,0.582079,-0.505072,0.0717704,0.506221,0.25073,-0.312339,-0.488012,-0.55402,0.597788,-8.293782961538264,4.027766685680979,15.46252674890681,34.66061500790805,-9.125831523717624,14.471425588384617
6.439076662063599,1.56661,-1.24437,-2.22888,-0.0166993,0.718393,-0.362565,0.0867257,0.481119,0.506586,0.444211,0.456905,0.582079,-0.505072,0.0717704,0.506221,0.25073,-0.312339,-0.488012,-0.55402,0.597788,-8.293782961538264,4.027766685680979,15.46252674890681,34.66061500790805,-9.125831523717624,14.471425588384617
6.455155849456787,0.835772,-1.05621,-1.2513,0.0213109,0.588771,-0.357555,0.0867664,0.48111,0.50662,0.44365,0.456267,0.583155,-0.504901,0.064481,0.504451,0.249279,-0.330599,-0.480555,-0.561104,0.58731,-7.329648116206945,4.406222668289194,13.053893543737818,33.56624712791004,-9.588749393193158,14.269853611622871
6.456091403961182,0.835772,-1.05621,-1.2513,0.0213109,0.588771,-0.357555,0.0867664,0.48111,0.50662,0.44365,0.456267,0.583155,-0.504901,0.064481,0.504451,0.249279,-0.330599,-0.480555,-0.561104,0.58731,-7.329648116206945,4.406222668289194,13.053893543737818,33.56624712791004,-9.588749393193158,14.269853611622871
6.471970796585083,0.930604,-0.981639,-0.532801,0.0460406,0.427786,-0.334159,0.0870703,0.480985,0.506739,0.44513,0.45543,0.582764,-0.504805,0.0590807,0.503205,0.248632,-0.343266,-0.474022,-0.566138,0.580482,-6.834618304146203,4.442334411934144,11.377920944409812,33.77129097475016,-10.3878065687502,14.660439134116107
6.472908020019531,0.930604,-0.981639,-0.532801,0.0460406,0.427786,-0.334159,0.0870703,0.480985,0.506739,0.44513,0.45543,0.582764,-0.504805,0.0590807,0.503205,0.248632,-0.343266,-0.474022,-0.566138,0.580482,-6.834618304146203,4.442334411934144,11.377920944409812,33.77129097475016,-10.3878065687502,14.660439134116107
6.488560914993286,0.535385,-1.27626,-0.824614,0.0329514,0.519629,-0.396165,0.0871662,0.480916,0.506717,0.444833,0.456139,0.582631,-0.50458,0.056192,0.502594,0.248476,-0.348405,-0.468548,-0.571561,0.576536,-6.652779699523227,4.092635301601772,10.191979338643662,32.96246143038963,-9.263475892074219,14.550701844778947
6.489487886428833,0.535385,-1.27626,-0.824614,0.0329514,0.519629,-0.396165,0.0871662,0.480916,0.506717,0.444833,0.456139,0.582631,-0.50458,0.056192,0.502594,0.248476,-0.348405,-0.468548,-0.571561,0.576536,-6.652779699523227,4.092635301601772,10.191979338643662,32.96246143038963,-9.263475892074219,14.550701844778947
6.521797180175781,1.16893,-0.770776,-1.76202,0.170369,0.616023,-0.279644,0.0874147,0.480758,0.50678,0.446478,0.455422,0.581133,-0.505503,0.0421128,0.498823,0.248091,0.375781,0.452667,0.587155,-0.555994,-5.951170345673851,4.212016785988555,5.5978508844895645,31.680615289848095,-10.21910860899948,15.772521423354661
6.522758722305298,1.16893,-0.770776,-1.76202,0.170369,0.616023,-0.279644,0.0874147,0.480758,0.50678,0.446478,0.455422,0.581133,-0.505503,0.0421128,0.498823,0.248091,0.375781,0.452667,0.587155,-0.555994,-5.951170345673851,4.212016785988555,5.5978508844895645,31.680615289848095,-10.21910860899948,15.772521423354661
6.538085460662842,0.788671,-1.10178,-1.79562,0.151543,0.669896,-0.367433,0.0873786,0.4809,0.506833,0.444312,0.45724,0.582112,-0.504643,0.0397124,0.49799,0.247867,0.381308,0.451104,0.589355,-0.551154,-5.449435761604834,4.418655728787276,4.700907168889194,30.457865594979918,-10.666801080339212,14.579236714666099
6.539032936096191,0.788671,-1.10178,-1.79562,0.151543,0.669896,-0.367433,0.0873786,0.4809,0.506833,0.444312,0.45724,0.582112,-0.504643,0.0397124,0.49799,0.247867,0.381308,0.451104,0.589355,-0.551154,-5.449435761604834,4.418655728787276,4.700907168889194,30.457865594979918,-10.666801080339212,14.579236714666099
6.554526329040527,1.3616,-0.779157,-2.2259,0.212742,0.681964,-0.302388,0.0873969,0.480988,0.507161,0.443819,0.457457,0.582299,-0.504664,0.0332869,0.495613,0.246891,0.394519,0.44064,0.594507,-0.54475,-4.510379191162958,4.235937822885938,2.707057422854592,30.374884420778642,-10.542115228600284,13.581045092101654
6.555474519729614,1.3616,-0.779157,-2.2259,0.212742,0.681964,-0.302388,0.0873969,0.480988,0.507161,0.443819,0.457457,0.582299,-0.504664,0.0332869,0.495613,0.246891,0.394519,0.44064,0.594507,-0.54475,-4.510379191162958,4.235937822885938,2.707057422854592,30.374884420778642,-10.542115228600284,13.581045092101654
6.571513652801514,1.52502,-0.879728,-2.50043,0.225988,0.731299,-0.31548,0.0873259,0.480997,0.50715,0.443635,0.457279,0.582189,-0.505113,0.029344,0.493917,0.246234,0.401957,0.435185,0.597349,-0.540573,-4.072279562511587,4.245516299273877,1.5509892870237938,30.136291890775595,-10.76557857391258,13.345802402320151
6.572470188140869,1.52502,-0.879728,-2.50043,0.225988,0.731299,-0.31548,0.0873259,0.480997,0.50715,0.443635,0.457279,0.582189,-0.505113,0.029344,0.493917,0.246234,0.401957,0.435185,0.597349,-0.540573,-4.072279562511587,4.245516299273877,1.5509892870237938,30.136291890775595,-10.76557857391258,13.345802402320151
6.588158369064331,1.25026,-0.844778,-2.18056,0.219078,0.702728,-0.30982,0.0872851,0.481025,0.507088,0.443524,0.456944,0.582208,-0.505492,0.0275825,0.493122,0.246001,0.404854,0.433454,0.597924,-0.539163,-3.893363564826996,4.33201396282727,1.1665704385491305,30.086356756378184,-11.344994520299288,13.204391912703336
6.589096307754517,1.25026,-0.844778,-2.18056,0.219078,0.702728,-0.30982,0.0872851,0.481025,0.507088,0.443524,0.456944,0.582208,-0.505492,0.0275825,0.493122,0.246001,0.404854,0.433454,0.597924,-0.539163,-3.893363564826996,4.33201396282727,1.1665704385491305,30.086356756378184,-11.344994520299288,13.204391912703336
6.621399402618408,2.09865,-0.942592,-2.36901,0.20062,0.702737,-0.282328,0.0872877,0.48072,0.506617,0.446994,0.453088,0.581424,-0.506808,0.0203029,0.489187,0.243636,0.423749,0.419496,0.605368,-0.527247,-3.3548599970079045,4.532414760613803,-1.554475466207211,30.812467825331048,-9.97247779752827,14.684535930979813
6.62236475944519,2.09865,-0.942592,-2.36901,0.20062,0.702737,-0.282328,0.0872877,0.48072,0.506617,0.446994,0.453088,0.581424,-0.506808,0.0203029,0.489187,0.243636,0.423749,0.419496,0.605368,-0.527247,-3.3548599970079045,4.532414760613803,-1.554475466207211,30.812467825331048,-9.97247779752827,14.684535930979813
6.638545274734497,1.66419,-1.22327,-2.36021,0.163901,0.767206,-0.338766,0.087195,0.480835,0.506542,0.443985,0.455186,0.582202,-0.506679,0.0197641,0.488473,0.242911,0.425315,0.418501,0.604944,-0.527264,-2.7809093725744556,4.543271104973012,-1.8572001172334656,29.76952673390345,-9.564774255991738,13.072485655213907
6.639514923095703,1.66419,-1.22327,-2.36021,0.163901,0.767206,-0.338766,0.087195,0.480835,0.506542,0.443985,0.455186,0.582202,-0.506679,0.0197641,0.488473,0.242911,0.425315,0.418501,0.604944,-0.527264,-2.7809093725744556,4.543271104973012,-1.8572001172334656,29.76952673390345,-9.564774255991738,13.072485655213907
6.654724597930908,1.36313,-1.17928,-2.40035,0.170355,0.81502,-0.317417,0.0871183,0.480859,0.506559,0.444844,0.454287,0.581939,-0.507035,0.0189085,0.487158,0.241306,0.42584,0.414931,0.604407,-0.530269,-2.546672002742707,4.191720182837313,-1.7878956814817428,29.729616762648455,-9.339990570821842,13.851717138941003
6.655669212341309,1.36313,-1.17928,-2.40035,0.170355,0.81502,-0.317417,0.0871183,0.480859,0.506559,0.444844,0.454287,0.581939,-0.507035,0.0189085,0.487158,0.241306,0.42584,0.414931,0.604407,-0.530269,-2.546672002742707,4.191720182837313,-1.7878956814817428,29.729616762648455,-9.339990570821842,13.851717138941003
6.671430587768555,1.76668,-1.34138,-1.79643,0.138389,0.650761,-0.315911,0.0869904,0.480978,0.506586,0.446206,0.455122,0.581548,-0.505536,0.0176865,0.485559,0.239266,0.427651,0.411894,0.602025,-0.533877,-1.9939159316102704,3.7273631542430485,-1.5497446717799042,29.791675706201467,-10.952128903402055,13.877624529460856
6.672395706176758,1.76668,-1.34138,-1.79643,0.138389,0.650761,-0.315911,0.0869904,0.480978,0.506586,0.446206,0.455122,0.581548,-0.505536,0.0176865,0.485559,0.239266,0.427651,0.411894,0.602025,-0.533877,-1.9939159316102704,3.7273631542430485,-1.5497446717799042,29.791675706201467,-10.952128903402055,13.877624529460856
6.688677072525024,1.7412,-1.36197,-1.52547,0.128191,0.619725,-0.303958,0.0869002,0.481075,0.50656,0.444398,0.455832,0.583144,-0.50465,0.0174042,0.485009,0.23859,0.431624,0.410741,0.602372,-0.531169,-1.483533370032868,3.999341306436635,-1.985675818750257,29.05199792572602,-10.35873925286307,12.552693342190619
6.689613342285156,1.7412,-1.36197,-1.52547,0.128191,0.619725,-0.303958,0.0869002,0.481075,0.50656,0.444398,0.455832,0.583144,-0.50465,0.0174042,0.485009,0.23859,0.431624,0.410741,0.602372,-0.531169,-1.483533370032868,3.999341306436635,-1.985675818750257,29.05199792572602,-10.35873925286307,12.552693342190619
6.721596717834473,1.89615,-1.77095,-1.36953,0.035817,0.654283,-0.276013,0.0871406,0.480842,0.506455,0.444269,0.454783,0.582183,-0.506813,0.0169633,0.482187,0.235107,0.432986,0.406627,0.597886,-0.538247,-0.7929889178598003,3.7267261589487286,-1.6901352051042975,29.162739819617784,-10.102531274879508,13.321953830077591
6.722539186477661,1.89615,-1.77095,-1.36953,0.035817,0.654283,-0.276013,0.0871406,0.480842,0.506455,0.444269,0.454783,0.582183,-0.506813,0.0169633,0.482187,0.235107,0.432986,0.406627,0.597886,-0.538247,-0.7929889178598003,3.7267261589487286,-1.6901352051042975,29.162739819617784,-10.102531274879508,13.321953830077591
6.7352564334869385,1.89615,-1.77095,-1.36953,0.035817,0.654283,-0.276013,0.0871406,0.480842,0.506455,0.444269,0.454783,0.582183,-0.506813,0.0169633,0.482187,0.235107,0.432986,0.406627,0.597886,-0.538247,-0.7929889178598003,3.7267261589487286,-1.6901352051042975,29.162739819617784,-10.102531274879508,13.321953830077591
6.755176305770874,1.9182,-1.97992,-1.80433,0.00933095,0.78819,-0.254564,0.087345,0.480715,0.50635,0.445884,0.45479,0.581626,-0.506029,0.0179175,0.479829,0.232172,0.427526,0.404341,0.589223,-0.553666,-0.047623205613646864,2.6906206329187414,0.1374566710235894,29.924491799275486,-12.814627407290361,12.912670172175861
6.756116151809692,1.9182,-1.97992,-1.80433,0.00933095,0.78819,-0.254564,0.087345,0.480715,0.50635,0.445884,0.45479,0.581626,-0.506029,0.0179175,0.479829,0.232172,0.427526,0.404341,0.589223,-0.553666,-0.047623205613646864,2.6906206329187414,0.1374566710235894,29.924491799275486,-12.814627407290361,12.912670172175861
6.771409273147583,2.17514,-2.18619,-1.85643,-0.0254823,0.780779,-0.242166,0.0873409,0.480747,0.506397,0.445072,0.454911,0.581606,-0.506656,0.0199534,0.478629,0.23035,0.42951,0.406283,0.582409,-0.557902,0.6392829366611407,3.0539690853533705,0.7141442454761963,30.117090555191346,-13.18497768493963,11.691420784926903
6.772348165512085,2.17514,-2.18619,-1.85643,-0.0254823,0.780779,-0.242166,0.0873409,0.480747,0.506397,0.445072,0.454911,0.581606,-0.506656,0.0199534,0.478629,0.23035,0.42951,0.406283,0.582409,-0.557902,0.6392829366611407,3.0539690853533705,0.7141442454761963,30.117090555191346,-13.18497768493963,11.691420784926903
6.788588047027588,1.71805,-2.05181,-1.76015,-0.0161027,0.848432,-0.19732,0.0873231,0.480762,0.506434,0.444846,0.454852,0.581715,-0.506784,0.0210738,0.47806,0.22942,0.424699,0.406291,0.578894,-0.56519,0.8026837326303035,2.6039316300606585,1.6660467648441908,30.03000897480691,-13.544732215318042,11.60819942622364
6.789559364318848,1.71805,-2.05181,-1.76015,-0.0161027,0.848432,-0.19732,0.0873231,0.480762,0.506434,0.444846,0.454852,0.581715,-0.506784,0.0210738,0.47806,0.22942,0.424699,0.406291,0.578894,-0.56519,0.8026837326303035,2.6039316300606585,1.6660467648441908,30.03000897480691,-13.544732215318042,11.60819942622364
6.821386337280273,2.31194,-3.26586,-1.94043,-0.221716,0.949821,-0.312844,0.0874011,0.48071,0.506655,0.446039,0.454253,0.580986,-0.507108,0.0296961,0.474839,0.222822,-0.414766,-0.414301,-0.555464,0.589732,1.9071969607463795,2.316289281410289,5.63109313851743,30.847850266778348,-15.876376568289658,11.838940385769394
6.822340965270996,2.31194,-3.26586,-1.94043,-0.221716,0.949821,-0.312844,0.0874011,0.48071,0.506655,0.446039,0.454253,0.580986,-0.507108,0.0296961,0.474839,0.222822,-0.414766,-0.414301,-0.555464,0.589732,1.9071969607463795,2.316289281410289,5.63109313851743,30.847850266778348,-15.876376568289658,11.838940385769394
6.838757038116455,3.66623,-3.22175,-1.58136,-0.224185,0.722817,-0.257846,0.0872797,0.48082,0.506497,0.443732,0.455301,0.582184,-0.506819,0.0308705,0.474375,0.221811,-0.412019,-0.415353,-0.553133,0.593098,2.2325648757054815,2.241817564856783,6.1359603064470605,29.686355771693563,-15.562147962119662,10.99111719059115
6.839715957641602,3.66623,-3.22175,-1.58136,-0.224185,0.722817,-0.257846,0.0872797,0.48082,0.506497,0.443732,0.455301,0.582184,-0.506819,0.0308705,0.474375,0.221811,-0.412019,-0.415353,-0.553133,0.593098,2.2325648757054815,2.241817564856783,6.1359603064470605,29.686355771693563,-15.562147962119662,10.99111719059115
6.854790687561035,1.68573,-2.57759,-0.743923,-0.152576,0.750399,-0.161462,0.0873133,0.480779,0.506107,0.444029,0.455703,0.582802,-0.505484,0.0329845,0.473207,0.219975,-0.414673,-0.41845,-0.548852,0.59305,2.6499202512461095,2.6705041523620228,6.501434321223384,29.060196284984197,-16.387556319444577,10.533854124198728
6.855737924575806,1.68573,-2.57759,-0.743923,-0.152576,0.750399,-0.161462,0.0873133,0.480779,0.506107,0.444029,0.455703,0.582802,-0.505484,0.0329845,0.473207,0.219975,-0.414673,-0.41845,-0.548852,0.59305,2.6499202512461095,2.6705041523620228,6.501434321223384,29.060196284984197,-16.387556319444577,10.533854124198728
6.87137246131897,2.75358,-2.9961,-0.526563,-0.24364,0.594199,-0.187393,0.0873553,0.480774,0.505829,0.443437,0.457338,0.580959,-0.506649,0.0345889,0.472512,0.218805,-0.415105,-0.420053,-0.545649,0.594568,2.856835428591457,2.753203932193582,6.539108622526848,28.76979837703244,-15.594883740141002,10.328479791815546
6.872314691543579,2.75358,-2.9961,-0.526563,-0.24364,0.594199,-0.187393,0.0873553,0.480774,0.505829,0.443437,0.457338,0.580959,-0.506649,0.0345889,0.472512,0.218805,-0.415105,-0.420053,-0.545649,0.594568,2.856835428591457,2.753203932193582,6.539108622526848,28.76979837703244,-15.594883740141002,10.328479791815546
6.888099670410156,1.13569,-2.94477,-0.388989,-0.242373,0.754469,-0.185119,0.0873807,0.480727,0.505755,0.443472,0.457265,0.581184,-0.506426,0.0354541,0.472056,0.21811,-0.416103,-0.419762,-0.544183,0.595419,3.0849154895649877,2.7770750011862373,6.648294315957211,28.801756778201117,-15.17665258442893,9.918446889049427
6.889063835144043,1.13569,-2.94477,-0.388989,-0.242373,0.754469,-0.185119,0.0873807,0.480727,0.505755,0.443472,0.457265,0.581184,-0.506426,0.0354541,0.472056,0.21811,-0.416103,-0.419762,-0.544183,0.595419,3.0849154895649877,2.7770750011862373,6.648294315957211,28.801756778201117,-15.17665258442893,9.918446889049427
6.928349494934082,1.75967,-2.53038,-1.23221,-0.267646,0.893148,-0.0055788,0.0874469,0.480655,0.505946,0.443497,0.455802,0.582146,-0.506618,0.0428748,0.469387,0.213136,-0.407851,-0.422553,-0.527023,0.614291,4.074158995845533,2.3060349749188087,9.649753601389177,29.709087948072046,-14.41818579792317,9.264555741193055
6.930714845657349,1.75967,-2.53038,-1.23221,-0.267646,0.893148,-0.0055788,0.0874469,0.480655,0.505946,0.443497,0.455802,0.582146,-0.506618,0.0428748,0.469387,0.213136,-0.407851,-0.422553,-0.527023,0.614291,4.074158995845533,2.3060349749188087,9.649753601389177,29.709087948072046,-14.41818579792317,9.264555741193055
6.958284139633179,2.35735,-3.27604,-0.99334,-0.331006,0.809683,-0.032343,0.0874056,0.480726,0.506107,0.444316,0.455655,0.58229,-0.505866,0.0478599,0.46756,0.209635,-0.403425,-0.42735,-0.514717,0.624249,4.633746198206949,2.258028760190679,11.62466734546547,30.139521165038946,-15.269478170274205,9.613797901011989
6.9601805210113525,2.35735,-3.27604,-0.99334,-0.331006,0.809683,-0.032343,0.0874056,0.480726,0.506107,0.444316,0.455655,0.58229,-0.505866,0.0478599,0.46756,0.209635,-0.403425,-0.42735,-0.514717,0.624249,4.633746198206949,2.258028760190679,11.62466734546547,30.139521165038946,-15.269478170274205,9.613797901011989
6.9767539501190186,4.65857,-3.0711,-1.03868,-0.302459,0.62972,0.138125,0.0874375,0.48072,0.506076,0.444235,0.455671,0.582315,-0.505893,0.0504884,0.466439,0.207929,-0.400871,-0.427716,-0.508816,0.63045,5.017157787015481,2.003806129879066,12.558711934734996,30.384196851110026,-14.625185638216712,9.066550547783873
6.977771043777466,4.65857,-3.0711,-1.03868,-0.302459,0.62972,0.138125,0.0874375,0.48072,0.506076,0.444235,0.455671,0.582315,-0.505893,0.0504884,0.466439,0.207929,-0.400871,-0.427716,-0.508816,0.63045,5.017157787015481,2.003806129879066,12.558711934734996,30.384196851110026,-14.625185638216712,9.066550547783873
6.992022514343262,3.15639,-3.62791,-0.456694,-0.419452,0.724066,0.0799198,0.0876836,0.48058,0.505965,0.443851,0.456192,0.580728,-0.507583,0.05593,0.464341,0.204663,-0.394106,-0.429712,-0.496344,0.643172,5.540660308978169,1.536206786856071,14.391616801221105,31.27568222182376,-13.056771969352344,8.6291075558217
6.992966175079346,3.15639,-3.62791,-0.456694,-0.419452,0.724066,0.0799198,0.0876836,0.48058,0.505965,0.443851,0.456192,0.580728,-0.507583,0.05593,0.464341,0.204663,-0.394106,-0.429712,-0.496344,0.643172,5.540660308978169,1.536206786856071,14.391616801221105,31.27568222182376,-13.056771969352344,8.6291075558217
7.023369789123535,2.99883,-4.34465,0.225604,-0.470026,0.676125,0.113538,0.0877145,0.480648,0.505683,0.44202,0.458324,0.581664,-0.506186,0.0612026,0.46236,0.201772,-0.385503,-0.435814,-0.484977,0.652879,6.028017808456691,1.3314628097519934,16.46991439082013,30.002392391387616,-13.826624508389108,7.948633565238918
7.02432656288147,2.99883,-4.34465,0.225604,-0.470026,0.676125,0.113538,0.0877145,0.480648,0.505683,0.44202,0.458324,0.581664,-0.506186,0.0612026,0.46236,0.201772,-0.385503,-0.435814,-0.484977,0.652879,6.028017808456691,1.3314628097519934,16.46991439082013,30.002392391387616,-13.826624508389108,7.948633565238918
7.038053274154663,3.27617,-4.01297,0.405734,-0.408887,0.655446,0.263547,0.0876625,0.480595,0.505483,0.443633,0.457928,0.580305,-0.506693,0.0627044,0.461852,0.201251,-0.382538,-0.438111,-0.482666,0.654795,5.676469525153109,1.2851998744246582,16.974771038722416,30.0951437632738,-14.015565037327207,9.150814386249786
7.0389792919158936,3.27617,-4.01297,0.405734,-0.408887,0.655446,0.263547,0.0876625,0.480595,0.505483,0.443633,0.457928,0.580305,-0.506693,0.0627044,0.461852,0.201251,-0.382538,-0.438111,-0.482666,0.654795,5.676469525153109,1.2851998744246582,16.974771038722416,30.0951437632738,-14.015565037327207,9.150814386249786
7.054596662521362,2.96959,-3.4723,0.933527,-0.365022,0.62236,0.420835,0.0874787,0.480598,0.505324,0.4437,0.456998,0.580952,-0.506732,0.0654655,0.460823,0.199995,-0.380613,-0.44011,-0.476606,0.659001,5.956150923565565,1.3788301063285768,17.90941262593087,30.42569296334037,-13.690535475359088,8.561518211462218
7.0555315017700195,2.96959,-3.4723,0.933527,-0.365022,0.62236,0.420835,0.0874787,0.480598,0.505324,0.4437,0.456998,0.580952,-0.506732,0.0654655,0.460823,0.199995,-0.380613,-0.44011,-0.476606,0.659001,5.956150923565565,1.3788301063285768,17.90941262593087,30.42569296334037,-13.690535475359088,8.561518211462218
7.0884411334991455,3.09072,-4.37167,1.27036,-0.474885,0.58688,0.351553,0.0872903,0.480695,0.505247,0.443684,0.455728,0.582177,-0.506485,0.071275,0.459421,0.198274,-0.373129,-0.448753,-0.466503,0.664659,5.895884885360256,1.8723034281999098,19.848490204463307,29.840864850689062,-14.267854991563096,9.273128840866763
7.089371204376221,3.09072,-4.37167,1.27036,-0.474885,0.58688,0.351553,0.0872903,0.480695,0.505247,0.443684,0.455728,0.582177,-0.506485,0.071275,0.459421,0.198274,-0.373129,-0.448753,-0.466503,0.664659,5.895884885360256,1.8723034281999098,19.848490204463307,29.840864850689062,-14.267854991563096,9.273128840866763
7.105062961578369,2.95411,-4.5388,0.696554,-0.454249,0.715625,0.372846,0.0873542,0.48062,0.505301,0.443949,0.455164,0.581954,-0.507015,0.0748832,0.458889,0.197899,-0.367782,-0.454925,-0.461577,0.666878,5.565164099506264,2.247258273746552,20.84815157771604,29.517783891470458,-14.481531505263444,10.3066381008198
7.106006383895874,2.95411,-4.5388,0.696554,-0.454249,0.715625,0.372846,0.0873542,0.48062,0.505301,0.443949,0.455164,0.581954,-0.507015,0.0748832,0.458889,0.197899,-0.367782,-0.454925,-0.461577,0.666878,5.565164099506264,2.247258273746552,20.84815157771604,29.517783891470458,-14.481531505263444,10.3066381008198
7.121411561965942,3.00648,-4.59245,0.938377,-0.442426,0.687139,0.434235,0.0874682,0.480631,0.505391,0.444108,0.457189,0.580553,-0.506661,0.0772348,0.458461,0.197715,-0.366929,-0.455701,-0.457915,0.669338,5.8162315501371955,1.996279625264414,21.174240856756605,29.763199772110262,-13.691484802568622,9.13146702518381
7.122337102890015,3.00648,-4.59245,0.938377,-0.442426,0.687139,0.434235,0.0874682,0.480631,0.505391,0.444108,0.457189,0.580553,-0.506661,0.0772348,0.458461,0.197715,-0.366929,-0.455701,-0.457915,0.669338,5.8162315501371955,1.996279625264414,21.174240856756605,29.763199772110262,-13.691484802568622,9.13146702518381
7.138411045074463,4.47344,-4.39629,0.730692,-0.405794,0.575163,0.546973,0.0875125,0.480646,0.505427,0.444376,0.456557,0.580958,-0.50653,0.0784078,0.458236,0.197559,-0.365453,-0.459358,-0.455532,0.669272,5.707626637220244,2.359057368438347,21.626007086166453,29.726535333833073,-14.762978969882656,9.814561419750905
7.139341831207275,4.47344,-4.39629,0.730692,-0.405794,0.575163,0.546973,0.0875125,0.480646,0.505427,0.444376,0.456557,0.580958,-0.50653,0.0784078,0.458236,0.197559,-0.365453,-0.459358,-0.455532,0.669272,5.707626637220244,2.359057368438347,21.626007086166453,29.726535333833073,-14.762978969882656,9.814561419750905
7.15463924407959,3.69787,-4.69553,0.984024,-0.454341,0.663674,0.562925,0.087655,0.480639,0.50558,0.442923,0.457353,0.581278,-0.506718,0.0823194,0.45736,0.197083,-0.361011,-0.460621,-0.449452,0.674902,6.0404308890113345,2.1511789045077827,22.598134734671756,29.630264163892658,-13.04844126630407,8.04974163805326
7.1555681228637695,3.69787,-4.69553,0.984024,-0.454341,0.663674,0.562925,0.087655,0.480639,0.50558,0.442923,0.457353,0.581278,-0.506718,0.0823194,0.45736,0.197083,-0.361011,-0.460621,-0.449452,0.674902,6.0404308890113345,2.1511789045077827,22.598134734671756,29.630264163892658,-13.04844126630407,8.04974163805326
7.188614130020142,4.13764,-4.48301,0.958327,-0.424411,0.656773,0.735848,0.0878242,0.48058,0.505563,0.44207,0.458538,0.581005,-0.506705,0.0862525,0.456479,0.196644,-0.355907,-0.466539,-0.442975,0.677823,6.069123615275986,2.4063573749857725,23.622680821243218,29.221847644507527,-13.293191092164427,7.79842102230798
7.1895647048950195,4.13764,-4.48301,0.958327,-0.424411,0.656773,0.735848,0.0878242,0.48058,0.505563,0.44207,0.458538,0.581005,-0.506705,0.0862525,0.456479,0.196644,-0.355907,-0.466539,-0.442975,0.677823,6.069123615275986,2.4063573749857725,23.622680821243218,29.221847644507527,-13.293191092164427,7.79842102230798
7.223246812820435,4.42887,-4.88698,1.07383,-0.546236,0.700295,0.830408,0.0878044,0.480554,0.505377,0.441833,0.458898,0.580835,-0.506781,0.0928777,0.454239,0.195294,-0.348564,-0.476259,-0.432695,0.68151,5.999292577934648,2.9942291375412435,25.28796110701771,28.050604215678867,-13.398935914113558,8.42851904549464
7.224641561508179,4.42887,-4.88698,1.07383,-0.546236,0.700295,0.830408,0.0878044,0.480554,0.505377,0.441833,0.458898,0.580835,-0.506781,0.0928777,0.454239,0.195294,-0.348564,-0.476259,-0.432695,0.68151,5.999292577934648,2.9942291375412435,25.28796110701771,28.050604215678867,-13.398935914113558,8.42851904549464
7.257193565368652,4.27703,-5.9995,1.91016,-0.73826,0.59231,0.766083,0.0876579,0.480402,0.505118,0.444099,0.455043,0.579944,-0.509291,0.0980729,0.45205,0.193872,-0.343434,-0.479317,-0.422719,0.688199,5.837225391357043,3.1769136530446835,26.848195923568433,29.63134094490046,-11.639204401690318,9.100589747864081
7.258617877960205,4.27703,-5.9995,1.91016,-0.73826,0.59231,0.766083,0.0876579,0.480402,0.505118,0.444099,0.455043,0.579944,-0.509291,0.0980729,0.45205,0.193872,-0.343434,-0.479317,-0.422719,0.688199,5.837225391357043,3.1769136530446835,26.848195923568433,29.63134094490046,-11.639204401690318,9.100589747864081
7.276468515396118,3.99146,-4.41901,2.19347,-0.563936,0.689041,1.14211,0.0877671,0.480348,0.504841,0.443765,0.456298,0.579136,-0.509378,0.100358,0.450881,0.193349,-0.342555,-0.48103,-0.417987,0.690328,6.141152838032461,3.1682248499044157,27.278704752542254,29.63959770772893,-11.309990871992001,8.023521836831863
7.277817010879517,3.99146,-4.41901,2.19347,-0.563936,0.689041,1.14211,0.0877671,0.480348,0.504841,0.443765,0.456298,0.579136,-0.509378,0.100358,0.450881,0.193349,-0.342555,-0.48103,-0.417987,0.690328,6.141152838032461,3.1682248499044157,27.278704752542254,29.63959770772893,-11.309990871992001,8.023521836831863
7.294961452484131,3.94621,-5.47058,2.50437,-0.70572,0.645971,0.95522,0.0879401,0.480362,0.504586,0.442969,0.45764,0.580336,-0.507498,0.1043,0.449021,0.192409,-0.338139,-0.48425,-0.411403,0.694199,6.510834193432408,3.0686172419209448,28.451268317480107,28.53202140219569,-11.492813113419565,6.595988176665598
7.296298027038574,3.94621,-5.47058,2.50437,-0.70572,0.645971,0.95522,0.0879401,0.480362,0.504586,0.442969,0.45764,0.580336,-0.507498,0.1043,0.449021,0.192409,-0.338139,-0.48425,-0.411403,0.694199,6.510834193432408,3.0686172419209448,28.451268317480107,28.53202140219569,-11.492813113419565,6.595988176665598
7.3124284744262695,4.09999,-4.75978,1.52832,-0.606953,0.79412,1.08828,0.0880858,0.480144,0.504618,0.44447,0.455745,0.578686,-0.509769,0.106682,0.448032,0.192206,-0.337438,-0.48794,-0.407473,0.694273,6.237483749107362,3.5873050417079924,28.792763762349345,29.37404241873174,-11.016715201061864,8.080458648448692
7.313352584838867,4.09999,-4.75978,1.52832,-0.606953,0.79412,1.08828,0.0880858,0.480144,0.504618,0.44447,0.455745,0.578686,-0.509769,0.106682,0.448032,0.192206,-0.337438,-0.48794,-0.407473,0.694273,6.237483749107362,3.5873050417079924,28.792763762349345,29.37404241873174,-11.016715201061864,8.080458648448692
7.328060150146484,5.86863,-4.72307,1.61106,-0.626982,0.578568,1.16684,0.0881372,0.480149,0.504676,0.443574,0.455932,0.578768,-0.510289,0.107817,0.447588,0.192022,-0.334965,-0.489221,-0.405905,0.695487,6.201306246829994,3.646436787848002,29.089099043418567,28.910329745235448,-10.525829210855765,8.146049567470738
7.328981161117554,5.86863,-4.72307,1.61106,-0.626982,0.578568,1.16684,0.0881372,0.480149,0.504676,0.443574,0.455932,0.578768,-0.510289,0.107817,0.447588,0.192022,-0.334965,-0.489221,-0.405905,0.695487,6.201306246829994,3.646436787848002,29.089099043418567,28.910329745235448,-10.525829210855765,8.146049567470738
7.343183279037476,4.55939,-4.69368,1.71016,-0.627285,0.741542,1.18128,0.0882482,0.480141,0.504901,0.442921,0.457194,0.577916,-0.510693,0.110213,0.446489,0.191615,-0.333049,-0.492104,-0.401857,0.696723,6.331137866042385,3.7815106959575027,29.485367794226473,28.440204814776504,-10.023750397784447,8.174723019601304
7.344102621078491,4.55939,-4.69368,1.71016,-0.627285,0.741542,1.18128,0.0882482,0.480141,0.504901,0.442921,0.457194,0.577916,-0.510693,0.110213,0.446489,0.191615,-0.333049,-0.492104,-0.401857,0.696723,6.331137866042385,3.7815106959575027,29.485367794226473,28.440204814776504,-10.023750397784447,8.174723019601304
7.371620416641235,3.97561,-4.31601,0.564231,-0.538898,0.92384,1.13259,0.0882299,0.480319,0.505092,0.442052,0.459165,0.579765,-0.507573,0.113176,0.444938,0.191121,-0.333363,-0.494206,-0.395533,0.698701,7.189468983184085,3.7414288455902356,30.27699730704393,27.685871576974453,-10.727321652485102,5.702602155966401
7.372561693191528,3.97561,-4.31601,0.564231,-0.538898,0.92384,1.13259,0.0882299,0.480319,0.505092,0.442052,0.459165,0.579765,-0.507573,0.113176,0.444938,0.191121,-0.333363,-0.494206,-0.395533,0.698701,7.189468983184085,3.7414288455902356,30.27699730704393,27.685871576974453,-10.727321652485102,5.702602155966401
7.388434648513794,4.19843,-3.96804,-0.212783,-0.478027,0.959037,1.11396,0.0882907,0.48041,0.505093,0.441844,0.461067,0.580303,-0.50541,0.114548,0.444495,0.19105,-0.333375,-0.494629,-0.393735,0.699411,7.550024411595313,3.5222967455726537,30.53878237894011,27.05449003369958,-10.973774490797556,4.278907002698073
7.389366626739502,4.19843,-3.96804,-0.212783,-0.478027,0.959037,1.11396,0.0882907,0.48041,0.505093,0.441844,0.461067,0.580303,-0.50541,0.114548,0.444495,0.19105,-0.333375,-0.494629,-0.393735,0.699411,7.550024411595313,3.5222967455726537,30.53878237894011,27.05449003369958,-10.973774490797556,4.278907002698073
7.404777526855469,4.52061,-2.93894,-0.317192,-0.351734,0.747059,1.09188,0.088368,0.480298,0.505366,0.442377,0.460186,0.5794,-0.506782,0.115475,0.444088,0.190698,-0.338423,-0.495907,-0.393781,0.696047,7.661416865621784,4.095566718067573,29.964163658891906,27.036818754078038,-9.832143122702515,5.390893910859217
7.405720472335815,4.52061,-2.93894,-0.317192,-0.351734,0.747059,1.09188,0.088368,0.480298,0.505366,0.442377,0.460186,0.5794,-0.506782,0.115475,0.444088,0.190698,-0.338423,-0.495907,-0.393781,0.696047,7.661416865621784,4.095566718067573,29.964163658891906,27.036818754078038,-9.832143122702515,5.390893910859217
7.4214818477630615,5.21763,-2.3359,-1.03331,-0.30461,0.753375,1.00304,0.0883715,0.480177,0.505509,0.443994,0.457582,0.57827,-0.509011,0.115572,0.443408,0.190115,-0.340663,-0.495635,-0.391345,0.696523,7.633223279031338,4.357763478792875,29.984013333510948,28.631439821117972,-9.403710010063211,6.643905318432873
7.422412157058716,5.21763,-2.3359,-1.03331,-0.30461,0.753375,1.00304,0.0883715,0.480177,0.505509,0.443994,0.457582,0.57827,-0.509011,0.115572,0.443408,0.190115,-0.340663,-0.495635,-0.391345,0.696523,7.633223279031338,4.357763478792875,29.984013333510948,28.631439821117972,-9.403710010063211,6.643905318432873
7.454598665237427,4.90825,-2.05268,-1.88068,-0.294781,0.830536,0.671816,0.0883453,0.480278,0.50528,0.442105,0.459872,0.579672,-0.506993,0.114512,0.442412,0.189063,-0.345819,-0.492553,-0.392618,0.69545,8.442256485163625,4.150781262534745,29.418072650435587,26.763637918709872,-9.318506980206184,4.908825079111024
7.455557584762573,4.90825,-2.05268,-1.88068,-0.294781,0.830536,0.671816,0.0883453,0.480278,0.50528,0.442105,0.459872,0.579672,-0.506993,0.114512,0.442412,0.189063,-0.345819,-0.492553,-0.392618,0.69545,8.442256485163625,4.150781262534745,29.418072650435587,26.763637918709872,-9.318506980206184,4.908825079111024
7.471288204193115,4.4403,-2.16996,-1.50657,-0.282923,0.714479,0.442646,0.0883778,0.48026,0.505297,0.442491,0.459706,0.579672,-0.506807,0.112401,0.441447,0.187723,-0.352683,-0.487537,-0.394079,0.694712,8.990645491766161,3.9309726497098567,28.705903748570886,26.652303779002782,-8.98028805398378,4.807660565019209
7.472213506698608,4.4403,-2.16996,-1.50657,-0.282923,0.714479,0.442646,0.0883778,0.48026,0.505297,0.442491,0.459706,0.579672,-0.506807,0.112401,0.441447,0.187723,-0.352683,-0.487537,-0.394079,0.694712,8.990645491766161,3.9309726497098567,28.705903748570886,26.652303779002782,-8.98028805398378,4.807660565019209
7.488056898117065,4.53222,-1.93401,-1.47778,-0.228586,0.654378,0.393201,0.0883263,0.480299,0.505331,0.442768,0.459783,0.579522,-0.506666,0.111498,0.441056,0.187255,-0.356007,-0.485855,-0.394268,0.694087,9.261228405610806,3.8948357198686674,28.39485812564264,26.737246836323138,-9.08380315183748,4.707725275827666
7.488985300064087,4.53222,-1.93401,-1.47778,-0.228586,0.654378,0.393201,0.0883263,0.480299,0.505331,0.442768,0.459783,0.579522,-0.506666,0.111498,0.441056,0.187255,-0.356007,-0.485855,-0.394268,0.694087,9.261228405610806,3.8948357198686674,28.39485812564264,26.737246836323138,-9.08380315183748,4.707725275827666
7.504648923873901,4.14718,-1.18592,-1.54353,-0.134414,0.623524,0.321451,0.0879934,0.480499,0.505599,0.44308,0.458939,0.580419,-0.506132,0.107886,0.440097,0.18546,-0.360028,-0.481188,-0.395649,0.694478,9.638221914241702,3.6045735890945405,28.06476104774483,26.605156189945454,-10.11073830847226,5.84090867982681
7.5055787563323975,4.14718,-1.18592,-1.54353,-0.134414,0.623524,0.321451,0.0879934,0.480499,0.505599,0.44308,0.458939,0.580419,-0.506132,0.107886,0.440097,0.18546,-0.360028,-0.481188,-0.395649,0.694478,9.638221914241702,3.6045735890945405,28.06476104774483,26.605156189945454,-10.11073830847226,5.84090867982681
7.537984848022461,3.86872,-1.19086,-1.654,-0.123209,0.538569,0.000220145,0.0877205,0.480564,0.505894,0.44388,0.456642,0.57926,-0.508829,0.103526,0.438772,0.183468,-0.370761,-0.474456,-0.398445,0.691859,10.103424616494474,3.76131792791961,26.690228753445314,27.265015663303316,-9.245945704121104,7.743296718951456
7.538925409317017,3.86872,-1.19086,-1.654,-0.123209,0.538569,0.000220145,0.0877205,0.480564,0.505894,0.44388,0.456642,0.57926,-0.508829,0.103526,0.438772,0.183468,-0.370761,-0.474456,-0.398445,0.691859,10.103424616494474,3.76131792791961,26.690228753445314,27.265015663303316,-9.245945704121104,7.743296718951456
7.554474830627441,3.69117,-0.414648,-1.82369,-0.00328155,0.508315,0.00385495,0.0876461,0.480564,0.505926,0.444261,0.456445,0.579259,-0.508675,0.0979875,0.437014,0.181382,-0.386426,-0.461366,-0.401932,0.690121,11.454233677817422,3.2239893061722382,24.95584541996824,27.91858137152981,-8.352377720986972,6.2159767519764815
7.55540657043457,3.69117,-0.414648,-1.82369,-0.00328155,0.508315,0.00385495,0.0876461,0.480564,0.505926,0.444261,0.456445,0.579259,-0.508675,0.0979875,0.437014,0.181382,-0.386426,-0.461366,-0.401932,0.690121,11.454233677817422,3.2239893061722382,24.95584541996824,27.91858137152981,-8.352377720986972,6.2159767519764815
7.571925401687622,2.19016,-1.82864,-1.1918,-0.17819,0.561451,-0.355861,0.0875171,0.480708,0.50589,0.444355,0.457155,0.580618,-0.5064,0.0932688,0.435863,0.180187,-0.39681,-0.455004,-0.405507,0.686351,12.341925095989033,3.07282936624911,23.820195045106182,27.25549301447048,-10.307093739361562,5.629268101307034
7.572861433029175,2.19016,-1.82864,-1.1918,-0.17819,0.561451,-0.355861,0.0875171,0.480708,0.50589,0.444355,0.457155,0.580618,-0.5064,0.0932688,0.435863,0.180187,-0.39681,-0.455004,-0.405507,0.686351,12.341925095989033,3.07282936624911,23.820195045106182,27.25549301447048,-10.307093739361562,5.629268101307034
7.588653326034546,3.20927,-0.868263,-0.945316,-0.0647688,0.417707,-0.152529,0.087422,0.480724,0.505903,0.443996,0.457055,0.581214,-0.506121,0.0905631,0.435127,0.179518,-0.403315,-0.452382,-0.408718,0.682376,12.691991387811566,3.3181735836210775,22.88752413920238,26.42809792268404,-10.99421340945231,6.127997176593876
7.589602470397949,3.20927,-0.868263,-0.945316,-0.0647688,0.417707,-0.152529,0.087422,0.480724,0.505903,0.443996,0.457055,0.581214,-0.506121,0.0905631,0.435127,0.179518,-0.403315,-0.452382,-0.408718,0.682376,12.691991387811566,3.3181735836210775,22.88752413920238,26.42809792268404,-10.99421340945231,6.127997176593876
7.605237722396851,2.2879,-0.891931,-0.824641,-0.0520602,0.543012,-0.213596,0.087134,0.480929,0.50595,0.442957,0.457107,0.582685,-0.505292,0.0823577,0.43237,0.177582,-0.422954,-0.438552,-0.415342,0.67548,14.28357555740881,3.287177841446481,20.381930417383074,25.34629160405235,-11.774295105058826,4.9321148674644775
7.606176137924194,2.2879,-0.891931,-0.824641,-0.0520602,0.543012,-0.213596,0.087134,0.480929,0.50595,0.442957,0.457107,0.582685,-0.505292,0.0823577,0.43237,0.177582,-0.422954,-0.438552,-0.415342,0.67548,14.28357555740881,3.287177841446481,20.381930417383074,25.34629160405235,-11.774295105058826,4.9321148674644775
7.622025012969971,1.70431,-1.28938,-0.58625,-0.0854595,0.555074,-0.340764,0.0870559,0.480926,0.505946,0.443623,0.45635,0.582263,-0.505879,0.0770136,0.430407,0.176299,-0.433485,-0.429602,-0.420649,0.671258,14.815476955184836,3.191675582840036,18.78804898053325,25.01249099372764,-11.94836977975175,5.689516546596128
7.622961044311523,1.70431,-1.28938,-0.58625,-0.0854595,0.555074,-0.340764,0.0870559,0.480926,0.505946,0.443623,0.45635,0.582263,-0.505879,0.0770136,0.430407,0.176299,-0.433485,-0.429602,-0.420649,0.671258,14.815476955184836,3.191675582840036,18.78804898053325,25.01249099372764,-11.94836977975175,5.689516546596128
7.654601097106934,1.99912,-1.17579,-0.950387,-0.0331786,0.586848,-0.303307,0.0872303,0.480728,0.505998,0.444793,0.455801,0.580811,-0.507014,0.0656553,0.426063,0.174343,-0.457847,-0.408933,-0.432995,0.66005,16.08889805609315,3.057824829976852,14.893468006430416,24.521538285571726,-11.845929489312436,6.332700659352956
7.655537128448486,1.99912,-1.17579,-0.950387,-0.0331786,0.586848,-0.303307,0.0872303,0.480728,0.505998,0.444793,0.455801,0.580811,-0.507014,0.0656553,0.426063,0.174343,-0.457847,-0.408933,-0.432995,0.66005,16.08889805609315,3.057824829976852,14.893468006430416,24.521538285571726,-11.845929489312436,6.332700659352956
7.671882629394531,1.81761,-1.14478,-0.958573,-0.00555059,0.62148,-0.306043,0.087236,0.480734,0.506037,0.444999,0.45515,0.581051,-0.507143,0.0597504,0.423697,0.173645,-0.470648,-0.397566,-0.440097,0.653258,16.80409772582029,3.0679642865007026,12.815297887902075,23.885576367268843,-11.650861130350643,6.254948625529401
7.672822713851929,1.81761,-1.14478,-0.958573,-0.00555059,0.62148,-0.306043,0.087236,0.480734,0.506037,0.444999,0.45515,0.581051,-0.507143,0.0597504,0.423697,0.173645,-0.470648,-0.397566,-0.440097,0.653258,16.80409772582029,3.0679642865007026,12.815297887902075,23.885576367268843,-11.650861130350643,6.254948625529401
7.684942960739136,1.81761,-1.14478,-0.958573,-0.00555059,0.62148,-0.306043,0.087236,0.480734,0.506037,0.444999,0.45515,0.581051,-0.507143,0.0597504,0.423697,0.173645,-0.470648,-0.397566,-0.440097,0.653258,16.80409772582029,3.0679642865007026,12.815297887902075,23.885576367268843,-11.650861130350643,6.254948625529401
7.705198287963867,1.4291,-1.20728,-0.989848,0.03885,0.660223,-0.330875,0.0872961,0.480835,0.505997,0.443968,0.457055,0.582075,-0.505155,0.0489438,0.41904,0.17286,-0.49111,-0.377652,-0.451938,0.641827,18.35064764740107,2.7821579021625786,9.342399650722422,21.593483994625558,-12.844077626451213,4.797726450884955
7.706136465072632,1.4291,-1.20728,-0.989848,0.03885,0.660223,-0.330875,0.0872961,0.480835,0.505997,0.443968,0.457055,0.582075,-0.505155,0.0489438,0.41904,0.17286,-0.49111,-0.377652,-0.451938,0.641827,18.35064764740107,2.7821579021625786,9.342399650722422,21.593483994625558,-12.844077626451213,4.797726450884955
7.721467733383179,2.2325,-1.13457,-0.953349,0.0969425,0.572254,-0.315662,0.0873911,0.480705,0.50605,0.444493,0.455971,0.581718,-0.506083,0.0439715,0.416942,0.172729,0.501897,0.36883,0.458173,-0.634145,18.73324884459296,3.089290443081518,7.383834475546429,21.58220400221876,-12.799963767975834,5.185861833582276
7.722401857376099,2.2325,-1.13457,-0.953349,0.0969425,0.572254,-0.315662,0.0873911,0.480705,0.50605,0.444493,0.455971,0.581718,-0.506083,0.0439715,0.416942,0.172729,0.501897,0.36883,0.458173,-0.634145,18.73324884459296,3.089290443081518,7.383834475546429,21.58220400221876,-12.799963767975834,5.185861833582276
7.754590034484863,2.80341,-0.861166,-1.82377,0.16939,0.683308,-0.265732,0.0872886,0.480784,0.506095,0.444366,0.456019,0.582232,-0.505559,0.0356757,0.412621,0.1722,0.518152,0.35361,0.467133,-0.623109,19.725414916559817,3.2463310375316285,4.501897833530309,20.265977719762773,-13.590892487232214,4.9865603308028055
7.755533933639526,2.80341,-0.861166,-1.82377,0.16939,0.683308,-0.265732,0.0872886,0.480784,0.506095,0.444366,0.456019,0.582232,-0.505559,0.0356757,0.412621,0.1722,0.518152,0.35361,0.467133,-0.623109,19.725414916559817,3.2463310375316285,4.501897833530309,20.265977719762773,-13.590892487232214,4.9865603308028055
7.771308898925781,1.94084,-1.23033,-2.0267,0.163257,0.81682,-0.388036,0.0871859,0.480758,0.506249,0.444711,0.454733,0.581363,-0.507412,0.0329639,0.410535,0.171788,0.521937,0.353157,0.469647,-0.618299,19.483952161713642,3.8380819773002237,3.6071258506315838,19.3397605304221,-14.752406863494786,7.437825130435664
7.772235155105591,1.94084,-1.23033,-2.0267,0.163257,0.81682,-0.388036,0.0871859,0.480758,0.506249,0.444711,0.454733,0.581363,-0.507412,0.0329639,0.410535,0.171788,0.521937,0.353157,0.469647,-0.618299,19.483952161713642,3.8380819773002237,3.6071258506315838,19.3397605304221,-14.752406863494786,7.437825130435664
7.788596153259277,1.94256,-0.924752,-1.85901,0.208195,0.769338,-0.338944,0.0872142,0.480775,0.50635,0.443487,0.456138,0.58165,-0.506894,0.0318878,0.409406,0.17164,0.525977,0.34792,0.469446,-0.617997,20.229821658664846,3.6494584424279446,3.0688100631292525,19.192912372546957,-14.08769113065283,5.637947315729297
7.7895307540893555,1.94256,-0.924752,-1.85901,0.208195,0.769338,-0.338944,0.0872142,0.480775,0.50635,0.443487,0.456138,0.58165,-0.506894,0.0318878,0.409406,0.17164,0.525977,0.34792,0.469446,-0.617997,20.229821658664846,3.6494584424279446,3.0688100631292525,19.192912372546957,-14.08769113065283,5.637947315729297
7.80523681640625,2.29158,-1.57548,-1.7388,0.124404,0.695797,-0.475478,0.0871626,0.4808,0.506424,0.443362,0.455561,0.581557,-0.507627,0.0286111,0.406535,0.171,0.535124,0.341367,0.472476,-0.611456,20.725704931196226,4.102940251169251,1.5076391487808354,18.510151166820588,-14.104252168191863,6.04727840708793
7.806171894073486,2.29158,-1.57548,-1.7388,0.124404,0.695797,-0.475478,0.0871626,0.4808,0.506424,0.443362,0.455561,0.581557,-0.507627,0.0286111,0.406535,0.171,0.535124,0.341367,0.472476,-0.611456,20.725704931196226,4.102940251169251,1.5076391487808354,18.510151166820588,-14.104252168191863,6.04727840708793
7.8546411991119385,2.23458,-0.842532,-2.06077,0.217122,0.747387,-0.352416,0.0871454,0.480756,0.506227,0.444876,0.454659,0.581234,-0.507482,0.0257555,0.403878,0.170473,0.544234,0.33174,0.475098,-0.606663,21.32871811541018,4.092285223736413,0.15070296076201592,19.09280697538386,-13.5662079016691,5.395684188522159
7.858726263046265,2.23458,-0.842532,-2.06077,0.217122,0.747387,-0.352416,0.0871454,0.480756,0.506227,0.444876,0.454659,0.581234,-0.507482,0.0257555,0.403878,0.170473,0.544234,0.33174,0.475098,-0.606663,21.32871811541018,4.092285223736413,0.15070296076201592,19.09280697538386,-13.5662079016691,5.395684188522159
7.894575595855713,1.85144,-0.999832,-0.823904,0.177504,0.554676,-0.380586,0.0874,0.48073,0.506045,0.444575,0.456394,0.582017,-0.505286,0.0226791,0.399404,0.168756,0.559733,0.325522,0.481349,-0.590794,21.976272173833298,5.135680800238851,-2.636489923051815,15.75984837374175,-14.464049084040182,6.603956236452586
7.896129846572876,1.85144,-0.999832,-0.823904,0.177504,0.554676,-0.380586,0.0874,0.48073,0.506045,0.444575,0.456394,0.582017,-0.505286,0.0226791,0.399404,0.168756,0.559733,0.325522,0.481349,-0.590794,21.976272173833298,5.135680800238851,-2.636489923051815,15.75984837374175,-14.464049084040182,6.603956236452586
7.912366628646851,2.60813,-0.771199,-1.04876,0.147464,0.530506,-0.227453,0.0873213,0.480746,0.505792,0.44431,0.457186,0.580208,-0.506881,0.0230412,0.3969,0.167286,0.559742,0.322818,0.47508,-0.597308,22.667249022537646,4.774273454535157,-2.172339579938599,16.286975836939497,-14.178761691763722,6.060581452037084
7.913344383239746,2.60813,-0.771199,-1.04876,0.147464,0.530506,-0.227453,0.0873213,0.480746,0.505792,0.44431,0.457186,0.580208,-0.506881,0.0230412,0.3969,0.167286,0.559742,0.322818,0.47508,-0.597308,22.667249022537646,4.774273454535157,-2.172339579938599,16.286975836939497,-14.178761691763722,6.060581452037084
7.938448429107666,2.62607,-1.06435,-1.14002,0.0447394,0.566967,-0.21057,0.087325,0.480734,0.505841,0.444351,0.456491,0.581321,-0.506195,0.0242334,0.395816,0.166504,0.558421,0.325171,0.471841,-0.59983,22.82293426272759,4.785861930673455,-1.4650927980833177,15.56906524014997,-15.285363234769342,6.523691115856857
7.939424276351929,2.62607,-1.06435,-1.14002,0.0447394,0.566967,-0.21057,0.087325,0.480734,0.505841,0.444351,0.456491,0.581321,-0.506195,0.0242334,0.395816,0.166504,0.558421,0.325171,0.471841,-0.59983,22.82293426272759,4.785861930673455,-1.4650927980833177,15.56906524014997,-15.285363234769342,6.523691115856857
7.95501446723938,2.08061,-1.73167,-0.972663,-0.113641,0.601942,-0.287443,0.0874421,0.48064,0.505881,0.443851,0.456188,0.581197,-0.507049,0.0265137,0.394341,0.165538,0.556392,0.324354,0.467205,-0.605757,23.231637191350195,4.4645067167877395,-0.7077243351719759,15.41386419054484,-13.775981819184597,6.218277000125384
7.95597243309021,2.08061,-1.73167,-0.972663,-0.113641,0.601942,-0.287443,0.0874421,0.48064,0.505881,0.443851,0.456188,0.581197,-0.507049,0.0265137,0.394341,0.165538,0.556392,0.324354,0.467205,-0.605757,23.231637191350195,4.4645067167877395,-0.7077243351719759,15.41386419054484,-13.775981819184597,6.218277000125384
7.971561908721924,2.94953,-1.59506,-1.12923,-0.159595,0.549978,-0.162376,0.0875034,0.480618,0.505804,0.443981,0.45682,0.581367,-0.506171,0.0284679,0.393412,0.164948,0.554657,0.326383,0.462019,-0.61022,23.581479892682342,4.243598471623613,0.17086727064545268,15.109385807062232,-14.640418644600569,5.548551643685353
7.972496509552002,2.94953,-1.59506,-1.12923,-0.159595,0.549978,-0.162376,0.0875034,0.480618,0.505804,0.443981,0.45682,0.581367,-0.506171,0.0284679,0.393412,0.164948,0.554657,0.326383,0.462019,-0.61022,23.581479892682342,4.243598471623613,0.17086727064545268,15.109385807062232,-14.640418644600569,5.548551643685353
8.005255937576294,3.63985,-0.887274,-1.56106,-0.0861476,0.674006,0.127228,0.08763,0.480665,0.505752,0.443219,0.4579,0.580658,-0.506676,0.0352414,0.391089,0.162932,0.54759,0.332119,0.440836,-0.628892,24.93277536766193,3.561564151723848,3.3501454010007814,16.554886130910415,-15.590376749404166,2.6367314007640155
8.00618863105774,3.63985,-0.887274,-1.56106,-0.0861476,0.674006,0.127228,0.08763,0.480665,0.505752,0.443219,0.4579,0.580658,-0.506676,0.0352414,0.391089,0.162932,0.54759,0.332119,0.440836,-0.628892,24.93277536766193,3.561564151723848,3.3501454010007814,16.554886130910415,-15.590376749404166,2.6367314007640155
8.021226406097412,2.52122,-2.66824,-0.824571,-0.393093,0.706574,-0.147482,0.087725,0.480566,0.505962,0.444174,0.456675,0.579939,-0.507768,0.0395102,0.389931,0.16159,0.541995,0.337292,0.431423,-0.637455,24.989875869171524,3.3480982630693212,5.119089037167666,17.404888061320136,-15.435364043273882,3.4653151356776926
8.022152662277222,2.52122,-2.66824,-0.824571,-0.393093,0.706574,-0.147482,0.087725,0.480566,0.505962,0.444174,0.456675,0.579939,-0.507768,0.0395102,0.389931,0.16159,0.541995,0.337292,0.431423,-0.637455,24.989875869171524,3.3480982630693212,5.119089037167666,17.404888061320136,-15.435364043273882,3.4653151356776926
8.034479141235352,2.52122,-2.66824,-0.824571,-0.393093,0.706574,-0.147482,0.087725,0.480566,0.505962,0.444174,0.456675,0.579939,-0.507768,0.0395102,0.389931,0.16159,0.541995,0.337292,0.431423,-0.637455,24.989875869171524,3.3480982630693212,5.119089037167666,17.404888061320136,-15.435364043273882,3.4653151356776926
8.054668664932251,3.37071,-1.62639,-1.56404,-0.277884,0.783963,0.18991,0.0880266,0.480317,0.505852,0.444878,0.456264,0.579511,-0.508009,0.0450816,0.388519,0.160309,0.542539,0.34186,0.423711,-0.639728,25.317868374574807,3.711264404805212,5.8456444126381095,17.328092711232294,-14.236068070679181,3.2986984434001108
8.055631875991821,3.37071,-1.62639,-1.56404,-0.277884,0.783963,0.18991,0.0880266,0.480317,0.505852,0.444878,0.456264,0.579511,-0.508009,0.0450816,0.388519,0.160309,0.542539,0.34186,0.423711,-0.639728,25.317868374574807,3.711264404805212,5.8456444126381095,17.328092711232294,-14.236068070679181,3.2986984434001108
8.071332693099976,3.78105,-1.33437,-1.34574,-0.297648,0.686904,0.340797,0.0881304,0.480363,0.505706,0.444903,0.456927,0.580466,-0.5063,0.0490667,0.387677,0.159284,0.539739,0.347823,0.417527,-0.64294,25.521141278868583,3.738942205314213,6.995782315780791,16.140843886930632,-15.127809966100404,3.403943392708426
8.07227110862732,3.78105,-1.33437,-1.34574,-0.297648,0.686904,0.340797,0.0881304,0.480363,0.505706,0.444903,0.456927,0.580466,-0.5063,0.0490667,0.387677,0.159284,0.539739,0.347823,0.417527,-0.64294,25.521141278868583,3.738942205314213,6.995782315780791,16.140843886930632,-15.127809966100404,3.403943392708426
8.104673862457275,4.20394,-1.80928,-0.84795,-0.417171,0.554278,0.38367,0.0883204,0.480285,0.505285,0.442366,0.459598,0.579846,-0.506814,0.0559759,0.385728,0.157379,0.536004,0.355095,0.400258,-0.652993,26.717849563780273,3.779724884123948,8.925583908049834,16.284955416517224,-14.806638310726527,0.9063555201963358
8.105604648590088,4.20394,-1.80928,-0.84795,-0.417171,0.554278,0.38367,0.0883204,0.480285,0.505285,0.442366,0.459598,0.579846,-0.506814,0.0559759,0.385728,0.157379,0.536004,0.355095,0.400258,-0.652993,26.717849563780273,3.779724884123948,8.925583908049834,16.284955416517224,-14.806638310726527,0.9063555201963358
8.121268272399902,3.26093,-1.44332,-0.278681,-0.409908,0.520799,0.488071,0.0884973,0.480142,0.505097,0.442769,0.457021,0.579919,-0.508705,0.0591073,0.385112,0.156764,0.533621,0.357363,0.398223,-0.65495,26.418920282120308,3.981215659252726,9.460999336314714,16.191422561359825,-12.684899152124775,1.9869854168972187
8.122195482254028,3.26093,-1.44332,-0.278681,-0.409908,0.520799,0.488071,0.0884973,0.480142,0.505097,0.442769,0.457021,0.579919,-0.508705,0.0591073,0.385112,0.156764,0.533621,0.357363,0.398223,-0.65495,26.418920282120308,3.981215659252726,9.460999336314714,16.191422561359825,-12.684899152124775,1.9869854168972187
8.138050317764282,3.22798,-2.08837,0.0579603,-0.519366,0.467786,0.408757,0.0885751,0.480068,0.505044,0.443499,0.456699,0.579636,-0.508681,0.0607878,0.384782,0.156374,0.531284,0.359401,0.393341,-0.658674,26.52149399724477,3.805624842509966,10.31983570498567,17.167900022452304,-13.166378766886794,1.6975414007746084
8.138975381851196,3.22798,-2.08837,0.0579603,-0.519366,0.467786,0.408757,0.0885751,0.480068,0.505044,0.443499,0.456699,0.579636,-0.508681,0.0607878,0.384782,0.156374,0.531284,0.359401,0.393341,-0.658674,26.52149399724477,3.805624842509966,10.31983570498567,17.167900022452304,-13.166378766886794,1.6975414007746084
8.154652118682861,2.82308,-1.79679,0.393365,-0.516485,0.471581,0.564943,0.0885933,0.479896,0.504832,0.444732,0.455029,0.578602,-0.510277,0.066081,0.383608,0.155297,0.526029,0.366676,0.383355,-0.664742,26.403035803851854,3.948996655918527,11.951660709410799,18.214330604413576,-12.7174586995809,2.4870808715395496
8.155583381652832,2.82308,-1.79679,0.393365,-0.516485,0.471581,0.564943,0.0885933,0.479896,0.504832,0.444732,0.455029,0.578602,-0.510277,0.066081,0.383608,0.155297,0.526029,0.366676,0.383355,-0.664742,26.403035803851854,3.948996655918527,11.951660709410799,18.214330604413576,-12.7174586995809,2.4870808715395496
8.171367406845093,3.78836,-2.34234,0.146673,-0.601121,0.30199,0.579034,0.0885271,0.47994,0.50479,0.444814,0.455455,0.578264,-0.510207,0.0693612,0.382716,0.154626,0.525746,0.369573,0.377118,-0.666925,26.76716473542939,4.062259667275887,12.563052292904882,18.33664632990565,-12.1846338502711,1.9735616600473036
8.172298908233643,3.78836,-2.34234,0.146673,-0.601121,0.30199,0.579034,0.0885271,0.47994,0.50479,0.444814,0.455455,0.578264,-0.510207,0.0693612,0.382716,0.154626,0.525746,0.369573,0.377118,-0.666925,26.76716473542939,4.062259667275887,12.563052292904882,18.33664632990565,-12.1846338502711,1.9735616600473036
8.205313920974731,5.22291,-1.83468,0.247572,-0.567101,0.122106,0.842124,0.0883397,0.480049,0.504872,0.443716,0.456643,0.579269,-0.508961,0.0754433,0.381062,0.153596,0.520444,0.377829,0.365851,-0.672708,27.243485092713172,4.094161264614891,14.357498471565155,17.062545033781443,-12.285245282636351,1.6402587864329359
8.20627498626709,5.22291,-1.83468,0.247572,-0.567101,0.122106,0.842124,0.0883397,0.480049,0.504872,0.443716,0.456643,0.579269,-0.508961,0.0754433,0.381062,0.153596,0.520444,0.377829,0.365851,-0.672708,27.243485092713172,4.094161264614891,14.357498471565155,17.062545033781443,-12.285245282636351,1.6402587864329359
8.221441268920898,3.85068,-1.59861,0.822914,-0.560881,0.194712,0.981154,0.0882987,0.480054,0.504864,0.443746,0.456692,0.579086,-0.509099,0.0788197,0.380222,0.153007,0.517595,0.383332,0.358602,-0.67569,27.396150281378418,4.263680682471165,15.36667244406866,17.341840467550732,-12.668455056926815,1.797607954912992
8.22238302230835,3.85068,-1.59861,0.822914,-0.560881,0.194712,0.981154,0.0882987,0.480054,0.504864,0.443746,0.456692,0.579086,-0.509099,0.0788197,0.380222,0.153007,0.517595,0.383332,0.358602,-0.67569,27.396150281378418,4.263680682471165,15.36667244406866,17.341840467550732,-12.668455056926815,1.797607954912992
8.238160371780396,2.44283,-2.49147,0.886158,-0.705738,0.354157,0.818417,0.0883296,0.480033,0.504753,0.444885,0.457217,0.578595,-0.50819,0.0805476,0.379662,0.152832,0.514927,0.384648,0.357581,-0.677519,27.201039873969197,3.942452487825907,15.882703864830217,16.638311351971605,-12.389449499637205,2.227048877890694
8.23910927772522,2.44283,-2.49147,0.886158,-0.705738,0.354157,0.818417,0.0883296,0.480033,0.504753,0.444885,0.457217,0.578595,-0.50819,0.0805476,0.379662,0.152832,0.514927,0.384648,0.357581,-0.677519,27.201039873969197,3.942452487825907,15.882703864830217,16.638311351971605,-12.389449499637205,2.227048877890694
8.254658937454224,5.62231,-2.53341,0.376171,-0.722785,0.043,0.983918,0.0883864,0.479952,0.50458,0.443873,0.456466,0.578396,-0.509974,0.0859631,0.377834,0.151891,0.508987,0.389788,0.346338,-0.684871,27.51064553236335,3.915025459804149,17.577909841723457,17.02552304075421,-10.716796953620248,1.7739369769478905
8.255625486373901,5.62231,-2.53341,0.376171,-0.722785,0.043,0.983918,0.0883864,0.479952,0.50458,0.443873,0.456466,0.578396,-0.509974,0.0859631,0.377834,0.151891,0.508987,0.389788,0.346338,-0.684871,27.51064553236335,3.915025459804149,17.577909841723457,17.02552304075421,-10.716796953620248,1.7739369769478905
8.271529197692871,2.96153,-1.60843,0.441976,-0.638407,0.356834,1.1929,0.0886101,0.47998,0.50441,0.443405,0.456944,0.579753,-0.508411,0.0895231,0.376521,0.151287,0.507692,0.395335,0.337029,-0.687292,28.13990074182401,4.096328929663373,18.746136070920226,17.136149396735313,-12.522568904733347,0.8136630522847841
8.272462368011475,2.96153,-1.60843,0.441976,-0.638407,0.356834,1.1929,0.0886101,0.47998,0.50441,0.443405,0.456944,0.579753,-0.508411,0.0895231,0.376521,0.151287,0.507692,0.395335,0.337029,-0.687292,28.13990074182401,4.096328929663373,18.746136070920226,17.136149396735313,-12.522568904733347,0.8136630522847841
8.305185556411743,3.12567,-2.03987,1.42556,-0.755228,0.100437,1.19797,0.0889776,0.479623,0.504398,0.445849,0.453998,0.577902,-0.511013,0.0966142,0.374318,0.150393,0.500174,0.404067,0.325334,-0.693335,27.698237080452444,4.291994000262059,20.71316050280744,18.865536498063303,-11.211587936295572,2.7680039334284583
8.306140184402466,3.12567,-2.03987,1.42556,-0.755228,0.100437,1.19797,0.0889776,0.479623,0.504398,0.445849,0.453998,0.577902,-0.511013,0.0966142,0.374318,0.150393,0.500174,0.404067,0.325334,-0.693335,27.698237080452444,4.291994000262059,20.71316050280744,18.865536498063303,-11.211587936295572,2.7680039334284583
8.32138967514038,0.592102,-1.7099,1.23379,-0.766542,0.367623,1.17613,0.0890824,0.479606,0.504287,0.443998,0.455899,0.57765,-0.511216,0.0986198,0.373593,0.150315,-0.499159,-0.404272,-0.324072,0.694537,27.94602447355996,4.229371210789806,20.731500598387324,17.15020050946393,-9.290117897471612,2.023343524866904
8.322326421737671,0.592102,-1.7099,1.23379,-0.766542,0.367623,1.17613,0.0890824,0.479606,0.504287,0.443998,0.455899,0.57765,-0.511216,0.0986198,0.373593,0.150315,-0.499159,-0.404272,-0.324072,0.694537,27.94602447355996,4.229371210789806,20.731500598387324,17.15020050946393,-9.290117897471612,2.023343524866904
8.338483572006226,4.03317,-2.22562,-0.341413,-0.792737,0.286171,1.18041,0.0890969,0.479625,0.504207,0.443895,0.455776,0.577126,-0.512006,0.0997946,0.373321,0.150134,-0.498389,-0.408927,-0.32146,0.693578,27.837243556689938,4.718360449051763,20.88660585303292,17.322513606341076,-10.142773924552131,3.005754155536204
8.339409828186035,4.03317,-2.22562,-0.341413,-0.792737,0.286171,1.18041,0.0890969,0.479625,0.504207,0.443895,0.455776,0.577126,-0.512006,0.0997946,0.373321,0.150134,-0.498389,-0.408927,-0.32146,0.693578,27.837243556689938,4.718360449051763,20.88660585303292,17.322513606341076,-10.142773924552131,3.005754155536204
8.355116128921509,5.79043,-2.23948,-0.361662,-0.734897,0.138441,1.29,0.0891167,0.479633,0.504172,0.443832,0.455579,0.577587,-0.511718,0.100361,0.37284,0.150034,-0.496802,-0.407891,-0.318758,0.696568,28.046659422761206,4.3703205839204085,21.459971658368094,17.673870032330964,-9.930543161065588,2.111815984961081
8.356051206588745,5.79043,-2.23948,-0.361662,-0.734897,0.138441,1.29,0.0891167,0.479633,0.504172,0.443832,0.455579,0.577587,-0.511718,0.100361,0.37284,0.150034,-0.496802,-0.407891,-0.318758,0.696568,28.046659422761206,4.3703205839204085,21.459971658368094,17.673870032330964,-9.930543161065588,2.111815984961081
8.371915102005005,4.33485,-1.39309,0.114084,-0.695064,0.243676,1.49902,0.0892844,0.479564,0.504396,0.445506,0.455817,0.577807,-0.509798,0.102732,0.371047,0.149825,-0.498309,-0.409311,-0.313352,0.69711,28.49574734363947,4.278592337331322,22.017277306638846,17.79049283692668,-11.044292469278727,1.784159437214238
8.3728506565094,4.33485,-1.39309,0.114084,-0.695064,0.243676,1.49902,0.0892844,0.479564,0.504396,0.445506,0.455817,0.577807,-0.509798,0.102732,0.371047,0.149825,-0.498309,-0.409311,-0.313352,0.69711,28.49574734363947,4.278592337331322,22.017277306638846,17.79049283692668,-11.044292469278727,1.784159437214238
8.404977798461914,4.06918,-1.14957,0.591487,-0.677807,0.193732,1.68529,0.0893553,0.479542,0.504534,0.445534,0.456137,0.577121,-0.510265,0.104834,0.369859,0.149623,-0.4981,-0.411126,-0.309045,0.698113,28.71644443379893,4.388492487459112,22.3342190010797,17.837637082359805,-10.570633671964867,1.8271303545568411
8.405909538269043,4.06918,-1.14957,0.591487,-0.677807,0.193732,1.68529,0.0893553,0.479542,0.504534,0.445534,0.456137,0.577121,-0.510265,0.104834,0.369859,0.149623,-0.4981,-0.411126,-0.309045,0.698113,28.71644443379893,4.388492487459112,22.3342190010797,17.837637082359805,-10.570633671964867,1.8271303545568411
8.421316862106323,3.48203,-1.56264,-0.676262,-0.698158,0.406526,1.45822,0.0893788,0.479562,0.504364,0.445258,0.456672,0.57679,-0.510401,0.105733,0.369606,0.149443,-0.49648,-0.412882,-0.308293,0.698564,28.61706389497876,4.426506604286214,22.501337178611127,17.286949388945033,-10.391948426114332,2.2091645106581703
8.422236680984497,3.48203,-1.56264,-0.676262,-0.698158,0.406526,1.45822,0.0893788,0.479562,0.504364,0.445258,0.456672,0.57679,-0.510401,0.105733,0.369606,0.149443,-0.49648,-0.412882,-0.308293,0.698564,28.61706389497876,4.426506604286214,22.501337178611127,17.286949388945033,-10.391948426114332,2.2091645106581703
8.437964677810669,6.7666,-2.27092,0.181552,-0.775834,-0.0814773,1.46601,0.0894249,0.479612,0.50421,0.443983,0.457932,0.577572,-0.509497,0.105485,0.369419,0.149366,-0.497965,-0.411256,-0.308608,0.698327,29.001253514753387,4.334743750329241,22.29565041384816,16.320644349418718,-10.244259333871064,1.1603852926893987
8.438900232315063,6.7666,-2.27092,0.181552,-0.775834,-0.0814773,1.46601,0.0894249,0.479612,0.50421,0.443983,0.457932,0.577572,-0.509497,0.105485,0.369419,0.149366,-0.497965,-0.411256,-0.308608,0.698327,29.001253514753387,4.334743750329241,22.29565041384816,16.320644349418718,-10.244259333871064,1.1603852926893987
8.454723834991455,4.85847,-0.659916,-0.000287294,-0.629782,0.264351,1.85036,0.0895905,0.479572,0.504098,0.442283,0.459436,0.578257,-0.508845,0.107112,0.368132,0.149288,-0.495509,-0.412442,-0.304744,0.701066,29.38157382484456,4.136628213249161,22.901905543589244,14.995039486824597,-10.139594040184386,0.21479845528317476
8.455657482147217,4.85847,-0.659916,-0.000287294,-0.629782,0.264351,1.85036,0.0895905,0.479572,0.504098,0.442283,0.459436,0.578257,-0.508845,0.107112,0.368132,0.149288,-0.495509,-0.412442,-0.304744,0.701066,29.38157382484456,4.136628213249161,22.901905543589244,14.995039486824597,-10.139594040184386,0.21479845528317476
8.471432209014893,4.24507,-0.917362,0.671614,-0.629484,0.136429,1.73939,0.0896254,0.479416,0.50402,0.443662,0.456945,0.577295,-0.510975,0.107869,0.367758,0.148999,-0.49721,-0.41297,-0.302547,0.700502,29.28899393488519,4.508027774067974,22.863976842530423,16.88691215634414,-9.564320764112715,0.8724927640273736
8.472361326217651,4.24507,-0.917362,0.671614,-0.629484,0.136429,1.73939,0.0896254,0.479416,0.50402,0.443662,0.456945,0.577295,-0.510975,0.107869,0.367758,0.148999,-0.49721,-0.41297,-0.302547,0.700502,29.28899393488519,4.508027774067974,22.863976842530423,16.88691215634414,-9.564320764112715,0.8724927640273736
8.504753828048706,4.48843,-0.454624,0.696226,-0.582503,0.0881318,1.91453,0.0896131,0.479345,0.50381,0.44528,0.45656,0.576073,-0.511291,0.109066,0.367024,0.14865,-0.497832,-0.414845,-0.300425,0.699865,29.19405177719939,4.674833527766046,22.948323197870625,17.492492159972628,-9.842857432816835,1.6592074211657732
8.505698919296265,4.48843,-0.454624,0.696226,-0.582503,0.0881318,1.91453,0.0896131,0.479345,0.50381,0.44528,0.45656,0.576073,-0.511291,0.109066,0.367024,0.14865,-0.497832,-0.414845,-0.300425,0.699865,29.19405177719939,4.674833527766046,22.948323197870625,17.492492159972628,-9.842857432816835,1.6592074211657732
8.521293640136719,4.73497,-0.850956,0.915999,-0.640554,-0.0203619,1.78684,0.089587,0.479387,0.503734,0.444832,0.457781,0.576223,-0.51042,0.109637,0.366588,0.148501,-0.497962,-0.415704,-0.299239,0.699771,29.39794304838443,4.662486525857523,23.00948128996916,16.78807460795198,-10.181470463915746,1.4243097815407935
8.522225618362427,4.73497,-0.850956,0.915999,-0.640554,-0.0203619,1.78684,0.089587,0.479387,0.503734,0.444832,0.457781,0.576223,-0.51042,0.109637,0.366588,0.148501,-0.497962,-0.415704,-0.299239,0.699771,29.39794304838443,4.662486525857523,23.00948128996916,16.78807460795198,-10.181470463915746,1.4243097815407935
8.538416385650635,1.45813,0.418835,0.595429,-0.480728,0.382788,1.82915,0.0896187,0.479363,0.503747,0.444925,0.457029,0.576494,-0.510707,0.10975,0.366443,0.148465,-0.497077,-0.415691,-0.298825,0.700585,29.33744028347738,4.619665464990808,23.214619383472606,16.96990812036603,-10.094750622382193,1.5445525760896466
8.539352655410767,1.45813,0.418835,0.595429,-0.480728,0.382788,1.82915,0.0896187,0.479363,0.503747,0.444925,0.457029,0.576494,-0.510707,0.10975,0.366443,0.148465,-0.497077,-0.415691,-0.298825,0.700585,29.33744028347738,4.619665464990808,23.214619383472606,16.96990812036603,-10.094750622382193,1.5445525760896466
8.554670572280884,4.66515,-0.292026,0.351217,-0.485966,0.051633,1.66999,0.0895768,0.47938,0.503742,0.444855,0.457585,0.576375,-0.510404,0.109221,0.366145,0.148292,0.502966,0.411598,0.300091,-0.698253,29.836147892666805,4.683103611010911,22.383610742473216,16.798453974067197,-9.125396954735727,0.5956862540763952
8.555597305297852,4.66515,-0.292026,0.351217,-0.485966,0.051633,1.66999,0.0895768,0.47938,0.503742,0.444855,0.457585,0.576375,-0.510404,0.109221,0.366145,0.148292,0.502966,0.411598,0.300091,-0.698253,29.836147892666805,4.683103611010911,22.383610742473216,16.798453974067197,-9.125396954735727,0.5956862540763952
8.571351528167725,1.00204,-0.467273,-0.122163,-0.458871,0.413377,1.21924,0.0895055,0.479507,0.503839,0.444274,0.457732,0.578675,-0.508171,0.109351,0.365722,0.14826,0.501772,0.412057,0.297987,-0.699741,30.18424694202684,4.423405540083943,23.03734154151099,16.1438636601746,-10.58105585687003,-0.18117980138537026
8.572280645370483,1.00204,-0.467273,-0.122163,-0.458871,0.413377,1.21924,0.0895055,0.479507,0.503839,0.444274,0.457732,0.578675,-0.508171,0.109351,0.365722,0.14826,0.501772,0.412057,0.297987,-0.699741,30.18424694202684,4.423405540083943,23.03734154151099,16.1438636601746,-10.58105585687003,-0.18117980138537026
8.605041980743408,2.61519,1.21263,0.862273,-0.150066,-0.13485,1.11605,0.0890095,0.479604,0.504414,0.445515,0.454557,0.577859,-0.510856,0.107331,0.366046,0.148105,0.50831,0.409989,0.303455,-0.693862,29.84484139040541,5.233991870300715,21.63147435679212,16.984918658402187,-9.443445216621944,2.201411918780449
8.60597538948059,2.61519,1.21263,0.862273,-0.150066,-0.13485,1.11605,0.0890095,0.479604,0.504414,0.445515,0.454557,0.577859,-0.510856,0.107331,0.366046,0.148105,0.50831,0.409989,0.303455,-0.693862,29.84484139040541,5.233991870300715,21.63147435679212,16.984918658402187,-9.443445216621944,2.201411918780449
8.621349334716797,4.1726,-1.51623,0.32125,-0.452722,-0.350571,0.287632,0.0886704,0.479901,0.504432,0.445249,0.455986,0.579,-0.508517,0.105428,0.366076,0.147896,0.511472,0.40619,0.305888,-0.692704,30.258664315043404,4.916270318986802,21.21820641994823,15.958570471673474,-10.128944488992955,1.3493219025730916
8.622277736663818,4.1726,-1.51623,0.32125,-0.452722,-0.350571,0.287632,0.0886704,0.479901,0.504432,0.445249,0.455986,0.579,-0.508517,0.105428,0.366076,0.147896,0.511472,0.40619,0.305888,-0.692704,30.258664315043404,4.916270318986802,21.21820641994823,15.958570471673474,-10.128944488992955,1.3493219025730916
8.63794732093811,2.27176,0.266541,0.581378,-0.193629,-0.162819,0.521185,0.0885274,0.479866,0.504542,0.446028,0.4545,0.578042,-0.51025,0.103911,0.365854,0.147567,0.515335,0.402081,0.308585,-0.69104,30.214601760831272,5.041763974052458,20.449568847861688,16.785307190972006,-8.799869413100932,1.95387980470972
8.638877153396606,2.27176,0.266541,0.581378,-0.193629,-0.162819,0.521185,0.0885274,0.479866,0.504542,0.446028,0.4545,0.578042,-0.51025,0.103911,0.365854,0.147567,0.515335,0.402081,0.308585,-0.69104,30.214601760831272,5.041763974052458,20.449568847861688,16.785307190972006,-8.799869413100932,1.95387980470972
8.654690980911255,3.29587,-0.159992,0.309966,-0.234827,-0.245268,0.333616,0.0884169,0.480046,0.504625,0.447055,0.454445,0.579389,-0.507869,0.100024,0.364571,0.146667,0.520685,0.396139,0.309394,-0.690099,30.846627955797498,4.643793479119839,20.122017660725895,17.310482673263827,-11.583917379794286,1.6570415103495906
8.65562915802002,3.29587,-0.159992,0.309966,-0.234827,-0.245268,0.333616,0.0884169,0.480046,0.504625,0.447055,0.454445,0.579389,-0.507869,0.100024,0.364571,0.146667,0.520685,0.396139,0.309394,-0.690099,30.846627955797498,4.643793479119839,20.122017660725895,17.310482673263827,-11.583917379794286,1.6570415103495906
8.678612232208252,3.22799,0.381569,-0.357103,-0.116209,-0.0980799,0.39728,0.0883849,0.48001,0.504591,0.446506,0.454103,0.579192,-0.508881,0.098067,0.364208,0.146572,0.519543,0.390605,0.313554,-0.692233,30.664817587446787,4.12402481086955,19.905203503140708,16.543388978744073,-9.785924467090119,1.7094635541933587
8.68036699295044,3.22799,0.381569,-0.357103,-0.116209,-0.0980799,0.39728,0.0883849,0.48001,0.504591,0.446506,0.454103,0.579192,-0.508881,0.098067,0.364208,0.146572,0.519543,0.390605,0.313554,-0.692233,30.664817587446787,4.12402481086955,19.905203503140708,16.543388978744073,-9.785924467090119,1.7094635541933587
8.697475910186768,2.95216,0.531098,-0.0354356,-0.0969796,-0.178673,0.335692,0.0882809,0.480069,0.504462,0.444743,0.454719,0.578958,-0.510139,0.091236,0.362297,0.145239,0.526165,0.379027,0.320299,-0.690577,31.18177912624129,3.8304651857353056,18.328335055041144,15.814856668102607,-9.633200150480224,2.2299131025853107
8.698483943939209,2.95216,0.531098,-0.0354356,-0.0969796,-0.178673,0.335692,0.0882809,0.480069,0.504462,0.444743,0.454719,0.578958,-0.510139,0.091236,0.362297,0.145239,0.526165,0.379027,0.320299,-0.690577,31.18177912624129,3.8304651857353056,18.328335055041144,15.814856668102607,-9.633200150480224,2.2299131025853107
8.712859630584717,3.39194,-0.290615,0.151575,-0.173731,-0.298565,0.126459,0.0880032,0.480148,0.504196,0.445192,0.455938,0.579755,-0.507749,0.0879809,0.361404,0.144541,0.529706,0.374594,0.321469,-0.689745,31.677254740450476,3.4412103145385093,18.023857700411266,15.70010415787548,-11.902039609189494,1.727806869318234
8.713784217834473,3.39194,-0.290615,0.151575,-0.173731,-0.298565,0.126459,0.0880032,0.480148,0.504196,0.445192,0.455938,0.579755,-0.507749,0.0879809,0.361404,0.144541,0.529706,0.374594,0.321469,-0.689745,31.677254740450476,3.4412103145385093,18.023857700411266,15.70010415787548,-11.902039609189494,1.727806869318234
8.738014698028564,4.4272,0.549179,0.0663792,-0.0269489,-0.4559,0.309179,0.0877534,0.480257,0.504021,0.445538,0.455498,0.580044,-0.50751,0.0851111,0.360424,0.143987,0.532483,0.367889,0.322117,-0.690913,32.10538652316824,2.9689332608074768,17.820689486282284,16.382192792772315,-12.069285323212478,0.9583368484877139
8.738953113555908,4.4272,0.549179,0.0663792,-0.0269489,-0.4559,0.309179,0.0877534,0.480257,0.504021,0.445538,0.455498,0.580044,-0.50751,0.0851111,0.360424,0.143987,0.532483,0.367889,0.322117,-0.690913,32.10538652316824,2.9689332608074768,17.820689486282284,16.382192792772315,-12.069285323212478,0.9583368484877139
8.754710674285889,4.2191,0.11854,-0.37731,-0.0659375,-0.354653,0.189727,0.0875719,0.480321,0.503887,0.44537,0.455953,0.579909,-0.507403,0.083057,0.358963,0.143514,0.531515,0.367296,0.324314,-0.690946,31.923924595853936,2.8383483032794214,17.711020515329505,14.899124928987018,-13.308910333723524,2.5752530313670436
8.75564455986023,4.2191,0.11854,-0.37731,-0.0659375,-0.354653,0.189727,0.0875719,0.480321,0.503887,0.44537,0.455953,0.579909,-0.507403,0.083057,0.358963,0.143514,0.531515,0.367296,0.324314,-0.690946,31.923924595853936,2.8383483032794214,17.711020515329505,14.899124928987018,-13.308910333723524,2.5752530313670436
8.771347999572754,4.83146,0.144741,-0.468141,-0.0937026,-0.486727,0.127449,0.0876122,0.480247,0.503956,0.445719,0.455126,0.580262,-0.507436,0.0823053,0.357561,0.143059,0.537497,0.361471,0.323051,-0.689981,32.63910972690543,2.803380264771735,17.21504260887767,15.772634007675242,-12.65066350305449,1.4704475582778214
8.772273540496826,4.83146,0.144741,-0.468141,-0.0937026,-0.486727,0.127449,0.0876122,0.480247,0.503956,0.445719,0.455126,0.580262,-0.507436,0.0823053,0.357561,0.143059,0.537497,0.361471,0.323051,-0.689981,32.63910972690543,2.803380264771735,17.21504260887767,15.772634007675242,-12.65066350305449,1.4704475582778214
8.804707765579224,5.02411,0.363074,-0.430518,-0.0711796,-0.58695,0.0699919,0.0879841,0.479981,0.50393,0.446804,0.454285,0.57859,-0.509141,0.0815196,0.355368,0.142376,0.543966,0.354948,0.323079,-0.688283,33.078049575371814,2.8876169799311926,16.271625224601454,16.75848507930823,-11.191529461934934,1.4921746609373274
8.805634021759033,5.02411,0.363074,-0.430518,-0.0711796,-0.58695,0.0699919,0.0879841,0.479981,0.50393,0.446804,0.454285,0.57859,-0.509141,0.0815196,0.355368,0.142376,0.543966,0.354948,0.323079,-0.688283,33.078049575371814,2.8876169799311926,16.271625224601454,16.75848507930823,-11.191529461934934,1.4921746609373274
8.821269273757935,5.11046,0.981142,-0.489311,0.036078,-0.623498,0.140729,0.0880819,0.480045,0.50373,0.445084,0.455746,0.579852,-0.507905,0.0814007,0.354526,0.142196,0.54374,0.355764,0.324359,-0.687438,33.23798576423378,2.929954322124191,16.162075121655405,14.284264756057949,-11.883553459406418,1.7936281065279207
8.822209596633911,5.11046,0.981142,-0.489311,0.036078,-0.623498,0.140729,0.0880819,0.480045,0.50373,0.445084,0.455746,0.579852,-0.507905,0.0814007,0.354526,0.142196,0.54374,0.355764,0.324359,-0.687438,33.23798576423378,2.929954322124191,16.162075121655405,14.284264756057949,-11.883553459406418,1.7936281065279207
8.838004112243652,5.04918,1.13729,-0.396962,0.0634436,-0.656062,0.145285,0.0881781,0.479917,0.503677,0.446353,0.45306,0.579275,-0.509849,0.0813251,0.354161,0.141911,0.54237,0.35739,0.323096,-0.68827,32.84323872776192,3.124253246626371,16.478078623165406,15.805052678414931,-12.325370124552656,3.110327359414265
8.838943719863892,5.04918,1.13729,-0.396962,0.0634436,-0.656062,0.145285,0.0881781,0.479917,0.503677,0.446353,0.45306,0.579275,-0.509849,0.0813251,0.354161,0.141911,0.54237,0.35739,0.323096,-0.68827,32.84323872776192,3.124253246626371,16.478078623165406,15.805052678414931,-12.325370124552656,3.110327359414265
8.854682922363281,5.03601,1.22407,0.134448,0.0358116,-0.773838,0.136814,0.0885657,0.479698,0.503354,0.446743,0.454133,0.578698,-0.509208,0.0804797,0.352619,0.141353,0.549234,0.352512,0.324422,-0.68471,33.40320200070055,3.243017566360246,15.406590778819636,15.479720271229304,-12.27135100098797,2.5845761610021896
8.855612993240356,5.03601,1.22407,0.134448,0.0358116,-0.773838,0.136814,0.0885657,0.479698,0.503354,0.446743,0.454133,0.578698,-0.509208,0.0804797,0.352619,0.141353,0.549234,0.352512,0.324422,-0.68471,33.40320200070055,3.243017566360246,15.406590778819636,15.479720271229304,-12.27135100098797,2.5845761610021896
8.871312379837036,4.39662,0.0255749,0.338977,-0.0786354,-0.769521,-0.156501,0.0886549,0.479612,0.503231,0.44583,0.45385,0.578254,-0.510762,0.079767,0.351828,0.141155,0.550119,0.34965,0.324604,-0.685381,33.56754640885616,3.2367610321539533,15.130124315244883,15.489781350034386,-11.11282425285704,2.367116976924361
8.872239828109741,4.39662,0.0255749,0.338977,-0.0786354,-0.769521,-0.156501,0.0886549,0.479612,0.503231,0.44583,0.45385,0.578254,-0.510762,0.079767,0.351828,0.141155,0.550119,0.34965,0.324604,-0.685381,33.56754640885616,3.2367610321539533,15.130124315244883,15.489781350034386,-11.11282425285704,2.367116976924361
8.9047110080719,6.08436,1.23457,0.393595,0.0794213,-0.982531,0.0533222,0.0882993,0.479834,0.503054,0.446737,0.453963,0.578961,-0.509066,0.0781761,0.350515,0.140904,0.55652,0.346163,0.326531,-0.681053,33.99338578061289,3.404967550149822,14.27239567380508,14.606385867893698,-12.329901330724955,2.338507768495103
8.905642986297607,6.08436,1.23457,0.393595,0.0794213,-0.982531,0.0533222,0.0882993,0.479834,0.503054,0.446737,0.453963,0.578961,-0.509066,0.0781761,0.350515,0.140904,0.55652,0.346163,0.326531,-0.681053,33.99338578061289,3.404967550149822,14.27239567380508,14.606385867893698,-12.329901330724955,2.338507768495103
8.92128610610962,4.9069,0.465569,0.203932,-0.0263758,-0.847388,-0.165472,0.0881443,0.479917,0.503107,0.44649,0.454067,0.57922,-0.508895,0.0777788,0.350041,0.140788,0.55874,0.344474,0.325396,-0.680635,34.352694084444266,3.437724063728741,14.103863798338041,14.815062351220162,-12.407634512013718,1.7481287357570228
8.922236204147339,4.9069,0.465569,0.203932,-0.0263758,-0.847388,-0.165472,0.0881443,0.479917,0.503107,0.44649,0.454067,0.57922,-0.508895,0.0777788,0.350041,0.140788,0.55874,0.344474,0.325396,-0.680635,34.352694084444266,3.437724063728741,14.103863798338041,14.815062351220162,-12.407634512013718,1.7481287357570228
8.938023090362549,4.90626,0.937237,0.0574113,0.0204709,-0.838069,-0.0893853,0.0881777,0.479855,0.503264,0.447491,0.453497,0.57811,-0.509786,0.0775469,0.349914,0.140926,0.559466,0.342544,0.327564,-0.679973,34.11011726674771,3.4036332463324888,13.747832382489475,15.08007985690634,-11.252963790309447,2.318628969216097
8.938961267471313,4.90626,0.937237,0.0574113,0.0204709,-0.838069,-0.0893853,0.0881777,0.479855,0.503264,0.447491,0.453497,0.57811,-0.509786,0.0775469,0.349914,0.140926,0.559466,0.342544,0.327564,-0.679973,34.11011726674771,3.4036332463324888,13.747832382489475,15.08007985690634,-11.252963790309447,2.318628969216097
8.954694271087646,4.89322,2.02865,0.315811,0.160546,-0.897286,0.118394,0.0880973,0.479882,0.503603,0.445315,0.452988,0.579764,-0.510265,0.0774398,0.34954,0.140872,0.563145,0.341622,0.326992,-0.677671,34.64182503210693,3.9018303606982485,13.234984434554258,14.637084992725843,-10.797758900182528,1.7959472911127472
8.955640316009521,4.89322,2.02865,0.315811,0.160546,-0.897286,0.118394,0.0880973,0.479882,0.503603,0.445315,0.452988,0.579764,-0.510265,0.0774398,0.34954,0.140872,0.563145,0.341622,0.326992,-0.677671,34.64182503210693,3.9018303606982485,13.234984434554258,14.637084992725843,-10.797758900182528,1.7959472911127472
8.971253395080566,4.66687,0.172255,-0.182468,-0.0355384,-0.765586,-0.29208,0.0878844,0.479984,0.503676,0.446636,0.453441,0.57904,-0.509528,0.0773213,0.349175,0.140957,0.564477,0.341779,0.327175,-0.676394,34.59512356159866,3.909544854152928,13.061561886473966,14.561027384803229,-11.492213589004187,2.178154903773282
8.9721999168396,4.66687,0.172255,-0.182468,-0.0355384,-0.765586,-0.29208,0.0878844,0.479984,0.503676,0.446636,0.453441,0.57904,-0.509528,0.0773213,0.349175,0.140957,0.564477,0.341779,0.327175,-0.676394,34.59512356159866,3.909544854152928,13.061561886473966,14.561027384803229,-11.492213589004187,2.178154903773282
9.005172729492188,4.36653,1.53794,-0.102977,0.0829122,-0.724518,-0.039746,0.0873975,0.480224,0.5034,0.445905,0.455016,0.579812,-0.507884,0.0767613,0.348827,0.140715,0.572392,0.339842,0.327996,-0.670293,35.30547847756332,4.471648130611858,11.806444241787755,13.51212644585721,-12.01313032683302,1.1300362787933178
9.006106615066528,4.36653,1.53794,-0.102977,0.0829122,-0.724518,-0.039746,0.0873975,0.480224,0.5034,0.445905,0.455016,0.579812,-0.507884,0.0767613,0.348827,0.140715,0.572392,0.339842,0.327996,-0.670293,35.30547847756332,4.471648130611858,11.806444241787755,13.51212644585721,-12.01313032683302,1.1300362787933178
9.021344423294067,3.41424,-1.1777,0.375683,-0.186733,-0.633173,-0.597515,0.087334,0.480189,0.503254,0.445731,0.454228,0.580287,-0.5082,0.0762561,0.348573,0.140625,0.574801,0.336669,0.327608,-0.670023,35.63559615469353,4.468518396901209,11.581630433185323,14.112402312370037,-11.416689535462897,0.146325428472462
9.022283554077148,3.41424,-1.1777,0.375683,-0.186733,-0.633173,-0.597515,0.087334,0.480189,0.503254,0.445731,0.454228,0.580287,-0.5082,0.0762561,0.348573,0.140625,0.574801,0.336669,0.327608,-0.670023,35.63559615469353,4.468518396901209,11.581630433185323,14.112402312370037,-11.416689535462897,0.146325428472462
9.038151979446411,5.10892,0.707642,0.746829,0.0261133,-0.877994,-0.183682,0.0874515,0.480146,0.503246,0.445413,0.45487,0.580091,-0.508129,0.0761182,0.348451,0.140705,0.574222,0.336555,0.326887,-0.670928,35.71934885826549,4.3616324646330815,11.689205134150061,14.096922445008401,-11.660671137552786,-0.18349551193642988
9.03908634185791,5.10892,0.707642,0.746829,0.0261133,-0.877994,-0.183682,0.0874515,0.480146,0.503246,0.445413,0.45487,0.580091,-0.508129,0.0761182,0.348451,0.140705,0.574222,0.336555,0.326887,-0.670928,35.71934885826549,4.3616324646330815,11.689205134150061,14.096922445008401,-11.660671137552786,-0.18349551193642988
9.05464243888855,4.83273,0.0767939,0.927566,-0.0170956,-0.864732,-0.389655,0.0878732,0.479965,0.503396,0.445932,0.455365,0.578119,-0.509476,0.0768146,0.348722,0.140854,0.576935,0.34155,0.328663,-0.665184,35.25708857890592,5.328494897660707,10.673204251744542,14.019371992116548,-12.477807592242293,1.6913170152961925
9.055586099624634,4.83273,0.0767939,0.927566,-0.0170956,-0.864732,-0.389655,0.0878732,0.479965,0.503396,0.445932,0.455365,0.578119,-0.509476,0.0768146,0.348722,0.140854,0.576935,0.34155,0.328663,-0.665184,35.25708857890592,5.328494897660707,10.673204251744542,14.019371992116548,-12.477807592242293,1.6913170152961925
9.071337938308716,2.58051,1.21788,0.878881,0.172382,-0.607205,-0.23608,0.0879021,0.479975,0.503626,0.446654,0.453346,0.57919,-0.509428,0.0773756,0.348645,0.141037,0.576265,0.337767,0.329933,-0.667066,35.23034138994049,4.900774468818119,10.99708448259559,14.173560465571029,-10.533399296531822,1.3329958269817221
9.072270631790161,2.58051,1.21788,0.878881,0.172382,-0.607205,-0.23608,0.0879021,0.479975,0.503626,0.446654,0.453346,0.57919,-0.509428,0.0773756,0.348645,0.141037,0.576265,0.337767,0.329933,-0.667066,35.23034138994049,4.900774468818119,10.99708448259559,14.173560465571029,-10.533399296531822,1.3329958269817221
9.104614973068237,4.19439,1.94631,0.39478,0.374832,-0.704217,-0.0356049,0.0878484,0.48015,0.503854,0.445659,0.454962,0.580266,-0.507632,0.0792318,0.348345,0.141039,0.580197,0.340367,0.326012,-0.664258,35.92662137085489,5.379187342675442,10.750744552327044,13.430735777755384,-11.62168607650677,0.3496756167786632
9.105552673339844,4.19439,1.94631,0.39478,0.374832,-0.704217,-0.0356049,0.0878484,0.48015,0.503854,0.445659,0.454962,0.580266,-0.507632,0.0792318,0.348345,0.141039,0.580197,0.340367,0.326012,-0.664258,35.92662137085489,5.379187342675442,10.750744552327044,13.430735777755384,-11.62168607650677,0.3496756167786632
9.121243238449097,1.99036,3.36532,0.908224,0.587515,-0.575658,0.157297,0.087915,0.480073,0.503871,0.446084,0.455162,0.57974,-0.507679,0.0799896,0.348106,0.140978,0.581744,0.341843,0.325913,-0.662192,35.88071752943094,5.688128857580908,10.43570465024604,13.263425181695194,-11.758635200090453,0.8588892706108124
9.122169971466064,1.99036,3.36532,0.908224,0.587515,-0.575658,0.157297,0.087915,0.480073,0.503871,0.446084,0.455162,0.57974,-0.507679,0.0799896,0.348106,0.140978,0.581744,0.341843,0.325913,-0.662192,35.88071752943094,5.688128857580908,10.43570465024604,13.263425181695194,-11.758635200090453,0.8588892706108124
9.137966871261597,3.35228,2.49931,0.313182,0.512805,-0.637232,0.00772166,0.087985,0.479963,0.503789,0.44751,0.453951,0.579013,-0.508337,0.0813515,0.347827,0.140579,0.583792,0.342941,0.328432,-0.658568,35.471972662986275,6.127531723511483,9.86542544408889,12.905158443739015,-10.610206376870932,2.601798947125396
9.138904094696045,3.35228,2.49931,0.313182,0.512805,-0.637232,0.00772166,0.087985,0.479963,0.503789,0.44751,0.453951,0.579013,-0.508337,0.0813515,0.347827,0.140579,0.583792,0.342941,0.328432,-0.658568,35.471972662986275,6.127531723511483,9.86542544408889,12.905158443739015,-10.610206376870932,2.601798947125396
9.154546737670898,3.12084,3.86254,0.531727,0.688959,-0.62837,0.30297,0.0880421,0.479897,0.50354,0.447819,0.454021,0.578306,-0.508808,0.0824484,0.3468,0.140403,0.582749,0.341963,0.321923,-0.663197,35.9621984077454,5.748066079744848,10.664900750471656,14.282304188522776,-10.563826460711153,1.014959707367444
9.155462741851807,3.12084,3.86254,0.531727,0.688959,-0.62837,0.30297,0.0880421,0.479897,0.50354,0.447819,0.454021,0.578306,-0.508808,0.0824484,0.3468,0.140403,0.582749,0.341963,0.321923,-0.663197,35.9621984077454,5.748066079744848,10.664900750471656,14.282304188522776,-10.563826460711153,1.014959707367444
9.171509027481079,4.21568,3.48323,0.891239,0.648136,-0.858846,0.264412,0.0881867,0.479848,0.50321,0.446945,0.455572,0.578814,-0.507611,0.0837134,0.345781,0.139933,0.58587,0.341261,0.321431,-0.661044,36.423977941689344,5.923626975989048,10.186928493768091,12.687586156972118,-10.13271240525703,0.6184789510441644
9.17242956161499,4.21568,3.48323,0.891239,0.648136,-0.858846,0.264412,0.0881867,0.479848,0.50321,0.446945,0.455572,0.578814,-0.507611,0.0837134,0.345781,0.139933,0.58587,0.341261,0.321431,-0.661044,36.423977941689344,5.923626975989048,10.186928493768091,12.687586156972118,-10.13271240525703,0.6184789510441644
9.204661130905151,1.69601,4.01323,1.38809,0.695958,-0.682144,0.315788,0.0884596,0.479484,0.502569,0.448504,0.453106,0.57811,-0.509243,0.0854336,0.343564,0.138972,0.591538,0.338417,0.31839,-0.658927,36.80964247511688,6.350548275042281,9.678533787234727,13.848645379881203,-8.856339364835943,0.6025187160486842
9.205601453781128,1.69601,4.01323,1.38809,0.695958,-0.682144,0.315788,0.0884596,0.479484,0.502569,0.448504,0.453106,0.57811,-0.509243,0.0854336,0.343564,0.138972,0.591538,0.338417,0.31839,-0.658927,36.80964247511688,6.350548275042281,9.678533787234727,13.848645379881203,-8.856339364835943,0.6025187160486842
9.221326351165771,3.46918,4.9802,0.965528,0.842926,-0.755736,0.592094,0.0885563,0.479321,0.502295,0.448999,0.451504,0.577878,-0.510491,0.0866601,0.342797,0.138559,0.589339,0.343842,0.319098,-0.657746,36.168479034815284,6.82136499430589,9.85879216289146,12.898289973329929,-9.306898193210307,3.2030947398737184
9.22225284576416,3.46918,4.9802,0.965528,0.842926,-0.755736,0.592094,0.0885563,0.479321,0.502295,0.448999,0.451504,0.577878,-0.510491,0.0866601,0.342797,0.138559,0.589339,0.343842,0.319098,-0.657746,36.168479034815284,6.82136499430589,9.85879216289146,12.898289973329929,-9.306898193210307,3.2030947398737184
9.237995624542236,5.59417,4.16918,1.00225,0.718365,-1.08548,0.467317,0.0885434,0.479368,0.502226,0.448631,0.452195,0.578144,-0.5099,0.0870043,0.341882,0.138435,0.590596,0.340028,0.314746,-0.660691,36.92207052559398,6.392241779671342,10.186267922216809,13.544286637597008,-8.875959455696833,1.1246718098789859
9.238923072814941,5.59417,4.16918,1.00225,0.718365,-1.08548,0.467317,0.0885434,0.479368,0.502226,0.448631,0.452195,0.578144,-0.5099,0.0870043,0.341882,0.138435,0.590596,0.340028,0.314746,-0.660691,36.92207052559398,6.392241779671342,10.186267922216809,13.544286637597008,-8.875959455696833,1.1246718098789859
9.255181074142456,5.01114,4.97995,0.644023,0.858722,-1.01355,0.676955,0.088616,0.479308,0.502214,0.449648,0.451756,0.577702,-0.509895,0.0878005,0.340157,0.137936,0.595384,0.33701,0.312134,-0.659177,37.44278218486509,6.529019209444969,9.76888809017,14.122673831884407,-8.48130356490634,0.8104076313618478
9.256115198135376,5.01114,4.97995,0.644023,0.858722,-1.01355,0.676955,0.088616,0.479308,0.502214,0.449648,0.451756,0.577702,-0.509895,0.0878005,0.340157,0.137936,0.595384,0.33701,0.312134,-0.659177,37.44278218486509,6.529019209444969,9.76888809017,14.122673831884407,-8.48130356490634,0.8104076313618478
9.271995544433594,4.72392,5.09264,1.3298,0.826428,-1.13706,0.711301,0.0886969,0.479335,0.502277,0.44855,0.453022,0.578367,-0.508985,0.0883811,0.338773,0.137816,0.595788,0.337882,0.309462,-0.659625,37.870902626641815,6.541815769185807,9.912657024244856,12.881354680572246,-9.397597994749054,0.6767741645352356
9.272938013076782,4.72392,5.09264,1.3298,0.826428,-1.13706,0.711301,0.0886969,0.479335,0.502277,0.44855,0.453022,0.578367,-0.508985,0.0883811,0.338773,0.137816,0.595788,0.337882,0.309462,-0.659625,37.870902626641815,6.541815769185807,9.912657024244856,12.881354680572246,-9.397597994749054,0.6767741645352356
9.305186986923218,7.31038,5.36865,1.09304,0.875774,-1.34422,0.901038,0.0888915,0.479308,0.502051,0.448945,0.453527,0.576792,-0.509974,0.0889318,0.336543,0.138011,0.595866,0.335356,0.307363,-0.661822,38.054058310307916,6.283023782796862,9.981709053777932,12.178949813804948,-8.59698446429804,0.47099594472144
9.30615234375,7.31038,5.36865,1.09304,0.875774,-1.34422,0.901038,0.0888915,0.479308,0.502051,0.448945,0.453527,0.576792,-0.509974,0.0889318,0.336543,0.138011,0.595866,0.335356,0.307363,-0.661822,38.054058310307916,6.283023782796862,9.981709053777932,12.178949813804948,-8.59698446429804,0.47099594472144
9.321834087371826,5.86764,2.27879,0.859248,0.429019,-1.12412,0.320585,0.0889484,0.479153,0.501442,0.452891,0.452995,0.572744,-0.511517,0.0899375,0.334123,0.138338,0.597331,0.335399,0.305727,-0.661236,37.63530361723808,6.347496673967217,9.772768996770228,12.579777787802133,-8.823687910756979,1.5260475899621588
9.322767972946167,5.86764,2.27879,0.859248,0.429019,-1.12412,0.320585,0.0889484,0.479153,0.501442,0.452891,0.452995,0.572744,-0.511517,0.0899375,0.334123,0.138338,0.597331,0.335399,0.305727,-0.661236,37.63530361723808,6.347496673967217,9.772768996770228,12.579777787802133,-8.823687910756979,1.5260475899621588
9.338478088378906,5.65669,3.54837,1.42802,0.531496,-1.18264,0.576396,0.0889583,0.479184,0.501326,0.453315,0.452424,0.57247,-0.511953,0.090174,0.333344,0.138535,0.59448,0.33566,0.304456,-0.664253,37.490038871356774,6.026740602394983,10.402001452489776,12.335894741459644,-8.850975824576668,1.6960633029929677
9.339411497116089,5.65669,3.54837,1.42802,0.531496,-1.18264,0.576396,0.0889583,0.479184,0.501326,0.453315,0.452424,0.57247,-0.511953,0.090174,0.333344,0.138535,0.59448,0.33566,0.304456,-0.664253,37.490038871356774,6.026740602394983,10.402001452489776,12.335894741459644,-8.850975824576668,1.6960633029929677
9.355191469192505,6.57466,2.39781,1.57701,0.37127,-1.36654,0.391135,0.0889997,0.479187,0.501184,0.45468,0.451845,0.571336,-0.51252,0.0904324,0.331802,0.138657,0.599424,0.333493,0.303143,-0.661497,37.76110815169098,6.354162099916464,9.728668904104321,12.681054934536807,-8.977955669027429,1.5520964032244944
9.356131315231323,6.57466,2.39781,1.57701,0.37127,-1.36654,0.391135,0.0889997,0.479187,0.501184,0.45468,0.451845,0.571336,-0.51252,0.0904324,0.331802,0.138657,0.599424,0.333493,0.303143,-0.661497,37.76110815169098,6.354162099916464,9.728668904104321,12.681054934536807,-8.977955669027429,1.5520964032244944
9.371986865997314,5.74405,2.49043,1.14314,0.32719,-1.21812,0.422567,0.0892241,0.479111,0.50097,0.455408,0.453995,0.568926,-0.512655,0.09068,0.329845,0.139112,0.598892,0.331794,0.299783,-0.664358,38.00928684244458,5.935832490334426,9.92725278167609,12.32376530645298,-9.257734882713507,0.7533702931094015
9.372918128967285,5.74405,2.49043,1.14314,0.32719,-1.21812,0.422567,0.0892241,0.479111,0.50097,0.455408,0.453995,0.568926,-0.512655,0.09068,0.329845,0.139112,0.598892,0.331794,0.299783,-0.664358,38.00928684244458,5.935832490334426,9.92725278167609,12.32376530645298,-9.257734882713507,0.7533702931094015
9.404839515686035,5.85159,1.34305,0.927979,0.142416,-1.23352,0.244598,0.0892055,0.479139,0.500822,0.457432,0.452614,0.567793,-0.51333,0.0905849,0.327799,0.139659,0.598172,0.331196,0.298308,-0.665967,37.81781133590534,5.727290835411737,10.304891553079093,12.14920447705735,-10.081227884681667,1.3367482861006232
9.405778408050537,5.85159,1.34305,0.927979,0.142416,-1.23352,0.244598,0.0892055,0.479139,0.500822,0.457432,0.452614,0.567793,-0.51333,0.0905849,0.327799,0.139659,0.598172,0.331196,0.298308,-0.665967,37.81781133590534,5.727290835411737,10.304891553079093,12.14920447705735,-10.081227884681667,1.3367482861006232
9.421743154525757,6.4847,1.3893,0.633752,0.138921,-1.29699,0.290602,0.0891592,0.479212,0.500783,0.458996,0.452827,0.566664,-0.512994,0.0905355,0.327171,0.139827,0.59781,0.332031,0.296885,-0.666511,37.709252317856425,5.602664717221957,10.525985558302834,12.497611184321924,-11.254054267781935,1.6332722053915774
9.422680854797363,6.4847,1.3893,0.633752,0.138921,-1.29699,0.290602,0.0891592,0.479212,0.500783,0.458996,0.452827,0.566664,-0.512994,0.0905355,0.327171,0.139827,0.59781,0.332031,0.296885,-0.666511,37.709252317856425,5.602664717221957,10.525985558302834,12.497611184321924,-11.254054267781935,1.6332722053915774
9.438585996627808,6.42081,1.25946,0.590574,0.114437,-1.31005,0.27448,0.0891333,0.479251,0.500805,0.459059,0.453435,0.566431,-0.512658,0.0904881,0.326907,0.139827,0.598484,0.332334,0.299706,-0.66449,37.50175896262368,5.737320695271749,10.091589887255262,11.195508414188728,-11.060718445482815,2.6292571455665703
9.439521789550781,6.42081,1.25946,0.590574,0.114437,-1.31005,0.27448,0.0891333,0.479251,0.500805,0.459059,0.453435,0.566431,-0.512658,0.0904881,0.326907,0.139827,0.598484,0.332334,0.299706,-0.66449,37.50175896262368,5.737320695271749,10.091589887255262,11.195508414188728,-11.060718445482815,2.6292571455665703
9.454585552215576,7.09481,1.11474,0.478348,0.102088,-1.41296,0.277542,0.0890592,0.479299,0.500765,0.458941,0.453149,0.566304,-0.513157,0.0903784,0.325895,0.140147,0.598908,0.331857,0.296792,-0.665654,37.77617112409074,5.726615109730077,10.283895889707923,11.374805887655763,-11.634770633251124,2.000901893623007
9.455538272857666,7.09481,1.11474,0.478348,0.102088,-1.41296,0.277542,0.0890592,0.479299,0.500765,0.458941,0.453149,0.566304,-0.513157,0.0903784,0.325895,0.140147,0.598908,0.331857,0.296792,-0.665654,37.77617112409074,5.726615109730077,10.283895889707923,11.374805887655763,-11.634770633251124,2.000901893623007
9.471281051635742,6.64475,1.323,1.07123,0.0756697,-1.48322,0.331811,0.0889631,0.479204,0.500598,0.460566,0.452379,0.563946,-0.514972,0.0904742,0.324816,0.140131,0.599606,0.331839,0.297733,-0.664613,37.358660602588415,5.929338954857328,9.905946908361644,11.557356722943236,-10.94839365875373,3.417543294170901
9.47221064567566,6.64475,1.323,1.07123,0.0756697,-1.48322,0.331811,0.0889631,0.479204,0.500598,0.460566,0.452379,0.563946,-0.514972,0.0904742,0.324816,0.140131,0.599606,0.331839,0.297733,-0.664613,37.358660602588415,5.929338954857328,9.905946908361644,11.557356722943236,-10.94839365875373,3.417543294170901
9.50498080253601,6.09909,0.397452,0.887049,-0.0249897,-1.45555,0.190206,0.088942,0.479027,0.499837,0.462706,0.450057,0.563147,-0.515962,0.0903753,0.322825,0.140156,0.599344,0.325979,0.292955,-0.669852,37.72317231890863,5.197021335784069,10.722867989678493,13.416533529775252,-10.315254274271163,1.5331982047314736
9.505910634994507,6.09909,0.397452,0.887049,-0.0249897,-1.45555,0.190206,0.088942,0.479027,0.499837,0.462706,0.450057,0.563147,-0.515962,0.0903753,0.322825,0.140156,0.599344,0.325979,0.292955,-0.669852,37.72317231890863,5.197021335784069,10.722867989678493,13.416533529775252,-10.315254274271163,1.5331982047314736
9.521099328994751,5.59197,0.789517,1.40426,0.0440376,-1.60056,0.300701,0.0889428,0.479014,0.499467,0.461768,0.45247,0.56263,-0.515257,0.09026,0.322161,0.139919,0.599746,0.327096,0.291426,-0.669615,37.99799071784131,5.249694458391675,10.581682371984833,12.454339494414008,-11.31662564568871,1.246332220249363
9.522028923034668,5.59197,0.789517,1.40426,0.0440376,-1.60056,0.300701,0.0889428,0.479014,0.499467,0.461768,0.45247,0.56263,-0.515257,0.09026,0.322161,0.139919,0.599746,0.327096,0.291426,-0.669615,37.99799071784131,5.249694458391675,10.581682371984833,12.454339494414008,-11.31662564568871,1.246332220249363
9.538040399551392,5.52498,0.62763,1.76244,0.0201414,-1.74166,0.302442,0.0889283,0.478972,0.499364,0.462833,0.449282,0.56318,-0.516487,0.0901064,0.321697,0.139762,0.597975,0.324807,0.292276,-0.671939,37.709417591868906,4.954069720623324,11.07353157974803,13.16694220748735,-10.160613004937572,1.7742816214133819
9.538959503173828,5.52498,0.62763,1.76244,0.0201414,-1.74166,0.302442,0.0889283,0.478972,0.499364,0.462833,0.449282,0.56318,-0.516487,0.0901064,0.321697,0.139762,0.597975,0.324807,0.292276,-0.671939,37.709417591868906,4.954069720623324,11.07353157974803,13.16694220748735,-10.160613004937572,1.7742816214133819
9.55478024482727,5.82171,0.453943,2.23204,0.0022802,-1.96781,0.353885,0.0886391,0.479009,0.498793,0.462685,0.450068,0.563097,-0.516027,0.0903388,0.320423,0.139402,0.599259,0.325047,0.291115,-0.671182,37.92625226494957,5.051040719811678,10.934872138861385,12.029698027816982,-10.615584055312311,1.8640762777157782
9.55571174621582,5.82171,0.453943,2.23204,0.0022802,-1.96781,0.353885,0.0886391,0.479009,0.498793,0.462685,0.450068,0.563097,-0.516027,0.0903388,0.320423,0.139402,0.599259,0.325047,0.291115,-0.671182,37.92625226494957,5.051040719811678,10.934872138861385,12.029698027816982,-10.615584055312311,1.8640762777157782
9.57138967514038,5.69523,0.368778,1.91497,0.0357198,-1.981,0.429706,0.0884447,0.479015,0.498311,0.46281,0.451242,0.561755,-0.51635,0.0905127,0.319583,0.138877,0.601009,0.326021,0.291324,-0.669051,37.90080647973808,5.365266758924867,10.391022630147079,11.272714845026467,-10.671649185094662,2.703804796351778
9.57231330871582,5.69523,0.368778,1.91497,0.0357198,-1.981,0.429706,0.0884447,0.479015,0.498311,0.46281,0.451242,0.561755,-0.51635,0.0905127,0.319583,0.138877,0.601009,0.326021,0.291324,-0.669051,37.90080647973808,5.365266758924867,10.391022630147079,11.272714845026467,-10.671649185094662,2.703804796351778
9.604689359664917,4.40402,0.180224,2.48614,0.0952452,-2.13785,0.480632,0.0884356,0.478981,0.497824,0.462651,0.451157,0.561837,-0.516479,0.0911927,0.317953,0.138832,0.59988,0.323662,0.286006,-0.67349,38.44089746960068,4.874431789427008,11.171928874149481,11.493220464407704,-10.396716819604404,1.1180276570866647
9.605624437332153,4.40402,0.180224,2.48614,0.0952452,-2.13785,0.480632,0.0884356,0.478981,0.497824,0.462651,0.451157,0.561837,-0.516479,0.0911927,0.317953,0.138832,0.59988,0.323662,0.286006,-0.67349,38.44089746960068,4.874431789427008,11.171928874149481,11.493220464407704,-10.396716819604404,1.1180276570866647
9.621287822723389,4.03587,0.771357,2.71278,0.191613,-2.33667,0.677276,0.0885933,0.478874,0.497839,0.463687,0.450768,0.560321,-0.517536,0.0918969,0.317311,0.138592,0.601872,0.324514,0.283112,-0.672524,38.52409385512255,5.183358649018574,10.985928261458348,12.91570448958425,-10.721671112096955,1.3787109510668074
9.622224569320679,4.03587,0.771357,2.71278,0.191613,-2.33667,0.677276,0.0885933,0.478874,0.497839,0.463687,0.450768,0.560321,-0.517536,0.0918969,0.317311,0.138592,0.601872,0.324514,0.283112,-0.672524,38.52409385512255,5.183358649018574,10.985928261458348,12.91570448958425,-10.721671112096955,1.3787109510668074
9.63804030418396,4.28135,0.570311,2.69653,0.151327,-2.43229,0.692151,0.088673,0.478893,0.497867,0.463585,0.450261,0.560254,-0.518141,0.092484,0.317207,0.138447,0.600713,0.326837,0.284688,-0.67177,38.15751358937166,5.394267219769804,10.946956271411809,12.117528920244341,-10.440664520907585,2.825170400450864
9.638983726501465,4.28135,0.570311,2.69653,0.151327,-2.43229,0.692151,0.088673,0.478893,0.497867,0.463585,0.450261,0.560254,-0.518141,0.092484,0.317207,0.138447,0.600713,0.326837,0.284688,-0.67177,38.15751358937166,5.394267219769804,10.946956271411809,12.117528920244341,-10.440664520907585,2.825170400450864
9.654649257659912,3.88405,-0.019737,2.59578,0.0896476,-2.40989,0.604204,0.088809,0.478874,0.497875,0.464354,0.449273,0.56034,-0.518217,0.0933729,0.316282,0.138652,0.601225,0.323174,0.280079,-0.675014,38.67848747791045,4.9514264211800105,11.524762563702888,13.452624804937255,-9.689317248371772,1.0259693123292366
9.655572652816772,3.88405,-0.019737,2.59578,0.0896476,-2.40989,0.604204,0.088809,0.478874,0.497875,0.464354,0.449273,0.56034,-0.518217,0.0933729,0.316282,0.138652,0.601225,0.323174,0.280079,-0.675014,38.67848747791045,4.9514264211800105,11.524762563702888,13.452624804937255,-9.689317248371772,1.0259693123292366
9.671980142593384,3.14178,-0.0102575,2.60416,0.140249,-2.41123,0.657554,0.0889624,0.478854,0.497732,0.463854,0.450241,0.560742,-0.517389,0.0943662,0.315084,0.138734,0.602655,0.322974,0.277519,-0.674891,39.12693398117258,4.969081023467351,11.539267594809942,12.535119076803898,-10.057238819506171,0.3838675474615836
9.672909021377563,3.14178,-0.0102575,2.60416,0.140249,-2.41123,0.657554,0.0889624,0.478854,0.497732,0.463854,0.450241,0.560742,-0.517389,0.0943662,0.315084,0.138734,0.602655,0.322974,0.277519,-0.674891,39.12693398117258,4.969081023467351,11.539267594809942,12.535119076803898,-10.057238819506171,0.3838675474615836
9.704909324645996,2.29209,-0.113598,2.69119,0.201925,-2.55954,0.703321,0.0888904,0.478799,0.497733,0.465048,0.449508,0.559363,-0.518446,0.0952295,0.314278,0.138716,0.601865,0.326619,0.277075,-0.674024,38.678373979065064,5.282094437156515,11.568537216045252,12.42251115764779,-10.503122807798114,2.188624498410278
9.705847024917603,2.29209,-0.113598,2.69119,0.201925,-2.55954,0.703321,0.0888904,0.478799,0.497733,0.465048,0.449508,0.559363,-0.518446,0.0952295,0.314278,0.138716,0.601865,0.326619,0.277075,-0.674024,38.678373979065064,5.282094437156515,11.568537216045252,12.42251115764779,-10.503122807798114,2.188624498410278
9.72180438041687,1.67984,-0.339702,2.55965,0.237654,-2.63995,0.709236,0.0886645,0.47886,0.4976,0.466447,0.449907,0.558257,-0.518035,0.0954148,0.314025,0.13859,0.600819,0.327464,0.27575,-0.675089,38.5492284796191,5.07634388292728,11.879850615990646,12.865950722355276,-11.016507121262585,2.4551498380498105
9.722737073898315,1.67984,-0.339702,2.55965,0.237654,-2.63995,0.709236,0.0886645,0.47886,0.4976,0.466447,0.449907,0.558257,-0.518035,0.0954148,0.314025,0.13859,0.600819,0.327464,0.27575,-0.675089,38.5492284796191,5.07634388292728,11.879850615990646,12.865950722355276,-11.016507121262585,2.4551498380498105
9.73858642578125,1.59074,-0.535278,2.53096,0.257135,-2.70738,0.694096,0.0885574,0.478983,0.497557,0.465242,0.450882,0.558626,-0.517872,0.0954709,0.313875,0.138496,0.601221,0.32902,0.275496,-0.674078,38.677788369801085,5.3114245658131605,11.69401340713337,11.902717536122209,-11.418728419506582,2.682342428706
9.739512920379639,1.59074,-0.535278,2.53096,0.257135,-2.70738,0.694096,0.0885574,0.478983,0.497557,0.465242,0.450882,0.558626,-0.517872,0.0954709,0.313875,0.138496,0.601221,0.32902,0.275496,-0.674078,38.677788369801085,5.3114245658131605,11.69401340713337,11.902717536122209,-11.418728419506582,2.682342428706
9.755202054977417,1.42607,-0.218162,2.79447,0.344042,-2.87618,0.795508,0.0883051,0.479002,0.49737,0.467818,0.448281,0.557504,-0.519018,0.0955074,0.313348,0.138256,0.603156,0.327833,0.272817,-0.674017,38.64629550182018,5.37910651842093,11.816406522944167,14.36866068469135,-11.64569093482081,2.6802555824776064
9.756142139434814,1.42607,-0.218162,2.79447,0.344042,-2.87618,0.795508,0.0883051,0.479002,0.49737,0.467818,0.448281,0.557504,-0.519018,0.0955074,0.313348,0.138256,0.603156,0.327833,0.272817,-0.674017,38.64629550182018,5.37910651842093,11.816406522944167,14.36866068469135,-11.64569093482081,2.6802555824776064
9.772011756896973,0.739033,-0.580837,3.12011,0.343495,-2.96104,0.716101,0.0881165,0.479045,0.497079,0.465793,0.45034,0.558817,-0.517642,0.0952621,0.312738,0.138012,0.604868,0.322066,0.272752,-0.675288,39.436819845574725,4.940288853328433,11.60249109010412,12.881990095427417,-9.909068686302614,0.6691309598357922
9.772950887680054,0.739033,-0.580837,3.12011,0.343495,-2.96104,0.716101,0.0881165,0.479045,0.497079,0.465793,0.45034,0.558817,-0.517642,0.0952621,0.312738,0.138012,0.604868,0.322066,0.272752,-0.675288,39.436819845574725,4.940288853328433,11.60249109010412,12.881990095427417,-9.909068686302614,0.6691309598357922
9.804616212844849,-0.0390778,-0.780723,3.64765,0.375258,-3.11689,0.670974,0.087959,0.478981,0.49647,0.467006,0.449291,0.55811,-0.518225,0.0951368,0.312495,0.137502,0.602821,0.326071,0.275502,-0.67408,38.66528435915858,5.1733643673927485,11.638989080288813,12.138150971337863,-10.777616971085422,3.0250540903585934
9.805549144744873,-0.0390778,-0.780723,3.64765,0.375258,-3.11689,0.670974,0.087959,0.478981,0.49647,0.467006,0.449291,0.55811,-0.518225,0.0951368,0.312495,0.137502,0.602821,0.326071,0.275502,-0.67408,38.66528435915858,5.1733643673927485,11.638989080288813,12.138150971337863,-10.777616971085422,3.0250540903585934
9.821744680404663,-0.609007,-1.1367,4.09561,0.357175,-3.24609,0.586123,0.0879401,0.479035,0.496205,0.465739,0.450213,0.559115,-0.51748,0.0947264,0.312003,0.137153,0.603848,0.322933,0.272317,-0.675962,39.39451311600589,4.880968082685368,11.847289262554835,12.393986328971245,-10.813617605953683,1.191211000135079
9.82268762588501,-0.609007,-1.1367,4.09561,0.357175,-3.24609,0.586123,0.0879401,0.479035,0.496205,0.465739,0.450213,0.559115,-0.51748,0.0947264,0.312003,0.137153,0.603848,0.322933,0.272317,-0.675962,39.39451311600589,4.880968082685368,11.847289262554835,12.393986328971245,-10.813617605953683,1.191211000135079
9.838490962982178,-0.957613,-1.20859,4.26674,0.365877,-3.2924,0.559291,0.08792,0.479031,0.496104,0.465421,0.450359,0.559252,-0.517491,0.0946119,0.311724,0.137017,0.606269,0.325221,0.270566,-0.673397,39.59490406282764,5.384997837380832,11.512226397391093,12.633013994449527,-12.460820091751541,1.3202528015020385
9.839441061019897,-0.957613,-1.20859,4.26674,0.365877,-3.2924,0.559291,0.08792,0.479031,0.496104,0.465421,0.450359,0.559252,-0.517491,0.0946119,0.311724,0.137017,0.606269,0.325221,0.270566,-0.673397,39.59490406282764,5.384997837380832,11.512226397391093,12.633013994449527,-12.460820091751541,1.3202528015020385
9.854762554168701,-0.962969,-1.24634,4.47513,0.372571,-3.42582,0.555631,0.0879998,0.478936,0.495902,0.466405,0.449544,0.557681,-0.519007,0.0943687,0.311535,0.13696,0.603644,0.324365,0.270948,-0.676009,39.20067368088414,5.091809268597044,11.836467871302078,13.389409308058447,-11.500008537956658,1.7760249959290317
9.855692386627197,-0.962969,-1.24634,4.47513,0.372571,-3.42582,0.555631,0.0879998,0.478936,0.495902,0.466405,0.449544,0.557681,-0.519007,0.0943687,0.311535,0.13696,0.603644,0.324365,0.270948,-0.676009,39.20067368088414,5.091809268597044,11.836467871302078,13.389409308058447,-11.500008537956658,1.7760249959290317
9.871457576751709,-0.388988,-1.21413,4.49467,0.37263,-3.53272,0.573987,0.0879936,0.478885,0.495866,0.467101,0.448386,0.557305,-0.519786,0.0942367,0.311259,0.136906,0.60399,0.323456,0.270943,-0.676137,39.1087611788448,5.102323870790918,11.828093330609478,14.047720535769367,-11.178382521721025,1.9828458452220077
9.872390985488892,-0.388988,-1.21413,4.49467,0.37263,-3.53272,0.573987,0.0879936,0.478885,0.495866,0.467101,0.448386,0.557305,-0.519786,0.0942367,0.311259,0.136906,0.60399,0.323456,0.270943,-0.676137,39.1087611788448,5.102323870790918,11.828093330609478,14.047720535769367,-11.178382521721025,1.9828458452220077
9.904875755310059,-1.72028,-1.77712,4.39749,0.344192,-3.4758,0.42789,0.087791,0.479003,0.49593,0.466646,0.448445,0.557497,-0.519938,0.0938279,0.310832,0.137025,0.603979,0.320826,0.271396,-0.677218,39.254301139389106,4.885791383752687,11.815894608384335,13.558040392721443,-10.192713769032636,1.6285892048187383
9.90581226348877,-1.72028,-1.77712,4.39749,0.344192,-3.4758,0.42789,0.087791,0.479003,0.49593,0.466646,0.448445,0.557497,-0.519938,0.0938279,0.310832,0.137025,0.603979,0.320826,0.271396,-0.677218,39.254301139389106,4.885791383752687,11.815894608384335,13.558040392721443,-10.192713769032636,1.6285892048187383
9.921818256378174,-2.51752,-1.62517,4.78557,0.435177,-3.6363,0.405179,0.087614,0.479177,0.496025,0.465425,0.448908,0.55855,-0.519503,0.0937402,0.310997,0.136899,0.603138,0.323312,0.272091,-0.676506,39.21131525621222,5.069542992812653,11.839850465211274,12.389050386381117,-10.820589099794553,2.3623624625151076
9.92275357246399,-2.51752,-1.62517,4.78557,0.435177,-3.6363,0.405179,0.087614,0.479177,0.496025,0.465425,0.448908,0.55855,-0.519503,0.0937402,0.310997,0.136899,0.603138,0.323312,0.272091,-0.676506,39.21131525621222,5.069542992812653,11.839850465211274,12.389050386381117,-10.820589099794553,2.3623624625151076
9.939059734344482,-2.56805,-1.41169,4.79234,0.486967,-3.71125,0.421795,0.0875486,0.479204,0.496034,0.465407,0.448887,0.558413,-0.519684,0.0937467,0.311093,0.136689,0.604133,0.326994,0.271209,-0.674199,39.13126974798112,5.564281220599285,11.636728027738632,12.65270010871999,-12.370327354544974,3.213809559665948
9.940027952194214,-2.56805,-1.41169,4.79234,0.486967,-3.71125,0.421795,0.0875486,0.479204,0.496034,0.465407,0.448887,0.558413,-0.519684,0.0937467,0.311093,0.136689,0.604133,0.326994,0.271209,-0.674199,39.13126974798112,5.564281220599285,11.636728027738632,12.65270010871999,-12.370327354544974,3.213809559665948
9.955667734146118,-1.88882,-1.10213,4.72692,0.528121,-3.87096,0.487646,0.0873995,0.479243,0.49597,0.466826,0.447892,0.558139,-0.519564,0.0936695,0.311085,0.136639,0.60476,0.323635,0.271542,-0.675123,39.145537174538404,5.2350343678900515,11.725245062630695,13.512500996158934,-11.374184355259338,2.6867826638515937
9.956673622131348,-1.88882,-1.10213,4.72692,0.528121,-3.87096,0.487646,0.0873995,0.479243,0.49597,0.466826,0.447892,0.558139,-0.519564,0.0936695,0.311085,0.136639,0.60476,0.323635,0.271542,-0.675123,39.145537174538404,5.2350343678900515,11.725245062630695,13.512500996158934,-11.374184355259338,2.6867826638515937
9.971844911575317,-2.02756,-1.22777,4.74889,0.500454,-3.85388,0.477395,0.0872913,0.479254,0.495811,0.466926,0.447714,0.558412,-0.519335,0.0938748,0.310917,0.136214,0.608788,0.32369,0.271822,-0.671353,39.34516000934244,5.722997095515987,11.038316013140427,13.557338183899585,-11.692098762075393,2.9107204976809573
9.972782135009766,-2.02756,-1.22777,4.74889,0.500454,-3.85388,0.477395,0.0872913,0.479254,0.495811,0.466926,0.447714,0.558412,-0.519335,0.0938748,0.310917,0.136214,0.608788,0.32369,0.271822,-0.671353,39.34516000934244,5.722997095515987,11.038316013140427,13.557338183899585,-11.692098762075393,2.9107204976809573
10.005431413650513,-4.02565,-1.71775,4.98316,0.490057,-3.85556,0.362998,0.0874614,0.479133,0.495436,0.466491,0.448426,0.557937,-0.519622,0.0940708,0.310572,0.136076,0.6054,0.323604,0.273333,-0.67384,39.06374208700243,5.370388048601176,11.355212669161302,12.345325833119443,-10.697139716433792,3.373036412346785
10.006336212158203,-4.02565,-1.71775,4.98316,0.490057,-3.85556,0.362998,0.0874614,0.479133,0.495436,0.466491,0.448426,0.557937,-0.519622,0.0940708,0.310572,0.136076,0.6054,0.323604,0.273333,-0.67384,39.06374208700243,5.370388048601176,11.355212669161302,12.345325833119443,-10.697139716433792,3.373036412346785
10.021862745285034,-4.69496,-1.7203,4.88127,0.538194,-3.94149,0.353762,0.0874016,0.47909,0.49532,0.466817,0.447941,0.557857,-0.519833,0.0938939,0.310241,0.136066,0.606002,0.321066,0.270646,-0.675595,39.404254097038816,5.1313508055999675,11.60880563623113,13.541567002111766,-10.472495587724612,2.094488602929001
10.022758722305298,-4.69496,-1.7203,4.88127,0.538194,-3.94149,0.353762,0.0874016,0.47909,0.49532,0.466817,0.447941,0.557857,-0.519833,0.0938939,0.310241,0.136066,0.606002,0.321066,0.270646,-0.675595,39.404254097038816,5.1313508055999675,11.60880563623113,13.541567002111766,-10.472495587724612,2.094488602929001
10.03810453414917,-4.627,-2.01853,4.7294,0.529526,-4.01315,0.291584,0.0873003,0.479128,0.495271,0.46656,0.448605,0.557839,-0.51951,0.0938429,0.310249,0.135966,0.605778,0.321737,0.270607,-0.675493,39.421562669960466,5.140017807156251,11.600068234430312,13.192374765698585,-10.712367673499177,2.2050344805730004
10.039015531539917,-4.627,-2.01853,4.7294,0.529526,-4.01315,0.291584,0.0873003,0.479128,0.495271,0.46656,0.448605,0.557839,-0.51951,0.0938429,0.310249,0.135966,0.605778,0.321737,0.270607,-0.675493,39.421562669960466,5.140017807156251,11.600068234430312,13.192374765698585,-10.712367673499177,2.2050344805730004
10.05535888671875,-3.97543,-1.35749,4.64658,0.636665,-4.1864,0.450977,0.086891,0.479392,0.495251,0.466669,0.448105,0.558334,-0.519312,0.0935595,0.30996,0.135813,0.608573,0.317592,0.268352,-0.675841,39.99473144425522,4.995758626891318,11.52377230939032,14.11711886901614,-9.989730788027602,0.7538591382117197
10.056276798248291,-3.97543,-1.35749,4.64658,0.636665,-4.1864,0.450977,0.086891,0.479392,0.495251,0.466669,0.448105,0.558334,-0.519312,0.0935595,0.30996,0.135813,0.608573,0.317592,0.268352,-0.675841,39.99473144425522,4.995758626891318,11.52377230939032,14.11711886901614,-9.989730788027602,0.7538591382117197
10.071351051330566,-4.23671,-1.76128,4.58076,0.627345,-4.25311,0.362822,0.0867142,0.47951,0.495392,0.466222,0.447951,0.55915,-0.518968,0.0934834,0.309841,0.135925,0.607765,0.316909,0.269413,-0.676466,39.9843881260779,4.847779992032644,11.65215300360446,13.254758888031818,-9.49685837414068,0.9190559026786307
10.072242259979248,-4.23671,-1.76128,4.58076,0.627345,-4.25311,0.362822,0.0867142,0.47951,0.495392,0.466222,0.447951,0.55915,-0.518968,0.0934834,0.309841,0.135925,0.607765,0.316909,0.269413,-0.676466,39.9843881260779,4.847779992032644,11.65215300360446,13.254758888031818,-9.49685837414068,0.9190559026786307
10.104896068572998,-3.39785,-1.08132,4.32676,0.748318,-4.39924,0.517809,0.0867776,0.479507,0.495506,0.465718,0.448843,0.558885,-0.518935,0.0934248,0.309043,0.135974,0.607842,0.317492,0.268928,-0.676317,40.06649578655746,4.9119835273982835,11.560888427250099,12.530359902790675,-9.925781540630574,1.3495332290336797
10.10584020614624,-3.39785,-1.08132,4.32676,0.748318,-4.39924,0.517809,0.0867776,0.479507,0.495506,0.465718,0.448843,0.558885,-0.518935,0.0934248,0.309043,0.135974,0.607842,0.317492,0.268928,-0.676317,40.06649578655746,4.9119835273982835,11.560888427250099,12.530359902790675,-9.925781540630574,1.3495332290336797
10.139185905456543,-4.69528,-2.32219,4.56629,0.594626,-4.35892,0.255785,0.0867615,0.479484,0.49558,0.465165,0.449104,0.559225,-0.518839,0.0933344,0.30838,0.135625,0.609334,0.316775,0.26665,-0.676213,40.46214686342573,4.984568460894043,11.518235153474325,12.921735468399707,-10.303055647851727,1.0349167008718183
10.142589569091797,-4.69528,-2.32219,4.56629,0.594626,-4.35892,0.255785,0.0867615,0.479484,0.49558,0.465165,0.449104,0.559225,-0.518839,0.0933344,0.30838,0.135625,0.609334,0.316775,0.26665,-0.676213,40.46214686342573,4.984568460894043,11.518235153474325,12.921735468399707,-10.303055647851727,1.0349167008718183
10.164275169372559,-3.88575,-1.73605,4.80548,0.687552,-4.70073,0.409579,0.0867412,0.479397,0.495094,0.467355,0.446833,0.557961,-0.520191,0.0932875,0.306357,0.134929,0.612195,0.318172,0.2626,-0.674555,40.4912630418989,5.4309231173443635,11.459731359471752,14.750421431852033,-12.313088492823704,2.1766549438397176
10.165575742721558,-3.88575,-1.73605,4.80548,0.687552,-4.70073,0.409579,0.0867412,0.479397,0.495094,0.467355,0.446833,0.557961,-0.520191,0.0932875,0.306357,0.134929,0.612195,0.318172,0.2626,-0.674555,40.4912630418989,5.4309231173443635,11.459731359471752,14.750421431852033,-12.313088492823704,2.1766549438397176
10.184886455535889,-3.92748,-2.17327,4.96149,0.636959,-4.75275,0.348917,0.0868575,0.47935,0.494724,0.46646,0.447804,0.558139,-0.519969,0.0931546,0.305399,0.13479,0.610603,0.314092,0.263875,-0.677407,40.64578352974841,4.8670166489852615,11.629620179957689,13.222110785999712,-10.54512820728474,1.6832887974812962
10.186069011688232,-3.92748,-2.17327,4.96149,0.636959,-4.75275,0.348917,0.0868575,0.47935,0.494724,0.46646,0.447804,0.558139,-0.519969,0.0931546,0.305399,0.13479,0.610603,0.314092,0.263875,-0.677407,40.64578352974841,4.8670166489852615,11.629620179957689,13.222110785999712,-10.54512820728474,1.6832887974812962
10.205008745193481,-4.10843,-2.02554,5.46503,0.667512,-4.87174,0.38305,0.086981,0.479147,0.49439,0.467384,0.44756,0.557576,-0.519953,0.093215,0.304318,0.134547,0.613113,0.313264,0.262683,-0.675985,40.81261670146838,5.0195415720875145,11.348317278860597,13.635866981798626,-11.220464289505346,1.6664871376448702
10.205964088439941,-4.10843,-2.02554,5.46503,0.667512,-4.87174,0.38305,0.086981,0.479147,0.49439,0.467384,0.44756,0.557576,-0.519953,0.093215,0.304318,0.134547,0.613113,0.313264,0.262683,-0.675985,40.81261670146838,5.0195415720875145,11.348317278860597,13.635866981798626,-11.220464289505346,1.6664871376448702
10.23816990852356,-3.89018,-1.52551,5.46332,0.724853,-4.95392,0.42022,0.0869335,0.47904,0.493727,0.467764,0.446111,0.557382,-0.521064,0.0930435,0.302613,0.13392,0.614538,0.310295,0.259627,-0.67724,41.16275900852741,4.939938195819366,11.483537066010458,14.512932096700517,-10.923156364117203,1.2005702532751794
10.239110469818115,-3.89018,-1.52551,5.46332,0.724853,-4.95392,0.42022,0.0869335,0.47904,0.493727,0.467764,0.446111,0.557382,-0.521064,0.0930435,0.302613,0.13392,0.614538,0.310295,0.259627,-0.67724,41.16275900852741,4.939938195819366,11.483537066010458,14.512932096700517,-10.923156364117203,1.2005702532751794
10.254727840423584,-3.11673,-1.31652,5.43539,0.721715,-5.06221,0.450342,0.086747,0.479138,0.493468,0.468088,0.446447,0.558068,-0.519749,0.093103,0.301569,0.133676,0.616723,0.306901,0.259494,-0.676851,41.55285081770722,4.720813191910968,11.34485610893871,13.741718942979766,-10.59755001313093,0.688037259144707
10.255663394927979,-3.11673,-1.31652,5.43539,0.721715,-5.06221,0.450342,0.086747,0.479138,0.493468,0.468088,0.446447,0.558068,-0.519749,0.093103,0.301569,0.133676,0.616723,0.306901,0.259494,-0.676851,41.55285081770722,4.720813191910968,11.34485610893871,13.741718942979766,-10.59755001313093,0.688037259144707
10.27229642868042,-2.87315,-1.07476,5.13081,0.726169,-4.94113,0.513252,0.0867777,0.479162,0.493437,0.467555,0.447191,0.55708,-0.520648,0.0933941,0.301085,0.133654,0.615117,0.310629,0.258167,-0.677119,41.36685060354583,4.961371979256488,11.437476752398052,13.293283373714571,-11.345392711160885,1.7310262221344592
10.27323055267334,-2.87315,-1.07476,5.13081,0.726169,-4.94113,0.513252,0.0867777,0.479162,0.493437,0.467555,0.447191,0.55708,-0.520648,0.0933941,0.301085,0.133654,0.615117,0.310629,0.258167,-0.677119,41.36685060354583,4.961371979256488,11.437476752398052,13.293283373714571,-11.345392711160885,1.7310262221344592
10.287924528121948,-3.41933,-1.05818,5.22574,0.720303,-4.86893,0.495422,0.0868311,0.479085,0.493508,0.467954,0.446423,0.558049,-0.519911,0.0933913,0.300737,0.133692,0.614147,0.309257,0.259732,-0.678028,41.268107867580355,4.658678356420764,11.714667982477025,12.673198657876828,-11.021731473481191,1.9953830094929295
10.288851022720337,-3.41933,-1.05818,5.22574,0.720303,-4.86893,0.495422,0.0868311,0.479085,0.493508,0.467954,0.446423,0.558049,-0.519911,0.0933913,0.300737,0.133692,0.614147,0.309257,0.259732,-0.678028,41.268107867580355,4.658678356420764,11.714667982477025,12.673198657876828,-11.021731473481191,1.9953830094929295
10.304733991622925,-3.01234,-0.740215,5.34723,0.74505,-4.90578,0.556442,0.0870531,0.479,0.493709,0.467314,0.446759,0.557252,-0.521051,0.0937998,0.300158,0.133884,0.615689,0.309142,0.257229,-0.677637,41.55257993594336,4.923073066422659,11.45613047508318,13.237917679247367,-10.841069419508742,1.5947618244578878
10.305667400360107,-3.01234,-0.740215,5.34723,0.74505,-4.90578,0.556442,0.0870531,0.479,0.493709,0.467314,0.446759,0.557252,-0.521051,0.0937998,0.300158,0.133884,0.615689,0.309142,0.257229,-0.677637,41.55257993594336,4.923073066422659,11.45613047508318,13.237917679247367,-10.841069419508742,1.5947618244578878
10.338318347930908,-1.87274,0.0496581,5.07204,0.782445,-4.80158,0.691931,0.0874702,0.478873,0.493945,0.467024,0.448032,0.556445,-0.521081,0.0946042,0.299185,0.134301,0.617331,0.309711,0.256751,-0.676062,41.68663816919539,5.175367026679878,11.007879432078605,12.360664661923414,-11.019417111532366,1.8829746463500303
10.339250087738037,-1.87274,0.0496581,5.07204,0.782445,-4.80158,0.691931,0.0874702,0.478873,0.493945,0.467024,0.448032,0.556445,-0.521081,0.0946042,0.299185,0.134301,0.617331,0.309711,0.256751,-0.676062,41.68663816919539,5.175367026679878,11.007879432078605,12.360664661923414,-11.019417111532366,1.8829746463500303
10.355088949203491,-1.53507,0.369011,4.72175,0.73299,-4.5139,0.706042,0.0878121,0.478732,0.493931,0.46935,0.44595,0.55528,-0.522019,0.0955824,0.298252,0.134933,0.618226,0.310104,0.253227,-0.676393,41.63474215650051,5.235489785271159,11.31695487369758,14.031062218978096,-11.83883785393107,1.5673351377065425
10.356022119522095,-1.53507,0.369011,4.72175,0.73299,-4.5139,0.706042,0.0878121,0.478732,0.493931,0.46935,0.44595,0.55528,-0.522019,0.0955824,0.298252,0.134933,0.618226,0.310104,0.253227,-0.676393,41.63474215650051,5.235489785271159,11.31695487369758,14.031062218978096,-11.83883785393107,1.5673351377065425
10.371792793273926,-2.16358,0.0533288,3.93483,0.582807,-3.96042,0.538029,0.0880481,0.47867,0.493916,0.468744,0.446944,0.554981,-0.522031,0.0961408,0.297605,0.135247,0.619978,0.309757,0.253451,-0.674863,41.805004511757,5.450329240985864,10.838272013636509,12.981414667554315,-11.583947381102483,1.4795684075379132
10.37271761894226,-2.16358,0.0533288,3.93483,0.582807,-3.96042,0.538029,0.0880481,0.47867,0.493916,0.468744,0.446944,0.554981,-0.522031,0.0961408,0.297605,0.135247,0.619978,0.309757,0.253451,-0.674863,41.805004511757,5.450329240985864,10.838272013636509,12.981414667554315,-11.583947381102483,1.4795684075379132
10.38849925994873,-2.00187,-0.453445,3.73654,0.489706,-3.80807,0.402135,0.0881912,0.478645,0.493984,0.4692,0.447951,0.554201,-0.521586,0.0964396,0.297565,0.13551,0.619772,0.310609,0.253316,-0.674712,41.7403412673302,5.420619353862834,10.80611635141486,12.754166497770306,-11.987702364089383,1.525754007706941
10.389448404312134,-2.00187,-0.453445,3.73654,0.489706,-3.80807,0.402135,0.0881912,0.478645,0.493984,0.4692,0.447951,0.554201,-0.521586,0.0964396,0.297565,0.13551,0.619772,0.310609,0.253316,-0.674712,41.7403412673302,5.420619353862834,10.80611635141486,12.754166497770306,-11.987702364089383,1.525754007706941
10.40458631515503,-0.0800734,0.629335,3.52515,0.560162,-3.63985,0.590949,0.0883351,0.478614,0.494684,0.470273,0.447828,0.553629,-0.521333,0.096877,0.297472,0.136691,0.619017,0.306112,0.254146,-0.677143,41.754631065685906,4.821755606023234,11.03533538515605,12.800141114365339,-10.053503562404012,0.43986789847069385
10.405517816543579,-0.0800734,0.629335,3.52515,0.560162,-3.63985,0.590949,0.0883351,0.478614,0.494684,0.470273,0.447828,0.553629,-0.521333,0.096877,0.297472,0.136691,0.619017,0.306112,0.254146,-0.677143,41.754631065685906,4.821755606023234,11.03533538515605,12.800141114365339,-10.053503562404012,0.43986789847069385
10.438292503356934,0.362161,0.448823,1.96893,0.392456,-2.61153,0.382996,0.0883872,0.47875,0.495591,0.472223,0.44638,0.553053,-0.521424,0.0974367,0.298177,0.13814,0.619821,0.308601,0.255908,-0.67461,41.2523472843038,5.135201413501686,10.831686447671379,13.086465964331246,-10.821305060922073,1.198053361652918
10.439226627349854,0.362161,0.448823,1.96893,0.392456,-2.61153,0.382996,0.0883872,0.47875,0.495591,0.472223,0.44638,0.553053,-0.521424,0.0974367,0.298177,0.13814,0.619821,0.308601,0.255908,-0.67461,41.2523472843038,5.135201413501686,10.831686447671379,13.086465964331246,-10.821305060922073,1.198053361652918
10.454578876495361,0.887078,0.505657,1.39032,0.357391,-2.22584,0.277391,0.0883748,0.478999,0.49702,0.472076,0.447978,0.552723,-0.520536,0.0974873,0.300131,0.139219,0.620976,0.31265,0.25739,-0.67111,41.0653714383975,5.613832532360599,10.301271227984467,13.261638752609153,-12.052810492842404,1.6315179868313856
10.455499172210693,0.887078,0.505657,1.39032,0.357391,-2.22584,0.277391,0.0883748,0.478999,0.49702,0.472076,0.447978,0.552723,-0.520536,0.0974873,0.300131,0.139219,0.620976,0.31265,0.25739,-0.67111,41.0653714383975,5.613832532360599,10.301271227984467,13.261638752609153,-12.052810492842404,1.6315179868313856
10.471407413482666,1.99418,1.52156,1.41653,0.423393,-1.98875,0.410466,0.0884039,0.479164,0.498073,0.470902,0.448923,0.553877,-0.519557,0.097848,0.302071,0.140218,0.618173,0.315791,0.26055,-0.671009,40.71345346001958,5.598889707993685,10.459731363378804,12.015292489167969,-11.84915783172653,1.990661079779286
10.472332000732422,1.99418,1.52156,1.41653,0.423393,-1.98875,0.410466,0.0884039,0.479164,0.498073,0.470902,0.448923,0.553877,-0.519557,0.097848,0.302071,0.140218,0.618173,0.315791,0.26055,-0.671009,40.71345346001958,5.598889707993685,10.459731363378804,12.015292489167969,-11.84915783172653,1.990661079779286
10.488062620162964,2.1704,1.28501,1.2127,0.347684,-1.76499,0.336109,0.0885142,0.479232,0.498492,0.471778,0.448088,0.553908,-0.51945,0.0977788,0.302897,0.140439,0.616799,0.317118,0.263252,-0.670592,40.23214336412268,5.579019027023294,10.544626973749088,12.100848998201766,-11.927398862061029,3.0124161206170754
10.48899221420288,2.1704,1.28501,1.2127,0.347684,-1.76499,0.336109,0.0885142,0.479232,0.498492,0.471778,0.448088,0.553908,-0.51945,0.0977788,0.302897,0.140439,0.616799,0.317118,0.263252,-0.670592,40.23214336412268,5.579019027023294,10.544626973749088,12.100848998201766,-11.927398862061029,3.0124161206170754
10.505566120147705,2.49067,1.563,0.773148,0.305397,-1.28179,0.363003,0.08858,0.479355,0.499422,0.469617,0.449597,0.555228,-0.518695,0.0983532,0.305335,0.141348,0.617035,0.316575,0.26395,-0.670357,40.55934580318546,5.592410388520722,10.355874806786465,12.05712365010584,-10.518851307001562,1.0805564802358747
10.506500720977783,2.49067,1.563,0.773148,0.305397,-1.28179,0.363003,0.08858,0.479355,0.499422,0.469617,0.449597,0.555228,-0.518695,0.0983532,0.305335,0.141348,0.617035,0.316575,0.26395,-0.670357,40.55934580318546,5.592410388520722,10.355874806786465,12.05712365010584,-10.518851307001562,1.0805564802358747
10.53833818435669,0.133393,0.554635,-0.089013,0.125251,-0.33403,0.0296585,0.0888065,0.479393,0.499761,0.469976,0.450579,0.555185,-0.517563,0.0987825,0.307903,0.141783,0.616448,0.318357,0.267283,-0.66873,40.1966610515267,5.629867428604867,10.14004738141013,12.233330922274867,-10.311826562068221,0.7604253101806302
10.539271593093872,0.133393,0.554635,-0.089013,0.125251,-0.33403,0.0296585,0.0888065,0.479393,0.499761,0.469976,0.450579,0.555185,-0.517563,0.0987825,0.307903,0.141783,0.616448,0.318357,0.267283,-0.66873,40.1966610515267,5.629867428604867,10.14004738141013,12.233330922274867,-10.311826562068221,0.7604253101806302
10.554567575454712,-0.593275,0.381195,0.349897,0.0926795,-0.165266,-0.0596742,0.088799,0.479537,0.500474,0.468509,0.45056,0.555983,-0.518052,0.0986385,0.311178,0.142375,0.615505,0.321224,0.270908,-0.666767,39.8190400745253,6.0216955662809495,9.808374590793722,12.620827362097483,-9.595377715454177,0.6302022324918282
10.555502891540527,-0.593275,0.381195,0.349897,0.0926795,-0.165266,-0.0596742,0.088799,0.479537,0.500474,0.468509,0.45056,0.555983,-0.518052,0.0986385,0.311178,0.142375,0.615505,0.321224,0.270908,-0.666767,39.8190400745253,6.0216955662809495,9.808374590793722,12.620827362097483,-9.595377715454177,0.6302022324918282
10.571429967880249,-1.14168,0.623785,0.335806,0.137032,0.0657228,-0.030053,0.0886585,0.479701,0.500885,0.469149,0.450925,0.555135,-0.518064,0.0983807,0.313658,0.142722,0.614537,0.324819,0.276143,-0.663764,39.026563073860785,6.351507570384655,9.34372773150362,12.590244531732068,-9.489199848708369,1.9690579186610533
10.572368621826172,-1.14168,0.623785,0.335806,0.137032,0.0657228,-0.030053,0.0886585,0.479701,0.500885,0.469149,0.450925,0.555135,-0.518064,0.0983807,0.313658,0.142722,0.614537,0.324819,0.276143,-0.663764,39.026563073860785,6.351507570384655,9.34372773150362,12.590244531732068,-9.489199848708369,1.9690579186610533
10.588054418563843,-1.32605,0.481588,0.205855,0.110313,0.184328,-0.0552723,0.0885361,0.479754,0.501135,0.469787,0.449141,0.555831,-0.518291,0.0982572,0.31506,0.143192,0.610943,0.329113,0.279827,-0.663423,38.18696665681621,6.452619773207106,9.730970709680191,12.180322239289028,-10.016037799232988,3.5463182483515605
10.588985204696655,-1.32605,0.481588,0.205855,0.110313,0.184328,-0.0552723,0.0885361,0.479754,0.501135,0.469787,0.449141,0.555831,-0.518291,0.0982572,0.31506,0.143192,0.610943,0.329113,0.279827,-0.663423,38.18696665681621,6.452619773207106,9.730970709680191,12.180322239289028,-10.016037799232988,3.5463182483515605
10.60471248626709,-1.13499,0.37859,-0.221016,0.0829217,0.389083,-0.0474075,0.0882028,0.480058,0.50194,0.469126,0.450723,0.556322,-0.516988,0.0975773,0.318216,0.144095,0.609335,0.330401,0.283953,-0.662508,37.87055553747071,6.363666963303523,9.570649782594836,11.956906630471774,-9.615580951940714,2.992681842804817
10.605645895004272,-1.13499,0.37859,-0.221016,0.0829217,0.389083,-0.0474075,0.0882028,0.480058,0.50194,0.469126,0.450723,0.556322,-0.516988,0.0975773,0.318216,0.144095,0.609335,0.330401,0.283953,-0.662508,37.87055553747071,6.363666963303523,9.570649782594836,11.956906630471774,-9.615580951940714,2.992681842804817
10.628693103790283,-1.0003,0.0880547,-0.559403,0.0436593,0.511635,-0.101039,0.0881676,0.480241,0.502154,0.468401,0.451501,0.55853,-0.51458,0.0974825,0.319207,0.144342,0.609422,0.332765,0.285121,-0.66074,37.960146944781066,6.4414824789465115,9.640097592352044,10.812295978642865,-11.321464062915899,2.760692453814742
10.630439519882202,-1.0003,0.0880547,-0.559403,0.0436593,0.511635,-0.101039,0.0881676,0.480241,0.502154,0.468401,0.451501,0.55853,-0.51458,0.0974825,0.319207,0.144342,0.609422,0.332765,0.285121,-0.66074,37.960146944781066,6.4414824789465115,9.640097592352044,10.812295978642865,-11.321464062915899,2.760692453814742
10.647511720657349,-1.43982,-0.218505,-1.21378,0.0447187,0.742032,-0.171177,0.0879684,0.480485,0.50283,0.464911,0.455203,0.558695,-0.514302,0.0960837,0.323282,0.14595,0.604362,0.339321,0.292702,-0.658736,37.128144604135215,6.770012624885769,9.18671006729143,8.176850738795764,-11.438442818439851,3.1060409035681142
10.648515701293945,-1.43982,-0.218505,-1.21378,0.0447187,0.742032,-0.171177,0.0879684,0.480485,0.50283,0.464911,0.455203,0.558695,-0.514302,0.0960837,0.323282,0.14595,0.604362,0.339321,0.292702,-0.658736,37.128144604135215,6.770012624885769,9.18671006729143,8.176850738795764,-11.438442818439851,3.1060409035681142
10.663351774215698,-1.88651,0.411613,-1.46934,0.169782,0.849996,-0.0596807,0.0878461,0.480479,0.502959,0.467631,0.453226,0.557295,-0.515102,0.0946717,0.325615,0.146726,0.604184,0.335879,0.299242,-0.657724,36.30907881987369,6.514924439991664,8.802000422962646,9.867130017332874,-9.791758934119896,3.0887051350087806
10.664281606674194,-1.88651,0.411613,-1.46934,0.169782,0.849996,-0.0596807,0.0878461,0.480479,0.502959,0.467631,0.453226,0.557295,-0.515102,0.0946717,0.325615,0.146726,0.604184,0.335879,0.299242,-0.657724,36.30907881987369,6.514924439991664,8.802000422962646,9.867130017332874,-9.791758934119896,3.0887051350087806
10.68827772140503,-2.2486,0.218463,-1.1093,0.148881,0.83596,-0.11605,0.0876937,0.480485,0.50291,0.468295,0.452409,0.557384,-0.515121,0.0938475,0.32719,0.147123,0.605634,0.332799,0.297869,-0.658579,36.591439487184914,6.326113094586906,8.853217614701842,12.317232683043954,-9.625983150425878,0.731539042028722
10.689216613769531,-2.2486,0.218463,-1.1093,0.148881,0.83596,-0.11605,0.0876937,0.480485,0.50291,0.468295,0.452409,0.557384,-0.515121,0.0938475,0.32719,0.147123,0.605634,0.332799,0.297869,-0.658579,36.591439487184914,6.326113094586906,8.853217614701842,12.317232683043954,-9.625983150425878,0.731539042028722
10.704838037490845,-2.05511,-0.192997,-0.958768,0.0799846,0.800233,-0.187963,0.0874827,0.480485,0.50265,0.4683,0.451168,0.558774,-0.514698,0.0928436,0.330043,0.147349,0.600237,0.338955,0.306715,-0.656316,35.23650817232553,6.516040280681408,8.991252997207173,10.674310453653009,-10.2893537187338,3.1557506989569855
10.705791234970093,-2.05511,-0.192997,-0.958768,0.0799846,0.800233,-0.187963,0.0874827,0.480485,0.50265,0.4683,0.451168,0.558774,-0.514698,0.0928436,0.330043,0.147349,0.600237,0.338955,0.306715,-0.656316,35.23650817232553,6.516040280681408,8.991252997207173,10.674310453653009,-10.2893537187338,3.1557506989569855
10.73839282989502,-2.87045,-0.191409,-0.495276,0.0843777,0.860386,-0.210935,0.0874088,0.480551,0.502386,0.466834,0.452815,0.558621,-0.514749,0.0913363,0.331758,0.147843,0.601035,0.336227,0.308365,-0.656217,35.45741234486876,6.414980232519099,8.527856477279466,11.035640871106711,-9.64792159936479,1.0214694610854247
10.73935317993164,-2.87045,-0.191409,-0.495276,0.0843777,0.860386,-0.210935,0.0874088,0.480551,0.502386,0.466834,0.452815,0.558621,-0.514749,0.0913363,0.331758,0.147843,0.601035,0.336227,0.308365,-0.656217,35.45741234486876,6.414980232519099,8.527856477279466,11.035640871106711,-9.64792159936479,1.0214694610854247
10.75466012954712,-2.47006,-0.246372,-0.558074,0.093384,0.823076,-0.209758,0.0873504,0.480565,0.502311,0.46697,0.451806,0.559059,-0.515037,0.0893521,0.33423,0.148282,0.600356,0.337409,0.314265,-0.653426,34.78937918008376,6.651227042070576,8.117037114185935,11.461695465361055,-10.201534823921893,1.4921718732067135
10.755616664886475,-2.47006,-0.246372,-0.558074,0.093384,0.823076,-0.209758,0.0873504,0.480565,0.502311,0.46697,0.451806,0.559059,-0.515037,0.0893521,0.33423,0.148282,0.600356,0.337409,0.314265,-0.653426,34.78937918008376,6.651227042070576,8.117037114185935,11.461695465361055,-10.201534823921893,1.4921718732067135
10.771424055099487,-2.33959,-0.411132,-0.688906,0.0750821,0.834006,-0.23691,0.087336,0.480589,0.502373,0.466981,0.452273,0.558837,-0.514858,0.087732,0.336156,0.14874,0.599989,0.337067,0.322651,-0.649842,34.04879662951488,6.746735439649751,7.319550849659884,10.420867960637715,-9.42250991151081,2.5547599329207693
10.772386074066162,-2.33959,-0.411132,-0.688906,0.0750821,0.834006,-0.23691,0.087336,0.480589,0.502373,0.466981,0.452273,0.558837,-0.514858,0.087732,0.336156,0.14874,0.599989,0.337067,0.322651,-0.649842,34.04879662951488,6.746735439649751,7.319550849659884,10.420867960637715,-9.42250991151081,2.5547599329207693
10.78815245628357,-2.23963,-0.221229,-0.855889,0.113242,0.862274,-0.19587,0.0873854,0.480585,0.502428,0.467505,0.452675,0.558386,-0.514519,0.0867581,0.336755,0.149183,0.602633,0.332487,0.321969,-0.650094,34.46109145622845,6.503958921072235,7.0273037568347485,12.020298957339987,-9.156988676138672,0.42195615869423664
10.789095640182495,-2.23963,-0.221229,-0.855889,0.113242,0.862274,-0.19587,0.0873854,0.480585,0.502428,0.467505,0.452675,0.558386,-0.514519,0.0867581,0.336755,0.149183,0.602633,0.332487,0.321969,-0.650094,34.46109145622845,6.503958921072235,7.0273037568347485,12.020298957339987,-9.156988676138672,0.42195615869423664
10.805439233779907,-2.09348,0.148435,-1.13481,0.167514,0.90067,-0.127079,0.0875111,0.480475,0.502654,0.468102,0.451309,0.558582,-0.514964,0.0848049,0.339627,0.150146,0.601607,0.332022,0.330953,-0.646762,33.51531702992399,6.599252060854461,6.413265689802348,12.282694068158188,-8.414227247345378,1.1764190481951808
10.806378602981567,-2.09348,0.148435,-1.13481,0.167514,0.90067,-0.127079,0.0875111,0.480475,0.502654,0.468102,0.451309,0.558582,-0.514964,0.0848049,0.339627,0.150146,0.601607,0.332022,0.330953,-0.646762,33.51531702992399,6.599252060854461,6.413265689802348,12.282694068158188,-8.414227247345378,1.1764190481951808
10.838343381881714,-2.2029,-0.0566192,-1.43465,0.167248,0.967348,-0.178714,0.0876294,0.480433,0.502837,0.469319,0.45144,0.557694,-0.514703,0.083373,0.342535,0.151214,0.600075,0.332492,0.336589,-0.645033,32.77199122914871,6.491303245247144,6.12090936308673,13.252027992545418,-8.505729422397883,1.0999868549363119
10.839306592941284,-2.2029,-0.0566192,-1.43465,0.167248,0.967348,-0.178714,0.0876294,0.480433,0.502837,0.469319,0.45144,0.557694,-0.514703,0.083373,0.342535,0.151214,0.600075,0.332492,0.336589,-0.645033,32.77199122914871,6.491303245247144,6.12090936308673,13.252027992545418,-8.505729422397883,1.0999868549363119
10.854674339294434,-1.959,-0.233276,-1.14662,0.134374,0.902947,-0.207474,0.0875921,0.480554,0.50304,0.46834,0.452575,0.557644,-0.514652,0.0817973,0.345326,0.151979,0.600516,0.331905,0.342564,-0.641771,32.407485447832286,6.648543600242804,5.322011283798569,13.258026183714964,-7.691407778777411,0.6886719569348614
10.855621337890625,-1.959,-0.233276,-1.14662,0.134374,0.902947,-0.207474,0.0875921,0.480554,0.50304,0.46834,0.452575,0.557644,-0.514652,0.0817973,0.345326,0.151979,0.600516,0.331905,0.342564,-0.641771,32.407485447832286,6.648543600242804,5.322011283798569,13.258026183714964,-7.691407778777411,0.6886719569348614
10.871846199035645,-1.44372,-0.0348043,-1.39642,0.177921,0.931523,-0.153577,0.0876326,0.48054,0.503021,0.468292,0.452712,0.557484,-0.514749,0.0807549,0.347366,0.152586,0.600709,0.3332,0.348296,-0.637821,31.808601712163153,6.954130446750519,4.664704994719816,12.98003291284596,-7.542045007899546,1.2726327950322447
10.872791051864624,-1.44372,-0.0348043,-1.39642,0.177921,0.931523,-0.153577,0.0876326,0.48054,0.503021,0.468292,0.452712,0.557484,-0.514749,0.0807549,0.347366,0.152586,0.600709,0.3332,0.348296,-0.637821,31.808601712163153,6.954130446750519,4.664704994719816,12.98003291284596,-7.542045007899546,1.2726327950322447
10.888058423995972,-1.51738,-0.339861,-1.57259,0.159134,0.993563,-0.225748,0.0876997,0.480487,0.503007,0.468906,0.452507,0.557197,-0.514681,0.0801389,0.348192,0.152833,0.60115,0.334141,0.3499,-0.636033,31.551247270232643,7.109000808027895,4.456093492851369,13.45770870998069,-8.24153029723808,1.5003156938508138
10.889015197753906,-1.51738,-0.339861,-1.57259,0.159134,0.993563,-0.225748,0.0876997,0.480487,0.503007,0.468906,0.452507,0.557197,-0.514681,0.0801389,0.348192,0.152833,0.60115,0.334141,0.3499,-0.636033,31.551247270232643,7.109000808027895,4.456093492851369,13.45770870998069,-8.24153029723808,1.5003156938508138
10.904738187789917,-1.46896,0.0101507,-1.73556,0.233125,1.03576,-0.170645,0.0878644,0.480447,0.502995,0.467523,0.453682,0.55702,-0.515095,0.0787899,0.351151,0.153789,0.601838,0.334763,0.35622,-0.631532,31.08740008425565,7.492864925744923,3.4953789225813106,13.30359860472666,-7.488400454021121,1.0801371827675936
10.905685663223267,-1.46896,0.0101507,-1.73556,0.233125,1.03576,-0.170645,0.0878644,0.480447,0.502995,0.467523,0.453682,0.55702,-0.515095,0.0787899,0.351151,0.153789,0.601838,0.334763,0.35622,-0.631532,31.08740008425565,7.492864925744923,3.4953789225813106,13.30359860472666,-7.488400454021121,1.0801371827675936
10.938241720199585,-1.65649,-0.490569,-1.40491,0.222365,1.05097,-0.293692,0.0877318,0.480469,0.503059,0.468515,0.452963,0.55715,-0.514686,0.0766648,0.354383,0.154497,0.602839,0.337596,0.367847,-0.622337,29.778507438593483,8.12981786903653,2.274766140259545,12.560994652196541,-7.637241510597237,3.5616812815591437
10.939213037490845,-1.65649,-0.490569,-1.40491,0.222365,1.05097,-0.293692,0.0877318,0.480469,0.503059,0.468515,0.452963,0.55715,-0.514686,0.0766648,0.354383,0.154497,0.602839,0.337596,0.367847,-0.622337,29.778507438593483,8.12981786903653,2.274766140259545,12.560994652196541,-7.637241510597237,3.5616812815591437
10.954773426055908,-1.12777,-0.450073,-1.75582,0.287646,1.07805,-0.287733,0.0875967,0.480553,0.503059,0.468417,0.452636,0.557621,-0.514554,0.0745318,0.356373,0.155205,0.605325,0.335354,0.376241,-0.616086,29.247141413812468,8.425522315117325,1.101226201502641,12.105259667411786,-6.645485448030886,3.9676873850546857
10.955723285675049,-1.12777,-0.450073,-1.75582,0.287646,1.07805,-0.287733,0.0875967,0.480553,0.503059,0.468417,0.452636,0.557621,-0.514554,0.0745318,0.356373,0.155205,0.605325,0.335354,0.376241,-0.616086,29.247141413812468,8.425522315117325,1.101226201502641,12.105259667411786,-6.645485448030886,3.9676873850546857
10.971385955810547,-1.38369,-0.234132,-1.89001,0.416837,1.14783,-0.276682,0.0875665,0.480542,0.503056,0.468399,0.452643,0.557521,-0.514671,0.0699174,0.35994,0.156603,0.6119,0.33093,0.392498,-0.601672,28.186582246481006,9.218001101390715,-1.5979565622102914,11.679880996777143,-5.133830741014367,4.927659140941447
10.972327947616577,-1.38369,-0.234132,-1.89001,0.416837,1.14783,-0.276682,0.0875665,0.480542,0.503056,0.468399,0.452643,0.557521,-0.514671,0.0699174,0.35994,0.156603,0.6119,0.33093,0.392498,-0.601672,28.186582246481006,9.218001101390715,-1.5979565622102914,11.679880996777143,-5.133830741014367,4.927659140941447
10.98835277557373,-1.55528,-0.117956,-2.05192,0.486583,1.20158,-0.272728,0.0875125,0.480536,0.503063,0.468303,0.452406,0.557485,-0.515007,0.0678246,0.360816,0.157187,0.618395,0.324562,0.391329,-0.599257,28.917563531274894,9.424245454929896,-2.5154368754449212,14.557220154440962,-5.299284804765334,1.7339762537369925
10.989316940307617,-1.55528,-0.117956,-2.05192,0.486583,1.20158,-0.272728,0.0875125,0.480536,0.503063,0.468303,0.452406,0.557485,-0.515007,0.0678246,0.360816,0.157187,0.618395,0.324562,0.391329,-0.599257,28.917563531274894,9.424245454929896,-2.5154368754449212,14.557220154440962,-5.299284804765334,1.7339762537369925
11.005279302597046,-1.16553,0.438049,-1.53992,0.620947,1.08247,-0.139657,0.0874804,0.480654,0.503037,0.467549,0.453589,0.558459,-0.513593,0.062938,0.363572,0.158206,0.624931,0.322859,0.409484,-0.580987,27.643225328282654,10.454027708768594,-5.422800187876328,11.872282805640747,-5.012346609016284,4.192517784642563
11.006228923797607,-1.16553,0.438049,-1.53992,0.620947,1.08247,-0.139657,0.0874804,0.480654,0.503037,0.467549,0.453589,0.558459,-0.513593,0.062938,0.363572,0.158206,0.624931,0.322859,0.409484,-0.580987,27.643225328282654,10.454027708768594,-5.422800187876328,11.872282805640747,-5.012346609016284,4.192517784642563
11.038436651229858,-0.916145,0.134258,-2.35774,0.69592,1.16011,-0.179938,0.0873644,0.480537,0.502694,0.468843,0.451269,0.558365,-0.514559,0.046684,0.367641,0.162135,0.647949,0.301818,0.452206,-0.533459,24.86332183887392,12.714036036369055,-13.627878311442203,11.46946265166676,-2.035285669291448,7.0848675164521495
11.039387226104736,-0.916145,0.134258,-2.35774,0.69592,1.16011,-0.179938,0.0873644,0.480537,0.502694,0.468843,0.451269,0.558365,-0.514559,0.046684,0.367641,0.162135,0.647949,0.301818,0.452206,-0.533459,24.86332183887392,12.714036036369055,-13.627878311442203,11.46946265166676,-2.035285669291448,7.0848675164521495
11.054791927337646,-0.611217,-0.81954,-2.40643,0.700065,1.10761,-0.365293,0.0875468,0.480469,0.503007,0.467887,0.452533,0.557518,-0.515237,0.0329231,0.369305,0.166568,0.666174,0.284875,0.483112,-0.491591,22.72991035141201,14.596924691230432,-20.543268514110736,10.803708642674515,-0.6803921802716113,8.095510459864727
11.055732488632202,-0.611217,-0.81954,-2.40643,0.700065,1.10761,-0.365293,0.0875468,0.480469,0.503007,0.467887,0.452533,0.557518,-0.515237,0.0329231,0.369305,0.166568,0.666174,0.284875,0.483112,-0.491591,22.72991035141201,14.596924691230432,-20.543268514110736,10.803708642674515,-0.6803921802716113,8.095510459864727
11.07146430015564,-1.13946,-0.619186,-0.544195,0.723908,0.72207,-0.390319,0.0874891,0.480609,0.503288,0.468135,0.452625,0.559895,-0.512345,0.0261916,0.370138,0.168891,0.674129,0.269515,0.499119,-0.473066,22.28319015931528,14.567068736688679,-23.63079643830679,11.659546164025311,0.9979907155667054,6.663214650053989
11.072401285171509,-1.13946,-0.619186,-0.544195,0.723908,0.72207,-0.390319,0.0874891,0.480609,0.503288,0.468135,0.452625,0.559895,-0.512345,0.0261916,0.370138,0.168891,0.674129,0.269515,0.499119,-0.473066,22.28319015931528,14.567068736688679,-23.63079643830679,11.659546164025311,0.9979907155667054,6.663214650053989
11.088148832321167,-0.64522,0.154156,0.0912276,0.852298,0.527402,-0.249127,0.0873607,0.48069,0.503325,0.468187,0.453129,0.559972,-0.511767,0.0241717,0.370918,0.169879,0.675543,0.269183,0.503292,-0.466774,21.814185477634847,14.796721390328463,-24.37770112060489,11.384021404922757,0.3534110811017137,6.644645860609561
11.089115381240845,-0.64522,0.154156,0.0912276,0.852298,0.527402,-0.249127,0.0873607,0.48069,0.503325,0.468187,0.453129,0.559972,-0.511767,0.0241717,0.370918,0.169879,0.675543,0.269183,0.503292,-0.466774,21.814185477634847,14.796721390328463,-24.37770112060489,11.384021404922757,0.3534110811017137,6.644645860609561
11.105419158935547,0.408106,0.942168,-1.09636,0.959681,0.641177,-0.112154,0.0871293,0.48084,0.503164,0.466444,0.454125,0.559058,-0.513473,0.0212882,0.373731,0.171749,0.674106,0.273565,0.50859,-0.460522,20.79732384042223,15.304402875323435,-25.04199685606887,11.036707625891541,-0.1998244196550334,6.8810649462537725
11.106402158737183,0.408106,0.942168,-1.09636,0.959681,0.641177,-0.112154,0.0871293,0.48084,0.503164,0.466444,0.454125,0.559058,-0.513473,0.0212882,0.373731,0.171749,0.674106,0.273565,0.50859,-0.460522,20.79732384042223,15.304402875323435,-25.04199685606887,11.036707625891541,-0.1998244196550334,6.8810649462537725
11.138566970825195,-1.11952,0.459854,0.23708,0.918282,0.57646,-0.268265,0.0873271,0.48065,0.503025,0.468754,0.452647,0.558439,-0.513348,0.0165414,0.374781,0.173955,0.671939,0.267219,0.520317,-0.45427,19.63971309018015,14.603693810123861,-25.90163399745193,12.345843924367482,0.494961713907899,7.886949429570976
11.139501810073853,-1.11952,0.459854,0.23708,0.918282,0.57646,-0.268265,0.0873271,0.48065,0.503025,0.468754,0.452647,0.558439,-0.513348,0.0165414,0.374781,0.173955,0.671939,0.267219,0.520317,-0.45427,19.63971309018015,14.603693810123861,-25.90163399745193,12.345843924367482,0.494961713907899,7.886949429570976
11.155148983001709,-1.13548,0.0434458,0.122013,0.95675,0.558283,-0.326224,0.0874526,0.48046,0.5028,0.469158,0.451286,0.558185,-0.514453,0.0107669,0.374701,0.17594,0.67451,0.263151,0.52975,-0.441761,18.558926383781763,15.018332543565721,-27.560191727156145,12.737045465847562,-0.6791401989766084,8.59096782055615
11.156121015548706,-1.13548,0.0434458,0.122013,0.95675,0.558283,-0.326224,0.0874526,0.48046,0.5028,0.469158,0.451286,0.558185,-0.514453,0.0107669,0.374701,0.17594,0.67451,0.263151,0.52975,-0.441761,18.558926383781763,15.018332543565721,-27.560191727156145,12.737045465847562,-0.6791401989766084,8.59096782055615
11.171308517456055,-2.73877,0.227829,1.15756,1.02954,0.549719,-0.338789,0.0873847,0.480505,0.502671,0.468954,0.451263,0.55877,-0.514023,0.00740011,0.374595,0.177234,0.672572,0.256446,0.536713,-0.440251,18.37814326994432,14.278718215433129,-28.1175736504092,12.999193952369506,0.3014173031884284,8.26907932876446
11.172239542007446,-2.73877,0.227829,1.15756,1.02954,0.549719,-0.338789,0.0873847,0.480505,0.502671,0.468954,0.451263,0.55877,-0.514023,0.00740011,0.374595,0.177234,0.672572,0.256446,0.536713,-0.440251,18.37814326994432,14.278718215433129,-28.1175736504092,12.999193952369506,0.3014173031884284,8.26907932876446
11.188047170639038,0.218315,-0.045511,0.969569,1.04431,0.277451,-0.294984,0.0873508,0.480586,0.502587,0.467711,0.452191,0.559665,-0.513365,0.00621833,0.374704,0.177641,0.673114,0.259913,0.537456,-0.436467,18.162917878593113,14.689914491265467,-28.33066257594408,11.375106316049289,-1.736957634159967,8.001405766901215
11.188987493515015,0.218315,-0.045511,0.969569,1.04431,0.277451,-0.294984,0.0873508,0.480586,0.502587,0.467711,0.452191,0.559665,-0.513365,0.00621833,0.374704,0.177641,0.673114,0.259913,0.537456,-0.436467,18.162917878593113,14.689914491265467,-28.33066257594408,11.375106316049289,-1.736957634159967,8.001405766901215
11.20516586303711,-0.906739,0.34603,0.37527,1.22494,0.488681,-0.217561,0.0871167,0.480664,0.502462,0.467406,0.453243,0.558861,-0.513592,0.00216616,0.374551,0.179086,0.670204,0.253579,0.54382,-0.436788,17.973483211909304,13.789059394730822,-28.826450203635652,11.818628575328516,-1.0700014503494568,7.724463011620099
11.206105947494507,-0.906739,0.34603,0.37527,1.22494,0.488681,-0.217561,0.0871167,0.480664,0.502462,0.467406,0.453243,0.558861,-0.513592,0.00216616,0.374551,0.179086,0.670204,0.253579,0.54382,-0.436788,17.973483211909304,13.789059394730822,-28.826450203635652,11.818628575328516,-1.0700014503494568,7.724463011620099
11.238447666168213,-0.270887,0.502186,-0.465928,1.29581,0.589011,-0.190563,0.0867729,0.480792,0.502599,0.466781,0.452613,0.560046,-0.513426,0.00016636,0.374868,0.180425,0.668537,0.252907,0.548434,-0.433954,17.57971670001392,13.675335582569687,-29.063978039075188,10.876830687242188,-0.9903711312824472,7.914958279239995
11.239375352859497,-0.270887,0.502186,-0.465928,1.29581,0.589011,-0.190563,0.0867729,0.480792,0.502599,0.466781,0.452613,0.560046,-0.513426,0.00016636,0.374868,0.180425,0.668537,0.252907,0.548434,-0.433954,17.57971670001392,13.675335582569687,-29.063978039075188,10.876830687242188,-0.9903711312824472,7.914958279239995
11.254640102386475,-0.837328,0.105309,0.0848705,1.21099,0.545766,-0.291541,0.0868291,0.480794,0.503096,0.469752,0.45077,0.558729,-0.513771,0.000182475,0.375326,0.180715,0.668862,0.255543,0.548168,-0.432242,16.96632834469492,13.885566584374516,-28.847447695155346,11.948067218941734,-2.262806291377229,9.57150919445747
11.255575895309448,-0.837328,0.105309,0.0848705,1.21099,0.545766,-0.291541,0.0868291,0.480794,0.503096,0.469752,0.45077,0.558729,-0.513771,0.000182475,0.375326,0.180715,0.668862,0.255543,0.548168,-0.432242,16.96632834469492,13.885566584374516,-28.847447695155346,11.948067218941734,-2.262806291377229,9.57150919445747
11.271727323532104,-0.074688,0.429554,-0.556398,1.23846,0.586311,-0.202813,0.0868668,0.480838,0.503145,0.468792,0.453082,0.557689,-0.513745,0.000268222,0.37539,0.18085,0.668609,0.25536,0.548308,-0.432564,17.054956680947193,13.733766546452468,-29.077053231815032,11.459602142445114,-1.6700115663192605,9.182388148541676
11.272661209106445,-0.074688,0.429554,-0.556398,1.23846,0.586311,-0.202813,0.0868668,0.480838,0.503145,0.468792,0.453082,0.557689,-0.513745,0.000268222,0.37539,0.18085,0.668609,0.25536,0.548308,-0.432564,17.054956680947193,13.733766546452468,-29.077053231815032,11.459602142445114,-1.6700115663192605,9.182388148541676
11.288025140762329,1.04513,1.48079,-1.81741,1.30384,0.688492,0.030762,0.087032,0.480788,0.503208,0.468655,0.452214,0.558286,-0.513987,0.000441367,0.375453,0.180983,0.66826,0.25457,0.548253,-0.433638,17.155386631180143,13.695128862068579,-28.953367153253158,11.833043869427488,-1.4034900382025555,8.980135310980891
11.28895902633667,1.04513,1.48079,-1.81741,1.30384,0.688492,0.030762,0.087032,0.480788,0.503208,0.468655,0.452214,0.558286,-0.513987,0.000441367,0.375453,0.180983,0.66826,0.25457,0.548253,-0.433638,17.155386631180143,13.695128862068579,-28.953367153253158,11.833043869427488,-1.4034900382025555,8.980135310980891
11.304603576660156,-0.862153,0.196001,-1.11643,0.992268,0.771553,-0.271162,0.087424,0.480616,0.50321,0.468101,0.452604,0.559953,-0.512332,0.000519217,0.374911,0.180934,0.667808,0.251845,0.548792,-0.435241,17.60044756799881,13.310902584491785,-28.840563682781557,11.604227121128366,-1.4900512146430644,7.9626878390456515
11.305534601211548,-0.862153,0.196001,-1.11643,0.992268,0.771553,-0.271162,0.087424,0.480616,0.50321,0.468101,0.452604,0.559953,-0.512332,0.000519217,0.374911,0.180934,0.667808,0.251845,0.548792,-0.435241,17.60044756799881,13.310902584491785,-28.840563682781557,11.604227121128366,-1.4900512146430644,7.9626878390456515
11.338189840316772,-1.03416,-0.292994,-0.243402,0.648497,0.610371,-0.213943,0.0876879,0.480405,0.503246,0.469152,0.451013,0.559176,-0.51362,0.000158372,0.373849,0.180345,0.668814,0.249636,0.547862,-0.436138,17.648648953952335,13.356530382282797,-28.883486707140015,12.851354912984783,-1.5045017114341372,8.75647956792736
11.339152097702026,-1.03416,-0.292994,-0.243402,0.648497,0.610371,-0.213943,0.0876879,0.480405,0.503246,0.469152,0.451013,0.559176,-0.51362,0.000158372,0.373849,0.180345,0.668814,0.249636,0.547862,-0.436138,17.648648953952335,13.356530382282797,-28.883486707140015,12.851354912984783,-1.5045017114341372,8.75647956792736
11.354790210723877,-1.32825,-1.33358,0.615736,0.365171,0.474421,-0.330119,0.0877047,0.480459,0.503018,0.468962,0.452452,0.557494,-0.514356,-0.00069183,0.372662,0.179952,0.668943,0.247094,0.547366,-0.438007,17.86107532687574,13.090400992093896,-29.105439597534488,12.897037608147196,-1.3502078983333505,8.70975181676891
11.355735540390015,-1.32825,-1.33358,0.615736,0.365171,0.474421,-0.330119,0.0877047,0.480459,0.503018,0.468962,0.452452,0.557494,-0.514356,-0.00069183,0.372662,0.179952,0.668943,0.247094,0.547366,-0.438007,17.86107532687574,13.090400992093896,-29.105439597534488,12.897037608147196,-1.3502078983333505,8.70975181676891
11.371318578720093,-1.05383,-1.24402,1.08252,0.249638,0.353574,-0.261009,0.087659,0.480441,0.502457,0.466996,0.451782,0.560012,-0.513998,-0.00043658,0.371746,0.179502,0.666486,0.252072,0.543023,-0.444278,18.356646727728293,13.211581576865607,-27.955290868671522,10.714094054767893,-4.328013609090984,7.492280167503654
11.37224817276001,-1.05383,-1.24402,1.08252,0.249638,0.353574,-0.261009,0.087659,0.480441,0.502457,0.466996,0.451782,0.560012,-0.513998,-0.00043658,0.371746,0.179502,0.666486,0.252072,0.543023,-0.444278,18.356646727728293,13.211581576865607,-27.955290868671522,10.714094054767893,-4.328013609090984,7.492280167503654
11.38796854019165,-1.80168,-1.20046,1.28503,0.204098,0.415077,-0.258203,0.0877676,0.480379,0.502274,0.467215,0.45209,0.559316,-0.514287,-6.89301e-05,0.37129,0.179011,0.664169,0.250593,0.540301,-0.451837,18.83325519710439,12.626265683120064,-27.254320465675093,11.502842313430637,-4.368846756292026,6.94911385778442
11.388893842697144,-1.80168,-1.20046,1.28503,0.204098,0.415077,-0.258203,0.0877676,0.480379,0.502274,0.467215,0.45209,0.559316,-0.514287,-6.89301e-05,0.37129,0.179011,0.664169,0.250593,0.540301,-0.451837,18.83325519710439,12.626265683120064,-27.254320465675093,11.502842313430637,-4.368846756292026,6.94911385778442
11.404814004898071,-2.25624,-1.42458,1.48597,0.0977264,0.453548,-0.306666,0.0880549,0.480068,0.501826,0.468784,0.451414,0.55752,-0.515401,0.00409087,0.372255,0.17742,0.649665,0.26316,0.529034,-0.478337,19.05017690901264,11.274688723307415,-23.154186113903616,11.537770157659523,-7.2023635803604735,8.22801774382886
11.405731439590454,-2.25624,-1.42458,1.48597,0.0977264,0.453548,-0.306666,0.0880549,0.480068,0.501826,0.468784,0.451414,0.55752,-0.515401,0.00409087,0.372255,0.17742,0.649665,0.26316,0.529034,-0.478337,19.05017690901264,11.274688723307415,-23.154186113903616,11.537770157659523,-7.2023635803604735,8.22801774382886
11.441088914871216,-2.28148,-1.38728,0.861819,0.061094,0.594057,-0.29703,0.0879012,0.480091,0.501687,0.468283,0.452033,0.557152,-0.515712,0.0105285,0.373608,0.174704,0.638451,0.273938,0.509455,-0.507735,20.524931151482598,10.16524679260926,-18.867545688277048,13.36078938416938,-9.435468725015456,6.376403864768566
11.442399978637695,-2.28148,-1.38728,0.861819,0.061094,0.594057,-0.29703,0.0879012,0.480091,0.501687,0.468283,0.452033,0.557152,-0.515712,0.0105285,0.373608,0.174704,0.638451,0.273938,0.509455,-0.507735,20.524931151482598,10.16524679260926,-18.867545688277048,13.36078938416938,-9.435468725015456,6.376403864768566
11.457485437393188,-2.94453,-0.539858,0.224209,0.213868,0.716131,-0.0797837,0.0873104,0.48041,0.501743,0.469252,0.45166,0.55733,-0.514965,0.0181603,0.376512,0.172548,0.618168,0.294064,0.487873,-0.541641,21.102522408035018,8.642191916254411,-12.774490811883647,14.481773095807773,-14.031012845184103,6.263479493290337
11.458411931991577,-2.94453,-0.539858,0.224209,0.213868,0.716131,-0.0797837,0.0873104,0.48041,0.501743,0.469252,0.45166,0.55733,-0.514965,0.0181603,0.376512,0.172548,0.618168,0.294064,0.487873,-0.541641,21.102522408035018,8.642191916254411,-12.774490811883647,14.481773095807773,-14.031012845184103,6.263479493290337
11.47156047821045,-3.3377,1.08351,-1.48494,0.503417,1.02545,0.32526,0.0867958,0.480785,0.501951,0.466597,0.452855,0.559264,-0.51423,0.0246624,0.378328,0.171277,0.607503,0.307267,0.471382,-0.560648,22.058039491148506,8.201439158711189,-9.249941248434082,14.323048903790626,-15.819745846390648,4.148507414641269
11.472501516342163,-3.3377,1.08351,-1.48494,0.503417,1.02545,0.32526,0.0867958,0.480785,0.501951,0.466597,0.452855,0.559264,-0.51423,0.0246624,0.378328,0.171277,0.607503,0.307267,0.471382,-0.560648,22.058039491148506,8.201439158711189,-9.249941248434082,14.323048903790626,-15.819745846390648,4.148507414641269
11.488415241241455,-1.59799,-2.17796,-1.78827,0.111326,0.824793,-0.235445,0.0864494,0.480918,0.502491,0.467726,0.451634,0.559053,-0.514508,0.0275686,0.378685,0.170417,0.597242,0.312007,0.46503,-0.574195,21.958194000249822,7.206130698854185,-6.847677963713375,15.009784496906281,-15.63832045705189,5.682467832523653
11.489344358444214,-1.59799,-2.17796,-1.78827,0.111326,0.824793,-0.235445,0.0864494,0.480918,0.502491,0.467726,0.451634,0.559053,-0.514508,0.0275686,0.378685,0.170417,0.597242,0.312007,0.46503,-0.574195,21.958194000249822,7.206130698854185,-6.847677963713375,15.009784496906281,-15.63832045705189,5.682467832523653
11.5047287940979,-0.579705,-0.254123,-0.370752,0.237675,0.560358,0.154159,0.0863215,0.481231,0.504046,0.467471,0.451452,0.560905,-0.512882,0.0411444,0.379055,0.166877,0.573888,0.330974,0.433371,-0.610982,23.192916056710782,5.433321984119162,0.29417813814354093,17.20828316480626,-17.092705903550726,5.380641634151825
11.505667209625244,-0.579705,-0.254123,-0.370752,0.237675,0.560358,0.154159,0.0863215,0.481231,0.504046,0.467471,0.451452,0.560905,-0.512882,0.0411444,0.379055,0.166877,0.573888,0.330974,0.433371,-0.610982,23.192916056710782,5.433321984119162,0.29417813814354093,17.20828316480626,-17.092705903550726,5.380641634151825
11.550386428833008,-2.36758,-4.70222,-0.975246,-0.72323,0.821919,-0.836985,0.0868309,0.481132,0.504052,0.467272,0.452395,0.560208,-0.512994,0.0580067,0.376634,0.162576,0.543933,0.345476,0.397708,-0.653155,24.272069869124877,2.6486375624590432,8.145564771422945,19.198999024088995,-14.087892254731889,3.865228324261381
11.553789138793945,-2.36758,-4.70222,-0.975246,-0.72323,0.821919,-0.836985,0.0868309,0.481132,0.504052,0.467272,0.452395,0.560208,-0.512994,0.0580067,0.376634,0.162576,0.543933,0.345476,0.397708,-0.653155,24.272069869124877,2.6486375624590432,8.145564771422945,19.198999024088995,-14.087892254731889,3.865228324261381
11.590385437011719,-2.48369,-2.37441,0.444312,-0.470774,0.500709,-0.497962,0.0887082,0.479706,0.501272,0.46808,0.451214,0.556076,-0.517772,0.0600137,0.374975,0.159204,0.538093,0.344821,0.396834,-0.658845,23.574341822387712,2.2611048756519527,8.502926395181536,20.808917710370604,-11.285179521573992,6.117807002575235
11.592235326766968,-2.48369,-2.37441,0.444312,-0.470774,0.500709,-0.497962,0.0887082,0.479706,0.501272,0.46808,0.451214,0.556076,-0.517772,0.0600137,0.374975,0.159204,0.538093,0.344821,0.396834,-0.658845,23.574341822387712,2.2611048756519527,8.502926395181536,20.808917710370604,-11.285179521573992,6.117807002575235
11.610050201416016,-2.37605,-1.72804,0.708676,-0.360858,0.444045,-0.381741,0.0885493,0.47979,0.500626,0.467078,0.451432,0.557494,-0.51696,0.0590805,0.374428,0.158652,0.538661,0.343312,0.396472,-0.659387,23.92562940033858,2.1565429129071725,8.575197171567222,20.184169286189736,-11.951490038674446,5.233594645931455
11.611061334609985,-2.37605,-1.72804,0.708676,-0.360858,0.444045,-0.381741,0.0885493,0.47979,0.500626,0.467078,0.451432,0.557494,-0.51696,0.0590805,0.374428,0.158652,0.538661,0.343312,0.396472,-0.659387,23.92562940033858,2.1565429129071725,8.575197171567222,20.184169286189736,-11.951490038674446,5.233594645931455
11.625837326049805,-2.70539,-1.9554,0.803715,-0.419913,0.500617,-0.444844,0.0881629,0.479946,0.501077,0.468642,0.450205,0.557287,-0.516838,0.0574517,0.374411,0.158917,0.538785,0.340584,0.397675,-0.659976,23.801982168766102,1.8552203491235186,8.592882585580083,21.152023926545873,-12.194449072739378,5.773369176943126
11.626766681671143,-2.70539,-1.9554,0.803715,-0.419913,0.500617,-0.444844,0.0881629,0.479946,0.501077,0.468642,0.450205,0.557287,-0.516838,0.0574517,0.374411,0.158917,0.538785,0.340584,0.397675,-0.659976,23.801982168766102,1.8552203491235186,8.592882585580083,21.152023926545873,-12.194449072739378,5.773369176943126
11.641587018966675,-2.33781,-2.03107,0.621873,-0.40973,0.465723,-0.459221,0.0875121,0.480472,0.502612,0.46772,0.451057,0.558847,-0.515243,0.0539165,0.375274,0.160034,0.539546,0.335887,0.401764,-0.659284,24.030540674365852,1.4336208453787418,8.22875250299073,20.963877773859217,-12.52154298530662,5.567836976553693
11.64250373840332,-2.33781,-2.03107,0.621873,-0.40973,0.465723,-0.459221,0.0875121,0.480472,0.502612,0.46772,0.451057,0.558847,-0.515243,0.0539165,0.375274,0.160034,0.539546,0.335887,0.401764,-0.659284,24.030540674365852,1.4336208453787418,8.22875250299073,20.963877773859217,-12.52154298530662,5.567836976553693
11.671884298324585,-2.09416,-1.7503,-1.47852,-0.27612,0.755124,-0.408661,0.086912,0.480989,0.503735,0.466624,0.452235,0.559245,-0.514773,0.0493232,0.377121,0.162039,0.539815,0.332922,0.410338,-0.655275,23.65915398663331,1.316163926517025,7.233546459154151,20.01686354121005,-12.92753730200365,6.098580383881824
11.672820568084717,-2.09416,-1.7503,-1.47852,-0.27612,0.755124,-0.408661,0.086912,0.480989,0.503735,0.466624,0.452235,0.559245,-0.514773,0.0493232,0.377121,0.162039,0.539815,0.332922,0.410338,-0.655275,23.65915398663331,1.316163926517025,7.233546459154151,20.01686354121005,-12.92753730200365,6.098580383881824
11.688623666763306,-1.38084,-1.72989,-2.02552,-0.245161,0.750135,-0.386985,0.0867839,0.481088,0.5039,0.467295,0.452686,0.559197,-0.513819,0.0475563,0.377586,0.162578,0.543496,0.331094,0.414448,-0.650555,23.587958865733675,1.4831637885659403,6.379422288177124,19.880533775824325,-13.479266770237448,6.24036405431821
11.68956708908081,-1.38084,-1.72989,-2.02552,-0.245161,0.750135,-0.386985,0.0867839,0.481088,0.5039,0.467295,0.452686,0.559197,-0.513819,0.0475563,0.377586,0.162578,0.543496,0.331094,0.414448,-0.650555,23.587958865733675,1.4831637885659403,6.379422288177124,19.880533775824325,-13.479266770237448,6.24036405431821
11.705393552780151,-0.712601,-2.19105,-3.34202,-0.203966,0.858093,-0.449215,0.0864114,0.481208,0.503737,0.468749,0.452491,0.559533,-0.512299,0.0411324,0.378796,0.164387,0.544708,0.322779,0.425148,-0.646805,23.173710512114276,0.787275733627202,5.3177319062371815,20.161160413907282,-14.614168885939335,6.009613771409079
11.706344842910767,-0.712601,-2.19105,-3.34202,-0.203966,0.858093,-0.449215,0.0864114,0.481208,0.503737,0.468749,0.452491,0.559533,-0.512299,0.0411324,0.378796,0.164387,0.544708,0.322779,0.425148,-0.646805,23.173710512114276,0.787275733627202,5.3177319062371815,20.161160413907282,-14.614168885939335,6.009613771409079
11.721992492675781,0.447824,-1.93438,-4.73255,-0.0408747,0.98286,-0.361645,0.0866944,0.481135,0.503542,0.466528,0.454108,0.559446,-0.512989,0.0370955,0.37863,0.165397,0.549445,0.320353,0.430936,-0.640139,23.253909132972446,1.3144351761380109,3.794438418013923,18.999258090970265,-15.938201600130936,5.597420736151364
11.722928762435913,0.447824,-1.93438,-4.73255,-0.0408747,0.98286,-0.361645,0.0866944,0.481135,0.503542,0.466528,0.454108,0.559446,-0.512989,0.0370955,0.37863,0.165397,0.549445,0.320353,0.430936,-0.640139,23.253909132972446,1.3144351761380109,3.794438418013923,18.999258090970265,-15.938201600130936,5.597420736151364
11.76729130744934,-0.66016,-1.26656,-3.66272,0.13265,1.07186,-0.281051,0.0875175,0.480816,0.503794,0.466783,0.453617,0.558961,-0.513719,0.027898,0.376423,0.168476,0.560754,0.307187,0.445216,-0.626876,23.210218384669062,1.6639847548897577,0.6447036764565275,18.255277020569736,-17.974431334600858,5.298118928968329
11.770671606063843,-0.66016,-1.26656,-3.66272,0.13265,1.07186,-0.281051,0.0875175,0.480816,0.503794,0.466783,0.453617,0.558961,-0.513719,0.027898,0.376423,0.168476,0.560754,0.307187,0.445216,-0.626876,23.210218384669062,1.6639847548897577,0.6447036764565275,18.255277020569736,-17.974431334600858,5.298118928968329
11.807710647583008,-2.07698,-0.262526,-0.856071,0.284429,0.783271,-0.142777,0.0872436,0.480894,0.503628,0.466354,0.452103,0.560261,-0.514028,0.0155795,0.374013,0.172279,0.58138,0.286642,0.471445,-0.597974,22.93813883429193,2.870339244750126,-5.15109534207854,15.833484157858907,-16.9316314650211,5.093690212760741
11.810141563415527,-2.07698,-0.262526,-0.856071,0.284429,0.783271,-0.142777,0.0872436,0.480894,0.503628,0.466354,0.452103,0.560261,-0.514028,0.0155795,0.374013,0.172279,0.58138,0.286642,0.471445,-0.597974,22.93813883429193,2.870339244750126,-5.15109534207854,15.833484157858907,-16.9316314650211,5.093690212760741
11.830502033233643,-2.02501,-0.543925,-1.13584,0.237777,0.80863,-0.254122,0.0877126,0.480482,0.50314,0.468295,0.452962,0.557686,-0.514306,0.0102608,0.373327,0.174313,0.589827,0.280398,0.483527,-0.582823,22.196145260191418,3.434072492619452,-7.96022332292925,15.686016997161541,-17.740652008668523,5.7140273025668025
11.831822156906128,-2.02501,-0.543925,-1.13584,0.237777,0.80863,-0.254122,0.0877126,0.480482,0.50314,0.468295,0.452962,0.557686,-0.514306,0.0102608,0.373327,0.174313,0.589827,0.280398,0.483527,-0.582823,22.196145260191418,3.434072492619452,-7.96022332292925,15.686016997161541,-17.740652008668523,5.7140273025668025
11.848059177398682,-2.11156,-0.610957,-1.06085,0.221085,0.790561,-0.291628,0.0880458,0.480465,0.502823,0.466422,0.451927,0.559626,-0.514812,0.00545485,0.372761,0.176227,0.607696,0.269795,0.50276,-0.552402,21.63027764945066,5.447749386343729,-12.969696849355422,13.705660523607932,-14.159421563912376,5.722585643300333
11.84898567199707,-2.11156,-0.610957,-1.06085,0.221085,0.790561,-0.291628,0.0880458,0.480465,0.502823,0.466422,0.451927,0.559626,-0.514812,0.00545485,0.372761,0.176227,0.607696,0.269795,0.50276,-0.552402,21.63027764945066,5.447749386343729,-12.969696849355422,13.705660523607932,-14.159421563912376,5.722585643300333
11.863434553146362,-2.10703,-0.323987,-0.420889,0.260607,0.6071,-0.233618,0.0879021,0.480528,0.502695,0.467686,0.453105,0.55821,-0.514166,0.00106795,0.372153,0.177735,0.612906,0.261374,0.512587,-0.541558,21.236024132554384,5.389195019931612,-15.064698037624153,13.78071435407702,-13.300452203227273,5.8833649612473184
11.864394426345825,-2.10703,-0.323987,-0.420889,0.260607,0.6071,-0.233618,0.0879021,0.480528,0.502695,0.467686,0.453105,0.55821,-0.514166,0.00106795,0.372153,0.177735,0.612906,0.261374,0.512587,-0.541558,21.236024132554384,5.389195019931612,-15.064698037624153,13.78071435407702,-13.300452203227273,5.8833649612473184
11.87897801399231,-1.75085,0.172595,-0.294853,0.324317,0.530346,-0.13265,0.0877542,0.480446,0.502727,0.46912,0.452007,0.557468,-0.514632,-0.00105051,0.371842,0.178415,0.617869,0.260317,0.518366,-0.53082,20.532406091114158,6.102085493883133,-16.513801790736576,13.772710603431685,-13.505743352236102,7.330141855268376
11.879906415939331,-1.75085,0.172595,-0.294853,0.324317,0.530346,-0.13265,0.0877542,0.480446,0.502727,0.46912,0.452007,0.557468,-0.514632,-0.00105051,0.371842,0.178415,0.617869,0.260317,0.518366,-0.53082,20.532406091114158,6.102085493883133,-16.513801790736576,13.772710603431685,-13.505743352236102,7.330141855268376
11.904906511306763,-2.06585,0.163615,0.195725,0.287278,0.490732,-0.142775,0.0871965,0.480662,0.502805,0.468339,0.451212,0.558842,-0.51455,-0.0100123,0.368949,0.180964,0.635304,0.238918,0.539666,-0.498064,20.095401888873774,7.270433033668398,-22.153813136857714,13.619601684643005,-9.363307358756398,7.246470474450295
11.905852317810059,-2.06585,0.163615,0.195725,0.287278,0.490732,-0.142775,0.0871965,0.480662,0.502805,0.468339,0.451212,0.558842,-0.51455,-0.0100123,0.368949,0.180964,0.635304,0.238918,0.539666,-0.498064,20.095401888873774,7.270433033668398,-22.153813136857714,13.619601684643005,-9.363307358756398,7.246470474450295
11.921461582183838,-2.13608,-0.0272887,-0.0867575,0.26333,0.521339,-0.191266,0.0868732,0.480795,0.502708,0.467239,0.45267,0.559838,-0.513186,-0.013666,0.367543,0.181754,0.642583,0.229245,0.547746,-0.484261,20.203175097816434,7.5977440709692825,-24.551667808886737,13.241449987689201,-7.8741282001579656,6.332580742022847
11.922394275665283,-2.13608,-0.0272887,-0.0867575,0.26333,0.521339,-0.191266,0.0868732,0.480795,0.502708,0.467239,0.45267,0.559838,-0.513186,-0.013666,0.367543,0.181754,0.642583,0.229245,0.547746,-0.484261,20.203175097816434,7.5977440709692825,-24.551667808886737,13.241449987689201,-7.8741282001579656,6.332580742022847
11.938409328460693,-1.36158,0.33181,0.108791,0.327923,0.405045,-0.121922,0.0867136,0.480838,0.502641,0.466839,0.452013,0.560124,-0.513815,-0.0151873,0.366789,0.182091,0.645514,0.225185,0.551286,-0.478213,20.096953803489853,7.891526101329813,-25.591360781477782,13.328151580482626,-6.747608814888718,6.481108034953485
11.939345121383667,-1.36158,0.33181,0.108791,0.327923,0.405045,-0.121922,0.0867136,0.480838,0.502641,0.466839,0.452013,0.560124,-0.513815,-0.0151873,0.366789,0.182091,0.645514,0.225185,0.551286,-0.478213,20.096953803489853,7.891526101329813,-25.591360781477782,13.328151580482626,-6.747608814888718,6.481108034953485
11.971739530563354,-1.87334,0.612995,0.64566,0.373801,0.37778,-0.119017,0.0868988,0.480701,0.501936,0.467127,0.452878,0.559427,-0.513551,-0.0229408,0.362242,0.184065,0.660322,0.202776,0.567773,-0.447761,19.75613349295895,8.63573904963062,-30.88446382404084,14.664021530212333,-3.8478680053346808,5.6886668034603005
11.972688436508179,-1.87334,0.612995,0.64566,0.373801,0.37778,-0.119017,0.0868988,0.480701,0.501936,0.467127,0.452878,0.559427,-0.513551,-0.0229408,0.362242,0.184065,0.660322,0.202776,0.567773,-0.447761,19.75613349295895,8.63573904963062,-30.88446382404084,14.664021530212333,-3.8478680053346808,5.6886668034603005
11.988234519958496,-1.63543,0.799803,0.831572,0.386644,0.327559,-0.103258,0.0871678,0.480436,0.50189,0.468477,0.452308,0.557854,-0.514535,-0.0245422,0.361225,0.184759,0.662717,0.200722,0.571328,-0.440568,19.15258506767179,8.93931621091331,-31.910550772590362,15.148340588830933,-3.933920661066608,6.755794666986446
11.98917269706726,-1.63543,0.799803,0.831572,0.386644,0.327559,-0.103258,0.0871678,0.480436,0.50189,0.468477,0.452308,0.557854,-0.514535,-0.0245422,0.361225,0.184759,0.662717,0.200722,0.571328,-0.440568,19.15258506767179,8.93931621091331,-31.910550772590362,15.148340588830933,-3.933920661066608,6.755794666986446
12.004635095596313,-2.40379,0.803874,1.61356,0.379889,0.294229,-0.154834,0.0876392,0.480326,0.501813,0.466854,0.452604,0.559693,-0.513752,-0.0307744,0.356742,0.186371,0.673399,0.186427,0.58175,-0.416348,18.998618964265784,9.867065935879202,-35.6694659900392,14.816668811706002,-4.279866006494119,5.880873419155604
12.005584239959717,-2.40379,0.803874,1.61356,0.379889,0.294229,-0.154834,0.0876392,0.480326,0.501813,0.466854,0.452604,0.559693,-0.513752,-0.0307744,0.356742,0.186371,0.673399,0.186427,0.58175,-0.416348,18.998618964265784,9.867065935879202,-35.6694659900392,14.816668811706002,-4.279866006494119,5.880873419155604
12.021321296691895,-0.256586,1.15962,0.577902,0.498149,0.143918,-0.0939356,0.0876623,0.480298,0.501971,0.467225,0.452755,0.560034,-0.512909,-0.0350866,0.35342,0.187705,0.68132,0.173149,0.589044,-0.39856,18.89757461704139,10.290822064522416,-38.528390137835096,16.069429451273898,-3.748229559394908,5.197070715903754
12.022253036499023,-0.256586,1.15962,0.577902,0.498149,0.143918,-0.0939356,0.0876623,0.480298,0.501971,0.467225,0.452755,0.560034,-0.512909,-0.0350866,0.35342,0.187705,0.68132,0.173149,0.589044,-0.39856,18.89757461704139,10.290822064522416,-38.528390137835096,16.069429451273898,-3.748229559394908,5.197070715903754
12.038028240203857,-2.35926,0.761954,1.4355,0.493536,0.29255,-0.293596,0.0876668,0.480271,0.502196,0.468908,0.450197,0.558867,-0.514893,-0.0366284,0.35201,0.187966,0.6862,0.174374,0.590708,-0.387023,17.89595755361275,11.414959145073636,-39.691865702391,16.135977966846294,-5.075649203906969,7.164631409760565
12.038977861404419,-2.35926,0.761954,1.4355,0.493536,0.29255,-0.293596,0.0876668,0.480271,0.502196,0.468908,0.450197,0.558867,-0.514893,-0.0366284,0.35201,0.187966,0.6862,0.174374,0.590708,-0.387023,17.89595755361275,11.414959145073636,-39.691865702391,16.135977966846294,-5.075649203906969,7.164631409760565
12.071274757385254,1.07965,2.37121,0.437659,0.784795,0.0631211,-0.10746,0.0874658,0.480673,0.503072,0.467798,0.453814,0.558716,-0.512888,-0.0417509,0.347254,0.190368,0.690278,0.156159,0.601174,-0.371108,18.113398595197708,10.832951944848032,-42.80312704139493,15.776005813981307,-2.814421600056607,6.573426381620552
12.072213411331177,1.07965,2.37121,0.437659,0.784795,0.0631211,-0.10746,0.0874658,0.480673,0.503072,0.467798,0.453814,0.558716,-0.512888,-0.0417509,0.347254,0.190368,0.690278,0.156159,0.601174,-0.371108,18.113398595197708,10.832951944848032,-42.80312704139493,15.776005813981307,-2.814421600056607,6.573426381620552
12.088425636291504,0.361113,2.7078,0.956123,0.876958,0.0114506,-0.121264,0.0874841,0.480622,0.503188,0.467897,0.453028,0.559748,-0.512368,-0.0430123,0.34612,0.190823,0.691822,0.153212,0.603276,-0.366014,18.021908209662715,10.978567956469147,-43.409725737555824,15.772333979273949,-3.2259820434010273,6.5584942770530175
12.089372396469116,0.361113,2.7078,0.956123,0.876958,0.0114506,-0.121264,0.0874841,0.480622,0.503188,0.467897,0.453028,0.559748,-0.512368,-0.0430123,0.34612,0.190823,0.691822,0.153212,0.603276,-0.366014,18.021908209662715,10.978567956469147,-43.409725737555824,15.772333979273949,-3.2259820434010273,6.5584942770530175
12.105215072631836,-0.616943,3.58686,0.762364,1.05319,0.142127,-0.0763552,0.087441,0.480671,0.503092,0.467959,0.453354,0.559068,-0.512765,-0.045813,0.343447,0.192781,0.692111,0.143951,0.609827,-0.358289,17.80398149537018,10.608133301843631,-44.8917439706592,15.78156039475113,-1.6883908670424503,6.528508866825159
12.106153011322021,-0.616943,3.58686,0.762364,1.05319,0.142127,-0.0763552,0.087441,0.480671,0.503092,0.467959,0.453354,0.559068,-0.512765,-0.045813,0.343447,0.192781,0.692111,0.143951,0.609827,-0.358289,17.80398149537018,10.608133301843631,-44.8917439706592,15.78156039475113,-1.6883908670424503,6.528508866825159
12.121713161468506,-2.60799,2.10695,0.355438,0.917926,0.378587,-0.478915,0.0874115,0.480632,0.503006,0.4679,0.453185,0.55882,-0.513238,-0.0478549,0.34157,0.193703,0.694305,0.143513,0.611811,-0.350759,17.32795194070664,11.06686694301813,-45.76227486009709,14.536101843414336,-3.279261982440234,6.612133789281175
12.122712135314941,-2.60799,2.10695,0.355438,0.917926,0.378587,-0.478915,0.0874115,0.480632,0.503006,0.4679,0.453185,0.55882,-0.513238,-0.0478549,0.34157,0.193703,0.694305,0.143513,0.611811,-0.350759,17.32795194070664,11.06686694301813,-45.76227486009709,14.536101843414336,-3.279261982440234,6.612133789281175
12.138661623001099,-1.05651,2.31068,1.17877,0.969821,-0.00178542,-0.468659,0.087409,0.480642,0.503022,0.468174,0.453124,0.559073,-0.512766,-0.0493201,0.340347,0.194344,0.69581,0.142162,0.613327,-0.345642,17.11067010677771,11.24558620217764,-46.332026144586614,14.015496883070043,-4.538145220063976,6.438244927902365
12.139598846435547,-1.05651,2.31068,1.17877,0.969821,-0.00178542,-0.468659,0.087409,0.480642,0.503022,0.468174,0.453124,0.559073,-0.512766,-0.0493201,0.340347,0.194344,0.69581,0.142162,0.613327,-0.345642,17.11067010677771,11.24558620217764,-46.332026144586614,14.015496883070043,-4.538145220063976,6.438244927902365
12.171374320983887,-1.30975,3.05692,0.954977,1.25219,-0.00732962,-0.546649,0.0867422,0.480881,0.502775,0.469197,0.452584,0.560058,-0.51123,-0.054889,0.335227,0.197656,0.693694,0.122625,0.624765,-0.33678,17.302647167463306,9.887120848066663,-48.220085686576596,14.727063116708145,-2.55857435037629,6.077278103223536
12.172322273254395,-1.30975,3.05692,0.954977,1.25219,-0.00732962,-0.546649,0.0867422,0.480881,0.502775,0.469197,0.452584,0.560058,-0.51123,-0.054889,0.335227,0.197656,0.693694,0.122625,0.624765,-0.33678,17.302647167463306,9.887120848066663,-48.220085686576596,14.727063116708145,-2.55857435037629,6.077278103223536
12.188464403152466,1.24228,4.03342,0.370379,1.40363,-0.175387,-0.34723,0.0865424,0.480871,0.502722,0.469037,0.451083,0.560374,-0.512357,-0.0559748,0.334255,0.198057,0.695195,0.124592,0.623875,-0.334604,17.059178819916337,10.431599238455437,-48.31785184238427,13.837263041210877,-4.282259075919125,5.980071088329843
12.189404487609863,1.24228,4.03342,0.370379,1.40363,-0.175387,-0.34723,0.0865424,0.480871,0.502722,0.469037,0.451083,0.560374,-0.512357,-0.0559748,0.334255,0.198057,0.695195,0.124592,0.623875,-0.334604,17.059178819916337,10.431599238455437,-48.31785184238427,13.837263041210877,-4.282259075919125,5.980071088329843
12.205692052841187,-0.0423889,3.01767,0.461456,1.28276,-0.107617,-0.704637,0.0864345,0.480881,0.502826,0.470053,0.450854,0.559772,-0.512286,-0.0584117,0.331931,0.199576,0.693575,0.116222,0.628563,-0.332196,17.083323248003047,9.731655452847022,-49.03101208648486,14.608630758887307,-3.462392448877042,6.452374959910621
12.206630945205688,-0.0423889,3.01767,0.461456,1.28276,-0.107617,-0.704637,0.0864345,0.480881,0.502826,0.470053,0.450854,0.559772,-0.512286,-0.0584117,0.331931,0.199576,0.693575,0.116222,0.628563,-0.332196,17.083323248003047,9.731655452847022,-49.03101208648486,14.608630758887307,-3.462392448877042,6.452374959910621
12.221318483352661,0.168724,3.14608,1.31877,1.30249,-0.279325,-0.833101,0.0861934,0.481063,0.503084,0.468957,0.450712,0.55993,-0.513241,-0.0597343,0.330339,0.20003,0.694934,0.112441,0.629083,-0.329663,17.27914970886211,9.915104275847968,-49.67870856490781,14.495007357365713,-3.2110619056696605,6.205242479558093
12.222244262695312,0.168724,3.14608,1.31877,1.30249,-0.279325,-0.833101,0.0861934,0.481063,0.503084,0.468957,0.450712,0.55993,-0.513241,-0.0597343,0.330339,0.20003,0.694934,0.112441,0.629083,-0.329663,17.27914970886211,9.915104275847968,-49.67870856490781,14.495007357365713,-3.2110619056696605,6.205242479558093
12.238125562667847,-2.39915,1.89553,0.686474,1.20388,0.0780749,-1.20561,0.0860209,0.481168,0.503168,0.467625,0.450397,0.560852,-0.513726,-0.060337,0.329733,0.200046,0.695798,0.114375,0.628715,-0.327874,17.208070665071475,10.323829422927634,-49.78625500077074,13.041338912016506,-4.06675060543167,6.1374871850723896
12.239055395126343,-2.39915,1.89553,0.686474,1.20388,0.0780749,-1.20561,0.0860209,0.481168,0.503168,0.467625,0.450397,0.560852,-0.513726,-0.060337,0.329733,0.200046,0.695798,0.114375,0.628715,-0.327874,17.208070665071475,10.323829422927634,-49.78625500077074,13.041338912016506,-4.06675060543167,6.1374871850723896
12.271716117858887,-1.1812,3.78585,1.17125,1.47186,-0.220454,-1.04821,0.0858967,0.48121,0.503033,0.468111,0.450216,0.56154,-0.512689,-0.062411,0.3263,0.200963,0.697006,0.105121,0.632146,-0.321751,17.430087486233823,10.036115991601447,-50.892379894576806,13.160141842032987,-4.002373390226815,5.772723243169483
12.272662878036499,-1.1812,3.78585,1.17125,1.47186,-0.220454,-1.04821,0.0858967,0.48121,0.503033,0.468111,0.450216,0.56154,-0.512689,-0.062411,0.3263,0.200963,0.697006,0.105121,0.632146,-0.321751,17.430087486233823,10.036115991601447,-50.892379894576806,13.160141842032987,-4.002373390226815,5.772723243169483
12.288007020950317,-0.377007,2.93205,1.30947,1.38933,-0.319277,-1.28897,0.0860253,0.481077,0.503012,0.468887,0.449426,0.56176,-0.512433,-0.0624628,0.325698,0.201089,0.696917,0.103862,0.632177,-0.322291,17.48597992170115,9.932664486078062,-50.80064493745329,13.462592209130001,-4.328779323967087,5.818619755757642
12.28894591331482,-0.377007,2.93205,1.30947,1.38933,-0.319277,-1.28897,0.0860253,0.481077,0.503012,0.468887,0.449426,0.56176,-0.512433,-0.0624628,0.325698,0.201089,0.696917,0.103862,0.632177,-0.322291,17.48597992170115,9.932664486078062,-50.80064493745329,13.462592209130001,-4.328779323967087,5.818619755757642
12.30472707748413,-0.265396,2.33989,1.48988,1.38445,-0.4055,-1.55306,0.0860811,0.481036,0.502967,0.469318,0.449382,0.562098,-0.511704,-0.0630195,0.323943,0.201373,0.697799,0.096984,0.634503,-0.317926,17.661758740732914,9.715265174924378,-51.616143090511386,14.323970594596995,-3.2655341265762314,5.739258289629168
12.305662631988525,-0.265396,2.33989,1.48988,1.38445,-0.4055,-1.55306,0.0860811,0.481036,0.502967,0.469318,0.449382,0.562098,-0.511704,-0.0630195,0.323943,0.201373,0.697799,0.096984,0.634503,-0.317926,17.661758740732914,9.715265174924378,-51.616143090511386,14.323970594596995,-3.2655341265762314,5.739258289629168
12.321513175964355,-1.72155,3.45378,1.51043,1.51582,-0.210672,-1.49579,0.0858043,0.481171,0.502993,0.469008,0.450255,0.561578,-0.511793,-0.063322,0.32292,0.201555,0.698859,0.0982247,0.634181,-0.31585,17.52213455931474,9.930078670055003,-51.86910470247008,12.775871853790093,-3.912288823172173,5.656635405671215
12.322447538375854,-1.72155,3.45378,1.51043,1.51582,-0.210672,-1.49579,0.0858043,0.481171,0.502993,0.469008,0.450255,0.561578,-0.511793,-0.063322,0.32292,0.201555,0.698859,0.0982247,0.634181,-0.31585,17.52213455931474,9.930078670055003,-51.86910470247008,12.775871853790093,-3.912288823172173,5.656635405671215
12.33852744102478,-0.681328,2.88267,1.08248,1.49738,-0.331313,-1.63286,0.0856797,0.481257,0.503022,0.469421,0.449886,0.562146,-0.511114,-0.0634045,0.322704,0.201489,0.699648,0.0962926,0.634578,-0.313897,17.576584174172556,9.935903318520863,-52.08782066187624,13.276732887867006,-3.814434872396949,5.536843420408015
12.339456558227539,-0.681328,2.88267,1.08248,1.49738,-0.331313,-1.63286,0.0856797,0.481257,0.503022,0.469421,0.449886,0.562146,-0.511114,-0.0634045,0.322704,0.201489,0.699648,0.0962926,0.634578,-0.313897,17.576584174172556,9.935903318520863,-52.08782066187624,13.276732887867006,-3.814434872396949,5.536843420408015
12.371373414993286,0.453362,2.97039,1.55826,1.52725,-0.644588,-1.6557,0.0853151,0.481392,0.503191,0.468633,0.450369,0.5621,-0.511463,-0.0645693,0.321786,0.201962,0.700091,0.0961726,0.635507,-0.311054,17.439309484512854,10.090288660151243,-52.48383994521159,12.216843434398719,-4.178962726168674,5.609783689429202
12.372312068939209,0.453362,2.97039,1.55826,1.52725,-0.644588,-1.6557,0.0853151,0.481392,0.503191,0.468633,0.450369,0.5621,-0.511463,-0.0645693,0.321786,0.201962,0.700091,0.0961726,0.635507,-0.311054,17.439309484512854,10.090288660151243,-52.48383994521159,12.216843434398719,-4.178962726168674,5.609783689429202
12.388010740280151,-2.24062,2.73086,2.04086,1.50636,-0.397616,-1.69637,0.0852688,0.481428,0.503195,0.468571,0.451174,0.561866,-0.511067,-0.0647189,0.321695,0.201977,0.700818,0.0963387,0.634653,-0.311109,17.54274539834208,10.1223676264424,-52.52604890855542,12.07894805038608,-4.82479513769743,5.065585954531929
12.388949155807495,-2.24062,2.73086,2.04086,1.50636,-0.397616,-1.69637,0.0852688,0.481428,0.503195,0.468571,0.451174,0.561866,-0.511067,-0.0647189,0.321695,0.201977,0.700818,0.0963387,0.634653,-0.311109,17.54274539834208,10.1223676264424,-52.52604890855542,12.07894805038608,-4.82479513769743,5.065585954531929
12.40459680557251,-1.61732,2.69447,0.420185,1.5295,-0.0434385,-1.45957,0.0852041,0.481466,0.503094,0.468108,0.451595,0.562385,-0.510549,-0.0648103,0.321972,0.202055,0.699603,0.0976698,0.634935,-0.312847,17.598277971976728,9.959500526507751,-52.222638395938276,11.289098175874722,-5.119953617023228,4.906244846429319
12.405529499053955,-1.61732,2.69447,0.420185,1.5295,-0.0434385,-1.45957,0.0852041,0.481466,0.503094,0.468108,0.451595,0.562385,-0.510549,-0.0648103,0.321972,0.202055,0.699603,0.0976698,0.634935,-0.312847,17.598277971976728,9.959500526507751,-52.222638395938276,11.289098175874722,-5.119953617023228,4.906244846429319
12.421568155288696,-1.3502,2.49563,0.363926,1.38776,-0.0444804,-1.13902,0.0854586,0.48132,0.503158,0.469225,0.450262,0.561869,-0.511268,-0.0645026,0.32264,0.202126,0.697456,0.0956481,0.635222,-0.317647,17.74071103596182,9.522766932899037,-51.76409734283982,13.160895334211917,-4.038675596908668,5.569156914444985
12.422492504119873,-1.3502,2.49563,0.363926,1.38776,-0.0444804,-1.13902,0.0854586,0.48132,0.503158,0.469225,0.450262,0.561869,-0.511268,-0.0645026,0.32264,0.202126,0.697456,0.0956481,0.635222,-0.317647,17.74071103596182,9.522766932899037,-51.76409734283982,13.160895334211917,-4.038675596908668,5.569156914444985
12.438076734542847,-0.701534,2.10315,0.56831,1.27215,-0.164527,-1.00888,0.0856604,0.48125,0.503176,0.469446,0.450465,0.561654,-0.511123,-0.0642229,0.323107,0.201935,0.698311,0.0993818,0.634032,-0.316999,17.503377928537063,9.80198859840327,-51.602829145585495,12.572857905009807,-5.34099722772105,5.535940093540976
12.439024925231934,-0.701534,2.10315,0.56831,1.27215,-0.164527,-1.00888,0.0856604,0.48125,0.503176,0.469446,0.450465,0.561654,-0.511123,-0.0642229,0.323107,0.201935,0.698311,0.0993818,0.634032,-0.316999,17.503377928537063,9.80198859840327,-51.602829145585495,12.572857905009807,-5.34099722772105,5.535940093540976
12.478911638259888,-1.18063,1.88091,0.0655884,1.00274,0.195636,-0.349928,0.0866269,0.480847,0.503079,0.469794,0.450228,0.56029,-0.512507,-0.0618714,0.326191,0.200899,0.697008,0.111127,0.63033,-0.323289,16.97787544570247,10.180747928757958,-50.298593373932036,12.076884565638732,-6.65742272544962,6.4103046183532255
12.481343269348145,-1.18063,1.88091,0.0655884,1.00274,0.195636,-0.349928,0.0866269,0.480847,0.503079,0.469794,0.450228,0.56029,-0.512507,-0.0618714,0.326191,0.200899,0.697008,0.111127,0.63033,-0.323289,16.97787544570247,10.180747928757958,-50.298593373932036,12.076884565638732,-6.65742272544962,6.4103046183532255
12.505487442016602,-1.29289,0.843514,-0.850833,0.681067,0.419919,-0.152084,0.0872721,0.480654,0.503172,0.467505,0.452624,0.55996,-0.512851,-0.0590531,0.330172,0.19998,0.693237,0.114028,0.628188,-0.334363,17.633538810540585,9.625739646599651,-49.234884533807524,13.482932607315437,-3.855120396882339,5.7107261109086265
12.506830215454102,-1.29289,0.843514,-0.850833,0.681067,0.419919,-0.152084,0.0872721,0.480654,0.503172,0.467505,0.452624,0.55996,-0.512851,-0.0590531,0.330172,0.19998,0.693237,0.114028,0.628188,-0.334363,17.633538810540585,9.625739646599651,-49.234884533807524,13.482932607315437,-3.855120396882339,5.7107261109086265
12.541761636734009,-1.61684,1.24563,-0.41106,0.569525,0.455407,0.0859906,0.0872545,0.480778,0.503418,0.466906,0.452478,0.561556,-0.511778,-0.0547117,0.3359,0.19669,0.693767,0.128664,0.618789,-0.345301,17.94726347865886,10.28802298312027,-47.05884294382508,13.873695887892682,-5.579518010943985,5.3987907179754995
12.542906522750854,-1.61684,1.24563,-0.41106,0.569525,0.455407,0.0859906,0.0872545,0.480778,0.503418,0.466906,0.452478,0.561556,-0.511778,-0.0547117,0.3359,0.19669,0.693767,0.128664,0.618789,-0.345301,17.94726347865886,10.28802298312027,-47.05884294382508,13.873695887892682,-5.579518010943985,5.3987907179754995
12.559021949768066,-1.54338,0.4056,-0.648421,0.459888,0.508597,-0.0499554,0.0871806,0.480804,0.50333,0.466943,0.453294,0.560812,-0.511838,-0.0534381,0.337116,0.195904,0.694203,0.128864,0.617565,-0.346541,18.07179036304069,10.277391561096545,-47.02668880196674,14.885046003390615,-4.2791222382489424,5.3012433780692225
12.560168504714966,-1.54338,0.4056,-0.648421,0.459888,0.508597,-0.0499554,0.0871806,0.480804,0.50333,0.466943,0.453294,0.560812,-0.511838,-0.0534381,0.337116,0.195904,0.694203,0.128864,0.617565,-0.346541,18.07179036304069,10.277391561096545,-47.02668880196674,14.885046003390615,-4.2791222382489424,5.3012433780692225
12.576600313186646,-1.97164,0.609401,-0.177199,0.429426,0.512156,0.0133281,0.0872374,0.480687,0.503157,0.467695,0.452248,0.560161,-0.512789,-0.0503727,0.34018,0.194047,0.695124,0.142707,0.611962,-0.349199,17.406188469671136,11.21995400061246,-45.8463881618045,14.003859479127813,-5.971882839485513,6.3971033696041975
12.577537059783936,-1.97164,0.609401,-0.177199,0.429426,0.512156,0.0133281,0.0872374,0.480687,0.503157,0.467695,0.452248,0.560161,-0.512789,-0.0503727,0.34018,0.194047,0.695124,0.142707,0.611962,-0.349199,17.406188469671136,11.21995400061246,-45.8463881618045,14.003859479127813,-5.971882839485513,6.3971033696041975
12.59186863899231,-2.03774,0.90872,0.0695653,0.415341,0.469838,0.0396647,0.0874381,0.480582,0.502934,0.466287,0.453665,0.559716,-0.513306,-0.0437103,0.346432,0.191411,0.692379,0.16297,0.599761,-0.366523,17.697795972931768,11.772764891111347,-42.908758498828576,13.009295783046248,-7.242181938609958,5.461278188512684
12.592824697494507,-2.03774,0.90872,0.0695653,0.415341,0.469838,0.0396647,0.0874381,0.480582,0.502934,0.466287,0.453665,0.559716,-0.513306,-0.0437103,0.346432,0.191411,0.692379,0.16297,0.599761,-0.366523,17.697795972931768,11.772764891111347,-42.908758498828576,13.009295783046248,-7.242181938609958,5.461278188512684
12.607534170150757,-1.46536,0.938924,-0.0477825,0.37903,0.464122,0.00383366,0.0873596,0.480551,0.502766,0.468063,0.451994,0.559711,-0.513169,-0.0410947,0.348719,0.190491,0.692041,0.170411,0.594967,-0.371555,17.555456566325397,12.075701717872064,-41.67140757891237,13.651901103353929,-8.447538197652904,5.5323310638308385
12.608449697494507,-1.46536,0.938924,-0.0477825,0.37903,0.464122,0.00383366,0.0873596,0.480551,0.502766,0.468063,0.451994,0.559711,-0.513169,-0.0410947,0.348719,0.190491,0.692041,0.170411,0.594967,-0.371555,17.555456566325397,12.075701717872064,-41.67140757891237,13.651901103353929,-8.447538197652904,5.5323310638308385
12.622908592224121,-2.39187,0.869938,-0.907983,0.374068,0.743546,-0.0460172,0.0873092,0.480502,0.502658,0.469016,0.45082,0.559192,-0.513897,-0.0367757,0.352504,0.189595,0.690463,0.18498,0.587594,-0.379177,17.191652144078184,12.714336057865387,-39.807281845084404,13.234022472030512,-10.0269795584451,5.593935362844786
12.623852014541626,-2.39187,0.869938,-0.907983,0.374068,0.743546,-0.0460172,0.0873092,0.480502,0.502658,0.469016,0.45082,0.559192,-0.513897,-0.0367757,0.352504,0.189595,0.690463,0.18498,0.587594,-0.379177,17.191652144078184,12.714336057865387,-39.807281845084404,13.234022472030512,-10.0269795584451,5.593935362844786
12.655181884765625,-1.70376,1.13233,-1.36343,0.455328,0.753787,0.0517136,0.0872609,0.480673,0.503108,0.468077,0.453048,0.559068,-0.512928,-0.0321626,0.35765,0.189047,0.687608,0.192893,0.586296,-0.38242,16.982464621990907,12.649918218389614,-38.99968373682436,13.550459811156555,-6.93423163887059,5.830732481996137
12.656128644943237,-1.70376,1.13233,-1.36343,0.455328,0.753787,0.0517136,0.0872609,0.480673,0.503108,0.468077,0.453048,0.559068,-0.512928,-0.0321626,0.35765,0.189047,0.687608,0.192893,0.586296,-0.38242,16.982464621990907,12.649918218389614,-38.99968373682436,13.550459811156555,-6.93423163887059,5.830732481996137
12.671950817108154,-1.35845,1.46267,-1.87818,0.509904,0.767475,0.153587,0.0870852,0.480809,0.503496,0.466702,0.452312,0.561039,-0.512678,-0.0296872,0.36074,0.188335,0.688009,0.200811,0.582358,-0.383637,17.004967538055922,13.364436259363528,-38.256827635037894,13.553472310144667,-7.330013140597637,5.413626410833952
12.672899723052979,-1.35845,1.46267,-1.87818,0.509904,0.767475,0.153587,0.0870852,0.480809,0.503496,0.466702,0.452312,0.561039,-0.512678,-0.0296872,0.36074,0.188335,0.688009,0.200811,0.582358,-0.383637,17.004967538055922,13.364436259363528,-38.256827635037894,13.553472310144667,-7.330013140597637,5.413626410833952
12.688674449920654,-1.4366,1.49673,-1.96665,0.520747,0.77174,0.164642,0.087096,0.480872,0.50368,0.467335,0.452163,0.560146,-0.513208,-0.0285529,0.362092,0.187548,0.689475,0.205517,0.578867,-0.383798,16.848473494101082,13.873139962626011,-37.976713215491245,14.32198435195924,-8.321474219285237,5.797319830216341
12.689638137817383,-1.4366,1.49673,-1.96665,0.520747,0.77174,0.164642,0.087096,0.480872,0.50368,0.467335,0.452163,0.560146,-0.513208,-0.0285529,0.362092,0.187548,0.689475,0.205517,0.578867,-0.383798,16.848473494101082,13.873139962626011,-37.976713215491245,14.32198435195924,-8.321474219285237,5.797319830216341
12.705398559570312,-0.769556,1.28155,-1.76231,0.462572,0.663395,0.116001,0.0871157,0.480891,0.503886,0.467135,0.451929,0.560955,-0.512713,-0.0247973,0.366471,0.18689,0.683916,0.216357,0.577548,-0.389726,16.38026014071621,13.795123853329645,-36.406426706451555,13.848899626107407,-7.219232953078642,7.337397367205902
12.706337451934814,-0.769556,1.28155,-1.76231,0.462572,0.663395,0.116001,0.0871157,0.480891,0.503886,0.467135,0.451929,0.560955,-0.512713,-0.0247973,0.366471,0.18689,0.683916,0.216357,0.577548,-0.389726,16.38026014071621,13.795123853329645,-36.406426706451555,13.848899626107407,-7.219232953078642,7.337397367205902
12.738485097885132,-1.37703,1.79284,-2.03486,0.544672,0.797549,0.19121,0.0875613,0.480711,0.503745,0.468215,0.453036,0.559506,-0.512334,-0.0207604,0.370473,0.186052,0.681624,0.22436,0.573022,-0.39585,16.26310454067432,13.764489307364158,-35.21863732950052,15.515933748796826,-6.906058348639624,7.27193076319111
12.739426612854004,-1.37703,1.79284,-2.03486,0.544672,0.797549,0.19121,0.0875613,0.480711,0.503745,0.468215,0.453036,0.559506,-0.512334,-0.0207604,0.370473,0.186052,0.681624,0.22436,0.573022,-0.39585,16.26310454067432,13.764489307364158,-35.21863732950052,15.515933748796826,-6.906058348639624,7.27193076319111
12.755308151245117,-0.644837,2.26796,-1.82157,0.563789,0.71877,0.214493,0.0879103,0.480558,0.503612,0.467814,0.452942,0.559657,-0.512619,-0.0166537,0.373934,0.184881,0.67957,0.231426,0.56967,-0.400129,16.18571165191753,13.986968191547295,-34.26335177694346,16.451331360376024,-5.366755017429128,7.722638525041246
12.75625729560852,-0.644837,2.26796,-1.82157,0.563789,0.71877,0.214493,0.0879103,0.480558,0.503612,0.467814,0.452942,0.559657,-0.512619,-0.0166537,0.373934,0.184881,0.67957,0.231426,0.56967,-0.400129,16.18571165191753,13.986968191547295,-34.26335177694346,16.451331360376024,-5.366755017429128,7.722638525041246
12.771427631378174,-1.1484,2.39632,-0.964938,0.535007,0.66776,0.139702,0.0879947,0.480478,0.503714,0.468892,0.451878,0.558996,-0.513293,-0.0146249,0.375682,0.184415,0.679567,0.235705,0.567647,-0.40051,15.86590008904654,14.332723628683285,-33.85734153426899,17.485741800900872,-4.94016860404744,8.600162898763797
12.772392749786377,-1.1484,2.39632,-0.964938,0.535007,0.66776,0.139702,0.0879947,0.480478,0.503714,0.468892,0.451878,0.558996,-0.513293,-0.0146249,0.375682,0.184415,0.679567,0.235705,0.567647,-0.40051,15.86590008904654,14.332723628683285,-33.85734153426899,17.485741800900872,-4.94016860404744,8.600162898763797
12.788020849227905,-1.69743,2.50591,-0.613404,0.535019,0.673877,0.120888,0.0880402,0.480483,0.503783,0.468157,0.453176,0.558923,-0.5129,-0.0136542,0.376286,0.184287,0.682052,0.238416,0.566915,-0.39569,15.699767282846427,14.887934622214424,-34.30713223688232,16.830103483670815,-4.9547040224352905,8.335419560315888
12.78896450996399,-1.69743,2.50591,-0.613404,0.535019,0.673877,0.120888,0.0880402,0.480483,0.503783,0.468157,0.453176,0.558923,-0.5129,-0.0136542,0.376286,0.184287,0.682052,0.238416,0.566915,-0.39569,15.699767282846427,14.887934622214424,-34.30713223688232,16.830103483670815,-4.9547040224352905,8.335419560315888
12.80482006072998,-2.11824,2.46682,-0.953927,0.54562,0.752154,0.0893549,0.0881053,0.480509,0.503761,0.468482,0.452306,0.559633,-0.512596,-0.0126713,0.377848,0.18496,0.678895,0.242385,0.567375,-0.398041,15.406378405601709,14.759360062047085,-33.58187988311724,16.479662653824832,-5.098777675962333,8.520970931233611
12.805765151977539,-2.11824,2.46682,-0.953927,0.54562,0.752154,0.0893549,0.0881053,0.480509,0.503761,0.468482,0.452306,0.559633,-0.512596,-0.0126713,0.377848,0.18496,0.678895,0.242385,0.567375,-0.398041,15.406378405601709,14.759360062047085,-33.58187988311724,16.479662653824832,-5.098777675962333,8.520970931233611
12.840399265289307,-1.31314,2.78992,-1.59489,0.629053,0.733767,0.143349,0.0882407,0.480548,0.504167,0.46754,0.452413,0.560253,-0.512684,-0.0125998,0.38058,0.18676,0.676807,0.246693,0.569297,-0.3962,14.908541324070939,14.925959766891431,-33.444180487046495,16.521981341813607,-5.115951638051303,8.092010616074218
12.84158182144165,-1.31314,2.78992,-1.59489,0.629053,0.733767,0.143349,0.0882407,0.480548,0.504167,0.46754,0.452413,0.560253,-0.512684,-0.0125998,0.38058,0.18676,0.676807,0.246693,0.569297,-0.3962,14.908541324070939,14.925959766891431,-33.444180487046495,16.521981341813607,-5.115951638051303,8.092010616074218
12.85565185546875,-1.67783,2.74361,-1.65615,0.632405,0.754994,0.0985237,0.0882983,0.480632,0.504462,0.46723,0.453089,0.559927,-0.512726,-0.0142242,0.382058,0.18879,0.675123,0.248727,0.573586,-0.39159,14.172116568123492,14.927174848011632,-33.79435437929452,16.06113866451812,-5.475605239928454,8.249068241212422
12.856595993041992,-1.67783,2.74361,-1.65615,0.632405,0.754994,0.0985237,0.0882983,0.480632,0.504462,0.46723,0.453089,0.559927,-0.512726,-0.0142242,0.382058,0.18879,0.675123,0.248727,0.573586,-0.39159,14.172116568123492,14.927174848011632,-33.79435437929452,16.06113866451812,-5.475605239928454,8.249068241212422
12.871561050415039,-1.65524,2.78505,-1.57353,0.660369,0.704968,0.0690577,0.0884009,0.480624,0.504476,0.467115,0.45434,0.56014,-0.511491,-0.0163334,0.382375,0.190704,0.672752,0.245008,0.579821,-0.388824,13.866334658524496,14.232957020913734,-34.28741560303712,15.821041366328217,-4.82744289518884,7.742534128785866
12.872527599334717,-1.65524,2.78505,-1.57353,0.660369,0.704968,0.0690577,0.0884009,0.480624,0.504476,0.467115,0.45434,0.56014,-0.511491,-0.0163334,0.382375,0.190704,0.672752,0.245008,0.579821,-0.388824,13.866334658524496,14.232957020913734,-34.28741560303712,15.821041366328217,-4.82744289518884,7.742534128785866
12.887904167175293,-1.72762,2.93971,-1.57328,0.69397,0.700445,0.0808793,0.0884707,0.480601,0.50448,0.467407,0.453237,0.560052,-0.512296,-0.0175261,0.382646,0.191739,0.67091,0.244726,0.582487,-0.388199,13.481117089118042,14.094127996772151,-34.29839751521103,15.963097540106974,-4.7790823208057756,8.255659224760974
12.888856172561646,-1.72762,2.93971,-1.57328,0.69397,0.700445,0.0808793,0.0884707,0.480601,0.50448,0.467407,0.453237,0.560052,-0.512296,-0.0175261,0.382646,0.191739,0.67091,0.244726,0.582487,-0.388199,13.481117089118042,14.094127996772151,-34.29839751521103,15.963097540106974,-4.7790823208057756,8.255659224760974
12.90471863746643,-2.47473,2.68473,-1.82676,0.705204,0.820126,0.018912,0.0885182,0.48055,0.504431,0.46823,0.453114,0.560012,-0.511698,-0.0186015,0.382898,0.19287,0.670662,0.244907,0.584883,-0.384896,13.077546039147272,14.052500846296377,-34.51266932399561,15.88054187495727,-5.577538594703155,8.121986753114308
12.90564751625061,-2.47473,2.68473,-1.82676,0.705204,0.820126,0.018912,0.0885182,0.48055,0.504431,0.46823,0.453114,0.560012,-0.511698,-0.0186015,0.382898,0.19287,0.670662,0.244907,0.584883,-0.384896,13.077546039147272,14.052500846296377,-34.51266932399561,15.88054187495727,-5.577538594703155,8.121986753114308
12.93832015991211,-0.802782,3.18232,-2.34938,0.841753,0.667358,0.18197,0.0884051,0.480673,0.504548,0.46726,0.454452,0.560412,-0.51096,-0.0276025,0.382097,0.198047,0.66982,0.230221,0.602263,-0.368265,12.143020408381672,13.060755052293771,-37.27533680687628,16.82791124271429,-4.239271112743062,7.1618053224016744
12.939252376556396,-0.802782,3.18232,-2.34938,0.841753,0.667358,0.18197,0.0884051,0.480673,0.504548,0.46726,0.454452,0.560412,-0.51096,-0.0276025,0.382097,0.198047,0.66982,0.230221,0.602263,-0.368265,12.143020408381672,13.060755052293771,-37.27533680687628,16.82791124271429,-4.239271112743062,7.1618053224016744
12.954452753067017,-0.354677,2.83878,-1.94899,0.799768,0.488153,0.0665742,0.0882722,0.480746,0.504724,0.468341,0.453784,0.559778,-0.511258,-0.0331436,0.381831,0.200985,0.669365,0.228166,0.610722,-0.356243,10.875940615083605,13.037614192869347,-38.52707719095403,16.832202317633204,-6.013357655989619,8.281772943770095
12.955377578735352,-0.354677,2.83878,-1.94899,0.799768,0.488153,0.0665742,0.0882722,0.480746,0.504724,0.468341,0.453784,0.559778,-0.511258,-0.0331436,0.381831,0.200985,0.669365,0.228166,0.610722,-0.356243,10.875940615083605,13.037614192869347,-38.52707719095403,16.832202317633204,-6.013357655989619,8.281772943770095
12.978219985961914,-0.429911,4.14802,-1.62224,0.967531,0.428554,0.260835,0.0880908,0.480732,0.504684,0.468742,0.453118,0.559827,-0.511429,-0.0359703,0.381961,0.20287,0.667476,0.22432,0.616353,-0.352513,10.434709772366652,12.603439519504875,-39.077651157937915,17.610427233812427,-5.569211577160516,8.490997386431657
12.980084896087646,-0.429911,4.14802,-1.62224,0.967531,0.428554,0.260835,0.0880908,0.480732,0.504684,0.468742,0.453118,0.559827,-0.511429,-0.0359703,0.381961,0.20287,0.667476,0.22432,0.616353,-0.352513,10.434709772366652,12.603439519504875,-39.077651157937915,17.610427233812427,-5.569211577160516,8.490997386431657
12.9973304271698,-0.128151,2.77945,-1.85831,0.848318,0.417123,-0.0621097,0.0879682,0.480716,0.504525,0.468914,0.45168,0.560215,-0.512116,-0.0390359,0.381815,0.204585,0.666144,0.219634,0.622936,-0.346357,9.865822841321588,12.3317092822886,-39.91669914657446,18.4472123036931,-4.600439442115082,9.187272220818963
12.998350620269775,-0.128151,2.77945,-1.85831,0.848318,0.417123,-0.0621097,0.0879682,0.480716,0.504525,0.468914,0.45168,0.560215,-0.512116,-0.0390359,0.381815,0.204585,0.666144,0.219634,0.622936,-0.346357,9.865822841321588,12.3317092822886,-39.91669914657446,18.4472123036931,-4.600439442115082,9.187272220818963
13.011844396591187,-1.80445,3.88549,-1.95258,1.02502,0.621523,0.0969739,0.0878951,0.480687,0.50449,0.468201,0.452562,0.561057,-0.511068,-0.0445436,0.38042,0.206687,0.671637,0.213209,0.629851,-0.3267,9.157719024727236,12.84168396188674,-42.343601387254516,19.121392384516042,-6.112485987929304,8.17362996466943
13.012782573699951,-1.80445,3.88549,-1.95258,1.02502,0.621523,0.0969739,0.0878951,0.480687,0.50449,0.468201,0.452562,0.561057,-0.511068,-0.0445436,0.38042,0.206687,0.671637,0.213209,0.629851,-0.3267,9.157719024727236,12.84168396188674,-42.343601387254516,19.121392384516042,-6.112485987929304,8.17362996466943
13.027511596679688,-0.489614,3.5047,-2.01741,1.00247,0.490901,0.0596364,0.0878829,0.480717,0.504495,0.468445,0.453172,0.560092,-0.511362,-0.0466389,0.380146,0.207751,0.669898,0.209352,0.63364,-0.325436,8.987715601362687,12.293345519619802,-42.80462997550732,19.85701673073053,-5.56968476577927,8.575114979638235
13.028429746627808,-0.489614,3.5047,-2.01741,1.00247,0.490901,0.0596364,0.0878829,0.480717,0.504495,0.468445,0.453172,0.560092,-0.511362,-0.0466389,0.380146,0.207751,0.669898,0.209352,0.63364,-0.325436,8.987715601362687,12.293345519619802,-42.80462997550732,19.85701673073053,-5.56968476577927,8.575114979638235
13.042478322982788,-0.816387,3.4677,-1.8893,1.06868,0.387035,0.0175901,0.0876406,0.48082,0.504601,0.468216,0.452353,0.561112,-0.511179,-0.0535489,0.37809,0.209662,0.67771,0.202126,0.639781,-0.300889,8.01354658889346,13.300440099761692,-45.66906777544251,21.344625756117868,-8.215247861898336,8.060514487721592
13.043408155441284,-0.816387,3.4677,-1.8893,1.06868,0.387035,0.0175901,0.0876406,0.48082,0.504601,0.468216,0.452353,0.561112,-0.511179,-0.0535489,0.37809,0.209662,0.67771,0.202126,0.639781,-0.300889,8.01354658889346,13.300440099761692,-45.66906777544251,21.344625756117868,-8.215247861898336,8.060514487721592
13.078449487686157,-2.47453,3.66221,-0.970506,1.02958,0.398751,-0.0756805,0.0869586,0.481091,0.504148,0.468536,0.45229,0.561016,-0.511046,-0.0571948,0.378434,0.211983,0.670304,0.201978,0.647458,-0.301158,7.291650143692751,12.258517892505015,-45.50420770998496,20.083052633145858,-8.341864728910295,9.426343031513548
13.080244779586792,-2.47453,3.66221,-0.970506,1.02958,0.398751,-0.0756805,0.0869586,0.481091,0.504148,0.468536,0.45229,0.561016,-0.511046,-0.0571948,0.378434,0.211983,0.670304,0.201978,0.647458,-0.301158,7.291650143692751,12.258517892505015,-45.50420770998496,20.083052633145858,-8.341864728910295,9.426343031513548
13.096904993057251,-1.05104,3.4989,-0.623761,1.12151,0.137179,-0.182059,0.0865749,0.481083,0.50388,0.468674,0.451826,0.561382,-0.510928,-0.0604216,0.378337,0.21448,0.666022,0.200631,0.653313,-0.298906,6.756668216926673,11.651537016368739,-45.6839963464271,19.671303717709797,-8.908076693649535,9.580693404667164
13.09790825843811,-1.05104,3.4989,-0.623761,1.12151,0.137179,-0.182059,0.0865749,0.481083,0.50388,0.468674,0.451826,0.561382,-0.510928,-0.0604216,0.378337,0.21448,0.666022,0.200631,0.653313,-0.298906,6.756668216926673,11.651537016368739,-45.6839963464271,19.671303717709797,-8.908076693649535,9.580693404667164
13.111536264419556,-2.30214,3.23751,-0.337856,1.06866,0.173664,-0.329599,0.0864973,0.481094,0.503854,0.468787,0.451345,0.561535,-0.511082,-0.0617351,0.378597,0.215973,0.663531,0.201486,0.655397,-0.299307,6.480062789346985,11.413976107876618,-45.51297155819308,19.324226159626203,-9.684729134381731,9.49919774956081
13.112458229064941,-2.30214,3.23751,-0.337856,1.06866,0.173664,-0.329599,0.0864973,0.481094,0.503854,0.468787,0.451345,0.561535,-0.511082,-0.0617351,0.378597,0.215973,0.663531,0.201486,0.655397,-0.299307,6.480062789346985,11.413976107876618,-45.51297155819308,19.324226159626203,-9.684729134381731,9.49919774956081
13.126696109771729,-3.5485,2.04243,-0.751116,1.0067,0.379196,-0.636515,0.0863431,0.481106,0.503887,0.46893,0.450474,0.561655,-0.511587,-0.0625574,0.378462,0.216723,0.662846,0.198701,0.658707,-0.295397,6.170626241975602,11.276353485887041,-46.04000811868022,19.879495713067588,-8.17921866844521,10.25449779363302
13.127631187438965,-3.5485,2.04243,-0.751116,1.0067,0.379196,-0.636515,0.0863431,0.481106,0.503887,0.46893,0.450474,0.561655,-0.511587,-0.0625574,0.378462,0.216723,0.662846,0.198701,0.658707,-0.295397,6.170626241975602,11.276353485887041,-46.04000811868022,19.879495713067588,-8.17921866844521,10.25449779363302
13.154775381088257,-1.35035,3.64045,-1.12961,1.22385,0.172663,-0.404403,0.085877,0.481341,0.503959,0.468428,0.452982,0.560699,-0.51088,-0.0648836,0.378541,0.218982,0.66035,0.199866,0.662022,-0.292776,5.758801690951132,10.831584449812214,-46.34027207747048,18.481177424855833,-9.268060206027995,9.544201839780385
13.155733585357666,-1.35035,3.64045,-1.12961,1.22385,0.172663,-0.404403,0.085877,0.481341,0.503959,0.468428,0.452982,0.560699,-0.51088,-0.0648836,0.378541,0.218982,0.66035,0.199866,0.662022,-0.292776,5.758801690951132,10.831584449812214,-46.34027207747048,18.481177424855833,-9.268060206027995,9.544201839780385
13.171231269836426,-1.20684,4.63717,-0.654882,1.3907,0.0570077,-0.316652,0.0857606,0.481444,0.504033,0.468443,0.452283,0.561719,-0.510365,-0.0660391,0.377621,0.220108,0.662808,0.195625,0.665209,-0.282692,5.430591525495522,11.05884599357825,-47.49709179515521,18.99653427879424,-8.466007065917012,9.073587790232638
13.172168493270874,-1.20684,4.63717,-0.654882,1.3907,0.0570077,-0.316652,0.0857606,0.481444,0.504033,0.468443,0.452283,0.561719,-0.510365,-0.0660391,0.377621,0.220108,0.662808,0.195625,0.665209,-0.282692,5.430591525495522,11.05884599357825,-47.49709179515521,18.99653427879424,-8.466007065917012,9.073587790232638
13.188016891479492,-1.4576,3.97763,-0.42711,1.33566,0.0322579,-0.484155,0.0858188,0.481429,0.50405,0.468521,0.452957,0.561389,-0.510059,-0.0665776,0.377525,0.22068,0.660047,0.195278,0.667075,-0.284984,5.409061507520677,10.551198429645025,-47.30362053413838,18.518332545664794,-8.401827882100065,9.466515381078516
13.188966274261475,-1.4576,3.97763,-0.42711,1.33566,0.0322579,-0.484155,0.0858188,0.481429,0.50405,0.468521,0.452957,0.561389,-0.510059,-0.0665776,0.377525,0.22068,0.660047,0.195278,0.667075,-0.284984,5.409061507520677,10.551198429645025,-47.30362053413838,18.518332545664794,-8.401827882100065,9.466515381078516
13.204694747924805,-1.77695,3.38986,0.690772,1.3356,-0.167392,-0.698359,0.0862082,0.481307,0.504202,0.468607,0.452473,0.561378,-0.510423,-0.0680112,0.37631,0.222196,0.658586,0.192467,0.670442,-0.282363,5.175389433157737,10.253723453936889,-47.72531187047981,18.342763770584863,-8.370250908262248,9.722943527392575
13.205641031265259,-1.77695,3.38986,0.690772,1.3356,-0.167392,-0.698359,0.0862082,0.481307,0.504202,0.468607,0.452473,0.561378,-0.510423,-0.0680112,0.37631,0.222196,0.658586,0.192467,0.670442,-0.282363,5.175389433157737,10.253723453936889,-47.72531187047981,18.342763770584863,-8.370250908262248,9.722943527392575
13.238040924072266,-1.24969,3.71327,-1.33927,1.47901,0.177882,-0.75289,0.0865354,0.481232,0.504169,0.46864,0.452961,0.561693,-0.509611,-0.0694635,0.374883,0.223449,0.65906,0.188466,0.673736,-0.276045,5.004330288146165,10.056393611044996,-48.56908961089557,18.35848482781654,-8.490905684422566,9.216624239852235
13.238978862762451,-1.24969,3.71327,-1.33927,1.47901,0.177882,-0.75289,0.0865354,0.481232,0.504169,0.46864,0.452961,0.561693,-0.509611,-0.0694635,0.374883,0.223449,0.65906,0.188466,0.673736,-0.276045,5.004330288146165,10.056393611044996,-48.56908961089557,18.35848482781654,-8.490905684422566,9.216624239852235
13.255115270614624,0.523396,4.23515,-1.90999,1.59665,0.1126,-0.686586,0.0864916,0.481195,0.504527,0.470163,0.449679,0.560979,-0.511897,-0.0702958,0.374299,0.223701,0.660318,0.188565,0.673721,-0.272991,4.448013773954014,10.5461859505969,-48.77312772311945,19.09377609930873,-8.730086784683145,10.967485311645365
13.256058931350708,0.523396,4.23515,-1.90999,1.59665,0.1126,-0.686586,0.0864916,0.481195,0.504527,0.470163,0.449679,0.560979,-0.511897,-0.0702958,0.374299,0.223701,0.660318,0.188565,0.673721,-0.272991,4.448013773954014,10.5461859505969,-48.77312772311945,19.09377609930873,-8.730086784683145,10.967485311645365
13.271199464797974,-0.508904,2.9297,-0.972957,1.36358,0.0286351,-1.06577,0.0863876,0.481177,0.504541,0.471134,0.448863,0.560954,-0.511747,-0.071113,0.373459,0.223987,0.659366,0.184365,0.6753,-0.274257,4.622634840427139,10.120487643316737,-48.84602958137446,19.984334651913187,-8.308370261822459,11.35619085051938
13.272133111953735,-0.508904,2.9297,-0.972957,1.36358,0.0286351,-1.06577,0.0863876,0.481177,0.504541,0.471134,0.448863,0.560954,-0.511747,-0.071113,0.373459,0.223987,0.659366,0.184365,0.6753,-0.274257,4.622634840427139,10.120487643316737,-48.84602958137446,19.984334651913187,-8.308370261822459,11.35619085051938
13.288300514221191,-0.946777,3.21412,-0.332411,1.40689,0.00580341,-1.07914,0.0863662,0.481235,0.504558,0.470209,0.451139,0.560197,-0.511426,-0.0716482,0.372626,0.2243,0.659371,0.179529,0.675958,-0.275826,5.18166744713958,9.625081173064043,-49.2551302142655,20.526514467440663,-7.435124783124612,10.179129635059656
13.289239406585693,-0.946777,3.21412,-0.332411,1.40689,0.00580341,-1.07914,0.0863662,0.481235,0.504558,0.470209,0.451139,0.560197,-0.511426,-0.0716482,0.372626,0.2243,0.659371,0.179529,0.675958,-0.275826,5.18166744713958,9.625081173064043,-49.2551302142655,20.526514467440663,-7.435124783124612,10.179129635059656
13.305219173431396,-0.284592,3.42216,-0.472601,1.47608,0.0561872,-1.06847,0.0862116,0.481331,0.504473,0.468185,0.45212,0.561329,-0.511175,-0.0717802,0.372638,0.224208,0.660238,0.182198,0.676318,-0.271077,4.9743172509156395,10.038967386230173,-49.60178025522113,18.849274838828933,-7.516015025565224,9.68237456845677
13.306173086166382,-0.284592,3.42216,-0.472601,1.47608,0.0561872,-1.06847,0.0862116,0.481331,0.504473,0.468185,0.45212,0.561329,-0.511175,-0.0717802,0.372638,0.224208,0.660238,0.182198,0.676318,-0.271077,4.9743172509156395,10.038967386230173,-49.60178025522113,18.849274838828933,-7.516015025565224,9.68237456845677
13.338064432144165,-2.0901,3.14723,-0.670307,1.50024,0.212125,-1.26352,0.0860663,0.481389,0.504319,0.468827,0.451659,0.56114,-0.511202,-0.0727257,0.371952,0.224352,0.660459,0.1829,0.67724,-0.267746,4.593802768188024,10.151708702750845,-49.811192576159065,18.165483803434263,-8.323125410568315,10.283353989848994
13.338998317718506,-2.0901,3.14723,-0.670307,1.50024,0.212125,-1.26352,0.0860663,0.481389,0.504319,0.468827,0.451659,0.56114,-0.511202,-0.0727257,0.371952,0.224352,0.660459,0.1829,0.67724,-0.267746,4.593802768188024,10.151708702750845,-49.811192576159065,18.165483803434263,-8.323125410568315,10.283353989848994
13.3550546169281,1.35506,3.55063,-0.906004,1.54318,-0.0928662,-1.13416,0.0858693,0.481393,0.504191,0.468907,0.450396,0.562728,-0.510496,-0.0733995,0.371711,0.224503,0.659402,0.181247,0.679565,-0.265575,4.4988475681231765,10.027437727128797,-49.913429137156974,18.193564228468617,-7.951257390203041,10.751759811544428
13.35601544380188,1.35506,3.55063,-0.906004,1.54318,-0.0928662,-1.13416,0.0858693,0.481393,0.504191,0.468907,0.450396,0.562728,-0.510496,-0.0733995,0.371711,0.224503,0.659402,0.181247,0.679565,-0.265575,4.4988475681231765,10.027437727128797,-49.913429137156974,18.193564228468617,-7.951257390203041,10.751759811544428
13.371421575546265,-1.4443,2.97764,-0.672647,1.49129,0.161092,-1.34285,0.0856527,0.481455,0.504041,0.46893,0.451659,0.562193,-0.509949,-0.0736056,0.371859,0.224481,0.660042,0.182476,0.67874,-0.265255,4.496867696105279,10.052726403548137,-49.924691428433015,17.85930616064354,-8.736322578224785,10.124468305705115
13.372367143630981,-1.4443,2.97764,-0.672647,1.49129,0.161092,-1.34285,0.0856527,0.481455,0.504041,0.46893,0.451659,0.562193,-0.509949,-0.0736056,0.371859,0.224481,0.660042,0.182476,0.67874,-0.265255,4.496867696105279,10.052726403548137,-49.924691428433015,17.85930616064354,-8.736322578224785,10.124468305705115
13.38803482055664,-1.84406,4.17408,-0.628869,1.60773,0.222854,-1.07389,0.0854803,0.48152,0.503892,0.468782,0.45258,0.56192,-0.509569,-0.0736441,0.371941,0.22446,0.659838,0.18265,0.678708,-0.265722,4.5582283245885495,9.938610978754065,-49.91666623202603,17.60779040821802,-8.766148190759438,9.774829869532667
13.388975858688354,-1.84406,4.17408,-0.628869,1.60773,0.222854,-1.07389,0.0854803,0.48152,0.503892,0.468782,0.45258,0.56192,-0.509569,-0.0736441,0.371941,0.22446,0.659838,0.18265,0.678708,-0.265722,4.5582283245885495,9.938610978754065,-49.91666623202603,17.60779040821802,-8.766148190759438,9.774829869532667
13.404677152633667,-1.81484,3.34433,-0.40964,1.43308,0.16074,-1.23348,0.0850436,0.48169,0.503977,0.469205,0.451734,0.561397,-0.510505,-0.0738129,0.372258,0.224404,0.660661,0.18212,0.677709,-0.266589,4.588782334734194,10.082903395973052,-49.90293932222227,18.430876098688913,-8.474148354849493,9.870197747972504
13.405618906021118,-1.81484,3.34433,-0.40964,1.43308,0.16074,-1.23348,0.0850436,0.48169,0.503977,0.469205,0.451734,0.561397,-0.510505,-0.0738129,0.372258,0.224404,0.660661,0.18212,0.677709,-0.266589,4.588782334734194,10.082903395973052,-49.90293932222227,18.430876098688913,-8.474148354849493,9.870197747972504
13.438000917434692,-0.149666,3.40213,-0.0955154,1.37329,-0.0787682,-0.971439,0.085046,0.481739,0.504067,0.469673,0.451388,0.562237,-0.509456,-0.0739076,0.37259,0.224461,0.659406,0.183878,0.678121,-0.26744,4.496559788479471,9.980856229676059,-49.52148972758835,17.8387624839643,-9.384278329776622,10.209127906874043
13.438937902450562,-0.149666,3.40213,-0.0955154,1.37329,-0.0787682,-0.971439,0.085046,0.481739,0.504067,0.469673,0.451388,0.562237,-0.509456,-0.0739076,0.37259,0.224461,0.659406,0.183878,0.678121,-0.26744,4.496559788479471,9.980856229676059,-49.52148972758835,17.8387624839643,-9.384278329776622,10.209127906874043
13.454597234725952,-1.51181,2.7061,-0.32551,1.26038,0.152894,-0.984816,0.0857226,0.481439,0.504016,0.46861,0.451388,0.562359,-0.5103,-0.0736815,0.372606,0.224658,0.658279,0.179495,0.678646,-0.271828,5.075614067294033,9.599228984356184,-49.527173268269436,19.50733239518233,-8.049200562866568,9.592238079086412
13.455535888671875,-1.51181,2.7061,-0.32551,1.26038,0.152894,-0.984816,0.0857226,0.481439,0.504016,0.46861,0.451388,0.562359,-0.5103,-0.0736815,0.372606,0.224658,0.658279,0.179495,0.678646,-0.271828,5.075614067294033,9.599228984356184,-49.527173268269436,19.50733239518233,-8.049200562866568,9.592238079086412
13.47139835357666,-2.26295,2.79944,-0.159691,1.22098,0.256063,-0.836994,0.0861439,0.481193,0.50396,0.468577,0.450754,0.56137,-0.511976,-0.0729006,0.373347,0.224842,0.657399,0.184851,0.677898,-0.272233,4.536138686019082,9.944022942269402,-49.21362676218829,18.65898350329051,-8.34604204405052,10.441893810095307
13.472350597381592,-2.26295,2.79944,-0.159691,1.22098,0.256063,-0.836994,0.0861439,0.481193,0.50396,0.468577,0.450754,0.56137,-0.511976,-0.0729006,0.373347,0.224842,0.657399,0.184851,0.677898,-0.272233,4.536138686019082,9.944022942269402,-49.21362676218829,18.65898350329051,-8.34604204405052,10.441893810095307
13.48844599723816,-1.89539,2.6041,-0.374587,1.18365,0.268915,-0.775853,0.0862962,0.481139,0.503971,0.46869,0.450733,0.561718,-0.511511,-0.0727182,0.373614,0.224813,0.657365,0.186522,0.678074,-0.270733,4.3419463422134355,10.047405587818531,-49.173322774640646,18.2706867854978,-8.768529227379013,10.650461337145464
13.489380121231079,-1.89539,2.6041,-0.374587,1.18365,0.268915,-0.775853,0.0862962,0.481139,0.503971,0.46869,0.450733,0.561718,-0.511511,-0.0727182,0.373614,0.224813,0.657365,0.186522,0.678074,-0.270733,4.3419463422134355,10.047405587818531,-49.173322774640646,18.2706867854978,-8.768529227379013,10.650461337145464
13.504792213439941,-2.30865,2.66179,-0.0140907,1.1644,0.264682,-0.585207,0.086475,0.481198,0.504108,0.468999,0.452229,0.561885,-0.509721,-0.0720291,0.374697,0.225108,0.656071,0.18557,0.678393,-0.273709,4.670497001549779,9.54179046559055,-48.89435741739014,19.015200643030607,-8.58674037972428,9.910160861286423
13.50573182106018,-2.30865,2.66179,-0.0140907,1.1644,0.264682,-0.585207,0.086475,0.481198,0.504108,0.468999,0.452229,0.561885,-0.509721,-0.0720291,0.374697,0.225108,0.656071,0.18557,0.678393,-0.273709,4.670497001549779,9.54179046559055,-48.89435741739014,19.015200643030607,-8.58674037972428,9.910160861286423
13.5410737991333,-2.34373,2.26522,-1.01631,1.07477,0.437333,-0.267097,0.0864503,0.481302,0.504205,0.46807,0.453207,0.562063,-0.509508,-0.0707907,0.377209,0.225227,0.662418,0.193388,0.67388,-0.263986,4.078150487532637,11.013324975366146,-49.37965623174997,19.225223712817037,-10.325128438987937,7.794988866370053
13.542386054992676,-2.34373,2.26522,-1.01631,1.07477,0.437333,-0.267097,0.0864503,0.481302,0.504205,0.46807,0.453207,0.562063,-0.509508,-0.0707907,0.377209,0.225227,0.662418,0.193388,0.67388,-0.263986,4.078150487532637,11.013324975366146,-49.37965623174997,19.225223712817037,-10.325128438987937,7.794988866370053
13.557384490966797,-0.712957,2.83746,-1.59497,1.12231,0.325745,-0.00433444,0.0867189,0.481141,0.504171,0.468036,0.453248,0.560838,-0.510851,-0.0695323,0.380312,0.225849,0.659694,0.197398,0.673511,-0.268739,3.8559503382184768,10.893304060501265,-48.76340391984243,20.59893297732039,-9.340089954720721,8.158201624373891
13.558323383331299,-0.712957,2.83746,-1.59497,1.12231,0.325745,-0.00433444,0.0867189,0.481141,0.504171,0.468036,0.453248,0.560838,-0.510851,-0.0695323,0.380312,0.225849,0.659694,0.197398,0.673511,-0.268739,3.8559503382184768,10.893304060501265,-48.76340391984243,20.59893297732039,-9.340089954720721,8.158201624373891
13.5712890625,-1.80054,2.51836,-1.93296,1.05836,0.471896,-0.0676999,0.0869153,0.481027,0.504116,0.468655,0.453349,0.56098,-0.510037,-0.0690451,0.382318,0.226327,0.654789,0.203284,0.674927,-0.272763,3.419341227866018,10.501689905782769,-47.80468099280031,19.662638485815226,-10.059149156756453,9.378705613260951
13.572227239608765,-1.80054,2.51836,-1.93296,1.05836,0.471896,-0.0676999,0.0869153,0.481027,0.504116,0.468655,0.453349,0.56098,-0.510037,-0.0690451,0.382318,0.226327,0.654789,0.203284,0.674927,-0.272763,3.419341227866018,10.501689905782769,-47.80468099280031,19.662638485815226,-10.059149156756453,9.378705613260951
13.587931394577026,-0.99577,2.32969,-1.9088,1.00312,0.378178,-0.0553943,0.0869823,0.48105,0.504175,0.46695,0.454111,0.561545,-0.510302,-0.0687862,0.383202,0.226596,0.654311,0.201834,0.67597,-0.272405,3.612258910832725,10.413146497992674,-48.06575412888044,20.32879796987288,-8.449016942744697,8.819083486442395
13.588862180709839,-0.99577,2.32969,-1.9088,1.00312,0.378178,-0.0553943,0.0869823,0.48105,0.504175,0.46695,0.454111,0.561545,-0.510302,-0.0687862,0.383202,0.226596,0.654311,0.201834,0.67597,-0.272405,3.612258910832725,10.413146497992674,-48.06575412888044,20.32879796987288,-8.449016942744697,8.819083486442395
13.605010509490967,-2.17926,1.89267,-1.59082,0.91034,0.46052,-0.0700875,0.0869552,0.481055,0.504175,0.468183,0.453519,0.560856,-0.510457,-0.0673546,0.387081,0.226417,0.657136,0.210462,0.671963,-0.268966,2.903141194550264,11.394786442998484,-47.7084808852235,21.88322626908565,-10.028321059154345,8.752342108514116
13.60594654083252,-2.17926,1.89267,-1.59082,0.91034,0.46052,-0.0700875,0.0869552,0.481055,0.504175,0.468183,0.453519,0.560856,-0.510457,-0.0673546,0.387081,0.226417,0.657136,0.210462,0.671963,-0.268966,2.903141194550264,11.394786442998484,-47.7084808852235,21.88322626908565,-10.028321059154345,8.752342108514116
13.638130187988281,-1.29112,1.75036,-1.52148,0.830184,0.41429,0.0803537,0.0867152,0.481083,0.504004,0.468967,0.451801,0.560987,-0.511116,-0.0656267,0.392177,0.226657,0.651531,0.219929,0.669258,-0.281481,2.7657906916920476,11.297014618196545,-45.66776689589742,23.096190813713253,-10.95501756700199,9.351495416057483
13.639066457748413,-1.29112,1.75036,-1.52148,0.830184,0.41429,0.0803537,0.0867152,0.481083,0.504004,0.468967,0.451801,0.560987,-0.511116,-0.0656267,0.392177,0.226657,0.651531,0.219929,0.669258,-0.281481,2.7657906916920476,11.297014618196545,-45.66776689589742,23.096190813713253,-10.95501756700199,9.351495416057483
13.655140399932861,-1.9421,1.64034,-1.62781,0.780351,0.536437,0.0846266,0.0867463,0.481018,0.503852,0.468149,0.452321,0.560561,-0.511872,-0.0624188,0.397595,0.226257,0.651655,0.231273,0.665828,-0.280234,2.0589769935699533,12.19003466672087,-45.05662528473097,24.008426165771866,-10.2807091682391,9.654490906837419
13.656076431274414,-1.9421,1.64034,-1.62781,0.780351,0.536437,0.0846266,0.0867463,0.481018,0.503852,0.468149,0.452321,0.560561,-0.511872,-0.0624188,0.397595,0.226257,0.651655,0.231273,0.665828,-0.280234,2.0589769935699533,12.19003466672087,-45.05662528473097,24.008426165771866,-10.2807091682391,9.654490906837419
13.67136836051941,-1.73735,1.6269,-1.77233,0.733393,0.544896,0.053096,0.0869296,0.480987,0.5039,0.467522,0.452727,0.56016,-0.512526,-0.0600979,0.401225,0.226345,0.649484,0.238822,0.664946,-0.281038,1.5211312740074523,12.4816140378254,-44.49208723240365,24.170026689448065,-9.203134558871737,10.574091025818284
13.672300338745117,-1.73735,1.6269,-1.77233,0.733393,0.544896,0.053096,0.0869296,0.480987,0.5039,0.467522,0.452727,0.56016,-0.512526,-0.0600979,0.401225,0.226345,0.649484,0.238822,0.664946,-0.281038,1.5211312740074523,12.4816140378254,-44.49208723240365,24.170026689448065,-9.203134558871737,10.574091025818284
13.688011407852173,-1.58117,1.9426,-1.56272,0.740216,0.511074,0.108412,0.0869926,0.480927,0.50397,0.467086,0.45295,0.560806,-0.512019,-0.0589085,0.403041,0.226435,0.647952,0.243044,0.664149,-0.282833,1.418461568934309,12.57863868195726,-43.95542778304176,24.005762014940196,-9.32371583211237,10.545223331726081
13.688943862915039,-1.58117,1.9426,-1.56272,0.740216,0.511074,0.108412,0.0869926,0.480927,0.50397,0.467086,0.45295,0.560806,-0.512019,-0.0589085,0.403041,0.226435,0.647952,0.243044,0.664149,-0.282833,1.418461568934309,12.57863868195726,-43.95542778304176,24.005762014940196,-9.32371583211237,10.545223331726081
13.705310583114624,-1.94662,1.67049,-1.48198,0.672702,0.539797,0.0535313,0.0869954,0.48096,0.503997,0.467705,0.452215,0.560789,-0.512121,-0.0548897,0.409104,0.226934,0.643395,0.254863,0.66058,-0.29107,1.0135196095496555,12.827313600544747,-42.151218992401525,25.1865755745891,-9.199863884453396,10.923082531029888
13.706244230270386,-1.94662,1.67049,-1.48198,0.672702,0.539797,0.0535313,0.0869954,0.48096,0.503997,0.467705,0.452215,0.560789,-0.512121,-0.0548897,0.409104,0.226934,0.643395,0.254863,0.66058,-0.29107,1.0135196095496555,12.827313600544747,-42.151218992401525,25.1865755745891,-9.199863884453396,10.923082531029888
13.738360404968262,-1.94972,1.67588,-1.25008,0.629846,0.528561,0.104564,0.0869409,0.480985,0.503921,0.467307,0.452225,0.560688,-0.512588,-0.0504929,0.415472,0.226676,0.640921,0.268125,0.655857,-0.295262,0.48536445222261504,13.554563287062598,-40.73986210073552,26.28996886454987,-8.730893222975956,11.459739105040178
13.739307403564453,-1.94972,1.67588,-1.25008,0.629846,0.528561,0.104564,0.0869409,0.480985,0.503921,0.467307,0.452225,0.560688,-0.512588,-0.0504929,0.415472,0.226676,0.640921,0.268125,0.655857,-0.295262,0.48536445222261504,13.554563287062598,-40.73986210073552,26.28996886454987,-8.730893222975956,11.459739105040178
13.755232810974121,-2.04553,1.16028,-0.939086,0.527238,0.471762,-0.00217748,0.0871049,0.480884,0.503894,0.467034,0.451951,0.561121,-0.512604,-0.0459606,0.422218,0.227115,0.633217,0.280986,0.652411,-0.307317,0.2339439968503042,13.534621011358057,-38.498081599087065,27.51674300464495,-8.44533886821771,12.086709215623763
13.756178140640259,-2.04553,1.16028,-0.939086,0.527238,0.471762,-0.00217748,0.0871049,0.480884,0.503894,0.467034,0.451951,0.561121,-0.512604,-0.0459606,0.422218,0.227115,0.633217,0.280986,0.652411,-0.307317,0.2339439968503042,13.534621011358057,-38.498081599087065,27.51674300464495,-8.44533886821771,12.086709215623763
13.771976470947266,-2.66973,1.58188,-0.919882,0.570872,0.548725,0.0556246,0.0871581,0.480866,0.503904,0.466807,0.452408,0.560856,-0.512698,-0.0431663,0.425556,0.227284,0.634901,0.289591,0.649032,-0.302977,-0.36548374081091967,14.491001642459382,-38.264280759409964,27.917879351898314,-8.395406293108854,12.069269896124434
13.772915601730347,-2.66973,1.58188,-0.919882,0.570872,0.548725,0.0556246,0.0871581,0.480866,0.503904,0.466807,0.452408,0.560856,-0.512698,-0.0431663,0.425556,0.227284,0.634901,0.289591,0.649032,-0.302977,-0.36548374081091967,14.491001642459382,-38.264280759409964,27.917879351898314,-8.395406293108854,12.069269896124434
13.788692951202393,-2.22515,1.61739,-0.952724,0.581902,0.502764,0.0637749,0.0871618,0.480876,0.503916,0.466904,0.452489,0.560809,-0.512589,-0.0418535,0.427253,0.227717,0.632797,0.29217,0.647123,-0.308927,-0.15209778308108113,14.35591459827457,-37.48375057393588,28.72225367514581,-8.740098689906855,11.276839827228564
13.789629697799683,-2.22515,1.61739,-0.952724,0.581902,0.502764,0.0637749,0.0871618,0.480876,0.503916,0.466904,0.452489,0.560809,-0.512589,-0.0418535,0.427253,0.227717,0.632797,0.29217,0.647123,-0.308927,-0.15209778308108113,14.35591459827457,-37.48375057393588,28.72225367514581,-8.740098689906855,11.276839827228564
13.805372476577759,-2.2434,1.83871,-1.36653,0.613591,0.57928,0.116421,0.0871662,0.480899,0.503952,0.467118,0.452615,0.56083,-0.512259,-0.0380008,0.432383,0.228749,0.628202,0.30316,0.644755,-0.312646,-0.7370995286005393,14.641726177681154,-36.15817377692051,29.27815499356446,-8.389725262890257,11.770278672732006
13.806309938430786,-2.2434,1.83871,-1.36653,0.613591,0.57928,0.116421,0.0871662,0.480899,0.503952,0.467118,0.452615,0.56083,-0.512259,-0.0380008,0.432383,0.228749,0.628202,0.30316,0.644755,-0.312646,-0.7370995286005393,14.641726177681154,-36.15817377692051,29.27815499356446,-8.389725262890257,11.770278672732006
13.838369846343994,-1.83656,1.86037,-1.73053,0.62928,0.604309,0.156977,0.0872856,0.480843,0.503953,0.467124,0.453637,0.560613,-0.511588,-0.0345989,0.437654,0.23019,0.619692,0.315909,0.641808,-0.322902,-1.120677006634809,14.467802202004975,-34.09418721822091,29.447270307088697,-9.800289346671315,11.858695694211988
13.839308023452759,-1.83656,1.86037,-1.73053,0.62928,0.604309,0.156977,0.0872856,0.480843,0.503953,0.467124,0.453637,0.560613,-0.511588,-0.0345989,0.437654,0.23019,0.619692,0.315909,0.641808,-0.322902,-1.120677006634809,14.467802202004975,-34.09418721822091,29.447270307088697,-9.800289346671315,11.858695694211988
13.855207681655884,-2.02186,2.3957,-1.51236,0.708303,0.586004,0.252004,0.0872857,0.480852,0.503977,0.467215,0.453681,0.560685,-0.511386,-0.0315778,0.441811,0.231486,0.618778,0.323088,0.640101,-0.320933,-1.6612618201463367,15.007549402978402,-33.63510817135915,30.792728381122892,-8.902410882372996,11.695421217497703
13.85615348815918,-2.02186,2.3957,-1.51236,0.708303,0.586004,0.252004,0.0872857,0.480852,0.503977,0.467215,0.453681,0.560685,-0.511386,-0.0315778,0.441811,0.231486,0.618778,0.323088,0.640101,-0.320933,-1.6612618201463367,15.007549402978402,-33.63510817135915,30.792728381122892,-8.902410882372996,11.695421217497703
13.87136960029602,-1.8897,2.5876,-1.86062,0.745408,0.631139,0.251332,0.0873308,0.480819,0.504181,0.467218,0.454274,0.559707,-0.511928,-0.0295504,0.444737,0.23232,0.616829,0.325982,0.639556,-0.32284,-1.8694070331301698,14.952527103310675,-33.3082028997255,32.377262386314044,-7.314724745055962,12.001141400517897
13.872296571731567,-1.8897,2.5876,-1.86062,0.745408,0.631139,0.251332,0.0873308,0.480819,0.504181,0.467218,0.454274,0.559707,-0.511928,-0.0295504,0.444737,0.23232,0.616829,0.325982,0.639556,-0.32284,-1.8694070331301698,14.952527103310675,-33.3082028997255,32.377262386314044,-7.314724745055962,12.001141400517897
13.884365558624268,-1.8897,2.5876,-1.86062,0.745408,0.631139,0.251332,0.0873308,0.480819,0.504181,0.467218,0.454274,0.559707,-0.511928,-0.0295504,0.444737,0.23232,0.616829,0.325982,0.639556,-0.32284,-1.8694070331301698,14.952527103310675,-33.3082028997255,32.377262386314044,-7.314724745055962,12.001141400517897
13.904772520065308,-2.09072,2.53544,-1.9932,0.742538,0.666202,0.225542,0.0874012,0.480828,0.504411,0.468358,0.452956,0.559135,-0.512679,-0.0262986,0.449621,0.234331,0.610197,0.341745,0.637952,-0.322314,-3.393532114328567,15.66962640346044,-31.840485259845845,31.435687791140197,-8.304420214878245,14.780418102356471
13.90575885772705,-2.09072,2.53544,-1.9932,0.742538,0.666202,0.225542,0.0874012,0.480828,0.504411,0.468358,0.452956,0.559135,-0.512679,-0.0262986,0.449621,0.234331,0.610197,0.341745,0.637952,-0.322314,-3.393532114328567,15.66962640346044,-31.840485259845845,31.435687791140197,-8.304420214878245,14.780418102356471
13.938338994979858,-1.35101,2.28634,-1.96617,0.732336,0.625295,0.244038,0.0875672,0.48083,0.504196,0.467758,0.454592,0.559598,-0.511272,-0.0247643,0.452574,0.236137,0.605292,0.34568,0.639419,-0.324454,-3.623471534183224,15.270949055390233,-31.285098583173315,31.84722031705687,-7.88785967762094,14.009831040730537
13.93921446800232,-1.35101,2.28634,-1.96617,0.732336,0.625295,0.244038,0.0875672,0.48083,0.504196,0.467758,0.454592,0.559598,-0.511272,-0.0247643,0.452574,0.236137,0.605292,0.34568,0.639419,-0.324454,-3.623471534183224,15.270949055390233,-31.285098583173315,31.84722031705687,-7.88785967762094,14.009831040730537
13.95517086982727,-2.08134,2.63896,-2.11748,0.772882,0.760062,0.288561,0.0877224,0.480704,0.504148,0.467121,0.453431,0.561129,-0.511207,-0.0234772,0.455318,0.237962,0.599806,0.352282,0.638213,-0.32987,-3.8117307918575496,15.374839334078711,-30.049025431751122,32.286659765975465,-9.333935759391744,13.27378182396647
13.956138372421265,-2.08134,2.63896,-2.11748,0.772882,0.760062,0.288561,0.0877224,0.480704,0.504148,0.467121,0.453431,0.561129,-0.511207,-0.0234772,0.455318,0.237962,0.599806,0.352282,0.638213,-0.32987,-3.8117307918575496,15.374839334078711,-30.049025431751122,32.286659765975465,-9.333935759391744,13.27378182396647
13.971911907196045,-2.78991,2.53702,-1.70155,0.740002,0.741763,0.218374,0.0878173,0.480683,0.504239,0.467342,0.453126,0.560257,-0.51223,-0.0234372,0.456684,0.239807,0.597266,0.354877,0.640505,-0.327245,-4.554254006142129,15.376105540063522,-30.102269300628137,32.291061679755686,-8.640577913603206,14.312563495645229
13.972834825515747,-2.78991,2.53702,-1.70155,0.740002,0.741763,0.218374,0.0878173,0.480683,0.504239,0.467342,0.453126,0.560257,-0.51223,-0.0234372,0.456684,0.239807,0.597266,0.354877,0.640505,-0.327245,-4.554254006142129,15.376105540063522,-30.102269300628137,32.291061679755686,-8.640577913603206,14.312563495645229
13.988694429397583,-2.84083,1.95713,-1.68982,0.679807,0.713288,0.0884073,0.0878418,0.480708,0.504305,0.467843,0.452854,0.560586,-0.511654,-0.0237151,0.457324,0.240897,0.596593,0.355257,0.642433,-0.324268,-4.903493209733423,15.345308783288953,-30.23491714356103,32.39174718522621,-8.508128698461583,14.545304095749035
13.989617109298706,-2.84083,1.95713,-1.68982,0.679807,0.713288,0.0884073,0.0878418,0.480708,0.504305,0.467843,0.452854,0.560586,-0.511654,-0.0237151,0.457324,0.240897,0.596593,0.355257,0.642433,-0.324268,-4.903493209733423,15.345308783288953,-30.23491714356103,32.39174718522621,-8.508128698461583,14.545304095749035
14.004739761352539,-2.65892,2.35046,-1.74729,0.756437,0.650471,0.128268,0.0878392,0.480763,0.504556,0.468537,0.453302,0.560108,-0.511145,-0.0250489,0.458892,0.24415,0.592724,0.358632,0.645659,-0.321225,-5.730402990403713,15.127011303164256,-30.149173882547267,32.233108117455636,-9.823669116498312,14.67914416710664
14.005684614181519,-2.65892,2.35046,-1.74729,0.756437,0.650471,0.128268,0.0878392,0.480763,0.504556,0.468537,0.453302,0.560108,-0.511145,-0.0250489,0.458892,0.24415,0.592724,0.358632,0.645659,-0.321225,-5.730402990403713,15.127011303164256,-30.149173882547267,32.233108117455636,-9.823669116498312,14.67914416710664
14.038815259933472,-2.64209,2.18911,-1.67982,0.798558,0.548352,0.0137798,0.0878746,0.480799,0.50466,0.468138,0.45344,0.560371,-0.5111,-0.0279558,0.459729,0.248497,0.588876,0.359274,0.653051,-0.312525,-6.888700722345636,14.829157623348735,-30.862442361155683,31.5073598850131,-9.873897659678967,14.963041013220103
14.039748430252075,-2.64209,2.18911,-1.67982,0.798558,0.548352,0.0137798,0.0878746,0.480799,0.50466,0.468138,0.45344,0.560371,-0.5111,-0.0279558,0.459729,0.248497,0.588876,0.359274,0.653051,-0.312525,-6.888700722345636,14.829157623348735,-30.862442361155683,31.5073598850131,-9.873897659678967,14.963041013220103
14.055160999298096,-2.36056,2.35484,-1.50242,0.897964,0.44054,-0.0200871,0.0879562,0.480763,0.504704,0.468472,0.454384,0.559679,-0.510714,-0.0302402,0.459168,0.250782,0.586563,0.359248,0.657845,-0.306797,-7.644432544121588,14.457995246269233,-31.409572453595498,30.262555959558995,-10.473573379787403,15.505653055166583
14.0561044216156,-2.36056,2.35484,-1.50242,0.897964,0.44054,-0.0200871,0.0879562,0.480763,0.504704,0.468472,0.454384,0.559679,-0.510714,-0.0302402,0.459168,0.250782,0.586563,0.359248,0.657845,-0.306797,-7.644432544121588,14.457995246269233,-31.409572453595498,30.262555959558995,-10.473573379787403,15.505653055166583
14.071930408477783,-2.6618,2.57139,-1.83414,0.995027,0.493116,-0.0386263,0.0880124,0.480776,0.50479,0.469195,0.45382,0.559514,-0.510733,-0.0324872,0.458446,0.252892,0.585805,0.353294,0.664233,-0.301348,-8.068307984275924,13.843259917482158,-32.37336104261526,30.824581092127826,-8.854550791295917,15.945755292451171
14.072868347167969,-2.6618,2.57139,-1.83414,0.995027,0.493116,-0.0386263,0.0880124,0.480776,0.50479,0.469195,0.45382,0.559514,-0.510733,-0.0324872,0.458446,0.252892,0.585805,0.353294,0.664233,-0.301348,-8.068307984275924,13.843259917482158,-32.37336104261526,30.824581092127826,-8.854550791295917,15.945755292451171
14.088693141937256,-2.36825,2.72752,-2.14075,1.07159,0.483415,-0.014002,0.0880126,0.480811,0.504916,0.468411,0.452551,0.560503,-0.511493,-0.0335448,0.458079,0.253836,0.586147,0.354007,0.664558,-0.29912,-8.239943880289138,14.191891823647211,-32.47796395258372,30.409865150105084,-9.6321802865277,15.536876492209208
14.089625120162964,-2.36825,2.72752,-2.14075,1.07159,0.483415,-0.014002,0.0880126,0.480811,0.504916,0.468411,0.452551,0.560503,-0.511493,-0.0335448,0.458079,0.253836,0.586147,0.354007,0.664558,-0.29912,-8.239943880289138,14.191891823647211,-32.47796395258372,30.409865150105084,-9.6321802865277,15.536876492209208
14.105341911315918,-1.76596,3.25097,-2.41346,1.21688,0.458983,0.0199792,0.0879731,0.480897,0.505183,0.467279,0.455322,0.560075,-0.510536,-0.036553,0.456905,0.25622,0.584267,0.351939,0.669856,-0.293368,-8.625945542495408,13.570237576448115,-33.369921846723614,28.900896771363932,-10.051978951666426,14.942078332414098
14.106284856796265,-1.76596,3.25097,-2.41346,1.21688,0.458983,0.0199792,0.0879731,0.480897,0.505183,0.467279,0.455322,0.560075,-0.510536,-0.036553,0.456905,0.25622,0.584267,0.351939,0.669856,-0.293368,-8.625945542495408,13.570237576448115,-33.369921846723614,28.900896771363932,-10.051978951666426,14.942078332414098
14.138646125793457,-3.77287,3.443,-3.31654,1.31519,0.886336,-0.0135836,0.0878303,0.480979,0.50528,0.468001,0.454831,0.560197,-0.510179,-0.0398017,0.454951,0.257809,0.586983,0.346944,0.674317,-0.28351,-9.071458917830883,13.487932660767173,-34.621589653593006,28.71675288066272,-10.118995629092497,14.835133093449546
14.139596462249756,-3.77287,3.443,-3.31654,1.31519,0.886336,-0.0135836,0.0878303,0.480979,0.50528,0.468001,0.454831,0.560197,-0.510179,-0.0398017,0.454951,0.257809,0.586983,0.346944,0.674317,-0.28351,-9.071458917830883,13.487932660767173,-34.621589653593006,28.71675288066272,-10.118995629092497,14.835133093449546
14.15576720237732,0.655935,3.76036,-3.01049,1.39563,0.353773,0.16164,0.0880429,0.480846,0.50529,0.467064,0.455827,0.559679,-0.510718,-0.0444994,0.452318,0.258423,0.593344,0.337461,0.679326,-0.269404,-9.253943263976321,13.418981252473968,-36.94523394059034,29.822921300102756,-9.199444310169165,14.587324399414271
14.156712055206299,0.655935,3.76036,-3.01049,1.39563,0.353773,0.16164,0.0880429,0.480846,0.50529,0.467064,0.455827,0.559679,-0.510718,-0.0444994,0.452318,0.258423,0.593344,0.337461,0.679326,-0.269404,-9.253943263976321,13.418981252473968,-36.94523394059034,29.822921300102756,-9.199444310169165,14.587324399414271
14.171999454498291,-4.40089,3.22657,-1.34769,1.32694,0.574917,-0.162263,0.0882258,0.480784,0.505447,0.46759,0.454231,0.559926,-0.511387,-0.0522257,0.44802,0.258866,0.601411,0.325422,0.687758,-0.243709,-10.300489149124834,13.628181719648138,-40.231089157111754,30.374184905991953,-8.70817145117767,17.139079474999804
14.17293667793274,-4.40089,3.22657,-1.34769,1.32694,0.574917,-0.162263,0.0882258,0.480784,0.505447,0.46759,0.454231,0.559926,-0.511387,-0.0522257,0.44802,0.258866,0.601411,0.325422,0.687758,-0.243709,-10.300489149124834,13.628181719648138,-40.231089157111754,30.374184905991953,-8.70817145117767,17.139079474999804
14.188636541366577,-1.53693,3.81293,-1.78595,1.41955,0.342162,-0.00752292,0.0877641,0.481022,0.505308,0.46721,0.454958,0.560899,-0.510021,-0.0539838,0.447231,0.259345,0.604327,0.321205,0.689043,-0.238402,-10.09278120362878,13.591483625652584,-41.02046602390931,31.156418305380242,-8.819966129254006,15.48769615266454
14.189576148986816,-1.53693,3.81293,-1.78595,1.41955,0.342162,-0.00752292,0.0877641,0.481022,0.505308,0.46721,0.454958,0.560899,-0.510021,-0.0539838,0.447231,0.259345,0.604327,0.321205,0.689043,-0.238402,-10.09278120362878,13.591483625652584,-41.02046602390931,31.156418305380242,-8.819966129254006,15.48769615266454
14.205720901489258,-2.47831,3.39339,-2.13966,1.40924,0.45388,-0.10986,0.0876326,0.48097,0.505357,0.467118,0.453672,0.560264,-0.511944,-0.0546026,0.44718,0.259748,0.602395,0.321502,0.689813,-0.240655,-10.282964802528666,13.524956739879336,-40.87037611049441,31.018829238502704,-8.506943381272247,16.503865641511275
14.206654787063599,-2.47831,3.39339,-2.13966,1.40924,0.45388,-0.10986,0.0876326,0.48097,0.505357,0.467118,0.453672,0.560264,-0.511944,-0.0546026,0.44718,0.259748,0.602395,0.321502,0.689813,-0.240655,-10.282964802528666,13.524956739879336,-40.87037611049441,31.018829238502704,-8.506943381272247,16.503865641511275
14.238725423812866,-3.36304,4.09388,-0.921321,1.4553,0.263785,-0.0535698,0.0875979,0.481009,0.505048,0.466288,0.454319,0.561347,-0.51094,-0.0575483,0.445645,0.261798,0.601264,0.317823,0.694269,-0.235502,-10.417407238933409,13.080026068165166,-41.62457200605432,30.610850716611886,-9.258465715660764,15.116832202136154
14.239662885665894,-3.36304,4.09388,-0.921321,1.4553,0.263785,-0.0535698,0.0875979,0.481009,0.505048,0.466288,0.454319,0.561347,-0.51094,-0.0575483,0.445645,0.261798,0.601264,0.317823,0.694269,-0.235502,-10.417407238933409,13.080026068165166,-41.62457200605432,30.610850716611886,-9.258465715660764,15.116832202136154
14.255667924880981,-1.88412,3.29833,-1.8601,1.40859,0.293917,-0.224619,0.0875488,0.481043,0.505157,0.466863,0.454584,0.560354,-0.511268,-0.0583214,0.445068,0.262364,0.601207,0.316159,0.695723,-0.233587,-10.606604956428962,12.854235781325396,-41.994606062151185,30.660130076467745,-8.907410156948911,15.546508765460036
14.256604433059692,-1.88412,3.29833,-1.8601,1.40859,0.293917,-0.224619,0.0875488,0.481043,0.505157,0.466863,0.454584,0.560354,-0.511268,-0.0583214,0.445068,0.262364,0.601207,0.316159,0.695723,-0.233587,-10.606604956428962,12.854235781325396,-41.994606062151185,30.660130076467745,-8.907410156948911,15.546508765460036
14.271480560302734,-1.93352,3.12951,-1.48284,1.40172,0.235647,-0.302124,0.0873714,0.481033,0.505373,0.467126,0.453311,0.562319,-0.509999,-0.0592649,0.444422,0.262872,0.600524,0.315743,0.696763,-0.232804,-10.58758518386258,12.878712615238598,-41.82934956903598,30.11092251517689,-10.002561445202257,15.266119812566538
14.272418022155762,-1.93352,3.12951,-1.48284,1.40172,0.235647,-0.302124,0.0873714,0.481033,0.505373,0.467126,0.453311,0.562319,-0.509999,-0.0592649,0.444422,0.262872,0.600524,0.315743,0.696763,-0.232804,-10.58758518386258,12.878712615238598,-41.82934956903598,30.11092251517689,-10.002561445202257,15.266119812566538
14.288056135177612,-2.00454,3.19143,-1.22673,1.44956,0.199281,-0.310535,0.0874832,0.481069,0.505375,0.465975,0.45471,0.560799,-0.511479,-0.0597018,0.444272,0.263041,0.601148,0.315429,0.696996,-0.230914,-10.713372043807952,12.856481772665859,-42.34566240100607,30.050740099901585,-9.230985610404296,15.362586897201941
14.288997888565063,-2.00454,3.19143,-1.22673,1.44956,0.199281,-0.310535,0.0874832,0.481069,0.505375,0.465975,0.45471,0.560799,-0.511479,-0.0597018,0.444272,0.263041,0.601148,0.315429,0.696996,-0.230914,-10.713372043807952,12.856481772665859,-42.34566240100607,30.050740099901585,-9.230985610404296,15.362586897201941
14.304807662963867,-1.54309,3.56996,-1.68177,1.57353,0.217006,-0.298274,0.0871933,0.481143,0.505118,0.467901,0.454106,0.560424,-0.510668,-0.0611077,0.443221,0.263699,0.601751,0.313935,0.698297,-0.227425,-11.013794106853254,12.737898858468794,-42.60411956548278,29.98560253281593,-10.266841547900507,15.39568415300959
14.305752754211426,-1.54309,3.56996,-1.68177,1.57353,0.217006,-0.298274,0.0871933,0.481143,0.505118,0.467901,0.454106,0.560424,-0.510668,-0.0611077,0.443221,0.263699,0.601751,0.313935,0.698297,-0.227425,-11.013794106853254,12.737898858468794,-42.60411956548278,29.98560253281593,-10.266841547900507,15.39568415300959
14.33835768699646,-2.12867,3.7407,-0.778287,1.67469,0.10113,-0.41627,0.0867173,0.481239,0.504774,0.46812,0.453163,0.56156,-0.510055,-0.0627919,0.442102,0.26438,0.600697,0.310843,0.703066,-0.219632,-11.53371237852711,12.48433142932813,-43.39828873406007,29.330985293715937,-8.852210992573866,16.443714716559583
14.339314460754395,-2.12867,3.7407,-0.778287,1.67469,0.10113,-0.41627,0.0867173,0.481239,0.504774,0.46812,0.453163,0.56156,-0.510055,-0.0627919,0.442102,0.26438,0.600697,0.310843,0.703066,-0.219632,-11.53371237852711,12.48433142932813,-43.39828873406007,29.330985293715937,-8.852210992573866,16.443714716559583
14.354658126831055,-2.16181,3.92405,-0.3875,1.74681,-0.00531315,-0.445838,0.0864221,0.481377,0.504754,0.467432,0.454764,0.561203,-0.509655,-0.0643102,0.441212,0.265141,0.600544,0.310888,0.704147,-0.216501,-11.68688410861023,12.345256124211819,-43.79636184805383,28.29167461415833,-9.603525082464158,15.77155495814333
14.355608940124512,-2.16181,3.92405,-0.3875,1.74681,-0.00531315,-0.445838,0.0864221,0.481377,0.504754,0.467432,0.454764,0.561203,-0.509655,-0.0643102,0.441212,0.265141,0.600544,0.310888,0.704147,-0.216501,-11.68688410861023,12.345256124211819,-43.79636184805383,28.29167461415833,-9.603525082464158,15.77155495814333
14.371418952941895,-1.32897,3.67154,-0.0155107,1.7748,-0.162263,-0.560082,0.086319,0.481359,0.504775,0.468606,0.453519,0.560889,-0.510032,-0.0652903,0.440554,0.26574,0.599527,0.304935,0.708153,-0.214712,-11.771354694928466,11.767325270950376,-44.388815701542825,29.590785694957837,-7.606050611595928,17.01777269668224
14.372344493865967,-1.32897,3.67154,-0.0155107,1.7748,-0.162263,-0.560082,0.086319,0.481359,0.504775,0.468606,0.453519,0.560889,-0.510032,-0.0652903,0.440554,0.26574,0.599527,0.304935,0.708153,-0.214712,-11.771354694928466,11.767325270950376,-44.388815701542825,29.590785694957837,-7.606050611595928,17.01777269668224
14.3881254196167,-1.15209,3.7867,-0.547806,1.85899,-0.102082,-0.559531,0.0861941,0.481358,0.504788,0.467577,0.454133,0.561925,-0.509289,-0.0659492,0.439972,0.266007,0.600233,0.304462,0.707344,-0.216073,-11.373319330375958,11.819732076717425,-44.30828519567042,29.420624426483677,-8.828705555373022,15.196577871705312
14.389057397842407,-1.15209,3.7867,-0.547806,1.85899,-0.102082,-0.559531,0.0861941,0.481358,0.504788,0.467577,0.454133,0.561925,-0.509289,-0.0659492,0.439972,0.266007,0.600233,0.304462,0.707344,-0.216073,-11.373319330375958,11.819732076717425,-44.30828519567042,29.420624426483677,-8.828705555373022,15.196577871705312
14.404963731765747,-2.70049,3.51846,-0.116696,1.90481,-0.0147424,-0.705846,0.0858219,0.481432,0.504611,0.469368,0.451693,0.560813,-0.511034,-0.0675837,0.438558,0.266716,0.601448,0.305755,0.709427,-0.203685,-12.752213576068216,12.302024977261052,-45.18761185311188,28.002779586445786,-8.395954400631627,17.81680309428385
14.405914068222046,-2.70049,3.51846,-0.116696,1.90481,-0.0147424,-0.705846,0.0858219,0.481432,0.504611,0.469368,0.451693,0.560813,-0.511034,-0.0675837,0.438558,0.266716,0.601448,0.305755,0.709427,-0.203685,-12.752213576068216,12.302024977261052,-45.18761185311188,28.002779586445786,-8.395954400631627,17.81680309428385
14.438309907913208,-2.38518,3.53883,-0.747026,1.95335,0.0971829,-0.78483,0.0855661,0.481539,0.504535,0.468969,0.451639,0.561358,-0.51085,-0.0687827,0.437715,0.267432,0.60094,0.300942,0.711937,-0.203592,-12.462250703239176,11.866870851868434,-45.615508885542724,28.758984212616042,-7.592829255852409,17.078282442700697
14.439237594604492,-2.38518,3.53883,-0.747026,1.95335,0.0971829,-0.78483,0.0855661,0.481539,0.504535,0.468969,0.451639,0.561358,-0.51085,-0.0687827,0.437715,0.267432,0.60094,0.300942,0.711937,-0.203592,-12.462250703239176,11.866870851868434,-45.615508885542724,28.758984212616042,-7.592829255852409,17.078282442700697
14.455179214477539,-2.28224,3.61953,0.13038,1.90359,-0.109392,-0.775897,0.085961,0.481462,0.504944,0.468295,0.454296,0.562116,-0.508273,-0.0690665,0.438117,0.268186,0.599856,0.302927,0.713078,-0.199817,-12.609347875909792,11.659420923500882,-45.75882266530202,27.937332295916555,-8.651663857195402,16.648568197428432
14.456146955490112,-2.28224,3.61953,0.13038,1.90359,-0.109392,-0.775897,0.085961,0.481462,0.504944,0.468295,0.454296,0.562116,-0.508273,-0.0690665,0.438117,0.268186,0.599856,0.302927,0.713078,-0.199817,-12.609347875909792,11.659420923500882,-45.75882266530202,27.937332295916555,-8.651663857195402,16.648568197428432
14.478670835494995,-2.64731,3.38086,-0.945165,1.90111,0.166399,-0.888809,0.0860557,0.481436,0.50498,0.468342,0.454347,0.561968,-0.508347,-0.0692469,0.437979,0.268563,0.600465,0.302442,0.712814,-0.199665,-12.56044513857504,11.684055607856868,-45.82827262437143,28.298181711712907,-8.982205842547113,16.125259885308502
14.480481624603271,-2.64731,3.38086,-0.945165,1.90111,0.166399,-0.888809,0.0860557,0.481436,0.50498,0.468342,0.454347,0.561968,-0.508347,-0.0692469,0.437979,0.268563,0.600465,0.302442,0.712814,-0.199665,-12.56044513857504,11.684055607856868,-45.82827262437143,28.298181711712907,-8.982205842547113,16.125259885308502
14.497822523117065,-2.34148,2.50525,-1.1285,1.81698,0.182208,-1.09791,0.0861181,0.481422,0.505093,0.469084,0.453375,0.561274,-0.509296,-0.0695907,0.43762,0.26905,0.600084,0.301553,0.714144,-0.197393,-12.913302588426681,11.626767678843564,-46.10263848492753,28.35165568469858,-8.28524813294456,17.236091625455245
14.498859643936157,-2.34148,2.50525,-1.1285,1.81698,0.182208,-1.09791,0.0861181,0.481422,0.505093,0.469084,0.453375,0.561274,-0.509296,-0.0695907,0.43762,0.26905,0.600084,0.301553,0.714144,-0.197393,-12.913302588426681,11.626767678843564,-46.10263848492753,28.35165568469858,-8.28524813294456,17.236091625455245
14.512675046920776,-2.21984,2.52974,-0.539391,1.80987,0.0630522,-1.10121,0.0862499,0.481489,0.505293,0.468844,0.451565,0.562404,-0.509878,-0.0699743,0.437327,0.269017,0.601563,0.302664,0.712364,-0.197621,-12.867814311381558,12.15335489198934,-45.86433454707148,28.169373823269833,-9.692384670209677,16.76676926574175
14.513609170913696,-2.21984,2.52974,-0.539391,1.80987,0.0630522,-1.10121,0.0862499,0.481489,0.505293,0.468844,0.451565,0.562404,-0.509878,-0.0699743,0.437327,0.269017,0.601563,0.302664,0.712364,-0.197621,-12.867814311381558,12.15335489198934,-45.86433454707148,28.169373823269833,-9.692384670209677,16.76676926574175
14.524450302124023,-2.21984,2.52974,-0.539391,1.80987,0.0630522,-1.10121,0.0862499,0.481489,0.505293,0.468844,0.451565,0.562404,-0.509878,-0.0699743,0.437327,0.269017,0.601563,0.302664,0.712364,-0.197621,-12.867814311381558,12.15335489198934,-45.86433454707148,28.169373823269833,-9.692384670209677,16.76676926574175
14.542022705078125,-2.0066,2.30119,-1.09821,1.84386,0.176216,-1.09679,0.0860859,0.481416,0.505102,0.469397,0.451355,0.562393,-0.509569,-0.0703755,0.436936,0.269106,0.600876,0.301353,0.713884,-0.196225,-12.99237876456216,11.945410079348964,-46.041687246443516,28.18008094637576,-9.224898145955041,17.256970338365722
14.542967796325684,-2.0066,2.30119,-1.09821,1.84386,0.176216,-1.09679,0.0860859,0.481416,0.505102,0.469397,0.451355,0.562393,-0.509569,-0.0703755,0.436936,0.269106,0.600876,0.301353,0.713884,-0.196225,-12.99237876456216,11.945410079348964,-46.041687246443516,28.18008094637576,-9.224898145955041,17.256970338365722
14.571889162063599,-1.602,2.43193,-0.462235,1.77723,0.0324728,-0.978745,0.086138,0.48143,0.504934,0.46867,0.452899,0.562223,-0.509054,-0.0703756,0.436879,0.268926,0.600267,0.301181,0.713563,-0.199492,-12.630063289483402,11.703816050527651,-45.884658489179365,28.019235413069403,-9.70982538685756,16.268488161191136
14.572821378707886,-1.602,2.43193,-0.462235,1.77723,0.0324728,-0.978745,0.086138,0.48143,0.504934,0.46867,0.452899,0.562223,-0.509054,-0.0703756,0.436879,0.268926,0.600267,0.301181,0.713563,-0.199492,-12.630063289483402,11.703816050527651,-45.884658489179365,28.019235413069403,-9.70982538685756,16.268488161191136
14.588432550430298,-2.71796,2.01083,-0.262031,1.70621,0.124962,-1.03027,0.0861459,0.481377,0.504903,0.468115,0.452892,0.562285,-0.509502,-0.0702549,0.436977,0.268822,0.599464,0.300594,0.713851,-0.201752,-12.46071402242884,11.584008434407012,-45.79917947642323,28.159060697855857,-9.227851158173515,16.255092417478142
14.589366436004639,-2.71796,2.01083,-0.262031,1.70621,0.124962,-1.03027,0.0861459,0.481377,0.504903,0.468115,0.452892,0.562285,-0.509502,-0.0702549,0.436977,0.268822,0.599464,0.300594,0.713851,-0.201752,-12.46071402242884,11.584008434407012,-45.79917947642323,28.159060697855857,-9.227851158173515,16.255092417478142
14.605311632156372,-2.09122,2.1207,-0.597475,1.70049,0.130773,-0.850053,0.0861112,0.48139,0.504704,0.467878,0.454247,0.561225,-0.509682,-0.0698133,0.437253,0.268538,0.599186,0.300174,0.714004,-0.202657,-12.38330519081416,11.354315254458404,-45.919204298090094,28.350701347468203,-8.372955914904093,16.259363152922283
14.60624885559082,-2.09122,2.1207,-0.597475,1.70049,0.130773,-0.850053,0.0861112,0.48139,0.504704,0.467878,0.454247,0.561225,-0.509682,-0.0698133,0.437253,0.268538,0.599186,0.300174,0.714004,-0.202657,-12.38330519081416,11.354315254458404,-45.919204298090094,28.350701347468203,-8.372955914904093,16.259363152922283
14.638296365737915,-2.32647,2.11006,-0.906393,1.61999,0.170081,-0.573092,0.0859967,0.481368,0.504617,0.468571,0.452825,0.560912,-0.510654,-0.0693063,0.437856,0.268329,0.599574,0.302452,0.711509,-0.206853,-12.327741721601086,11.690598155280234,-45.2999332585833,28.659734182132798,-9.386406519018104,16.12101150635502
14.639230966567993,-2.32647,2.11006,-0.906393,1.61999,0.170081,-0.573092,0.0859967,0.481368,0.504617,0.468571,0.452825,0.560912,-0.510654,-0.0693063,0.437856,0.268329,0.599574,0.302452,0.711509,-0.206853,-12.327741721601086,11.690598155280234,-45.2999332585833,28.659734182132798,-9.386406519018104,16.12101150635502
14.654884099960327,-1.8895,2.23298,-1.12725,1.53451,0.150861,-0.398728,0.0859718,0.481382,0.504598,0.4687,0.452728,0.560849,-0.510692,-0.0685511,0.43905,0.268127,0.598821,0.30404,0.712119,-0.204596,-12.677612659693395,11.746139162847657,-45.34576983745738,28.77707109745731,-8.206126038386909,17.402538773698527
14.655842542648315,-1.8895,2.23298,-1.12725,1.53451,0.150861,-0.398728,0.0859718,0.481382,0.504598,0.4687,0.452728,0.560849,-0.510692,-0.0685511,0.43905,0.268127,0.598821,0.30404,0.712119,-0.204596,-12.677612659693395,11.746139162847657,-45.34576983745738,28.77707109745731,-8.206126038386909,17.402538773698527
14.671868324279785,-1.9599,1.80327,-1.05019,1.38645,0.146825,-0.334969,0.0861087,0.481345,0.504572,0.468521,0.453118,0.560835,-0.510525,-0.0680222,0.439803,0.268292,0.596605,0.306485,0.711395,-0.209873,-12.525713505691266,11.618105338792516,-44.68828227080789,28.411989077023428,-9.105324673296202,17.107929726752072
14.672805786132812,-1.9599,1.80327,-1.05019,1.38645,0.146825,-0.334969,0.0861087,0.481345,0.504572,0.468521,0.453118,0.560835,-0.510525,-0.0680222,0.439803,0.268292,0.596605,0.306485,0.711395,-0.209873,-12.525713505691266,11.618105338792516,-44.68828227080789,28.411989077023428,-9.105324673296202,17.107929726752072
14.688754320144653,-2.03447,1.91922,-1.23373,1.34635,0.200736,-0.238409,0.0861915,0.481274,0.504535,0.468225,0.453037,0.56061,-0.511116,-0.0677658,0.440287,0.268333,0.595125,0.305729,0.712019,-0.213036,-12.375972682197373,11.381856175246979,-44.54333124928311,28.937294371709278,-8.397525229858335,17.373909951745453
14.689689636230469,-2.03447,1.91922,-1.23373,1.34635,0.200736,-0.238409,0.0861915,0.481274,0.504535,0.468225,0.453037,0.56061,-0.511116,-0.0677658,0.440287,0.268333,0.595125,0.305729,0.712019,-0.213036,-12.375972682197373,11.381856175246979,-44.54333124928311,28.937294371709278,-8.397525229858335,17.373909951745453
14.705313920974731,-2.05903,1.52539,-1.66019,1.18861,0.316861,-0.170194,0.0866923,0.481183,0.504531,0.468192,0.452581,0.561564,-0.510503,-0.0663476,0.442231,0.268582,0.594028,0.311743,0.70989,-0.214483,-12.60263459355397,11.826972927657895,-43.75497923842616,28.718414619354615,-9.87681453514929,17.293521937517966
14.706271648406982,-2.05903,1.52539,-1.66019,1.18861,0.316861,-0.170194,0.0866923,0.481183,0.504531,0.468192,0.452581,0.561564,-0.510503,-0.0663476,0.442231,0.268582,0.594028,0.311743,0.70989,-0.214483,-12.60263459355397,11.826972927657895,-43.75497923842616,28.718414619354615,-9.87681453514929,17.293521937517966
14.738719463348389,-1.58726,1.41109,-1.99348,1.05796,0.382464,-0.134977,0.0870463,0.481002,0.504624,0.467804,0.452329,0.561847,-0.51077,-0.0649167,0.444175,0.269112,0.592516,0.313683,0.707553,-0.223375,-12.088674887035625,11.8238575924148,-42.80900979844351,30.271170933013735,-10.676080096350038,15.978787683280057
14.73966097831726,-1.58726,1.41109,-1.99348,1.05796,0.382464,-0.134977,0.0870463,0.481002,0.504624,0.467804,0.452329,0.561847,-0.51077,-0.0649167,0.444175,0.269112,0.592516,0.313683,0.707553,-0.223375,-12.088674887035625,11.8238575924148,-42.80900979844351,30.271170933013735,-10.676080096350038,15.978787683280057
14.755225419998169,-2.36153,1.40191,-1.24856,0.959625,0.373027,-0.136291,0.0871937,0.481001,0.504709,0.467873,0.453223,0.561707,-0.510068,-0.0636112,0.446258,0.269784,0.58954,0.319102,0.707819,-0.22273,-12.607928580006236,11.827526108992569,-42.380725230633416,29.649065144128937,-10.579962945028814,16.97086487475303
14.756167888641357,-2.36153,1.40191,-1.24856,0.959625,0.373027,-0.136291,0.0871937,0.481001,0.504709,0.467873,0.453223,0.561707,-0.510068,-0.0636112,0.446258,0.269784,0.58954,0.319102,0.707819,-0.22273,-12.607928580006236,11.827526108992569,-42.380725230633416,29.649065144128937,-10.579962945028814,16.97086487475303
14.771986961364746,-2.46771,1.39484,-1.55015,0.928284,0.484516,-0.096162,0.0871702,0.481019,0.504704,0.467854,0.452725,0.56202,-0.510183,-0.0627552,0.447657,0.270587,0.588413,0.318886,0.707824,-0.225982,-12.432687836845515,11.716354110343778,-42.077816463315756,31.049064503242242,-9.925716293060074,16.35987748161741
14.772924423217773,-2.46771,1.39484,-1.55015,0.928284,0.484516,-0.096162,0.0871702,0.481019,0.504704,0.467854,0.452725,0.56202,-0.510183,-0.0627552,0.447657,0.270587,0.588413,0.318886,0.707824,-0.225982,-12.432687836845515,11.716354110343778,-42.077816463315756,31.049064503242242,-9.925716293060074,16.35987748161741
14.789151668548584,-2.33756,1.45039,-1.87591,0.920587,0.549687,-0.0647468,0.087185,0.481018,0.5047,0.467835,0.45274,0.562061,-0.510141,-0.0623871,0.448531,0.271005,0.58827,0.320776,0.706341,-0.228306,-12.34664471693338,11.85494148103449,-41.69709174541679,31.523808928192416,-10.822042179355373,15.594487447650959
14.790085792541504,-2.33756,1.45039,-1.87591,0.920587,0.549687,-0.0647468,0.087185,0.481018,0.5047,0.467835,0.45274,0.562061,-0.510141,-0.0623871,0.448531,0.271005,0.58827,0.320776,0.706341,-0.228306,-12.34664471693338,11.85494148103449,-41.69709174541679,31.523808928192416,-10.822042179355373,15.594487447650959
14.805232524871826,-2.59325,1.34606,-2.01672,0.856391,0.622876,-0.0403513,0.0874225,0.480942,0.504718,0.466856,0.45295,0.561778,-0.511163,-0.0612485,0.451362,0.273241,0.583363,0.328267,0.706676,-0.229212,-13.063134270509382,11.974891676665084,-41.074181554780324,31.140560504258325,-10.92185782690547,16.13158051430671
14.806177616119385,-2.59325,1.34606,-2.01672,0.856391,0.622876,-0.0403513,0.0874225,0.480942,0.504718,0.466856,0.45295,0.561778,-0.511163,-0.0612485,0.451362,0.273241,0.583363,0.328267,0.706676,-0.229212,-13.063134270509382,11.974891676665084,-41.074181554780324,31.140560504258325,-10.92185782690547,16.13158051430671
14.838277339935303,-1.94497,1.00396,-1.95082,0.730879,0.601478,-0.0270364,0.0877343,0.480753,0.504741,0.467609,0.45333,0.561232,-0.510737,-0.0605297,0.454089,0.276466,0.576907,0.334957,0.708723,-0.22955,-13.960001350388861,11.697637786727329,-40.39904392731793,31.044076708675828,-11.718740041297409,16.905971169595205
14.839225053787231,-1.94497,1.00396,-1.95082,0.730879,0.601478,-0.0270364,0.0877343,0.480753,0.504741,0.467609,0.45333,0.561232,-0.510737,-0.0605297,0.454089,0.276466,0.576907,0.334957,0.708723,-0.22955,-13.960001350388861,11.697637786727329,-40.39904392731793,31.044076708675828,-11.718740041297409,16.905971169595205
14.85506010055542,-0.230058,1.21541,-2.54616,0.762328,0.572521,0.0525091,0.0879015,0.480677,0.504755,0.468124,0.453295,0.560789,-0.510783,-0.0592296,0.457391,0.279572,0.572247,0.340952,0.709398,-0.230305,-14.656495192844126,11.65269766425145,-39.76101199610351,32.05886995281209,-11.95482281908069,17.008536449778813
14.856004238128662,-0.230058,1.21541,-2.54616,0.762328,0.572521,0.0525091,0.0879015,0.480677,0.504755,0.468124,0.453295,0.560789,-0.510783,-0.0592296,0.457391,0.279572,0.572247,0.340952,0.709398,-0.230305,-14.656495192844126,11.65269766425145,-39.76101199610351,32.05886995281209,-11.95482281908069,17.008536449778813
14.871575355529785,-1.13939,0.703539,-2.94762,0.670299,0.784378,-0.064624,0.0879949,0.480683,0.504763,0.468729,0.453676,0.559535,-0.511265,-0.0587993,0.459374,0.282005,0.56777,0.345286,0.711339,-0.228937,-15.48503551612795,11.424669679001052,-39.55501420853882,32.03097149962281,-11.701301636362228,18.159003838197428
14.872552633285522,-1.13939,0.703539,-2.94762,0.670299,0.784378,-0.064624,0.0879949,0.480683,0.504763,0.468729,0.453676,0.559535,-0.511265,-0.0587993,0.459374,0.282005,0.56777,0.345286,0.711339,-0.228937,-15.48503551612795,11.424669679001052,-39.55501420853882,32.03097149962281,-11.701301636362228,18.159003838197428
14.888209819793701,-1.62698,1.19721,-3.04595,0.716183,0.889373,0.0215387,0.0880242,0.480706,0.504808,0.468045,0.454343,0.559676,-0.511146,-0.0584309,0.460531,0.283362,0.564674,0.347868,0.711812,-0.231202,-15.592855391331193,11.264379247427796,-39.176577527847876,31.917816170697616,-12.042357194418642,17.709056661713813
14.889149904251099,-1.62698,1.19721,-3.04595,0.716183,0.889373,0.0215387,0.0880242,0.480706,0.504808,0.468045,0.454343,0.559676,-0.511146,-0.0584309,0.460531,0.283362,0.564674,0.347868,0.711812,-0.231202,-15.592855391331193,11.264379247427796,-39.176577527847876,31.917816170697616,-12.042357194418642,17.709056661713813
14.90486478805542,-2.92025,0.616299,-3.50776,0.643553,1.09437,-0.136638,0.0879939,0.480801,0.504959,0.46797,0.453751,0.560366,-0.510984,-0.0561239,0.465465,0.287671,0.551527,0.360698,0.712992,-0.239493,-16.617059481914833,11.01701232911855,-37.13307028256164,30.801211696202802,-13.566322984787574,18.845052962385196
14.905804872512817,-2.92025,0.616299,-3.50776,0.643553,1.09437,-0.136638,0.0879939,0.480801,0.504959,0.46797,0.453751,0.560366,-0.510984,-0.0561239,0.465465,0.287671,0.551527,0.360698,0.712992,-0.239493,-16.617059481914833,11.01701232911855,-37.13307028256164,30.801211696202802,-13.566322984787574,18.845052962385196
14.938569784164429,-2.34236,0.498171,-3.49481,0.663973,0.930361,-0.162561,0.088186,0.480799,0.505184,0.466882,0.454522,0.55996,-0.511739,-0.0548768,0.469559,0.292415,0.539588,0.369636,0.716221,-0.243397,-17.68210888296543,10.49189137029551,-36.10058371885706,30.2934835663015,-13.655094221236634,20.07413213414071
14.939539432525635,-2.34236,0.498171,-3.49481,0.663973,0.930361,-0.162561,0.088186,0.480799,0.505184,0.466882,0.454522,0.55996,-0.511739,-0.0548768,0.469559,0.292415,0.539588,0.369636,0.716221,-0.243397,-17.68210888296543,10.49189137029551,-36.10058371885706,30.2934835663015,-13.655094221236634,20.07413213414071
14.954447269439697,-2.83306,0.938271,-3.82269,0.761016,0.973477,-0.122207,0.08833,0.480738,0.505287,0.467416,0.453299,0.559795,-0.512515,-0.0547663,0.471595,0.297084,0.531993,0.372663,0.720813,-0.241938,-18.72639811447927,10.045465068224587,-35.89942389560189,30.711529984190236,-13.00245650509076,21.09914894283524
14.955379009246826,-2.83306,0.938271,-3.82269,0.761016,0.973477,-0.122207,0.08833,0.480738,0.505287,0.467416,0.453299,0.559795,-0.512515,-0.0547663,0.471595,0.297084,0.531993,0.372663,0.720813,-0.241938,-18.72639811447927,10.045465068224587,-35.89942389560189,30.711529984190236,-13.00245650509076,21.09914894283524
14.985400438308716,-0.846106,0.737704,-3.99584,0.752086,0.819148,-0.139448,0.0883441,0.480774,0.505541,0.468664,0.451918,0.560551,-0.511768,-0.0546431,0.472857,0.299225,0.527971,0.376017,0.72188,-0.242381,-19.25729656158013,10.031038241730233,-35.28092677971455,30.601853025337693,-14.26848895380734,21.76753578069256
14.987597703933716,-0.846106,0.737704,-3.99584,0.752086,0.819148,-0.139448,0.0883441,0.480774,0.505541,0.468664,0.451918,0.560551,-0.511768,-0.0546431,0.472857,0.299225,0.527971,0.376017,0.72188,-0.242381,-19.25729656158013,10.031038241730233,-35.28092677971455,30.601853025337693,-14.26848895380734,21.76753578069256
15.006862163543701,-3.10838,0.0594294,-4.76144,0.753059,1.21722,-0.425147,0.0884872,0.480787,0.505717,0.468207,0.452802,0.560271,-0.511712,-0.0544432,0.474365,0.302651,0.523433,0.378426,0.725269,-0.238319,-20.012795854062258,9.700135467584868,-35.502074043323645,30.723044961770647,-13.349628663234448,22.09241383387375
15.007960319519043,-3.10838,0.0594294,-4.76144,0.753059,1.21722,-0.425147,0.0884872,0.480787,0.505717,0.468207,0.452802,0.560271,-0.511712,-0.0544432,0.474365,0.302651,0.523433,0.378426,0.725269,-0.238319,-20.012795854062258,9.700135467584868,-35.502074043323645,30.723044961770647,-13.349628663234448,22.09241383387375
15.038014888763428,-2.37683,1.13086,-4.8766,1.09371,1.10159,-0.27977,0.088667,0.48079,0.50582,0.466943,0.454705,0.561084,-0.510286,-0.0561251,0.474123,0.305027,0.52201,0.377883,0.728514,-0.232331,-20.27566893308483,9.381162722879955,-36.14391138981748,30.601422739135554,-13.83985834087028,21.052409977864688
15.038956880569458,-2.37683,1.13086,-4.8766,1.09371,1.10159,-0.27977,0.088667,0.48079,0.50582,0.466943,0.454705,0.561084,-0.510286,-0.0561251,0.474123,0.305027,0.52201,0.377883,0.728514,-0.232331,-20.27566893308483,9.381162722879955,-36.14391138981748,30.601422739135554,-13.83985834087028,21.052409977864688
15.05463433265686,-2.34953,1.90303,-5.17218,1.29196,1.15091,-0.195036,0.0885577,0.480844,0.506142,0.468038,0.453827,0.561118,-0.510027,-0.0575618,0.473805,0.306484,0.521042,0.377379,0.730648,-0.22859,-20.731349734740515,9.267629828854908,-36.39725292153547,30.441124368351485,-14.3573930544805,21.948340756215256
15.05558466911316,-2.34953,1.90303,-5.17218,1.29196,1.15091,-0.195036,0.0885577,0.480844,0.506142,0.468038,0.453827,0.561118,-0.510027,-0.0575618,0.473805,0.306484,0.521042,0.377379,0.730648,-0.22859,-20.731349734740515,9.267629828854908,-36.39725292153547,30.441124368351485,-14.3573930544805,21.948340756215256
15.071412086486816,-2.09299,2.01711,-5.02423,1.34023,1.13194,-0.252552,0.0885976,0.48086,0.506389,0.46846,0.453184,0.56093,-0.510418,-0.0588,0.473045,0.307116,0.521697,0.376482,0.73173,-0.225088,-21.00177539050026,9.298686340555063,-36.77363271480328,30.185203329639297,-14.631230600279434,22.495005177301486
15.07234501838684,-2.09299,2.01711,-5.02423,1.34023,1.13194,-0.252552,0.0885976,0.48086,0.506389,0.46846,0.453184,0.56093,-0.510418,-0.0588,0.473045,0.307116,0.521697,0.376482,0.73173,-0.225088,-21.00177539050026,9.298686340555063,-36.77363271480328,30.185203329639297,-14.631230600279434,22.495005177301486
15.088013172149658,-2.37881,2.10318,-4.97534,1.36936,1.17052,-0.28385,0.0886145,0.480921,0.506497,0.468393,0.454208,0.560942,-0.509556,-0.0592602,0.472794,0.307277,0.522784,0.377002,0.731858,-0.221247,-21.140602296837017,9.3651191585818,-37.061704336066846,29.811701593630303,-14.993885713308327,22.32716910801131
15.088947057723999,-2.37881,2.10318,-4.97534,1.36936,1.17052,-0.28385,0.0886145,0.480921,0.506497,0.468393,0.454208,0.560942,-0.509556,-0.0592602,0.472794,0.307277,0.522784,0.377002,0.731858,-0.221247,-21.140602296837017,9.3651191585818,-37.061704336066846,29.811701593630303,-14.993885713308327,22.32716910801131
15.121649980545044,-2.46393,2.47537,-4.5259,1.56378,1.07582,-0.358582,0.088625,0.480998,0.506655,0.4676,0.454645,0.560714,-0.510145,-0.061567,0.470905,0.307606,0.526614,0.369456,0.73559,-0.212338,-21.115570395530742,9.044131326970234,-38.74414946052334,30.745661654478056,-12.675094674825797,22.298527828693963
15.122584819793701,-2.46393,2.47537,-4.5259,1.56378,1.07582,-0.358582,0.088625,0.480998,0.506655,0.4676,0.454645,0.560714,-0.510145,-0.061567,0.470905,0.307606,0.526614,0.369456,0.73559,-0.212338,-21.115570395530742,9.044131326970234,-38.74414946052334,30.745661654478056,-12.675094674825797,22.298527828693963
15.138413906097412,-2.19912,2.53196,-4.34244,1.58427,1.03216,-0.397748,0.088629,0.481001,0.506645,0.467722,0.454727,0.560505,-0.51019,-0.0621711,0.470554,0.30756,0.526715,0.370232,0.735276,-0.211823,-21.206456641324014,9.109992201294284,-38.72174101415033,30.252917421287737,-13.54037039466902,22.410519645344888
15.139346837997437,-2.19912,2.53196,-4.34244,1.58427,1.03216,-0.397748,0.088629,0.481001,0.506645,0.467722,0.454727,0.560505,-0.51019,-0.0621711,0.470554,0.30756,0.526715,0.370232,0.735276,-0.211823,-21.206456641324014,9.109992201294284,-38.72174101415033,30.252917421287737,-13.54037039466902,22.410519645344888
15.155072212219238,-2.54638,2.17429,-4.13264,1.58815,1.08285,-0.566266,0.0886146,0.480994,0.50669,0.467652,0.455426,0.5605,-0.509636,-0.0639224,0.468607,0.306806,0.531066,0.365007,0.73719,-0.203199,-21.194463278695707,9.023229101890216,-40.009557025423284,30.449830560668204,-12.372789611751656,22.543005139358076
15.156016826629639,-2.54638,2.17429,-4.13264,1.58815,1.08285,-0.566266,0.0886146,0.480994,0.50669,0.467652,0.455426,0.5605,-0.509636,-0.0639224,0.468607,0.306806,0.531066,0.365007,0.73719,-0.203199,-21.194463278695707,9.023229101890216,-40.009557025423284,30.449830560668204,-12.372789611751656,22.543005139358076
15.17157769203186,-2.30407,1.78956,-4.29838,1.61845,1.14689,-0.719445,0.0884883,0.481006,0.506736,0.468509,0.453737,0.560644,-0.510197,-0.0653639,0.467333,0.306144,0.533083,0.364381,0.736628,-0.201067,-21.33272057041268,9.33930001041664,-40.1279357930875,29.846551814074683,-13.500741685042005,23.189094700449317
15.172523260116577,-2.30407,1.78956,-4.29838,1.61845,1.14689,-0.719445,0.0884883,0.481006,0.506736,0.468509,0.453737,0.560644,-0.510197,-0.0653639,0.467333,0.306144,0.533083,0.364381,0.736628,-0.201067,-21.33272057041268,9.33930001041664,-40.1279357930875,29.846551814074683,-13.500741685042005,23.189094700449317
15.188029289245605,-2.72782,1.76633,-4.14517,1.65279,1.18692,-0.763443,0.0884134,0.481042,0.506742,0.468663,0.453694,0.560627,-0.510112,-0.0659009,0.466717,0.305742,0.534765,0.361715,0.736983,-0.200112,-21.144069142994056,9.268329727698928,-40.459921686752104,30.354789426594497,-13.14520293965638,22.972805352909674
15.188968658447266,-2.72782,1.76633,-4.14517,1.65279,1.18692,-0.763443,0.0884134,0.481042,0.506742,0.468663,0.453694,0.560627,-0.510112,-0.0659009,0.466717,0.305742,0.534765,0.361715,0.736983,-0.200112,-21.144069142994056,9.268329727698928,-40.459921686752104,30.354789426594497,-13.14520293965638,22.972805352909674
15.221737623214722,-2.94748,1.90493,-3.56919,1.68518,1.13974,-0.844607,0.0880749,0.481065,0.506597,0.469762,0.452081,0.560452,-0.510725,-0.0683936,0.4639,0.303647,0.539828,0.356476,0.737037,-0.195671,-21.012657440751223,9.462673048332165,-41.245217222192046,30.05136486374491,-13.468424338697766,23.71500022502613
15.222688436508179,-2.94748,1.90493,-3.56919,1.68518,1.13974,-0.844607,0.0880749,0.481065,0.506597,0.469762,0.452081,0.560452,-0.510725,-0.0683936,0.4639,0.303647,0.539828,0.356476,0.737037,-0.195671,-21.012657440751223,9.462673048332165,-41.245217222192046,30.05136486374491,-13.468424338697766,23.71500022502613
15.238024473190308,-1.60012,1.82811,-3.59909,1.67154,1.03341,-0.896656,0.0880033,0.481082,0.506545,0.469103,0.453833,0.560227,-0.510023,-0.0686429,0.463457,0.303231,0.541646,0.356873,0.735958,-0.193975,-20.869128524945197,9.54539094835591,-41.451322639319734,29.7513902050023,-14.009624010945377,22.680697780259155
15.238969087600708,-1.60012,1.82811,-3.59909,1.67154,1.03341,-0.896656,0.0880033,0.481082,0.506545,0.469103,0.453833,0.560227,-0.510023,-0.0686429,0.463457,0.303231,0.541646,0.356873,0.735958,-0.193975,-20.869128524945197,9.54539094835591,-41.451322639319734,29.7513902050023,-14.009624010945377,22.680697780259155
15.2547607421875,-2.16491,1.18018,-3.31182,1.61628,1.09739,-1.10975,0.0878791,0.481187,0.506492,0.46619,0.456715,0.561083,-0.50918,-0.0694053,0.462431,0.302389,0.544128,0.349913,0.737249,-0.194804,-19.79481842318952,9.03603960976324,-42.30419491044773,31.065429690513625,-12.366730326389446,20.105542090203166
15.255698919296265,-2.16491,1.18018,-3.31182,1.61628,1.09739,-1.10975,0.0878791,0.481187,0.506492,0.46619,0.456715,0.561083,-0.50918,-0.0694053,0.462431,0.302389,0.544128,0.349913,0.737249,-0.194804,-19.79481842318952,9.03603960976324,-42.30419491044773,31.065429690513625,-12.366730326389446,20.105542090203166
15.271295309066772,-2.50284,1.21044,-3.52298,1.64169,1.21537,-1.17989,0.0875658,0.481243,0.506353,0.467837,0.454115,0.560963,-0.510125,-0.0704549,0.461049,0.301115,0.547702,0.345931,0.736957,-0.192997,-19.740146924635166,9.274529018693345,-42.66034684566188,31.701683102537487,-12.095936199831812,20.917316701979708
15.272228956222534,-2.50284,1.21044,-3.52298,1.64169,1.21537,-1.17989,0.0875658,0.481243,0.506353,0.467837,0.454115,0.560963,-0.510125,-0.0704549,0.461049,0.301115,0.547702,0.345931,0.736957,-0.192997,-19.740146924635166,9.274529018693345,-42.66034684566188,31.701683102537487,-12.095936199831812,20.917316701979708
15.28822374343872,-2.04049,1.31098,-3.44742,1.65311,1.16796,-1.18889,0.0874437,0.481239,0.506259,0.468689,0.45375,0.561073,-0.509548,-0.0707642,0.460733,0.300645,0.548287,0.349298,0.735888,-0.189317,-20.206961790788615,9.660046481220931,-42.525709363828184,30.293405834797326,-13.377016937164782,21.718893520944604
15.289154529571533,-2.04049,1.31098,-3.44742,1.65311,1.16796,-1.18889,0.0874437,0.481239,0.506259,0.468689,0.45375,0.561073,-0.509548,-0.0707642,0.460733,0.300645,0.548287,0.349298,0.735888,-0.189317,-20.206961790788615,9.660046481220931,-42.525709363828184,30.293405834797326,-13.377016937164782,21.718893520944604
15.321399450302124,-2.56688,1.00431,-3.12214,1.60133,1.18325,-1.36409,0.086878,0.481379,0.506031,0.468226,0.452917,0.561315,-0.510447,-0.0723088,0.459036,0.299062,0.552283,0.342848,0.736099,-0.188672,-19.63435902302696,9.653361173929214,-43.227248330837746,31.275529891614806,-12.325978836695473,21.14363794612178
15.32232403755188,-2.56688,1.00431,-3.12214,1.60133,1.18325,-1.36409,0.086878,0.481379,0.506031,0.468226,0.452917,0.561315,-0.510447,-0.0723088,0.459036,0.299062,0.552283,0.342848,0.736099,-0.188672,-19.63435902302696,9.653361173929214,-43.227248330837746,31.275529891614806,-12.325978836695473,21.14363794612178
15.338023900985718,-2.23693,0.760647,-3.15403,1.57078,1.16511,-1.42643,0.0867235,0.481469,0.505943,0.467236,0.453302,0.56129,-0.51104,-0.0726324,0.458676,0.298794,0.553068,0.34155,0.73664,-0.186605,-19.605214519983345,9.644609036324356,-43.65574387277189,31.232856210958467,-11.297993087431212,21.056740128258127
15.338953971862793,-2.23693,0.760647,-3.15403,1.57078,1.16511,-1.42643,0.0867235,0.481469,0.505943,0.467236,0.453302,0.56129,-0.51104,-0.0726324,0.458676,0.298794,0.553068,0.34155,0.73664,-0.186605,-19.605214519983345,9.644609036324356,-43.65574387277189,31.232856210958467,-11.297993087431212,21.056740128258127
15.354736566543579,-2.39228,0.123242,-3.03505,1.47628,1.1726,-1.56048,0.086344,0.481606,0.505802,0.467777,0.453651,0.561766,-0.509711,-0.0735545,0.457687,0.297826,0.556328,0.338991,0.735845,-0.184706,-19.285408012605167,9.735841522936662,-43.92814300873151,31.610749125632346,-12.032272862699754,20.101094638696352
15.355674743652344,-2.39228,0.123242,-3.03505,1.47628,1.1726,-1.56048,0.086344,0.481606,0.505802,0.467777,0.453651,0.561766,-0.509711,-0.0735545,0.457687,0.297826,0.556328,0.338991,0.735845,-0.184706,-19.285408012605167,9.735841522936662,-43.92814300873151,31.610749125632346,-12.032272862699754,20.101094638696352
15.371219635009766,-2.48263,0.361935,-3.41692,1.5123,1.23406,-1.46068,0.0860316,0.48169,0.5056,0.466621,0.455148,0.561976,-0.509203,-0.0742041,0.457107,0.297203,0.55672,0.337877,0.735644,-0.18636,-18.872032933609034,9.579895028608043,-44.00114175261946,31.3015407097579,-12.37187874181922,18.947561255561737
15.372159719467163,-2.48263,0.361935,-3.41692,1.5123,1.23406,-1.46068,0.0860316,0.48169,0.5056,0.466621,0.455148,0.561976,-0.509203,-0.0742041,0.457107,0.297203,0.55672,0.337877,0.735644,-0.18636,-18.872032933609034,9.579895028608043,-44.00114175261946,31.3015407097579,-12.37187874181922,18.947561255561737
15.388157844543457,-2.18481,0.342358,-3.56405,1.49025,1.21199,-1.42269,0.0858898,0.481627,0.505541,0.467812,0.453131,0.562708,-0.509101,-0.0744642,0.456889,0.296865,0.556323,0.337493,0.735767,-0.187752,-18.906522999552557,9.670525667046457,-43.68127939693274,31.29219472546082,-12.901117275282425,19.682078981243702
15.389099836349487,-2.18481,0.342358,-3.56405,1.49025,1.21199,-1.42269,0.0858898,0.481627,0.505541,0.467812,0.453131,0.562708,-0.509101,-0.0744642,0.456889,0.296865,0.556323,0.337493,0.735767,-0.187752,-18.906522999552557,9.670525667046457,-43.68127939693274,31.29219472546082,-12.901117275282425,19.682078981243702
15.421627044677734,-2.09136,-0.202999,-3.26972,1.2641,1.1371,-1.33516,0.085488,0.481697,0.505073,0.467533,0.453075,0.561932,-0.510263,-0.0747944,0.45602,0.294457,0.558885,0.334718,0.735732,-0.185228,-18.839254521458148,9.73012963375458,-44.29478824228733,31.125413205824316,-11.035249938514186,20.9217425526017
15.422554016113281,-2.09136,-0.202999,-3.26972,1.2641,1.1371,-1.33516,0.085488,0.481697,0.505073,0.467533,0.453075,0.561932,-0.510263,-0.0747944,0.45602,0.294457,0.558885,0.334718,0.735732,-0.185228,-18.839254521458148,9.73012963375458,-44.29478824228733,31.125413205824316,-11.035249938514186,20.9217425526017
15.437999963760376,-1.6747,-0.36108,-3.16469,1.18976,1.06833,-1.28947,0.0854898,0.481696,0.505035,0.467658,0.453109,0.561851,-0.510208,-0.0746487,0.45577,0.294103,0.558835,0.334854,0.733529,-0.193681,-18.204483747174187,9.700633656890187,-43.53332047611259,31.220775097100773,-12.927601077199375,19.325030209738728
15.438937187194824,-1.6747,-0.36108,-3.16469,1.18976,1.06833,-1.28947,0.0854898,0.481696,0.505035,0.467658,0.453109,0.561851,-0.510208,-0.0746487,0.45577,0.294103,0.558835,0.334854,0.733529,-0.193681,-18.204483747174187,9.700633656890187,-43.53332047611259,31.220775097100773,-12.927601077199375,19.325030209738728
15.45513391494751,-1.86319,-0.60593,-2.87789,1.05512,1.01463,-1.18386,0.0857971,0.481525,0.505002,0.468703,0.452473,0.561626,-0.510061,-0.0740307,0.455023,0.292247,0.561876,0.333249,0.731208,-0.196404,-17.778611105449436,9.907442402520198,-43.33775193981167,31.648426096245924,-13.511556608545678,19.222921286160087
15.456140279769897,-1.86319,-0.60593,-2.87789,1.05512,1.01463,-1.18386,0.0857971,0.481525,0.505002,0.468703,0.452473,0.561626,-0.510061,-0.0740307,0.455023,0.292247,0.561876,0.333249,0.731208,-0.196404,-17.778611105449436,9.907442402520198,-43.33775193981167,31.648426096245924,-13.511556608545678,19.222921286160087
15.471362352371216,-1.40391,-0.180423,-3.04636,0.982462,0.946935,-0.927396,0.0862364,0.481417,0.504937,0.467055,0.454071,0.561439,-0.510358,-0.073245,0.45457,0.290959,0.563898,0.331159,0.729962,-0.198769,-17.15447452316348,9.867713660289398,-43.54238660831558,32.02835142204154,-12.755065611969606,18.029024210914073
15.4722900390625,-1.40391,-0.180423,-3.04636,0.982462,0.946935,-0.927396,0.0862364,0.481417,0.504937,0.467055,0.454071,0.561439,-0.510358,-0.073245,0.45457,0.290959,0.563898,0.331159,0.729962,-0.198769,-17.15447452316348,9.867713660289398,-43.54238660831558,32.02835142204154,-12.755065611969606,18.029024210914073
15.488042116165161,-1.05447,-0.478031,-3.48045,0.883779,0.976981,-0.911352,0.0864782,0.481328,0.50492,0.467662,0.452651,0.56198,-0.510469,-0.0728123,0.454319,0.290349,0.56361,0.330728,0.729804,-0.20087,-17.073173025088167,9.923860188822978,-43.258084693230856,31.919467589122153,-12.852209442569151,18.583008672950864
15.488972902297974,-1.05447,-0.478031,-3.48045,0.883779,0.976981,-0.911352,0.0864782,0.481328,0.50492,0.467662,0.452651,0.56198,-0.510469,-0.0728123,0.454319,0.290349,0.56361,0.330728,0.729804,-0.20087,-17.073173025088167,9.923860188822978,-43.258084693230856,31.919467589122153,-12.852209442569151,18.583008672950864
15.521719932556152,-0.858021,-0.860958,-3.67964,0.705483,0.915962,-0.750859,0.0873771,0.480788,0.504606,0.468252,0.451766,0.560123,-0.512747,-0.070446,0.452871,0.286229,0.567763,0.327843,0.725302,-0.210004,-16.18483280498969,10.154704216560994,-42.87686678815709,32.393493452633834,-12.08062301135498,19.00963046471049
15.522655963897705,-0.858021,-0.860958,-3.67964,0.705483,0.915962,-0.750859,0.0873771,0.480788,0.504606,0.468252,0.451766,0.560123,-0.512747,-0.070446,0.452871,0.286229,0.567763,0.327843,0.725302,-0.210004,-16.18483280498969,10.154704216560994,-42.87686678815709,32.393493452633834,-12.08062301135498,19.00963046471049
15.53799319267273,-1.53535,-1.09218,-3.0293,0.653952,0.815473,-0.714604,0.0875475,0.480772,0.504521,0.468285,0.451463,0.561326,-0.511668,-0.0700352,0.452399,0.285319,0.569509,0.327344,0.723997,-0.210557,-15.86398800306935,10.370626864089068,-42.71223646911847,32.3558462276775,-12.781083993887258,18.16703812381776
15.538929462432861,-1.53535,-1.09218,-3.0293,0.653952,0.815473,-0.714604,0.0875475,0.480772,0.504521,0.468285,0.451463,0.561326,-0.511668,-0.0700352,0.452399,0.285319,0.569509,0.327344,0.723997,-0.210557,-15.86398800306935,10.370626864089068,-42.71223646911847,32.3558462276775,-12.781083993887258,18.16703812381776
15.555205345153809,-0.332239,-0.0262125,-2.59443,0.75312,0.568236,-0.314722,0.087881,0.480689,0.504322,0.467882,0.452566,0.560743,-0.5117,-0.0688959,0.450512,0.282436,0.57286,0.322921,0.722298,-0.214102,-15.032417556509754,10.248990389256596,-42.928144807139134,32.15361200358453,-11.663397229154363,17.520038658710984
15.556144714355469,-0.332239,-0.0262125,-2.59443,0.75312,0.568236,-0.314722,0.087881,0.480689,0.504322,0.467882,0.452566,0.560743,-0.5117,-0.0688959,0.450512,0.282436,0.57286,0.322921,0.722298,-0.214102,-15.032417556509754,10.248990389256596,-42.928144807139134,32.15361200358453,-11.663397229154363,17.520038658710984
15.571348190307617,0.159257,0.105995,-3.43178,0.768269,0.689614,-0.178549,0.0881543,0.480596,0.504385,0.46816,0.452775,0.559656,-0.512451,-0.0680473,0.448963,0.280327,0.574717,0.320958,0.720476,-0.218175,-14.56880983131493,10.219767561874919,-42.850796338499585,31.478960630579994,-11.31441164286847,17.770986454532597
15.572282791137695,0.159257,0.105995,-3.43178,0.768269,0.689614,-0.178549,0.0881543,0.480596,0.504385,0.46816,0.452775,0.559656,-0.512451,-0.0680473,0.448963,0.280327,0.574717,0.320958,0.720476,-0.218175,-14.56880983131493,10.219767561874919,-42.850796338499585,31.478960630579994,-11.31441164286847,17.770986454532597
15.588030815124512,0.691238,0.294689,-3.71589,0.79412,0.701932,-0.0899511,0.0883435,0.480546,0.504499,0.467838,0.453782,0.559262,-0.512284,-0.0676193,0.448188,0.279133,0.576998,0.320709,0.718233,-0.219911,-14.179554839241849,10.364299808886642,-42.802822263092374,31.14725752660776,-11.918789056666943,16.99664978659237
15.588958263397217,0.691238,0.294689,-3.71589,0.79412,0.701932,-0.0899511,0.0883435,0.480546,0.504499,0.467838,0.453782,0.559262,-0.512284,-0.0676193,0.448188,0.279133,0.576998,0.320709,0.718233,-0.219911,-14.179554839241849,10.364299808886642,-42.802822263092374,31.14725752660776,-11.918789056666943,16.99664978659237
15.627642631530762,0.348767,0.749823,-4.38872,0.837966,0.941844,0.0643202,0.089031,0.480445,0.505041,0.467924,0.454051,0.560463,-0.510652,-0.0645895,0.444089,0.27265,0.58458,0.314433,0.710846,-0.232587,-12.04455326758783,10.638609821417065,-42.08718605937964,29.896420232442868,-12.547372064785769,15.176935876570223
15.629455804824829,0.348767,0.749823,-4.38872,0.837966,0.941844,0.0643202,0.089031,0.480445,0.505041,0.467924,0.454051,0.560463,-0.510652,-0.0645895,0.444089,0.27265,0.58458,0.314433,0.710846,-0.232587,-12.04455326758783,10.638609821417065,-42.08718605937964,29.896420232442868,-12.547372064785769,15.176935876570223
15.64626431465149,0.475839,0.63669,-4.23136,0.798564,0.918206,0.059715,0.0891432,0.480425,0.505013,0.46662,0.454445,0.560347,-0.511622,-0.0622061,0.441913,0.268496,0.585667,0.31524,0.705608,-0.244409,-10.984839028369073,10.830453352235903,-41.12862317214331,27.229041731537333,-12.689766443814252,14.8790966752527
15.647270917892456,0.475839,0.63669,-4.23136,0.798564,0.918206,0.059715,0.0891432,0.480425,0.505013,0.46662,0.454445,0.560347,-0.511622,-0.0622061,0.441913,0.268496,0.585667,0.31524,0.705608,-0.244409,-10.984839028369073,10.830453352235903,-41.12862317214331,27.229041731537333,-12.689766443814252,14.8790966752527
15.661097049713135,-0.950215,0.071492,-3.22177,0.71581,0.868375,-0.0477386,0.0892897,0.480292,0.505037,0.466927,0.453491,0.559772,-0.512816,-0.060758,0.44031,0.265449,0.590274,0.314358,0.700705,-0.248532,-10.375752254972758,11.378836473242554,-40.879112447763866,26.941764632468356,-12.805681528329828,14.842098883547521
15.662023544311523,-0.950215,0.071492,-3.22177,0.71581,0.868375,-0.0477386,0.0892897,0.480292,0.505037,0.466927,0.453491,0.559772,-0.512816,-0.060758,0.44031,0.265449,0.590274,0.314358,0.700705,-0.248532,-10.375752254972758,11.378836473242554,-40.879112447763866,26.941764632468356,-12.805681528329828,14.842098883547521
15.676377296447754,-0.212597,0.437387,-3.26146,0.748344,0.780061,0.0556523,0.0893534,0.480253,0.505063,0.467304,0.453222,0.559859,-0.512615,-0.0600279,0.439627,0.263966,0.591516,0.309441,0.700387,-0.252611,-9.704566452581618,11.074485004634713,-40.9011735607056,28.019742378058055,-11.465771692531707,14.777425522333264
15.677299976348877,-0.212597,0.437387,-3.26146,0.748344,0.780061,0.0556523,0.0893534,0.480253,0.505063,0.467304,0.453222,0.559859,-0.512615,-0.0600279,0.439627,0.263966,0.591516,0.309441,0.700387,-0.252611,-9.704566452581618,11.074485004634713,-40.9011735607056,28.019742378058055,-11.465771692531707,14.777425522333264
15.691227674484253,-0.682184,0.0936968,-2.59181,0.66103,0.707219,-0.0127553,0.0892892,0.480332,0.505013,0.466806,0.45353,0.559786,-0.512876,-0.0569861,0.438175,0.258877,0.594904,0.313099,0.691165,-0.265235,-8.516766396352583,11.732004762301948,-39.52127562822127,25.901037931540742,-13.232357458647346,14.157275906058345
15.692163467407227,-0.682184,0.0936968,-2.59181,0.66103,0.707219,-0.0127553,0.0892892,0.480332,0.505013,0.466806,0.45353,0.559786,-0.512876,-0.0569861,0.438175,0.258877,0.594904,0.313099,0.691165,-0.265235,-8.516766396352583,11.732004762301948,-39.52127562822127,25.901037931540742,-13.232357458647346,14.157275906058345
15.706427574157715,-0.570856,0.170029,-2.58098,0.665495,0.701275,0.0106248,0.0892452,0.480358,0.505004,0.467034,0.453508,0.559565,-0.512929,-0.0554433,0.437898,0.25717,0.596725,0.314291,0.687419,-0.269435,-8.094434431673555,12.01483105739105,-39.045627964534766,25.636824637425658,-13.606421861409217,13.784794700089677
15.707353591918945,-0.570856,0.170029,-2.58098,0.665495,0.701275,0.0106248,0.0892452,0.480358,0.505004,0.467034,0.453508,0.559565,-0.512929,-0.0554433,0.437898,0.25717,0.596725,0.314291,0.687419,-0.269435,-8.094434431673555,12.01483105739105,-39.045627964534766,25.636824637425658,-13.606421861409217,13.784794700089677
15.73829698562622,-0.867487,-0.313961,-2.65247,0.509987,0.783685,-0.0863168,0.0891946,0.48034,0.504991,0.467098,0.453339,0.559393,-0.513207,-0.0501313,0.437196,0.25181,0.598697,0.315884,0.677685,-0.287267,-6.51057702101547,12.279391624807312,-37.320896197854886,25.017420700034695,-13.182689636403575,13.260485235739054
15.739228963851929,-0.867487,-0.313961,-2.65247,0.509987,0.783685,-0.0863168,0.0891946,0.48034,0.504991,0.467098,0.453339,0.559393,-0.513207,-0.0501313,0.437196,0.25181,0.598697,0.315884,0.677685,-0.287267,-6.51057702101547,12.279391624807312,-37.320896197854886,25.017420700034695,-13.182689636403575,13.260485235739054
15.754722595214844,-1.10001,-0.306097,-2.55426,0.45873,0.810438,-0.0869583,0.0889347,0.480443,0.504901,0.466931,0.453545,0.560713,-0.511735,-0.0442663,0.43639,0.24648,0.59864,0.31919,0.667123,-0.307725,-4.705517811515087,12.373747295613706,-35.034945623273735,23.430861451864924,-13.77976462096489,11.91160556751693
15.75566554069519,-1.10001,-0.306097,-2.55426,0.45873,0.810438,-0.0869583,0.0889347,0.480443,0.504901,0.466931,0.453545,0.560713,-0.511735,-0.0442663,0.43639,0.24648,0.59864,0.31919,0.667123,-0.307725,-4.705517811515087,12.373747295613706,-35.034945623273735,23.430861451864924,-13.77976462096489,11.91160556751693
15.771421909332275,-0.924362,0.414223,-2.37627,0.463953,0.807374,0.0510794,0.0886622,0.480549,0.504723,0.4681,0.452059,0.559553,-0.513251,-0.0398625,0.435723,0.242972,0.600106,0.321908,0.658195,-0.320979,-3.808299970630021,12.761176655790843,-33.59076553806794,23.2207218935424,-13.62471922971942,11.814925442194802
15.772345781326294,-0.924362,0.414223,-2.37627,0.463953,0.807374,0.0510794,0.0886622,0.480549,0.504723,0.4681,0.452059,0.559553,-0.513251,-0.0398625,0.435723,0.242972,0.600106,0.321908,0.658195,-0.320979,-3.808299970630021,12.761176655790843,-33.59076553806794,23.2207218935424,-13.62471922971942,11.814925442194802
15.788540840148926,-0.475725,0.169154,-2.31111,0.390169,0.762446,0.00622315,0.0884919,0.48062,0.504584,0.467334,0.454257,0.559779,-0.511758,-0.0375193,0.435474,0.241292,0.599443,0.32417,0.654742,-0.326947,-3.190943548459456,12.623623337937966,-32.909754109619435,21.857332655361997,-13.755115392388243,10.807943674021981
15.789459943771362,-0.475725,0.169154,-2.31111,0.390169,0.762446,0.00622315,0.0884919,0.48062,0.504584,0.467334,0.454257,0.559779,-0.511758,-0.0375193,0.435474,0.241292,0.599443,0.32417,0.654742,-0.326947,-3.190943548459456,12.623623337937966,-32.909754109619435,21.857332655361997,-13.755115392388243,10.807943674021981
15.821435451507568,-2.47587,-0.680362,-1.34056,0.240858,0.88541,-0.194632,0.0880912,0.480478,0.504064,0.468312,0.452115,0.558499,-0.514155,-0.0279457,0.434271,0.235466,0.590724,0.333001,0.636538,-0.367389,-1.1128554993968827,12.175336287187859,-28.30406448737134,20.162967199628177,-14.817408041751797,10.20438724258127
15.822365760803223,-2.47587,-0.680362,-1.34056,0.240858,0.88541,-0.194632,0.0880912,0.480478,0.504064,0.468312,0.452115,0.558499,-0.514155,-0.0279457,0.434271,0.235466,0.590724,0.333001,0.636538,-0.367389,-1.1128554993968827,12.175336287187859,-28.30406448737134,20.162967199628177,-14.817408041751797,10.20438724258127
15.837911367416382,-2.59069,-0.700576,-2.69563,0.280281,1.15044,-0.19084,0.0879543,0.480526,0.503554,0.467301,0.452109,0.560282,-0.513138,-0.0237455,0.433424,0.232572,0.587627,0.337021,0.628715,-0.381876,0.00803375714803184,12.090727330173637,-26.438672417194688,18.509648792509367,-15.793267381988668,8.733775726543717
15.838845014572144,-2.59069,-0.700576,-2.69563,0.280281,1.15044,-0.19084,0.0879543,0.480526,0.503554,0.467301,0.452109,0.560282,-0.513138,-0.0237455,0.433424,0.232572,0.587627,0.337021,0.628715,-0.381876,0.00803375714803184,12.090727330173637,-26.438672417194688,18.509648792509367,-15.793267381988668,8.733775726543717
15.85464096069336,-1.19998,-0.326969,-3.90178,0.368136,1.17516,-0.0634797,0.0876963,0.48049,0.503441,0.468491,0.451886,0.560283,-0.512248,-0.0205055,0.43141,0.228137,0.589321,0.333863,0.621603,-0.393505,1.3384485299223332,11.746893032475473,-25.44709882760591,18.90541975549227,-15.013419075960542,8.780533757576077
15.85558557510376,-1.19998,-0.326969,-3.90178,0.368136,1.17516,-0.0634797,0.0876963,0.48049,0.503441,0.468491,0.451886,0.560283,-0.512248,-0.0205055,0.43141,0.228137,0.589321,0.333863,0.621603,-0.393505,1.3384485299223332,11.746893032475473,-25.44709882760591,18.90541975549227,-15.013419075960542,8.780533757576077
15.871564388275146,-0.318152,0.273102,-3.02208,0.394697,0.923536,0.0424196,0.087414,0.480714,0.503689,0.468143,0.452447,0.559584,-0.512835,-0.0192243,0.429706,0.225457,0.593618,0.334958,0.615721,-0.395359,1.9379987894155746,12.298275314277971,-25.343350704720088,18.085188542163372,-15.490108051693465,8.93395733512962
15.872493028640747,-0.318152,0.273102,-3.02208,0.394697,0.923536,0.0424196,0.087414,0.480714,0.503689,0.468143,0.452447,0.559584,-0.512835,-0.0192243,0.429706,0.225457,0.593618,0.334958,0.615721,-0.395359,1.9379987894155746,12.298275314277971,-25.343350704720088,18.085188542163372,-15.490108051693465,8.93395733512962
15.888071298599243,-0.718111,0.261189,-2.9561,0.381647,0.989126,0.0113663,0.0871564,0.480823,0.503776,0.467136,0.452887,0.559597,-0.513351,-0.0189408,0.428614,0.224194,0.595146,0.331339,0.613885,-0.398949,2.6261341207633406,12.14026915789317,-25.421807555767717,18.29962101781027,-14.290116921836162,8.28033015464282
15.888997793197632,-0.718111,0.261189,-2.9561,0.381647,0.989126,0.0113663,0.0871564,0.480823,0.503776,0.467136,0.452887,0.559597,-0.513351,-0.0189408,0.428614,0.224194,0.595146,0.331339,0.613885,-0.398949,2.6261341207633406,12.14026915789317,-25.421807555767717,18.29962101781027,-14.290116921836162,8.28033015464282
15.921274423599243,-1.70704,0.170175,-2.21761,0.329724,1.03712,-0.016268,0.0868241,0.480954,0.503462,0.467769,0.453473,0.560598,-0.511161,-0.0188522,0.423644,0.219279,0.606838,0.322803,0.610947,-0.392799,3.7800301640691005,12.619895627753142,-26.679292437531725,17.186415990930534,-13.425979262788882,8.166527144954284
15.922215938568115,-1.70704,0.170175,-2.21761,0.329724,1.03712,-0.016268,0.0868241,0.480954,0.503462,0.467769,0.453473,0.560598,-0.511161,-0.0188522,0.423644,0.219279,0.606838,0.322803,0.610947,-0.392799,3.7800301640691005,12.619895627753142,-26.679292437531725,17.186415990930534,-13.425979262788882,8.166527144954284
15.93787670135498,-0.802951,0.0706551,-1.97172,0.309245,0.877349,0.000858647,0.0870098,0.480755,0.503392,0.468014,0.45216,0.56,-0.512751,-0.0186663,0.423167,0.218769,0.605125,0.323375,0.609585,-0.397062,3.7853815859699615,12.571228081782058,-26.22868270659263,17.38947092755526,-13.629489999293423,9.049491668116877
15.938812255859375,-0.802951,0.0706551,-1.97172,0.309245,0.877349,0.000858647,0.0870098,0.480755,0.503392,0.468014,0.45216,0.56,-0.512751,-0.0186663,0.423167,0.218769,0.605125,0.323375,0.609585,-0.397062,3.7853815859699615,12.571228081782058,-26.22868270659263,17.38947092755526,-13.629489999293423,9.049491668116877
15.95472764968872,-1.06584,-0.125665,-1.45963,0.257906,0.838591,-0.0728198,0.0877706,0.480303,0.503207,0.468519,0.451328,0.559219,-0.513874,-0.0184116,0.421494,0.217918,0.605423,0.320987,0.608449,-0.400275,4.022581731321592,12.418052565764349,-26.140101730196907,17.762532069135904,-13.69578990298124,9.423891286500439
15.955666542053223,-1.06584,-0.125665,-1.45963,0.257906,0.838591,-0.0728198,0.0877706,0.480303,0.503207,0.468519,0.451328,0.559219,-0.513874,-0.0184116,0.421494,0.217918,0.605423,0.320987,0.608449,-0.400275,4.022581731321592,12.418052565764349,-26.140101730196907,17.762532069135904,-13.69578990298124,9.423891286500439
15.978280782699585,-1.82871,-0.594732,-1.94416,0.250896,1.03106,-0.230452,0.0880317,0.480316,0.503141,0.467384,0.452294,0.56025,-0.512935,-0.01935,0.419969,0.218011,0.606776,0.317122,0.610575,-0.398064,4.319789249914303,12.22673327414867,-26.70090456549236,16.754403327212035,-13.382279251271536,8.453293177768165
15.98009729385376,-1.82871,-0.594732,-1.94416,0.250896,1.03106,-0.230452,0.0880317,0.480316,0.503141,0.467384,0.452294,0.56025,-0.512935,-0.01935,0.419969,0.218011,0.606776,0.317122,0.610575,-0.398064,4.319789249914303,12.22673327414867,-26.70090456549236,16.754403327212035,-13.382279251271536,8.453293177768165
15.997450828552246,-1.0665,0.49386,-2.44095,0.454655,1.03213,-0.0203513,0.0880333,0.480428,0.503283,0.46795,0.452994,0.559462,-0.512661,-0.0218752,0.418011,0.219204,0.610095,0.315337,0.61369,-0.389526,3.884848694584519,12.450475593465697,-27.759975412235985,15.302227047426465,-14.53709488891862,8.413607530761201
15.998451709747314,-1.0665,0.49386,-2.44095,0.454655,1.03213,-0.0203513,0.0880333,0.480428,0.503283,0.46795,0.452994,0.559462,-0.512661,-0.0218752,0.418011,0.219204,0.610095,0.315337,0.61369,-0.389526,3.884848694584519,12.450475593465697,-27.759975412235985,15.302227047426465,-14.53709488891862,8.413607530761201
16.01330256462097,-0.778455,0.745976,-3.52527,0.534284,1.14718,0.0331772,0.0880707,0.48044,0.503786,0.469418,0.451031,0.558602,-0.513987,-0.0232317,0.417384,0.220163,0.609072,0.312945,0.616042,-0.389344,3.519643699449571,12.23434780050901,-27.886494882391354,15.776708752454487,-14.255319485735836,9.868431554867477
16.014219760894775,-0.778455,0.745976,-3.52527,0.534284,1.14718,0.0331772,0.0880707,0.48044,0.503786,0.469418,0.451031,0.558602,-0.513987,-0.0232317,0.417384,0.220163,0.609072,0.312945,0.616042,-0.389344,3.519643699449571,12.23434780050901,-27.886494882391354,15.776708752454487,-14.255319485735836,9.868431554867477
16.02847409248352,-0.862644,0.338476,-3.76617,0.488134,1.17794,-0.0691996,0.0881383,0.480442,0.504077,0.468798,0.452003,0.558423,-0.513893,-0.0238016,0.417319,0.220736,0.607696,0.309238,0.617487,-0.392158,3.8338573584867537,11.653845855983834,-27.989124651081813,16.343701117630715,-13.27130883090476,9.277012497452045
16.029397010803223,-0.862644,0.338476,-3.76617,0.488134,1.17794,-0.0691996,0.0881383,0.480442,0.504077,0.468798,0.452003,0.558423,-0.513893,-0.0238016,0.417319,0.220736,0.607696,0.309238,0.617487,-0.392158,3.8338573584867537,11.653845855983834,-27.989124651081813,16.343701117630715,-13.27130883090476,9.277012497452045
16.054691076278687,-1.12243,0.747722,-3.48855,0.589665,1.10081,-0.0951918,0.0883191,0.480621,0.505199,0.46822,0.452406,0.559442,-0.512955,-0.0274625,0.41564,0.223041,0.612288,0.302056,0.62489,-0.378652,3.496110640643826,11.729848245980152,-29.891921129408473,15.787421625026683,-12.434719372001911,9.134998907222784
16.055641412734985,-1.12243,0.747722,-3.48855,0.589665,1.10081,-0.0951918,0.0883191,0.480621,0.505199,0.46822,0.452406,0.559442,-0.512955,-0.0274625,0.41564,0.223041,0.612288,0.302056,0.62489,-0.378652,3.496110640643826,11.729848245980152,-29.891921129408473,15.787421625026683,-12.434719372001911,9.134998907222784
16.071354627609253,0.209169,1.25731,-3.92369,0.715292,1.00398,0.0171008,0.0884205,0.480694,0.505287,0.468379,0.452705,0.559252,-0.512754,-0.0303427,0.413894,0.224724,0.613813,0.297517,0.630891,-0.369722,3.0001021041931453,11.586856181029805,-31.147891506055235,14.775057039185983,-12.089753718807387,9.351618668066767
16.07229232788086,0.209169,1.25731,-3.92369,0.715292,1.00398,0.0171008,0.0884205,0.480694,0.505287,0.468379,0.452705,0.559252,-0.512754,-0.0303427,0.413894,0.224724,0.613813,0.297517,0.630891,-0.369722,3.0001021041931453,11.586856181029805,-31.147891506055235,14.775057039185983,-12.089753718807387,9.351618668066767
16.088013410568237,-0.996607,0.892267,-5.04106,0.689494,1.36228,-0.0877392,0.0885082,0.480646,0.505243,0.468191,0.452071,0.559932,-0.512742,-0.0319188,0.4127,0.22547,0.615764,0.294688,0.633699,-0.363894,2.8137397325593425,11.734357076672474,-31.898285985570773,14.409560770352552,-12.011130129915099,9.141784893434515
16.088943004608154,-0.996607,0.892267,-5.04106,0.689494,1.36228,-0.0877392,0.0885082,0.480646,0.505243,0.468191,0.452071,0.559932,-0.512742,-0.0319188,0.4127,0.22547,0.615764,0.294688,0.633699,-0.363894,2.8137397325593425,11.734357076672474,-31.898285985570773,14.409560770352552,-12.011130129915099,9.141784893434515
16.121307134628296,-0.00743866,-0.0910528,-3.82681,0.600718,0.962805,-0.273145,0.0892886,0.480406,0.505322,0.468394,0.452747,0.559643,-0.512276,-0.0381651,0.409197,0.226808,0.620155,0.278845,0.643085,-0.352272,2.8885653239403313,10.976650855624696,-34.33765101032191,16.195518131722725,-11.226348813355642,9.089699414500041
16.122254848480225,-0.00743866,-0.0910528,-3.82681,0.600718,0.962805,-0.273145,0.0892886,0.480406,0.505322,0.468394,0.452747,0.559643,-0.512276,-0.0381651,0.409197,0.226808,0.620155,0.278845,0.643085,-0.352272,2.8885653239403313,10.976650855624696,-34.33765101032191,16.195518131722725,-11.226348813355642,9.089699414500041
16.137975454330444,-0.333748,0.475241,-3.79759,0.705905,0.991683,-0.171267,0.0892132,0.480422,0.505267,0.468517,0.45325,0.559598,-0.511767,-0.0393559,0.408487,0.226857,0.621148,0.279351,0.64376,-0.34887,2.698602324473882,11.108111732302524,-34.62704053032778,15.42442693381719,-12.397599705192416,9.2254219186534
16.13890814781189,-0.333748,0.475241,-3.79759,0.705905,0.991683,-0.171267,0.0892132,0.480422,0.505267,0.468517,0.45325,0.559598,-0.511767,-0.0393559,0.408487,0.226857,0.621148,0.279351,0.64376,-0.34887,2.698602324473882,11.108111732302524,-34.62704053032778,15.42442693381719,-12.397599705192416,9.2254219186534
16.15471625328064,0.0931187,1.31391,-3.42079,0.803581,0.861688,-0.0063627,0.0891022,0.480491,0.505265,0.469024,0.453164,0.559576,-0.511403,-0.0432175,0.405308,0.226748,0.627554,0.269082,0.64728,-0.338822,2.8863444093470725,11.13823705212027,-36.40937315432862,16.431646700848383,-12.303669756454017,8.894174850217041
16.155648469924927,0.0931187,1.31391,-3.42079,0.803581,0.861688,-0.0063627,0.0891022,0.480491,0.505265,0.469024,0.453164,0.559576,-0.511403,-0.0432175,0.405308,0.226748,0.627554,0.269082,0.64728,-0.338822,2.8863444093470725,11.13823705212027,-36.40937315432862,16.431646700848383,-12.303669756454017,8.894174850217041
16.171348094940186,-0.885019,0.657446,-2.69788,0.700196,0.81343,-0.173598,0.0891657,0.480424,0.505312,0.46869,0.453682,0.55917,-0.511694,-0.0450128,0.403547,0.22659,0.629327,0.264129,0.649974,-0.334242,2.891277166199832,10.99862371033716,-37.33959008687843,16.390909094819172,-11.503612399303247,9.405050287658424
16.17229437828064,-0.885019,0.657446,-2.69788,0.700196,0.81343,-0.173598,0.0891657,0.480424,0.505312,0.46869,0.453682,0.55917,-0.511694,-0.0450128,0.403547,0.22659,0.629327,0.264129,0.649974,-0.334242,2.891277166199832,10.99862371033716,-37.33959008687843,16.390909094819172,-11.503612399303247,9.405050287658424
16.188034534454346,0.0171604,0.732338,-2.8628,0.737569,0.751982,-0.143232,0.0891628,0.480414,0.505316,0.469148,0.452574,0.559182,-0.512242,-0.045769,0.402454,0.226424,0.631574,0.261987,0.64982,-0.331981,2.910168382318355,11.228185368231179,-37.69043567716404,16.73504661634484,-11.755078335880462,9.459759956609828
16.188962697982788,0.0171604,0.732338,-2.8628,0.737569,0.751982,-0.143232,0.0891628,0.480414,0.505316,0.469148,0.452574,0.559182,-0.512242,-0.045769,0.402454,0.226424,0.631574,0.261987,0.64982,-0.331981,2.910168382318355,11.228185368231179,-37.69043567716404,16.73504661634484,-11.755078335880462,9.459759956609828
16.22169041633606,0.227324,0.894858,-4.01596,0.836955,0.951524,-0.155671,0.0886939,0.48061,0.505157,0.467356,0.453753,0.561443,-0.510361,-0.0481417,0.397571,0.224285,0.639535,0.247244,0.649901,-0.327863,4.467457553441046,11.101239745637406,-39.24627863844807,17.188465830154904,-10.766844123120393,6.885487599031978
16.222623109817505,0.227324,0.894858,-4.01596,0.836955,0.951524,-0.155671,0.0886939,0.48061,0.505157,0.467356,0.453753,0.561443,-0.510361,-0.0481417,0.397571,0.224285,0.639535,0.247244,0.649901,-0.327863,4.467457553441046,11.101239745637406,-39.24627863844807,17.188465830154904,-10.766844123120393,6.885487599031978
16.238500356674194,0.0148096,1.25584,-3.73042,0.869274,0.937047,-0.0949003,0.0886942,0.480569,0.505012,0.467725,0.453446,0.560724,-0.511086,-0.0490214,0.395228,0.223108,0.643926,0.245444,0.64842,-0.323525,4.488216366810024,11.603747981993205,-39.89465069968009,16.7036763273119,-11.60369298287046,7.1813202678285215
16.239428997039795,0.0148096,1.25584,-3.73042,0.869274,0.937047,-0.0949003,0.0886942,0.480569,0.505012,0.467725,0.453446,0.560724,-0.511086,-0.0490214,0.395228,0.223108,0.643926,0.245444,0.64842,-0.323525,4.488216366810024,11.603747981993205,-39.89465069968009,16.7036763273119,-11.60369298287046,7.1813202678285215
16.255335092544556,0.245105,0.920555,-3.08558,0.84185,0.784617,-0.161188,0.0886286,0.480569,0.504856,0.46821,0.453199,0.559431,-0.512276,-0.0501656,0.392551,0.222172,0.644814,0.237864,0.650432,-0.323378,4.75168697816431,11.162960459962555,-40.597606361533956,17.02353770239848,-9.699496783251481,8.360267837369882
16.256269216537476,0.245105,0.920555,-3.08558,0.84185,0.784617,-0.161188,0.0886286,0.480569,0.504856,0.46821,0.453199,0.559431,-0.512276,-0.0501656,0.392551,0.222172,0.644814,0.237864,0.650432,-0.323378,4.75168697816431,11.162960459962555,-40.597606361533956,17.02353770239848,-9.699496783251481,8.360267837369882
16.27142357826233,0.388391,1.80686,-3.44485,1.00829,0.839565,0.00420675,0.0882963,0.480615,0.504668,0.468033,0.453734,0.559629,-0.511748,-0.0516486,0.389643,0.221054,0.647075,0.234384,0.649977,-0.322316,5.131910822551948,11.152015245358816,-40.98830648082483,15.790167284208374,-10.667666031830025,8.187630585383317
16.272367238998413,0.388391,1.80686,-3.44485,1.00829,0.839565,0.00420675,0.0882963,0.480615,0.504668,0.468033,0.453734,0.559629,-0.511748,-0.0516486,0.389643,0.221054,0.647075,0.234384,0.649977,-0.322316,5.131910822551948,11.152015245358816,-40.98830648082483,15.790167284208374,-10.667666031830025,8.187630585383317
16.288568019866943,-0.26388,1.30824,-3.2701,0.954062,0.880166,-0.114135,0.088022,0.480704,0.504613,0.468328,0.453757,0.559848,-0.511218,-0.0529628,0.386492,0.21968,0.652196,0.224216,0.649569,-0.320043,5.980003683859843,11.051620636937797,-41.97682238458662,17.051570413116274,-9.907598238072884,7.363699513883885
16.289514541625977,-0.26388,1.30824,-3.2701,0.954062,0.880166,-0.114135,0.088022,0.480704,0.504613,0.468328,0.453757,0.559848,-0.511218,-0.0529628,0.386492,0.21968,0.652196,0.224216,0.649569,-0.320043,5.980003683859843,11.051620636937797,-41.97682238458662,17.051570413116274,-9.907598238072884,7.363699513883885
16.32164168357849,-1.49304,1.29434,-2.25092,0.967299,0.812032,-0.237946,0.0877783,0.480701,0.504524,0.468553,0.451722,0.561326,-0.511194,-0.0552611,0.380378,0.216635,0.661274,0.214317,0.648147,-0.310951,6.59235217806597,11.834929191582487,-43.493410679272166,16.52643865074663,-10.738110633630331,7.924566895657405
16.322574853897095,-1.49304,1.29434,-2.25092,0.967299,0.812032,-0.237946,0.0877783,0.480701,0.504524,0.468553,0.451722,0.561326,-0.511194,-0.0552611,0.380378,0.216635,0.661274,0.214317,0.648147,-0.310951,6.59235217806597,11.834929191582487,-43.493410679272166,16.52643865074663,-10.738110633630331,7.924566895657405
16.33799171447754,-0.874626,1.22214,-2.38789,0.982843,0.78543,-0.274901,0.0877796,0.480705,0.504365,0.468057,0.453006,0.560552,-0.51136,-0.0556373,0.379081,0.216145,0.662614,0.211587,0.647244,-0.311846,6.977682971163892,11.729293649805392,-43.78647048065296,16.44384005054006,-10.71745492264764,7.269846603188857
16.338927745819092,-0.874626,1.22214,-2.38789,0.982843,0.78543,-0.274901,0.0877796,0.480705,0.504365,0.468057,0.453006,0.560552,-0.51136,-0.0556373,0.379081,0.216145,0.662614,0.211587,0.647244,-0.311846,6.977682971163892,11.729293649805392,-43.78647048065296,16.44384005054006,-10.71745492264764,7.269846603188857
16.354971647262573,0.0572243,1.74718,-2.38293,1.06551,0.663515,-0.218221,0.087663,0.480753,0.504064,0.467097,0.454895,0.560507,-0.51061,-0.0562195,0.376417,0.215066,0.665294,0.206003,0.646756,-0.31089,7.6379534219149665,11.579474894637887,-44.451442781497434,15.778316676369828,-10.397378448826869,6.236646601064413
16.355913639068604,0.0572243,1.74718,-2.38293,1.06551,0.663515,-0.218221,0.087663,0.480753,0.504064,0.467097,0.454895,0.560507,-0.51061,-0.0562195,0.376417,0.215066,0.665294,0.206003,0.646756,-0.31089,7.6379534219149665,11.579474894637887,-44.451442781497434,15.778316676369828,-10.397378448826869,6.236646601064413
16.371340036392212,-1.21178,2.08339,-2.39155,1.13592,0.75774,-0.24966,0.0873332,0.480779,0.503926,0.468163,0.453186,0.560244,-0.511442,-0.0569327,0.373069,0.213703,0.671584,0.199582,0.645176,-0.304779,7.859570496382152,12.174938046194901,-45.50386527159983,16.410717463264923,-10.205353743563316,6.347054120751418
16.37227153778076,-1.21178,2.08339,-2.39155,1.13592,0.75774,-0.24966,0.0873332,0.480779,0.503926,0.468163,0.453186,0.560244,-0.511442,-0.0569327,0.373069,0.213703,0.671584,0.199582,0.645176,-0.304779,7.859570496382152,12.174938046194901,-45.50386527159983,16.410717463264923,-10.205353743563316,6.347054120751418
16.38814616203308,0.221323,1.8566,-2.4145,1.11112,0.568176,-0.308061,0.0872137,0.480778,0.503993,0.468514,0.45236,0.559639,-0.512513,-0.0572589,0.372145,0.213501,0.670851,0.195685,0.645196,-0.308851,8.2111179849507,11.841364037199344,-45.426677763729636,17.257927980017705,-9.219649132700534,6.7833451394667055
16.389119625091553,0.221323,1.8566,-2.4145,1.11112,0.568176,-0.308061,0.0872137,0.480778,0.503993,0.468514,0.45236,0.559639,-0.512513,-0.0572589,0.372145,0.213501,0.670851,0.195685,0.645196,-0.308851,8.2111179849507,11.841364037199344,-45.426677763729636,17.257927980017705,-9.219649132700534,6.7833451394667055
16.421804189682007,0.192608,2.20079,-2.43756,1.25808,0.487229,-0.397229,0.0867597,0.481052,0.504045,0.469335,0.451917,0.560959,-0.510706,-0.0596105,0.366574,0.212683,0.676005,0.185767,0.645613,-0.302806,8.83633422261007,11.868945064465088,-46.54902734873547,16.117394402008728,-10.576194693122204,6.128467137766027
16.422736883163452,0.192608,2.20079,-2.43756,1.25808,0.487229,-0.397229,0.0867597,0.481052,0.504045,0.469335,0.451917,0.560959,-0.510706,-0.0596105,0.366574,0.212683,0.676005,0.185767,0.645613,-0.302806,8.83633422261007,11.868945064465088,-46.54902734873547,16.117394402008728,-10.576194693122204,6.128467137766027
16.437944889068604,0.447121,2.38487,-2.51019,1.30968,0.443646,-0.410443,0.0867216,0.481062,0.504032,0.469387,0.451917,0.56093,-0.51069,-0.0601306,0.365779,0.212741,0.674793,0.186002,0.646392,-0.303704,8.778984083970244,11.701515544869267,-46.42412442040706,15.141175657584153,-10.957611613735978,6.640812327742885
16.438889265060425,0.447121,2.38487,-2.51019,1.30968,0.443646,-0.410443,0.0867216,0.481062,0.504032,0.469387,0.451917,0.56093,-0.51069,-0.0601306,0.365779,0.212741,0.674793,0.186002,0.646392,-0.303704,8.778984083970244,11.701515544869267,-46.42412442040706,15.141175657584153,-10.957611613735978,6.640812327742885
16.454894542694092,0.832905,2.08135,-3.76773,1.32411,0.587476,-0.500352,0.0866198,0.481001,0.503978,0.470068,0.451715,0.560379,-0.510847,-0.0617955,0.362847,0.213019,0.675619,0.178795,0.647984,-0.302801,9.090290457224159,11.325794292150876,-47.032515505221426,15.436439970893934,-10.738856075019747,6.611476705110283
16.455824851989746,0.832905,2.08135,-3.76773,1.32411,0.587476,-0.500352,0.0866198,0.481001,0.503978,0.470068,0.451715,0.560379,-0.510847,-0.0617955,0.362847,0.213019,0.675619,0.178795,0.647984,-0.302801,9.090290457224159,11.325794292150876,-47.032515505221426,15.436439970893934,-10.738856075019747,6.611476705110283
16.471858263015747,-0.347134,2.29139,-2.87916,1.32773,0.523498,-0.511109,0.0865742,0.481118,0.504091,0.469107,0.452876,0.560962,-0.510063,-0.063272,0.360932,0.212933,0.678478,0.176677,0.647795,-0.298017,9.263766492611573,11.591356555166769,-47.727721904904456,14.442582511675882,-12.174743656575783,5.697840925405297
16.47280216217041,-0.347134,2.29139,-2.87916,1.32773,0.523498,-0.511109,0.0865742,0.481118,0.504091,0.469107,0.452876,0.560962,-0.510063,-0.063272,0.360932,0.212933,0.678478,0.176677,0.647795,-0.298017,9.263766492611573,11.591356555166769,-47.727721904904456,14.442582511675882,-12.174743656575783,5.697840925405297
16.48831343650818,-0.492355,1.56243,-2.85226,1.24775,0.512208,-0.680521,0.0865302,0.481168,0.504174,0.468493,0.453047,0.560763,-0.510693,-0.0644144,0.359616,0.213319,0.672743,0.17045,0.652014,-0.305355,9.728324446340746,10.362367207248264,-47.474480348031406,14.314691826650536,-9.765173148233481,7.155229872926437
16.48926568031311,-0.492355,1.56243,-2.85226,1.24775,0.512208,-0.680521,0.0865302,0.481168,0.504174,0.468493,0.453047,0.560763,-0.510693,-0.0644144,0.359616,0.213319,0.672743,0.17045,0.652014,-0.305355,9.728324446340746,10.362367207248264,-47.474480348031406,14.314691826650536,-9.765173148233481,7.155229872926437
16.53948163986206,0.304478,1.74997,-3.25643,1.22053,0.555293,-0.689015,0.0864743,0.481181,0.504134,0.469237,0.452194,0.561615,-0.509829,-0.0656541,0.356346,0.21281,0.681268,0.162998,0.649675,-0.295344,10.122210711850451,11.193574407459693,-48.91439005074385,15.615914090175963,-11.444291403988924,5.1575939214603235
16.542076587677002,0.304478,1.74997,-3.25643,1.22053,0.555293,-0.689015,0.0864743,0.481181,0.504134,0.469237,0.452194,0.561615,-0.509829,-0.0656541,0.356346,0.21281,0.681268,0.162998,0.649675,-0.295344,10.122210711850451,11.193574407459693,-48.91439005074385,15.615914090175963,-11.444291403988924,5.1575939214603235
16.56165909767151,0.837147,0.557797,-3.23282,0.943874,0.544586,-0.818937,0.0867978,0.481043,0.504066,0.468932,0.451754,0.561112,-0.511052,-0.065882,0.353705,0.212044,0.68059,0.161854,0.64832,-0.300468,10.484274642496738,11.066397707435108,-48.597996074766705,14.116302125711348,-12.051368626545955,5.902684778669394
16.562817811965942,0.837147,0.557797,-3.23282,0.943874,0.544586,-0.818937,0.0867978,0.481043,0.504066,0.468932,0.451754,0.561112,-0.511052,-0.065882,0.353705,0.212044,0.68059,0.161854,0.64832,-0.300468,10.484274642496738,11.066397707435108,-48.597996074766705,14.116302125711348,-12.051368626545955,5.902684778669394
16.58801007270813,1.10829,-0.251911,-2.81692,0.802635,0.46602,-0.874353,0.0868462,0.481047,0.504052,0.468142,0.451784,0.561197,-0.511656,-0.0660678,0.352088,0.211723,0.681837,0.153325,0.648793,-0.301092,11.20972753216364,10.796372391647132,-49.247604136016584,15.6951351305926,-9.867393013428924,5.340515304703087
16.588947296142578,1.10829,-0.251911,-2.81692,0.802635,0.46602,-0.874353,0.0868462,0.481047,0.504052,0.468142,0.451784,0.561197,-0.511656,-0.0660678,0.352088,0.211723,0.681837,0.153325,0.648793,-0.301092,11.20972753216364,10.796372391647132,-49.247604136016584,15.6951351305926,-9.867393013428924,5.340515304703087
16.60469341278076,1.07674,-0.491993,-2.95206,0.756365,0.557492,-0.736959,0.0870791,0.480877,0.503812,0.467905,0.452062,0.560066,-0.512866,-0.0658273,0.350481,0.211115,0.682358,0.150704,0.64851,-0.301845,11.382975156719052,10.749546396436413,-49.53910957818432,15.554505476438282,-8.878036542390904,5.774331801535936
16.60563015937805,1.07674,-0.491993,-2.95206,0.756365,0.557492,-0.736959,0.0870791,0.480877,0.503812,0.467905,0.452062,0.560066,-0.512866,-0.0658273,0.350481,0.211115,0.682358,0.150704,0.64851,-0.301845,11.382975156719052,10.749546396436413,-49.53910957818432,15.554505476438282,-8.878036542390904,5.774331801535936
16.621376037597656,-1.24196,-1.90255,-3.52301,0.544035,0.894484,-0.857348,0.0873704,0.48065,0.503542,0.468948,0.451724,0.560186,-0.512079,-0.0656172,0.34981,0.21056,0.681438,0.150846,0.647163,-0.306704,11.662309542413627,10.464123726815268,-48.913684183873634,15.417251618870885,-10.183007204252704,5.806905469654304
16.622323036193848,-1.24196,-1.90255,-3.52301,0.544035,0.894484,-0.857348,0.0873704,0.48065,0.503542,0.468948,0.451724,0.560186,-0.512079,-0.0656172,0.34981,0.21056,0.681438,0.150846,0.647163,-0.306704,11.662309542413627,10.464123726815268,-48.913684183873634,15.417251618870885,-10.183007204252704,5.806905469654304
16.654627323150635,0.694537,-0.743685,-2.54552,0.522032,0.591085,-0.367292,0.087655,0.480521,0.503429,0.468326,0.45233,0.560569,-0.511694,-0.0647037,0.348952,0.209314,0.681009,0.151391,0.643982,-0.313999,12.336496111840027,10.299813498773306,-48.19647264550413,14.564633151429987,-10.983440677343113,5.450526269291488
16.655561447143555,0.694537,-0.743685,-2.54552,0.522032,0.591085,-0.367292,0.087655,0.480521,0.503429,0.468326,0.45233,0.560569,-0.511694,-0.0647037,0.348952,0.209314,0.681009,0.151391,0.643982,-0.313999,12.336496111840027,10.299813498773306,-48.19647264550413,14.564633151429987,-10.983440677343113,5.450526269291488
16.67145347595215,-0.101823,-0.976512,-2.82901,0.481643,0.808034,-0.32883,0.0876759,0.48058,0.503431,0.468088,0.452889,0.560064,-0.51197,-0.0641077,0.348186,0.208877,0.682239,0.148484,0.642042,-0.316677,12.861310138190776,10.23671265156963,-48.259367603906995,15.069711347583866,-10.389126274686983,4.70778083484648
16.672396183013916,-0.101823,-0.976512,-2.82901,0.481643,0.808034,-0.32883,0.0876759,0.48058,0.503431,0.468088,0.452889,0.560064,-0.51197,-0.0641077,0.348186,0.208877,0.682239,0.148484,0.642042,-0.316677,12.861310138190776,10.23671265156963,-48.259367603906995,15.069711347583866,-10.389126274686983,4.70778083484648
16.688141584396362,0.740979,-1.18889,-2.35639,0.429317,0.663088,-0.296141,0.0876877,0.480625,0.503543,0.467759,0.452183,0.560833,-0.512052,-0.0635338,0.348057,0.208331,0.682246,0.149047,0.642361,-0.315748,12.787944397428532,10.375386057816998,-48.25091462335267,14.552852184963301,-9.743149368927874,5.466024427202173
16.689078092575073,0.740979,-1.18889,-2.35639,0.429317,0.663088,-0.296141,0.0876877,0.480625,0.503543,0.467759,0.452183,0.560833,-0.512052,-0.0635338,0.348057,0.208331,0.682246,0.149047,0.642361,-0.315748,12.787944397428532,10.375386057816998,-48.25091462335267,14.552852184963301,-9.743149368927874,5.466024427202173
16.70461940765381,-0.697447,-1.05471,-2.46615,0.465736,0.873457,-0.232918,0.0878176,0.480594,0.503588,0.467606,0.452911,0.560613,-0.51179,-0.0618154,0.347489,0.207276,0.680831,0.151053,0.638472,-0.325584,13.430506156104641,10.077754712782449,-47.180811439522785,13.289165993865847,-10.194072513269326,5.308552564269058
16.705549478530884,-0.697447,-1.05471,-2.46615,0.465736,0.873457,-0.232918,0.0878176,0.480594,0.503588,0.467606,0.452911,0.560613,-0.51179,-0.0618154,0.347489,0.207276,0.680831,0.151053,0.638472,-0.325584,13.430506156104641,10.077754712782449,-47.180811439522785,13.289165993865847,-10.194072513269326,5.308552564269058
16.72146463394165,-0.194133,-0.995402,-2.95785,0.461883,0.943566,-0.173623,0.0878694,0.480532,0.503571,0.46771,0.452277,0.55999,-0.512937,-0.0603905,0.347188,0.20617,0.682225,0.15296,0.634858,-0.328826,13.613727170857034,10.429380323765432,-46.83236143226966,13.154950649145949,-10.205953120646416,5.50660020636338
16.722392559051514,-0.194133,-0.995402,-2.95785,0.461883,0.943566,-0.173623,0.0878694,0.480532,0.503571,0.46771,0.452277,0.55999,-0.512937,-0.0603905,0.347188,0.20617,0.682225,0.15296,0.634858,-0.328826,13.613727170857034,10.429380323765432,-46.83236143226966,13.154950649145949,-10.205953120646416,5.50660020636338
16.754658937454224,0.432981,-0.602676,-2.84541,0.510599,0.880624,-0.0603391,0.0879283,0.480496,0.503809,0.468357,0.452375,0.558355,-0.514041,-0.0570726,0.346764,0.204193,0.682854,0.154187,0.626711,-0.342302,14.607010594433438,10.358288794710854,-45.58104018355073,13.566567989531999,-9.821738429237223,5.2380539223289
16.755589485168457,0.432981,-0.602676,-2.84541,0.510599,0.880624,-0.0603391,0.0879283,0.480496,0.503809,0.468357,0.452375,0.558355,-0.514041,-0.0570726,0.346764,0.204193,0.682854,0.154187,0.626711,-0.342302,14.607010594433438,10.358288794710854,-45.58104018355073,13.566567989531999,-9.821738429237223,5.2380539223289
16.77117395401001,0.117705,-1.26648,-3.32269,0.41928,1.04787,-0.157422,0.0880396,0.480463,0.503828,0.468008,0.452934,0.55875,-0.513437,-0.0553089,0.34647,0.203279,0.683622,0.158347,0.623184,-0.345296,14.817888714465331,10.614892079196897,-45.01196463911916,11.911198226700439,-10.83173790154251,4.8847065015719675
16.772093296051025,0.117705,-1.26648,-3.32269,0.41928,1.04787,-0.157422,0.0880396,0.480463,0.503828,0.468008,0.452934,0.55875,-0.513437,-0.0553089,0.34647,0.203279,0.683622,0.158347,0.623184,-0.345296,14.817888714465331,10.614892079196897,-45.01196463911916,11.911198226700439,-10.83173790154251,4.8847065015719675
16.788116455078125,0.281253,-1.53512,-2.84795,0.372556,0.957609,-0.196538,0.0880522,0.480373,0.503807,0.468161,0.451922,0.559356,-0.51353,-0.0545269,0.346335,0.202526,0.685123,0.160202,0.620614,-0.346091,14.923977750545857,10.991449075708191,-44.74563761347869,11.834592766580716,-11.641066565273963,4.758739031943971
16.78906774520874,0.281253,-1.53512,-2.84795,0.372556,0.957609,-0.196538,0.0880522,0.480373,0.503807,0.468161,0.451922,0.559356,-0.51353,-0.0545269,0.346335,0.202526,0.685123,0.160202,0.620614,-0.346091,14.923977750545857,10.991449075708191,-44.74563761347869,11.834592766580716,-11.641066565273963,4.758739031943971
16.804687976837158,0.0799451,-0.774165,-2.56843,0.450461,0.915786,-0.0654232,0.0881063,0.480438,0.503595,0.467788,0.452254,0.559768,-0.513128,-0.0515587,0.346403,0.201111,0.682696,0.163134,0.615565,-0.358319,15.70840049871357,10.609215519374489,-43.276986318494814,10.61354977529228,-11.400681979483572,4.3790633645898245
16.805629014968872,0.0799451,-0.774165,-2.56843,0.450461,0.915786,-0.0654232,0.0881063,0.480438,0.503595,0.467788,0.452254,0.559768,-0.513128,-0.0515587,0.346403,0.201111,0.682696,0.163134,0.615565,-0.358319,15.70840049871357,10.609215519374489,-43.276986318494814,10.61354977529228,-11.400681979483572,4.3790633645898245
16.8214430809021,0.602647,-0.515788,-2.75421,0.457899,0.891578,-0.0377775,0.0881115,0.480401,0.503499,0.46911,0.450311,0.55964,-0.513769,-0.0491153,0.346898,0.199725,0.682746,0.165919,0.609479,-0.367239,16.17019097773498,10.70878172982766,-42.05672113763523,11.524522485807074,-11.940302030512875,4.308708782429198
16.822383880615234,0.602647,-0.515788,-2.75421,0.457899,0.891578,-0.0377775,0.0881115,0.480401,0.503499,0.46911,0.450311,0.55964,-0.513769,-0.0491153,0.346898,0.199725,0.682746,0.165919,0.609479,-0.367239,16.17019097773498,10.70878172982766,-42.05672113763523,11.524522485807074,-11.940302030512875,4.308708782429198
16.854706287384033,0.615671,-0.475684,-2.73125,0.477446,0.844186,-0.036354,0.0883305,0.48034,0.503714,0.467751,0.453004,0.558929,-0.513415,-0.0462717,0.346057,0.197979,0.684605,0.171711,0.602212,-0.373056,16.788852266264215,11.096639332996673,-41.38059999901746,9.192676285912537,-13.279300385090686,3.5495070711132026
16.855649948120117,0.615671,-0.475684,-2.73125,0.477446,0.844186,-0.036354,0.0883305,0.48034,0.503714,0.467751,0.453004,0.558929,-0.513415,-0.0462717,0.346057,0.197979,0.684605,0.171711,0.602212,-0.373056,16.788852266264215,11.096639332996673,-41.38059999901746,9.192676285912537,-13.279300385090686,3.5495070711132026
16.871198177337646,1.00986,-0.829619,-2.74734,0.413202,0.831799,-0.113609,0.0883977,0.480344,0.503809,0.469396,0.452346,0.559624,-0.511733,-0.0457525,0.344806,0.197638,0.685521,0.164323,0.601985,-0.375064,17.446986546035923,10.53982168138985,-41.420628253673705,10.847191793735963,-12.327968318235895,3.024080575442013
16.87215232849121,1.00986,-0.829619,-2.74734,0.413202,0.831799,-0.113609,0.0883977,0.480344,0.503809,0.469396,0.452346,0.559624,-0.511733,-0.0457525,0.344806,0.197638,0.685521,0.164323,0.601985,-0.375064,17.446986546035923,10.53982168138985,-41.420628253673705,10.847191793735963,-12.327968318235895,3.024080575442013
16.88810110092163,0.867435,-0.640249,-2.8188,0.447279,0.864124,-0.0691371,0.0884065,0.480374,0.503851,0.46903,0.452991,0.559657,-0.511462,-0.0455831,0.344117,0.197215,0.686921,0.163658,0.601521,-0.373534,17.562843782285217,10.679313802050391,-41.6960103234927,10.41309716189854,-12.29255175715625,2.957566072677111
16.88904118537903,0.867435,-0.640249,-2.8188,0.447279,0.864124,-0.0691371,0.0884065,0.480374,0.503851,0.46903,0.452991,0.559657,-0.511462,-0.0455831,0.344117,0.197215,0.686921,0.163658,0.601521,-0.373534,17.562843782285217,10.679313802050391,-41.6960103234927,10.41309716189854,-12.29255175715625,2.957566072677111
16.90463089942932,1.09918,-0.249551,-3.10481,0.50063,0.888438,-0.00283013,0.0884685,0.480335,0.50382,0.469467,0.4524,0.559308,-0.511967,-0.0455323,0.342053,0.196675,0.687458,0.160894,0.600328,-0.375661,17.869792375945224,10.577735895521203,-41.673788060127976,10.13598699549927,-12.216274778782115,3.4043299361943067
16.905579805374146,1.09918,-0.249551,-3.10481,0.50063,0.888438,-0.00283013,0.0884685,0.480335,0.50382,0.469467,0.4524,0.559308,-0.511967,-0.0455323,0.342053,0.196675,0.687458,0.160894,0.600328,-0.375661,17.869792375945224,10.577735895521203,-41.673788060127976,10.13598699549927,-12.216274778782115,3.4043299361943067
16.921533346176147,1.31573,-0.221971,-2.6659,0.493427,0.774228,-0.0440566,0.0885913,0.480317,0.503833,0.468373,0.453555,0.559123,-0.512148,-0.0457322,0.340513,0.196377,0.687475,0.158211,0.600583,-0.376361,18.19107363907918,10.411857560073594,-41.94079514182532,9.290385452062763,-11.510499379682166,3.4883806278651903
16.922472715377808,1.31573,-0.221971,-2.6659,0.493427,0.774228,-0.0440566,0.0885913,0.480317,0.503833,0.468373,0.453555,0.559123,-0.512148,-0.0457322,0.340513,0.196377,0.687475,0.158211,0.600583,-0.376361,18.19107363907918,10.411857560073594,-41.94079514182532,9.290385452062763,-11.510499379682166,3.4883806278651903
16.954657316207886,2.09848,-0.280447,-2.75222,0.512605,0.722818,-0.100244,0.0887507,0.480295,0.503854,0.467182,0.454603,0.558709,-0.512758,-0.0465867,0.337192,0.196083,0.691361,0.154576,0.597708,-0.375328,18.802766948033852,10.785393656198439,-42.59171091941179,8.23606599430356,-12.794400282595706,2.3794802201434777
16.95561909675598,2.09848,-0.280447,-2.75222,0.512605,0.722818,-0.100244,0.0887507,0.480295,0.503854,0.467182,0.454603,0.558709,-0.512758,-0.0465867,0.337192,0.196083,0.691361,0.154576,0.597708,-0.375328,18.802766948033852,10.785393656198439,-42.59171091941179,8.23606599430356,-12.794400282595706,2.3794802201434777
16.971343755722046,0.831096,-0.99361,-2.81873,0.455402,0.877303,-0.32088,0.0887554,0.480288,0.503918,0.46767,0.452194,0.559519,-0.51356,-0.047317,0.335357,0.19619,0.691524,0.150398,0.598825,-0.374946,18.90007361030558,10.74497400919305,-42.749008013243156,8.513042306189728,-12.327107727311288,3.121801125092379
16.972282886505127,0.831096,-0.99361,-2.81873,0.455402,0.877303,-0.32088,0.0887554,0.480288,0.503918,0.46767,0.452194,0.559519,-0.51356,-0.047317,0.335357,0.19619,0.691524,0.150398,0.598825,-0.374946,18.90007361030558,10.74497400919305,-42.749008013243156,8.513042306189728,-12.327107727311288,3.121801125092379
16.988073587417603,1.6408,-0.535839,-2.80086,0.507314,0.816028,-0.240443,0.0887837,0.480282,0.503959,0.468191,0.452079,0.558928,-0.51383,-0.0477508,0.334419,0.195961,0.693844,0.149294,0.598543,-0.371536,18.803664879382072,11.04406840250447,-43.242440698656964,8.727967420266921,-12.807170353975168,3.3241772595920303
16.989008903503418,1.6408,-0.535839,-2.80086,0.507314,0.816028,-0.240443,0.0887837,0.480282,0.503959,0.468191,0.452079,0.558928,-0.51383,-0.0477508,0.334419,0.195961,0.693844,0.149294,0.598543,-0.371536,18.803664879382072,11.04406840250447,-43.242440698656964,8.727967420266921,-12.807170353975168,3.3241772595920303
17.00513792037964,1.18605,-1.0129,-3.22186,0.455739,0.922162,-0.390381,0.0888276,0.48036,0.504086,0.467549,0.45224,0.559838,-0.513282,-0.0487426,0.332048,0.196218,0.692967,0.142037,0.600162,-0.3734,19.42917595941292,10.463983959713081,-43.47847144733613,8.46277507200734,-11.848984570775023,3.2148498363771867
17.00607681274414,1.18605,-1.0129,-3.22186,0.455739,0.922162,-0.390381,0.0888276,0.48036,0.504086,0.467549,0.45224,0.559838,-0.513282,-0.0487426,0.332048,0.196218,0.692967,0.142037,0.600162,-0.3734,19.42917595941292,10.463983959713081,-43.47847144733613,8.46277507200734,-11.848984570775023,3.2148498363771867
17.021497011184692,1.25436,-0.799366,-3.12056,0.474422,0.858786,-0.37175,0.0888167,0.480387,0.504145,0.467058,0.452391,0.559785,-0.513654,-0.0493654,0.330593,0.196307,0.693631,0.139605,0.599862,-0.373568,19.68014496110029,10.458674887299845,-43.708442838725226,8.082780605111118,-11.955268719989038,3.04656211365239
17.02243137359619,1.25436,-0.799366,-3.12056,0.474422,0.858786,-0.37175,0.0888167,0.480387,0.504145,0.467058,0.452391,0.559785,-0.513654,-0.0493654,0.330593,0.196307,0.693631,0.139605,0.599862,-0.373568,19.68014496110029,10.458674887299845,-43.708442838725226,8.082780605111118,-11.955268719989038,3.04656211365239
17.04023575782776,0.770466,-1.57852,-2.87568,0.366077,0.845384,-0.564635,0.0887821,0.480415,0.50415,0.467245,0.452307,0.559865,-0.513469,-0.0500698,0.329114,0.196336,0.693037,0.136582,0.600058,-0.375467,19.962329217205237,10.146256511218285,-43.6661926300219,7.858251033317587,-12.096520241799258,3.2310676104226355
17.04117441177368,0.770466,-1.57852,-2.87568,0.366077,0.845384,-0.564635,0.0887821,0.480415,0.50415,0.467245,0.452307,0.559865,-0.513469,-0.0500698,0.329114,0.196336,0.693037,0.136582,0.600058,-0.375467,19.962329217205237,10.146256511218285,-43.6661926300219,7.858251033317587,-12.096520241799258,3.2310676104226355
17.071659326553345,1.0556,-1.25833,-2.21718,0.417793,0.659013,-0.561431,0.0886499,0.480354,0.503857,0.467392,0.453649,0.559324,-0.512741,-0.051303,0.325763,0.196134,0.694307,0.12865,0.59988,-0.376206,20.674341064599524,9.705803877142039,-44.20470716272724,7.74982417011607,-12.044049823295971,2.6412614213726173
17.072593688964844,1.0556,-1.25833,-2.21718,0.417793,0.659013,-0.561431,0.0886499,0.480354,0.503857,0.467392,0.453649,0.559324,-0.512741,-0.051303,0.325763,0.196134,0.694307,0.12865,0.59988,-0.376206,20.674341064599524,9.705803877142039,-44.20470716272724,7.74982417011607,-12.044049823295971,2.6412614213726173
17.089237928390503,0.310564,-1.71505,-2.18988,0.371287,0.72526,-0.676851,0.088541,0.480342,0.503636,0.467462,0.452535,0.56012,-0.512794,-0.0516585,0.324221,0.195694,0.695951,0.126567,0.599264,-0.374855,20.85054104224657,9.911756677240124,-44.41574258390048,7.552746206939869,-12.502012195696004,2.6176014027709638
17.09016752243042,0.310564,-1.71505,-2.18988,0.371287,0.72526,-0.676851,0.088541,0.480342,0.503636,0.467462,0.452535,0.56012,-0.512794,-0.0516585,0.324221,0.195694,0.695951,0.126567,0.599264,-0.374855,20.85054104224657,9.911756677240124,-44.41574258390048,7.552746206939869,-12.502012195696004,2.6176014027709638
17.10464572906494,0.453473,-1.56177,-2.06455,0.388226,0.662941,-0.674382,0.0884763,0.480191,0.503513,0.470233,0.450374,0.558633,-0.513783,-0.0518716,0.32274,0.195227,0.698523,0.130184,0.596604,-0.373071,20.319388773268717,10.501463062984694,-44.287333750597426,7.35327029976399,-15.224624037539964,3.7357382421710192
17.105607271194458,0.453473,-1.56177,-2.06455,0.388226,0.662941,-0.674382,0.0884763,0.480191,0.503513,0.470233,0.450374,0.558633,-0.513783,-0.0518716,0.32274,0.195227,0.698523,0.130184,0.596604,-0.373071,20.319388773268717,10.501463062984694,-44.287333750597426,7.35327029976399,-15.224624037539964,3.7357382421710192
17.12144708633423,0.891104,-1.32656,-1.81797,0.415353,0.538548,-0.64456,0.0883331,0.480307,0.503285,0.46854,0.451336,0.559355,-0.5137,-0.0520959,0.321161,0.195183,0.698436,0.121939,0.597947,-0.373867,21.087154984342206,10.072170821138196,-44.863320446279246,7.628736337388317,-12.601013097135459,2.939533822444394
17.122377395629883,0.891104,-1.32656,-1.81797,0.415353,0.538548,-0.64456,0.0883331,0.480307,0.503285,0.46854,0.451336,0.559355,-0.5137,-0.0520959,0.321161,0.195183,0.698436,0.121939,0.597947,-0.373867,21.087154984342206,10.072170821138196,-44.863320446279246,7.628736337388317,-12.601013097135459,2.939533822444394
17.15519881248474,1.12069,-1.68505,-1.78689,0.391585,0.447766,-0.759953,0.0879805,0.480371,0.503159,0.467823,0.451078,0.560456,-0.51338,-0.0523318,0.318369,0.194662,0.699433,0.117222,0.595599,-0.377245,21.92674507998046,9.929676705876846,-44.80135605528922,6.8231563138596245,-12.760658104768186,2.3252449863809797
17.15613889694214,1.12069,-1.68505,-1.78689,0.391585,0.447766,-0.759953,0.0879805,0.480371,0.503159,0.467823,0.451078,0.560456,-0.51338,-0.0523318,0.318369,0.194662,0.699433,0.117222,0.595599,-0.377245,21.92674507998046,9.929676705876846,-44.80135605528922,6.8231563138596245,-12.760658104768186,2.3252449863809797
17.171385049819946,1.82771,-0.7686,-1.54939,0.537529,0.296144,-0.62647,0.087731,0.480381,0.503054,0.469243,0.451857,0.558572,-0.513453,-0.052547,0.316627,0.194275,0.701506,0.11364,0.59501,-0.375416,21.998313514195953,9.909992257054094,-45.36335411460522,7.32304818438699,-12.48823325081256,2.6555793479640224
17.172332525253296,1.82771,-0.7686,-1.54939,0.537529,0.296144,-0.62647,0.087731,0.480381,0.503054,0.469243,0.451857,0.558572,-0.513453,-0.052547,0.316627,0.194275,0.701506,0.11364,0.59501,-0.375416,21.998313514195953,9.909992257054094,-45.36335411460522,7.32304818438699,-12.48823325081256,2.6555793479640224
17.18864154815674,3.65858,-1.16051,-1.89145,0.527973,0.104874,-0.666247,0.0875952,0.480403,0.503002,0.469571,0.45136,0.557926,-0.514292,-0.0525335,0.315997,0.194169,0.700382,0.112572,0.595422,-0.37718,21.980952788028272,9.726652735624267,-45.26093600366446,7.283716975882511,-11.578867257337413,3.512108460330206
17.18957781791687,3.65858,-1.16051,-1.89145,0.527973,0.104874,-0.666247,0.0875952,0.480403,0.503002,0.469571,0.45136,0.557926,-0.514292,-0.0525335,0.315997,0.194169,0.700382,0.112572,0.595422,-0.37718,21.980952788028272,9.726652735624267,-45.26093600366446,7.283716975882511,-11.578867257337413,3.512108460330206
17.205655336380005,0.523001,-0.884495,-0.95287,0.57797,0.286531,-0.74474,0.0873038,0.480551,0.502791,0.468964,0.451627,0.559249,-0.513172,-0.0532804,0.313078,0.194127,0.70183,0.104624,0.596456,-0.375138,22.6279218612292,9.502366657525762,-45.93519458596749,6.7732030576066755,-10.79838215220371,2.907397921420582
17.206596851348877,0.523001,-0.884495,-0.95287,0.57797,0.286531,-0.74474,0.0873038,0.480551,0.502791,0.468964,0.451627,0.559249,-0.513172,-0.0532804,0.313078,0.194127,0.70183,0.104624,0.596456,-0.375138,22.6279218612292,9.502366657525762,-45.93519458596749,6.7732030576066755,-10.79838215220371,2.907397921420582
17.22191286087036,1.51088,-1.89201,-1.53647,0.497867,0.238448,-0.996158,0.0872035,0.480594,0.50267,0.468556,0.451484,0.559935,-0.512924,-0.0532052,0.311778,0.193694,0.703863,0.105557,0.594931,-0.373487,22.72030414465045,9.88603337536901,-46.07024076861611,5.4692162370313175,-11.975985360837806,2.6773134803471366
17.222859144210815,1.51088,-1.89201,-1.53647,0.497867,0.238448,-0.996158,0.0872035,0.480594,0.50267,0.468556,0.451484,0.559935,-0.512924,-0.0532052,0.311778,0.193694,0.703863,0.105557,0.594931,-0.373487,22.72030414465045,9.88603337536901,-46.07024076861611,5.4692162370313175,-11.975985360837806,2.6773134803471366
17.25523281097412,1.49473,-1.1597,-1.43683,0.651614,0.180828,-1.01161,0.0867442,0.480617,0.502341,0.469491,0.451228,0.559369,-0.512911,-0.0541255,0.308601,0.193395,0.706285,0.103171,0.594393,-0.370423,22.72990698996226,10.10786014486635,-46.578826528223786,4.221635580789405,-13.102630722256974,3.1111811041375814
17.256173372268677,1.49473,-1.1597,-1.43683,0.651614,0.180828,-1.01161,0.0867442,0.480617,0.502341,0.469491,0.451228,0.559369,-0.512911,-0.0541255,0.308601,0.193395,0.706285,0.103171,0.594393,-0.370423,22.72990698996226,10.10786014486635,-46.578826528223786,4.221635580789405,-13.102630722256974,3.1111811041375814
17.27192711830139,1.72727,-0.803005,-1.44469,0.701256,0.106513,-1.02386,0.0866037,0.480623,0.502288,0.470257,0.450014,0.557866,-0.51491,-0.0547134,0.307066,0.19366,0.70628,0.0932873,0.595997,-0.370477,23.06228057553226,9.764082448927864,-47.32065405122084,6.993258810330687,-9.86033829870219,3.653398769422264
17.272879123687744,1.72727,-0.803005,-1.44469,0.701256,0.106513,-1.02386,0.0866037,0.480623,0.502288,0.470257,0.450014,0.557866,-0.51491,-0.0547134,0.307066,0.19366,0.70628,0.0932873,0.595997,-0.370477,23.06228057553226,9.764082448927864,-47.32065405122084,6.993258810330687,-9.86033829870219,3.653398769422264
17.288419723510742,1.11943,-1.07157,-1.34528,0.671298,0.0999118,-1.13126,0.0865848,0.480633,0.502283,0.470372,0.449887,0.557841,-0.514943,-0.0549242,0.306571,0.193675,0.707132,0.0932795,0.595177,-0.370171,23.110455689759274,9.889898537419494,-47.36997603090007,6.848512148915901,-10.558250759772276,3.4375019057045453
17.289361476898193,1.11943,-1.07157,-1.34528,0.671298,0.0999118,-1.13126,0.0865848,0.480633,0.502283,0.470372,0.449887,0.557841,-0.514943,-0.0549242,0.306571,0.193675,0.707132,0.0932795,0.595177,-0.370171,23.110455689759274,9.889898537419494,-47.36997603090007,6.848512148915901,-10.558250759772276,3.4375019057045453
17.30480933189392,1.42945,-1.14807,-1.14615,0.668767,-0.0155959,-1.22424,0.0867901,0.480586,0.502404,0.468701,0.44997,0.560481,-0.513524,-0.0557567,0.304842,0.194344,0.705925,0.089742,0.596383,-0.371408,23.6825424653248,9.537662219912631,-47.287958589862676,5.398972844502448,-11.06480814244461,2.6899226699700467
17.30574655532837,1.42945,-1.14807,-1.14615,0.668767,-0.0155959,-1.22424,0.0867901,0.480586,0.502404,0.468701,0.44997,0.560481,-0.513524,-0.0557567,0.304842,0.194344,0.705925,0.089742,0.596383,-0.371408,23.6825424653248,9.537662219912631,-47.287958589862676,5.398972844502448,-11.06480814244461,2.6899226699700467
17.32152485847473,1.61155,-1.70149,-1.30559,0.631051,-0.0553301,-1.41327,0.0870321,0.480531,0.502436,0.468618,0.45105,0.559222,-0.514025,-0.0564451,0.303568,0.194445,0.707658,0.0894878,0.595931,-0.368887,23.59968069301711,9.796554819087948,-47.80241175410293,4.888062624630761,-12.066271319576668,2.6844425274621795
17.322454690933228,1.61155,-1.70149,-1.30559,0.631051,-0.0553301,-1.41327,0.0870321,0.480531,0.502436,0.468618,0.45105,0.559222,-0.514025,-0.0564451,0.303568,0.194445,0.707658,0.0894878,0.595931,-0.368887,23.59968069301711,9.796554819087948,-47.80241175410293,4.888062624630761,-12.066271319576668,2.6844425274621795
17.355145692825317,1.91569,-1.73499,-1.15798,0.643663,-0.17697,-1.52428,0.0868419,0.480607,0.502428,0.468702,0.449983,0.560789,-0.513176,-0.0572346,0.301115,0.194935,0.707732,0.0825103,0.596954,-0.368718,24.130577334212134,9.469080899022991,-48.05418606607306,4.871590565953111,-11.725571961659103,2.3858043555077684
17.35609245300293,1.91569,-1.73499,-1.15798,0.643663,-0.17697,-1.52428,0.0868419,0.480607,0.502428,0.468702,0.449983,0.560789,-0.513176,-0.0572346,0.301115,0.194935,0.707732,0.0825103,0.596954,-0.368718,24.130577334212134,9.469080899022991,-48.05418606607306,4.871590565953111,-11.725571961659103,2.3858043555077684
17.371295928955078,1.61083,-2.12509,-0.938158,0.626284,-0.19465,-1.64465,0.0867926,0.480669,0.502292,0.469508,0.450409,0.559809,-0.513136,-0.0575163,0.299983,0.195049,0.707414,0.0794586,0.598001,-0.368303,24.150818841270485,9.203452559996409,-48.314826120778534,4.99357335625783,-11.104076691695852,2.864511225414659
17.372232913970947,1.61083,-2.12509,-0.938158,0.626284,-0.19465,-1.64465,0.0867926,0.480669,0.502292,0.469508,0.450409,0.559809,-0.513136,-0.0575163,0.299983,0.195049,0.707414,0.0794586,0.598001,-0.368303,24.150818841270485,9.203452559996409,-48.314826120778534,4.99357335625783,-11.104076691695852,2.864511225414659
17.387993812561035,3.02869,-1.87622,-1.13918,0.677769,-0.259778,-1.57247,0.0868163,0.480613,0.502334,0.468773,0.449777,0.561117,-0.512933,-0.0575842,0.299378,0.194939,0.707918,0.0780837,0.597605,-0.368272,24.416065088843848,9.28351651416417,-48.33914721679035,4.861391480481192,-11.2163339955549,2.53667095901671
17.38893437385559,3.02869,-1.87622,-1.13918,0.677769,-0.259778,-1.57247,0.0868163,0.480613,0.502334,0.468773,0.449777,0.561117,-0.512933,-0.0575842,0.299378,0.194939,0.707918,0.0780837,0.597605,-0.368272,24.416065088843848,9.28351651416417,-48.33914721679035,4.861391480481192,-11.2163339955549,2.53667095901671
17.404666900634766,2.504,-2.60993,-1.56984,0.574266,-0.135767,-1.7558,0.0871394,0.480461,0.502187,0.470417,0.451359,0.559474,-0.511831,-0.0574622,0.298128,0.194988,0.707994,0.0756683,0.59751,-0.368783,24.51038624878941,8.882271008209809,-48.46343138341267,5.0285341273818585,-11.642538540936098,2.595467125405909
17.40562391281128,2.504,-2.60993,-1.56984,0.574266,-0.135767,-1.7558,0.0871394,0.480461,0.502187,0.470417,0.451359,0.559474,-0.511831,-0.0574622,0.298128,0.194988,0.707994,0.0756683,0.59751,-0.368783,24.51038624878941,8.882271008209809,-48.46343138341267,5.0285341273818585,-11.642538540936098,2.595467125405909
17.421610593795776,2.80676,-1.90114,-1.23557,0.645369,-0.266743,-1.58804,0.0871615,0.480467,0.502191,0.469608,0.451459,0.55955,-0.512403,-0.0576577,0.297291,0.194872,0.709635,0.0766396,0.595969,-0.36792,24.59026768261336,9.268279010455698,-48.639843237850364,4.197094800172006,-12.568928370865184,2.2455140402114253
17.42256808280945,2.80676,-1.90114,-1.23557,0.645369,-0.266743,-1.58804,0.0871615,0.480467,0.502191,0.469608,0.451459,0.55955,-0.512403,-0.0576577,0.297291,0.194872,0.709635,0.0766396,0.595969,-0.36792,24.59026768261336,9.268279010455698,-48.639843237850364,4.197094800172006,-12.568928370865184,2.2455140402114253
17.45512628555298,2.72646,-2.33586,-1.43889,0.584709,-0.200208,-1.64323,0.0869515,0.480544,0.502028,0.468376,0.451306,0.560269,-0.51288,-0.0576541,0.296461,0.194739,0.709999,0.074709,0.594611,-0.369807,25.04736013566148,9.319877928904992,-48.640265344090494,3.82941872314967,-12.156962591171858,1.6229837575620394
17.456073760986328,2.72646,-2.33586,-1.43889,0.584709,-0.200208,-1.64323,0.0869515,0.480544,0.502028,0.468376,0.451306,0.560269,-0.51288,-0.0576541,0.296461,0.194739,0.709999,0.074709,0.594611,-0.369807,25.04736013566148,9.319877928904992,-48.640265344090494,3.82941872314967,-12.156962591171858,1.6229837575620394
17.472261667251587,2.9326,-2.2033,-1.24188,0.577844,-0.268961,-1.58885,0.0868465,0.48043,0.501836,0.470547,0.449872,0.559305,-0.513203,-0.0576118,0.295743,0.19442,0.709378,0.0736781,0.595329,-0.370052,24.769926591917653,9.130263307474793,-48.51712924801309,4.600484701560656,-11.852860618247162,2.981110721894727
17.473201751708984,2.9326,-2.2033,-1.24188,0.577844,-0.268961,-1.58885,0.0868465,0.48043,0.501836,0.470547,0.449872,0.559305,-0.513203,-0.0576118,0.295743,0.19442,0.709378,0.0736781,0.595329,-0.370052,24.769926591917653,9.130263307474793,-48.51712924801309,4.600484701560656,-11.852860618247162,2.981110721894727
17.488109588623047,3.13071,-2.12535,-1.05383,0.564688,-0.324708,-1.54854,0.0868549,0.480414,0.5018,0.470925,0.448901,0.559272,-0.513743,-0.0575274,0.295546,0.194393,0.709159,0.0726419,0.595745,-0.370005,24.716903348105298,9.120416801834242,-48.53737708386597,5.077578604842053,-11.283441592622408,3.39429040002415
17.48905324935913,3.13071,-2.12535,-1.05383,0.564688,-0.324708,-1.54854,0.0868549,0.480414,0.5018,0.470925,0.448901,0.559272,-0.513743,-0.0575274,0.295546,0.194393,0.709159,0.0726419,0.595745,-0.370005,24.716903348105298,9.120416801834242,-48.53737708386597,5.077578604842053,-11.283441592622408,3.39429040002415
17.505243062973022,3.16375,-2.50446,-1.06598,0.472648,-0.284915,-1.52698,0.0868605,0.480366,0.50161,0.470739,0.448427,0.559619,-0.51395,-0.0571585,0.295087,0.193916,0.711115,0.074761,0.592834,-0.370504,24.845680579405673,9.53469654180214,-48.39592718693325,4.520610908865744,-12.713354404299443,2.7732949947597376
17.506178379058838,3.16375,-2.50446,-1.06598,0.472648,-0.284915,-1.52698,0.0868605,0.480366,0.50161,0.470739,0.448427,0.559619,-0.51395,-0.0571585,0.295087,0.193916,0.711115,0.074761,0.592834,-0.370504,24.845680579405673,9.53469654180214,-48.39592718693325,4.520610908865744,-12.713354404299443,2.7732949947597376
17.521599531173706,2.89148,-2.36412,-0.865594,0.438363,-0.261706,-1.35841,0.0869486,0.480214,0.501492,0.472383,0.447826,0.557379,-0.515398,-0.0569193,0.29479,0.193628,0.711495,0.071737,0.592414,-0.371044,24.78057764450306,9.459778384947773,-48.64485758380467,6.666376635368486,-11.430380184284674,3.440560350407533
17.52259588241577,2.89148,-2.36412,-0.865594,0.438363,-0.261706,-1.35841,0.0869486,0.480214,0.501492,0.472383,0.447826,0.557379,-0.515398,-0.0569193,0.29479,0.193628,0.711495,0.071737,0.592414,-0.371044,24.78057764450306,9.459778384947773,-48.64485758380467,6.666376635368486,-11.430380184284674,3.440560350407533
17.554927587509155,3.41139,-3.07677,-1.05817,0.245413,-0.266515,-1.17156,0.0872272,0.480236,0.501255,0.468368,0.45088,0.559668,-0.513917,-0.0560677,0.29492,0.193015,0.709959,0.0754438,0.590995,-0.375488,25.42716819528105,9.325472467341278,-48.08652476587111,3.16249537012606,-11.837991520433942,2.2882004787852774
17.555861473083496,3.41139,-3.07677,-1.05817,0.245413,-0.266515,-1.17156,0.0872272,0.480236,0.501255,0.468368,0.45088,0.559668,-0.513917,-0.0560677,0.29492,0.193015,0.709959,0.0754438,0.590995,-0.375488,25.42716819528105,9.325472467341278,-48.08652476587111,3.16249537012606,-11.837991520433942,2.2882004787852774
17.571759700775146,3.15623,-3.00708,-0.486679,0.190286,-0.303238,-1.00103,0.0876973,0.479959,0.501182,0.469891,0.449769,0.558163,-0.515135,-0.0549535,0.294847,0.192047,0.710745,0.0736025,0.588016,-0.379027,25.65764592334735,9.315776229460775,-47.8789636164169,5.610416748163351,-11.237201900713272,2.6448919451269632
17.572686195373535,3.15623,-3.00708,-0.486679,0.190286,-0.303238,-1.00103,0.0876973,0.479959,0.501182,0.469891,0.449769,0.558163,-0.515135,-0.0549535,0.294847,0.192047,0.710745,0.0736025,0.588016,-0.379027,25.65764592334735,9.315776229460775,-47.8789636164169,5.610416748163351,-11.237201900713272,2.6448919451269632
17.588010787963867,3.27212,-2.8184,-0.441229,0.169869,-0.297131,-0.905874,0.0878096,0.479897,0.501138,0.470023,0.449608,0.558234,-0.515079,-0.0546704,0.294923,0.191599,0.710097,0.0760021,0.586818,-0.381616,25.663416350409342,9.274982163950263,-47.4044631488478,5.138102310823887,-11.976875934777935,3.022926113929923
17.588961839675903,3.27212,-2.8184,-0.441229,0.169869,-0.297131,-0.905874,0.0878096,0.479897,0.501138,0.470023,0.449608,0.558234,-0.515079,-0.0546704,0.294923,0.191599,0.710097,0.0760021,0.586818,-0.381616,25.663416350409342,9.274982163950263,-47.4044631488478,5.138102310823887,-11.976875934777935,3.022926113929923
17.604772329330444,2.70466,-2.87402,-0.248894,0.0730969,-0.211068,-0.823916,0.088075,0.479759,0.501049,0.470278,0.44941,0.558036,-0.515232,-0.0529348,0.295124,0.190595,0.711226,0.0781782,0.583864,-0.383599,25.78992903004577,9.4934309134068,-47.094178187059974,5.217099218746602,-11.991279931014263,2.995567921991417
17.605709552764893,2.70466,-2.87402,-0.248894,0.0730969,-0.211068,-0.823916,0.088075,0.479759,0.501049,0.470278,0.44941,0.558036,-0.515232,-0.0529348,0.295124,0.190595,0.711226,0.0781782,0.583864,-0.383599,25.78992903004577,9.4934309134068,-47.094178187059974,5.217099218746602,-11.991279931014263,2.995567921991417
17.62128472328186,2.21946,-3.11449,-0.222297,-0.0232105,-0.134149,-0.773028,0.0882572,0.47974,0.501014,0.470579,0.449025,0.558376,-0.514925,-0.051877,0.295184,0.189594,0.712548,0.0775984,0.581912,-0.384231,26.033430290662757,9.611566808347204,-47.03101715542057,6.030088640689129,-11.831205567228375,2.9359014374645325
17.62221646308899,2.21946,-3.11449,-0.222297,-0.0232105,-0.134149,-0.773028,0.0882572,0.47974,0.501014,0.470579,0.449025,0.558376,-0.514925,-0.051877,0.295184,0.189594,0.712548,0.0775984,0.581912,-0.384231,26.033430290662757,9.611566808347204,-47.03101715542057,6.030088640689129,-11.831205567228375,2.9359014374645325
17.65508723258972,2.40543,-2.42495,-0.376701,0.0425066,-0.149408,-0.512669,0.0885704,0.479691,0.501149,0.470359,0.451195,0.556714,-0.515029,-0.0496686,0.2955,0.188049,0.712452,0.0776105,0.576916,-0.391863,26.747349020603092,9.337299439820614,-46.483442100523106,6.844383286533269,-10.695230645853105,2.7992191553015386
17.656055688858032,2.40543,-2.42495,-0.376701,0.0425066,-0.149408,-0.512669,0.0885704,0.479691,0.501149,0.470359,0.451195,0.556714,-0.515029,-0.0496686,0.2955,0.188049,0.712452,0.0776105,0.576916,-0.391863,26.747349020603092,9.337299439820614,-46.483442100523106,6.844383286533269,-10.695230645853105,2.7992191553015386
17.671353101730347,2.34083,-2.3833,-0.280036,0.031164,-0.209485,-0.476324,0.0886457,0.479742,0.50135,0.468946,0.450866,0.557788,-0.515443,-0.0486372,0.295549,0.18721,0.714802,0.0803708,0.574035,-0.391256,26.93051635143464,9.953538699637198,-46.494426229127086,6.130577727214982,-11.220937218761096,2.4752180251861766
17.672282695770264,2.34083,-2.3833,-0.280036,0.031164,-0.209485,-0.476324,0.0886457,0.479742,0.50135,0.468946,0.450866,0.557788,-0.515443,-0.0486372,0.295549,0.18721,0.714802,0.0803708,0.574035,-0.391256,26.93051635143464,9.953538699637198,-46.494426229127086,6.130577727214982,-11.220937218761096,2.4752180251861766
17.688108921051025,2.56221,-1.9758,-0.0611149,0.059931,-0.296906,-0.377535,0.0886749,0.479754,0.501398,0.468628,0.45113,0.557901,-0.515378,-0.0480343,0.295696,0.186879,0.714902,0.0815496,0.574793,-0.389715,26.762480082293806,10.061437413377902,-46.60942956535253,5.532428418143962,-10.604827698646549,3.0201458833797243
17.68903636932373,2.56221,-1.9758,-0.0611149,0.059931,-0.296906,-0.377535,0.0886749,0.479754,0.501398,0.468628,0.45113,0.557901,-0.515378,-0.0480343,0.295696,0.186879,0.714902,0.0815496,0.574793,-0.389715,26.762480082293806,10.061437413377902,-46.60942956535253,5.532428418143962,-10.604827698646549,3.0201458833797243
17.70466661453247,2.44483,-2.02876,0.239241,0.0004529,-0.376286,-0.360732,0.0887112,0.479721,0.501497,0.468771,0.450924,0.558346,-0.514948,-0.0469437,0.295536,0.186084,0.715854,0.0832294,0.571829,-0.391965,27.01466348579482,10.189865002357015,-46.22512505876831,5.329567451132056,-11.270829405726696,2.921807470298169
17.70560050010681,2.44483,-2.02876,0.239241,0.0004529,-0.376286,-0.360732,0.0887112,0.479721,0.501497,0.468771,0.450924,0.558346,-0.514948,-0.0469437,0.295536,0.186084,0.715854,0.0832294,0.571829,-0.391965,27.01466348579482,10.189865002357015,-46.22512505876831,5.329567451132056,-11.270829405726696,2.921807470298169
17.721503257751465,2.59637,-1.62607,0.34075,0.027955,-0.433425,-0.248482,0.0888327,0.479711,0.501491,0.469015,0.451438,0.5576,-0.515083,-0.0451887,0.295154,0.184542,0.717864,0.0847085,0.567659,-0.394029,27.307969565299718,10.459560182244784,-46.06479398223206,5.466420950098418,-11.352352595793423,3.14627982718614
17.72243022918701,2.59637,-1.62607,0.34075,0.027955,-0.433425,-0.248482,0.0888327,0.479711,0.501491,0.469015,0.451438,0.5576,-0.515083,-0.0451887,0.295154,0.184542,0.717864,0.0847085,0.567659,-0.394029,27.307969565299718,10.459560182244784,-46.06479398223206,5.466420950098418,-11.352352595793423,3.14627982718614
17.75465965270996,2.55215,-1.99874,0.451054,-0.0129908,-0.468198,-0.291381,0.0890545,0.479586,0.50119,0.468769,0.452004,0.557054,-0.515402,-0.0426769,0.293642,0.182712,0.720546,0.0808512,0.562982,-0.396646,28.118964721109883,10.603770747839478,-46.25797723686906,6.326421213330802,-9.619146260656212,2.8023100534754235
17.75558352470398,2.55215,-1.99874,0.451054,-0.0129908,-0.468198,-0.291381,0.0890545,0.479586,0.50119,0.468769,0.452004,0.557054,-0.515402,-0.0426769,0.293642,0.182712,0.720546,0.0808512,0.562982,-0.396646,28.118964721109883,10.603770747839478,-46.25797723686906,6.326421213330802,-9.619146260656212,2.8023100534754235
17.771589517593384,2.72557,-1.68249,0.374945,0.0296981,-0.485536,-0.219063,0.0892984,0.479419,0.500987,0.468961,0.451666,0.557041,-0.515537,-0.0417106,0.292596,0.181822,0.721609,0.0808957,0.560799,-0.397794,28.324102917266128,10.741091067619525,-46.15515268814,6.163583933664495,-9.83188808540009,3.0465280190777104
17.77253794670105,2.72557,-1.68249,0.374945,0.0296981,-0.485536,-0.219063,0.0892984,0.479419,0.500987,0.468961,0.451666,0.557041,-0.515537,-0.0417106,0.292596,0.181822,0.721609,0.0808957,0.560799,-0.397794,28.324102917266128,10.741091067619525,-46.15515268814,6.163583933664495,-9.83188808540009,3.0465280190777104
17.78855538368225,2.8887,-1.66268,0.29757,0.0232062,-0.497976,-0.204896,0.0893925,0.479304,0.500945,0.469657,0.450732,0.556457,-0.516351,-0.0411513,0.292474,0.181438,0.722686,0.0854713,0.558795,-0.397702,27.999547259644448,11.171537172316283,-45.895628888515205,5.5828295109799235,-11.2111018901344,3.571276510354994
17.789479732513428,2.8887,-1.66268,0.29757,0.0232062,-0.497976,-0.204896,0.0893925,0.479304,0.500945,0.469657,0.450732,0.556457,-0.516351,-0.0411513,0.292474,0.181438,0.722686,0.0854713,0.558795,-0.397702,27.999547259644448,11.171537172316283,-45.895628888515205,5.5828295109799235,-11.2111018901344,3.571276510354994
17.804699659347534,3.12825,-1.78902,0.404322,-0.00823552,-0.582005,-0.20921,0.0895568,0.479206,0.500764,0.468315,0.453014,0.555616,-0.516478,-0.0399449,0.29126,0.180333,0.724406,0.0837417,0.555696,-0.39928,28.60266471646074,11.28622092863266,-46.21340776437212,5.152450720313691,-10.37789435549639,3.1115478424972824
17.805633783340454,3.12825,-1.78902,0.404322,-0.00823552,-0.582005,-0.20921,0.0895568,0.479206,0.500764,0.468315,0.453014,0.555616,-0.516478,-0.0399449,0.29126,0.180333,0.724406,0.0837417,0.555696,-0.39928,28.60266471646074,11.28622092863266,-46.21340776437212,5.152450720313691,-10.37789435549639,3.1115478424972824
17.821504831314087,3.14658,-1.81317,0.628186,-0.0301114,-0.639278,-0.191888,0.0894371,0.479316,0.500675,0.469336,0.451866,0.556512,-0.515592,-0.0392455,0.290752,0.179951,0.72522,0.0810325,0.555011,-0.399314,28.849704070510185,11.185105237103505,-46.165741160031715,5.857506131939009,-10.054859880187031,2.9772416630308842
17.822433710098267,3.14658,-1.81317,0.628186,-0.0301114,-0.639278,-0.191888,0.0894371,0.479316,0.500675,0.469336,0.451866,0.556512,-0.515592,-0.0392455,0.290752,0.179951,0.72522,0.0810325,0.555011,-0.399314,28.849704070510185,11.185105237103505,-46.165741160031715,5.857506131939009,-10.054859880187031,2.9772416630308842
17.85457944869995,3.84809,-1.57644,0.29096,0.0146917,-0.710321,-0.121596,0.0892921,0.479279,0.500901,0.47022,0.449644,0.555803,-0.517491,-0.0384237,0.290074,0.179351,0.726791,0.081654,0.552272,-0.400129,28.807964300897808,11.610055100756657,-46.07316340025046,6.773485402834373,-9.797202729982084,3.8326735065817448
17.855514764785767,3.84809,-1.57644,0.29096,0.0146917,-0.710321,-0.121596,0.0892921,0.479279,0.500901,0.47022,0.449644,0.555803,-0.517491,-0.0384237,0.290074,0.179351,0.726791,0.081654,0.552272,-0.400129,28.807964300897808,11.610055100756657,-46.07316340025046,6.773485402834373,-9.797202729982084,3.8326735065817448
17.871995449066162,3.93739,-1.73745,0.159014,-0.0149601,-0.719217,-0.152018,0.0893848,0.479405,0.50099,0.469386,0.451834,0.556663,-0.515411,-0.0380594,0.289829,0.179201,0.726136,0.0797211,0.552665,-0.401163,29.24370887143388,11.191358073808646,-46.07099098603781,5.90212673082074,-9.459014960733379,3.3334333187092815
17.87293267250061,3.93739,-1.73745,0.159014,-0.0149601,-0.719217,-0.152018,0.0893848,0.479405,0.50099,0.469386,0.451834,0.556663,-0.515411,-0.0380594,0.289829,0.179201,0.726136,0.0797211,0.552665,-0.401163,29.24370887143388,11.191358073808646,-46.07099098603781,5.90212673082074,-9.459014960733379,3.3334333187092815
17.888644218444824,3.90161,-1.81902,0.171145,-0.0296434,-0.726753,-0.166795,0.0893925,0.479349,0.501039,0.469605,0.451461,0.556652,-0.51555,-0.0378611,0.289669,0.179149,0.726078,0.0784058,0.552208,-0.402157,29.380995521124817,11.111599771465126,-46.0204219680817,6.474972721178229,-9.046949692379531,3.287522422135606
17.889577865600586,3.90161,-1.81902,0.171145,-0.0296434,-0.726753,-0.166795,0.0893925,0.479349,0.501039,0.469605,0.451461,0.556652,-0.51555,-0.0378611,0.289669,0.179149,0.726078,0.0784058,0.552208,-0.402157,29.380995521124817,11.111599771465126,-46.0204219680817,6.474972721178229,-9.046949692379531,3.287522422135606
17.905231714248657,4.06172,-1.77593,0.24402,-0.0265875,-0.77059,-0.154389,0.0894867,0.479315,0.501058,0.470742,0.451033,0.555702,-0.515914,-0.0374009,0.289207,0.178797,0.726462,0.0796019,0.549828,-0.404481,29.408325302138486,11.137083828660899,-45.69088802575895,6.794093232410749,-9.8677978759879,3.589103466867701
17.90617322921753,4.06172,-1.77593,0.24402,-0.0265875,-0.77059,-0.154389,0.0894867,0.479315,0.501058,0.470742,0.451033,0.555702,-0.515914,-0.0374009,0.289207,0.178797,0.726462,0.0796019,0.549828,-0.404481,29.408325302138486,11.137083828660899,-45.69088802575895,6.794093232410749,-9.8677978759879,3.589103466867701
17.922513723373413,3.94394,-1.91777,0.259214,-0.054178,-0.787522,-0.186953,0.0894528,0.47925,0.500952,0.470209,0.451164,0.555796,-0.516184,-0.0369822,0.288868,0.178613,0.726325,0.0798613,0.550324,-0.404002,29.367190617449264,11.193688237333586,-45.77592043240848,6.105971690031673,-9.13732524189,3.952282721329431
17.92351770401001,3.94394,-1.91777,0.259214,-0.054178,-0.787522,-0.186953,0.0894528,0.47925,0.500952,0.470209,0.451164,0.555796,-0.516184,-0.0369822,0.288868,0.178613,0.726325,0.0798613,0.550324,-0.404002,29.367190617449264,11.193688237333586,-45.77592043240848,6.105971690031673,-9.13732524189,3.952282721329431
17.955068111419678,4.28884,-1.727,0.507194,-0.0410318,-0.898861,-0.151239,0.0895549,0.479155,0.500536,0.471105,0.450915,0.555486,-0.515917,-0.036592,0.287981,0.177978,0.727241,0.0817114,0.54793,-0.405235,29.40666272068225,11.307210467218049,-45.48870169915914,5.6024396861620644,-10.71980365731443,3.98486572479873
17.956021308898926,4.28884,-1.727,0.507194,-0.0410318,-0.898861,-0.151239,0.0895549,0.479155,0.500536,0.471105,0.450915,0.555486,-0.515917,-0.036592,0.287981,0.177978,0.727241,0.0817114,0.54793,-0.405235,29.40666272068225,11.307210467218049,-45.48870169915914,5.6024396861620644,-10.71980365731443,3.98486572479873
17.97182297706604,4.31372,-1.87457,0.638121,-0.0731655,-0.93497,-0.18514,0.0896442,0.479056,0.500373,0.472225,0.449024,0.555478,-0.516552,-0.0363495,0.287436,0.177641,0.727442,0.0817649,0.546989,-0.406136,29.336335712073687,11.376664657226723,-45.24163520312478,6.223080350474796,-11.075009488049563,4.518669577577401
17.97275972366333,4.31372,-1.87457,0.638121,-0.0731655,-0.93497,-0.18514,0.0896442,0.479056,0.500373,0.472225,0.449024,0.555478,-0.516552,-0.0363495,0.287436,0.177641,0.727442,0.0817649,0.546989,-0.406136,29.336335712073687,11.376664657226723,-45.24163520312478,6.223080350474796,-11.075009488049563,4.518669577577401
17.98871922492981,4.44919,-1.84368,0.6853,-0.0759122,-0.964045,-0.179917,0.0897166,0.4791,0.500277,0.471004,0.450554,0.556318,-0.515428,-0.0362885,0.287047,0.177574,0.727663,0.0764705,0.548124,-0.405239,29.853104565030026,11.10477578313872,-45.74915629771556,6.483296276977391,-9.561664175785928,3.6534918694943
17.98968267440796,4.44919,-1.84368,0.6853,-0.0759122,-0.964045,-0.179917,0.0897166,0.4791,0.500277,0.471004,0.450554,0.556318,-0.515428,-0.0362885,0.287047,0.177574,0.727663,0.0764705,0.548124,-0.405239,29.853104565030026,11.10477578313872,-45.74915629771556,6.483296276977391,-9.561664175785928,3.6534918694943
18.005932569503784,4.29414,-1.71864,0.832693,-0.0856846,-0.980348,-0.166334,0.0898226,0.478886,0.50022,0.471395,0.449418,0.555424,-0.517024,-0.0360655,0.286548,0.177402,0.728733,0.0763879,0.546589,-0.405406,29.809632500082557,11.401266643065686,-45.845391602806664,7.3187279661284155,-9.473700771518025,3.8137868195695748
18.006876945495605,4.29414,-1.71864,0.832693,-0.0856846,-0.980348,-0.166334,0.0898226,0.478886,0.50022,0.471395,0.449418,0.555424,-0.517024,-0.0360655,0.286548,0.177402,0.728733,0.0763879,0.546589,-0.405406,29.809632500082557,11.401266643065686,-45.845391602806664,7.3187279661284155,-9.473700771518025,3.8137868195695748
18.021483421325684,4.25228,-1.95118,0.940457,-0.124941,-1.02138,-0.217243,0.089936,0.478869,0.500203,0.471665,0.449743,0.555489,-0.516426,-0.0357934,0.28612,0.177365,0.728057,0.0792056,0.546047,-0.406808,29.715570346172402,11.321429989698125,-45.44134911803318,5.95034886864995,-10.584437863103236,4.20925715860203
18.02245259284973,4.25228,-1.95118,0.940457,-0.124941,-1.02138,-0.217243,0.089936,0.478869,0.500203,0.471665,0.449743,0.555489,-0.516426,-0.0357934,0.28612,0.177365,0.728057,0.0792056,0.546047,-0.406808,29.715570346172402,11.321429989698125,-45.44134911803318,5.95034886864995,-10.584437863103236,4.20925715860203
18.054965496063232,5.11008,-1.88202,0.798663,-0.149898,-1.10224,-0.206219,0.0897597,0.479005,0.500168,0.470796,0.450421,0.556205,-0.515857,-0.0357726,0.285159,0.177358,0.729189,0.0751422,0.545449,-0.406353,30.22715709810225,11.284469206737272,-45.82876011963722,5.891233584127922,-9.94835196223038,3.372559303684313
18.055911540985107,5.11008,-1.88202,0.798663,-0.149898,-1.10224,-0.206219,0.0897597,0.479005,0.500168,0.470796,0.450421,0.556205,-0.515857,-0.0357726,0.285159,0.177358,0.729189,0.0751422,0.545449,-0.406353,30.22715709810225,11.284469206737272,-45.82876011963722,5.891233584127922,-9.94835196223038,3.372559303684313
18.071418285369873,5.15002,-2.36226,0.720984,-0.235126,-1.08207,-0.31237,0.0897303,0.479019,0.500174,0.470886,0.450383,0.556145,-0.515873,-0.0357026,0.28485,0.177347,0.728686,0.0752097,0.545252,-0.407506,30.26445203929477,11.185885768241402,-45.67509490822552,5.619956089095375,-9.922989140341294,3.604544268146504
18.072386264801025,5.15002,-2.36226,0.720984,-0.235126,-1.08207,-0.31237,0.0897303,0.479019,0.500174,0.470886,0.450383,0.556145,-0.515873,-0.0357026,0.28485,0.177347,0.728686,0.0752097,0.545252,-0.407506,30.26445203929477,11.185885768241402,-45.67509490822552,5.619956089095375,-9.922989140341294,3.604544268146504
18.08789324760437,4.85488,-2.32019,0.619727,-0.236062,-1.02599,-0.3174,0.0897504,0.479006,0.500163,0.470913,0.450381,0.55613,-0.515865,-0.0357023,0.284703,0.17738,0.728617,0.0747821,0.544826,-0.408276,30.35843438168384,11.135319619969149,-45.61636944481471,5.714156971269727,-9.986683286247812,3.457600946877698
18.08884334564209,4.85488,-2.32019,0.619727,-0.236062,-1.02599,-0.3174,0.0897504,0.479006,0.500163,0.470913,0.450381,0.55613,-0.515865,-0.0357023,0.284703,0.17738,0.728617,0.0747821,0.544826,-0.408276,30.35843438168384,11.135319619969149,-45.61636944481471,5.714156971269727,-9.986683286247812,3.457600946877698
18.104768753051758,4.93697,-2.34643,0.505193,-0.256856,-0.998823,-0.336152,0.0898553,0.47886,0.500177,0.471479,0.449355,0.555347,-0.517086,-0.0359884,0.284151,0.177409,0.730232,0.0749873,0.54437,-0.405954,30.125906777994246,11.535258235960328,-45.94590585434575,6.277869057096191,-10.49378603063355,3.7177176287361484
18.105693817138672,4.93697,-2.34643,0.505193,-0.256856,-0.998823,-0.336152,0.0898553,0.47886,0.500177,0.471479,0.449355,0.555347,-0.517086,-0.0359884,0.284151,0.177409,0.730232,0.0749873,0.54437,-0.405954,30.125906777994246,11.535258235960328,-45.94590585434575,6.277869057096191,-10.49378603063355,3.7177176287361484
18.121509790420532,5.03975,-2.30259,0.420493,-0.266438,-0.972434,-0.331871,0.090024,0.478857,0.50012,0.470504,0.450536,0.555454,-0.516831,-0.0365426,0.283842,0.177876,0.727817,0.0705247,0.545872,-0.409062,30.555129220139104,10.912576297993326,-45.91809340788642,6.529269642428327,-9.033275513322193,3.3591527008147097
18.122475147247314,5.03975,-2.30259,0.420493,-0.266438,-0.972434,-0.331871,0.090024,0.478857,0.50012,0.470504,0.450536,0.555454,-0.516831,-0.0365426,0.283842,0.177876,0.727817,0.0705247,0.545872,-0.409062,30.555129220139104,10.912576297993326,-45.91809340788642,6.529269642428327,-9.033275513322193,3.3591527008147097
18.154831171035767,3.54631,-2.53955,0.0800798,-0.344332,-0.65365,-0.407741,0.0898971,0.478866,0.500147,0.471019,0.449408,0.555354,-0.51745,-0.0381843,0.284437,0.178593,0.725899,0.0712694,0.547103,-0.410694,30.31872226398005,10.703924681584649,-45.54720364938044,7.117481218441655,-9.921031490642077,3.55091423252557
18.155775547027588,3.54631,-2.53955,0.0800798,-0.344332,-0.65365,-0.407741,0.0898971,0.478866,0.500147,0.471019,0.449408,0.555354,-0.51745,-0.0381843,0.284437,0.178593,0.725899,0.0712694,0.547103,-0.410694,30.31872226398005,10.703924681584649,-45.54720364938044,7.117481218441655,-9.921031490642077,3.55091423252557
18.178704261779785,2.51881,-2.90396,0.22374,-0.434829,-0.562288,-0.469289,0.0898316,0.479069,0.500278,0.471057,0.450346,0.556018,-0.515886,-0.0393531,0.285506,0.17911,0.724895,0.0736164,0.54918,-0.409279,30.044318507017465,10.53310370750772,-45.41255681839167,6.33252378050814,-11.451191183882198,3.413790725881486
18.18052911758423,2.51881,-2.90396,0.22374,-0.434829,-0.562288,-0.469289,0.0898316,0.479069,0.500278,0.471057,0.450346,0.556018,-0.515886,-0.0393531,0.285506,0.17911,0.724895,0.0736164,0.54918,-0.409279,30.044318507017465,10.53310370750772,-45.41255681839167,6.33252378050814,-11.451191183882198,3.413790725881486
18.19744610786438,1.98421,-2.93664,0.611898,-0.462348,-0.548408,-0.440975,0.0893925,0.479343,0.500715,0.46855,0.450823,0.557405,-0.516255,-0.0413291,0.287627,0.180325,0.720799,0.0733162,0.552032,-0.412715,30.191428106834476,10.045929658226783,-45.0196652844505,6.368540290206858,-10.431590156704253,2.8796454643630796
18.198446035385132,1.98421,-2.93664,0.611898,-0.462348,-0.548408,-0.440975,0.0893925,0.479343,0.500715,0.46855,0.450823,0.557405,-0.516255,-0.0413291,0.287627,0.180325,0.720799,0.0733162,0.552032,-0.412715,30.191428106834476,10.045929658226783,-45.0196652844505,6.368540290206858,-10.431590156704253,2.8796454643630796
18.214744329452515,0.87035,-2.64038,0.397293,-0.431212,-0.329443,-0.34362,0.0893031,0.479464,0.500991,0.467619,0.452509,0.557084,-0.51597,-0.0423693,0.289425,0.180942,0.718615,0.078322,0.551679,-0.416063,30.076140080162983,9.860753866986858,-44.413916609517386,5.538175817727881,-12.00875325124006,2.4017125388718736
18.215704679489136,0.87035,-2.64038,0.397293,-0.431212,-0.329443,-0.34362,0.0893031,0.479464,0.500991,0.467619,0.452509,0.557084,-0.51597,-0.0423693,0.289425,0.180942,0.718615,0.078322,0.551679,-0.416063,30.076140080162983,9.860753866986858,-44.413916609517386,5.538175817727881,-12.00875325124006,2.4017125388718736
18.230640411376953,-0.434982,-2.46018,-0.0873204,-0.361989,-0.050443,-0.290821,0.089069,0.479551,0.501305,0.468625,0.451046,0.555502,-0.518041,-0.0428645,0.292037,0.181556,0.713046,0.078559,0.552818,-0.424013,29.855117745476758,9.084905534988824,-43.37636441509172,8.11321220704823,-9.833890282691772,3.3226444321824444
18.231573581695557,-0.434982,-2.46018,-0.0873204,-0.361989,-0.050443,-0.290821,0.089069,0.479551,0.501305,0.468625,0.451046,0.555502,-0.518041,-0.0428645,0.292037,0.181556,0.713046,0.078559,0.552818,-0.424013,29.855117745476758,9.084905534988824,-43.37636441509172,8.11321220704823,-9.833890282691772,3.3226444321824444
18.246464729309082,-0.0411644,-0.125978,0.0294372,-0.100451,-0.101812,0.175279,0.0888013,0.479823,0.501699,0.467245,0.451411,0.558331,-0.515923,-0.0429736,0.294854,0.18164,0.707997,0.081011,0.551458,-0.433673,30.445149052250006,8.184752467936562,-41.71852794545162,8.124581467343226,-10.314304076911963,2.299056170934367
18.24739956855774,-0.0411644,-0.125978,0.0294372,-0.100451,-0.101812,0.175279,0.0888013,0.479823,0.501699,0.467245,0.451411,0.558331,-0.515923,-0.0429736,0.294854,0.18164,0.707997,0.081011,0.551458,-0.433673,30.445149052250006,8.184752467936562,-41.71852794545162,8.124581467343226,-10.314304076911963,2.299056170934367
18.264137506484985,-4.16395,-4.82904,0.0271752,-0.629512,0.525429,-0.823768,0.0883522,0.480128,0.502092,0.467652,0.450615,0.559163,-0.51535,-0.0415231,0.298165,0.181273,0.702029,0.0917961,0.544821,-0.449332,30.643358765587113,7.488542587924285,-38.86603601157371,7.593935814794444,-12.536181169411512,2.123063936354825
18.26507043838501,-4.16395,-4.82904,0.0271752,-0.629512,0.525429,-0.823768,0.0883522,0.480128,0.502092,0.467652,0.450615,0.559163,-0.51535,-0.0415231,0.298165,0.181273,0.702029,0.0917961,0.544821,-0.449332,30.643358765587113,7.488542587924285,-38.86603601157371,7.593935814794444,-12.536181169411512,2.123063936354825
18.28847646713257,-0.859522,-3.20005,-0.0482086,-0.359904,-0.00866004,-0.26542,0.0879053,0.480413,0.502433,0.467798,0.4518,0.558358,-0.515052,-0.0425525,0.300035,0.181426,0.698948,0.0998996,0.541464,-0.456409,30.50169015020136,7.232469631741404,-37.53590438587439,6.851730859750419,-15.74746669647288,2.208641668510939
18.289409160614014,-0.859522,-3.20005,-0.0482086,-0.359904,-0.00866004,-0.26542,0.0879053,0.480413,0.502433,0.467798,0.4518,0.558358,-0.515052,-0.0425525,0.300035,0.181426,0.698948,0.0998996,0.541464,-0.456409,30.50169015020136,7.232469631741404,-37.53590438587439,6.851730859750419,-15.74746669647288,2.208641668510939
18.30518674850464,-3.40222,-1.29547,0.386324,-0.261748,0.2489,0.1095,0.0873171,0.480499,0.502298,0.467241,0.450856,0.557882,-0.516896,-0.0456544,0.300661,0.18254,0.69667,0.097596,0.545127,-0.456029,30.20889070312262,7.056893821293157,-37.77412704757964,7.846206333978428,-15.225939739601904,2.469687390121475
18.306145191192627,-3.40222,-1.29547,0.386324,-0.261748,0.2489,0.1095,0.0873171,0.480499,0.502298,0.467241,0.450856,0.557882,-0.516896,-0.0456544,0.300661,0.18254,0.69667,0.097596,0.545127,-0.456029,30.20889070312262,7.056893821293157,-37.77412704757964,7.846206333978428,-15.225939739601904,2.469687390121475
18.32180142402649,-3.34681,-3.20667,0.260009,-0.536288,0.261332,-0.274343,0.0869932,0.480392,0.501755,0.469709,0.449879,0.556232,-0.517289,-0.0464463,0.301185,0.182719,0.693677,0.0956188,0.547328,-0.458367,29.8385551830084,6.417489390650035,-37.435743862505404,9.509185831631367,-14.269298534036523,3.313093378504826
18.322745323181152,-3.34681,-3.20667,0.260009,-0.536288,0.261332,-0.274343,0.0869932,0.480392,0.501755,0.469709,0.449879,0.556232,-0.517289,-0.0464463,0.301185,0.182719,0.693677,0.0956188,0.547328,-0.458367,29.8385551830084,6.417489390650035,-37.435743862505404,9.509185831631367,-14.269298534036523,3.313093378504826
18.355304956436157,-2.77015,-2.952,1.99001,-0.553449,-0.149968,-0.240379,0.0865498,0.480501,0.500612,0.467697,0.450518,0.557897,-0.516763,-0.0478655,0.300937,0.182229,0.691397,0.0953899,0.547434,-0.461723,30.216572421642486,6.089661288260323,-36.981020052363334,8.019710412705958,-14.930105835019999,2.643678537438074
18.35627031326294,-2.77015,-2.952,1.99001,-0.553449,-0.149968,-0.240379,0.0865498,0.480501,0.500612,0.467697,0.450518,0.557897,-0.516763,-0.0478655,0.300937,0.182229,0.691397,0.0953899,0.547434,-0.461723,30.216572421642486,6.089661288260323,-36.981020052363334,8.019710412705958,-14.930105835019999,2.643678537438074
18.38430166244507,-2.87671,-2.85946,2.16568,-0.518955,-0.129217,-0.318875,0.0867259,0.480361,0.49991,0.468385,0.450977,0.557663,-0.515992,-0.0476371,0.300295,0.181904,0.692412,0.0974627,0.54603,-0.46143,30.172665098406753,6.2049369425062935,-36.8756493900913,7.129823583897236,-16.746411363710056,2.1954186721322246
18.386409521102905,-2.87671,-2.85946,2.16568,-0.518955,-0.129217,-0.318875,0.0867259,0.480361,0.49991,0.468385,0.450977,0.557663,-0.515992,-0.0476371,0.300295,0.181904,0.692412,0.0974627,0.54603,-0.46143,30.172665098406753,6.2049369425062935,-36.8756493900913,7.129823583897236,-16.746411363710056,2.1954186721322246
18.404237270355225,-2.787,-2.23046,1.86577,-0.371021,-0.0044792,-0.385865,0.0880277,0.479755,0.49973,0.468617,0.450976,0.556233,-0.517324,-0.0460786,0.298355,0.181451,0.693958,0.0943926,0.545034,-0.460923,30.34129757493068,6.357589510211358,-37.35400493542207,7.7568164478466475,-15.590567753352662,2.4380944606504107
18.405359506607056,-2.787,-2.23046,1.86577,-0.371021,-0.0044792,-0.385865,0.0880277,0.479755,0.49973,0.468617,0.450976,0.556233,-0.517324,-0.0460786,0.298355,0.181451,0.693958,0.0943926,0.545034,-0.460923,30.34129757493068,6.357589510211358,-37.35400493542207,7.7568164478466475,-15.590567753352662,2.4380944606504107
18.423597812652588,-2.8668,-1.9559,1.92082,-0.263563,0.0177886,-0.432997,0.0884176,0.479678,0.500221,0.46822,0.451489,0.555508,-0.518014,-0.0452261,0.297172,0.181452,0.696505,0.0935024,0.544512,-0.457869,30.383306291473346,6.783081804174767,-38.01590742743041,7.433481849950683,-15.00594365861901,2.6744677027424006
18.42453169822693,-2.8668,-1.9559,1.92082,-0.263563,0.0177886,-0.432997,0.0884176,0.479678,0.500221,0.46822,0.451489,0.555508,-0.518014,-0.0452261,0.297172,0.181452,0.696505,0.0935024,0.544512,-0.457869,30.383306291473346,6.783081804174767,-38.01590742743041,7.433481849950683,-15.00594365861901,2.6744677027424006
18.455402851104736,-1.8029,-0.713217,1.38189,0.019026,-0.0333376,-0.264027,0.08799,0.480109,0.501725,0.46925,0.451061,0.556595,-0.516285,-0.0443931,0.294291,0.181974,0.703419,0.0861049,0.543529,-0.449847,30.913949327526094,7.332337412153406,-39.36885650488036,7.740947715632629,-14.501916711285316,2.220486893933128
18.456350088119507,-1.8029,-0.713217,1.38189,0.019026,-0.0333376,-0.264027,0.08799,0.480109,0.501725,0.46925,0.451061,0.556595,-0.516285,-0.0443931,0.294291,0.181974,0.703419,0.0861049,0.543529,-0.449847,30.913949327526094,7.332337412153406,-39.36885650488036,7.740947715632629,-14.501916711285316,2.220486893933128
18.47208070755005,-0.37674,-0.725816,-0.179974,0.0742956,0.0685556,-0.298628,0.0876247,0.480467,0.502365,0.467974,0.45234,0.558291,-0.514491,-0.0435363,0.293364,0.181994,0.705016,0.0868271,0.541781,-0.449318,31.34866390029601,7.472765188137924,-39.36890033891554,5.5435945941640625,-15.077730205549447,1.787025027626556
18.473015546798706,-0.37674,-0.725816,-0.179974,0.0742956,0.0685556,-0.298628,0.0876247,0.480467,0.502365,0.467974,0.45234,0.558291,-0.514491,-0.0435363,0.293364,0.181994,0.705016,0.0868271,0.541781,-0.449318,31.34866390029601,7.472765188137924,-39.36890033891554,5.5435945941640625,-15.077730205549447,1.787025027626556
18.488678455352783,0.153463,-1.10066,-0.492701,0.0532954,0.0299031,-0.39495,0.0874894,0.480477,0.502615,0.46867,0.450947,0.558603,-0.51474,-0.043073,0.291914,0.181929,0.707657,0.0827722,0.540191,-0.447844,31.675169497716887,7.695223999555995,-39.75776854125093,6.5246036736298505,-14.589077677545163,1.4777828643764923
18.48962092399597,0.153463,-1.10066,-0.492701,0.0532954,0.0299031,-0.39495,0.0874894,0.480477,0.502615,0.46867,0.450947,0.558603,-0.51474,-0.043073,0.291914,0.181929,0.707657,0.0827722,0.540191,-0.447844,31.675169497716887,7.695223999555995,-39.75776854125093,6.5246036736298505,-14.589077677545163,1.4777828643764923
18.50534987449646,0.940458,-0.730723,-0.343643,0.154267,-0.109824,-0.340764,0.0874947,0.480444,0.502608,0.468948,0.450788,0.558515,-0.514723,-0.0427401,0.290529,0.181825,0.708096,0.0813965,0.540297,-0.447274,31.72315004704565,7.688639973112671,-39.901387882555085,5.923848617221197,-14.244570296848337,2.0349484886782845
18.506303548812866,0.940458,-0.730723,-0.343643,0.154267,-0.109824,-0.340764,0.0874947,0.480444,0.502608,0.468948,0.450788,0.558515,-0.514723,-0.0427401,0.290529,0.181825,0.708096,0.0813965,0.540297,-0.447274,31.72315004704565,7.688639973112671,-39.901387882555085,5.923848617221197,-14.244570296848337,2.0349484886782845
18.538475513458252,1.63518,-1.03347,0.368934,0.108551,-0.329577,-0.434035,0.0880785,0.48005,0.501729,0.46981,0.451167,0.556454,-0.515835,-0.0424188,0.287828,0.181271,0.709565,0.0741988,0.540181,-0.446336,32.03474525373461,7.593126025756476,-40.69356278751681,7.053951272480627,-12.610621993948412,2.083620454544942
18.539403438568115,1.63518,-1.03347,0.368934,0.108551,-0.329577,-0.434035,0.0880785,0.48005,0.501729,0.46981,0.451167,0.556454,-0.515835,-0.0424188,0.287828,0.181271,0.709565,0.0741988,0.540181,-0.446336,32.03474525373461,7.593126025756476,-40.69356278751681,7.053951272480627,-12.610621993948412,2.083620454544942
18.555729389190674,1.26241,-1.0289,0.96674,0.110335,-0.402639,-0.465558,0.0886214,0.479496,0.500519,0.470317,0.449554,0.555925,-0.517349,-0.0425136,0.285256,0.180677,0.709371,0.0734273,0.53885,-0.448377,32.067639373549675,7.639104397766873,-40.50699085777218,6.551619416385214,-13.434182924094822,2.608202752352246
18.556665420532227,1.26241,-1.0289,0.96674,0.110335,-0.402639,-0.465558,0.0886214,0.479496,0.500519,0.470317,0.449554,0.555925,-0.517349,-0.0425136,0.285256,0.180677,0.709371,0.0734273,0.53885,-0.448377,32.067639373549675,7.639104397766873,-40.50699085777218,6.551619416385214,-13.434182924094822,2.608202752352246
18.572375774383545,1.46936,-1.1934,1.60321,0.106069,-0.566942,-0.559912,0.0887727,0.479369,0.4997,0.470763,0.449384,0.55585,-0.517173,-0.0426816,0.283715,0.180254,0.710695,0.0708956,0.538743,-0.446812,32.193620243791536,7.701679608664307,-40.84989751916627,6.402102646119564,-13.819570140396504,2.381753384665451
18.573312759399414,1.46936,-1.1934,1.60321,0.106069,-0.566942,-0.559912,0.0887727,0.479369,0.4997,0.470763,0.449384,0.55585,-0.517173,-0.0426816,0.283715,0.180254,0.710695,0.0708956,0.538743,-0.446812,32.193620243791536,7.701679608664307,-40.84989751916627,6.402102646119564,-13.819570140396504,2.381753384665451
18.588599920272827,2.69741,-0.595335,1.54601,0.19024,-0.676274,-0.461074,0.0886257,0.479333,0.499469,0.469818,0.449181,0.556235,-0.517794,-0.0428962,0.282917,0.180226,0.711401,0.0700683,0.538132,-0.446557,32.37380340399174,7.8874641169437,-41.02827491220093,5.890074336062968,-13.724111562691615,2.0696630796939552
18.589531898498535,2.69741,-0.595335,1.54601,0.19024,-0.676274,-0.461074,0.0886257,0.479333,0.499469,0.469818,0.449181,0.556235,-0.517794,-0.0428962,0.282917,0.180226,0.711401,0.0700683,0.538132,-0.446557,32.37380340399174,7.8874641169437,-41.02827491220093,5.890074336062968,-13.724111562691615,2.0696630796939552
18.605334281921387,1.66966,-1.49466,1.88862,0.0490481,-0.615635,-0.742847,0.0881109,0.479484,0.498999,0.472054,0.44817,0.555314,-0.517624,-0.043465,0.281156,0.180141,0.713737,0.0651051,0.538382,-0.443267,32.377548736530336,7.939551568805195,-41.64875378320009,6.9476827681134194,-13.679294171114286,2.14959277709372
18.606276512145996,1.66966,-1.49466,1.88862,0.0490481,-0.615635,-0.742847,0.0881109,0.479484,0.498999,0.472054,0.44817,0.555314,-0.517624,-0.043465,0.281156,0.180141,0.713737,0.0651051,0.538382,-0.443267,32.377548736530336,7.939551568805195,-41.64875378320009,6.9476827681134194,-13.679294171114286,2.14959277709372
18.63841152191162,2.53715,-1.40847,1.6187,0.0764365,-0.706563,-0.800322,0.0879558,0.479704,0.499891,0.4703,0.450406,0.556961,-0.515506,-0.0447272,0.279422,0.181603,0.712867,0.0609899,0.54045,-0.442735,32.895954897691134,7.498030508712251,-41.9128325994486,4.791865001214159,-13.885586830295031,1.8049165220351007
18.639344453811646,2.53715,-1.40847,1.6187,0.0764365,-0.706563,-0.800322,0.0879558,0.479704,0.499891,0.4703,0.450406,0.556961,-0.515506,-0.0447272,0.279422,0.181603,0.712867,0.0609899,0.54045,-0.442735,32.895954897691134,7.498030508712251,-41.9128325994486,4.791865001214159,-13.885586830295031,1.8049165220351007
18.655394315719604,4.01036,-2.78028,0.424165,-0.0961976,-0.705141,-1.03134,0.0878646,0.479886,0.500576,0.468446,0.450923,0.557998,-0.515621,-0.0459426,0.278252,0.182866,0.712957,0.0577256,0.542278,-0.440789,33.14728023697184,7.526774429130877,-42.43097405263637,3.7259067067828706,-13.516754764857856,1.5979405099225843
18.656338930130005,4.01036,-2.78028,0.424165,-0.0961976,-0.705141,-1.03134,0.0878646,0.479886,0.500576,0.468446,0.450923,0.557998,-0.515621,-0.0459426,0.278252,0.182866,0.712957,0.0577256,0.542278,-0.440789,33.14728023697184,7.526774429130877,-42.43097405263637,3.7259067067828706,-13.516754764857856,1.5979405099225843
18.672019004821777,2.45922,-2.42139,0.877374,-0.000800739,-0.596313,-1.03268,0.0876509,0.480085,0.500956,0.468983,0.452764,0.556641,-0.514987,-0.0481657,0.276132,0.185229,0.713361,0.0526777,0.548354,-0.433185,32.734952248219784,7.3985678608386864,-43.75249912965539,2.259337933839248,-13.35108865502663,1.9493164456694696
18.6729679107666,2.45922,-2.42139,0.877374,-0.000800739,-0.596313,-1.03268,0.0876509,0.480085,0.500956,0.468983,0.452764,0.556641,-0.514987,-0.0481657,0.276132,0.185229,0.713361,0.0526777,0.548354,-0.433185,32.734952248219784,7.3985678608386864,-43.75249912965539,2.259337933839248,-13.35108865502663,1.9493164456694696
18.688103914260864,1.34971,-1.2396,0.793904,0.161794,-0.450688,-0.850877,0.087082,0.480405,0.501012,0.468245,0.451585,0.558086,-0.515129,-0.050723,0.273338,0.18749,0.714497,0.046605,0.555383,-0.422933,32.34454325538331,7.657140290188581,-45.21967920318977,0.2755819637076632,-12.90411050904447,2.3375160225392784
18.689061164855957,1.34971,-1.2396,0.793904,0.161794,-0.450688,-0.850877,0.087082,0.480405,0.501012,0.468245,0.451585,0.558086,-0.515129,-0.050723,0.273338,0.18749,0.714497,0.046605,0.555383,-0.422933,32.34454325538331,7.657140290188581,-45.21967920318977,0.2755819637076632,-12.90411050904447,2.3375160225392784
18.705408334732056,2.51609,-2.19816,0.874835,0.077214,-0.526508,-1.12587,0.0870938,0.480351,0.500827,0.469713,0.450672,0.557661,-0.515052,-0.052287,0.271057,0.189138,0.714831,0.0364657,0.560074,-0.417138,32.332296416357906,7.367970744097779,-46.37501148946994,1.7033075578576498,-11.547432091393002,2.176150994515424
18.706351280212402,2.51609,-2.19816,0.874835,0.077214,-0.526508,-1.12587,0.0870938,0.480351,0.500827,0.469713,0.450672,0.557661,-0.515052,-0.052287,0.271057,0.189138,0.714831,0.0364657,0.560074,-0.417138,32.332296416357906,7.367970744097779,-46.37501148946994,1.7033075578576498,-11.547432091393002,2.176150994515424
18.73835849761963,2.93854,-2.32407,0.659306,0.0421401,-0.490989,-1.2584,0.0878009,0.479882,0.500541,0.468496,0.45094,0.558572,-0.514939,-0.0528509,0.269268,0.189688,0.715233,0.0326405,0.561237,-0.415197,32.62470819750833,7.379642208499511,-46.87190728046208,1.2456590377746557,-11.777334162616654,1.5109003022801433
18.739290237426758,2.93854,-2.32407,0.659306,0.0421401,-0.490989,-1.2584,0.0878009,0.479882,0.500541,0.468496,0.45094,0.558572,-0.514939,-0.0528509,0.269268,0.189688,0.715233,0.0326405,0.561237,-0.415197,32.62470819750833,7.379642208499511,-46.87190728046208,1.2456590377746557,-11.777334162616654,1.5109003022801433
18.75465989112854,2.41386,-2.90416,0.569239,-0.051882,-0.380344,-1.38432,0.0882183,0.479714,0.50027,0.469049,0.450742,0.557054,-0.516251,-0.0533333,0.268181,0.190231,0.713729,0.0303803,0.561717,-0.417302,32.61911081598015,7.1189674634023,-46.85491109152244,1.6502345890280874,-11.355601561486344,1.9423023087963966
18.755595922470093,2.41386,-2.90416,0.569239,-0.051882,-0.380344,-1.38432,0.0882183,0.479714,0.50027,0.469049,0.450742,0.557054,-0.516251,-0.0533333,0.268181,0.190231,0.713729,0.0303803,0.561717,-0.417302,32.61911081598015,7.1189674634023,-46.85491109152244,1.6502345890280874,-11.355601561486344,1.9423023087963966
18.771206617355347,3.21689,-3.95317,0.616531,-0.209501,-0.474006,-1.52906,0.088173,0.479589,0.499883,0.472535,0.44753,0.555351,-0.5177,-0.0543719,0.266968,0.190496,0.713702,0.0293567,0.561879,-0.417204,32.10521798098479,7.09969823270626,-46.723486766255824,3.3726308537778364,-12.541665970294757,3.1556751256437616
18.772133111953735,3.21689,-3.95317,0.616531,-0.209501,-0.474006,-1.52906,0.088173,0.479589,0.499883,0.472535,0.44753,0.555351,-0.5177,-0.0543719,0.266968,0.190496,0.713702,0.0293567,0.561879,-0.417204,32.10521798098479,7.09969823270626,-46.723486766255824,3.3726308537778364,-12.541665970294757,3.1556751256437616
18.787995100021362,2.64663,-4.02109,0.377702,-0.235524,-0.355644,-1.54347,0.0881247,0.479606,0.499822,0.472257,0.447788,0.55556,-0.517506,-0.0546532,0.266821,0.190627,0.713308,0.0315659,0.561028,-0.418859,32.11828301630641,7.0813038036158105,-46.389522163578356,2.3223353137871263,-13.668677918703391,3.065570698472829
18.78892683982849,2.64663,-4.02109,0.377702,-0.235524,-0.355644,-1.54347,0.0881247,0.479606,0.499822,0.472257,0.447788,0.55556,-0.517506,-0.0546532,0.266821,0.190627,0.713308,0.0315659,0.561028,-0.418859,32.11828301630641,7.0813038036158105,-46.389522163578356,2.3223353137871263,-13.668677918703391,3.065570698472829
18.805066108703613,2.80321,-4.04198,0.701285,-0.252785,-0.457263,-1.57006,0.0881209,0.479567,0.499839,0.472261,0.447142,0.555367,-0.518267,-0.0556886,0.265995,0.191314,0.71279,0.0289807,0.562579,-0.417846,32.07253472862899,7.025306848824019,-46.666575783445126,2.6390660441236866,-13.404549293436288,3.31333916601446
18.806004285812378,2.80321,-4.04198,0.701285,-0.252785,-0.457263,-1.57006,0.0881209,0.479567,0.499839,0.472261,0.447142,0.555367,-0.518267,-0.0556886,0.265995,0.191314,0.71279,0.0289807,0.562579,-0.417846,32.07253472862899,7.025306848824019,-46.666575783445126,2.6390660441236866,-13.404549293436288,3.31333916601446
18.838411331176758,2.81179,-4.21816,0.823596,-0.304726,-0.487149,-1.66274,0.0880861,0.479721,0.500074,0.470246,0.447918,0.557073,-0.517599,-0.0563299,0.265756,0.191739,0.713108,0.0297566,0.562902,-0.416813,32.27578834660281,7.167064491291959,-46.76133202999916,0.9726570011635799,-14.287867434716764,2.731304331569069
18.8393497467041,2.81179,-4.21816,0.823596,-0.304726,-0.487149,-1.66274,0.0880861,0.479721,0.500074,0.470246,0.447918,0.557073,-0.517599,-0.0563299,0.265756,0.191739,0.713108,0.0297566,0.562902,-0.416813,32.27578834660281,7.167064491291959,-46.76133202999916,0.9726570011635799,-14.287867434716764,2.731304331569069
18.85457968711853,3.2232,-4.69301,0.816825,-0.390101,-0.526797,-1.72895,0.0879693,0.479857,0.500191,0.469066,0.449024,0.557326,-0.517437,-0.0563713,0.265834,0.191969,0.712444,0.0268407,0.563251,-0.417673,32.65390595652458,6.963371524797152,-46.92813046115971,1.092450601535015,-12.968490236297656,2.2133164777922874
18.855515718460083,3.2232,-4.69301,0.816825,-0.390101,-0.526797,-1.72895,0.0879693,0.479857,0.500191,0.469066,0.449024,0.557326,-0.517437,-0.0563713,0.265834,0.191969,0.712444,0.0268407,0.563251,-0.417673,32.65390595652458,6.963371524797152,-46.92813046115971,1.092450601535015,-12.968490236297656,2.2133164777922874
18.871328830718994,3.05735,-4.68956,0.981247,-0.396976,-0.508238,-1.68292,0.0879164,0.47983,0.500278,0.469883,0.448176,0.556634,-0.518177,-0.0561468,0.266077,0.191825,0.711356,0.0283031,0.562735,-0.42012,32.490225301401345,6.85276905934519,-46.50907160246516,1.4469659293937043,-12.774875635468376,2.9779734187752687
18.872254371643066,3.05735,-4.68956,0.981247,-0.396976,-0.508238,-1.68292,0.0879164,0.47983,0.500278,0.469883,0.448176,0.556634,-0.518177,-0.0561468,0.266077,0.191825,0.711356,0.0283031,0.562735,-0.42012,32.490225301401345,6.85276905934519,-46.50907160246516,1.4469659293937043,-12.774875635468376,2.9779734187752687
18.888153553009033,3.24043,-4.44872,0.688972,-0.374458,-0.461307,-1.58138,0.087977,0.479852,0.500196,0.468725,0.449926,0.557334,-0.516955,-0.0561971,0.266018,0.191715,0.709461,0.0264559,0.564292,-0.421355,32.78364470893138,6.394639267039319,-46.436263893848384,0.6945632062505068,-11.804510062746976,3.041785434859639
18.889092445373535,3.24043,-4.44872,0.688972,-0.374458,-0.461307,-1.58138,0.087977,0.479852,0.500196,0.468725,0.449926,0.557334,-0.516955,-0.0561971,0.266018,0.191715,0.709461,0.0264559,0.564292,-0.421355,32.78364470893138,6.394639267039319,-46.436263893848384,0.6945632062505068,-11.804510062746976,3.041785434859639
18.904728889465332,3.54848,-4.40015,1.08839,-0.378965,-0.566223,-1.4181,0.0880109,0.479483,0.49984,0.472173,0.446189,0.556537,-0.517913,-0.0555224,0.265753,0.191079,0.712935,0.02684,0.561463,-0.41924,32.4297154816189,6.939129279154979,-46.48595087615583,3.373086587940504,-13.215154362281531,2.8943642513557064
18.905665636062622,3.54848,-4.40015,1.08839,-0.378965,-0.566223,-1.4181,0.0880109,0.479483,0.49984,0.472173,0.446189,0.556537,-0.517913,-0.0555224,0.265753,0.191079,0.712935,0.02684,0.561463,-0.41924,32.4297154816189,6.939129279154979,-46.48595087615583,3.373086587940504,-13.215154362281531,2.8943642513557064
18.93846082687378,3.23336,-4.36001,1.5796,-0.439855,-0.624266,-1.09827,0.0879332,0.479462,0.499235,0.472057,0.447126,0.555615,-0.518201,-0.0546208,0.26569,0.190198,0.712384,0.0298459,0.560311,-0.421508,32.35581404849567,6.920432739999104,-46.17256157960071,2.1465731685989526,-12.965455681706283,3.368499938330398
18.93939185142517,3.23336,-4.36001,1.5796,-0.439855,-0.624266,-1.09827,0.0879332,0.479462,0.499235,0.472057,0.447126,0.555615,-0.518201,-0.0546208,0.26569,0.190198,0.712384,0.0298459,0.560311,-0.421508,32.35581404849567,6.920432739999104,-46.17256157960071,2.1465731685989526,-12.965455681706283,3.368499938330398
18.954761266708374,3.163,-4.66769,2.06238,-0.54959,-0.731729,-0.966823,0.0882255,0.479315,0.498842,0.470967,0.448314,0.554937,-0.518893,-0.0533225,0.265698,0.189336,0.713086,0.0314948,0.557557,-0.423847,32.6197290066709,7.1096971800364575,-46.082741390130465,1.6098555590128858,-12.517048639663575,2.8844677771223846
18.955698251724243,3.163,-4.66769,2.06238,-0.54959,-0.731729,-0.966823,0.0882255,0.479315,0.498842,0.470967,0.448314,0.554937,-0.518893,-0.0533225,0.265698,0.189336,0.713086,0.0314948,0.557557,-0.423847,32.6197290066709,7.1096971800364575,-46.082741390130465,1.6098555590128858,-12.517048639663575,2.8844677771223846
18.971439123153687,3.20037,-4.93653,2.03912,-0.603939,-0.748766,-0.877012,0.0886443,0.479073,0.498708,0.472808,0.446912,0.554321,-0.519086,-0.0527723,0.265228,0.188817,0.712956,0.0286039,0.557113,-0.424854,32.65849121707583,6.905417819214787,-45.988980137663404,3.6260278238345616,-11.988311673466331,3.427602610624022
18.972364902496338,3.20037,-4.93653,2.03912,-0.603939,-0.748766,-0.877012,0.0886443,0.479073,0.498708,0.472808,0.446912,0.554321,-0.519086,-0.0527723,0.265228,0.188817,0.712956,0.0286039,0.557113,-0.424854,32.65849121707583,6.905417819214787,-45.988980137663404,3.6260278238345616,-11.988311673466331,3.427602610624022
18.988048553466797,3.28231,-4.54161,1.90418,-0.551591,-0.748049,-0.73825,0.0887446,0.479025,0.498573,0.472473,0.447953,0.553803,-0.519046,-0.0523545,0.265278,0.188691,0.712214,0.0296155,0.556056,-0.427406,32.79371384672877,6.759504080897607,-45.72361657460441,3.0691903265839438,-11.916785365268348,3.270112026846057
18.988985061645508,3.28231,-4.54161,1.90418,-0.551591,-0.748049,-0.73825,0.0887446,0.479025,0.498573,0.472473,0.447953,0.553803,-0.519046,-0.0523545,0.265278,0.188691,0.712214,0.0296155,0.556056,-0.427406,32.79371384672877,6.759504080897607,-45.72361657460441,3.0691903265839438,-11.916785365268348,3.270112026846057
19.004820346832275,4.05138,-4.22799,1.87893,-0.513739,-0.848861,-0.552053,0.0889272,0.47896,0.49856,0.470339,0.449081,0.554894,-0.518845,-0.0513276,0.265173,0.18821,0.711868,0.0298652,0.554829,-0.429554,33.23968449300003,6.7471028575124645,-45.56485007952085,1.9046720285955172,-11.01398264900998,2.858009133727702
19.005751848220825,4.05138,-4.22799,1.87893,-0.513739,-0.848861,-0.552053,0.0889272,0.47896,0.49856,0.470339,0.449081,0.554894,-0.518845,-0.0513276,0.265173,0.18821,0.711868,0.0298652,0.554829,-0.429554,33.23968449300003,6.7471028575124645,-45.56485007952085,1.9046720285955172,-11.01398264900998,2.858009133727702
19.0381977558136,4.49405,-3.86714,1.52202,-0.441395,-0.815198,-0.32226,0.0890268,0.478972,0.498896,0.46997,0.449636,0.554565,-0.51905,-0.0496246,0.265602,0.187376,0.714611,0.0323945,0.551977,-0.428489,33.30426150072778,7.27008381427253,-45.75998360260879,1.8565306308524674,-10.901523407883344,2.548841102978955
19.039144039154053,4.49405,-3.86714,1.52202,-0.441395,-0.815198,-0.32226,0.0890268,0.478972,0.498896,0.46997,0.449636,0.554565,-0.51905,-0.0496246,0.265602,0.187376,0.714611,0.0323945,0.551977,-0.428489,33.30426150072778,7.27008381427253,-45.75998360260879,1.8565306308524674,-10.901523407883344,2.548841102978955
19.054580211639404,4.38154,-3.64489,1.68071,-0.434359,-0.807984,-0.163528,0.0890897,0.479061,0.499405,0.47056,0.449375,0.554251,-0.519077,-0.0475515,0.266489,0.186529,0.715083,0.0354219,0.549417,-0.430746,33.297025382920516,7.37076033917518,-45.308852710969354,2.149784023878339,-10.267059239533959,3.0582201500197934
19.05552363395691,4.38154,-3.64489,1.68071,-0.434359,-0.807984,-0.163528,0.0890897,0.479061,0.499405,0.47056,0.449375,0.554251,-0.519077,-0.0475515,0.266489,0.186529,0.715083,0.0354219,0.549417,-0.430746,33.297025382920516,7.37076033917518,-45.308852710969354,2.149784023878339,-10.267059239533959,3.0582201500197934
19.071390628814697,4.03907,-3.90116,1.35377,-0.443345,-0.700104,-0.171006,0.0891571,0.479075,0.499607,0.470476,0.449189,0.554776,-0.518754,-0.0466946,0.266935,0.185991,0.716027,0.0380968,0.548236,-0.430455,33.23969621563143,7.5965551037321335,-45.15649662506289,1.803640638846745,-10.722573756083607,3.1851733676537273
19.072312831878662,4.03907,-3.90116,1.35377,-0.443345,-0.700104,-0.171006,0.0891571,0.479075,0.499607,0.470476,0.449189,0.554776,-0.518754,-0.0466946,0.266935,0.185991,0.716027,0.0380968,0.548236,-0.430455,33.23969621563143,7.5965551037321335,-45.15649662506289,1.803640638846745,-10.722573756083607,3.1851733676537273
19.088141441345215,3.90965,-3.28764,1.11988,-0.350283,-0.637419,-0.00269112,0.0894152,0.479177,0.499952,0.468099,0.452348,0.555815,-0.517044,-0.044264,0.268151,0.184991,0.718096,0.0411314,0.545146,-0.430653,33.75540391921703,7.887287679274633,-45.21403893920983,0.36028636681077764,-10.339626780285833,1.8455097279162234
19.089067935943604,3.90965,-3.28764,1.11988,-0.350283,-0.637419,-0.00269112,0.0894152,0.479177,0.499952,0.468099,0.452348,0.555815,-0.517044,-0.044264,0.268151,0.184991,0.718096,0.0411314,0.545146,-0.430653,33.75540391921703,7.887287679274633,-45.21403893920983,0.36028636681077764,-10.339626780285833,1.8455097279162234
19.10480260848999,4.28352,-2.80449,1.56583,-0.341337,-0.768087,0.19655,0.0897079,0.479018,0.500178,0.469786,0.450574,0.556076,-0.516783,-0.0425852,0.269169,0.184148,0.718343,0.0431064,0.544193,-0.431253,33.532017654864795,7.916592439689559,-44.771464151001304,1.7093628250630974,-10.06127621515172,2.483668420886175
19.105732917785645,4.28352,-2.80449,1.56583,-0.341337,-0.768087,0.19655,0.0897079,0.479018,0.500178,0.469786,0.450574,0.556076,-0.516783,-0.0425852,0.269169,0.184148,0.718343,0.0431064,0.544193,-0.431253,33.532017654864795,7.916592439689559,-44.771464151001304,1.7093628250630974,-10.06127621515172,2.483668420886175
19.13832974433899,2.6903,-2.52074,1.42129,-0.244617,-0.398111,0.209907,0.0900687,0.478901,0.500339,0.471065,0.448978,0.555306,-0.517833,-0.037122,0.272661,0.180727,0.719967,0.0597977,0.531587,-0.442138,33.50135714213767,8.629129199194278,-42.52158517947078,2.2203858389161146,-12.224662753885235,2.7383750741722483
19.139264822006226,2.6903,-2.52074,1.42129,-0.244617,-0.398111,0.209907,0.0900687,0.478901,0.500339,0.471065,0.448978,0.555306,-0.517833,-0.037122,0.272661,0.180727,0.719967,0.0597977,0.531587,-0.442138,33.50135714213767,8.629129199194278,-42.52158517947078,2.2203858389161146,-12.224662753885235,2.7383750741722483
19.15456223487854,2.94211,-4.19049,1.18693,-0.369149,-0.249447,-0.119297,0.0901144,0.478964,0.500536,0.468898,0.45165,0.556178,-0.516539,-0.0334306,0.275381,0.178245,0.717352,0.0665283,0.52327,-0.455157,34.494097141568915,8.162680095935894,-40.65060953594032,1.8816396003238096,-11.44271619388233,1.9529159076266147
19.15550398826599,2.94211,-4.19049,1.18693,-0.369149,-0.249447,-0.119297,0.0901144,0.478964,0.500536,0.468898,0.45165,0.556178,-0.516539,-0.0334306,0.275381,0.178245,0.717352,0.0665283,0.52327,-0.455157,34.494097141568915,8.162680095935894,-40.65060953594032,1.8816396003238096,-11.44271619388233,1.9529159076266147
19.171461820602417,1.02416,-2.4343,1.64295,-0.235933,-0.0942711,0.283079,0.0902926,0.478948,0.500713,0.4702,0.450984,0.554993,-0.517211,-0.0306121,0.277592,0.176611,0.715954,0.0772328,0.516205,-0.463657,34.33107028299608,8.239379541285608,-38.936050764009174,2.2929330450655088,-12.966834890324384,2.6178601040419345
19.172386169433594,1.02416,-2.4343,1.64295,-0.235933,-0.0942711,0.283079,0.0902926,0.478948,0.500713,0.4702,0.450984,0.554993,-0.517211,-0.0306121,0.277592,0.176611,0.715954,0.0772328,0.516205,-0.463657,34.33107028299608,8.239379541285608,-38.936050764009174,2.2929330450655088,-12.966834890324384,2.6178601040419345
19.188084602355957,0.500717,-0.736294,1.44766,0.00842528,-0.0840183,0.653069,0.0904408,0.47907,0.501307,0.46807,0.451157,0.555349,-0.518609,-0.0297396,0.278582,0.176481,0.718459,0.0806911,0.514171,-0.461447,34.36653070317761,9.0489981554092,-39.34037863510455,1.9833999880669533,-12.936270273527455,2.093993105985109
19.18902039527893,0.500717,-0.736294,1.44766,0.00842528,-0.0840183,0.653069,0.0904408,0.47907,0.501307,0.46807,0.451157,0.555349,-0.518609,-0.0297396,0.278582,0.176481,0.718459,0.0806911,0.514171,-0.461447,34.36653070317761,9.0489981554092,-39.34037863510455,1.9833999880669533,-12.936270273527455,2.093993105985109
19.204685926437378,3.26512,-1.41546,0.843599,-0.134878,-0.329925,0.53662,0.0905011,0.479106,0.501584,0.469831,0.451414,0.554142,-0.518083,-0.0278897,0.279969,0.175688,0.717424,0.0825658,0.513334,-0.463652,34.170906962164366,8.773743919970057,-38.85637012216889,3.1550565986160812,-11.78897183872773,2.875554432492855
19.205629110336304,3.26512,-1.41546,0.843599,-0.134878,-0.329925,0.53662,0.0905011,0.479106,0.501584,0.469831,0.451414,0.554142,-0.518083,-0.0278897,0.279969,0.175688,0.717424,0.0825658,0.513334,-0.463652,34.170906962164366,8.773743919970057,-38.85637012216889,3.1550565986160812,-11.78897183872773,2.875554432492855
19.23806357383728,2.48847,-0.92255,2.0811,-0.0678881,-0.455215,0.600931,0.0901988,0.479165,0.501695,0.471482,0.45032,0.554982,-0.516634,-0.0261104,0.280793,0.174538,0.719789,0.0859933,0.51043,-0.46257,34.11728102200539,9.08317477514872,-38.534825683343264,3.756398633375958,-12.870921270910477,2.8441484433996966
19.23900079727173,2.48847,-0.92255,2.0811,-0.0678881,-0.455215,0.600931,0.0901988,0.479165,0.501695,0.471482,0.45032,0.554982,-0.516634,-0.0261104,0.280793,0.174538,0.719789,0.0859933,0.51043,-0.46257,34.11728102200539,9.08317477514872,-38.534825683343264,3.756398633375958,-12.870921270910477,2.8441484433996966
19.25446367263794,2.35533,-0.907669,1.74947,-0.059158,-0.423055,0.553027,0.0902644,0.47909,0.501273,0.469935,0.449985,0.555877,-0.517374,-0.0238516,0.281418,0.173284,0.720891,0.0930141,0.505928,-0.464437,34.21481643881661,9.69490924717418,-38.01638226929334,2.3113717863435896,-13.58634686495628,2.5820161315622085
19.255391120910645,2.35533,-0.907669,1.74947,-0.059158,-0.423055,0.553027,0.0902644,0.47909,0.501273,0.469935,0.449985,0.555877,-0.517374,-0.0238516,0.281418,0.173284,0.720891,0.0930141,0.505928,-0.464437,34.21481643881661,9.69490924717418,-38.01638226929334,2.3113717863435896,-13.58634686495628,2.5820161315622085
19.278355836868286,2.5211,-0.226345,2.22335,-0.0350596,-0.549977,0.669741,0.0904573,0.47886,0.50088,0.471531,0.4497,0.554644,-0.517492,-0.0234013,0.280953,0.172688,0.720991,0.0893491,0.504924,-0.466091,34.398435571445596,9.402737408997046,-38.010675533981875,4.241123194989998,-12.688078394330786,2.4785994709749017
19.280165910720825,2.5211,-0.226345,2.22335,-0.0350596,-0.549977,0.669741,0.0904573,0.47886,0.50088,0.471531,0.4497,0.554644,-0.517492,-0.0234013,0.280953,0.172688,0.720991,0.0893491,0.504924,-0.466091,34.398435571445596,9.402737408997046,-38.010675533981875,4.241123194989998,-12.688078394330786,2.4785994709749017
19.29742693901062,1.90124,-0.418014,2.53938,-0.0953052,-0.563093,0.607704,0.0906036,0.478751,0.500391,0.46874,0.451427,0.555128,-0.518004,-0.0225361,0.280524,0.172054,0.721901,0.0926926,0.503941,-0.465092,34.52543722197349,9.879949419188888,-38.283708568125306,1.7635376752837217,-12.599505045545802,2.3055003848202062
19.298428773880005,1.90124,-0.418014,2.53938,-0.0953052,-0.563093,0.607704,0.0906036,0.478751,0.500391,0.46874,0.451427,0.555128,-0.518004,-0.0225361,0.280524,0.172054,0.721901,0.0926926,0.503941,-0.465092,34.52543722197349,9.879949419188888,-38.283708568125306,1.7635376752837217,-12.599505045545802,2.3055003848202062
19.312013387680054,2.85539,-1.12199,2.76976,-0.177684,-0.739039,0.500355,0.0904967,0.478732,0.500021,0.470001,0.449712,0.555236,-0.518239,-0.022974,0.279595,0.171881,0.721967,0.0883498,0.504159,-0.465597,34.667591152845674,9.660400277726398,-38.29953769093705,3.124325677547588,-12.077813748630097,2.3881929609534804
19.312999486923218,2.85539,-1.12199,2.76976,-0.177684,-0.739039,0.500355,0.0904967,0.478732,0.500021,0.470001,0.449712,0.555236,-0.518239,-0.022974,0.279595,0.171881,0.721967,0.0883498,0.504159,-0.465597,34.667591152845674,9.660400277726398,-38.29953769093705,3.124325677547588,-12.077813748630097,2.3881929609534804
19.327453136444092,2.10164,-1.16267,3.01376,-0.192567,-0.706049,0.460045,0.0904521,0.478749,0.499934,0.470039,0.449955,0.555244,-0.517985,-0.0231529,0.279132,0.171932,0.722152,0.0862765,0.504216,-0.465638,34.833942150960844,9.55065189647112,-38.42595053000779,3.2664612690082224,-11.819066518284137,2.1440797720999623
19.328404903411865,2.10164,-1.16267,3.01376,-0.192567,-0.706049,0.460045,0.0904521,0.478749,0.499934,0.470039,0.449955,0.555244,-0.517985,-0.0231529,0.279132,0.171932,0.722152,0.0862765,0.504216,-0.465638,34.833942150960844,9.55065189647112,-38.42595053000779,3.2664612690082224,-11.819066518284137,2.1440797720999623
19.354737043380737,3.79633,-2.10057,2.78936,-0.362686,-0.860341,0.33973,0.08997,0.478838,0.49977,0.469068,0.451966,0.555061,-0.51731,-0.0243702,0.277339,0.172074,0.72167,0.0844047,0.503248,-0.467771,35.28213698960888,9.274725885256354,-38.434398117201255,1.7379755466375604,-12.505471305528452,1.961995236105098
19.355671405792236,3.79633,-2.10057,2.78936,-0.362686,-0.860341,0.33973,0.08997,0.478838,0.49977,0.469068,0.451966,0.555061,-0.51731,-0.0243702,0.277339,0.172074,0.72167,0.0844047,0.503248,-0.467771,35.28213698960888,9.274725885256354,-38.434398117201255,1.7379755466375604,-12.505471305528452,1.961995236105098
19.371434450149536,4.50099,-2.69385,1.72388,-0.389198,-0.74909,0.2642,0.0897826,0.478909,0.499672,0.469215,0.451734,0.555352,-0.517066,-0.0249864,0.276287,0.172301,0.721435,0.0814744,0.502894,-0.469031,35.56687041257454,9.045337756349204,-38.388643338510555,1.7741726384254688,-12.575128616806484,1.754763667622603
19.372365474700928,4.50099,-2.69385,1.72388,-0.389198,-0.74909,0.2642,0.0897826,0.478909,0.499672,0.469215,0.451734,0.555352,-0.517066,-0.0249864,0.276287,0.172301,0.721435,0.0814744,0.502894,-0.469031,35.56687041257454,9.045337756349204,-38.388643338510555,1.7741726384254688,-12.575128616806484,1.754763667622603
19.388193368911743,3.73624,-3.55715,1.82906,-0.470323,-0.712651,0.0721802,0.0897036,0.478971,0.499649,0.46933,0.451266,0.555354,-0.517369,-0.0252858,0.27582,0.172413,0.721759,0.079324,0.502994,-0.468795,35.67216268162461,9.028523319044673,-38.54566411599974,2.2000380834273208,-12.221076626515426,1.685142517331883
19.389122486114502,3.73624,-3.55715,1.82906,-0.470323,-0.712651,0.0721802,0.0897036,0.478971,0.499649,0.46933,0.451266,0.555354,-0.517369,-0.0252858,0.27582,0.172413,0.721759,0.079324,0.502994,-0.468795,35.67216268162461,9.028523319044673,-38.54566411599974,2.2000380834273208,-12.221076626515426,1.685142517331883
19.404739379882812,4.91389,-3.19272,1.68138,-0.409319,-0.79298,0.0850444,0.0895542,0.479024,0.499662,0.469721,0.450528,0.555659,-0.51733,-0.0258876,0.274118,0.172653,0.721957,0.0760114,0.501965,-0.470141,36.00573719018292,8.856606351914229,-38.49462039952504,2.2828657253124227,-12.582044332080299,1.6851763707277412
19.405683279037476,4.91389,-3.19272,1.68138,-0.409319,-0.79298,0.0850444,0.0895542,0.479024,0.499662,0.469721,0.450528,0.555659,-0.51733,-0.0258876,0.274118,0.172653,0.721957,0.0760114,0.501965,-0.470141,36.00573719018292,8.856606351914229,-38.49462039952504,2.2828657253124227,-12.582044332080299,1.6851763707277412
19.43804430961609,5.29717,-3.23468,1.6962,-0.415042,-0.824225,-0.0478107,0.0893581,0.478931,0.499559,0.470466,0.449028,0.554386,-0.519318,-0.0257969,0.272271,0.172567,0.723104,0.0732841,0.501892,-0.468886,35.91117547125087,9.100659854838813,-38.94527063117945,2.800554653216535,-11.327676626493304,2.7002436390931637
19.438976287841797,5.29717,-3.23468,1.6962,-0.415042,-0.824225,-0.0478107,0.0893581,0.478931,0.499559,0.470466,0.449028,0.554386,-0.519318,-0.0257969,0.272271,0.172567,0.723104,0.0732841,0.501892,-0.468886,35.91117547125087,9.100659854838813,-38.94527063117945,2.800554653216535,-11.327676626493304,2.7002436390931637
19.455000400543213,5.1677,-2.77038,1.89589,-0.36812,-0.867437,-0.052313,0.0891109,0.478916,0.499104,0.470892,0.448957,0.554725,-0.518632,-0.0258645,0.270357,0.17223,0.724242,0.0718869,0.500258,-0.469092,36.19186544804728,9.09451499861676,-38.95410933130699,1.9756004033086976,-12.296438915679747,2.670119252326269
19.45594024658203,5.1677,-2.77038,1.89589,-0.36812,-0.867437,-0.052313,0.0891109,0.478916,0.499104,0.470892,0.448957,0.554725,-0.518632,-0.0258645,0.270357,0.17223,0.724242,0.0718869,0.500258,-0.469092,36.19186544804728,9.09451499861676,-38.95410933130699,1.9756004033086976,-12.296438915679747,2.670119252326269
19.471340894699097,5.09247,-3.09196,2.50871,-0.440783,-1.06016,-0.187061,0.0890357,0.478859,0.498786,0.470624,0.449159,0.554407,-0.51904,-0.0257932,0.269514,0.172005,0.724647,0.0696257,0.498825,-0.470333,36.51674241737514,9.059582746202592,-39.049414194917944,2.2212122793112554,-11.835946058132635,2.274419456333508
19.472265005111694,5.09247,-3.09196,2.50871,-0.440783,-1.06016,-0.187061,0.0890357,0.478859,0.498786,0.470624,0.449159,0.554407,-0.51904,-0.0257932,0.269514,0.172005,0.724647,0.0696257,0.498825,-0.470333,36.51674241737514,9.059582746202592,-39.049414194917944,2.2212122793112554,-11.835946058132635,2.274419456333508
19.488121509552002,5.0146,-2.70342,2.81087,-0.415366,-1.16212,-0.155342,0.0890546,0.478903,0.498555,0.470016,0.449833,0.554097,-0.519337,-0.0259945,0.268855,0.171901,0.724431,0.0689823,0.499724,-0.469806,36.50906029405252,9.063291823180007,-39.27372647949339,1.4484526442250554,-11.370279131832906,2.6929336450635324
19.48904848098755,5.0146,-2.70342,2.81087,-0.415366,-1.16212,-0.155342,0.0890546,0.478903,0.498555,0.470016,0.449833,0.554097,-0.519337,-0.0259945,0.268855,0.171901,0.724431,0.0689823,0.499724,-0.469806,36.50906029405252,9.063291823180007,-39.27372647949339,1.4484526442250554,-11.370279131832906,2.6929336450635324
19.505048274993896,5.35142,-2.54482,3.39705,-0.431983,-1.39867,-0.201889,0.0892502,0.478647,0.498052,0.472567,0.448089,0.552837,-0.519873,-0.0260123,0.267164,0.171679,0.726076,0.0634854,0.498905,-0.46891,36.604065681069805,9.006909154543306,-39.62362396609758,3.7105919902911806,-11.134429657747567,2.6232278976874728
19.506025314331055,5.35142,-2.54482,3.39705,-0.431983,-1.39867,-0.201889,0.0892502,0.478647,0.498052,0.472567,0.448089,0.552837,-0.519873,-0.0260123,0.267164,0.171679,0.726076,0.0634854,0.498905,-0.46891,36.604065681069805,9.006909154543306,-39.62362396609758,3.7105919902911806,-11.134429657747567,2.6232278976874728
19.538431406021118,6.57416,-2.34052,4.25941,-0.551441,-1.65662,-0.122394,0.0893426,0.478519,0.4975,0.471189,0.448233,0.553342,-0.520461,-0.0259088,0.265545,0.171371,0.725779,0.0620592,0.498291,-0.470212,36.91884064050519,9.002222913395045,-39.65787207167646,2.4696081634894664,-10.654832521089395,2.772358485797648
19.53937816619873,6.57416,-2.34052,4.25941,-0.551441,-1.65662,-0.122394,0.0893426,0.478519,0.4975,0.471189,0.448233,0.553342,-0.520461,-0.0259088,0.265545,0.171371,0.725779,0.0620592,0.498291,-0.470212,36.91884064050519,9.002222913395045,-39.65787207167646,2.4696081634894664,-10.654832521089395,2.772358485797648
19.55466604232788,6.66968,-4.28816,4.165,-0.841935,-1.49054,-0.324594,0.0896487,0.478286,0.496943,0.472062,0.448301,0.552953,-0.520025,-0.0257421,0.264498,0.171221,0.725161,0.0618423,0.497039,-0.472513,37.028782277095836,8.749337250600936,-39.29919088281682,2.185530757128483,-11.563650008143476,2.688204037895299
19.555630207061768,6.66968,-4.28816,4.165,-0.841935,-1.49054,-0.324594,0.0896487,0.478286,0.496943,0.472062,0.448301,0.552953,-0.520025,-0.0257421,0.264498,0.171221,0.725161,0.0618423,0.497039,-0.472513,37.028782277095836,8.749337250600936,-39.29919088281682,2.185530757128483,-11.563650008143476,2.688204037895299
19.571467876434326,6.43689,-5.12154,3.11432,-0.883267,-1.11588,-0.317152,0.0899981,0.478172,0.496769,0.471103,0.449858,0.553384,-0.519091,-0.0261849,0.264228,0.171484,0.723407,0.0656117,0.495669,-0.47612,37.15681343465783,8.5083437245855,-38.620753860967525,0.18055939683468952,-13.781180775226415,2.4021614151463018
19.572412967681885,6.43689,-5.12154,3.11432,-0.883267,-1.11588,-0.317152,0.0899981,0.478172,0.496769,0.471103,0.449858,0.553384,-0.519091,-0.0261849,0.264228,0.171484,0.723407,0.0656117,0.495669,-0.47612,37.15681343465783,8.5083437245855,-38.620753860967525,0.18055939683468952,-13.781180775226415,2.4021614151463018
19.58806347846985,5.21033,-5.04422,3.11488,-0.867659,-0.94748,-0.30525,0.0903547,0.478045,0.497038,0.470689,0.448415,0.552628,-0.521515,-0.0269103,0.2637,0.172319,0.723823,0.0620248,0.496354,-0.475253,37.16884912490641,8.721703582952431,-39.128757938279165,1.6105830166577166,-12.661448864546587,2.243438173069385
19.589004039764404,5.21033,-5.04422,3.11488,-0.867659,-0.94748,-0.30525,0.0903547,0.478045,0.497038,0.470689,0.448415,0.552628,-0.521515,-0.0269103,0.2637,0.172319,0.723823,0.0620248,0.496354,-0.475253,37.16884912490641,8.721703582952431,-39.128757938279165,1.6105830166577166,-12.661448864546587,2.243438173069385
19.605220794677734,6.69735,-4.8217,1.84714,-0.812857,-0.783497,-0.0444939,0.09052,0.478123,0.497525,0.472364,0.448589,0.552079,-0.520431,-0.0275762,0.264141,0.173188,0.719939,0.0619176,0.498364,-0.479048,36.93400241190781,7.885862160935029,-38.32664418817156,1.8317519495119956,-12.883629802651733,3.0852270971075573
19.606210708618164,6.69735,-4.8217,1.84714,-0.812857,-0.783497,-0.0444939,0.09052,0.478123,0.497525,0.472364,0.448589,0.552079,-0.520431,-0.0275762,0.264141,0.173188,0.719939,0.0619176,0.498364,-0.479048,36.93400241190781,7.885862160935029,-38.32664418817156,1.8317519495119956,-12.883629802651733,3.0852270971075573
19.63834571838379,5.72289,-5.17075,-0.265545,-0.774417,-0.11716,0.0917187,0.0904738,0.478463,0.498834,0.472646,0.44785,0.552014,-0.52088,-0.0277133,0.265929,0.17427,0.72013,0.0644001,0.496996,-0.479854,36.82350113772349,8.042125723308278,-38.05695308836494,2.9306638790834674,-13.704096092630095,2.559539453482099
19.6392879486084,5.72289,-5.17075,-0.265545,-0.774417,-0.11716,0.0917187,0.0904738,0.478463,0.498834,0.472646,0.44785,0.552014,-0.52088,-0.0277133,0.265929,0.17427,0.72013,0.0644001,0.496996,-0.479854,36.82350113772349,8.042125723308278,-38.05695308836494,2.9306638790834674,-13.704096092630095,2.559539453482099
19.65457558631897,5.16573,-4.81899,0.763939,-0.837817,-0.295111,0.16815,0.0901979,0.47893,0.500621,0.472157,0.449283,0.552732,-0.519326,-0.027456,0.26859,0.175178,0.719228,0.0674029,0.49899,-0.478725,36.58939531274979,7.934007822631143,-37.935609836279745,2.7667540618905173,-13.268585692155305,2.7530504870132013
19.655500173568726,5.16573,-4.81899,0.763939,-0.837817,-0.295111,0.16815,0.0901979,0.47893,0.500621,0.472157,0.449283,0.552732,-0.519326,-0.027456,0.26859,0.175178,0.719228,0.0674029,0.49899,-0.478725,36.58939531274979,7.934007822631143,-37.935609836279745,2.7667540618905173,-13.268585692155305,2.7530504870132013
19.671229362487793,4.70853,-4.73042,1.46067,-0.861925,-0.323463,0.234161,0.0900808,0.479142,0.501396,0.471599,0.44898,0.553704,-0.519059,-0.0268243,0.27045,0.175215,0.720361,0.0705673,0.497492,-0.478124,36.59399431426945,8.260014729915033,-37.80547586740127,3.2545332268045195,-13.777892785217178,2.096756405740743
19.672154188156128,4.70853,-4.73042,1.46067,-0.861925,-0.323463,0.234161,0.0900808,0.479142,0.501396,0.471599,0.44898,0.553704,-0.519059,-0.0268243,0.27045,0.175215,0.720361,0.0705673,0.497492,-0.478124,36.59399431426945,8.260014729915033,-37.80547586740127,3.2545332268045195,-13.777892785217178,2.096756405740743
19.68803906440735,3.84319,-4.94843,1.21324,-0.843416,-0.159312,0.224552,0.0901016,0.479169,0.501452,0.471377,0.450154,0.553476,-0.518488,-0.0261244,0.271506,0.175104,0.719155,0.0727693,0.498722,-0.478327,36.38750414549843,8.12373772348429,-37.65836671045328,2.5743562562312174,-13.074259757242865,2.3985295150397787
19.68897032737732,3.84319,-4.94843,1.21324,-0.843416,-0.159312,0.224552,0.0901016,0.479169,0.501452,0.471377,0.450154,0.553476,-0.518488,-0.0261244,0.271506,0.175104,0.719155,0.0727693,0.498722,-0.478327,36.38750414549843,8.12373772348429,-37.65836671045328,2.5743562562312174,-13.074259757242865,2.3985295150397787
19.70535898208618,2.768,-3.21112,1.33733,-0.565396,-0.0367981,0.526782,0.0907898,0.478848,0.501019,0.471009,0.449549,0.552784,-0.520082,-0.0245471,0.273677,0.174156,0.718058,0.0781466,0.497725,-0.480162,36.01612594851045,8.36367557926072,-37.21194934726982,3.3566145125729987,-12.499411831006707,2.5151394340066564
19.706294536590576,2.768,-3.21112,1.33733,-0.565396,-0.0367981,0.526782,0.0907898,0.478848,0.501019,0.471009,0.449549,0.552784,-0.520082,-0.0245471,0.273677,0.174156,0.718058,0.0781466,0.497725,-0.480162,36.01612594851045,8.36367557926072,-37.21194934726982,3.3566145125729987,-12.499411831006707,2.5151394340066564
19.738309860229492,1.41754,-2.16298,2.2898,-0.438526,-0.0597232,0.554385,0.0914224,0.478436,0.500517,0.470276,0.449964,0.553299,-0.519839,-0.0230424,0.275236,0.173204,0.718546,0.084991,0.496422,-0.479618,35.743964457496006,8.77680543046845,-36.915229969382345,2.6154317411390124,-13.731373711740062,2.1475131340387907
19.739255666732788,1.41754,-2.16298,2.2898,-0.438526,-0.0597232,0.554385,0.0914224,0.478436,0.500517,0.470276,0.449964,0.553299,-0.519839,-0.0230424,0.275236,0.173204,0.718546,0.084991,0.496422,-0.479618,35.743964457496006,8.77680543046845,-36.915229969382345,2.6154317411390124,-13.731373711740062,2.1475131340387907
19.75501799583435,0.696995,-1.25314,3.29675,-0.368111,-0.209986,0.58118,0.0917787,0.47824,0.499587,0.470932,0.451381,0.552378,-0.518996,-0.0202803,0.278038,0.17129,0.717636,0.0912153,0.493945,-0.482386,35.5554919909287,8.720450734376614,-36.211469403270065,3.190739695868344,-13.386869787087383,1.7472201749214822
19.75594973564148,0.696995,-1.25314,3.29675,-0.368111,-0.209986,0.58118,0.0917787,0.47824,0.499587,0.470932,0.451381,0.552378,-0.518996,-0.0202803,0.278038,0.17129,0.717636,0.0912153,0.493945,-0.482386,35.5554919909287,8.720450734376614,-36.211469403270065,3.190739695868344,-13.386869787087383,1.7472201749214822
19.77143168449402,0.0464821,-1.38245,4.52735,-0.439813,-0.423164,0.435474,0.0913834,0.47835,0.499565,0.47226,0.449281,0.552144,-0.51986,-0.0190083,0.279268,0.170374,0.719749,0.096937,0.492081,-0.480021,35.03898130824001,9.405157304466972,-36.088473741410596,3.853948832750901,-14.13150722023983,2.4299096419755446
19.772367477416992,0.0464821,-1.38245,4.52735,-0.439813,-0.423164,0.435474,0.0913834,0.47835,0.499565,0.47226,0.449281,0.552144,-0.51986,-0.0190083,0.279268,0.170374,0.719749,0.096937,0.492081,-0.480021,35.03898130824001,9.405157304466972,-36.088473741410596,3.853948832750901,-14.13150722023983,2.4299096419755446
19.788140296936035,-0.0178566,-1.77973,4.34635,-0.449715,-0.438382,0.349682,0.0910902,0.47849,0.499595,0.471564,0.450222,0.552228,-0.519589,-0.0188077,0.27974,0.170072,0.71809,0.0983033,0.491857,-0.482451,35.108299763260305,9.177267920772326,-35.72451566771667,3.182497203359621,-13.609815903020198,2.7510935539720727
19.78907585144043,-0.0178566,-1.77973,4.34635,-0.449715,-0.438382,0.349682,0.0910902,0.47849,0.499595,0.471564,0.450222,0.552228,-0.519589,-0.0188077,0.27974,0.170072,0.71809,0.0983033,0.491857,-0.482451,35.108299763260305,9.177267920772326,-35.72451566771667,3.182497203359621,-13.609815903020198,2.7510935539720727
19.804880142211914,0.226177,-0.7654,3.52322,-0.268287,-0.339255,0.471559,0.090348,0.478843,0.500018,0.471668,0.449167,0.553914,-0.518611,-0.0185264,0.280172,0.170085,0.721736,0.0979161,0.490696,-0.478255,35.28296563859856,9.68990571852418,-36.15813926970049,3.529003009548525,-14.13611289287425,1.8277877027935179
19.805813789367676,0.226177,-0.7654,3.52322,-0.268287,-0.339255,0.471559,0.090348,0.478843,0.500018,0.471668,0.449167,0.553914,-0.518611,-0.0185264,0.280172,0.170085,0.721736,0.0979161,0.490696,-0.478255,35.28296563859856,9.68990571852418,-36.15813926970049,3.529003009548525,-14.13611289287425,1.8277877027935179
19.83845067024231,1.80382,-0.797027,2.48046,-0.226236,-0.330423,0.558148,0.0897666,0.479283,0.50074,0.470151,0.453414,0.55328,-0.516968,-0.0188524,0.280511,0.170579,0.721374,0.0971358,0.492494,-0.47711,35.45219789217893,9.452344964253184,-36.64802108045555,1.7691096301909126,-13.007658000749553,1.7990222203538617
19.839372634887695,1.80382,-0.797027,2.48046,-0.226236,-0.330423,0.558148,0.0897666,0.479283,0.50074,0.470151,0.453414,0.55328,-0.516968,-0.0188524,0.280511,0.170579,0.721374,0.0971358,0.492494,-0.47711,35.45219789217893,9.452344964253184,-36.64802108045555,1.7691096301909126,-13.007658000749553,1.7990222203538617
19.855042219161987,3.2487,-2.02108,0.515698,-0.306035,0.00560061,0.543149,0.0893084,0.47944,0.501076,0.469649,0.451959,0.554685,-0.517192,-0.019172,0.280879,0.170885,0.720205,0.0969397,0.491276,-0.480162,35.70421944364445,9.297518696467526,-36.096910853892005,2.0925887046062988,-12.970649398481232,1.4742762247969363
19.855977296829224,3.2487,-2.02108,0.515698,-0.306035,0.00560061,0.543149,0.0893084,0.47944,0.501076,0.469649,0.451959,0.554685,-0.517192,-0.019172,0.280879,0.170885,0.720205,0.0969397,0.491276,-0.480162,35.70421944364445,9.297518696467526,-36.096910853892005,2.0925887046062988,-12.970649398481232,1.4742762247969363
19.87160301208496,3.7347,-1.51779,-0.104488,-0.216459,0.164706,0.769845,0.0889171,0.479469,0.50101,0.47118,0.449825,0.553996,-0.518396,-0.019901,0.28109,0.170869,0.719277,0.0977012,0.490913,-0.481767,35.41251328997402,9.24770107176732,-35.69270298290519,3.375693774235369,-13.333926294321303,2.1467113706972074
19.872538805007935,3.7347,-1.51779,-0.104488,-0.216459,0.164706,0.769845,0.0889171,0.479469,0.50101,0.47118,0.449825,0.553996,-0.518396,-0.019901,0.28109,0.170869,0.719277,0.0977012,0.490913,-0.481767,35.41251328997402,9.24770107176732,-35.69270298290519,3.375693774235369,-13.333926294321303,2.1467113706972074
19.888433694839478,2.95127,-2.19294,0.636027,-0.343688,0.18512,0.676064,0.0886719,0.47952,0.500689,0.470843,0.450648,0.55404,-0.517941,-0.0203695,0.281387,0.170738,0.718539,0.0978133,0.491388,-0.48236,35.44626212053717,9.09459645822268,-35.623631142391886,3.009892925467532,-13.377035894773101,1.9318325091551034
19.889373064041138,2.95127,-2.19294,0.636027,-0.343688,0.18512,0.676064,0.0886719,0.47952,0.500689,0.470843,0.450648,0.55404,-0.517941,-0.0203695,0.281387,0.170738,0.718539,0.0978133,0.491388,-0.48236,35.44626212053717,9.09459645822268,-35.623631142391886,3.009892925467532,-13.377035894773101,1.9318325091551034
19.90482187271118,2.71793,-2.37933,1.06792,-0.381396,0.241427,0.695898,0.0884419,0.479499,0.500245,0.470323,0.450866,0.553846,-0.51843,-0.0201388,0.282252,0.170321,0.717681,0.101094,0.489079,-0.4853,35.49858112892529,9.134137376261624,-35.12876060025123,2.875669046757077,-13.944435920071943,1.419618300869403
19.905768871307373,2.71793,-2.37933,1.06792,-0.381396,0.241427,0.695898,0.0884419,0.479499,0.500245,0.470323,0.450866,0.553846,-0.51843,-0.0201388,0.282252,0.170321,0.717681,0.101094,0.489079,-0.4853,35.49858112892529,9.134137376261624,-35.12876060025123,2.875669046757077,-13.944435920071943,1.419618300869403
19.938436269760132,0.416504,-2.44951,0.551708,-0.375027,0.580807,0.616568,0.0886049,0.479382,0.499762,0.47117,0.448892,0.553548,-0.519692,-0.0168674,0.286321,0.168998,0.708572,0.113228,0.482928,-0.501883,35.217001445935495,8.23379068249499,-31.86962742111949,3.773127334708379,-13.76654339673877,2.0973044053258185
19.93936562538147,0.416504,-2.44951,0.551708,-0.375027,0.580807,0.616568,0.0886049,0.479382,0.499762,0.47117,0.448892,0.553548,-0.519692,-0.0168674,0.286321,0.168998,0.708572,0.113228,0.482928,-0.501883,35.217001445935495,8.23379068249499,-31.86962742111949,3.773127334708379,-13.76654339673877,2.0973044053258185
19.954664945602417,1.40709,-3.37826,1.5308,-0.541001,0.281687,0.437511,0.0891339,0.479249,0.500046,0.470232,0.450739,0.552657,-0.519891,-0.0153435,0.288506,0.168754,0.706447,0.118887,0.481477,-0.504954,35.060038711010435,8.197183082281954,-31.322646449633854,3.6083068725508296,-13.573952617971635,1.9673799111933659
19.955624103546143,1.40709,-3.37826,1.5308,-0.541001,0.281687,0.437511,0.0891339,0.479249,0.500046,0.470232,0.450739,0.552657,-0.519891,-0.0153435,0.288506,0.168754,0.706447,0.118887,0.481477,-0.504954,35.060038711010435,8.197183082281954,-31.322646449633854,3.6083068725508296,-13.573952617971635,1.9673799111933659
19.978660345077515,1.66226,-2.76483,1.07251,-0.492511,0.291625,0.546836,0.0895312,0.479019,0.500354,0.471464,0.448746,0.5534,-0.519709,-0.0139818,0.290742,0.16857,0.702177,0.125987,0.47891,-0.511586,34.722829780203845,7.821128002381792,-29.6074170405379,4.517348029056575,-15.0064423280524,2.390441081165171
19.980467557907104,1.66226,-2.76483,1.07251,-0.492511,0.291625,0.546836,0.0895312,0.479019,0.500354,0.471464,0.448746,0.5534,-0.519709,-0.0139818,0.290742,0.16857,0.702177,0.125987,0.47891,-0.511586,34.722829780203845,7.821128002381792,-29.6074170405379,4.517348029056575,-15.0064423280524,2.390441081165171
19.997829914093018,0.939934,-2.5328,1.58749,-0.509683,0.246298,0.573156,0.0895948,0.479231,0.500578,0.470182,0.450725,0.554239,-0.518261,-0.0111434,0.294291,0.1678,0.700221,0.138835,0.474988,-0.514589,34.47773602700206,8.096226982444058,-28.438960448659294,2.8387525428427915,-16.861193792536067,2.0320006462389295
19.998970985412598,0.939934,-2.5328,1.58749,-0.509683,0.246298,0.573156,0.0895948,0.479231,0.500578,0.470182,0.450725,0.554239,-0.518261,-0.0111434,0.294291,0.1678,0.700221,0.138835,0.474988,-0.514589,34.47773602700206,8.096226982444058,-28.438960448659294,2.8387525428427915,-16.861193792536067,2.0320006462389295
20.01433563232422,-0.232697,-2.59108,2.21492,-0.535699,0.249481,0.527106,0.0893658,0.479396,0.50075,0.469402,0.450503,0.555871,-0.517413,-0.0100732,0.296307,0.167597,0.697295,0.145508,0.473374,-0.518194,34.351512681229764,7.99374295474825,-27.33408773910234,1.9220043572931325,-17.8358541402829,2.0461046147989794
20.015466928482056,-0.232697,-2.59108,2.21492,-0.535699,0.249481,0.527106,0.0893658,0.479396,0.50075,0.469402,0.450503,0.555871,-0.517413,-0.0100732,0.296307,0.167597,0.697295,0.145508,0.473374,-0.518194,34.351512681229764,7.99374295474825,-27.33408773910234,1.9220043572931325,-17.8358541402829,2.0461046147989794
20.031829595565796,-0.0313835,-2.66069,1.93606,-0.535474,0.263754,0.485028,0.0893702,0.479392,0.500963,0.471007,0.449966,0.554319,-0.518086,-0.00835893,0.298441,0.167205,0.695806,0.15055,0.47284,-0.51924,33.75903116319191,8.05384821703544,-26.858153473186526,3.0742023914252443,-17.175407208110006,2.9536494236988218
20.032957553863525,-0.0313835,-2.66069,1.93606,-0.535474,0.263754,0.485028,0.0893702,0.479392,0.500963,0.471007,0.449966,0.554319,-0.518086,-0.00835893,0.298441,0.167205,0.695806,0.15055,0.47284,-0.51924,33.75903116319191,8.05384821703544,-26.858153473186526,3.0742023914252443,-17.175407208110006,2.9536494236988218
20.049565315246582,-0.332764,-1.80482,1.08954,-0.390712,0.494582,0.620623,0.0896331,0.47947,0.501148,0.469506,0.454145,0.553133,-0.517069,-0.00670201,0.300486,0.16703,0.690759,0.153439,0.468717,-0.528784,34.26993830367187,7.192646096082449,-25.640785785914414,2.878480312015599,-16.417151474080132,1.6361354778230441
20.05078625679016,-0.332764,-1.80482,1.08954,-0.390712,0.494582,0.620623,0.0896331,0.47947,0.501148,0.469506,0.454145,0.553133,-0.517069,-0.00670201,0.300486,0.16703,0.690759,0.153439,0.468717,-0.528784,34.26993830367187,7.192646096082449,-25.640785785914414,2.878480312015599,-16.417151474080132,1.6361354778230441
20.065521717071533,0.755333,-1.64186,1.07619,-0.385254,0.384486,0.658705,0.0898489,0.47936,0.501422,0.46999,0.450337,0.554865,-0.518104,-0.00422835,0.302603,0.166005,0.688911,0.160934,0.463443,-0.533594,34.1297237926663,7.463591537560725,-24.171920640238387,4.657984892129352,-17.442202384351514,1.956385423030211
20.066447973251343,0.755333,-1.64186,1.07619,-0.385254,0.384486,0.658705,0.0898489,0.47936,0.501422,0.46999,0.450337,0.554865,-0.518104,-0.00422835,0.302603,0.166005,0.688911,0.160934,0.463443,-0.533594,34.1297237926663,7.463591537560725,-24.171920640238387,4.657984892129352,-17.442202384351514,1.956385423030211
20.08800196647644,0.74173,-3.58301,1.7802,-0.63381,0.288897,0.303561,0.089941,0.479286,0.501465,0.469849,0.449949,0.55499,-0.518434,-0.000237274,0.306025,0.164246,0.683594,0.16997,0.457333,-0.542821,34.07181754973179,7.1566568017888725,-22.22146317663706,6.040760311781161,-16.535347819128038,2.2503054110062726
20.088942289352417,0.74173,-3.58301,1.7802,-0.63381,0.288897,0.303561,0.089941,0.479286,0.501465,0.469849,0.449949,0.55499,-0.518434,-0.000237274,0.306025,0.164246,0.683594,0.16997,0.457333,-0.542821,34.07181754973179,7.1566568017888725,-22.22146317663706,6.040760311781161,-16.535347819128038,2.2503054110062726
20.104792594909668,-0.111786,-1.65873,1.40452,-0.395585,0.464143,0.63826,0.0898327,0.479338,0.501362,0.469113,0.451644,0.554987,-0.517629,0.00243923,0.308537,0.163046,0.680392,0.179981,0.451222,-0.5487,34.10434853837853,7.146872860006584,-20.81994010752359,5.7974473750782645,-17.974237503322897,1.8912928967901212
20.10574507713318,-0.111786,-1.65873,1.40452,-0.395585,0.464143,0.63826,0.0898327,0.479338,0.501362,0.469113,0.451644,0.554987,-0.517629,0.00243923,0.308537,0.163046,0.680392,0.179981,0.451222,-0.5487,34.10434853837853,7.146872860006584,-20.81994010752359,5.7974473750782645,-17.974237503322897,1.8912928967901212
20.148048639297485,-0.0454102,-1.7175,1.34686,-0.435978,0.417298,0.521677,0.0894358,0.47942,0.501013,0.470606,0.451425,0.553224,-0.518352,0.00691026,0.31253,0.160795,0.673409,0.190405,0.44294,-0.56042,33.86163821523354,6.621551081782694,-18.426658043992546,8.420123942641961,-16.967385990598764,2.3775288963690846
20.15032434463501,-0.0454102,-1.7175,1.34686,-0.435978,0.417298,0.521677,0.0894358,0.47942,0.501013,0.470606,0.451425,0.553224,-0.518352,0.00691026,0.31253,0.160795,0.673409,0.190405,0.44294,-0.56042,33.86163821523354,6.621551081782694,-18.426658043992546,8.420123942641961,-16.967385990598764,2.3775288963690846
20.171159029006958,-0.106842,-1.09869,2.11719,-0.372941,0.184211,0.415409,0.0890447,0.479486,0.500942,0.469969,0.449517,0.554022,-0.519734,0.00811354,0.314402,0.160103,0.672792,0.195799,0.444838,-0.557793,33.22029860296378,7.219340475280948,-18.426720028272165,8.22705033566158,-15.71526456352908,3.873443542045645
20.172703981399536,-0.106842,-1.09869,2.11719,-0.372941,0.184211,0.415409,0.0890447,0.479486,0.500942,0.469969,0.449517,0.554022,-0.519734,0.00811354,0.314402,0.160103,0.672792,0.195799,0.444838,-0.557793,33.22029860296378,7.219340475280948,-18.426720028272165,8.22705033566158,-15.71526456352908,3.873443542045645
20.190175771713257,-1.24636,-0.904258,2.36763,-0.351571,0.21904,0.26438,0.088873,0.479558,0.500894,0.470084,0.449145,0.554795,-0.519127,0.00823706,0.314956,0.15984,0.672634,0.195681,0.444546,-0.558258,33.303774948709965,7.130603761520218,-18.234368799187866,8.631757016957728,-15.705974471260006,3.5923276336166454
20.191181182861328,-1.24636,-0.904258,2.36763,-0.351571,0.21904,0.26438,0.088873,0.479558,0.500894,0.470084,0.449145,0.554795,-0.519127,0.00823706,0.314956,0.15984,0.672634,0.195681,0.444546,-0.558258,33.303774948709965,7.130603761520218,-18.234368799187866,8.631757016957728,-15.705974471260006,3.5923276336166454
20.223450899124146,-1.82864,0.0138705,2.22436,-0.193015,0.216016,0.254662,0.0879131,0.479851,0.500476,0.470182,0.45036,0.554603,-0.51819,0.00775959,0.315165,0.159141,0.67408,0.198115,0.444253,-0.555883,33.23722013633697,7.400263196546526,-18.47049286361648,7.808010407921372,-16.678103560490186,3.8316977671045493
20.22438383102417,-1.82864,0.0138705,2.22436,-0.193015,0.216016,0.254662,0.0879131,0.479851,0.500476,0.470182,0.45036,0.554603,-0.51819,0.00775959,0.315165,0.159141,0.67408,0.198115,0.444253,-0.555883,33.23722013633697,7.400263196546526,-18.47049286361648,7.808010407921372,-16.678103560490186,3.8316977671045493
20.237839221954346,-1.56596,-0.17799,2.01563,-0.22097,0.173072,0.18277,0.0875708,0.479926,0.500421,0.469902,0.451161,0.555967,-0.516282,0.00761981,0.315176,0.159146,0.673422,0.1976,0.445103,-0.556184,33.397348760974374,7.1030876226320085,-18.278100134818207,6.772713715987572,-16.898214569280245,3.4908237601998993
20.238790035247803,-1.56596,-0.17799,2.01563,-0.22097,0.173072,0.18277,0.0875708,0.479926,0.500421,0.469902,0.451161,0.555967,-0.516282,0.00761981,0.315176,0.159146,0.673422,0.1976,0.445103,-0.556184,33.397348760974374,7.1030876226320085,-18.278100134818207,6.772713715987572,-16.898214569280245,3.4908237601998993
20.25521492958069,-1.29527,-0.165592,2.3478,-0.228036,0.0117565,0.100058,0.0870273,0.480227,0.500498,0.470566,0.44999,0.555153,-0.517574,0.00596102,0.313781,0.159182,0.678657,0.187615,0.444216,-0.553984,34.07540690750649,7.225979119459932,-19.355206597341095,9.384484439934798,-15.220976470873392,2.079629289915311
20.256158351898193,-1.29527,-0.165592,2.3478,-0.228036,0.0117565,0.100058,0.0870273,0.480227,0.500498,0.470566,0.44999,0.555153,-0.517574,0.00596102,0.313781,0.159182,0.678657,0.187615,0.444216,-0.553984,34.07540690750649,7.225979119459932,-19.355206597341095,9.384484439934798,-15.220976470873392,2.079629289915311
20.272401571273804,-1.3479,-0.189882,2.15506,-0.2191,0.0297867,0.0281548,0.0871148,0.480155,0.500715,0.470993,0.449123,0.55504,-0.518058,0.00482161,0.312707,0.159474,0.678074,0.189224,0.446349,-0.552434,33.63337401628216,7.360197463409058,-19.421859348576305,8.413696707378218,-16.44305379374936,3.794896675046912
20.27333688735962,-1.3479,-0.189882,2.15506,-0.2191,0.0297867,0.0281548,0.0871148,0.480155,0.500715,0.470993,0.449123,0.55504,-0.518058,0.00482161,0.312707,0.159474,0.678074,0.189224,0.446349,-0.552434,33.63337401628216,7.360197463409058,-19.421859348576305,8.413696707378218,-16.44305379374936,3.794896675046912
20.28872299194336,-1.08928,-0.352274,2.09997,-0.230844,-0.00152963,-0.0131255,0.0874137,0.480183,0.500791,0.470544,0.451311,0.556166,-0.515351,0.00448286,0.312189,0.159593,0.680209,0.187288,0.446054,-0.550704,34.12980206303337,7.246774158070701,-19.727430258695446,7.611312246560576,-17.933428952464656,2.475344698886983
20.289655923843384,-1.08928,-0.352274,2.09997,-0.230844,-0.00152963,-0.0131255,0.0874137,0.480183,0.500791,0.470544,0.451311,0.556166,-0.515351,0.00448286,0.312189,0.159593,0.680209,0.187288,0.446054,-0.550704,34.12980206303337,7.246774158070701,-19.727430258695446,7.611312246560576,-17.933428952464656,2.475344698886983
20.32187247276306,-0.123936,-0.211062,1.2383,-0.15817,0.0152988,-0.0341466,0.0883506,0.479696,0.50092,0.471471,0.449312,0.554623,-0.517906,0.000632889,0.30854,0.160875,0.680519,0.178289,0.45094,-0.549326,33.94223352317695,6.987636009569651,-20.577183568120205,8.324396040556824,-17.926600561727113,3.811448292188518
20.322869777679443,-0.123936,-0.211062,1.2383,-0.15817,0.0152988,-0.0341466,0.0883506,0.479696,0.50092,0.471471,0.449312,0.554623,-0.517906,0.000632889,0.30854,0.160875,0.680519,0.178289,0.45094,-0.549326,33.94223352317695,6.987636009569651,-20.577183568120205,8.324396040556824,-17.926600561727113,3.811448292188518
20.338995933532715,-1.77998,-0.372448,1.66629,-0.149466,0.116142,-0.119857,0.0883731,0.479719,0.500932,0.471737,0.449256,0.55487,-0.517448,-0.000405008,0.307596,0.161382,0.680721,0.171329,0.454012,-0.548761,34.15587559635977,6.534506047674669,-21.00270941098281,8.574124000886854,-16.257083779635156,3.5040681988894384
20.339943408966064,-1.77998,-0.372448,1.66629,-0.149466,0.116142,-0.119857,0.0883731,0.479719,0.500932,0.471737,0.449256,0.55487,-0.517448,-0.000405008,0.307596,0.161382,0.680721,0.171329,0.454012,-0.548761,34.15587559635977,6.534506047674669,-21.00270941098281,8.574124000886854,-16.257083779635156,3.5040681988894384
20.355799913406372,-1.41041,0.266825,1.97552,-0.048444,0.0287658,-0.00861823,0.0883912,0.479859,0.501073,0.470292,0.450453,0.555768,-0.516758,-0.00445008,0.304753,0.163162,0.682987,0.162197,0.46003,-0.543685,34.474579301532714,6.383504289800005,-22.36349158578651,6.656291880528442,-16.570853867514693,3.0236148863796743
20.356743097305298,-1.41041,0.266825,1.97552,-0.048444,0.0287658,-0.00861823,0.0883912,0.479859,0.501073,0.470292,0.450453,0.555768,-0.516758,-0.00445008,0.304753,0.163162,0.682987,0.162197,0.46003,-0.543685,34.474579301532714,6.383504289800005,-22.36349158578651,6.656291880528442,-16.570853867514693,3.0236148863796743
20.371947050094604,-1.65342,0.279738,1.58911,-0.00528155,0.137483,-0.0358033,0.0883318,0.479949,0.501168,0.469863,0.450297,0.555995,-0.517041,-0.00580031,0.303762,0.163904,0.684828,0.157137,0.462953,-0.540364,34.58567800265977,6.453504175229819,-23.194041912057287,6.487108250058812,-15.6748046077705,2.741027346737992
20.372878074645996,-1.65342,0.279738,1.58911,-0.00528155,0.137483,-0.0358033,0.0883318,0.479949,0.501168,0.469863,0.450297,0.555995,-0.517041,-0.00580031,0.303762,0.163904,0.684828,0.157137,0.462953,-0.540364,34.58567800265977,6.453504175229819,-23.194041912057287,6.487108250058812,-15.6748046077705,2.741027346737992
20.388710498809814,-1.98147,-0.206157,0.655782,-0.0633427,0.347266,-0.13487,0.0881442,0.480026,0.501655,0.469282,0.451304,0.555855,-0.516841,-0.00951137,0.301092,0.165289,0.686188,0.145432,0.46706,-0.538378,35.134303255328746,5.966109398731872,-24.278638920225333,6.678385813132755,-14.6487163067732,2.255669269965466
20.389665842056274,-1.98147,-0.206157,0.655782,-0.0633427,0.347266,-0.13487,0.0881442,0.480026,0.501655,0.469282,0.451304,0.555855,-0.516841,-0.00951137,0.301092,0.165289,0.686188,0.145432,0.46706,-0.538378,35.134303255328746,5.966109398731872,-24.278638920225333,6.678385813132755,-14.6487163067732,2.255669269965466
20.421358585357666,0.128652,-0.735344,0.206571,-0.0737536,0.074512,-0.18457,0.0878357,0.480291,0.501879,0.469505,0.451589,0.556494,-0.515701,-0.0129992,0.297455,0.166319,0.689292,0.13557,0.467049,-0.536993,35.96218331835765,5.682896566218939,-24.995361881016006,6.666220709341443,-16.34528302277728,1.301892732612634
20.422293424606323,0.128652,-0.735344,0.206571,-0.0737536,0.074512,-0.18457,0.0878357,0.480291,0.501879,0.469505,0.451589,0.556494,-0.515701,-0.0129992,0.297455,0.166319,0.689292,0.13557,0.467049,-0.536993,35.96218331835765,5.682896566218939,-24.995361881016006,6.666220709341443,-16.34528302277728,1.301892732612634
20.43907904624939,-0.831928,-0.403236,0.387639,-0.0462177,0.140353,-0.13658,0.0878308,0.480274,0.501911,0.469742,0.451088,0.55625,-0.516185,-0.0138293,0.296381,0.166408,0.689529,0.131353,0.469067,-0.535978,35.99577436532821,5.548486373526426,-25.38774646531984,7.04659213884026,-15.23058522893631,1.8557178943486623
20.440015077590942,-0.831928,-0.403236,0.387639,-0.0462177,0.140353,-0.13658,0.0878308,0.480274,0.501911,0.469742,0.451088,0.55625,-0.516185,-0.0138293,0.296381,0.166408,0.689529,0.131353,0.469067,-0.535978,35.99577436532821,5.548486373526426,-25.38774646531984,7.04659213884026,-15.23058522893631,1.8557178943486623
20.454612493515015,-0.59704,-0.819496,0.492293,-0.100837,0.0671382,-0.213321,0.0876008,0.480281,0.501607,0.469258,0.451846,0.55637,-0.515834,-0.0151398,0.293321,0.166138,0.691792,0.130271,0.466868,-0.535246,36.399222650096476,5.758216973655419,-25.670762366960474,5.461578580641126,-17.512827516197166,2.1141289240245547
20.455549716949463,-0.59704,-0.819496,0.492293,-0.100837,0.0671382,-0.213321,0.0876008,0.480281,0.501607,0.469258,0.451846,0.55637,-0.515834,-0.0151398,0.293321,0.166138,0.691792,0.130271,0.466868,-0.535246,36.399222650096476,5.758216973655419,-25.670762366960474,5.461578580641126,-17.512827516197166,2.1141289240245547
20.471957206726074,-0.314938,-0.757435,0.515605,-0.0895136,0.0286857,-0.192418,0.0872084,0.480414,0.501052,0.467928,0.453021,0.556762,-0.515589,-0.0152223,0.291226,0.165709,0.69534,0.122831,0.466182,-0.533,37.2180039709632,5.871503404822983,-26.63998177184015,5.063684670010826,-15.700147806708454,0.8657033144747417
20.47288727760315,-0.314938,-0.757435,0.515605,-0.0895136,0.0286857,-0.192418,0.0872084,0.480414,0.501052,0.467928,0.453021,0.556762,-0.515589,-0.0152223,0.291226,0.165709,0.69534,0.122831,0.466182,-0.533,37.2180039709632,5.871503404822983,-26.63998177184015,5.063684670010826,-15.700147806708454,0.8657033144747417
20.488693237304688,-0.0130978,-0.73867,0.672629,-0.0868497,-0.0300656,-0.183236,0.0870057,0.480214,0.500637,0.470364,0.448829,0.555487,-0.518405,-0.0152587,0.289246,0.165086,0.696889,0.119305,0.464222,-0.533488,37.124053303851916,6.080794812114634,-26.703482040223406,7.558947068374171,-14.906030790704229,1.8287935931679522
20.48962664604187,-0.0130978,-0.73867,0.672629,-0.0868497,-0.0300656,-0.183236,0.0870057,0.480214,0.500637,0.470364,0.448829,0.555487,-0.518405,-0.0152587,0.289246,0.165086,0.696889,0.119305,0.464222,-0.533488,37.124053303851916,6.080794812114634,-26.703482040223406,7.558947068374171,-14.906030790704229,1.8287935931679522
20.532630920410156,-0.508696,-0.575101,0.498288,-0.0591049,0.028543,-0.147306,0.0876351,0.479851,0.500163,0.472135,0.450147,0.554579,-0.516622,-0.0139432,0.287022,0.164283,0.698847,0.118653,0.462953,-0.532174,37.23313179003746,6.016501780787241,-26.888145941995596,6.798458577745735,-16.022855109296277,2.335683175797494
20.535881280899048,-0.508696,-0.575101,0.498288,-0.0591049,0.028543,-0.147306,0.0876351,0.479851,0.500163,0.472135,0.450147,0.554579,-0.516622,-0.0139432,0.287022,0.164283,0.698847,0.118653,0.462953,-0.532174,37.23313179003746,6.016501780787241,-26.888145941995596,6.798458577745735,-16.022855109296277,2.335683175797494
20.567005395889282,0.665591,-0.302476,-0.103433,-0.00238894,-0.0323024,-0.0574324,0.088028,0.479994,0.501222,0.470844,0.449119,0.555486,-0.517719,-0.0134157,0.284652,0.16479,0.701883,0.112928,0.461187,-0.530955,37.90915678406928,6.325939492456873,-27.530102046041577,7.021412727532007,-14.733223475789247,2.214945288442513
20.56871747970581,0.665591,-0.302476,-0.103433,-0.00238894,-0.0323024,-0.0574324,0.088028,0.479994,0.501222,0.470844,0.449119,0.555486,-0.517719,-0.0134157,0.284652,0.16479,0.701883,0.112928,0.461187,-0.530955,37.90915678406928,6.325939492456873,-27.530102046041577,7.021412727532007,-14.733223475789247,2.214945288442513
20.584928035736084,0.459953,-0.550724,-0.305301,-0.0303436,0.0316052,-0.109301,0.0879986,0.480215,0.501827,0.469789,0.451384,0.555888,-0.516274,-0.0134285,0.283297,0.165163,0.704852,0.113227,0.45977,-0.528181,38.284600426396445,6.663906152913318,-28.095414385938884,5.185346191965829,-16.294873685979685,1.8864328362113985
20.585897207260132,0.459953,-0.550724,-0.305301,-0.0303436,0.0316052,-0.109301,0.0879986,0.480215,0.501827,0.469789,0.451384,0.555888,-0.516274,-0.0134285,0.283297,0.165163,0.704852,0.113227,0.45977,-0.528181,38.284600426396445,6.663906152913318,-28.095414385938884,5.185346191965829,-16.294873685979685,1.8864328362113985
20.604947805404663,0.761927,-0.583592,-0.288339,-0.0334673,-0.00375603,-0.110728,0.0881002,0.480255,0.502464,0.470407,0.450717,0.55567,-0.516528,-0.0135838,0.280965,0.165551,0.707035,0.105413,0.460188,-0.526513,38.713459357576276,6.581879637207922,-28.800870023413573,6.167046843953388,-14.655926131944105,2.1253604364365
20.605889558792114,0.761927,-0.583592,-0.288339,-0.0334673,-0.00375603,-0.110728,0.0881002,0.480255,0.502464,0.470407,0.450717,0.55567,-0.516528,-0.0135838,0.280965,0.165551,0.707035,0.105413,0.460188,-0.526513,38.713459357576276,6.581879637207922,-28.800870023413573,6.167046843953388,-14.655926131944105,2.1253604364365
20.63797879219055,0.14654,-0.564003,0.37892,-0.0637027,-0.0422801,-0.125504,0.0884561,0.480064,0.501721,0.468786,0.451844,0.555494,-0.517206,-0.0137065,0.278308,0.165264,0.708568,0.100793,0.459802,-0.525694,39.23196748438055,6.698507849373288,-29.496745223104043,4.95263071652531,-13.807741770666555,1.8744160911291479
20.638919353485107,0.14654,-0.564003,0.37892,-0.0637027,-0.0422801,-0.125504,0.0884561,0.480064,0.501721,0.468786,0.451844,0.555494,-0.517206,-0.0137065,0.278308,0.165264,0.708568,0.100793,0.459802,-0.525694,39.23196748438055,6.698507849373288,-29.496745223104043,4.95263071652531,-13.807741770666555,1.8744160911291479
20.655256986618042,0.377222,-0.909547,-0.178774,-0.0870267,-0.00861503,-0.190207,0.0888109,0.479674,0.50116,0.471688,0.448992,0.55466,-0.517947,-0.013632,0.277551,0.164904,0.70818,0.102862,0.458301,-0.527125,38.80699113870687,6.673734209953587,-28.88882183180231,6.259105511543465,-15.670989385231998,2.6512856816211787
20.656198978424072,0.377222,-0.909547,-0.178774,-0.0870267,-0.00861503,-0.190207,0.0888109,0.479674,0.50116,0.471688,0.448992,0.55466,-0.517947,-0.013632,0.277551,0.164904,0.70818,0.102862,0.458301,-0.527125,38.80699113870687,6.673734209953587,-28.88882183180231,6.259105511543465,-15.670989385231998,2.6512856816211787
20.671905040740967,0.873649,-0.583524,0.280088,-0.0655177,-0.140385,-0.116416,0.0892019,0.479455,0.500752,0.471081,0.449966,0.553648,-0.518736,-0.0134846,0.276664,0.164883,0.709177,0.098134,0.459036,-0.526045,39.07499429624677,6.684767404332162,-29.592853350956297,6.672008294629397,-13.860593282067269,2.0486604466342215
20.6728413105011,0.873649,-0.583524,0.280088,-0.0655177,-0.140385,-0.116416,0.0892019,0.479455,0.500752,0.471081,0.449966,0.553648,-0.518736,-0.0134846,0.276664,0.164883,0.709177,0.098134,0.459036,-0.526045,39.07499429624677,6.684767404332162,-29.592853350956297,6.672008294629397,-13.860593282067269,2.0486604466342215
20.6886568069458,0.748796,-0.443853,0.29798,-0.0517683,-0.134299,-0.0899104,0.0893286,0.479403,0.500616,0.470267,0.450541,0.554936,-0.517598,-0.0134835,0.276232,0.164699,0.709038,0.0994005,0.457802,-0.527069,39.32411627481224,6.622316364413726,-29.285708193307677,5.55448017816641,-15.208222131656163,1.753314764424542
20.689587116241455,0.748796,-0.443853,0.29798,-0.0517683,-0.134299,-0.0899104,0.0893286,0.479403,0.500616,0.470267,0.450541,0.554936,-0.517598,-0.0134835,0.276232,0.164699,0.709038,0.0994005,0.457802,-0.527069,39.32411627481224,6.622316364413726,-29.285708193307677,5.55448017816641,-15.208222131656163,1.753314764424542
20.705346822738647,0.658609,-0.994328,-0.132479,-0.0886222,-0.0629185,-0.194667,0.0890896,0.479556,0.500637,0.468949,0.451344,0.55516,-0.517854,-0.0133353,0.275922,0.164602,0.709873,0.0989173,0.456987,-0.526743,39.584444822249786,6.797147484947026,-29.54790566011141,4.867732884606592,-14.6786380440873,1.4663346250949028
20.706286191940308,0.658609,-0.994328,-0.132479,-0.0886222,-0.0629185,-0.194667,0.0890896,0.479556,0.500637,0.468949,0.451344,0.55516,-0.517854,-0.0133353,0.275922,0.164602,0.709873,0.0989173,0.456987,-0.526743,39.584444822249786,6.797147484947026,-29.54790566011141,4.867732884606592,-14.6786380440873,1.4663346250949028
20.73837375640869,0.0280342,-0.871897,-0.211073,-0.0610635,0.0315465,-0.179449,0.0883911,0.479908,0.501136,0.471383,0.44969,0.555508,-0.516708,-0.0136951,0.275653,0.164866,0.710674,0.0951185,0.458242,-0.525271,39.52867474410115,6.533697455479907,-29.592255918219664,6.2050840692267,-14.19109214813868,1.8862150896453
20.739319324493408,0.0280342,-0.871897,-0.211073,-0.0610635,0.0315465,-0.179449,0.0883911,0.479908,0.501136,0.471383,0.44969,0.555508,-0.516708,-0.0136951,0.275653,0.164866,0.710674,0.0951185,0.458242,-0.525271,39.52867474410115,6.533697455479907,-29.592255918219664,6.2050840692267,-14.19109214813868,1.8862150896453
20.755225896835327,0.72774,-0.539697,-0.274442,-0.0183713,-0.0337783,-0.095042,0.0879308,0.480221,0.501943,0.470357,0.451062,0.556527,-0.51535,-0.0138344,0.275632,0.165315,0.711968,0.0962663,0.458489,-0.52309,39.66015668451558,6.719792095753009,-29.868214171428,4.7272569033491605,-14.827607819355991,1.9122742137707809
20.75618076324463,0.72774,-0.539697,-0.274442,-0.0183713,-0.0337783,-0.095042,0.0879308,0.480221,0.501943,0.470357,0.451062,0.556527,-0.51535,-0.0138344,0.275632,0.165315,0.711968,0.0962663,0.458489,-0.52309,39.66015668451558,6.719792095753009,-29.868214171428,4.7272569033491605,-14.827607819355991,1.9122742137707809
20.771956205368042,1.04567,-0.493986,-0.56166,-0.0113961,-0.0174662,-0.0792694,0.0878581,0.480277,0.502311,0.470909,0.450434,0.556347,-0.515589,-0.0138348,0.275883,0.1654,0.710989,0.0959359,0.457064,-0.525721,39.754432515893,6.501292270774032,-29.431097269458988,5.725235037278392,-14.76579052730969,1.8895117971521502
20.772887468338013,1.04567,-0.493986,-0.56166,-0.0113961,-0.0174662,-0.0792694,0.0878581,0.480277,0.502311,0.470909,0.450434,0.556347,-0.515589,-0.0138348,0.275883,0.1654,0.710989,0.0959359,0.457064,-0.525721,39.754432515893,6.501292270774032,-29.431097269458988,5.725235037278392,-14.76579052730969,1.8895117971521502
20.78864359855652,0.848746,-0.483638,-0.406522,-0.0131667,-0.0330366,-0.0836448,0.0876554,0.480331,0.502024,0.469325,0.451583,0.557362,-0.514931,-0.0140062,0.275915,0.165101,0.712143,0.101453,0.455789,-0.524229,39.732069794850105,6.9731830606719045,-29.445928716789986,3.4815439275384605,-17.13172598708471,1.7620276953038532
20.789576292037964,0.848746,-0.483638,-0.406522,-0.0131667,-0.0330366,-0.0836448,0.0876554,0.480331,0.502024,0.469325,0.451583,0.557362,-0.514931,-0.0140062,0.275915,0.165101,0.712143,0.101453,0.455789,-0.524229,39.732069794850105,6.9731830606719045,-29.445928716789986,3.4815439275384605,-17.13172598708471,1.7620276953038532
20.805376052856445,0.263651,-0.13018,-0.290611,0.0222225,0.014295,-0.0324931,0.08756,0.480256,0.501475,0.471173,0.450156,0.556177,-0.515774,-0.014226,0.275733,0.164836,0.711165,0.0957357,0.458218,-0.524514,39.594157766616306,6.560574024030372,-29.60564086255167,5.546041905670015,-14.591242971987112,2.112826942283595
20.806315898895264,0.263651,-0.13018,-0.290611,0.0222225,0.014295,-0.0324931,0.08756,0.480256,0.501475,0.471173,0.450156,0.556177,-0.515774,-0.014226,0.275733,0.164836,0.711165,0.0957357,0.458218,-0.524514,39.594157766616306,6.560574024030372,-29.60564086255167,5.546041905670015,-14.591242971987112,2.112826942283595
20.838370084762573,0.487323,-0.56038,-0.276476,-0.0327704,-0.0142275,-0.118072,0.0874193,0.480104,0.500516,0.470719,0.450614,0.556337,-0.515615,-0.0145585,0.275183,0.164343,0.711519,0.0966918,0.457946,-0.524096,39.62058242958842,6.66707252095766,-29.66498118623279,4.5548226431873315,-15.396366245850128,1.8537656924790507
20.839303016662598,0.487323,-0.56038,-0.276476,-0.0327704,-0.0142275,-0.118072,0.0874193,0.480104,0.500516,0.470719,0.450614,0.556337,-0.515615,-0.0145585,0.275183,0.164343,0.711519,0.0966918,0.457946,-0.524096,39.62058242958842,6.66707252095766,-29.66498118623279,4.5548226431873315,-15.396366245850128,1.8537656924790507
20.8551344871521,0.527113,-0.680342,-0.201675,-0.0495988,-0.0387466,-0.139532,0.0876736,0.479931,0.500298,0.471136,0.450662,0.554861,-0.516782,-0.0144933,0.274234,0.164283,0.713756,0.0946213,0.456853,-0.522383,39.70784673474375,6.988455769097047,-30.295038075824603,5.4267728381190405,-15.203643219090553,1.4889101027621474
20.856066465377808,0.527113,-0.680342,-0.201675,-0.0495988,-0.0387466,-0.139532,0.0876736,0.479931,0.500298,0.471136,0.450662,0.554861,-0.516782,-0.0144933,0.274234,0.164283,0.713756,0.0946213,0.456853,-0.522383,39.70784673474375,6.988455769097047,-30.295038075824603,5.4267728381190405,-15.203643219090553,1.4889101027621474
20.87200665473938,0.503176,-0.761108,-0.267219,-0.0547338,-0.0239401,-0.154779,0.0878821,0.479959,0.500477,0.470515,0.450597,0.555085,-0.517164,-0.0145148,0.273889,0.16444,0.711563,0.0927166,0.457638,-0.525022,39.831185600898166,6.610855766887842,-29.993738037798362,5.28752954184567,-13.94388386541992,1.977033012226913
20.872945547103882,0.503176,-0.761108,-0.267219,-0.0547338,-0.0239401,-0.154779,0.0878821,0.479959,0.500477,0.470515,0.450597,0.555085,-0.517164,-0.0145148,0.273889,0.16444,0.711563,0.0927166,0.457638,-0.525022,39.831185600898166,6.610855766887842,-29.993738037798362,5.28752954184567,-13.94388386541992,1.977033012226913
20.88856554031372,0.67719,-0.535815,-0.189077,-0.031211,-0.0585741,-0.103862,0.0879556,0.479986,0.500695,0.470619,0.450719,0.555421,-0.516602,-0.0143828,0.273773,0.16463,0.711795,0.0923759,0.457513,-0.524878,39.90698720649292,6.563728148786655,-29.973677065218546,5.171355264193428,-14.17984093941628,1.8531789784651762
20.889495372772217,0.67719,-0.535815,-0.189077,-0.031211,-0.0585741,-0.103862,0.0879556,0.479986,0.500695,0.470619,0.450719,0.555421,-0.516602,-0.0143828,0.273773,0.16463,0.711795,0.0923759,0.457513,-0.524878,39.90698720649292,6.563728148786655,-29.973677065218546,5.171355264193428,-14.17984093941628,1.8531789784651762
20.905333995819092,0.737993,-0.569642,-0.206477,-0.0291181,-0.0606092,-0.104863,0.0879969,0.480026,0.501335,0.472115,0.449128,0.555055,-0.517016,-0.0139443,0.273907,0.164924,0.713474,0.0937603,0.456714,-0.523046,39.649192713985464,6.885730428913689,-30.067133807571008,6.194088824166071,-14.92448945168191,2.184009793209178
20.906288623809814,0.737993,-0.569642,-0.206477,-0.0291181,-0.0606092,-0.104863,0.0879969,0.480026,0.501335,0.472115,0.449128,0.555055,-0.517016,-0.0139443,0.273907,0.164924,0.713474,0.0937603,0.456714,-0.523046,39.649192713985464,6.885730428913689,-30.067133807571008,6.194088824166071,-14.92448945168191,2.184009793209178
20.93800687789917,0.532476,-0.380824,-0.361448,-0.00104514,-0.0033363,-0.0703959,0.0880418,0.480085,0.501742,0.470512,0.450929,0.555269,-0.516679,-0.0136614,0.27464,0.165006,0.713534,0.0945565,0.456658,-0.522869,39.82562604197081,6.962312943884328,-30.247285006421542,5.561416178488038,-14.443740157574362,1.7602274339859134
20.938945770263672,0.532476,-0.380824,-0.361448,-0.00104514,-0.0033363,-0.0703959,0.0880418,0.480085,0.501742,0.470512,0.450929,0.555269,-0.516679,-0.0136614,0.27464,0.165006,0.713534,0.0945565,0.456658,-0.522869,39.82562604197081,6.962312943884328,-30.247285006421542,5.561416178488038,-14.443740157574362,1.7602274339859134
20.954569339752197,0.231218,-0.432881,-0.355281,-0.00948746,0.0299932,-0.0907213,0.088287,0.480123,0.501795,0.468952,0.453164,0.555684,-0.515695,-0.0136912,0.275056,0.165105,0.712796,0.0954853,0.45692,-0.523478,40.017374267044325,6.846541295960394,-30.236123463826765,4.294027165599764,-14.699943773538108,1.3133895501580741
20.955500841140747,0.231218,-0.432881,-0.355281,-0.00948746,0.0299932,-0.0907213,0.088287,0.480123,0.501795,0.468952,0.453164,0.555684,-0.515695,-0.0136912,0.275056,0.165105,0.712796,0.0954853,0.45692,-0.523478,40.017374267044325,6.846541295960394,-30.236123463826765,4.294027165599764,-14.699943773538108,1.3133895501580741
20.971425533294678,0.347656,-0.344088,-0.316513,-0.00467146,0.00622168,-0.0754432,0.0883092,0.480153,0.501705,0.467883,0.453292,0.555818,-0.516409,-0.0139208,0.274911,0.165182,0.712202,0.0939066,0.457713,-0.523878,40.12718177947114,6.810971718337379,-30.374959443215282,4.084457940283547,-13.60934380048007,1.2980221369699596
20.97236204147339,0.347656,-0.344088,-0.316513,-0.00467146,0.00622168,-0.0754432,0.0883092,0.480153,0.501705,0.467883,0.453292,0.555818,-0.516409,-0.0139208,0.274911,0.165182,0.712202,0.0939066,0.457713,-0.523878,40.12718177947114,6.810971718337379,-30.374959443215282,4.084457940283547,-13.60934380048007,1.2980221369699596
20.988327264785767,0.544582,-0.412793,-0.313744,-0.0153979,-0.0161256,-0.0866041,0.0883213,0.480139,0.501647,0.467924,0.453229,0.55572,-0.516533,-0.0140064,0.274765,0.165173,0.711819,0.0934563,0.457708,-0.524484,40.14838496553303,6.732789537152348,-30.308898007465757,4.153873095659161,-13.466224623736563,1.3594683720089806
20.989259958267212,0.544582,-0.412793,-0.313744,-0.0153979,-0.0161256,-0.0866041,0.0883213,0.480139,0.501647,0.467924,0.453229,0.55572,-0.516533,-0.0140064,0.274765,0.165173,0.711819,0.0934563,0.457708,-0.524484,40.14838496553303,6.732789537152348,-30.308898007465757,4.153873095659161,-13.466224623736563,1.3594683720089806
21.004892826080322,0.607905,-0.522063,-0.277978,-0.0303928,-0.0330806,-0.107961,0.0884979,0.47999,0.501432,0.47067,0.450592,0.554977,-0.517144,-0.0141838,0.273917,0.165174,0.712236,0.0912393,0.458783,-0.523368,39.79486752080434,6.664341066791514,-30.32870657744729,5.791616350583973,-13.516394629473186,2.1518304738379896
21.005836725234985,0.607905,-0.522063,-0.277978,-0.0303928,-0.0330806,-0.107961,0.0884979,0.47999,0.501432,0.47067,0.450592,0.554977,-0.517144,-0.0141838,0.273917,0.165174,0.712236,0.0912393,0.458783,-0.523368,39.79486752080434,6.664341066791514,-30.32870657744729,5.791616350583973,-13.516394629473186,2.1518304738379896
21.038431406021118,0.578213,-0.505986,-0.222271,-0.026127,-0.0405924,-0.0989688,0.0886728,0.479716,0.501333,0.470972,0.450234,0.553911,-0.518322,-0.013853,0.273498,0.165029,0.712863,0.091399,0.45655,-0.524437,39.86756134682697,6.8226647216660705,-30.331032358292507,6.65073867868,-13.602213518297978,1.868961540077272
21.039366245269775,0.578213,-0.505986,-0.222271,-0.026127,-0.0405924,-0.0989688,0.0886728,0.479716,0.501333,0.470972,0.450234,0.553911,-0.518322,-0.013853,0.273498,0.165029,0.712863,0.091399,0.45655,-0.524437,39.86756134682697,6.8226647216660705,-30.331032358292507,6.65073867868,-13.602213518297978,1.868961540077272
21.05563473701477,0.658257,-0.547194,-0.231589,-0.0271201,-0.0468694,-0.104032,0.0884329,0.47991,0.501253,0.470543,0.451751,0.554848,-0.516385,-0.0136315,0.273585,0.164859,0.713913,0.09256,0.456444,-0.522896,40.0128828732482,6.864594915296958,-30.436860295321686,5.2820747186142,-14.550908146271025,1.4885895770544564
21.056568145751953,0.658257,-0.547194,-0.231589,-0.0271201,-0.0468694,-0.104032,0.0884329,0.47991,0.501253,0.470543,0.451751,0.554848,-0.516385,-0.0136315,0.273585,0.164859,0.713913,0.09256,0.456444,-0.522896,40.0128828732482,6.864594915296958,-30.436860295321686,5.2820747186142,-14.550908146271025,1.4885895770544564
21.071959257125854,0.557658,-0.327386,-0.212736,0.00033714,-0.0388732,-0.0597096,0.0881372,0.479984,0.501273,0.471711,0.44906,0.555183,-0.517307,-0.0134675,0.273937,0.164741,0.713577,0.0948214,0.455082,-0.524134,39.770221029295655,6.968942091585737,-29.90157440508452,6.159412250706171,-15.169180425818602,1.9113871112412482
21.072901725769043,0.557658,-0.327386,-0.212736,0.00033714,-0.0388732,-0.0597096,0.0881372,0.479984,0.501273,0.471711,0.44906,0.555183,-0.517307,-0.0134675,0.273937,0.164741,0.713577,0.0948214,0.455082,-0.524134,39.770221029295655,6.968942091585737,-29.90157440508452,6.159412250706171,-15.169180425818602,1.9113871112412482
21.088653802871704,0.563134,-0.323793,-0.212097,0.000203284,-0.0387465,-0.0588403,0.0880475,0.480016,0.501296,0.471918,0.449086,0.555079,-0.517207,-0.0135723,0.274221,0.164723,0.713354,0.0934125,0.456677,-0.523303,39.68818805755893,6.876249964623452,-30.070751628823036,6.485598614664151,-14.255077304318736,2.089869252799611
21.089600801467896,0.563134,-0.323793,-0.212097,0.000203284,-0.0387465,-0.0588403,0.0880475,0.480016,0.501296,0.471918,0.449086,0.555079,-0.517207,-0.0135723,0.274221,0.164723,0.713354,0.0934125,0.456677,-0.523303,39.68818805755893,6.876249964623452,-30.070751628823036,6.485598614664151,-14.255077304318736,2.089869252799611
21.105334997177124,0.401442,-0.329611,-0.269512,0.00101521,-0.00836662,-0.0662082,0.0880147,0.480021,0.501332,0.471994,0.449205,0.555135,-0.516973,-0.013866,0.274416,0.164769,0.712822,0.0953286,0.456462,-0.52387,39.584069644031636,6.856857282375646,-29.841337890529807,6.151901884702876,-15.180313885703312,2.2605148135187614
21.106274127960205,0.401442,-0.329611,-0.269512,0.00101521,-0.00836662,-0.0662082,0.0880147,0.480021,0.501332,0.471994,0.449205,0.555135,-0.516973,-0.013866,0.274416,0.164769,0.712822,0.0953286,0.456462,-0.52387,39.584069644031636,6.856857282375646,-29.841337890529807,6.151901884702876,-15.180313885703312,2.2605148135187614
21.138434171676636,0.388009,-0.476554,-0.319175,-0.0210581,0.000739169,-0.102473,0.0876368,0.480097,0.501285,0.470495,0.449792,0.556341,-0.516533,-0.0147328,0.274253,0.16491,0.712391,0.0924239,0.457555,-0.524023,39.9220305959423,6.685177521537464,-29.985499969637686,5.656432283474979,-14.346176010110135,1.7576895793133467
21.139370918273926,0.388009,-0.476554,-0.319175,-0.0210581,0.000739169,-0.102473,0.0876368,0.480097,0.501285,0.470495,0.449792,0.556341,-0.516533,-0.0147328,0.274253,0.16491,0.712391,0.0924239,0.457555,-0.524023,39.9220305959423,6.685177521537464,-29.985499969637686,5.656432283474979,-14.346176010110135,1.7576895793133467
21.15489363670349,0.5356,-0.565489,-0.31025,-0.0337872,-0.0193092,-0.120956,0.0875455,0.480151,0.501231,0.470683,0.449971,0.556501,-0.516033,-0.0148819,0.274197,0.164928,0.711668,0.0924755,0.457931,-0.524669,39.905381331672295,6.513353320697233,-29.807099426355663,5.333507488215042,-14.49292817075902,1.9334506505546858
21.155846118927002,0.5356,-0.565489,-0.31025,-0.0337872,-0.0193092,-0.120956,0.0875455,0.480151,0.501231,0.470683,0.449971,0.556501,-0.516033,-0.0148819,0.274197,0.164928,0.711668,0.0924755,0.457931,-0.524669,39.905381331672295,6.513353320697233,-29.807099426355663,5.333507488215042,-14.49292817075902,1.9334506505546858
21.171406030654907,0.474342,-0.526088,-0.276911,-0.0314093,-0.0204587,-0.113026,0.087332,0.480333,0.500992,0.469078,0.452819,0.55631,-0.515208,-0.0151222,0.27396,0.164843,0.712294,0.0931505,0.457656,-0.523938,40.14974164413154,6.60501221251068,-30.1598454847108,3.5570465296557647,-14.839018540778044,1.4820951720155466
21.172340393066406,0.474342,-0.526088,-0.276911,-0.0314093,-0.0204587,-0.113026,0.087332,0.480333,0.500992,0.469078,0.452819,0.55631,-0.515208,-0.0151222,0.27396,0.164843,0.712294,0.0931505,0.457656,-0.523938,40.14974164413154,6.60501221251068,-30.1598454847108,3.5570465296557647,-14.839018540778044,1.4820951720155466
21.188068151474,0.4863,-0.540771,-0.272271,-0.030302,-0.0205953,-0.11398,0.0873906,0.480307,0.500974,0.469007,0.45288,0.556488,-0.515028,-0.0150661,0.274,0.164814,0.712093,0.0938527,0.457544,-0.524184,40.13690571496524,6.591718446403687,-30.05899618228104,3.3358650117321567,-15.131861216998004,1.5120972091529354
21.189008235931396,0.4863,-0.540771,-0.272271,-0.030302,-0.0205953,-0.11398,0.0873906,0.480307,0.500974,0.469007,0.45288,0.556488,-0.515028,-0.0150661,0.274,0.164814,0.712093,0.0938527,0.457544,-0.524184,40.13690571496524,6.591718446403687,-30.05899618228104,3.3358650117321567,-15.131861216998004,1.5120972091529354
21.20524549484253,0.446239,-0.49854,-0.27563,-0.0214965,-0.0126886,-0.101856,0.0878046,0.480048,0.501186,0.470273,0.449243,0.556619,-0.516913,-0.0145681,0.274159,0.164785,0.711989,0.0928827,0.457335,-0.52468,39.910987344675206,6.697047931529471,-29.83868116018336,5.5970079640589985,-14.340395385089884,1.9234716099241478
21.20619559288025,0.446239,-0.49854,-0.27563,-0.0214965,-0.0126886,-0.101856,0.0878046,0.480048,0.501186,0.470273,0.449243,0.556619,-0.516913,-0.0145681,0.274159,0.164785,0.711989,0.0928827,0.457335,-0.52468,39.910987344675206,6.697047931529471,-29.83868116018336,5.5970079640589985,-14.340395385089884,1.9234716099241478
21.238534927368164,0.460694,-0.370434,-0.26162,-0.00501835,-0.0186616,-0.0720136,0.0879877,0.48003,0.501291,0.471465,0.449264,0.55531,-0.517217,-0.0138513,0.274072,0.164826,0.713041,0.094363,0.456458,-0.52375,39.70074363201349,6.893215498637578,-29.970382819476374,5.91106559320919,-14.749613405151075,2.1463462376661573
21.23946499824524,0.460694,-0.370434,-0.26162,-0.00501835,-0.0186616,-0.0720136,0.0879877,0.48003,0.501291,0.471465,0.449264,0.55531,-0.517217,-0.0138513,0.274072,0.164826,0.713041,0.094363,0.456458,-0.52375,39.70074363201349,6.893215498637578,-29.970382819476374,5.91106559320919,-14.749613405151075,2.1463462376661573
21.254513025283813,0.52074,-0.435768,-0.249163,-0.0116813,-0.029572,-0.0849824,0.0880205,0.480037,0.501328,0.472058,0.449128,0.555069,-0.517054,-0.0136828,0.273921,0.164878,0.713717,0.0929488,0.456692,-0.522877,39.713922376304176,6.888494411834133,-30.15303948444657,6.363781798951113,-14.441863138568044,2.0404756839072333
21.255443334579468,0.52074,-0.435768,-0.249163,-0.0116813,-0.029572,-0.0849824,0.0880205,0.480037,0.501328,0.472058,0.449128,0.555069,-0.517054,-0.0136828,0.273921,0.164878,0.713717,0.0929488,0.456692,-0.522877,39.713922376304176,6.888494411834133,-30.15303948444657,6.363781798951113,-14.441863138568044,2.0404756839072333
21.271424531936646,0.552038,-0.487904,-0.240252,-0.019414,-0.0344485,-0.0975322,0.0881101,0.480003,0.501351,0.471412,0.450221,0.555116,-0.516642,-0.0137017,0.273895,0.164861,0.713976,0.0945555,0.456428,-0.522466,39.73670261904974,6.988757197845502,-30.216926371658,5.519976530738881,-15.1546815852024,1.9801901062078304
21.27237296104431,0.552038,-0.487904,-0.240252,-0.019414,-0.0344485,-0.0975322,0.0881101,0.480003,0.501351,0.471412,0.450221,0.555116,-0.516642,-0.0137017,0.273895,0.164861,0.713976,0.0945555,0.456428,-0.522466,39.73670261904974,6.988757197845502,-30.216926371658,5.519976530738881,-15.1546815852024,1.9801901062078304
21.28923726081848,0.522245,-0.458316,-0.278315,-0.016776,-0.023055,-0.0938769,0.0882947,0.479889,0.501359,0.472275,0.45062,0.554082,-0.516615,-0.0138436,0.273829,0.164991,0.713954,0.093054,0.457279,-0.522022,39.64399717539448,6.866827280881367,-30.40159015056519,6.198421745549024,-14.806160798567856,2.019646920912302
21.29017686843872,0.522245,-0.458316,-0.278315,-0.016776,-0.023055,-0.0938769,0.0882947,0.479889,0.501359,0.472275,0.45062,0.554082,-0.516615,-0.0138436,0.273829,0.164991,0.713954,0.093054,0.457279,-0.522022,39.64399717539448,6.866827280881367,-30.40159015056519,6.198421745549024,-14.806160798567856,2.019646920912302
21.30533456802368,0.414534,-0.523365,-0.293895,-0.0258626,-0.00939209,-0.111621,0.0883157,0.480016,0.501328,0.470366,0.452018,0.555289,-0.515838,-0.0140767,0.273809,0.165043,0.712824,0.0908374,0.458394,-0.522977,40.01592765164774,6.592377156980339,-30.424436890816175,5.147761527012259,-13.791866845029917,1.638523873574647
21.306267976760864,0.414534,-0.523365,-0.293895,-0.0258626,-0.00939209,-0.111621,0.0883157,0.480016,0.501328,0.470366,0.452018,0.555289,-0.515838,-0.0140767,0.273809,0.165043,0.712824,0.0908374,0.458394,-0.522977,40.01592765164774,6.592377156980339,-30.424436890816175,5.147761527012259,-13.791866845029917,1.638523873574647
21.338462114334106,0.394077,-0.487243,-0.308434,-0.0204405,-0.00384963,-0.103804,0.0882385,0.479952,0.501335,0.47266,0.449066,0.554547,-0.517117,-0.0141541,0.274101,0.165005,0.71313,0.0944317,0.456377,-0.523688,39.5573730192052,6.835520549290771,-29.928773664782508,6.662223686478325,-15.58390776361524,2.143518858721814
21.339409112930298,0.394077,-0.487243,-0.308434,-0.0204405,-0.00384963,-0.103804,0.0882385,0.479952,0.501335,0.47266,0.449066,0.554547,-0.517117,-0.0141541,0.274101,0.165005,0.71313,0.0944317,0.456377,-0.523688,39.5573730192052,6.835520549290771,-29.928773664782508,6.662223686478325,-15.58390776361524,2.143518858721814
21.355421781539917,0.415607,-0.476876,-0.288047,-0.0202174,-0.00829603,-0.0995963,0.0882285,0.479976,0.501364,0.4725,0.449216,0.554873,-0.516783,-0.0142237,0.274138,0.164976,0.712405,0.092935,0.457211,-0.524214,39.63763177902387,6.6276349836533,-29.878735642979063,6.722060462138163,-14.896928203976023,2.200195100397322
21.356358289718628,0.415607,-0.476876,-0.288047,-0.0202174,-0.00829603,-0.0995963,0.0882285,0.479976,0.501364,0.4725,0.449216,0.554873,-0.516783,-0.0142237,0.274138,0.164976,0.712405,0.092935,0.457211,-0.524214,39.63763177902387,6.6276349836533,-29.878735642979063,6.722060462138163,-14.896928203976023,2.200195100397322
21.371891975402832,0.399145,-0.483541,-0.295546,-0.0192585,-0.00492425,-0.099394,0.0881955,0.47994,0.501439,0.472549,0.450586,0.553811,-0.516684,-0.0140163,0.274236,0.164912,0.712944,0.0965253,0.45572,-0.524131,39.51868341085234,6.836509905475226,-29.87604881619886,6.044391207118813,-16.144591361395936,2.281414757494341
21.372822284698486,0.399145,-0.483541,-0.295546,-0.0192585,-0.00492425,-0.099394,0.0881955,0.47994,0.501439,0.472549,0.450586,0.553811,-0.516684,-0.0140163,0.274236,0.164912,0.712944,0.0965253,0.45572,-0.524131,39.51868341085234,6.836509905475226,-29.87604881619886,6.044391207118813,-16.144591361395936,2.281414757494341
21.388041734695435,0.431511,-0.426161,-0.30457,-0.0119289,-0.00772329,-0.0863864,0.088101,0.47998,0.501408,0.472068,0.450306,0.554438,-0.516696,-0.013982,0.274075,0.164899,0.713213,0.0945419,0.456565,-0.523391,39.637947722745565,6.829474025255498,-30.07012527303716,6.025192881904427,-15.21116877649353,2.1773611905958283
21.388978242874146,0.431511,-0.426161,-0.30457,-0.0119289,-0.00772329,-0.0863864,0.088101,0.47998,0.501408,0.472068,0.450306,0.554438,-0.516696,-0.013982,0.274075,0.164899,0.713213,0.0945419,0.456565,-0.523391,39.637947722745565,6.829474025255498,-30.07012527303716,6.025192881904427,-15.21116877649353,2.1773611905958283
21.40469789505005,0.585993,-0.490935,-0.259559,-0.0196643,-0.0348256,-0.0959445,0.0878443,0.480078,0.501299,0.471312,0.449074,0.555279,-0.517555,-0.0141091,0.27386,0.164819,0.712886,0.0915947,0.457158,-0.523842,39.82296830153467,6.780190686110192,-30.132975383257666,6.414719673002873,-13.588163889429078,2.134621836452687
21.405637502670288,0.585993,-0.490935,-0.259559,-0.0196643,-0.0348256,-0.0959445,0.0878443,0.480078,0.501299,0.471312,0.449074,0.555279,-0.517555,-0.0141091,0.27386,0.164819,0.712886,0.0915947,0.457158,-0.523842,39.82296830153467,6.780190686110192,-30.132975383257666,6.414719673002873,-13.588163889429078,2.134621836452687
21.438393592834473,0.439858,-0.42996,-0.251522,-0.0151601,-0.0201085,-0.0903325,0.0878156,0.480022,0.501104,0.470836,0.449688,0.555255,-0.51748,-0.0143252,0.273902,0.164735,0.712509,0.0915421,0.457725,-0.523868,39.83504563415481,6.738030641325847,-30.18751726142194,6.0547621955478785,-13.410027224517941,2.0897222891609237
21.43933343887329,0.439858,-0.42996,-0.251522,-0.0151601,-0.0201085,-0.0903325,0.0878156,0.480022,0.501104,0.470836,0.449688,0.555255,-0.51748,-0.0143252,0.273902,0.164735,0.712509,0.0915421,0.457725,-0.523868,39.83504563415481,6.738030641325847,-30.18751726142194,6.0547621955478785,-13.410027224517941,2.0897222891609237
21.45521378517151,0.380372,-0.476959,-0.274939,-0.0211025,-0.00854442,-0.103113,0.0877713,0.480028,0.501068,0.470972,0.449146,0.555354,-0.51772,-0.0144333,0.274049,0.164661,0.711812,0.0930772,0.457421,-0.524811,39.721381810219,6.722574040474887,-29.90504017133712,5.993315956645974,-13.865948540212843,2.393581753806101
21.456196784973145,0.380372,-0.476959,-0.274939,-0.0211025,-0.00854442,-0.103113,0.0877713,0.480028,0.501068,0.470972,0.449146,0.555354,-0.51772,-0.0144333,0.274049,0.164661,0.711812,0.0930772,0.457421,-0.524811,39.721381810219,6.722574040474887,-29.90504017133712,5.993315956645974,-13.865948540212843,2.393581753806101
21.471946239471436,0.429535,-0.427389,-0.262842,-0.0166957,-0.01689,-0.0927862,0.0875234,0.480204,0.500959,0.469845,0.452528,0.556492,-0.514569,-0.0146435,0.274002,0.164631,0.712731,0.092637,0.456338,-0.524583,40.28752565429823,6.512115094459089,-29.97977176587592,4.317407390910094,-15.246389366976242,1.0087845743323012
21.472883224487305,0.429535,-0.427389,-0.262842,-0.0166957,-0.01689,-0.0927862,0.0875234,0.480204,0.500959,0.469845,0.452528,0.556492,-0.514569,-0.0146435,0.274002,0.164631,0.712731,0.092637,0.456338,-0.524583,40.28752565429823,6.512115094459089,-29.97977176587592,4.317407390910094,-15.246389366976242,1.0087845743323012
21.488025903701782,0.447546,-0.441973,-0.281492,-0.0188549,-0.0159739,-0.0957304,0.0875028,0.480234,0.501011,0.469909,0.452522,0.556486,-0.514523,-0.0146877,0.274044,0.16475,0.712343,0.0924531,0.456703,-0.524826,40.26162370547334,6.438742630410471,-29.929713631656035,4.265125558677855,-15.084818894885357,1.092866056087959
21.4889714717865,0.447546,-0.441973,-0.281492,-0.0188549,-0.0159739,-0.0957304,0.0875028,0.480234,0.501011,0.469909,0.452522,0.556486,-0.514523,-0.0146877,0.274044,0.16475,0.712343,0.0924531,0.456703,-0.524826,40.26162370547334,6.438742630410471,-29.929713631656035,4.265125558677855,-15.084818894885357,1.092866056087959
21.505380392074585,0.414205,-0.468742,-0.294207,-0.0205712,-0.00929078,-0.0998484,0.087683,0.480079,0.501265,0.470331,0.450083,0.555988,-0.516809,-0.0146273,0.274091,0.16487,0.712185,0.0921912,0.457123,-0.524722,39.98115712445603,6.6567877875392165,-29.97388385078015,5.658316110522284,-14.090071419576063,1.7615129183938998
21.50632095336914,0.414205,-0.468742,-0.294207,-0.0205712,-0.00929078,-0.0998484,0.087683,0.480079,0.501265,0.470331,0.450083,0.555988,-0.516809,-0.0146273,0.274091,0.16487,0.712185,0.0921912,0.457123,-0.524722,39.98115712445603,6.6567877875392165,-29.97388385078015,5.658316110522284,-14.090071419576063,1.7615129183938998
21.53840398788452,0.396367,-0.452976,-0.314934,-0.0167379,-0.00236002,-0.0939641,0.0880169,0.480006,0.501392,0.472219,0.449827,0.554693,-0.516702,-0.0142588,0.274143,0.164952,0.712384,0.092377,0.457027,-0.524501,39.74016485557489,6.584842198757599,-29.939146017045065,6.644618730641961,-14.486882062306757,2.0473611406515784
21.539336442947388,0.396367,-0.452976,-0.314934,-0.0167379,-0.00236002,-0.0939641,0.0880169,0.480006,0.501392,0.472219,0.449827,0.554693,-0.516702,-0.0142588,0.274143,0.164952,0.712384,0.092377,0.457027,-0.524501,39.74016485557489,6.584842198757599,-29.939146017045065,6.644618730641961,-14.486882062306757,2.0473611406515784
21.555240631103516,0.455127,-0.500291,-0.272497,-0.0191839,-0.0169788,-0.101855,0.0880152,0.480031,0.501351,0.472053,0.449164,0.555158,-0.51693,-0.0140442,0.274019,0.164947,0.713661,0.0932144,0.456365,-0.523192,39.7418316231855,6.871751903362363,-30.078878987255568,6.480489170511816,-14.992719809583917,1.8552771149246334
21.556180477142334,0.455127,-0.500291,-0.272497,-0.0191839,-0.0169788,-0.101855,0.0880152,0.480031,0.501351,0.472053,0.449164,0.555158,-0.51693,-0.0140442,0.274019,0.164947,0.713661,0.0932144,0.456365,-0.523192,39.7418316231855,6.871751903362363,-30.078878987255568,6.480489170511816,-14.992719809583917,1.8552771149246334
21.571850538253784,0.428974,-0.404868,-0.240499,-0.0109405,-0.0217353,-0.0830353,0.0880003,0.480032,0.501283,0.471401,0.449263,0.555273,-0.517315,-0.0139462,0.273998,0.164809,0.713287,0.0943757,0.455988,-0.523822,39.74721876403847,6.935503163026968,-29.986277806559297,6.003090197796562,-14.978668939352673,2.026051573435301
21.57279086112976,0.428974,-0.404868,-0.240499,-0.0109405,-0.0217353,-0.0830353,0.0880003,0.480032,0.501283,0.471401,0.449263,0.555273,-0.517315,-0.0139462,0.273998,0.164809,0.713287,0.0943757,0.455988,-0.523822,39.74721876403847,6.935503163026968,-29.986277806559297,6.003090197796562,-14.978668939352673,2.026051573435301
21.588124752044678,0.425632,-0.392821,-0.272411,-0.00985473,-0.0149611,-0.0814146,0.0879976,0.480011,0.501252,0.47114,0.44915,0.555276,-0.517649,-0.0139133,0.274012,0.164766,0.712971,0.0953318,0.455959,-0.524105,39.68493122631148,6.9844311251152185,-29.916690335413925,5.741255959650935,-15.003765161728726,2.2386503017557686
21.58908772468567,0.425632,-0.392821,-0.272411,-0.00985473,-0.0149611,-0.0814146,0.0879976,0.480011,0.501252,0.47114,0.44915,0.555276,-0.517649,-0.0139133,0.274012,0.164766,0.712971,0.0953318,0.455959,-0.524105,39.68493122631148,6.9844311251152185,-29.916690335413925,5.741255959650935,-15.003765161728726,2.2386503017557686
21.605377435684204,0.492323,-0.442618,-0.271679,-0.0156025,-0.0218433,-0.0913834,0.0880691,0.479978,0.501237,0.470784,0.449189,0.555398,-0.517808,-0.0140167,0.273828,0.164795,0.712838,0.0923333,0.456771,-0.524115,39.85425062198356,6.854611812458158,-30.109303093559596,6.17738415231143,-13.822867161626693,2.024353644180393
21.606348276138306,0.492323,-0.442618,-0.271679,-0.0156025,-0.0218433,-0.0913834,0.0880691,0.479978,0.501237,0.470784,0.449189,0.555398,-0.517808,-0.0140167,0.273828,0.164795,0.712838,0.0923333,0.456771,-0.524115,39.85425062198356,6.854611812458158,-30.109303093559596,6.17738415231143,-13.822867161626693,2.024353644180393
21.638556003570557,0.525202,-0.427904,-0.263694,-0.0165018,-0.0279107,-0.0884924,0.0880971,0.479986,0.501303,0.47167,0.449148,0.555166,-0.517285,-0.014154,0.273807,0.164973,0.712438,0.0908184,0.458224,-0.523656,39.74868113824286,6.643820458071112,-30.147624524953912,6.506781105380339,-13.45203529595258,2.253953192767048
21.63950276374817,0.525202,-0.427904,-0.263694,-0.0165018,-0.0279107,-0.0884924,0.0880971,0.479986,0.501303,0.47167,0.449148,0.555166,-0.517285,-0.014154,0.273807,0.164973,0.712438,0.0908184,0.458224,-0.523656,39.74868113824286,6.643820458071112,-30.147624524953912,6.506781105380339,-13.45203529595258,2.253953192767048
21.654773712158203,0.468062,-0.45254,-0.308884,-0.0173516,-0.0118801,-0.0942196,0.0880444,0.48001,0.501326,0.471837,0.449207,0.555133,-0.517117,-0.014235,0.273935,0.164929,0.71285,0.0910598,0.456911,-0.5242,39.861514780411845,6.662243915525614,-30.059747085311308,6.878322074148218,-14.050640040221376,1.8250230737218578
21.655740976333618,0.468062,-0.45254,-0.308884,-0.0173516,-0.0118801,-0.0942196,0.0880444,0.48001,0.501326,0.471837,0.449207,0.555133,-0.517117,-0.014235,0.273935,0.164929,0.71285,0.0910598,0.456911,-0.5242,39.861514780411845,6.662243915525614,-30.059747085311308,6.878322074148218,-14.050640040221376,1.8250230737218578
21.671401739120483,0.456141,-0.493505,-0.269992,-0.0214574,-0.0179594,-0.102431,0.087976,0.480035,0.501315,0.471493,0.449322,0.555337,-0.517112,-0.0142618,0.274039,0.164916,0.712322,0.0918664,0.456856,-0.524824,39.85646964665886,6.632843155386882,-29.921660075315263,6.505255475876618,-14.11729809749311,1.9166383259154482
21.672340393066406,0.456141,-0.493505,-0.269992,-0.0214574,-0.0179594,-0.102431,0.087976,0.480035,0.501315,0.471493,0.449322,0.555337,-0.517112,-0.0142618,0.274039,0.164916,0.712322,0.0918664,0.456856,-0.524824,39.85646964665886,6.632843155386882,-29.921660075315263,6.505255475876618,-14.11729809749311,1.9166383259154482
21.688159465789795,0.371617,-0.448397,-0.321998,-0.0156638,0.00167022,-0.094955,0.0878368,0.480044,0.501325,0.471183,0.448484,0.556096,-0.517306,-0.0143799,0.274115,0.164898,0.711619,0.0914255,0.458427,-0.524485,39.7539314113778,6.587155935340889,-29.882937488218552,6.311995227964845,-13.368901511667433,2.387360506229406
21.689101696014404,0.371617,-0.448397,-0.321998,-0.0156638,0.00167022,-0.094955,0.0878368,0.480044,0.501325,0.471183,0.448484,0.556096,-0.517306,-0.0143799,0.274115,0.164898,0.711619,0.0914255,0.458427,-0.524485,39.7539314113778,6.587155935340889,-29.882937488218552,6.311995227964845,-13.368901511667433,2.387360506229406
21.70541000366211,0.42429,-0.431639,-0.28356,-0.0146409,-0.0110929,-0.0903215,0.0876738,0.480079,0.501237,0.470408,0.450021,0.555942,-0.516842,-0.0145141,0.274073,0.164708,0.713043,0.0925436,0.456847,-0.523733,39.96428599722744,6.812946709465301,-30.126043823129145,5.748005217700161,-14.303051570748936,1.7370257578428627
21.70635151863098,0.42429,-0.431639,-0.28356,-0.0146409,-0.0110929,-0.0903215,0.0876738,0.480079,0.501237,0.470408,0.450021,0.555942,-0.516842,-0.0145141,0.274073,0.164708,0.713043,0.0925436,0.456847,-0.523733,39.96428599722744,6.812946709465301,-30.126043823129145,5.748005217700161,-14.303051570748936,1.7370257578428627
21.722602367401123,0.47265,-0.482351,-0.270344,-0.0202481,-0.0192381,-0.100655,0.0876648,0.480117,0.501191,0.470334,0.450196,0.556677,-0.515966,-0.0145476,0.274031,0.164693,0.712987,0.0926994,0.456883,-0.523751,40.04077798430127,6.727054263330957,-30.004049199077695,5.298667273376102,-14.830258672894011,1.5965813250223309
21.72353744506836,0.47265,-0.482351,-0.270344,-0.0202481,-0.0192381,-0.100655,0.0876648,0.480117,0.501191,0.470334,0.450196,0.556677,-0.515966,-0.0145476,0.274031,0.164693,0.712987,0.0926994,0.456883,-0.523751,40.04077798430127,6.727054263330957,-30.004049199077695,5.298667273376102,-14.830258672894011,1.5965813250223309
21.755134344100952,0.419147,0.192154,-0.135048,0.01384,-0.0401515,0.0369672,0.0877745,0.480082,0.501136,0.47075,0.449912,0.555335,-0.517278,-0.0147142,0.273864,0.16478,0.711838,0.0941628,0.456809,-0.525114,39.77193782573426,6.724213756252619,-29.839097164416465,5.393586503972196,-14.819428042706209,2.335853082339411
21.756113529205322,0.419147,0.192154,-0.135048,0.01384,-0.0401515,0.0369672,0.0877745,0.480082,0.501136,0.47075,0.449912,0.555335,-0.517278,-0.0147142,0.273864,0.16478,0.711838,0.0941628,0.456809,-0.525114,39.77193782573426,6.724213756252619,-29.839097164416465,5.393586503972196,-14.819428042706209,2.335853082339411
21.77198338508606,0.588469,-1.51763,0.00430831,-0.194535,-0.101528,-0.310511,0.0877982,0.480066,0.501095,0.470491,0.449736,0.555506,-0.517483,-0.0151785,0.27328,0.165076,0.712938,0.091631,0.457139,-0.523781,39.93220061057701,6.81763963097559,-30.2239302787398,5.586311427782622,-14.647083206416678,1.8784858340504127
21.772916555404663,0.588469,-1.51763,0.00430831,-0.194535,-0.101528,-0.310511,0.0877982,0.480066,0.501095,0.470491,0.449736,0.555506,-0.517483,-0.0151785,0.27328,0.165076,0.712938,0.091631,0.457139,-0.523781,39.93220061057701,6.81763963097559,-30.2239302787398,5.586311427782622,-14.647083206416678,1.8784858340504127
21.788225889205933,1.13984,-1.3379,-0.211441,-0.22205,-0.119427,-0.264926,0.0878945,0.479965,0.501016,0.47151,0.449163,0.555291,-0.517284,-0.0163888,0.272578,0.165404,0.711064,0.0897138,0.458764,-0.525237,39.806026858304485,6.376600243146115,-29.932263111762083,5.898695078402314,-15.011940526018142,2.516280157624479
21.78916907310486,1.13984,-1.3379,-0.211441,-0.22205,-0.119427,-0.264926,0.0878945,0.479965,0.501016,0.47151,0.449163,0.555291,-0.517284,-0.0163888,0.272578,0.165404,0.711064,0.0897138,0.458764,-0.525237,39.806026858304485,6.376600243146115,-29.932263111762083,5.898695078402314,-15.011940526018142,2.516280157624479
21.80475926399231,0.707994,-1.2043,-0.161328,-0.19983,-0.0842296,-0.245335,0.0880134,0.479888,0.500965,0.471034,0.449162,0.555298,-0.517711,-0.0172768,0.271891,0.165843,0.71134,0.0855216,0.459959,-0.524517,40.01159345922855,6.3000277366453235,-30.343817953660857,6.334798855113473,-14.255196931062578,2.0762817242923592
21.805749893188477,0.707994,-1.2043,-0.161328,-0.19983,-0.0842296,-0.245335,0.0880134,0.479888,0.500965,0.471034,0.449162,0.555298,-0.517711,-0.0172768,0.271891,0.165843,0.71134,0.0855216,0.459959,-0.524517,40.01159345922855,6.3000277366453235,-30.343817953660857,6.334798855113473,-14.255196931062578,2.0762817242923592
21.838446855545044,0.601444,-2.30004,-0.257267,-0.328675,-0.0601523,-0.462922,0.0880505,0.479853,0.50084,0.470638,0.449039,0.555286,-0.518191,-0.0180751,0.271536,0.166111,0.709815,0.0860727,0.459272,-0.527089,40.063605208804915,6.126459119839354,-29.947661176386333,6.006367472028364,-14.986240570025437,2.116018984487043
21.83938455581665,0.601444,-2.30004,-0.257267,-0.328675,-0.0601523,-0.462922,0.0880505,0.479853,0.50084,0.470638,0.449039,0.555286,-0.518191,-0.0180751,0.271536,0.166111,0.709815,0.0860727,0.459272,-0.527089,40.063605208804915,6.126459119839354,-29.947661176386333,6.006367472028364,-14.986240570025437,2.116018984487043
21.854634523391724,0.815801,-2.10838,-0.359962,-0.30898,-0.0778356,-0.413047,0.0879515,0.48003,0.500755,0.470376,0.450843,0.555267,-0.51688,-0.0180603,0.271615,0.166042,0.710658,0.0858701,0.459859,-0.525472,40.158097262396,6.125533153935416,-30.25910406455364,5.171898513109462,-15.236210273419562,1.8174800967205722
21.85560369491577,0.815801,-2.10838,-0.359962,-0.30898,-0.0778356,-0.413047,0.0879515,0.48003,0.500755,0.470376,0.450843,0.555267,-0.51688,-0.0180603,0.271615,0.166042,0.710658,0.0858701,0.459859,-0.525472,40.158097262396,6.125533153935416,-30.25910406455364,5.171898513109462,-15.236210273419562,1.8174800967205722
21.871575832366943,1.04193,-2.20244,-0.538273,-0.324941,-0.0698542,-0.418875,0.0879366,0.479942,0.500943,0.471054,0.449822,0.554889,-0.517559,-0.0175694,0.271683,0.165915,0.711107,0.0837734,0.459491,-0.525525,40.203169148728485,6.126701243448106,-30.35372888678004,6.615767794139256,-14.008588247949971,1.7437452973577363
21.872536182403564,1.04193,-2.20244,-0.538273,-0.324941,-0.0698542,-0.418875,0.0879366,0.479942,0.500943,0.471054,0.449822,0.554889,-0.517559,-0.0175694,0.271683,0.165915,0.711107,0.0837734,0.459491,-0.525525,40.203169148728485,6.126701243448106,-30.35372888678004,6.615767794139256,-14.008588247949971,1.7437452973577363
21.888181924819946,1.15859,-2.13538,-0.689424,-0.311741,-0.038761,-0.40345,0.0878997,0.479995,0.501075,0.470728,0.449568,0.555295,-0.51764,-0.0170605,0.271807,0.165819,0.71137,0.0882136,0.457824,-0.525897,40.08276249569259,6.392600082062458,-30.050573126367276,5.638189349539564,-15.35404981928676,2.044020658793629
21.889121055603027,1.15859,-2.13538,-0.689424,-0.311741,-0.038761,-0.40345,0.0878997,0.479995,0.501075,0.470728,0.449568,0.555295,-0.51764,-0.0170605,0.271807,0.165819,0.71137,0.0882136,0.457824,-0.525897,40.08276249569259,6.392600082062458,-30.050573126367276,5.638189349539564,-15.35404981928676,2.044020658793629
21.904886960983276,0.631806,-2.15748,-0.7814,-0.310926,0.121768,-0.424556,0.087824,0.479998,0.501217,0.470536,0.448546,0.556149,-0.517785,-0.0169949,0.271828,0.165801,0.710979,0.0871566,0.458629,-0.525901,40.09550766499503,6.3360935841849875,-29.97986256510125,5.850823961655314,-14.598705642901347,2.2896141998969886
21.905851364135742,0.631806,-2.15748,-0.7814,-0.310926,0.121768,-0.424556,0.087824,0.479998,0.501217,0.470536,0.448546,0.556149,-0.517785,-0.0169949,0.271828,0.165801,0.710979,0.0871566,0.458629,-0.525901,40.09550766499503,6.3360935841849875,-29.97986256510125,5.850823961655314,-14.598705642901347,2.2896141998969886
21.938443899154663,-0.870254,-1.67871,-0.162511,-0.27874,0.225264,-0.355178,0.0877883,0.480068,0.501206,0.470306,0.449355,0.555478,-0.518012,-0.0183252,0.274113,0.16626,0.709776,0.088823,0.461851,-0.524425,39.64114784702402,6.3356133664058145,-30.177631152995474,6.380628268520442,-14.646218685723763,1.965195453385519
21.93938422203064,-0.870254,-1.67871,-0.162511,-0.27874,0.225264,-0.355178,0.0877883,0.480068,0.501206,0.470306,0.449355,0.555478,-0.518012,-0.0183252,0.274113,0.16626,0.709776,0.088823,0.461851,-0.524425,39.64114784702402,6.3356133664058145,-30.177631152995474,6.380628268520442,-14.646218685723763,1.965195453385519
21.954615592956543,-1.58907,-2.10975,0.435625,-0.425646,0.192232,-0.432351,0.0877117,0.480088,0.501247,0.47033,0.448563,0.556152,-0.517953,-0.0196456,0.275743,0.166567,0.707232,0.0902954,0.464518,-0.525255,39.27217472226796,6.073435688067594,-29.757099763585124,6.825824479700357,-15.006393356301265,2.2194976290392607
21.95558762550354,-1.58907,-2.10975,0.435625,-0.425646,0.192232,-0.432351,0.0877117,0.480088,0.501247,0.47033,0.448563,0.556152,-0.517953,-0.0196456,0.275743,0.166567,0.707232,0.0902954,0.464518,-0.525255,39.27217472226796,6.073435688067594,-29.757099763585124,6.825824479700357,-15.006393356301265,2.2194976290392607
21.971336841583252,-1.58306,-3.22604,0.604695,-0.534858,0.218766,-0.634091,0.0876926,0.480161,0.501247,0.470761,0.449049,0.555604,-0.517729,-0.0210363,0.276972,0.167179,0.703928,0.0918372,0.466863,-0.527343,38.894181969247214,5.6174755632804985,-29.269651102515848,6.793439799692821,-15.58458848227103,2.5780382289334134
21.972310781478882,-1.58306,-3.22604,0.604695,-0.534858,0.218766,-0.634091,0.0876926,0.480161,0.501247,0.470761,0.449049,0.555604,-0.517729,-0.0210363,0.276972,0.167179,0.703928,0.0918372,0.466863,-0.527343,38.894181969247214,5.6174755632804985,-29.269651102515848,6.793439799692821,-15.58458848227103,2.5780382289334134
21.988088369369507,-1.49083,-2.43374,1.05264,-0.465299,0.16539,-0.453296,0.0877043,0.480163,0.501255,0.470737,0.449202,0.555448,-0.517785,-0.0220839,0.277085,0.167606,0.703858,0.0904644,0.468425,-0.526288,38.829428884390715,5.577619690943487,-29.515861369771322,7.053920673248941,-15.717446079748754,2.41083382365156
21.989040851593018,-1.49083,-2.43374,1.05264,-0.465299,0.16539,-0.453296,0.0877043,0.480163,0.501255,0.470737,0.449202,0.555448,-0.517785,-0.0220839,0.277085,0.167606,0.703858,0.0904644,0.468425,-0.526288,38.829428884390715,5.577619690943487,-29.515861369771322,7.053920673248941,-15.717446079748754,2.41083382365156
22.004794359207153,-2.59921,-3.63536,1.44478,-0.616437,0.266543,-0.682111,0.0877357,0.480138,0.501157,0.470139,0.450121,0.555378,-0.517606,-0.0254577,0.277664,0.168973,0.700679,0.0896646,0.472695,-0.526849,38.55153860780663,5.1238170204835916,-29.441817397854045,6.5727741153170465,-17.056658695288135,2.36398495573309
22.005739450454712,-2.59921,-3.63536,1.44478,-0.616437,0.266543,-0.682111,0.0877357,0.480138,0.501157,0.470139,0.450121,0.555378,-0.517606,-0.0254577,0.277664,0.168973,0.700679,0.0896646,0.472695,-0.526849,38.55153860780663,5.1238170204835916,-29.441817397854045,6.5727741153170465,-17.056658695288135,2.36398495573309
22.03802800178528,-1.11775,-4.04957,0.39987,-0.644589,0.275965,-0.6639,0.0877448,0.480018,0.500566,0.470572,0.451062,0.553552,-0.518348,-0.0278176,0.279743,0.169759,0.69387,0.096423,0.47283,-0.534489,37.941817828996854,4.411067662455042,-27.98000846404662,6.2286697625965495,-19.6916528730333,2.6251018993077793
22.038980960845947,-1.11775,-4.04957,0.39987,-0.644589,0.275965,-0.6639,0.0877448,0.480018,0.500566,0.470572,0.451062,0.553552,-0.518348,-0.0278176,0.279743,0.169759,0.69387,0.096423,0.47283,-0.534489,37.941817828996854,4.411067662455042,-27.98000846404662,6.2286697625965495,-19.6916528730333,2.6251018993077793
22.05499577522278,-1.26348,-3.95554,1.2335,-0.64951,0.178376,-0.625829,0.0875777,0.480086,0.500503,0.471334,0.450017,0.554526,-0.517523,-0.0309102,0.280881,0.170977,0.68873,0.0933931,0.47807,-0.537008,37.62530666445645,3.4517001397435094,-27.33967989406848,6.981452381871742,-19.963969112610535,3.0220147118121528
22.055943489074707,-1.26348,-3.95554,1.2335,-0.64951,0.178376,-0.625829,0.0875777,0.480086,0.500503,0.471334,0.450017,0.554526,-0.517523,-0.0309102,0.280881,0.170977,0.68873,0.0933931,0.47807,-0.537008,37.62530666445645,3.4517001397435094,-27.33967989406848,6.981452381871742,-19.963969112610535,3.0220147118121528
22.0714271068573,-2.21222,-4.69749,1.72806,-0.835487,0.208435,-0.773448,0.0877094,0.480078,0.500673,0.472433,0.448692,0.553632,-0.518627,-0.0319402,0.281702,0.171557,0.687937,0.0949823,0.478843,-0.537058,37.18338989585373,3.5060742908348614,-27.23026848967862,8.115684323808406,-20.934005947871633,3.3700849832014668
22.072391510009766,-2.21222,-4.69749,1.72806,-0.835487,0.208435,-0.773448,0.0877094,0.480078,0.500673,0.472433,0.448692,0.553632,-0.518627,-0.0319402,0.281702,0.171557,0.687937,0.0949823,0.478843,-0.537058,37.18338989585373,3.5060742908348614,-27.23026848967862,8.115684323808406,-20.934005947871633,3.3700849832014668
22.088353395462036,-2.54391,-5.26336,1.67393,-0.932599,0.264154,-0.879897,0.0877682,0.480056,0.500654,0.471832,0.449105,0.553918,-0.518512,-0.0327444,0.282563,0.172074,0.685681,0.0970943,0.480113,-0.538429,36.9849786609735,3.3117099057766737,-26.8803455083742,7.437708591151287,-21.616383208730003,3.4321832088597173
22.089298486709595,-2.54391,-5.26336,1.67393,-0.932599,0.264154,-0.879897,0.0877682,0.480056,0.500654,0.471832,0.449105,0.553918,-0.518512,-0.0327444,0.282563,0.172074,0.685681,0.0970943,0.480113,-0.538429,36.9849786609735,3.3117099057766737,-26.8803455083742,7.437708591151287,-21.616383208730003,3.4321832088597173
22.105375289916992,-2.59408,-5.55872,1.51144,-0.996399,0.317413,-0.903435,0.0877851,0.480011,0.500591,0.470484,0.449684,0.553821,-0.519337,-0.0335843,0.283522,0.172463,0.68338,0.0954745,0.482977,-0.539082,36.91776005742238,3.0731742980430545,-26.990453656920817,7.540207236287383,-19.900646003839935,3.364123273100206
22.106324434280396,-2.59408,-5.55872,1.51144,-0.996399,0.317413,-0.903435,0.0877851,0.480011,0.500591,0.470484,0.449684,0.553821,-0.519337,-0.0335843,0.283522,0.172463,0.68338,0.0954745,0.482977,-0.539082,36.91776005742238,3.0731742980430545,-26.990453656920817,7.540207236287383,-19.900646003839935,3.364123273100206
22.138247966766357,-2.59027,-5.31344,1.69987,-0.971979,0.252584,-0.849322,0.0877324,0.480066,0.500417,0.469842,0.449224,0.554785,-0.519287,-0.0346214,0.286143,0.173088,0.680543,0.101679,0.485465,-0.539301,36.27276085674261,3.088036849266963,-26.47373291606706,6.773627395436735,-21.497451528904296,3.4048866983410973
22.139209508895874,-2.59027,-5.31344,1.69987,-0.971979,0.252584,-0.849322,0.0877324,0.480066,0.500417,0.469842,0.449224,0.554785,-0.519287,-0.0346214,0.286143,0.173088,0.680543,0.101679,0.485465,-0.539301,36.27276085674261,3.088036849266963,-26.47373291606706,6.773627395436735,-21.497451528904296,3.4048866983410973
22.15508460998535,-2.66015,-5.25969,2.01918,-0.984976,0.186067,-0.8536,0.0877264,0.480073,0.500439,0.469661,0.449175,0.554981,-0.519285,-0.0350193,0.287648,0.173367,0.67867,0.103088,0.488053,-0.539059,35.9220787216863,2.954250877122066,-26.367943155721225,6.837008199458951,-21.084565017099976,3.6527381466625224
22.156036615371704,-2.66015,-5.25969,2.01918,-0.984976,0.186067,-0.8536,0.0877264,0.480073,0.500439,0.469661,0.449175,0.554981,-0.519285,-0.0350193,0.287648,0.173367,0.67867,0.103088,0.488053,-0.539059,35.9220787216863,2.954250877122066,-26.367943155721225,6.837008199458951,-21.084565017099976,3.6527381466625224
22.17131805419922,-2.90739,-5.38982,1.84954,-0.998552,0.253152,-0.864581,0.0877257,0.48007,0.500427,0.469658,0.449205,0.554958,-0.519286,-0.0351435,0.289029,0.173596,0.677651,0.105625,0.48965,-0.5384,35.5621736652071,2.9835724480353245,-26.300093766235683,6.755955342757037,-21.238443484400566,3.7484351126840894
22.172290563583374,-2.90739,-5.38982,1.84954,-0.998552,0.253152,-0.864581,0.0877257,0.48007,0.500427,0.469658,0.449205,0.554958,-0.519286,-0.0351435,0.289029,0.173596,0.677651,0.105625,0.48965,-0.5384,35.5621736652071,2.9835724480353245,-26.300093766235683,6.755955342757037,-21.238443484400566,3.7484351126840894
22.188249826431274,-2.8763,-5.22258,1.58573,-0.968489,0.31977,-0.817783,0.0876948,0.480081,0.500409,0.469511,0.450147,0.554793,-0.518779,-0.0352379,0.289754,0.173787,0.675147,0.106591,0.490869,-0.540243,35.432911208894254,2.6130303384283944,-25.951581569582878,6.219307125807146,-20.9195762280976,4.012663297317072
22.189185619354248,-2.8763,-5.22258,1.58573,-0.968489,0.31977,-0.817783,0.0876948,0.480081,0.500409,0.469511,0.450147,0.554793,-0.518779,-0.0352379,0.289754,0.173787,0.675147,0.106591,0.490869,-0.540243,35.432911208894254,2.6130303384283944,-25.951581569582878,6.219307125807146,-20.9195762280976,4.012663297317072
22.20564365386963,-3.70132,-4.89389,1.34919,-0.905086,0.44904,-0.746094,0.0875606,0.480103,0.500434,0.470501,0.449277,0.555085,-0.518325,-0.0352267,0.29225,0.174214,0.672962,0.110022,0.493066,-0.540281,34.8525215184267,2.456003582304888,-25.533515117072433,6.809018798425022,-21.132219806180746,4.074966485033449
22.20657706260681,-3.70132,-4.89389,1.34919,-0.905086,0.44904,-0.746094,0.0875606,0.480103,0.500434,0.470501,0.449277,0.555085,-0.518325,-0.0352267,0.29225,0.174214,0.672962,0.110022,0.493066,-0.540281,34.8525215184267,2.456003582304888,-25.533515117072433,6.809018798425022,-21.132219806180746,4.074966485033449
22.23830485343933,-4.2883,-4.35447,1.39069,-0.816682,0.480231,-0.64243,0.0873478,0.480367,0.500747,0.468649,0.452291,0.555697,-0.516722,-0.035183,0.296513,0.174628,0.670881,0.118077,0.494948,-0.539447,34.42154742196603,2.5436283501343477,-25.276881818978584,5.533865000540991,-22.16116140577029,3.1787400722378365
22.239248752593994,-4.2883,-4.35447,1.39069,-0.816682,0.480231,-0.64243,0.0873478,0.480367,0.500747,0.468649,0.452291,0.555697,-0.516722,-0.035183,0.296513,0.174628,0.670881,0.118077,0.494948,-0.539447,34.42154742196603,2.5436283501343477,-25.276881818978584,5.533865000540991,-22.16116140577029,3.1787400722378365
22.25483727455139,-2.96597,-3.8502,1.24274,-0.743741,0.363032,-0.515037,0.0873365,0.480382,0.50106,0.467977,0.451781,0.5561,-0.517344,-0.0351035,0.298838,0.175156,0.667891,0.119703,0.498115,-0.539884,33.99361223716641,2.377764134198551,-25.073739237430296,5.898835848398619,-20.55142887213212,3.4613481519222584
22.255774974822998,-2.96597,-3.8502,1.24274,-0.743741,0.363032,-0.515037,0.0873365,0.480382,0.50106,0.467977,0.451781,0.5561,-0.517344,-0.0351035,0.298838,0.175156,0.667891,0.119703,0.498115,-0.539884,33.99361223716641,2.377764134198551,-25.073739237430296,5.898835848398619,-20.55142887213212,3.4613481519222584
22.27135705947876,-3.88805,-3.87658,0.956312,-0.73535,0.55389,-0.531353,0.0874142,0.480367,0.501302,0.468535,0.449872,0.55591,-0.518704,-0.0349779,0.301082,0.175642,0.667049,0.120909,0.501311,-0.537693,33.3664547389869,2.5572120806520413,-25.271574858763394,7.42148877824717,-19.13170714629177,3.8079734250686847
22.272284269332886,-3.88805,-3.87658,0.956312,-0.73535,0.55389,-0.531353,0.0874142,0.480367,0.501302,0.468535,0.449872,0.55591,-0.518704,-0.0349779,0.301082,0.175642,0.667049,0.120909,0.501311,-0.537693,33.3664547389869,2.5572120806520413,-25.271574858763394,7.42148877824717,-19.13170714629177,3.8079734250686847
22.288119554519653,-2.74733,-3.75698,0.805564,-0.715588,0.49181,-0.488722,0.0874422,0.480361,0.50135,0.468767,0.449485,0.555781,-0.518968,-0.0350669,0.30222,0.175892,0.664774,0.126817,0.502158,-0.538359,32.760589706445984,2.6229684080424023,-24.798127724882633,6.548229029983599,-20.4848585999335,4.821758759764835
22.28905701637268,-2.74733,-3.75698,0.805564,-0.715588,0.49181,-0.488722,0.0874422,0.480361,0.50135,0.468767,0.449485,0.555781,-0.518968,-0.0350669,0.30222,0.175892,0.664774,0.126817,0.502158,-0.538359,32.760589706445984,2.6229684080424023,-24.798127724882633,6.548229029983599,-20.4848585999335,4.821758759764835
22.304617643356323,-4.20114,-4.16206,0.586758,-0.737101,0.702537,-0.567958,0.0875544,0.480401,0.501391,0.468638,0.450447,0.556159,-0.517844,-0.0356981,0.305632,0.176827,0.66375,0.129841,0.507147,-0.534209,32.1220815498052,2.6639547549782523,-25.12501609600108,6.784273294971848,-20.648592912177353,4.212202685574919
22.30555558204651,-4.20114,-4.16206,0.586758,-0.737101,0.702537,-0.567958,0.0875544,0.480401,0.501391,0.468638,0.450447,0.556159,-0.517844,-0.0356981,0.305632,0.176827,0.66375,0.129841,0.507147,-0.534209,32.1220815498052,2.6639547549782523,-25.12501609600108,6.784273294971848,-20.648592912177353,4.212202685574919
22.338130235671997,-4.13451,-3.94022,0.822255,-0.66937,0.679575,-0.505034,0.0874989,0.480348,0.501533,0.470209,0.449409,0.55463,-0.518962,-0.0372822,0.309159,0.178213,0.660008,0.134473,0.511879,-0.533185,30.95824362934005,2.547783767971033,-24.972851976257406,8.26883698401787,-21.17103903609763,5.0332106448939316
22.339058876037598,-4.13451,-3.94022,0.822255,-0.66937,0.679575,-0.505034,0.0874989,0.480348,0.501533,0.470209,0.449409,0.55463,-0.518962,-0.0372822,0.309159,0.178213,0.660008,0.134473,0.511879,-0.533185,30.95824362934005,2.547783767971033,-24.972851976257406,8.26883698401787,-21.17103903609763,5.0332106448939316
22.354746103286743,-3.79962,-3.39907,0.568901,-0.602742,0.670389,-0.367996,0.0873595,0.48044,0.501665,0.469768,0.449043,0.555293,-0.518968,-0.038889,0.312742,0.17961,0.657627,0.135538,0.518274,-0.529668,30.253169818084785,2.465613202018281,-25.28732123556695,9.197146008677107,-20.3687366979278,4.751233798774199
22.3556866645813,-3.79962,-3.39907,0.568901,-0.602742,0.670389,-0.367996,0.0873595,0.48044,0.501665,0.469768,0.449043,0.555293,-0.518968,-0.038889,0.312742,0.17961,0.657627,0.135538,0.518274,-0.529668,30.253169818084785,2.465613202018281,-25.28732123556695,9.197146008677107,-20.3687366979278,4.751233798774199
22.371387481689453,-4.24712,-3.88126,0.344861,-0.642626,0.822428,-0.45988,0.0872961,0.480501,0.50172,0.469185,0.451562,0.5554,-0.517193,-0.0398065,0.315347,0.180746,0.655163,0.140589,0.523305,-0.52645,29.562901610952963,2.338030004446237,-25.408569984061188,7.576278391006267,-21.386686979392355,4.807124537737506
22.372309684753418,-4.24712,-3.88126,0.344861,-0.642626,0.822428,-0.45988,0.0872961,0.480501,0.50172,0.469185,0.451562,0.5554,-0.517193,-0.0398065,0.315347,0.180746,0.655163,0.140589,0.523305,-0.52645,29.562901610952963,2.338030004446237,-25.408569984061188,7.576278391006267,-21.386686979392355,4.807124537737506
22.38855504989624,-2.71483,-3.36657,0.160014,-0.576893,0.727197,-0.3412,0.087287,0.480505,0.501765,0.4695,0.450581,0.555551,-0.5176,-0.0404514,0.316706,0.181286,0.653682,0.14226,0.52596,-0.525194,29.066908375740272,2.3498044277230257,-25.39616218102303,7.953000172402081,-21.421958459354563,5.350405411944267
22.38948345184326,-2.71483,-3.36657,0.160014,-0.576893,0.727197,-0.3412,0.087287,0.480505,0.501765,0.4695,0.450581,0.555551,-0.5176,-0.0404514,0.316706,0.181286,0.653682,0.14226,0.52596,-0.525194,29.066908375740272,2.3498044277230257,-25.39616218102303,7.953000172402081,-21.421958459354563,5.350405411944267
22.405694246292114,-6.35346,-4.28495,-0.09718,-0.675709,1.11028,-0.559556,0.087181,0.48059,0.501921,0.468346,0.450316,0.557053,-0.517262,-0.0424731,0.320907,0.183361,0.650296,0.145275,0.53427,-0.52016,28.11195729674415,2.321302440043337,-25.724851665896555,7.989502558310405,-21.11379913346603,5.145370040749948
22.406636714935303,-6.35346,-4.28495,-0.09718,-0.675709,1.11028,-0.559556,0.087181,0.48059,0.501921,0.468346,0.450316,0.557053,-0.517262,-0.0424731,0.320907,0.183361,0.650296,0.145275,0.53427,-0.52016,28.11195729674415,2.321302440043337,-25.724851665896555,7.989502558310405,-21.11379913346603,5.145370040749948
22.438374757766724,-3.43926,-3.05166,-0.214632,-0.561322,0.778647,-0.360545,0.0869265,0.480774,0.50192,0.467672,0.451369,0.558362,-0.51554,-0.0423438,0.325883,0.183791,0.645894,0.152794,0.536196,-0.521507,27.544206668717237,2.0886791538782066,-24.898554670358838,8.157047059328644,-22.05074487982814,4.564287386209607
22.43930435180664,-3.43926,-3.05166,-0.214632,-0.561322,0.778647,-0.360545,0.0869265,0.480774,0.50192,0.467672,0.451369,0.558362,-0.51554,-0.0423438,0.325883,0.183791,0.645894,0.152794,0.536196,-0.521507,27.544206668717237,2.0886791538782066,-24.898554670358838,8.157047059328644,-22.05074487982814,4.564287386209607
22.45584797859192,-3.02603,-5.30551,-0.226467,-0.871707,0.758105,-0.831453,0.0869562,0.480755,0.501983,0.467197,0.452307,0.557985,-0.515556,-0.0374141,0.332416,0.181715,0.634329,0.16697,0.526816,-0.540567,27.42296452051715,1.1510623230307657,-21.448905710485164,9.877356544973338,-21.82667327379315,4.527056001706011
22.456800937652588,-3.02603,-5.30551,-0.226467,-0.871707,0.758105,-0.831453,0.0869562,0.480755,0.501983,0.467197,0.452307,0.557985,-0.515556,-0.0374141,0.332416,0.181715,0.634329,0.16697,0.526816,-0.540567,27.42296452051715,1.1510623230307657,-21.448905710485164,9.877356544973338,-21.82667327379315,4.527056001706011
22.471984386444092,-2.48916,-5.34427,-0.243163,-0.900453,0.65912,-0.878387,0.0870916,0.480623,0.502028,0.467241,0.450465,0.557686,-0.517448,-0.0342331,0.336553,0.180265,0.624234,0.175179,0.519408,-0.55665,27.249983617253417,0.36896932839534263,-18.68790021643214,12.412631164655519,-21.054179401851226,5.09188711830833
22.47291612625122,-2.48916,-5.34427,-0.243163,-0.900453,0.65912,-0.878387,0.0870916,0.480623,0.502028,0.467241,0.450465,0.557686,-0.517448,-0.0342331,0.336553,0.180265,0.624234,0.175179,0.519408,-0.55665,27.249983617253417,0.36896932839534263,-18.68790021643214,12.412631164655519,-21.054179401851226,5.09188711830833
22.488696098327637,-2.5026,-5.02191,-0.468747,-0.857025,0.680624,-0.818349,0.0871602,0.480562,0.501956,0.467215,0.450238,0.557927,-0.517411,-0.0319878,0.340411,0.179525,0.617077,0.185683,0.514816,-0.565422,26.78690282606971,0.06508352410611011,-16.737497282616808,13.11958463709977,-22.509303134407883,5.445733798143282
22.489630460739136,-2.5026,-5.02191,-0.468747,-0.857025,0.680624,-0.818349,0.0871602,0.480562,0.501956,0.467215,0.450238,0.557927,-0.517411,-0.0319878,0.340411,0.179525,0.617077,0.185683,0.514816,-0.565422,26.78690282606971,0.06508352410611011,-16.737497282616808,13.11958463709977,-22.509303134407883,5.445733798143282
22.504710912704468,-2.3614,-5.36935,0.0765696,-0.917744,0.547688,-0.864216,0.0871084,0.480552,0.501872,0.467552,0.44851,0.55775,-0.518796,-0.0307504,0.343702,0.179554,0.612239,0.188626,0.514699,-0.569798,26.310723188545765,-0.20481474814783526,-15.90820677263633,15.080703197061847,-20.86068486536875,5.558899492242167
22.50564193725586,-2.3614,-5.36935,0.0765696,-0.917744,0.547688,-0.864216,0.0871084,0.480552,0.501872,0.467552,0.44851,0.55775,-0.518796,-0.0307504,0.343702,0.179554,0.612239,0.188626,0.514699,-0.569798,26.310723188545765,-0.20481474814783526,-15.90820677263633,15.080703197061847,-20.86068486536875,5.558899492242167
22.538339614868164,-2.47302,-5.0881,-0.541362,-0.818858,0.695377,-0.7679,0.086729,0.480746,0.501833,0.465638,0.449294,0.559561,-0.517888,-0.0301768,0.349655,0.180456,0.605618,0.201342,0.519619,-0.568052,25.0304422663527,0.0436837631527582,-15.277244345394449,13.608413311251406,-21.74676077334641,6.375723373794392
22.539297103881836,-2.47302,-5.0881,-0.541362,-0.818858,0.695377,-0.7679,0.086729,0.480746,0.501833,0.465638,0.449294,0.559561,-0.517888,-0.0301768,0.349655,0.180456,0.605618,0.201342,0.519619,-0.568052,25.0304422663527,0.0436837631527582,-15.277244345394449,13.608413311251406,-21.74676077334641,6.375723373794392
22.55518913269043,-2.25858,-4.0408,-0.327645,-0.730226,0.577903,-0.586744,0.0867081,0.480674,0.501939,0.466518,0.448649,0.558405,-0.518902,-0.0297659,0.351217,0.18078,0.601528,0.204155,0.5197,-0.571311,24.524466750218306,-0.22981616952905254,-14.700136380162327,14.430921350390776,-21.419263520794487,7.2659827404428565
22.556130170822144,-2.25858,-4.0408,-0.327645,-0.730226,0.577903,-0.586744,0.0867081,0.480674,0.501939,0.466518,0.448649,0.558405,-0.518902,-0.0297659,0.351217,0.18078,0.601528,0.204155,0.5197,-0.571311,24.524466750218306,-0.22981616952905254,-14.700136380162327,14.430921350390776,-21.419263520794487,7.2659827404428565
22.571996212005615,-1.86408,-5.8657,-0.650949,-0.92913,0.567051,-0.890846,0.0865988,0.480734,0.50211,0.466772,0.448665,0.557983,-0.519114,-0.0277725,0.35553,0.180746,0.597309,0.214121,0.518429,-0.573242,23.736435385037062,-0.007120184802103023,-13.832569787273338,15.310915894243115,-22.095844446033993,7.813941803266086
22.572927474975586,-1.86408,-5.8657,-0.650949,-0.92913,0.567051,-0.890846,0.0865988,0.480734,0.50211,0.466772,0.448665,0.557983,-0.519114,-0.0277725,0.35553,0.180746,0.597309,0.214121,0.518429,-0.573242,23.736435385037062,-0.007120184802103023,-13.832569787273338,15.310915894243115,-22.095844446033993,7.813941803266086
22.588660717010498,-2.68292,-4.93544,-0.717788,-0.817327,0.666187,-0.712204,0.0865408,0.480735,0.502182,0.467584,0.447982,0.557201,-0.519811,-0.0269788,0.356889,0.180791,0.594928,0.217276,0.516736,-0.576051,23.439505737713997,-0.06675867411390037,-13.263011057536788,16.267558681873254,-22.322362001867972,8.135980735535604
22.589593172073364,-2.68292,-4.93544,-0.717788,-0.817327,0.666187,-0.712204,0.0865408,0.480735,0.502182,0.467584,0.447982,0.557201,-0.519811,-0.0269788,0.356889,0.180791,0.594928,0.217276,0.516736,-0.576051,23.439505737713997,-0.06675867411390037,-13.263011057536788,16.267558681873254,-22.322362001867972,8.135980735535604
22.605910539627075,-2.23673,-4.87551,-0.262468,-0.840979,0.522732,-0.662066,0.0864365,0.480799,0.502278,0.468512,0.446989,0.557058,-0.519983,-0.0245088,0.360515,0.180521,0.586624,0.22353,0.513684,-0.584838,22.916959439000212,-0.6878419467130132,-11.50594051298687,17.81297089179104,-21.88357759950062,8.724746886269964
22.60685968399048,-2.23673,-4.87551,-0.262468,-0.840979,0.522732,-0.662066,0.0864365,0.480799,0.502278,0.468512,0.446989,0.557058,-0.519983,-0.0245088,0.360515,0.180521,0.586624,0.22353,0.513684,-0.584838,22.916959439000212,-0.6878419467130132,-11.50594051298687,17.81297089179104,-21.88357759950062,8.724746886269964
22.638620138168335,-2.71416,-4.93795,-0.723139,-0.807606,0.644942,-0.594457,0.0867755,0.480656,0.502139,0.466528,0.44938,0.557985,-0.518712,-0.0218112,0.364778,0.18084,0.58025,0.231976,0.510813,-0.590395,22.758348270313135,-0.9314608048602172,-10.194134426134333,17.79654260694986,-22.508567149965394,6.995294981537965
22.63955545425415,-2.71416,-4.93795,-0.723139,-0.807606,0.644942,-0.594457,0.0867755,0.480656,0.502139,0.466528,0.44938,0.557985,-0.518712,-0.0218112,0.364778,0.18084,0.58025,0.231976,0.510813,-0.590395,22.758348270313135,-0.9314608048602172,-10.194134426134333,17.79654260694986,-22.508567149965394,6.995294981537965
22.65584087371826,-1.48655,-4.63428,-0.698942,-0.784971,0.52748,-0.517171,0.0869115,0.480717,0.502085,0.465671,0.449064,0.55947,-0.518155,-0.0204205,0.366144,0.180632,0.574301,0.236085,0.511328,-0.594126,22.37494664137124,-1.2689989803515018,-9.241032698681389,16.606776092989413,-22.280423922225403,7.971995008022679
22.656782388687134,-1.48655,-4.63428,-0.698942,-0.784971,0.52748,-0.517171,0.0869115,0.480717,0.502085,0.465671,0.449064,0.55947,-0.518155,-0.0204205,0.366144,0.180632,0.574301,0.236085,0.511328,-0.594126,22.37494664137124,-1.2689989803515018,-9.241032698681389,16.606776092989413,-22.280423922225403,7.971995008022679
22.671881437301636,-2.33944,-5.38486,-0.394185,-0.91079,0.538826,-0.672064,0.0868643,0.48068,0.502272,0.465471,0.448234,0.557675,-0.520981,-0.0145548,0.369696,0.178665,0.565053,0.248412,0.500244,-0.607259,21.984221203026312,-1.3045529416901023,-6.8121689607519045,18.727707101894868,-21.256946854610696,8.734584405705192
22.672816514968872,-2.33944,-5.38486,-0.394185,-0.91079,0.538826,-0.672064,0.0868643,0.48068,0.502272,0.465471,0.448234,0.557675,-0.520981,-0.0145548,0.369696,0.178665,0.565053,0.248412,0.500244,-0.607259,21.984221203026312,-1.3045529416901023,-6.8121689607519045,18.727707101894868,-21.256946854610696,8.734584405705192
22.688029766082764,-1.92093,-5.75485,-0.164123,-0.963265,0.45101,-0.719357,0.0866172,0.480736,0.502214,0.466329,0.446983,0.557765,-0.521193,-0.0111523,0.371648,0.177719,0.558371,0.255679,0.494032,-0.615452,21.651136577883975,-1.559805870950623,-5.013777327827236,19.655455894404355,-21.520101377505814,9.236112580411522
22.688953399658203,-1.92093,-5.75485,-0.164123,-0.963265,0.45101,-0.719357,0.0866172,0.480736,0.502214,0.466329,0.446983,0.557765,-0.521193,-0.0111523,0.371648,0.177719,0.558371,0.255679,0.494032,-0.615452,21.651136577883975,-1.559805870950623,-5.013777327827236,19.655455894404355,-21.520101377505814,9.236112580411522
22.704838037490845,-0.986902,-5.66698,-0.214138,-0.912704,0.346859,-0.61372,0.0865728,0.48072,0.502173,0.46682,0.446877,0.557876,-0.520725,-0.00900607,0.373776,0.17741,0.554587,0.263169,0.491124,-0.61804,21.20856601333879,-1.4431780270050367,-4.057720849852976,20.032698995474558,-22.735921430946064,9.691628040798033
22.705776691436768,-0.986902,-5.66698,-0.214138,-0.912704,0.346859,-0.61372,0.0865728,0.48072,0.502173,0.46682,0.446877,0.557876,-0.520725,-0.00900607,0.373776,0.17741,0.554587,0.263169,0.491124,-0.61804,21.20856601333879,-1.4431780270050367,-4.057720849852976,20.032698995474558,-22.735921430946064,9.691628040798033
22.73866605758667,-4.14135,-4.8235,0.251199,-0.765907,0.590221,-0.475543,0.086598,0.480717,0.502057,0.466131,0.448292,0.558441,-0.519519,-0.0056907,0.378019,0.177745,0.548553,0.273436,0.488542,-0.621006,20.67609717388341,-1.3635308931623942,-2.884669667852496,20.233560232002958,-23.58048134151171,8.947100202239719
22.73959970474243,-4.14135,-4.8235,0.251199,-0.765907,0.590221,-0.475543,0.086598,0.480717,0.502057,0.466131,0.448292,0.558441,-0.519519,-0.0056907,0.378019,0.177745,0.548553,0.273436,0.488542,-0.621006,20.67609717388341,-1.3635308931623942,-2.884669667852496,20.233560232002958,-23.58048134151171,8.947100202239719
22.75471043586731,-1.54794,-4.82759,-0.0173046,-0.743372,0.331783,-0.383337,0.0864963,0.480773,0.502125,0.466237,0.447981,0.558432,-0.519702,-0.00301826,0.379926,0.177331,0.543477,0.278211,0.486407,-0.625012,20.297100355207707,-1.519222866515171,-1.9441011616639923,20.567687262950148,-22.616995370243746,9.46697532289861
22.755640983581543,-1.54794,-4.82759,-0.0173046,-0.743372,0.331783,-0.383337,0.0864963,0.480773,0.502125,0.466237,0.447981,0.558432,-0.519702,-0.00301826,0.379926,0.177331,0.543477,0.278211,0.486407,-0.625012,20.297100355207707,-1.519222866515171,-1.9441011616639923,20.567687262950148,-22.616995370243746,9.46697532289861
22.771405935287476,-2.32655,-5.06691,-0.232274,-0.74393,0.525227,-0.367431,0.0864682,0.480766,0.502194,0.467092,0.446776,0.557705,-0.520751,0.000134752,0.381425,0.176792,0.539558,0.281574,0.479293,-0.632354,20.333540836254024,-1.713374644997049,-0.6180243830194554,22.923174143555347,-21.952410031735294,8.614876118944558
22.77234411239624,-2.32655,-5.06691,-0.232274,-0.74393,0.525227,-0.367431,0.0864682,0.480766,0.502194,0.467092,0.446776,0.557705,-0.520751,0.000134752,0.381425,0.176792,0.539558,0.281574,0.479293,-0.632354,20.333540836254024,-1.713374644997049,-0.6180243830194554,22.923174143555347,-21.952410031735294,8.614876118944558
22.788015604019165,-2.05725,-5.0065,-0.48161,-0.692756,0.543848,-0.328586,0.0865413,0.480738,0.502207,0.467141,0.44689,0.557842,-0.520463,0.00278489,0.382976,0.176537,0.536002,0.286221,0.474704,-0.636738,20.286159940816873,-1.7929520476856728,0.41403535886682763,23.788692663430567,-22.159264378744435,7.913916886670088
22.788947343826294,-2.05725,-5.0065,-0.48161,-0.692756,0.543848,-0.328586,0.0865413,0.480738,0.502207,0.467141,0.44689,0.557842,-0.520463,0.00278489,0.382976,0.176537,0.536002,0.286221,0.474704,-0.636738,20.286159940816873,-1.7929520476856728,0.41403535886682763,23.788692663430567,-22.159264378744435,7.913916886670088
22.804719924926758,-2.54831,-4.63968,-0.519995,-0.659926,0.536717,-0.214308,0.0866524,0.480692,0.502218,0.465718,0.448298,0.557895,-0.52047,0.00554985,0.384819,0.176277,0.531234,0.293193,0.473517,-0.638443,19.893644298893143,-1.656537385575999,1.0380170724959392,22.788593454915926,-21.64530609631334,8.36754150604817
22.80565905570984,-2.54831,-4.63968,-0.519995,-0.659926,0.536717,-0.214308,0.0866524,0.480692,0.502218,0.465718,0.448298,0.557895,-0.52047,0.00554985,0.384819,0.176277,0.531234,0.293193,0.473517,-0.638443,19.893644298893143,-1.656537385575999,1.0380170724959392,22.788593454915926,-21.64530609631334,8.36754150604817
22.82203698158264,-3.46557,-3.79158,0.111003,-0.557445,0.590248,-0.0196904,0.0868773,0.48072,0.502407,0.46482,0.448315,0.558595,-0.520506,0.00874923,0.386376,0.175879,0.527273,0.300331,0.469426,-0.641423,19.69392487484727,-1.4030401098609688,2.0195073032948763,22.74922496177048,-21.929489664401924,8.472991131762335
22.82297134399414,-3.46557,-3.79158,0.111003,-0.557445,0.590248,-0.0196904,0.0868773,0.48072,0.502407,0.46482,0.448315,0.558595,-0.520506,0.00874923,0.386376,0.175879,0.527273,0.300331,0.469426,-0.641423,19.69392487484727,-1.4030401098609688,2.0195073032948763,22.74922496177048,-21.929489664401924,8.472991131762335
22.85504651069641,-2.81078,-4.71605,-0.193967,-0.639927,0.611493,-0.123136,0.0867932,0.480733,0.502442,0.465995,0.446702,0.55937,-0.520011,0.0157585,0.389653,0.175052,0.509717,0.314998,0.462518,-0.653485,18.35389996217899,-1.9613229752405374,5.1876378077195815,22.458872431089382,-21.951691824308305,11.041417129085447
22.855979681015015,-2.81078,-4.71605,-0.193967,-0.639927,0.611493,-0.123136,0.0867932,0.480733,0.502442,0.465995,0.446702,0.55937,-0.520011,0.0157585,0.389653,0.175052,0.509717,0.314998,0.462518,-0.653485,18.35389996217899,-1.9613229752405374,5.1876378077195815,22.458872431089382,-21.951691824308305,11.041417129085447
22.871431589126587,-8.06827,-5.51092,0.605833,-0.719516,1.06709,-0.396132,0.0868942,0.480732,0.502387,0.465072,0.448251,0.558775,-0.520145,0.0191633,0.391373,0.174836,0.506116,0.319867,0.457511,-0.657431,18.414942304679485,-1.9694576247009214,6.021376646809964,23.157863268257454,-21.159411034005515,9.701735907574893
22.872360706329346,-8.06827,-5.51092,0.605833,-0.719516,1.06709,-0.396132,0.0868942,0.480732,0.502387,0.465072,0.448251,0.558775,-0.520145,0.0191633,0.391373,0.174836,0.506116,0.319867,0.457511,-0.657431,18.414942304679485,-1.9694576247009214,6.021376646809964,23.157863268257454,-21.159411034005515,9.701735907574893
22.88793659210205,1.06489,-4.77901,-1.01853,-0.584716,0.266567,-0.032862,0.0869201,0.480734,0.502224,0.465508,0.447817,0.559394,-0.519462,0.0224569,0.393323,0.174671,0.502356,0.326044,0.451766,-0.661242,18.311067820798502,-1.8745866701379783,7.241038688523834,24.61263404142632,-21.935913004817294,8.726222250690157
22.88887310028076,1.06489,-4.77901,-1.01853,-0.584716,0.266567,-0.032862,0.0869201,0.480734,0.502224,0.465508,0.447817,0.559394,-0.519462,0.0224569,0.393323,0.174671,0.502356,0.326044,0.451766,-0.661242,18.311067820798502,-1.8745866701379783,7.241038688523834,24.61263404142632,-21.935913004817294,8.726222250690157
22.904793739318848,-2.80325,-4.84197,0.0490093,-0.621302,0.484446,-0.145185,0.086687,0.480666,0.502353,0.466088,0.446398,0.557675,-0.522006,0.0261551,0.395146,0.174355,-0.497101,-0.329599,-0.448071,0.665949,17.829510019796047,-1.9065279681258822,8.050094398756153,26.4319065449381,-18.86381874221755,9.08189881406894
22.905722856521606,-2.80325,-4.84197,0.0490093,-0.621302,0.484446,-0.145185,0.086687,0.480666,0.502353,0.466088,0.446398,0.557675,-0.522006,0.0261551,0.395146,0.174355,-0.497101,-0.329599,-0.448071,0.665949,17.829510019796047,-1.9065279681258822,8.050094398756153,26.4319065449381,-18.86381874221755,9.08189881406894
22.938300848007202,-2.26023,-5.00763,0.558902,-0.612754,0.379893,-0.116709,0.086483,0.480816,0.502351,0.468172,0.447674,0.557656,-0.519059,0.0315668,0.397801,0.17379,-0.48946,-0.340193,-0.439682,0.671846,17.466937864004827,-2.1404078327767726,10.08991509111964,27.831644958116318,-20.658043586951507,8.851892981034368
22.939231634140015,-2.26023,-5.00763,0.558902,-0.612754,0.379893,-0.116709,0.086483,0.480816,0.502351,0.468172,0.447674,0.557656,-0.519059,0.0315668,0.397801,0.17379,-0.48946,-0.340193,-0.439682,0.671846,17.466937864004827,-2.1404078327767726,10.08991509111964,27.831644958116318,-20.658043586951507,8.851892981034368
22.954708576202393,-3.00557,-4.68244,1.02885,-0.532629,0.408609,-0.0539013,0.0864958,0.480733,0.502131,0.465981,0.448291,0.557869,-0.520268,0.0364402,0.400451,0.174073,-0.480517,-0.348348,-0.435083,0.677097,17.035344461101072,-2.037740729830127,11.398907902265158,27.91772083777395,-18.816156959586984,7.865393126687117
22.95563840866089,-3.00557,-4.68244,1.02885,-0.532629,0.408609,-0.0539013,0.0864958,0.480733,0.502131,0.465981,0.448291,0.557869,-0.520268,0.0364402,0.400451,0.174073,-0.480517,-0.348348,-0.435083,0.677097,17.035344461101072,-2.037740729830127,11.398907902265158,27.91772083777395,-18.816156959586984,7.865393126687117
22.971307277679443,-2.58484,-4.49125,0.567164,-0.486644,0.442363,-0.00255012,0.0865656,0.48069,0.502089,0.465995,0.448473,0.557835,-0.520135,0.0380053,0.401493,0.174199,-0.475529,-0.354092,-0.434999,0.677692,16.41960299070282,-1.9152833271293799,11.944928883503108,27.22079377845546,-19.474282896122876,9.228727713610764
22.972227811813354,-2.58484,-4.49125,0.567164,-0.486644,0.442363,-0.00255012,0.0865656,0.48069,0.502089,0.465995,0.448473,0.557835,-0.520135,0.0380053,0.401493,0.174199,-0.475529,-0.354092,-0.434999,0.677692,16.41960299070282,-1.9152833271293799,11.944928883503108,27.22079377845546,-19.474282896122876,9.228727713610764
22.98809552192688,-2.63057,-4.80426,0.889539,-0.521439,0.399982,-0.0753151,0.086646,0.480651,0.502099,0.465738,0.448497,0.557972,-0.520198,0.0411311,0.40321,0.17439,-0.47123,-0.358883,-0.432213,0.679953,16.14430733442376,-1.8300308817680877,12.704896471774841,27.835539905763472,-18.719351514477,8.808738359201806
22.98903465270996,-2.63057,-4.80426,0.889539,-0.521439,0.399982,-0.0753151,0.086646,0.480651,0.502099,0.465738,0.448497,0.557972,-0.520198,0.0411311,0.40321,0.17439,-0.47123,-0.358883,-0.432213,0.679953,16.14430733442376,-1.8300308817680877,12.704896471774841,27.835539905763472,-18.719351514477,8.808738359201806
23.00542187690735,-3.27425,-4.74619,0.574631,-0.491422,0.480359,-0.0856825,0.08657,0.480697,0.502318,0.465321,0.448668,0.556811,-0.521665,0.0457521,0.406033,0.175155,-0.464189,-0.364259,-0.429314,0.683764,15.591915519517832,-1.85240562850076,13.562300694483666,28.888300938023175,-15.777819320528856,8.159957549020017
23.006354570388794,-3.27425,-4.74619,0.574631,-0.491422,0.480359,-0.0856825,0.08657,0.480697,0.502318,0.465321,0.448668,0.556811,-0.521665,0.0457521,0.406033,0.175155,-0.464189,-0.364259,-0.429314,0.683764,15.591915519517832,-1.85240562850076,13.562300694483666,28.888300938023175,-15.777819320528856,8.159957549020017
23.038283348083496,-2.52686,-5.05687,0.76544,-0.507534,0.384331,-0.14216,0.0865292,0.480756,0.502522,0.46574,0.448398,0.558265,-0.519966,0.0505637,0.40866,0.175847,-0.455533,-0.375136,-0.425192,0.686276,14.8618882882888,-1.6053272765674145,15.15788398782793,29.00162566123961,-16.934918241355287,8.599102844315421
23.039226293563843,-2.52686,-5.05687,0.76544,-0.507534,0.384331,-0.14216,0.0865292,0.480756,0.502522,0.46574,0.448398,0.558265,-0.519966,0.0505637,0.40866,0.175847,-0.455533,-0.375136,-0.425192,0.686276,14.8618882882888,-1.6053272765674145,15.15788398782793,29.00162566123961,-16.934918241355287,8.599102844315421
23.055169105529785,-2.14963,-4.11535,0.729755,-0.375295,0.363361,0.0549211,0.0866859,0.480761,0.502571,0.465088,0.448263,0.558795,-0.520098,0.0551224,0.410935,0.176567,-0.446386,-0.383422,-0.42087,0.690358,14.255610782730885,-1.4918803544949266,16.56902546178074,29.414995597988575,-16.572234101144737,8.390211223346956
23.056106567382812,-2.14963,-4.11535,0.729755,-0.375295,0.363361,0.0549211,0.0866859,0.480761,0.502571,0.465088,0.448263,0.558795,-0.520098,0.0551224,0.410935,0.176567,-0.446386,-0.383422,-0.42087,0.690358,14.255610782730885,-1.4918803544949266,16.56902546178074,29.414995597988575,-16.572234101144737,8.390211223346956
23.072041034698486,-1.48603,-4.8777,0.645028,-0.451086,0.328891,-0.0666162,0.0866496,0.480703,0.502478,0.465654,0.448099,0.557797,-0.520803,0.0577968,0.412427,0.177081,-0.440949,-0.390071,-0.420176,0.690551,13.471602338749621,-1.2090770137795588,17.094937232146762,29.369599483291232,-16.358876911915743,9.667567763589293
23.072978973388672,-1.48603,-4.8777,0.645028,-0.451086,0.328891,-0.0666162,0.0866496,0.480703,0.502478,0.465654,0.448099,0.557797,-0.520803,0.0577968,0.412427,0.177081,-0.440949,-0.390071,-0.420176,0.690551,13.471602338749621,-1.2090770137795588,17.094937232146762,29.369599483291232,-16.358876911915743,9.667567763589293
23.088046312332153,-1.73934,-4.54943,0.83723,-0.404278,0.331055,-0.000257842,0.0865588,0.480741,0.502381,0.46601,0.448333,0.557182,-0.520943,0.0602752,0.414003,0.177495,-0.436587,-0.394823,-0.417568,0.692202,13.099150482153277,-1.122699766485212,17.759453842792823,30.222043257976143,-16.178412662251368,9.569432857477903
23.088974714279175,-1.73934,-4.54943,0.83723,-0.404278,0.331055,-0.000257842,0.0865588,0.480741,0.502381,0.46601,0.448333,0.557182,-0.520943,0.0602752,0.414003,0.177495,-0.436587,-0.394823,-0.417568,0.692202,13.099150482153277,-1.122699766485212,17.759453842792823,30.222043257976143,-16.178412662251368,9.569432857477903
23.105783224105835,-2.08778,-4.47653,0.785529,-0.370035,0.371502,0.0136766,0.0865109,0.480734,0.502378,0.465718,0.448526,0.556687,-0.521566,0.0627542,0.41531,0.178066,-0.431847,-0.396771,-0.415532,0.69528,12.84976116725004,-1.301731481865218,18.357503510286318,30.897475786401113,-14.545710519471012,8.710935557571958
23.10672402381897,-2.08778,-4.47653,0.785529,-0.370035,0.371502,0.0136766,0.0865109,0.480734,0.502378,0.465718,0.448526,0.556687,-0.521566,0.0627542,0.41531,0.178066,-0.431847,-0.396771,-0.415532,0.69528,12.84976116725004,-1.301731481865218,18.357503510286318,30.897475786401113,-14.545710519471012,8.710935557571958
23.138357400894165,-1.39061,-4.62085,1.2362,-0.378449,0.232594,0.0109137,0.0864717,0.480716,0.502357,0.465592,0.44847,0.556593,-0.521826,0.0671329,0.418065,0.179407,-0.41977,-0.405453,-0.412794,0.699286,11.820242712146756,-1.3121616716670466,19.80891027138669,31.2735909997914,-14.09600731342663,9.081826804050806
23.139289617538452,-1.39061,-4.62085,1.2362,-0.378449,0.232594,0.0109137,0.0864717,0.480716,0.502357,0.465592,0.44847,0.556593,-0.521826,0.0671329,0.418065,0.179407,-0.41977,-0.405453,-0.412794,0.699286,11.820242712146756,-1.3121616716670466,19.80891027138669,31.2735909997914,-14.09600731342663,9.081826804050806
23.155081272125244,-0.922836,-4.75577,0.875837,-0.369089,0.287911,-0.0084583,0.0864002,0.480745,0.502339,0.466396,0.44778,0.556816,-0.521463,0.0691768,0.419201,0.179853,-0.418986,-0.408348,-0.409999,0.699717,11.765587462885147,-1.1050816591441852,20.27986257933557,32.616970214188875,-14.139599819760114,8.33720581062843
23.15602397918701,-0.922836,-4.75577,0.875837,-0.369089,0.287911,-0.0084583,0.0864002,0.480745,0.502339,0.466396,0.44778,0.556816,-0.521463,0.0691768,0.419201,0.179853,-0.418986,-0.408348,-0.409999,0.699717,11.765587462885147,-1.1050816591441852,20.27986257933557,32.616970214188875,-14.139599819760114,8.33720581062843
23.171958446502686,-2.03809,-4.80794,1.09809,-0.366182,0.38219,-0.0417356,0.0863753,0.480771,0.502369,0.4665,0.447759,0.556814,-0.521391,0.0714177,0.420518,0.180617,-0.411785,-0.414055,-0.409945,0.700669,10.987701384210993,-1.0160478070121501,20.988655229257358,32.01081034709805,-14.273696669357582,9.494132219365522
23.17289447784424,-2.03809,-4.80794,1.09809,-0.366182,0.38219,-0.0417356,0.0863753,0.480771,0.502369,0.4665,0.447759,0.556814,-0.521391,0.0714177,0.420518,0.180617,-0.411785,-0.414055,-0.409945,0.700669,10.987701384210993,-1.0160478070121501,20.988655229257358,32.01081034709805,-14.273696669357582,9.494132219365522
23.188699960708618,-1.91087,-4.65973,0.977495,-0.334879,0.402109,-0.023039,0.086432,0.480812,0.502435,0.466637,0.448538,0.556902,-0.520503,0.0734636,0.421832,0.181608,-0.406166,-0.418816,-0.4096,0.70132,10.461374978320261,-1.0126719247824683,21.598156462385,31.59807726758455,-14.749386041459896,9.72050611272048
23.189647674560547,-1.91087,-4.65973,0.977495,-0.334879,0.402109,-0.023039,0.086432,0.480812,0.502435,0.466637,0.448538,0.556902,-0.520503,0.0734636,0.421832,0.181608,-0.406166,-0.418816,-0.4096,0.70132,10.461374978320261,-1.0126719247824683,21.598156462385,31.59807726758455,-14.749386041459896,9.72050611272048
23.204638481140137,-2.02404,-4.91397,0.650211,-0.370416,0.465054,-0.0763911,0.0865047,0.480782,0.502557,0.465407,0.448952,0.558193,-0.519864,0.0758149,0.423054,0.182281,-0.400545,-0.421834,-0.407427,0.704005,10.316892010217192,-1.0899991026080749,22.425606813752864,31.729707771031336,-14.307235452551804,8.656143355656468
23.205568552017212,-2.02404,-4.91397,0.650211,-0.370416,0.465054,-0.0763911,0.0865047,0.480782,0.502557,0.465407,0.448952,0.558193,-0.519864,0.0758149,0.423054,0.182281,-0.400545,-0.421834,-0.407427,0.704005,10.316892010217192,-1.0899991026080749,22.425606813752864,31.729707771031336,-14.307235452551804,8.656143355656468
23.238199472427368,-0.338375,-4.64061,0.846063,-0.300075,0.325382,0.0469764,0.0866147,0.48076,0.502588,0.465928,0.447581,0.558838,-0.519886,0.0809433,0.425363,0.183904,-0.386412,-0.430963,-0.404753,0.707907,9.027553701284685,-1.0093080125937157,24.15250463764367,31.84909646359154,-14.066455147090197,9.62355100687185
23.23912763595581,-0.338375,-4.64061,0.846063,-0.300075,0.325382,0.0469764,0.0866147,0.48076,0.502588,0.465928,0.447581,0.558838,-0.519886,0.0809433,0.425363,0.183904,-0.386412,-0.430963,-0.404753,0.707907,9.027553701284685,-1.0093080125937157,24.15250463764367,31.84909646359154,-14.066455147090197,9.62355100687185
23.25507140159607,-4.62744,-5.36886,1.29319,-0.401051,0.737078,-0.198933,0.0865383,0.48079,0.502466,0.465732,0.448957,0.557529,-0.520281,0.0835975,0.427028,0.184517,-0.372638,-0.445182,-0.406731,0.705354,7.221871456691442,-0.3020906816203673,25.007789294216053,29.17167059168276,-16.29656282378776,14.765894909017597
23.256022691726685,-4.62744,-5.36886,1.29319,-0.401051,0.737078,-0.198933,0.0865383,0.48079,0.502466,0.465732,0.448957,0.557529,-0.520281,0.0835975,0.427028,0.184517,-0.372638,-0.445182,-0.406731,0.705354,7.221871456691442,-0.3020906816203673,25.007789294216053,29.17167059168276,-16.29656282378776,14.765894909017597
23.27193856239319,-3.62157,-4.89277,1.56749,-0.324921,0.57475,-0.0991909,0.0864819,0.480762,0.502489,0.466114,0.447755,0.558197,-0.520259,0.0859952,0.42874,0.185668,-0.368296,-0.448865,-0.406072,0.70568,6.735134959520635,-0.07503309976345718,25.587450266177566,29.927240009383045,-15.77080487731409,14.60259812136147
23.272867918014526,-3.62157,-4.89277,1.56749,-0.324921,0.57475,-0.0991909,0.0864819,0.480762,0.502489,0.466114,0.447755,0.558197,-0.520259,0.0859952,0.42874,0.185668,-0.368296,-0.448865,-0.406072,0.70568,6.735134959520635,-0.07503309976345718,25.587450266177566,29.927240009383045,-15.77080487731409,14.60259812136147
23.28798770904541,-1.98028,-4.40485,1.35687,-0.260874,0.413313,0.0435856,0.0865172,0.480787,0.502592,0.465306,0.449113,0.55822,-0.519788,0.0887757,0.429981,0.187248,-0.370322,-0.446647,-0.404078,0.70717,7.303455518867178,-0.32544587168218936,25.549593242132925,31.191578776942702,-12.861962159621694,10.219186375753761
23.28890824317932,-1.98028,-4.40485,1.35687,-0.260874,0.413313,0.0435856,0.0865172,0.480787,0.502592,0.465306,0.449113,0.55822,-0.519788,0.0887757,0.429981,0.187248,-0.370322,-0.446647,-0.404078,0.70717,7.303455518867178,-0.32544587168218936,25.549593242132925,31.191578776942702,-12.861962159621694,10.219186375753761
23.305074214935303,-2.54914,-5.23576,1.17913,-0.341376,0.503568,-0.151723,0.086486,0.480809,0.502626,0.465417,0.449197,0.558113,-0.51973,0.0917545,0.43176,0.188596,-0.360856,-0.452002,-0.401589,0.710073,6.579273053507149,-0.36947235057342065,26.65998222854781,31.932248011141247,-12.866942135106768,10.204683777933493
23.306015729904175,-2.54914,-5.23576,1.17913,-0.341376,0.503568,-0.151723,0.086486,0.480809,0.502626,0.465417,0.449197,0.558113,-0.51973,0.0917545,0.43176,0.188596,-0.360856,-0.452002,-0.401589,0.710073,6.579273053507149,-0.36947235057342065,26.65998222854781,31.932248011141247,-12.866942135106768,10.204683777933493
23.33834981918335,-2.35553,-4.67485,0.929676,-0.217047,0.558061,-0.0448149,0.0863933,0.480971,0.502593,0.464591,0.450704,0.559126,-0.518072,0.0968204,0.435126,0.191378,-0.347909,-0.463731,-0.401385,0.709086,5.385902703926639,0.12348196083627326,27.90611349788132,31.096857997755517,-13.511670933601936,10.315317410889527
23.339279651641846,-2.35553,-4.67485,0.929676,-0.217047,0.558061,-0.0448149,0.0863933,0.480971,0.502593,0.464591,0.450704,0.559126,-0.518072,0.0968204,0.435126,0.191378,-0.347909,-0.463731,-0.401385,0.709086,5.385902703926639,0.12348196083627326,27.90611349788132,31.096857997755517,-13.511670933601936,10.315317410889527
23.354696035385132,-3.03804,-5.23899,1.34401,-0.287452,0.558735,-0.186734,0.0864156,0.480966,0.502619,0.464574,0.450739,0.559208,-0.517969,0.0991126,0.436748,0.192782,-0.344939,-0.464221,-0.400814,0.710537,5.208897151230331,-0.021658525140665262,28.239066724383356,32.11722922175851,-11.851049633146141,8.583839802851262
23.355631589889526,-3.03804,-5.23899,1.34401,-0.287452,0.558735,-0.186734,0.0864156,0.480966,0.502619,0.464574,0.450739,0.559208,-0.517969,0.0991126,0.436748,0.192782,-0.344939,-0.464221,-0.400814,0.710537,5.208897151230331,-0.021658525140665262,28.239066724383356,32.11722922175851,-11.851049633146141,8.583839802851262
23.37128448486328,-2.78254,-4.8882,1.11538,-0.206536,0.598367,-0.138035,0.086505,0.480938,0.502693,0.465192,0.450733,0.559661,-0.516929,0.101206,0.438528,0.194382,-0.3437,-0.470012,-0.402294,0.706483,4.745135735329535,0.5875004811899466,28.32032042705626,32.056362375760585,-12.499019230692888,8.966799998093226
23.372204542160034,-2.78254,-4.8882,1.11538,-0.206536,0.598367,-0.138035,0.086505,0.480938,0.502693,0.465192,0.450733,0.559661,-0.516929,0.101206,0.438528,0.194382,-0.3437,-0.470012,-0.402294,0.706483,4.745135735329535,0.5875004811899466,28.32032042705626,32.056362375760585,-12.499019230692888,8.966799998093226
23.388010025024414,-1.28386,-4.42846,0.380371,-0.114449,0.603749,-0.0311966,0.0865917,0.480894,0.502875,0.465948,0.448245,0.559292,-0.518808,0.10291,0.440253,0.195933,-0.338246,-0.472846,-0.403287,0.706658,3.86424828613804,0.8664823041991736,28.696039391225646,32.98855707519648,-11.45347659812385,10.114646655230443
23.388941049575806,-1.28386,-4.42846,0.380371,-0.114449,0.603749,-0.0311966,0.0865917,0.480894,0.502875,0.465948,0.448245,0.559292,-0.518808,0.10291,0.440253,0.195933,-0.338246,-0.472846,-0.403287,0.706658,3.86424828613804,0.8664823041991736,28.696039391225646,32.98855707519648,-11.45347659812385,10.114646655230443
23.405409574508667,-1.07585,-4.46984,0.378339,-0.102504,0.612014,-0.0279274,0.0866443,0.480939,0.502947,0.464675,0.448891,0.559233,-0.519454,0.103885,0.441045,0.196667,-0.335527,-0.474956,-0.401872,0.707345,3.7983975024571413,1.00537488855399,28.94483872245497,33.43389261300463,-11.227069486997735,9.455701973845565
23.406352758407593,-1.07585,-4.46984,0.378339,-0.102504,0.612014,-0.0279274,0.0866443,0.480939,0.502947,0.464675,0.448891,0.559233,-0.519454,0.103885,0.441045,0.196667,-0.335527,-0.474956,-0.401872,0.707345,3.7983975024571413,1.00537488855399,28.94483872245497,33.43389261300463,-11.227069486997735,9.455701973845565
23.43807601928711,-1.47049,-4.05243,0.326122,0.0115727,0.770044,0.0130256,0.0866811,0.480837,0.50321,0.466058,0.447834,0.558303,-0.520127,0.10702,0.444461,0.1998,-0.327966,-0.481613,-0.405072,0.70456,2.4494998387648623,1.4697268233079546,29.287475110752627,34.172810237609575,-10.396133973074003,10.816577667854453
23.439017295837402,-1.47049,-4.05243,0.326122,0.0115727,0.770044,0.0130256,0.0866811,0.480837,0.50321,0.466058,0.447834,0.558303,-0.520127,0.10702,0.444461,0.1998,-0.327966,-0.481613,-0.405072,0.70456,2.4494998387648623,1.4697268233079546,29.287475110752627,34.172810237609575,-10.396133973074003,10.816577667854453
23.455237865447998,-1.74705,-4.56273,0.125367,0.012738,0.92971,-0.10263,0.0866589,0.480854,0.503263,0.466204,0.447925,0.558263,-0.519961,0.109134,0.447177,0.202161,-0.321763,-0.483728,-0.407298,0.704687,1.7188317297516666,1.3821846364870332,29.610136326363993,34.865328768551635,-9.098597472570422,10.109157646092175
23.45617437362671,-1.74705,-4.56273,0.125367,0.012738,0.92971,-0.10263,0.0866589,0.480854,0.503263,0.466204,0.447925,0.558263,-0.519961,0.109134,0.447177,0.202161,-0.321763,-0.483728,-0.407298,0.704687,1.7188317297516666,1.3821846364870332,29.610136326363993,34.865328768551635,-9.098597472570422,10.109157646092175
23.47126340866089,-1.35806,-4.32364,0.183784,0.104269,0.989062,-0.0834127,0.0866304,0.480876,0.503305,0.466329,0.448071,0.558234,-0.519754,0.110492,0.449033,0.203706,-0.316494,-0.488321,-0.40904,0.702894,0.9905354140046442,1.6719154682416932,29.905127795614554,34.82079514736389,-9.450372825531236,11.046112637559677
23.47218680381775,-1.35806,-4.32364,0.183784,0.104269,0.989062,-0.0834127,0.0866304,0.480876,0.503305,0.466329,0.448071,0.558234,-0.519754,0.110492,0.449033,0.203706,-0.316494,-0.488321,-0.40904,0.702894,0.9905354140046442,1.6719154682416932,29.905127795614554,34.82079514736389,-9.450372825531236,11.046112637559677
23.488117933273315,-1.37797,-4.07421,0.17195,0.158519,1.05406,-0.0459893,0.0866131,0.480886,0.503324,0.466399,0.448033,0.558254,-0.519703,0.11113,0.449984,0.204573,-0.316062,-0.490405,-0.409719,0.701241,0.8046440882447293,1.9297633735074795,29.888211932596974,35.080288008464045,-9.531864390443694,11.06963666584497
23.48904514312744,-1.37797,-4.07421,0.17195,0.158519,1.05406,-0.0459893,0.0866131,0.480886,0.503324,0.466399,0.448033,0.558254,-0.519703,0.11113,0.449984,0.204573,-0.316062,-0.490405,-0.409719,0.701241,0.8046440882447293,1.9297633735074795,29.888211932596974,35.080288008464045,-9.531864390443694,11.06963666584497
23.50483536720276,-1.79723,-4.20893,0.194626,0.177693,1.17759,-0.0990348,0.0865829,0.480927,0.503396,0.466023,0.449293,0.55824,-0.518967,0.113358,0.452931,0.207078,-0.308911,-0.49604,-0.413036,0.698512,-0.12169802761632333,2.196556152869425,30.1477425388838,34.80760136534386,-9.280149438207339,11.53486529132643
23.50577664375305,-1.79723,-4.20893,0.194626,0.177693,1.17759,-0.0990348,0.0865829,0.480927,0.503396,0.466023,0.449293,0.55824,-0.518967,0.113358,0.452931,0.207078,-0.308911,-0.49604,-0.413036,0.698512,-0.12169802761632333,2.196556152869425,30.1477425388838,34.80760136534386,-9.280149438207339,11.53486529132643
23.538132667541504,-1.88423,-4.33347,0.78491,0.220597,1.20587,-0.144002,0.0866284,0.481055,0.503488,0.463543,0.45226,0.560103,-0.516598,0.115832,0.455877,0.2097,-0.30258,-0.500195,-0.415447,0.696889,-0.4307262758365635,2.270935687526312,30.47447571359158,34.30833822567481,-8.852518216239835,9.369844606501069
23.5390625,-1.88423,-4.33347,0.78491,0.220597,1.20587,-0.144002,0.0866284,0.481055,0.503488,0.463543,0.45226,0.560103,-0.516598,0.115832,0.455877,0.2097,-0.30258,-0.500195,-0.415447,0.696889,-0.4307262758365635,2.270935687526312,30.47447571359158,34.30833822567481,-8.852518216239835,9.369844606501069
23.55532741546631,-2.02816,-4.31034,1.10377,0.264339,1.2561,-0.164274,0.0865607,0.48107,0.503569,0.464765,0.451006,0.559827,-0.516895,0.118371,0.458817,0.212382,-0.296649,-0.505288,-0.417833,0.694334,-1.4763652498655222,2.702749071799703,30.829347694502776,35.258712275659654,-8.233572085407172,10.368918740805533
23.55626344680786,-2.02816,-4.31034,1.10377,0.264339,1.2561,-0.164274,0.0865607,0.48107,0.503569,0.464765,0.451006,0.559827,-0.516895,0.118371,0.458817,0.212382,-0.296649,-0.505288,-0.417833,0.694334,-1.4763652498655222,2.702749071799703,30.829347694502776,35.258712275659654,-8.233572085407172,10.368918740805533
23.571675539016724,-2.26801,-4.21045,1.04674,0.320024,1.3862,-0.176853,0.086597,0.481058,0.503661,0.465383,0.450057,0.559392,-0.517637,0.119914,0.460786,0.214194,-0.291623,-0.509018,-0.41933,0.692834,-2.284272945987488,3.02107293974813,31.112569066255272,35.943181399114245,-7.943271625185947,11.503477969404628
23.572643756866455,-2.26801,-4.21045,1.04674,0.320024,1.3862,-0.176853,0.086597,0.481058,0.503661,0.465383,0.450057,0.559392,-0.517637,0.119914,0.460786,0.214194,-0.291623,-0.509018,-0.41933,0.692834,-2.284272945987488,3.02107293974813,31.112569066255272,35.943181399114245,-7.943271625185947,11.503477969404628
23.587957859039307,-1.81593,-4.0684,1.05252,0.345874,1.3843,-0.156929,0.086618,0.48105,0.50371,0.465554,0.449921,0.5593,-0.517701,0.120713,0.461669,0.215119,-0.290949,-0.509467,-0.421035,0.691753,-2.526945373690002,3.0722946105563227,31.00257084139554,35.95352683989525,-7.085523475476311,11.376754592806883
23.588922262191772,-1.81593,-4.0684,1.05252,0.345874,1.3843,-0.156929,0.086618,0.48105,0.50371,0.465554,0.449921,0.5593,-0.517701,0.120713,0.461669,0.215119,-0.290949,-0.509467,-0.421035,0.691753,-2.526945373690002,3.0722946105563227,31.00257084139554,35.95352683989525,-7.085523475476311,11.376754592806883
23.60553812980652,-2.03236,-4.50022,0.737476,0.323382,1.55182,-0.272136,0.0866969,0.480992,0.503928,0.46537,0.450159,0.560332,-0.516543,0.12284,0.464573,0.218047,-0.285971,-0.514625,-0.424121,0.688116,-3.254040244491606,3.5260585804800884,31.253777669821687,36.26045663626837,-7.148994243851088,11.40717709208123
23.606477737426758,-2.03236,-4.50022,0.737476,0.323382,1.55182,-0.272136,0.0866969,0.480992,0.503928,0.46537,0.450159,0.560332,-0.516543,0.12284,0.464573,0.218047,-0.285971,-0.514625,-0.424121,0.688116,-3.254040244491606,3.5260585804800884,31.253777669821687,36.26045663626837,-7.148994243851088,11.40717709208123
23.638230085372925,-1.7322,-4.6944,0.410889,0.359918,1.70488,-0.319555,0.0867885,0.481064,0.504063,0.46528,0.45177,0.560617,-0.514905,0.124651,0.467398,0.22089,-0.278353,-0.520489,-0.427978,0.684431,-4.23182017579849,3.7926322821528213,31.573016017159233,35.80086115319387,-7.889507558803044,12.208502391634633
23.639188766479492,-1.7322,-4.6944,0.410889,0.359918,1.70488,-0.319555,0.0867885,0.481064,0.504063,0.46528,0.45177,0.560617,-0.514905,0.124651,0.467398,0.22089,-0.278353,-0.520489,-0.427978,0.684431,-4.23182017579849,3.7926322821528213,31.573016017159233,35.80086115319387,-7.889507558803044,12.208502391634633
23.654625415802002,-1.86864,-4.55878,0.560314,0.394757,1.74207,-0.304933,0.0867497,0.481153,0.504353,0.4649,0.452181,0.55982,-0.515754,0.125981,0.470134,0.223721,-0.273909,-0.52196,-0.430992,0.683211,-4.911864713029413,3.8044100293382668,31.498099500211172,36.71890875881685,-6.32431374151872,11.84335419942461
23.655571222305298,-1.86864,-4.55878,0.560314,0.394757,1.74207,-0.304933,0.0867497,0.481153,0.504353,0.4649,0.452181,0.55982,-0.515754,0.125981,0.470134,0.223721,-0.273909,-0.52196,-0.430992,0.683211,-4.911864713029413,3.8044100293382668,31.498099500211172,36.71890875881685,-6.32431374151872,11.84335419942461
23.671457767486572,-2.44575,-4.22831,0.334586,0.468381,1.89925,-0.302639,0.086725,0.481188,0.504609,0.463363,0.453321,0.560423,-0.515481,0.126763,0.471917,0.225639,-0.271442,-0.526433,-0.433574,0.679117,-5.300766556251408,4.3242234737804255,31.392741519644314,36.227238787916164,-6.504657254866633,12.144767015064954
23.67240285873413,-2.44575,-4.22831,0.334586,0.468381,1.89925,-0.302639,0.086725,0.481188,0.504609,0.463363,0.453321,0.560423,-0.515481,0.126763,0.471917,0.225639,-0.271442,-0.526433,-0.433574,0.679117,-5.300766556251408,4.3242234737804255,31.392741519644314,36.227238787916164,-6.504657254866633,12.144767015064954
23.688230514526367,-2.86501,-4.01727,0.0861244,0.493818,1.98073,-0.30977,0.0867054,0.481158,0.504673,0.465148,0.451769,0.559777,-0.515937,0.127234,0.473845,0.227516,-0.266793,-0.528722,-0.436953,0.677012,-6.308003954944933,4.4901387726897095,31.54490004400346,36.687933048640424,-6.596179518624434,14.13771018086694
23.689170598983765,-2.86501,-4.01727,0.0861244,0.493818,1.98073,-0.30977,0.0867054,0.481158,0.504673,0.465148,0.451769,0.559777,-0.515937,0.127234,0.473845,0.227516,-0.266793,-0.528722,-0.436953,0.677012,-6.308003954944933,4.4901387726897095,31.54490004400346,36.687933048640424,-6.596179518624434,14.13771018086694
23.705315828323364,-2.023,-4.53513,-0.109475,0.39697,1.88275,-0.433178,0.0867311,0.481117,0.504875,0.464885,0.451298,0.56079,-0.515486,0.127842,0.475575,0.229294,-0.265856,-0.529782,-0.44035,0.674347,-6.652759959117776,4.711533747872513,31.387816871962354,36.736280805292616,-5.928310152728262,13.980129224669067
23.706252336502075,-2.023,-4.53513,-0.109475,0.39697,1.88275,-0.433178,0.0867311,0.481117,0.504875,0.464885,0.451298,0.56079,-0.515486,0.127842,0.475575,0.229294,-0.265856,-0.529782,-0.44035,0.674347,-6.652759959117776,4.711533747872513,31.387816871962354,36.736280805292616,-5.928310152728262,13.980129224669067
23.73813247680664,-2.15172,-5.15759,0.774319,0.380394,1.83789,-0.516842,0.0866794,0.481129,0.504982,0.464878,0.450918,0.560604,-0.516027,0.128689,0.478323,0.232164,-0.260037,-0.531603,-0.442867,0.673533,-7.43219779926017,4.764490995661378,31.59378836958256,38.09644858495652,-5.4435342943933644,13.99057927720223
23.739073038101196,-2.15172,-5.15759,0.774319,0.380394,1.83789,-0.516842,0.0866794,0.481129,0.504982,0.464878,0.450918,0.560604,-0.516027,0.128689,0.478323,0.232164,-0.260037,-0.531603,-0.442867,0.673533,-7.43219779926017,4.764490995661378,31.59378836958256,38.09644858495652,-5.4435342943933644,13.99057927720223
23.75511598587036,-2.79229,-4.38763,0.890361,0.48036,1.95748,-0.400557,0.0866352,0.48121,0.504933,0.464864,0.451647,0.560982,-0.514991,0.129086,0.479455,0.233392,-0.260086,-0.531818,-0.444914,0.671995,-7.517971413737009,4.733483230035003,31.437512887871897,38.18547742187946,-5.140805278940744,13.067300104291819
23.756059169769287,-2.79229,-4.38763,0.890361,0.48036,1.95748,-0.400557,0.0866352,0.48121,0.504933,0.464864,0.451647,0.560982,-0.514991,0.129086,0.479455,0.233392,-0.260086,-0.531818,-0.444914,0.671995,-7.517971413737009,4.733483230035003,31.437512887871897,38.18547742187946,-5.140805278940744,13.067300104291819
23.77194833755493,-2.87609,-4.98095,0.594793,0.375782,2.0263,-0.554268,0.0866122,0.481223,0.504953,0.465074,0.451782,0.56084,-0.514837,0.129417,0.480665,0.234752,-0.257068,-0.533931,-0.447192,0.669964,-8.048443277191984,4.878337652087284,31.475146742394433,38.043708694893404,-5.365135386498066,13.857440408160464
23.772881746292114,-2.87609,-4.98095,0.594793,0.375782,2.0263,-0.554268,0.0866122,0.481223,0.504953,0.465074,0.451782,0.56084,-0.514837,0.129417,0.480665,0.234752,-0.257068,-0.533931,-0.447192,0.669964,-8.048443277191984,4.878337652087284,31.475146742394433,38.043708694893404,-5.365135386498066,13.857440408160464
23.788551807403564,-2.71148,-5.17415,0.607842,0.349839,2.00035,-0.585605,0.0866599,0.48116,0.505126,0.465354,0.45066,0.559934,-0.516552,0.129714,0.481746,0.235965,-0.255676,-0.535167,-0.449409,0.668025,-8.607813570621747,5.126390195547851,31.274934983385222,38.267044328910075,-4.473103882559844,15.21094419365652
23.789490699768066,-2.71148,-5.17415,0.607842,0.349839,2.00035,-0.585605,0.0866599,0.48116,0.505126,0.465354,0.45066,0.559934,-0.516552,0.129714,0.481746,0.235965,-0.255676,-0.535167,-0.449409,0.668025,-8.607813570621747,5.126390195547851,31.274934983385222,38.267044328910075,-4.473103882559844,15.21094419365652
23.805288553237915,-2.75335,-4.98505,0.621922,0.3764,1.99959,-0.557081,0.086761,0.481268,0.505256,0.465133,0.452378,0.561132,-0.513941,0.1299,0.482766,0.237102,-0.252639,-0.536257,-0.450502,0.66757,-8.693600337149736,4.958574847207683,31.56921028949308,38.19406779401806,-5.8183884872888285,14.345102891915403
23.806228399276733,-2.75335,-4.98505,0.621922,0.3764,1.99959,-0.557081,0.086761,0.481268,0.505256,0.465133,0.452378,0.561132,-0.513941,0.1299,0.482766,0.237102,-0.252639,-0.536257,-0.450502,0.66757,-8.693600337149736,4.958574847207683,31.56921028949308,38.19406779401806,-5.8183884872888285,14.345102891915403
23.8387131690979,-2.87121,-4.95598,-0.0390158,0.334678,2.13865,-0.62967,0.0866027,0.481351,0.505346,0.465504,0.45225,0.560948,-0.513919,0.12947,0.484738,0.239255,-0.248304,-0.537853,-0.455016,0.664846,-9.532061086600256,5.022951872239902,31.48883804106603,37.99557680488756,-6.049669869720267,15.560163485191975
23.839663982391357,-2.87121,-4.95598,-0.0390158,0.334678,2.13865,-0.62967,0.0866027,0.481351,0.505346,0.465504,0.45225,0.560948,-0.513919,0.12947,0.484738,0.239255,-0.248304,-0.537853,-0.455016,0.664846,-9.532061086600256,5.022951872239902,31.48883804106603,37.99557680488756,-6.049669869720267,15.560163485191975
23.854689836502075,-2.74802,-5.88203,0.581928,0.207335,1.96944,-0.817814,0.0867227,0.481391,0.505399,0.466121,0.452878,0.561921,-0.511741,0.128962,0.485743,0.240263,-0.249089,-0.537625,-0.457335,0.663143,-9.540568998660426,4.9294173632595015,31.389209347292358,38.135412060826376,-7.022061457063583,14.885460933987458
23.855659246444702,-2.74802,-5.88203,0.581928,0.207335,1.96944,-0.817814,0.0867227,0.481391,0.505399,0.466121,0.452878,0.561921,-0.511741,0.128962,0.485743,0.240263,-0.249089,-0.537625,-0.457335,0.663143,-9.540568998660426,4.9294173632595015,31.389209347292358,38.135412060826376,-7.022061457063583,14.885460933987458
23.872056484222412,-2.97088,-5.65426,1.14212,0.254532,1.86,-0.782014,0.086741,0.481364,0.505429,0.465014,0.453245,0.56181,-0.512544,0.128354,0.486799,0.24142,-0.245163,-0.537278,-0.459898,0.663115,-9.97776116147322,4.782637432544713,31.301441682191044,38.08004393788717,-6.698531558890483,15.122797056901314
23.873029708862305,-2.97088,-5.65426,1.14212,0.254532,1.86,-0.782014,0.086741,0.481364,0.505429,0.465014,0.453245,0.56181,-0.512544,0.128354,0.486799,0.24142,-0.245163,-0.537278,-0.459898,0.663115,-9.97776116147322,4.782637432544713,31.301441682191044,38.08004393788717,-6.698531558890483,15.122797056901314
23.888166904449463,-2.88848,-5.38332,1.11267,0.287638,1.8445,-0.751615,0.0867519,0.48139,0.505424,0.465576,0.453194,0.561899,-0.51198,0.127763,0.487391,0.241937,-0.243867,-0.533537,-0.462212,0.665002,-10.118411445971136,4.1947196213377955,31.197365937755183,38.36238510039288,-5.9876567611368285,14.366333366031396
23.889103174209595,-2.88848,-5.38332,1.11267,0.287638,1.8445,-0.751615,0.0867519,0.48139,0.505424,0.465576,0.453194,0.561899,-0.51198,0.127763,0.487391,0.241937,-0.243867,-0.533537,-0.462212,0.665002,-10.118411445971136,4.1947196213377955,31.197365937755183,38.36238510039288,-5.9876567611368285,14.366333366031396
23.905397653579712,-2.94502,-5.6264,0.931484,0.233191,1.81031,-0.871019,0.086539,0.481427,0.505321,0.466236,0.451294,0.561728,-0.513244,0.126329,0.489346,0.243822,-0.241082,-0.534432,-0.467049,0.661912,-11.007857940340168,4.43059342919209,30.959959647551422,38.559685649117874,-6.24647809589126,16.30871024414882
23.906338214874268,-2.94502,-5.6264,0.931484,0.233191,1.81031,-0.871019,0.086539,0.481427,0.505321,0.466236,0.451294,0.561728,-0.513244,0.126329,0.489346,0.243822,-0.241082,-0.534432,-0.467049,0.661912,-11.007857940340168,4.43059342919209,30.959959647551422,38.559685649117874,-6.24647809589126,16.30871024414882
23.92208504676819,-2.71631,-6.25915,1.64751,0.141335,1.55759,-1.0102,0.0864256,0.481496,0.50524,0.465805,0.451696,0.56141,-0.51363,0.125206,0.490838,0.245215,-0.241063,-0.533569,-0.470656,0.660058,-11.27466415889975,4.336366057898589,30.485060675356028,38.852702859656624,-5.824015114744318,16.139686282969986
23.923023462295532,-2.71631,-6.25915,1.64751,0.141335,1.55759,-1.0102,0.0864256,0.481496,0.50524,0.465805,0.451696,0.56141,-0.51363,0.125206,0.490838,0.245215,-0.241063,-0.533569,-0.470656,0.660058,-11.27466415889975,4.336366057898589,30.485060675356028,38.852702859656624,-5.824015114744318,16.139686282969986
23.95497989654541,-3.14092,-6.11695,2.26635,0.182879,1.40248,-1.01512,0.0860726,0.481563,0.505292,0.465014,0.450071,0.562465,-0.514618,0.122564,0.493938,0.248246,-0.234632,-0.528854,-0.478583,0.66047,-12.233522323510556,3.760087053323573,30.13393321847622,39.60004765100365,-4.779515591645571,16.19733446275984
23.955926418304443,-3.14092,-6.11695,2.26635,0.182879,1.40248,-1.01512,0.0860726,0.481563,0.505292,0.465014,0.450071,0.562465,-0.514618,0.122564,0.493938,0.248246,-0.234632,-0.528854,-0.478583,0.66047,-12.233522323510556,3.760087053323573,30.13393321847622,39.60004765100365,-4.779515591645571,16.19733446275984
23.97194766998291,-3.26353,-6.01554,2.03725,0.19252,1.39774,-1.01637,0.0857356,0.481579,0.505305,0.466579,0.448788,0.561544,-0.515327,0.120852,0.495796,0.249869,-0.22956,-0.528909,-0.483709,0.65847,-13.335972716813993,3.632707552084798,30.018790423122663,39.52250273429969,-5.273523602677876,19.016209947776648
23.97289776802063,-3.26353,-6.01554,2.03725,0.19252,1.39774,-1.01637,0.0857356,0.481579,0.505305,0.466579,0.448788,0.561544,-0.515327,0.120852,0.495796,0.249869,-0.22956,-0.528909,-0.483709,0.65847,-13.335972716813993,3.632707552084798,30.018790423122663,39.52250273429969,-5.273523602677876,19.016209947776648
23.988152503967285,-3.16687,-5.97306,1.88395,0.181206,1.35282,-1.036,0.0855478,0.48186,0.505148,0.465164,0.452333,0.561726,-0.513304,0.118963,0.497594,0.251652,-0.230237,-0.527222,-0.489288,0.655458,-13.324623784916868,3.1737524122795135,29.245494730311638,39.0788988731401,-5.440269274622085,17.27606560858875
23.989094257354736,-3.16687,-5.97306,1.88395,0.181206,1.35282,-1.036,0.0855478,0.48186,0.505148,0.465164,0.452333,0.561726,-0.513304,0.118963,0.497594,0.251652,-0.230237,-0.527222,-0.489288,0.655458,-13.324623784916868,3.1737524122795135,29.245494730311638,39.0788988731401,-5.440269274622085,17.27606560858875
24.004775762557983,-2.54459,-5.67159,1.70139,0.157802,1.19562,-1.03636,0.085512,0.481906,0.505208,0.464725,0.452072,0.562868,-0.51268,0.117202,0.499513,0.253676,-0.226198,-0.525174,-0.494313,0.654738,-13.866240617747112,2.8520556480712793,29.09203030558894,39.32129973653163,-5.858554911674727,17.337212761895323
24.00571608543396,-2.54459,-5.67159,1.70139,0.157802,1.19562,-1.03636,0.085512,0.481906,0.505208,0.464725,0.452072,0.562868,-0.51268,0.117202,0.499513,0.253676,-0.226198,-0.525174,-0.494313,0.654738,-13.866240617747112,2.8520556480712793,29.09203030558894,39.32129973653163,-5.858554911674727,17.337212761895323
24.038477659225464,-1.6071,-4.75855,1.68919,0.215587,0.936366,-0.87403,0.0858646,0.481567,0.504775,0.466123,0.451571,0.56103,-0.513866,0.112453,0.504102,0.258896,-0.223547,-0.522463,-0.506615,0.648383,-15.322028782224265,2.425300365577247,27.79747444223648,41.12379632857165,-6.8974618368045535,19.2750716078088
24.039412260055542,-1.6071,-4.75855,1.68919,0.215587,0.936366,-0.87403,0.0858646,0.481567,0.504775,0.466123,0.451571,0.56103,-0.513866,0.112453,0.504102,0.258896,-0.223547,-0.522463,-0.506615,0.648383,-15.322028782224265,2.425300365577247,27.79747444223648,41.12379632857165,-6.8974618368045535,19.2750716078088
24.05506730079651,-0.906034,-4.49784,0.842263,0.23323,0.919027,-0.831069,0.0860391,0.481407,0.504516,0.466376,0.449808,0.561067,-0.515141,0.109369,0.50694,0.262434,-0.224941,-0.520375,-0.515859,0.642263,-16.116620635417462,2.474736957864171,26.644923621496872,41.82481715764966,-6.575514690906128,20.148243534000425
24.05600595474243,-0.906034,-4.49784,0.842263,0.23323,0.919027,-0.831069,0.0860391,0.481407,0.504516,0.466376,0.449808,0.561067,-0.515141,0.109369,0.50694,0.262434,-0.224941,-0.520375,-0.515859,0.642263,-16.116620635417462,2.474736957864171,26.644923621496872,41.82481715764966,-6.575514690906128,20.148243534000425
24.071563959121704,-2.20078,-4.85808,1.60799,0.141841,0.843896,-0.936167,0.0861843,0.481344,0.504217,0.465585,0.45072,0.561906,-0.514144,0.105958,0.510193,0.266888,-0.224092,-0.521255,-0.527656,0.632182,-17.12663211374036,2.624810562307523,25.44194122363469,40.962542090933226,-7.679731614619799,21.255710194505408
24.072524547576904,-2.20078,-4.85808,1.60799,0.141841,0.843896,-0.936167,0.0861843,0.481344,0.504217,0.465585,0.45072,0.561906,-0.514144,0.105958,0.510193,0.266888,-0.224092,-0.521255,-0.527656,0.632182,-17.12663211374036,2.624810562307523,25.44194122363469,40.962542090933226,-7.679731614619799,21.255710194505408
24.088101863861084,-2.06728,-4.5103,1.57996,0.189817,0.795459,-0.860512,0.0862655,0.481361,0.504191,0.46478,0.450467,0.562239,-0.514729,0.103983,0.512025,0.269364,-0.224638,-0.519081,-0.532931,0.629347,-17.415886115475974,2.4861230380499975,24.714684187670624,41.7089227709672,-7.2676296814773345,20.74175621736035
24.08903980255127,-2.06728,-4.5103,1.57996,0.189817,0.795459,-0.860512,0.0862655,0.481361,0.504191,0.46478,0.450467,0.562239,-0.514729,0.103983,0.512025,0.269364,-0.224638,-0.519081,-0.532931,0.629347,-17.415886115475974,2.4861230380499975,24.714684187670624,41.7089227709672,-7.2676296814773345,20.74175621736035
24.10483169555664,-2.33574,-4.28178,2.47985,0.22186,0.580439,-0.797575,0.0863284,0.481377,0.504296,0.4641,0.451053,0.561822,-0.515285,0.0977183,0.517793,0.277684,-0.229213,-0.519486,-0.549836,0.612598,-18.684569472274358,2.8357654642879373,22.29385876903876,42.913885296205095,-8.136685416266813,21.838832765239424
24.10577154159546,-2.33574,-4.28178,2.47985,0.22186,0.580439,-0.797575,0.0863284,0.481377,0.504296,0.4641,0.451053,0.561822,-0.515285,0.0977183,0.517793,0.277684,-0.229213,-0.519486,-0.549836,0.612598,-18.684569472274358,2.8357654642879373,22.29385876903876,42.913885296205095,-8.136685416266813,21.838832765239424
24.138445377349854,-1.61518,-3.05831,2.67228,0.276521,0.337397,-0.549319,0.0857479,0.481555,0.504166,0.465416,0.450859,0.562052,-0.514016,0.0874307,0.525541,0.290919,-0.243104,-0.524066,-0.574909,0.579427,-20.58043415293132,4.209933274117115,18.517865163344194,44.224086904639925,-11.014784653294196,23.61002053736925
24.13938069343567,-1.61518,-3.05831,2.67228,0.276521,0.337397,-0.549319,0.0857479,0.481555,0.504166,0.465416,0.450859,0.562052,-0.514016,0.0874307,0.525541,0.290919,-0.243104,-0.524066,-0.574909,0.579427,-20.58043415293132,4.209933274117115,18.517865163344194,44.224086904639925,-11.014784653294196,23.61002053736925
24.154731512069702,-1.99391,-3.51974,3.00895,0.150011,0.236894,-0.652497,0.0855603,0.481506,0.503992,0.466586,0.448713,0.560619,-0.516391,0.0816658,0.528877,0.298423,0.250272,0.525661,0.588471,-0.561022,-22.033180743208288,4.981025276277628,16.2433197445959,44.76235698277048,-11.324771917714084,25.707324799303414
24.155691146850586,-1.99391,-3.51974,3.00895,0.150011,0.236894,-0.652497,0.0855603,0.481506,0.503992,0.466586,0.448713,0.560619,-0.516391,0.0816658,0.528877,0.298423,0.250272,0.525661,0.588471,-0.561022,-22.033180743208288,4.981025276277628,16.2433197445959,44.76235698277048,-11.324771917714084,25.707324799303414
24.171735048294067,-0.435391,-2.96959,3.8855,0.280804,-0.207575,-0.480359,0.0855333,0.48142,0.503711,0.467444,0.448145,0.56087,-0.515836,0.0760179,0.531764,0.305889,0.258388,0.528242,0.600277,-0.542092,-23.07096097091929,5.821446220850804,14.308121125232704,45.59552477008264,-13.325535515106818,25.965770079318634
24.17274832725525,-0.435391,-2.96959,3.8855,0.280804,-0.207575,-0.480359,0.0855333,0.48142,0.503711,0.467444,0.448145,0.56087,-0.515836,0.0760179,0.531764,0.305889,0.258388,0.528242,0.600277,-0.542092,-23.07096097091929,5.821446220850804,14.308121125232704,45.59552477008264,-13.325535515106818,25.965770079318634
24.18795680999756,-1.30289,-1.71475,2.94959,0.462347,0.0958455,-0.244667,0.0855743,0.481482,0.503522,0.466688,0.44906,0.561374,-0.515175,0.0734648,0.532948,0.30943,0.256707,0.532848,0.607585,-0.530109,-24.194323493305724,6.34069011721883,13.585483513708276,43.36445666112432,-14.860180518103077,28.188776571583094
24.18893003463745,-1.30289,-1.71475,2.94959,0.462347,0.0958455,-0.244667,0.0855743,0.481482,0.503522,0.466688,0.44906,0.561374,-0.515175,0.0734648,0.532948,0.30943,0.256707,0.532848,0.607585,-0.530109,-24.194323493305724,6.34069011721883,13.585483513708276,43.36445666112432,-14.860180518103077,28.188776571583094
24.20523166656494,-1.42773,-2.58143,1.81736,0.468954,0.2704,-0.42675,0.0855393,0.48152,0.503473,0.466185,0.449132,0.561666,-0.515251,0.0668624,0.535734,0.318403,0.268928,0.528442,0.621896,-0.511539,-24.73129934624865,6.47492457803392,10.614104574682981,45.91841233663887,-13.95287686252404,25.099610477982402
24.20616364479065,-1.42773,-2.58143,1.81736,0.468954,0.2704,-0.42675,0.0855393,0.48152,0.503473,0.466185,0.449132,0.561666,-0.515251,0.0668624,0.535734,0.318403,0.268928,0.528442,0.621896,-0.511539,-24.73129934624865,6.47492457803392,10.614104574682981,45.91841233663887,-13.95287686252404,25.099610477982402
24.238266706466675,-1.82743,-3.37694,-0.184672,0.474434,0.520638,-0.554463,0.0858903,0.481352,0.503866,0.466445,0.449688,0.560641,-0.515647,0.0624735,0.53745,0.326107,0.26969,0.528336,0.6355,-0.494236,-26.36444836684549,6.4205977927822255,8.584482467307156,44.901765546330694,-13.49203856487754,26.975854128933918
24.23920202255249,-1.82743,-3.37694,-0.184672,0.474434,0.520638,-0.554463,0.0858903,0.481352,0.503866,0.466445,0.449688,0.560641,-0.515647,0.0624735,0.53745,0.326107,0.26969,0.528336,0.6355,-0.494236,-26.36444836684549,6.4205977927822255,8.584482467307156,44.901765546330694,-13.49203856487754,26.975854128933918
24.25470805168152,-0.208488,-2.81066,-1.38326,0.617879,0.529875,-0.422159,0.0862285,0.481333,0.504339,0.464487,0.44969,0.56242,-0.515476,0.0595928,0.538434,0.331469,0.271572,0.529648,0.64276,-0.482267,-27.03093383640041,6.869010323313761,7.4497525161004114,44.5998902397107,-13.903613566768959,26.50532063838019
24.255645751953125,-0.208488,-2.81066,-1.38326,0.617879,0.529875,-0.422159,0.0862285,0.481333,0.504339,0.464487,0.44969,0.56242,-0.515476,0.0595928,0.538434,0.331469,0.271572,0.529648,0.64276,-0.482267,-27.03093383640041,6.869010323313761,7.4497525161004114,44.5998902397107,-13.903613566768959,26.50532063838019
24.285574197769165,-0.274365,-2.85624,-1.93693,0.605547,0.623102,-0.448803,0.0865044,0.481172,0.504654,0.465817,0.449523,0.559846,-0.517218,0.0581596,0.538721,0.33369,0.27322,0.527508,0.647116,-0.477836,-27.61557362767491,6.52663598172295,6.44637470155949,44.73336401085165,-12.638365891327023,27.85894975774236
24.287806272506714,-0.274365,-2.85624,-1.93693,0.605547,0.623102,-0.448803,0.0865044,0.481172,0.504654,0.465817,0.449523,0.559846,-0.517218,0.0581596,0.538721,0.33369,0.27322,0.527508,0.647116,-0.477836,-27.61557362767491,6.52663598172295,6.44637470155949,44.73336401085165,-12.638365891327023,27.85894975774236
24.30933928489685,-0.254479,-3.08892,-1.80323,0.538183,0.565799,-0.503371,0.0868116,0.481149,0.504398,0.46598,0.450537,0.560251,-0.51575,0.0563646,0.538924,0.335814,0.275582,0.529453,0.650904,-0.469104,-28.040239928825386,6.820380870460655,5.823107151151861,44.030329759842274,-13.824931034719487,28.066155695144346
24.310413599014282,-0.254479,-3.08892,-1.80323,0.538183,0.565799,-0.503371,0.0868116,0.481149,0.504398,0.46598,0.450537,0.560251,-0.51575,0.0563646,0.538924,0.335814,0.275582,0.529453,0.650904,-0.469104,-28.040239928825386,6.820380870460655,5.823107151151861,44.030329759842274,-13.824931034719487,28.066155695144346
24.33846139907837,-0.734989,-2.70426,-0.862184,0.478393,0.479706,-0.464653,0.0868253,0.481095,0.504078,0.465762,0.450727,0.561292,-0.514648,0.0565569,0.538719,0.334862,0.275486,0.529706,0.649824,-0.47037,-27.79693453290887,6.885734036336213,6.116102469654232,44.056390463674504,-14.548619217630042,27.487365511259892
24.33944296836853,-0.734989,-2.70426,-0.862184,0.478393,0.479706,-0.464653,0.0868253,0.481095,0.504078,0.465762,0.450727,0.561292,-0.514648,0.0565569,0.538719,0.334862,0.275486,0.529706,0.649824,-0.47037,-27.79693453290887,6.885734036336213,6.116102469654232,44.056390463674504,-14.548619217630042,27.487365511259892
24.354737758636475,-0.776903,-2.71078,-0.514089,0.40906,0.443539,-0.48494,0.0867968,0.481097,0.504058,0.465891,0.450662,0.561198,-0.51469,0.0565927,0.538519,0.333887,0.278363,0.528719,0.648739,-0.471283,-27.44575041541809,6.915866279129279,6.018729737603072,44.530916674799265,-14.186018666372064,26.869753684871036
24.355695486068726,-0.776903,-2.71078,-0.514089,0.40906,0.443539,-0.48494,0.0867968,0.481097,0.504058,0.465891,0.450662,0.561198,-0.51469,0.0565927,0.538519,0.333887,0.278363,0.528719,0.648739,-0.471283,-27.44575041541809,6.915866279129279,6.018729737603072,44.530916674799265,-14.186018666372064,26.869753684871036
24.371626138687134,-1.16188,-2.68988,-0.287019,0.356719,0.456575,-0.491186,0.0867646,0.48109,0.504061,0.465893,0.450648,0.561069,-0.514841,0.0566988,0.538191,0.332827,0.279801,0.528517,0.647825,-0.471915,-27.257705073320622,6.96638410592573,6.009008624359702,44.347689883851146,-13.957311342258192,26.892136256242036
24.372567653656006,-1.16188,-2.68988,-0.287019,0.356719,0.456575,-0.491186,0.0867646,0.48109,0.504061,0.465893,0.450648,0.561069,-0.514841,0.0566988,0.538191,0.332827,0.279801,0.528517,0.647825,-0.471915,-27.257705073320622,6.96638410592573,6.009008624359702,44.347689883851146,-13.957311342258192,26.892136256242036
24.405311584472656,-0.841109,-2.76982,-1.14722,0.349665,0.610075,-0.474723,0.086504,0.480993,0.504027,0.466181,0.448259,0.560096,-0.517719,0.0569314,0.537448,0.330551,0.28107,0.52821,0.645151,-0.475157,-27.16572010387168,7.19268621848456,6.172117047557773,44.04529607376687,-13.050351929521772,28.254283477442467
24.406266927719116,-0.841109,-2.76982,-1.14722,0.349665,0.610075,-0.474723,0.086504,0.480993,0.504027,0.466181,0.448259,0.560096,-0.517719,0.0569314,0.537448,0.330551,0.28107,0.52821,0.645151,-0.475157,-27.16572010387168,7.19268621848456,6.172117047557773,44.04529607376687,-13.050351929521772,28.254283477442467
24.421306610107422,-0.354565,-2.6049,-1.81143,0.383689,0.695545,-0.427681,0.0863191,0.481005,0.503824,0.467493,0.448037,0.560175,-0.51664,0.057053,0.537078,0.32925,0.28285,0.527346,0.643603,-0.477154,-26.854147566757064,7.151292171908408,6.403113316231068,44.42703675298389,-13.549367081381817,27.790274505745305
24.42226481437683,-0.354565,-2.6049,-1.81143,0.383689,0.695545,-0.427681,0.0863191,0.481005,0.503824,0.467493,0.448037,0.560175,-0.51664,0.057053,0.537078,0.32925,0.28285,0.527346,0.643603,-0.477154,-26.854147566757064,7.151292171908408,6.403113316231068,44.42703675298389,-13.549367081381817,27.790274505745305
24.43819761276245,-0.261926,-2.48058,-1.83736,0.383788,0.69959,-0.403247,0.0861749,0.481039,0.503568,0.467765,0.449056,0.559362,-0.516391,0.0573963,0.536709,0.327861,0.283069,0.526579,0.642374,-0.479522,-26.616283272654535,6.906566898344213,6.465926848884311,44.3648051678704,-13.38075019825823,27.52931975045375
24.439167976379395,-0.261926,-2.48058,-1.83736,0.383788,0.69959,-0.403247,0.0861749,0.481039,0.503568,0.467765,0.449056,0.559362,-0.516391,0.0573963,0.536709,0.327861,0.283069,0.526579,0.642374,-0.479522,-26.616283272654535,6.906566898344213,6.465926848884311,44.3648051678704,-13.38075019825823,27.52931975045375
24.455317974090576,-0.39265,-2.72639,-1.1339,0.324477,0.6006,-0.441784,0.0861315,0.481089,0.503439,0.466589,0.449691,0.560142,-0.516056,0.0577533,0.536339,0.32646,0.283036,0.526344,0.640971,-0.481674,-26.242450210875607,6.890313920595256,6.630311432230768,44.098966473970826,-13.331681310970147,26.803344934970788
24.45625591278076,-0.39265,-2.72639,-1.1339,0.324477,0.6006,-0.441784,0.0861315,0.481089,0.503439,0.466589,0.449691,0.560142,-0.516056,0.0577533,0.536339,0.32646,0.283036,0.526344,0.640971,-0.481674,-26.242450210875607,6.890313920595256,6.630311432230768,44.098966473970826,-13.331681310970147,26.803344934970788
24.472055435180664,-0.632537,-2.81765,-0.470594,0.322877,0.531085,-0.446405,0.0862268,0.481034,0.503404,0.466949,0.44948,0.559677,-0.516418,0.0584557,0.53594,0.324818,0.283613,0.525903,0.637973,-0.485778,-25.882232152455593,6.8476364929955755,6.974114871268545,44.612895512064426,-13.574759217738498,26.56866534184871
24.472984552383423,-0.632537,-2.81765,-0.470594,0.322877,0.531085,-0.446405,0.0862268,0.481034,0.503404,0.466949,0.44948,0.559677,-0.516418,0.0584557,0.53594,0.324818,0.283613,0.525903,0.637973,-0.485778,-25.882232152455593,6.8476364929955755,6.974114871268545,44.612895512064426,-13.574759217738498,26.56866534184871
24.50542163848877,-0.0513721,-2.40807,-1.00147,0.35277,0.606543,-0.353909,0.0865967,0.480969,0.503619,0.467532,0.448644,0.559629,-0.51667,0.0610947,0.534763,0.320957,0.284512,0.525756,0.631619,-0.49365,-25.14869434969262,6.9276966061094125,7.841468226678381,44.73266707024879,-13.434546042896034,26.384052658020853
24.506367444992065,-0.0513721,-2.40807,-1.00147,0.35277,0.606543,-0.353909,0.0865967,0.480969,0.503619,0.467532,0.448644,0.559629,-0.51667,0.0610947,0.534763,0.320957,0.284512,0.525756,0.631619,-0.49365,-25.14869434969262,6.9276966061094125,7.841468226678381,44.73266707024879,-13.434546042896034,26.384052658020853
24.52181649208069,-0.132365,-2.48983,-0.790764,0.302633,0.612186,-0.387999,0.0867822,0.480922,0.503844,0.465609,0.44933,0.56055,-0.516812,0.0624397,0.53404,0.318818,0.284548,0.526262,0.62822,-0.497414,-24.56246203104606,7.043245340260358,8.209956405554731,44.350122033877085,-13.12333758488836,25.561691253514063
24.52275037765503,-0.132365,-2.48983,-0.790764,0.302633,0.612186,-0.387999,0.0867822,0.480922,0.503844,0.465609,0.44933,0.56055,-0.516812,0.0624397,0.53404,0.318818,0.284548,0.526262,0.62822,-0.497414,-24.56246203104606,7.043245340260358,8.209956405554731,44.350122033877085,-13.12333758488836,25.561691253514063
24.538557052612305,-0.12269,-2.37812,-0.594585,0.298712,0.591337,-0.371966,0.086918,0.480892,0.503843,0.465183,0.449627,0.561233,-0.516196,0.0635925,0.533229,0.316684,0.286698,0.52602,0.625308,-0.500097,-23.970239546434982,7.1430041049310775,8.467166153730325,44.24974891211753,-12.90823733738945,24.59528725627421
24.539525985717773,-0.12269,-2.37812,-0.594585,0.298712,0.591337,-0.371966,0.086918,0.480892,0.503843,0.465183,0.449627,0.561233,-0.516196,0.0635925,0.533229,0.316684,0.286698,0.52602,0.625308,-0.500097,-23.970239546434982,7.1430041049310775,8.467166153730325,44.24974891211753,-12.90823733738945,24.59528725627421
24.554782390594482,-0.365595,-2.73781,-0.611576,0.25086,0.672887,-0.431575,0.086952,0.480789,0.503655,0.466704,0.448747,0.559823,-0.517119,0.0644848,0.532435,0.314505,0.289629,0.526225,0.619891,-0.504914,-23.476316339204786,7.2909513681180025,8.940422717135354,45.45681697827068,-13.626616862157164,24.24893896261123
24.555724382400513,-0.365595,-2.73781,-0.611576,0.25086,0.672887,-0.431575,0.086952,0.480789,0.503655,0.466704,0.448747,0.559823,-0.517119,0.0644848,0.532435,0.314505,0.289629,0.526225,0.619891,-0.504914,-23.476316339204786,7.2909513681180025,8.940422717135354,45.45681697827068,-13.626616862157164,24.24893896261123
24.578856945037842,-0.21542,-2.79813,-0.384812,0.293632,0.672562,-0.400522,0.0868897,0.480888,0.503389,0.465264,0.450641,0.560636,-0.515887,0.0651483,0.531699,0.312361,0.292721,0.528645,0.615238,-0.506291,-22.683861481855516,7.673844562654404,9.28183322323912,45.43366678177406,-14.88561548362345,22.418691867343693
24.580625534057617,-0.21542,-2.79813,-0.384812,0.293632,0.672562,-0.400522,0.0868897,0.480888,0.503389,0.465264,0.450641,0.560636,-0.515887,0.0651483,0.531699,0.312361,0.292721,0.528645,0.615238,-0.506291,-22.683861481855516,7.673844562654404,9.28183322323912,45.43366678177406,-14.88561548362345,22.418691867343693
24.598286628723145,-0.434784,-2.08374,-0.403317,0.414037,0.732073,-0.239711,0.086869,0.480729,0.503184,0.466763,0.448853,0.559503,-0.51732,0.0669074,0.530528,0.309415,0.290109,0.530149,0.611617,-0.510591,-22.8526575073137,7.784602024610122,10.025624703210742,44.292848911935536,-14.677713592657216,24.930478037153698
24.599321365356445,-0.434784,-2.08374,-0.403317,0.414037,0.732073,-0.239711,0.086869,0.480729,0.503184,0.466763,0.448853,0.559503,-0.51732,0.0669074,0.530528,0.309415,0.290109,0.530149,0.611617,-0.510591,-22.8526575073137,7.784602024610122,10.025624703210742,44.292848911935536,-14.677713592657216,24.930478037153698
24.614282369613647,-0.139296,-1.98819,-0.559436,0.431215,0.736189,-0.214022,0.0868407,0.48071,0.503187,0.466626,0.4487,0.559398,-0.51769,0.0686617,0.52975,0.307056,0.289849,0.530235,0.607464,-0.515583,-22.407303763673475,7.784727069655231,10.558540222288462,44.36059046716855,-14.220842348924048,24.700075115444445
24.615213632583618,-0.139296,-1.98819,-0.559436,0.431215,0.736189,-0.214022,0.0868407,0.48071,0.503187,0.466626,0.4487,0.559398,-0.51769,0.0686617,0.52975,0.307056,0.289849,0.530235,0.607464,-0.515583,-22.407303763673475,7.784727069655231,10.558540222288462,44.36059046716855,-14.220842348924048,24.700075115444445
24.629701852798462,-0.0305309,-1.93692,-0.599751,0.427282,0.740317,-0.195584,0.0868199,0.480725,0.503219,0.466676,0.4488,0.55938,-0.517577,0.0696599,0.5293,0.305702,0.292056,0.530929,0.60389,-0.517818,-21.933651372554255,7.977067160758618,10.849950688926146,44.91835352430109,-14.4005627829211,23.870564628262226
24.630619287490845,-0.0305309,-1.93692,-0.599751,0.427282,0.740317,-0.195584,0.0868199,0.480725,0.503219,0.466676,0.4488,0.55938,-0.517577,0.0696599,0.5293,0.305702,0.292056,0.530929,0.60389,-0.517818,-21.933651372554255,7.977067160758618,10.849950688926146,44.91835352430109,-14.4005627829211,23.870564628262226
24.65499448776245,-0.306636,-2.00069,-1.05433,0.431488,0.885015,-0.178167,0.086685,0.48086,0.503373,0.466026,0.449885,0.559119,-0.517502,0.0735376,0.527163,0.300349,0.294001,0.533499,0.593852,-0.525625,-20.805172178478852,8.295952670109948,11.892285609890648,44.272372316666846,-13.985091816213535,23.093539426403545
24.655929565429688,-0.306636,-2.00069,-1.05433,0.431488,0.885015,-0.178167,0.086685,0.48086,0.503373,0.466026,0.449885,0.559119,-0.517502,0.0735376,0.527163,0.300349,0.294001,0.533499,0.593852,-0.525625,-20.805172178478852,8.295952670109948,11.892285609890648,44.272372316666846,-13.985091816213535,23.093539426403545
24.67190384864807,0.788713,-1.65597,-1.20902,0.472579,0.824787,-0.0614166,0.0867426,0.480834,0.503337,0.465818,0.449854,0.559317,-0.517503,0.0756411,0.525714,0.297096,0.295366,0.533569,0.587227,-0.532191,-19.95771985089382,8.371623023457783,12.605859964090074,44.68231555651863,-14.037799394027536,21.966988528214536
24.67283320426941,0.788713,-1.65597,-1.20902,0.472579,0.824787,-0.0614166,0.0867426,0.480834,0.503337,0.465818,0.449854,0.559317,-0.517503,0.0756411,0.525714,0.297096,0.295366,0.533569,0.587227,-0.532191,-19.95771985089382,8.371623023457783,12.605859964090074,44.68231555651863,-14.037799394027536,21.966988528214536
24.706867933273315,0.627627,-2.17014,-0.625276,0.36512,0.829713,-0.146507,0.0872572,0.480651,0.503219,0.465698,0.451179,0.560395,-0.515287,0.0801155,0.521627,0.28924,0.295313,0.530989,0.57589,-0.546983,-18.23271755430337,7.831231836669732,14.09151463903871,43.73350540621079,-13.901917048332368,20.091669538400136
24.707802295684814,0.627627,-2.17014,-0.625276,0.36512,0.829713,-0.146507,0.0872572,0.480651,0.503219,0.465698,0.451179,0.560395,-0.515287,0.0801155,0.521627,0.28924,0.295313,0.530989,0.57589,-0.546983,-18.23271755430337,7.831231836669732,14.09151463903871,43.73350540621079,-13.901917048332368,20.091669538400136
24.721893072128296,0.749223,-2.45266,-0.820902,0.332457,0.92586,-0.18518,0.0873028,0.480646,0.503205,0.465638,0.451113,0.560525,-0.515257,0.0822916,0.519184,0.28482,0.295961,0.529703,0.568742,-0.555297,-17.302420734875177,7.656655592592645,14.888744726836936,43.35440035207203,-13.620701938535662,19.383944669557035
24.722839832305908,0.749223,-2.45266,-0.820902,0.332457,0.92586,-0.18518,0.0873028,0.480646,0.503205,0.465638,0.451113,0.560525,-0.515257,0.0822916,0.519184,0.28482,0.295961,0.529703,0.568742,-0.555297,-17.302420734875177,7.656655592592645,14.888744726836936,43.35440035207203,-13.620701938535662,19.383944669557035
24.738555669784546,0.779306,-2.4429,-0.98427,0.328965,0.994435,-0.179068,0.0872795,0.480671,0.503202,0.465728,0.451151,0.560366,-0.515315,0.0841274,0.516641,0.280186,-0.297083,-0.529297,-0.560661,0.563245,-16.352689759991012,7.589686100521311,15.737025771171352,43.06753436167658,-13.9555601197453,19.019855009518572
24.739484786987305,0.779306,-2.4429,-0.98427,0.328965,0.994435,-0.179068,0.0872795,0.480671,0.503202,0.465728,0.451151,0.560366,-0.515315,0.0841274,0.516641,0.280186,-0.297083,-0.529297,-0.560661,0.563245,-16.352689759991012,7.589686100521311,15.737025771171352,43.06753436167658,-13.9555601197453,19.019855009518572
24.755923748016357,0.9013,-2.34258,-0.933631,0.283092,1.01282,-0.16789,0.0872648,0.480673,0.503217,0.46571,0.451059,0.560516,-0.515249,0.0860965,0.513764,0.27552,-0.300251,-0.526133,-0.553284,0.571761,-15.145555673211797,7.298135341909428,16.308027481573095,42.97476675482046,-13.022726531452369,17.52057029007564
24.75686812400818,0.9013,-2.34258,-0.933631,0.283092,1.01282,-0.16789,0.0872648,0.480673,0.503217,0.46571,0.451059,0.560516,-0.515249,0.0860965,0.513764,0.27552,-0.300251,-0.526133,-0.553284,0.571761,-15.145555673211797,7.298135341909428,16.308027481573095,42.97476675482046,-13.022726531452369,17.52057029007564
24.771284341812134,1.54521,-2.47024,-0.712492,0.184771,0.925764,-0.193992,0.0872652,0.480664,0.503219,0.465726,0.451079,0.560477,-0.51526,0.0883754,0.51084,0.270817,-0.300391,-0.524844,-0.545151,0.580615,-14.196361855936974,7.05294374259809,17.218782539315228,42.50528055850228,-12.771109395805723,17.040130023374942
24.77220916748047,1.54521,-2.47024,-0.712492,0.184771,0.925764,-0.193992,0.0872652,0.480664,0.503219,0.465726,0.451079,0.560477,-0.51526,0.0883754,0.51084,0.270817,-0.300391,-0.524844,-0.545151,0.580615,-14.196361855936974,7.05294374259809,17.218782539315228,42.50528055850228,-12.771109395805723,17.040130023374942
24.80510401725769,0.771981,-2.92502,-0.491786,0.0718202,1.01548,-0.292207,0.0870793,0.480567,0.503119,0.467181,0.448996,0.558524,-0.517875,0.0934853,0.504501,0.261165,-0.298814,-0.522612,-0.52616,0.600618,-12.643523789013779,6.587506907541964,19.37962270421252,42.557577213721736,-11.71590502014431,17.648817396893392
24.806037664413452,0.771981,-2.92502,-0.491786,0.0718202,1.01548,-0.292207,0.0870793,0.480567,0.503119,0.467181,0.448996,0.558524,-0.517875,0.0934853,0.504501,0.261165,-0.298814,-0.522612,-0.52616,0.600618,-12.643523789013779,6.587506907541964,19.37962270421252,42.557577213721736,-11.71590502014431,17.648817396893392
24.822409868240356,0.914228,-3.03047,-0.519752,0.033582,1.01477,-0.317119,0.0869694,0.480611,0.502976,0.466714,0.44878,0.558177,-0.518857,0.0959777,0.501231,0.256542,-0.296407,-0.522151,-0.516692,0.610353,-11.860668250747018,6.347142335343556,20.53100391886736,42.10992183046278,-11.41033808466446,17.565668350442014
24.82335066795349,0.914228,-3.03047,-0.519752,0.033582,1.01477,-0.317119,0.0869694,0.480611,0.502976,0.466714,0.44878,0.558177,-0.518857,0.0959777,0.501231,0.256542,-0.296407,-0.522151,-0.516692,0.610353,-11.860668250747018,6.347142335343556,20.53100391886736,42.10992183046278,-11.41033808466446,17.565668350442014
24.839110374450684,1.06559,-2.86351,-0.434049,0.0360166,0.977329,-0.287133,0.0868829,0.480655,0.502841,0.466575,0.449046,0.559316,-0.517525,0.0983395,0.497862,0.251979,-0.296108,-0.520665,-0.507755,0.619203,-10.763897893632167,6.018253327112016,21.65866974118565,41.62726894383852,-11.579011009192703,16.243865481863264
24.84004783630371,1.06559,-2.86351,-0.434049,0.0360166,0.977329,-0.287133,0.0868829,0.480655,0.502841,0.466575,0.449046,0.559316,-0.517525,0.0983395,0.497862,0.251979,-0.296108,-0.520665,-0.507755,0.619203,-10.763897893632167,6.018253327112016,21.65866974118565,41.62726894383852,-11.579011009192703,16.243865481863264
24.855324029922485,2.16144,-2.66991,-0.605166,0.0112143,0.902274,-0.250119,0.0866909,0.480764,0.502685,0.465727,0.449139,0.561056,-0.516322,0.100542,0.49448,0.247651,-0.295537,-0.519635,-0.499124,0.627305,-9.686364507725466,5.810695915797288,22.773049521436928,40.79555841620371,-11.71256504269592,14.833649297206744
24.856258392333984,2.16144,-2.66991,-0.605166,0.0112143,0.902274,-0.250119,0.0866909,0.480764,0.502685,0.465727,0.449139,0.561056,-0.516322,0.100542,0.49448,0.247651,-0.295537,-0.519635,-0.499124,0.627305,-9.686364507725466,5.810695915797288,22.773049521436928,40.79555841620371,-11.71256504269592,14.833649297206744
24.872093200683594,1.73955,-2.48174,-0.111357,-0.0433179,0.893117,-0.264595,0.0865191,0.480671,0.502639,0.466261,0.448893,0.558983,-0.518299,0.10233,0.491275,0.243516,-0.299167,-0.516643,-0.492254,0.633455,-8.87984765618422,5.5120583617679,22.96223727156146,40.693102261219856,-9.405939518107388,14.869013450740276
24.87302589416504,1.73955,-2.48174,-0.111357,-0.0433179,0.893117,-0.264595,0.0865191,0.480671,0.502639,0.466261,0.448893,0.558983,-0.518299,0.10233,0.491275,0.243516,-0.299167,-0.516643,-0.492254,0.633455,-8.87984765618422,5.5120583617679,22.96223727156146,40.693102261219856,-9.405939518107388,14.869013450740276
24.90517020225525,2.45749,-2.97735,-0.404939,-0.178113,0.930096,-0.387157,0.086711,0.480688,0.502517,0.465221,0.448124,0.561643,-0.517022,0.105072,0.484818,0.236256,-0.300548,-0.514824,-0.47829,0.644877,-7.131522093686159,5.348932008092388,24.557232912713104,39.007895287104205,-10.239698218409504,13.654625600204193
24.906120538711548,2.45749,-2.97735,-0.404939,-0.178113,0.930096,-0.387157,0.086711,0.480688,0.502517,0.465221,0.448124,0.561643,-0.517022,0.105072,0.484818,0.236256,-0.300548,-0.514824,-0.47829,0.644877,-7.131522093686159,5.348932008092388,24.557232912713104,39.007895287104205,-10.239698218409504,13.654625600204193
24.922179222106934,0.910389,-3.12662,-0.150041,-0.223336,1.0454,-0.443033,0.0868624,0.480492,0.502534,0.466885,0.447355,0.55947,-0.518541,0.105691,0.483369,0.234723,-0.301046,-0.512753,-0.474858,0.648819,-7.019918861007093,5.009105409053467,24.7501504131607,39.82311896627988,-9.489698522135933,14.3706430771545
24.923112154006958,0.910389,-3.12662,-0.150041,-0.223336,1.0454,-0.443033,0.0868624,0.480492,0.502534,0.466885,0.447355,0.55947,-0.518541,0.105691,0.483369,0.234723,-0.301046,-0.512753,-0.474858,0.648819,-7.019918861007093,5.009105409053467,24.7501504131607,39.82311896627988,-9.489698522135933,14.3706430771545
24.938656091690063,4.11771,-2.9311,-0.979603,-0.168923,0.866827,-0.321985,0.0871915,0.4805,0.502468,0.465536,0.449239,0.560488,-0.517024,0.106622,0.480585,0.231889,-0.301202,-0.513651,-0.470543,0.651175,-6.343410071190071,4.966807131164862,25.200440506845947,37.84670649733684,-10.559034561760603,14.11075299445733
24.93955159187317,4.11771,-2.9311,-0.979603,-0.168923,0.866827,-0.321985,0.0871915,0.4805,0.502468,0.465536,0.449239,0.560488,-0.517024,0.106622,0.480585,0.231889,-0.301202,-0.513651,-0.470543,0.651175,-6.343410071190071,4.966807131164862,25.200440506845947,37.84670649733684,-10.559034561760603,14.11075299445733
24.955480337142944,3.02497,-2.69928,-1.28616,-0.143486,1.05139,-0.295795,0.0874121,0.480436,0.502436,0.464961,0.450808,0.560237,-0.516447,0.108331,0.476293,0.227642,-0.303686,-0.511396,-0.461492,0.658235,-5.098850776410531,4.542754685946808,25.8398134724319,37.09945810538455,-10.452585938809987,12.736474636349133
24.9564049243927,3.02497,-2.69928,-1.28616,-0.143486,1.05139,-0.295795,0.0874121,0.480436,0.502436,0.464961,0.450808,0.560237,-0.516447,0.108331,0.476293,0.227642,-0.303686,-0.511396,-0.461492,0.658235,-5.098850776410531,4.542754685946808,25.8398134724319,37.09945810538455,-10.452585938809987,12.736474636349133
24.97202706336975,4.38997,-2.6319,-1.82569,-0.15944,0.934069,-0.271214,0.0873853,0.480385,0.502574,0.467315,0.448032,0.559121,-0.517945,0.109716,0.47356,0.224911,-0.305789,-0.508771,-0.455198,0.663656,-4.695711584285822,4.358210021401547,26.387898050337945,37.87930154130652,-9.422166350157529,13.55271685451142
24.972954988479614,4.38997,-2.6319,-1.82569,-0.15944,0.934069,-0.271214,0.0873853,0.480385,0.502574,0.467315,0.448032,0.559121,-0.517945,0.109716,0.47356,0.224911,-0.305789,-0.508771,-0.455198,0.663656,-4.695711584285822,4.358210021401547,26.387898050337945,37.87930154130652,-9.422166350157529,13.55271685451142
25.00541591644287,2.11581,-2.36572,-0.408918,-0.215916,0.939922,-0.292678,0.0872342,0.480481,0.502688,0.466798,0.449612,0.559015,-0.517157,0.111465,0.468284,0.219713,-0.310343,-0.507084,-0.444102,0.670318,-3.162889851292109,4.090518901452829,27.08187478354071,36.7527000551547,-9.418517063701941,12.562844295213361
25.00635528564453,2.11581,-2.36572,-0.408918,-0.215916,0.939922,-0.292678,0.0872342,0.480481,0.502688,0.466798,0.449612,0.559015,-0.517157,0.111465,0.468284,0.219713,-0.310343,-0.507084,-0.444102,0.670318,-3.162889851292109,4.090518901452829,27.08187478354071,36.7527000551547,-9.418517063701941,12.562844295213361
25.0219087600708,2.48514,-1.71243,-0.676372,-0.151899,0.965321,-0.158993,0.0872181,0.480542,0.502541,0.465705,0.450187,0.560324,-0.516224,0.11215,0.465622,0.217288,-0.314182,-0.506565,-0.439007,0.672276,-2.1975179576107933,4.184501766244891,27.335725866575675,35.84380210217943,-9.796123560480261,11.306911433975868
25.02284574508667,2.48514,-1.71243,-0.676372,-0.151899,0.965321,-0.158993,0.0872181,0.480542,0.502541,0.465705,0.450187,0.560324,-0.516224,0.11215,0.465622,0.217288,-0.314182,-0.506565,-0.439007,0.672276,-2.1975179576107933,4.184501766244891,27.335725866575675,35.84380210217943,-9.796123560480261,11.306911433975868
25.038614749908447,2.55481,-2.25797,-0.837004,-0.221763,0.973007,-0.259943,0.0872111,0.480445,0.502407,0.46509,0.449554,0.559993,-0.517687,0.112627,0.462997,0.214914,-0.319283,-0.505177,-0.434651,0.673746,-1.4576570982910906,4.3801720409973015,27.21880616116026,35.47922567194048,-8.83668408517818,11.072094498349593
25.039552688598633,2.55481,-2.25797,-0.837004,-0.221763,0.973007,-0.259943,0.0872111,0.480445,0.502407,0.46509,0.449554,0.559993,-0.517687,0.112627,0.462997,0.214914,-0.319283,-0.505177,-0.434651,0.673746,-1.4576570982910906,4.3801720409973015,27.21880616116026,35.47922567194048,-8.83668408517818,11.072094498349593
25.05532145500183,2.4511,-2.06041,-1.63987,-0.215767,1.12454,-0.234128,0.0872187,0.480353,0.502298,0.466543,0.448292,0.558581,-0.518998,0.113143,0.460303,0.212672,-0.32533,-0.501839,-0.430875,0.67577,-0.8542620134633766,4.279564377394009,27.025340819997325,35.62129344678461,-7.472908044541125,11.07654309875057
25.05625557899475,2.4511,-2.06041,-1.63987,-0.215767,1.12454,-0.234128,0.0872187,0.480353,0.502298,0.466543,0.448292,0.558581,-0.518998,0.113143,0.460303,0.212672,-0.32533,-0.501839,-0.430875,0.67577,-0.8542620134633766,4.279564377394009,27.025340819997325,35.62129344678461,-7.472908044541125,11.07654309875057
25.072463989257812,1.917,-2.25547,-0.873412,-0.274671,0.984067,-0.283184,0.0871675,0.480276,0.502202,0.467155,0.447733,0.558069,-0.519481,0.113597,0.457732,0.210297,-0.326702,-0.501917,-0.425671,0.678343,-0.43028553472448244,4.312243444985824,27.4307494947346,35.47453175634015,-8.008119408023123,11.916067833642888
25.07343292236328,1.917,-2.25547,-0.873412,-0.274671,0.984067,-0.283184,0.0871675,0.480276,0.502202,0.467155,0.447733,0.558069,-0.519481,0.113597,0.457732,0.210297,-0.326702,-0.501917,-0.425671,0.678343,-0.43028553472448244,4.312243444985824,27.4307494947346,35.47453175634015,-8.008119408023123,11.916067833642888
25.105388402938843,2.51964,-1.90775,-0.116467,-0.223161,0.772292,-0.169655,0.0870485,0.480526,0.502296,0.465724,0.449245,0.559371,-0.518058,0.113928,0.452068,0.205385,-0.339645,-0.497446,-0.41655,0.680937,1.7853881814464354,4.307086556477182,27.228584600869222,33.86314137110158,-7.778058151433714,9.569239803717018
25.106326818466187,2.51964,-1.90775,-0.116467,-0.223161,0.772292,-0.169655,0.0870485,0.480526,0.502296,0.465724,0.449245,0.559371,-0.518058,0.113928,0.452068,0.205385,-0.339645,-0.497446,-0.41655,0.680937,1.7853881814464354,4.307086556477182,27.228584600869222,33.86314137110158,-7.778058151433714,9.569239803717018
25.12223529815674,2.8237,-1.80518,-0.220038,-0.190636,0.772382,-0.129703,0.0870588,0.480549,0.502333,0.46585,0.449342,0.559414,-0.517814,0.114173,0.449097,0.202912,-0.343166,-0.494753,-0.410775,0.684632,2.665327484778837,4.052337068943941,27.51484500805889,33.787076804508914,-7.86912846366004,8.907069638605591
25.123169660568237,2.8237,-1.80518,-0.220038,-0.190636,0.772382,-0.129703,0.0870588,0.480549,0.502333,0.46585,0.449342,0.559414,-0.517814,0.114173,0.449097,0.202912,-0.343166,-0.494753,-0.410775,0.684632,2.665327484778837,4.052337068943941,27.51484500805889,33.787076804508914,-7.86912846366004,8.907069638605591
25.138625621795654,2.98189,-2.1106,-0.444642,-0.220095,0.783979,-0.178807,0.0870815,0.48052,0.50234,0.465629,0.449752,0.559056,-0.518043,0.114264,0.447569,0.201639,-0.345287,-0.493442,-0.408318,0.68598,3.093775640655693,3.9565774999930414,27.50244889689716,33.55063929236353,-7.60046991988807,8.719656254978362
25.139567613601685,2.98189,-2.1106,-0.444642,-0.220095,0.783979,-0.178807,0.0870815,0.48052,0.50234,0.465629,0.449752,0.559056,-0.518043,0.114264,0.447569,0.201639,-0.345287,-0.493442,-0.408318,0.68598,3.093775640655693,3.9565774999930414,27.50244889689716,33.55063929236353,-7.60046991988807,8.719656254978362
25.155262231826782,2.88672,-2.13253,-0.125129,-0.205135,0.707518,-0.155276,0.0872725,0.480344,0.502417,0.46643,0.448033,0.558382,-0.519537,0.114545,0.442885,0.197925,-0.352824,-0.489658,-0.400697,0.689342,4.200804020277309,3.970399915341156,27.568219602135486,33.702099129147626,-7.084532698907314,9.157197071590934
25.156202793121338,2.88672,-2.13253,-0.125129,-0.205135,0.707518,-0.155276,0.0872725,0.480344,0.502417,0.46643,0.448033,0.558382,-0.519537,0.114545,0.442885,0.197925,-0.352824,-0.489658,-0.400697,0.689342,4.200804020277309,3.970399915341156,27.568219602135486,33.702099129147626,-7.084532698907314,9.157197071590934
25.17158532142639,3.3867,-2.34915,0.107684,-0.211688,0.576586,-0.1694,0.087272,0.480392,0.502311,0.466053,0.448646,0.55903,-0.51865,0.114645,0.439649,0.195389,-0.357577,-0.486039,-0.395965,0.692183,5.234148307943125,3.6715599467665183,27.66290501918741,32.87964938394604,-6.930238050977354,8.020617980286623
25.172548532485962,3.3867,-2.34915,0.107684,-0.211688,0.576586,-0.1694,0.087272,0.480392,0.502311,0.466053,0.448646,0.55903,-0.51865,0.114645,0.439649,0.195389,-0.357577,-0.486039,-0.395965,0.692183,5.234148307943125,3.6715599467665183,27.66290501918741,32.87964938394604,-6.930238050977354,8.020617980286623
25.20509910583496,2.574,-2.34953,0.891518,-0.251945,0.552256,-0.18754,0.0869932,0.480367,0.502026,0.467122,0.448064,0.55805,-0.519245,0.114492,0.433196,0.19031,-0.368341,-0.483595,-0.386425,0.69364,6.709753539806422,3.9030952916896684,27.599237748100013,31.99921611169525,-7.678682396001969,9.207132505881338
25.206045150756836,2.574,-2.34953,0.891518,-0.251945,0.552256,-0.18754,0.0869932,0.480367,0.502026,0.467122,0.448064,0.55805,-0.519245,0.114492,0.433196,0.19031,-0.368341,-0.483595,-0.386425,0.69364,6.709753539806422,3.9030952916896684,27.599237748100013,31.99921611169525,-7.678682396001969,9.207132505881338
25.22149658203125,2.40828,-2.28548,0.538257,-0.229836,0.651254,-0.157907,0.0868978,0.480338,0.501929,0.467038,0.449031,0.557484,-0.519094,0.114372,0.430098,0.18797,-0.371598,-0.481826,-0.382103,0.695526,7.4117086398330585,3.729985183687736,27.6506043835353,31.218002066965823,-7.909931777519705,9.398885851481552
25.22246026992798,2.40828,-2.28548,0.538257,-0.229836,0.651254,-0.157907,0.0868978,0.480338,0.501929,0.467038,0.449031,0.557484,-0.519094,0.114372,0.430098,0.18797,-0.371598,-0.481826,-0.382103,0.695526,7.4117086398330585,3.729985183687736,27.6506043835353,31.218002066965823,-7.909931777519705,9.398885851481552
25.238274097442627,2.76043,-2.21222,0.145802,-0.210134,0.681377,-0.123845,0.0869138,0.480294,0.501879,0.468019,0.44761,0.557607,-0.519305,0.114425,0.428326,0.186987,-0.376515,-0.478277,-0.37912,0.696961,8.016649853154371,3.6180665002173438,27.605522267361636,31.865680230299713,-7.398390987814704,8.472347691203462
25.239222526550293,2.76043,-2.21222,0.145802,-0.210134,0.681377,-0.123845,0.0869138,0.480294,0.501879,0.468019,0.44761,0.557607,-0.519305,0.114425,0.428326,0.186987,-0.376515,-0.478277,-0.37912,0.696961,8.016649853154371,3.6180665002173438,27.605522267361636,31.865680230299713,-7.398390987814704,8.472347691203462
25.254900693893433,2.6653,-2.49709,-0.177402,-0.238292,0.69138,-0.169542,0.0869552,0.480235,0.501825,0.467389,0.447528,0.557363,-0.520204,0.114857,0.423451,0.18388,-0.384041,-0.474536,-0.371501,0.699511,9.343485988626844,3.6230152123043275,27.554818621437427,31.26320797895821,-6.785412322534308,7.837848482442996
25.255851984024048,2.6653,-2.49709,-0.177402,-0.238292,0.69138,-0.169542,0.0869552,0.480235,0.501825,0.467389,0.447528,0.557363,-0.520204,0.114857,0.423451,0.18388,-0.384041,-0.474536,-0.371501,0.699511,9.343485988626844,3.6230152123043275,27.554818621437427,31.26320797895821,-6.785412322534308,7.837848482442996
25.271512746810913,2.51907,-2.146,-0.322131,-0.200573,0.710701,-0.095714,0.0869909,0.480239,0.501889,0.467369,0.447355,0.557626,-0.52009,0.115149,0.420236,0.181769,-0.389556,-0.472212,-0.366067,0.700897,10.29724166295614,3.633501443782793,27.60212186250066,31.039953346824266,-6.897541999676783,7.484532074307667
25.27246332168579,2.51907,-2.146,-0.322131,-0.200573,0.710701,-0.095714,0.0869909,0.480239,0.501889,0.467369,0.447355,0.557626,-0.52009,0.115149,0.420236,0.181769,-0.389556,-0.472212,-0.366067,0.700897,10.29724166295614,3.633501443782793,27.60212186250066,31.039953346824266,-6.897541999676783,7.484532074307667
25.305161237716675,3.0537,-1.98746,-0.0399852,-0.216369,0.52715,-0.0492186,0.0872698,0.480396,0.501998,0.466439,0.450065,0.559501,-0.516561,0.115581,0.413795,0.177647,-0.399106,-0.465951,-0.356386,0.704694,12.497077894645127,3.0285111025100946,27.84068702737975,29.034634528120627,-7.88103585363015,5.308302103242973
25.306106328964233,3.0537,-1.98746,-0.0399852,-0.216369,0.52715,-0.0492186,0.0872698,0.480396,0.501998,0.466439,0.450065,0.559501,-0.516561,0.115581,0.413795,0.177647,-0.399106,-0.465951,-0.356386,0.704694,12.497077894645127,3.0285111025100946,27.84068702737975,29.034634528120627,-7.88103585363015,5.308302103242973
25.321529626846313,2.04493,-2.14854,0.248631,-0.251964,0.597046,-0.102922,0.0873806,0.48024,0.501971,0.466579,0.447866,0.558667,-0.51924,0.115592,0.410437,0.175693,-0.406482,-0.463642,-0.352841,0.703784,13.129939199483408,3.523645598930783,27.345443903379188,29.00895691400725,-6.8811289671148925,6.421037702918731
25.32247042655945,2.04493,-2.14854,0.248631,-0.251964,0.597046,-0.102922,0.0873806,0.48024,0.501971,0.466579,0.447866,0.558667,-0.51924,0.115592,0.410437,0.175693,-0.406482,-0.463642,-0.352841,0.703784,13.129939199483408,3.523645598930783,27.345443903379188,29.00895691400725,-6.8811289671148925,6.421037702918731
25.33881449699402,2.82852,-2.26629,-0.43718,-0.257656,0.637825,-0.0910837,0.0875581,0.480186,0.501885,0.46676,0.448423,0.558942,-0.518301,0.115507,0.407017,0.17382,-0.411489,-0.459531,-0.348143,0.705907,14.114803979273526,3.1846021978398236,27.399294703520788,28.502353101013423,-7.173352832128266,5.507351718363687
25.339788675308228,2.82852,-2.26629,-0.43718,-0.257656,0.637825,-0.0910837,0.0875581,0.480186,0.501885,0.46676,0.448423,0.558942,-0.518301,0.115507,0.407017,0.17382,-0.411489,-0.459531,-0.348143,0.705907,14.114803979273526,3.1846021978398236,27.399294703520788,28.502353101013423,-7.173352832128266,5.507351718363687
25.35526180267334,1.77467,-2.6492,-0.110578,-0.319778,0.641097,-0.170881,0.0875957,0.480168,0.501906,0.466282,0.448795,0.558775,-0.51859,0.115146,0.403918,0.171887,-0.413484,-0.456507,-0.344201,0.708631,14.750863988720088,2.8991847073148813,27.541720103801822,27.86343707384171,-7.042871664527298,5.72504535025634
25.356210947036743,1.77467,-2.6492,-0.110578,-0.319778,0.641097,-0.170881,0.0875957,0.480168,0.501906,0.466282,0.448795,0.558775,-0.51859,0.115146,0.403918,0.171887,-0.413484,-0.456507,-0.344201,0.708631,14.750863988720088,2.8991847073148813,27.541720103801822,27.86343707384171,-7.042871664527298,5.72504535025634
25.371681928634644,2.76865,-1.94109,-0.00758302,-0.260636,0.550312,0.00340059,0.0875518,0.480214,0.501916,0.466646,0.448468,0.559118,-0.518175,0.114757,0.400767,0.170074,-0.418381,-0.455627,-0.338876,0.70889,15.557946806957364,3.038404352369612,27.655541954251497,27.798104443390812,-8.586913412017841,6.152232243099199
25.3726224899292,2.76865,-1.94109,-0.00758302,-0.260636,0.550312,0.00340059,0.0875518,0.480214,0.501916,0.466646,0.448468,0.559118,-0.518175,0.114757,0.400767,0.170074,-0.418381,-0.455627,-0.338876,0.70889,15.557946806957364,3.038404352369612,27.655541954251497,27.798104443390812,-8.586913412017841,6.152232243099199
25.388908624649048,3.43661,-2.30828,-0.498262,-0.299811,0.558426,-0.0380903,0.0874136,0.480266,0.501839,0.467041,0.448216,0.558444,-0.518762,0.114416,0.397494,0.168351,-0.424614,-0.449772,-0.333959,0.711252,16.548864253308082,2.7162173409806343,27.49939225261246,28.10387212048255,-7.577171295508157,5.107422732752005
25.389885187149048,3.43661,-2.30828,-0.498262,-0.299811,0.558426,-0.0380903,0.0874136,0.480266,0.501839,0.467041,0.448216,0.558444,-0.518762,0.114416,0.397494,0.168351,-0.424614,-0.449772,-0.333959,0.711252,16.548864253308082,2.7162173409806343,27.49939225261246,28.10387212048255,-7.577171295508157,5.107422732752005
25.421459674835205,3.44094,-1.29526,-0.511585,-0.183547,0.545819,0.150275,0.0873105,0.480117,0.501723,0.466467,0.447867,0.557328,-0.520777,0.113569,0.39158,0.165052,-0.432073,-0.443062,-0.32752,0.713961,17.779346602961247,2.536059804515062,27.19632844563313,27.38917458328837,-6.301424130468313,5.611147554432355
25.42239475250244,3.44094,-1.29526,-0.511585,-0.183547,0.545819,0.150275,0.0873105,0.480117,0.501723,0.466467,0.447867,0.557328,-0.520777,0.113569,0.39158,0.165052,-0.432073,-0.443062,-0.32752,0.713961,17.779346602961247,2.536059804515062,27.19632844563313,27.38917458328837,-6.301424130468313,5.611147554432355
25.43821930885315,3.37101,-1.48983,-0.218343,-0.246574,0.490652,0.106333,0.0872707,0.480128,0.501702,0.466442,0.446968,0.557557,-0.521327,0.113353,0.390006,0.164357,-0.433483,-0.440988,-0.323903,0.716037,18.214156902833437,2.417939011456447,27.4510611411526,27.97661544628903,-6.330477202835301,5.1034196012059425
25.43918800354004,3.37101,-1.48983,-0.218343,-0.246574,0.490652,0.106333,0.0872707,0.480128,0.501702,0.466442,0.446968,0.557557,-0.521327,0.113353,0.390006,0.164357,-0.433483,-0.440988,-0.323903,0.716037,18.214156902833437,2.417939011456447,27.4510611411526,27.97661544628903,-6.330477202835301,5.1034196012059425
25.4550678730011,3.57537,-1.85376,-0.455955,-0.320624,0.478774,0.0310152,0.0871792,0.480164,0.501646,0.467568,0.446965,0.556825,-0.521103,0.113188,0.38575,0.162198,-0.440879,-0.438041,-0.31853,0.715741,19.17257919207042,2.455387311086168,27.240593635299824,27.658725696583268,-7.029560580263187,5.753411115873112
25.456006050109863,3.57537,-1.85376,-0.455955,-0.320624,0.478774,0.0310152,0.0871792,0.480164,0.501646,0.467568,0.446965,0.556825,-0.521103,0.113188,0.38575,0.162198,-0.440879,-0.438041,-0.31853,0.715741,19.17257919207042,2.455387311086168,27.240593635299824,27.658725696583268,-7.029560580263187,5.753411115873112
25.47135305404663,4.53572,-2.26984,-0.0161455,-0.406874,0.24814,-0.0295346,0.0872472,0.480174,0.501624,0.466976,0.446975,0.556803,-0.521649,0.112808,0.38299,0.160858,-0.446359,-0.432792,-0.316297,0.716527,19.989696904573858,2.303968247362882,26.859223881769704,27.048220176412737,-5.8049140199400515,5.129314695891933
25.472301483154297,4.53572,-2.26984,-0.0161455,-0.406874,0.24814,-0.0295346,0.0872472,0.480174,0.501624,0.466976,0.446975,0.556803,-0.521649,0.112808,0.38299,0.160858,-0.446359,-0.432792,-0.316297,0.716527,19.989696904573858,2.303968247362882,26.859223881769704,27.048220176412737,-5.8049140199400515,5.129314695891933
25.50525712966919,3.14512,-1.71796,-0.310733,-0.34313,0.429535,0.0295162,0.0876753,0.480009,0.501495,0.467748,0.446793,0.557438,-0.520434,0.112075,0.377411,0.158242,-0.455995,-0.427813,-0.309073,0.716602,21.470558835960716,2.2448441450644427,26.747221686479136,26.86250438445546,-7.785332159026034,5.0996796125951205
25.506202697753906,3.14512,-1.71796,-0.310733,-0.34313,0.429535,0.0295162,0.0876753,0.480009,0.501495,0.467748,0.446793,0.557438,-0.520434,0.112075,0.377411,0.158242,-0.455995,-0.427813,-0.309073,0.716602,21.470558835960716,2.2448441450644427,26.747221686479136,26.86250438445546,-7.785332159026034,5.0996796125951205
25.521328687667847,3.58189,-1.25552,-0.610024,-0.297115,0.415321,0.104545,0.0877683,0.479986,0.501466,0.467444,0.446973,0.557704,-0.520267,0.111397,0.374842,0.157075,-0.459451,-0.423461,-0.307044,0.71785,22.12045269167594,1.9747144181626166,26.628842943848117,26.231399951516593,-7.520931178548862,4.791099570394459
25.52227520942688,3.58189,-1.25552,-0.610024,-0.297115,0.415321,0.104545,0.0877683,0.479986,0.501466,0.467444,0.446973,0.557704,-0.520267,0.111397,0.374842,0.157075,-0.459451,-0.423461,-0.307044,0.71785,22.12045269167594,1.9747144181626166,26.628842943848117,26.231399951516593,-7.520931178548862,4.791099570394459
25.538097381591797,3.23113,-1.4091,0.1335,-0.340648,0.30695,0.0474722,0.0877464,0.47999,0.501493,0.467083,0.447781,0.557537,-0.520075,0.111177,0.373492,0.156502,-0.461596,-0.420874,-0.305379,0.718706,22.586641974149156,1.7784647809225111,26.53286368169018,25.94620624288242,-7.133329756615993,4.211459721462722
25.539058685302734,3.23113,-1.4091,0.1335,-0.340648,0.30695,0.0474722,0.0877464,0.47999,0.501493,0.467083,0.447781,0.557537,-0.520075,0.111177,0.373492,0.156502,-0.461596,-0.420874,-0.305379,0.718706,22.586641974149156,1.7784647809225111,26.53286368169018,25.94620624288242,-7.133329756615993,4.211459721462722
25.555455923080444,3.74525,-1.47211,0.142025,-0.400107,0.217908,0.0345,0.0877225,0.480014,0.501511,0.467657,0.44679,0.557451,-0.520504,0.110456,0.369678,0.154866,-0.466089,-0.416058,-0.3016,0.720205,23.300399012735873,1.5641072312461073,26.512315903509194,25.684290982031058,-7.062364178481069,4.706712171685455
25.556430339813232,3.74525,-1.47211,0.142025,-0.400107,0.217908,0.0345,0.0877225,0.480014,0.501511,0.467657,0.44679,0.557451,-0.520504,0.110456,0.369678,0.154866,-0.466089,-0.416058,-0.3016,0.720205,23.300399012735873,1.5641072312461073,26.512315903509194,25.684290982031058,-7.062364178481069,4.706712171685455
25.571388244628906,3.10322,-0.328838,0.398176,-0.266899,0.255624,0.235254,0.0877188,0.480003,0.501426,0.467087,0.446957,0.557752,-0.52055,0.11025,0.366859,0.15364,-0.47007,-0.412978,-0.296927,0.72133,24.15806147421922,1.4843441672730615,26.548977063366305,25.618704677013618,-7.186850840616769,4.133729034977836
25.572321891784668,3.10322,-0.328838,0.398176,-0.266899,0.255624,0.235254,0.0877188,0.480003,0.501426,0.467087,0.446957,0.557752,-0.52055,0.11025,0.366859,0.15364,-0.47007,-0.412978,-0.296927,0.72133,24.15806147421922,1.4843441672730615,26.548977063366305,25.618704677013618,-7.186850840616769,4.133729034977836
25.605409860610962,3.94317,-1.06456,-0.0201456,-0.365498,0.202595,0.102143,0.0878022,0.479798,0.501047,0.46704,0.446488,0.556681,-0.522138,0.109808,0.361282,0.151459,-0.479489,-0.406333,-0.290661,0.721456,25.47077477002146,1.5622977477777154,26.001275135398668,25.463922145429333,-6.458020737805444,3.973947657891326
25.60638666152954,3.94317,-1.06456,-0.0201456,-0.365498,0.202595,0.102143,0.0878022,0.479798,0.501047,0.46704,0.446488,0.556681,-0.522138,0.109808,0.361282,0.151459,-0.479489,-0.406333,-0.290661,0.721456,25.47077477002146,1.5622977477777154,26.001275135398668,25.463922145429333,-6.458020737805444,3.973947657891326
25.62144374847412,3.68575,-1.09282,0.673466,-0.41624,0.0719543,0.0840226,0.0878289,0.479898,0.500823,0.465806,0.448948,0.558251,-0.519449,0.10965,0.358702,0.150303,-0.4811,-0.405031,-0.287523,0.722373,26.30117678692312,1.2411320690446341,26.271657518957102,23.45585991792358,-7.976859220804964,3.4447385489070754
25.622382640838623,3.68575,-1.09282,0.673466,-0.41624,0.0719543,0.0840226,0.0878289,0.479898,0.500823,0.465806,0.448948,0.558251,-0.519449,0.10965,0.358702,0.150303,-0.4811,-0.405031,-0.287523,0.722373,26.30117678692312,1.2411320690446341,26.271657518957102,23.45585991792358,-7.976859220804964,3.4447385489070754
25.638120889663696,4.21864,-0.650066,0.490731,-0.354771,0.0634345,0.180611,0.0878778,0.479805,0.500644,0.467879,0.44684,0.558287,-0.519364,0.109745,0.355963,0.149312,-0.487638,-0.402484,-0.284419,0.72064,26.842571257904467,1.4391020668765289,26.056792890892904,24.162103626554725,-8.760249940481927,3.9852822212930974
25.639090538024902,4.21864,-0.650066,0.490731,-0.354771,0.0634345,0.180611,0.0878778,0.479805,0.500644,0.467879,0.44684,0.558287,-0.519364,0.109745,0.355963,0.149312,-0.487638,-0.402484,-0.284419,0.72064,26.842571257904467,1.4391020668765289,26.056792890892904,24.162103626554725,-8.760249940481927,3.9852822212930974
25.654881954193115,4.31633,-0.857879,0.680824,-0.417537,-0.0121575,0.144556,0.0878262,0.479771,0.500454,0.467819,0.44689,0.557818,-0.519879,0.109853,0.353475,0.148427,-0.490153,-0.400262,-0.28097,0.721523,27.356483306644407,1.3783396779264865,26.058121943116603,23.958013027610498,-8.510863082361741,3.9671069859713253
25.655821323394775,4.31633,-0.857879,0.680824,-0.417537,-0.0121575,0.144556,0.0878262,0.479771,0.500454,0.467819,0.44689,0.557818,-0.519879,0.109853,0.353475,0.148427,-0.490153,-0.400262,-0.28097,0.721523,27.356483306644407,1.3783396779264865,26.058121943116603,23.958013027610498,-8.510863082361741,3.9671069859713253
25.6714608669281,3.51802,-0.439533,0.447037,-0.355398,0.127524,0.210496,0.0879164,0.479741,0.500267,0.46768,0.447609,0.557011,-0.52025,0.110128,0.351041,0.147724,-0.494896,-0.397742,-0.2767,0.721329,28.128771646284896,1.4410442945475577,25.81176739378198,24.069283030283295,-8.425759255635729,3.273778263657955
25.672398567199707,3.51802,-0.439533,0.447037,-0.355398,0.127524,0.210496,0.0879164,0.479741,0.500267,0.46768,0.447609,0.557011,-0.52025,0.110128,0.351041,0.147724,-0.494896,-0.397742,-0.2767,0.721329,28.128771646284896,1.4410442945475577,25.81176739378198,24.069283030283295,-8.425759255635729,3.273778263657955
25.705360412597656,5.14973,-0.472198,0.126139,-0.381923,-0.0767576,0.220499,0.0881799,0.479673,0.500341,0.466806,0.44883,0.557853,-0.51908,0.110736,0.34703,0.146645,-0.499918,-0.392725,-0.271703,0.722514,29.32111939656051,1.1375927005674829,25.827187161227485,22.722251781764342,-8.104789827494256,2.2813838620254954
25.706331253051758,5.14973,-0.472198,0.126139,-0.381923,-0.0767576,0.220499,0.0881799,0.479673,0.500341,0.466806,0.44883,0.557853,-0.51908,0.110736,0.34703,0.146645,-0.499918,-0.392725,-0.271703,0.722514,29.32111939656051,1.1375927005674829,25.827187161227485,22.722251781764342,-8.104789827494256,2.2813838620254954
25.721391201019287,4.44538,0.191872,0.402842,-0.305664,-0.0956566,0.337058,0.0882135,0.479678,0.500389,0.466885,0.449117,0.557706,-0.518919,0.111188,0.345069,0.146131,0.502644,0.394753,0.269573,-0.720312,29.59102574799507,1.5541750246688932,25.632357476271245,21.971194507780645,-9.440014748412594,3.551973093919047
25.72234034538269,4.44538,0.191872,0.402842,-0.305664,-0.0956566,0.337058,0.0882135,0.479678,0.500389,0.466885,0.449117,0.557706,-0.518919,0.111188,0.345069,0.146131,0.502644,0.394753,0.269573,-0.720312,29.59102574799507,1.5541750246688932,25.632357476271245,21.971194507780645,-9.440014748412594,3.551973093919047
25.738057374954224,4.57951,0.230297,0.219229,-0.288933,-0.0849582,0.342907,0.0882575,0.479605,0.500423,0.468015,0.448141,0.55666,-0.519867,0.111525,0.343331,0.14587,0.503939,0.391483,0.268163,-0.721716,29.711092989764282,1.3171609989148867,25.641576237661866,22.22525320195698,-8.21332076625037,3.6721611356056307
25.739022970199585,4.57951,0.230297,0.219229,-0.288933,-0.0849582,0.342907,0.0882575,0.479605,0.500423,0.468015,0.448141,0.55666,-0.519867,0.111525,0.343331,0.14587,0.503939,0.391483,0.268163,-0.721716,29.711092989764282,1.3171609989148867,25.641576237661866,22.22525320195698,-8.21332076625037,3.6721611356056307
25.754753351211548,4.39921,0.0315974,0.482827,-0.326365,-0.181465,0.284209,0.0883062,0.47958,0.500417,0.467945,0.448222,0.556744,-0.51977,0.111494,0.341708,0.14538,0.506595,0.385423,0.26467,-0.724403,30.468084339308934,0.7979196603759424,25.79451993888476,22.85133550499534,-6.809343475063079,1.8371309656083188
25.755678415298462,4.39921,0.0315974,0.482827,-0.326365,-0.181465,0.284209,0.0883062,0.47958,0.500417,0.467945,0.448222,0.556744,-0.51977,0.111494,0.341708,0.14538,0.506595,0.385423,0.26467,-0.724403,30.468084339308934,0.7979196603759424,25.79451993888476,22.85133550499534,-6.809343475063079,1.8371309656083188
25.771430015563965,4.54262,1.65402,0.476921,-0.111715,-0.207772,0.606775,0.0884094,0.479543,0.500301,0.46733,0.44845,0.557325,-0.519503,0.111806,0.340397,0.144903,0.507742,0.389404,0.264025,-0.721702,30.515995762368476,1.357338429337512,25.635150530408815,21.60015592936543,-8.663181052759823,3.5311250386060635
25.772377490997314,4.54262,1.65402,0.476921,-0.111715,-0.207772,0.606775,0.0884094,0.479543,0.500301,0.46733,0.44845,0.557325,-0.519503,0.111806,0.340397,0.144903,0.507742,0.389404,0.264025,-0.721702,30.515995762368476,1.357338429337512,25.635150530408815,21.60015592936543,-8.663181052759823,3.5311250386060635
25.80525040626526,4.03291,1.50373,1.02345,-0.153049,-0.360374,0.558967,0.0885492,0.479398,0.499989,0.467328,0.4484,0.555612,-0.521381,0.112207,0.337486,0.14403,0.511676,0.385517,0.258243,-0.723102,31.263819747028,1.3295479513133068,25.51516843872124,22.622435927001934,-7.553331447589482,2.790206715999515
25.80622625350952,4.03291,1.50373,1.02345,-0.153049,-0.360374,0.558967,0.0885492,0.479398,0.499989,0.467328,0.4484,0.555612,-0.521381,0.112207,0.337486,0.14403,0.511676,0.385517,0.258243,-0.723102,31.263819747028,1.3295479513133068,25.51516843872124,22.622435927001934,-7.553331447589482,2.790206715999515
25.821552753448486,5.77195,1.07425,0.779961,-0.209342,-0.586884,0.490192,0.0885733,0.479378,0.499866,0.467669,0.446842,0.556296,-0.521682,0.112226,0.336198,0.143626,0.513772,0.383887,0.257631,-0.7227,31.44645257932238,1.405014298765383,25.468476950110414,22.49840194767317,-7.436486005375437,3.1086665125372575
25.822484016418457,5.77195,1.07425,0.779961,-0.209342,-0.586884,0.490192,0.0885733,0.479378,0.499866,0.467669,0.446842,0.556296,-0.521682,0.112226,0.336198,0.143626,0.513772,0.383887,0.257631,-0.7227,31.44645257932238,1.405014298765383,25.468476950110414,22.49840194767317,-7.436486005375437,3.1086665125372575
25.83811378479004,3.56885,0.140621,1.22145,-0.350496,-0.436356,0.233327,0.088604,0.47932,0.499761,0.468312,0.44676,0.556176,-0.521304,0.11206,0.33504,0.14333,0.514337,0.382329,0.257437,-0.723193,31.52365230628106,1.2098264386277997,25.509420667338407,22.108612813963045,-7.535270748167214,3.390228019024099
25.839049339294434,3.56885,0.140621,1.22145,-0.350496,-0.436356,0.233327,0.088604,0.47932,0.499761,0.468312,0.44676,0.556176,-0.521304,0.11206,0.33504,0.14333,0.514337,0.382329,0.257437,-0.723193,31.52365230628106,1.2098264386277997,25.509420667338407,22.108612813963045,-7.535270748167214,3.390228019024099
25.854894876480103,3.00319,1.0726,1.20875,-0.210517,-0.419573,0.376416,0.0885629,0.479264,0.499631,0.468198,0.446807,0.556397,-0.52113,0.111366,0.333927,0.142853,0.517385,0.379752,0.256328,-0.722771,31.965840799644667,1.1895062447643567,25.295536257386185,22.239672303747902,-7.722431735033513,2.990788169418173
25.855862379074097,3.00319,1.0726,1.20875,-0.210517,-0.419573,0.376416,0.0885629,0.479264,0.499631,0.468198,0.446807,0.556397,-0.52113,0.111366,0.333927,0.142853,0.517385,0.379752,0.256328,-0.722771,31.965840799644667,1.1895062447643567,25.295536257386185,22.239672303747902,-7.722431735033513,2.990788169418173
25.87212586402893,4.96254,1.22722,1.12039,-0.185562,-0.641679,0.423245,0.0884414,0.479324,0.499499,0.467575,0.446555,0.5572,-0.521047,0.110695,0.333105,0.142402,0.518129,0.381063,0.256589,-0.721454,32.01648093954301,1.4607821299301815,25.184522265866338,21.431131688517375,-8.891478357205683,4.039972476159606
25.87309503555298,4.96254,1.22722,1.12039,-0.185562,-0.641679,0.423245,0.0884414,0.479324,0.499499,0.467575,0.446555,0.5572,-0.521047,0.110695,0.333105,0.142402,0.518129,0.381063,0.256589,-0.721454,32.01648093954301,1.4607821299301815,25.184522265866338,21.431131688517375,-8.891478357205683,4.039972476159606
25.905193328857422,4.14198,0.558404,1.38172,-0.274589,-0.624563,0.236073,0.0882399,0.47942,0.49944,0.468025,0.446612,0.556646,-0.521186,0.109234,0.33227,0.142034,0.517891,0.375797,0.258752,-0.723611,32.00180285131527,0.8785749182275903,25.093037983715398,20.91023519509959,-7.596439415790979,4.0528476476216
25.906136989593506,4.14198,0.558404,1.38172,-0.274589,-0.624563,0.236073,0.0882399,0.47942,0.49944,0.468025,0.446612,0.556646,-0.521186,0.109234,0.33227,0.142034,0.517891,0.375797,0.258752,-0.723611,32.00180285131527,0.8785749182275903,25.093037983715398,20.91023519509959,-7.596439415790979,4.0528476476216
25.921382904052734,4.32427,0.29614,1.33826,-0.280657,-0.643099,0.162614,0.0880321,0.479448,0.499504,0.468765,0.445536,0.556025,-0.522105,0.107722,0.331988,0.141719,0.51773,0.375626,0.259079,-0.723698,31.791446955584657,0.9237947360637808,25.062251067426256,21.816940231987772,-8.394527232727508,5.1588650222518035
25.922322511672974,4.32427,0.29614,1.33826,-0.280657,-0.643099,0.162614,0.0880321,0.479448,0.499504,0.468765,0.445536,0.556025,-0.522105,0.107722,0.331988,0.141719,0.51773,0.375626,0.259079,-0.723698,31.791446955584657,0.9237947360637808,25.062251067426256,21.816940231987772,-8.394527232727508,5.1588650222518035
25.93818688392639,3.92683,0.641459,1.15906,-0.234193,-0.566414,0.22102,0.0878105,0.479487,0.499574,0.468081,0.444387,0.557522,-0.522101,0.106691,0.331777,0.141713,0.522419,0.371811,0.257528,-0.722852,32.48111395845362,1.023077707363575,24.81970516247601,22.79152242018603,-8.320088222227511,3.468154940286148
25.93912935256958,3.92683,0.641459,1.15906,-0.234193,-0.566414,0.22102,0.0878105,0.479487,0.499574,0.468081,0.444387,0.557522,-0.522101,0.106691,0.331777,0.141713,0.522419,0.371811,0.257528,-0.722852,32.48111395845362,1.023077707363575,24.81970516247601,22.79152242018603,-8.320088222227511,3.468154940286148
25.954832553863525,3.64531,0.366963,1.01044,-0.24208,-0.527595,0.151057,0.0877138,0.479592,0.499719,0.467316,0.445499,0.557609,-0.521746,0.105856,0.332143,0.141887,0.520437,0.371384,0.2587,-0.724081,32.410453046587776,0.7794902714418439,24.914523441896517,22.150043329683164,-8.353196699884148,3.3599013919255825
25.955798625946045,3.64531,0.366963,1.01044,-0.24208,-0.527595,0.151057,0.0877138,0.479592,0.499719,0.467316,0.445499,0.557609,-0.521746,0.105856,0.332143,0.141887,0.520437,0.371384,0.2587,-0.724081,32.410453046587776,0.7794902714418439,24.914523441896517,22.150043329683164,-8.353196699884148,3.3599013919255825
25.971609354019165,3.72947,0.143003,0.995775,-0.276389,-0.568295,0.104958,0.0877313,0.479675,0.499939,0.468751,0.445408,0.556312,-0.52192,0.105058,0.332828,0.141905,0.518969,0.3722,0.262269,-0.723432,31.793403134275977,0.7325863759591634,24.692745586251473,22.240359366792624,-8.665483134462107,5.056909338814783
25.97256565093994,3.72947,0.143003,0.995775,-0.276389,-0.568295,0.104958,0.0877313,0.479675,0.499939,0.468751,0.445408,0.556312,-0.52192,0.105058,0.332828,0.141905,0.518969,0.3722,0.262269,-0.723432,31.793403134275977,0.7325863759591634,24.692745586251473,22.240359366792624,-8.665483134462107,5.056909338814783
26.00486993789673,2.65388,-0.649668,0.967225,-0.379874,-0.445574,-0.0784358,0.0878192,0.47986,0.500499,0.466676,0.448029,0.557506,-0.52026,0.103558,0.333924,0.142452,0.519481,0.369174,0.263691,-0.724097,32.281750277996274,0.3729672810434402,24.524794797284144,21.565074260772008,-8.749825760974517,3.2282567101225395
26.00584053993225,2.65388,-0.649668,0.967225,-0.379874,-0.445574,-0.0784358,0.0878192,0.47986,0.500499,0.466676,0.448029,0.557506,-0.52026,0.103558,0.333924,0.142452,0.519481,0.369174,0.263691,-0.724097,32.281750277996274,0.3729672810434402,24.524794797284144,21.565074260772008,-8.749825760974517,3.2282567101225395
26.021404266357422,2.92484,-0.792273,0.837407,-0.382972,-0.462711,-0.10075,0.0878287,0.47989,0.500739,0.467196,0.446632,0.558235,-0.520213,0.102706,0.334548,0.142554,0.519185,0.370275,0.264427,-0.723479,32.07492123559217,0.4979324747451714,24.62655220516585,22.37491638288116,-9.974054901882468,3.8713687501780383
26.022343635559082,2.92484,-0.792273,0.837407,-0.382972,-0.462711,-0.10075,0.0878287,0.47989,0.500739,0.467196,0.446632,0.558235,-0.520213,0.102706,0.334548,0.142554,0.519185,0.370275,0.264427,-0.723479,32.07492123559217,0.4979324747451714,24.62655220516585,22.37491638288116,-9.974054901882468,3.8713687501780383
26.03876757621765,2.74675,-0.832897,0.818673,-0.378634,-0.437693,-0.111965,0.0877626,0.479934,0.500859,0.467708,0.44684,0.557243,-0.520638,0.101838,0.335044,0.142625,0.516916,0.369555,0.267164,-0.724466,31.641246693910148,0.2490774320488295,24.571611837021166,22.24296815640526,-9.478677655759412,4.6569242022720525
26.03972029685974,2.74675,-0.832897,0.818673,-0.378634,-0.437693,-0.111965,0.0877626,0.479934,0.500859,0.467708,0.44684,0.557243,-0.520638,0.101838,0.335044,0.142625,0.516916,0.369555,0.267164,-0.724466,31.641246693910148,0.2490774320488295,24.571611837021166,22.24296815640526,-9.478677655759412,4.6569242022720525
26.054703950881958,2.69615,-0.939306,0.694205,-0.385941,-0.414787,-0.133119,0.0876424,0.480014,0.500894,0.46793,0.446814,0.557068,-0.520648,0.101077,0.335165,0.142489,0.518428,0.369015,0.265586,-0.72424,31.86587493631232,0.2922835886447113,24.541505151490014,23.388510053014592,-10.224859886004873,4.244490773891275
26.055668592453003,2.69615,-0.939306,0.694205,-0.385941,-0.414787,-0.133119,0.0876424,0.480014,0.500894,0.46793,0.446814,0.557068,-0.520648,0.101077,0.335165,0.142489,0.518428,0.369015,0.265586,-0.72424,31.86587493631232,0.2922835886447113,24.541505151490014,23.388510053014592,-10.224859886004873,4.244490773891275
26.078827619552612,2.68558,-1.00746,0.757957,-0.38666,-0.430498,-0.146329,0.0875092,0.479961,0.500831,0.468863,0.444998,0.557164,-0.521261,0.10036,0.335263,0.142339,0.517538,0.369889,0.268177,-0.723476,31.368992074638196,0.4237655010364772,24.47881097127107,23.41084738678237,-10.596349284004214,5.793318340535928
26.08063268661499,2.68558,-1.00746,0.757957,-0.38666,-0.430498,-0.146329,0.0875092,0.479961,0.500831,0.468863,0.444998,0.557164,-0.521261,0.10036,0.335263,0.142339,0.517538,0.369889,0.268177,-0.723476,31.368992074638196,0.4237655010364772,24.47881097127107,23.41084738678237,-10.596349284004214,5.793318340535928
26.098233699798584,2.50247,-1.2382,1.25162,-0.421823,-0.508941,-0.196422,0.0873942,0.479879,0.500582,0.469306,0.444672,0.557643,-0.520628,0.0993785,0.334915,0.142171,0.519431,0.365674,0.268035,-0.724314,31.701529090578298,0.07482694355705106,24.464341344545197,23.92093929179021,-10.347866812454026,4.55016931680229
26.099244356155396,2.50247,-1.2382,1.25162,-0.421823,-0.508941,-0.196422,0.0873942,0.479879,0.500582,0.469306,0.444672,0.557643,-0.520628,0.0993785,0.334915,0.142171,0.519431,0.365674,0.268035,-0.724314,31.701529090578298,0.07482694355705106,24.464341344545197,23.92093929179021,-10.347866812454026,4.55016931680229
26.11389923095703,2.42829,-0.961874,1.10307,-0.334738,-0.527589,-0.152946,0.0873645,0.479883,0.500399,0.468984,0.444933,0.557584,-0.520758,0.0987543,0.334811,0.141745,0.519734,0.368036,0.268327,-0.722791,31.617600774049823,0.3954113743162165,24.293123154185068,23.777561660219597,-11.679634226227495,5.593609335066516
26.114856719970703,2.42829,-0.961874,1.10307,-0.334738,-0.527589,-0.152946,0.0873645,0.479883,0.500399,0.468984,0.444933,0.557584,-0.520758,0.0987543,0.334811,0.141745,0.519734,0.368036,0.268327,-0.722791,31.617600774049823,0.3954113743162165,24.293123154185068,23.777561660219597,-11.679634226227495,5.593609335066516
26.12926197052002,3.22363,-0.726866,0.816429,-0.273652,-0.564422,-0.10543,0.087338,0.479924,0.500268,0.468511,0.445388,0.55713,-0.52128,0.0985187,0.334568,0.141771,0.520293,0.364661,0.268595,-0.723999,31.81404350059053,0.14388472047946077,24.141445578706158,23.588048471187026,-10.175289704681276,4.61417773679707
26.130224466323853,3.22363,-0.726866,0.816429,-0.273652,-0.564422,-0.10543,0.087338,0.479924,0.500268,0.468511,0.445388,0.55713,-0.52128,0.0985187,0.334568,0.141771,0.520293,0.364661,0.268595,-0.723999,31.81404350059053,0.14388472047946077,24.141445578706158,23.588048471187026,-10.175289704681276,4.61417773679707
26.15471053123474,4.35153,0.535967,0.251657,-0.01202,-0.566025,0.0830581,0.087319,0.479866,0.500138,0.469465,0.444211,0.556809,-0.521769,0.0984702,0.33244,0.141216,0.523461,0.364224,0.266807,-0.722595,32.01566929518903,0.40208307571370083,23.955039529060926,23.668336103109493,-10.95407885935938,5.652463105341708
26.155675411224365,4.35153,0.535967,0.251657,-0.01202,-0.566025,0.0830581,0.087319,0.479866,0.500138,0.469465,0.444211,0.556809,-0.521769,0.0984702,0.33244,0.141216,0.523461,0.364224,0.266807,-0.722595,32.01566929518903,0.40208307571370083,23.955039529060926,23.668336103109493,-10.95407885935938,5.652463105341708
26.171570777893066,2.74531,1.4584,1.53216,0.0115605,-0.639599,0.217743,0.0874841,0.479794,0.500228,0.469301,0.444354,0.55654,-0.522081,0.0994915,0.330631,0.140995,0.528306,0.361402,0.265128,-0.721102,32.60113460380968,0.5833218720807232,23.466363203437545,23.252189928314998,-9.781987693671546,5.15749371756808
26.17253351211548,2.74531,1.4584,1.53216,0.0115605,-0.639599,0.217743,0.0874841,0.479794,0.500228,0.469301,0.444354,0.55654,-0.522081,0.0994915,0.330631,0.140995,0.528306,0.361402,0.265128,-0.721102,32.60113460380968,0.5833218720807232,23.466363203437545,23.252189928314998,-9.781987693671546,5.15749371756808
26.204862594604492,3.50176,2.65644,3.63957,0.0616011,-1.10824,0.41597,0.0881422,0.479443,0.499693,0.468759,0.446414,0.556236,-0.521134,0.102289,0.32767,0.140169,0.53228,0.363096,0.259822,-0.719258,33.37852997977917,0.9319947519704374,23.326597998069513,21.995535462683034,-10.411329014860158,4.99075213282908
26.205816745758057,3.50176,2.65644,3.63957,0.0616011,-1.10824,0.41597,0.0881422,0.479443,0.499693,0.468759,0.446414,0.556236,-0.521134,0.102289,0.32767,0.140169,0.53228,0.363096,0.259822,-0.719258,33.37852997977917,0.9319947519704374,23.326597998069513,21.995535462683034,-10.411329014860158,4.99075213282908
26.221407890319824,0.594278,0.776219,2.74601,-0.169538,-0.547276,-0.0138906,0.0882946,0.479394,0.499422,0.467794,0.447125,0.556498,-0.521113,0.102565,0.327105,0.140133,0.533029,0.360727,0.260362,-0.7197,33.626397706299585,0.7993079739546997,23.154718805759195,20.913275843393826,-9.244714217924495,4.182517270419442
26.22238802909851,0.594278,0.776219,2.74601,-0.169538,-0.547276,-0.0138906,0.0882946,0.479394,0.499422,0.467794,0.447125,0.556498,-0.521113,0.102565,0.327105,0.140133,0.533029,0.360727,0.260362,-0.7197,33.626397706299585,0.7993079739546997,23.154718805759195,20.913275843393826,-9.244714217924495,4.182517270419442
26.238691091537476,1.96159,-0.171042,2.96126,-0.215947,-0.675272,-0.222952,0.0884305,0.479248,0.498672,0.467594,0.446771,0.556224,-0.521887,0.102271,0.325319,0.139299,0.541897,0.357436,0.259792,-0.714909,34.36003308783844,1.4605797658353552,21.94649052325811,20.955412109979896,-9.175239635406935,3.747685103081027
26.2396559715271,1.96159,-0.171042,2.96126,-0.215947,-0.675272,-0.222952,0.0884305,0.479248,0.498672,0.467594,0.446771,0.556224,-0.521887,0.102271,0.325319,0.139299,0.541897,0.357436,0.259792,-0.714909,34.36003308783844,1.4605797658353552,21.94649052325811,20.955412109979896,-9.175239635406935,3.747685103081027
26.25536847114563,0.895851,1.36829,2.8016,-0.0647119,-0.4096,0.022172,0.0882124,0.479277,0.498558,0.469295,0.445639,0.556071,-0.521491,0.1018,0.324237,0.139308,0.545622,0.356199,0.261813,-0.71195,34.30563044474837,1.6699936596039329,21.40546313290569,20.438210128176685,-9.786603791559047,4.695995980385863
26.256319046020508,0.895851,1.36829,2.8016,-0.0647119,-0.4096,0.022172,0.0882124,0.479277,0.498558,0.469295,0.445639,0.556071,-0.521491,0.1018,0.324237,0.139308,0.545622,0.356199,0.261813,-0.71195,34.30563044474837,1.6699936596039329,21.40546313290569,20.438210128176685,-9.786603791559047,4.695995980385863
26.271796464920044,0.740987,0.133683,3.23787,-0.249021,-0.359372,-0.287754,0.0880145,0.479465,0.499103,0.469413,0.446105,0.556378,-0.520658,0.10058,0.323022,0.13931,0.555954,0.349478,0.261558,-0.707367,35.36995683277543,1.970859162536718,20.131797843481134,20.91801843553371,-9.618566823457599,3.3333117315448932
26.27275848388672,0.740987,0.133683,3.23787,-0.249021,-0.359372,-0.287754,0.0880145,0.479465,0.499103,0.469413,0.446105,0.556378,-0.520658,0.10058,0.323022,0.13931,0.555954,0.349478,0.261558,-0.707367,35.36995683277543,1.970859162536718,20.131797843481134,20.91801843553371,-9.618566823457599,3.3333117315448932
26.305750608444214,0.294688,-0.0366151,2.26542,-0.216696,-0.136849,-0.330813,0.0875465,0.479818,0.500797,0.46879,0.445179,0.557207,-0.521125,0.0959736,0.321837,0.140394,0.572239,0.337942,0.271189,-0.696272,36.17621162801943,2.9293248837807626,16.952913838633336,19.78760619156184,-8.70256458839551,3.621288201874976
26.30676555633545,0.294688,-0.0366151,2.26542,-0.216696,-0.136849,-0.330813,0.0875465,0.479818,0.500797,0.46879,0.445179,0.557207,-0.521125,0.0959736,0.321837,0.140394,0.572239,0.337942,0.271189,-0.696272,36.17621162801943,2.9293248837807626,16.952913838633336,19.78760619156184,-8.70256458839551,3.621288201874976
26.321502447128296,1.16299,0.998499,1.29979,-0.015624,0.00234918,-0.150139,0.0870715,0.480153,0.501437,0.467736,0.446256,0.55862,-0.519637,0.0925666,0.321059,0.140634,0.580783,0.331993,0.277307,-0.689618,36.74092383104793,3.3464490170515706,15.200616659185544,17.9409764351702,-9.457747307055056,3.8594560341519726
26.322463035583496,1.16299,0.998499,1.29979,-0.015624,0.00234918,-0.150139,0.0870715,0.480153,0.501437,0.467736,0.446256,0.55862,-0.519637,0.0925666,0.321059,0.140634,0.580783,0.331993,0.277307,-0.689618,36.74092383104793,3.3464490170515706,15.200616659185544,17.9409764351702,-9.457747307055056,3.8594560341519726
26.338098526000977,1.61692,0.989641,1.1021,0.00632516,0.0343465,-0.168671,0.086716,0.480573,0.501791,0.466283,0.448711,0.559749,-0.51761,0.0881104,0.320188,0.140742,0.592348,0.321633,0.28486,-0.681565,37.67522712302336,3.676805323038166,12.765651198746975,15.935653553950168,-9.711810095739022,2.9760711143682608
26.3390474319458,1.61692,0.989641,1.1021,0.00632516,0.0343465,-0.168671,0.086716,0.480573,0.501791,0.466283,0.448711,0.559749,-0.51761,0.0881104,0.320188,0.140742,0.592348,0.321633,0.28486,-0.681565,37.67522712302336,3.676805323038166,12.765651198746975,15.935653553950168,-9.711810095739022,2.9760711143682608
26.355260848999023,1.68214,0.392794,0.535891,-0.0105131,0.201105,-0.270411,0.0867824,0.480579,0.501908,0.466696,0.448614,0.559574,-0.51751,0.0822735,0.31939,0.140968,0.603347,0.307862,0.300209,-0.671615,37.65751091758921,3.992515551480617,9.634710929900193,14.232604838360908,-8.212536915263293,3.864319853036336
26.356196880340576,1.68214,0.392794,0.535891,-0.0105131,0.201105,-0.270411,0.0867824,0.480579,0.501908,0.466696,0.448614,0.559574,-0.51751,0.0822735,0.31939,0.140968,0.603347,0.307862,0.300209,-0.671615,37.65751091758921,3.992515551480617,9.634710929900193,14.232604838360908,-8.212536915263293,3.864319853036336
26.371562004089355,2.23052,0.670557,0.743042,0.0691607,0.166603,-0.194334,0.0874073,0.4803,0.501898,0.466855,0.448339,0.558939,-0.518291,0.0757757,0.31811,0.14082,0.618551,0.29279,0.316165,-0.657045,37.78588974822002,4.916152499301917,5.512168521146112,13.62659766165832,-7.152011703059351,4.913913235283136
26.372483730316162,2.23052,0.670557,0.743042,0.0691607,0.166603,-0.194334,0.0874073,0.4803,0.501898,0.466855,0.448339,0.558939,-0.518291,0.0757757,0.31811,0.14082,0.618551,0.29279,0.316165,-0.657045,37.78588974822002,4.916152499301917,5.512168521146112,13.62659766165832,-7.152011703059351,4.913913235283136
26.404832363128662,0.786615,0.425635,0.85493,0.0983684,0.421336,-0.31943,0.0882399,0.479721,0.501163,0.467487,0.449095,0.556789,-0.51938,0.0627198,0.314348,0.139862,0.644746,0.253988,0.339353,-0.636107,39.01259086817383,5.453398900641151,-1.4870806025568393,16.033921138501018,-3.098298548725017,3.117497612119543
26.40576934814453,0.786615,0.425635,0.85493,0.0983684,0.421336,-0.31943,0.0882399,0.479721,0.501163,0.467487,0.449095,0.556789,-0.51938,0.0627198,0.314348,0.139862,0.644746,0.253988,0.339353,-0.636107,39.01259086817383,5.453398900641151,-1.4870806025568393,16.033921138501018,-3.098298548725017,3.117497612119543
26.42168641090393,1.04965,0.873389,0.856236,0.227474,0.368973,-0.1975,0.0881286,0.479732,0.500875,0.468602,0.446743,0.557507,-0.519633,0.0560381,0.313154,0.139353,0.654461,0.242506,0.351681,-0.623852,38.80627472376953,6.126638916026519,-4.293861205323355,16.88187876691365,-3.8276199667437547,4.678317743625169
26.42268466949463,1.04965,0.873389,0.856236,0.227474,0.368973,-0.1975,0.0881286,0.479732,0.500875,0.468602,0.446743,0.557507,-0.519633,0.0560381,0.313154,0.139353,0.654461,0.242506,0.351681,-0.623852,38.80627472376953,6.126638916026519,-4.293861205323355,16.88187876691365,-3.8276199667437547,4.678317743625169
26.438352346420288,-0.127959,-0.215809,1.36238,0.100202,0.400716,-0.438606,0.0879346,0.479838,0.500797,0.467776,0.447516,0.558072,-0.519106,0.0492041,0.311727,0.139642,0.664307,0.224046,0.361073,-0.61492,39.61278994556655,6.189137377274575,-7.1737898867154515,17.9966531111853,-2.6185186808765137,2.7310865852213206
26.439291954040527,-0.127959,-0.215809,1.36238,0.100202,0.400716,-0.438606,0.0879346,0.479838,0.500797,0.467776,0.447516,0.558072,-0.519106,0.0492041,0.311727,0.139642,0.664307,0.224046,0.361073,-0.61492,39.61278994556655,6.189137377274575,-7.1737898867154515,17.9966531111853,-2.6185186808765137,2.7310865852213206
26.454805850982666,1.21232,-0.196031,1.02571,0.16682,0.239534,-0.388735,0.0879992,0.479849,0.500986,0.468311,0.446974,0.558038,-0.519127,0.042566,0.310331,0.139963,0.675041,0.206602,0.373041,-0.602059,39.88191325189669,6.64156609431183,-10.551798032519576,19.779942147329603,-1.4604801617735093,2.34910174044252
26.45575189590454,1.21232,-0.196031,1.02571,0.16682,0.239534,-0.388735,0.0879992,0.479849,0.500986,0.468311,0.446974,0.558038,-0.519127,0.042566,0.310331,0.139963,0.675041,0.206602,0.373041,-0.602059,39.88191325189669,6.64156609431183,-10.551798032519576,19.779942147329603,-1.4604801617735093,2.34910174044252
26.471444368362427,1.28401,-0.78375,0.929286,0.137184,0.184557,-0.495011,0.088009,0.479935,0.501433,0.467589,0.448216,0.558129,-0.518609,0.0361625,0.309382,0.140462,0.682671,0.194902,0.388172,-0.58762,39.535526618676535,7.239723618948819,-13.888785749474579,19.096724763898234,-0.7657423576632749,4.10347846551831
26.47236967086792,1.28401,-0.78375,0.929286,0.137184,0.184557,-0.495011,0.088009,0.479935,0.501433,0.467589,0.448216,0.558129,-0.518609,0.0361625,0.309382,0.140462,0.682671,0.194902,0.388172,-0.58762,39.535526618676535,7.239723618948819,-13.888785749474579,19.096724763898234,-0.7657423576632749,4.10347846551831
26.505066871643066,0.760164,0.957323,1.29431,0.348784,0.147074,-0.262939,0.0875883,0.480235,0.501694,0.467144,0.448048,0.559609,-0.51756,0.0275009,0.307747,0.141508,0.690295,0.176683,0.40326,-0.574158,39.61855507647859,7.369840525794477,-17.10764956116378,19.61821081230762,-0.28834882159287245,4.199722857075696
26.50600004196167,0.760164,0.957323,1.29431,0.348784,0.147074,-0.262939,0.0875883,0.480235,0.501694,0.467144,0.448048,0.559609,-0.51756,0.0275009,0.307747,0.141508,0.690295,0.176683,0.40326,-0.574158,39.61855507647859,7.369840525794477,-17.10764956116378,19.61821081230762,-0.28834882159287245,4.199722857075696
26.521302700042725,0.568139,-0.0512273,1.3335,0.267009,0.159395,-0.503881,0.0874658,0.48016,0.501595,0.468719,0.445643,0.557644,-0.520324,0.0249049,0.307165,0.141853,0.69212,0.171491,0.404522,-0.572645,39.43386630227472,7.540396019056711,-17.77652692545465,22.548066740581316,0.03256609360505003,4.085781093646224
26.52223229408264,0.568139,-0.0512273,1.3335,0.267009,0.159395,-0.503881,0.0874658,0.48016,0.501595,0.468719,0.445643,0.557644,-0.520324,0.0249049,0.307165,0.141853,0.69212,0.171491,0.404522,-0.572645,39.43386630227472,7.540396019056711,-17.77652692545465,22.548066740581316,0.03256609360505003,4.085781093646224
26.538458585739136,1.08076,-0.185234,1.20769,0.27036,0.0892305,-0.567586,0.0874456,0.480216,0.501452,0.466456,0.446972,0.559308,-0.519432,0.0231041,0.306838,0.141908,0.687461,0.173204,0.40581,-0.576815,39.48671851790208,6.989078048572454,-16.96157906748721,20.28595597868359,-1.2811829710890752,4.666778507725577
26.53939390182495,1.08076,-0.185234,1.20769,0.27036,0.0892305,-0.567586,0.0874456,0.480216,0.501452,0.466456,0.446972,0.559308,-0.519432,0.0231041,0.306838,0.141908,0.687461,0.173204,0.40581,-0.576815,39.48671851790208,6.989078048572454,-16.96157906748721,20.28595597868359,-1.2811829710890752,4.666778507725577
26.555163621902466,0.905573,-0.825397,1.64959,0.190841,0.0316092,-0.77951,0.0872666,0.480127,0.500987,0.466679,0.446164,0.559684,-0.519521,0.0185804,0.305673,0.142332,0.694015,0.161077,0.413754,-0.56675,39.61644616702541,7.371908484835892,-19.301999106744482,21.673282654329356,-0.527669771975714,3.846867420388037
26.556103467941284,0.905573,-0.825397,1.64959,0.190841,0.0316092,-0.77951,0.0872666,0.480127,0.500987,0.466679,0.446164,0.559684,-0.519521,0.0185804,0.305673,0.142332,0.694015,0.161077,0.413754,-0.56675,39.61644616702541,7.371908484835892,-19.301999106744482,21.673282654329356,-0.527669771975714,3.846867420388037
26.57142734527588,2.10502,-0.0937269,1.83262,0.250469,-0.0923921,-0.62374,0.0871305,0.480061,0.500803,0.467033,0.446965,0.557522,-0.520837,0.0170922,0.305235,0.142556,0.695084,0.158549,0.415096,-0.56517,39.498128592638636,7.49435213526672,-20.01352870403484,22.477498488719583,-0.15742860008052606,3.84985555574057
26.572370290756226,2.10502,-0.0937269,1.83262,0.250469,-0.0923921,-0.62374,0.0871305,0.480061,0.500803,0.467033,0.446965,0.557522,-0.520837,0.0170922,0.305235,0.142556,0.695084,0.158549,0.415096,-0.56517,39.498128592638636,7.49435213526672,-20.01352870403484,22.477498488719583,-0.15742860008052606,3.84985555574057
26.60514211654663,0.052721,-0.398182,2.26388,0.249232,-0.00192185,-0.719645,0.0868716,0.480083,0.500102,0.467888,0.446309,0.557396,-0.520768,0.00871126,0.303293,0.145166,0.702174,0.145789,0.43433,-0.545027,38.40375233178565,8.244494809158569,-23.82528026795004,21.073492870294373,-0.917763751231,5.14300633682965
26.606083869934082,0.052721,-0.398182,2.26388,0.249232,-0.00192185,-0.719645,0.0868716,0.480083,0.500102,0.467888,0.446309,0.557396,-0.520768,0.00871126,0.303293,0.145166,0.702174,0.145789,0.43433,-0.545027,38.40375233178565,8.244494809158569,-23.82528026795004,21.073492870294373,-0.917763751231,5.14300633682965
26.62128520011902,-0.709455,-0.425915,2.53834,0.314976,-0.00987026,-0.722615,0.0869964,0.480015,0.500084,0.468071,0.446321,0.55721,-0.520792,0.00433378,0.302035,0.147385,0.704681,0.136268,0.444096,-0.536316,38.05789289509081,8.288465247067334,-25.690073344541446,20.753323519520578,-0.4871791297548578,4.878966560385251
26.622230291366577,-0.709455,-0.425915,2.53834,0.314976,-0.00987026,-0.722615,0.0869964,0.480015,0.500084,0.468071,0.446321,0.55721,-0.520792,0.00433378,0.302035,0.147385,0.704681,0.136268,0.444096,-0.536316,38.05789289509081,8.288465247067334,-25.690073344541446,20.753323519520578,-0.4871791297548578,4.878966560385251
26.638163566589355,-0.703657,-0.141964,2.69631,0.398001,-0.0665752,-0.667119,0.0871507,0.479983,0.500307,0.46803,0.447457,0.557207,-0.519856,-0.000768664,0.300297,0.150409,0.70992,0.128046,0.455265,-0.521873,37.54467211934254,8.827851687319628,-28.34552619286417,19.170097783892814,-1.9254595324106938,4.550115182215988
26.639097213745117,-0.703657,-0.141964,2.69631,0.398001,-0.0665752,-0.667119,0.0871507,0.479983,0.500307,0.46803,0.447457,0.557207,-0.519856,-0.000768664,0.300297,0.150409,0.70992,0.128046,0.455265,-0.521873,37.54467211934254,8.827851687319628,-28.34552619286417,19.170097783892814,-1.9254595324106938,4.550115182215988
26.654704570770264,-0.374866,0.150913,1.85876,0.501553,0.00893428,-0.585127,0.0873106,0.480028,0.500707,0.468616,0.447888,0.558126,-0.517968,-0.00603363,0.298355,0.153674,0.712277,0.119694,0.467209,-0.509952,36.948061310945555,8.820365687717505,-30.278813150888865,17.293360409065464,-3.5345846960340968,4.72568161170556
26.655641317367554,-0.374866,0.150913,1.85876,0.501553,0.00893428,-0.585127,0.0873106,0.480028,0.500707,0.468616,0.447888,0.558126,-0.517968,-0.00603363,0.298355,0.153674,0.712277,0.119694,0.467209,-0.509952,36.948061310945555,8.820365687717505,-30.278813150888865,17.293360409065464,-3.5345846960340968,4.72568161170556
26.67156195640564,0.567293,1.08236,1.05488,0.67834,-0.0197734,-0.322735,0.0873161,0.480193,0.501467,0.467958,0.445948,0.558577,-0.519747,-0.0111218,0.296509,0.156872,0.715651,0.108438,0.479789,-0.49587,36.28094142351519,9.344636166908082,-32.90070792995792,17.163083899709605,-1.9438737523561875,5.486031861019803
26.672484159469604,0.567293,1.08236,1.05488,0.67834,-0.0197734,-0.322735,0.0873161,0.480193,0.501467,0.467958,0.445948,0.558577,-0.519747,-0.0111218,0.296509,0.156872,0.715651,0.108438,0.479789,-0.49587,36.28094142351519,9.344636166908082,-32.90070792995792,17.163083899709605,-1.9438737523561875,5.486031861019803
26.705277681350708,0.995115,0.459759,0.485575,0.611203,-0.00994534,-0.413662,0.0871301,0.480579,0.502279,0.466664,0.447715,0.559394,-0.518511,-0.0181112,0.293822,0.161687,0.717107,0.0957641,0.495036,-0.481172,35.74344100776861,9.236201729513093,-35.60292048910211,14.479340930155395,-2.136187669806741,5.35867852630227
26.706228971481323,0.995115,0.459759,0.485575,0.611203,-0.00994534,-0.413662,0.0871301,0.480579,0.502279,0.466664,0.447715,0.559394,-0.518511,-0.0181112,0.293822,0.161687,0.717107,0.0957641,0.495036,-0.481172,35.74344100776861,9.236201729513093,-35.60292048910211,14.479340930155395,-2.136187669806741,5.35867852630227
26.72130036354065,0.718618,0.416001,0.533077,0.595859,0.0235721,-0.481165,0.0871201,0.480556,0.502304,0.466159,0.449296,0.559068,-0.51795,-0.0208226,0.292684,0.163277,0.717667,0.0920749,0.500868,-0.474982,35.43481524700292,9.236650478160906,-36.72198663011293,13.175356449908882,-2.5964218432637978,5.406292648092019
26.722236156463623,0.718618,0.416001,0.533077,0.595859,0.0235721,-0.481165,0.0871201,0.480556,0.502304,0.466159,0.449296,0.559068,-0.51795,-0.0208226,0.292684,0.163277,0.717667,0.0920749,0.500868,-0.474982,35.43481524700292,9.236650478160906,-36.72198663011293,13.175356449908882,-2.5964218432637978,5.406292648092019
26.738127946853638,0.475895,0.678307,0.687455,0.616916,0.0113045,-0.437497,0.0871861,0.480375,0.502125,0.467585,0.447959,0.558386,-0.518558,-0.0236155,0.29133,0.16504,0.718826,0.0862378,0.50817,-0.466492,34.75298050118195,9.35294872820379,-38.040724788415766,13.614879453126099,-2.3763604780256844,5.9347220137999
26.739065408706665,0.475895,0.678307,0.687455,0.616916,0.0113045,-0.437497,0.0871861,0.480375,0.502125,0.467585,0.447959,0.558386,-0.518558,-0.0236155,0.29133,0.16504,0.718826,0.0862378,0.50817,-0.466492,34.75298050118195,9.35294872820379,-38.040724788415766,13.614879453126099,-2.3763604780256844,5.9347220137999
26.754743337631226,0.482296,0.126885,0.924856,0.569705,-0.0622767,-0.563888,0.0872185,0.480274,0.501819,0.467788,0.44789,0.558415,-0.518404,-0.0265128,0.289986,0.166871,0.72001,0.0821597,0.515358,-0.457429,34.15237738617084,9.541723554319974,-39.37618420879921,12.582704361196242,-2.9499093714289075,6.076921383738732
26.755678176879883,0.482296,0.126885,0.924856,0.569705,-0.0622767,-0.563888,0.0872185,0.480274,0.501819,0.467788,0.44789,0.558415,-0.518404,-0.0265128,0.289986,0.166871,0.72001,0.0821597,0.515358,-0.457429,34.15237738617084,9.541723554319974,-39.37618420879921,12.582704361196242,-2.9499093714289075,6.076921383738732
26.771549224853516,0.578138,0.500458,0.870342,0.616571,-0.0717179,-0.525201,0.0871819,0.480176,0.5014,0.467939,0.445857,0.55877,-0.519635,-0.0293252,0.288636,0.16858,0.722077,0.0772028,0.521199,-0.448326,33.62870511667046,10.002833426587486,-40.74815901564346,12.673295217485023,-3.1896101010985047,5.891871761541193
26.772489309310913,0.578138,0.500458,0.870342,0.616571,-0.0717179,-0.525201,0.0871819,0.480176,0.5014,0.467939,0.445857,0.55877,-0.519635,-0.0293252,0.288636,0.16858,0.722077,0.0772028,0.521199,-0.448326,33.62870511667046,10.002833426587486,-40.74815901564346,12.673295217485023,-3.1896101010985047,5.891871761541193
26.8050754070282,0.0547333,0.810074,1.25321,0.602309,-0.122113,-0.511107,0.0872598,0.480159,0.500916,0.466546,0.448324,0.558839,-0.51869,-0.0337764,0.287346,0.171554,0.72129,0.0726597,0.532221,-0.437266,32.87453655629336,9.900145947257975,-42.435663792698875,9.8581676583186,-3.847393627885766,5.622789570703297
26.806025743484497,0.0547333,0.810074,1.25321,0.602309,-0.122113,-0.511107,0.0872598,0.480159,0.500916,0.466546,0.448324,0.558839,-0.51869,-0.0337764,0.287346,0.171554,0.72129,0.0726597,0.532221,-0.437266,32.87453655629336,9.900145947257975,-42.435663792698875,9.8581676583186,-3.847393627885766,5.622789570703297
26.82142162322998,-0.381744,0.932228,1.42962,0.602693,-0.135735,-0.514499,0.0870271,0.480275,0.500929,0.466072,0.449578,0.558954,-0.517906,-0.0360804,0.286954,0.173077,0.721044,0.0658307,0.537535,-0.432223,32.86888303737847,9.60370757236339,-43.465930377195164,10.20381262173334,-2.835429554667,4.837323194075746
26.82235884666443,-0.381744,0.932228,1.42962,0.602693,-0.135735,-0.514499,0.0870271,0.480275,0.500929,0.466072,0.449578,0.558954,-0.517906,-0.0360804,0.286954,0.173077,0.721044,0.0658307,0.537535,-0.432223,32.86888303737847,9.60370757236339,-43.465930377195164,10.20381262173334,-2.835429554667,4.837323194075746
26.838587999343872,-0.530218,0.898178,1.54202,0.588519,-0.159577,-0.549263,0.0866445,0.480425,0.501042,0.467988,0.448141,0.55934,-0.517006,-0.0385574,0.286888,0.174781,0.719359,0.0641044,0.543134,-0.428274,32.21026694132929,9.251363853809234,-43.6201822022728,10.221861127343788,-3.7697896281146916,5.4747937021245265
26.83952307701111,-0.530218,0.898178,1.54202,0.588519,-0.159577,-0.549263,0.0866445,0.480425,0.501042,0.467988,0.448141,0.55934,-0.517006,-0.0385574,0.286888,0.174781,0.719359,0.0641044,0.543134,-0.428274,32.21026694132929,9.251363853809234,-43.6201822022728,10.221861127343788,-3.7697896281146916,5.4747937021245265
26.85470485687256,-0.417871,0.92178,1.42576,0.60015,-0.198355,-0.567506,0.0863167,0.480635,0.501275,0.467449,0.448289,0.560158,-0.51648,-0.0409794,0.287132,0.176723,0.719091,0.064957,0.548594,-0.421584,31.562472007452477,9.408449364921939,-44.252972961674466,8.573619739266364,-4.951288707878108,5.4455216839337925
26.85564422607422,-0.417871,0.92178,1.42576,0.60015,-0.198355,-0.567506,0.0863167,0.480635,0.501275,0.467449,0.448289,0.560158,-0.51648,-0.0409794,0.287132,0.176723,0.719091,0.064957,0.548594,-0.421584,31.562472007452477,9.408449364921939,-44.252972961674466,8.573619739266364,-4.951288707878108,5.4455216839337925
26.871544361114502,0.00614357,1.53253,1.10123,0.694391,-0.211937,-0.42844,0.0862863,0.480741,0.501723,0.4665,0.447673,0.560491,-0.51751,-0.0433398,0.287112,0.179,0.717958,0.060814,0.555696,-0.414777,31.034093021279787,9.415467364890203,-45.28416787058703,8.54553922770923,-3.516954960356554,5.6864700177613345
26.87248158454895,0.00614357,1.53253,1.10123,0.694391,-0.211937,-0.42844,0.0862863,0.480741,0.501723,0.4665,0.447673,0.560491,-0.51751,-0.0433398,0.287112,0.179,0.717958,0.060814,0.555696,-0.414777,31.034093021279787,9.415467364890203,-45.28416787058703,8.54553922770923,-3.516954960356554,5.6864700177613345
26.885244131088257,0.00614357,1.53253,1.10123,0.694391,-0.211937,-0.42844,0.0862863,0.480741,0.501723,0.4665,0.447673,0.560491,-0.51751,-0.0433398,0.287112,0.179,0.717958,0.060814,0.555696,-0.414777,31.034093021279787,9.415467364890203,-45.28416787058703,8.54553922770923,-3.516954960356554,5.6864700177613345
26.909336805343628,-0.443745,1.36929,0.731588,0.684161,-0.0986271,-0.49514,0.0867218,0.480519,0.502151,0.467221,0.448462,0.558949,-0.517843,-0.0471909,0.287608,0.182967,0.716727,0.0608303,0.565281,-0.403807,29.660862027509594,9.461777008407664,-46.543421034419815,7.850958406197383,-4.9957194977091905,5.555572233294014
26.91026473045349,-0.443745,1.36929,0.731588,0.684161,-0.0986271,-0.49514,0.0867218,0.480519,0.502151,0.467221,0.448462,0.558949,-0.517843,-0.0471909,0.287608,0.182967,0.716727,0.0608303,0.565281,-0.403807,29.660862027509594,9.461777008407664,-46.543421034419815,7.850958406197383,-4.9957194977091905,5.555572233294014
26.93828845024109,-0.320314,1.74209,1.20769,0.814831,-0.223973,-0.545245,0.0866582,0.480593,0.50206,0.466994,0.448952,0.559136,-0.517421,-0.0504876,0.287449,0.185945,0.713684,0.056189,0.574157,-0.397292,29.049430988298887,8.95194322987215,-47.408945741662706,7.272115356866804,-4.481276176179556,5.323554339122769
26.939221382141113,-0.320314,1.74209,1.20769,0.814831,-0.223973,-0.545245,0.0866582,0.480593,0.50206,0.466994,0.448952,0.559136,-0.517421,-0.0504876,0.287449,0.185945,0.713684,0.056189,0.574157,-0.397292,29.049430988298887,8.95194322987215,-47.408945741662706,7.272115356866804,-4.481276176179556,5.323554339122769
26.954824686050415,-0.47073,2.34279,1.48757,0.896954,-0.254106,-0.473951,0.0865714,0.480644,0.502007,0.466887,0.448955,0.559377,-0.517256,-0.0523875,0.287441,0.187764,0.712997,0.0565672,0.579732,-0.390316,28.306739817140166,9.028754373688553,-48.08052524649246,6.0036341989666635,-5.036156414278528,5.4145846617657
26.955758333206177,-0.47073,2.34279,1.48757,0.896954,-0.254106,-0.473951,0.0865714,0.480644,0.502007,0.466887,0.448955,0.559377,-0.517256,-0.0523875,0.287441,0.187764,0.712997,0.0565672,0.579732,-0.390316,28.306739817140166,9.028754373688553,-48.08052524649246,6.0036341989666635,-5.036156414278528,5.4145846617657
26.97147011756897,-1.09143,2.30568,0.93029,0.938315,-0.0822264,-0.536575,0.0866648,0.480588,0.50209,0.466488,0.449531,0.559185,-0.517323,-0.0546788,0.287962,0.190962,0.708929,0.0518871,0.587196,-0.387206,27.921097063592118,8.339332203947345,-48.61560321847598,6.180788534847296,-3.5285675307912316,4.680302322640666
26.972389221191406,-1.09143,2.30568,0.93029,0.938315,-0.0822264,-0.536575,0.0866648,0.480588,0.50209,0.466488,0.449531,0.559185,-0.517323,-0.0546788,0.287962,0.190962,0.708929,0.0518871,0.587196,-0.387206,27.921097063592118,8.339332203947345,-48.61560321847598,6.180788534847296,-3.5285675307912316,4.680302322640666
26.988646984100342,-0.583664,2.51361,0.635655,0.996249,-0.099899,-0.507948,0.0866519,0.480691,0.502326,0.466019,0.448812,0.56133,-0.516045,-0.0565397,0.288233,0.192994,0.70689,0.0483203,0.593036,-0.382465,27.697644500680234,7.9803361025606625,-49.01782052008537,6.080985048242056,-3.342146360038475,4.181062612599089
26.989582061767578,-0.583664,2.51361,0.635655,0.996249,-0.099899,-0.507948,0.0866519,0.480691,0.502326,0.466019,0.448812,0.56133,-0.516045,-0.0565397,0.288233,0.192994,0.70689,0.0483203,0.593036,-0.382465,27.697644500680234,7.9803361025606625,-49.01782052008537,6.080985048242056,-3.342146360038475,4.181062612599089
27.021711587905884,-1.82492,0.614697,0.767367,0.774671,0.0458734,-1.07529,0.0861667,0.480987,0.503017,0.466701,0.447091,0.56203,-0.516161,-0.0598036,0.289669,0.195063,0.704159,0.0498591,0.59792,-0.379693,26.953733053462944,7.778988900658171,-48.924954853833356,6.48964473230475,-4.821646213415335,4.929332579229728
27.022646188735962,-1.82492,0.614697,0.767367,0.774671,0.0458734,-1.07529,0.0861667,0.480987,0.503017,0.466701,0.447091,0.56203,-0.516161,-0.0598036,0.289669,0.195063,0.704159,0.0498591,0.59792,-0.379693,26.953733053462944,7.778988900658171,-48.924954853833356,6.48964473230475,-4.821646213415335,4.929332579229728
27.038551568984985,0.699532,2.27409,-0.0594566,0.975271,0.00362715,-0.650892,0.0857889,0.481225,0.502928,0.466816,0.44876,0.561171,-0.515543,-0.0613415,0.290081,0.196152,0.704159,0.0487084,0.600431,-0.37586,26.71718931207129,7.674310896711823,-49.50737645617709,6.474007532321966,-5.17460972955212,4.253505684648834
27.03947424888611,0.699532,2.27409,-0.0594566,0.975271,0.00362715,-0.650892,0.0857889,0.481225,0.502928,0.466816,0.44876,0.561171,-0.515543,-0.0613415,0.290081,0.196152,0.704159,0.0487084,0.600431,-0.37586,26.71718931207129,7.674310896711823,-49.50737645617709,6.474007532321966,-5.17460972955212,4.253505684648834
27.054813623428345,-1.47218,1.46625,-0.0423722,0.869491,0.328502,-0.908096,0.0855949,0.481236,0.502856,0.466981,0.447338,0.562131,-0.515583,-0.0625481,0.290737,0.196906,0.701779,0.0466341,0.602978,-0.376495,26.65560495714521,7.309414974351978,-49.323368362009724,7.454996213830066,-4.696927328295754,4.329920524221235
27.055756092071533,-1.47218,1.46625,-0.0423722,0.869491,0.328502,-0.908096,0.0855949,0.481236,0.502856,0.466981,0.447338,0.562131,-0.515583,-0.0625481,0.290737,0.196906,0.701779,0.0466341,0.602978,-0.376495,26.65560495714521,7.309414974351978,-49.323368362009724,7.454996213830066,-4.696927328295754,4.329920524221235
27.07144808769226,-1.48645,1.13627,0.295514,0.866731,0.242984,-1.10163,0.0858118,0.481123,0.502816,0.466667,0.448054,0.560555,-0.516961,-0.0638006,0.291148,0.197665,0.702275,0.0513954,0.604957,-0.371747,25.841145086472615,7.771861521717348,-49.806116913236586,6.401255659662481,-5.991431386205992,4.786764715388732
27.072372913360596,-1.48645,1.13627,0.295514,0.866731,0.242984,-1.10163,0.0858118,0.481123,0.502816,0.466667,0.448054,0.560555,-0.516961,-0.0638006,0.291148,0.197665,0.702275,0.0513954,0.604957,-0.371747,25.841145086472615,7.771861521717348,-49.806116913236586,6.401255659662481,-5.991431386205992,4.786764715388732
27.105196714401245,-3.34589,1.14231,0.84307,0.848522,0.31261,-1.2395,0.0860387,0.480989,0.502699,0.466305,0.448097,0.561122,-0.516634,-0.0653743,0.292647,0.199003,0.698888,0.0474515,0.611966,-0.367153,25.437709046827447,7.2336484478094505,-50.37461556048435,7.995239503703236,-4.034470394937973,4.977425318316438
27.106139421463013,-3.34589,1.14231,0.84307,0.848522,0.31261,-1.2395,0.0860387,0.480989,0.502699,0.466305,0.448097,0.561122,-0.516634,-0.0653743,0.292647,0.199003,0.698888,0.0474515,0.611966,-0.367153,25.437709046827447,7.2336484478094505,-50.37461556048435,7.995239503703236,-4.034470394937973,4.977425318316438
27.12135601043701,-2.12848,1.46012,0.853523,0.945827,0.198922,-1.22706,0.0858642,0.48103,0.502616,0.467769,0.446989,0.56031,-0.517152,-0.0661965,0.293302,0.19962,0.699785,0.052317,0.612406,-0.364036,24.669948511925348,7.626168814158305,-50.36382850101544,7.5930559769034005,-6.056488767456814,5.271790514130377
27.12228488922119,-2.12848,1.46012,0.853523,0.945827,0.198922,-1.22706,0.0858642,0.48103,0.502616,0.467769,0.446989,0.56031,-0.517152,-0.0661965,0.293302,0.19962,0.699785,0.052317,0.612406,-0.364036,24.669948511925348,7.626168814158305,-50.36382850101544,7.5930559769034005,-6.056488767456814,5.271790514130377
27.138545274734497,0.300568,2.10325,0.119766,1.07443,0.0454073,-1.0251,0.0857904,0.481043,0.502635,0.468433,0.446512,0.560501,-0.516756,-0.0665684,0.294473,0.200023,0.697798,0.0531698,0.614566,-0.364087,24.368622632391766,7.33733374522317,-50.1280642493155,8.033332871190542,-5.804814617070999,5.736528601241432
27.13947868347168,0.300568,2.10325,0.119766,1.07443,0.0454073,-1.0251,0.0857904,0.481043,0.502635,0.468433,0.446512,0.560501,-0.516756,-0.0665684,0.294473,0.200023,0.697798,0.0531698,0.614566,-0.364087,24.368622632391766,7.33733374522317,-50.1280642493155,8.033332871190542,-5.804814617070999,5.736528601241432
27.154808044433594,-2.36215,0.352406,0.691172,0.801119,0.269302,-1.48077,0.0858889,0.481172,0.50284,0.465369,0.449209,0.562415,-0.515104,-0.0665863,0.295579,0.200375,0.698124,0.05447,0.615635,-0.361454,24.614772775111362,7.438023474147651,-50.43341471279984,6.455979348883664,-5.862542747161346,4.126594463352547
27.155738592147827,-2.36215,0.352406,0.691172,0.801119,0.269302,-1.48077,0.0858889,0.481172,0.50284,0.465369,0.449209,0.562415,-0.515104,-0.0665863,0.295579,0.200375,0.698124,0.05447,0.615635,-0.361454,24.614772775111362,7.438023474147651,-50.43341471279984,6.455979348883664,-5.862542747161346,4.126594463352547
27.171892404556274,-2.71297,2.10227,0.126961,1.02587,0.43961,-1.17761,0.0859375,0.481106,0.503096,0.466003,0.447432,0.562105,-0.516414,-0.067081,0.296523,0.201059,0.698091,0.0599026,0.617288,-0.357821,23.70627559557351,7.898254545342128,-50.436009936207505,5.955300722446754,-6.794946691981827,5.121742075791534
27.17282724380493,-2.71297,2.10227,0.126961,1.02587,0.43961,-1.17761,0.0859375,0.481106,0.503096,0.466003,0.447432,0.562105,-0.516414,-0.067081,0.296523,0.201059,0.698091,0.0599026,0.617288,-0.357821,23.70627559557351,7.898254545342128,-50.436009936207505,5.955300722446754,-6.794946691981827,5.121742075791534
27.204988956451416,-1.68657,1.85244,0.211528,0.955151,0.283571,-1.24896,0.0855909,0.481358,0.503373,0.466372,0.447069,0.56308,-0.515332,-0.0684196,0.298303,0.202137,0.696273,0.0536636,0.622369,-0.353527,23.6457729547913,7.382346318466502,-51.0316789382207,8.847387302958689,-4.713151087589901,4.88066488374122
27.205921411514282,-1.68657,1.85244,0.211528,0.955151,0.283571,-1.24896,0.0855909,0.481358,0.503373,0.466372,0.447069,0.56308,-0.515332,-0.0684196,0.298303,0.202137,0.696273,0.0536636,0.622369,-0.353527,23.6457729547913,7.382346318466502,-51.0316789382207,8.847387302958689,-4.713151087589901,4.88066488374122
27.221317291259766,-2.11848,2.28212,0.0353043,1.04279,0.363419,-1.18522,0.0854406,0.481437,0.503291,0.466617,0.447019,0.562814,-0.515445,-0.0693212,0.298939,0.202796,0.696499,0.0585749,0.623247,-0.350743,23.03267342234583,7.678697126618316,-51.02353973037153,7.6146638869399474,-6.500535749163973,4.914962023856321
27.222256898880005,-2.11848,2.28212,0.0353043,1.04279,0.363419,-1.18522,0.0854406,0.481437,0.503291,0.466617,0.447019,0.562814,-0.515445,-0.0693212,0.298939,0.202796,0.696499,0.0585749,0.623247,-0.350743,23.03267342234583,7.678697126618316,-51.02353973037153,7.6146638869399474,-6.500535749163973,4.914962023856321
27.238006114959717,-2.00734,3.10022,0.401777,1.1002,0.295325,-1.03693,0.08552,0.481348,0.503257,0.466835,0.44638,0.562813,-0.515802,-0.0700575,0.299822,0.203338,0.694011,0.0578819,0.62629,-0.35037,22.744691790974052,7.359560036082296,-50.99800476054881,8.458786234407963,-5.60657338193204,5.624457855336758
27.23893690109253,-2.00734,3.10022,0.401777,1.1002,0.295325,-1.03693,0.08552,0.481348,0.503257,0.466835,0.44638,0.562813,-0.515802,-0.0700575,0.299822,0.203338,0.694011,0.0578819,0.62629,-0.35037,22.744691790974052,7.359560036082296,-50.99800476054881,8.458786234407963,-5.60657338193204,5.624457855336758
27.25485134124756,-1.50392,1.96461,-0.115272,0.99322,0.349498,-1.24461,0.0855897,0.481265,0.503212,0.467386,0.44605,0.562477,-0.515955,-0.0707934,0.300592,0.203862,0.693056,0.0599946,0.62811,-0.348644,22.266713039106456,7.347062410933046,-50.99184193499033,8.519577445184586,-6.181312846945395,6.066052985429387
27.25578498840332,-1.50392,1.96461,-0.115272,0.99322,0.349498,-1.24461,0.0855897,0.481265,0.503212,0.467386,0.44605,0.562477,-0.515955,-0.0707934,0.300592,0.203862,0.693056,0.0599946,0.62811,-0.348644,22.266713039106456,7.347062410933046,-50.99184193499033,8.519577445184586,-6.181312846945395,6.066052985429387
27.272106885910034,-2.42111,2.53195,0.693522,0.999932,0.279871,-1.13614,0.0854669,0.481326,0.503228,0.466348,0.446215,0.562858,-0.516336,-0.0714145,0.301351,0.204394,0.691953,0.0590746,0.629742,-0.348048,22.268162291973198,7.257326817505434,-51.147270555238556,8.873824080972028,-5.328791832901922,5.76418911717702
27.273049116134644,-2.42111,2.53195,0.693522,0.999932,0.279871,-1.13614,0.0854669,0.481326,0.503228,0.466348,0.446215,0.562858,-0.516336,-0.0714145,0.301351,0.204394,0.691953,0.0590746,0.629742,-0.348048,22.268162291973198,7.257326817505434,-51.147270555238556,8.873824080972028,-5.328791832901922,5.76418911717702
27.305245399475098,-4.2239,2.19505,-0.186662,0.980503,0.761749,-1.21307,0.0852076,0.481522,0.503376,0.465386,0.446765,0.563933,-0.515554,-0.0727345,0.303007,0.205608,0.689308,0.0592052,0.633555,-0.346349,22.052945619020125,6.914832291481381,-51.193163629986515,8.871587750541408,-4.914443169472021,5.474124259642754
27.30618715286255,-4.2239,2.19505,-0.186662,0.980503,0.761749,-1.21307,0.0852076,0.481522,0.503376,0.465386,0.446765,0.563933,-0.515554,-0.0727345,0.303007,0.205608,0.689308,0.0592052,0.633555,-0.346349,22.052945619020125,6.914832291481381,-51.193163629986515,8.871587750541408,-4.914443169472021,5.474124259642754
27.321399688720703,-3.27707,2.4726,0.158666,0.940531,0.539369,-1.16962,0.0854151,0.481422,0.50366,0.466658,0.446187,0.562235,-0.516758,-0.0734611,0.303987,0.206359,0.688635,0.0614933,0.634747,-0.345103,21.44131153792452,6.973522566712125,-51.24142420797881,9.81313095681826,-5.379098837089592,6.324318578205935
27.32233500480652,-3.27707,2.4726,0.158666,0.940531,0.539369,-1.16962,0.0854151,0.481422,0.50366,0.466658,0.446187,0.562235,-0.516758,-0.0734611,0.303987,0.206359,0.688635,0.0614933,0.634747,-0.345103,21.44131153792452,6.973522566712125,-51.24142420797881,9.81313095681826,-5.379098837089592,6.324318578205935
27.33863639831543,-4.34491,2.15928,0.404083,0.900263,0.607723,-1.24555,0.0854748,0.481447,0.50378,0.466395,0.447213,0.562162,-0.516188,-0.0741808,0.305001,0.207045,0.688279,0.0649837,0.63632,-0.342266,20.999499526941907,7.051711565699169,-51.33799342466178,8.995400984589688,-6.487174825894358,6.1849070807345035
27.339574098587036,-4.34491,2.15928,0.404083,0.900263,0.607723,-1.24555,0.0854748,0.481447,0.50378,0.466395,0.447213,0.562162,-0.516188,-0.0741808,0.305001,0.207045,0.688279,0.0649837,0.63632,-0.342266,20.999499526941907,7.051711565699169,-51.33799342466178,8.995400984589688,-6.487174825894358,6.1849070807345035
27.354816675186157,-0.710846,3.27485,-1.10744,0.937357,0.373973,-0.90358,0.0853768,0.481396,0.50362,0.467344,0.445525,0.562454,-0.516472,-0.0750892,0.306133,0.2076,0.687425,0.0675391,0.636583,-0.342997,20.6581301294721,7.094850053650635,-50.928106300708734,9.59643943533407,-7.875715767726696,6.174091573261092
27.355747938156128,-0.710846,3.27485,-1.10744,0.937357,0.373973,-0.90358,0.0853768,0.481396,0.50362,0.467344,0.445525,0.562454,-0.516472,-0.0750892,0.306133,0.2076,0.687425,0.0675391,0.636583,-0.342997,20.6581301294721,7.094850053650635,-50.928106300708734,9.59643943533407,-7.875715767726696,6.174091573261092
27.371529579162598,-1.35307,2.15064,-0.875664,0.846425,0.473725,-1.10211,0.0852042,0.481502,0.503458,0.466419,0.445688,0.563785,-0.515715,-0.0757644,0.307462,0.208112,0.684738,0.0672561,0.639635,-0.34275,20.5917828538377,6.725904171119377,-50.81759311514724,9.616941234284658,-7.084323622631034,6.0828609168188885
27.372464895248413,-1.35307,2.15064,-0.875664,0.846425,0.473725,-1.10211,0.0852042,0.481502,0.503458,0.466419,0.445688,0.563785,-0.515715,-0.0757644,0.307462,0.208112,0.684738,0.0672561,0.639635,-0.34275,20.5917828538377,6.725904171119377,-50.81759311514724,9.616941234284658,-7.084323622631034,6.0828609168188885
27.40507435798645,-4.66188,1.13646,0.280688,0.60829,0.580557,-1.32953,0.085533,0.481328,0.503246,0.466723,0.446009,0.563085,-0.515927,-0.076808,0.310222,0.208896,0.685693,0.0693347,0.642254,-0.33545,19.85122493680085,7.06447638362992,-51.516817486982134,11.73144750690719,-7.568688388991043,5.410858701973229
27.40600299835205,-4.66188,1.13646,0.280688,0.60829,0.580557,-1.32953,0.085533,0.481328,0.503246,0.466723,0.446009,0.563085,-0.515927,-0.076808,0.310222,0.208896,0.685693,0.0693347,0.642254,-0.33545,19.85122493680085,7.06447638362992,-51.516817486982134,11.73144750690719,-7.568688388991043,5.410858701973229
27.421432733535767,-3.79553,2.09555,-0.139419,0.671811,0.530419,-1.10769,0.0856615,0.481318,0.503274,0.466109,0.447232,0.561964,-0.516645,-0.0772243,0.312011,0.20921,0.684657,0.0708579,0.643781,-0.334321,19.554349149603883,7.021068661929132,-51.72588675661734,12.502334231098459,-6.848194263099264,5.506485351614582
27.422369241714478,-3.79553,2.09555,-0.139419,0.671811,0.530419,-1.10769,0.0856615,0.481318,0.503274,0.466109,0.447232,0.561964,-0.516645,-0.0772243,0.312011,0.20921,0.684657,0.0708579,0.643781,-0.334321,19.554349149603883,7.021068661929132,-51.72588675661734,12.502334231098459,-6.848194263099264,5.506485351614582
27.43803906440735,-1.48998,3.00946,-0.791216,0.796091,0.407197,-0.859507,0.0854172,0.481414,0.503171,0.465958,0.446923,0.562888,-0.516043,-0.0776341,0.313822,0.209669,0.683555,0.0745177,0.64488,-0.333661,19.215948585905913,7.046387078040872,-51.420773276260924,12.21487279315714,-7.5558814598708075,5.220069664510127
27.438970804214478,-1.48998,3.00946,-0.791216,0.796091,0.407197,-0.859507,0.0854172,0.481414,0.503171,0.465958,0.446923,0.562888,-0.516043,-0.0776341,0.313822,0.209669,0.683555,0.0745177,0.64488,-0.333661,19.215948585905913,7.046387078040872,-51.420773276260924,12.21487279315714,-7.5558814598708075,5.220069664510127
27.454752922058105,-1.80116,2.15458,0.292641,0.643327,0.245551,-0.998881,0.0852277,0.481441,0.503206,0.466231,0.447192,0.561156,-0.517448,-0.0777309,0.316081,0.209788,0.684074,0.0805481,0.645588,-0.329804,18.339505085897837,7.520431480312078,-51.63738657241814,12.4205719317245,-7.571485798114491,5.881917339062998
27.4556884765625,-1.80116,2.15458,0.292641,0.643327,0.245551,-0.998881,0.0852277,0.481441,0.503206,0.466231,0.447192,0.561156,-0.517448,-0.0777309,0.316081,0.209788,0.684074,0.0805481,0.645588,-0.329804,18.339505085897837,7.520431480312078,-51.63738657241814,12.4205719317245,-7.571485798114491,5.881917339062998
27.471534967422485,-3.0212,2.11296,0.181004,0.681416,0.433234,-0.936587,0.0851757,0.481431,0.503194,0.46652,0.44676,0.561173,-0.517541,-0.0779317,0.317892,0.210267,0.68295,0.080121,0.648295,-0.326915,17.976107165349056,7.412332365380311,-51.88918891333056,13.977320433517114,-6.281393935266854,6.145463891435277
27.472458600997925,-3.0212,2.11296,0.181004,0.681416,0.433234,-0.936587,0.0851757,0.481431,0.503194,0.46652,0.44676,0.561173,-0.517541,-0.0779317,0.317892,0.210267,0.68295,0.080121,0.648295,-0.326915,17.976107165349056,7.412332365380311,-51.88918891333056,13.977320433517114,-6.281393935266854,6.145463891435277
27.504873275756836,-1.34562,2.85936,-0.219512,0.693995,0.255487,-0.763186,0.0855909,0.481371,0.503462,0.465789,0.447291,0.563244,-0.515488,-0.0785624,0.322481,0.211759,0.681427,0.0909983,0.651364,-0.321094,16.880311197573484,7.731745959718127,-51.53034338057876,13.062919783798304,-8.959725313119122,5.430732513302344
27.505813598632812,-1.34562,2.85936,-0.219512,0.693995,0.255487,-0.763186,0.0855909,0.481371,0.503462,0.465789,0.447291,0.563244,-0.515488,-0.0785624,0.322481,0.211759,0.681427,0.0909983,0.651364,-0.321094,16.880311197573484,7.731745959718127,-51.53034338057876,13.062919783798304,-8.959725313119122,5.430732513302344
27.521302938461304,-3.27099,2.59333,-0.207528,0.646166,0.429645,-0.856651,0.0855862,0.481399,0.503536,0.465965,0.447293,0.563016,-0.515576,-0.0788444,0.323663,0.212023,0.682045,0.0963208,0.651543,-0.31785,16.26660295827565,8.131939056958547,-51.52836004117179,12.36405862042235,-10.309764913497647,5.625694400129512
27.522244930267334,-3.27099,2.59333,-0.207528,0.646166,0.429645,-0.856651,0.0855862,0.481399,0.503536,0.465965,0.447293,0.563016,-0.515576,-0.0788444,0.323663,0.212023,0.682045,0.0963208,0.651543,-0.31785,16.26660295827565,8.131939056958547,-51.52836004117179,12.36405862042235,-10.309764913497647,5.625694400129512
27.53856110572815,-0.275005,3.05954,-0.540313,0.705218,0.159342,-0.671068,0.0854235,0.481458,0.503628,0.467098,0.446109,0.562107,-0.516568,-0.0795361,0.32736,0.213151,0.680051,0.102258,0.654281,-0.314626,15.169698196223424,8.27500839140349,-51.39605882687303,13.710911506376421,-10.341498256036227,6.6012960412543435
27.539491176605225,-0.275005,3.05954,-0.540313,0.705218,0.159342,-0.671068,0.0854235,0.481458,0.503628,0.467098,0.446109,0.562107,-0.516568,-0.0795361,0.32736,0.213151,0.680051,0.102258,0.654281,-0.314626,15.169698196223424,8.27500839140349,-51.39605882687303,13.710911506376421,-10.341498256036227,6.6012960412543435
27.5545916557312,-3.41275,2.1392,-0.0832137,0.596979,0.464619,-0.857532,0.0854868,0.481444,0.503471,0.466313,0.447184,0.561331,-0.51719,-0.0799842,0.329823,0.213809,0.677905,0.104923,0.656044,-0.314708,14.831513121015591,8.12623576737993,-51.35256148976415,14.381556034909725,-9.735940202319984,6.508373785826116
27.555538415908813,-3.41275,2.1392,-0.0832137,0.596979,0.464619,-0.857532,0.0854868,0.481444,0.503471,0.466313,0.447184,0.561331,-0.51719,-0.0799842,0.329823,0.213809,0.677905,0.104923,0.656044,-0.314708,14.831513121015591,8.12623576737993,-51.35256148976415,14.381556034909725,-9.735940202319984,6.508373785826116
27.586189031600952,-5.80586,1.29772,0.589282,0.490163,0.628845,-1.03094,0.0856844,0.481355,0.503401,0.466459,0.447739,0.562299,-0.515524,-0.08031,0.332121,0.214896,0.674674,0.1078,0.659475,-0.313506,14.3874767087,7.710749192288322,-51.06227854466551,14.424838343327016,-10.002719348082804,6.485288133221624
27.58857774734497,-5.80586,1.29772,0.589282,0.490163,0.628845,-1.03094,0.0856844,0.481355,0.503401,0.466459,0.447739,0.562299,-0.515524,-0.08031,0.332121,0.214896,0.674674,0.1078,0.659475,-0.313506,14.3874767087,7.710749192288322,-51.06227854466551,14.424838343327016,-10.002719348082804,6.485288133221624
27.608096837997437,-5.88493,1.08475,-0.444803,0.460773,0.797355,-1.045,0.0856685,0.481367,0.503461,0.466649,0.447585,0.562022,-0.515788,-0.0812196,0.337329,0.216613,0.673674,0.117362,0.662586,-0.305563,12.940102099955926,8.225293587019037,-51.1934686164663,15.504183043763028,-11.080865493913814,6.526009120645216
27.609235286712646,-5.88493,1.08475,-0.444803,0.460773,0.797355,-1.045,0.0856685,0.481367,0.503461,0.466649,0.447585,0.562022,-0.515788,-0.0812196,0.337329,0.216613,0.673674,0.117362,0.662586,-0.305563,12.940102099955926,8.225293587019037,-51.1934686164663,15.504183043763028,-11.080865493913814,6.526009120645216
27.623291969299316,-3.14376,0.81686,-0.385703,0.402854,0.434048,-1.02043,0.0853204,0.481524,0.503509,0.466041,0.446749,0.563008,-0.515987,-0.0819245,0.339845,0.217764,0.671378,0.117342,0.665573,-0.30413,12.678221887899419,8.061109621119805,-51.22964313825704,16.99163041171877,-9.76702392041448,6.39837132144414
27.624217987060547,-3.14376,0.81686,-0.385703,0.402854,0.434048,-1.02043,0.0853204,0.481524,0.503509,0.466041,0.446749,0.563008,-0.515987,-0.0819245,0.339845,0.217764,0.671378,0.117342,0.665573,-0.30413,12.678221887899419,8.061109621119805,-51.22964313825704,16.99163041171877,-9.76702392041448,6.39837132144414
27.637953758239746,-1.59117,0.809574,-0.529503,0.38913,0.295603,-0.980545,0.085127,0.481623,0.503572,0.466066,0.44753,0.563281,-0.514989,-0.0824084,0.342747,0.218587,0.670268,0.12674,0.667225,-0.299146,11.631663603899009,8.39043948010205,-51.01664019763591,15.625393201892086,-11.595276716050067,6.739833651260879
27.638894081115723,-1.59117,0.809574,-0.529503,0.38913,0.295603,-0.980545,0.085127,0.481623,0.503572,0.466066,0.44753,0.563281,-0.514989,-0.0824084,0.342747,0.218587,0.670268,0.12674,0.667225,-0.299146,11.631663603899009,8.39043948010205,-51.01664019763591,15.625393201892086,-11.595276716050067,6.739833651260879
27.654942750930786,-3.29613,1.31911,0.119457,0.493843,0.464992,-0.845252,0.0852215,0.481545,0.503544,0.466211,0.447503,0.56296,-0.515232,-0.0827521,0.345279,0.219996,0.665649,0.123504,0.671375,-0.301518,11.591619090519847,7.548440316624873,-50.942560440859154,18.31241617312025,-9.01897294803071,7.022721115879145
27.655881643295288,-3.29613,1.31911,0.119457,0.493843,0.464992,-0.845252,0.0852215,0.481545,0.503544,0.466211,0.447503,0.56296,-0.515232,-0.0827521,0.345279,0.219996,0.665649,0.123504,0.671375,-0.301518,11.591619090519847,7.548440316624873,-50.942560440859154,18.31241617312025,-9.01897294803071,7.022721115879145
27.67139434814453,-6.46891,2.0291,-0.8182,0.625162,1.00054,-0.708592,0.0854884,0.481384,0.503498,0.466149,0.447028,0.563052,-0.5156,-0.0827991,0.348322,0.221173,0.664429,0.134366,0.672615,-0.296765,10.343716972127785,8.130115108010832,-50.64055348599295,17.111450549252474,-10.843435293791824,7.481791360830367
27.672322511672974,-6.46891,2.0291,-0.8182,0.625162,1.00054,-0.708592,0.0854884,0.481384,0.503498,0.466149,0.447028,0.563052,-0.5156,-0.0827991,0.348322,0.221173,0.664429,0.134366,0.672615,-0.296765,10.343716972127785,8.130115108010832,-50.64055348599295,17.111450549252474,-10.843435293791824,7.481791360830367
27.704750299453735,-0.988613,1.25589,-1.07072,0.510808,0.370098,-0.731487,0.0857168,0.481271,0.50358,0.467289,0.446664,0.559553,-0.518684,-0.083746,0.354585,0.224288,0.65841,0.140872,0.677478,-0.296098,8.881173341541553,7.772372914860169,-50.48328091009592,20.466292842964087,-9.275318236531206,9.038732524780851
27.705693244934082,-0.988613,1.25589,-1.07072,0.510808,0.370098,-0.731487,0.0857168,0.481271,0.50358,0.467289,0.446664,0.559553,-0.518684,-0.083746,0.354585,0.224288,0.65841,0.140872,0.677478,-0.296098,8.881173341541553,7.772372914860169,-50.48328091009592,20.466292842964087,-9.275318236531206,9.038732524780851
27.721409559249878,-4.75513,1.75556,-0.633619,0.51957,0.666807,-0.693468,0.0856489,0.481484,0.503579,0.466945,0.44787,0.562045,-0.515247,-0.0841443,0.358177,0.225874,0.65658,0.14663,0.680576,-0.290204,8.247272748258371,7.728492488704069,-50.33746981515889,20.20738453290137,-10.800909214516713,7.941495937440223
27.72234535217285,-4.75513,1.75556,-0.633619,0.51957,0.666807,-0.693468,0.0856489,0.481484,0.503579,0.466945,0.44787,0.562045,-0.515247,-0.0841443,0.358177,0.225874,0.65658,0.14663,0.680576,-0.290204,8.247272748258371,7.728492488704069,-50.33746981515889,20.20738453290137,-10.800909214516713,7.941495937440223
27.73797035217285,-4.64552,1.41639,0.187272,0.469866,0.536433,-0.709402,0.0856803,0.481501,0.503597,0.46748,0.448031,0.562313,-0.51433,-0.0842357,0.360046,0.226696,0.655163,0.149898,0.682049,-0.288271,7.777947676106004,7.667119583756003,-50.179360331918694,20.41595037839128,-11.341882418083829,8.078407651595345
27.73891520500183,-4.64552,1.41639,0.187272,0.469866,0.536433,-0.709402,0.0856803,0.481501,0.503597,0.46748,0.448031,0.562313,-0.51433,-0.0842357,0.360046,0.226696,0.655163,0.149898,0.682049,-0.288271,7.777947676106004,7.667119583756003,-50.179360331918694,20.41595037839128,-11.341882418083829,8.078407651595345
27.754831075668335,-1.97404,0.258278,-0.530095,0.456629,0.473267,-0.782093,0.0857643,0.481221,0.503558,0.467224,0.447144,0.559594,-0.518284,-0.0844924,0.363692,0.228414,0.651988,0.156627,0.683388,-0.288722,6.7411927800818985,7.892075232378325,-50.002288429723464,21.764699420239676,-10.2701040467468,9.299452508989466
27.755778074264526,-1.97404,0.258278,-0.530095,0.456629,0.473267,-0.782093,0.0857643,0.481221,0.503558,0.467224,0.447144,0.559594,-0.518284,-0.0844924,0.363692,0.228414,0.651988,0.156627,0.683388,-0.288722,6.7411927800818985,7.892075232378325,-50.002288429723464,21.764699420239676,-10.2701040467468,9.299452508989466
27.771670818328857,-4.05696,2.64968,-1.52492,0.739722,0.800107,-0.377411,0.0858471,0.481134,0.503454,0.466636,0.447315,0.560178,-0.518036,-0.0847394,0.369393,0.231404,0.648344,0.168427,0.687868,-0.279501,5.0185785402703855,8.276136315561821,-49.98574112437936,21.77989628865137,-10.77325688334416,9.543724383018596
27.77260732650757,-4.05696,2.64968,-1.52492,0.739722,0.800107,-0.377411,0.0858471,0.481134,0.503454,0.466636,0.447315,0.560178,-0.518036,-0.0847394,0.369393,0.231404,0.648344,0.168427,0.687868,-0.279501,5.0185785402703855,8.276136315561821,-49.98574112437936,21.77989628865137,-10.77325688334416,9.543724383018596
27.804805517196655,-4.27035,1.92442,-0.269116,0.538716,0.468976,-0.542323,0.0854501,0.481485,0.503996,0.465858,0.447063,0.560727,-0.518359,-0.085705,0.377599,0.235959,0.641528,0.181023,0.694062,-0.271938,3.094165809099728,8.364766136642698,-49.73211459740938,23.065038931020773,-10.364856686253397,10.4754312246315
27.80574607849121,-4.27035,1.92442,-0.269116,0.538716,0.468976,-0.542323,0.0854501,0.481485,0.503996,0.465858,0.447063,0.560727,-0.518359,-0.085705,0.377599,0.235959,0.641528,0.181023,0.694062,-0.271938,3.094165809099728,8.364766136642698,-49.73211459740938,23.065038931020773,-10.364856686253397,10.4754312246315
27.82128405570984,-1.50008,1.32969,-0.789364,0.503371,0.248037,-0.58389,0.0852855,0.481587,0.504019,0.466949,0.446552,0.560354,-0.518222,-0.0860169,0.38161,0.238218,0.640123,0.190892,0.69671,-0.26153,1.3941703957510287,8.90396678979229,-49.89043736744192,23.081250786981066,-11.279732720176067,11.579828804231008
27.82220983505249,-1.50008,1.32969,-0.789364,0.503371,0.248037,-0.58389,0.0852855,0.481587,0.504019,0.466949,0.446552,0.560354,-0.518222,-0.0860169,0.38161,0.238218,0.640123,0.190892,0.69671,-0.26153,1.3941703957510287,8.90396678979229,-49.89043736744192,23.081250786981066,-11.279732720176067,11.579828804231008
27.838118314743042,-5.67119,1.33204,-0.140318,0.491629,0.557989,-0.650941,0.0852425,0.481541,0.503981,0.467708,0.445829,0.560476,-0.518027,-0.0862409,0.383434,0.239342,0.638386,0.195568,0.696616,-0.262568,0.9667877432884192,8.984335497831202,-49.33102023553241,23.2015597648431,-12.779727495278493,11.539088940430158
27.839043140411377,-5.67119,1.33204,-0.140318,0.491629,0.557989,-0.650941,0.0852425,0.481541,0.503981,0.467708,0.445829,0.560476,-0.518027,-0.0862409,0.383434,0.239342,0.638386,0.195568,0.696616,-0.262568,0.9667877432884192,8.984335497831202,-49.33102023553241,23.2015597648431,-12.779727495278493,11.539088940430158
27.854830980300903,-4.71431,1.27703,-0.18811,0.496719,0.457085,-0.662659,0.085509,0.481327,0.503682,0.467609,0.446339,0.560913,-0.517204,-0.0868572,0.38842,0.242991,0.629248,0.203595,0.702421,-0.263062,-0.15755215197644173,8.266174053764054,-48.57107213806037,23.4831172357546,-13.121156812166992,12.27990127425765
27.85576629638672,-4.71431,1.27703,-0.18811,0.496719,0.457085,-0.662659,0.085509,0.481327,0.503682,0.467609,0.446339,0.560913,-0.517204,-0.0868572,0.38842,0.242991,0.629248,0.203595,0.702421,-0.263062,-0.15755215197644173,8.266174053764054,-48.57107213806037,23.4831172357546,-13.121156812166992,12.27990127425765
27.871520042419434,-3.57129,1.21684,-0.1907,0.498163,0.313453,-0.655106,0.0855659,0.481359,0.503599,0.466414,0.447501,0.561895,-0.516212,-0.087072,0.390076,0.244164,0.62652,0.205114,0.70469,-0.262321,-0.2887465961513833,7.979505560528645,-48.51309414060489,23.497538660429438,-12.865744684651547,11.729436608763677
27.87244701385498,-3.57129,1.21684,-0.1907,0.498163,0.313453,-0.655106,0.0855659,0.481359,0.503599,0.466414,0.447501,0.561895,-0.516212,-0.087072,0.390076,0.244164,0.62652,0.205114,0.70469,-0.262321,-0.2887465961513833,7.979505560528645,-48.51309414060489,23.497538660429438,-12.865744684651547,11.729436608763677
27.904916524887085,-3.682,1.93895,-0.483977,0.62792,0.42377,-0.446083,0.0853692,0.481563,0.504011,0.466054,0.447513,0.560849,-0.517663,-0.0880967,0.397015,0.249532,0.622581,0.218902,0.70983,-0.246202,-2.8453519282378514,8.649406796387051,-49.10222651507616,24.429093415820326,-12.773026894638498,12.992577115106052
27.905859231948853,-3.682,1.93895,-0.483977,0.62792,0.42377,-0.446083,0.0853692,0.481563,0.504011,0.466054,0.447513,0.560849,-0.517663,-0.0880967,0.397015,0.249532,0.622581,0.218902,0.70983,-0.246202,-2.8453519282378514,8.649406796387051,-49.10222651507616,24.429093415820326,-12.773026894638498,12.992577115106052
27.921391487121582,-2.21328,2.34954,-0.826326,0.638529,0.412477,-0.346926,0.0855005,0.481558,0.504217,0.464708,0.448948,0.561865,-0.516527,-0.0878781,0.400184,0.251664,0.619215,0.222669,0.711685,-0.245959,-3.088182746627079,8.422208935375618,-48.8356246381472,25.09478138267871,-12.740590340619566,12.005981134106602
27.92233180999756,-2.21328,2.34954,-0.826326,0.638529,0.412477,-0.346926,0.0855005,0.481558,0.504217,0.464708,0.448948,0.561865,-0.516527,-0.0878781,0.400184,0.251664,0.619215,0.222669,0.711685,-0.245959,-3.088182746627079,8.422208935375618,-48.8356246381472,25.09478138267871,-12.740590340619566,12.005981134106602
27.93861961364746,-5.39624,0.53999,-0.434926,0.349121,0.616704,-0.784772,0.0856595,0.481423,0.504269,0.465779,0.447889,0.561567,-0.516805,-0.0882165,0.402624,0.25422,0.615192,0.228997,0.71435,-0.242494,-4.2331211505547905,8.42797614013289,-48.56287455985237,25.01404715424534,-13.480830896521795,13.266503481231172
27.939566135406494,-5.39624,0.53999,-0.434926,0.349121,0.616704,-0.784772,0.0856595,0.481423,0.504269,0.465779,0.447889,0.561567,-0.516805,-0.0882165,0.402624,0.25422,0.615192,0.228997,0.71435,-0.242494,-4.2331211505547905,8.42797614013289,-48.56287455985237,25.01404715424534,-13.480830896521795,13.266503481231172
27.954832792282104,-4.50801,1.75087,-0.776015,0.566679,0.596431,-0.498843,0.0855677,0.481468,0.504278,0.465221,0.447989,0.561773,-0.516998,-0.0886621,0.405117,0.256238,0.611208,0.234111,0.716367,-0.241734,-4.8766731791983045,8.338418953831203,-48.251491561805466,24.85788468525146,-13.835425588633775,13.618021259992343
27.9557843208313,-4.50801,1.75087,-0.776015,0.566679,0.596431,-0.498843,0.0855677,0.481468,0.504278,0.465221,0.447989,0.561773,-0.516998,-0.0886621,0.405117,0.256238,0.611208,0.234111,0.716367,-0.241734,-4.8766731791983045,8.338418953831203,-48.251491561805466,24.85788468525146,-13.835425588633775,13.618021259992343
27.971434593200684,-3.40477,0.124493,-0.45018,0.399439,0.466032,-0.769234,0.0853162,0.481562,0.504121,0.466234,0.446867,0.561476,-0.517378,-0.0891747,0.407168,0.258087,0.608455,0.237178,0.718794,-0.238461,-5.702387216584794,8.290186261852554,-48.22712609798977,25.512529223541,-13.672375493128273,14.648677096709495
27.972368717193604,-3.40477,0.124493,-0.45018,0.399439,0.466032,-0.769234,0.0853162,0.481562,0.504121,0.466234,0.446867,0.561476,-0.517378,-0.0891747,0.407168,0.258087,0.608455,0.237178,0.718794,-0.238461,-5.702387216584794,8.290186261852554,-48.22712609798977,25.512529223541,-13.672375493128273,14.648677096709495
28.004889726638794,-0.647297,-0.185943,-2.45614,0.453865,0.592563,-0.590767,0.085395,0.481481,0.50394,0.465931,0.446313,0.560635,-0.519038,-0.0890676,0.411774,0.262279,0.601226,0.244996,0.722152,-0.238747,-6.8640171970103685,8.061676658694404,-47.70240439221169,26.376513239252855,-13.289440905693318,15.182988865331033
28.005831241607666,-0.647297,-0.185943,-2.45614,0.453865,0.592563,-0.590767,0.085395,0.481481,0.50394,0.465931,0.446313,0.560635,-0.519038,-0.0890676,0.411774,0.262279,0.601226,0.244996,0.722152,-0.238747,-6.8640171970103685,8.061676658694404,-47.70240439221169,26.376513239252855,-13.289440905693318,15.182988865331033
28.021893978118896,-7.69093,1.71671,-0.699535,0.356089,0.993309,-0.462672,0.0859426,0.481252,0.503884,0.466293,0.449396,0.560517,-0.516173,-0.0878451,0.415179,0.264685,0.595588,0.252156,0.723974,-0.239903,-7.408945984365339,7.4859616901501305,-46.976397226049,26.11055493046373,-14.588533856918978,14.666306185161496
28.022825717926025,-7.69093,1.71671,-0.699535,0.356089,0.993309,-0.462672,0.0859426,0.481252,0.503884,0.466293,0.449396,0.560517,-0.516173,-0.0878451,0.415179,0.264685,0.595588,0.252156,0.723974,-0.239903,-7.408945984365339,7.4859616901501305,-46.976397226049,26.11055493046373,-14.588533856918978,14.666306185161496
28.03870677947998,-3.12271,-4.08495,-2.07652,-0.23709,0.64449,-1.55946,0.0860629,0.481118,0.503933,0.46675,0.447715,0.560439,-0.517305,-0.0881718,0.417666,0.267242,0.592935,0.256141,0.727205,-0.232364,-8.612349377011085,7.681861609221541,-47.30405434941272,27.09843912956007,-13.708276311655434,16.30742172481522
28.039642095565796,-3.12271,-4.08495,-2.07652,-0.23709,0.64449,-1.55946,0.0860629,0.481118,0.503933,0.46675,0.447715,0.560439,-0.517305,-0.0881718,0.417666,0.267242,0.592935,0.256141,0.727205,-0.232364,-8.612349377011085,7.681861609221541,-47.30405434941272,27.09843912956007,-13.708276311655434,16.30742172481522
28.055257320404053,-2.6031,2.05787,-1.22755,0.604646,0.401207,-0.210289,0.085657,0.481513,0.503945,0.465788,0.448673,0.562108,-0.515528,-0.0888123,0.419911,0.269562,0.589154,0.257646,0.728991,-0.23471,-8.522451634544591,7.278324578460886,-46.85405310855273,27.662000866510354,-14.543498077767053,14.624035622361568
28.05619192123413,-2.6031,2.05787,-1.22755,0.604646,0.401207,-0.210289,0.085657,0.481513,0.503945,0.465788,0.448673,0.562108,-0.515528,-0.0888123,0.419911,0.269562,0.589154,0.257646,0.728991,-0.23471,-8.522451634544591,7.278324578460886,-46.85405310855273,27.662000866510354,-14.543498077767053,14.624035622361568
28.07133650779724,-2.7707,0.514797,-1.34894,0.442846,0.584629,-0.563134,0.0854079,0.481575,0.5041,0.466567,0.447616,0.55995,-0.518084,-0.0889023,0.422203,0.271959,0.584664,0.26117,0.731779,-0.233363,-9.543067280000674,7.071910693579368,-46.88643057907412,28.18144751402154,-12.964944965256063,16.825926751861584
28.072264432907104,-2.7707,0.514797,-1.34894,0.442846,0.584629,-0.563134,0.0854079,0.481575,0.5041,0.466567,0.447616,0.55995,-0.518084,-0.0889023,0.422203,0.271959,0.584664,0.26117,0.731779,-0.233363,-9.543067280000674,7.071910693579368,-46.88643057907412,28.18144751402154,-12.964944965256063,16.825926751861584
28.104934692382812,-5.28047,5.03774,-1.14214,0.919297,0.904161,0.400402,0.0857008,0.481399,0.504338,0.466027,0.448416,0.560392,-0.517399,-0.087974,0.425963,0.275438,0.578901,0.268324,0.732549,-0.237165,-10.000037313659433,6.861421749886366,-45.945077550122974,28.71374256318836,-14.190164416927647,15.806762355361588
28.10587739944458,-5.28047,5.03774,-1.14214,0.919297,0.904161,0.400402,0.0857008,0.481399,0.504338,0.466027,0.448416,0.560392,-0.517399,-0.087974,0.425963,0.275438,0.578901,0.268324,0.732549,-0.237165,-10.000037313659433,6.861421749886366,-45.945077550122974,28.71374256318836,-14.190164416927647,15.806762355361588
28.12243914604187,-3.05926,-2.69163,-1.85133,0.0516235,0.673365,-1.13884,0.086416,0.481147,0.504222,0.464784,0.450177,0.561416,-0.515877,-0.0864573,0.430388,0.27977,0.570738,0.276419,0.735954,-0.237114,-10.821242590352666,6.421328603608404,-45.276192055110656,28.98161355112145,-14.431905832990392,15.018047505220085
28.123387575149536,-3.05926,-2.69163,-1.85133,0.0516235,0.673365,-1.13884,0.086416,0.481147,0.504222,0.464784,0.450177,0.561416,-0.515877,-0.0864573,0.430388,0.27977,0.570738,0.276419,0.735954,-0.237114,-10.821242590352666,6.421328603608404,-45.276192055110656,28.98161355112145,-14.431905832990392,15.018047505220085
28.138447523117065,-3.77632,2.03191,-1.56841,0.699497,0.623309,-0.141191,0.0861708,0.481146,0.504148,0.465732,0.447496,0.561073,-0.517724,-0.086796,0.432625,0.282084,0.565961,0.282561,0.737368,-0.23693,-11.880609391165775,6.600736340766344,-44.72958709115557,28.820835049394514,-14.998088075684686,16.93113133991054
28.139395236968994,-3.77632,2.03191,-1.56841,0.699497,0.623309,-0.141191,0.0861708,0.481146,0.504148,0.465732,0.447496,0.561073,-0.517724,-0.086796,0.432625,0.282084,0.565961,0.282561,0.737368,-0.23693,-11.880609391165775,6.600736340766344,-44.72958709115557,28.820835049394514,-14.998088075684686,16.93113133991054
28.154698133468628,-2.42238,2.92282,-1.6602,0.85116,0.499703,0.0876875,0.0857592,0.481539,0.504024,0.465018,0.450061,0.561913,-0.515225,-0.0871416,0.434779,0.284517,0.562116,0.285291,0.739999,-0.234595,-12.178892950724986,6.13637781762676,-44.67674768124902,28.82570230215157,-15.41772557097554,15.740325840018347
28.155667066574097,-2.42238,2.92282,-1.6602,0.85116,0.499703,0.0876875,0.0857592,0.481539,0.504024,0.465018,0.450061,0.561913,-0.515225,-0.0871416,0.434779,0.284517,0.562116,0.285291,0.739999,-0.234595,-12.178892950724986,6.13637781762676,-44.67674768124902,28.82570230215157,-15.41772557097554,15.740325840018347
28.17149806022644,-3.87836,2.02672,-2.76815,0.671185,0.952808,-0.0675063,0.0857621,0.481541,0.504225,0.465157,0.449742,0.56223,-0.515033,-0.086277,0.437433,0.287098,0.555982,0.291639,0.741633,-0.236245,-12.909002896188685,5.969291877228826,-43.9341790815746,28.30586298898108,-15.798144621666964,16.514142787322097
28.172458171844482,-3.87836,2.02672,-2.76815,0.671185,0.952808,-0.0675063,0.0857621,0.481541,0.504225,0.465157,0.449742,0.56223,-0.515033,-0.086277,0.437433,0.287098,0.555982,0.291639,0.741633,-0.236245,-12.909002896188685,5.969291877228826,-43.9341790815746,28.30586298898108,-15.798144621666964,16.514142787322097
28.205183744430542,-5.90414,-0.269542,-1.80273,0.292535,0.805447,-0.627093,0.0865793,0.481032,0.504704,0.464631,0.449689,0.559909,-0.518073,-0.0844894,0.442622,0.292971,0.545855,0.301565,0.745746,-0.234443,-14.64686512954145,5.658589511459994,-43.63719663557738,29.196258647715318,-14.035494209772887,18.839094638269028
28.206133127212524,-5.90414,-0.269542,-1.80273,0.292535,0.805447,-0.627093,0.0865793,0.481032,0.504704,0.464631,0.449689,0.559909,-0.518073,-0.0844894,0.442622,0.292971,0.545855,0.301565,0.745746,-0.234443,-14.64686512954145,5.658589511459994,-43.63719663557738,29.196258647715318,-14.035494209772887,18.839094638269028
28.221843719482422,-4.35404,2.99781,-2.27893,0.838568,0.850323,0.177423,0.0863138,0.481167,0.504703,0.466622,0.447985,0.559841,-0.517833,-0.0842317,0.44501,0.295317,0.540235,0.306447,0.748125,-0.233551,-15.664205338129811,5.4930415505377805,-43.1026147191297,29.103738360586842,-14.36282781940484,20.9609430830488
28.222809076309204,-4.35404,2.99781,-2.27893,0.838568,0.850323,0.177423,0.0863138,0.481167,0.504703,0.466622,0.447985,0.559841,-0.517833,-0.0842317,0.44501,0.295317,0.540235,0.306447,0.748125,-0.233551,-15.664205338129811,5.4930415505377805,-43.1026147191297,29.103738360586842,-14.36282781940484,20.9609430830488
28.23878765106201,-0.725791,3.43583,-2.702,0.840062,0.510793,0.35541,0.0859974,0.481398,0.504493,0.466785,0.447347,0.561215,-0.51675,-0.0828698,0.447993,0.297938,0.53537,0.311802,0.747885,-0.238383,-15.914139448897307,5.479054671227835,-41.989709292923855,29.650870442189216,-15.5002178288648,19.592656650752613
28.23974871635437,-0.725791,3.43583,-2.702,0.840062,0.510793,0.35541,0.0859974,0.481398,0.504493,0.466785,0.447347,0.561215,-0.51675,-0.0828698,0.447993,0.297938,0.53537,0.311802,0.747885,-0.238383,-15.914139448897307,5.479054671227835,-41.989709292923855,29.650870442189216,-15.5002178288648,19.592656650752613
28.254571437835693,-1.79345,0.582508,-1.5422,0.435543,0.39665,-0.197106,0.0862388,0.48127,0.504575,0.466289,0.447753,0.559566,-0.518631,-0.0822845,0.450313,0.300531,0.529901,0.316483,0.751431,-0.233228,-17.11170575776016,5.244789773630335,-42.35239671815395,29.41729340842955,-13.427616904433016,22.05313685760094
28.255500316619873,-1.79345,0.582508,-1.5422,0.435543,0.39665,-0.197106,0.0862388,0.48127,0.504575,0.466289,0.447753,0.559566,-0.518631,-0.0822845,0.450313,0.300531,0.529901,0.316483,0.751431,-0.233228,-17.11170575776016,5.244789773630335,-42.35239671815395,29.41729340842955,-13.427616904433016,22.05313685760094
28.272079944610596,-5.06884,3.16592,-1.51121,0.719477,0.83766,0.280533,0.0866359,0.481054,0.504152,0.465492,0.44949,0.561052,-0.516234,-0.0807797,0.453121,0.303527,0.522744,0.323252,0.752391,-0.236971,-17.445966523633736,4.92315721019926,-41.29325013838968,29.246041388633465,-15.261669873643731,20.54964253986433
28.273021936416626,-5.06884,3.16592,-1.51121,0.719477,0.83766,0.280533,0.0866359,0.481054,0.504152,0.465492,0.44949,0.561052,-0.516234,-0.0807797,0.453121,0.303527,0.522744,0.323252,0.752391,-0.236971,-17.445966523633736,4.92315721019926,-41.29325013838968,29.246041388633465,-15.261669873643731,20.54964253986433
28.288686990737915,-2.15034,0.578884,-1.9408,0.368619,0.48004,-0.169267,0.0869416,0.480928,0.503989,0.464884,0.450643,0.561276,-0.515532,-0.0791107,0.456204,0.306636,0.515585,0.328921,0.753543,-0.241157,-17.873647959612473,4.548905890500419,-40.44326024563135,29.647244508794575,-15.794671721943235,19.935416298007073
28.289618492126465,-2.15034,0.578884,-1.9408,0.368619,0.48004,-0.169267,0.0869416,0.480928,0.503989,0.464884,0.450643,0.561276,-0.515532,-0.0791107,0.456204,0.306636,0.515585,0.328921,0.753543,-0.241157,-17.873647959612473,4.548905890500419,-40.44326024563135,29.647244508794575,-15.794671721943235,19.935416298007073
28.32178235054016,-2.49542,1.10671,-1.98561,0.472746,0.549416,0.000581589,0.0867878,0.480993,0.504039,0.465322,0.45011,0.560447,-0.516504,-0.0772195,0.461414,0.312419,0.501694,0.34239,0.756158,-0.243512,-19.69506786796066,4.300470128378233,-39.09571242903182,28.58776126676497,-16.67933764400811,22.266364974120435
28.322710275650024,-2.49542,1.10671,-1.98561,0.472746,0.549416,0.000581589,0.0867878,0.480993,0.504039,0.465322,0.45011,0.560447,-0.516504,-0.0772195,0.461414,0.312419,0.501694,0.34239,0.756158,-0.243512,-19.69506786796066,4.300470128378233,-39.09571242903182,28.58776126676497,-16.67933764400811,22.266364974120435
28.3386709690094,-1.2386,1.14955,-2.2048,0.489328,0.484573,0.0356234,0.0867351,0.481205,0.504173,0.464554,0.451726,0.56194,-0.514157,-0.0766075,0.463991,0.315121,0.492227,0.350081,0.758252,-0.245376,-20.409136590599363,3.926308383689519,-38.09539520096708,26.775632515672783,-18.576757178642275,22.959144241259715
28.339612245559692,-1.2386,1.14955,-2.2048,0.489328,0.484573,0.0356234,0.0867351,0.481205,0.504173,0.464554,0.451726,0.56194,-0.514157,-0.0766075,0.463991,0.315121,0.492227,0.350081,0.758252,-0.245376,-20.409136590599363,3.926308383689519,-38.09539520096708,26.775632515672783,-18.576757178642275,22.959144241259715
28.35546088218689,-3.96222,0.404753,-1.6386,0.357001,0.633361,-0.19212,0.0866166,0.481124,0.504201,0.464115,0.450406,0.561124,-0.516596,-0.0754985,0.466063,0.318095,0.49017,0.348093,0.760229,-0.246206,-20.58939534105415,3.667485091905611,-38.40797503774457,29.754441830198992,-15.535099318893087,22.414769496544857
28.356390237808228,-3.96222,0.404753,-1.6386,0.357001,0.633361,-0.19212,0.0866166,0.481124,0.504201,0.464115,0.450406,0.561124,-0.516596,-0.0754985,0.466063,0.318095,0.49017,0.348093,0.760229,-0.246206,-20.58939534105415,3.667485091905611,-38.40797503774457,29.754441830198992,-15.535099318893087,22.414769496544857
28.37202286720276,-1.54629,1.03261,-2.63261,0.533022,0.522633,0.0172914,0.0864818,0.481011,0.504138,0.465814,0.448034,0.560027,-0.518317,-0.0751882,0.467867,0.320601,0.48395,0.354125,0.761593,-0.245691,-21.83379027357279,3.7289706558144404,-37.88910679887137,29.064374730181214,-16.050303576350906,25.25859992176275
28.372958183288574,-1.54629,1.03261,-2.63261,0.533022,0.522633,0.0172914,0.0864818,0.481011,0.504138,0.465814,0.448034,0.560027,-0.518317,-0.0751882,0.467867,0.320601,0.48395,0.354125,0.761593,-0.245691,-21.83379027357279,3.7289706558144404,-37.88910679887137,29.064374730181214,-16.050303576350906,25.25859992176275
28.405152559280396,-2.80888,1.28762,-3.21905,0.569209,0.711483,0.046962,0.0865717,0.481032,0.504274,0.464719,0.448975,0.560062,-0.518448,-0.0730473,0.471229,0.324046,0.476701,0.364017,0.761674,-0.245155,-22.850224886639392,3.897492771334651,-37.112130851516795,28.29553792324827,-16.479672177863907,25.66906120920679
28.40608525276184,-2.80888,1.28762,-3.21905,0.569209,0.711483,0.046962,0.0865717,0.481032,0.504274,0.464719,0.448975,0.560062,-0.518448,-0.0730473,0.471229,0.324046,0.476701,0.364017,0.761674,-0.245155,-22.850224886639392,3.897492771334651,-37.112130851516795,28.29553792324827,-16.479672177863907,25.66906120920679
28.421375036239624,-2.01076,1.21246,-4.01309,0.596982,0.835018,0.0740691,0.0867882,0.481089,0.504605,0.464055,0.451885,0.560825,-0.515683,-0.0712868,0.472617,0.324989,0.474539,0.36611,0.761473,-0.24685,-22.65043380564696,3.6231775192108917,-36.6944912041332,28.51849546813907,-16.75120832709567,24.160302154084043
28.422303915023804,-2.01076,1.21246,-4.01309,0.596982,0.835018,0.0740691,0.0867882,0.481089,0.504605,0.464055,0.451885,0.560825,-0.515683,-0.0712868,0.472617,0.324989,0.474539,0.36611,0.761473,-0.24685,-22.65043380564696,3.6231775192108917,-36.6944912041332,28.51849546813907,-16.75120832709567,24.160302154084043
28.43835973739624,-2.21855,1.41309,-3.88822,0.622139,0.840578,0.118336,0.0868266,0.481093,0.504639,0.46488,0.451222,0.560985,-0.515345,-0.0693085,0.474068,0.325242,0.47287,0.369302,0.759765,-0.250534,-22.754319811204912,3.8045375678490663,-35.91484984266429,28.76770806119085,-17.026254787075775,24.16235725564786
28.439300775527954,-2.21855,1.41309,-3.88822,0.622139,0.840578,0.118336,0.0868266,0.481093,0.504639,0.46488,0.451222,0.560985,-0.515345,-0.0693085,0.474068,0.325242,0.47287,0.369302,0.759765,-0.250534,-22.754319811204912,3.8045375678490663,-35.91484984266429,28.76770806119085,-17.026254787075775,24.16235725564786
28.455365419387817,-2.07542,1.55818,-3.27297,0.593458,0.723629,0.166768,0.0867776,0.481067,0.504511,0.465558,0.450309,0.560377,-0.516193,-0.0667292,0.475947,0.324859,0.470253,0.376122,0.756262,-0.255855,-23.08644287060002,4.266573331912548,-34.73692809157786,28.08999906719495,-17.7205044798879,24.925646805641772
28.45629620552063,-2.07542,1.55818,-3.27297,0.593458,0.723629,0.166768,0.0867776,0.481067,0.504511,0.465558,0.450309,0.560377,-0.516193,-0.0667292,0.475947,0.324859,0.470253,0.376122,0.756262,-0.255855,-23.08644287060002,4.266573331912548,-34.73692809157786,28.08999906719495,-17.7205044798879,24.925646805641772
28.47205948829651,-2.25318,1.13415,-2.36193,0.475,0.549478,0.104027,0.0868304,0.481069,0.504211,0.465195,0.450522,0.561137,-0.515509,-0.063546,0.477879,0.323923,0.468902,0.382954,0.750262,-0.265675,-22.687779467030104,4.846125825462749,-33.03068364328402,28.116541041485284,-19.891955959570378,23.013419551338895
28.47298812866211,-2.25318,1.13415,-2.36193,0.475,0.549478,0.104027,0.0868304,0.481069,0.504211,0.465195,0.450522,0.561137,-0.515509,-0.063546,0.477879,0.323923,0.468902,0.382954,0.750262,-0.265675,-22.687779467030104,4.846125825462749,-33.03068364328402,28.116541041485284,-19.891955959570378,23.013419551338895
28.504823446273804,-0.868645,0.925794,-2.99859,0.432297,0.568409,0.141162,0.0871325,0.4808,0.504251,0.46647,0.449484,0.559181,-0.517385,-0.057349,0.480415,0.321076,0.467129,0.388048,0.745027,-0.275941,-22.639010557008817,5.169351119622349,-31.66557348076751,28.2175355550664,-17.151133124670658,24.80928065194755
28.505760431289673,-0.868645,0.925794,-2.99859,0.432297,0.568409,0.141162,0.0871325,0.4808,0.504251,0.46647,0.449484,0.559181,-0.517385,-0.057349,0.480415,0.321076,0.467129,0.388048,0.745027,-0.275941,-22.639010557008817,5.169351119622349,-31.66557348076751,28.2175355550664,-17.151133124670658,24.80928065194755
28.521369695663452,-2.17024,0.628243,-3.10751,0.381722,0.762441,0.0629585,0.08727,0.480791,0.504461,0.46475,0.449448,0.559789,-0.518305,-0.0535922,0.481805,0.318682,0.467812,0.391353,0.73941,-0.285074,-21.913945325701874,5.6950433912592064,-30.564434003047214,28.436887035752655,-16.306532394737772,23.59752563832511
28.522324800491333,-2.17024,0.628243,-3.10751,0.381722,0.762441,0.0629585,0.08727,0.480791,0.504461,0.46475,0.449448,0.559789,-0.518305,-0.0535922,0.481805,0.318682,0.467812,0.391353,0.73941,-0.285074,-21.913945325701874,5.6950433912592064,-30.564434003047214,28.436887035752655,-16.306532394737772,23.59752563832511
28.538141012191772,-1.62932,0.596005,-3.06855,0.364396,0.703879,0.0755121,0.0872884,0.480807,0.504409,0.465162,0.448924,0.558887,-0.519362,-0.0496783,0.483002,0.315802,0.468415,0.395437,0.733539,-0.293493,-21.54633732544492,6.183283801885778,-29.411376187440677,28.284454218720114,-15.670831882480554,23.825624883010764
28.539106130599976,-1.62932,0.596005,-3.06855,0.364396,0.703879,0.0755121,0.0872884,0.480807,0.504409,0.465162,0.448924,0.558887,-0.519362,-0.0496783,0.483002,0.315802,0.468415,0.395437,0.733539,-0.293493,-21.54633732544492,6.183283801885778,-29.411376187440677,28.284454218720114,-15.670831882480554,23.825624883010764
28.55486822128296,-1.36691,0.730881,-2.05579,0.331612,0.524811,0.118233,0.0872764,0.480788,0.504251,0.466287,0.447649,0.559224,-0.519091,-0.04531,0.484274,0.312306,0.470315,0.399428,0.725795,-0.304111,-20.83225592400027,6.8711803367953435,-27.802112042280594,28.909659214346753,-16.171909145934368,23.14002384621715
28.555810689926147,-1.36691,0.730881,-2.05579,0.331612,0.524811,0.118233,0.0872764,0.480788,0.504251,0.466287,0.447649,0.559224,-0.519091,-0.04531,0.484274,0.312306,0.470315,0.399428,0.725795,-0.304111,-20.83225592400027,6.8711803367953435,-27.802112042280594,28.909659214346753,-16.171909145934368,23.14002384621715
28.572066068649292,-2.35424,0.262527,-0.828496,0.185859,0.440447,0.000639039,0.087347,0.480786,0.504072,0.465871,0.448821,0.560119,-0.517486,-0.0409522,0.485649,0.308799,0.463601,0.404111,0.719124,-0.323462,-19.864896705537834,6.600551845523904,-25.400146753872786,28.005142599134377,-18.103407520503083,22.50882382288082
28.57299780845642,-2.35424,0.262527,-0.828496,0.185859,0.440447,0.000639039,0.087347,0.480786,0.504072,0.465871,0.448821,0.560119,-0.517486,-0.0409522,0.485649,0.308799,0.463601,0.404111,0.719124,-0.323462,-19.864896705537834,6.600551845523904,-25.400146753872786,28.005142599134377,-18.103407520503083,22.50882382288082
28.605451345443726,-2.24848,-0.106299,-1.59199,0.151544,0.616753,-0.0491762,0.0873514,0.480667,0.503916,0.467328,0.446865,0.559949,-0.518048,-0.0313786,0.486978,0.300541,0.462652,0.411777,0.702433,-0.350687,-18.25601922860013,7.398606193293662,-21.83771225393517,28.070516632913584,-18.60856549787958,22.21199924872044
28.606423377990723,-2.24848,-0.106299,-1.59199,0.151544,0.616753,-0.0491762,0.0873514,0.480667,0.503916,0.467328,0.446865,0.559949,-0.518048,-0.0313786,0.486978,0.300541,0.462652,0.411777,0.702433,-0.350687,-18.25601922860013,7.398606193293662,-21.83771225393517,28.070516632913584,-18.60856549787958,22.21199924872044
28.621367931365967,-2.29407,0.0563719,-1.93011,0.184135,0.723784,-0.00529165,0.0873647,0.480724,0.503948,0.466376,0.447595,0.560088,-0.518124,-0.0271579,0.487027,0.29592,0.462601,0.414879,0.693931,-0.363779,-17.160694498042528,7.670818594559654,-20.336499761601623,27.608002060147893,-18.79157120221519,21.420815324330505
28.622304916381836,-2.29407,0.0563719,-1.93011,0.184135,0.723784,-0.00529165,0.0873647,0.480724,0.503948,0.466376,0.447595,0.560088,-0.518124,-0.0271579,0.487027,0.29592,0.462601,0.414879,0.693931,-0.363779,-17.160694498042528,7.670818594559654,-20.336499761601623,27.608002060147893,-18.79157120221519,21.420815324330505
28.63905382156372,-1.80899,0.121897,-2.00124,0.191886,0.697368,0.028304,0.0873851,0.480649,0.50395,0.467884,0.446733,0.559764,-0.517861,-0.0230126,0.48657,0.291053,0.464646,0.415528,0.685177,-0.376792,-16.04051512496958,7.876595641335561,-18.878288538734083,28.29354169907294,-19.00710571096797,21.040140142900825
28.6400043964386,-1.80899,0.121897,-2.00124,0.191886,0.697368,0.028304,0.0873851,0.480649,0.50395,0.467884,0.446733,0.559764,-0.517861,-0.0230126,0.48657,0.291053,0.464646,0.415528,0.685177,-0.376792,-16.04051512496958,7.876595641335561,-18.878288538734083,28.29354169907294,-19.00710571096797,21.040140142900825
28.655820608139038,-1.94488,-0.0503366,-2.31117,0.174524,0.811497,0.00346595,0.0873503,0.480656,0.503926,0.467283,0.446929,0.559939,-0.518044,-0.0185898,0.485847,0.285842,0.465546,0.41474,0.676391,-0.392113,-14.560435307022676,7.826340185268635,-17.503133010023806,28.739885263636175,-18.086025386945778,19.721266624578835
28.656757831573486,-1.94488,-0.0503366,-2.31117,0.174524,0.811497,0.00346595,0.0873503,0.480656,0.503926,0.467283,0.446929,0.559939,-0.518044,-0.0185898,0.485847,0.285842,0.465546,0.41474,0.676391,-0.392113,-14.560435307022676,7.826340185268635,-17.503133010023806,28.739885263636175,-18.086025386945778,19.721266624578835
28.671409368515015,-1.859,-0.0602672,-2.65427,0.175637,0.905558,0.00752722,0.0873001,0.480666,0.503918,0.467024,0.447032,0.559977,-0.518146,-0.0139657,0.484953,0.280488,0.459541,0.414113,0.664675,-0.418975,-12.793085434590353,7.059990511993236,-14.870054950428125,29.39637500207936,-19.460584402896693,18.124872919951066
28.672358512878418,-1.859,-0.0602672,-2.65427,0.175637,0.905558,0.00752722,0.0873001,0.480666,0.503918,0.467024,0.447032,0.559977,-0.518146,-0.0139657,0.484953,0.280488,0.459541,0.414113,0.664675,-0.418975,-12.793085434590353,7.059990511993236,-14.870054950428125,29.39637500207936,-19.460584402896693,18.124872919951066
28.705427408218384,-1.74142,-0.359822,-2.13687,0.123639,0.817361,-0.0380729,0.0869294,0.480723,0.503906,0.466612,0.447646,0.559602,-0.518394,-0.00295039,0.482713,0.268667,0.470156,0.421463,0.641452,-0.435731,-10.301031658314644,8.678694093089755,-12.584808896449033,29.056250908163886,-17.656166714185805,16.60695046676195
28.70639443397522,-1.74142,-0.359822,-2.13687,0.123639,0.817361,-0.0380729,0.0869294,0.480723,0.503906,0.466612,0.447646,0.559602,-0.518394,-0.00295039,0.482713,0.268667,0.470156,0.421463,0.641452,-0.435731,-10.301031658314644,8.678694093089755,-12.584808896449033,29.056250908163886,-17.656166714185805,16.60695046676195
28.721935033798218,-1.74452,-0.448463,-1.03121,0.0727219,0.608778,-0.0385205,0.0867257,0.480965,0.503617,0.464943,0.449526,0.559972,-0.517867,0.00228927,0.481151,0.262681,0.471494,0.420948,0.630504,-0.450511,-8.515950324458728,8.537751966887395,-11.25933167879245,28.92434564308193,-16.254169121627303,14.379703812916688
28.722873210906982,-1.74452,-0.448463,-1.03121,0.0727219,0.608778,-0.0385205,0.0867257,0.480965,0.503617,0.464943,0.449526,0.559972,-0.517867,0.00228927,0.481151,0.262681,0.471494,0.420948,0.630504,-0.450511,-8.515950324458728,8.537751966887395,-11.25933167879245,28.92434564308193,-16.254169121627303,14.379703812916688
28.738624095916748,-1.70877,-0.603438,-0.739153,0.0519566,0.564747,-0.0654331,0.0865994,0.480838,0.503346,0.466223,0.448537,0.558924,-0.518704,0.00874999,0.479353,0.256328,0.466267,0.421441,0.615665,-0.47533,-6.992109591850485,7.906138229743413,-8.536787403865372,30.072467314405856,-16.21663448337855,13.961020217995612
28.73957586288452,-1.70877,-0.603438,-0.739153,0.0519566,0.564747,-0.0654331,0.0865994,0.480838,0.503346,0.466223,0.448537,0.558924,-0.518704,0.00874999,0.479353,0.256328,0.466267,0.421441,0.615665,-0.47533,-6.992109591850485,7.906138229743413,-8.536787403865372,30.072467314405856,-16.21663448337855,13.961020217995612
28.75531268119812,-1.8046,-0.402647,-0.234231,0.0552099,0.504734,-0.0422715,0.0865791,0.480675,0.503033,0.46776,0.445717,0.558512,-0.520194,0.0176605,0.477709,0.249198,0.45933,0.426322,0.597748,-0.499964,-5.774184541440363,7.78679338529108,-5.201332295743418,31.058713219507776,-15.796705130025526,14.85508920179915
28.756253719329834,-1.8046,-0.402647,-0.234231,0.0552099,0.504734,-0.0422715,0.0865791,0.480675,0.503033,0.46776,0.445717,0.558512,-0.520194,0.0176605,0.477709,0.249198,0.45933,0.426322,0.597748,-0.499964,-5.774184541440363,7.78679338529108,-5.201332295743418,31.058713219507776,-15.796705130025526,14.85508920179915
28.771527767181396,-2.32569,-0.412683,0.0870403,0.0196148,0.531354,-0.101102,0.0865429,0.480769,0.502704,0.464974,0.449772,0.560424,-0.517136,0.0284012,0.47531,0.241229,0.450845,0.430685,0.574907,-0.52984,-3.1271157806880825,6.927769314749155,-1.363431568522706,31.14990530101085,-16.036483821030178,10.364938059004295
28.772464752197266,-2.32569,-0.412683,0.0870403,0.0196148,0.531354,-0.101102,0.0865429,0.480769,0.502704,0.464974,0.449772,0.560424,-0.517136,0.0284012,0.47531,0.241229,0.450845,0.430685,0.574907,-0.52984,-3.1271157806880825,6.927769314749155,-1.363431568522706,31.14990530101085,-16.036483821030178,10.364938059004295
28.80519938468933,-3.91559,-0.165557,0.177311,-0.0407255,0.637152,-0.120113,0.0862981,0.480903,0.502603,0.466291,0.449603,0.560778,-0.515711,0.0510207,0.467336,0.225509,-0.427486,-0.435921,-0.52778,0.590489,0.4608012098292901,4.631743768173951,6.985765735466295,32.17485701443164,-13.151684612347305,7.559250540924932
28.806175708770752,-3.91559,-0.165557,0.177311,-0.0407255,0.637152,-0.120113,0.0862981,0.480903,0.502603,0.466291,0.449603,0.560778,-0.515711,0.0510207,0.467336,0.225509,-0.427486,-0.435921,-0.52778,0.590489,0.4608012098292901,4.631743768173951,6.985765735466295,32.17485701443164,-13.151684612347305,7.559250540924932
28.82184600830078,0.430045,-1.37981,-1.83142,-0.205138,0.588696,-0.230303,0.0863327,0.480904,0.502614,0.466062,0.449899,0.560072,-0.516426,0.0559766,0.464798,0.22191,-0.420645,-0.438987,-0.517477,0.602134,0.893626674520016,4.264262763710094,8.758682494169019,31.340778419134264,-12.433083630990549,8.340849202913205
28.82277798652649,0.430045,-1.37981,-1.83142,-0.205138,0.588696,-0.230303,0.0863327,0.480904,0.502614,0.466062,0.449899,0.560072,-0.516426,0.0559766,0.464798,0.22191,-0.420645,-0.438987,-0.517477,0.602134,0.893626674520016,4.264262763710094,8.758682494169019,31.340778419134264,-12.433083630990549,8.340849202913205
28.838647603988647,-2.56552,-2.74858,-1.2719,-0.329008,0.819077,-0.560355,0.0867488,0.480641,0.503041,0.466338,0.446986,0.558262,-0.520649,0.0633025,0.459274,0.215026,-0.416925,-0.43988,-0.498574,0.61976,2.0236427931816454,4.143824042767047,11.038700720277369,32.0802613196635,-9.733523563527578,10.06447710414146
28.839579105377197,-2.56552,-2.74858,-1.2719,-0.329008,0.819077,-0.560355,0.0867488,0.480641,0.503041,0.466338,0.446986,0.558262,-0.520649,0.0633025,0.459274,0.215026,-0.416925,-0.43988,-0.498574,0.61976,2.0236427931816454,4.143824042767047,11.038700720277369,32.0802613196635,-9.733523563527578,10.06447710414146
28.854677200317383,-2.02882,-1.60263,0.0171883,-0.244281,0.537528,-0.273206,0.0871682,0.480675,0.503163,0.464718,0.451279,0.560816,-0.515625,0.069906,0.45189,0.206508,-0.413954,-0.443143,-0.477095,0.636119,4.352010078412021,3.5104718080768844,13.91868064211124,29.531568648706873,-12.495180419991549,8.967420040103615
28.855627298355103,-2.02882,-1.60263,0.0171883,-0.244281,0.537528,-0.273206,0.0871682,0.480675,0.503163,0.464718,0.451279,0.560816,-0.515625,0.069906,0.45189,0.206508,-0.413954,-0.443143,-0.477095,0.636119,4.352010078412021,3.5104718080768844,13.91868064211124,29.531568648706873,-12.495180419991549,8.967420040103615
28.872473001480103,-1.91476,-0.910246,0.279651,-0.205674,0.46448,-0.128605,0.0868681,0.480581,0.502923,0.466524,0.446366,0.558675,-0.520572,0.0734189,0.446211,0.201205,-0.422193,-0.435754,-0.462899,0.646217,5.86939754771429,3.5232867607219807,14.498946488703652,32.0684010282263,-8.140487771074435,8.268117418865877
28.8734130859375,-1.91476,-0.910246,0.279651,-0.205674,0.46448,-0.128605,0.0868681,0.480581,0.502923,0.466524,0.446366,0.558675,-0.520572,0.0734189,0.446211,0.201205,-0.422193,-0.435754,-0.462899,0.646217,5.86939754771429,3.5232867607219807,14.498946488703652,32.0684010282263,-8.140487771074435,8.268117418865877
28.90535306930542,-2.52863,-1.41622,1.23318,-0.30032,0.378231,-0.258007,0.0870603,0.480628,0.5026,0.465074,0.449654,0.560621,-0.516936,0.0791539,0.434688,0.191576,-0.433238,-0.433188,-0.437909,0.657944,9.437006233314907,3.364337014160974,16.18076250344367,29.412097427334174,-9.551094678886244,5.486889117006092
28.906288862228394,-2.52863,-1.41622,1.23318,-0.30032,0.378231,-0.258007,0.0870603,0.480628,0.5026,0.465074,0.449654,0.560621,-0.516936,0.0791539,0.434688,0.191576,-0.433238,-0.433188,-0.437909,0.657944,9.437006233314907,3.364337014160974,16.18076250344367,29.412097427334174,-9.551094678886244,5.486889117006092
28.921950340270996,-1.87075,-1.54831,0.780087,-0.336093,0.413907,-0.263998,0.0872756,0.480484,0.50249,0.465748,0.448242,0.560564,-0.517616,0.0813266,0.428832,0.187142,-0.438249,-0.431913,-0.42623,0.663111,10.689678477006154,3.5160904856470148,16.945176725928288,29.189269687792493,-10.097691552806964,6.147674670254915
28.922889232635498,-1.87075,-1.54831,0.780087,-0.336093,0.413907,-0.263998,0.0872756,0.480484,0.50249,0.465748,0.448242,0.560564,-0.517616,0.0813266,0.428832,0.187142,-0.438249,-0.431913,-0.42623,0.663111,10.689678477006154,3.5160904856470148,16.945176725928288,29.189269687792493,-10.097691552806964,6.147674670254915
28.938557147979736,-1.66206,-1.81406,1.20411,-0.389226,0.333616,-0.308536,0.0872645,0.480389,0.502433,0.466417,0.446824,0.559904,-0.518952,0.0833149,0.423363,0.182585,-0.437062,-0.434773,-0.418503,0.666937,10.931175317637864,3.747481851825525,17.83743169499914,27.151036291376727,-10.711759091317035,10.451423026333941
28.93948745727539,-1.66206,-1.81406,1.20411,-0.389226,0.333616,-0.308536,0.0872645,0.480389,0.502433,0.466417,0.446824,0.559904,-0.518952,0.0833149,0.423363,0.182585,-0.437062,-0.434773,-0.418503,0.666937,10.931175317637864,3.747481851825525,17.83743169499914,27.151036291376727,-10.711759091317035,10.451423026333941
28.95472550392151,-2.32868,-1.63795,1.36582,-0.358241,0.410736,-0.265895,0.0870559,0.480408,0.502136,0.465297,0.448545,0.558771,-0.519694,0.084781,0.416969,0.178728,-0.446944,-0.425968,-0.404742,0.674519,13.29475060443488,3.234138829503832,17.9977471959364,27.770849423988953,-8.814127535968261,6.532971685261476
28.9556884765625,-2.32868,-1.63795,1.36582,-0.358241,0.410736,-0.265895,0.0870559,0.480408,0.502136,0.465297,0.448545,0.558771,-0.519694,0.084781,0.416969,0.178728,-0.446944,-0.425968,-0.404742,0.674519,13.29475060443488,3.234138829503832,17.9977471959364,27.770849423988953,-8.814127535968261,6.532971685261476
28.97212266921997,-1.99118,-1.73739,0.854902,-0.357653,0.452405,-0.252171,0.0869045,0.480453,0.501897,0.466663,0.44803,0.55924,-0.518408,0.0857139,0.410968,0.174698,-0.454961,-0.421054,-0.392872,0.679246,15.017493756847673,2.977305622195966,18.598717802691535,28.18891182340271,-9.902374732976433,5.56717311923741
28.973066091537476,-1.99118,-1.73739,0.854902,-0.357653,0.452405,-0.252171,0.0869045,0.480453,0.501897,0.466663,0.44803,0.55924,-0.518408,0.0857139,0.410968,0.174698,-0.454961,-0.421054,-0.392872,0.679246,15.017493756847673,2.977305622195966,18.598717802691535,28.18891182340271,-9.902374732976433,5.56717311923741
29.005123615264893,-1.85781,-1.7116,1.35655,-0.433234,0.323783,-0.234454,0.0865689,0.480584,0.501979,0.466096,0.448144,0.558788,-0.519305,0.0868113,0.39956,0.167809,-0.460873,-0.412713,-0.374427,0.690701,17.39250853963977,2.209668447254875,19.790782552627892,26.68188374589784,-9.586814517751442,6.270066708681589
29.006094217300415,-1.85781,-1.7116,1.35655,-0.433234,0.323783,-0.234454,0.0865689,0.480584,0.501979,0.466096,0.448144,0.558788,-0.519305,0.0868113,0.39956,0.167809,-0.460873,-0.412713,-0.374427,0.690701,17.39250853963977,2.209668447254875,19.790782552627892,26.68188374589784,-9.586814517751442,6.270066708681589
29.021862268447876,-1.4298,-2.11299,1.13457,-0.505376,0.292439,-0.302318,0.0866196,0.480574,0.501987,0.465804,0.448128,0.559016,-0.519335,0.086972,0.393801,0.164564,-0.467768,-0.407215,-0.364828,0.694457,18.952088163203133,2.005455192254997,20.054374012826766,26.601399897619892,-9.843404822595305,5.741398386027
29.022796392440796,-1.4298,-2.11299,1.13457,-0.505376,0.292439,-0.302318,0.0866196,0.480574,0.501987,0.465804,0.448128,0.559016,-0.519335,0.086972,0.393801,0.164564,-0.467768,-0.407215,-0.364828,0.694457,18.952088163203133,2.005455192254997,20.054374012826766,26.601399897619892,-9.843404822595305,5.741398386027
29.03814721107483,-1.42051,-1.87767,1.04808,-0.490303,0.298563,-0.258763,0.0868781,0.480447,0.501853,0.466929,0.448555,0.559531,-0.517398,0.0861258,0.388289,0.161836,-0.470927,-0.397962,-0.357633,0.701394,20.262800547297214,0.8161667080431344,20.748659268211888,26.410038978395782,-10.365256912778815,4.646514846206062
29.039081811904907,-1.42051,-1.87767,1.04808,-0.490303,0.298563,-0.258763,0.0868781,0.480447,0.501853,0.466929,0.448555,0.559531,-0.517398,0.0861258,0.388289,0.161836,-0.470927,-0.397962,-0.357633,0.701394,20.262800547297214,0.8161667080431344,20.748659268211888,26.410038978395782,-10.365256912778815,4.646514846206062
29.054792404174805,-0.767811,-2.06846,0.896653,-0.523533,0.224065,-0.290758,0.0869958,0.480272,0.501811,0.467208,0.446297,0.558272,-0.520449,0.0847997,0.383184,0.15905,-0.478728,-0.391833,-0.353014,0.701903,21.136599398335548,1.0529418128874748,20.20980907711094,26.926287270060595,-9.537465309968383,6.198762492516282
29.055756092071533,-0.767811,-2.06846,0.896653,-0.523533,0.224065,-0.290758,0.0869958,0.480272,0.501811,0.467208,0.446297,0.558272,-0.520449,0.0847997,0.383184,0.15905,-0.478728,-0.391833,-0.353014,0.701903,21.136599398335548,1.0529418128874748,20.20980907711094,26.926287270060595,-9.537465309968383,6.198762492516282
29.071979522705078,-1.35783,-2.07459,1.59223,-0.557672,0.1455,-0.331124,0.0870952,0.480233,0.501754,0.467637,0.444633,0.558618,-0.521117,0.0827733,0.377965,0.15624,-0.489697,-0.382378,-0.346414,0.702838,22.734294039406517,0.9793113207537969,19.790504319098307,28.247065153612308,-9.791382544087874,5.571082357571271
29.07292342185974,-1.35783,-2.07459,1.59223,-0.557672,0.1455,-0.331124,0.0870952,0.480233,0.501754,0.467637,0.444633,0.558618,-0.521117,0.0827733,0.377965,0.15624,-0.489697,-0.382378,-0.346414,0.702838,22.734294039406517,0.9793113207537969,19.790504319098307,28.247065153612308,-9.791382544087874,5.571082357571271
29.105454683303833,-1.09576,-2.3937,1.68598,-0.64388,0.10111,-0.398716,0.0873247,0.480153,0.501646,0.466747,0.445995,0.557112,-0.522362,0.0783401,0.367944,0.151385,0.506081,0.36497,0.339738,-0.703745,25.235484992181576,0.5544566650250787,18.392198869435042,27.509353329115157,-9.200839915801556,5.878423467408575
29.106390714645386,-1.09576,-2.3937,1.68598,-0.64388,0.10111,-0.398716,0.0873247,0.480153,0.501646,0.466747,0.445995,0.557112,-0.522362,0.0783401,0.367944,0.151385,0.506081,0.36497,0.339738,-0.703745,25.235484992181576,0.5544566650250787,18.392198869435042,27.509353329115157,-9.200839915801556,5.878423467408575
29.122406244277954,-0.42555,-2.49191,1.52208,-0.655086,0.0608321,-0.417391,0.0872661,0.480162,0.501539,0.466039,0.445659,0.557816,-0.52253,0.0764378,0.362978,0.149203,0.512436,0.358573,0.334442,-0.70497,26.471690897782825,0.45256003802651956,18.25464507626196,27.227420605467096,-10.102463229175616,5.956530291034575
29.123350381851196,-0.42555,-2.49191,1.52208,-0.655086,0.0608321,-0.417391,0.0872661,0.480162,0.501539,0.466039,0.445659,0.557816,-0.52253,0.0764378,0.362978,0.149203,0.512436,0.358573,0.334442,-0.70497,26.471690897782825,0.45256003802651956,18.25464507626196,27.227420605467096,-10.102463229175616,5.956530291034575
29.138598918914795,-0.78154,-2.36391,1.4037,-0.637514,0.125021,-0.405087,0.087141,0.480141,0.50136,0.466935,0.444982,0.558581,-0.521489,0.0745928,0.358305,0.147396,0.517252,0.35196,0.331492,-0.706178,27.331985255449727,0.04711475500146231,18.25980593429909,26.548335618192706,-11.196269186244283,6.566149889112406
29.1395423412323,-0.78154,-2.36391,1.4037,-0.637514,0.125021,-0.405087,0.087141,0.480141,0.50136,0.466935,0.444982,0.558581,-0.521489,0.0745928,0.358305,0.147396,0.517252,0.35196,0.331492,-0.706178,27.331985255449727,0.04711475500146231,18.25980593429909,26.548335618192706,-11.196269186244283,6.566149889112406
29.15533471107483,-0.325321,-2.44364,1.33338,-0.64656,0.0764578,-0.422686,0.0870707,0.48032,0.501199,0.464691,0.448849,0.559769,-0.518899,0.0727074,0.353719,0.145598,0.525987,0.345729,0.326142,-0.705295,29.176659269490003,-0.07957237666540948,17.755449747701807,24.81493869094277,-13.158582902419134,4.973977435187798
29.156269550323486,-0.325321,-2.44364,1.33338,-0.64656,0.0764578,-0.422686,0.0870707,0.48032,0.501199,0.464691,0.448849,0.559769,-0.518899,0.0727074,0.353719,0.145598,0.525987,0.345729,0.326142,-0.705295,29.176659269490003,-0.07957237666540948,17.755449747701807,24.81493869094277,-13.158582902419134,4.973977435187798
29.172029972076416,-0.365954,-2.45218,1.36565,-0.650756,0.0635681,-0.428793,0.0870182,0.48031,0.501187,0.464274,0.450241,0.559726,-0.518112,0.0712329,0.349819,0.144258,0.530157,0.338351,0.323382,-0.70702,30.18994163859623,-0.5887875704334915,17.582041275702224,23.973568559888168,-12.961337855983189,4.587372043088326
29.172970294952393,-0.365954,-2.45218,1.36565,-0.650756,0.0635681,-0.428793,0.0870182,0.48031,0.501187,0.464274,0.450241,0.559726,-0.518112,0.0712329,0.349819,0.144258,0.530157,0.338351,0.323382,-0.70702,30.18994163859623,-0.5887875704334915,17.582041275702224,23.973568559888168,-12.961337855983189,4.587372043088326
29.204692125320435,0.120512,-2.50124,1.19277,-0.660173,0.0169922,-0.437223,0.0868248,0.48036,0.501218,0.466901,0.447512,0.55904,-0.518854,0.0689956,0.342151,0.141805,0.542715,0.326605,0.314948,-0.706822,31.85634651396876,-0.663042645952885,17.114893936548132,25.85128476496752,-13.99025910883732,5.016524520345827
29.205630779266357,0.120512,-2.50124,1.19277,-0.660173,0.0169922,-0.437223,0.0868248,0.48036,0.501218,0.466901,0.447512,0.55904,-0.518854,0.0689956,0.342151,0.141805,0.542715,0.326605,0.314948,-0.706822,31.85634651396876,-0.663042645952885,17.114893936548132,25.85128476496752,-13.99025910883732,5.016524520345827
29.22125220298767,0.458156,-2.62171,1.31315,-0.674352,-0.0697429,-0.461071,0.0868827,0.480327,0.501197,0.466075,0.447796,0.558876,-0.519529,0.0683747,0.338821,0.140829,0.548445,0.320078,0.310859,-0.707195,32.940119441101935,-0.7025438769325442,16.73512762063563,26.0581326874343,-13.166451560571181,3.9995439992805855
29.22218084335327,0.458156,-2.62171,1.31315,-0.674352,-0.0697429,-0.461071,0.0868827,0.480327,0.501197,0.466075,0.447796,0.558876,-0.519529,0.0683747,0.338821,0.140829,0.548445,0.320078,0.310859,-0.707195,32.940119441101935,-0.7025438769325442,16.73512762063563,26.0581326874343,-13.166451560571181,3.9995439992805855
29.238485097885132,0.234183,-2.58691,1.23396,-0.657589,-0.0414055,-0.461994,0.0870871,0.480219,0.501141,0.465984,0.447931,0.558954,-0.519411,0.0679595,0.335838,0.139953,0.552083,0.313783,0.307373,-0.708707,33.812258738212684,-1.0320537387656115,16.71089746655336,26.28337533612774,-12.564832383512051,3.150502435742469
29.23943257331848,0.234183,-2.58691,1.23396,-0.657589,-0.0414055,-0.461994,0.0870871,0.480219,0.501141,0.465984,0.447931,0.558954,-0.519411,0.0679595,0.335838,0.139953,0.552083,0.313783,0.307373,-0.708707,33.812258738212684,-1.0320537387656115,16.71089746655336,26.28337533612774,-12.564832383512051,3.150502435742469
29.254831790924072,0.577417,-2.35056,1.23635,-0.618976,-0.104926,-0.423201,0.0872685,0.480137,0.501127,0.466893,0.445264,0.559348,-0.520462,0.0680623,0.33336,0.139429,0.55215,0.313631,0.306757,-0.708989,33.63864856848768,-0.9261783762239135,16.903415563663998,25.79894997438291,-12.965404037514492,5.183065252997662
29.25576138496399,0.577417,-2.35056,1.23635,-0.618976,-0.104926,-0.423201,0.0872685,0.480137,0.501127,0.466893,0.445264,0.559348,-0.520462,0.0680623,0.33336,0.139429,0.55215,0.313631,0.306757,-0.708989,33.63864856848768,-0.9261783762239135,16.903415563663998,25.79894997438291,-12.965404037514492,5.183065252997662
29.27165937423706,0.420944,-2.21866,1.17997,-0.596089,-0.102462,-0.410097,0.0874448,0.480189,0.50107,0.46562,0.447065,0.5605,-0.518816,0.0682913,0.330845,0.138666,0.55769,0.312418,0.30243,-0.707045,34.702698799271346,-0.662259115330152,16.648482277736715,24.848280985016604,-14.61762354046755,4.426035212532577
29.272602796554565,0.420944,-2.21866,1.17997,-0.596089,-0.102462,-0.410097,0.0874448,0.480189,0.50107,0.46562,0.447065,0.5605,-0.518816,0.0682913,0.330845,0.138666,0.55769,0.312418,0.30243,-0.707045,34.702698799271346,-0.662259115330152,16.648482277736715,24.848280985016604,-14.61762354046755,4.426035212532577
29.30516004562378,0.456221,-1.83277,1.56219,-0.548121,-0.19647,-0.340045,0.0875011,0.480107,0.500971,0.466498,0.446576,0.559261,-0.519785,0.0695773,0.326997,0.137711,0.563083,0.306995,0.296593,-0.707619,35.60381087930188,-0.6877179331696492,16.46959553241416,25.501113956438566,-13.12844060374197,3.8471260318057325
29.306100368499756,0.456221,-1.83277,1.56219,-0.548121,-0.19647,-0.340045,0.0875011,0.480107,0.500971,0.466498,0.446576,0.559261,-0.519785,0.0695773,0.326997,0.137711,0.563083,0.306995,0.296593,-0.707619,35.60381087930188,-0.6877179331696492,16.46959553241416,25.501113956438566,-13.12844060374197,3.8471260318057325
29.321390628814697,0.22213,-1.58035,1.6776,-0.503883,-0.211241,-0.294867,0.0875002,0.48011,0.500845,0.466671,0.446747,0.558696,-0.520091,0.0702765,0.325519,0.137296,0.561943,0.306778,0.293451,-0.709925,35.76135047344067,-0.901555411984279,16.91401407869728,25.39220550533686,-12.932751494700259,4.049600813059968
29.322328567504883,0.22213,-1.58035,1.6776,-0.503883,-0.211241,-0.294867,0.0875002,0.48011,0.500845,0.466671,0.446747,0.558696,-0.520091,0.0702765,0.325519,0.137296,0.561943,0.306778,0.293451,-0.709925,35.76135047344067,-0.901555411984279,16.91401407869728,25.39220550533686,-12.932751494700259,4.049600813059968
29.338253021240234,0.427202,-1.56105,1.72941,-0.488324,-0.253275,-0.288159,0.0874477,0.4799,0.500743,0.467874,0.444635,0.558025,-0.521538,0.0708925,0.324201,0.136811,0.565259,0.306382,0.29106,-0.708446,35.87760367189717,-0.4984731071246037,16.675501787810486,26.78300062944348,-12.745579198547215,4.458890978503591
29.339184522628784,0.427202,-1.56105,1.72941,-0.488324,-0.253275,-0.288159,0.0874477,0.4799,0.500743,0.467874,0.444635,0.558025,-0.521538,0.0708925,0.324201,0.136811,0.565259,0.306382,0.29106,-0.708446,35.87760367189717,-0.4984731071246037,16.675501787810486,26.78300062944348,-12.745579198547215,4.458890978503591
29.354679346084595,0.256821,-1.10942,1.67994,-0.406058,-0.230213,-0.205755,0.0874463,0.479852,0.500583,0.468096,0.445437,0.55786,-0.520831,0.071515,0.323093,0.136271,0.567697,0.309541,0.288813,-0.706039,36.073188942564535,-0.06059625780748427,16.487040709119608,26.419147391340232,-14.610649820384218,5.253189664697608
29.355604887008667,0.256821,-1.10942,1.67994,-0.406058,-0.230213,-0.205755,0.0874463,0.479852,0.500583,0.468096,0.445437,0.55786,-0.520831,0.071515,0.323093,0.136271,0.567697,0.309541,0.288813,-0.706039,36.073188942564535,-0.06059625780748427,16.487040709119608,26.419147391340232,-14.610649820384218,5.253189664697608
29.371442317962646,0.647507,-0.964799,1.81258,-0.371462,-0.323282,-0.179607,0.0873465,0.479916,0.500465,0.468838,0.445405,0.557695,-0.520367,0.0719998,0.322064,0.136002,0.569026,0.304573,0.288501,-0.707257,36.39763730010337,-0.4981246101129382,16.490428554564307,26.31905432344006,-12.743955335619237,4.462124812349854
29.372374057769775,0.647507,-0.964799,1.81258,-0.371462,-0.323282,-0.179607,0.0873465,0.479916,0.500465,0.468838,0.445405,0.557695,-0.520367,0.0719998,0.322064,0.136002,0.569026,0.304573,0.288501,-0.707257,36.39763730010337,-0.4981246101129382,16.490428554564307,26.31905432344006,-12.743955335619237,4.462124812349854
29.404792547225952,0.235867,-0.531363,1.94345,-0.27581,-0.312831,-0.12672,0.0872865,0.479944,0.500397,0.468205,0.445355,0.557951,-0.520705,0.0725975,0.320275,0.135646,0.572451,0.301994,0.283589,-0.707585,37.19142282725655,-0.40604682779088763,16.504958761001436,26.80673429536699,-12.40426101782244,3.1669297298099695
29.405731916427612,0.235867,-0.531363,1.94345,-0.27581,-0.312831,-0.12672,0.0872865,0.479944,0.500397,0.468205,0.445355,0.557951,-0.520705,0.0725975,0.320275,0.135646,0.572451,0.301994,0.283589,-0.707585,37.19142282725655,-0.40604682779088763,16.504958761001436,26.80673429536699,-12.40426101782244,3.1669297298099695
29.421323537826538,0.266819,-0.626867,2.22015,-0.278556,-0.38017,-0.15507,0.0874047,0.479878,0.500423,0.468755,0.445354,0.557939,-0.520224,0.0728564,0.319565,0.1356,0.571466,0.304078,0.283191,-0.707648,37.02384360068947,-0.4020235844062995,16.725100050783666,26.282496104703224,-13.556508951408697,4.187764425858276
29.422247171401978,0.266819,-0.626867,2.22015,-0.278556,-0.38017,-0.15507,0.0874047,0.479878,0.500423,0.468755,0.445354,0.557939,-0.520224,0.0728564,0.319565,0.1356,0.571466,0.304078,0.283191,-0.707648,37.02384360068947,-0.4020235844062995,16.725100050783666,26.282496104703224,-13.556508951408697,4.187764425858276
29.438079833984375,0.309876,-0.577944,2.09639,-0.253987,-0.35869,-0.155159,0.087486,0.479847,0.500459,0.468684,0.444691,0.557954,-0.520838,0.072906,0.318513,0.135296,0.576316,0.299384,0.281719,-0.706303,37.63602509946608,-0.25825759988679353,16.206422226334983,27.195421387414463,-12.336909608163968,3.052755579103075
29.439006805419922,0.309876,-0.577944,2.09639,-0.253987,-0.35869,-0.155159,0.087486,0.479847,0.500459,0.468684,0.444691,0.557954,-0.520838,0.072906,0.318513,0.135296,0.576316,0.299384,0.281719,-0.706303,37.63602509946608,-0.25825759988679353,16.206422226334983,27.195421387414463,-12.336909608163968,3.052755579103075
29.454708099365234,0.171816,-0.508889,1.87434,-0.227844,-0.315018,-0.155125,0.0875215,0.47986,0.500485,0.468529,0.445635,0.558016,-0.520104,0.0730761,0.317725,0.135018,0.575806,0.301905,0.281356,-0.70579,37.589316935797285,-0.16304805809957407,16.275065971452698,26.17040975016606,-13.617415421818295,4.2164870729423
29.455650091171265,0.171816,-0.508889,1.87434,-0.227844,-0.315018,-0.155125,0.0875215,0.47986,0.500485,0.468529,0.445635,0.558016,-0.520104,0.0730761,0.317725,0.135018,0.575806,0.301905,0.281356,-0.70579,37.589316935797285,-0.16304805809957407,16.275065971452698,26.17040975016606,-13.617415421818295,4.2164870729423
29.47152876853943,0.520268,-0.243583,1.85934,-0.188654,-0.35629,-0.10311,0.0875657,0.479859,0.500538,0.468191,0.445597,0.55797,-0.520491,0.0732033,0.316814,0.134912,0.576989,0.300868,0.281587,-0.705174,37.70522218157158,-0.06339776143772749,16.03145633144878,25.597750514783762,-13.110271803137607,4.557048188561335
29.472458124160767,0.520268,-0.243583,1.85934,-0.188654,-0.35629,-0.10311,0.0875657,0.479859,0.500538,0.468191,0.445597,0.55797,-0.520491,0.0732033,0.316814,0.134912,0.576989,0.300868,0.281587,-0.705174,37.70522218157158,-0.06339776143772749,16.03145633144878,25.597750514783762,-13.110271803137607,4.557048188561335
29.48861289024353,0.422306,-0.434382,1.89982,-0.20246,-0.358727,-0.145934,0.0875646,0.479895,0.500553,0.468649,0.44605,0.558119,-0.51953,0.0732822,0.315641,0.134951,0.57969,0.297103,0.279742,-0.70529,38.251453316054665,-0.29077264783881324,15.97858211055678,25.68266091400888,-12.916469574196734,3.404545117912675
29.48953866958618,0.422306,-0.434382,1.89982,-0.20246,-0.358727,-0.145934,0.0875646,0.479895,0.500553,0.468649,0.44605,0.558119,-0.51953,0.0732822,0.315641,0.134951,0.57969,0.297103,0.279742,-0.70529,38.251453316054665,-0.29077264783881324,15.97858211055678,25.68266091400888,-12.916469574196734,3.404545117912675
29.521756410598755,0.614408,-0.316815,1.41396,-0.166195,-0.308215,-0.116573,0.0875073,0.479847,0.500484,0.468724,0.444744,0.557963,-0.520748,0.0733388,0.313869,0.134562,0.579433,0.297712,0.279023,-0.705529,38.13429411421479,-0.13553418939218675,16.043761398575803,25.201937897727277,-12.974533756491427,4.922057055696677
29.522693395614624,0.614408,-0.316815,1.41396,-0.166195,-0.308215,-0.116573,0.0875073,0.479847,0.500484,0.468724,0.444744,0.557963,-0.520748,0.0733388,0.313869,0.134562,0.579433,0.297712,0.279023,-0.705529,38.13429411421479,-0.13553418939218675,16.043761398575803,25.201937897727277,-12.974533756491427,4.922057055696677
29.5381817817688,0.910631,-0.147337,1.30169,-0.138999,-0.326124,-0.0772495,0.0874655,0.479852,0.50046,0.468878,0.444618,0.557827,-0.520863,0.0733648,0.313037,0.134339,0.580947,0.296401,0.277824,-0.705309,38.3629873983641,-0.10980048781602056,15.952819272143062,25.41484776780078,-12.873204289060851,4.811975382967544
29.539108753204346,0.910631,-0.147337,1.30169,-0.138999,-0.326124,-0.0772495,0.0874655,0.479852,0.50046,0.468878,0.444618,0.557827,-0.520863,0.0733648,0.313037,0.134339,0.580947,0.296401,0.277824,-0.705309,38.3629873983641,-0.10980048781602056,15.952819272143062,25.41484776780078,-12.873204289060851,4.811975382967544
29.554651260375977,1.13889,0.183616,0.993001,-0.0749477,-0.282277,-0.00700595,0.0873725,0.479907,0.500476,0.468874,0.445373,0.557922,-0.520118,0.0734662,0.312266,0.134232,0.581434,0.296831,0.276913,-0.705085,38.5144579823637,-0.12196848077002037,15.99092872926697,24.794463205769656,-13.55017100611359,5.0712681851628085
29.55560564994812,1.13889,0.183616,0.993001,-0.0749477,-0.282277,-0.00700595,0.0873725,0.479907,0.500476,0.468874,0.445373,0.557922,-0.520118,0.0734662,0.312266,0.134232,0.581434,0.296831,0.276913,-0.705085,38.5144579823637,-0.12196848077002037,15.99092872926697,24.794463205769656,-13.55017100611359,5.0712681851628085
29.571333169937134,0.845669,-0.330561,1.38724,-0.156684,-0.332698,-0.115421,0.0873346,0.479906,0.50055,0.469283,0.445034,0.557301,-0.520706,0.0735801,0.311492,0.134175,0.58454,0.293242,0.27489,-0.70481,38.95546026178002,-0.11128124475245736,15.723307301868541,25.89004334086077,-12.588785133595024,4.013632939324671
29.572262048721313,0.845669,-0.330561,1.38724,-0.156684,-0.332698,-0.115421,0.0873346,0.479906,0.50055,0.469283,0.445034,0.557301,-0.520706,0.0735801,0.311492,0.134175,0.58454,0.293242,0.27489,-0.70481,38.95546026178002,-0.11128124475245736,15.723307301868541,25.89004334086077,-12.588785133595024,4.013632939324671
29.60502314567566,1.17249,-0.0363572,0.738704,-0.0825297,-0.259892,-0.0505176,0.0874462,0.47987,0.500664,0.469058,0.444718,0.558092,-0.52033,0.0740691,0.310743,0.134014,0.584495,0.295447,0.272996,-0.704663,39.04164169566753,0.03277520626883653,15.990113380069593,25.621491981538945,-13.781060648997292,4.590919998382667
29.605964422225952,1.17249,-0.0363572,0.738704,-0.0825297,-0.259892,-0.0505176,0.0874462,0.47987,0.500664,0.469058,0.444718,0.558092,-0.52033,0.0740691,0.310743,0.134014,0.584495,0.295447,0.272996,-0.704663,39.04164169566753,0.03277520626883653,15.990113380069593,25.621491981538945,-13.781060648997292,4.590919998382667
29.621472358703613,1.29941,-0.0710254,0.509783,-0.0719913,-0.244243,-0.0542202,0.0875318,0.479858,0.500766,0.468777,0.44485,0.557202,-0.521423,0.0744667,0.310392,0.134015,0.584594,0.295234,0.27244,-0.704885,39.049397056831765,0.13100446467947524,15.842556715804262,25.723910873219474,-12.925765584209739,4.734378975847648
29.62241291999817,1.29941,-0.0710254,0.509783,-0.0719913,-0.244243,-0.0542202,0.0875318,0.479858,0.500766,0.468777,0.44485,0.557202,-0.521423,0.0744667,0.310392,0.134015,0.584594,0.295234,0.27244,-0.704885,39.049397056831765,0.13100446467947524,15.842556715804262,25.723910873219474,-12.925765584209739,4.734378975847648
29.63816475868225,1.44269,1.06265,0.859885,0.0158151,-0.326838,0.176191,0.0875828,0.479869,0.500851,0.469399,0.445205,0.55668,-0.521119,0.0748649,0.309916,0.134052,0.587643,0.292124,0.270238,-0.704493,39.531878838109016,0.06676682228554828,15.644362986701216,26.69306356795788,-12.39974951818189,3.389345593274135
29.639113903045654,1.44269,1.06265,0.859885,0.0158151,-0.326838,0.176191,0.0875828,0.479869,0.500851,0.469399,0.445205,0.55668,-0.521119,0.0748649,0.309916,0.134052,0.587643,0.292124,0.270238,-0.704493,39.531878838109016,0.06676682228554828,15.644362986701216,26.69306356795788,-12.39974951818189,3.389345593274135
29.654743671417236,0.846127,-0.642531,2.14932,-0.185218,-0.464739,-0.187874,0.0876882,0.479952,0.500798,0.467937,0.446648,0.557731,-0.520073,0.0749218,0.309508,0.133795,0.587912,0.293977,0.27205,-0.702799,39.58055323380436,0.2735555985081949,15.373381601823997,24.54403993929465,-13.142428361630126,4.3696494407740705
29.65568995475769,0.846127,-0.642531,2.14932,-0.185218,-0.464739,-0.187874,0.0876882,0.479952,0.500798,0.467937,0.446648,0.557731,-0.520073,0.0749218,0.309508,0.133795,0.587912,0.293977,0.27205,-0.702799,39.58055323380436,0.2735555985081949,15.373381601823997,24.54403993929465,-13.142428361630126,4.3696494407740705
29.672064065933228,0.549984,0.486227,2.10631,-0.000727458,-0.393777,0.0299913,0.0877061,0.479854,0.500527,0.467298,0.447327,0.557731,-0.520065,0.0748125,0.309449,0.133775,0.585703,0.294364,0.272518,-0.704298,39.48110316394319,0.08108977728105113,15.607088459552156,23.73750344053758,-12.94074267003863,4.406206460586972
29.673001527786255,0.549984,0.486227,2.10631,-0.000727458,-0.393777,0.0299913,0.0877061,0.479854,0.500527,0.467298,0.447327,0.557731,-0.520065,0.0748125,0.309449,0.133775,0.585703,0.294364,0.272518,-0.704298,39.48110316394319,0.08108977728105113,15.607088459552156,23.73750344053758,-12.94074267003863,4.406206460586972
29.705196619033813,0.203747,0.60025,1.12183,0.0346094,-0.192192,0.0555474,0.087636,0.47975,0.499934,0.467928,0.445446,0.558636,-0.520141,0.0758536,0.308537,0.1333,0.588546,0.293635,0.268078,-0.703936,39.94448014995848,0.24823781995380104,15.847785967940847,24.96698386876394,-13.258964069610531,3.2176867155418947
29.706138134002686,0.203747,0.60025,1.12183,0.0346094,-0.192192,0.0555474,0.087636,0.47975,0.499934,0.467928,0.445446,0.558636,-0.520141,0.0758536,0.308537,0.1333,0.588546,0.293635,0.268078,-0.703936,39.94448014995848,0.24823781995380104,15.847785967940847,24.96698386876394,-13.258964069610531,3.2176867155418947
29.72144603729248,1.09959,0.703245,-0.0333108,0.116105,-0.104092,0.0919609,0.0875702,0.479704,0.499998,0.468468,0.445184,0.557404,-0.521201,0.0766762,0.308106,0.133291,0.59091,0.292352,0.266431,-0.703115,40.128554042068195,0.44700392089650764,15.503174334155723,25.88098211159059,-12.119077088626646,2.730298674956032
29.722381830215454,1.09959,0.703245,-0.0333108,0.116105,-0.104092,0.0919609,0.0875702,0.479704,0.499998,0.468468,0.445184,0.557404,-0.521201,0.0766762,0.308106,0.133291,0.59091,0.292352,0.266431,-0.703115,40.128554042068195,0.44700392089650764,15.503174334155723,25.88098211159059,-12.119077088626646,2.730298674956032
29.73843741416931,1.37106,1.00269,-0.0367807,0.149628,-0.136492,0.158939,0.0875233,0.479825,0.500453,0.468663,0.445696,0.557808,-0.520154,0.0773159,0.307947,0.133289,0.590915,0.293087,0.266993,-0.702591,40.11205421702552,0.4076310940244491,15.53169553377518,25.166825632956893,-12.136549408854094,3.4429859831665794
29.739375829696655,1.37106,1.00269,-0.0367807,0.149628,-0.136492,0.158939,0.0875233,0.479825,0.500453,0.468663,0.445696,0.557808,-0.520154,0.0773159,0.307947,0.133289,0.590915,0.293087,0.266993,-0.702591,40.11205421702552,0.4076310940244491,15.53169553377518,25.166825632956893,-12.136549408854094,3.4429859831665794
29.754769802093506,1.55373,0.820245,-0.193488,0.136395,-0.123465,0.126914,0.0873033,0.48016,0.501087,0.466578,0.447127,0.559875,-0.518578,0.0779395,0.307743,0.133756,0.59074,0.292654,0.266345,-0.703164,40.58498542828307,0.26226387550504526,15.757514835831751,23.18008746837411,-11.688034401255326,2.8389604851627714
29.75571346282959,1.55373,0.820245,-0.193488,0.136395,-0.123465,0.126914,0.0873033,0.48016,0.501087,0.466578,0.447127,0.559875,-0.518578,0.0779395,0.307743,0.133756,0.59074,0.292654,0.266345,-0.703164,40.58498542828307,0.26226387550504526,15.757514835831751,23.18008746837411,-11.688034401255326,2.8389604851627714
29.771607637405396,1.4655,1.05816,-0.267447,0.167122,-0.10335,0.170984,0.0871154,0.480229,0.501703,0.467945,0.445912,0.558508,-0.519864,0.0785097,0.307291,0.13413,0.593869,0.293954,0.264392,-0.70072,40.56490777527385,0.789369977083247,15.315563031473864,24.63968071147044,-12.010215077117852,3.390159887384045
29.77254605293274,1.4655,1.05816,-0.267447,0.167122,-0.10335,0.170984,0.0871154,0.480229,0.501703,0.467945,0.445912,0.558508,-0.519864,0.0785097,0.307291,0.13413,0.593869,0.293954,0.264392,-0.70072,40.56490777527385,0.789369977083247,15.315563031473864,24.63968071147044,-12.010215077117852,3.390159887384045
29.788710832595825,1.44506,0.736455,-0.38721,0.131104,-0.0785628,0.107926,0.0871968,0.480334,0.501969,0.467488,0.44868,0.558005,-0.518432,0.0789845,0.307149,0.134191,0.593098,0.296868,0.263696,-0.700406,40.624694773256394,0.7952827890572467,15.33341575186458,23.440791067789984,-13.240886157073414,3.950042858819483
29.78965711593628,1.44506,0.736455,-0.38721,0.131104,-0.0785628,0.107926,0.0871968,0.480334,0.501969,0.467488,0.44868,0.558005,-0.518432,0.0789845,0.307149,0.134191,0.593098,0.296868,0.263696,-0.700406,40.624694773256394,0.7952827890572467,15.33341575186458,23.440791067789984,-13.240886157073414,3.950042858819483
29.829066276550293,1.28796,0.896807,-0.320894,0.143111,-0.0781724,0.137099,0.0876716,0.480135,0.50163,0.467598,0.447831,0.559059,-0.517931,0.0790609,0.306143,0.133841,0.592923,0.2934,0.262637,-0.70241,40.912410285474564,0.37093756107834175,15.766087953752459,23.596251265801893,-12.884810632495396,3.209738674347806
29.831554651260376,1.28796,0.896807,-0.320894,0.143111,-0.0781724,0.137099,0.0876716,0.480135,0.50163,0.467598,0.447831,0.559059,-0.517931,0.0790609,0.306143,0.133841,0.592923,0.2934,0.262637,-0.70241,40.912410285474564,0.37093756107834175,15.766087953752459,23.596251265801893,-12.884810632495396,3.209738674347806
29.857078552246094,1.09019,0.73078,-0.223368,0.121236,-0.0785451,0.101766,0.0880627,0.479789,0.500766,0.467505,0.447345,0.558151,-0.519412,0.0791237,0.305397,0.13329,0.592557,0.293842,0.263318,-0.70228,40.69211886830602,0.5484782501038686,15.55556488880875,23.40495581232893,-12.638958213029756,3.810370941258684
29.858933210372925,1.09019,0.73078,-0.223368,0.121236,-0.0785451,0.101766,0.0880627,0.479789,0.500766,0.467505,0.447345,0.558151,-0.519412,0.0791237,0.305397,0.13329,0.592557,0.293842,0.263318,-0.70228,40.69211886830602,0.5484782501038686,15.55556488880875,23.40495581232893,-12.638958213029756,3.810370941258684
29.880753993988037,1.16074,0.845462,-0.16222,0.13296,-0.0998605,0.125971,0.0881281,0.479722,0.50051,0.468681,0.447247,0.556804,-0.519882,0.0791974,0.304967,0.133251,0.593427,0.29199,0.261373,-0.703043,40.8185598774594,0.4111400576815059,15.578244453462563,24.613658965492675,-12.399826055436726,3.0539240111902
29.88206672668457,1.16074,0.845462,-0.16222,0.13296,-0.0998605,0.125971,0.0881281,0.479722,0.50051,0.468681,0.447247,0.556804,-0.519882,0.0791974,0.304967,0.133251,0.593427,0.29199,0.261373,-0.703043,40.8185598774594,0.4111400576815059,15.578244453462563,24.613658965492675,-12.399826055436726,3.0539240111902
29.898250341415405,1.19633,0.909125,-0.183476,0.140186,-0.100092,0.138491,0.0880643,0.479777,0.500548,0.46787,0.447627,0.557194,-0.519867,0.0793018,0.304853,0.133115,0.593321,0.293075,0.26159,-0.702601,40.84030367052521,0.5450676952509109,15.509456193500197,23.92841997213274,-12.474913599877231,3.477066388353542
29.899312257766724,1.19633,0.909125,-0.183476,0.140186,-0.100092,0.138491,0.0880643,0.479777,0.500548,0.46787,0.447627,0.557194,-0.519867,0.0793018,0.304853,0.133115,0.593321,0.293075,0.26159,-0.702601,40.84030367052521,0.5450676952509109,15.509456193500197,23.92841997213274,-12.474913599877231,3.477066388353542
29.913583993911743,1.33587,0.956812,-0.227347,0.149732,-0.102666,0.149414,0.0878486,0.479908,0.501045,0.467793,0.446979,0.557784,-0.519862,0.0796589,0.305008,0.133466,0.594334,0.294638,0.261002,-0.701309,40.86456039018911,0.8176157028926287,15.443165343898665,24.001107562512228,-12.861312590933668,3.7223981653784506
29.914515018463135,1.33587,0.956812,-0.227347,0.149732,-0.102666,0.149414,0.0878486,0.479908,0.501045,0.467793,0.446979,0.557784,-0.519862,0.0796589,0.305008,0.133466,0.594334,0.294638,0.261002,-0.701309,40.86456039018911,0.8176157028926287,15.443165343898665,24.001107562512228,-12.861312590933668,3.7223981653784506
29.93840456008911,1.39109,0.859185,-0.272895,0.14196,-0.0976372,0.130041,0.0875343,0.480205,0.501597,0.467036,0.447875,0.559422,-0.518008,0.0796264,0.305644,0.133845,0.591175,0.295383,0.262143,-0.703237,40.806854945924556,0.37796243729097984,16.056131965192247,22.526852485332352,-12.917082221942653,3.9050834102029253
29.9393367767334,1.39109,0.859185,-0.272895,0.14196,-0.0976372,0.130041,0.0875343,0.480205,0.501597,0.467036,0.447875,0.559422,-0.518008,0.0796264,0.305644,0.133845,0.591175,0.295383,0.262143,-0.703237,40.806854945924556,0.37796243729097984,16.056131965192247,22.526852485332352,-12.917082221942653,3.9050834102029253
29.954824209213257,1.27361,0.829022,-0.361915,0.140407,-0.0656912,0.121138,0.0873274,0.480196,0.501747,0.468318,0.445398,0.557802,-0.520726,0.0792637,0.305769,0.133868,0.594809,0.291622,0.261958,-0.70181,40.82334229763992,0.6925115498622267,15.390407988991935,25.12361535580279,-10.9957974929253,3.3347722905041
29.95576572418213,1.27361,0.829022,-0.361915,0.140407,-0.0656912,0.121138,0.0873274,0.480196,0.501747,0.468318,0.445398,0.557802,-0.520726,0.0792637,0.305769,0.133868,0.594809,0.291622,0.261958,-0.70181,40.82334229763992,0.6925115498622267,15.390407988991935,25.12361535580279,-10.9957974929253,3.3347722905041
29.988313674926758,0.935399,0.65289,-0.326,0.117188,-0.0367511,0.0810543,0.0871305,0.480178,0.50135,0.467237,0.446595,0.558891,-0.519503,0.0786638,0.306023,0.133684,0.594238,0.2926,0.26138,-0.702102,41.03447639432489,0.6198657351728486,15.593606916052893,24.383068504044218,-12.154467850620467,2.7267481404012406
29.989256620407104,0.935399,0.65289,-0.326,0.117188,-0.0367511,0.0810543,0.0871305,0.480178,0.50135,0.467237,0.446595,0.558891,-0.519503,0.0786638,0.306023,0.133684,0.594238,0.2926,0.26138,-0.702102,41.03447639432489,0.6198657351728486,15.593606916052893,24.383068504044218,-12.154467850620467,2.7267481404012406
30.004716634750366,0.980429,0.57602,-0.307687,0.103537,-0.049406,0.0675545,0.0871635,0.480151,0.50112,0.467055,0.446675,0.558862,-0.519629,0.0784187,0.305744,0.133226,0.593038,0.297327,0.262569,-0.700686,40.62164857503846,0.9829641253682325,15.517323282722767,23.479805341993053,-13.903131559677643,4.785429887193541
30.005667209625244,0.980429,0.57602,-0.307687,0.103537,-0.049406,0.0675545,0.0871635,0.480151,0.50112,0.467055,0.446675,0.558862,-0.519629,0.0784187,0.305744,0.133226,0.593038,0.297327,0.262569,-0.700686,40.62164857503846,0.9829641253682325,15.517323282722767,23.479805341993053,-13.903131559677643,4.785429887193541
30.02143955230713,1.2658,0.585782,-0.242137,0.105761,-0.0959881,0.0740787,0.0872579,0.480064,0.500932,0.467295,0.44693,0.557486,-0.520671,0.0783644,0.304966,0.133213,0.596537,0.291961,0.260781,-0.700639,41.14831438355956,0.931867581010825,15.029097660620847,24.668580762351908,-12.254440695138133,3.0816548403712254
30.022387266159058,1.2658,0.585782,-0.242137,0.105761,-0.0959881,0.0740787,0.0872579,0.480064,0.500932,0.467295,0.44693,0.557486,-0.520671,0.0783644,0.304966,0.133213,0.596537,0.291961,0.260781,-0.700639,41.14831438355956,0.931867581010825,15.029097660620847,24.668580762351908,-12.254440695138133,3.0816548403712254
30.038024425506592,1.30084,0.591891,-0.242743,0.106108,-0.101623,0.0759018,0.0873413,0.480091,0.500846,0.467829,0.446139,0.558266,-0.520034,0.0784097,0.304674,0.133289,0.5964,0.290335,0.261084,-0.701319,41.184675851441625,0.6852700143739625,15.270269329445236,24.5060727896388,-12.158014829732263,2.8395599539686174
30.038960218429565,1.30084,0.591891,-0.242743,0.106108,-0.101623,0.0759018,0.0873413,0.480091,0.500846,0.467829,0.446139,0.558266,-0.520034,0.0784097,0.304674,0.133289,0.5964,0.290335,0.261084,-0.701319,41.184675851441625,0.6852700143739625,15.270269329445236,24.5060727896388,-12.158014829732263,2.8395599539686174
30.055366039276123,1.39414,0.667336,-0.176574,0.116099,-0.124498,0.0934341,0.0875521,0.479989,0.500846,0.468688,0.446437,0.558029,-0.519258,0.0788893,0.304288,0.13316,0.594753,0.29141,0.261003,-0.702301,41.000217896846195,0.4561933116361912,15.618131846342415,24.232181328321005,-12.67001202522088,3.533060274736469
30.05630850791931,1.39414,0.667336,-0.176574,0.116099,-0.124498,0.0934341,0.0875521,0.479989,0.500846,0.468688,0.446437,0.558029,-0.519258,0.0788893,0.304288,0.13316,0.594753,0.29141,0.261003,-0.702301,41.000217896846195,0.4561933116361912,15.618131846342415,24.232181328321005,-12.67001202522088,3.533060274736469
30.088551998138428,1.22333,0.74427,-0.200994,0.131043,-0.0940895,0.10306,0.0877467,0.479929,0.501099,0.468182,0.446406,0.558501,-0.519234,0.0798164,0.304547,0.13327,0.59316,0.295609,0.260084,-0.702234,40.818862849580775,0.6714522194516661,15.895792636454564,23.884095592244172,-13.524782517906608,4.272157374550315
30.089486837387085,1.22333,0.74427,-0.200994,0.131043,-0.0940895,0.10306,0.0877467,0.479929,0.501099,0.468182,0.446406,0.558501,-0.519234,0.0798164,0.304547,0.13327,0.59316,0.295609,0.260084,-0.702234,40.818862849580775,0.6714522194516661,15.895792636454564,23.884095592244172,-13.524782517906608,4.272157374550315
30.105673789978027,1.193,0.809303,-0.206939,0.137447,-0.0867876,0.115967,0.0877442,0.480008,0.501188,0.467575,0.446873,0.559104,-0.51873,0.0800567,0.304899,0.133476,0.591688,0.296408,0.262055,-0.702407,40.6498182183902,0.5960721227271398,15.949524126508322,22.587908045066644,-13.173690078530548,4.670993516416087
30.106700658798218,1.193,0.809303,-0.206939,0.137447,-0.0867876,0.115967,0.0877442,0.480008,0.501188,0.467575,0.446873,0.559104,-0.51873,0.0800567,0.304899,0.133476,0.591688,0.296408,0.262055,-0.702407,40.6498182183902,0.5960721227271398,15.949524126508322,22.587908045066644,-13.173690078530548,4.670993516416087
30.121998071670532,1.07721,0.739499,-0.27054,0.131518,-0.0636508,0.0993877,0.0877281,0.479991,0.501271,0.468027,0.446871,0.558262,-0.519231,0.0799224,0.304857,0.133526,0.595638,0.292825,0.2626,-0.700364,40.93001410734808,0.7658154653962527,15.212253177295928,23.433067176531587,-12.018955215859947,3.8123539072358055
30.12295651435852,1.07721,0.739499,-0.27054,0.131518,-0.0636508,0.0993877,0.0877281,0.479991,0.501271,0.468027,0.446871,0.558262,-0.519231,0.0799224,0.304857,0.133526,0.595638,0.292825,0.2626,-0.700364,40.93001410734808,0.7658154653962527,15.212253177295928,23.433067176531587,-12.018955215859947,3.8123539072358055
30.13451099395752,1.07721,0.739499,-0.27054,0.131518,-0.0636508,0.0993877,0.0877281,0.479991,0.501271,0.468027,0.446871,0.558262,-0.519231,0.0799224,0.304857,0.133526,0.595638,0.292825,0.2626,-0.700364,40.93001410734808,0.7658154653962527,15.212253177295928,23.433067176531587,-12.018955215859947,3.8123539072358055
30.1549072265625,1.12038,0.60463,-0.303784,0.113407,-0.0655645,0.0741602,0.0877407,0.480048,0.501338,0.468633,0.447185,0.557213,-0.51954,0.0794608,0.304724,0.133767,0.595541,0.291146,0.260621,-0.701885,41.082572102290335,0.5366506300448691,15.383100326865996,24.517277692608175,-12.081785859790955,2.9581723325272016
30.155882120132446,1.12038,0.60463,-0.303784,0.113407,-0.0655645,0.0741602,0.0877407,0.480048,0.501338,0.468633,0.447185,0.557213,-0.51954,0.0794608,0.304724,0.133767,0.595541,0.291146,0.260621,-0.701885,41.082572102290335,0.5366506300448691,15.383100326865996,24.517277692608175,-12.081785859790955,2.9581723325272016
30.188740253448486,1.20236,0.691617,-0.281177,0.116288,-0.0822419,0.094109,0.087695,0.480011,0.501312,0.46828,0.445861,0.558465,-0.519652,0.0791355,0.304704,0.133651,0.595295,0.291742,0.259093,-0.702411,41.18184543122751,0.5773155420647536,15.735316580848455,25.107556577650154,-12.85172144128838,2.7360894532683613
30.189675331115723,1.20236,0.691617,-0.281177,0.116288,-0.0822419,0.094109,0.087695,0.480011,0.501312,0.46828,0.445861,0.558465,-0.519652,0.0791355,0.304704,0.133651,0.595295,0.291742,0.259093,-0.702411,41.18184543122751,0.5773155420647536,15.735316580848455,25.107556577650154,-12.85172144128838,2.7360894532683613
