# Timestamp, Fx, Fy, Fz, Tx, Ty, Tz, FemurPosX, FemurPosY, FemurPosZ, FemurQuatW, FemurQuatX, FemurQuatY, FemurQuatZ, TibiaPosX, TibiaPosY, TibiaPosZ, TibiaQuatW, TibiaQuatX, TibiaQuatY, TibiaQuatZ, Flexion, Adduction, Rotation, Anterior_Posterior, Medial_Lateral, Proximal_Distal, Medial_Joint_Gap, Lateral_Joint_Gap, FTPosX, FTPosY, FTPosZ, FTPosZ, FTQuatW, FTQuatX, FTQuatY, FTQuatZ
0.04849886894226074,-4.312327338058599,-3.411516766551811,4.058426509334417,1.2541020714854536,-0.0512735520729044,2.4836957442426035,-0.339317,0.277551,0.1325,0.563574,0.477544,-0.657609,0.147941,-0.301405,0.15417,-0.0781961,0.642227,-0.251356,-0.495719,0.527851,88.70647932690318,-0.1978529088319032,-7.525752384302533,15.338350477698704,1.5857734496311635,3.141572861953456,7.4011854626801785,7.323042837274798,-0.43688,-0.0455269,-0.195886,-0.20633,-0.291629,0.367872,0.858517
0.11672568321228027,-3.804868568350519,-6.428425467127519,2.601896417797723,0.7195756904082947,-0.3085567714068356,2.5516622402177975,-0.338489,0.277828,0.132838,0.557736,0.479192,-0.660708,0.150899,-0.297377,0.152931,-0.07586,0.634296,-0.253139,-0.500136,0.532403,89.28294259825742,0.35690134969506815,-7.90620248077125,17.906351971338573,2.3537143588495364,1.1969008264177248,9.557908552738956,7.5680403949485715,-0.429695,-0.0496965,-0.191507,-0.211952,-0.298812,0.367607,0.854783
0.1913442611694336,-4.351092045053821,-8.041204466758783,0.33613711956433867,-0.4223756810702743,-1.036095283534333,2.9592764376520035,-0.33767,0.277905,0.133086,0.556446,0.480233,-0.65966,0.156819,-0.292499,0.15141,-0.0731993,0.631063,-0.271027,-0.498441,0.529018,90.4193711807604,-0.7714828967339429,-6.654618713353727,15.315322995314064,0.5211905700477206,4.56223529361311,7.192109929626135,6.67137799190387,-0.42133,-0.0545312,-0.186735,-0.2236,-0.30831,0.367139,0.848621
0.26683712005615234,-7.510554026919532,-7.9906347307928565,4.051684158750506,-0.21442225051908978,-1.2739551332859143,3.4980300629423198,-0.337,0.278809,0.133744,0.549474,0.485444,-0.658517,0.169638,-0.283815,0.152463,-0.0697523,0.605244,-0.265107,-0.522301,0.539073,89.59577628955897,1.575071061500279,-5.868365394121355,16.50974830028929,3.0888688307953096,-0.723794703029359,10.825162480696287,8.767976640793965,-0.405471,-0.0589036,-0.183107,-0.234726,-0.329318,0.374668,0.834313
0.34900426864624023,-6.263324156020654,-10.747072016266682,3.915725759407284,-0.22651062658305052,-1.06828775809802,3.53353750111343,-0.333205,0.279573,0.134805,0.538965,0.488424,-0.661659,0.182116,-0.271482,0.153575,-0.0660842,0.592476,-0.271179,-0.524238,0.548278,90.63749483907337,1.4775676496043078,-6.767387219824928,17.052519446812035,1.3394142295851386,0.7814211928346992,10.520532871017782,7.8253055729962675,-0.382744,-0.0615183,-0.181712,-0.248039,-0.340438,0.375313,0.825662
0.4247126579284668,-8.970421246493009,-9.115390845390001,2.8516567810216853,-0.18271675034136803,-0.6491694896914629,3.5926328707506774,-0.329922,0.279302,0.135448,0.535505,0.487891,-0.662867,0.18922,-0.265411,0.152912,-0.0644032,0.594997,-0.279797,-0.524878,0.540551,90.48493168457519,-0.04133074374314738,-6.194356086146765,15.695291293123823,0.8068765907121271,3.727124307721553,7.673987781181323,6.521448779370831,-0.374814,-0.0631403,-0.180367,-0.246063,-0.343371,0.380226,0.822786
0.5055196285247803,-11.219395241375375,-6.52912410607461,-1.6759230522547905,-0.7649622223836111,-0.6761328438605434,3.907241681723549,-0.330803,0.277858,0.13424,0.543193,0.481854,-0.664357,0.177164,-0.273922,0.14791,-0.0674125,0.608416,-0.285604,-0.50361,0.542805,91.99710358561535,-0.49240392793265997,-7.390121672193242,15.803244352442169,0.35415615731919514,4.07757588953087,8.095404815262823,6.863645941692506,-0.392991,-0.0665719,-0.17623,-0.235162,-0.329727,0.388402,0.827721
0.5777835845947266,-11.52798878932345,-1.311265660321173,-7.697939316875343,-1.3279892593841323,-0.8650187517847,4.109968551202302,-0.332358,0.275685,0.132535,0.553721,0.474287,-0.664467,0.1641,-0.285501,0.142156,-0.0707748,0.620625,-0.287626,-0.489491,0.540828,92.42716568353057,-0.38067709291522966,-7.666747005452988,15.790495077700825,2.3088606514495518,2.2885485095031264,8.339860146833654,7.485055201054409,-0.414088,-0.0707347,-0.171719,-0.219739,-0.296402,0.40403,0.837031
0.6532912254333496,-13.755643436470073,1.5437637477573543,-10.399120526597823,-1.3746739979849545,-0.7121711038352485,4.205886474096459,-0.33475,0.274966,0.131759,0.562582,0.469884,-0.66298,0.15221,-0.297994,0.138636,-0.0749761,0.641427,-0.285706,-0.472097,0.53298,92.42077373216057,-1.7678588040967345,-8.158871301512441,15.561548643722396,3.590943856534218,1.7835149156641634,7.83734195015466,8.429074670817668,-0.437747,-0.0722767,-0.167088,-0.225576,-0.263033,0.398872,0.849017
0.7207920551300049,-13.292166128929832,2.851709247345876,-10.347089326686634,-1.4622461283970434,-0.6525780204055559,4.133819512181561,-0.335759,0.274924,0.131516,0.565834,0.469287,-0.661192,0.149754,-0.30166,0.137072,-0.075608,0.63905,-0.283091,-0.467778,0.540979,92.89755433884052,-0.9381396214755,-8.66835872783475,15.797017782298916,4.905014481052416,-0.45992756733704,9.786170443093859,9.852805295401733,-0.443958,-0.0726763,-0.165751,-0.223398,-0.257147,0.408768,0.846686
0.7932136058807373,-12.330484550119877,1.1814216161030393,-4.609651236423376,-0.8632059345597964,-0.7772464277903522,3.9398151373296115,-0.336893,0.275577,0.131822,0.562544,0.473242,-0.660577,0.152395,-0.298486,0.140293,-0.0731288,0.63317,-0.28684,-0.478757,0.536294,92.69709897156581,-0.9059900892725494,-7.350507478172779,15.687233686642266,3.7259718641239346,1.4683389845298436,8.189091871609016,8.069340138175077,-0.43428,-0.0730185,-0.166031,-0.224118,-0.276752,0.40861,0.840368
0.8602867126464844,-12.060579589871416,-3.8847495414175555,3.0278708578195834,-0.01599040412912428,-0.5035974686897903,4.108753033216739,-0.336352,0.277362,0.132905,0.552182,0.480991,-0.660282,0.166643,-0.286674,0.144037,-0.0682751,0.616009,-0.29133,-0.491632,0.542178,93.12538481894319,-0.7390772023147338,-6.903989238468482,16.262712180215885,1.4240229297910956,3.413982730490016,8.055183222595264,6.761339514348769,-0.411117,-0.0716572,-0.169421,-0.235492,-0.309096,0.409539,0.825397
0.9280235767364502,-11.711582497508008,-6.680650393101652,6.55487322435109,0.6174212720503479,-0.40794780803751285,4.255664489411198,-0.332261,0.278287,0.134322,0.549672,0.481664,-0.656687,0.186073,-0.272573,0.148311,-0.0654441,0.593754,-0.279843,-0.505797,0.559744,91.58056817663397,1.2388066925340002,-7.323326245851112,14.73729329278013,-0.8763604385328532,3.1448362235646456,9.653913970163797,7.861686965943216,-0.386553,-0.0693527,-0.173674,-0.24695,-0.334283,0.389528,0.821911
0.9953961372375488,-11.472881665167511,-9.057372957344386,5.343891428334767,0.3238865952224853,-0.3712092640075739,4.187248616507619,-0.329952,0.279531,0.135673,0.534779,0.487196,-0.663729,0.190041,-0.265125,0.153029,-0.0645877,0.592751,-0.275907,-0.522775,0.547017,90.58962929262799,0.47428131276427443,-7.105271820440682,16.450188205792312,0.7480638586936648,2.773275417911716,8.829367026025693,6.982441422326317,-0.372908,-0.0643793,-0.178233,-0.258941,-0.347588,0.38145,0.816473
1.0632619857788086,-11.896510755881572,-7.7301039009776,3.823557828500173,0.28950749116140756,-0.4014710121249798,4.150288760076883,-0.329386,0.278857,0.135311,0.536389,0.48638,-0.663507,0.188358,-0.26561,0.152018,-0.0654495,0.595406,-0.274687,-0.523871,0.543689,90.17164829826088,0.40560006706522067,-6.801793343448002,16.38267992509969,1.0584020484636665,2.180183054960839,9.049030379726187,7.4249816415650285,-0.376112,-0.0650379,-0.178633,-0.25338,-0.34075,0.380002,0.821758
1.1309149265289307,-10.884141433231333,-4.824138936674643,-0.6066000670834371,-0.26674382895860604,-0.5540820574315076,3.889699586120754,-0.329353,0.277008,0.134197,0.542824,0.480427,-0.666059,0.175778,-0.27348,0.146389,-0.0675965,0.611847,-0.282305,-0.506282,0.538169,91.27756005623179,-0.5812559970980935,-7.3578627951934665,17.22491915755257,1.2834286494206202,2.704112763531846,8.858402660600316,7.257240937040447,-0.393457,-0.068328,-0.175861,-0.231557,-0.32107,0.397267,0.827934
1.1992497444152832,-9.958145373854776,-0.813191374436387,-7.720161879307775,-1.2094219740531658,-0.7804617276939628,3.6193037810367352,-0.331799,0.275211,0.132651,0.556267,0.473164,-0.66372,0.161739,-0.286659,0.141431,-0.0714354,0.627344,-0.286814,-0.486877,0.535844,92.02797723337301,-0.9777319891291096,-7.480358432244998,15.565455128561378,1.8188351074169868,2.8455385753953664,7.984026468288818,7.593932191672447,-0.417274,-0.070815,-0.172224,-0.223774,-0.291775,0.407308,0.835998
1.2665913105010986,-11.153329217222481,0.6581176153088258,-8.498849735250742,-1.1436673523033802,-0.5289953622446588,3.715087176323322,-0.335191,0.274952,0.132047,0.562834,0.471633,-0.662031,0.149981,-0.299639,0.138077,-0.0746868,0.64291,-0.288448,-0.464797,0.536123,93.47209543811819,-2.0855357138931954,-8.570934912018176,15.608418528929818,3.264698949167082,2.577462033784407,7.50760905820005,7.962481741284035,-0.440501,-0.0709153,-0.168468,-0.222478,-0.263738,0.402534,0.847887
1.3343262672424316,-11.907076544746563,3.497487881907243,-9.921407839468063,-1.2343153271770027,-0.4808927524518838,3.7362605413890986,-0.33562,0.274619,0.131587,0.567737,0.467373,-0.661806,0.145773,-0.303949,0.136309,-0.0761348,0.649475,-0.289466,-0.458268,0.533274,93.36583775500553,-2.339241940748199,-8.607254840916662,14.81006018101422,3.4937311195790155,2.262399677316484,7.397711835811142,8.668586758440629,-0.448829,-0.0713685,-0.16655,-0.21604,-0.252107,0.403275,0.852724
1.4014453887939453,-10.628730087756045,-1.0053234924146968,-9.583470279821631,-1.5488547812517448,-0.6599301410215037,3.852618705821026,-0.337096,0.275494,0.131887,0.565617,0.471945,-0.659954,0.14767,-0.302479,0.137732,-0.0738094,0.63761,-0.287364,-0.466564,0.541474,93.7102046013133,-1.0156469140175606,-8.29624657281899,16.22478093585184,4.101809423725302,0.4446923644177687,9.476816684666423,9.019389493321183,-0.44188,-0.0737411,-0.164548,-0.216984,-0.257333,0.410197,0.847606
1.4675395488739014,-7.9451636535645624,-6.032837152050509,-4.685300290145841,-1.1204704105491303,-0.7264461814070788,3.5251199661619244,-0.337881,0.276936,0.132657,0.559624,0.476977,-0.659777,0.154946,-0.295692,0.141314,-0.0700968,0.62813,-0.296989,-0.473755,0.541116,94.42350423300371,-1.3432184650710948,-7.376204895338658,15.397974147678344,1.2345213720658346,4.138039904371162,7.604186610979051,6.876299189813697,-0.427352,-0.0731352,-0.16481,-0.232453,-0.288178,0.414794,0.831183
1.534388780593872,-8.483762397101504,-8.18035549079604,3.571805574752026,0.04731421133695317,-0.5231874410396055,3.5931662431279174,-0.335835,0.278022,0.133618,0.549869,0.482439,-0.660228,0.170281,-0.283101,0.14482,-0.0667558,0.600089,-0.281482,-0.502737,0.554902,92.7182234924154,1.6300580310038066,-7.338085412242774,18.024691581241814,2.8698463108582857,-1.5252651280187415,12.286425240229855,8.844488854207311,-0.405418,-0.0724276,-0.166947,-0.240985,-0.315672,0.399857,0.82607
1.6015169620513916,-11.281768865582569,-6.456984435093442,6.4731032405356235,0.5500280930768809,-0.06166934160740428,3.5401982915259085,-0.332513,0.278605,0.134426,0.540901,0.485283,-0.662362,0.182219,-0.272329,0.148827,-0.0653081,0.599109,-0.282977,-0.511812,0.546847,91.73963646162697,0.19355492980112565,-6.993297052900869,16.959123253625222,0.8083775946631899,2.583572056378845,9.272867526700725,7.166184848741736,-0.385277,-0.070607,-0.171492,-0.25482,-0.331882,0.390589,0.819976
1.6680493354797363,-12.217322188588769,-6.492309653243059,6.836574102064827,0.6806298270594252,0.13671832949043788,3.517703195616506,-0.331552,0.278978,0.134961,0.538127,0.486152,-0.662954,0.185922,-0.269266,0.150925,-0.0655834,0.596143,-0.278098,-0.51531,0.549299,91.27042049136068,0.4235476740269064,-7.403242091590837,16.620176140824437,0.5834579951291405,2.6352536729172265,9.269511348936325,7.218307602655193,-0.379639,-0.0688138,-0.173455,-0.259556,-0.33595,0.385142,0.81941
1.7349038124084473,-12.680080011488975,-4.31972390616297,5.504681928954828,0.7205267067233181,0.10695867999363554,3.519278008399972,-0.331095,0.278068,0.134487,0.542624,0.484159,-0.661158,0.184444,-0.271004,0.148105,-0.0666355,0.592139,-0.276274,-0.513753,0.555969,91.37060772912524,1.479063056372528,-7.512569512896447,16.168800822480794,1.9748650391600227,-0.13751290721462084,11.084027244333896,8.813514844922281,-0.385946,-0.0707805,-0.171909,-0.250965,-0.330864,0.388298,0.82266
1.8015658855438232,-12.964262458100416,0.7339797980917999,-0.9285481454298884,0.009396596654001608,0.15384846199310792,3.122529124682824,-0.331636,0.276115,0.13308,0.551162,0.477375,-0.662977,0.169691,-0.281838,0.141596,-0.0696273,0.61748,-0.294959,-0.483169,0.546137,93.68691858242225,-1.1270534594155333,-8.023241504870832,14.620495426186432,1.0489596680263684,4.291236760615977,7.396747482270829,7.2061764628131195,-0.407318,-0.0745507,-0.16801,-0.238642,-0.300005,0.407863,0.828671
1.8686885833740234,-13.685677302449209,3.355822270849983,-5.4930294841638885,-0.5947962978053163,0.002487577014001613,3.3467946059836904,-0.334569,0.274866,0.131687,0.56047,0.471777,-0.662467,0.156328,-0.294387,0.138686,-0.0743907,0.622677,-0.278007,-0.473619,0.557378,93.39733473322069,0.9123547214200443,-9.753653274522833,16.664563745442145,3.6178629672870324,-1.5105051007579,11.980880851425775,10.007427624322148,-0.428611,-0.0773421,-0.164096,-0.234817,-0.265761,0.409673,0.840476
1.9347724914550781,-14.119012014759527,2.987033109072889,-9.720219760750195,-1.20839708284751,-0.1651686933822366,3.531920140765386,-0.335965,0.274895,0.131703,0.566067,0.469678,-0.660765,0.149533,-0.302842,0.136919,-0.0767925,0.6349,-0.273599,-0.461945,0.555565,93.38274634652055,0.22214271697217125,-10.421970197412072,16.807563793708052,5.191805940299922,-2.4310369137186107,11.562729811716899,9.645692567174967,-0.445894,-0.0753947,-0.161679,-0.238304,-0.245948,0.405709,0.84742
2.0009348392486572,-12.69284287294085,1.5351924670330979,-11.928467206347154,-1.708898702746873,-0.2579291770836626,3.4689432180057227,-0.336343,0.274637,0.131443,0.568473,0.466886,-0.661397,0.14632,-0.304585,0.135811,-0.0772212,0.632301,-0.272779,-0.461188,0.559547,93.55248505832797,1.2058228161451856,-10.600472942285528,16.732815277130282,5.359876820418166,-4.292552022935023,12.934931700757579,10.010798372105052,-0.449008,-0.0762524,-0.160093,-0.236235,-0.241783,0.406802,0.848673
2.067506790161133,-9.774789640148864,-5.975759737300102,-8.055369644907774,-1.4403327505806196,-0.3658589569247607,3.2909145124213675,-0.337759,0.27632,0.132267,0.563023,0.474329,-0.659444,0.15215,-0.300159,0.139807,-0.0740956,0.621697,-0.277765,-0.468988,0.562485,94.26775582821757,1.2622646192829343,-9.813441829660178,16.491755596740564,4.36694298517436,-2.1097152902865446,11.944917843961818,9.43879882941619,-0.436392,-0.076706,-0.159473,-0.244319,-0.261775,0.410913,0.838411
2.133969783782959,-8.404494479386026,-10.540693463584986,-0.0660276692941652,-0.4766317959866464,-0.20793505501711082,3.375706561551284,-0.337414,0.278313,0.133416,0.553531,0.482305,-0.658369,0.165938,-0.288536,0.143064,-0.0686,0.604576,-0.283339,-0.4856,0.564269,94.3149356498471,1.3733347507171922,-8.647342128719362,17.392580996048952,2.6865210116801723,-1.237292044696236,11.763488097610644,9.349511008715584,-0.413262,-0.0773246,-0.159796,-0.248545,-0.288299,0.412408,0.827665
2.2145283222198486,-10.592104444015197,-12.38218304127433,2.4823519677821655,-0.2230636703833083,0.09099591770762623,3.806133234295359,-0.333369,0.278554,0.134187,0.542875,0.486123,-0.660018,0.182613,-0.273885,0.144696,-0.0648552,0.585824,-0.287532,-0.501648,0.567878,94.01094515895726,1.7986543547778844,-8.13417471789421,16.891520819606317,2.2844139187471137,-1.0375162816198795,12.479658608175319,9.399915347539565,-0.38888,-0.0795253,-0.15961,-0.260023,-0.32363,0.407972,0.813148
2.2823076248168945,-11.85686263628504,-12.926588123267425,0.4141884011765175,-0.5627535957368184,0.002260354624843465,3.9721354610260593,-0.332279,0.279321,0.134855,0.538667,0.488479,-0.660706,0.18626,-0.270828,0.146838,-0.0650233,0.584487,-0.283325,-0.504898,0.568489,93.65006648108722,1.6317602406190135,-8.53587506484868,17.097406814544094,2.5795567049173167,-0.9605373610937171,12.115200438403896,9.30703460028867,-0.382502,-0.0791185,-0.160283,-0.269797,-0.315379,0.401345,0.816498
2.351693868637085,-12.329476761348262,-11.958424644850751,-3.01865192682107,-0.9859543905432528,0.06927293826345658,4.139033914135663,-0.331962,0.278187,0.134226,0.54349,0.483885,-0.661753,0.180435,-0.275576,0.142692,-0.0667592,0.592069,-0.288458,-0.491253,0.570015,94.59527385534125,1.3016989179891523,-9.226979109313827,16.5601017972744,3.150721081698168,-0.9996301312789306,11.779607008842888,9.572261191269085,-0.394991,-0.0808917,-0.157973,-0.258794,-0.301026,0.421619,0.815258
2.4187612533569336,-14.960762606483847,-6.43710388169975,-12.113103212255956,-2.232633182418859,-0.0073542818868243785,4.281970139216535,-0.332726,0.276341,0.132869,0.553555,0.476825,-0.662113,0.166799,-0.285911,0.137728,-0.0705959,0.60749,-0.291656,-0.468978,0.570922,95.79816015667281,0.9210015124312969,-10.263998088122001,15.712936575048992,2.9996738806274106,-0.7031695356264507,11.634994976966038,9.874210259439945,-0.414451,-0.084079,-0.153896,-0.249491,-0.269608,0.430245,0.824594
2.487051010131836,-19.595628842420172,3.2360474526216585,-16.970567936368305,-2.6536606939834653,-0.028576173994455334,4.577864411176806,-0.335799,0.274994,0.131401,0.563761,0.47139,-0.660563,0.153693,-0.300455,0.134518,-0.075672,0.624766,-0.282778,-0.448919,0.572866,95.97672157855126,0.6842316847596797,-11.779491184752896,16.147153857764266,4.314954900494721,-1.6983169257280402,10.764934132621152,9.903482538086505,-0.438276,-0.0852384,-0.149743,-0.25244,-0.240036,0.421816,0.837095
2.5550098419189453,-17.021916718139607,6.869478714395132,-12.094280911372595,-1.5968457490709953,0.030852065700898594,3.920870877129925,-0.337143,0.274816,0.131272,0.569682,0.468618,-0.658243,0.150255,-0.304868,0.134226,-0.0761336,0.628832,-0.281123,-0.446441,0.571166,95.53116335637645,0.7672353416990623,-11.418904991111539,15.427569584926072,4.104453264517607,-1.522867675059988,11.561053841058722,10.55296271665594,-0.44534,-0.0844103,-0.149109,-0.251687,-0.235584,0.424353,0.837304
2.6215274333953857,-10.628667159064953,1.7783166650325277,2.1239105837067744,0.5931777277040353,0.018467259790170592,3.088928538337218,-0.337309,0.275605,0.131772,0.561981,0.474977,-0.65875,0.156917,-0.296542,0.136242,-0.0708542,0.61633,-0.289255,-0.466544,0.564629,95.33668343532023,0.8886333725269564,-9.362994262999239,17.166229609289864,3.394784104165577,-1.2787304475607755,11.079552675635412,9.073534793156929,-0.429251,-0.0830754,-0.15397,-0.248436,-0.263105,0.41794,0.833296
2.6879401206970215,-8.444362599983133,-2.4644666196819602,7.366689504864411,1.3136691321799863,0.07783254533937979,2.9126086178709767,-0.336297,0.276882,0.132925,0.553005,0.481103,-0.658737,0.169678,-0.285594,0.141967,-0.067518,0.612739,-0.294283,-0.4878,0.547722,93.69137157524408,-0.7036704652890968,-7.135825095398924,15.942480579415161,1.0153239884542762,3.3391439268358134,8.491408095974684,7.178628140274693,-0.409023,-0.0772355,-0.163406,-0.247127,-0.29742,0.405324,0.828361
2.7555904388427734,-12.822326969364504,-3.2215726850233595,8.21472306923484,1.7555886903481324,0.18594705598633263,3.61759805201763,-0.332635,0.277648,0.133818,0.542533,0.484609,-0.661542,0.182135,-0.275218,0.150922,-0.0705788,0.606436,-0.264751,-0.509331,0.550204,90.20129307236009,0.23757233093095476,-8.457152444703144,16.54624148908372,1.1859223409158508,2.50034286396761,8.881525130773035,7.338693371155009,-0.391076,-0.0671147,-0.178805,-0.262487,-0.312008,0.373652,0.833148
2.822082281112671,-14.934406761567402,-0.6537849243765473,6.9307531627311425,1.9757966037708814,-0.168574849799679,3.8342350934682345,-0.33104,0.277961,0.134581,0.540477,0.485567,-0.661492,0.185843,-0.272842,0.157002,-0.0747258,0.60245,-0.239597,-0.519019,0.557015,87.868052053055,1.5966129171238608,-9.798984967536523,15.64184558491226,1.875243175012114,0.4320784517092413,10.141926297341564,8.949273822082889,-0.387792,-0.0585969,-0.187733,-0.265626,-0.322174,0.342431,0.841658
2.8898868560791016,-13.193732436002135,1.5511495042155607,6.129022774426032,1.9995126331532196,-0.38517873214414056,3.4298952665742224,-0.331159,0.277421,0.134132,0.540618,0.484741,-0.663233,0.181331,-0.27621,0.157674,-0.0771725,0.610955,-0.232945,-0.519163,0.5504,87.04446101203335,1.1563091288877834,-10.058077583091805,16.3345124055352,3.0109757819118927,0.2311427502738148,9.711374860836484,8.291713380314839,-0.395887,-0.0539016,-0.194696,-0.273623,-0.30009,0.343515,0.846802
2.957005023956299,-10.622385499304958,4.440772325780516,4.209460862727869,1.8128175073516324,-0.7084730964689608,3.0777233036659966,-0.33233,0.275378,0.13264,0.550222,0.478922,-0.663102,0.167886,-0.287028,0.154363,-0.0808928,0.629494,-0.229113,-0.508076,0.541389,86.56180754735603,0.5488487211064932,-10.230834575257028,17.04056471412491,3.923033467922771,0.0077424810233210906,9.50592113915632,8.105976433481462,-0.416933,-0.0511882,-0.197808,-0.245097,-0.282857,0.352803,0.857583
3.023256540298462,-9.300125365733694,7.73897449216338,2.526252085853931,1.414452578257444,-0.7167696597029732,2.626566663815139,-0.334931,0.274738,0.13183,0.559544,0.474017,-0.66174,0.155944,-0.298443,0.150847,-0.0843315,0.649599,-0.233494,-0.493225,0.529369,86.72522818261619,-0.9558828122337495,-9.876137054591457,15.775336850403846,4.56685586046077,0.1508710834523015,8.364943165488656,7.974126625332233,-0.440273,-0.0473782,-0.199137,-0.223593,-0.269315,0.351662,0.868222
3.0897934436798096,-8.837026760493035,10.183689464345335,2.5793357090523954,1.3645156953979058,-0.7575436788045582,2.4473349016012915,-0.336897,0.274167,0.131159,0.566543,0.472716,-0.658896,0.14637,-0.308287,0.149865,-0.0877255,0.663241,-0.230743,-0.484245,0.521896,86.51409815445007,-1.7550386034721246,-9.670268988825445,14.792089246197943,6.147059250085116,-0.35756207389493255,7.782924550855935,7.190540426449152,-0.459206,-0.0424918,-0.199865,-0.219042,-0.259427,0.336005,0.878532
3.15673828125,-6.336116853664858,7.584195373856597,1.0350748630511348,0.9790995702032163,-1.0773081783974348,2.045813115172435,-0.338889,0.275117,0.131471,0.570075,0.472081,-0.657706,0.139917,-0.314345,0.154134,-0.0896785,0.680589,-0.224027,-0.479309,0.506826,85.2390571752138,-3.389960428797698,-9.360136720852736,14.10734186608573,4.442404573179886,2.7567180325608156,5.018748353524025,7.125315266331736,-0.4674,-0.0360123,-0.204021,-0.215027,-0.25234,0.330907,0.883509
3.2227706909179688,-9.175753081949019,2.514054943469667,5.183762593524012,2.1193324200991777,-1.5213982937525345,2.82549716483974,-0.339797,0.276019,0.131845,0.565125,0.477687,-0.656119,0.148178,-0.310548,0.162653,-0.0906104,0.673552,-0.203821,-0.499972,0.50479,82.46288979790693,-2.6115222377203473,-8.979720133670162,13.57873579547248,4.636211991843089,3.1762832776703647,4.685357169356694,6.1124824196302825,-0.455919,-0.0282143,-0.213926,-0.229584,-0.258599,0.305967,0.887018
3.28983998298645,-10.609718201183211,0.7665536101516477,6.249477887929612,3.351347129938444,-2.181902503053581,3.1282546911326645,-0.33868,0.27626,0.132212,0.557578,0.481781,-0.657002,0.15919,-0.306498,0.175009,-0.0953622,0.668115,-0.159496,-0.507107,0.520601,79.31329787179993,-1.6154015840347054,-12.703293306969996,13.887237106719795,2.991927162367862,4.693187772893612,4.233852685987793,7.437186700559301,-0.441669,-0.0208515,-0.222212,-0.260189,-0.267941,0.264302,0.889187
3.3584978580474854,-16.283875378256933,-0.5214092414072403,6.124075662405948,3.555262424661902,-1.796337194497479,3.9405890156129413,-0.335145,0.277688,0.133509,0.546853,0.485681,-0.658883,0.175895,-0.297816,0.188461,-0.0989498,0.655161,-0.117383,-0.52269,0.53271,75.35252893025158,-0.600299861310619,-15.54811522037048,12.505647580900249,2.9411853331985913,4.235182863295851,5.060903956394239,6.892725921723108,-0.42263,-0.00942048,-0.234756,-0.290768,-0.283675,0.238138,0.882198
3.426647663116455,-13.852396204936916,0.3537457840925567,6.803294204551648,3.6343476000706025,-1.610808636339399,3.3972674589614824,-0.330186,0.277962,0.134742,0.535311,0.487895,-0.66414,0.185254,-0.285571,0.194036,-0.0963544,0.648626,-0.107339,-0.543626,0.52176,72.9209670747926,-0.8731333302135624,-14.868065745259422,13.401451865352108,3.0652118006756,4.529664317052866,4.6392849035676695,6.074689938516284,-0.402147,0.00206584,-0.244065,-0.282535,-0.28797,0.207606,0.891149
3.4934420585632324,-7.999392159958604,0.5102794557900917,4.947099839039073,2.915328564260094,-1.630979349422167,2.499488943145203,-0.32997,0.277987,0.134849,0.53556,0.486515,-0.665601,0.182905,-0.285037,0.194077,-0.0953628,0.651224,-0.109714,-0.547122,0.514322,72.58111358194563,-1.010986755164117,-14.181398344871905,13.831095417895755,2.7587331293289523,4.717803996257935,4.693309204424549,5.870536137897803,-0.407081,0.00454553,-0.244031,-0.259144,-0.320624,0.196609,0.889601
3.5601372718811035,-6.563845887488661,1.8148589842853895,2.334507217242387,2.0146950395992005,-1.678458429297835,2.4522640745827866,-0.332164,0.276755,0.133607,0.548106,0.48171,-0.661597,0.172697,-0.292952,0.19048,-0.0962872,0.662327,-0.119779,-0.544937,0.50002,72.36197063736688,-1.0424177571707869,-12.028239443588028,11.848988696431284,2.989069704664961,4.518912317194971,6.255628251392759,6.174005646538114,-0.422065,0.00861808,-0.248184,-0.253779,-0.287103,0.228646,0.894924
3.6260244846343994,2.4894665615135074,-3.6967495876592613,-0.6991355080389187,-1.7620679226928233,0.42374755091710453,0.4081242333386617,-0.335268,0.276203,0.132686,0.555065,0.478536,-0.661572,0.158835,-0.300547,0.181956,-0.0950342,0.682262,-0.146039,-0.538746,0.47217,73.36730106027136,-3.070048278636957,-8.81828401074844,13.313809684151636,3.5854586354636098,4.523464898701125,5.928726862162716,7.2882911848457175,-0.494842,-0.0688488,-0.317413,0.719357,0.561518,-0.180019,0.367173
3.692662239074707,5.650341281695782,5.770227454868694,-0.0451468364778567,0.8775325525538652,-0.8067912007511009,0.4149931053460404,-0.33842,0.275475,0.131865,0.56912,0.473043,-0.657723,0.140474,-0.314095,0.177114,-0.0967028,0.700261,-0.159989,-0.528447,0.452529,73.70407493698166,-3.7015329298678843,-6.608075411669183,11.947381043769226,5.07223760746955,3.066308348946958,5.93831629257788,7.46063712841065,-0.469515,0.01458,-0.244481,-0.187725,-0.264944,0.236647,0.915731
3.7600343227386475,11.010932751431053,6.211741239217005,-7.429242578175357,-0.5385107315944664,-0.771947218596579,-0.05338283034813149,-0.34241,0.277154,0.132393,0.577781,0.47143,-0.655016,0.121971,-0.326994,0.178221,-0.0972452,0.715067,-0.162476,-0.514073,0.444984,74.69136931115274,-4.081632343365307,-6.456928229189562,12.606729366903023,4.62687911805168,3.1640431745199322,6.150024283772077,7.40383122305595,-0.489132,0.0201306,-0.240948,-0.166749,-0.24916,0.240925,0.923076
3.8270037174224854,13.207379444721434,-1.2188492894207066,-6.257215591083508,0.12112303666140051,-0.7565524124910991,-0.02222845196110555,-0.345459,0.278756,0.133234,0.582463,0.475086,-0.648775,0.118837,-0.332054,0.180659,-0.0956458,0.717278,-0.166042,-0.508663,0.446324,75.37816010219403,-4.271641462239899,-5.7004634156563485,10.925845307470688,3.3129702327923862,5.574686674986918,5.466667043978807,7.2752464255963005,-0.495366,0.0250977,-0.240522,-0.165145,-0.253113,0.242451,0.921889
3.893974542617798,9.431831042418988,-4.297331219428709,-5.2980411020286455,0.34490026627585124,-1.0091990287093955,0.3432487845163818,-0.345691,0.278852,0.133086,0.580241,0.476032,-0.64897,0.124709,-0.329201,0.182294,-0.0955423,0.713774,-0.163046,-0.509596,0.451945,75.26816718941156,-4.273227297233229,-6.268550833250464,10.425678545463738,1.7085463282574547,7.448519535904058,5.059867126128864,5.964254034772931,-0.488619,0.0255126,-0.243406,-0.174825,-0.259782,0.234458,0.920315
3.960415840148926,6.862171806401147,-9.593708494135875,-3.8383910720611096,0.8687979940072494,-1.2472381565767454,0.9083918961709159,-0.344296,0.278921,0.133064,0.567989,0.481375,-0.653494,0.136429,-0.319195,0.186412,-0.0942748,0.694942,-0.146164,-0.536691,0.455691,73.33232123071109,-2.5098391162820164,-6.534330458650866,13.345467580515338,3.7828911606251747,4.219920638261392,5.947002407437962,7.2444780658523085,-0.470238,0.0256711,-0.248614,-0.203595,-0.275865,0.226383,0.911701
4.027112245559692,6.430597158433184,-12.099231214229839,-4.17599040466538,1.250326629817263,-1.7500439840466717,1.1488417191138898,-0.340848,0.278907,0.133672,0.559731,0.483749,-0.655913,0.149885,-0.307035,0.19135,-0.0919605,0.677635,-0.132725,-0.551034,0.468569,72.24071696492608,-1.1052560328586178,-7.72612579876287,13.901112085886528,1.6157612662586898,5.290215723291933,6.817964715171922,6.168933449123043,-0.445142,0.0242295,-0.251542,-0.222155,-0.294101,0.210712,0.905402
4.093562841415405,7.5203243073580825,-12.528878642804383,-4.403193015351385,1.5848614446314324,-1.803226312276864,1.2604475115524865,-0.33662,0.280635,0.135555,0.544912,0.489158,-0.660444,0.166159,-0.293707,0.196737,-0.0900956,0.661769,-0.126139,-0.565986,0.475195,71.5496136654696,-0.9948139791694821,-8.313096981573311,13.236047978267386,2.482629425093946,5.187918912516505,6.4806712962054664,5.401759956614568,-0.422921,0.0252042,-0.25274,-0.241414,-0.314867,0.206664,0.894353
4.160075426101685,7.683276246792749,-9.825158117100214,-4.419730892989987,1.5648888219212906,-1.6251057343447781,1.0784323599775887,-0.333356,0.280463,0.135949,0.539704,0.489094,-0.663605,0.17069,-0.287503,0.197663,-0.0896804,0.657646,-0.122184,-0.569808,0.477381,71.16907191844923,-0.9655157480199268,-8.952123271223975,13.887798336709004,2.372919569994581,5.006097116250416,6.274186143371775,5.60517652657031,-0.413768,0.0262878,-0.254873,-0.251182,-0.315162,0.200397,0.892984
4.22702169418335,7.306088045420298,-8.27099406811788,-4.266767374737631,1.1965376795913856,-1.1542433390416786,1.0588782605505132,-0.333004,0.279269,0.135397,0.544562,0.485295,-0.663079,0.168129,-0.288971,0.194705,-0.0897943,0.662619,-0.125781,-0.566323,0.473702,71.02606571722308,-1.1138348709039754,-8.602012948139969,13.862993330781649,1.807418460101578,5.245465792025325,6.701120330596089,5.65837059511873,-0.418038,0.0249446,-0.254085,-0.235986,-0.314486,0.202713,0.896837
4.30795693397522,8.077682178186787,-6.535347309776692,-4.368421495568179,0.6174388724371751,-0.9493590774778987,0.9069821495229714,-0.336356,0.278025,0.133998,0.556498,0.480631,-0.660004,0.153944,-0.297717,0.183621,-0.0888574,0.677333,-0.160066,-0.556257,0.454067,73.01468846926169,-2.2667821403445156,-5.1896604085773825,13.288707492263068,2.036886235147108,5.075523751892394,7.44874257563889,7.278166508422529,-0.436864,0.0188289,-0.249981,-0.193818,-0.296586,0.230631,0.906245
4.376636743545532,9.70902290115005,1.2569048363247097,-2.034520211149657,0.490896497977123,-1.1853257323670834,0.6159563259161682,-0.338661,0.276122,0.132433,0.568582,0.473275,-0.658786,0.136844,-0.311208,0.174302,-0.0923076,0.698795,-0.182978,-0.522026,0.453535,76.31151146504429,-4.107435882168147,-5.745039364875748,12.183640753676253,1.3011219194720072,6.865283901014237,7.129108361364989,7.430925084192344,-0.463019,0.0126104,-0.242806,-0.172649,-0.280472,0.25091,0.910259
4.443018913269043,9.91281728848712,6.654264617141656,-5.638224482204277,-0.5739513511513886,-1.2521998362721305,0.16683315040553998,-0.341725,0.276473,0.132156,0.576106,0.471794,-0.656011,0.12313,-0.323376,0.173122,-0.0947741,0.707274,-0.179399,-0.514232,0.450716,76.58793609641165,-3.700930922717575,-5.833866292938703,13.049777463897836,4.419773860521004,2.9669335077040984,6.236146174593224,7.055705471479613,-0.483609,0.0126976,-0.237653,-0.166338,-0.257816,0.255582,0.91681
4.5092613697052,6.9572751533236685,0.8717478130059535,-4.364350422292468,-0.2766610535490786,-1.3812870815429759,0.5688334434080904,-0.344833,0.278021,0.132722,0.580524,0.475235,-0.64931,0.124661,-0.327543,0.177214,-0.0947777,0.708174,-0.170502,-0.51534,0.451491,75.58402175637224,-3.558887071294901,-5.386219015206929,11.582757913744082,3.8129603355495076,3.7288270069610085,7.015165480842781,7.915353910512881,-0.487173,0.0164226,-0.238282,-0.174778,-0.259559,0.248928,0.916579
4.5756285190582275,4.822110616960047,-0.7280438517817373,-2.1136053498950558,-0.03974364803126504,-1.7503776026608229,0.2242357912166122,-0.344361,0.27845,0.132846,0.571784,0.47996,-0.651587,0.134671,-0.321054,0.182576,-0.0938841,0.700884,-0.160462,-0.522285,0.458511,75.07998643394964,-3.5933863240500337,-6.452583220459595,12.080161230612765,2.1277507107872586,6.994912621632057,6.331387484899881,5.989208865442018,-0.473438,0.0205368,-0.24435,-0.196529,-0.277884,0.231579,0.911333
4.642348766326904,2.2227820505298133,-0.7265320393067162,1.9403577605717823,0.8380947604260787,-1.3791970921463572,-0.3064864879913249,-0.343015,0.278805,0.133066,0.562134,0.48422,-0.653906,0.148132,-0.312694,0.19443,-0.0948111,0.682474,-0.11941,-0.543189,0.474252,71.8196320265401,-1.2536567987974543,-9.219910559831655,13.491215294651603,1.0150411497279075,6.275083525813944,6.80950925825825,5.108019892680482,-0.452976,0.0273687,-0.253538,-0.249972,-0.285544,0.199309,0.903468
4.709220886230469,0.7363019516056768,-0.20900022720419867,2.466635038000203,1.0807619843470455,-1.1079884339053372,-0.6785260613579494,-0.339689,0.280553,0.134644,0.549052,0.491353,-0.65521,0.166776,-0.304442,0.205985,-0.096936,0.667698,-0.0818687,-0.556812,0.487276,68.71984144721709,-0.7849140799117329,-11.811695112633352,12.685325276987198,2.724084619984769,4.894236391520732,6.32355533232569,5.0266452772957875,-0.43519,0.0343669,-0.258419,-0.283985,-0.303914,0.172933,0.892795
4.775837659835815,-2.1007488432055372,1.554309300350034,1.625674967008161,1.0792228033808215,-1.3351740909006173,-0.5399172617050354,-0.333482,0.281327,0.136166,0.536157,0.492314,-0.661707,0.179739,-0.293036,0.214469,-0.0970931,0.657705,-0.059718,-0.566345,0.493064,66.57167905750902,-0.8726768685553807,-13.905494058234229,12.044391690383435,2.7525080448657047,5.426296364718159,6.403374210191771,4.7674009447029615,-0.411867,0.0396247,-0.264461,-0.281729,-0.298224,0.145494,0.900291
4.843120098114014,-2.5924190834896335,3.109754741394839,4.358282831073621,1.498875334125734,-0.9898524329952243,-0.5347873377915392,-0.331218,0.281449,0.136836,0.532832,0.488928,-0.665943,0.18319,-0.288419,0.216514,-0.0959391,0.653989,-0.0545983,-0.572564,0.491414,65.46725356062633,-0.6070443086573398,-14.320543750475252,12.263523554845797,2.457175140635252,5.216571766764776,6.664067903625225,4.932317166409819,-0.405446,0.0441673,-0.267143,-0.279971,-0.304706,0.140388,0.899479
4.9095892906188965,-0.7519762020834717,0.4463506065587503,1.7979724249692357,1.1085164559294163,-1.2614143449380408,-0.006208886250497132,-0.331637,0.280511,0.136114,0.536199,0.49009,-0.663366,0.179576,-0.29067,0.213983,-0.096472,0.66206,-0.0625045,-0.571789,0.480445,65.61743377090153,-1.3928605311980249,-12.695758840962537,11.391672315304858,3.1340627471923215,5.737795642777147,5.407022266216569,4.4546225044667445,-0.411636,0.0444674,-0.267543,-0.263289,-0.300088,0.151419,0.904267
4.976736783981323,1.925054785556046,2.5131865025850626,-0.8592368694556942,0.6415304702755126,-1.736995642787815,0.003192887491233916,-0.332217,0.278642,0.134768,0.544363,0.483935,-0.664401,0.167471,-0.293875,0.205623,-0.0956848,0.674346,-0.0889581,-0.566846,0.46479,67.1408524560811,-1.9006123007260367,-10.469615877500496,11.621190751363539,2.4967576438368866,6.589120422607596,5.0964844769244575,4.120165138510571,-0.425298,0.043766,-0.266129,-0.248133,-0.301377,0.161689,0.906344
5.042843341827393,4.22642669693938,3.6295338894002107,-1.353692983395224,0.4743361511213833,-2.104526808227871,0.2363509617321837,-0.335384,0.27746,0.133633,0.554942,0.48049,-0.661013,0.155661,-0.300721,0.193823,-0.0945842,0.692628,-0.125396,-0.555212,0.443037,69.17273688698602,-3.750958579652915,-6.859441957886386,11.467248309434973,1.818476565010593,7.634549905400984,4.337326722802268,4.125212821660095,-0.443866,0.040572,-0.263066,-0.202541,-0.295836,0.182856,0.915435
5.109322547912598,3.2717181268500464,6.791340895163586,0.9185284068963085,0.5231646311391102,-1.8790802464824568,0.13735094059423994,-0.33874,0.277093,0.132748,0.563485,0.477524,-0.658697,0.143438,-0.312539,0.192251,-0.097553,0.708472,-0.126161,-0.53812,0.438836,69.81572749253763,-4.652749357241628,-7.335539631960149,11.456814431852017,1.7297566521579473,8.302666353328178,3.9725425887770767,4.148026643933435,-0.464467,0.0430398,-0.261486,-0.195241,-0.280634,0.186011,0.921154
5.176727533340454,0.1321461186997975,5.49729290588475,2.863215618360199,0.5545208721360656,-1.3450119784205583,0.2951279303818172,-0.341742,0.277878,0.132764,0.5697,0.478213,-0.65367,0.139536,-0.32064,0.197013,-0.0995799,0.716253,-0.112002,-0.531438,0.43819,68.76012061214344,-4.8278369916047,-7.901277877596611,10.01815144841384,1.0744039964842926,9.267514367561184,2.6372345019710934,4.047101393780079,-0.474633,0.0492302,-0.262748,-0.190402,-0.268303,0.169987,0.928905
5.242609739303589,-0.7827177908190173,2.934363060026037,4.7664661020415355,0.8753497038703311,-1.4220867006668316,0.3713568351270524,-0.342428,0.2785,0.132926,0.56687,0.480958,-0.653386,0.142914,-0.319556,0.202507,-0.0992823,0.710617,-0.0941425,-0.548739,0.43017,66.07073948916874,-3.9020515071912527,-7.284006217652573,10.638729820696437,2.8139897211223275,6.88900308036493,2.6688488455311434,4.498836254448812,-0.470323,0.0560673,-0.267038,-0.192931,-0.275085,0.154157,0.929162
5.309334993362427,1.0714499988317265,-0.3764741891270981,5.39633416444206,1.4960183885311054,-1.4485621368229857,0.2444536764786969,-0.341144,0.27887,0.133262,0.558932,0.484983,-0.655489,0.150733,-0.311334,0.209092,-0.0967225,0.693186,-0.0745258,-0.57372,0.429865,63.64122251998896,-1.9241643637449588,-7.213664227652435,12.275659857123092,2.9003855898453974,5.104747782164729,3.8112934704331436,4.42321285347032,-0.453475,0.0637564,-0.273146,-0.197907,-0.293962,0.140023,0.924561
5.3768041133880615,2.377889523879701,-4.686851188799119,4.257625130231106,1.7769012482366593,-1.5674747898547206,0.33075993917519786,-0.338611,0.280035,0.134383,0.550568,0.486975,-0.658979,0.159612,-0.303483,0.217501,-0.0947154,0.680821,-0.0542462,-0.589192,0.431733,61.445491684764946,-0.9899098919545359,-8.113226896891312,12.363645259623077,2.227528676911692,5.229176543741406,3.801084730551443,4.0766408164974965,-0.436825,0.0733351,-0.278678,-0.210851,-0.304836,0.119207,0.92109
5.443252801895142,3.8251932378352707,-3.3802866950477406,3.8311640604989172,1.873693769098351,-1.2181096978172588,0.013893134027174993,-0.335221,0.280098,0.135047,0.544368,0.487906,-0.661671,0.166743,-0.297083,0.222696,-0.093599,0.678228,-0.0412927,-0.599076,0.423568,59.2395181876695,-1.3836069250588707,-7.955577732558961,11.509133837458489,2.3556151034572284,6.028298168777507,2.0427753776752664,3.3834702064515008,-0.427773,0.0839629,-0.283546,-0.214403,-0.315081,0.0986182,0.919255
5.5094287395477295,3.3571400969950713,-0.5740421838559948,2.6219246582448044,1.539234454972427,-0.9206631052354666,-0.15921013856046193,-0.334992,0.279813,0.134846,0.545556,0.486663,-0.662112,0.164726,-0.298913,0.224986,-0.09462,0.683717,-0.0336778,-0.593587,0.423145,58.75684993348644,-1.8938210918968128,-8.823062806972363,11.170232116473258,1.2738289257409936,7.554687252747019,3.0109823736748953,2.645908507274868,-0.431408,0.0888476,-0.285176,-0.214207,-0.311656,0.0898961,0.92136
5.576343536376953,4.439489352870529,1.455875431815436,-2.7367126803304433,0.27314024597278264,-1.3042230167988031,-0.7542433477962859,-0.3382,0.279831,0.134471,0.553732,0.483647,-0.660401,0.152763,-0.308925,0.224354,-0.0973668,0.693209,-0.0326931,-0.584616,0.420259,59.11309590832463,-1.734065590009049,-9.23896400407886,11.213413924952706,2.01218589103099,5.986819810903391,2.5655192793834236,3.8974115593744663,-0.449181,0.0895884,-0.283267,-0.204032,-0.293622,0.0929052,0.929261
5.643484115600586,0.9712284691061053,11.1228148822093,1.9183991261729518,0.43918356832976935,-1.1762500038125567,-1.550192973280327,-0.340651,0.278788,0.133357,0.561119,0.4832,-0.656457,0.143976,-0.320973,0.219782,-0.102471,0.713123,-0.0359646,-0.561766,0.41783,60.25753998314472,-3.75692779994872,-9.717461111792993,10.937769370375246,3.989863394856288,5.811302444848803,2.0172903669195015,4.381218532764126,-0.473605,0.0845503,-0.278384,-0.204608,-0.269853,0.0997181,0.935613
5.709964990615845,-1.8146546857117027,18.770121506430964,5.630117997976812,0.14704342879762633,-0.8066774956511131,-2.064252115069492,-0.342868,0.27847,0.132489,0.566917,0.482086,-0.653595,0.137885,-0.329028,0.219854,-0.105275,0.718516,-0.0296229,-0.554763,0.418445,60.13406601468479,-3.6213383561292396,-10.334083890513917,10.739039739764905,5.301487272298921,4.117894570537505,2.0626254060432165,3.624872263061839,-0.486301,0.0826703,-0.275901,-0.208912,-0.253145,0.0984474,0.939458
5.776357412338257,-3.3644138212875676,15.192753378173121,6.92666884154559,0.5975820218598191,-0.5023474363983541,-1.6142971990023873,-0.345102,0.279934,0.133176,0.567111,0.485418,-0.651256,0.136456,-0.333646,0.224875,-0.104958,0.719693,-0.0205052,-0.546521,0.42771,60.68156828412026,-3.8123041160154205,-11.763849777683905,10.152480170964116,3.851475069081248,6.76381528539061,2.58776693044626,4.455350084847633,-0.489398,0.0859805,-0.275495,-0.220544,-0.252097,0.0901276,0.937915
5.842786550521851,-4.336348857698927,9.775298952534568,6.995015375444841,1.2755466080352642,-0.9722973011794008,-0.6459797062327388,-0.343439,0.280057,0.133442,0.562656,0.486397,-0.6526,0.144737,-0.327405,0.229169,-0.103496,0.70504,-0.00718799,-0.560845,0.433959,59.13507092349764,-2.3184892949330145,-12.347825263056468,10.094309308365355,3.5970043810165215,5.777431726411141,1.9141579533669841,4.659248015159164,-0.474636,0.0872352,-0.279061,-0.234515,-0.262765,0.0825953,0.932274
5.909026622772217,-4.2784087397180395,8.483422121383287,5.9672414954758635,1.4161446834402462,-1.3122072022889182,-0.6160285463634629,-0.340703,0.280271,0.134069,0.552995,0.488129,-0.657419,0.154037,-0.317488,0.230469,-0.101249,0.694563,-0.00968705,-0.572282,0.435869,58.94534448203919,-2.1982797131260376,-12.115494928620267,10.143498873939661,3.2546468540651787,6.665992398633225,2.0852650518807896,3.7088007487280583,-0.456634,0.0864427,-0.281556,-0.241387,-0.279559,0.0814307,0.925715
5.97704291343689,-3.8958417548061486,8.28885609287222,8.43907704689109,1.960506906369442,-1.2809253578252717,-0.6415255086621129,-0.336459,0.279995,0.1346,0.545455,0.487603,-0.661291,0.165577,-0.306237,0.229749,-0.0994765,0.682729,-0.00991756,-0.581363,0.442492,58.54817058685566,-1.839598374208288,-12.413251536762218,10.686736334106222,2.694890340037377,6.290088305431144,2.637632993900866,3.8422761790062343,-0.438208,0.0847099,-0.283698,-0.245297,-0.293049,0.0811861,0.920522
6.043617010116577,-4.229836844202402,8.71660477996034,7.405064478740239,1.7793406578832025,-1.3143223250419311,-0.5713205331574549,-0.334998,0.279714,0.134797,0.544153,0.487551,-0.661558,0.168916,-0.303282,0.229658,-0.0989963,0.676685,-0.00759304,-0.586742,0.444718,58.10642150119522,-1.226879304859244,-12.415517255742252,10.780004928519958,3.3292742351043314,4.970592108478609,2.5448858866212896,4.680794227160219,-0.434373,0.0843842,-0.284003,-0.245845,-0.295554,0.0815038,0.919546
6.109994888305664,-1.6650999891665104,6.457430213044668,3.8369231773695454,1.1993756369505288,-1.4545288855425436,-0.3994356960123425,-0.336165,0.279595,0.134478,0.547365,0.486694,-0.660943,0.163322,-0.307,0.228063,-0.0994962,0.684408,-0.0138738,-0.580938,0.440345,58.77385464812974,-1.758661568936441,-12.034431412601457,10.788966177555455,3.2556623301713694,5.887194682441532,2.387561717439037,4.066290880744786,-0.441361,0.0838415,-0.282912,-0.238138,-0.289587,0.0848723,0.923161
6.177457571029663,2.2661105280656435,2.604598618071247,-0.2511669767931321,0.5010358828604582,-1.5497571095371325,-0.27750387275300425,-0.338413,0.279433,0.134154,0.55371,0.485917,-0.658196,0.155137,-0.310583,0.222808,-0.0990629,0.695067,-0.0342555,-0.576692,0.427943,60.00681213825821,-2.3701881176704447,-9.778874281986027,10.464433342561831,2.592144256861067,6.503600111118576,2.0340579350059946,3.9088356781240567,-0.450964,0.0829408,-0.281049,-0.213731,-0.287274,0.0974315,0.928601
6.2438695430755615,6.059095247953326,2.184675102442642,2.2456656725162016,0.8128186837518736,-0.9775299542657432,-0.3091176235305719,-0.33955,0.278493,0.133444,0.561601,0.480647,-0.657378,0.146417,-0.313237,0.211971,-0.0984514,0.707217,-0.0641217,-0.574788,0.406634,60.90821448235658,-3.125531326591169,-6.408852160933919,11.368296313961377,3.5642387763338093,4.7732246687058435,1.833508875473011,5.1954696805430425,-0.463889,0.0803256,-0.278535,-0.179642,-0.287596,0.121753,0.932841
6.311931610107422,7.9042694633387525,4.128382531470497,0.8488295872433703,0.27684142088047126,-1.0752587322347258,-0.49497282456696906,-0.341842,0.278219,0.13263,0.567494,0.479783,-0.654994,0.1369,-0.320625,0.206392,-0.100017,0.717202,-0.0830412,-0.559543,0.406985,63.37635137113855,-3.9577004095539294,-5.9080974997202,10.947984209700373,3.884735724604721,5.423614536051346,1.4846019968510844,5.0990146284539195,-0.4772,0.0741411,-0.273922,-0.16723,-0.279301,0.139767,0.935142
6.379131317138672,11.294719256405516,2.0572047411999637,0.6901941330000803,0.3911159694196643,-1.1012765184615805,-0.9931811319244587,-0.34311,0.278839,0.133167,0.569547,0.480401,-0.653954,0.131055,-0.323418,0.20414,-0.0993685,0.718269,-0.0921836,-0.557256,0.406272,64.53817788048825,-3.7497990060171524,-5.317796913243474,11.541569822038156,4.476257407853012,4.287998085633578,2.5721153017880534,5.858870074018416,-0.481889,0.0701051,-0.270333,-0.165423,-0.274757,0.149581,0.935291
6.4455726146698,10.391598016868587,-2.1620095464606464,0.41056184214536173,0.5114909869308495,-1.1497560766364816,-0.7461736968179364,-0.343658,0.278848,0.132868,0.571408,0.479418,-0.652545,0.133553,-0.323469,0.203158,-0.0990963,0.718963,-0.0971658,-0.5506,0.412906,65.30510646824547,-4.072952935421748,-5.666591134393334,10.541306541654736,2.615532006290648,6.572158393432215,2.266720258924376,4.712138246127796,-0.480465,0.0672135,-0.269619,-0.169294,-0.275139,0.150682,0.934309
6.51179313659668,9.7578487934135,-5.4729892896116565,2.737332470777868,1.27203640128287,-1.0381128510551518,-0.47583759012474985,-0.343101,0.279167,0.133217,0.56569,0.482694,-0.654073,0.138525,-0.318465,0.205112,-0.0972122,0.70915,-0.0916347,-0.564553,0.412297,64.47276724792678,-3.215998553922356,-5.272540540946702,11.840061349935723,3.342393329156872,5.405445746467613,2.628055666766955,4.668793016450667,-0.470882,0.0688047,-0.271949,-0.173504,-0.289182,0.148619,0.929614
6.578088283538818,7.690615011480597,-10.243153057568751,0.3441303747261151,1.4647329617267904,-1.280284065836231,-0.34206620745734617,-0.342131,0.279271,0.13344,0.562049,0.483857,-0.655323,0.143299,-0.315464,0.209944,-0.0974607,0.702764,-0.0749373,-0.572617,0.415472,62.972120108788445,-2.505846928328717,-6.242482406987886,11.988711368103441,3.3301171535989953,4.7573630989388995,3.0182504969656354,4.864440332476281,-0.463539,0.0717565,-0.274557,-0.183059,-0.290687,0.133484,0.929609
6.6452085971832275,5.776883408899899,-9.002886439637818,2.3891970824238324,1.9341516173593778,-0.9099009633325421,-0.8932302924358128,-0.340943,0.279503,0.133724,0.558911,0.485138,-0.655457,0.150455,-0.3158,0.219195,-0.0996765,0.695937,-0.0432811,-0.569784,0.434908,61.56151629980809,-1.88791965379197,-9.86613167067197,10.78071034340935,2.8725912568547525,5.778185248476593,2.549517683055333,4.471804410462939,-0.458757,0.075347,-0.277065,-0.221055,-0.282933,0.108883,0.926945
6.711738109588623,5.659699236905046,-9.696203468880011,-0.9990807120326601,1.452567355077788,-1.1039027656727254,-0.988855223098978,-0.339573,0.280187,0.134316,0.549788,0.489473,-0.658259,0.157618,-0.3141,0.228079,-0.100938,0.690592,-0.0187337,-0.566947,0.448667,60.794101408767254,-2.3420311874040802,-12.865574787423075,10.154792771780896,2.390755778323629,8.141860037884774,2.8260921940158603,2.833323578990646,-0.450429,0.0789781,-0.279698,-0.256182,-0.284797,0.0817609,0.920096
6.7791876792907715,7.027482047819161,-6.953472300895994,-1.6148973074881716,1.5848197905510604,-1.1515735758350762,-1.1172524681914833,-0.336817,0.280261,0.134887,0.546725,0.488564,-0.660089,0.16334,-0.307763,0.230063,-0.0995743,0.682499,-0.00866872,-0.581424,0.442793,58.63276590598278,-1.5424431106851308,-12.388292633295686,10.85113925289445,3.1585860238566044,5.4709741400825,2.649588748405127,4.383334121008593,-0.441101,0.0839375,-0.282663,-0.250722,-0.289957,0.0809247,0.920062
6.846400499343872,7.274498372373482,-5.574431797950582,-0.6650773457523816,1.6222140218624945,-1.1496933408854562,-1.1009476025492788,-0.335849,0.28005,0.134954,0.544849,0.488581,-0.661047,0.165667,-0.304863,0.229894,-0.0984479,0.682664,-0.0102361,-0.585126,0.4376,58.1728890571772,-1.854314793533339,-11.737814272436594,10.944896262003999,2.9190367428218362,6.116789278221088,2.4025327489145725,3.746495814570679,-0.437891,0.0872,-0.28425,-0.241522,-0.296521,0.0792551,0.920577
6.9131457805633545,4.8917432499144144,-3.5585228948799097,-1.4860723229144295,1.0756692577405627,-1.446779024211533,-0.8474923441131373,-0.336963,0.279468,0.134304,0.54961,0.486754,-0.659834,0.160057,-0.308869,0.229043,-0.0992208,0.690876,-0.0170343,-0.578318,0.43353,58.78741340603827,-2.323358975480195,-11.340898374241998,9.514562362880994,2.086476221984074,8.033893671037143,2.5154729240226223,2.7160285610162638,-0.445309,0.0886563,-0.284327,-0.237141,-0.290213,0.0779096,0.923835
6.979806423187256,6.245706039553362,-2.821774704111658,0.343520580638558,1.0280327054841873,-1.0348388194851952,-1.222816461058087,-0.338257,0.279345,0.134138,0.552643,0.486307,-0.658723,0.155482,-0.311211,0.226907,-0.099315,0.694629,-0.0212852,-0.579219,0.426079,58.74889882012014,-2.2736542197149117,-10.382702396245026,10.283133026262163,2.5152439215871683,6.760060555351835,2.0161519238826453,3.485512229401838,-0.451744,0.0889679,-0.283381,-0.225623,-0.290314,0.0834742,0.926199
7.046311140060425,6.084489788549126,-3.8802157740683327,0.5107630197192337,1.3397734777702484,-1.1144188594654736,-0.9753778156316903,-0.338907,0.279199,0.133872,0.55288,0.487066,-0.658302,0.154041,-0.312919,0.22551,-0.0998317,0.695163,-0.0229126,-0.581073,0.422584,58.712516727787474,-2.2256661866670218,-9.857667087624366,10.834944154412474,4.234290118166907,5.273393606045762,1.3534833394036432,4.043480957087534,-0.455322,0.0884256,-0.28289,-0.220791,-0.285974,0.0833468,0.928721
7.112712383270264,5.932598918203273,-3.4404059837403596,2.079681356885451,1.6781927402535557,-0.6582074856722603,-0.9740476150241042,-0.338482,0.279051,0.133809,0.553624,0.485047,-0.659133,0.154186,-0.31219,0.225706,-0.0999423,0.694931,-0.0197739,-0.58119,0.422963,58.30651695511534,-2.0645425039024463,-10.23810738500287,11.179606973261285,3.5204644976158033,5.027404604563511,1.9976300804967286,4.663442081952143,-0.454656,0.0892323,-0.283479,-0.219329,-0.286686,0.0836914,0.928818
7.179376602172852,4.403500009141584,-2.133099242132517,2.1227211541037945,1.6952991284025445,-0.7547932526922962,-0.802456694317048,-0.338375,0.279108,0.133857,0.554804,0.484752,-0.657836,0.156396,-0.311841,0.226154,-0.100034,0.694039,-0.0200485,-0.581427,0.424088,58.1287220869187,-1.972853797975624,-10.079208349362865,9.865668325565657,3.307500920832865,5.170283879208306,1.1109838955179003,4.77195666965551,-0.453498,0.0889527,-0.283594,-0.222202,-0.285235,0.0826815,0.928672
7.246249198913574,-3.10624405657235,12.871933586785818,6.388968392540694,1.4456207692074607,-1.0900463266662521,-0.3075563654717847,-0.338375,0.278879,0.133601,0.553073,0.484342,-0.659807,0.155492,-0.31192,0.226175,-0.100166,0.694524,-0.0185665,-0.580274,0.424941,58.26620459751394,-2.14078997523246,-10.59813536764807,10.850320013085826,3.247362170493812,5.611694645990013,1.817520806679993,4.24419848144602,-0.45324,0.0890857,-0.28383,-0.220719,-0.282288,0.0828321,0.929912
7.327070236206055,-4.427362197429693,20.578503605854028,5.743597938985941,1.0577030404161754,-1.1319924761144513,-0.28188586255046455,-0.338423,0.278927,0.133746,0.553666,0.484313,-0.659591,0.154387,-0.312342,0.226856,-0.0999217,0.697366,-0.0177978,-0.579106,0.421901,58.073909119943224,-2.435106165065532,-10.457657767152332,10.682863970060158,2.6810039084475505,6.368571515175642,2.049420033205544,3.720722184056353,-0.455248,0.0930603,-0.284528,-0.214184,-0.279359,0.0808977,0.932491
7.39595627784729,-4.426140528285898,17.79673068176459,4.758369980886707,1.0818230079128808,-1.1341056620196615,0.1785513232578228,-0.339204,0.279168,0.133779,0.554869,0.485534,-0.657602,0.154715,-0.314392,0.228569,-0.100339,0.699374,-0.0139477,-0.579935,0.41756,57.36224179226016,-2.61752781224566,-10.003679363154179,9.580449268710723,3.3171601562844053,6.17318497440586,1.2695884212141308,4.011728663180091,-0.457552,0.0944608,-0.284604,-0.215452,-0.277859,0.0786249,0.932841
7.462945222854614,4.377946600672562,8.376831036768852,2.7083968233517193,-0.06930204110542448,-0.8845370932896885,-0.09877919463566476,-0.338486,0.279381,0.134209,0.554149,0.485234,-0.658619,0.15391,-0.306921,0.220922,-0.0951983,0.698365,-0.0430874,-0.592396,0.399371,58.114781885048366,-2.548373454650278,-6.14857171595846,11.60344344906624,2.3799592315039284,6.264462352439139,1.8524928836117536,3.4519202074095565,-0.448865,0.096233,-0.285851,-0.174918,-0.304921,0.0971232,0.931125
7.530641078948975,6.890513479920841,10.406284662200774,9.075139393131876,-0.27159078512508356,-0.5066259916156379,-0.39463361794835305,-0.338071,0.278371,0.133429,0.555263,0.481354,-0.660887,0.152344,-0.302057,0.212755,-0.0918582,0.697348,-0.0725122,-0.601461,0.383005,58.91276932637564,-2.4072937726351,-2.86495948066595,12.038321983545242,1.8061987985833134,6.4762119719241795,2.329893627732496,2.9915040952516008,-0.441803,0.0928859,-0.285938,-0.13049,-0.334716,0.126545,0.924621
7.597375154495239,6.757252514366443,9.24726935544009,10.81583425554991,-0.24980530298907683,-0.5734984011624934,-0.0018114276484141722,-0.338426,0.278054,0.133309,0.557845,0.48073,-0.659562,0.150618,-0.302305,0.209281,-0.0912199,0.697558,-0.0825106,-0.601093,0.381172,59.57239691442413,-2.262116465302995,-1.9597825143110343,12.107712439512726,1.6746790195000858,6.00692193924602,2.572048682611246,3.437385500673056,-0.442538,0.0895505,-0.284641,-0.123693,-0.33605,0.136331,0.92368
7.6639626026153564,5.503206540938015,11.393894606188544,10.406387182247483,-0.02627300902252253,-0.5900079745705328,-0.08613468960300809,-0.338979,0.277776,0.132937,0.56055,0.479938,-0.658813,0.146316,-0.307253,0.210244,-0.0940757,0.707759,-0.0799222,-0.589785,0.380582,59.75565241769263,-3.315962732593862,-2.6771932306250332,10.90676444068854,1.6743036186257703,7.197804457188539,3.093446011439569,3.1529327451038167,-0.452609,0.0924114,-0.284872,-0.139935,-0.319498,0.120738,0.929388
7.73072624206543,3.337298835635768,13.436830299094602,10.371212416680011,-0.37430815459443195,-0.622776227523019,-0.01488612746544496,-0.340193,0.277618,0.132573,0.5653,0.478008,-0.657279,0.14117,-0.313081,0.212241,-0.096779,0.711956,-0.0665452,-0.589984,0.374981,58.23370136637266,-2.8352025998041785,-3.0503341263089006,11.025480794905636,3.4218490542577005,4.1129778913188275,2.40964487747796,5.300754585171421,-0.463816,0.0959741,-0.284894,-0.140515,-0.308616,0.114986,0.933697
7.797214984893799,3.941612761227477,11.366814108224709,7.886548023361837,-0.810641978146458,-0.8402665452826992,-0.18074104115516473,-0.342177,0.278077,0.13259,0.565889,0.481437,-0.655046,0.137483,-0.317643,0.213509,-0.0972359,0.71504,-0.0638586,-0.586878,0.37445,58.50741363454502,-3.0484905040663115,-3.0486160916051976,11.373741539680623,4.189170333460986,4.267899811129265,1.5082961220074602,4.82409951660373,-0.470251,0.0974675,-0.283939,-0.135429,-0.303009,0.11439,0.936354
7.86410117149353,4.148037644757616,8.878321195782481,4.001472184183377,-0.9706886088110593,-1.3789326250039393,-0.6964987496407302,-0.342776,0.278764,0.133021,0.564804,0.482385,-0.654445,0.141429,-0.316477,0.215045,-0.0963001,0.711115,-0.0609878,-0.585811,0.383955,58.84006926855953,-2.8473789019108455,-3.8726554526147243,11.267112829484535,2.798257844628032,5.49723812825378,1.7668921821592236,4.202925114231268,-0.465558,0.0951736,-0.28348,-0.14781,-0.307392,0.113674,0.933135
7.931299686431885,5.17189706913227,8.190449935215184,2.001755233276695,-0.9460801212611291,-1.3257538110926674,-1.4721250875914216,-0.340873,0.279394,0.133735,0.555806,0.485447,-0.657674,0.151279,-0.308859,0.218002,-0.094089,0.695492,-0.0526353,-0.596377,0.397309,58.78059595216367,-1.8581152867053259,-5.096054468941419,12.476777774290003,2.942826951908833,5.299832538443237,1.658824905607312,3.5595867407827306,-0.448908,0.0915327,-0.284287,-0.170171,-0.316248,0.107721,0.927052
7.998231649398804,4.947120876279733,7.8851011422517105,2.999958295366453,-0.7596484780057093,-1.1290421969874758,-1.5790172424143196,-0.339295,0.280119,0.134413,0.549047,0.489781,-0.657664,0.161681,-0.301543,0.21972,-0.0919645,0.683023,-0.0513579,-0.602122,0.410233,59.27102951766233,-1.4066662099900782,-5.601454058750316,12.307292099836864,1.988766060787634,6.224466917024426,2.1643455277212382,2.8756005960590176,-0.434286,0.0888184,-0.284668,-0.186106,-0.329654,0.105685,0.919523
8.0646653175354,7.906467847306334,5.5477433009463395,1.3796497587127454,-1.0933942162436103,-1.5609935230709613,-1.3681861754557414,-0.334899,0.279614,0.135029,0.544027,0.486912,-0.662524,0.167372,-0.289626,0.214687,-0.0877724,0.673938,-0.0696849,-0.616033,0.401814,59.48389176983205,-0.9821026720258299,-3.60172807640624,13.000932614617525,1.7154796013386138,5.401114662079653,2.744517676548481,3.2261805173773,-0.417103,0.0850197,-0.284523,-0.170681,-0.34758,0.119272,0.914237
8.131257057189941,8.965030302234041,6.46244185651294,3.526236900452807,-1.004923497429198,-1.3406545907208298,-1.3152241126012176,-0.334114,0.279069,0.134737,0.543471,0.4864,-0.663779,0.165685,-0.287867,0.210612,-0.0865446,0.673768,-0.082768,-0.618198,0.396255,60.27697685189519,-1.0886900034119265,-2.418306489714705,13.688953933515347,2.288623897628641,5.265958450917438,2.639783041201801,3.511557100468207,-0.415516,0.0812711,-0.283347,-0.162343,-0.349364,0.124941,0.914319
8.197973251342773,8.742374757139196,8.181953137596702,4.218164372959761,-1.0831529194965355,-1.0208746700727076,-1.3931352799213343,-0.336224,0.278499,0.134011,0.550236,0.483797,-0.661743,0.158988,-0.293719,0.208712,-0.0880645,0.681669,-0.0862537,-0.608988,0.396259,60.811660632682646,-1.280391542948319,-2.585864093361436,13.495587669060132,1.2479489872399192,5.876066907935471,3.2641679312608187,3.574772306408979,-0.426211,0.0804869,-0.282273,-0.141938,-0.352253,0.140816,0.914299
8.264689683914185,8.893207114644666,9.876377368401164,6.452341827537647,-0.9559362151656795,-0.2808757804777876,-1.3094369765393463,-0.339069,0.278159,0.133277,0.557859,0.480936,-0.659932,0.148269,-0.304653,0.20873,-0.0924503,0.696856,-0.0816011,-0.597015,0.388981,60.43184092844745,-2.0410852727502746,-2.9649799118602678,12.87256788676018,2.524117734547062,4.93459347083358,2.484476642128451,4.129810198583045,-0.446594,0.0842333,-0.282287,-0.141815,-0.329463,0.141164,0.922722
8.34534502029419,8.859259019860085,12.706990313784583,6.690082244884045,-0.8172025849809149,-0.00890596264249165,-1.211352395638935,-0.340996,0.277981,0.132784,0.56481,0.48082,-0.655812,0.140399,-0.314555,0.210102,-0.0965553,0.712323,-0.0755477,-0.584602,0.380957,59.843979728150856,-3.196596507945884,-2.973842081600589,11.068505049752215,3.8858442333404986,4.725863866951695,1.4891971477108248,4.755178649547405,-0.466205,0.0895399,-0.281473,-0.143774,-0.308434,0.126743,0.931737
8.414123773574829,7.70186509372312,13.97798581619616,7.847590647791737,-0.9404289256510722,-0.12494208838552713,-1.1039468569298345,-0.343555,0.278595,0.13273,0.570307,0.479651,-0.653278,0.133842,-0.321774,0.211867,-0.0977222,0.719158,-0.0688488,-0.578459,0.378757,59.437651845420724,-3.188520324223447,-3.3965095082458943,11.312674673320396,3.8602460252522324,4.358409533078611,1.574668593557493,5.083830134485212,-0.476608,0.0930749,-0.28075,-0.135954,-0.296219,0.123044,0.937353
8.480259895324707,8.163448409535444,11.503207949221895,7.750118360606591,-0.6338505133798558,-0.27473043699592775,-1.3683694374560744,-0.344389,0.279028,0.132825,0.568531,0.481855,-0.653285,0.13344,-0.32249,0.213352,-0.0974975,0.7173,-0.0659864,-0.580691,0.379375,59.4509072751413,-3.005282874118585,-3.479248118330921,11.734144169970405,4.360740620974147,4.193059014254445,1.221003094936943,4.941053329121409,-0.476718,0.0945087,-0.281127,-0.140981,-0.297729,0.118756,0.936685
8.547776222229004,6.227068026487985,9.938780387400309,4.208974037206926,-0.6833608768491414,-0.8872158828280063,-1.7331422293637306,-0.34402,0.279236,0.133063,0.565505,0.484494,-0.652277,0.14144,-0.31961,0.217599,-0.0970924,0.71045,-0.050863,-0.584761,0.388238,58.438517673587306,-2.5887457937729064,-4.607104204367676,11.411488118298188,3.45059807094771,4.870104250989964,1.2372653130520297,4.592049150159576,-0.469665,0.0964668,-0.283107,-0.156843,-0.300265,0.106044,0.934878
8.614679098129272,2.996823941997999,11.423283386901792,3.7116601644413953,-0.0940980492433307,-1.1893575692526461,-1.7813418848332783,-0.342378,0.279887,0.133746,0.558714,0.486163,-0.65523,0.148853,-0.31669,0.226773,-0.0974679,0.69747,-0.0217439,-0.588951,0.407675,57.28263467692914,-1.4772189750529545,-8.065551512651906,11.471176662462101,3.1089519609678753,4.979878318864827,1.4793862670967861,4.132054145239275,-0.46012,0.0994402,-0.285501,-0.192449,-0.293248,0.0843832,0.932657
8.681273937225342,-3.036711123900848,17.31055100936645,6.059548071943908,0.40493586942734655,-0.3562531253800632,-1.699850685465618,-0.340701,0.280366,0.134222,0.553348,0.488029,-0.656745,0.155946,-0.316666,0.236058,-0.0999088,0.690045,0.00988723,-0.584761,0.426374,55.97641220105715,-1.3346987388189167,-11.8353104600356,10.306903210473234,2.9315153682133257,5.292445501071562,1.4609674120376854,4.158263766885544,-0.455231,0.100521,-0.286749,-0.233499,-0.284317,0.0598213,0.927935
8.748393535614014,3.5872143538411465,12.459041180016323,1.8039277585861297,-0.5169784240961725,-0.38262994530317057,-1.598432976537828,-0.338989,0.280357,0.134513,0.550017,0.48802,-0.658685,0.159535,-0.311992,0.235187,-0.0984349,0.68792,0.00518943,-0.589358,0.423551,55.89199828530284,-1.531945347560736,-11.213870529076802,10.568452656813223,2.965710121036338,5.804974336171739,1.3396262013901623,3.582065747680614,-0.448743,0.101709,-0.287875,-0.225349,-0.293686,0.0662765,0.926592
8.815509557723999,7.046658455597175,11.248242761129985,5.2940878144368515,-0.6808357916472955,-0.2777120234045866,-1.8109843434617905,-0.338977,0.279751,0.134184,0.552046,0.486525,-0.659359,0.154224,-0.302876,0.22126,-0.0913809,0.689819,-0.0435815,-0.609525,0.388239,56.99447133127307,-1.2614010945623466,-4.405968776590132,13.681699686694209,1.973585858200615,5.198671203921215,2.580385595514172,3.1765060850459674,-0.440383,0.100655,-0.287984,-0.168919,-0.324534,0.0941663,0.925893
8.882087469100952,9.454947889830478,14.635812526232682,14.594181077116337,-0.20122031130444315,0.10807103575542,-1.9433727346746863,-0.340289,0.278519,0.133099,0.55745,0.483306,-0.658311,0.149306,-0.305637,0.213075,-0.0916931,0.695169,-0.0680983,-0.604617,0.382807,58.67945596069442,-1.5801047560336432,-2.6646669788785453,13.229689567965002,2.5094180930177927,5.005782953804783,2.1080123658247385,3.5257952936418375,-0.445759,0.0933133,-0.285557,-0.142453,-0.325203,0.113171,0.927978
8.949243307113647,9.141340121690332,20.92969386247937,16.32329169599588,-0.9220649854652029,0.45821292883154613,-2.2197080505657696,-0.341098,0.278032,0.132648,0.562862,0.481136,-0.656377,0.144444,-0.310446,0.210924,-0.0940148,0.704403,-0.072696,-0.596906,0.377141,58.770685868063026,-2.24203341562192,-2.1978375647495394,12.062454899651176,3.1027397929749956,4.454940053296948,2.0570997864442595,4.338558231936796,-0.456484,0.0927165,-0.28441,-0.140867,-0.319482,0.118639,0.929523
9.015645265579224,9.643769953120671,20.731853854943008,15.23312686552148,-1.2400963426116363,0.8261306405225193,-2.297021094483778,-0.3428,0.278263,0.132412,0.567496,0.480263,-0.654602,0.137088,-0.317152,0.212599,-0.0959848,0.713888,-0.0664336,-0.590102,0.37112,58.2369036696744,-2.6609785977951876,-2.4287622186160154,12.04022334462901,3.39755394988239,4.2301990854219085,1.952057502919179,4.6854381599106905,-0.468782,0.098672,-0.28463,-0.136233,-0.311536,0.114612,0.933408
9.082220315933228,7.952061859821363,18.75234167449837,10.902589518772418,-1.4973826134110368,0.3738393862317755,-2.0698057746907033,-0.343922,0.278637,0.132604,0.568577,0.481231,-0.653594,0.133981,-0.321169,0.215509,-0.0971603,0.718382,-0.0573991,-0.586319,0.369949,57.749690059403086,-2.9363656188958007,-3.0412360100022657,11.965947121290876,3.722651024175309,4.263049831067772,1.552037124332115,4.756315431829323,-0.475105,0.102398,-0.284487,-0.136136,-0.302461,0.106299,0.937382
9.148909091949463,6.666364528779489,14.023561811026003,8.505675709557922,-1.128320961121093,-0.38463659802078665,-1.6245367091822582,-0.3445,0.279057,0.132726,0.568752,0.482332,-0.652442,0.134893,-0.323123,0.218623,-0.0978252,0.718829,-0.0475853,-0.586628,0.369983,56.90577262999565,-2.9137442083287404,-3.4784866625334487,11.471790581058436,4.325364780028092,3.957037490808876,1.633277123607293,4.459248159115013,-0.477828,0.105616,-0.284866,-0.139034,-0.29797,0.101001,0.938979
9.216285467147827,4.801978469541839,9.16552746790774,5.758248021480598,-0.6982146602371487,-0.9057509943259294,-1.3937308580935552,-0.344244,0.279392,0.133082,0.565459,0.484636,-0.652309,0.140982,-0.320733,0.221861,-0.097294,0.710993,-0.0363962,-0.590848,0.379555,56.43691843607967,-2.321917635898455,-4.563721826829957,11.49036503307612,4.0339905223085015,3.951365861712837,1.566641503379258,4.394676844219727,-0.471715,0.106451,-0.28606,-0.153486,-0.302947,0.0897256,0.936277
9.283431768417358,2.61238916672925,7.723250040230414,7.543843011134081,-0.09147806326028202,-1.2871570065875766,-1.1251642723605764,-0.342574,0.279569,0.133516,0.559399,0.487121,-0.654251,0.147449,-0.314004,0.223915,-0.09499,0.702281,-0.0327867,-0.599918,0.38187,56.01874242267859,-1.9175337773546346,-4.556285187979903,11.939393678728713,3.082787347717008,4.875709218719358,1.3725627612456694,4.024409058399043,-0.458451,0.107367,-0.288315,-0.164836,-0.311512,0.0818641,0.932249
9.364912033081055,3.679716489718853,4.467859685838286,5.911255841583258,0.25943602549602174,-1.05377534093181,-1.0554969969112318,-0.338969,0.279932,0.134396,0.55152,0.487188,-0.657666,0.161088,-0.302226,0.227802,-0.0912333,0.685685,-0.0231619,-0.616241,0.386711,54.46301845029035,-0.8326099194130396,-4.855307651358903,11.81293150425676,1.620483176727212,5.145694063574421,2.559334077142768,3.3073821239719776,-0.437314,0.110849,-0.29168,-0.177069,-0.329977,0.0712765,0.92449
9.434047222137451,5.571544169729233,2.6898751352169934,3.056201577546476,0.06005085366560089,-1.0372685247523723,-1.0268836736360523,-0.335263,0.280521,0.13536,0.540887,0.489784,-0.662839,0.167922,-0.293586,0.229657,-0.0892916,0.678465,-0.0224882,-0.62611,0.383622,54.088489475678074,-1.1661380118299203,-4.547121429327299,12.28395442953293,2.835470726243159,5.227933106483743,1.3355987070095006,3.0194107411090108,-0.423917,0.112978,-0.293068,-0.17689,-0.33918,0.0688844,0.921369
9.501713752746582,4.169407365141957,3.1881706437677426,6.48571783286496,0.7180837340291094,-1.0079178272666562,-0.6353081095447156,-0.334155,0.279893,0.135157,0.542742,0.486494,-0.663851,0.167497,-0.291804,0.22735,-0.0890785,0.678081,-0.0292425,-0.625885,0.384212,54.45730596497913,-0.9351010883773831,-4.407959266612345,11.96419737980941,2.1774584074632695,5.220780756595573,2.039710658032636,3.0693116887140897,-0.422057,0.111123,-0.292938,-0.172219,-0.339869,0.0720037,0.921762
9.568965911865234,2.525568089927414,5.646337478669909,10.183021022653737,0.9449818854416391,-1.0903719010285409,-0.43930836340245827,-0.336409,0.278708,0.13378,0.548578,0.48467,-0.662194,0.160176,-0.297699,0.222897,-0.0909523,0.68839,-0.0371331,-0.618233,0.377529,54.98769138398703,-1.5282971444777544,-3.7497233740072637,12.700135836709544,2.236567819695069,5.434254652553594,1.808690105798658,3.041764686010886,-0.433615,0.108311,-0.291952,-0.161598,-0.33131,0.0812908,0.926019
9.636885404586792,0.5150628836227447,8.409179412496627,14.413364017270812,1.2861224014774415,-0.8701504231886639,-0.21317253927409133,-0.339102,0.277836,0.132793,0.55764,0.483069,-0.657617,0.152388,-0.307898,0.221235,-0.0952525,0.702106,-0.0356369,-0.604692,0.374333,54.99768548439343,-2.2810293156774506,-3.9047950914048912,11.515367804874,3.227484862813113,4.562387401125857,2.0489803584821384,4.324720686388018,-0.452792,0.107979,-0.290549,-0.158047,-0.312409,0.0813695,0.933167
9.704039812088013,-1.7308767640328728,11.817118104389786,17.191087833151638,1.4135682099883606,-0.7379497685427528,-0.024473085360395833,-0.341673,0.277514,0.132053,0.565168,0.480067,-0.65567,0.14219,-0.319144,0.222531,-0.0991779,0.716272,-0.0268875,-0.590754,0.370461,54.613717678022034,-3.0291564961928135,-4.955385795889459,11.18416052391632,4.292818313226039,4.010361240942558,1.7280838894478063,4.272162636749527,-0.473295,0.112056,-0.288911,-0.154734,-0.29427,0.0763259,0.94002
9.771493911743164,-1.0781011502608917,11.784310110271775,18.21998650698602,1.3161999394620982,-0.41663784689794225,-0.27610704990601503,-0.344025,0.278242,0.131941,0.56938,0.481175,-0.652124,0.137882,-0.325226,0.225132,-0.100001,0.720984,-0.0194979,-0.586241,0.36895,54.186283491541836,-3.0332479098341576,-5.185952237822076,10.906711915798294,4.252725059296219,3.9882539506491774,2.020993401439222,4.390946097230232,-0.48238,0.116705,-0.288388,-0.152645,-0.287963,0.0685282,0.942911
9.838268041610718,0.9458340212518348,11.94199395889321,16.18591090418147,0.6125558927399113,-0.24104956324749713,-0.9051991349211725,-0.344439,0.278762,0.132503,0.571552,0.482407,-0.648646,0.140962,-0.324602,0.226944,-0.0988918,0.719937,-0.0178833,-0.589965,0.365119,53.29568206325737,-2.7746371595940094,-4.239093185578074,9.0580779405762,3.4958501312038495,4.15315716014889,4.6036287007742125,5.054016398086027,-0.480524,0.119971,-0.289221,-0.153997,-0.292647,0.0651526,0.941487
9.905090570449829,4.051788481593864,10.811425173247304,13.0637219890848,-0.037417584727075674,-0.0996727497856885,-1.6476312772315747,-0.343281,0.27921,0.132954,0.561684,0.484755,-0.654702,0.144528,-0.318153,0.228518,-0.0962319,0.709678,-0.0153103,-0.601831,0.365954,53.25293187746736,-2.295091856428405,-4.4922053669444715,11.6240484183085,3.803385708254746,4.4447118603956675,1.87520513166561,4.168041129605137,-0.467796,0.122161,-0.291802,-0.155572,-0.305118,0.0609672,0.937541
9.973467826843262,5.674725704345235,8.477543300455064,9.317839171066046,-0.31364116277150456,-0.3455533351493886,-1.9182991038714403,-0.341196,0.279544,0.133563,0.555537,0.486173,-0.657594,0.15028,-0.310123,0.229767,-0.0931994,0.7007,-0.0149976,-0.612764,0.365124,52.823305700000745,-1.8026381969909888,-4.075629778352469,12.380738089156072,2.57860775358672,5.182267485178759,2.012123668061136,3.197322318889837,-0.453402,0.123295,-0.293657,-0.158846,-0.320792,0.0593673,0.931846
10.0408194065094,3.9550913380882866,7.552500827451762,12.02557424508366,0.3826728510363885,-0.325454908753839,-1.577742811171839,-0.33933,0.279522,0.133851,0.552044,0.487012,-0.658171,0.157726,-0.304125,0.230511,-0.0911624,0.691234,-0.0117758,-0.622002,0.367654,52.13398603190358,-1.0953575537649076,-3.8942173564011306,12.475562681267323,2.2932687314846123,4.807769992610421,2.2959414701811385,3.171361565891333,-0.442434,0.124039,-0.295004,-0.160565,-0.33193,0.0546928,0.927928
10.109651327133179,0.8342412302332882,7.293154576575953,15.246085743414541,1.0845084855061753,-0.33905354762433876,-0.9857352905992852,-0.337793,0.279145,0.133762,0.548697,0.487474,-0.659654,0.161734,-0.30089,0.230968,-0.0907336,0.687826,-0.00894634,-0.624939,0.369143,51.81140463673787,-1.142904441729172,-4.102777577400444,12.608836508534115,2.5000478067926686,5.054116887196681,1.97948901114366,2.850503565786539,-0.437196,0.124899,-0.296148,-0.161267,-0.334152,0.0523114,0.927146
10.177093744277954,-0.7355434294746171,6.121648571755377,16.21555097230378,1.5432967718310815,-0.5466050014211247,-0.39177910560899765,-0.33786,0.278482,0.133306,0.553288,0.483821,-0.659162,0.159044,-0.302612,0.230015,-0.0919926,0.693294,-0.0106241,-0.621412,0.364798,51.464077020552,-1.3176218878330115,-3.924762067849074,11.568493687772223,1.8330159423069388,4.96287530419777,3.4159277806009647,3.3207236064410095,-0.441657,0.125051,-0.29611,-0.157874,-0.327927,0.0512739,0.930006
10.24376630783081,0.2702412949870113,8.253454130678143,18.640374098128387,1.6681052340993228,-0.30639008018438896,-0.4667394844030796,-0.338866,0.278017,0.132846,0.555433,0.483221,-0.659431,0.152124,-0.307829,0.228929,-0.094346,0.701069,-0.0101863,-0.614063,0.362388,51.8606813123938,-1.895972619931504,-4.354127836093689,12.38058589828215,2.9905725753583114,4.423632386173708,2.011279584255736,3.822302096138052,-0.452478,0.125394,-0.29522,-0.152718,-0.3161,0.0533956,0.93483
10.311765193939209,-1.9039568947967027,10.1928079234026,22.100386961747464,2.0434943003195785,-0.27709519584810804,-0.1191933366827838,-0.340778,0.27754,0.132122,0.562143,0.481048,-0.656555,0.146711,-0.315402,0.228835,-0.09723,0.711888,-0.00705524,-0.605222,0.356192,51.29691358123278,-2.534264963847235,-4.32488523245987,11.239561917056768,3.8294007900009195,3.816582351820493,2.979151373565816,4.683304916993436,-0.466278,0.126644,-0.294135,-0.149401,-0.301109,0.0500393,0.940483
10.379467964172363,-3.7517305183956573,13.849749875127412,26.014230161060826,2.0206349857487225,-0.11317716413644197,-0.15882132565071877,-0.342506,0.277545,0.131657,0.568032,0.479913,-0.653619,0.140728,-0.322134,0.229763,-0.0993399,0.719456,-0.00295488,-0.597688,0.353756,51.07668523368061,-2.743632382419708,-4.618372690619214,10.528496510829758,4.181512170234766,3.2806876227773394,3.644920098763132,4.923392395565333,-0.478625,0.129157,-0.292792,-0.148482,-0.292449,0.0478756,0.94347
10.446680307388306,-3.0271234244426504,13.135620664457488,25.22806356075646,1.9073410019283554,-0.047606060318966865,-0.2798371832931852,-0.343745,0.277985,0.131746,0.568421,0.481907,-0.65202,0.13976,-0.324613,0.230782,-0.0992878,0.722561,-0.00227027,-0.594369,0.353024,51.21039930547875,-3.167762952284189,-4.508671002799631,10.206215136268955,4.117899075263169,4.289194302811225,3.8792880772691833,4.502832989738942,-0.481999,0.131656,-0.29257,-0.148082,-0.292228,0.0450354,0.943741
10.513848543167114,-0.6804504349409479,11.0824070852932,19.78252150009022,1.1325525708820987,-0.31265061346854767,-0.6792731593069875,-0.343242,0.278351,0.132185,0.565914,0.482701,-0.652578,0.144513,-0.320746,0.23177,-0.097476,0.716353,-0.00176004,-0.602224,0.352366,50.683676643425166,-2.665044924652493,-4.0217773198636255,9.935389023048097,3.768630620279815,4.281513164530903,4.531664589218819,4.274518622594028,-0.47407,0.133037,-0.294116,-0.147402,-0.299931,0.0433456,0.941507
10.581318378448486,-1.2589410503941945,9.876460192733893,20.08945925820491,0.9285483409661632,-0.36643252042772,-0.8601696747460797,-0.341953,0.278623,0.132681,0.558503,0.485799,-0.655488,0.149699,-0.313668,0.232676,-0.0944377,0.704699,0.00119742,-0.615148,0.35354,50.36295214223486,-1.8305167165577547,-3.8223922606674163,11.994643698955969,3.3832881473097585,4.151282662820844,2.765657985449138,3.842044891637886,-0.460593,0.134099,-0.296146,-0.150594,-0.315757,0.0410636,0.935913
10.648778438568115,-1.4803229500496562,8.346136808155732,19.92119302158142,0.8956166389192058,-0.4941918164691745,-0.8039732857107482,-0.339579,0.278658,0.132973,0.551579,0.486321,-0.659052,0.157808,-0.304675,0.23303,-0.0909392,0.692762,0.000580946,-0.628926,0.35289,49.76455280578034,-1.0983996304767238,-3.2593084817294793,12.829543816506629,2.770915015089244,4.556353991729399,2.5060546877485304,2.9952890924347644,-0.443738,0.135228,-0.298404,-0.150252,-0.334086,0.0382627,0.929702
10.716177940368652,-1.0851775663797611,6.12120002522378,19.103616842656432,1.1333479786961587,-0.5643763448363204,-0.7270478657819401,-0.335025,0.279129,0.134238,0.542508,0.487585,-0.662594,0.170046,-0.292284,0.233445,-0.0873598,0.682557,-0.00480361,-0.6401,0.352653,49.48229282735145,-1.2015570649896468,-2.333040733749896,11.833037752486465,2.134178419164888,5.563349686279032,4.09862522730425,2.1333956743973186,-0.423721,0.13626,-0.299989,-0.149605,-0.353074,0.0374059,0.922799
10.78474760055542,-0.5485981931204411,5.186421662266659,15.202086948550063,1.0257904337000618,-0.9167691890463717,-0.6375276257913752,-0.33259,0.279233,0.134907,0.539059,0.487517,-0.664617,0.173285,-0.287005,0.234096,-0.086177,0.6768,-0.003604,-0.646042,0.352929,49.18793651144467,-0.8368751301659891,-2.311804038358039,11.95220678546596,2.054094222332661,4.797945224411944,4.082615445448305,2.705100169434288,-0.415762,0.13586,-0.300155,-0.153627,-0.356377,0.0352604,0.920951
10.852123260498047,-0.7534823349511982,5.766205736606043,13.483829401269807,0.7866575339253888,-1.05994820899591,-0.5684177699542571,-0.33331,0.278946,0.134515,0.543339,0.485079,-0.663856,0.169636,-0.289854,0.233086,-0.0872836,0.680939,-0.0056136,-0.640944,0.354232,49.499863568362684,-0.8480168091250597,-2.639805897434167,11.752374795276925,1.4939701251441986,4.933786323052786,4.326731884822366,2.876845935272235,-0.420513,0.13438,-0.299747,-0.149581,-0.351,0.041443,0.923421
10.919068098068237,-0.07108733048003436,5.387159764454049,13.093592796925245,0.8941011525566436,-1.145867689181883,-0.43547576649825465,-0.335888,0.278499,0.133767,0.548522,0.484747,-0.661684,0.16223,-0.297559,0.231338,-0.090068,0.692048,-0.00995989,-0.631046,0.350359,50.1052793609704,-1.6237104565941713,-2.4557467043590138,11.256043750688383,2.3890249697963344,5.15578941048685,4.340467695414953,2.9074392752294766,-0.434963,0.132723,-0.298404,-0.148677,-0.337439,0.0438715,0.928496
10.986720085144043,-2.1863080364882874,9.015795628473729,16.01341464637635,1.0540580594381677,-1.1266059277774612,-0.17258714651979953,-0.338151,0.27787,0.132916,0.556552,0.482203,-0.659011,0.153084,-0.307968,0.230798,-0.0948108,0.704472,-0.00471299,-0.616373,0.351827,50.31158220182077,-2.218013260751219,-3.6461557787540366,10.965444172988121,3.6619720790994847,3.8469383164917375,3.8289718065753635,4.330832353365683,-0.454716,0.131502,-0.296364,-0.149714,-0.315126,0.0431707,0.936172
11.053332328796387,-2.6169524918830187,12.209169334926955,18.38261420188126,0.9850851893788516,-0.9568664531567824,-0.1954840737324566,-0.341029,0.277591,0.132145,0.564198,0.480114,-0.656157,0.143631,-0.318024,0.230622,-0.0980011,0.715523,-0.00203563,-0.603484,0.351893,50.68705196133073,-2.6386511467079163,-4.457834847300379,10.75666965630514,4.1898120419278175,3.4556924585270536,3.550666344674669,4.7808663181261695,-0.471946,0.132234,-0.294316,-0.145597,-0.297107,0.0431705,0.942691
11.120658874511719,-1.8679484287854744,13.220727266664657,21.174649193315283,0.9558941299172766,-0.5896858403672375,-0.4302887942201623,-0.343712,0.278286,0.132017,0.566896,0.481371,-0.653984,0.138624,-0.324358,0.231132,-0.0984381,0.722675,-0.00181313,-0.597428,0.347588,50.82286486811114,-3.1967986390535366,-4.230506026162592,11.149204979821018,4.7933184007030025,4.041167167367242,3.1469094744380075,4.0908210165667365,-0.481841,0.133699,-0.292439,-0.141173,-0.293683,0.0463476,0.944284
11.187373161315918,-1.6712879263700495,13.989737972495629,22.85003373997692,0.8553645054685071,-0.34574620977412324,-0.6869049465026018,-0.344211,0.278507,0.132057,0.56827,0.482077,-0.652278,0.138578,-0.324237,0.231533,-0.0980424,0.721478,-0.00153554,-0.597808,0.349418,50.892422484757155,-2.8664802890971917,-4.171812746345996,10.94905879495368,3.7146361131433796,4.280003053332571,3.4404032527485624,4.300816408225729,-0.480227,0.134226,-0.293049,-0.141883,-0.294969,0.0432281,0.943925
11.25461220741272,-2.3093919109907843,12.19875245614837,23.946855564801496,0.9710024688324085,-0.08041911235643888,-0.8930940196333145,-0.343331,0.278878,0.132459,0.56138,0.485188,-0.654181,0.1466,-0.316976,0.231928,-0.0950365,0.70893,-0.00430146,-0.613494,0.347886,50.47606199171181,-1.9901690992501475,-3.0220542702528683,11.110233213325236,4.137507288616165,3.888053886225933,3.8077224983591225,4.227601725960247,-0.466432,0.134166,-0.295288,-0.146932,-0.31396,0.0426548,0.937028
11.336045265197754,-2.6465631743809146,9.400453383650197,21.716302374009956,0.9816653482588323,-0.48639272972083736,-0.907428953808885,-0.34061,0.27903,0.132953,0.551809,0.487639,-0.658128,0.156789,-0.305387,0.231778,-0.0906477,0.692575,-0.00720896,-0.62876,0.35348,50.61872116220315,-1.0490894541398355,-2.6924888145709436,12.570224043506094,2.8564826564283345,4.831203456074348,2.6363946093523674,2.823138011523371,-0.444403,0.133122,-0.297642,-0.14866,-0.337419,0.0440349,0.928499
11.40712833404541,-1.8288446085326975,6.453351729789248,20.245650944179765,1.2344288402093138,-0.5891885975569517,-0.8168171456548665,-0.336692,0.279346,0.134011,0.546368,0.48692,-0.660878,0.166222,-0.294827,0.232041,-0.0880619,0.683412,-0.0105295,-0.63814,0.35442,50.22672614717335,-0.7620538184040111,-2.172081927456157,11.677433392169545,1.5793393267979359,4.868700112639878,4.329066798422589,2.911772855293809,-0.427089,0.132413,-0.298991,-0.151797,-0.350955,0.044245,0.922947
11.474872350692749,-1.6339639342056564,3.981990513498628,15.954755717093324,1.2009083282009503,-1.0135684126869384,-0.4531235115236394,-0.334251,0.279748,0.134815,0.540312,0.488522,-0.663063,0.172503,-0.28946,0.232775,-0.0868642,0.677524,-0.0109157,-0.643531,0.355962,50.15773739709601,-0.8770420116692694,-2.0289390245174848,11.33402483738955,2.6639107125587014,4.63567873393248,4.279562449114995,2.9610192318809796,-0.418793,0.131719,-0.29907,-0.151768,-0.356715,0.0452251,0.920693
11.542601585388184,-0.5859333868390214,3.2719007726284093,10.878874974612998,0.8934040156058964,-1.4468927773049411,-0.22647723696205094,-0.334751,0.279378,0.134403,0.544307,0.48563,-0.663667,0.165648,-0.29238,0.23158,-0.0880086,0.682915,-0.0132663,-0.636894,0.357515,50.81060641611176,-0.9266414575278734,-2.7114409347025648,12.08576323658739,1.607171808435572,5.08936869669764,3.626644024924046,2.8191495939968187,-0.424657,0.130479,-0.298377,-0.150543,-0.347641,0.048359,0.924199
11.609691381454468,-0.2055218609132137,2.484734750096809,9.80526905437016,1.0709090628981102,-1.7017690474523823,0.11635694214746982,-0.337079,0.278519,0.133527,0.550196,0.484117,-0.661792,0.157947,-0.300932,0.229689,-0.0914481,0.694517,-0.0132124,-0.624596,0.356864,51.27330115604031,-1.693859600510276,-3.2753473142226444,12.217025692233705,2.591039939032207,4.935752875600041,2.7664316471186403,3.1655141241289186,-0.440696,0.128816,-0.296841,-0.146617,-0.331351,0.0512102,0.930638
11.676995515823364,-2.6611492397062064,9.0863980379223,16.25552562510523,1.2577383623979557,-1.471352237524483,0.13733937736050628,-0.339295,0.277761,0.132602,0.559877,0.480963,-0.658117,0.148641,-0.312056,0.229084,-0.0963681,0.709292,-0.00859144,-0.610977,0.351481,50.864364144584066,-2.4081785902390926,-3.690966622588245,11.004272059120405,4.407442614068754,3.156841498831845,3.626385332735409,4.313244582281965,-0.461984,0.128317,-0.294681,-0.144904,-0.307519,0.0511321,0.939053
11.74438190460205,-3.9636046667794527,13.08848602953552,21.383899275928087,1.4406062598427238,-1.239513736012508,0.024533581960515964,-0.342459,0.27773,0.131784,0.567344,0.479866,-0.654765,0.138318,-0.322701,0.229724,-0.0991931,0.721376,-0.00465745,-0.597304,0.350462,51.21445909945674,-2.95758203478378,-4.458227752208954,11.006158601884541,4.638606409971233,3.4062671084105283,3.0897442256622223,4.2829077339582255,-0.480093,0.131152,-0.292449,-0.144153,-0.293234,0.046915,0.943945
11.811712503433228,-3.3400708030641555,10.426726664525672,21.58428746831101,1.4939867636577007,-1.0840904438908148,-0.053542313850548605,-0.344714,0.278803,0.132112,0.570416,0.481803,-0.651089,0.136286,-0.326801,0.233402,-0.0985497,0.72415,0.00358402,-0.596305,0.346431,50.33359294211817,-2.8748916135214806,-4.277508531629206,10.518168128968558,3.925590714962354,3.918772593701636,3.9574375251398517,4.580728611578147,-0.485043,0.138246,-0.292729,-0.139638,-0.290285,0.0378909,0.945939
11.878862857818604,-2.517182376203608,6.448511208676784,18.58987015997153,1.5221430308360262,-1.0111794622658812,-0.1290360081415861,-0.344155,0.279042,0.132479,0.565149,0.48476,-0.652627,0.140331,-0.3229,0.236902,-0.0965029,0.717702,0.0132975,-0.605759,0.343195,49.15178607226938,-2.5115610541391593,-4.169209531513438,11.17468634970693,3.5659282857160886,4.332624263299305,3.7667002046907787,3.791244320233177,-0.477617,0.145026,-0.295279,-0.141962,-0.30038,0.0262269,0.942831
11.946999549865723,-2.3655222972176113,2.2995783088561614,15.618667496560153,1.7147358400633481,-1.1671024542284087,-0.06426184902499442,-0.342153,0.279464,0.133078,0.557667,0.484882,-0.657041,0.148975,-0.315159,0.241083,-0.0931806,0.706222,0.0243033,-0.620793,0.339523,47.27109211451777,-1.8449980947330538,-4.140081908741029,11.596058370235271,3.1753331997044816,4.542343126413819,3.9962949502987763,3.0066429305236695,-0.462864,0.151895,-0.298535,-0.144838,-0.314874,0.0120955,0.937939
12.014914274215698,-1.9072324451507823,1.095808604110866,15.39016222664881,1.9374005625665087,-0.9752139186071259,-0.05476345766791444,-0.340028,0.279776,0.13363,0.553379,0.485939,-0.6586,0.154537,-0.308128,0.243598,-0.0903288,0.697229,0.0280532,-0.632074,0.336997,46.3149722167907,-1.110788639104035,-3.645389232900575,11.259554888814376,2.00848741500027,4.831970007278365,5.027017378375589,2.5679760505759295,-0.450661,0.156394,-0.300488,-0.145296,-0.328752,0.00619033,0.933152
12.082796812057495,-0.6326558700993637,0.9785721991862826,13.993999641844805,1.5802731993349903,-0.8992477070558921,-0.16629384770988426,-0.338048,0.280467,0.134468,0.549143,0.486749,-0.660642,0.158332,-0.302729,0.244184,-0.0883372,0.693388,0.0254808,-0.636572,0.336661,46.353093262100046,-1.1707191039367189,-3.303225719547681,11.3515267321249,1.4332970133659781,5.608759897803658,4.3000621076847985,2.0439433385268435,-0.441836,0.158417,-0.301233,-0.145912,-0.338058,0.00379446,0.929738
12.150946378707886,-0.8949628043006193,3.158825891260459,17.293360010802438,1.4979748722633206,-1.0220448528317045,-0.2580532485130407,-0.338308,0.279649,0.133851,0.551812,0.484829,-0.660401,0.155933,-0.303105,0.240749,-0.0887494,0.695495,0.0172488,-0.637894,0.330274,46.46724103875496,-1.0106077715911876,-2.3075589930559626,11.499428954221656,1.752439401988033,4.8335910956491155,4.994992684552131,2.5070617214521054,-0.443662,0.155344,-0.300898,-0.136281,-0.337548,0.0122815,0.93131
12.218236684799194,0.9030295096974574,6.396201187514138,18.481494249068668,1.1696208661069403,-0.9430765209857851,-0.5531307532409955,-0.339792,0.279024,0.133191,0.555744,0.48334,-0.659799,0.148984,-0.308763,0.237441,-0.0913094,0.704186,0.012779,-0.627477,0.332012,47.50077253709549,-1.6449103561546572,-2.8342199178173444,12.806509930454716,2.345634499725996,4.647549544655622,3.6004803765168663,2.9666123664353092,-0.454329,0.152273,-0.299589,-0.131038,-0.326222,0.0200953,0.935951
12.285732507705688,2.306870433469067,9.247877563402037,16.557558717951498,0.6752151508720696,-0.7125305421593657,-0.7220608630933482,-0.341788,0.278967,0.132826,0.561756,0.483262,-0.656223,0.142335,-0.316738,0.237958,-0.0940998,0.71501,0.0145487,-0.61766,0.327179,47.42271393523578,-2.3179920927067634,-2.771835597160268,11.58642037000772,3.4425033801094322,4.127580309429597,4.503695601862557,3.6223794486108334,-0.469414,0.152948,-0.297463,-0.128733,-0.308988,0.0203765,0.942093
12.374018430709839,1.6681596878925877,13.099432038714244,18.031558895137074,0.6461382558959398,-0.5568450624984911,-0.7202196861132535,-0.345102,0.279281,0.132329,0.572376,0.481096,-0.65083,0.131731,-0.329921,0.239917,-0.0978925,0.730555,0.0214248,-0.599633,0.325991,47.401481742871475,-3.1258841463878593,-3.7459712599150548,10.197119791025425,4.0820234758880005,3.7733634767782753,5.367731264850964,4.386346841334669,-0.492107,0.15638,-0.294164,-0.12742,-0.284425,0.015613,0.950065
12.441590547561646,0.0011569851116729807,14.518058778558922,23.627476922720575,0.8992218953659277,-0.34509095846986315,-0.6054000885627898,-0.347465,0.279768,0.132128,0.574817,0.482555,-0.648826,0.1255,-0.335664,0.240743,-0.0983491,0.737335,0.0219755,-0.59378,0.321371,47.603813047216015,-3.584190590215197,-3.566640022994875,10.604245326565017,4.265955812275751,4.439942916496957,4.645532243019341,3.913855313887487,-0.501394,0.158512,-0.292326,-0.123205,-0.281295,0.0154649,0.951554
12.51005744934082,-1.2965143205488772,10.48242242788633,28.134374712261817,1.9613279500183165,-0.24147483361541405,-0.34952361886906785,-0.348483,0.279972,0.132046,0.575693,0.483811,-0.646061,0.130802,-0.334849,0.241833,-0.0973477,0.734014,0.0252456,-0.597645,0.321569,46.78839364110622,-3.2068006238241313,-3.0920611650653638,9.556193439008482,3.3960202572464055,4.7265804250594385,4.435286908870243,3.5906233034257142,-0.497894,0.160669,-0.29388,-0.124656,-0.286469,0.0104872,0.949888
12.577003955841064,-4.007929032807429,5.356342619593843,33.24303611147908,3.3029999576948996,0.10825356974178715,-0.020613127207337212,-0.346616,0.279732,0.131901,0.566794,0.486138,-0.650241,0.140004,-0.326019,0.243442,-0.0948823,0.717961,0.0340243,-0.615329,0.323642,45.666081558343805,-2.008039073114574,-3.188432435234364,11.318086739449512,3.485255901739552,3.8118972144448335,5.128370971033008,3.5777375770189814,-0.481649,0.16388,-0.297984,-0.12811,-0.305491,0.000840372,0.943537
12.644638299942017,-7.311181159952506,1.0501604461730079,32.07116540579557,3.898337902171391,0.28943804159420417,0.5210937912949744,-0.342755,0.279412,0.132032,0.557142,0.486097,-0.655775,0.152521,-0.31438,0.246515,-0.0918572,0.706631,0.0387386,-0.62751,0.324659,44.52882303048815,-1.94023634561945,-3.181986384453701,10.1295918885927,1.8395492878062427,6.020364242350105,3.2843781573668602,1.9574432872032643,-0.461261,0.168399,-0.302329,-0.135797,-0.323116,-0.0108825,0.936503
12.71308970451355,-8.444737906257425,1.229441558354675,29.933259726251155,3.77796524433383,0.09383977707687251,0.6089767659186012,-0.338872,0.279345,0.13274,0.549691,0.486196,-0.659817,0.161539,-0.304673,0.247884,-0.0893983,0.695053,0.0424419,-0.638709,0.32734,43.81744432696943,-1.4255576161115844,-3.287008033243014,10.218517410613233,1.4617239358816754,5.804999282823577,3.5926387482954416,2.1185412818041387,-0.445203,0.169155,-0.304141,-0.141079,-0.337378,-0.0126495,0.930652
12.780859470367432,-8.749096800654144,6.658879582738944,36.081911195936755,4.112015743495989,0.37928152051856256,0.0695110457802036,-0.338156,0.278654,0.132433,0.549749,0.485153,-0.660735,0.160719,-0.304131,0.245785,-0.0901111,0.696993,0.0379568,-0.637696,0.325736,44.09652701448536,-1.6739876251581869,-3.0592521580423697,10.371518742844549,1.9169765314637086,5.667711101590022,3.5951843675060764,1.934824826005222,-0.446022,0.16696,-0.304003,-0.140245,-0.333485,-0.0120667,0.932188
12.84830641746521,-9.808182040774424,10.045073328045401,38.58308946842024,3.671633102513903,0.4782482305110327,-0.039903626342875406,-0.340665,0.278158,0.131457,0.557119,0.48304,-0.657626,0.154333,-0.313985,0.245291,-0.0945545,0.708138,0.0420918,-0.622242,0.331034,44.55487700913358,-2.43078718869457,-4.4005502473336655,9.83054395307045,2.8277988734651487,5.0843241053200785,3.892468027930774,3.105050574059588,-0.463409,0.164259,-0.3024,-0.142838,-0.313444,-0.0102257,0.938747
12.915388584136963,-8.592023053569012,11.239847537326364,36.63476209168823,2.9627102587893495,-0.17952657001939465,0.05508303613464731,-0.344948,0.278602,0.131123,0.566095,0.483649,-0.652656,0.140216,-0.325326,0.244549,-0.097141,0.722876,0.0396062,-0.608453,0.325064,45.384853585965416,-2.9954006851668016,-4.274549113318239,10.419133067291291,2.571758566853781,4.976506958668125,3.9154470029630213,3.303188554178043,-0.48466,0.164355,-0.298694,-0.136422,-0.295349,-0.00489011,0.945587
12.983402490615845,-3.061858221452667,8.735990969375766,37.40323419669491,3.8563575712500566,0.37954601929662923,-0.10174756495471471,-0.346375,0.278623,0.13106,0.57409,0.482288,-0.647655,0.135504,-0.331415,0.244308,-0.0977045,0.728904,0.0410573,-0.605427,0.316972,44.56381611631686,-2.7163385640872573,-3.5273484463496354,9.665244248315448,3.6640842710541603,3.3441840974774166,5.521660188189249,4.5287844596777225,-0.494186,0.167605,-0.296644,-0.127006,-0.288758,-0.0081075,0.948906
13.051488161087036,-5.143216676005396,9.378120948681552,28.297257555997547,2.955285335640439,-0.31865507299257356,0.22443797080291025,-0.347185,0.279308,0.131327,0.574884,0.482569,-0.647148,0.133549,-0.335643,0.249115,-0.0981045,0.734774,0.0535709,-0.598122,0.315417,43.75749392292806,-3.5582721932308914,-4.499516526397242,8.918903884974103,3.4145320073779475,4.6254096803093105,4.103184584738425,4.400495967658909,-0.501296,0.174589,-0.295679,-0.129308,-0.278035,-0.0183026,0.951652
13.118980407714844,-4.05686946947757,6.009335191219948,33.53993088349596,3.600688836244309,0.06656456020233847,0.20273100785613568,-0.348322,0.279517,0.131061,0.574905,0.483426,-0.646545,0.133278,-0.336677,0.25102,-0.0972741,0.735412,0.0570595,-0.601239,0.307288,42.79579177509588,-3.52511948707477,-3.8126311754571205,8.537015862725623,3.428048299353069,4.949979897909635,4.225964018955269,4.112777918636372,-0.502401,0.181023,-0.296362,-0.126034,-0.280623,-0.0271566,0.95112
13.18795657157898,-1.8993059395913752,0.7979380080055243,27.11144421870087,2.5248732983147226,0.1526090719839774,0.16088429281290995,-0.347994,0.280264,0.131799,0.571082,0.486086,-0.646904,0.138207,-0.331175,0.251921,-0.0941853,0.727199,0.0556942,-0.613349,0.303122,42.19372967350609,-2.7014419410954265,-2.629715374535288,8.680584767736253,2.6860831310020874,5.03996972398863,4.637839440875799,3.3934044033827897,-0.491489,0.185196,-0.298637,-0.121086,-0.298378,-0.0295729,0.946274
13.255362272262573,-2.803414784043963,-0.5104274615091305,28.11728314441433,2.353205044604754,-0.49214546498141665,0.09626250598595948,-0.343944,0.279649,0.132121,0.559912,0.486721,-0.654038,0.147772,-0.315706,0.248688,-0.0892686,0.713084,0.0424207,-0.634557,0.29504,42.00011454692026,-1.961093488850862,-0.5464481936243066,9.902035954852114,1.465473772662056,6.3675238607646705,3.772979958423362,1.574867479024636,-0.464294,0.184977,-0.302525,-0.105971,-0.333719,-0.0242105,0.936384
13.338398694992065,-2.553190716695281,-4.394895488761778,21.139093428043278,2.139028694522267,-1.5060298193790678,0.17356438763367182,-0.338339,0.279701,0.133237,0.547589,0.485683,-0.661955,0.161474,-0.300395,0.248675,-0.0854753,0.69624,0.041473,-0.651611,0.298217,41.4433489675124,-1.4133143280701699,-0.40018334573388614,10.527514424144941,1.1099694015672168,6.123276707550332,3.7367626407332333,1.4440462019841482,-0.43924,0.184636,-0.305263,-0.110468,-0.355876,-0.0271059,0.927585
13.407684564590454,-1.1388773331410662,-4.231701291333685,15.668190025844796,1.8015965360171486,-1.8617657453027452,0.23397906533746424,-0.335167,0.28063,0.134584,0.541074,0.486635,-0.666122,0.163421,-0.294265,0.251397,-0.0833961,0.688332,0.0473479,-0.65857,0.300404,41.23343421658581,-1.0310467922552942,-1.047475611771536,11.79135244251749,1.2005857523080325,5.593509970461135,3.491973199723854,1.4902988929429857,-0.430237,0.189463,-0.305447,-0.10826,-0.361459,-0.0315183,0.925545
13.475904703140259,1.7994649638672002,-1.5568889664225425,19.533309941025003,1.9465264164545777,-1.1516873165832962,-0.41504759250668377,-0.33685,0.27957,0.133548,0.548789,0.484214,-0.663032,0.157341,-0.300408,0.252794,-0.0843685,0.696836,0.055338,-0.655197,0.286487,39.50974019323048,-1.0364578879439321,-0.5356196780465803,10.75460924793424,1.016589494880093,5.468560650198057,4.216236922262995,1.8297384321288013,-0.441759,0.197591,-0.304842,-0.10119,-0.351118,-0.0445764,0.929779
13.543384075164795,1.3907975361446094,0.9532230973298178,20.217326842544516,1.580590541342502,-1.010498756055414,-0.34328538383979856,-0.340225,0.279161,0.132631,0.557207,0.483303,-0.658837,0.147891,-0.311876,0.256425,-0.0871418,0.710313,0.0701646,-0.645438,0.271923,37.618237387573124,-1.6534669585443496,-0.6210733003160822,9.874415958129934,2.1847514025216106,4.545946575352861,5.29851346334905,2.641559620055669,-0.46259,0.20779,-0.302868,-0.0926953,-0.330482,-0.0585367,0.937423
13.612019538879395,1.8541882790931146,3.2957110141040293,20.82786304893728,1.1453951229025487,-1.2255454217801824,-0.3681024219506666,-0.344055,0.279672,0.132307,0.56609,0.482665,-0.65434,0.135706,-0.3241,0.260981,-0.0885064,0.725169,0.0828866,-0.633765,0.256129,36.07597887157756,-2.3590080622671827,-0.6473607348385402,9.30056946229126,2.6989659411684306,4.57404618241025,5.796147674047885,3.0632028142397965,-0.484152,0.221202,-0.298991,-0.0782844,-0.310707,-0.0693367,0.944736
13.68019962310791,2.352865182186916,1.7018752905159902,19.870863247820505,1.1441604720011804,-1.1582504958274389,-0.26697843283740524,-0.346414,0.280396,0.13254,0.569083,0.483816,-0.651744,0.131518,-0.329496,0.265433,-0.0873344,0.731172,0.0928498,-0.629826,0.245124,34.70737240343039,-2.7243214571748204,-0.36096478813489785,8.420794725730078,2.29407292061891,5.584483708038473,6.174093442520285,3.1839899030719616,-0.492979,0.232304,-0.296316,-0.0697388,-0.305479,-0.0835841,0.945956
13.74843168258667,-0.9334513392476032,0.6097302764492151,22.62306625216259,1.168747903731544,-1.2939547206641975,-0.02325412891036948,-0.346904,0.280837,0.132666,0.56828,0.484984,-0.651577,0.131518,-0.329558,0.268748,-0.0852599,0.729521,0.103148,-0.634272,0.23422,33.00568695445157,-2.4690036131328927,0.10522277778956735,8.638917429157662,2.1734378039953306,5.593714549494596,6.2506033297177135,3.2459089141492288,-0.492687,0.242685,-0.29578,-0.0669808,-0.306963,-0.0948168,0.944615
13.816458702087402,0.32533548321267736,-4.3593022015057645,22.24442671458482,1.7046590098919705,-0.8465590347833714,-0.25969975378120747,-0.344635,0.280563,0.132894,0.563475,0.484334,-0.654566,0.139496,-0.320738,0.269666,-0.0813176,0.716051,0.108949,-0.651421,0.225945,31.099895511600234,-1.0983659511460413,0.9726469699368838,9.045497386077042,1.3175336417914778,4.711940158802353,6.319095793298662,2.8287018415643685,-0.477516,0.24997,-0.29714,-0.06208,-0.32987,-0.111044,0.935415
13.88439154624939,-1.9593875013181279,-7.974438248753821,17.33198770450148,1.6719807412001895,-1.873264497231844,-0.06479121555771006,-0.339791,0.28059,0.133901,0.552768,0.484857,-0.660616,0.151485,-0.308576,0.270889,-0.0784094,0.702968,0.112008,-0.66547,0.224588,30.059733778594925,-0.7948649690477207,1.4997678459483206,8.555663878832041,1.4856222658641545,4.1559470372669125,7.152638800263262,3.4974200013995698,-0.458009,0.251638,-0.299649,-0.0700063,-0.345836,-0.11658,0.928389
13.951692819595337,-1.0376242790765486,-9.67042589557423,14.432179226204138,2.2531246242401135,-2.5575323362521516,-0.09643745181860305,-0.334665,0.280174,0.134597,0.541938,0.485219,-0.667036,0.161024,-0.297378,0.270026,-0.0765139,0.692308,0.111267,-0.674201,0.231911,30.312149948105525,-0.928755611046963,1.2117068249259502,9.354911512098203,1.5953240753929556,4.719302589787283,6.516348282791645,2.9104153890015505,-0.440174,0.249602,-0.301732,-0.0760323,-0.356266,-0.117678,0.923821
14.020249128341675,1.6628727568288781,-7.41457304293971,12.902491843303295,2.106410900793425,-2.2568127422239397,-0.3905406204994865,-0.333813,0.280173,0.134971,0.5424,0.485132,-0.666604,0.161518,-0.296317,0.270023,-0.0761927,0.693796,0.109301,-0.67333,0.230925,30.33687237572354,-1.0856853651391472,1.487172507483109,8.590626474722981,1.2503022241196162,5.08953202016108,6.638479752688382,3.267566600154258,-0.439422,0.249881,-0.301267,-0.0781547,-0.35571,-0.118299,0.923779
14.088632583618164,-0.35179354605193885,-2.88781264297191,15.464268235362345,1.2500402628020886,-1.9715342295080265,-0.4402981961633555,-0.337308,0.279591,0.133696,0.550325,0.482913,-0.663994,0.151819,-0.305255,0.269699,-0.0783282,0.701758,0.111696,-0.66657,0.225268,30.10504113994286,-1.0155675683176195,1.143704708320306,9.23205347610422,1.6710382240145285,4.618315013346347,6.626794538844163,3.1055478025287866,-0.454076,0.251243,-0.299869,-0.0671626,-0.342902,-0.118501,0.929443
14.156846523284912,0.20251995470254042,-0.8473195368801455,19.67742160200031,1.1136619713889537,-1.504243308177372,-0.4363267763123371,-0.34279,0.279673,0.132777,0.5636,0.482351,-0.656032,0.138975,-0.319423,0.27065,-0.0815397,0.718484,0.111343,-0.650797,0.218738,30.253858760236785,-1.4669581459572996,1.2098635909782116,7.733350127835179,1.5564117538448126,4.61498869427901,7.294783196655688,4.2320045228901995,-0.477931,0.254276,-0.296371,-0.0582413,-0.325242,-0.117723,0.936465
14.224962949752808,2.602567268705653,2.384529244564889,18.428280573178196,0.3979109191560534,-1.0724441339960333,-0.8378057082955414,-0.345406,0.280225,0.132907,0.568143,0.483805,-0.652143,0.133628,-0.327726,0.273041,-0.0824136,0.727043,0.118049,-0.64063,0.216949,30.032354645050734,-2.142871727382154,0.7838794590870313,7.335845239641213,2.443960974050123,4.917695205134365,7.827618978274974,5.117550472783139,-0.492108,0.257925,-0.29298,-0.0577825,-0.310376,-0.123527,0.940781
14.292625427246094,1.5176368296499592,-1.8184594626690622,14.400221865672604,0.6904921417520924,-1.3095215303148464,-0.6672674544412617,-0.346231,0.280998,0.133277,0.56803,0.485438,-0.650915,0.134169,-0.327856,0.275341,-0.0810159,0.723663,0.125252,-0.643146,0.216766,29.44844687444438,-1.6635156865002259,0.5430249190332255,7.854551607135882,1.6255061833923072,4.728753819870839,7.121359291458962,4.631578288694602,-0.490536,0.260733,-0.292877,-0.0593693,-0.312235,-0.129587,0.939251
14.374541282653809,-0.1877659758225888,-8.344990743009323,15.267838296072306,2.042043817040739,-1.4309109538921738,-0.3101600629828472,-0.342446,0.280603,0.133466,0.558012,0.486487,-0.656234,0.145976,-0.315852,0.274524,-0.0784836,0.709157,0.122891,-0.658625,0.219562,29.16623045572042,-0.951735626961824,1.1566838920436187,7.700417590125937,1.1200863869560171,4.783521583734014,7.328925152822448,4.536557962308222,-0.470112,0.260669,-0.296642,-0.0639959,-0.332577,-0.131386,0.931684
14.444200277328491,-1.352289768224626,-10.287355733933216,16.340361798514937,2.650482112318392,-2.003411687749058,-0.1264771323625999,-0.337385,0.280174,0.133955,0.549055,0.484683,-0.662649,0.156578,-0.304612,0.273771,-0.0766427,0.699046,0.123525,-0.668403,0.222065,28.589862628046156,-0.9766599097175259,1.191371497886692,8.048189302053384,1.1062126496281888,4.705749196134388,7.178949021923935,4.374609496429486,-0.452342,0.259151,-0.299237,-0.0730636,-0.346984,-0.132434,0.925594
14.512616634368896,1.5833534415399682,-9.33743970520867,16.25685937977124,2.7092930326183664,-1.6046541699652013,-0.33453040003319595,-0.334886,0.280124,0.134592,0.54342,0.485339,-0.666464,0.158008,-0.299794,0.274153,-0.075144,0.695158,0.124172,-0.67343,0.218698,28.39100427563358,-1.065026706352631,1.4334861721389158,8.640085100284272,1.6054039653781311,4.963083765667754,7.12864448858772,4.031828142194431,-0.44552,0.261498,-0.299123,-0.0712131,-0.349963,-0.135529,0.924168
14.580937385559082,0.005823228679784488,-5.446974350443797,16.259973429305322,2.052144123953349,-1.5261602751680297,-0.20983938203581334,-0.336505,0.280053,0.134115,0.548848,0.483247,-0.66439,0.154348,-0.304306,0.275337,-0.0755934,0.699745,0.129393,-0.669792,0.212116,27.410773520016505,-1.0368618054129346,1.3906249995219433,8.308080862758745,1.4664603459107792,4.5099741961629505,7.467795451905757,4.554667696508523,-0.453377,0.265229,-0.297683,-0.0675605,-0.342835,-0.1386,0.926655
14.64916467666626,-0.6345328062226391,-3.072717475169841,21.674680337334,1.891577160992135,-1.4330350349515861,-0.21215451400013496,-0.341897,0.279613,0.132794,0.560766,0.482549,-0.657753,0.141596,-0.317843,0.275536,-0.0786896,0.71526,0.12968,-0.655589,0.204424,27.44685488076328,-1.4852710217204024,1.4137740321867067,7.60197914453753,1.6420371794518913,4.665182487910744,7.944135032956079,5.216150276256943,-0.476069,0.269229,-0.294187,-0.0513273,-0.323957,-0.141554,0.934013
14.71801209449768,1.528727719337183,0.14760267106009464,27.045073730312257,1.6091177910441792,-0.6693994347795355,-0.4828390883894073,-0.346711,0.280374,0.132449,0.570867,0.48399,-0.650275,0.130411,-0.330827,0.278104,-0.0806157,0.730122,0.1337,-0.640348,0.197483,27.319497891300333,-2.1531815493539153,1.4066872732775053,6.61955563080366,1.913589270983405,4.9050427212541905,8.134808869618308,5.607168651122633,-0.497792,0.274823,-0.289296,-0.0433538,-0.305918,-0.144429,0.94004
14.786991357803345,0.012963355748263641,-2.081903693648908,23.200221632869777,1.3123965551585948,-0.7171518139908986,-0.2963497230837238,-0.348712,0.281401,0.133083,0.57396,0.486699,-0.645562,0.130168,-0.33442,0.281764,-0.0787528,0.730077,0.144908,-0.638933,0.194303,26.184696467980835,-1.7757266767881053,1.3237514677691662,6.312901920857907,1.1949312266221814,4.640428458286781,8.758815160743763,5.2669403648327995,-0.502332,0.281144,-0.286694,-0.0429913,-0.304207,-0.155891,0.93878
14.854616403579712,-3.1367758793523692,-7.493785227464465,21.854007782262833,2.182227055747949,-1.5957539903981555,-0.025778386638541182,-0.346733,0.281055,0.132883,0.565744,0.486168,-0.652445,0.133755,-0.327136,0.280927,-0.0767597,0.721007,0.142991,-0.650521,0.191113,25.990971545625555,-1.4025766010636378,1.6880016543401304,7.555058323450936,1.254935670770121,5.421818727703066,7.882349601687346,5.13495373332656,-0.489938,0.282814,-0.288948,-0.0424874,-0.317258,-0.1559,0.934472
14.922961711883545,-3.81859496591622,-12.996023686307485,23.72217389534977,3.555749963659913,-2.1548181414685694,0.256825045442914,-0.341123,0.280117,0.133296,0.556696,0.484581,-0.658251,0.148243,-0.315496,0.279904,-0.0750943,0.709914,0.14232,-0.662141,0.193226,25.138622777342995,-1.326629434183241,2.2358664228402514,6.085924208420504,2.331945135453505,4.728020584933727,7.594421257454767,4.445752797020799,-0.46844,0.282117,-0.292648,-0.0489711,-0.333852,-0.158941,0.927838
14.991194486618042,-2.0559966390715942,-14.20680943621469,23.117043462233823,4.1194502705849505,-2.000282783008819,0.20182046970754433,-0.336684,0.28004,0.133859,0.547011,0.483485,-0.665936,0.153461,-0.30441,0.280514,-0.0725663,0.699165,0.146218,-0.673451,0.190401,24.406713876563668,-1.1147512089346456,2.2049925294946577,7.718971725313928,1.3097786882803812,4.898338083060164,7.950539512231679,5.047962215791166,-0.454659,0.28536,-0.293537,-0.0508235,-0.344906,-0.168391,0.922009
15.059746026992798,-1.7195694892409454,-10.717094057386038,17.294646157979425,3.1045405071667385,-2.086561900287654,0.03517225897188574,-0.337338,0.280637,0.134289,0.548885,0.483682,-0.665219,0.149202,-0.307477,0.284356,-0.0712129,0.702554,0.154476,-0.669687,0.184593,23.594696158884098,-1.3801540497407974,1.9055411726218745,7.035034187319891,0.8792016759585763,5.797941776069781,7.3733811960567985,3.6927838200414387,-0.459712,0.29414,-0.290628,-0.0477527,-0.33275,-0.179119,0.924615
15.128079175949097,-2.845188275231123,-6.383222955484739,22.348074185501083,2.3658625343907116,-1.5586208739728216,-0.0189583473845298,-0.341751,0.280128,0.133065,0.559305,0.482584,-0.659408,0.139539,-0.318314,0.285392,-0.0725606,0.713699,0.15999,-0.659929,0.171845,22.509910589618983,-1.503450829273362,2.155176062382104,6.578411224463867,1.0403905782627572,5.498225551229744,7.400390634641282,3.30724396528352,-0.478352,0.300126,-0.28621,-0.0334778,-0.322584,-0.181213,0.928429
15.197084665298462,-2.01978209866398,-4.614604967810874,27.01232545480992,2.0872986835975684,-1.3036031816015536,-0.18779486941484502,-0.345855,0.28076,0.132833,0.567624,0.484663,-0.652484,0.131034,-0.329018,0.287226,-0.0739818,0.724613,0.16387,-0.648115,0.167422,22.43752797049581,-1.8702195027700217,2.0973118374225184,6.165992315156231,1.4983970711290562,5.356228178251332,7.200016954702248,3.251859088675107,-0.496007,0.303666,-0.281872,-0.0295727,-0.306057,-0.18731,0.932936
15.265720844268799,-3.173812356285136,-7.191175948320558,26.02843284161165,2.2144079406710184,-1.3521852844356888,-0.1881946462684539,-0.346931,0.281083,0.132994,0.56729,0.486964,-0.651043,0.131114,-0.329902,0.288248,-0.0727071,0.723362,0.168996,-0.648428,0.166519,22.081281244098953,-1.7063867346507973,2.0589777980189234,6.820416947963427,0.8943798161961176,5.901512618965398,7.088559147499463,3.069893790693431,-0.496774,0.305953,-0.280775,-0.0246058,-0.313149,-0.192814,0.9296
15.351348638534546,-3.7555240537470476,-14.838608672517928,22.151734076636146,3.3580574348633734,-1.8558696804826926,0.07639908221022405,-0.343109,0.281011,0.1335,0.556835,0.486296,-0.658617,0.140265,-0.319703,0.289012,-0.0702968,0.711576,0.171742,-0.660956,0.165228,21.25788654287469,-1.5120576342960597,2.3298376087954784,6.877266289274031,1.0667357370992736,5.8420214304906715,6.859255840075731,2.7722228330358485,-0.479437,0.309247,-0.283628,-0.0337573,-0.323641,-0.197957,0.924624
15.421757221221924,-3.3754689638924837,-15.981629260415682,22.422439717979486,4.282173545692673,-2.264727577352293,0.11745394093719314,-0.33768,0.280591,0.134033,0.550901,0.482779,-0.664193,0.149267,-0.308465,0.28925,-0.0681116,0.701178,0.174358,-0.670983,0.166527,20.319526912745346,-1.1255997078973987,2.2152535294513926,6.589694164255128,0.004244054723860913,5.297353831295496,8.128465313710558,2.98110518577325,-0.462374,0.311879,-0.285226,-0.0351344,-0.334295,-0.203253,0.91962
15.490303993225098,-1.8550289256058943,-13.076883182987096,22.44960970693421,3.842682527549502,-1.850003485187399,-0.0817859826677867,-0.337762,0.280711,0.134219,0.552184,0.482932,-0.663235,0.148284,-0.309513,0.291112,-0.0670315,0.7018,0.17882,-0.671228,0.157963,19.289190929928555,-0.988519357090567,2.6837490332501783,5.6855233908828495,0.3743045493506916,4.759830033345139,7.659919058077389,2.6967497730877383,-0.465075,0.317423,-0.282651,-0.0319694,-0.329374,-0.210809,0.91981
15.558133363723755,-4.384818024876083,-10.82210893337526,27.145735143356887,3.131944463032044,-1.344025694690756,0.05000796720538371,-0.343239,0.280722,0.133035,0.561212,0.483592,-0.657716,0.136341,-0.322128,0.293915,-0.0675446,0.712942,0.189273,-0.659679,0.143921,18.076872511910583,-1.3506701954844047,2.5857265937524874,5.9288845728827155,0.5959834552717544,5.268629999911738,6.927034683216422,1.9898358330146892,-0.485512,0.326256,-0.276747,-0.0227984,-0.313444,-0.221867,0.923043
15.626545906066895,-4.558574891413172,-9.550954877747191,30.464895527886103,2.4849416213796163,-0.9512798144273126,-0.06868628542457816,-0.347623,0.281733,0.13299,0.568331,0.486825,-0.650664,0.128984,-0.331959,0.297039,-0.0672923,0.719464,0.198008,-0.651261,0.137922,17.465705669900746,-1.2678207996530766,2.4335547324478943,5.989606720874537,0.7125492982235988,4.974482075838917,7.001153309110312,2.055938470898207,-0.500837,0.332761,-0.271411,-0.0160341,-0.303126,-0.228935,0.924903
15.695000171661377,-3.900113374737616,-13.144416036581603,23.878626598610087,2.6012296835155295,-1.2070345358905947,-0.12893993944375307,-0.34692,0.281939,0.133539,0.566963,0.486013,-0.651777,0.132403,-0.33002,0.298762,-0.065453,0.717125,0.201847,-0.653563,0.133586,16.47858228898596,-1.2444263128185131,2.716881391728469,4.852000614611409,0.5594999951489084,4.87086207342508,6.067797475403973,1.8744695486335057,-0.497844,0.33605,-0.270356,-0.0181309,-0.306829,-0.234719,0.92219
15.763675928115845,-5.676909378924895,-17.697779167424578,25.03048594831205,4.223934585029264,-2.2554775812418857,0.04416557113213283,-0.342575,0.281163,0.133371,0.558105,0.484515,-0.658841,0.140332,-0.320224,0.297335,-0.0647214,0.707367,0.200893,-0.663345,0.138736,16.503159630347504,-1.179044957240997,2.5744096254879256,5.416194352291381,0.49664222736072317,5.186413421956978,6.13919854062322,1.740670355994473,-0.482402,0.335451,-0.273581,-0.0190923,-0.319662,-0.239684,0.916517
15.831986904144287,-4.131923041008038,-19.079782138460132,29.52772257586055,5.1816209845694035,-1.8564685248315138,0.03369889393477287,-0.340034,0.280804,0.133548,0.554913,0.483138,-0.661721,0.144132,-0.314712,0.297039,-0.0636429,0.70384,0.20158,-0.66784,0.134033,15.743213917603242,-1.1367333476341432,3.0661013895076836,5.303248764114731,0.10647489705022073,4.993296612480268,5.681320484837621,1.5246505634608167,-0.474544,0.338356,-0.273681,-0.0165675,-0.323341,-0.243767,0.914196
15.900425672531128,-6.665091782129007,-18.121008290110524,29.396452863278693,4.593725280925506,-1.5636138202643348,0.3288993603820499,-0.341413,0.281157,0.133599,0.557047,0.484169,-0.66003,0.140144,-0.318768,0.300593,-0.061861,0.706134,0.212997,-0.663636,0.124879,14.407396122991498,-1.3260038192208405,2.929772253591186,5.051611475969256,0.04387917626112503,5.396327876229009,4.777145942557145,0.9993696018999646,-0.481755,0.346772,-0.268609,-0.0126237,-0.3181,-0.256095,0.912726
15.969218015670776,-7.878360112620808,-15.781600466543386,27.26921249170689,3.5113821217244863,-1.5247673929425218,0.2138440073436522,-0.345587,0.281924,0.13326,0.563715,0.486456,-0.654241,0.132493,-0.328726,0.305684,-0.0602043,0.710232,0.229463,-0.655609,0.114428,12.787509185392258,-1.2486541396969528,2.4228146400546047,4.872085318480735,0.21952024550569638,5.078968278064977,4.566458750855754,1.580314501396788,-0.497708,0.356785,-0.261164,-0.00886959,-0.306819,-0.270933,0.912348
16.037636518478394,-8.248308331321068,-16.37226014410654,17.575541102386012,3.0988777238109724,-2.7573474478805116,0.031084337824066513,-0.346396,0.282459,0.133829,0.566113,0.486893,-0.65213,0.131062,-0.330833,0.307381,-0.0590502,0.71112,0.234858,-0.653103,0.112278,12.239345782233853,-1.1921472398711934,2.189657788529428,4.944970748867529,-0.20605411409802232,4.905415969473303,4.337098445052664,1.6295281479077124,-0.500906,0.359901,-0.258579,-0.00776826,-0.304995,-0.276076,0.911427
16.105827569961548,-7.077556483048383,-20.881442624519863,20.898182925497252,4.801860609297928,-3.131711807046772,0.07888718694969524,-0.342933,0.281311,0.133701,0.561541,0.483685,-0.657034,0.137936,-0.322264,0.304522,-0.0590831,0.705636,0.22621,-0.661939,0.112889,12.316914869832308,-0.8975977105116506,2.9060854972820502,4.09170109991296,-0.5880558810418091,4.581137573655653,4.28989912244264,2.172512949493019,-0.487927,0.35791,-0.261821,-0.0046021,-0.313896,-0.273206,0.909289
16.174827098846436,-5.757038414477521,-21.782299937087945,27.256689868725232,5.454674201648177,-2.4490311933143754,0.03328935758377179,-0.340499,0.281058,0.133633,0.556616,0.483072,-0.660995,0.141089,-0.317063,0.303489,-0.0587811,0.701981,0.224327,-0.66674,0.111165,12.189296781304806,-0.9702047873265496,3.3161484931831877,4.480067535566111,-0.266608510056636,4.752614180539101,4.241991874608873,1.6570130380160577,-0.480196,0.358227,-0.263197,-0.00263909,-0.318478,-0.272764,0.907835
16.244752645492554,-9.054209530088754,-22.769672234808464,29.07787316791829,5.142230185277162,-2.270434232848782,0.5415684428345829,-0.341821,0.281354,0.133715,0.559524,0.483334,-0.658866,0.138626,-0.320183,0.305641,-0.0577478,0.703962,0.230068,-0.66397,0.103197,11.185920192671919,-0.9186156054204666,3.508625495534596,3.840297318324403,-0.2710283993033704,4.319957536157844,4.290372565928595,2.547119357306023,-0.486108,0.362383,-0.259836,0.0157719,-0.320483,-0.279391,0.904977
16.314224004745483,-7.43647059561308,-16.16152761175666,19.942665362754525,3.183581213714164,-2.692881952367543,-0.056747393679444674,-0.344421,0.281781,0.133502,0.563328,0.485051,-0.655347,0.133821,-0.326085,0.307707,-0.0572257,0.709132,0.23572,-0.657026,0.0994283,10.824156976330677,-1.2238589403048739,3.313425171866082,3.611767756429586,-0.522245580934031,5.227937829490131,3.470429324592981,2.814446799193691,-0.495592,0.367058,-0.255599,0.0219865,-0.311977,-0.284572,0.906204
16.38375496864319,-4.865310972984697,-15.684024488857554,16.885434581128525,2.931149691853753,-2.6276327950664493,-0.3999009608528157,-0.344974,0.281831,0.133884,0.56365,0.484391,-0.656148,0.130894,-0.327558,0.307858,-0.0567123,0.709983,0.237751,-0.65546,0.0988439,10.836181323014555,-1.4211673541820868,2.9196907660268847,4.57494825568558,-0.4539866543653037,5.728480619453876,3.1396708435642458,2.05165443781802,-0.497242,0.369055,-0.253808,0.00661548,-0.305856,-0.286717,0.907856
16.452356100082397,-8.84664049005091,-20.044825569392692,18.326011096444656,3.724041134972013,-3.3251800851408153,-0.13907784301199622,-0.34315,0.281538,0.133933,0.561356,0.484514,-0.656665,0.137534,-0.322671,0.306863,-0.0568345,0.70527,0.233372,-0.661788,0.100841,10.82156062127067,-0.8660974436618663,3.543519948848366,3.3723191714859375,-0.528418513173591,4.468522368782189,4.127171192858281,3.0268294581393835,-0.489953,0.365889,-0.257132,0.0183215,-0.319571,-0.284058,0.903797
16.520755529403687,-11.760537820192884,-26.23364809113395,27.10381101243802,5.695100950943081,-3.4624307921383886,0.41682823268039315,-0.340591,0.281193,0.133692,0.556878,0.482205,-0.6613,0.141593,-0.317021,0.305485,-0.0571448,0.699868,0.230978,-0.66782,0.104165,10.947716711081908,-0.7916716027786777,3.4235854367875893,3.9992099480487298,-0.4322992976942497,4.21009443929734,4.264406217777777,2.501687824437272,-0.480839,0.363993,-0.260152,0.0141762,-0.325554,-0.282233,0.902307
16.589681386947632,-10.203244564498746,-23.999364349757705,25.569703840768398,5.441073459196308,-3.4439336857752525,0.287362468705783,-0.340397,0.281157,0.133789,0.555984,0.483512,-0.661267,0.140798,-0.317076,0.305781,-0.0567374,0.700324,0.233793,-0.667003,0.0999715,10.561519520260763,-0.9270099054135752,3.6721659908252287,4.434315216153891,-0.15719227881912068,4.304045813483906,4.1424917114309165,2.117044244921556,-0.481471,0.365211,-0.259079,0.0164711,-0.323031,-0.28419,0.902561
16.659781455993652,-9.304713933886516,-18.77415765646131,23.041617246306153,4.04931795031241,-3.279162856290819,-0.11959042376024696,-0.343813,0.281471,0.1334,0.561464,0.484124,-0.6576,0.133958,-0.324688,0.307698,-0.0565388,0.704949,0.240455,-0.660389,0.0954712,10.099654649975728,-1.0034399356831685,3.177548416475724,4.827154636561666,-0.06816681608078579,4.499877865368546,3.9494735560539724,2.043065134899602,-0.493852,0.369112,-0.254553,0.0257661,-0.313508,-0.286389,0.905003
16.72938108444214,-6.717125612077476,-13.995686735165387,20.08327016444676,2.5483659924868185,-2.2909841978154657,-0.5599625308565271,-0.346263,0.282094,0.133588,0.568294,0.484716,-0.651747,0.1316,-0.330729,0.310097,-0.055777,0.711207,0.246138,-0.651735,0.0940308,9.52717467742658,-1.2243142018998778,2.9008875147845155,3.6492700381601004,-0.94778357616436,4.857285346276544,3.210370104253201,3.4358062999677226,-0.503166,0.372295,-0.250745,0.0237715,-0.306295,-0.292738,0.905496
16.79826045036316,-11.521567493736734,-19.751551429517335,16.91346262601779,3.3083826091643984,-3.2390907407100786,-0.1049656593904734,-0.344986,0.282164,0.13401,0.563217,0.485587,-0.6549,0.134525,-0.327838,0.310842,-0.0550948,0.706446,0.246897,-0.655795,0.0995478,9.90545415681709,-1.2603972048503067,2.5811077020254,3.3922265703310543,-0.5904743144364142,5.153504261810461,3.3390255848288977,3.66059520530518,-0.497758,0.370734,-0.252975,0.0101223,-0.314052,-0.294425,0.902542
16.867431640625,-12.53181594225342,-27.307362844303864,25.860403685207928,6.086188923169897,-4.149700882892872,0.0978930452006425,-0.340775,0.281182,0.133675,0.555661,0.482,-0.662721,0.14042,-0.317682,0.306741,-0.0560997,0.698636,0.236248,-0.667888,0.100102,10.322311219373795,-0.9148088063739515,3.278883941328174,4.258302562844946,-0.025977279094230976,4.398939329053846,4.124786017687253,2.496451740597484,-0.482003,0.366913,-0.258271,0.0112139,-0.323643,-0.288026,0.901205
16.936060905456543,-9.254663031781764,-26.553050989479384,24.61946947629822,6.215872314056553,-3.44940874487782,0.1254464504059024,-0.338112,0.280982,0.13408,0.553722,0.481349,-0.663824,0.145028,-0.312024,0.306156,-0.0552104,0.695482,0.235388,-0.671658,0.0988577,9.898074432393242,-0.6986764492899891,3.738419156139911,3.934673107089715,-0.9430276588284707,4.0483194936288065,4.008038032523534,2.7953668017101845,-0.473927,0.368416,-0.258558,0.0144497,-0.327212,-0.288935,0.899578
17.00556182861328,-8.393529372927592,-20.014886914585205,19.822721616850888,4.643475791980303,-3.015871446385077,-0.03229373223779718,-0.340531,0.281644,0.134302,0.556125,0.483945,-0.660931,0.140327,-0.318541,0.310091,-0.0534121,0.696666,0.248407,-0.666804,0.0912318,8.696064763108998,-0.7403733137238877,3.38669135148844,3.937021127926961,0.061340833678789286,3.689815015757439,4.412204370389797,3.378684359397281,-0.484771,0.374976,-0.252706,0.0130502,-0.31737,-0.300288,0.899407
17.07426905632019,-10.145360688446734,-17.76309935051762,21.599038411622498,3.708798883157963,-2.828920016924858,-0.2965174611640115,-0.346099,0.282295,0.133553,0.566453,0.485662,-0.652662,0.131511,-0.331044,0.313643,-0.0531058,0.702778,0.259537,-0.656921,0.0848426,7.7715849775314645,-0.47570467578273856,2.6829927378994816,3.7427863485357804,0.3157169334539196,2.8611190108874602,4.990790683139159,4.3118681026643,-0.503967,0.3802,-0.246372,0.0161542,-0.299722,-0.307566,0.902944
17.143059968948364,-13.84864909936327,-19.945249840699756,23.159780619976356,3.952544530008537,-3.2644637054614476,-0.13391220143052798,-0.348439,0.282965,0.133648,0.567013,0.48981,-0.649768,0.127997,-0.336201,0.315403,-0.0531623,0.705215,0.262876,-0.652472,0.0885897,8.384296733662042,-0.6775037750901518,2.2458608194273095,3.7997745335379456,0.8097731350241739,3.580133478300837,4.871696371865113,4.228449515740867,-0.511164,0.380062,-0.245204,0.00583393,-0.294208,-0.30893,0.904417
17.215610027313232,-14.400616210640605,-23.86295405267081,21.738587901907447,4.789532475396898,-3.7685340512463865,0.10085430343798399,-0.345895,0.282288,0.133688,0.564013,0.487013,-0.653122,0.134686,-0.329859,0.313239,-0.0539172,0.711623,0.250305,-0.649565,0.0948983,9.307276607406978,-1.9687447023375029,3.029748126037613,1.0577685111947623,-1.4466876465189382,7.026138983462992,4.164699370659916,2.669210452973149,-0.501319,0.376252,-0.249611,0.0107077,-0.305234,-0.302865,0.902768
17.284568786621094,-11.16265247200342,-27.143148173962306,26.124374898980882,6.146646873066155,-3.451283429231148,0.09392192811847527,-0.341004,0.281559,0.133711,0.557423,0.48303,-0.660432,0.140683,-0.318927,0.309554,-0.0544868,0.700181,0.244803,-0.663822,0.0956978,9.239806690425603,-1.130282234794043,3.249346683879023,3.299724334174048,-0.9769576001055169,4.900784630424347,3.3642886783788057,3.7252133624374313,-0.484402,0.372982,-0.254652,0.0121701,-0.320222,-0.297198,0.899435
17.368896007537842,-8.436023271850328,-21.413405631497774,21.510215745136993,4.928932325094971,-2.92372758273474,-0.06466696416307914,-0.34066,0.281857,0.134197,0.554756,0.485613,-0.660983,0.13974,-0.318807,0.310779,-0.0531965,0.695941,0.251153,-0.666524,0.0912869,8.686472029526962,-0.8100412189954991,3.280281591513165,4.358679210724695,0.11351814243658431,4.04478560615355,4.122616949053199,2.9778101045284013,-0.484689,0.376442,-0.252473,0.0124639,-0.314534,-0.30076,0.900254
17.441442251205444,-10.629398694420118,-17.08115229030891,20.621941767238496,3.854522875996045,-2.884614648533568,0.09916317206102204,-0.34483,0.282193,0.133598,0.563252,0.485117,-0.6553,0.134129,-0.327967,0.312796,-0.0539479,0.708449,0.250171,-0.653336,0.0930991,9.118947280729927,-1.6518275308260488,2.9053504956353384,1.870475097314383,-1.0373190610888807,6.157832759659502,3.695321300248847,3.2572578957658864,-0.499454,0.377294,-0.249282,0.0126018,-0.305713,-0.304196,0.902134
17.51147484779358,-12.728032977080234,-14.61034505853481,22.85275758111054,3.5187716382110064,-3.4151838111201664,-0.1585004725345379,-0.349209,0.282813,0.133253,0.573478,0.487177,-0.645776,0.129438,-0.337352,0.312064,-0.0566762,0.713494,0.249755,-0.647563,0.0959694,9.54246541566923,-0.8448032305933388,2.5705566442687777,2.9533678823207623,-0.3554321352774634,3.350333418459428,4.767295261435983,4.495136610090892,-0.512743,0.3724,-0.24961,0.000586943,-0.290272,-0.295501,0.910176
17.58145761489868,-13.323273886285548,-19.239484544910084,28.86567501930126,4.6484054176705465,-3.7533528907439218,-0.1369417065164727,-0.349889,0.282613,0.132858,0.573405,0.48885,-0.644518,0.129721,-0.337774,0.308593,-0.0594535,0.716955,0.238635,-0.647016,0.101976,11.019519961340677,-0.9156085186170397,3.0834448440953866,3.4190467831455322,0.05134984309371715,3.606563391216536,4.9330037415379255,3.414774193128013,-0.51245,0.365276,-0.253773,0.000280066,-0.291381,-0.283242,0.913713
17.650609731674194,-11.966760095685842,-22.817453821961795,25.225693303172896,5.4329693079567205,-3.630096459560234,0.13630568125266493,-0.347037,0.282264,0.132984,0.565294,0.486978,-0.652456,0.13265,-0.330698,0.30749,-0.0592356,0.712991,0.233134,-0.652573,0.106962,11.828793259843358,-1.4602314029099261,2.9736491452968243,3.61904616985737,-0.36074850633432476,5.579497421938658,3.4588200781377823,2.609696373810137,-0.49972,0.363427,-0.25766,-0.00279836,-0.303245,-0.281846,0.910273
17.719378232955933,-11.963974905889671,-22.84932850246627,24.475491357368583,5.408448297432418,-3.4523471706404867,0.22811117437598813,-0.343355,0.282157,0.133443,0.558726,0.485667,-0.658115,0.13725,-0.32349,0.308367,-0.0573058,0.703904,0.238146,-0.660801,0.105582,11.040800663217867,-1.2271795547730502,2.82405007207072,4.139450542606269,-0.13448671858274563,5.061626641167777,3.7538919513382525,2.475083556060023,-0.491109,0.365625,-0.257996,0.0132555,-0.317151,-0.28458,0.904574
17.788424968719482,-11.68346295206491,-20.640448774083424,21.816796558447002,4.686697639198047,-3.130927872195605,0.2647694261447633,-0.343653,0.282782,0.133917,0.558156,0.487836,-0.657431,0.13514,-0.32459,0.310396,-0.0561764,0.701578,0.24414,-0.661482,0.103084,10.680444754486787,-0.9567015536655141,2.6077906479418287,4.711137755059561,0.20909684728377487,4.509907019498694,4.3115815979122365,2.273083757288145,-0.492934,0.36869,-0.256089,0.0101973,-0.314328,-0.28967,0.903983
17.859307527542114,-12.27746008257073,-16.613049903883883,22.13346366608008,3.8410403076749815,-3.201575369336646,0.10571388930804408,-0.346454,0.282725,0.133349,0.564758,0.487309,-0.652978,0.131145,-0.330936,0.310306,-0.0576856,0.710253,0.243082,-0.652426,0.103888,10.946776545638716,-1.419792139944068,2.3992830070926283,4.156368420287688,-0.29964734758197564,5.13931049619973,3.531277065150379,2.633067298671159,-0.502113,0.367517,-0.255223,-0.00504551,-0.300757,-0.287284,0.909389
17.92975902557373,-13.394109922545914,-18.44456456068987,28.210811694408942,4.424438723423955,-3.6454643923695293,-0.020576981418854997,-0.347781,0.282568,0.133018,0.569385,0.486726,-0.649639,0.129874,-0.332789,0.307653,-0.059964,0.719392,0.227378,-0.647575,0.106871,12.376736436130635,-1.6875846254148428,3.263755347378763,2.194532733624513,-1.2157332971559867,6.324095330187642,3.139237237699304,3.643454577563599,-0.504995,0.362956,-0.257096,-0.00122602,-0.298166,-0.278562,0.912961
17.999871969223022,-11.327154206530855,-22.814798849290433,25.831824100035714,5.199311785128676,-3.3323134858660635,0.1292839880970324,-0.346062,0.282306,0.13318,0.563925,0.486842,-0.653869,0.132021,-0.328752,0.306993,-0.0592498,0.711609,0.231442,-0.654543,0.107797,12.132950853294417,-1.3730515924784648,2.913147548007413,4.260176798959872,-0.511443989598309,5.67243527106017,3.4111833237901568,1.8791025215331478,-0.498225,0.36318,-0.258299,-0.00150906,-0.306045,-0.279181,0.91016
18.069216012954712,-12.546345413011284,-22.97076806920189,23.163560553629186,5.023939996744117,-3.3288075703222373,0.2860000974410203,-0.343641,0.282365,0.13361,0.558796,0.4864,-0.657664,0.136525,-0.324029,0.309098,-0.0568954,0.701253,0.241172,-0.663016,0.102415,10.619974052589418,-0.7871711101526824,2.857321743880102,4.577114477989255,0.44239149567192815,3.808336601026088,4.86081050404757,2.5512583830117412,-0.49187,0.36598,-0.257707,0.011148,-0.317135,-0.28625,0.904081
18.138512134552002,-12.792974481555436,-23.158292596867096,25.678332251084026,5.274028573936309,-3.0160373554697055,0.4684571852249056,-0.343329,0.282477,0.133713,0.557815,0.487243,-0.657976,0.13603,-0.324023,0.310218,-0.0561282,0.700118,0.245023,-0.662714,0.103,10.491482848698482,-0.8558511684802177,2.5461376975789634,4.704348769527261,0.3742935023240106,4.216668035876751,4.561836142425826,2.4554770545187057,-0.491948,0.368641,-0.256279,0.00627201,-0.31519,-0.290117,0.903575
18.208494901657104,-10.404545891517968,-18.536529428548242,23.454653134609803,4.312497027769458,-2.717570401259368,0.20341772436941322,-0.345709,0.282367,0.133221,0.563267,0.487171,-0.654012,0.132904,-0.328881,0.310028,-0.057243,0.70858,0.241031,-0.655179,0.102754,10.893682838671811,-1.2682073625985062,2.750207494720633,3.3486945102640853,-0.36052653876437146,5.2737376332383405,3.5700686253214218,3.29807404720962,-0.500068,0.36744,-0.255273,0.0126361,-0.309156,-0.287771,0.906339
18.278756141662598,-9.46159608441364,-12.259982214443133,21.849289984160727,3.2901856521708908,-2.921156957368646,-0.10335013635909346,-0.348812,0.282615,0.132943,0.569827,0.488238,-0.6484,0.128445,-0.335736,0.308714,-0.0596468,0.715767,0.235377,-0.648988,0.105309,11.790844339106245,-1.1929595067894159,2.800332853798891,3.404178043070125,0.2515375252702734,4.5577374283819445,4.4781622755556985,3.103468450182454,-0.509852,0.363494,-0.255486,-0.00461597,-0.291595,-0.280923,0.914348
18.362472772598267,-7.80206708345845,-12.097091420665492,23.45454908438607,3.121349127993026,-3.107791687520655,-0.5474203890102874,-0.350503,0.282313,0.132729,0.574619,0.488552,-0.644006,0.128007,-0.338532,0.305136,-0.0625593,0.722543,0.222837,-0.644681,0.112523,13.279016070499273,-1.2169337966412126,3.1974467850639945,2.989423783848018,-0.1132849909119158,4.541484415082316,4.716349044544894,2.9319035745846582,-0.513379,0.355758,-0.258479,-0.00333485,-0.289056,-0.267342,0.919219
18.432471990585327,-7.441013447445177,-16.12178811894802,14.787957571050386,3.315534065160561,-3.2690997635443724,-0.30360273897676865,-0.348214,0.282192,0.133206,0.568512,0.487938,-0.649027,0.132191,-0.332862,0.3044,-0.0618347,0.717243,0.22207,-0.649799,0.118357,13.655285995400678,-1.3901432339311022,2.8718330517099355,3.7557170743511286,-0.4595617672196699,5.457247909323474,3.942798915196113,1.956695357120788,-0.503763,0.353451,-0.26159,-0.00973114,-0.30043,-0.265437,0.916073
18.501096963882446,-8.104445737424363,-17.620970675326113,15.343780567716724,4.02756723961785,-3.478882726291001,-0.02682735573183653,-0.343966,0.281593,0.133348,0.559212,0.486,-0.657223,0.138361,-0.324039,0.303582,-0.0609406,0.708472,0.223665,-0.658352,0.12089,13.415727743142895,-1.5940474832265696,2.636944850138309,4.809947152798564,-0.014052895418732447,5.734404877916159,4.119449747339931,1.2007265019621034,-0.490024,0.351676,-0.265074,-0.0150091,-0.311832,-0.265298,0.912224
18.570122003555298,-6.599014309339275,-17.63894228513561,20.324852551868375,4.530808829603149,-2.8938427605237855,-0.01899038997599931,-0.341328,0.281106,0.133357,0.555403,0.485425,-0.660158,0.141711,-0.318305,0.301699,-0.0612799,0.704566,0.216875,-0.664448,0.122724,13.90918524672485,-1.3409460707660124,3.081301102321704,4.6232003457356825,0.12573822456068595,5.435519796355052,4.471324036187481,1.2513443887778113,-0.481231,0.349215,-0.267849,-0.0144688,-0.316401,-0.261537,0.911745
18.639586210250854,-8.252417853072824,-15.35304083814673,22.611380045105246,4.02689895882396,-2.6194160234160333,0.1810847119445637,-0.343851,0.281122,0.13292,0.562503,0.484198,-0.655626,0.138914,-0.323698,0.301639,-0.0624864,0.710808,0.215587,-0.658264,0.122324,13.892916227383768,-1.3537716967021876,3.014524770286438,3.814430583421622,-0.38186007935521626,5.119366697143587,4.288296533404274,1.9193922712769105,-0.489967,0.348403,-0.266854,-0.0145636,-0.309797,-0.258276,0.914936
18.709096670150757,-8.929171022983127,-11.178791775097851,20.048639629007823,2.6441196334203805,-2.6897458349859953,-0.026689434445861394,-0.347506,0.28172,0.132756,0.567676,0.48636,-0.650948,0.132153,-0.331848,0.301874,-0.0641729,0.718163,0.212067,-0.650577,0.126567,15.099562830378648,-1.540276154869849,2.67020886184359,3.6740025740104123,0.1322753340337257,5.590681176709651,4.53620281620523,1.8515159811485917,-0.502181,0.345381,-0.265982,-0.0159633,-0.300307,-0.253449,0.919415
18.77880072593689,-9.224445571061453,-14.434153647650202,19.813862298548734,3.091121317629554,-3.105953029058471,-0.041331642122744705,-0.347185,0.281558,0.132849,0.566354,0.488154,-0.650606,0.132897,-0.330564,0.299495,-0.0653362,0.718584,0.205682,-0.651255,0.131145,16.084392341689405,-1.5377535731007015,2.9387350788108604,4.3963480703055,0.17525529798668327,5.777843148964166,4.897994848941772,1.176896332237906,-0.49941,0.339364,-0.269031,-0.0187873,-0.304299,-0.245215,0.920282
18.848632335662842,-8.919454923461489,-16.52245656009172,17.1208757673993,3.648694900238451,-3.448793602949168,0.16426039686859062,-0.343722,0.280973,0.132981,0.561479,0.483929,-0.656212,0.141209,-0.321756,0.296812,-0.06587,0.711586,0.195498,-0.660362,0.139098,16.72904342946175,-1.2749421103376246,3.048837816592097,3.574698353820974,-0.18758364194583677,5.21678439388565,5.255462970547095,1.7475200854058905,-0.485333,0.332506,-0.274651,-0.0261131,-0.316404,-0.236862,0.918206
18.917421579360962,-7.7338042294383165,-16.552808729688508,18.459680854423507,4.271731325591615,-3.575667585112734,0.2583410546084006,-0.339512,0.28031,0.133289,0.553888,0.483621,-0.661527,0.147311,-0.312615,0.293294,-0.0663549,0.704158,0.186545,-0.669001,0.147653,17.877395958645952,-1.11808465283241,3.1590137694094027,4.553628942097291,0.16377773634601533,5.080228305042169,6.189121957993728,1.8990849288431237,-0.470775,0.324869,-0.279626,-0.0288013,-0.327487,-0.226501,0.916853
18.986706256866455,-6.720968537874166,-13.331389672953481,18.018949127342996,3.7247836087983694,-3.190737753864844,0.2468504832652559,-0.339688,0.280157,0.133233,0.555373,0.483059,-0.660768,0.146974,-0.313478,0.291794,-0.0675087,0.704888,0.183287,-0.668007,0.15266,18.493818251829655,-1.0511252570959453,2.8681151673523404,5.024353867821581,0.46006238602687466,4.647816526783352,7.083700212261915,2.5849071887700585,-0.472064,0.320828,-0.280882,-0.0309892,-0.323388,-0.216114,0.920736
19.056437253952026,-7.630967112133371,-8.772882357135353,16.097050647500804,2.5109800661515687,-3.3010361056800406,0.13735317545647058,-0.343561,0.280318,0.132708,0.562448,0.484592,-0.6551,0.140241,-0.322145,0.290592,-0.0703386,0.713145,0.179068,-0.659222,0.157431,19.675705154382786,-1.1530830053654757,2.5264853760806147,5.3702769739867335,0.8550676124496093,4.392550431355545,8.035668226859238,3.0450504064878743,-0.485165,0.315124,-0.281051,-0.0301498,-0.312251,-0.206842,0.926718
19.12587881088257,-6.90079800457434,-5.604945665916973,16.12015005459259,1.7147569649428593,-3.228060026882502,-0.04869609264980947,-0.345893,0.280709,0.132551,0.5667,0.48422,-0.652818,0.134946,-0.32838,0.28923,-0.0736102,0.722472,0.169724,-0.649478,0.165548,21.459015386784454,-1.8975774893110948,2.100148936075114,4.907582105010544,1.4424586674554858,4.867684983084288,8.004252851045413,3.221197697700643,-0.495505,0.306805,-0.281671,-0.033171,-0.308874,-0.194417,0.930429
19.195273399353027,-5.976796704429129,-6.087059151207603,15.397754286235573,1.5654694774019475,-3.4572482971020047,-0.11810103264129282,-0.346744,0.280777,0.13255,0.566602,0.485379,-0.652187,0.134246,-0.328376,0.283635,-0.0763536,0.723547,0.151545,-0.648369,0.182021,24.439719969252184,-1.8161536684311788,1.9154791502055861,6.242308438547369,1.39374697721572,5.353326373876982,7.593349319383455,3.9868983908092854,-0.493658,0.291298,-0.286345,-0.034095,-0.311051,-0.170164,0.934414
19.264572620391846,-3.7878642669991964,-8.865524778936392,10.433417980803585,1.6098388070793743,-3.4624106392508733,-0.02201072265000197,-0.344377,0.280475,0.132861,0.561918,0.484949,-0.654869,0.142193,-0.320357,0.278447,-0.0768934,0.716567,0.134001,-0.656793,0.192869,26.150784632113826,-1.3378186643414143,2.589792635249144,6.061574107372628,1.2445839302442265,5.046507926965418,8.461272745010756,4.758713422756416,-0.479278,0.278197,-0.292078,-0.0438779,-0.326322,-0.149506,0.932329
19.349077224731445,-4.882683348762142,-9.067550890653218,7.83560560098165,1.742589046633346,-4.29348042861432,0.3083932774826352,-0.339734,0.279955,0.133293,0.553127,0.484131,-0.661089,0.15043,-0.309135,0.27243,-0.0778792,0.70579,0.119071,-0.663603,0.217515,28.961914837133648,-1.1989930251079741,1.515392631010255,8.384704363685888,0.7769646554793854,5.290457537644528,6.6214069115955505,3.7283858676983472,-0.460194,0.260327,-0.298247,-0.0607803,-0.340006,-0.128987,0.929551
19.421253442764282,-2.6743254574911273,-7.579753263479916,9.786614240613577,1.8656874677748374,-4.118782610349385,0.18212800731794215,-0.33736,0.27915,0.133202,0.550161,0.483119,-0.663237,0.155035,-0.303095,0.265797,-0.0793764,0.703131,0.101381,-0.665796,0.228132,30.9321940245458,-1.2739869181634997,1.8510024498627091,9.290366557304184,0.9178637624138135,5.076035246748241,5.953212112852716,2.150680605406715,-0.450031,0.243586,-0.301734,-0.0686709,-0.346912,-0.108234,0.929097
19.49035930633545,-3.601402493014594,-4.911285841088845,7.744877990267408,1.0927165590876875,-4.23641599182681,0.25380832767999306,-0.33865,0.279281,0.133165,0.552274,0.483748,-0.661748,0.15189,-0.306138,0.262718,-0.0816135,0.705274,0.0895756,-0.660877,0.240428,33.16997322955812,-1.2718852249600552,1.3545978168959003,9.523756495203898,1.5341128157175277,4.845998531734153,6.12712913154027,2.0488150692559586,-0.454151,0.23292,-0.302292,-0.0713736,-0.341209,-0.0923377,0.932714
19.55961275100708,-3.0199381970777104,-2.409961951084036,7.2339356338689,0.5832757758574211,-4.1905049726149635,0.3039842236659996,-0.341199,0.279201,0.132671,0.558916,0.482116,-0.658833,0.145314,-0.313556,0.2596,-0.0856853,0.714539,0.0768275,-0.647519,0.253477,35.61496112602246,-1.817648232997934,0.4714966386992696,8.739001341193964,1.8163522130773564,4.981502032053182,6.248807271983569,2.45966114957585,-0.466713,0.222294,-0.301591,-0.0747501,-0.329464,-0.0740602,0.938286
19.62871789932251,-2.25683870339317,1.0157795545219261,7.22474546877479,0.2810502693236733,-4.167290211053763,0.3148402529940279,-0.343045,0.279144,0.132427,0.563624,0.48298,-0.655181,0.140701,-0.319798,0.256712,-0.0891557,0.724278,0.0666295,-0.634721,0.260982,37.467395662673106,-2.6759604244220103,0.28052542128274016,7.968265504308668,2.515199049190836,5.091026082800457,6.63562196742238,3.1240674295811646,-0.477466,0.212207,-0.300408,-0.0792063,-0.315178,-0.0576379,0.943964
19.69801163673401,-0.6078832473654208,3.0725319707892664,6.054041699976166,-0.15022183769289438,-4.345845799899306,0.09908437648377562,-0.344813,0.279481,0.132351,0.567205,0.482191,-0.653826,0.135208,-0.324643,0.252919,-0.091733,0.729872,0.0525083,-0.624932,0.272009,39.94553273845293,-3.0296851422412523,-0.25092713923892784,8.200057780123256,2.9720755174808824,5.10255149227741,5.969113779895366,3.341953275830341,-0.484666,0.200435,-0.299117,-0.0851751,-0.306664,-0.0401601,0.947148
19.769001245498657,-1.5393901502470733,0.47020746150676496,4.938979096907544,-0.1598973480561401,-4.393613465892041,0.3630650153618895,-0.345242,0.279702,0.132408,0.568136,0.483221,-0.651929,0.136779,-0.324421,0.249822,-0.0922458,0.726181,0.0464021,-0.624257,0.284273,41.32158714152759,-2.5091463637154146,-0.6701590339367396,9.210568877910788,2.9028002309907013,4.282142750610944,5.451654647707933,3.3954403891299427,-0.48266,0.191136,-0.299167,-0.0915256,-0.309789,-0.0280152,0.945975
19.839195013046265,-2.5331713665356568,-2.8638086488398264,2.561041610965173,-0.006907528028025491,-4.717638309796831,0.7271937374339422,-0.344074,0.279838,0.132735,0.563537,0.483557,-0.654732,0.141158,-0.3183,0.246562,-0.0909389,0.716642,0.0331878,-0.632389,0.292243,42.78317590564428,-1.7681629970463248,-0.29827666665441566,9.612303089611846,2.827545781502949,4.041810751267903,5.682621394865959,3.001953071511215,-0.470973,0.181505,-0.300367,-0.101218,-0.321568,-0.0170379,0.941307
19.909217596054077,-2.7739211170079754,-6.240550165585097,1.935080444589588,0.4186102517513624,-4.970162696261105,1.0866904471550287,-0.341242,0.279541,0.132912,0.553712,0.485743,-0.659466,0.150203,-0.308459,0.2418,-0.0888866,0.704513,0.0208323,-0.639189,0.307676,44.79236313782408,-1.6129201441118681,-0.5881333478449404,11.85458946774687,2.6080306536205056,5.204025456789395,4.061493898679937,1.9662077727240652,-0.452714,0.169138,-0.301682,-0.106454,-0.338632,0.00068258,0.934877
19.97847557067871,-2.0136635527032714,-5.247976903001602,1.954469816056556,0.516447078271898,-5.097445681011888,1.1265076320302931,-0.338779,0.279325,0.133325,0.549632,0.48626,-0.661011,0.156589,-0.301233,0.237749,-0.0876893,0.694384,0.00794503,-0.644668,0.319642,46.42035893313624,-0.9919959279768165,-0.485987173201174,12.139554894040657,2.566431878020895,4.620941868513963,5.2008466349167275,2.456206583788636,-0.440331,0.158315,-0.30152,-0.111473,-0.347103,0.0154784,0.93105
20.04930067062378,-1.7771900475470652,-3.151108861524811,3.625267782408423,0.5249383484700028,-4.8593561510672085,1.152526921685203,-0.338232,0.279049,0.133336,0.551813,0.483147,-0.661771,0.155341,-0.300102,0.23411,-0.0882515,0.694641,-0.0045537,-0.64081,0.326828,47.91921457379017,-0.9073954774574116,-0.7072637239816428,11.903384381923273,1.6470386780359987,4.6333215529113545,5.315643295849598,2.852521405238304,-0.438685,0.149677,-0.300376,-0.115482,-0.34601,0.0275582,0.930689
20.119779586791992,-1.6176308633755683,-0.24883788698445913,5.199003605607994,0.27643271167767186,-4.7528122361154646,1.1262041125345252,-0.339298,0.278675,0.132827,0.555442,0.482169,-0.660533,0.150642,-0.304987,0.231271,-0.0908783,0.702304,-0.00907662,-0.628545,0.334093,49.26599268874961,-1.6196768127748875,-1.5975492146281258,12.564539920433752,1.8583374351701991,4.890204965922692,4.0251305360297955,3.094197301724163,-0.447646,0.143807,-0.298743,-0.116876,-0.336013,0.0375383,0.933823
20.1893208026886,-0.5063325329712162,3.1170151852559522,6.379649964186026,-0.08607414864560954,-4.528841670038859,0.9683566616984745,-0.341416,0.278294,0.132345,0.561849,0.481113,-0.657307,0.144232,-0.312817,0.229666,-0.0937943,0.712866,-0.0130338,-0.617964,0.331318,49.725697281358315,-2.28520970892561,-1.4257972794001246,11.361097607285664,3.0339268605666625,4.381351529027043,4.663169855826481,3.7582469224381887,-0.462043,0.140929,-0.296399,-0.114333,-0.321566,0.042893,0.93898
20.259185791015625,-0.7967808202361799,4.254670698427573,4.894318810973145,-0.7153131996984563,-4.469915401623713,0.8344049507157126,-0.343224,0.278834,0.132357,0.565875,0.480924,-0.655295,0.138153,-0.318271,0.229993,-0.0950656,0.718135,-0.0131097,-0.611914,0.331168,50.13779647316433,-2.3566188741024092,-1.6582755932999151,11.381370383728134,3.3353221861118785,3.8913327364999937,4.3965325634757475,4.300616712161093,-0.470916,0.140848,-0.29484,-0.111333,-0.313439,0.045758,0.941949
20.344531536102295,-1.5903793833171462,-0.5861794318282719,5.01819419851616,-0.4213221664347788,-4.386895052904462,0.8450213279549234,-0.343767,0.27943,0.132686,0.564224,0.481699,-0.655539,0.141018,-0.31641,0.23087,-0.0934746,0.713195,-0.0122545,-0.61613,0.334046,50.094824659469005,-1.9122715889592055,-1.6901404094822947,11.728459269498272,2.534262021690118,4.289909790871832,4.2760584591710415,3.8112199646784477,-0.465848,0.140785,-0.2955,-0.117432,-0.321968,0.0436481,0.938425
20.415903329849243,-1.6591001649400154,-6.144345460005457,4.407931903885264,0.4459215858238012,-4.5574135490359025,1.1951927102913829,-0.340584,0.279379,0.13305,0.554558,0.484699,-0.65853,0.1545,-0.303694,0.230233,-0.0890867,0.694885,-0.0174178,-0.634174,0.338606,50.067082992120724,-0.8709275487314905,-0.7525827419898432,11.866265286011398,1.9598633569173733,4.748809831132839,4.589500537685132,2.873014051588224,-0.44247,0.138752,-0.298036,-0.12528,-0.34497,0.0411594,0.929304
20.486209392547607,-1.0385709051575802,-7.316994957709798,2.5025602079889233,0.502138754696996,-4.553813089370144,1.4595799975423829,-0.33651,0.279491,0.133789,0.544132,0.486029,-0.664435,0.161931,-0.293625,0.230154,-0.0870588,0.685882,-0.0173392,-0.641707,0.342749,50.25873782691772,-1.0424424249356896,-1.1765833208695238,13.59490194603912,1.8961560117969372,5.062823726282712,2.9565682448394712,2.5548815935304416,-0.426061,0.13652,-0.299153,-0.124736,-0.357722,0.047179,0.924256
20.557379245758057,-2.121835887106483,-5.4668436337567154,4.5038235079181455,0.43531138597331714,-4.127388096342038,1.711992141300774,-0.335561,0.279229,0.1339,0.544907,0.485358,-0.66417,0.162425,-0.291601,0.228001,-0.0866878,0.685131,-0.0252665,-0.642648,0.341996,50.73154276428722,-0.9428993184229917,-0.5348623210200047,13.00531439471211,1.6842146802473104,4.843957827244946,3.691185054265367,2.8572646897777,-0.423527,0.133035,-0.298657,-0.123141,-0.358786,0.0526927,0.92376
20.626946687698364,-0.9702626166250826,-1.3884296047769895,8.541680783748516,0.3571229826338309,-3.2921014533543462,1.5255311024866287,-0.337301,0.278359,0.132903,0.551163,0.482325,-0.662861,0.155551,-0.297629,0.224212,-0.0890561,0.691834,-0.0333427,-0.634343,0.343311,51.74186996627752,-1.036067062313485,-0.6627179019137452,13.055429080714841,2.302397589110798,4.286121189450032,3.1887897062131643,3.353436636479829,-0.434476,0.128073,-0.29721,-0.119975,-0.348263,0.0614904,0.927652
20.696532487869263,1.234094624411348,2.7855586721308936,5.529646211197909,-0.673669222932994,-3.1256127204948427,1.2419997949565418,-0.339907,0.278099,0.132502,0.557559,0.480981,-0.660747,0.145601,-0.306857,0.220973,-0.0926325,0.705688,-0.0431491,-0.617567,0.344607,53.426445677161055,-2.1467055508945805,-0.971555664800821,12.551705533844517,3.084889122264113,4.473171222285313,2.6897969583166175,3.7220358042449337,-0.452305,0.12199,-0.293489,-0.103936,-0.339323,0.0831865,0.931202
20.76564884185791,2.3899235051935896,3.7793550568603673,0.48819103176539064,-1.1948509109750467,-3.8316020432847053,1.1869411425080634,-0.341859,0.278477,0.132517,0.564744,0.479167,-0.65718,0.139921,-0.31336,0.218449,-0.0947142,0.712722,-0.0537653,-0.604895,0.351053,55.07226125545732,-2.439732718220922,-1.1801139013842183,10.937988090957852,3.0856650273762085,4.320970141134399,3.72005766384539,4.622474730080179,-0.46322,0.115775,-0.29019,-0.122181,-0.319306,0.0855614,0.935839
20.83618927001953,2.552458630109951,1.9676354785763044,-0.5199155969241851,-1.5116869057815496,-4.346746927679776,1.2639616482100426,-0.343084,0.278901,0.132646,0.564923,0.48106,-0.655775,0.139296,-0.314564,0.215828,-0.0942235,0.711177,-0.063687,-0.600017,0.360763,56.93498647180095,-2.4423386926004316,-1.345939863459626,11.35714297132939,2.8884772850630123,4.910770439412108,2.80550967992949,4.034994913568722,-0.464233,0.107844,-0.287221,-0.109598,-0.326848,0.110734,0.932146
20.905699968338013,0.6185565559555872,-3.6320168864502187,-1.4969824588567564,-0.9332704026700042,-5.011500926138826,1.8806604340550113,-0.342511,0.279207,0.132886,0.560114,0.483776,-0.656734,0.144686,-0.308274,0.213441,-0.0910055,0.698303,-0.0728539,-0.6087,0.369526,58.18250527569517,-1.4735589759742034,-0.9570487392550984,12.780092937401658,2.2752659826343393,4.869685997252539,2.403464057433903,3.638635826716162,-0.450109,0.0988544,-0.28593,-0.119474,-0.338384,0.119454,0.925717
20.97665238380432,1.2042312966096216,-6.705925482567347,-0.0011846602157919806,0.0531435318859161,-5.205452839843342,1.909991377473147,-0.33993,0.279445,0.133465,0.550745,0.486954,-0.659957,0.154959,-0.298742,0.212149,-0.0881166,0.685185,-0.0770367,-0.616046,0.380885,59.140661155157474,-1.2158237768697653,-1.3522603781770277,14.385212039266332,1.9874608704554837,5.303104955339336,2.73675172873555,3.881307084531957,-0.432697,0.0917453,-0.285278,-0.14733,-0.347418,0.11238,0.91922
21.046656847000122,-1.116688596843566,-9.645364347644618,0.9208093697343579,0.4711454219898482,-4.91293343311357,2.4469343768039344,-0.337199,0.279519,0.133814,0.546519,0.485236,-0.6629,0.162564,-0.29124,0.211905,-0.08675,0.676929,-0.0795934,-0.622234,0.385041,59.05771463917268,-0.8834825052826858,-1.4662099851791655,13.883736087152222,1.3845772379195944,5.06916341428871,3.2275202888995222,3.934714994820276,-0.420071,0.0885567,-0.285634,-0.152543,-0.356623,0.115021,0.914506
21.11685609817505,-3.2258849661046254,-6.836310471109274,0.07959055573258893,0.2480922982727994,-4.369047995663111,2.6372981463916463,-0.33674,0.279233,0.133734,0.546658,0.485156,-0.663026,0.161818,-0.291727,0.211572,-0.0873253,0.677908,-0.0796236,-0.619531,0.387661,59.37436654992249,-0.999526837278994,-1.853276692923664,13.894287462765897,1.6463175627581461,5.217202006300109,3.000489510778093,3.7377563307249098,-0.421447,0.0877594,-0.28543,-0.151763,-0.35127,0.116718,0.91649
21.186338901519775,-4.065853058181276,-2.8120806039006228,2.149919849516226,0.12275135389396458,-3.965475590109019,2.681052373089974,-0.338818,0.27822,0.132674,0.554951,0.48156,-0.660963,0.152502,-0.299844,0.209014,-0.0905644,0.688737,-0.0820112,-0.607337,0.387371,59.93193691209708,-1.2906067170385853,-2.3054485260718747,13.600365245885401,1.5565291089476898,4.895192618560689,3.4228005862562054,4.264875582877391,-0.436613,0.0858514,-0.284246,-0.1472,-0.334592,0.121154,0.922877
21.25839376449585,-2.4601484264594635,2.4831122114768185,2.0114198774755416,-0.3388978130342312,-3.8582961990350735,2.436303707459736,-0.341146,0.277729,0.132069,0.563806,0.478536,-0.65795,0.142226,-0.310993,0.205716,-0.09513,0.704172,-0.0890858,-0.58955,0.385533,60.995206822703196,-2.3550986041030413,-2.495352919467095,11.961773540782895,3.3815784462473175,3.9683231159202137,2.549056476507837,5.120365720231893,-0.458804,0.0824976,-0.280503,-0.142856,-0.317097,0.137101,0.927494
21.34378218650818,-0.37172039078461877,1.8651903367570082,-2.181420207096105,-0.8216799167294417,-4.311637042860245,2.335787991858267,-0.343788,0.278497,0.132098,0.568481,0.479052,-0.655602,0.132376,-0.319295,0.203396,-0.0966562,0.712399,-0.0976149,-0.573498,0.392505,63.273219523530074,-2.8899913119479894,-3.2027072200894646,12.51969576043486,3.613726478556197,4.200676932725813,2.8976097550575095,5.482703087000835,-0.473001,0.0773226,-0.275184,-0.141587,-0.302873,0.14685,0.930944
21.414029598236084,-0.2554882063909226,-1.3641713772027215,-3.2965708803605267,-0.7634746086161628,-4.817032369213935,2.5523223789293543,-0.345209,0.279286,0.132469,0.568471,0.481674,-0.653989,0.130874,-0.320156,0.20252,-0.0954451,0.709979,-0.102897,-0.57229,0.397274,64.39008727097396,-2.638317493326703,-3.042935443607395,13.252159546550088,3.1900841364242414,4.276437841113442,3.869123174319514,5.814930462998306,-0.473243,0.0740846,-0.272987,-0.154472,-0.3071,0.156393,0.925942
21.484615087509155,-1.2400113830543593,-7.76312004571695,-4.007836850681825,-0.3149454688332801,-5.2597518111609745,3.2920702153107526,-0.344894,0.279656,0.132744,0.565083,0.482964,-0.653989,0.140448,-0.313071,0.200715,-0.091382,0.695745,-0.114685,-0.580619,0.407023,65.40640380321523,-1.7571259815780387,-2.375106828884907,12.86505876326337,1.8537092676811966,5.510914807341631,3.788752868085824,4.82733998332852,-0.45764,0.0656655,-0.270967,-0.164375,-0.322415,0.165034,0.917493
21.554502487182617,-0.3630654481038356,-9.219985520576282,-1.106499954115186,0.3032470121542497,-5.053475031579583,3.1709521324013683,-0.342408,0.279846,0.133253,0.556537,0.4852,-0.657749,0.149041,-0.302794,0.198973,-0.0875731,0.679323,-0.123147,-0.590679,0.417676,66.6502364709451,-0.8642903011465588,-2.4470535532978763,14.462269595403678,1.2738199393746443,5.372303402028162,5.6959404212933915,5.91432229427961,-0.435804,0.0564588,-0.269691,-0.146738,-0.334246,0.1812,0.913189
21.624468326568604,-1.7507193196744564,-9.253633247370804,-0.8991091399114179,0.4852932194409481,-4.787945464956573,3.437127507593356,-0.340722,0.279814,0.133374,0.553856,0.485645,-0.657995,0.156316,-0.297083,0.197684,-0.0864908,0.672069,-0.126956,-0.593834,0.423752,66.96308452175369,-0.6696227941432866,-2.4190249705797395,14.081590098998534,0.7081227953757976,5.207817986533385,6.023622225593255,6.093939123661649,-0.426317,0.0514227,-0.268529,-0.152273,-0.338047,0.184268,0.910265
21.69451904296875,-1.3743929951552034,-6.349790470032735,-0.8206369568510554,0.4313300382569028,-4.219406512893283,3.1928863088956305,-0.340802,0.279631,0.133287,0.555834,0.484575,-0.65818,0.151771,-0.299208,0.195457,-0.0867797,0.674879,-0.135093,-0.588226,0.424593,68.07010468289559,-0.8376132960866638,-2.36247646421191,13.974603590071768,0.9978735675544295,5.274556985354856,6.031240380466328,6.259368763904418,-0.429471,0.0471715,-0.266486,-0.15406,-0.32512,0.190012,0.913487
21.7646701335907,-1.7896136392686524,-3.3441484365029583,-0.8429539683010168,0.3838068369346587,-3.9161739482555435,3.3898335153826182,-0.341528,0.278334,0.132471,0.562006,0.481338,-0.656926,0.144605,-0.306243,0.191552,-0.0902557,0.686913,-0.137906,-0.572276,0.426183,68.8945247426245,-1.7266756917537869,-3.1666278326596347,13.811791854660303,1.6173005499590918,5.0077876046292005,6.185339359009557,6.667063381139688,-0.44802,0.0447229,-0.262971,-0.172851,-0.322434,0.196508,0.909694
21.834502935409546,-1.0967693115794515,4.2806891486879985,-0.6379137833056722,0.15838891290037238,-3.7136491113342487,3.0763030250856924,-0.341821,0.277043,0.131432,0.567642,0.477263,-0.656551,0.137635,-0.313575,0.186245,-0.0944114,0.69825,-0.144956,-0.554727,0.428618,70.20473340555861,-2.709891774300056,-3.989536450233227,13.128913960645296,3.4214320414206805,3.790905216817915,6.252026470450173,7.609287237152718,-0.463473,0.0384362,-0.258833,-0.161005,-0.297792,0.210634,0.917077
21.90458369255066,0.3993674768198942,4.9622787420780545,-0.4375468912411184,0.011145809377868517,-3.652218608140752,2.84808317655922,-0.34427,0.277651,0.1316,0.572857,0.475761,-0.654807,0.129284,-0.320396,0.183908,-0.0946794,0.702897,-0.154476,-0.542966,0.432736,71.97516984605508,-2.758914368497539,-4.176317455065508,12.899301582079623,3.3706812282429537,3.5949250631115106,6.934916623428692,7.8106030977578165,-0.475362,0.0341504,-0.252565,-0.155999,-0.295286,0.216629,0.917356
21.973998308181763,-0.7352805570660353,1.977997879834402,0.1659153927526649,-0.02633761151013899,-3.7827753773802617,3.1947497080499874,-0.345641,0.278353,0.131778,0.572334,0.478617,-0.652971,0.130339,-0.321312,0.182948,-0.0931005,0.704796,-0.166356,-0.529951,0.441294,74.18366316870767,-3.8647555082892264,-4.5484563084792775,12.31594629218738,1.0870520239401458,7.93814944490898,5.8177027340629515,5.939042742536649,-0.472742,0.0316824,-0.251426,-0.156629,-0.295107,0.221968,0.916029
22.044414281845093,0.3354388135587149,-5.635536658154975,0.2763172485563851,0.3465752928208681,-4.0049112865049485,3.534364141118301,-0.344954,0.278748,0.13214,0.565985,0.482777,-0.653847,0.138099,-0.312909,0.184397,-0.0890248,0.686688,-0.160915,-0.556027,0.439772,72.77362408636681,-1.9017541838519474,-3.1997811456227003,14.792138416721906,2.1444905000361993,4.936639017886506,7.239777267025081,7.721869957364671,-0.457097,0.0304518,-0.253042,-0.175648,-0.312796,0.226915,0.905437
22.11458659172058,0.8188254683585299,-11.917117300941982,1.6491522443839757,0.819353289162162,-3.899434949762276,3.840102465267802,-0.341855,0.279979,0.133433,0.555203,0.48785,-0.655479,0.15524,-0.297298,0.187191,-0.0834955,0.6648,-0.162284,-0.578608,0.443755,72.14479609692827,-0.8375082768382072,-2.1315234531938696,14.800599058023424,0.6695156426342725,5.261833593145752,8.018152246137142,7.232763184867586,-0.427545,0.0287608,-0.254688,-0.183486,-0.343668,0.223009,0.893584
22.184573888778687,-0.6523571518514774,-11.025413425911923,1.293891887001879,0.8840631183815918,-3.5622228982442086,3.7038848713754953,-0.337909,0.279705,0.133724,0.546357,0.487699,-0.661094,0.163089,-0.287914,0.187394,-0.0820933,0.657168,-0.165516,-0.586714,0.443286,72.07152621778108,-0.9765874642230674,-2.2126351885529267,14.83289788176872,0.9637561920769993,5.5508957985645075,7.6723795517166,6.882666202390661,-0.41058,0.0254971,-0.255683,-0.171175,-0.344642,0.216727,0.89719
22.25453758239746,-1.9757316746208422,-6.603073486065456,2.2618760589650635,0.7373446472381611,-2.8233275615854083,3.813623902971495,-0.337421,0.278751,0.133241,0.549389,0.484792,-0.661245,0.160947,-0.289316,0.184675,-0.0826415,0.659404,-0.169193,-0.583492,0.442828,72.2628165269478,-0.9516964466233802,-2.167959792447479,14.780094600171735,1.3882189701749867,5.053752693603801,7.790647805068814,7.2649083270064745,-0.417155,0.0245826,-0.254514,-0.183157,-0.349115,0.230327,0.889675
22.338910341262817,0.12985331876251388,-1.3851032505025855,2.0951739275266696,0.32470265083678085,-2.7932961796858824,3.34092476615304,-0.339714,0.277318,0.132065,0.557883,0.481521,-0.658733,0.15157,-0.297923,0.17915,-0.0845713,0.669887,-0.178243,-0.56587,0.446398,73.86324847203461,-1.5050374609308967,-2.5978919749152407,15.09274237871275,1.037131316541461,5.481387219014117,7.620548314124367,7.580586294508316,-0.432331,0.018029,-0.249868,-0.171664,-0.334786,0.242995,0.894093
22.41134023666382,2.974216399079321,3.7330244865037114,-0.7581278807109688,-0.24640241199080473,-3.11627503001868,2.9220707573330618,-0.341001,0.276568,0.131525,0.565504,0.477141,-0.657675,0.14144,-0.30737,0.172082,-0.0875381,0.683192,-0.199292,-0.535967,0.45417,77.30552213734369,-3.0526301041382222,-3.569811947740239,13.005929565050751,1.2589226007280638,6.745812089293349,7.402872192308411,7.400039018126838,-0.450592,0.00938336,-0.242392,-0.160806,-0.308564,0.258006,0.901312
22.48065948486328,3.3722411858476575,2.81266062920067,-0.7051732856662071,-0.25117132187673774,-3.2631619973024963,3.0023653551718326,-0.342693,0.27705,0.131579,0.568076,0.477943,-0.655793,0.137094,-0.310813,0.169898,-0.087066,0.679292,-0.203209,-0.539125,0.454546,77.7946183722486,-2.1546624031725354,-2.7741225657369495,13.573088377751983,3.393337326176211,3.191257872556502,7.055245239153817,7.031260351561738,-0.456581,0.00333469,-0.236447,-0.1636,-0.3017,0.27224,0.898942
22.550623178482056,0.8758706481943841,-3.161386912516119,1.1551670184126384,0.2396855348373148,-3.2517995815938274,3.542409720869788,-0.343091,0.277818,0.131919,0.563641,0.480758,-0.656502,0.142074,-0.30628,0.171212,-0.0834943,0.670224,-0.207301,-0.54475,0.459427,78.4178880585309,-1.750922662565669,-2.585308749992341,14.611168617128062,1.9241549848592765,4.97873331382246,6.804144023013427,7.187517106883798,-0.444911,0.000329135,-0.234797,-0.171319,-0.316669,0.271596,0.892528
22.621174335479736,-0.4632349146707063,-10.52967297559962,2.718834272617077,0.630004353366494,-3.23012580137763,4.142318477727624,-0.341223,0.279159,0.133015,0.55477,0.484993,-0.657459,0.157354,-0.294185,0.174601,-0.0793719,0.651911,-0.204303,-0.563234,0.4648,77.63234584839819,-0.7982625713417377,-2.1294163231599494,14.81163660614199,0.8361032769401637,5.024353086776038,7.624102348190292,7.106990451588183,-0.421952,2.32308e-05,-0.236263,-0.190233,-0.341739,0.27073,0.87962
22.692514657974243,-0.3747210436299617,-12.039615457149482,2.5258071583610646,0.7202371024949293,-3.1950138904001855,4.074024997029287,-0.337954,0.279613,0.13366,0.545307,0.488502,-0.660286,0.167416,-0.284296,0.175915,-0.0773251,0.640432,-0.203964,-0.571819,0.470392,77.79425998074865,-0.6151820392859761,-2.4897063842636804,15.46006223522613,0.8591547570626883,4.921583865838194,7.115813142071031,6.678289914312547,-0.405813,-0.000962581,-0.235991,-0.182343,-0.361697,0.263818,0.875401
22.763545274734497,-0.29540400825525326,-7.8084527203977325,1.7291469094093772,0.7148677860469758,-2.715602808990681,3.733319306994467,-0.336378,0.278869,0.133558,0.545548,0.485107,-0.662796,0.166582,-0.282898,0.174871,-0.0774931,0.641786,-0.203922,-0.572384,0.467871,77.42145364929094,-0.527365782549392,-2.6387597338634667,15.721392878828548,0.7490377378833837,4.567288731664078,7.281062451156599,6.872288558301453,-0.404947,-0.00118742,-0.237247,-0.193023,-0.350857,0.266556,0.876692
22.833658456802368,-2.7225508723905714,-2.074936128692921,0.2980283779947332,0.1882228875558872,-2.6747884149757484,3.914117528590903,-0.338254,0.277184,0.132098,0.553652,0.482161,-0.66033,0.157974,-0.291621,0.170807,-0.0799631,0.652497,-0.207456,-0.558901,0.467802,78.12258135709625,-0.989055634825668,-2.8646654645045158,15.81377907794483,1.2748251982522198,4.9130645615012085,6.475262720146806,6.442718772601596,-0.420508,-0.00465468,-0.235114,-0.184132,-0.337887,0.277155,0.880405
22.903239011764526,-0.47773667959802585,2.924903482140854,-0.6302307753727706,-0.2778431175992748,-2.912771926760389,3.656653161414348,-0.340338,0.276372,0.131405,0.563398,0.477632,-0.657655,0.148121,-0.301683,0.165522,-0.0830552,0.663958,-0.216351,-0.541228,0.468428,79.39323279108511,-1.5856046429943937,-3.011853337714173,14.311515149475062,2.4023843489128263,3.763142493109818,7.136794599323506,7.793259965202079,-0.440716,-0.00848519,-0.230604,-0.180239,-0.318663,0.292199,0.883509
22.973681449890137,1.8372997610388615,2.857347748071264,-2.1777261022173193,-0.6412612347928517,-3.2891934429380574,3.5124919218690938,-0.342349,0.276511,0.131322,0.56832,0.47611,-0.656325,0.139888,-0.30871,0.162337,-0.0836514,0.669358,-0.224961,-0.528115,0.471642,81.07169263274578,-1.8444201235785407,-3.2612631690613263,14.218518336164319,2.9677893114854648,3.156210449040522,6.978525631364556,7.665250900331417,-0.451553,-0.0135031,-0.224403,-0.165629,-0.30221,0.303517,0.888321
23.04403328895569,1.0516822254321383,-1.0329705013155126,0.20078599288317797,-0.017523339591547765,-3.1706974964812664,3.7931669994135166,-0.342926,0.277215,0.131593,0.565775,0.478122,-0.65651,0.142451,-0.30526,0.163003,-0.0807282,0.651757,-0.222294,-0.539488,0.48451,81.58409903669363,0.49607202254144056,-3.4485157047573995,16.18318991542875,3.316676285269904,0.14017739655795936,8.9393499891958,8.366356792523137,-0.443657,-0.0160227,-0.222625,-0.176027,-0.316035,0.309612,0.879361
23.113956212997437,-0.32775292691929636,-8.644652802892312,1.8722031887970811,0.4562531248301749,-3.1629035876577887,4.231526778076535,-0.341304,0.278579,0.13262,0.554469,0.484148,-0.659097,0.154132,-0.293539,0.166484,-0.0767551,0.633514,-0.222673,-0.554784,0.491214,81.82931220583113,1.3229099371836766,-3.3462299893168024,17.09780383948245,2.0102436409554496,0.4217904767153371,9.36858423522252,7.800030195699651,-0.421002,-0.0171311,-0.223133,-0.198177,-0.337752,0.295943,0.871245
23.184016227722168,-0.930423263852512,-11.46869500785958,2.486896610894547,0.6305289731821493,-2.998302678184753,4.406221039000351,-0.337679,0.279175,0.133509,0.545755,0.48745,-0.660375,0.168667,-0.282406,0.168262,-0.0743539,0.625606,-0.224744,-0.562886,0.491189,81.36771704941854,0.5420782447182031,-3.088242180650695,16.19905159755175,1.4089507991396335,2.4233523806848254,7.938331561442568,6.945142549664825,-0.402359,-0.0179591,-0.223813,-0.198484,-0.353167,0.296929,0.864702
23.255549430847168,-2.20016555857162,-8.306938324955727,-0.19518316642809327,0.2935362720801503,-2.674008881454621,4.393447858163889,-0.335781,0.278548,0.133523,0.544065,0.485903,-0.662726,0.169368,-0.280118,0.16668,-0.0739372,0.630382,-0.231751,-0.558625,0.486671,81.72324946547893,-0.5231089285968356,-3.051837815017376,15.958640346090398,0.7554000789841293,4.375387184931899,6.890745480649297,6.284915227108782,-0.400361,-0.0206942,-0.222043,-0.196969,-0.350307,0.298445,0.86569
23.341721773147583,-2.6437376748477406,-1.4689400194363105,-2.0624486615683604,-0.23214461349329263,-2.7326105834671366,4.456655040941784,-0.337619,0.276636,0.13193,0.555676,0.478755,-0.66145,0.156532,-0.290054,0.160597,-0.0761698,0.639698,-0.241968,-0.541765,0.488599,83.16049252760783,-0.3564464403747749,-3.1945727828736437,15.269365033853287,0.8094867374326338,3.840278159076451,7.432497495924539,6.844569044230309,-0.418255,-0.0266956,-0.21737,-0.187451,-0.332736,0.317284,0.868032
23.412882566452026,-0.9143224133862791,2.4223832064169466,-2.8520558470028066,-0.5994687173170217,-2.7080355850721918,4.236934245212073,-0.340423,0.27594,0.131298,0.564697,0.475817,-0.658432,0.145541,-0.301626,0.154739,-0.0785439,0.643635,-0.244245,-0.524274,0.501214,85.02726626372748,0.39634842796621506,-4.345676309505205,15.996763383856079,3.430319281205863,-0.12616859390192303,9.248985711363686,8.752345420192764,-0.440486,-0.0314515,-0.210439,-0.180889,-0.312588,0.335392,0.870103
23.483218669891357,-1.962600040273718,0.7580450443661569,-4.515532332651214,-0.8526029959100297,-2.698077681387747,4.604242860093258,-0.341661,0.275979,0.131117,0.567553,0.475326,-0.657388,0.140681,-0.306569,0.152431,-0.0793128,0.646777,-0.245292,-0.517944,0.503235,85.6602044875464,0.41445475178527147,-4.598674598776695,16.679912188863504,4.813805580538167,-1.9021452949529163,10.51695607184603,9.641551000933891,-0.448634,-0.0354938,-0.205337,-0.174878,-0.298291,0.347234,0.871705
23.55323624610901,-1.6647411491324482,-4.488511441801835,-3.910573036124095,-0.653695885613774,-2.8283933181558654,4.670509143888728,-0.341938,0.276417,0.131326,0.565479,0.477636,-0.656734,0.144213,-0.304166,0.152908,-0.0765709,0.653627,-0.259235,-0.508349,0.497142,86.74483976504645,-1.9175309033272079,-4.0856597679124755,15.99476263597526,1.1561207595776164,4.947025488690578,6.078912426592822,6.056783726159919,-0.440867,-0.0390419,-0.202226,-0.183076,-0.306927,0.352379,0.864932
23.62341070175171,-3.567416099843514,-13.807649588668072,-1.674797204330034,-0.11030033170938644,-2.764799953631593,5.479119727053601,-0.340978,0.277845,0.132318,0.555792,0.483723,-0.657306,0.158291,-0.292715,0.155579,-0.0727857,0.619577,-0.249447,-0.53144,0.52103,86.86286804041296,1.6635007254490617,-4.736298550178948,17.965960400305327,2.5341419615261955,-0.8003567789051971,10.911789713140534,8.56250364022278,-0.419372,-0.042227,-0.200375,-0.204637,-0.328468,0.349165,0.853414
23.69301438331604,-4.4906364244058645,-15.644425256506395,-1.2337513606411765,-0.09199766323784389,-2.5935496678554433,5.652237393102858,-0.336901,0.278178,0.133026,0.547212,0.48403,-0.660907,0.171686,-0.281136,0.156165,-0.0700217,0.621538,-0.266472,-0.532815,0.508715,86.93370152078546,-0.9962593557480481,-3.7622198174293366,15.284874234841219,-0.04212572018848748,5.421287981036659,6.9369704051014835,6.1798328997875185,-0.400863,-0.0451163,-0.199317,-0.216817,-0.340082,0.343857,0.847996
23.763608932495117,-6.385895113864156,-14.352105182468874,-0.6724359307591647,0.09394716174270644,-2.021435982770431,5.561828629267423,-0.33519,0.278175,0.133408,0.543727,0.485919,-0.661279,0.175935,-0.277453,0.155775,-0.0692977,0.619533,-0.269256,-0.527638,0.515052,87.85214628449576,-1.4700640166249208,-4.6021856992633605,15.463915843611023,-0.7106121700321544,6.734449661233548,6.773396416371375,5.9861169427610825,-0.394528,-0.0473342,-0.198033,-0.217106,-0.341889,0.347118,0.845864
23.83397340774536,-8.73638739495091,-8.153204135079452,-3.4357132988231394,-0.05690078211447137,-1.931938581165869,5.758412515010391,-0.33638,0.276644,0.132156,0.551509,0.481367,-0.660295,0.167731,-0.284102,0.151696,-0.0715575,0.610976,-0.257056,-0.531716,0.52717,87.39693560413498,1.7151426434713608,-5.164776300630718,17.510628652352814,3.0305095906469237,-1.4510488923517428,11.40264722714094,9.171660302545751,-0.408084,-0.0511674,-0.194937,-0.213135,-0.324373,0.358056,0.849206
23.905080556869507,-6.176784220200102,0.8483767431278277,-4.990596087734092,-0.5841933886781613,-2.0304885008389815,5.1219969770260825,-0.339171,0.275051,0.13065,0.564433,0.473039,-0.659703,0.149804,-0.299221,0.144862,-0.0738998,0.639432,-0.274293,-0.498461,0.517134,89.3950687914696,-0.8310347627523953,-5.404978123524582,16.90343664404348,1.8027522714558004,2.4715669216007896,8.03709517998992,7.246337414574448,-0.434813,-0.0554857,-0.187819,-0.192999,-0.302081,0.378453,0.853388
23.975556135177612,-5.1458151058614465,2.040651357687247,-6.963455032959817,-1.0276695657009844,-2.2654073850473417,5.036756623063703,-0.341309,0.275006,0.130537,0.573738,0.470859,-0.654475,0.14415,-0.30745,0.142552,-0.0755218,0.648376,-0.282095,-0.488285,0.511477,89.71505141781826,-1.7598252100933216,-4.322614720312279,13.490237023431296,2.566907437063665,3.1200634999982064,7.0329854076728155,7.929024261308221,-0.449367,-0.0572055,-0.183352,-0.192128,-0.283053,0.383822,0.8577
24.044901371002197,-4.332716665796626,-1.82934800287009,-3.7713468767601253,-0.45589680546499983,-2.1866435134791082,4.956740357901712,-0.342158,0.275798,0.130802,0.570471,0.473462,-0.65548,0.144025,-0.305594,0.144447,-0.0733594,0.643849,-0.283665,-0.487963,0.51661,90.66145394511642,-1.4459772646698141,-4.729754903678536,15.055268445070949,0.8074255773616672,4.512620805603763,7.016238292729848,6.6848873535617885,-0.443258,-0.0564453,-0.183702,-0.196329,-0.293936,0.382187,0.853809
24.11439538002014,-5.839098064828902,-11.715547075643961,0.8418266137877937,0.3286976524437627,-2.0709337322973336,5.32972765448905,-0.341464,0.277184,0.13174,0.559074,0.480423,-0.657188,0.157271,-0.294571,0.150145,-0.0714083,0.625867,-0.270907,-0.513244,0.521038,89.09581477086107,-0.002278303238789192,-4.59770387388047,16.531425445570815,0.8509496949772948,2.5698295305010745,8.56792195957756,7.139041829528464,-0.421188,-0.0541816,-0.188979,-0.21749,-0.312503,0.357577,0.852748
24.18427801132202,-6.0926565781342275,-15.705921525378137,2.7938469284629246,0.7491425179043476,-1.6745698975397447,5.499114084070395,-0.337826,0.277881,0.132536,0.54805,0.484947,-0.660184,0.169191,-0.282543,0.154083,-0.0701479,0.611998,-0.257537,-0.523532,0.533898,88.52639522716869,1.0553709328432772,-6.302018503907705,18.954910679977033,-0.31057485068590895,1.5598123784500402,10.975321717402869,7.915050001861701,-0.402033,-0.0503166,-0.195121,-0.223916,-0.335817,0.357326,0.842263
24.25423765182495,-6.722256203452056,-15.481908605271174,0.5724929058780915,0.37862730905843794,-1.485501144958215,5.38796216146388,-0.334796,0.278104,0.133282,0.54144,0.487529,-0.66163,0.177213,-0.275874,0.156076,-0.0696054,0.61585,-0.266195,-0.531658,0.516921,87.7239255004013,-1.0691040230853854,-4.716870109103679,15.9305856880359,0.03442377906449501,5.360082047433934,6.809684451702019,6.041866766854504,-0.392029,-0.0486375,-0.197323,-0.222353,-0.341857,0.347822,0.844223
24.33760118484497,-7.335470565034518,-6.708731192940818,-1.630346445659648,0.2355572723010908,-1.3656466712850837,5.225823648221199,-0.335838,0.276308,0.131975,0.55245,0.479675,-0.66093,0.166979,-0.283677,0.150433,-0.0708027,0.620074,-0.26812,-0.523277,0.519424,87.99020793478974,0.025294431870095835,-4.750946962587011,16.577852748119778,0.8756210025675522,2.4946242733016426,8.501014675439526,7.1945915942530485,-0.406747,-0.0538719,-0.192746,-0.210883,-0.324162,0.360162,0.848959
24.409489154815674,-5.976898684969879,-0.2777917805690061,-2.6796758159997003,0.07646996549302812,-1.3712716799289222,4.979279506815474,-0.338214,0.274475,0.130408,0.561979,0.473639,-0.660395,0.154029,-0.29518,0.143613,-0.0724415,0.634994,-0.282452,-0.504956,0.511881,89.37112497756434,-1.1234234496978672,-4.268092370922209,16.028730353548887,1.8196571101223324,2.9768283750300704,7.385435404537792,6.998427857270118,-0.428364,-0.0596385,-0.185525,-0.196781,-0.303162,0.385727,0.848872
24.479584217071533,-6.742410257511887,1.3662230802686888,-6.11055973538755,-0.40165972399677985,-1.4066636771953624,5.203467248312356,-0.34046,0.274418,0.130147,0.569761,0.470862,-0.658318,0.142399,-0.306045,0.138874,-0.0740403,0.644834,-0.288767,-0.480543,0.519501,91.65262527948516,-1.5654269730980026,-5.484424174008321,16.10528315209232,2.7203698693793417,1.8707726512530343,8.118192551793301,8.094803044436572,-0.447257,-0.0641636,-0.176719,-0.194159,-0.275259,0.393282,0.85549
24.549598217010498,-6.250169785075038,-2.634609369468784,-6.3607853616592305,-0.6085212947290007,-1.727933434046299,5.46756750382892,-0.341392,0.274672,0.130119,0.570282,0.471213,-0.657823,0.141443,-0.307057,0.137887,-0.0725408,0.64286,-0.291609,-0.476913,0.523687,92.43812588262264,-1.3832836171098641,-5.682975175668182,17.16952121830003,2.377705379809699,1.7517837680756685,8.895530274251417,8.169128466258305,-0.448121,-0.0665939,-0.172618,-0.204617,-0.278846,0.398652,0.849384
24.620525360107422,-4.833166405504865,-12.391442639351625,0.2298026067252642,0.09807726170976384,-1.6243093564701003,5.408738635102305,-0.341751,0.276441,0.131254,0.563143,0.478524,-0.655534,0.155434,-0.296906,0.143038,-0.0683456,0.620308,-0.287165,-0.500675,0.531111,91.592121243427,0.24711384881135157,-4.595794124849499,17.285077840403556,1.7180014106949884,1.1269559393597923,9.828579319824827,7.996147032117321,-0.425991,-0.0667228,-0.173954,-0.213036,-0.307944,0.402913,0.835133
24.690510272979736,-7.295665088609511,-18.814216838426823,3.6816044045906477,0.6643346512068794,-1.1980764489102966,6.008542735345447,-0.33776,0.277218,0.132167,0.54871,0.484649,-0.658343,0.174976,-0.281242,0.14723,-0.0664475,0.606609,-0.281633,-0.51682,0.53442,90.55984371992162,0.02221975060558279,-5.08116553932309,17.626305946701105,0.757166311334899,2.41269001438803,9.21941424073412,7.261620194160584,-0.398744,-0.0659762,-0.178586,-0.225571,-0.332887,0.390519,0.82813
24.76154375076294,-8.218729457870428,-18.774955156591325,2.5782863162995144,0.5938513734178392,-0.7287967115592946,5.883377304108087,-0.332936,0.278043,0.133632,0.538492,0.485843,-0.662625,0.186845,-0.268974,0.150752,-0.0648401,0.59629,-0.280043,-0.521991,0.541793,90.56716166995676,0.21025484999068134,-6.2820231544292975,17.01373335205545,-0.572349533511713,3.7784131807410297,9.05814738754367,6.8395624283051,-0.379668,-0.0633639,-0.181945,-0.24267,-0.34285,0.375692,0.826088
24.83161187171936,-11.75921736711303,-11.02661166142445,-0.7155286001451238,0.4865103076921821,-0.6499404414382103,5.92181418306846,-0.332161,0.277073,0.133274,0.540402,0.483698,-0.663396,0.184141,-0.270608,0.147884,-0.0655593,0.601573,-0.28152,-0.52321,0.533954,90.03074637454128,-0.18438710944164605,-5.653333671563849,17.24274435909586,0.9618301606154889,2.4793790007389553,8.880993255366837,7.2531247187250925,-0.385391,-0.066123,-0.179252,-0.226767,-0.340277,0.378351,0.830445
24.902596473693848,-10.99853378500795,-0.6379593516822929,-1.8867043284362162,0.4775165835239646,-0.6602664922634417,5.635113403669437,-0.334106,0.274101,0.130957,0.554807,0.474311,-0.662572,0.167976,-0.283032,0.139913,-0.0678301,0.614206,-0.293974,-0.508228,0.527291,90.96092875070256,-0.20875821503134695,-4.741334518037965,16.215133572667433,1.8451114216798272,1.6585673679476152,8.923107060734312,7.769177502946802,-0.409022,-0.071829,-0.174517,-0.213399,-0.314303,0.403363,0.83245
24.97310709953308,-10.1258324241115,8.982352405649163,-3.6180118378110424,0.3271544001509002,-0.971320850798563,5.43955043207944,-0.338177,0.273101,0.129626,0.565885,0.469633,-0.660107,0.153227,-0.298149,0.135076,-0.0709098,0.630719,-0.29463,-0.487269,0.527215,91.89245405508403,-0.7488631522829596,-5.450715005548503,17.10473758256932,3.0907408140123733,0.563628057950023,9.518678102758198,8.675270699919741,-0.435138,-0.0734582,-0.169616,-0.20894,-0.285483,0.407846,0.841728
25.04337239265442,-10.022758411445784,5.691982323347711,3.5772503729946026,1.4493802152160389,-1.0364110146493613,5.557319099223324,-0.339786,0.273248,0.129696,0.571529,0.46879,-0.657016,0.148054,-0.30436,0.135383,-0.072503,0.636858,-0.290445,-0.485023,0.524219,91.33331318391156,-0.7810572554284718,-5.091357114546511,16.281703595105952,4.214523334720521,-0.11755796683991093,9.306986164220488,9.089970981340105,-0.445678,-0.0703974,-0.170535,-0.20619,-0.279758,0.401908,0.847167
25.114166021347046,-11.750859395915782,-0.8371377853451338,8.557995422408526,2.140357335898336,-0.9526620264180992,5.688672479788366,-0.340965,0.275213,0.130527,0.562302,0.47674,-0.657274,0.156608,-0.296066,0.14473,-0.0711284,0.630979,-0.281791,-0.505683,0.516473,89.61478818732829,-0.9612538207653873,-4.124942598409928,16.28606157674901,0.8399037660830722,3.637180237260587,7.641810127010339,6.741421651964522,-0.425269,-0.0615554,-0.183382,-0.209413,-0.312295,0.386266,0.842269
25.18428945541382,-13.765578889609824,-6.421508655171086,14.114538672517469,2.9139330055793478,-0.5452684302899987,5.768356145568089,-0.338131,0.276059,0.131351,0.551078,0.482488,-0.658678,0.172225,-0.284218,0.153623,-0.0721333,0.628043,-0.261807,-0.527181,0.509018,86.31862801700782,-1.5135520120996127,-4.15672668248577,15.812904286104935,-0.7828617997078187,6.409138504805053,7.015449239653553,6.202343976205951,-0.40438,-0.0484268,-0.200649,-0.223693,-0.334853,0.343214,0.848551
25.254055976867676,-13.58369343434141,-6.143839664195883,13.149994781085793,3.0931389694053513,-0.624856179670752,5.465494873873522,-0.334447,0.276447,0.132199,0.542831,0.484554,-0.661652,0.180995,-0.276467,0.164026,-0.0754938,0.621909,-0.222494,-0.558856,0.501404,81.06869491389186,0.1535454169483792,-4.523878096583573,16.395045523193254,1.6959929390780526,2.8282780117488286,7.117975731084808,6.932894128145037,-0.39442,-0.0278769,-0.221574,-0.222477,-0.34577,0.312345,0.856381
25.33817958831787,-9.860840762535044,-1.977394337916134,10.231823366771172,2.5193511461835087,-1.387675296281352,4.464892744277723,-0.335731,0.275659,0.131472,0.548751,0.481008,-0.662836,0.167787,-0.285773,0.171741,-0.081781,0.646219,-0.194542,-0.564771,0.474961,76.79410429017597,-0.5195693399917207,-4.242482027679761,15.902076580306552,1.7444223089093631,4.080743811656141,6.411815548354014,7.241061271664155,-0.41137,-0.00472449,-0.239674,-0.201326,-0.338756,0.266737,0.879525
25.4117591381073,-7.411661057884973,3.2527614327741365,12.763201329564167,2.631852461206137,-1.8296150158900535,3.7040218650851755,-0.338721,0.274569,0.130324,0.561128,0.476061,-0.659178,0.154874,-0.302173,0.175868,-0.0911795,0.685467,-0.174165,-0.543733,0.451836,73.83475830709278,-3.655803227588658,-4.831437846972997,12.581076929202496,1.0388345682612967,7.8458412326105,6.0327045393989005,5.900692895623112,-0.443326,0.0171604,-0.253327,-0.176663,-0.315386,0.233534,0.902654
25.482014656066895,-1.0804521072407562,10.158935743998192,10.608917831191592,1.8268740471959124,-2.446988144522022,2.110018041663593,-0.341239,0.274622,0.129992,0.569178,0.473357,-0.657701,0.139282,-0.316771,0.185819,-0.098486,0.711734,-0.138082,-0.538453,0.429461,69.80139831257092,-4.586597624752219,-5.739012284794025,11.712643580184602,2.1620682249311143,7.440993027756544,4.2487616118690665,4.780943810759928,-0.471389,0.0419672,-0.262435,-0.144727,-0.307722,0.198411,0.919236
25.55329132080078,0.6546733725588578,3.3967242367987587,13.867896426884876,2.8675202432481655,-2.1587391313142263,1.84788798088747,-0.345023,0.276343,0.130597,0.577717,0.474402,-0.650427,0.134649,-0.326519,0.202771,-0.100666,0.728067,-0.0912919,-0.553499,0.393982,62.42358664989858,-4.675707232367099,-4.180562539186081,8.906888213150987,1.7645422234103494,7.756326335630462,3.717390237980669,4.374741263795486,-0.485263,0.0779761,-0.275552,-0.144344,-0.285038,0.137333,0.937581
25.623152494430542,-1.8706941840779232,-0.7322236903910404,17.352155589130337,3.515742581196642,-1.8536208301891997,2.0881771234284354,-0.344978,0.276494,0.130446,0.575047,0.475603,-0.651227,0.137937,-0.325746,0.217789,-0.10055,0.724787,-0.0385578,-0.586528,0.359418,54.31297684220269,-3.1486322510565667,-3.17478566871064,9.743121812166008,4.262613934240712,3.422598820756509,4.087124127332885,4.6522936335776786,-0.483937,0.110806,-0.287671,-0.133855,-0.289906,0.0843298,0.943889
25.694202661514282,-0.020521521679541074,-5.099885089185496,20.482451778257687,4.464418605045445,-1.4094177889835824,2.075442116995231,-0.343748,0.276606,0.130498,0.568337,0.47788,-0.654384,0.142847,-0.320583,0.230411,-0.0969228,0.7216,0.00103228,-0.609559,0.328222,48.080602853706566,-2.8202072144725943,-2.270352597646487,10.904755144188771,3.398380677064921,4.238336954739637,5.196311057387447,3.8805208287613953,-0.475326,0.144453,-0.297089,-0.118019,-0.303673,0.0322207,0.944889
25.76445174217224,-1.667154350303015,-10.414385349528606,18.61303957643108,4.650708633568852,-1.6453228900753791,2.526578567250766,-0.342574,0.276902,0.130974,0.564904,0.478573,-0.656449,0.144657,-0.317329,0.243791,-0.0924159,0.717919,0.0389915,-0.630816,0.291792,41.65203233134245,-2.0769150401134606,-0.9410930233083254,9.993317602893537,2.900289359212855,4.063121670433734,5.18378869291327,3.0414856909950108,-0.471029,0.180815,-0.301923,-0.0982249,-0.312541,-0.0194683,0.944612
25.83491277694702,2.1588391290453015,-7.730157212370754,22.08117047530396,4.661739076145971,-1.1934950784803597,2.033064083784926,-0.342299,0.276779,0.130922,0.564107,0.478949,-0.657498,0.141733,-0.318224,0.253114,-0.0890242,0.72409,0.0671893,-0.63709,0.25553,36.60455208783221,-2.649288680079252,0.42795972286890205,9.411478482089125,2.3615902310134613,5.5109623584848215,5.603470991907953,2.4001397643698485,-0.475227,0.212282,-0.301398,-0.0705772,-0.313304,-0.056552,0.945337
25.90545630455017,3.98442408086684,-9.4497380781361,21.3894212228857,4.376936536300381,-1.2430814773338634,1.2651405837105012,-0.344482,0.277244,0.130949,0.57286,0.477703,-0.651569,0.138166,-0.325379,0.262883,-0.0866515,0.73135,0.096563,-0.636539,0.224989,31.49461071051,-2.451532438752915,1.3947476675524726,6.724194000233956,1.8533538654131476,4.502867824122614,7.767716127268902,4.8214137819933605,-0.488551,0.24034,-0.296891,-0.0517845,-0.305546,-0.0949277,0.946017
25.975261449813843,5.337097936660074,-14.771852367761278,19.97215445588093,4.961160232005708,-0.473987505764853,1.3064807049355267,-0.346453,0.278283,0.131332,0.574704,0.479659,-0.649358,0.134078,-0.329613,0.272346,-0.0822357,0.730949,0.125209,-0.640327,0.200044,27.44918052560388,-1.954687211746167,1.7524065977188927,6.607711585645765,1.4742131405307708,4.267781460069113,8.657750438379217,5.975335867619939,-0.496325,0.26758,-0.291001,-0.0415044,-0.304399,-0.134778,0.942047
26.046100616455078,2.2075827390515,-15.686856653956374,15.039257683092826,4.494990246548453,-0.983147985351794,1.1217857577406514,-0.346623,0.278727,0.131465,0.571864,0.481429,-0.650505,0.134315,-0.330235,0.28336,-0.0758666,0.728699,0.159955,-0.643384,0.171665,22.47379769611104,-2.2075995945702065,2.046142834780605,5.504730372701857,0.5911758511013483,5.883613796380757,7.863993082373989,3.059352684708874,-0.49813,0.296954,-0.283543,-0.0318625,-0.301076,-0.177706,0.936354
26.116369485855103,-0.14436315800364113,-17.56065767622415,9.395340706412995,4.202105207949502,-1.3345872893721904,0.8876878475237681,-0.346092,0.279306,0.132108,0.569627,0.482797,-0.650939,0.136786,-0.328973,0.291702,-0.0692154,0.718522,0.189935,-0.652123,0.149618,18.090381640075805,-1.2745031865191034,2.2003075154665446,5.200034705487429,0.5513565368562015,4.758575353929835,6.998964687427048,2.414678304291234,-0.49632,0.320705,-0.275971,-0.027213,-0.299423,-0.218417,0.928385
26.18650794029236,0.2719897166326794,-21.585737724736006,9.390063321541271,4.732496392952269,-1.3065463567480706,0.5151786591518384,-0.345095,0.27952,0.132532,0.566982,0.483072,-0.65252,0.139251,-0.327338,0.298744,-0.0631542,0.712506,0.215847,-0.654984,0.12939,14.193804867314547,-1.2214827421576597,2.34163329556326,4.396697398709424,-0.12248036454479783,5.083628749108751,4.744272239246399,1.6179926120035582,-0.496003,0.341684,-0.266868,-0.0244063,-0.303439,-0.257054,0.917198
26.256895780563354,0.5735511750014449,-21.71357175169815,5.902142343794381,4.395948678278138,-1.183405280768652,0.21187816913916652,-0.344469,0.280004,0.133004,0.563904,0.484817,-0.653653,0.140363,-0.327299,0.306038,-0.0569109,0.70337,0.24669,-0.658053,0.106679,9.89878260192177,-0.8825611486329894,2.330646231978812,4.845033823516005,0.4927931459012105,3.78045533102458,4.731817901359982,2.6962810105511306,-0.49761,0.362758,-0.255966,-0.0144984,-0.303131,-0.290756,0.907393
26.341718912124634,0.8954373879937567,-21.38843350843007,2.2363370892037837,3.9581216748358172,-1.2028179131483066,-0.23078953289256496,-0.344649,0.280865,0.133812,0.564109,0.484902,-0.654043,0.137401,-0.328803,0.315472,-0.0481641,0.696268,0.279057,-0.656673,0.0782245,5.136620501832378,-0.6899057261194006,2.2293332576613745,3.7157811635947233,-0.530273499387584,3.65028426716896,3.812924481276787,4.019701238569251,-0.502118,0.388841,-0.239255,0.00882817,-0.30023,-0.330242,0.894832
26.41403579711914,-1.4799148274656104,-22.919791299198597,4.207299753645771,4.279112400098836,-1.2426234067002544,-0.227421426790822,-0.345463,0.28205,0.134284,0.563247,0.48751,-0.653476,0.134369,-0.331937,0.323932,-0.0404831,0.689054,0.309025,-0.653267,0.0543132,1.1346974603624524,-0.6266494602071582,2.0817150446283206,2.9253583595426917,-0.4810615383064021,3.2913195490790343,5.028824178864525,3.2411603824365613,-0.507105,0.410945,-0.223746,0.0148557,-0.285531,-0.364297,0.886306
26.485581398010254,-2.491529855894434,-19.916267680495032,0.681156254067626,3.492252349353228,-1.5211008519001898,-0.4649027782408727,-0.346319,0.283073,0.134994,0.564645,0.487991,-0.652608,0.130934,-0.335272,0.329725,-0.0352618,0.680953,0.328676,-0.653057,0.0423258,-1.2301874828399126,-0.08378826401676065,1.2512269109192475,2.8652817022589225,0.010158389499761888,1.5798885345522962,5.990836439436812,4.29734508405129,-0.513219,0.421854,-0.213572,0.0171627,-0.282837,-0.383979,0.878788
26.557251930236816,-4.441141756813702,-20.079349373961247,2.1882688875655765,3.4218564064312202,-2.085450651007236,-0.802867249057131,-0.346774,0.282967,0.13465,0.567303,0.487237,-0.650888,0.130814,-0.336501,0.329374,-0.0358828,0.683506,0.329268,-0.650097,0.0421348,-1.4140912291680696,-0.22335807252983386,1.182748093549809,3.0201716651769175,-0.3579729476923603,1.5235192642532382,5.703225798503108,4.516862628209976,-0.514842,0.420678,-0.214131,0.0165911,-0.282301,-0.382743,0.879511
26.628254890441895,0.40144698161094916,-24.213367074343278,7.776072205430201,4.37909342755347,-1.4471040770723913,-1.309164571123357,-0.346287,0.28214,0.134064,0.567622,0.485946,-0.651565,0.130858,-0.333622,0.325209,-0.0391824,0.689184,0.311291,-0.652944,0.0422767,-0.021136718729748188,-0.08641765729307416,2.4622842320441096,2.28809774674259,-0.6348233890641826,1.990473546306525,6.262459909403582,4.241817056115427,-0.510387,0.416948,-0.218403,0.0251835,-0.281265,-0.372543,0.884007
26.699708223342896,1.3371340846467739,-19.54884304637882,1.7667011293997816,3.5319695051631896,-1.3009358532504727,-1.1740583763207095,-0.345642,0.282233,0.134509,0.564198,0.48799,-0.65268,0.132495,-0.332017,0.325659,-0.0381501,0.688501,0.312112,-0.653332,0.0413458,-0.05723173762411386,-0.295014095757848,2.8552233386440564,1.7811783806127188,-0.5916400609486412,2.8032192128727935,6.251457676299612,3.803639770993515,-0.50834,0.418553,-0.217348,0.0255353,-0.283404,-0.373666,0.882838
26.77042818069458,-1.4266908941694558,-12.449815409259706,-2.5743491940398466,2.1874337956518444,-2.0078517592197045,-1.2685455783364863,-0.345735,0.282317,0.134652,0.564435,0.487598,-0.652656,0.13305,-0.33295,0.326476,-0.0376132,0.687535,0.315607,-0.652399,0.045425,-0.08052047332136869,-0.4320022213895438,2.2419720956636437,1.77096684725403,-0.580073375571875,2.9720454874447313,5.974316896861939,3.897538939536625,-0.509892,0.418189,-0.21698,0.0209397,-0.281414,-0.37512,0.88298
26.840469121932983,-2.557886880507622,-17.199049041432538,3.887501195450061,3.1590018461034814,-2.151259229849556,-1.2972982971051044,-0.346538,0.281681,0.133852,0.56605,0.487297,-0.651552,0.132702,-0.33439,0.324425,-0.0399977,0.690843,0.309084,-0.651652,0.0505224,0.8456845956632622,-0.4724226715887827,2.249586837225527,1.6844981974113438,-0.32184195482337774,3.171069928555397,5.83108144259106,3.7817228134771415,-0.511712,0.413217,-0.220368,0.0199752,-0.279571,-0.367873,0.886629
26.911431550979614,-2.502702301135462,-16.89503741284612,4.360199199912909,3.0785650416346364,-2.2511584244811047,-1.3851078793266889,-0.34713,0.281459,0.133531,0.569685,0.487036,-0.648285,0.134094,-0.334886,0.322139,-0.0427558,0.694484,0.300853,-0.651127,0.0566824,1.7629553498309394,-0.19223076582693466,2.4115161380471735,1.6855429029694093,-0.8895312279031122,2.3869192055524806,6.195693497613945,4.425140304709807,-0.511647,0.40696,-0.225264,0.0178596,-0.279894,-0.358345,0.890466
26.981524229049683,-1.5896641122037733,-16.40317500122222,3.7763144274080025,3.0449840988579275,-2.218316558264969,-1.4935857811646864,-0.346711,0.281226,0.133509,0.569869,0.484799,-0.649546,0.135311,-0.333785,0.320695,-0.0439275,0.696121,0.295874,-0.651407,0.0595241,2.1584753474141483,-0.40048071596417145,2.4678835052095804,1.6872680824909523,-0.9523727341521893,2.508205346090815,6.043630456266015,4.489259694583729,-0.509323,0.40473,-0.22778,0.0144287,-0.27804,-0.352529,0.893425
27.05186152458191,-0.7537145332974443,-14.78046879308644,1.822901875635139,2.6890249239313024,-2.0287375545924955,-1.5025167042063052,-0.346379,0.281161,0.133564,0.566675,0.48645,-0.651018,0.135728,-0.333107,0.320825,-0.0433748,0.694997,0.297587,-0.651857,0.0591924,2.1764333390733994,-0.6199632608945453,2.577687065658955,1.8765707715258486,-0.5273430033820445,3.2766897198939837,5.822866157278197,3.6977308445245773,-0.50884,0.404831,-0.22731,0.0155784,-0.282198,-0.356304,0.8906
27.122125387191772,-1.446598173448495,-15.404711318894163,2.067192073951851,2.701407675501506,-2.043363495271728,-1.4381719627890612,-0.346761,0.281378,0.133706,0.56827,0.486766,-0.649375,0.135793,-0.333955,0.322025,-0.0423591,0.694473,0.301475,-0.650977,0.0552145,1.4741168671119593,-0.41883019087470785,2.652709846545674,1.5262482456744806,-0.750743694026994,2.6147149697446537,6.410044168872656,4.314265808880514,-0.510314,0.407651,-0.224961,0.0179654,-0.281045,-0.359353,0.889695
27.193341493606567,-1.4389970026499754,-15.07824180597836,2.006874128317683,2.655754139930712,-1.9685073974107572,-1.4345469678929694,-0.347275,0.281713,0.133804,0.569542,0.487443,-0.648126,0.13399,-0.335479,0.323305,-0.0414208,0.693859,0.306005,-0.649801,0.0517603,0.9687673102836627,-0.27942846963376766,2.501884885432351,1.7581683774955863,-0.7207332330771026,2.249970034417455,6.39077327274382,4.4438348489551664,-0.512143,0.410605,-0.222788,0.0112434,-0.274689,-0.36531,0.889364
27.263864994049072,-1.3075625142473508,-14.11000030342586,1.1460955538947497,2.4703690415717747,-1.9355533246934202,-1.4722376584401486,-0.347572,0.281821,0.133877,0.567345,0.488749,-0.64946,0.132083,-0.336425,0.324038,-0.0408301,0.693191,0.308424,-0.649294,0.052707,1.1916485284900293,-0.5420526694435956,2.2185273141106423,2.0547383223335807,-0.24352485425336678,3.1940009657361443,5.717255601373949,3.6043454161273036,-0.514388,0.411204,-0.221229,0.0176654,-0.277575,-0.367834,0.887321
27.34980821609497,-1.3270042949602314,-16.1416796028357,4.253851714605842,2.9522197359604307,-1.8718435894086163,-1.401679917738377,-0.347627,0.281841,0.133801,0.568236,0.48775,-0.649386,0.132308,-0.336606,0.324196,-0.0408398,0.69352,0.308999,-0.648743,0.0517803,0.9526911058965996,-0.5747644294787566,2.191542748869634,1.954855503687714,-0.3255397476883757,2.9519457315206985,5.975537712042162,3.8785388521653967,-0.51461,0.411338,-0.22109,0.0184508,-0.277404,-0.36625,0.888013
27.42099618911743,-1.0862712988880163,-14.938028304149267,2.298720226853951,2.6942060631388696,-1.832909924251421,-1.3187146947694208,-0.347708,0.281899,0.133891,0.567541,0.489001,-0.64911,0.13203,-0.336711,0.324245,-0.0407862,0.693542,0.309121,-0.648604,0.0524964,1.1324169730657743,-0.5860423661979599,2.214296752956102,2.0563253379030826,-0.32455875831485415,3.2223074150513895,5.731609717696637,3.6032005444456234,-0.514722,0.411356,-0.221076,0.0178653,-0.277571,-0.36583,0.888146
27.491829872131348,-0.06623958784949945,-10.952705784956121,0.02696400545760869,1.9440511081755079,-1.6727514443135116,-1.4096308238082704,-0.347827,0.281823,0.133849,0.568122,0.488832,-0.648931,0.131032,-0.336935,0.32398,-0.0411004,0.693797,0.308095,-0.648744,0.053433,1.3533704081284363,-0.5215732075982178,2.0953484412336447,2.261679018840578,-0.45429868504984183,3.232995460841888,5.581677261635546,3.5137863391114523,-0.514825,0.410498,-0.221777,0.016711,-0.274275,-0.364591,0.889701
27.562976360321045,0.8367227781739346,-10.771735603310207,-0.45319774300433396,1.9040731093289474,-1.5224298421769993,-1.3853541722935774,-0.348044,0.281837,0.133785,0.569347,0.48802,-0.6487,0.129879,-0.337228,0.323424,-0.0418562,0.694071,0.305413,-0.649527,0.0556985,1.768877822982743,-0.3529009643873273,1.8925754519675726,2.591238064478567,-0.5922835296971316,3.002786273509866,5.162637344526116,3.605387071982387,-0.515323,0.408448,-0.223151,0.0162272,-0.275526,-0.361152,0.890725
27.634220600128174,0.8114798467918484,-10.199310138695456,-0.5122196595747408,1.7234845007324666,-1.60956967783565,-1.5042379125759802,-0.347913,0.281609,0.133748,0.569301,0.487637,-0.648315,0.133393,-0.336619,0.322294,-0.0428079,0.694764,0.300362,-0.650962,0.0577377,2.0087224253127793,-0.23459770806632463,2.3570034251190597,1.6228644526940599,-0.021110359793139244,2.31066074335601,6.489935581758486,3.9160037029198547,-0.514453,0.406099,-0.22495,0.0164698,-0.277385,-0.357496,0.891618
27.70545506477356,2.7165821025646766,-10.209012138178931,-2.9871813168839525,1.5361043389142286,-1.3643932983596838,-1.5524717465581357,-0.347205,0.281451,0.13385,0.567787,0.487841,-0.649477,0.133449,-0.334982,0.321521,-0.0431231,0.694805,0.298757,-0.651561,0.0588079,2.2956459856720213,-0.3704398896040395,2.422387897716514,2.115194756573299,-0.2969168424647779,2.8365639719607287,5.778752823853116,3.897276550083505,-0.511862,0.405179,-0.226173,0.0173701,-0.280335,-0.354783,0.891762
27.776790857315063,4.4450399231004,-9.751283723924072,-5.074236633802774,1.230034756001014,-1.1549158538720923,-1.7330266178237776,-0.346677,0.281323,0.133899,0.567109,0.487104,-0.650343,0.134802,-0.333867,0.321024,-0.0431973,0.694826,0.296538,-0.652454,0.0598741,2.423421661107597,-0.42729904569474186,2.5484956909437253,1.7403966928685435,-0.24843630455774313,3.0217328395870098,6.073203694508164,3.8870144870006444,-0.510401,0.404441,-0.226787,0.0168283,-0.283658,-0.354194,0.890955
27.847400426864624,3.5318736087364875,-11.471203600911526,-5.293994588658456,1.4174968897402862,-1.2917068567453347,-1.7458129767626192,-0.346544,0.281278,0.13385,0.566884,0.487296,-0.650432,0.134621,-0.333502,0.320913,-0.0433346,0.694381,0.297409,-0.652433,0.0609412,2.4791764486200867,-0.44145599040765404,2.3849890825479267,2.2082529378401787,-0.5629505462032327,3.1428247689860846,5.45883545756708,3.6788471629159836,-0.508841,0.404822,-0.227487,0.0130982,-0.280088,-0.353131,0.892568
27.918079614639282,2.994751435308329,-12.030381186778767,-5.452208239238337,1.4860091319641595,-1.37863951829943,-1.6905378803291076,-0.346211,0.28127,0.133871,0.564548,0.48791,-0.652005,0.134608,-0.332754,0.320916,-0.0430843,0.693652,0.296448,-0.653802,0.0592377,2.5384717864729684,-0.5155888220641671,2.668643639516353,2.009691459826314,0.033749460722738656,3.445217537252244,5.714202284978402,3.4397319670577438,-0.508894,0.404446,-0.227082,0.0162228,-0.288256,-0.355032,0.889156
27.989190340042114,2.3893043680868087,-12.668658946333892,-5.7921566924173975,1.5558386849432007,-1.5257576503170576,-1.6508144079756495,-0.34574,0.281297,0.134072,0.565981,0.48702,-0.650867,0.137293,-0.332046,0.321215,-0.0427539,0.69453,0.298791,-0.651801,0.0592217,1.9999292337493202,-0.6547140584332389,2.6781907971943655,1.670796567316792,-0.696091378822215,3.1837740936647556,6.026861028721237,3.8868066175683853,-0.507409,0.40508,-0.227137,0.0161941,-0.287814,-0.355797,0.888993
28.060788869857788,2.2783398264702406,-12.773215219081761,-5.168434019307751,1.5934809373768382,-1.538356626591273,-1.708487771968501,-0.345463,0.281364,0.134062,0.565017,0.486283,-0.652564,0.13581,-0.331452,0.321212,-0.0425586,0.693294,0.298785,-0.653297,0.0572223,1.9519751655071849,-0.6245538478309207,2.6402356580414192,2.179177268959652,-0.4537612709372558,3.232060601101839,5.670301804356106,3.5787297681976593,-0.506532,0.405545,-0.227088,0.0147132,-0.288276,-0.357719,0.888098
28.132099866867065,2.189224998567988,-14.112051880526797,-5.259556227008614,1.8510287022708427,-1.4937125478108493,-1.6241161584570785,-0.345426,0.281397,0.134106,0.564694,0.486368,-0.652835,0.135552,-0.331219,0.321467,-0.0421873,0.69224,0.298532,-0.654678,0.0554872,1.8605419639153833,-0.4431655465637352,2.767103071596357,1.9377018204096927,-0.27058648198405466,2.976587057742254,6.095661259778351,3.7593866623587835,-0.506364,0.40649,-0.226454,0.0165083,-0.287751,-0.358791,0.887804
28.203473329544067,2.281623696144207,-12.318968248922104,-6.339905488013405,1.5199871994412542,-1.5149835746572882,-1.6536940165673624,-0.345307,0.281492,0.134205,0.563206,0.487139,-0.65366,0.134993,-0.331248,0.32164,-0.0420388,0.691555,0.301004,-0.654029,0.0582507,2.04961431307952,-0.6767825998278365,2.3758893633549993,2.742902632524533,-0.3225591230523881,3.6760893323029933,5.095661499804177,3.0448345060040882,-0.506226,0.407018,-0.226217,0.0150102,-0.287818,-0.359547,0.887503
28.27465319633484,1.3661554979695976,-13.366991131501562,-5.374357657964894,1.7018482618938433,-1.672473315186724,-1.6507042616265146,-0.345302,0.281368,0.134098,0.564148,0.486568,-0.653193,0.135379,-0.33107,0.321244,-0.0424476,0.692302,0.298191,-0.654554,0.0579648,2.148003840071712,-0.5446254269599731,2.583566337475406,2.212511018061626,-0.3480713386724237,3.351442171789092,5.625916753650576,3.4332792269520125,-0.505469,0.406323,-0.227291,0.0114908,-0.284328,-0.355703,0.890225
28.360726594924927,1.0957913783529256,-14.96470364598886,-4.324221150699278,2.0483116981150564,-1.7513385560621402,-1.56725355411,-0.344953,0.281198,0.134,0.562965,0.487344,-0.653216,0.137387,-0.330391,0.320807,-0.0428172,0.690981,0.298823,-0.655431,0.0604966,2.2172683154723223,-0.5078739938704189,2.5386479224403597,2.456192902469553,-0.1391692609819275,3.111970239744526,5.536987670350631,3.5702578470479898,-0.5046,0.404618,-0.22841,0.0137257,-0.289179,-0.354633,0.889057
28.432475328445435,1.5051899843793792,-13.381170290492356,-6.016572959565008,1.738773332593093,-1.6729582528829698,-1.5064116866786261,-0.344855,0.281155,0.134037,0.563714,0.486925,-0.653005,0.136801,-0.330175,0.320819,-0.042774,0.690948,0.298405,-0.655742,0.0595611,2.169091184685905,-0.3919902764983849,2.548154023251435,2.4315464684752897,-0.36578598312940835,2.8918916750391084,5.537245686543871,3.7333073317819556,-0.504357,0.404459,-0.228566,0.0139231,-0.289042,-0.353879,0.889399
28.50353980064392,0.663668773035075,-11.421939283477126,-7.346498346601668,1.3152229731435126,-1.9599080100774715,-1.5561326988400117,-0.344962,0.28107,0.133964,0.563613,0.48697,-0.652736,0.138335,-0.330433,0.320272,-0.043585,0.695325,0.29415,-0.652565,0.0644739,2.8181703671620615,-0.9714788230241016,2.67717201485147,1.3531322405563095,-0.6850435594751687,4.251672099291575,5.724050249831463,3.3135714801115883,-0.504648,0.401997,-0.230163,0.0118444,-0.28912,-0.350915,0.890577
28.574424743652344,0.6974891044685196,-13.124868058867925,-3.41369144589198,1.6438626054913212,-2.1915692653600094,-2.011674997677755,-0.344957,0.280772,0.133678,0.564265,0.48522,-0.653645,0.137528,-0.329818,0.318405,-0.0450133,0.695669,0.289305,-0.654409,0.0639992,3.1094718276809883,-0.8119731448688743,2.8254164223583524,2.191092372763947,-0.4541317828155269,3.68798454236088,5.354898665752555,3.406078440819893,-0.50426,0.399178,-0.231848,0.0143813,-0.294489,-0.345044,0.891075
28.64707851409912,3.638569760491306,-19.86336405689209,-0.24034875037206907,3.01997964819922,-1.2715241141416702,-1.8091840599827347,-0.344245,0.281125,0.134131,0.564642,0.484684,-0.653691,0.137652,-0.328183,0.320401,-0.0420982,0.690867,0.298202,-0.656536,0.0523382,1.3229586987649489,-0.2865999200964229,3.0710836030191198,2.4927720982013284,-0.9789610466060799,2.4820805518274547,5.737237859486616,3.9782437189611417,-0.501565,0.408475,-0.226182,0.0222077,-0.291012,-0.36002,0.886118
28.718245029449463,0.6989955283969026,-14.769730344984575,-5.284604337859443,2.075197798720326,-1.645996748590285,-1.3656456681776379,-0.343905,0.282131,0.135072,0.56362,0.48566,-0.65422,0.135879,-0.328931,0.326081,-0.0366763,0.686628,0.315136,-0.653821,0.0418357,-0.6953377374370205,-0.45986800259415794,2.673491803045181,1.4579923766710365,-1.486818304495361,2.9534020373316245,6.771537739465309,4.245859474745713,-0.504139,0.419623,-0.216813,0.0228156,-0.289435,-0.37763,0.879262
28.788819789886475,0.9943924034022761,-9.618340320924961,-7.649866190354315,1.0896276248395802,-1.6139981107696693,-1.6541607197071186,-0.345042,0.282454,0.135126,0.5645,0.487897,-0.6519,0.135363,-0.332106,0.328525,-0.0347457,0.682813,0.327925,-0.651709,0.0388254,-1.853926960620922,-0.2506079140377704,2.064468511685704,2.1472627046741835,-1.1110209889616205,1.9705699164155632,6.526181962410845,4.570439174501637,-0.509347,0.423212,-0.212408,0.0214572,-0.285387,-0.385894,0.877029
28.86234426498413,0.550693670650922,-13.151066323174406,-3.2122589709070852,1.7493247558385763,-1.5978591812600664,-1.69483858362923,-0.346125,0.282077,0.134518,0.566872,0.48737,-0.650397,0.134573,-0.334069,0.32725,-0.0365367,0.687624,0.320556,-0.650187,0.040905,-1.1092074492163504,-0.322411025229556,2.3709488795849056,1.0999248602695708,-0.8163037473671535,2.2338700743106656,6.930849774718854,4.907707484829889,-0.511804,0.420361,-0.214319,0.021714,-0.282818,-0.381297,0.879861
28.93374752998352,-2.6083911035173886,-18.123870531204883,-0.6188752472141096,2.605640983270271,-2.159321573955274,-1.51823069868948,-0.345772,0.281786,0.134244,0.567856,0.48438,-0.651169,0.137456,-0.332711,0.325195,-0.0387983,0.689113,0.311776,-0.652332,0.0488042,-0.20524330824519244,-0.29686137122628864,2.304748441891493,0.7059248389860286,-0.9678122411093515,1.9475995538460005,7.54984852475567,5.39541797756203,-0.509123,0.415479,-0.219362,0.0198503,-0.28656,-0.371994,0.882672
29.00442409515381,-1.4480317732214936,-16.51657267382701,-2.998841599489995,2.3430882629627665,-2.208008512465756,-1.5368622829018022,-0.344125,0.281338,0.134254,0.563474,0.486315,-0.653621,0.137018,-0.328822,0.323085,-0.0403588,0.687583,0.305417,-0.656388,0.0557196,1.2136150672386865,-0.2626815079621245,2.2810601314181094,1.892623983934385,-1.350235157779299,2.9669887735933287,5.788999365119582,3.942000766772304,-0.502676,0.410812,-0.224506,0.0152132,-0.29185,-0.365503,0.883742
29.077037811279297,3.0566652969419326,-12.718441119884666,-6.282319500455051,1.556834252760504,-1.6094261769785079,-1.8417349416042808,-0.342794,0.280886,0.134367,0.562243,0.484625,-0.654911,0.141818,-0.325753,0.320721,-0.0416424,0.687433,0.297868,-0.659869,0.0573034,1.468823643358886,-0.1366048024405604,2.9538125308298637,1.4121968618740084,-0.698386481688607,2.079489668588913,6.834238253348127,4.493490040144409,-0.498069,0.406312,-0.228309,0.0152466,-0.293912,-0.35682,0.886602
29.14786458015442,2.358480778299348,-12.455252285466388,-6.44024227443944,1.4728638567846595,-1.6331410329725333,-1.7726100349280904,-0.343155,0.280967,0.134344,0.562356,0.485522,-0.654069,0.142192,-0.326503,0.320683,-0.0419923,0.688324,0.297625,-0.658937,0.0585759,1.6175215815717274,-0.19429581432509835,2.9916520811051344,1.337411291270353,-0.5507587895780945,2.1073908839575104,6.902738143331772,4.369316457222017,-0.499093,0.405752,-0.228501,0.0151332,-0.293373,-0.355956,0.88713
29.219367504119873,1.8292475233076424,-11.667006752950325,-6.438666756331202,1.339448088465098,-1.6311011841327316,-1.7328549497936327,-0.343831,0.28103,0.134251,0.562728,0.48647,-0.653769,0.138816,-0.327749,0.320989,-0.04162,0.690064,0.298376,-0.657068,0.0551877,1.6264794145498802,-0.3302432761702594,3.0689792167098355,1.6196826479392605,-0.7760073180286251,2.9567475139434904,6.375921244060149,3.838764999060102,-0.501309,0.407081,-0.227107,0.0154792,-0.290305,-0.359288,0.886789
29.290833473205566,1.4992678465383107,-11.159650490481818,-5.766668918916219,1.271031922768799,-1.6893454104657646,-1.745461796380918,-0.344008,0.281129,0.134308,0.563228,0.485933,-0.653915,0.137977,-0.328441,0.321312,-0.0415521,0.690742,0.300748,-0.655139,0.0567326,1.5923768944102747,-0.5895767097379832,2.6663674926089955,2.1415088073213155,-1.0839491587950474,3.393313898323143,5.551047892675253,3.5062221571068912,-0.501827,0.4079,-0.226543,0.0123905,-0.28653,-0.358217,0.888497
29.377007961273193,1.1731459291739676,-11.644628102452915,-5.040193141430833,1.4075624660679713,-1.7853756151707851,-1.7257417228908338,-0.344025,0.281053,0.134211,0.563948,0.485511,-0.65338,0.139052,-0.328391,0.321002,-0.0419002,0.689566,0.300249,-0.656568,0.0571591,1.5112286179263614,-0.3064812651450559,2.670513483592069,2.153355443126408,-0.8604296872047876,2.501502205964414,5.879747961545229,4.122180179357985,-0.5021,0.406214,-0.227394,0.0149089,-0.290907,-0.356981,0.887533
29.449665307998657,0.29364045546724593,-12.308198960864503,-4.4298778761594475,1.5676721811791583,-1.9227937310557248,-1.6835622307297506,-0.343977,0.281046,0.134135,0.563646,0.485016,-0.653945,0.139351,-0.328268,0.320788,-0.0422411,0.689626,0.297639,-0.657451,0.0598874,1.9068653249941456,-0.3089500502221174,2.5968968083593342,1.7416927548460919,-0.7019824189886563,2.696588673265275,6.1258178433013555,4.118196518815691,-0.501377,0.406029,-0.228172,0.0101906,-0.287424,-0.355296,0.889409
29.521984100341797,0.7800777179053411,-11.773139846267473,-5.2808457479158335,1.4369120712039096,-1.8459270942661758,-1.6754172773894442,-0.343935,0.281011,0.134131,0.563523,0.484993,-0.654041,0.139477,-0.328229,0.320719,-0.0423106,0.690093,0.298551,-0.656607,0.0592021,1.7701720338080622,-0.44235201249358624,2.6229983196159026,1.9717774138008615,-0.7440228236209361,2.760568371178376,5.906407398694055,4.033232745213239,-0.501729,0.404985,-0.228538,0.0140152,-0.290247,-0.355029,0.888546
29.593394994735718,0.8731765133198183,-11.335712008073706,-5.451827685066829,1.3539635632497788,-1.864019878738863,-1.6991975510206698,-0.344004,0.280982,0.134097,0.564063,0.48479,-0.653678,0.139701,-0.328303,0.320595,-0.0424715,0.690977,0.297327,-0.656135,0.0602852,1.911067443110342,-0.47783512179898224,2.630449305062963,1.6653457467345874,-0.9574110489665233,2.9458099936237936,6.033206423590012,4.070334588172566,-0.50187,0.404662,-0.228769,0.0126606,-0.289826,-0.35477,0.888808
29.665163278579712,0.35025027533357544,-11.364578090945615,-4.808648475341438,1.3709223812239997,-1.9426137279939857,-1.6787879014477516,-0.344187,0.280952,0.13402,0.564538,0.484542,-0.653428,0.139817,-0.328762,0.320648,-0.0425987,0.691434,0.298266,-0.655303,0.0594497,1.72289369358509,-0.5422413582374865,2.637193767800799,1.7279249567633848,-0.8847909015209745,2.7506947875218195,6.076284325257548,4.229067430551581,-0.501906,0.404795,-0.228999,0.00892562,-0.28634,-0.353754,0.890386
29.73575520515442,-0.2064313936602834,-11.291971682508422,-4.497898002051459,1.384426292583871,-2.008541743728605,-1.6405451304638359,-0.344279,0.280931,0.134028,0.563933,0.48576,-0.653006,0.139996,-0.329004,0.320561,-0.0427526,0.691107,0.297086,-0.655909,0.0624025,2.1481779467780404,-0.45866017514991775,2.5725357541720504,1.5103800252067856,-0.7159403415384249,2.9461030476512136,6.1744663530521375,4.105240317797962,-0.502347,0.404525,-0.229067,0.00822731,-0.286308,-0.353505,0.890502
29.806002140045166,0.29094960499832273,-10.471562439877902,-5.493827118840345,1.2117177187651706,-1.967998628726144,-1.6701773300889955,-0.344269,0.28087,0.134006,0.563981,0.485521,-0.653085,0.140267,-0.329032,0.320455,-0.0429403,0.689646,0.29747,-0.657332,0.0617593,2.014065457390718,-0.2423981449253212,2.5607194234280826,1.739262173622258,-0.2886684076841348,2.1174795166829767,6.415229364137079,4.023726252244502,-0.502788,0.403193,-0.229526,0.0109081,-0.290026,-0.352748,0.88957
29.87816834449768,0.37197049436921803,-10.336537420537766,-5.114592820152572,1.1874557433283706,-1.955429746251263,-1.6985777376862579,-0.344243,0.28082,0.134001,0.564366,0.48509,-0.653113,0.140082,-0.329026,0.320317,-0.0430494,0.690299,0.297679,-0.656492,0.0623934,2.0294554250378103,-0.3576801797443938,2.4515893148404952,1.9228127191501052,-0.5557634293266096,2.338453687044993,6.039139273068141,4.273389815347401,-0.502721,0.402573,-0.229863,0.0109443,-0.290127,-0.353016,0.88943
29.951328992843628,0.3314054850648731,-10.439823257058848,-5.530744121860202,1.2008866592295566,-1.9474863093261532,-1.6543843130324662,-0.344287,0.280891,0.134033,0.56403,0.485673,-0.652943,0.140207,-0.329155,0.32053,-0.0428469,0.690898,0.297765,-0.655799,0.0626368,2.084135312506806,-0.46077824582390825,2.5091041299531804,1.662341337698777,-0.6096832122411784,2.740328188440756,6.115246690574988,4.216077687054432,-0.503002,0.403133,-0.229425,0.011243,-0.289545,-0.35334,0.889487
30.02139377593994,0.01834000105442491,-9.757323274093544,-5.84373136042741,1.0528999467966402,-2.000839560523777,-1.6635030999284943,-0.344351,0.280921,0.134058,0.564187,0.485844,-0.652726,0.139992,-0.329316,0.320587,-0.0427796,0.691552,0.297898,-0.655048,0.062649,2.1017034268172043,-0.5383564399416443,2.5121967714937137,1.6358079932297187,-0.7545834484305409,2.991890160516416,6.014956553985518,4.06809324401221,-0.503302,0.403286,-0.229246,0.0108776,-0.289015,-0.354382,0.88925
30.092734336853027,0.16856880329317245,-9.90115720173328,-5.972383243016604,1.0674260560823792,-1.9867969392542193,-1.6859854519562856,-0.344459,0.280789,0.133968,0.563841,0.485727,-0.653227,0.139454,-0.32942,0.32037,-0.0429875,0.690086,0.297883,-0.656627,0.06235,2.1246076723281564,-0.35538404833806503,2.4416842372912457,1.9937317086203663,-0.36744968659916566,2.499401642627504,5.977990274865098,4.107970164055913,-0.503362,0.402815,-0.229588,0.0109182,-0.288742,-0.352859,0.889943
30.162859678268433,0.5830360542714028,-9.622136046489809,-6.903198585864754,0.9856440475489779,-1.9369629089911873,-1.6575670172233157,-0.344348,0.280705,0.13401,0.565272,0.484729,-0.65246,0.140718,-0.329195,0.320234,-0.043109,0.690855,0.2968,-0.656179,0.0637092,2.0991785320423286,-0.32349239265640506,2.4222286238065394,1.481691927289564,-0.7834977408438517,2.2959085439008042,6.344210106235717,4.575945848454483,-0.50295,0.402231,-0.230017,0.0101295,-0.289602,-0.352634,0.889763
30.23347282409668,0.6447868391740448,-9.765378508020941,-6.772134608220266,0.9992357939974714,-1.9366928768622516,-1.6603224996858204,-0.344157,0.280711,0.13399,0.563836,0.485885,-0.652789,0.140967,-0.328845,0.319898,-0.0433043,0.691268,0.2958,-0.656227,0.0633805,2.2589639017502896,-0.43051383394240794,2.6761587327190934,1.526808196673393,-0.4248638102113289,2.615108944429597,6.353243529863422,4.245783294356312,-0.501972,0.4018,-0.230904,0.00483291,-0.286583,-0.35072,0.891539
