# Timestamp, Fx, Fy, Fz, Tx, Ty, Tz, FemurPosX, FemurPosY, FemurPosZ, FemurQuatW, FemurQuatX, FemurQuatY, FemurQuatZ, TibiaPosX, TibiaPosY, TibiaPosZ, TibiaQuatW, TibiaQuatX, TibiaQuatY, TibiaQuatZ, Flexion, Adduction, Rotation, Anterior_Posterior, Medial_Lateral, Proximal_Distal, Medial_Joint_Gap, Lateral_Joint_Gap, FTPosX, FTPosY, FTPosZ, FTPosZ, FTQuatW, FTQuatX, FTQuatY, FTQuatZ
0.05035519599914551,19.951871107141002,13.647003679850213,25.500754009561884,-1.972975096688879,-1.2997411073447847,0.2990096373332082,0.0318748,0.348659,0.262486,0.394917,0.74559,0.361883,-0.396456,0.0141829,0.188616,-0.269173,0.777875,0.193807,0.333209,-0.496307,65.0786690348555,-2.9714844049441727,3.644140552693628,0.4664172646039333,-16.060579028022303,-35.733188375994466,48.26842991425579,70.45951222268341,0.0303558,0.0561663,-0.302599,0.495695,-0.291668,0.256332,0.776859
0.10305023193359375,16.705777898901584,18.425924700083314,22.830254822043287,-1.4956346084021146,-1.3175314984243085,0.3035366048187813,0.0315859,0.348684,0.262273,0.394924,0.74518,0.362244,-0.396888,-0.00786845,0.184826,-0.269682,0.794781,0.140862,0.377425,-0.453907,63.55449764110476,-1.871588846310149,-5.7124930486944,-0.601788278556981,-15.653266402671107,-36.91619157882928,48.253724396390275,66.89475969236737,0.0224123,0.0547219,-0.302684,0.422085,-0.277327,0.265881,0.821122
0.15688061714172363,12.996391157684764,18.8761784508763,17.441765038364867,-0.7019462049058255,-1.3027317196349335,0.341618151726516,0.0316015,0.348766,0.26238,0.394988,0.744802,0.362559,-0.397246,-0.0177323,0.184115,-0.268509,0.8017,0.113848,0.400576,-0.428782,62.46874924942765,-1.2564631392041061,-10.659464787313368,-1.2345287514577663,-16.919919095031588,-36.75619113478164,47.44975173226251,65.42507362893508,0.0199806,0.0559906,-0.302522,0.38812,-0.270715,0.269651,0.838668
0.20961594581604004,11.590031998486621,14.691049748572,13.382415046957668,-0.7789462099902184,-1.2300817340729922,0.5311679165905502,0.0319336,0.348841,0.26294,0.394459,0.744877,0.364195,-0.396134,-0.0119028,0.188588,-0.268979,0.801858,0.12765,0.39283,-0.431756,62.539126629949074,-0.8584782236038437,-8.817795905135178,-1.124466554865787,-17.454160019315182,-37.305554335458716,47.121576026070784,65.43286369383146,0.0238173,0.060287,-0.304127,0.3999,-0.271309,0.26014,0.835942
0.2599341869354248,9.37652140787547,9.326092293710095,20.326491828263283,-1.87046606746763,-0.7655687570535761,0.32383063242251003,0.0316488,0.348828,0.26262,0.395045,0.744671,0.363199,-0.396852,0.0070184,0.193518,-0.269921,0.790081,0.175943,0.356731,-0.466432,63.53127070970357,-1.2228795962240433,-0.7358845700874461,-0.11465498457307177,-19.147389204458463,-38.07308994237871,47.712703730799696,68.95993852650267,0.0313955,0.0629892,-0.305306,0.456784,-0.291032,0.246226,0.803755
0.3091425895690918,15.483769503684949,12.068151713583486,29.771867716095475,-2.274885187732002,-1.0196094532604145,0.08358723194899233,0.0317583,0.348721,0.262521,0.394741,0.746095,0.361457,-0.39607,0.0281682,0.195553,-0.268115,0.768869,0.228283,0.315187,-0.507331,64.63409425800903,-2.6009906026043526,8.23224320854441,2.9304747148072217,-18.73240501552766,-36.544668347850354,48.77164220842625,72.91020674259956,0.0388229,0.0639804,-0.304655,0.522056,-0.305528,0.236184,0.760478
0.36182594299316406,21.09775483301336,13.976243140851217,36.866600761310636,-2.904608212461883,-1.3422054652906565,0.000907072050827399,0.0315967,0.348715,0.262336,0.395622,0.746245,0.361311,-0.395038,0.0318319,0.19196,-0.267302,0.763108,0.235835,0.305199,-0.518557,65.11017567313944,-3.4391290549147127,10.073969996574498,4.4844979992445495,-16.987377327793652,-35.72027236576972,49.78203334555453,74.02911143203836,0.0399366,0.0594844,-0.302771,0.532173,-0.304273,0.241248,0.752336
0.4150385856628418,20.56341914949711,16.831295744730607,31.400997828819214,-2.3696641025106513,-1.34367841885105,0.13383746527571683,0.0316262,0.348628,0.262208,0.39578,0.745151,0.361193,-0.397049,0.0147071,0.187176,-0.269199,0.779676,0.191165,0.333646,-0.494208,65.05033068926424,-2.738478079718906,3.276040527115738,0.5788751102272158,-17.389425750335917,-36.678361091552084,48.871818141892426,71.29462181742649,0.0318719,0.0547901,-0.301892,0.48893,-0.297779,0.254455,0.779441
0.47066831588745117,17.05653521102924,20.640063421188792,25.117576820709132,-1.2822486937032174,-1.3223798280181063,0.19373125366645955,0.031508,0.348682,0.262002,0.396891,0.743619,0.362909,-0.397248,-0.0129699,0.181581,-0.269043,0.801313,0.119582,0.38963,-0.437935,63.21541756308012,-1.402232737081727,-8.899704863593634,-2.0506437099628734,-17.079607988466634,-37.205548739700085,47.618358908850695,66.10357541804225,0.0224693,0.0524874,-0.301758,0.39824,-0.274241,0.267667,0.833397
0.5216879844665527,15.249156297158137,24.10789265606765,19.46684526980069,0.12407962961527644,-1.4275594808935224,0.0530389961201159,0.031259,0.348929,0.262291,0.394522,0.744219,0.363755,-0.39771,-0.0224861,0.182865,-0.267885,0.806549,0.0969254,0.413675,-0.411044,61.898546915901086,-0.6439099639331989,-13.703750724492801,-0.8365724988830507,-18.95127422451938,-38.09314597997217,48.2082811134168,65.79554311628495,0.020296,0.0561183,-0.302673,0.360811,-0.262248,0.268024,0.853935
0.5709583759307861,13.776991530780956,22.213411520296347,18.666800204393766,-0.12454525731397285,-1.252752492808411,0.22875139887332105,0.0315806,0.348929,0.262723,0.394614,0.744222,0.364684,-0.39676,-0.0194169,0.18649,-0.268348,0.806347,0.104701,0.411803,-0.411413,61.63094268164345,-0.4995425926926522,-12.87087313059215,-0.8937318533928682,-19.584636090926793,-38.22087648822106,47.87763212204247,66.0189793250985,0.0227621,0.0603728,-0.304128,0.366135,-0.267144,0.26319,0.851651
0.6259551048278809,8.121045572959463,15.235559089015585,20.00224637608311,-1.418519772203352,-0.6999921222918007,0.2055089224215734,0.0315414,0.348886,0.26258,0.395507,0.744437,0.363605,-0.396459,-0.00556618,0.189862,-0.269896,0.801705,0.137124,0.385811,-0.43545,62.53928825058272,-0.5357222714187246,-7.408831791862851,-0.8243007855328877,-20.59227772899935,-39.24302917614563,48.17194255774499,67.96534566827717,0.0287497,0.0617151,-0.304891,0.410914,-0.286177,0.253894,0.82752
0.6765353679656982,9.88788070693741,11.514596529558606,25.455557189872156,-2.0820737532627764,-0.5672223032705505,0.0932001588045773,0.0316665,0.348786,0.262475,0.396505,0.745018,0.362239,-0.39562,0.0216672,0.194985,-0.269066,0.777492,0.207945,0.332093,-0.491914,64.04261183297824,-2.224816731606377,4.78448704155765,1.6995430115526524,-20.03607365465396,-37.068734138292605,48.5430724125522,72.461742386192,0.039407,0.0634421,-0.305399,0.496183,-0.297052,0.239228,0.779956
0.7318902015686035,10.95037056145286,5.995357304463693,35.1253727113134,-3.8589880950653646,-0.07016021788806888,-0.3119927523340269,0.031879,0.348591,0.262471,0.395,0.746547,0.361017,-0.395361,0.0446344,0.193168,-0.265105,0.755279,0.25879,0.281668,-0.532207,65.9719207144299,-3.4480073825873543,14.173432579910916,4.329675064974662,-19.220617871326212,-35.4186027866371,49.49249334748289,75.19590756053674,0.0460606,0.0609519,-0.302257,0.567753,-0.311763,0.230887,0.726052
0.7855625152587891,13.819772097315173,11.127994885574045,30.69715156419089,-3.269992180951919,-0.5916066160515361,-0.3211538042815956,0.0315343,0.348619,0.262269,0.395882,0.746002,0.361442,-0.395118,0.0366015,0.188819,-0.266067,0.762896,0.239918,0.291346,-0.524925,66.23398485584386,-3.449910932057633,11.588939413720961,3.385564707473641,-16.912889427444654,-35.512916173990185,49.25543295283163,73.53857390558385,0.0411535,0.0563675,-0.300545,0.546049,-0.315014,0.241986,0.737591
0.8363852500915527,15.370675728825193,12.030863866497722,24.467773357522823,-2.2719788180755125,-0.9478321115651275,0.0018215376520831145,0.0318188,0.34861,0.262329,0.394648,0.745855,0.361616,-0.396469,0.02209,0.189485,-0.268527,0.772867,0.2101,0.322716,-0.504369,65.11125725879043,-2.993712528922911,6.071029242146725,3.0060185556504635,-17.87818650980479,-36.89788197738837,50.057556125849636,73.51717371167626,0.0348491,0.0570634,-0.302463,0.511877,-0.301246,0.248783,0.765075
0.8905947208404541,12.338543489289696,15.612685535212488,20.230624951085254,-1.7264637620992571,-1.005907534235718,0.04088947187087763,0.0315493,0.348679,0.262292,0.395148,0.745735,0.361511,-0.396292,-0.00245536,0.189367,-0.270074,0.793751,0.154186,0.372648,-0.455323,63.10349519080951,-1.4765935578757272,-4.341690535516369,0.005870862486204942,-17.190700962468412,-37.39640482728239,47.9942041669325,67.55317800253604,0.0270601,0.0595421,-0.305028,0.430862,-0.279562,0.254668,0.819358
0.9429090023040771,10.806159338934823,15.354734791302736,17.470989385845016,-1.133030829282658,-1.0741982255362652,0.08532452547644254,0.0317649,0.348716,0.262506,0.394458,0.745896,0.361614,-0.396582,-0.00879299,0.191572,-0.269857,0.79844,0.139753,0.391936,-0.435143,61.75808196781603,-0.812803343209219,-7.80858523981628,0.8563971145310809,-18.989765332324723,-38.324019899824115,48.397620472627494,67.47975917814097,0.0257677,0.063684,-0.306292,0.406944,-0.278644,0.249266,0.833439
0.9919660091400146,11.041786654101037,13.770207184264937,16.444834296159225,-1.0424916080157787,-0.906458302506233,0.1577769906599097,0.0317921,0.348743,0.262781,0.395707,0.744356,0.36265,-0.397285,-0.00731779,0.194579,-0.269927,0.799162,0.14303,0.392416,-0.432311,61.32920768357104,-0.43840604741879385,-7.484022909373842,-0.34217986573987247,-20.858229043495612,-38.60965730395842,47.444790024460225,67.63331906449893,0.0275672,0.0667609,-0.307583,0.409563,-0.274494,0.247406,0.834087
1.0428640842437744,7.841514930828559,11.309042858517268,18.959471235113924,-1.5852112005622643,-0.45919067213507186,0.059716549044662656,0.0316336,0.348828,0.262648,0.395329,0.744968,0.362747,-0.396425,0.000294187,0.196394,-0.270454,0.796372,0.159324,0.378405,-0.444093,61.97435361223946,-0.49932286618455013,-4.712491188704556,0.007186173972382193,-21.275539087837345,-39.01039830687392,47.733063854843664,68.69322287520691,0.031129,0.0675998,-0.308218,0.433719,-0.279583,0.242155,0.821634
1.0950031280517578,8.056552087262355,8.227463941441066,21.820059271136632,-1.8596808348519978,-0.32703302527191275,-0.017136160440448463,0.0317697,0.34872,0.262564,0.395478,0.745005,0.361947,-0.396938,0.0194812,0.1993,-0.269497,0.776107,0.211333,0.340279,-0.487039,62.987291935679345,-1.870849124534641,4.350735290076614,2.7989058393665083,-21.15592624912162,-37.76443168914707,48.90018098216788,72.98149089258135,0.0372605,0.0684653,-0.307564,0.497868,-0.294505,0.234553,0.781268
1.1546847820281982,12.578800615132984,6.123891886256142,30.491270968101286,-2.919836450785786,-0.344121859269147,-0.2040151474306909,0.0318094,0.348634,0.262508,0.394624,0.746605,0.361154,-0.395501,0.0387451,0.196094,-0.266172,0.756537,0.253693,0.292748,-0.526868,65.23859799860374,-3.390014778093909,12.80151854241996,3.97200090235755,-18.107544359631333,-34.64982250510875,48.42208272060147,73.78550917253065,0.0418834,0.064331,-0.304112,0.555206,-0.308986,0.232011,0.736509
1.205869436264038,15.496725904945537,11.634520569798907,30.931419254989198,-2.862657309244456,-0.6350828151473198,-0.3376270315338996,0.0316617,0.348612,0.262258,0.395283,0.745689,0.361303,-0.396434,0.0320193,0.190278,-0.266964,0.762204,0.236678,0.30003,-0.522504,65.59382484408597,-3.486575709316026,10.72676868038953,3.6924011181011203,-16.73499727078216,-35.53939664857776,49.415263665848016,73.63047293881465,0.0375924,0.0572891,-0.301787,0.541366,-0.307909,0.243636,0.743476
1.2569873332977295,16.84040718664943,12.754042283972034,26.208444652563795,-2.1825992819491353,-1.0126366079843614,0.03436231224635347,0.0317424,0.348587,0.262217,0.395059,0.745476,0.361441,-0.39693,0.0152554,0.185381,-0.268868,0.775628,0.195779,0.325836,-0.503888,65.71707911435917,-3.367363372767993,4.636050599139654,0.41285957567577114,-14.999252265486504,-35.37409346406002,48.530263557345826,70.63896636019743,0.0298051,0.0528105,-0.300968,0.497101,-0.299291,0.258445,0.772348
1.3088042736053467,15.303715022515302,17.6965206504367,21.508559600036136,-1.3904961314625908,-1.0867928973382974,0.12142537421725816,0.0316667,0.348557,0.262093,0.396017,0.744377,0.361567,-0.397923,-0.00531699,0.18085,-0.269292,0.794107,0.141507,0.367343,-0.463065,64.52863111715364,-2.12188247865509,-4.539840305056078,-2.043049074690547,-15.547895813971436,-36.660190694236995,47.87105697884684,67.0146124235746,0.0223045,0.0494236,-0.300149,0.43552,-0.281988,0.271234,0.810702
1.3609814643859863,10.450524003020673,17.59952856574706,14.843812172947406,-0.7879958207541199,-1.0589913774065578,0.19774550035515742,0.0316357,0.34867,0.262242,0.394203,0.745185,0.362209,-0.397628,-0.0164906,0.17728,-0.267774,0.80361,0.106892,0.391526,-0.435308,64.03870098037349,-1.3661906686112326,-10.466923216453548,-1.769580438470804,-16.195958495072333,-37.438760087292984,48.30766218896187,65.58913075340764,0.0202017,0.0480912,-0.298554,0.38903,-0.275606,0.277747,0.833999
1.4119060039520264,10.08545054543557,13.937851242341173,13.898663895714652,-1.008010182759826,-0.9579951979561311,0.34577766069306914,0.0319103,0.348691,0.262626,0.394612,0.743849,0.36368,-0.398381,-0.00851959,0.179951,-0.268131,0.799905,0.124711,0.377356,-0.449669,64.6175863254812,-1.5728243269590498,-7.107980084032302,-2.351541924367716,-18.124847099497018,-37.662921604566655,48.120766586018796,67.67046481397466,0.0245719,0.0496208,-0.298716,0.410115,-0.28327,0.273013,0.822817
1.463001012802124,7.990799088136771,14.081175352886014,21.132851139264385,-1.6750007272627414,-0.417692938925795,0.034968583524725504,0.0316544,0.348677,0.262299,0.394455,0.745422,0.362098,-0.397034,0.00737928,0.181466,-0.268748,0.79321,0.160556,0.344912,-0.475474,65.90172130534158,-1.7776097155885475,-1.07543246943413,-1.1529152028314833,-17.750729273214986,-38.37571197804899,48.94612402787449,69.39142191493978,0.0308417,0.0492379,-0.298646,0.458472,-0.300663,0.265989,0.792878
1.516958236694336,8.021573586841464,10.916718867873554,27.166646441147293,-2.342118941192955,-0.2283014317696012,-0.11188725152030153,0.0316212,0.348593,0.262061,0.397659,0.744558,0.360881,-0.396567,0.0316365,0.18257,-0.266378,0.770701,0.218372,0.295365,-0.520666,67.05610677473305,-3.440348717848702,9.316555406466136,0.29522993035235956,-17.493076021449752,-35.50029897391803,48.63760047978258,72.7812278489476,0.0397594,0.0490092,-0.297387,0.529311,-0.316555,0.252629,0.745521
1.5721874237060547,10.914291868619632,8.928428009422802,33.43753310423989,-3.3870418730830996,-0.06425217149210051,-0.27079653744583604,0.0319688,0.348496,0.262301,0.395849,0.745702,0.361376,-0.395777,0.0426427,0.179114,-0.26375,0.75962,0.238972,0.268757,-0.541886,68.57751142949672,-4.491622134680361,13.72362625453395,1.9591108217172462,-16.684921426097887,-34.37517761230895,49.870848675126204,74.79202296558661,0.0421848,0.0453113,-0.294246,0.563895,-0.324608,0.251347,0.716573
1.6255881786346436,13.88315905521895,12.902865778065404,28.39790280708631,-2.7019877849159224,-0.6049985139037981,-0.215705446389345,0.0316095,0.348563,0.261827,0.396763,0.744192,0.361598,-0.397498,0.0304232,0.17507,-0.265506,0.77147,0.211272,0.286074,-0.527599,68.61870785245118,-3.890369665151852,9.66081861668394,-0.38357229843982665,-15.378939561999545,-35.487288431386055,49.26363357241304,72.46376716567279,0.0356308,0.0409486,-0.293081,0.530286,-0.323436,0.263715,0.737997
1.6787073612213135,16.595747556469224,17.81299935108402,25.569437177423872,-1.8362245882990764,-0.9086988840776123,0.0032650240135946645,0.0318517,0.348483,0.262106,0.395997,0.744402,0.361852,-0.397637,0.0122675,0.174855,-0.267809,0.785134,0.173627,0.321528,-0.500039,67.52377564120464,-3.0559116034372664,2.8286131940281685,-2.1845682585587554,-13.697892162442088,-36.44185067781368,48.689699301127185,68.8638122259563,0.0288356,0.0405735,-0.294995,0.484892,-0.298908,0.275429,0.774385
1.7323975563049316,12.631636724796566,21.571226726171417,23.102130197903374,-1.2037402496164529,-0.9312719267409332,-0.01925821346216166,0.0314424,0.348544,0.26167,0.396499,0.74351,0.363073,-0.397692,-0.00925311,0.171324,-0.268077,0.79747,0.122222,0.366092,-0.463768,65.99838564091075,-2.5939253383554117,-5.918056687507914,-2.9559147804013435,-13.44273436457786,-36.3492588853807,48.49223047130678,66.32832921044465,0.0205777,0.0397057,-0.295085,0.418949,-0.288492,0.285658,0.812191
1.7852089405059814,11.706739264197958,21.055371086391986,18.729250665483516,-0.5706260131071006,-1.083316718201728,0.1334653269044063,0.0317,0.348618,0.26206,0.395978,0.743368,0.36277,-0.398752,-0.0158189,0.172142,-0.267064,0.804144,0.102678,0.385304,-0.440852,64.89321599833384,-1.563382888446215,-9.928471205715534,-2.953620984657409,-15.830333731454516,-37.43348881112785,48.22935898714261,65.59540687990858,0.020402,0.0420699,-0.29539,0.387754,-0.281269,0.283014,0.830926
1.838827133178711,9.909164415914333,19.65949571746238,18.855775819983005,-0.8855985315408579,-0.8023815739126127,0.1258619681679324,0.0317173,0.348636,0.262225,0.394471,0.744925,0.361993,-0.398046,-0.0122733,0.172432,-0.267274,0.804275,0.106256,0.378907,-0.445287,65.5144621219264,-1.534775391063734,-9.260196138655456,-3.0656526839227958,-16.64902746503553,-37.9702151426575,48.600393221649696,66.4609765923981,0.0233703,0.0421287,-0.295126,0.394089,-0.2849,0.283976,0.826367
1.892899990081787,7.676523788286082,15.454761210391771,22.570897384633337,-1.804207130596065,-0.41838933724459776,0.04636178385559464,0.0315891,0.348573,0.261914,0.396919,0.743132,0.36243,-0.398565,0.00939636,0.173869,-0.267843,0.793997,0.155482,0.332609,-0.484526,67.34138166671349,-2.1302506228909257,-0.04780605497234092,-3.5196740698993203,-17.458073262648284,-38.077180847084485,48.59222485348311,69.31827684260672,0.0313827,0.0407426,-0.29428,0.462862,-0.308221,0.275477,0.784137
1.9457361698150635,8.588141087603427,14.866153239122456,28.07974330047101,-2.447348948071205,-0.2042774212238375,-0.24756811264309941,0.031674,0.348517,0.262001,0.39613,0.745184,0.361027,-0.39679,0.034522,0.174236,-0.264844,0.77384,0.212922,0.279892,-0.526779,69.18050168313489,-3.479913354441802,9.950697556253836,-0.4390278162682648,-16.4820685574459,-36.698901337751415,49.79323969239983,72.85737959595401,0.040511,0.0396293,-0.292151,0.528832,-0.3279,0.261269,0.737941
2.000849723815918,10.346634934260372,10.965914140754236,33.72090450751209,-3.5317271837934574,0.006627371353012024,-0.3008563897688908,0.0318532,0.348389,0.262005,0.395859,0.745592,0.36042,-0.396845,0.0423726,0.16961,-0.262343,0.761415,0.228719,0.254307,-0.550693,70.65671202858493,-5.056309324476106,14.025545313718077,-0.6839913409541722,-15.048640035125757,-33.5276578707409,49.49084428323957,73.82845151946835,0.0417526,0.0346996,-0.288497,0.557312,-0.33179,0.264398,0.713731
2.052684783935547,11.896598937366658,14.866125345746967,28.24050263961296,-2.7321410100758396,-0.44819659322516425,-0.28399105033718963,0.0316889,0.348493,0.26175,0.396473,0.743993,0.361496,-0.398251,0.0325337,0.165726,-0.263783,0.764839,0.21038,0.270101,-0.545717,70.313917134485,-5.386804715479558,11.465627063646565,-0.1446082652942131,-13.721615010079773,-34.35853178352463,50.99000731124984,74.58762760989762,0.0365259,0.0306865,-0.287027,0.530856,-0.329717,0.275333,0.730528
2.1049153804779053,13.687347863466139,16.57172560489094,23.601274736561816,-1.9557366918376802,-0.7047157302069927,-0.042840422024587835,0.0317854,0.348466,0.261809,0.395381,0.74377,0.362048,-0.399251,0.0164424,0.166004,-0.266007,0.781544,0.171945,0.301769,-0.518227,69.82609650564088,-4.071819289666491,4.851510344134454,-3.4602720229998027,-13.952667080603874,-35.78590652171972,49.526325526206556,71.0557742186299,0.0289721,0.0305302,-0.288702,0.501378,-0.313589,0.287255,0.753503
2.156249761581421,12.415048438524062,21.05795190792867,23.44175634487451,-1.6894115798091387,-0.7768153047268244,-0.11412421108414861,0.0316254,0.348488,0.261659,0.396277,0.743571,0.362083,-0.398701,0.000185433,0.164338,-0.266998,0.794584,0.134074,0.338112,-0.486149,68.31820266538827,-3.043956640609025,-2.2013173554273067,-3.636236080892715,-13.000173660608027,-37.23438018188158,49.70749859218309,68.04089022360927,0.0227848,0.0310552,-0.289415,0.443704,-0.308199,0.293772,0.788567
2.211723804473877,9.586748142841314,19.630930341238273,20.285871569229634,-1.239422210025306,-0.670340638861969,0.016470767384905848,0.0316872,0.348516,0.26177,0.39526,0.743472,0.362904,-0.399148,-0.0065197,0.165416,-0.266772,0.800844,0.116307,0.356868,-0.466655,67.4362318728033,-2.220508844299512,-5.773956794309584,-3.1848825935621576,-14.70522065959652,-38.2813810546693,49.83106882892808,67.5092890448248,0.0229897,0.0331562,-0.290604,0.41803,-0.297339,0.294029,0.806466
2.2622668743133545,7.202591939155565,16.689846631165832,19.611506717021353,-1.3850387215718076,-0.4614886365068659,0.06758219922320029,0.0317412,0.3485,0.262014,0.395407,0.743767,0.362052,-0.399227,0.00141062,0.170036,-0.267298,0.796198,0.134929,0.347294,-0.476706,67.26679962742995,-2.386518913350984,-3.162578945404036,-2.776249208671267,-17.53523277103548,-38.37531837892839,49.865158388397525,70.09313203082495,0.0281894,0.0376468,-0.292281,0.43491,-0.304326,0.282687,0.798954
2.3161816596984863,6.682378461898958,15.292887207377602,25.940412471841604,-1.7299490927989614,-0.2035966202940638,-0.09438077680359869,0.0316055,0.348556,0.261883,0.39697,0.743652,0.361947,-0.397983,0.0184004,0.174517,-0.267269,0.787296,0.175133,0.315831,-0.499745,67.87850503038949,-2.6612553253753877,3.348849029957213,-2.3845333464959317,-17.988809839079565,-37.743336073898625,49.24982246567941,71.42682965080301,0.036341,0.0403969,-0.293949,0.483555,-0.311966,0.269786,0.772054
2.370065450668335,7.006493679860372,15.48527246960153,30.3640845921012,-2.116795183431531,-0.06966790639652772,-0.33473982853200196,0.0316086,0.348577,0.261842,0.397137,0.744389,0.361324,-0.397004,0.0320397,0.175547,-0.265694,0.777837,0.207019,0.289647,-0.517897,68.4669898790263,-2.9769222711675125,8.50168835016601,-0.20851314983887548,-17.584094091533103,-37.790712517154255,50.07255476515405,73.00013002101217,0.0407463,0.0414713,-0.293271,0.521663,-0.329278,0.260851,0.742564
2.424522638320923,10.309244795086144,15.208684898178948,34.08644228711604,-2.6105305389165774,-0.26757753285008873,-0.34905634352485493,0.0316128,0.348545,0.261784,0.396732,0.744789,0.361113,-0.396851,0.03768,0.17156,-0.263985,0.766209,0.218718,0.270918,-0.540083,69.64205274933185,-4.668352089653093,11.746837304302595,0.2031043893161062,-16.54359969964284,-34.8513135337354,50.42553761373871,74.88506238176606,0.0415205,0.0371307,-0.290578,0.541745,-0.330802,0.262823,0.72664
2.477653980255127,13.753342840620174,17.28986674301868,30.547887481412165,-2.3953484398750584,-0.5664333709470463,-0.2457642755411016,0.0316873,0.348501,0.261756,0.396657,0.744497,0.360957,-0.397614,0.0268286,0.168209,-0.26519,0.780559,0.189711,0.287883,-0.521402,69.86400840554397,-3.57395707678708,7.207809461262226,-2.521042011669543,-15.385594696556254,-36.58461732317004,49.540349926440236,71.7379968315454,0.0352541,0.0331224,-0.28927,0.515872,-0.323834,0.275711,0.743633
2.531289577484131,12.945587020719143,20.931541147917304,26.054914369309152,-1.8368748745394965,-0.7102248305594282,-0.08098264417765696,0.0316624,0.348464,0.261586,0.396168,0.744583,0.361229,-0.397694,0.00388397,0.163399,-0.266894,0.792993,0.138954,0.329091,-0.49351,68.984630294694,-3.3587202735908903,-1.0617513324118448,-4.164940584948965,-12.58630641852254,-36.684993767299126,49.492929786927085,68.21429083683684,0.0249816,0.0290784,-0.28896,0.458056,-0.305521,0.295132,0.780858
2.5856499671936035,10.24668892908503,20.76260817239729,20.452889722571417,-1.1926367604281247,-0.6549241319748511,0.01555773079775581,0.0316744,0.348453,0.261546,0.395664,0.744426,0.361205,-0.398511,-0.00719597,0.162863,-0.266562,0.796917,0.117963,0.353043,-0.475782,67.78127338499455,-3.0435862164018443,-5.134052533087992,-2.9612047989117265,-12.224604295673942,-36.92490480337867,49.95807136324536,67.24759686318245,0.0207307,0.0298985,-0.2894,0.423878,-0.296388,0.298366,0.802159
2.6369094848632812,7.542846383475152,17.479452664930882,20.740390858788952,-1.4113815711297852,-0.2984476891814314,0.010625290703778299,0.0317743,0.348476,0.26178,0.39493,0.743273,0.362687,-0.400042,-0.00210308,0.167005,-0.267135,0.796344,0.130774,0.346544,-0.478165,67.71350604802339,-2.515206222413882,-3.299792769112795,-3.066139932104605,-14.974305899193126,-38.11214976197852,49.86617804618651,68.56693082693889,0.0233514,0.0337927,-0.290979,0.438811,-0.302614,0.290268,0.794741
2.690261125564575,5.968241561041966,15.895597818654258,24.851501988053872,-1.7495138887322332,0.005329203103918928,-0.17097493402388492,0.0317127,0.348534,0.261785,0.394897,0.743807,0.362849,-0.398933,0.011743,0.171476,-0.267487,0.786826,0.165598,0.321635,-0.500034,68.19627960004951,-3.0818556743036796,2.2533788754328548,-1.8721140389611506,-15.651137484907167,-37.622949858255275,50.103310322231664,70.99198148870794,0.0295662,0.0371359,-0.292828,0.482956,-0.309261,0.277688,0.770715
2.7426576614379883,7.079985398930374,14.697066609800865,34.4362308276909,-2.631202541395198,0.3597048473645097,-0.4709448938899861,0.0317293,0.348433,0.261633,0.396534,0.745191,0.360411,-0.396933,0.0410909,0.174565,-0.263923,0.763768,0.232787,0.265475,-0.540363,69.19744849695425,-4.1390741187759446,13.266249949292956,0.9645625453381541,-15.705927817107167,-35.56070276907183,50.00614539819351,73.77439713548299,0.0416725,0.0401816,-0.29256,0.55849,-0.327654,0.256524,0.717585
2.793247938156128,6.755046963840729,13.27917857017995,34.23267121139657,-2.7380997629769883,0.22305516934663722,-0.37679144798092284,0.0317014,0.348443,0.261676,0.396511,0.745278,0.360304,-0.39689,0.0396619,0.171185,-0.263539,0.760117,0.2277,0.263783,-0.548446,69.70438000278412,-5.211149664686294,13.316583266633309,0.8321484127204428,-15.22525876290399,-33.72608923567925,50.32464488972225,74.93745843327316,0.0413053,0.0365864,-0.2904,0.553193,-0.328605,0.261844,0.719329
2.847257137298584,9.380313487463678,16.828282465447796,29.688404304711444,-2.068556796169222,-0.22903007086359836,-0.3075882701343367,0.0317505,0.348455,0.26164,0.39629,0.745187,0.360336,-0.397251,0.0297592,0.168132,-0.264874,0.779957,0.194139,0.280082,-0.52491,70.37719122026374,-3.5434493737532353,8.108549619058262,-3.402294148097333,-15.168486528309401,-36.12949170267648,48.81403738138903,71.01403990140096,0.0364927,0.0331305,-0.289182,0.522613,-0.329434,0.273445,0.737277
2.901175022125244,10.971461576755276,23.194209157073587,27.076913405846422,-1.8099125957706599,-0.4345212770408229,-0.32135007909928304,0.0316339,0.348415,0.261469,0.395781,0.74511,0.360018,-0.398191,0.00507489,0.159351,-0.266159,0.793843,0.134552,0.323334,-0.497156,69.87012228748685,-3.430091164984856,-1.0646063062524451,-4.721173639448356,-13.044133915738115,-37.20178505731658,50.06366751841721,68.92641031065811,0.026095,0.0242906,-0.286449,0.456287,-0.310163,0.296724,0.779459
2.9569578170776367,11.160847773580647,23.002268508052882,23.153363144657803,-1.3215457869091944,-0.6757895913896534,-0.16794953876472513,0.0315933,0.348377,0.261353,0.396252,0.744528,0.360892,-0.39802,-0.00442573,0.154982,-0.265152,0.798013,0.109307,0.340927,-0.484764,69.64817250038014,-3.5565402561987334,-4.789513365496183,-4.764711759852684,-12.028100919859966,-36.75155212808931,50.24545483915288,67.94678766083187,0.0213203,0.0213358,-0.283641,0.425314,-0.311478,0.306415,0.79259
3.008695602416992,12.080223210399714,22.125903442073795,22.636680756881013,-1.317137361956002,-0.5826610964791694,-0.11127571538498712,0.0318475,0.348394,0.261568,0.395083,0.743907,0.361858,-0.399463,-0.00507478,0.153407,-0.264363,0.799964,0.10382,0.339295,-0.483898,70.29415215818685,-3.296366617601959,-5.077103178526146,-5.807085421012257,-12.841926267170493,-37.14493629458013,50.01612835057989,67.84034002013627,0.0207747,0.0194986,-0.281845,0.426108,-0.30986,0.309197,0.791717
3.0613157749176025,7.9571281196187895,19.551488842067528,24.251012846610777,-1.5444855066611047,-0.13707159335959615,-0.1618139170907711,0.0316003,0.348438,0.261444,0.395142,0.744322,0.361209,-0.399218,0.00593792,0.154384,-0.264785,0.794699,0.130799,0.314394,-0.502495,71.1794067917165,-3.5504834173131465,-0.4451453626789714,-5.400146261195683,-12.589024387497062,-37.5066923602589,50.51528160927694,69.14900405258395,0.0254387,0.0195488,-0.282009,0.457784,-0.322185,0.305116,0.770412
3.1149942874908447,7.133493082136611,16.11242574372034,26.481452050637387,-1.7674408607472611,-0.027494556623613484,-0.18957245645517853,0.0317942,0.348418,0.261581,0.39578,0.74416,0.361434,-0.398685,0.0261147,0.156265,-0.263213,0.772643,0.1838,0.273681,-0.54253,71.86791389353586,-5.579298630205315,8.656447188525878,-1.8050387224797255,-12.672705697560005,-35.32091078147277,52.15332109135819,74.60570902456199,0.0329915,0.0207579,-0.281365,0.514681,-0.339813,0.291929,0.731032
3.1688461303710938,7.118297905121151,14.735835900939776,31.618215002825856,-2.6586275644857142,0.4331360000315722,-0.41656836986216683,0.0317937,0.348355,0.261501,0.39547,0.744853,0.360625,-0.398431,0.0391162,0.153849,-0.259916,0.770089,0.202861,0.240397,-0.554996,73.84917412382347,-5.3609305635346205,12.774659206122859,-3.7737267713367757,-12.904523879436752,-34.40749325540457,50.43395746405592,73.00714677642014,0.0372473,0.0175963,-0.27851,0.55054,-0.347971,0.285392,0.703117
3.2222397327423096,7.881669252395113,15.030280236643637,28.60681273637119,-2.562245211260936,0.16906411231043436,-0.36124196182633295,0.0317882,0.348329,0.261482,0.395428,0.743902,0.361272,-0.399662,0.0362924,0.148292,-0.258992,0.774317,0.189821,0.241787,-0.553118,74.62126219427964,-5.317047588856382,11.576671595561706,-3.981824932677327,-13.092633638397885,-35.61679200571809,51.68362277649593,73.7925844758114,0.0357443,0.0113909,-0.274319,0.538498,-0.348453,0.295142,0.708161
3.277217149734497,11.866906118965606,18.356080816043736,25.097771625555282,-1.998885230591649,-0.398712791950567,-0.15316196361564047,0.0318691,0.348356,0.261555,0.395648,0.744159,0.36117,-0.399056,0.0289508,0.145465,-0.259592,0.779573,0.168245,0.251554,-0.548343,75.13019769405237,-5.5537872047279135,8.76424745523229,-6.868292917024863,-11.965385834510428,-34.32006300907653,50.365722255693875,72.11134976547007,0.03198,0.00864328,-0.27282,0.521074,-0.347895,0.30755,0.716145
3.330477237701416,13.89956801028353,24.04038733524429,25.22277109991938,-1.7789831023446678,-0.5984361323189545,-0.19390985910654193,0.031648,0.348292,0.261321,0.395726,0.744966,0.360055,-0.398481,0.0104789,0.140113,-0.260839,0.793546,0.120177,0.287318,-0.522771,74.69624743350671,-4.829879275917989,0.9920848595269351,-8.642250803050405,-10.261747671268857,-35.792272455025234,50.556251272276114,69.35418177976025,0.0235936,0.00361433,-0.270765,0.471766,-0.335473,0.327419,0.746787
3.3835434913635254,14.300701864776958,26.213760206857902,21.70944250624871,-1.3308264531905238,-0.8983206636346927,-0.019301070083116698,0.0317339,0.348277,0.261125,0.395461,0.743638,0.360671,-0.400661,-0.00361633,0.135899,-0.260002,0.796883,0.0886276,0.315472,-0.507543,73.92090889591483,-4.861401414298362,-3.907530331973426,-7.867099798749226,-10.435649385160431,-36.36684972763812,51.69246016304836,69.64846478004779,0.0185499,0.000446915,-0.268516,0.426811,-0.32505,0.337588,0.77344
3.4361560344696045,12.7443074777847,24.12589777067481,17.36699651058666,-1.0907613860872507,-1.0030887799652397,0.14192118808455884,0.0317978,0.348274,0.261347,0.394275,0.743512,0.361254,-0.401538,-0.00872496,0.134963,-0.258896,0.799614,0.0769357,0.327692,-0.497309,73.49533180013704,-4.437597217528063,-6.057170358933396,-6.321350055013916,-10.862079014637516,-37.42205313243192,52.6499314069457,69.76112079459276,0.0171759,0.00049417,-0.266993,0.408234,-0.325227,0.336754,0.78369
3.488349199295044,10.50841844211034,21.810494336703606,17.64091190766891,-1.279978735106442,-0.7567146530823412,0.17821776197906908,0.0318758,0.348357,0.261468,0.394343,0.743548,0.362183,-0.400567,-0.00502998,0.13649,-0.259351,0.801075,0.0825742,0.318384,-0.500092,74.10740952859496,-4.246969861004411,-4.8738592423246105,-8.360568035281865,-10.426071142099808,-36.64527254149156,51.00566098591771,68.14245798000663,0.0197883,0.00183548,-0.26786,0.414901,-0.328078,0.334132,0.780114
3.5393853187561035,6.561058978513176,18.522589619608873,20.30791809317314,-1.8052882809103765,-0.19077846870275073,-0.05889914547626557,0.0317762,0.348376,0.261445,0.394708,0.743603,0.361714,-0.400529,0.00940399,0.140011,-0.260307,0.798854,0.113277,0.292056,-0.51352,74.72161056324735,-3.8697674586224826,-0.041134987022925174,-8.455743082239355,-12.593886575901905,-37.83913151971952,51.11647767713126,69.7790467996414,0.0260084,0.00382963,-0.269818,0.458633,-0.340182,0.322759,0.754823
3.590362548828125,6.429418944377266,15.806638578702893,25.565827162162073,-2.410841307139559,0.15599108447418722,-0.2971004397978064,0.0318317,0.348362,0.261505,0.395438,0.744914,0.360512,-0.398451,0.0403597,0.144779,-0.257254,0.774848,0.188869,0.231913,-0.556916,75.65146580924853,-5.51457332834603,12.057528985013668,-4.304507767543008,-13.378851099111415,-35.456052003331116,52.01883009492414,74.28220773120333,0.0388898,0.00765689,-0.27095,0.543137,-0.359101,0.29621,0.69879
3.640535354614258,6.870223755498104,13.774176329461397,27.44077159124165,-2.866457598251346,0.17821304922333345,-0.2585817665871859,0.0319828,0.348238,0.261602,0.397477,0.744471,0.359386,-0.398266,0.0422163,0.142582,-0.256306,0.764261,0.198885,0.224149,-0.571058,75.39945401787564,-6.974699758388383,14.083112699206776,-3.265148109813765,-11.547850824608261,-32.73946652193107,52.133215268048914,75.39318593479005,0.0389466,0.00566841,-0.269139,0.550619,-0.360202,0.297595,0.691744
3.6929028034210205,7.532861420582268,14.706251564465843,24.988757696903413,-2.558938854471363,-0.02717589593863099,-0.3054087232934428,0.031855,0.348287,0.261462,0.396109,0.74423,0.360199,-0.399345,0.036272,0.140989,-0.256921,0.776692,0.177108,0.236375,-0.556336,75.91524550880274,-5.752124453023299,10.77168156137277,-4.887211360724823,-13.039865204694692,-35.30928931660734,52.281419017370574,74.4514560098591,0.0356821,0.00381827,-0.268426,0.534878,-0.35741,0.305776,0.701901
3.742258071899414,12.378468929199595,17.4019824510123,22.201952037456085,-1.9620539897927907,-0.5614867622059357,-0.00860969914861345,0.032085,0.348241,0.261633,0.397008,0.744344,0.359967,-0.398448,0.0263965,0.140944,-0.258567,0.782992,0.155803,0.254886,-0.545602,75.46313771105898,-5.617013432294621,7.201297227404108,-7.274782655391547,-11.025815744152695,-34.33202777553726,50.48298751476467,71.62890401121865,0.0308839,0.00363316,-0.269054,0.512944,-0.348672,0.314606,0.718567
3.7947471141815186,11.626495702718,21.37577269481439,20.98140293103174,-1.7373082952124799,-0.608732683648996,-0.016161301879816882,0.03173,0.348247,0.261275,0.395646,0.744408,0.359969,-0.399678,0.0066913,0.138143,-0.260352,0.797162,0.107131,0.292787,-0.517041,74.95189755871237,-4.500471595761191,-0.6715425636032037,-10.223307084000925,-10.892125538904722,-35.82244010872905,49.87161616869297,68.43753136034874,0.0214622,0.00161996,-0.269377,0.462788,-0.33317,0.329901,0.752323
3.846470832824707,11.652926596642569,21.97107039650242,17.40081234727836,-1.2183964156701168,-0.8034664675073735,0.13010929933992535,0.0319315,0.348181,0.261342,0.395337,0.74384,0.360256,-0.400782,-0.00300004,0.136867,-0.259992,0.79682,0.0918207,0.312844,-0.5087,73.96436832840503,-4.756993688590205,-3.4635541187961056,-8.46856147670514,-9.931178544967949,-35.88233777764439,50.86417192097754,68.63066695277465,0.0177769,0.000926752,-0.268892,0.438224,-0.318873,0.336993,0.76988
3.89900541305542,11.87850463236249,20.622453481210915,15.759746513403524,-1.2258050902030178,-0.8551046391794779,0.19364420639005728,0.0319847,0.348213,0.261441,0.394634,0.744125,0.360634,-0.400605,-0.0046669,0.136643,-0.259532,0.796428,0.0917729,0.314692,-0.508182,73.88133936486653,-4.809089848498102,-3.6084727951792566,-7.266182904569252,-8.566360846815236,-35.90297237682996,51.33803487066714,68.25074328315053,0.0164009,0.00108964,-0.267907,0.43065,-0.326155,0.335593,0.771713
3.952101230621338,8.569511016585688,17.27332641535562,16.706142837031358,-1.8678896127050426,-0.34004814247758086,-0.036984706786292766,0.0318468,0.348261,0.261358,0.394,0.743538,0.361156,-0.401848,0.00451688,0.137267,-0.259792,0.796605,0.106962,0.292981,-0.517824,75.13748924988093,-4.39701074945989,-0.4366133417516771,-9.429855331396933,-10.61232314057844,-36.58449710274953,50.64791550062298,68.77156408432464,0.0203332,0.000757802,-0.268137,0.459094,-0.330853,0.332954,0.754261
4.004187345504761,8.559228175605334,13.010421725174648,18.304729584209305,-2.281765030542409,-0.23809292187230693,-0.0492036456550356,0.0318984,0.348286,0.261462,0.394658,0.743906,0.360934,-0.400719,0.0270246,0.141828,-0.258349,0.782036,0.161916,0.248786,-0.548005,75.88979631287648,-5.289034676630922,8.393198773172443,-7.284668839496582,-11.4541416932408,-34.97788122494605,50.5416415673318,71.48105698610235,0.0297226,0.00472247,-0.269455,0.518836,-0.351502,0.312501,0.713862
4.060175180435181,6.5677861259739885,7.070799403114951,25.452344465969592,-3.6424104358995284,0.41217150391108826,-0.24047280480095348,0.032119,0.348245,0.261669,0.397156,0.742414,0.362264,-0.399817,0.0427807,0.144977,-0.255954,0.767399,0.199809,0.222079,-0.567323,75.6799267355045,-6.36438958767161,14.535648795119545,-5.07213964097647,-12.650618023880469,-32.3203916083992,50.30181747083737,73.64725981693233,0.0374796,0.00836968,-0.270307,0.55806,-0.358854,0.295407,0.687406
4.113997459411621,8.58672044906521,5.659554491536485,20.46467583406428,-3.1860452004540143,-0.13499753387351204,-0.1560666006426043,0.0319074,0.348314,0.261722,0.396524,0.744123,0.360009,-0.399303,0.0415764,0.149573,-0.257533,0.771524,0.197654,0.234428,-0.55743,74.63157524633276,-5.467009425708652,12.821219398947424,-4.0883827982289525,-14.777977389242395,-34.13200715943268,50.69696780759347,74.146123717753,0.0393505,0.0133085,-0.273689,0.549782,-0.35514,0.290809,0.697886
4.167327880859375,12.787819799422643,6.170049083517365,16.287769341885983,-2.293655377082907,-0.9857185854619867,0.2209836427074536,0.0319567,0.34836,0.26196,0.396496,0.744413,0.35948,-0.399268,0.0347046,0.158687,-0.261434,0.771571,0.19726,0.26545,-0.543418,71.56926651607638,-4.941335932029334,10.25351076885547,-0.371173037631106,-16.445296394266478,-36.2412151011654,52.50378716831975,76.2574302588986,0.0393019,0.0231992,-0.280592,0.529818,-0.341453,0.284746,0.722235
4.222332239151001,16.40221036668224,9.31775996898611,14.619796109982586,-1.6791401991973847,-1.4846399845797984,0.549111883918849,0.0318435,0.348467,0.262172,0.39535,0.745309,0.360023,-0.398241,0.0127634,0.168149,-0.265876,0.796516,0.150116,0.323945,-0.487943,68.65214857279733,-2.019552006640157,-0.24895520665494075,-2.7250240295765913,-18.105588152579486,-39.2292924490796,49.967189177518925,70.5679397637648,0.033308,0.0341142,-0.289041,0.464868,-0.311678,0.284636,0.778291
4.274105787277222,16.00956643501074,10.687764672687795,8.796883331903642,-0.4340096606637654,-1.6798130772020927,0.5935109126816958,0.0317996,0.348574,0.262281,0.39435,0.746143,0.360257,-0.397458,-0.0099681,0.172108,-0.266916,0.808134,0.10338,0.378626,-0.439174,65.48262610510727,-0.8764862770844344,-10.098153079375589,-2.7705940273937593,-18.192369790203955,-39.15204838110672,48.8575724598774,66.6058443387585,0.0263692,0.0422034,-0.294495,0.390304,-0.284736,0.282766,0.828632
4.326239109039307,18.42355133508438,14.046734223592336,5.056326584415852,0.8780729805023891,-1.823430997604423,0.5910122820276824,0.0316327,0.348858,0.262825,0.39531,0.74454,0.362478,-0.397492,-0.0204536,0.180458,-0.267028,0.808566,0.0919317,0.408252,-0.413642,62.675050513605036,-0.6119361296883863,-13.808950961277082,-3.115087960855764,-19.293017067097395,-37.599224202507266,46.92368922949091,65.17869710362814,0.0219184,0.0536151,-0.299702,0.359399,-0.271795,0.27198,0.850286
4.376271486282349,18.940533010117427,11.782253678153715,5.152807320411386,0.8159525139671175,-1.5177001599188649,0.5635574787365034,0.0317323,0.348981,0.263111,0.394095,0.745852,0.362686,-0.396046,-0.0235338,0.187267,-0.267582,0.806074,0.0989726,0.417047,-0.408069,61.36348630280669,-0.7031613670528936,-14.136848682474985,-1.9706571564422042,-17.48618594131338,-36.12898132404241,46.11419649336263,63.58582496528285,0.0186441,0.0613183,-0.303255,0.360321,-0.266232,0.265169,0.8538
4.428190469741821,15.131372207289585,5.356518667364927,9.797461409116915,-0.5038199964187999,-0.841635250882873,0.4832849540696919,0.0318345,0.348847,0.26302,0.394157,0.745482,0.362692,-0.396675,-0.0189645,0.191447,-0.268827,0.79959,0.120537,0.40552,-0.42624,61.58051709370869,-1.261529446533416,-10.562845803430825,-2.3590552719787787,-16.75881160481137,-35.06911433235877,45.32654132539672,64.08766222844126,0.0184363,0.0639864,-0.305702,0.39079,-0.266254,0.257932,0.842534
4.479518890380859,15.851712951383819,-0.8408981768621757,11.611077595519726,-1.2313469786358264,-0.9478325472528537,0.5939981974372981,0.0318723,0.348711,0.262767,0.394849,0.743877,0.362484,-0.399183,-0.000930713,0.197394,-0.269897,0.784975,0.174473,0.368173,-0.466714,62.43299354378873,-1.7705385158515883,-1.386397207060055,-1.2610209030284203,-17.8021861147769,-35.20095275988107,45.4775881965235,67.25618200372314,0.0235929,0.0672505,-0.307282,0.455003,-0.279954,0.246173,0.808701
4.532294511795044,20.30449616037411,0.46190474965122685,19.727146309986214,-1.8767101366196173,-1.3594181512486443,0.4529062757307783,0.0319436,0.34873,0.262824,0.394636,0.744641,0.362615,-0.397848,0.020244,0.199291,-0.268089,0.768001,0.225092,0.326047,-0.503191,63.749878575498414,-2.6007010074579577,7.373615147083989,1.8153337959424434,-16.66460267218642,-34.36725052448826,46.244280040060296,69.96670719832728,0.0300389,0.0676045,-0.306172,0.519737,-0.291792,0.240316,0.766146
4.58492636680603,21.939202092133325,3.333255236123107,21.294211888243023,-2.1481901381243436,-1.4883887544285124,0.4048684106822196,0.0318109,0.348626,0.262585,0.393639,0.744711,0.362428,-0.398872,0.0171062,0.194301,-0.268361,0.767677,0.215049,0.325949,-0.508118,64.56502441887113,-3.269839373883693,6.758138851112314,1.4558692338148553,-16.43390554306208,-34.059049323648274,47.15645153712025,71.05293842078892,0.0277807,0.062776,-0.303971,0.508244,-0.299337,0.245996,0.769137
4.638318061828613,19.565193813062425,2.9295255320097318,14.4794318595968,-1.6645147116399224,-1.3306188013882987,0.580865827494713,0.0319444,0.348586,0.262496,0.394422,0.744303,0.361537,-0.399668,0.00198574,0.189255,-0.269154,0.782958,0.176466,0.35174,-0.481783,64.17560567966474,-2.3465409119170246,0.4333477159907808,-0.8576012158208748,-15.101060543825085,-35.26104581961342,46.633988075822295,67.30630443731282,0.021449,0.0572591,-0.30281,0.471417,-0.285173,0.259955,0.79301
4.6923980712890625,17.850547885268544,5.433883719533052,7.843298595031859,-0.8895177570879671,-1.2701228852198392,0.5842896231887278,0.0319222,0.348596,0.262586,0.39369,0.7438,0.362401,-0.400543,-0.0177302,0.18452,-0.268184,0.795561,0.12397,0.390519,-0.446328,63.30074039217265,-1.8670218351362697,-8.11405920378084,-2.8739133049864733,-15.947366054365872,-35.074031920118834,45.98947718702983,65.14516603615914,0.0145096,0.0547087,-0.301414,0.408727,-0.268483,0.271913,0.828808
4.745641469955444,16.76427874619674,6.157614101186736,7.995439720433287,-0.6055030711482258,-1.144422355733828,0.4909070655759157,0.0318946,0.348687,0.262642,0.393987,0.742908,0.363456,-0.400952,-0.0206578,0.185296,-0.268051,0.796574,0.11969,0.397683,-0.43931,62.73194078771594,-1.6827012114740283,-9.099064083343462,-2.6174135587960663,-16.133812998339437,-35.2774958420028,46.03982864781877,64.87940872405376,0.0137953,0.0560818,-0.301876,0.398292,-0.266902,0.27102,0.834671
4.795660495758057,14.656914620951428,6.064329680053613,11.491769695127944,-0.9423966381488078,-0.9377819872105806,0.48497182557551016,0.031924,0.348644,0.26264,0.393393,0.74369,0.362395,-0.401045,-0.0155403,0.187479,-0.268842,0.793719,0.132081,0.388732,-0.448834,63.00831348501449,-1.7888124744619418,-7.16381255643071,-2.6555334287283223,-17.146239963879964,-35.56766375663643,46.19507233464287,66.14769992492613,0.0168193,0.05817,-0.303028,0.409641,-0.271648,0.26685,0.828971
4.848401784896851,14.571681722880221,1.5391103807501427,14.92034157074984,-1.4023132988650389,-1.0193065470075275,0.5833619001855059,0.031877,0.348649,0.262628,0.39328,0.744583,0.363018,-0.398929,0.00273123,0.192941,-0.269467,0.783238,0.177429,0.356412,-0.477523,63.78980998406535,-2.2040047945572105,0.0771972361687503,-0.26310149049791676,-17.092691364552863,-35.60066470127034,46.89005832186013,68.59737265974738,0.0239776,0.0615778,-0.304349,0.468651,-0.286936,0.254368,0.795821
4.898956775665283,16.893594278917732,1.1204958212442322,18.296134539128534,-1.6087603442589093,-1.1235938851059972,0.534271019299385,0.0319477,0.348572,0.262622,0.394636,0.743954,0.361535,-0.40011,0.0144969,0.194754,-0.268663,0.770955,0.208144,0.333391,-0.501153,64.0525337237233,-2.8610784979967114,5.3770596224229195,0.5522280738007943,-17.90402592472431,-34.67624360856657,46.89001372975887,70.87354539085082,0.028699,0.0625321,-0.304511,0.502521,-0.289514,0.248105,0.77595
4.953019857406616,17.505058997821124,0.7309447613680975,19.030188631188864,-1.9593205409323409,-0.9765774889013521,0.3472661557812968,0.0319125,0.348602,0.262635,0.393415,0.745404,0.36189,-0.398288,0.0173291,0.191537,-0.268132,0.771078,0.207757,0.322188,-0.508399,65.46292040221428,-3.2834036906195063,6.203430437701719,-0.31481897669527825,-16.24707308639759,-33.660555541403646,46.41980252288066,70.15452152126278,0.0285142,0.0590303,-0.302552,0.515504,-0.295584,0.252247,0.763713
5.007089614868164,20.430064921370747,2.8225629115306448,16.56931953216933,-1.8433603682776367,-1.2061783412756715,0.30561116505170705,0.0319583,0.34858,0.262602,0.393379,0.744693,0.362506,-0.399092,0.0095656,0.188231,-0.268505,0.775183,0.192706,0.335161,-0.499623,65.13088008825072,-3.202497675573432,3.7929354601111314,0.6297725514063188,-14.923861157272043,-34.778555237314556,47.77983794597401,69.83135490814647,0.0243935,0.0552586,-0.301265,0.496484,-0.289737,0.260243,0.775777
5.05852198600769,18.81090636050799,3.881559345778895,13.134390483223669,-1.8170771325180841,-1.1298387428279235,0.32820265057072073,0.0319036,0.34858,0.262514,0.394144,0.744358,0.362035,-0.39939,-0.00492229,0.184393,-0.268799,0.787028,0.156116,0.36029,-0.475821,64.67788407748928,-2.65060140142512,-2.1177333266555927,-1.9939538891237696,-13.768991384572757,-34.62407739551859,46.55844518997291,66.21941936851502,0.0182664,0.0523415,-0.300327,0.452957,-0.284495,0.268685,0.801062
5.108386039733887,15.427824223177904,2.2446562467116724,7.912205271251714,-1.2085734662147902,-1.0157836078671338,0.5388425501567433,0.0319336,0.348605,0.262637,0.392752,0.744491,0.362701,-0.399908,-0.0111098,0.185633,-0.268685,0.791989,0.141693,0.375715,-0.459908,63.9904130461037,-2.047626224028096,-5.0818276848236,-1.8508408227365365,-15.034425516346218,-35.38433694888763,46.64557488741624,65.79806457469272,0.0170095,0.0547603,-0.301358,0.430869,-0.276774,0.267991,0.816044
5.161911964416504,12.10668336451361,-1.0148405023363962,5.728482639767976,-1.177635725126175,-0.8516231178255136,0.6324062991372156,0.0321382,0.348746,0.263057,0.393211,0.745609,0.363079,-0.397023,-0.00179613,0.193349,-0.269069,0.784626,0.169396,0.364359,-0.472132,63.508788709968286,-2.4667438270704425,-1.4736922892429263,-0.5568573227620135,-14.616890510655622,-33.91153208575714,45.81622900897639,66.40763790173504,0.0215388,0.0624853,-0.304184,0.457669,-0.281942,0.257869,0.802839
5.215016841888428,11.677593447877259,-1.9981060158232147,11.910497897746556,-1.6408617934718028,-0.7995505655209336,0.4824942161574535,0.0320173,0.348812,0.262955,0.394722,0.744421,0.363574,-0.397298,0.0161901,0.199461,-0.268574,0.769526,0.215938,0.333471,-0.499998,63.65490804094711,-2.922272475607003,6.062234794661261,0.8049536550919427,-16.2901349498227,-33.31833312358324,45.59836689083255,69.35880698185561,0.0292667,0.0681063,-0.306268,0.51055,-0.29056,0.242263,0.772154
5.267439365386963,15.760205666109577,-2.100398159734034,20.881680657995734,-2.4254535345763792,-1.0855541338327162,0.3929199522827,0.032038,0.348688,0.262794,0.394838,0.744862,0.361919,-0.397867,0.0302994,0.201199,-0.266862,0.755316,0.25004,0.308714,-0.521223,63.80953467325968,-3.342003227603154,11.547509009486564,3.380957855170813,-17.48660857018514,-33.179971199067516,46.63645787071738,72.16765966876244,0.0344579,0.0698514,-0.306382,0.548615,-0.298173,0.232681,0.745637
5.321454763412476,20.606149121527665,4.268472045393721,19.701262079345508,-2.502657974878563,-1.4635860590727225,0.32056294847876915,0.031844,0.348596,0.262643,0.393439,0.745746,0.361564,-0.397919,0.0210638,0.197074,-0.26801,0.763164,0.226863,0.32159,-0.512537,64.21326171100297,-3.394740097162671,8.133247709196997,2.6772557459617197,-16.40545199192266,-33.56659199211304,47.13374837307394,71.53625510084707,0.0300054,0.0651175,-0.30543,0.525367,-0.290637,0.241438,0.762383
5.374675750732422,18.444928049392697,3.6826799729388675,14.898544854691062,-1.8760562464684283,-1.4219265009763358,0.5507981989352912,0.0320327,0.3486,0.262597,0.393537,0.745345,0.361892,-0.398277,0.00570656,0.195573,-0.269565,0.775566,0.193452,0.350611,-0.488002,63.35871697284253,-2.8026215833082695,2.2552377840961846,1.0582746398834821,-15.280128112620147,-34.27701664841427,46.739473144482375,68.67044109015772,0.0230824,0.0645316,-0.306015,0.483618,-0.282879,0.250625,0.789481
5.428441286087036,15.793944626683677,3.908860244946828,10.414942575051668,-1.2877998504247905,-1.104920966366663,0.5775279250783302,0.0320389,0.348596,0.262657,0.393221,0.744627,0.362026,-0.399807,-0.00869923,0.195528,-0.269761,0.786242,0.162701,0.378942,-0.460169,62.17149998333619,-1.8730918486997012,-3.4713710635348196,-0.516193825155387,-15.650682793286578,-34.80837273874791,45.80628410806133,65.89067183543546,0.0171241,0.0655005,-0.307055,0.444584,-0.268206,0.255033,0.815702
5.485495090484619,11.17225459790463,2.2731152049374566,11.13907831204993,-0.9282266653372218,-0.6287982040022978,0.5428203388768255,0.031967,0.34864,0.262641,0.392972,0.744466,0.362483,-0.399938,-0.00866253,0.200102,-0.270374,0.78537,0.167918,0.381483,-0.457677,61.5599659160515,-1.6397488855625104,-3.255883304795793,-1.034067634405229,-16.388364063992015,-34.611596560074496,44.94606186653933,65.54443155547773,0.0168843,0.0704866,-0.309555,0.449233,-0.268355,0.247076,0.815554
5.537145137786865,12.239462331541688,1.8329932786896053,17.696058885103504,-1.3953072133797364,-0.6198475701693594,0.36913698054661487,0.0320635,0.348641,0.26264,0.393502,0.743955,0.36332,-0.399608,0.00643519,0.206238,-0.270199,0.770485,0.210325,0.356583,-0.484731,61.59624852186378,-2.3080982297500334,3.4888982514078197,1.2797888701870797,-17.089804989825225,-33.944490690155426,45.346243452668745,68.53630157198428,0.0225736,0.076332,-0.311609,0.497582,-0.276061,0.236043,0.787709
5.59100866317749,20.069793651362076,3.57645306955612,27.80106441492859,-2.025691766908842,-1.3803420113986429,0.2932719906741891,0.0319072,0.348569,0.262435,0.393551,0.746047,0.360631,-0.398092,0.0229861,0.209064,-0.268804,0.751747,0.253009,0.327887,-0.513179,61.66742548483627,-3.22588236341905,10.119190091720743,5.086644260376541,-16.419083202635434,-32.88362886626293,46.48537712846969,71.6443207188981,0.0293003,0.0785488,-0.312233,0.545536,-0.278753,0.225932,0.757391
5.642748117446899,22.69150634093569,7.480731327847319,29.242807388994635,-2.2288210829954163,-1.6042638191769543,0.32699090592954866,0.031891,0.348542,0.262305,0.393577,0.745886,0.361023,-0.398012,0.0106913,0.204525,-0.270297,0.764639,0.221421,0.34764,-0.495426,61.763169873828126,-2.9263743286714057,5.223950535481659,3.3965271145666307,-15.163249690904522,-33.677689520551944,46.61740668242996,69.50621878821283,0.0240911,0.0741086,-0.311311,0.50841,-0.276155,0.235615,0.78086
5.696845531463623,19.81271163805855,9.743304017416797,22.036589765917252,-1.639593691945948,-1.4432257811824065,0.47431544786048824,0.031817,0.348494,0.262097,0.394444,0.744732,0.360694,-0.399611,-0.0121786,0.199532,-0.27106,0.785622,0.165589,0.38869,-0.451994,60.64252605394582,-1.5899987325803728,-4.309172161947814,-0.06771727306919928,-14.652308536706187,-34.767814079374695,45.49032116763535,64.47679490720544,0.0150491,0.0709475,-0.31111,0.437747,-0.262955,0.246462,0.823704
5.7489306926727295,17.004282313064476,11.919143662396824,16.258196473555984,-0.7242796973836816,-1.2592865326851916,0.3396410936053624,0.0318021,0.348572,0.262229,0.393715,0.745055,0.361702,-0.398814,-0.0272642,0.198323,-0.269535,0.793842,0.130524,0.420829,-0.419143,59.1825952386939,-1.211657952504006,-10.927117058140134,0.15283712374269243,-14.074018283435692,-33.81572266664693,45.03077561146556,62.01734984184531,0.00920126,0.0722694,-0.311339,0.391235,-0.246797,0.249392,0.850782
5.803539991378784,14.028471221225187,10.474481568309274,16.04943176285086,-0.5378582974534107,-0.9868069201728732,0.370934115781783,0.0319168,0.348611,0.262543,0.393741,0.744023,0.362543,-0.39995,-0.0277232,0.204243,-0.269797,0.792841,0.136638,0.426606,-0.413207,58.05117317394098,-0.7830473969339264,-10.905378353377863,-0.06029310187260961,-15.99695267118723,-34.266486332851166,44.42195439745153,62.4456217040613,0.00910035,0.0792995,-0.314079,0.389697,-0.245833,0.241135,0.854141
5.85687780380249,12.718073818728357,5.727103318131274,18.81214264311289,-0.9670017020109408,-0.9026923772731327,0.5011476483937527,0.0319156,0.3486,0.26246,0.393733,0.744859,0.361519,-0.399328,-0.0141595,0.212496,-0.271394,0.783225,0.17627,0.404132,-0.438367,58.19545163828766,-0.979145190370593,-4.9796753858552325,0.593763342709007,-16.749857116178788,-34.29833767643293,44.050326015759175,64.22152242808309,0.0146467,0.0858688,-0.317475,0.439534,-0.253403,0.226491,0.831444
5.910090684890747,16.71005032709451,3.984719105829079,27.291890825181188,-1.6113052306629605,-0.9802503982149613,0.34209162369718077,0.0319004,0.348576,0.262421,0.393358,0.745966,0.361351,-0.397781,0.00798211,0.21875,-0.270946,0.765075,0.232174,0.3662,-0.476081,58.93777072376814,-1.5791669667041646,4.037784363353527,4.046078138191884,-16.888324885674663,-34.20485458523523,44.99127386205927,67.77283240330154,0.0241305,0.0909144,-0.318769,0.503191,-0.263335,0.214931,0.794517
5.965704917907715,19.458690044991155,4.886010570519649,32.26706878859207,-2.0684776162125904,-1.0172162085215406,0.08940432520610762,0.0318473,0.348578,0.262356,0.393208,0.746761,0.360591,-0.397127,0.0156638,0.21744,-0.270327,0.757923,0.247542,0.350959,-0.491022,59.5866065503983,-2.1063987579677725,6.981557431973307,5.493713608449159,-16.536548620800204,-34.000149704033,45.87650010429261,69.53108045398876,0.0268965,0.0888579,-0.317654,0.525853,-0.268614,0.214774,0.777944
6.019991874694824,20.87776353303214,9.715824445512528,32.07120706120638,-2.366469197328909,-0.9431728402556699,-0.09916008476369119,0.0317413,0.348488,0.262019,0.394931,0.744732,0.360023,-0.399734,0.0046337,0.210986,-0.271491,0.770821,0.214654,0.366056,-0.475143,59.87693191399533,-1.6419245474314357,2.496768795528382,1.7641407785535819,-17.529026671018144,-34.881012354257614,45.206444969099564,67.70683562473468,0.0224707,0.0822034,-0.31611,0.491209,-0.266702,0.223594,0.798492
6.072221994400024,18.814030313669992,11.1100181496989,24.816241384014376,-1.7317637705925615,-0.9258273884637569,-0.012254351814587817,0.0317272,0.348525,0.261862,0.395046,0.744398,0.361276,-0.399111,-0.0140359,0.205882,-0.271729,0.786653,0.169813,0.398814,-0.439645,59.04635001455122,-0.9187963663196133,-5.149091376665476,0.5953112203163116,-15.087065193918207,-35.04434524558007,44.93802204841826,63.43390323551318,0.0147806,0.0784305,-0.315274,0.435513,-0.257632,0.232284,0.830661
6.135023593902588,15.960587605554048,11.535272528254605,16.78212262392124,-0.9370451859743248,-1.10872147385204,0.14064736833425537,0.0318391,0.348592,0.262387,0.393535,0.746015,0.360506,-0.39828,-0.0245026,0.205585,-0.270241,0.792164,0.144028,0.42169,-0.417024,58.08083090283137,-0.7954224863348927,-10.144924215038134,0.5828548769036317,-15.128308712896583,-33.934170176037405,44.36634178703235,62.02343805775745,0.0113076,0.0804981,-0.315092,0.399056,-0.248297,0.234505,0.850947
6.1892876625061035,13.83214077050671,9.126046790882404,16.782943055540365,-0.8724215197764257,-1.0531193199359203,0.360244957506933,0.0319523,0.348604,0.262595,0.393363,0.745022,0.361988,-0.398964,-0.0213367,0.210531,-0.270752,0.789827,0.156209,0.421247,-0.41752,57.39662090369348,-0.48383852351863244,-8.857797999731662,1.5705793688769276,-17.233622996406254,-35.237934149215256,45.041696862073756,63.78028512474537,0.0129479,0.0857727,-0.316708,0.407463,-0.254459,0.226058,0.847421
6.243306636810303,14.531181162721328,5.152077312319353,19.74155810806373,-1.3762621579116274,-1.1800249851536178,0.4995247088913191,0.0319219,0.348593,0.262541,0.393619,0.745653,0.361647,-0.397841,-0.00454814,0.218081,-0.27141,0.778343,0.202102,0.391354,-0.447414,57.95473235183958,-0.656469634430259,-1.6240403643575831,2.5498774297023097,-17.01397709598872,-34.915635942928155,44.362687491613826,65.02740433738475,0.0195072,0.0912496,-0.31926,0.46561,-0.255627,0.217256,0.81894
6.294341087341309,17.185414815179406,3.81900376536269,21.787299091910356,-1.6715950962754842,-1.461185392982927,0.5134871178393399,0.0319857,0.34855,0.262553,0.393662,0.745327,0.361855,-0.398219,0.00708538,0.219687,-0.270787,0.762636,0.232486,0.368949,-0.477716,58.64219270461332,-1.9110522991607546,4.14191734448497,4.086614182263489,-17.34636929254829,-33.534427736662686,44.87058592900876,68.4206029052446,0.0231676,0.0920006,-0.318949,0.501454,-0.260238,0.215129,0.79658
6.346946477890015,23.384232422554593,5.900515799993961,24.73338442595288,-1.906440753452562,-1.746368878177065,0.41540546279567503,0.0319898,0.34854,0.262498,0.394326,0.744574,0.361192,-0.39957,0.00543894,0.216124,-0.270817,0.763162,0.22723,0.36517,-0.482287,59.31832234602031,-2.1762030298317105,4.1962998061665395,2.192247482370391,-16.503738487540033,-32.7962126834822,44.01135688396506,67.39240860632233,0.0204508,0.0875656,-0.317293,0.502099,-0.26142,0.222104,0.793868
6.397462844848633,22.03980079883256,10.048618303591377,22.760202743308508,-1.9571073314501823,-1.5214986638388757,0.3304642391618951,0.0318348,0.348483,0.26215,0.393395,0.745089,0.361519,-0.399234,-0.0124599,0.207554,-0.271611,0.77856,0.183709,0.389905,-0.456146,59.53402006932899,-1.7938137843823814,-2.53037998928572,0.9085841259037366,-12.604066637851858,-33.21159238158186,44.46852090177821,63.18385877134979,0.0115494,0.0792385,-0.315345,0.453752,-0.254259,0.236552,0.820673
6.44791579246521,19.712513138446504,10.01798037485416,18.56792846888449,-1.4119170742666123,-1.3157881516419963,0.29712317417841294,0.0317721,0.348503,0.261963,0.393771,0.743435,0.362508,-0.401044,-0.0264335,0.203913,-0.270583,0.783737,0.152297,0.416285,-0.435051,58.581598632956606,-1.8945677716607463,-7.607797993130768,0.5773562767346405,-13.20761804560702,-32.7245988716416,44.59123372688789,62.771150464657104,0.00474948,0.0770407,-0.314377,0.414526,-0.243747,0.242683,0.842532
6.500467538833618,18.53835205503473,10.052188729800651,14.45037607517737,-0.9072453912386377,-1.3190494716861272,0.31850912124208347,0.0319466,0.348495,0.262295,0.392281,0.743948,0.362621,-0.401452,-0.03187,0.205607,-0.269802,0.78598,0.144105,0.427407,-0.422838,57.88235075391048,-1.5294189622710759,-9.683644130587322,0.8198219209279216,-12.968079783750795,-32.50995913622108,44.262848871527986,61.51659798098614,0.00162102,0.0797527,-0.314856,0.402142,-0.238979,0.241829,0.850112
6.554692029953003,14.813910679938669,9.029038491847231,18.36570420211378,-1.1553621335560496,-0.9310584803342501,0.3664555252505289,0.0319655,0.348612,0.262313,0.392734,0.743852,0.363977,-0.399957,-0.027519,0.210451,-0.270885,0.783812,0.15897,0.420726,-0.428201,57.71917409310139,-1.4537390640589916,-7.642777065307473,0.41730868858831727,-12.166067375674402,-32.162842585064844,43.4432808384216,60.73964349585856,0.00418187,0.0848654,-0.317277,0.416183,-0.241121,0.233799,0.84498
6.605841875076294,14.795641542623855,6.611839607080555,23.461350758692987,-1.4492025493699223,-0.7759755730253979,0.3069021846076994,0.0318894,0.348545,0.262105,0.392977,0.744088,0.362649,-0.400483,-0.00933293,0.219096,-0.272064,0.77185,0.208911,0.392382,-0.454577,57.5911387564995,-1.0893096563816158,-0.3958091536749322,2.71342123583824,-14.20395769381328,-34.03540530724086,44.24839696573842,63.80988263449151,0.0127249,0.0920178,-0.320631,0.470949,-0.250612,0.219,0.81697
6.659620761871338,14.94586321061352,4.869901881311061,30.534093331488208,-1.7909534632292943,-0.7621862879260904,0.19333552313448035,0.0318498,0.348459,0.262131,0.393917,0.745145,0.360793,-0.39927,0.00886568,0.224017,-0.271086,0.755245,0.248884,0.366261,-0.483234,57.72340363409502,-1.8853376051177104,6.030725583585696,4.961708336824465,-16.66512722163384,-33.35202057178363,44.63218120956682,68.22414991898917,0.0223459,0.0967881,-0.32171,0.516909,-0.256698,0.206772,0.790036
6.714891672134399,19.574264731934573,7.492775618288382,30.066174886874535,-1.8555688796560637,-1.430735553297955,0.3238747521902874,0.031948,0.348472,0.262355,0.393275,0.746782,0.360428,-0.39717,0.012369,0.222362,-0.270694,0.758838,0.246589,0.361964,-0.482017,58.41023516822606,-1.7382807951956654,5.758290626671101,5.327283986385154,-17.12087325393985,-33.81005926560042,45.06935859134888,68.68787423740638,0.0254975,0.0948688,-0.320333,0.517891,-0.259912,0.208266,0.787947
6.766932010650635,19.75438968453795,9.351491778670706,26.22469341965459,-1.8236951207237269,-1.4238380724919377,0.37141393918198046,0.0319469,0.348446,0.262201,0.39359,0.74593,0.360068,-0.398782,-0.0017848,0.216083,-0.271626,0.774662,0.208458,0.384645,-0.45661,58.272493532652504,-0.9588868796822929,-0.2879239740210515,3.470212888766241,-17.112284729521704,-35.36064496647814,45.40544155596567,66.43926911415588,0.0200431,0.0885328,-0.318637,0.472811,-0.256443,0.219703,0.81389
6.819660186767578,21.094253676545858,10.405715490394787,22.296270569368527,-1.348196988248433,-1.3032236139709505,0.22730820413868513,0.0319481,0.348488,0.262304,0.392401,0.746451,0.360567,-0.398527,-0.0189993,0.210086,-0.271174,0.786107,0.165085,0.41167,-0.430478,58.119141328662835,-0.9681468337907946,-7.053440937930889,1.5698820751584677,-15.059671281429658,-34.07121725738761,44.64627747695426,63.07957552665793,0.0119102,0.0842378,-0.316899,0.42325,-0.251023,0.228399,0.840048
6.874364614486694,18.968589355561413,13.331363536922808,17.36970397377246,-0.6146911695389952,-1.145602251449101,0.08455500770064246,0.03173,0.348581,0.262209,0.393256,0.745487,0.360662,-0.399401,-0.0325878,0.206173,-0.269711,0.792589,0.133511,0.43474,-0.406176,57.2209050785093,-0.794605997758481,-12.298517397073306,0.11671532131347462,-14.011054216178678,-32.821511851234725,43.51726702159895,60.266851667539065,0.00492148,0.0821305,-0.315562,0.384037,-0.242131,0.234614,0.859561
6.927056550979614,16.853727932135214,9.74345159179246,14.13060751729954,-0.7131519429061414,-1.0977658255581892,0.30428526474180556,0.0319745,0.348575,0.262494,0.393445,0.744262,0.361897,-0.400382,-0.0310202,0.208864,-0.269882,0.789716,0.143118,0.432192,-0.411189,56.99945178930726,-0.8151093050779128,-10.827107307103311,0.21688451812170229,-14.338775025039695,-33.017781062515034,43.45799423405242,60.79881972376655,0.00474912,0.0842275,-0.316441,0.396139,-0.239238,0.234006,0.855033
6.982813358306885,14.39853496340447,3.091034770170313,14.468830216614508,-1.4094279909435086,-1.1597394026908316,0.564112998802245,0.0319915,0.348556,0.262498,0.393361,0.744334,0.361893,-0.400334,-0.00957774,0.217594,-0.271526,0.773881,0.200715,0.393273,-0.454046,57.980569762622046,-1.2943347687044913,-1.2557493152146666,1.1741564812761887,-15.478635753735404,-33.339765862701306,43.371729200404765,64.10719809323273,0.0130891,0.0904476,-0.319084,0.465575,-0.250992,0.222975,0.818856
7.03623628616333,17.361047714319987,1.496582977421417,21.67638788804068,-1.916099539190908,-1.3186099232953292,0.5303809428823554,0.0320711,0.348513,0.262486,0.393401,0.744908,0.361718,-0.399385,0.0087056,0.221411,-0.270372,0.755193,0.244333,0.360884,-0.489641,58.7640547689314,-2.398843667007184,6.391876192317284,3.380105342650989,-15.95797364096542,-31.62746450077703,43.37472093230705,67.52699671273072,0.0205413,0.0935998,-0.319327,0.518788,-0.258631,0.215382,0.785863
7.091665267944336,19.20036326825549,0.5776958704140641,25.997598706771594,-2.4470637639480564,-1.3795371699267385,0.5142919746604931,0.0321619,0.348441,0.262545,0.393063,0.745854,0.361651,-0.398009,0.0186054,0.22096,-0.269251,0.745009,0.265747,0.341736,-0.5075,59.40919280675702,-3.0536646616740324,10.307672707301105,5.265829202291481,-14.938572371168846,-30.78469093285758,43.93521530623728,69.05268041406025,0.0230837,0.092981,-0.318241,0.551172,-0.264981,0.21175,0.762336
7.1532814502716064,23.797415893150724,6.14381519037374,22.481640597050514,-1.878107023036072,-1.6796631087491396,0.48732325456787695,0.0321076,0.348427,0.2624,0.391411,0.746098,0.361878,-0.398974,-2.17346e-05,0.215266,-0.271068,0.759323,0.225104,0.369561,-0.485984,59.419883827881996,-2.9584021603399657,3.8980372143068855,4.049075821737645,-12.760894950596779,-31.453888737338424,44.72074527896413,66.69368249771513,0.013988,0.0868487,-0.317215,0.500354,-0.259576,0.224326,0.794949
7.207184314727783,19.924398780402704,9.330723533974933,18.688326525454702,-1.532643654001069,-1.2274368222870802,0.3597226176241981,0.0319247,0.348456,0.262142,0.392423,0.745036,0.361192,-0.400583,-0.0232548,0.209233,-0.271258,0.777971,0.169633,0.409764,-0.445061,58.35488318827789,-2.1311720295174155,-5.433996026999574,0.7940604929270592,-11.98025844969031,-31.77832293631173,43.877906776248814,62.26016079553397,0.00388887,0.0820018,-0.316487,0.436521,-0.244044,0.237573,0.832737
7.262042284011841,17.88220680112138,9.023290782902805,15.167544107702795,-0.954079933982104,-1.176045948898226,0.42564656996468353,0.0318532,0.348602,0.262113,0.392067,0.743268,0.363952,-0.401716,-0.0320818,0.210453,-0.270344,0.784264,0.151721,0.42852,-0.422233,57.32321860273944,-1.3638026228138642,-8.96953706124486,0.38106979097058513,-12.954622614507969,-32.004389409301375,43.216872631973885,60.80179500567356,0.000308611,0.0855098,-0.317251,0.406635,-0.241637,0.230779,0.850294
7.3176069259643555,15.037136391286088,6.428846799074474,17.240980950743182,-1.0495698729781702,-0.9504549023525832,0.48204378605576786,0.0320981,0.348545,0.26248,0.392753,0.743503,0.363453,-0.401061,-0.0254316,0.217857,-0.271054,0.777897,0.175933,0.421776,-0.431312,56.475822999010234,-1.3603113516072796,-6.043466435458971,1.1896949073071639,-13.462955256327959,-32.08314658013736,42.9935017420807,61.66288363699451,0.00397706,0.092897,-0.320215,0.4297,-0.240799,0.223078,0.841196
7.373137474060059,14.676694864403446,1.5846582253402302,23.44910761342647,-1.2438843711818484,-1.0190705552410546,0.6235150263001695,0.0319215,0.348573,0.262278,0.392799,0.7454,0.361664,-0.399107,-0.00270568,0.22895,-0.271535,0.761429,0.234284,0.389213,-0.462439,56.278512286323675,-1.3320761160706374,2.2863509584960067,4.325268110795687,-15.254360416640822,-32.75098312035269,43.37663870769418,65.1057225977239,0.0152524,0.10309,-0.324257,0.493595,-0.244025,0.205115,0.809162
7.428500175476074,17.262136141252892,-0.12598796872133655,25.832248233604986,-1.5509733444814156,-1.3764181374434983,0.7062599976377957,0.0321845,0.348479,0.262572,0.394132,0.744351,0.362109,-0.399348,0.0141407,0.233115,-0.269602,0.746725,0.269373,0.362485,-0.488308,56.75626342131535,-1.784131170470583,8.551250668307205,4.535123871312994,-17.94945046526017,-31.641446771488695,42.40408864525013,67.95941068423504,0.0228057,0.10725,-0.324266,0.539683,-0.24729,0.19687,0.780277
7.483529329299927,20.817222193176327,2.267562094518634,22.7287777251094,-1.853046809282581,-1.8749607841027696,0.7815159215538863,0.0320391,0.3485,0.2626,0.393011,0.74558,0.361129,-0.399048,0.012634,0.229296,-0.269765,0.747457,0.264252,0.361303,-0.490855,57.334598596558344,-2.1320996631101687,8.115624327277889,5.470811377165955,-16.6180430222943,-31.66921207378362,43.38303421567297,68.2669917672199,0.0217558,0.10261,-0.322531,0.534836,-0.248387,0.203587,0.781541
7.537676095962524,23.766612622986692,3.964903328879677,22.974232742608162,-1.8236155079989278,-1.9930409853133444,0.7844304430467853,0.0321854,0.348475,0.262527,0.393829,0.744708,0.36237,-0.398745,0.00255852,0.22473,-0.270727,0.755953,0.238444,0.375987,-0.47991,57.52621704737694,-2.449626089377757,4.578457762281637,3.768848485734285,-15.127182640125213,-30.90527516041201,42.99621237905203,66.57386815084718,0.0161439,0.0977282,-0.321353,0.508771,-0.247891,0.211496,0.796851
7.591640472412109,22.236256674533713,9.302819361357294,22.015651920717914,-1.5704725544835514,-1.5513184687980188,0.6108196160304185,0.03193,0.34846,0.262211,0.392032,0.745542,0.361036,-0.400165,-0.0218517,0.217692,-0.271566,0.775521,0.186437,0.412698,-0.439874,56.81845219548806,-1.4322289028698387,-4.536383493248081,2.301134110592006,-11.631850490999355,-32.04961726047531,43.53786959498922,61.20041917873669,0.00410978,0.0919677,-0.320328,0.441255,-0.240041,0.22508,0.834874
7.6454362869262695,18.539599696949097,9.139032748541398,18.717234148451876,-1.0972211733134074,-1.253951915850308,0.5519707814925249,0.0319509,0.348497,0.2622,0.391998,0.74517,0.361536,-0.400439,-0.030897,0.218738,-0.270845,0.77831,0.171343,0.430961,-0.423258,55.666982060218714,-1.3497698053566936,-7.705154519806136,2.1917876572236814,-11.150615587522495,-31.12235771186439,42.97524402216113,59.73133495101113,-0.000586046,0.0947956,-0.321358,0.420026,-0.234173,0.221289,0.848394
7.6993184089660645,16.00404480447359,5.255491393387441,20.54931883543667,-1.2689249437797947,-0.9865816322819657,0.5795536487652586,0.0321173,0.348522,0.262422,0.392812,0.744294,0.363119,-0.399837,-0.0220157,0.227785,-0.271585,0.770818,0.200741,0.419277,-0.435602,55.11155330660785,-1.2089452374620473,-3.612555301658908,1.9240217301324165,-11.88021270955835,-31.011771531491853,41.77602619774223,60.16836768469402,0.00378685,0.103323,-0.325022,0.452159,-0.229912,0.209786,0.835873
7.751471519470215,17.79403655491748,3.261242937551427,26.70596366777525,-1.3544957091307195,-1.1560612821961642,0.5380697711960473,0.0318405,0.348591,0.262109,0.392315,0.743636,0.363548,-0.401158,-0.00699941,0.236506,-0.271546,0.755603,0.23997,0.400494,-0.459438,54.77712871960793,-1.4143252190429987,2.35042413221543,4.176652844156905,-16.608127073862818,-31.897623334824125,42.447796597113424,65.51240391464204,0.0108299,0.112239,-0.327951,0.495648,-0.233595,0.195224,0.813421
7.8059632778167725,18.90433359731504,1.826605249153832,29.603642340009262,-1.7477001941833719,-1.4849741000130476,0.6043115223594634,0.0320637,0.348466,0.262524,0.392903,0.745746,0.361496,-0.39851,0.00867047,0.243228,-0.269758,0.744006,0.273306,0.380914,-0.476091,54.547040580455764,-1.5032077045657397,7.005937722093851,5.601867543967121,-17.931625142270036,-30.87870518820572,41.59149204150814,67.10174581804216,0.0193079,0.119703,-0.329018,0.534825,-0.234002,0.183821,0.790832
7.8577797412872314,21.93218804401349,3.8863502899629676,27.93332323794891,-1.897791088409511,-1.9345759849483228,0.6531662430527699,0.0320543,0.348481,0.2625,0.392844,0.746341,0.361149,-0.397769,0.00648958,0.243395,-0.269814,0.747221,0.269719,0.385618,-0.469266,54.23852164592532,-1.1949666973532622,5.916656140732023,6.15095889687608,-16.996274888587877,-31.22607266573072,41.70903504161041,66.14098984984042,0.0194127,0.120381,-0.329026,0.521934,-0.233691,0.184049,0.799437
7.911974668502808,25.07097868529902,7.610777889783784,25.629644464636275,-1.618695805233541,-2.1297617718620327,0.5935292304533027,0.0320822,0.348477,0.262517,0.392591,0.746266,0.361277,-0.398042,-0.0106174,0.241456,-0.270709,0.760668,0.235181,0.416599,-0.43877,53.00256770294617,-0.7429145092578722,-0.624574036230154,5.667793927278446,-15.81726313551124,-31.714320036808807,42.169701550764145,63.69507433196855,0.0115836,0.119239,-0.329604,0.476599,-0.224966,0.186578,0.829115
7.9671947956085205,21.025622465674278,10.297516871932643,24.66385375267207,-1.222181459072353,-1.5343853165585328,0.4113423924600704,0.0318259,0.348575,0.262384,0.392642,0.746212,0.361424,-0.39796,-0.0294063,0.238454,-0.270371,0.776257,0.194392,0.44945,-0.397028,51.46963252368273,0.1491615331669216,-8.473575888350489,4.58412456120886,-14.131921412632366,-31.601585168887603,41.81574972708899,59.33238661663073,0.00352301,0.119133,-0.329955,0.422861,-0.215112,0.193844,0.858685
8.019112825393677,20.37280153543278,12.068535614625029,22.274190149282532,-0.4126529641626408,-1.5238410211551665,0.2992583566655934,0.0318603,0.348577,0.262514,0.393196,0.745311,0.361487,-0.399043,-0.0361917,0.241043,-0.269209,0.778819,0.181141,0.465919,-0.378878,50.105048199640756,0.3971559363405257,-11.496045271858815,3.2301323694905477,-16.17536766288049,-31.083795331639486,40.51158614328123,59.009939151236644,0.000543303,0.124181,-0.330917,0.399251,-0.211202,0.187588,0.87224
8.07204818725586,18.925539446685715,11.162091571168792,26.66106971632582,-0.5897586576084717,-1.1834748947167755,0.35314693309684136,0.031815,0.348624,0.262591,0.393193,0.745276,0.361629,-0.398983,-0.0341183,0.246462,-0.269152,0.776651,0.192476,0.466464,-0.377064,49.212365663517105,0.7967382510815906,-10.69349397021659,3.9954727503586724,-17.093499632540272,-31.759935643723843,40.613622235842875,59.41855374739422,0.00209211,0.130572,-0.332779,0.405081,-0.211175,0.179465,0.871267
8.136850118637085,17.924393639043423,4.539921147971792,29.901950481244842,-0.9874299090627568,-1.1749403533285483,0.5260740872590911,0.0318976,0.348589,0.26248,0.393299,0.746352,0.360693,-0.397713,-0.0144069,0.256016,-0.269677,0.762221,0.240794,0.43761,-0.411746,49.73417651789449,0.6414305905956379,-3.0307588928566265,5.09631365079856,-18.98945667902578,-32.219451522730644,40.29773543133938,62.594918970206315,0.0122331,0.138328,-0.335289,0.46512,-0.214007,0.166005,0.842797
8.193010807037354,18.496391364422085,1.6437375481596028,30.8001111455284,-1.4589275307038116,-1.419569683801907,0.5847623535584769,0.0319739,0.348526,0.262677,0.394926,0.744864,0.360458,-0.3991,0.00338063,0.259362,-0.268407,0.748546,0.277809,0.410808,-0.440156,50.30459857430088,0.6573659509640919,3.5243120009891236,6.284594645704708,-22.49883958768659,-33.6808853709021,41.09160089956545,66.56935139928673,0.0209889,0.140479,-0.334301,0.508787,-0.225502,0.156722,0.815918
8.245336771011353,19.472557764259598,-0.0258216167147667,32.48098591640475,-1.8913552902338677,-1.4749240769971728,0.5635743000421697,0.0320305,0.34855,0.26264,0.394563,0.745679,0.360515,-0.397885,0.00976675,0.257878,-0.268164,0.746212,0.28668,0.398769,-0.449405,51.16245419321482,0.5629616609458967,5.444548055835874,7.078791366853267,-22.032825327896404,-33.70106520183017,41.36569305900126,67.0735403162366,0.0238499,0.137758,-0.33367,0.527047,-0.224199,0.158452,0.804269
8.298551321029663,25.250808196860543,3.4357930074340746,30.418978432147053,-1.6781731234716426,-2.0386343942826852,0.5221291559125779,0.0319867,0.348508,0.262621,0.393893,0.746016,0.360505,-0.397927,0.00365669,0.254488,-0.268912,0.748527,0.275106,0.404472,-0.447689,51.42435372192327,0.08268845748791964,4.007423936286937,6.973751118495326,-19.825665404203548,-32.70618665086152,41.385464218515395,66.0003205325877,0.0199247,0.1341,-0.332954,0.512264,-0.223999,0.165571,0.812401
8.354106903076172,23.51888854447658,9.076892078976284,28.336611170694095,-1.6276437263133032,-1.5285960004482828,0.2859395497822518,0.031901,0.348549,0.262517,0.393678,0.745905,0.360471,-0.398377,-0.0203484,0.246953,-0.270265,0.77019,0.220632,0.440925,-0.404616,50.54855910612823,0.7192314159904907,-5.380034272123781,4.981713091414253,-16.92169362665679,-32.86587262257819,41.39613384194512,61.06364144471741,0.0088468,0.127775,-0.332618,0.444317,-0.215544,0.175662,0.851626
8.40818190574646,23.455972510223713,13.197691656561425,28.155525478988267,-0.731972707212502,-1.3364191781883592,0.05579219406961476,0.0317648,0.348635,0.262377,0.3927,0.746983,0.360651,-0.397157,-0.0343443,0.244783,-0.269537,0.77787,0.18883,0.465795,-0.377223,49.56948216564329,0.5336561173058625,-11.173594662668519,4.18866418902574,-15.476962138485405,-30.873038415729802,40.57215008230787,58.5920488657041,0.00191136,0.12841,-0.332646,0.404623,-0.20997,0.180915,0.871472
8.462853193283081,20.881134336267074,15.13788992730616,28.60921588229099,-0.30399056731454976,-1.1290285278972945,0.0157997957025695,0.0317045,0.348673,0.262504,0.393432,0.746557,0.360493,-0.397377,-0.0404566,0.246095,-0.268692,0.777961,0.178149,0.478843,-0.365718,48.55181932580819,0.26291746125252935,-13.39085070528877,2.998902315448209,-15.95943677045831,-29.766739016761214,39.60664883836592,57.94675069134697,-0.000553828,0.131751,-0.333462,0.385792,-0.202494,0.177678,0.882378
8.517220735549927,19.09910582165589,10.522826044726543,28.390864917180938,-0.6772568317428834,-1.0100958507935873,0.32676863983751014,0.0318144,0.348648,0.262529,0.393039,0.746644,0.360728,-0.397391,-0.0332847,0.25121,-0.269281,0.773895,0.200035,0.468931,-0.375734,48.39935343933567,0.6950899193492317,-10.434505846127642,4.432089082383595,-16.656483598708164,-31.141512465236424,40.32120509817403,59.186420787006455,0.00316576,0.136119,-0.335024,0.410843,-0.20501,0.17045,0.871852
8.57167649269104,19.415612328542533,3.781886158132003,29.277445473515556,-1.0952445967572602,-1.2322331441786518,0.5391119824135158,0.0318687,0.348577,0.2626,0.393471,0.745595,0.36132,-0.398392,-0.0113843,0.259003,-0.269193,0.759089,0.251341,0.434903,-0.414091,49.33266775150257,0.947751332362385,-1.732920386640565,5.86580129575735,-20.103656730498642,-33.11914501504227,40.68790815391697,63.502089080739914,0.0138466,0.141764,-0.335845,0.473184,-0.213035,0.161484,0.839426
8.626532793045044,18.766618081282346,0.33530836220300225,26.92149002309351,-1.492354380526603,-1.4599776196158687,0.6280943160223666,0.031943,0.348625,0.262758,0.393427,0.744848,0.362452,-0.398806,0.00521018,0.260125,-0.268116,0.746866,0.282512,0.407814,-0.442793,50.606174185949264,0.6875478870128884,4.387830405097972,7.5061637036278235,-22.599586651866872,-34.009750362531825,41.71130354899387,67.34634129210946,0.0222788,0.140949,-0.334394,0.514626,-0.222271,0.155166,0.813437
8.68038272857666,18.867261954887955,-1.4706861196390077,26.847039170886966,-2.128853569773959,-1.5159910953100368,0.613136689769689,0.0321911,0.348619,0.26311,0.393281,0.747482,0.361237,-0.395106,0.014281,0.256694,-0.267643,0.743906,0.292574,0.389851,-0.457188,52.03203906091036,0.12985743704716768,6.818728314463026,8.220329908767788,-20.112438222452724,-32.72730985540857,41.494467685577135,67.00858159944146,0.0267233,0.136102,-0.332376,0.534523,-0.229366,0.160376,0.797469
8.733938455581665,23.01842188302939,1.1028421676666864,22.89240424481644,-2.078722240250853,-1.934134219625418,0.5255828130933226,0.0319816,0.348649,0.262723,0.394364,0.744657,0.362151,-0.398509,0.0111553,0.250567,-0.268505,0.744193,0.279978,0.388813,-0.465417,53.00794873739812,-0.6637232261159225,6.662549914980801,6.2604018753884745,-21.963498915595764,-32.09319894038976,41.67713398281144,68.67836805419395,0.0240186,0.128806,-0.330673,0.528241,-0.230646,0.171357,0.799
8.788987398147583,24.34554959159011,3.806486927750377,23.21862550544912,-1.953700510078111,-1.932811991121344,0.4441978877476463,0.0320088,0.34856,0.262678,0.394131,0.743698,0.362164,-0.400512,-0.00178835,0.246834,-0.269807,0.756537,0.252786,0.407869,-0.444291,52.60512715180383,-0.02092527193791316,1.9921723325531442,4.976363757024274,-21.320474044080427,-33.64222236951232,41.995461915254744,66.71989574798205,0.0169477,0.125093,-0.330258,0.496963,-0.230639,0.178115,0.817379
8.841073989868164,22.3672803986657,5.657757024037502,18.74560961277119,-1.57232106980959,-1.8045457872680029,0.4856852400932945,0.0319614,0.348536,0.262643,0.393776,0.744731,0.360763,-0.400207,-0.0156197,0.244454,-0.270312,0.769822,0.221439,0.43099,-0.415436,51.75338276584294,0.6078142789346277,-3.98722084258465,3.416359990289152,-19.845268697661652,-33.61562387546426,41.19718118836851,63.27435077030322,0.0111065,0.123971,-0.330605,0.457598,-0.222212,0.183386,0.841187
8.89500904083252,20.3047971819485,5.066702719516046,13.838228939412177,-0.8858200366237701,-1.829252546436447,0.6121393906193664,0.0320814,0.348726,0.263116,0.393813,0.746345,0.361941,-0.39608,-0.0254045,0.248509,-0.269069,0.774599,0.204493,0.454759,-0.389067,49.94976827001102,0.5183888586294181,-8.350294164660621,3.7132053207586324,-17.50739013263737,-31.12144701648372,39.88843073201067,60.23223611059413,0.00764862,0.131037,-0.332174,0.42718,-0.211191,0.178235,0.8609
8.951956272125244,20.10293539558926,3.380954009083169,12.17766358375978,-0.9672705696945993,-1.870060628176526,0.6380891233068765,0.0321623,0.348755,0.263269,0.393313,0.746747,0.361859,-0.395893,-0.021292,0.256794,-0.268323,0.766202,0.227265,0.452437,-0.39571,48.84898887104714,0.5607308642554454,-5.896100849937438,5.426938200765335,-17.631898192588267,-30.860914604500444,39.82113265338109,61.03696252020437,0.00966079,0.140658,-0.334347,0.440875,-0.209877,0.167056,0.856547
9.005894184112549,21.321579610047802,0.8537746362173662,16.825336732230518,-1.177025063197382,-1.9587067244746132,0.6815347139925665,0.0321236,0.348764,0.26332,0.393987,0.746096,0.362043,-0.396284,-0.00815155,0.26777,-0.267134,0.754852,0.264729,0.437204,-0.411059,48.11649553377881,1.1587290330641604,-0.8578559908047563,5.913432696677287,-20.59784536268664,-31.890961216386366,39.04921533965375,62.90978829450545,0.0162687,0.152117,-0.336675,0.481618,-0.208169,0.151224,0.837759
9.059703350067139,21.5123044104175,-1.1259424699780693,19.348946122924396,-1.406043572018714,-2.0612553692179447,0.7383948258648216,0.0321847,0.348745,0.263429,0.393237,0.746292,0.361926,-0.396765,0.000445084,0.272805,-0.265991,0.747062,0.285586,0.428089,-0.420807,47.86670339055369,1.4182077567078597,1.9989412543368594,7.491604425903997,-23.19718437629855,-33.04754224847321,39.8503791358703,65.4268639683527,0.0210956,0.157493,-0.337397,0.503747,-0.206775,0.141312,0.826749
9.114588022232056,25.95746246686315,0.40854800998285634,21.018218637765916,-1.535719874394261,-2.5230611723591485,0.7166902009084004,0.0321592,0.348737,0.263409,0.394106,0.746201,0.36207,-0.395941,0.00131096,0.273954,-0.265595,0.745337,0.289283,0.427831,-0.421602,47.588383452834826,1.3351808479422314,2.4413393573215245,7.658585095709039,-22.59011381834644,-32.44087274325194,39.43015568011921,65.05417185223389,0.0214222,0.158867,-0.337573,0.504774,-0.204776,0.13963,0.826906
9.171202182769775,27.393561055329798,2.08509389646366,20.178905474550614,-1.4524991633058866,-2.473387617335663,0.6300795177105011,0.0321429,0.348748,0.263288,0.393854,0.74711,0.361456,-0.395038,-0.0087979,0.27286,-0.266037,0.750446,0.271103,0.442784,-0.408994,47.041557406797864,0.9341929010222145,-0.8121452625262471,6.740305969227045,-20.04342675028424,-30.347607462380275,38.28287688819612,62.604406072009546,0.0150834,0.158683,-0.338133,0.484298,-0.200142,0.141245,0.83991
9.224555492401123,26.167396229441962,5.471793750270492,20.74636439224684,-0.9559390835328392,-1.9766976113330614,0.41756337398169396,0.031992,0.348837,0.263104,0.393512,0.745504,0.36371,-0.396342,-0.0249197,0.272085,-0.266008,0.758027,0.245237,0.468777,-0.381447,45.58515924583684,1.1416669366541967,-5.846810452936009,6.442787821093429,-18.755183444001275,-30.08154236732333,38.43296425392711,60.360535362972534,0.00603952,0.160126,-0.339296,0.439366,-0.189299,0.140827,0.86677
9.278486251831055,25.1827990124329,7.3957514896152245,20.94852776290647,-0.5761361979677698,-1.723818877171482,0.3358081121544836,0.0319351,0.348849,0.263112,0.394031,0.745226,0.363854,-0.396217,-0.0348854,0.272814,-0.265157,0.762082,0.228588,0.486226,-0.361335,44.30720100716287,1.1448997697241552,-9.393978087867545,5.2425523935577765,-17.774279516028628,-28.77746944596246,37.358911999380105,58.00396279674589,-0.000395462,0.16301,-0.339737,0.419057,-0.182483,0.14158,0.878092
9.337204694747925,23.724964642968196,7.020515355461585,24.3839249322917,-0.46119903227898873,-1.4335888251230446,0.37379846029685115,0.0318952,0.348874,0.26307,0.393471,0.74557,0.363643,-0.396321,-0.0357941,0.277285,-0.264635,0.75918,0.235636,0.489324,-0.358725,43.447944422805975,1.3095242950359314,-9.184271002336784,5.652456517888822,-17.40777685601489,-28.628359871409792,37.15680086346457,57.52470189367579,-0.00141584,0.168407,-0.341182,0.420086,-0.177385,0.13286,0.880006
9.391067504882812,21.297041595098328,3.834894041780104,27.02251178619358,-0.7377462969768517,-1.3094189384795303,0.5049815142309217,0.0319005,0.348834,0.263021,0.393807,0.745128,0.364415,-0.39611,-0.0270355,0.281826,-0.264585,0.752431,0.257407,0.477256,-0.37392,43.642379607910364,1.4480988883567552,-5.623631405017233,6.193443516154961,-18.576753344121585,-29.35197069621119,37.135775452141246,59.08219130080318,0.00306327,0.172486,-0.341904,0.449266,-0.182223,0.127659,0.86525
9.445153713226318,20.914334551483183,-1.1872047291754413,30.173082004489704,-1.341723496003929,-1.3243828326222633,0.551999866228632,0.031979,0.348775,0.26303,0.393445,0.745688,0.363685,-0.396086,-0.00424223,0.286254,-0.263763,0.736131,0.302615,0.444009,-0.411572,44.860680579546155,1.5336508560104019,2.3244148901650394,8.881301034024801,-21.755617087505115,-31.18415590340333,38.404583207158794,63.979068367483094,0.0155597,0.174976,-0.341464,0.509075,-0.190517,0.120937,0.830614
9.502301216125488,19.372095646734202,-3.69562578702276,30.944219455595814,-2.071619050343617,-1.2742901592250164,0.5490327395354484,0.0321513,0.348725,0.263209,0.39435,0.747092,0.361284,-0.394734,0.00948644,0.284832,-0.263252,0.729437,0.323221,0.42119,-0.431334,45.989101965763034,1.4932698191960139,6.312464394140456,9.418252628384142,-21.920985544713076,-31.5910645891149,38.53626724525726,65.04450018297113,0.0228778,0.172035,-0.340053,0.54215,-0.199716,0.123211,0.806849
9.558861494064331,18.416172386385863,-6.352680691479411,31.824677527463233,-2.616144009418142,-1.2358693185906153,0.5209859011883099,0.0321445,0.348608,0.263114,0.394657,0.74746,0.359939,-0.39496,0.0166241,0.281858,-0.263306,0.722397,0.332304,0.40762,-0.448957,46.93189129162228,0.7793323810344397,8.903382152825323,9.670482120109138,-22.623155032390855,-31.010975873227927,39.007619418500234,66.98491333603683,0.0267951,0.168162,-0.33909,0.556342,-0.203705,0.122618,0.796212
9.612422227859497,24.73791460992268,-0.6542097310741439,28.552248853460583,-2.034184645066177,-2.0421424101991517,0.4121472339172766,0.0320743,0.348696,0.263003,0.394958,0.745525,0.362317,-0.39614,0.00860391,0.280692,-0.264018,0.729564,0.316997,0.419727,-0.437125,46.660980142632944,0.9833462507882782,6.476603742173811,9.06274505263615,-22.73472692172534,-31.39966684853365,39.05997590077195,66.30988151727098,0.0223657,0.166946,-0.339189,0.534696,-0.201657,0.12731,0.810695
9.665343999862671,24.444759622180253,3.0609870070346,25.745109488922196,-1.517294156444278,-2.019094339963882,0.4093363745048436,0.0320425,0.348746,0.263021,0.39424,0.74556,0.363015,-0.396151,-0.00925942,0.279448,-0.265175,0.745057,0.283242,0.447523,-0.405448,45.62325962184465,1.3848272062115097,0.01695480185940923,7.504427287732053,-20.731153369183204,-31.032996981881034,38.32629432114204,62.778175469204264,0.013415,0.166869,-0.340227,0.491888,-0.192974,0.130492,0.838916
9.721882820129395,23.392482085824437,6.247751064315359,26.9879170206359,-0.9712163960295365,-1.6649055124291399,0.21647686733942334,0.0319036,0.348762,0.263017,0.393675,0.745518,0.363277,-0.396552,-0.0247812,0.279382,-0.264857,0.755587,0.253979,0.475062,-0.372691,44.00368849486266,1.7137963351369727,-6.063990720810083,6.751530271028148,-20.539057533061765,-30.662590971717655,38.1072507211771,60.56607711491124,0.00644908,0.169576,-0.341256,0.443903,-0.184477,0.127737,0.867526
9.775965213775635,23.60501443676923,10.619484020307615,26.77302833585224,-0.35344596582779064,-1.4864001391837123,0.08379357406584861,0.0319096,0.34877,0.263113,0.393735,0.747638,0.360244,-0.395264,-0.0346707,0.281131,-0.264215,0.761715,0.235086,0.49408,-0.347001,42.37509770596199,1.7870965283740325,-10.734313892028279,5.033210914444798,-19.486114761193633,-29.22401545901341,36.77851675713361,57.618075926531475,0.00249763,0.174091,-0.342287,0.41167,-0.175589,0.124047,0.885612
9.830170392990112,21.74480579576285,9.980085577223637,28.379793327927015,-0.3945039030372971,-1.2094199661587806,0.16151097010186885,0.0317867,0.348774,0.26313,0.393998,0.747259,0.360673,-0.395328,-0.0356498,0.282997,-0.264442,0.764568,0.232132,0.495276,-0.340958,42.23083751193192,2.1859999618875676,-11.429385873489064,2.759058926808759,-20.184484408810093,-29.537225960489643,35.60615853028929,56.499227743401235,0.00328938,0.176677,-0.342813,0.406338,-0.177579,0.119846,0.888252
9.88711166381836,19.834217749970374,3.5761354425057923,27.546155256289666,-1.01194257778003,-1.128424607693255,0.3751839664129963,0.0320345,0.348782,0.263352,0.39384,0.747789,0.36056,-0.394585,-0.0193327,0.289349,-0.263504,0.753033,0.270701,0.474461,-0.366808,42.54421177828758,2.4872588683416375,-5.460754088077723,6.203768383725265,-21.946342833243662,-31.191263324769345,37.00301795418351,59.94745672246561,0.0123397,0.181883,-0.342812,0.451994,-0.18401,0.114046,0.865353
9.943045616149902,21.854646808214675,-2.68080324258898,25.422408977961087,-1.6627840759544366,-1.5349355188137384,0.47745505871963395,0.0321014,0.348753,0.263525,0.394239,0.747752,0.360214,-0.394573,0.00295211,0.29271,-0.261613,0.735567,0.315855,0.441574,-0.405203,43.762626940244076,2.498307843095642,2.666138345664388,9.196176198433243,-24.32521775797366,-32.50499954033611,38.12087557297963,64.426721774357,0.0236745,0.183244,-0.341737,0.512672,-0.190714,0.106474,0.830337
9.999560594558716,18.413839612585168,-6.477581217012289,23.334901361029985,-2.386980815436864,-1.4259080120790477,0.5766997107746763,0.0322359,0.34874,0.263806,0.395165,0.748073,0.359976,-0.393253,0.0202221,0.288671,-0.261339,0.727611,0.336552,0.414162,-0.431028,45.65109372094197,2.1813916031427905,7.616185536081854,10.487278913916636,-26.442883563361974,-33.92582159898671,39.88247272522086,68.03476654473194,0.0323262,0.176474,-0.339709,0.557974,-0.199419,0.111467,0.797792
10.056477308273315,18.272929781846816,-6.324649613586241,23.820414157043096,-2.5453118905723158,-1.660254306176087,0.5840121121908769,0.032217,0.348687,0.263499,0.395916,0.747238,0.360346,-0.393746,0.0204203,0.282166,-0.262685,0.728221,0.332642,0.405866,-0.440812,46.92246249034545,1.655615382299187,8.483376128935443,9.79051628844406,-24.406782104586796,-33.1385252018407,39.61834498185735,67.31049067622807,0.0314418,0.168491,-0.338233,0.549881,-0.209122,0.121413,0.799473
10.111705780029297,22.10943481778445,-0.8411850851047873,22.920016664713355,-1.8571787653225889,-2.0466449364561,0.4802279364424157,0.0322398,0.348613,0.263399,0.394273,0.748214,0.359423,-0.394386,0.00998211,0.277987,-0.264281,0.731415,0.313356,0.416216,-0.440004,47.284751635904236,0.5960136371722475,6.071590286827167,9.00840177873713,-21.574022231570268,-30.477727669896844,38.88701703167725,65.9396237078669,0.0231411,0.163511,-0.337934,0.535639,-0.2076,0.131562,0.807889
10.167193174362183,24.29474745196669,4.355089112420296,23.827961918889255,-1.2885060494284744,-2.1901780318631543,0.5339618539779211,0.032041,0.348709,0.262971,0.394401,0.745072,0.363088,-0.396841,-0.0110734,0.27255,-0.266602,0.747428,0.271564,0.442906,-0.414051,47.11648837442126,0.6294558208260961,-0.10521073457626606,5.640992307191148,-19.685177143086307,-30.01235897997818,37.91003527164239,62.43725700405532,0.0107292,0.158064,-0.33864,0.487748,-0.198124,0.146691,0.837455
10.225419521331787,20.085743519299918,8.470967134566786,26.795820376730227,-0.8376279219350604,-1.5608416374686633,0.29486388079066467,0.0318306,0.34863,0.262682,0.393311,0.744883,0.361513,-0.399705,-0.0348301,0.264128,-0.267356,0.761394,0.224207,0.475813,-0.378963,46.09787361996984,0.6353550423072072,-8.256523450444995,4.65071100487943,-17.061622089344553,-29.776765292235588,38.67661855622492,59.059782138820395,-0.00240418,0.151445,-0.338116,0.426035,-0.192435,0.155383,0.870241
10.279479265213013,18.5559539999996,10.673651021207485,23.086758260903053,-0.3461106418669957,-1.4835876132746761,0.2914823034496958,0.0317666,0.348594,0.262671,0.393459,0.744737,0.362144,-0.399259,-0.0435679,0.260085,-0.266632,0.764867,0.205603,0.488231,-0.366519,45.801134730685945,0.23073199471392325,-11.147260505669612,4.641244484271976,-14.898185458379984,-28.218503058226993,38.526143300756175,57.3284822113241,-0.00782696,0.1481,-0.337335,0.400343,-0.186083,0.157844,0.88328
10.33395266532898,14.703841759900982,7.612572039278533,20.55353453244932,-0.7513317728994723,-1.2179028716173397,0.4736994320280857,0.0319533,0.348551,0.262685,0.393193,0.744572,0.361559,-0.400358,-0.0404652,0.257867,-0.267388,0.763277,0.208128,0.478656,-0.380763,47.01452993495811,-0.1200180211539319,-9.55485220131406,3.1838994068119746,-15.139248750440316,-28.026854472429328,37.94493045828206,57.838023669689484,-0.00771517,0.144,-0.336668,0.416768,-0.188641,0.164213,0.87393
10.390986680984497,13.74512401742815,3.4913907052896174,22.505775662005902,-1.4128767505094275,-1.1287101250306948,0.5162441522229176,0.0319901,0.348529,0.262615,0.392199,0.745219,0.362408,-0.39936,-0.0230159,0.258373,-0.26974,0.751643,0.245794,0.443175,-0.422154,49.23978551586437,-0.5800132750889002,-1.874599031041198,4.431173015419436,-13.732339725735784,-29.15188900871774,39.200851797772806,59.8521795600474,-0.000808662,0.140624,-0.336365,0.473614,-0.203527,0.16865,0.840133
10.44465708732605,17.348153148799646,-0.7373754344880273,26.7189813966477,-2.4438085924436646,-1.473684372519182,0.6654238396083243,0.032169,0.34835,0.262399,0.392294,0.745991,0.36115,-0.398965,0.0057237,0.255375,-0.268967,0.727279,0.295516,0.389317,-0.481838,52.13037117115693,-2.1241824748636766,8.965758812390426,6.295093582673662,-15.356926585637936,-27.654120126856306,39.41590578314372,65.3082387828001,0.0124076,0.134278,-0.333618,0.550594,-0.216879,0.170716,0.787824
10.497822999954224,19.228425986436413,-1.1599635901651377,23.84874508404222,-2.790916315807534,-1.681262176431139,0.8013116876647826,0.0322719,0.348308,0.262674,0.393631,0.744906,0.360261,-0.400478,0.0119226,0.243558,-0.268956,0.730341,0.29109,0.366836,-0.497293,54.70866806911861,-2.44614396259811,10.718537801284114,4.470483842610481,-15.436152921917383,-28.202947105685134,39.827505830176264,65.87519713073486,0.0157389,0.119805,-0.328007,0.560703,-0.232651,0.187577,0.772205
10.55208945274353,21.73922993161119,-0.16527462460606324,17.407579031243873,-2.306699924884862,-2.209691847932307,1.0175896028762377,0.032251,0.34844,0.262593,0.392705,0.744833,0.362418,-0.399574,0.00724938,0.234457,-0.269759,0.743208,0.266463,0.370662,-0.489131,56.272950751784514,-2.414617674856048,7.917304462243461,4.97237358865782,-14.920857434438233,-29.60313726892405,41.63842808698763,66.37522962811495,0.0146651,0.108892,-0.324557,0.540241,-0.238754,0.202592,0.781084
10.608598709106445,25.70746779961847,5.042721200699369,14.620113986340764,-1.680538091680436,-2.596216883124699,1.0987679367316798,0.0321905,0.348411,0.262663,0.393415,0.744082,0.361621,-0.400995,-0.00818154,0.225505,-0.270779,0.759779,0.222859,0.392617,-0.467891,56.71113213985243,-2.261117795355675,1.6257627003538069,2.206832876122263,-14.550798032625991,-30.292194274525393,41.8715481993668,64.5208408035671,0.00892226,0.0991286,-0.321513,0.486271,-0.23769,0.217915,0.812131
10.662600755691528,21.25604599529625,8.006123483209386,12.609247559924167,-1.3395544459753526,-2.270203454017529,1.066933834472941,0.0320764,0.348508,0.262547,0.39299,0.744266,0.363144,-0.399693,-0.0260982,0.216435,-0.270579,0.77823,0.171602,0.421571,-0.432653,56.820136716706884,-1.7543925997696697,-6.4043818843752,0.6672410805494202,-12.292413879805366,-30.614505394496312,42.16912162580218,60.80448743757845,0.00197241,0.0905864,-0.318858,0.430905,-0.232202,0.229457,0.84128
10.718605279922485,17.53021203955813,6.745021189774076,7.548208714955478,-0.7110637859133813,-1.9119614241076943,0.9555653186217059,0.0322095,0.34853,0.26271,0.392535,0.744743,0.362681,-0.399672,-0.0309631,0.21449,-0.269727,0.781161,0.157279,0.430326,-0.424112,56.750203129669465,-1.8246639985225004,-8.680462518172604,0.10074975460855384,-12.26040942558798,-29.938129517357204,41.75506369099444,60.1684325427793,0.000392803,0.0897287,-0.31778,0.41131,-0.234917,0.231596,0.849706
10.774458169937134,12.5652686522511,5.125831606731749,11.667112510033737,-1.2160394365790397,-1.2977797640273379,0.7258919728565635,0.0322249,0.348503,0.262795,0.392185,0.745488,0.361905,-0.399328,-0.0244699,0.215358,-0.270516,0.776448,0.173102,0.416089,-0.440493,57.47663019137233,-2.1765407603406413,-5.724076547211595,0.17501093841985238,-11.752325642812849,-29.91449846742365,41.922826827387546,60.93831718890277,0.00305089,0.0894677,-0.317834,0.43295,-0.241635,0.229918,0.837439
10.829080820083618,13.846016943946065,3.734047237241121,16.396392854161867,-1.5959216333714243,-1.1624490221202168,0.6166030068440479,0.0321175,0.348439,0.26246,0.392614,0.745121,0.361682,-0.399794,-0.00651499,0.217796,-0.271689,0.762669,0.218473,0.381722,-0.474229,58.33806549600784,-2.4666582763921,2.065178217956543,2.5747988488544102,-11.846104003091128,-31.520688796870736,43.6938304139013,64.15795079933861,0.0102008,0.089751,-0.318917,0.489395,-0.251885,0.22523,0.803939
10.885249853134155,14.673670199041569,1.80382612086331,23.917645969146935,-2.5637240473000817,-1.0160216099785875,0.5489782586953614,0.0322565,0.348259,0.262307,0.39373,0.745061,0.360977,-0.399444,0.017492,0.216664,-0.269328,0.738571,0.266276,0.333073,-0.522181,60.16292900658105,-4.1960330878289,11.778147688131021,3.645493439207762,-12.660846520461575,-28.28994312540734,42.80697063982849,68.16704422613844,0.0197962,0.08785,-0.316329,0.554752,-0.268122,0.220686,0.756081
10.942765474319458,17.150137646219438,2.083279838084199,25.166306092312364,-2.7188445950620515,-1.220724568691405,0.6901920796905798,0.0322566,0.34827,0.262337,0.393708,0.745103,0.360918,-0.399441,0.016563,0.211771,-0.269268,0.743284,0.255795,0.331301,-0.521859,61.102142686119564,-4.29288981181947,10.878017670180455,2.9940707318861683,-12.751259395043292,-28.655539783987358,43.301427479255494,68.42455747418617,0.0190256,0.0817592,-0.31379,0.554774,-0.270164,0.226747,0.753541
10.996685028076172,19.7384577686027,6.03570502873908,20.615273387785606,-2.0432587271452487,-1.5636256508344413,0.7748446382407183,0.0321892,0.348404,0.262241,0.392651,0.74595,0.361471,-0.398401,0.0049387,0.207615,-0.270685,0.758005,0.226631,0.351514,-0.500504,61.16282298839443,-3.6101662811048008,5.834620753813589,3.056063949720894,-10.758735079424511,-30.89997620751857,44.84006544099204,66.5208111593619,0.0143875,0.0773603,-0.313016,0.521773,-0.267306,0.237536,0.774517
11.05372667312622,19.319044884701665,9.30980530597132,17.816282645877354,-1.3339314679231233,-1.76443005720841,0.8977034722581623,0.0321064,0.348372,0.262351,0.391535,0.746951,0.360734,-0.398292,-0.00821201,0.206048,-0.271278,0.772728,0.193297,0.376341,-0.473175,60.7191857240473,-2.657431150502455,-0.21825562679868327,1.1901882386254812,-10.63072292390936,-31.764122829765547,44.399132322320916,63.48667552994182,0.0102844,0.0764302,-0.313221,0.475405,-0.258679,0.242646,0.805108
11.113004684448242,16.82766548612774,11.741426145110317,16.763865789426525,-1.0130568919921878,-1.73526383622625,0.9202265196326076,0.0321571,0.348364,0.26234,0.391851,0.746786,0.360721,-0.398301,-0.0210744,0.201845,-0.270694,0.783901,0.156453,0.403107,-0.445564,60.01101589416007,-2.2056034806211446,-6.439497303329691,0.2666654046073944,-11.296823194031958,-32.129149746557594,44.54503274577738,62.06588310283567,0.00666177,0.073962,-0.311835,0.428318,-0.255556,0.247177,0.830746
11.171365022659302,17.998701702392506,13.22214942383936,13.385668839918203,-0.7177262411063408,-1.8819296873145035,0.9929509104578564,0.0321223,0.348407,0.262384,0.392079,0.746343,0.360436,-0.399163,-0.0241502,0.199857,-0.270012,0.786097,0.146007,0.408134,-0.440636,60.05689737506324,-2.1610161578218987,-7.861401494401159,-0.5145892035519353,-12.022603634134398,-31.95204275815592,44.15990081461775,61.945889488669856,0.00668985,0.0724022,-0.31071,0.413292,-0.252941,0.252819,0.837433
11.225698947906494,12.92454115443026,10.169549764560829,12.854523465051487,-1.3053337806451173,-1.4139874422979057,0.8168645160123358,0.0321766,0.348419,0.26241,0.393469,0.745058,0.361758,-0.399,-0.0176723,0.199367,-0.270419,0.785311,0.157876,0.393255,-0.451345,60.88153369928634,-2.079973124502361,-5.209714309353212,-1.5396655484408548,-11.661350267005972,-32.17259628131735,43.64379830692232,61.68553904995709,0.00977673,0.0705741,-0.310126,0.432411,-0.258761,0.252095,0.826142
11.282434940338135,14.460512299019204,6.163909809311997,15.971840406558718,-2.064767800585718,-1.6266887051670513,0.965506652175809,0.0321521,0.348383,0.262371,0.391848,0.747023,0.360391,-0.398158,0.00115753,0.202411,-0.27051,0.77007,0.20372,0.357413,-0.487593,62.06281026562536,-2.899864604864118,2.504683734885946,1.5987788662452864,-11.911349784035124,-32.36915743414294,45.16153582900787,65.76449027924895,0.0172674,0.0722235,-0.310292,0.487979,-0.273417,0.241614,0.792933
11.336652040481567,23.32316865593934,5.100124385568992,21.484435940194786,-2.5915893867041717,-2.090523037741303,1.1986405774611408,0.0322878,0.348281,0.262447,0.394982,0.744738,0.360156,-0.399552,0.0206661,0.203884,-0.268211,0.748656,0.248851,0.320354,-0.524367,62.556213372963526,-4.159146539453081,10.94410443935806,2.511759459479311,-13.718252440900699,-30.01222786174521,44.42118030930618,69.51540311190242,0.0238718,0.0728149,-0.308898,0.549497,-0.280615,0.236995,0.750428
11.391318321228027,21.210204963366337,6.631759878089732,20.06970437478712,-2.5809345645915234,-1.916254765385193,1.089882876456403,0.0322156,0.348304,0.262451,0.393899,0.74564,0.35984,-0.399223,0.0166905,0.198743,-0.268367,0.753438,0.234163,0.319915,-0.524551,63.75603514681706,-4.472826213648741,9.516587827890866,0.9315953771787484,-12.193571705375334,-29.482457182233738,44.145706949395134,68.34114287046397,0.0207547,0.0671575,-0.306612,0.539284,-0.285063,0.243508,0.754066
11.447790145874023,23.399767849470912,8.677542754665266,19.357137083304035,-1.907352438562335,-2.012000050291121,1.115818979620721,0.0322632,0.348342,0.262316,0.39374,0.745758,0.360534,-0.398533,0.00446475,0.193746,-0.269452,0.764383,0.205012,0.337572,-0.509641,64.01020453555601,-4.341645797065782,5.118761358063736,-0.4082651383295399,-9.196328268121803,-29.962971278375058,44.40039921373411,65.52105245544931,0.0145851,0.0616575,-0.305002,0.509783,-0.278897,0.258381,0.771736
11.504090309143066,19.52744497122373,14.17941220842691,17.043094317914893,-1.1522031601915181,-1.5069508817757238,0.8513331005396596,0.0319468,0.348257,0.261861,0.393788,0.744072,0.360346,-0.401794,-0.0231036,0.183742,-0.268899,0.784032,0.135858,0.386341,-0.466452,63.24138104764701,-3.461910204789551,-5.821463902612945,-2.652306874196743,-9.409431955548143,-31.56809613751897,45.18167243660037,62.710249576470076,0.00156133,0.0528333,-0.301347,0.429346,-0.266769,0.280416,0.816005
11.562828302383423,12.337931198687667,8.994562553113065,10.921388622198446,-0.8366910369439156,-0.8524507974247495,0.537640421155412,0.0321152,0.348298,0.262079,0.392642,0.745002,0.360646,-0.400922,-0.0286615,0.181074,-0.267509,0.784678,0.122222,0.394582,-0.46222,63.454571498813756,-3.930161998909428,-7.756044469674008,-2.253191960941791,-7.739213228843894,-30.328785403672647,45.24989925938065,61.900642299585265,-0.000932628,0.0500429,-0.299369,0.418131,-0.262507,0.287816,0.820621
11.615525245666504,9.435871847641813,4.571309019319939,8.864460225888822,-1.2883889877995942,-0.5785598786536712,0.4534082476175924,0.0324465,0.348348,0.262383,0.392083,0.744851,0.362019,-0.400513,-0.0126557,0.183201,-0.268531,0.776317,0.161739,0.357257,-0.493498,65.08340872095617,-4.2783176097788695,-0.48165479995127924,-2.1675334831877073,-6.189721936402478,-30.446984155785806,45.24572430842573,62.7390401670371,0.00450439,0.0504386,-0.299047,0.466338,-0.282044,0.28056,0.790105
11.671077013015747,8.608221292845894,3.33136221698283,15.491635917392774,-2.1640762557061772,-0.32070258481333197,0.21378562166889442,0.0320866,0.348341,0.261861,0.393715,0.742061,0.363931,-0.402354,0.0137203,0.182905,-0.267319,0.751424,0.220224,0.302032,-0.543728,66.7088812173226,-6.037697043838319,10.978684854023498,-0.3256741083074246,-9.00067221742821,-28.859272912820963,45.91676973447805,69.4335118243895,0.0144517,0.049273,-0.297903,0.544406,-0.303161,0.268302,0.734663
11.729977369308472,6.786055659153368,-1.953845734523346,21.55717592336616,-3.2280426932129296,0.24937312558199493,0.29556969399377925,0.0328398,0.347991,0.262232,0.39253,0.746189,0.359235,-0.400091,0.0248906,0.175564,-0.264376,0.746972,0.22914,0.269593,-0.562893,69.25847313651529,-6.82265062300395,13.822489501940819,-2.188467742749012,-7.284284839290862,-26.682497128780916,44.704880884397284,68.36331088469574,0.0187277,0.0409978,-0.292258,0.568107,-0.311173,0.272354,0.711512
11.785379409790039,3.9939594921534107,-0.6025131659234303,14.73388862793277,-2.4298096768494086,0.17528212103135207,0.33735668601485047,0.0324681,0.347997,0.261879,0.393669,0.745235,0.359946,-0.400112,0.0201135,0.168787,-0.263998,0.753869,0.209997,0.271118,-0.560427,70.39727239470157,-7.013009921110962,11.976328666312149,-4.12236575887847,-6.237120792433672,-26.452946505635204,44.535687936917455,67.44323846310684,0.0159561,0.0337247,-0.288475,0.553381,-0.315785,0.285466,0.715932
11.840282440185547,4.708175935317644,-2.9743557117742947,13.561080584084422,-2.259095015750237,0.1413494001369028,0.6161502942693778,0.0328916,0.348011,0.262282,0.392506,0.745429,0.359185,-0.401573,0.0198766,0.168063,-0.263398,0.753452,0.20838,0.267566,-0.56329,70.91086454798769,-7.037791739883594,12.131831047503262,-5.444386650593472,-6.6915479503979824,-25.9948525233982,43.94417050984317,67.09643826295833,0.0136976,0.0328844,-0.287157,0.55496,-0.318799,0.287645,0.712494
11.897607326507568,1.5944785371941306,-4.101379050442263,15.500088938462147,-2.2645170579666676,0.44831929414511745,0.5278726030856884,0.0326764,0.347958,0.262101,0.392726,0.744685,0.360356,-0.401689,0.0181018,0.165314,-0.263345,0.752441,0.204122,0.264619,-0.567577,71.51427952246472,-7.601046061211975,12.280445142714889,-6.572213753633328,-5.570024761937276,-24.922972310378235,43.636814318785326,66.7207467825949,0.011104,0.0300507,-0.285852,0.557767,-0.317254,0.293979,0.708394
11.954815149307251,0.6059769470637028,-4.811732375378124,14.937894996657507,-2.2271929092535867,0.42846428337375914,0.5578083610099406,0.0328801,0.347951,0.262084,0.391151,0.745876,0.35936,-0.401908,0.0175694,0.161861,-0.262623,0.75272,0.19995,0.260511,-0.570584,72.33413267326061,-7.773780531408143,12.091050429394997,-6.434881629540509,-4.782137734922117,-25.296075211971775,44.38001665320688,66.94903807669323,0.009877,0.0260968,-0.283359,0.557764,-0.319133,0.29855,0.705635
12.009287595748901,1.389592402559553,-5.518848552817574,12.69167649547297,-2.5510693737229806,0.27487598479146597,0.47842713388608293,0.0328949,0.347967,0.262154,0.391958,0.745516,0.359579,-0.401595,0.0173642,0.159833,-0.262049,0.751924,0.200484,0.259326,-0.571985,72.33557059867944,-7.9703914912469065,12.323628414776298,-5.4802164684069155,-3.389257945093952,-25.58004644366985,45.06022166705919,67.0240795641815,0.00968972,0.0236879,-0.281427,0.554837,-0.319632,0.3014,0.706505
12.062687158584595,-0.9153353445552923,-5.62739042377173,12.069923510049684,-2.8175253539783616,0.23347755787137853,0.3112785148245305,0.032916,0.347935,0.262146,0.391006,0.745839,0.359279,-0.402192,0.0180174,0.159531,-0.261518,0.75358,0.197315,0.255879,-0.572459,72.97670721862481,-7.833098302689757,12.201361603052195,-6.973035690943885,-4.644951949856178,-24.868617311747407,44.03400948339963,66.5483973170681,0.0102338,0.0238271,-0.281084,0.558651,-0.320493,0.300146,0.703637
12.119450807571411,-2.987637470848792,-5.671077655180692,10.005805685870103,-2.550274504519785,-0.29898379873954284,0.13445507041610152,0.0329109,0.348007,0.262207,0.391437,0.745767,0.359704,-0.401525,0.017253,0.163032,-0.262212,0.752912,0.200026,0.265183,-0.568147,71.87069695724334,-7.721081731693274,11.741505776682537,-4.985692452582057,-5.153353552047804,-25.284120923362515,44.58537310496395,67.43451034341581,0.0112567,0.0274995,-0.283373,0.549452,-0.320814,0.296778,0.712112
12.177703857421875,0.07306632533428158,-4.206990989664723,5.690176119596472,-1.8564827985768946,-1.1944963564846602,-0.005473941419619968,0.0326459,0.348136,0.262321,0.392443,0.744844,0.360991,-0.4011,0.00730092,0.167083,-0.264365,0.755937,0.186743,0.295952,-0.553263,69.75895499737166,-7.642264978195028,8.256187769717432,-2.6109283202239126,-5.546084108466275,-26.474294656821037,46.19282430999791,68.85973636245079,0.0082567,0.0318229,-0.286702,0.523872,-0.306674,0.299136,0.736225
12.23317265510559,2.537876869675026,-1.818778970931129,9.496656285268841,-1.6176928349800348,-1.1427359648256687,-0.11567352976486861,0.0325663,0.348098,0.262068,0.392852,0.744967,0.35988,-0.40147,-0.0157798,0.168656,-0.265999,0.774676,0.137634,0.344876,-0.511854,68.0349597814489,-6.086131195602074,-1.0752512701656567,-6.113501697129859,-4.528074592565325,-27.300922587272247,44.157895223972204,62.7897969755715,-0.000873291,0.0342147,-0.289615,0.462772,-0.285999,0.307133,0.780843
12.288916110992432,2.9441753543280536,-1.553198252658343,8.324375342912365,-1.1744744809466903,-0.8998407800576994,-0.23339453532090854,0.0323553,0.348099,0.261846,0.393316,0.743785,0.360929,-0.402265,-0.0282604,0.169393,-0.265288,0.781716,0.114336,0.374291,-0.485544,66.3631480933572,-5.267690944007513,-5.907641116254256,-5.120699762423474,-4.376571279220386,-27.906134015113047,44.244928103978786,60.868198941079335,-0.00567245,0.0361516,-0.290741,0.426626,-0.273245,0.30598,0.806042
12.343498468399048,5.03864993743473,-4.350147243089889,3.6324734242009833,-0.6817898026704811,-1.0421259827829668,-0.02138928573262688,0.0325984,0.348207,0.262339,0.391701,0.744791,0.361105,-0.40182,-0.0349315,0.17498,-0.26477,0.782451,0.107336,0.395152,-0.469153,64.70452703220491,-4.980099771134024,-8.611908407033354,-3.515247486825924,-4.854053584419525,-27.440659724198646,44.061069986815546,60.27837726943017,-0.00805937,0.0432381,-0.293615,0.407726,-0.263283,0.30006,0.821222
12.39902400970459,1.9930743758454352,-5.376573434261303,3.964978356075089,-0.618819667987794,-0.6232355051467771,-0.018790098040959626,0.0325509,0.348262,0.262374,0.391377,0.744867,0.361383,-0.401746,-0.0340996,0.178466,-0.265586,0.780859,0.113998,0.396101,-0.469433,64.20768941852575,-4.9521098570762865,-8.05221572847864,-3.2105614909930225,-5.341236094735031,-27.43439377960369,43.92135629537971,60.6305254818698,-0.00787177,0.0466958,-0.295916,0.414056,-0.261232,0.293099,0.821224
12.454811573028564,2.437310177808777,-8.602870319391736,4.179053529482297,-0.9921812661649405,-0.8438876220062718,-0.0790870495443888,0.032576,0.348244,0.262461,0.391572,0.744898,0.36125,-0.401617,-0.0202945,0.183247,-0.267453,0.774803,0.149292,0.368763,-0.491331,64.78471998413296,-4.886941902765554,-2.3306132767189105,-3.17292024937921,-5.741072111316505,-27.859706662707474,43.50540256127422,61.67216282812183,-0.00306656,0.0504883,-0.298173,0.457724,-0.274593,0.28606,0.795774
12.511197328567505,11.69403870025261,-7.778834875860983,9.692590492417805,-2.142972853927638,-1.5626371217844957,-0.296023277758014,0.0326176,0.348221,0.262354,0.391845,0.744913,0.360943,-0.4016,-0.0151387,0.183629,-0.267785,0.769988,0.162606,0.357717,-0.502709,65.059782831179,-5.260799651586277,0.04769674084924169,-2.6176835651302497,-5.548036894148488,-27.671129052745762,43.770630644350575,62.710334009410744,-0.00140564,0.0504758,-0.298431,0.472205,-0.275187,0.284258,0.787713
12.56767463684082,11.019412296812673,-10.368154561592355,8.402258450761048,-2.142433301504126,-1.5947126556866145,-0.1763814489491768,0.0323335,0.348173,0.262076,0.393128,0.74422,0.360508,-0.402021,-0.0259213,0.184362,-0.267897,0.778297,0.14042,0.381221,-0.478756,63.7535300540594,-4.413365282216129,-4.438817085430654,-4.053422308920467,-5.4007406524780635,-27.78873952222788,42.69049207071088,59.729005724672994,-0.00495281,0.0523602,-0.299974,0.441818,-0.266401,0.282267,0.808797
12.623353719711304,7.649471634264178,-10.681109207186118,-2.4141944513109843,-0.653275754242651,-1.69700737121072,0.14727813393272857,0.0326386,0.34835,0.262581,0.391342,0.744867,0.360274,-0.402775,-0.0415991,0.190811,-0.26619,0.785626,0.10926,0.425142,-0.436014,60.83690525469356,-3.353919939965579,-11.96311651310792,-3.789703488002054,-8.472169977240817,-27.61481639621342,41.53920721921193,58.45624735745705,-0.00831174,0.0626001,-0.304321,0.385242,-0.241234,0.272316,0.84808
12.681626081466675,6.661054216207429,-10.6422264806105,-5.1188084731353065,0.01534083260303724,-1.6458691324906185,0.19168940770676887,0.0326034,0.34847,0.263075,0.390394,0.746706,0.360139,-0.400404,-0.046677,0.201971,-0.266301,0.784818,0.112728,0.44712,-0.414049,58.01132453159554,-2.966229909038919,-14.2915756181922,-2.0373722966742527,-8.526711858471188,-26.743710311669837,40.90350247075865,57.18983654436301,-0.00986335,0.0766722,-0.310395,0.371759,-0.225928,0.258232,0.862594
12.736302852630615,9.678204085004749,-7.213513663655472,1.8512353750544919,0.003851376376595501,-1.5328849362666777,0.028755533059239387,0.0326368,0.34848,0.263031,0.391341,0.746874,0.359398,-0.39983,-0.0474099,0.215258,-0.267193,0.782222,0.132723,0.456778,-0.402327,55.203776519318886,-2.203047609408312,-13.859332096695137,-1.3873391025385011,-8.10600278712596,-25.9297887741807,39.14537019831456,54.954298556215086,-0.011607,0.0923445,-0.317454,0.378508,-0.218814,0.234222,0.868327
12.789553880691528,9.230878789405693,-4.447015674255767,5.028605145749621,0.02979929174134201,-1.478954424722298,-0.20154349201012206,0.0322672,0.348547,0.262653,0.390327,0.745285,0.361665,-0.401739,-0.050623,0.221796,-0.26748,0.779404,0.139653,0.466912,-0.393725,53.65767258368107,-1.8182572763466327,-14.004928470813024,0.03648868398741101,-9.873571420751958,-26.79113410312106,39.64220958434581,56.11564544154168,-0.0136018,0.100583,-0.32146,0.375114,-0.211805,0.221117,0.874949
12.841747999191284,13.051695055602117,-1.9909700557924424,2.9622244527734747,0.2572320230178304,-1.6462471156362584,-0.19792456009937986,0.0322995,0.348577,0.262764,0.390661,0.745371,0.361518,-0.401388,-0.0536093,0.222994,-0.266695,0.78167,0.135032,0.47326,-0.383124,52.9728351895369,-1.4561696560380675,-15.408605313360606,-0.25961371427257873,-9.160478337400185,-26.204532598639126,38.83874107500229,54.34082399551995,-0.0154577,0.102764,-0.321768,0.36658,-0.206962,0.219402,0.880141
12.89797830581665,13.231922771048376,-2.161991722293363,3.9368896776296967,0.3213195543850356,-1.4945844235842172,-0.2672730112675315,0.0322388,0.348572,0.262678,0.390613,0.745072,0.362021,-0.401534,-0.0572883,0.222377,-0.266039,0.778276,0.13072,0.479028,-0.384358,52.81535126835778,-2.1991688728130523,-15.853286039700796,-0.1345812417108867,-8.525358884504826,-24.93246700205632,38.75777304588753,54.70552809887304,-0.0180545,0.102457,-0.321903,0.359645,-0.19842,0.224771,0.883608
12.954530239105225,14.136403505162134,-0.5974322567593047,7.552799410802817,-0.0917583420288602,-1.0075120221607106,-0.1725757353151277,0.0322766,0.348532,0.262612,0.390188,0.745157,0.361762,-0.402023,-0.0584064,0.217905,-0.265718,0.778913,0.126001,0.47648,-0.387795,53.525544834324165,-2.35768456168267,-15.942887705898862,0.45841358303779955,-7.1338320874458745,-25.03263802298887,39.646480467482604,54.26964949574005,-0.020461,0.09722,-0.319411,0.360353,-0.206667,0.22697,0.880863
13.01042628288269,12.678434356336725,-2.8688567148331687,5.575224860846526,-0.2813291443969274,-0.6915601985052143,0.09676198731720118,0.0324183,0.348462,0.262565,0.389572,0.745484,0.361374,-0.402364,-0.0521533,0.215244,-0.267107,0.776171,0.13666,0.458536,-0.410643,55.269819008311494,-2.8339172017703627,-12.793309147632213,-0.10188353239329473,-6.416221487866984,-25.344189336118312,40.010638625758745,55.23186907516283,-0.0185764,0.0915438,-0.317988,0.387715,-0.211423,0.238895,0.864816
13.067943811416626,12.912628539162903,-4.129155141059177,10.184066679434128,-1.1392717872457823,-0.7253104320274162,0.07081291909738584,0.0325282,0.348313,0.262436,0.391413,0.744893,0.361123,-0.401896,-0.034623,0.212781,-0.270164,0.767895,0.172027,0.417537,-0.454321,57.71487038756188,-3.554404609213639,-4.978165127278952,-0.9406961737286039,-4.9523060441144935,-26.28536644313227,40.69435704914216,57.03039520930628,-0.0118303,0.085,-0.316552,0.443452,-0.230975,0.244293,0.830856
13.123425483703613,18.003574207794763,-0.8110172851702014,18.63800135335283,-2.2078355563684866,-1.3306315714460608,-0.34219284019961266,0.0324016,0.348228,0.26197,0.392264,0.744848,0.360467,-0.40174,-0.0173217,0.209055,-0.271658,0.755487,0.202787,0.377864,-0.495314,60.04955796832369,-4.8171863289944366,2.1714887465131376,-1.4151996411302399,-5.20636549877927,-25.928812996162144,41.029643404611654,60.38997457046055,-0.00464423,0.0789677,-0.314902,0.494668,-0.24865,0.247067,0.795257
13.180652856826782,17.997368178342512,0.9856797444648357,20.11826278744106,-2.6366288475891544,-1.2822495680876052,-0.27079295693896455,0.0322853,0.34818,0.261839,0.392999,0.743947,0.36052,-0.40264,-0.0204049,0.204309,-0.271301,0.765371,0.187542,0.383352,-0.481744,60.29727094852135,-3.82808599629345,-0.19744387796981222,-1.5708921982332882,-5.903048945961011,-28.123688788020992,42.03385702051922,59.78723993850395,-0.00468393,0.074013,-0.312562,0.477395,-0.253436,0.252791,0.802472
13.236181497573853,12.836349649248803,0.7108501710989377,11.040064413148993,-1.3259843024440359,-1.0869099019315236,0.08546880735770332,0.0324728,0.348217,0.26199,0.392559,0.745153,0.36006,-0.40125,-0.0339651,0.202522,-0.270038,0.778244,0.14922,0.414105,-0.44787,59.33290100469386,-3.145517842483457,-7.3003944955678275,-2.650893251197971,-6.20454970389666,-27.729735631352973,41.27178379241623,57.18797170457069,-0.00750164,0.074268,-0.312193,0.426887,-0.242684,0.252341,0.833784
13.290930986404419,8.398392155415884,0.8895015044223072,5.978948957708157,-0.5277236802813395,-0.7229730322871539,0.05451211777916104,0.0324811,0.348336,0.26236,0.391257,0.745396,0.360338,-0.40182,-0.0415433,0.202825,-0.268429,0.782076,0.131258,0.432851,-0.428683,58.40504389734666,-2.806239267971189,-10.962150373754017,-1.9502163299206003,-7.669971738110348,-27.850960688535018,41.42020407252035,57.27342016073098,-0.00846594,0.0761974,-0.312139,0.396484,-0.232988,0.254039,0.850871
13.346560955047607,7.002589485539537,-0.6387121796067415,4.928271705287072,-0.6803629352474916,-0.6913620290133684,0.15540328608197546,0.0325867,0.34833,0.262516,0.391802,0.745048,0.360183,-0.402073,-0.033355,0.203229,-0.269393,0.781418,0.146196,0.416879,-0.440709,59.155849761547294,-2.507869413192365,-8.13879137018752,-2.284454109184164,-8.527105321676373,-29.086414348100696,41.633088835568536,58.1612462846648,-0.00385416,0.0753811,-0.311722,0.41567,-0.243275,0.252056,0.839347
13.403685569763184,9.119559771139276,0.1857901689080366,9.067233221791263,-1.5263122364111237,-1.015915239801348,-0.019599187127055256,0.0325303,0.348274,0.262302,0.392163,0.745623,0.359416,-0.40134,-0.0168125,0.199892,-0.270324,0.775129,0.176246,0.378124,-0.474484,61.545199866924136,-2.9494731500079325,-1.6504533661307494,-2.245911460354616,-7.531771427107998,-29.658518522857626,42.287082082536536,59.66865770821373,0.00261409,0.0693448,-0.309136,0.465345,-0.2622,0.257677,0.805176
13.458424806594849,16.994295600596537,2.290902540993792,17.175251942175795,-2.7099447807823127,-1.439619163098701,-0.24457816636565075,0.032382,0.348149,0.26198,0.393793,0.744387,0.359578,-0.401894,-0.00868771,0.193308,-0.270081,0.766741,0.188281,0.354197,-0.501201,63.30137593248422,-4.296656601917209,2.389997390374317,-2.7588402827515246,-7.021997596626385,-28.72599796163332,42.77609210696947,62.05622950335163,0.00438829,0.0612581,-0.305503,0.489514,-0.274138,0.262855,0.784941
13.513508081436157,18.05936170604243,2.5582961630229057,16.217167832966112,-3.0270311578883535,-1.268650101012939,-0.3312354292143575,0.0323784,0.348142,0.26187,0.393038,0.745112,0.359719,-0.401162,-0.012926,0.187853,-0.269518,0.770785,0.173426,0.355651,-0.499326,64.28175091372093,-4.53570185357356,0.810445272202843,-3.4041754496325254,-4.91130561956458,-28.296087643492093,43.00688692676046,60.740290786177546,0.000888727,0.0551568,-0.302537,0.478943,-0.274737,0.270436,0.788668
13.569465398788452,15.700051176949051,2.1163965878357285,10.954874918057142,-2.30786298422218,-1.2380575790377564,-0.05095461836497953,0.0324948,0.348165,0.261906,0.393092,0.74498,0.3597,-0.401371,-0.0228294,0.18915,-0.269479,0.77501,0.1571,0.376763,-0.48242,63.07359116421954,-4.234912637466323,-2.6763633636215367,-3.4138144994268025,-3.9773214669789354,-28.057238575931912,42.81713668547625,58.86232900726356,-0.00347355,0.0577131,-0.303688,0.454669,-0.265544,0.27263,0.805255
13.625129222869873,10.282678341841894,2.6574106113769194,10.64824570906198,-1.5568104595895247,-1.0560206188974397,-0.009220228819609697,0.0325503,0.348208,0.26207,0.39249,0.74543,0.359528,-0.40128,-0.0292418,0.19738,-0.269848,0.778752,0.150755,0.401614,-0.457738,60.64848290724081,-3.266693514313328,-6.018978802360265,-2.33830116712128,-6.193844874908756,-28.70280154020808,42.427128629832076,58.35287440926542,-0.00404389,0.0677333,-0.309043,0.435953,-0.249543,0.261204,0.824285
13.679398775100708,10.013185798972737,1.3959245294465528,10.322658711065678,-1.343954997601601,-1.0635776733425464,0.09518025992374558,0.0324426,0.348287,0.262145,0.391685,0.746094,0.359804,-0.400584,-0.0275106,0.207798,-0.270779,0.778829,0.164796,0.409205,-0.445891,58.76817468229083,-2.249450467322551,-5.982657726628449,-0.8805851650748906,-8.023153832998489,-29.651128231470615,42.10238682535684,58.24166167767325,-0.000684473,0.0800869,-0.314811,0.433285,-0.245591,0.242392,0.832584
13.733430862426758,9.43533708372383,-0.812702507591818,12.149868209756837,-1.4397916851718744,-1.0204432469385993,0.1239325516410205,0.0325103,0.348313,0.26249,0.392836,0.74549,0.359123,-0.401191,-0.0187388,0.221104,-0.271158,0.774853,0.19336,0.407502,-0.442897,56.711911323657816,-1.0956558192141994,-3.624681673814381,-0.2520309935725926,-12.671684367564637,-31.08281253529706,40.94718439940887,59.911541238544665,0.00657263,0.0951651,-0.320562,0.449226,-0.24233,0.22023,0.831247
13.788244485855103,10.438239190097578,-3.1380580860645084,11.322302367133467,-1.5438674876862337,-1.0580010923497254,0.18131662350848815,0.0325003,0.34839,0.262794,0.392799,0.746935,0.358319,-0.399255,-0.00807745,0.233443,-0.270758,0.766142,0.22535,0.401953,-0.447971,55.15381871244216,-0.7492502402703618,-0.4626717284969626,1.963268693708855,-15.405251599250008,-31.34598461927586,40.619134014026045,62.10286818969609,0.0134947,0.108895,-0.3249,0.476179,-0.240981,0.199359,0.82185
13.840596914291382,13.04061551327756,-4.641893767559113,13.301129852311817,-1.7451106982098465,-1.2135862668348665,0.3484635583224741,0.032552,0.348479,0.263141,0.391732,0.749603,0.3584,-0.395209,0.00229955,0.243912,-0.269658,0.754033,0.255237,0.395549,-0.458071,54.09763465784468,-1.2041829411611777,2.8888967479634022,5.07829154284947,-16.085133524033097,-29.948277937701654,40.55609753569376,64.2796464453381,0.0199713,0.12067,-0.328092,0.503343,-0.238314,0.182104,0.810364
13.898980379104614,13.600901962881453,-4.481790976686944,13.585974215115192,-1.9258356973598598,-1.2316013629729352,0.38737243715553643,0.0325376,0.348508,0.263397,0.393771,0.749239,0.357482,-0.394705,0.0123247,0.255918,-0.26768,0.743619,0.285736,0.390792,-0.461159,52.2166958659542,-0.6024447901453991,6.019965942220079,5.582628209328565,-19.22986349182203,-30.00513912088082,39.30656311945296,65.4946435617686,0.0257055,0.135143,-0.331662,0.530773,-0.231412,0.163106,0.798827
13.954917192459106,14.323623519727807,-5.7206592767821,16.408614562773646,-2.072067270292807,-1.3580159828116771,0.47226123620667,0.0325497,0.348496,0.263637,0.393902,0.750277,0.356548,-0.393446,0.0166044,0.268069,-0.265605,0.73352,0.310927,0.39552,-0.456986,49.80694185755698,-0.005426042356762473,7.601769400095687,7.908511624703337,-19.84530405040151,-30.200377535633173,39.06143350450269,65.76151168861058,0.0280208,0.150251,-0.334849,0.544282,-0.223326,0.143304,0.795831
14.01294231414795,19.259312740696416,-3.145617241686667,18.65600547852761,-1.7212379995979954,-2.040805343973758,0.6510693514792524,0.0326086,0.348553,0.263647,0.391842,0.751463,0.360455,-0.38966,0.0126042,0.277827,-0.2642,0.731312,0.31686,0.410561,-0.442971,48.09927369521233,0.22739342173617771,6.653041483682962,10.389359500995305,-17.598374812283197,-28.600586942611308,38.338442266202385,64.17074691825758,0.0258624,0.162822,-0.337547,0.536813,-0.210145,0.128832,0.806891
14.069243431091309,23.885807871035396,0.2559710413961484,20.276554778708086,-0.9703882640130455,-2.6580856019446655,0.8566259431810503,0.0325351,0.34851,0.26368,0.392794,0.750692,0.356778,-0.393553,-0.000790215,0.287512,-0.262878,0.738203,0.302666,0.442175,-0.409794,44.71213058916762,1.4669915885742473,1.3230191987600861,8.121706824163212,-21.42816165008152,-29.75342719545224,37.06916572213639,62.896169712039864,0.0188248,0.176154,-0.340608,0.511742,-0.190193,0.120792,0.82907
14.137824773788452,22.203043344412425,5.306188817835336,20.54107826443447,-0.03663350986005026,-2.5175239423376348,0.7132245704945079,0.032498,0.348645,0.263795,0.390647,0.750847,0.36225,-0.390383,-0.0201204,0.296278,-0.260866,0.746376,0.28086,0.480119,-0.365413,41.71396282382536,1.906661265808367,-5.013067073803259,8.93835487279593,-18.330859199338633,-27.392959614422416,35.848694395076514,58.56658486494844,0.00934246,0.190319,-0.342907,0.458734,-0.173438,0.108179,0.864742
14.193746089935303,21.94155247652535,7.077632081059809,21.544026662280135,0.3339529341151548,-2.2637104655909646,0.6032388518565217,0.0324779,0.348641,0.263709,0.388408,0.75014,0.363544,-0.392765,-0.0257907,0.301257,-0.259668,0.745842,0.277829,0.492341,-0.352323,40.47700032977033,2.3192911036802606,-6.706128533087953,9.104806769256708,-20.66568947881197,-28.200779639190067,36.13881469215138,59.29906149951597,0.00623594,0.197468,-0.344061,0.444392,-0.164804,0.100043,0.874841
14.250669956207275,18.525812834577234,6.350563593139489,23.775640896045363,-0.021442504313614382,-1.8341827515573697,0.5633641926199845,0.032363,0.348715,0.263709,0.391189,0.750686,0.362399,-0.390011,-0.0255877,0.30006,-0.26049,0.748783,0.276451,0.489389,-0.351279,40.566684138174764,2.2730557317428293,-6.789982498309313,7.192005312768604,-17.41573654754434,-26.959010888631333,34.56717717151243,55.9737638108543,0.00704707,0.195995,-0.344255,0.442662,-0.167532,0.102036,0.87497
14.304616451263428,15.890084435339288,4.2947252991428675,22.350701033584844,-0.7530586723470782,-1.698450133562455,0.4999784073256188,0.0323533,0.348684,0.263531,0.39322,0.748888,0.3628,-0.391052,-0.0161629,0.293279,-0.262099,0.746194,0.282426,0.472869,-0.373931,42.384776124536195,1.8278106387538298,-3.687574693947628,7.9146619996212415,-19.737865622923607,-28.60515864777691,36.214831755538235,59.79415651267196,0.0126436,0.185795,-0.342726,0.46688,-0.179615,0.110935,0.858752
14.362414121627808,15.455327022012977,1.9093797342710603,21.770853132640216,-1.409253664826379,-1.6453400300283336,0.5009621022904012,0.0323982,0.348646,0.263385,0.393363,0.749712,0.362221,-0.389863,-0.00377492,0.285846,-0.263696,0.742356,0.295985,0.44561,-0.403401,45.04863258195628,1.3010609168430545,0.7155628618183609,8.88528528383721,-18.072270578360445,-28.677032876547095,36.9573778559143,60.9800340235435,0.0190835,0.174845,-0.340772,0.496759,-0.19563,0.119172,0.837113
14.416655778884888,11.937926543207643,-0.9814969368317199,19.17180296325748,-2.2608304198379297,-1.215957896758341,0.427072051719995,0.0324664,0.348593,0.263399,0.394036,0.749852,0.361827,-0.38928,0.0146885,0.268434,-0.26596,0.738291,0.305105,0.400424,-0.448885,49.98945757115151,-0.07184266145175311,6.770187303379846,8.721846223203205,-17.503866896390036,-29.20273093540775,38.72143113616996,64.30586790659241,0.0281587,0.150966,-0.335477,0.538212,-0.220612,0.14228,0.800883
14.471836805343628,9.44164392807196,-3.0440467903031716,16.418411041496885,-2.761405023834347,-0.8754483802367331,0.35640686285581874,0.0325708,0.348521,0.26333,0.394059,0.75001,0.361013,-0.389708,0.0250287,0.252026,-0.266967,0.733545,0.306431,0.367183,-0.482895,53.73563773050163,-1.6786453773471104,10.719397459064687,8.81643024233614,-15.969710090604977,-28.79616260721553,40.637559513354766,66.98448220188494,0.0331278,0.130024,-0.329758,0.55797,-0.237803,0.162851,0.778202
14.527208089828491,5.390125591759821,-4.52572106785412,13.263535739972852,-3.1460867866074063,-0.2797026512042574,0.1936885014105218,0.0325359,0.348382,0.263139,0.393694,0.750019,0.360876,-0.390185,0.0275548,0.230778,-0.26798,0.740604,0.286787,0.338994,-0.504323,58.257796014679414,-2.9268890768811158,11.677057834510006,6.639687017237833,-12.659241120197848,-28.613345029986597,41.88071229423428,66.92237538027955,0.0320774,0.104683,-0.32145,0.565219,-0.261967,0.193585,0.757909
14.584024906158447,4.557279832367712,-3.407971763268803,13.055783940930436,-3.318793081501558,-0.04821503118958989,0.10204512640045589,0.0327502,0.348255,0.263018,0.392968,0.75001,0.360204,-0.391553,0.029561,0.211539,-0.267337,0.742831,0.268534,0.313598,-0.527018,62.2600775406692,-4.528488444709977,12.64600226120217,4.742751709440185,-10.835592817359029,-27.656936988646045,43.207702815784664,68.12652964742652,0.0298734,0.081695,-0.311805,0.570518,-0.285167,0.219383,0.738282
14.640244960784912,2.838091033365125,-2.943677842327003,14.938632955268213,-3.3447789307343254,0.26330136762868833,0.008597345723215456,0.0325629,0.348119,0.262746,0.394958,0.748038,0.356872,-0.396345,0.0302528,0.200079,-0.266542,0.744271,0.259092,0.296442,-0.539494,64.19563343194669,-4.864922782372725,13.441611461180898,1.0399300695418603,-11.76356341636344,-27.700107103302365,42.871779008810975,68.16591712505425,0.0285826,0.0687147,-0.305993,0.572376,-0.295897,0.234899,0.727773
14.694061756134033,1.6576294171205594,-2.0193311906343343,12.634487269177047,-3.011646840088002,0.29507578628219283,-0.006746218745204259,0.0326743,0.348129,0.262679,0.394447,0.749003,0.356956,-0.394953,0.0304835,0.190067,-0.265507,0.748347,0.245739,0.283062,-0.547233,66.5948941930765,-5.605281612764099,13.243503173016578,-0.7548911288940658,-9.235931759712066,-26.65652960208137,42.77095596974317,67.0697994231477,0.0283213,0.0573816,-0.300283,0.568616,-0.304121,0.249754,0.722364
14.75029468536377,1.2655811726597876,-0.7683206010632787,9.662836495885244,-2.551542470862211,0.18567171156016885,-0.009640015033707965,0.0326605,0.348151,0.262686,0.394329,0.748592,0.356891,-0.395909,0.0306297,0.182391,-0.26436,0.749713,0.237187,0.275242,-0.553096,67.9665811449231,-6.0546204025226205,13.250447383680903,-0.9348336307565468,-9.14139248996701,-27.045915466321865,44.06526462300958,68.28164679777537,0.0283648,0.0485054,-0.295193,0.562958,-0.313012,0.258789,0.719812
14.80612826347351,0.2471749789924797,-1.4794194818151785,10.674377156712554,-2.4182167189621055,0.28552958218265595,0.03849519315100144,0.0326427,0.348123,0.262648,0.395549,0.747811,0.356175,-0.39681,0.0320079,0.172637,-0.262417,0.758573,0.220851,0.262056,-0.554183,70.26081805112148,-5.826142809727677,12.560846592060201,-4.580914137951709,-9.6771374524076,-27.278720272057306,43.38759963644632,67.11046431297628,0.0286975,0.0375116,-0.288588,0.56064,-0.324931,0.271695,0.711537
14.862464427947998,-0.4829537987622497,-3.5388344420417974,8.606285539033657,-2.118783734129539,0.2722044712998285,0.12190781201734219,0.0326713,0.348121,0.262673,0.395268,0.74796,0.356005,-0.396963,0.0328931,0.163696,-0.260493,0.761249,0.211982,0.248735,-0.560085,72.21819804662518,-6.145937871012636,12.763724657378134,-5.860731226439441,-8.112731632078493,-27.561131835881334,44.07357005213398,66.74238916979591,0.0280912,0.028059,-0.282041,0.557848,-0.33825,0.284379,0.702511
14.918601512908936,-0.5473609281466854,-4.258499488477402,9.09007584946771,-2.2619484054558234,0.2757139219179984,0.15742077202551327,0.0327658,0.348105,0.262652,0.394145,0.749188,0.356267,-0.395526,0.031835,0.150719,-0.257244,0.763263,0.192873,0.235221,-0.570001,75.04895634043834,-7.3383630041580075,12.094649340090275,-6.746521442383131,-5.665592532878428,-26.553844787365456,45.289418137959814,67.22825664419494,0.0260418,0.0147053,-0.272197,0.549679,-0.353773,0.29863,0.695354
14.97603702545166,0.276058468353939,-4.391333152868277,10.668825289288886,-2.5035410308654025,0.3774610715249444,0.20485441549791178,0.0328894,0.348004,0.262594,0.393862,0.748876,0.355623,-0.396977,0.0309477,0.137835,-0.253343,0.76517,0.17894,0.216545,-0.579313,77.78690609670613,-7.907374958986487,12.33670072688912,-9.127974525058857,-3.0869277553118195,-26.306419982291366,45.79922506652329,66.26207611161709,0.0223388,0.000808056,-0.261705,0.554545,-0.36297,0.318084,0.677905
15.033472299575806,0.6227860710533721,-4.418810930092396,9.321490522249693,-2.5585411094722272,0.3135612542120798,0.24429897269873171,0.0329291,0.347922,0.26249,0.393778,0.747574,0.356548,-0.398679,0.0288759,0.124446,-0.248778,0.766589,0.159156,0.20199,-0.588397,80.55453814628473,-8.826754325778719,11.978633247284854,-11.299174419409123,-2.0445273679611446,-25.584975124859305,46.74087331830716,66.93705634782805,0.0194598,-0.0124746,-0.250311,0.544372,-0.374598,0.339444,0.669413
15.088295221328735,-0.7466765378883078,-5.028368946292168,6.748251778270555,-2.4362683640192024,0.34086589668110184,0.1319165348001822,0.0330169,0.347904,0.262509,0.393376,0.747454,0.356179,-0.39963,0.0281575,0.117374,-0.245818,0.766938,0.150866,0.1941,-0.592765,81.88018400922488,-9.160246003108606,11.876960138681323,-11.422951427750853,-1.2050033732395633,-25.979325072225087,47.879647317450384,67.57185975749384,0.0180834,-0.0194188,-0.243424,0.545115,-0.380042,0.350588,0.659928
15.155391216278076,-0.939658599371693,-5.019256397679677,3.364373171272546,-2.214720038416436,0.2402794686373328,-0.0035195466338013826,0.0328987,0.34802,0.262513,0.39346,0.747774,0.356087,-0.399031,0.0285616,0.110632,-0.242732,0.766731,0.142666,0.18819,-0.596955,83.01580444494479,-9.713420195016887,11.561572729910452,-10.423969424672716,-0.79718404882383,-26.43396787347084,49.720180514072325,69.40424178801462,0.0188472,-0.0261284,-0.236503,0.539206,-0.388005,0.359569,0.655301
15.211300373077393,-2.2198971801474348,-4.904945364442231,1.2930740053493213,-1.7373409158639808,0.17037292295903114,-0.01773826518200245,0.0328252,0.348107,0.262583,0.393358,0.747992,0.35659,-0.398272,0.0298867,0.106524,-0.240763,0.771386,0.13232,0.181511,-0.595407,84.44411805230891,-9.51463717819229,10.892157767808367,-12.662949180434435,-1.3016793400872544,-26.618628836287463,49.5362060468738,68.89356975887836,0.0206741,-0.0302278,-0.232077,0.533449,-0.394469,0.364415,0.653473
15.270017623901367,-2.2201517925375507,-4.045310823022664,-0.9188165729877729,-1.429591428237498,0.08588548533487841,-0.10464574029316955,0.0327574,0.348109,0.262546,0.393791,0.748094,0.356371,-0.397849,0.0290821,0.10021,-0.23806,0.771624,0.125876,0.178745,-0.597329,85.1145995771134,-9.824162053729397,10.480328121479062,-10.884138233056852,0.2807455525017133,-28.10217871895889,51.88984103383684,70.3244078614655,0.0210187,-0.0367086,-0.2255,0.523284,-0.399969,0.373937,0.65297
15.324004650115967,-1.2922469505574072,-4.544729933801629,-1.1828525898042104,-1.4825296135114316,0.03272403567020453,-0.05259727766100566,0.032806,0.348111,0.262576,0.393546,0.748318,0.355862,-0.398125,0.0292303,0.0935226,-0.234501,0.773229,0.112533,0.167955,-0.601036,87.0652665148538,-10.113532611818728,9.968259175839062,-13.78860867420039,-0.03641604112421959,-27.148380238354868,51.44603377282873,69.9884403470708,0.0205608,-0.0430737,-0.218332,0.521332,-0.405619,0.383667,0.645357
15.380268335342407,-1.4861126995895046,-6.1228526561825385,0.5379731094554971,-1.7950267061183878,0.07482862984666029,-0.03137955330670078,0.0328612,0.348089,0.262577,0.39354,0.748017,0.356321,-0.398286,0.0291577,0.0892158,-0.231737,0.773519,0.105752,0.158679,-0.604405,88.41859956025208,-10.418231441158497,10.060934759781212,-15.713096507351164,0.7385981530169587,-25.918318569707232,50.68532750360659,68.97547256525903,0.0189472,-0.0471506,-0.213461,0.524845,-0.408953,0.391107,0.635869
15.43674349784851,-0.2989598502338099,-6.206521003868897,5.039833064445928,-1.9684541680778456,-0.09707210861020751,0.10734140617804529,0.0329948,0.347974,0.262526,0.393627,0.747548,0.355914,-0.399442,0.0262884,0.0883228,-0.231944,0.769832,0.107557,0.166736,-0.606621,87.47116513237204,-10.83907057750802,9.912402945490637,-12.17598125916425,1.3715293917932954,-27.183238540855136,53.02661504000935,71.451365305519,0.0166768,-0.0480337,-0.213087,0.520563,-0.403065,0.395398,0.640479
15.491588115692139,-0.24331572989340436,-1.5112643866419386,-0.890666211362711,-1.5472051336298853,-0.6251606995649666,-0.0695039527014438,0.032866,0.348019,0.262451,0.392888,0.747806,0.35672,-0.398969,0.0200785,0.0910459,-0.234334,0.773687,0.0964375,0.180652,-0.599561,87.10727230688671,-10.488358280436433,7.79085394163727,-13.782256258582901,2.068767816254365,-26.858863234430196,51.714382124542155,69.43484219581032,0.0133189,-0.0458196,-0.216238,0.507649,-0.394585,0.395215,0.656049
15.547414541244507,-0.061446950915811906,-0.2706491517609642,2.4544623285964726,-1.3585573716734642,-0.7338738926657251,-0.3295432037026015,0.0327899,0.348076,0.262208,0.393908,0.746511,0.357172,-0.399982,0.00552665,0.0932676,-0.237237,0.783251,0.0635056,0.215833,-0.579569,85.95837483000182,-9.477461143156049,2.124995771907349,-16.752773643957028,1.8302605116949806,-26.655780860956376,49.40796819170001,66.29932378528169,0.00713046,-0.043557,-0.219471,0.472394,-0.377892,0.406959,0.684417
15.60569143295288,1.7635624318087637,1.862155693180985,1.7397064948049146,-1.1214326581935807,-1.304582314083349,-0.24597428369135085,0.0326541,0.348094,0.262085,0.39382,0.746861,0.357101,-0.399479,-0.0142002,0.0923863,-0.237231,0.784662,0.023881,0.2638,-0.560486,84.15365167545959,-9.712748649217831,-5.093646596408653,-14.803446894078704,3.0749908505770307,-27.010167708959337,50.602904183192386,66.35463151889863,0.000971899,-0.0434577,-0.219388,0.414739,-0.352144,0.418689,0.727108
15.660758256912231,1.25672532075327,1.767545792508859,-0.8835409350662943,-0.47149888589054445,-1.1991591661093322,-0.22679195132520916,0.0326343,0.348134,0.262121,0.393705,0.746607,0.357779,-0.399459,-0.0263628,0.0911728,-0.235321,0.789738,-0.0105436,0.293791,-0.538414,83.48944076662757,-8.992457321353177,-10.755793273742228,-16.044830978829772,2.8815275516303345,-26.842669622414512,49.2438491598053,63.63630535645479,-0.00320667,-0.043662,-0.218106,0.376491,-0.335531,0.430701,0.748445
15.714699268341064,1.2931682794549415,2.0083653154399097,-0.055372946141497556,-0.49776256475247216,-0.7326411529862716,-0.04958151346705911,0.0327222,0.348144,0.262235,0.393439,0.746754,0.357457,-0.399735,-0.0203467,0.0926543,-0.236486,0.787313,0.00649495,0.277978,-0.550295,83.96612517564371,-9.347695382940959,-7.850185382227751,-16.351669965477335,2.608805115252757,-26.29030296271217,49.25590553820191,64.5574175830718,-0.00138154,-0.0427375,-0.219277,0.398041,-0.344918,0.424092,0.73671
15.77177357673645,2.3398338997449937,2.036018800469586,2.7038941503207043,-0.9418733793919607,-0.6633330219544431,0.11699580836428719,0.0327931,0.3481,0.262141,0.393701,0.746754,0.357274,-0.399642,-0.0103128,0.0919834,-0.23667,0.781807,0.0332638,0.248513,-0.570887,85.04719965097404,-10.206366227962473,-2.931700161228015,-16.116891388132416,3.6399357474962244,-25.341306681533588,49.47819411693545,65.9457217290259,-0.000153966,-0.044191,-0.218315,0.433956,-0.358808,0.418667,0.7125
15.82545256614685,4.09968202035282,0.8473699729517519,3.9690261262727398,-1.3110427492625254,-0.42640150139911,0.2532068872311557,0.0328512,0.347963,0.262034,0.392875,0.746969,0.356314,-0.400906,0.000718991,0.0883395,-0.234886,0.775657,0.0567537,0.212688,-0.591522,86.87377940624567,-10.911806459230506,2.068503039922213,-16.86780587663318,3.6839774180087943,-24.816195420910013,50.008571842388804,67.4161830251113,-0.000155152,-0.0482603,-0.214638,0.475769,-0.37289,0.420746,0.676439
15.881252527236938,3.9896287269835056,1.7854670150142857,5.741792886801468,-1.4666339810474316,-0.14205077352569215,0.2547813912454321,0.0331348,0.347775,0.261868,0.392762,0.745886,0.355929,-0.403369,0.00819994,0.0827,-0.231492,0.768562,0.0709609,0.178041,-0.610392,89.01921823248192,-11.882145617259948,6.29080941685352,-19.7656466681899,4.0933742765250045,-22.3705137884942,49.09446774829665,67.30484684382321,0.000287352,-0.0538812,-0.209008,0.498438,-0.384408,0.419554,0.654037
15.935977458953857,4.111716235965295,0.40365236265187443,4.976039241115863,-1.6219469950295051,-0.026330106283233668,0.35749212685893683,0.0332415,0.347619,0.261583,0.393364,0.744901,0.355215,-0.405227,0.00562631,0.0753587,-0.22736,0.754954,0.0729154,0.169613,-0.629253,89.4765148189399,-14.148003094668093,7.744249581343613,-16.524925522065914,5.80634246124955,-20.375296106796,51.573339196897344,71.2382997474956,-0.00333655,-0.0599846,-0.200812,0.495368,-0.396438,0.430224,0.642148
15.99331021308899,4.395653640877496,-0.4593315443849909,3.101123034289079,-1.6317010395527778,-0.09491537764645698,0.4496383164553125,0.0333777,0.347641,0.261669,0.391603,0.744714,0.35764,-0.405143,0.00388647,0.0727778,-0.225258,0.765178,0.0580345,0.16937,-0.618425,90.88268395953425,-12.861192046049414,6.134864840129033,-18.76023586458689,6.850125622443812,-22.5062092589124,51.164221224629024,68.39047334430549,-0.00582574,-0.0621074,-0.196942,0.495553,-0.398286,0.438639,0.63513
16.050901412963867,3.1244489957111936,2.5272040587333784,2.3203466331823908,-1.8121378840742823,-0.32577803659598353,0.3285590246729877,0.0333259,0.34767,0.261568,0.392647,0.744169,0.356964,-0.405731,0.00225326,0.0722467,-0.225213,0.758002,0.0623285,0.172428,-0.625953,90.12650683306367,-13.955086838343409,6.646624602484472,-16.319734666735012,7.081373523301849,-21.50111105418683,52.29643815069435,70.8080656230974,-0.0049453,-0.0628053,-0.196313,0.489886,-0.391865,0.438757,0.643386
16.108699560165405,2.9443855041424287,5.261746527811216,2.7773955749519295,-1.9406363371416795,-0.7465580485814292,0.17628176215890443,0.0331697,0.347741,0.261362,0.394875,0.74176,0.358205,-0.406884,0.000499948,0.0739064,-0.22672,0.76649,0.0529378,0.18475,-0.612827,89.4217591037106,-12.72999149661705,4.9470162604845065,-17.80909586478549,5.236489440522554,-22.407100044657334,50.90945418554592,69.21433282775321,-0.00366294,-0.0612296,-0.19851,0.480103,-0.385009,0.440149,0.653863
16.165030479431152,3.1222785948826144,8.464359807404016,3.567411297235193,-1.661256573453445,-0.99833385380942,0.1492264634693296,0.0329821,0.347753,0.261319,0.393731,0.743552,0.356271,-0.40642,-0.01151,0.0745831,-0.227677,0.773213,0.0202004,0.219432,-0.594629,88.62240814077816,-11.756685188318038,-1.0375463506831046,-18.4869551455216,3.8529458032443316,-24.19223359268087,51.16581426407563,69.04028790289182,-0.00581715,-0.0603918,-0.199637,0.442283,-0.370397,0.447826,0.683113
16.222248315811157,2.020655401118829,9.330647604874875,0.7399616079744263,-0.856531107774203,-0.7950900178912846,0.10983915526639197,0.032967,0.347793,0.261349,0.39368,0.743559,0.356433,-0.406315,-0.0201989,0.0750175,-0.227432,0.779828,-0.00319094,0.246633,-0.575352,87.62515562461292,-10.661083825296862,-5.449600222747512,-17.90828557701775,3.566075495611962,-26.020024393971703,51.13414081363919,67.68992873625156,-0.00693656,-0.0595366,-0.19983,0.407466,-0.361132,0.45174,0.706743
16.27810502052307,1.6625828125540443,10.036332930378185,2.3049692483448294,-0.6702952740649762,-0.46184741270232743,0.13323937704700314,0.0330104,0.347809,0.261406,0.393813,0.743542,0.357059,-0.405667,-0.0144051,0.076568,-0.228766,0.77972,0.0100856,0.23369,-0.580796,87.94615518885816,-10.7154395153789,-3.273194098357216,-18.66134985660114,3.5247555801047383,-25.613073820679823,50.78521721809536,67.56063267029938,-0.00414888,-0.0584796,-0.201707,0.424316,-0.370198,0.442628,0.697846
16.33214044570923,2.210968343695204,12.036400170259506,6.097623225934394,-0.9789918936145852,-0.36357215540777515,0.043738115253417725,0.0330262,0.347712,0.261212,0.393682,0.744315,0.356113,-0.405208,-0.0049772,0.0759839,-0.229121,0.772285,0.0363681,0.208755,-0.598895,88.5016440890907,-11.769852766890466,1.1000575293874224,-17.19711789033806,3.9778769487825443,-25.12468867321204,52.16535288476403,69.88342246257515,-0.00180646,-0.0595691,-0.202289,0.457412,-0.374969,0.441702,0.67459
16.39087414741516,4.014140521185061,13.213268092953587,8.59690885836966,-1.381132284860208,-0.2369523852647823,0.028111671355847728,0.0331098,0.347603,0.26104,0.394394,0.743903,0.356002,-0.40537,0.000156305,0.0724288,-0.227401,0.771318,0.0440111,0.183208,-0.607919,90.23279328110085,-12.008631769148128,3.6504178678367367,-21.05557419234965,5.89458040704428,-23.378912793368976,50.34050354029226,67.26601342891693,-0.00497248,-0.0632354,-0.199287,0.482035,-0.38382,0.442757,0.651376
16.44441843032837,4.07134000407829,13.06938363490216,9.361496649283351,-1.451947255108896,-0.1405234987637787,0.18901219958824614,0.033223,0.347415,0.260755,0.393754,0.744164,0.354648,-0.406698,-0.00112912,0.0670176,-0.224808,0.755405,0.0548945,0.166913,-0.63126,90.9382872242243,-14.46854791987081,6.352651230581916,-19.31907015587326,8.981918637567844,-21.05090535145515,52.20790519967738,70.11211216898008,-0.0106931,-0.066984,-0.194685,0.488255,-0.39673,0.448576,0.634817
16.497180700302124,4.719131905029069,13.052439314580036,8.148536996065134,-1.21221569498314,-0.08198032169503032,0.25684315484567316,0.0332725,0.347397,0.260673,0.392787,0.744728,0.354567,-0.406671,-0.00557839,0.0656559,-0.224049,0.757187,0.0434365,0.175559,-0.627662,91.1206369978207,-14.311570553779735,4.590832950477662,-19.090658481767306,9.562688939418393,-21.96599921994966,52.637538121431064,70.15847830235558,-0.0147371,-0.0685135,-0.192416,0.481469,-0.391933,0.453547,0.63943
16.552892923355103,4.046148478757064,15.086788621616291,8.26641435292359,-1.0298544364023061,-0.03556294489079979,0.10572654064346378,0.0332784,0.34735,0.260471,0.393153,0.743843,0.355238,-0.40735,-0.00977367,0.0650576,-0.224129,0.754599,0.0383681,0.180227,-0.629783,91.0347938324788,-14.869767191024646,4.048485555148655,-19.62820021421475,10.432136255201641,-20.80236196009185,52.267311827340365,70.02472430360062,-0.0173582,-0.0691068,-0.192453,0.476814,-0.384527,0.459972,0.642816
16.612037897109985,2.6725708127656564,16.622064156881887,9.267797888239446,-0.9540826762789768,-0.05695528979691713,-0.09413767901438763,0.0331564,0.347342,0.26034,0.393066,0.743617,0.354836,-0.408197,-0.00893061,0.06603,-0.22513,0.755867,0.0435089,0.183048,-0.627108,90.35172476235857,-14.415452720797962,4.348046762218651,-17.772442801085713,10.042123981255031,-22.63418423349328,53.301400056068665,70.88953452419587,-0.016296,-0.0683519,-0.194039,0.477852,-0.38722,0.455754,0.643433
16.669870138168335,1.8482740846733532,16.29533383871609,9.595070135935389,-0.9483188658220082,-0.13578906830893644,-0.1595530745604879,0.0330675,0.34737,0.260347,0.393396,0.743796,0.354766,-0.407612,-0.00533437,0.0677503,-0.226225,0.762136,0.0447488,0.180839,-0.620035,90.42453828980561,-13.351272435097222,4.319166041600791,-19.308860206529797,8.775720464957672,-23.48090491922057,52.513042288864604,69.29960462945323,-0.0113046,-0.0673163,-0.195981,0.476924,-0.386996,0.448658,0.649217
16.727463960647583,1.2333985425953673,15.875919707787697,9.083039894859091,-0.90973049429848,-0.08357122126022222,-0.14750499528213645,0.0330244,0.347376,0.260394,0.394913,0.74329,0.354002,-0.407734,-0.00183428,0.0684533,-0.226572,0.7636,0.0479769,0.180965,-0.617952,89.96645360641985,-13.029072093105622,4.557745520287764,-18.792606307121986,6.535343716725976,-23.778476377736474,52.64200134062173,70.28066474028257,-0.00570012,-0.0669322,-0.196683,0.479116,-0.388618,0.446531,0.6481
16.782865047454834,0.6027921322009021,16.14272037592101,9.924629124223356,-1.0124615741524208,0.015794333965946337,-0.19886872915322304,0.0330599,0.347412,0.260432,0.395462,0.743481,0.353661,-0.407149,0.00312922,0.068918,-0.226511,0.771587,0.0486451,0.177702,-0.608859,90.13355710913493,-11.65182668860423,4.460736973873658,-19.373542435334954,5.0579298794039715,-25.813765860689948,52.401503987049665,69.10734260818052,-0.00141409,-0.0664121,-0.197118,0.481263,-0.394318,0.443344,0.645248
16.83874201774597,0.559115496940563,15.57171409327432,10.587226349079668,-1.0539686897251954,0.030471641083330687,-0.18416031033628463,0.0330547,0.347379,0.260475,0.395813,0.743324,0.353485,-0.407246,0.00608708,0.0681658,-0.22639,0.764957,0.0624539,0.172147,-0.617499,89.60586132619926,-12.526853984154311,6.372645768735616,-16.091798105727406,5.573503620709886,-26.405471871281584,54.74878730470817,72.16060062427108,0.000272375,-0.0664986,-0.196734,0.485867,-0.398917,0.437827,0.642733
16.892189264297485,0.6271552382309865,15.0602881359352,10.2002909442706,-1.0878736541334453,0.04625712241208234,-0.1441502778906326,0.0330511,0.34735,0.260426,0.395688,0.743441,0.353416,-0.407215,0.00631641,0.0680116,-0.225907,0.768769,0.0568174,0.166532,-0.614844,90.53795142642964,-12.031417865618536,6.076054026395614,-19.764449395519545,5.4999742103972125,-25.10032030264184,52.28244808298991,69.1631629893879,-0.000742798,-0.0672586,-0.19629,0.486516,-0.400107,0.43673,0.642248
16.945892333984375,1.595153402663988,13.950548140697556,8.650593306140879,-0.9851685838373381,-0.04276517926203422,0.09179876944309004,0.0331627,0.347368,0.260472,0.395692,0.743601,0.353453,-0.406885,0.00356636,0.0669514,-0.225749,0.760477,0.0598354,0.170636,-0.623681,89.96578685220743,-13.4211758773823,6.361407163213176,-16.819325050639716,6.948407863137689,-24.520281456104023,54.25669973232299,72.01604103709137,-0.00406736,-0.0674365,-0.195477,0.487507,-0.399473,0.440656,0.639203
17.002257108688354,2.614019029139884,13.184771398891753,7.638530470323501,-1.0279029257113967,-0.09203334786487091,0.3031130067853354,0.0332402,0.347291,0.26046,0.395132,0.743393,0.35321,-0.40802,-0.00128973,0.0664294,-0.22492,0.759579,0.0466921,0.171942,-0.625536,90.83126304359561,-13.774958104392493,5.164636156389296,-20.78431762189248,6.358469825159361,-21.179609167175734,51.39253034347973,70.03866871748666,-0.0104836,-0.0680744,-0.194556,0.485114,-0.394639,0.448054,0.638883
17.05768847465515,4.746918002324465,13.295353492132953,7.363180920915634,-1.0327674258209794,-0.10391255861805164,0.5465259328712068,0.0335425,0.347133,0.260443,0.392326,0.745233,0.352967,-0.407581,-0.00924065,0.0650177,-0.224409,0.756811,0.0368508,0.177091,-0.628107,91.44128289275463,-14.300501253964008,3.817315807192152,-21.463208660692622,10.279020104041116,-21.112730398649518,51.584242145621054,68.59653303815108,-0.0202454,-0.0692265,-0.192787,0.484615,-0.379493,0.457937,0.641426
17.113604068756104,6.356561032519553,12.523926929161165,7.079816724455922,-1.04600418989088,-0.10735660126799557,0.7137413798977047,0.0339374,0.346906,0.260088,0.392571,0.743365,0.353662,-0.410146,-0.0181453,0.0634683,-0.223857,0.742479,0.039588,0.181632,-0.643559,90.73696816568282,-16.585787554083165,4.644812492490544,-19.127421021206583,13.934266438310303,-18.359876288564614,51.9000889164318,70.13028616701057,-0.0303179,-0.0698207,-0.190952,0.485376,-0.377775,0.466477,0.635685
17.171440839767456,6.866952043126624,12.003624773533984,7.033047859185966,-1.0791062340642048,0.0050800864549061815,0.640012349749181,0.034192,0.346536,0.259396,0.386776,0.741545,0.355191,-0.417559,-0.0261682,0.0622718,-0.222702,0.743668,0.0291359,0.185528,-0.64163,91.55987596635282,-15.87857418592612,4.075959137692735,-20.151781329323434,12.686112689126368,-19.596562879389936,52.26024009089989,70.11623539665356,-0.0385123,-0.0709958,-0.188912,0.481296,-0.37162,0.473409,0.637289
17.225393295288086,4.83297092453098,12.704341235413166,8.136143523888874,-1.1464177494701575,0.1614688491308697,0.30764003221653163,0.0340955,0.346512,0.258644,0.38403,0.738857,0.357962,-0.422462,-0.0309833,0.0613536,-0.222275,0.743123,0.0292214,0.18425,-0.642625,91.83132299969746,-15.722366776192532,4.883053362843199,-19.904378334900066,13.72694464573825,-20.54707680483883,52.54086975494908,69.781906455087,-0.0425509,-0.071692,-0.187864,0.484022,-0.370589,0.476782,0.633297
17.28053903579712,3.5098444660414883,12.895940236121355,8.197561862424964,-1.1855281845424543,0.17330054554475435,0.08341745255434845,0.0340631,0.346679,0.258345,0.383615,0.735227,0.361983,-0.425734,-0.0306551,0.061542,-0.221931,0.745633,0.0306307,0.17996,-0.640864,92.11353117853886,-15.380249994611727,5.936506428931114,-20.932016957303947,12.67340451038946,-20.06050181774222,51.87209494470862,68.94917503465646,-0.0414993,-0.0719409,-0.187706,0.478229,-0.373358,0.469453,0.641494
17.337038278579712,1.523562234318062,12.268848484122273,7.864777089645353,-1.2288696519858118,0.1379667603429738,-0.11334758364018666,0.033732,0.346839,0.258441,0.383405,0.736084,0.361519,-0.424835,-0.0237758,0.0620998,-0.222237,0.752856,0.0381438,0.177246,-0.632722,91.87258648747502,-13.991467390650197,6.4117239458628,-18.522227355150708,11.010732220629322,-23.923873083082846,53.54280732286574,70.04989366879738,-0.0320047,-0.0714463,-0.188435,0.47646,-0.390201,0.464542,0.636341
17.391567945480347,0.5724440161523462,12.266625109019284,8.22469397854735,-1.248519342435856,0.05331884800622516,-0.17698941945635563,0.0334468,0.34701,0.25861,0.385164,0.736988,0.361083,-0.422039,-0.0156814,0.0632023,-0.222925,0.75813,0.0431925,0.174304,-0.626891,91.68348725429792,-13.22035074696024,6.6032626241769385,-17.805699462240025,8.363153595524693,-25.294587053769938,54.28796563855986,71.03470562974579,-0.0217269,-0.0705956,-0.189979,0.476623,-0.394631,0.455998,0.639658
17.448850393295288,-1.3778600626780175,11.882224782960506,8.87295241687208,-1.3040495890518091,0.045070521565211005,-0.3655511439643995,0.0330467,0.347163,0.258929,0.387238,0.738654,0.359709,-0.418386,-0.00596032,0.0652463,-0.224347,0.76747,0.0495103,0.174019,-0.615025,91.13261914367943,-11.653045286112604,6.401460247103795,-16.516118226851614,5.451593896033053,-28.7396149981577,55.5282895186431,71.78013137249525,-0.00901012,-0.0697501,-0.192641,0.474308,-0.394447,0.442359,0.65097
17.50403594970703,-2.130753792902346,11.984055379255524,9.274900876401267,-1.2522574334124208,0.06724500469321304,-0.42881474898830674,0.0328928,0.347342,0.259318,0.38973,0.740813,0.357453,-0.414168,0.000834334,0.0677282,-0.22593,0.770534,0.053209,0.174945,-0.610607,90.58037472970317,-11.244673583938484,5.984905075391723,-16.50147054174878,3.17225706577608,-29.082066749747135,55.6337786456919,72.40997792472112,-0.000698014,-0.0673324,-0.195636,0.474697,-0.398177,0.436302,0.652502
17.55925941467285,-2.3879499020446304,10.222507436378072,8.184037817295327,-1.1137504920687775,0.04341729368378195,-0.34516096866243634,0.032737,0.347299,0.259847,0.393421,0.742892,0.35481,-0.409197,0.0077142,0.0709339,-0.227938,0.773307,0.0592769,0.178489,-0.605495,89.48340748665224,-10.892822241805103,5.546313727236491,-15.785960333778466,1.4355617129625529,-29.286575599281214,55.291194073752415,72.81450485864706,0.00704448,-0.0645212,-0.199791,0.472,-0.401435,0.427278,0.658407
17.61717987060547,-1.6429102774200008,9.599701391209523,7.450573283986787,-1.082150913440591,0.01682030396273607,-0.2967643053383266,0.0327076,0.347293,0.260218,0.393685,0.745373,0.353121,-0.405879,0.0127611,0.0738808,-0.229498,0.772617,0.0691835,0.174869,-0.606381,89.13558283208945,-10.892784844694663,6.219621194702054,-15.41410586722792,1.3476399105844337,-29.288540053305447,55.2448801837024,72.91089482958799,0.0114504,-0.0618055,-0.203098,0.479622,-0.399031,0.420078,0.658993
17.674906492233276,-2.0550309530282713,7.327979866016332,7.880223820365446,-1.1820479154349532,0.16316130218662053,-0.31541118977667176,0.0327295,0.347254,0.260413,0.394499,0.747297,0.350203,-0.404073,0.0171097,0.0765505,-0.230551,0.773214,0.081876,0.171635,-0.604961,88.3860428133472,-10.383653645387007,7.123868973957769,-13.89486417321428,2.016300538706119,-30.291594477173156,55.27188670075389,72.10477107603593,0.0129818,-0.0594691,-0.205946,0.494637,-0.403587,0.413482,0.649218
17.73123073577881,-2.89437718915977,4.10107456034981,7.3343396475635885,-1.236353314073651,0.29576154592604276,-0.2834485760921211,0.0328647,0.347317,0.260632,0.393918,0.74659,0.352635,-0.403832,0.0203861,0.079444,-0.230613,0.775726,0.0869421,0.1634,-0.603316,88.94819176764358,-9.992755390824886,8.222052509397347,-16.205118996963527,1.7802606745137695,-28.743456857408653,52.76797337505039,69.45864531444116,0.0121874,-0.0563071,-0.208084,0.50488,-0.412421,0.406492,0.640133
17.788849353790283,-2.082524780917544,2.0621581552069723,8.54306763666177,-1.4315846578440077,0.43062071881015457,-0.16917249319141484,0.0330189,0.347205,0.260686,0.393074,0.746356,0.352989,-0.404776,0.02082,0.081701,-0.230999,0.767982,0.0999254,0.159022,-0.612316,88.48637409575487,-10.887724866209798,10.098781533888289,-14.700639537684527,2.4698257878553846,-26.822835201807287,52.38513252626448,70.0733552914454,0.00958159,-0.0547377,-0.210182,0.518285,-0.407352,0.400456,0.636459
17.843635320663452,-0.6641808398615837,0.7855768365173602,9.808742009268473,-1.7160305345831959,0.4436705804096896,-0.005659747688255407,0.0330316,0.347177,0.260488,0.393678,0.74503,0.35317,-0.406473,0.0178639,0.0818775,-0.231806,0.765786,0.099846,0.162744,-0.614099,88.01908481146619,-11.172870261105414,10.14872453066494,-14.720483447713214,2.8498182501627483,-26.208448979898286,52.11892424725008,70.07383251653505,0.0053698,-0.0539861,-0.211073,0.524276,-0.405806,0.403401,0.630653
17.901591539382935,-2.1816102615223385,2.5803745247347516,8.062996014982293,-1.7318012422973204,0.19624072455561517,-0.19038280633990057,0.0331285,0.347189,0.260574,0.393477,0.744818,0.352969,-0.407228,0.0163227,0.0832934,-0.232745,0.763703,0.101607,0.165164,-0.615756,87.64958271644606,-11.37607015708706,10.278221015990635,-14.866398706453936,2.958686672266694,-25.5594624847323,51.709787189597435,69.97430700891479,0.0039055,-0.0522754,-0.212747,0.523485,-0.403483,0.40435,0.632192
17.96060276031494,-1.2126356969125982,4.255474232996777,7.856235569423423,-1.7586520598791968,-0.29182019828963196,-0.1613774140424474,0.0329897,0.347238,0.260426,0.394106,0.744921,0.352496,-0.406841,0.0133282,0.0872142,-0.235472,0.769038,0.095699,0.177958,-0.606427,86.84193311620174,-10.552755108998458,8.574658086692011,-16.12882745882738,2.3982603572995984,-25.763475992930232,50.21279618103955,68.04461536777629,0.00387496,-0.0495311,-0.217347,0.514595,-0.390871,0.40159,0.648951
18.017747163772583,-0.3398790134876484,4.760711276534386,8.428313029283679,-1.971564144870743,-0.8951001232971587,-0.3982262532272656,0.0329413,0.347226,0.260511,0.393538,0.745341,0.353108,-0.40609,0.00114753,0.0907128,-0.238919,0.776758,0.0705319,0.211896,-0.588874,85.57358331456945,-9.737106802222083,3.5427542230836906,-17.061664548474063,2.6684989119063474,-26.877856088375502,49.78510677416804,66.57790604361232,0.000314976,-0.0462405,-0.221581,0.481379,-0.374932,0.407939,0.67918
18.073551654815674,0.04158305312306784,4.419994104205985,7.541708246529912,-1.2640448716505965,-0.8796424602623333,-0.39313213273234865,0.0327981,0.347273,0.260386,0.392869,0.745279,0.354045,-0.406036,-0.0205918,0.0921336,-0.240027,0.786294,0.0201846,0.273635,-0.553586,83.18350824780917,-8.588654235559801,-5.978269666270621,-15.5487430332457,1.6266099199188204,-29.268213276854546,50.8609844490241,65.70350077517834,-0.00408851,-0.0435503,-0.223986,0.411826,-0.349979,0.417703,0.730369
18.137895822525024,-0.6645231007639733,2.8686929876822442,2.563922206438361,-0.2438961985872231,-1.1062840108060445,-0.2876731888285435,0.0327769,0.347451,0.260584,0.39359,0.744736,0.353751,-0.406591,-0.0290356,0.0968491,-0.241349,0.794965,-0.00402577,0.308271,-0.522479,80.99361968941061,-6.857832330659925,-11.37630345299008,-16.18415422834068,-1.5996566888177952,-30.476048786022453,49.32135494001725,63.43160976796551,-0.00211997,-0.0380997,-0.229072,0.370594,-0.331276,0.412372,0.763457
18.192156553268433,-0.8101280678031569,2.0121261931511576,2.8604079126048716,-0.258437014747159,-0.7162562502500867,-0.31255791933162763,0.0328223,0.347502,0.260822,0.392306,0.745241,0.354059,-0.406638,-0.0265406,0.100789,-0.24339,0.797348,0.0033584,0.307016,-0.519583,80.67436729990636,-6.249708173081405,-10.789937184300692,-16.35802913183125,-2.7332038748738867,-31.354944271539857,49.09498632315096,63.25352187528448,0.00032061,-0.0339684,-0.23299,0.374066,-0.333767,0.404464,0.764907
18.2499098777771,-0.6256212205155695,-2.0663078420399943,4.98812079650299,-1.2196246998796088,-0.7264520876068056,-0.028692890624706393,0.0327705,0.347574,0.260958,0.392714,0.744994,0.355078,-0.405807,-0.01095,0.10938,-0.247858,0.794889,0.0479857,0.27942,-0.536445,80.48528068727263,-6.293117924746681,-4.427084465539359,-15.631936650776971,-4.171168688199593,-31.171143385983846,48.45927907144807,64.72564539280974,0.00694445,-0.026961,-0.240436,0.419762,-0.349899,0.381668,0.745453
18.307406425476074,0.3824932356579965,-3.2954811666231367,9.703318636899859,-1.9540110440309368,-0.6530386766886377,-0.0004572625209046013,0.0327821,0.347588,0.261181,0.392201,0.746497,0.354168,-0.404333,0.00855089,0.119829,-0.251123,0.78619,0.10482,0.245621,-0.557304,80.04662547705408,-6.521841085582904,3.299880991406269,-13.55265970418455,-5.382573730896091,-30.5843457097915,47.96164172478943,66.59571152437616,0.0142472,-0.0178741,-0.248954,0.482993,-0.356644,0.358634,0.714776
18.363586902618408,1.2386849849423247,-3.135988801036164,14.325566798542049,-1.8457169509266984,-0.4415150831286784,0.10806988272281856,0.0328044,0.347581,0.261239,0.393438,0.746483,0.353264,-0.403949,0.0200927,0.131451,-0.25362,0.772905,0.154403,0.229624,-0.571008,78.01202738009096,-6.918864841361902,9.28051356529539,-10.451963249784654,-4.832173106094686,-28.74549088523802,46.598784468520435,66.41151917820024,0.0171914,-0.00574778,-0.258581,0.519083,-0.365012,0.330515,0.698626
18.4201443195343,-0.4536171476812367,-1.385462952653193,12.279911156061148,-1.1017603301575578,-0.24857863885694378,0.09457288351187448,0.0327872,0.347481,0.261173,0.393721,0.745962,0.354472,-0.403577,0.0161104,0.139952,-0.257132,0.773136,0.158427,0.248713,-0.561519,75.90688402167126,-6.503577784499104,8.21361666990105,-9.301038815133385,-5.176304372185314,-28.834039912105318,45.9370524373584,65.91367370112086,0.0142898,0.00266583,-0.266598,0.523006,-0.349187,0.32461,0.706514
18.47332739830017,-4.0886163904467,-0.5697343825723523,10.273648391593198,-0.32028877241175246,-0.38328703423147054,0.08237039834727795,0.0328219,0.347455,0.261124,0.393075,0.746023,0.355064,-0.403572,0.00226981,0.145242,-0.261049,0.770883,0.147649,0.279921,-0.552796,73.71279396908878,-7.025164154522308,5.080631134378425,-8.188394149769582,-2.6935050252628514,-28.559093030468155,46.58154915727984,65.28458791939596,0.00655975,0.00794461,-0.272642,0.504809,-0.324452,0.326609,0.730223
18.529244661331177,-0.6929858818682509,-2.3684525508155145,10.239476676337846,-0.8693391185785946,-1.1888080867325592,0.41981924867617765,0.0328751,0.347464,0.261071,0.392651,0.746118,0.354932,-0.403925,-0.0135397,0.145375,-0.261541,0.780228,0.111255,0.311159,-0.53108,73.10574721687637,-6.500021561567128,-1.0113573999868333,-11.302786512758793,-2.1598562510588053,-27.514974981070246,44.564299494932804,61.49469898369842,-0.00247114,0.00869169,-0.273433,0.462984,-0.307584,0.338778,0.759123
18.58522629737854,3.189188966546794,-0.6817633803154104,8.087899652617532,-0.8889523779191902,-1.395171120329112,0.5500448763992325,0.0328689,0.34745,0.260986,0.393271,0.744969,0.355419,-0.405015,-0.0334015,0.143024,-0.25855,0.778199,0.0773241,0.351938,-0.51436,71.32314998755656,-7.50305135934611,-6.898710108079296,-8.584531964749992,-0.34475638821265875,-25.33920358185096,44.970389941587946,61.21444175019948,-0.0140635,0.00684627,-0.270556,0.42062,-0.283684,0.351398,0.786843
18.6432523727417,2.298851974523972,-0.16254052058215518,4.930164711603165,-0.8122545150007233,-1.317770346056769,0.5367269322284302,0.0329395,0.347488,0.26111,0.392192,0.744587,0.356073,-0.406186,-0.0398137,0.142191,-0.25688,0.7768,0.0675407,0.358839,-0.513084,71.46897974805883,-7.865301867416738,-8.092030788464424,-9.15327181853878,0.8975965132819681,-23.72678489840542,43.99923449114166,59.865311600056984,-0.0205624,0.00603371,-0.268816,0.416017,-0.276426,0.357849,0.788963
18.700424671173096,3.739002932572419,-0.2700646697508195,5.340880412110649,-1.0974184708874701,-1.0704748601582865,0.5359594774133813,0.0330085,0.347512,0.261041,0.391957,0.743696,0.356191,-0.40794,-0.0341475,0.143195,-0.258202,0.767367,0.0904418,0.339329,-0.536492,72.0265052485309,-8.936596502395613,-3.68028492938158,-9.099749189935867,1.495084830837797,-22.679130774283756,44.10844016359159,61.73686568145914,-0.0216037,0.00589042,-0.269442,0.444232,-0.281483,0.35738,0.771819
18.75510025024414,3.2719566403789972,-2.451674609320246,8.104211022641143,-1.5887308271843978,-1.054505966240701,0.44401611864236196,0.0329157,0.347485,0.260913,0.390532,0.744233,0.357038,-0.407585,-0.0206739,0.143129,-0.260156,0.756667,0.127849,0.305406,-0.56377,72.99380435482702,-9.794224029506157,2.873848728163324,-6.812253039609143,3.2447182881515673,-23.932039490821232,46.6590172063886,64.92398332390435,-0.01928,0.00628881,-0.270303,0.49339,-0.298851,0.353383,0.736461
18.810266494750977,5.562911652969405,-2.937508836214707,7.910889728204893,-1.8495960173091714,-1.2125127548687278,0.5328817068496354,0.03301,0.347451,0.260908,0.391039,0.743859,0.356826,-0.407968,-0.0135113,0.142832,-0.260175,0.751723,0.142427,0.287444,-0.576197,73.60942989390065,-10.1970666480541,5.828403203460841,-7.717793123558572,2.7391223279786274,-22.886488982104275,45.890890988399875,65.48704837701332,-0.01619,0.00581026,-0.270119,0.513337,-0.307233,0.349274,0.72118
18.866629362106323,3.6675003047548382,-8.416822778024358,3.4309795943570585,-1.7328253441474073,-1.341649847734032,0.7101286640043059,0.0330228,0.347517,0.261069,0.391748,0.743448,0.355878,-0.408863,-0.0144335,0.143208,-0.259523,0.756174,0.135983,0.291377,-0.569919,73.5451288894833,-9.576226776239016,4.713680020027294,-8.931633621114983,1.1371751153468281,-22.729344740442563,44.63736581678247,64.47158511253002,-0.0136066,0.00597525,-0.269664,0.497255,-0.304303,0.34599,0.735138
18.924574375152588,6.6330099777530735,-12.461818683932412,-0.6496023063546117,-1.3930750795994933,-1.5420297914450765,0.8964919518776374,0.033239,0.347637,0.261668,0.3898,0.745418,0.356596,-0.406506,-0.021186,0.146085,-0.258676,0.763262,0.119381,0.317755,-0.549737,72.42909018799587,-8.86515586833818,0.5559772305693009,-5.542573386231361,0.7074031210658518,-24.23408807940408,46.12404030987244,64.83049142259671,-0.0134504,0.00909208,-0.269709,0.470977,-0.293744,0.347328,0.755817
18.98138117790222,4.770726271614372,-18.2282483395281,-4.605076800697192,-0.7127551427932763,-1.379786550150227,0.9623772747820374,0.0331713,0.347838,0.262149,0.390285,0.745309,0.356733,-0.406122,-0.0308512,0.148201,-0.25766,0.773769,0.0895577,0.342486,-0.525323,71.88362770502967,-7.864398488146755,-4.6768198935743515,-9.34278441444928,-1.0498362346474934,-22.88410253312167,42.72858170863025,60.99264953041401,-0.0155255,0.0117655,-0.270054,0.436025,-0.28817,0.351019,0.776933
19.039124727249146,4.611035098742724,-18.001007088455314,-6.7690475411275015,0.06055983647607678,-1.4920417329780065,0.9218633647968364,0.0331841,0.348022,0.262546,0.387833,0.746015,0.358772,-0.405376,-0.0382564,0.149542,-0.257441,0.780034,0.0710572,0.360669,-0.506376,71.52510611789562,-7.1151142870204,-8.226570475317715,-9.917239746219309,-0.9025327790348072,-23.976054248514792,42.90844703643891,59.345502731266514,-0.0164715,0.0142858,-0.270635,0.406907,-0.284254,0.346905,0.795791
19.094550848007202,4.847025279642648,-17.71172850446569,-4.580363970319662,0.11405361511285862,-1.6039670758185536,0.9207869424517133,0.0330816,0.348092,0.262408,0.388814,0.744479,0.359921,-0.406242,-0.0412587,0.149036,-0.25706,0.782908,0.0639382,0.367665,-0.497785,71.10835357819059,-6.675144492583853,-9.420336995067476,-10.224619492856512,-1.0845405165522024,-24.361611709990974,42.65461600561757,58.46733931660414,-0.0173007,0.0141845,-0.270641,0.397398,-0.281888,0.347672,0.801086
19.156202793121338,6.4266846942748375,-17.25273577526806,-3.5252923927555173,0.015161595599941877,-1.4406699759590844,0.9017892944437234,0.0330716,0.348099,0.262384,0.388937,0.744542,0.359744,-0.406164,-0.041381,0.148404,-0.256832,0.78031,0.0632886,0.365463,-0.503536,71.4681864067657,-7.247662451035514,-9.08088487303407,-11.055283041805893,-1.0675432157007592,-23.180078062693177,42.07236058984471,58.87542274187214,-0.018016,0.013152,-0.270225,0.399403,-0.278822,0.351497,0.799491
19.212207317352295,5.352958337937187,-17.55705600282173,-4.014680706319017,-0.036443517741063386,-1.3097545751520765,0.9922926332375325,0.0330868,0.348058,0.262413,0.388662,0.745233,0.358854,-0.405948,-0.0393173,0.147599,-0.256698,0.780785,0.0688917,0.358879,-0.506788,71.74686502678726,-7.060808147492315,-8.203248360322537,-10.248138120524665,0.12832186970033632,-23.712521386051286,42.60938741225418,58.27235694623986,-0.0179381,0.0120367,-0.269395,0.40793,-0.280163,0.354904,0.793187
19.26871681213379,5.219913293172042,-18.089960826602706,-3.234670379140566,-0.5391708219813981,-1.0814146252717458,1.0012047457152045,0.0331989,0.348055,0.262496,0.386973,0.746303,0.359374,-0.405134,-0.0300543,0.14704,-0.256977,0.775301,0.0893173,0.334084,-0.528506,73.23823324840784,-7.818247979417082,-4.059082266388788,-9.562209413501499,0.7490905420067691,-23.213776012149502,43.16631329275099,60.050583961001045,-0.01612,0.0101376,-0.268013,0.443226,-0.29075,0.352171,0.771357
19.32447099685669,6.276330554352215,-17.786909931037062,-2.5759148969210814,-1.0428485117369455,-1.4474322013568561,0.9687974964563564,0.0331711,0.348071,0.262393,0.387861,0.745141,0.360036,-0.405836,-0.0179824,0.145917,-0.257342,0.761839,0.120736,0.303384,-0.559448,74.14297200682105,-9.441964193976728,2.151829759355424,-8.250784421079043,0.5469354543751237,-21.793433794676943,44.047523009359566,64.13187561892742,-0.0121863,0.008897,-0.26689,0.477942,-0.305732,0.349886,0.745439
19.38200092315674,7.253782363172636,-15.230509363357113,-1.2753745563233223,-1.4518912958272652,-1.5492157069073142,0.9634305791063501,0.0332096,0.348004,0.262394,0.387002,0.745937,0.359674,-0.405514,-0.0168416,0.142753,-0.256329,0.763435,0.118878,0.296169,-0.561532,75.06853765870558,-9.336119558230044,2.354636692812697,-8.515451250655946,1.5880671505158546,-22.31443613828136,44.43051911050317,63.611988317543414,-0.0123199,0.00579471,-0.264274,0.480705,-0.309341,0.352834,0.740769
19.439130067825317,6.410448790668339,-15.047753333266956,-3.1851166443902836,-1.2662940755494856,-1.4072163418290473,1.0196360978392949,0.0331465,0.347975,0.262244,0.38917,0.744535,0.358933,-0.406671,-0.0236241,0.139271,-0.254786,0.776976,0.0892669,0.308578,-0.541405,75.50543292641736,-7.860784420386243,-1.85476919161297,-13.22585354530393,0.5666209713135189,-22.143958270381482,41.44393836249396,59.030542657750715,-0.0147208,0.00180371,-0.261423,0.456915,-0.303487,0.362039,0.753692
19.49527907371521,7.1886512549316075,-15.341237857314756,-4.6779318378812,-0.8741608552812364,-1.2985944785129901,0.9342161479448335,0.03317,0.348074,0.262389,0.387751,0.745085,0.360093,-0.405992,-0.0285603,0.138289,-0.25423,0.774863,0.0809795,0.321368,-0.538287,75.08110837263224,-8.424848728780297,-3.4518679522165296,-10.562250603496349,1.0433634309080801,-22.992290202658673,43.80939107764731,61.18248014483598,-0.0161771,0.00100712,-0.26039,0.443628,-0.299652,0.366136,0.761149
19.55309271812439,7.302307957127189,-13.619220677592077,-3.675339135539117,-0.6697891917091002,-1.2118999282224472,0.823632156263673,0.0330787,0.348067,0.262286,0.388755,0.744342,0.360017,-0.406463,-0.0315917,0.136678,-0.25389,0.777954,0.0716182,0.326208,-0.53221,75.07271337214685,-8.098214092092519,-4.766166365714715,-11.930801775456477,1.3218682439963914,-23.101012175525575,43.247738179691765,59.78375669639728,-0.0160035,-0.000408002,-0.259516,0.429369,-0.299736,0.368811,0.767971
19.610103130340576,8.238258122205574,-13.999319447353358,-3.234188197935905,-0.529904946367895,-0.9182089059324099,0.7404873628779097,0.0330564,0.348058,0.262279,0.388266,0.744644,0.359674,-0.406681,-0.0285549,0.135085,-0.253897,0.781604,0.0702374,0.321435,-0.529944,75.6074460886783,-7.479453248564158,-4.784861604979153,-12.420433763347233,-0.08072258655952425,-24.734673192556905,43.87511255478819,60.37824243381529,-0.0127135,-0.00188043,-0.258602,0.432296,-0.305111,0.36722,0.764968
19.666983127593994,8.546852370179822,-12.74205747595386,-0.6670702889050836,-0.7423380640200844,-1.1177070647714118,0.7549193366846374,0.0330617,0.348005,0.262238,0.388633,0.745217,0.358648,-0.406188,-0.0182121,0.13453,-0.25463,0.784026,0.0847822,0.300281,-0.536607,76.59252091777235,-6.847977922020675,-2.126110876900986,-13.589186207265449,-1.1663873254495414,-26.000075147680725,43.83385931457296,60.52727287801878,-0.00579372,-0.00264065,-0.258365,0.448314,-0.316894,0.363059,0.752849
19.72653317451477,6.861435707465742,-10.48361714515623,2.449531008887291,-1.1521336820179087,-0.9172504183337872,0.5518682794858389,0.0329271,0.347983,0.26202,0.388547,0.74582,0.357764,-0.405942,-0.0135565,0.131175,-0.254034,0.790255,0.0818164,0.290436,-0.533339,77.65032229691855,-5.895666119228871,-2.1025844686584083,-14.810954717606531,-2.2562994882811367,-27.914049636280474,44.274963713479245,60.179748181567675,-0.00161037,-0.00617146,-0.256143,0.452248,-0.328101,0.360506,0.746899
19.78040599822998,5.099895649390062,-10.212802019225052,0.4624044087646339,-1.3480829494415056,-1.2140439889457446,0.7132653575074149,0.0328767,0.348048,0.262032,0.388874,0.746016,0.357867,-0.405176,-0.00955592,0.129295,-0.25352,0.791343,0.0844007,0.286511,-0.533445,77.8315598638231,-5.740827851965602,-1.6802934283103212,-13.146091231727418,-3.2813108528027755,-29.7259821937538,46.08406619882627,62.208051931263235,0.00283689,-0.0081918,-0.254491,0.452569,-0.334589,0.359892,0.744117
19.837394952774048,3.8723529967458523,-9.063325578190007,1.7739652108644393,-1.2347549473417172,-1.0506982794767918,0.7692707315642533,0.0329701,0.348028,0.262191,0.390864,0.745582,0.356471,-0.405292,-0.00750827,0.127672,-0.252889,0.796748,0.075373,0.2848,-0.527637,78.23899786803673,-5.046365403088076,-2.6818475225885194,-16.1435802514501,-5.436304840497058,-29.670103870124798,44.45562992346127,61.19171873557686,0.00643131,-0.00932797,-0.25302,0.443348,-0.338628,0.361017,0.747289
19.893723726272583,3.5182512122132774,-8.124316638565213,1.8293273168619284,-1.077429214266511,-0.9744810223579391,0.7352260556988245,0.0328937,0.347988,0.262077,0.389768,0.747027,0.356764,-0.403424,-0.00533822,0.127361,-0.25309,0.791534,0.0822786,0.280707,-0.53657,78.46803542050685,-6.006702522536593,-1.62038852249664,-14.23710312657748,-4.789927236204292,-29.45287184934501,45.98580616254749,63.45845651981175,0.00798127,-0.00999905,-0.25316,0.452707,-0.336523,0.361694,0.742285
19.949510097503662,4.660131808689891,-6.453214422442348,3.383863026367757,-1.1653348686306788,-0.8669315110546044,0.5637118888531103,0.0329814,0.347921,0.262025,0.389545,0.747384,0.35613,-0.403539,-0.00355727,0.125783,-0.252417,0.78965,0.0869236,0.272605,-0.542756,78.98555868761444,-6.257414575897447,-0.5266655946500958,-14.176366559612426,-3.8312735644700098,-29.14740938720967,46.12183044913092,63.39207783099123,0.00663347,-0.0113281,-0.251572,0.457717,-0.346067,0.360256,0.735492
20.007675170898438,6.152718668156874,-4.32154960265109,5.284790476541158,-1.2970906756046454,-0.8501450703483325,0.3943515851416108,0.0329515,0.347865,0.261856,0.389172,0.746947,0.35635,-0.404512,-0.00459679,0.123166,-0.251535,0.786987,0.0882205,0.268708,-0.548328,79.35387872907297,-6.678798807877234,0.15469372572293238,-13.405283967551778,-2.5157625564174353,-29.148944851331727,46.96740232883347,63.864765467378156,0.00438666,-0.0143444,-0.249613,0.462824,-0.344458,0.365925,0.730233
20.061173677444458,7.316721190200863,-2.0859091097434495,6.054106538817033,-1.4375262184161588,-0.9837178391463537,0.2837711050977296,0.032901,0.347784,0.261662,0.389091,0.746395,0.356469,-0.405502,-0.00815546,0.120405,-0.250708,0.788653,0.0751364,0.27056,-0.546971,80.05739203167325,-6.718912505780202,-1.0889207739769695,-15.871664374625954,-2.7359375166318927,-28.211636668624074,45.85655795962867,62.84428111691696,0.00219221,-0.0170245,-0.247826,0.452954,-0.341103,0.372942,0.734436
20.116442441940308,6.839387770277315,0.07421425868335985,5.634421008638699,-1.2488840551177511,-0.9717169470461885,0.1301684100796328,0.0328379,0.347721,0.261404,0.390659,0.745163,0.355819,-0.406829,-0.0161511,0.117503,-0.249996,0.787787,0.0639296,0.286851,-0.541315,79.0041856365869,-6.941650481596344,-3.156779309223497,-13.614475567899913,-1.2473810795587497,-29.02875976347358,47.45950701752341,63.23224574492306,-0.000994054,-0.0193997,-0.245775,0.429653,-0.336991,0.377806,0.747728
20.173829555511475,5.784169724362905,0.5038629130390245,3.3896459100897793,-0.8650961623611729,-0.9592595575368349,0.11306842202226297,0.0328703,0.347756,0.261424,0.390526,0.745543,0.355805,-0.406273,-0.0215821,0.115622,-0.249161,0.792319,0.043278,0.302797,-0.527893,78.7637589138827,-6.484632357925756,-6.5727000047248225,-13.921855213097679,-2.17247317454558,-29.930367495569804,47.84417460492511,62.99509402980731,-0.00168392,-0.0204546,-0.244572,0.409576,-0.333327,0.383916,0.757462
20.229273319244385,5.1815935347309905,1.3754354488160816,2.512078860838985,-0.8196671284201317,-1.0037367248677957,0.09764353635103322,0.0328599,0.347782,0.26147,0.390304,0.745804,0.355982,-0.405852,-0.0219533,0.114475,-0.24867,0.794569,0.035862,0.302323,-0.525333,79.31113163767282,-6.28293348133433,-7.348263652871758,-15.679582073280915,-2.4546942228162862,-29.644398722890635,47.04924239078352,62.12280510050254,-5.57401e-05,-0.0211869,-0.243548,0.399762,-0.333809,0.384957,0.761951
20.28423261642456,6.238622799812703,3.5268537588960966,4.732599268987135,-1.1284646638811688,-1.1110828595323015,0.004699916226231547,0.0327612,0.3478,0.261322,0.390431,0.745882,0.356305,-0.405303,-0.0191198,0.111445,-0.24785,0.795983,0.0376014,0.298023,-0.525527,79.60273523188337,-6.099188818368625,-6.943719896742904,-13.604192331812033,-2.3953638482666904,-31.728800480740098,49.34699659328153,63.66223452138771,0.00229746,-0.0246268,-0.240921,0.404846,-0.337913,0.387743,0.756023
20.340363025665283,7.396217063436464,4.516489442533277,5.762220786686042,-1.4623386267714686,-1.2351893043267081,-0.044485161696907596,0.0327118,0.347802,0.261218,0.390485,0.745986,0.355737,-0.405557,-0.0184114,0.108383,-0.246739,0.794142,0.0359721,0.292726,-0.531372,80.27901330141168,-6.520416094941903,-6.562050316862197,-13.868879266809728,-2.372539573669151,-31.623039472537435,49.85921089419283,64.68089347550023,0.00319751,-0.0271952,-0.23844,0.399026,-0.340465,0.390402,0.756603
20.39552879333496,8.275470293651967,7.112770495270647,6.106793413108975,-1.2029997237967762,-1.1650293949937316,-0.1693056474441071,0.0327125,0.347734,0.261106,0.39073,0.745765,0.355395,-0.406028,-0.0206173,0.105378,-0.245459,0.794457,0.0271004,0.294024,-0.530711,80.70598673861906,-6.598160359557049,-7.438173296953651,-14.705129496098742,-2.1441906802916932,-31.428571704951388,49.76882332829876,64.393784939412,0.00220664,-0.0301708,-0.235682,0.392455,-0.342866,0.393925,0.757129
20.450661420822144,5.295081118737002,5.13247365994834,3.844828542644181,-0.8149010166317983,-0.6079934878575463,-0.14483521018428228,0.0326842,0.347741,0.261085,0.390738,0.745681,0.355462,-0.406117,-0.0209257,0.103932,-0.244826,0.79689,0.0218101,0.292744,-0.528008,81.12930587007922,-6.251742957690864,-7.931241868533556,-15.840763156431322,-2.0256535463205054,-31.574751600963033,49.32706295798779,63.353537477688334,0.00250656,-0.0315469,-0.234397,0.392252,-0.342651,0.398088,0.755152
20.506779193878174,2.507313053102119,1.9855221651316752,5.245720345111293,-0.9644309009728287,-0.31977595609945625,0.06092641657379019,0.0327963,0.347764,0.261276,0.391199,0.745878,0.355786,-0.405024,-0.00928192,0.105688,-0.245363,0.796388,0.0436211,0.267843,-0.540484,82.13881825313298,-6.308542594934763,-4.0366129940482764,-16.935917698829936,-2.9184926558367508,-30.835695138444358,48.27850968626597,63.73765958295013,0.0070185,-0.0306712,-0.234809,0.421473,-0.355508,0.3895,0.737743
20.56082272529602,1.9605744691161902,2.404775193606497,9.986328454391714,-1.3052086304326287,-0.13675220507641717,-0.14510983040895695,0.032791,0.347697,0.26122,0.391819,0.746198,0.354473,-0.404988,0.00745692,0.105403,-0.244489,0.787646,0.0827558,0.225879,-0.567226,83.54874302075122,-7.2597205326267105,2.961476863811056,-16.77314408585255,-3.17774016726149,-29.513635116965425,48.251375021326766,65.91125127373365,0.0115975,-0.0318787,-0.233995,0.474719,-0.374775,0.379997,0.699848
20.61577320098877,2.4772250865657797,3.1395854103407568,11.45192530815516,-1.70154418340073,0.01201385991013919,-0.29632761776910826,0.032734,0.347674,0.261064,0.392486,0.746937,0.354277,-0.403147,0.0156364,0.101349,-0.241997,0.779882,0.102271,0.198827,-0.58463,84.78700461760329,-8.456932002350355,6.86890012049053,-15.789381633373647,-0.12475711099018838,-28.272393585213685,49.06179266342824,66.18258934129463,0.0118226,-0.0358322,-0.23024,0.504135,-0.386685,0.378274,0.673224
20.668846607208252,3.2430888043427837,1.0882651537370707,9.500920956060424,-1.750978934777901,0.0026668343396767185,-0.07486433272457509,0.0328832,0.347495,0.261147,0.393363,0.745883,0.354471,-0.404074,0.0173093,0.0984259,-0.239815,0.774729,0.1076,0.185367,-0.594859,85.56388920041876,-9.31435762274105,8.70182041318333,-16.813857402912333,1.0861090501343327,-25.898676865693893,47.98390471957747,65.55042838798448,0.0104053,-0.0385681,-0.226987,0.514492,-0.391226,0.381281,0.660958
20.72457003593445,3.9280003667015304,1.5026796310104953,8.468185274906233,-1.7666995928846796,-0.03122035167445809,-0.014664610411787229,0.033004,0.347545,0.261088,0.393337,0.745005,0.35497,-0.405277,0.0149988,0.0967961,-0.238978,0.773195,0.104227,0.190464,-0.595844,85.30836439701905,-9.61209863226529,8.289256672128094,-14.876720618165887,0.824134177819019,-26.420261036468865,49.2513370812312,67.26014572681292,0.00806739,-0.0401024,-0.225054,0.512307,-0.388592,0.387604,0.660531
20.777843236923218,3.22239253932444,2.8365991907875103,8.636423388413158,-1.7382833785983516,-0.0423947552535932,-0.16902836022207032,0.0329378,0.347484,0.261002,0.393908,0.744602,0.354421,-0.405944,0.0131438,0.0965975,-0.239106,0.772202,0.103638,0.190173,-0.597325,85.26981502681238,-9.757625346548267,8.345333167186041,-15.80220909126021,1.6930988062250591,-25.46787524868585,48.33695765447244,66.14667019751974,0.00723365,-0.0405776,-0.225125,0.507803,-0.384515,0.387748,0.666285
20.83434772491455,3.795627463650915,3.5831583908613784,7.933159804452365,-1.8093520115978452,-0.35628918172533647,-0.2126087866234987,0.0328933,0.347554,0.260985,0.393251,0.745436,0.35447,-0.405005,0.0110665,0.0970293,-0.23998,0.779006,0.0922636,0.196628,-0.588196,85.56967999283974,-8.917363966556088,6.449807198335893,-17.77452617400456,1.4876753170229122,-26.441716522550955,47.85668102411194,64.63243967266456,0.00730858,-0.0398604,-0.225923,0.498476,-0.384771,0.389881,0.671913
20.89108371734619,5.625234044399305,5.291750149032028,8.011610100887998,-1.7856279512960822,-0.6353184572088173,-0.2162001507672928,0.032872,0.347522,0.260992,0.393597,0.745383,0.354304,-0.404913,0.00225572,0.0966111,-0.240976,0.785346,0.0685434,0.225265,-0.572529,84.43825560957063,-8.243793063051475,1.9638514824392086,-16.45652581473655,0.26735815992520884,-28.73757872278474,49.29878491432371,65.77005349106038,0.00581606,-0.0404311,-0.225769,0.468342,-0.375307,0.396879,0.69447
20.94595241546631,5.900073527625674,6.110177125605149,6.113473734599859,-1.4229927455170321,-0.8500280967309085,-0.1024693088551736,0.0328496,0.347547,0.260929,0.393007,0.745547,0.354104,-0.405357,-0.0102472,0.0962417,-0.241375,0.791459,0.0366059,0.257532,-0.55311,83.49622776157031,-7.509488693276409,-3.607933573898695,-16.916420123428622,-0.6011532219364568,-29.853548106687022,49.40411522533205,64.77559747101772,0.00427795,-0.0405177,-0.225967,0.426264,-0.357915,0.403757,0.726069
20.9986674785614,4.7654244628430265,7.467769718859781,4.01854392478397,-0.9590005014937732,-0.9804671214984738,-0.17009045897430836,0.0328264,0.347583,0.261083,0.392296,0.74592,0.355282,-0.404328,-0.0166244,0.0971518,-0.241848,0.793977,0.0210948,0.277786,-0.540362,82.66059293858775,-7.241612010288301,-6.722679953030149,-16.104860024623683,-0.7824684017559349,-30.790877561154154,50.17072575290036,64.73589513115058,0.00423504,-0.03832,-0.227539,0.397339,-0.350655,0.40481,0.745179
21.054733276367188,6.496976221729431,8.890485819708566,5.862407964134129,-0.824810696706101,-1.2665170065950866,-0.10752230062039322,0.0328041,0.347676,0.261004,0.393265,0.746248,0.354013,-0.403895,-0.0197923,0.0989899,-0.242826,0.797302,0.0127953,0.291443,-0.5284,81.59881724903718,-6.584331891169869,-8.879868508670508,-16.12500055745951,-1.4051699898852164,-31.2939330710118,49.67430662842137,63.52100649915071,0.00491328,-0.036041,-0.230465,0.381672,-0.342448,0.404734,0.75713
21.111644983291626,5.587865252944188,8.686049316332467,4.998768886293836,-0.6316366594099734,-1.2077799710805732,-0.047796012377750004,0.0327163,0.347708,0.260958,0.392475,0.746126,0.354358,-0.404585,-0.0221358,0.100455,-0.243453,0.799326,0.00879625,0.299578,-0.52082,81.04710257411548,-6.07443588254022,-9.967027903536243,-15.665990967995633,-2.168817151115441,-32.2038571825617,49.90618563082068,63.3314747570395,0.00402516,-0.0343342,-0.232053,0.376656,-0.339961,0.403051,0.761647
21.16851019859314,3.5691789231585096,6.690503677819473,5.279211308497242,-0.7527461907321042,-0.9684413852216,0.1723670003248283,0.0328906,0.347559,0.261054,0.393121,0.745021,0.354306,-0.406037,-0.0204333,0.102706,-0.244399,0.798063,0.0169322,0.295232,-0.525021,80.86517578109314,-6.136241434887683,-8.648194826954242,-16.717822449841087,-2.990200226604941,-31.175945472438464,48.5139272355297,63.12875602005318,0.00232768,-0.0327934,-0.233455,0.392688,-0.341164,0.399781,0.754704
21.224780559539795,4.386724456787156,6.4361131701834555,8.730119423330729,-1.1156619526642946,-0.7525456310674212,0.2608189019741628,0.0329665,0.347489,0.260967,0.393289,0.745368,0.35486,-0.404753,-0.012957,0.10544,-0.245826,0.790327,0.0472513,0.269944,-0.547979,81.55670672636427,-7.419749185521738,-3.552601669785213,-16.768147771804202,0.2958034106004277,-28.337216211835006,47.44996865074305,62.52493950839477,0.000158112,-0.0316236,-0.235883,0.433251,-0.347323,0.392802,0.733054
21.27982211112976,3.9147647271185764,6.96818439138269,11.914587431442975,-1.3586918473116565,-0.3692634330528609,0.08025894256170389,0.0328571,0.347416,0.260792,0.392797,0.745946,0.353849,-0.40505,-0.00579737,0.106203,-0.246776,0.776703,0.079611,0.239991,-0.576887,82.39524934978289,-9.24571071446925,2.2077307440402674,-17.13133401216167,3.2948674492578007,-25.49261528150675,47.07229595068499,63.272344893528924,-0.00257402,-0.0316628,-0.237604,0.473378,-0.352385,0.388645,0.707597
21.335583686828613,3.911507872680781,3.6475252343239286,13.79314083263585,-1.8000967318142753,0.21571614912591808,0.2341763692031598,0.0331863,0.347253,0.260611,0.39259,0.744837,0.35345,-0.407633,0.00583457,0.107426,-0.246628,0.758781,0.120659,0.207538,-0.605492,82.46057191837794,-11.002512711907103,9.246596637165439,-15.025875235145314,3.0826011174152654,-23.031756271645897,47.409923737076404,66.64439798378321,-0.00518856,-0.0296957,-0.239365,0.5327,-0.362618,0.382324,0.662244
21.392942667007446,4.292863114781791,2.487164987300444,15.758850928633496,-2.0289904810827495,0.5634074897053531,0.345928939618329,0.033256,0.347173,0.260601,0.391373,0.744822,0.353858,-0.408476,0.00360009,0.108056,-0.246947,0.755041,0.123727,0.206979,-0.609725,82.3956478314424,-11.427126656562805,9.80738447350539,-14.776686875985963,4.4048359618637605,-22.391931228195226,47.35492868322462,66.37787450065007,-0.00936644,-0.0289612,-0.239991,0.540228,-0.363504,0.381241,0.656257
21.446492910385132,2.00479077397318,2.5695256731126936,13.863581590852444,-1.826643186722068,0.31992552889149906,0.34604278893096074,0.0331438,0.347184,0.260311,0.392,0.744159,0.353423,-0.409458,0.00327968,0.11047,-0.248032,0.756579,0.123751,0.209352,-0.606997,82.06052840835282,-11.050231454408987,9.639964604211443,-16.17573302352239,3.1052462494308344,-21.572849520082315,45.811545463568876,65.34024619716322,-0.00810687,-0.0267299,-0.242527,0.535456,-0.358156,0.379994,0.663789
21.502121925354004,1.4699975791556954,2.372798231848875,11.761557491771242,-1.6109630219328521,-0.2789989379885669,0.3439239708710083,0.0331794,0.347327,0.260668,0.392181,0.744189,0.354231,-0.408531,0.00415161,0.116159,-0.250163,0.760991,0.12921,0.221751,-0.595838,80.57072896336254,-10.008932414521261,8.969622670070908,-13.921936452000221,2.2439655950343536,-24.033394735181595,46.59945211576813,65.56989296501871,-0.00430844,-0.0215209,-0.247256,0.527683,-0.351628,0.369678,0.679151
21.558391571044922,2.385530318912866,5.738576334743918,13.456025191268948,-1.428048534218195,-0.9417787158833699,0.17104785983559487,0.0329616,0.347314,0.26063,0.393125,0.744632,0.354166,-0.406869,-0.00431586,0.120453,-0.25311,0.772009,0.108151,0.252565,-0.573163,79.0854437988932,-8.74397352434921,4.164822673509917,-14.68070312271599,1.4084183866711584,-25.64746221351725,46.10455253369249,63.53326258673299,-0.00451226,-0.0175395,-0.251856,0.492871,-0.337869,0.369256,0.711739
21.614291191101074,5.154035149067857,6.411213817143122,12.38542592110769,-0.9536514915529166,-1.0358189083879,0.1959550984470517,0.0328955,0.347325,0.260433,0.393306,0.744524,0.354001,-0.407035,-0.0259642,0.120852,-0.252967,0.784196,0.0606324,0.307701,-0.535425,76.84116337209579,-7.420821458891675,-4.946222542103928,-13.508654724619305,1.9028581353562117,-27.348179883211067,46.45098903842162,60.62033737685663,-0.00998108,-0.0161012,-0.252488,0.42687,-0.31531,0.37616,0.759516
21.670959949493408,4.300056393787367,4.826563635795633,6.064448745596223,-0.05662666640570031,-0.8893622785040778,0.20381886756820228,0.0328497,0.347444,0.2607,0.392355,0.744433,0.354888,-0.407347,-0.0369589,0.122061,-0.251354,0.790325,0.0296754,0.340352,-0.508593,75.60331661088678,-6.558872702349656,-10.707947910272871,-13.4954965764557,-0.5027900659812303,-27.56955256730378,45.69620489494381,59.69654163441862,-0.0111448,-0.0134923,-0.252842,0.386955,-0.304983,0.379428,0.783126
21.72797989845276,3.585745293562636,3.1841099067855962,5.1198699891699615,-0.3038472792071521,-0.7114626719023015,0.30647483745686127,0.0330536,0.34765,0.261055,0.391121,0.744705,0.356172,-0.406916,-0.0324876,0.125232,-0.252957,0.792233,0.0377473,0.333528,-0.509609,75.88537751740122,-6.148480374080997,-9.525374100043686,-14.515554545920903,-1.6128445347321403,-28.18951869564311,45.330271296503334,59.80582009470532,-0.00715116,-0.0100644,-0.255292,0.39084,-0.31241,0.370241,0.782666
21.783801555633545,1.7666686902561923,1.0666937369717178,11.522801844124666,-1.0702988431532294,-0.5741849211652158,0.20852110417848585,0.0328887,0.347559,0.260964,0.392986,0.743853,0.356049,-0.406785,-0.0134104,0.129233,-0.2556,0.788637,0.0853946,0.296455,-0.53186,76.2343769984995,-6.00416060619761,-2.0784632726851164,-12.909611739696913,-2.6287579466400146,-29.45381451948763,46.020228201992296,61.95409489571538,0.00129639,-0.00828699,-0.258445,0.44624,-0.327353,0.358545,0.751768
21.84200143814087,4.165664653660234,3.6557398046159277,14.608389510969117,-1.3907914894571007,-0.5814522048194468,0.1477203947541711,0.0328499,0.347494,0.260853,0.391932,0.74583,0.354214,-0.405782,0.000439379,0.129283,-0.255458,0.781925,0.114766,0.262139,-0.55381,77.75267823286103,-6.539714674928653,3.19764060823751,-13.335350824454107,-2.4740020390891004,-28.758402799846714,45.870325768785534,63.10885695059651,0.0056214,-0.00867937,-0.258456,0.488904,-0.341429,0.349703,0.72257
21.896819591522217,4.942447374245885,1.8875949590911176,15.538316826974013,-1.7491259924894067,-0.771047578297541,0.07194236494443065,0.0328696,0.34748,0.260914,0.39313,0.745685,0.353975,-0.405098,0.00728123,0.127755,-0.254164,0.774041,0.132539,0.245604,-0.568307,78.04358041565061,-7.517535713453033,6.396079496313394,-11.568810280567249,-1.5284448282597083,-27.779744977796987,46.529711577962765,64.94638279231788,0.00670912,-0.0101452,-0.256564,0.507703,-0.347812,0.346383,0.708013
21.95392942428589,7.02508196042842,3.8527796834269936,12.745934173438815,-1.7219753144470702,-0.8474381396713909,0.14033318315260734,0.0329062,0.347456,0.260891,0.392133,0.745939,0.354196,-0.405402,-0.00371898,0.125306,-0.254213,0.784274,0.100325,0.26442,-0.552206,78.5158206669065,-6.717058883683669,1.666472237944994,-15.068761829729219,-0.9923955931756652,-27.915780926963542,45.33023499932772,61.540988670210254,0.0017483,-0.0124336,-0.255092,0.478297,-0.339749,0.357729,0.726521
22.009642124176025,5.9296133988002815,4.392934724742256,10.59509016664898,-1.1253383688554675,-0.6514388493910127,0.0824942375173563,0.0328542,0.347464,0.260711,0.39258,0.744879,0.354705,-0.406473,-0.0213084,0.123233,-0.253725,0.787994,0.0657625,0.303844,-0.531432,76.8948522096846,-6.646986932225294,-4.4635335042615,-13.572922183487805,0.03504385186175085,-28.58765683263899,46.465799750748744,60.915406211816304,-0.00394179,-0.0130471,-0.254314,0.425412,-0.32476,0.367894,0.760401
22.067909240722656,3.9332207706235356,2.5861142661986842,6.288299603756106,-0.4961889943648181,-0.36190675355706614,0.13020250303739256,0.032878,0.347538,0.260966,0.392502,0.744345,0.356584,-0.405881,-0.0230991,0.126568,-0.254522,0.790407,0.0623399,0.315845,-0.521164,75.94279687465375,-6.2507822551534025,-5.776641569851922,-12.705135601084393,-1.1650347283327918,-29.147309669135147,46.52184756307818,61.11915549241534,-0.00220655,-0.00958776,-0.256508,0.414216,-0.324716,0.362236,0.769266
22.12296199798584,1.0028508744339137,1.8421881378637075,8.967165484736267,-0.8299370586561104,-0.19152127585364329,0.060454419255143096,0.0328886,0.347616,0.261111,0.391851,0.744758,0.356008,-0.40626,-0.010617,0.130123,-0.255797,0.794515,0.0809843,0.294543,-0.524816,76.7432146139479,-5.060962162211752,-2.7966959419336703,-14.537308649371536,-4.799331888596221,-30.501114033306287,45.391772685264264,61.47005489907131,0.00480917,-0.00661979,-0.259011,0.442292,-0.336486,0.351633,0.753332
22.181760787963867,1.8316515772189128,4.23566787282138,13.14102705632042,-1.5005801087261985,-0.5916414893343824,-0.09988540823262215,0.0327416,0.347634,0.26109,0.39265,0.746216,0.354727,-0.403926,0.00434246,0.130179,-0.255342,0.788279,0.111785,0.2632,-0.544835,77.7727859997381,-5.682874311224024,2.3888840907976867,-13.442000963355625,-4.5706027265115665,-30.127859323499273,45.91134704712118,63.30414903417822,0.0120008,-0.00777613,-0.258616,0.483994,-0.344567,0.345839,0.726236
22.238331079483032,7.038883111964278,7.902359845125175,16.043387970100245,-2.2408900335686233,-1.139001004353884,0.15064952733319237,0.0327337,0.347523,0.26095,0.393434,0.747841,0.352604,-0.402013,0.00208642,0.123955,-0.253927,0.790757,0.0969083,0.263795,-0.543806,78.59952891671088,-5.904833004746141,0.617012581826403,-14.180200940446401,-2.833813102270355,-30.256002832706194,46.61780170534685,62.63474718213024,0.0104517,-0.0134834,-0.254186,0.470214,-0.345949,0.353801,0.730782
22.296502590179443,5.186682639677518,5.591610970405534,10.835768455592266,-1.4580057999846963,-0.7062071674987949,0.2483199383156214,0.0328627,0.347512,0.261009,0.393324,0.747449,0.352998,-0.402503,-0.00820211,0.122331,-0.253553,0.795187,0.0728259,0.285029,-0.530219,78.08228700091615,-5.6061989064998,-3.2998979881243127,-14.752078577483495,-2.121562747049907,-30.305008795017024,46.45243249192835,61.03017482069637,0.00599963,-0.0143621,-0.252898,0.438927,-0.3439,0.359362,0.748288
22.353824377059937,3.114182559064446,5.29824015393732,9.04734435932584,-0.9356999560078237,-0.1712366619885655,0.08885715460054053,0.0328578,0.347512,0.261142,0.393153,0.745832,0.354846,-0.404042,-0.00741098,0.125169,-0.254215,0.792297,0.0812105,0.285127,-0.533266,77.60798636397868,-5.825641453372546,-2.096402312856572,-14.060315505651015,-3.347617100111691,-30.058883729479128,46.32382381242259,62.33641618344039,0.00634613,-0.0118712,-0.254851,0.448398,-0.340149,0.35809,0.744989
22.411727905273438,1.8158046459528454,5.113980787233906,12.00899346948105,-1.2556847206647186,-0.1770428548364702,-0.14949127787441704,0.0328196,0.34757,0.261055,0.392967,0.746565,0.354119,-0.403507,0.00134111,0.126348,-0.254435,0.786232,0.105035,0.263706,-0.548877,78.18135472593032,-6.368769417764804,1.8481514506401968,-13.49563183434827,-2.657802103104423,-29.42382854408256,46.414460670831794,63.23885383582681,0.00880663,-0.011166,-0.255855,0.477125,-0.347213,0.35358,0.725793
22.46802592277527,5.979943373483363,7.541710484467207,15.998239171499776,-1.7508968521865294,-0.651363966080522,-0.08421393750762199,0.0327309,0.347511,0.260904,0.393691,0.747264,0.352812,-0.40265,0.00756559,0.124994,-0.25375,0.781873,0.11896,0.247249,-0.559813,78.7546046884878,-6.851118920917191,4.371438652074712,-13.263047070759178,-1.6829296136044007,-28.781511497630625,46.48782342941327,63.633023276407435,0.0103285,-0.0128019,-0.254797,0.496587,-0.351521,0.352313,0.711133
22.523492336273193,6.351811499933601,8.509080014974414,15.282333563332998,-1.9841531783493649,-0.9059733210370872,0.03591939576054255,0.0327513,0.347433,0.260854,0.392655,0.747684,0.352001,-0.403591,6.07478e-05,0.121659,-0.253136,0.785333,0.0996122,0.25839,-0.553682,79.04745443354086,-6.689356752882,1.6492569020594274,-14.116659868567364,-1.154579718313343,-29.251275861639222,46.85114822260491,62.88245309897942,0.00666121,-0.015698,-0.252423,0.475261,-0.348377,0.360636,0.722981
22.57726001739502,7.394735529811704,7.931363238008339,11.17395072431458,-1.3190524035286257,-1.003450938348902,0.34780447135724196,0.0328974,0.347471,0.260865,0.394087,0.745696,0.353426,-0.404627,-0.012388,0.121194,-0.25303,0.785805,0.0758837,0.288377,-0.54184,77.62281556494213,-7.12094252940068,-2.4259844048047974,-13.248288776581322,-1.289952266259185,-28.53825068016301,46.97386971268219,63.234223962232505,0.00215503,-0.0156194,-0.251928,0.43855,-0.337017,0.367372,0.747751
22.632498741149902,5.130808750227126,8.074982133356118,8.873785967025134,-0.7180309336295569,-0.5465530292492431,0.13327342675541876,0.0328337,0.347465,0.260824,0.392877,0.745836,0.353515,-0.405468,-0.020507,0.121677,-0.253048,0.792073,0.0572719,0.308005,-0.523902,76.90427510063218,-6.108248050575394,-6.002860667490231,-13.320768053070527,-1.51283640377752,-29.86232436202129,47.05552975050752,61.487243160280826,-0.000928795,-0.0145288,-0.252869,0.415743,-0.3297,0.367888,0.763619
22.68876314163208,2.4995126494224937,6.642215743238119,9.72790110474796,-0.841718562778822,-0.10261039674398065,0.02254683127741865,0.032868,0.34751,0.260907,0.393134,0.745548,0.354261,-0.405097,-0.0109873,0.124931,-0.254566,0.79193,0.0810265,0.288449,-0.532051,77.23855903379304,-5.725438864661488,-2.3308038265869726,-13.637339411476667,-1.421317742442234,-30.279344003158137,46.65225472166063,61.054394658755996,0.00242933,-0.0121663,-0.255473,0.447191,-0.337845,0.358747,0.746446
22.74599814414978,2.989319789526572,7.283617351426097,13.857406135476777,-1.3974718319593653,-0.24511071012333224,-0.18491261753403726,0.0328079,0.347476,0.26078,0.394012,0.745563,0.353411,-0.404959,0.00686272,0.125448,-0.25386,0.776687,0.126657,0.246138,-0.565802,78.27970729839278,-7.321976885439088,5.689197556986272,-12.169188174429532,-1.5668144819199128,-28.381523869944708,46.80662945148954,64.72462209360945,0.00819378,-0.0124374,-0.255344,0.503467,-0.35039,0.352996,0.706499
22.80231475830078,7.102986355910824,8.331384183300413,18.118416554127915,-2.244222073623027,-0.6880234537665072,-0.16204250559096678,0.0327605,0.347409,0.260707,0.392634,0.747605,0.352385,-0.403424,0.0130205,0.121856,-0.251817,0.769856,0.138665,0.225106,-0.58088,79.62916813233217,-8.28755709267073,8.356947716039262,-11.364217916736091,0.1827842744757362,-27.447803416391885,47.575159707589904,65.64414619748443,0.00841342,-0.0153803,-0.252072,0.521329,-0.360785,0.353125,0.688006
22.85841989517212,11.148169151009002,10.172640891319755,15.316305462047314,-2.5023334532916253,-1.3217297033046573,0.3794954662163985,0.0328271,0.347394,0.260739,0.39314,0.746058,0.353406,-0.404897,-0.000836804,0.117618,-0.25146,0.781093,0.0982858,0.251883,-0.56284,79.80518190041363,-7.607846985395193,2.596280814989507,-14.444155992442798,-0.259139634552767,-27.945922241692323,46.927042441308224,63.68520839351384,0.00307137,-0.0199216,-0.248689,0.481568,-0.34606,0.368764,0.715785
22.91425323486328,7.020480158749313,10.111038097853822,8.568947101392087,-1.1201558486243095,-0.919705212253554,0.4282611850898464,0.0328154,0.347426,0.260638,0.393944,0.744892,0.353812,-0.405908,-0.0216977,0.116932,-0.251125,0.788463,0.0537588,0.301372,-0.533489,77.82292454850473,-7.03153356546452,-5.3775501408954876,-14.095332221816744,0.15527889305248976,-28.256393335957675,46.793368289086494,61.481345259155205,-0.00316895,-0.019271,-0.248552,0.416734,-0.328156,0.37839,0.758596
22.968137741088867,3.8896500698536203,9.48714156734237,5.734289319644786,-0.657074974576392,-0.6084253464026965,0.3169035045644336,0.0328703,0.347511,0.26087,0.393004,0.745332,0.354357,-0.405536,-0.0217923,0.120703,-0.252455,0.792085,0.0527033,0.31038,-0.522961,77.00495362002053,-6.249652183656376,-6.484546575656149,-13.423457389122131,-1.588015938105066,-29.65104220634087,47.06597204377152,61.680299279199836,-0.000708262,-0.0152968,-0.251837,0.409563,-0.325128,0.370939,0.767433
23.023972034454346,3.2272037245011695,9.928255638859262,12.058739880374112,-1.2058700405909089,-0.7007274656490274,0.09604194161263689,0.0328707,0.34752,0.260844,0.394227,0.745239,0.354016,-0.404817,-0.00808602,0.125302,-0.254625,0.794594,0.0809761,0.287022,-0.52885,77.20296573866963,-5.294259603394757,-2.391759166328054,-14.178652478388244,-3.0912572187110428,-30.627628167348952,46.13095313579459,61.190488791790266,0.00635835,-0.0119706,-0.255723,0.446521,-0.334376,0.362614,0.74654
23.079180002212524,8.406111308595452,12.602182357369452,16.908861918991164,-1.8505065770012885,-1.2810221072007089,0.42369445039818865,0.0327012,0.347469,0.260746,0.39336,0.746957,0.352726,-0.403619,-0.00369952,0.124795,-0.254885,0.789504,0.0926922,0.274816,-0.540895,77.78646506648988,-6.016042849920435,-0.3814963432904541,-13.635160577928065,-2.2809471512618202,-30.335389155716506,46.925179851171315,62.53556035794404,0.00827009,-0.0125509,-0.255965,0.458778,-0.337811,0.359136,0.739207
23.13704252243042,8.126432964319722,11.094343565970389,16.405882481095894,-1.8012446497744574,-1.1725927355614845,0.42856162343070836,0.0328366,0.347382,0.260847,0.393345,0.747163,0.352048,-0.403844,-0.00739162,0.123317,-0.254232,0.794504,0.0820244,0.284915,-0.529962,77.37674170401951,-5.249900242845442,-2.4677828412690737,-12.619715105148046,-1.9985602992034188,-31.902206998248523,47.83635254699562,61.72919491271009,0.00582439,-0.013789,-0.25447,0.44692,-0.335677,0.361926,0.746052
23.193978548049927,8.48221825997087,9.248116913183825,10.300114083193453,-0.8197728687920212,-0.7802800299915935,0.43220935336484906,0.0328373,0.347493,0.260819,0.393875,0.745596,0.353714,-0.404766,-0.0171186,0.123475,-0.25404,0.788742,0.0681575,0.303721,-0.53009,76.57963171977177,-6.588870266247191,-4.492903726488199,-12.590606069332868,-1.707483679128849,-29.452575496972834,47.23752292002312,62.71401594219394,0.00186765,-0.0132247,-0.254585,0.42573,-0.328588,0.365044,0.759952
23.248282194137573,5.806315317153299,8.139208692419116,11.300701296001062,-0.7833504555194893,-0.3050304798531081,0.09943988117911474,0.0328154,0.34751,0.260863,0.392726,0.746071,0.354453,-0.40436,-0.0159284,0.123995,-0.254415,0.790574,0.0701877,0.298439,-0.530094,77.09698352439362,-6.274066505292675,-4.026738039977943,-13.59486111225614,-0.9369363018717678,-29.61056380505645,46.87663443842019,61.434774473102756,0.00164067,-0.0123306,-0.255291,0.429094,-0.333354,0.362399,0.757245
23.3046612739563,6.2721721587180115,7.260632202955652,14.494112425022994,-1.0140988105569473,-0.36348371965809506,-0.03885582641567594,0.032803,0.347514,0.260829,0.39383,0.745409,0.353815,-0.405066,-0.00641954,0.124672,-0.254417,0.790398,0.0878467,0.277744,-0.538899,77.77707631913648,-5.936188560197638,-0.8055218043430674,-14.746612849782167,-2.260158778566442,-29.51741485041031,45.842106681648694,61.44650710120135,0.00529261,-0.0127756,-0.255385,0.457469,-0.338096,0.361236,0.738866
23.361478328704834,9.335241957371602,7.877757102158576,16.514251307483455,-1.4352857918725308,-0.684329742562855,0.1538418945731668,0.0327093,0.34749,0.260785,0.392785,0.747026,0.353067,-0.403753,-0.00398307,0.121956,-0.253577,0.78811,0.0911647,0.268916,-0.546128,78.58712596134362,-6.401547411734934,0.07673063138094705,-13.91320699694586,-1.060032935697194,-29.814153579647304,47.09629763971949,62.410677184562516,0.00610014,-0.0158286,-0.252774,0.463593,-0.341897,0.362033,0.732884
23.41686773300171,8.252725574839765,7.314433640927672,15.60916571924814,-1.2677827631687861,-0.35617600714160247,0.07747751639157709,0.0327584,0.347482,0.260778,0.393882,0.746018,0.352873,-0.404715,-0.00557692,0.118265,-0.252163,0.791316,0.0780172,0.26987,-0.543049,79.21112911974748,-6.205879600261274,-1.1701089091775732,-16.005912966853558,-2.114815504080532,-29.558040009733155,46.32498462936131,61.922306452178205,0.00591989,-0.0192013,-0.249518,0.454919,-0.343498,0.368153,0.734521
23.474672317504883,8.166021903763367,6.959805239900255,13.204896151988997,-0.9265455475076695,-0.17838484001520397,0.07578201564939296,0.0327722,0.34751,0.260791,0.394392,0.7453,0.354016,-0.404544,-0.00522522,0.117428,-0.251618,0.789339,0.078841,0.270192,-0.545641,79.15816989910222,-6.654259146912126,-0.8727022843096979,-14.893152117598088,-2.261208435446868,-29.38647799033169,46.93117026708674,63.26926052386837,0.00650724,-0.020151,-0.24837,0.455079,-0.346064,0.370481,0.732043
23.53282380104065,5.540246584450254,7.386299790541647,14.490962338924621,-1.1466364588578677,-0.03390715670140205,-0.15422481977763416,0.0327175,0.347546,0.260842,0.393775,0.746305,0.353995,-0.403309,-0.00111298,0.116983,-0.251364,0.787046,0.0905103,0.259709,-0.552194,79.51165174180456,-6.88804678891416,0.9266459009363022,-13.371721031877343,-0.671215656753489,-29.952549476873635,48.129000011682464,63.81169094884005,0.00772356,-0.0204991,-0.247762,0.462732,-0.355428,0.367987,0.723972
23.590316772460938,7.1958820516772075,7.898144199783011,14.850404094306116,-1.666548633268589,-0.6125746273683659,0.031712751597708304,0.0327479,0.347584,0.260841,0.394174,0.746253,0.353682,-0.40329,0.00490111,0.116359,-0.2506,0.788587,0.097188,0.245811,-0.555213,80.33047853308837,-6.523913770124362,2.461382836074433,-14.834995825105953,-1.4948829886583113,-29.847873530107442,47.245546632438185,63.21462114067261,0.0112587,-0.0215263,-0.2468,0.477434,-0.356,0.365699,0.715252
23.647249460220337,7.931800622521791,7.717537463700561,13.444436835008792,-1.5945309264826415,-0.6959995228670345,0.15360290381013755,0.0327682,0.347575,0.260958,0.393639,0.746981,0.353635,-0.402505,-0.00143292,0.114882,-0.250331,0.790321,0.0814643,0.262855,-0.547416,79.80827058344597,-6.595478870195681,-0.39605916448357803,-13.182348840176843,-1.3844499847823286,-30.817811474665724,48.73544696249198,64.20722099643172,0.00960007,-0.0225206,-0.24544,0.454562,-0.353686,0.370394,0.728758
23.704601049423218,5.144928683866993,6.933574709276035,9.755515347418115,-1.0249938838883648,-0.40363314164808634,0.09036080134460434,0.032769,0.34757,0.26099,0.392778,0.747648,0.353033,-0.402636,-0.00632767,0.115064,-0.25061,0.796716,0.0631958,0.278813,-0.53246,79.41522855784375,-5.667879675691401,-3.706745039533491,-13.875020111942096,-3.221916591580147,-32.17516091832709,48.722552567521056,63.59267521100244,0.00958011,-0.0217524,-0.245995,0.432826,-0.349733,0.370875,0.743505
23.761195421218872,5.149689916210745,8.247435202107559,10.262006799252982,-0.968469476184443,-0.4245490135187401,-0.004628643041245853,0.0328228,0.347588,0.261031,0.392731,0.747453,0.353672,-0.402483,-0.00474374,0.11613,-0.250866,0.796824,0.0672027,0.275276,-0.533647,79.52764973936422,-5.617075616337052,-3.0385704861818894,-14.280641935729989,-3.138003030652996,-31.82962575378614,48.20212922890942,63.14294568867886,0.0106656,-0.0208662,-0.246832,0.435326,-0.350479,0.368795,0.742729
23.818402767181396,6.776045112616911,11.5549238305904,13.33819880813877,-1.4084557570417242,-0.9119886331547145,0.059060074912515664,0.0326665,0.347562,0.260823,0.393913,0.746888,0.35297,-0.402993,-0.00603731,0.114652,-0.250768,0.794684,0.0663585,0.277916,-0.535572,79.19895423116927,-5.993153103252721,-3.1543230134705524,-13.493979585327303,-3.1009715729466834,-31.931203443499122,48.922954259059416,64.22229287401132,0.00988411,-0.02214,-0.246136,0.433868,-0.347382,0.371057,0.743909
23.877602100372314,7.974482676799349,12.064148656621901,12.029305679067898,-1.187560939821493,-0.910829357966038,0.1469526244556101,0.0327804,0.347499,0.260791,0.39476,0.745863,0.35297,-0.40406,-0.0118934,0.112648,-0.249781,0.791893,0.0557405,0.284517,-0.537446,79.23130091619149,-6.709067783915641,-4.2696448533344675,-14.785188765004182,-2.1890187464648747,-29.877731130349837,47.796636827843514,63.53264974340195,0.00631948,-0.0236775,-0.24422,0.418674,-0.347754,0.376837,0.749516
23.934590339660645,7.839500104161561,12.264132310643978,9.981056014754616,-0.920854108295861,-0.6794626803453317,0.14726939425047275,0.0328127,0.347494,0.260772,0.394657,0.745121,0.353773,-0.404828,-0.0134367,0.111583,-0.249222,0.793903,0.0503398,0.284355,-0.535095,79.60259329285341,-6.451136865407639,-4.694712580806598,-16.091588085191578,-1.8925797484847493,-29.63153746329676,47.06410144232903,62.26739981829906,0.0041069,-0.0247844,-0.243177,0.419673,-0.344658,0.380255,0.74866
23.99090003967285,7.348222283702298,11.668762239572672,12.105492700415956,-1.2752072729174964,-0.4700055039063278,0.03771515553178367,0.0327895,0.347445,0.260707,0.39284,0.746456,0.353774,-0.404134,-0.010003,0.110898,-0.249282,0.792211,0.0597732,0.273867,-0.542057,80.25427588217573,-6.6219002528679916,-3.0940195684880702,-15.001847920516845,-0.7941588747741761,-30.527257042150985,48.47818004022901,63.08824864862642,0.003112,-0.0260892,-0.242773,0.438353,-0.347973,0.380419,0.736235
24.04548954963684,6.48712366140401,9.295636326372254,14.61645786988013,-1.6850560518746172,-0.40099870857599407,0.10278381619195569,0.0327788,0.347444,0.260664,0.393036,0.746845,0.353241,-0.40369,0.00205288,0.112577,-0.249562,0.782555,0.0960283,0.244485,-0.564459,80.71148664312415,-7.605315809289349,2.757294432015808,-13.197686940535807,0.3304046282544988,-29.653204874855398,49.0137703958894,65.10558921887944,0.00586492,-0.0252514,-0.243931,0.481123,-0.359097,0.371226,0.708352
24.103256225585938,5.776049258396804,9.24600873651527,15.887673340831155,-1.7486803767736179,-0.19653555254367222,-0.050814879805856354,0.0328585,0.347385,0.260768,0.393818,0.746048,0.353119,-0.404507,0.0110592,0.114232,-0.249008,0.776093,0.12199,0.223133,-0.577071,80.85496636761427,-7.950605710727489,7.011980627444274,-12.664271584957586,0.43107248944409093,-28.634206695995637,48.3288989579144,65.34029371119772,0.00808225,-0.0232727,-0.244809,0.507762,-0.36822,0.364274,0.688401
24.170735597610474,5.916778628036988,8.430632480979025,15.459160445973975,-2.0038008077435334,-0.23331747968723068,-0.03755673720429526,0.0328122,0.347397,0.260652,0.393112,0.746522,0.353489,-0.403998,0.0114913,0.114386,-0.24906,0.771463,0.124791,0.219639,-0.583979,81.109058014621,-8.744758419355474,7.719806794729767,-12.703119529347408,0.5872235184601919,-27.172150494370236,48.09972075523125,66.10125546716017,0.00780498,-0.0232658,-0.245144,0.511662,-0.366839,0.361444,0.687743
24.227392196655273,4.89503459553675,7.1698272759255826,13.627244537502508,-1.901443521362466,-0.33311708904759146,0.023787937824608262,0.0328356,0.347405,0.260748,0.393314,0.746095,0.353436,-0.404633,0.0100419,0.11731,-0.250409,0.774025,0.124001,0.227932,-0.577543,80.32456048320117,-8.165239007080988,6.955192652617484,-12.663512057663294,-0.36176215482335294,-27.90192659631156,47.83362864126442,65.79333070368465,0.00733053,-0.0202218,-0.247815,0.511956,-0.364227,0.359823,0.689759
24.283414840698242,5.553735593656885,6.34073225994203,13.085584680173026,-1.886752410887277,-0.6471780722825676,0.15038611427684118,0.03283,0.347458,0.260784,0.394979,0.745509,0.353351,-0.404168,0.00780769,0.124047,-0.253199,0.778791,0.123987,0.243461,-0.564657,78.63031394121901,-7.202651791377292,5.522313792445942,-12.996480978678868,-1.1613689092917028,-28.06699795189349,46.25982945923497,63.7538889199148,0.00887095,-0.0136923,-0.253905,0.499635,-0.351458,0.351587,0.709386
24.3400239944458,6.730159992923785,6.105148256217405,12.602519093488954,-1.6479805466362107,-0.8614476732912761,0.2806823875134616,0.0328233,0.347478,0.260815,0.395035,0.745232,0.353433,-0.40455,0.00176081,0.129354,-0.255699,0.781876,0.115733,0.267471,-0.551122,76.81725953987399,-6.638202310295573,2.8230107687326953,-11.92196120082572,-3.09175877984066,-29.0410568823526,46.39157376549663,64.17175227700704,0.00853649,-0.00831133,-0.258953,0.483456,-0.338406,0.348393,0.728268
24.39339828491211,5.2034583059951505,6.670808495672752,11.1319958113687,-1.2275371585278676,-0.765012564837539,0.2205223987227094,0.0328118,0.347515,0.260879,0.393928,0.746006,0.353646,-0.404018,-0.0107365,0.133473,-0.257777,0.789246,0.0907934,0.300582,-0.527729,75.27570074547064,-5.7928267436736185,-2.476339201080245,-12.672255314067556,-3.2965734513478395,-29.589959848286874,45.72543100197074,61.856862607331784,0.00566472,-0.00305797,-0.263418,0.442458,-0.328644,0.345004,0.759734
24.45041584968567,5.573202678105515,6.388612830084977,9.99961411950137,-0.842142217983358,-0.7884126041827124,0.2447534896261571,0.0328263,0.347529,0.260906,0.393756,0.74581,0.353645,-0.404549,-0.0166055,0.137437,-0.258927,0.792897,0.0823923,0.323723,-0.509637,73.36951390728765,-4.969302198738788,-5.369142691992107,-10.470535135516783,-4.905493401897218,-31.362165114849454,46.65562407480243,62.226870957131574,0.00426592,0.00153278,-0.266947,0.426364,-0.31929,0.345526,0.77258
24.509100198745728,4.6624703427419885,7.070001844625899,11.89943143854099,-0.7767955525867963,-0.5755626746765166,0.07383352792848485,0.0328267,0.347534,0.261041,0.393009,0.74627,0.354534,-0.403647,-0.0180766,0.140665,-0.259815,0.792701,0.0841723,0.328031,-0.506888,72.93534334310799,-4.963263856481264,-5.6061611445403265,-10.48374620229664,-4.112008532662529,-30.747967369365348,46.085960867887295,61.2178021220439,0.00403798,0.00530449,-0.26985,0.420305,-0.316404,0.338555,0.780136
24.56535768508911,3.8696487088030516,7.23560501588695,13.893448542425688,-1.0815179042876502,-0.3406130224965214,-0.05233153409417837,0.0327719,0.347528,0.260857,0.393836,0.746232,0.353327,-0.40397,-0.0131919,0.142352,-0.260815,0.789227,0.0986906,0.317673,-0.516201,72.92889886767955,-5.184795340567675,-3.3435416023021585,-10.692757309058965,-4.403336191041831,-30.426457140339828,45.7479685911325,61.815703631448436,0.00502051,0.00599915,-0.271273,0.446417,-0.316938,0.336687,0.766097
24.621082544326782,5.399596992688923,6.325088801362153,17.126404537156297,-1.489682037901244,-0.5488911704347306,0.0327723749593698,0.0327434,0.347508,0.260783,0.394698,0.7457,0.353162,-0.404254,-0.00419013,0.142982,-0.261091,0.779001,0.126447,0.294858,-0.538727,73.37470857380241,-6.264014403021326,1.5739526388319494,-9.77887435586057,-3.541479889933825,-29.28938448863574,46.034322522200576,63.70427080729707,0.00788263,0.00612982,-0.271772,0.475827,-0.321097,0.33134,0.748799
24.675647974014282,8.463243704359186,8.89840019643417,20.104635814774785,-1.8267453689834203,-0.7216143532032134,-0.04713509759744905,0.0327548,0.347468,0.260758,0.394195,0.74611,0.352633,-0.40445,-0.000823419,0.142158,-0.260826,0.775346,0.136999,0.285471,-0.546421,73.63227674276185,-6.512437878552083,3.3573736304941466,-8.543887696669753,-2.7399949077186108,-29.744017102690314,47.03505590724385,64.64710800817379,0.00752774,0.00497564,-0.271047,0.48781,-0.323073,0.330414,0.740602
24.732686281204224,8.960633542268198,8.803045489942445,18.79596280809478,-1.8179005461122155,-0.8655829930181215,0.03667296806753457,0.0326902,0.347481,0.260686,0.393204,0.747482,0.352645,-0.402868,-0.00578667,0.140952,-0.260819,0.77764,0.123922,0.292075,-0.542782,74.03970346897317,-6.731088411097675,1.449136944122996,-9.729819989955683,-1.0688017461256223,-28.782169838157692,46.47235870677972,62.98829586052061,0.00525005,0.00383878,-0.270724,0.475798,-0.318265,0.334367,0.74868
24.79104709625244,7.727919857256905,10.028262514668883,14.500649860620094,-1.2591749598890292,-0.8698453404039218,0.05261393793743355,0.0327618,0.347452,0.26076,0.393045,0.746383,0.353269,-0.404511,-0.019717,0.141605,-0.260678,0.787897,0.0916376,0.330568,-0.511416,72.18866685245733,-5.421265253974373,-4.928472570129928,-8.56847641022382,-3.060214832389363,-30.98736478952592,47.33606510771782,62.239195583322406,0.000815574,0.00587309,-0.271309,0.429207,-0.309617,0.33845,0.778056
24.8462073802948,5.639947921631296,10.487586054237887,11.712240694369362,-0.8957275735394884,-0.8900058378244866,0.02032183840404726,0.032738,0.347509,0.260766,0.394475,0.745567,0.353414,-0.404497,-0.0245114,0.143068,-0.260619,0.794599,0.0760592,0.346717,-0.49256,71.20838193740737,-4.481710704726398,-8.056625564785815,-9.847867322266826,-4.399649970531151,-31.046798276623797,45.875181335221065,60.201279302523716,0.0013038,0.00860153,-0.272568,0.404123,-0.307866,0.337209,0.792586
24.90212845802307,5.338772949577963,9.301082784316822,11.16635140546095,-0.8647441209760006,-0.8447893643375202,0.09852171683750627,0.0327981,0.347551,0.260904,0.393529,0.746401,0.353347,-0.403938,-0.0220992,0.144518,-0.26096,0.796217,0.0776019,0.345045,-0.490876,71.32919506529701,-4.1515454459502905,-8.021923199589821,-9.948361517731758,-5.660385104195008,-31.597933566679167,45.81001697629676,60.605541279752956,0.00406757,0.00973949,-0.273674,0.409546,-0.304877,0.335331,0.791755
24.95836877822876,3.37374270414584,9.68252572564274,12.822516948142015,-1.2211940344028354,-0.6522021702132837,0.009113594031167885,0.0327369,0.347551,0.260965,0.393027,0.747543,0.35309,-0.402539,-0.0155015,0.143825,-0.261113,0.793243,0.0923816,0.327799,-0.504757,72.30773031507168,-4.585307160490497,-5.227297225748011,-9.52603212511557,-4.297689727550136,-31.463726934933412,46.385168710629856,61.138867133054525,0.0068163,0.0083744,-0.272636,0.427468,-0.314495,0.332192,0.779752
25.01348352432251,6.151937881811732,8.522164807170537,15.730500559847227,-1.7979620895571446,-0.7024029034795564,0.16566884928302247,0.0327808,0.347496,0.260792,0.394786,0.745924,0.35308,-0.403826,-0.00514378,0.141981,-0.260533,0.789778,0.111533,0.300595,-0.522928,73.65789923079507,-4.851993538524022,-0.898772160046212,-11.390325109791068,-4.981919552885003,-30.667759224923422,45.21705098734317,61.67088508502992,0.00840631,0.0053972,-0.270759,0.462727,-0.32295,0.334603,0.754737
25.069371938705444,8.106809533871944,8.309187934874549,17.33949480150325,-2.0044376817809266,-0.7489499122033321,0.10414041173001916,0.0327724,0.347417,0.260833,0.392643,0.747628,0.35234,-0.403412,0.00171424,0.140784,-0.259666,0.779078,0.133583,0.275882,-0.546884,74.97866928069817,-6.15376706737006,3.408658236762264,-10.616895382346495,-2.654583496069179,-29.020982022564603,45.59584129180859,62.848985382668054,0.00796133,0.00302181,-0.269364,0.495994,-0.325615,0.332872,0.732913
25.137272357940674,10.158173860806983,9.69197207489936,16.92242221682785,-1.9766430694836163,-0.8068891741372518,0.05005534873183106,0.0327945,0.3474,0.260697,0.392433,0.746788,0.353867,-0.403835,-0.00476365,0.137714,-0.259369,0.776815,0.123247,0.279201,-0.550831,75.49859004258713,-7.045353057179316,2.669829807322417,-12.004135940740785,-0.024954248653862976,-27.329469078107316,45.22226761614771,61.67214446992774,0.000562709,0.00034101,-0.267555,0.487177,-0.326608,0.339746,0.735227
25.191754817962646,9.06058592923773,9.976658182486815,14.529671222736534,-1.647922424321516,-0.7593022866416864,0.06438580624065841,0.0327843,0.347405,0.260528,0.39376,0.745527,0.353415,-0.405265,-0.0142879,0.136492,-0.259465,0.785984,0.0998006,0.301352,-0.530523,74.59648209475645,-5.906640440899289,-1.512735138785212,-12.945490937564983,-0.19355988823533465,-28.66094345022531,45.04069899663961,59.36574960002648,-0.00281905,-0.000968538,-0.267239,0.46295,-0.312242,0.347444,0.753303
25.245151042938232,8.240811219981083,12.848484661428335,13.352037464947987,-1.1822562255056182,-0.8717347193368312,-0.0427287880913107,0.0327529,0.3474,0.2605,0.393651,0.744937,0.353671,-0.406232,-0.0235165,0.135723,-0.258693,0.789194,0.0784216,0.325157,-0.515068,73.58523067465964,-5.646272846655447,-5.395332855291722,-11.910234916612247,-1.3743788257106218,-29.265427614987864,45.58530580749091,59.779847516540784,-0.00400315,-0.000495466,-0.266454,0.425186,-0.314018,0.34774,0.774394
25.30233144760132,5.572305419282465,13.392600356737288,11.954159489644411,-0.9515223369557747,-0.8318855191975909,-0.02503157597169397,0.0326644,0.347485,0.260617,0.392218,0.746768,0.353623,-0.404294,-0.0248378,0.134501,-0.258209,0.795993,0.0626004,0.335396,-0.499986,73.60858602879955,-4.8166319542205045,-8.3487255225149,-11.345717811514525,-2.962076270790398,-31.22521901280593,46.71536624615653,60.11309484520825,0.000275608,-0.000444862,-0.2659,0.402822,-0.312838,0.348611,0.786344
25.358154773712158,3.6431708082640974,12.591258313897583,11.479457587042925,-1.0007677095086807,-0.7482443042701351,0.04988263212797933,0.0327674,0.347535,0.260777,0.394713,0.745395,0.35326,-0.404716,-0.0185466,0.134405,-0.258149,0.796443,0.070629,0.32749,-0.50343,73.56985141999397,-4.638808974189063,-6.8982785611065305,-11.488300358967411,-5.290494549064093,-31.80025113320594,46.53724460282679,61.63179439571833,0.00638259,-0.000822246,-0.264965,0.407467,-0.321292,0.345446,0.781926
25.414944648742676,3.248254916171018,11.56137643725917,13.739920967565979,-1.5515393990536839,-0.5662392111716829,0.03142229444192739,0.0327241,0.347537,0.260915,0.393943,0.747492,0.352708,-0.402071,-0.00631263,0.132638,-0.257817,0.793966,0.0899086,0.300302,-0.520916,75.25505700597579,-5.05685329682813,-3.1295217293387054,-11.138413510761083,-4.994643986085933,-32.21046861934564,47.53810777270514,63.33557550154633,0.0121346,-0.00383921,-0.263228,0.442916,-0.329057,0.345294,0.759156
25.472673654556274,4.574865119065961,11.676205284852092,16.830635731972386,-2.055798988927594,-0.5345918120911579,-0.02443488601119311,0.0326899,0.347491,0.260783,0.394905,0.747742,0.351893,-0.401376,0.00847397,0.130791,-0.256344,0.78747,0.120413,0.263631,-0.543958,76.82314797434162,-5.632712603204247,2.687676971675449,-11.053965411394334,-4.305837436970201,-31.388337653652876,47.36540889938855,64.42526176310224,0.015845,-0.00672718,-0.260914,0.483885,-0.345803,0.340163,0.728398
25.52669930458069,6.557665949040676,11.524947869314293,18.35384355045232,-2.3552855643935358,-0.560648962763308,-0.0809300086869575,0.0327876,0.347457,0.260749,0.391801,0.749292,0.355944,-0.397942,0.0151617,0.128072,-0.254543,0.777728,0.140371,0.23891,-0.564231,78.55564110985922,-7.237870169266011,6.815227907967213,-8.54075396405057,0.6443055496404924,-30.199583503070436,49.26708698300224,65.52747600339666,0.0141917,-0.00926232,-0.258139,0.512752,-0.358043,0.337768,0.703423
25.579800128936768,8.014133550140938,11.627251429139113,17.211404708753086,-2.2103727539517446,-0.5461981079292156,-0.056490977272202696,0.0327863,0.347363,0.260722,0.393003,0.748652,0.351145,-0.402202,0.010221,0.126278,-0.254404,0.774412,0.13416,0.240965,-0.569406,78.35673676635186,-7.5325065212676465,6.294858774603576,-11.144704697423148,-0.4370609224546129,-28.586693126220176,47.50431866323947,65.04583205824395,0.00830652,-0.0112686,-0.25695,0.514617,-0.3523,0.346282,0.700816
25.63676404953003,7.82016783777403,11.743656684630642,14.326701530634145,-1.7930380869707092,-0.5872870172373281,0.044459241231917315,0.0327486,0.347339,0.260479,0.394924,0.746192,0.351078,-0.404941,-0.00233535,0.126037,-0.255654,0.778164,0.111252,0.263072,-0.559354,77.51747308084137,-7.4218227581091005,2.8215684840071216,-14.18543456510325,-0.06899940531378945,-27.233626817029325,45.59213142667465,62.239330271103704,0.00112676,-0.011655,-0.257753,0.48738,-0.336687,0.356692,0.722408
25.69060707092285,8.140494297289933,12.39803614455006,13.589398467184635,-1.5498603596813212,-0.5649822072405265,-0.010414700435379669,0.0327771,0.347338,0.26057,0.392861,0.74734,0.351662,-0.404323,-0.00955028,0.126981,-0.256392,0.783143,0.0952668,0.278752,-0.547639,77.31326019008291,-6.9248837183832705,-0.14994126581573752,-14.742733214880552,0.6776120345087122,-27.91464192547877,45.71424202523407,60.70326838523408,-0.00215609,-0.010755,-0.258961,0.47076,-0.327973,0.357172,0.737053
25.74653124809265,8.261791776850737,13.657713870744475,15.138640502034374,-1.3447524541681277,-0.5087206962382028,-0.16236430918062406,0.032702,0.347347,0.26048,0.394183,0.746425,0.35203,-0.404406,-0.0123562,0.12879,-0.257105,0.786543,0.0906659,0.29242,-0.536303,76.07009283482037,-6.333125893023984,-1.7488578183168517,-13.307920012271847,-0.037572860646733375,-29.066124338703908,46.189509372881545,60.66450745385673,-0.00133995,-0.00854636,-0.260837,0.456196,-0.327346,0.357307,0.746365
25.80084538459778,8.423525330800912,14.645315266911162,17.45733432093898,-1.29087705367123,-0.36904286570663186,-0.3670423070713185,0.0326525,0.34737,0.260453,0.394309,0.746397,0.352175,-0.404209,-0.0126746,0.12922,-0.257272,0.788881,0.0876732,0.29734,-0.530631,75.7286118409527,-5.957855277354358,-2.556044137976258,-12.675062087592028,-0.9006246617157672,-29.95318031212539,46.63746221609427,61.01659225692022,0.00175315,-0.00820823,-0.261301,0.450728,-0.325727,0.354085,0.751911
25.85810089111328,8.354873040215887,15.624380787146087,18.429788795331703,-1.3730742967249965,-0.3856819170625345,-0.5276529888177904,0.0324888,0.347483,0.260434,0.393999,0.746683,0.352297,-0.403876,-0.0115993,0.127942,-0.256989,0.794963,0.0789211,0.301188,-0.520664,75.84856914172313,-5.069094990970659,-4.052781764897514,-12.475013879364091,-3.195156496678031,-32.14910557732082,47.58487095689963,61.85432703395837,0.00767711,-0.008118,-0.260603,0.431025,-0.329691,0.351905,0.762682
25.913153409957886,6.975102415641415,16.043668073441278,17.63085000093457,-1.4343072848276104,-0.5096737743324813,-0.5735497158697678,0.0324452,0.347558,0.260462,0.395461,0.746206,0.351821,-0.403742,-0.0112866,0.126762,-0.256428,0.798178,0.0713485,0.309614,-0.511821,75.23314704857444,-4.623495495591672,-5.608488159711411,-11.068349432469784,-5.740931083778634,-33.834557974897045,48.72676576888023,63.67504051803833,0.0118319,-0.00866786,-0.259407,0.414823,-0.335249,0.351989,0.769177
25.96883273124695,6.298376439503038,16.802671671464793,17.06189988961861,-1.456350368253883,-0.7918604479633083,-0.5440869819327698,0.0323605,0.347649,0.2607,0.395154,0.74678,0.353551,-0.401466,-0.0108358,0.126432,-0.256097,0.80386,0.0578332,0.315385,-0.500996,75.54988839807426,-4.126779124722191,-7.664468706612598,-12.258259613036572,-7.5956495306661935,-34.40206499002182,48.38642800933575,63.62795896579073,0.0156539,-0.00850793,-0.259113,0.402726,-0.334095,0.350399,0.776796
26.022032976150513,6.18678098589126,17.94083455034166,15.146199794297626,-1.3558078133849827,-1.1695451682951954,-0.380732904089413,0.0323432,0.347642,0.260702,0.396232,0.747013,0.353329,-0.400163,-0.0128851,0.126546,-0.256139,0.804387,0.0534065,0.323012,-0.495755,74.92595527088754,-4.188448574994252,-8.817216879878607,-11.496287193824838,-6.876683538565359,-34.20128852938657,48.54968713699127,63.18730861195441,0.0156214,-0.00764892,-0.259764,0.391257,-0.330884,0.351963,0.783298
26.078349113464355,6.846626213252587,16.41565123989061,13.733849803674147,-1.169635136501344,-1.151288973113758,-0.2367223794694201,0.0324863,0.347601,0.260766,0.395634,0.747541,0.352557,-0.40045,-0.0174362,0.127232,-0.256038,0.801649,0.0507069,0.332722,-0.494048,74.19778186841066,-4.566638373021354,-9.781395966507823,-9.949179563777339,-5.94676004233667,-33.8221530148576,49.18802401461443,63.434642177234224,0.0115809,-0.00705128,-0.260346,0.389349,-0.324747,0.352242,0.786684
26.139238119125366,3.423222020499921,13.254394424384166,13.948482244105213,-1.102757290032996,-0.42421110518511324,-0.2348196474988547,0.0326005,0.347493,0.260732,0.394681,0.747353,0.352489,-0.401799,-0.0151447,0.130407,-0.257401,0.796739,0.07058,0.317515,-0.509323,74.66628143690777,-4.990341261370218,-6.38072360382412,-11.325410755614914,-3.3779408611119592,-31.971481071494416,47.579141487964,61.60221784379879,0.00785268,-0.00500895,-0.262572,0.41563,-0.325399,0.350751,0.773525
26.193759202957153,5.926143326907603,13.365143511106496,19.623107029606103,-1.5822623223208372,-0.5617611005969125,-0.372888589823538,0.0326205,0.347443,0.260614,0.394703,0.74776,0.351411,-0.401965,-0.00407647,0.133689,-0.258727,0.790737,0.102305,0.287499,-0.530672,75.62593908002464,-5.3591253740308495,-0.9414824539568301,-13.146934106927848,-2.35289606323137,-30.336822924735976,45.830550656258744,60.768916147373545,0.0081133,-0.00345876,-0.265168,0.462199,-0.332061,0.343169,0.747223
26.247987270355225,6.30376306647296,16.16856867745433,23.126495133251694,-2.0796390424557933,-0.983175920448475,-0.38158551252727885,0.0324278,0.347458,0.260312,0.396002,0.745989,0.353077,-0.402516,-0.00608548,0.131927,-0.258934,0.786763,0.102934,0.287129,-0.536624,75.62077126517913,-6.187235413526844,-0.2871659181292827,-13.225609410592973,-1.025692554450771,-29.513122549506086,46.165060908064234,61.29028733086344,0.00456096,-0.00511285,-0.264402,0.461226,-0.333711,0.34298,0.747176
26.30386757850647,5.6520197497034745,15.056838162296938,17.53010499886012,-1.6937453021164,-1.397325708792228,0.10035447342415711,0.0326211,0.34732,0.26033,0.395448,0.746843,0.351126,-0.403184,-0.0193788,0.129846,-0.257697,0.790488,0.0737427,0.318643,-0.51784,74.3397960927778,-5.9184319377627626,-5.745753578306715,-11.364073691668406,-0.9518802818169689,-30.24242315435624,47.225140924485245,61.04107487547628,-0.000327227,-0.00617384,-0.263174,0.422184,-0.318046,0.352081,0.772429
26.36031222343445,3.7627327363004386,13.67633286311002,14.084644098275609,-0.9474036271257207,-1.0778411319929087,0.15403828111124693,0.0326948,0.347336,0.260502,0.395077,0.746922,0.351147,-0.403383,-0.0274462,0.132109,-0.257084,0.793851,0.0574251,0.341843,-0.499646,72.96764552044517,-5.385774516301493,-9.369969163448385,-10.430827361238062,-1.6537657165902857,-30.074454120178906,46.72580221489983,59.86979439880051,-0.00233445,-0.0029229,-0.26439,0.398009,-0.309198,0.352217,0.788625
26.414578676223755,1.1029852057778242,14.575671740063882,16.889722731147433,-0.7514893117960193,-0.6703923577927244,-0.036567300506102386,0.0326312,0.347364,0.260455,0.395364,0.746224,0.351151,-0.404389,-0.0215827,0.137492,-0.259734,0.793141,0.0736943,0.334903,-0.503326,72.51127706838817,-5.015410905168394,-7.273515213305072,-11.370469328778132,-4.341194179381738,-30.693245363522614,45.94425637851768,61.01396791510538,0.0029011,0.00217138,-0.269414,0.413212,-0.309418,0.343939,0.784361
26.470293283462524,1.4913917744211953,15.172626137245356,21.312362063165775,-1.1251240986589632,-0.947779513181754,-0.06694074541721029,0.0325971,0.347411,0.260373,0.395418,0.746649,0.351263,-0.403454,-0.0144347,0.139931,-0.261111,0.792523,0.0894121,0.326086,-0.507524,72.36132268907289,-4.799150984483202,-5.249698741221965,-9.84825241762433,-5.517302215514903,-32.15376828751243,47.107944836775026,62.747528369341126,0.007331,0.00424421,-0.27157,0.427402,-0.31549,0.336932,0.777348
26.527657985687256,3.5510847891339066,15.60948976219434,21.17225432731318,-1.5075831353257783,-1.0708340667923961,-0.005942172271314166,0.0324649,0.347377,0.26042,0.396697,0.746877,0.350943,-0.402051,-0.0139065,0.137837,-0.260526,0.793978,0.0843624,0.32495,-0.506842,72.68329456233728,-4.903275569615346,-5.742612927917753,-10.677104325095993,-5.1010143709149105,-31.678568161193574,46.72089426245303,62.202414924944414,0.00877102,0.00226676,-0.270001,0.421971,-0.316981,0.338631,0.778969
26.583191633224487,3.040173754578862,12.900943015226972,17.448742471374157,-1.1925484447593409,-0.7954592685723445,0.14144027975402665,0.0326727,0.347383,0.260512,0.396296,0.747008,0.350242,-0.402814,-0.0128038,0.137533,-0.260141,0.794584,0.0860622,0.322461,-0.507196,72.79584834350123,-4.639354667627238,-5.474057944215601,-10.398291066160937,-5.504354801184718,-32.21757355500559,46.915987284330726,62.31210407066777,0.0094385,0.00226765,-0.269166,0.424411,-0.320076,0.341479,0.775125
26.639802932739258,2.1362778980160786,12.659291616246712,18.110226007592335,-1.333252802990287,-0.6508825469839935,-0.009391275072811853,0.0326294,0.347406,0.260619,0.394834,0.748095,0.350836,-0.401713,-0.0107879,0.138287,-0.260357,0.791736,0.0940051,0.31772,-0.513196,73.02695932290641,-5.037445225876025,-4.313978233084661,-8.913700080915191,-4.573517432601555,-32.33892293884613,47.96642785480399,63.28122610173709,0.00953203,0.00274357,-0.269476,0.433121,-0.323274,0.336827,0.771004
26.694007635116577,2.48761271086617,13.390596761262357,19.862708097034684,-1.4354420468519902,-0.6532669662638739,-0.04220189023326851,0.0325753,0.347385,0.260502,0.395798,0.747264,0.350605,-0.402513,-0.00695047,0.138679,-0.26075,0.791297,0.101139,0.305798,-0.519719,73.63750742616615,-4.975079356386587,-2.5972832591933113,-11.579481294967874,-4.906041327220102,-31.35870715859493,46.17294244301588,62.16860868388544,0.0100795,0.00271361,-0.269949,0.446947,-0.326269,0.332696,0.76361
26.75077486038208,3.256741614373929,11.935021929898136,18.608701711676606,-1.6002240497041231,-0.7014935433339987,0.09212792246494382,0.0326357,0.347388,0.260517,0.396241,0.74709,0.350248,-0.402712,-0.00497983,0.138704,-0.260404,0.79376,0.102066,0.301603,-0.518231,73.87379419075693,-4.507417579459572,-2.347752958322358,-12.461702140255174,-5.2829335730319045,-31.36692509496516,45.348754927289264,61.15882389019171,0.0106127,0.00196099,-0.26973,0.456198,-0.321977,0.337037,0.758037
26.808990478515625,3.0678945347473414,10.426879407855223,16.736901207317683,-1.4905135358109507,-0.7077413514064607,0.16885664566887448,0.0327075,0.347457,0.260738,0.395131,0.747695,0.351707,-0.401406,-0.00400281,0.139082,-0.260233,0.79281,0.10476,0.299103,-0.520591,74.18707301701802,-4.765813008642882,-1.8610237984628366,-11.786344658468202,-4.320863207396144,-31.175155697139225,45.764361798711555,61.28809982137778,0.0105219,0.00227902,-0.269624,0.460163,-0.323745,0.335536,0.755549
26.86425805091858,2.237436380412574,11.399232413677321,15.353900570912742,-1.4148248019323855,-0.6213937770261837,0.0686623449096046,0.0326862,0.347426,0.260631,0.395813,0.747014,0.350952,-0.402661,-0.00492287,0.13842,-0.260164,0.794657,0.102432,0.298522,-0.518568,74.22630607796947,-4.38622741637075,-2.0727550499914766,-13.022500129173675,-4.338679349947284,-31.184417664019982,45.06337439543812,60.09307861096355,0.00956144,0.00158279,-0.269003,0.457691,-0.326575,0.336292,0.755497
26.92144536972046,2.369175745624373,10.359645442739822,16.121221098920056,-1.5826025938125192,-0.6021514889831854,0.1368191295356804,0.0326623,0.347423,0.260695,0.394241,0.748118,0.351192,-0.401942,-0.00419638,0.137251,-0.259697,0.791568,0.10408,0.296673,-0.523996,74.57601543545758,-4.959254975838003,-1.6778442919239023,-11.352323859862807,-4.241844973681808,-31.49614192731172,46.483031271465364,62.0924794820791,0.00998139,0.000289101,-0.268128,0.459373,-0.325789,0.337544,0.754256
26.97659707069397,2.927907848193041,11.288784019039737,16.82778265797258,-1.492128117440496,-0.6400965774725336,0.13080606759766067,0.0326973,0.347414,0.260616,0.3964,0.746953,0.350876,-0.40226,-5.00236e-05,0.137266,-0.259476,0.78944,0.113941,0.285784,-0.531158,74.77878394199963,-5.155969562172098,0.2753003033411243,-12.535736531836012,-3.886688044093013,-30.245502452304542,45.17595011077303,61.31912334139402,0.0113381,8.54312e-06,-0.267694,0.469635,-0.331104,0.335196,0.74663
27.033982276916504,1.6948136544326051,12.771685104003751,15.508556062490714,-1.6561185224139434,-0.5582876063091932,-0.03944065465929795,0.0326014,0.347399,0.26063,0.394907,0.747834,0.350813,-0.402149,-0.000209369,0.13378,-0.258585,0.789969,0.106836,0.284414,-0.532582,75.57824472142366,-5.32492755522231,-0.30844116346989203,-12.243386435200012,-4.605146500126345,-31.198013939205204,46.50871116937197,62.975612646620924,0.0109377,-0.00355815,-0.264869,0.470592,-0.333443,0.33954,0.743015
27.092283248901367,3.1516026472623553,10.002220199851028,15.839517045676015,-1.9443001376776163,-0.6712325440836316,0.2354632406842332,0.0327292,0.347433,0.260627,0.396601,0.74684,0.350928,-0.402227,0.00362871,0.130903,-0.257131,0.787186,0.111718,0.271664,-0.542269,76.39114519831631,-5.903705926376189,1.423659204653939,-13.242935135598088,-4.129475704899313,-29.72513715755516,45.72671991550402,63.010543044228385,0.0126281,-0.00645554,-0.261952,0.47736,-0.340103,0.342424,0.734304
27.15510869026184,3.7700110323855527,12.91340818997557,17.575178826062142,-1.7145256441163106,-0.5682526753019301,0.01701186010992623,0.0326459,0.347405,0.260592,0.39615,0.747129,0.350522,-0.40249,0.00655614,0.13061,-0.256742,0.784603,0.119396,0.263615,-0.548315,76.71049979627031,-6.102504880861583,2.812524221088456,-12.810257344907992,-4.153672104332884,-29.64213252284886,45.96781142131333,63.70022394531571,0.0126335,-0.0072137,-0.261444,0.488225,-0.343423,0.340764,0.726345
27.211669921875,2.1022308840896695,14.660207626018696,14.672269526112956,-1.3896853426049116,-0.46876965708151985,-0.04342546206247085,0.0326319,0.347337,0.260529,0.395225,0.747483,0.350508,-0.402755,0.000697313,0.12701,-0.256366,0.784393,0.108449,0.27056,-0.547507,76.89785749792489,-6.455648825353683,1.3620762365857289,-12.17478116199868,-2.29894683750981,-30.27284194068867,47.45119909292594,63.90378764309983,0.00939593,-0.0105842,-0.25899,0.471185,-0.343289,0.346741,0.734785
27.268819093704224,3.746211153970453,12.650141204244463,12.618647146740566,-1.8200481065397225,-0.5958966942645629,0.1590696374681971,0.0327187,0.347315,0.260485,0.396536,0.746444,0.3504,-0.403486,-0.00107741,0.121999,-0.25457,0.78472,0.0985059,0.26917,-0.549598,77.57557201372019,-6.804631280883982,0.7623393552221049,-13.173621542067774,-2.0167758521692463,-29.69397697679809,47.36797606536996,63.95036598343235,0.00666418,-0.0153737,-0.254646,0.470314,-0.343769,0.360335,0.72855
27.322564363479614,5.277359309768048,11.638198972533456,14.532145336233935,-2.0369771775881036,-0.6576117816995881,0.2336219515515464,0.032784,0.347333,0.260636,0.394586,0.748042,0.350683,-0.402189,0.00507911,0.120533,-0.253299,0.77996,0.112161,0.248671,-0.563246,78.94464394114048,-7.445724814514439,3.6009149495502584,-13.01026552379161,-0.24781813907934946,-28.897635704427906,47.65018007347043,64.27643130924436,0.00730228,-0.0170526,-0.252756,0.491573,-0.350271,0.358527,0.712127
27.37646222114563,6.702438730102171,12.996447163956267,17.815067885826863,-2.079115011534969,-0.6287249568444689,0.16535536833863004,0.0327157,0.347284,0.260454,0.396117,0.746628,0.35008,-0.403833,0.00895272,0.119849,-0.252868,0.773377,0.126065,0.23662,-0.574462,78.92356567591092,-8.090935893729975,6.222362529430473,-12.829547039483522,-0.30855909540972704,-27.806287415266134,47.38259545323165,65.28348335262392,0.00645229,-0.0178823,-0.252139,0.513977,-0.352588,0.357697,0.695386
27.43266272544861,5.510728098686642,12.891377079353987,14.58028027591899,-1.7535521731636414,-0.5350487583138522,0.1479993477041644,0.0327395,0.347289,0.260447,0.396543,0.746592,0.349744,-0.403775,0.00484538,0.119202,-0.253015,0.77435,0.116107,0.243027,-0.572573,78.95599348511372,-8.280424398310192,4.838667207362114,-14.256922604154088,0.08556219686421684,-26.762441500425034,46.50578587644058,64.22670057673986,0.00364074,-0.018391,-0.251943,0.503179,-0.350792,0.362264,0.701798
27.488216400146484,5.035833372216681,11.525632005965896,12.385576788802505,-1.6160514719931909,-0.5049732089199213,0.2604393185113682,0.0327807,0.347275,0.260434,0.396484,0.746373,0.350127,-0.403904,0.00120076,0.119181,-0.253414,0.773913,0.111026,0.24963,-0.571329,78.70576268469773,-8.502202770235535,3.98924839947464,-14.260383191338214,0.7997704500881824,-26.508323006575317,46.59748561901411,64.01496540118602,0.0013864,-0.0185992,-0.252329,0.498689,-0.343953,0.365389,0.70675
27.543322324752808,5.316410141722344,12.10787243982661,14.373912523108629,-1.607993143338762,-0.5007058796888743,0.1790242556599147,0.0327857,0.347278,0.260551,0.394435,0.747442,0.351012,-0.403165,0.00191684,0.120275,-0.253904,0.7699,0.118739,0.2491,-0.575417,78.51593613052343,-8.930962732160893,4.829973136073434,-11.692578943642733,1.6595077705508459,-27.428577437857776,48.50182828272768,65.98785852054995,0.00130323,-0.0173887,-0.253422,0.500738,-0.341945,0.362449,0.707789
27.59825849533081,5.326136174028729,12.863267563371377,15.435455754017132,-1.6462594136460522,-0.49520964726362054,0.15719028445200317,0.0327545,0.347284,0.260452,0.395307,0.747153,0.350606,-0.403199,0.00255875,0.121229,-0.254181,0.773359,0.116317,0.247752,-0.571843,78.68198724922316,-8.436711669297729,4.530541225861668,-13.992542911314814,1.058537926503547,-26.664584486679864,46.65835415091814,63.8962636244086,0.000904427,-0.0165863,-0.254287,0.506299,-0.34443,0.361635,0.703029
27.65508008003235,4.929577235308335,11.866817506524796,14.316369347794375,-1.6636784595925482,-0.5540085700775557,0.24559363680241145,0.0327744,0.347274,0.260483,0.395442,0.747124,0.350491,-0.403222,0.00186638,0.121473,-0.254304,0.774009,0.114385,0.250107,-0.570326,78.56802089969558,-8.369066369620526,4.148903313314442,-14.141013773381417,0.8413385556882744,-26.65783210541661,46.52965693767069,63.78528505320981,0.00120061,-0.0163579,-0.254555,0.500445,-0.343244,0.362267,0.707461
27.71118998527527,5.175801308812105,11.812132390568866,13.456117791940317,-1.6059256247905225,-0.6371758729564528,0.30760522087007836,0.0327966,0.347279,0.260564,0.394333,0.747554,0.350981,-0.403085,0.00106415,0.121939,-0.254518,0.772102,0.116461,0.253377,-0.571047,78.26437167669206,-8.576054526986038,4.167883075933421,-12.189508675963694,1.1383022988863587,-27.486753454049897,47.933532680466975,65.24802162750484,0.000991561,-0.0157751,-0.254868,0.499079,-0.341698,0.362912,0.708843
27.76698398590088,4.904768124401003,12.286084052644073,13.75525228191853,-1.7238831350972046,-0.6036426705411468,0.2578180499975289,0.0327837,0.347284,0.260487,0.395272,0.747145,0.350412,-0.403418,-0.00011995,0.121813,-0.254506,0.773884,0.112618,0.25364,-0.569287,78.36393851515209,-8.393353563468608,3.7404013791615824,-13.967042394567969,1.3327599934402414,-26.623446808425136,46.555554088026085,63.48393612955882,0.000177308,-0.0161503,-0.254914,0.496982,-0.338383,0.363387,0.711656
27.825018644332886,5.58606150774359,11.83278397536199,14.698973930745025,-1.7006683100813011,-0.5741969651896267,0.28815955575799385,0.0327955,0.347272,0.260486,0.395415,0.747105,0.350403,-0.403359,0.00145185,0.122355,-0.254753,0.771217,0.119944,0.251169,-0.572497,78.08060841819285,-8.606016522137434,4.696254177711424,-12.731403956216234,1.7404853090566448,-26.904157571877143,47.24196669687031,64.31182020390774,-0.000334396,-0.0153044,-0.255379,0.506054,-0.341882,0.361531,0.704501
27.882076501846313,4.949151330674739,12.448444052802621,15.850927712021267,-1.7016077850975222,-0.4578804398580019,0.18979973895882685,0.0327864,0.347264,0.260456,0.395373,0.7471,0.350629,-0.403214,0.00199123,0.122807,-0.254898,0.769763,0.120836,0.248441,-0.575448,78.30715672070869,-8.888888309499254,5.073408184459421,-13.754381246739257,1.5677590539528339,-25.779752442009176,46.40754838791475,64.0379254654554,-0.000243146,-0.01509,-0.256099,0.509238,-0.338497,0.359768,0.704744
27.940160989761353,4.470142351635799,12.884767412872545,15.042484775355087,-1.6486647274176027,-0.4503908624679608,0.17591993494291577,0.0327767,0.347269,0.260428,0.395404,0.747034,0.35054,-0.403382,0.00114329,0.122619,-0.254979,0.769895,0.119605,0.248614,-0.575454,78.36645635124633,-8.898708982912243,4.957990116057321,-14.247074909309319,1.9203397502468675,-25.59766665153871,46.184343744403506,63.54306167907898,-0.000757495,-0.0151932,-0.256043,0.505668,-0.339871,0.360917,0.706065
27.995455026626587,4.382075104241988,13.081210950142111,14.656448702351625,-1.6756628872823043,-0.45885786217594915,0.16903151546113432,0.0327821,0.347262,0.260435,0.395366,0.747123,0.350508,-0.403283,0.0013375,0.122114,-0.25487,0.7705,0.119995,0.25022,-0.573865,78.18559787138194,-8.75665577991494,4.817716962215027,-13.022662693944266,1.9711403012077966,-26.66906665528193,47.19630310706363,64.28704872497951,-0.000880237,-0.0155571,-0.25539,0.505297,-0.343321,0.361314,0.704456
28.04984974861145,4.281707150086964,13.569562608081416,15.18190603833237,-1.7799931293587976,-0.44873056063831956,0.16947029228716004,0.032765,0.347262,0.260415,0.39535,0.74707,0.350596,-0.40332,0.00252789,0.121098,-0.254307,0.768973,0.120939,0.244573,-0.578133,78.67380593152818,-9.063409971600375,5.426241403110712,-13.807272848932204,1.9444498498286151,-25.76892282328992,46.692980318034984,64.27781933828754,0.000307162,-0.0166176,-0.254487,0.508121,-0.342984,0.362472,0.70199
28.10804533958435,4.400487230019056,13.45214573779733,15.412257281709268,-1.9252454774758425,-0.43437703220078355,0.16474266604246668,0.0327822,0.347251,0.260414,0.395516,0.747061,0.350484,-0.403271,0.00447433,0.119556,-0.253665,0.770178,0.122713,0.242348,-0.577092,78.7312265073366,-8.799101298801581,5.66218917018216,-12.497901178216228,1.813318573759119,-27.230636607723305,47.94120913214284,65.23750007905055,0.000717853,-0.0178929,-0.252961,0.513831,-0.349461,0.361199,0.695263
28.164815664291382,4.643068591554997,13.128839042406453,15.610007562201869,-1.988443841802561,-0.42454994578560407,0.19621225901468914,0.0327887,0.347243,0.260417,0.395542,0.747129,0.350363,-0.403226,0.00574328,0.118708,-0.253035,0.76936,0.121962,0.23627,-0.58085,79.36514693984218,-9.052909950936142,6.088938168277398,-14.110796733294634,1.4517511826976275,-25.85447616245127,46.80760848990442,64.72692711504823,0.00193998,-0.0190502,-0.252141,0.512428,-0.349513,0.361656,0.696034
28.221647024154663,4.485414422739375,13.458348621339894,15.53816941549294,-1.9051404021444993,-0.3721749174215801,0.15412542899439477,0.0327941,0.347238,0.260405,0.395538,0.747083,0.350402,-0.403281,0.00575529,0.118397,-0.252993,0.768133,0.126314,0.235083,-0.582024,79.16944322832515,-9.091367668884445,6.618739798676351,-12.909794714830003,2.744032992129327,-26.520474062592264,47.624526578209704,64.82245710782449,0.00160017,-0.0191328,-0.251935,0.511441,-0.34965,0.362463,0.696272
28.276634693145752,4.243938732995444,13.491036721322141,15.298043510717914,-1.822684443401593,-0.31105673077360724,0.1052979252054578,0.0327878,0.347215,0.260402,0.394565,0.747341,0.350699,-0.403497,0.0050242,0.118183,-0.25311,0.766389,0.124782,0.238244,-0.583367,79.0980298686257,-9.389620195233501,6.358214520033954,-11.85829655285033,1.856802318033246,-26.89391429813022,48.654398183037806,66.75107377690925,0.000940059,-0.0194753,-0.251881,0.514514,-0.348053,0.364379,0.693803
28.333690404891968,4.177990525634132,13.228536103544096,15.265440813030647,-1.8280498760051267,-0.3005028566506876,0.09374756956485879,0.0327975,0.347238,0.260382,0.395524,0.747155,0.350385,-0.403176,0.00523707,0.118141,-0.253035,0.766769,0.125835,0.236395,-0.583393,79.0878343795749,-9.350947950843585,6.5478413308872945,-12.475429103237836,2.7364050307859102,-26.393547137039086,47.95322146904372,65.49554573348799,0.00118925,-0.0193849,-0.251935,0.514524,-0.347467,0.364809,0.693864
28.391324758529663,4.049902023060566,13.072198383247997,15.415099062964808,-1.7465345353164508,-0.3597755246799897,0.12582836366178576,0.032791,0.347247,0.260396,0.395538,0.747176,0.350371,-0.403136,0.0055497,0.11854,-0.253252,0.75951,0.134126,0.234237,-0.591851,78.7030472206343,-10.294320455578191,7.811110132904638,-10.830884048555632,3.628962048104995,-25.5307358077932,48.68610166129064,67.14816891625905,0.00210576,-0.0191656,-0.252091,0.514715,-0.347684,0.361781,0.695197
28.446839332580566,3.3151163630686296,13.759997933137226,15.293910897317073,-1.75156747382023,-0.3075515276115934,0.05904172728947668,0.0327518,0.347249,0.260392,0.395617,0.746884,0.350813,-0.403214,0.0064191,0.118701,-0.25305,0.769261,0.127489,0.235847,-0.579965,79.01745285767456,-8.857408383514796,6.634291332683734,-12.267780598110072,2.5533958378057875,-27.21749126269905,48.04220562102578,65.07887494815951,0.00290121,-0.0192016,-0.252184,0.512208,-0.350643,0.360637,0.696156
28.50060248374939,3.0943685869671755,13.635795914038862,14.691203894397892,-1.774894314761484,-0.3193154037726837,0.07602282889244295,0.0327766,0.347253,0.260397,0.39563,0.747238,0.350082,-0.403181,0.0063077,0.118231,-0.252887,0.768792,0.125077,0.239959,-0.579426,78.77060622254221,-8.964252280708195,6.074405964388948,-11.051410982753417,1.3393580368781244,-27.738321630480876,48.94344507587164,66.85328684055344,0.00307134,-0.0196389,-0.251608,0.511853,-0.350856,0.362904,0.695132
28.557088136672974,3.6570108301865214,12.938794400824554,15.14760562160204,-1.9849504419291726,-0.3381882457222138,0.1425001356442411,0.0328053,0.347238,0.260401,0.395597,0.747205,0.350311,-0.403075,0.00717005,0.117237,-0.252327,0.769078,0.123413,0.232896,-0.582279,79.58029051857281,-9.092590126969734,6.4613961628446965,-13.40368098367599,1.6045663042366556,-26.340267614465894,47.46962703082195,65.36964758216521,0.00307297,-0.0202387,-0.250924,0.512984,-0.353116,0.363107,0.693043
28.61166501045227,4.151519893264228,12.549062966335164,15.753689015696821,-2.0647963401814637,-0.3016396191997112,0.12807331487822973,0.0328247,0.347225,0.260398,0.395551,0.747171,0.350338,-0.403161,0.00814091,0.11743,-0.252236,0.767678,0.127721,0.229273,-0.584629,79.62244963837848,-9.186181356462118,7.1773839896011005,-13.298409564125787,2.137421837809633,-26.104157939525685,47.3510074301822,65.1465039457724,0.0024748,-0.0201874,-0.250993,0.517646,-0.353139,0.361997,0.69014
28.667851209640503,4.105695478153942,11.471202184232945,15.699008238736472,-1.9191109661712586,-0.2409517512684975,0.13661805033637828,0.0328167,0.347226,0.260401,0.395477,0.747174,0.350384,-0.403188,0.00780608,0.118704,-0.252755,0.767672,0.12775,0.229596,-0.584505,79.59888045366478,-9.179066087754823,7.159758041651148,-14.274415950836755,1.9768028250606307,-25.397735635345605,46.49998874946584,64.38857522723909,0.00199735,-0.0187971,-0.252156,0.523455,-0.348975,0.361598,0.688083
28.721718788146973,3.1348620442046737,12.204219073673315,14.5031111450231,-1.6837682941628829,-0.26952492307791415,0.07588383229842051,0.032796,0.347244,0.260412,0.395445,0.747128,0.350409,-0.403282,0.00636981,0.120009,-0.2535,0.768939,0.127941,0.236267,-0.580122,78.94691142217151,-8.85318240560392,6.61391555560596,-12.981716078114545,2.1495843256981004,-26.610968946789946,47.30799734432744,64.6271104647636,0.00227247,-0.0173611,-0.253491,0.514799,-0.349077,0.362328,0.694151
28.77716851234436,2.6856933802066005,12.534776847848969,13.93580497601211,-1.5615760697843077,-0.31855124511463034,0.08324638806599192,0.0327692,0.347261,0.260432,0.395547,0.747112,0.350457,-0.403171,0.00583199,0.121006,-0.254056,0.769937,0.127545,0.242683,-0.576225,78.3504286782075,-8.62870451731699,6.038924329530808,-11.546339957645824,1.5158609365055753,-27.750351118895374,48.271548135236465,65.65614332544433,0.00327924,-0.0168136,-0.254078,0.510514,-0.347137,0.357725,0.700645
28.834669589996338,2.698316558087677,12.34073168899473,14.569069643329701,-1.7794241182043036,-0.33198814623093115,0.10160924089011339,0.0327603,0.347255,0.260427,0.395232,0.747357,0.350185,-0.403261,0.00789147,0.120355,-0.253368,0.773769,0.124,0.236768,-0.574323,79.17511585439769,-8.125926107487444,5.932483978516981,-13.819254919056334,0.37447566360155804,-27.37481135332103,46.916612210109875,64.32765461048434,0.00511385,-0.0173562,-0.253348,0.510005,-0.3525,0.356702,0.698858
28.892935037612915,3.0364250543451066,12.120042509168416,15.386183722086379,-1.8803924358277952,-0.2859135337557719,0.08255982515739851,0.0327615,0.34726,0.260461,0.395448,0.747007,0.350884,-0.403091,0.0100901,0.119652,-0.252801,0.770235,0.130715,0.232222,-0.579417,79.15465690692542,-8.583401106066576,7.103078687016371,-12.300115998757231,0.6496515368587765,-27.38068488872465,47.78785074968815,65.81914682258355,0.00568433,-0.0177727,-0.252486,0.520585,-0.356261,0.356772,0.689045
28.94882369041443,3.019312769155544,12.746185398666501,15.942576897090232,-1.9995988372352944,-0.22043795659434373,0.0068698616638186265,0.0327818,0.347252,0.260411,0.395685,0.747261,0.350091,-0.403077,0.0108597,0.118601,-0.252258,0.770696,0.129125,0.227757,-0.580931,79.63591630090569,-8.593424552650868,7.207420741458105,-13.661005866254662,0.6046116216519337,-26.62829812749498,46.92550348002156,64.9833113856026,0.00592981,-0.0189179,-0.251575,0.520057,-0.357559,0.357946,0.688162
29.004693269729614,3.1028171296683404,12.377429927529215,15.954451078850717,-2.024995633764942,-0.21041448386635017,0.008273431411088703,0.0327589,0.347239,0.260395,0.395325,0.747425,0.349873,-0.403315,0.0109654,0.118363,-0.252192,0.76975,0.131975,0.228,-0.581449,79.43483255007365,-8.580400980389904,7.459633133294947,-12.286073838741448,0.9371341347825037,-27.499112861909815,47.926580007380906,65.79432162356507,0.00584014,-0.0193095,-0.25133,0.521045,-0.356467,0.357926,0.687992
29.060835361480713,2.83156936279246,12.417482555669734,15.761472542152683,-1.9346170332265487,-0.2330818084697701,0.006326254658718403,0.0327706,0.347254,0.260413,0.395674,0.747201,0.350188,-0.403115,0.0109087,0.119115,-0.25252,0.771578,0.130029,0.229563,-0.578845,79.3998933177294,-8.372033187787924,7.1089581812327225,-13.076012596095897,0.5545962973490717,-27.337735703193665,47.33774963661085,65.12670206585607,0.00645565,-0.0183791,-0.252041,0.518739,-0.356149,0.357706,0.69001
29.11518383026123,2.3473157181204454,12.481667017982522,15.275531742278957,-1.8316449026780437,-0.25027143827260373,-0.0223752174578925,0.03275,0.347274,0.260432,0.3956,0.747191,0.350352,-0.403063,0.0104655,0.120259,-0.25298,0.774666,0.127598,0.232381,-0.574117,79.30735516779606,-7.896195789407855,6.525736908011954,-13.71432221083607,0.16534424612331122,-27.7004297535781,46.89629324567962,64.23296108394622,0.00696809,-0.0171971,-0.252933,0.516166,-0.35778,0.354183,0.692908
29.170576572418213,2.1350934558579655,12.272052779609147,15.170549730953715,-1.7706432978849205,-0.2918142504863278,0.011947746553530238,0.0327431,0.347289,0.260445,0.395717,0.747298,0.350038,-0.403023,0.0106585,0.121399,-0.253385,0.773983,0.129902,0.236537,-0.572823,78.72123030909734,-7.85596284932421,6.408472982164483,-12.153699361859818,-0.46527353068802313,-28.402122217893528,47.677229678763254,65.43329123332587,0.00883429,-0.0162326,-0.253798,0.510336,-0.355443,0.353056,0.698977
29.227088689804077,2.014093156216141,11.900701833802344,15.189294077814045,-1.8342478284928463,-0.28800500746962665,-0.0015396461777887312,0.0327218,0.347294,0.260464,0.395281,0.747511,0.349944,-0.403137,0.0118185,0.122307,-0.253444,0.77828,0.12934,0.235273,-0.567626,78.8997900409646,-7.071350850113438,6.181195557638151,-13.000647541496757,-0.9905141936241435,-29.15894221854446,47.15579513797785,64.17164468128001,0.0101383,-0.0152448,-0.254249,0.511917,-0.356733,0.352197,0.697596
29.284154891967773,2.100654974924219,11.089972698063306,15.292893615877167,-1.8305720139242514,-0.35017388535399085,0.06571043683938556,0.0327353,0.347313,0.26044,0.396672,0.746642,0.349636,-0.403648,0.0132416,0.123531,-0.253535,0.776898,0.132122,0.23469,-0.569116,78.58547403947068,-7.205797955915117,6.618931796032239,-13.505173212792464,-2.3079724825643737,-28.104490158627435,46.126230408422636,64.40259666422573,0.0122115,-0.0141452,-0.255149,0.510114,-0.356962,0.347572,0.70111
29.340272426605225,2.1914569035056517,11.217749135484983,15.219279738486424,-1.7710376412169113,-0.3411638247593085,0.06803744372653406,0.0327467,0.347312,0.260525,0.395698,0.747455,0.350039,-0.402749,0.0133289,0.124235,-0.253789,0.778219,0.131728,0.236261,-0.566748,78.60416366495346,-7.018294648542649,6.298383682834988,-12.974791060954924,-2.0690016418058548,-28.76405570018374,46.59923864870627,64.41758325969904,0.0129742,-0.0136032,-0.255713,0.511608,-0.354226,0.347449,0.70147
29.394627332687378,1.672246747597944,11.71110026206401,14.876962215722418,-1.691830866364773,-0.26758723523694444,-0.00021373693105055096,0.0327375,0.34731,0.260506,0.395717,0.747433,0.35,-0.402806,0.0119601,0.124184,-0.254031,0.778607,0.128835,0.238189,-0.566073,78.6147407479744,-7.0505595086331505,5.894328123662387,-13.552621448345068,-1.9042814047647383,-28.49611363490454,46.32241735356357,63.99692633424447,0.0112577,-0.0137641,-0.255787,0.512836,-0.356204,0.346461,0.700059
29.44770073890686,1.7362221951343875,12.30136802099325,14.948047815711833,-1.7009346672033792,-0.22081499055796389,-0.036160984155680344,0.0327464,0.3473,0.260493,0.395688,0.747417,0.350027,-0.402839,0.0112286,0.123416,-0.253975,0.775857,0.130992,0.240317,-0.56845,78.27573606647753,-7.4287192360403305,6.076544274616413,-11.622954542222786,-1.338550785482056,-29.07837948934914,47.72699595720238,65.51419717287818,0.0102371,-0.0143419,-0.255249,0.513447,-0.354527,0.350679,0.69836
29.504249811172485,2.1718885492439175,12.224978005178725,15.604584466026633,-1.8432105788241935,-0.1751507350966413,-0.05799013999951644,0.0327516,0.34728,0.260451,0.395693,0.747369,0.350182,-0.402789,0.0120566,0.121623,-0.253248,0.77136,0.134515,0.232152,-0.577074,78.83949648434474,-8.200151211271052,7.2652797629539485,-12.15550042210819,-0.1432010394653105,-27.636620184978717,47.41471213359599,65.58080925104329,0.00841883,-0.0158817,-0.253908,0.521255,-0.357075,0.352015,0.690562
29.559075593948364,2.6280631564288877,11.898682939357908,16.402844444917296,-1.9945619046177538,-0.14869438204049665,-0.05099081362763289,0.0327754,0.347245,0.260432,0.395779,0.747193,0.35028,-0.402945,0.0130576,0.120365,-0.252647,0.769997,0.136483,0.227864,-0.580134,79.10230172328772,-8.401955616449149,7.857338555104015,-12.038721194974347,0.17614738285804066,-27.474536103689665,47.59394355873225,65.84568838579004,0.00785556,-0.0169911,-0.252955,0.521385,-0.359294,0.352244,0.689195
29.61544156074524,2.493808145639891,11.963719279127453,16.147146738153904,-1.953674566304983,-0.10950147646371644,-0.08185008322952617,0.0327828,0.347241,0.260425,0.395727,0.747271,0.350087,-0.403021,0.0124694,0.11953,-0.252514,0.767948,0.136847,0.226771,-0.583184,79.17947510756242,-8.74818642511947,8.071685853505112,-11.917179207879386,0.7486088857222697,-27.14913017644715,47.823847072051805,66.14612967672367,0.00675771,-0.0179411,-0.252232,0.525626,-0.360467,0.354078,0.684404
29.670703649520874,2.2816722298691525,11.995649720902025,15.111384469083804,-1.8589506453893958,-0.16266568442407509,-0.0466709049987166,0.0327487,0.347256,0.260431,0.395596,0.746989,0.350815,-0.403039,0.011977,0.119404,-0.252531,0.770722,0.133493,0.228521,-0.579608,79.29066147800445,-8.417648997767177,7.576171280459455,-12.268115067035442,0.5328174906374983,-27.693212871408143,47.8416333260036,65.7812066144958,0.007799,-0.0181129,-0.252227,0.51754,-0.356732,0.356453,0.691256
29.726600170135498,2.1541502334070786,12.255691173341122,14.591286234095362,-1.7992565919446397,-0.2291120695448598,-0.04208265390213166,0.0327669,0.347265,0.26045,0.39576,0.747228,0.350295,-0.402887,0.012289,0.119422,-0.252512,0.774017,0.130668,0.230716,-0.574973,79.23655350206478,-7.913763945205152,6.927254760735924,-12.301903380590574,-0.09448790877024749,-28.56751404753745,47.963418164599695,65.53876287318599,0.00841461,-0.0179471,-0.251956,0.516347,-0.359607,0.353682,0.692082
29.782825708389282,2.2843175702249447,12.659607856818383,14.56081799628523,-1.9163928745984666,-0.3671881995850931,-0.004836133440467068,0.0327642,0.347282,0.26046,0.39573,0.747346,0.35015,-0.402824,0.0125862,0.119105,-0.252054,0.7737,0.128679,0.228487,-0.576735,79.59291047308663,-8.085683148729757,6.928133842067123,-13.289936006440328,-0.5513963500057102,-27.514906839237433,47.09257811462601,65.25139963684018,0.00942208,-0.018425,-0.251349,0.515886,-0.359853,0.354272,0.691996
29.83889150619507,5.924054977864966,13.592143020029951,14.254076953324068,-2.322120548657412,-1.0609226874549127,0.28483137149763926,0.0327682,0.347266,0.260436,0.395965,0.747302,0.350003,-0.402803,0.00999767,0.118219,-0.252141,0.776021,0.122417,0.236024,-0.571925,79.27214298135709,-7.856469072723309,5.702479739869599,-12.395278865251367,-0.37174413730912903,-28.63244977124011,48.011618485432514,65.54104163417924,0.00877675,-0.019471,-0.25075,0.506791,-0.354621,0.357718,0.699603
29.896881818771362,12.04514618598704,14.999147119377426,12.938245132257073,-2.4261855452345906,-1.8576368063261357,0.9797665554296119,0.0328341,0.347233,0.260464,0.395266,0.747539,0.350047,-0.40301,-0.00643239,0.115836,-0.252095,0.782486,0.0848224,0.270536,-0.554374,78.60101694278434,-7.687434952472847,-0.48678935009859536,-12.687683213455294,0.6004719898454951,-29.004868249528975,48.45801669956482,64.16822238431854,0.00181827,-0.0216937,-0.249091,0.461211,-0.335545,0.375118,0.730739
29.95353126525879,5.995771839116703,14.655171017268994,8.971954768652926,-1.2127705010372751,-1.1523477094483043,0.49933963627488226,0.0327752,0.347261,0.260429,0.395347,0.746961,0.350644,-0.403483,-0.0232568,0.114806,-0.250573,0.787272,0.0466805,0.30728,-0.532543,77.5431692729237,-7.486193994140763,-6.871166862875938,-13.35988949703762,1.0931361109736528,-27.786412698394322,47.270576712471296,61.645867165169555,-0.00502152,-0.0215839,-0.247714,0.414503,-0.322952,0.380574,0.760955
30.00853657722473,6.711316736333028,11.729027161942776,5.837537071327657,-0.8906400765993111,-1.161519611541501,0.7851532100483893,0.032898,0.347338,0.260626,0.39398,0.746731,0.352754,-0.403407,-0.0225886,0.117261,-0.251217,0.787931,0.0500236,0.308112,-0.530782,77.439898263338,-7.314496916108111,-6.549600269427975,-12.87822338999533,0.691010100448942,-28.098493565047526,47.38226338213502,61.85455589255303,-0.00455087,-0.0189889,-0.249494,0.416835,-0.320923,0.378963,0.761344
30.06446146965027,4.706529261727251,12.435169332407686,10.590674651397453,-1.2809182578917584,-0.9072624791621243,0.42348616164858455,0.0328471,0.347312,0.260486,0.395302,0.745318,0.352311,-0.40511,-0.0138663,0.118718,-0.252725,0.786364,0.073237,0.284223,-0.543585,78.02368116382273,-7.114441636138524,-2.361388781569161,-14.995943472175387,0.6116340869438801,-27.745495550658454,46.04319501675343,61.01376597826173,-0.00254984,-0.0185968,-0.251324,0.448097,-0.328723,0.375084,0.741931
