# Timestamp, Fx, Fy, Fz, Tx, Ty, Tz, FemurPosX, FemurPosY, FemurPosZ, FemurQuatW, FemurQuatX, FemurQuatY, FemurQuatZ, TibiaPosX, TibiaPosY, TibiaPosZ, TibiaQuatW, TibiaQuatX, TibiaQuatY, TibiaQuatZ, Flexion, Adduction, Rotation, Anterior_Posterior, Medial_Lateral, Proximal_Distal, Medial_Joint_Gap, Lateral_Joint_Gap
0.08924126625061035,5.511931718728994,8.285903645882032,-4.304153140529289,0.15588572852411003,-0.7070543881761622,-1.024003752431433,-0.308981,0.337595,0.303127,0.161524,0.559839,0.607104,-0.540291,-0.566796,0.543302,-0.0751566,0.398831,0.417132,0.712152,-0.399718,14.502182189012121,-1.577453416482983,3.594320064652557,0.5948500400359507,2.1068465904469704,4.991679516567665,7.7477550467674705,2.3107005012319664
0.09021639823913574,5.511931718728994,8.285903645882032,-4.304153140529289,0.15588572852411003,-0.7070543881761622,-1.024003752431433,-0.308981,0.337595,0.303127,0.161524,0.559839,0.607104,-0.540291,-0.566796,0.543302,-0.0751566,0.398831,0.417132,0.712152,-0.399718,14.502182189012121,-1.577453416482983,3.594320064652557,0.5948500400359507,2.1068465904469704,4.991679516567665,7.7477550467674705,2.3107005012319664
0.1877150535583496,7.534388142255087,9.913516486845559,-1.51647537867,0.11171007488007047,-0.9344011444477018,-1.3716589883556949,-0.308631,0.337247,0.302839,0.162439,0.557594,0.605451,-0.54418,-0.565221,0.541961,-0.0783361,0.399,0.417514,0.708805,-0.405065,14.564696885349914,-1.1993068962753024,3.9477766466933755,-0.07115234138491999,0.6425023197502799,3.19673848006261,10.175253177466796,4.109860983860792
0.1887209415435791,7.534388142255087,9.913516486845559,-1.51647537867,0.11171007488007047,-0.9344011444477018,-1.3716589883556949,-0.308631,0.337247,0.302839,0.162439,0.557594,0.605451,-0.54418,-0.565221,0.541961,-0.0783361,0.399,0.417514,0.708805,-0.405065,14.564696885349914,-1.1993068962753024,3.9477766466933755,-0.07115234138491999,0.6425023197502799,3.19673848006261,10.175253177466796,4.109860983860792
0.2834010124206543,9.685494458725936,10.095061611579977,-1.6644919704154333,0.0655940357367828,-0.806016052341372,-1.88155361318017,-0.308411,0.337045,0.302476,0.161165,0.558089,0.60596,-0.543484,-0.564007,0.539822,-0.0842694,0.400135,0.415242,0.702151,-0.417672,15.93613463491843,-1.4744855763682083,4.962223481178091,0.15988152755196872,2.3048391936564228,3.9745870216197225,8.791821605653018,3.3345531156288417
0.284395694732666,9.685494458725936,10.095061611579977,-1.6644919704154333,0.0655940357367828,-0.806016052341372,-1.88155361318017,-0.308411,0.337045,0.302476,0.161165,0.558089,0.60596,-0.543484,-0.564007,0.539822,-0.0842694,0.400135,0.415242,0.702151,-0.417672,15.93613463491843,-1.4744855763682083,4.962223481178091,0.15988152755196872,2.3048391936564228,3.9745870216197225,8.791821605653018,3.3345531156288417
0.374953031539917,9.900886904650402,11.165092975991584,-1.171026474416975,0.008953542373229652,-1.009953293984125,-2.1619646853866916,-0.308241,0.336964,0.302311,0.15888,0.558331,0.604829,-0.545165,-0.56413,0.533906,-0.0955315,0.407321,0.406762,0.692297,-0.435153,18.376652763295468,-1.8666605509566332,5.506515137718226,0.8687251954275048,2.3789363995267543,4.382919209085504,9.17161640029645,3.478543773843114
0.3759305477142334,9.900886904650402,11.165092975991584,-1.171026474416975,0.008953542373229652,-1.009953293984125,-2.1619646853866916,-0.308241,0.336964,0.302311,0.15888,0.558331,0.604829,-0.545165,-0.56413,0.533906,-0.0955315,0.407321,0.406762,0.692297,-0.435153,18.376652763295468,-1.8666605509566332,5.506515137718226,0.8687251954275048,2.3789363995267543,4.382919209085504,9.17161640029645,3.478543773843114
0.4710507392883301,9.075951399803692,11.19265243890189,-0.5599710128612929,0.09353394348487303,-1.6104331106736092,-2.263542358803514,-0.308131,0.336372,0.301247,0.161314,0.557112,0.603693,-0.546954,-0.564807,0.524296,-0.109683,0.417978,0.398096,0.681686,-0.449575,20.497295995780526,-1.9818945626156075,5.9849100209212995,1.426127995167187,3.712069429943786,2.686331160893097,10.587644283232697,4.4846607515100825
0.4720344543457031,9.075951399803692,11.19265243890189,-0.5599710128612929,0.09353394348487303,-1.6104331106736092,-2.263542358803514,-0.308131,0.336372,0.301247,0.161314,0.557112,0.603693,-0.546954,-0.564807,0.524296,-0.109683,0.417978,0.398096,0.681686,-0.449575,20.497295995780526,-1.9818945626156075,5.9849100209212995,1.426127995167187,3.712069429943786,2.686331160893097,10.587644283232697,4.4846607515100825
0.5666162967681885,8.30592867367965,10.37465292122805,-4.011252421521807,-0.07833714260157587,-1.5995148341539485,-2.363188873796952,-0.308068,0.336394,0.30124,0.16036,0.558227,0.603088,-0.546765,-0.565011,0.516871,-0.121375,0.429006,0.387942,0.672703,-0.461438,22.97661959413967,-2.3818878920717714,5.916277421596606,2.4949234834974483,3.3764172795458594,2.6353839447847136,11.188686031179218,5.472602010275192
0.5679271221160889,8.30592867367965,10.37465292122805,-4.011252421521807,-0.07833714260157587,-1.5995148341539485,-2.363188873796952,-0.308068,0.336394,0.30124,0.16036,0.558227,0.603088,-0.546765,-0.565011,0.516871,-0.121375,0.429006,0.387942,0.672703,-0.461438,22.97661959413967,-2.3818878920717714,5.916277421596606,2.4949234834974483,3.3764172795458594,2.6353839447847136,11.188686031179218,5.472602010275192
0.6694748401641846,8.138924370983853,10.153594537712477,-2.7661180479924283,-0.46645798556443663,-1.335580012708615,-2.531538675321115,-0.307893,0.336262,0.301076,0.161115,0.557752,0.603453,-0.546626,-0.565215,0.510835,-0.12941,0.434472,0.38315,0.66542,-0.470794,24.41522378518081,-2.5189658994831787,6.43374029380969,3.4899662167196386,5.1286677787429795,1.502742411401094,11.508973085688268,7.2040236020142805
0.6705489158630371,8.138924370983853,10.153594537712477,-2.7661180479924283,-0.46645798556443663,-1.335580012708615,-2.531538675321115,-0.307893,0.336262,0.301076,0.161115,0.557752,0.603453,-0.546626,-0.565215,0.510835,-0.12941,0.434472,0.38315,0.66542,-0.470794,24.41522378518081,-2.5189658994831787,6.43374029380969,3.4899662167196386,5.1286677787429795,1.502742411401094,11.508973085688268,7.2040236020142805
0.7647218704223633,6.742399291618759,7.93744968776877,-0.6298194321536256,-1.4369789263887023,-0.8390000044785395,-2.7240946387661764,-0.307765,0.336369,0.301561,0.155539,0.558979,0.603109,-0.547366,-0.563916,0.505502,-0.138209,0.439094,0.37825,0.655517,-0.48417,26.674854084620627,-2.609918974793762,6.830064119765394,6.682670313675846,4.384532433720066,1.0122242526048026,12.557178386506527,8.898867034523924
0.7658054828643799,6.742399291618759,7.93744968776877,-0.6298194321536256,-1.4369789263887023,-0.8390000044785395,-2.7240946387661764,-0.307765,0.336369,0.301561,0.155539,0.558979,0.603109,-0.547366,-0.563916,0.505502,-0.138209,0.439094,0.37825,0.655517,-0.48417,26.674854084620627,-2.609918974793762,6.830064119765394,6.682670313675846,4.384532433720066,1.0122242526048026,12.557178386506527,8.898867034523924
0.8615415096282959,7.436493682066848,8.933187783185254,-0.22930645396401983,-1.3612784041074821,-1.03911385820158,-2.5482548163946173,-0.307784,0.336356,0.301349,0.158326,0.558628,0.603617,-0.546365,-0.565554,0.498152,-0.146157,0.449906,0.368563,0.648588,-0.490999,28.478113223368993,-2.9336163949087575,6.7325473979689985,5.287250753538412,5.779770558746387,1.2348150348623896,11.84982833026055,8.694589321637295
0.862511396408081,7.436493682066848,8.933187783185254,-0.22930645396401983,-1.3612784041074821,-1.03911385820158,-2.5482548163946173,-0.307784,0.336356,0.301349,0.158326,0.558628,0.603617,-0.546365,-0.565554,0.498152,-0.146157,0.449906,0.368563,0.648588,-0.490999,28.478113223368993,-2.9336163949087575,6.7325473979689985,5.287250753538412,5.779770558746387,1.2348150348623896,11.84982833026055,8.694589321637295
0.9584066867828369,7.766177210671522,8.719978849323665,-1.0313622511000637,-1.192328811987061,-1.2589401172953911,-2.480323893116432,-0.307758,0.33623,0.301112,0.15912,0.559154,0.603197,-0.546059,-0.567081,0.491796,-0.152168,0.458644,0.358808,0.643497,-0.496803,30.115333680576608,-3.3582534449519366,6.322487662232417,4.5107930901018145,5.823627071391142,2.211117930095323,11.010535915002777,7.781378826703341
0.959378719329834,7.766177210671522,8.719978849323665,-1.0313622511000637,-1.192328811987061,-1.2589401172953911,-2.480323893116432,-0.307758,0.33623,0.301112,0.15912,0.559154,0.603197,-0.546059,-0.567081,0.491796,-0.152168,0.458644,0.358808,0.643497,-0.496803,30.115333680576608,-3.3582534449519366,6.322487662232417,4.5107930901018145,5.823627071391142,2.211117930095323,11.010535915002777,7.781378826703341
1.055654525756836,10.775416018581845,10.921305665309388,-0.3781169924386699,-0.7792687368446777,-1.7257548683005381,-2.260695414583206,-0.307685,0.336273,0.301161,0.158409,0.559239,0.602311,-0.547157,-0.569219,0.484969,-0.158213,0.468197,0.350601,0.638874,-0.49971,31.611754711868198,-3.2960574168232477,5.570228874113999,5.326381857563755,5.6831710812255425,1.5770973399094217,11.655266799251438,8.440095387976841
1.0566973686218262,10.775416018581845,10.921305665309388,-0.3781169924386699,-0.7792687368446777,-1.7257548683005381,-2.260695414583206,-0.307685,0.336273,0.301161,0.158409,0.559239,0.602311,-0.547157,-0.569219,0.484969,-0.158213,0.468197,0.350601,0.638874,-0.49971,31.611754711868198,-3.2960574168232477,5.570228874113999,5.326381857563755,5.6831710812255425,1.5770973399094217,11.655266799251438,8.440095387976841
1.1501188278198242,10.892952607177001,11.811896055374762,-0.7710211226795917,-0.5434439556225964,-1.9353247010077952,-2.171908966199524,-0.307938,0.336161,0.30079,0.158907,0.558059,0.602931,-0.547534,-0.572227,0.477263,-0.164261,0.476339,0.340158,0.633805,-0.505653,33.26733049069343,-3.58198989151801,5.2809336561262885,5.122716960692765,6.0322155538488555,1.655504731817306,11.573240945344029,8.49567543132586
1.1514010429382324,10.892952607177001,11.811896055374762,-0.7710211226795917,-0.5434439556225964,-1.9353247010077952,-2.171908966199524,-0.307938,0.336161,0.30079,0.158907,0.558059,0.602931,-0.547534,-0.572227,0.477263,-0.164261,0.476339,0.340158,0.633805,-0.505653,33.26733049069343,-3.58198989151801,5.2809336561262885,5.122716960692765,6.0322155538488555,1.655504731817306,11.573240945344029,8.49567543132586
1.2524168491363525,11.996992897981492,13.143137820551912,-1.445685282438547,-0.20882407065504624,-2.3498473233048958,-2.0253206134800066,-0.307999,0.336181,0.300727,0.159473,0.557497,0.603153,-0.547697,-0.574917,0.46839,-0.171106,0.488307,0.327034,0.62637,-0.512119,35.498999338436036,-3.8284353269653457,4.701100014188889,3.735358651297238,6.133563497726495,2.6562951878086913,10.740601768164444,7.447308874951871
1.253401756286621,11.996992897981492,13.143137820551912,-1.445685282438547,-0.20882407065504624,-2.3498473233048958,-2.0253206134800066,-0.307999,0.336181,0.300727,0.159473,0.557497,0.603153,-0.547697,-0.574917,0.46839,-0.171106,0.488307,0.327034,0.62637,-0.512119,35.498999338436036,-3.8284353269653457,4.701100014188889,3.735358651297238,6.133563497726495,2.6562951878086913,10.740601768164444,7.447308874951871
1.349168300628662,11.220918259963756,12.68037356622792,-1.3879253943278798,0.04897787430080235,-2.481498194530086,-1.7157458826803238,-0.308006,0.335972,0.300391,0.16093,0.556561,0.603001,-0.548389,-0.57643,0.460511,-0.176893,0.49707,0.318488,0.621273,-0.515273,36.83319160452282,-3.831399748675348,4.261993253154431,3.6237921146971397,6.293939260318062,2.1248044850070436,11.206416012326295,7.866670986627643
1.3501975536346436,11.220918259963756,12.68037356622792,-1.3879253943278798,0.04897787430080235,-2.481498194530086,-1.7157458826803238,-0.308006,0.335972,0.300391,0.16093,0.556561,0.603001,-0.548389,-0.57643,0.460511,-0.176893,0.49707,0.318488,0.621273,-0.515273,36.83319160452282,-3.831399748675348,4.261993253154431,3.6237921146971397,6.293939260318062,2.1248044850070436,11.206416012326295,7.866670986627643
1.4490399360656738,11.898971969277863,13.722658391860158,-1.6281816963255862,0.23017169284446326,-2.418389422016064,-1.5027624440557563,-0.308036,0.336194,0.300703,0.159874,0.557454,0.60317,-0.547605,-0.578192,0.456129,-0.180193,0.50247,0.314894,0.621294,-0.51221,37.4315421828216,-3.6914445877813615,3.4656597806544536,6.764956322948039,7.14610617260483,-0.23288212119219764,12.378071072799774,10.37539512086041
1.4500396251678467,11.898971969277863,13.722658391860158,-1.6281816963255862,0.23017169284446326,-2.418389422016064,-1.5027624440557563,-0.308036,0.336194,0.300703,0.159874,0.557454,0.60317,-0.547605,-0.578192,0.456129,-0.180193,0.50247,0.314894,0.621294,-0.51221,37.4315421828216,-3.6914445877813615,3.4656597806544536,6.764956322948039,7.14610617260483,-0.23288212119219764,12.378071072799774,10.37539512086041
1.5452141761779785,9.634307899571724,11.697669771607423,-2.6090866512195157,0.28372832019160665,-2.2961093918451723,-1.6014578786733518,-0.308181,0.336116,0.300337,0.162554,0.556071,0.604516,-0.546738,-0.578768,0.452883,-0.182335,0.505579,0.308103,0.617395,-0.517964,38.347821142802374,-4.215001651587295,3.801865188539052,3.8456987888264615,7.277046160452116,1.7049700708508126,10.98152834476141,8.428248913985636
1.5461859703063965,9.634307899571724,11.697669771607423,-2.6090866512195157,0.28372832019160665,-2.2961093918451723,-1.6014578786733518,-0.308181,0.336116,0.300337,0.162554,0.556071,0.604516,-0.546738,-0.578768,0.452883,-0.182335,0.505579,0.308103,0.617395,-0.517964,38.347821142802374,-4.215001651587295,3.801865188539052,3.8456987888264615,7.277046160452116,1.7049700708508126,10.98152834476141,8.428248913985636
1.645526647567749,8.406734365483652,9.703240571225969,-2.2350754571625893,0.15419315920321422,-2.1146357645883556,-1.5195926436124536,-0.308101,0.335954,0.30049,0.161272,0.557583,0.60458,-0.545504,-0.575474,0.457228,-0.179981,0.503113,0.315888,0.618699,-0.514105,37.68534423419049,-3.7933012662667944,3.968355005242765,5.052620030023325,6.874848213280309,2.1443466523517394,10.628764929498024,7.922552385858599
1.646493673324585,8.406734365483652,9.703240571225969,-2.2350754571625893,0.15419315920321422,-2.1146357645883556,-1.5195926436124536,-0.308101,0.335954,0.30049,0.161272,0.557583,0.60458,-0.545504,-0.575474,0.457228,-0.179981,0.503113,0.315888,0.618699,-0.514105,37.68534423419049,-3.7933012662667944,3.968355005242765,5.052620030023325,6.874848213280309,2.1443466523517394,10.628764929498024,7.922552385858599
1.7432539463043213,10.819327603847276,9.988219755672818,-2.2679297197037593,0.25416937304332266,-1.7968874879890868,-1.4482186656836729,-0.308183,0.336523,0.301326,0.161511,0.558021,0.602856,-0.546893,-0.574253,0.468371,-0.170987,0.496902,0.327274,0.629036,-0.500294,35.22334099307197,-3.064481621213939,3.3970548069735127,3.6477621365832484,4.745152500854304,2.282859136561015,11.679292544492236,6.91864375480152
1.7442474365234375,10.819327603847276,9.988219755672818,-2.2679297197037593,0.25416937304332266,-1.7968874879890868,-1.4482186656836729,-0.308183,0.336523,0.301326,0.161511,0.558021,0.602856,-0.546893,-0.574253,0.468371,-0.170987,0.496902,0.327274,0.629036,-0.500294,35.22334099307197,-3.064481621213939,3.3970548069735127,3.6477621365832484,4.745152500854304,2.282859136561015,11.679292544492236,6.91864375480152
1.8413043022155762,12.30725777490283,9.964683158205336,-1.2916058000306287,0.23269622945040905,-1.6155241553251696,-1.5177599983385175,-0.308241,0.336646,0.301435,0.15936,0.559471,0.603012,-0.545869,-0.574425,0.477044,-0.163051,0.483201,0.337739,0.638601,-0.494609,33.16763188276768,-3.323681114835909,3.780947512430778,6.085998277241963,5.802950466231053,1.6048392013124833,11.600005851955435,8.37410754596634
1.842315435409546,12.30725777490283,9.964683158205336,-1.2916058000306287,0.23269622945040905,-1.6155241553251696,-1.5177599983385175,-0.308241,0.336646,0.301435,0.15936,0.559471,0.603012,-0.545869,-0.574425,0.477044,-0.163051,0.483201,0.337739,0.638601,-0.494609,33.16763188276768,-3.323681114835909,3.780947512430778,6.085998277241963,5.802950466231053,1.6048392013124833,11.600005851955435,8.37410754596634
1.9372854232788086,11.49075908511963,9.559039536576176,-0.5160395589625216,0.1607602080958622,-1.7765761760370244,-1.5081216979152243,-0.308193,0.336617,0.301546,0.159958,0.558177,0.60393,-0.546004,-0.573456,0.479704,-0.160871,0.481002,0.340199,0.639241,-0.49424,32.77797157819309,-3.1894817821827846,4.1656275778475695,4.441244782795688,5.131252549159115,2.3368598213540004,11.2099839313213,7.295977371245891
1.9382596015930176,11.49075908511963,9.559039536576176,-0.5160395589625216,0.1607602080958622,-1.7765761760370244,-1.5081216979152243,-0.308193,0.336617,0.301546,0.159958,0.558177,0.60393,-0.546004,-0.573456,0.479704,-0.160871,0.481002,0.340199,0.639241,-0.49424,32.77797157819309,-3.1894817821827846,4.1656275778475695,4.441244782795688,5.131252549159115,2.3368598213540004,11.2099839313213,7.295977371245891
2.0369315147399902,9.956422843394495,8.840568814864488,-1.438369235689411,0.1318056563172893,-1.6332253988275232,-1.372470251094432,-0.308219,0.336457,0.301299,0.1613,0.55852,0.604674,-0.544432,-0.573127,0.480596,-0.160171,0.475231,0.343695,0.643182,-0.492287,31.858461195017313,-3.534114036407573,4.54731907966122,6.921272725803943,6.511837462816818,0.3139602960702028,12.30278812734651,10.02946828231889
2.0380284786224365,9.956422843394495,8.840568814864488,-1.438369235689411,0.1318056563172893,-1.6332253988275232,-1.372470251094432,-0.308219,0.336457,0.301299,0.1613,0.55852,0.604674,-0.544432,-0.573127,0.480596,-0.160171,0.475231,0.343695,0.643182,-0.492287,31.858461195017313,-3.534114036407573,4.54731907966122,6.921272725803943,6.511837462816818,0.3139602960702028,12.30278812734651,10.02946828231889
2.135819435119629,11.073248020348439,9.485889067867515,-1.333891265044116,0.16955282567449187,-1.5115243346492462,-1.3194922975991161,-0.308245,0.336676,0.301587,0.159849,0.558165,0.603845,-0.546142,-0.574189,0.48135,-0.159177,0.475093,0.343707,0.645025,-0.489995,31.649864750281605,-3.313623114029983,4.129793891058792,7.300102037429822,5.35701267657531,-0.3319373885756782,13.667346037800048,10.274257688989032
2.1367974281311035,11.073248020348439,9.485889067867515,-1.333891265044116,0.16955282567449187,-1.5115243346492462,-1.3194922975991161,-0.308245,0.336676,0.301587,0.159849,0.558165,0.603845,-0.546142,-0.574189,0.48135,-0.159177,0.475093,0.343707,0.645025,-0.489995,31.649864750281605,-3.313623114029983,4.129793891058792,7.300102037429822,5.35701267657531,-0.3319373885756782,13.667346037800048,10.274257688989032
2.2317631244659424,12.437078303113395,11.445517766420977,-1.146152234987942,0.3565713204907426,-1.785932325061819,-1.3095346131733154,-0.308313,0.336578,0.301341,0.161229,0.55849,0.604333,-0.544863,-0.575249,0.478878,-0.160905,0.479408,0.338721,0.643579,-0.491165,32.32718906802394,-3.6096301113380824,3.88654565417794,6.084540370260443,5.950735387645599,0.8465331865382666,12.195366319437241,9.18265715526977
2.2327864170074463,12.437078303113395,11.445517766420977,-1.146152234987942,0.3565713204907426,-1.785932325061819,-1.3095346131733154,-0.308313,0.336578,0.301341,0.161229,0.55849,0.604333,-0.544863,-0.575249,0.478878,-0.160905,0.479408,0.338721,0.643579,-0.491165,32.32718906802394,-3.6096301113380824,3.88654565417794,6.084540370260443,5.950735387645599,0.8465331865382666,12.195366319437241,9.18265715526977
2.3363261222839355,13.805061668389843,13.782251691221509,-0.7596443703307105,0.7060556402596102,-2.3344249952855227,-1.3017523227491188,-0.308315,0.336402,0.3011,0.161719,0.557337,0.604786,-0.545395,-0.577105,0.473468,-0.165049,0.482594,0.334111,0.639671,-0.496279,33.19390678098563,-3.7281333518473665,4.078469640289709,6.79212176029748,7.559626757126701,-0.2688656205451423,12.078259624839,10.68387137940541
2.337308883666992,13.805061668389843,13.782251691221509,-0.7596443703307105,0.7060556402596102,-2.3344249952855227,-1.3017523227491188,-0.308315,0.336402,0.3011,0.161719,0.557337,0.604786,-0.545395,-0.577105,0.473468,-0.165049,0.482594,0.334111,0.639671,-0.496279,33.19390678098563,-3.7281333518473665,4.078469640289709,6.79212176029748,7.559626757126701,-0.2688656205451423,12.078259624839,10.68387137940541
2.4329872131347656,14.685831924323573,15.041178350350267,-1.1122354938919232,1.0563217358397472,-2.7359830003998873,-1.4822107518078285,-0.308264,0.33621,0.300691,0.160861,0.557116,0.604405,-0.546298,-0.578708,0.466826,-0.169701,0.496266,0.321558,0.630137,-0.503238,35.72899958093747,-3.6488041672743337,3.3949699235751574,2.6543474978620796,6.477913075945138,4.104895916674273,9.052811794526425,5.494847499807127
2.4339962005615234,14.685831924323573,15.041178350350267,-1.1122354938919232,1.0563217358397472,-2.7359830003998873,-1.4822107518078285,-0.308264,0.33621,0.300691,0.160861,0.557116,0.604405,-0.546298,-0.578708,0.466826,-0.169701,0.496266,0.321558,0.630137,-0.503238,35.72899958093747,-3.6488041672743337,3.3949699235751574,2.6543474978620796,6.477913075945138,4.104895916674273,9.052811794526425,5.494847499807127
2.5301620960235596,13.388935013606039,15.03508234083087,-1.3671052242859991,1.2950678031347953,-2.9576177039359224,-1.4382034351578756,-0.308253,0.336033,0.30037,0.162255,0.556001,0.604315,-0.547119,-0.578755,0.462557,-0.173398,0.499801,0.317929,0.627176,-0.505738,36.26825756052544,-3.625204757632369,3.4039872666606446,2.6563605566013275,6.238097324307536,3.192769117170542,10.160536072597754,6.359411240059366
2.53120756149292,13.388935013606039,15.03508234083087,-1.3671052242859991,1.2950678031347953,-2.9576177039359224,-1.4382034351578756,-0.308253,0.336033,0.30037,0.162255,0.556001,0.604315,-0.547119,-0.578755,0.462557,-0.173398,0.499801,0.317929,0.627176,-0.505738,36.26825756052544,-3.625204757632369,3.4039872666606446,2.6563605566013275,6.238097324307536,3.192769117170542,10.160536072597754,6.359411240059366
2.6293346881866455,10.082328113167959,10.928570525889972,-1.7817648084615572,0.8726791030423385,-2.3704097562628093,-1.2966115370706865,-0.308245,0.336123,0.300629,0.16198,0.557044,0.604198,-0.546269,-0.576394,0.465328,-0.172496,0.496263,0.327239,0.629676,-0.500146,35.1680425398191,-3.11594064949317,3.595366640302764,5.999154102608667,7.302031086839229,0.45299369384498434,11.482825628528657,9.416139110863346
2.63030743598938,10.082328113167959,10.928570525889972,-1.7817648084615572,0.8726791030423385,-2.3704097562628093,-1.2966115370706865,-0.308245,0.336123,0.300629,0.16198,0.557044,0.604198,-0.546269,-0.576394,0.465328,-0.172496,0.496263,0.327239,0.629676,-0.500146,35.1680425398191,-3.11594064949317,3.595366640302764,5.999154102608667,7.302031086839229,0.45299369384498434,11.482825628528657,9.416139110863346
2.7294280529022217,10.401340423854313,9.499480830205115,-3.4393658583756084,0.20715295660892924,-1.4922588777715429,-1.2990238981516469,-0.308316,0.336586,0.301483,0.162101,0.557903,0.604087,-0.545478,-0.573979,0.476027,-0.164217,0.483064,0.338134,0.639294,-0.493577,32.83151242433743,-3.316646478014588,4.049742410129122,6.1954438465300194,5.933657247712047,0.03645034565292704,12.947377123005394,9.775650448946045
2.730454206466675,10.401340423854313,9.499480830205115,-3.4393658583756084,0.20715295660892924,-1.4922588777715429,-1.2990238981516469,-0.308316,0.336586,0.301483,0.162101,0.557903,0.604087,-0.545478,-0.573979,0.476027,-0.164217,0.483064,0.338134,0.639294,-0.493577,32.83151242433743,-3.316646478014588,4.049742410129122,6.1954438465300194,5.933657247712047,0.03645034565292704,12.947377123005394,9.775650448946045
2.8283448219299316,11.947972598194632,10.82389062357782,-3.07079270158608,0.035482957584188374,-1.2509382304307084,-1.2465879781614186,-0.308523,0.336931,0.301815,0.160727,0.558081,0.606558,-0.542954,-0.575669,0.480118,-0.1599,0.478303,0.340702,0.644402,-0.489789,32.25692127034551,-3.556744308758168,4.156222347433653,7.1261135919530485,7.186111067582821,0.41718648787408696,11.672884289837716,10.036965090281342
2.8293204307556152,11.947972598194632,10.82389062357782,-3.07079270158608,0.035482957584188374,-1.2509382304307084,-1.2465879781614186,-0.308523,0.336931,0.301815,0.160727,0.558081,0.606558,-0.542954,-0.575669,0.480118,-0.1599,0.478303,0.340702,0.644402,-0.489789,32.25692127034551,-3.556744308758168,4.156222347433653,7.1261135919530485,7.186111067582821,0.41718648787408696,11.672884289837716,10.036965090281342
2.925020933151245,13.470236490231477,12.384052652957273,-2.422649085117021,0.38087864103348834,-1.9120306080767593,-1.2752396057145814,-0.308455,0.336674,0.301345,0.160247,0.557776,0.604316,-0.545902,-0.577209,0.475315,-0.163605,0.48213,0.33466,0.641847,-0.493545,32.98368150859905,-3.616266745455732,3.689182086453874,7.115553536242782,6.082975609640661,-0.11962112494999033,12.954973741692346,10.269559414052695
2.9261763095855713,13.470236490231477,12.384052652957273,-2.422649085117021,0.38087864103348834,-1.9120306080767593,-1.2752396057145814,-0.308455,0.336674,0.301345,0.160247,0.557776,0.604316,-0.545902,-0.577209,0.475315,-0.163605,0.48213,0.33466,0.641847,-0.493545,32.98368150859905,-3.616266745455732,3.689182086453874,7.115553536242782,6.082975609640661,-0.11962112494999033,12.954973741692346,10.269559414052695
3.0222461223602295,11.80615037163064,11.380662098533742,-2.042094675533747,0.7018866644020764,-2.413915183065719,-1.2382743101061562,-0.308374,0.336129,0.300668,0.160488,0.557419,0.602964,-0.547688,-0.576839,0.465358,-0.171979,0.498443,0.322136,0.6292,-0.501886,35.74261716427584,-3.280593269004958,3.0736252459277438,3.964768806641054,4.429901329319618,2.8268626461361706,11.427645093666595,6.445118823035773
3.023242712020874,11.80615037163064,11.380662098533742,-2.042094675533747,0.7018866644020764,-2.413915183065719,-1.2382743101061562,-0.308374,0.336129,0.300668,0.160488,0.557419,0.602964,-0.547688,-0.576839,0.465358,-0.171979,0.498443,0.322136,0.6292,-0.501886,35.74261716427584,-3.280593269004958,3.0736252459277438,3.964768806641054,4.429901329319618,2.8268626461361706,11.427645093666595,6.445118823035773
3.1184771060943604,12.357022444989916,11.279406270718681,-3.2777993301737696,0.7444042841471112,-2.23795344354025,-1.2248449903670562,-0.308326,0.336358,0.300955,0.162881,0.558251,0.60464,-0.544275,-0.576524,0.459163,-0.177583,0.504866,0.316187,0.624511,-0.505096,36.96937940393202,-3.7047352259566995,3.0989941119388646,5.250093461860041,6.59543898928173,1.9378149064929602,10.874268893350004,8.006319003317547
3.1194679737091064,12.357022444989916,11.279406270718681,-3.2777993301737696,0.7444042841471112,-2.23795344354025,-1.2248449903670562,-0.308326,0.336358,0.300955,0.162881,0.558251,0.60464,-0.544275,-0.576524,0.459163,-0.177583,0.504866,0.316187,0.624511,-0.505096,36.96937940393202,-3.7047352259566995,3.0989941119388646,5.250093461860041,6.59543898928173,1.9378149064929602,10.874268893350004,8.006319003317547
3.219597339630127,12.271044744208616,11.260501677798938,-3.974229204514679,0.758966473834858,-2.2142354894491687,-1.296243528086003,-0.308423,0.336135,0.300752,0.160313,0.559489,0.601561,-0.547172,-0.576683,0.454615,-0.18128,0.510937,0.310789,0.619448,-0.508565,38.12747572027253,-3.4208786894596535,2.384412217204334,5.334609343765923,4.667641621912949,2.2967504359160102,12.070645723075291,7.3457378040034955
3.220564126968384,12.271044744208616,11.260501677798938,-3.974229204514679,0.758966473834858,-2.2142354894491687,-1.296243528086003,-0.308423,0.336135,0.300752,0.160313,0.559489,0.601561,-0.547172,-0.576683,0.454615,-0.18128,0.510937,0.310789,0.619448,-0.508565,38.12747572027253,-3.4208786894596535,2.384412217204334,5.334609343765923,4.667641621912949,2.2967504359160102,12.070645723075291,7.3457378040034955
3.319326639175415,12.173238037240539,11.838512657249224,-4.751053753698235,0.6516663997456243,-2.138303521942153,-1.4355142647057737,-0.308479,0.336078,0.300676,0.161486,0.558927,0.60197,-0.546951,-0.576998,0.45139,-0.184446,0.510396,0.313977,0.611406,-0.516814,38.647655205644995,-3.3151224013633516,3.6726976286521484,5.548920150947415,10.116349435381094,0.6859553312556557,9.571046191705246,10.103464297425354
3.3203582763671875,12.173238037240539,11.838512657249224,-4.751053753698235,0.6516663997456243,-2.138303521942153,-1.4355142647057737,-0.308479,0.336078,0.300676,0.161486,0.558927,0.60197,-0.546951,-0.576998,0.45139,-0.184446,0.510396,0.313977,0.611406,-0.516814,38.647655205644995,-3.3151224013633516,3.6726976286521484,5.548920150947415,10.116349435381094,0.6859553312556557,9.571046191705246,10.103464297425354
3.418595790863037,12.293186619299094,12.25438469932798,-5.389504217454704,0.7085823086505556,-2.3047505437187072,-1.553150318047719,-0.308481,0.336031,0.300608,0.16137,0.558382,0.602243,-0.54724,-0.577214,0.445447,-0.188689,0.516039,0.303357,0.610917,-0.51813,39.74162857319288,-3.7103024801350943,2.8671830549022204,6.367584429506886,6.3105062166795305,0.40761161053351813,12.56987622352598,9.611072112937652
3.419630527496338,12.293186619299094,12.25438469932798,-5.389504217454704,0.7085823086505556,-2.3047505437187072,-1.553150318047719,-0.308481,0.336031,0.300608,0.16137,0.558382,0.602243,-0.54724,-0.577214,0.445447,-0.188689,0.516039,0.303357,0.610917,-0.51813,39.74162857319288,-3.7103024801350943,2.8671830549022204,6.367584429506886,6.3105062166795305,0.40761161053351813,12.56987622352598,9.611072112937652
3.5162193775177,12.36811736279433,13.096422071085517,-5.285785671613032,0.8480255679586428,-2.507009277762417,-1.5087280250633848,-0.308368,0.335879,0.300347,0.161431,0.558705,0.60308,-0.54597,-0.577127,0.438154,-0.194275,0.523821,0.299565,0.607039,-0.517084,40.75718288779954,-3.400938006656951,2.410747586008881,9.588858402601003,7.616640331195786,-1.948931790711427,14.413897878226377,12.911547335774964
3.517228126525879,12.36811736279433,13.096422071085517,-5.285785671613032,0.8480255679586428,-2.507009277762417,-1.5087280250633848,-0.308368,0.335879,0.300347,0.161431,0.558705,0.60308,-0.54597,-0.577127,0.438154,-0.194275,0.523821,0.299565,0.607039,-0.517084,40.75718288779954,-3.400938006656951,2.410747586008881,9.588858402601003,7.616640331195786,-1.948931790711427,14.413897878226377,12.911547335774964
3.609038829803467,12.69651695982621,13.856286050323087,-5.109681013142335,0.938871178946507,-2.6751348404014923,-1.4475400670174998,-0.308381,0.335839,0.300407,0.161973,0.558567,0.60213,-0.546998,-0.577617,0.43138,-0.198891,0.529066,0.292146,0.600806,-0.523233,42.04256597489406,-3.577128396082934,2.3104204967028146,9.17239401191458,7.703824198317019,-2.46404341952109,14.893421242972456,13.337197498200892
3.610020399093628,12.69651695982621,13.856286050323087,-5.109681013142335,0.938871178946507,-2.6751348404014923,-1.4475400670174998,-0.308381,0.335839,0.300407,0.161973,0.558567,0.60213,-0.546998,-0.577617,0.43138,-0.198891,0.529066,0.292146,0.600806,-0.523233,42.04256597489406,-3.577128396082934,2.3104204967028146,9.17239401191458,7.703824198317019,-2.46404341952109,14.893421242972456,13.337197498200892
3.702989101409912,13.467531775528546,14.850370901341172,-5.488762744027876,0.9384998316770957,-2.7870505700597654,-1.471402903273563,-0.308333,0.335788,0.300214,0.162354,0.558261,0.601917,-0.547432,-0.578161,0.425763,-0.202374,0.531577,0.286654,0.5961,-0.529074,43.00475087752503,-3.8668745178580983,2.447878178945972,9.532216458117388,8.356691779582198,-3.02242038360707,15.099344405136632,13.882755417253922
3.7039778232574463,13.467531775528546,14.850370901341172,-5.488762744027876,0.9384998316770957,-2.7870505700597654,-1.471402903273563,-0.308333,0.335788,0.300214,0.162354,0.558261,0.601917,-0.547432,-0.578161,0.425763,-0.202374,0.531577,0.286654,0.5961,-0.529074,43.00475087752503,-3.8668745178580983,2.447878178945972,9.532216458117388,8.356691779582198,-3.02242038360707,15.099344405136632,13.882755417253922
3.8024704456329346,14.944258523452596,14.980772526880541,-5.182389727497885,0.9194881968251322,-2.981499857653716,-1.4616868511886913,-0.30831,0.335755,0.300033,0.160035,0.558844,0.601649,-0.547814,-0.578803,0.418829,-0.206827,0.533955,0.281029,0.591015,-0.535365,44.277850703700764,-4.087520599011945,2.432888467084995,12.427071508410721,8.797425318474005,-4.768671843541313,16.042659751876442,15.999386943192128
3.8034474849700928,14.944258523452596,14.980772526880541,-5.182389727497885,0.9194881968251322,-2.981499857653716,-1.4616868511886913,-0.30831,0.335755,0.300033,0.160035,0.558844,0.601649,-0.547814,-0.578803,0.418829,-0.206827,0.533955,0.281029,0.591015,-0.535365,44.277850703700764,-4.087520599011945,2.432888467084995,12.427071508410721,8.797425318474005,-4.768671843541313,16.042659751876442,15.999386943192128
3.8999834060668945,13.514995429533903,15.262014963308129,-5.443162643384507,1.0558750326671318,-3.2134025089947693,-1.394179310162258,-0.308188,0.335614,0.2999,0.160798,0.558849,0.601884,-0.547328,-0.578405,0.41232,-0.21063,0.544008,0.271681,0.581968,-0.539961,46.201501394007515,-4.026165005179461,2.1079372203600926,9.56049502426973,8.711552559563694,-2.436836300583664,14.420747092740589,12.944377024616301
3.900982141494751,13.514995429533903,15.262014963308129,-5.443162643384507,1.0558750326671318,-3.2134025089947693,-1.394179310162258,-0.308188,0.335614,0.2999,0.160798,0.558849,0.601884,-0.547328,-0.578405,0.41232,-0.21063,0.544008,0.271681,0.581968,-0.539961,46.201501394007515,-4.026165005179461,2.1079372203600926,9.56049502426973,8.711552559563694,-2.436836300583664,14.420747092740589,12.944377024616301
3.995988368988037,14.380159053198891,15.646366976079419,-6.802739240346752,1.0083173403152883,-3.0418074641083144,-1.3696873675418044,-0.308225,0.335608,0.299898,0.160373,0.55941,0.601245,-0.547582,-0.578769,0.408538,-0.212568,0.547535,0.2673,0.580715,-0.539932,46.78331779177166,-4.018852338990319,1.5885313704680577,10.533093801713541,8.081426215215746,-3.036978935389783,14.354894139148472,13.621267231253913
3.997143030166626,14.380159053198891,15.646366976079419,-6.802739240346752,1.0083173403152883,-3.0418074641083144,-1.3696873675418044,-0.308225,0.335608,0.299898,0.160373,0.55941,0.601245,-0.547582,-0.578769,0.408538,-0.212568,0.547535,0.2673,0.580715,-0.539932,46.78331779177166,-4.018852338990319,1.5885313704680577,10.533093801713541,8.081426215215746,-3.036978935389783,14.354894139148472,13.621267231253913
4.090413808822632,14.458166438195967,15.759449456936691,-6.786962277638032,1.0582432130454595,-3.1387782639073496,-1.3113983317547357,-0.308225,0.335619,0.299884,0.160297,0.559403,0.601218,-0.54764,-0.579541,0.404333,-0.214623,0.5503,0.262275,0.577137,-0.54341,47.64247822839087,-4.1985459004512915,1.503653673008765,10.489095889277152,8.546180276814557,-3.1452651602402355,14.269337077727224,13.732194424601092
4.091636419296265,14.458166438195967,15.759449456936691,-6.786962277638032,1.0582432130454595,-3.1387782639073496,-1.3113983317547357,-0.308225,0.335619,0.299884,0.160297,0.559403,0.601218,-0.54764,-0.579541,0.404333,-0.214623,0.5503,0.262275,0.577137,-0.54341,47.64247822839087,-4.1985459004512915,1.503653673008765,10.489095889277152,8.546180276814557,-3.1452651602402355,14.269337077727224,13.732194424601092
4.185603141784668,14.231303202027851,15.655241208056454,-6.961479515564411,1.0195078267135367,-3.150302346820773,-1.3207874085282352,-0.3082,0.335509,0.299709,0.161669,0.558717,0.601466,-0.547665,-0.579683,0.399188,-0.217391,0.554613,0.25771,0.572833,-0.545758,48.42911628728705,-4.210172961458868,1.473498095990518,10.106663400715076,9.277639576107639,-3.546193236212943,14.64694539986458,13.968567288243804
4.18659782409668,14.231303202027851,15.655241208056454,-6.961479515564411,1.0195078267135367,-3.150302346820773,-1.3207874085282352,-0.3082,0.335509,0.299709,0.161669,0.558717,0.601466,-0.547665,-0.579683,0.399188,-0.217391,0.554613,0.25771,0.572833,-0.545758,48.42911628728705,-4.210172961458868,1.473498095990518,10.106663400715076,9.277639576107639,-3.546193236212943,14.64694539986458,13.968567288243804
4.281583070755005,15.119751970665035,15.903204440053862,-6.947755010492375,1.0455472061813802,-3.4067683925190058,-1.1370756073017163,-0.308148,0.335502,0.29975,0.160778,0.558864,0.601023,-0.548263,-0.579388,0.393828,-0.220156,0.559073,0.251939,0.567628,-0.549329,49.57716579188654,-4.174648792558047,1.2575520700223741,10.34639176238339,8.606528394869192,-3.661233979149962,14.416659150122761,14.053629764209608
4.2826173305511475,15.119751970665035,15.903204440053862,-6.947755010492375,1.0455472061813802,-3.4067683925190058,-1.1370756073017163,-0.308148,0.335502,0.29975,0.160778,0.558864,0.601023,-0.548263,-0.579388,0.393828,-0.220156,0.559073,0.251939,0.567628,-0.549329,49.57716579188654,-4.174648792558047,1.2575520700223741,10.34639176238339,8.606528394869192,-3.661233979149962,14.416659150122761,14.053629764209608
4.386199474334717,14.068577973318783,16.243636834475232,-7.219899789742858,1.0705762309034554,-3.5043531942656534,-1.047713009350913,-0.308144,0.335327,0.299502,0.161724,0.558262,0.600807,-0.548836,-0.579502,0.388984,-0.222568,0.562652,0.246681,0.563298,-0.55251,50.39508945184614,-4.252733910153884,1.201136319523508,9.492693238109117,8.549870600956812,-3.5897617413417677,14.40506520077877,13.806437009149107
4.387171268463135,14.068577973318783,16.243636834475232,-7.219899789742858,1.0705762309034554,-3.5043531942656534,-1.047713009350913,-0.308144,0.335327,0.299502,0.161724,0.558262,0.600807,-0.548836,-0.579502,0.388984,-0.222568,0.562652,0.246681,0.563298,-0.55251,50.39508945184614,-4.252733910153884,1.201136319523508,9.492693238109117,8.549870600956812,-3.5897617413417677,14.40506520077877,13.806437009149107
4.482485294342041,13.510445525150304,15.66604325637662,-7.045940229045565,1.141556427412977,-3.5744810783650744,-0.8713264831385628,-0.308123,0.335318,0.299441,0.16083,0.558207,0.600408,-0.549589,-0.580187,0.38827,-0.222599,0.56375,0.245482,0.564452,-0.550743,50.420138795257536,-4.080856284753446,0.8318647492293252,10.095555273516071,7.806231504972135,-4.013568324671731,14.62962140191584,14.275262474449493
4.4834794998168945,13.510445525150304,15.66604325637662,-7.045940229045565,1.141556427412977,-3.5744810783650744,-0.8713264831385628,-0.308123,0.335318,0.299441,0.16083,0.558207,0.600408,-0.549589,-0.580187,0.38827,-0.222599,0.56375,0.245482,0.564452,-0.550743,50.420138795257536,-4.080856284753446,0.8318647492293252,10.095555273516071,7.806231504972135,-4.013568324671731,14.62962140191584,14.275262474449493
4.580406427383423,12.510886993317243,16.748132656014178,-8.107657250839916,0.7780364538772526,-3.339968072644837,-0.738414894962157,-0.308142,0.335332,0.299355,0.160301,0.557836,0.600481,-0.55004,-0.58216,0.394929,-0.218657,0.557115,0.250206,0.570465,-0.549171,49.30036234763603,-4.2894657691535745,1.0772565980610622,9.056268881793539,8.147764672311105,-3.1907799491598254,14.340368771176417,13.461622461079854
4.581448793411255,12.510886993317243,16.748132656014178,-8.107657250839916,0.7780364538772526,-3.339968072644837,-0.738414894962157,-0.308142,0.335332,0.299355,0.160301,0.557836,0.600481,-0.55004,-0.58216,0.394929,-0.218657,0.557115,0.250206,0.570465,-0.549171,49.30036234763603,-4.2894657691535745,1.0772565980610622,9.056268881793539,8.147764672311105,-3.1907799491598254,14.340368771176417,13.461622461079854
4.675191640853882,8.12120189022466,11.117355298469306,-6.329579051304118,0.36817921726753733,-2.711023445753383,-1.0835668797268938,-0.308404,0.335395,0.299191,0.160464,0.557473,0.601104,-0.549681,-0.584239,0.40421,-0.213192,0.546844,0.259709,0.58013,-0.544943,47.31470701655818,-4.535828203202982,1.559649640114424,9.30391991493775,9.595187537065463,-3.3435519607029676,14.841125961667293,13.935675605026864
4.676208257675171,8.12120189022466,11.117355298469306,-6.329579051304118,0.36817921726753733,-2.711023445753383,-1.0835668797268938,-0.308404,0.335395,0.299191,0.160464,0.557473,0.601104,-0.549681,-0.584239,0.40421,-0.213192,0.546844,0.259709,0.58013,-0.544943,47.31470701655818,-4.535828203202982,1.559649640114424,9.30391991493775,9.595187537065463,-3.3435519607029676,14.841125961667293,13.935675605026864
4.77506947517395,8.328219039466047,11.768333972980804,-8.139031079123429,-0.44128991174860327,-1.5678730498295914,-1.0119978801194969,-0.308378,0.335748,0.29967,0.160571,0.557955,0.602307,-0.54784,-0.583881,0.419618,-0.204166,0.535381,0.275322,0.595001,-0.532483,44.32429383304477,-4.379394889795963,1.7440918436254993,9.680131996493293,9.694918594314519,-2.8987870280214096,14.282397009825855,13.828202733343074
4.776158094406128,8.328219039466047,11.768333972980804,-8.139031079123429,-0.44128991174860327,-1.5678730498295914,-1.0119978801194969,-0.308378,0.335748,0.29967,0.160571,0.557955,0.602307,-0.54784,-0.583881,0.419618,-0.204166,0.535381,0.275322,0.595001,-0.532483,44.32429383304477,-4.379394889795963,1.7440918436254993,9.680131996493293,9.694918594314519,-2.8987870280214096,14.282397009825855,13.828202733343074
4.870262622833252,11.661737627011618,14.690108349715418,-7.8367447245627915,-0.4432243031607297,-1.9973617435837383,-0.9537662716982401,-0.308358,0.336283,0.300305,0.159941,0.55663,0.603761,-0.547772,-0.585496,0.424704,-0.200469,0.53119,0.277792,0.598678,-0.531275,43.72906653612584,-4.463546156844123,2.0394827567567404,8.303386626336462,9.878357901490247,-2.3280510823625704,13.397277257377825,13.412284767656802
4.871257066726685,11.661737627011618,14.690108349715418,-7.8367447245627915,-0.4432243031607297,-1.9973617435837383,-0.9537662716982401,-0.308358,0.336283,0.300305,0.159941,0.55663,0.603761,-0.547772,-0.585496,0.424704,-0.200469,0.53119,0.277792,0.598678,-0.531275,43.72906653612584,-4.463546156844123,2.0394827567567404,8.303386626336462,9.878357901490247,-2.3280510823625704,13.397277257377825,13.412284767656802
4.968032598495483,12.187454507269853,15.90925260143703,-6.832315021235248,0.20868429204050953,-3.0572245846793358,-1.0264991494776619,-0.308407,0.335522,0.298991,0.158084,0.557061,0.600326,-0.551634,-0.588338,0.415011,-0.205102,0.535036,0.267269,0.5926,-0.539563,45.201977271231655,-4.707460175390054,1.5307748443301374,8.994114647667988,9.406543228416119,-2.6422702188710403,14.293739170974646,13.602600683997679
4.969033718109131,12.187454507269853,15.90925260143703,-6.832315021235248,0.20868429204050953,-3.0572245846793358,-1.0264991494776619,-0.308407,0.335522,0.298991,0.158084,0.557061,0.600326,-0.551634,-0.588338,0.415011,-0.205102,0.535036,0.267269,0.5926,-0.539563,45.201977271231655,-4.707460175390054,1.5307748443301374,8.994114647667988,9.406543228416119,-2.6422702188710403,14.293739170974646,13.602600683997679
5.066751480102539,13.374185580420901,17.122707942203675,-7.118351318448454,0.44798130527164975,-3.6079385814698663,-0.7226928019304634,-0.308211,0.335398,0.298936,0.158433,0.557838,0.600034,-0.551068,-0.586903,0.403463,-0.21222,0.544779,0.257778,0.5823,-0.545612,47.29181749322357,-4.703116092174529,1.247744198011306,10.613686565227933,9.926031178526955,-3.8414093709271526,14.895756796360626,14.688634655879403
5.068052768707275,13.374185580420901,17.122707942203675,-7.118351318448454,0.44798130527164975,-3.6079385814698663,-0.7226928019304634,-0.308211,0.335398,0.298936,0.158433,0.557838,0.600034,-0.551068,-0.586903,0.403463,-0.21222,0.544779,0.257778,0.5823,-0.545612,47.29181749322357,-4.703116092174529,1.247744198011306,10.613686565227933,9.926031178526955,-3.8414093709271526,14.895756796360626,14.688634655879403
5.166039228439331,13.673160600730638,17.44035347536393,-7.600793223150384,0.5382647560255494,-3.9141559043800918,-0.6682143342291809,-0.308072,0.335256,0.299107,0.160035,0.557913,0.60112,-0.549342,-0.584282,0.391882,-0.219172,0.556847,0.247455,0.569152,-0.552045,49.752529626251054,-4.638363172544386,1.180341858705308,10.166670905783441,10.527960827619356,-3.6892433298428244,14.457332512941823,14.060466089884551
5.167053699493408,13.673160600730638,17.44035347536393,-7.600793223150384,0.5382647560255494,-3.9141559043800918,-0.6682143342291809,-0.308072,0.335256,0.299107,0.160035,0.557913,0.60112,-0.549342,-0.584282,0.391882,-0.219172,0.556847,0.247455,0.569152,-0.552045,49.752529626251054,-4.638363172544386,1.180341858705308,10.166670905783441,10.527960827619356,-3.6892433298428244,14.457332512941823,14.060466089884551
5.259915590286255,13.007468991635474,16.538115799399197,-8.930123784411082,0.26282084778015147,-3.9280352838927235,-0.9361392717737532,-0.308006,0.334874,0.298361,0.161424,0.557358,0.600408,-0.550277,-0.583925,0.383883,-0.223358,0.559925,0.240465,0.561593,-0.559709,50.958123423709885,-4.975177863028586,1.4318691141861208,9.759227492927474,10.929407390648198,-3.9779065230922086,14.545263423532312,14.34831793360056
5.260914325714111,13.007468991635474,16.538115799399197,-8.930123784411082,0.26282084778015147,-3.9280352838927235,-0.9361392717737532,-0.308006,0.334874,0.298361,0.161424,0.557358,0.600408,-0.550277,-0.583925,0.383883,-0.223358,0.559925,0.240465,0.561593,-0.559709,50.958123423709885,-4.975177863028586,1.4318691141861208,9.759227492927474,10.929407390648198,-3.9779065230922086,14.545263423532312,14.34831793360056
5.37203311920166,14.674468961129392,17.950355629489565,-9.371060091329174,0.22292672648026945,-3.9460740930197162,-0.8658553348714717,-0.307993,0.335104,0.298667,0.158659,0.558046,0.599779,-0.55107,-0.585414,0.379951,-0.224566,0.563297,0.235136,0.557227,-0.562944,52.11805714018396,-4.88216901819677,1.1025802111390526,10.201543590086153,11.101549094855887,-4.093966863543088,14.359563545440837,14.34912141527965
5.373189210891724,14.674468961129392,17.950355629489565,-9.371060091329174,0.22292672648026945,-3.9460740930197162,-0.8658553348714717,-0.307993,0.335104,0.298667,0.158659,0.558046,0.599779,-0.55107,-0.585414,0.379951,-0.224566,0.563297,0.235136,0.557227,-0.562944,52.11805714018396,-4.88216901819677,1.1025802111390526,10.201543590086153,11.101549094855887,-4.093966863543088,14.359563545440837,14.34912141527965
5.4652087688446045,15.85327617910734,18.25408606005721,-9.130471166668947,0.4330341556458116,-4.032017033509329,-0.7521436186914394,-0.307971,0.335113,0.29869,0.15832,0.558107,0.599546,-0.551358,-0.585302,0.376645,-0.22599,0.570005,0.23069,0.555827,-0.559404,52.759695878221095,-4.405193644524768,0.3044195240376677,10.105924207713594,9.879769429205236,-4.04484434997493,14.386295138563266,14.101838252769625
5.466196537017822,15.85327617910734,18.25408606005721,-9.130471166668947,0.4330341556458116,-4.032017033509329,-0.7521436186914394,-0.307971,0.335113,0.29869,0.15832,0.558107,0.599546,-0.551358,-0.585302,0.376645,-0.22599,0.570005,0.23069,0.555827,-0.559404,52.759695878221095,-4.405193644524768,0.3044195240376677,10.105924207713594,9.879769429205236,-4.04484434997493,14.386295138563266,14.101838252769625
5.565529823303223,14.77093883162241,16.988553587350196,-8.327533972569565,0.5924889856975304,-3.987314485971291,-0.5920016447884278,-0.307913,0.335002,0.29862,0.158602,0.558604,0.598541,-0.551866,-0.583764,0.37215,-0.228483,0.572305,0.226762,0.549097,-0.565277,53.73056156274978,-4.541793768537733,0.5130611106142222,9.431674003833605,9.593723413082808,-3.6498263588729714,13.957509184422191,13.699411440369543
5.5665411949157715,14.77093883162241,16.988553587350196,-8.327533972569565,0.5924889856975304,-3.987314485971291,-0.5920016447884278,-0.307913,0.335002,0.29862,0.158602,0.558604,0.598541,-0.551866,-0.583764,0.37215,-0.228483,0.572305,0.226762,0.549097,-0.565277,53.73056156274978,-4.541793768537733,0.5130611106142222,9.431674003833605,9.593723413082808,-3.6498263588729714,13.957509184422191,13.699411440369543
5.662057161331177,14.818439631687164,17.290748388717,-9.573349201978584,0.49185011545710794,-3.4423096511973417,-0.6438867154863469,-0.307932,0.335158,0.298758,0.157275,0.5582,0.597251,-0.554047,-0.583094,0.3727,-0.228503,0.578814,0.226835,0.550602,-0.557098,53.615324685415075,-3.3873806403774362,-0.4559540890944014,8.957427899075084,6.692656360003946,-3.7223941542044656,14.16091147505644,13.156818405588055
5.6630260944366455,14.818439631687164,17.290748388717,-9.573349201978584,0.49185011545710794,-3.4423096511973417,-0.6438867154863469,-0.307932,0.335158,0.298758,0.157275,0.5582,0.597251,-0.554047,-0.583094,0.3727,-0.228503,0.578814,0.226835,0.550602,-0.557098,53.615324685415075,-3.3873806403774362,-0.4559540890944014,8.957427899075084,6.692656360003946,-3.7223941542044656,14.16091147505644,13.156818405588055
5.759679555892944,14.78802767294183,16.133007517073057,-8.001365226557958,0.7842736689413734,-3.6540284028426253,-0.71009436278889,-0.308069,0.335216,0.298787,0.160093,0.55853,0.599503,-0.550463,-0.585042,0.371964,-0.228175,0.57723,0.224617,0.550952,-0.55929,53.77445022025205,-4.289299250085083,-0.1748980026701883,8.57517872592178,10.502446242775246,-3.2801888579953626,13.790452123828597,12.763649632956055
5.760680675506592,14.78802767294183,16.133007517073057,-8.001365226557958,0.7842736689413734,-3.6540284028426253,-0.71009436278889,-0.308069,0.335216,0.298787,0.160093,0.55853,0.599503,-0.550463,-0.585042,0.371964,-0.228175,0.57723,0.224617,0.550952,-0.55929,53.77445022025205,-4.289299250085083,-0.1748980026701883,8.57517872592178,10.502446242775246,-3.2801888579953626,13.790452123828597,12.763649632956055
5.8545448780059814,14.390322086606107,15.414323340157008,-7.533952980854565,0.7302454686115453,-3.1635125576441707,-0.6992167786494552,-0.30812,0.335124,0.298775,0.161132,0.557424,0.599427,-0.551364,-0.583969,0.372754,-0.228218,0.574199,0.225695,0.551916,-0.561023,53.36827346849335,-4.507287970431275,0.20748183166695533,8.159275984893979,8.939802581358265,-3.459016516166031,14.031415663798485,13.347320502019116
5.855539798736572,14.390322086606107,15.414323340157008,-7.533952980854565,0.7302454686115453,-3.1635125576441707,-0.6992167786494552,-0.30812,0.335124,0.298775,0.161132,0.557424,0.599427,-0.551364,-0.583969,0.372754,-0.228218,0.574199,0.225695,0.551916,-0.561023,53.36827346849335,-4.507287970431275,0.20748183166695533,8.159275984893979,8.939802581358265,-3.459016516166031,14.031415663798485,13.347320502019116
5.952275037765503,14.899818203924912,16.19613548535771,-7.440756919159816,0.8218530910479179,-3.2145236234393195,-0.517466843533602,-0.308071,0.335445,0.299451,0.160442,0.55872,0.600978,-0.548558,-0.582319,0.373847,-0.228291,0.576339,0.227242,0.551777,-0.558333,53.58973699755989,-4.377271075835166,0.06881201906981005,9.399119589330313,9.458651501729221,-3.589609390873065,13.932459080476134,13.520866046987456
5.953276634216309,14.899818203924912,16.19613548535771,-7.440756919159816,0.8218530910479179,-3.2145236234393195,-0.517466843533602,-0.308071,0.335445,0.299451,0.160442,0.55872,0.600978,-0.548558,-0.582319,0.373847,-0.228291,0.576339,0.227242,0.551777,-0.558333,53.58973699755989,-4.377271075835166,0.06881201906981005,9.399119589330313,9.458651501729221,-3.589609390873065,13.932459080476134,13.520866046987456
6.052715063095093,14.1564966276785,15.02336082880281,-6.952403119225787,1.0293848151138139,-3.1550231810531386,-0.7605418956356824,-0.308191,0.335177,0.298991,0.161684,0.558292,0.599999,-0.5497,-0.583032,0.374159,-0.227937,0.579621,0.227894,0.55247,-0.553968,53.28825262640193,-3.845690816412137,-0.32481133343151924,7.960043145501122,9.708840689793583,-2.9154441596096135,13.878825319149808,12.222281140397758
6.053759336471558,14.1564966276785,15.02336082880281,-6.952403119225787,1.0293848151138139,-3.1550231810531386,-0.7605418956356824,-0.308191,0.335177,0.298991,0.161684,0.558292,0.599999,-0.5497,-0.583032,0.374159,-0.227937,0.579621,0.227894,0.55247,-0.553968,53.28825262640193,-3.845690816412137,-0.32481133343151924,7.960043145501122,9.708840689793583,-2.9154441596096135,13.878825319149808,12.222281140397758
6.147554636001587,14.172383452516808,15.841449601845438,-7.762262338095696,0.93632288972675,-2.9479447213156584,-0.6469213239969048,-0.308224,0.335375,0.299259,0.160343,0.557902,0.600758,-0.549659,-0.58387,0.376311,-0.226623,0.576282,0.228535,0.556432,-0.553222,52.925013376627845,-4.060376844306688,-0.34176213172460734,8.976329297570992,8.626046003559932,-3.46633878381018,13.949159154088058,13.208080579233085
6.148672580718994,14.172383452516808,15.841449601845438,-7.762262338095696,0.93632288972675,-2.9479447213156584,-0.6469213239969048,-0.308224,0.335375,0.299259,0.160343,0.557902,0.600758,-0.549659,-0.58387,0.376311,-0.226623,0.576282,0.228535,0.556432,-0.553222,52.925013376627845,-4.060376844306688,-0.34176213172460734,8.976329297570992,8.626046003559932,-3.46633878381018,13.949159154088058,13.208080579233085
6.242572546005249,14.276165211912115,15.702131056278935,-7.22115229954547,0.9028255024346269,-2.922268765991169,-0.6047847813920891,-0.308206,0.335458,0.299338,0.159217,0.558154,0.600998,-0.549468,-0.584272,0.376621,-0.22661,0.569189,0.231826,0.558224,-0.557375,52.48156036864818,-4.6039370458074576,0.32632652535816753,12.089462427553725,9.791975019904713,-5.859870999109617,15.88765032532077,16.61070399929392
6.243556499481201,14.276165211912115,15.702131056278935,-7.22115229954547,0.9028255024346269,-2.922268765991169,-0.6047847813920891,-0.308206,0.335458,0.299338,0.159217,0.558154,0.600998,-0.549468,-0.584272,0.376621,-0.22661,0.569189,0.231826,0.558224,-0.557375,52.48156036864818,-4.6039370458074576,0.32632652535816753,12.089462427553725,9.791975019904713,-5.859870999109617,15.88765032532077,16.61070399929392
6.352235555648804,13.953251881424494,15.764632793496618,-6.897084191499696,0.8888509814589318,-2.957940945888865,-0.5672972988006048,-0.30817,0.335358,0.299171,0.160638,0.558985,0.600899,-0.548318,-0.584251,0.37612,-0.226634,0.571504,0.228747,0.556841,-0.55766,52.862658575458504,-4.820045983574506,0.07517784672348071,10.268293704276187,10.216521878564649,-4.046294928626203,14.266091444205593,14.335689804748574
6.353211164474487,13.953251881424494,15.764632793496618,-6.897084191499696,0.8888509814589318,-2.957940945888865,-0.5672972988006048,-0.30817,0.335358,0.299171,0.160638,0.558985,0.600899,-0.548318,-0.584251,0.37612,-0.226634,0.571504,0.228747,0.556841,-0.55766,52.862658575458504,-4.820045983574506,0.07517784672348071,10.268293704276187,10.216521878564649,-4.046294928626203,14.266091444205593,14.335689804748574
6.445115804672241,14.217476086678833,15.938956814061747,-7.084407371141932,0.9237023959837054,-2.956790755363361,-0.5264224834724912,-0.308194,0.335441,0.299319,0.159135,0.558249,0.600901,-0.549502,-0.584518,0.375991,-0.226495,0.571778,0.228754,0.556303,-0.557915,52.98312927195752,-4.567094083987081,0.1029166736235041,10.468638202725208,9.344886784582059,-4.257025216561793,14.402843658434273,14.63137809742249
6.446085691452026,14.217476086678833,15.938956814061747,-7.084407371141932,0.9237023959837054,-2.956790755363361,-0.5264224834724912,-0.308194,0.335441,0.299319,0.159135,0.558249,0.600901,-0.549502,-0.584518,0.375991,-0.226495,0.571778,0.228754,0.556303,-0.557915,52.98312927195752,-4.567094083987081,0.1029166736235041,10.468638202725208,9.344886784582059,-4.257025216561793,14.402843658434273,14.63137809742249
6.539335012435913,13.903927988365544,15.755155049814787,-7.199743816486871,0.856220084636841,-2.919213286664463,-0.46719567669790507,-0.308158,0.335462,0.299209,0.157564,0.559063,0.598184,-0.552085,-0.584466,0.375934,-0.22656,0.572263,0.229526,0.555033,-0.558365,52.970369411544226,-4.152731673918794,-0.11085900504292567,10.369519125913685,8.413732428347593,-4.321693845561036,14.509951485226395,14.476220344084213
6.540350914001465,13.903927988365544,15.755155049814787,-7.199743816486871,0.856220084636841,-2.919213286664463,-0.46719567669790507,-0.308158,0.335462,0.299209,0.157564,0.559063,0.598184,-0.552085,-0.584466,0.375934,-0.22656,0.572263,0.229526,0.555033,-0.558365,52.970369411544226,-4.152731673918794,-0.11085900504292567,10.369519125913685,8.413732428347593,-4.321693845561036,14.509951485226395,14.476220344084213
6.6368567943573,13.791681228567876,16.100575898689275,-7.232629897279034,0.8408718860074584,-2.9145759821129444,-0.5265152390500993,-0.308225,0.335396,0.29924,0.158492,0.558432,0.599705,-0.550807,-0.584618,0.375822,-0.226532,0.571702,0.229941,0.555104,-0.558699,52.95102752817637,-4.3410597434088185,0.16523114059312327,10.499254896820208,9.487239025424238,-4.424999384596518,14.634810888129717,14.602371431346027
6.637867212295532,13.791681228567876,16.100575898689275,-7.232629897279034,0.8408718860074584,-2.9145759821129444,-0.5265152390500993,-0.308225,0.335396,0.29924,0.158492,0.558432,0.599705,-0.550807,-0.584618,0.375822,-0.226532,0.571702,0.229941,0.555104,-0.558699,52.95102752817637,-4.3410597434088185,0.16523114059312327,10.499254896820208,9.487239025424238,-4.424999384596518,14.634810888129717,14.602371431346027
6.733200788497925,13.90887377065158,15.818679836463177,-7.390405445985601,0.8471337367147538,-2.912062968342304,-0.486469557492887,-0.308233,0.335349,0.299155,0.159346,0.558628,0.599509,-0.550575,-0.584868,0.375568,-0.226631,0.571781,0.229235,0.555221,-0.558791,52.92898216492422,-4.46859719252876,0.11324177794655199,10.055692960998835,9.888989222700141,-4.273466495407696,14.557971951909675,14.34482441950319
6.73422908782959,13.90887377065158,15.818679836463177,-7.390405445985601,0.8471337367147538,-2.912062968342304,-0.486469557492887,-0.308233,0.335349,0.299155,0.159346,0.558628,0.599509,-0.550575,-0.584868,0.375568,-0.226631,0.571781,0.229235,0.555221,-0.558791,52.92898216492422,-4.46859719252876,0.11324177794655199,10.055692960998835,9.888989222700141,-4.273466495407696,14.557971951909675,14.34482441950319
6.830236196517944,13.667388959510104,15.490307982607758,-7.327415033251478,0.7899439598340103,-2.847111355969385,-0.4709854227470031,-0.308216,0.335373,0.299211,0.158632,0.558494,0.599732,-0.550674,-0.584681,0.375491,-0.226635,0.572909,0.228134,0.554946,-0.558359,53.13453712413192,-4.367185153059204,-0.027131111227703286,9.850064219689866,8.99329773460364,-3.868171544106616,14.117928453599548,14.000817021867663
6.83123517036438,13.667388959510104,15.490307982607758,-7.327415033251478,0.7899439598340103,-2.847111355969385,-0.4709854227470031,-0.308216,0.335373,0.299211,0.158632,0.558494,0.599732,-0.550674,-0.584681,0.375491,-0.226635,0.572909,0.228134,0.554946,-0.558359,53.13453712413192,-4.367185153059204,-0.027131111227703286,9.850064219689866,8.99329773460364,-3.868171544106616,14.117928453599548,14.000817021867663
6.930832862854004,13.45093363343702,15.326857548334182,-7.1953927926725605,0.7946453803415271,-2.84682242793466,-0.4504331822950241,-0.308232,0.335355,0.299161,0.159496,0.558598,0.59975,-0.5503,-0.584877,0.37538,-0.226672,0.572159,0.229214,0.556823,-0.556815,52.781840939651545,-4.430585576018581,-0.0788054991304854,10.796655954556078,9.64383201595934,-4.8026248008766785,14.960014061026687,15.067266111941992
6.931898355484009,13.45093363343702,15.326857548334182,-7.1953927926725605,0.7946453803415271,-2.84682242793466,-0.4504331822950241,-0.308232,0.335355,0.299161,0.159496,0.558598,0.59975,-0.5503,-0.584877,0.37538,-0.226672,0.572159,0.229214,0.556823,-0.556815,52.781840939651545,-4.430585576018581,-0.0788054991304854,10.796655954556078,9.64383201595934,-4.8026248008766785,14.960014061026687,15.067266111941992
7.029711484909058,12.822152227509722,15.184592753320704,-7.474151925721602,0.7233235586317184,-2.7737190076142237,-0.4510055572788504,-0.308252,0.335368,0.299097,0.15978,0.558227,0.599984,-0.550338,-0.585377,0.375669,-0.226364,0.571626,0.228505,0.556733,-0.557744,52.81577648646481,-4.5592899894291214,0.012277176337036622,10.055440118580144,9.748773127853216,-4.307838262302688,14.55401134383454,14.482778431297284
7.030698537826538,12.822152227509722,15.184592753320704,-7.474151925721602,0.7233235586317184,-2.7737190076142237,-0.4510055572788504,-0.308252,0.335368,0.299097,0.15978,0.558227,0.599984,-0.550338,-0.585377,0.375669,-0.226364,0.571626,0.228505,0.556733,-0.557744,52.81577648646481,-4.5592899894291214,0.012277176337036622,10.055440118580144,9.748773127853216,-4.307838262302688,14.55401134383454,14.482778431297284
7.126769542694092,13.284622081369207,15.240441250520623,-7.642706706103994,0.6606738353778022,-2.7621483738750183,-0.39515511333287767,-0.308215,0.335483,0.299163,0.158695,0.558322,0.599792,-0.550765,-0.585674,0.376172,-0.226032,0.570768,0.228636,0.557875,-0.557427,52.74529884324431,-4.535687045335454,-0.08216648836051199,10.697271401678478,9.156680966485858,-4.64835569575154,14.76130046513428,15.075391859583144
7.1277453899383545,13.284622081369207,15.240441250520623,-7.642706706103994,0.6606738353778022,-2.7621483738750183,-0.39515511333287767,-0.308215,0.335483,0.299163,0.158695,0.558322,0.599792,-0.550765,-0.585674,0.376172,-0.226032,0.570768,0.228636,0.557875,-0.557427,52.74529884324431,-4.535687045335454,-0.08216648836051199,10.697271401678478,9.156680966485858,-4.64835569575154,14.76130046513428,15.075391859583144
7.222036123275757,13.227528677953343,14.658713357022078,-6.75609000699994,0.4999245655379815,-2.7828478450828356,-0.36719698712398474,-0.308235,0.335352,0.299155,0.160221,0.558371,0.600426,-0.549582,-0.585214,0.375908,-0.226366,0.571278,0.229833,0.556579,-0.557708,52.73477886695271,-4.595660470673668,0.17079627799738972,10.35789811755162,10.768236672874988,-4.55944885539683,14.839382476162983,14.609976873555839
7.223105192184448,13.227528677953343,14.658713357022078,-6.75609000699994,0.4999245655379815,-2.7828478450828356,-0.36719698712398474,-0.308235,0.335352,0.299155,0.160221,0.558371,0.600426,-0.549582,-0.585214,0.375908,-0.226366,0.571278,0.229833,0.556579,-0.557708,52.73477886695271,-4.595660470673668,0.17079627799738972,10.35789811755162,10.768236672874988,-4.55944885539683,14.839382476162983,14.609976873555839
7.315578460693359,12.881657516511519,14.425896235939716,-6.532037212662116,0.4732387540118158,-2.7852230051272167,-0.3769268402243441,-0.308188,0.33535,0.299224,0.159947,0.558108,0.599877,-0.550526,-0.584493,0.375586,-0.226703,0.572442,0.229471,0.554962,-0.558275,52.897914236458995,-4.392267429387198,0.17442277742015477,9.634574570587272,9.813124293727423,-4.173921328366731,14.549554025677459,14.133504195910623
7.316603422164917,12.881657516511519,14.425896235939716,-6.532037212662116,0.4732387540118158,-2.7852230051272167,-0.3769268402243441,-0.308188,0.33535,0.299224,0.159947,0.558108,0.599877,-0.550526,-0.584493,0.375586,-0.226703,0.572442,0.229471,0.554962,-0.558275,52.897914236458995,-4.392267429387198,0.17442277742015477,9.634574570587272,9.813124293727423,-4.173921328366731,14.549554025677459,14.133504195910623
7.41947603225708,12.675129844382038,14.573682735997094,-6.993128599808239,0.4080278539874702,-2.7331809938755884,-0.34737464459768935,-0.308195,0.335389,0.299165,0.161089,0.558192,0.601264,-0.548592,-0.585213,0.376084,-0.226315,0.57174,0.228698,0.557026,-0.557255,52.79363434402948,-4.76483254968451,0.13330037088529423,9.766038172015271,10.881501885285708,-4.099649925654639,14.381708712205075,14.115921376470533
7.42044734954834,12.675129844382038,14.573682735997094,-6.993128599808239,0.4080278539874702,-2.7331809938755884,-0.34737464459768935,-0.308195,0.335389,0.299165,0.161089,0.558192,0.601264,-0.548592,-0.585213,0.376084,-0.226315,0.57174,0.228698,0.557026,-0.557255,52.79363434402948,-4.76483254968451,0.13330037088529423,9.766038172015271,10.881501885285708,-4.099649925654639,14.381708712205075,14.115921376470533
7.518021106719971,11.860597478411792,14.928345807577152,-7.464820230346176,0.25583622422681446,-2.7403401583168687,-0.3096798581962345,-0.308157,0.335452,0.299032,0.162793,0.557695,0.602181,-0.547587,-0.586399,0.376653,-0.225647,0.569254,0.228325,0.55747,-0.559504,52.65809267433617,-5.2787884836687,0.5088993068953478,8.862353982662324,12.661099414749076,-3.6782913153189085,13.172348616921152,13.654682938572629
7.518998622894287,11.860597478411792,14.928345807577152,-7.464820230346176,0.25583622422681446,-2.7403401583168687,-0.3096798581962345,-0.308157,0.335452,0.299032,0.162793,0.557695,0.602181,-0.547587,-0.586399,0.376653,-0.225647,0.569254,0.228325,0.55747,-0.559504,52.65809267433617,-5.2787884836687,0.5088993068953478,8.862353982662324,12.661099414749076,-3.6782913153189085,13.172348616921152,13.654682938572629
7.614320755004883,9.264071377868412,14.907533327116672,-8.200535606840873,-0.10109534115484307,-2.64740130185289,-0.1525862251495637,-0.308282,0.335273,0.298758,0.160572,0.557157,0.600249,-0.550902,-0.587806,0.377592,-0.22468,0.566907,0.228976,0.559964,-0.55913,52.250127370559454,-5.0126722525615115,0.3084342396807127,9.261444180245984,10.66371652817365,-4.151769220681231,14.615937458349206,14.364621743306824
7.61535906791687,9.264071377868412,14.907533327116672,-8.200535606840873,-0.10109534115484307,-2.64740130185289,-0.1525862251495637,-0.308282,0.335273,0.298758,0.160572,0.557157,0.600249,-0.550902,-0.587806,0.377592,-0.22468,0.566907,0.228976,0.559964,-0.55913,52.250127370559454,-5.0126722525615115,0.3084342396807127,9.261444180245984,10.66371652817365,-4.151769220681231,14.615937458349206,14.364621743306824
7.711620807647705,10.335186840807454,15.679464958646705,-8.340568193940422,-0.3800611394667575,-2.682383081001846,-0.17464925737465237,-0.30826,0.335227,0.298601,0.159962,0.556532,0.600571,-0.551362,-0.590705,0.379406,-0.2228,0.563992,0.229573,0.561012,-0.56078,52.072354691835564,-5.2045693312707435,0.5775820627396921,8.300758381222792,12.533923225339255,-3.6467984988394164,13.450676312975926,13.598991709706441
7.712604284286499,10.335186840807454,15.679464958646705,-8.340568193940422,-0.3800611394667575,-2.682383081001846,-0.17464925737465237,-0.30826,0.335227,0.298601,0.159962,0.556532,0.600571,-0.551362,-0.590705,0.379406,-0.2228,0.563992,0.229573,0.561012,-0.56078,52.072354691835564,-5.2045693312707435,0.5775820627396921,8.300758381222792,12.533923225339255,-3.6467984988394164,13.450676312975926,13.598991709706441
7.808410167694092,11.017708031099252,16.369433255049408,-7.4585425037022794,-0.432452125236946,-2.8237862079496314,-0.08144520229630303,-0.308208,0.335378,0.298775,0.157843,0.557507,0.60008,-0.551521,-0.591726,0.379496,-0.222349,0.562344,0.228885,0.560187,-0.563534,52.37391844951168,-5.37516155997325,0.6160594187496926,8.982408685580985,13.065530039759661,-3.6934351907510177,12.995630948117727,13.737154011356504
7.809419870376587,11.017708031099252,16.369433255049408,-7.4585425037022794,-0.432452125236946,-2.8237862079496314,-0.08144520229630303,-0.308208,0.335378,0.298775,0.157843,0.557507,0.60008,-0.551521,-0.591726,0.379496,-0.222349,0.562344,0.228885,0.560187,-0.563534,52.37391844951168,-5.37516155997325,0.6160594187496926,8.982408685580985,13.065530039759661,-3.6934351907510177,12.995630948117727,13.737154011356504
7.906412839889526,9.672187447636627,16.31570673216356,-7.104458717925899,-0.4193831075855926,-2.933831626177906,0.018568564085218307,-0.308124,0.335265,0.29864,0.158391,0.557378,0.600144,-0.551425,-0.591117,0.377974,-0.223095,0.562748,0.226252,0.55771,-0.566643,52.80667672792816,-5.625204161587378,0.7573118968274457,8.061464528917465,12.58477537278257,-2.8146902533525235,12.56258990985828,12.9100070964796
7.908049821853638,9.672187447636627,16.31570673216356,-7.104458717925899,-0.4193831075855926,-2.933831626177906,0.018568564085218307,-0.308124,0.335265,0.29864,0.158391,0.557378,0.600144,-0.551425,-0.591117,0.377974,-0.223095,0.562748,0.226252,0.55771,-0.566643,52.80667672792816,-5.625204161587378,0.7573118968274457,8.061464528917465,12.58477537278257,-2.8146902533525235,12.56258990985828,12.9100070964796
8.004277229309082,10.26877472352898,16.370573747838964,-7.65106257768018,-0.38674006349861506,-2.8742229289489813,0.006615746004756129,-0.30821,0.335223,0.298573,0.159315,0.556583,0.600512,-0.551561,-0.591821,0.378092,-0.222882,0.563045,0.226379,0.559079,-0.564945,52.56657151650443,-5.569494311477159,0.7062882326673279,7.709521525699547,12.841375643958727,-3.0895901069347005,12.825029319962665,13.132339984105581
8.005321264266968,10.26877472352898,16.370573747838964,-7.65106257768018,-0.38674006349861506,-2.8742229289489813,0.006615746004756129,-0.30821,0.335223,0.298573,0.159315,0.556583,0.600512,-0.551561,-0.591821,0.378092,-0.222882,0.563045,0.226379,0.559079,-0.564945,52.56657151650443,-5.569494311477159,0.7062882326673279,7.709521525699547,12.841375643958727,-3.0895901069347005,12.825029319962665,13.132339984105581
8.103826999664307,10.68429395932958,15.985797356761504,-7.767203647265245,-0.36692562455530586,-2.8145939493313246,-0.06392692993338656,-0.308296,0.335287,0.2986,0.159118,0.556263,0.600753,-0.551677,-0.592137,0.378002,-0.222752,0.56292,0.225625,0.559321,-0.565132,52.61714515101614,-5.610681663165691,0.6922055150596425,7.670072124933554,12.484217200385576,-2.9969128964981095,12.884348980384814,13.090154630984301
8.104797840118408,10.68429395932958,15.985797356761504,-7.767203647265245,-0.36692562455530586,-2.8145939493313246,-0.06392692993338656,-0.308296,0.335287,0.2986,0.159118,0.556263,0.600753,-0.551677,-0.592137,0.378002,-0.222752,0.56292,0.225625,0.559321,-0.565132,52.61714515101614,-5.610681663165691,0.6922055150596425,7.670072124933554,12.484217200385576,-2.9969128964981095,12.884348980384814,13.090154630984301
8.204905033111572,11.566631288658526,15.301343950581138,-6.680898985641052,-0.240146576432937,-2.9260994415261363,-0.0814636356870457,-0.308185,0.33526,0.298637,0.15948,0.557231,0.600516,-0.550854,-0.590566,0.377118,-0.223739,0.566386,0.226475,0.558276,-0.562355,52.73885620858272,-5.259114783305149,0.40587018276172415,8.307243214229622,12.69542973255731,-3.21900218693785,12.800521375264871,13.11268979917264
8.205880880355835,11.566631288658526,15.301343950581138,-6.680898985641052,-0.240146576432937,-2.9260994415261363,-0.0814636356870457,-0.308185,0.33526,0.298637,0.15948,0.557231,0.600516,-0.550854,-0.590566,0.377118,-0.223739,0.566386,0.226475,0.558276,-0.562355,52.73885620858272,-5.259114783305149,0.40587018276172415,8.307243214229622,12.69542973255731,-3.21900218693785,12.800521375264871,13.11268979917264
8.30575680732727,13.947454649395233,14.410126972482574,-4.953099280288407,0.027801743272241847,-2.961920992357115,-0.37234025764500545,-0.308128,0.335472,0.299043,0.1592,0.55845,0.600366,-0.549864,-0.587816,0.376236,-0.225126,0.568629,0.227197,0.55652,-0.561541,52.99597916883503,-5.066336490210503,0.2835656605251291,9.557964475039306,11.828508819467938,-3.6987385634112613,13.455616840762822,13.7097064026245
8.307491064071655,13.947454649395233,14.410126972482574,-4.953099280288407,0.027801743272241847,-2.961920992357115,-0.37234025764500545,-0.308128,0.335472,0.299043,0.1592,0.55845,0.600366,-0.549864,-0.587816,0.376236,-0.225126,0.568629,0.227197,0.55652,-0.561541,52.99597916883503,-5.066336490210503,0.2835656605251291,9.557964475039306,11.828508819467938,-3.6987385634112613,13.455616840762822,13.7097064026245
8.419658184051514,15.877835806390356,13.631247977836276,-4.040444054178039,0.46344632757883186,-3.1392964893646647,-0.645897307804754,-0.308063,0.335591,0.29962,0.161251,0.557416,0.602233,-0.548271,-0.581925,0.374035,-0.228405,0.574769,0.227648,0.550985,-0.560565,53.57705457581644,-4.587247414866374,0.57097806207247,8.922230757780117,9.53511374681996,-3.6468823944510405,14.056164470000644,13.669890692684058
8.420753955841064,15.877835806390356,13.631247977836276,-4.040444054178039,0.46344632757883186,-3.1392964893646647,-0.645897307804754,-0.308063,0.335591,0.29962,0.161251,0.557416,0.602233,-0.548271,-0.581925,0.374035,-0.228405,0.574769,0.227648,0.550985,-0.560565,53.57705457581644,-4.587247414866374,0.57097806207247,8.922230757780117,9.53511374681996,-3.6468823944510405,14.056164470000644,13.669890692684058
8.514191389083862,18.296506783709926,12.409110456075194,-2.8311964731155643,0.8368283083447933,-3.2193209504678335,-1.0529839242843697,-0.308344,0.335741,0.300099,0.162269,0.55892,0.601143,-0.547636,-0.57714,0.372039,-0.231097,0.579109,0.227536,0.54512,-0.561876,54.18356363513018,-4.315939196029133,0.5868243817583139,8.49494279657974,7.713017340502833,-3.234789543870953,13.64366003031134,13.189855251092187
8.515244960784912,18.296506783709926,12.409110456075194,-2.8311964731155643,0.8368283083447933,-3.2193209504678335,-1.0529839242843697,-0.308344,0.335741,0.300099,0.162269,0.55892,0.601143,-0.547636,-0.57714,0.372039,-0.231097,0.579109,0.227536,0.54512,-0.561876,54.18356363513018,-4.315939196029133,0.5868243817583139,8.49494279657974,7.713017340502833,-3.234789543870953,13.64366003031134,13.189855251092187
8.610438585281372,19.718483656244093,13.481682888574587,-0.7185632804073928,1.3407059041280331,-3.3281155402316194,-1.1016181461324437,-0.308733,0.336266,0.301719,0.168096,0.561178,0.60411,-0.540254,-0.568977,0.369544,-0.235093,0.590178,0.227055,0.538507,-0.556907,55.09228071691341,-4.176591476277162,0.37242086752578807,7.825889579083215,8.075350741678907,-2.702294697573805,13.205052408559585,12.346331248777199
8.611426591873169,19.718483656244093,13.481682888574587,-0.7185632804073928,1.3407059041280331,-3.3281155402316194,-1.1016181461324437,-0.308733,0.336266,0.301719,0.168096,0.561178,0.60411,-0.540254,-0.568977,0.369544,-0.235093,0.590178,0.227055,0.538507,-0.556907,55.09228071691341,-4.176591476277162,0.37242086752578807,7.825889579083215,8.075350741678907,-2.702294697573805,13.205052408559585,12.346331248777199
8.704050540924072,20.66747857781176,13.614946411277824,0.3592334698007919,1.566012324344775,-3.3754677607706722,-0.9042068774002072,-0.308939,0.336645,0.302548,0.173059,0.56238,0.603228,-0.538419,-0.560682,0.366921,-0.23902,0.597359,0.229401,0.53274,-0.553829,55.21727317975391,-3.653612493935546,0.36212774286701155,7.579496905572444,6.159817148644359,-3.406088000892268,14.006365658546674,12.890014346248705
8.705023527145386,20.66747857781176,13.614946411277824,0.3592334698007919,1.566012324344775,-3.3754677607706722,-0.9042068774002072,-0.308939,0.336645,0.302548,0.173059,0.56238,0.603228,-0.538419,-0.560682,0.366921,-0.23902,0.597359,0.229401,0.53274,-0.553829,55.21727317975391,-3.653612493935546,0.36212774286701155,7.579496905572444,6.159817148644359,-3.406088000892268,14.006365658546674,12.890014346248705
8.80226445198059,20.813799543537716,13.390335052247698,1.6174480482772133,1.8288940374796314,-3.4423004917214315,-1.0934697326935487,-0.308988,0.336608,0.30301,0.173278,0.564383,0.603945,-0.535441,-0.554206,0.364916,-0.241934,0.601285,0.233891,0.526196,-0.553958,55.78164288402723,-3.2316954057288707,0.7609641073273892,9.971059746247217,6.390572092987695,-4.439386316721851,14.620814194558683,14.25778521565771
8.803237438201904,20.813799543537716,13.390335052247698,1.6174480482772133,1.8288940374796314,-3.4423004917214315,-1.0934697326935487,-0.308988,0.336608,0.30301,0.173278,0.564383,0.603945,-0.535441,-0.554206,0.364916,-0.241934,0.601285,0.233891,0.526196,-0.553958,55.78164288402723,-3.2316954057288707,0.7609641073273892,9.971059746247217,6.390572092987695,-4.439386316721851,14.620814194558683,14.25778521565771
8.899755954742432,21.24112614108324,13.802363287881796,0.9743379807967579,1.797597728021948,-3.3816708229071724,-1.2223661638438499,-0.308897,0.336794,0.303372,0.174032,0.56483,0.60308,-0.5357,-0.552739,0.364613,-0.242485,0.603592,0.232223,0.525626,-0.55269,55.89068865897085,-3.1092081080196095,0.42116642116262426,9.021957250480286,4.832249406915359,-4.168721458214229,14.578256969237662,13.867754857304401
8.900776863098145,21.24112614108324,13.802363287881796,0.9743379807967579,1.797597728021948,-3.3816708229071724,-1.2223661638438499,-0.308897,0.336794,0.303372,0.174032,0.56483,0.60308,-0.5357,-0.552739,0.364613,-0.242485,0.603592,0.232223,0.525626,-0.55269,55.89068865897085,-3.1092081080196095,0.42116642116262426,9.021957250480286,4.832249406915359,-4.168721458214229,14.578256969237662,13.867754857304401
9.000630855560303,19.426721417231057,13.933343646660763,-0.17194693441359102,1.570925669736453,-3.3839760893701314,-1.1890592676010627,-0.308985,0.336478,0.3029,0.174964,0.564526,0.604067,-0.534604,-0.555257,0.364991,-0.241639,0.60022,0.230478,0.52649,-0.556259,55.918560438910866,-3.8412891465466372,0.7301837084722695,8.006857773935915,6.748266833846556,-3.005630400136944,13.408091758923463,12.646712631106748
9.001667737960815,19.426721417231057,13.933343646660763,-0.17194693441359102,1.570925669736453,-3.3839760893701314,-1.1890592676010627,-0.308985,0.336478,0.3029,0.174964,0.564526,0.604067,-0.534604,-0.555257,0.364991,-0.241639,0.60022,0.230478,0.52649,-0.556259,55.918560438910866,-3.8412891465466372,0.7301837084722695,8.006857773935915,6.748266833846556,-3.005630400136944,13.408091758923463,12.646712631106748
9.097951889038086,14.877465577739896,12.439695936959293,1.3361353970548075,1.3054542336931907,-3.433850959039136,-0.9044258613805195,-0.308828,0.336231,0.302246,0.173791,0.563362,0.6028,-0.537636,-0.559432,0.368422,-0.239006,0.593569,0.234003,0.532835,-0.555883,54.75467519620376,-3.906174723060213,0.8973750049802582,8.305284073910286,7.485208390888547,-3.697983180668018,14.146301982347001,13.362226017254715
9.098989725112915,14.877465577739896,12.439695936959293,1.3361353970548075,1.3054542336931907,-3.433850959039136,-0.9044258613805195,-0.308828,0.336231,0.302246,0.173791,0.563362,0.6028,-0.537636,-0.559432,0.368422,-0.239006,0.593569,0.234003,0.532835,-0.555883,54.75467519620376,-3.906174723060213,0.8973750049802582,8.305284073910286,7.485208390888547,-3.697983180668018,14.146301982347001,13.362226017254715
9.194788455963135,14.989185951868288,12.96111719780914,-2.1786241370577195,0.7958149264258637,-2.5184358469712915,-1.1953321899508556,-0.308742,0.336275,0.302101,0.170448,0.563609,0.603062,-0.538153,-0.563964,0.381163,-0.232264,0.583556,0.242608,0.54831,-0.547685,52.58224530053746,-3.9496495082721874,0.5784822533178229,8.989604178766253,6.871292180075741,-3.265197694715866,13.851512727491519,13.223835340875253
9.196344137191772,14.989185951868288,12.96111719780914,-2.1786241370577195,0.7958149264258637,-2.5184358469712915,-1.1953321899508556,-0.308742,0.336275,0.302101,0.170448,0.563609,0.603062,-0.538153,-0.563964,0.381163,-0.232264,0.583556,0.242608,0.54831,-0.547685,52.58224530053746,-3.9496495082721874,0.5784822533178229,8.989604178766253,6.871292180075741,-3.265197694715866,13.851512727491519,13.223835340875253
9.293487071990967,13.38458965210733,10.965812167549872,-1.6841249288626248,0.7261331530908104,-2.4110622748784802,-1.245657315029689,-0.308672,0.336109,0.301858,0.169316,0.561568,0.602603,-0.541149,-0.567373,0.39771,-0.223026,0.567127,0.259809,0.564505,-0.540557,49.07794489410664,-3.7829238802271976,1.3777832602401094,8.278275213457341,6.7975205407605745,-3.077811777429716,14.6909649229514,13.101965911754546
9.294743537902832,13.38458965210733,10.965812167549872,-1.6841249288626248,0.7261331530908104,-2.4110622748784802,-1.245657315029689,-0.308672,0.336109,0.301858,0.169316,0.561568,0.602603,-0.541149,-0.567373,0.39771,-0.223026,0.567127,0.259809,0.564505,-0.540557,49.07794489410664,-3.7829238802271976,1.3777832602401094,8.278275213457341,6.7975205407605745,-3.077811777429716,14.6909649229514,13.101965911754546
9.40544581413269,16.787838033444718,15.165388635379193,-4.781034016490422,0.08425380739895773,-1.871992673519376,-1.1620433526987113,-0.308553,0.336511,0.302277,0.166965,0.563443,0.602408,-0.540146,-0.57107,0.408498,-0.216,0.557921,0.266302,0.576734,-0.534027,47.36939955923566,-4.149109835603149,1.017215564633041,8.662427919644404,7.7551283755221725,-2.3990017669278814,14.214324049069882,12.774412352843685
9.406549453735352,16.787838033444718,15.165388635379193,-4.781034016490422,0.08425380739895773,-1.871992673519376,-1.1620433526987113,-0.308553,0.336511,0.302277,0.166965,0.563443,0.602408,-0.540146,-0.57107,0.408498,-0.216,0.557921,0.266302,0.576734,-0.534027,47.36939955923566,-4.149109835603149,1.017215564633041,8.662427919644404,7.7551283755221725,-2.3990017669278814,14.214324049069882,12.774412352843685
9.503036737442017,21.00667808029312,18.894960823227407,-5.7138282688346544,1.122374250174958,-3.634003897260564,-0.9139881549421187,-0.308158,0.336067,0.301206,0.163975,0.559618,0.600663,-0.54694,-0.576328,0.393454,-0.22161,0.562764,0.251885,0.565748,-0.547522,49.61548628936353,-4.0973388713780885,1.122894427698128,9.082819771667499,8.136152234513741,-4.2948724555351205,15.325963082720817,14.413628348048647
9.504001379013062,21.00667808029312,18.894960823227407,-5.7138282688346544,1.122374250174958,-3.634003897260564,-0.9139881549421187,-0.308158,0.336067,0.301206,0.163975,0.559618,0.600663,-0.54694,-0.576328,0.393454,-0.22161,0.562764,0.251885,0.565748,-0.547522,49.61548628936353,-4.0973388713780885,1.122894427698128,9.082819771667499,8.136152234513741,-4.2948724555351205,15.325963082720817,14.413628348048647
9.601346015930176,22.160377474845685,20.244451788945295,-6.40327545459524,1.5426707430298547,-4.718591924623551,-0.48770623010050707,-0.307701,0.334773,0.29893,0.163148,0.558401,0.599971,-0.549187,-0.578144,0.367463,-0.232442,0.578852,0.224476,0.541949,-0.566421,54.53446558987628,-4.545626842543367,0.7906571728061866,8.015747024233688,9.127643346020202,-3.1647574909660108,13.692101606457538,13.059754525901665
9.602345943450928,22.160377474845685,20.244451788945295,-6.40327545459524,1.5426707430298547,-4.718591924623551,-0.48770623010050707,-0.307701,0.334773,0.29893,0.163148,0.558401,0.599971,-0.549187,-0.578144,0.367463,-0.232442,0.578852,0.224476,0.541949,-0.566421,54.53446558987628,-4.545626842543367,0.7906571728061866,8.015747024233688,9.127643346020202,-3.1647574909660108,13.692101606457538,13.059754525901665
9.700066804885864,20.111028747632936,21.373303698667474,-8.231808884225181,1.3467724340355993,-4.78866643076659,0.3653959006974965,-0.307483,0.334872,0.299024,0.161536,0.559667,0.598671,-0.549793,-0.576422,0.341673,-0.241887,0.594698,0.199601,0.518423,-0.581146,59.28924304212778,-4.760923119524705,0.10476664661783452,10.067110450131608,9.0902204501502,-5.212077332855095,14.991670519652669,15.714887794838484
9.701130151748657,20.111028747632936,21.373303698667474,-8.231808884225181,1.3467724340355993,-4.78866643076659,0.3653959006974965,-0.307483,0.334872,0.299024,0.161536,0.559667,0.598671,-0.549793,-0.576422,0.341673,-0.241887,0.594698,0.199601,0.518423,-0.581146,59.28924304212778,-4.760923119524705,0.10476664661783452,10.067110450131608,9.0902204501502,-5.212077332855095,14.991670519652669,15.714887794838484
9.794774770736694,18.252154202175806,20.228538792861983,-6.79891692078038,1.682720357942707,-4.928430413682851,0.8057165438605647,-0.307473,0.33491,0.299225,0.162466,0.559011,0.597534,-0.551421,-0.575943,0.32534,-0.246434,0.608076,0.180998,0.503003,-0.586917,62.292074810354755,-4.5146227516852,-0.6864467607529008,7.781020878082646,8.271117118721126,-4.966490520659065,14.788906923350732,14.892626886126383
9.79599905014038,18.252154202175806,20.228538792861983,-6.79891692078038,1.682720357942707,-4.928430413682851,0.8057165438605647,-0.307473,0.33491,0.299225,0.162466,0.559011,0.597534,-0.551421,-0.575943,0.32534,-0.246434,0.608076,0.180998,0.503003,-0.586917,62.292074810354755,-4.5146227516852,-0.6864467607529008,7.781020878082646,8.271117118721126,-4.966490520659065,14.788906923350732,14.892626886126383
9.892091512680054,14.933433242107455,14.62660923108401,-4.544308212466206,1.1956403692586672,-3.9265330334567508,0.2824219889525592,-0.307748,0.334877,0.298997,0.164202,0.557886,0.600185,-0.549161,-0.57544,0.33262,-0.244979,0.603201,0.189669,0.511182,-0.582123,60.759875433664746,-4.7159646670310735,-0.21793549014466507,8.733532771614454,8.673658263345654,-5.122287981538896,14.8922095725956,15.332433392379494
9.893064022064209,14.933433242107455,14.62660923108401,-4.544308212466206,1.1956403692586672,-3.9265330334567508,0.2824219889525592,-0.307748,0.334877,0.298997,0.164202,0.557886,0.600185,-0.549161,-0.57544,0.33262,-0.244979,0.603201,0.189669,0.511182,-0.582123,60.759875433664746,-4.7159646670310735,-0.21793549014466507,8.733532771614454,8.673658263345654,-5.122287981538896,14.8922095725956,15.332433392379494
9.993457078933716,11.92594167658215,13.017015505664789,-5.955366136027528,0.40357506856637504,-2.777133966449668,-0.2727229572020628,-0.308072,0.335285,0.299665,0.164792,0.560251,0.600212,-0.546542,-0.575967,0.359757,-0.236288,0.588646,0.215355,0.537253,-0.564338,55.95708761062331,-4.525567458262856,-0.2552635304542168,8.99672304285243,8.341536840325762,-4.009436086564435,14.021615610013018,14.060656765046541
9.99443507194519,11.92594167658215,13.017015505664789,-5.955366136027528,0.40357506856637504,-2.777133966449668,-0.2727229572020628,-0.308072,0.335285,0.299665,0.164792,0.560251,0.600212,-0.546542,-0.575967,0.359757,-0.236288,0.588646,0.215355,0.537253,-0.564338,55.95708761062331,-4.525567458262856,-0.2552635304542168,8.99672304285243,8.341536840325762,-4.009436086564435,14.021615610013018,14.060656765046541
10.089653491973877,9.575691947915837,9.196699729628847,-6.779276067329346,-0.14251860387015133,-1.6221521817732785,-1.2030426001705348,-0.308301,0.335473,0.29976,0.163857,0.560068,0.600761,-0.546407,-0.578304,0.389211,-0.223072,0.566052,0.246008,0.563359,-0.549265,50.466591586225334,-4.3124617840045385,0.7571940462683848,8.860738450000905,9.24792693162111,-2.945433393343599,14.001162784024766,13.033435071658936
10.090635061264038,9.575691947915837,9.196699729628847,-6.779276067329346,-0.14251860387015133,-1.6221521817732785,-1.2030426001705348,-0.308301,0.335473,0.29976,0.163857,0.560068,0.600761,-0.546407,-0.578304,0.389211,-0.223072,0.566052,0.246008,0.563359,-0.549265,50.466591586225334,-4.3124617840045385,0.7571940462683848,8.860738450000905,9.24792693162111,-2.945433393343599,14.001162784024766,13.033435071658936
10.186816930770874,12.384657475869416,17.255293675242317,-11.719539206227493,-0.7936907291846846,-1.532587714565483,-1.0464235301431142,-0.307981,0.335841,0.300189,0.161713,0.558586,0.60103,-0.548264,-0.583109,0.402786,-0.214353,0.551123,0.256962,0.576184,-0.546119,48.019743987649576,-4.587443595622817,1.4166361248257076,7.740085920241529,10.584093586973529,-2.79850190633735,13.710256586859861,13.160418076311734
10.18779730796814,12.384657475869416,17.255293675242317,-11.719539206227493,-0.7936907291846846,-1.532587714565483,-1.0464235301431142,-0.307981,0.335841,0.300189,0.161713,0.558586,0.60103,-0.548264,-0.583109,0.402786,-0.214353,0.551123,0.256962,0.576184,-0.546119,48.019743987649576,-4.587443595622817,1.4166361248257076,7.740085920241529,10.584093586973529,-2.79850190633735,13.710256586859861,13.160418076311734
10.286770582199097,11.412054072384064,19.696363322098197,-10.0639287009491,-0.3181025223057477,-3.739298439084418,-0.5769832340653125,-0.307935,0.335381,0.298576,0.159143,0.555683,0.602533,-0.550312,-0.59179,0.39342,-0.21568,0.54652,0.245109,0.572554,-0.559839,49.42849348421391,-5.798961744429441,2.047536321069824,9.289369405597604,14.703613434978948,-3.926292618569967,12.902689544382575,13.849933601911887
10.287766933441162,11.412054072384064,19.696363322098197,-10.0639287009491,-0.3181025223057477,-3.739298439084418,-0.5769832340653125,-0.307935,0.335381,0.298576,0.159143,0.555683,0.602533,-0.550312,-0.59179,0.39342,-0.21568,0.54652,0.245109,0.572554,-0.559839,49.42849348421391,-5.798961744429441,2.047536321069824,9.289369405597604,14.703613434978948,-3.926292618569967,12.902689544382575,13.849933601911887
10.391719579696655,5.1727059676715745,16.68508918061627,-7.674140219008027,-0.6874898734457161,-4.43754438065805,-0.36585526720693046,-0.309182,0.333882,0.2942,0.155923,0.552536,0.598622,-0.558609,-0.60126,0.380247,-0.219724,0.545202,0.23058,0.5657,-0.574083,50.947748134741204,-6.2657769374009185,2.0419139548134506,9.273199212491265,15.081913432668708,-4.2300328977573045,12.863365555534775,14.41987484287936
10.392747163772583,5.1727059676715745,16.68508918061627,-7.674140219008027,-0.6874898734457161,-4.43754438065805,-0.36585526720693046,-0.309182,0.333882,0.2942,0.155923,0.552536,0.598622,-0.558609,-0.60126,0.380247,-0.219724,0.545202,0.23058,0.5657,-0.574083,50.947748134741204,-6.2657769374009185,2.0419139548134506,9.273199212491265,15.081913432668708,-4.2300328977573045,12.863365555534775,14.41987484287936
10.487215280532837,11.242923366415333,20.683012118342607,-13.067650225342936,-1.3451640100415265,-3.4455014457234263,-0.19121502827458886,-0.309465,0.334707,0.295131,0.153122,0.552303,0.598241,-0.560021,-0.603165,0.384796,-0.217109,0.544958,0.231379,0.570152,-0.569571,50.60196604966441,-5.850765939012449,1.4767733746183662,8.69618154406172,13.167822057417776,-4.0835500698450105,13.795995386151374,14.572721757442496
10.48824405670166,11.242923366415333,20.683012118342607,-13.067650225342936,-1.3451640100415265,-3.4455014457234263,-0.19121502827458886,-0.309465,0.334707,0.295131,0.153122,0.552303,0.598241,-0.560021,-0.603165,0.384796,-0.217109,0.544958,0.231379,0.570152,-0.569571,50.60196604966441,-5.850765939012449,1.4767733746183662,8.69618154406172,13.167822057417776,-4.0835500698450105,13.795995386151374,14.572721757442496
10.584094047546387,9.486698181876037,22.47424676019436,-10.496318573689681,-1.1769279976016538,-3.872319201699244,-0.089228219846709,-0.309264,0.335198,0.295845,0.151457,0.552656,0.599327,-0.558963,-0.605576,0.384669,-0.215654,0.54467,0.22525,0.565774,-0.576625,51.8016558857638,-6.491391733526308,1.7102962503117638,6.215650903258781,14.502949676179924,-1.5627555866130578,10.333710589753247,11.337132238013382
10.585125923156738,9.486698181876037,22.47424676019436,-10.496318573689681,-1.1769279976016538,-3.872319201699244,-0.089228219846709,-0.309264,0.335198,0.295845,0.151457,0.552656,0.599327,-0.558963,-0.605576,0.384669,-0.215654,0.54467,0.22525,0.565774,-0.576625,51.8016558857638,-6.491391733526308,1.7102962503117638,6.215650903258781,14.502949676179924,-1.5627555866130578,10.333710589753247,11.337132238013382
10.677415132522583,8.804837988321651,17.569382058142033,-9.696580279667916,-1.0079616969714364,-3.9782461266208324,-0.3427764785448858,-0.309842,0.33439,0.293642,0.15415,0.549736,0.598986,-0.561466,-0.609305,0.381633,-0.216367,0.541019,0.226985,0.570768,-0.574457,50.606037427823786,-6.513101072890514,1.9011358484999992,8.202606682332853,16.540753741087684,-4.577160630863844,12.268541364259967,13.51140451034384
10.678454875946045,8.804837988321651,17.569382058142033,-9.696580279667916,-1.0079616969714364,-3.9782461266208324,-0.3427764785448858,-0.309842,0.33439,0.293642,0.15415,0.549736,0.598986,-0.561466,-0.609305,0.381633,-0.216367,0.541019,0.226985,0.570768,-0.574457,50.606037427823786,-6.513101072890514,1.9011358484999992,8.202606682332853,16.540753741087684,-4.577160630863844,12.268541364259967,13.51140451034384
10.776341676712036,11.704168778175037,14.768329483313444,-8.196046898224017,-0.9598195004655942,-3.444211623735083,-0.38696387516985875,-0.310141,0.334959,0.294348,0.153487,0.549968,0.599825,-0.560524,-0.606111,0.381886,-0.217876,0.54561,0.22831,0.569915,-0.570422,50.84114956875369,-5.921543035999319,1.6073577742763252,9.134919288360699,14.094883662958388,-4.850802821736416,13.986597584261062,15.24574573431892
10.77731466293335,11.704168778175037,14.768329483313444,-8.196046898224017,-0.9598195004655942,-3.444211623735083,-0.38696387516985875,-0.310141,0.334959,0.294348,0.153487,0.549968,0.599825,-0.560524,-0.606111,0.381886,-0.217876,0.54561,0.22831,0.569915,-0.570422,50.84114956875369,-5.921543035999319,1.6073577742763252,9.134919288360699,14.094883662958388,-4.850802821736416,13.986597584261062,15.24574573431892
10.875450849533081,15.847900183401219,16.859166545169575,-5.187428250307337,-0.20315548236775152,-3.9471401130670487,-0.6315429640684848,-0.309865,0.335213,0.295568,0.15246,0.553182,0.600183,-0.557249,-0.598212,0.380465,-0.221102,0.555639,0.227934,0.55795,-0.572716,52.648909671949156,-5.301207167587679,1.6374779275147677,7.730461576309362,12.108431842585258,-1.6155242131027663,11.732679738542048,11.594960976282566
10.876468896865845,15.847900183401219,16.859166545169575,-5.187428250307337,-0.20315548236775152,-3.9471401130670487,-0.6315429640684848,-0.309865,0.335213,0.295568,0.15246,0.553182,0.600183,-0.557249,-0.598212,0.380465,-0.221102,0.555639,0.227934,0.55795,-0.572716,52.648909671949156,-5.301207167587679,1.6374779275147677,7.730461576309362,12.108431842585258,-1.6155242131027663,11.732679738542048,11.594960976282566
10.97212553024292,20.67088557922857,19.373793223271356,-1.127527104935906,1.6517709714893964,-4.088878359281997,-2.2648582730390974,-0.309778,0.335186,0.295863,0.153411,0.554507,0.598915,-0.557034,-0.589631,0.380572,-0.224903,0.55924,0.238526,0.556343,-0.566426,51.90878279491647,-4.103038654111746,1.7585984859736765,11.375537654381422,9.475302586821968,-4.644930712041592,14.953312179269345,15.07153783224506
10.973264455795288,20.67088557922857,19.373793223271356,-1.127527104935906,1.6517709714893964,-4.088878359281997,-2.2648582730390974,-0.309778,0.335186,0.295863,0.153411,0.554507,0.598915,-0.557034,-0.589631,0.380572,-0.224903,0.55924,0.238526,0.556343,-0.566426,51.90878279491647,-4.103038654111746,1.7585984859736765,11.375537654381422,9.475302586821968,-4.644930712041592,14.953312179269345,15.07153783224506
11.071097135543823,21.881769841604303,20.5456787311813,1.1406640058058097,2.9083541138170492,-3.4108743352754827,-1.901726392859814,-0.310628,0.336809,0.299456,0.161076,0.557617,0.602696,-0.547608,-0.57921,0.379287,-0.229681,0.575361,0.238392,0.54922,-0.557213,52.95100402560358,-3.6831277565049807,1.2179415037440826,9.794725999162221,8.951697265229958,-4.525645223379392,14.998203022619625,14.275718329290047
11.072102785110474,21.881769841604303,20.5456787311813,1.1406640058058097,2.9083541138170492,-3.4108743352754827,-1.901726392859814,-0.310628,0.336809,0.299456,0.161076,0.557617,0.602696,-0.547608,-0.57921,0.379287,-0.229681,0.575361,0.238392,0.54922,-0.557213,52.95100402560358,-3.6831277565049807,1.2179415037440826,9.794725999162221,8.951697265229958,-4.525645223379392,14.998203022619625,14.275718329290047
11.172703981399536,19.18839881677243,20.02665460322823,1.6475853730487264,3.0122079339170242,-2.6643146433353575,-1.206373482769915,-0.31072,0.337096,0.301114,0.169446,0.560616,0.603672,-0.540904,-0.566049,0.376849,-0.23493,0.590348,0.2386,0.54397,-0.546495,53.37876329615838,-3.077377339577184,0.3685083367429005,8.718035793637249,5.13686037560127,-3.7967220601168137,14.502769490424534,13.311828805324165
11.173683881759644,19.18839881677243,20.02665460322823,1.6475853730487264,3.0122079339170242,-2.6643146433353575,-1.206373482769915,-0.31072,0.337096,0.301114,0.169446,0.560616,0.603672,-0.540904,-0.566049,0.376849,-0.23493,0.590348,0.2386,0.54397,-0.546495,53.37876329615838,-3.077377339577184,0.3685083367429005,8.718035793637249,5.13686037560127,-3.7967220601168137,14.502769490424534,13.311828805324165
11.269145488739014,18.23372649977268,14.289974733843467,2.0753966550284026,3.0853320179637342,-2.4569974222814497,-1.4805733369604903,-0.309952,0.336852,0.301922,0.171022,0.564499,0.601815,-0.538434,-0.559062,0.376514,-0.236619,0.593047,0.24307,0.541043,-0.544504,53.31902998152814,-2.849708450261487,0.2211112226328371,10.46355917149743,4.763403809013901,-4.3196473941993645,14.798587351504194,14.178289693015921
11.270119905471802,18.23372649977268,14.289974733843467,2.0753966550284026,3.0853320179637342,-2.4569974222814497,-1.4805733369604903,-0.309952,0.336852,0.301922,0.171022,0.564499,0.601815,-0.538434,-0.559062,0.376514,-0.236619,0.593047,0.24307,0.541043,-0.544504,53.31902998152814,-2.849708450261487,0.2211112226328371,10.46355917149743,4.763403809013901,-4.3196473941993645,14.798587351504194,14.178289693015921
11.376753330230713,18.670183048683143,13.03605658608751,2.587921757509117,2.867899280125201,-2.9364721277056054,-1.791440829628236,-0.309989,0.337143,0.302275,0.16928,0.564453,0.602221,-0.53858,-0.561156,0.377758,-0.235406,0.588213,0.242783,0.539673,-0.551194,53.60007782305132,-3.4036739569365024,0.8504434325692536,9.92993183924096,6.159397718435436,-3.7096938340473713,14.088817065186882,13.64338381516594
11.377808570861816,18.670183048683143,13.03605658608751,2.587921757509117,2.867899280125201,-2.9364721277056054,-1.791440829628236,-0.309989,0.337143,0.302275,0.16928,0.564453,0.602221,-0.53858,-0.561156,0.377758,-0.235406,0.588213,0.242783,0.539673,-0.551194,53.60007782305132,-3.4036739569365024,0.8504434325692536,9.92993183924096,6.159397718435436,-3.7096938340473713,14.088817065186882,13.64338381516594
11.473045587539673,16.034123306647118,16.543168092403278,-2.7709998265293643,1.7965480763509167,-3.2000833263631705,-1.609327630409164,-0.309595,0.335565,0.299523,0.16795,0.561795,0.600887,-0.543244,-0.567809,0.378789,-0.232931,0.577096,0.244447,0.546082,-0.555878,52.40353041858128,-3.957525310166744,1.4673818641627019,10.10140417205788,7.825616394214515,-3.8110902968574862,14.222295273406193,14.025521279511043
11.474096059799194,16.034123306647118,16.543168092403278,-2.7709998265293643,1.7965480763509167,-3.2000833263631705,-1.609327630409164,-0.309595,0.335565,0.299523,0.16795,0.561795,0.600887,-0.543244,-0.567809,0.378789,-0.232931,0.577096,0.244447,0.546082,-0.555878,52.40353041858128,-3.957525310166744,1.4673818641627019,10.10140417205788,7.825616394214515,-3.8110902968574862,14.222295273406193,14.025521279511043
11.574068307876587,18.493848231191606,22.274503213611194,-6.389583817313595,1.3962801440335662,-3.814743497350235,-1.4661520806821133,-0.308327,0.335342,0.29868,0.159701,0.558504,0.599129,-0.55101,-0.581795,0.381339,-0.226233,0.564782,0.237622,0.55559,-0.56203,51.99510416825154,-4.595780659926751,1.195019768551159,9.362846822695282,8.925760564191368,-3.948136482357988,14.452360331211974,14.260695369253112
11.575124740600586,18.493848231191606,22.274503213611194,-6.389583817313595,1.3962801440335662,-3.814743497350235,-1.4661520806821133,-0.308327,0.335342,0.29868,0.159701,0.558504,0.599129,-0.55101,-0.581795,0.381339,-0.226233,0.564782,0.237622,0.55559,-0.56203,51.99510416825154,-4.595780659926751,1.195019768551159,9.362846822695282,8.925760564191368,-3.948136482357988,14.452360331211974,14.260695369253112
11.668731689453125,15.096173076144519,24.69981392234531,-8.12464489480038,0.5352839137465354,-4.3344115993902115,-1.1527220493529986,-0.308159,0.335076,0.297465,0.154271,0.555377,0.599186,-0.555638,-0.593092,0.382408,-0.221171,0.551648,0.235601,0.560021,-0.571448,51.64404707227449,-5.434528958095074,2.008942629536895,10.172762507177051,13.118630312954494,-4.650236340863287,13.970138362971381,15.07215063577716
11.669734001159668,15.096173076144519,24.69981392234531,-8.12464489480038,0.5352839137465354,-4.3344115993902115,-1.1527220493529986,-0.308159,0.335076,0.297465,0.154271,0.555377,0.599186,-0.555638,-0.593092,0.382408,-0.221171,0.551648,0.235601,0.560021,-0.571448,51.64404707227449,-5.434528958095074,2.008942629536895,10.172762507177051,13.118630312954494,-4.650236340863287,13.970138362971381,15.07215063577716
11.762438297271729,15.473731384508376,25.6575291495477,-8.131076737252602,0.4371118341810383,-4.422776688469569,-1.2559892992464348,-0.308476,0.334715,0.296049,0.154344,0.553483,0.598879,-0.557834,-0.598566,0.383264,-0.21894,0.544725,0.234164,0.564813,-0.573959,50.94766674093537,-6.0426822381753915,2.246813890704315,9.733193593467195,14.556871726750426,-4.763048539945451,13.576010987722826,15.314926923053429
11.763430118560791,15.473731384508376,25.6575291495477,-8.131076737252602,0.4371118341810383,-4.422776688469569,-1.2559892992464348,-0.308476,0.334715,0.296049,0.154344,0.553483,0.598879,-0.557834,-0.598566,0.383264,-0.21894,0.544725,0.234164,0.564813,-0.573959,50.94766674093537,-6.0426822381753915,2.246813890704315,9.733193593467195,14.556871726750426,-4.763048539945451,13.576010987722826,15.314926923053429
11.85954999923706,19.220370954843588,22.54160478215091,-5.048511135326575,0.9462802590836588,-3.940938716263862,-1.5794889411941098,-0.308663,0.335448,0.297266,0.152856,0.553598,0.599677,-0.557272,-0.59494,0.384267,-0.219945,0.551405,0.234897,0.562836,-0.569203,51.44052622375603,-5.1761957824335525,1.8002705170497872,9.563029593558841,11.172934410807187,-4.270732874370658,14.755539085423294,14.687980804584504
11.860595703125,19.220370954843588,22.54160478215091,-5.048511135326575,0.9462802590836588,-3.940938716263862,-1.5794889411941098,-0.308663,0.335448,0.297266,0.152856,0.553598,0.599677,-0.557272,-0.59494,0.384267,-0.219945,0.551405,0.234897,0.562836,-0.569203,51.44052622375603,-5.1761957824335525,1.8002705170497872,9.563029593558841,11.172934410807187,-4.270732874370658,14.755539085423294,14.687980804584504
11.95457649230957,22.51642083129241,24.666560372869323,-1.8413176069689725,1.7557477647371913,-4.246737639753699,-1.488663563050275,-0.308341,0.335616,0.298586,0.155553,0.556146,0.600563,-0.553018,-0.584456,0.380873,-0.225332,0.564346,0.236926,0.553577,-0.56474,52.536857512595915,-4.2210326293362925,1.5587927743954086,9.84591450626144,8.966695826976792,-4.00955750123552,14.443325109148441,14.215206105887251
11.95557427406311,22.51642083129241,24.666560372869323,-1.8413176069689725,1.7557477647371913,-4.246737639753699,-1.488663563050275,-0.308341,0.335616,0.298586,0.155553,0.556146,0.600563,-0.553018,-0.584456,0.380873,-0.225332,0.564346,0.236926,0.553577,-0.56474,52.536857512595915,-4.2210326293362925,1.5587927743954086,9.84591450626144,8.966695826976792,-4.00955750123552,14.443325109148441,14.215206105887251
12.053552389144897,22.78721083270128,22.523700928390003,2.1479290129018596,3.031567549230916,-4.572527441191171,-1.775427519600477,-0.309117,0.336235,0.30023,0.161211,0.559953,0.601899,-0.54606,-0.572641,0.374392,-0.232793,0.579016,0.235617,0.540413,-0.563186,54.22756283710332,-3.841307764992616,1.4340013698449479,10.0098884921755,7.763395666444555,-3.862911232937634,14.095381510762113,14.007253639817034
12.054575204849243,22.78721083270128,22.523700928390003,2.1479290129018596,3.031567549230916,-4.572527441191171,-1.775427519600477,-0.309117,0.336235,0.30023,0.161211,0.559953,0.601899,-0.54606,-0.572641,0.374392,-0.232793,0.579016,0.235617,0.540413,-0.563186,54.22756283710332,-3.841307764992616,1.4340013698449479,10.0098884921755,7.763395666444555,-3.862911232937634,14.095381510762113,14.007253639817034
12.150716304779053,23.592812841337093,23.846234145621562,3.403337346757123,3.9228278017914358,-3.4497292200264362,-1.691925026974767,-0.309561,0.33699,0.301676,0.167489,0.562292,0.602742,-0.540812,-0.565182,0.373966,-0.235645,0.588953,0.235917,0.538351,-0.554666,54.34667354795595,-3.5315346517454436,0.7341507106179428,9.058278277258392,6.417195764406564,-3.5497970046743887,13.958947110587088,13.274756010844763
12.15173053741455,23.592812841337093,23.846234145621562,3.403337346757123,3.9228278017914358,-3.4497292200264362,-1.691925026974767,-0.309561,0.33699,0.301676,0.167489,0.562292,0.602742,-0.540812,-0.565182,0.373966,-0.235645,0.588953,0.235917,0.538351,-0.554666,54.34667354795595,-3.5315346517454436,0.7341507106179428,9.058278277258392,6.417195764406564,-3.5497970046743887,13.958947110587088,13.274756010844763
12.25048542022705,22.127249862418857,27.232236729950145,3.0474930730092358,4.566736204758194,-2.7034507980693046,-1.4321321635141309,-0.30944,0.337415,0.303155,0.169499,0.565451,0.60292,-0.536678,-0.560503,0.373898,-0.236689,0.596725,0.236514,0.538086,-0.546301,54.51511543688899,-3.0884913849231688,-0.204975794419898,10.10757189086892,6.111537663445928,-3.8893063024364025,14.15612666258444,13.529330171865544
12.251544713973999,22.127249862418857,27.232236729950145,3.0474930730092358,4.566736204758194,-2.7034507980693046,-1.4321321635141309,-0.30944,0.337415,0.303155,0.169499,0.565451,0.60292,-0.536678,-0.560503,0.373898,-0.236689,0.596725,0.236514,0.538086,-0.546301,54.51511543688899,-3.0884913849231688,-0.204975794419898,10.10757189086892,6.111537663445928,-3.8893063024364025,14.15612666258444,13.529330171865544
12.353668689727783,20.851221848579186,27.757613295695236,4.053828524737665,5.236793965271333,-2.34638016242247,-1.2695845635189456,-0.309242,0.337649,0.303929,0.171699,0.564082,0.603728,-0.53651,-0.559962,0.372634,-0.236814,0.600561,0.233165,0.538073,-0.543542,54.65324906841718,-2.974024351214457,-0.5272360680375883,8.482383163438621,5.129631590091282,-3.5973341018006693,14.123670856944543,12.875242795596739
12.354641914367676,20.851221848579186,27.757613295695236,4.053828524737665,5.236793965271333,-2.34638016242247,-1.2695845635189456,-0.309242,0.337649,0.303929,0.171699,0.564082,0.603728,-0.53651,-0.559962,0.372634,-0.236814,0.600561,0.233165,0.538073,-0.543542,54.65324906841718,-2.974024351214457,-0.5272360680375883,8.482383163438621,5.129631590091282,-3.5973341018006693,14.123670856944543,12.875242795596739
12.451068639755249,19.68568202257845,25.925625775353204,-0.6326402313111898,3.5958950146695563,-2.7342163775012738,-1.1351552984410958,-0.309204,0.337211,0.303129,0.169947,0.564571,0.60233,-0.538123,-0.562257,0.373695,-0.235878,0.594751,0.235252,0.540515,-0.5466,54.18471963397355,-3.273899413678295,-0.274716667733248,9.666562671505607,5.938300766771392,-4.16367524762061,14.48499190644503,13.826342097986599
12.452053546905518,19.68568202257845,25.925625775353204,-0.6326402313111898,3.5958950146695563,-2.7342163775012738,-1.1351552984410958,-0.309204,0.337211,0.303129,0.169947,0.564571,0.60233,-0.538123,-0.562257,0.373695,-0.235878,0.594751,0.235252,0.540515,-0.5466,54.18471963397355,-3.273899413678295,-0.274716667733248,9.666562671505607,5.938300766771392,-4.16367524762061,14.48499190644503,13.826342097986599
12.547440767288208,17.618412646451397,25.87140035327716,-5.368286720156839,2.070699648780128,-3.7597974245069956,-1.5816648186821258,-0.308306,0.335539,0.300525,0.165609,0.561173,0.600529,-0.544998,-0.57049,0.374844,-0.232731,0.578632,0.236324,0.543546,-0.560262,53.460021494853926,-4.181611370996059,1.1319162478479523,8.966487318855718,7.9095332835104095,-3.8480788607497587,14.286818020274433,13.850406653216963
12.548447847366333,17.618412646451397,25.87140035327716,-5.368286720156839,2.070699648780128,-3.7597974245069956,-1.5816648186821258,-0.308306,0.335539,0.300525,0.165609,0.561173,0.600529,-0.544998,-0.57049,0.374844,-0.232731,0.578632,0.236324,0.543546,-0.560262,53.460021494853926,-4.181611370996059,1.1319162478479523,8.966487318855718,7.9095332835104095,-3.8480788607497587,14.286818020274433,13.850406653216963
12.64331841468811,18.878496089615684,23.973089773828683,-6.692382588459537,1.297503318981083,-4.799338727712724,-2.2463023093069197,-0.307091,0.334977,0.298515,0.158184,0.558487,0.598431,-0.552223,-0.581368,0.375263,-0.228271,0.564184,0.234733,0.543969,-0.575061,53.44654965475255,-4.897924091907864,2.280838202363137,8.977479834021903,12.035857475695542,-3.574823821504104,13.508445927883269,13.493147411245394
12.64434289932251,18.878496089615684,23.973089773828683,-6.692382588459537,1.297503318981083,-4.799338727712724,-2.2463023093069197,-0.307091,0.334977,0.298515,0.158184,0.558487,0.598431,-0.552223,-0.581368,0.375263,-0.228271,0.564184,0.234733,0.543969,-0.575061,53.44654965475255,-4.897924091907864,2.280838202363137,8.977479834021903,12.035857475695542,-3.574823821504104,13.508445927883269,13.493147411245394
12.73856806755066,17.131728932286375,28.38025176717585,-10.018271536167017,0.21501696143897575,-5.087456228563039,-1.5917759993148268,-0.307034,0.334554,0.297683,0.154348,0.555982,0.598797,-0.55543,-0.589996,0.375323,-0.224858,0.553948,0.231432,0.549425,-0.58113,53.097255156630055,-5.727648058738,2.661120261898409,10.177759606769623,14.077042820008913,-4.808147740816047,13.527350613988075,15.135424876007006
12.739567518234253,17.131728932286375,28.38025176717585,-10.018271536167017,0.21501696143897575,-5.087456228563039,-1.5917759993148268,-0.307034,0.334554,0.297683,0.154348,0.555982,0.598797,-0.55543,-0.589996,0.375323,-0.224858,0.553948,0.231432,0.549425,-0.58113,53.097255156630055,-5.727648058738,2.661120261898409,10.177759606769623,14.077042820008913,-4.808147740816047,13.527350613988075,15.135424876007006
12.832098484039307,17.274934692727975,30.498154137356217,-9.780484616625342,-0.05613988381670439,-5.628809048567931,-1.059886059013902,-0.307112,0.334427,0.296873,0.15343,0.555016,0.597771,-0.557751,-0.594615,0.374258,-0.223662,0.552137,0.224726,0.551369,-0.583639,53.318570621088476,-6.1785557648055,2.2657326459139853,8.53532318253881,13.502126544706977,-3.7680931079379647,13.072709630126468,14.188062253570886
12.83310580253601,17.274934692727975,30.498154137356217,-9.780484616625342,-0.05613988381670439,-5.628809048567931,-1.059886059013902,-0.307112,0.334427,0.296873,0.15343,0.555016,0.597771,-0.557751,-0.594615,0.374258,-0.223662,0.552137,0.224726,0.551369,-0.583639,53.318570621088476,-6.1785557648055,2.2657326459139853,8.53532318253881,13.502126544706977,-3.7680931079379647,13.072709630126468,14.188062253570886
12.928664207458496,16.041032039686673,30.393417951696748,-12.292783006513346,-0.2403286470611551,-5.6212097236781275,-0.9953010542015572,-0.307692,0.334351,0.295833,0.148456,0.554195,0.59586,-0.561943,-0.60092,0.373003,-0.221842,0.549386,0.21828,0.549632,-0.590283,54.106002342973184,-6.351007547543404,2.1374788093126185,7.406052026675912,13.108930816379388,-2.167137791001771,11.790437808045416,12.50772091765813
12.929643154144287,16.041032039686673,30.393417951696748,-12.292783006513346,-0.2403286470611551,-5.6212097236781275,-0.9953010542015572,-0.307692,0.334351,0.295833,0.148456,0.554195,0.59586,-0.561943,-0.60092,0.373003,-0.221842,0.549386,0.21828,0.549632,-0.590283,54.106002342973184,-6.351007547543404,2.1374788093126185,7.406052026675912,13.108930816379388,-2.167137791001771,11.790437808045416,12.50772091765813
13.025578498840332,20.99051508518425,27.032022939006534,-10.624716610040808,0.49441467854457416,-5.637079559447397,-1.4729959400959824,-0.308284,0.33436,0.294925,0.14914,0.553485,0.597583,-0.56063,-0.602644,0.370496,-0.223038,0.548988,0.218411,0.550498,-0.589796,54.05319221967958,-6.519065451073866,2.3081405485939825,9.796469511632521,15.408937899309635,-4.059652558168416,11.959670528282933,14.363545108964718
13.026618242263794,20.99051508518425,27.032022939006534,-10.624716610040808,0.49441467854457416,-5.637079559447397,-1.4729959400959824,-0.308284,0.33436,0.294925,0.14914,0.553485,0.597583,-0.56063,-0.602644,0.370496,-0.223038,0.548988,0.218411,0.550498,-0.589796,54.05319221967958,-6.519065451073866,2.3081405485939825,9.796469511632521,15.408937899309635,-4.059652558168416,11.959670528282933,14.363545108964718
13.12022352218628,25.83242503918503,25.90891425746247,-5.721128589215978,1.5074994598686071,-5.299812862461153,-1.3849133626833683,-0.30817,0.335052,0.296706,0.153822,0.553951,0.59847,-0.557952,-0.591664,0.363782,-0.229719,0.568236,0.215994,0.538371,-0.583619,55.628688421826475,-5.1017580608381135,1.7496932966139234,7.778780104262097,11.443623901921924,-3.2081410117099054,13.44517221098771,12.942454057842296
13.121192932128906,25.83242503918503,25.90891425746247,-5.721128589215978,1.5074994598686071,-5.299812862461153,-1.3849133626833683,-0.30817,0.335052,0.296706,0.153822,0.553951,0.59847,-0.557952,-0.591664,0.363782,-0.229719,0.568236,0.215994,0.538371,-0.583619,55.628688421826475,-5.1017580608381135,1.7496932966139234,7.778780104262097,11.443623901921924,-3.2081410117099054,13.44517221098771,12.942454057842296
13.218494415283203,26.83599592511547,25.007463347279973,-1.099991482528283,2.2527728762195673,-5.593080305108854,-1.2737166616452629,-0.308661,0.335887,0.299205,0.159934,0.559335,0.598823,-0.550433,-0.574527,0.354285,-0.239728,0.589254,0.214962,0.522959,-0.577135,57.602080528430996,-4.012176765780723,0.997911066892156,9.545989106445829,7.746156408079429,-4.727138300645855,14.687271034192069,14.888737132486607
13.21947431564331,26.83599592511547,25.007463347279973,-1.099991482528283,2.2527728762195673,-5.593080305108854,-1.2737166616452629,-0.308661,0.335887,0.299205,0.159934,0.559335,0.598823,-0.550433,-0.574527,0.354285,-0.239728,0.589254,0.214962,0.522959,-0.577135,57.602080528430996,-4.012176765780723,0.997911066892156,9.545989106445829,7.746156408079429,-4.727138300645855,14.687271034192069,14.888737132486607
13.312833786010742,26.074981273048156,23.530445063398236,0.3041438287811677,3.07316687139746,-5.116796692072111,-1.8225163715519381,-0.30895,0.336019,0.300436,0.16661,0.562761,0.60088,-0.542664,-0.562048,0.348493,-0.24597,0.601495,0.212923,0.509438,-0.577356,59.274738355543484,-4.053892081260587,1.110412114611453,8.292460214250594,6.892520566501112,-3.2428969010614708,13.275019794970271,13.310433534097227
13.313818454742432,26.074981273048156,23.530445063398236,0.3041438287811677,3.07316687139746,-5.116796692072111,-1.8225163715519381,-0.30895,0.336019,0.300436,0.16661,0.562761,0.60088,-0.542664,-0.562048,0.348493,-0.24597,0.601495,0.212923,0.509438,-0.577356,59.274738355543484,-4.053892081260587,1.110412114611453,8.292460214250594,6.892520566501112,-3.2428969010614708,13.275019794970271,13.310433534097227
13.42073941230774,27.34056146430515,24.03995976021253,2.8946651471136513,3.751949802626601,-4.341982158629191,-1.0869693545835557,-0.308615,0.337065,0.303385,0.171371,0.565695,0.601475,-0.537447,-0.551017,0.345157,-0.249426,0.616884,0.213493,0.504702,-0.564934,59.82010426361771,-2.89351468194988,-0.012911561050108489,9.504845248711007,4.734335526451436,-5.058921356046049,15.292350783574491,14.911936213947344
13.421735286712646,27.34056146430515,24.03995976021253,2.8946651471136513,3.751949802626601,-4.341982158629191,-1.0869693545835557,-0.308615,0.337065,0.303385,0.171371,0.565695,0.601475,-0.537447,-0.551017,0.345157,-0.249426,0.616884,0.213493,0.504702,-0.564934,59.82010426361771,-2.89351468194988,-0.012911561050108489,9.504845248711007,4.734335526451436,-5.058921356046049,15.292350783574491,14.911936213947344
13.51915192604065,21.86129889776572,25.24818423271913,-1.1375365546742144,3.1092053256506933,-4.019337439819131,-0.8158834981000774,-0.306613,0.336693,0.305257,0.174387,0.56967,0.600461,-0.533397,-0.543612,0.345447,-0.249835,0.61723,0.217692,0.502446,-0.564965,59.683936986377525,-3.211204540882808,0.07051377673103154,10.516397145363829,5.992756073767925,-5.419142140487075,15.54831699268584,15.598520995582296
13.520131826400757,21.86129889776572,25.24818423271913,-1.1375365546742144,3.1092053256506933,-4.019337439819131,-0.8158834981000774,-0.306613,0.336693,0.305257,0.174387,0.56967,0.600461,-0.533397,-0.543612,0.345447,-0.249835,0.61723,0.217692,0.502446,-0.564965,59.683936986377525,-3.211204540882808,0.07051377673103154,10.516397145363829,5.992756073767925,-5.419142140487075,15.54831699268584,15.598520995582296
13.616774797439575,18.869890229844184,23.618815686943055,-3.4988577550172035,2.356197344204,-3.890111171113633,-1.0969885052249906,-0.306821,0.335712,0.302911,0.174314,0.567554,0.599237,-0.537041,-0.55199,0.348904,-0.246864,0.605425,0.218115,0.513292,-0.567818,58.13539650798001,-4.181339846951824,0.29719242379042043,10.22034048310368,7.150316676461942,-4.972539862901989,14.896096919096879,15.525536061834613
13.61777400970459,18.869890229844184,23.618815686943055,-3.4988577550172035,2.356197344204,-3.890111171113633,-1.0969885052249906,-0.306821,0.335712,0.302911,0.174314,0.567554,0.599237,-0.537041,-0.55199,0.348904,-0.246864,0.605425,0.218115,0.513292,-0.567818,58.13539650798001,-4.181339846951824,0.29719242379042043,10.22034048310368,7.150316676461942,-4.972539862901989,14.896096919096879,15.525536061834613
13.709300518035889,17.093215967316468,25.691722515796755,-6.965118291599871,1.4618438770456013,-3.916467352711212,-1.1876766632119606,-0.30549,0.334839,0.30126,0.162333,0.564225,0.59583,-0.547983,-0.568864,0.358245,-0.237669,0.584778,0.22213,0.526518,-0.575736,56.47340294361926,-4.45784750764733,0.8975522359685986,10.355980838198201,9.593683181235804,-5.174640914633464,15.094382376703367,15.399992968910224
13.710294246673584,17.093215967316468,25.691722515796755,-6.965118291599871,1.4618438770456013,-3.916467352711212,-1.1876766632119606,-0.30549,0.334839,0.30126,0.162333,0.564225,0.59583,-0.547983,-0.568864,0.358245,-0.237669,0.584778,0.22213,0.526518,-0.575736,56.47340294361926,-4.45784750764733,0.8975522359685986,10.355980838198201,9.593683181235804,-5.174640914633464,15.094382376703367,15.399992968910224
13.804351568222046,17.798157329421738,27.818040004881485,-10.323426610092435,1.1319107476868766,-4.2230330247507215,-1.0163489659915224,-0.305331,0.334908,0.299608,0.155184,0.560231,0.596102,-0.553825,-0.587302,0.366232,-0.227628,0.568857,0.216345,0.542503,-0.579039,55.35042432305216,-5.592042847016181,0.6247482617826225,8.70229391533222,12.555135973169797,-3.367203515746901,12.6570848244096,13.34911601107273
13.805405616760254,17.798157329421738,27.818040004881485,-10.323426610092435,1.1319107476868766,-4.2230330247507215,-1.0163489659915224,-0.305331,0.334908,0.299608,0.155184,0.560231,0.596102,-0.553825,-0.587302,0.366232,-0.227628,0.568857,0.216345,0.542503,-0.579039,55.35042432305216,-5.592042847016181,0.6247482617826225,8.70229391533222,12.555135973169797,-3.367203515746901,12.6570848244096,13.34911601107273
13.89894151687622,16.96839564970642,29.842476394447857,-9.809643590969374,0.7539144944728311,-4.629821650948307,-0.9946063231743739,-0.306993,0.334501,0.296729,0.151832,0.554879,0.596403,-0.559785,-0.600105,0.370784,-0.222451,0.552647,0.218958,0.554012,-0.582845,53.53721928558026,-6.264226562766986,1.4829170794432311,9.761479228592192,15.03311250130925,-5.03760810036367,13.176051518047633,15.304845138010663
13.899952173233032,16.96839564970642,29.842476394447857,-9.809643590969374,0.7539144944728311,-4.629821650948307,-0.9946063231743739,-0.306993,0.334501,0.296729,0.151832,0.554879,0.596403,-0.559785,-0.600105,0.370784,-0.222451,0.552647,0.218958,0.554012,-0.582845,53.53721928558026,-6.264226562766986,1.4829170794432311,9.761479228592192,15.03311250130925,-5.03760810036367,13.176051518047633,15.304845138010663
13.997952222824097,21.402018182648977,26.58638353105162,-6.554890883866046,1.1552306013828644,-4.414463717055057,-1.4080607431782608,-0.30777,0.335113,0.296755,0.153151,0.553686,0.597662,-0.559265,-0.599073,0.371869,-0.223028,0.555765,0.221537,0.552305,-0.580522,53.48494626591142,-5.784619043503758,1.719113683244947,8.818439638215047,15.101000936576938,-4.592684370082594,12.949190933731662,14.46741180399502
13.999014616012573,21.402018182648977,26.58638353105162,-6.554890883866046,1.1552306013828644,-4.414463717055057,-1.4080607431782608,-0.30777,0.335113,0.296755,0.153151,0.553686,0.597662,-0.559265,-0.599073,0.371869,-0.223028,0.555765,0.221537,0.552305,-0.580522,53.48494626591142,-5.784619043503758,1.719113683244947,8.818439638215047,15.101000936576938,-4.592684370082594,12.949190933731662,14.46741180399502
14.09537935256958,23.272412968735345,23.345922683492226,-0.18944698213970326,2.1847722262497693,-4.231436363599203,-1.1086728293287824,-0.307691,0.335889,0.299393,0.156132,0.556915,0.599156,-0.553607,-0.582554,0.369212,-0.230181,0.575925,0.224512,0.541945,-0.569386,54.82831183036008,-4.019816602188262,0.9000787544002105,9.083452030490337,8.350734276060443,-4.124135080297869,14.384351471933343,13.973967509665693
14.09634804725647,23.272412968735345,23.345922683492226,-0.18944698213970326,2.1847722262497693,-4.231436363599203,-1.1086728293287824,-0.307691,0.335889,0.299393,0.156132,0.556915,0.599156,-0.553607,-0.582554,0.369212,-0.230181,0.575925,0.224512,0.541945,-0.569386,54.82831183036008,-4.019816602188262,0.9000787544002105,9.083452030490337,8.350734276060443,-4.124135080297869,14.384351471933343,13.973967509665693
14.193270206451416,24.52506978057492,24.759941045807075,1.1834576106007106,3.117044813184613,-4.385335046196572,-1.1806751378983977,-0.308622,0.336402,0.301492,0.167764,0.563508,0.60053,-0.541921,-0.563379,0.367695,-0.238118,0.59093,0.233089,0.532818,-0.559085,55.02485095579744,-3.555419834059714,0.7330427225620646,10.123266651476444,7.16666758833063,-4.528852829464022,14.68117225948892,14.480197256024416
14.194315433502197,24.52506978057492,24.759941045807075,1.1834576106007106,3.117044813184613,-4.385335046196572,-1.1806751378983977,-0.308622,0.336402,0.301492,0.167764,0.563508,0.60053,-0.541921,-0.563379,0.367695,-0.238118,0.59093,0.233089,0.532818,-0.559085,55.02485095579744,-3.555419834059714,0.7330427225620646,10.123266651476444,7.16666758833063,-4.528852829464022,14.68117225948892,14.480197256024416
14.292620420455933,29.313171735876555,27.155707319394416,4.398676272061445,4.1097015844682065,-4.814826901026376,-2.0856792573875715,-0.307178,0.336638,0.304164,0.174361,0.566152,0.600709,-0.53686,-0.548065,0.367455,-0.241738,0.596822,0.240103,0.522588,-0.559515,55.307899325530435,-3.327058299847548,1.5774268202518122,8.88464419306009,5.326157993463465,-4.235884891124826,14.734537295223891,14.069984173937765
14.293683052062988,29.313171735876555,27.155707319394416,4.398676272061445,4.1097015844682065,-4.814826901026376,-2.0856792573875715,-0.307178,0.336638,0.304164,0.174361,0.566152,0.600709,-0.53686,-0.548065,0.367455,-0.241738,0.596822,0.240103,0.522588,-0.559515,55.307899325530435,-3.327058299847548,1.5774268202518122,8.88464419306009,5.326157993463465,-4.235884891124826,14.734537295223891,14.069984173937765
14.403350114822388,28.118889281893896,26.304883279457847,3.357606618812108,4.189321136246477,-5.059600504653669,-1.9640668784316369,-0.30545,0.337048,0.306783,0.173354,0.569596,0.599398,-0.535005,-0.538328,0.36397,-0.24421,0.603503,0.240725,0.5132,-0.560768,56.501588341653836,-2.76177651481694,1.4748445433608648,10.35394328200741,3.0430485547496753,-5.280489620738898,15.93261476855019,15.666423889989764
14.404328107833862,28.118889281893896,26.304883279457847,3.357606618812108,4.189321136246477,-5.059600504653669,-1.9640668784316369,-0.30545,0.337048,0.306783,0.173354,0.569596,0.599398,-0.535005,-0.538328,0.36397,-0.24421,0.603503,0.240725,0.5132,-0.560768,56.501588341653836,-2.76177651481694,1.4748445433608648,10.35394328200741,3.0430485547496753,-5.280489620738898,15.93261476855019,15.666423889989764
14.503332376480103,22.8633285729985,24.551593448221876,0.7816161566513595,3.159007475586927,-4.293546568860567,-1.295690504362886,-0.305231,0.336046,0.305391,0.177474,0.568981,0.599519,-0.534173,-0.539721,0.362605,-0.244364,0.60272,0.23856,0.51696,-0.55908,55.94810489314056,-3.3025920499676134,1.2613025190958425,9.553805581458057,4.346329748022638,-4.467715819668307,14.943248822180404,14.74067984999267
14.504297018051147,22.8633285729985,24.551593448221876,0.7816161566513595,3.159007475586927,-4.293546568860567,-1.295690504362886,-0.305231,0.336046,0.305391,0.177474,0.568981,0.599519,-0.534173,-0.539721,0.362605,-0.244364,0.60272,0.23856,0.51696,-0.55908,55.94810489314056,-3.3025920499676134,1.2613025190958425,9.553805581458057,4.346329748022638,-4.467715819668307,14.943248822180404,14.74067984999267
14.598337173461914,19.93162484323948,23.970141366442686,-2.292221104324723,2.141272142819565,-3.797716726090618,-1.1743808168671521,-0.305151,0.335642,0.304365,0.174184,0.567488,0.59844,-0.53804,-0.550959,0.367328,-0.239237,0.591488,0.238134,0.527418,-0.561485,54.77954452595187,-4.021950360102521,1.2529099437153786,9.0318505005384,7.309935277352591,-4.27447778541201,14.559437968937853,14.266004836827973
14.599376440048218,19.93162484323948,23.970141366442686,-2.292221104324723,2.141272142819565,-3.797716726090618,-1.1743808168671521,-0.305151,0.335642,0.304365,0.174184,0.567488,0.59844,-0.53804,-0.550959,0.367328,-0.239237,0.591488,0.238134,0.527418,-0.561485,54.77954452595187,-4.021950360102521,1.2529099437153786,9.0318505005384,7.309935277352591,-4.27447778541201,14.559437968937853,14.266004836827973
14.695889949798584,18.716537839852066,26.40459940971229,-5.244294184350024,1.5566849755587,-3.644250380806837,-0.9858101717901825,-0.30445,0.335239,0.302755,0.162437,0.565504,0.596471,-0.545932,-0.569603,0.373916,-0.230085,0.574803,0.233924,0.542905,-0.565805,53.826774195226655,-4.741744685538064,0.7205452536165531,10.067234170195464,9.757421478422037,-4.192924176732774,14.320394305098379,14.511300727945383
14.69689679145813,18.716537839852066,26.40459940971229,-5.244294184350024,1.5566849755587,-3.644250380806837,-0.9858101717901825,-0.30445,0.335239,0.302755,0.162437,0.565504,0.596471,-0.545932,-0.569603,0.373916,-0.230085,0.574803,0.233924,0.542905,-0.565805,53.826774195226655,-4.741744685538064,0.7205452536165531,10.067234170195464,9.757421478422037,-4.192924176732774,14.320394305098379,14.511300727945383
14.79541540145874,18.01020472418789,26.88868282966862,-5.021136665967622,1.4945898617843543,-3.601789326982065,-1.0937520177866098,-0.304386,0.334972,0.300657,0.158078,0.559658,0.596113,-0.553574,-0.584453,0.378178,-0.222514,0.560145,0.23215,0.555539,-0.568964,52.28996569027122,-5.342924248149748,1.0405031861130887,9.436236639685024,12.284818106426254,-4.410342438194576,14.130352322140592,14.61299276346158
14.796483278274536,18.01020472418789,26.88868282966862,-5.021136665967622,1.4945898617843543,-3.601789326982065,-1.0937520177866098,-0.304386,0.334972,0.300657,0.158078,0.559658,0.596113,-0.553574,-0.584453,0.378178,-0.222514,0.560145,0.23215,0.555539,-0.568964,52.28996569027122,-5.342924248149748,1.0405031861130887,9.436236639685024,12.284818106426254,-4.410342438194576,14.130352322140592,14.61299276346158
14.896659135818481,21.788898345739227,24.285862497824567,-1.8832846693478604,1.8188311752141988,-3.327848800204791,-0.8754170988878236,-0.305279,0.335752,0.301098,0.156999,0.557518,0.598509,-0.553455,-0.586027,0.379925,-0.221712,0.562816,0.230799,0.558203,-0.564251,52.33847294814632,-4.955575569957544,0.7133064048383684,8.945223581169133,10.40309306284436,-4.303763005889564,14.820325537140643,14.51251659815487
14.89763593673706,21.788898345739227,24.285862497824567,-1.8832846693478604,1.8188311752141988,-3.327848800204791,-0.8754170988878236,-0.305279,0.335752,0.301098,0.156999,0.557518,0.598509,-0.553455,-0.586027,0.379925,-0.221712,0.562816,0.230799,0.558203,-0.564251,52.33847294814632,-4.955575569957544,0.7133064048383684,8.945223581169133,10.40309306284436,-4.303763005889564,14.820325537140643,14.51251659815487
14.997296571731567,23.843729492250716,20.957530988525967,2.185168843670308,2.15379093685198,-3.2680673232222555,-0.4490347982411592,-0.305724,0.336197,0.303418,0.165111,0.563069,0.599493,-0.544335,-0.569177,0.376415,-0.229507,0.582827,0.236112,0.545688,-0.553885,53.39036733408365,-3.7267460379053987,0.19558833058273883,8.904955431422982,8.911696495665982,-3.9214159559609456,14.478226282291642,13.452356816582435
14.99834942817688,23.843729492250716,20.957530988525967,2.185168843670308,2.15379093685198,-3.2680673232222555,-0.4490347982411592,-0.305724,0.336197,0.303418,0.165111,0.563069,0.599493,-0.544335,-0.569177,0.376415,-0.229507,0.582827,0.236112,0.545688,-0.553885,53.39036733408365,-3.7267460379053987,0.19558833058273883,8.904955431422982,8.911696495665982,-3.9214159559609456,14.478226282291642,13.452356816582435
15.097102403640747,23.358145886389416,18.707781900594778,4.731085617522445,2.4865501010322775,-3.387871764112784,-0.44738319397217624,-0.306068,0.336689,0.305331,0.175337,0.568924,0.599583,-0.534866,-0.548424,0.371666,-0.238527,0.599311,0.241125,0.533065,-0.546375,54.16477695310448,-3.0711173248892867,-0.028126778559890653,10.08272491155453,5.314002201207117,-4.550249654254806,14.91078046849046,14.324426002035933
15.098093748092651,23.358145886389416,18.707781900594778,4.731085617522445,2.4865501010322775,-3.387871764112784,-0.44738319397217624,-0.306068,0.336689,0.305331,0.175337,0.568924,0.599583,-0.534866,-0.548424,0.371666,-0.238527,0.599311,0.241125,0.533065,-0.546375,54.16477695310448,-3.0711173248892867,-0.028126778559890653,10.08272491155453,5.314002201207117,-4.550249654254806,14.91078046849046,14.324426002035933
15.192094326019287,21.17581638899513,17.927965987797165,4.404310231586014,2.362193683498366,-3.383011564021871,-0.4127876857625873,-0.304582,0.336607,0.307172,0.178135,0.572378,0.600144,-0.529601,-0.53747,0.370033,-0.241227,0.604379,0.244001,0.52511,-0.54722,54.92492258301687,-3.0627504487295467,0.2815486981165911,10.808648681560749,4.721210304169296,-4.343781080742588,14.687994100184444,14.575213546869307
15.193082809448242,21.17581638899513,17.927965987797165,4.404310231586014,2.362193683498366,-3.383011564021871,-0.4127876857625873,-0.304582,0.336607,0.307172,0.178135,0.572378,0.600144,-0.529601,-0.53747,0.370033,-0.241227,0.604379,0.244001,0.52511,-0.54722,54.92492258301687,-3.0627504487295467,0.2815486981165911,10.808648681560749,4.721210304169296,-4.343781080742588,14.687994100184444,14.575213546869307
15.292240381240845,18.74912126728233,21.45257938563069,1.146771532588275,1.873176381813603,-3.2235922967234694,-0.5888960244246854,-0.304775,0.336238,0.306292,0.175935,0.571508,0.59887,-0.532711,-0.546293,0.373102,-0.237451,0.595196,0.242487,0.532636,-0.550673,54.13210037749373,-3.8219009608074006,0.2926062186392624,9.97802281406748,6.7518510854340015,-3.7955556305575016,14.007172675910594,13.895834926449988
15.293473720550537,18.74912126728233,21.45257938563069,1.146771532588275,1.873176381813603,-3.2235922967234694,-0.5888960244246854,-0.304775,0.336238,0.306292,0.175935,0.571508,0.59887,-0.532711,-0.546293,0.373102,-0.237451,0.595196,0.242487,0.532636,-0.550673,54.13210037749373,-3.8219009608074006,0.2926062186392624,9.97802281406748,6.7518510854340015,-3.7955556305575016,14.007172675910594,13.895834926449988
15.403878450393677,18.78663105744405,23.15428283950009,-1.640870046624674,1.516138195577133,-3.236116802653255,-0.8180321782012793,-0.303819,0.335163,0.303726,0.165846,0.565623,0.597695,-0.543439,-0.565728,0.378727,-0.228494,0.574782,0.239623,0.54843,-0.55806,52.652012720613136,-4.620006740714052,0.6136704188385274,9.789545199083422,8.792904532134262,-4.055237736772831,14.320808348115886,14.422432638483098
15.40492057800293,18.78663105744405,23.15428283950009,-1.640870046624674,1.516138195577133,-3.236116802653255,-0.8180321782012793,-0.303819,0.335163,0.303726,0.165846,0.565623,0.597695,-0.543439,-0.565728,0.378727,-0.228494,0.574782,0.239623,0.54843,-0.55806,52.652012720613136,-4.620006740714052,0.6136704188385274,9.789545199083422,8.792904532134262,-4.055237736772831,14.320808348115886,14.422432638483098
15.505305767059326,19.780855829785235,24.863658199855234,-1.223263463863242,1.5323195552313473,-3.5160539890244875,-0.7494731349493176,-0.303365,0.335604,0.303044,0.159791,0.561726,0.597988,-0.548945,-0.578919,0.381772,-0.221686,0.56298,0.236088,0.555658,-0.564411,52.20706594624403,-5.265220656826456,0.9833642504771927,9.451722774071317,12.275116303825722,-3.9652728694946617,13.67444053667741,14.125468178337712
15.506388664245605,19.780855829785235,24.863658199855234,-1.223263463863242,1.5323195552313473,-3.5160539890244875,-0.7494731349493176,-0.303365,0.335604,0.303044,0.159791,0.561726,0.597988,-0.548945,-0.578919,0.381772,-0.221686,0.56298,0.236088,0.555658,-0.564411,52.20706594624403,-5.265220656826456,0.9833642504771927,9.451722774071317,12.275116303825722,-3.9652728694946617,13.67444053667741,14.125468178337712
15.605505228042603,20.633025051193954,20.278156987509195,0.39537921889615496,1.5657636193026745,-2.9780762516471593,-0.7372054906171677,-0.303427,0.335698,0.303232,0.160603,0.561893,0.597179,-0.549418,-0.576121,0.381798,-0.22273,0.568134,0.237789,0.555413,-0.558745,52.048695596380306,-4.495403485976494,0.49564292884847383,9.303998695606797,10.26410218261547,-4.075622951026688,14.685388039754086,14.037118780880418
15.606598377227783,20.633025051193954,20.278156987509195,0.39537921889615496,1.5657636193026745,-2.9780762516471593,-0.7372054906171677,-0.303427,0.335698,0.303232,0.160603,0.561893,0.597179,-0.549418,-0.576121,0.381798,-0.22273,0.568134,0.237789,0.555413,-0.558745,52.048695596380306,-4.495403485976494,0.49564292884847383,9.303998695606797,10.26410218261547,-4.075622951026688,14.685388039754086,14.037118780880418
15.701534748077393,21.661354685352578,18.70822896188592,2.974776322584024,1.6083619311006898,-2.905601822072492,-0.13803196561979808,-0.30428,0.336143,0.30542,0.170061,0.566642,0.600398,-0.538069,-0.559263,0.378599,-0.230446,0.586443,0.240274,0.545733,-0.548205,53.06741516447834,-3.9149075034625063,-0.013755764203313703,9.350263785939845,7.6938206463436245,-3.5145002223022033,13.902472074567005,13.34318882649481
15.70260500907898,21.661354685352578,18.70822896188592,2.974776322584024,1.6083619311006898,-2.905601822072492,-0.13803196561979808,-0.30428,0.336143,0.30542,0.170061,0.566642,0.600398,-0.538069,-0.559263,0.378599,-0.230446,0.586443,0.240274,0.545733,-0.548205,53.06741516447834,-3.9149075034625063,-0.013755764203313703,9.350263785939845,7.6938206463436245,-3.5145002223022033,13.902472074567005,13.34318882649481
15.803968906402588,19.959338452557997,17.59969494321953,4.445649771040508,1.7760141595578813,-3.049935815894611,0.12248914671836647,-0.304459,0.336542,0.306978,0.176842,0.571796,0.600176,-0.530627,-0.544506,0.374417,-0.236961,0.599795,0.244268,0.534025,-0.543504,53.96816144370943,-3.3063165200674933,-0.16067567300109964,10.452635694316841,6.953032599993014,-3.8453118574155667,14.084622253448828,13.629411781127159
15.80493950843811,19.959338452557997,17.59969494321953,4.445649771040508,1.7760141595578813,-3.049935815894611,0.12248914671836647,-0.304459,0.336542,0.306978,0.176842,0.571796,0.600176,-0.530627,-0.544506,0.374417,-0.236961,0.599795,0.244268,0.534025,-0.543504,53.96816144370943,-3.3063165200674933,-0.16067567300109964,10.452635694316841,6.953032599993014,-3.8453118574155667,14.084622253448828,13.629411781127159
15.904359817504883,17.806684979147978,21.047872853243526,1.7917798684770838,1.8177769825557861,-2.9953200518072,-0.12360039623419909,-0.304731,0.336235,0.306211,0.177286,0.570115,0.600615,-0.531789,-0.549653,0.374196,-0.235634,0.594507,0.241281,0.536501,-0.54819,53.79501281915352,-4.076869825196541,0.1902044720485332,9.230831316866356,8.708527650869357,-3.2938594256424594,13.670949871900092,13.143736175735102
15.90549635887146,17.806684979147978,21.047872853243526,1.7917798684770838,1.8177769825557861,-2.9953200518072,-0.12360039623419909,-0.304731,0.336235,0.306211,0.177286,0.570115,0.600615,-0.531789,-0.549653,0.374196,-0.235634,0.594507,0.241281,0.536501,-0.54819,53.79501281915352,-4.076869825196541,0.1902044720485332,9.230831316866356,8.708527650869357,-3.2938594256424594,13.670949871900092,13.143736175735102
16.006274461746216,19.411791765698833,21.451735818323044,-0.4374099747641002,1.890791655944595,-3.1213118741145562,-0.7224661791339106,-0.304002,0.335499,0.304247,0.167688,0.56634,0.596689,-0.543234,-0.565997,0.377384,-0.228756,0.579577,0.236252,0.546764,-0.556169,52.99121633391119,-4.480940074590244,0.06343147883861633,7.908350808993511,9.14225899199749,-3.1396211610812657,13.885303821911833,12.979186393745977
16.007357358932495,19.411791765698833,21.451735818323044,-0.4374099747641002,1.890791655944595,-3.1213118741145562,-0.7224661791339106,-0.304002,0.335499,0.304247,0.167688,0.56634,0.596689,-0.543234,-0.565997,0.377384,-0.228756,0.579577,0.236252,0.546764,-0.556169,52.99121633391119,-4.480940074590244,0.06343147883861633,7.908350808993511,9.14225899199749,-3.1396211610812657,13.885303821911833,12.979186393745977
16.104068517684937,19.827349435517426,20.315088922674153,-0.45470732975043354,1.8002121024285458,-2.986587082378395,-0.8176952589104342,-0.303611,0.335765,0.303632,0.161723,0.563163,0.598516,-0.546326,-0.574317,0.379929,-0.224356,0.571543,0.235823,0.552653,-0.558839,52.695368432729445,-4.68123695995536,0.4056845298318592,9.553620002614826,10.947907004886893,-3.830066337304409,14.127101548741487,13.762480274826979
16.10543966293335,19.827349435517426,20.315088922674153,-0.45470732975043354,1.8002121024285458,-2.986587082378395,-0.8176952589104342,-0.303611,0.335765,0.303632,0.161723,0.563163,0.598516,-0.546326,-0.574317,0.379929,-0.224356,0.571543,0.235823,0.552653,-0.558839,52.695368432729445,-4.68123695995536,0.4056845298318592,9.553620002614826,10.947907004886893,-3.830066337304409,14.127101548741487,13.762480274826979
16.200942516326904,21.198781051524303,18.12338975544579,0.210159086733447,1.737324896130648,-2.781080483954611,-0.38951924246999403,-0.304147,0.335948,0.304545,0.16491,0.564447,0.598817,-0.543711,-0.566775,0.378096,-0.227818,0.581224,0.235531,0.549008,-0.552534,53.121246739094744,-4.02055519024368,-0.19024832430895344,9.161940948508473,7.020839530918319,-3.4458904324983877,13.83613901267002,13.388736458976
16.20197558403015,21.198781051524303,18.12338975544579,0.210159086733447,1.737324896130648,-2.781080483954611,-0.38951924246999403,-0.304147,0.335948,0.304545,0.16491,0.564447,0.598817,-0.543711,-0.566775,0.378096,-0.227818,0.581224,0.235531,0.549008,-0.552534,53.121246739094744,-4.02055519024368,-0.19024832430895344,9.161940948508473,7.020839530918319,-3.4458904324983877,13.83613901267002,13.388736458976
16.298641443252563,19.183323489365,18.131036852533637,1.4168949165143754,1.8427844855330067,-2.9612144296885563,0.10905360416915535,-0.304603,0.336163,0.305746,0.175647,0.568061,0.599767,-0.535476,-0.553319,0.372987,-0.234801,0.594732,0.239198,0.537421,-0.547956,53.75327910310984,-3.6964799484201936,0.00048812325883851315,8.610163675791753,8.496642113742627,-3.5349586620489717,14.087092454896315,12.98603917218344
16.299649477005005,19.183323489365,18.131036852533637,1.4168949165143754,1.8427844855330067,-2.9612144296885563,0.10905360416915535,-0.304603,0.336163,0.305746,0.175647,0.568061,0.599767,-0.535476,-0.553319,0.372987,-0.234801,0.594732,0.239198,0.537421,-0.547956,53.75327910310984,-3.6964799484201936,0.00048812325883851315,8.610163675791753,8.496642113742627,-3.5349586620489717,14.087092454896315,12.98603917218344
16.404077529907227,18.36637745400504,17.705828958794132,1.9104609430821131,1.9817128651510652,-3.001009939242373,-0.08110355166205407,-0.304684,0.336141,0.305891,0.176054,0.569737,0.599517,-0.533839,-0.549846,0.370782,-0.236956,0.597589,0.237209,0.534144,-0.548917,54.364331271602346,-3.778043627298094,-0.18711144730351847,9.139854409428741,7.074424118023652,-3.4134101544021505,13.698624504417733,13.142422636206165
16.405067920684814,18.36637745400504,17.705828958794132,1.9104609430821131,1.9817128651510652,-3.001009939242373,-0.08110355166205407,-0.304684,0.336141,0.305891,0.176054,0.569737,0.599517,-0.533839,-0.549846,0.370782,-0.236956,0.597589,0.237209,0.534144,-0.548917,54.364331271602346,-3.778043627298094,-0.18711144730351847,9.139854409428741,7.074424118023652,-3.4134101544021505,13.698624504417733,13.142422636206165
16.505407571792603,18.656385934318163,20.046654102237085,0.06922423734844824,1.8020360907764337,-2.8954286478754336,-0.29016238817009093,-0.304644,0.335997,0.305321,0.173265,0.568285,0.599925,-0.535838,-0.557683,0.373817,-0.233161,0.591056,0.236145,0.540351,-0.550371,53.87051406493767,-4.2157021811815,-0.16190292928252248,8.649123146342099,9.335129573306496,-2.989083562726215,13.518252680694918,12.665162331466918
16.50660228729248,18.656385934318163,20.046654102237085,0.06922423734844824,1.8020360907764337,-2.8954286478754336,-0.29016238817009093,-0.304644,0.335997,0.305321,0.173265,0.568285,0.599925,-0.535838,-0.557683,0.373817,-0.233161,0.591056,0.236145,0.540351,-0.550371,53.87051406493767,-4.2157021811815,-0.16190292928252248,8.649123146342099,9.335129573306496,-2.989083562726215,13.518252680694918,12.665162331466918
16.604016304016113,18.925775231746677,22.216517690717197,-1.7648714132917136,1.6691213532518843,-2.9559264492768937,-0.29085653164244935,-0.304155,0.335649,0.304242,0.167734,0.564948,0.598237,-0.542966,-0.569061,0.377526,-0.227575,0.578892,0.234724,0.549605,-0.554728,52.86206078360883,-4.632924301873876,-0.01633661065604919,7.995800121599921,10.297306078739588,-3.4454440342708565,14.254993989216825,13.254688336395933
16.60500454902649,18.925775231746677,22.216517690717197,-1.7648714132917136,1.6691213532518843,-2.9559264492768937,-0.29085653164244935,-0.304155,0.335649,0.304242,0.167734,0.564948,0.598237,-0.542966,-0.569061,0.377526,-0.227575,0.578892,0.234724,0.549605,-0.554728,52.86206078360883,-4.632924301873876,-0.01633661065604919,7.995800121599921,10.297306078739588,-3.4454440342708565,14.254993989216825,13.254688336395933
16.705862045288086,19.222714211954766,20.83296224921931,0.19729966577572525,1.6633836728211464,-2.952671033569072,-0.24485468728372262,-0.303679,0.335659,0.303759,0.162147,0.563193,0.599589,-0.544991,-0.574518,0.378732,-0.224651,0.573367,0.2337,0.55295,-0.557568,52.948223817724376,-4.779352202168576,0.1794731797013931,9.786436968315364,11.126214938764296,-3.7729920250804696,13.887858634506927,13.747803330789566
16.707547903060913,19.222714211954766,20.83296224921931,0.19729966577572525,1.6633836728211464,-2.952671033569072,-0.24485468728372262,-0.303679,0.335659,0.303759,0.162147,0.563193,0.599589,-0.544991,-0.574518,0.378732,-0.224651,0.573367,0.2337,0.55295,-0.557568,52.948223817724376,-4.779352202168576,0.1794731797013931,9.786436968315364,11.126214938764296,-3.7729920250804696,13.887858634506927,13.747803330789566
16.804440021514893,18.922168138641947,18.426168337477648,0.6245271026140586,1.5390468267772683,-2.6240412868787453,-0.01892675010269885,-0.303994,0.335759,0.304242,0.166519,0.563733,0.600307,-0.542317,-0.570146,0.378545,-0.226322,0.578993,0.234387,0.552419,-0.551963,52.80655520401527,-4.5492756810904105,-0.14428480820626,8.799296572235509,9.93494769617574,-3.3161346131232534,13.907993658321054,13.210948351573817
16.80549693107605,18.922168138641947,18.426168337477648,0.6245271026140586,1.5390468267772683,-2.6240412868787453,-0.01892675010269885,-0.303994,0.335759,0.304242,0.166519,0.563733,0.600307,-0.542317,-0.570146,0.378545,-0.226322,0.578993,0.234387,0.552419,-0.551963,52.80655520401527,-4.5492756810904105,-0.14428480820626,8.799296572235509,9.93494769617574,-3.3161346131232534,13.907993658321054,13.210948351573817
16.905500411987305,18.510995042443664,18.071228079256525,0.8987104684583206,1.4931728794044894,-2.5160141763283823,0.2086528933247933,-0.304536,0.336016,0.305288,0.17032,0.566712,0.599913,-0.538454,-0.562202,0.377058,-0.230034,0.588457,0.235545,0.547949,-0.545884,53.19056723300539,-4.003574678142529,-0.7295988126777875,8.76117616172041,7.83096122226431,-3.270521476561342,13.70698896271687,12.958271922099561
16.90658450126648,18.510995042443664,18.071228079256525,0.8987104684583206,1.4931728794044894,-2.5160141763283823,0.2086528933247933,-0.304536,0.336016,0.305288,0.17032,0.566712,0.599913,-0.538454,-0.562202,0.377058,-0.230034,0.588457,0.235545,0.547949,-0.545884,53.19056723300539,-4.003574678142529,-0.7295988126777875,8.76117616172041,7.83096122226431,-3.270521476561342,13.70698896271687,12.958271922099561
17.004727840423584,15.721431775586554,19.132500726378726,0.814054353649027,1.5057930271178475,-2.572328134925647,0.30880995500523306,-0.304538,0.335891,0.305138,0.172588,0.566793,0.599489,-0.538119,-0.56127,0.376259,-0.230745,0.588677,0.236123,0.546672,-0.546677,53.0729521714338,-4.1170214509410155,-0.5359863731811458,8.113715004838655,8.665793234049932,-3.1999616875265673,13.85708807992411,12.815546692493431
17.00575304031372,15.721431775586554,19.132500726378726,0.814054353649027,1.5057930271178475,-2.572328134925647,0.30880995500523306,-0.304538,0.335891,0.305138,0.172588,0.566793,0.599489,-0.538119,-0.56127,0.376259,-0.230745,0.588677,0.236123,0.546672,-0.546677,53.0729521714338,-4.1170214509410155,-0.5359863731811458,8.113715004838655,8.665793234049932,-3.1999616875265673,13.85708807992411,12.815546692493431
17.1064236164093,16.056369707666185,18.559848250151507,-0.87377124127995,1.3153869267487999,-2.333197573472655,0.023621962065416516,-0.304525,0.335705,0.304322,0.168639,0.563971,0.599272,-0.542559,-0.569087,0.379685,-0.226606,0.579759,0.236448,0.553575,-0.549114,52.27529899644169,-4.369685802900353,-0.27383493263955394,7.959251169139195,9.283208196078744,-3.505610858691199,14.32474729925166,13.301325274187771
17.107418537139893,16.056369707666185,18.559848250151507,-0.87377124127995,1.3153869267487999,-2.333197573472655,0.023621962065416516,-0.304525,0.335705,0.304322,0.168639,0.563971,0.599272,-0.542559,-0.569087,0.379685,-0.226606,0.579759,0.236448,0.553575,-0.549114,52.27529899644169,-4.369685802900353,-0.27383493263955394,7.959251169139195,9.283208196078744,-3.505610858691199,14.32474729925166,13.301325274187771
17.207746028900146,16.344432934787008,16.771094287409216,-1.530200148045879,1.2090290073678287,-2.053670724429713,-0.02071155275183038,-0.304385,0.335733,0.303888,0.164439,0.562085,0.599932,-0.545071,-0.575136,0.382358,-0.223057,0.574158,0.234997,0.559432,-0.549686,51.95209280924157,-4.554693717413716,-0.3622774789290286,8.330057960046954,9.243951554747554,-3.430754520896258,14.144437087082771,13.404944070663076
17.208725214004517,16.344432934787008,16.771094287409216,-1.530200148045879,1.2090290073678287,-2.053670724429713,-0.02071155275183038,-0.304385,0.335733,0.303888,0.164439,0.562085,0.599932,-0.545071,-0.575136,0.382358,-0.223057,0.574158,0.234997,0.559432,-0.549686,51.95209280924157,-4.554693717413716,-0.3622774789290286,8.330057960046954,9.243951554747554,-3.430754520896258,14.144437087082771,13.404944070663076
17.303564071655273,14.953011308221965,16.13604386341816,-1.3882001383198335,1.1523112890610292,-1.8419688878759624,0.3534810594365867,-0.304388,0.335622,0.303889,0.166137,0.562869,0.599549,-0.544167,-0.573364,0.380252,-0.224514,0.57908,0.233751,0.557364,-0.547149,52.23128306088795,-4.284954839059061,-0.7430932748967116,8.005023007406319,9.221020856338818,-3.132674828143408,13.957987458945055,12.870843587298744
17.30455255508423,14.953011308221965,16.13604386341816,-1.3882001383198335,1.1523112890610292,-1.8419688878759624,0.3534810594365867,-0.304388,0.335622,0.303889,0.166137,0.562869,0.599549,-0.544167,-0.573364,0.380252,-0.224514,0.57908,0.233751,0.557364,-0.547149,52.23128306088795,-4.284954839059061,-0.7430932748967116,8.005023007406319,9.221020856338818,-3.132674828143408,13.957987458945055,12.870843587298744
17.40946078300476,13.37184213701143,15.840899985365873,-1.0176239907161861,1.1446460168411938,-1.738954647543092,0.604295489839335,-0.304705,0.335672,0.304163,0.170561,0.563177,0.600475,-0.541452,-0.570207,0.376475,-0.227459,0.585652,0.229926,0.554363,-0.544818,52.73143711693397,-4.344915481258576,-1.0761984982353692,7.015380669915918,8.807444627735897,-2.915786096309091,13.8801301477352,12.594762090786544
17.410555124282837,13.37184213701143,15.840899985365873,-1.0176239907161861,1.1446460168411938,-1.738954647543092,0.604295489839335,-0.304705,0.335672,0.304163,0.170561,0.563177,0.600475,-0.541452,-0.570207,0.376475,-0.227459,0.585652,0.229926,0.554363,-0.544818,52.73143711693397,-4.344915481258576,-1.0761984982353692,7.015380669915918,8.807444627735897,-2.915786096309091,13.8801301477352,12.594762090786544
17.512531042099,13.296759551215043,14.372244354710045,-0.9819920953739459,1.0467951909017827,-1.5882712056788717,0.5573255461024753,-0.304862,0.335776,0.304242,0.169624,0.562733,0.59972,-0.543042,-0.570923,0.37576,-0.227478,0.586102,0.228767,0.554627,-0.544554,52.76809498327268,-4.159198648260494,-1.272772901857378,7.1353467491062155,7.7115283180112035,-3.3125414140014655,14.140378985041856,12.969776843148002
17.513550996780396,13.296759551215043,14.372244354710045,-0.9819920953739459,1.0467951909017827,-1.5882712056788717,0.5573255461024753,-0.304862,0.335776,0.304242,0.169624,0.562733,0.59972,-0.543042,-0.570923,0.37576,-0.227478,0.586102,0.228767,0.554627,-0.544554,52.76809498327268,-4.159198648260494,-1.272772901857378,7.1353467491062155,7.7115283180112035,-3.3125414140014655,14.140378985041856,12.969776843148002
17.612567901611328,13.208805565162958,14.591407647059912,-2.17761216276948,1.0364151418366176,-1.3914053221320566,0.4872237795245231,-0.304945,0.335665,0.304042,0.168868,0.563489,0.600021,-0.542161,-0.573361,0.376411,-0.226426,0.584447,0.227064,0.55736,-0.544254,52.748719559087924,-4.533456117351323,-1.5407865261202112,7.487521750923513,8.71564545103033,-3.1081648340019683,13.796461194359559,12.924054593895375
17.613940000534058,13.208805565162958,14.591407647059912,-2.17761216276948,1.0364151418366176,-1.3914053221320566,0.4872237795245231,-0.304945,0.335665,0.304042,0.168868,0.563489,0.600021,-0.542161,-0.573361,0.376411,-0.226426,0.584447,0.227064,0.55736,-0.544254,52.748719559087924,-4.533456117351323,-1.5407865261202112,7.487521750923513,8.71564545103033,-3.1081648340019683,13.796461194359559,12.924054593895375
17.713384866714478,12.03874229047851,13.29390589197604,-3.57620332223001,1.017054736982678,-1.1791879344129192,0.42106918828465895,-0.304996,0.33567,0.303944,0.167594,0.563316,0.60039,-0.542328,-0.573388,0.375563,-0.226768,0.584514,0.227232,0.556331,-0.545165,52.96443005855631,-4.430259050821395,-1.4336180579155648,8.493537599360522,8.73099046493908,-3.4843181731042137,13.899004836306235,13.301487814630027
17.714367151260376,12.03874229047851,13.29390589197604,-3.57620332223001,1.017054736982678,-1.1791879344129192,0.42106918828465895,-0.304996,0.33567,0.303944,0.167594,0.563316,0.60039,-0.542328,-0.573388,0.375563,-0.226768,0.584514,0.227232,0.556331,-0.545165,52.96443005855631,-4.430259050821395,-1.4336180579155648,8.493537599360522,8.73099046493908,-3.4843181731042137,13.899004836306235,13.301487814630027
17.81381106376648,11.915160284277363,12.740388693888868,-3.7763526807632877,1.0575703292601557,-1.163290886142136,0.48213397272616576,-0.304957,0.335499,0.30379,0.167675,0.563703,0.599401,-0.542993,-0.571802,0.372592,-0.2286,0.58883,0.224005,0.554452,-0.543768,53.40518584187104,-4.12628656689154,-1.952505407711394,8.449450512871708,6.782678495336915,-3.5369395936784827,13.891491591450286,13.362887414981069
17.814839601516724,11.915160284277363,12.740388693888868,-3.7763526807632877,1.0575703292601557,-1.163290886142136,0.48213397272616576,-0.304957,0.335499,0.30379,0.167675,0.563703,0.599401,-0.542993,-0.571802,0.372592,-0.2286,0.58883,0.224005,0.554452,-0.543768,53.40518584187104,-4.12628656689154,-1.952505407711394,8.449450512871708,6.782678495336915,-3.5369395936784827,13.891491591450286,13.362887414981069
17.90951943397522,11.412637837663437,12.167118092065616,-2.7293279036170155,1.0611006838349208,-1.2529800212590971,0.5742734661853905,-0.304974,0.335528,0.303811,0.169681,0.563612,0.600406,-0.541352,-0.571412,0.370025,-0.229788,0.58996,0.222605,0.551734,-0.54588,53.76616604451783,-4.413096863614545,-1.680002492112406,8.47663987803007,8.713278075967695,-3.68798837109194,13.978780850533793,13.430337178161082
17.910513877868652,11.412637837663437,12.167118092065616,-2.7293279036170155,1.0611006838349208,-1.2529800212590971,0.5742734661853905,-0.304974,0.335528,0.303811,0.169681,0.563612,0.600406,-0.541352,-0.571412,0.370025,-0.229788,0.58996,0.222605,0.551734,-0.54588,53.76616604451783,-4.413096863614545,-1.680002492112406,8.47663987803007,8.713278075967695,-3.68798837109194,13.978780850533793,13.430337178161082
18.008816480636597,12.062435923724031,12.063116937872444,-3.689762724440004,1.031047898521906,-1.108630159239384,0.5384828834413782,-0.305032,0.335672,0.303709,0.168157,0.563992,0.598513,-0.543524,-0.572214,0.369421,-0.229887,0.590621,0.222977,0.55106,-0.545693,53.76388038365415,-4.021623876579913,-1.8923916108755936,8.908341431539544,8.46344726773986,-4.2824800846149955,14.535736874818614,13.830036601133157
18.009818077087402,12.062435923724031,12.063116937872444,-3.689762724440004,1.031047898521906,-1.108630159239384,0.5384828834413782,-0.305032,0.335672,0.303709,0.168157,0.563992,0.598513,-0.543524,-0.572214,0.369421,-0.229887,0.590621,0.222977,0.55106,-0.545693,53.76388038365415,-4.021623876579913,-1.8923916108755936,8.908341431539544,8.46344726773986,-4.2824800846149955,14.535736874818614,13.830036601133157
18.107664585113525,11.353895107323067,11.363867097432482,-3.6847963475607233,0.99265882490167,-1.0268487789966945,0.5112194252672588,-0.305051,0.335591,0.303656,0.168769,0.563054,0.598522,-0.544297,-0.572051,0.368254,-0.230345,0.591891,0.220238,0.550788,-0.545704,53.92181971368524,-4.018235531050291,-2.0367606064562516,7.872443087074089,6.95788134059446,-3.907619480892258,14.297821236263374,13.51906882926318
18.10864806175232,11.353895107323067,11.363867097432482,-3.6847963475607233,0.99265882490167,-1.0268487789966945,0.5112194252672588,-0.305051,0.335591,0.303656,0.168769,0.563054,0.598522,-0.544297,-0.572051,0.368254,-0.230345,0.591891,0.220238,0.550788,-0.545704,53.92181971368524,-4.018235531050291,-2.0367606064562516,7.872443087074089,6.95788134059446,-3.907619480892258,14.297821236263374,13.51906882926318
18.203844785690308,10.78939498895297,10.593910363231709,-3.7492547178830438,0.9509309853719752,-0.954696678524945,0.4601588638861075,-0.305051,0.335584,0.303607,0.1694,0.563426,0.598518,-0.543719,-0.571167,0.367298,-0.231083,0.593353,0.219763,0.549735,-0.545368,54.066717825779556,-3.9877652823408787,-2.107218093158636,7.973710259115471,7.037964244729699,-3.898237850417914,14.247876227464133,13.465666995726167
18.204835414886475,10.78939498895297,10.593910363231709,-3.7492547178830438,0.9509309853719752,-0.954696678524945,0.4601588638861075,-0.305051,0.335584,0.303607,0.1694,0.563426,0.598518,-0.543719,-0.571167,0.367298,-0.231083,0.593353,0.219763,0.549735,-0.545368,54.066717825779556,-3.9877652823408787,-2.107218093158636,7.973710259115471,7.037964244729699,-3.898237850417914,14.247876227464133,13.465666995726167
18.30476713180542,10.205940561564903,10.480675348587384,-4.141366077348991,0.8947045721343344,-0.8127825012641385,0.43150883928958406,-0.305127,0.335665,0.303665,0.168758,0.564198,0.598849,-0.542753,-0.570766,0.367187,-0.231353,0.594138,0.220961,0.547844,-0.545933,54.31121921756465,-3.8959320608094914,-1.9830818244249517,8.605423931495055,8.209817650017861,-3.8749152497184056,14.146522601568762,13.283626589037617
18.305737495422363,10.205940561564903,10.480675348587384,-4.141366077348991,0.8947045721343344,-0.8127825012641385,0.43150883928958406,-0.305127,0.335665,0.303665,0.168758,0.564198,0.598849,-0.542753,-0.570766,0.367187,-0.231353,0.594138,0.220961,0.547844,-0.545933,54.31121921756465,-3.8959320608094914,-1.9830818244249517,8.605423931495055,8.209817650017861,-3.8749152497184056,14.146522601568762,13.283626589037617
18.410017013549805,9.829430303220583,10.336735774158631,-3.704367498596499,0.8736409323670985,-0.7921698433619548,0.4500882182576603,-0.305152,0.335635,0.303601,0.169043,0.563929,0.598687,-0.543123,-0.571181,0.367431,-0.231121,0.593141,0.220583,0.549056,-0.545952,54.14836923398458,-4.010990826333984,-2.008625230780085,8.441044796555465,7.826882016508597,-3.940248337191939,14.203572328107876,13.453560558659001
18.41132378578186,9.829430303220583,10.336735774158631,-3.704367498596499,0.8736409323670985,-0.7921698433619548,0.4500882182576603,-0.305152,0.335635,0.303601,0.169043,0.563929,0.598687,-0.543123,-0.571181,0.367431,-0.231121,0.593141,0.220583,0.549056,-0.545952,54.14836923398458,-4.010990826333984,-2.008625230780085,8.441044796555465,7.826882016508597,-3.940248337191939,14.203572328107876,13.453560558659001
18.50998568534851,9.742537977157271,10.506278486743803,-4.1591926437991225,0.8366085441665803,-0.7036457709077294,0.4942719729334861,-0.305175,0.335677,0.303703,0.169341,0.56373,0.598879,-0.543024,-0.571924,0.36835,-0.23044,0.592723,0.219415,0.551713,-0.544196,53.94516222581474,-4.1384026199115205,-2.2735180271165625,8.05107004818988,7.11390260971134,-3.784737613321738,14.103291523475058,13.465583871397014
18.5113468170166,9.742537977157271,10.506278486743803,-4.1591926437991225,0.8366085441665803,-0.7036457709077294,0.4942719729334861,-0.305175,0.335677,0.303703,0.169341,0.56373,0.598879,-0.543024,-0.571924,0.36835,-0.23044,0.592723,0.219415,0.551713,-0.544196,53.94516222581474,-4.1384026199115205,-2.2735180271165625,8.05107004818988,7.11390260971134,-3.784737613321738,14.103291523475058,13.465583871397014
18.608488082885742,9.826024193437668,10.661701828162027,-4.230325926373069,0.836037782888033,-0.7003748855029263,0.5233686202657927,-0.30518,0.335677,0.30363,0.168943,0.56385,0.598701,-0.54322,-0.572106,0.368721,-0.230205,0.593439,0.219373,0.552111,-0.543028,53.933592154028794,-4.002595920248371,-2.435299285090691,7.956278592216545,6.861211568717795,-3.553249578102168,13.911183192483783,13.155863108570852
18.609482049942017,9.826024193437668,10.661701828162027,-4.230325926373069,0.836037782888033,-0.7003748855029263,0.5233686202657927,-0.30518,0.335677,0.30363,0.168943,0.56385,0.598701,-0.54322,-0.572106,0.368721,-0.230205,0.593439,0.219373,0.552111,-0.543028,53.933592154028794,-4.002595920248371,-2.435299285090691,7.956278592216545,6.861211568717795,-3.553249578102168,13.911183192483783,13.155863108570852
18.70642066001892,9.784740724133034,10.710083615739544,-4.344978069249582,0.8621330295282018,-0.7227147259241956,0.5432519459095956,-0.305187,0.335657,0.303571,0.16918,0.563764,0.598696,-0.543242,-0.572265,0.368507,-0.230262,0.592933,0.219492,0.551986,-0.543659,53.90762411412205,-4.070713624747357,-2.3455108087224534,8.009647998806438,7.1939626089191915,-3.6651969541153235,14.002223311966363,13.270090284041265
18.70742106437683,9.784740724133034,10.710083615739544,-4.344978069249582,0.8621330295282018,-0.7227147259241956,0.5432519459095956,-0.305187,0.335657,0.303571,0.16918,0.563764,0.598696,-0.543242,-0.572265,0.368507,-0.230262,0.592933,0.219492,0.551986,-0.543659,53.90762411412205,-4.070713624747357,-2.3455108087224534,8.009647998806438,7.1939626089191915,-3.6651969541153235,14.002223311966363,13.270090284041265
18.805901050567627,9.431764415660624,11.02392658613024,-3.8962904069754445,0.8611262304507529,-0.7635904375649163,0.5954368422777829,-0.305182,0.335674,0.303581,0.16865,0.563868,0.598833,-0.543147,-0.572487,0.368063,-0.230324,0.592569,0.219834,0.551474,-0.544437,53.990969212366316,-4.0794441544343165,-2.2499583266646166,8.661897201871176,7.740202468209867,-3.987824264950227,14.205603971250413,13.589123588887482
18.807016611099243,9.431764415660624,11.02392658613024,-3.8962904069754445,0.8611262304507529,-0.7635904375649163,0.5954368422777829,-0.305182,0.335674,0.303581,0.16865,0.563868,0.598833,-0.543147,-0.572487,0.368063,-0.230324,0.592569,0.219834,0.551474,-0.544437,53.990969212366316,-4.0794441544343165,-2.2499583266646166,8.661897201871176,7.740202468209867,-3.987824264950227,14.205603971250413,13.589123588887482
18.902240753173828,9.370963329191955,11.175272557828233,-4.221876090909205,0.8622597966820774,-0.7233992169548417,0.6007296979888838,-0.305198,0.33562,0.303509,0.169837,0.564457,0.597898,-0.543195,-0.573024,0.367707,-0.230256,0.593431,0.21878,0.551219,-0.544181,53.97557044914321,-4.1417665374229,-2.440220675299784,7.688428842617304,8.475846559873618,-3.4704776789694094,13.897341355733442,12.91896005045584
18.9032084941864,9.370963329191955,11.175272557828233,-4.221876090909205,0.8622597966820774,-0.7233992169548417,0.6007296979888838,-0.305198,0.33562,0.303509,0.169837,0.564457,0.597898,-0.543195,-0.573024,0.367707,-0.230256,0.593431,0.21878,0.551219,-0.544181,53.97557044914321,-4.1417665374229,-2.440220675299784,7.688428842617304,8.475846559873618,-3.4704776789694094,13.897341355733442,12.91896005045584
19.00096106529236,9.665180148475063,10.964948819838856,-4.227896795185292,0.8723868433607974,-0.6884233411572104,0.6187351564942082,-0.30523,0.335666,0.303522,0.168144,0.564783,0.598773,-0.542419,-0.573244,0.367476,-0.230264,0.593375,0.21789,0.551541,-0.544272,54.25645760430753,-4.198392834469546,-2.5360318311377092,8.864552369308,8.171878577784895,-3.6499656106248537,13.812164355486425,13.278655650054839
19.001962661743164,9.665180148475063,10.964948819838856,-4.227896795185292,0.8723868433607974,-0.6884233411572104,0.6187351564942082,-0.30523,0.335666,0.303522,0.168144,0.564783,0.598773,-0.542419,-0.573244,0.367476,-0.230264,0.593375,0.21789,0.551541,-0.544272,54.25645760430753,-4.198392834469546,-2.5360318311377092,8.864552369308,8.171878577784895,-3.6499656106248537,13.812164355486425,13.278655650054839
19.098906755447388,9.341902176120115,10.480609220546148,-4.380642067323626,0.8566226894026123,-0.6135040846628992,0.584568230935359,-0.305197,0.335688,0.303588,0.168752,0.563898,0.598785,-0.543137,-0.572458,0.367167,-0.230707,0.594618,0.218802,0.550412,-0.543692,54.198385320572555,-3.920214897639187,-2.407051381315558,8.358980858500203,7.833946753949655,-3.8268957942277027,14.09990102662279,13.23763447923785
19.099937677383423,9.341902176120115,10.480609220546148,-4.380642067323626,0.8566226894026123,-0.6135040846628992,0.584568230935359,-0.305197,0.335688,0.303588,0.168752,0.563898,0.598785,-0.543137,-0.572458,0.367167,-0.230707,0.594618,0.218802,0.550412,-0.543692,54.198385320572555,-3.920214897639187,-2.407051381315558,8.358980858500203,7.833946753949655,-3.8268957942277027,14.09990102662279,13.23763447923785
19.199825286865234,10.093318103083572,11.050018962128435,-3.7814832983192646,0.9402792872513376,-0.751640553568258,0.6631967324502377,-0.305171,0.335646,0.303665,0.16919,0.563528,0.598791,-0.543379,-0.572257,0.366098,-0.231091,0.594984,0.216892,0.55027,-0.544202,54.31875869289737,-4.021377809723935,-2.4797508979656957,8.047936053937445,7.029750063588297,-3.8394157277350303,14.119324342013966,13.410174861341936
19.20088028907776,10.093318103083572,11.050018962128435,-3.7814832983192646,0.9402792872513376,-0.751640553568258,0.6631967324502377,-0.305171,0.335646,0.303665,0.16919,0.563528,0.598791,-0.543379,-0.572257,0.366098,-0.231091,0.594984,0.216892,0.55027,-0.544202,54.31875869289737,-4.021377809723935,-2.4797508979656957,8.047936053937445,7.029750063588297,-3.8394157277350303,14.119324342013966,13.410174861341936
19.293375492095947,9.563357982748945,11.044693884595024,-2.992766741057736,1.0691315085440152,-0.8526221320215643,0.6121039851052482,-0.305227,0.335623,0.303663,0.170943,0.563619,0.601302,-0.539951,-0.572024,0.365562,-0.231368,0.595343,0.216698,0.549355,-0.54481,54.56503582472231,-4.442397909681057,-2.1794294311927214,8.338952877242818,9.465240753665158,-3.456181530044212,13.74982477600133,13.085851860208267
19.294668197631836,9.563357982748945,11.044693884595024,-2.992766741057736,1.0691315085440152,-0.8526221320215643,0.6121039851052482,-0.305227,0.335623,0.303663,0.170943,0.563619,0.601302,-0.539951,-0.572024,0.365562,-0.231368,0.595343,0.216698,0.549355,-0.54481,54.56503582472231,-4.442397909681057,-2.1794294311927214,8.338952877242818,9.465240753665158,-3.456181530044212,13.74982477600133,13.085851860208267
19.404502391815186,9.583288639603774,10.485475416942336,-3.6291211477903267,1.048602389720142,-0.784054171237056,0.5741407420484723,-0.305202,0.335622,0.303692,0.171322,0.563077,0.600133,-0.541695,-0.57185,0.368205,-0.230445,0.593795,0.219993,0.552332,-0.542163,53.76979160392763,-4.165011202530714,-2.20769136081187,7.853814254989491,8.296399399856861,-3.799645108021288,14.19405517421655,13.318784711867568
19.40550422668457,9.583288639603774,10.485475416942336,-3.6291211477903267,1.048602389720142,-0.784054171237056,0.5741407420484723,-0.305202,0.335622,0.303692,0.171322,0.563077,0.600133,-0.541695,-0.57185,0.368205,-0.230445,0.593795,0.219993,0.552332,-0.542163,53.76979160392763,-4.165011202530714,-2.20769136081187,7.853814254989491,8.296399399856861,-3.799645108021288,14.19405517421655,13.318784711867568
19.503419637680054,10.833874414743708,11.098819779228263,-3.5369585258910177,1.1592823255751667,-0.8243796802994657,0.5034822032794947,-0.305184,0.335694,0.303776,0.169531,0.563672,0.599522,-0.542316,-0.571871,0.37127,-0.229134,0.590975,0.224443,0.554446,-0.541261,53.259132332648996,-3.9850757825686585,-2.0808948973072443,8.977463756507456,8.171751956198811,-4.193426991887939,14.475997365980852,13.768053100577871
19.504754304885864,10.833874414743708,11.098819779228263,-3.5369585258910177,1.1592823255751667,-0.8243796802994657,0.5034822032794947,-0.305184,0.335694,0.303776,0.169531,0.563672,0.599522,-0.542316,-0.571871,0.37127,-0.229134,0.590975,0.224443,0.554446,-0.541261,53.259132332648996,-3.9850757825686585,-2.0808948973072443,8.977463756507456,8.171751956198811,-4.193426991887939,14.475997365980852,13.768053100577871
19.59953236579895,10.504051597301345,11.928014236500099,-2.926199455058084,1.3214713706582615,-1.0212562550539566,0.566889044565021,-0.305151,0.335716,0.303975,0.170014,0.563857,0.599606,-0.541879,-0.571073,0.371638,-0.229215,0.590778,0.224726,0.554432,-0.541373,53.220840604867,-4.063933909299852,-2.033023921719767,8.816497235746102,7.894973636240212,-4.123469715837857,14.41186507919498,13.770059386861968
19.600520610809326,10.504051597301345,11.928014236500099,-2.926199455058084,1.3214713706582615,-1.0212562550539566,0.566889044565021,-0.305151,0.335716,0.303975,0.170014,0.563857,0.599606,-0.541879,-0.571073,0.371638,-0.229215,0.590778,0.224726,0.554432,-0.541373,53.220840604867,-4.063933909299852,-2.033023921719767,8.816497235746102,7.894973636240212,-4.123469715837857,14.41186507919498,13.770059386861968
19.696829795837402,9.848712796507918,10.925076902394675,-2.6469547634902186,1.347540232647786,-1.011582954065397,0.4610350128811225,-0.305231,0.335576,0.303775,0.169157,0.564837,0.599604,-0.541128,-0.569842,0.371457,-0.229794,0.5921,0.225846,0.553338,-0.540582,53.39067325350191,-3.8692246800287085,-2.1101409752619844,9.785602705756302,7.801707627589041,-4.057056428881474,14.254411317263035,13.728188588372134
19.697819709777832,9.848712796507918,10.925076902394675,-2.6469547634902186,1.347540232647786,-1.011582954065397,0.4610350128811225,-0.305231,0.335576,0.303775,0.169157,0.564837,0.599604,-0.541128,-0.569842,0.371457,-0.229794,0.5921,0.225846,0.553338,-0.540582,53.39067325350191,-3.8692246800287085,-2.1101409752619844,9.785602705756302,7.801707627589041,-4.057056428881474,14.254411317263035,13.728188588372134
19.791748523712158,10.838647302411522,10.9957281602547,-2.5510104827909483,1.311999518597736,-1.0027703351753774,0.45374371104592803,-0.305286,0.335663,0.304047,0.171601,0.56488,0.599301,-0.540651,-0.568226,0.372733,-0.229914,0.591332,0.229103,0.553629,-0.539754,52.865676402431546,-3.886206292110638,-1.8345939784664402,9.32526504829737,8.286264771477743,-4.386978242867876,14.69431558553312,13.972687397318412
19.792727947235107,10.838647302411522,10.9957281602547,-2.5510104827909483,1.311999518597736,-1.0027703351753774,0.45374371104592803,-0.305286,0.335663,0.304047,0.171601,0.56488,0.599301,-0.540651,-0.568226,0.372733,-0.229914,0.591332,0.229103,0.553629,-0.539754,52.865676402431546,-3.886206292110638,-1.8345939784664402,9.32526504829737,8.286264771477743,-4.386978242867876,14.69431558553312,13.972687397318412
19.88671851158142,11.419729457584761,11.437966879116278,-2.318731142804183,1.3270221544370586,-0.9967297389930085,0.45606134652306146,-0.305243,0.335162,0.303413,0.173829,0.564138,0.598815,-0.541251,-0.567399,0.372871,-0.230155,0.5903,0.23101,0.553441,-0.540262,52.44392680758168,-3.914268700119655,-1.50390162443132,8.318702829708606,8.489087826004653,-3.99191791490329,14.577782636286939,13.496824591357813
19.887980222702026,11.419729457584761,11.437966879116278,-2.318731142804183,1.3270221544370586,-0.9967297389930085,0.45606134652306146,-0.305243,0.335162,0.303413,0.173829,0.564138,0.598815,-0.541251,-0.567399,0.372871,-0.230155,0.5903,0.23101,0.553441,-0.540262,52.44392680758168,-3.914268700119655,-1.50390162443132,8.318702829708606,8.489087826004653,-3.99191791490329,14.577782636286939,13.496824591357813
19.987128496170044,10.979724336195494,11.679956477644685,-2.107362607593307,1.3480835251608263,-1.0040270990401967,0.47501314825662416,-0.305183,0.334656,0.302708,0.173908,0.56451,0.599071,-0.540553,-0.566609,0.371921,-0.230849,0.590114,0.230444,0.553295,-0.540857,52.55340452109786,-4.071731110765706,-1.4985867644001267,8.902738236635965,8.16994758512622,-3.6380426621125466,14.056846537987978,13.339499197011577
19.9881649017334,10.979724336195494,11.679956477644685,-2.107362607593307,1.3480835251608263,-1.0040270990401967,0.47501314825662416,-0.305183,0.334656,0.302708,0.173908,0.56451,0.599071,-0.540553,-0.566609,0.371921,-0.230849,0.590114,0.230444,0.553295,-0.540857,52.55340452109786,-4.071731110765706,-1.4985867644001267,8.902738236635965,8.16994758512622,-3.6380426621125466,14.056846537987978,13.339499197011577
20.08217453956604,12.293451114945452,12.01755961527927,-1.9179322295000618,1.3604394357483323,-1.0258697014753626,0.4779847931103009,-0.305176,0.334959,0.303306,0.174774,0.564578,0.598352,-0.541,-0.565295,0.371191,-0.231555,0.592935,0.23107,0.550203,-0.540658,52.723510082339956,-3.715494446288505,-1.4622477309452844,8.034026536861006,8.39600895035904,-3.7338669901557964,14.410602031733342,13.069218808709996
20.083186626434326,12.293451114945452,12.01755961527927,-1.9179322295000618,1.3604394357483323,-1.0258697014753626,0.4779847931103009,-0.305176,0.334959,0.303306,0.174774,0.564578,0.598352,-0.541,-0.565295,0.371191,-0.231555,0.592935,0.23107,0.550203,-0.540658,52.723510082339956,-3.715494446288505,-1.4622477309452844,8.034026536861006,8.39600895035904,-3.7338669901557964,14.410602031733342,13.069218808709996
20.179521322250366,11.433301437283458,11.445872854992116,-1.8327224746989537,1.3803031644400232,-1.0415085344743338,0.47192167150713626,-0.305215,0.3346,0.302782,0.175952,0.565459,0.598686,-0.539325,-0.563925,0.369323,-0.232932,0.593517,0.230205,0.550059,-0.540535,52.82899416573946,-3.972405000724175,-1.5455506006610484,9.191045208554433,8.563634895295756,-3.993329948013759,14.358111739329715,13.618556095615064
20.18049144744873,11.433301437283458,11.445872854992116,-1.8327224746989537,1.3803031644400232,-1.0415085344743338,0.47192167150713626,-0.305215,0.3346,0.302782,0.175952,0.565459,0.598686,-0.539325,-0.563925,0.369323,-0.232932,0.593517,0.230205,0.550059,-0.540535,52.82899416573946,-3.972405000724175,-1.5455506006610484,9.191045208554433,8.563634895295756,-3.993329948013759,14.358111739329715,13.618556095615064
20.27537441253662,11.563984338025088,12.088111486520864,-1.9854933524574765,1.3313746234152408,-1.0012863014216142,0.5470825462854574,-0.305246,0.334641,0.302928,0.175447,0.565716,0.598676,-0.539232,-0.56317,0.368729,-0.233469,0.594688,0.230304,0.548748,-0.540539,53.02618032635486,-3.8202961481710553,-1.5647357352754252,9.551529377243284,8.32830556831258,-4.194296265413037,14.496789531071913,13.78952017678259
20.276346921920776,11.563984338025088,12.088111486520864,-1.9854933524574765,1.3313746234152408,-1.0012863014216142,0.5470825462854574,-0.305246,0.334641,0.302928,0.175447,0.565716,0.598676,-0.539232,-0.56317,0.368729,-0.233469,0.594688,0.230304,0.548748,-0.540539,53.02618032635486,-3.8202961481710553,-1.5647357352754252,9.551529377243284,8.32830556831258,-4.194296265413037,14.496789531071913,13.78952017678259
20.38812804222107,11.565950122853033,12.234099571495083,-1.9729187126741334,1.3379968729787604,-0.9813000138144294,0.45838429468422415,-0.30531,0.334705,0.302945,0.17527,0.565734,0.598319,-0.539666,-0.564147,0.368519,-0.233197,0.594346,0.228652,0.549838,-0.540508,53.024885558298415,-3.93383766338351,-1.7628512355931178,9.409895356383066,7.96061913852532,-4.195317029413204,14.461445480267615,13.861376398802605
20.389109134674072,11.565950122853033,12.234099571495083,-1.9729187126741334,1.3379968729787604,-0.9813000138144294,0.45838429468422415,-0.30531,0.334705,0.302945,0.17527,0.565734,0.598319,-0.539666,-0.564147,0.368519,-0.233197,0.594346,0.228652,0.549838,-0.540508,53.024885558298415,-3.93383766338351,-1.7628512355931178,9.409895356383066,7.96061913852532,-4.195317029413204,14.461445480267615,13.861376398802605
20.483625650405884,11.546461811999919,11.719951230969476,-2.2407612994302997,1.2997404660686673,-0.9332268500735978,0.46483571929273415,-0.305297,0.334647,0.302824,0.175027,0.565804,0.598717,-0.53923,-0.564567,0.367802,-0.233424,0.595247,0.226895,0.549719,-0.540378,53.25792101012509,-3.9928944243166415,-1.9172774963750907,9.362732224059556,7.976464253627375,-3.9904888623915156,14.230093625033584,13.66703983371475
20.48503541946411,11.546461811999919,11.719951230969476,-2.2407612994302997,1.2997404660686673,-0.9332268500735978,0.46483571929273415,-0.305297,0.334647,0.302824,0.175027,0.565804,0.598717,-0.53923,-0.564567,0.367802,-0.233424,0.595247,0.226895,0.549719,-0.540378,53.25792101012509,-3.9928944243166415,-1.9172774963750907,9.362732224059556,7.976464253627375,-3.9904888623915156,14.230093625033584,13.66703983371475
20.58086109161377,11.608202690207724,11.918776720517636,-2.1600724801499,1.293476157531404,-0.9320418067613432,0.44545755225792866,-0.30521,0.33476,0.30314,0.174897,0.56618,0.598572,-0.539039,-0.563686,0.366771,-0.234047,0.596279,0.226508,0.546769,-0.542392,53.636596323401335,-3.961194091215099,-1.7693199277073663,9.172634552264197,8.337596382685254,-3.8800786195461114,14.145096051903446,13.461532141585394
20.58188557624817,11.608202690207724,11.918776720517636,-2.1600724801499,1.293476157531404,-0.9320418067613432,0.44545755225792866,-0.30521,0.33476,0.30314,0.174897,0.56618,0.598572,-0.539039,-0.563686,0.366771,-0.234047,0.596279,0.226508,0.546769,-0.542392,53.636596323401335,-3.961194091215099,-1.7693199277073663,9.172634552264197,8.337596382685254,-3.8800786195461114,14.145096051903446,13.461532141585394
20.674322605133057,11.565951860451545,11.507097882528253,-2.2268697026614097,1.275055520127672,-0.912401994650891,0.4921718164574147,-0.30528,0.334678,0.302926,0.174745,0.565909,0.599026,-0.538868,-0.563611,0.365687,-0.234565,0.597119,0.225961,0.547097,-0.541365,53.69234112502785,-3.889023980620125,-1.8736161777467135,10.006796734432875,8.084830950526325,-4.355429423826521,14.51548645326217,14.069150347128149
20.675297498703003,11.565951860451545,11.507097882528253,-2.2268697026614097,1.275055520127672,-0.912401994650891,0.4921718164574147,-0.30528,0.334678,0.302926,0.174745,0.565909,0.599026,-0.538868,-0.563611,0.365687,-0.234565,0.597119,0.225961,0.547097,-0.541365,53.69234112502785,-3.889023980620125,-1.8736161777467135,10.006796734432875,8.084830950526325,-4.355429423826521,14.51548645326217,14.069150347128149
20.77224826812744,11.446362432865167,11.664146870700398,-2.060442355205103,1.307735364243179,-0.9321729215702742,0.4711138270797107,-0.305415,0.334856,0.303046,0.174704,0.566034,0.598543,-0.539287,-0.56458,0.364904,-0.234623,0.597368,0.224394,0.545574,-0.543275,53.952036366568336,-3.972492559290479,-1.8585765781164216,9.319384421282155,8.700642927357453,-4.104521198890289,14.33556791251439,13.67439440141858
20.773226022720337,11.446362432865167,11.664146870700398,-2.060442355205103,1.307735364243179,-0.9321729215702742,0.4711138270797107,-0.305415,0.334856,0.303046,0.174704,0.566034,0.598543,-0.539287,-0.56458,0.364904,-0.234623,0.597368,0.224394,0.545574,-0.543275,53.952036366568336,-3.972492559290479,-1.8585765781164216,9.319384421282155,8.700642927357453,-4.104521198890289,14.33556791251439,13.67439440141858
20.871238946914673,11.571995006142386,12.301187985418903,-2.524734404190146,1.316616637774717,-0.8606235430224479,0.4492760160601789,-0.30558,0.335599,0.304065,0.174248,0.565722,0.600477,-0.537608,-0.566209,0.364827,-0.233921,0.598865,0.219089,0.54729,-0.542065,54.438626498756065,-4.304377312347777,-2.320164312597912,8.872831225094494,8.143170302773157,-3.8818451644693965,14.000766591869658,13.599111593125478
20.872259378433228,11.571995006142386,12.301187985418903,-2.524734404190146,1.316616637774717,-0.8606235430224479,0.4492760160601789,-0.30558,0.335599,0.304065,0.174248,0.565722,0.600477,-0.537608,-0.566209,0.364827,-0.233921,0.598865,0.219089,0.54729,-0.542065,54.438626498756065,-4.304377312347777,-2.320164312597912,8.872831225094494,8.143170302773157,-3.8818451644693965,14.000766591869658,13.599111593125478
20.969672679901123,10.669498585314336,11.943286159630683,-2.4182209983476466,1.2940447947761022,-0.8271566264287538,0.44887656249257524,-0.305459,0.335359,0.303573,0.174437,0.566547,0.599091,-0.538225,-0.566656,0.363597,-0.234338,0.598694,0.219854,0.546741,-0.542497,54.33709779364634,-4.250920198926854,-2.365783917253877,9.555127619645674,9.428529094906864,-4.364533417132051,14.521345112512215,14.059183135510297
20.970658779144287,10.669498585314336,11.943286159630683,-2.4182209983476466,1.2940447947761022,-0.8271566264287538,0.44887656249257524,-0.305459,0.335359,0.303573,0.174437,0.566547,0.599091,-0.538225,-0.566656,0.363597,-0.234338,0.598694,0.219854,0.546741,-0.542497,54.33709779364634,-4.250920198926854,-2.365783917253877,9.555127619645674,9.428529094906864,-4.364533417132051,14.521345112512215,14.059183135510297
21.063114166259766,11.120995722951555,11.592375699329647,-2.926485764989253,1.2363936466494234,-0.760132669388032,0.5497323451536498,-0.305517,0.33528,0.303453,0.174681,0.565987,0.599004,-0.538831,-0.566864,0.36297,-0.234435,0.599262,0.218045,0.546093,-0.543253,54.494582060621056,-4.273226819587604,-2.4005936565397334,8.626780031599708,8.709921291018835,-3.7723143172213085,13.95920678341581,13.360699586676597
21.064103603363037,11.120995722951555,11.592375699329647,-2.926485764989253,1.2363936466494234,-0.760132669388032,0.5497323451536498,-0.305517,0.33528,0.303453,0.174681,0.565987,0.599004,-0.538831,-0.566864,0.36297,-0.234435,0.599262,0.218045,0.546093,-0.543253,54.494582060621056,-4.273226819587604,-2.4005936565397334,8.626780031599708,8.709921291018835,-3.7723143172213085,13.95920678341581,13.360699586676597
21.160791158676147,10.600674014922847,12.213482675272417,-2.261197746474231,1.3278986008122227,-0.8652214984411174,0.6773987141907678,-0.305513,0.335518,0.303962,0.172556,0.566474,0.600404,-0.537444,-0.566879,0.362974,-0.234358,0.599659,0.217628,0.545592,-0.543486,54.92368237029318,-4.282800195728107,-2.4230633271433675,9.974506143886702,8.907293826965105,-4.17367972310236,14.232181617699679,14.006594390511792
21.161773443222046,10.600674014922847,12.213482675272417,-2.261197746474231,1.3278986008122227,-0.8652214984411174,0.6773987141907678,-0.305513,0.335518,0.303962,0.172556,0.566474,0.600404,-0.537444,-0.566879,0.362974,-0.234358,0.599659,0.217628,0.545592,-0.543486,54.92368237029318,-4.282800195728107,-2.4230633271433675,9.974506143886702,8.907293826965105,-4.17367972310236,14.232181617699679,14.006594390511792
21.261481046676636,8.761692839630392,11.410942948781024,-3.3631516398958663,1.3532720081336602,-0.5936187096006176,0.7966412540512864,-0.305625,0.335265,0.303363,0.173442,0.565581,0.598682,-0.540014,-0.567911,0.364496,-0.233548,0.599069,0.219413,0.547341,-0.541656,54.27303767163573,-3.966676808340765,-2.4856738139096173,8.442407921643097,8.339489622960693,-3.667465223415661,13.947463793041475,13.060868025790931
21.2624568939209,8.761692839630392,11.410942948781024,-3.3631516398958663,1.3532720081336602,-0.5936187096006176,0.7966412540512864,-0.305625,0.335265,0.303363,0.173442,0.565581,0.598682,-0.540014,-0.567911,0.364496,-0.233548,0.599069,0.219413,0.547341,-0.541656,54.27303767163573,-3.966676808340765,-2.4856738139096173,8.442407921643097,8.339489622960693,-3.667465223415661,13.947463793041475,13.060868025790931
21.371036767959595,8.500541050439804,12.389622885081046,-5.002178109590249,1.2292933472868668,-0.3011442987766174,0.9523842443027979,-0.305751,0.33532,0.303423,0.173224,0.565115,0.598703,-0.540549,-0.569654,0.372125,-0.229819,0.595794,0.225137,0.556563,-0.53346,52.75808091525506,-3.6966379070409743,-2.8443874272151817,7.857016995946651,7.325795286956643,-3.268436149532775,13.829482682871133,12.639545086810244
21.372036695480347,8.500541050439804,12.389622885081046,-5.002178109590249,1.2292933472868668,-0.3011442987766174,0.9523842443027979,-0.305751,0.33532,0.303423,0.173224,0.565115,0.598703,-0.540549,-0.569654,0.372125,-0.229819,0.595794,0.225137,0.556563,-0.53346,52.75808091525506,-3.6966379070409743,-2.8443874272151817,7.857016995946651,7.325795286956643,-3.268436149532775,13.829482682871133,12.639545086810244
21.466452598571777,1.4598308788225887,9.421213296258376,-7.918908249704655,-0.1330456105412966,-0.5144123464887952,-0.8948036112232987,-0.30578,0.335061,0.303155,0.1714,0.566167,0.598833,-0.539886,-0.569106,0.38058,-0.226401,0.588062,0.235379,0.564229,-0.529552,51.22253149701963,-3.7130821060993946,-2.518720272321959,9.673815001558712,6.841822026562435,-3.357629459275749,13.803105734170176,13.117407188914271
21.467559576034546,1.4598308788225887,9.421213296258376,-7.918908249704655,-0.1330456105412966,-0.5144123464887952,-0.8948036112232987,-0.30578,0.335061,0.303155,0.1714,0.566167,0.598833,-0.539886,-0.569106,0.38058,-0.226401,0.588062,0.235379,0.564229,-0.529552,51.22253149701963,-3.7130821060993946,-2.518720272321959,9.673815001558712,6.841822026562435,-3.357629459275749,13.803105734170176,13.117407188914271
21.56635570526123,0.7504391608270805,10.848621915765486,-5.456088148666031,0.28893798393505016,-0.26611467048732595,-1.2824802324080884,-0.305974,0.334995,0.303027,0.174002,0.564688,0.601058,-0.538127,-0.570112,0.391534,-0.220797,0.57954,0.246874,0.576513,-0.520403,48.74064753853909,-3.8580055752502607,-2.068624853455569,9.323838540740926,7.6757899953980315,-3.141576549530015,14.048411252901303,13.116799420592475
21.56737780570984,0.7504391608270805,10.848621915765486,-5.456088148666031,0.28893798393505016,-0.26611467048732595,-1.2824802324080884,-0.305974,0.334995,0.303027,0.174002,0.564688,0.601058,-0.538127,-0.570112,0.391534,-0.220797,0.57954,0.246874,0.576513,-0.520403,48.74064753853909,-3.8580055752502607,-2.068624853455569,9.323838540740926,7.6757899953980315,-3.141576549530015,14.048411252901303,13.116799420592475
21.662659883499146,0.3853802606673491,11.800341078465,-4.316298290635198,0.7627757632037394,-0.12029149835062719,-1.4979812278970874,-0.306218,0.33565,0.303597,0.172814,0.565,0.59921,-0.540238,-0.571473,0.399257,-0.216425,0.57551,0.253824,0.582575,-0.51475,47.3555918669427,-3.4105379375106053,-2.274291559692726,8.425960041455651,6.87085397754328,-2.938109589517161,14.420576189488019,12.9091997538657
21.66368865966797,0.3853802606673491,11.800341078465,-4.316298290635198,0.7627757632037394,-0.12029149835062719,-1.4979812278970874,-0.306218,0.33565,0.303597,0.172814,0.565,0.59921,-0.540238,-0.571473,0.399257,-0.216425,0.57551,0.253824,0.582575,-0.51475,47.3555918669427,-3.4105379375106053,-2.274291559692726,8.425960041455651,6.87085397754328,-2.938109589517161,14.420576189488019,12.9091997538657
21.76325511932373,1.0010544193556852,9.18924102018774,-1.9984032845718105,0.2327892590328846,0.011228119117131473,-1.1247278306578101,-0.306226,0.335449,0.303286,0.175072,0.564143,0.599291,-0.540318,-0.569362,0.396348,-0.218831,0.576564,0.252262,0.578656,-0.518744,47.71306207959772,-3.5653471830107253,-1.8242178415022643,7.590636494081851,6.4446100808947975,-2.909955080129734,14.654832382372037,12.99694077762989
21.764583349227905,1.0010544193556852,9.18924102018774,-1.9984032845718105,0.2327892590328846,0.011228119117131473,-1.1247278306578101,-0.306226,0.335449,0.303286,0.175072,0.564143,0.599291,-0.540318,-0.569362,0.396348,-0.218831,0.576564,0.252262,0.578656,-0.518744,47.71306207959772,-3.5653471830107253,-1.8242178415022643,7.590636494081851,6.4446100808947975,-2.909955080129734,14.654832382372037,12.99694077762989
21.861424446105957,-0.34983002415291675,7.99622831602091,-2.1462327288594767,-0.17124573218368458,0.20251970517509704,-1.0294381646727941,-0.306055,0.334814,0.302667,0.175263,0.565561,0.599225,-0.538845,-0.565411,0.393238,-0.2219,0.578508,0.254741,0.573134,-0.521491,48.20746102040836,-3.398672311990134,-1.3911103679018666,9.559884858353719,7.312789411587808,-3.3227639382404917,14.395331593964587,13.109506207793213
21.86244773864746,-0.34983002415291675,7.99622831602091,-2.1462327288594767,-0.17124573218368458,0.20251970517509704,-1.0294381646727941,-0.306055,0.334814,0.302667,0.175263,0.565561,0.599225,-0.538845,-0.565411,0.393238,-0.2219,0.578508,0.254741,0.573134,-0.521491,48.20746102040836,-3.398672311990134,-1.3911103679018666,9.559884858353719,7.312789411587808,-3.3227639382404917,14.395331593964587,13.109506207793213
21.95678400993347,-0.5688798433806986,9.1589068099775,-0.49526688546973163,-0.25107901978285047,0.33409654165980673,-1.0201179610517133,-0.306216,0.335067,0.302977,0.174531,0.566116,0.598878,-0.538885,-0.564123,0.39574,-0.221292,0.57871,0.255841,0.574866,-0.518815,47.98106727601136,-3.2253477261234846,-1.6743455630170772,9.358578089763762,5.13455525470382,-3.049718909961527,14.281814162460853,13.112658505093574
21.957765817642212,-0.5688798433806986,9.1589068099775,-0.49526688546973163,-0.25107901978285047,0.33409654165980673,-1.0201179610517133,-0.306216,0.335067,0.302977,0.174531,0.566116,0.598878,-0.538885,-0.564123,0.39574,-0.221292,0.57871,0.255841,0.574866,-0.518815,47.98106727601136,-3.2253477261234846,-1.6743455630170772,9.358578089763762,5.13455525470382,-3.049718909961527,14.281814162460853,13.112658505093574
22.055845022201538,-0.44268943095090174,10.592091142896024,-2.6463263738828435,-0.07382785426009043,0.16261470073430256,-0.9120102882984862,-0.30617,0.334971,0.302885,0.174641,0.566161,0.598964,-0.538706,-0.564582,0.399522,-0.219107,0.573186,0.261731,0.577615,-0.518956,47.12167051196239,-3.3698268808174503,-1.1182147191500977,9.835000818091537,6.711355680571787,-3.2561479288563433,14.483598486577884,13.26171425195071
22.056838274002075,-0.44268943095090174,10.592091142896024,-2.6463263738828435,-0.07382785426009043,0.16261470073430256,-0.9120102882984862,-0.30617,0.334971,0.302885,0.174641,0.566161,0.598964,-0.538706,-0.564582,0.399522,-0.219107,0.573186,0.261731,0.577615,-0.518956,47.12167051196239,-3.3698268808174503,-1.1182147191500977,9.835000818091537,6.711355680571787,-3.2561479288563433,14.483598486577884,13.26171425195071
22.156118869781494,0.06300534758755938,10.40179232047794,-2.107351140963841,-0.11242462905532395,0.36068226317079016,-0.45865125205305907,-0.306009,0.334963,0.302898,0.17323,0.564697,0.599046,-0.540603,-0.564404,0.398058,-0.220063,0.57248,0.260873,0.572422,-0.525876,47.771017221875624,-3.30562913216882,-0.42846363558905054,8.708254551573205,6.484631341490717,-2.893862440844444,14.45741624777633,12.748495665758641
22.157809019088745,0.06300534758755938,10.40179232047794,-2.107351140963841,-0.11242462905532395,0.36068226317079016,-0.45865125205305907,-0.306009,0.334963,0.302898,0.17323,0.564697,0.599046,-0.540603,-0.564404,0.398058,-0.220063,0.57248,0.260873,0.572422,-0.525876,47.771017221875624,-3.30562913216882,-0.42846363558905054,8.708254551573205,6.484631341490717,-2.893862440844444,14.45741624777633,12.748495665758641
22.252185821533203,-1.274562178600573,9.455854483954587,-2.7688502464448894,-0.20784609593430964,0.5054363234183717,-0.24984432521745684,-0.305935,0.334616,0.302357,0.17391,0.56592,0.596479,-0.541944,-0.562331,0.393287,-0.223323,0.574574,0.258045,0.566333,-0.531548,48.478012861660496,-3.3754601390904075,-0.3427024974240602,8.51548974379326,6.0751497246884405,-2.86227548742589,14.35480334979445,12.740928600735732
22.253199815750122,-1.274562178600573,9.455854483954587,-2.7688502464448894,-0.20784609593430964,0.5054363234183717,-0.24984432521745684,-0.305935,0.334616,0.302357,0.17391,0.56592,0.596479,-0.541944,-0.562331,0.393287,-0.223323,0.574574,0.258045,0.566333,-0.531548,48.478012861660496,-3.3754601390904075,-0.3427024974240602,8.51548974379326,6.0751497246884405,-2.86227548742589,14.35480334979445,12.740928600735732
22.35618758201599,-2.482641412677754,9.10784901317602,-3.5934239933108296,-0.06607834307662223,0.45341114334439503,-0.36643986078981133,-0.30599,0.334921,0.303086,0.174466,0.565705,0.597364,-0.541013,-0.558278,0.391494,-0.225744,0.580931,0.255955,0.562126,-0.530114,49.2127177943232,-2.9339942541891415,-0.5499708833833665,7.800555719255523,3.3416222810233194,-2.6731199589188748,14.588620170013588,12.815793820980591
22.357168436050415,-2.482641412677754,9.10784901317602,-3.5934239933108296,-0.06607834307662223,0.45341114334439503,-0.36643986078981133,-0.30599,0.334921,0.303086,0.174466,0.565705,0.597364,-0.541013,-0.558278,0.391494,-0.225744,0.580931,0.255955,0.562126,-0.530114,49.2127177943232,-2.9339942541891415,-0.5499708833833665,7.800555719255523,3.3416222810233194,-2.6731199589188748,14.588620170013588,12.815793820980591
22.45905375480652,-1.7364669576322336,8.16133572224698,-4.395734582151975,-0.01853085209152206,0.29555281990630805,-0.15990407422847874,-0.306006,0.335096,0.303315,0.176095,0.56714,0.597847,-0.538444,-0.556429,0.390823,-0.226772,0.581657,0.256936,0.56029,-0.530786,49.368253989219056,-3.1721080625598534,-0.3658583514292193,8.518346052687603,4.9688930958042485,-2.773920078807876,14.178361570257724,12.621319820999275
22.46008801460266,-1.7364669576322336,8.16133572224698,-4.395734582151975,-0.01853085209152206,0.29555281990630805,-0.15990407422847874,-0.306006,0.335096,0.303315,0.176095,0.56714,0.597847,-0.538444,-0.556429,0.390823,-0.226772,0.581657,0.256936,0.56029,-0.530786,49.368253989219056,-3.1721080625598534,-0.3658583514292193,8.518346052687603,4.9688930958042485,-2.773920078807876,14.178361570257724,12.621319820999275
22.558885097503662,2.026206619304761,9.17145515125863,-5.2814222233183665,0.10505069692017874,0.24212466694451165,1.1959874201817822,-0.305412,0.3346,0.302566,0.173261,0.567069,0.596147,-0.541315,-0.55675,0.393783,-0.225461,0.571055,0.26325,0.55818,-0.541323,48.969006277340654,-3.546531791318245,1.0553438552954422,8.517223928586676,6.276282521086637,-2.6534084419298765,14.231577941355237,12.596759003319567
22.559861421585083,2.026206619304761,9.17145515125863,-5.2814222233183665,0.10505069692017874,0.24212466694451165,1.1959874201817822,-0.305412,0.3346,0.302566,0.173261,0.567069,0.596147,-0.541315,-0.55675,0.393783,-0.225461,0.571055,0.26325,0.55818,-0.541323,48.969006277340654,-3.546531791318245,1.0553438552954422,8.517223928586676,6.276282521086637,-2.6534084419298765,14.231577941355237,12.596759003319567
22.6580593585968,4.814980194873634,10.548932407769184,-6.377922397394984,0.4437268693203621,-0.13566159987002813,2.1735843863315556,-0.304731,0.334178,0.301481,0.166623,0.566599,0.592116,-0.548271,-0.562335,0.400365,-0.220326,0.554674,0.269606,0.563478,-0.549675,47.67873134107704,-3.870577910946896,1.9019807210932367,8.900239187246726,6.630785618448095,-2.9754751404530424,14.755818888623192,13.326907950556718
22.659114360809326,4.814980194873634,10.548932407769184,-6.377922397394984,0.4437268693203621,-0.13566159987002813,2.1735843863315556,-0.304731,0.334178,0.301481,0.166623,0.566599,0.592116,-0.548271,-0.562335,0.400365,-0.220326,0.554674,0.269606,0.563478,-0.549675,47.67873134107704,-3.870577910946896,1.9019807210932367,8.900239187246726,6.630785618448095,-2.9754751404530424,14.755818888623192,13.326907950556718
22.75798487663269,8.05803246414824,10.558461403027028,-6.800596320401811,1.0137266404429213,-0.7095702112855813,2.4952896163967306,-0.30604,0.334065,0.298531,0.160278,0.560873,0.59295,-0.555107,-0.575332,0.410899,-0.211422,0.533811,0.277156,0.575229,-0.554384,45.55174039107116,-4.225870874457668,3.2537298632717775,8.280596713812255,9.369779782733286,-2.630223385216972,14.162906974421853,13.27847800928101
22.759131908416748,8.05803246414824,10.558461403027028,-6.800596320401811,1.0137266404429213,-0.7095702112855813,2.4952896163967306,-0.30604,0.334065,0.298531,0.160278,0.560873,0.59295,-0.555107,-0.575332,0.410899,-0.211422,0.533811,0.277156,0.575229,-0.554384,45.55174039107116,-4.225870874457668,3.2537298632717775,8.280596713812255,9.369779782733286,-2.630223385216972,14.162906974421853,13.27847800928101
22.85816740989685,10.209082955831512,12.543120423518998,-7.548264952302034,1.6655164492737877,-1.0201419910968204,2.7379889086059763,-0.309179,0.334503,0.295384,0.154138,0.558488,0.593675,-0.558465,-0.589363,0.421942,-0.202787,0.515218,0.280808,0.591513,-0.553,43.493060337944634,-5.007504918489241,3.4211648244168966,9.170468272468556,11.262533359981802,-2.4921776486397107,12.759934237836413,13.71674945723599
22.859235048294067,10.209082955831512,12.543120423518998,-7.548264952302034,1.6655164492737877,-1.0201419910968204,2.7379889086059763,-0.309179,0.334503,0.295384,0.154138,0.558488,0.593675,-0.558465,-0.589363,0.421942,-0.202787,0.515218,0.280808,0.591513,-0.553,43.493060337944634,-5.007504918489241,3.4211648244168966,9.170468272468556,11.262533359981802,-2.4921776486397107,12.759934237836413,13.71674945723599
22.95962929725647,9.142535964627863,12.51909679905986,-9.732200080210811,1.6648603369885615,-1.2023305418388408,2.8943556103548267,-0.312773,0.33463,0.292352,0.150876,0.552347,0.595117,-0.563901,-0.600618,0.427866,-0.197841,0.504469,0.281609,0.599114,-0.554319,42.3094085819343,-5.029776199535137,4.013523132441987,6.676864163283856,10.973989602448786,-1.9014322330448508,12.217217418330172,13.292298405424388
22.960607051849365,9.142535964627863,12.51909679905986,-9.732200080210811,1.6648603369885615,-1.2023305418388408,2.8943556103548267,-0.312773,0.33463,0.292352,0.150876,0.552347,0.595117,-0.563901,-0.600618,0.427866,-0.197841,0.504469,0.281609,0.599114,-0.554319,42.3094085819343,-5.029776199535137,4.013523132441987,6.676864163283856,10.973989602448786,-1.9014322330448508,12.217217418330172,13.292298405424388
23.062060356140137,5.0855044447763165,13.09264995249098,-14.56586366870493,1.395202516578997,-1.128224376034909,3.1428218105794716,-0.314264,0.334795,0.290868,0.148162,0.548961,0.594607,-0.568448,-0.605536,0.425688,-0.19879,0.502426,0.279642,0.599153,-0.557121,42.34532831640255,-4.721261479415119,4.1473861217112145,7.541872012727431,10.018811500021968,-3.405238241529972,14.428718791772075,14.59382886069014
23.063029527664185,5.0855044447763165,13.09264995249098,-14.56586366870493,1.395202516578997,-1.128224376034909,3.1428218105794716,-0.314264,0.334795,0.290868,0.148162,0.548961,0.594607,-0.568448,-0.605536,0.425688,-0.19879,0.502426,0.279642,0.599153,-0.557121,42.34532831640255,-4.721261479415119,4.1473861217112145,7.541872012727431,10.018811500021968,-3.405238241529972,14.428718791772075,14.59382886069014
23.16260290145874,1.3995921723887597,13.368611457369756,-20.307016128246666,0.9000755833333467,-1.2562840627230711,3.035366118620547,-0.313868,0.334633,0.291175,0.148977,0.551448,0.593491,-0.566992,-0.602376,0.417938,-0.204805,0.512991,0.274858,0.590283,-0.559338,43.95312426382635,-4.44159192533774,3.707432410667799,8.507711241040631,10.421291847558432,-3.6340020324428295,14.386040958606692,14.585801331864133
23.163578748703003,1.3995921723887597,13.368611457369756,-20.307016128246666,0.9000755833333467,-1.2562840627230711,3.035366118620547,-0.313868,0.334633,0.291175,0.148977,0.551448,0.593491,-0.566992,-0.602376,0.417938,-0.204805,0.512991,0.274858,0.590283,-0.559338,43.95312426382635,-4.44159192533774,3.707432410667799,8.507711241040631,10.421291847558432,-3.6340020324428295,14.386040958606692,14.585801331864133
23.265631914138794,-1.7670429272162276,10.504147792826913,-23.56690668330964,0.5070864862090992,-0.5916892938793639,3.154297936846392,-0.313969,0.33503,0.292014,0.149477,0.552074,0.595522,-0.564114,-0.597455,0.408545,-0.212519,0.527864,0.265399,0.577665,-0.563228,46.60930821161455,-4.12097323334865,3.436977786227473,8.29096672228983,8.006400542547885,-2.6937176622846337,15.271165543765834,13.176269736546155
23.266798973083496,-1.7670429272162276,10.504147792826913,-23.56690668330964,0.5070864862090992,-0.5916892938793639,3.154297936846392,-0.313969,0.33503,0.292014,0.149477,0.552074,0.595522,-0.564114,-0.597455,0.408545,-0.212519,0.527864,0.265399,0.577665,-0.563228,46.60930821161455,-4.12097323334865,3.436977786227473,8.29096672228983,8.006400542547885,-2.6937176622846337,15.271165543765834,13.176269736546155
23.372339963912964,-9.441327412305549,12.087798329905109,-28.38187824566216,0.0822900950419152,0.6519043870935269,3.061125942354614,-0.313482,0.335089,0.292965,0.152017,0.555683,0.595042,-0.560386,-0.587143,0.396357,-0.22286,0.544304,0.260337,0.560752,-0.567023,49.15004755219078,-3.5617802724821126,3.2794615391760082,10.145089069107716,6.673449630299668,-3.489973959874405,14.69486061889851,13.844860233618652
23.373317003250122,-9.441327412305549,12.087798329905109,-28.38187824566216,0.0822900950419152,0.6519043870935269,3.061125942354614,-0.313482,0.335089,0.292965,0.152017,0.555683,0.595042,-0.560386,-0.587143,0.396357,-0.22286,0.544304,0.260337,0.560752,-0.567023,49.15004755219078,-3.5617802724821126,3.2794615391760082,10.145089069107716,6.673449630299668,-3.489973959874405,14.69486061889851,13.844860233618652
23.46984052658081,-13.3537633959973,11.648441889210595,-33.793456457832285,-0.4807736674208289,1.0986659705699007,2.505783236209159,-0.31447,0.33604,0.294772,0.156047,0.558581,0.595768,-0.555605,-0.579238,0.388929,-0.229982,0.560127,0.254932,0.550031,-0.564565,50.988928644078015,-3.0999165079488926,2.6266055014127314,10.140628619291364,4.554838867770811,-3.920696150986494,14.95817693544845,14.220567335115987
23.47083568572998,-13.3537633959973,11.648441889210595,-33.793456457832285,-0.4807736674208289,1.0986659705699007,2.505783236209159,-0.31447,0.33604,0.294772,0.156047,0.558581,0.595768,-0.555605,-0.579238,0.388929,-0.229982,0.560127,0.254932,0.550031,-0.564565,50.988928644078015,-3.0999165079488926,2.6266055014127314,10.140628619291364,4.554838867770811,-3.920696150986494,14.95817693544845,14.220567335115987
23.56783366203308,-14.769505004465842,11.168072178307305,-36.651970851812,-0.5563965371252266,1.242726682857837,1.7639505821790469,-0.314917,0.336884,0.296595,0.162341,0.562528,0.596828,-0.548638,-0.568103,0.382188,-0.237345,0.578851,0.249985,0.538055,-0.559407,52.86694428580596,-2.5679742582310126,1.808022824953536,8.881976084018195,2.6735631906811177,-3.31228124951582,14.636412035979212,13.276398739813006
23.56885027885437,-14.769505004465842,11.168072178307305,-36.651970851812,-0.5563965371252266,1.242726682857837,1.7639505821790469,-0.314917,0.336884,0.296595,0.162341,0.562528,0.596828,-0.548638,-0.568103,0.382188,-0.237345,0.578851,0.249985,0.538055,-0.559407,52.86694428580596,-2.5679742582310126,1.808022824953536,8.881976084018195,2.6735631906811177,-3.31228124951582,14.636412035979212,13.276398739813006
23.668418407440186,-14.73873478974161,10.146171350611308,-36.53929367092083,-0.9127712366578853,1.4518254085619566,1.5176175022440839,-0.315405,0.336796,0.296552,0.165709,0.565291,0.59625,-0.54541,-0.561299,0.374933,-0.243095,0.588424,0.246538,0.53008,-0.558563,54.004172984720675,-2.3722782782834133,1.3825514296398804,10.163009157317637,1.4954937935432309,-3.9906309909061264,15.184635349289273,14.386864704415554
23.669782161712646,-14.73873478974161,10.146171350611308,-36.53929367092083,-0.9127712366578853,1.4518254085619566,1.5176175022440839,-0.315405,0.336796,0.296552,0.165709,0.565291,0.59625,-0.54541,-0.561299,0.374933,-0.243095,0.588424,0.246538,0.53008,-0.558563,54.004172984720675,-2.3722782782834133,1.3825514296398804,10.163009157317637,1.4954937935432309,-3.9906309909061264,15.184635349289273,14.386864704415554
23.773624658584595,-12.097122332767361,9.959704216749115,-35.72180539541403,-0.5786132655888302,0.8345767183660674,2.113561390761173,-0.314967,0.336641,0.296384,0.166164,0.56546,0.595308,-0.546126,-0.562637,0.37205,-0.243798,0.587215,0.243442,0.525572,-0.56541,54.59274672797463,-2.827732361217215,1.7859607182882105,8.82009351226752,3.653514396936661,-3.3677689375873356,14.255945204640042,13.2276229177119
23.774603605270386,-12.097122332767361,9.959704216749115,-35.72180539541403,-0.5786132655888302,0.8345767183660674,2.113561390761173,-0.314967,0.336641,0.296384,0.166164,0.56546,0.595308,-0.546126,-0.562637,0.37205,-0.243798,0.587215,0.243442,0.525572,-0.56541,54.59274672797463,-2.827732361217215,1.7859607182882105,8.82009351226752,3.653514396936661,-3.3677689375873356,14.255945204640042,13.2276229177119
23.87369656562805,-8.824207055993947,11.854804224100937,-35.01594063353411,-0.4188174307750303,0.010518110622737643,2.917729787244807,-0.313929,0.335537,0.294515,0.159163,0.565538,0.591236,-0.552517,-0.573073,0.374544,-0.239239,0.572416,0.242062,0.532316,-0.574792,53.90883194066477,-3.6863749053467987,1.9602657111478567,9.553264412837313,5.921270432932179,-3.27833560612374,13.766222854304637,13.516603480832783
23.874694108963013,-8.824207055993947,11.854804224100937,-35.01594063353411,-0.4188174307750303,0.010518110622737643,2.917729787244807,-0.313929,0.335537,0.294515,0.159163,0.565538,0.591236,-0.552517,-0.573073,0.374544,-0.239239,0.572416,0.242062,0.532316,-0.574792,53.90883194066477,-3.6863749053467987,1.9602657111478567,9.553264412837313,5.921270432932179,-3.27833560612374,13.766222854304637,13.516603480832783
23.974100589752197,-7.947635194841878,12.59655073037252,-33.80754003779131,-0.47400838647328736,-0.4262678650875579,3.4779287519366044,-0.312929,0.334582,0.292671,0.153556,0.561652,0.589026,-0.560372,-0.583804,0.383193,-0.231088,0.552844,0.249046,0.545735,-0.578371,51.52525076931744,-4.094797425443957,2.7343885543573876,10.074131305641053,7.955914214234232,-3.8972055498857543,14.511790706040994,14.340287162693407
23.975093364715576,-7.947635194841878,12.59655073037252,-33.80754003779131,-0.47400838647328736,-0.4262678650875579,3.4779287519366044,-0.312929,0.334582,0.292671,0.153556,0.561652,0.589026,-0.560372,-0.583804,0.383193,-0.231088,0.552844,0.249046,0.545735,-0.578371,51.52525076931744,-4.094797425443957,2.7343885543573876,10.074131305641053,7.955914214234232,-3.8972055498857543,14.511790706040994,14.340287162693407
24.07333993911743,-6.9279029704410755,14.672695443916032,-30.661162641723802,0.07244926910397828,-1.2012946057248168,3.085193075634479,-0.312874,0.334828,0.292614,0.153864,0.557968,0.591051,-0.561832,-0.587493,0.398358,-0.222306,0.539663,0.260009,0.563385,-0.568996,48.44529274375861,-4.185465209891063,3.040687594417385,8.271309705169802,6.8763930525309505,-3.287985286092038,15.265376926686445,13.745106912532796
24.07432794570923,-6.9279029704410755,14.672695443916032,-30.661162641723802,0.07244926910397828,-1.2012946057248168,3.085193075634479,-0.312874,0.334828,0.292614,0.153864,0.557968,0.591051,-0.561832,-0.587493,0.398358,-0.222306,0.539663,0.260009,0.563385,-0.568996,48.44529274375861,-4.185465209891063,3.040687594417385,8.271309705169802,6.8763930525309505,-3.287985286092038,15.265376926686445,13.745106912532796
24.170121908187866,-6.967545785036109,14.388600989265422,-27.440341526249924,-0.013803456964901654,-1.5200390339089012,3.007724552998677,-0.312908,0.334725,0.292554,0.151154,0.560071,0.590481,-0.561075,-0.586128,0.410495,-0.216238,0.529239,0.275418,0.573214,-0.561673,46.21937866200736,-3.866040545443441,3.304207005701194,10.617550758558746,7.28169580736831,-3.4166223721421076,15.037573802213984,14.184516322627342
24.171159744262695,-6.967545785036109,14.388600989265422,-27.440341526249924,-0.013803456964901654,-1.5200390339089012,3.007724552998677,-0.312908,0.334725,0.292554,0.151154,0.560071,0.590481,-0.561075,-0.586128,0.410495,-0.216238,0.529239,0.275418,0.573214,-0.561673,46.21937866200736,-3.866040545443441,3.304207005701194,10.617550758558746,7.28169580736831,-3.4166223721421076,15.037573802213984,14.184516322627342
24.269517183303833,-6.01865397037788,18.769803288433643,-29.036815517345573,0.7011656476991994,-1.734922055200555,2.9151080200078767,-0.31298,0.3346,0.292218,0.153935,0.559438,0.591066,-0.560334,-0.58593,0.420644,-0.210416,0.518641,0.287579,0.580573,-0.557893,43.9717167407139,-4.018884815055781,4.236090233829218,8.891589583708592,9.77151837532212,-2.766160552561196,13.943689851552765,13.581532715455596
24.270526885986328,-6.01865397037788,18.769803288433643,-29.036815517345573,0.7011656476991994,-1.734922055200555,2.9151080200078767,-0.31298,0.3346,0.292218,0.153935,0.559438,0.591066,-0.560334,-0.58593,0.420644,-0.210416,0.518641,0.287579,0.580573,-0.557893,43.9717167407139,-4.018884815055781,4.236090233829218,8.891589583708592,9.77151837532212,-2.766160552561196,13.943689851552765,13.581532715455596
24.375834465026855,-5.56519504024138,19.254278140453064,-29.985447600363493,0.4209855034687065,-1.4199494000488686,3.470004822803139,-0.313083,0.334812,0.292161,0.151203,0.559396,0.591813,-0.56033,-0.590261,0.413062,-0.213259,0.521877,0.275888,0.57631,-0.565152,45.760708203741245,-4.651076925870367,3.9231928602130033,10.28260092345889,10.623484771673226,-2.9945672631565543,14.018010702389295,13.96237415431502
24.37683343887329,-5.56519504024138,19.254278140453064,-29.985447600363493,0.4209855034687065,-1.4199494000488686,3.470004822803139,-0.313083,0.334812,0.292161,0.151203,0.559396,0.591813,-0.56033,-0.590261,0.413062,-0.213259,0.521877,0.275888,0.57631,-0.565152,45.760708203741245,-4.651076925870367,3.9231928602130033,10.28260092345889,10.623484771673226,-2.9945672631565543,14.018010702389295,13.96237415431502
24.475539922714233,-5.720292542216572,17.365793267948426,-31.85504164282851,0.058868487176172914,-1.4629666275228899,3.8577605201790783,-0.313064,0.333972,0.291039,0.150955,0.557988,0.587981,-0.56581,-0.591893,0.393342,-0.223179,0.536861,0.255534,0.56017,-0.576795,49.0149508287616,-4.433985250829124,3.119820443269452,9.128853962028684,8.09150258111137,-3.5118281299635257,14.917573230905004,14.066567287631834
24.476536989212036,-5.720292542216572,17.365793267948426,-31.85504164282851,0.058868487176172914,-1.4629666275228899,3.8577605201790783,-0.313064,0.333972,0.291039,0.150955,0.557988,0.587981,-0.56581,-0.591893,0.393342,-0.223179,0.536861,0.255534,0.56017,-0.576795,49.0149508287616,-4.433985250829124,3.119820443269452,9.128853962028684,8.09150258111137,-3.5118281299635257,14.917573230905004,14.066567287631834
24.57580804824829,-7.7846723965846545,15.116774440833655,-37.11300586307732,-0.22731458947439176,-1.3912565723825694,3.954998587139954,-0.312973,0.334332,0.291593,0.150386,0.559842,0.588316,-0.563777,-0.591526,0.36748,-0.234762,0.561778,0.227392,0.535775,-0.587915,54.54094485754155,-4.400068443434952,1.8713276046080871,9.550322425085124,8.776841363607089,-3.7394783519903854,13.96524901232275,14.020682811600018
24.57680320739746,-7.7846723965846545,15.116774440833655,-37.11300586307732,-0.22731458947439176,-1.3912565723825694,3.954998587139954,-0.312973,0.334332,0.291593,0.150386,0.559842,0.588316,-0.563777,-0.591526,0.36748,-0.234762,0.561778,0.227392,0.535775,-0.587915,54.54094485754155,-4.400068443434952,1.8713276046080871,9.550322425085124,8.776841363607089,-3.7394783519903854,13.96524901232275,14.020682811600018
24.67378520965576,-13.631714628595718,11.71977377324821,-38.92196699577263,-0.8041182980861881,-0.293663637596727,3.677047093843548,-0.313154,0.334783,0.292305,0.151401,0.559357,0.588774,-0.563509,-0.588818,0.340019,-0.244911,0.582705,0.199205,0.50858,-0.601763,59.84529972491588,-4.470067467559057,1.3312011106013273,8.843210211548978,7.535557809552764,-4.4199711571340785,14.288992976016974,14.922556676059052
24.674784660339355,-13.631714628595718,11.71977377324821,-38.92196699577263,-0.8041182980861881,-0.293663637596727,3.677047093843548,-0.313154,0.334783,0.292305,0.151401,0.559357,0.588774,-0.563509,-0.588818,0.340019,-0.244911,0.582705,0.199205,0.50858,-0.601763,59.84529972491588,-4.470067467559057,1.3312011106013273,8.843210211548978,7.535557809552764,-4.4199711571340785,14.288992976016974,14.922556676059052
24.7736496925354,-15.472588822822166,10.851724050580936,-37.68661357328783,-0.8913922889963938,0.48617222484147504,2.7581590230911215,-0.313649,0.33502,0.292893,0.155829,0.560766,0.590458,-0.559123,-0.580436,0.317061,-0.253975,0.606388,0.180645,0.48494,-0.603734,63.96998837882652,-3.8360011052836547,0.5201587016116953,9.180871546449731,7.278042283910852,-5.532607736739195,15.55534565377688,15.51438114648165
24.774649143218994,-15.472588822822166,10.851724050580936,-37.68661357328783,-0.8913922889963938,0.48617222484147504,2.7581590230911215,-0.313649,0.33502,0.292893,0.155829,0.560766,0.590458,-0.559123,-0.580436,0.317061,-0.253975,0.606388,0.180645,0.48494,-0.603734,63.96998837882652,-3.8360011052836547,0.5201587016116953,9.180871546449731,7.278042283910852,-5.532607736739195,15.55534565377688,15.51438114648165
24.872623443603516,-14.900019641967916,7.832061796886292,-37.254464908298225,-1.0932857378028031,0.5561828056121848,1.5809598835560308,-0.314586,0.335685,0.294107,0.163904,0.561156,0.59257,-0.554167,-0.571118,0.302375,-0.260167,0.627921,0.168317,0.468529,-0.598219,66.4772529956232,-3.0493575770734833,-0.35708597146131105,6.937105103201997,6.6081380405170815,-5.238794011319179,15.42119883088613,14.175432488630326
24.873608112335205,-14.900019641967916,7.832061796886292,-37.254464908298225,-1.0932857378028031,0.5561828056121848,1.5809598835560308,-0.314586,0.335685,0.294107,0.163904,0.561156,0.59257,-0.554167,-0.571118,0.302375,-0.260167,0.627921,0.168317,0.468529,-0.598219,66.4772529956232,-3.0493575770734833,-0.35708597146131105,6.937105103201997,6.6081380405170815,-5.238794011319179,15.42119883088613,14.175432488630326
24.971967458724976,-13.104869507236348,8.272881887126145,-35.96191055247714,-0.862408991820844,0.2570593946263228,1.8647296136600826,-0.314739,0.335572,0.294273,0.16738,0.563189,0.59506,-0.548366,-0.568092,0.295467,-0.262302,0.633948,0.161303,0.462537,-0.598456,67.84573926496793,-3.617646953084949,-0.8049999306404452,7.783437544815822,8.924278024366767,-5.083963278606241,15.435660995242994,14.101276373553965
24.97302770614624,-13.104869507236348,8.272881887126145,-35.96191055247714,-0.862408991820844,0.2570593946263228,1.8647296136600826,-0.314739,0.335572,0.294273,0.16738,0.563189,0.59506,-0.548366,-0.568092,0.295467,-0.262302,0.633948,0.161303,0.462537,-0.598456,67.84573926496793,-3.617646953084949,-0.8049999306404452,7.783437544815822,8.924278024366767,-5.083963278606241,15.435660995242994,14.101276373553965
25.071245670318604,-5.409511148314876,9.493026883277834,-34.22440668104593,-0.059609216338604915,-0.42290209263634354,3.511460097904083,-0.313933,0.334306,0.292467,0.159597,0.56209,0.590162,-0.55704,-0.577288,0.295772,-0.259583,0.621475,0.157186,0.466295,-0.609615,67.65746040315116,-4.14697236358079,-0.5710754856988434,7.346901752684513,6.906481684137955,-5.108398848053106,15.261883621298324,14.941025979969263
25.072255849838257,-5.409511148314876,9.493026883277834,-34.22440668104593,-0.059609216338604915,-0.42290209263634354,3.511460097904083,-0.313933,0.334306,0.292467,0.159597,0.56209,0.590162,-0.55704,-0.577288,0.295772,-0.259583,0.621475,0.157186,0.466295,-0.609615,67.65746040315116,-4.14697236358079,-0.5710754856988434,7.346901752684513,6.906481684137955,-5.108398848053106,15.261883621298324,14.941025979969263
25.16830086708069,-4.684670923782341,10.760775084956402,-31.772782372446546,0.4320965353677184,-0.49486382548351676,3.917898006872012,-0.313226,0.333382,0.289869,0.153903,0.559866,0.586807,-0.564377,-0.593685,0.301287,-0.253114,0.601163,0.157339,0.478026,-0.620756,66.15359333827564,-5.577721819573362,0.04528467192407426,7.889176895526411,11.580072595909128,-5.04041538767887,14.542573694949672,14.873763602765122
25.16935443878174,-4.684670923782341,10.760775084956402,-31.772782372446546,0.4320965353677184,-0.49486382548351676,3.917898006872012,-0.313226,0.333382,0.289869,0.153903,0.559866,0.586807,-0.564377,-0.593685,0.301287,-0.253114,0.601163,0.157339,0.478026,-0.620756,66.15359333827564,-5.577721819573362,0.04528467192407426,7.889176895526411,11.580072595909128,-5.04041538767887,14.542573694949672,14.873763602765122
25.266077756881714,-4.804314806087769,11.375359584392976,-32.11372551931284,1.0428663522345891,-0.7626461382531713,4.1076197491810875,-0.314064,0.333535,0.289022,0.149892,0.555616,0.587488,-0.56893,-0.603728,0.307988,-0.248795,0.592156,0.15867,0.488647,-0.620805,64.92213833432517,-5.779951551408637,0.282423045786242,7.119611724224782,11.790719495705744,-5.165558535696398,14.7655916604226,15.023812036141928
25.26716375350952,-4.804314806087769,11.375359584392976,-32.11372551931284,1.0428663522345891,-0.7626461382531713,4.1076197491810875,-0.314064,0.333535,0.289022,0.149892,0.555616,0.587488,-0.56893,-0.603728,0.307988,-0.248795,0.592156,0.15867,0.488647,-0.620805,64.92213833432517,-5.779951551408637,0.282423045786242,7.119611724224782,11.790719495705744,-5.165558535696398,14.7655916604226,15.023812036141928
25.37333846092224,-12.051665857850939,10.231240829204074,-35.90531350722254,0.4596703674969912,0.048824013769669834,3.1880937974433903,-0.31445,0.333788,0.289291,0.151915,0.557288,0.587677,-0.566557,-0.595862,0.30606,-0.25234,0.601993,0.160537,0.482528,-0.615629,65.51265607894273,-4.820244441489962,0.01796816700933057,6.969508480932241,9.416692160068225,-4.441835822886041,14.309091460673146,14.217964967238604
25.37459373474121,-12.051665857850939,10.231240829204074,-35.90531350722254,0.4596703674969912,0.048824013769669834,3.1880937974433903,-0.31445,0.333788,0.289291,0.151915,0.557288,0.587677,-0.566557,-0.595862,0.30606,-0.25234,0.601993,0.160537,0.482528,-0.615629,65.51265607894273,-4.820244441489962,0.01796816700933057,6.969508480932241,9.416692160068225,-4.441835822886041,14.309091460673146,14.217964967238604
25.47002410888672,-16.85009560560548,7.8896543689282375,-38.500660037652686,-0.638439600825786,0.7802940413500767,2.873860194918654,-0.315213,0.335035,0.292112,0.157183,0.561754,0.591102,-0.557068,-0.578873,0.300561,-0.258858,0.626272,0.158836,0.470882,-0.600686,67.38513276600185,-3.1468413020179127,-1.2849255720201782,7.2368329139021945,5.355987762929829,-4.316475872978728,14.679717136866968,13.576543585279104
25.47098684310913,-16.85009560560548,7.8896543689282375,-38.500660037652686,-0.638439600825786,0.7802940413500767,2.873860194918654,-0.315213,0.335035,0.292112,0.157183,0.561754,0.591102,-0.557068,-0.578873,0.300561,-0.258858,0.626272,0.158836,0.470882,-0.600686,67.38513276600185,-3.1468413020179127,-1.2849255720201782,7.2368329139021945,5.355987762929829,-4.316475872978728,14.679717136866968,13.576543585279104
25.569105863571167,-15.545790277350884,7.709605670548569,-38.78613750539448,-0.7851210404089581,1.1711943977274484,2.434925876788641,-0.31576,0.335958,0.294001,0.165112,0.564942,0.591588,-0.551001,-0.563596,0.297555,-0.264471,0.633069,0.168329,0.458371,-0.600654,67.61447461658645,-2.8896847279366757,-0.2639758679462414,8.339539744871516,5.343179442496487,-5.955194713486044,16.44480113277221,15.366358674971382
25.570093154907227,-15.545790277350884,7.709605670548569,-38.78613750539448,-0.7851210404089581,1.1711943977274484,2.434925876788641,-0.31576,0.335958,0.294001,0.165112,0.564942,0.591588,-0.551001,-0.563596,0.297555,-0.264471,0.633069,0.168329,0.458371,-0.600654,67.61447461658645,-2.8896847279366757,-0.2639758679462414,8.339539744871516,5.343179442496487,-5.955194713486044,16.44480113277221,15.366358674971382
25.66773557662964,-12.562326948912748,7.495716471590243,-36.810130707018025,-0.6425143258016256,1.3837767352747201,2.656659761353085,-0.315732,0.335051,0.293105,0.16919,0.564207,0.591652,-0.550449,-0.560617,0.29685,-0.266127,0.631123,0.169506,0.457709,-0.602871,67.22016277079085,-3.411650954736604,0.189223991953833,7.128783467413305,4.374398077600692,-5.016964869391828,15.475788991398577,14.783860348662568
25.668766975402832,-12.562326948912748,7.495716471590243,-36.810130707018025,-0.6425143258016256,1.3837767352747201,2.656659761353085,-0.315732,0.335051,0.293105,0.16919,0.564207,0.591652,-0.550449,-0.560617,0.29685,-0.266127,0.631123,0.169506,0.457709,-0.602871,67.22016277079085,-3.411650954736604,0.189223991953833,7.128783467413305,4.374398077600692,-5.016964869391828,15.475788991398577,14.783860348662568
25.764618158340454,-7.833674261356025,9.075887135520487,-34.137523646314214,-0.21191525240425219,0.9162529564328374,3.7086043566428546,-0.315112,0.334477,0.292052,0.161693,0.564517,0.589155,-0.555042,-0.570191,0.300505,-0.262505,0.618863,0.169109,0.464053,-0.610791,66.8073288619104,-4.073946365921971,0.370805917894403,8.402124648297818,5.6065955703565455,-5.317313186660456,15.644066542754496,15.715994061199694
25.76567506790161,-7.833674261356025,9.075887135520487,-34.137523646314214,-0.21191525240425219,0.9162529564328374,3.7086043566428546,-0.315112,0.334477,0.292052,0.161693,0.564517,0.589155,-0.555042,-0.570191,0.300505,-0.262505,0.618863,0.169109,0.464053,-0.610791,66.8073288619104,-4.073946365921971,0.370805917894403,8.402124648297818,5.6065955703565455,-5.317313186660456,15.644066542754496,15.715994061199694
25.862457990646362,-4.92137800944797,9.491735874329596,-30.594491255618,0.28932372917591304,0.4283511154854227,4.294396805966118,-0.314338,0.333384,0.289855,0.156656,0.560727,0.5869,-0.562666,-0.585094,0.307816,-0.256352,0.601672,0.173525,0.475981,-0.617512,64.90387655985174,-4.780730212343176,1.1992497950675745,7.987545441451102,10.214391052341565,-5.191896969748299,15.054191281256616,15.009961387429932
25.86344337463379,-4.92137800944797,9.491735874329596,-30.594491255618,0.28932372917591304,0.4283511154854227,4.294396805966118,-0.314338,0.333384,0.289855,0.156656,0.560727,0.5869,-0.562666,-0.585094,0.307816,-0.256352,0.601672,0.173525,0.475981,-0.617512,64.90387655985174,-4.780730212343176,1.1992497950675745,7.987545441451102,10.214391052341565,-5.191896969748299,15.054191281256616,15.009961387429932
25.964369535446167,-3.14154548493031,11.375458552278285,-29.528469254120044,0.7299885406986443,-0.007129544691081635,4.3650293363515,-0.314094,0.332693,0.288217,0.153227,0.558758,0.584702,-0.567833,-0.593134,0.319324,-0.251178,0.592866,0.178831,0.493105,-0.611046,62.592138863009644,-4.542700944825853,0.6130691969791915,6.865112712040057,8.757636209879477,-3.7957513068601827,13.731774379261308,13.45251585812958
25.965425491333008,-3.14154548493031,11.375458552278285,-29.528469254120044,0.7299885406986443,-0.007129544691081635,4.3650293363515,-0.314094,0.332693,0.288217,0.153227,0.558758,0.584702,-0.567833,-0.593134,0.319324,-0.251178,0.592866,0.178831,0.493105,-0.611046,62.592138863009644,-4.542700944825853,0.6130691969791915,6.865112712040057,8.757636209879477,-3.7957513068601827,13.731774379261308,13.45251585812958
26.064987182617188,-4.575887447409608,12.224463691420064,-30.098440364673248,1.0319546644053423,-0.21231127651320114,4.0333834094381675,-0.313976,0.33311,0.288989,0.151608,0.559513,0.586535,-0.56563,-0.59243,0.330544,-0.248455,0.580776,0.18955,0.500965,-0.613029,61.10421862325888,-5.3549490435186,1.5744013009046807,8.11657747842339,8.674138307221735,-3.7644080297263045,13.49889131356049,14.531457066661632
26.066006898880005,-4.575887447409608,12.224463691420064,-30.098440364673248,1.0319546644053423,-0.21231127651320114,4.0333834094381675,-0.313976,0.33311,0.288989,0.151608,0.559513,0.586535,-0.56563,-0.59243,0.330544,-0.248455,0.580776,0.18955,0.500965,-0.613029,61.10421862325888,-5.3549490435186,1.5744013009046807,8.11657747842339,8.674138307221735,-3.7644080297263045,13.49889131356049,14.531457066661632
26.16460943222046,-9.363448459804259,12.811577535119534,-35.49341845261189,0.6013092395270573,0.2688104072817695,3.5962968682642806,-0.313955,0.333577,0.28981,0.152129,0.558873,0.587699,-0.564914,-0.590209,0.331409,-0.248764,0.585702,0.193863,0.500823,-0.60708,60.88236841402574,-4.495926715537793,1.5310928921271625,8.734776495045734,8.997414545077064,-4.770492006196399,14.5968590253281,14.908665451463902
26.165650606155396,-9.363448459804259,12.811577535119534,-35.49341845261189,0.6013092395270573,0.2688104072817695,3.5962968682642806,-0.313955,0.333577,0.28981,0.152129,0.558873,0.587699,-0.564914,-0.590209,0.331409,-0.248764,0.585702,0.193863,0.500823,-0.60708,60.88236841402574,-4.495926715537793,1.5310928921271625,8.734776495045734,8.997414545077064,-4.770492006196399,14.5968590253281,14.908665451463902
26.266403913497925,-14.305983194769818,10.690245410877935,-35.12955955413856,-0.37271390408557487,1.190236962027632,3.517998504584696,-0.314568,0.334029,0.290888,0.157407,0.560621,0.58902,-0.560342,-0.580314,0.321402,-0.254786,0.599438,0.187441,0.486668,-0.607201,62.86893116319279,-4.211278266568453,1.351502516011502,7.972735678618736,7.016147509979677,-4.336302346997456,14.260302314470575,14.513933903296197
26.26745581626892,-14.305983194769818,10.690245410877935,-35.12955955413856,-0.37271390408557487,1.190236962027632,3.517998504584696,-0.314568,0.334029,0.290888,0.157407,0.560621,0.58902,-0.560342,-0.580314,0.321402,-0.254786,0.599438,0.187441,0.486668,-0.607201,62.86893116319279,-4.211278266568453,1.351502516011502,7.972735678618736,7.016147509979677,-4.336302346997456,14.260302314470575,14.513933903296197
26.370939016342163,-13.613672297927797,9.444891112038837,-33.45803251550909,-0.5469624385093874,1.2372783329141637,3.348055716887602,-0.315039,0.33433,0.292057,0.163475,0.565682,0.587927,-0.554637,-0.56497,0.31163,-0.262336,0.615681,0.186343,0.47015,-0.604295,64.62095540893085,-3.362770137126313,0.9867762161428448,8.573319046143428,4.850141964310091,-5.037117874903217,15.323101760992948,15.054057031482236
26.3719425201416,-13.613672297927797,9.444891112038837,-33.45803251550909,-0.5469624385093874,1.2372783329141637,3.348055716887602,-0.315039,0.33433,0.292057,0.163475,0.565682,0.587927,-0.554637,-0.56497,0.31163,-0.262336,0.615681,0.186343,0.47015,-0.604295,64.62095540893085,-3.362770137126313,0.9867762161428448,8.573319046143428,4.850141964310091,-5.037117874903217,15.323101760992948,15.054057031482236
26.470457553863525,-10.398628300039483,9.177906327643958,-30.466077047828307,-0.30299742690546877,0.741582577942647,3.8778786684073667,-0.31512,0.334021,0.291865,0.167739,0.565785,0.589971,-0.551077,-0.560967,0.307823,-0.264704,0.619614,0.185847,0.465419,-0.60409,65.07710787677176,-3.5796462396539366,1.2408749441313134,8.583560144380078,6.354548768429737,-4.971266496074385,15.07274504349831,14.896666636357619
26.47144317626953,-10.398628300039483,9.177906327643958,-30.466077047828307,-0.30299742690546877,0.741582577942647,3.8778786684073667,-0.31512,0.334021,0.291865,0.167739,0.565785,0.589971,-0.551077,-0.560967,0.307823,-0.264704,0.619614,0.185847,0.465419,-0.60409,65.07710787677176,-3.5796462396539366,1.2408749441313134,8.583560144380078,6.354548768429737,-4.971266496074385,15.07274504349831,14.896666636357619
26.569639682769775,-5.972779331289095,12.408453968108942,-29.35903858003439,0.5599764379727814,0.7097825527434252,4.244342011226206,-0.314514,0.333222,0.29026,0.161301,0.565131,0.587098,-0.556709,-0.574139,0.31036,-0.260112,0.605804,0.182161,0.473033,-0.613236,64.57421416164343,-4.597530891595273,1.3098222920708888,8.83098319073093,9.221749968810782,-4.794799338422521,14.671881734485252,14.91725365713851
26.570618152618408,-5.972779331289095,12.408453968108942,-29.35903858003439,0.5599764379727814,0.7097825527434252,4.244342011226206,-0.314514,0.333222,0.29026,0.161301,0.565131,0.587098,-0.556709,-0.574139,0.31036,-0.260112,0.605804,0.182161,0.473033,-0.613236,64.57421416164343,-4.597530891595273,1.3098222920708888,8.83098319073093,9.221749968810782,-4.794799338422521,14.671881734485252,14.91725365713851
26.669548273086548,-4.392497554576062,15.591856043452365,-33.916153879579284,0.7797704436105082,0.168086900200245,4.465098979698963,-0.313761,0.33233,0.287965,0.155281,0.559677,0.583591,-0.567513,-0.590528,0.309572,-0.254229,0.598045,0.16999,0.480847,-0.618249,64.36781262977735,-4.8300533271621315,0.7083178305691664,5.45059089982874,9.198907198182436,-2.9265062411056704,13.018890595869943,12.380884346920256
26.67054009437561,-4.392497554576062,15.591856043452365,-33.916153879579284,0.7797704436105082,0.168086900200245,4.465098979698963,-0.313761,0.33233,0.287965,0.155281,0.559677,0.583591,-0.567513,-0.590528,0.309572,-0.254229,0.598045,0.16999,0.480847,-0.618249,64.36781262977735,-4.8300533271621315,0.7083178305691664,5.45059089982874,9.198907198182436,-2.9265062411056704,13.018890595869943,12.380884346920256
26.768807411193848,-5.871245966693891,13.336873050514145,-38.17281481123773,0.30102426239693686,-0.045557040996932696,4.8336238785533014,-0.313835,0.33245,0.287803,0.149542,0.558847,0.583854,-0.569598,-0.598509,0.302603,-0.252423,0.592285,0.160482,0.477555,-0.628797,65.73567540565814,-5.708953544870029,0.9293760938948399,8.21978434441681,11.716579723660132,-5.264544948595052,14.765941180085958,15.299789512373243
26.769787073135376,-5.871245966693891,13.336873050514145,-38.17281481123773,0.30102426239693686,-0.045557040996932696,4.8336238785533014,-0.313835,0.33245,0.287803,0.149542,0.558847,0.583854,-0.569598,-0.598509,0.302603,-0.252423,0.592285,0.160482,0.477555,-0.628797,65.73567540565814,-5.708953544870029,0.9293760938948399,8.21978434441681,11.716579723660132,-5.264544948595052,14.765941180085958,15.299789512373243
26.86426568031311,-10.732523837495165,10.785956627611236,-41.38324543936697,-0.1328280982308821,0.12098921042985455,4.380067709074054,-0.313749,0.332953,0.288768,0.153283,0.559007,0.585235,-0.567023,-0.590943,0.287335,-0.257107,0.609692,0.146668,0.461922,-0.627209,68.47857530680591,-5.039787288320936,0.15323238589868104,7.2846171764810155,9.60834939488969,-5.288422841376082,15.261828060873276,15.199419257968774
26.865360498428345,-10.732523837495165,10.785956627611236,-41.38324543936697,-0.1328280982308821,0.12098921042985455,4.380067709074054,-0.313749,0.332953,0.288768,0.153283,0.559007,0.585235,-0.567023,-0.590943,0.287335,-0.257107,0.609692,0.146668,0.461922,-0.627209,68.47857530680591,-5.039787288320936,0.15323238589868104,7.2846171764810155,9.60834939488969,-5.288422841376082,15.261828060873276,15.199419257968774
26.962859630584717,-12.892648338538486,7.776520503152188,-42.55076160636534,-0.6204990715950046,0.7267198462774312,4.287758848755718,-0.314386,0.333615,0.290416,0.157729,0.561532,0.58727,-0.561175,-0.576314,0.268049,-0.263818,0.628497,0.133858,0.436229,-0.629903,72.24554365531148,-4.529277028673173,-0.013599793558370266,7.696899187246723,6.900646782647322,-6.2038424058244885,16.911075242705394,16.737194096909374
26.96387767791748,-12.892648338538486,7.776520503152188,-42.55076160636534,-0.6204990715950046,0.7267198462774312,4.287758848755718,-0.314386,0.333615,0.290416,0.157729,0.561532,0.58727,-0.561175,-0.576314,0.268049,-0.263818,0.628497,0.133858,0.436229,-0.629903,72.24554365531148,-4.529277028673173,-0.013599793558370266,7.696899187246723,6.900646782647322,-6.2038424058244885,16.911075242705394,16.737194096909374
27.060681343078613,-11.03107186981855,8.223886723072534,-41.385037983133095,-0.5315945291442963,0.9663949338242518,4.070846349479671,-0.314837,0.333831,0.290783,0.160171,0.563423,0.587491,-0.558348,-0.569567,0.24984,-0.266752,0.641719,0.119471,0.414897,-0.633864,75.52881369731962,-4.24425511992907,-0.3617327533313901,8.014231734260521,7.561268908531936,-7.140936491165078,18.301291041121456,17.185400489790247
27.061770915985107,-11.03107186981855,8.223886723072534,-41.385037983133095,-0.5315945291442963,0.9663949338242518,4.070846349479671,-0.314837,0.333831,0.290783,0.160171,0.563423,0.587491,-0.558348,-0.569567,0.24984,-0.266752,0.641719,0.119471,0.414897,-0.633864,75.52881369731962,-4.24425511992907,-0.3617327533313901,8.014231734260521,7.561268908531936,-7.140936491165078,18.301291041121456,17.185400489790247
27.16385006904602,-9.535566247389925,8.343537015104435,-39.18939993887658,-0.4122265201441141,0.9426923238036509,3.938872237008811,-0.314881,0.332848,0.289163,0.160703,0.561975,0.586557,-0.560633,-0.574567,0.231419,-0.265708,0.645467,0.0998584,0.401793,-0.641844,78.08256856119658,-4.7805289706052765,-0.8139831229253183,7.751289642592491,10.598970168308663,-7.927916996531373,17.15911176395912,17.357895994036497
27.16490149497986,-9.535566247389925,8.343537015104435,-39.18939993887658,-0.4122265201441141,0.9426923238036509,3.938872237008811,-0.314881,0.332848,0.289163,0.160703,0.561975,0.586557,-0.560633,-0.574567,0.231419,-0.265708,0.645467,0.0998584,0.401793,-0.641844,78.08256856119658,-4.7805289706052765,-0.8139831229253183,7.751289642592491,10.598970168308663,-7.927916996531373,17.15911176395912,17.357895994036497
27.265658855438232,-6.592818007053089,2.565499793612965,-34.88315376402839,-1.1716781140309083,1.010287015724748,4.38053705300464,-0.314424,0.332458,0.288423,0.157741,0.562143,0.585715,-0.562185,-0.57941,0.221463,-0.263232,0.648228,0.0830097,0.397671,-0.644025,79.97085411918266,-4.924426292401133,-1.9928275803657165,7.823137489254078,10.62820578842881,-8.07820994681417,17.179389738781985,17.47871540270919
27.2666494846344,-6.592818007053089,2.565499793612965,-34.88315376402839,-1.1716781140309083,1.010287015724748,4.38053705300464,-0.314424,0.332458,0.288423,0.157741,0.562143,0.585715,-0.562185,-0.57941,0.221463,-0.263232,0.648228,0.0830097,0.397671,-0.644025,79.97085411918266,-4.924426292401133,-1.9928275803657165,7.823137489254078,10.62820578842881,-8.07820994681417,17.179389738781985,17.47871540270919
27.3710675239563,-4.538242287703691,6.356741220982935,-32.43272713398542,0.22837687362139536,0.7988657211072137,4.328597545745115,-0.314464,0.332622,0.288508,0.155992,0.561535,0.585922,-0.563064,-0.580591,0.239955,-0.26389,0.644263,0.100208,0.415405,-0.634289,77.03511953081383,-4.178225750231846,-1.8589793903992184,7.052600336735358,8.53220161188214,-6.792447695972406,17.20713799008353,16.24286162837054
27.37204909324646,-4.538242287703691,6.356741220982935,-32.43272713398542,0.22837687362139536,0.7988657211072137,4.328597545745115,-0.314464,0.332622,0.288508,0.155992,0.561535,0.585922,-0.563064,-0.580591,0.239955,-0.26389,0.644263,0.100208,0.415405,-0.634289,77.03511953081383,-4.178225750231846,-1.8589793903992184,7.052600336735358,8.53220161188214,-6.792447695972406,17.20713799008353,16.24286162837054
27.470847845077515,-1.7806855191044577,10.239165427465768,-29.86595466013169,0.6331114170021721,0.518279095855849,4.565372499538536,-0.314377,0.331965,0.287463,0.157046,0.5611,0.585013,-0.564148,-0.584411,0.270186,-0.262679,0.622034,0.135822,0.444407,-0.630182,71.03085176898313,-4.819651191703137,-0.164538444086066,8.269813859318232,10.34927667193326,-6.21747513794989,16.29797638665101,16.078665805137465
27.4718337059021,-1.7806855191044577,10.239165427465768,-29.86595466013169,0.6331114170021721,0.518279095855849,4.565372499538536,-0.314377,0.331965,0.287463,0.157046,0.5611,0.585013,-0.564148,-0.584411,0.270186,-0.262679,0.622034,0.135822,0.444407,-0.630182,71.03085176898313,-4.819651191703137,-0.164538444086066,8.269813859318232,10.34927667193326,-6.21747513794989,16.29797638665101,16.078665805137465
27.570382833480835,-1.368233411626286,11.358128983155542,-25.500740296573973,0.9785127447540567,0.9940279366905784,4.511906287958817,-0.314232,0.332029,0.287281,0.153912,0.560116,0.584637,-0.566375,-0.58952,0.30187,-0.25681,0.598149,0.168097,0.473562,-0.624259,65.4419044721679,-5.090417022410783,1.2844967916056405,9.11962465636336,10.734435498941533,-5.561268507567206,15.454730893169696,15.725333947072174
27.57138442993164,-1.368233411626286,11.358128983155542,-25.500740296573973,0.9785127447540567,0.9940279366905784,4.511906287958817,-0.314232,0.332029,0.287281,0.153912,0.560116,0.584637,-0.566375,-0.58952,0.30187,-0.25681,0.598149,0.168097,0.473562,-0.624259,65.4419044721679,-5.090417022410783,1.2844967916056405,9.11962465636336,10.734435498941533,-5.561268507567206,15.454730893169696,15.725333947072174
27.6690731048584,-2.423919558741205,12.380107794725813,-22.974938941710406,1.3128477410495105,1.1282292563352605,4.375859731254209,-0.314184,0.332181,0.287477,0.153195,0.560284,0.584103,-0.566954,-0.590209,0.324857,-0.251701,0.583481,0.190011,0.493384,-0.616457,61.53781947217162,-5.049234145504387,1.9190273877648316,8.237513737632497,9.693979219809492,-4.132872102907193,13.92072751644925,14.425488661930974
27.6700599193573,-2.423919558741205,12.380107794725813,-22.974938941710406,1.3128477410495105,1.1282292563352605,4.375859731254209,-0.314184,0.332181,0.287477,0.153195,0.560284,0.584103,-0.566954,-0.590209,0.324857,-0.251701,0.583481,0.190011,0.493384,-0.616457,61.53781947217162,-5.049234145504387,1.9190273877648316,8.237513737632497,9.693979219809492,-4.132872102907193,13.92072751644925,14.425488661930974
27.763933420181274,-1.5114881204344155,11.098735590592034,-21.57931490565702,0.8186761614301784,0.3923138632449767,4.229138479742505,-0.313903,0.332304,0.287856,0.153752,0.560973,0.584142,-0.566081,-0.586876,0.349381,-0.245533,0.569084,0.217228,0.515503,-0.602671,56.92401624687093,-4.609649482174651,2.4844862949407904,9.023423090988313,8.036987757683407,-3.7380702150757514,13.79198328782912,14.317994966669971
27.764931678771973,-1.5114881204344155,11.098735590592034,-21.57931490565702,0.8186761614301784,0.3923138632449767,4.229138479742505,-0.313903,0.332304,0.287856,0.153752,0.560973,0.584142,-0.566081,-0.586876,0.349381,-0.245533,0.569084,0.217228,0.515503,-0.602671,56.92401624687093,-4.609649482174651,2.4844862949407904,9.023423090988313,8.036987757683407,-3.7380702150757514,13.79198328782912,14.317994966669971
27.8642520904541,-2.6327483043708932,10.786189439778475,-18.33800198323534,0.6382422050390056,0.244487422988294,3.6633914783745856,-0.314222,0.332593,0.288341,0.153677,0.559643,0.586864,-0.5646,-0.58598,0.372488,-0.237073,0.555162,0.243337,0.536197,-0.587431,52.62514387881211,-3.97927823675202,3.2546726534323422,9.860357575947116,8.268070948773683,-3.7691173400980773,14.348460283166597,14.126419796275757
27.865269660949707,-2.6327483043708932,10.786189439778475,-18.33800198323534,0.6382422050390056,0.244487422988294,3.6633914783745856,-0.314222,0.332593,0.288341,0.153677,0.559643,0.586864,-0.5646,-0.58598,0.372488,-0.237073,0.555162,0.243337,0.536197,-0.587431,52.62514387881211,-3.97927823675202,3.2546726534323422,9.860357575947116,8.268070948773683,-3.7691173400980773,14.348460283166597,14.126419796275757
27.96474552154541,-3.4298001519955945,12.023650730720236,-17.357182682769164,0.3479999945127159,0.1489045181037756,3.252185888206944,-0.314336,0.332735,0.288477,0.15266,0.559148,0.587038,-0.565185,-0.586502,0.394593,-0.226449,0.536687,0.266443,0.556854,-0.575229,48.2900865409501,-3.7296060942532736,3.857701917215147,10.24287255468936,8.020725198453826,-3.541771055397028,14.923452188078763,14.004331046403253
27.965786457061768,-3.4298001519955945,12.023650730720236,-17.357182682769164,0.3479999945127159,0.1489045181037756,3.252185888206944,-0.314336,0.332735,0.288477,0.15266,0.559148,0.587038,-0.565185,-0.586502,0.394593,-0.226449,0.536687,0.266443,0.556854,-0.575229,48.2900865409501,-3.7296060942532736,3.857701917215147,10.24287255468936,8.020725198453826,-3.541771055397028,14.923452188078763,14.004331046403253
28.060118675231934,-4.449020594794011,10.557972109683828,-17.356322502069304,0.06010967136463892,0.06848986076499529,2.457431384020446,-0.314471,0.333072,0.288939,0.15381,0.559605,0.587158,-0.564296,-0.585462,0.418802,-0.213049,0.520883,0.290265,0.579924,-0.555082,43.511045630933836,-3.202853176316848,3.7619696240457596,8.973777541298906,7.236247403384995,-2.4117799371639705,15.216271180398955,12.82845422214619
28.061119318008423,-4.449020594794011,10.557972109683828,-17.356322502069304,0.06010967136463892,0.06848986076499529,2.457431384020446,-0.314471,0.333072,0.288939,0.15381,0.559605,0.587158,-0.564296,-0.585462,0.418802,-0.213049,0.520883,0.290265,0.579924,-0.555082,43.511045630933836,-3.202853176316848,3.7619696240457596,8.973777541298906,7.236247403384995,-2.4117799371639705,15.216271180398955,12.82845422214619
28.16417956352234,-3.9563400485055973,10.92968816057061,-12.445891796724464,0.9392871286610927,0.007022389815742893,1.334426161002885,-0.3148,0.333737,0.290084,0.154803,0.559683,0.589084,-0.561935,-0.58298,0.443007,-0.197422,0.502528,0.312157,0.605018,-0.532894,38.652913419558914,-3.035412549161228,3.605969191976932,8.464535196006878,3.948596631287465,-1.69801925107636,15.94022787282066,12.141348383624722
28.16520929336548,-3.9563400485055973,10.92968816057061,-12.445891796724464,0.9392871286610927,0.007022389815742893,1.334426161002885,-0.3148,0.333737,0.290084,0.154803,0.559683,0.589084,-0.561935,-0.58298,0.443007,-0.197422,0.502528,0.312157,0.605018,-0.532894,38.652913419558914,-3.035412549161228,3.605969191976932,8.464535196006878,3.948596631287465,-1.69801925107636,15.94022787282066,12.141348383624722
28.263307571411133,-2.888896361352861,16.718550136904902,-17.70557381839852,1.8117988301867858,-0.7723020553031432,1.3888204242551843,-0.314756,0.334032,0.290711,0.153778,0.561203,0.589556,-0.560203,-0.583326,0.453617,-0.189191,0.490132,0.323226,0.613259,-0.528403,36.72546230886255,-3.3244736811668134,4.164727881676784,8.716036847938653,6.450970877832843,-1.2857534620587536,13.882420548861145,11.823105656873999
28.264307737350464,-2.888896361352861,16.718550136904902,-17.70557381839852,1.8117988301867858,-0.7723020553031432,1.3888204242551843,-0.314756,0.334032,0.290711,0.153778,0.561203,0.589556,-0.560203,-0.583326,0.453617,-0.189191,0.490132,0.323226,0.613259,-0.528403,36.72546230886255,-3.3244736811668134,4.164727881676784,8.716036847938653,6.450970877832843,-1.2857534620587536,13.882420548861145,11.823105656873999
28.371214151382446,-1.7819339451177358,18.71920382454605,-23.44318299762934,0.265124811799369,-0.645752449829254,2.895652540048533,-0.314527,0.333365,0.289095,0.15066,0.558169,0.586227,-0.567528,-0.589776,0.439525,-0.197327,0.495951,0.306238,0.600938,-0.546923,39.38885735766274,-3.630376772500908,4.252233841726381,7.497142366684344,6.577661364725758,-1.6052759319171699,14.308985416499217,11.997732653933417
28.372203588485718,-1.7819339451177358,18.71920382454605,-23.44318299762934,0.265124811799369,-0.645752449829254,2.895652540048533,-0.314527,0.333365,0.289095,0.15066,0.558169,0.586227,-0.567528,-0.589776,0.439525,-0.197327,0.495951,0.306238,0.600938,-0.546923,39.38885735766274,-3.630376772500908,4.252233841726381,7.497142366684344,6.577661364725758,-1.6052759319171699,14.308985416499217,11.997732653933417
28.47088074684143,-2.4740685863094627,18.48120111645615,-28.044466221223335,-0.4718972464342364,-0.7242633699124981,3.4087812092956873,-0.314351,0.332803,0.288312,0.149945,0.55828,0.586789,-0.567026,-0.592682,0.415181,-0.21195,0.515996,0.280371,0.583764,-0.560678,44.0170901439434,-4.116605869092059,3.3713359216993446,10.491145407077907,6.9315288713775285,-2.8561057657594873,15.111329669705425,14.044264117649899
28.471895217895508,-2.4740685863094627,18.48120111645615,-28.044466221223335,-0.4718972464342364,-0.7242633699124981,3.4087812092956873,-0.314351,0.332803,0.288312,0.149945,0.55828,0.586789,-0.567026,-0.592682,0.415181,-0.21195,0.515996,0.280371,0.583764,-0.560678,44.0170901439434,-4.116605869092059,3.3713359216993446,10.491145407077907,6.9315288713775285,-2.8561057657594873,15.111329669705425,14.044264117649899
28.56957459449768,-1.6264302012168605,18.93032213903785,-32.87710454347863,-0.47192744128529246,-1.129863740755533,3.781421120605612,-0.313883,0.332922,0.288872,0.153117,0.559138,0.58698,-0.565132,-0.590686,0.395336,-0.223752,0.534484,0.262251,0.56156,-0.574632,48.07707675850931,-4.334524429230013,3.411944884881665,9.48878749220125,9.561750068588456,-3.137810793639119,14.717315154230567,13.682278634014654
28.570565223693848,-1.6264302012168605,18.93032213903785,-32.87710454347863,-0.47192744128529246,-1.129863740755533,3.781421120605612,-0.313883,0.332922,0.288872,0.153117,0.559138,0.58698,-0.565132,-0.590686,0.395336,-0.223752,0.534484,0.262251,0.56156,-0.574632,48.07707675850931,-4.334524429230013,3.411944884881665,9.48878749220125,9.561750068588456,-3.137810793639119,14.717315154230567,13.682278634014654
28.665062189102173,-1.9063762920210163,18.939427149302176,-33.51191668555376,-0.6894570367374091,-0.4339261604901865,4.484551986046442,-0.314111,0.33254,0.288304,0.151643,0.558486,0.585377,-0.567831,-0.592471,0.37772,-0.23184,0.548173,0.243612,0.545459,-0.585349,51.46488525547734,-4.207878720613541,2.8506646064103798,9.011072943312728,8.67688398473853,-3.4995688050659624,14.469916352440686,13.698064564476864
28.66611647605896,-1.9063762920210163,18.939427149302176,-33.51191668555376,-0.6894570367374091,-0.4339261604901865,4.484551986046442,-0.314111,0.33254,0.288304,0.151643,0.558486,0.585377,-0.567831,-0.592471,0.37772,-0.23184,0.548173,0.243612,0.545459,-0.585349,51.46488525547734,-4.207878720613541,2.8506646064103798,9.011072943312728,8.67688398473853,-3.4995688050659624,14.469916352440686,13.698064564476864
28.765429735183716,-4.267571504956387,19.376423117002762,-35.50328569415745,-0.6414188914024302,0.332849062883025,4.62088907121086,-0.314106,0.332465,0.288163,0.151325,0.557909,0.585227,-0.568637,-0.593995,0.355948,-0.23999,0.561054,0.218342,0.526088,-0.600647,55.69837974130491,-4.895751790100475,2.468320462623362,8.403498101168791,8.128034966391084,-3.586717347180759,13.872819407866382,14.089293328378538
28.766486406326294,-4.267571504956387,19.376423117002762,-35.50328569415745,-0.6414188914024302,0.332849062883025,4.62088907121086,-0.314106,0.332465,0.288163,0.151325,0.557909,0.585227,-0.568637,-0.593995,0.355948,-0.23999,0.561054,0.218342,0.526088,-0.600647,55.69837974130491,-4.895751790100475,2.468320462623362,8.403498101168791,8.128034966391084,-3.586717347180759,13.872819407866382,14.089293328378538
28.866583585739136,-3.898485591001429,18.11135571623204,-37.34219147769535,-0.957727734059619,0.3821770903425367,4.496714703967488,-0.313933,0.332631,0.288421,0.151537,0.558404,0.585118,-0.568207,-0.5907,0.333514,-0.248267,0.57922,0.196353,0.503486,-0.610288,60.05714104773201,-4.719564338314678,1.8575594682806909,8.30755449660697,6.924214644363891,-4.048935479442854,14.007740277192596,14.771319535953666
28.86758041381836,-3.898485591001429,18.11135571623204,-37.34219147769535,-0.957727734059619,0.3821770903425367,4.496714703967488,-0.313933,0.332631,0.288421,0.151537,0.558404,0.585118,-0.568207,-0.5907,0.333514,-0.248267,0.57922,0.196353,0.503486,-0.610288,60.05714104773201,-4.719564338314678,1.8575594682806909,8.30755449660697,6.924214644363891,-4.048935479442854,14.007740277192596,14.771319535953666
28.96994423866272,-3.41742525504671,15.431899214856104,-36.26736826926779,-1.5097487284476612,0.7525433290011644,4.522732175009332,-0.314105,0.332126,0.28774,0.153647,0.558597,0.584675,-0.567906,-0.588599,0.305935,-0.255807,0.598276,0.172115,0.478856,-0.618982,64.5267850418779,-4.53077107096159,1.158121430373786,8.877082302549422,8.203462936583406,-5.5357187985657745,15.40675768810537,15.840100840936426
28.970953464508057,-3.41742525504671,15.431899214856104,-36.26736826926779,-1.5097487284476612,0.7525433290011644,4.522732175009332,-0.314105,0.332126,0.28774,0.153647,0.558597,0.584675,-0.567906,-0.588599,0.305935,-0.255807,0.598276,0.172115,0.478856,-0.618982,64.5267850418779,-4.53077107096159,1.158121430373786,8.877082302549422,8.203462936583406,-5.5357187985657745,15.40675768810537,15.840100840936426
29.07369828224182,-4.9551829720294585,17.26408182105288,-39.04219720033315,-0.9104886648167667,0.8426253026371792,4.007958219667216,-0.3142,0.332233,0.287848,0.154206,0.559088,0.585067,-0.566867,-0.590011,0.288571,-0.258001,0.610847,0.1506,0.463307,-0.624125,67.97071896328526,-4.680077121182659,0.17937644129243502,7.517251591608636,9.729662301103936,-5.091563611215115,15.1443800119746,14.740048877947661
29.074665307998657,-4.9551829720294585,17.26408182105288,-39.04219720033315,-0.9104886648167667,0.8426253026371792,4.007958219667216,-0.3142,0.332233,0.287848,0.154206,0.559088,0.585067,-0.566867,-0.590011,0.288571,-0.258001,0.610847,0.1506,0.463307,-0.624125,67.97071896328526,-4.680077121182659,0.17937644129243502,7.517251591608636,9.729662301103936,-5.091563611215115,15.1443800119746,14.740048877947661
29.17565655708313,-3.885359750715657,15.73610076919737,-40.928694885485704,-0.9339200416325979,0.6477956143617821,4.033079849993564,-0.314209,0.332196,0.287683,0.152929,0.559393,0.585274,-0.566698,-0.590123,0.271871,-0.259691,0.619618,0.130802,0.450181,-0.629525,71.06144055048638,-4.85723143557173,-0.6876272178019995,8.039975301686594,8.824335782624711,-5.915397674087991,16.391275895708667,16.08227308540268
29.17676043510437,-3.885359750715657,15.73610076919737,-40.928694885485704,-0.9339200416325979,0.6477956143617821,4.033079849993564,-0.314209,0.332196,0.287683,0.152929,0.559393,0.585274,-0.566698,-0.590123,0.271871,-0.259691,0.619618,0.130802,0.450181,-0.629525,71.06144055048638,-4.85723143557173,-0.6876272178019995,8.039975301686594,8.824335782624711,-5.915397674087991,16.391275895708667,16.08227308540268
29.27516508102417,-4.215738121082933,13.561589705465048,-43.18268715139289,-0.9121436885955809,0.5763998036781781,3.933647285361965,-0.314232,0.33205,0.287474,0.154378,0.558887,0.585417,-0.566657,-0.589962,0.254187,-0.260676,0.623759,0.113071,0.433378,-0.640564,73.95818166548133,-5.683558970714779,-0.6661199084389793,7.859556524841077,10.00036137795281,-6.590264817150349,16.75470936074561,17.22431911924122
29.276237964630127,-4.215738121082933,13.561589705465048,-43.18268715139289,-0.9121436885955809,0.5763998036781781,3.933647285361965,-0.314232,0.33205,0.287474,0.154378,0.558887,0.585417,-0.566657,-0.589962,0.254187,-0.260676,0.623759,0.113071,0.433378,-0.640564,73.95818166548133,-5.683558970714779,-0.6661199084389793,7.859556524841077,10.00036137795281,-6.590264817150349,16.75470936074561,17.22431911924122
29.388658046722412,-6.038278836885519,11.159832807649257,-44.09984539579857,-0.8459081027394307,0.4591378911047915,3.540162926602491,-0.314271,0.332337,0.287848,0.155643,0.558042,0.585717,-0.566834,-0.589043,0.236419,-0.260637,0.635956,0.0946753,0.417345,-0.642199,76.92781589261097,-5.28662429206452,-1.416958898248648,7.151775158659804,11.055223805977063,-7.36032305326345,16.507166289287074,17.08507993349713
29.38970685005188,-6.038278836885519,11.159832807649257,-44.09984539579857,-0.8459081027394307,0.4591378911047915,3.540162926602491,-0.314271,0.332337,0.287848,0.155643,0.558042,0.585717,-0.566834,-0.589043,0.236419,-0.260637,0.635956,0.0946753,0.417345,-0.642199,76.92781589261097,-5.28662429206452,-1.416958898248648,7.151775158659804,11.055223805977063,-7.36032305326345,16.507166289287074,17.08507993349713
29.489490270614624,-7.200342742449148,10.317628487895753,-43.20577284561661,-0.8732776493133542,0.40921293997095987,3.170615708195449,-0.314343,0.332339,0.287722,0.153713,0.559009,0.585168,-0.566975,-0.587633,0.221397,-0.260421,0.645783,0.0784118,0.403623,-0.643354,79.7482351185486,-4.725554557304795,-2.2980684861783445,7.664789599942656,10.560878401082887,-8.607145216228702,17.72758982108958,17.865912222725306
29.49048352241516,-7.200342742449148,10.317628487895753,-43.20577284561661,-0.8732776493133542,0.40921293997095987,3.170615708195449,-0.314343,0.332339,0.287722,0.153713,0.559009,0.585168,-0.566975,-0.587633,0.221397,-0.260421,0.645783,0.0784118,0.403623,-0.643354,79.7482351185486,-4.725554557304795,-2.2980684861783445,7.664789599942656,10.560878401082887,-8.607145216228702,17.72758982108958,17.865912222725306
29.586735010147095,-7.713575630372526,10.143735401846094,-44.11151840168118,-0.652809772384907,0.35372398571333463,2.655349539133878,-0.314519,0.332284,0.287599,0.154441,0.55934,0.585914,-0.565678,-0.5857,0.205291,-0.25957,0.66106,0.0579168,0.390377,-0.638162,82.76158757334052,-3.7882816540187467,-3.859325117778436,6.486620514028578,10.656772293592926,-8.462659862146388,17.37796739017875,16.721236635138457
29.58779788017273,-7.713575630372526,10.143735401846094,-44.11151840168118,-0.652809772384907,0.35372398571333463,2.655349539133878,-0.314519,0.332284,0.287599,0.154441,0.55934,0.585914,-0.565678,-0.5857,0.205291,-0.25957,0.66106,0.0579168,0.390377,-0.638162,82.76158757334052,-3.7882816540187467,-3.859325117778436,6.486620514028578,10.656772293592926,-8.462659862146388,17.37796739017875,16.721236635138457
29.68471670150757,-8.955881510477234,7.838775167234982,-45.00170793756425,-0.4605505624580789,0.0014447609577868713,1.7046475498820546,-0.314946,0.332753,0.288094,0.15708,0.558503,0.586496,-0.565175,-0.58438,0.19285,-0.257511,0.67412,0.0343178,0.383995,-0.630026,85.07116684982363,-3.115380505453023,-6.029505828056064,3.2017064494428684,7.520715206372484,-6.453134233470422,16.747989978275452,14.790818977300072
29.68575429916382,-8.955881510477234,7.838775167234982,-45.00170793756425,-0.4605505624580789,0.0014447609577868713,1.7046475498820546,-0.314946,0.332753,0.288094,0.15708,0.558503,0.586496,-0.565175,-0.58438,0.19285,-0.257511,0.67412,0.0343178,0.383995,-0.630026,85.07116684982363,-3.115380505453023,-6.029505828056064,3.2017064494428684,7.520715206372484,-6.453134233470422,16.747989978275452,14.790818977300072
29.78658175468445,-12.444468568581735,3.365661636837587,-42.08013014407038,-1.459025462101849,0.24338531106545394,1.1787939161281205,-0.315612,0.333567,0.289458,0.159493,0.559631,0.589565,-0.560168,-0.577874,0.178976,-0.256678,0.680381,0.0250806,0.36714,-0.633767,87.59385407654696,-3.413178180365033,-5.912302200735806,5.455074949841189,9.68282899825208,-9.268702365803613,18.54042743358451,17.19148454586252
29.78755784034729,-12.444468568581735,3.365661636837587,-42.08013014407038,-1.459025462101849,0.24338531106545394,1.1787939161281205,-0.315612,0.333567,0.289458,0.159493,0.559631,0.589565,-0.560168,-0.577874,0.178976,-0.256678,0.680381,0.0250806,0.36714,-0.633767,87.59385407654696,-3.413178180365033,-5.912302200735806,5.455074949841189,9.68282899825208,-9.268702365803613,18.54042743358451,17.19148454586252
29.88637685775757,-9.852018267997495,4.250923087116028,-40.0343936385262,-0.8831318210516574,0.013096412867171961,1.1817231658965104,-0.315987,0.333553,0.289632,0.162981,0.560437,0.589535,-0.558386,-0.572856,0.1769,-0.258441,0.68613,0.0234952,0.365367,-0.628634,87.69962112358036,-2.9658731370139173,-6.439941919591825,4.714692844264517,8.152752655413622,-8.88929062408733,18.715382709126143,16.747575450385046
29.887351989746094,-9.852018267997495,4.250923087116028,-40.0343936385262,-0.8831318210516574,0.013096412867171961,1.1817231658965104,-0.315987,0.333553,0.289632,0.162981,0.560437,0.589535,-0.558386,-0.572856,0.1769,-0.258441,0.68613,0.0234952,0.365367,-0.628634,87.69962112358036,-2.9658731370139173,-6.439941919591825,4.714692844264517,8.152752655413622,-8.88929062408733,18.715382709126143,16.747575450385046
29.98240637779236,-7.545594060876805,7.879325155895011,-41.977196456363544,0.0517273577217506,-0.12400022519422195,1.8173252152482844,-0.315821,0.332729,0.288511,0.163458,0.559825,0.588558,-0.55989,-0.578259,0.178056,-0.257903,0.676156,0.0291367,0.368594,-0.637261,86.7696938134773,-4.1586360390746755,-5.533445469515898,6.457842036830263,11.818181153790661,-9.95740903826507,18.52069539720706,18.1735556027944
29.98351287841797,-7.545594060876805,7.879325155895011,-41.977196456363544,0.0517273577217506,-0.12400022519422195,1.8173252152482844,-0.315821,0.332729,0.288511,0.163458,0.559825,0.588558,-0.55989,-0.578259,0.178056,-0.257903,0.676156,0.0291367,0.368594,-0.637261,86.7696938134773,-4.1586360390746755,-5.533445469515898,6.457842036830263,11.818181153790661,-9.95740903826507,18.52069539720706,18.1735556027944
30.083752870559692,-6.053238749873167,6.8926900377601115,-42.46307568064749,-0.022338899346802412,0.05333970163026701,2.4320688644950477,-0.31465,0.332125,0.287457,0.155958,0.558626,0.586594,-0.565262,-0.589666,0.176923,-0.253044,0.665926,0.0225372,0.369112,-0.647913,87.42755956281812,-4.936239402142425,-5.217821328624042,6.464978255751893,13.938595943131972,-10.145948129498393,17.859084035992947,18.635537531180614
30.08478546142578,-6.053238749873167,6.8926900377601115,-42.46307568064749,-0.022338899346802412,0.05333970163026701,2.4320688644950477,-0.31465,0.332125,0.287457,0.155958,0.558626,0.586594,-0.565262,-0.589666,0.176923,-0.253044,0.665926,0.0225372,0.369112,-0.647913,87.42755956281812,-4.936239402142425,-5.217821328624042,6.464978255751893,13.938595943131972,-10.145948129498393,17.859084035992947,18.635537531180614
30.17907404899597,-1.1374766227522315,4.683029289975563,-40.98540874484385,-0.3393111039684279,-0.14270537422826923,3.510846435424628,-0.314385,0.331812,0.28698,0.153254,0.557364,0.585912,-0.567948,-0.597358,0.173569,-0.249669,0.659777,0.0103366,0.370671,-0.653598,88.2480132739444,-5.855959923233886,-5.817355846435076,4.736360551531048,13.498825248638088,-9.816988541337707,17.736046981354168,18.749719639489683
30.18006443977356,-1.1374766227522315,4.683029289975563,-40.98540874484385,-0.3393111039684279,-0.14270537422826923,3.510846435424628,-0.314385,0.331812,0.28698,0.153254,0.557364,0.585912,-0.567948,-0.597358,0.173569,-0.249669,0.659777,0.0103366,0.370671,-0.653598,88.2480132739444,-5.855959923233886,-5.817355846435076,4.736360551531048,13.498825248638088,-9.816988541337707,17.736046981354168,18.749719639489683
30.279303312301636,0.12964809320651582,3.0168553375028204,-40.73189766723996,-0.42983277440287493,-0.2242059797735466,3.997487777658318,-0.31416,0.331172,0.286214,0.153076,0.55739,0.583453,-0.570497,-0.601392,0.175179,-0.249307,0.653202,0.0115193,0.374703,-0.657869,87.52059307516987,-6.427368576906838,-5.68418616708019,4.492432207944342,13.88760922727607,-9.900036635680962,17.621285691089714,19.172044980212927
30.280302047729492,0.12964809320651582,3.0168553375028204,-40.73189766723996,-0.42983277440287493,-0.2242059797735466,3.997487777658318,-0.31416,0.331172,0.286214,0.153076,0.55739,0.583453,-0.570497,-0.601392,0.175179,-0.249307,0.653202,0.0115193,0.374703,-0.657869,87.52059307516987,-6.427368576906838,-5.68418616708019,4.492432207944342,13.88760922727607,-9.900036635680962,17.621285691089714,19.172044980212927
30.38944673538208,-0.20250530969230415,5.070069189061658,-40.348048663072596,0.41360902523536985,-0.47525857605511884,3.9463646679569866,-0.314021,0.331629,0.286932,0.153567,0.556635,0.585244,-0.569267,-0.601529,0.192076,-0.251726,0.652419,0.0253848,0.387946,-0.650541,85.30330293669923,-6.081410751317172,-5.437857047219037,1.8587392547867356,12.810665702584076,-6.384844153880259,14.548151643162548,15.668444217823039
30.390451908111572,-0.20250530969230415,5.070069189061658,-40.348048663072596,0.41360902523536985,-0.47525857605511884,3.9463646679569866,-0.314021,0.331629,0.286932,0.153567,0.556635,0.585244,-0.569267,-0.601529,0.192076,-0.251726,0.652419,0.0253848,0.387946,-0.650541,85.30330293669923,-6.081410751317172,-5.437857047219037,1.8587392547867356,12.810665702584076,-6.384844153880259,14.548151643162548,15.668444217823039
30.488511085510254,0.5000570326745816,8.194349997226968,-35.11159448952751,0.9497873905620285,-0.35142634172925097,3.491540784950302,-0.314342,0.331406,0.286266,0.153278,0.55765,0.58437,-0.569249,-0.603812,0.209582,-0.25483,0.640278,0.0509363,0.412386,-0.646055,80.97331955889906,-6.425222963081506,-4.747922494839029,7.174338476667311,13.411791628833905,-10.299033172022824,18.141650407338837,20.098876120520803
30.489509344100952,0.5000570326745816,8.194349997226968,-35.11159448952751,0.9497873905620285,-0.35142634172925097,3.491540784950302,-0.314342,0.331406,0.286266,0.153278,0.55765,0.58437,-0.569249,-0.603812,0.209582,-0.25483,0.640278,0.0509363,0.412386,-0.646055,80.97331955889906,-6.425222963081506,-4.747922494839029,7.174338476667311,13.411791628833905,-10.299033172022824,18.141650407338837,20.098876120520803
30.587971210479736,-0.4935751276953688,5.7654670152893015,-30.741037673262287,0.3140822026064218,0.09430087949395768,3.402302294920468,-0.314371,0.331279,0.286065,0.152347,0.558067,0.584011,-0.569458,-0.604088,0.224686,-0.255891,0.641923,0.0613704,0.4225,-0.636916,79.29060293114408,-5.471880352369475,-4.968457527065442,3.479042077985026,11.519474563850611,-5.8242437369807405,14.809000899898807,14.8705834382618
30.588967323303223,-0.4935751276953688,5.7654670152893015,-30.741037673262287,0.3140822026064218,0.09430087949395768,3.402302294920468,-0.314371,0.331279,0.286065,0.152347,0.558067,0.584011,-0.569458,-0.604088,0.224686,-0.255891,0.641923,0.0613704,0.4225,-0.636916,79.29060293114408,-5.471880352369475,-4.968457527065442,3.479042077985026,11.519474563850611,-5.8242437369807405,14.809000899898807,14.8705834382618
30.685651779174805,-0.445923806377285,10.15738051585538,-30.45299702270743,0.7791036565626637,-0.0630062827314562,2.9087914206361685,-0.31454,0.331691,0.286446,0.152776,0.556865,0.583812,-0.570723,-0.601719,0.240549,-0.25718,0.640617,0.0774505,0.434195,-0.628559,76.75669951116868,-4.640380543204852,-4.537330491873684,1.2621153738088804,8.045201847201568,-3.3228151921118396,14.04571048718801,12.519266328954568
30.686676740646362,-0.445923806377285,10.15738051585538,-30.45299702270743,0.7791036565626637,-0.0630062827314562,2.9087914206361685,-0.31454,0.331691,0.286446,0.152776,0.556865,0.583812,-0.570723,-0.601719,0.240549,-0.25718,0.640617,0.0774505,0.434195,-0.628559,76.75669951116868,-4.640380543204852,-4.537330491873684,1.2621153738088804,8.045201847201568,-3.3228151921118396,14.04571048718801,12.519266328954568
30.782676935195923,0.2220369915444546,11.501036142949783,-29.411354854425674,0.5972272662193158,0.13908780299673476,2.9565164208572323,-0.314552,0.33142,0.28603,0.154457,0.558583,0.584604,-0.567773,-0.59889,0.255352,-0.258828,0.621581,0.106217,0.447558,-0.634071,73.08937420993695,-6.051581065951254,-2.3031126162153956,7.975535866559385,10.889937533695946,-7.281542650829927,16.871351291884686,17.75840134895913
30.783705234527588,0.2220369915444546,11.501036142949783,-29.411354854425674,0.5972272662193158,0.13908780299673476,2.9565164208572323,-0.314552,0.33142,0.28603,0.154457,0.558583,0.584604,-0.567773,-0.59889,0.255352,-0.258828,0.621581,0.106217,0.447558,-0.634071,73.08937420993695,-6.051581065951254,-2.3031126162153956,7.975535866559385,10.889937533695946,-7.281542650829927,16.871351291884686,17.75840134895913
30.883352756500244,0.6106613848492438,11.126547855989934,-29.483830272395405,0.3569909406373762,0.10931430705802388,3.0146025645870917,-0.314643,0.331868,0.286632,0.15459,0.557003,0.585113,-0.568764,-0.5995,0.27117,-0.257271,0.616728,0.123575,0.458515,-0.627805,70.51060755857256,-5.477088693445614,-1.4773418851271138,6.42768327016533,11.219432984795102,-5.771283182775569,15.395782048941388,15.308691394461354
30.884374856948853,0.6106613848492438,11.126547855989934,-29.483830272395405,0.3569909406373762,0.10931430705802388,3.0146025645870917,-0.314643,0.331868,0.286632,0.15459,0.557003,0.585113,-0.568764,-0.5995,0.27117,-0.257271,0.616728,0.123575,0.458515,-0.627805,70.51060755857256,-5.477088693445614,-1.4773418851271138,6.42768327016533,11.219432984795102,-5.771283182775569,15.395782048941388,15.308691394461354
30.9783673286438,0.6528274654193351,10.326641626898148,-26.940454449396515,0.07645493473690848,0.1563309172841534,2.9562868883544344,-0.314606,0.331943,0.286744,0.154283,0.557558,0.585614,-0.567787,-0.600634,0.287607,-0.254971,0.607946,0.141713,0.473923,-0.62106,67.59229844014047,-5.4079483257812235,-1.000196128931151,7.536775658748184,12.461188096225795,-5.668171321802838,14.498856635239036,14.951157691240544
30.979618549346924,0.6528274654193351,10.326641626898148,-26.940454449396515,0.07645493473690848,0.1563309172841534,2.9562868883544344,-0.314606,0.331943,0.286744,0.154283,0.557558,0.585614,-0.567787,-0.600634,0.287607,-0.254971,0.607946,0.141713,0.473923,-0.62106,67.59229844014047,-5.4079483257812235,-1.000196128931151,7.536775658748184,12.461188096225795,-5.668171321802838,14.498856635239036,14.951157691240544
31.08216643333435,1.080173828960019,12.621730859630784,-25.322284219759354,0.42589035518080637,-0.009322060353955795,2.4582257078788716,-0.314779,0.331932,0.286548,0.152637,0.556897,0.584747,-0.56977,-0.600348,0.310388,-0.251324,0.594377,0.165577,0.495774,-0.611154,63.35931250257897,-4.987640543410187,-0.4306944313659482,8.113308207003119,8.952391997923659,-5.167497116510042,14.91860039426164,15.416079871226172
31.08322262763977,1.080173828960019,12.621730859630784,-25.322284219759354,0.42589035518080637,-0.009322060353955795,2.4582257078788716,-0.314779,0.331932,0.286548,0.152637,0.556897,0.584747,-0.56977,-0.600348,0.310388,-0.251324,0.594377,0.165577,0.495774,-0.611154,63.35931250257897,-4.987640543410187,-0.4306944313659482,8.113308207003119,8.952391997923659,-5.167497116510042,14.91860039426164,15.416079871226172
31.181886911392212,-0.44519643544387666,13.82856838122034,-23.833564539946206,0.23956932528634384,0.011727646617366496,2.014735606168302,-0.314679,0.332275,0.287177,0.153499,0.556837,0.585301,-0.569028,-0.599396,0.33057,-0.246518,0.582748,0.187991,0.513217,-0.601392,59.636271194017226,-4.769350464225679,0.2562762697288221,8.316784781397935,9.126635682426851,-4.853025557496977,14.667824808777745,14.858059014946901
31.18291401863098,-0.44519643544387666,13.82856838122034,-23.833564539946206,0.23956932528634384,0.011727646617366496,2.014735606168302,-0.314679,0.332275,0.287177,0.153499,0.556837,0.585301,-0.569028,-0.599396,0.33057,-0.246518,0.582748,0.187991,0.513217,-0.601392,59.636271194017226,-4.769350464225679,0.2562762697288221,8.316784781397935,9.126635682426851,-4.853025557496977,14.667824808777745,14.858059014946901
31.28211259841919,-0.5013229119587769,13.708898431014324,-22.317351799800946,0.15842829423896307,0.00851002115058332,1.7214913233028513,-0.314738,0.332372,0.287328,0.153491,0.556395,0.586387,-0.568344,-0.599383,0.348702,-0.240881,0.575105,0.205955,0.530729,-0.587506,56.388244763526004,-4.179906438691571,0.24357267020475426,8.02704292672016,8.334282795995499,-4.005017157654116,14.221081841958117,13.629659997017196
31.28324604034424,-0.5013229119587769,13.708898431014324,-22.317351799800946,0.15842829423896307,0.00851002115058332,1.7214913233028513,-0.314738,0.332372,0.287328,0.153491,0.556395,0.586387,-0.568344,-0.599383,0.348702,-0.240881,0.575105,0.205955,0.530729,-0.587506,56.388244763526004,-4.179906438691571,0.24357267020475426,8.02704292672016,8.334282795995499,-4.005017157654116,14.221081841958117,13.629659997017196
31.388689756393433,-1.6642273333425655,15.80895872819727,-25.78177279868688,-0.2087237291991993,0.17834691032876646,2.1200234720524462,-0.314617,0.332568,0.287795,0.152686,0.558793,0.58666,-0.565922,-0.598288,0.363029,-0.235866,0.562594,0.220393,0.541191,-0.584831,54.195262222392024,-4.7019563633099,0.8930666143399595,8.879893735039056,9.28000427638159,-3.1333593527569263,13.484198219454806,13.27557805058823
31.389710664749146,-1.6642273333425655,15.80895872819727,-25.78177279868688,-0.2087237291991993,0.17834691032876646,2.1200234720524462,-0.314617,0.332568,0.287795,0.152686,0.558793,0.58666,-0.565922,-0.598288,0.363029,-0.235866,0.562594,0.220393,0.541191,-0.584831,54.195262222392024,-4.7019563633099,0.8930666143399595,8.879893735039056,9.28000427638159,-3.1333593527569263,13.484198219454806,13.27557805058823
31.48939800262451,-3.566261385521699,14.499841530136926,-27.260806307610437,-0.5876069887939338,0.41718765333819563,2.877607845217409,-0.314119,0.332571,0.288305,0.152503,0.557962,0.586411,-0.567047,-0.592471,0.381559,-0.230013,0.546469,0.247604,0.552861,-0.578281,50.354255141576914,-4.071792468355099,2.5390233903307244,10.097575723743715,8.049792467169349,-4.262696505510128,15.029598749146272,14.665910821256976
31.490389347076416,-3.566261385521699,14.499841530136926,-27.260806307610437,-0.5876069887939338,0.41718765333819563,2.877607845217409,-0.314119,0.332571,0.288305,0.152503,0.557962,0.586411,-0.567047,-0.592471,0.381559,-0.230013,0.546469,0.247604,0.552861,-0.578281,50.354255141576914,-4.071792468355099,2.5390233903307244,10.097575723743715,8.049792467169349,-4.262696505510128,15.029598749146272,14.665910821256976
31.589759826660156,-2.7193882180948985,16.345578951707832,-23.197405084034127,-0.17102454180296203,-0.03874833533266457,2.1391834958001685,-0.314392,0.332873,0.288808,0.15339,0.559339,0.588327,-0.563456,-0.589658,0.401944,-0.220829,0.534507,0.268794,0.5721,-0.561029,46.57879854094742,-3.7728048076095626,2.5775838064355163,10.91713365473803,7.305251416000759,-3.4888307405356684,14.846204719799168,14.16228038976176
31.59075140953064,-2.7193882180948985,16.345578951707832,-23.197405084034127,-0.17102454180296203,-0.03874833533266457,2.1391834958001685,-0.314392,0.332873,0.288808,0.15339,0.559339,0.588327,-0.563456,-0.589658,0.401944,-0.220829,0.534507,0.268794,0.5721,-0.561029,46.57879854094742,-3.7728048076095626,2.5775838064355163,10.91713365473803,7.305251416000759,-3.4888307405356684,14.846204719799168,14.16228038976176
31.68852472305298,-3.524682555961334,16.804284942796187,-21.72963270314332,-0.21232089002946367,-0.3442431486290924,1.905422724868474,-0.314508,0.332993,0.288917,0.15387,0.558551,0.588732,-0.563684,-0.589743,0.417629,-0.211597,0.521235,0.2854,0.583886,-0.553116,43.594202121063475,-3.5662184509558377,3.3133954839581943,9.103927258617556,8.330863754394404,-2.3377704902504277,14.423898927295916,12.935126591006886
31.689506769180298,-3.524682555961334,16.804284942796187,-21.72963270314332,-0.21232089002946367,-0.3442431486290924,1.905422724868474,-0.314508,0.332993,0.288917,0.15387,0.558551,0.588732,-0.563684,-0.589743,0.417629,-0.211597,0.521235,0.2854,0.583886,-0.553116,43.594202121063475,-3.5662184509558377,3.3133954839581943,9.103927258617556,8.330863754394404,-2.3377704902504277,14.423898927295916,12.935126591006886
31.788882732391357,-3.360401947631967,15.87145885044341,-18.65676169070969,-6.488015788501463e-06,-0.6121707056654558,1.6626812839455156,-0.314591,0.332999,0.288746,0.15317,0.558183,0.588377,-0.564608,-0.590941,0.434389,-0.1998,0.505516,0.298616,0.601949,-0.541239,40.18700236974705,-3.6878320920715386,3.2168577612436255,7.717868504073626,6.4366932168402755,-0.9775048265513888,13.959147899985947,11.433939764815428
31.78986144065857,-3.360401947631967,15.87145885044341,-18.65676169070969,-6.488015788501463e-06,-0.6121707056654558,1.6626812839455156,-0.314591,0.332999,0.288746,0.15317,0.558183,0.588377,-0.564608,-0.590941,0.434389,-0.1998,0.505516,0.298616,0.601949,-0.541239,40.18700236974705,-3.6878320920715386,3.2168577612436255,7.717868504073626,6.4366932168402755,-0.9775048265513888,13.959147899985947,11.433939764815428
31.88788914680481,-3.4501264886859815,17.7923420385923,-17.1428884081478,0.501061718976569,-0.8372170785245221,1.3765687877135744,-0.314594,0.333239,0.289088,0.152052,0.558946,0.588265,-0.564272,-0.590032,0.447508,-0.19037,0.492491,0.313349,0.613906,-0.531399,37.43780132915801,-3.518250483117184,3.4580301204513706,8.410006134715848,6.563145281509943,-1.0481996557602962,13.657515170855593,11.522459903906993
31.888916969299316,-3.4501264886859815,17.7923420385923,-17.1428884081478,0.501061718976569,-0.8372170785245221,1.3765687877135744,-0.314594,0.333239,0.289088,0.152052,0.558946,0.588265,-0.564272,-0.590032,0.447508,-0.19037,0.492491,0.313349,0.613906,-0.531399,37.43780132915801,-3.518250483117184,3.4580301204513706,8.410006134715848,6.563145281509943,-1.0481996557602962,13.657515170855593,11.522459903906993
31.990055322647095,-2.3386982236672402,23.378125027565506,-21.777029188439162,0.6077489118880972,-1.3081743970282198,1.2882496807295931,-0.314506,0.333295,0.289192,0.151132,0.558015,0.586888,-0.566869,-0.591258,0.447257,-0.189808,0.492689,0.311758,0.614528,-0.531433,37.393170775159234,-3.3485911144197638,3.1607454401898796,7.744194745215645,5.208779505176029,-1.197744704893065,14.668471665083933,11.33312769758887
31.99103832244873,-2.3386982236672402,23.378125027565506,-21.777029188439162,0.6077489118880972,-1.3081743970282198,1.2882496807295931,-0.314506,0.333295,0.289192,0.151132,0.558015,0.586888,-0.566869,-0.591258,0.447257,-0.189808,0.492689,0.311758,0.614528,-0.531433,37.393170775159234,-3.3485911144197638,3.1607454401898796,7.744194745215645,5.208779505176029,-1.197744704893065,14.668471665083933,11.33312769758887
32.09349298477173,-0.6731490061482974,22.371905646085025,-26.717801802883987,-0.8530431525978336,-1.1968083538598036,2.4386456719632514,-0.3145,0.332712,0.288065,0.150351,0.557505,0.586759,-0.567712,-0.596789,0.428255,-0.201294,0.503969,0.291177,0.60004,-0.548801,41.01822531271471,-4.157621139041678,3.135541679896388,9.3942408813052,8.39880672131283,-2.188358419160622,14.276315457259187,13.596524770560329
32.09450888633728,-0.6731490061482974,22.371905646085025,-26.717801802883987,-0.8530431525978336,-1.1968083538598036,2.4386456719632514,-0.3145,0.332712,0.288065,0.150351,0.557505,0.586759,-0.567712,-0.596789,0.428255,-0.201294,0.503969,0.291177,0.60004,-0.548801,41.01822531271471,-4.157621139041678,3.135541679896388,9.3942408813052,8.39880672131283,-2.188358419160622,14.276315457259187,13.596524770560329
32.19388461112976,0.04086760826980112,22.346242496174764,-31.25595268634037,-1.6287631487399323,-1.3059144332950907,2.912675151347806,-0.314369,0.33246,0.28771,0.151089,0.557937,0.587087,-0.566751,-0.600372,0.407823,-0.212544,0.520313,0.267411,0.585926,-0.560764,44.92269441579216,-4.869343823314212,2.309101835622519,10.601068981896608,9.90088789566104,-3.0661582727406795,14.481640551359408,14.335631597255324
32.19486212730408,0.04086760826980112,22.346242496174764,-31.25595268634037,-1.6287631487399323,-1.3059144332950907,2.912675151347806,-0.314369,0.33246,0.28771,0.151089,0.557937,0.587087,-0.566751,-0.600372,0.407823,-0.212544,0.520313,0.267411,0.585926,-0.560764,44.92269441579216,-4.869343823314212,2.309101835622519,10.601068981896608,9.90088789566104,-3.0661582727406795,14.481640551359408,14.335631597255324
32.2915940284729,0.20369875744955698,24.0498494084648,-35.4141553919669,-2.150338043272554,-1.752257377694403,3.2361720449462843,-0.314265,0.332382,0.287743,0.15106,0.558062,0.58721,-0.566508,-0.601666,0.391639,-0.220914,0.535617,0.25013,0.570736,-0.569921,48.31154526235392,-4.866188687707211,1.7672396560046693,10.340366053503327,11.039064018220712,-3.281234003378607,13.939544792711999,13.910373327635186
32.29256463050842,0.20369875744955698,24.0498494084648,-35.4141553919669,-2.150338043272554,-1.752257377694403,3.2361720449462843,-0.314265,0.332382,0.287743,0.15106,0.558062,0.58721,-0.566508,-0.601666,0.391639,-0.220914,0.535617,0.25013,0.570736,-0.569921,48.31154526235392,-4.866188687707211,1.7672396560046693,10.340366053503327,11.039064018220712,-3.281234003378607,13.939544792711999,13.910373327635186
32.40586304664612,0.4570519262810642,26.33496728316285,-39.086925357482706,-1.973607334930684,-1.7898218579343808,3.353225759486978,-0.314272,0.332213,0.287352,0.149525,0.55671,0.585472,-0.570034,-0.605595,0.37665,-0.22643,0.544179,0.231608,0.560695,-0.579524,50.92788997161675,-5.106116730223,1.0847798606681653,10.208240358887235,9.850906017251027,-4.127467981106932,14.51657164615003,14.916343485311911
32.40684676170349,0.4570519262810642,26.33496728316285,-39.086925357482706,-1.973607334930684,-1.7898218579343808,3.353225759486978,-0.314272,0.332213,0.287352,0.149525,0.55671,0.585472,-0.570034,-0.605595,0.37665,-0.22643,0.544179,0.231608,0.560695,-0.579524,50.92788997161675,-5.106116730223,1.0847798606681653,10.208240358887235,9.850906017251027,-4.127467981106932,14.51657164615003,14.916343485311911
32.50923275947571,1.1542451843788037,24.873678908390144,-41.233674559474395,-1.819759468837738,-1.7361647494164238,3.772654907651759,-0.314237,0.332318,0.287366,0.149355,0.555397,0.585781,-0.571042,-0.608789,0.360115,-0.232035,0.552887,0.212489,0.543838,-0.594479,54.3122615604132,-5.7010290116077,1.2535941191408977,8.757886992452683,11.878061528862833,-4.125622129944148,14.040078229220743,14.390046108385423
32.510204792022705,1.1542451843788037,24.873678908390144,-41.233674559474395,-1.819759468837738,-1.7361647494164238,3.772654907651759,-0.314237,0.332318,0.287366,0.149355,0.555397,0.585781,-0.571042,-0.608789,0.360115,-0.232035,0.552887,0.212489,0.543838,-0.594479,54.3122615604132,-5.7010290116077,1.2535941191408977,8.757886992452683,11.878061528862833,-4.125622129944148,14.040078229220743,14.390046108385423
32.604888916015625,1.5743799028953076,21.224658712338847,-40.79591741236,-2.0938211686377817,-1.655078237635391,4.037724910162289,-0.314066,0.33193,0.286995,0.149003,0.556491,0.586248,-0.569587,-0.609043,0.342689,-0.23822,0.566146,0.19243,0.52941,-0.601809,57.812382709125295,-5.977550800106165,0.36674021245678823,9.009601984201481,11.991854722799204,-4.153108985744041,13.647629376403945,14.468996898974252
32.605868101119995,1.5743799028953076,21.224658712338847,-40.79591741236,-2.0938211686377817,-1.655078237635391,4.037724910162289,-0.314066,0.33193,0.286995,0.149003,0.556491,0.586248,-0.569587,-0.609043,0.342689,-0.23822,0.566146,0.19243,0.52941,-0.601809,57.812382709125295,-5.977550800106165,0.36674021245678823,9.009601984201481,11.991854722799204,-4.153108985744041,13.647629376403945,14.468996898974252
32.70379185676575,-0.6019367231457142,21.45670099803632,-41.919188797640096,-2.233329857142524,-1.6313537261213267,3.926625639992359,-0.313836,0.331808,0.286912,0.150297,0.556778,0.584891,-0.57036,-0.60727,0.324028,-0.244292,0.581005,0.174796,0.511623,-0.608375,61.0513260498398,-5.646102018806644,-0.29056301924009276,8.301585622608856,11.958680595972119,-4.644268068413432,14.074479277088514,14.543798082184848
32.70489454269409,-0.6019367231457142,21.45670099803632,-41.919188797640096,-2.233329857142524,-1.6313537261213267,3.926625639992359,-0.313836,0.331808,0.286912,0.150297,0.556778,0.584891,-0.57036,-0.60727,0.324028,-0.244292,0.581005,0.174796,0.511623,-0.608375,61.0513260498398,-5.646102018806644,-0.29056301924009276,8.301585622608856,11.958680595972119,-4.644268068413432,14.074479277088514,14.543798082184848
32.80569076538086,-4.92421943822681,21.050285002619155,-46.054070182153254,-2.6949191270417376,-0.7113138864878517,3.8015712718825863,-0.313922,0.332024,0.287467,0.151414,0.556415,0.587644,-0.567583,-0.604325,0.308358,-0.248883,0.592346,0.161271,0.495134,-0.614785,64.07283681347491,-5.721236123946676,-0.25301452838105654,9.049837990292877,13.135126451162854,-5.6398865622472485,14.220037289185075,15.366105578999104
32.80677604675293,-4.92421943822681,21.050285002619155,-46.054070182153254,-2.6949191270417376,-0.7113138864878517,3.8015712718825863,-0.313922,0.332024,0.287467,0.151414,0.556415,0.587644,-0.567583,-0.604325,0.308358,-0.248883,0.592346,0.161271,0.495134,-0.614785,64.07283681347491,-5.721236123946676,-0.25301452838105654,9.049837990292877,13.135126451162854,-5.6398865622472485,14.220037289185075,15.366105578999104
32.907307863235474,-7.783858303408661,18.176460714003802,-47.056584905353404,-2.96396696856447,0.11933025114566943,3.2832163968927257,-0.313958,0.332451,0.28822,0.153106,0.556894,0.587125,-0.567196,-0.596686,0.296859,-0.253594,0.606188,0.153244,0.479609,-0.615652,66.27443025382873,-4.797943314770162,-0.5042581541123763,8.163950199146848,10.404343451412378,-5.475603544585368,15.50051843086732,15.148058475996889
32.90829300880432,-7.783858303408661,18.176460714003802,-47.056584905353404,-2.96396696856447,0.11933025114566943,3.2832163968927257,-0.313958,0.332451,0.28822,0.153106,0.556894,0.587125,-0.567196,-0.596686,0.296859,-0.253594,0.606188,0.153244,0.479609,-0.615652,66.27443025382873,-4.797943314770162,-0.5042581541123763,8.163950199146848,10.404343451412378,-5.475603544585368,15.50051843086732,15.148058475996889
33.00909471511841,-10.608629399842112,17.409556803814525,-45.59553933820238,-2.9928628853374146,0.5393966348260597,2.597921576719473,-0.31472,0.333109,0.289771,0.160602,0.55934,0.589229,-0.560495,-0.583093,0.289822,-0.259885,0.621358,0.152637,0.467394,-0.610048,67.53573944285593,-4.145215688096576,-0.7104889918774671,7.780601329306256,8.64651245010959,-5.653760931427001,15.792360698616376,15.15029820095158
33.0101101398468,-10.608629399842112,17.409556803814525,-45.59553933820238,-2.9928628853374146,0.5393966348260597,2.597921576719473,-0.31472,0.333109,0.289771,0.160602,0.55934,0.589229,-0.560495,-0.583093,0.289822,-0.259885,0.621358,0.152637,0.467394,-0.610048,67.53573944285593,-4.145215688096576,-0.7104889918774671,7.780601329306256,8.64651245010959,-5.653760931427001,15.792360698616376,15.15029820095158
33.11305546760559,-1.8499649294904124,17.969438993114522,-43.260638409440865,-2.1262126326495796,-0.9245709823883659,3.0911065243879237,-0.314625,0.332741,0.289792,0.161889,0.561813,0.588309,-0.558615,-0.58127,0.290332,-0.260597,0.622339,0.152147,0.46976,-0.607348,67.37008414401949,-4.279877453859896,-1.3485537656923494,8.140420157170317,7.980263762203068,-5.529341423698398,15.72406810281118,15.295964836053457
33.1140353679657,-1.8499649294904124,17.969438993114522,-43.260638409440865,-2.1262126326495796,-0.9245709823883659,3.0911065243879237,-0.314625,0.332741,0.289792,0.161889,0.561813,0.588309,-0.558615,-0.58127,0.290332,-0.260597,0.622339,0.152147,0.46976,-0.607348,67.37008414401949,-4.279877453859896,-1.3485537656923494,8.140420157170317,7.980263762203068,-5.529341423698398,15.72406810281118,15.295964836053457
33.21204900741577,-2.1507067910425586,21.636030007110428,-41.36465926319689,-1.127709040966797,-0.5488540742157595,3.154111685376592,-0.314251,0.331793,0.287217,0.154233,0.556305,0.586659,-0.567951,-0.599708,0.294909,-0.253648,0.603035,0.149469,0.48186,-0.617915,66.14603835456356,-5.4307937873886125,-0.6458168213621072,7.820443757702597,10.763030643465182,-5.65842435060808,15.489308423094148,15.663017768460236
33.21302008628845,-2.1507067910425586,21.636030007110428,-41.36465926319689,-1.127709040966797,-0.5488540742157595,3.154111685376592,-0.314251,0.331793,0.287217,0.154233,0.556305,0.586659,-0.567951,-0.599708,0.294909,-0.253648,0.603035,0.149469,0.48186,-0.617915,66.14603835456356,-5.4307937873886125,-0.6458168213621072,7.820443757702597,10.763030643465182,-5.65842435060808,15.489308423094148,15.663017768460236
33.31621050834656,-3.8632582550288603,22.370693009088786,-48.12007902828151,-0.6779864948556135,-0.8821211633243043,3.6318212457587067,-0.314029,0.331679,0.28671,0.14728,0.555995,0.58614,-0.570629,-0.61668,0.290877,-0.247517,0.594222,0.13226,0.486739,-0.626492,67.4179004250725,-6.926398520435978,-1.6217294493938077,8.113937392522917,15.688350632200578,-6.68924946324173,13.657335163030885,16.265036343127147
33.31722283363342,-3.8632582550288603,22.370693009088786,-48.12007902828151,-0.6779864948556135,-0.8821211633243043,3.6318212457587067,-0.314029,0.331679,0.28671,0.14728,0.555995,0.58614,-0.570629,-0.61668,0.290877,-0.247517,0.594222,0.13226,0.486739,-0.626492,67.4179004250725,-6.926398520435978,-1.6217294493938077,8.113937392522917,15.688350632200578,-6.68924946324173,13.657335163030885,16.265036343127147
33.4249632358551,-1.3763460451561174,15.411651356173778,-48.84309392421544,-1.421503408324216,-1.390185951822549,4.245678929845031,-0.31392,0.331831,0.286898,0.149426,0.555814,0.585739,-0.57066,-0.614266,0.268804,-0.250583,0.608922,0.108831,0.466435,-0.632303,71.23226818045927,-6.785066632206492,-2.5331798876380116,6.8194631776270285,15.217825813895724,-6.782669592597749,13.971685754764133,16.08226024308771
33.425936222076416,-1.3763460451561174,15.411651356173778,-48.84309392421544,-1.421503408324216,-1.390185951822549,4.245678929845031,-0.31392,0.331831,0.286898,0.149426,0.555814,0.585739,-0.57066,-0.614266,0.268804,-0.250583,0.608922,0.108831,0.466435,-0.632303,71.23226818045927,-6.785066632206492,-2.5331798876380116,6.8194631776270285,15.217825813895724,-6.782669592597749,13.971685754764133,16.08226024308771
33.52281355857849,-5.192965173072114,13.981328675802635,-46.74104332458188,-1.0951251427230027,-1.302586211019601,3.2921073618944363,-0.314134,0.331563,0.286518,0.150748,0.555174,0.586197,-0.570465,-0.606893,0.243017,-0.254593,0.637502,0.0800614,0.444473,-0.624199,75.82502689933634,-4.7580903562808,-4.76765414138224,4.5905558480602995,10.472364985551268,-5.783833423715386,15.45194638114993,14.631786060607427
33.523985385894775,-5.192965173072114,13.981328675802635,-46.74104332458188,-1.0951251427230027,-1.302586211019601,3.2921073618944363,-0.314134,0.331563,0.286518,0.150748,0.555174,0.586197,-0.570465,-0.606893,0.243017,-0.254593,0.637502,0.0800614,0.444473,-0.624199,75.82502689933634,-4.7580903562808,-4.76765414138224,4.5905558480602995,10.472364985551268,-5.783833423715386,15.45194638114993,14.631786060607427
33.62518644332886,-5.873046020828258,10.16157612524586,-48.267754012985385,-1.6889784844952733,-0.9436523747588185,3.116248191291086,-0.314297,0.331622,0.286534,0.151604,0.555942,0.585626,-0.570077,-0.601077,0.209057,-0.254819,0.646642,0.0494268,0.412162,-0.639949,81.26779804578199,-5.427439736585848,-5.026801538788881,7.010072431185366,10.00352057199418,-9.53820648065308,18.932774917422247,19.395293923620073
33.62615466117859,-5.873046020828258,10.16157612524586,-48.267754012985385,-1.6889784844952733,-0.9436523747588185,3.116248191291086,-0.314297,0.331622,0.286534,0.151604,0.555942,0.585626,-0.570077,-0.601077,0.209057,-0.254819,0.646642,0.0494268,0.412162,-0.639949,81.26779804578199,-5.427439736585848,-5.026801538788881,7.010072431185366,10.00352057199418,-9.53820648065308,18.932774917422247,19.395293923620073
33.728527307510376,-4.0375894120902664,6.039126349436619,-43.148746476171425,-2.5655754145601315,-0.2478948233427776,3.8245001611493192,-0.314204,0.331819,0.286951,0.152409,0.556305,0.586814,-0.568283,-0.593868,0.194973,-0.25438,0.665795,0.0309451,0.388648,-0.636169,85.07795404112123,-3.908634276358795,-5.8024042430421705,2.4333290291021346,9.180681382576987,-5.427120666194384,15.227482568746332,14.052644707200285
33.72950220108032,-4.0375894120902664,6.039126349436619,-43.148746476171425,-2.5655754145601315,-0.2478948233427776,3.8245001611493192,-0.314204,0.331819,0.286951,0.152409,0.556305,0.586814,-0.568283,-0.593868,0.194973,-0.25438,0.665795,0.0309451,0.388648,-0.636169,85.07795404112123,-3.908634276358795,-5.8024042430421705,2.4333290291021346,9.180681382576987,-5.427120666194384,15.227482568746332,14.052644707200285
33.829458475112915,-3.1197085971910146,9.122393196940392,-41.424997652734135,-1.7542506537875857,-0.2250659885369028,3.5774788428207938,-0.314206,0.331691,0.286749,0.153356,0.556307,0.586888,-0.56795,-0.594756,0.20523,-0.256696,0.65305,0.0505485,0.399458,-0.641407,82.4028811271565,-4.968418307044173,-4.28708058543843,5.948045019488633,11.079539690723637,-8.485814232183003,17.303055985683773,17.504363045898177
33.83042860031128,-3.1197085971910146,9.122393196940392,-41.424997652734135,-1.7542506537875857,-0.2250659885369028,3.5774788428207938,-0.314206,0.331691,0.286749,0.153356,0.556307,0.586888,-0.56795,-0.594756,0.20523,-0.256696,0.65305,0.0505485,0.399458,-0.641407,82.4028811271565,-4.968418307044173,-4.28708058543843,5.948045019488633,11.079539690723637,-8.485814232183003,17.303055985683773,17.504363045898177
33.929445028305054,-2.762509146531643,14.537083323119539,-37.412563301142704,-0.6642627480970511,-0.31765610741932127,2.928235730437636,-0.314561,0.331186,0.285634,0.153153,0.554939,0.584809,-0.571477,-0.602808,0.23513,-0.257359,0.631285,0.0822543,0.432663,-0.638371,76.32680353917938,-5.762920649355687,-3.0631721895724926,6.560958177547162,10.933736272878333,-8.049534329385367,17.38313181981525,18.071245240540556
33.93041133880615,-2.762509146531643,14.537083323119539,-37.412563301142704,-0.6642627480970511,-0.31765610741932127,2.928235730437636,-0.314561,0.331186,0.285634,0.153153,0.554939,0.584809,-0.571477,-0.602808,0.23513,-0.257359,0.631285,0.0822543,0.432663,-0.638371,76.32680353917938,-5.762920649355687,-3.0631721895724926,6.560958177547162,10.933736272878333,-8.049534329385367,17.38313181981525,18.071245240540556
34.029324769973755,-1.4157986648685068,16.18912317197505,-35.37001751530776,-0.7276428344615358,-0.4153047810078605,3.03673928697377,-0.31465,0.331272,0.28567,0.152274,0.554677,0.585504,-0.571254,-0.608352,0.266419,-0.254522,0.614743,0.111942,0.463072,-0.628589,71.03649703774224,-5.977697676966242,-2.3224792697044556,6.396698369417914,12.070137206143732,-6.377019333120423,15.474059632655672,15.987519933777998
34.03030204772949,-1.4157986648685068,16.18912317197505,-35.37001751530776,-0.7276428344615358,-0.4153047810078605,3.03673928697377,-0.31465,0.331272,0.28567,0.152274,0.554677,0.585504,-0.571254,-0.608352,0.266419,-0.254522,0.614743,0.111942,0.463072,-0.628589,71.03649703774224,-5.977697676966242,-2.3224792697044556,6.396698369417914,12.070137206143732,-6.377019333120423,15.474059632655672,15.987519933777998
34.1281361579895,0.42191546104787736,18.439168837807316,-32.0622523913178,-0.242292120361455,-0.6530603341644484,3.185092732351202,-0.314481,0.331826,0.286102,0.150065,0.555925,0.585729,-0.570394,-0.608486,0.29661,-0.250729,0.597797,0.144176,0.488517,-0.619034,66.07084261832884,-5.854509559749353,-1.272706451204085,7.947082636215162,11.75656819143857,-5.78290845629968,15.188769382834773,15.748856365433891
34.129122734069824,0.42191546104787736,18.439168837807316,-32.0622523913178,-0.242292120361455,-0.6530603341644484,3.185092732351202,-0.314481,0.331826,0.286102,0.150065,0.555925,0.585729,-0.570394,-0.608486,0.29661,-0.250729,0.597797,0.144176,0.488517,-0.619034,66.07084261832884,-5.854509559749353,-1.272706451204085,7.947082636215162,11.75656819143857,-5.78290845629968,15.188769382834773,15.748856365433891
34.22665357589722,1.1045685064421975,16.39138905184907,-27.617823693142416,0.12732496228727352,-0.7567692652154329,3.634515146380718,-0.314481,0.331459,0.285889,0.149215,0.55542,0.585375,-0.571471,-0.605003,0.323106,-0.246604,0.581127,0.177995,0.507705,-0.61061,61.17780010701193,-5.255163106900122,0.42170325646806894,8.765947085424994,10.333066886445941,-5.017210533078746,14.730720185908288,15.244468375366898
34.2276246547699,1.1045685064421975,16.39138905184907,-27.617823693142416,0.12732496228727352,-0.7567692652154329,3.634515146380718,-0.314481,0.331459,0.285889,0.149215,0.55542,0.585375,-0.571471,-0.605003,0.323106,-0.246604,0.581127,0.177995,0.507705,-0.61061,61.17780010701193,-5.255163106900122,0.42170325646806894,8.765947085424994,10.333066886445941,-5.017210533078746,14.730720185908288,15.244468375366898
34.32694101333618,0.12203724203948149,13.276811694251512,-25.36672088006137,0.3801944254740707,-0.9685916198447437,4.0068959160861395,-0.314355,0.331918,0.286787,0.149999,0.555271,0.587861,-0.568853,-0.602883,0.350832,-0.238877,0.562034,0.208772,0.528403,-0.6011,56.4391734908049,-5.3396937782408855,2.006411346512433,8.750276102848352,11.67808311694959,-4.069494654810676,13.938061061913588,14.131792408026044
34.32793188095093,0.12203724203948149,13.276811694251512,-25.36672088006137,0.3801944254740707,-0.9685916198447437,4.0068959160861395,-0.314355,0.331918,0.286787,0.149999,0.555271,0.587861,-0.568853,-0.602883,0.350832,-0.238877,0.562034,0.208772,0.528403,-0.6011,56.4391734908049,-5.3396937782408855,2.006411346512433,8.750276102848352,11.67808311694959,-4.069494654810676,13.938061061913588,14.131792408026044
34.43051743507385,0.2177069011714953,10.651726283670708,-20.884659587672022,0.8505561992019823,-1.3367774613152859,3.678585439460041,-0.314331,0.332039,0.286972,0.150621,0.555586,0.588289,-0.567938,-0.601378,0.380011,-0.227301,0.540216,0.237506,0.552299,-0.588832,51.25227309575889,-5.406594726824338,3.0451751001313223,7.227510110236279,11.115664188337586,-1.54591859788151,12.374787059083806,11.870495756689921
34.43168234825134,0.2177069011714953,10.651726283670708,-20.884659587672022,0.8505561992019823,-1.3367774613152859,3.678585439460041,-0.314331,0.332039,0.286972,0.150621,0.555586,0.588289,-0.567938,-0.601378,0.380011,-0.227301,0.540216,0.237506,0.552299,-0.588832,51.25227309575889,-5.406594726824338,3.0451751001313223,7.227510110236279,11.115664188337586,-1.54591859788151,12.374787059083806,11.870495756689921
34.529560804367065,-0.8393326898964676,10.503787784462423,-15.623278112632095,1.8099975284385068,-1.322465937913444,2.6635187575378976,-0.314541,0.332565,0.287565,0.149795,0.555931,0.588113,-0.568,-0.59962,0.40941,-0.213375,0.518225,0.271757,0.582061,-0.56462,44.94461298915905,-4.46717411979456,3.286080149290971,9.688524396950037,10.233237808932746,-3.789761453685564,14.843161837999286,14.749613388196092
34.53057789802551,-0.8393326898964676,10.503787784462423,-15.623278112632095,1.8099975284385068,-1.322465937913444,2.6635187575378976,-0.314541,0.332565,0.287565,0.149795,0.555931,0.588113,-0.568,-0.59962,0.40941,-0.213375,0.518225,0.271757,0.582061,-0.56462,44.94461298915905,-4.46717411979456,3.286080149290971,9.688524396950037,10.233237808932746,-3.789761453685564,14.843161837999286,14.749613388196092
34.631805181503296,-0.7083378519316765,7.625341229436016,-11.751878709103666,1.6608596153694748,-1.559295236089362,2.562691463072696,-0.314543,0.332792,0.28792,0.14798,0.556735,0.589047,-0.56672,-0.596325,0.430568,-0.201314,0.500078,0.293199,0.596804,-0.554781,41.425813574920845,-4.315923585745145,4.152260567167382,8.76040013561305,9.134299514618405,-1.6112700437749226,13.247721382711704,13.048101031196962
34.632927894592285,-0.7083378519316765,7.625341229436016,-11.751878709103666,1.6608596153694748,-1.559295236089362,2.562691463072696,-0.314543,0.332792,0.28792,0.14798,0.556735,0.589047,-0.56672,-0.596325,0.430568,-0.201314,0.500078,0.293199,0.596804,-0.554781,41.425813574920845,-4.315923585745145,4.152260567167382,8.76040013561305,9.134299514618405,-1.6112700437749226,13.247721382711704,13.048101031196962
34.73511862754822,-1.338105890808837,5.715629585026195,-8.718487121419404,1.3269681447942423,-1.7385691257837081,2.2386115253382606,-0.314476,0.332585,0.287707,0.149504,0.557446,0.587717,-0.567002,-0.593327,0.446136,-0.190756,0.48485,0.312648,0.609643,-0.543606,37.80007989465035,-3.9967396113976057,4.695548869485362,7.865456950452327,9.467618176804836,-1.0657357235297091,11.778123955262279,12.170960837582447
34.736165285110474,-1.338105890808837,5.715629585026195,-8.718487121419404,1.3269681447942423,-1.7385691257837081,2.2386115253382606,-0.314476,0.332585,0.287707,0.149504,0.557446,0.587717,-0.567002,-0.593327,0.446136,-0.190756,0.48485,0.312648,0.609643,-0.543606,37.80007989465035,-3.9967396113976057,4.695548869485362,7.865456950452327,9.467618176804836,-1.0657357235297091,11.778123955262279,12.170960837582447
34.836623668670654,-1.941687804586062,5.470735069278752,-6.727742866176246,1.3759341493189823,-1.7471055165829446,1.6672325514081723,-0.314666,0.332953,0.288339,0.149786,0.556279,0.589666,-0.566049,-0.590242,0.464631,-0.176355,0.471045,0.326905,0.624239,-0.530637,34.69035835213825,-3.8085877349697665,4.973710793648246,3.5287534276308117,5.8373284187459396,2.7076346602947226,10.790689619055454,7.318450865757281
34.83760333061218,-1.941687804586062,5.470735069278752,-6.727742866176246,1.3759341493189823,-1.7471055165829446,1.6672325514081723,-0.314666,0.332953,0.288339,0.149786,0.556279,0.589666,-0.566049,-0.590242,0.464631,-0.176355,0.471045,0.326905,0.624239,-0.530637,34.69035835213825,-3.8085877349697665,4.973710793648246,3.5287534276308117,5.8373284187459396,2.7076346602947226,10.790689619055454,7.318450865757281
34.936482191085815,-3.6456292620678843,4.939324822821322,-2.634318988182047,1.4718925953356088,-1.271931443832152,1.139004456243928,-0.314805,0.33317,0.288601,0.14992,0.556632,0.588701,-0.56667,-0.586833,0.482306,-0.160888,0.452183,0.34947,0.64284,-0.510057,30.0261411868314,-3.134284593304972,4.8997924063644245,4.482159717173267,4.222944971423791,1.2346890752619188,12.68143592844613,8.110913878054042
34.937466621398926,-3.6456292620678843,4.939324822821322,-2.634318988182047,1.4718925953356088,-1.271931443832152,1.139004456243928,-0.314805,0.33317,0.288601,0.14992,0.556632,0.588701,-0.56667,-0.586833,0.482306,-0.160888,0.452183,0.34947,0.64284,-0.510057,30.0261411868314,-3.134284593304972,4.8997924063644245,4.482159717173267,4.222944971423791,1.2346890752619188,12.68143592844613,8.110913878054042
35.03767371177673,-3.769636697175243,3.0564479839609278,-1.0117467211960256,1.799789701741985,-1.409891943389831,0.9823223564923854,-0.314601,0.333503,0.289536,0.14968,0.557491,0.589819,-0.564723,-0.5806,0.500108,-0.143791,0.433085,0.374207,0.656882,-0.490829,25.796231413424017,-2.311168664107028,5.412521958688357,4.881636897484906,3.8097572478704196,1.033680492349852,12.896790560836115,7.571374522545919
35.03865075111389,-3.769636697175243,3.0564479839609278,-1.0117467211960256,1.799789701741985,-1.409891943389831,0.9823223564923854,-0.314601,0.333503,0.289536,0.14968,0.557491,0.589819,-0.564723,-0.5806,0.500108,-0.143791,0.433085,0.374207,0.656882,-0.490829,25.796231413424017,-2.311168664107028,5.412521958688357,4.881636897484906,3.8097572478704196,1.033680492349852,12.896790560836115,7.571374522545919
35.14115619659424,-4.63703907611245,1.2731190298972455,1.122804958538961,1.6746193988746492,-1.42226657762201,1.229760513751052,-0.31463,0.333576,0.28968,0.147458,0.558947,0.589625,-0.564072,-0.575731,0.511493,-0.131691,0.419412,0.387935,0.66473,-0.481387,23.446462106787507,-2.0381977459020386,5.690597671579846,4.332344296212984,1.8180837589464218,3.066517068605254,11.694477272760572,4.974887103900009
35.14215111732483,-4.63703907611245,1.2731190298972455,1.122804958538961,1.6746193988746492,-1.42226657762201,1.229760513751052,-0.31463,0.333576,0.28968,0.147458,0.558947,0.589625,-0.564072,-0.575731,0.511493,-0.131691,0.419412,0.387935,0.66473,-0.481387,23.446462106787507,-2.0381977459020386,5.690597671579846,4.332344296212984,1.8180837589464218,3.066517068605254,11.694477272760572,4.974887103900009
35.24481654167175,-2.9046779465320856,4.17497158713385,-1.4628834224610026,2.0956940666701094,-2.1799829512832885,0.9704169141660464,-0.314491,0.333714,0.290091,0.149509,0.557563,0.59056,-0.563924,-0.574538,0.520255,-0.119988,0.405214,0.398565,0.672956,-0.473368,20.86117593874107,-1.9672037222875702,6.382190833657292,2.1321647349732196,3.0721478478301645,2.7025359102693187,10.949989478622818,4.834238454321571
35.2458336353302,-2.9046779465320856,4.17497158713385,-1.4628834224610026,2.0956940666701094,-2.1799829512832885,0.9704169141660464,-0.314491,0.333714,0.290091,0.149509,0.557563,0.59056,-0.563924,-0.574538,0.520255,-0.119988,0.405214,0.398565,0.672956,-0.473368,20.86117593874107,-1.9672037222875702,6.382190833657292,2.1321647349732196,3.0721478478301645,2.7025359102693187,10.949989478622818,4.834238454321571
35.34266185760498,1.0533857839094898,12.36817081770521,-8.905160505752983,1.6696227405412962,-3.1660263003161213,0.9601246362092636,-0.314949,0.333855,0.289338,0.148126,0.555634,0.592867,-0.563772,-0.5815,0.518851,-0.118336,0.400122,0.393039,0.676082,-0.477845,21.05049654772659,-2.7405530360081722,6.788882097486125,2.7290711191590873,6.5035290332217155,2.992079481841923,9.075704809217745,5.3430135944452815
35.343650817871094,1.0533857839094898,12.36817081770521,-8.905160505752983,1.6696227405412962,-3.1660263003161213,0.9601246362092636,-0.314949,0.333855,0.289338,0.148126,0.555634,0.592867,-0.563772,-0.5815,0.518851,-0.118336,0.400122,0.393039,0.676082,-0.477845,21.05049654772659,-2.7405530360081722,6.788882097486125,2.7290711191590873,6.5035290332217155,2.992079481841923,9.075704809217745,5.3430135944452815
35.44137001037598,1.0305578120102719,16.4770404102543,-15.383876125832256,0.5265568715199557,-3.274218256110378,1.567357076335345,-0.315623,0.333628,0.288039,0.146767,0.553082,0.590221,-0.569385,-0.592567,0.507126,-0.128631,0.411026,0.373041,0.671362,-0.491092,23.523049058285388,-3.5092143903939097,5.89450430215985,2.461240856625844,7.313190648518704,2.212036485872691,9.80940771988357,6.45030684570077
35.4426383972168,1.0305578120102719,16.4770404102543,-15.383876125832256,0.5265568715199557,-3.274218256110378,1.567357076335345,-0.315623,0.333628,0.288039,0.146767,0.553082,0.590221,-0.569385,-0.592567,0.507126,-0.128631,0.411026,0.373041,0.671362,-0.491092,23.523049058285388,-3.5092143903939097,5.89450430215985,2.461240856625844,7.313190648518704,2.212036485872691,9.80940771988357,6.45030684570077
35.538960695266724,2.586517951476449,19.578347369489485,-18.268402616164714,-0.0704436553212406,-3.1363130904811656,1.6749342113224355,-0.315884,0.333405,0.287337,0.148773,0.550009,0.590451,-0.571598,-0.599975,0.493444,-0.141415,0.426342,0.354789,0.664674,-0.500566,26.11146282635439,-3.861875164745874,5.221101735112564,2.873636012774787,7.97862035993694,0.15593994516455467,11.988351643126025,8.815631719075888
35.539958238601685,2.586517951476449,19.578347369489485,-18.268402616164714,-0.0704436553212406,-3.1363130904811656,1.6749342113224355,-0.315884,0.333405,0.287337,0.148773,0.550009,0.590451,-0.571598,-0.599975,0.493444,-0.141415,0.426342,0.354789,0.664674,-0.500566,26.11146282635439,-3.861875164745874,5.221101735112564,2.873636012774787,7.97862035993694,0.15593994516455467,11.988351643126025,8.815631719075888
35.63520336151123,1.4884832762778937,2.4949661470500244,-12.457332280617523,-0.9705413499103377,-2.6752959091507664,2.4783761551489456,-0.31578,0.332747,0.286669,0.14936,0.551475,0.591491,-0.568952,-0.596132,0.485058,-0.152627,0.437348,0.349057,0.651963,-0.511693,28.551561771112926,-3.8756190025899957,5.789325935728618,3.7774992768160445,8.010184337612454,1.3998708107751092,10.951010057921723,8.809024011812195
35.6361985206604,1.4884832762778937,2.4949661470500244,-12.457332280617523,-0.9705413499103377,-2.6752959091507664,2.4783761551489456,-0.31578,0.332747,0.286669,0.14936,0.551475,0.591491,-0.568952,-0.596132,0.485058,-0.152627,0.437348,0.349057,0.651963,-0.511693,28.551561771112926,-3.8756190025899957,5.789325935728618,3.7774992768160445,8.010184337612454,1.3998708107751092,10.951010057921723,8.809024011812195
35.73481774330139,3.130402483769235,11.27683818643698,-7.870446779854883,2.257708113883278,-2.4897092973020727,0.5608742010786272,-0.315625,0.333966,0.288973,0.145909,0.554133,0.591623,-0.567124,-0.593473,0.496639,-0.142613,0.433177,0.360865,0.66088,-0.49535,26.81701972970268,-3.0999916040028297,4.832849651030074,4.410591560888093,6.2687828089376385,1.4641828899215774,11.335583772617278,8.282221416191739
35.73585867881775,3.130402483769235,11.27683818643698,-7.870446779854883,2.257708113883278,-2.4897092973020727,0.5608742010786272,-0.315625,0.333966,0.288973,0.145909,0.554133,0.591623,-0.567124,-0.593473,0.496639,-0.142613,0.433177,0.360865,0.66088,-0.49535,26.81701972970268,-3.0999916040028297,4.832849651030074,4.410591560888093,6.2687828089376385,1.4641828899215774,11.335583772617278,8.282221416191739
35.833563804626465,-1.6250629449262148,6.379204260286697,-2.6322304421664517,0.7320973516621148,-1.8992470253116893,1.6097195695840132,-0.31601,0.33393,0.288402,0.1458,0.552483,0.592362,-0.56799,-0.592059,0.49952,-0.14011,0.424232,0.365176,0.662331,-0.497988,25.94937461396108,-3.2243465093039387,5.797322723309572,4.553741447542307,5.620585876394462,1.2168722816648447,11.96043135612729,8.366779862768796
35.83457922935486,-1.6250629449262148,6.379204260286697,-2.6322304421664517,0.7320973516621148,-1.8992470253116893,1.6097195695840132,-0.31601,0.33393,0.288402,0.1458,0.552483,0.592362,-0.56799,-0.592059,0.49952,-0.14011,0.424232,0.365176,0.662331,-0.497988,25.94937461396108,-3.2243465093039387,5.797322723309572,4.553741447542307,5.620585876394462,1.2168722816648447,11.96043135612729,8.366779862768796
35.93447232246399,-2.150099016809283,6.174629922422702,-6.147508070327193,0.5589247040482257,-2.876527927223486,1.323018982161974,-0.315237,0.333048,0.287899,0.149351,0.554284,0.590419,-0.567336,-0.584808,0.507097,-0.131655,0.416273,0.380624,0.66782,-0.485654,23.2892625080809,-2.5671462460890253,5.931222181524534,3.3333225126617725,5.215255900849511,1.8678108875654615,10.941087993758714,6.4815831676369555
35.935492753982544,-2.150099016809283,6.174629922422702,-6.147508070327193,0.5589247040482257,-2.876527927223486,1.323018982161974,-0.315237,0.333048,0.287899,0.149351,0.554284,0.590419,-0.567336,-0.584808,0.507097,-0.131655,0.416273,0.380624,0.66782,-0.485654,23.2892625080809,-2.5671462460890253,5.931222181524534,3.3333225126617725,5.215255900849511,1.8678108875654615,10.941087993758714,6.4815831676369555
36.035027742385864,2.894893851325606,17.44982827812194,-10.29573537593177,2.225515696620993,-3.973910926843384,0.6548922891092713,-0.315358,0.334236,0.289597,0.147099,0.553565,0.593023,-0.565907,-0.585578,0.515637,-0.122275,0.407255,0.385445,0.674293,-0.480525,22.169349702296127,-2.6520277495419458,6.196605743360182,1.9393682610354785,5.266766271691908,2.3630616193026093,10.542576448769328,5.339934796056138
36.03602719306946,2.894893851325606,17.44982827812194,-10.29573537593177,2.225515696620993,-3.973910926843384,0.6548922891092713,-0.315358,0.334236,0.289597,0.147099,0.553565,0.593023,-0.565907,-0.585578,0.515637,-0.122275,0.407255,0.385445,0.674293,-0.480525,22.169349702296127,-2.6520277495419458,6.196605743360182,1.9393682610354785,5.266766271691908,2.3630616193026093,10.542576448769328,5.339934796056138
36.13683104515076,-0.7891135337818621,21.895579415978847,-15.280754048781933,1.1000598172571503,-3.4494351672162,2.1685593122298585,-0.316383,0.333499,0.287047,0.142723,0.549759,0.591712,-0.572076,-0.595811,0.504421,-0.13163,0.407857,0.369989,0.666628,-0.502362,24.486799109748,-3.503538608368619,6.852320169742198,3.4821654617646898,7.798934193957985,1.874195237097755,10.079712036496701,7.767327489084487
36.13781404495239,-0.7891135337818621,21.895579415978847,-15.280754048781933,1.1000598172571503,-3.4494351672162,2.1685593122298585,-0.316383,0.333499,0.287047,0.142723,0.549759,0.591712,-0.572076,-0.595811,0.504421,-0.13163,0.407857,0.369989,0.666628,-0.502362,24.486799109748,-3.503538608368619,6.852320169742198,3.4821654617646898,7.798934193957985,1.874195237097755,10.079712036496701,7.767327489084487
36.235681772232056,-2.1379130261618577,20.85744573896918,-21.07494357758815,0.22420197305014541,-3.0472061078749624,2.9500344340178053,-0.316648,0.333012,0.286027,0.14367,0.54995,0.591305,-0.572077,-0.60099,0.480927,-0.15646,0.436529,0.342042,0.646765,-0.523589,30.064104311235315,-4.150013253101465,6.155267646457331,5.299500224128723,8.081104213995374,1.1482809041102406,10.730869898408057,9.47146612980423
36.23668026924133,-2.1379130261618577,20.85744573896918,-21.07494357758815,0.22420197305014541,-3.0472061078749624,2.9500344340178053,-0.316648,0.333012,0.286027,0.14367,0.54995,0.591305,-0.572077,-0.60099,0.480927,-0.15646,0.436529,0.342042,0.646765,-0.523589,30.064104311235315,-4.150013253101465,6.155267646457331,5.299500224128723,8.081104213995374,1.1482809041102406,10.730869898408057,9.47146612980423
36.33640670776367,1.7186882411894686,20.41503938289039,-26.006633183375193,0.07975704689733452,-3.378625446273489,3.7741965756909623,-0.315878,0.332382,0.286048,0.145649,0.551953,0.590322,-0.570661,-0.601122,0.453688,-0.181765,0.467287,0.315699,0.621717,-0.543549,35.91325488783308,-4.490222624481289,5.4770527832711995,7.9748359263128465,8.93806996078512,-0.9680067329068613,12.01775375503356,12.266385789842312
36.337416648864746,1.7186882411894686,20.41503938289039,-26.006633183375193,0.07975704689733452,-3.378625446273489,3.7741965756909623,-0.315878,0.332382,0.286048,0.145649,0.551953,0.590322,-0.570661,-0.601122,0.453688,-0.181765,0.467287,0.315699,0.621717,-0.543549,35.91325488783308,-4.490222624481289,5.4770527832711995,7.9748359263128465,8.93806996078512,-0.9680067329068613,12.01775375503356,12.266385789842312
36.433791399002075,-2.6243060756092422,20.617663687376275,-26.983290665813275,0.018644956000604365,-1.46478071049245,4.759005305705486,-0.316,0.332364,0.285758,0.144625,0.5509,0.589175,-0.57312,-0.605789,0.424983,-0.201801,0.494545,0.283424,0.594896,-0.56674,42.154998646706964,-4.8195353894161865,4.81099911363426,7.893435471218346,9.030201371460288,-1.7752253121437818,13.467076754204129,13.386602967671369
36.43481993675232,-2.6243060756092422,20.617663687376275,-26.983290665813275,0.018644956000604365,-1.46478071049245,4.759005305705486,-0.316,0.332364,0.285758,0.144625,0.5509,0.589175,-0.57312,-0.605789,0.424983,-0.201801,0.494545,0.283424,0.594896,-0.56674,42.154998646706964,-4.8195353894161865,4.81099911363426,7.893435471218346,9.030201371460288,-1.7752253121437818,13.467076754204129,13.386602967671369
36.536689043045044,-2.9062711105673484,20.962426202329144,-33.636733214059106,-0.44883252237236937,-0.8638937802679113,5.012084068713049,-0.31571,0.332067,0.285883,0.145358,0.551325,0.589274,-0.572423,-0.607953,0.388844,-0.221585,0.527539,0.246564,0.565543,-0.584012,49.068732730930435,-5.0225478951597875,3.424500491114868,9.814917876550656,9.864784951708696,-3.8771116725970387,14.965117984539864,14.825944175363212
36.53767013549805,-2.9062711105673484,20.962426202329144,-33.636733214059106,-0.44883252237236937,-0.8638937802679113,5.012084068713049,-0.31571,0.332067,0.285883,0.145358,0.551325,0.589274,-0.572423,-0.607953,0.388844,-0.221585,0.527539,0.246564,0.565543,-0.584012,49.068732730930435,-5.0225478951597875,3.424500491114868,9.814917876550656,9.864784951708696,-3.8771116725970387,14.965117984539864,14.825944175363212
36.64043664932251,-2.3947467746437,19.674681046208704,-37.42060578538634,-0.572300817375806,-0.5331405865777932,5.142841428558213,-0.315565,0.331936,0.285898,0.147687,0.55212,0.589668,-0.570652,-0.607174,0.355095,-0.236298,0.555463,0.211216,0.533449,-0.601897,55.71024784239221,-5.478958149081661,2.557041108071923,8.825608669733285,11.004249039099808,-3.7849662976808176,13.99456356908309,14.151362371348013
36.641422748565674,-2.3947467746437,19.674681046208704,-37.42060578538634,-0.572300817375806,-0.5331405865777932,5.142841428558213,-0.315565,0.331936,0.285898,0.147687,0.55212,0.589668,-0.570652,-0.607174,0.355095,-0.236298,0.555463,0.211216,0.533449,-0.601897,55.71024784239221,-5.478958149081661,2.557041108071923,8.825608669733285,11.004249039099808,-3.7849662976808176,13.99456356908309,14.151362371348013
36.74324369430542,-2.332189086880316,18.038517090250533,-39.39596312857164,-1.0291162947563248,0.44074399573943274,5.4393631044501864,-0.315585,0.331886,0.2857,0.14657,0.552406,0.588274,-0.572099,-0.607457,0.31936,-0.246999,0.579147,0.175002,0.500123,-0.619548,62.329096996864315,-5.579017194336066,1.6055492301379584,9.048413494226553,11.254592983533989,-5.2446656897602395,14.922783404332433,15.646430136132661
36.74421048164368,-2.332189086880316,18.038517090250533,-39.39596312857164,-1.0291162947563248,0.44074399573943274,5.4393631044501864,-0.315585,0.331886,0.2857,0.14657,0.552406,0.588274,-0.572099,-0.607457,0.31936,-0.246999,0.579147,0.175002,0.500123,-0.619548,62.329096996864315,-5.579017194336066,1.6055492301379584,9.048413494226553,11.254592983533989,-5.2446656897602395,14.922783404332433,15.646430136132661
36.84370756149292,-0.8257117808590944,17.982619363809903,-42.570864516606655,-1.3684692689580602,0.8183556621969145,5.428421471719938,-0.315506,0.33153,0.285167,0.148013,0.552972,0.588448,-0.571002,-0.606375,0.28888,-0.25323,0.599667,0.144679,0.47342,-0.628761,67.62872347581185,-5.615496148234531,0.5023408562493206,9.315853597621365,12.93437805618078,-6.362533181663714,14.918684356155271,16.260705205771174
36.84467554092407,-0.8257117808590944,17.982619363809903,-42.570864516606655,-1.3684692689580602,0.8183556621969145,5.428421471719938,-0.315506,0.33153,0.285167,0.148013,0.552972,0.588448,-0.571002,-0.606375,0.28888,-0.25323,0.599667,0.144679,0.47342,-0.628761,67.62872347581185,-5.615496148234531,0.5023408562493206,9.315853597621365,12.93437805618078,-6.362533181663714,14.918684356155271,16.260705205771174
36.9457848072052,-1.8911361376928606,17.604386926538577,-46.40638060040268,-1.421058739602074,1.1510510075469709,4.926818498282127,-0.315529,0.331568,0.285236,0.148259,0.552981,0.58833,-0.571051,-0.603783,0.262647,-0.256602,0.61679,0.116081,0.449658,-0.635533,72.38494013274403,-5.460121905500786,-0.6288730764633517,8.58818192913854,11.41265538221666,-6.938281210871466,16.233307930878826,17.1428863146964
36.94675326347351,-1.8911361376928606,17.604386926538577,-46.40638060040268,-1.421058739602074,1.1510510075469709,4.926818498282127,-0.315529,0.331568,0.285236,0.148259,0.552981,0.58833,-0.571051,-0.603783,0.262647,-0.256602,0.61679,0.116081,0.449658,-0.635533,72.38494013274403,-5.460121905500786,-0.6288730764633517,8.58818192913854,11.41265538221666,-6.938281210871466,16.233307930878826,17.1428863146964
37.04430079460144,-1.7758522437837023,15.705832973131955,-47.16657621969534,-1.3847988634991308,1.3686384698093075,4.685259578164678,-0.315617,0.331561,0.285161,0.149008,0.552745,0.588659,-0.570744,-0.601155,0.235957,-0.257874,0.628007,0.0902742,0.421361,-0.648006,77.14651188415492,-5.884301957418318,-0.7724856718531541,8.214001154686189,12.520827789996883,-7.9513321084366595,16.26553608609333,17.906000288911788
37.04529809951782,-1.7758522437837023,15.705832973131955,-47.16657621969534,-1.3847988634991308,1.3686384698093075,4.685259578164678,-0.315617,0.331561,0.285161,0.149008,0.552745,0.588659,-0.570744,-0.601155,0.235957,-0.257874,0.628007,0.0902742,0.421361,-0.648006,77.14651188415492,-5.884301957418318,-0.7724856718531541,8.214001154686189,12.520827789996883,-7.9513321084366595,16.26553608609333,17.906000288911788
37.14406085014343,-3.444645055285194,11.942417436309643,-47.4910275811129,-1.5242006810197488,1.6009616833769957,4.463951086749557,-0.315611,0.331335,0.28494,0.149296,0.55317,0.589022,-0.569883,-0.597082,0.207962,-0.257132,0.654763,0.0560256,0.395726,-0.64152,82.56759551464175,-4.192433184892394,-3.13628931554819,5.617900708368291,11.76957118172925,-6.967346850472943,15.356807444190316,15.309967796747719
37.145047187805176,-3.444645055285194,11.942417436309643,-47.4910275811129,-1.5242006810197488,1.6009616833769957,4.463951086749557,-0.315611,0.331335,0.28494,0.149296,0.55317,0.589022,-0.569883,-0.597082,0.207962,-0.257132,0.654763,0.0560256,0.395726,-0.64152,82.56759551464175,-4.192433184892394,-3.13628931554819,5.617900708368291,11.76957118172925,-6.967346850472943,15.356807444190316,15.309967796747719
37.24373269081116,-5.688956196961199,9.188630837966452,-48.186976475108175,-1.507567962346103,1.7030843859878995,4.039958330544739,-0.315788,0.331759,0.285472,0.149546,0.554535,0.588403,-0.56913,-0.593185,0.186321,-0.254924,0.656576,0.0380717,0.37286,-0.654548,86.08404947972788,-5.083651820908731,-2.944710188013005,8.056521288978379,12.469946479568192,-10.49204931228207,18.85222472034976,19.485966739014405
37.24472093582153,-5.688956196961199,9.188630837966452,-48.186976475108175,-1.507567962346103,1.7030843859878995,4.039958330544739,-0.315788,0.331759,0.285472,0.149546,0.554535,0.588403,-0.56913,-0.593185,0.186321,-0.254924,0.656576,0.0380717,0.37286,-0.654548,86.08404947972788,-5.083651820908731,-2.944710188013005,8.056521288978379,12.469946479568192,-10.49204931228207,18.85222472034976,19.485966739014405
37.34462571144104,-6.503400720477784,8.508195864162781,-49.55983961935242,-1.3066713358872675,1.3562131223523015,3.4127701006988884,-0.316124,0.331745,0.285234,0.153032,0.552567,0.588923,-0.569579,-0.59042,0.168829,-0.252514,0.667957,0.0182009,0.359627,-0.651284,88.57217667870339,-4.580677157215646,-4.0199393656734586,6.805151558983491,11.817572478555627,-10.594686069664057,19.240048747980683,19.091891602941352
37.345611810684204,-6.503400720477784,8.508195864162781,-49.55983961935242,-1.3066713358872675,1.3562131223523015,3.4127701006988884,-0.316124,0.331745,0.285234,0.153032,0.552567,0.588923,-0.569579,-0.59042,0.168829,-0.252514,0.667957,0.0182009,0.359627,-0.651284,88.57217667870339,-4.580677157215646,-4.0199393656734586,6.805151558983491,11.817572478555627,-10.594686069664057,19.240048747980683,19.091891602941352
37.441245555877686,-5.686399577080271,4.941344072997003,-42.28103023416102,-2.1386521179077183,1.830318240292474,3.49852769112155,-0.315986,0.331592,0.285108,0.153894,0.553053,0.588357,-0.569461,-0.586386,0.163353,-0.252707,0.672181,0.0118559,0.35149,-0.651526,89.74367453607587,-4.311872693568938,-4.228329054975473,5.295284336390301,9.905482253384477,-9.612616740965997,18.930123604884958,18.255102405776924
37.44225001335144,-5.686399577080271,4.941344072997003,-42.28103023416102,-2.1386521179077183,1.830318240292474,3.49852769112155,-0.315986,0.331592,0.285108,0.153894,0.553053,0.588357,-0.569461,-0.586386,0.163353,-0.252707,0.672181,0.0118559,0.35149,-0.651526,89.74367453607587,-4.311872693568938,-4.228329054975473,5.295284336390301,9.905482253384477,-9.612616740965997,18.930123604884958,18.255102405776924
37.54219841957092,-3.177303853891376,8.95351769964006,-40.763052689565335,-1.5472011376570847,1.4489014134787899,3.591225139718548,-0.316144,0.331644,0.285267,0.153166,0.554396,0.588855,-0.567833,-0.588376,0.182815,-0.256905,0.662462,0.0381325,0.371669,-0.649271,86.01583854428746,-4.594466915570024,-3.248938917416523,8.670560314803565,11.556653680093092,-11.27284845627645,20.046519723710958,20.167409969672335
37.5431854724884,-3.177303853891376,8.95351769964006,-40.763052689565335,-1.5472011376570847,1.4489014134787899,3.591225139718548,-0.316144,0.331644,0.285267,0.153166,0.554396,0.588855,-0.567833,-0.588376,0.182815,-0.256905,0.662462,0.0381325,0.371669,-0.649271,86.01583854428746,-4.594466915570024,-3.248938917416523,8.670560314803565,11.556653680093092,-11.27284845627645,20.046519723710958,20.167409969672335
37.64333391189575,-4.1576683417244995,12.30496850977754,-36.56479722456567,-0.8921520088677325,1.3348916860103042,3.107685550471303,-0.316299,0.331187,0.284469,0.15478,0.553306,0.587253,-0.570113,-0.594642,0.215856,-0.260192,0.655262,0.0644841,0.407773,-0.632609,80.24387970167125,-3.8374423485375515,-3.6834760795190205,4.325227904130875,8.934394511768673,-5.896548937174288,16.01298409272457,14.617930354047244
37.64435791969299,-4.1576683417244995,12.30496850977754,-36.56479722456567,-0.8921520088677325,1.3348916860103042,3.107685550471303,-0.316299,0.331187,0.284469,0.15478,0.553306,0.587253,-0.570113,-0.594642,0.215856,-0.260192,0.655262,0.0644841,0.407773,-0.632609,80.24387970167125,-3.8374423485375515,-3.6834760795190205,4.325227904130875,8.934394511768673,-5.896548937174288,16.01298409272457,14.617930354047244
37.743685245513916,-3.218291320512491,15.430611846022565,-32.239543301568375,-0.3322944994202949,1.0107982979093881,2.551048588242174,-0.316374,0.331251,0.284478,0.154671,0.553112,0.587506,-0.570071,-0.600129,0.257864,-0.259544,0.624967,0.114311,0.447863,-0.6291,72.27054636608649,-4.960825369241562,-1.2590816584218256,7.580030093879104,11.241496245324974,-6.725290083244431,16.211301600467973,16.198969192176133
37.74467492103577,-3.218291320512491,15.430611846022565,-32.239543301568375,-0.3322944994202949,1.0107982979093881,2.551048588242174,-0.316374,0.331251,0.284478,0.154671,0.553112,0.587506,-0.570071,-0.600129,0.257864,-0.259544,0.624967,0.114311,0.447863,-0.6291,72.27054636608649,-4.960825369241562,-1.2590816584218256,7.580030093879104,11.241496245324974,-6.725290083244431,16.211301600467973,16.198969192176133
37.839213609695435,-3.510343109753175,15.698540938097898,-25.323071642410863,-0.22204673876336292,0.6364275003785849,1.9870427746535089,-0.316703,0.332019,0.28534,0.152173,0.554465,0.589553,-0.567309,-0.601775,0.300177,-0.2542,0.605047,0.154986,0.488231,-0.609531,65.4211847013973,-4.63193012326988,-0.7753732167119676,9.215335092972065,9.455669458308144,-5.5887964790505436,15.665339011062484,15.587799415893377
37.840200662612915,-3.510343109753175,15.698540938097898,-25.323071642410863,-0.22204673876336292,0.6364275003785849,1.9870427746535089,-0.316703,0.332019,0.28534,0.152173,0.554465,0.589553,-0.567309,-0.601775,0.300177,-0.2542,0.605047,0.154986,0.488231,-0.609531,65.4211847013973,-4.63193012326988,-0.7753732167119676,9.215335092972065,9.455669458308144,-5.5887964790505436,15.665339011062484,15.587799415893377
37.939481019973755,-1.570573152821214,15.006286199512637,-20.1695993183889,0.2699343982839514,0.3555723692875966,1.6522673950948235,-0.316774,0.332106,0.285576,0.153483,0.553004,0.588462,-0.569511,-0.602917,0.335774,-0.245263,0.58262,0.192121,0.521592,-0.592946,58.49916127653289,-4.232316912507285,0.18259351233474774,8.001616959518232,7.7306463314092415,-4.3575458175721735,14.362498889818205,14.117271990481605
37.940539836883545,-1.570573152821214,15.006286199512637,-20.1695993183889,0.2699343982839514,0.3555723692875966,1.6522673950948235,-0.316774,0.332106,0.285576,0.153483,0.553004,0.588462,-0.569511,-0.602917,0.335774,-0.245263,0.58262,0.192121,0.521592,-0.592946,58.49916127653289,-4.232316912507285,0.18259351233474774,8.001616959518232,7.7306463314092415,-4.3575458175721735,14.362498889818205,14.117271990481605
38.0385217666626,-1.7353700228895586,13.042638363322995,-14.388319877585827,0.28863386029046934,0.39021589229275444,1.395535088049897,-0.316787,0.332504,0.286131,0.152044,0.55397,0.590279,-0.567072,-0.604294,0.369714,-0.23233,0.557379,0.228677,0.553035,-0.575489,52.26017730776635,-4.183410576083315,1.1476982037717036,10.420735486637895,9.920192360872388,-4.483299885954786,14.901806138330066,14.542106201273851
38.03952932357788,-1.7353700228895586,13.042638363322995,-14.388319877585827,0.28863386029046934,0.39021589229275444,1.395535088049897,-0.316787,0.332504,0.286131,0.152044,0.55397,0.590279,-0.567072,-0.604294,0.369714,-0.23233,0.557379,0.228677,0.553035,-0.575489,52.26017730776635,-4.183410576083315,1.1476982037717036,10.420735486637895,9.920192360872388,-4.483299885954786,14.901806138330066,14.542106201273851
38.13690185546875,-0.5720871055075155,13.605876863806273,-12.8714404403374,0.5276082466438833,-0.13626518988148695,1.1811104555106344,-0.316894,0.3328,0.286497,0.153251,0.552346,0.5915,-0.567059,-0.604785,0.399058,-0.217887,0.534936,0.255909,0.580675,-0.557827,46.609677548672614,-4.104389343137145,1.7589719301902722,8.152071118847363,8.476948818477645,-2.969075921214909,15.157168831577046,13.358191152155804
38.13789391517639,-0.5720871055075155,13.605876863806273,-12.8714404403374,0.5276082466438833,-0.13626518988148695,1.1811104555106344,-0.316894,0.3328,0.286497,0.153251,0.552346,0.5915,-0.567059,-0.604785,0.399058,-0.217887,0.534936,0.255909,0.580675,-0.557827,46.609677548672614,-4.104389343137145,1.7589719301902722,8.152071118847363,8.476948818477645,-2.969075921214909,15.157168831577046,13.358191152155804
38.241551876068115,-1.3334466400155771,12.076089785012371,-10.783763351587929,0.30024637426209777,-0.33040618831299584,0.7890097687918018,-0.316905,0.332945,0.286666,0.153069,0.552486,0.592841,-0.565569,-0.605142,0.424309,-0.202254,0.512428,0.28131,0.604234,-0.541465,41.63141439800833,-4.1136679215599,2.3806891556372616,7.680548839757945,9.420136835870075,-1.9624700059611726,13.247904759924653,12.711572939391779
38.24252104759216,-1.3334466400155771,12.076089785012371,-10.783763351587929,0.30024637426209777,-0.33040618831299584,0.7890097687918018,-0.316905,0.332945,0.286666,0.153069,0.552486,0.592841,-0.565569,-0.605142,0.424309,-0.202254,0.512428,0.28131,0.604234,-0.541465,41.63141439800833,-4.1136679215599,2.3806891556372616,7.680548839757945,9.420136835870075,-1.9624700059611726,13.247904759924653,12.711572939391779
38.34205389022827,-1.39749240048925,11.959119999775893,-9.749659983329417,0.07732737030132518,-0.31199894211448925,0.18523618661427815,-0.316956,0.33326,0.287085,0.151174,0.55344,0.59183,-0.566204,-0.604642,0.444232,-0.187618,0.497358,0.301048,0.625386,-0.520478,37.41363353412848,-3.4982336539813628,1.6946755107944167,8.012487006716867,7.016397890103249,-1.4338807782813063,13.633154652752442,11.479937545086251
38.343017578125,-1.39749240048925,11.959119999775893,-9.749659983329417,0.07732737030132518,-0.31199894211448925,0.18523618661427815,-0.316956,0.33326,0.287085,0.151174,0.55344,0.59183,-0.566204,-0.604642,0.444232,-0.187618,0.497358,0.301048,0.625386,-0.520478,37.41363353412848,-3.4982336539813628,1.6946755107944167,8.012487006716867,7.016397890103249,-1.4338807782813063,13.633154652752442,11.479937545086251
38.443068504333496,0.018900849662927162,10.122150739896876,-6.555858024033708,0.14382873456100437,-0.18676183987565412,-0.016563734638642198,-0.317071,0.33341,0.287476,0.152083,0.553494,0.593039,-0.564642,-0.601308,0.462765,-0.172934,0.482185,0.319836,0.63944,-0.50628,33.873828168942254,-3.215943924793948,2.156738360374563,5.048295292290226,5.84866471721885,1.4210333354864702,11.650498486443173,8.131528730662666
38.44404363632202,0.018900849662927162,10.122150739896876,-6.555858024033708,0.14382873456100437,-0.18676183987565412,-0.016563734638642198,-0.317071,0.33341,0.287476,0.152083,0.553494,0.593039,-0.564642,-0.601308,0.462765,-0.172934,0.482185,0.319836,0.63944,-0.50628,33.873828168942254,-3.215943924793948,2.156738360374563,5.048295292290226,5.84866471721885,1.4210333354864702,11.650498486443173,8.131528730662666
38.54327845573425,-0.44878064325016986,8.395308484720909,-4.658451822292156,0.22908802057225455,0.010027560207663766,-0.1420672992975668,-0.317082,0.33369,0.28803,0.151892,0.554138,0.593092,-0.564005,-0.597426,0.48156,-0.156265,0.464612,0.342958,0.655579,-0.486551,29.567534395869302,-2.51420460352799,2.275960348346203,4.414921987447937,4.7472627169130845,1.8506165255544076,11.454001469089107,6.950680604246678
38.54425835609436,-0.44878064325016986,8.395308484720909,-4.658451822292156,0.22908802057225455,0.010027560207663766,-0.1420672992975668,-0.317082,0.33369,0.28803,0.151892,0.554138,0.593092,-0.564005,-0.597426,0.48156,-0.156265,0.464612,0.342958,0.655579,-0.486551,29.567534395869302,-2.51420460352799,2.275960348346203,4.414921987447937,4.7472627169130845,1.8506165255544076,11.454001469089107,6.950680604246678
38.63988494873047,-0.9756278109070136,9.331185248469753,-2.3761795993201527,0.4208675105867354,0.24404991626122702,-0.33125841317457094,-0.317197,0.334012,0.288713,0.152377,0.5553,0.593407,-0.562398,-0.594031,0.497688,-0.139724,0.446449,0.362815,0.670577,-0.468374,25.55882162744583,-2.22653905616168,2.448863239730523,3.9989379376356586,4.400961280689787,1.9683276649963872,11.461454572707007,6.307237301809474
38.64086842536926,-0.9756278109070136,9.331185248469753,-2.3761795993201527,0.4208675105867354,0.24404991626122702,-0.33125841317457094,-0.317197,0.334012,0.288713,0.152377,0.5553,0.593407,-0.562398,-0.594031,0.497688,-0.139724,0.446449,0.362815,0.670577,-0.468374,25.55882162744583,-2.22653905616168,2.448863239730523,3.9989379376356586,4.400961280689787,1.9683276649963872,11.461454572707007,6.307237301809474
38.74323034286499,-1.160427402660361,7.92519217565386,-2.026204110031784,0.36869928251480605,0.20874075534136077,-0.2888394043040332,-0.317047,0.333932,0.28875,0.152339,0.555434,0.593293,-0.562396,-0.591031,0.508047,-0.127281,0.433471,0.376529,0.679631,-0.456542,22.81830417259902,-1.8694245999964738,2.629494831483166,2.9297317603710447,3.6315936855899746,2.7908185922829567,10.537517895034194,4.517479047103669
38.744192123413086,-1.160427402660361,7.92519217565386,-2.026204110031784,0.36869928251480605,0.20874075534136077,-0.2888394043040332,-0.317047,0.333932,0.28875,0.152339,0.555434,0.593293,-0.562396,-0.591031,0.508047,-0.127281,0.433471,0.376529,0.679631,-0.456542,22.81830417259902,-1.8694245999964738,2.629494831483166,2.9297317603710447,3.6315936855899746,2.7908185922829567,10.537517895034194,4.517479047103669
38.84458780288696,-1.432682799013545,6.024628460904654,-0.7883913125785548,0.45652851221078256,0.29514786055510384,-0.22943359607125802,-0.317271,0.334326,0.289124,0.150835,0.555049,0.593169,-0.563311,-0.589527,0.518507,-0.113715,0.4182,0.389314,0.68923,-0.44554,20.06512701201016,-1.6047211374533243,2.8056452864974215,2.3057553418643355,2.7836073354866793,2.9291842034561064,10.615054351659644,4.300256521796499
38.84556031227112,-1.432682799013545,6.024628460904654,-0.7883913125785548,0.45652851221078256,0.29514786055510384,-0.22943359607125802,-0.317271,0.334326,0.289124,0.150835,0.555049,0.593169,-0.563311,-0.589527,0.518507,-0.113715,0.4182,0.389314,0.68923,-0.44554,20.06512701201016,-1.6047211374533243,2.8056452864974215,2.3057553418643355,2.7836073354866793,2.9291842034561064,10.615054351659644,4.300256521796499
38.94381356239319,-1.3886331668895198,4.729816505493364,-0.015346377452729756,0.6208413963056211,0.29284472444372406,-0.2976545028606387,-0.317084,0.334306,0.289321,0.151466,0.554552,0.594213,-0.562531,-0.587238,0.527062,-0.100621,0.407208,0.400102,0.698825,-0.43098,17.4825285765411,-1.280109819070813,2.6529587812458324,0.785346676799838,1.580580735452875,3.646190522252322,10.00994975318068,3.6025329935729173
38.94487643241882,-1.3886331668895198,4.729816505493364,-0.015346377452729756,0.6208413963056211,0.29284472444372406,-0.2976545028606387,-0.317084,0.334306,0.289321,0.151466,0.554552,0.594213,-0.562531,-0.587238,0.527062,-0.100621,0.407208,0.400102,0.698825,-0.43098,17.4825285765411,-1.280109819070813,2.6529587812458324,0.785346676799838,1.580580735452875,3.646190522252322,10.00994975318068,3.6025329935729173
39.04931163787842,3.093425172998266,0.1682948925673778,-2.1059089000952493,0.13922119965355767,0.42246789526285444,0.010651602445075513,-0.317006,0.334431,0.289551,0.150462,0.555493,0.594106,-0.561984,-0.584385,0.535623,-0.0872393,0.393092,0.412057,0.708295,-0.41714,14.762477599604859,-1.1364270542314725,2.5404367801719996,0.9112947766469883,0.48826312119491355,3.784503016161864,9.912833586374042,3.5693521760695597
39.05033564567566,3.093425172998266,0.1682948925673778,-2.1059089000952493,0.13922119965355767,0.42246789526285444,0.010651602445075513,-0.317006,0.334431,0.289551,0.150462,0.555493,0.594106,-0.561984,-0.584385,0.535623,-0.0872393,0.393092,0.412057,0.708295,-0.41714,14.762477599604859,-1.1364270542314725,2.5404367801719996,0.9112947766469883,0.48826312119491355,3.784503016161864,9.912833586374042,3.5693521760695597
39.14948010444641,-0.10437103629372745,1.3959374773791264,-5.725612517954424,0.3950945060592989,0.6492542444296467,0.06762422893031797,-0.317028,0.334578,0.289843,0.149572,0.555763,0.594407,-0.561637,-0.581892,0.543983,-0.0714918,0.378013,0.427569,0.718843,-0.396932,11.375263088192389,-0.5301451052325126,2.135814343161041,2.202351384661931,-0.10373299943573855,2.6771151883660096,10.585566795228456,4.498840600289456
39.15060091018677,-0.10437103629372745,1.3959374773791264,-5.725612517954424,0.3950945060592989,0.6492542444296467,0.06762422893031797,-0.317028,0.334578,0.289843,0.149572,0.555763,0.594407,-0.561637,-0.581892,0.543983,-0.0714918,0.378013,0.427569,0.718843,-0.396932,11.375263088192389,-0.5301451052325126,2.135814343161041,2.202351384661931,-0.10373299943573855,2.6771151883660096,10.585566795228456,4.498840600289456
39.251022815704346,-0.5158013985143488,2.5181106600722,-8.278549004834442,0.4947107429643763,0.605828550865129,0.05718952732900382,-0.316975,0.334987,0.29061,0.149569,0.555124,0.59638,-0.560177,-0.578984,0.552129,-0.0558309,0.364127,0.440202,0.727353,-0.380252,8.54691947956629,-0.047290033473945225,2.117479467935386,1.1972826808751424,-0.8696716353633427,2.4862486950712643,9.898965793277345,4.0518739171243885
39.252055406570435,-0.5158013985143488,2.5181106600722,-8.278549004834442,0.4947107429643763,0.605828550865129,0.05718952732900382,-0.316975,0.334987,0.29061,0.149569,0.555124,0.59638,-0.560177,-0.578984,0.552129,-0.0558309,0.364127,0.440202,0.727353,-0.380252,8.54691947956629,-0.047290033473945225,2.117479467935386,1.1972826808751424,-0.8696716353633427,2.4862486950712643,9.898965793277345,4.0518739171243885
39.35915541648865,-1.00320346761001,0.1834171816628279,-3.0851411238332536,0.5942555432863287,0.6321328130128483,0.05499336720690851,-0.31677,0.335263,0.291289,0.147681,0.556156,0.595673,-0.560405,-0.576858,0.559514,-0.0390737,0.347705,0.452217,0.735327,-0.365917,5.697989134438551,0.09189643391096158,1.981980162296983,0.3704283690329824,-0.5672278033459861,2.7216022541949165,8.276529827654608,3.5649127034122157
39.360143423080444,-1.00320346761001,0.1834171816628279,-3.0851411238332536,0.5942555432863287,0.6321328130128483,0.05499336720690851,-0.31677,0.335263,0.291289,0.147681,0.556156,0.595673,-0.560405,-0.576858,0.559514,-0.0390737,0.347705,0.452217,0.735327,-0.365917,5.697989134438551,0.09189643391096158,1.981980162296983,0.3704283690329824,-0.5672278033459861,2.7216022541949165,8.276529827654608,3.5649127034122157
39.4593551158905,-1.9231480276612056,1.6078623623076187,-4.321474224896568,0.623976792694448,0.919581965712474,0.3200872820340279,-0.316831,0.336523,0.293332,0.145411,0.554693,0.600175,-0.557638,-0.576114,0.566056,-0.0278906,0.342325,0.457368,0.740329,-0.354317,4.699324330626261,0.5520337871243486,1.7201989447768966,-1.3807508087981208,-2.2798301975320303,3.2694452059692836,8.080235594023845,2.407126241123038
39.46033263206482,-1.9231480276612056,1.6078623623076187,-4.321474224896568,0.623976792694448,0.919581965712474,0.3200872820340279,-0.316831,0.336523,0.293332,0.145411,0.554693,0.600175,-0.557638,-0.576114,0.566056,-0.0278906,0.342325,0.457368,0.740329,-0.354317,4.699324330626261,0.5520337871243486,1.7201989447768966,-1.3807508087981208,-2.2798301975320303,3.2694452059692836,8.080235594023845,2.407126241123038
39.56746578216553,-2.00148559971242,0.8286846939216628,0.7500578295063486,0.5891290767501217,0.7238528087022841,0.4470076161115731,-0.316331,0.336218,0.29339,0.143669,0.556778,0.599083,-0.557188,-0.5748,0.567588,-0.0223792,0.336562,0.462087,0.742302,-0.349556,3.8292276284020628,0.47250355042462555,1.6136275113623366,-0.7295721639540975,-1.1880654740341363,4.112875299714819,6.580631812850653,2.5573304959792122
39.568676233291626,-2.00148559971242,0.8286846939216628,0.7500578295063486,0.5891290767501217,0.7238528087022841,0.4470076161115731,-0.316331,0.336218,0.29339,0.143669,0.556778,0.599083,-0.557188,-0.5748,0.567588,-0.0223792,0.336562,0.462087,0.742302,-0.349556,3.8292276284020628,0.47250355042462555,1.6136275113623366,-0.7295721639540975,-1.1880654740341363,4.112875299714819,6.580631812850653,2.5573304959792122
39.66781663894653,0.5291718097499484,4.000059868520695,1.8196646561694223,0.7244203515471702,0.4818953731290026,0.5017148376705963,-0.316781,0.336818,0.2938,0.144404,0.555912,0.600107,-0.556759,-0.578621,0.567194,-0.0222744,0.339326,0.457254,0.744093,-0.349431,4.188977709604854,0.17736593645607313,1.3500661151062054,-1.9519642712502545,-0.4999669954058614,4.442839405774738,5.959849958312969,2.6178504081716985
39.66891932487488,0.5291718097499484,4.000059868520695,1.8196646561694223,0.7244203515471702,0.4818953731290026,0.5017148376705963,-0.316781,0.336818,0.2938,0.144404,0.555912,0.600107,-0.556759,-0.578621,0.567194,-0.0222744,0.339326,0.457254,0.744093,-0.349431,4.188977709604854,0.17736593645607313,1.3500661151062054,-1.9519642712502545,-0.4999669954058614,4.442839405774738,5.959849958312969,2.6178504081716985
39.76939821243286,0.03081763648214812,5.179812904806372,1.1340251483468122,0.818013885543722,0.2346187586364516,0.26681442749688083,-0.317093,0.336384,0.292746,0.144371,0.55373,0.601354,-0.557595,-0.580577,0.564466,-0.0257428,0.339626,0.455202,0.743763,-0.352507,4.496226697122609,0.255665265249271,1.57099614273225,-0.17659048528681787,-0.1729255989217915,3.6808570009994988,6.72836588165622,2.2837523591457507
39.770365476608276,0.03081763648214812,5.179812904806372,1.1340251483468122,0.818013885543722,0.2346187586364516,0.26681442749688083,-0.317093,0.336384,0.292746,0.144371,0.55373,0.601354,-0.557595,-0.580577,0.564466,-0.0257428,0.339626,0.455202,0.743763,-0.352507,4.496226697122609,0.255665265249271,1.57099614273225,-0.17659048528681787,-0.1729255989217915,3.6808570009994988,6.72836588165622,2.2837523591457507
39.874114990234375,-1.5962243581179913,5.056286325697699,-0.823131198593096,0.8183966671489326,0.27167664463858365,0.1721116997605476,-0.317073,0.336719,0.293123,0.144075,0.554574,0.600871,-0.557354,-0.580409,0.564221,-0.0278939,0.342135,0.453755,0.742499,-0.354606,4.958273824886693,0.15472811865357805,1.5219852641432592,0.12450484385246696,-0.30964890049774496,3.926049396006423,6.807204324913942,2.3546459827425337
39.87508797645569,-1.5962243581179913,5.056286325697699,-0.823131198593096,0.8183966671489326,0.27167664463858365,0.1721116997605476,-0.317073,0.336719,0.293123,0.144075,0.554574,0.600871,-0.557354,-0.580409,0.564221,-0.0278939,0.342135,0.453755,0.742499,-0.354606,4.958273824886693,0.15472811865357805,1.5219852641432592,0.12450484385246696,-0.30964890049774496,3.926049396006423,6.807204324913942,2.3546459827425337
39.975966453552246,1.4070990663728924,4.938593396771505,1.374322148107359,0.7794669346504954,0.18350110900151523,0.15728239599143143,-0.317013,0.337098,0.293824,0.145488,0.554005,0.601444,-0.556935,-0.58093,0.565112,-0.0260327,0.340912,0.452924,0.744483,-0.352681,4.625933137715386,0.0020557360917576872,1.5208470102052871,-0.6805261046540796,-0.45156233405933044,3.165138622513922,7.320299348437351,3.17415916887242
39.9769823551178,1.4070990663728924,4.938593396771505,1.374322148107359,0.7794669346504954,0.18350110900151523,0.15728239599143143,-0.317013,0.337098,0.293824,0.145488,0.554005,0.601444,-0.556935,-0.58093,0.565112,-0.0260327,0.340912,0.452924,0.744483,-0.352681,4.625933137715386,0.0020557360917576872,1.5208470102052871,-0.6805261046540796,-0.45156233405933044,3.165138622513922,7.320299348437351,3.17415916887242
40.07899522781372,5.767571816287939,6.0632780013178005,0.7228444755116317,0.6713480407415746,0.2053334818411538,0.2643704861340363,-0.317333,0.337392,0.293889,0.145495,0.55218,0.602664,-0.557427,-0.583819,0.564625,-0.0255885,0.340274,0.451551,0.746783,-0.350185,4.416469477227438,0.03667021123973058,1.3048247444148213,0.26679391272253383,-0.30429019611619346,1.7495681318193554,8.712853355855271,4.155958216709114
40.0799720287323,5.767571816287939,6.0632780013178005,0.7228444755116317,0.6713480407415746,0.2053334818411538,0.2643704861340363,-0.317333,0.337392,0.293889,0.145495,0.55218,0.602664,-0.557427,-0.583819,0.564625,-0.0255885,0.340274,0.451551,0.746783,-0.350185,4.416469477227438,0.03667021123973058,1.3048247444148213,0.26679391272253383,-0.30429019611619346,1.7495681318193554,8.712853355855271,4.155958216709114
40.18305850028992,13.139007403246486,8.990509747748208,-2.0407884179597136,0.4928211023731416,0.22097023436326238,0.4306094178741391,-0.317414,0.337514,0.29393,0.14587,0.552023,0.602971,-0.557153,-0.587061,0.562117,-0.0287974,0.348052,0.44386,0.748604,-0.348482,5.211797846665925,-0.3227589519340448,0.39329645115090983,0.11649848711158661,-1.7970288464446273,2.450952442804301,9.167509194412547,4.2641571117918655
40.18415379524231,13.139007403246486,8.990509747748208,-2.0407884179597136,0.4928211023731416,0.22097023436326238,0.4306094178741391,-0.317414,0.337514,0.29393,0.14587,0.552023,0.602971,-0.557153,-0.587061,0.562117,-0.0287974,0.348052,0.44386,0.748604,-0.348482,5.211797846665925,-0.3227589519340448,0.39329645115090983,0.11649848711158661,-1.7970288464446273,2.450952442804301,9.167509194412547,4.2641571117918655
40.28338003158569,21.206155597025916,13.11609151134683,-1.3739909184204688,0.3363596148185419,0.47074979232718567,0.8695730297126806,-0.317954,0.337263,0.293237,0.145765,0.551745,0.601885,-0.558627,-0.593682,0.557559,-0.0322505,0.356469,0.438952,0.74972,-0.34376,5.664208256066849,-0.24587244323982071,-0.9121010001182679,1.680108749531131,-0.2258416052110146,1.9343324182351864,9.805104596731912,4.469256456690107
40.284425497055054,21.206155597025916,13.11609151134683,-1.3739909184204688,0.3363596148185419,0.47074979232718567,0.8695730297126806,-0.317954,0.337263,0.293237,0.145765,0.551745,0.601885,-0.558627,-0.593682,0.557559,-0.0322505,0.356469,0.438952,0.74972,-0.34376,5.664208256066849,-0.24587244323982071,-0.9121010001182679,1.680108749531131,-0.2258416052110146,1.9343324182351864,9.805104596731912,4.469256456690107
