# Timestamp, Fx, Fy, Fz, Tx, Ty, Tz, FemurPosX, FemurPosY, FemurPosZ, FemurQuatW, FemurQuatX, FemurQuatY, FemurQuatZ, TibiaPosX, TibiaPosY, TibiaPosZ, TibiaQuatW, TibiaQuatX, TibiaQuatY, TibiaQuatZ, Flexion, Adduction, Rotation, Anterior_Posterior, Medial_Lateral, Proximal_Distal, Medial_Joint_Gap, Lateral_Joint_Gap, FTPosX, FTPosY, FTPosZ, FTPosZ, FTQuatW, FTQuatX, FTQuatY, FTQuatZ
0.023711681365966797,0.31715582298850686,1.1854092976847421,1.6661411947551297,0.05658277916465025,0.009222215215720952,-0.020362239172654867,0.0158905,0.335218,0.370766,0.154093,0.656007,0.619838,-0.402133,-0.211836,0.416396,-0.157907,0.663716,0.210513,0.590987,-0.407309,62.01877158478254,-2.944083497255318,-6.522855870436014,1.6333819604276636,5.159466084627961,-0.9915591054717865,13.832452195543905,12.51565366121577,-0.21515,0.304502,-0.220375,0.434341,-0.0330601,0.180724,0.881813
0.045006752014160156,0.33877245820740043,1.0749371837170614,1.6555650980636638,0.024511664245516877,-0.0008880751780299649,-0.007518123517199806,0.0158725,0.335205,0.370735,0.154347,0.656506,0.619686,-0.401455,-0.211172,0.42105,-0.156398,0.661943,0.215501,0.593359,-0.404123,61.28842553319232,-2.9753439144829548,-6.490194257057832,0.7559489401144459,5.114836095162544,-0.2778540163189831,13.522966018238492,12.004846348358422,-0.215455,0.310304,-0.220125,0.438582,-0.0320233,0.180924,0.879709
0.0690314769744873,0.3580480837798717,0.9343150119574526,1.6665770028824074,0.004886172291555694,0.002937122025295082,-0.005254021981282385,0.0158964,0.33521,0.370748,0.154475,0.6564,0.619548,-0.401792,-0.210708,0.424749,-0.155147,0.658862,0.221005,0.596261,-0.401909,60.42861896569238,-3.0447536780682585,-6.29298379566611,0.770072697781373,4.592584271019645,-0.530338904898457,14.047847098331284,12.277768211891232,-0.215097,0.314512,-0.221082,0.437754,-0.0244691,0.161785,0.884081
0.09093379974365234,0.2783759548752131,0.8365817871584795,1.6455154550471527,-0.005753732848670609,0.027005662983756267,-0.013506659862711032,0.0159389,0.335222,0.370768,0.153655,0.656766,0.619738,-0.401215,-0.209492,0.432712,-0.152183,0.652832,0.234585,0.599593,-0.399084,58.907820025336356,-3.0181664809988753,-5.52416052337272,1.875841076537606,5.174784279967516,-0.5749479796121193,13.593656114623512,12.114142192478994,-0.215425,0.324671,-0.221029,0.444251,-0.0192175,0.150502,0.882961
0.1131281852722168,0.30330390873352625,0.8509306680730816,1.6199556527277725,0.016284768711289994,0.017197983029384346,-0.011958724442881232,0.0158829,0.335191,0.370754,0.153805,0.656189,0.619878,-0.401886,-0.208927,0.43701,-0.150484,0.649422,0.243249,0.602891,-0.394466,57.60488722132363,-2.8415484604097703,-5.236369570690212,2.808719888708188,4.848724738140412,-1.3370254729490796,14.267421195737914,12.633986126980975,-0.215552,0.330068,-0.22107,0.446182,-0.0137687,0.142625,0.883397
0.13684558868408203,0.3422720516504734,0.7578458240158977,1.6178277670570007,-0.00462403912257796,0.0038080385225309045,-0.001839455445401594,0.0158852,0.335188,0.370748,0.153988,0.65621,0.619908,-0.401734,-0.208462,0.441481,-0.148548,0.645422,0.249865,0.606497,-0.391357,56.57148687963889,-2.9688143035140344,-5.014996593535712,3.04082824089289,4.602781235925099,-1.564753303289784,14.592166766771195,12.903247111382738,-0.215455,0.335585,-0.220645,0.447522,-0.00914575,0.13852,0.883432
0.15777802467346191,0.31325958383210156,0.8942134194528721,1.5921745631461834,0.06483098368405557,0.01231436725287115,-0.022693351529071013,0.0158612,0.33519,0.370707,0.153306,0.656691,0.619333,-0.402095,-0.207589,0.448637,-0.145389,0.640714,0.261564,0.610769,-0.384747,54.91146447064197,-2.733828877124469,-4.828409504431903,3.765433519214743,4.401422971752353,-1.8520667267013593,14.755196473177248,13.023454164728996,-0.215816,0.344631,-0.220177,0.45099,-0.00252756,0.126419,0.883527
0.17440080642700195,0.3243469202877101,0.8817094476892418,1.5502845806868524,0.07890894793436076,0.003814138147985917,-0.021616866729834032,0.0158418,0.335168,0.37073,0.153662,0.656319,0.620806,-0.400292,-0.206933,0.45358,-0.142998,0.637197,0.26869,0.613021,-0.382086,54.07168602002804,-2.843109116915185,-4.321986817493023,3.804150299528394,5.2248110064348445,-1.433249589608181,13.852040419600694,12.71206405473245,-0.215715,0.351227,-0.219595,0.452465,0.00201143,0.12043,0.883611
0.21050310134887695,0.2702170255104592,0.6903519551467094,1.5024622201407911,0.048183084485909126,0.021982730359997295,-0.01911405939259325,0.0159666,0.335203,0.37078,0.153492,0.656789,0.619804,-0.401137,-0.204685,0.46707,-0.135947,0.62543,0.290353,0.621038,-0.372619,50.907629817585885,-2.7462034921648,-3.5988668700862743,4.270678039150023,4.662432759433738,-1.7460297878548587,14.209333797871876,12.92518758126379,-0.21569,0.368688,-0.217407,0.462003,0.0143202,0.0989275,0.881227
0.23198175430297852,0.26830906850235486,0.585749447628397,1.5070818148711855,0.02684587888943416,0.025584603553199692,-0.015199396104044464,0.0159689,0.335203,0.37079,0.153365,0.656883,0.619794,-0.401047,-0.203917,0.472612,-0.132693,0.620627,0.298262,0.624362,-0.368828,49.7345500865782,-2.7704203068283135,-3.317449209265428,4.083994132428076,4.4151964505114165,-1.5354010663860507,14.154277417395457,12.641966701093667,-0.215478,0.376196,-0.216304,0.464726,0.0208301,0.0898833,0.880634
0.25771546363830566,0.33143774751055516,0.32176361823105687,1.4363353068693252,-0.0385217519513578,-0.0022669760487237073,0.007682137780258375,0.0159613,0.335208,0.370801,0.153372,0.656885,0.619739,-0.401125,-0.202924,0.480908,-0.127389,0.614216,0.310839,0.629341,-0.360621,47.7778971492701,-2.599089740253418,-3.0668260077608966,3.891524652176267,4.25938483413572,-1.324393320705795,14.030685958132892,12.294148554361321,-0.215086,0.387625,-0.214217,0.466229,0.0294689,0.0750707,0.88098
0.27850890159606934,0.26303230860021265,0.34364102415070624,1.399287687772281,-0.020166272312201267,0.016345751500234235,-0.0015488075655370728,0.0159652,0.335204,0.370811,0.153377,0.65688,0.61982,-0.401006,-0.202258,0.486352,-0.123608,0.609088,0.319616,0.632981,-0.355236,46.409589522545225,-2.5536053836478176,-2.832976399055534,4.171641192090073,4.247462508014807,-1.369395671004959,14.053747506483774,12.304608134581644,-0.215017,0.395097,-0.212419,0.46784,0.033662,0.0668829,0.880636
0.3013162612915039,0.17342699283006754,0.23978204958575774,1.2886680332402807,-0.020971557889319616,0.042288100419812034,-0.0056832061932577844,0.0160153,0.33518,0.370873,0.153055,0.656767,0.620038,-0.400979,-0.200687,0.497105,-0.115743,0.599364,0.336821,0.639316,-0.344367,43.775199079292236,-2.3165074370938985,-2.399752102837116,4.310417922738636,4.003323962097987,-1.2729691062805983,13.850178645021941,12.105368983917439,-0.214487,0.410061,-0.208746,0.472049,0.0462116,0.0440735,0.879256
0.3255014419555664,0.25324866047357847,0.16798627978896194,1.2186657944945376,-0.03176787068457061,0.01237500612260352,0.004020776355560167,0.0160435,0.335132,0.370927,0.1535,0.656396,0.619886,-0.401651,-0.199737,0.502336,-0.111613,0.593835,0.343986,0.643261,-0.339483,42.42257086032174,-2.3548731255572815,-2.2241869711642064,3.4355379943164754,2.924605195988807,-1.2549928916644149,14.233263629332473,12.258454629537475,-0.214167,0.417441,-0.206619,0.475912,0.0523943,0.0344154,0.877256
0.34613823890686035,0.19710747996368633,0.019440159673467378,1.1433060159590893,-0.06931807765559952,0.021438488283734645,0.012387451242157684,0.0160557,0.335136,0.370966,0.153315,0.656422,0.619937,-0.4016,-0.198483,0.509952,-0.105455,0.58578,0.357369,0.64757,-0.331364,40.3891769465631,-2.164478286610586,-1.8409934416087061,3.957298865808296,3.079982256251279,-1.556891084384496,14.083918886200674,12.409059570470752,-0.213388,0.428641,-0.203048,0.474769,0.0599565,0.0212748,0.877808
0.36516618728637695,0.28434043115371105,-0.03377946135372292,1.0730120886449435,-0.07223089108198101,-0.009590774934427273,0.018059678818343385,0.016065,0.33513,0.370986,0.153301,0.656453,0.619964,-0.401514,-0.197746,0.514586,-0.101289,0.58287,0.361855,0.64946,-0.327911,39.63680668284931,-2.1267222024007015,-1.7732166023419893,1.8959802577078921,2.574892348336414,-0.16565999802534748,12.937069807282292,11.209032515865612,-0.213196,0.435135,-0.200831,0.477927,0.0671114,0.0104817,0.87577
0.38734006881713867,0.24064894717169927,0.09206259428455706,1.02204241458642,-0.017883076773133347,-0.00034352899512965306,0.0035391970645294135,0.0160611,0.335101,0.371052,0.152675,0.655628,0.621,-0.4015,-0.197028,0.519096,-0.097135,0.577466,0.370462,0.652365,-0.322041,38.335411487602144,-1.8870622364186656,-1.4808873066284782,2.749705498652026,2.1240530533318767,-0.6353910592699457,13.376492124093653,11.55351797492909,-0.212775,0.442138,-0.198079,0.477474,0.0702557,0.000920175,0.875832
0.40877866744995117,0.18013360761663666,0.12367173694103586,0.9646456838347449,0.007422853749842332,0.019097862687930362,-0.0033400443783123644,0.016115,0.335075,0.37114,0.152712,0.65679,0.619981,-0.40116,-0.196223,0.523485,-0.0930072,0.572174,0.377841,0.655421,-0.316664,37.084109342946874,-1.974480974005709,-1.4556362783299832,3.025842569617386,2.5305770846882165,-0.7754145863900206,13.177248339119723,11.612936480493083,-0.212546,0.448235,-0.195702,0.480931,0.0771093,-0.00913846,0.873313
0.4305415153503418,0.19570558975080565,-0.21091374298687707,0.7946068068205526,-0.10383056906070426,-0.0022107568041675866,0.02629917386608231,0.0161796,0.335034,0.371199,0.152092,0.657062,0.620035,-0.400867,-0.194113,0.531961,-0.0847437,0.561667,0.392559,0.660084,-0.307762,34.82311345825096,-1.8378560464089195,-0.9949623827301526,3.325373051549416,2.170485535627491,-0.7717389329557278,13.18184403969601,11.326927486555753,-0.211332,0.461264,-0.189825,0.482567,0.0854632,-0.0258567,0.871296
0.45208740234375,0.14124487311786324,-0.24805509561426087,0.7597660895692363,-0.11043531384229313,0.012971223221946944,0.02788362801332884,0.0162163,0.33503,0.371252,0.15177,0.656974,0.620219,-0.400847,-0.192704,0.537762,-0.078729,0.554403,0.402601,0.663154,-0.301292,33.23513127751767,-1.6896512582211212,-0.6859070978995767,3.235489317687936,1.8298731648691282,-0.7853806240852776,13.328127172106186,10.960094389796039,-0.210564,0.470287,-0.185794,0.483222,0.0918738,-0.0367463,0.869888
0.47481536865234375,0.12237710514653591,-0.21915099104328398,0.6929365136878415,-0.09098649688336295,0.01615485675748421,0.02534062545791247,0.0162529,0.33504,0.37133,0.151135,0.657022,0.619506,-0.402109,-0.19204,0.541222,-0.0749466,0.55051,0.407731,0.665183,-0.297029,32.273978488230114,-1.5511332843738213,-0.7610401234558637,2.5730739181852584,0.8149272291212029,-0.8249696042425256,13.794930878334448,10.60443490057616,-0.210417,0.47521,-0.183363,0.487085,0.0992151,-0.0437422,0.866597
0.4943375587463379,0.21452885466010818,-0.19788911868084122,0.60513164476889,-0.07618860005900614,-0.025060460566629358,0.022049522197810773,0.0163219,0.334974,0.371457,0.146155,0.65447,0.628123,-0.394676,-0.191071,0.545868,-0.0694167,0.543934,0.417076,0.667584,-0.290714,31.928885683977747,-1.148049365523377,0.30007899667446836,7.450042607123372,1.0449652678199666,0.46900437149338003,12.267850471082472,10.259455028358142,-0.209762,0.482633,-0.179548,0.486592,0.106592,-0.0543071,0.8654
0.5132279396057129,0.21862630760046745,-0.25767722878570404,0.5499911517417946,-0.0954671236782578,-0.030750170682010518,0.02565766689739718,0.0163867,0.334952,0.371474,0.145762,0.65468,0.628008,-0.394656,-0.190428,0.548681,-0.0660587,0.540287,0.422545,0.668965,-0.286413,31.062897557083698,-1.0034551582670714,0.3450740466330302,7.621651486765495,1.0837248558548351,0.47275931400176674,12.116834250302944,10.196239204420586,-0.209682,0.487069,-0.177132,0.48835,0.110116,-0.0620346,0.863447
0.5357437133789062,0.138380007023323,-0.35709651674880133,0.48013905041909277,-0.1331716558255718,-0.010394487181350222,0.036989203023932424,0.0164329,0.334998,0.371488,0.149404,0.657618,0.6194,-0.401946,-0.189639,0.552469,-0.0613439,0.535075,0.428715,0.671611,-0.280779,28.869570623153553,-1.1926773326421432,-0.48357568225124403,3.388517836695687,0.5473119816432588,-0.9831602041295042,13.550935931321952,10.314878435902378,-0.209107,0.493383,-0.173338,0.487926,0.113282,-0.0689309,0.862754
0.5569040775299072,0.16367148456742964,-0.3671206031714057,0.4173360475683438,-0.13688800488730685,-0.02336257860996308,0.036667765860302376,0.0164774,0.334936,0.371533,0.145021,0.655366,0.627821,-0.394087,-0.189379,0.553594,-0.0599231,0.530517,0.431458,0.674668,-0.277883,29.25930971777354,-1.2512810658293783,0.3998699039388214,9.281302049474018,0.22526233534317708,-0.4918267571331256,13.549970351265644,11.541463278884034,-0.209046,0.494949,-0.172468,0.489502,0.117224,-0.0731204,0.860988
0.5771811008453369,0.1155192144311938,-0.14922751777550317,0.41099804860266886,-0.05097441876011396,-0.005573662367818482,0.015695298702347406,0.0165261,0.334992,0.371592,0.150207,0.657865,0.619549,-0.401012,-0.188543,0.556485,-0.0560936,0.531038,0.435588,0.672928,-0.274646,27.732031636154115,-1.0510108263035234,-0.35896768331007856,2.2819185120452943,1.2617763331167886,-0.39271352077108546,12.607168704434223,9.542499886130411,-0.2087,0.499875,-0.169419,0.490352,0.120615,-0.0788991,0.859524
0.60111403465271,0.10367556046557808,-0.14628130133103714,0.4022287666946095,-0.045441608859916355,-0.004719754729010619,0.01525010242120911,0.01657,0.334974,0.371604,0.150508,0.657628,0.61938,-0.401549,-0.187643,0.559842,-0.0515584,0.525253,0.441784,0.674338,-0.272406,26.713119298965893,-1.0125809355502733,0.036605771011407384,1.4188444150350286,1.4289318391105503,-0.2704426878445645,12.338878498263197,9.448195110886415,-0.208168,0.505638,-0.165651,0.490008,0.123172,-0.0858174,0.858695
0.6416552066802979,0.15337396525821997,-0.18255144393060113,0.3226905823982362,-0.06094367475942811,-0.028882601945256225,0.015232261359971874,0.0166257,0.334973,0.371579,0.151183,0.65866,0.618227,-0.401382,-0.186865,0.56258,-0.0477621,0.518037,0.44884,0.67756,-0.266631,25.266580267439664,-1.2382821354369364,0.15322835175711091,2.9146154476100605,2.0106020280572334,-1.6372471665413073,13.087523021068682,10.831395716382422,-0.207683,0.510279,-0.162815,0.490978,0.128953,-0.0930003,0.856541
0.6631646156311035,0.12323218551007303,0.050320177425575124,0.3388403546906412,0.036130235486636464,-0.013242197240797497,-0.007005933288726674,0.0166668,0.334937,0.371678,0.151144,0.658421,0.618233,-0.401779,-0.186247,0.564344,-0.0453365,0.514308,0.453115,0.678139,-0.265146,24.618397776257687,-1.139230427659318,0.4216002625316353,3.05926698964695,2.1401520130228775,-2.026540450556631,13.288811368016715,11.153771525150349,-0.206897,0.512576,-0.162213,0.492488,0.144047,-0.0952515,0.853014
0.6913301944732666,0.15012370509653833,-0.026225920306342798,0.32656448070814886,0.009085126703455213,-0.025892594876944865,-6.55601872611683e-05,0.0166569,0.334942,0.371649,0.151136,0.658385,0.61827,-0.401783,-0.185255,0.566324,-0.0427634,0.512338,0.456084,0.678894,-0.261915,24.07267756046517,-1.0346306341555052,0.3932907616626409,2.3710686270014527,1.3817717421544744,-1.8185297144990287,13.45029886331577,10.933040151187985,-0.20644,0.516138,-0.159621,0.493592,0.142358,-0.100395,0.852069
0.7113606929779053,0.22223919873944822,-0.1559043257446436,0.2569565907206043,-0.0399628671928194,-0.055385854545001105,0.00672911529190527,0.0166519,0.334947,0.371638,0.151242,0.65834,0.618255,-0.401839,-0.184919,0.567227,-0.0413886,0.509123,0.458131,0.679694,-0.262539,23.742570502000163,-1.1535391233257568,0.7101263791877503,2.527244185539457,1.5879592419131843,-1.9496181204774672,13.474456026370705,11.11423679878095,-0.206159,0.517511,-0.15908,0.49534,0.146916,-0.104205,0.849821
0.7332940101623535,0.1514284014491246,-0.11771987692857892,0.2272146160666012,-0.029610244265723916,-0.03574208875009467,0.007391281821018602,0.0166721,0.334939,0.371681,0.150893,0.658583,0.618209,-0.401643,-0.184442,0.567968,-0.0402685,0.508756,0.460041,0.679695,-0.259893,23.470276834046622,-1.0084168390001833,0.5796817557858258,2.798270175253897,1.397656430679354,-1.8754827878518512,13.404916968244335,10.944646548798152,-0.205927,0.519048,-0.157718,0.495143,0.143299,-0.106308,0.850293
0.759047269821167,0.15643542438666083,-0.03559577609636245,0.21911984640902102,-0.00243924617282486,-0.037415719948166226,-0.00036773293442037794,0.0167239,0.334913,0.3718,0.150844,0.658914,0.618199,-0.401134,-0.18384,0.569012,-0.0387668,0.507012,0.463412,0.679719,-0.257235,23.012572677800577,-0.8831762220905481,0.6315620616571511,3.4872093944492146,1.8531729533785821,-2.136810729030671,13.28558430288017,11.104959384042862,-0.20528,0.520929,-0.156039,0.495112,0.140459,-0.107759,0.850602
0.7776131629943848,0.10886649271915534,-0.091855109594846,0.1889081298382866,-0.019809803944620143,-0.019580477317406877,0.006990237996149208,0.0167477,0.334911,0.371814,0.150945,0.658933,0.618127,-0.401176,-0.183436,0.569609,-0.0380271,0.507982,0.463091,0.679531,-0.256395,23.030832498783774,-0.8240110739575219,0.49454382757490833,2.2934222163777704,1.3255771286135491,-1.5731989615268915,13.143753322230339,10.620491906333744,-0.204733,0.521732,-0.155869,0.49589,0.144848,-0.110605,0.849046
0.7942817211151123,0.0531879092394593,-0.08446780319782023,0.21903624882315562,-0.014291012076308573,0.0031108000121257483,0.010507928264923855,0.0167583,0.334901,0.371768,0.151321,0.658744,0.617973,-0.401581,-0.182716,0.57036,-0.0370616,0.505801,0.465299,0.680064,-0.255295,22.598194729016544,-0.7995879356232076,0.6181148637274791,2.500065837066783,0.9278046753576819,-2.108174656722774,13.777189559695394,11.128728257884623,-0.204149,0.522899,-0.155366,0.497,0.147155,-0.113717,0.847588
0.8152933120727539,-0.006812234961831715,-0.05214628968035471,0.2382660868166037,-0.0023444051169156936,0.0256861133258298,0.011495254789431813,0.0167818,0.334932,0.371793,0.150549,0.659564,0.618167,-0.400224,-0.182363,0.570788,-0.0365685,0.504987,0.466408,0.680185,-0.254559,22.5988896645591,-0.8688199728584187,0.6612596896373368,3.4591884765776975,1.3959959662175523,-1.7427008240860289,13.120016604046082,10.705323951320329,-0.203566,0.523949,-0.154833,0.49526,0.147809,-0.112258,0.848686
0.8378720283508301,-0.008038243823639145,0.0005433838734196639,0.24356932227017575,0.016191098014202564,0.02694818398738425,0.005137954937828576,0.0167857,0.334928,0.371819,0.150521,0.659637,0.618092,-0.400231,-0.1821,0.571116,-0.0361526,0.505093,0.466216,0.68037,-0.254205,22.58988739984134,-0.8888297545565702,0.6019285506626915,2.990085225863222,0.9881498669616562,-1.525745098811413,13.19196092358778,10.541861673704688,-0.203583,0.524346,-0.154336,0.497018,0.146082,-0.113933,0.847734
0.8587734699249268,-0.04066949961847933,-0.0530504340071056,0.22286605067602883,-0.0017312262864441381,0.03556786582207327,0.011653659100160096,0.0167935,0.334927,0.371848,0.150381,0.65968,0.618094,-0.400209,-0.181802,0.571475,-0.0355995,0.503684,0.469063,0.679131,-0.255073,22.427211184796743,-0.707889475233779,0.9129265620610134,3.584837654089668,2.0750664786120927,-1.5410908306742854,12.54160399955111,10.429111359027752,-0.203482,0.524943,-0.153979,0.497301,0.146807,-0.115645,0.84721
0.8794877529144287,-0.015500782816762579,-0.04328426607204319,0.21774178279308756,0.004474730510541479,0.026324581980937987,0.006844212467461197,0.0167856,0.334928,0.371834,0.150364,0.659696,0.618124,-0.400142,-0.181798,0.571685,-0.0353191,0.502617,0.470165,0.679683,-0.253678,22.18955996464099,-0.7073622937088266,0.9001260148711285,4.266229046314983,2.0787859291883013,-2.0335648439834912,12.932416124641533,10.912811983752459,-0.203435,0.525204,-0.153748,0.496861,0.147521,-0.115867,0.847314
0.9029297828674316,0.08341304256872395,0.18185760242491544,0.32602935116748255,0.09620476640883081,0.0018678916983995728,-0.023478527484944303,0.0167221,0.334918,0.371775,0.150673,0.658941,0.618227,-0.401111,-0.18208,0.57185,-0.0348072,0.504021,0.4685,0.679798,-0.253664,22.281821236008238,-0.6392859716185744,0.7364788774517184,2.44713132667901,1.1460822793214565,-1.5095850304632066,13.084424431764825,10.46355149097603,-0.203579,0.525826,-0.153254,0.495784,0.14881,-0.116808,0.847591
0.9264624118804932,0.059854670494170065,0.20609359665414068,0.32055029654048783,0.10577620550136292,0.008680442080946585,-0.025383753139502085,0.0167302,0.334908,0.371789,0.150866,0.658928,0.618321,-0.400916,-0.182307,0.572064,-0.0342866,0.503091,0.467314,0.681709,-0.252566,22.170239393435356,-0.897746230760146,0.623656732270037,2.2523517638740262,0.4596934456387949,-1.6667938071006105,13.701442773385025,10.834378956671053,-0.203827,0.526082,-0.153024,0.496612,0.150707,-0.117468,0.846679
0.9486453533172607,0.11876138344017602,0.19156329406879652,0.28369166780483224,0.09658660969797185,-0.013900165596855729,-0.028092518176581663,0.0167166,0.334922,0.371809,0.150559,0.658889,0.618325,-0.401088,-0.182429,0.572501,-0.0334063,0.502397,0.46881,0.681539,-0.251633,21.99040177042083,-0.7801560207188543,0.632665849825985,2.406008118713867,0.7637522405218808,-1.611465535441205,13.41032047060426,10.683189423381114,-0.204007,0.527043,-0.152173,0.495809,0.150664,-0.116978,0.847225
0.9736759662628174,0.03728441355622708,0.015262571237627042,0.1948887666085313,0.025594567609740704,0.0048102149917603415,-0.005558571507851129,0.0167515,0.334923,0.371819,0.1508,0.65905,0.618177,-0.40096,-0.182372,0.57302,-0.032492,0.50144,0.470128,0.681272,-0.251805,21.849792457981778,-0.7667833010491747,0.7787741007282776,2.1061541418344643,1.5077457948299848,-1.3809080521411303,12.87326702355729,10.489791047811604,-0.204218,0.527943,-0.15149,0.497059,0.152489,-0.119319,0.845838
0.9911789894104004,0.1704800436297165,0.16280092587381714,0.2613689157142407,0.0843078961640342,-0.03416689641671811,-0.030167701336490767,0.0167706,0.334951,0.371811,0.150205,0.659628,0.618181,-0.400227,-0.182266,0.573607,-0.0315546,0.500217,0.471533,0.681692,-0.250472,21.692278473552783,-0.8081144429829219,0.7757072062548485,2.7652093642425246,1.8748427912479375,-1.1908054613148948,12.39747997314924,10.226364669614195,-0.204245,0.528843,-0.150514,0.496815,0.152239,-0.120204,0.845901
1.0169315338134766,0.10725474872923997,0.13978006327741666,0.236554873721065,0.07453937459992528,-0.016268013930765806,-0.023695910425548684,0.0167435,0.334915,0.371822,0.15072,0.658887,0.618252,-0.401143,-0.182265,0.573974,-0.0308789,0.499553,0.472375,0.681701,-0.250184,21.46459398826002,-0.689216665374838,0.8420760562981631,2.099796461358922,1.5991041358955398,-1.5026561246876042,12.91287992343808,10.597034380659041,-0.204298,0.529523,-0.150126,0.496984,0.154521,-0.122407,0.845072
1.0415153503417969,0.05762514817308778,0.08699534143309423,0.2064197114932802,0.05067303810733027,-0.0007652167956358774,-0.013085136988504987,0.0168044,0.334914,0.37189,0.150386,0.660661,0.617039,-0.400216,-0.181948,0.57486,-0.0295476,0.498935,0.47367,0.681924,-0.248354,21.2922183557759,-0.8522476748693946,0.6696383461481261,2.120702188859166,2.468934757207732,-0.9287400746683616,11.995071598211409,10.143713528414551,-0.203893,0.531138,-0.14897,0.495563,0.156419,-0.123667,0.845374
1.0594446659088135,0.026437921876153552,-0.09192450107427659,0.1231299093392654,-0.0192057710271005,0.004103728785556993,0.007366147189544916,0.0168188,0.334912,0.371929,0.150041,0.660058,0.617648,-0.400402,-0.181712,0.575321,-0.0288179,0.496911,0.473947,0.683233,-0.248287,21.134378264687484,-0.9391117212819557,0.7892541885266642,2.3463954968436305,1.4956377691959943,-1.2374333977600571,12.739036352535447,10.453133936473026,-0.203625,0.531894,-0.148921,0.496356,0.161867,-0.124377,0.843777
1.0818507671356201,-0.0058289497559122026,-0.11750009522038127,0.1238612947653317,-0.031338225118255805,0.014288247382040492,0.013501121906295488,0.0168481,0.334895,0.371989,0.148888,0.658933,0.618507,-0.401359,-0.181361,0.575685,-0.028304,0.496548,0.476176,0.682556,-0.246605,20.92989158872493,-0.49929616482935546,0.7528830477650992,3.1072070595876298,0.4585429759504249,-1.7016694659630573,13.420514402859872,10.567132778433601,-0.203855,0.532579,-0.147684,0.49798,0.15546,-0.125571,0.843848
1.1055676937103271,0.028101633019835842,-0.06252079469743878,0.13352794591061484,-0.011753659479166251,0.0038322414274985783,0.0066817524236877915,0.0168519,0.334904,0.371971,0.148591,0.658004,0.619404,-0.401609,-0.1811,0.576091,-0.0277324,0.496344,0.476871,0.682036,-0.247111,20.947250294901558,-0.29536028384933344,0.9081199220039728,2.6720907047556004,0.013024386841436808,-1.459309033557922,13.482628106163492,10.286912425515203,-0.203716,0.533217,-0.147313,0.498488,0.158204,-0.126346,0.842922
1.1266283988952637,0.022096754538341052,-0.11192969795190533,0.09445295546269337,-0.030382048826605914,0.001230813935851707,0.01238462580749323,0.0168567,0.334889,0.371941,0.149928,0.660139,0.617534,-0.400487,-0.181042,0.576277,-0.0274141,0.497207,0.476748,0.681622,-0.246754,20.92272331733134,-0.5906450638888399,0.7918150092058465,1.7552597522140037,1.9410488130679795,-0.7340056635161325,12.125146919370716,9.932656284182578,-0.203493,0.533614,-0.147507,0.49761,0.162195,-0.1265,0.842659
1.1484272480010986,0.05274787863667041,-0.17116603809726796,0.07223444561997903,-0.05620774145996297,-0.011579823175660853,0.016412163310779024,0.0168458,0.334895,0.371933,0.149911,0.660088,0.617601,-0.400473,-0.181235,0.576315,-0.0272972,0.496955,0.475702,0.68237,-0.247211,20.98559584074164,-0.7307654833274351,0.7832973201034061,1.417085713824342,1.6326961666722166,-0.6140165337079715,12.143450929667248,9.98481790007397,-0.20382,0.53374,-0.146997,0.497939,0.159023,-0.127241,0.842958
1.1708128452301025,0.04786657021600442,-0.2492925889894969,0.04145965057534998,-0.08747343529109167,-0.012777499318839373,0.024408944497540955,0.016846,0.334899,0.371926,0.149835,0.660068,0.61765,-0.400461,-0.181446,0.576162,-0.0274415,0.495406,0.477021,0.682988,-0.246071,20.720279031077098,-0.7435370703889659,0.8237525572153714,2.81189273123187,1.8914908779913668,-1.4660095183912958,12.58382860437327,10.517866759692652,-0.204096,0.533413,-0.146913,0.497749,0.156793,-0.126294,0.84363
1.1929242610931396,0.011007408947151387,-0.1952967140646536,0.06788232524382982,-0.06700118523143736,0.002376175905891747,0.023845059276540615,0.0168636,0.334925,0.37189,0.14938,0.659374,0.617799,-0.401542,-0.181747,0.575691,-0.0281402,0.497292,0.47505,0.682567,-0.247246,21.018068397222983,-0.6237428067613073,0.6719991899243585,2.019003249445939,0.9479741221739806,-1.1892599414085439,12.958046016072881,10.336957806490496,-0.204218,0.532615,-0.147667,0.496657,0.157873,-0.125342,0.844214
1.2135162353515625,0.10815488051115811,-0.2474234106873486,0.0333791166681619,-0.08922886740432459,-0.03352693494401032,0.020639811407530226,0.0168661,0.334932,0.371875,0.149411,0.659338,0.617821,-0.401556,-0.182115,0.575245,-0.028814,0.496653,0.474509,0.683187,-0.247855,21.030968144712606,-0.7489027150303968,0.7234136120243484,2.693715579674869,1.0544721852030703,-1.6679067021217904,13.21694865256097,10.72838429510982,-0.204672,0.531815,-0.148136,0.497474,0.156021,-0.124439,0.844211
1.2368338108062744,0.01455144480416173,-0.21736629450742964,0.08881068892121487,-0.0751865650820465,0.0024065789428478574,0.02590026965743862,0.0168165,0.334923,0.371844,0.149515,0.658992,0.618782,-0.400605,-0.182737,0.574343,-0.0302192,0.497322,0.472958,0.682864,-0.250357,21.42409106626478,-0.8293386909385745,0.9656200315097845,3.15997618901692,1.8290377844166743,-1.5636164835272268,12.701894468080132,10.561211970995432,-0.205279,0.530008,-0.149276,0.498044,0.154461,-0.121301,0.844618
1.2634742259979248,0.05092534359138893,-0.23025366760269217,0.12264218229001779,-0.07949560289945493,-0.0077561598480722395,0.02418124791537868,0.0167679,0.33491,0.371796,0.150403,0.658773,0.618284,-0.4014,-0.183529,0.57308,-0.0320657,0.499301,0.469826,0.682983,-0.251985,21.70216834559043,-0.9654207885911148,0.8254851851811313,2.572965558432614,1.7128294554256662,-1.9300254261662602,13.22388283414666,11.062766170341419,-0.205826,0.527954,-0.150782,0.496802,0.152368,-0.117891,0.846211
1.2848801612854004,0.0706230951397649,-0.10922260588908356,0.19413983391619466,-0.031117040668468446,-0.007438512172130802,0.011303545114588308,0.016744,0.334925,0.371721,0.150669,0.658437,0.61834,-0.401766,-0.184462,0.57145,-0.0343561,0.502952,0.465733,0.682205,-0.254418,22.32479986589166,-0.9886929251341823,0.6564724230516354,1.8698289969852002,1.6776154748099321,-1.575323495428023,13.07138701082161,10.817294593664167,-0.206404,0.525087,-0.152837,0.495812,0.151912,-0.113682,0.847449
1.3014824390411377,0.133213563764401,-0.0884018028136405,0.24232597726774174,-0.021122754039054278,-0.02510606593666463,0.004203740248188559,0.0167308,0.334928,0.371686,0.151046,0.658211,0.618254,-0.402125,-0.184777,0.570922,-0.0352131,0.503562,0.465709,0.682178,-0.253324,22.231506785439116,-0.9110706316706543,0.5368777167488883,2.410489207683286,1.7063355322660705,-2.3115350832062305,13.584844233002084,11.415276927788085,-0.206601,0.524107,-0.153448,0.494876,0.149966,-0.113543,0.848361
1.322826623916626,0.16796087664230092,-0.16224757143027904,0.20959612735345629,-0.051312991861588886,-0.03946277546559325,0.00875629074150713,0.0167032,0.334977,0.371622,0.150129,0.658629,0.618453,-0.401478,-0.185784,0.569074,-0.0378201,0.506235,0.461328,0.682095,-0.25622,23.007126212839136,-1.1300729468700192,0.3917320748736941,3.1386866791958905,1.7958398617118947,-1.8521762607066563,13.13371464165958,10.975961822038931,-0.207231,0.520903,-0.155829,0.494217,0.150253,-0.108206,0.849391
1.347508430480957,0.07800007491922592,-0.1966526885231862,0.26283064239117526,-0.06489033787813141,-0.006176697989797787,0.01716069919315495,0.0166749,0.334985,0.371586,0.150374,0.658484,0.618497,-0.401556,-0.186705,0.566951,-0.0407863,0.510491,0.456801,0.680609,-0.259813,23.814949181768526,-1.1489778212485489,0.2877569414430834,2.6600349695266328,2.1726137294440573,-1.4175642178844754,12.655061582615486,10.577982160625037,-0.208218,0.517775,-0.157077,0.491349,0.134966,-0.104527,0.854069
1.3704986572265625,0.1242291086649489,-0.09314150851202252,0.3372690422029825,-0.027085972887184995,-0.014222320182288282,0.005426980668460135,0.0166434,0.334986,0.371546,0.150533,0.658519,0.618504,-0.401428,-0.187711,0.564623,-0.0439653,0.514343,0.451202,0.680117,-0.263266,24.651406298861883,-1.3513396166719913,0.111245603441402,2.4302342643116592,2.1226497630964865,-1.1551801153490828,12.579062939941128,10.434398914570053,-0.208862,0.513899,-0.159679,0.490665,0.131996,-0.0975054,0.855755
1.3932526111602783,0.05932567609475795,-0.04208099450979449,0.40381344492046883,0.00015935425498722768,0.01669645669032565,0.002646050616257626,0.0165979,0.33497,0.37152,0.148878,0.657793,0.619235,-0.402108,-0.188621,0.562173,-0.0474423,0.521897,0.446259,0.676746,-0.265502,25.79991710587746,-0.8432528156572123,-0.3409461522586792,2.039105068592484,1.4285564042423164,-0.23490721862376773,12.090508034986925,9.275955319784883,-0.208991,0.509363,-0.163593,0.489388,0.13993,-0.0915421,0.855885
1.4247093200683594,0.1522630904066747,-0.03976646645969406,0.43944370402489424,-0.005857438930778889,-0.016237985857119566,-0.0011314498789660738,0.0165723,0.334974,0.371478,0.148663,0.657642,0.619413,-0.402162,-0.189618,0.55963,-0.050964,0.522585,0.441765,0.6784,-0.267438,26.23283747700797,-1.2217695148613832,-0.48590728813534945,3.9978375296714272,0.583342689791408,-1.6657776444434589,13.883702466552734,10.886693229106163,-0.210184,0.505295,-0.165387,0.489745,0.126816,-0.087673,0.858126
1.4442164897918701,0.17703529328148232,0.1318107995697024,0.5165559366956645,0.057938229863501486,-0.01775639160144356,-0.017724190000816892,0.0165583,0.33496,0.371458,0.149109,0.657443,0.619413,-0.402321,-0.190265,0.557842,-0.0533134,0.524596,0.438474,0.678049,-0.269795,26.683052981862755,-1.3381975474858117,-0.5300208710842949,4.13936637312638,0.6447093607366678,-2.0054661183715865,14.22648078026529,11.328928730318774,-0.210635,0.502291,-0.167133,0.488862,0.123227,-0.0828233,0.859633
1.4655349254608154,0.14329855515252038,0.16589756332356784,0.561928772080148,0.07268946005158329,-0.0027318430867854194,-0.020693717024602085,0.0165025,0.334972,0.371417,0.149212,0.657081,0.619331,-0.403,-0.191376,0.554973,-0.0567982,0.531766,0.431182,0.674553,-0.276197,28.059463855806648,-1.2171492948957499,-0.6847086009085004,1.8499316129413295,0.9608820835370668,-0.4148583817650362,12.89164255031386,9.684104622112743,-0.211221,0.497858,-0.169838,0.486402,0.118892,-0.0774781,0.862134
1.4879992008209229,0.1822932716247455,0.13742446273103376,0.5814434372571707,0.061485037756340614,-0.015430806825534134,-0.018699952876826187,0.0164994,0.335011,0.371375,0.148412,0.657562,0.619761,-0.40185,-0.19175,0.554121,-0.0579234,0.532406,0.429822,0.674708,-0.276706,28.383047526824225,-1.3431016760640369,-0.7337896007772322,3.114114797796665,1.2730158727553507,-0.38055953897602635,12.608704891247944,9.749719012424825,-0.211326,0.496435,-0.170669,0.485476,0.117873,-0.0743797,0.863068
1.508181095123291,0.16373534072390242,0.09766840626105885,0.5965169142257849,0.04149489352422449,-0.007763742804789182,-0.012861293055476616,0.0164655,0.335005,0.371307,0.148599,0.657299,0.620617,-0.400888,-0.192703,0.551534,-0.0612746,0.534178,0.423883,0.676951,-0.276975,28.90562801967695,-1.7920065039103374,-1.0478501563420846,4.511130801223427,0.0742410296678706,-1.507644559794322,14.528414613790602,11.355822709156891,-0.211743,0.492082,-0.173179,0.484136,0.115294,-0.068396,0.864663
1.5314810276031494,0.10577030241257347,0.21540609105655845,0.6303128415162477,0.08258406180599512,0.016550535481708806,-0.021422472676442306,0.0164724,0.334994,0.371309,0.148592,0.656958,0.62089,-0.401026,-0.193567,0.548158,-0.0652587,0.54018,0.418704,0.672768,-0.283329,30.144002786818465,-1.5718114229343885,-0.9716692659772903,4.022760781028051,1.2489500020179536,-0.7436314146328868,13.226916675958527,10.530057101671636,-0.212302,0.486775,-0.176133,0.48351,0.108934,-0.0606389,0.866414
1.5506341457366943,0.09841424948565818,0.34009566247106915,0.7009589583274751,0.12907582557394517,0.024561061950691132,-0.03200513369955951,0.0164728,0.335019,0.37127,0.148573,0.657826,0.61946,-0.401822,-0.193996,0.545834,-0.0678927,0.543659,0.41498,0.670878,-0.286617,30.790825421140816,-1.601712480589309,-1.2115266964427924,3.9056358520243215,1.6216661668474943,-0.49827434879538757,12.898302000633766,10.372497916219716,-0.212416,0.483128,-0.178179,0.482347,0.106245,-0.0555196,0.867739
1.5738396644592285,0.12275423113194016,0.27474403801845226,0.7232475263189785,0.10420665137342071,0.019398350513373373,-0.0267908913514392,0.0163923,0.335019,0.371178,0.150008,0.655697,0.621224,-0.402044,-0.194321,0.544548,-0.069596,0.545152,0.411833,0.670781,-0.288539,31.098856544401443,-1.5872106959294487,-0.9952247483458372,2.9212593569200784,0.7400372644446254,-0.9566583930049504,13.806387628328878,10.659157175575489,-0.212657,0.480842,-0.179586,0.48325,0.105932,-0.0544584,0.867342
1.5940968990325928,0.18574388062511232,0.09032124498049925,0.6926969389982149,0.03175400289418892,-0.006062885804131778,-0.01014244215322283,0.0163933,0.335044,0.371154,0.14956,0.656302,0.62123,-0.401216,-0.194495,0.542771,-0.0717467,0.548669,0.410399,0.668171,-0.28997,31.681039517616195,-1.3905174625278887,-1.0767118825836501,3.804091836912537,1.9031416015246503,-0.6313209148912868,12.90269337507991,10.530893757174946,-0.212585,0.478222,-0.18101,0.481243,0.102536,-0.049843,0.869142
1.6159732341766357,0.09197045675732998,0.05994218184534238,0.7088239393345277,0.016887192616976597,0.029405655765114815,-0.005305649194611236,0.0164024,0.335047,0.371182,0.1497,0.656203,0.621379,-0.401093,-0.194631,0.541759,-0.0730597,0.549621,0.408141,0.66795,-0.291857,32.016346612460964,-1.5082238022219612,-1.0575230500455959,3.77726928237459,1.7269552655855431,-0.7679831159749568,13.169287496666595,10.75386666804456,-0.212593,0.476436,-0.181905,0.481299,0.10165,-0.0471458,0.869365
1.6380970478057861,0.038516851267613415,0.064894795285506,0.6932218645144503,0.01565955552025889,0.04941045615601106,-0.004257552931484366,0.0164511,0.334967,0.371247,0.149476,0.657134,0.620178,-0.401511,-0.194839,0.540224,-0.0748897,0.550562,0.404224,0.667483,-0.296563,32.62198649031162,-1.8505027012406428,-1.0873955382489395,3.367628020262826,1.6483660788990218,-0.6030553466833588,13.26292851900274,10.763839467204296,-0.212991,0.47376,-0.183185,0.484442,0.100687,-0.0414066,0.868023
1.6598432064056396,0.10043257592635192,-0.040302318294644916,0.6983773624984093,-0.027698995042242977,0.027190720821918025,0.006451263045605582,0.0164321,0.335026,0.371171,0.149516,0.656325,0.621215,-0.401217,-0.195292,0.538591,-0.0766889,0.552489,0.402536,0.665942,-0.298734,33.072299395632,-1.7166897804508252,-0.9234306692144632,3.870609871750938,2.122619098443656,-0.6726771343105113,12.943924920649613,11.012919512678282,-0.213406,0.471255,-0.184379,0.483691,0.0983715,-0.0377608,0.868873
1.6820766925811768,0.13940429550011268,-0.08576578204556819,0.7246967963764168,-0.04925475706533605,0.015163620104919102,0.011893108368262871,0.016408,0.335026,0.371152,0.149554,0.656241,0.621292,-0.40122,-0.19605,0.536714,-0.0784934,0.555547,0.398852,0.664628,-0.300922,33.682468893037104,-1.7118051231114684,-1.051993974871296,3.4899348115207616,2.4313644264024132,-0.29583369557992256,12.496773932387894,10.673479444567548,-0.21395,0.468554,-0.185568,0.482376,0.0964214,-0.0335155,0.869996
1.703958511352539,0.15615046226406618,-0.12017961144149687,0.6770466971503659,-0.06412140984277685,0.005911944482519577,0.014690286159312333,0.016402,0.335032,0.371161,0.149486,0.656213,0.621335,-0.401225,-0.196722,0.535367,-0.0797836,0.557231,0.395785,0.664504,-0.30213,34.078715844058905,-1.8088104638969569,-1.204703084679764,3.401242246823138,2.3409110381428206,-0.28170048663863057,12.579510260689096,10.730190939381103,-0.214531,0.466418,-0.186409,0.481321,0.093955,-0.0341055,0.870827
1.7241265773773193,0.15255967957734948,-0.13446833916082207,0.7153398274478199,-0.07023315026932149,0.010287638284086607,0.016903462744769324,0.0164059,0.335031,0.371171,0.149411,0.656249,0.621314,-0.401226,-0.197393,0.53391,-0.0811416,0.559497,0.392965,0.663454,-0.303924,34.55897609239466,-1.812229291489668,-1.305549523103224,3.16629881561923,2.723820014590915,-0.015722671002507127,12.171747962381048,10.530444030279254,-0.214993,0.46432,-0.187076,0.48,0.0921522,-0.0307644,0.871873
1.742875337600708,0.11543482088026466,-0.15100823487223494,0.7655819538109314,-0.08059672138016052,0.025841592331259284,0.01877978256593995,0.016422,0.335032,0.371131,0.149509,0.656053,0.621353,-0.40145,-0.198531,0.531497,-0.0833913,0.560829,0.389657,0.663031,-0.306642,35.024660497461625,-1.9489226436427114,-1.315383393220074,3.8928386445309613,3.251970134826184,-0.5779249252544787,12.383914774969547,11.241711149598745,-0.216015,0.460518,-0.188712,0.478756,0.0897496,-0.0252054,0.872985
1.7648627758026123,0.23321189043189483,-0.08404679240999893,0.7796360644824368,-0.061996012757077446,-0.01541695129512152,0.015552197595529404,0.016416,0.335029,0.371064,0.149629,0.655854,0.621321,-0.40178,-0.199488,0.529687,-0.0850008,0.562451,0.38482,0.663437,-0.308891,35.54635670901222,-2.1963657942287336,-1.499618571429501,3.341008140546469,2.7490060581708304,-0.5402242353529836,12.763423986059465,11.415753488713008,-0.216437,0.458072,-0.18949,0.475922,0.0879457,-0.021168,0.874823
1.7814068794250488,0.21728877936026933,-0.13509164528299564,0.8172656231064339,-0.08527087651299475,-0.008998253076274963,0.022089978505116934,0.0164046,0.335037,0.371031,0.149615,0.655705,0.621343,-0.401995,-0.200949,0.526708,-0.0875321,0.5653,0.379929,0.662454,-0.311841,36.25475804512512,-2.294305948871707,-1.6503135871089878,3.6140326061368198,3.308338270331232,-0.681600755756179,12.643036583443417,11.591076082553741,-0.217643,0.453662,-0.191179,0.474189,0.0846489,-0.0148242,0.876219
1.8051857948303223,0.286740769715145,-0.07815810480118286,0.7944006517651302,-0.06704660954162268,-0.03377959216184045,0.020114230783591498,0.0163881,0.335016,0.371027,0.150065,0.655071,0.621315,-0.402903,-0.20187,0.524559,-0.0892838,0.567772,0.375807,0.661994,-0.313318,36.683741773307474,-2.3068947181590103,-1.854733640659532,3.044440720253883,2.909067424824322,-0.8532083632093688,13.086840396972768,11.821095634518064,-0.218663,0.450139,-0.192473,0.475681,0.0836969,-0.00993599,0.87557
1.824512243270874,0.27659999767103843,-0.07143111126019752,0.8224851934459153,-0.06938827435333668,-0.029079107784027933,0.020871655070543182,0.0164061,0.335038,0.370997,0.149426,0.655537,0.621516,-0.402071,-0.202759,0.522325,-0.0913341,0.571237,0.371827,0.659719,-0.316551,37.5628378492094,-2.304288003294971,-1.9310601056746943,3.1610639840227472,4.042523108906074,-0.2082457910312563,11.955805505168824,11.109055733392738,-0.219158,0.447095,-0.193489,0.473085,0.0802981,-0.00414849,0.87734
1.848900318145752,0.2815949081823287,-0.018523332645036875,0.8989059950622853,-0.06212802207071105,-0.02752314314705873,0.01841685773210861,0.016383,0.335074,0.370862,0.148072,0.65588,0.62119,-0.402515,-0.204061,0.518748,-0.0944414,0.570763,0.366906,0.661979,-0.318423,38.01472324149134,-2.753872291412037,-2.2506478008044333,6.133404466623339,2.87351891326234,-1.974698395023168,14.643787432547157,13.23107842910647,-0.220025,0.441776,-0.195332,0.471329,0.0760331,0.00408891,0.878664
1.8686680793762207,0.35197104770548,-0.027682083085711195,0.9486051740446878,-0.06847381179393645,-0.04870955894370594,0.021475320701872927,0.0163908,0.335071,0.370818,0.148078,0.655765,0.621169,-0.402734,-0.204728,0.516235,-0.0966397,0.573558,0.364419,0.66045,-0.31943,38.44615798912687,-2.6167707110918554,-2.403402931245596,6.921589501292953,3.3741998912671036,-2.4434468672899925,14.867926938438977,13.506428383585002,-0.220563,0.437983,-0.196762,0.470731,0.0743037,0.00893856,0.879097
1.894191026687622,0.4117002816340356,0.0605586412987339,0.9487060836858785,-0.044926065895892,-0.06780884496442838,0.01743391164731228,0.0163824,0.335076,0.370822,0.148118,0.655694,0.621225,-0.402748,-0.206071,0.510938,-0.101209,0.579753,0.354705,0.658042,-0.324116,39.856113286883975,-2.7322199452186684,-2.807745259536871,6.669278940566244,3.2765974153440762,-2.490890420421124,15.13818165299472,13.561684075471325,-0.22117,0.429952,-0.199678,0.468921,0.0698035,0.0191479,0.880269
1.918149471282959,0.3623447564296515,0.034447198662528905,1.026093889551892,-0.06365954759926795,-0.04587285192250578,0.018626213780704264,0.016375,0.335067,0.370823,0.148065,0.655762,0.621247,-0.402624,-0.206492,0.508149,-0.10355,0.582078,0.350231,0.657273,-0.326368,40.48751426129957,-2.855070328421415,-2.9795602253593074,7.157831374104811,3.019635183598094,-2.8061478824146775,15.751422825854194,13.937710863145394,-0.22112,0.426161,-0.200973,0.466654,0.0662042,0.0242976,0.881624
1.9390089511871338,0.30640082202464103,0.1012208127723165,1.0780301020523777,-0.04711856998845214,-0.01961227000136641,0.01048672964500899,0.0163865,0.335092,0.37077,0.148735,0.656758,0.62006,-0.402582,-0.206743,0.505386,-0.10607,0.586076,0.345117,0.653957,-0.331285,41.418646747838245,-2.9321959825193424,-3.088011227416965,5.992618139088394,4.121498936258234,-2.0927191092472057,14.530776589817716,13.230331947521487,-0.221244,0.422024,-0.202417,0.467726,0.062776,0.0292395,0.881156
1.9621174335479736,0.34846390238706293,0.2686295868248742,1.1325391441743136,-0.0012855676494729568,-0.030177465532278777,0.0014887170049005735,0.0163478,0.335105,0.37073,0.149267,0.6565,0.620115,-0.402721,-0.206886,0.499495,-0.111044,0.594862,0.334685,0.647387,-0.339139,43.30578452047325,-2.722684695968325,-3.2363036489400816,4.125225805237033,4.341371626426875,-0.8260921629882603,13.273747349787946,11.840341107654432,-0.220943,0.41369,-0.205118,0.466857,0.0548859,0.041693,0.881643
1.9861137866973877,0.37566430145597735,0.25649139407311095,1.1904346352968376,-0.014907065789333027,-0.03291944272586474,0.004682718336451179,0.016317,0.335098,0.37075,0.149393,0.6566,0.620187,-0.4024,-0.206754,0.495209,-0.114655,0.598898,0.328673,0.644237,-0.343881,44.37706598558467,-2.753237891201824,-3.2881423329330435,4.525781070248451,4.293977661432127,-1.0284979080700722,13.659341338815409,12.094417561649088,-0.220524,0.40753,-0.207214,0.467027,0.0500211,0.0485683,0.88149
2.0055675506591797,0.20016584923085226,0.33457475431098577,1.2219805000426296,-8.364009418732682e-05,0.02859056359487042,-0.012424092995472516,0.01631,0.335075,0.370776,0.149692,0.656288,0.620068,-0.402982,-0.206595,0.492475,-0.117025,0.601714,0.325103,0.641688,-0.347108,45.003535511946154,-2.647581024947523,-3.283106690072664,4.2859170672873965,4.076352149176019,-1.2554059960055355,14.031080207578064,12.25173499701492,-0.219912,0.403679,-0.208312,0.465249,0.0456301,0.0558055,0.88224
2.0279712677001953,0.1920996164267005,0.23694642894818765,1.2452953539166587,-0.04001508228112509,0.03564439327080198,-0.005338037335357496,0.0162966,0.335073,0.37077,0.150059,0.656151,0.62002,-0.403142,-0.206214,0.489689,-0.119352,0.604837,0.320256,0.639425,-0.350348,45.757912310642965,-2.652029123069612,-3.369656101688756,3.6837034981738057,3.4535267006663464,-1.0964175544121986,14.2518645408292,12.116479342936586,-0.219525,0.399784,-0.209603,0.466302,0.0420028,0.0593728,0.881631
2.0537517070770264,0.18053847876283924,0.3079762356776355,1.326490602297594,-0.03597366386145998,0.04748592162840864,-0.009714466418236884,0.0162974,0.335103,0.370732,0.149749,0.656574,0.620302,-0.402134,-0.205506,0.484379,-0.123793,0.608654,0.313825,0.634593,-0.358254,47.19741355670131,-2.7599080663847264,-3.1371303494741483,4.843080266949981,3.798896118592257,-1.378376152290386,14.205858326424195,12.394689613051662,-0.218651,0.392118,-0.211812,0.467707,0.0356525,0.0699342,0.880391
2.091463804244995,0.22393263649404885,0.39188572705627045,1.3739934891648513,-0.023955515163539273,0.034234450843439304,-0.010343436855109954,0.0162539,0.335097,0.370725,0.150525,0.656167,0.620044,-0.402905,-0.205263,0.478932,-0.127879,0.613553,0.306811,0.629661,-0.36462,48.406055136597104,-2.6568318604473413,-3.092944931784677,4.416193582632176,3.716264929884456,-1.5751013677432795,14.479709755267478,12.557984234445268,-0.218145,0.384646,-0.213614,0.467477,0.0284789,0.0800269,0.879915
2.1146278381347656,0.13233598299156038,0.4130491316511401,1.3527019595254923,-0.021955597767268527,0.06144926309753028,-0.01950493439059095,0.0162302,0.335091,0.370739,0.150397,0.656387,0.620106,-0.402499,-0.205289,0.476227,-0.129736,0.616113,0.303067,0.627224,-0.367621,49.13252196705702,-2.653400914053538,-3.120008418253377,4.611431669683388,4.032900840148062,-1.487907438051991,14.212096623158144,12.521112712484648,-0.217861,0.380981,-0.214347,0.466301,0.0253322,0.0865396,0.880019
2.1351301670074463,0.20200207592808003,0.3773024357848311,1.4175399148953725,-0.050708824401234726,0.04489436632401684,-0.008492848317032918,0.0162153,0.335095,0.370709,0.150485,0.656207,0.620221,-0.402584,-0.205576,0.470962,-0.133204,0.620596,0.294618,0.623592,-0.373087,50.4468913138451,-2.718240604388245,-3.26622857150754,4.239331435059863,3.7040945713048625,-1.4540080433202434,14.45747611272849,12.557309237622505,-0.217656,0.373815,-0.215863,0.465289,0.0201988,0.0941085,0.87991
2.1745498180389404,0.2928981827795553,0.36564235685073937,1.4705303094903146,-0.07776662587819241,0.015823339215545046,0.00649047309682286,0.0162332,0.335084,0.370714,0.15059,0.65645,0.619907,-0.402631,-0.206105,0.465746,-0.136306,0.624503,0.287064,0.620796,-0.377098,51.54328399922664,-2.803083310433479,-3.538742928285698,4.522158376035329,3.747253181971283,-1.7975233395809553,14.80571611838905,13.042798493306135,-0.21753,0.366827,-0.216854,0.461964,0.0140563,0.104433,0.880617
2.195518732070923,0.20781888907577126,0.4168610045795172,1.4838642921713794,-0.06360297122754453,0.047698072531791647,-0.007462796856226137,0.0162356,0.335083,0.370727,0.150603,0.656467,0.619871,-0.402652,-0.206661,0.461759,-0.138421,0.628432,0.282286,0.617285,-0.379931,52.40174204795513,-2.637581671368025,-3.6557064849646963,4.7632261983473665,4.612606941606005,-1.7363992454406656,14.281586869038117,12.827679726558308,-0.21773,0.361339,-0.217599,0.462492,0.0118121,0.108395,0.879893
2.2180488109588623,0.2374562988671913,0.4534602377530006,1.4909507785630542,-0.06388606829173982,0.03391526517279998,-0.0029423852570631625,0.0162256,0.335093,0.370726,0.150528,0.656286,0.620089,-0.402642,-0.207164,0.459177,-0.139774,0.629844,0.278525,0.616194,-0.382132,52.94134001549314,-2.7186248954664194,-3.720444240200367,5.024499068496275,4.60502432011576,-1.9939670700235155,14.60268881053857,13.082822313227686,-0.217833,0.358155,-0.217865,0.458324,0.00799505,0.114835,0.881299
2.2415337562561035,0.25271802088714157,0.4418932125757884,1.5557572182405246,-0.08838462882996566,0.03564766516877401,0.0012911361374942898,0.0162382,0.335085,0.370716,0.150492,0.656433,0.619896,-0.402713,-0.208305,0.453959,-0.14228,0.634253,0.268377,0.613578,-0.38629,54.2777605142018,-2.8769071113474993,-4.17267940515997,4.028299083734957,4.391323626979146,-1.5771512198730164,14.489940372249375,12.798447134251616,-0.218441,0.351348,-0.21841,0.456734,0.00342802,0.12231,0.881148
2.262767791748047,0.2864421006657495,0.400020852838679,1.5692716097155293,-0.1063709038345246,0.02557304615268461,0.009736363382005982,0.0162454,0.335086,0.370714,0.150545,0.656408,0.619903,-0.402721,-0.208881,0.451419,-0.143493,0.636943,0.264657,0.611496,-0.387728,54.85485423090354,-2.7807229683288526,-4.324894288847874,3.837619837037983,4.943142974862293,-1.453624383411622,14.090638535986233,12.650272502985324,-0.218772,0.347957,-0.218719,0.455861,0.00200627,0.124572,0.881288
2.285804510116577,0.3233076681047794,0.39508777570946485,1.5861106767494497,-0.11712999094388549,0.015469821031093851,0.016194690098168197,0.0162397,0.335091,0.370709,0.150506,0.656358,0.619932,-0.402773,-0.209902,0.447478,-0.145099,0.638852,0.259788,0.609896,-0.390392,55.5423729353996,-2.8622559538101813,-4.453669549910822,4.590329723010862,5.502206265542657,-1.8853629892340749,14.183400349320578,13.081194850610212,-0.219306,0.342684,-0.218895,0.455521,-0.000569714,0.130764,0.880569
2.3077454566955566,0.40579217931372036,0.4305798442080981,1.5900354841935294,-0.1208706933883837,-0.018476294855646586,0.03097967994535928,0.0162345,0.335087,0.370703,0.150445,0.656399,0.619953,-0.402697,-0.210585,0.444765,-0.146185,0.641122,0.254845,0.609027,-0.391284,56.13205689980509,-2.905023114028813,-4.770190629529995,4.4311899252478595,5.4018031136486275,-1.8500021419325847,14.183839120523782,13.06498003966998,-0.219652,0.33972,-0.218803,0.451589,-0.00567772,0.137916,0.881484
2.329479932785034,0.4241071889330318,0.5499011447895167,1.5922497008108563,-0.09593005214407997,-0.02542630102124266,0.028523632069279423,0.0162294,0.335089,0.370691,0.150517,0.656225,0.620067,-0.402779,-0.211773,0.439401,-0.148334,0.644396,0.245496,0.607775,-0.39382,57.201972111025874,-3.096463588523573,-5.260250350389816,4.2801363287344385,4.892697830682984,-2.1191923104211057,14.67855113606519,13.41540343360169,-0.220112,0.332761,-0.219085,0.449424,-0.00933132,0.14433,0.881532
2.353666305541992,0.42439049232371556,0.4569007175570241,1.661098818580674,-0.14482280983591284,-0.021011456301978083,0.03761804278757536,0.0162406,0.335088,0.370689,0.150529,0.656169,0.620127,-0.402771,-0.212281,0.436651,-0.149334,0.647129,0.237996,0.603211,-0.400896,58.51277298059979,-3.230668073040164,-5.145850467098195,1.7236902017807871,5.282005824253238,-0.27808527346174117,13.312701280810282,11.956084929437674,-0.220143,0.329458,-0.219152,0.447582,-0.0112248,0.149201,0.881637
2.373608350753784,0.4848719780224361,0.4181091601333455,1.6666833346173469,-0.16336519231572677,-0.04077811021066708,0.05159596108128872,0.0162397,0.335083,0.370686,0.150472,0.656301,0.62002,-0.402743,-0.212673,0.433925,-0.150327,0.649371,0.234471,0.601508,-0.401907,59.0267392666586,-3.155296718173898,-5.339220046759419,2.016987228252888,5.6245074825584815,-0.31428115718902916,13.142245937930285,11.923709229543597,-0.220048,0.325556,-0.21902,0.445817,-0.0114297,0.154047,0.881695
2.3970258235931396,0.5874315114177561,0.485873661824396,1.651477011936831,-0.15226048488108593,-0.07874976660318574,0.06692864785473074,0.0162433,0.335089,0.370697,0.150399,0.656242,0.620173,-0.402632,-0.213428,0.429853,-0.151902,0.651655,0.228196,0.599846,-0.404298,59.84967277293173,-3.251935257079534,-5.589660757183294,2.2012707313726914,5.645105581431817,-0.6387423817154243,13.346828831321629,12.243559438271726,-0.220021,0.320833,-0.219109,0.441618,-0.0154391,0.159384,0.882798
2.4215402603149414,0.5672201953728818,0.46707140729077745,1.6779122769026282,-0.18687206645523816,-0.08527021452024773,0.07783171346513221,0.0162346,0.335096,0.370706,0.150436,0.656323,0.620025,-0.402714,-0.214043,0.425628,-0.153412,0.654822,0.220633,0.597721,-0.40652,60.79610136891687,-3.2918107769154465,-5.986605809374718,1.6528746660651636,5.372331277949333,-0.460888947758054,13.408045225741946,12.151832754455455,-0.220167,0.315644,-0.218574,0.441632,-0.0218694,0.175199,0.879652
2.44427227973938,0.6263702402924382,0.36497588389319147,1.70827981943661,-0.23034831292433428,-0.109964965274762,0.10221529618343815,0.0162348,0.335085,0.370701,0.150507,0.656312,0.620039,-0.402682,-0.214278,0.421307,-0.155052,0.658465,0.2145,0.594087,-0.409236,61.747369500439845,-3.1681513091647213,-6.174263321506063,1.4468219871649453,5.723893603967232,-0.2684038711366554,13.028029877070537,11.973728956230193,-0.219763,0.310158,-0.218646,0.439137,-0.0248849,0.176556,0.88055
2.467799186706543,0.7910400593906279,0.4078326451596306,1.6791265435095621,-0.221927455972625,-0.16755629839925243,0.13149284217068807,0.0162375,0.335089,0.370695,0.150594,0.656286,0.619987,-0.402773,-0.214381,0.419856,-0.15561,0.657966,0.212763,0.594529,-0.410302,61.89270281033961,-3.3481147060310983,-6.223809386531377,1.959536442893734,5.2931118258389205,-0.8631145544660441,13.678832214354989,12.536330659596462,-0.219657,0.308601,-0.218728,0.437701,-0.0267286,0.178434,0.880832
2.490152359008789,0.7191913876894898,0.358270498710878,1.8607616793342245,-0.29216308175716865,-0.12877090997297383,0.12530711083929533,0.0162365,0.335095,0.3707,0.150614,0.656406,0.619772,-0.402901,-0.215131,0.411817,-0.158224,0.664434,0.200848,0.588588,-0.41443,63.597033535785286,-3.139223989640964,-6.7342622043998706,1.5759114001231298,5.779566905144892,-0.5632784491006717,13.135149315595733,12.27330891581188,-0.218678,0.299326,-0.218871,0.426533,-0.032184,0.186879,0.88437
2.5106189250946045,0.5513321877733152,0.5356283943704185,1.860888752721467,-0.2320862135096737,-0.06486014788944,0.0789586634005275,0.0162352,0.335098,0.370716,0.150532,0.65643,0.61988,-0.402726,-0.215552,0.408397,-0.159213,0.666948,0.195843,0.586117,-0.416284,64.33875051344955,-3.0820614169937395,-6.916702663198044,1.5828620100928639,6.150540888511232,-0.49249708872113374,12.868014274267084,12.255269353567078,-0.218538,0.294931,-0.218447,0.425419,-0.0350553,0.190075,0.884116
2.5392253398895264,0.5390141378856351,0.7505142077715619,1.8294059015741782,-0.164096385831187,-0.05480475813902673,0.06455228308679482,0.0162386,0.335103,0.370726,0.150551,0.656398,0.619911,-0.402724,-0.216335,0.401742,-0.161117,0.669603,0.187191,0.584699,-0.417993,65.30664935217682,-3.19684066299169,-7.423176998876645,2.8214401242230673,5.790312101838074,-1.736971522374482,14.091335393130427,13.509794543686567,-0.218077,0.286537,-0.21781,0.421648,-0.0392173,0.201256,0.883273
2.5739479064941406,0.4769626476103278,0.7263010300253249,1.9059200203465252,-0.20194425104998087,-0.03043599865578912,0.058497720631037683,0.0162239,0.335111,0.370717,0.150693,0.656384,0.619969,-0.402603,-0.216628,0.396666,-0.162463,0.673665,0.180451,0.581129,-0.419406,66.24840752194434,-2.999293467039209,-7.751769610131952,3.019089257698438,6.243523403942675,-1.7334231904817088,13.902018909845854,13.561338028324794,-0.217542,0.280695,-0.217179,0.417358,-0.0445688,0.209329,0.88318
2.5937509536743164,0.40016240224573296,0.7892472119819729,1.9074640580059714,-0.20409341765951555,-0.009868377303914416,0.044623880733435886,0.0162133,0.335072,0.370734,0.146739,0.65359,0.628227,-0.39575,-0.216905,0.391512,-0.163816,0.676972,0.171458,0.57798,-0.422197,68.39509907463109,-3.313219840745653,-7.354804203601532,6.239762306366803,6.467975691229277,-2.7160263591652694,14.528091226617459,13.342028638407836,-0.216914,0.274561,-0.216243,0.412978,-0.0525907,0.215444,0.883327
2.618652105331421,0.3878154327972322,0.7842847119251378,1.953248724317976,-0.21619062588338786,-0.00035280667906278945,0.04149871828162987,0.0161968,0.335077,0.370742,0.146791,0.653575,0.628242,-0.395733,-0.216971,0.388068,-0.164683,0.678387,0.167212,0.576482,-0.423673,68.94378186432857,-3.3432011308378486,-7.52737315320143,6.756316524478834,6.330314800075724,-3.218164051550218,15.094102196695783,13.565745416781363,-0.216311,0.270592,-0.216161,0.409877,-0.0513772,0.219049,0.883956
2.647303581237793,0.3684142633358039,0.9598714215093656,1.9583340603258492,-0.18527940605694052,0.003765563870864474,0.030559699557334025,0.0161522,0.335086,0.370756,0.147204,0.653389,0.628414,-0.395612,-0.217097,0.381063,-0.166301,0.683696,0.156046,0.571747,-0.425811,70.36833612709265,-3.183959057700693,-8.081999204526129,5.989376716151261,6.1851245557933705,-3.0160782201201783,14.993523560017152,13.328454857304829,-0.215731,0.262445,-0.214836,0.407605,-0.059332,0.230124,0.881692
2.6735963821411133,0.39207585338359896,0.9523709964381255,1.9995373218727837,-0.20768496083947846,0.0009143490813354863,0.0385885885171155,0.0161672,0.335085,0.370749,0.147005,0.653514,0.62822,-0.395788,-0.217154,0.375833,-0.1674,0.687524,0.147487,0.567032,-0.42899,71.60889576867486,-3.021985729922098,-8.39317778401816,5.154606842729805,6.1755743133282355,-2.5897413012650787,14.622765484804612,12.940411894277572,-0.215272,0.25636,-0.213823,0.405755,-0.0631457,0.237054,0.880444
2.698784828186035,0.4890010896850754,0.99104201834329,1.9849316753958726,-0.20459363147939813,-0.02551715677611706,0.05946432440516989,0.0161456,0.335102,0.370724,0.147372,0.653371,0.628272,-0.395806,-0.217621,0.3707,-0.168281,0.689324,0.140699,0.564907,-0.431181,72.42028140739829,-3.1119550354126826,-8.666522346596956,5.5610778703701556,6.27132247926226,-3.165328275272401,15.219463255662792,13.240735038320102,-0.214853,0.250284,-0.212791,0.402097,-0.0640842,0.245263,0.879805
2.7245070934295654,0.463167696548342,0.9771159308506462,2.0602515567516546,-0.24649472771183234,-0.015852541276209674,0.0600461032593333,0.0160801,0.335145,0.370692,0.148304,0.652537,0.629253,-0.395274,-0.21825,0.36547,-0.168968,0.692718,0.129367,0.56171,-0.433461,73.7225312792679,-3.251929778658405,-9.130703343745505,3.5105172669397433,6.019319407120252,-2.2689981548799167,14.573801084547897,13.09768911082146,-0.214874,0.244593,-0.211401,0.399889,-0.0700469,0.253833,0.877924
2.748093843460083,0.47316199790152896,0.9950562456269129,2.100943132623289,-0.265596214306516,-0.02326083916775194,0.06801159250859137,0.0161603,0.335063,0.370656,0.146886,0.654028,0.627147,-0.396684,-0.218939,0.360367,-0.169437,0.694889,0.123155,0.558268,-0.436232,74.62443069285773,-2.9706626246413625,-9.574861288285692,4.243303138895445,6.201398650972486,-2.7054181933015258,14.889404075741943,12.909040071100444,-0.21444,0.238769,-0.21013,0.391662,-0.0736549,0.25894,0.879844
2.7738680839538574,0.5643646142092337,1.1196391501668745,2.043444968274913,-0.23473358381198986,-0.049951552561876174,0.08624912752345207,0.0161161,0.335099,0.370706,0.147401,0.652935,0.628558,-0.396059,-0.219579,0.355031,-0.169851,0.696574,0.113623,0.55615,-0.43883,75.73924425363428,-3.2352965901974438,-9.850974315489822,3.600486481902811,5.835923176263881,-2.7522941676959576,15.157664006202232,13.179081864115918,-0.21431,0.233099,-0.208486,0.388596,-0.0766048,0.269595,0.877749
2.798651695251465,0.48557075558203155,1.1575709557171219,2.0214150914170608,-0.2301160016153001,-0.02879184072567379,0.06801003029786243,0.0161664,0.335056,0.370703,0.1489,0.653602,0.628176,-0.395004,-0.220033,0.349988,-0.170176,0.698313,0.106622,0.553026,-0.441762,76.63483868903407,-3.469428036733845,-10.155032634249437,3.577824623133317,7.515802954525009,-2.6652921022743783,14.56410442397276,13.023232359760195,-0.214197,0.227208,-0.206737,0.385408,-0.0794154,0.27649,0.87676
2.824270725250244,0.6212036077289332,1.242735595950294,2.0009923236203644,-0.21836417340600192,-0.06617128089800801,0.10311172012435962,0.0161928,0.335024,0.370716,0.146107,0.654207,0.627168,-0.396644,-0.220519,0.345281,-0.170456,0.69877,0.100962,0.551019,-0.444866,77.50701000480568,-3.2757092586856995,-10.40784722253852,4.964683008500355,5.987104294136513,-3.9702279053763476,16.261570898005964,13.681461831070473,-0.214319,0.221725,-0.204847,0.384434,-0.084184,0.28152,0.87514
2.848310947418213,0.6413178135876395,1.2044354332094862,2.0528764536487936,-0.2566719851451978,-0.06965843109577187,0.11519665786200511,0.0161573,0.335032,0.370699,0.144965,0.654464,0.627564,-0.396011,-0.220844,0.340641,-0.170801,0.700351,0.0949858,0.547652,-0.447842,78.54210604411212,-3.253092311366623,-10.532878405348375,5.907981267649925,6.353953619114801,-4.668235112394925,16.761974852452372,14.048163216792151,-0.214133,0.216657,-0.203284,0.380786,-0.0875901,0.286564,0.874763
2.879865884780884,0.6648037585433979,1.1140216114191759,2.147572408973116,-0.32132712098425337,-0.07060891365908391,0.13068013720049815,0.0161971,0.334962,0.37059,0.146617,0.654316,0.626165,-0.397858,-0.220965,0.335947,-0.171048,0.701528,0.0880921,0.545336,-0.450229,79.09275231226067,-3.2692787156451795,-10.859011351487135,4.6542561295737865,5.776537515955756,-4.257349578872521,16.72353526805913,13.918729030934056,-0.213349,0.21142,-0.201835,0.375891,-0.0887794,0.294316,0.874187
2.906006336212158,0.5731934575906187,1.1348457384999,2.2329082851055366,-0.365903812863086,-0.04559637778190045,0.11415284936473827,0.0161524,0.334946,0.370586,0.147204,0.653998,0.626907,-0.396995,-0.221001,0.329559,-0.171326,0.702751,0.078519,0.540396,-0.456013,80.51741569580919,-3.5736686333153758,-10.91362291916635,4.278494527415264,6.148997800492074,-4.290331642118602,16.672779333815537,14.035803945274171,-0.212876,0.204619,-0.199171,0.371347,-0.0970758,0.301182,0.872907
2.930269718170166,0.5534040985291356,1.2481043874369098,2.1767583685378353,-0.3294645545620365,-0.03755014245806517,0.10257566974226065,0.0161687,0.334948,0.370589,0.147252,0.653978,0.626856,-0.39709,-0.220912,0.326116,-0.171404,0.704434,0.0735614,0.538093,-0.456965,81.14037639188955,-3.476907904645482,-11.144528517433994,4.236044036259196,6.06109434878946,-4.355167778543617,16.723638732891345,14.030588208726568,-0.212618,0.2005,-0.197781,0.373494,-0.0986364,0.308249,0.869342
2.9532408714294434,0.5858361232792525,1.2883622265898795,2.2022111440436736,-0.3515957287374777,-0.0516900847728291,0.12064945376828949,0.016184,0.334936,0.370609,0.14709,0.654085,0.626812,-0.397043,-0.220842,0.319091,-0.171408,0.707105,0.0631381,0.533756,-0.459479,82.47316734481062,-3.393669999246171,-11.619441680083328,4.26269908415529,5.773088322929585,-4.6904420940533385,17.09614941716822,14.290500001917959,-0.211704,0.193438,-0.194818,0.365872,-0.105196,0.317287,0.868562
2.9771599769592285,0.5921598672792757,1.2734046914241457,2.2446010749526994,-0.37180337242727896,-0.04857774150523825,0.12384088478121487,0.0161786,0.334933,0.370608,0.147162,0.654083,0.626792,-0.397054,-0.221004,0.31566,-0.171304,0.707586,0.0583905,0.53001,-0.463683,83.29427842726534,-3.4863542010007604,-11.528145771764923,3.9819209593342535,6.249137897442878,-4.544760512434209,16.803410066791166,14.144136677527298,-0.211064,0.189626,-0.193481,0.362904,-0.10556,0.320976,0.868408
3.0015225410461426,0.5852467483633099,1.390249564407526,2.244561349810581,-0.3641308086974706,-0.046461895939413675,0.12168899362943444,0.0161684,0.334946,0.370595,0.147191,0.654026,0.626801,-0.39712,-0.221114,0.310318,-0.171101,0.70865,0.0522673,0.527393,-0.465769,84.08233641031222,-3.5035002767487606,-11.741835539923988,4.953629789832922,6.316048974924012,-5.355060312744413,17.49880448318207,14.745593807848886,-0.211035,0.183884,-0.19074,0.364227,-0.111446,0.329549,0.863896
3.0273847579956055,0.5804876839580836,1.4615192192917787,2.2276707811772214,-0.36123649650805817,-0.04588922644229929,0.1227553583276509,0.0161587,0.334948,0.370569,0.147211,0.654028,0.626771,-0.397158,-0.22112,0.304963,-0.17088,0.710487,0.0425695,0.523805,-0.468,85.25887269302162,-3.4854132411852063,-12.193939543382298,3.984535774910988,5.784525530565649,-5.185904256123514,17.61692569570726,14.758354530554737,-0.210157,0.178206,-0.188398,0.358526,-0.114631,0.336006,0.863377
3.0561444759368896,0.625896075603455,1.5270412785461966,2.2141739213658336,-0.3640088018701932,-0.05793032342940381,0.13983579250790223,0.0161444,0.334954,0.37055,0.147354,0.653917,0.626807,-0.397231,-0.220909,0.297983,-0.170533,0.713849,0.0337978,0.518334,-0.469689,86.44531140886681,-3.1902894884552273,-12.510530812599178,4.408314696079035,6.304609866204512,-5.504218129773555,17.693851833055778,14.737755209315202,-0.209185,0.171041,-0.185052,0.354345,-0.119632,0.346066,0.860445
3.079008102416992,0.6457082099582768,1.5156462929069117,2.2651979360692645,-0.3952785590820686,-0.05630249079359551,0.14709956879749647,0.0161437,0.33496,0.370554,0.147334,0.653951,0.626845,-0.397121,-0.220837,0.294618,-0.17013,0.71264,0.0294853,0.51486,-0.475599,87.28600544430495,-3.5234309301882636,-12.2771538549437,4.462692018652435,6.331140726489228,-5.64368494204404,17.85756022057009,15.019817510086487,-0.208699,0.167532,-0.18335,0.354449,-0.122226,0.350999,0.858036
3.1016080379486084,0.5986789583923076,1.5445565658052198,2.2853697083660176,-0.40580258978900013,-0.05046582465968567,0.13872159068841888,0.0161434,0.33496,0.370557,0.147384,0.65396,0.626791,-0.397173,-0.220694,0.292939,-0.170124,0.714789,0.0269405,0.51334,-0.474165,87.55060490435213,-3.2317381721624505,-12.513741347342723,4.290905926508373,6.5690987763631945,-5.542528235593764,17.651430586068056,14.76617765533565,-0.207896,0.164208,-0.181785,0.349753,-0.124249,0.35627,0.8575
3.1290841102600098,0.6026623194712846,1.5434514390615521,2.3066974945469823,-0.4363553489312736,-0.046060061164325004,0.14289658920298462,0.0161503,0.334962,0.370567,0.147463,0.653937,0.626787,-0.397189,-0.220536,0.284485,-0.169404,0.711296,0.0183686,0.50751,-0.485957,89.11583017971584,-4.0374865690403015,-12.098810282794538,5.711878830493543,6.281710650500704,-7.402524014090503,19.266014796968552,16.36511925775463,-0.206566,0.157032,-0.178276,0.344092,-0.126254,0.363934,0.856278
3.15501070022583,0.5565738719663205,1.6169795274888987,2.332703328090222,-0.4573752073061353,-0.03379886088525553,0.13212929263620307,0.0161465,0.334962,0.370564,0.147479,0.653978,0.626742,-0.397186,-0.220004,0.277902,-0.168402,0.716069,0.00429381,0.50082,-0.486217,90.80819869315066,-3.55074366279095,-12.887282710206463,3.315040674843072,5.8035976601694514,-5.920819642844265,18.169119999637395,15.526714661541952,-0.205923,0.150379,-0.174199,0.343547,-0.134592,0.374981,0.850441
3.17757511138916,0.5960234412573625,1.6762258147800684,2.31920441516863,-0.46177648918199304,-0.04590755279883009,0.15033850202996485,0.0161394,0.334964,0.370556,0.147526,0.653961,0.626756,-0.397175,-0.220126,0.274462,-0.167926,0.711579,0.0059499,0.500527,-0.493044,90.92742219188074,-4.276125771614686,-12.280032360675595,6.748970097970112,6.045663920483957,-8.491551928144297,20.281468278542487,16.777532649182326,-0.205517,0.147065,-0.172081,0.343212,-0.137665,0.38147,0.847192
3.2026259899139404,0.6016813894208007,1.7386775389812994,2.3591568858987713,-0.4854266787604493,-0.04140301971565132,0.15351636169513938,0.0161302,0.334965,0.370532,0.147517,0.653962,0.626766,-0.39716,-0.22005,0.267565,-0.166776,0.712347,-0.0042693,0.492945,-0.499548,92.56825429196286,-4.365104773474767,-12.292242704696926,6.041199882904937,6.4431690999393005,-8.380785814845382,19.956907482985265,16.532744410295354,-0.204648,0.140133,-0.167895,0.339425,-0.141703,0.391018,0.843692
3.228957414627075,0.6312590235879512,1.7972193700200303,2.368304713497575,-0.4923357373413088,-0.05274598175572996,0.16933899757663928,0.0161173,0.334968,0.370508,0.147526,0.653795,0.626847,-0.397304,-0.219904,0.264084,-0.166106,0.713511,-0.00639875,0.492386,-0.498415,92.74004665789148,-4.202163278494161,-12.484422122846976,7.917784527783375,6.570984794022811,-9.501711162783756,20.59221780505319,16.995911462149863,-0.20452,0.136815,-0.165409,0.337944,-0.145927,0.396578,0.840967
3.253967761993408,0.6342952723864309,1.9230771190959608,2.2494263875878953,-0.45854596505141465,-0.04887400605682361,0.16830540494557455,0.0161276,0.334972,0.370512,0.147434,0.653795,0.62687,-0.397302,-0.220046,0.257528,-0.164425,0.711347,-0.0180687,0.486388,-0.507036,94.48409530005846,-4.750266923904298,-12.558121452966127,6.6468965578723775,5.8212825498645655,-9.373147668010823,20.968132827773484,17.457375451409785,-0.203904,0.130095,-0.160976,0.334891,-0.149317,0.404969,0.837587
3.2772650718688965,0.6651194648391405,1.8719569222472658,2.3283797038056844,-0.49335771495897945,-0.05146373232903158,0.17980710048445261,0.0161351,0.33496,0.370525,0.147446,0.653839,0.626901,-0.397177,-0.219369,0.254508,-0.163528,0.721733,-0.0297514,0.480238,-0.497582,95.56927724653404,-3.1815410087746594,-13.772503371330187,3.0872350367205676,6.650246843798277,-6.070224465526017,17.60433841302411,14.434593453598636,-0.203552,0.127145,-0.158652,0.333273,-0.152066,0.411787,0.834408
3.301486015319824,0.6845947020687826,1.9525642564456471,2.2736362873960956,-0.49958447704276926,-0.05850963409844058,0.19563142069853093,0.0161394,0.334959,0.370522,0.147526,0.653862,0.626815,-0.397246,-0.219833,0.249527,-0.162556,0.711896,-0.0292493,0.479713,-0.512078,96.08700959579888,-4.827467906321957,-12.808377582305893,6.690503922766016,5.9379096308611325,-9.915869178923082,20.972835712843057,17.829159684095284,-0.202694,0.122727,-0.155544,0.328556,-0.154868,0.419843,0.831744
3.3262739181518555,0.5973622226837395,1.9211563272339292,2.395926599709679,-0.5594867051584719,-0.03691559163187708,0.16838517354096597,0.0161336,0.334965,0.370489,0.147483,0.653814,0.626802,-0.397359,-0.219359,0.244936,-0.16144,0.712222,-0.0337966,0.477437,-0.51347,96.68172688163085,-4.816159672439826,-12.960535249330132,8.011390848038197,5.6372377085841565,-10.905865026669005,21.38407505411473,18.65628658524117,-0.20209,0.118009,-0.152121,0.329373,-0.158312,0.424902,0.828196
3.3503878116607666,0.5460022103953511,1.959998640822261,2.436412175696937,-0.585946258689053,-0.028340732804670116,0.15584528375464854,0.0161241,0.334962,0.370465,0.147533,0.653792,0.626831,-0.397331,-0.219074,0.24025,-0.160268,0.71322,-0.0399624,0.471678,-0.516953,97.72571794682247,-4.739274109933724,-12.933656789069934,7.8781631898796185,6.197284074982264,-10.936920339569404,21.052510277774218,18.383122905008907,-0.201422,0.113489,-0.148699,0.326122,-0.16177,0.432265,0.824998
3.376976251602173,0.625970028031056,2.0299680244153206,2.4439448216525177,-0.5972154438327534,-0.0383713417310577,0.18373452935803347,0.0161039,0.334983,0.370432,0.147312,0.653128,0.627382,-0.397637,-0.218726,0.235461,-0.158867,0.714563,-0.0476761,0.467009,-0.51868,98.77020417955734,-4.591698912193798,-13.089570088332918,7.369411569026305,5.774559507872356,-10.784604299073628,20.891824092604086,18.215554873757927,-0.200896,0.109089,-0.145028,0.324485,-0.165901,0.439354,0.821069
3.4030230045318604,0.6608808158554443,2.1303100309392327,2.3157000229388367,-0.5655792336147442,-0.04689382833352337,0.20296028017169046,0.0161019,0.334971,0.370418,0.147375,0.653086,0.627401,-0.397651,-0.218289,0.229168,-0.156896,0.716784,-0.0563579,0.461087,-0.520042,99.96054202132306,-4.29637342735912,-13.374787305323952,7.605622500967499,6.23782773637323,-10.955716559645559,20.557316963413015,17.935251656380455,-0.200226,0.103174,-0.139874,0.321534,-0.171633,0.449662,0.815452
3.4277186393737793,0.6268754798454444,2.091698058245599,2.366277787481667,-0.5981752115382653,-0.04034287018960611,0.19550716607102414,0.0161124,0.334946,0.370407,0.147774,0.653448,0.626932,-0.39765,-0.218364,0.22601,-0.155783,0.714261,-0.0603713,0.459008,-0.524879,100.58898462543308,-4.738713430245207,-13.372450054703116,7.785872668275552,6.042029732637257,-11.512373328941742,21.06494421545676,18.850324259204694,-0.199536,0.100337,-0.13773,0.31657,-0.171047,0.453213,0.815551
3.455768585205078,0.6206895404288522,2.1514801106159043,2.4101640236860224,-0.6361081791063684,-0.03660848249270783,0.1971236858435283,0.016124,0.334934,0.370397,0.147868,0.653509,0.626846,-0.397649,-0.217844,0.219983,-0.153609,0.713605,-0.0679725,0.452596,-0.530382,101.8673587625303,-4.895995425396406,-13.323564783761459,8.138633757925401,6.141813965354722,-11.923617442388277,21.186275744180463,19.298404998450064,-0.198784,0.0946657,-0.132545,0.31475,-0.176517,0.46225,0.81
3.478710651397705,0.6221384090402258,2.1936043237601526,2.443842459468012,-0.6523082488165131,-0.04047774551846089,0.20275906389798354,0.0161353,0.334946,0.370422,0.147504,0.653675,0.626968,-0.39732,-0.217333,0.216918,-0.152698,0.717182,-0.0719706,0.448585,-0.528433,102.46394777052454,-4.317039457399979,-13.533405240896839,8.458517685409113,7.08078370454417,-12.029770573755961,20.82048078532075,18.705044033938105,-0.198226,0.0919951,-0.13014,0.312885,-0.179798,0.466971,0.807288
3.5022854804992676,0.5431292029754026,2.305312383529483,2.4259482331001863,-0.6595410956202422,-0.027538853040093323,0.1761901196073956,0.0161197,0.334965,0.370399,0.147484,0.653034,0.627473,-0.397585,-0.216984,0.212657,-0.150904,0.714307,-0.0796529,0.445306,-0.53397,103.54302578076819,-4.8310454153014515,-13.569985329951056,7.661893575595332,5.493567323971499,-12.159188357484844,21.41968335725777,19.68103928482131,-0.197578,0.0881202,-0.12618,0.31106,-0.183872,0.472784,0.803684
3.528123140335083,0.7260350610917921,2.293176604734096,2.4852974577031297,-0.7065897376231675,-0.052785470392703565,0.2481155435914664,0.016125,0.33497,0.370413,0.147387,0.653112,0.627373,-0.397649,-0.216223,0.208274,-0.149362,0.717609,-0.0879546,0.438756,-0.533662,104.68182701511701,-4.265360763098883,-13.87461524102874,6.401584928324194,5.860150078894931,-11.38808939793143,20.49679632545307,18.36535341083431,-0.196892,0.0845649,-0.122414,0.307328,-0.189139,0.478562,0.800471
3.5542662143707275,0.5340637632058061,2.369482128105214,2.6682647743049115,-0.7904367324093893,-0.01921431811094279,0.17729339895307084,0.0161439,0.334952,0.370442,0.147575,0.653772,0.626846,-0.397325,-0.215276,0.203146,-0.147345,0.717349,-0.0930831,0.430634,-0.539723,105.88818927644486,-4.314424735346416,-13.58215987185607,6.955784981012549,6.7609518928311205,-11.742210294183565,20.38971699114588,18.49477159065397,-0.195772,0.0797954,-0.117729,0.308369,-0.19271,0.485598,0.794963
3.579906940460205,0.6272818425186182,2.375733577198774,2.841930680139958,-0.8639661028717065,-0.026023606911275022,0.21022694138039624,0.0161205,0.334964,0.370411,0.147483,0.653067,0.627431,-0.397596,-0.214777,0.200716,-0.146497,0.716336,-0.0947126,0.430779,-0.540668,106.04925670904991,-4.504998740682528,-13.571142406140417,8.124918620248835,5.736003790120386,-12.855596152912042,21.604202515112245,20.064750139790974,-0.194829,0.0776199,-0.115822,0.307322,-0.192391,0.489498,0.793052
3.606586456298828,0.4750145777601641,2.4422264036073704,3.026991332209978,-0.9615829957325819,-0.01770952647185015,0.16874900932777726,0.016054,0.335001,0.370319,0.151326,0.656506,0.619426,-0.403003,-0.213663,0.195906,-0.144756,0.719063,-0.100793,0.424027,-0.541285,106.16022857244123,-3.3819057619285333,-14.153794756668574,6.4275302147644915,5.4480236840522025,-10.045504831281846,18.89191149359831,16.433454256440758,-0.194203,0.0735893,-0.111253,0.306352,-0.202842,0.496196,0.786634
3.629180908203125,0.5383300310691261,2.4341707282051552,3.123478938085271,-1.0117795244203567,-0.025777975392648384,0.19680139767080218,0.0160252,0.334974,0.370304,0.152163,0.655617,0.619323,-0.404291,-0.213198,0.19366,-0.143862,0.718132,-0.102656,0.422759,-0.54316,106.29580468743778,-3.5254027319587546,-14.02218809888121,6.566168527992868,4.424305920464123,-9.99885918416556,19.06177969196599,16.75620964677915,-0.193627,0.0719274,-0.109347,0.303946,-0.203876,0.499183,0.785409
3.6546454429626465,0.675206661198417,2.4231706489010354,3.2578536758889007,-1.0879692065336923,-0.032531974313541746,0.2469495578496689,0.0160545,0.335015,0.370287,0.1516,0.656413,0.619365,-0.403145,-0.212339,0.189416,-0.141983,0.719131,-0.110588,0.415904,-0.545568,107.6641294984324,-3.3228891340837965,-14.208192524069693,5.901042150764237,4.980663552304804,-9.999082074489301,18.845875087358458,16.485599353530695,-0.192818,0.0683658,-0.10533,0.303367,-0.20839,0.506172,0.779956
3.680659770965576,0.5847029880502955,2.3483924098427025,3.4372562968970235,-1.169990819583249,-0.01776383849929246,0.21496638503744595,0.016058,0.335018,0.370274,0.151676,0.656386,0.61933,-0.403215,-0.211904,0.187401,-0.141121,0.719133,-0.112014,0.412985,-0.547489,108.03662569334628,-3.320377219562645,-14.038059884917686,6.426691389441508,5.202573829461165,-10.281666313476194,18.946942590013983,16.702415360392795,-0.192751,0.0663896,-0.103079,0.305935,-0.212465,0.506826,0.777425
3.7057504653930664,0.7275792879303962,2.401587700156781,3.629137116992187,-1.2667173223462862,-0.03306006116228032,0.2715807490865585,0.016037,0.335008,0.37019,0.153123,0.656986,0.617444,-0.40458,-0.211067,0.183431,-0.139369,0.718068,-0.116851,0.407217,-0.552177,108.74706136601338,-3.3478169203767365,-13.946660695456146,5.918994939472476,4.886477629087839,-9.613858078239154,18.36922973746084,16.149643873412696,-0.191807,0.0632083,-0.0992601,0.301635,-0.216308,0.512084,0.774595
3.730581283569336,0.6413067291414769,2.331485442475103,3.803648238255548,-1.3392233169405698,-0.020260847675595595,0.2422454951929512,0.0160534,0.335046,0.370174,0.15266,0.657683,0.617627,-0.403343,-0.210562,0.181407,-0.13845,0.719965,-0.121683,0.403882,-0.551111,109.48317399929402,-3.009046503827479,-14.26609688212651,5.492179685466926,5.662078143709892,-9.602558236559545,18.162930961839564,15.763674114890762,-0.191185,0.0615126,-0.0975005,0.300993,-0.216679,0.515344,0.772577
3.752912998199463,0.7606988296507576,2.2392075367812136,4.020021862887088,-1.4415838999145438,-0.0019188242689598008,0.2827719569628894,0.0160205,0.335001,0.37016,0.1534,0.65688,0.617494,-0.404571,-0.209533,0.177616,-0.135959,0.71949,-0.133339,0.389935,-0.559022,111.53408039010175,-2.9679982614415854,-13.81325634867823,0.6399483712278702,5.290172562044987,-5.47292907651881,15.656438132196296,12.39849209137649,-0.189966,0.0583116,-0.0940377,0.298116,-0.217386,0.521782,0.769164
3.7779085636138916,0.8736581523124675,2.152657715781643,4.4329060717867375,-1.6151696738540007,-0.008291233745228162,0.33466184174808833,0.0160277,0.33501,0.37016,0.153385,0.656884,0.617507,-0.404551,-0.209087,0.175892,-0.135215,0.719303,-0.133455,0.390097,-0.559122,111.5411773289244,-2.997852188731618,-13.829811398419512,2.114940167408527,5.030496416972802,-6.661400118122415,16.13493461166616,13.289830692491218,-0.189754,0.0568905,-0.0918915,0.298547,-0.222857,0.524109,0.765842
3.8058011531829834,0.932469108529421,2.027540992189648,4.731471364177213,-1.747346771668841,0.01013399032088652,0.3596265829607639,0.0160285,0.335019,0.370157,0.153477,0.656906,0.617442,-0.404579,-0.207668,0.172673,-0.133713,0.721763,-0.140625,0.381348,-0.560229,112.75628091784394,-2.4912472964615553,-13.769063842125004,0.2055033548615519,5.461777512927669,-5.013653479912698,15.192906924792856,11.700137184996132,-0.188748,0.0542642,-0.088838,0.300836,-0.226827,0.531054,0.758966
3.8305957317352295,1.1277773896434198,1.9923206271210228,4.837298940137686,-1.801118273568767,0.0018412761811425202,0.4357040900090704,0.0160225,0.335018,0.370145,0.15368,0.656869,0.617403,-0.404623,-0.20715,0.171319,-0.133119,0.719681,-0.142241,0.377161,-0.565311,113.34598084180456,-2.840908072100456,-13.398938545037986,-0.4617640259600968,5.083891508923677,-4.7921646077564475,15.321708874175217,11.891049157199642,-0.188248,0.053371,-0.0877025,0.298476,-0.228523,0.533662,0.757558
3.854515314102173,1.0347285589293105,1.8598972857665417,5.0972187291437985,-1.903364650719952,0.01037199307907776,0.4042935620959389,0.0159775,0.335021,0.370103,0.154035,0.656836,0.617372,-0.404588,-0.20605,0.169152,-0.132366,0.722112,-0.142642,0.375325,-0.563328,113.390159410086,-2.4526051500620385,-13.401328471232327,1.0064399331049518,5.55094137280862,-5.429502642360305,15.103116653982811,11.804709894668711,-0.187781,0.0515987,-0.0855115,0.301496,-0.233456,0.535517,0.753538
3.8814549446105957,1.3244751693070629,1.691708965444866,5.088534786696705,-1.8989235094287378,0.010677873718485182,0.5238201768797716,0.0159716,0.335054,0.370062,0.15322,0.657415,0.6178,-0.403302,-0.206072,0.168504,-0.132192,0.717715,-0.139229,0.37427,-0.570459,113.6250277186207,-3.2883113872595287,-12.819609494885947,2.904967561411814,5.543419265149007,-7.789529946433461,16.67417832612228,14.391452522533292,-0.187408,0.0510119,-0.0850663,0.301005,-0.233297,0.538985,0.751308
3.908437967300415,1.0014015052709277,2.0614898563560784,5.15354986159852,-1.927557936301684,-0.0002858086807696334,0.39100755930469666,0.0159866,0.335006,0.370099,0.154154,0.656888,0.617373,-0.404457,-0.205447,0.168147,-0.132161,0.719566,-0.139949,0.375129,-0.567377,113.32871926507377,-2.94792809407995,-13.014335102863251,2.6608652402006463,4.923890380659774,-7.002451737082652,16.09478494515993,13.514611918860652,-0.187168,0.0509049,-0.0849417,0.299987,-0.233513,0.537831,0.752474
3.933973789215088,0.7080398337839984,2.4482992778115387,4.7820313176978075,-1.782208769886403,0.006595549761757988,0.2692637804035063,0.015965,0.335058,0.370045,0.153613,0.657271,0.617603,-0.403687,-0.206055,0.168525,-0.132293,0.718872,-0.140664,0.377107,-0.566768,113.35529428114354,-3.052467526441096,-13.280132244429304,2.6681145715990713,4.963207663451088,-7.620184774442443,16.66205715903835,14.208803636230488,-0.187648,0.0509634,-0.0849189,0.301227,-0.234136,0.537709,0.751872
3.960317373275757,0.5786959174543055,2.623585252323942,4.364766947204631,-1.6088791775925013,0.014639566791970069,0.21257831410000755,0.0159288,0.335061,0.370007,0.153553,0.657034,0.617655,-0.404018,-0.206436,0.168725,-0.13219,0.718566,-0.141066,0.375055,-0.568416,113.56516511634935,-3.095290259295534,-13.058330170825776,1.9377389665802909,5.29055802136171,-6.848033824716289,16.10016195475617,13.468709221142705,-0.187742,0.050996,-0.0851347,0.30103,-0.232201,0.535823,0.753895
3.9838383197784424,0.5619684177388158,2.97825569927046,3.721632307499917,-1.3518270558344907,-0.012300914903051026,0.20815210433995832,0.0159164,0.335063,0.370006,0.153562,0.65701,0.617716,-0.40396,-0.207372,0.169505,-0.132153,0.721111,-0.146647,0.380096,-0.560375,113.4153066547884,-2.5449713045719715,-14.204703222639314,0.16803694681461145,4.937507542118674,-5.710810341288806,15.697178610424073,12.505717936101162,-0.188256,0.0517803,-0.0857036,0.295664,-0.232402,0.534821,0.756663
4.008914947509766,0.47599068598660327,3.0610765301029863,3.3811890734335845,-1.1952637947228077,0.0001629553807037593,0.1669911025839071,0.0159533,0.335067,0.370036,0.153673,0.657234,0.617647,-0.403658,-0.208128,0.170079,-0.132241,0.718866,-0.142831,0.381209,-0.563481,113.15128128232264,-3.0062901804698026,-13.881961703928797,1.5792619034775441,5.597574604944056,-6.724940723322959,16.039611527488997,13.325261573282214,-0.188199,0.0521613,-0.0866623,0.297076,-0.226176,0.534512,0.758213
4.03552508354187,0.39945137311795936,3.080998368810627,2.801263521470523,-0.9664866074410834,-0.016735197123241664,0.15268527755045475,0.0159785,0.335035,0.370106,0.154265,0.656977,0.617143,-0.404621,-0.208709,0.171923,-0.132839,0.72171,-0.144748,0.382644,-0.55836,112.88150508817168,-2.4421851920985844,-14.324995113402208,-0.5739273723382787,5.887078832432511,-4.348337454906535,14.890118859275345,11.303113630348657,-0.188512,0.0537076,-0.0881654,0.290125,-0.227881,0.530844,0.762957
4.062414884567261,0.365958319703216,3.078565368640331,2.572704935779542,-0.8666005439326465,-0.015188374519970384,0.139992800680532,0.015968,0.335032,0.370123,0.154221,0.657036,0.617097,-0.404611,-0.209046,0.173115,-0.13342,0.721959,-0.14266,0.385763,-0.556427,112.42675418942355,-2.4196557158028114,-14.46017997174844,-0.03864638234734663,5.826178826133598,-4.68840878658569,14.97834568540961,11.4766436971699,-0.189006,0.0547835,-0.0892493,0.292645,-0.22707,0.532524,0.761063
4.088679313659668,0.32337088874483194,2.992103489935692,2.342268707429408,-0.7425788601672879,-0.008186293915067621,0.11735846847162733,0.0159597,0.335039,0.370156,0.154299,0.657149,0.617046,-0.404478,-0.209902,0.176297,-0.135051,0.720067,-0.134729,0.392689,-0.556011,111.28327061884738,-2.8606282502526854,-14.331426744968034,1.8816528372171426,5.6457558159938515,-6.127414043583123,15.621665205294502,12.64053500586576,-0.188899,0.0570277,-0.0930293,0.291673,-0.21813,0.524153,0.769812
4.112451791763306,0.37902489693739577,2.9062165710115355,2.2698037523053727,-0.698431595038524,-0.012058082478368976,0.13576040148342275,0.0159574,0.335037,0.370174,0.154295,0.657211,0.617033,-0.404396,-0.210671,0.178236,-0.136633,0.717157,-0.127194,0.404507,-0.553066,109.76936919536904,-3.4248193875390616,-14.661577558448535,5.131483357295206,4.190885321361172,-9.598323818710647,18.540750902376832,16.4537814211738,-0.189367,0.0586446,-0.0949209,0.29369,-0.215122,0.519332,0.773152
4.1397716999053955,0.45932528331893113,2.7575880519634826,2.03869380944791,-0.5916164595697133,-0.016765364740348496,0.1583644365811006,0.0159641,0.335039,0.370184,0.154275,0.657269,0.616944,-0.404446,-0.211572,0.182931,-0.138953,0.718423,-0.121861,0.410855,-0.547919,108.69132290987558,-3.2493802512666363,-14.895049828546084,4.671350031411649,4.365652095803694,-9.06116568322598,18.149598456599445,15.761708157950103,-0.190687,0.06252,-0.0996102,0.297705,-0.211888,0.512295,0.777193
4.161923170089722,0.44899335725495576,2.7038763689840595,2.099387846486566,-0.6038234526594652,-0.018328970114407428,0.1601887719544657,0.0159652,0.335031,0.370185,0.154265,0.657234,0.617076,-0.404305,-0.212098,0.18576,-0.140375,0.718517,-0.117387,0.415336,-0.54539,107.93037181272841,-3.2910649645686956,-14.945658077715125,5.059503616585925,4.438994483650738,-9.288711369551613,18.367650541447173,15.969717086283865,-0.191303,0.0649976,-0.10247,0.296776,-0.209004,0.509384,0.780237
4.185177326202393,0.5210809887145168,2.6218230039974886,2.1441847227778403,-0.6087861372300358,-0.022671039849231283,0.18432597315652405,0.015961,0.335035,0.370182,0.154242,0.65723,0.617054,-0.404354,-0.213066,0.190108,-0.142306,0.717685,-0.112347,0.41846,-0.545159,107.2814838425867,-3.473822701014135,-14.748860194729781,4.0241980787443445,4.737469890615803,-8.484781456711403,17.94558581014734,15.364218898479567,-0.192383,0.0686194,-0.1068,0.297957,-0.205352,0.503001,0.784884
4.210662603378296,0.4973237914367272,2.5627211479408496,2.1740302936639893,-0.6046668589158891,-0.025801164725719528,0.1801352958503994,0.0159624,0.335029,0.370186,0.154183,0.657287,0.617066,-0.404265,-0.214096,0.194746,-0.144435,0.717051,-0.103018,0.427865,-0.540516,105.70075857103127,-3.636631813968523,-14.835600725713492,6.027982605387223,4.745393038557877,-9.827161865903165,18.978808221527217,16.632262506705853,-0.193421,0.072682,-0.111264,0.300565,-0.201029,0.498398,0.787939
4.2371602058410645,0.5325061382943808,2.5398601180177875,2.1273114160194027,-0.5592748305633396,-0.029173105144915935,0.18799535594674405,0.0159698,0.335024,0.370178,0.154153,0.657266,0.617025,-0.404373,-0.215009,0.199611,-0.14642,0.718603,-0.098754,0.430996,-0.536749,104.97171735609675,-3.3880665937399215,-14.874718387895506,4.422201904077671,5.435445461220054,-8.3429175733502,17.93688178976092,15.047591781966867,-0.194457,0.0769847,-0.115954,0.301881,-0.194241,0.491016,0.793751
4.2622575759887695,0.6342871052485091,2.4717240310663464,2.232060881627918,-0.5785908991038509,-0.03639408454173958,0.21872005091148458,0.0159734,0.335013,0.370161,0.154142,0.657228,0.617132,-0.404278,-0.215903,0.204705,-0.148442,0.717869,-0.0947228,0.436692,-0.533847,104.15606415580619,-3.5293481646648486,-15.054927486558435,2.831182256024796,4.958625221362463,-7.484998719089397,18.04527135497505,14.890977965424417,-0.195814,0.0811399,-0.120377,0.305683,-0.189256,0.481535,0.79929
4.285104274749756,0.7785458828035452,2.454629013987894,2.2452737768883475,-0.5708852997944176,-0.0657486291152221,0.28174748625081497,0.0159629,0.335018,0.370133,0.154265,0.657138,0.617117,-0.4044,-0.21679,0.210057,-0.150511,0.718129,-0.0859065,0.44172,-0.530843,102.92605904136062,-3.520514233856205,-14.805279393005115,3.226609261585171,5.76352790519507,-7.2352986318055486,17.82433720661909,14.471773923252117,-0.197319,0.0861803,-0.125088,0.307234,-0.185941,0.475513,0.803069
4.311036825180054,0.8056544199671352,2.4442415408028344,2.2595925217643145,-0.5473310669207977,-0.06805468198571964,0.28385873248114446,0.0159662,0.335012,0.370123,0.154242,0.657185,0.617017,-0.404484,-0.218011,0.21589,-0.152565,0.713019,-0.0760321,0.452566,-0.530101,101.34528877290623,-4.351049937605571,-14.71448386076326,4.490977880700395,4.435520152463947,-8.731783293138044,19.49418436497916,16.73014979797887,-0.198139,0.0908183,-0.130157,0.311342,-0.176617,0.46918,0.807306
4.339617013931274,0.815985134779479,2.34510358335641,2.203335616267454,-0.49355952798843084,-0.07238290960599986,0.2837921581576105,0.0159984,0.334995,0.370153,0.15395,0.657244,0.61714,-0.404313,-0.219588,0.223945,-0.154972,0.712655,-0.0655786,0.459953,-0.52561,99.82504243445067,-4.3890096032484855,-14.555305603369934,4.116703306704224,5.348941630240475,-8.100273839168437,19.227453289638014,16.1069170081725,-0.200812,0.0985514,-0.136099,0.314616,-0.172935,0.45661,0.814013
4.3654868602752686,0.8215772322165295,2.375415518692956,2.0373662895348743,-0.3917419029950845,-0.07551015079350254,0.26994908245481414,0.0160278,0.334981,0.370176,0.153801,0.657284,0.617074,-0.404404,-0.220798,0.23033,-0.15651,0.713144,-0.0585971,0.464202,-0.522023,98.80650261213184,-4.262354896556901,-14.443755546510022,3.019525293035205,6.237717733971515,-6.73415517306799,18.393034333495997,15.037820217378155,-0.202182,0.104443,-0.141098,0.315685,-0.164934,0.447307,0.8204
4.391337871551514,0.8752880150599414,2.2743141675605547,2.192744600481955,-0.4354079062531941,-0.07812191667405251,0.2755710909813362,0.0160583,0.335017,0.370181,0.153103,0.658019,0.617271,-0.40317,-0.221499,0.234587,-0.157634,0.712717,-0.0522213,0.46855,-0.519392,98.03509837432927,-4.331465685880194,-14.420989993641074,3.952924059107975,7.231399347390466,-7.3232971459508605,18.26511671370004,15.245792285339489,-0.203121,0.108181,-0.144232,0.320583,-0.160667,0.439792,0.823405
4.418207883834839,0.8308924366486458,2.1017394634638817,2.338530813883502,-0.4806873917330671,-0.07792567719546796,0.25941141329679873,0.0160007,0.33499,0.370143,0.153863,0.657178,0.617171,-0.404405,-0.222348,0.242824,-0.160303,0.71334,-0.0403384,0.479634,-0.509381,95.72600101041571,-4.101152966048054,-14.587117878606639,3.799820439559852,6.585231941256966,-7.180982411612604,18.65598692066589,15.637165122902207,-0.204698,0.116243,-0.15058,0.323255,-0.154079,0.429272,0.829151
4.44534158706665,0.8180903103833909,2.0612610709446355,2.276239525412302,-0.44058965599661964,-0.07528590220435147,0.2353396733011873,0.0159708,0.334999,0.370106,0.154024,0.657062,0.617299,-0.404336,-0.222901,0.25096,-0.162339,0.711681,-0.0291253,0.487151,-0.505318,94.09518468436488,-4.285985750323347,-14.336293751651331,3.5683294176312543,6.466519266174494,-6.851805507051694,18.671090800750886,15.93835854032411,-0.205834,0.124071,-0.156752,0.328318,-0.146839,0.416949,0.834745
4.4703710079193115,0.8098661739417781,1.9977120830427468,2.176665522221297,-0.39175365935999257,-0.0771420205845204,0.2225913441916217,0.0159746,0.335002,0.370117,0.153964,0.657146,0.617155,-0.404444,-0.222783,0.255153,-0.163027,0.720069,-0.0331343,0.486831,-0.493354,93.98935897447535,-2.8956155184069914,-15.401423099640638,-1.370990404016128,6.847493635890096,-2.5715905111261463,15.346837367427725,13.13597094134699,-0.206294,0.127887,-0.159426,0.32766,-0.144688,0.409526,0.839043
4.496172666549683,0.6730726150540921,1.931531873716922,2.167403846451291,-0.3657095789575037,-0.05948594437134313,0.1749146034360923,0.0159745,0.335011,0.370151,0.154045,0.657157,0.617131,-0.40443,-0.223233,0.263163,-0.164556,0.720257,-0.02223,0.494211,-0.486304,92.27802542941743,-2.7401251378449274,-15.391964270749245,-1.4627665327282688,7.022080315754732,-2.0848411468542807,14.789477079843392,12.78870954641685,-0.206807,0.135866,-0.164942,0.329713,-0.138285,0.398135,0.844781
4.522830486297607,0.6272555256783278,1.870428547242756,2.2288235811686867,-0.3804795666210213,-0.056948079026790985,0.16679261802564857,0.0159486,0.335027,0.370149,0.153688,0.657221,0.617135,-0.404457,-0.2235,0.266835,-0.165568,0.714365,-0.0107045,0.501104,-0.488326,90.93998445128155,-3.534395940676129,-14.706601495267147,1.9482730763049592,6.268679149532883,-5.079689707777035,17.438201932543603,14.932029008507731,-0.206665,0.13985,-0.167807,0.332152,-0.135206,0.390452,0.847905
4.547898769378662,0.6911496015344673,1.9523321697143525,2.1445445262111478,-0.29095065050097035,-0.08211960218420081,0.1816559535641759,0.0159454,0.335027,0.370184,0.154254,0.657366,0.616909,-0.40435,-0.222759,0.275294,-0.167213,0.717779,-0.00311526,0.508058,-0.476089,89.29880717007272,-2.8675662275133007,-15.314233674813636,-0.20483377374191214,5.554751172950766,-3.274119355600625,16.20595746557762,13.71283019310541,-0.206648,0.148116,-0.173498,0.336869,-0.130288,0.376439,0.853134
4.573602914810181,0.7452004946986941,1.8878378485029823,2.116305060441299,-0.28134652474667077,-0.10015131737667722,0.19873355153770791,0.0159469,0.335031,0.37021,0.154346,0.657495,0.616816,-0.404246,-0.222586,0.279507,-0.167826,0.716731,0.00229428,0.510165,-0.475419,88.66193034693032,-2.9633470530909474,-15.060433662142735,-0.7648647034175227,5.482419344509708,-2.725041631472017,15.872353521490187,13.533169076048408,-0.206544,0.152538,-0.176266,0.334921,-0.12778,0.368451,0.857755
4.5985329151153564,0.6661670906480821,1.7236480023920473,2.185441303844232,-0.3051297271401576,-0.08062820560200286,0.1623643936264419,0.0159421,0.335096,0.370305,0.152043,0.659376,0.616096,-0.403152,-0.222094,0.288111,-0.169212,0.71801,0.0138665,0.515928,-0.466999,87.22421784109136,-2.406440976774319,-15.238674855482483,0.06736328771826372,5.61092140743108,-3.0911562173747953,15.917683823393348,13.426724191642455,-0.206568,0.161439,-0.181587,0.337571,-0.121145,0.354792,0.863419
4.626020193099976,0.5422460481930629,1.5710825148212377,2.250106027387064,-0.3454984735766092,-0.04816657631798039,0.12006741621154708,0.0158967,0.33511,0.370305,0.154989,0.658391,0.61615,-0.403557,-0.221849,0.294667,-0.170129,0.717759,0.0222349,0.522048,-0.460211,85.52712456520067,-2.458610962761065,-15.27331161017051,-1.5602287149110499,5.609604777533047,-1.9285066454231838,15.129466119021002,13.586856631239737,-0.20703,0.168324,-0.185222,0.342768,-0.118831,0.34646,0.865075
4.650141954421997,0.48425900131232247,1.540995545969508,2.2607809641169347,-0.34683347133996256,-0.03926162766946049,0.10410293754981692,0.0157975,0.3352,0.370319,0.155764,0.657192,0.618055,-0.402298,-0.221508,0.29892,-0.170616,0.715946,0.0311997,0.52688,-0.456996,84.3540956471387,-2.7741901697942897,-14.820049513446605,0.20030797787282673,5.783340402702048,-2.900083471399398,15.793446153023464,13.721018373839208,-0.207425,0.172679,-0.187424,0.34525,-0.117645,0.340195,0.866735
4.675379991531372,0.579196589177294,1.4323506961412482,2.2378389959514426,-0.3269832813443384,-0.05496508531912886,0.12188088095497004,0.0157683,0.335213,0.370358,0.15599,0.657642,0.617958,-0.401625,-0.220908,0.307326,-0.171314,0.714238,0.0457618,0.53026,-0.454526,82.78626086031804,-2.765237286270902,-14.068047733751197,0.9786026442176929,7.042334196378466,-2.6098813953181192,15.000805056907067,13.242273309896346,-0.207678,0.181338,-0.191789,0.3532,-0.109951,0.326515,0.869798
4.700927495956421,0.5040352368642704,1.358899510734159,2.2094520047891155,-0.3196917881119997,-0.04254229318052269,0.10370107068140826,0.0157742,0.335192,0.370407,0.152455,0.654966,0.625688,-0.395337,-0.220654,0.313516,-0.17165,0.71178,0.0542712,0.536467,-0.450141,82.36495737962584,-3.3792898795682182,-13.330424939834636,4.313672752226877,6.979057404317251,-4.868089054034357,16.749276377737537,14.438350088527143,-0.207683,0.187817,-0.19486,0.353777,-0.105588,0.318496,0.873071
4.727380275726318,0.515034140524787,1.3897394899566382,2.1747731924214437,-0.27970079621118077,-0.042914227498531486,0.09713525859825822,0.015747,0.335189,0.370462,0.151935,0.654482,0.626248,-0.395451,-0.220481,0.319466,-0.171692,0.71067,0.0607709,0.539251,-0.447732,81.55571110414625,-3.3220768231923072,-13.022354840317615,3.1464491049045353,6.300809040608959,-3.9503325329707693,16.286882815591003,13.916171043398139,-0.207861,0.194199,-0.197678,0.355395,-0.100675,0.307661,0.876871
4.749694585800171,0.4932547709608459,1.443946828427057,2.1170220562584623,-0.2386414971894552,-0.0420535319695997,0.0875735980561096,0.0157394,0.335198,0.370482,0.152077,0.654465,0.626328,-0.395299,-0.220296,0.323384,-0.171732,0.709743,0.0668814,0.542531,-0.444357,80.66519885061993,-3.2916926972512064,-12.917933697755222,3.525814784621293,6.252179515648472,-4.035838769310374,16.35943576167834,13.963340778898298,-0.208167,0.198473,-0.199294,0.359018,-0.099343,0.302744,0.877259
4.775396823883057,0.47522139676201414,1.3708645294798207,2.0885419636614038,-0.2320150567214342,-0.04889097193285904,0.0881896462617059,0.0157111,0.335209,0.370535,0.152208,0.654768,0.626332,-0.39474,-0.219759,0.331342,-0.171772,0.708107,0.0789085,0.547819,-0.438466,79.04901110276786,-3.1910679190478017,-12.65360956194223,3.9523684997523016,6.472757454642094,-3.9548779869499526,16.178130719939222,13.867776724084806,-0.208264,0.207661,-0.202705,0.359838,-0.0961593,0.294072,0.880222
4.799457788467407,0.49474796016536865,1.3098118705712098,2.1000779451477403,-0.22802803182845993,-0.04486931968503689,0.08447424702114552,0.0156975,0.335208,0.370565,0.151901,0.654627,0.626409,-0.394971,-0.219416,0.335435,-0.171721,0.706876,0.0857958,0.55019,-0.436183,78.1997993906493,-3.0958482453445075,-12.352240332576665,4.362234850842071,6.2591173039355965,-4.040087240725313,16.26562866437339,13.873802374633854,-0.208553,0.211751,-0.204366,0.364659,-0.0905947,0.28562,0.881611
4.826068162918091,0.4755436885813108,1.253440088332627,2.064544548385231,-0.21442627426402106,-0.038758106062414775,0.07695340508539807,0.0156991,0.335226,0.370624,0.152345,0.654639,0.626708,-0.394305,-0.218763,0.34345,-0.171402,0.704578,0.0963745,0.555541,-0.430878,76.70515120771694,-3.1416590849394765,-12.106904433095881,3.9599394007537114,6.030995818470632,-3.6278715044584118,15.864950086071216,13.869291786132441,-0.20948,0.220651,-0.206854,0.378212,-0.0878023,0.280451,0.877835
4.853030204772949,0.5351496759346838,1.2483271973319596,2.0368038421795402,-0.18981168302253795,-0.05655529876104643,0.0872712651487664,0.0156944,0.335217,0.370626,0.152735,0.654682,0.62658,-0.394286,-0.21835,0.349658,-0.171,0.702684,0.105785,0.559578,-0.426516,75.38606569475995,-3.082945831948492,-11.85525175557717,4.023444079987101,6.080549965598866,-3.4511492751860473,15.633086043668833,13.860662662488377,-0.209592,0.227391,-0.208903,0.380036,-0.0826384,0.272722,0.879981
4.879293203353882,0.4996456888592793,1.095598872651204,2.078027083441105,-0.2230234089568792,-0.047025487917072,0.0811158252231214,0.0157024,0.335172,0.370674,0.152019,0.655592,0.626378,-0.393371,-0.217835,0.355624,-0.170365,0.700867,0.113121,0.562294,-0.424046,74.58250900189499,-3.0910262473249412,-11.67065306193116,3.8470729961325034,6.195301664374408,-2.9006385558236687,15.063604295590526,13.57288342363546,-0.209478,0.234435,-0.211215,0.375204,-0.0783172,0.256369,0.887335
4.904733419418335,0.42772729436053925,1.0179462153857202,2.0320515940760218,-0.20647267951189752,-0.028082063239042002,0.06178229265782275,0.015718,0.335166,0.370697,0.151961,0.655624,0.626397,-0.393309,-0.21726,0.363779,-0.16941,0.697817,0.127585,0.56558,-0.420585,72.93648656911536,-2.9346027490218605,-10.909681004739516,4.724889958127676,7.199862652815678,-2.724137747596508,14.45018821892727,13.213960700351503,-0.209956,0.243764,-0.213353,0.382675,-0.0718904,0.245734,0.887697
4.931396961212158,0.43610026137363817,1.0167498676872053,1.9606203224295862,-0.1733545619755737,-0.027390491545878765,0.05511429163256602,0.0157273,0.335209,0.370687,0.152632,0.654905,0.626583,-0.393949,-0.217069,0.367669,-0.168838,0.69595,0.133199,0.568248,-0.418337,72.04916727393264,-2.9463607849060027,-10.63934795747551,4.208499342203043,6.786525081901765,-2.474231461603601,14.288880079706937,13.390027842880393,-0.210299,0.247787,-0.214376,0.386376,-0.0660096,0.240355,0.888024
4.958046913146973,0.46516807679956224,1.0184464280315415,1.9436346677144318,-0.15073219870346152,-0.03757767843914991,0.058089249284175214,0.0157265,0.335197,0.37069,0.152481,0.654827,0.626652,-0.394029,-0.216754,0.375195,-0.167464,0.690272,0.146203,0.573802,-0.415813,70.38826388909258,-3.171594498990416,-9.95780552148221,5.47574263046868,6.707380419191053,-3.0088458212334217,14.770152955736814,13.688597596095965,-0.211158,0.256523,-0.215881,0.391978,-0.0615187,0.229466,0.888771
4.980213165283203,0.5317029974658443,1.0060495406640546,1.90511911814996,-0.13889522784267264,-0.06187155873585659,0.07332134649122386,0.0157257,0.335206,0.370688,0.152398,0.65484,0.626711,-0.393945,-0.216683,0.378825,-0.166714,0.68816,0.150914,0.576506,-0.413885,69.70819461965209,-3.25488177075757,-9.813092902266481,5.404637954728377,6.466849339757108,-2.9236016434820016,14.759035188700011,13.825060494824365,-0.211452,0.260949,-0.216693,0.39283,-0.060123,0.223425,0.890028
5.0072643756866455,0.5704089405535434,0.9448791912687826,1.896540105735135,-0.13027589541490317,-0.06984013051593992,0.07566171686564734,0.0157257,0.335207,0.370686,0.152378,0.654832,0.626733,-0.393931,-0.216367,0.385962,-0.165136,0.685759,0.15977,0.580196,-0.409365,68.47341347732794,-3.1532077991647096,-9.581010297744587,4.511887263374686,6.353061982591248,-2.072205515404633,13.996751033758041,13.619079167018082,-0.212317,0.269133,-0.217834,0.399182,-0.0537602,0.213695,0.889999
5.031850814819336,0.4814102260434574,0.905272536781733,1.842885831606113,-0.12443892108466346,-0.050846077447383814,0.060447567369911234,0.0157293,0.335202,0.370695,0.152374,0.654889,0.62667,-0.393939,-0.216171,0.389572,-0.164264,0.683063,0.167499,0.583518,-0.406049,67.40247804663943,-3.141864046162863,-9.335779340090038,6.026661514702304,6.600353074634672,-2.8204498399103883,14.506914546959065,13.873934154542793,-0.212552,0.273612,-0.218534,0.399075,-0.0514738,0.207814,0.891573
5.057684659957886,0.4046949136938987,0.8761665969605136,1.8322143736929835,-0.1130065479873339,-0.023345278059274874,0.04032196394443353,0.0157458,0.335199,0.370712,0.152327,0.654913,0.626724,-0.393831,-0.21562,0.396557,-0.162603,0.679068,0.176094,0.587201,-0.403797,66.27137862476062,-3.272212772956178,-8.920705823247017,5.132969767606449,6.184171828283477,-2.2252166863500804,14.211000438177038,13.964626116136511,-0.212817,0.281743,-0.219414,0.404698,-0.046066,0.198542,0.891447
5.083697319030762,0.48348681503176194,0.7860024538663121,1.833961598297952,-0.12280035305155025,-0.043787562802940626,0.054431687260928396,0.0157387,0.33519,0.37071,0.156306,0.657009,0.61938,-0.400345,-0.214786,0.403423,-0.160816,0.674479,0.186426,0.591135,-0.401103,63.970796928258125,-3.115190960621389,-9.081093498662243,1.1758088080778135,5.148784070633264,-1.1623012164135247,13.928067142486046,12.93709487680923,-0.212948,0.290036,-0.220384,0.408739,-0.0401182,0.188241,0.892126
5.11059832572937,0.3889913797157328,0.7659540438420326,1.7934974815365334,-0.11574434144701744,-0.018146605786548496,0.03791505768428541,0.015744,0.335189,0.370722,0.156246,0.657071,0.619355,-0.400306,-0.214312,0.40669,-0.159799,0.673281,0.191979,0.591867,-0.399413,63.35082600049172,-2.9734163165360803,-8.808054545265856,1.2814893836661554,5.566353467368165,-0.8138559002698642,13.355941753518497,12.531524874701507,-0.213369,0.294096,-0.220568,0.41317,-0.0386843,0.185698,0.89068
5.136958360671997,0.354958707315913,0.7373728450355165,1.7741398692132744,-0.10581911431734993,-0.006820105028837583,0.02788567919824988,0.0157554,0.335189,0.370759,0.15613,0.657046,0.619425,-0.400283,-0.213791,0.411488,-0.15828,0.671127,0.198922,0.593574,-0.3971,62.509366149512246,-2.8750005807730883,-8.483596614466016,0.955414612910154,5.735899967694305,-0.3378061931304117,12.929939823880954,12.11723486188639,-0.213661,0.299841,-0.220964,0.417429,-0.0357733,0.176897,0.890607
5.164028882980347,0.42862273651632926,0.6947987406786525,1.7417680741297368,-0.09541877299814182,-0.028608905358594144,0.038368037255551504,0.0158009,0.335182,0.370789,0.155469,0.65746,0.619418,-0.399872,-0.213193,0.417794,-0.156219,0.667199,0.208239,0.597133,-0.393592,61.338369438101914,-2.8867013658826464,-8.157008763849408,1.3681437139419277,5.76649311368873,-0.3422454624941871,12.873469212201474,12.055253512066766,-0.21372,0.307336,-0.221206,0.419404,-0.0289407,0.167934,0.891662
5.187129259109497,0.4032156324975798,0.694639325724981,1.7110649703600855,-0.08583915775743035,-0.023696536261020057,0.033585780460680344,0.0157918,0.335172,0.37077,0.155333,0.657165,0.619785,-0.399841,-0.212847,0.420935,-0.155158,0.664342,0.214087,0.59907,-0.392342,60.61680711940867,-2.924448417983549,-7.77876054245333,2.012564887118536,5.7710797063129045,-0.6586579650872615,13.054815422815194,12.243506319608478,-0.214067,0.311072,-0.221082,0.422603,-0.027571,0.1639,0.890945
5.2149152755737305,0.33438143521930025,0.6463362445818192,1.6730298937882855,-0.0784614933013674,-0.0025036071210456203,0.020743388506007973,0.0157954,0.335167,0.370784,0.155467,0.657452,0.619423,-0.399877,-0.212264,0.427014,-0.153024,0.661173,0.222465,0.60324,-0.386602,59.28689375793547,-2.8624405750878648,-7.733437060255597,1.7616493613465938,5.446024608243604,-0.6731800662664043,13.350898327867526,12.293252380187266,-0.214496,0.318648,-0.221288,0.425663,-0.021731,0.154398,0.891347
5.242501497268677,0.4370436460178129,0.642780881847894,1.6106265148765746,-0.06418287593390089,-0.039674582411051984,0.03668300573783832,0.0158101,0.335154,0.370751,0.155455,0.658107,0.618394,-0.400397,-0.211943,0.431385,-0.151159,0.657816,0.229819,0.606279,-0.383259,58.18628235360662,-2.848298463441397,-7.620975754573336,2.1844867120814984,5.548358193366592,-0.8042552127086466,13.369414355222979,12.376417610556251,-0.215113,0.323905,-0.220719,0.431285,-0.0186258,0.151692,0.889177
5.268857955932617,0.36491351530724037,0.5063467781651236,1.6194064669805637,-0.09445203361769754,-0.013064754037221418,0.030316286324806766,0.0158101,0.335163,0.370789,0.155257,0.657454,0.619444,-0.399922,-0.21193,0.435461,-0.14931,0.654804,0.234554,0.609325,-0.380708,57.47537239494343,-2.96384094744121,-7.372785562354271,1.8959798097867404,5.170461484350396,-0.6374463180097685,13.480520602761196,12.317703596175773,-0.215567,0.329025,-0.220643,0.432987,-0.0124902,0.143922,0.889749
5.294657468795776,0.37091615323841887,0.5956979989927389,1.5801515625747016,-0.04064109747528742,-0.01628534222137379,0.019936854476212462,0.0158267,0.335158,0.370797,0.154894,0.657315,0.619699,-0.399897,-0.212046,0.440537,-0.146765,0.649758,0.244103,0.614843,-0.374427,55.9465028090565,-3.0013837699432857,-7.212568506137979,3.777430969958468,5.119391452902852,-1.7398757236775353,14.202817551485458,13.10283967738722,-0.215889,0.335394,-0.220427,0.432757,-0.00603026,0.129935,0.892077
5.32067084312439,0.39388794290816,0.5786570936591797,1.52860994146481,-0.03424733638916308,-0.02652589780827501,0.02273632350529635,0.0158649,0.335165,0.3708,0.155091,0.657909,0.618819,-0.400207,-0.212058,0.443036,-0.145522,0.647794,0.246768,0.61698,-0.372564,55.40201893525623,-3.1119558452328313,-7.298219034835813,3.2675682604748175,5.018242138711815,-1.5946912043359731,14.2602291574782,13.131613653329762,-0.216173,0.338804,-0.220185,0.432897,-0.00371464,0.12709,0.892432
5.3465046882629395,0.424798847443558,0.49757485405580704,1.4922850641859708,-0.050624764800611566,-0.03966486388024508,0.03170837139849344,0.0158457,0.33515,0.370814,0.155093,0.657336,0.619696,-0.39979,-0.211841,0.446818,-0.143597,0.64498,0.252786,0.619419,-0.36935,54.5582558162501,-3.091382701549925,-7.005020550937291,3.5745523150902176,5.095812972608616,-1.6022667589026156,14.159615858448825,13.109357162225185,-0.216452,0.343459,-0.219599,0.435712,-0.000265355,0.122395,0.891725
5.373381614685059,0.4483395911260525,0.45769225547092446,1.487901258963451,-0.05638643163453937,-0.05152355480409436,0.036199710914703434,0.0158443,0.335142,0.370798,0.154927,0.657375,0.619689,-0.399802,-0.211529,0.450531,-0.141783,0.64294,0.25914,0.620831,-0.36612,53.73499074033991,-2.9125188462687754,-6.807083778927559,3.7606731391348145,5.537764216015463,-1.4750754129492165,13.666703387013092,12.913062310231425,-0.216537,0.348535,-0.219217,0.43477,0.00260244,0.116707,0.892943
5.397621154785156,0.3685175525798893,0.5021355732213996,1.4687677920418545,-0.027662003289271295,-0.022798049602610882,0.01771610139667097,0.0158535,0.335146,0.370806,0.15492,0.657346,0.619677,-0.39987,-0.211138,0.454015,-0.13996,0.639403,0.264167,0.623598,-0.364013,52.94299300123577,-3.0351415256515955,-6.6045218587641825,3.8481238094689463,5.117104272023945,-1.5772045642810113,13.947824832288003,12.969796619431952,-0.216756,0.353036,-0.218816,0.438344,0.00670204,0.110597,0.891952
5.425062656402588,0.3363472943811069,0.4677424220414617,1.41526838241031,-0.02293759647808351,-0.015551519810671682,0.014089405904524278,0.0159428,0.335175,0.370839,0.154161,0.65846,0.618847,-0.399616,-0.210166,0.458785,-0.137625,0.635224,0.271409,0.626108,-0.361685,52.02966874211093,-3.1110852995151497,-6.40238590124166,4.360052673911861,5.054908719882408,-1.5442752202483732,13.89446355881091,12.934716181562631,-0.216631,0.359196,-0.217978,0.441248,0.010115,0.104671,0.891202
5.449307441711426,0.37005100859291346,0.5438996082709028,1.402283575833407,0.010971268056335689,-0.026742648678500746,0.011262013840186961,0.0159422,0.335174,0.370825,0.154139,0.658211,0.619058,-0.399709,-0.209223,0.462461,-0.135877,0.632063,0.278481,0.626935,-0.360413,51.22284218350102,-2.9933959634324614,-5.905037343484925,4.652443744875443,5.257211463332178,-1.556910959784858,13.69770271032443,12.889989626844969,-0.216533,0.363915,-0.217555,0.444637,0.01391,0.0980354,0.890221
5.47552227973938,0.3342646619488196,0.4938848270718848,1.4101187139231985,-0.0003691270663412554,-0.014625281464574652,0.008559777844075344,0.0159058,0.335158,0.370809,0.154479,0.657473,0.619097,-0.400731,-0.208592,0.46598,-0.134065,0.629184,0.284132,0.628343,-0.358582,50.37823051549523,-2.8605665060057275,-5.565758212185664,3.9645927149146543,4.698969315299335,-1.5273214737508738,13.930546375848435,12.69475581270742,-0.216362,0.368499,-0.216931,0.4463,0.0172051,0.0937721,0.889791
5.502090692520142,0.3639756932966221,0.4100049321310282,1.3957521638590835,-0.019800737019448313,-0.024235155140529784,0.015382165127432505,0.0158725,0.335134,0.370808,0.154709,0.6573,0.619822,-0.399804,-0.208063,0.469294,-0.132196,0.625925,0.289172,0.630763,-0.355999,49.646275753737726,-2.9856580094780902,-5.29426232698149,4.280150072672399,4.744528038753501,-1.614574679696851,13.973199907495363,12.818479455306061,-0.216286,0.37299,-0.216333,0.448658,0.0205106,0.087586,0.889165
5.526981592178345,0.30284238950166614,0.46225638178594114,1.3718646854205745,0.008502438799071118,-0.005215623777685405,0.0027643065525698018,0.0159098,0.335144,0.370807,0.154724,0.657803,0.618983,-0.40027,-0.207469,0.472582,-0.130247,0.623849,0.293598,0.63184,-0.354106,49.00534079592938,-2.919450969837529,-5.2176447088282405,3.531012666916099,4.701997567023989,-1.1056900289482527,13.581134724016456,12.302394875906772,-0.216073,0.3774,-0.215511,0.449898,0.0231651,0.0832776,0.888887
5.554886341094971,0.3041053797847918,0.5037901514115989,1.353814757546846,0.034587808873034295,-0.008004152037224412,-0.0016627495086300583,0.0159685,0.335161,0.370833,0.154073,0.658367,0.618912,-0.399703,-0.206612,0.477015,-0.127524,0.619702,0.300333,0.635249,-0.349611,47.99352020187318,-2.9781396284293367,-5.138877720079902,4.329506400832388,4.247186636532611,-1.2748507849640234,13.881443029764664,12.424349926707325,-0.215649,0.383554,-0.214452,0.450555,0.0266447,0.0751673,0.889179
5.5794548988342285,0.2690575935232668,0.4772331811830808,1.3098424504593464,0.03488093770701336,0.0011212040180911757,-0.0039651981057809635,0.0159541,0.335167,0.370827,0.154016,0.658182,0.6191,-0.399738,-0.2062,0.479319,-0.126125,0.617724,0.304836,0.635918,-0.347994,47.43658053119669,-2.861166119400611,-4.890929133064978,4.570228535435885,4.4858724556947,-1.3073271679011782,13.725248207822533,12.398329511875392,-0.215512,0.38668,-0.213823,0.452266,0.0292402,0.0723663,0.888462
5.606027603149414,0.306802362309892,0.4566971142522495,1.2757046049347542,0.04120313587999513,-0.01040854981543361,-0.002200379660142583,0.015943,0.335164,0.370837,0.154043,0.658428,0.618876,-0.39967,-0.205515,0.483902,-0.123064,0.614407,0.311128,0.638362,-0.343799,46.45143552077979,-2.8152589132411183,-4.79211241924918,4.027327993428715,4.298483657799373,-0.8819268417773145,13.514134571233509,11.99409279004024,-0.215572,0.392691,-0.2126,0.457161,0.0342141,0.0620465,0.886557
5.633659362792969,0.251672368892484,0.43103558796435854,1.2397570202375405,0.04081715396898818,0.005148973226391762,-0.006044882135129293,0.0159399,0.335168,0.370832,0.154473,0.658846,0.618691,-0.399101,-0.205188,0.486212,-0.121497,0.61224,0.315825,0.639603,-0.341064,45.77811166314529,-2.8118480708580718,-4.6638673736730665,4.5316073564239785,5.1411634646444515,-1.0287035024443085,13.10569769492041,12.124286619937507,-0.215279,0.395948,-0.211843,0.456193,0.0364187,0.0586002,0.887202
5.661505222320557,0.2017991929778139,0.36308358716668654,1.2109209801657888,0.030536152771966984,0.021745224160897303,-0.0067623608782311755,0.015995,0.335162,0.370861,0.154435,0.658222,0.618583,-0.400311,-0.204436,0.490834,-0.118217,0.607855,0.322473,0.642405,-0.3374,44.64358017834135,-2.7071767403364158,-4.44374136370708,3.7444797496008704,4.040019077221407,-0.9867893283001052,13.717126236829582,12.065245905096452,-0.214949,0.40252,-0.210345,0.45768,0.0413333,0.0485748,0.886827
5.686177968978882,0.25265799067578704,0.2983129221120843,1.1683564595159404,0.02064801029535581,-0.0001798242237045418,0.00030437674631388724,0.0160216,0.335149,0.370893,0.154005,0.658448,0.618606,-0.400069,-0.20357,0.495461,-0.114817,0.60376,0.330424,0.644509,-0.33302,43.55657981605505,-2.572075129316791,-4.207748776057812,4.100849327039138,4.174460898431541,-0.8501550406562686,13.365484572840101,11.80606105319611,-0.214622,0.40899,-0.208592,0.458803,0.0465836,0.0409677,0.88637
5.713161468505859,0.2282073771194829,0.31074040386173774,1.180334098455217,0.027152710946115245,0.007962381219852741,-0.002041378851909873,0.016004,0.335143,0.370911,0.153574,0.658802,0.618807,-0.399339,-0.203268,0.497717,-0.113065,0.601263,0.333515,0.646,-0.331563,43.15314174824232,-2.6777293374295255,-4.074548484633075,4.357136556099654,4.259936065344164,-0.6277006831280403,13.092907461222346,11.622129584222998,-0.214428,0.412391,-0.207632,0.458141,0.0483923,0.0368966,0.886794
5.7405619621276855,0.27689643767172417,0.299595966200513,1.1284340122138687,0.03521938629464211,-0.011065874384184764,-0.0008195164220379202,0.0160069,0.335144,0.370919,0.153499,0.658723,0.618902,-0.399353,-0.202808,0.502206,-0.109524,0.594689,0.342134,0.650994,-0.324802,41.58848688481431,-2.768284780201922,-3.9399162328841584,5.962934915888473,3.768922735364001,-1.8991817431068156,14.503105171606181,12.954663647763335,-0.214713,0.418491,-0.205755,0.462342,0.0539844,0.0277431,0.884622
5.764451265335083,0.2411554081686038,0.26102964291017633,1.0601449543068249,0.03624473583615012,-0.0021605176526486008,-0.00265125500628902,0.0160409,0.3351,0.370944,0.154437,0.657557,0.618885,-0.400935,-0.202386,0.505412,-0.106785,0.593416,0.346691,0.650708,-0.322864,40.87201999409083,-2.3916881807471686,-3.6858156725353446,3.5801057821949813,3.6921420134577287,-1.0914551533030519,13.457792606971081,12.087365456601164,-0.214791,0.422878,-0.204457,0.464893,0.0592352,0.0208567,0.883137
5.788684844970703,0.2751153338699825,0.21779861056523106,1.0199681433140269,0.025203889882877056,-0.02051273185207227,0.0027742458378793877,0.0160894,0.335098,0.370989,0.154291,0.657253,0.619,-0.401312,-0.201969,0.508645,-0.104068,0.588046,0.351864,0.655101,-0.318175,39.75242597135796,-2.5610581572963715,-3.6374861934165743,4.406225675616244,2.4558538228788507,-2.1321211023640316,15.02430243357717,13.416714593382027,-0.214465,0.427912,-0.202586,0.463559,0.0610247,0.0156275,0.883824
5.8136186599731445,0.21840165346431908,0.23004334002635946,0.9958021652771036,0.03385842304054722,-0.002612637229033909,-0.0010950188662185742,0.0160852,0.335073,0.37102,0.153627,0.65777,0.619247,-0.400339,-0.201539,0.510796,-0.102218,0.5878,0.355432,0.653609,-0.317735,39.64237975240068,-2.3243100971924733,-3.407020311400885,3.9781166436073123,3.738373511671149,-0.9073800455414158,13.071269741582404,11.855826109480281,-0.214325,0.430895,-0.201383,0.464217,0.062992,0.0123817,0.883392
5.841567277908325,0.20008890776736432,0.196642948897689,1.0047345580884952,0.025103915434240492,0.0056894025084135704,-0.000602750315161821,0.016122,0.335062,0.37104,0.154444,0.658265,0.617921,-0.401258,-0.200934,0.513872,-0.0995545,0.582503,0.361863,0.65731,-0.312553,38.277766683816736,-2.4556318124073657,-3.4293567616592515,4.7461373594010405,3.3840141827196835,-2.193472438344557,14.362052516005834,13.252482790484482,-0.214156,0.43539,-0.199828,0.4658,0.0667895,0.00598724,0.882345
5.865397930145264,0.253107897350607,0.26319405793322753,0.9437505354575411,0.057003392791850765,-0.018044028690683275,-0.004113798347483167,0.0161435,0.335052,0.371053,0.154387,0.658181,0.617985,-0.401319,-0.200047,0.517792,-0.0961098,0.577486,0.367229,0.65942,-0.311157,37.45971286414602,-2.571927305521644,-3.046926033577746,4.0384161656157636,2.99119882541029,-1.8368392716068414,14.077450456063318,13.072797107849526,-0.21373,0.44124,-0.197552,0.466951,0.0695429,-0.0020761,0.881542
5.89283299446106,0.2888194237946339,0.22255735764934237,0.8943812959270104,0.04836081110709956,-0.035049738721919424,-0.0010265932536879967,0.0161773,0.335046,0.371075,0.153961,0.658327,0.618039,-0.401161,-0.199276,0.52058,-0.0935252,0.574144,0.373477,0.660881,-0.306772,36.55773028266276,-2.4006973702141714,-2.9364773757056035,5.079134217194792,3.03043761167633,-2.1891655263822756,14.284852599989364,13.32184100085838,-0.213357,0.445465,-0.195975,0.467743,0.0735324,-0.00728009,0.88077
5.920858383178711,0.18971167933502753,0.07531272876416087,0.8877691106678468,0.0036668739903440994,0.0030646444287020873,0.004922514218113497,0.0161841,0.335019,0.371172,0.152947,0.657599,0.61932,-0.400765,-0.198648,0.523296,-0.0911641,0.573755,0.376,0.659781,-0.306788,36.53744798235325,-2.0942354366104023,-2.6373186536043765,3.4426526987516812,2.805433572531107,-0.7426323744771182,12.910682006627866,11.592037278199301,-0.213192,0.449323,-0.194435,0.47008,0.0769105,-0.0130029,0.87917
5.948418855667114,0.12703806452055486,0.23345686629233084,0.8512136414307727,0.07121871211625465,0.02576054972241428,-0.010934817639870819,0.0162118,0.335009,0.371202,0.152745,0.657621,0.619346,-0.400768,-0.197699,0.526563,-0.0879184,0.570185,0.38201,0.660589,-0.304269,35.7465580093902,-1.9485216565586054,-2.355150895159989,3.2660860082074503,2.944285734691528,-0.3391538390921376,12.376210556180864,11.03630111830646,-0.212901,0.453946,-0.192597,0.473213,0.0825543,-0.0212928,0.876813
5.974332094192505,0.14158571273850093,0.07816460931052194,0.8132796145346717,0.017355655747974336,0.015931082881658735,0.001764468649498429,0.0162361,0.335,0.371194,0.152655,0.65746,0.619489,-0.400844,-0.197111,0.529093,-0.0855614,0.566527,0.38625,0.661946,-0.302797,35.10908277069261,-1.9613537558995173,-2.0824784888354007,3.1614381297161307,2.8150562542582787,-0.414511481437021,12.502656448057339,11.015508709619738,-0.212593,0.457932,-0.190528,0.474079,0.0845919,-0.0247971,0.876059
6.001631259918213,0.17279044194889231,0.16016062684549748,0.8175495535351749,0.05136244218188642,0.0060820619423799125,-0.006740603787615173,0.0162645,0.334997,0.371205,0.152426,0.657379,0.619563,-0.400951,-0.196819,0.531443,-0.0832234,0.562908,0.390196,0.664093,-0.29977,34.38023454917632,-1.994444228838676,-1.9970110270656036,3.4721664771420517,2.4721346257613135,-0.8347603254154237,13.016458488947315,11.356143311712009,-0.212548,0.461237,-0.189324,0.473365,0.0881957,-0.0309615,0.875893
6.028641223907471,0.22451355383697452,0.21433774856239132,0.7648029632099349,0.07746536237411594,-0.015412738303125818,-0.013160616028870718,0.0162888,0.334985,0.371236,0.152085,0.657373,0.61966,-0.400939,-0.19661,0.533592,-0.0808402,0.561471,0.393194,0.664974,-0.296579,33.89335982507979,-1.8589209692961919,-2.0527519007449353,2.9730472377560613,2.3594152519694687,-0.43162074828708796,12.717687455296167,10.68711964377314,-0.212615,0.464432,-0.187599,0.474092,0.091778,-0.0362904,0.874927
6.055298328399658,0.15746879940144062,0.2148123956075792,0.7759451099919387,0.07881917775010186,0.005713550056773362,-0.013002052338832837,0.0163646,0.334996,0.371231,0.151261,0.657839,0.619897,-0.40012,-0.196504,0.535746,-0.0783898,0.558193,0.397042,0.666719,-0.293706,33.34017470001335,-1.9169578974623416,-1.9751388869275672,3.8239745079050937,2.7509189511923617,-0.3649571422642168,12.321051155081697,10.811476366142744,-0.212769,0.468043,-0.185322,0.474774,0.0918257,-0.0382756,0.874467
6.082101345062256,0.19013950844282226,0.20651006831562646,0.7435079175821849,0.08239040077784572,-0.006034721207409151,-0.015160994295199128,0.0163741,0.334971,0.371225,0.151497,0.657285,0.619756,-0.401158,-0.196367,0.537883,-0.0758955,0.555707,0.39972,0.668285,-0.291218,32.702372759528735,-1.8613790943141522,-1.9643458726393401,2.7416387452558837,2.04161270116931,-0.3401004201964746,12.829649995511904,10.365836062239113,-0.212779,0.471353,-0.184356,0.474761,0.0982669,-0.0446854,0.87347
6.10938835144043,0.20539692502021528,0.12392072275965817,0.669504909315058,0.05377438114786905,-0.01882946617982413,-0.008306156634003218,0.0164423,0.334937,0.37128,0.151628,0.656802,0.619622,-0.402105,-0.195927,0.540862,-0.0725061,0.55178,0.405756,0.669382,-0.2878,31.72176319608458,-1.640792244536452,-1.7643456102866182,2.3605607861662694,2.145284179982088,-0.6334971732966004,12.834117098399485,10.383271510703292,-0.21284,0.475992,-0.181743,0.476551,0.101222,-0.0485808,0.871948
6.136110782623291,0.17975466519428654,0.07484036829642755,0.6410623014123861,0.041438604066937744,-0.011236329157819821,-0.005336610337329954,0.0165399,0.334927,0.371342,0.146525,0.654488,0.627904,-0.394859,-0.195352,0.543782,-0.0692406,0.547627,0.410333,0.671922,-0.283288,31.941660223124142,-1.4591662299389212,-0.9930077034604956,6.9983278353272365,1.4791214908666461,0.5493736700864886,11.980597152953038,10.344084166921677,-0.212587,0.480365,-0.179448,0.477728,0.106258,-0.0561033,0.870251
6.162685394287109,0.19903148565742415,0.0543415735788671,0.6081877166442703,0.035998456669394115,-0.02035116028613156,-0.0049421616651423705,0.0165562,0.334919,0.371345,0.146429,0.654526,0.62789,-0.394852,-0.194977,0.545151,-0.0675814,0.546529,0.413006,0.671882,-0.281615,31.600214123209305,-1.3117403176249531,-0.9373473252164377,6.702968285865126,1.6947517559920477,0.8937267480718489,11.450797460499206,9.784385567127705,-0.212394,0.482558,-0.178201,0.477932,0.107773,-0.0581894,0.869816
6.1889331340789795,0.14306604931217706,0.1293678504842361,0.6080881039613373,0.06458246426604874,-0.0006424239672444559,-0.010269096901858657,0.0166272,0.334928,0.371362,0.146166,0.655263,0.626775,-0.395499,-0.194225,0.547938,-0.0643195,0.541234,0.417265,0.675114,-0.277806,30.609471629644123,-1.5310372744486236,-1.0015701844849456,6.909458800770139,0.7362878506614088,0.40134588769880963,12.493731595419062,10.505035728725765,-0.211923,0.487056,-0.17578,0.478738,0.110996,-0.0645742,0.868516
6.21645188331604,0.20741192773001516,0.11005539209511259,0.5453222738574962,0.058337674245291155,-0.029824561186021326,-0.010286113334470267,0.0166183,0.334907,0.371408,0.146075,0.654876,0.627745,-0.394635,-0.193504,0.549995,-0.0618735,0.537966,0.422428,0.675531,-0.275326,29.983877610280015,-1.3580753108730643,-0.6493012885152591,7.574451492389599,1.2510738032177056,0.34534362927547946,12.123434714037609,10.518543895725983,-0.211544,0.490385,-0.173932,0.47956,0.112826,-0.069094,0.867478
6.243487596511841,0.1852498198298003,0.11668556092216839,0.5531856725795649,0.06497315932894164,-0.021517076479757348,-0.01160105717389242,0.0166598,0.334926,0.371445,0.145497,0.655395,0.626894,-0.395338,-0.192732,0.55196,-0.0595622,0.53719,0.425423,0.675288,-0.272815,29.57151746704714,-1.1315907942188115,-0.8060485024960773,6.674372326819624,0.8670113167445024,0.9616572364243119,11.733931015611969,9.532206504790938,-0.211054,0.493612,-0.172135,0.480071,0.11571,-0.0733482,0.866466
6.269131183624268,0.1396763527588689,0.13256613757233277,0.5090698166530141,0.07040170726353426,-0.008942296697910003,-0.011245524713425147,0.0166753,0.334943,0.371465,0.149506,0.658464,0.617745,-0.403068,-0.191956,0.553824,-0.0571045,0.534423,0.430376,0.675398,-0.270197,27.801896547081075,-1.1966256602353444,-1.545979186563624,2.8429939810643248,1.1843638680586661,-0.6920614966432943,12.822939104334054,9.920471379714481,-0.210525,0.496846,-0.170161,0.480171,0.116453,-0.0764964,0.866039
6.297976732254028,0.10122320108733314,0.13816455291449234,0.5126184349012156,0.07820516239315295,0.007688642814102373,-0.012138047826193368,0.0167257,0.334931,0.371523,0.150593,0.658241,0.618039,-0.402576,-0.190838,0.556496,-0.0538778,0.528047,0.436111,0.677955,-0.267113,26.700744123182172,-1.3795655757268215,-1.1081319700472516,3.3691550093104503,1.2275524692628252,-1.684425804056545,13.653050994392176,10.980810469434257,-0.209852,0.500903,-0.16792,0.483421,0.12166,-0.084062,0.862807
6.325443267822266,0.09015962142514924,0.21162793493565296,0.5229453586220504,0.10678560860097361,0.011888192809029639,-0.017882812167644764,0.0167481,0.334926,0.371549,0.150648,0.658449,0.617856,-0.402497,-0.190204,0.557817,-0.0521991,0.526285,0.438839,0.677956,-0.26612,26.345755577405786,-1.3188768844391199,-0.9686661102599778,3.1295720170639836,1.4699414528117485,-1.4742933474885476,13.32208331103262,10.725171486937713,-0.209312,0.503173,-0.166557,0.483153,0.123294,-0.085916,0.862543
6.351170539855957,0.05629941411543218,0.08576636053689957,0.4410401434387959,0.05968462553573374,0.016438631383463975,-0.00599106575577471,0.0167601,0.334929,0.371581,0.150727,0.658444,0.617804,-0.402556,-0.189085,0.560505,-0.0487379,0.522674,0.443398,0.679522,-0.261649,25.47577109245859,-1.2528538988373172,-0.9531117021203777,2.7521997182533973,0.7075298835923345,-1.585146744911178,13.735871534244632,10.810828041655236,-0.20885,0.507673,-0.163768,0.485317,0.125351,-0.0940067,0.860185
6.378124475479126,0.017585365658090032,-0.006419132890865122,0.40629520761382437,0.029722846994793783,0.030469330265243802,0.0034073685624842268,0.0167843,0.334947,0.371592,0.150668,0.659735,0.616751,-0.402077,-0.188336,0.562604,-0.0459766,0.517889,0.448413,0.680469,-0.26015,24.749174021487786,-1.415793230856001,-0.6870541080804173,3.4086596719697067,1.8321860877754705,-1.6885041101270843,13.18126139373981,10.962206979329288,-0.207925,0.510641,-0.162706,0.487702,0.140836,-0.0952313,0.856296
6.4057087898254395,-0.023660776712876655,0.04688175270353349,0.3724665547901289,0.044669033221782735,0.040212177219156084,0.001718674664752739,0.0168344,0.334919,0.371661,0.150739,0.659048,0.61734,-0.402275,-0.187518,0.564526,-0.0434177,0.515792,0.451515,0.680769,-0.25816,24.268052956970784,-1.2284038268480584,-0.5274000949762048,2.505238431540011,1.3082901831844609,-1.5145802279055403,13.227408212131248,10.751357448475222,-0.207922,0.514159,-0.159481,0.488224,0.133034,-0.100901,0.856597
6.433569431304932,0.0387685025567525,0.05127592096749812,0.37002169572700994,0.05286336068546454,0.020625700656900434,-0.0037558159090508134,0.0168493,0.334912,0.37167,0.150594,0.659082,0.617282,-0.402361,-0.186976,0.566415,-0.040681,0.511865,0.455278,0.681927,-0.256303,23.631106009941114,-1.247861055340495,-0.3246723016020141,2.528662328660488,1.3210206268485853,-1.6329297961193632,13.287552363993212,10.89289812552307,-0.20744,0.517064,-0.158191,0.489052,0.144518,-0.104353,0.853846
6.460088729858398,0.09325134008829601,0.12459775056876748,0.33692917658009397,0.07597470985688845,-0.003089597761240455,-0.01530670335011929,0.0168558,0.33491,0.371684,0.150194,0.659033,0.617576,-0.40214,-0.186543,0.568778,-0.0369883,0.507495,0.460274,0.683085,-0.252968,22.842713071896014,-1.1637997261395394,-0.132987790215644,2.6672561732602933,1.6064720972198954,-1.5757354451520698,12.994718859741583,10.790729690279383,-0.207698,0.521103,-0.154869,0.491358,0.145683,-0.110674,0.851525
6.48499321937561,0.1651060024683908,0.15023462221160985,0.3175226155360317,0.08563739052131346,-0.028329926412742512,-0.0242092308794148,0.0168946,0.334902,0.371724,0.149978,0.659254,0.617242,-0.402371,-0.186342,0.569989,-0.0352076,0.506268,0.462433,0.683418,-0.250577,22.457486587717245,-1.076109470627814,-0.22397451660561885,2.34586060474839,1.6200578363725615,-1.548728877278009,12.950574181561434,10.787769131801035,-0.207734,0.523097,-0.153505,0.492396,0.149418,-0.11419,0.849813
6.5123467445373535,0.11924246986712861,0.10832737227875408,0.2346130820333068,0.06689473827486318,-0.019592298295155044,-0.01780660900022228,0.0169616,0.334908,0.371812,0.149346,0.659349,0.617436,-0.402153,-0.185829,0.572414,-0.0313588,0.500064,0.467206,0.685409,-0.248734,21.661805898885678,-1.2042616004908033,0.13680035169736016,2.7965059516238977,1.811553046290049,-1.7108181121756658,12.953270137319368,10.974465121315294,-0.207606,0.527173,-0.150368,0.492973,0.154803,-0.119609,0.847766
6.536881685256958,0.13408763753306527,0.10252029996586917,0.2269514862645969,0.06610631427550166,-0.02593476221021282,-0.019619059420720057,0.0170279,0.334931,0.371818,0.149252,0.657936,0.618961,-0.402159,-0.185222,0.574679,-0.0275492,0.498159,0.470825,0.68561,-0.245153,21.106453100055205,-0.8262404455290382,0.2554845261065015,1.3816701647388356,1.1867231623267287,-1.0478353391275377,12.78395628793504,10.506804608534937,-0.207636,0.531361,-0.146916,0.493422,0.15731,-0.12533,0.846215
6.563330411911011,0.1701572039977264,0.10155032144939802,0.19553422079175817,0.06300881545234391,-0.04270810507763374,-0.02240076605616764,0.0170472,0.334894,0.371832,0.148423,0.659276,0.617498,-0.40252,-0.184979,0.575932,-0.0255423,0.493045,0.475205,0.686977,-0.243206,20.359430341600167,-1.0024870793800302,0.3430754671301486,3.090465405347665,1.9064496591436182,-1.9085257151173778,12.943173735058606,11.09043300432193,-0.20753,0.533555,-0.14516,0.493422,0.159565,-0.127682,0.845441
6.591268062591553,0.17669056179503448,0.06366806208582354,0.12402691511361887,0.0427814541503008,-0.05147373597458101,-0.02006657769270729,0.017092,0.334885,0.37193,0.147745,0.655991,0.621084,-0.402618,-0.184302,0.578229,-0.0216489,0.490761,0.47855,0.687103,-0.2409,19.969831472390844,-0.4033331475278399,0.7215365776901876,1.5849033579679652,0.18067862130573875,-1.3463381953586406,13.151455579732039,10.648255562278914,-0.207327,0.537771,-0.141715,0.494174,0.163344,-0.133697,0.843348
6.619771242141724,0.06887734969865263,0.013717388951838255,0.09735027869396934,0.02509685221984165,-0.016464874338859698,-0.006174105483535657,0.0171543,0.334854,0.372014,0.147582,0.656367,0.620513,-0.402946,-0.183631,0.579947,-0.0187582,0.488155,0.482362,0.68727,-0.238098,19.35393326466508,-0.28019349212162337,0.7255543385152805,1.1787640058873965,0.3613521815836105,-1.3103005464225106,12.84869108807671,10.764301708324462,-0.207197,0.540633,-0.139422,0.496267,0.168134,-0.138406,0.840413
6.6464221477508545,0.16710132500465844,0.03381674526554951,0.04110239983179138,0.02602136128339977,-0.054435781104780596,-0.017358585798525283,0.0172552,0.334905,0.372058,0.14611,0.658594,0.619865,-0.400841,-0.182956,0.581577,-0.0158978,0.483304,0.485939,0.688897,-0.236011,18.913091463814922,-0.6531644624721562,0.8709038504814632,2.843418096869991,1.5142200307335054,-0.6555974918253824,11.921731879188027,9.835180455481893,-0.206597,0.543846,-0.136672,0.495663,0.169699,-0.140974,0.840028
6.672537803649902,0.03722336362679948,0.04377542953589405,0.051747104813071765,0.031014468039742716,-0.009852094096351984,-0.00555413792743508,0.0172773,0.334903,0.372112,0.145832,0.658604,0.619848,-0.400951,-0.182202,0.583168,-0.0131558,0.480874,0.488789,0.689257,-0.23403,18.45483947640492,-0.5658896602130974,0.9395154152584677,2.213980640221669,1.2202512357522952,-0.36209244747903924,11.555564425683656,9.748003044518578,-0.206331,0.546476,-0.1346,0.498358,0.174641,-0.146359,0.836492
6.6982128620147705,0.08330765298539429,-0.01479617601945578,0.0036204535470592725,0.006997286979869733,-0.02999211587544122,-0.005511637488445394,0.0172792,0.334872,0.372158,0.146476,0.65804,0.619764,-0.401773,-0.181225,0.585176,-0.00964801,0.477357,0.493971,0.68914,-0.230672,17.56568817693769,-0.26779478794596145,1.1011557818561108,1.4066423004267392,1.198339974923333,-0.8115224371873921,11.707561946451582,10.430861841693307,-0.205648,0.55024,-0.131275,0.498288,0.176454,-0.152055,0.835136
6.726072311401367,0.045111667166417756,0.028119992870548206,-0.029790939191080616,0.01797339924846118,-0.01894913583781226,-0.00405495963023461,0.0173374,0.334874,0.372192,0.146747,0.658078,0.619974,-0.401285,-0.180514,0.586502,-0.00709408,0.473891,0.496784,0.689458,-0.230825,17.184483338315545,-0.31130357780090434,1.4965149825569313,0.8930502949027357,1.8285318625992266,-0.41540063355448353,11.062926819260946,10.248131643590039,-0.205168,0.553011,-0.128615,0.498578,0.175497,-0.155451,0.834539
6.7502100467681885,0.02882891556918297,0.10786280832307532,-0.016179694025365277,0.0467848748154278,-0.012748735418710301,-0.00973307598408882,0.0173665,0.334867,0.372233,0.146584,0.65814,0.619981,-0.401234,-0.179809,0.587899,-0.00457377,0.470744,0.499157,0.690807,-0.228096,16.634905047682913,-0.3652918322200662,1.5166572495145942,0.7858304393726954,1.1861702761576796,-0.6296055131071441,11.465898801902874,10.480037696601922,-0.204863,0.555474,-0.126233,0.500525,0.177384,-0.15869,0.832363
6.779393196105957,0.03660480430474541,0.015880891598528513,-0.08474427290258073,0.006457598158227271,-0.022419565851020958,-0.002310650042789838,0.017383,0.334872,0.372264,0.146362,0.658166,0.619987,-0.401262,-0.179164,0.589197,-0.0020363,0.468726,0.502735,0.690229,-0.226135,16.187375413963323,-0.14007305276345572,1.6202618812232892,0.4311462253139098,1.5620932048839515,-0.32520003523557506,10.937427712080103,10.229161761039832,-0.204426,0.55797,-0.123963,0.500659,0.179949,-0.16231,0.831032
6.805845022201538,0.010051981055624793,0.03779495601028387,-0.11488475083333763,0.010265528312809403,-0.015501944072424063,-0.001339591161442021,0.0173941,0.334882,0.372336,0.145988,0.657617,0.62024,-0.401908,-0.178367,0.590832,0.00121476,0.463925,0.506996,0.691442,-0.222793,15.349484684765809,-0.021733447277798357,1.7424440691573366,0.8336172509801472,0.7844137856275948,-1.062848299572721,11.809290538281314,10.780102826348989,-0.203927,0.561222,-0.121076,0.500438,0.182754,-0.167619,0.829498
6.832837104797363,0.020670996488305452,0.073340120372264,-0.08935510232016519,0.025478295452755317,-0.017151027648071877,-0.006682596492175351,0.0174045,0.334874,0.372386,0.145402,0.657857,0.620557,-0.401238,-0.178053,0.591601,0.00268336,0.46512,0.507096,0.690934,-0.221646,15.467568439386058,0.08469570413913075,1.6019206822662895,-0.38210045672054527,0.6087301296671042,0.15429213619405147,10.932902164945219,9.957195601629634,-0.20367,0.562654,-0.119654,0.500764,0.184431,-0.1695,0.828547
6.861452341079712,0.04669615219830569,0.07650856312056854,-0.09803544559856016,0.02645132769759475,-0.02624169001467382,-0.010991440313095777,0.0174765,0.334892,0.372442,0.146236,0.657302,0.620696,-0.401629,-0.177491,0.592978,0.00568775,0.460929,0.5109,0.691875,-0.218711,14.639408678856741,0.161110427449084,1.7993181573869599,-0.5898015035909623,0.6745005744194614,-0.6175653935798628,11.535070976326947,10.71053017417382,-0.20327,0.565418,-0.116944,0.500716,0.187229,-0.174571,0.826894
6.887766122817993,-0.041380932693769704,0.07598629839598756,-0.1532062154085412,0.018982317266586553,-0.002263324849311945,0.00010455324386249071,0.0175181,0.334906,0.372538,0.145902,0.657013,0.62155,-0.400902,-0.176849,0.594424,0.00863171,0.455826,0.514503,0.6923,-0.219613,14.236262966272635,0.15412652873357313,2.40671424068284,-0.5087573527962785,1.4994046347805625,-0.3677465188307174,10.942769576395447,10.431665029164561,-0.202967,0.568041,-0.114264,0.501731,0.190141,-0.178329,0.82481
6.915130853652954,0.07130271549534553,0.08449109706562193,-0.20263310571544688,0.015285617033614557,-0.04297060917079479,-0.0150118182133948,0.0175482,0.334892,0.37259,0.14482,0.656615,0.622119,-0.401062,-0.17668,0.595116,0.0101005,0.454189,0.51609,0.692566,-0.218439,14.044538551542177,0.2872392649646376,2.4218285582337007,-0.23302170602783434,1.0137361003817933,-0.30804090870295653,11.011966110647068,10.276579029734085,-0.203015,0.569294,-0.112919,0.503087,0.190336,-0.180522,0.82346
6.94089150428772,0.004523081141524146,0.18538777632387332,-0.15512496722486904,0.05684203849093269,-0.017869763268877768,-0.017185985553264012,0.0175928,0.334886,0.372645,0.14469,0.656706,0.622206,-0.400826,-0.176319,0.59636,0.0129532,0.451905,0.519058,0.69317,-0.214187,13.445868015903999,0.39473671521046627,2.3130286498490538,-0.3634813462939448,0.9618514890521519,-0.4104848398503691,11.087882656322735,10.269116103200556,-0.202649,0.571868,-0.110099,0.501806,0.192595,-0.183177,0.823131
6.968820571899414,0.008839476765847178,0.16714207374585596,-0.20245679374133357,0.04355639342047101,-0.024605465703930286,-0.016882918529867348,0.0176362,0.334906,0.372685,0.14394,0.657179,0.622388,-0.400037,-0.176138,0.597198,0.0150947,0.450769,0.519549,0.693725,-0.21359,13.416282518621829,0.2953803203289369,2.33758272027222,-1.0888695505362218,1.079441000743354,0.7307683568116339,10.309096007602683,9.185858260984718,-0.202682,0.573727,-0.108148,0.502447,0.194999,-0.187604,0.821174
6.997771501541138,0.006648460641590431,0.14532989011397543,-0.17709633281501638,0.038620251413213263,-0.02137878928116946,-0.014055448683644662,0.0177063,0.334859,0.372815,0.142907,0.656612,0.622832,-0.400646,-0.175609,0.59855,0.0182337,0.445913,0.524033,0.694455,-0.210436,12.652275131663897,0.49737506590863356,2.4534985434897205,-0.19480900724268047,0.6478665597334885,-0.041786436436890284,10.8442708948134,9.784570527023165,-0.202374,0.576438,-0.105265,0.50216,0.1982,-0.191651,0.819647
7.0242602825164795,-0.008428642168515486,0.1826924547927664,-0.19184773345660905,0.04837462571822776,-0.016724793206343687,-0.014559238105368901,0.0177462,0.334829,0.372873,0.142879,0.657804,0.621521,-0.400738,-0.175363,0.599283,0.0198144,0.445909,0.525388,0.694349,-0.207393,12.337714643931164,0.4771228286107919,2.138555373363957,-0.7904046326219767,0.9345215512645373,0.15396841605346978,10.685588650359005,9.592278156316999,-0.202214,0.577806,-0.103801,0.502123,0.199621,-0.193856,0.818806
7.052197217941284,0.08788307835983872,0.21661705609992482,-0.22168856227260206,0.05343308186967614,-0.05127742571620816,-0.030855167499074604,0.0177737,0.334776,0.372895,0.144231,0.657283,0.61974,-0.403856,-0.174965,0.600591,0.0231165,0.440403,0.528127,0.696183,-0.206051,11.280752183362377,0.3342967718983516,2.234821507904881,-2.1843628844116534,0.18080407875244653,-1.49377623927316,12.533457881183274,11.477214911380988,-0.202091,0.58048,-0.100622,0.502763,0.201653,-0.19826,0.816859
7.080586194992065,0.04353180131901435,0.13781620146420506,-0.3036188136618011,0.01412373593119521,-0.04527189634538732,-0.01745359428907551,0.0177577,0.334709,0.372975,0.145537,0.655662,0.622815,-0.401282,-0.174729,0.601526,0.0255648,0.438179,0.530617,0.696385,-0.203696,10.958597609548871,0.5840176095848509,2.732750205776034,-2.617706433288049,1.0037617373175056,-1.37675393328999,11.972898609208299,11.29936318330616,-0.201943,0.582523,-0.0984323,0.502322,0.205393,-0.201089,0.815506
7.111302137374878,0.02493380194569876,0.13303545090667165,-0.3123559772516627,0.012044189459040488,-0.03933999206890601,-0.014512345171648152,0.0178009,0.334702,0.373072,0.144641,0.655205,0.623416,-0.40142,-0.174379,0.602757,0.0287799,0.435622,0.533908,0.696518,-0.200097,10.430161775725528,0.8400787230845542,2.67163576491493,-2.741106076623156,0.6443138503828951,-1.322123788911938,11.888888467573935,11.167772024632166,-0.201647,0.585178,-0.0952711,0.50158,0.207843,-0.204716,0.814438
7.137843608856201,-0.05926345056873129,0.12304158983766238,-0.31373505023237047,0.006856181088692151,-0.01454769061732067,-0.0007492423612709347,0.0178101,0.334636,0.373126,0.143787,0.655737,0.623436,-0.400826,-0.174147,0.60368,0.0311508,0.433475,0.535365,0.69766,-0.196862,10.073769374625137,0.7517161004632349,2.528531270570335,-2.6567599976161542,0.28504895843354117,-1.1407684607284097,11.802410351245094,11.039084871282073,-0.201666,0.587116,-0.0929931,0.502431,0.209448,-0.209007,0.81241
7.163833141326904,-0.023820120191699577,0.14881391288840481,-0.3583760213912032,0.005422059279428175,-0.029617144939434036,-0.007901582990460653,0.0178931,0.334628,0.373245,0.142556,0.655699,0.624564,-0.39957,-0.173784,0.604558,0.0336303,0.4295,0.539107,0.697562,-0.195705,9.738991189192703,0.9000731600441794,2.8767773511826054,-1.489431749052745,1.216993490714339,-0.8070366417279047,11.037578989485457,10.380307491875781,-0.201562,0.589013,-0.0907485,0.502671,0.212188,-0.212115,0.810744
7.189370393753052,0.04037447617469943,0.15534146597146745,-0.37065836341712843,0.007777019138612059,-0.05061380154027089,-0.020175516437671053,0.0179493,0.334601,0.37335,0.142282,0.656058,0.624261,-0.399553,-0.17363,0.605687,0.0368445,0.425208,0.541702,0.698921,-0.193045,9.102691063432667,0.7771357842746558,2.9449229974295896,-1.5099820790586236,1.4601392759746759,-1.0994193623346646,11.08092231690005,10.756623255944142,-0.201427,0.591494,-0.0877295,0.500897,0.214554,-0.216786,0.809983
7.217398166656494,0.045895231415193735,0.178067576205763,-0.39597525947199097,0.009077085406594004,-0.055511737764378545,-0.02325368181067638,0.0180136,0.334597,0.37345,0.141067,0.656499,0.624278,-0.399233,-0.173488,0.606412,0.0391668,0.423662,0.542371,0.700397,-0.189178,8.79310507206381,0.6684821039617594,2.6327145489895134,-1.3822152059336084,0.495948747318935,-0.8125416413800792,11.136081025461113,10.492427481423418,-0.201361,0.593299,-0.0854852,0.500885,0.217341,-0.218857,0.808689
7.246921062469482,-0.009409543891015863,0.18511235585264463,-0.42359005375983394,0.0038916574550292614,-0.04093046860194989,-0.014209480115501433,0.0180965,0.334565,0.373589,0.139469,0.655993,0.62478,-0.39984,-0.173151,0.60751,0.0422586,0.420279,0.546358,0.699921,-0.186998,8.303930838469098,0.9966712851673555,2.685489064400995,-1.0333373911390673,0.43105720914414736,-0.8266653305314406,11.017362128268699,10.272318758144994,-0.201164,0.595702,-0.0824166,0.500498,0.218588,-0.223599,0.807295
7.2724997997283936,0.04032714529797894,0.17006486535352822,-0.4602868071280797,-0.008239986396057358,-0.05904879553330726,-0.02138748161393162,0.0181266,0.334614,0.373655,0.139177,0.655724,0.62598,-0.398504,-0.173006,0.608044,0.0437868,0.418591,0.547766,0.700401,-0.184858,8.10167632540847,1.056287443888667,2.786652090160228,-0.6018664495963097,0.5773780648696638,-0.6600568025902298,10.772609858268874,9.998832344482711,-0.201078,0.596912,-0.0810993,0.499713,0.221529,-0.225785,0.80637
7.301403522491455,-0.06649227607190368,0.14785384682468825,-0.5032490630523612,-0.023514013791964012,-0.030487044104958064,8.776983804784861e-05,0.0181682,0.334587,0.373763,0.139031,0.655507,0.626176,-0.398603,-0.172851,0.609017,0.0466456,0.417453,0.549326,0.701249,-0.179509,7.558778301916588,1.1511565710163638,2.4286708394668857,-1.289096169747678,-0.35154537963216104,-0.9444685571436153,11.092715327353236,10.31417987075067,-0.20106,0.599049,-0.0781845,0.500217,0.223271,-0.229389,0.804558
7.330036640167236,0.05351125528457211,0.15606018435241814,-0.5156750491900579,-0.02287713831223656,-0.06809459657106513,-0.02214570402915025,0.0182151,0.334547,0.373867,0.138828,0.656257,0.625576,-0.398382,-0.172821,0.609725,0.048764,0.415398,0.550974,0.70154,-0.178084,7.241319204458028,1.0650337389640576,2.4469586874578635,-1.649884997139523,0.39211686770950305,-0.7593243218758801,10.70338447311026,10.410471189960642,-0.20087,0.600765,-0.0761255,0.498307,0.224732,-0.232216,0.804525
7.3593809604644775,0.041467491944090586,0.19078706125425057,-0.538733568184983,-0.019642013267563416,-0.06721815733183617,-0.02329585932003024,0.0182799,0.334509,0.374038,0.138079,0.656232,0.625559,-0.39871,-0.172727,0.610573,0.0515709,0.412533,0.55365,0.701896,-0.175017,6.715533332205148,1.164156398919913,2.370190789612277,-1.5549076513082394,0.3541089784739997,-1.0096443312350658,10.827060690612559,10.618256619154813,-0.200895,0.602704,-0.0734563,0.49844,0.227752,-0.235827,0.802541
7.388160467147827,-0.034314996228703785,0.1824918529207057,-0.5507971103853774,-0.02579255055455728,-0.0466214243056315,-0.009790794023893259,0.0183168,0.334502,0.374171,0.137079,0.656242,0.62598,-0.398378,-0.172735,0.611438,0.054154,0.412173,0.553156,0.703102,-0.172569,6.646480149073697,1.0770466904816232,2.1141271476232877,-2.868429789016961,-0.6572046076799989,-0.18183083028358382,10.383472920866865,9.837191947489035,-0.200901,0.604641,-0.070813,0.497909,0.229501,-0.238823,0.801486
7.41665244102478,-0.031173710623779306,0.10915569336772676,-0.619743176975629,-0.06358272159679434,-0.053506198534955474,-0.002744910024162186,0.0184289,0.334522,0.374336,0.136132,0.656266,0.627089,-0.396915,-0.172736,0.612091,0.0560442,0.410279,0.55473,0.70336,-0.170967,6.5279402890414415,1.1301617440902525,2.23515102254955,-2.4658771068547676,-0.10369289826574857,0.31524514975325246,9.68419530614695,9.41731305663131,-0.200849,0.606021,-0.0689175,0.496922,0.230675,-0.240572,0.801238
7.446233749389648,-0.07635461489856733,0.12748941726275023,-0.6019139787840916,-0.05621293184164915,-0.037178302837662325,0.004293927087734252,0.0184926,0.334504,0.374442,0.134976,0.656428,0.627209,-0.396854,-0.172655,0.612594,0.057711,0.409106,0.556173,0.70335,-0.169121,6.348379324886721,1.2144858487381538,2.1214507487729293,-2.3061463283888717,-0.22060527552421583,0.6058402480492191,9.365210166135954,9.079415315532911,-0.200788,0.607249,-0.0672259,0.496149,0.231848,-0.243143,0.800603
7.473191261291504,-0.06802501995859446,0.23109177666515773,-0.5283119366647546,-0.008110372163577514,-0.03314484168738967,-0.00799164738989125,0.018563,0.334521,0.374489,0.135161,0.65566,0.62674,-0.398796,-0.172734,0.61309,0.059293,0.406992,0.557404,0.704131,-0.166905,5.7914930210672955,1.2783882918089042,1.952242683839895,-2.641929243411157,-1.1510797542406017,-0.6342106791049424,10.742140096782203,10.021505732942638,-0.201021,0.608295,-0.0658468,0.495899,0.233556,-0.245795,0.79945
7.500401258468628,0.008234099192643365,0.24776290548225446,-0.5612711317298327,-0.010795807011259026,-0.05924354791905223,-0.024079683601672272,0.0185937,0.334499,0.374554,0.135311,0.655207,0.627055,-0.398995,-0.172965,0.613702,0.0613489,0.40585,0.558184,0.704536,-0.165364,5.532013578718348,1.3305439105586747,1.9274679420393355,-3.687320184164488,-1.1328723984610818,-0.6412230769024951,10.691145196341495,9.800274410814742,-0.201426,0.609753,-0.0636539,0.496292,0.235247,-0.247779,0.798097
7.529902219772339,-0.1684873147117917,0.22171696501050026,-0.5911482583935627,-0.025690498116099976,-0.009198736471763806,0.012718375984850967,0.0186326,0.334446,0.374666,0.135271,0.654684,0.627384,-0.39935,-0.173171,0.614246,0.0630832,0.403373,0.560501,0.70455,-0.16352,5.086214215920401,1.4839995163437354,1.9940042246407312,-3.486422288437012,-0.759049417608221,-1.3861734354866968,11.204629267758813,10.393441018414979,-0.201743,0.61088,-0.0620093,0.495721,0.237207,-0.249226,0.797421
7.5602867603302,-0.04983569205776667,0.23184028939774567,-0.608534078097729,-0.02535121856306874,-0.04814774250596091,-0.012597861986984244,0.0187351,0.334368,0.374797,0.135192,0.654559,0.627264,-0.39977,-0.173921,0.614884,0.065246,0.401452,0.559739,0.706114,-0.164111,4.97689953461849,1.2396037943109952,2.079420007515262,-5.015621016551531,-0.43561158129917565,-1.2114017528289693,11.122357755408034,10.332902705675139,-0.202678,0.612296,-0.0597608,0.495272,0.239055,-0.251227,0.79652
7.587807655334473,0.044743215326272186,0.27256337033306566,-0.6316510939466083,-0.022089450297003165,-0.08113948192448277,-0.034851710994827256,0.0188515,0.334439,0.374984,0.133471,0.655887,0.627694,-0.39749,-0.175042,0.615544,0.0675994,0.398943,0.560593,0.707447,-0.16155,4.882704170052675,0.969699760190121,2.0704781556459935,-4.173506665918749,1.248756394772034,-0.2819453256930764,9.850400219408948,9.677383190030977,-0.20363,0.613736,-0.0574413,0.492552,0.241256,-0.254239,0.796587
7.616808176040649,-0.021120710069759834,0.17644152020625054,-0.6903928019224248,-0.06506920422728678,-0.06643788714522993,-0.012181011720730698,0.0188567,0.334422,0.375177,0.131208,0.655028,0.629002,-0.397592,-0.175731,0.616065,0.0693614,0.397724,0.560971,0.708722,-0.15761,4.700075646049994,1.0774684723526586,1.6943044880550655,-3.4005588359631087,-0.24772720633777912,-0.49063174942319776,10.165130369453005,9.668719059070806,-0.204404,0.614806,-0.0557821,0.491746,0.242899,-0.255917,0.796048
7.6432201862335205,-0.08861571643948528,0.1335281866594046,-0.734807538497917,-0.0859284480273531,-0.04985956759441619,0.005891054540786848,0.0188834,0.334518,0.375328,0.130619,0.653071,0.631972,-0.396292,-0.176205,0.616642,0.0709166,0.396613,0.562581,0.708249,-0.156792,4.696791640882888,1.5102861090956654,1.965216827242772,-3.3524867906615707,0.07878616202871136,-0.2644369899871961,9.868982117968052,9.263169816936095,-0.204978,0.61586,-0.0539932,0.491122,0.243232,-0.25656,0.796125
7.6710450649261475,0.015152275942547718,0.20390303706028384,-0.7178462134856208,-0.06236826989851633,-0.07997174670948495,-0.022478516412623776,0.0189298,0.334477,0.375391,0.13023,0.654078,0.630541,-0.39704,-0.176667,0.617022,0.0723175,0.395493,0.562007,0.709229,-0.15725,4.611223134796996,1.1963468286894445,1.8836704034793605,-4.356843820324999,0.5218440030608837,0.054352859043003576,9.569526313159251,9.096998931890317,-0.205731,0.616676,-0.0526339,0.491049,0.24476,-0.258156,0.795185
7.699364185333252,0.03859651622860574,0.2662380101116914,-0.6581595947139431,-0.031614571306943555,-0.08221199800515659,-0.03323976986376467,0.0190018,0.33451,0.375481,0.130308,0.651119,0.634409,-0.395713,-0.177359,0.617532,0.0740868,0.393797,0.563289,0.709928,-0.153727,4.3366470394335614,1.6441907410769914,2.0267971142512984,-4.082202349780452,-0.1057565450162441,-0.7164747376120424,10.301497885975477,9.543060277304559,-0.206507,0.61779,-0.0507626,0.489923,0.24632,-0.259403,0.794992
7.726679801940918,0.05911520072304582,0.2071781767298875,-0.7171254905686842,-0.06505321039334051,-0.09468564086828997,-0.03126706187653574,0.0190717,0.334421,0.375562,0.129625,0.651814,0.633443,-0.396341,-0.177749,0.617793,0.0753795,0.393441,0.56305,0.710099,-0.154719,4.3834289278267,1.5023616671955333,1.9789561845214116,-5.144186874876045,0.46912808142048945,-0.005391337497020032,9.734260792192433,9.045569932502527,-0.206986,0.618587,-0.0494616,0.489193,0.247968,-0.261224,0.794332
7.755099058151245,0.024634862370983546,0.13528815376482337,-0.8387639074624207,-0.11226418615436676,-0.09616149426846395,-0.01738317126772614,0.0191349,0.334422,0.375617,0.128986,0.650523,0.634459,-0.397045,-0.178088,0.618184,0.0765055,0.39084,0.56452,0.710615,-0.153582,4.055441715407201,1.6792233379406305,2.0443959562042,-4.502106083992434,0.0050256503066208325,-0.9725025214877476,10.540237493636615,9.77038324388406,-0.207396,0.619304,-0.0482778,0.488938,0.249883,-0.261412,0.793828
7.78282356262207,0.04876968717500812,0.2366712992061628,-0.6996905254105409,-0.051699077127804687,-0.08970476760806396,-0.03264664665870141,0.0192601,0.334423,0.375694,0.128328,0.651428,0.634128,-0.396302,-0.1784,0.618424,0.0775141,0.389634,0.564422,0.711354,-0.153585,4.068610743615731,1.4481546224504815,2.0920402949425636,-4.501860622513975,0.830052360097099,-0.39148625808867976,9.91101134827908,9.421091609072791,-0.207868,0.61987,-0.0472844,0.488613,0.25017,-0.262357,0.793625
7.812363386154175,0.10432718499392885,0.2388106586992311,-0.76066407733031,-0.064386088987727,-0.11238889461068552,-0.045107092215465716,0.0192525,0.334389,0.375752,0.127942,0.650007,0.635188,-0.397061,-0.178852,0.618746,0.0786089,0.389024,0.564117,0.712018,-0.153176,4.000709555612255,1.5758599610401844,2.053300338859893,-5.218882832991602,-0.09270509492623269,-0.6877168422601052,10.410162876465023,9.58607965159256,-0.208471,0.620519,-0.046113,0.488858,0.251165,-0.263229,0.792871
7.8378753662109375,-0.039382053863298544,0.22002572335887627,-0.7630657580476283,-0.07225634444311299,-0.0713827176144169,-0.013374020065677969,0.0192754,0.334383,0.37579,0.127552,0.649886,0.635293,-0.397218,-0.179113,0.618982,0.0796211,0.388997,0.564446,0.712139,-0.151459,3.8850344650853144,1.6302617971679805,1.8768893503279287,-5.544749523192852,-0.2871249872876831,-0.628659177025483,10.426085432199548,9.531888083511031,-0.20873,0.621167,-0.0450382,0.487802,0.251894,-0.263948,0.793051
7.866904973983765,-0.014142958539633856,0.24384893374210567,-0.7813684640920662,-0.07002176958850037,-0.08137567735515516,-0.021150647393040924,0.0193376,0.334391,0.375832,0.126222,0.649621,0.63609,-0.396799,-0.179292,0.619129,0.080226,0.387454,0.565042,0.712716,-0.150475,3.8299223410025185,1.6506393652121725,1.8718905271254282,-4.514270646625937,-0.5795365798259393,-0.6269293010840791,10.23377166005079,9.36601091819418,-0.209081,0.621462,-0.0444909,0.488319,0.253223,-0.263899,0.792326
7.896252632141113,0.04566751394134021,0.21714563170725265,-0.8253465455095125,-0.0862090846330061,-0.10317463083415017,-0.030548550479945653,0.0193257,0.334383,0.375843,0.125376,0.649854,0.635753,-0.397227,-0.17961,0.619344,0.0807651,0.387434,0.56485,0.712756,-0.151054,3.914632647653442,1.6148983753759385,1.8066645077302095,-4.922709627013349,-0.4931810306512112,-0.21444422148140063,9.913256107920914,9.02786821940626,-0.209355,0.621779,-0.0438347,0.487728,0.252727,-0.265366,0.792358
7.9259843826293945,0.07170418402439177,0.16700576306775236,-0.815272416508466,-0.09891163189065436,-0.10961399108111321,-0.030921196177599013,0.0193584,0.334393,0.375854,0.126103,0.649221,0.636141,-0.39741,-0.179718,0.619329,0.0810487,0.386684,0.564755,0.713358,-0.150492,3.74618694918255,1.6083073761195466,1.856426218916603,-5.05365643322728,-0.7312732522014809,-0.7756944087927522,10.496457220297572,9.576304586642761,-0.209454,0.621915,-0.0436856,0.48739,0.253415,-0.265835,0.792189
7.9533915519714355,0.04802898409376802,0.1777587228019736,-0.7682192175165509,-0.08819522661453615,-0.09771678500461231,-0.026202784312077003,0.0193512,0.334388,0.375854,0.126083,0.64914,0.636231,-0.397404,-0.179787,0.619382,0.0812213,0.386491,0.56529,0.713036,-0.150505,3.7140005943692627,1.6768507019960475,1.894660567458482,-5.02743088882907,-0.443084058565562,-0.7836613896914955,10.44379594268172,9.557116535716505,-0.209518,0.622032,-0.0435376,0.48688,0.253909,-0.26614,0.792242
7.981414079666138,-0.004388413497735734,0.2075326793064922,-0.7404830244167192,-0.07456438143352641,-0.07998426863086082,-0.018186989518935524,0.0193674,0.33438,0.375854,0.125736,0.649477,0.636311,-0.396837,-0.179758,0.619389,0.0813154,0.385791,0.565528,0.713207,-0.150595,3.729110293886639,1.6123678066141343,1.9704267587156963,-4.567435760374927,-0.12652371865080614,-0.5895031728037559,10.130586527764502,9.375320837090698,-0.209551,0.62207,-0.0433987,0.487049,0.254015,-0.265754,0.792234
8.010126113891602,0.015120089140080301,0.11917998045390833,-0.8371696693711568,-0.1253846282082628,-0.09550561274968813,-0.011410463729093915,0.0193822,0.334386,0.375847,0.125765,0.649524,0.636159,-0.396993,-0.179881,0.619301,0.0811168,0.386714,0.56521,0.713027,-0.150272,3.7758765370113485,1.6354212378021455,1.8582534887946984,-4.756878626343019,-0.1844607467123529,-0.4969782250291779,10.084620909277662,9.29051633836113,-0.209764,0.621822,-0.0437233,0.487704,0.254631,-0.265292,0.791788
8.03554654121399,0.027893222787554905,0.1237175442033947,-0.8520381764444684,-0.1255631241876013,-0.09975377395850181,-0.014954368029756946,0.0193854,0.334378,0.375836,0.125204,0.649612,0.636299,-0.396801,-0.180073,0.61923,0.0806574,0.387958,0.564204,0.71308,-0.150599,4.008205036228892,1.6122749353164383,1.7547709910492735,-4.870315929666898,-0.42605070267571765,-0.06221080199370732,9.757342750016669,8.88662869682037,-0.209808,0.621558,-0.0440375,0.487524,0.254231,-0.264215,0.792387
8.064491748809814,-0.053301093978735975,0.14242433100597301,-0.7968583201386373,-0.10744659646005524,-0.07233805264655761,-0.0014266407503536068,0.0192875,0.334383,0.37571,0.126907,0.64955,0.635686,-0.397344,-0.180442,0.618784,0.0795283,0.389806,0.562634,0.713082,-0.151684,4.096035535929386,1.5275376313853575,1.7400645918292277,-5.871078838962278,-0.16705292438381214,-0.262277943106465,10.17480858918549,9.31581518775078,-0.210141,0.620745,-0.0451495,0.487333,0.251918,-0.263203,0.793579
8.09439206123352,0.04620937393295214,0.02477631955623028,-0.9116604305825563,-0.17009484379149145,-0.11339877719952372,-0.00788286385229759,0.0193548,0.334447,0.375625,0.126478,0.650275,0.633245,-0.400183,-0.180773,0.618359,0.0777676,0.391389,0.561083,0.71295,-0.153956,4.229960052582943,1.3650910207970186,1.4301869230290567,-5.976474171070345,-0.6446882086960048,-0.6660796987747766,10.664176624574838,9.815028438652844,-0.210467,0.619528,-0.0469826,0.488117,0.251592,-0.26096,0.793941
8.121076583862305,-0.017796424173992104,0.019480582328646374,-0.8567955444052894,-0.15929078941257022,-0.08736410333611733,0.004965718163592591,0.0193068,0.334466,0.375519,0.126332,0.651505,0.631984,-0.400221,-0.180985,0.617972,0.0759732,0.392515,0.562425,0.711681,-0.152054,4.1114361160604105,1.4378476161834866,1.1661159438370632,-4.152021103747119,0.18780893489489348,-1.3434362674087055,10.819440771027587,10.266931846225644,-0.210619,0.6183,-0.0489595,0.487378,0.24999,-0.258836,0.795595
8.151102304458618,-0.04527218867474554,-0.14241093380030234,-0.9418383717733759,-0.2229910116687581,-0.08523673363570422,0.026124679839312315,0.0190896,0.334549,0.375288,0.125358,0.651232,0.632175,-0.400671,-0.181407,0.617078,0.0726048,0.395363,0.560106,0.71157,-0.153741,4.6165022912707805,1.461097231962354,0.9678606734888326,-2.7830478137031704,-0.95003444497355,-1.349608035103742,11.081723180253194,10.324212195077939,-0.210867,0.615981,-0.0523029,0.487716,0.24599,-0.254768,0.797944
8.179548978805542,-0.06054824655706132,-0.038399729780364475,-0.7763134576449517,-0.15867487764426383,-0.0635389650394768,0.019037658821342555,0.0190347,0.334592,0.375148,0.127293,0.651144,0.631885,-0.400661,-0.181655,0.616351,0.0692961,0.398441,0.557366,0.711504,-0.156048,4.969322344844805,1.344372745569347,1.0176645196926604,-2.9776967068943794,-0.8443779107934635,-2.0005034287436985,11.800713477746013,11.082528696455416,-0.211159,0.613756,-0.0556728,0.488675,0.244419,-0.250597,0.79916
8.205426692962646,-0.12405020401213436,-0.037977239782165044,-0.7218487415962404,-0.14487681389332036,-0.0391443511676337,0.030134345602851997,0.01889,0.334675,0.375003,0.127045,0.649306,0.633635,-0.40096,-0.182019,0.615206,0.0653504,0.402257,0.554041,0.710235,-0.16369,6.008146352445008,1.5987444806872009,1.4279833683028968,-3.061069590166019,-1.242125428207336,-1.1425506425590939,11.260577827115624,10.287999572234021,-0.211573,0.611133,-0.0595254,0.490168,0.242157,-0.244612,0.800787
8.234541416168213,-0.05093177320080756,-0.09190991574776108,-0.6785418573432748,-0.15340862269269437,-0.05724625819112897,0.021891757827283042,0.0188116,0.334702,0.37478,0.127864,0.650534,0.63209,-0.401146,-0.18245,0.614055,0.061085,0.403815,0.549893,0.710642,-0.17187,6.7857676291416045,1.0574244307205392,1.8624771283016965,-2.842698283436688,-0.08087175772644173,-0.8396146389519714,10.87636939674206,10.525504598909047,-0.212238,0.608064,-0.0637576,0.492191,0.238805,-0.239302,0.802156
8.260494947433472,0.02728993053121035,-0.20583807257301553,-0.7088099556609146,-0.1934670745559097,-0.08476326440755619,0.018349713397286273,0.0187088,0.334768,0.374572,0.126966,0.651041,0.631572,-0.401426,-0.183198,0.612736,0.0563378,0.407113,0.546214,0.710111,-0.177909,7.696859398004751,0.8800097739624926,1.950900875640242,-1.5905836448226172,0.15285740686532456,-0.47232481019326755,10.57409571341055,10.1671466838925,-0.212765,0.60482,-0.0682099,0.491694,0.234638,-0.231188,0.806061
8.286507606506348,0.03553195625978729,-0.220862149849054,-0.6254097736263854,-0.17357061320905814,-0.07921567094641337,0.017739296948384508,0.0185013,0.334816,0.374347,0.12873,0.649849,0.632232,-0.401756,-0.185122,0.609845,0.0471312,0.417163,0.536501,0.709941,-0.184731,9.24837488107545,0.7070513842399102,1.7392356905392319,-1.467417246147388,-0.8726879175449405,-1.0923624176167834,11.846908428653938,10.61469652633535,-0.214302,0.597847,-0.0772589,0.491995,0.227662,-0.218709,0.811343
8.315191984176636,0.0375432397180022,0.010844041023378357,-0.40638821266371633,-0.06072287181958767,-0.05664518690234981,-0.0067865599787376805,0.0183934,0.334892,0.374206,0.12915,0.648832,0.633115,-0.401874,-0.185899,0.608467,0.0431279,0.419894,0.533234,0.70978,-0.188583,9.859913750036371,0.705180555975557,1.8793973345872779,-0.5558892882528088,-1.1819334487724795,-1.5793904960797462,12.669316067238576,10.999787157721263,-0.215053,0.594515,-0.0811804,0.493562,0.224182,-0.213449,0.81276
8.342133283615112,-0.021409761524924836,-0.015045080599195277,-0.3354364726377404,-0.05309228790501627,-0.030746178383325447,0.005216619666720583,0.0182359,0.335008,0.373906,0.131202,0.650051,0.631748,-0.401391,-0.187098,0.605674,0.0350303,0.430004,0.525821,0.706417,-0.198956,11.584593739633455,0.5278680630353978,2.0340913365325335,-1.6603314227907653,1.1609710697398645,-0.24292988393862913,11.090068669343284,10.054090075596303,-0.215992,0.58817,-0.0887586,0.493825,0.217319,-0.202053,0.817364
8.369570970535278,-0.0019909924236803656,-0.07503727251143963,-0.29506390021929624,-0.06664227929022787,-0.03282478770664949,0.009096674257399087,0.0181438,0.335031,0.3738,0.130807,0.649787,0.63316,-0.399718,-0.188098,0.603449,0.0289067,0.437322,0.519451,0.70538,-0.203368,12.965172245205633,0.48452628549454346,1.9208283149703025,-0.6879168047229705,0.8859294531316335,0.4020383232277922,10.445573559543442,9.37268047541513,-0.216835,0.583166,-0.0943822,0.494453,0.212072,-0.192668,0.820622
8.398945808410645,0.052800634394520186,-0.02391832515545342,-0.1842923319384022,-0.034297052037682595,-0.039345436137808346,-0.002930146390001594,0.0179471,0.335084,0.373672,0.129962,0.651728,0.631039,-0.400187,-0.189943,0.600007,0.0208832,0.44623,0.511749,0.703865,-0.208725,14.422475603192755,0.18528646946432314,1.319239273485529,1.0490926818622697,1.2760147840321991,0.6712215478169163,9.80523659666191,9.098887086663082,-0.218078,0.576105,-0.10209,0.493539,0.205163,-0.181829,0.825388
8.426365375518799,0.06455049496172535,0.0071814862595758824,-0.04713578083101829,-0.004222299087035035,-0.02789059166359817,-0.007448521484406685,0.0177637,0.335133,0.373586,0.130971,0.651137,0.630877,-0.401075,-0.191445,0.597221,0.014911,0.453005,0.505488,0.702914,-0.212554,15.372738627080999,0.15867361842183347,1.028901662370167,1.365209480772526,0.8776277687940928,0.07190951777741361,10.600724716488873,9.515538455084492,-0.218745,0.570667,-0.107545,0.490614,0.199297,-0.17254,0.830547
8.455259084701538,0.07651841438212535,0.07941216857380393,-0.010860588145266012,0.022970178985166016,-0.028298732631365616,-0.0155170653209927,0.0176144,0.335174,0.373517,0.13289,0.650363,0.631238,-0.401132,-0.192932,0.594191,0.00903335,0.459701,0.497884,0.702224,-0.218329,16.509985989343633,-0.037702350375203864,1.002520648772819,0.818156521197654,0.967504530808303,0.0004382696282902998,10.856345477319994,9.72978813302079,-0.219648,0.565048,-0.113125,0.489867,0.194963,-0.164947,0.833554
8.485393524169922,0.07352954450480108,-0.06753634464690432,-0.008200395300291428,-0.029488759602310694,-0.02710971771214964,0.0034571424651361773,0.0174792,0.335192,0.373359,0.135098,0.649728,0.630564,-0.402481,-0.194291,0.591329,0.00330732,0.466244,0.490348,0.701503,-0.22376,17.47013109077355,-0.23819247955264733,0.8251095497187162,-0.41922603685518744,0.6406440070281691,-0.5300911334658487,11.781597504135012,10.609297814346945,-0.220501,0.559622,-0.118195,0.489333,0.188513,-0.156292,0.837012
8.514662504196167,0.14189287919054822,-0.1879631978438444,0.003259220394861237,-0.07202133744640352,-0.04985203672949718,0.01057615834250161,0.0173266,0.335255,0.373229,0.135639,0.649349,0.631262,-0.401815,-0.196135,0.587324,-0.00426173,0.476321,0.481651,0.699841,-0.226613,18.915815091119423,-0.21359187909414445,0.2788671361815602,0.37681145898795165,0.3459751176398056,-0.6218992535846297,12.098309537046765,10.407370491452692,-0.221601,0.552074,-0.125262,0.487718,0.184499,-0.144947,0.840881
8.543373584747314,0.09786515937320446,-0.10122244806305669,0.12730553559947458,-0.03031234696289326,-0.02299310737475074,0.0060335616518045285,0.0171869,0.335337,0.373153,0.135586,0.649587,0.631581,-0.400947,-0.198417,0.582868,-0.0117469,0.484232,0.471492,0.699628,-0.231809,20.489564415170303,-0.6007256581537248,-0.1126065946331618,1.767888240321815,0.29805034865209645,-0.6125211895253209,12.623503941492036,10.00925431776474,-0.222862,0.54396,-0.131946,0.484604,0.176659,-0.133697,0.846212
8.573428869247437,0.13558104835552007,-0.06509375532932696,0.21901558475184787,-0.012554729945736328,-0.023914234589307016,-0.0016008511990384608,0.0171076,0.335393,0.373085,0.136565,0.650066,0.631015,-0.40073,-0.200084,0.579239,-0.017466,0.491347,0.463319,0.698556,-0.236501,21.719080798284384,-0.8809898714197593,-0.43935299162567354,1.6634226815346143,0.8607025233532228,-0.37097427366935776,12.37080340538864,9.81150168695691,-0.223758,0.537657,-0.13712,0.4821,0.173615,-0.124862,0.849616
8.602404117584229,0.0877313189160553,-0.18599721893556134,0.23650021370513863,-0.05955865856772888,-0.007796978408743034,0.017195755632578053,0.0170171,0.335442,0.372959,0.138047,0.649594,0.630726,-0.401442,-0.202159,0.574522,-0.024891,0.498589,0.454747,0.695957,-0.245475,23.19078586755365,-1.0282471715712076,-0.36852302873623444,1.692188290218116,2.184578395859644,-0.7345927396886829,12.049561115893566,10.046846859816677,-0.22515,0.529113,-0.143609,0.481271,0.167356,-0.113008,0.852995
8.632953882217407,0.24053292344221103,-0.17518593624406567,0.2936324018882004,-0.05534783204328723,-0.055302203603095276,0.0051524492575864165,0.0169442,0.335464,0.372858,0.137249,0.649657,0.630459,-0.402031,-0.203998,0.570636,-0.0307048,0.504983,0.447288,0.694355,-0.250594,24.481243234678658,-1.0964464633909026,-0.7094009308204683,2.6044572867587377,2.2074956751574204,-0.8636973634365432,12.1291013390774,10.017230620899962,-0.226441,0.522335,-0.148249,0.480222,0.15958,-0.103603,0.856264
8.663352251052856,0.2741485758257456,-0.0021971847288822437,0.43767137962487623,0.01125204675054464,-0.05494554345942094,-0.013360637910309758,0.0168407,0.335523,0.372721,0.137586,0.649574,0.630444,-0.402074,-0.206926,0.564745,-0.0384113,0.513665,0.434758,0.693737,-0.256637,26.22128722023469,-1.4984779084900433,-1.2489984487265104,3.166249288070432,2.189296175527905,-1.038397627025084,12.578687715563229,10.395125198556974,-0.22794,0.512727,-0.154459,0.474457,0.150994,-0.0894649,0.862605
8.690858364105225,0.2912468828961496,0.10656868292564456,0.5095941215334612,0.051747154977996486,-0.053346089678278134,-0.02439078097678897,0.0167712,0.33554,0.372623,0.138615,0.649518,0.63016,-0.402257,-0.209337,0.558686,-0.0459959,0.524986,0.422771,0.691163,-0.260667,27.941205009214013,-1.5408278694161799,-2.01677721195656,2.755658825948979,2.4418648648812056,-0.9017210162259701,12.46535227911314,10.345276460089698,-0.229281,0.502904,-0.160629,0.470934,0.1445,-0.0759406,0.866934
8.720352411270142,0.28494265922098894,0.035150078397521954,0.568186059285301,0.022278633848443682,-0.046565126651877745,-0.012678686241390154,0.0167252,0.335561,0.372538,0.139345,0.649316,0.630039,-0.40252,-0.210838,0.554293,-0.0514138,0.530255,0.414369,0.690115,-0.266213,29.12465179274888,-1.8126428242916768,-2.2034485183786146,2.976905341377913,2.502892852756016,-1.2847813963292367,12.969469454468861,10.94176571451399,-0.229959,0.495807,-0.16498,0.468527,0.13945,-0.0672189,0.869781
8.748619556427002,0.3850880448382462,0.21677165977823465,0.6741662728597791,0.08217964737885983,-0.07061514119082436,-0.03086848574264209,0.016614,0.335562,0.372438,0.140119,0.648179,0.630116,-0.403961,-0.212643,0.548499,-0.0583715,0.540128,0.401035,0.686443,-0.276096,31.18792065090137,-1.8740655182050039,-2.4576868581326465,0.5223531856084538,1.8160791950076307,-0.3948104260210208,12.897854707188417,10.23975661528084,-0.230944,0.486507,-0.169898,0.465917,0.128428,-0.0545608,0.873757
8.776078939437866,0.3559337966332992,0.24981049600770658,0.709456733409155,0.09320973040942,-0.05710024134970066,-0.033200295252283685,0.0165844,0.335593,0.372385,0.14082,0.648945,0.629487,-0.403468,-0.21338,0.545599,-0.0616929,0.544539,0.395831,0.68465,-0.279373,32.03231760844624,-2.0195561326373,-2.6564634087513603,0.40869835939665045,2.7728211538989065,-0.09821627950629264,12.245365342324508,10.061672191150107,-0.231321,0.481907,-0.172508,0.465699,0.126072,-0.0489243,0.87455
8.806974172592163,0.3204443255941985,0.2834926463002008,0.7747255063854478,0.09094766133850676,-0.043540242480965934,-0.02739964549436786,0.0165205,0.335634,0.372327,0.141024,0.64809,0.630303,-0.403496,-0.21458,0.540127,-0.0678718,0.551067,0.38688,0.681789,-0.286029,33.534832411828006,-2.0472849403747926,-2.7247239898268347,1.0485400257645647,2.697560838866192,-0.41515855928933476,12.70714217781253,10.46700116629547,-0.231926,0.473574,-0.175955,0.463006,0.110585,-0.0365037,0.878672
8.836438179016113,0.2013415540218416,0.20658889442221648,0.8327204959921883,0.05562476345901299,0.0027186552683105196,-0.01582192426791443,0.0164754,0.335618,0.372327,0.141032,0.648642,0.630812,-0.401808,-0.214985,0.536371,-0.0721293,0.553932,0.381225,0.680863,-0.290264,34.52091403373977,-2.3942063172037225,-2.7168385756075057,2.8693340394541877,3.1440351611445223,-0.9502895562168732,12.91039658281927,11.531170589786546,-0.231948,0.467797,-0.178565,0.461777,0.103816,-0.0303525,0.880376
8.865461349487305,0.235803620231003,0.29944858420826576,0.8841826292342653,0.07989100019691484,-0.005861099044093563,-0.02058896048743429,0.016449,0.335647,0.372293,0.141586,0.649263,0.630147,-0.401654,-0.215664,0.531618,-0.0773283,0.558456,0.375374,0.677902,-0.296092,35.60137502064735,-2.5137514559019234,-2.745418261772951,4.14770190107431,4.3210655481163105,-1.6499221588822337,13.006148550953474,12.574851589176758,-0.232164,0.460292,-0.182239,0.461456,0.0985799,-0.019111,0.881462
8.893222570419312,0.3717626180173806,0.22704888858195102,0.8876860769847434,0.04565519790016829,-0.055652892233710095,-0.006376884509421562,0.0163808,0.335665,0.372248,0.142606,0.649059,0.629916,-0.401985,-0.216778,0.527028,-0.0817646,0.563197,0.368088,0.676305,-0.299886,36.55441937172924,-2.659306948260296,-2.9968531249355657,4.335012551050072,4.483682759631318,-2.2419386611442818,13.651731057854942,13.307932564245236,-0.23256,0.453426,-0.185274,0.459227,0.0919132,-0.00962161,0.883499
8.921549081802368,0.3442426998088715,0.18618060521407812,0.9232819018823117,0.025390799700270188,-0.042281145243964584,-0.0020699850062860206,0.0163583,0.33567,0.372253,0.142778,0.649076,0.629984,-0.40179,-0.21736,0.523784,-0.0847715,0.567312,0.362666,0.674361,-0.303098,37.43679719525027,-2.690593076514186,-3.1629250804346647,4.358361668927593,4.683455241043397,-2.0992927581173575,13.55185485335669,13.238425310455552,-0.232806,0.448406,-0.18752,0.459442,0.0895003,-0.00385867,0.883678
8.950603485107422,0.34004614324314325,0.22368429942977552,0.8847644400783038,0.0303067005446556,-0.04433037418707696,-0.0028948813847358198,0.016338,0.335668,0.372298,0.142525,0.650111,0.629188,-0.401453,-0.217786,0.519949,-0.0886336,0.571297,0.356438,0.672004,-0.308192,38.538316568110396,-2.8780509880773746,-3.344997612600592,4.904934163857752,5.143028591219234,-2.214796842212408,13.742507833172468,13.298806917622668,-0.232475,0.44285,-0.18975,0.456587,0.0841024,0.00624065,0.885673
8.979853630065918,0.325893963203868,0.15758831696390224,0.9572916238621336,-0.0024373797872405505,-0.03338759356967287,0.002934320708216003,0.0163042,0.335708,0.372267,0.142041,0.649249,0.630238,-0.401372,-0.218055,0.517116,-0.0912423,0.573716,0.352048,0.67102,-0.310877,39.25215062390801,-2.879779402776186,-3.3601148492578865,5.681849133540228,4.268073989979557,-2.5455623094874724,14.619337696456936,13.65405592524787,-0.232494,0.438659,-0.191413,0.456018,0.080641,0.0121914,0.886226
9.010519981384277,0.3210331038389397,0.0826992589958044,0.9970864732100309,-0.03786263809570431,-0.027218790661616612,0.010498629238346921,0.0162808,0.335719,0.37225,0.142041,0.649286,0.630296,-0.401222,-0.21847,0.513342,-0.094712,0.578878,0.344776,0.668137,-0.31563,40.466040048364796,-2.9117337581743703,-3.545331143592481,5.006859929616524,4.162110819535048,-2.0509546127667804,14.29699042760503,13.189518887162018,-0.232615,0.432859,-0.193628,0.456223,0.0773256,0.0199933,0.886274
9.039976596832275,0.34621484201830327,0.08565015171161591,0.9989797571700982,-0.04415930514368161,-0.037206200670952164,0.014782915855472235,0.0162779,0.33572,0.372239,0.141863,0.649456,0.630191,-0.401176,-0.219038,0.509418,-0.0980785,0.583026,0.338725,0.665363,-0.320373,41.537724002954704,-2.940793351553695,-3.649647808666968,5.2072721066049255,4.5089280343240485,-1.9888763409368195,14.206644730533585,13.099062624025178,-0.232804,0.427254,-0.195439,0.455211,0.0715438,0.0273447,0.887083
9.069485187530518,0.39270848281655324,0.25788473981871757,1.0657303405586205,0.007139645503929605,-0.049586011176591074,0.00481343939783877,0.0162796,0.335719,0.372237,0.142037,0.649337,0.630228,-0.401248,-0.219873,0.50624,-0.10049,0.585187,0.333065,0.66526,-0.322573,42.18738478124132,-3.1684114188810826,-3.893709324145961,5.504965826219878,4.104441675308394,-2.4594111450536573,15.021158456147568,13.72831625586471,-0.233076,0.42275,-0.196793,0.453197,0.0677371,0.0334101,0.888205
9.0983304977417,0.4222139146957901,0.2705642659549081,1.0637004852340473,0.007660577630770398,-0.060512928437985176,0.006571707011118535,0.0163058,0.335692,0.372237,0.143311,0.64921,0.629851,-0.401592,-0.221053,0.501953,-0.103499,0.590369,0.326987,0.662877,-0.324252,42.95224452366154,-3.09296355564949,-4.254064121951494,5.094290924024986,5.084708768396352,-2.6039536510552495,14.671715939520668,13.77137066424717,-0.233343,0.416815,-0.198529,0.449142,0.0636977,0.0401139,0.890283
9.128244161605835,0.36685454020091385,0.16020736300239607,1.136278461117166,-0.048623507067948345,-0.03891588791923516,0.01612950096979679,0.0163022,0.335706,0.372238,0.142761,0.649365,0.629989,-0.40132,-0.221663,0.49897,-0.1057,0.593379,0.321499,0.66174,-0.326559,43.77380903855997,-3.17812683353322,-4.516783682239952,5.353820664434759,4.820525822564511,-2.5672376739869094,14.718525003253033,13.807693664836604,-0.233387,0.412765,-0.199589,0.446991,0.0594806,0.0459362,0.891376
9.156107187271118,0.43934173237757884,0.10737192463468034,1.1044641273833715,-0.07484912893541834,-0.0719785644483316,0.027511779684982893,0.0162968,0.335714,0.372224,0.142773,0.649385,0.629934,-0.401371,-0.221858,0.497054,-0.107205,0.596187,0.319042,0.659454,-0.328472,44.295898389832914,-3.026775169688264,-4.566938296652274,5.231521296421197,5.328195942731903,-2.3364468765372237,14.179987084398803,13.501998500471332,-0.233512,0.409993,-0.20055,0.447753,0.0590396,0.0475559,0.890938
9.184907913208008,0.5359851258605591,0.12381990905695157,1.1917765389796733,-0.09752864600613982,-0.11441146683769658,0.03744578618131192,0.0162423,0.335739,0.372168,0.142626,0.649074,0.630223,-0.401472,-0.222469,0.493048,-0.110124,0.602586,0.310559,0.654762,-0.33426,45.79048739450089,-2.877727750853027,-4.7127528503085,3.321269963389673,5.496417823603006,-0.8721264049744875,13.055457469090992,11.97873107549479,-0.233683,0.404547,-0.202061,0.445947,0.0547971,0.0550849,0.89168
9.21163535118103,0.8600320711033075,0.0009731312926438985,1.1712435333180042,-0.16003572801150534,-0.2521706612800665,0.08250591054556683,0.0162446,0.335734,0.372169,0.142606,0.649154,0.630091,-0.401557,-0.223287,0.489074,-0.112797,0.605864,0.303491,0.653378,-0.337519,46.73184918796421,-3.0376708271816897,-5.006700384332526,3.258297530008523,5.26192125499275,-1.0037773485650021,13.291292422737689,12.227302405821643,-0.233743,0.399151,-0.203229,0.441935,0.0511111,0.0639987,0.8933
9.237861394882202,0.6653532308960179,0.13101829708773124,1.0825780595164773,-0.0808230364171528,-0.17640953868221795,0.06147503833033537,0.0162664,0.33573,0.372176,0.142515,0.649196,0.630093,-0.401518,-0.223961,0.4853,-0.115263,0.609209,0.297733,0.651477,-0.340291,47.585498698995,-3.0705691632428955,-5.228840641998725,3.5274681894363233,5.427991038608922,-1.157042615044034,13.247487298364709,12.425443431157019,-0.23407,0.393862,-0.204275,0.44116,0.0471376,0.072123,0.893283
9.263574361801147,0.7631486858336659,0.2757076477726124,1.1191981083526015,-0.03247818419700293,-0.20096836031454954,0.05822667508880293,0.0162668,0.33573,0.372172,0.142572,0.649158,0.63009,-0.401563,-0.224159,0.484348,-0.115925,0.61018,0.296194,0.650639,-0.341492,47.845016129554544,-3.0659518703909834,-5.23851969449937,3.361577627239644,5.608318238001836,-1.0990003474761565,13.120797757606848,12.369518207706907,-0.234234,0.392429,-0.204551,0.441122,0.0456318,0.0727299,0.893331
9.290706872940063,0.5769791729134639,0.2362443915859349,1.2420747027044252,-0.06538984836601706,-0.1229074247208062,0.04875926171993241,0.0162598,0.335735,0.372169,0.142636,0.649151,0.630032,-0.401644,-0.224641,0.479254,-0.119355,0.614633,0.288198,0.647331,-0.346598,49.09147629633997,-3.11864528933625,-5.413779163744061,3.2443041529698062,5.627998699041316,-1.1149527922754174,13.142550890725719,12.48234751510437,-0.234258,0.385319,-0.205981,0.44082,0.0397814,0.0820669,0.89295
9.320500373840332,0.6190261610178069,0.2551078019016331,1.2394585506972282,-0.07243530179365508,-0.1401248934670395,0.055530102444775076,0.0162461,0.335732,0.372167,0.142597,0.649094,0.630164,-0.401542,-0.224858,0.475934,-0.121519,0.61707,0.282613,0.645767,-0.349771,49.89971590985146,-3.2378303738735505,-5.550957650936871,3.263321458298117,5.2295958510302345,-1.2233650089100578,13.501581411221883,12.628083655773837,-0.233932,0.380997,-0.206914,0.43872,0.0364539,0.0876689,0.893594
9.34751009941101,0.6211178095334255,0.10781756279540707,1.3674790611699537,-0.16026779637609964,-0.12746002860086011,0.06957296355455166,0.0162519,0.335731,0.372146,0.142723,0.649114,0.630127,-0.401524,-0.225295,0.471287,-0.124373,0.621299,0.275959,0.64246,-0.353665,50.96369463053867,-3.2019607848611464,-5.722494877839368,3.3116606506672897,5.596997925065066,-1.214596851950219,13.292060278741028,12.656726800139523,-0.233802,0.374705,-0.207996,0.43651,0.0311603,0.0956862,0.894054
9.37594985961914,0.6470382107837145,0.2518058823448405,1.3939882369698624,-0.11762761265211766,-0.13197111208841378,0.06294027213712837,0.0162456,0.335753,0.372141,0.142131,0.649347,0.630171,-0.401287,-0.225619,0.468959,-0.125732,0.623067,0.272569,0.641187,-0.355489,51.54144979294765,-3.216986499999601,-5.85314639403977,3.87555748118937,5.647569792102775,-1.3561634954073654,13.385538326477429,12.818261620062803,-0.233684,0.371619,-0.208548,0.4351,0.0292399,0.0998587,0.89435
9.405966520309448,0.5758547218664087,0.4111621687608529,1.4230103322580034,-0.06655962865792069,-0.10147555586203805,0.04400084519833596,0.0162215,0.335757,0.372123,0.142204,0.649251,0.630267,-0.401265,-0.226322,0.464416,-0.128208,0.626551,0.265911,0.639664,-0.357149,52.37881456580983,-3.250404982185306,-6.2204077625016,4.369818336343278,5.486900924652353,-1.8308877734755598,13.993664561120772,13.33812799173476,-0.233683,0.36562,-0.209538,0.432862,0.0253012,0.105394,0.89492
9.435381412506104,0.48726452934367964,0.49487744891850555,1.4548482435829444,-0.042121149338782166,-0.0620785681049347,0.027163272967499652,0.016211,0.335793,0.372105,0.141581,0.649836,0.630424,-0.400291,-0.226874,0.461098,-0.129873,0.628948,0.259549,0.637816,-0.360902,53.41395079733024,-3.465241213696138,-6.404536828722418,4.507454635611177,5.758789009283625,-1.4928738643674961,13.690225217634547,13.086908106612336,-0.233628,0.361407,-0.210072,0.43093,0.0219945,0.109459,0.895452
9.460877180099487,0.4629802732287093,0.4735545280845683,1.4434896697751465,-0.05410902497035774,-0.05400342155678578,0.028340934688964935,0.0162288,0.33576,0.37213,0.142317,0.649328,0.630136,-0.401307,-0.227147,0.458313,-0.131434,0.631749,0.255376,0.635278,-0.363454,53.97098067569693,-3.3358147948776056,-6.472861852749205,3.446260831104053,5.781055379426592,-1.3475690434630678,13.533824342915624,12.998416542247567,-0.233349,0.357736,-0.210509,0.428804,0.0196672,0.115688,0.895744
9.489845275878906,0.457139034194272,0.37792439816533063,1.5028196291302898,-0.10690826990032253,-0.05062383493987757,0.039208986098211086,0.0162395,0.335789,0.372125,0.141667,0.649835,0.630286,-0.40048,-0.227129,0.453995,-0.133769,0.635423,0.249091,0.632486,-0.366269,55.03461033620152,-3.333336415440586,-6.735451139301895,4.23908885891821,5.82534529671473,-1.4260557240681209,13.609548524729348,12.94084791392969,-0.232892,0.352124,-0.21115,0.427226,0.0146285,0.122089,0.895744
9.519197940826416,0.48860415992720446,0.37728840484037723,1.5139152198256791,-0.11940241734976753,-0.06534068788776284,0.047140518990043054,0.0161995,0.335758,0.372109,0.142582,0.649031,0.63011,-0.401735,-0.227196,0.451555,-0.13514,0.637335,0.246158,0.630273,-0.368737,55.400994761938406,-3.2064340671810374,-6.67194321356124,3.3922150255268146,5.627261687801902,-1.4611199593924766,13.853160470806223,13.015775617117603,-0.232624,0.349029,-0.211592,0.4259,0.0124037,0.126356,0.895818
9.5477774143219,0.5498418846265043,0.42085886295338804,1.499353425222004,-0.10697591774235961,-0.08742473132957364,0.05587272158573605,0.0161857,0.335782,0.372073,0.142113,0.649679,0.630086,-0.400891,-0.227411,0.448951,-0.136485,0.63976,0.241721,0.628284,-0.37086,56.17241130959032,-3.2515959962754835,-6.867950771353479,3.6195986649437817,6.064679526900111,-1.274923959659695,13.41846872822133,12.82744769686063,-0.232675,0.345745,-0.211931,0.425739,0.00918885,0.130474,0.895342
9.581254243850708,0.58267439436707,0.3418800150956695,1.5136449621625783,-0.14020200650169273,-0.09359727002230447,0.06747369336145613,0.0162126,0.335763,0.372106,0.142408,0.649312,0.630108,-0.401345,-0.2279,0.445233,-0.138156,0.641317,0.236488,0.626699,-0.374211,56.85241923909444,-3.371144437674782,-6.929010757659246,3.6472848920921868,5.913362365911111,-1.6638946879101937,13.828897072957904,13.214621044286256,-0.232864,0.340653,-0.212152,0.426014,0.00685304,0.135311,0.894514
9.609436511993408,0.5775593664568366,0.40692544973263317,1.5114787312638152,-0.12796176101210144,-0.09386060246671343,0.06648476650885404,0.0162172,0.335758,0.372097,0.142401,0.649253,0.630179,-0.401331,-0.228455,0.441433,-0.139822,0.644198,0.230771,0.624354,-0.376745,57.67918500869379,-3.3619081537987183,-7.122212511661896,3.5937840811434185,6.165117700514111,-1.6989861395374248,13.703289555084512,13.259374255894341,-0.232785,0.33587,-0.212324,0.422115,0.00376264,0.142893,0.895202
9.638902425765991,0.6344918736891385,0.44318314307472884,1.5511172094064494,-0.13267546924998325,-0.11016150063583861,0.07718211860420189,0.0161729,0.335788,0.372,0.142154,0.649698,0.630115,-0.400799,-0.229155,0.437409,-0.141423,0.647561,0.224209,0.62233,-0.378286,58.58666107309666,-3.3760184903338244,-7.527275990001374,3.80509004577587,6.528242044469394,-1.6090862031629172,13.357295379295659,13.200101811911475,-0.2331,0.330709,-0.212387,0.421212,-0.00118543,0.148627,0.894701
9.666924953460693,0.6893953410932496,0.398607039131484,1.5928028987466571,-0.15824549685536868,-0.1245721477034012,0.09002150171100778,0.0161719,0.335788,0.372002,0.142292,0.649632,0.630053,-0.400954,-0.2294,0.435356,-0.142183,0.65055,0.219451,0.619722,-0.380224,59.29032667963369,-3.2648488531192763,-7.699593301729822,2.4193304312852693,6.642376140639688,-0.668845208001347,12.671464092762399,12.455130475162065,-0.233053,0.327839,-0.212311,0.421132,-0.00249135,0.151578,0.89424
9.695087909698486,0.6475312841718194,0.43981065187805457,1.591722342661997,-0.15547080222736429,-0.1146369150790643,0.08992970678838876,0.0161728,0.335789,0.371969,0.14097,0.650345,0.629615,-0.400953,-0.22984,0.431053,-0.143955,0.653187,0.21209,0.61725,-0.383885,60.42614876826138,-3.3070315599558757,-8.045904563206292,2.70893639835033,6.197543362294418,-0.7643337069258038,12.83599598238334,12.450800696482311,-0.232838,0.322701,-0.212308,0.417334,-0.00733103,0.159427,0.894629
9.724726915359497,0.7156012881718247,0.42984493277855895,1.6135456440390585,-0.17927191607446563,-0.13550728933539213,0.10591933389791244,0.0161682,0.335778,0.371966,0.141035,0.650059,0.629622,-0.401384,-0.230232,0.427387,-0.145201,0.654653,0.206533,0.614251,-0.389192,61.32359217129531,-3.4199401321002503,-7.938529892208935,2.2558026622447303,6.28884848402341,-0.4720007757888922,12.625497448297867,12.27956643654691,-0.233041,0.318088,-0.212009,0.418991,-0.0106549,0.169268,0.89201
9.754979372024536,0.6920567390923151,0.5248000379446455,1.7052610646819477,-0.17717326359398972,-0.12371296468134921,0.10001492485516074,0.0161656,0.335782,0.371963,0.141101,0.650113,0.629548,-0.401389,-0.230869,0.422211,-0.146988,0.658062,0.198464,0.611687,-0.39167,62.361952431435824,-3.439794312463749,-8.32717103317041,2.1917123126594236,6.302288775469755,-0.5996051358393686,12.724149213677922,12.435432034911216,-0.232776,0.311628,-0.211811,0.415908,-0.0147742,0.17753,0.891788
9.783066272735596,0.7201793231602849,0.6793822242041692,1.7181301329840502,-0.1354441403104719,-0.13084449036972545,0.0971181089821072,0.0161517,0.335786,0.37194,0.141192,0.650006,0.629631,-0.4014,-0.231266,0.418307,-0.148309,0.661192,0.192809,0.608334,-0.394436,63.23951115986845,-3.339299944124475,-8.455612644529886,1.9176419131302023,6.824428989539646,-0.3366737864526961,12.266701254064587,12.274019565322538,-0.232272,0.307044,-0.211883,0.408906,-0.0183112,0.180027,0.894455
9.812192440032959,0.7171485046436882,0.6724139468721239,1.7015024656908888,-0.14327468002613508,-0.12552946347803212,0.09949238802289435,0.0161323,0.3358,0.371899,0.141327,0.649958,0.629615,-0.401455,-0.231702,0.413193,-0.149995,0.664206,0.185412,0.605184,-0.39775,64.26940440293626,-3.3504719023078415,-8.683925812917716,1.915793161280165,6.983769687507212,-0.43614083725659825,12.302453007122518,12.428752691995012,-0.231984,0.300849,-0.211782,0.408772,-0.0205731,0.190131,0.892374
9.843621492385864,0.6883359908361831,0.6155947009763457,1.8328999679454447,-0.20172403040180012,-0.11613436036507314,0.10546864463601853,0.0161086,0.335802,0.371885,0.141467,0.650071,0.629569,-0.401295,-0.231793,0.408164,-0.151684,0.66759,0.178523,0.601807,-0.400351,65.25834917329183,-3.286757883013159,-8.943281474932403,2.0934472693378385,7.1854425983524415,-0.5849197225960907,12.36353733643309,12.59385505324078,-0.231007,0.294873,-0.211618,0.402195,-0.026569,0.19283,0.894623
9.871632814407349,0.6889582874371986,0.7530179855037332,1.7954636239783588,-0.16207398772422624,-0.12311510321092956,0.10169445611548607,0.0160982,0.335803,0.37188,0.141476,0.650111,0.629594,-0.401188,-0.231859,0.404411,-0.152923,0.669544,0.173473,0.600178,-0.401752,65.90694298125973,-3.298521018639261,-9.186871352262838,2.528245300589572,6.983666840458344,-1.0722746708636208,12.933615124666835,13.063810962323549,-0.230393,0.29057,-0.211512,0.398976,-0.0290217,0.198776,0.894687
9.902062177658081,0.6052727579084256,0.9143953625184303,1.7798788687019453,-0.11269814462602401,-0.08846927118780824,0.0747287572827219,0.0161042,0.335804,0.371895,0.141529,0.650147,0.629549,-0.401182,-0.232053,0.399474,-0.154277,0.673364,0.166936,0.597746,-0.401763,66.69417000959177,-3.0985056435011096,-9.657934374429892,3.0055537294978265,7.01674014946013,-1.4218432289577692,13.312163853298571,13.305891708059857,-0.230137,0.284463,-0.210877,0.398013,-0.034027,0.204708,0.893601
9.931731700897217,0.6268560658050626,0.8301362397743792,1.7977635851061322,-0.14586991000339708,-0.08837867848455726,0.08637754276761578,0.0161121,0.335804,0.371912,0.141569,0.650162,0.629556,-0.401132,-0.232315,0.395971,-0.155117,0.67509,0.160915,0.595099,-0.405237,67.5671876025049,-3.1843624883980146,-9.768202421710455,2.4538233778394494,7.070548730760385,-1.1513285886309887,13.116137131302976,13.144426631744789,-0.229866,0.280524,-0.21054,0.395601,-0.0365072,0.209217,0.89353
9.960800170898438,0.5455862395824028,0.8610410550827187,1.846614607390067,-0.15891908420899634,-0.057931358444861865,0.0720016102282024,0.0160941,0.335804,0.371885,0.14167,0.650098,0.629601,-0.401128,-0.232442,0.391623,-0.156296,0.677053,0.154118,0.591246,-0.410214,68.6414134611137,-3.2724919874712546,-9.769098526844129,1.8873454697080634,7.227885064981419,-0.8990292913967295,12.928021702656538,13.00874186845614,-0.229282,0.27514,-0.209842,0.392533,-0.0402781,0.21665,0.892949
9.98824691772461,0.5665038937375989,0.8252848518332986,1.9365265178769513,-0.20416416788531466,-0.06055904608285972,0.08206122837021945,0.0160857,0.335807,0.371857,0.141679,0.650084,0.629598,-0.401155,-0.23261,0.387216,-0.157427,0.678262,0.150599,0.590209,-0.411016,69.06630592964603,-3.2724868100247937,-9.95059688870396,3.714050787690728,7.340359353003322,-2.250432223834224,13.90846101250109,14.122193435464435,-0.228901,0.269987,-0.209137,0.389171,-0.0429302,0.223455,0.89262
10.016899108886719,0.5674138763452917,0.926396962377944,1.880026880029572,-0.16889104425890597,-0.06032774591471866,0.07733278915148649,0.0160911,0.335803,0.371853,0.141658,0.649999,0.629636,-0.40124,-0.232844,0.385005,-0.157875,0.678868,0.147164,0.588678,-0.413448,69.57287060834186,-3.3539036944645684,-9.962959671226496,3.533444725111484,7.3591036488274995,-2.252936862904093,13.933232694158818,14.122990489197322,-0.229084,0.267087,-0.208482,0.390852,-0.0453315,0.22794,0.890631
10.048880815505981,0.6062963900496375,0.8418043978957588,1.8996110439237652,-0.20939088457877664,-0.0710035489768377,0.09603441410206007,0.0160942,0.335799,0.371841,0.141587,0.650082,0.629589,-0.401204,-0.233397,0.379373,-0.158774,0.682975,0.137696,0.584895,-0.41531,70.79189037935684,-3.207889828653336,-10.4622063993518,2.931964572691892,7.5646229318524,-1.8174942445583895,13.488119046152036,13.803871513961703,-0.228798,0.260838,-0.207427,0.384786,-0.0486942,0.235395,0.891155
10.077515363693237,0.6304551081963263,0.8913858570365026,1.877816750409224,-0.1984147097575517,-0.07553009943053557,0.09857521703640189,0.0160714,0.335805,0.371801,0.141902,0.649589,0.62977,-0.401607,-0.233669,0.377206,-0.159196,0.683389,0.134249,0.584251,-0.416663,71.14037134872754,-3.2955172236517907,-10.538598328931416,2.6221074221636025,7.141888162355929,-1.9684269702674442,13.83785342623249,14.023887749193111,-0.228896,0.258134,-0.206859,0.38603,-0.0509582,0.237715,0.889874
10.104167938232422,0.5902624891874367,0.9063775933864932,1.9631803864869781,-0.22336748796663963,-0.057902641793169986,0.09165853905883065,0.0160645,0.335809,0.371766,0.141938,0.649741,0.629615,-0.40159,-0.233779,0.372568,-0.160107,0.686874,0.127426,0.579898,-0.419148,72.16270588311953,-3.103710300276573,-10.767061629052089,2.230402401307325,7.709007069220823,-1.6200300209260021,13.347367432868282,13.711535608608559,-0.228492,0.252941,-0.205901,0.383175,-0.0541618,0.244422,0.889101
10.13589096069336,0.6077129030425558,0.892655567771739,1.9952914067162477,-0.2456338652411313,-0.06201277038207722,0.10057840301023407,0.0160489,0.335806,0.371724,0.14241,0.649447,0.629613,-0.401902,-0.233779,0.369046,-0.160716,0.688567,0.121508,0.576489,-0.422814,73.00601137433678,-3.1340064835531853,-10.791480739444816,1.224151723582385,7.676647317107001,-1.0553457808164524,13.005503034623766,13.39775495491974,-0.228032,0.249003,-0.205125,0.379791,-0.0566193,0.250543,0.888696
10.1666738986969,0.6512083005404862,0.9340633818774267,1.9801608459587003,-0.2459492485325481,-0.07278240269733625,0.11216864997474123,0.0160544,0.335814,0.371685,0.142841,0.650081,0.629073,-0.401569,-0.234008,0.364222,-0.161432,0.690805,0.113753,0.573875,-0.424873,73.94938976431106,-3.200488920566351,-11.242083792873427,0.9971581307411821,7.9811264105260795,-1.0698308321108527,12.938916435894628,13.524183444614208,-0.227986,0.243404,-0.203632,0.381986,-0.0614102,0.26023,0.884644
10.193086862564087,0.6567902246881021,1.0430379041910678,2.0074582296147176,-0.2353980781793654,-0.07113637236069521,0.10975659231376135,0.0160454,0.335811,0.371701,0.142405,0.649452,0.6296,-0.401915,-0.234199,0.360574,-0.161973,0.690752,0.109452,0.572223,-0.428301,74.59238136731511,-3.3443623827505373,-11.151828134205056,1.5885323407523853,7.389296519139487,-1.841925335737308,13.801772697120423,13.780566665046848,-0.227856,0.239072,-0.202503,0.381849,-0.064875,0.26626,0.88266
10.2234947681427,0.6015103828008656,1.153752042769114,2.016177344497962,-0.2155711584173017,-0.05508783605074489,0.09344775781512836,0.0160455,0.335816,0.371642,0.142979,0.650081,0.628972,-0.401678,-0.234367,0.355401,-0.162572,0.693349,0.0998928,0.568874,-0.430896,75.7447547284736,-3.4071063788844143,-11.68083805275697,0.5309635353328295,7.483340497305434,-1.3628655194764008,13.477108086372413,13.81775862035976,-0.226867,0.233384,-0.201569,0.373829,-0.0647809,0.273726,0.883815
10.252161026000977,0.6421003399207493,1.1895823207042413,2.013725049773819,-0.2213282284321971,-0.0686331811725035,0.10731901300758305,0.0160396,0.335816,0.371626,0.143119,0.649949,0.629044,-0.40173,-0.234556,0.350502,-0.163035,0.696156,0.0918753,0.565903,-0.432063,76.7007847071388,-3.29787552345502,-12.097014946074712,0.05711610948909307,7.361979770482341,-1.2320633489698452,13.471185160995795,13.794850365232458,-0.226717,0.228035,-0.199849,0.370211,-0.0722734,0.275849,0.884097
10.283023357391357,0.7086467621819986,1.1822800905722668,2.012835184459573,-0.227847112506521,-0.08645074584690303,0.1264326174071763,0.0160353,0.335816,0.371607,0.143124,0.650041,0.628956,-0.401717,-0.234713,0.347032,-0.163321,0.69776,0.0872573,0.563073,-0.434127,77.38729706708074,-3.2351265244088045,-12.210273567725267,0.1493735207740956,7.8033937516990575,-1.2438571549354123,13.332115306374655,13.6296900774243,-0.225727,0.224093,-0.19909,0.363287,-0.0705589,0.280484,0.885648
10.310419797897339,0.6228377761084528,1.1696607596929833,2.0643665799263244,-0.26185673513286456,-0.06082794161880438,0.1109338814994563,0.0160226,0.335801,0.371588,0.14259,0.650644,0.628274,-0.401997,-0.234592,0.342547,-0.163703,0.699391,0.0811999,0.559169,-0.437708,78.35080276710131,-3.1478709440687496,-12.361725872981795,0.34272142204151734,7.8286303428451225,-1.3422134693015337,13.430991081755334,13.392930885448326,-0.225489,0.218961,-0.197379,0.363816,-0.0765087,0.286482,0.883013
10.339614391326904,0.6358330672697414,1.1984140474757927,2.0533442363839147,-0.26599580477235746,-0.06110471508991134,0.11537280393600509,0.0160417,0.335805,0.371601,0.142671,0.650693,0.628142,-0.402095,-0.234468,0.338249,-0.163966,0.699614,0.07414,0.557206,-0.441095,79.22286078016768,-3.367581783763705,-12.587513410699177,0.06919019117582703,6.999037810329993,-1.61795828796172,14.077944396217307,13.633466828743796,-0.224738,0.214245,-0.195913,0.362713,-0.0791152,0.293868,0.880808
10.369319200515747,0.6288371973696978,1.1704416235809674,2.0944779062187244,-0.29142958827920096,-0.0609026799404895,0.11975225657815237,0.0160428,0.335809,0.371602,0.142761,0.650534,0.628333,-0.402024,-0.234403,0.335171,-0.1642,0.699955,0.0716537,0.554603,-0.444235,79.736901144297,-3.4323659981179464,-12.413420890717243,0.8363388109493837,7.477477493269335,-2.102804087002042,14.373629024078513,13.486294883937184,-0.223957,0.210852,-0.195002,0.357509,-0.0800963,0.297372,0.88167
10.399816274642944,0.6854056702405328,1.1905343757087186,2.146118524723874,-0.3249017548651139,-0.07831180246639052,0.14406306957295248,0.0159786,0.335853,0.371565,0.143328,0.650105,0.628839,-0.401724,-0.234348,0.330795,-0.164464,0.702081,0.0653948,0.551752,-0.445394,80.51071312321288,-3.391080318869615,-12.635967526861009,0.7459686489830464,7.653311301928669,-2.159263587496582,14.397044458827652,13.443806223769489,-0.22359,0.205898,-0.19299,0.358329,-0.0897689,0.305158,0.877736
10.428708791732788,0.6339052410984993,1.1424267250789626,2.2103683915520627,-0.3693551715967529,-0.06866654134539062,0.14073097066706033,0.0160623,0.33579,0.371527,0.1423,0.651817,0.626938,-0.402285,-0.234165,0.327388,-0.164607,0.703693,0.0605954,0.549296,-0.446562,81.18032712427188,-3.1309085317125867,-13.102982668187485,1.148917037017096,7.523760470785123,-2.463891963514598,14.667825945926609,13.338429760104184,-0.223286,0.202862,-0.19169,0.353225,-0.093323,0.308529,0.878256
10.460361003875732,0.5899910252430255,1.236002386132492,2.2079973229273224,-0.35287018440495344,-0.05154153827117468,0.12395622750469462,0.0160676,0.335833,0.3715,0.141827,0.651105,0.628115,-0.40177,-0.233916,0.32274,-0.164804,0.704878,0.0553334,0.545841,-0.449603,82.09010607025046,-3.1587318287342097,-13.006885505378731,2.0592734739420013,7.516590985218707,-3.173393664259386,15.318111665817112,13.406148859577527,-0.222248,0.197708,-0.190175,0.351945,-0.0928005,0.315688,0.876279
10.49056077003479,0.6548639243329558,1.376568694295578,2.165924941193164,-0.3169774683423538,-0.0648299614818272,0.13501729507144083,0.0160926,0.335803,0.37153,0.142087,0.65227,0.626821,-0.401809,-0.233847,0.317796,-0.164785,0.70728,0.0470882,0.541764,-0.451697,83.13580502314619,-3.0102931438894176,-13.519464786562935,1.3768422289045592,7.954039602078209,-2.8605373118586286,14.966079261617038,13.291206565759207,-0.221496,0.192216,-0.187996,0.349372,-0.0955631,0.321269,0.874982
10.521640539169312,0.6554510938704182,1.396375680531695,2.133319216742707,-0.31093938941767685,-0.06367910422675468,0.13554881107133226,0.0161066,0.335804,0.371557,0.141873,0.652398,0.626676,-0.401903,-0.233948,0.313985,-0.164514,0.709144,0.0412244,0.53914,-0.452486,83.87088576328983,-2.850219169565193,-13.82562414582704,1.3577660141665326,8.033590377696479,-2.8182642664928466,14.84197898340024,13.152898010087391,-0.221466,0.188035,-0.185964,0.351666,-0.0995083,0.326628,0.871632
10.552237749099731,0.7168765279369792,1.4913507626679383,2.0691774998582844,-0.28958030285865416,-0.08743662997172859,0.1595282863264317,0.0161168,0.335804,0.371567,0.141865,0.652432,0.626742,-0.401748,-0.234091,0.31034,-0.164216,0.710077,0.0358346,0.537053,-0.453962,84.55591789579314,-2.861790428231566,-14.048395431151945,1.517086369276992,8.130177224521146,-2.9929052201558193,14.89890905537622,13.191664967239493,-0.22106,0.184346,-0.184175,0.346049,-0.103645,0.332492,0.871181
10.582155704498291,0.7228378056579955,1.4575742393886324,2.1687447137531386,-0.33613194945934494,-0.08258186298089698,0.16404888273766252,0.0161021,0.335787,0.371534,0.141754,0.652481,0.626785,-0.40164,-0.234024,0.305685,-0.163915,0.711843,0.029426,0.533099,-0.456311,85.49243555211167,-2.753319143892112,-14.205316704388878,1.681596115287034,8.471522370947675,-2.9892130305051836,14.745763610841445,13.052551030270116,-0.220137,0.17943,-0.182206,0.342183,-0.104582,0.339072,0.870059
10.610233545303345,0.6884746590654667,1.497992268238089,2.2075572719097085,-0.360676989959373,-0.07150007433392776,0.1593671058801231,0.0160782,0.335794,0.371506,0.141714,0.652418,0.626841,-0.401669,-0.233769,0.301321,-0.163796,0.712082,0.020775,0.528472,-0.461763,86.77000758499905,-2.9375227223627,-14.267348627785982,0.13535599370347917,7.836934555292324,-2.5288986695749998,14.76447973471744,13.083437856838975,-0.219407,0.174959,-0.180153,0.340586,-0.10975,0.346494,0.86712
10.639711856842041,0.6904236037337552,1.4633721209605448,2.2141510850588064,-0.38762020236131894,-0.07506969797072718,0.1686835739218944,0.0160548,0.335774,0.371523,0.141965,0.651945,0.626801,-0.40241,-0.233317,0.29697,-0.163607,0.712835,0.0175412,0.527343,-0.462027,87.05679345238357,-2.8477067286535016,-14.3922418559626,1.5892380273497473,7.187113105272963,-3.67524297708961,15.751308029842106,13.503790467234172,-0.218645,0.170315,-0.177834,0.338737,-0.11451,0.351079,0.865383
10.67076301574707,0.7015997019800206,1.4968532645101076,2.233430189912759,-0.3952741584386084,-0.07239035192350946,0.17039862248924706,0.0160648,0.335789,0.371549,0.141421,0.652142,0.626755,-0.402355,-0.233048,0.29368,-0.163327,0.714694,0.0119539,0.523502,-0.463697,87.91764374988453,-2.638727078797854,-14.547376128425219,1.1626244334671654,7.245123162803262,-3.409881766388011,15.528773620043419,13.263116974657535,-0.218024,0.1668,-0.176011,0.339851,-0.117093,0.357914,0.861794
10.701407194137573,0.6845607429988377,1.463141710424085,2.3050982276558307,-0.43679842274489045,-0.0707516146496835,0.17447319996837662,0.0160664,0.335784,0.371536,0.141707,0.652021,0.626816,-0.402356,-0.23268,0.288976,-0.162837,0.7148,0.00677647,0.520396,-0.467122,88.68223459245164,-2.7654750249048643,-14.55092041276118,1.916451243580969,7.16413466330345,-3.982234394577354,16.04337582135333,13.599694671627226,-0.216609,0.162246,-0.174006,0.331031,-0.117194,0.362708,0.863207
10.731512546539307,0.6617092691621372,1.5321743149012181,2.3291630460791666,-0.44397272676366833,-0.059177430188937695,0.16472773807851213,0.0160605,0.335789,0.371502,0.142128,0.651897,0.626804,-0.402426,-0.232641,0.285427,-0.162488,0.713837,1.07737e-05,0.518012,-0.471275,89.54777699859221,-3.088122349300388,-14.669546229903787,0.8805996149499027,6.481518049935991,-3.9366724103971933,16.387814937815307,13.944881617983631,-0.216172,0.158378,-0.172001,0.330903,-0.120421,0.367404,0.860823
10.75975775718689,0.6230598132590294,1.681463837443201,2.247311786557612,-0.4069560806987196,-0.050215214858271844,0.1502824748906719,0.0159894,0.33581,0.371461,0.143199,0.65069,0.628114,-0.401956,-0.232284,0.280548,-0.161902,0.714656,-0.00669991,0.512621,-0.475859,90.61862704540268,-3.2765715488757667,-14.453858651732844,0.37642747913914043,6.97805139024443,-3.496802646770476,15.901186585109782,13.669936256343457,-0.215572,0.153536,-0.169179,0.331971,-0.124638,0.375792,0.856178
10.790485382080078,0.7303832558682825,1.7111715406265862,2.2414342056414625,-0.41645057454776657,-0.0712894214684123,0.1878983098367977,0.0160265,0.33581,0.371475,0.142827,0.650744,0.627945,-0.402265,-0.232025,0.275774,-0.161101,0.714925,-0.0107852,0.507427,-0.48092,91.51538738051012,-3.2748376475741177,-14.176523267722153,1.4952439196497238,7.524743030182946,-4.03592270178568,16.039330237684478,13.79213701218873,-0.215228,0.14831,-0.16579,0.332063,-0.130206,0.382046,0.852538
10.82211685180664,0.7314942996284357,1.6895520041506504,2.248432981178684,-0.44685160373929733,-0.07704164709143255,0.2003566392832488,0.0160161,0.33576,0.371461,0.144471,0.650429,0.627832,-0.402365,-0.232174,0.272132,-0.160486,0.711577,-0.014262,0.506312,-0.486932,91.96106770447132,-4.004877032208245,-13.995269032582126,1.8901258947642567,7.4245475254845115,-4.764462571716429,16.846260755454438,14.713411624104962,-0.214429,0.145267,-0.163932,0.325543,-0.132336,0.387639,0.8522
10.853400230407715,0.6949676896362845,1.7380902226984856,2.3093785516278036,-0.4666717765585636,-0.06331167187978284,0.18670239093001692,0.0159479,0.335853,0.371472,0.145194,0.647453,0.63171,-0.400831,-0.23135,0.267602,-0.159565,0.720345,-0.0278939,0.500386,-0.479519,93.35952150888659,-3.1083610042800265,-14.813655162173253,-1.505669873406319,7.681184763013526,-1.8335318163308116,14.411386257723274,12.597458276811816,-0.21371,0.140533,-0.160793,0.325666,-0.136926,0.39683,0.847183
10.88335108757019,0.6290378143816823,1.7818379165076659,2.358994932101071,-0.48019017839865713,-0.05262493051571636,0.1683623569561823,0.0160453,0.335789,0.371431,0.144554,0.649636,0.627797,-0.403668,-0.230832,0.264004,-0.159114,0.722931,-0.0301151,0.495766,-0.480292,93.67025303098032,-2.2684028564539416,-15.021449011439525,-0.8313395922564997,7.9478943203795325,-1.8128858667202934,14.10587584993747,12.133144183831746,-0.212902,0.136903,-0.158689,0.320758,-0.138739,0.398755,0.847856
10.91468620300293,0.7011874517382677,1.8188989255393517,2.3124724331698716,-0.48347566922739993,-0.06048649844428023,0.1919557158621684,0.0160059,0.335827,0.371462,0.146028,0.648135,0.629637,-0.402683,-0.23053,0.259415,-0.158018,0.72107,-0.0381593,0.492554,-0.485791,94.75977624993791,-2.968674205353344,-14.946168572455843,-1.7211210356615432,7.438278972186775,-1.6438734448397412,14.364214246339431,12.377662545502426,-0.212322,0.132208,-0.155308,0.321692,-0.143561,0.406878,0.842825
10.943081378936768,0.7166075321389919,1.882534329104324,2.2276481196566116,-0.46367296536030295,-0.06942423012953415,0.20564980398855792,0.0160926,0.335868,0.371524,0.144989,0.6507,0.628712,-0.400361,-0.230486,0.254607,-0.156707,0.721119,-0.0438142,0.488186,-0.489635,95.95515821782851,-3.052377077633813,-15.266609110452233,0.3073272214891052,9.446713799191334,-3.1281623952339217,14.549801844930133,13.353343985746491,-0.211557,0.127817,-0.152041,0.317138,-0.146373,0.415609,0.839802
10.974012851715088,0.7050952132528864,1.948120384080323,2.233734366831348,-0.4699082607032501,-0.0702569582819043,0.20817987246488,0.0160388,0.335889,0.371525,0.143186,0.65099,0.628559,-0.400779,-0.230446,0.25102,-0.155728,0.720973,-0.0488164,0.487042,-0.490515,96.62538073910457,-2.940813089785027,-15.52894411423393,1.265995866350206,8.202933283401359,-4.392153270498078,15.620390805265528,14.088440322084992,-0.21098,0.124634,-0.149786,0.313517,-0.148073,0.423003,0.837168
11.00467562675476,0.6877433479802096,2.0770475384514646,2.2283353170631157,-0.4627774694292406,-0.06610825731001149,0.2031308188923345,0.0160158,0.335862,0.371433,0.143406,0.649364,0.62945,-0.401936,-0.230262,0.246518,-0.15454,0.721259,-0.0552274,0.483599,-0.492816,97.39181733569133,-2.9503227199677946,-15.467588419089859,0.854056069484157,7.246095580865083,-4.206859866409268,15.950484153958953,13.91851871673856,-0.210328,0.120186,-0.146555,0.30995,-0.150685,0.427456,0.835767
11.034866094589233,0.7036239388799709,2.1144567998536083,2.223709518364508,-0.4657494388740645,-0.06705134915288388,0.2099333870079773,0.0160039,0.335861,0.371411,0.143469,0.649249,0.629464,-0.402079,-0.229966,0.243476,-0.153819,0.722352,-0.0589232,0.480734,-0.493589,97.91063982858563,-2.796465444480769,-15.53703240979657,1.1193020995466352,7.475137336518879,-4.329140074248009,15.727567766767786,13.648894214531175,-0.209916,0.116979,-0.144091,0.309692,-0.153711,0.431738,0.833106
11.065120458602905,0.6937639106897244,2.1396129608720584,2.162695899705572,-0.45374569685193206,-0.06450674086375754,0.20614689334595174,0.0160308,0.335828,0.371412,0.142775,0.650252,0.628255,-0.402596,-0.229672,0.2397,-0.152658,0.722018,-0.0640666,0.477428,-0.496637,98.69681489810571,-2.7261994967297474,-15.694414896557909,1.4725571019817014,7.078711538501556,-4.806500428999968,16.0838229200205,13.557409577463767,-0.209175,0.113398,-0.141497,0.306276,-0.155137,0.435069,0.832372
11.092902421951294,0.7060752504781479,2.0440738325449757,2.3110459297885266,-0.5291283798962015,-0.05833335452630804,0.21197826564157896,0.0160235,0.335852,0.371426,0.143473,0.649266,0.629377,-0.402186,-0.229331,0.23733,-0.152064,0.72325,-0.0670527,0.473689,-0.498028,99.23398051516676,-2.7050625730320776,-15.515432979335968,1.2315123532979104,7.878832681381265,-4.36202083773815,15.332206214089547,13.21229011571303,-0.208897,0.111208,-0.139404,0.309925,-0.158599,0.441266,0.82709
11.119042873382568,0.7230424444435293,2.0256353857168814,2.352761206708778,-0.5604226159261836,-0.058366133949611584,0.2219828675121792,0.0160287,0.335848,0.37141,0.143537,0.649251,0.629364,-0.402208,-0.228776,0.234203,-0.151253,0.722584,-0.072184,0.47033,-0.501449,100.02253778731779,-2.851401221100578,-15.527672240598609,0.7202814841605321,7.321639913240153,-4.398091791017343,15.726397324401205,13.34057368312305,-0.208207,0.108336,-0.137357,0.306243,-0.160007,0.444008,0.826722
11.150091171264648,0.7155346447020986,2.081949639180587,2.321200011573295,-0.5515903124644378,-0.05467311035541779,0.2191073346899059,0.0160283,0.335824,0.371358,0.143144,0.649997,0.628308,-0.402793,-0.22868,0.231287,-0.150292,0.722911,-0.0766841,0.46508,-0.505194,100.87269279027825,-2.6941414760923816,-15.448235235447598,0.1732485454519459,7.733123812804706,-3.9343361648721213,15.192566842005185,13.059070714177718,-0.207949,0.105511,-0.134961,0.3048,-0.161301,0.448632,0.824504
11.18085265159607,0.7863961377211561,2.148297263285559,2.302424915179001,-0.5436644257148581,-0.06846997382199309,0.2470551461706853,0.0160079,0.335853,0.371349,0.143914,0.648964,0.629408,-0.402467,-0.228734,0.229868,-0.149843,0.722079,-0.0761697,0.46495,-0.506578,100.86088057028219,-2.9969580757390695,-15.203449305105147,1.3677221063034573,8.136711952109913,-4.655751839106614,15.315510679876935,12.980666997703809,-0.207672,0.104089,-0.133838,0.303592,-0.161807,0.452251,0.822873
11.211814165115356,0.7202495775424861,2.1442596343852354,2.2730315758466637,-0.5535063435372239,-0.06014857919357927,0.2300772058889632,0.0160326,0.335826,0.371324,0.143153,0.649888,0.628336,-0.402922,-0.228413,0.226267,-0.14853,0.723116,-0.083284,0.461832,-0.506831,101.70769059275467,-2.6650668907466466,-15.67040823665416,0.8636107164619045,7.620860035215097,-4.546069715924801,15.43724338314171,12.908774734630368,-0.207315,0.100863,-0.130777,0.302037,-0.166369,0.456891,0.819967
11.242498397827148,0.7832185621645333,2.1192664441533626,2.316414169381306,-0.5791603325349214,-0.07123676654025526,0.2560421007340391,0.0160456,0.335818,0.371333,0.142932,0.650022,0.628329,-0.402795,-0.227888,0.224196,-0.148112,0.725053,-0.0856869,0.460989,-0.504426,101.90339644601845,-2.3196729863499117,-15.958464504049218,1.4714131079146586,7.685788490237984,-5.047604110048205,15.619182690051652,12.891584758997102,-0.206737,0.0991899,-0.129292,0.300253,-0.167957,0.461406,0.817767
11.269669532775879,0.691484414804499,2.161546176117835,2.3635241003133114,-0.6095549493470978,-0.049095818272050715,0.2222025074143193,0.0160326,0.335821,0.371281,0.143417,0.649985,0.628216,-0.402859,-0.227876,0.221222,-0.147268,0.716443,-0.0831898,0.455935,-0.521452,102.62571381757215,-3.8656554511821346,-14.515780953378252,3.382943420842416,7.56385787414777,-7.196077903282934,17.610743862516173,14.332451827691427,-0.206021,0.0964723,-0.127163,0.300976,-0.169139,0.46288,0.816424
11.298233270645142,0.7290803018326049,2.135215528685239,2.3972423577039708,-0.634935935925435,-0.05433452258818055,0.23882591340877915,0.0160207,0.33583,0.371273,0.143345,0.649988,0.628286,-0.402771,-0.22773,0.219867,-0.146653,0.715013,-0.0863374,0.454675,-0.523997,103.09399437911385,-4.112137342590102,-14.553932346209415,2.8643056709824997,6.885244433505784,-7.159320542503664,17.774529235895034,14.628342316506002,-0.205734,0.0953341,-0.126153,0.298645,-0.170787,0.464711,0.815896
11.326523303985596,0.7019781209487244,2.185712057899945,2.3470901832396827,-0.6199273696439852,-0.05345373454727342,0.23195115863195323,0.0160145,0.335837,0.371262,0.143395,0.650072,0.628199,-0.402755,-0.227228,0.217124,-0.145912,0.717629,-0.0884821,0.451717,-0.52262,103.41419847059842,-3.680462671636098,-14.636339818227736,3.7602848908559707,7.778709791537679,-7.49036886140798,17.48284041052241,14.307590314690536,-0.205078,0.0927678,-0.12386,0.299306,-0.174217,0.469208,0.812347
11.358164310455322,0.6678167048343948,2.2097983907399463,2.430303089868273,-0.6458455113376034,-0.044524462432068805,0.21545860362457556,0.0159843,0.335867,0.371207,0.141946,0.650826,0.627934,-0.402463,-0.225729,0.213765,-0.144958,0.725527,-0.0994471,0.448221,-0.512658,104.3484177637358,-2.175810104513779,-15.890078478168878,1.9379297889693667,7.30727938758647,-6.138711124928015,16.59321096768242,13.073536542049021,-0.203972,0.0896699,-0.121316,0.299289,-0.175363,0.475858,0.808229
11.38897967338562,0.6599255058904827,2.227195119813212,2.532930470213583,-0.7135419729861605,-0.04590091499997563,0.22277419156883171,0.0159606,0.335887,0.371176,0.14186,0.650929,0.627938,-0.40232,-0.225899,0.211016,-0.14405,0.717551,-0.0957781,0.444497,-0.527608,104.87521425719436,-3.5964292009252388,-14.575580844449034,4.698767431009085,7.277712814492216,-8.971401534608042,18.229521597858987,15.419003282529417,-0.203558,0.08731,-0.118944,0.297422,-0.180592,0.478115,0.806432
11.41604495048523,0.6858290498244342,2.2705792797910993,2.51659623495094,-0.7001473764797863,-0.03581189669079377,0.21873282181440956,0.0159528,0.335881,0.371162,0.14189,0.650921,0.627919,-0.402351,-0.225556,0.209556,-0.143588,0.718715,-0.0991912,0.443456,-0.526267,105.18298643520625,-3.38307973248844,-14.857458842014314,4.1775033149018626,7.007193781451659,-8.743172553946224,18.13776652557196,15.205059494479714,-0.202994,0.0856999,-0.117722,0.302589,-0.179062,0.481721,0.802697
11.444619178771973,0.6662232530499915,2.223957945671677,2.713406471209999,-0.7815713391245711,-0.031698604167544935,0.21685720868747196,0.0159463,0.335888,0.371102,0.142395,0.651041,0.627687,-0.402341,-0.225094,0.206929,-0.142749,0.718219,-0.0994115,0.441818,-0.528276,105.33818309726821,-3.4967328771387285,-14.70529830339487,5.913988369031561,7.395641738742394,-9.824291098542886,18.59340995050224,16.008260594283506,-0.202044,0.0831434,-0.115848,0.299851,-0.177289,0.485829,0.801641
11.474905967712402,0.6320911586117443,2.346452703804866,2.752673237239156,-0.8175442981858523,-0.04360299790811596,0.22086726639293988,0.0159466,0.335892,0.371083,0.142405,0.651087,0.627626,-0.402359,-0.224763,0.20483,-0.141946,0.717776,-0.104992,0.440772,-0.528672,105.90607959334247,-3.5313358678746436,-15.07830918206175,4.832616607766457,6.400540610290391,-9.693825482328215,18.761979485504188,16.1825056802622,-0.202358,0.0819575,-0.113648,0.294434,-0.186032,0.486928,0.801
11.503485679626465,0.5705118762908116,2.3022287368489383,2.8336989022191608,-0.8760269193155181,-0.04426007647303354,0.21228166069472612,0.0159558,0.335879,0.371052,0.142864,0.650835,0.627455,-0.402868,-0.224491,0.202146,-0.140829,0.71566,-0.105106,0.437142,-0.5345,106.28798703082926,-3.9121341582570492,-14.534491966296535,6.069501958730559,6.637421978562704,-10.386688754980504,19.09104585918627,16.915215162144758,-0.201973,0.0797548,-0.110989,0.292654,-0.189835,0.492605,0.797281
11.533935070037842,0.6712314629608118,2.338778071818161,2.8216111052287154,-0.8732006655654633,-0.053216369272909736,0.24744451674701098,0.0159622,0.335876,0.371047,0.14283,0.650834,0.627488,-0.402832,-0.224197,0.200698,-0.140225,0.716498,-0.105463,0.435428,-0.534707,106.44248139998588,-3.7815903864366263,-14.442929355900068,6.987606908940094,7.1369436538021915,-10.743594353789014,19.169199088480458,17.054488616216602,-0.201692,0.0783938,-0.109627,0.292766,-0.190188,0.494877,0.795747
11.562247276306152,0.6120756031474177,2.3464279309516933,2.9572135085905584,-0.9357487837513254,-0.03798062531633578,0.22373004007558153,0.0159552,0.335877,0.371002,0.143014,0.650672,0.627556,-0.402923,-0.223524,0.197162,-0.138826,0.716216,-0.11184,0.431433,-0.537022,107.32248343323131,-3.8156101133937073,-14.575774637283669,6.1751808580979315,6.545889188461301,-10.598616751190974,19.153277770401658,17.074873660549574,-0.201044,0.0750931,-0.106322,0.293295,-0.193274,0.498051,0.792823
11.595487833023071,0.6193481064327565,2.3644464047757565,3.0964928975571966,-0.9984425761865746,-0.043238903933669005,0.2322742946658478,0.0159257,0.335844,0.370934,0.144408,0.650138,0.627107,-0.403986,-0.222707,0.194371,-0.137901,0.717331,-0.114671,0.428374,-0.537385,107.56316449828621,-3.6353353480115143,-14.561272220779205,6.086710849655212,6.436535085979347,-10.017288727204871,18.569225622573775,16.39109627316856,-0.200065,0.0728394,-0.104156,0.290648,-0.196038,0.501475,0.790959
11.6270592212677,0.647098249451883,2.4169388189464676,3.1289274390675734,-1.0263666452895452,-0.05215976132559704,0.25022866131034505,0.0158885,0.335823,0.370913,0.14508,0.649533,0.626955,-0.404952,-0.222057,0.192438,-0.137195,0.717103,-0.116861,0.425695,-0.539343,107.86014062803228,-3.6640350006502604,-14.399655941545667,5.720571153562702,5.773276443253049,-9.576896641742543,18.300873723327484,16.122295727100756,-0.199516,0.0713424,-0.102437,0.288622,-0.199882,0.504854,0.788586
11.659497022628784,0.7254215140666409,2.3322285088556725,3.2679134283224376,-1.092775059991047,-0.038008865016998995,0.26590270545928457,0.015939,0.335896,0.37096,0.14343,0.650837,0.627228,-0.403018,-0.22108,0.189367,-0.135817,0.717974,-0.124643,0.417974,-0.542472,109.46414724606616,-3.4615563801256686,-14.518736004620443,4.3261192268228505,6.367627545297765,-9.563600451890501,18.282281904741083,15.973273810543532,-0.19846,0.0683584,-0.0994594,0.291226,-0.20024,0.510222,0.784069
11.691369771957397,0.7250079241191035,2.3093643065308496,3.4246581333449617,-1.1627034752152168,-0.03974785471809646,0.27043214149069283,0.0159102,0.335858,0.370903,0.144801,0.65027,0.626903,-0.40395,-0.220242,0.186896,-0.134904,0.719265,-0.125484,0.413907,-0.543684,109.64246637855658,-3.291320527502757,-14.228334831817495,4.858554979441877,6.918184803582032,-9.031173889119259,17.556591404430517,15.195408523994573,-0.197778,0.0662013,-0.0969787,0.28968,-0.204071,0.511241,0.78299
11.718993902206421,0.7166176389306446,2.292946181015617,3.5401846594548387,-1.2140734852509885,-0.03419668611369601,0.2684571958800035,0.0158639,0.335877,0.370799,0.14653,0.650337,0.626206,-0.404298,-0.219579,0.18493,-0.134008,0.721951,-0.131225,0.408309,-0.543001,110.28524854743746,-2.836363180985301,-14.438225778364485,2.8020631528738296,7.928435141509467,-6.634055048857377,15.78086337714102,12.80552767634306,-0.197516,0.0646023,-0.0952581,0.29059,-0.2072,0.514232,0.779866
11.750539541244507,0.7691975402995025,2.271851982853387,3.631745330691887,-1.2647189146316162,-0.03956562759648636,0.29259442250092205,0.0157961,0.335875,0.370741,0.147416,0.650016,0.625872,-0.405009,-0.219311,0.18255,-0.133033,0.718689,-0.130919,0.409556,-0.546453,110.17368733000582,-3.395394225780654,-14.320644523700006,4.596948126461388,6.739748157610018,-8.246238771153337,16.794901744762278,14.51483407950991,-0.19692,0.0625633,-0.0930038,0.289694,-0.208577,0.517635,0.777578
11.777559995651245,0.7714790282430539,2.266555122156595,3.7407202734242047,-1.3223478447966284,-0.048045743594718346,0.3059512178920002,0.0158085,0.335875,0.370738,0.147706,0.650066,0.62579,-0.404948,-0.21896,0.181411,-0.132536,0.720272,-0.132403,0.406566,-0.546243,110.46451219855457,-3.1389987683367364,-14.27325849066104,4.456939398239353,7.570190862018666,-7.762382080066061,16.276863932608475,13.82416408548054,-0.196799,0.0616426,-0.0916342,0.288344,-0.214215,0.520411,0.774688
11.807947874069214,0.87197272415869,2.1709282594065167,4.0292094643780265,-1.4517255893793886,-0.060133054731028666,0.35027678192772194,0.0157872,0.33588,0.370716,0.14761,0.650055,0.625786,-0.405008,-0.218368,0.1798,-0.131941,0.718263,-0.135169,0.404721,-0.549571,110.95800300234414,-3.4415771331979066,-14.21743549072411,3.9507660314287207,6.4136225472454,-8.09152509282056,16.760276201769123,14.500062910377357,-0.195999,0.0607573,-0.090368,0.284637,-0.217871,0.520826,0.77476
11.839258909225464,0.7887946377600591,2.1438267352683154,4.244092051580616,-1.5514595947610712,-0.028700983104024892,0.3111159235846601,0.0157401,0.335901,0.370697,0.14813,0.649803,0.626069,-0.404786,-0.216658,0.177443,-0.130762,0.720088,-0.142701,0.391488,-0.554839,112.64561769513296,-3.165226118362228,-13.703976620738313,0.2727538744427829,7.176902789776698,-4.725793725108787,14.797048662675856,11.585869526654573,-0.195425,0.0586999,-0.0878677,0.291147,-0.223827,0.528176,0.765614
11.870219230651855,0.8592690100604873,2.100165283505227,4.3489363670682835,-1.5947083556081731,-0.039455805075852945,0.3393958604647715,0.0157301,0.33591,0.370665,0.148459,0.649986,0.625788,-0.404806,-0.215903,0.176405,-0.130525,0.721572,-0.142792,0.389435,-0.554333,112.73202604560032,-2.9176328141267565,-13.630736973337866,0.7661311369944741,7.630676992390258,-4.721351991075842,14.5693579801733,11.314635809261194,-0.194705,0.0577806,-0.0871347,0.288605,-0.22429,0.528391,0.766293
11.902147054672241,0.8028358570365765,2.045714339699379,4.449704919644074,-1.6333240424841988,-0.021408059250280595,0.31351322511409685,0.0157278,0.335909,0.370647,0.148578,0.650016,0.625717,-0.404824,-0.215471,0.175337,-0.130161,0.721304,-0.144507,0.388043,-0.555212,112.99269192332979,-2.9422125413732942,-13.647506796081263,0.5114947702449815,7.307132885969823,-4.764045820930704,14.667872393174836,11.424655179560487,-0.194524,0.056851,-0.0862138,0.291977,-0.224616,0.529372,0.76424
11.933560848236084,0.8807866896080586,2.0065517824309804,4.565103460649313,-1.682803305268747,-0.03290142867825649,0.3471295379556726,0.0157365,0.335901,0.370633,0.148655,0.649994,0.625681,-0.404886,-0.214823,0.174225,-0.129717,0.72538,-0.149434,0.384879,-0.550783,113.43961178442478,-2.1693961895690315,-14.021210910193671,-1.036251084680897,7.98708397566307,-3.1530252191189163,14.05584940103286,10.293077895580078,-0.19438,0.0563057,-0.0851968,0.290706,-0.226307,0.534051,0.760963
11.963056325912476,0.9451298964816294,1.9241429066500597,4.55792924558564,-1.6898390659627638,-0.021846266281883374,0.3662700022561609,0.015749,0.3359,0.370581,0.147886,0.649554,0.626029,-0.405337,-0.21497,0.173233,-0.12904,0.721385,-0.148739,0.382606,-0.557758,113.83477009510989,-2.849549215721476,-13.403046567342631,-0.575293822851723,6.958812600324894,-4.0998846890833605,14.5446140615074,11.027453007188534,-0.194302,0.0551344,-0.083986,0.292048,-0.226609,0.533218,0.760943
11.995404720306396,0.9823496922866564,1.899057604046669,4.625525110371453,-1.71691530505793,-0.02253516944187631,0.3813198008148615,0.0157548,0.335897,0.370559,0.148039,0.649449,0.626056,-0.405408,-0.214825,0.17233,-0.128625,0.722117,-0.150752,0.381167,-0.557255,114.06508618862135,-2.7060377731009257,-13.482459078867356,-0.9774865290485177,7.160457047039888,-3.763775491824582,14.450749069338256,10.786413993902745,-0.19413,0.0544724,-0.0832105,0.291804,-0.22745,0.534612,0.759807
12.024897813796997,1.2060796218702539,1.63511050062433,4.767794602115045,-1.7765788580102755,-0.023289739919797974,0.47490217979649335,0.0157478,0.335895,0.37051,0.148253,0.649419,0.626079,-0.40534,-0.214744,0.171802,-0.128461,0.720293,-0.150066,0.381817,-0.559352,114.03118804268112,-3.047507334768981,-13.3936434808713,-0.31003264656724383,6.661995394494927,-4.56223965971644,14.73956073266695,11.477512130937823,-0.19385,0.0540833,-0.0827469,0.290474,-0.228127,0.53421,0.760396
12.056135177612305,1.2895330010030805,1.4338799323333358,4.899240553124099,-1.8348970805906677,-0.025198475037937085,0.5157009570863135,0.0157479,0.335899,0.370495,0.148401,0.649463,0.625991,-0.405352,-0.214232,0.171416,-0.128578,0.717904,-0.145297,0.377157,-0.566794,114.18393818765318,-3.5728413620859287,-12.37854023158358,0.9026645867722625,7.290717364609542,-5.279191287582606,14.815478278482951,12.013480277600824,-0.19342,0.0537252,-0.08256,0.289344,-0.229825,0.534704,0.759969
12.087503671646118,1.3416758599633238,1.5052151453714868,4.881374818771446,-1.8217011084585228,-0.02962621178354475,0.5364173017356655,0.0157179,0.335915,0.37049,0.148819,0.64903,0.626455,-0.405176,-0.213495,0.170956,-0.128662,0.720424,-0.147783,0.37922,-0.561553,114.05299694435419,-3.170029764477671,-12.918966900856457,0.5700171738124684,6.720868910645844,-5.043004615903001,14.77248864078133,11.727837141296916,-0.193173,0.0534943,-0.0824758,0.291035,-0.230788,0.537196,0.757269
12.11896014213562,1.1836821827310704,1.7794899166491764,4.613039504646466,-1.7172974457431724,-0.02912627007572045,0.47244246114951516,0.0156811,0.335908,0.370516,0.14832,0.647553,0.627511,-0.406086,-0.21312,0.170715,-0.128752,0.720647,-0.147712,0.378566,-0.561728,114.07793234409202,-3.1842303135070598,-12.624580560462295,0.23574468674811477,5.614426831710578,-4.905203373963857,14.958666700289136,11.816446380012424,-0.192644,0.0530517,-0.0824283,0.289564,-0.229974,0.535941,0.758968
12.149552583694458,0.9715017681152769,2.0760934810122738,4.348863479571097,-1.6048149686419517,-0.016355262484417717,0.3813419092431985,0.0156549,0.335935,0.370449,0.149202,0.649153,0.626168,-0.405281,-0.213045,0.170569,-0.128808,0.720589,-0.147588,0.379421,-0.561257,113.96567238070342,-3.138541813179886,-12.96049131956435,0.8048737877231158,6.43435678855869,-5.280623124819542,14.909043903760903,11.929383683507123,-0.19254,0.0527874,-0.0823583,0.292273,-0.229719,0.535565,0.758272
12.180378913879395,0.9424143648266202,2.2289289515392565,4.002501956833819,-1.4669656498017072,-0.018033992833971477,0.36958349587116895,0.0156618,0.335947,0.370477,0.149135,0.649176,0.626344,-0.404997,-0.213197,0.170687,-0.128742,0.72099,-0.149862,0.379531,-0.560063,114.14279710570581,-3.048609944781729,-13.214642011838913,-0.15700931508160387,6.394630028998277,-4.754184285945179,14.845359913328926,11.622076517827796,-0.192438,0.0530269,-0.0825835,0.291118,-0.229652,0.53519,0.759
12.214548349380493,0.7720386388778199,2.683910143689696,3.4750659425655854,-1.2497898724732088,-0.03113216963014811,0.3034620612685016,0.0156557,0.335937,0.370558,0.148307,0.647913,0.627421,-0.405657,-0.213592,0.171405,-0.129014,0.721947,-0.149719,0.38189,-0.557257,113.9019954064636,-2.9050426301294685,-13.265178410999825,-0.3872537946311052,5.619924240040239,-4.729047895735114,15.060744478935723,11.708419702022823,-0.192532,0.0538284,-0.0833432,0.290117,-0.228987,0.537999,0.757598
12.241899728775024,0.35443489658442257,3.197761594539319,2.886661754727862,-0.9704711860663863,-0.023048666487455027,0.139353274843056,0.0156268,0.335916,0.370538,0.145382,0.644536,0.634917,-0.400398,-0.214439,0.173013,-0.129813,0.724824,-0.150972,0.388388,-0.548628,114.03801706941016,-3.084452565182068,-13.790621798010692,0.4095056849907017,6.559069553197939,-6.935851617241134,16.457319679413356,13.656296438237046,-0.192477,0.0549314,-0.085565,0.282764,-0.222083,0.53108,0.767253
12.270425081253052,0.4014174460165613,3.1875481388418727,2.269467495909173,-0.6964400270231034,-0.01943768658948371,0.14683012076748242,0.0155819,0.335911,0.370547,0.148747,0.647905,0.626586,-0.406798,-0.215188,0.175511,-0.130972,0.72743,-0.147448,0.392678,-0.543055,112.30838937674977,-1.836109467018168,-14.422993927302656,-0.714300345671635,6.030292872240378,-3.5674944671815183,14.499672036332495,10.428576918138601,-0.19339,0.0568589,-0.0878937,0.288696,-0.219641,0.530123,0.766409
12.301015138626099,0.37674495395296786,2.950713840476221,1.9629589220686834,-0.5665131435647891,-0.018621687033381764,0.1436062026286359,0.0156542,0.3359,0.370675,0.148135,0.649951,0.625432,-0.405531,-0.216931,0.180493,-0.133696,0.720989,-0.134543,0.405127,-0.545843,110.63754542153839,-2.9676097878381063,-14.360719355198095,2.786155762095685,5.419027925449466,-7.66136676800636,16.86473071078638,14.111959995509137,-0.194259,0.0607393,-0.0928885,0.288095,-0.214274,0.519286,0.775519
12.333210706710815,0.38949483971194465,2.7752945721224425,1.953843941095469,-0.5474958273687816,-0.022326309226704037,0.14970786461960747,0.0156839,0.335931,0.370676,0.149719,0.650638,0.625053,-0.404429,-0.217712,0.185203,-0.135964,0.721876,-0.127157,0.411295,-0.541813,109.38606490657428,-3.0081169629890683,-14.549798027891233,3.373677087531899,7.091178144200429,-7.225063586892141,16.25921916664966,13.413728541007915,-0.195318,0.0650434,-0.0975067,0.288743,-0.21234,0.511181,0.781174
12.362696170806885,0.472829410017869,2.663689211999099,2.077390685007222,-0.5597881060136025,-0.026005831270113532,0.17211862366474368,0.0156429,0.335876,0.37073,0.148734,0.649564,0.62524,-0.406225,-0.218999,0.192479,-0.139637,0.719103,-0.113991,0.4222,-0.54004,107.41169299355577,-3.4396290981333157,-14.048732599264728,4.1155176311409285,4.942555620147436,-8.149395620550735,17.584205346688393,14.893462495109096,-0.196384,0.0709696,-0.105326,0.29125,-0.200055,0.50182,0.789511
12.392467737197876,0.5937001018936156,2.6460854508913436,2.071947699947872,-0.5236096837620549,-0.04365220752541743,0.21967448371448925,0.0155961,0.335889,0.370705,0.148883,0.649501,0.625328,-0.406137,-0.220329,0.200452,-0.143336,0.718023,-0.102336,0.435098,-0.533535,105.31195933117075,-3.6605561537005453,-14.253188683580062,4.705310586282934,4.235113752610111,-8.75097599934945,18.542197685233745,15.88346452659883,-0.198173,0.0781164,-0.113179,0.295176,-0.193897,0.490653,0.796577
12.425019264221191,0.6667065341072672,2.568293790086653,2.1062072216221983,-0.5051587891256999,-0.04950098842321105,0.2362838614105091,0.0155638,0.335908,0.370637,0.15005,0.650598,0.624454,-0.405296,-0.221234,0.206882,-0.145939,0.719356,-0.0971729,0.439215,-0.529315,104.39140089524324,-3.495832066242003,-14.52773932184145,2.437521675394411,5.644126542993776,-6.645966240981046,17.35927980172102,13.954419287296611,-0.199299,0.0836498,-0.119216,0.297622,-0.187369,0.480203,0.803566
12.455549478530884,0.762096226468401,2.426410241123266,2.2393499211822268,-0.504160882782953,-0.057962976086597846,0.25918078447729603,0.0155457,0.335898,0.370698,0.149174,0.649599,0.625299,-0.405918,-0.221981,0.216001,-0.149302,0.722735,-0.089937,0.44631,-0.519974,102.97926778788157,-2.8824897083905743,-14.696603363815118,-0.6409211806702153,4.853665833362371,-4.090766334028515,16.748260277032003,13.148723393062363,-0.200297,0.0914128,-0.127668,0.302621,-0.176367,0.466784,0.812052
12.48687195777893,0.796670568772052,2.4972136844612285,2.0910255538304625,-0.4106050242474773,-0.07307816047694797,0.275156189705139,0.0155337,0.335908,0.37072,0.149266,0.649705,0.625189,-0.405884,-0.222182,0.220916,-0.1511,0.726323,-0.0853824,0.452081,-0.510673,101.84081336150437,-2.2424066443908597,-15.21709443335227,-1.4155422798440505,5.029141456393567,-3.0816361255092133,15.893942078449752,13.036797584078471,-0.201157,0.0956647,-0.131408,0.305385,-0.173817,0.459118,0.815928
12.514824867248535,0.7468554402258056,2.4665906749388458,2.080231520769227,-0.36607547730838663,-0.07395075937930569,0.2444587597352551,0.0155128,0.335876,0.370824,0.148915,0.651966,0.62284,-0.405999,-0.223188,0.2331,-0.155108,0.725781,-0.0679094,0.465974,-0.501496,99.06376794421504,-2.06007341635833,-15.505400648270477,-0.8975120543046611,4.809506453007493,-3.331169424208248,16.136727707487015,13.208906826475513,-0.20291,0.107281,-0.141297,0.310231,-0.16649,0.441768,0.825154
12.544212102890015,0.7262247642664146,2.132531419551317,2.21451858418253,-0.4277802436828039,-0.06720116702112261,0.22055502920049325,0.0155,0.335946,0.370898,0.150027,0.649974,0.625288,-0.405019,-0.2238,0.243298,-0.158164,0.725104,-0.0531922,0.476836,-0.493986,96.80441145981494,-2.3784349228665613,-15.169993449673226,-0.9775036293789707,4.778657639413819,-3.076736472336897,16.174693832400735,13.150087664295759,-0.203974,0.116737,-0.149142,0.314918,-0.158582,0.4261,0.833137
12.574482917785645,0.5983850619652575,1.9743410597272724,2.336033510066813,-0.4590152321778003,-0.04622211728154092,0.17139297634000333,0.0154397,0.335921,0.370889,0.14965,0.651441,0.623779,-0.405128,-0.223934,0.250995,-0.160437,0.728527,-0.0446903,0.483423,-0.483274,95.22006443415724,-1.5690451106003989,-15.741678303443964,-1.947907025982726,5.09384509010371,-2.0949274702951755,15.503506312001274,12.332048061795623,-0.204737,0.124385,-0.155192,0.316411,-0.152746,0.412072,0.840684
12.606323480606079,0.5601343178164215,1.9954916617590892,2.3152168986981585,-0.4103675278066318,-0.04421109216117402,0.15015783987972195,0.0152998,0.335932,0.370889,0.151793,0.650864,0.625288,-0.402927,-0.224322,0.261621,-0.163049,0.724921,-0.0279801,0.493288,-0.479973,93.0096187978518,-2.386502496049552,-15.152720103998846,-1.4721073940750546,6.021346518222513,-2.1946775389223347,15.225990314968096,12.64546297047606,-0.205652,0.134609,-0.162889,0.322457,-0.144988,0.397732,0.846646
12.639424085617065,0.6148566096452488,1.937166686023772,2.2018942802078914,-0.34503481989712387,-0.06747880738710522,0.16547060089366314,0.0153162,0.33595,0.371049,0.147376,0.64864,0.633382,-0.39544,-0.224845,0.274853,-0.16578,0.718484,-0.00519893,0.508727,-0.47429,90.88395230346057,-3.683439351387717,-13.984898665119568,4.3755060286891165,6.22415720979969,-7.295335929182379,19.14383586962863,16.468659862534494,-0.207,0.147841,-0.171138,0.330458,-0.13899,0.378613,0.853306
12.670788764953613,0.589459201538301,1.7446810001717425,2.1936227006489872,-0.3343573863595578,-0.06227788318682994,0.14872495073117858,0.0153306,0.335973,0.371143,0.150147,0.651679,0.625703,-0.401579,-0.225012,0.283171,-0.166604,0.719281,0.00530483,0.513581,-0.467805,88.57373535410775,-2.7362786543796203,-14.44316448059078,1.0563834546665376,5.412285229423909,-3.904524423251999,16.674522969359582,13.797492099234743,-0.207458,0.156487,-0.176505,0.329892,-0.128794,0.362598,0.862036
12.702715635299683,0.613923689428876,1.6761121507054433,2.1773100802953196,-0.3028742552578944,-0.06830172382087564,0.14448077394809045,0.0153075,0.335948,0.37118,0.146976,0.648741,0.633559,-0.39514,-0.225436,0.294249,-0.167876,0.719469,0.0174126,0.523917,-0.4556,87.2492336764777,-2.965621479801209,-14.195635775642856,2.5695876517571286,5.750110300909227,-5.0584456718789355,17.52667751409575,14.680688562206944,-0.20882,0.167801,-0.182558,0.339496,-0.121993,0.346893,0.865752
12.735251665115356,0.540337782843053,1.6351044804459838,2.2343114111255225,-0.29518738526863453,-0.054356224276280216,0.11619227808346888,0.0152183,0.335977,0.371168,0.147712,0.648785,0.633434,-0.394995,-0.225528,0.302537,-0.168499,0.71731,0.0298103,0.530886,-0.450265,85.43727068193864,-3.0506632199369994,-13.92860231706333,2.8888665690874866,5.765295161660019,-4.794439102030182,17.215036591659214,14.456036878370824,-0.209064,0.176717,-0.187451,0.337331,-0.113013,0.332345,0.873489
12.767569541931152,0.5813721562823558,1.5603840884979883,2.17678004008809,-0.26190379758487553,-0.07015504220724715,0.12169871128137946,0.0151625,0.336008,0.371163,0.149111,0.648875,0.633075,-0.394896,-0.225151,0.313938,-0.169251,0.713772,0.048006,0.539501,-0.444031,82.89809020055822,-3.193151244045458,-13.350831312380382,3.405459881987314,5.98564009557672,-4.576165354241255,16.903651468908222,14.303516633015466,-0.210138,0.188624,-0.192779,0.345215,-0.107892,0.314359,0.877704
12.797634363174438,0.47211575194690664,1.4547047285924526,2.143219119132564,-0.23960673344317082,-0.041550239934542384,0.08359099514827213,0.0151831,0.335968,0.371275,0.14898,0.649786,0.632824,-0.393849,-0.224525,0.325442,-0.169429,0.711393,0.0642285,0.54665,-0.436998,80.80791531521453,-3.1122431250083418,-13.001037471815327,3.582962384048498,6.301754536280528,-4.053400266550817,16.310973128032476,13.85985956050643,-0.21088,0.200756,-0.197853,0.354698,-0.100885,0.298868,0.880164
12.827321290969849,0.5175503166320385,1.3899959379105518,2.1028269871000425,-0.21206067357364025,-0.05152570181066681,0.08810216115375737,0.015216,0.335929,0.371362,0.146637,0.651397,0.632906,-0.39193,-0.224243,0.334064,-0.169283,0.708355,0.0760104,0.552831,-0.432242,79.52709477165138,-3.1713968715207894,-12.842640999628363,5.07925159524315,6.231823516993437,-4.743102141704391,16.852769047965598,14.290317081305304,-0.211435,0.210214,-0.201426,0.35881,-0.0921948,0.287106,0.883361
12.856239795684814,0.5706321618720337,1.3129364018404743,2.107779128681285,-0.2048509378377644,-0.07133080036586571,0.1014081779740682,0.0151772,0.33595,0.371345,0.147536,0.651326,0.632671,-0.39209,-0.224107,0.345488,-0.168582,0.705791,0.0927938,0.56065,-0.422989,77.05131853222976,-2.9665652758025987,-12.524046217422672,4.995686110701351,6.571764601280044,-3.9995135031319293,16.05812048981839,13.73852324282733,-0.212771,0.223472,-0.205329,0.368496,-0.0856479,0.276976,0.883267
12.90169882774353,0.5007676735978192,1.1200551750472314,2.084081701079481,-0.19166999438803772,-0.052090161732901305,0.07529360234726404,0.0151341,0.335953,0.371385,0.15203,0.653079,0.625054,-0.399604,-0.223714,0.362332,-0.16663,0.700051,0.118356,0.570952,-0.41223,72.55608445409736,-2.3596523501290507,-12.319800421179027,1.1364507746342447,5.69946147091599,-1.6123416975609004,14.114379970462073,13.709788518362497,-0.213911,0.242298,-0.210603,0.371567,-0.07035,0.246293,0.892372
12.931658744812012,0.5467614246117327,1.0724004712526483,2.009152938119855,-0.1631789867411154,-0.06413497573744022,0.0795733582856509,0.0151776,0.335893,0.371481,0.151731,0.652652,0.625276,-0.400067,-0.223512,0.370501,-0.165284,0.695582,0.129741,0.57665,-0.40842,70.98043268954169,-2.4689203539588327,-11.860222875459916,0.8610050433892162,4.8564105355980205,-1.59452004958748,14.597435256108929,13.507861740988275,-0.214979,0.251511,-0.212332,0.379007,-0.0647168,0.235483,0.892588
12.963762283325195,0.46466813490536557,0.9251611931281034,1.9512753621309713,-0.16243481268719018,-0.046631933087741766,0.0649402077284461,0.0152268,0.335852,0.371535,0.14866,0.649163,0.632944,-0.394803,-0.223338,0.381343,-0.162985,0.690027,0.146876,0.584248,-0.401179,69.39796471804375,-2.723246888012108,-10.515186514816605,4.638604374550611,5.201494070831483,-2.7418297284327338,15.039257757909207,13.93427709376691,-0.215931,0.26418,-0.21461,0.381621,-0.055766,0.217999,0.896511
12.995667457580566,0.5425619332140904,0.8342447064923136,1.9414160476164148,-0.1588958184872801,-0.06732748592843368,0.07746701049194206,0.0152035,0.335886,0.371506,0.151191,0.6528,0.625242,-0.400081,-0.223637,0.391608,-0.160294,0.683814,0.161938,0.591861,-0.39481,66.50257775006926,-2.6064707166568954,-10.904745362879614,2.409521001886575,5.122725147364948,-1.9173107599231045,14.518293875558472,13.466101131350415,-0.217354,0.276274,-0.216144,0.387834,-0.0463399,0.203069,0.897887
13.02866816520691,0.6656853447566083,0.7771213714850792,1.85049212693338,-0.1472986045715758,-0.11392438095581314,0.10330491321732549,0.0151997,0.335886,0.371472,0.151331,0.652774,0.625269,-0.400031,-0.223901,0.398787,-0.15812,0.680676,0.170073,0.59789,-0.387663,65.04086741048812,-2.6359620089701705,-11.011653186054975,1.6384311823848474,4.617770636097378,-1.509366034287659,14.298294250661844,13.060114536489008,-0.218662,0.285297,-0.216849,0.392083,-0.04228,0.19602,0.897808
13.057736158370972,0.6312982967609397,0.7682982418140601,1.7735851923370245,-0.10260142348196583,-0.106868092656227,0.08565998297413316,0.0152277,0.335848,0.371524,0.148531,0.649157,0.632947,-0.394856,-0.224028,0.407939,-0.155051,0.676412,0.184399,0.603721,-0.379454,63.734468410955316,-2.6186108628394766,-9.865802698640575,4.9305864783770845,5.356842666158533,-2.031109256445106,14.327791439685075,13.460771451830258,-0.219629,0.296294,-0.217704,0.394828,-0.032435,0.17946,0.900474
13.089691400527954,0.5327974332545489,0.7947959227537317,1.68744659050508,-0.05306533387008388,-0.082070799593438,0.05888736330993725,0.015243,0.335843,0.371539,0.148408,0.649194,0.633006,-0.394748,-0.223976,0.418585,-0.151098,0.669214,0.198587,0.612191,-0.3714,61.49756823139083,-2.7991634933628866,-9.598331487580545,4.871809829346167,4.649057440247226,-1.870016868690854,14.339463543460775,13.172731462239138,-0.220576,0.309143,-0.217669,0.40001,-0.0242637,0.16615,0.900998
13.120516538619995,0.5893254598807173,0.749131574573913,1.6665573219897933,-0.04988248309141415,-0.09967777001219474,0.06543674744860621,0.0152178,0.335873,0.371514,0.151111,0.652746,0.625313,-0.400088,-0.223815,0.422779,-0.149517,0.66668,0.205617,0.614953,-0.367549,59.73915039825173,-2.582682933257832,-10.28954503229588,2.4982095382384806,4.723631049749018,-1.490152193419604,14.007132796325529,12.879263025836144,-0.220905,0.314378,-0.217943,0.402249,-0.0194004,0.157743,0.90163
13.15251612663269,0.5085558450570954,0.6878082058005487,1.6244437219441288,-0.03911968804701401,-0.075752115044768,0.04856381335520906,0.0152343,0.335836,0.371537,0.148552,0.649153,0.632928,-0.394885,-0.223152,0.43292,-0.145381,0.658491,0.221007,0.622868,-0.359974,58.123325474125664,-2.883816685927938,-8.979819705829941,5.951362093377192,4.037141906919047,-2.3316889314913354,14.936620255733176,13.558612902219249,-0.221668,0.327232,-0.217659,0.409177,-0.0105413,0.142252,0.901237
13.184223413467407,0.5079101180813943,0.6418548623560761,1.5894607937089378,-0.02764865482479289,-0.07315985455893691,0.04246758481517677,0.0152493,0.335826,0.371563,0.148456,0.649218,0.632997,-0.394705,-0.222633,0.438982,-0.142718,0.655517,0.228758,0.626317,-0.354533,56.944544689140514,-2.7860612515735186,-8.89385760950109,5.352779361136237,3.648611402674744,-1.800580907681912,14.615251189388736,12.957634798560708,-0.221466,0.334789,-0.217639,0.409303,-0.00398724,0.12765,0.903416
13.215542078018188,0.491626587406317,0.5105342559538468,1.5457642274964933,-0.04656029076397993,-0.0706166371780973,0.04341745618872931,0.0152751,0.33582,0.371595,0.14836,0.649306,0.63295,-0.394672,-0.221589,0.447023,-0.13905,0.649543,0.242305,0.63094,-0.348277,55.0690355266154,-2.68363009095468,-8.432288665963615,6.13252103611658,3.555991651203787,-1.943604947316679,14.712460843967735,13.013339162241843,-0.221619,0.345144,-0.217048,0.413109,0.00296423,0.114298,0.903476
13.245829820632935,0.4600688236138264,0.4592336133987722,1.4957870103158226,-0.04182240554503181,-0.06377193812262988,0.03831077141048442,0.015298,0.335829,0.371626,0.14901,0.649439,0.633167,-0.393859,-0.220409,0.454965,-0.135312,0.644563,0.254758,0.634179,-0.342716,53.414705838744666,-2.592113837469271,-7.919137396832364,5.880125244216393,4.259313149660828,-1.4606900621000989,13.929938184733675,12.486846613284168,-0.221585,0.355356,-0.216144,0.417307,0.00978304,0.103115,0.902844
13.277968168258667,0.4863705938961407,0.4729066986379213,1.4421249905110642,-0.01603773099763557,-0.07555287336919725,0.03549221519418145,0.0152914,0.335845,0.371627,0.1522,0.652688,0.625434,-0.399583,-0.2195,0.460531,-0.132416,0.639554,0.263841,0.637927,-0.338243,51.239416331273446,-2.5840542399588484,-8.458819067757023,3.032860038851518,3.720223750803286,-1.5996704203053582,14.479306189667053,12.701053786481031,-0.221419,0.362807,-0.215354,0.41945,0.014859,0.0941511,0.90276
13.310601711273193,0.4689279154583623,0.5471507084452761,1.3966992664379105,0.0348265542574195,-0.07094977170997488,0.021356965933822317,0.015329,0.335843,0.371625,0.152218,0.652522,0.625145,-0.400297,-0.217923,0.469723,-0.127458,0.630619,0.27902,0.642408,-0.334333,49.18115154087207,-2.61353695499227,-7.613417663262982,3.043863649249631,3.29369257657609,-1.7184036926885256,14.779292839269532,12.83883290671956,-0.221434,0.374863,-0.213475,0.425823,0.0233282,0.0804149,0.900924
13.343106985092163,0.47769506985588867,0.39881514891204256,1.3355160207302073,0.003813455086450912,-0.07748428339616775,0.02719251939553972,0.0153102,0.335823,0.371627,0.150731,0.653234,0.624923,-0.400046,-0.216693,0.476959,-0.123172,0.625272,0.290037,0.645322,-0.329352,47.82334621992787,-2.448575804679497,-7.302346535417571,3.3771063469858937,2.9439504884646928,-1.2302647484128357,14.428861641951007,12.25781150016066,-0.221527,0.384597,-0.211671,0.429673,0.0296911,0.0677258,0.899952
13.37520956993103,0.41062834494530726,0.2805103594258991,1.2511300750886258,-0.019133449482252447,-0.06010206562341635,0.025579361212272403,0.0153368,0.335828,0.371664,0.151686,0.652916,0.6253,-0.399614,-0.215954,0.482228,-0.119769,0.619426,0.299542,0.648425,-0.325777,46.430886127073386,-2.5476584302950753,-6.742958261621834,3.677108694291337,3.5761035734649056,-1.5355154281752093,14.368316272087135,12.594224401255484,-0.221501,0.39172,-0.210129,0.432477,0.0361112,0.059846,0.898932
13.408867597579956,0.4053091025191063,0.42383818298167747,1.225003695244609,0.051014334714677666,-0.056004148565544414,0.0084038069147092,0.0153563,0.335822,0.371691,0.151586,0.652953,0.625289,-0.39961,-0.215241,0.488843,-0.11512,0.614307,0.308632,0.651867,-0.320067,45.026029651848624,-2.482285840230273,-6.530996562680633,2.807544477367065,3.3250522652462617,-0.9632713331640304,13.994678543026662,12.152989416092572,-0.221799,0.400881,-0.207934,0.436134,0.0433536,0.0468508,0.897615
13.440268993377686,0.5215580593152725,0.2759194659197392,1.110620000234019,0.019787099250364964,-0.10930357861240851,0.02367427623893026,0.0153988,0.33581,0.371748,0.151012,0.65307,0.625471,-0.399351,-0.214394,0.496892,-0.109031,0.603011,0.325282,0.658806,-0.310715,42.46029137245439,-2.5529553974681676,-5.995605302598422,5.951821815452741,3.474232125469671,-2.7238938294801045,15.28052087652178,13.657919026461558,-0.221883,0.41203,-0.204729,0.438646,0.0523704,0.0322499,0.896553
13.472151041030884,0.3920377383973054,0.2509323541388591,1.1028021201329576,0.020191337518311585,-0.06270322539455002,0.012667407822567634,0.0154236,0.335804,0.3718,0.150841,0.653193,0.625383,-0.399352,-0.21368,0.501546,-0.105352,0.598161,0.333233,0.661401,-0.306118,41.259441888897875,-2.492005496037832,-5.76790278977529,6.2114655642867005,3.4533118659810427,-2.784218201209711,15.331885732085949,13.719576597032061,-0.221818,0.41862,-0.202782,0.441149,0.0572806,0.0229462,0.89531
13.501406192779541,0.3303679833752181,0.19014615737679075,1.0384847963938577,0.01309145305249104,-0.03903678396714504,0.0092431456120685,0.0155162,0.335803,0.37185,0.150851,0.653724,0.624333,-0.400121,-0.212185,0.507562,-0.100713,0.590814,0.34311,0.664691,-0.302325,39.723322059922836,-2.5642715716635847,-5.386410272167494,6.014974429493915,2.937106972723557,-2.9655726161798484,15.658151643040808,14.080909726831736,-0.221547,0.426854,-0.2002,0.445829,0.0642085,0.0113511,0.89274
13.532232761383057,0.14786628050285927,0.253293745704519,1.013625367010033,0.04407033031974366,0.022084426052589905,-0.004227745841092023,0.015548,0.335801,0.371847,0.150777,0.653661,0.624149,-0.400539,-0.21101,0.51185,-0.0973918,0.586824,0.35049,0.665025,-0.300892,38.84157196153075,-2.3712961890015762,-4.91620576266416,5.289964023175852,3.1604397205004977,-2.4855623214022557,14.895577151770176,13.496588167959613,-0.221349,0.433089,-0.19771,0.448404,0.0672868,0.00754639,0.891263
13.563902378082275,0.3533532427959335,0.10290135687467591,0.9768861138064963,0.005443335601216575,-0.05172292930859232,0.011447437622488083,0.0155622,0.335789,0.371822,0.150307,0.653087,0.624591,-0.400963,-0.210355,0.517141,-0.0926365,0.579275,0.359229,0.668592,-0.297287,37.471757108341706,-2.4166166135582774,-4.424355909777893,5.44973592038004,2.62892687365105,-2.7234528589153513,15.213240212704164,13.905757669821602,-0.221886,0.440487,-0.194967,0.452503,0.0755343,-0.00462369,0.888546
13.598170757293701,0.40336379035542785,0.041844500652373356,0.8627356664022277,-0.01150313243627002,-0.08014456164709544,0.016463635843753648,0.0156339,0.33577,0.371841,0.15068,0.65408,0.623854,-0.400351,-0.210302,0.522025,-0.0877739,0.573566,0.366528,0.671859,-0.292035,36.19622211722317,-2.600986635041796,-4.316280401053621,4.990399243857764,3.8003956416827864,-2.4565516365183555,14.16385635468357,13.558917961625264,-0.22242,0.447711,-0.191679,0.453756,0.0814294,-0.0129952,0.887302
13.630712985992432,0.2836368294384096,0.33198749518939114,0.8057935747435571,0.10966309358342566,-0.0395870134817143,-0.015466071107893395,0.0157826,0.335749,0.371949,0.148095,0.654303,0.62469,-0.399647,-0.209926,0.526407,-0.0832922,0.568955,0.372657,0.674178,-0.287926,35.473478168623096,-2.4973669970723433,-4.202138659191652,5.567044620314618,3.3179890820051714,-1.7294644421631844,13.63694241674163,12.846652859768154,-0.222622,0.454482,-0.188302,0.453845,0.0860356,-0.0225105,0.886632
13.65935730934143,0.33201291283857914,0.3719512099050537,0.819157212921066,0.12914812660285577,-0.054586521091890675,-0.020421626231294895,0.0158465,0.335739,0.37188,0.148235,0.654855,0.624217,-0.399429,-0.209533,0.529722,-0.0799257,0.565705,0.377235,0.675681,-0.28483,34.71837877867166,-2.5363399618345914,-4.124286582922023,4.673159144569643,3.7728664816075006,-1.1545919787185142,12.691936118245781,12.10254099597941,-0.222899,0.459494,-0.185885,0.455966,0.0906505,-0.0290109,0.884893
13.689362525939941,0.3473393821876345,0.24745661138147151,0.7863128270415737,0.08954025492677994,-0.06332713728059339,-0.013604182250587366,0.0158426,0.335731,0.371845,0.14791,0.654694,0.624399,-0.399531,-0.209067,0.53314,-0.0761881,0.563076,0.382104,0.675775,-0.283319,34.15091450214173,-2.3460363240349302,-3.844036105195455,3.224421341423824,4.165181710990172,0.10836862119861834,11.248171843230534,10.508442540843712,-0.222947,0.464687,-0.183802,0.457314,0.0973826,-0.0346808,0.883276
13.720948219299316,0.3020782088536328,0.2574251391202493,0.6790266929714187,0.10494507857950351,-0.05421594790621442,-0.02022336903258491,0.0159393,0.335675,0.371987,0.146062,0.653624,0.625572,-0.400128,-0.20798,0.538857,-0.0701355,0.556814,0.391635,0.678112,-0.277025,32.797466255073,-1.9308296694158626,-3.572680282728692,3.0423460424996005,2.8967297897084388,0.29518009855889105,11.635735684855414,9.810298845793703,-0.222767,0.473541,-0.179406,0.458687,0.103462,-0.0475468,0.881272
13.754311084747314,0.2581923681594118,0.17246930522660375,0.6311214778035108,0.07729294167138882,-0.03971294886539574,-0.014027289442183954,0.0160778,0.33557,0.372076,0.147244,0.653753,0.624296,-0.401474,-0.206446,0.543629,-0.065065,0.548958,0.400831,0.681099,-0.272184,31.073252301570122,-1.9795725353702676,-3.2472044018388555,2.4361047668409945,2.5879805308221,-0.7230250805552387,12.668840318102342,10.573318485383584,-0.222269,0.480697,-0.175594,0.463033,0.108937,-0.0554543,0.877871
13.784363508224487,0.19129764897341311,0.026160909849494245,0.5912205228774212,0.0316964031703109,-0.014787320680698946,-0.003010083767524349,0.0161196,0.335573,0.372083,0.147256,0.654016,0.624347,-0.400961,-0.205559,0.546045,-0.0625335,0.545453,0.40534,0.681751,-0.270916,30.49216718208272,-1.9897501321892157,-2.928821805076705,2.3854899961749965,2.99868915349965,-0.5587678627634318,12.24336998053804,10.385386331885542,-0.221727,0.483867,-0.174766,0.467352,0.121821,-0.0605274,0.873544
13.816987037658691,0.2690111341510432,-0.0732981203212347,0.4765101304614554,-0.004405762718932351,-0.05328220201995896,0.0025242709453967924,0.0161196,0.335538,0.372154,0.147173,0.653364,0.624346,-0.402054,-0.203725,0.551473,-0.0564177,0.536085,0.41572,0.685717,-0.263784,28.578615706220653,-1.9114703112129316,-2.6136552685237344,2.7441793061047015,1.330773032383485,-1.8408873236145027,14.056520696934342,11.512189150751906,-0.220839,0.492502,-0.170133,0.469959,0.129602,-0.0711635,0.870217
13.850717782974243,0.052675139556841284,-0.016084001360377125,0.48326562305063314,0.022938332664060656,0.027217738702038703,0.004210393448677287,0.0163325,0.335536,0.372257,0.147295,0.652423,0.626289,-0.400512,-0.202305,0.556041,-0.0505474,0.528659,0.425007,0.687468,-0.259377,27.30036840818929,-1.756042103020447,-1.8835051727390706,2.98396402974301,2.0337973169643364,-1.6825280019095743,13.390108172307848,11.207993474520446,-0.219955,0.49997,-0.165779,0.470896,0.137427,-0.0802297,0.867718
13.881468772888184,0.12478132584596048,-0.022313291750128385,0.3906660309026725,0.017972328124308264,-0.008829137055620285,0.0012639004438582946,0.0163957,0.335532,0.372273,0.147074,0.652337,0.626282,-0.400745,-0.201449,0.558492,-0.0473482,0.526305,0.431154,0.686883,-0.255541,26.52039460131609,-1.3454279073187314,-1.7699868011340492,2.865009313895161,2.534762109004512,-1.487528164941395,12.820968333918026,10.77574901984094,-0.219749,0.504079,-0.163058,0.472025,0.140734,-0.0843941,0.866178
13.912809610366821,0.21541219969713543,-0.10672423015290207,0.3061168538611878,-0.016824712707512447,-0.05101468394033527,0.0038609948091118695,0.0164184,0.335527,0.372254,0.146377,0.652344,0.626074,-0.401314,-0.201247,0.561381,-0.0432576,0.520394,0.436646,0.689166,-0.252152,25.527473084429527,-1.3734747050650566,-1.6040872128430586,3.1209243961651243,2.4200962595448807,-1.8354116604026984,13.095475637807981,11.108926398869269,-0.220276,0.508959,-0.159325,0.473678,0.140088,-0.0919241,0.864612
13.945404291152954,0.18199236421671716,0.02845849819609279,0.32663870813123597,0.038171399504865255,-0.03384676869104386,-0.009612521973571804,0.0164607,0.335511,0.372275,0.145991,0.652346,0.626118,-0.401382,-0.201239,0.563191,-0.0404942,0.518252,0.438124,0.6905,-0.250343,25.174275200985686,-1.4373730666530082,-1.624046755231726,2.026963747066155,2.1062236802281733,-1.2477596791975998,12.693047698031188,10.661330781467367,-0.220239,0.511786,-0.157696,0.474479,0.148504,-0.0972776,0.862179
13.978241682052612,0.24773619875141567,0.1019586135485717,0.2912354968988878,0.06400975471857409,-0.06207844929744875,-0.02126844291699564,0.0165907,0.335494,0.37229,0.144852,0.652655,0.625696,-0.40195,-0.200976,0.56528,-0.037236,0.513156,0.442584,0.692018,-0.2488,24.477561272937837,-1.4820328948740753,-1.434540648049996,2.586377145044345,2.208367197946453,-1.3383317688584313,12.639445227362234,10.7157593480845,-0.220611,0.515578,-0.154537,0.475971,0.148762,-0.103599,0.860575
14.00710129737854,0.35995325083555063,0.125702258775887,0.25087111847424665,0.07241123626934788,-0.10540263920191324,-0.03301082068546158,0.0166654,0.335504,0.372319,0.143974,0.652594,0.626391,-0.401281,-0.200767,0.567328,-0.0338418,0.511999,0.445956,0.692488,-0.243803,23.99025903575915,-1.2281995637384735,-1.6067618235660976,2.1638557818522255,2.173909499012807,-0.49441078769632085,11.787817699736548,9.83934169956277,-0.220889,0.519138,-0.151681,0.475635,0.151139,-0.107641,0.85985
14.03799819946289,0.3287083154365111,0.16689375894843378,0.2644072287415631,0.09039238263876012,-0.09158855356851223,-0.039021909780557015,0.0166155,0.335487,0.37234,0.144767,0.652382,0.626378,-0.401361,-0.200561,0.568955,-0.0314364,0.510083,0.449827,0.692506,-0.240636,23.3321644779088,-1.0344206892314245,-1.5266023129645436,1.5665863159480011,2.8546362954309883,-0.6899399456109734,11.628477514546008,10.105471473636117,-0.220514,0.521989,-0.150121,0.474269,0.158508,-0.11153,0.858781
14.067026853561401,0.2488997424464127,-0.00022643001164265086,0.18817432575300827,0.024190711128336987,-0.07195007993558485,-0.015504130931631674,0.0166636,0.335512,0.372358,0.143673,0.65249,0.626588,-0.401252,-0.199756,0.571124,-0.0281576,0.505393,0.454067,0.694437,-0.236977,22.583468392297593,-1.053161749554252,-1.47179037577774,2.3490234791857034,2.023963936793683,-0.8978968620649823,12.069688420992302,10.19275124293851,-0.220289,0.525843,-0.147095,0.476026,0.158726,-0.116828,0.857063
14.099972248077393,0.22058658977696102,0.11604835717625665,0.20503276633382933,0.06979464895691502,-0.05985376284646926,-0.026567751485861994,0.0167318,0.335492,0.372416,0.143508,0.652527,0.626571,-0.401276,-0.19861,0.573217,-0.025112,0.50169,0.458691,0.69444,-0.235928,21.994458925898115,-0.9348369696394274,-1.1474580920381268,2.011578549670052,2.223448508126216,-0.6647425744365876,11.77488574053204,10.006161514303578,-0.219594,0.529304,-0.144548,0.477625,0.162748,-0.121307,0.854794
14.1336190700531,0.258790422417473,0.19161876257966107,0.22693166945454174,0.10162555347726365,-0.07062763826165677,-0.03998342139762708,0.0167355,0.335486,0.372499,0.143043,0.652738,0.626769,-0.400789,-0.197782,0.575098,-0.0219297,0.5003,0.461366,0.695539,-0.230364,21.42362846152375,-0.8264159419750043,-1.4377039363122943,1.515964520117974,1.2130370176503202,-0.2001224873124663,11.942106016155563,9.779597539648206,-0.218974,0.532916,-0.141918,0.478024,0.165748,-0.126423,0.853251
14.166763305664062,0.13899458473899465,0.13228956907575798,0.19443677412718166,0.07720430992437215,-0.03100837195980183,-0.023721954061831717,0.0167489,0.335476,0.372554,0.142532,0.65303,0.626827,-0.400404,-0.196628,0.577348,-0.0184427,0.496465,0.466288,0.695985,-0.227383,20.732765179456322,-0.714986549077324,-1.271846325029177,1.545300484524633,1.1714783473930233,0.02859026067783077,11.7197944971511,9.583081739697368,-0.218115,0.536909,-0.138893,0.478336,0.168781,-0.13343,0.851413
14.198620080947876,0.08822835952932853,0.12058544121566286,0.13232418858858525,0.06631992887336004,-0.017799451637756515,-0.016514456074761003,0.0168076,0.335451,0.372651,0.141783,0.652383,0.627531,-0.400622,-0.19549,0.579197,-0.0155994,0.492546,0.469665,0.69697,-0.225934,20.211309160827504,-0.6277117065266042,-1.0345855655106462,1.4918465541000785,0.03631469029207324,-0.05084548937310984,12.155958347766841,9.769480899152024,-0.217582,0.54002,-0.136368,0.480392,0.170174,-0.138327,0.849194
14.23032522201538,0.19138399900658074,0.09261119123201306,0.05875643445719829,0.0497814884205546,-0.06191594128246388,-0.028065594640539877,0.016849,0.335463,0.37274,0.142197,0.651973,0.628093,-0.400263,-0.194415,0.582059,-0.0107665,0.486328,0.476535,0.697879,-0.222181,19.104307871232763,-0.4805709126772877,-0.609008331337952,1.3416245068356982,0.5577589178147093,-0.38954834156992035,11.909394479228165,10.152679846502293,-0.217025,0.545143,-0.132285,0.482339,0.177569,-0.145464,0.845375
14.262018918991089,0.07458284100222534,-0.008410406113080518,0.02199443736743076,0.008453817591856745,-0.026608588584490087,-0.004081160386563335,0.0168676,0.335435,0.372797,0.142899,0.650928,0.628032,-0.401806,-0.19346,0.584358,-0.00679487,0.481947,0.481785,0.698352,-0.218895,18.0837722271091,-0.19872713556595745,-0.4335589376053015,0.19315537332824384,-0.05883461169910387,-1.120534755779758,12.585467976840887,11.046026527274458,-0.216685,0.549208,-0.128782,0.483497,0.18116,-0.151589,0.842872
14.293843984603882,0.09718080442451964,0.04215211163495883,-0.030597804761407856,0.02184802922868889,-0.03797824598572621,-0.010337462300916426,0.0169686,0.33543,0.37288,0.141899,0.651286,0.628167,-0.401369,-0.192852,0.585993,-0.00394709,0.477404,0.487052,0.697903,-0.218625,17.578957316626735,-0.05778109677386012,0.004569916994164203,1.0214862606164186,1.2512370996158868,-0.9537438512624803,11.756797066666032,10.621893754267319,-0.216325,0.552338,-0.125578,0.48291,0.179294,-0.153845,0.843198
14.326128482818604,0.17550677646850446,0.11492057838713171,-0.029871662146943378,0.04956259091638003,-0.0667001014551557,-0.02966546437143921,0.0170397,0.335428,0.372901,0.14132,0.651137,0.628361,-0.401513,-0.19265,0.587796,-0.000254652,0.473646,0.48933,0.7002,-0.214326,16.89514911846124,-0.14907873967287188,-0.1287318570839897,0.5582475461758438,0.2977211110805724,-1.0151460340951886,12.131818277119883,10.872207487799765,-0.216425,0.555753,-0.12216,0.483321,0.181639,-0.158976,0.841508
14.358213424682617,0.15245761492330345,0.06220429653832153,-0.10521186708024088,0.021327914171952473,-0.06529718450662447,-0.02199986937706826,0.0170689,0.33543,0.372982,0.14083,0.651123,0.628607,-0.401322,-0.19203,0.589615,0.00340709,0.469767,0.492769,0.70136,-0.211168,16.25297696525592,-0.1317891352265541,-0.05611447026298855,0.26714730660785513,-0.013306380117092509,-0.8652912267896795,12.079765471221156,10.86994592155476,-0.216436,0.559093,-0.11893,0.485563,0.185228,-0.165695,0.838132
14.392640352249146,0.11019680387503615,0.042234655048275366,-0.13262047334148677,0.01077886919837491,-0.05342934907400252,-0.014406033408031425,0.017163,0.335402,0.373023,0.140634,0.651561,0.627233,-0.402825,-0.19101,0.591845,0.0077633,0.463148,0.499306,0.700831,-0.212186,15.375849391309112,-0.029593864488532517,0.5059930273853617,-0.36039610372821507,1.331474831078765,-0.901547680998334,11.452478641871348,11.082789962943952,-0.215906,0.563426,-0.114831,0.485534,0.189284,-0.170955,0.836183
14.426512241363525,0.216299932811537,0.11133478560517644,-0.1252098376920281,0.037306628054180696,-0.08786005991454814,-0.036420583306452356,0.0172194,0.335376,0.373046,0.140094,0.651657,0.627276,-0.402793,-0.190716,0.593051,0.0102518,0.460295,0.501759,0.701809,-0.209355,14.87702318772041,-0.02629981337483356,0.4784228619612776,-0.2960513263796809,1.1010535773985701,-1.0385249374259402,11.615385767848206,11.244175393669664,-0.215892,0.565582,-0.112641,0.485742,0.19313,-0.174325,0.834486
14.457201719284058,0.2294740249017227,0.18643918677560395,-0.11180405364965533,0.06564962725208327,-0.09206876362372766,-0.04649214067665199,0.0172628,0.335344,0.373145,0.139648,0.652533,0.626464,-0.402793,-0.190264,0.594675,0.0137277,0.457063,0.504824,0.702706,-0.206033,14.25765982088921,-0.09984887196620629,0.3928836333535255,-0.7735208952029939,1.2849364626043744,-0.8550100535441914,11.401988343899271,11.043830677526246,-0.215701,0.56872,-0.109383,0.486891,0.196256,-0.178752,0.832147
14.493217468261719,0.12833200386114926,0.06240001816917111,-0.25399211625062124,0.001513922789890716,-0.07062689567036669,-0.019911892262494298,0.0173312,0.33532,0.373272,0.138869,0.652075,0.627101,-0.402813,-0.18911,0.59681,0.0183549,0.450146,0.509715,0.704478,-0.203152,13.346138092305514,-0.1039732697756317,0.7176085643522025,-0.46831473929462497,0.576149797523974,-1.2496007059344478,11.994546787440774,11.40340912913792,-0.214952,0.572894,-0.104935,0.488187,0.199646,-0.183509,0.829541
14.527527809143066,0.03769704857698404,0.05997768300361255,-0.2499662137699067,-0.0004366668137854031,-0.04052884063510014,-0.0063802477982534325,0.0174085,0.33533,0.373379,0.137075,0.651387,0.628559,-0.402266,-0.188243,0.598148,0.0210915,0.445774,0.514675,0.704418,-0.200476,12.807878018705065,0.22949132638973857,0.9596431168286657,1.17261453681758,0.26798280147966214,-1.48310695417684,11.986098674333398,11.274571301581995,-0.214524,0.575286,-0.102342,0.48972,0.202515,-0.185996,0.827386
14.559257745742798,0.14024931038242686,0.1123353473140981,-0.2798827187253166,0.012637625971662353,-0.0767186248893074,-0.028692408009102534,0.0174948,0.335318,0.373491,0.135999,0.652117,0.628077,-0.402202,-0.187531,0.599563,0.0244687,0.443692,0.51809,0.70378,-0.198528,12.440607065318453,0.3779677848801257,0.9484810002243957,0.5146977319710508,0.7346222828855158,-0.5190497840406394,10.921884304302138,10.318160285313027,-0.21411,0.578374,-0.0992756,0.489098,0.205572,-0.192694,0.825465
14.593326330184937,0.06620555877050653,0.05971325302879656,-0.3179619974978361,-0.011482025476721414,-0.05682741801570611,-0.012694111235645558,0.0175574,0.335288,0.373563,0.135861,0.652378,0.627729,-0.40237,-0.18689,0.601259,0.0286011,0.438637,0.521396,0.705108,-0.196381,11.720665964201501,0.2600154571996133,1.1279945257177992,-0.2245292193185513,0.819203969408921,-0.4995118358270325,11.042374137918147,10.31721050085326,-0.213716,0.581921,-0.0953731,0.489413,0.209296,-0.198914,0.822863
14.62649416923523,0.09543457753218758,0.059400603968199496,-0.35500284641200563,-0.01785227034674427,-0.06987597774259942,-0.018224952739578942,0.0176378,0.33531,0.373621,0.134917,0.65259,0.627133,-0.403272,-0.186469,0.602261,0.0310295,0.437131,0.522736,0.705513,-0.194717,11.425141565959661,0.2849372412071861,0.9542704017681327,-1.0440967504869239,0.0936725918603658,-0.12079653703883153,11.32679711924552,10.050299740049995,-0.213312,0.58402,-0.0930699,0.48864,0.211769,-0.202205,0.821887
14.65940260887146,0.08399173242941006,0.11676660265181844,-0.3504693744395061,-0.002098515749924338,-0.06473934926576108,-0.020830596378660447,0.0177336,0.335283,0.373736,0.135472,0.652339,0.627668,-0.402659,-0.185902,0.603516,0.0341443,0.433735,0.526394,0.705688,-0.191801,10.783377549715148,0.41093297301525755,1.1616780855473472,-1.3652131386691053,0.7380531349975463,-0.39050567857675844,11.238653869064606,10.250599620441188,-0.213112,0.586632,-0.089999,0.489492,0.214383,-0.206191,0.819709
14.69151258468628,0.10217663999591337,0.1695736701166529,-0.3550448527162647,0.015565210988176143,-0.07232225025674256,-0.03121050846690374,0.0177718,0.335272,0.373771,0.135094,0.652281,0.627718,-0.4028,-0.185648,0.6046,0.0371953,0.429532,0.52884,0.70717,-0.189054,10.159278337780453,0.3264097627526763,1.2149778509020113,-1.3066509973834801,0.4611762744511072,-0.7326641228777504,11.492130421004775,10.63892411499681,-0.213257,0.588925,-0.0871491,0.490963,0.217424,-0.210102,0.817031
14.725299596786499,0.08522234626104531,0.17575031708943917,-0.3704617880021151,0.014335695692847627,-0.06956032068259527,-0.030390829752125675,0.0178265,0.335287,0.373801,0.134239,0.652697,0.627945,-0.40206,-0.185635,0.60559,0.0400107,0.427504,0.530881,0.707807,-0.185514,9.78443572254262,0.3336790163552874,1.092228075723627,-1.4033250535417796,0.6666232403223296,-0.2698469101046683,10.877421027614153,10.213229713606118,-0.213351,0.59117,-0.0843326,0.490056,0.219726,-0.214581,0.815795
14.758886337280273,0.028209768051327005,0.16445216700738036,-0.4279825319855438,-0.0024251487209945516,-0.05688676965050572,-0.019738546129824088,0.0179346,0.335293,0.373907,0.13406,0.651263,0.630248,-0.400838,-0.185414,0.60662,0.0431606,0.422717,0.533033,0.709482,-0.183906,9.33596913113217,0.36252554303444606,1.5207326914636656,-1.2483809080535568,0.4783326213701109,-0.4049174781012681,10.927746826230692,10.286901935598282,-0.213309,0.593503,-0.0814088,0.489335,0.222631,-0.218634,0.814363
14.792598247528076,0.004254347012745201,0.07962277281581949,-0.4872050628435377,-0.04212268920190023,-0.056496972985869476,-0.0078468085104403,0.0180286,0.335248,0.374045,0.133274,0.651485,0.630249,-0.400739,-0.18506,0.607844,0.0466944,0.421361,0.535591,0.709034,-0.181297,9.005957939873376,0.5394188044584521,1.4249264733695295,-2.510265248704499,0.74670509211641,0.47416420013051663,9.861972539687843,9.745998650283822,-0.213453,0.596198,-0.0779215,0.490476,0.226364,-0.222973,0.811465
14.825223922729492,0.05661817431038414,0.1712016100620169,-0.4535969178358381,-0.0075913762026431925,-0.0690970163964592,-0.02634085393022999,0.0180766,0.335236,0.374127,0.132736,0.650941,0.631352,-0.400065,-0.185011,0.608508,0.0486918,0.418055,0.538179,0.709318,-0.18017,8.665665283074773,0.6580442371375497,1.6966624815358902,-1.8819943727077177,1.2643047405053194,0.32669267004934355,9.712043270388051,9.636449204284565,-0.213459,0.597705,-0.0759451,0.489335,0.228093,-0.224981,0.811115
14.859434127807617,0.016483782123865275,0.1354386665241992,-0.4923860445918807,-0.026198467806371136,-0.05964184020553409,-0.015640784825318957,0.0180933,0.335169,0.374224,0.131904,0.650296,0.631313,-0.401447,-0.184995,0.609298,0.0512649,0.415815,0.539695,0.710148,-0.177527,8.19824237915399,0.7559344160109238,1.4953387894418597,-2.3949919869074776,0.13428440588074064,-0.07409298980163115,10.325208495783748,10.046191232958176,-0.21355,0.599622,-0.073302,0.489235,0.230072,-0.227664,0.809867
14.90273666381836,0.052159920450139334,0.09302895092010119,-0.565725915406536,-0.05558677952321575,-0.07916604312149697,-0.017725672771502075,0.018232,0.335106,0.374338,0.131397,0.650136,0.631215,-0.402026,-0.184966,0.610491,0.0549411,0.411186,0.543487,0.710712,-0.17446,7.43990910712372,0.8445115771849254,1.559175078302907,-2.4276288655604343,0.6056958423164458,-0.6713419009772963,10.629533828647235,10.653673140159881,-0.21373,0.602261,-0.0697545,0.488037,0.233103,-0.232466,0.808358
14.937896728515625,0.05344184524603256,0.15375774227467592,-0.5612349849984883,-0.03682983248958445,-0.07963790156324753,-0.024869223424878073,0.0182427,0.335101,0.374361,0.131294,0.649787,0.631828,-0.401661,-0.185054,0.610952,0.0564834,0.409661,0.545155,0.710699,-0.17289,7.180398583196549,0.9661060115642934,1.6295182538812938,-2.4476741458339095,0.9869493518806864,-0.7074418101862179,10.439358998951217,10.584163396953395,-0.213908,0.603313,-0.0683365,0.487676,0.235101,-0.23476,0.807333
14.969045877456665,0.05747237417855808,0.07682477985077776,-0.6342397168995721,-0.07453595051589426,-0.0869211389790313,-0.0166613491617542,0.0183301,0.335089,0.374434,0.131354,0.649386,0.632399,-0.401392,-0.184913,0.611553,0.0583052,0.409899,0.546354,0.710125,-0.170892,7.0303690994531856,1.1836280473475536,1.5468111332044874,-3.532619109159155,1.0806010733348232,-0.2884266758632741,10.123628538770122,9.974290705894695,-0.213877,0.60467,-0.0664039,0.487506,0.236037,-0.236725,0.806589
15.001237392425537,0.0025292539297247845,0.1405836072879685,-0.5917965545096231,-0.04865652134448384,-0.06688738240529658,-0.013051570407931569,0.0183868,0.33505,0.374487,0.131742,0.649082,0.632483,-0.401624,-0.184886,0.611939,0.0595099,0.407548,0.547001,0.711024,-0.170706,6.7481229859342795,1.089633149588059,1.7055068447677826,-3.7673406993973515,1.11341750200571,-0.8021391428774081,10.62084319244554,10.443005334595306,-0.213804,0.605536,-0.0652116,0.487054,0.237339,-0.237994,0.806106
15.032962083816528,0.10610683753541969,0.1823217704009087,-0.577822311147597,-0.03187222701527872,-0.09628157224681198,-0.0361522101717806,0.0184008,0.335072,0.374512,0.130297,0.650168,0.632043,-0.401031,-0.184975,0.612442,0.0612811,0.405099,0.548789,0.71171,-0.167911,6.436122633851621,0.9657786712100247,1.565640151841535,-2.713322740437457,1.459556293148931,-0.5938988584726062,10.062877674460964,10.350980543750039,-0.214089,0.606615,-0.063546,0.48754,0.238567,-0.239754,0.804928
15.064083099365234,0.021279044597417123,0.18706943693007405,-0.5601191658393629,-0.028316014878430294,-0.06907160003570811,-0.02117431158120774,0.0184126,0.335065,0.374538,0.130126,0.650119,0.632135,-0.401021,-0.18499,0.612766,0.0624852,0.405273,0.549717,0.711212,-0.16656,6.331292582816578,1.1032633412010482,1.4680401744117244,-3.3118540453167586,1.6295587228197421,-0.23203467503106978,9.743939595560725,9.866443540773341,-0.214183,0.607383,-0.0623669,0.487442,0.23938,-0.241781,0.804139
15.09838056564331,-0.0343187673220238,0.19041877850891045,-0.5908739526473995,-0.03363525558501148,-0.05529724142679991,-0.011261471406416094,0.0184534,0.335047,0.37458,0.129708,0.650033,0.632264,-0.401092,-0.184853,0.613141,0.0637053,0.402289,0.551435,0.711909,-0.165133,5.94862392769375,1.078356747020768,1.549760008870976,-2.4523550944016446,1.5646048121910825,-0.8696392040769041,10.153380649598262,10.510780359709035,-0.214046,0.60826,-0.0611727,0.486335,0.241037,-0.243163,0.803898
15.13124966621399,0.012640842915853935,0.19165143881760818,-0.5825322266079134,-0.031104294937115917,-0.06843666034563645,-0.020625530539661697,0.0184962,0.335037,0.374597,0.129188,0.65011,0.632292,-0.401091,-0.184921,0.613474,0.0649286,0.401467,0.551691,0.712255,-0.164785,5.893183869938255,1.0413581300940242,1.5371891790355203,-2.893250765947732,1.577731508467906,-0.48587661122199677,9.866285516325755,10.104355434506665,-0.214269,0.609086,-0.059984,0.486249,0.242509,-0.244285,0.803166
15.16542363166809,0.06274046363332016,0.2204175925191219,-0.585484883028512,-0.02471910848948697,-0.08435002396188993,-0.033307047327596186,0.0185466,0.335026,0.374613,0.128649,0.649902,0.632256,-0.401659,-0.185304,0.613738,0.0663019,0.401721,0.551286,0.713251,-0.161176,5.673224359503544,1.0233783402879382,1.0941783097103777,-3.4050988076763566,0.47124047847165684,-0.5917792772338437,10.418208546931464,9.995649051816807,-0.214508,0.609994,-0.0585715,0.484632,0.243464,-0.246202,0.803269
15.195456743240356,0.08305474374570276,0.18433976886595596,-0.6379863366706388,-0.047873540762722384,-0.09569065114845954,-0.032764529881615004,0.0186364,0.335014,0.374697,0.128831,0.649566,0.632894,-0.401138,-0.185505,0.614256,0.0678252,0.399827,0.552554,0.714019,-0.158114,5.279502015982226,1.0412793472477366,1.0607421396325059,-3.1799159171405442,0.5420559212655451,-1.2688409179708913,10.917354496858186,10.613981587637271,-0.215056,0.610809,-0.0570985,0.48599,0.244458,-0.246694,0.801995
15.22942042350769,-0.014329615398707307,0.25051777717057083,-0.6160815674336051,-0.02397562806751924,-0.06421241220437973,-0.021106841457646797,0.0187194,0.335024,0.374787,0.127583,0.649222,0.634268,-0.399923,-0.185716,0.614566,0.0688482,0.39858,0.554186,0.713842,-0.156338,5.210934161767189,1.2247142578919574,1.1072432228918743,-2.138665630030122,0.9072150863793684,-1.0203456634907297,10.328789086698242,10.470655833931694,-0.215297,0.611486,-0.0559943,0.485273,0.244675,-0.247957,0.801974
15.260467052459717,0.07953193399451214,0.2662365294485696,-0.6115729503823019,-0.01942252847122442,-0.09285151350943682,-0.041522339068984865,0.0187239,0.335005,0.37478,0.126267,0.649524,0.633877,-0.400468,-0.185919,0.614818,0.0698098,0.398085,0.554123,0.714252,-0.155947,5.214685639350764,1.161821916308571,0.9381786142649577,-2.313447068945182,0.5064090112072082,-0.5790678163004479,10.120917581494714,9.973259497808577,-0.215489,0.612095,-0.0550967,0.483764,0.246356,-0.249591,0.801864
15.291879415512085,0.06959595898657382,0.22079522359239928,-0.6423860487318599,-0.039721881033736264,-0.09264496731815534,-0.03553628572155652,0.0188433,0.334973,0.374888,0.126284,0.648295,0.635098,-0.40052,-0.186295,0.615311,0.0717319,0.396029,0.554701,0.715404,-0.153834,4.889857835063919,1.2241210887358194,0.9524874432279287,-2.6774320507546374,0.017157424798749155,-1.1584968713017574,10.77801431454628,10.352337539108072,-0.216092,0.613273,-0.0531394,0.483958,0.248598,-0.250908,0.800643
15.323781251907349,0.02291731896066782,0.22384337030389279,-0.6738241064572782,-0.04615758129133468,-0.08245739156967222,-0.026847913577354148,0.0188844,0.334894,0.374934,0.127629,0.647301,0.634949,-0.401935,-0.186441,0.615561,0.0727124,0.394406,0.556316,0.715133,-0.153433,4.433219095085251,1.3972587649308936,1.07137185318234,-3.3224552019251874,0.3115715594831423,-2.40925321390894,11.900096825153192,11.407517501486593,-0.216346,0.613891,-0.0521081,0.483869,0.24877,-0.252139,0.800257
15.355135202407837,0.03272537873256617,0.2139724406402194,-0.6518472586492314,-0.04533533313991119,-0.08297941640118223,-0.027356329192981088,0.0189846,0.334913,0.374984,0.126417,0.647792,0.634689,-0.401939,-0.186616,0.615887,0.0738969,0.394542,0.555757,0.715565,-0.153095,4.546290980118069,1.2933785006807368,0.9031618086650344,-3.966243986178368,0.15245910246111105,-1.520157442371513,11.079379135504409,10.559909633319645,-0.216646,0.614631,-0.0508021,0.483845,0.249913,-0.252539,0.799788
15.386749267578125,0.05947184631137298,0.19628468004382726,-0.7002143479954254,-0.06147200342047263,-0.09628562961134848,-0.030918107939860422,0.0190274,0.334917,0.374995,0.12595,0.647896,0.63418,-0.402719,-0.186796,0.616055,0.0746512,0.3935,0.556438,0.715301,-0.154529,4.5111749767140035,1.3014087531150984,1.0052382184569524,-4.281305210422728,0.7116113859585615,-1.2834826037054512,10.804655482265936,10.38741722714445,-0.216929,0.615182,-0.0500175,0.483476,0.251805,-0.253515,0.79911
15.42000150680542,0.10017137858363799,0.20302046839680332,-0.6848519937267367,-0.056230802817538936,-0.10794900609855253,-0.04009086945282,0.0190599,0.334912,0.374995,0.125609,0.647919,0.634053,-0.402989,-0.187145,0.61628,0.0758387,0.392243,0.555949,0.716631,-0.153317,4.351023982836269,1.1213112727579189,0.8922648678262419,-4.589564512873132,0.3010893881256802,-1.3604326431328104,10.921893768777512,10.501828835916713,-0.217398,0.615786,-0.0488576,0.483341,0.252633,-0.255079,0.798431
15.453425884246826,0.0539464002529689,0.2202365170595242,-0.661077190754027,-0.047555008973479154,-0.09299694604915934,-0.03357657577696566,0.0191195,0.334893,0.375051,0.124887,0.647912,0.634239,-0.402933,-0.187518,0.616624,0.0771416,0.392019,0.556312,0.716776,-0.151889,4.2869077203981805,1.158148150560178,0.7498132626338894,-4.993659721332493,0.373323048465096,-1.038272150171295,10.633710757804343,10.210157064465518,-0.21771,0.616659,-0.0475552,0.482154,0.253885,-0.256654,0.798247
15.485041618347168,-0.006956992840169093,0.2107443353538271,-0.659683901527319,-0.05081383242021532,-0.07455047032916791,-0.019486905994460353,0.0191632,0.334888,0.375088,0.124563,0.647859,0.634303,-0.403017,-0.187519,0.616815,0.0778965,0.391439,0.556841,0.716827,-0.151207,4.1924979959868445,1.187964114659332,0.7160124227656652,-5.063299287065528,0.33817092687635864,-0.996670613408952,10.58764651948467,10.15391148935706,-0.217798,0.617127,-0.0467817,0.482281,0.254325,-0.257009,0.797916
15.51740837097168,-0.053318073123434485,0.2356498687176558,-0.6733150325299114,-0.04641983033340746,-0.06257930119833566,-0.012716087608598036,0.019193,0.334869,0.375127,0.123494,0.647725,0.634832,-0.402728,-0.187531,0.617081,0.0788059,0.388784,0.557727,0.717577,-0.151235,4.071145865972357,1.1300723244815989,0.875267760117179,-4.1886581665455775,0.2968989618009523,-1.0892263920021605,10.549187853577704,10.16972985598858,-0.217981,0.617623,-0.0458891,0.482825,0.255233,-0.257642,0.797092
15.551197528839111,-0.037918539347279026,0.19265339064748438,-0.7056272561364367,-0.06532024133736059,-0.07049777409632768,-0.01201066786576447,0.019232,0.334881,0.375194,0.123542,0.646539,0.63617,-0.402507,-0.187851,0.617457,0.0798709,0.389861,0.558334,0.716943,-0.149214,4.023501435940356,1.462743819153593,0.7476161947891846,-5.053116615719508,0.08121012674409656,-1.0381482190104663,10.616804310246835,10.024384849056105,-0.2184,0.618251,-0.0446353,0.483134,0.255497,-0.258546,0.796528
15.584488868713379,-0.0718203501833097,0.24928497357537435,-0.6589886736138654,-0.042167096524806526,-0.05671708635447396,-0.010482935583671455,0.0192845,0.334874,0.375248,0.123097,0.646654,0.636317,-0.402227,-0.188009,0.617609,0.0805098,0.38979,0.558181,0.717147,-0.148988,4.071603952580024,1.4311934610205332,0.7188290367073602,-5.322490917289436,0.19777690310675755,-0.6414057559187043,10.277577803300545,9.708856897768547,-0.218637,0.6186,-0.0440046,0.482767,0.256506,-0.259506,0.796114
15.618425846099854,-0.061134803348051214,0.2075189744119805,-0.7082187418116206,-0.06357563971130666,-0.06521571740922495,-0.008959727630332103,0.0193341,0.334862,0.375275,0.122869,0.646174,0.636805,-0.402296,-0.188269,0.617754,0.0813797,0.386764,0.55771,0.719042,-0.149503,3.910302856270068,1.1944480636665065,0.9220233932694253,-4.993247579910745,-0.1528511099737262,-1.1121907973520848,10.710210859657575,10.189683031945098,-0.219007,0.61906,-0.0431902,0.482548,0.258147,-0.259328,0.795774
15.652896642684937,-0.07602754919075932,0.11694550035249604,-0.7607254608545392,-0.10547225742066384,-0.06886930281123187,0.0038250145213337104,0.0193395,0.334877,0.375265,0.122159,0.64542,0.637613,-0.402443,-0.188813,0.617964,0.0821316,0.386909,0.558359,0.718494,-0.14934,3.950569995513955,1.425022884654795,0.9073415950584138,-5.297300381250722,0.0835086638042366,-0.8175806554363021,10.447549319055707,9.852246604126183,-0.219711,0.619438,-0.0424528,0.482026,0.258474,-0.260638,0.795556
15.687228679656982,0.06487779629855772,0.1290677809354772,-0.822830523887565,-0.11479142766241317,-0.11508163716698709,-0.025623407546033615,0.0193616,0.334875,0.375285,0.122078,0.646122,0.636924,-0.402433,-0.189122,0.617892,0.0822766,0.385666,0.558595,0.718995,-0.149265,3.8302399147299946,1.2450973918657107,0.9372335932870381,-4.742380080373332,0.7404098530451471,-0.9903294150737523,10.436519428139054,10.090439230583955,-0.22022,0.619399,-0.0422906,0.482231,0.258608,-0.259949,0.795614
15.719698429107666,0.007478068827422643,0.12108379198621973,-0.7908892155005656,-0.11253363297135696,-0.09716461625866799,-0.013583969116635992,0.0193203,0.334951,0.375228,0.120816,0.645315,0.638272,-0.401971,-0.189499,0.6178,0.0819686,0.386831,0.557624,0.71908,-0.149469,4.152927369958013,1.379519529978495,0.8625687413907936,-4.550329555978561,0.04004252138787212,-0.28957207020058107,9.842959581216288,9.2672903373677,-0.220415,0.619191,-0.042547,0.481683,0.258914,-0.259965,0.795841
15.753856897354126,0.025924553515395625,-0.00672787094886347,-0.8845307674148609,-0.17096554536632683,-0.11125980729438739,-0.000939152000041701,0.0192823,0.334924,0.375136,0.122411,0.645208,0.637682,-0.402596,-0.189881,0.617276,0.0802324,0.389004,0.555924,0.718954,-0.150759,4.2922423040270115,1.3210312756988378,0.8305423587054737,-5.207805516230611,0.23190019613711943,-0.7429344100938167,10.398664675945609,9.856288331544443,-0.220708,0.618041,-0.0442971,0.481292,0.257269,-0.258281,0.797158
15.784843683242798,-0.07086160011954111,-0.12424784944771436,-0.9024487671431085,-0.20867756890842737,-0.08536561860236001,0.03048120960590984,0.0191709,0.334961,0.37504,0.12194,0.645048,0.637391,-0.403457,-0.190038,0.616885,0.078537,0.389683,0.554773,0.718752,-0.154172,4.614218802810494,1.2957057185663936,0.9476662214467044,-4.851735211704298,0.019348877628002192,-0.6538132198331752,10.346309970297504,9.74249205511128,-0.220883,0.616847,-0.0460791,0.481738,0.255612,-0.255624,0.798278
15.816271305084229,-0.029429492396359096,-0.016849827764068827,-0.7757785588862416,-0.1483937719992282,-0.08195934050221874,0.01157012918640562,0.0190765,0.334998,0.374872,0.122756,0.645234,0.636372,-0.404519,-0.190532,0.61604,0.0753433,0.392293,0.551877,0.718996,-0.156789,4.965202318781961,1.1097139642342895,0.8495659115723786,-4.683102679710517,-0.32867299845428555,-1.1638103939930957,10.958976959449574,10.35606526381302,-0.22108,0.6147,-0.0492748,0.481471,0.253046,-0.251507,0.800561
15.847455501556396,0.007457210240944279,0.0684343848131382,-0.6888306286670763,-0.10459346723410376,-0.08126424572323038,-0.004427142307591712,0.0190549,0.335075,0.374748,0.123297,0.645155,0.63695,-0.403569,-0.190802,0.615338,0.0725085,0.394428,0.550874,0.718326,-0.158029,5.302278731645858,1.1755126495791908,0.9405758603253656,-3.5132368183020652,0.17094306385721403,-1.3703856045933733,11.115766714102394,10.59406381454942,-0.221353,0.612752,-0.0521495,0.482233,0.249997,-0.248313,0.802056
15.881418943405151,-0.01617424079574354,-0.08568891516667342,-0.717462435119944,-0.1567752367050928,-0.07802121162026329,0.01551384162794096,0.0189279,0.335114,0.374507,0.125126,0.645405,0.636485,-0.40334,-0.191377,0.613879,0.0667701,0.399714,0.546207,0.717493,-0.164591,6.245070161018019,0.9982620399328683,1.1738942607683605,-3.572063591961946,0.9528914526513246,-1.333617972458768,11.024705704487607,10.88613631089581,-0.221984,0.608913,-0.0578081,0.483796,0.246944,-0.240039,0.804575
15.920631408691406,0.04075181806559754,-0.16006552044727118,-0.7320395528209473,-0.17758544260114767,-0.09594011108084355,0.011848175048958166,0.0188433,0.335171,0.374352,0.125305,0.645696,0.636197,-0.403272,-0.19231,0.612234,0.0613057,0.405664,0.540968,0.716475,-0.171623,7.441650632597533,0.8612977591827273,1.264001297559707,-3.4760982056362533,1.493987201695763,-0.4334725701645574,10.169840782751141,10.349362085768067,-0.222614,0.605114,-0.0629624,0.483827,0.241916,-0.232288,0.80835
15.95508337020874,0.06338915548465447,-0.02423092693621361,-0.5490404452814421,-0.09834302707532677,-0.08433001808673317,-0.00761602937556047,0.0186366,0.335278,0.374122,0.123695,0.64429,0.638732,-0.40201,-0.193687,0.6099,0.0535848,0.413349,0.533791,0.715931,-0.177912,9.113462708761606,0.942450443418263,1.2342545753143614,-1.3677015667134018,0.12760639284364128,0.23725901553207862,10.247541902280313,9.41804533260086,-0.223715,0.599315,-0.0705597,0.48408,0.235578,-0.220887,0.813252
15.98761773109436,0.026547532938895092,0.022233455705956515,-0.43038123625390495,-0.06023597984203966,-0.059356861095821126,-0.006255310930656992,0.0184987,0.335297,0.373965,0.123704,0.646087,0.63611,-0.403277,-0.194452,0.60822,0.048656,0.417843,0.529305,0.715498,-0.1825,9.861520029753816,0.562720369197663,0.9535949918931976,-0.6990016912860888,0.3259363614625448,0.2523176829761695,10.549034023655823,9.446584316445907,-0.224271,0.595555,-0.0754591,0.484374,0.231802,-0.214485,0.815871
16.022862195968628,0.12315957243318736,-0.04471336566314773,-0.39978702190446114,-0.07626273610506544,-0.08779950098581628,-0.012823820541601616,0.018286,0.335367,0.373757,0.125451,0.646707,0.63505,-0.403415,-0.19585,0.605366,0.0400155,0.427628,0.52015,0.714396,-0.190305,11.434189020678875,0.23051920111530388,0.7691197051171397,-1.042592410955816,0.4358897156288455,0.331103375021808,10.775134687939703,9.616654199120669,-0.225214,0.58879,-0.0837348,0.486048,0.224587,-0.202734,0.819888
16.054620265960693,0.15060641884756898,-0.07120736706017358,-0.3138666970610745,-0.07095662302121213,-0.08770362707039069,-0.013067801530449518,0.0181243,0.335398,0.373694,0.127422,0.646151,0.634844,-0.404011,-0.197136,0.602743,0.0329609,0.434457,0.514141,0.713079,-0.19602,12.442373261177975,0.18224308103748288,0.7490870800986364,-0.6364652808573901,0.6828932029228785,-0.6449281027079508,11.342210689405727,10.578306199705697,-0.225727,0.582969,-0.0905851,0.484998,0.218263,-0.19348,0.824441
16.08798122406006,0.08570269460133587,-0.013172653000183903,-0.23892487402270804,-0.039933647308390594,-0.05875436021951338,-0.008348177589167335,0.0179307,0.33548,0.373672,0.128471,0.645709,0.635006,-0.404132,-0.198069,0.600338,0.0274417,0.441001,0.50836,0.71255,-0.198395,13.303843556839812,0.1347272583320871,0.43329881172140894,-0.09560708285357933,-0.18713242116411433,-1.0463657403726572,12.047299084362033,11.126186395734313,-0.225971,0.578258,-0.095872,0.483786,0.212991,-0.186655,0.828097
16.12046527862549,0.06121754405213595,-0.014564416609991734,-0.16610162576529885,-0.029113342624699712,-0.040810416282853416,-0.003251751214915885,0.0176743,0.335645,0.373599,0.129421,0.647607,0.634076,-0.402247,-0.199089,0.596991,0.0199181,0.45162,0.501147,0.709201,-0.204757,14.99205799855362,0.004798895466255004,0.2261294224622361,0.2589296342974112,1.7049635849899705,0.6051760374466681,9.771834638848322,9.46683468858652,-0.226286,0.571685,-0.102954,0.482385,0.205423,-0.176781,0.832979
16.153852224349976,0.0987726005145618,-0.04015740384222809,-0.06540272802393635,-0.022741341245138172,-0.041538660581863125,-0.004120750984616501,0.0173528,0.335688,0.37348,0.131384,0.645968,0.634826,-0.403063,-0.200645,0.592539,0.0105047,0.460828,0.491429,0.707754,-0.21265,16.533164197757994,-0.04611397930545391,0.16983288830364351,0.834672933843791,0.6975973857840687,-0.403983935533752,11.31163704223172,10.161951465088418,-0.226795,0.56317,-0.111659,0.481346,0.197047,-0.163809,0.83824
16.20444631576538,0.08798088969608601,0.011426742395058026,0.07376920202594459,0.008961293804556347,-0.024646657740995014,-0.005405357684673389,0.0170772,0.335798,0.373348,0.134354,0.645637,0.634551,-0.403047,-0.203067,0.586901,-2.65889e-05,0.476707,0.476498,0.706315,-0.216378,18.518618119923595,-0.26425243764450523,-0.8370846089042967,-0.5344115667399603,-0.47809244367520876,-0.3809950068088135,12.230306890198076,10.633196973339272,-0.227891,0.552804,-0.121555,0.47791,0.188965,-0.149789,0.844664
16.24004101753235,0.17622093995195456,-0.012910743796411066,0.10243017217872394,0.0022700173933097676,-0.05086401066282928,-0.01140919329769988,0.0170246,0.335848,0.373284,0.135295,0.644617,0.635969,-0.40213,-0.204626,0.584016,-0.00503263,0.482001,0.470259,0.705134,-0.222074,19.664886110926844,-0.34110698429730113,-0.6533315129112953,-0.37475375141326595,0.36314900431820973,-0.21189409363205058,11.85954239986145,10.29047763702986,-0.22879,0.547582,-0.126075,0.476461,0.184927,-0.142243,0.847676
16.2703275680542,0.1448788615654382,-0.012137422209902923,0.15968391526954473,0.004684132858157864,-0.0371974928745165,-0.007780637292213847,0.0169272,0.335899,0.373201,0.135726,0.644631,0.636062,-0.401814,-0.206835,0.580178,-0.0112934,0.488396,0.463258,0.704421,-0.225061,20.72343271256696,-0.4941208262461121,-1.0000867491865062,1.1678960037769262,1.0308175088877043,-0.8892632785366175,12.522150501919564,10.434080746522634,-0.230006,0.540652,-0.13154,0.47286,0.177698,-0.131907,0.852894
16.30819845199585,0.19450014426495202,-0.00589852462590548,0.25132168430039475,0.011615188228428249,-0.04536957086673116,-0.012735091860596596,0.0167988,0.335934,0.373071,0.135689,0.646263,0.634208,-0.402136,-0.209537,0.575126,-0.0189381,0.497417,0.451221,0.70321,-0.233393,22.598499686190813,-1.0568057619405093,-1.512719812297922,1.1034576045888311,1.9546827631554091,-0.11414184631518509,11.632136352219245,9.784823284567997,-0.231622,0.531941,-0.13804,0.470021,0.169609,-0.119384,0.85794
16.34345006942749,0.2796488101208071,0.06292633658069696,0.28810613104651134,0.03551154356294697,-0.07186164746073426,-0.026060967399564455,0.0167271,0.335956,0.372945,0.135603,0.646173,0.63356,-0.403329,-0.212008,0.570092,-0.0261936,0.506774,0.440938,0.701432,-0.238216,24.134966548421044,-1.1092771851794743,-2.1749904995985627,1.362625856950892,1.7382769492402055,-0.26634213920524274,11.854745045793257,9.773286489006251,-0.23311,0.523306,-0.14451,0.467025,0.165546,-0.108925,0.861752
16.376001119613647,0.30377746545206963,0.017563726837912293,0.3350251266831189,0.019413377526712364,-0.07659731463558106,-0.020201393232112175,0.016702,0.336017,0.3729,0.134671,0.646738,0.633706,-0.402504,-0.213386,0.567027,-0.0303646,0.512446,0.433006,0.701674,-0.239914,25.26975512602391,-1.390330308059936,-2.752836209362451,2.019450785161453,0.9894733033068785,0.1568021431780373,12.01169814877223,9.344848030651349,-0.234033,0.518101,-0.147754,0.466279,0.159696,-0.101402,0.864175
16.40781855583191,0.36259435875758994,0.032004013526827656,0.35270281875958526,0.021505936246211665,-0.09579784893498619,-0.022414904295843793,0.0166494,0.336018,0.372876,0.133894,0.648432,0.632109,-0.40255,-0.215149,0.563118,-0.0356461,0.515991,0.427579,0.699884,-0.247168,26.409691802923206,-1.710698426417444,-2.7802425136372566,4.092732739400816,3.002422001855752,-0.11228614861443376,11.263719713176059,9.628083473863503,-0.234758,0.511341,-0.152429,0.463293,0.15556,-0.0925884,0.867519
16.44145941734314,0.36554449305908265,0.002402160381310762,0.4280685243550274,0.010924892392717161,-0.09117119720412648,-0.014810263781635462,0.0165375,0.336033,0.372831,0.134836,0.647938,0.631847,-0.403441,-0.216903,0.557943,-0.0423645,0.526008,0.416672,0.697785,-0.250591,27.8848333258931,-1.6783313839342726,-3.508158730769569,3.285759578115723,2.194069102440949,-0.23318365037932764,11.922613782199653,9.741625916543656,-0.235235,0.503337,-0.157636,0.458396,0.146479,-0.079247,0.873004
16.475221633911133,0.34348962250364845,0.06814126033645136,0.4626238339645516,0.03237106903516973,-0.07999560167254681,-0.018558497389842197,0.0164616,0.336061,0.372829,0.135461,0.647691,0.631779,-0.403735,-0.2177,0.55481,-0.0462423,0.529794,0.411428,0.696731,-0.254187,28.650600032899995,-1.7721112497512934,-3.6165590287630565,3.708664163043691,2.1595716755655223,-0.6379968494410164,12.45054950413706,10.252967882853255,-0.235417,0.498125,-0.160954,0.4577,0.143234,-0.0748316,0.874297
16.508798837661743,0.35131958435299987,-0.041067115488640026,0.49602559942035074,-0.010445633249266546,-0.08008864813274506,-0.003320371703443027,0.0163043,0.336028,0.372809,0.137052,0.647465,0.632136,-0.403001,-0.21844,0.550747,-0.0515431,0.536624,0.402548,0.69528,-0.258023,29.86880707064016,-1.9744154067530284,-3.904891822565407,2.9627387922734574,1.847678915684476,-0.6950280935701763,12.860431871123833,10.45931485783162,-0.235187,0.491598,-0.164929,0.455141,0.136595,-0.0648924,0.877484
16.540751934051514,0.277143966891043,-0.0014293835220287353,0.5887958846540993,0.0033233071379684207,-0.04255564515518651,-0.00253352850037728,0.0162592,0.336043,0.372793,0.137437,0.64756,0.632068,-0.402824,-0.218818,0.547618,-0.0555278,0.541199,0.398502,0.693294,-0.260083,30.585797856414864,-1.8845618457832194,-4.104564218709909,3.9091466205219962,2.131923249860596,-1.1798983645217405,13.17043990465685,11.024317641874214,-0.235052,0.486357,-0.168227,0.454685,0.133901,-0.0592857,0.878531
16.57405424118042,0.25861070732889746,-0.011029797991981019,0.6316981496153946,-0.004340903344059964,-0.030261548365503,0.00252385869906434,0.0162332,0.33605,0.372762,0.137577,0.647791,0.631958,-0.402577,-0.219648,0.542214,-0.0620203,0.547396,0.388246,0.691182,-0.268122,32.23924038609414,-2.2054380220418714,-4.237555960054978,4.370551956997151,1.8774306258855615,-1.3177911543891199,13.56797257661666,11.605043607209844,-0.234661,0.477736,-0.173232,0.45165,0.126946,-0.0477784,0.881824
16.608662128448486,0.29717338210058736,-0.002635320728709293,0.6812357270196897,-0.01683054040899754,-0.04779456001138166,0.007768765864728207,0.0161956,0.336049,0.37274,0.137617,0.648181,0.631952,-0.401945,-0.220525,0.537617,-0.0671018,0.553691,0.380449,0.688481,-0.273274,33.602392548750906,-2.2834789785204945,-4.461080694494532,4.86528425731507,2.4222444624867823,-1.1642632525973085,13.23793082142993,11.845953926882716,-0.235338,0.471198,-0.175612,0.448303,0.108495,-0.0402103,0.886361
16.641883850097656,0.26489582563525965,0.03504638906454291,0.8071849359178854,-0.01339162828754761,-0.0255216126655819,0.008540513947317113,0.016145,0.336071,0.372657,0.138247,0.648204,0.63177,-0.401978,-0.222424,0.531447,-0.0731966,0.561251,0.369115,0.686045,-0.279453,35.24115587906256,-2.490856112612664,-4.862931082090102,4.705961422586103,2.888031408792454,-1.1827803856883534,13.237687245637318,12.219174129317892,-0.236203,0.461722,-0.179543,0.446153,0.100964,-0.0276892,0.888812
16.677814722061157,0.3641716116712194,0.1162869502787504,0.8341528265289665,0.010085569118860657,-0.05929085007864329,0.005689799455407418,0.0161233,0.336058,0.372628,0.138146,0.648321,0.632007,-0.401451,-0.223879,0.527497,-0.0768268,0.565956,0.362064,0.684475,-0.283015,36.33686556561014,-2.611373583707061,-5.120732599027957,5.021159564022158,3.5451856195316367,-1.136804525703326,13.071827725790703,12.264043148638823,-0.236904,0.455883,-0.181925,0.44299,0.0962977,-0.0199087,0.891117
16.712108373641968,0.4516915624216895,0.18936422925302537,0.8805236425294158,0.03045015430818116,-0.0886072496858374,0.004595485524576812,0.0160977,0.336068,0.372553,0.138535,0.648154,0.631829,-0.401866,-0.225591,0.523437,-0.0801808,0.569773,0.355177,0.684163,-0.284831,37.10490295377733,-2.7674892273681095,-5.540549140288947,5.401177759588677,3.652302587649637,-1.7010023115549018,13.79659528670062,12.99122450164565,-0.237866,0.449848,-0.184188,0.440634,0.0922408,-0.0117101,0.892858
16.748112440109253,0.5617118541484586,0.1635250717367582,0.8957860534550586,0.006328029143730134,-0.13253204064749252,0.01721671089282455,0.0160979,0.336105,0.37249,0.139398,0.647429,0.632633,-0.401473,-0.229074,0.515261,-0.0864506,0.578804,0.340316,0.682653,-0.288366,38.91942085552779,-3.0010452189642063,-6.332816833687849,5.4101334992613195,4.405344608471387,-2.04565061554986,14.04184777826302,13.28789305085134,-0.239414,0.438443,-0.188313,0.431614,0.0842276,0.00326117,0.898112
16.782827138900757,0.5392288325134851,0.19676902031291002,0.9275634937309688,0.008509834056409099,-0.12133826053626881,0.015533199133236041,0.0160698,0.336092,0.372487,0.13888,0.64829,0.631617,-0.401861,-0.230871,0.509933,-0.0905693,0.58469,0.331265,0.680624,-0.291807,40.19643563776305,-3.0823868772873526,-6.964900339589823,5.780905682973174,4.908406047582909,-2.1320044711646418,14.124048531478133,13.303817157505385,-0.240063,0.430773,-0.190836,0.427672,0.0793119,0.0122203,0.900365
16.817648887634277,0.5479950513649223,0.2298820007015212,0.9884077600187445,0.009815650652439289,-0.11941445182391779,0.015814475064559998,0.0160688,0.33609,0.37248,0.138867,0.648325,0.631622,-0.401801,-0.231976,0.504692,-0.0946598,0.589586,0.321954,0.679321,-0.295393,41.42374178703974,-3.2696044390177885,-7.414092980814037,6.07610461420864,4.505523484498079,-2.4471566834139793,14.603650108622645,13.769092524493553,-0.240242,0.423437,-0.19341,0.424955,0.0748631,0.0211935,0.901864
16.848536729812622,0.5354591735825993,0.1996032795445862,1.011446027775227,-0.013438590383104923,-0.11506436071686833,0.02280305755554967,0.0160578,0.336089,0.372458,0.139022,0.648189,0.631727,-0.401803,-0.232392,0.499714,-0.0988476,0.595192,0.314058,0.675739,-0.300818,42.747517994523484,-3.216457991775078,-7.565269776347128,5.929353385813254,4.658250812470829,-2.3789511386465634,14.426763246432229,13.660294490792298,-0.240112,0.416159,-0.195755,0.423863,0.068538,0.031141,0.902592
16.883431434631348,0.5201265913298555,0.22830347905670792,1.0926945034789683,-0.020296431979354598,-0.1049686030973469,0.024559662653267395,0.0160154,0.33613,0.372399,0.139273,0.647832,0.632231,-0.401498,-0.232204,0.494742,-0.103207,0.600152,0.307879,0.670931,-0.308027,44.07287766105716,-3.0973953016828144,-7.337960948038006,6.381989219163152,5.272685877944267,-2.4050172819242164,14.059166478115886,13.60717451668072,-0.239567,0.408901,-0.197989,0.423423,0.0614438,0.0432185,0.902812
16.917741537094116,0.5791019351426465,0.17880573289568263,1.1357222567981484,-0.05224625756729181,-0.12284763509361717,0.03895694505581832,0.0159771,0.336131,0.372418,0.140276,0.648515,0.631629,-0.400994,-0.231761,0.489666,-0.107593,0.604695,0.300719,0.666637,-0.315449,45.38064826489083,-3.2460405296921895,-7.2674084799238114,6.35183944637994,6.0192036042822785,-2.505230686132137,13.840570584829116,13.82697779317652,-0.238677,0.401592,-0.200277,0.423082,0.0547762,0.0535781,0.902846
16.9525625705719,0.4810849478087788,0.2521558230280161,1.2045575855493371,-0.04561373665821115,-0.08003615644055996,0.030475790825682973,0.0159244,0.336143,0.372423,0.141159,0.648463,0.631489,-0.40099,-0.231082,0.482787,-0.113107,0.614962,0.287397,0.659224,-0.323494,47.57568149946231,-3.0164556386719887,-7.606392318375149,3.6565686119995853,5.518400949420183,-1.0139715369185112,12.877995193636835,12.250656485432192,-0.237413,0.391905,-0.203069,0.422833,0.046026,0.0660501,0.902625
16.986198902130127,0.42332804854973904,0.33394002452033666,1.3188651071448965,-0.033442495598939734,-0.049850558335008566,0.02162397058823383,0.0158947,0.336144,0.372448,0.140728,0.649235,0.630935,-0.400762,-0.23062,0.478543,-0.116397,0.619091,0.281541,0.655389,-0.328521,48.71916665378407,-2.9671108192190223,-7.720209464998537,4.133945389812428,5.588783333357981,-1.0160642955381292,12.80631435305149,12.289819384754706,-0.236365,0.386055,-0.204678,0.421472,0.0413248,0.0741737,0.902857
17.020781993865967,0.40039964791770616,0.3766368768758698,1.351968685440169,-0.0297652677209121,-0.038022714781968205,0.018658757276829193,0.0158509,0.336155,0.372425,0.141355,0.649108,0.630873,-0.400845,-0.230344,0.474186,-0.1195,0.622549,0.275577,0.652455,-0.332856,49.64801542668898,-2.9923587228723623,-7.767435902298394,4.211202939547842,5.400463680351674,-1.2757986935638996,13.20787807682565,12.56032997935169,-0.235512,0.380199,-0.206246,0.420879,0.0376097,0.0817797,0.90264
17.056209087371826,0.3590880450795973,0.5771456065731587,1.4087670930626588,0.016924546739116135,-0.020414402892913686,0.004567402963980111,0.0158043,0.336135,0.372492,0.142101,0.647949,0.631154,-0.402012,-0.230573,0.465842,-0.124804,0.629588,0.262131,0.647129,-0.340779,51.54375469876502,-2.9501295726577723,-7.9941704977206705,3.0067255381511133,4.196222251452886,-1.434261978839622,14.199694876383067,12.724124728100277,-0.234794,0.368779,-0.208291,0.418632,0.0279999,0.0962826,0.902603
17.090043783187866,0.5091350096995044,0.5574613809242696,1.3566291245364526,0.006446767780116899,-0.07787282355851674,0.0266046679659299,0.0158505,0.336165,0.372453,0.141419,0.649394,0.630678,-0.400668,-0.231059,0.462011,-0.126821,0.632666,0.257045,0.644928,-0.343117,52.46811724025309,-3.0423950349351934,-8.315625542167211,4.394094695354051,5.46397887569743,-1.4987558281357352,13.65072881260775,12.89591200736491,-0.234746,0.363824,-0.208956,0.416579,0.0240531,0.102535,0.902978
17.122857570648193,0.5652570800095534,0.45014115310701674,1.4295071638129548,-0.05663003189685141,-0.09262874882719231,0.046831882630169394,0.01579,0.336187,0.372373,0.142721,0.649001,0.630445,-0.401208,-0.232019,0.456211,-0.129821,0.636682,0.247144,0.641645,-0.349066,53.743996303958966,-3.232929860436826,-8.492175909854256,3.0592891452452964,5.744459427967348,-1.2577854424252592,13.39819503918755,12.845064066197105,-0.234781,0.356268,-0.209829,0.413162,0.019017,0.111791,0.90357
17.156808137893677,0.5790386952764354,0.4723240600136544,1.4556851638749984,-0.06054802412139899,-0.09688688392332781,0.05080314051830876,0.015786,0.336187,0.372348,0.14266,0.649155,0.630293,-0.401219,-0.232326,0.451911,-0.132091,0.639134,0.242563,0.638604,-0.35335,54.58861790113414,-3.2261742241431035,-8.466565387044058,3.9670697267919985,6.458915312966717,-1.6743284836541363,13.489195631577537,13.334700019255338,-0.234783,0.350596,-0.210353,0.412122,0.0144985,0.119398,0.903155
17.189008951187134,0.6382262608824156,0.6122713853724199,1.4509207832340254,-0.016151228458725485,-0.11397551142976661,0.04830094554244502,0.0157692,0.336185,0.372322,0.142417,0.649067,0.630446,-0.401208,-0.232564,0.448828,-0.133694,0.642031,0.236959,0.636258,-0.356121,55.442238667425315,-3.1953169500313345,-8.6325779649891,3.453766888335208,6.265945652007109,-1.390642051634451,13.364268355279503,13.090992740228055,-0.234735,0.346344,-0.210779,0.412344,0.0127106,0.12405,0.902454
17.225017070770264,0.5447636131598745,0.4827903033151419,1.4796891877322995,-0.07841834266092064,-0.08247595690761304,0.05046069272749439,0.0158082,0.33618,0.372357,0.142694,0.648973,0.630307,-0.40148,-0.232432,0.444223,-0.136128,0.645717,0.22981,0.632429,-0.360929,56.557373611905824,-3.1675743666834837,-8.726752092489551,2.817899605445291,6.147779288179297,-1.2046564762551455,13.332543159537284,12.965196746669056,-0.234158,0.340551,-0.211209,0.410763,0.00777694,0.132974,0.90196
17.257965087890625,0.5406989160181976,0.3249135559894011,1.5567101473784606,-0.1500324130378223,-0.07024339871101809,0.06332167306799119,0.0157876,0.336148,0.372363,0.143155,0.648362,0.630418,-0.402127,-0.231841,0.440839,-0.138199,0.648006,0.224913,0.629038,-0.365805,57.37411406284783,-3.1366242377704614,-8.572673777030932,2.019449283041766,5.518072277804976,-1.1552298107827,13.762976519396052,12.915875509339305,-0.23359,0.335874,-0.211905,0.411861,0.00435195,0.135399,0.901121
17.290120124816895,0.5405406349555179,0.4775571601985763,1.5793631566251496,-0.11047318682895117,-0.07010359195496296,0.05538969835040637,0.0157982,0.336138,0.372322,0.143624,0.648406,0.630237,-0.402173,-0.231558,0.43798,-0.139797,0.649686,0.222685,0.62619,-0.369061,57.877635967272646,-3.0861218305704607,-8.423417572933126,2.4882159518120046,6.193812754965396,-1.4413187998299364,13.563360783150847,13.134741030261909,-0.23321,0.332134,-0.212171,0.412699,0.000692865,0.141892,0.899748
17.324735164642334,0.5343737412864241,0.4759349552368915,1.5935387714581053,-0.13453884455876422,-0.07185131988166256,0.06369450746782702,0.0157686,0.336165,0.372335,0.143352,0.648539,0.630079,-0.402303,-0.231208,0.432964,-0.142341,0.653064,0.215705,0.622873,-0.372838,58.94908793230361,-3.0470200719130274,-8.626411944875997,2.8146673005151293,5.590716736500335,-1.830286982169838,14.062503046018632,13.341514214947725,-0.232364,0.325869,-0.212442,0.409748,-0.00738007,0.151901,0.899432
17.35825777053833,0.4793282039523475,0.4665113115521125,1.649349514862979,-0.15558029383846161,-0.04425220863261857,0.05688649727922801,0.0157445,0.336178,0.372281,0.14408,0.648952,0.629588,-0.402146,-0.230815,0.428584,-0.144472,0.658058,0.20798,0.617175,-0.377886,60.24422014036629,-2.917620940240142,-8.754175586168605,1.111236831615491,6.236529372955157,-0.6233591530720446,13.003780105305784,12.544643905775175,-0.232268,0.319797,-0.212413,0.416269,-0.0118367,0.162727,0.894483
17.39251136779785,0.5580003250498264,0.506988951751084,1.7128912455432261,-0.16996641821157968,-0.0669735018690569,0.07180599774231533,0.0157317,0.336215,0.372208,0.143691,0.648389,0.630702,-0.401446,-0.230858,0.422325,-0.146984,0.660809,0.198994,0.611794,-0.386575,61.905180972589115,-3.119494858802402,-8.463982207271567,1.2934545512384865,6.458487410129739,-0.4491647276199977,12.669889497795685,12.352067208705282,-0.231255,0.312451,-0.212835,0.409755,-0.0178458,0.169605,0.896112
17.42711615562439,0.5303278785394813,0.5626533621646135,1.7501965439968936,-0.15983549760683297,-0.049618453223893424,0.0612318146515295,0.0156949,0.336194,0.372201,0.144265,0.647986,0.630582,-0.40208,-0.230819,0.418215,-0.148509,0.664194,0.192856,0.607376,-0.390828,62.86591991527959,-2.989963906977416,-8.461984771349487,0.19704106010118227,6.614034411225536,0.22463376246783184,12.261120445678813,11.95441947874511,-0.230677,0.307257,-0.21285,0.408108,-0.0179394,0.175513,0.895724
17.460328340530396,0.4939803117706087,0.6028253262892083,1.7702331417122215,-0.1736077621737728,-0.04145365205302024,0.060749812971088155,0.0157142,0.3362,0.372188,0.144242,0.647936,0.630493,-0.402308,-0.230989,0.412696,-0.15047,0.667223,0.185292,0.602801,-0.396373,64.09553821828271,-2.9942708654175103,-8.483848336683383,0.09732572221074953,6.911814478633426,0.26757886843620327,12.079113880808475,11.961392612282893,-0.230495,0.300379,-0.212066,0.407299,-0.0259343,0.188535,0.893247
17.492564916610718,0.5111998678402861,0.6895677649823491,1.8088216194769793,-0.1700774285585862,-0.04588331475976113,0.062491734127060876,0.0156957,0.336199,0.372157,0.144247,0.64759,0.630835,-0.402327,-0.231661,0.405463,-0.152656,0.670481,0.174673,0.599814,-0.40021,65.4399330119401,-3.1297061151901913,-8.867195334341112,0.4598664608435685,6.498731034760599,-0.35480344054024116,12.704753071485268,12.42118107612934,-0.230032,0.291461,-0.211549,0.401486,-0.0312904,0.195914,0.894118
17.52368927001953,0.5751993015119442,0.8614021412609825,1.7961169395769212,-0.12088075967280656,-0.06822351360562423,0.06553097724649753,0.015676,0.336206,0.372126,0.144378,0.647595,0.630764,-0.402384,-0.232099,0.401108,-0.15394,0.673402,0.168665,0.59874,-0.39949,66.03737919053259,-3.033900701382155,-9.387325403342508,0.9643198089788747,6.319057931417435,-0.994397713984398,13.272781412721441,12.918409443568173,-0.229856,0.286603,-0.211399,0.396524,-0.0332768,0.201388,0.895044
17.555570363998413,0.6057382025407272,0.9599829318342521,1.819179910770137,-0.11094172709586854,-0.07543335929084219,0.0702156678766691,0.015682,0.336194,0.372108,0.144465,0.647491,0.630758,-0.402529,-0.232572,0.395402,-0.155342,0.675968,0.16107,0.594656,-0.404361,67.19237061639241,-3.0770636632930017,-9.457730984025822,1.0916220120881768,6.827436994095793,-1.0333907384605538,13.141138542470106,13.082752669134086,-0.229664,0.279566,-0.210313,0.394932,-0.0383549,0.211561,0.893196
17.58929944038391,0.5402833078321239,0.8560170341336621,1.8580935177283158,-0.16481125327364926,-0.0544581865858007,0.06838183539381903,0.0156962,0.336191,0.372124,0.144364,0.647615,0.630788,-0.402319,-0.232898,0.391493,-0.156204,0.676989,0.154757,0.592291,-0.408567,68.11732478876168,-3.288915888007047,-9.542193639474702,0.9683581033156914,6.836670808788732,-1.0503067820654053,13.249439108168247,13.23624188013115,-0.229363,0.275015,-0.209713,0.391752,-0.0415075,0.216339,0.893311
17.62519097328186,0.613734592129304,0.8073170655413554,1.8903499091910396,-0.20521548163693878,-0.07763231939457149,0.09417050386102344,0.0157031,0.336179,0.372131,0.144296,0.647054,0.631861,-0.401561,-0.23309,0.385353,-0.157727,0.681124,0.147577,0.58818,-0.410288,69.21920050707887,-3.109884443824991,-9.731831228233347,1.9436525055645015,7.576337532595921,-1.573761451067952,13.50155298782882,13.601673506962465,-0.228908,0.267797,-0.208571,0.387617,-0.0470008,0.22552,0.892572
17.658471822738647,0.5990100636889818,0.7931125749775729,1.959227430944597,-0.23805493226871724,-0.06542393210637377,0.09567796382731716,0.0156976,0.336199,0.372103,0.144312,0.647573,0.630805,-0.402377,-0.233282,0.38003,-0.158805,0.683491,0.138579,0.58297,-0.416872,70.57564274773115,-3.162035448279946,-9.861333522057645,0.6797925278728219,7.591281959231807,-0.8248028428088432,12.959105955029035,13.070801560317486,-0.228535,0.261595,-0.207528,0.384064,-0.0498742,0.233286,0.891956
17.693358182907104,0.6604448882291104,0.8913166978824346,1.9653652430805297,-0.2220193067170248,-0.07987194274873652,0.10610682230043074,0.0157131,0.336209,0.37208,0.143819,0.648067,0.630887,-0.401632,-0.233549,0.375916,-0.159605,0.685938,0.131551,0.58108,-0.417769,71.48983685892209,-3.1710511376451596,-10.331010205393383,0.886326715380017,7.593481020743221,-1.0550527351435193,13.217754958978572,13.334727315430998,-0.228663,0.256753,-0.20659,0.386041,-0.0538693,0.239862,0.889121
17.729932069778442,0.6743015992900102,0.8264048604580887,2.0217230192437787,-0.2738685533444428,-0.08039266183559249,0.12063563277012274,0.0156996,0.336205,0.372068,0.144394,0.647461,0.630688,-0.402712,-0.234037,0.36868,-0.16074,0.689239,0.121141,0.575998,-0.422493,72.82811456395467,-3.1087919456863595,-10.554268891587904,0.11908627272531813,7.535907682268144,-0.8567583179153075,13.201893577360188,13.280911742874713,-0.228052,0.24838,-0.204711,0.382308,-0.0595087,0.250557,0.887423
17.765745639801025,0.6971896071787667,0.934203322697921,2.0248099598999607,-0.2714637936353558,-0.08507945349067286,0.1276655840717876,0.0156698,0.336174,0.37202,0.144663,0.646926,0.631862,-0.401634,-0.234203,0.36082,-0.161872,0.692668,0.108596,0.570968,-0.427099,74.55420114869092,-3.2805517484084747,-10.874376733929978,-0.22358326778370596,7.59396391453801,-0.7816875749535654,13.124238549775404,13.43485903317625,-0.227338,0.239342,-0.202645,0.378532,-0.0654092,0.265134,0.884386
17.802169799804688,0.6271636292659128,1.085041578699251,2.0279181420000283,-0.2502991438248839,-0.06695570558128904,0.1099014234948374,0.0156416,0.336143,0.371993,0.145167,0.646406,0.631876,-0.402267,-0.234222,0.354108,-0.162787,0.696117,0.0980377,0.566715,-0.429702,75.80347807766584,-3.1785453052471997,-11.295541353179154,-1.1349200171051663,7.0008844867859,-0.5961929814095868,13.35451801988689,13.477941198864794,-0.226296,0.232111,-0.200885,0.374357,-0.0698366,0.278717,0.881644
17.837443113327026,0.6691432221841704,1.0214438678479816,2.1445007530328244,-0.31198676295264843,-0.07158552586972068,0.12819624916446726,0.015623,0.336134,0.371943,0.144335,0.646586,0.63135,-0.403101,-0.234317,0.347131,-0.163452,0.698658,0.0879062,0.56243,-0.433384,77.1504657768238,-3.0616268194557588,-11.694714456537538,-0.9819337163649173,6.189903993746312,-0.946185938653926,13.882404072982448,13.916810652607005,-0.225332,0.224108,-0.198933,0.366153,-0.0743595,0.281132,0.88395
17.873823642730713,0.6102471303010075,1.2518648777588244,2.1194743311534276,-0.27858170456855336,-0.061369264035894565,0.11329901523109484,0.0155588,0.336155,0.371858,0.144105,0.646459,0.631711,-0.402823,-0.23467,0.337998,-0.163908,0.700242,0.0746333,0.556797,-0.440531,79.0293802817393,-3.353900370469275,-11.9321708501904,-0.6491723792292952,6.004075978635338,-1.376772630415111,14.36425002167963,13.771450314421998,-0.224546,0.214008,-0.195669,0.360052,-0.0838659,0.292027,0.882071
17.906663179397583,0.6209314733285975,1.434111554794445,2.1159693737705743,-0.26459219635793135,-0.07375734881442665,0.12380210173124986,0.0155563,0.336166,0.371799,0.144396,0.646523,0.631393,-0.403114,-0.234898,0.330638,-0.164179,0.702652,0.0641835,0.552065,-0.44428,80.37081395741717,-3.3458371482217206,-12.304288268329593,-0.6953084576315369,6.159343554118774,-1.563541429746543,14.53769379270369,13.724213799098221,-0.224047,0.206145,-0.192435,0.355543,-0.0947215,0.30407,0.878725
17.941301822662354,0.6742703106613952,1.3502717425481443,2.0621101554525603,-0.2759177458881967,-0.08218712131250888,0.1400555515446747,0.015572,0.336158,0.371835,0.144169,0.64648,0.631562,-0.402999,-0.234979,0.325353,-0.164106,0.704412,0.0563492,0.548815,-0.446577,81.40553155358607,-3.332147337894521,-12.601143417659998,-0.5409866817846183,6.070676809512282,-1.7521229860428775,14.737814902227976,13.614823737708335,-0.223287,0.20042,-0.190538,0.352941,-0.0935639,0.310824,0.877534
17.975258827209473,0.6205666441318394,1.4078904537942183,2.182476418522559,-0.32050022697989505,-0.06192577094649293,0.12796724035849388,0.0155805,0.336147,0.371806,0.144325,0.646486,0.631435,-0.403132,-0.234736,0.317092,-0.164171,0.707139,0.0460437,0.543575,-0.449845,82.77134446331009,-3.2319323802776347,-12.956342546143803,0.24191613386195954,6.204341535740523,-2.4041630440715736,15.172507659235091,13.459508249743454,-0.222178,0.191561,-0.187036,0.349884,-0.100029,0.321869,0.874057
18.007392168045044,0.632294045695674,1.55075432627237,2.1703119109036666,-0.2950098185428956,-0.06098012548906378,0.12672777423168285,0.01556,0.336145,0.371733,0.144818,0.646475,0.631206,-0.403333,-0.234505,0.312453,-0.164175,0.709083,0.0384426,0.538508,-0.453577,83.86202667485753,-3.1779828353155164,-13.073740972357973,-0.8279002144512191,6.439208310782829,-1.6895873345390484,14.604143886429364,13.198580776986839,-0.221298,0.18649,-0.185115,0.347825,-0.102249,0.329132,0.871914
18.041664600372314,0.6157599576030071,1.5888328994311003,2.1206559724080907,-0.2944104358996581,-0.06182429550735731,0.1299949648389486,0.0155965,0.336139,0.371776,0.144497,0.646738,0.631207,-0.403024,-0.234421,0.306828,-0.163882,0.709442,0.031309,0.534868,-0.457851,84.94799093415726,-3.3373853138952887,-13.191553408492352,-0.039654422841051584,6.511892976340199,-2.436101683154149,15.253075078205889,13.316654456173548,-0.220391,0.180572,-0.182542,0.342533,-0.105315,0.337676,0.870376
18.0769202709198,0.6779844482569297,1.472661734094846,2.181513562299237,-0.3591061135714786,-0.07615573158128769,0.16090885967540922,0.0156734,0.336145,0.37182,0.144389,0.646842,0.631722,-0.402087,-0.234157,0.300163,-0.163425,0.71349,0.021933,0.52874,-0.459221,86.32871380086914,-3.0249657862850414,-13.552821439021045,0.25226528127040204,7.7531061884783155,-2.360490238145644,14.669298558945993,12.873532738577442,-0.219394,0.173818,-0.179205,0.338167,-0.110488,0.347529,0.867559
18.112353324890137,0.6524173262097446,1.4165988513741223,2.305565409304784,-0.43216946940862516,-0.0596631202028774,0.1590743151074308,0.0156892,0.336072,0.371705,0.143055,0.648209,0.629312,-0.404137,-0.233838,0.294912,-0.163128,0.712729,0.0143566,0.523335,-0.466832,87.57136521929556,-3.0126872224710652,-13.575606885224195,-0.22187032439341436,6.390122758706427,-2.5067768657083818,15.323020817017476,13.01123913202709,-0.21876,0.168281,-0.176537,0.336866,-0.115013,0.354015,0.864851
18.147239208221436,0.6558195118804577,1.568584724129365,2.3330442473593536,-0.4328526217317056,-0.05866218967375382,0.16131021148722158,0.0155838,0.33608,0.371629,0.141917,0.649257,0.628038,-0.404837,-0.233609,0.28796,-0.162539,0.713326,0.00486304,0.517912,-0.472134,88.99708307245442,-2.9513552621402575,-13.836139541555344,0.24250890011883897,5.710700336360297,-3.2791201552044384,16.15419819044494,13.455702365843539,-0.21768,0.161007,-0.172851,0.332818,-0.119523,0.364619,0.861394
18.183073043823242,0.7295231850662831,1.6760765904009354,2.2290029228060066,-0.3941853901135189,-0.07782320289200803,0.18483301797118507,0.015657,0.336003,0.371617,0.144124,0.64894,0.627525,-0.405361,-0.233479,0.283545,-0.161888,0.715907,-0.00136831,0.514511,-0.471968,89.5161923136859,-2.758458447636384,-14.183908317448621,-0.5752708467680208,6.70090949627007,-2.2954958213136507,14.981004998468842,12.719852884422636,-0.217474,0.156532,-0.170035,0.333376,-0.124636,0.371869,0.857345
18.2182400226593,0.702551177733164,1.6966252995852333,2.272127710195872,-0.4339916381857947,-0.06688100454067152,0.18094448729960863,0.0156543,0.335978,0.371602,0.14389,0.648621,0.630039,-0.402042,-0.233293,0.276418,-0.160688,0.715008,-0.0106285,0.507925,-0.480274,91.38653106623215,-3.4567510083589594,-13.93125940766237,0.8352347605229848,8.247532426027362,-3.3489000837101415,15.250616118970058,13.42268332030715,-0.216478,0.149207,-0.165591,0.330031,-0.130158,0.382784,0.853004
18.251946687698364,0.7624631691890843,1.702168645900981,2.3286667470051956,-0.4723256419804611,-0.07469089582853033,0.20677980035427437,0.0156472,0.33597,0.371546,0.144246,0.648972,0.629875,-0.401605,-0.233294,0.270623,-0.159797,0.711791,-0.015026,0.504601,-0.48837,92.29208288383043,-4.137078773916338,-13.637347857293447,2.8758596700920442,8.64773528352151,-5.218827142112261,16.662286614146883,15.02215960836,-0.215583,0.143573,-0.162274,0.326292,-0.131811,0.39076,0.850568
18.287405252456665,0.732118838516886,1.7256991290728103,2.315815594960756,-0.4845329298513636,-0.06906861042939476,0.2031476614523111,0.0156417,0.335938,0.371506,0.144734,0.648431,0.629648,-0.402658,-0.232589,0.264877,-0.15856,0.720404,-0.0301025,0.496535,-0.483285,93.82088317599921,-2.880194444403756,-14.685381591800908,-1.1028150486606592,8.655914676241023,-1.722364311399403,13.87460806652262,12.37341167076061,-0.215209,0.137695,-0.158074,0.324686,-0.139639,0.400351,0.845458
18.32304310798645,0.7485137019273157,1.73749384841868,2.3477751471774955,-0.5044990629788458,-0.07523516841089962,0.21449655957171093,0.0156502,0.335985,0.37145,0.144025,0.647897,0.630894,-0.40182,-0.232287,0.260093,-0.157674,0.723219,-0.0370857,0.49482,-0.480345,94.5712314259957,-2.5518122778419174,-15.227297114071629,-0.10595963929196195,8.628926444196692,-2.6074266954163647,14.392268646081082,12.782515791564412,-0.214303,0.133197,-0.155354,0.318555,-0.140899,0.406124,0.844828
18.356958866119385,0.727074296630915,1.9654229586194614,2.343960529006925,-0.5045502245053141,-0.0646114508244437,0.20681960490173104,0.0156013,0.336079,0.371327,0.143225,0.64827,0.631199,-0.401025,-0.231853,0.250569,-0.155534,0.720601,-0.0492643,0.486038,-0.492011,96.79207582431562,-3.1719761436171527,-15.010866514570992,0.9657653182548191,8.515808045186027,-4.226093477102097,15.522875914645844,14.096319966162007,-0.212759,0.123797,-0.148965,0.316685,-0.14897,0.422518,0.83606
18.392099618911743,0.7039213325969986,2.118275856645139,2.2262883271666514,-0.4555690290667643,-0.06078800314678829,0.19904748600813565,0.0156356,0.33605,0.371292,0.143492,0.648086,0.62974,-0.403513,-0.231431,0.245841,-0.154322,0.721091,-0.0557545,0.481776,-0.494784,97.49957169663534,-2.925421268352973,-15.096375397937491,0.28572746757977896,7.336257298498166,-3.7578377276015544,15.785557291670182,13.654484308435407,-0.212106,0.119079,-0.145428,0.314983,-0.152192,0.42856,0.833042
18.428021669387817,0.7260581579452237,2.1412822576956447,2.1528975057563398,-0.45170068843832706,-0.06495351381860762,0.21301986359208447,0.0157317,0.336115,0.371294,0.144535,0.648561,0.627574,-0.405744,-0.231179,0.23887,-0.152106,0.722535,-0.0655168,0.474857,-0.498159,98.62793223143717,-2.560103157173426,-15.371859517412863,-0.2845761503693378,7.54793424670614,-2.910733104742121,14.941160303857249,12.886722720882519,-0.211022,0.112681,-0.140274,0.309587,-0.156185,0.439027,0.828865
18.460639476776123,0.6951607643187241,2.1405989180053107,2.2119980193406277,-0.4912126237109895,-0.05472383944246757,0.20372331789564113,0.0157805,0.33611,0.371188,0.143492,0.64982,0.627873,-0.403633,-0.230665,0.234083,-0.150802,0.722722,-0.0723233,0.469598,-0.501917,99.9715232758769,-2.6406755977995378,-15.539748214146252,0.6980638054704009,8.611252860402208,-3.9858810338721185,14.764566104201766,13.135903261531354,-0.210143,0.108027,-0.136807,0.306619,-0.158837,0.44448,0.826555
18.495368480682373,0.7045246234380529,2.1560870454581136,2.391204519800256,-0.5733363637696186,-0.045007188793226495,0.20857039562059573,0.0156802,0.336172,0.371066,0.14263,0.648917,0.628275,-0.404764,-0.23027,0.228798,-0.149341,0.722467,-0.082859,0.464178,-0.505682,101.37287614149243,-2.6133226731533394,-15.665988267155267,-1.0606054096958317,6.77647175818379,-3.7285915334668758,15.863383188635026,13.556794590927499,-0.209473,0.103184,-0.1329,0.304375,-0.161115,0.4534,0.822086
18.530882596969604,0.7518488492564942,2.1113801934130785,2.4514526926617686,-0.6278599265207659,-0.06027924092266583,0.2414242303600731,0.0156322,0.336234,0.371011,0.143655,0.647073,0.630106,-0.404509,-0.230278,0.225805,-0.148213,0.721624,-0.0835355,0.459961,-0.510604,101.84354103577661,-3.0244098783901796,-14.966772668849533,0.1263229640651211,7.889662534462685,-3.963535255160565,15.136103424793488,12.852027889196787,-0.209744,0.100655,-0.130148,0.302064,-0.16735,0.457916,0.819185
18.567039489746094,0.7463588993977934,2.1192662811469445,2.4032877377308184,-0.6235285976770216,-0.057157902466884236,0.2407939220032094,0.0157947,0.336201,0.37101,0.143823,0.646193,0.630658,-0.404995,-0.230061,0.220889,-0.146331,0.724708,-0.0900968,0.455034,-0.509535,102.64126858951394,-2.544584751629296,-15.129189999834512,0.39956886782754353,8.888374614301224,-3.57788684182227,14.095206488432051,12.257630884196576,-0.209127,0.0959424,-0.125911,0.300666,-0.168787,0.466158,0.814744
18.601862907409668,0.7989620218040427,2.102771014794337,2.4872115169354996,-0.6860441986065647,-0.055132938499272414,0.26249194139216214,0.0158486,0.336195,0.370973,0.143727,0.646154,0.630682,-0.405053,-0.230744,0.21648,-0.144488,0.712299,-0.0917005,0.453504,-0.527783,103.57621560373072,-4.664526995139772,-14.161808909826469,2.3949341231526944,6.93035290849894,-6.956047926325169,17.775671569096808,14.812107105585934,-0.208402,0.0921131,-0.122328,0.298603,-0.16971,0.472562,0.811616
18.635913848876953,0.7430520954903747,2.157550555730819,2.5303102531051405,-0.6979804010952027,-0.04758646259911853,0.24341239137064907,0.015873,0.336146,0.370926,0.14368,0.646611,0.630132,-0.405197,-0.229601,0.212943,-0.143312,0.722153,-0.102155,0.449586,-0.515686,104.26921534242379,-2.9017480824430324,-15.476635788306188,0.5408412221312524,7.832075595857058,-4.719197356153316,15.430694091815655,12.697918383339237,-0.208383,0.0888594,-0.118872,0.300602,-0.177014,0.477744,0.806266
18.671027183532715,0.7946899282642262,2.3053218319868463,2.596086156016632,-0.7304637757462558,-0.04743185741121503,0.2616376106821386,0.0157929,0.336174,0.37081,0.144463,0.64493,0.63067,-0.406756,-0.229349,0.207272,-0.141336,0.715913,-0.10234,0.444102,-0.528931,104.95102329155112,-4.045160076108714,-14.226977125984586,3.077371456928727,7.01848452226036,-6.867690252485652,16.969899667533383,13.9747268137429,-0.206238,0.0835058,-0.114732,0.298029,-0.174926,0.486084,0.802684
18.706434726715088,0.7183221500881927,2.3480518167748787,2.7808305306749395,-0.8532730761581562,-0.06417267448370345,0.2738546529519084,0.0157399,0.336215,0.370791,0.144433,0.645489,0.630262,-0.406512,-0.22796,0.201964,-0.139529,0.714549,-0.107032,0.441948,-0.531644,105.6227941739478,-4.236844298523954,-14.41537427467475,5.129846627803975,5.948690971436205,-8.89014504503114,18.140634414617548,15.8916263770655,-0.204522,0.0795294,-0.110246,0.287191,-0.186687,0.493028,0.799745
18.741458892822266,0.6442033555377904,2.38442491221653,2.881724945065202,-0.8978583220586478,-0.05013457336626167,0.2410985015326828,0.0157234,0.336208,0.370823,0.145342,0.646434,0.629177,-0.406368,-0.226569,0.198575,-0.13846,0.716031,-0.110393,0.436704,-0.533294,106.23832975192764,-3.980425637880197,-14.445929615092258,5.4681525678215515,6.581367568456846,-8.79580258543556,17.694581601674273,15.40658347367952,-0.203145,0.0765789,-0.107378,0.289273,-0.191546,0.494498,0.796934
18.77621579170227,0.46474738114340786,2.393952119364424,3.023706804190995,-0.9715826416917555,-0.03033971543189208,0.18159554217183466,0.0156797,0.336239,0.37079,0.146157,0.646683,0.628894,-0.406118,-0.224261,0.193541,-0.137109,0.716342,-0.115631,0.430745,-0.536602,107.1510598132537,-3.972438989301092,-14.403450411957266,5.930291433142898,5.910488950764309,-9.413134050576218,18.188915944487533,16.128100681448746,-0.200509,0.0720883,-0.103603,0.288469,-0.196834,0.501265,0.791691
18.81177258491516,0.6441552758913636,2.3872681977358705,3.1975491223398347,-1.0530086745175973,-0.053668178531565774,0.25478376474058617,0.0155577,0.336303,0.370678,0.146633,0.646596,0.629159,-0.405675,-0.222984,0.190179,-0.136073,0.719277,-0.120704,0.424399,-0.536616,107.99959222109315,-3.5454306258191233,-14.427020113513674,5.456433326448803,6.675186297635838,-8.808300396349303,17.420796419647814,15.104464373794384,-0.199233,0.0693901,-0.10102,0.284335,-0.200002,0.506228,0.789231
18.848756790161133,0.7888411719601341,2.3161793895607077,3.4540692275915297,-1.1756282840519043,-0.05716057697571974,0.30719111303551017,0.015519,0.336324,0.370599,0.146367,0.646542,0.629516,-0.405303,-0.222654,0.186153,-0.134282,0.716521,-0.126867,0.420375,-0.542021,109.06268495990078,-4.001171737569655,-14.401243702042292,5.26244172836644,5.988955617003682,-9.67177176789884,18.33821884498037,16.445675908559323,-0.198732,0.0658293,-0.0970349,0.284988,-0.203279,0.511977,0.784435
18.886168956756592,0.9203829305318654,2.205281633826442,3.640745570387109,-1.2704422984790111,-0.0647805278934059,0.3615689950338087,0.0155528,0.336301,0.37061,0.147066,0.64623,0.629352,-0.405801,-0.222198,0.183201,-0.13268,0.716736,-0.131925,0.418247,-0.542176,109.54352576502875,-3.9276995504356433,-14.65221283391226,4.998983058983654,5.600775707424599,-9.338385893670264,18.066929217244738,16.177913587159512,-0.198329,0.0634231,-0.0938545,0.285344,-0.207003,0.517079,0.779973
18.92672038078308,0.9992131863696042,2.1353648944161407,4.022849072085633,-1.4438137746926536,-0.06790231009212581,0.40236104218851065,0.0155725,0.3363,0.370616,0.147168,0.64626,0.629226,-0.405912,-0.220615,0.178949,-0.130746,0.718306,-0.135734,0.411205,-0.544539,110.39930337787128,-3.6491441284464985,-14.39532232045822,5.843006903079946,6.0140071030977555,-9.48747259304946,17.871460833063182,16.031900991418762,-0.197117,0.0597788,-0.0892563,0.285283,-0.215287,0.523798,0.773241
18.963136672973633,0.9692823923435823,2.0866675257983816,4.363131440224001,-1.5812531833840202,-0.04976371654503549,0.38825250933718336,0.0155431,0.336313,0.370598,0.147299,0.646395,0.629168,-0.405739,-0.218557,0.176385,-0.129568,0.724553,-0.146538,0.398766,-0.542711,112.07192865957816,-2.499677004384184,-14.552989730431138,1.4229858807276887,7.025534831022984,-5.412207499996477,14.931416258372623,11.731899891611743,-0.195696,0.0575022,-0.0870443,0.284312,-0.217943,0.527354,0.770432
18.998482942581177,0.9329783837657714,2.0735945245082847,4.578512946443973,-1.6850017467364145,-0.03525286713284621,0.37420054328997787,0.015502,0.33633,0.37065,0.145966,0.645369,0.630363,-0.405998,-0.217443,0.174111,-0.128689,0.721116,-0.148236,0.393083,-0.550911,113.0172629027817,-3.121730169380508,-13.743090217705499,1.091067048924165,5.172570780863719,-6.266894798244927,15.916869425164872,13.118498945454997,-0.194724,0.0557973,-0.0849197,0.288257,-0.223461,0.53284,0.76358
19.03571915626526,1.1052536349232094,1.9485271661640553,4.688795448119881,-1.7397338418221036,-0.05745736660114515,0.4456708538045295,0.0155038,0.336384,0.370594,0.146521,0.647281,0.629244,-0.404489,-0.216465,0.172216,-0.127889,0.72216,-0.15116,0.388271,-0.552161,113.69325648798034,-2.8965217236108654,-13.910496829962783,1.1216836359378295,6.7054089869867255,-6.208604324903263,15.54052652437849,12.685949046053171,-0.193491,0.0543394,-0.083366,0.280655,-0.225876,0.529649,0.767909
19.070446252822876,1.0492484210457778,1.9497548248560723,4.738902377131588,-1.7709266223177762,-0.048962130942871065,0.42544567281512774,0.0155034,0.336353,0.370623,0.147292,0.646912,0.628877,-0.405368,-0.216118,0.170944,-0.127351,0.717831,-0.146022,0.384953,-0.561433,113.66805280857157,-3.7445925747211533,-12.830440986730194,3.130071315870378,6.5770954360298015,-7.414691523248898,16.09179683188381,14.092042244641538,-0.193268,0.0533055,-0.0819028,0.284386,-0.227813,0.535391,0.76196
19.107362508773804,1.0654179615555985,1.9755163875365542,4.629199727854615,-1.7334555002594578,-0.04635846411681772,0.42852927234983035,0.0155283,0.33632,0.370631,0.14787,0.646742,0.62881,-0.405533,-0.215964,0.170049,-0.126639,0.718394,-0.151188,0.380491,-0.562387,114.38123655818814,-3.6132565808310417,-12.916911082896576,0.7229989416353071,6.799066424735777,-5.41944051768094,14.951701205266946,12.29363962801102,-0.193063,0.0524735,-0.0807442,0.281856,-0.229231,0.533851,0.763553
19.14305877685547,0.7915719772436836,2.1730553363878715,4.604186287840526,-1.7202317234010625,-0.06181106975431236,0.32744896302639803,0.0155296,0.336306,0.370621,0.147871,0.646655,0.628874,-0.405573,-0.215914,0.16974,-0.126435,0.721988,-0.156115,0.38578,-0.552753,114.09660205532894,-2.86877361684261,-14.080523391459447,0.12198112327993726,6.037774323178149,-5.087433636114348,14.921895435476525,11.885694098145477,-0.193189,0.0527269,-0.0805822,0.278732,-0.23071,0.532969,0.76487
19.178717851638794,0.7383989442077309,2.3989485889970767,4.248224313691762,-1.5738481323142064,-0.056388588888577444,0.30476676242893164,0.0155044,0.336316,0.37059,0.148078,0.646508,0.628867,-0.405742,-0.216518,0.17003,-0.126517,0.717835,-0.150276,0.383397,-0.561371,114.03903350439637,-3.720570076067456,-13.05936907186771,1.643614144946035,6.690409772298306,-6.085815074445335,15.231299564443558,12.878288364706659,-0.193117,0.0526567,-0.0809154,0.277421,-0.226837,0.533515,0.766123
19.216158390045166,0.3499352519964733,2.9577675144510893,3.9157311508667183,-1.4169710056806049,-0.036211460836433736,0.14736231125235497,0.0155187,0.336297,0.370609,0.148072,0.646516,0.628848,-0.405761,-0.216845,0.170728,-0.126748,0.720944,-0.153498,0.389107,-0.552516,113.61066103177836,-3.083040392352917,-14.092013206418226,0.9818310355833564,6.186440541682554,-5.625837749799366,15.087936121448518,12.309998767046329,-0.193701,0.0532785,-0.0814384,0.281976,-0.225747,0.536529,0.76267
19.252588033676147,0.3006470919960824,3.058971549509514,3.31673255748269,-1.1690672686415884,-0.022814886428770175,0.11676359755931773,0.0155791,0.33629,0.370697,0.147796,0.647938,0.627633,-0.405474,-0.218006,0.171978,-0.126927,0.717376,-0.154957,0.393035,-0.553971,113.57729922806335,-3.499504624776619,-14.595007853385962,-0.028727796988473386,5.289534637748137,-5.92983603499286,15.895063305059436,13.331754034810713,-0.194156,0.0540535,-0.0824699,0.281695,-0.222149,0.533848,0.765705
19.285521268844604,0.41174417840089844,2.9826313851976263,2.6126639467660318,-0.8546936810447656,-0.02972606952453612,0.15836187600628984,0.0156534,0.33624,0.370867,0.1469,0.647266,0.628265,-0.405893,-0.218638,0.17457,-0.127873,0.724353,-0.152265,0.399118,-0.541139,112.49502372058116,-2.296399967414186,-15.201811806784594,0.8986071121351387,6.381798615265456,-5.354929285733782,14.978949832248645,11.781731910875155,-0.194956,0.0559846,-0.0845253,0.281049,-0.217624,0.530082,0.769847
19.319948196411133,0.3673002639402699,2.9056354915457576,2.312252803087944,-0.7303744235035674,-0.025955234547552105,0.14599979217142908,0.0157909,0.336222,0.370972,0.145817,0.648132,0.628377,-0.404727,-0.220118,0.17824,-0.129124,0.722401,-0.148186,0.405621,-0.540046,111.87308586819941,-2.637120154601573,-15.451723458860442,1.3395324774636013,6.457838451354103,-6.217245305145738,15.622619982355246,12.698705709581398,-0.196487,0.0592059,-0.087629,0.281297,-0.214486,0.526377,0.773172
19.35666561126709,0.5362719429725963,2.6859891966276037,2.192615415344012,-0.6495683644873724,-0.03566784275801384,0.20775074932497611,0.0158088,0.336232,0.370984,0.145376,0.648118,0.628472,-0.404762,-0.222862,0.183539,-0.131622,0.716177,-0.13154,0.419809,-0.5418,109.62341437866871,-3.849736202102509,-14.93321918560875,6.480685455863721,6.358433546004731,-10.444231774372952,18.742373895976637,17.035665156801095,-0.197999,0.0635473,-0.0933774,0.280343,-0.201248,0.516115,0.783921
19.391964435577393,0.6240170789902924,2.717940559014073,2.009151476288111,-0.549824356697576,-0.041387149334725856,0.23180101899991193,0.0157984,0.33622,0.370954,0.145664,0.647981,0.628478,-0.404867,-0.224553,0.188549,-0.13372,0.71608,-0.126006,0.426587,-0.537936,108.52265219201087,-3.9080218880092614,-15.099554804115236,5.856734806276414,6.774782334385336,-9.714699602542325,18.128577982378946,16.22457141329974,-0.199891,0.0676832,-0.0980062,0.282917,-0.196875,0.50876,0.788899
19.42922592163086,0.6358104787224795,2.627827968897972,2.0987188996919652,-0.5629885259071092,-0.04422928378790084,0.23714824259146053,0.0157843,0.336218,0.370945,0.146022,0.647913,0.628514,-0.404792,-0.22583,0.194211,-0.136319,0.715049,-0.118151,0.435039,-0.53431,107.1310337819864,-4.145855065735188,-15.186764978093352,5.865409420489431,6.649916029597443,-9.708169367483322,18.319775328544935,16.40064813446574,-0.20124,0.0727194,-0.103786,0.282969,-0.190559,0.499596,0.796254
19.465330123901367,0.6116050830176579,2.5212186437717197,2.126960027967111,-0.5507679101161402,-0.04430733351696876,0.22492049525696803,0.0157559,0.33626,0.370956,0.145868,0.647503,0.629237,-0.404381,-0.226954,0.202097,-0.139923,0.715302,-0.10747,0.443965,-0.528856,105.46916473448564,-4.207571364651072,-15.096464682662036,5.530402419129395,6.713022957339961,-9.38924421960457,18.327232345107422,16.172963007332733,-0.202681,0.0796686,-0.111341,0.287459,-0.185637,0.489158,0.802266
19.499927520751953,0.5900774940338732,2.5325588935286083,2.1507202976863016,-0.5162496702968059,-0.037613879676587345,0.20288701583084912,0.0157182,0.336271,0.370937,0.146833,0.647069,0.629371,-0.404517,-0.227827,0.208785,-0.142822,0.717331,-0.100187,0.449509,-0.522819,104.14775769508874,-3.9487811555016927,-15.139951517417963,3.7866877874444533,7.370411216139215,-7.59431361273699,17.35460881828006,14.542126489536331,-0.203661,0.0853587,-0.117873,0.292257,-0.178822,0.479956,0.807621
19.536176443099976,0.7206560785208518,2.35172510982738,2.218334450717158,-0.5285932983433423,-0.050922409245580946,0.24068034775977934,0.0157256,0.336148,0.370871,0.146751,0.648962,0.624407,-0.409181,-0.228839,0.216117,-0.145482,0.716436,-0.0936927,0.456064,-0.519564,102.60980674003098,-3.43954436289674,-15.395149808067277,0.4576939730792482,4.679145942572136,-5.003955962086323,17.491256503878752,13.833613312747318,-0.20497,0.0917899,-0.124358,0.293899,-0.173104,0.465674,0.816582
19.57275128364563,0.5972335794455075,2.2474783619495144,2.226397845839874,-0.4970857251773669,-0.04227178955907373,0.19457732594792645,0.0157261,0.336091,0.3709,0.145269,0.649445,0.625879,-0.406687,-0.229192,0.22396,-0.148087,0.72409,-0.0884765,0.465294,-0.501366,101.19747042046315,-2.2139567753226403,-16.58818190732244,-0.37552553198726635,5.7791790032840495,-3.7884633793768003,15.991269751172977,13.237528814394123,-0.205755,0.0988596,-0.131153,0.292813,-0.163929,0.455936,0.824324
19.60930895805359,0.7037023477617641,2.2441673439704846,2.156343026180681,-0.4247307710057949,-0.06289101523218076,0.21908665945935055,0.0156537,0.336056,0.370893,0.145911,0.648783,0.627603,-0.404851,-0.230418,0.233614,-0.151228,0.724125,-0.0751743,0.477229,-0.492183,99.0266153759792,-2.4230778388526018,-16.71746712645073,0.01581527320260001,6.464371929093817,-3.868276978710277,15.88935167689602,13.725430296781163,-0.207551,0.107685,-0.138878,0.297888,-0.156607,0.438893,0.833133
19.645302534103394,0.7839401324275954,2.0484849824566815,2.2761766436187374,-0.4587511787703115,-0.08164293637575719,0.24336251605925183,0.0155958,0.33607,0.370876,0.146094,0.648767,0.627762,-0.404565,-0.231847,0.243423,-0.153937,0.721959,-0.0594454,0.486426,-0.4885,96.9358082592442,-2.748021787220698,-16.224950586448788,0.6881413529936449,7.141214897563763,-3.993833973556548,15.839303635889154,13.780848105399988,-0.209253,0.117454,-0.1467,0.300952,-0.148681,0.423914,0.841201
19.681904077529907,0.6220527428030704,2.0459839890332185,2.223899316933286,-0.42083316779745655,-0.06109476589549648,0.18442938902537345,0.0155726,0.336082,0.370889,0.146436,0.648827,0.627698,-0.404445,-0.232277,0.249964,-0.155708,0.723695,-0.0546516,0.494141,-0.478648,95.60879321466554,-2.3951195893409976,-16.906155891866263,-1.198877325390324,6.443303388020284,-2.8685087957655995,15.625825154051345,13.235505795890397,-0.210192,0.123707,-0.151335,0.304032,-0.146409,0.416313,0.844282
19.717796802520752,0.6488118741903988,1.856103462450891,2.3503786356642546,-0.4507193290999846,-0.06175367147586533,0.18119305207422062,0.0155158,0.336082,0.370911,0.145613,0.649738,0.628166,-0.402548,-0.232388,0.26044,-0.158447,0.722273,-0.0378714,0.501596,-0.474646,93.74421434546761,-2.5720628809657518,-16.34989445110034,0.02047478178014117,7.298529767962866,-3.4229934377950926,15.600181081301763,13.46405619592939,-0.211694,0.133751,-0.158729,0.310534,-0.138075,0.397289,0.852447
19.755554676055908,0.6581171175522007,1.6498222969742218,2.3226948089215953,-0.44275850078265516,-0.06713863457749888,0.17955904696561228,0.0155281,0.336079,0.371002,0.145227,0.649971,0.628301,-0.4021,-0.232888,0.270632,-0.160324,0.72186,-0.023345,0.510072,-0.467118,91.70560447189315,-2.44424302804679,-16.166331584481167,0.2589084764627021,7.555604912835967,-3.120470287942638,15.203587200683135,13.161804652039798,-0.213126,0.143977,-0.165239,0.31738,-0.129769,0.386659,0.856111
19.792370319366455,0.6238158139257344,1.677875831911329,2.2410217929230694,-0.394909694049686,-0.06346755307383965,0.16126879824103232,0.0155467,0.336085,0.371019,0.145083,0.650122,0.628059,-0.402286,-0.233772,0.276281,-0.161124,0.715966,-0.0116578,0.517962,-0.467946,90.20453461797803,-3.197623812923996,-15.610857594781725,2.4008027037981297,6.967524931211509,-4.999449808668537,17.02988310862336,14.625334755567874,-0.21426,0.149467,-0.168551,0.320732,-0.124865,0.376001,0.860327
19.829569339752197,0.5357664491184224,1.6131905274000604,2.32084311140388,-0.3913892323041372,-0.05004715568572605,0.13041668340631749,0.015524,0.336076,0.370926,0.145556,0.649854,0.628014,-0.402617,-0.23473,0.286736,-0.162485,0.716942,0.00207299,0.52676,-0.456633,87.91580208252961,-2.7534174276216783,-15.7119543248395,1.7191260415594591,7.583671587340598,-3.8795708930940194,15.787282728606117,13.697300106924471,-0.216458,0.160339,-0.174648,0.323258,-0.11724,0.359218,0.867595
19.865963220596313,0.6897831948120291,1.7719759624807923,2.098307543927291,-0.2623634906444941,-0.09159561277390375,0.16393844053332482,0.0154868,0.33611,0.370913,0.144757,0.649928,0.628325,-0.402302,-0.235971,0.293305,-0.162683,0.713021,0.0109169,0.534028,-0.454198,86.67098104709855,-3.167985262544538,-15.516667862370712,2.3546523790833387,7.210052976569766,-4.439721869472244,16.389763270443815,14.26233702635059,-0.218063,0.167175,-0.178051,0.325525,-0.110616,0.350755,0.871073
19.909990072250366,0.8622551636166125,1.7004049865217992,1.9828080048873336,-0.20857315309153654,-0.14160177595866802,0.20985823260009548,0.0155322,0.336082,0.370967,0.145294,0.64982,0.628083,-0.402661,-0.237026,0.301814,-0.162868,0.713949,0.0205864,0.541377,-0.443581,84.84285957795743,-2.7538991285109775,-15.855453015110589,1.1769180660634522,7.745521914606986,-3.084155134742538,15.040647064286862,13.51987153457502,-0.219478,0.176198,-0.182182,0.325233,-0.102989,0.336797,0.877601
19.946388483047485,0.6123862373342835,1.4498104931120217,2.139938975316781,-0.2837055524622791,-0.0758825894953067,0.1388404487663696,0.0155427,0.336085,0.371067,0.14518,0.65013,0.628152,-0.402092,-0.236342,0.31105,-0.163553,0.711083,0.0330635,0.548368,-0.438817,83.15329788880557,-2.929314895616991,-15.568987817699291,1.0115096567128568,6.7749133003131705,-2.9954571589104546,15.386485480240585,13.761139983443863,-0.219525,0.186045,-0.186961,0.332553,-0.0977018,0.32241,0.88086
19.98298954963684,0.7433582849393895,1.5932565984857803,2.153577123788812,-0.22260648939524005,-0.12762010560347545,0.17961939128131593,0.0155224,0.336122,0.37115,0.146888,0.649473,0.629139,-0.400989,-0.235305,0.316687,-0.164228,0.711527,0.043002,0.550603,-0.434415,81.89857951791647,-2.827526252278039,-15.113757319452592,1.096152719050183,7.889365801368438,-2.481454693585796,14.602533473888725,13.474261316544485,-0.219565,0.191948,-0.189707,0.336857,-0.0973311,0.312604,0.882798
20.02164053916931,1.259442740384232,1.578542323810292,1.635975857125666,-0.00997884581914966,-0.3139915804970595,0.33859120544954774,0.0154095,0.336104,0.371277,0.147758,0.649028,0.629062,-0.401512,-0.234095,0.325888,-0.164735,0.70795,0.0563529,0.556626,-0.431044,80.06258123464711,-3.0097005913677712,-14.521978693043513,0.2906060666845178,6.3454837526344905,-2.1666804781066205,14.728869173519852,13.961078483507706,-0.219063,0.201909,-0.19432,0.342358,-0.0887512,0.301222,0.885539
20.05791735649109,1.2123218345047149,1.6384022022056424,1.7086059084431457,0.015698643779145864,-0.29847138547246005,0.297676329034889,0.0153338,0.33612,0.371326,0.147876,0.650292,0.628343,-0.400547,-0.233906,0.334138,-0.164594,0.706532,0.068086,0.56295,-0.423395,78.35761178590248,-2.904851847612931,-14.61344697319367,0.7983354084157259,6.884099233990835,-2.158709328261871,14.459526415823314,14.01879953798388,-0.219188,0.210877,-0.198064,0.344188,-0.0809071,0.286868,0.890335
20.094329595565796,0.9425854165128944,1.7711003954608238,1.922351402787931,0.022552017982677225,-0.20938269285657132,0.20204732811478884,0.0151902,0.336073,0.371333,0.147116,0.65088,0.627175,-0.401701,-0.234018,0.3421,-0.164042,0.705897,0.0779855,0.569819,-0.413442,76.58957837552293,-2.4483364619093724,-14.997806627953807,0.36146709858268,5.606931735665814,-1.8336519167638983,14.469449392059298,14.285879621436843,-0.219653,0.220207,-0.201358,0.346108,-0.0744809,0.275754,0.893656
20.13057231903076,0.7834816563962884,1.632270127975541,2.136389846975322,-0.05987349291481715,-0.16051131974671065,0.16293042728012905,0.0151847,0.336144,0.371382,0.148325,0.649042,0.629134,-0.401166,-0.233733,0.347368,-0.163674,0.704126,0.0865817,0.573904,-0.409078,75.32963764497319,-2.5533267012525407,-14.512968744552786,0.4971381235907124,5.551984798442012,-1.8436176032135236,14.459722937153781,14.351441068812786,-0.220258,0.225827,-0.202916,0.351495,-0.0735499,0.266697,0.89438
20.16665029525757,0.6867626302223712,1.3558285417094984,1.9362581771385616,-0.08578103723452482,-0.11660246493799027,0.11755575103775276,0.0152211,0.336047,0.371481,0.14719,0.651058,0.626679,-0.402159,-0.232986,0.35657,-0.162922,0.700317,0.101731,0.577727,-0.406741,73.62136185588429,-2.380132624320014,-14.00867682962114,1.0986987101143901,5.658456260193534,-1.778947606222296,14.220723675881631,14.004627245427319,-0.220574,0.236381,-0.205827,0.356193,-0.0664626,0.253417,0.896933
20.203640699386597,0.5305534736994142,1.1289635391808415,1.9666227076019827,-0.13911984938305993,-0.0666091519082793,0.08226814446340215,0.0151908,0.336113,0.371444,0.147508,0.650952,0.62711,-0.401541,-0.232769,0.364139,-0.16196,0.696522,0.113586,0.583562,-0.40176,71.98428591535357,-2.5447478540876043,-13.636447545462984,1.8817573947108963,5.739480357449994,-2.0920692565024837,14.390237542939191,14.187501797378877,-0.221104,0.24505,-0.208086,0.359163,-0.0599268,0.241513,0.89949
20.237672805786133,0.6379279870724502,1.0752146340996802,1.906541232488976,-0.12799274907399166,-0.10108012631335973,0.10520756598571966,0.0151573,0.336123,0.371424,0.147524,0.65162,0.626446,-0.40149,-0.232668,0.372005,-0.160623,0.692565,0.124742,0.588975,-0.39737,70.42515866742114,-2.662600284170794,-13.395723475950117,1.9523844341284375,5.735571707943372,-1.9537083010542418,14.270272323724514,13.929684066906914,-0.222096,0.254047,-0.209829,0.365188,-0.0561038,0.2307,0.900149
20.272356510162354,0.5981966960192319,0.884003627540304,1.9173338325268918,-0.1636432721545325,-0.09164088394209334,0.09979643011620618,0.0151779,0.336078,0.371448,0.149348,0.65171,0.626207,-0.401042,-0.23229,0.379901,-0.159102,0.689198,0.135878,0.594307,-0.391591,68.68257105636292,-2.8189566937825825,-13.154911097187625,1.1770394847693062,6.3364002204461105,-1.409175334375682,13.749701460102417,13.446882766866048,-0.22269,0.263484,-0.211676,0.367862,-0.0501025,0.218311,0.902501
20.308533430099487,0.6790209265261482,0.7991822652164688,1.8666172066527313,-0.15130575439448868,-0.11580321944662043,0.11080442273436755,0.0153226,0.336106,0.371504,0.147773,0.653069,0.623436,-0.403721,-0.231572,0.389318,-0.157089,0.684601,0.151678,0.599542,-0.38583,66.5538343917532,-2.4048128863206797,-12.896515310287588,1.9444841500149739,5.328713370492858,-1.753110729601154,14.234160515459266,13.311060533483564,-0.222971,0.274092,-0.213198,0.374121,-0.0423279,0.20412,0.903647
20.34435486793518,0.5491139818720664,0.912670694654536,1.8230542866435466,-0.08506090234294342,-0.0801104489501583,0.072998411325665,0.015203,0.336047,0.371567,0.147992,0.650938,0.626661,-0.402087,-0.231052,0.398043,-0.154764,0.680611,0.162559,0.605172,-0.379618,65.05804184641119,-2.552809230935133,-12.278596323833781,1.294350233953793,4.531087707879088,-1.221945885041336,14.045560798988658,12.854845379213485,-0.22337,0.285163,-0.214613,0.37767,-0.0366496,0.191874,0.9051
20.38056778907776,0.565740482142375,0.9001068834010554,1.7664875464662502,-0.058197261190343345,-0.08800770696800739,0.07061566239116097,0.0151638,0.336042,0.371654,0.146426,0.646895,0.635138,-0.395835,-0.230694,0.403393,-0.153268,0.679816,0.170528,0.608637,-0.371929,64.5062837044083,-2.5677611388137134,-11.420232562509044,3.9321649734213215,5.2349439844956756,-1.6799684512741706,14.072505001143753,13.06782844997044,-0.22352,0.29156,-0.21538,0.379044,-0.0310564,0.183418,0.906487
20.41706895828247,0.5759427011689928,0.8053634554857323,1.682405001075022,-0.05534484619300231,-0.09872056276410632,0.07233745643074213,0.0153638,0.33605,0.371679,0.144777,0.648715,0.633313,-0.396388,-0.2304,0.412372,-0.150225,0.674443,0.183204,0.614676,-0.365699,62.74006299035026,-2.5058391052156814,-11.414973831712304,4.600072883906638,4.7926753886244144,-1.64273989515101,14.094274670887874,12.865496804789062,-0.224242,0.302634,-0.215806,0.383706,-0.0263739,0.169353,0.90741
20.452867031097412,0.5776070230466661,0.7315526108465233,1.6479832973494617,-0.056339151395919655,-0.10291253129224766,0.07232178108545909,0.0152371,0.336143,0.371783,0.145437,0.647466,0.635737,-0.394303,-0.230424,0.419492,-0.147554,0.668315,0.195584,0.622319,-0.357519,60.827448480387396,-2.8231955025116635,-10.963529774386322,6.85001454591857,4.969749995712812,-2.887647854999628,15.18732755272718,14.277766398633297,-0.224986,0.311101,-0.215768,0.389439,-0.0193637,0.160764,0.906707
20.489128828048706,0.5502703814659132,0.6761826237332991,1.6389671413461926,-0.05461938371665869,-0.09576677845268676,0.06502167933942257,0.0151815,0.336196,0.371706,0.1501,0.650986,0.627437,-0.400013,-0.230443,0.426255,-0.14467,0.663855,0.204453,0.627849,-0.351143,58.37223529513427,-2.882290285714247,-11.767968817848615,2.7816445114141573,4.899151619133469,-1.9700849666701359,14.327039038071078,13.58678967022819,-0.225326,0.319937,-0.215796,0.388942,-0.0127666,0.147632,0.909267
20.526415586471558,0.535975887426781,0.6758925851454818,1.5416169604785497,-0.008898514272010917,-0.09155850676350533,0.05041168303335292,0.0152761,0.336172,0.371803,0.149036,0.649984,0.628243,-0.400775,-0.230255,0.434764,-0.140892,0.659314,0.215741,0.632938,-0.34373,56.686608076584456,-2.637188059095929,-11.507444976950655,2.1505363889364943,3.6799002292639473,-1.6387087676443315,14.791925244358183,13.055928608064493,-0.226111,0.330649,-0.21552,0.393052,-0.00390446,0.131517,0.910054
20.562899589538574,0.5623630601734488,0.6403490311691665,1.5268207261522468,-0.007407864117052398,-0.10453277058591989,0.05339966054688222,0.0153035,0.336171,0.371812,0.148641,0.650858,0.627277,-0.401015,-0.23012,0.441727,-0.137647,0.654293,0.224887,0.638094,-0.337881,55.20305657533578,-2.7483512462630726,-11.521440010395281,1.9297693797407636,3.2626614524141777,-1.5985244097212217,15.068363262054822,13.079561186544165,-0.226711,0.339846,-0.214881,0.394245,0.001401,0.122085,0.910859
20.599527835845947,0.4968860959950522,0.5152348835489862,1.4862949048033833,-0.024408142985389125,-0.08567042602317018,0.04475938921258132,0.0152851,0.336186,0.371794,0.149368,0.651453,0.627023,-0.400176,-0.229339,0.450708,-0.133262,0.647818,0.240712,0.642103,-0.331803,53.136152522898534,-2.744545701734051,-10.86735793566643,2.6758794742224747,4.942558893328817,-1.38654987201555,13.772684362784343,12.762581429969158,-0.227031,0.35152,-0.21407,0.396999,0.0103067,0.105111,0.911722
20.634811639785767,0.4732758563857264,0.4543063849542396,1.4230521025257148,-0.023391822904028723,-0.07606824192269022,0.04008218933298801,0.0153343,0.336156,0.371876,0.14847,0.650213,0.627803,-0.401302,-0.228647,0.455985,-0.130484,0.643891,0.247102,0.646265,-0.32663,51.9998454087171,-2.630083710427204,-10.760412389002507,2.07593466106919,2.428912190548049,-1.5102035938103882,15.195785615999474,12.955613719222695,-0.227325,0.358019,-0.213277,0.402379,0.0160407,0.0960589,0.910278
20.673130750656128,0.47620728055571176,0.4404027215849396,1.37078033423514,-0.006950673195719348,-0.08209885400397374,0.03623291736968841,0.0153444,0.336128,0.371873,0.14965,0.65034,0.627712,-0.4008,-0.227644,0.464376,-0.125976,0.637365,0.261208,0.649344,-0.322318,50.145334391748484,-2.6503934695578213,-9.9937718774544,1.684165702462587,3.8183514175819577,-1.0597068551486188,13.982514320366075,12.554852588697639,-0.227568,0.369307,-0.211623,0.404814,0.0232907,0.0838501,0.910249
20.71060085296631,0.45794579179120354,0.33524662590853915,1.3036628888899569,-0.021631295633280305,-0.07748143514485266,0.0348539454423595,0.0153562,0.33614,0.371903,0.148489,0.649911,0.627704,-0.401938,-0.227063,0.471972,-0.121255,0.630058,0.273671,0.654394,-0.316068,48.294919403290066,-2.538024993225072,-9.619086006417628,2.3708992439926675,2.6362409924124783,-1.4678036504906444,14.88355958408071,12.905193330126654,-0.22832,0.379329,-0.209704,0.409807,0.0316217,0.0708672,0.908865
20.74608325958252,0.4639868569154255,0.26445491556657147,1.2543389013926947,-0.026508263848699917,-0.08289289772858205,0.03422435024674163,0.0153697,0.33611,0.371877,0.149771,0.650425,0.627479,-0.40098,-0.22654,0.478901,-0.116627,0.623567,0.286117,0.657768,-0.310875,46.53467248881347,-2.6472482734989597,-9.060968886312814,2.603081696478096,4.541829775171044,-1.2789339168604812,13.68391061002025,12.52552691746167,-0.228992,0.388758,-0.20755,0.412947,0.039582,0.0598115,0.907926
20.78193211555481,0.47591112781985156,0.31491602293842097,1.1961564678304817,0.004057757137155344,-0.09187660993602435,0.02864377643859833,0.0153855,0.336104,0.371885,0.149813,0.650423,0.627398,-0.401096,-0.226342,0.482717,-0.113995,0.619466,0.291371,0.660627,-0.308118,45.64996635065931,-2.780043965450921,-8.883763448301469,2.315235118642544,4.260675105455338,-1.3251844531492196,14.023926743342328,12.754800994018803,-0.229428,0.393941,-0.206153,0.414456,0.0430962,0.0529287,0.907506
20.81685519218445,0.4585399576956702,0.3725032718816148,1.1347993682453232,0.041223448793058996,-0.08840400527288926,0.01881129871312813,0.0154305,0.336103,0.371939,0.148597,0.650171,0.627247,-0.402191,-0.225795,0.488857,-0.10971,0.610508,0.303906,0.665736,-0.302848,43.779853103721706,-2.7959920599988184,-8.396205468694122,4.555621109414112,3.474029083712728,-2.869810652287242,15.536653751632366,14.141608137549936,-0.230041,0.402218,-0.203968,0.418397,0.0511289,0.0433821,0.905786
20.854432344436646,0.523293133734845,0.25057102719346547,1.0974907854195348,0.012443819937492146,-0.11083704815495668,0.02550003172078436,0.0154195,0.336089,0.37189,0.149351,0.650403,0.627438,-0.401238,-0.225243,0.493375,-0.106313,0.605574,0.310029,0.66818,-0.30116,42.88092935640185,-3.0691860713108223,-7.952337401280852,3.8170797231451443,4.109861949409755,-2.28582381434385,14.820960641323005,13.705235899035417,-0.230529,0.408114,-0.20233,0.422643,0.0574344,0.0344081,0.90382
20.893150568008423,0.4823683936688613,0.34196277734774977,1.053768214583708,0.05513726918429703,-0.09936524552745672,0.012992727473775601,0.0154389,0.336075,0.371901,0.149186,0.65043,0.627319,-0.401442,-0.224481,0.497746,-0.103172,0.601081,0.318018,0.669563,-0.298749,41.85027199016101,-2.965191056871827,-7.525011872825167,3.9195568859749326,4.451896194876028,-2.2727086574051327,14.49480763578105,13.588781966197425,-0.230603,0.41438,-0.200281,0.424721,0.0606406,0.0275453,0.902871
20.928882360458374,0.4451423135585268,0.282762685421043,1.043424358179285,0.042447157804718076,-0.08721403878914634,0.012227740376447777,0.0154911,0.336077,0.371926,0.148668,0.650689,0.626912,-0.401849,-0.222815,0.503384,-0.0992436,0.594325,0.329076,0.671488,-0.295957,40.44526539642161,-2.8565119211741754,-6.921232648254408,4.718520295762673,4.359086045474727,-2.6380012185682418,14.744494085216582,13.830003084752473,-0.230256,0.422245,-0.197897,0.428928,0.0648395,0.0189706,0.900809
20.964921712875366,0.3213839941333361,0.3421983944180586,1.0286197369376142,0.07656823322862347,-0.04151386412041774,-0.0038258674832428517,0.0155321,0.336112,0.371946,0.14899,0.649373,0.628532,-0.401327,-0.221035,0.508965,-0.0951706,0.588842,0.338661,0.672795,-0.293122,39.25267411432578,-2.6488647417106694,-6.1285479233660825,4.28508217242631,4.0605411160495635,-2.408248819559681,14.473147466434188,13.612885354516443,-0.229671,0.429968,-0.195507,0.433502,0.0711769,0.00946618,0.898287
21.00191855430603,0.39392053493190926,0.26398733398587076,0.9604616868625216,0.0561434189019856,-0.07002231829746829,0.002337428898700696,0.0155454,0.336072,0.371969,0.14802,0.65098,0.626921,-0.401603,-0.219622,0.513481,-0.0916866,0.583345,0.34561,0.675062,-0.29078,38.27523639094109,-2.793600519739723,-5.996951627753903,4.453145506231809,3.547128726341561,-2.2879108756543687,14.479901162029906,13.616890621878182,-0.229309,0.436284,-0.19333,0.438417,0.0762198,0.00237428,0.895531
21.038285493850708,0.2833788331516865,0.22899417308724299,0.9386083062682102,0.05487543374967375,-0.028533803259044522,-0.0023265756462443176,0.015637,0.336042,0.372042,0.148034,0.652066,0.626366,-0.400702,-0.218199,0.517946,-0.0880741,0.577303,0.354131,0.676757,-0.288639,37.19126973090492,-2.92867767899744,-5.501507926893304,5.109049399634473,4.473451008070622,-2.369545052793825,14.048654875830895,13.647383061568881,-0.228997,0.442324,-0.191201,0.443156,0.0816206,-0.00717304,0.892692
21.07587957382202,0.345726735633963,0.2923618317698502,0.8883484566329037,0.09049151301647805,-0.054218169442082256,-0.010243021447258634,0.015698,0.336063,0.372074,0.148221,0.650665,0.627722,-0.400787,-0.216928,0.523317,-0.0831459,0.572096,0.363134,0.677816,-0.285315,36.00277419596824,-2.6124716136178527,-4.844673912179115,4.003679861344576,4.345354319871991,-1.7656802528297817,13.147137508026495,12.735109605882139,-0.228544,0.45049,-0.187724,0.4448,0.0874113,-0.0184145,0.891164
21.111007690429688,0.44437269912163135,0.2524598919143628,0.8076165310423224,0.0803020686777381,-0.09669355166964773,-0.006876728063830263,0.0157336,0.336035,0.372097,0.147779,0.650371,0.628113,-0.400815,-0.216282,0.527694,-0.0788194,0.566412,0.370936,0.680696,-0.279707,34.72748863909677,-2.5202936966053757,-4.64584163761064,4.4104385806805855,3.9767654229645752,-2.117656725605819,13.503143460175876,13.014817207447253,-0.22858,0.457207,-0.184778,0.446523,0.0917682,-0.0234124,0.889746
21.14605164527893,0.3525607743233579,0.20098074134705698,0.728135995017484,0.07259739883570088,-0.06793077409749182,-0.009371711530150529,0.0158293,0.336018,0.37216,0.147163,0.650443,0.628105,-0.400937,-0.214828,0.533357,-0.073211,0.560267,0.379553,0.682454,-0.27622,33.53914531639053,-2.4049078194057465,-4.2376599391596095,3.3379124627344368,3.679572329447374,-1.3497876708397953,12.824161572708038,11.798338082796073,-0.228278,0.4656,-0.180936,0.450052,0.0993263,-0.0343445,0.886797
21.182537078857422,0.2534743338807074,0.13085162878718848,0.7086879914916517,0.05483292878147715,-0.03199680975726547,-0.007466561951139721,0.0159075,0.336002,0.372189,0.14529,0.650685,0.628953,-0.399897,-0.213849,0.536867,-0.0697663,0.555001,0.387207,0.683468,-0.273709,32.76953575501581,-2.2563326396652057,-3.7927648096164503,5.033933636599221,4.054424074394802,-1.3157428895467476,12.453636103379615,12.02793342434252,-0.227985,0.470624,-0.17874,0.452104,0.106723,-0.0427251,0.884526
21.218994617462158,0.31013956572557105,0.09204623858144421,0.5941245913885841,0.046915791085202545,-0.060829340786066805,-0.008631671951395336,0.0160007,0.335947,0.372235,0.145517,0.649678,0.629451,-0.400669,-0.212692,0.54226,-0.0638823,0.550243,0.394275,0.684828,-0.269798,31.639777068722175,-1.995539759868212,-3.4642695561460375,2.2579745304522696,3.3625693934325467,-0.3113789388904671,11.989865764861491,10.23431909385911,-0.228031,0.479018,-0.174325,0.455479,0.112522,-0.0550851,0.881387
21.256025552749634,0.3783558053742904,0.020758083925889893,0.5078023109942075,0.02730564194419037,-0.08985611657699022,-0.008884906671761702,0.0161351,0.335889,0.372275,0.143996,0.649911,0.629263,-0.401135,-0.211721,0.547263,-0.0580415,0.54253,0.404086,0.688575,-0.261227,29.95641849778573,-1.8484389881840972,-3.493855848298761,3.5214896125455297,2.429469957614023,-1.1199107708581977,12.970211429200711,10.870463170483815,-0.227939,0.486512,-0.17061,0.460131,0.12649,-0.0613904,0.876648
21.29525399208069,0.26259402272812576,0.08666079460596746,0.4960862757176547,0.05203914243305626,-0.04837739725265638,-0.012948780768203378,0.0161957,0.33589,0.372297,0.143406,0.650159,0.629362,-0.400789,-0.210969,0.550064,-0.0546603,0.53791,0.40818,0.690173,-0.260199,29.368009210312906,-1.9785507703531378,-3.1881637579940776,3.255779225937218,2.310141826520879,-0.6629756268914981,12.536790843360633,10.424115196360813,-0.227767,0.491072,-0.168059,0.461576,0.131074,-0.0677086,0.874747
21.33172297477722,0.23042901013600475,0.04915831468814707,0.4414707642035337,0.04255440029482426,-0.04120315627725563,-0.010087390338147742,0.016313,0.335843,0.372276,0.144118,0.649829,0.628713,-0.402084,-0.209796,0.55449,-0.0492922,0.529461,0.417773,0.692002,-0.25743,27.80217337270243,-1.9091512023398132,-2.576490131130809,2.83345387356783,2.8186798157301123,-1.3922424720640123,12.799752800480952,11.025438323985838,-0.227695,0.49799,-0.163701,0.464811,0.135444,-0.0774336,0.871556
21.369203805923462,0.29678837186148066,0.05620487563788203,0.3889805567445521,0.048738435280777107,-0.06875792703025158,-0.01840777735064622,0.016422,0.335796,0.372269,0.144303,0.649463,0.62832,-0.403223,-0.209069,0.558433,-0.0439219,0.52325,0.425259,0.693741,-0.253156,26.488232146829755,-1.7603670751182319,-2.3249145858394424,1.875462218608826,2.8534699934113688,-1.5320569196946536,12.81059424982471,11.12577443887712,-0.227587,0.50422,-0.15975,0.466623,0.145457,-0.0849258,0.86827
21.40717649459839,0.3095980190970984,0.024488044537780942,0.29056347940282923,0.03358709729646195,-0.08350895179500782,-0.017147243141899346,0.0165613,0.3358,0.372329,0.143391,0.649896,0.627986,-0.40337,-0.207908,0.562219,-0.0388706,0.518526,0.432971,0.694186,-0.248541,25.441648210861167,-1.4782860377496612,-2.1864057475545575,1.62550682807184,3.2040734026160704,-1.1008378860248555,12.066937852182019,10.620625133477754,-0.227405,0.510364,-0.155577,0.469825,0.151741,-0.0932695,0.864604
21.44524621963501,0.36891797704570095,0.10782642501280913,0.27221302266327685,0.06479939913088867,-0.10667124617391997,-0.029200676479680623,0.0165936,0.335748,0.372371,0.142929,0.649129,0.628485,-0.403991,-0.207445,0.564247,-0.0360266,0.513775,0.437556,0.695697,-0.246141,24.65117136483241,-1.3826665965065275,-1.9399061616462845,2.0937020569682456,2.646622649149923,-1.8030788071217927,12.859129701952778,11.203671461569467,-0.227479,0.513915,-0.152804,0.470233,0.149098,-0.0992791,0.864172
21.482295751571655,0.33640577736125166,0.11661030813631178,0.29583462718209025,0.07179697632300362,-0.09152105225935225,-0.03177452549677029,0.0166452,0.335808,0.372405,0.141606,0.650217,0.62881,-0.402198,-0.206306,0.567388,-0.0313617,0.509413,0.443191,0.696647,-0.242411,23.999108073273117,-1.385443813129973,-1.7673931923366695,2.3790420495981603,3.211067798858446,-0.5497191387369362,11.337998763464444,9.953987667550507,-0.226787,0.519499,-0.149044,0.470798,0.155606,-0.10512,0.862024
21.51982283592224,0.16541447358352238,0.02273430254307234,0.20782779335598073,0.034274955427014454,-0.0393532358680731,-0.010728826211181366,0.0167678,0.335798,0.372596,0.139751,0.650593,0.628081,-0.403377,-0.204268,0.57084,-0.0267606,0.503061,0.450209,0.697888,-0.239154,22.968456722832858,-1.2358411508846407,-1.6309554324607998,2.864489379491822,1.6723355986743558,-0.778691323338272,12.170606828140949,10.066712895147315,-0.225801,0.525153,-0.145093,0.47445,0.159625,-0.113516,0.858214
21.556864500045776,0.18640132821791472,0.08229307228598774,0.23132622099887518,0.06211562166560502,-0.04292018038883013,-0.022005699671025943,0.0167909,0.335787,0.372616,0.139498,0.650583,0.628178,-0.403329,-0.202865,0.573964,-0.0221275,0.496878,0.457503,0.69865,-0.235989,21.904327997463813,-1.0903892802314161,-1.2331452609484739,2.9719288318847497,1.890392736860786,-0.8622089579457963,12.015294869731957,10.09186649298131,-0.225031,0.53031,-0.141655,0.477158,0.168655,-0.121589,0.853869
21.595460414886475,0.22852011530105437,0.13448845541356497,0.17157567748686384,0.07437730562646541,-0.06387998987969823,-0.03256318074118997,0.0168167,0.335764,0.372702,0.138899,0.650559,0.628296,-0.403391,-0.201495,0.576991,-0.01722,0.493191,0.462131,0.699984,-0.230695,21.044112305513753,-0.9554352450477885,-1.3256050555280652,1.853606336431211,0.6478271921673446,-0.28461029206313526,12.315509190956348,9.898362528883,-0.224406,0.535903,-0.137165,0.479048,0.171519,-0.128674,0.851198
21.63162064552307,0.1345540847774252,0.0719006390306152,0.11762002616620455,0.04797904921151739,-0.03575325511426426,-0.018355968281453285,0.0168754,0.335752,0.372752,0.138714,0.650092,0.629089,-0.402971,-0.200566,0.579043,-0.0141186,0.489886,0.466428,0.700132,-0.228629,20.478907761158233,-0.7688853810217833,-1.0405297283553683,1.4995945373690702,0.7073674837582011,-0.12950693051492834,12.009279412640135,9.81860514958964,-0.223765,0.539291,-0.134572,0.479732,0.176166,-0.132862,0.849217
21.669799327850342,0.12014920736918422,0.06794629686397212,0.08727565304728307,0.04512403718620047,-0.03590557865420662,-0.01724683028033802,0.0169652,0.335716,0.372838,0.138055,0.649981,0.629008,-0.403503,-0.199177,0.582154,-0.00894814,0.482275,0.473965,0.701596,-0.22479,19.238838697607168,-0.6636638513016075,-0.7039028543962811,1.9500802229675624,0.43564222282474674,-0.7284031551378938,12.426146686882618,10.331074933665752,-0.22308,0.544992,-0.129595,0.480245,0.17733,-0.140776,0.847409
21.70722532272339,0.27420397409672326,0.19079615623903465,0.06638280589146098,0.08530384832288104,-0.09099215186655916,-0.04892348542410506,0.0170075,0.335735,0.372915,0.138594,0.649767,0.629411,-0.403033,-0.198203,0.584966,-0.00363319,0.477857,0.479923,0.702284,-0.219372,18.195080302828924,-0.4651870332580279,-0.5685040573144793,0.8799696553612506,0.7976349744606885,-0.4333266735768966,11.635745761743987,10.339803339281262,-0.222605,0.550302,-0.125023,0.481525,0.183785,-0.148576,0.843968
21.743894815444946,0.15231258497826067,0.008170232694976047,-0.04652205355173033,0.00799579766742645,-0.061075792540737,-0.01564496535548918,0.0170672,0.335712,0.372982,0.138463,0.64987,0.629302,-0.403083,-0.197122,0.586828,-0.00037661,0.474294,0.483484,0.703007,-0.216956,17.56832983040843,-0.43444369160747787,-0.45127929073228756,0.34383432878833275,0.41729340589791697,-0.3636720018346722,11.64792391766505,10.432710390371938,-0.221882,0.553866,-0.12192,0.481865,0.18524,-0.153266,0.842616
21.780832290649414,0.0861836183062914,0.06372327345048989,-0.11170357028313634,0.020027709720307593,-0.04373177754707291,-0.01367796381340544,0.0171908,0.335711,0.373099,0.139433,0.649196,0.629988,-0.402764,-0.195357,0.589771,0.00474459,0.465526,0.491931,0.702972,-0.217071,16.420995069845837,-0.27613142000531354,0.5824653630224788,0.15979615282109627,1.9546449740195726,-0.8851043687296425,11.315641403894414,10.957958451057477,-0.220822,0.559005,-0.117272,0.484852,0.19037,-0.161131,0.838281
21.81725835800171,0.22418517705796442,0.014921166606462909,-0.15874981102222235,-0.0002835843694442206,-0.09486111481935432,-0.027922687480923122,0.0171579,0.335718,0.373142,0.138769,0.649438,0.629766,-0.402949,-0.194057,0.592228,0.00966287,0.46077,0.497043,0.704007,-0.212164,15.485075780363475,-0.1686361506138343,0.5558363860680391,-0.33793411834280995,1.1768967661090715,-0.6808665468117816,11.36903368468649,10.949439983648842,-0.219966,0.563768,-0.112896,0.485651,0.194511,-0.169224,0.835268
21.85385227203369,0.08797851031962312,0.00850175248389499,-0.1641435455444184,-0.005430693644279089,-0.05009808057615002,-0.009566321040187674,0.0172213,0.335705,0.373281,0.138175,0.648495,0.630921,-0.402865,-0.192842,0.594113,0.0134021,0.45551,0.50171,0.7047,-0.210227,14.786054038275255,0.018664160259368012,0.9365951326306803,-0.18539933329978808,0.5736319173901148,-0.9068269824360939,11.747579086894142,11.05527047746994,-0.218945,0.567456,-0.109401,0.485958,0.198226,-0.173839,0.833265
21.89145517349243,0.024690361106380874,-0.026921131139042008,-0.25178455529782007,-0.031188092480720308,-0.03816540883706166,0.0035038732611973717,0.0173184,0.335662,0.373427,0.136592,0.648427,0.63177,-0.402184,-0.191548,0.595885,0.0168959,0.451844,0.505852,0.704773,-0.207958,14.347612646403029,0.21635629858429528,1.1118654485059842,0.08524985085296954,0.09482264358702164,-0.35667429214551305,11.394001926103732,10.380626169699031,-0.218351,0.570646,-0.106199,0.488741,0.200727,-0.179427,0.829848
21.939725875854492,0.14269281387872615,0.2005837165988698,-0.15711659644642212,0.06182837521918069,-0.06753986777961112,-0.03824031037922146,0.0172835,0.335645,0.373463,0.136374,0.648196,0.631821,-0.402551,-0.1907,0.598009,0.0216731,0.445233,0.512231,0.70639,-0.200998,13.011197720344704,0.35985293559928333,1.0931742461475178,0.930124889315179,-0.44928644049606525,-1.6071070211891438,12.47942614267101,11.371031996254612,-0.217726,0.574767,-0.101707,0.489946,0.204996,-0.184563,0.826962
21.977319955825806,0.12679927247387773,0.15689377130936644,-0.2577975645471259,0.0315372517667379,-0.07148263225288576,-0.03108877425687562,0.017351,0.335629,0.37358,0.13536,0.648553,0.632076,-0.401916,-0.18972,0.59957,0.0257488,0.441536,0.516844,0.705774,-0.1995,12.544009209378231,0.5513186069014973,1.355711671150404,0.621024477001626,0.3378208519268098,-0.5056386217600135,11.086586642147523,10.241597162765522,-0.216856,0.578454,-0.0976687,0.489184,0.207412,-0.189763,0.825632
22.0128755569458,0.05834625974245977,0.10931284130535986,-0.3150044826012078,0.006099516587855781,-0.054856981771103534,-0.017920923210873504,0.0175353,0.335535,0.37377,0.136897,0.64856,0.631925,-0.401621,-0.188931,0.601128,0.0292417,0.437039,0.520516,0.707553,-0.193467,11.455354798830351,0.47629301144973646,1.3288710800965475,0.4031441682796473,0.21181124019532582,-1.987121542977654,12.423671575598863,11.677018236384008,-0.216118,0.581422,-0.0948102,0.488773,0.211063,-0.198079,0.822994
22.048282384872437,0.07486082956606852,0.0886312399507963,-0.35595687094471773,-0.007730561941548658,-0.06369216734758616,-0.019332963735977888,0.0175388,0.335536,0.373808,0.137005,0.64844,0.631773,-0.402016,-0.18787,0.602711,0.0333126,0.433597,0.523756,0.707633,-0.19217,10.898882872878794,0.5675290353464995,1.521531952098778,-1.209129756221099,0.09889018160313068,-1.3760651988638983,12.397397325189868,11.114140545137863,-0.215219,0.585165,-0.0907151,0.48821,0.213975,-0.204231,0.821069
22.08276104927063,0.046815203570516786,0.02094251854684414,-0.4218359381859087,-0.043633042537242386,-0.062270234852545174,-0.007528915495752039,0.0175948,0.335524,0.373862,0.136025,0.649042,0.631298,-0.402125,-0.187225,0.603708,0.0358096,0.430509,0.52686,0.707525,-0.191021,10.502128069023327,0.6137667496944276,1.6140287561459896,-1.0164255600966214,0.42763258498512435,-1.0827425443693244,11.918239269315364,10.74710103294754,-0.214936,0.587126,-0.0883618,0.489666,0.215948,-0.207652,0.818825
22.120383977890015,0.013523807652667998,0.033925226405602416,-0.4587596214030854,-0.04743177852803626,-0.055580867454776375,-0.004389597677016993,0.0177155,0.335497,0.374014,0.135255,0.650626,0.630575,-0.400957,-0.186513,0.60512,0.0396012,0.428076,0.529825,0.707861,-0.187001,10.02561225491229,0.5235760884625211,1.4742823248092254,-1.491685295657943,1.097306654956486,-0.1465151867536747,10.607503535426314,9.980014693282206,-0.214292,0.590325,-0.0848161,0.489059,0.220359,-0.212856,0.816674
22.15478277206421,0.0596171790706913,0.09545431054547611,-0.44174366631110956,-0.024029444870012403,-0.06686349373434493,-0.018279846078552386,0.0177264,0.335457,0.374071,0.135416,0.650113,0.630549,-0.401775,-0.18597,0.606077,0.0423494,0.423711,0.532742,0.709016,-0.184257,9.269482155785436,0.5440141592479543,1.554156787566857,-1.384101047704485,0.46311846180666016,-1.1167902136879846,11.568641124488089,10.910558447005933,-0.213966,0.592426,-0.0821128,0.489535,0.222171,-0.215373,0.815236
22.189913749694824,-0.0031113852078823024,0.2229611218921903,-0.3950531261619809,0.022516328793962544,-0.0443411257349693,-0.022584056931139407,0.0177424,0.335458,0.374148,0.13405,0.650027,0.631219,-0.40132,-0.185624,0.606932,0.0449126,0.420514,0.53492,0.709976,-0.181554,8.88927303028886,0.5671409665186017,1.5499913250001,-0.7451295678337146,-0.09379828669230328,-0.9676844989428375,11.510681016300937,10.594999786730222,-0.213824,0.594426,-0.0796998,0.489968,0.22456,-0.219445,0.813233
22.225325345993042,0.017210323191013312,0.1572997335302231,-0.48891577187080154,-0.015409904807600537,-0.059079742309362256,-0.01973243958480416,0.0178143,0.335424,0.374249,0.133211,0.649992,0.631665,-0.400956,-0.185148,0.608054,0.0481375,0.41766,0.537749,0.710274,-0.178598,8.433578187587022,0.67975960184795,1.554715476755467,-0.9696712473569704,-0.1783725706810646,-0.6900062773299531,11.096692443174991,10.277416549928736,-0.213443,0.596916,-0.0765697,0.489262,0.227628,-0.223368,0.811735
22.262293815612793,0.006520257743732614,0.15137759131611453,-0.5004945342176967,-0.02041665211781667,-0.057928364335676386,-0.018200888430745615,0.0179143,0.335393,0.374386,0.134437,0.648628,0.632979,-0.400681,-0.184661,0.608822,0.0505626,0.416002,0.539984,0.709838,-0.177449,8.05786731459374,0.9675015996870915,1.840546849997132,-2.2628396181482486,0.10508619506041761,-0.8127902682375066,11.006013175180938,10.594126266973904,-0.2134,0.598768,-0.0741873,0.490352,0.230149,-0.227561,0.809199
22.302557945251465,-0.013413989580522211,0.10982201443374692,-0.5551423980759329,-0.04424009542768709,-0.05783267057165147,-0.009573969603861456,0.0179694,0.335333,0.374469,0.132257,0.649087,0.632868,-0.40084,-0.184344,0.609888,0.0536961,0.411265,0.542,0.711491,-0.175721,7.642658030811964,0.795190233009448,1.8472487361129453,-1.6494173406572674,-0.5557907928414618,-0.6444649056416942,10.912470141949704,10.23034619490425,-0.212904,0.601203,-0.0710437,0.488812,0.232348,-0.230727,0.808605
22.34012222290039,0.04519437330824222,0.14215569035230655,-0.568963054867128,-0.04097909495311955,-0.07733434713074908,-0.021089645316643577,0.0180513,0.335285,0.374545,0.13217,0.649379,0.633004,-0.40018,-0.183904,0.610711,0.0561376,0.40844,0.545204,0.711203,-0.173553,7.181422439053701,0.9004739857203007,1.9932376200237858,-1.5452085092559855,0.32942678648771473,-0.6667722062199246,10.61013197653853,10.391632161177595,-0.212511,0.603068,-0.0686508,0.488027,0.234033,-0.234659,0.807461
22.377800464630127,0.035163285853575636,0.16119781167504663,-0.6405444395793285,-0.050831775159183926,-0.0798473567415221,-0.019787294353642113,0.0181008,0.335293,0.374656,0.133152,0.648698,0.633431,-0.400282,-0.183466,0.611624,0.0588765,0.407208,0.548371,0.710487,-0.16935,6.557916678896606,1.23868445947275,1.913716156488217,-2.491246054568771,0.45231465197735155,-1.1756950101020323,10.949365996453173,10.833388766799334,-0.212295,0.605063,-0.0659842,0.488473,0.235861,-0.238331,0.805582
22.413675546646118,0.02923334916666662,0.11957970527999885,-0.592708587939249,-0.05513620978553197,-0.07161575570738553,-0.014161391431979574,0.0181196,0.335278,0.374734,0.132633,0.648642,0.633701,-0.400118,-0.183296,0.612175,0.0607617,0.406013,0.549373,0.710895,-0.167247,6.329999719788658,1.2715127437929241,1.8189524715848648,-2.8253049249560362,0.08779047953486607,-0.9678491891247987,10.869584141006017,10.456299298597513,-0.211914,0.606525,-0.0640955,0.486488,0.237313,-0.240122,0.805825
22.451030015945435,-0.044521463201459895,0.0632640755282261,-0.6842168792334489,-0.09117082190516308,-0.06139395841378622,0.004317943938844292,0.0181836,0.335223,0.374793,0.130813,0.649951,0.633102,-0.399543,-0.183266,0.612733,0.0627433,0.404995,0.550946,0.711082,-0.163708,6.117867138567582,1.2193058476847418,1.4842245904824534,-2.3039246701369347,0.19272668050998387,-0.3005978713452926,10.077975544070895,9.878443715817006,-0.212111,0.607857,-0.0621348,0.487174,0.239361,-0.243279,0.803855
22.487682580947876,0.05305176896240144,0.20356700344683173,-0.5861948856224161,-0.0295956846670419,-0.08173064293905259,-0.02923418692090782,0.0182039,0.335238,0.374856,0.13089,0.648866,0.63431,-0.399364,-0.183676,0.612977,0.064061,0.40486,0.55041,0.711917,-0.162208,6.050229175764572,1.284372181526005,1.4208498570718735,-3.1364294204042427,-0.42136839244209234,-0.18400858342345572,10.211906450044934,9.517583179975954,-0.212548,0.608609,-0.0608362,0.486675,0.240065,-0.245011,0.803421
22.522752046585083,-0.0044808265742552825,0.18506831803004672,-0.6199460616065732,-0.042721502728628166,-0.06670900302624273,-0.014933518862472793,0.0182282,0.335239,0.374878,0.13054,0.64877,0.634454,-0.399405,-0.183804,0.613366,0.0652779,0.402814,0.551911,0.712327,-0.16039,5.7208529359815925,1.3110736445496611,1.412525098124819,-2.645771683112418,-0.324959860590627,-0.650837903229526,10.494400339795707,9.97900565024823,-0.212735,0.609447,-0.0595755,0.486,0.240799,-0.246235,0.803236
22.56130623817444,0.010812601062523438,0.20428423184896274,-0.6566666008539661,-0.04448800523541306,-0.07611976132948535,-0.02150652002322096,0.0183496,0.33519,0.374881,0.129734,0.649987,0.633435,-0.399308,-0.184017,0.613838,0.0667281,0.40073,0.553712,0.712477,-0.158729,5.41533723951125,1.1925226452972433,1.339924942531761,-2.1551862201393135,0.7101704838821261,-0.6601113832872514,10.134103903095294,10.162414844570026,-0.213222,0.610286,-0.0582337,0.486297,0.242834,-0.247249,0.802131
22.59683132171631,0.0981517095793493,0.266186391300859,-0.5781012856895208,-0.01237508304640531,-0.09509135867286918,-0.044707358183092676,0.0183881,0.335153,0.374924,0.129304,0.648979,0.634271,-0.399759,-0.184394,0.614126,0.068076,0.40052,0.554016,0.712809,-0.156695,5.25927945706063,1.3598065530191876,1.16535087746891,-2.6787002202845063,-0.00616827895206562,-0.7784531138622626,10.47103397425442,9.988219059540716,-0.213594,0.611017,-0.0569647,0.485524,0.243704,-0.249265,0.801712
22.63248062133789,0.028052652828027668,0.23642950153804076,-0.5998632427126984,-0.025041924144524268,-0.07584011032053195,-0.02927868170077114,0.0184107,0.335133,0.374958,0.129055,0.648729,0.634488,-0.399901,-0.184434,0.614369,0.0687882,0.399899,0.554354,0.713165,-0.155461,5.121227523641283,1.3836964334782802,1.0857113891025225,-2.7163263395471855,-0.3921189410719048,-1.0055098290958284,10.745573754872842,10.141192108878494,-0.213591,0.611563,-0.0561743,0.484917,0.244749,-0.249857,0.801577
22.669775247573853,0.0024938692010083702,0.20115210902053215,-0.646108093179431,-0.04695108884029566,-0.07227075274401698,-0.01997669469489623,0.0185221,0.335059,0.375014,0.130195,0.648628,0.63399,-0.400484,-0.184314,0.614765,0.0700672,0.398981,0.554973,0.713291,-0.155029,4.834497123203313,1.3600732450611535,1.1411421865610727,-3.9319701176787234,-0.05021060652997278,-1.4392312917757621,11.093583163017993,10.471646993099677,-0.213765,0.612396,-0.05493,0.485518,0.246118,-0.251187,0.800377
22.70559573173523,0.04074052903737553,0.18769390698558075,-0.6551794931671819,-0.05200719956774667,-0.0841745924850473,-0.02641512596238092,0.0184924,0.335061,0.375014,0.128866,0.647935,0.634766,-0.400808,-0.18457,0.615007,0.0711947,0.397008,0.555966,0.713856,-0.153935,4.664371837028476,1.4532976596262221,1.1164990611198213,-3.22306158418413,-0.6625377143854099,-1.5930315692217647,11.269804037759497,10.547313087162367,-0.213958,0.61319,-0.0536647,0.484224,0.246163,-0.251902,0.800922
22.74342703819275,0.019017138295572392,0.16763367590007022,-0.7032711639021731,-0.06993704675487321,-0.08368709941136443,-0.020653247478478177,0.0185198,0.335033,0.375053,0.12778,0.647722,0.635358,-0.400561,-0.184758,0.615175,0.0717487,0.397431,0.556615,0.713212,-0.153483,4.765916374088049,1.6373304620112297,1.0491003427037189,-3.1744094159280802,-0.5651983305715493,-1.0499405272048037,10.733134495320657,9.9299534157585,-0.214275,0.613446,-0.0531507,0.484704,0.247541,-0.252154,0.800128
22.780090808868408,0.0005023924253783798,0.168275202876024,-0.6910607075388703,-0.06751097342707246,-0.07758123827189747,-0.017072788653096384,0.0185711,0.335016,0.375066,0.127257,0.647697,0.635386,-0.400723,-0.18507,0.615331,0.0724373,0.396912,0.55652,0.713689,-0.152952,4.724435886485586,1.5933192584844773,0.9764059461714041,-3.3061162355934623,-0.6462232058061694,-0.9613589812321095,10.648659410180496,9.843513249951299,-0.214616,0.613874,-0.0523826,0.484174,0.247783,-0.253208,0.800041
22.816770553588867,0.04118621890735964,0.24204280644235934,-0.6261228187555788,-0.03236324683706883,-0.08363026366382391,-0.03209807644166102,0.0185705,0.335018,0.37503,0.127535,0.647252,0.635469,-0.401223,-0.185368,0.615434,0.0728903,0.395865,0.556349,0.714697,-0.151573,4.486504313672908,1.5237531217784386,0.891754789917881,-3.2892053462528636,-1.185566623881103,-1.6919425280970515,11.406874226290173,10.569795688997678,-0.214911,0.614101,-0.0519608,0.483825,0.248026,-0.253579,0.800059
22.85503911972046,-0.03208962735888046,0.1710692991653655,-0.6831638726277018,-0.06261104994920476,-0.06649347910561948,-0.011444620084358263,0.0185721,0.335019,0.375036,0.127448,0.647256,0.635529,-0.401148,-0.185404,0.615388,0.0730294,0.395491,0.557068,0.714269,-0.151926,4.466445708361621,1.592074541100005,0.977835544221044,-3.0730216016105842,-0.7072186815456387,-1.5690296607854108,11.19028059157764,10.421665416582305,-0.214986,0.614157,-0.051867,0.483578,0.248488,-0.253759,0.800008
22.893474578857422,0.019129485875105646,0.17094766025407201,-0.695928591526927,-0.06786630078352307,-0.08324430654236187,-0.02000666127133369,0.0186632,0.335021,0.375043,0.127839,0.646641,0.635885,-0.40145,-0.185514,0.615428,0.0732777,0.395716,0.555797,0.714824,-0.15338,4.592747375943805,1.5375580217180043,1.07354602958066,-4.141099474918503,-0.9748115280159819,-1.3779215046765216,11.118847078265967,10.25041041045558,-0.215196,0.614286,-0.0515681,0.483485,0.24954,-0.253538,0.799807
22.940085887908936,-0.003623433683732004,0.2150779988004629,-0.642236892140406,-0.04396562435789224,-0.07245948088313268,-0.020750606481952726,0.018629,0.33503,0.375006,0.127411,0.646663,0.635813,-0.401665,-0.185889,0.615438,0.073445,0.394786,0.556148,0.71515,-0.152985,4.49510426023773,1.5080912447148327,1.0531141049126944,-3.6257463113316497,-0.8576960468867547,-1.6090095221966578,11.274707905785498,10.484546496960574,-0.215627,0.614253,-0.0513442,0.48353,0.248936,-0.254118,0.799783
22.979498147964478,-0.018435006582561933,0.1741391326859186,-0.7020495620861371,-0.06983799362595841,-0.07502004672981613,-0.014300957161950288,0.0186358,0.335024,0.375002,0.127372,0.646562,0.635893,-0.401714,-0.186033,0.615433,0.0734125,0.395485,0.555564,0.715283,-0.152676,4.554985734866365,1.5048105492405046,0.9591669818954269,-3.934887758830328,-1.1015558038689637,-1.5194617697643906,11.259426904589526,10.40408793987621,-0.215988,0.614116,-0.0515233,0.484757,0.250065,-0.254201,0.798662
23.01978325843811,0.08441251299797524,0.23590244944527655,-0.6524640160062817,-0.04132536109901982,-0.09800375801273169,-0.0387452552638017,0.0186535,0.335032,0.374985,0.127415,0.646557,0.635854,-0.401771,-0.186048,0.615365,0.0731872,0.394853,0.556586,0.714935,-0.152223,4.41947239403617,1.5799725983260937,0.9933641985200392,-3.1957978403226246,-0.771982809952771,-1.9413773873559563,11.55400079549778,10.782904997780285,-0.215899,0.613972,-0.0517011,0.483866,0.249824,-0.253,0.799658
23.059631824493408,0.061205502915408695,0.19385981706337319,-0.654966217232032,-0.052670928167323494,-0.09257068511108632,-0.03235260441602269,0.0186578,0.335044,0.374957,0.127893,0.646816,0.635633,-0.401551,-0.186237,0.615219,0.0728502,0.395936,0.555396,0.714991,-0.153486,4.617601913743246,1.476157988595481,1.0365936359552244,-3.9482387843781677,-0.3616207617811531,-1.4577559069125101,11.092727519651165,10.380497503468256,-0.216009,0.613744,-0.052037,0.483893,0.24928,-0.252926,0.799835
23.100473642349243,-0.05346738827006146,0.11617532805528247,-0.6930100041037114,-0.08581800605939503,-0.06220845614412704,-0.0014383392822237945,0.0186347,0.335068,0.37494,0.126904,0.647289,0.63575,-0.400917,-0.186202,0.615112,0.0724667,0.396274,0.555306,0.714866,-0.153524,4.789485169476014,1.4544468367648375,0.9934455778654048,-3.2278738441142174,-0.34450635532976737,-0.9187210758868929,10.587933241611555,9.904041145635212,-0.215924,0.61354,-0.0523618,0.483817,0.248745,-0.252537,0.80017
23.138368606567383,-0.0860341790391331,0.02644044676931733,-0.7498564820468656,-0.1272077709060545,-0.057111586244191194,0.01613736228587194,0.0186895,0.335033,0.374967,0.12837,0.64639,0.63598,-0.401535,-0.186066,0.615079,0.0719924,0.3964,0.55513,0.714919,-0.153586,4.638865294056314,1.5325365799440922,1.0652371971044232,-3.6802686527492483,-0.6957002053395431,-1.9569910351465936,11.62444058851942,10.842003591232292,-0.215823,0.613217,-0.05289,0.484101,0.24845,-0.251516,0.800412
23.17744016647339,-0.03267338572637646,0.08190882250934235,-0.7173618525857843,-0.1019788884875846,-0.0698179963054955,-0.0005105110188709978,0.0185981,0.33508,0.374875,0.126748,0.647535,0.635416,-0.401099,-0.186475,0.614609,0.0706402,0.397677,0.553709,0.714905,-0.155467,5.104394900247144,1.351253370185724,0.9820333406374537,-2.8156672259782844,-0.388297889259154,-0.8416730936870636,10.600570260776918,9.975750661402376,-0.216095,0.612257,-0.0541875,0.483495,0.246887,-0.250418,0.801605
23.213911056518555,0.023582392439842035,0.1426775010769707,-0.638383593964322,-0.06743150291852863,-0.08030714996758942,-0.018265538194365556,0.018514,0.335128,0.374695,0.12703,0.64849,0.634116,-0.401523,-0.187001,0.614104,0.0691283,0.399142,0.552195,0.714865,-0.157268,5.334647410285721,1.1429216835926388,0.9167261403574489,-2.8897653584215544,0.27003425087990696,-0.5821837369842662,10.280877986291761,9.897062006458649,-0.216644,0.611094,-0.0557308,0.484236,0.246717,-0.248502,0.801807
23.250163078308105,0.021881680713067814,0.017000404507008397,-0.7489831904393913,-0.1283920439431301,-0.09102267093298114,-0.004518599875339383,0.0184635,0.335155,0.374609,0.127912,0.648055,0.634152,-0.401889,-0.187379,0.613531,0.0669914,0.399988,0.551124,0.714413,-0.160889,5.604973107546827,1.1482152269408918,1.1990724194024445,-2.6861195457197855,0.9260775987759864,-0.949315052896992,10.413174623806425,10.427609668921395,-0.216967,0.609546,-0.0579097,0.48393,0.245139,-0.244776,0.803619
23.288636445999146,0.01626109489406351,-0.011214470284641696,-0.7169985318995298,-0.13036534522659085,-0.08528181871817155,0.0004693713009517579,0.0184576,0.335179,0.374548,0.129079,0.647736,0.63438,-0.40167,-0.18773,0.612864,0.0643865,0.401532,0.547541,0.715136,-0.165984,6.16502890468551,0.8736316925535079,1.5378397074949781,-3.2072977963288647,1.118877759290811,-0.9173967071917204,10.550604338514065,10.592837959407063,-0.217167,0.607845,-0.0603323,0.484484,0.241804,-0.241837,0.805184
23.327056407928467,0.011376523205138198,-0.017039360441974107,-0.6191985871386105,-0.10990046852373807,-0.07384497115999838,0.0007493073628940132,0.0183671,0.335201,0.374415,0.12984,0.647434,0.634098,-0.402357,-0.187997,0.611666,0.0601894,0.40673,0.545378,0.712955,-0.169791,6.829806498926917,1.1049873865696738,1.5030506810025894,-3.1454517756168876,1.3548637681593512,-0.8622014084739149,10.452561751932347,10.579908604806993,-0.217411,0.60499,-0.0644056,0.485492,0.238935,-0.235879,0.807198
23.366209745407104,-0.04977458245092113,0.0204747187840722,-0.5750547301757891,-0.08897358041627068,-0.04983382366739458,0.008468137682407674,0.0182899,0.335249,0.374287,0.130386,0.646434,0.634666,-0.402892,-0.188418,0.610285,0.0554312,0.41248,0.53871,0.713557,-0.174609,7.849280514455159,0.9278155702225573,1.3750304908857984,-3.8685771542671485,-0.5904281235872766,-0.6737443638722205,11.166657505333392,10.464249040006461,-0.217584,0.601673,-0.0691769,0.48601,0.235685,-0.229644,0.809636
23.404340028762817,-0.040113585994248996,-0.02976994555092735,-0.5353788423449107,-0.096567490101029,-0.04736881247469569,0.012387368662689253,0.0181723,0.335297,0.374199,0.12982,0.646035,0.634962,-0.403248,-0.188904,0.609056,0.0511946,0.416402,0.535958,0.712098,-0.179653,8.682056202445242,1.0505943124182082,1.461264416110394,-3.02563556592278,-0.6469810803663307,-0.4498692661236028,10.98635932971512,10.277818344536794,-0.217909,0.598635,-0.0731637,0.486502,0.231882,-0.222634,0.812392
23.442334413528442,-0.07082396768004329,-0.010917507301875821,-0.4516867364494664,-0.07395415421978906,-0.030664686975801315,0.013653478765775717,0.0180425,0.335364,0.374008,0.130479,0.646233,0.635003,-0.402653,-0.189742,0.607588,0.0467337,0.420527,0.5318,0.712058,-0.182535,9.389426647109742,0.8639661608871678,1.4024606203680214,-2.2468968758503074,-0.5598333263975732,-0.566790651436957,11.231461680325436,10.240706198774397,-0.218604,0.595155,-0.0776398,0.486861,0.228529,-0.217688,0.814464
23.480949878692627,0.1341641710928034,0.026161661187674833,-0.3842924016889773,-0.048864619895889895,-0.08772089705266968,-0.023611354253945126,0.017896,0.335446,0.373832,0.131242,0.647395,0.633919,-0.402247,-0.19128,0.6057,0.0407867,0.42538,0.526194,0.712343,-0.186386,10.24448502415159,0.4304826636050465,1.238082149605015,-1.038917410200714,0.17469495646730948,-1.1276714621174264,11.987620173814816,10.932199478729714,-0.21976,0.59026,-0.0834101,0.487864,0.222954,-0.209582,0.81753
23.518502235412598,0.0656709251245828,0.06168903030060627,-0.326385343940414,-0.025398585794980486,-0.060553125315257104,-0.015858276296948824,0.0177663,0.335511,0.373758,0.131757,0.646929,0.634217,-0.402358,-0.192487,0.603382,0.0346695,0.432533,0.521465,0.710336,-0.190819,11.306278470917963,0.5850843821086874,1.103413888678169,-0.2504763678101245,0.4778479918817258,-1.196177562339976,11.715125796382745,10.824535105428492,-0.220457,0.585183,-0.0889429,0.487247,0.216299,-0.197654,0.822641
23.554795742034912,0.08060839129827478,0.02363400660061405,-0.2990643797856848,-0.033476153993000544,-0.06219570198640114,-0.01379152767581768,0.017608,0.335537,0.373698,0.132175,0.647656,0.633891,-0.401564,-0.193287,0.601407,0.0296579,0.437991,0.51602,0.709593,-0.195871,12.370337742255273,0.33030280730061834,1.0720282424260272,0.10548871015634376,0.924256351555826,-0.6274592952291584,11.02350760539418,10.435547220052532,-0.220886,0.581076,-0.0941257,0.486035,0.213594,-0.194006,0.82493
23.59366464614868,0.12339764352963166,0.06695171406568638,-0.21732940982987223,-0.007210819681065274,-0.06697818769774967,-0.02300379354009997,0.0174254,0.335571,0.373653,0.133104,0.646579,0.633948,-0.402901,-0.194088,0.599276,0.0246728,0.443737,0.510584,0.709087,-0.198993,13.123623847035205,0.3582910707829402,0.7985676796049592,0.06917186567977929,-0.5321692405003162,-1.3148087232713905,12.37936447964548,11.277975341204765,-0.221127,0.576927,-0.0988245,0.484959,0.208219,-0.187768,0.828374
23.631712198257446,0.05581282097905002,0.0058526046930403985,-0.15666542000143976,-0.018345597184246762,-0.03947193895350609,-0.00587047708205404,0.0171883,0.335695,0.373535,0.13406,0.646763,0.633902,-0.402361,-0.194986,0.596527,0.018378,0.451705,0.504061,0.707009,-0.204994,14.453814016045124,0.30005500338116653,0.724532328981395,0.026911615669940048,-0.09851588431807556,-0.5809880870475226,11.654579254795012,10.59417663915344,-0.221357,0.571575,-0.104639,0.484304,0.202317,-0.179338,0.832079
23.669913291931152,0.029081200904561885,-0.11930137434962405,-0.1850243807870989,-0.06680573660488091,-0.033076593223782216,0.01263651442562168,0.0170383,0.335706,0.373514,0.134739,0.648581,0.632344,-0.401658,-0.19579,0.593779,0.0123251,0.458619,0.497498,0.705538,-0.210666,15.687721041683462,-0.07002340498353643,0.5248173212739893,0.40369748965291485,0.8651660993599046,0.031170958233083468,10.804776654213505,9.951448261446156,-0.221574,0.566119,-0.11038,0.484064,0.196301,-0.171773,0.83525
23.709946870803833,0.08554797464504155,-0.12770035253116974,-0.12842003019745948,-0.06396936816362588,-0.04659768575840352,0.007924108719410147,0.0168963,0.335767,0.373472,0.135424,0.649145,0.631589,-0.401704,-0.196935,0.590676,0.00600986,0.466467,0.490299,0.704505,-0.213746,16.8010510082059,-0.23626818795894922,0.03216861539749516,0.9365599724610956,0.5185931045276666,-0.10355594830636505,11.190197136907933,9.93442451002845,-0.221673,0.560463,-0.11633,0.481313,0.191266,-0.163225,0.83971
23.74707579612732,0.17901486255338803,-0.08319646540381091,-0.06723762819603085,-0.043724988152974216,-0.07141943086795839,-0.006294187115624901,0.0167593,0.335799,0.373372,0.136652,0.649357,0.631327,-0.401358,-0.198296,0.587111,-0.000864941,0.477789,0.482748,0.702188,-0.213554,17.968804401525265,-0.06622103567823046,-0.8356922297487372,1.020593640723222,0.24170734450944753,-0.1897246331629887,11.521612735963641,9.884008584945093,-0.222162,0.553763,-0.122578,0.479218,0.184112,-0.154078,0.844223
23.78432321548462,0.1016041131067008,-0.05988418615963392,0.059708383533713716,-0.02182637202361152,-0.032024764468141516,-0.00014115787591038181,0.0167221,0.335778,0.373313,0.137655,0.649269,0.630686,-0.402166,-0.199236,0.584726,-0.0051472,0.481336,0.476975,0.702586,-0.217218,18.631449313583584,-0.3715516860833439,-1.0055388300808374,1.10205526948414,-0.2906646836805322,-0.8941030372582333,12.628703130022757,10.7586045709136,-0.2226,0.549333,-0.126592,0.479027,0.179625,-0.148926,0.84622
23.823073625564575,0.11093012171849038,-0.17179176085151368,0.08657444298329184,-0.06003757546920838,-0.03164703086527011,0.011659657886914669,0.0166506,0.335791,0.373243,0.13886,0.649828,0.6307,-0.400824,-0.200596,0.580619,-0.0126431,0.489925,0.468159,0.700663,-0.22332,20.183045599996127,-0.6195952223012322,-1.1797525326562326,1.5699479601483564,0.7117847324596305,-0.7148316086854543,12.451814389931197,10.310726787474122,-0.222946,0.54177,-0.133047,0.476471,0.170761,-0.137724,0.85138
23.859052658081055,0.08208477263118433,-0.1590530886128276,0.18504155096545313,-0.04706410908690771,-0.01187971733545186,0.013716984376076626,0.0165124,0.33579,0.373105,0.139931,0.647951,0.631753,-0.401828,-0.202323,0.576054,-0.020372,0.497628,0.459044,0.697846,-0.233785,21.862929199104858,-0.5742873745853698,-0.9295057118712204,1.16587846202372,0.8602984979823898,-0.9333724984097032,12.821451107826906,10.354645961780005,-0.223732,0.533414,-0.140071,0.474314,0.166395,-0.124267,0.855509
23.898099184036255,0.13605136795062256,-0.011384806779175317,0.2921024352261637,0.01017516527466778,-0.02163835077267336,-0.006026247965925415,0.016406,0.335839,0.37302,0.14011,0.647969,0.632191,-0.401048,-0.204969,0.570734,-0.0280746,0.506712,0.448811,0.696507,-0.238097,23.46624900543395,-0.7592709568614591,-1.4294321666623642,2.5594881127962044,1.4938278470094177,-1.1219294771737012,12.512641801477157,10.15421554144365,-0.225487,0.52432,-0.14647,0.472364,0.157471,-0.112539,0.85989
23.93629002571106,0.1161193097355887,0.10774867065845405,-0.5418985510018148,0.007630801010320445,-0.11559835698688321,-0.023839353285347257,0.0163381,0.335908,0.37292,0.138964,0.648736,0.63178,-0.400855,-0.206996,0.56647,-0.0339966,0.514353,0.439065,0.695332,-0.243263,25.063525832588947,-1.0180080270403498,-1.9680592060221898,3.1337732169874783,1.4729234205370476,-0.45422313278480075,12.141505015052433,9.53579607467577,-0.226965,0.516965,-0.151436,0.47126,0.15214,-0.103333,0.862607
23.97574234008789,0.11471270050500788,0.9556549094546848,-1.4929795757229924,0.2988007349432381,-0.23242912982569394,-0.12405517466646782,0.0163469,0.335913,0.372888,0.139103,0.648766,0.631646,-0.40097,-0.209103,0.562169,-0.0396982,0.518846,0.430344,0.695058,-0.249994,26.33714507723484,-1.4470812253537069,-2.073319354816034,3.9381183893090608,1.9555980268334183,-0.9608674758340925,12.526087159192512,10.300818305112362,-0.228153,0.509442,-0.156339,0.467818,0.151717,-0.0909782,0.86594
24.01352834701538,1.5896628152852057,2.681405294574147,-0.40680263532854,1.0416771960296565,-0.6457485813756461,-0.3720980234692672,0.0162895,0.335954,0.372741,0.138416,0.648563,0.631212,-0.402218,-0.212124,0.556254,-0.0469955,0.527637,0.417751,0.693303,-0.257709,28.232602257181913,-1.662308130080936,-2.6134968247446153,3.8610239913807565,1.8290644980694113,-0.8464327679239076,12.744629192775893,10.402933154721417,-0.230704,0.499838,-0.161605,0.464772,0.141355,-0.0764841,0.870721
24.05199432373047,0.34253774892487143,-0.39171379641298437,0.47522843388939684,-0.13408033581487425,-0.08263399340061327,0.032293000387409135,0.0161102,0.335957,0.372324,0.140427,0.647332,0.632571,-0.401367,-0.21501,0.550305,-0.0539227,0.535882,0.40605,0.691524,-0.264102,29.881591477987264,-1.9209668903712436,-2.7537436509707387,3.232484562388313,3.0509827962098237,-0.838352535871536,12.400804786499796,10.645137620936294,-0.232695,0.490281,-0.167148,0.462962,0.137066,-0.0636947,0.873397
24.090864419937134,0.3999076246992933,-0.10684397612748214,0.5278700848103055,-0.038176268523102255,-0.09655475850746353,0.006759513079950763,0.0161688,0.33592,0.372387,0.14081,0.648336,0.63125,-0.401692,-0.216839,0.545242,-0.0595062,0.545239,0.394268,0.688364,-0.270965,31.702278283237625,-2.1308030239106737,-3.3379098459230736,1.3997751883832628,3.7931138931065878,0.3504714517624734,11.204360744173457,9.653480899350102,-0.233413,0.48268,-0.170952,0.45691,0.127535,-0.0523511,0.878765
24.129023790359497,0.36073681912454353,0.13449679111883778,0.6965638474605196,0.04018703028833231,-0.07137102566623142,-0.00967889345980804,0.0162602,0.335933,0.372466,0.140496,0.647953,0.630582,-0.403465,-0.218958,0.538396,-0.0667049,0.553488,0.382962,0.685751,-0.277016,33.32733139775506,-2.1229394600067293,-3.922262260687381,2.179043409845093,3.3540684640482823,-0.48838547354412754,12.299853603915377,10.628128861111277,-0.234375,0.472303,-0.175475,0.45188,0.110141,-0.0409641,0.884305
24.168161392211914,0.27886211203252026,0.2096611637132807,0.8228658665233083,0.055316686925233366,-0.03271810679365158,-0.01024223463500677,0.0161474,0.335934,0.372385,0.140915,0.648794,0.631232,-0.400942,-0.220282,0.531722,-0.0738722,0.560419,0.372314,0.6841,-0.281639,34.97705868061455,-2.5481967558997587,-4.284747286039677,4.511803699127263,4.235002336229089,-1.2377077785123731,12.570300867154682,12.15160658367573,-0.234425,0.462172,-0.180002,0.44854,0.0989948,-0.0276884,0.887832
24.207387685775757,0.3477364188860901,-0.04877075599407474,0.8237360617106696,-0.05226883389423384,-0.056797809806756396,0.02052862212706325,0.0161061,0.335951,0.372349,0.141803,0.648587,0.631043,-0.401262,-0.220908,0.525524,-0.0803642,0.567222,0.362317,0.681061,-0.288343,36.48220408627997,-2.6775650816703607,-4.511009630945256,4.803869118756145,3.9528282509723933,-1.8276971486137796,13.530105124616512,12.952185160922468,-0.234249,0.452586,-0.184607,0.447403,0.0921741,-0.0143583,0.889454
24.244048595428467,0.39211678300632746,0.07333234406667272,0.8889823753892402,-0.015267531065607748,-0.0685892440222117,0.015696859692003722,0.0161169,0.335953,0.37235,0.142014,0.648564,0.630975,-0.401332,-0.221658,0.521505,-0.0841971,0.57249,0.355179,0.678604,-0.292573,37.607912882268295,-2.698284268464838,-4.748832759486925,4.505417691283378,4.085937646072841,-1.701132266970923,13.495914101923619,12.875127454068805,-0.234215,0.446711,-0.18722,0.445087,0.0871494,-0.0059277,0.891217
24.28235697746277,0.33103143751992603,0.1968675988285155,0.9801654059959656,0.01658911959870783,-0.0408010206363805,0.00428338158002588,0.0159919,0.335996,0.372353,0.142821,0.648401,0.631463,-0.400541,-0.223416,0.514581,-0.090043,0.580518,0.343943,0.676414,-0.295239,39.09674867078014,-2.8042745103157456,-5.37792654473064,5.245829487916483,4.4336748208513095,-2.186861010011775,14.132762813644131,13.288727372086031,-0.234421,0.436762,-0.191134,0.440066,0.0791963,0.00603741,0.894446
24.32113766670227,0.28221707317672357,0.25975635735401903,1.0657714672619711,0.024910676229257637,-0.014809369956160006,-0.003996524348072948,0.0158895,0.336058,0.372253,0.143555,0.646921,0.632456,-0.401104,-0.224993,0.507983,-0.0952545,0.587119,0.333431,0.67427,-0.299125,40.4408319868944,-2.7941497517051026,-5.744605988190721,5.434256317779281,3.8264443698570405,-2.7228904540110364,15.09727792072576,13.860848971438013,-0.23462,0.427529,-0.194622,0.435927,0.0735348,0.0159825,0.89683
24.359753608703613,0.4956054281302082,0.18951155168781222,1.0382264194026085,-0.012819387714962395,-0.0999478254594867,0.01918667857179927,0.0158918,0.336075,0.372211,0.143144,0.647375,0.632645,-0.40022,-0.226167,0.502104,-0.0998926,0.593478,0.325134,0.670395,-0.304372,41.953091461387885,-2.7788754391317783,-5.980147463831372,6.475177180423768,5.172461707298768,-2.645531284373881,14.279782462993868,13.645952942555155,-0.235061,0.419102,-0.197026,0.43276,0.0663832,0.0297982,0.898568
24.397759437561035,0.44382196895360615,0.17201157325398528,1.1005878229722483,-0.035026730466795365,-0.07822236219309885,0.022077930118197458,0.0158177,0.336057,0.372172,0.143247,0.647527,0.631898,-0.401115,-0.22768,0.496283,-0.104119,0.59919,0.313287,0.668827,-0.30902,43.39318821161589,-3.0226533575343035,-6.623223874837016,5.454485547193772,4.309225263792921,-2.6429130497408764,14.907695673281072,13.843446093171924,-0.235495,0.410979,-0.199267,0.428261,0.0596987,0.040272,0.900781
24.43630075454712,0.4418691734763776,0.21807860116644293,1.1793007667749353,-0.03297928989645548,-0.0672999530403948,0.019600852775438486,0.0158337,0.336077,0.372147,0.143046,0.647906,0.632116,-0.400231,-0.22869,0.491537,-0.107394,0.603855,0.303758,0.667676,-0.311926,44.6593553499146,-3.285354245317161,-7.13220286922409,5.427603835164543,4.1002820901860675,-2.511062515271796,14.96500166703265,13.821830911520431,-0.235686,0.404512,-0.201112,0.426016,0.0560881,0.0466945,0.901767
24.47693920135498,0.4155603411512094,0.1736763003917047,1.1568813162834384,-0.05669712678703342,-0.06067365041858556,0.026441785370697374,0.0158701,0.336078,0.372153,0.143469,0.64744,0.632585,-0.400092,-0.229224,0.485903,-0.11145,0.612519,0.293033,0.660567,-0.320318,46.64470143923034,-3.0283484075143026,-7.168996148772866,2.9550175308358444,5.155723957504774,-0.71156203267957,12.977161621128813,11.99254601449565,-0.23589,0.396488,-0.202933,0.425701,0.0509753,0.0592814,0.90148
24.51618719100952,0.4360085053910465,0.18732047796943002,1.2116663212142895,-0.06707731539511318,-0.0644908366140687,0.03256200343931587,0.0157913,0.336075,0.372096,0.144218,0.647096,0.631859,-0.401525,-0.229662,0.481327,-0.114753,0.615619,0.287056,0.657813,-0.325413,47.47513403583508,-3.026053873994715,-7.219310568380671,2.7563330160582105,5.020862880560205,-1.2649329897739747,13.577697594350957,12.580779821390912,-0.236008,0.39004,-0.204441,0.424824,0.0453936,0.0664646,0.901691
24.553975582122803,0.5577086970324737,0.27997604624913863,1.2583783392815693,-0.051517501877468445,-0.10409332644223585,0.044505747776843775,0.0157827,0.336105,0.372022,0.144103,0.647463,0.632036,-0.400695,-0.230541,0.475031,-0.118724,0.620941,0.276264,0.655051,-0.330179,49.02944603740975,-3.237641404778711,-7.6457396309180226,3.00572327532325,5.146398566224817,-1.2455167160369456,13.473396931846478,12.701548801612729,-0.235803,0.38156,-0.206103,0.420687,0.0391079,0.0783039,0.902974
24.59432101249695,0.49178618029184823,0.25555830880591907,1.3092333150661928,-0.07907953587761646,-0.0762729142889057,0.0432315364510222,0.0158024,0.336108,0.372046,0.144078,0.647538,0.631976,-0.400677,-0.231104,0.469881,-0.121835,0.625435,0.268432,0.652041,-0.334091,50.20124090163894,-3.2378405141186217,-7.926124618804569,3.1400593296514323,5.319246783700105,-1.3421521141210633,13.470289493115628,12.818431770490522,-0.235497,0.374734,-0.207422,0.417882,0.0339561,0.0872028,0.903669
24.63342308998108,0.48829774213821314,0.24475868730397898,1.3893853126839784,-0.10321594361237926,-0.06785905895846939,0.04643053288373237,0.0157791,0.336113,0.372023,0.144246,0.647593,0.6319,-0.400649,-0.231282,0.463258,-0.126026,0.631721,0.259131,0.646336,-0.34063,51.81021027835798,-3.102323837893249,-8.058746930926944,3.022027199518095,5.941501548568476,-1.1845123702580196,13.035510008715487,12.700853824512043,-0.235174,0.365593,-0.209045,0.417647,0.0272218,0.0981932,0.902878
24.672773599624634,0.5815699971102295,0.35161113737940586,1.4613805296184725,-0.08976476463940185,-0.0948469933362144,0.056284077546985375,0.0156904,0.336102,0.371925,0.144218,0.647634,0.630962,-0.402069,-0.23162,0.456041,-0.130218,0.636037,0.248737,0.641358,-0.34964,53.43175830098033,-3.1728263580411316,-8.131084062240681,2.743503067651167,5.494945561680466,-1.3540957308808785,13.592032194180604,12.886993230949585,-0.234835,0.355974,-0.210388,0.416252,0.0201907,0.111103,0.90221
24.709875106811523,0.542767411943355,0.4097778972928507,1.464356499938305,-0.08633850561933808,-0.0803133886374348,0.050526819589624315,0.0156606,0.336114,0.371921,0.143898,0.647803,0.631185,-0.401559,-0.232088,0.448587,-0.134104,0.642287,0.238091,0.63652,-0.354433,55.09717583465985,-3.0889096428298686,-8.5093131671576,3.335038557855988,5.837218349941436,-1.5266183794750106,13.735231287549004,13.128916471779267,-0.234162,0.346163,-0.211378,0.413818,0.0130949,0.121975,0.902056
24.749563694000244,0.4970109625531201,0.5721186661778661,1.5597435603311591,-0.05938683277632283,-0.05914506440348406,0.03576885011599824,0.0155785,0.336095,0.371858,0.144598,0.64721,0.631212,-0.402221,-0.231988,0.441199,-0.138002,0.647891,0.226726,0.630769,-0.361889,56.79527685222334,-3.061706918647322,-8.618843299363729,2.2303217456131232,5.343292646047097,-1.2678060449202633,13.890868834917768,12.930710940163978,-0.233243,0.336748,-0.212483,0.410404,0.00561904,0.132031,0.902278
24.785839796066284,0.49592708613013403,0.5756596597607293,1.5963385985974423,-0.07295710773231688,-0.05898578166660123,0.039470542447661315,0.0155505,0.336117,0.371842,0.144698,0.647169,0.631278,-0.402148,-0.231864,0.438438,-0.139472,0.649494,0.223306,0.629057,-0.364113,57.33268935179295,-3.0801419189074464,-8.656338196463965,2.594851680987275,5.2727563527298456,-1.5900728644456237,14.111246092076811,13.223916052770436,-0.232822,0.333336,-0.21276,0.408466,0.00212284,0.138823,0.902152
24.825493097305298,0.4995518012927717,0.42677121007974883,1.6391172921963864,-0.15691671545078273,-0.05653892704028003,0.059599886054627856,0.0155892,0.336093,0.37188,0.145133,0.647219,0.630941,-0.402438,-0.231024,0.43053,-0.143584,0.655424,0.21207,0.622759,-0.370968,59.072894271827536,-2.997448632026229,-8.871123300969092,2.1477171281824443,4.735579083037539,-1.7432145945220014,14.521495889727436,13.340046105286973,-0.231787,0.322919,-0.213131,0.410468,-0.00790287,0.155055,0.898561
24.86598825454712,0.5082004359936589,0.49851200341731106,1.6726518033726308,-0.15961292798149146,-0.05591376905060051,0.06169679143074826,0.015619,0.336091,0.37186,0.145433,0.647253,0.630715,-0.402631,-0.230589,0.423465,-0.146765,0.660695,0.202224,0.614146,-0.38133,60.99005865549423,-2.902481725074713,-8.59951419511629,1.0545823185837522,5.7154169566729465,-0.7770345292036325,13.370026714620554,12.576772524502514,-0.231129,0.313808,-0.213061,0.411847,-0.0163156,0.168953,0.895305
24.90965437889099,0.527975750338801,0.6318751768509185,1.7454345755228984,-0.15134712845655257,-0.0584609955422507,0.06454345477461507,0.0155275,0.336109,0.371791,0.1454,0.647411,0.630597,-0.402574,-0.231349,0.414136,-0.150044,0.665698,0.187941,0.607443,-0.390561,63.166818957629026,-3.080840580095682,-8.806533106029484,0.6303753104808933,6.126862093674832,-0.5058509622439544,12.98592524583214,12.47443216094812,-0.230512,0.302409,-0.212835,0.405926,-0.02339,0.184471,0.894789
24.948593616485596,0.5423191081034098,0.4766828464680937,1.8100817130115863,-0.23596272109462266,-0.057447417856418805,0.08354259275707145,0.0155788,0.3361,0.371799,0.145158,0.647416,0.630885,-0.402202,-0.231818,0.406204,-0.152499,0.669689,0.176699,0.602899,-0.395987,64.79937789543987,-3.1839551317831107,-9.107177245788835,1.1816079757781006,6.280918490925911,-0.9027244752313024,13.161281318755526,12.813370304156683,-0.229775,0.292687,-0.212317,0.399389,-0.0290712,0.193177,0.895727
24.988118886947632,0.571386036288368,0.6719710189291069,1.9198978759163328,-0.20673147234629882,-0.059595166799908346,0.0797331002210378,0.0155653,0.336105,0.371709,0.14587,0.647061,0.630535,-0.403063,-0.232045,0.399274,-0.15476,0.673861,0.167126,0.598379,-0.399903,66.02757361505839,-3.084245937092401,-9.410930100721302,0.6998475104028952,6.175745902709362,-1.0617085899386822,13.450985452212644,13.019614389785453,-0.229567,0.284442,-0.211758,0.396899,-0.0344788,0.201779,0.894744
25.027135610580444,0.6474768161525667,0.7665841793829075,1.897727172919429,-0.2005546814389627,-0.08276126419027201,0.09840978430312677,0.0155202,0.336104,0.371705,0.145923,0.646979,0.630468,-0.40328,-0.232663,0.390015,-0.15693,0.678357,0.153079,0.59078,-0.409118,68.1824037608003,-3.187964007601164,-9.535939790253883,-0.08895878892557896,6.673542997497284,-0.4433888719421475,12.863381697065016,12.725789432757102,-0.228979,0.273412,-0.210257,0.391777,-0.0420492,0.21759,0.892971
25.064117908477783,0.6474240627383184,0.8300262374039633,1.891297896040026,-0.20223759592167354,-0.08595816108207273,0.10211550155490132,0.0155826,0.33609,0.371743,0.145565,0.64692,0.630703,-0.403138,-0.233421,0.382576,-0.158403,0.682155,0.141697,0.588749,-0.409831,69.4459879278268,-3.1835358762813266,-10.302101035906194,0.49302459288631084,6.1274378294238065,-1.2623544012271353,13.879039792251922,13.453985330286553,-0.228267,0.264798,-0.208842,0.383492,-0.0464491,0.227869,0.893785
25.102268934249878,0.6021379580821293,0.9053005027747197,1.9809062829163635,-0.22322967080896902,-0.0673544479330597,0.09518719988649366,0.0155898,0.336089,0.371705,0.145773,0.647195,0.630407,-0.403082,-0.234087,0.3728,-0.160136,0.686746,0.128123,0.582516,-0.415499,71.31875252982091,-3.1898907520641284,-10.761758886733972,0.770938432336477,6.885825203124086,-1.4498255173844257,13.843215817971581,13.822678685138962,-0.227697,0.253426,-0.20667,0.379514,-0.0541098,0.24108,0.891584
25.142926692962646,0.6372291443281701,0.9200229571906668,2.07953239325814,-0.2637659681321727,-0.07153135280493605,0.10985405856644624,0.0155026,0.3361,0.371587,0.14655,0.647409,0.629795,-0.403416,-0.234356,0.364998,-0.161498,0.690788,0.116564,0.576278,-0.420866,72.90281968904362,-3.1474075756964615,-11.091410396667072,-0.0510238975653472,7.461522517972859,-0.9669219091137151,13.331580888721849,13.463153102087059,-0.227023,0.244654,-0.205064,0.37527,-0.0587013,0.254445,0.889373
25.18134570121765,0.7385583582674287,0.7906149844364204,2.1135053624968827,-0.3483840160255525,-0.09706889084276088,0.15277177922729385,0.0155275,0.336116,0.371562,0.146339,0.647363,0.630043,-0.403177,-0.234323,0.354804,-0.162885,0.696378,0.0982437,0.569774,-0.425163,75.2101028973189,-3.0858062517255913,-11.94879767762104,-1.5272959162836486,6.441923188252634,-0.4479364824716292,13.506611987825021,13.378581621809941,-0.226145,0.232861,-0.20195,0.372652,-0.0703751,0.269553,0.885166
25.219724893569946,0.5530597704684056,1.0327210843692114,2.188132018992414,-0.3259663587826812,-0.038416284827962416,0.09916944583153775,0.0154574,0.336155,0.371462,0.145944,0.646262,0.631198,-0.403281,-0.23393,0.343389,-0.164383,0.700339,0.0840056,0.56117,-0.433078,77.41414962752582,-3.042481175285168,-11.95198967082985,-0.6930307713885391,6.140444937743206,-1.2334100607603133,14.089069532960098,13.931939267775679,-0.224367,0.220023,-0.198814,0.366769,-0.0772619,0.284328,0.882422
25.26163935661316,0.6734241355815387,1.3553736525682274,2.189336058170175,-0.27069461053238997,-0.06944141120131993,0.12384609326865868,0.0153898,0.336225,0.371358,0.145296,0.647166,0.630964,-0.40243,-0.234188,0.331381,-0.16499,0.702666,0.067741,0.553297,-0.442192,79.8630781012939,-3.331005475143777,-12.332246129267597,0.6262701106328254,6.673280476761846,-2.260890386912081,14.800115622900197,13.65105431772257,-0.222598,0.2066,-0.194781,0.35634,-0.0835839,0.299176,0.881209
25.301403760910034,0.6709313730088293,1.4324693038466885,2.127932406422598,-0.2790546955006053,-0.07961736614634243,0.13787702602385823,0.0154215,0.336216,0.371367,0.145163,0.646954,0.631135,-0.402551,-0.234474,0.320028,-0.164831,0.7071,0.0512854,0.546591,-0.445666,81.91644451107177,-3.1610994048404155,-13.059517046327345,0.9263329945575336,6.670219290490877,-2.628749892633948,15.116256877484105,13.44254009018884,-0.221917,0.194728,-0.189567,0.350697,-0.0964505,0.314627,0.876766
25.340518712997437,0.6502532075304074,1.4118992822024174,2.193170639253753,-0.3308847984544198,-0.0712178698958939,0.1403562578968217,0.0154638,0.336164,0.371398,0.146197,0.646281,0.631068,-0.403361,-0.234267,0.31189,-0.164578,0.70895,0.0396155,0.540095,-0.451795,83.45596930226725,-3.249089560718292,-13.177583655802755,0.03195199936843807,6.52224743216394,-2.2135094638002855,14.932872512175148,13.300978598759876,-0.220222,0.186074,-0.186167,0.343752,-0.100524,0.326666,0.874654
25.378722429275513,0.6609124194093517,1.5170659837076501,2.276174127961441,-0.36568717556035685,-0.06967604298577185,0.15014802825878693,0.0154287,0.336162,0.371364,0.14336,0.648232,0.631116,-0.401168,-0.233488,0.302161,-0.164474,0.711259,0.0261059,0.533319,-0.457165,85.73773138621736,-3.2353177717213626,-13.759516309977862,2.2533021990407036,6.434210222150556,-4.2109310629304275,16.496856423914664,14.05240721151366,-0.218674,0.17575,-0.181676,0.339769,-0.108847,0.341214,0.869645
25.418827533721924,0.6400951993558307,1.5058862585296189,2.27877425252466,-0.4130926453450666,-0.06481580482245328,0.15695463212323488,0.015581,0.33607,0.371353,0.146368,0.647599,0.627374,-0.406932,-0.232696,0.29289,-0.163865,0.714126,0.0122868,0.521837,-0.466433,87.29508473785022,-2.7873982946273452,-13.724476875188653,-2.1063332095254896,5.306579246114268,-1.3049192187461784,14.90545158580519,12.938657689724794,-0.217393,0.166363,-0.176671,0.336986,-0.120148,0.356881,0.862926
25.458360195159912,0.6071297045868077,1.5643872093464821,2.315130000357453,-0.4350336850585363,-0.05099858609926968,0.14929219427322338,0.0154828,0.336056,0.371338,0.145083,0.648494,0.629231,-0.403083,-0.231958,0.283762,-0.163086,0.716763,-7.12324e-05,0.514438,-0.470747,89.47553985820063,-2.9116026949718545,-14.090217998301519,-0.007197726713910058,6.853354723545944,-2.8343788294630485,15.338575262862353,13.050477310628038,-0.215704,0.156812,-0.171902,0.332285,-0.12389,0.369143,0.859053
25.496829748153687,0.5664601888909724,1.7604311305539135,2.338351782243075,-0.4387312867873111,-0.04061132685501113,0.13767542040555378,0.015454,0.336021,0.371235,0.145753,0.647576,0.630918,-0.401676,-0.231709,0.274639,-0.161809,0.718737,-0.0132126,0.507136,-0.475453,91.35417106294356,-3.080867811487006,-14.305984478244973,0.11632991682473026,7.740562750098832,-3.0464990294732033,15.267311227583045,13.212566524601687,-0.215264,0.14769,-0.166192,0.330938,-0.132794,0.38316,0.852076
25.536710500717163,0.6134853294941707,1.8120561640229456,2.3032695137013204,-0.4413513424209336,-0.04898042052716655,0.15575413876279431,0.0154807,0.336019,0.371204,0.145682,0.647638,0.630716,-0.401919,-0.232069,0.269479,-0.160882,0.714416,-0.0165866,0.504238,-0.484849,92.17580076364723,-3.851180386851972,-13.813875984002442,2.034399404407038,7.743934493368855,-4.967396191899546,16.864226155489625,14.786459870815763,-0.214742,0.142477,-0.162927,0.328426,-0.134713,0.39162,0.848895
25.576516151428223,0.7115686673491075,1.8569643185429605,2.278042024131218,-0.4532777859435079,-0.06465230230978922,0.19163814076134747,0.015586,0.335953,0.371188,0.145876,0.647796,0.630109,-0.402546,-0.231827,0.261993,-0.158842,0.71968,-0.0324096,0.494532,-0.48626,94.17734969185716,-3.163934704242352,-14.509600057606654,-0.8257811633709444,8.358688498375294,-2.3176185368234528,14.484006732137743,12.82457564758728,-0.21466,0.134736,-0.157312,0.322731,-0.140661,0.40213,0.845192
25.613264560699463,0.7420975006653895,1.8262944766170388,2.381790178064659,-0.5146834059665905,-0.058889588934189115,0.2048194719853994,0.0157244,0.335933,0.37111,0.14354,0.649485,0.628962,-0.402459,-0.231925,0.254493,-0.157061,0.721513,-0.0426549,0.48703,-0.490307,95.91832281664303,-2.7587601679400313,-14.83870125466116,0.28662233352726396,9.229126077951914,-3.31942975575344,14.839150395365111,13.395244348212117,-0.214104,0.127596,-0.152167,0.322545,-0.143056,0.417361,0.837442
25.649620056152344,0.7571854867641341,1.8620126555256955,2.4242888283642916,-0.5640916001383232,-0.05870505479795856,0.21939161215121566,0.0158236,0.335962,0.370987,0.142698,0.64878,0.62928,-0.403396,-0.232217,0.247138,-0.154805,0.718159,-0.0513907,0.482509,-0.49879,97.30088768229344,-3.3170993196549583,-14.622275060210795,1.5048778324939462,8.076401563008243,-4.8089192151009925,15.99975863775352,13.970105367131103,-0.21384,0.120302,-0.146393,0.317379,-0.149153,0.427139,0.833412
25.689656496047974,0.7198588952278705,1.9466174880930167,2.429443905076169,-0.5776874562961699,-0.04943876759222188,0.2123624401926535,0.0159169,0.335919,0.370958,0.142149,0.648871,0.629192,-0.403581,-0.232023,0.240891,-0.152952,0.719469,-0.060868,0.476098,-0.501986,98.69792499733309,-3.125885381249881,-14.813980844526998,1.347989006209227,8.389003527078923,-4.815172066681207,15.66985516308324,13.672268912789566,-0.213518,0.114469,-0.141396,0.31575,-0.154988,0.437658,0.827487
25.727707147598267,0.6922248317603443,2.049089407434981,2.447708172795139,-0.6151369666864335,-0.04697139105368294,0.21339393290059067,0.0159811,0.335852,0.370862,0.142085,0.648639,0.629224,-0.403926,-0.232531,0.232533,-0.150432,0.709802,-0.0646341,0.471996,-0.518867,99.9010826923172,-4.781421754502113,-13.850520620859717,5.241342134048395,7.819962211373696,-8.91601495774794,19.10291313539575,16.269044272641775,-0.212391,0.106802,-0.135264,0.308285,-0.159056,0.447743,0.824128
25.7662136554718,0.7476719504977155,2.0691347343842574,2.4604980973543813,-0.6341613161833777,-0.049499990155559295,0.23259625920212348,0.0160178,0.335844,0.370843,0.141918,0.648575,0.629172,-0.404167,-0.232336,0.227807,-0.148703,0.711387,-0.0728688,0.468227,-0.519021,100.87096829280296,-4.525401816047186,-14.273643646468773,4.85904077698142,7.65500597210705,-8.748874010517717,18.828990726208332,15.984522843320876,-0.211906,0.102261,-0.131127,0.308479,-0.162608,0.455707,0.818982
25.803266048431396,0.7536545662212296,2.214769035350657,2.4465441577461484,-0.655848079827554,-0.05435021969728923,0.24734497467113034,0.0160541,0.335847,0.37078,0.14204,0.64743,0.629983,-0.404698,-0.231575,0.217711,-0.144763,0.714403,-0.08854,0.453262,-0.525683,103.41053343727471,-4.157938514906254,-14.116432911310076,3.528265633474163,8.818039817382369,-7.225920518675146,17.13768583130809,14.241868905887854,-0.210398,0.093496,-0.122884,0.299094,-0.170397,0.471834,0.811714
25.843833684921265,0.6077311207680793,2.249391911646294,2.632439980017627,-0.7282362966019577,-0.026251106340458363,0.19275409741448296,0.0160566,0.335848,0.370738,0.142081,0.647276,0.630117,-0.404722,-0.230273,0.211411,-0.142458,0.7211,-0.103511,0.448865,-0.517514,104.6861812519991,-2.9826609680207117,-15.475461346247277,1.6516859537814401,8.302680423412774,-5.7792726331623,15.968457224497415,13.087186008417577,-0.20914,0.0874752,-0.117254,0.299415,-0.174459,0.481254,0.805177
25.882147312164307,0.6815105457820699,2.309037296995315,2.8357739703206946,-0.8501542661028022,-0.027128677029481404,0.22549609252784458,0.0160767,0.335841,0.370721,0.142049,0.647394,0.629802,-0.405034,-0.229772,0.203864,-0.139387,0.713182,-0.105965,0.440221,-0.535116,106.10174540270282,-4.3446469071002225,-14.223394680341158,4.907005177859773,8.176080072934615,-8.87222282387669,17.757933306737012,15.508328228604467,-0.207284,0.0804626,-0.110568,0.298039,-0.178737,0.492934,0.797648
25.921117305755615,0.7815259926884804,2.3555523170842467,3.054920690959967,-0.989616073374266,-0.057464839522047735,0.2930474568825609,0.0160857,0.335843,0.370702,0.142229,0.647236,0.629904,-0.405066,-0.228416,0.196809,-0.136576,0.712778,-0.114012,0.435205,-0.538095,107.22542660818691,-4.405236802157173,-14.401446756436528,6.297706493146915,7.482771943953804,-10.268575692345479,18.695086187112555,16.933312777620515,-0.20597,0.0750116,-0.103895,0.290541,-0.19257,0.502647,0.791106
25.957218647003174,0.7122151214314473,2.4175228949670027,3.3595342832920685,-1.1201475119679614,-0.03761660019925356,0.26441565554629093,0.0160533,0.335872,0.370621,0.142966,0.647864,0.629339,-0.40468,-0.226841,0.189737,-0.133588,0.713549,-0.124882,0.424566,-0.543135,109.01493225160463,-4.258102172836013,-14.489186624130467,5.538741195634081,8.031697105292853,-9.870028613080493,18.150046246661425,16.405989542886832,-0.20363,0.0689387,-0.0977266,0.287621,-0.195821,0.510699,0.786203
26.000396013259888,0.7673965669012298,2.294826509378158,3.7039481331902397,-1.2927160319324567,-0.0498402329536694,0.3048600372446996,0.0160725,0.3359,0.370688,0.141775,0.647904,0.629995,-0.404013,-0.224943,0.183771,-0.130957,0.713402,-0.129653,0.417415,-0.547735,110.2327791430598,-4.278599017146785,-14.161797868675107,7.667078542276883,7.723816636681024,-11.832941174062839,19.82053761853584,18.578964066086847,-0.20148,0.0638413,-0.0919721,0.282356,-0.202466,0.519881,0.780389
26.04075002670288,0.7822879508474472,2.061857998701204,4.303667054530447,-1.5501072588029168,-0.04194509837925967,0.30972691886238507,0.0160624,0.33586,0.370679,0.142673,0.647277,0.62977,-0.405051,-0.22343,0.179781,-0.129306,0.715847,-0.137765,0.411008,-0.547409,111.17491843770935,-3.7975928045233553,-14.355996030106969,5.7650866040142645,7.038387251526429,-10.239963030643011,18.418516952890446,16.741487073879295,-0.20043,0.060609,-0.088007,0.285449,-0.210034,0.52526,0.773632
26.079909324645996,0.8526497062255722,1.9690170404985317,4.570130412526524,-1.6703882356876634,-0.034920096470075886,0.331868562811514,0.0160099,0.335893,0.370573,0.143549,0.64791,0.629194,-0.404624,-0.22182,0.17677,-0.12785,0.718841,-0.146748,0.401274,-0.548372,112.57424001219916,-3.2299664795281666,-14.53005895429083,2.875892594589507,7.8066923223048645,-7.584491936987618,16.237209875468803,13.877930142663299,-0.199641,0.0579508,-0.0846939,0.287086,-0.216676,0.529582,0.768229
26.11897087097168,1.1230135022884624,1.692214373236061,4.882326722536201,-1.8059394088432872,-0.025117016658280488,0.44488991110871023,0.0159443,0.335889,0.370436,0.143862,0.648386,0.627844,-0.405846,-0.221072,0.173367,-0.126185,0.714308,-0.145436,0.390067,-0.562547,113.57745972595842,-3.9487141077570014,-13.079670897989914,3.7898268131134323,8.277903304369701,-7.935421676665214,16.236134645564597,14.494215227476193,-0.198787,0.0552417,-0.0814254,0.287164,-0.221605,0.536446,0.762007
26.159102201461792,1.3342112866522284,1.345514807833524,5.31139566119589,-1.9878990835833878,-0.033377992519848444,0.5323080118608986,0.0160082,0.335881,0.370469,0.142696,0.64881,0.627913,-0.405473,-0.219333,0.172071,-0.126003,0.71839,-0.151926,0.383892,-0.559876,114.57991895181767,-3.11311814608033,-13.305651012926106,1.1325241005229998,7.97050715280782,-6.333329746183644,15.524705844077095,12.81476117520316,-0.197923,0.0543649,-0.0805856,0.283644,-0.222919,0.537984,0.761857
26.19864535331726,1.6839427231403195,1.117656336817385,5.073383814364404,-1.8964764798680858,-0.02663613832494017,0.6684728357244787,0.0158869,0.335922,0.370248,0.144422,0.648575,0.62719,-0.406358,-0.218282,0.171472,-0.126642,0.718975,-0.151475,0.382739,-0.560037,114.38786240068889,-3.049373415606734,-13.212577773873479,0.7717468864393737,7.519022616779367,-5.700768727315584,15.152445123453457,12.239894882687773,-0.197769,0.0539487,-0.0805605,0.288372,-0.22841,0.536598,0.759429
26.238224267959595,1.6526415652478226,1.2506319049641714,4.752824676768639,-1.7688876400086166,-0.026770926973894892,0.6531426637657768,0.0158539,0.335908,0.370228,0.144481,0.647952,0.627811,-0.40637,-0.217967,0.171469,-0.127083,0.71911,-0.149796,0.382192,-0.560689,114.30250473793247,-3.131287558127802,-12.934989740640445,1.0572792031548879,7.501130689712223,-6.002037622216697,15.341779157322783,12.501297987504516,-0.197427,0.054129,-0.0811642,0.289221,-0.226668,0.538928,0.757977
26.275463819503784,1.252814026411324,1.4089899609447119,4.652377688987005,-1.7347513225933386,-0.02531868347651926,0.5004763586064885,0.0159522,0.335957,0.370295,0.142828,0.64952,0.627959,-0.404217,-0.218092,0.171643,-0.127001,0.718236,-0.149856,0.382891,-0.561315,114.6109833889348,-3.23879470072756,-13.138861468276307,1.9322290177229142,8.077690506807357,-7.711043248073544,16.511488138950813,14.108549755613927,-0.197521,0.0543319,-0.0810047,0.289007,-0.229484,0.537099,0.75851
26.312694311141968,0.8075816210262285,1.8409279899473387,4.603456956919342,-1.7107889115514379,-0.021253472698583027,0.3261936306211714,0.0159487,0.335891,0.37034,0.144295,0.648547,0.627494,-0.405976,-0.218785,0.171898,-0.126843,0.714122,-0.144772,0.381381,-0.568876,114.26362560454474,-4.040449183145241,-12.197960686769157,2.7624903375481846,8.107981537857805,-7.491322207042579,16.08647958764309,14.174701886436267,-0.197782,0.0542937,-0.0808965,0.28834,-0.227653,0.537614,0.75895
26.35138511657715,0.7648129513543557,2.1902401653757986,4.118117370014511,-1.5056911914838154,-0.03006786778791377,0.3054396623211977,0.0159365,0.335909,0.370338,0.143338,0.649047,0.627924,-0.40485,-0.219358,0.17213,-0.126583,0.71811,-0.150509,0.387268,-0.558291,114.17229956450053,-3.2314741152625173,-13.57200846244628,2.1271276654290787,8.00413853133585,-7.45229246947514,16.221583247160346,13.830270192967868,-0.198209,0.0546036,-0.0809486,0.287001,-0.226399,0.537488,0.759922
26.392643451690674,0.7400250131610364,2.6567595490324343,3.3394664139231867,-1.1875341326548987,-0.0354969292557436,0.2946570485338857,0.0160133,0.335856,0.370416,0.143336,0.648938,0.627517,-0.405655,-0.220633,0.173191,-0.126408,0.716287,-0.150651,0.393816,-0.556009,113.60499967676267,-3.425504193473407,-14.096088527177084,2.3536327159400052,6.830309452269082,-7.754721846813652,16.518171997560025,14.303450259012843,-0.198732,0.0553501,-0.0815969,0.284218,-0.222727,0.53493,0.763848
26.431428909301758,0.49736556442677465,2.934701924285137,2.840599714764392,-0.959831152027586,-0.03218669338584727,0.20121396663993907,0.0160559,0.335895,0.370603,0.143996,0.648208,0.628666,-0.40481,-0.221517,0.17522,-0.126874,0.720929,-0.151419,0.400541,-0.544886,112.83072050776256,-2.7611224343595513,-15.071448891349569,2.2178585387922105,7.962798925304539,-6.8215209817446265,15.70913146971497,13.05290900318882,-0.198641,0.0566984,-0.0835361,0.280474,-0.217022,0.530563,0.769895
26.47112488746643,0.542335497868864,2.9726767693242038,2.338413230615057,-0.7313713785354129,-0.03804908396215594,0.2181720503305651,0.0160354,0.335892,0.370706,0.143461,0.647524,0.629416,-0.40493,-0.222223,0.178727,-0.128636,0.722038,-0.147357,0.408281,-0.538752,111.78493256181298,-2.620239541164401,-15.425192379081443,2.4137209487078426,7.101507476824403,-7.0573957754879615,15.999714904450824,13.225624512985759,-0.198731,0.0597007,-0.0873575,0.279469,-0.213223,0.526186,0.774314
26.510982513427734,0.47689865281017585,2.8123475653333725,2.0947354222305243,-0.6078509563860244,-0.03164594189757034,0.1902957148017891,0.0160403,0.335934,0.37079,0.143283,0.649186,0.628536,-0.403696,-0.223767,0.183811,-0.131605,0.71465,-0.131598,0.421752,-0.542294,109.79966307697342,-3.989139017759313,-15.110287001065123,7.192951645820937,6.546378747074963,-11.845816399130129,20.056873749043945,18.547470245915978,-0.19869,0.0638281,-0.0937669,0.278874,-0.201252,0.517321,0.783649
26.550816297531128,0.38617325605541025,2.586635883298384,2.1590015038470325,-0.618016744709952,-0.022156518761064024,0.14947922600785502,0.0159242,0.335949,0.370783,0.145234,0.648566,0.628106,-0.404662,-0.224719,0.189124,-0.134246,0.715771,-0.126785,0.428869,-0.536347,108.43633053369577,-3.874843277207378,-15.451876981031152,5.31566518185501,6.258402635891102,-9.808569057521758,18.40817058166029,16.447352900682713,-0.199824,0.0682407,-0.0989588,0.28225,-0.199122,0.506371,0.79011
26.588953256607056,0.5411004120009054,2.5740648313025276,2.2206200953366473,-0.6011933327092716,-0.03750829225350761,0.20122439735569134,0.0158811,0.335966,0.370733,0.145895,0.64935,0.627396,-0.40427,-0.226045,0.196517,-0.137686,0.715568,-0.115692,0.438331,-0.531454,106.63982137647682,-3.9732882733603603,-15.537159850157023,5.710713777422935,6.940888291056609,-9.66013117239254,18.288884123774878,16.206751409221845,-0.20117,0.0747299,-0.106668,0.283244,-0.190346,0.494609,0.799315
26.626992225646973,0.654741435931613,2.507219664690297,2.1890284539113427,-0.5588602412731659,-0.046935690910060744,0.2312614203901132,0.0158884,0.335952,0.370773,0.145577,0.648615,0.62808,-0.404502,-0.227413,0.203068,-0.140351,0.715411,-0.106644,0.44616,-0.527024,105.1921340547559,-4.051608879887412,-15.39982036012171,5.529437016327886,6.865057876849673,-9.339170354963585,18.264081570385496,16.012689179551472,-0.202222,0.079999,-0.112996,0.287151,-0.180301,0.489585,0.803332
26.66414165496826,0.7151311668195369,2.3342495318847347,2.2482744519998494,-0.5389730004205285,-0.04800588580694563,0.23296303242108338,0.0159151,0.335944,0.370837,0.144955,0.648761,0.628248,-0.40423,-0.228442,0.211636,-0.143378,0.725573,-0.11031,0.452192,-0.50685,104.39746885703819,-2.203240354981711,-17.135194156311602,-1.5120909132327167,7.252409244056876,-3.6880448637165344,15.168332102201063,13.15519483235795,-0.204479,0.0877495,-0.120469,0.287525,-0.171159,0.472408,0.815392
26.703806400299072,0.6833584531629691,2.416591304392933,2.197716980961394,-0.4905619858599658,-0.051403599195517354,0.22315275209835242,0.0159055,0.33594,0.370793,0.145395,0.648575,0.628227,-0.404403,-0.230825,0.220709,-0.146373,0.715807,-0.0875942,0.462189,-0.516071,102.10364272098883,-3.975956024123053,-15.40944876619723,2.374197749805237,7.742432218347236,-6.37371017134231,16.971598883519984,14.12967843276082,-0.20707,0.0960807,-0.127678,0.294272,-0.166938,0.461554,0.820063
26.745003700256348,0.8233820897646413,2.244445436156235,2.09465659143209,-0.44342168580652547,-0.0757890328198287,0.268355905875114,0.0159334,0.335937,0.370838,0.144864,0.64887,0.628143,-0.404251,-0.231411,0.226426,-0.148009,0.719082,-0.0818188,0.467423,-0.507684,100.99639830301446,-3.3550646026474107,-15.749024199994755,1.741202489102978,8.279331482844828,-5.164306271018347,15.615916356056347,13.370376380896712,-0.208299,0.101452,-0.132456,0.294908,-0.160141,0.45229,0.826328
26.783984899520874,0.7498296226173851,2.046110776143732,2.2625588336753153,-0.47887942165675007,-0.06944381777775623,0.2328832898515358,0.0158998,0.335934,0.37081,0.144695,0.648862,0.628284,-0.404105,-0.233049,0.238293,-0.151653,0.719384,-0.0679088,0.483181,-0.494379,98.28382148177992,-3.1876724903075404,-16.32461883671151,1.106464348222767,7.465945494255061,-4.883709851382029,16.171660725377233,14.232988903708927,-0.210423,0.112623,-0.14192,0.298947,-0.149646,0.434067,0.836554
26.823270082473755,0.6081528336341203,2.1114097894074417,2.3955800062588626,-0.4765386019733188,-0.04842920934768553,0.17523513793528495,0.0158073,0.335989,0.370692,0.146716,0.649712,0.627334,-0.403485,-0.233238,0.248291,-0.154898,0.722431,-0.0567502,0.491117,-0.483402,96.22432968908127,-2.7056937009423345,-16.75110188483785,-0.9384169963774127,8.646067458639434,-2.6846490699884527,14.544498980788234,13.238156451610031,-0.211831,0.122093,-0.149467,0.305542,-0.146344,0.421489,0.841175
26.860654830932617,0.7392348588175096,1.9837648917697108,2.1023371918108107,-0.34987662068422914,-0.080217406343656,0.20829686739967562,0.0158816,0.336024,0.371005,0.141822,0.649895,0.627334,-0.404938,-0.233765,0.25853,-0.156891,0.721697,-0.0419799,0.499631,-0.477243,94.47128301632317,-2.2222485047152736,-16.31336610339332,0.06214763563459513,6.125380850446892,-3.67424101184168,16.17035377871221,13.452796649205425,-0.213102,0.131757,-0.156056,0.309605,-0.137088,0.403616,0.849968
26.900913953781128,0.6345018932537242,1.8591092776550904,2.127757618701953,-0.34153183755300204,-0.06638375542331962,0.16717174726972892,0.0159875,0.336103,0.371074,0.143174,0.650382,0.62683,-0.404461,-0.235142,0.268792,-0.158499,0.720977,-0.0293605,0.512842,-0.465105,91.95068801322815,-2.2330270968769845,-16.936045535392793,-0.09801052900136575,6.500798082684019,-3.311268689417439,15.824177451112075,13.373910449993135,-0.21457,0.142126,-0.162891,0.31263,-0.129109,0.38726,0.857685
26.94128108024597,0.5596658263295168,1.8301611619979195,2.350780572964719,-0.399725964167456,-0.053316923229554385,0.14364176212970395,0.0158361,0.33615,0.370898,0.144663,0.650518,0.6264,-0.404379,-0.235661,0.277219,-0.16031,0.715501,-0.0128318,0.522024,-0.464096,89.74690967856306,-2.993843455709974,-16.239535952733295,1.745046732502681,6.574625552023088,-4.588878560531434,16.857469328328683,14.414793387623494,-0.21607,0.15051,-0.168291,0.317976,-0.126027,0.376177,0.861103
26.97977066040039,0.6151385958495151,1.7518252442875688,2.1939711595729987,-0.3075926884461757,-0.06499597893234028,0.14289197894398453,0.0156849,0.336161,0.370955,0.146344,0.647935,0.628844,-0.404126,-0.235955,0.288369,-0.161958,0.715915,0.00227227,0.528825,-0.455857,87.55021893241505,-2.8831325326962096,-15.58728085149658,0.057167221191427586,7.100057300416115,-2.7939686602156897,15.13717444177409,13.354085894091718,-0.217704,0.161825,-0.174886,0.322611,-0.114144,0.355709,0.869692
27.021324396133423,0.724459929312578,1.5740245409170477,2.0568532236473005,-0.26834322357643686,-0.1013612220035633,0.17327991984490776,0.015889,0.336155,0.371148,0.146446,0.648673,0.628312,-0.403734,-0.237053,0.299937,-0.16233,0.714407,0.018212,0.539596,-0.445115,85.04131397128853,-2.750278704578813,-15.713257906076754,0.45923661212617084,7.980138033101413,-2.4673943349455882,14.551594908711802,13.294397085922787,-0.219794,0.174292,-0.180424,0.327171,-0.105497,0.341023,0.874947
27.061765909194946,0.6481057280878244,1.5137402137240412,2.20868209639786,-0.3101168613604469,-0.08074597250813446,0.14959583361802387,0.0158445,0.336165,0.371065,0.145418,0.648969,0.628146,-0.403888,-0.237542,0.309232,-0.162905,0.711744,0.0306264,0.547146,-0.439447,83.30899260564244,-2.7569213762940654,-15.519864591841447,0.4458186755533351,7.267093375432817,-2.5489353884205457,14.933568937592668,13.584097993077727,-0.221672,0.184657,-0.184505,0.338158,-0.102772,0.336368,0.872894
27.102991104125977,0.6586333431003268,1.297558992310235,2.318171540600683,-0.33423804659865547,-0.07102010277686031,0.14002339389989144,0.015786,0.336158,0.370975,0.146286,0.648604,0.628107,-0.404221,-0.237914,0.323007,-0.163192,0.706778,0.0514034,0.556829,-0.433318,80.4842444810314,-2.9857915159745447,-14.725953378498556,0.3100734609154099,7.457647676926145,-2.099970122862082,14.360943466715394,13.84757410480549,-0.223687,0.198469,-0.190976,0.341991,-0.0889746,0.305447,0.88421
27.14303994178772,0.7732963824218909,1.2938529047778233,2.0513766692551143,-0.2372731924818257,-0.11516507270334685,0.16460816707483464,0.0159273,0.336125,0.371177,0.14608,0.648208,0.628974,-0.403583,-0.238707,0.331692,-0.162375,0.702899,0.0618424,0.563945,-0.42904,78.99058401068083,-3.3070082431727803,-14.427295847834786,-0.21618360243118673,7.4014483905054025,-1.7551745368301397,14.027243477066218,14.248065941369417,-0.225138,0.20817,-0.1941,0.345168,-0.0818362,0.295972,0.886884
27.184653282165527,0.9118411331026132,1.2620245148154128,2.045658082492787,-0.19779146045302412,-0.18286725907163714,0.21266772820489038,0.0159261,0.336119,0.371188,0.14604,0.648254,0.628939,-0.403577,-0.239127,0.341882,-0.161508,0.699177,0.0751915,0.572282,-0.421891,76.9643384966237,-3.4009466975141445,-14.252359277165553,-0.50233676866225,7.003916980982224,-1.425571717919489,13.796325392124276,14.52871885962263,-0.226727,0.219304,-0.197597,0.349899,-0.0728512,0.279115,0.891268
27.224648475646973,1.223634044354368,1.3544027870542998,1.9719241563096481,-0.11395133507134467,-0.2834437008826876,0.2718549183563768,0.0158461,0.33615,0.371064,0.145143,0.649013,0.62821,-0.403817,-0.239491,0.35161,-0.160626,0.696422,0.0929196,0.578294,-0.414654,74.74601471710542,-3.0601049823366457,-13.77625810263615,1.614803267753964,8.294508756280427,-1.881334893969111,13.465767253126913,14.1819939665267,-0.227923,0.230453,-0.201037,0.35459,-0.0624342,0.267542,0.89375
27.26639199256897,1.202492017157877,1.2334780827450986,1.861391609366244,-0.09005594392550431,-0.281322609009051,0.25279177165796807,0.0158929,0.336122,0.371136,0.145329,0.649095,0.627949,-0.404023,-0.239872,0.360847,-0.159043,0.692435,0.104286,0.586346,-0.407255,72.84846434911978,-3.1807824031536702,-13.771347112560822,0.9648751040915737,7.656447086395125,-1.5077598905107266,13.327708033977338,13.966267690766129,-0.229521,0.240884,-0.203207,0.360298,-0.0564588,0.253229,0.896032
27.307042360305786,0.6796141370378096,1.1776046020017203,1.87330074694047,-0.09117978424197763,-0.10728810111949727,0.10283783333866202,0.0159089,0.336146,0.371161,0.146379,0.648759,0.628357,-0.40355,-0.23966,0.370092,-0.15755,0.689034,0.119067,0.593264,-0.398864,70.65466682663111,-3.1581916318511594,-13.447041571258897,1.54068980891474,8.242756673027166,-1.5622200272375366,13.131859908584143,13.80285738802965,-0.229806,0.251649,-0.205887,0.361476,-0.0480243,0.237596,0.90032
27.347343921661377,0.565975271714128,1.0005797568350323,1.9440792973631673,-0.14323389926313246,-0.0640131151597684,0.08029732129438857,0.0158772,0.336138,0.371141,0.145442,0.649136,0.627875,-0.404032,-0.238875,0.377779,-0.156422,0.684546,0.130863,0.59775,-0.396191,69.20676805111088,-3.1921231418046894,-12.950821801644713,2.0028905694251335,7.283380029843558,-1.7862925134201788,13.62084597367296,13.965393662310843,-0.230314,0.260371,-0.207601,0.369292,-0.0447764,0.227021,0.900044
27.386791467666626,0.576709764966374,0.9308739942535157,1.885296984069071,-0.12398872941838923,-0.07347382073376209,0.07999520889382446,0.0159097,0.33614,0.371204,0.146399,0.648726,0.628519,-0.403343,-0.238155,0.387279,-0.154512,0.68093,0.143612,0.602815,-0.390287,67.42997864333816,-3.2330687102180473,-12.484120362183496,0.958638799337681,7.481696611204949,-1.0121835798723708,12.823822422966266,13.353418881073619,-0.230412,0.271909,-0.209675,0.369296,-0.0366292,0.211816,0.904109
27.427438259124756,0.6450439022900362,0.8937015527621723,1.757406596224654,-0.08242493920849654,-0.09895217437584909,0.08541797758769061,0.0159297,0.336137,0.371273,0.145877,0.648682,0.628577,-0.403513,-0.237962,0.396514,-0.151904,0.67648,0.156415,0.608437,-0.384334,65.65988470567763,-3.178579408679761,-12.123706065764837,0.7517934953607774,7.169320182005323,-0.5662375694916264,12.404740773500697,12.869925070158756,-0.231768,0.282894,-0.210845,0.377964,-0.029483,0.197795,0.903964
27.46641254425049,0.6050257537926077,0.8867957918497104,1.7132037098095874,-0.05708542323447443,-0.09005126765859416,0.07091618404648711,0.0159217,0.336137,0.371284,0.145962,0.648651,0.628639,-0.403436,-0.237541,0.405892,-0.149189,0.672132,0.170335,0.614668,-0.376043,63.60783568877519,-3.066015857050947,-11.876024584129063,0.8788991055834616,7.060783224166112,-0.5013680752539997,12.302349870974881,12.755942766030845,-0.232516,0.294054,-0.211497,0.383958,-0.0230078,0.188277,0.903659
27.50679349899292,0.588879488246875,0.7911912251247345,1.6774214716330895,-0.05852782227654216,-0.08684207972117072,0.06640965767367593,0.015909,0.336138,0.371216,0.146365,0.648782,0.628486,-0.403317,-0.236843,0.415599,-0.146306,0.665163,0.185795,0.621609,-0.36965,61.38253311342355,-3.2415468227656765,-11.357201303422466,1.537936160893504,6.900021999807008,-1.0791531480731038,12.838874825271633,13.187761826217237,-0.233367,0.305658,-0.212109,0.390219,-0.0145024,0.175208,0.903782
27.547581911087036,0.5807001216855687,0.6679308588555689,1.5827266746134117,-0.04842173706915948,-0.08334441475954946,0.05727655248520442,0.015917,0.336135,0.371231,0.146146,0.648869,0.628421,-0.403358,-0.236198,0.426683,-0.142225,0.655746,0.203571,0.628911,-0.364728,58.98599735006638,-3.5146336171397135,-10.506131806086781,2.466823098547379,6.832596916988337,-1.5893091272426503,13.291968851275389,13.579178112452054,-0.23473,0.319158,-0.212328,0.398263,-0.00268475,0.152967,0.904423
27.587111949920654,0.6540509380612727,0.7285815971064783,1.5308198446254324,-0.003525177863516289,-0.11430840444827906,0.05895009045209096,0.0159267,0.336124,0.371227,0.145804,0.648386,0.628907,-0.403501,-0.235714,0.434027,-0.139246,0.650534,0.215198,0.63243,-0.361287,57.508433195141556,-3.4662374401325415,-9.867006426748299,2.589577867296299,6.915825967353118,-1.4489223815134054,13.183165034415453,13.4591124223861,-0.235734,0.328484,-0.211812,0.403022,0.00294171,0.14514,0.903603
27.627826690673828,0.6777800308375801,0.5893176250145069,1.4882065876164743,-0.02130400167770895,-0.1214171291358811,0.06083238279617755,0.0159212,0.336119,0.371218,0.145729,0.648309,0.628948,-0.403588,-0.234783,0.443297,-0.13516,0.643393,0.229735,0.637391,-0.356369,55.54773831413382,-3.494580714061909,-9.192537539721616,2.7340378018843996,6.8863033277738985,-1.3017326108714826,13.098866027468048,13.254869874504086,-0.236409,0.340216,-0.211345,0.407812,0.0126694,0.128548,0.903883
27.66771364212036,0.5340135302807084,0.5542177111286788,1.4296718258175594,-0.004844111849675895,-0.073617009118558,0.03413014637033984,0.0159681,0.336095,0.371312,0.144589,0.648369,0.629391,-0.403211,-0.233306,0.452698,-0.130928,0.635872,0.24454,0.642649,-0.350527,53.624421080101364,-3.469932662658758,-8.576264532548686,3.6317021453211407,6.168028064499075,-1.5916780639017603,13.548708135787786,13.291464580621954,-0.236595,0.352009,-0.210349,0.414461,0.021096,0.114885,0.90254
27.708861112594604,0.5679998630877797,0.41342481804452835,1.377687720414072,-0.029025856940389956,-0.09070744915055244,0.043832214302513876,0.0160074,0.336049,0.371348,0.145142,0.647851,0.629221,-0.404108,-0.231286,0.462001,-0.126496,0.628872,0.260134,0.646446,-0.344904,51.47136359853047,-3.2449699516889874,-7.83299198949727,3.18159740814224,5.60172951562938,-1.5246209364057108,13.553369943396884,13.01509297288567,-0.236345,0.364087,-0.209093,0.420512,0.0291788,0.101327,0.901139
27.747007369995117,0.5480061027644026,0.31215218463114147,1.3481941118800278,-0.05375259585699562,-0.0838882816081927,0.046055099874013704,0.0160071,0.336042,0.371367,0.145139,0.647696,0.629178,-0.404425,-0.230423,0.467171,-0.123744,0.62409,0.268169,0.649331,-0.342003,50.31184100645576,-3.2622076518740197,-7.4565844999649515,3.074364507003245,5.119721981242795,-1.6024475210884646,13.866936277461889,13.057360673649939,-0.236483,0.370828,-0.208115,0.425105,0.0333571,0.0941036,0.899621
27.78880214691162,0.43843713831427994,0.28995881206170687,1.276553070615832,-0.032358492478177535,-0.049820832720674106,0.027167866570655903,0.0160508,0.336035,0.371382,0.145028,0.647761,0.62906,-0.404544,-0.229008,0.476343,-0.118327,0.616747,0.282583,0.653604,-0.335516,48.294181299513326,-3.1284227419278157,-6.919262815985483,2.80292952245368,5.061088504189866,-1.2689573075909522,13.588259118782137,12.644833098647798,-0.236271,0.383198,-0.206014,0.428298,0.0431829,0.0777911,0.899247
27.82834482192993,0.4934159239282186,0.30648898648745654,1.2094923252542753,-0.0066076473043038386,-0.07722598464145414,0.02610824842889298,0.0160747,0.336038,0.371366,0.144774,0.64789,0.629244,-0.404141,-0.227957,0.483243,-0.113958,0.610657,0.294471,0.656535,-0.330677,46.738427110948024,-3.01297793049339,-6.393585486571527,3.2314666263892864,5.623452470913838,-1.1338955956541312,13.092177459837185,12.346599132783716,-0.236308,0.392679,-0.203973,0.430511,0.0490487,0.0660289,0.89883
27.866019248962402,0.5510863974590683,0.1897627536645186,1.1667693567514725,-0.035122767323067,-0.09960713028209998,0.03721317030278532,0.0160583,0.336024,0.371363,0.14478,0.647588,0.629283,-0.404563,-0.227381,0.488356,-0.110438,0.603276,0.302921,0.662084,-0.325487,45.17991602446393,-3.243703079779838,-6.149751097459772,4.151540585996485,4.47749136260451,-2.2333597875332174,14.69873003734535,13.610559941597543,-0.236645,0.399602,-0.202334,0.434787,0.0547359,0.0564662,0.897093
27.911720752716064,0.4971426012502349,0.2855501269230758,1.0782198260648885,0.022091653225227978,-0.08756208425806376,0.017500203422079943,0.0161383,0.336009,0.37138,0.144764,0.648011,0.629161,-0.404082,-0.226586,0.495287,-0.105266,0.596214,0.315775,0.665945,-0.318329,43.3126757820696,-3.148386660865053,-5.771286462154495,5.132045296341059,5.47384826006759,-2.5154577713452966,14.259491366421875,13.684798787213909,-0.236689,0.409189,-0.199739,0.438441,0.0631381,0.0437662,0.89547
27.952609062194824,0.4718873303342028,0.27763272105149456,1.042614740026939,0.029667520392444784,-0.08321194809354689,0.013941441004280533,0.0161274,0.336019,0.371409,0.144207,0.647994,0.629316,-0.404065,-0.225727,0.500824,-0.100962,0.589643,0.323574,0.670673,-0.31276,41.93846449037692,-3.289594981025778,-5.620487452609951,5.386943979145177,4.2249842492367495,-2.726471429421558,15.219720708425221,14.110169767443551,-0.236244,0.417276,-0.197405,0.438012,0.0679807,0.0336612,0.895763
27.993814945220947,0.4045333499912569,0.2618738387776459,1.0229474361674311,0.03324564948900441,-0.05992975414769304,0.0074506945981664,0.0161309,0.33601,0.371442,0.144081,0.648093,0.629185,-0.404156,-0.224855,0.505158,-0.0975558,0.586178,0.331173,0.672189,-0.308028,40.85237720824619,-3.064915687274415,-5.459771623827767,5.302567184166359,4.3144532318093916,-2.546845585707267,14.801945555978218,13.774309978857124,-0.236045,0.423306,-0.195464,0.440738,0.0720988,0.0256837,0.894367
28.032154083251953,0.3772217723598934,0.26657639334419514,0.9735605471275331,0.0474656320584743,-0.053404902884804664,0.001497066155554733,0.0161843,0.335986,0.371469,0.144461,0.648261,0.628969,-0.404087,-0.223747,0.509359,-0.094214,0.581516,0.338584,0.67393,-0.304991,39.77454183361318,-3.041403572935365,-5.1099714021438905,5.1578696299723505,4.548397175467661,-2.502378191852678,14.510055438099053,13.708549153379602,-0.235484,0.429465,-0.193511,0.44202,0.0769436,0.0174657,0.893529
28.072182416915894,0.3941548917635916,0.20739371464401168,0.932096964855717,0.039533513061664485,-0.062330603944537544,0.002371486749953734,0.0162221,0.33596,0.37151,0.144552,0.649133,0.628067,-0.404058,-0.221802,0.515938,-0.0890285,0.573912,0.348929,0.676603,-0.301797,38.29560908373524,-3.145934837651108,-4.600564619045447,4.536978873462044,4.503918752915616,-2.208349315468233,14.010746185755295,13.606417770343793,-0.234876,0.438816,-0.190359,0.446797,0.0838803,0.00493707,0.890681
28.110196113586426,0.39123797599109167,0.23304552393542677,0.906594458755433,0.056963608397485536,-0.06196286051773714,-0.003895994891306081,0.0162407,0.335951,0.371523,0.144262,0.649029,0.628273,-0.404008,-0.220021,0.521349,-0.0845118,0.567845,0.359933,0.677747,-0.297758,36.90407586883694,-2.8570361523977637,-4.025718861608636,4.998402514471255,4.768330426022695,-2.215883095453556,13.649842653500931,13.426205213674432,-0.234394,0.446504,-0.187427,0.452427,0.0901607,-0.00407018,0.887223
28.149352073669434,0.3392903678623755,0.31000537201691997,0.8578093796406431,0.09874781112789614,-0.04303734416463868,-0.017206574686024677,0.0163079,0.335916,0.371579,0.143986,0.64873,0.628531,-0.404186,-0.218182,0.52679,-0.0797952,0.561916,0.368053,0.679582,-0.294882,35.76269558126792,-2.7631785563306313,-3.551164926450914,3.9776612031050416,3.932221857488896,-1.763286616569431,13.36303396834531,12.858764803571066,-0.233565,0.454436,-0.184115,0.45569,0.0963079,-0.0148612,0.884789
28.191370487213135,0.32882118579146397,0.10389022495388366,0.7681014062470704,0.03158067651874479,-0.04883577712467558,-0.00036869070377530336,0.016388,0.335932,0.371635,0.142485,0.648914,0.628542,-0.404405,-0.216619,0.5323,-0.0745296,0.555442,0.378289,0.680827,-0.291299,34.52456861889726,-2.483257905273927,-3.0873245971844447,4.291161587679651,3.873676467925344,-1.3492010321703916,12.806796518195563,12.243081440899488,-0.23324,0.462563,-0.180361,0.46022,0.102512,-0.0251909,0.881507
28.23218560218811,0.31200529616456457,0.16210877761660175,0.7185017466714424,0.06347408566845868,-0.043373451194758585,-0.01232612720715708,0.016463,0.335879,0.371702,0.142286,0.648691,0.62867,-0.404634,-0.215597,0.536541,-0.0701279,0.551991,0.384885,0.680788,-0.289305,33.738936583429734,-2.2078747221151636,-2.713116106521632,2.644910978891371,4.285694604750856,-0.25112623892336927,11.646191733035929,10.691103934279955,-0.233108,0.468689,-0.177434,0.46327,0.108119,-0.0348514,0.878906
28.27193021774292,0.3054456559944336,0.21276959067177134,0.6549505196741942,0.08853339908261341,-0.04786119434799154,-0.020439694559828657,0.0165691,0.335819,0.37176,0.142034,0.648412,0.628752,-0.405042,-0.214227,0.541846,-0.0644784,0.544582,0.394661,0.684468,-0.281384,32.007548335849286,-2.068603489476713,-2.582855918865965,2.978703119212362,3.3722673923940434,-1.026524993908275,12.705414035839038,11.126580315297518,-0.232749,0.476924,-0.173435,0.466271,0.116785,-0.0413531,0.875924
28.310462713241577,0.2748197549681286,0.13511266291009175,0.5907956224436685,0.07030610241103907,-0.03751784048290302,-0.018861762280690145,0.0166643,0.335787,0.371846,0.140565,0.648725,0.629282,-0.40423,-0.213134,0.547245,-0.0583115,0.534822,0.403591,0.6888,-0.276829,30.593903065884295,-2.3005565288480856,-2.127657285976614,3.973611928622196,2.9772131992907056,-1.251657535503682,13.021346146726255,11.45395239390329,-0.232105,0.485116,-0.169976,0.468538,0.132969,-0.0531024,0.871763
28.348138332366943,0.29792661015499594,0.1456841593828785,0.5076000153629402,0.0780996547875327,-0.05227753317808363,-0.023378858149088577,0.0167607,0.335831,0.371893,0.139975,0.647886,0.631003,-0.403094,-0.211902,0.551383,-0.053391,0.529817,0.408927,0.691287,-0.272387,29.73414850846693,-2.2618543493972414,-1.8397465910453654,3.2755527127600477,1.9547904411767174,-0.548630444896407,12.781573497084016,10.535587685026787,-0.231816,0.491642,-0.166248,0.471662,0.139131,-0.0619297,0.868529
28.389080286026,0.2984872181130174,-0.005440254132087169,0.4466375489984919,0.02403262624196124,-0.061785132272700376,-0.009164281947272746,0.016816,0.335818,0.371912,0.139631,0.647877,0.630996,-0.40324,-0.210764,0.556449,-0.0468839,0.520524,0.420973,0.693344,-0.266667,27.94736110144686,-2.043131816967734,-1.2865226149911315,4.260366652071662,3.0140362807592664,-1.1227921016858318,12.508148419466636,10.991105424565104,-0.231468,0.499984,-0.160873,0.472794,0.143168,-0.072764,0.866415
28.429587364196777,0.29710300838955184,0.0572713207895395,0.3729568081024123,0.048225824874555887,-0.06710292845675228,-0.019510592233875863,0.0169047,0.33576,0.372072,0.140007,0.647443,0.630535,-0.404526,-0.209235,0.561243,-0.0405626,0.513077,0.431423,0.69476,-0.260642,26.227472333610176,-1.6971805294777422,-0.9617609035215757,3.6588179038433104,3.041599184734885,-1.6979881362972833,12.814971118724443,11.191973212363568,-0.230845,0.507768,-0.156018,0.475352,0.150633,-0.0845298,0.862673
28.46932625770569,0.24259257710614004,-0.21382699143596678,0.23205086159565194,-0.05367853862360454,-0.06268809343015849,0.009797857269747462,0.0169502,0.335745,0.37209,0.139632,0.647491,0.630594,-0.404486,-0.207489,0.565576,-0.0345805,0.507718,0.439424,0.69567,-0.255287,25.03433852934826,-1.4247291810473353,-0.7701675184688632,2.656819471327985,2.762878349145632,-0.9792905536122234,12.097500447597854,10.309103626808746,-0.229786,0.515116,-0.151305,0.478197,0.159229,-0.0936944,0.858601
28.511402130126953,0.09208781860015308,-0.09699606940710868,0.2003798260460285,-0.010937681469042951,-0.012715027866956084,0.007723467130255866,0.0170394,0.33573,0.372226,0.139825,0.647075,0.631152,-0.404215,-0.205688,0.569485,-0.0292845,0.500502,0.446612,0.697333,-0.252512,23.89208544445906,-1.394835235739506,-0.22134417785894733,2.052828282650852,2.4917298154276892,-1.0491563366892507,12.266130327225696,10.43571891155461,-0.228876,0.521819,-0.146662,0.4798,0.16193,-0.103213,0.856106
28.551390171051025,0.2015425046093798,0.0030093470603095493,0.21258492286709493,0.026605533341265232,-0.04925703338262449,-0.012710631612255475,0.017048,0.335735,0.372215,0.139775,0.646927,0.631302,-0.404234,-0.204892,0.571947,-0.02541,0.496372,0.451569,0.698518,-0.248542,23.025316951382187,-1.2809114429727189,-0.11077394153948816,1.7482260925688138,2.3354976409593657,-0.9947140289209742,12.276923997052227,10.418595569308668,-0.228624,0.526047,-0.143461,0.482057,0.166739,-0.109853,0.853084
28.59179663658142,0.04596456551151222,-0.019272710187812427,0.15372787783549377,0.016941452307228134,-0.0007504931808266392,0.0025089508462023363,0.0171661,0.335706,0.372351,0.139119,0.645919,0.632187,-0.40469,-0.203523,0.575607,-0.01965,0.49003,0.460182,0.699239,-0.243246,21.745503441972012,-0.8333510857730004,0.20322640291420235,1.6818595954035445,2.0365282312299016,-1.2418704010040642,12.542586403041652,10.525425845700806,-0.227916,0.532441,-0.138754,0.482225,0.174046,-0.118568,0.850358
28.6321542263031,0.22095835537766279,0.15498276833827102,0.18606184302280865,0.08393888576841338,-0.057922700408519344,-0.03599962679161677,0.017197,0.33574,0.372338,0.138342,0.646408,0.632295,-0.404007,-0.203196,0.577536,-0.0161069,0.488153,0.462031,0.701384,-0.237264,21.18706951586495,-0.8935534043134583,-0.18858835026935772,1.182572470756142,1.0792402598390538,-0.6000458252273475,12.423699311533706,10.222912954728805,-0.227929,0.536135,-0.135627,0.482075,0.177011,-0.124886,0.848925
28.673561096191406,0.18647017011282546,-0.019544053365607807,0.07621648212910527,0.01076082831983992,-0.059579089829567305,-0.013108213472336929,0.0172175,0.335737,0.372339,0.138033,0.646265,0.632402,-0.404174,-0.202561,0.579732,-0.0123521,0.483577,0.466254,0.702837,-0.234053,20.392889087215174,-0.8682360060361904,-0.06468276882803892,0.9455282160186815,0.7760236327587862,-0.6869380569304688,12.429104025038743,10.504090115267516,-0.227907,0.540103,-0.132079,0.483801,0.178581,-0.129553,0.846913
28.714565992355347,0.12613383332134684,0.09950713756038058,0.10474364027654466,0.059205541368027345,-0.033398588639159996,-0.021942250749538553,0.01737,0.33569,0.372501,0.136539,0.646701,0.632068,-0.404506,-0.201258,0.582954,-0.00704942,0.477707,0.473112,0.703563,-0.23013,19.410115029893547,-0.6844199085914997,0.07001731793271126,0.8911332035629904,0.6572387113678282,-0.5165650282416827,12.072341506483689,10.427415677163657,-0.227181,0.545798,-0.127442,0.484417,0.185106,-0.137005,0.843982
28.75593066215515,0.16347557821771028,0.11106652239971895,0.058264965187649224,0.05909724125518243,-0.052726705146499096,-0.030003204566713102,0.0173755,0.335714,0.372499,0.135869,0.645366,0.63343,-0.404733,-0.200227,0.5855,-0.00234927,0.472206,0.478853,0.704741,-0.225967,18.45551348559863,-0.39054392051018016,0.32122423476864626,0.8206381444081678,-0.3014915553478348,-0.6810488691563528,12.433543262890813,10.54558442444249,-0.226636,0.550584,-0.123234,0.485112,0.189787,-0.144244,0.841333
28.79835057258606,0.029991060180172797,0.10209188188861704,0.005428474245119011,0.05001998019532032,-0.012077795089805731,-0.014246684586755706,0.017511,0.335708,0.372656,0.13504,0.647525,0.630463,-0.406193,-0.198959,0.587728,0.00153331,0.468432,0.482833,0.704611,-0.22576,17.865295132732108,-0.5272673714643221,0.3003231411868974,-0.4790096025941786,0.20943430159317522,0.10669895113631966,11.503641053836686,10.209146679526897,-0.225884,0.555604,-0.118756,0.487761,0.194872,-0.151493,0.837355
28.83725380897522,0.1315340290903511,0.1166129992533358,-0.016467393312851943,0.05200730963716899,-0.04953975704127855,-0.028917692206399205,0.0175954,0.335663,0.372712,0.135425,0.647466,0.630358,-0.406322,-0.197836,0.590504,0.00679711,0.461182,0.490801,0.704865,-0.22269,16.635530379284944,-0.338676639029424,0.8058182628028003,-0.6064753832730254,1.5193923897093713,-0.38518968780253005,11.167724338611222,10.695045244493883,-0.225397,0.559787,-0.114814,0.4884,0.196534,-0.15836,0.835321
28.879762887954712,0.11278843599759657,0.05156092003151885,-0.13822131427970646,0.012848136491680338,-0.055601447424165576,-0.01785308121734544,0.0177018,0.335644,0.372894,0.134279,0.648006,0.630521,-0.405586,-0.195681,0.593913,0.0133488,0.451479,0.500103,0.706291,-0.217294,15.188275397443117,-0.2532027411313882,1.233629371355736,0.6664344768218768,1.6505276758957335,-0.8473830611509783,11.223850712066918,10.83968418781947,-0.223911,0.566179,-0.108673,0.489782,0.201028,-0.16616,0.831921
28.92839241027832,0.07346198524084648,0.09520698187141433,-0.17399035333897064,0.02199068669642044,-0.0466920792626607,-0.01818118470031136,0.0177803,0.335609,0.372992,0.133778,0.648448,0.630703,-0.404763,-0.193975,0.596453,0.0185392,0.446682,0.505938,0.706408,-0.213282,14.353441367491099,-0.0899750824216039,1.4259270503914045,0.003977196079295808,1.8152753181217012,-0.18574995614138956,10.50341919222231,10.296543297184819,-0.223037,0.570991,-0.103993,0.493401,0.206579,-0.175106,0.82657
28.96763038635254,0.0419835948749741,0.1731975680040939,-0.16660918588748735,0.05057104430475724,-0.03507388385809694,-0.023072525348458835,0.0178814,0.335575,0.373158,0.134929,0.647653,0.631658,-0.404162,-0.192472,0.598817,0.0235759,0.442159,0.511236,0.706773,-0.208819,13.38154884540818,0.15074293666062977,1.7073842494661466,-1.4329929141271585,1.8130613112086715,-0.32995619365390993,10.935623140446996,10.374386220876975,-0.221391,0.57584,-0.0991093,0.491816,0.210579,-0.181399,0.825147
29.006062746047974,0.04217789447723404,0.08267153601363166,-0.2920428210877715,-0.0015901684480338397,-0.048680922154852556,-0.012799436544397934,0.0179112,0.33556,0.373284,0.134266,0.647474,0.632147,-0.403907,-0.190688,0.601084,0.0287324,0.435863,0.517967,0.707167,-0.204082,12.316828741595423,0.4030855005270306,1.9317683880205738,-1.0928968952714655,1.4090620642282703,-0.5410764280230005,11.147125412567464,10.362136016485088,-0.220239,0.580414,-0.0943651,0.494548,0.214523,-0.189736,0.820611
29.04696559906006,0.06108803347517247,0.06593723468891902,-0.32569193495689236,-0.012254274219802639,-0.05623021309404795,-0.013034682002212639,0.0179856,0.3355,0.373436,0.132555,0.648454,0.631868,-0.403335,-0.189452,0.602796,0.0327073,0.431107,0.521168,0.70838,-0.201815,11.81513830077532,0.2603420507199876,2.00515704099986,-0.9690675773016366,0.9136917239404339,0.11045091238528926,10.833882313699235,9.748064795134859,-0.219098,0.583965,-0.090561,0.494313,0.217618,-0.195671,0.818542
29.087368965148926,-0.004100630922276028,0.04772818797968341,-0.39676850502819055,-0.02930783660571787,-0.044859878901859156,-0.0028154492193300028,0.0180347,0.335449,0.373584,0.131842,0.648216,0.632071,-0.403633,-0.188441,0.60454,0.0374939,0.425782,0.525289,0.709749,-0.19758,10.939600567510649,0.3132879324785336,2.036610015761646,-1.2712388455618573,0.05986626114937721,-0.01411553300005508,11.108188305123386,9.910017569227715,-0.21833,0.587941,-0.0861262,0.494754,0.222552,-0.202371,0.815313
29.128960132598877,0.023686959826775194,0.1829246166281572,-0.3491268719121122,0.017924270563450615,-0.050332369153838374,-0.022643905560819137,0.0180985,0.335403,0.37373,0.131304,0.647834,0.632431,-0.403858,-0.18757,0.606533,0.0430409,0.419025,0.530397,0.711643,-0.19147,9.762489911592356,0.36582291321248417,2.0457130286963316,-1.2237980140374045,-0.7149553906848016,-0.7512568323776918,11.6946079761735,10.448133853445071,-0.217471,0.592431,-0.0809314,0.493832,0.228059,-0.210496,0.812287
29.167726278305054,-0.06041034716355972,0.1272666021529815,-0.45830158168399654,-0.019301252509583502,-0.03310083485202169,-0.002063864835361859,0.0182147,0.335383,0.373871,0.132632,0.647124,0.633367,-0.403095,-0.186583,0.607662,0.0466192,0.415486,0.534371,0.71142,-0.188946,9.075973271412131,0.5846225921878152,2.4012470526064273,-2.0875785291944595,0.009858027059887142,-0.8585978783726702,11.353951283787628,10.675569655785251,-0.216783,0.595274,-0.0774573,0.494057,0.229778,-0.216166,0.810174
29.20871591567993,0.04733522780073753,0.20277533339814466,-0.4557111260693155,0.0036575838324890636,-0.06631254404558222,-0.02983017112481741,0.0182567,0.335325,0.374057,0.130673,0.647221,0.633364,-0.403583,-0.185626,0.609339,0.0517775,0.411501,0.540222,0.710736,-0.183527,8.25351985924316,0.9893107641947066,2.214176443412992,-2.097294383774747,-0.30399144982112425,-0.4763136385971123,10.812026188036436,10.10563369347939,-0.215864,0.599316,-0.0724758,0.491736,0.235047,-0.223136,0.808182
29.24815583229065,-0.02236266680327317,0.09806574556211158,-0.5475866059203813,-0.04759022732518174,-0.05568424620732802,-0.006104512262921884,0.0182909,0.33531,0.374145,0.130157,0.647499,0.633574,-0.402974,-0.185455,0.610102,0.0543186,0.409209,0.541985,0.711496,-0.180481,7.866563594240241,0.9609487625586067,2.1501346130223666,-2.1360378390772308,-0.278659629020229,-0.2929235773129868,10.547796258389377,9.977589822133298,-0.215865,0.601142,-0.0698997,0.49261,0.236072,-0.226767,0.806339
29.289983987808228,-0.04411438112994658,0.1073474354237186,-0.6414351380341448,-0.06551354492978148,-0.05861440204474333,-0.00329048013609813,0.0184731,0.335206,0.374373,0.129946,0.648468,0.632747,-0.402784,-0.184939,0.611632,0.0591876,0.403821,0.546305,0.712288,-0.176419,6.969101961172436,0.8713290189700467,2.207760674567746,-2.585741834668756,0.7206706521633839,-0.4848481833186753,10.38354130239849,10.432701403549544,-0.215359,0.604706,-0.0651954,0.491173,0.240529,-0.232539,0.804251
29.332100868225098,-0.05413637472031594,0.21562727873167775,-0.5129757927946239,-0.010268204704095393,-0.04382638475009096,-0.012653195763922646,0.0185514,0.335191,0.374505,0.12914,0.648416,0.633609,-0.40177,-0.184673,0.61271,0.0627743,0.399545,0.55015,0.712837,-0.171934,6.300127558870787,0.9927450607021365,2.261907602722106,-1.905422427002371,1.118500112410409,-0.684634446200235,10.192335526369853,10.402378218267367,-0.215138,0.607274,-0.0617998,0.489798,0.24342,-0.238354,0.802516
29.37336039543152,0.028762160789167088,0.13358600403583612,-0.6918888889078691,-0.07027576189294685,-0.08666611457846068,-0.019256169633441997,0.0185847,0.335139,0.374617,0.127603,0.649029,0.633501,-0.401442,-0.184544,0.613632,0.0661194,0.397911,0.551385,0.713771,-0.167848,5.979288028515488,0.9311325958501808,1.931247081783031,-2.480321935498228,0.4979964198454514,0.057093931329333714,9.720284110355188,9.654971707949425,-0.215012,0.60959,-0.0584716,0.489235,0.245093,-0.242716,0.801042
29.414203643798828,-0.051927557483741525,0.1120595190246542,-0.725410525154368,-0.0861089940355179,-0.06574076009422136,-0.0009854210662920857,0.0187978,0.335074,0.374926,0.128116,0.647856,0.635444,-0.4001,-0.18436,0.614532,0.0691754,0.395279,0.554268,0.71473,-0.160319,5.191197889843142,1.176334178385046,1.756063662752748,-1.9922779218483644,-0.08991787085634773,-1.2216357217642084,10.85012083726958,10.653664273865378,-0.214637,0.611618,-0.055588,0.487384,0.247149,-0.247057,0.80021
29.4554660320282,0.01848039590075818,0.12923126305131347,-0.7105981976977941,-0.08006271401960202,-0.0850976995285646,-0.016564621032257275,0.0188065,0.335025,0.374995,0.127621,0.647199,0.635491,-0.401245,-0.184291,0.61513,0.0715391,0.394562,0.556204,0.714284,-0.157342,4.79714031812948,1.452292534083694,1.4947487472534746,-2.8270804336185122,-0.7541566204270218,-1.37829983323266,11.122450576125535,10.403527863383054,-0.214641,0.613194,-0.0533171,0.487889,0.248936,-0.25071,0.79821
29.49685549736023,-0.0075553525320421954,0.13468886205770092,-0.7127198101362682,-0.07966357267892232,-0.07671498954130279,-0.01039021240193594,0.0187886,0.334984,0.375036,0.127786,0.64667,0.63561,-0.401856,-0.184186,0.615564,0.0730666,0.393635,0.558279,0.713737,-0.154775,4.391761617869168,1.6951112571248976,1.3764540011893374,-3.1040720553137877,-0.9191831905939516,-1.9309240840895896,11.555068140416644,10.715277339435337,-0.214359,0.614297,-0.0516649,0.486567,0.249572,-0.252578,0.798229
29.536359071731567,-0.0730436444774485,0.17509282672745097,-0.6862795018402073,-0.06321098842721991,-0.05482680652823768,-0.0017691136988452843,0.0189187,0.334976,0.37516,0.127573,0.648169,0.634568,-0.401155,-0.183968,0.615961,0.0746573,0.392932,0.557718,0.714481,-0.155153,4.436375738977276,1.345917577016274,1.39920888955346,-4.1722737948610575,-0.1906846424435482,-0.8328599388010929,10.448059225796445,9.811777345634278,-0.214056,0.615479,-0.049993,0.485788,0.250972,-0.254956,0.797509
29.575119972229004,0.014882852218494903,0.21256646213448094,-0.7136932981375632,-0.05896646043622568,-0.0848616885225991,-0.02361049730473905,0.0189367,0.334959,0.375179,0.12727,0.648207,0.634593,-0.401151,-0.184103,0.616259,0.0761674,0.392184,0.557964,0.714981,-0.15385,4.299026579955081,1.304792820270586,1.31103139352226,-4.759746208833294,-0.28975337296200543,-0.5328181299893231,10.216407066870369,9.548324598632457,-0.21438,0.616325,-0.0485453,0.485801,0.252307,-0.256597,0.796553
29.61490249633789,0.13580747336910506,0.24411513940981883,-0.6892981148719504,-0.04520823390535707,-0.11861430009773846,-0.05264726979322296,0.0189284,0.334945,0.375195,0.12697,0.64801,0.63494,-0.401016,-0.18467,0.616599,0.0775131,0.390602,0.559759,0.715029,-0.151107,3.941459711393811,1.4199723912904159,1.2306732069359079,-4.283708318196011,0.21499224783214732,-1.0260123469015667,10.484428751235756,9.948440434125995,-0.214857,0.617101,-0.0472731,0.484933,0.253331,-0.258817,0.796038
29.65637516975403,0.06362346902152466,0.21729678412438533,-0.7308437348706133,-0.0652400441562016,-0.10052654965648523,-0.034061304192252055,0.0190423,0.334919,0.375307,0.126189,0.64803,0.634601,-0.401765,-0.184579,0.617001,0.0787888,0.389853,0.561043,0.714701,-0.149829,3.7418197998124736,1.5287307382976647,1.0807503729631183,-4.4181009188569895,0.044390578988101836,-1.1175644631526325,10.55990144966847,9.960744151101682,-0.2149,0.617931,-0.0459476,0.485216,0.254191,-0.260253,0.795123
29.698287963867188,0.004799627152031312,0.27225123068219154,-0.6888020088294412,-0.038877719836690985,-0.07836699612161323,-0.028342896739296693,0.0190829,0.334904,0.375348,0.125659,0.64802,0.634652,-0.401866,-0.184495,0.617201,0.0796191,0.388058,0.562312,0.714764,-0.149426,3.5559047378449136,1.5562338936553923,1.1543315763410895,-3.8987163244338507,0.2038270750389266,-1.2888256954434354,10.616076453077103,10.083238155847937,-0.214984,0.618583,-0.0448598,0.485516,0.255089,-0.261265,0.79432
29.73922634124756,0.004802291636808219,0.19644112553686116,-0.7917204538199111,-0.08461287165451362,-0.09055717987947391,-0.021208272004666465,0.0190803,0.334889,0.375385,0.124758,0.648239,0.635073,-0.401128,-0.184743,0.61753,0.0809074,0.38779,0.562091,0.715456,-0.147634,3.5575829678938247,1.4828238039506914,1.0028404815660092,-4.161987735793664,-0.029130437011399835,-0.7170775568917307,10.101996318690961,9.539627011137197,-0.215042,0.619335,-0.0437457,0.484419,0.255409,-0.262296,0.794547
29.78094172477722,-0.027282350440405688,0.17796761571631314,-0.781144049035098,-0.08925365018607553,-0.07885551564827663,-0.01154906147610165,0.0191384,0.334857,0.375467,0.123794,0.648969,0.634253,-0.401543,-0.184734,0.617716,0.0817235,0.386798,0.562194,0.715995,-0.14723,3.4834424371831147,1.3204749716918442,0.8812364717432413,-4.0395234822564685,-0.17343105301469475,-0.5262902685979043,9.907793949204244,9.404796545141267,-0.215061,0.61982,-0.0429576,0.483854,0.256633,-0.263173,0.794207
29.81879997253418,-0.04415981651741414,0.16666965111758697,-0.796556483570682,-0.0959899313081453,-0.07608577198902002,-0.006750184536735668,0.0191231,0.334854,0.37541,0.123758,0.648812,0.634265,-0.40179,-0.184917,0.617813,0.0821418,0.386814,0.562115,0.715943,-0.147741,3.510017656311951,1.3399913638350955,0.9045150184261672,-4.607755067542378,-0.02692104508092008,-0.29505371724202334,9.747170257128248,9.231679777865889,-0.215234,0.620139,-0.0424628,0.482649,0.256823,-0.263012,0.794932
29.859984159469604,0.04362114114030672,0.1386835438845338,-0.8302521796767859,-0.1144288611879971,-0.10660189910108393,-0.021858603560452827,0.0191239,0.334871,0.375365,0.124313,0.648088,0.635068,-0.401518,-0.185597,0.61772,0.0821277,0.386499,0.56183,0.716627,-0.146328,3.3808270265943254,1.3577908880149443,0.8847829383761123,-4.387792744274204,0.00420194913299099,-0.9051923168063851,10.277604481960479,9.794211177501586,-0.215953,0.619958,-0.0425393,0.482393,0.257683,-0.26298,0.79482
