# Timestamp, Fx, Fy, Fz, Tx, Ty, Tz, FemurPosX, FemurPosY, FemurPosZ, FemurQuatW, FemurQuatX, FemurQuatY, FemurQuatZ, TibiaPosX, TibiaPosY, TibiaPosZ, TibiaQuatW, TibiaQuatX, TibiaQuatY, TibiaQuatZ, Flexion, Adduction, Rotation, Anterior_Posterior, Medial_Lateral, Proximal_Distal, Medial_Joint_Gap, Lateral_Joint_Gap, FTPosX, FTPosY, FTPosZ, FTPosZ, FTQuatW, FTQuatX, FTQuatY, FTQuatZ
0.04533243179321289,15.52964850926788,7.524660732408172,6.917915386440375,-0.7344947620902562,-3.7735237686384635,-0.6931657076228929,-0.450102,0.277933,0.148486,0.504902,0.533084,-0.658592,0.164777,-0.457677,0.23083,-0.134143,0.744963,-0.0153247,-0.582639,0.324541,48.744584133698744,4.332709679493254,3.2512638438633337,13.968265016180464,-3.422398181680588,1.277105055750905,7.014918264473473,6.364174716293057,-0.648832,0.184153,-0.289295,-0.110601,-0.222801,-0.0321952,0.968034
0.11778616905212402,13.183812861939455,4.350961467433254,1.818633745499847,-0.6265692007926403,-3.1368797635202372,-0.8996448237561332,-0.450069,0.277616,0.14844,0.509531,0.530414,-0.65788,0.161966,-0.462328,0.229223,-0.134612,0.755156,-0.0198672,-0.572706,0.31836,48.540597040305855,3.266993852028965,3.708191083036948,13.020671355919916,-2.928208010508568,1.835481074113428,6.080870762457299,6.504977034873407,-0.657831,0.18621,-0.285565,-0.100881,-0.214006,-0.0356579,0.970955
0.19576573371887207,10.349138699819108,6.845020458267395,1.8483784299507406,-0.02367776416314713,-3.121336891867631,0.23140296671614294,-0.449869,0.277125,0.148575,0.521945,0.52415,-0.652342,0.165198,-0.469727,0.229897,-0.135458,0.766325,-0.0153076,-0.562775,0.30951,46.23250047496887,2.7589094334145607,3.883028134769262,8.605643450969684,-2.654628547877177,1.2432963789851996,2.4736212669380815,6.883312498445852,-0.671149,0.191931,-0.279819,-0.0882976,-0.192813,-0.0427729,0.976318
0.26285815238952637,10.144491866627387,6.6992998398011325,1.147994743355353,-0.25040575089310135,-2.652352977799504,0.3441579093866498,-0.451396,0.277105,0.148898,0.52318,0.527215,-0.651125,0.156088,-0.476069,0.23248,-0.13483,0.773005,-0.00731586,-0.557076,0.303441,46.039265569691224,2.388528943320698,3.714549489640108,10.593988431079605,-2.213916630739167,1.6128312962716578,2.683054994605634,7.967505276520037,-0.680734,0.197625,-0.275661,-0.0872012,-0.185798,-0.0485775,0.977505
0.33230066299438477,10.973392668389462,6.399999319631918,2.0580058262423506,-0.1638179287848112,-2.7449102485128187,0.16542173417083886,-0.452047,0.277315,0.148933,0.528165,0.526547,-0.647454,0.156823,-0.47781,0.233908,-0.134721,0.773933,-0.00215241,-0.557549,0.300271,44.96899013622691,2.920614819275258,3.7826061386804923,9.67073429958929,-3.486577281369943,1.0065029909997776,2.7435766261236916,7.3593842791265764,-0.683097,0.200522,-0.275039,-0.0861323,-0.183211,-0.0529928,0.977858
0.40189695358276367,12.442461656836162,5.409759783945035,2.759822627031048,-0.18420253973294418,-3.124767354838291,-0.30096218483650217,-0.451511,0.277351,0.149035,0.525797,0.526688,-0.648212,0.161117,-0.4742,0.233281,-0.134801,0.770603,-0.00701548,-0.561387,0.301606,45.14452919897159,2.9909037517092267,4.215435278304122,8.307201664340806,-3.674585162600815,1.1175608663880645,2.809317233283695,7.063289515190852,-0.677079,0.200159,-0.278335,-0.0829638,-0.184337,-0.0513947,0.978006
0.47066211700439453,13.232058566443111,5.394207240145167,3.810879920423226,-0.5684738615806039,-3.5944383424675115,-0.6538018287605927,-0.451419,0.277513,0.148827,0.515091,0.532352,-0.652979,0.157804,-0.469034,0.233907,-0.134328,0.764203,-0.00757355,-0.57152,0.298834,46.004585623260326,3.2582925720951135,4.669836404251761,11.948279948721803,-2.740847766628301,1.2697350521361024,4.099421288889578,7.776236757436506,-0.668593,0.200224,-0.282104,-0.088149,-0.202143,-0.0525258,0.973966
0.540747880935669,15.865162460522043,4.277956957069388,5.196374307813461,-0.620286364326634,-3.6788935030571075,-1.5557469626514577,-0.451229,0.277948,0.148894,0.511184,0.532797,-0.654455,0.162809,-0.464269,0.23757,-0.133878,0.756073,0.00166428,-0.578839,0.305445,45.59292105511652,3.9217448823867667,3.5634364586848672,11.970320703403452,-4.053660722083528,1.814950354275112,4.3708975561354615,7.343714981891902,-0.660477,0.202251,-0.285724,-0.0985029,-0.215747,-0.063004,0.969423
0.6095995903015137,12.96707555510248,4.02103453432602,6.052803518062125,-0.4923227381535055,-3.6230665500045376,-1.4263321441220245,-0.450746,0.278141,0.148592,0.506434,0.533277,-0.656578,0.167468,-0.461242,0.241685,-0.134076,0.751631,0.0145129,-0.585674,0.303028,44.179864635842634,4.108575600134309,2.82080039472795,12.596246814423498,-3.6105715595133034,1.736482546849956,4.530894140091915,7.721926942111179,-0.65594,0.20507,-0.288575,-0.108376,-0.215685,-0.0653656,0.968226
0.6780111789703369,12.694748945151133,4.8599217758410065,6.434849080153058,-0.49155017687657054,-3.8847438057052726,-1.1477135901793558,-0.450085,0.278094,0.148622,0.505939,0.534442,-0.656513,0.165494,-0.460588,0.240927,-0.134244,0.752922,0.0117997,-0.584071,0.303036,44.65831806923648,3.911898783651954,3.062416617622624,12.986523705688962,-3.9087458132498956,1.8405968436131772,4.891807434707206,7.017242177108577,-0.655451,0.205241,-0.288462,-0.104357,-0.215758,-0.0635424,0.968773
0.7464652061462402,13.397694830783111,4.099786753130338,4.42968774746759,-0.5733904076479673,-3.7809590725639297,-1.2715987214288063,-0.450082,0.277836,0.148644,0.509067,0.531943,-0.656581,0.163675,-0.462405,0.238641,-0.134345,0.757375,0.00497833,-0.580753,0.298471,44.72661749115372,3.63138636759276,3.673781878667092,12.552707473114395,-3.6341484439717213,1.6630422095374229,4.310524600964199,7.309990764820949,-0.658712,0.205412,-0.286565,-0.0949537,-0.21248,-0.067999,0.970161
0.814704179763794,9.741733940395173,4.636949610258568,0.9238598247979054,-0.3773526523330636,-3.4166824915208056,-0.5932787348492788,-0.450094,0.277516,0.148619,0.511315,0.530508,-0.656602,0.161222,-0.467042,0.238676,-0.134846,0.764547,0.00666935,-0.572633,0.295827,44.48590240015095,2.740777121188243,3.433704965384206,12.322668435591126,-2.3127304014775945,1.9834481435983662,3.5540005125136154,8.006636854604967,-0.667202,0.207415,-0.282361,-0.0847303,-0.202195,-0.0738236,0.972876
0.8842313289642334,8.127669423922132,6.788291922951288,-0.2334887222880611,-0.39592534107395566,-3.6927412723667663,0.16175300790125755,-0.450026,0.277317,0.148769,0.521812,0.525901,-0.651851,0.161958,-0.472153,0.238868,-0.135082,0.7737,0.00775666,-0.564233,0.288044,42.943428829931726,2.424804845194484,3.8122737636570934,9.293791779401811,-3.309154385452727,1.6400798482197771,1.2417837971543335,7.160221062104002,-0.675873,0.212321,-0.278291,-0.0766169,-0.187665,-0.06928,0.976787
0.9539098739624023,9.19180914364096,6.012625745160273,0.4646476537274117,-0.2540438776062939,-3.531673936083773,-0.004704504361817997,-0.450774,0.277326,0.149052,0.526066,0.524504,-0.649809,0.160928,-0.475795,0.240975,-0.13458,0.776986,0.0149901,-0.562943,0.281359,41.625648208425666,2.585310681141696,3.712419772683666,8.916247525077418,-3.2847937456085248,1.112665208110819,1.9007302099432017,6.65077857057467,-0.681467,0.216417,-0.27555,-0.0746136,-0.181291,-0.0782012,0.977472
1.0225591659545898,5.8635229830523485,6.162582732675086,0.273427026008421,-0.29419991658153544,-3.376448644855296,0.20505285990133312,-0.451186,0.277478,0.149022,0.523731,0.526406,-0.650314,0.160292,-0.476522,0.243023,-0.134585,0.775902,0.0219848,-0.565377,0.279002,41.130343200373034,2.6662795453494637,3.4675141113448458,9.964219734227257,-2.313558198388602,0.7018696493962686,1.6778896893631756,6.1635620251768835,-0.682681,0.218625,-0.27523,-0.0767651,-0.180325,-0.0852628,0.976893
1.0909194946289062,7.493518625334973,5.350488395715873,-0.3177237895840897,-0.5810034537132862,-3.476077212689635,-0.29214241298776505,-0.451007,0.277474,0.149047,0.522514,0.527275,-0.649996,0.162681,-0.47359,0.241719,-0.134589,0.77313,0.0159455,-0.56815,0.281465,41.63696784722175,2.8735318150638323,3.9817030516761047,9.026091949334214,-3.1234793176015963,0.8929258905741904,2.180525618404313,6.4851266213323,-0.677911,0.216666,-0.277654,-0.0787069,-0.187726,-0.08157,0.975659
1.178466796875,12.106798466494997,3.2754625172656118,-0.14443610912206434,-1.0894979117384966,-3.958011711602147,-1.5621771888469047,-0.450898,0.277659,0.148996,0.512685,0.533399,-0.65274,0.163005,-0.466772,0.241318,-0.133845,0.763458,0.0125652,-0.577045,0.289816,43.298087736261564,3.3213473556921853,4.069513885956319,11.176005392183253,-3.6242972472284922,1.9686041971765462,2.1926254333888817,7.870441851789693,-0.665686,0.213207,-0.283212,-0.0844937,-0.206571,-0.0804566,0.97145
1.2466320991516113,11.212920380030264,1.9473620610232436,1.2389065104717631,-0.8870468589294357,-4.08767683372856,-1.9102788417993646,-0.450316,0.278013,0.148647,0.505323,0.533629,-0.657638,0.165532,-0.461353,0.244316,-0.133793,0.755593,0.0198278,-0.586599,0.29084,42.96696623288615,3.765512114546719,3.2746743833326004,12.896339851049678,-3.4726983688001845,2.057123943294208,3.791482782371854,7.560262814178736,-0.657012,0.215078,-0.287278,-0.0938934,-0.217605,-0.0902629,0.967308
1.3156864643096924,8.519745702588043,3.2080095701977847,0.9351580463493933,-0.9666801893067987,-3.9901831365054834,-1.3825342324990888,-0.449536,0.278074,0.148636,0.504515,0.532695,-0.65868,0.166858,-0.459749,0.245839,-0.133861,0.754434,0.0252914,-0.588792,0.288988,42.25969068544043,3.8672774923686655,2.894316261474275,13.341859134883121,-3.6840835673458514,1.789541453668157,4.185390321754373,7.515302459598642,-0.655225,0.217928,-0.28797,-0.0940933,-0.218844,-0.0944562,0.966608
1.3838088512420654,10.660121883966388,4.025176592434903,0.5630957975291785,-0.976919963418492,-4.021363527831869,-1.3779196047691915,-0.449485,0.277969,0.148822,0.507908,0.531182,-0.657906,0.164425,-0.462624,0.245132,-0.133932,0.760022,0.021683,-0.584734,0.282811,42.021763743722424,3.526182251711885,3.482612636203787,12.474773167176672,-3.156569897419086,1.6216625771815174,3.038778934144409,8.322081111645494,-0.660402,0.219933,-0.285465,-0.0893714,-0.211091,-0.0935231,0.968869
1.4516575336456299,10.602672863400088,5.688977909160117,-0.0669208906660786,-0.8609852425293472,-3.949396179836604,-0.967352593208476,-0.449831,0.277702,0.14885,0.512061,0.531234,-0.655204,0.16215,-0.467284,0.245461,-0.134231,0.768018,0.0227974,-0.577079,0.276783,41.43437312788763,2.839916091734143,3.8972199098946367,11.365259106911655,-2.935463757987282,1.8309924312004853,1.2919771920246075,7.695780951007748,-0.668513,0.222912,-0.281529,-0.0795829,-0.201451,-0.0957299,0.971555
1.5193099975585938,8.909500430256104,8.157854181652924,-0.311925348046888,-0.652795376432635,-3.6448985094683186,-0.25369210985217355,-0.450421,0.277581,0.149081,0.514614,0.532118,-0.653314,0.158755,-0.474592,0.249017,-0.134204,0.77625,0.0365489,-0.567868,0.271342,40.18939920603364,1.9153118906370032,3.192992485819019,11.632631572305154,-1.3377369557916339,1.9331669397387223,1.2505929705864833,6.61539667535923,-0.680725,0.229203,-0.275177,-0.0762539,-0.185981,-0.107437,0.97368
1.5870954990386963,6.381958309604218,8.796065463451987,-0.9002417465552461,-0.7090503219018467,-3.4638310588956633,0.11994043411078929,-0.45151,0.277672,0.149393,0.524783,0.527232,-0.648625,0.160983,-0.480055,0.251726,-0.13364,0.781542,0.0446581,-0.562276,0.266539,38.2490183637989,2.0589902713966675,2.7535420842141134,8.645494338622381,-2.6387015738841466,1.474423420282907,2.4028785352075896,5.871452136228489,-0.688389,0.233576,-0.271351,-0.0732758,-0.175116,-0.117208,0.974796
1.6549317836761475,8.247837877478348,7.764559136267394,-1.3557559318844763,-0.9856707391344045,-3.4654753391797755,-0.302771882673564,-0.452121,0.277805,0.149511,0.520034,0.53239,-0.649675,0.155073,-0.481263,0.252033,-0.133225,0.782965,0.0448398,-0.561337,0.264303,39.044197698305965,1.6642579869112701,3.1290898403040917,11.008485267422122,-1.595655796438173,2.1465370047722203,1.1078788809458002,6.262529905175966,-0.690035,0.235716,-0.270524,-0.0718551,-0.176614,-0.114797,0.974918
1.7229719161987305,9.066727836363711,6.664491451798599,-1.1558130625714427,-1.121366073660878,-3.6437809691596486,-0.7127418687007246,-0.451932,0.277772,0.149421,0.519652,0.531261,-0.650123,0.158315,-0.477994,0.251438,-0.133145,0.778642,0.0412357,-0.567863,0.26372,38.88412419907981,2.3266036674837345,3.51622115984107,10.159786047581113,-2.118582619788196,1.7422089346368281,0.9274332228873242,5.941566795377208,-0.684716,0.235667,-0.273402,-0.0699047,-0.183887,-0.115341,0.97365
1.7911226749420166,11.14045707933313,3.08519138903171,-1.3199351414391263,-1.0726370719970275,-3.6560238460577867,-1.6956865326020547,-0.451609,0.278036,0.149461,0.512947,0.534501,-0.652555,0.159265,-0.471833,0.252431,-0.132519,0.769271,0.0420238,-0.578839,0.26721,39.454752144974336,3.212874496185379,3.4587152698395904,11.681131530020275,-2.821557377569164,1.933889175416173,0.9435141711180095,7.183824402055943,-0.674397,0.236037,-0.278742,-0.0751946,-0.193752,-0.120128,0.97076
1.8599915504455566,10.576202753353241,1.870624174614219,-0.25987720876819026,-1.0058718778148925,-3.6301703535924807,-1.9062723369724355,-0.451089,0.27825,0.149095,0.508961,0.535058,-0.653651,0.165565,-0.46657,0.253882,-0.132725,0.76308,0.0457287,-0.585422,0.269998,39.001842101470544,3.519861773890575,3.1993289618891803,11.304152677289656,-3.8166811786834316,2.091572984731087,0.872168789049089,7.143064113104231,-0.665937,0.235717,-0.282854,-0.0752246,-0.206822,-0.121827,0.967845
1.9283969402313232,11.643316660647974,2.2150248248964526,0.683735684519874,-1.0334970765690727,-3.8836676792937195,-1.9134047918318289,-0.450709,0.278199,0.149099,0.508595,0.534893,-0.654353,0.164448,-0.465855,0.253169,-0.132769,0.764585,0.0418717,-0.586904,0.263059,38.80717699300858,3.4876717562536808,3.998371050138145,11.394617096346279,-3.488576845329268,1.764518113675507,0.8340464271324992,7.365383518300808,-0.665332,0.235776,-0.282948,-0.0737319,-0.208158,-0.121586,0.967704
1.9962258338928223,11.64252858056292,3.672589522775214,0.4494016054458879,-1.0344628346643665,-3.871365942524977,-1.4753112831809936,-0.450434,0.277956,0.149308,0.518628,0.529237,-0.650308,0.167428,-0.468342,0.251996,-0.132998,0.767605,0.0404669,-0.582774,0.263666,37.94653539060304,3.8736304704405407,3.8404433878227966,8.58957033869946,-4.887901203501773,0.6217595848353135,4.016203806911007,6.65115377433873,-0.669968,0.237407,-0.280553,-0.0721283,-0.200934,-0.117197,0.969891
2.0638482570648193,10.60934443377051,4.006246896613096,-0.5017480159408962,-0.7899437032677292,-3.576139904932153,-1.0874396858771218,-0.450563,0.277738,0.149141,0.513349,0.533372,-0.652938,0.160188,-0.471556,0.25202,-0.133251,0.774987,0.0394628,-0.575352,0.258473,38.74547972337946,2.409304261313201,4.260725692608711,10.720915100934606,-2.627043656811596,2.137906143119963,0.8825056109424091,6.787108903004766,-0.675612,0.238748,-0.277641,-0.0640119,-0.192849,-0.120346,0.971714
2.131927251815796,7.524494667279128,6.749577971800383,0.4821855198728055,-0.08380446807032343,-3.7383191080745806,0.16546464705327343,-0.450822,0.277442,0.149109,0.519436,0.530225,-0.651002,0.158881,-0.47684,0.251725,-0.133637,0.782302,0.0396159,-0.566963,0.254925,38.15422531835739,1.841454094665481,4.23225723283825,9.296020563409504,-2.091809276669773,1.869017970362009,2.4900004516347716,5.769769359109533,-0.684538,0.240429,-0.272893,-0.0588954,-0.178995,-0.115315,0.975292
2.2153103351593018,10.389357163974243,4.940603614050736,-0.6154079890656361,-0.17242337027974539,-3.586363906714241,-0.2038309457054846,-0.452323,0.277549,0.149617,0.528016,0.530972,-0.643355,0.159254,-0.48349,0.249834,-0.132775,0.788924,0.0350221,-0.559289,0.252125,37.73194189965806,1.7687195889482998,5.285558458377102,6.719816002046086,-1.9309229461285788,1.4828387557390386,5.50789173476086,5.21060196109063,-0.693403,0.239798,-0.268458,-0.05162,-0.170486,-0.109893,0.977852
2.28494930267334,9.329499175211554,5.546293893208672,-1.3560262594371493,-0.33048206527593843,-3.4185699485903225,-0.003074027525841774,-0.453075,0.2775,0.149713,0.528389,0.530978,-0.643749,0.156378,-0.485483,0.249733,-0.132521,0.789728,0.0352485,-0.55812,0.252168,37.995493060473045,1.773338025356626,5.127368624704447,7.5168875638993295,-1.5322144114207532,1.4887936916871567,4.540644422939954,4.843799982032062,-0.696065,0.239606,-0.267267,-0.0503477,-0.168099,-0.106584,0.978697
2.3525025844573975,9.272805290964131,5.657724574695509,-1.3951580902729792,-0.565566925441818,-3.42959407461401,-0.2800062787211155,-0.45311,0.277566,0.149737,0.527461,0.53184,-0.643517,0.157534,-0.48451,0.249903,-0.132557,0.788313,0.0356631,-0.559304,0.253908,38.074474368339025,1.8520664269355245,5.100163779464639,7.384409639907094,-1.8286944236482618,1.5707530816158588,4.635064458086143,5.091323649338558,-0.694675,0.239532,-0.268108,-0.0563876,-0.17161,-0.110507,0.977322
2.4202322959899902,11.612089006391722,4.185171687119352,-0.1502966172972548,-0.9028349067998737,-3.51872736422602,-0.9825540307157788,-0.452811,0.277639,0.149558,0.521696,0.533403,-0.647743,0.154088,-0.480437,0.249751,-0.132674,0.784819,0.0321894,-0.56451,0.253675,39.02032876360197,2.012142713639665,5.240285821221118,9.511153022998489,-2.341515389378902,2.152599670294066,2.333596340974452,6.277961323155832,-0.688343,0.238926,-0.271488,-0.0546295,-0.184386,-0.109177,0.975243
2.4877326488494873,12.40439988921592,3.968794151258864,0.6081417105851525,-0.9787322905202448,-3.2688329306439523,-1.3403664945662328,-0.451942,0.27774,0.149434,0.516925,0.534359,-0.649509,0.159333,-0.474501,0.252243,-0.132495,0.776227,0.0386404,-0.574288,0.257238,38.600804652913496,2.7392867439484276,4.67551789206256,9.426558586213643,-3.0574113701076,2.134910084147176,2.270210394087616,6.47871492903171,-0.67912,0.240217,-0.276217,-0.0663954,-0.193932,-0.118077,0.971617
2.555647850036621,10.232498368412063,5.641311719236407,0.16840566305942872,-0.9996955187728325,-3.133563405058238,-0.8535095435124851,-0.451155,0.277858,0.149121,0.512335,0.536381,-0.650688,0.162524,-0.470263,0.253983,-0.132703,0.768826,0.0464652,-0.580719,0.263655,38.557554717455034,3.245407094077202,3.7969837548643524,10.646759160498195,-3.4184265985821636,1.9662402630277036,0.8323106426658392,6.969613088254913,-0.672536,0.238949,-0.279561,-0.0745172,-0.198908,-0.121067,0.969652
2.6241037845611572,14.256062347504935,3.310375393626917,2.0364421870069362,-0.8734292918566143,-3.768501514958904,-1.7867003778177588,-0.450921,0.277795,0.149095,0.511282,0.536098,-0.651833,0.162181,-0.46887,0.251017,-0.133011,0.769518,0.0357392,-0.58164,0.261267,39.237577943838,3.111456350929316,4.784833957077254,10.5393018309554,-2.959976711825437,1.8385316224958608,1.0299185078430284,6.828250144379369,-0.670576,0.237198,-0.28049,-0.0683842,-0.20267,-0.114547,0.970117
2.693007469177246,12.77967769322158,2.651121471627558,0.12224100355457082,-0.8290449589334394,-3.654391151281924,-1.6419989975920752,-0.450742,0.277549,0.149023,0.514261,0.534211,-0.650919,0.162662,-0.470711,0.250115,-0.133134,0.774691,0.0335786,-0.576486,0.257661,38.825391674986165,2.5537299882795006,5.108794070368814,9.564416576776964,-2.925405564610628,2.1982558521699076,2.2338442589945977,6.571046425257809,-0.673994,0.23732,-0.278672,-0.0642172,-0.197613,-0.111151,0.971839
2.760179281234741,8.617927811469531,4.301833573755542,-0.33433667419179525,-0.3467959050644605,-3.8313879478674444,-0.5369440604481515,-0.450918,0.277431,0.14901,0.517242,0.533917,-0.649556,0.159593,-0.474088,0.25063,-0.133566,0.778462,0.0353133,-0.573177,0.253412,38.455034303432036,2.4678703266169477,5.219149165446376,9.364173825588098,-2.446273549515668,1.4373066641395482,2.5433681066626583,5.89925369992157,-0.679669,0.239602,-0.275528,-0.0519844,-0.18564,-0.11734,0.974201
2.828683614730835,9.713670389927998,4.656472332688979,1.911191504176938,0.04468518537231098,-4.382143818327276,-0.16169037993266994,-0.451388,0.277178,0.14912,0.52204,0.530512,-0.649592,0.155121,-0.479013,0.250425,-0.133148,0.786553,0.0335884,-0.566051,0.244526,37.89862366609001,1.8893515688058198,5.534662665535263,9.112331080443228,-1.8949213119051809,1.7135624643622727,3.1947413756291207,5.573969611234875,-0.687323,0.244215,-0.271287,-0.0455756,-0.176114,-0.114712,0.9766
2.896653413772583,8.021551412462216,4.6286786386981085,2.1165564025759465,0.06512990595087836,-4.34450683586009,-0.04574602610752469,-0.452217,0.277361,0.149367,0.528005,0.53144,-0.642386,0.161624,-0.482193,0.251075,-0.132925,0.789368,0.0340216,-0.562644,0.243253,36.75870513622461,1.9186091620679662,6.295742346564676,4.730617917747967,-2.2331149812738023,1.2197330987259676,7.844625888452546,5.878565730613753,-0.691699,0.24567,-0.269225,-0.0454805,-0.17256,-0.113735,0.977353
2.9647715091705322,7.625384476007934,4.789681584338082,1.3134320925384069,-0.26930399474089145,-4.03238795564415,-0.22775888151343865,-0.452503,0.277508,0.149505,0.527233,0.531844,-0.642745,0.161386,-0.482511,0.251181,-0.132737,0.788816,0.0363561,-0.561857,0.246503,36.96446974371359,1.8292334346686947,5.844775191268447,5.62619451674988,-2.196350297677684,1.4616156729108098,6.932232326410308,5.6631505980667844,-0.692319,0.244562,-0.268917,-0.0456187,-0.177416,-0.11637,0.976166
3.032719850540161,8.612432326268038,4.089678476617325,-1.0656657818689224,-0.7701357750955412,-3.531034978461221,-0.5848307202199016,-0.452769,0.277534,0.14948,0.521972,0.532982,-0.647768,0.154504,-0.48077,0.250138,-0.132783,0.786832,0.0309347,-0.564125,0.248398,38.56958032273129,1.8087973625680842,5.742315267442606,8.580992241756126,-2.102738749222686,2.155964817553162,3.6440980597948744,5.790859360902462,-0.689339,0.242072,-0.270806,-0.0413066,-0.182808,-0.113823,0.975663
3.100684881210327,15.218208002099832,-0.9526505861892073,-0.40879073015166945,-0.9432141959953004,-3.5847415545379318,-2.310685144381858,-0.452493,0.277651,0.149515,0.518812,0.535846,-0.647507,0.156328,-0.476103,0.249074,-0.132641,0.782111,0.0250427,-0.571928,0.246116,38.848651147788026,2.4303230486889422,6.831402872692863,8.454058547978722,-2.9018367099091975,1.877757995468155,3.968191985879792,6.236040982699109,-0.681498,0.242059,-0.275071,-0.0437226,-0.191536,-0.109434,0.974385
3.169595241546631,10.745989949606912,-0.04435362020721871,0.651110309411386,-0.5559558111377512,-3.3365865311823413,-1.825127007472896,-0.451634,0.278032,0.149467,0.51949,0.530876,-0.648721,0.165714,-0.470899,0.25359,-0.132286,0.771885,0.040317,-0.581785,0.253168,37.20335064226071,3.6545837345913355,4.867993037821433,7.438638689376591,-4.7037455496197005,1.0555184847328078,5.254197714752317,6.849180643574859,-0.673566,0.243765,-0.278924,-0.0642266,-0.199681,-0.119283,0.97045
3.237154960632324,10.668858229141726,1.2414420467667593,0.5422682087844989,-0.7504838529524007,-3.46007721036415,-1.636028764241757,-0.451336,0.277947,0.149318,0.519001,0.530551,-0.649071,0.166914,-0.469397,0.253238,-0.13255,0.770183,0.039388,-0.582941,0.255827,37.40312450429795,3.769092468917705,4.736219162700401,7.264475578863417,-5.159889141414453,1.0611108921883599,5.2036709879657845,6.8021685857644165,-0.671065,0.242461,-0.280101,-0.0615119,-0.202231,-0.122517,0.969695
3.305661201477051,13.31101410017437,0.05881902766737789,1.351655931420154,-0.65340814055096,-3.754148213617565,-2.0640290219286803,-0.451063,0.277676,0.149171,0.513141,0.535647,-0.65097,0.161266,-0.470076,0.250299,-0.132832,0.775296,0.0289602,-0.579249,0.250095,38.73283938288858,2.668916315875389,6.208710678670588,8.980385217148354,-2.924549639643022,2.132134394473205,3.2426189619156798,6.380256483020503,-0.672914,0.241641,-0.279015,-0.0546334,-0.20242,-0.112292,0.971304
3.373152017593384,10.84367180929836,1.8044586680977088,0.08772823143611734,-0.6135672159746526,-3.4998360529746426,-1.3494124328859909,-0.451334,0.277545,0.149173,0.514259,0.534757,-0.65146,0.158656,-0.473215,0.250193,-0.133055,0.779983,0.0290843,-0.5733,0.249213,38.833601028701246,2.019466514977541,6.016094569964167,9.186814556493673,-2.2388265169489685,2.5109301810639195,3.128433680183704,6.242692898454635,-0.67814,0.241695,-0.27643,-0.0509858,-0.194286,-0.111275,0.973279
3.4406323432922363,7.808625864876564,5.681506283218675,-0.8566346276140502,-0.5407481457834993,-3.669933513332757,-0.19844545776464195,-0.451622,0.277367,0.149212,0.518435,0.533913,-0.649174,0.157272,-0.477284,0.250265,-0.133245,0.784218,0.0317011,-0.567929,0.2479,38.40845852404943,1.7997800124701513,5.86205771195778,8.716910691490458,-1.8060464913420606,2.047487001774119,3.584927519476674,5.5661329593256585,-0.684654,0.242974,-0.272908,-0.049786,-0.18284,-0.112119,0.975459
3.5084829330444336,8.697421613964991,5.81910734797953,-0.34460752026803676,-0.6861767201208402,-3.9117264110065966,-0.09361246187425758,-0.452627,0.277543,0.149669,0.527157,0.532309,-0.642709,0.160243,-0.482105,0.249767,-0.132591,0.788546,0.0317922,-0.562634,0.246227,37.401739726113256,1.9563058208476285,6.257851200164415,5.980976761598608,-2.301886833234688,1.3797879859360513,6.686962897345131,5.477513385134484,-0.69122,0.243357,-0.269557,-0.0426848,-0.177745,-0.112063,0.976743
3.5765230655670166,9.105894155478579,5.782360783114579,0.9566779131555668,-0.5449551244520175,-4.2019926507810235,-0.1622557328938552,-0.453323,0.277411,0.149677,0.528043,0.534255,-0.640447,0.159902,-0.48419,0.249659,-0.132423,0.790629,0.0320115,-0.559874,0.245809,37.37547529386784,1.7564897150154621,6.5508184992109,5.479994182219269,-2.2101984731915643,1.644982309669608,7.067009642459678,5.603877579881735,-0.693841,0.243543,-0.268604,-0.0451928,-0.173175,-0.113316,0.977306
3.644172191619873,8.16068883561118,5.878881615491768,0.9774083573737085,-0.5168422429479654,-4.204258711732187,-0.1108790859738947,-0.453369,0.277406,0.149739,0.527914,0.534414,-0.640459,0.159752,-0.484216,0.249663,-0.132376,0.790256,0.0320154,-0.559934,0.246869,37.498014394247264,1.786752950468752,6.474721421324183,5.493233423388293,-2.2091142494961016,1.6678599042260878,7.018995629920808,5.587750775941674,-0.69396,0.243352,-0.268438,-0.0456863,-0.17434,-0.110127,0.977441
3.7115330696105957,9.704909992589393,5.603069430664259,0.5281314565468759,-0.7277579747202251,-4.138510693174525,-0.5321237869170814,-0.453387,0.277523,0.149762,0.527766,0.533096,-0.641185,0.161721,-0.483174,0.24995,-0.132456,0.788343,0.0323191,-0.562367,0.247415,37.30058365659887,2.000400529061729,6.32954034860405,5.118225383506314,-2.2686520209662504,1.358809325694942,7.413731556796097,5.64864540009281,-0.692518,0.243177,-0.269173,-0.0460519,-0.179309,-0.112106,0.976299
3.7798967361450195,13.118292990108671,2.9562035143243928,1.0954222741764297,-0.9795561975348636,-4.084586450803695,-1.7046507499558738,-0.453209,0.277547,0.149669,0.522725,0.533976,-0.646246,0.154897,-0.480822,0.251411,-0.132098,0.786807,0.034576,-0.566549,0.242408,37.69163001013068,2.127150834255559,6.133783906799401,8.5048413306288,-2.575225519536369,1.9654054815743294,4.13644662613851,5.9668235088871375,-0.688855,0.246354,-0.270641,-0.0448718,-0.184311,-0.118462,0.974671
3.846306085586548,9.287311952479618,3.6978706824173027,1.9266067715929616,-0.843318998222016,-3.8167311258265273,-1.3509758705529644,-0.452966,0.277904,0.14961,0.515982,0.536981,-0.648495,0.157699,-0.47773,0.257603,-0.131366,0.779618,0.0530525,-0.575039,0.242303,36.48361244162986,2.5595258568622685,4.935708678512109,9.763786619479998,-2.1201857547967986,2.1418497561291154,2.9105352324493685,5.755348869084301,-0.684159,0.25218,-0.272765,-0.0567414,-0.188165,-0.136165,0.970996
3.914367198944092,9.509397227329385,3.386624291281288,0.7105155012128102,-1.1092125109764874,-3.5212354835928443,-1.4550460306626531,-0.452276,0.277984,0.149609,0.514254,0.537917,-0.648742,0.159129,-0.474629,0.259163,-0.131207,0.775004,0.058027,-0.580244,0.243554,36.188569153455255,3.1199402498499116,4.578764856564296,10.21894343578416,-2.9570297225967757,1.819597704049901,2.3300286122617804,6.230189563567959,-0.679598,0.253414,-0.274567,-0.0569357,-0.19643,-0.140061,0.968791
3.9819014072418213,13.018528591863749,2.984374808157035,2.236783399273117,-1.103438687796479,-4.181630450219613,-2.0181423353741406,-0.45203,0.278027,0.149573,0.520369,0.532642,-0.646896,0.164421,-0.473157,0.256894,-0.131706,0.775956,0.0487075,-0.580557,0.241812,35.700950955706716,3.449954342475205,5.284966932281982,7.127752077886473,-4.686814713262809,1.03907318147958,5.540848537096208,6.6935802154831014,-0.677386,0.251717,-0.275953,-0.0533273,-0.199137,-0.134176,0.969277
4.049600601196289,11.639285313255193,2.8771528031432783,2.5102452141188687,-0.8329600578976353,-4.083994834189756,-1.7895702141589278,-0.452042,0.277872,0.14938,0.5147,0.536691,-0.649398,0.159147,-0.473816,0.256697,-0.13177,0.776556,0.0496548,-0.579622,0.241938,36.61118932019346,2.951096944211665,5.255370905136109,9.902159955188473,-2.97435244757245,1.81111440001132,2.7565332603189603,6.284356703290533,-0.678612,0.252145,-0.275454,-0.0559002,-0.195386,-0.133545,0.969982
4.116661310195923,9.415613726276863,5.900344977438015,2.9862657167051787,-0.6135698181676494,-4.18266297403032,-0.826297392844943,-0.452123,0.277735,0.149392,0.516809,0.536031,-0.648693,0.157403,-0.477269,0.257318,-0.13189,0.781485,0.052029,-0.573987,0.238986,36.22510159179964,2.4023366375644533,5.170420925045704,9.564925773552462,-2.2175041848569563,1.877535735941109,3.2730557641909646,5.72044260562254,-0.684429,0.253909,-0.272242,-0.0535273,-0.185548,-0.136781,0.971595
4.183644533157349,10.118243103173953,7.681800386128176,2.513046613585553,-0.9088946582090282,-4.141161072293695,-0.3676101689105222,-0.452622,0.277591,0.149532,0.520727,0.533638,-0.648175,0.154737,-0.481617,0.256319,-0.132067,0.789276,0.0475807,-0.565624,0.234196,36.1324034055865,1.5969821369885917,5.573062199584358,8.641699107075244,-1.7939544128839113,2.1232173285956613,4.622639655908232,5.541091851635667,-0.691445,0.255291,-0.26826,-0.0417798,-0.178857,-0.132751,0.973982
4.251094341278076,11.066856774017412,6.673925087572371,2.9950132337198574,-0.8891648696839523,-4.220082101306541,-0.5825641434872544,-0.453427,0.27768,0.149807,0.527292,0.533815,-0.641615,0.159169,-0.484861,0.256503,-0.131638,0.790767,0.0471637,-0.56477,0.231297,35.06095133779951,2.0993331877452728,6.3481135299023155,5.097863356810027,-1.8190669650691884,0.9300849188632121,8.311205908748708,5.651179535377532,-0.696006,0.256438,-0.265802,-0.0368891,-0.175799,-0.134293,0.974525
4.337912559509277,8.80034049083704,7.322315419305263,3.7948140768341343,-0.5689722091862277,-4.227118795238519,-0.2016060775408563,-0.453543,0.277687,0.149795,0.52184,0.536954,-0.643788,0.157797,-0.485934,0.257725,-0.131359,0.791715,0.053178,-0.56342,0.230037,35.04476635224839,1.3817319276615478,6.103959054061688,7.020311384911228,0.2798387531447375,1.5583958893419592,6.763303579927542,3.940390352860322,-0.697601,0.258356,-0.26482,-0.0410474,-0.172283,-0.136776,0.974642
4.405880689620972,9.103100417613572,7.1801708301985245,4.016232029764957,-0.4887370606078621,-4.453434302332741,-0.24882919422879807,-0.453619,0.277645,0.149768,0.529093,0.530787,-0.64313,0.157193,-0.485582,0.257098,-0.131604,0.791829,0.0487281,-0.562875,0.231959,35.04051488500616,2.0442877939875053,5.696854261979775,5.554278418979626,-2.5928684188392506,1.2307450040442234,7.282415008630385,6.313642950572078,-0.696808,0.256756,-0.265602,-0.0394037,-0.169495,-0.136057,0.975299
4.473682165145874,9.36255115526305,7.921276535166098,1.494287751073901,-0.8554025482034503,-4.0495056396094435,-0.13781443823906314,-0.453568,0.277704,0.14984,0.528109,0.533007,-0.641552,0.159423,-0.485622,0.256225,-0.131568,0.791964,0.0488888,-0.562032,0.233502,35.04869729427625,1.8393851124720322,5.944601068133892,5.6022891377587385,-2.0573464323699895,1.2639169515092163,7.5339875206817695,5.878811014483,-0.696919,0.255194,-0.265649,-0.0397204,-0.173219,-0.130586,0.975379
4.540854215621948,15.384186402229945,5.276644333062329,-2.5583939647959877,-1.733868070239198,-3.0625380740342436,-1.4193953181266692,-0.453553,0.277729,0.150018,0.528319,0.532023,-0.642558,0.157955,-0.483684,0.255277,-0.131422,0.791111,0.0436209,-0.564511,0.231449,35.35645523990949,2.155126352698256,6.357854240448145,5.8480029573308165,-3.204853336243623,1.3147478406825606,6.862124115065206,6.52374373153012,-0.693678,0.256029,-0.267187,-0.0370086,-0.179958,-0.129142,0.974458
4.608382701873779,16.121650251738888,1.0343950724287192,-0.0084502510371443,-1.2486588573824293,-2.8754203914528014,-2.3205000430245786,-0.452828,0.277857,0.149915,0.518401,0.537086,-0.646895,0.155968,-0.477822,0.257862,-0.130976,0.784792,0.0471616,-0.574272,0.228231,35.69870530230615,2.4664022452633305,6.585709258336658,8.010089493242159,-3.0777022804685856,2.099846718909731,5.257402766216102,6.118104610778417,-0.684745,0.259437,-0.271371,-0.0409475,-0.192845,-0.138226,0.970581
4.67631196975708,10.318636406609148,4.076155504301513,-0.37155306949706685,-1.0882311647000256,-2.8275328145793956,-1.3529448067318122,-0.451685,0.278098,0.149386,0.511049,0.536387,-0.651716,0.162431,-0.471414,0.262579,-0.130983,0.772102,0.0649025,-0.584658,0.240461,35.198902326286294,3.1099181114406473,4.113809638095345,9.688531417180098,-3.3383463060838707,2.2292466260694077,3.1924452135167063,5.932757139263197,-0.674874,0.259395,-0.27651,-0.0582241,-0.199775,-0.150812,0.966414
4.7441246509552,15.947126865963401,0.6599025640570464,2.3277324661178804,-0.9389288829323513,-3.5983332084702666,-2.6446947850911626,-0.45134,0.278132,0.149424,0.5123,0.535876,-0.651545,0.160855,-0.470114,0.259137,-0.131345,0.773991,0.0515729,-0.585424,0.235703,35.84784305664775,3.2299322386688876,5.509578322671082,9.2809895158721,-3.6446894805438976,1.885449122175853,3.844304779123681,6.2785349374674295,-0.672987,0.258241,-0.27759,-0.049115,-0.201815,-0.140687,0.968021
4.812194108963013,14.417201168031012,2.0117299070880863,0.9316022912928904,-1.1247728820760992,-3.4078024548839028,-2.0197062397210868,-0.451464,0.277999,0.149454,0.514078,0.535305,-0.651005,0.159262,-0.472345,0.258117,-0.131527,0.777964,0.0479168,-0.581368,0.233425,35.97039014956728,2.8424538503579906,5.88813025586348,8.785663677543868,-3.104016109074731,1.9847632687723582,4.411651134307268,6.187535090977475,-0.67675,0.25808,-0.275741,-0.0464081,-0.195508,-0.138133,0.969816
4.879543304443359,11.433295225834158,3.5997159659976146,2.059022614897589,-0.7622239911343492,-3.51522830339934,-1.2320965840194287,-0.452015,0.277709,0.149432,0.516174,0.535027,-0.649419,0.159892,-0.475892,0.258179,-0.131723,0.783241,0.0504133,-0.575202,0.230511,35.34554724049269,2.144459995430111,5.96880013295808,8.112920506943155,-2.4511020524891762,2.1109937329615,5.472484990183119,5.863301038952462,-0.682763,0.25965,-0.272427,-0.0426093,-0.189966,-0.139898,0.970838
4.946970701217651,9.313648268737516,5.354801567999643,2.6834731115648296,-0.3651418811847374,-3.8568293195104064,-0.5299270779015487,-0.452255,0.277543,0.149233,0.517867,0.53498,-0.648334,0.158974,-0.478507,0.258076,-0.132204,0.787733,0.0482724,-0.570509,0.227301,35.21656439887183,1.6480892782318577,6.400476266082109,6.907404241718076,-1.9708134463904408,2.18066955942135,6.587250502765527,5.721312900829093,-0.687272,0.26063,-0.270022,-0.0382064,-0.179597,-0.139818,0.973004
5.015356063842773,9.41046464311311,8.528468008517494,1.8220409891414768,-0.6276751960869649,-3.836888104467666,0.27760343676331367,-0.453088,0.27777,0.149826,0.525851,0.534141,-0.640248,0.168097,-0.483769,0.258099,-0.131428,0.791568,0.0527414,-0.564995,0.226756,33.42051285710887,1.5602990842525024,6.7186285719539605,3.005539463412962,-1.0646730786494807,0.9448771849970932,10.096468114920462,7.097416501825104,-0.694866,0.260453,-0.265737,-0.0333413,-0.175378,-0.13932,0.974023
5.083266973495483,10.278829337103463,6.995206399179932,2.7331421952897426,-0.6281941883072516,-4.019785813358976,-0.07043538829405507,-0.453918,0.27774,0.149985,0.530234,0.532597,-0.639578,0.161656,-0.486812,0.257914,-0.131001,0.79498,0.0525903,-0.56148,0.223564,33.515791609501555,1.742452536972901,6.573330202129487,4.315654509258486,-2.191432720980888,0.9419448818824634,9.137898633911844,6.854956218627454,-0.698956,0.260798,-0.26355,-0.0302093,-0.170718,-0.138554,0.975062
5.151916980743408,9.830582421309249,6.760922131550674,1.9369815836899313,-0.5602572589722845,-3.7168731366995695,-0.18298975558799727,-0.454083,0.277771,0.150046,0.529999,0.534925,-0.637226,0.164009,-0.487663,0.258215,-0.130788,0.794985,0.0535235,-0.561098,0.224283,33.3335526666167,1.6970786046728898,6.878010249176802,3.1555187924853527,-1.542934888662563,0.8862184009206047,9.9018722330341,7.183701823730521,-0.700149,0.261847,-0.262949,-0.0360105,-0.168584,-0.139586,0.975089
5.2193074226379395,9.767093420427964,6.440592573668602,0.49398706221690597,-0.6783662376674817,-3.3223884025523684,-0.33678474411734294,-0.45371,0.277816,0.150023,0.52794,0.533265,-0.640509,0.163266,-0.485161,0.258531,-0.130982,0.793375,0.0552314,-0.56237,0.226373,33.563710920197764,1.6087270875181456,6.224019608125351,4.690778089311625,-2.4786421454009115,1.393582262091396,8.497499155512923,7.07638948377981,-0.696632,0.261165,-0.264892,-0.0384599,-0.170612,-0.14018,0.974557
5.28662633895874,11.897296732740724,3.312458937218451,-1.1873082774319537,-0.9648646040886036,-2.8700292067439794,-1.266897520356762,-0.45322,0.277894,0.149724,0.517018,0.535962,-0.647501,0.161801,-0.480216,0.257133,-0.13152,0.788032,0.0481164,-0.570354,0.226686,34.95569640999772,1.435038016931057,6.720353803075403,7.0843038976836805,-0.3389642515908555,1.9433969963160145,7.047997314580574,4.47361569683452,-0.689253,0.26012,-0.269159,-0.0377078,-0.180491,-0.132335,0.973904
5.379448652267456,12.636297826936566,-0.2761259858596248,0.23630535307366732,-0.6534563771740178,-2.8467454127437852,-2.173068719578596,-0.451783,0.277978,0.149276,0.511943,0.533502,-0.652788,0.164797,-0.470759,0.258655,-0.131637,0.778299,0.0508526,-0.582644,0.228455,34.82862535810937,2.364024947863729,6.023846044357386,8.494882484447626,-2.9090217560010334,2.1903461757884237,5.0752087343708405,5.973487433569904,-0.674994,0.260791,-0.276184,-0.0439996,-0.200238,-0.139288,0.968797
5.447530269622803,9.425570906898278,3.1866800499624275,0.03504161103907597,-0.5086119568981795,-2.820914121886932,-1.2163736735167519,-0.450273,0.277985,0.149286,0.515181,0.528123,-0.652414,0.173294,-0.466015,0.259995,-0.13185,0.772379,0.056805,-0.5877,0.23412,33.68222293431489,3.135547331099007,4.923592154620906,6.636785457903072,-5.136377654942914,1.0673628741580714,5.840186450905794,6.35121168630118,-0.668559,0.259695,-0.278947,-0.0507213,-0.204918,-0.144399,0.966739
5.514406204223633,12.500631214036442,2.1150197413943452,2.1010679600981765,-0.4222954728753527,-3.4878125061545666,-1.7472251919531268,-0.449852,0.277499,0.148985,0.508341,0.527821,-0.65923,0.168552,-0.464734,0.256562,-0.132415,0.773404,0.0439545,-0.588943,0.230347,35.18168851951123,2.4438754817831767,5.750688674528487,8.54754796241178,-2.35529973535572,1.8399000575664672,4.921149663092478,5.612115216875765,-0.66693,0.257939,-0.280006,-0.0430497,-0.203741,-0.13576,0.96861
5.5814080238342285,12.208359739978723,1.977065719290405,1.4889877425785891,-0.4956747179886056,-3.4598999819223226,-1.6553010914395674,-0.449743,0.277692,0.149241,0.51524,0.524292,-0.656082,0.170887,-0.466188,0.25568,-0.13254,0.777105,0.0403589,-0.584382,0.230166,34.71577584815517,2.425911627004795,5.9422890148699565,6.202862287324436,-3.7955468793694322,1.4838958414164551,6.391577038505979,6.535500444027417,-0.669188,0.257877,-0.278896,-0.0410177,-0.200246,-0.133465,0.969745
5.648788928985596,9.079196816087247,3.9345805578611146,1.243845893972587,-0.34816234274973235,-3.454172021650759,-0.8562238248814099,-0.450376,0.277702,0.149383,0.518499,0.524793,-0.653785,0.168276,-0.470761,0.256984,-0.1326,0.782331,0.0455188,-0.578307,0.22682,34.137031928725975,2.0406765710496,5.811363144805844,6.142349534350705,-3.498710993438957,1.2550182679489659,6.599696426157457,6.78234295560627,-0.676744,0.259485,-0.274913,-0.0409174,-0.190727,-0.138168,0.971009
5.716820955276489,8.42546437520736,6.957522973864994,2.8622180943373987,-0.2284927495256768,-4.032082122160543,0.0009311661747059223,-0.451036,0.277368,0.149177,0.517903,0.526487,-0.654126,0.163423,-0.47471,0.256806,-0.132428,0.785094,0.0470087,-0.574485,0.226681,34.5963083659978,1.6774365639584872,5.633008564878303,7.5057398474826,-1.7816648003775981,1.7142031506717892,6.243585833787147,5.4453912691601625,-0.68235,0.260295,-0.272136,-0.0382073,-0.182368,-0.135797,0.973058
5.784740924835205,9.735720581329524,6.284560647223217,1.9428269624055645,-0.5467838027298476,-3.810931247381712,-0.20468146518032412,-0.451913,0.277589,0.149552,0.525511,0.525194,-0.648942,0.163962,-0.478746,0.256765,-0.131911,0.788552,0.047566,-0.570435,0.224781,33.85774862568569,1.9777278392501505,5.852687461635782,5.7942218180159895,-2.5890180161107104,0.9619579504105253,7.4481442557549755,6.404260230215129,-0.688071,0.25994,-0.268994,-0.034564,-0.181786,-0.13639,0.97322
5.85220742225647,9.724280787034987,5.931340715105076,1.8620137042028284,-0.4522459326070174,-3.7831851432392325,-0.30517639456508183,-0.45204,0.277608,0.14946,0.524982,0.525959,-0.648361,0.165494,-0.478961,0.256472,-0.132066,0.789217,0.0458764,-0.569551,0.225041,33.90021577161969,1.7568347273229143,6.138696555848268,4.999324688320861,-2.2364657826512317,1.1591168582086908,8.273220891854802,6.552110674269789,-0.688228,0.260168,-0.269365,-0.0353222,-0.178445,-0.131405,0.974496
5.919929504394531,9.482205244454272,5.371438987419048,0.8861844073772592,-0.5015361909448824,-3.4467635654782978,-0.4838958470758279,-0.451593,0.277708,0.149608,0.524591,0.523619,-0.650999,0.163793,-0.476603,0.257169,-0.132107,0.786661,0.0470548,-0.572167,0.2271,34.1329928341571,2.095371197082079,5.45351219196449,6.015021368454207,-3.5303079013853633,1.1223161396584516,6.628418539968693,6.978909256446233,-0.685029,0.259754,-0.270665,-0.0360269,-0.185377,-0.135349,0.972635
5.987147331237793,10.795341653052896,2.9362968651274866,-1.9356164032689152,-0.8699958968332839,-2.743655796308762,-1.2326654353673823,-0.45137,0.277931,0.149898,0.521005,0.525509,-0.652351,0.163807,-0.473214,0.256668,-0.132099,0.783672,0.0411762,-0.577472,0.225142,34.63249013507942,2.388592862301816,6.25278139686743,5.937838481188432,-3.808931299830423,0.9674355654796294,6.830894179599583,7.014735657730049,-0.679686,0.259808,-0.273756,-0.0366411,-0.191213,-0.133558,0.971729
6.054900884628296,13.372597177054697,-0.6478763148241081,-1.3993026962450426,-0.8722897251750118,-2.77839521687522,-2.291144428305818,-0.451047,0.278257,0.149883,0.512917,0.529008,-0.656409,0.161845,-0.468806,0.25741,-0.131768,0.777562,0.0402585,-0.584978,0.227106,35.620875491258005,2.6739829386057252,6.274414740045227,7.962963078495422,-3.364112360914774,1.579700504336646,5.25721849728794,6.258432568800231,-0.672096,0.259881,-0.277648,-0.038733,-0.200438,-0.134348,0.969678
6.122612237930298,11.612599233415681,0.5654244907380112,-0.8673310423634867,-0.7151681083984481,-2.692911002826045,-1.930988340326189,-0.450246,0.278431,0.150106,0.513223,0.52815,-0.655459,0.167431,-0.465452,0.259914,-0.131451,0.771812,0.0498573,-0.58937,0.233377,34.83691030779427,3.290305452674375,5.177208658131379,7.329472822132539,-4.970914320094181,1.0665373803723668,5.267862789590922,6.478980483147897,-0.667168,0.259977,-0.279617,-0.0468735,-0.207004,-0.139939,0.967145
6.190320730209351,12.227314271718729,1.1142324398084111,0.07362790220473683,-0.72802062257348,-3.008306211867328,-1.8983696365996996,-0.449668,0.278468,0.150079,0.504449,0.533996,-0.658664,0.162916,-0.464038,0.260127,-0.131446,0.77154,0.0492369,-0.588932,0.235502,36.19403355440488,2.5559460068116095,5.2877033790145145,9.800731226342121,-3.4149844907741826,2.5088662667788917,3.361051323514988,5.9085844108200805,-0.665267,0.259773,-0.280265,-0.0474795,-0.209215,-0.138845,0.966797
6.258390426635742,13.597229390655308,1.0019903990784396,0.3577703246190418,-0.8398032625831766,-3.1338313029202007,-1.9516167943827312,-0.44977,0.278438,0.150251,0.507154,0.533379,-0.657669,0.160538,-0.465996,0.259274,-0.13147,0.774565,0.0455365,-0.58701,0.231071,36.15312962072085,2.5674722139590016,5.838503485869486,9.421019781446473,-3.1443982565021713,2.054187189000853,3.7671591992005395,6.352300982984307,-0.668351,0.260819,-0.278588,-0.0418018,-0.203571,-0.135442,0.968745
6.34067964553833,9.788273780616091,2.374414844314233,2.016693962480111,-0.2579704721725778,-3.422147982160829,-1.1417245603173811,-0.450048,0.278275,0.150328,0.510382,0.533778,-0.654904,0.16029,-0.469741,0.259967,-0.131743,0.779035,0.0475076,-0.581972,0.228378,35.62624510651871,2.230607943881645,6.04152583407104,7.961199983722636,-2.559828307206553,1.683180252254612,5.436724541493439,5.740584743421633,-0.674854,0.262874,-0.27523,-0.04272,-0.194797,-0.137819,0.970173
6.410278558731079,8.94600861189399,6.7107849422304895,4.078062517415711,0.24001332702409608,-3.9815493036969856,0.1297408936688973,-0.450569,0.278254,0.150614,0.519577,0.529486,-0.650644,0.162317,-0.475119,0.259952,-0.131644,0.786666,0.0474368,-0.57289,0.225174,34.51601622186371,1.801498226166263,6.130520105586077,4.93925112025202,-2.9900940788431996,1.348897764527699,7.7819852002969645,7.039865425867909,-0.683306,0.263094,-0.270899,-0.0383738,-0.18195,-0.136004,0.9731
6.478225231170654,10.800543605209247,6.55907463428796,1.9864528732929736,-0.16791903530759847,-3.736953502913648,0.019632768732228873,-0.452331,0.278077,0.150811,0.528538,0.527544,-0.647089,0.153692,-0.483199,0.259168,-0.130957,0.792685,0.0474889,-0.565266,0.223313,34.66368688776818,2.103138443079841,5.852431800414227,5.749417547490861,-3.2126982300114992,0.8627186651136256,7.0370610991519795,6.7165245008264005,-0.694125,0.262472,-0.26563,-0.0333935,-0.170647,-0.132731,0.97578
6.546199560165405,14.076410304626465,3.913909897307842,2.9307486466706147,-0.39352556758886137,-3.8950267657905937,-1.0415088223068896,-0.453578,0.278162,0.151096,0.530117,0.530857,-0.643236,0.153017,-0.487418,0.259664,-0.130325,0.796749,0.0484252,-0.560312,0.221127,34.45555023958207,1.7370264892011056,6.416984637225507,4.705838864890875,-2.614406173765632,1.178845791026255,8.259367175582486,6.782953975015714,-0.699721,0.264344,-0.262597,-0.0297543,-0.169382,-0.134631,0.975858
6.613564968109131,12.908225650287646,2.621492043222769,2.723033729257827,-0.281166831987049,-3.244567999531249,-1.2588794339953255,-0.453634,0.278413,0.151216,0.528322,0.530178,-0.645791,0.1508,-0.486837,0.263446,-0.12974,0.794758,0.058607,-0.56291,0.21922,33.86167850299159,1.9228843911126812,5.445097206358966,6.091249671049523,-2.993787358117661,1.3255316339596774,6.811164234268073,6.806434092005388,-0.699246,0.269724,-0.262115,-0.0293553,-0.170066,-0.146677,0.974013
6.681518077850342,12.543218156408145,2.2122939064108924,4.738208903229082,0.320221396960333,-3.0373391693207763,-1.2737278237368934,-0.453124,0.278827,0.151354,0.523161,0.534262,-0.645513,0.155496,-0.483885,0.266795,-0.129396,0.791763,0.0653164,-0.56807,0.214809,32.88008388940368,1.9174212905931096,5.885310349939527,5.0783321280493645,-2.4983802822737236,1.23711604063692,8.3376482106255,7.0314854937248406,-0.695395,0.274551,-0.263781,-0.0363139,-0.170334,-0.155618,0.972343
6.749464750289917,13.446162175364696,-0.18484991376162085,5.360997728964921,0.4203013393189228,-2.6401156304693134,-1.9493003661498403,-0.45363,0.278992,0.151492,0.516845,0.538283,-0.648924,0.148391,-0.483561,0.268327,-0.128831,0.790019,0.0682375,-0.568876,0.21816,34.15357785381777,1.7297487720634948,5.3396877838082695,8.027114559428288,-2.243302821378604,2.663434901618075,5.744809359691803,5.776100205816224,-0.694535,0.274978,-0.264389,-0.0402818,-0.17345,-0.160346,0.970867
6.816824674606323,15.288591573407695,0.9534796688577779,0.7802614397762748,-0.041725215435211564,-2.060418879123871,-2.7642873208135024,-0.453966,0.279104,0.151818,0.524943,0.533347,-0.645387,0.153139,-0.484825,0.270008,-0.128319,0.785399,0.0782135,-0.57123,0.225229,32.97469401537902,2.9224131985097235,3.7559256303613404,6.715919048062327,-3.866087843988005,0.883750365173956,6.0784470575309,7.126960129559862,-0.696137,0.273069,-0.263679,-0.053802,-0.17327,-0.164719,0.969511
6.884465932846069,14.703348688818362,2.7162707577224583,0.264816273267306,-0.10763796580220426,-1.9546810929977927,-2.5493548395182883,-0.453975,0.279121,0.151848,0.518606,0.538467,-0.647533,0.147652,-0.486046,0.27259,-0.127655,0.784398,0.0896107,-0.569033,0.229979,33.62876537654726,2.3777739507997007,2.6128900466493814,10.13348922477584,-2.7408164298131066,2.2461421450919303,3.156267930297248,5.766105227571539,-0.697841,0.272415,-0.262493,-0.0616744,-0.170087,-0.175856,0.967647
6.952247619628906,13.464210880540621,2.2305762135654286,2.747206268961875,0.09787467675226272,-2.2742482027010387,-2.4386407988432377,-0.454136,0.279311,0.151896,0.519115,0.537929,-0.647606,0.14751,-0.486466,0.273937,-0.127377,0.782584,0.0936671,-0.572005,0.227153,33.03434783409815,2.7966050092011177,2.4301769986057513,10.448621188953506,-2.3360274691812446,1.4120724892653804,2.5576857883364146,5.586012644420936,-0.698376,0.274921,-0.262008,-0.0641537,-0.168437,-0.178201,0.967346
7.020467758178711,13.481478908508661,2.761102420589212,2.501733924888221,0.03886244443842588,-2.2628622143373227,-2.331756221111215,-0.454052,0.279265,0.151918,0.518469,0.539083,-0.647366,0.146616,-0.486834,0.27479,-0.127161,0.783149,0.0960348,-0.570835,0.227162,33.02553731479482,2.6442952945376956,2.3196592655384887,10.55020579132208,-2.3759755403134317,1.771079415299429,2.59461949374594,5.825983815740636,-0.699016,0.276298,-0.261308,-0.06415,-0.168868,-0.179979,0.966942
7.088097095489502,14.517782606140479,2.2658797520872587,2.9590776775052845,0.04480692814728939,-2.442274621277417,-2.710979484257864,-0.454218,0.279397,0.151923,0.517877,0.540676,-0.646511,0.146614,-0.486859,0.275125,-0.127077,0.783042,0.0971686,-0.571311,0.22585,32.89577504874384,2.6862794850146576,2.53056690227628,10.735763583110403,-2.3951973898574774,1.7059700888970326,2.517731626060077,5.812441371141156,-0.699069,0.276543,-0.261205,-0.0617597,-0.169967,-0.183079,0.966322
7.155804395675659,13.718533410456642,3.019731302436313,2.5912490235928702,-0.044908367513805184,-2.4839299874426777,-2.6809666881145726,-0.454258,0.279423,0.151968,0.517654,0.540896,-0.646453,0.146847,-0.487167,0.276211,-0.1268,0.782436,0.100775,-0.571058,0.227006,32.7316137278595,2.665726599007191,2.16445629860909,10.739249664760363,-2.4424609128444725,1.8557365108774633,2.53620868247218,5.936233415244218,-0.699178,0.276575,-0.261224,-0.0672777,-0.166977,-0.185426,0.966028
7.221820592880249,12.618120690088297,3.4587399023461383,3.9054433235273622,0.01477035773043712,-2.8348150125026677,-2.646440827281204,-0.454225,0.279447,0.151923,0.5172,0.540841,-0.646702,0.147553,-0.487015,0.276799,-0.12679,0.779903,0.104303,-0.572915,0.229437,32.630826993813905,2.9129687533150275,1.6790848881554385,11.177648709855186,-2.182954719097207,1.4736811101117446,1.7403527870539035,5.502959324650674,-0.699047,0.276227,-0.261261,-0.0680523,-0.169769,-0.185415,0.965489
7.289581060409546,11.311686906497906,4.635502346405997,2.8238323710568407,-0.13398692483694083,-2.5476155673060816,-2.179578015776066,-0.454269,0.279449,0.151925,0.518978,0.539118,-0.647398,0.144534,-0.487712,0.27825,-0.12655,0.779818,0.108826,-0.570472,0.233672,32.85297471576565,2.947017416005884,0.6035337201617601,11.828763887594919,-3.6383684729883843,2.0175188289186003,1.3470686698365002,5.5724222757132145,-0.700066,0.275729,-0.260704,-0.0750524,-0.169695,-0.189655,0.964159
7.366083383560181,12.612199862013483,4.049493781809323,4.079535794635786,-0.04527325751140054,-2.85059411337345,-2.489678065854681,-0.454143,0.27955,0.151932,0.516872,0.540792,-0.647338,0.146086,-0.487344,0.277524,-0.126822,0.779054,0.104861,-0.573719,0.230054,32.80467830545358,3.051294539684587,1.4850910753231492,11.237353307451048,-1.8419063953662604,1.2740540228610158,1.4452700230454694,5.080900927523599,-0.699351,0.275743,-0.261215,-0.0728596,-0.167917,-0.18914,0.964739
7.436366081237793,13.32636804183057,3.3781623127626674,4.04929274007288,0.08142397799893648,-2.844238599702966,-2.66038531757732,-0.453434,0.279397,0.151956,0.522221,0.536023,-0.645575,0.152308,-0.486379,0.276978,-0.127023,0.781024,0.104529,-0.571209,0.229773,31.76561237215171,2.935575809884019,1.375110807920663,8.89670906149063,-3.434479686953063,0.927143822631173,4.213798816612794,6.723358916248426,-0.698505,0.275715,-0.261356,-0.0679856,-0.170046,-0.188631,0.964821
7.504730224609375,12.109714077777786,5.25913632978811,4.954835762764831,0.3231618889289436,-3.1195969633308707,-1.9300185356533113,-0.452795,0.278389,0.151154,0.522683,0.534808,-0.645706,0.154423,-0.48619,0.276909,-0.127622,0.78163,0.108422,-0.570806,0.22689,30.958770396761423,2.752087611842658,1.2373764698818457,8.603360276881638,-3.0942346086606953,0.683343924379642,4.749531032565724,6.913891154644582,-0.699089,0.27697,-0.26079,-0.0702251,-0.165583,-0.193083,0.964557
7.572955131530762,12.140147450341544,5.852295784833757,4.854261780825469,-0.015484691606837159,-3.317515939430408,-1.6900581619286874,-0.453529,0.277256,0.150522,0.521888,0.534186,-0.648589,0.147005,-0.490388,0.276126,-0.127602,0.788332,0.107751,-0.563696,0.221743,31.39500987899042,1.7495158576197216,1.2176440858998436,10.218779915325989,-1.6713706766832086,2.182617267087874,3.8784822276473188,6.054202518256049,-0.70511,0.27974,-0.257337,-0.0589062,-0.157182,-0.193178,0.966699
7.641125917434692,11.271862803081959,5.95676270439964,5.70599446554163,-0.5710399644990733,-3.6140994446535393,-1.4878048552106562,-0.454845,0.277307,0.150671,0.529986,0.534171,-0.641928,0.147328,-0.495183,0.27353,-0.127693,0.797068,0.0937537,-0.55879,0.208917,30.763399387400447,1.8102614777847084,3.700855343982737,6.283508783418412,-1.4104450978665852,1.022772352386614,7.963994875838204,6.8062543819770065,-0.711968,0.282608,-0.253736,-0.040841,-0.155233,-0.185169,0.969509
7.709831237792969,14.501579082821255,5.550490923359554,5.522340338188538,-0.9181463166137902,-3.7840389126963445,-1.8954340721197154,-0.455159,0.277854,0.151077,0.53099,0.537198,-0.638873,0.145979,-0.496867,0.273647,-0.127589,0.800747,0.0891968,-0.554527,0.208202,31.179613722475455,1.525492238152129,4.527184759051124,4.796850128917246,-1.798036387946313,1.356476538516052,8.910452619618145,7.834511250202041,-0.714206,0.283846,-0.25244,-0.0357791,-0.15403,-0.18098,0.970691
7.778528928756714,11.861251728068618,5.594895347535402,4.96551664801518,-0.7471161461924184,-3.240681883732639,-1.7589117554605984,-0.45391,0.278727,0.151394,0.52452,0.53983,-0.640653,0.151744,-0.492311,0.278767,-0.126731,0.788067,0.1085,-0.565268,0.218291,30.505210481911377,2.3834788294218345,2.5281465332391626,6.369293538735844,-1.1830941765593685,0.5726942565614976,7.638729555535537,6.775712138545279,-0.707109,0.283523,-0.255975,-0.054661,-0.162096,-0.195818,0.965605
7.846050500869751,12.99281131459107,5.685353750434277,5.988560292595983,-0.5777726255862896,-3.1962526333614525,-2.1096673886083317,-0.452275,0.279304,0.151326,0.519139,0.53587,-0.648058,0.152836,-0.483119,0.28133,-0.126934,0.777045,0.1147,-0.575892,0.2267,30.834737940731735,3.132910918856129,0.6637242364221283,8.960870504949725,-4.203289223752174,1.0580595380230733,4.080196922943588,6.459791796834228,-0.693264,0.282462,-0.263883,-0.0723406,-0.17396,-0.197825,0.961961
7.914137363433838,14.408086221335044,6.026588919893606,8.212181688528725,-0.5095525113292781,-3.680082358633998,-2.563557952187248,-0.451419,0.279823,0.151172,0.50617,0.54157,-0.653671,0.152339,-0.476459,0.2815,-0.127517,0.767208,0.113368,-0.586625,0.233262,32.36631541778562,3.4211523902045355,0.6127857138337598,12.016479329995695,-2.8134115626507725,1.5336277527412534,0.6283658688942843,5.956162891366683,-0.68329,0.27993,-0.269422,-0.0803814,-0.189892,-0.195928,0.958693
7.981822729110718,17.0225211619625,5.993728866530061,6.510755567448616,-0.7306082859329927,-3.555393815964043,-2.8345757103436195,-0.451167,0.280132,0.151462,0.512156,0.536169,-0.652617,0.155916,-0.475856,0.28049,-0.127694,0.767492,0.107312,-0.587745,0.232369,31.88175187831231,3.9245558244857817,0.8313740642249101,9.628969187514674,-3.8749356928601273,0.38463019016283795,3.423598251060911,6.626858583228201,-0.682441,0.279286,-0.269939,-0.0763901,-0.188245,-0.190754,0.960386
8.05027723312378,13.1581594877799,4.815224716180785,6.521275400238705,-0.7422117069349282,-3.4714888086491604,-2.0799208946889354,-0.452163,0.280292,0.151865,0.508933,0.543071,-0.65174,0.145932,-0.480716,0.280707,-0.127041,0.775425,0.107065,-0.578355,0.229692,33.10924463867294,2.786448575320809,1.3930887136237704,11.908244602754124,-2.8068961408862467,2.3334528695346357,1.6784353716522824,5.826345035512275,-0.689281,0.281096,-0.266201,-0.0699265,-0.180404,-0.189394,0.96265
8.120198965072632,14.913671837698256,3.6841258089840574,7.099549482477652,-0.45623544172388913,-3.679274886794375,-2.0775451064208443,-0.452711,0.280187,0.152107,0.522036,0.535017,-0.64761,0.147769,-0.485967,0.278967,-0.127145,0.785299,0.0994897,-0.57002,0.220192,31.737939167855316,2.6129542275289093,2.19831039583668,8.00633920138456,-3.5985932005378736,1.1082191200777238,4.950769255205125,6.6836855674502615,-0.698048,0.283466,-0.260967,-0.0574989,-0.173763,-0.185371,0.965473
8.188515424728394,15.504352157450178,6.551194331307788,6.597686990492256,-0.7931208436525258,-3.8086369945046976,-1.424397060192726,-0.453313,0.280018,0.152185,0.524754,0.536442,-0.645148,0.143692,-0.490376,0.278507,-0.127031,0.791155,0.0972475,-0.564314,0.214863,31.747180268040363,2.2653046773229533,2.8845270044627522,7.632246952656184,-2.7644348318006724,0.9890125297767298,5.796013278701818,6.789430602898022,-0.704941,0.285525,-0.256574,-0.0480194,-0.164451,-0.186298,0.967441
8.257049083709717,14.237149357233783,7.502290185189912,7.162723960616137,-0.8450299905458826,-3.8730866069717518,-0.922698141778062,-0.454508,0.279972,0.152448,0.522911,0.540189,-0.644954,0.137091,-0.496138,0.279196,-0.126238,0.798819,0.0978765,-0.555606,0.208829,32.06920005679929,1.1138630166475343,3.452528505991797,8.530776325181224,-0.7478449432647949,2.1352666361762154,5.976215557836023,5.612739934697399,-0.713256,0.289464,-0.251201,-0.0408286,-0.155643,-0.186341,0.969219
8.339999914169312,13.762994658043457,7.434498360077792,7.028889204381286,-0.897221369466363,-3.9393832583550656,-0.9289526188410162,-0.455262,0.280067,0.152574,0.524107,0.541946,-0.64253,0.136974,-0.499285,0.279801,-0.125613,0.801137,0.100356,-0.552563,0.206839,31.700821914043377,0.917525132973104,3.677651868716125,8.025520273701977,0.08347072474997219,2.0894292454725374,6.6597091835598965,5.4267504642742,-0.717449,0.290461,-0.248834,-0.0387649,-0.150117,-0.189928,0.969479
8.41042971611023,13.486826832990035,6.749327695666595,6.437163367397839,-0.9611968644479165,-3.940006575355779,-1.2249074688910817,-0.455492,0.280155,0.152626,0.529257,0.540924,-0.638488,0.140075,-0.499156,0.279435,-0.125759,0.798782,0.100708,-0.555096,0.208984,31.213577313941048,1.8377713640038507,3.627248334158515,6.671931724640233,-1.4141667376634253,0.813227882344318,7.54240407953054,6.359007018532667,-0.717064,0.28934,-0.249392,-0.0409903,-0.151932,-0.187683,0.969542
8.479106664657593,14.26298004599619,7.709289902139368,4.130747608325438,-1.4075759318951402,-3.632646801460701,-1.8966760634865643,-0.456033,0.280219,0.152337,0.526735,0.539007,-0.643183,0.135417,-0.496699,0.280245,-0.125542,0.791855,0.105566,-0.561107,0.216749,32.11769619187373,2.5804444655444976,1.9950612706732453,10.23372702494909,-2.835787272878365,1.5352410353809027,3.1239902309029435,6.1330891840099175,-0.712714,0.286349,-0.252784,-0.0523303,-0.160718,-0.190648,0.966998
8.547413349151611,16.049995376566123,6.728192119174839,3.6301788981921423,-1.1141301654933689,-2.9801274878199555,-2.8059724455080794,-0.4552,0.280717,0.152517,0.515889,0.54569,-0.64491,0.14203,-0.491168,0.284841,-0.124712,0.781073,0.121465,-0.569841,0.224617,31.72474914752925,2.714270678005404,0.9336045298694824,11.276443587477301,-2.350829820347901,2.1984986662899466,2.336257265600122,5.855450940625566,-0.703974,0.285814,-0.257531,-0.0723781,-0.167302,-0.207565,0.961087
8.616512298583984,9.537001368357018,8.326262555248153,5.738396555574453,-0.7175509648144187,-3.168752374315687,-1.8158796896422316,-0.454068,0.281124,0.152111,0.510746,0.54439,-0.64922,0.145913,-0.485628,0.287847,-0.125003,0.771605,0.132453,-0.577819,0.230667,31.258686623944893,3.1497977329979787,-0.6368887515732662,12.995041714312588,-3.2595672265395823,1.963964393822895,1.324302934050722,5.658526597179051,-0.696289,0.286009,-0.261629,-0.0881544,-0.175629,-0.215386,0.956552
8.685742616653442,16.007753062195942,6.264769166507404,9.508717077408,-0.5446741063772277,-4.0346730946711835,-2.8359871139933963,-0.453421,0.280937,0.152162,0.517071,0.538393,-0.647464,0.153497,-0.483625,0.284414,-0.125689,0.775389,0.12007,-0.576941,0.226924,30.568460118495125,3.1450141247472185,0.5050892240018623,9.34360196803236,-4.419797782537483,1.3126642688477403,3.65329509498753,6.062889678100346,-0.693522,0.285624,-0.26293,-0.0758406,-0.178715,-0.202793,0.959783
8.754465818405151,14.685923508800599,6.313224117543396,8.35177283970005,-0.6865894575552579,-3.7975151268350187,-2.354647947118395,-0.453886,0.280786,0.15192,0.511344,0.543792,-0.648975,0.147138,-0.485142,0.28402,-0.125848,0.776744,0.118368,-0.576297,0.22481,31.620117501438017,2.741840856093014,1.0630881683939544,11.516139208691262,-2.386228086741248,2.116670420814099,2.174717116410004,5.900922724799438,-0.69568,0.285611,-0.262082,-0.0735717,-0.17501,-0.20376,0.960438
8.822452545166016,14.282580475950294,5.928825143801644,7.276491294290467,-0.5614578304844398,-3.531198371869102,-2.0009230677712657,-0.453872,0.280443,0.151866,0.51436,0.542012,-0.64818,0.146694,-0.487019,0.283607,-0.125816,0.78014,0.119444,-0.572456,0.22228,31.174063475709158,2.464609456000964,1.0012758986481876,11.35428794127076,-2.470362220479375,2.0529106430089357,2.5814936336236802,5.763976194875359,-0.698746,0.286727,-0.260079,-0.0672917,-0.170596,-0.204731,0.961485
8.891197204589844,13.817647169680226,6.869684276054427,7.903250531605859,-0.5401333945304452,-3.7603725458374737,-1.4216265482914037,-0.454749,0.2802,0.151721,0.518473,0.541405,-0.646009,0.144009,-0.491121,0.282003,-0.126164,0.786559,0.113696,-0.566821,0.217051,31.1866754804311,2.138993880186353,1.816433548000286,10.445506062590376,-1.9671617423857484,1.8485640195745425,3.5594077513572775,5.914926600527293,-0.705246,0.287807,-0.256691,-0.0583013,-0.162793,-0.19953,0.964514
8.960609197616577,15.392514724960948,7.103960410307059,7.327523152062446,-0.743325875385057,-3.778622952005319,-1.3429915860175463,-0.454902,0.279761,0.151856,0.522536,0.53931,-0.645196,0.140793,-0.493756,0.279915,-0.126305,0.793349,0.106567,-0.561337,0.210097,31.15621418040461,1.7418768820780954,2.656818429329892,9.966809719292685,-1.9082214556049841,1.7630987896273709,4.391754084450219,5.957648662764655,-0.709741,0.288307,-0.253442,-0.0468647,-0.158369,-0.192519,0.967295
9.029011487960815,15.596480877549823,6.8040743385553535,7.0769966238627235,-0.8864454786800278,-3.7579825988352837,-1.3426778605531342,-0.455365,0.279787,0.152052,0.522612,0.540689,-0.643816,0.14154,-0.496065,0.279406,-0.12603,0.796359,0.104969,-0.557874,0.208733,31.11400753270446,1.2827749158583392,3.145098084846989,9.175029692042807,-0.7423744303365432,1.934894087698943,5.55553197833853,5.505052856139707,-0.71328,0.288307,-0.25121,-0.0394488,-0.156722,-0.194028,0.967592
9.098100185394287,12.874027082397554,8.717877563077922,4.644971265721353,-1.1087073518117405,-3.3526448707041783,-0.8565521860864079,-0.455376,0.279912,0.152261,0.527739,0.538874,-0.640307,0.145308,-0.496466,0.28043,-0.125686,0.796562,0.107939,-0.556853,0.209172,30.22107102077659,1.6185437060765517,2.941601509113445,7.116458057066598,-2.3457159305582103,1.3621116578447925,6.639245064254594,7.1407706698552085,-0.713543,0.288527,-0.251142,-0.0460666,-0.154072,-0.195759,0.967377
9.166887998580933,12.802147570820072,8.993896120034151,1.4616933034601285,-1.755088655483829,-2.8102200396909445,-1.117254403126391,-0.455448,0.280183,0.152653,0.526211,0.542005,-0.638903,0.14538,-0.493814,0.280516,-0.125158,0.789235,0.108549,-0.564107,0.217044,30.995019011147456,2.7546772820649235,2.6264861205236887,7.740324159849784,-3.3704563497970987,1.09593723480128,5.6083453691939535,6.851741340684576,-0.708753,0.286711,-0.254165,-0.0543046,-0.164697,-0.193853,0.965581
9.235095262527466,17.137197682983594,4.454750845952743,5.079674503167028,-1.1612951849122193,-3.521317586506882,-2.855878416476856,-0.454871,0.28061,0.152512,0.515341,0.546153,-0.644217,0.145343,-0.48749,0.281559,-0.12537,0.779228,0.108074,-0.575597,0.223185,32.24700673776483,3.2732233012900736,2.4160926485357566,9.705533160604622,-2.546724634437071,1.699731999271009,3.5924843987921666,5.8363847827126225,-0.698355,0.285134,-0.260698,-0.0631733,-0.174774,-0.192742,0.96349
9.30382776260376,12.40225133149152,5.3088082114191675,4.960342741755353,-1.0383126503152211,-3.4479704620638834,-2.2253904838683964,-0.454676,0.281068,0.152434,0.513275,0.54685,-0.645288,0.145285,-0.485099,0.282938,-0.125527,0.773576,0.114616,-0.579958,0.228237,32.328100073101986,3.8027170959715813,1.4659532718418458,11.661540174243699,-3.6062601875467237,1.2906727883485303,1.2687328870708792,6.314716108643992,-0.694776,0.28316,-0.263085,-0.0717047,-0.180748,-0.199706,0.960368
9.390122413635254,15.850871064900248,4.809312240950745,6.761859856074624,-1.1115048207896605,-3.9643023004899467,-2.4596487362484343,-0.455258,0.281192,0.152725,0.515799,0.548669,-0.641956,0.144247,-0.488329,0.280959,-0.1255,0.780856,0.10571,-0.572898,0.225562,32.79116642686061,3.1554565983375658,2.735810781167743,9.842791939252786,-3.1166152423046114,1.926497321247119,3.451227847666632,5.908736391723333,-0.699485,0.284196,-0.260507,-0.0638174,-0.175665,-0.188655,0.964095
9.4600989818573,16.027009970329868,5.257928103596097,7.945400977455362,-1.0109430465789153,-4.113850328765608,-2.1135515495205075,-0.455887,0.281023,0.152937,0.51886,0.549221,-0.639751,0.140923,-0.492671,0.281068,-0.124993,0.786864,0.107651,-0.566127,0.22081,32.43044301883914,2.6620255956984695,2.9545197610673215,9.995197313122913,-2.8048474182406427,2.1044411131620713,3.7440114871289514,5.774900504276799,-0.706111,0.285484,-0.256115,-0.0556506,-0.169237,-0.195913,0.964303
9.529349327087402,14.48675787086293,7.40410252592945,8.630586429135919,-0.8260143337766489,-4.022314022647118,-1.313368939954804,-0.45687,0.280845,0.153006,0.522649,0.55026,-0.636786,0.136221,-0.498572,0.283439,-0.124028,0.794077,0.115264,-0.556543,0.215446,31.727666481806438,1.9771562221695103,2.755292970518104,9.814109417958926,-3.105545531355151,2.8006996975159346,4.293444134712971,4.893819747372407,-0.715117,0.290102,-0.250107,-0.0525416,-0.156692,-0.201731,0.965397
9.597989559173584,15.40483821650704,7.640118873985693,9.303510747021296,-0.9175552497324002,-4.206605413115667,-1.2402752369298515,-0.457529,0.280792,0.15303,0.527216,0.547845,-0.635613,0.133808,-0.501817,0.283575,-0.123639,0.796433,0.115711,-0.555469,0.209187,31.06610835748444,2.2791650657096145,2.8809574188747487,9.743925043528009,-2.6819723492435052,1.7972528442897335,4.555565511491184,5.888252513797699,-0.720006,0.292489,-0.24678,-0.0449433,-0.151372,-0.203432,0.966272
9.667541742324829,15.984856862079633,7.15379019058098,9.794116843839122,-0.9342405116391208,-4.435792983403118,-1.4427298711250258,-0.458433,0.280748,0.153267,0.529025,0.549127,-0.633261,0.132559,-0.504792,0.284016,-0.122977,0.800191,0.116186,-0.551074,0.206186,30.82662274083064,1.9762796776001377,3.2536296767221504,8.983755364466592,-2.716667718191596,2.1529312046516864,5.177453671211135,5.671642664805251,-0.723937,0.293784,-0.244305,-0.0434634,-0.148386,-0.203523,0.966784
9.736424207687378,15.501284950579034,6.538705363144055,9.226102261190421,-0.9730666265213004,-4.474123732763609,-1.5649061807537596,-0.459247,0.281027,0.15348,0.530552,0.548606,-0.632754,0.131028,-0.506767,0.28455,-0.122348,0.800769,0.117677,-0.549836,0.206403,30.804771852281643,2.0449255893749583,2.9976295138779285,9.262255023802172,-2.7234393763348272,2.2431273643180205,5.005400056935438,5.565292284079773,-0.726211,0.294511,-0.242978,-0.0444504,-0.145027,-0.205037,0.966929
9.80470323562622,15.636153618888944,6.023656976144755,7.951325915652371,-1.1942786794458813,-4.286731038898759,-1.7357798523363985,-0.459413,0.281034,0.153584,0.53007,0.551427,-0.630909,0.13003,-0.507074,0.284704,-0.122104,0.800456,0.11848,-0.550554,0.20524,30.823468026091142,2.2585746438096184,3.343563586685593,9.484256002648932,-2.7519956153522003,2.075062120361064,4.947112488329068,5.653062246743264,-0.726741,0.294907,-0.242471,-0.0433186,-0.147879,-0.204497,0.966662
9.873414993286133,12.344411440408875,6.288921501037648,5.881923829927577,-1.5755172857674806,-4.232912549461329,-1.6962726859712485,-0.45935,0.281204,0.153592,0.527443,0.552871,-0.631638,0.131035,-0.505012,0.285334,-0.122057,0.795976,0.121115,-0.555459,0.207889,30.938432151473968,2.690643452902255,3.0674590007557994,10.245941219942333,-2.8177435349253557,1.914095694963109,4.129546014316982,5.7627572318417775,-0.723185,0.294561,-0.244715,-0.0464334,-0.152999,-0.206665,0.965259
9.94188642501831,14.366088970424135,4.0602250278112635,4.647644452826949,-1.6048978493874841,-4.462602591960878,-2.8965060766909168,-0.458526,0.281358,0.15347,0.523536,0.554046,-0.632919,0.135485,-0.500036,0.285844,-0.122388,0.788947,0.122509,-0.563837,0.211286,30.9110924325628,3.3180475332776465,2.9351446059759763,10.28901791889427,-3.1620496705750973,1.53355286711718,3.7935141868395323,6.024428634585153,-0.715939,0.294616,-0.249096,-0.0542281,-0.159824,-0.21093,0.962821
10.010493755340576,11.685006243772959,4.0415929235984285,6.298415196689342,-1.244393276688077,-4.830480070240897,-2.958357254485928,-0.458105,0.281705,0.153285,0.520233,0.556281,-0.632921,0.138998,-0.497005,0.287972,-0.122363,0.784458,0.128429,-0.568122,0.213,30.507366509860233,3.5510804767308004,2.6717806111890985,10.199280524641802,-3.8027305815720105,1.5795280781175691,3.9967612777658292,5.70918028361235,-0.711473,0.294478,-0.2517,-0.0588143,-0.165876,-0.215838,0.960437
10.078924655914307,12.594235105914937,2.6455974623180603,9.748811951843994,-0.8619022329594705,-5.260464311227679,-3.2930218300112397,-0.458221,0.28171,0.153266,0.520729,0.556203,-0.6326,0.138915,-0.498209,0.288735,-0.122063,0.787335,0.130684,-0.564759,0.209936,30.06051505997333,3.1022774669456865,2.732493805844194,9.96563595262627,-3.7767584342021685,2.0176688668116896,4.15559661613091,5.274702537745273,-0.713339,0.296042,-0.250232,-0.0584319,-0.162821,-0.220499,0.959925
10.147274732589722,12.564519337883878,3.761005289342251,9.488659483598397,-0.857417027957627,-4.867454675807451,-2.7695781735869573,-0.458356,0.281677,0.153419,0.522146,0.555664,-0.632426,0.136521,-0.500904,0.289746,-0.12155,0.78897,0.134548,-0.562566,0.207224,29.699649661429444,3.0065973756029822,2.451007625509938,10.362768931772903,-2.8960822189396183,1.649396378175421,4.1589550933232085,5.903617356833865,-0.717706,0.299179,-0.246736,-0.0555624,-0.158116,-0.224036,0.960063
10.215797901153564,12.460399522279184,5.631762425431427,10.55171349063191,-0.6029865354244118,-4.979975273899607,-2.4173731535894785,-0.458548,0.281378,0.153312,0.52442,0.553789,-0.632516,0.135002,-0.503607,0.291881,-0.120742,0.792434,0.141505,-0.557948,0.201789,28.719245784479273,2.548191339894127,2.010722487020221,10.187877895169061,-2.88316114543753,1.9326280349530265,4.769413774453237,5.616611212206609,-0.722186,0.303008,-0.242986,-0.0566584,-0.149903,-0.23106,0.959651
10.285160541534424,10.860276975653276,5.922924973595857,10.8925121447419,-0.45288119481381595,-5.077881570543345,-2.1479249067808324,-0.458517,0.28121,0.153268,0.525809,0.553313,-0.632024,0.133846,-0.50577,0.294138,-0.119891,0.794738,0.149269,-0.554572,0.19637,27.72600422871839,2.222404686440228,1.6819123767657231,10.236316516065486,-2.70228806592001,1.942449385044231,4.978697910105181,5.650825702047193,-0.725712,0.307193,-0.239254,-0.0502115,-0.144211,-0.240134,0.958654
10.371275186538696,10.738145923445261,7.070271288624695,9.883699907774684,-0.6514878339338293,-4.881451182156532,-1.6889753981536453,-0.459159,0.281071,0.153408,0.528617,0.5523,-0.631028,0.131651,-0.509987,0.296114,-0.118559,0.798767,0.155926,-0.549007,0.190392,26.790688063497768,1.7724463399140022,1.4075456333590628,10.077124462116945,-2.135761457317898,2.0738670056035318,5.68874531821787,5.904347762943651,-0.732077,0.311559,-0.233828,-0.0466613,-0.135626,-0.244291,0.959036
10.441258668899536,8.87574261447728,8.753166396778042,6.939498926843629,-1.2217672025402349,-4.52335432918849,-1.2467276606740465,-0.459699,0.281249,0.15355,0.530494,0.555057,-0.627364,0.130012,-0.5117,0.295703,-0.118376,0.801625,0.153517,-0.545404,0.190695,27.115730891623645,1.7616852561769631,1.9410523012870007,9.414597746481387,-2.9740934104750973,2.435157538890479,5.516453453744565,5.440030422406798,-0.734171,0.311271,-0.232867,-0.0450454,-0.13419,-0.243651,0.959478
10.510611534118652,10.780737194763764,6.422432914862153,6.630475255641428,-1.484216756827328,-5.043330855808118,-2.323891396071264,-0.459465,0.281166,0.153558,0.528689,0.553409,-0.630027,0.131501,-0.507732,0.292992,-0.119425,0.798762,0.143968,-0.551419,0.192844,27.870730515666704,2.1835487641065074,2.394637066179821,9.713244122798535,-3.357883399872623,2.338011187927279,4.90722075445279,5.143180849621268,-0.727793,0.308863,-0.237868,-0.0445378,-0.144452,-0.233282,0.960588
10.579340696334839,9.37883558269714,3.5789825042818837,6.125852198334467,-1.1749933132538264,-4.942875949550974,-3.0772008030207414,-0.457732,0.281551,0.153143,0.520497,0.554824,-0.634191,0.138041,-0.498586,0.293691,-0.120479,0.788323,0.143729,-0.564464,0.198164,28.141053980725516,2.8527958195796774,2.2876420144741125,9.96870380496655,-3.8380088423875947,2.261665477117578,4.37096530746861,5.012657812411811,-0.715006,0.307474,-0.246016,-0.0534133,-0.162121,-0.233679,0.957214
10.648810148239136,8.995387766233693,1.504640537375926,7.975917525048651,-0.747622975335588,-5.231541172455458,-3.362836563145094,-0.457113,0.281856,0.153153,0.515969,0.555121,-0.636434,0.143414,-0.494816,0.294196,-0.121001,0.782986,0.142932,-0.570884,0.201484,28.184356099871238,3.0461411643771052,2.295223067420923,9.124139498192456,-3.080135003243761,1.8264139564824404,5.507669221934249,6.056979705567945,-0.709712,0.306586,-0.249665,-0.057729,-0.167415,-0.226751,0.957718
10.717427015304565,11.390548535794935,0.9781308063737681,10.11685961946307,-0.7487276826400776,-5.528611557203277,-3.49166205299685,-0.457252,0.281641,0.153067,0.520373,0.553407,-0.635232,0.139406,-0.496322,0.292676,-0.121283,0.785996,0.139243,-0.56895,0.197781,28.246117428247878,3.3095232662681955,2.5591092255283767,9.80578452957193,-3.881116948808712,1.321522992643171,4.6480833449266665,5.838053202918636,-0.711806,0.307239,-0.248001,-0.0495114,-0.165704,-0.230585,0.95756
10.786522150039673,11.326274465291354,2.3695493563669423,10.665114574003884,-0.7536665971338646,-5.705662954958116,-3.0437394065223993,-0.45755,0.281461,0.153071,0.522427,0.553393,-0.634341,0.135785,-0.499912,0.293199,-0.120714,0.792331,0.139672,-0.561743,0.192739,28.04241634409223,2.614072046761873,2.818924602848015,9.47220115361202,-3.4730329090462266,2.110382663573457,5.0465028950227016,5.366556868712286,-0.717341,0.309702,-0.243687,-0.042898,-0.157834,-0.23374,0.958443
10.855523109436035,10.269778936613855,3.7115661276541836,10.54096902112574,-0.6373440285984852,-5.575978514322452,-2.620824324665702,-0.457881,0.281214,0.15316,0.525428,0.55341,-0.632115,0.134514,-0.503327,0.295521,-0.119412,0.795525,0.149223,-0.557253,0.185314,26.67114759523138,2.3764295015313053,2.5883443459648037,9.534277252412075,-3.4232248493582844,1.8908828211193125,5.3086077219790555,5.572231224164139,-0.722664,0.315367,-0.238599,-0.039961,-0.147048,-0.243443,0.95787
10.926419258117676,8.595256738032319,5.689837887439011,9.756513191200717,-0.617821031035858,-5.353271010264842,-2.0231275111499087,-0.458268,0.280969,0.153209,0.527653,0.551125,-0.63243,0.133697,-0.507124,0.299348,-0.11768,0.79835,0.161069,-0.552645,0.176854,25.001952990378307,1.8453647883049062,1.9393972371110308,9.08106785155258,-2.611345407648546,1.8054815025676767,6.4774866269363685,6.410739760176102,-0.728781,0.321165,-0.232265,-0.0347974,-0.140106,-0.255894,0.955865
10.995536088943481,8.833323894098195,5.65466826741275,9.844446135764528,-0.785566860552541,-5.346758932369698,-1.9338082935891299,-0.458662,0.281201,0.15361,0.525469,0.555948,-0.629259,0.137246,-0.510668,0.300619,-0.116541,0.801613,0.164179,-0.54895,0.170633,24.077621549950003,1.2285493814314679,3.0151273781490096,7.149919035665407,0.4220135085640635,1.318812302505421,7.97098741765563,7.959719764374718,-0.733999,0.324089,-0.227577,-0.0281434,-0.135276,-0.260437,0.955553
11.064346551895142,9.792949528575768,4.992203718465715,8.916756362899276,-1.0131512867390287,-5.144774659592675,-2.15868430366844,-0.459408,0.28108,0.153571,0.532373,0.550407,-0.6299,0.129838,-0.51231,0.300227,-0.116343,0.805915,0.161298,-0.543628,0.170156,24.531412501354456,1.2349447928339972,2.295860130468479,8.21590924133842,-2.797206069453374,2.4432285588520557,7.1926715833381385,6.293365339461883,-0.735987,0.325052,-0.226286,-0.0258058,-0.13457,-0.259371,0.956008
11.133315563201904,9.736558045475388,4.664766886442674,5.110419915410604,-1.3247989406120813,-4.444281711814607,-2.371723384351239,-0.459034,0.281052,0.153643,0.529664,0.552104,-0.630597,0.130324,-0.50929,0.299542,-0.116721,0.801025,0.156891,-0.551692,0.171405,25.053736173111403,2.0832934720854475,2.7204315169824174,8.190009945570491,-2.4492295743591352,1.824018631159781,7.474926823599249,6.892825902001345,-0.731554,0.324332,-0.229822,-0.0299134,-0.139954,-0.254673,0.956379
11.202171325683594,9.460262121987311,0.4313825018647266,5.922751524830084,-0.9380776452577255,-4.618427250338361,-3.4020412177570067,-0.458054,0.281388,0.153306,0.524656,0.554181,-0.632028,0.134757,-0.502664,0.299049,-0.117858,0.794057,0.153516,-0.560806,0.177209,25.65739924326444,2.7328094792316624,2.9211402041814214,8.096173756858475,-3.573137177603641,1.9367659951737082,6.842623170879074,6.3958928255016705,-0.721993,0.322258,-0.236855,-0.0337159,-0.152897,-0.250244,0.955439
11.27187466621399,10.689672522886243,-2.107916365566098,7.686011450081137,-0.5320628515540866,-4.997133130260863,-4.258126789058933,-0.457273,0.281616,0.153126,0.519561,0.553567,-0.636304,0.136885,-0.497516,0.298697,-0.118782,0.78786,0.152862,-0.56809,0.182165,26.180137254935108,3.0088997533699735,2.479328186958173,9.54822064745001,-3.8425308724453657,1.9812042900106945,5.2621053235061614,5.490851418510103,-0.71434,0.320142,-0.242239,-0.0404876,-0.165033,-0.253057,0.952411
11.356813669204712,10.56324074750783,-0.7090672225280273,10.613806669679201,-0.5487782518715942,-5.6059667314669355,-3.713267975793351,-0.457396,0.281603,0.153062,0.520651,0.554548,-0.634372,0.137738,-0.499298,0.298273,-0.118868,0.791868,0.151479,-0.56328,0.180873,26.05375092218646,2.5036624200325988,2.947515465296763,8.503886919340548,-3.536611310748814,2.3134203945291816,6.431688245818941,5.828813495599932,-0.716993,0.320475,-0.240585,-0.0341321,-0.159718,-0.246427,0.9553
11.426461219787598,9.416236968197085,3.31280840282436,10.363105942999667,-0.7407854207465738,-5.751017681075468,-2.734293130372502,-0.457933,0.281245,0.153184,0.526175,0.553212,-0.631603,0.13481,-0.504804,0.299174,-0.118004,0.79727,0.154308,-0.557064,0.173866,25.19918926443706,2.3170850422923657,3.0494527463065095,7.55362219134946,-2.641176169981975,1.52892014901483,7.899372034386169,7.324940354231767,-0.725536,0.322626,-0.234217,-0.030559,-0.146228,-0.252333,0.95604
11.495894193649292,9.365488441221473,5.87320026237421,11.397547511157578,-0.7516480303372798,-5.87774247692092,-2.0505469702977885,-0.458818,0.281016,0.153394,0.529899,0.553125,-0.629512,0.130286,-0.510847,0.300832,-0.11655,0.803383,0.16266,-0.54718,0.169446,24.500292175787422,1.5631859295521329,2.548724902703305,8.233809860198708,-2.316851511165714,1.9849046819599465,7.676034192046112,6.842333211605809,-0.734384,0.325475,-0.226863,-0.0264315,-0.133744,-0.261859,0.955429
11.565330505371094,9.453467183996633,7.099197801652237,9.505412702824376,-0.9739663149706679,-5.406911717066244,-1.697668370999553,-0.459726,0.281001,0.153502,0.534816,0.551423,-0.627302,0.128047,-0.515877,0.302307,-0.115285,0.807783,0.168121,-0.540554,0.164385,23.60639789991079,1.235417349310608,2.23835485990299,7.920083896906927,-2.063207313322682,1.741904085705432,7.641115272197185,7.102538293338423,-0.741456,0.328508,-0.220909,-0.0215583,-0.125877,-0.265789,0.955535
11.635221481323242,9.23912961385708,6.762287616508903,8.837317337725256,-0.9664385072213074,-5.146610252168877,-1.7409030730609172,-0.460435,0.280952,0.153802,0.536038,0.550143,-0.628021,0.124881,-0.517884,0.303118,-0.114413,0.809268,0.170485,-0.538118,0.162633,23.533067598591686,1.052125273987297,1.8653800604826625,8.593487910671051,-2.1996678419160567,2.1297549273508416,7.684510059331011,6.568656966832231,-0.744116,0.330171,-0.218799,-0.023971,-0.123337,-0.270587,0.954461
11.704447746276855,10.349092328164454,7.587964673324882,4.6475927534586186,-1.483031497835056,-4.1606192084750635,-1.7017096740237523,-0.460239,0.28107,0.153864,0.535168,0.551259,-0.627488,0.126361,-0.516165,0.302634,-0.114667,0.806289,0.167443,-0.543138,0.163896,23.74810815942849,1.6678502526613501,2.195093226950733,8.094338561463976,-2.049029580385227,1.5613157866200247,8.002785523585725,7.295486924021687,-0.741341,0.329457,-0.221006,-0.0247209,-0.12736,-0.265561,0.955325
11.773552656173706,13.34352416158408,5.14757053477034,6.327084363580271,-1.6051755743340483,-4.0444465730692345,-2.400013676520701,-0.459724,0.281446,0.154029,0.529331,0.555192,-0.628456,0.12889,-0.509612,0.300785,-0.115765,0.798763,0.159018,-0.554525,0.170858,25.072062115533676,2.6935589338298955,2.8673154597256545,8.343791491695129,-2.8835163076251025,1.6789873751241728,7.178545031100545,6.764224896209281,-0.731469,0.325643,-0.229669,-0.0288276,-0.144923,-0.256259,0.955247
11.842810153961182,13.934448393350543,2.7703289810076215,6.846755647892562,-1.2250790460040313,-4.22737113037078,-3.5682682600012874,-0.458279,0.281835,0.153481,0.522185,0.555866,-0.63232,0.136045,-0.501559,0.299756,-0.117775,0.791423,0.156185,-0.562375,0.181633,25.906099000578823,2.754158186518462,2.580079873487672,8.629991074169173,-3.8822895946295137,2.251459655008709,6.085046297278682,5.792627213336065,-0.719835,0.32017,-0.239074,-0.0425087,-0.159368,-0.259066,0.951672
11.912370443344116,13.927608218186124,3.2961879955000914,5.628790250758642,-1.2629197325499146,-4.1066876535130055,-3.5145037600617908,-0.457734,0.281967,0.15343,0.518755,0.555342,-0.635494,0.136515,-0.498578,0.298971,-0.11857,0.786494,0.153596,-0.568462,0.186245,26.61549949875953,3.136416801122855,2.289482755402773,9.672868427242376,-3.323534339747466,1.8856980590926007,5.390925394072265,5.76224980989364,-0.715669,0.318035,-0.242273,-0.0468599,-0.164358,-0.255034,0.951708
11.981372833251953,13.817754241860502,3.0245820040845275,7.824793278714416,-1.248218655198912,-4.418314031328942,-3.0518999127807818,-0.457794,0.281705,0.15343,0.521934,0.554856,-0.633706,0.134671,-0.501012,0.298221,-0.118448,0.792479,0.151198,-0.562589,0.180579,26.297644006727396,2.687188183519123,2.8908289283694977,9.090627794236793,-3.3645471497286596,2.0822191419808505,5.953254434284824,5.725424194388183,-0.719387,0.319674,-0.239404,-0.0371732,-0.155757,-0.247787,0.955489
12.050923585891724,12.178434752745165,5.267790000041831,9.68037516864858,-0.8981730613316261,-4.828543481438797,-2.1841342109616395,-0.458035,0.281475,0.153282,0.524543,0.554926,-0.63159,0.134185,-0.503694,0.298774,-0.118228,0.795166,0.15238,-0.559508,0.177317,25.832704648537472,2.60091137898167,3.09366068332469,7.989222409291909,-2.899457271395079,1.6646600775227327,7.250999503081538,6.815215551139221,-0.723794,0.321515,-0.23582,-0.035151,-0.150006,-0.248112,0.956401
12.120793104171753,12.543779470729728,5.339600180407066,9.448699548514417,-0.7988591124471346,-4.773961150825372,-2.1491880857148886,-0.458308,0.281251,0.153354,0.525976,0.553648,-0.63194,0.132195,-0.506356,0.299373,-0.117684,0.798092,0.158037,-0.555193,0.172724,25.12882304740545,2.134928547636838,2.7412046086967328,9.227690591563396,-2.3585473844828666,1.5657565043641668,6.6895905524044,6.483509453007727,-0.727723,0.322808,-0.232679,-0.0322658,-0.142871,-0.253688,0.956133
12.190105199813843,13.209920342762759,7.2992642730790465,10.771369388527832,-0.927853251589776,-5.180663125470926,-1.6986228840925803,-0.459134,0.281144,0.153538,0.529274,0.552924,-0.629926,0.131673,-0.509878,0.299145,-0.117152,0.803408,0.156373,-0.5485,0.170968,24.960050816221695,1.6015349358972335,3.0148844204262666,7.873631921294997,-2.329368588076015,2.019009367916432,7.705209756212505,6.897761382088289,-0.732771,0.323376,-0.229239,-0.0292764,-0.137404,-0.253376,0.957112
12.259594440460205,14.49685865500309,6.640406424045184,11.704994874431238,-1.0238561526185392,-5.523243557592106,-1.8505526039664768,-0.45994,0.281208,0.153658,0.533597,0.553811,-0.626051,0.128951,-0.5137,0.298358,-0.116875,0.807705,0.154393,-0.543281,0.169179,24.998282679482372,1.5977658734248372,3.406369445900843,7.528007827323734,-2.5599570232719415,1.7888061660409065,7.415016969957484,7.0537797180342805,-0.737612,0.323899,-0.226023,-0.0218886,-0.128438,-0.252492,0.958787
12.347696304321289,12.149498316785861,8.73666229699473,9.146215521287994,-1.169619364140277,-4.980383658166921,-1.2174363436733124,-0.460549,0.281081,0.153837,0.535024,0.55168,-0.627214,0.126494,-0.516868,0.299422,-0.116253,0.808972,0.156478,-0.541161,0.167999,24.889957154843497,1.4166824456957308,2.937514068657743,7.406357957170517,-1.3672563816376098,1.4748430326645448,8.397533059187548,7.741762234550262,-0.742269,0.324199,-0.222702,-0.0237154,-0.122789,-0.254347,0.958993
12.417744398117065,11.567043436832199,8.800109256503776,7.0017796172497295,-1.3818728921247887,-4.528778109926346,-1.2593583024169368,-0.460537,0.281125,0.153888,0.534087,0.552236,-0.627472,0.126747,-0.516034,0.299109,-0.116387,0.807654,0.155869,-0.542249,0.171363,25.27462282937317,1.501211347619983,2.7913731803077155,7.590059978156637,-1.6413084492576395,1.7504126970972926,8.300023791543886,7.431762303919943,-0.741029,0.323268,-0.224035,-0.0269517,-0.127437,-0.25499,0.95813
12.487686395645142,12.963101046413975,5.551112559510706,3.9346598369622305,-1.548731531178192,-3.9328485585580255,-2.190989572829351,-0.459888,0.281352,0.153905,0.53093,0.554942,-0.627194,0.129542,-0.511368,0.297824,-0.116824,0.80371,0.151747,-0.54883,0.172653,25.597220116838137,2.0817241274853924,3.4601108583618814,7.847343084980796,-2.4263508371069786,1.9010331740443895,7.799270647092928,6.838165402126947,-0.733965,0.322094,-0.229167,-0.0274993,-0.13744,-0.24914,0.958271
12.55679726600647,13.892828162953535,2.3289186353348503,4.552839544013717,-1.3065053820844124,-3.933791724175051,-3.0921210366287366,-0.458632,0.281413,0.153538,0.525031,0.554796,-0.631538,0.133057,-0.504344,0.297872,-0.117878,0.796301,0.151818,-0.558023,0.177388,25.968657595672635,2.482660947013993,3.080680308425504,8.879445527231962,-3.2901332557930054,2.1471315009398424,6.3098416149953565,5.791320188281526,-0.723887,0.321316,-0.236095,-0.0333708,-0.150179,-0.246626,0.956822
12.62631630897522,12.71311795756694,1.6291789689370015,4.972946963530401,-1.0715231226103983,-3.9146173015704973,-3.282586952862355,-0.457509,0.281665,0.153307,0.519243,0.556054,-0.634539,0.136202,-0.4989,0.298558,-0.11858,0.789389,0.15188,-0.567103,0.179421,26.15325020038881,2.980226695297289,3.083921154354102,9.251730737961001,-3.054523464178219,1.7658306487639344,6.153971433811249,6.042134626754369,-0.716354,0.32051,-0.241083,-0.0405634,-0.160534,-0.253433,0.953077
12.69572639465332,13.917723840540265,0.5387389357645093,6.78495967856467,-0.9451139913004326,-4.192536838302344,-3.4162581835012102,-0.457377,0.281646,0.153226,0.519326,0.556417,-0.633993,0.136943,-0.499003,0.297924,-0.118803,0.791798,0.149523,-0.564697,0.178371,26.161416725016643,2.6358596601033244,3.492676484913523,8.702453025704056,-3.058493327638221,2.140161269852733,6.658350622739143,5.936971776930281,-0.716707,0.320822,-0.240449,-0.0335811,-0.161139,-0.243489,0.955834
12.766002178192139,13.84728914616272,1.7980420884210355,7.784318171878026,-0.8971475073859375,-4.478747275961474,-3.0295200948072796,-0.457816,0.281355,0.153269,0.523929,0.55418,-0.632686,0.134504,-0.50203,0.29793,-0.118503,0.795056,0.151283,-0.560449,0.175774,25.754398337381893,2.5661376694309714,3.214346695264161,8.799941736292107,-3.4668597113390653,1.788769293398314,6.3288803865656895,5.997180875413816,-0.720995,0.322032,-0.237503,-0.0317597,-0.150706,-0.244448,0.957353
12.83819842338562,14.74742372550946,3.119638589805053,9.276084473234377,-0.47519738540501366,-4.104809249327393,-2.385073280855254,-0.458486,0.281219,0.15332,0.52616,0.554069,-0.631301,0.132749,-0.506216,0.29851,-0.117966,0.799079,0.153208,-0.555362,0.171968,25.339843712654382,2.173688089818045,3.316411050065291,8.29216233872627,-2.3223278203229416,1.603425081366133,7.512656121087979,6.866679166627476,-0.727603,0.322693,-0.233095,-0.0326752,-0.143195,-0.251064,0.956763
12.907801389694214,14.51254070721356,4.607331845106801,8.519427619537234,-0.3613965036877718,-3.6533330960989314,-1.721657284011765,-0.458955,0.281137,0.153543,0.528997,0.554967,-0.628497,0.131013,-0.510185,0.298295,-0.117586,0.804638,0.15376,-0.547476,0.170837,25.253711762957906,1.5762149033805741,3.500157805014477,7.787188021859659,-2.1297471043174028,1.8474296583674104,7.856827189831286,6.98182582550473,-0.733306,0.321909,-0.229415,-0.0294785,-0.133819,-0.251293,0.958162
12.977604150772095,15.603266970867303,3.1188186156438205,7.177375163527346,-0.40397703910543153,-3.4593517524078865,-2.0857760882248524,-0.459526,0.281001,0.153562,0.530671,0.553399,-0.628764,0.129587,-0.512217,0.296052,-0.118306,0.806824,0.147773,-0.544758,0.174463,26.032663263197012,1.378991465932974,3.5050306807971223,7.836200991756979,-1.567562545601806,1.7724746165417784,8.123291975361797,7.127691556725895,-0.736035,0.318448,-0.228953,-0.0256478,-0.131192,-0.24124,0.961215
13.04720687866211,14.348762310425991,4.631892670295775,4.450276915233374,-0.8432987690145062,-3.39658807994859,-2.0112671601063288,-0.459542,0.281002,0.153693,0.530985,0.553297,-0.628528,0.129882,-0.511085,0.293565,-0.119054,0.805148,0.141491,-0.546641,0.181386,27.04699053031234,1.720825859687035,3.500234489388931,8.07845408295935,-2.0039898248061494,1.7254034811839887,7.339800709787471,6.7565280510458825,-0.733752,0.313504,-0.232241,-0.0320941,-0.132928,-0.232274,0.96299
13.117466688156128,16.083255259661822,2.8526882656173944,3.4108594143806656,-1.005229743080416,-3.062968837998361,-2.7388060000576044,-0.458962,0.28139,0.153694,0.526878,0.556936,-0.628078,0.133191,-0.50574,0.292626,-0.11966,0.795963,0.139685,-0.557245,0.190811,27.969192608552806,2.8760047916425915,3.4261876368764996,8.713202254599157,-2.7455195996501676,1.3385114357320163,6.295740914301045,6.542736185313461,-0.72534,0.309723,-0.238926,-0.0381354,-0.146592,-0.227593,0.961903
13.187708377838135,17.654344983321174,1.7801060156796145,3.3814449484848224,-1.0318424589900914,-2.4181874910801517,-3.2944003390493184,-0.458141,0.281633,0.153529,0.522453,0.557151,-0.630941,0.136157,-0.500252,0.293643,-0.120098,0.789085,0.143306,-0.563348,0.198611,28.350267842431002,3.173124605761707,2.5469677756758227,9.682244976440618,-4.281842978565688,1.8950112652500017,4.302333255927893,5.241255067619584,-0.717124,0.307101,-0.24489,-0.0508896,-0.158613,-0.233853,0.957896
13.258082151412964,17.39155100989566,1.5148716289470816,5.048473403733508,-0.5891359388033547,-2.417056633648159,-3.3511083403916473,-0.457568,0.281906,0.153401,0.517402,0.556297,-0.635453,0.137944,-0.496929,0.29356,-0.120884,0.784979,0.142421,-0.566205,0.207213,29.256747980115474,2.9090147536629565,1.7995824629502692,10.459840218517352,-4.018145387647554,2.6462527449451336,3.691911504727708,4.549692819380141,-0.712274,0.304465,-0.248874,-0.0593857,-0.165069,-0.22935,0.957405
13.34607481956482,16.12241077505109,2.749929569231133,5.738032196304646,-0.5711484838589597,-2.8645627194634606,-2.858152507842387,-0.457305,0.281724,0.153539,0.517878,0.557453,-0.633497,0.140466,-0.497854,0.291362,-0.121499,0.786043,0.137063,-0.565805,0.207883,29.4461105134266,2.89091626087601,2.5239087287095376,9.314325353156393,-2.4494243937190916,1.7497279671988792,5.321650783022227,6.277855578313255,-0.713478,0.300634,-0.248881,-0.0595871,-0.159885,-0.224014,0.959533
13.416205406188965,16.633278932606455,4.687091355525858,6.494478291678322,-0.5970433783089786,-3.1952966493811843,-2.3002075160702846,-0.457858,0.281264,0.153426,0.524004,0.555267,-0.631609,0.134791,-0.501867,0.288811,-0.121961,0.793566,0.130568,-0.556825,0.207729,30.112622030949773,2.4739995008792697,2.6885501936382,9.436357821320525,-3.4821560507249956,2.2144204426538963,4.475392358539511,5.26628292655548,-0.719979,0.297704,-0.24537,-0.052833,-0.152772,-0.219722,0.962077
13.48589038848877,15.081628646607466,8.052013093143234,6.162304985813244,-0.6559424132166227,-3.1526026293691984,-1.2496066734323632,-0.458517,0.281097,0.153507,0.527005,0.554391,-0.630375,0.132452,-0.506448,0.288347,-0.121692,0.796791,0.132647,-0.552044,0.206822,29.952648381054278,2.2356501126537465,2.4277506630857806,9.901245878138035,-2.201878958998442,1.693715147182143,4.682311002580707,6.148795254145456,-0.726677,0.296913,-0.241326,-0.05287,-0.142295,-0.215718,0.964584
13.555891990661621,14.89370398857797,9.608174313219667,5.877266679061157,-0.8061120499438822,-3.247127166862899,-0.868215036765409,-0.459122,0.280951,0.153598,0.53068,0.553976,-0.62789,0.131319,-0.510225,0.287194,-0.121711,0.80238,0.129476,-0.545222,0.20532,29.96121588329418,1.763172712551551,2.8288451769599536,8.895228646295068,-1.9372150685417502,1.6813151237574147,5.878370362242704,6.419671218260785,-0.732325,0.295604,-0.23801,-0.0506736,-0.136391,-0.214299,0.96587
13.625343084335327,15.452904672273489,10.11020004227584,4.727848159077673,-1.0027695254809694,-3.28889970613343,-0.8137664381654036,-0.459753,0.28085,0.153579,0.534952,0.553286,-0.625155,0.129928,-0.513451,0.285093,-0.121832,0.806037,0.124394,-0.540446,0.206756,30.345781925423818,1.6935357198846779,3.1176094174393416,8.273651919723374,-1.8812823189330476,1.5365647228834973,6.219098121965999,6.490105314194331,-0.736582,0.293342,-0.235879,-0.0438374,-0.131139,-0.209375,0.96801
13.69549298286438,13.521825657967828,9.474435391288157,3.6716391436018454,-0.9771891452908629,-3.0848737050315975,-0.9077009465253081,-0.459889,0.280812,0.153597,0.533682,0.555692,-0.624424,0.128387,-0.513194,0.284856,-0.122008,0.804761,0.124211,-0.541531,0.208984,30.8344773122968,1.897511068154912,3.178496468143571,8.849245538045597,-2.0662284989566455,1.5260598003352612,5.585596877543616,6.204304667931057,-0.736047,0.292165,-0.236721,-0.0500601,-0.130728,-0.205733,0.968544
13.765511274337769,13.599170690430203,8.292088597096745,1.9038258759777416,-0.9873353312726276,-2.474410834319094,-1.4566642245141614,-0.459542,0.280925,0.153542,0.531156,0.555738,-0.626014,0.1309,-0.510577,0.28535,-0.12201,0.798727,0.128931,-0.545527,0.21866,31.266497156467494,2.2181155750371016,2.0490755854437976,9.750284065957043,-2.495315689728903,1.9290485998012095,4.229302864656907,5.919343310502756,-0.731882,0.288385,-0.240214,-0.0602558,-0.138028,-0.210785,0.965861
13.834964275360107,13.871521233916827,6.865339628409831,2.139989329337924,-0.7861176459836675,-2.1547798001555662,-2.0101919513807713,-0.458783,0.281144,0.153509,0.525276,0.556796,-0.629219,0.134706,-0.504597,0.2861,-0.122562,0.787301,0.133018,-0.556143,0.230582,31.975456563659943,3.0884862604897223,0.8905723188570276,11.066332340554311,-3.04208465348076,1.7135655407443693,1.9319951984248294,5.95639119518154,-0.722347,0.282837,-0.247395,-0.0768456,-0.148455,-0.211618,0.96295
13.904755353927612,13.650654134290038,5.76012717701615,2.8296309778114512,-0.6589665088006768,-2.6367188353569935,-2.4776840434414895,-0.457941,0.281371,0.153209,0.520572,0.555916,-0.632875,0.139399,-0.498337,0.284737,-0.123956,0.780548,0.125664,-0.563741,0.23906,32.98919856439408,3.4554743510379398,0.827204435633651,10.5911103169373,-3.5393323526254985,1.8491901339828587,1.884489674185636,5.817026624698427,-0.712611,0.277695,-0.254255,-0.0860677,-0.161274,-0.204089,0.961733
13.974442720413208,14.75496151013409,5.871747091240635,3.68629021957967,-0.7299162750359479,-3.0509528719631662,-2.49348617835908,-0.457387,0.281382,0.153118,0.519403,0.554902,-0.634754,0.139254,-0.496077,0.28152,-0.124907,0.779085,0.117785,-0.566359,0.241641,33.8308735845637,3.6322949143001004,1.121324230018499,11.842658439041683,-3.1474850683531663,1.4273557667307522,0.3452725797290257,6.147172591615998,-0.70921,0.273621,-0.256728,-0.0849366,-0.164263,-0.192036,0.963808
14.043696165084839,14.661652394233212,6.985491191441506,4.021876468462047,-0.8100177682601243,-3.0527273620927815,-1.9240004911053221,-0.457729,0.281131,0.153156,0.522557,0.554445,-0.633074,0.136906,-0.498641,0.279817,-0.125135,0.784144,0.112033,-0.561285,0.239846,34.1609125230248,3.3203035948101225,1.687511266338908,11.09243770185835,-3.153415646631828,1.5141095108975655,1.140669657226626,6.186488746424042,-0.713407,0.272551,-0.254396,-0.0792974,-0.160138,-0.189631,0.965457
14.11400556564331,14.37478604099551,9.0567033708272,3.0668330015421317,-0.9216321916149466,-2.7580049557694437,-1.0492989201622567,-0.458465,0.280842,0.153416,0.527241,0.554067,-0.630273,0.133352,-0.504756,0.279005,-0.124579,0.792278,0.113403,-0.551656,0.234759,33.737940051922266,2.6018755142865064,1.8961688368049874,11.288879968743537,-2.303414271381058,1.4770763044940836,1.3663560777173125,5.729828199318096,-0.723079,0.274384,-0.248004,-0.0708082,-0.147887,-0.187087,0.968563
14.183958292007446,13.603195234944856,10.718784094600759,2.7658250787617016,-0.8412913562216935,-2.7834339433274393,-0.37839924764015875,-0.459386,0.280555,0.153381,0.532234,0.55302,-0.627718,0.129867,-0.511283,0.278148,-0.12432,0.802041,0.110542,-0.540367,0.229159,33.53011429336385,1.6442819828131707,2.4354364822869545,10.135291706136458,-1.4467879174355378,1.8041089486260482,3.2245546807887013,5.383625926104342,-0.732795,0.276386,-0.242115,-0.061617,-0.133608,-0.187271,0.971227
14.254961729049683,12.253387752494225,11.261614039730027,2.1444685767061316,-0.9518659788787995,-2.785231234521792,-0.06615817921812885,-0.460662,0.280608,0.153753,0.537605,0.553267,-0.623267,0.128117,-0.515952,0.277643,-0.123481,0.806245,0.1097,-0.534708,0.228084,33.382021808261335,1.643880580759003,2.7157495088370327,9.157559721105773,-1.8132054831715294,1.6509079103107105,4.1345377676251065,5.676095771827924,-0.738805,0.27575,-0.238592,-0.0586218,-0.127102,-0.184853,0.972748
14.325386762619019,13.407879737083805,9.707944942378436,1.2301169051949556,-1.0613217430878963,-2.6534266653844973,-0.5862042469480049,-0.460761,0.28063,0.15374,0.537731,0.554509,-0.622105,0.127869,-0.516129,0.276695,-0.123634,0.806957,0.106816,-0.533098,0.23069,33.86639704967716,1.54893162272523,2.932051469798311,8.883475676716323,-2.1096765229357324,2.0131051935976423,4.446633998122774,6.049654337236914,-0.738945,0.27386,-0.238716,-0.0584773,-0.129338,-0.182373,0.97293
14.39591646194458,12.58505031490337,8.601555393852552,-0.27966436676253636,-1.1256658239517536,-2.230841730619899,-0.9293940134876851,-0.460073,0.280812,0.153596,0.534053,0.555204,-0.624193,0.130073,-0.510691,0.275983,-0.124504,0.799675,0.103635,-0.541155,0.238603,34.78526916446201,2.2626869285604427,2.671435908018421,9.3459454942064,-3.0750072789425875,2.0034367450594317,3.3120292906906528,5.921635002897357,-0.731007,0.269932,-0.244453,-0.0660286,-0.14024,-0.176356,0.972045
14.465855836868286,14.807519135754145,6.832167781378099,0.5198486744947227,-1.102158858819741,-2.211906676971739,-1.7977792582287684,-0.459202,0.281014,0.153604,0.526864,0.557162,-0.627474,0.135134,-0.503154,0.276184,-0.124889,0.787968,0.106051,-0.553585,0.247797,35.33797726321778,3.159549881349658,2.019899928081033,10.830136607234119,-3.5459620084521912,1.8754178153646563,1.2044461130918032,6.170501669588795,-0.718836,0.265589,-0.252518,-0.0839404,-0.152112,-0.178134,0.968547
14.53624415397644,14.993348118635224,6.32483137536128,1.4846357941471302,-0.9272349614739999,-2.228097347979047,-2.090822136870965,-0.458014,0.281307,0.153157,0.520379,0.55846,-0.630492,0.14074,-0.496813,0.276299,-0.125968,0.777914,0.107785,-0.563488,0.256346,35.76694263793407,3.765881318972936,1.4334771499978523,11.715601823451259,-3.2428044171001122,1.374859501414413,0.7285951155045274,6.295357261275195,-0.709504,0.261321,-0.258432,-0.0923892,-0.165834,-0.179045,0.965353
14.606730222702026,15.223978069126712,7.132345035601373,2.5630683038852977,-0.7964280214244533,-2.601780926863312,-1.9599250155079275,-0.457635,0.281253,0.153083,0.519913,0.557223,-0.631908,0.141013,-0.494952,0.274852,-0.126508,0.777691,0.102387,-0.563183,0.259882,36.44510006059037,3.647119923539606,1.4400050705123517,11.635393406976702,-3.9162422128618584,1.7902341561796469,0.7970096035856689,6.562095763278452,-0.706563,0.258785,-0.260246,-0.0955291,-0.166084,-0.171513,0.966371
14.677276134490967,14.612985104848503,8.485763510206935,1.968854350127685,-0.9659295712514169,-2.5745812955951153,-1.3947002956262344,-0.458066,0.281056,0.153234,0.523611,0.557733,-0.62886,0.138928,-0.499133,0.273043,-0.126567,0.783742,0.0989888,-0.555929,0.258636,36.625794076241434,3.157044544770149,1.927166021969139,11.047032430033328,-3.343013588569953,1.7130565625877772,0.39059455581260094,6.5952514212230975,-0.713045,0.257871,-0.256603,-0.0901727,-0.156428,-0.167803,0.969145
14.747028112411499,13.981562327411913,9.999839954941857,1.7720315197661407,-0.8282807215731647,-2.5496468986317784,-0.7363920965376988,-0.458835,0.280795,0.153375,0.526701,0.557513,-0.627243,0.135395,-0.504673,0.271711,-0.126336,0.79129,0.0966218,-0.547697,0.254072,36.59385595859821,2.4060862175602167,2.387892347879313,10.913911688183324,-1.9103018764285622,1.7306633681204886,0.8189301017281723,5.654798081270961,-0.722013,0.258699,-0.251253,-0.0840379,-0.145216,-0.162706,0.972305
14.816722869873047,13.352805937013443,11.791232620199455,1.7659904881971762,-0.821541467706758,-2.5669959251983987,-0.026829804142600312,-0.46009,0.280534,0.153462,0.535866,0.554851,-0.622748,0.131049,-0.512688,0.270967,-0.125659,0.801483,0.0955934,-0.535388,0.248688,36.08555884027124,1.8373331124103327,2.6277109069641282,9.618590469005058,-2.088684542121193,1.7088158077122877,2.462419098007048,5.6549257845837175,-0.733523,0.259517,-0.24419,-0.0753831,-0.131851,-0.161128,0.975177
14.888783693313599,12.750682683509673,11.909440770318897,1.4990591321266673,-0.8384217437852025,-2.6225380496108133,0.1330263026547261,-0.461531,0.280458,0.153791,0.538611,0.556849,-0.61948,0.126733,-0.517916,0.270464,-0.124754,0.804805,0.0961818,-0.529504,0.250326,36.53778473031861,1.6975639542226402,2.6228440258431496,9.880414136991279,-1.6744631467083249,1.8858875563153958,2.191146590572939,5.463624030269011,-0.740195,0.259094,-0.240368,-0.073865,-0.123856,-0.161417,0.976293
14.959455966949463,12.933996908098653,10.18648859637315,-0.2349537498198277,-0.9804667905775025,-2.294570157100445,-0.36802761460432637,-0.461447,0.280438,0.153857,0.538228,0.555378,-0.621186,0.126465,-0.517279,0.269663,-0.124921,0.803725,0.0934083,-0.5301,0.253563,37.055075343160055,1.732763296149134,2.370682045709681,10.072608171370044,-1.5712918338461055,1.9931606522053542,1.8152121662245122,5.455587851623283,-0.739274,0.256947,-0.241144,-0.0753354,-0.127471,-0.158404,0.976209
15.029915809631348,13.25022147526123,9.583566041323747,-0.6103047192281708,-1.0085411300471248,-2.068330908689437,-0.6890480708602013,-0.460812,0.2806,0.153559,0.532738,0.56026,-0.62075,0.13026,-0.511933,0.269233,-0.125875,0.797477,0.0921936,-0.53835,0.256337,37.376298489951985,2.253156600002924,2.955462081893206,10.387551008066694,-1.925364455459512,1.6834170842724916,1.1433593105387287,5.640334030389239,-0.731327,0.254171,-0.246658,-0.081706,-0.135037,-0.154333,0.975331
15.101083278656006,15.119656996978943,7.9217572996186,0.48617475689860595,-0.9909946953323536,-2.157735692431934,-1.51331042436737,-0.460185,0.280961,0.15365,0.527937,0.561862,-0.622491,0.134529,-0.505514,0.269791,-0.125986,0.787335,0.094482,-0.547779,0.266674,38.00238452611488,3.1085888091790377,2.214064583300374,11.261134692838136,-3.2517714545989787,1.9336573619521644,0.3633308621329477,6.853230132685178,-0.720662,0.249599,-0.253474,-0.0956929,-0.147893,-0.159192,0.971405
15.171659708023071,15.779456913531392,8.285931021372916,0.677127659792732,-0.9583560837429261,-2.119906641283632,-1.7596240968446282,-0.458963,0.281211,0.153255,0.522139,0.561323,-0.626757,0.13951,-0.498846,0.26994,-0.127045,0.77755,0.0943473,-0.55665,0.276868,38.711263819341234,3.6541172793160537,1.3712208094789684,11.81812939971935,-3.481999567056331,1.8561621168169786,1.6690663272765245,7.079432397132627,-0.710454,0.246056,-0.259739,-0.109072,-0.158604,-0.15711,0.96864
15.242426633834839,15.962461831065543,7.910021314978532,0.6217092072351159,-1.2191731338789034,-1.8907460023934217,-1.4913261667434001,-0.458856,0.281156,0.153173,0.522448,0.559359,-0.62815,0.139976,-0.498065,0.268966,-0.127369,0.776443,0.0925638,-0.556882,0.280089,39.01833209146233,3.7151251864685886,1.0203112957963496,12.17066526495586,-3.7188395520704507,1.8159024860993007,2.314637827848201,7.405884961051009,-0.710517,0.240944,-0.259406,-0.0849058,-0.178187,-0.156283,0.967789
15.312897443771362,15.066125840896792,10.208790920101821,-0.013398791314597026,-1.091082378671316,-2.244206479178453,-1.184506450250784,-0.458941,0.28094,0.153226,0.524628,0.560123,-0.626045,0.138184,-0.500957,0.267439,-0.127502,0.780744,0.0911101,-0.552601,0.277076,38.94808628946793,3.3965969313869464,1.4842017208518632,12.368424963434155,-2.8774908538373385,1.3263564041955611,2.3559551941428176,6.961829297434538,-0.714215,0.242795,-0.257666,-0.107092,-0.152624,-0.150273,0.970904
15.383834838867188,13.787441700944228,12.37723639067245,-0.4861076516347453,-1.0290480445406573,-2.138565934735254,-0.33840034068459335,-0.459564,0.280539,0.153227,0.528657,0.557972,-0.625325,0.134751,-0.50715,0.266971,-0.127532,0.789578,0.0918441,-0.541531,0.273634,38.712565300697314,2.34345300446575,1.3316716044167256,12.004024196727519,-1.8931069145816561,1.5811546395889877,1.7179376845836822,6.29460942749348,-0.724236,0.243781,-0.251346,-0.0994751,-0.139356,-0.15005,0.97374
15.454103231430054,12.88741365789625,13.49575057732196,-0.03357131339391014,-0.9749717364167032,-2.1763274649647064,0.28823986583193517,-0.460761,0.280317,0.153434,0.534773,0.555796,-0.622571,0.132342,-0.514144,0.266925,-0.126494,0.797578,0.0931803,-0.532444,0.267751,37.97795029530428,1.7533797803064282,1.4670271933133403,10.993094651906834,-0.9649536617151497,1.6408770373505952,0.8125354955555917,5.165978662834595,-0.734312,0.245935,-0.245208,-0.0892418,-0.128705,-0.150598,0.97611
15.525318622589111,12.273159256255749,13.407129894298869,-0.7599819510892873,-1.0201711884336513,-2.073795619178261,0.33903197165920196,-0.461674,0.280368,0.153745,0.538376,0.55832,-0.617999,0.12848,-0.51841,0.267211,-0.125463,0.801406,0.0954246,-0.52796,0.264388,37.76062388638596,1.8009122876373125,1.8598085287911585,11.071348360355051,-1.157370372011023,1.498437354264663,0.6459793822883444,5.320626608166336,-0.740116,0.247486,-0.241319,-0.0888487,-0.123508,-0.15207,0.976589
15.595632076263428,12.004555909885138,11.880268380619372,-1.3397591885846907,-1.022118099116288,-1.9079598126276713,-0.12540125715987727,-0.461547,0.280459,0.153773,0.537167,0.557675,-0.619646,0.128407,-0.516642,0.267358,-0.125793,0.798657,0.0947465,-0.530658,0.267531,38.15429555987942,2.0648814207845714,1.5355386484257734,11.397050358350478,-1.63806334851885,1.4612923934836424,0.8629398707285442,5.763739045241672,-0.737479,0.246277,-0.243328,-0.0941179,-0.125252,-0.150856,0.976062
15.6664719581604,12.716060878735412,11.043440724302625,-1.1775189975576177,-1.0592456918929176,-1.8720340204072337,-0.6028303465728456,-0.461132,0.280702,0.153717,0.532112,0.560952,-0.619765,0.134469,-0.511407,0.267249,-0.126289,0.7903,0.0955698,-0.537892,0.277424,38.70127418543593,2.566336991756651,1.262107800669174,11.266282887483209,-2.1652894363787496,1.716855725413172,1.0067945196592987,6.053705893168118,-0.728796,0.241401,-0.249319,-0.107262,-0.135452,-0.147444,0.973862
15.737481355667114,15.3866439978179,10.918154789190085,-1.3927554039025989,-1.2329352278308974,-1.6275213916970364,-1.415517266775375,-0.460313,0.281164,0.153508,0.525321,0.563914,-0.622081,0.13804,-0.504456,0.267031,-0.126911,0.778564,0.0959958,-0.546665,0.292883,40.123275365553084,3.3326831793703144,0.35011053400675696,12.773506516564796,-3.1101136952809973,2.204819309705986,3.390236789715717,7.567458433043598,-0.717367,0.234012,-0.25652,-0.125313,-0.149471,-0.155686,0.968358
15.808112382888794,16.07125915338876,11.045221024448006,-0.3353557487355812,-1.2617023122848021,-1.7894521930843181,-1.5501845843360365,-0.459605,0.281267,0.153315,0.520598,0.563136,-0.625485,0.143613,-0.499899,0.266142,-0.12776,0.771593,0.0922914,-0.552724,0.301037,40.77503593580471,3.5488774106311047,-0.010616891247397842,12.341106289630098,-2.3351701111753744,2.1635231883700783,3.4673335022336924,6.723995153624493,-0.709823,0.229436,-0.260767,-0.129284,-0.159794,-0.149797,0.967116
15.879711627960205,15.030335052644062,11.758554094745962,-0.9303568761996548,-1.1870186365819133,-1.9484594455523474,-1.245727220493174,-0.459157,0.281129,0.153158,0.521305,0.563568,-0.624972,0.141568,-0.499058,0.264496,-0.12828,0.770994,0.0901688,-0.553125,0.302475,41.235435789990085,3.821247204190642,0.0642316033837127,13.553299491802868,-2.907849532916643,1.5501723487591157,5.009370368932444,7.911722331480388,-0.709014,0.226919,-0.261031,-0.132486,-0.156793,-0.143847,0.968076
15.949872970581055,14.669797113011684,12.562362886301367,-1.9577820928163177,-1.3397621770348014,-1.616984540036126,-0.48088323123639914,-0.459222,0.28093,0.153189,0.523497,0.563528,-0.623734,0.13908,-0.502572,0.263445,-0.128326,0.777658,0.0892691,-0.544235,0.301807,41.420659792814185,2.92860155526514,0.10644577297433555,13.546304572124255,-2.5798694972693124,2.143139267416494,4.752644972828483,8.06963217927245,-0.715321,0.224442,-0.256756,-0.108043,-0.161481,-0.141879,0.970629
16.020385026931763,12.288182392262177,13.574497450605065,-2.426304384576362,-1.0736742383350146,-1.6623735188115332,0.14056370753136246,-0.460003,0.280322,0.153347,0.532397,0.557827,-0.622661,0.132949,-0.510561,0.26149,-0.128068,0.790949,0.0836332,-0.530821,0.292634,41.067467991247185,1.9402003821803695,0.5226644292979712,12.449188375723153,-2.107694877444084,2.0819641153096136,3.3566032172798654,7.2580867102381195,-0.727845,0.228534,-0.249788,-0.110603,-0.132068,-0.12926,0.976533
16.091136932373047,11.785206248184949,14.415652319538866,-2.648596242071616,-1.0213838853651207,-1.6455716544650763,0.5630466045961876,-0.461613,0.280255,0.153739,0.538289,0.558879,-0.617296,0.129791,-0.517319,0.260793,-0.126846,0.797146,0.0826698,-0.523048,0.290077,40.93957992474522,1.7231129716876952,1.0490936872103003,11.250033682038865,-1.7267510060556752,2.1130914348934446,1.99862408786801,6.39430708704549,-0.737433,0.229227,-0.243851,-0.105006,-0.125713,-0.130899,0.977771
16.16341233253479,10.88124216979616,13.931965646492205,-5.1269814074961095,-1.2810407887633932,-1.2251242485065093,0.44906617869441073,-0.462008,0.280299,0.153945,0.539871,0.559418,-0.615951,0.127259,-0.519757,0.260574,-0.126579,0.7979,0.0833242,-0.521999,0.289708,41.04201791693421,1.9058491077944497,1.0618878723411864,11.617738716752228,-1.0916739096372403,1.3833337983957108,2.3222016429469727,6.024044888256313,-0.740519,0.228596,-0.242149,-0.110771,-0.118235,-0.12923,0.978289
16.234503746032715,14.548586346196757,12.761407537948253,-5.973892999046332,-1.6841323303549123,-1.0923146037341078,-0.4405470266229306,-0.461556,0.280578,0.153921,0.535361,0.561204,-0.617605,0.130398,-0.514501,0.259888,-0.127147,0.792172,0.0808496,-0.526949,0.297072,41.84264021301654,2.1299675964909865,0.9175172342650306,12.23336322760128,-2.1830076042432225,1.986762387408163,3.254166680155551,7.373590211746862,-0.732781,0.223946,-0.246505,-0.107491,-0.136759,-0.12693,0.97654
16.305323362350464,15.097444492609812,11.378335606620466,-1.6556016816186727,-1.0891188980248632,-1.7063210143488703,-1.1858637048518255,-0.460781,0.280926,0.153661,0.529466,0.56373,-0.619287,0.135491,-0.506449,0.261987,-0.12736,0.777179,0.0891665,-0.541731,0.307523,41.996072358501564,3.7069689259108083,-0.18926306557742478,13.953229551453223,-3.749007202296321,1.6224967053199855,5.764222938007052,7.90886324701366,-0.718829,0.2217,-0.255532,-0.133632,-0.144346,-0.140077,0.970405
16.389533042907715,13.393918196719348,12.005198719246483,-3.563714348905156,-1.27165671607515,-1.4044809818253654,-1.1061589749600353,-0.459219,0.281603,0.153385,0.518993,0.565491,-0.62467,0.143713,-0.497955,0.263638,-0.12872,0.763078,0.0913241,-0.555076,0.318216,42.515586613994735,4.346198681169817,-1.000299582786401,14.263858547438463,-2.5289353003358244,1.0204734690493567,7.023104707639583,8.137892186730323,-0.705533,0.218242,-0.263521,-0.15428,-0.150825,-0.119416,0.969118
16.460879802703857,16.252051623298588,12.95709090451942,-4.8648480676438295,-1.6613986427567042,-1.3565978772423821,-1.2907609970456968,-0.458777,0.281442,0.15342,0.519439,0.565465,-0.624548,0.14273,-0.497543,0.26025,-0.129008,0.764959,0.0821914,-0.550491,0.324102,43.81771549904456,3.922793204678425,-0.751981731804849,14.278346520036601,-2.6604831026165368,1.6396573199104019,7.098114223569142,8.065683882989202,-0.705448,0.213216,-0.262381,-0.147803,-0.161441,-0.119324,0.968428
16.53134322166443,14.90654123527428,13.345519921474942,-4.287924679023972,-1.401689886450581,-1.4301877133791197,-0.7507098272595989,-0.458946,0.281189,0.153422,0.522832,0.564749,-0.622912,0.140308,-0.500357,0.2588,-0.128979,0.769827,0.080543,-0.545545,0.321339,43.758285921347344,3.6228722747764253,-0.47691891142206444,14.421960292957952,-2.580765331429312,1.4585213983868464,7.065454111581963,7.9480002564366705,-0.709665,0.212864,-0.259716,-0.143644,-0.151501,-0.122772,0.970227
16.60275363922119,12.617852757337202,12.994558117790852,-4.204031147733568,-1.1018821361780642,-1.2604690708202448,-0.10249619428219092,-0.45904,0.280865,0.1534,0.526181,0.562904,-0.622298,0.137906,-0.506424,0.258567,-0.129157,0.779767,0.0827855,-0.532392,0.318857,43.47789879251738,2.2078164978131087,-0.8245086054732855,13.863647084613852,-1.4932213326360735,2.0887484562658862,5.24686122110046,8.137524632891655,-0.720228,0.213691,-0.253336,-0.134315,-0.138204,-0.119528,0.973947
16.673604249954224,12.033100827730014,14.843933802582933,-3.41884765795714,-0.9058935874119534,-1.592031586388214,0.46807969438345526,-0.460248,0.280388,0.153652,0.535974,0.559554,-0.618289,0.131719,-0.512843,0.25552,-0.128435,0.789584,0.0719065,-0.524882,0.309653,43.44980982756646,2.1649270445695032,0.5223811424380234,12.219622596006818,-1.8187274485670386,1.4938564539966173,4.121309173172227,7.383166232299272,-0.729898,0.214913,-0.24811,-0.126106,-0.125649,-0.1145,0.977343
16.745084047317505,12.162763060915,14.847062668618966,-5.166159809204756,-1.2554010145329237,-1.4055915880637624,0.5970948392655769,-0.461293,0.280286,0.153903,0.539677,0.559862,-0.615355,0.128996,-0.517285,0.25398,-0.127906,0.793543,0.0685871,-0.518553,0.310948,43.90831782587054,1.9181651346116246,0.7719534963950521,11.593948290853033,-1.53981493766668,1.531729558144061,3.5638492399631776,6.994045007646935,-0.736053,0.212946,-0.244643,-0.121148,-0.120809,-0.106324,0.979502
16.815770149230957,12.875909629247726,15.174398883416535,-6.051200680097495,-1.4513414643112086,-1.035095833661988,0.3794670208263868,-0.461798,0.280395,0.154048,0.536939,0.561633,-0.61597,0.129791,-0.515537,0.25342,-0.12757,0.79095,0.0662477,-0.52257,0.311335,44.19261667153,2.1120036497785075,1.1382835088520666,12.186732431702639,-1.356424813897462,1.735673917559204,4.102508169979531,7.493570767488732,-0.733039,0.211571,-0.24646,-0.123844,-0.126159,-0.105572,0.978571
16.887850522994995,14.8566237315349,13.008467092236604,-3.5949897490662583,-1.3750028315385248,-1.2346905292676942,-0.5252024557033366,-0.460749,0.280727,0.15374,0.530943,0.564714,-0.61743,0.134082,-0.507999,0.25523,-0.128215,0.78121,0.0703187,-0.532625,0.317925,44.42770571517735,2.893305161065948,0.6987533306822007,12.957846766341289,-2.9986154825213625,2.042779012797741,5.163042800079631,7.907911096595478,-0.721378,0.210435,-0.253284,-0.1349,-0.143313,-0.108719,0.974394
16.959298849105835,14.732456125423125,12.61119159490449,-3.127770735954441,-1.3811281626314245,-1.3695858855359084,-0.9739681689918951,-0.459972,0.281304,0.153726,0.522799,0.566719,-0.620781,0.141918,-0.500483,0.258148,-0.128573,0.766443,0.0791218,-0.545856,0.329161,44.45453021762608,3.9294860288126703,-0.6029365081024216,13.796695137369996,-3.123282801172886,1.783031466145978,6.807763631044337,7.8972397135397285,-0.707992,0.207766,-0.260862,-0.157696,-0.15678,-0.110364,0.968696
17.03005027770996,17.694467228330378,14.35000111284729,-2.914363228515621,-1.4665474394514781,-1.7509193633836246,-1.4305590304027977,-0.458751,0.281477,0.15337,0.517243,0.566415,-0.6247,0.146232,-0.493798,0.257573,-0.129658,0.757498,0.0764615,-0.553709,0.33728,45.19631549074912,4.434689668440431,-1.0884986724000103,14.497978083058639,-3.4015848913276976,1.438901715070788,6.208501184234782,7.477563689123952,-0.698432,0.204361,-0.266664,-0.166387,-0.160909,-0.0985943,0.967834
17.100459814071655,17.187103410808753,14.883375751824767,-2.461352926290932,-1.5262419886853744,-1.6457527471975715,-1.0754645042237811,-0.458252,0.281404,0.153302,0.516932,0.56692,-0.624071,0.148046,-0.493103,0.256369,-0.129776,0.758432,0.0741586,-0.551433,0.339416,45.41949286929629,4.069482685089012,-0.951960970096692,14.170621420547457,-3.3391295280664757,1.9234944719909066,6.356299784323363,7.359169693274339,-0.697375,0.203073,-0.266884,-0.163679,-0.161041,-0.0948256,0.96865
17.171234369277954,14.579734253825913,14.77696409231269,-2.55658454507511,-1.3127223168635078,-1.5364854551642413,-0.5115061075638623,-0.458364,0.281093,0.153213,0.520102,0.564875,-0.624084,0.144671,-0.496277,0.255097,-0.129883,0.762504,0.0739955,-0.547155,0.337246,45.37908544830052,3.877366229701509,-1.0960269618308498,14.944091498025195,-2.7686894643964024,1.4702272595548642,5.747800989723036,7.374663429868244,-0.703102,0.202446,-0.263856,-0.163769,-0.154544,-0.0950304,0.969673
17.24198889732361,13.216260784805813,15.173350851044654,-3.284438110134955,-1.082752494554769,-1.3657250362704596,0.048574912179194525,-0.458496,0.280806,0.153306,0.522878,0.564639,-0.622528,0.14227,-0.500383,0.253154,-0.129933,0.770553,0.0693786,-0.538099,0.33449,45.60874384096189,2.8972405664408103,-0.5860010140691037,14.219854679108856,-1.8701733486781738,1.8535481258187332,6.432882750813901,7.814628966732412,-0.709522,0.201705,-0.258821,-0.155915,-0.147814,-0.0907817,0.97242
17.31285548210144,12.575094229044762,16.704279956350074,-4.219247634416135,-1.1850415925797788,-1.3593947309297005,0.7171181179446946,-0.459503,0.280224,0.15354,0.532908,0.559951,-0.619867,0.135012,-0.507602,0.249172,-0.129594,0.781958,0.0570167,-0.526587,0.32863,46.10076925144776,2.428575736537017,0.3557698275621046,12.774578813247015,-2.114398582877598,1.511080086398092,5.864291393980503,8.278224383994269,-0.721131,0.199156,-0.252409,-0.141328,-0.13396,-0.0926728,0.97647
17.384357929229736,14.816385634372963,17.434304987170265,-4.443241660980892,-1.4382586840164873,-1.5381709967189396,0.7272989582711243,-0.461496,0.280222,0.154007,0.537656,0.561994,-0.61473,0.131134,-0.514266,0.246666,-0.12841,0.787622,0.0511001,-0.518685,0.328643,46.72082307075691,2.0960357207951565,1.189255487600712,11.954752196951354,-1.3316686779887945,1.574337522388813,4.95189684372892,8.099134915329545,-0.730011,0.197074,-0.247476,-0.133832,-0.127289,-0.0849316,0.979119
17.45584011077881,14.210473249658383,15.180592027562268,-3.355291837971154,-1.2248064439645794,-1.5218061085698023,0.2989984672058823,-0.46191,0.280412,0.154207,0.53582,0.563203,-0.615377,0.130426,-0.514361,0.246924,-0.127999,0.786649,0.0512698,-0.519081,0.330319,47.06657505401484,2.038307330536624,1.09030965130271,12.500114045917972,-0.9226629704875542,1.9021348886020917,5.287089307525076,8.453828625487887,-0.729579,0.196889,-0.247877,-0.135058,-0.127324,-0.0848277,0.978955
17.527179718017578,13.586067733469005,14.744514694694937,-3.4490162655918764,-1.4637291675238657,-1.450998645963914,-0.041935224137312765,-0.461404,0.280678,0.154018,0.53298,0.564708,-0.615645,0.134231,-0.509001,0.248512,-0.128372,0.778605,0.0548236,-0.527819,0.334925,46.998871710777706,2.9551325064411285,0.7665297160312532,12.618188397156638,-2.463615673687558,1.8575542328680505,5.978823861351405,7.889092364108184,-0.72108,0.195735,-0.251991,-0.149929,-0.147165,-0.087747,0.973737
17.59840416908264,16.194845017249495,15.750696515932386,-4.489074052938362,-1.8421376695979652,-1.5725054071058184,-0.5287155454940893,-0.460953,0.281099,0.154151,0.52656,0.566799,-0.618563,0.137307,-0.502878,0.249817,-0.128336,0.767721,0.0578961,-0.538074,0.343116,47.57669592141938,3.8356142432252613,0.06349611415495104,14.105575747829501,-2.886474012582344,1.7986104901744255,6.07872648542213,6.974741046601498,-0.710971,0.193619,-0.259014,-0.164102,-0.147574,-0.0776253,0.972248
17.66959857940674,17.013810920397194,14.983680530542534,0.8996044131247276,-1.2750014350509182,-2.2588462740856126,-0.977083288876178,-0.460009,0.281513,0.153854,0.520086,0.568741,-0.620799,0.143712,-0.495724,0.251875,-0.129134,0.756028,0.0649651,-0.547657,0.352523,47.619886488720624,4.604808549097217,-0.9746047750035021,15.167570714967077,-3.9559997328294436,1.576669674910125,4.653263832316318,6.218622674565417,-0.698034,0.191126,-0.264828,-0.168953,-0.165745,-0.0880219,0.967593
17.740935564041138,-13.69810416440993,10.511688377389147,-12.342077468952997,-1.3041725161042752,0.6863834322108868,6.060704603672055,-0.459471,0.281648,0.153652,0.519018,0.568156,-0.621565,0.146548,-0.493825,0.252087,-0.129684,0.754586,0.0641892,-0.547062,0.356655,47.81133559952983,4.428245228091951,-1.2779987133444748,14.385473950427864,-4.476759411770313,2.066271538927456,4.979749859456912,6.151008335697446,-0.772908,0.151258,-0.349345,0.530276,0.806435,-0.126065,0.229297
17.81187081336975,14.365428529292636,14.293375798584394,-2.009952615841355,-1.551014394964351,-1.5337152713695203,-0.5963178374009015,-0.459152,0.281351,0.153706,0.520476,0.568215,-0.620633,0.145092,-0.495541,0.249748,-0.129669,0.758225,0.059829,-0.543738,0.354775,48.05149203138185,4.069220402208628,-0.7726237818704131,14.476646197346156,-3.4000591081047613,1.7910453212048019,5.153729167831008,6.586797172709312,-0.698703,0.187035,-0.262529,-0.16666,-0.17673,-0.094322,0.96545
17.883264541625977,10.59298151246921,14.552237314599802,-4.586396615225782,-1.1213793871185338,-1.4432493257252714,0.21396450315509638,-0.459319,0.280927,0.153598,0.525846,0.565826,-0.61902,0.141923,-0.500451,0.246855,-0.12994,0.765395,0.0554645,-0.533183,0.356104,48.52541261951285,3.3785783786443035,-0.8303600032654002,14.066286562253397,-2.9960876521744346,1.850203860943946,5.329587797556666,6.79491510704455,-0.7074,0.184706,-0.259872,-0.177053,-0.133194,-0.0854486,0.971396
17.955968141555786,-8.130299991649364,14.806261111988276,-13.54094022545739,-2.416063523876163,1.7128717215777596,6.706080833862378,-0.459856,0.280373,0.153594,0.532254,0.563112,-0.617436,0.135586,-0.507292,0.241073,-0.130122,0.776802,0.0389335,-0.519643,0.353602,49.79831863183559,2.2520364691472574,0.28695018646468373,12.828130315167696,-1.5285294428683205,1.6008513083415288,6.626150884501412,7.784430423135486,-0.800438,0.141829,-0.329102,0.575938,0.776519,-0.156934,0.201704
18.027121782302856,12.731545665287705,16.562844872856495,-6.144015372733508,-1.4067995755283726,-1.40887114508974,0.9056478937834364,-0.461331,0.280258,0.153981,0.538965,0.561929,-0.613788,0.130452,-0.513634,0.238799,-0.129399,0.783835,0.0331742,-0.511744,0.350172,50.04233327895785,2.011922218487358,0.9833738055148968,12.080263613827725,-1.5065591000993717,1.0962540493049566,6.700543719424432,8.172798379059179,-0.727215,0.178107,-0.246947,-0.148553,-0.12454,-0.0523619,0.979633
18.098863124847412,10.480333989390719,15.698300980868924,-4.777035175971746,-1.2800703032126821,-1.2698895682448075,0.9238278972522006,-0.461774,0.280314,0.153986,0.538171,0.562394,-0.613575,0.132705,-0.513522,0.23971,-0.129145,0.781555,0.0363115,-0.513665,0.352138,49.817068373117614,2.19712075177373,0.7012333611349248,11.797999774057773,-1.236713862398929,1.3621351951728116,6.415466600792908,8.571614024331028,-0.726721,0.178354,-0.247495,-0.147051,-0.131945,-0.0607608,0.978404
18.16981315612793,11.254998109397615,13.81701422759422,-5.553297124665216,-1.4085454222355456,-1.294912175291764,0.028696531370375908,-0.461063,0.28059,0.153882,0.531072,0.565373,-0.61656,0.134797,-0.506444,0.241349,-0.129244,0.77058,0.0418334,-0.524183,0.360123,50.362170259031004,3.1138448712979234,-0.14206194841995412,14.282608902255314,-2.2575059438179306,1.5436751920865994,4.941297451872288,6.801274342669379,-0.715727,0.17661,-0.253969,-0.170855,-0.140039,-0.054944,0.973745
18.24346613883972,13.157737781166967,13.56525364734929,-4.386966268405608,-1.35699252673739,-1.6778968049815288,-0.5338806516550546,-0.46031,0.280991,0.153748,0.525105,0.567411,-0.618239,0.14174,-0.498468,0.242893,-0.129564,0.75758,0.0466611,-0.53389,0.372635,50.780277527687915,4.065625495446318,-1.1681069702336013,15.043850926157162,-3.977167128764597,1.928296575567252,3.334518442451862,5.48756445654198,-0.701128,0.172111,-0.261272,-0.186158,-0.152164,-0.0540928,0.969157
18.314696073532104,14.853437740097702,13.430372752286527,-2.7561696614289395,-1.4844754947406749,-1.7390546056563976,-1.0768211455599077,-0.459401,0.281345,0.153597,0.518678,0.568932,-0.620723,0.148301,-0.491263,0.243556,-0.130141,0.747679,0.0452397,-0.543479,0.378892,51.123187186072286,4.618943098477872,-1.3009655186382663,14.823738984320173,-4.273417021260826,1.84037315587452,3.537109556587866,5.583601230129216,-0.68911,0.169067,-0.264965,-0.190784,-0.183208,-0.0703858,0.961812
18.386735916137695,14.432665666578208,13.29046215248394,-2.5432988428940964,-1.4334563658593176,-1.8310568686991229,-0.9951501038262393,-0.458819,0.281366,0.153413,0.516366,0.56828,-0.623263,0.148211,-0.488903,0.242897,-0.130468,0.746307,0.0421437,-0.543991,0.381213,51.68020601002589,4.49048425737717,-1.4779721676461128,15.51817328795628,-4.456958989263443,2.0801803975592463,2.5029238020919062,4.948966826987576,-0.685464,0.167407,-0.266798,-0.190957,-0.183016,-0.0663726,0.962099
18.45773935317993,13.190371524831866,13.775952401985291,-3.51026822205091,-1.3013054120375223,-1.5864003862745888,-0.3647803598013977,-0.458567,0.281071,0.153338,0.519162,0.56694,-0.622502,0.146769,-0.491763,0.24126,-0.130467,0.751706,0.0408369,-0.538393,0.378687,51.5430726464385,3.9589839809459946,-1.3502740444458348,15.57377283810294,-3.636860339397373,2.113034276940489,2.569307798826446,5.32229288113808,-0.691148,0.167104,-0.263764,-0.184339,-0.172559,-0.0613837,0.965647
18.528862476348877,11.882163756626378,15.451904743837549,-3.7466750530150517,-0.9769098999701824,-1.660482453466017,0.3088172757504423,-0.45893,0.280564,0.153453,0.525085,0.565112,-0.619987,0.143354,-0.498269,0.238858,-0.130563,0.762073,0.0355295,-0.529935,0.37034,51.19454236911397,3.1702301010222915,-0.41968731912998436,14.094105128850483,-2.0076533194640724,1.5158770540196045,4.865515690344554,7.032478869583686,-0.70383,0.168778,-0.258892,-0.182554,-0.143315,-0.0480184,0.971509
18.60032081604004,12.438053022894918,16.040181610914185,-2.8304378750725454,-0.8726457040470718,-1.6906495661426115,0.6869406065580844,-0.459779,0.280279,0.153466,0.532326,0.563805,-0.616386,0.137193,-0.505252,0.236389,-0.130508,0.773464,0.0282434,-0.518775,0.363082,51.30026455064917,2.3635374411412897,0.6098191943721956,12.861319403248729,-1.868365350116811,1.2816465808633737,6.1995295773487955,7.38686052355365,-0.71448,0.17024,-0.252714,-0.162493,-0.138833,-0.049933,0.975617
18.67349123954773,11.790051356556972,16.15813273645103,-2.9894994016689127,-0.8451462291852557,-1.5447327867179157,1.0277030898236836,-0.461562,0.280251,0.153824,0.537544,0.563596,-0.612846,0.133515,-0.512061,0.236245,-0.129695,0.779285,0.0290287,-0.509971,0.363045,51.36040369248736,1.9824193437483846,0.5725238802226498,11.93610499578371,-1.8323897205253115,1.6255572336764104,6.862907181251979,7.695194624360238,-0.723987,0.170696,-0.248028,-0.155636,-0.1276,-0.0460204,0.978457
18.745140314102173,11.482989192021012,15.337613515601811,-2.846273739269851,-0.8790329598362547,-1.5399233125914031,0.7809965617460489,-0.462101,0.280265,0.153898,0.538361,0.56372,-0.612337,0.132021,-0.512247,0.23589,-0.129231,0.777889,0.0280836,-0.513689,0.360866,51.305129334674234,2.546005296923327,0.9255504761176816,12.477861695887423,-1.7498056906523836,0.9741730798485619,6.743231085931472,7.795582459114074,-0.72388,0.170006,-0.248131,-0.157526,-0.131778,-0.0423214,0.977767
18.816972732543945,12.415433489007938,13.990568445459484,-3.7215932071403683,-1.088029144297235,-1.5751571504201733,0.10830274387962686,-0.461136,0.280412,0.153739,0.531154,0.567352,-0.614423,0.13591,-0.505248,0.235598,-0.129499,0.770253,0.0241733,-0.520518,0.367677,52.28131038978854,2.6955918464114568,1.0474663142836746,12.915508084634132,-2.183136892963903,1.8107412593184442,5.897985652255324,6.799664385419361,-0.712887,0.166529,-0.253321,-0.164595,-0.144355,-0.0426332,0.974809
18.889273166656494,-11.11106954017398,10.60793317269256,-11.47958563151156,-1.9799688653711378,0.7498479540159301,5.821818780361262,-0.460244,0.280689,0.153626,0.525024,0.56815,-0.616931,0.144748,-0.497195,0.238306,-0.129714,0.754676,0.0358649,-0.531377,0.383167,52.27699668621609,3.9419708711801347,-0.8944711518114672,14.210060106861075,-3.5982029857265694,2.153297553134724,3.7198966243916844,5.741803102046553,-0.774082,0.117245,-0.340404,0.575382,0.769303,-0.139961,0.239833
18.960782766342163,12.809674445145001,12.82593149399379,-2.3467647447874427,-1.112365095859436,-2.022368526462673,-0.678881394102249,-0.459397,0.281168,0.153348,0.517856,0.569296,-0.620903,0.149016,-0.489919,0.240029,-0.130426,0.742816,0.0408595,-0.542732,0.389867,52.437349412321296,4.8843793826309705,-1.7715265515902032,16.222316151231567,-4.114544316611273,1.3623235926894033,2.6533504888124213,5.540541313381799,-0.685541,0.159738,-0.266272,-0.196765,-0.170265,-0.0492598,0.964296
19.032999515533447,13.683045352564948,13.11999734140804,-1.2355461414275886,-1.0113645622679077,-2.313432785794499,-0.7705481041272924,-0.458716,0.281083,0.153157,0.515943,0.56888,-0.622358,0.15116,-0.487414,0.239,-0.130698,0.742953,0.0350268,-0.543195,0.389529,52.717487710242324,4.522907231233976,-1.3649435773401142,15.553657493429597,-4.036472422015471,1.901498530042847,2.45587685877728,5.2511550176317385,-0.682337,0.159039,-0.267397,-0.197258,-0.176565,-0.0473925,0.963155
19.1056010723114,12.294636392617324,13.520446745351796,-2.05211602535905,-0.8956046489654037,-2.044929412056394,-0.1397730554436854,-0.4586,0.280805,0.153141,0.519239,0.567482,-0.621615,0.148151,-0.490037,0.237372,-0.130689,0.748034,0.0322783,-0.538394,0.386699,52.78266213882789,4.197487110760621,-1.1093867998729494,15.624767885210444,-3.8034857506214657,1.724149252844203,2.4479000784127023,5.375328683420767,-0.687263,0.158382,-0.264883,-0.188773,-0.166399,-0.0400698,0.966991
19.17656946182251,-8.817215407646428,8.688755742194468,-14.785363520375313,-1.9943193257922534,1.6488745513782137,4.8175480521834455,-0.459021,0.280332,0.153169,0.524943,0.565992,-0.619403,0.142924,-0.49659,0.234334,-0.130788,0.75893,0.0252485,-0.527919,0.380381,52.963068715536295,3.254440381575013,-0.2704671072825029,14.73149615736903,-2.567330942758751,1.4399488645590388,3.5729718557361694,6.272305594493512,-0.775136,0.115845,-0.338652,0.579118,0.76202,-0.154496,0.24511
19.248082160949707,12.922604624857287,15.530581142471787,-1.0124556766184085,-0.5509540627433093,-2.1598750392227064,0.7404454522390692,-0.460127,0.28003,0.15335,0.533054,0.563761,-0.615731,0.137487,-0.504311,0.231789,-0.130361,0.771068,0.0160193,-0.516564,0.371967,52.954563043222755,2.3893540636305275,0.9636976726942619,12.542330353031488,-2.153697196103579,1.4830180721630413,5.937132368360813,6.977661045902566,-0.712298,0.161674,-0.25302,-0.16056,-0.141644,-0.0311798,0.976312
19.320152282714844,11.034309640222103,15.546243491014055,-1.2536847178636255,-0.5301221577804618,-1.9409530121247491,0.9869101063495636,-0.461506,0.280011,0.153609,0.536129,0.562431,-0.615007,0.134178,-0.51021,0.2329,-0.129872,0.775977,0.0222481,-0.512036,0.367673,52.264632486665235,2.1787182654251236,0.5756877111231375,13.084567371376254,-1.1282412186931232,1.07147658457772,5.924033771007283,7.69600110678247,-0.72041,0.164018,-0.249079,-0.163245,-0.130698,-0.0374531,0.977173
19.392220735549927,10.542444624840758,15.196688270585296,-0.21581350680976713,-0.5403264212904272,-1.9128522749504904,0.8759463035898677,-0.461657,0.280064,0.153552,0.535035,0.563159,-0.615015,0.135448,-0.509175,0.232914,-0.129684,0.773598,0.0221749,-0.514421,0.369357,52.36041981735189,2.389892012951203,0.5814109137914398,13.142445686198545,-1.0318216141909815,1.228124236365698,5.938679109228986,7.7312737741190585,-0.718758,0.162775,-0.249681,-0.161574,-0.141162,-0.0417259,0.975821
19.46455979347229,-9.829566173776799,7.677263601795363,-14.184815639496025,-1.1554120409562036,2.1604817046901896,4.722938417196131,-0.460955,0.280269,0.153453,0.529822,0.566871,-0.61532,0.139023,-0.502237,0.232782,-0.129748,0.764159,0.0196579,-0.522855,0.377222,53.2424289002959,3.0942894350956553,0.6872201464261583,13.52968929170687,-2.27612361521175,1.5826049435220675,4.905091727556398,6.632679270925926,-0.788042,0.113843,-0.331851,0.601532,0.7572,-0.143027,0.210599
19.537203550338745,-9.42716604252535,7.820976220036207,-13.416011898074816,-1.6105454692513756,1.3066675872999107,4.854004260028953,-0.460267,0.280501,0.153323,0.524631,0.568165,-0.617306,0.144513,-0.495208,0.23436,-0.130085,0.750184,0.0280721,-0.53113,0.392857,53.796711407029754,4.260035522004925,-1.0210737929218028,15.302800648090944,-4.004008175884493,1.5810553845768176,2.5258133091408324,5.373853957717378,-0.767185,0.105942,-0.341641,0.57752,0.761528,-0.150167,0.252974
19.60978078842163,12.141674500844006,13.431075655352592,-1.232577411098005,-0.8568652798519689,-2.466979029715906,-0.3997686198718896,-0.45951,0.280855,0.152948,0.517858,0.569673,-0.620087,0.150957,-0.488074,0.234548,-0.130785,0.739364,0.0272075,-0.537601,0.404458,54.64485631228586,4.667156755068099,-1.7346856728750728,15.746188117088025,-4.6389015712415524,1.9122375585912827,1.8856409909584897,4.789211033950447,-0.680809,0.146703,-0.266106,-0.204033,-0.170341,-0.0289399,0.963596
19.68255352973938,12.107579010831572,13.816966511549055,-0.5729646069370652,-0.7367464483155577,-2.6007449101866547,-0.3327366742249449,-0.458933,0.280734,0.152803,0.517685,0.569382,-0.619917,0.153325,-0.486165,0.232907,-0.131045,0.736851,0.0233162,-0.539258,0.407071,54.929714051402875,4.852999697607042,-1.5348399261326522,15.313021385845303,-4.515645558720292,1.50649404419417,2.6027297709379322,5.269751564606404,-0.678157,0.14414,-0.266654,-0.208211,-0.173258,-0.0234167,0.962331
19.754472017288208,11.079507693481325,14.844206059248576,-1.3409433216791988,-0.7446981267002185,-2.330057068986617,0.21596735233748313,-0.458813,0.280461,0.152822,0.520143,0.568302,-0.619815,0.149374,-0.489076,0.230947,-0.130967,0.741763,0.0183161,-0.533367,0.406167,55.4983216624982,4.392569932183123,-1.31659778848698,15.240941532215718,-3.823906523361792,1.5532107039510201,2.42566052424304,5.556773448511469,-0.683929,0.143049,-0.263219,-0.203376,-0.167193,-0.0222245,0.964464
19.827110290527344,11.16500776570163,16.15817683161624,-0.5758778235376343,-0.5882746271722571,-2.2559118784681638,0.6226376542539704,-0.458973,0.280185,0.152821,0.523394,0.566499,-0.619475,0.146249,-0.493196,0.228813,-0.130986,0.749215,0.0140617,-0.528497,0.398962,55.27294743829258,3.8010174648757307,-0.6666869076361155,15.147242729829259,-2.341765147715016,0.9830392879925967,3.325136564330397,6.762688137878676,-0.69232,0.143997,-0.25894,-0.193435,-0.162433,-0.0207175,0.967352
19.89911699295044,11.606393881331194,16.845017404586557,1.1430989896651431,-0.20294310744337501,-2.5134813972625127,0.8603029646529563,-0.459797,0.279844,0.152955,0.529358,0.565596,-0.616475,0.140856,-0.500716,0.226915,-0.130868,0.764132,0.00644435,-0.517054,0.385638,54.84279606949593,2.393023946369069,0.8386012520381456,13.326594845255975,-1.416284095350198,1.1943123717422424,4.8649662305982355,7.144621866881712,-0.70538,0.149008,-0.254124,-0.182058,-0.148664,-0.0163851,0.971846
19.97082209587097,9.706890874619814,16.31263343452471,1.5355363540629734,-0.11472357172521086,-2.2916438728205115,1.0987680252275112,-0.460665,0.279828,0.153098,0.531665,0.565381,-0.614912,0.139856,-0.505115,0.228426,-0.130895,0.766714,0.0138325,-0.512783,0.386021,54.33157141606029,2.253845154734278,0.20071870107626966,13.062750238988437,-0.8790844743520552,1.0913976906449463,5.312917812379926,7.737431598996202,-0.711562,0.15086,-0.251422,-0.180628,-0.138889,-0.0276749,0.973302
20.042876720428467,9.216700832912167,16.317161173816423,1.6907332126608055,-0.1300666353095493,-2.3754521225526357,1.0583010119209282,-0.460636,0.279875,0.153067,0.531223,0.565285,-0.615155,0.14085,-0.503526,0.228171,-0.130551,0.763901,0.0116887,-0.516775,0.386345,54.414452939489,2.681834901827042,0.4415956053837178,12.929661528308174,-0.8815312338619989,1.0518885786346637,5.595111687102776,7.911526024691649,-0.708807,0.149704,-0.252714,-0.182649,-0.145237,-0.0210734,0.972163
20.115100860595703,10.321574208151858,15.315090495558795,-0.4986133958881078,-0.6492596285375953,-2.3168832732091587,0.5068443170630121,-0.460187,0.280052,0.152934,0.526319,0.567552,-0.616615,0.143731,-0.49832,0.227855,-0.130554,0.754247,0.0129537,-0.522042,0.398014,55.42220454258334,3.3036657313703035,-0.3637526257797652,14.526604032394872,-1.4970136087223196,1.2385374205075905,3.8497014314690725,7.1624859221012676,-0.699451,0.143539,-0.255866,-0.188846,-0.156189,-0.0248555,0.969187
20.186980962753296,10.16143573325856,15.055298626196233,-1.1370187939563363,-0.7149383206797989,-2.5451728293748612,0.0605593549157684,-0.459754,0.280349,0.152919,0.521853,0.568144,-0.618643,0.148871,-0.490558,0.229235,-0.130501,0.739075,0.0171508,-0.530686,0.414543,56.32987602281909,4.699326305178477,-1.8288760520367586,15.607788547507749,-4.029995794285256,1.5353972191441265,2.478962146860629,5.511257049859656,-0.684271,0.136697,-0.261283,-0.218165,-0.171373,-0.020362,0.960531
20.26002287864685,9.745337998726146,14.299776727445854,0.2177783301477071,-0.4755672755221244,-2.94830934330314,-0.01784225342111838,-0.459075,0.280575,0.152483,0.51507,0.569343,-0.621913,0.154195,-0.484052,0.229186,-0.131318,0.728499,0.0178362,-0.537848,0.423899,56.946904262455526,5.2158456476284005,-2.5836221241736137,16.95774301043354,-4.179472019037464,1.1116185731233728,3.4145957384155543,5.951263588036287,-0.671941,0.130375,-0.266038,-0.2218,-0.174608,-0.0134199,0.959238
20.346879720687866,9.583697700390886,14.713702362146961,0.11130208521671234,-0.4672329491010487,-2.9985981889991047,0.18968756866649014,-0.458639,0.280452,0.152439,0.51558,0.570049,-0.620913,0.153909,-0.483681,0.227298,-0.131299,0.730498,0.011055,-0.532287,0.427693,57.87498333419838,4.636102063594947,-2.328457051248022,16.144953567895787,-4.740227785832811,2.009040090314013,2.0636488487959053,4.773396665375191,-0.671861,0.127715,-0.265176,-0.221668,-0.175086,-0.00656414,0.959252
20.418870449066162,8.427405849545893,15.976233144902077,0.4397742189714366,-0.36291351751085416,-2.7184727710011414,0.6746358736680561,-0.458574,0.279952,0.152456,0.522192,0.565599,-0.619979,0.151791,-0.488436,0.224833,-0.131091,0.740822,0.00662618,-0.524187,0.419961,57.29164946811402,3.883539667769006,-1.8022812860787782,15.15591663384534,-4.255944357556903,2.217578766126671,1.177483646706912,4.717077211491942,-0.681891,0.128276,-0.259559,-0.217823,-0.175263,-0.0146825,0.960011
20.490748405456543,9.164630244590953,16.990934602281623,0.982410533849166,-0.1402553500940834,-2.64592162491924,1.1030902167726948,-0.45883,0.279712,0.152566,0.525795,0.565401,-0.617467,0.150315,-0.494127,0.223162,-0.131402,0.750383,0.00194544,-0.517422,0.411335,56.82665985630787,2.873161761092097,-0.7339169996623189,13.177231221255514,-2.1052686981960527,1.8391645013985993,3.6320075849871336,6.565869647891421,-0.692572,0.131771,-0.25624,-0.199799,-0.154801,-0.00278411,0.967527
20.56388020515442,9.225515436965289,18.564555141777447,2.2001638967631076,0.04860780034624114,-2.714997258801076,1.4994806592861867,-0.459758,0.279558,0.152732,0.529063,0.565803,-0.615939,0.143452,-0.500921,0.222658,-0.13163,0.755856,0.00513871,-0.51173,0.408397,56.877933370238885,2.69224383904694,-0.8360871155376222,14.054897642553644,-0.46566661751412397,0.31618583558793034,4.469728270827983,8.281270308536998,-0.70336,0.135702,-0.252199,-0.192068,-0.141099,-0.00802892,0.971152
20.636530876159668,8.034447670170897,18.491176163394254,3.1580738034450673,-0.3775662793725825,-2.5702668931215924,2.029320353306609,-0.460929,0.279417,0.152883,0.534563,0.563171,-0.614612,0.139045,-0.506614,0.224029,-0.131543,0.763501,0.00988712,-0.505195,0.402177,56.07415391686401,2.4054193393891716,-1.031634762360297,13.745668992152654,-1.2611862358792187,0.3821822202797378,3.9399156911472057,7.674493104231197,-0.712181,0.134784,-0.247094,-0.169183,-0.149678,-0.022338,0.973897
20.708845853805542,8.55338684934503,18.75389777433283,1.481905735674634,-0.05099222176519191,-2.740820075374031,1.6008449295184706,-0.461125,0.279454,0.152912,0.533741,0.565535,-0.612909,0.140121,-0.505146,0.222321,-0.130858,0.76208,0.00328604,-0.506737,0.40304,56.60281613812191,2.398342196598608,-0.1740244726908471,13.317087551702848,-1.2975152156943892,0.7953367912337974,4.197990159021463,7.4360004097125,-0.708644,0.135017,-0.249616,-0.191881,-0.134393,-0.00555509,0.972157
20.7824649810791,9.328367184643026,17.485025541737055,0.2637711511477539,-0.46441516762243834,-2.7502035227368977,0.9647392394591293,-0.46071,0.279689,0.152874,0.528142,0.567406,-0.615215,0.14362,-0.498763,0.222103,-0.130189,0.749099,0.00319587,-0.515695,0.415811,57.760171789464955,3.4900249617669807,-0.9468478349674085,14.936383504206768,-1.5445973246986195,1.0378965702150715,3.5356678222925164,7.295089032530171,-0.697091,0.130019,-0.25386,-0.206065,-0.153542,-0.00282599,0.966413
20.854923248291016,8.82717373667247,16.786537468599537,1.435685512361154,-0.34176295751461194,-2.946517546162341,0.5723291405784438,-0.459824,0.279993,0.152637,0.521809,0.56897,-0.617532,0.150476,-0.48975,0.224516,-0.130482,0.735274,0.00890313,-0.526936,0.426181,57.917016192755895,4.649364127713425,-1.944175839423276,15.939087571421432,-3.6644680789136697,1.4157144826938257,2.957226015149173,5.917795164572202,-0.681786,0.125217,-0.25984,-0.227334,-0.170086,-0.0104588,0.958791
20.927876949310303,7.4022810189105614,14.88991745939447,2.9913534936373334,0.10515469409782797,-3.264028218530417,0.4030426951702597,-0.459209,0.280456,0.152185,0.513364,0.570469,-0.621633,0.156828,-0.482284,0.226057,-0.131327,0.725813,0.00954823,-0.5288,0.439857,58.971681650928815,4.493440448183438,-3.255281721096297,16.571843101281544,-5.270503218407789,3.020400599669852,1.2808318232981057,3.8137313964320296,-0.666917,0.120984,-0.26608,-0.239798,-0.175589,-0.00425,0.954802
21.000739097595215,9.51628118122102,15.304852404890287,1.491122171440901,-0.000877643312919838,-3.218063353279858,0.32341765072884293,-0.45834,0.28021,0.152131,0.513715,0.570436,-0.621024,0.158208,-0.480724,0.223062,-0.131161,0.724881,0.000716153,-0.529836,0.440251,59.518471269925215,4.495752853990035,-2.4535737644206206,15.741428729444017,-4.445453022009662,2.564862785319093,1.9999395243626532,4.666179803815627,-0.66614,0.118264,-0.265093,-0.234548,-0.177611,0.00511382,0.955728
21.07436490058899,8.033311421413543,16.080754688799466,1.412431172744457,-0.1060659641636007,-2.8787318969784015,0.9998988296021405,-0.458522,0.279815,0.152285,0.520785,0.567394,-0.619639,0.151308,-0.486967,0.21971,-0.130919,0.737199,-0.00642084,-0.520477,0.430813,59.48635228110497,3.683711070320478,-1.5241851903295651,15.544259710059185,-3.7905513617123,2.003557862803607,1.791592041371346,5.268264587521697,-0.678702,0.117976,-0.258453,-0.2186,-0.173935,0.0031691,0.960183
21.14651870727539,7.347813378688614,18.43078363142389,1.8966332628112352,0.18913662493169936,-2.949717965904604,1.7222109318049401,-0.458985,0.279445,0.152323,0.526133,0.566188,-0.61688,0.148572,-0.494792,0.216857,-0.131533,0.745391,-0.0104957,-0.516553,0.421254,58.868750453052044,3.258014786446072,-0.39393118044946496,13.848599023603157,0.0678674448386154,-0.26004965150691106,5.39253771533671,9.24625810474776,-0.692623,0.121645,-0.253774,-0.206855,-0.149388,0.012516,0.966818
21.21863579750061,7.175142856606733,18.484958702036646,3.127482693838817,0.3551352320507519,-2.9497746191679157,1.9589671811511495,-0.460739,0.279367,0.152673,0.53182,0.566244,-0.613854,0.140423,-0.505504,0.218298,-0.131903,0.759074,-0.00184887,-0.498501,0.418688,58.62854401115258,1.851295367770228,-1.222418426769873,13.998301589385692,-0.1664658391410896,0.23020441997614682,3.698035536836421,8.268263947341454,-0.707677,0.123108,-0.246918,-0.195312,-0.129246,-0.000702897,0.972187
21.291375398635864,6.340008965116633,18.20589972435811,3.211866415538871,0.4636828654152656,-2.917802186704411,1.9540898159279847,-0.461467,0.279213,0.152852,0.534434,0.565871,-0.611577,0.141929,-0.50733,0.218808,-0.131355,0.759783,-0.000223433,-0.499197,0.416573,57.98303846978145,2.0660857604739458,-0.9544042166866942,12.7357108132988,-0.12308813394274054,0.440007766572883,4.60678109583229,8.51840317043692,-0.709854,0.123998,-0.246264,-0.197707,-0.124525,0.0028223,0.972316
21.37915015220642,8.27479431780039,17.277968398726756,3.3253306589742175,0.1998726193384873,-3.188086161387173,1.2029769458588735,-0.461534,0.279504,0.152912,0.5314,0.567829,-0.612185,0.142873,-0.501557,0.218655,-0.129895,0.746094,0.000381294,-0.509631,0.428508,59.109571270232884,3.7592389040422973,-1.5141961184888006,14.934875196558092,-1.3026315432923319,0.48839980199816324,4.285151088806621,7.952987826697846,-0.699037,0.119412,-0.250061,-0.208724,-0.147297,0.00345034,0.966812
21.451464891433716,6.462658659819629,16.103214855446144,2.332382817765049,0.18951033528468025,-3.1094122833043403,0.8980341290189298,-0.460929,0.279807,0.152679,0.524669,0.570581,-0.61435,0.147421,-0.493874,0.220828,-0.130196,0.733705,0.00604247,-0.516534,0.441399,59.822863440560106,4.561914860318713,-2.762627889048595,16.52791016611092,-3.4394544052182816,1.2830851069344007,2.7614302107449866,6.36722691204958,-0.684963,0.115017,-0.255657,-0.237317,-0.156149,0.00676007,0.958777
21.524123191833496,6.693986061563298,14.811208526350812,1.8596141210072161,0.19196012813471888,-3.1908124119105783,0.5304742127210331,-0.459842,0.280151,0.152465,0.51719,0.571297,-0.617777,0.156476,-0.485013,0.221895,-0.130826,0.720658,0.00547609,-0.525857,0.45177,60.25971275848526,5.215993035571198,-3.4528980539195424,16.290925002834413,-4.16116716043391,1.6112304286482164,2.9936694007913327,5.830168433748689,-0.668848,0.11002,-0.261261,-0.250471,-0.167382,0.00660568,0.953522
21.597833156585693,6.904474747978414,14.301619016095323,1.9694723429104137,0.7819205459346538,-3.954264035426493,2.665568056964005,-0.459635,0.280241,0.152369,0.515109,0.572445,-0.618322,0.156995,-0.463769,0.209358,-0.110259,-0.469537,-0.583737,-0.0548214,0.660136,-118.79433457409593,4.334012289005219,41.256310304457365,6.944831736557415,-19.132405823148165,234.7730717985858,189.0918944099502,187.8855800918714,-0.665527,0.106189,-0.26044,-0.249806,-0.182873,-0.000377264,0.95087
21.669674396514893,5.854565908419728,15.637403444031202,2.129431878264849,0.21396101935312345,-3.0707817744829895,1.0325870151078538,-0.459237,0.279835,0.152259,0.518818,0.570303,-0.618383,0.152263,-0.486288,0.216613,-0.1304,0.727446,-0.00946444,-0.513836,0.454648,62.08447683068826,3.943168472820258,-2.9826853544304166,16.56930056438268,-4.01634266256732,2.533218978238448,1.5842862218103069,5.343418656805637,-0.673189,0.105194,-0.25614,-0.24198,-0.176544,0.00940439,0.954038
21.74229073524475,5.449928140658585,17.19707508185868,1.1991286212982117,0.4197401164565179,-2.8803629590662423,1.6821323414542557,-0.459558,0.279459,0.152324,0.525284,0.568373,-0.615537,0.148805,-0.492707,0.213701,-0.13056,0.740161,-0.016817,-0.506578,0.441879,61.439045320975545,2.9229254083973526,-1.4795532409494503,14.75084753984105,-2.536855902438859,1.8357671530549453,2.2312110791406363,6.126660907671198,-0.684895,0.105821,-0.252358,-0.230771,-0.148028,0.0228058,0.961412
21.814881086349487,5.493888549293305,18.525549408858918,3.4098293048583566,0.5292334246218808,-3.112863009317942,1.9552793227027307,-0.460208,0.27913,0.152477,0.53071,0.566374,-0.6138,0.14428,-0.500064,0.211705,-0.13128,0.75098,-0.0207568,-0.493386,0.43837,61.61351776643594,1.736800761708075,-1.2821477965101233,13.144433024339044,-1.804180805681721,1.554731546662694,2.284365068748855,6.5033808049764765,-0.698463,0.107626,-0.245659,-0.219939,-0.14813,0.0205955,0.963981
21.887561798095703,4.0962621837702695,17.87422574874524,1.9901058146831472,0.44217866715787885,-2.7781029390688774,2.1732492608115654,-0.461499,0.279136,0.152699,0.534382,0.56444,-0.613606,0.139033,-0.507011,0.21223,-0.131348,0.7555,-0.015234,-0.487455,0.437464,61.46400277588496,1.689669424615028,-1.9704769452789195,13.629226551280027,-0.49560385240498306,0.5396160740938107,3.363629990875389,7.9373833926679564,-0.707461,0.107724,-0.241217,-0.214698,-0.131959,0.017784,0.967562
21.959936141967773,4.263516902231448,17.259488576095595,2.452837619342429,0.5100671802182696,-2.8864677374052974,1.937945694159091,-0.462071,0.279131,0.152829,0.535039,0.565731,-0.611698,0.139668,-0.507047,0.212172,-0.130704,0.75452,-0.0187602,-0.4883,0.438077,61.686597595337105,1.7925257930700123,-1.4206968027981075,12.314730897987591,-0.8418892802868498,1.2452930462520229,3.5031561090191135,7.537842148549766,-0.70695,0.107075,-0.24136,-0.217391,-0.134327,0.0177585,0.966634
22.031829833984375,4.341664903837668,16.314068710132016,1.6276583764060397,0.5324998754734366,-2.947156963522275,1.6006079680934104,-0.461788,0.279152,0.152822,0.533402,0.567761,-0.610147,0.144396,-0.501905,0.212452,-0.129423,0.744955,-0.0140304,-0.498006,0.443661,61.4368875217909,3.0348035901362467,-1.595206367402863,13.79445152839623,-1.7598636616735632,1.4776931349530003,2.996632368318195,6.931644156219336,-0.697079,0.103633,-0.246154,-0.233889,-0.135666,0.0282443,0.962337
22.103758573532104,4.546152566850795,15.951787688628785,1.2299463132331754,0.41216169641255,-2.977199465652354,1.3428648536823031,-0.461217,0.279436,0.152619,0.528216,0.568958,-0.613236,0.145659,-0.495587,0.213509,-0.129692,0.732001,-0.00887986,-0.508188,0.453696,62.11441030853103,4.487146635939187,-2.6747311376411322,16.52970802457894,-2.6632880159093926,0.35958258236647467,3.1845099665899,7.8190471090800315,-0.685305,0.0986585,-0.249862,-0.247003,-0.144118,0.0241692,0.957933
22.1763756275177,4.1877223642398125,15.894606246145088,0.4071912358480191,0.05854854969067022,-3.0056341843143204,1.1851419424367382,-0.460225,0.279764,0.152369,0.521391,0.570938,-0.615007,0.154749,-0.486525,0.214066,-0.129959,0.717661,-0.0125857,-0.512814,0.470984,63.48543317825591,4.9912003028984016,-3.542023095138868,15.449114469652368,-4.3623546941526214,1.9537028358637656,2.703049362390237,5.660904410418388,-0.668962,0.093044,-0.25354,-0.261235,-0.172149,0.0207894,0.949573
22.248294591903687,6.166637438601782,15.990209462422412,0.1796030656526889,-0.02190989246500625,-3.151282596314321,0.9114504040220094,-0.460127,0.279881,0.15238,0.519681,0.571758,-0.615496,0.155526,-0.48408,0.213164,-0.129861,0.715243,-0.017966,-0.515252,0.471827,63.99636572736668,5.055366292760288,-3.091571161594435,15.308336551801883,-4.6504840767835365,1.7601568270600865,3.0846447381585747,5.730732260952245,-0.664977,0.0903431,-0.254293,-0.261914,-0.176287,0.0247719,0.948531
22.320326566696167,4.843451205575369,17.331146556817053,1.0738775892970691,0.3952637692461376,-2.985833284489132,1.6024178376481084,-0.459826,0.279557,0.152295,0.523204,0.570605,-0.614807,0.150597,-0.488143,0.210784,-0.129952,0.721696,-0.0172966,-0.511766,0.46578,63.681534962725316,4.825448621450012,-2.814483925808973,16.854153877573072,-3.198681909055603,0.13981878810781012,3.638135353891958,8.12237315273885,-0.673611,0.092083,-0.251992,-0.252827,-0.154765,0.0327399,0.954492
22.393259525299072,4.450210997997482,18.11011401566715,2.4800586425243365,0.47081963396545146,-2.925770471053818,1.9893326431466452,-0.460178,0.27924,0.152288,0.527514,0.568587,-0.613649,0.147894,-0.494938,0.209051,-0.13003,0.737454,-0.0234122,-0.500991,0.452351,62.94463390524432,3.017008362875442,-1.6939721494587237,15.090799946980084,-1.4748111722496944,0.9735147088352569,2.712795675507621,7.617394799795935,-0.68743,0.09534,-0.24695,-0.238642,-0.155643,0.0348506,0.95792
22.46535348892212,4.860133546175636,17.97964791674406,2.9012710574607303,0.4350905236734443,-2.8856438966600897,2.167031492787173,-0.460653,0.278889,0.152463,0.532992,0.566457,-0.611594,0.14491,-0.50133,0.207781,-0.130972,0.747856,-0.0285374,-0.490075,0.446905,62.836855207905344,1.9149959160069883,-1.1486125447567326,12.156230205654344,-1.072869531684539,0.8808204602817611,3.419616915079369,7.622872647827861,-0.698606,0.0988667,-0.241777,-0.218607,-0.147542,0.0272474,0.964209
22.537699222564697,2.990331927696582,17.218476554866413,2.329528577563068,0.34715950436867477,-2.621948020848997,2.137210518556988,-0.461855,0.27893,0.152692,0.535309,0.564996,-0.612122,0.139753,-0.506763,0.208268,-0.130794,0.75202,-0.0227125,-0.48654,0.444104,62.536614133667605,1.9160197347302974,-1.6864065540601825,13.696858340374297,0.005345449630276278,-0.17974362468964244,4.159862614843656,8.822179217787506,-0.707746,0.100351,-0.237272,-0.228236,-0.14824,0.0229908,0.96198
22.610612630844116,3.939939271759655,16.62646129862383,1.6496860529690922,0.18647520858976202,-2.746635183069117,1.9031267238673177,-0.461978,0.278972,0.152787,0.534922,0.567338,-0.609925,0.14134,-0.504393,0.207517,-0.12985,0.74831,-0.0294277,-0.488017,0.448337,63.3246182364398,2.0867262009383767,-1.0317393655186384,12.340416195953958,-0.9986347226655354,1.0067076911128154,3.4543859520522675,7.628642323940095,-0.700951,0.0958305,-0.238532,-0.219822,-0.152086,0.0251839,0.963283
22.682491540908813,4.202434828667296,16.06431299769289,0.5937914958368413,0.32428906530709894,-2.870555065917235,1.515253748795951,-0.461798,0.27914,0.152788,0.531994,0.568398,-0.610811,0.144277,-0.498683,0.208166,-0.128763,0.734621,-0.0222961,-0.498266,0.459963,63.71832234680294,3.8313937733085925,-2.130668544791119,15.19081723567719,-2.010932494607271,0.6126802778980434,2.988170191802732,7.840934794998693,-0.689425,0.0903747,-0.244319,-0.245632,-0.143754,0.0314327,0.958129
22.756370782852173,4.60958527007276,15.835549717362401,-0.5229749463138184,0.25228756091220655,-2.9708461474347994,1.2324059020189468,-0.460996,0.279504,0.15258,0.524599,0.571228,-0.613469,0.148827,-0.490366,0.209936,-0.129368,0.716059,-0.0138316,-0.511553,0.474744,64.38092853048292,5.699488662527898,-3.570694115178564,17.845401037657396,-2.820933805635306,-0.8810802742965009,5.439314527492892,9.756236631347909,-0.674129,0.0860876,-0.249473,-0.265685,-0.15049,0.0441168,0.951219
22.828760147094727,3.995396658859869,14.99574567736659,1.0099033350022821,0.4361693681608627,-3.1416190844567695,1.030927289073356,-0.460487,0.279945,0.152382,0.517741,0.574051,-0.614905,0.15589,-0.4839,0.211774,-0.129767,0.70882,-0.016898,-0.510552,0.486442,65.45410078041637,5.20925747760136,-4.247361923549422,16.443101578800235,-4.527635711503674,1.769114196414293,2.1032936948396963,6.317783535329715,-0.661974,0.0838044,-0.25336,-0.278567,-0.167414,0.0379245,0.944952
22.90129590034485,4.342040538359452,14.76083681777658,1.9496789917498212,0.46568074229558026,-3.1337455708883013,1.1062522376382813,-0.460136,0.279702,0.15229,0.519967,0.572194,-0.614933,0.155199,-0.484581,0.210142,-0.129494,0.713804,-0.021699,-0.505522,0.484212,65.56200130038604,4.602060472269671,-3.967402580091493,16.07169443861166,-5.015275573104985,2.540502610177981,1.2957540068557785,5.272535530952268,-0.664275,0.0826017,-0.251222,-0.265563,-0.173448,0.0309688,0.947857
22.974170923233032,2.813316689826859,15.534910051756388,0.9421591102596041,0.5656027146766212,-2.7203355006297656,1.7416287895359241,-0.460012,0.279299,0.15232,0.525303,0.570179,-0.613709,0.149375,-0.490788,0.206769,-0.129612,0.72243,-0.0233957,-0.506043,0.470605,64.64933318530889,4.5774409909397225,-2.765834710553098,16.9130692707298,-1.6964434656454124,-0.6326143298222213,4.088002154635138,9.679156910788215,-0.677036,0.0837785,-0.24676,-0.256553,-0.152498,0.0386433,0.953641
23.047730684280396,4.711932928463578,16.58638270988095,0.7561299830372438,0.36663741920681114,-2.718744668626747,2.0150814582089702,-0.460625,0.278882,0.152409,0.531388,0.567803,-0.611692,0.145116,-0.497929,0.202673,-0.130067,0.7359,-0.0375599,-0.49065,0.465083,65.35975175690673,2.8250057864152325,-1.6652857529611187,13.692537570173304,-0.8514036786255694,-0.33353300921298157,3.921149060992418,8.919243717743232,-0.6906,0.0852009,-0.240065,-0.226232,-0.147807,0.0467481,0.961658
23.12105917930603,3.4693712026792736,16.2089976985086,1.5366528473662542,0.38411405663968945,-2.5616790556472355,2.1771727000992893,-0.46217,0.278805,0.152799,0.538936,0.565351,-0.608066,0.142062,-0.507568,0.202772,-0.1301,0.749862,-0.0336296,-0.475738,0.45853,64.38744967900645,1.4973426001324572,-1.7733951897869928,12.13906058897955,-0.8281254780671397,0.4031359408339199,3.35328814035201,8.011054665221844,-0.704747,0.0874357,-0.232546,-0.220979,-0.142955,0.0414781,0.963853
23.19353222846985,1.950490592451385,15.821789532850381,1.7914290916039433,0.4933638359059616,-2.5724666995087087,2.1486665000769793,-0.462772,0.278921,0.152895,0.537741,0.568093,-0.60713,0.139639,-0.508423,0.203452,-0.129815,0.74839,-0.0295673,-0.479156,0.457655,64.33633654999988,1.880399666705872,-1.6770865266490786,13.547814462161229,-0.08814317761293822,-0.5366170013464568,4.03492559112103,9.104461676496696,-0.705737,0.0867619,-0.232471,-0.228005,-0.138096,0.0397647,0.962996
23.26566481590271,4.889735840811013,16.4076802604283,-0.26940922541667817,-0.2724148086590587,-2.654655018618532,1.616393068033895,-0.46202,0.27886,0.152764,0.534912,0.567676,-0.60919,0.143178,-0.504337,0.204178,-0.129392,0.738903,-0.024142,-0.484126,0.46804,64.69162327644703,2.8513886936085644,-2.9377827653607858,14.952455064946719,-0.22626143148018585,-0.1187366562035308,2.7654423391060874,9.196420036592295,-0.698103,0.0806834,-0.233453,-0.213805,-0.166199,0.0412713,0.961749
23.353540658950806,1.5427950747131067,15.410721581819093,-0.11777385786484429,0.3726830591323249,-2.6100375380906335,1.35051272439094,-0.461435,0.27932,0.152567,0.52628,0.570957,-0.612656,0.147276,-0.496226,0.209237,-0.13012,0.717132,-0.00502547,-0.496493,0.489071,65.25765100747303,5.124671795558513,-5.80362513467321,18.56819273148416,-1.9051388033370547,-0.4680474090008282,5.461356794809193,9.935708778852531,-0.679069,0.0773109,-0.242651,-0.281408,-0.143391,0.0327767,0.948248
23.42640733718872,2.7142167431435995,15.49498984068635,0.5180653580058837,0.4028018036484359,-2.841167392235386,0.9516302763289819,-0.460647,0.279626,0.152312,0.520572,0.573038,-0.613483,0.155789,-0.487122,0.210309,-0.130239,0.70765,-0.0141937,-0.500295,0.498734,66.32751179837337,5.119322374087558,-5.619587571037425,16.00594039080468,-4.5422008679818955,2.133901114619313,1.7144564057335414,5.874418246564856,-0.664626,0.0763927,-0.247814,-0.297445,-0.169331,0.0364441,0.938896
23.498815298080444,4.318142990370286,15.550510237129805,0.47932396198911575,0.43039300131501224,-2.8959212860603576,0.913842303800409,-0.460253,0.279661,0.152211,0.518635,0.573083,-0.614693,0.157311,-0.48497,0.209426,-0.130214,0.705563,-0.0184467,-0.50378,0.498042,66.50739882417344,5.189677958986284,-5.232367651651501,15.973370307076124,-3.890721756187757,1.7749807414836738,2.23525261151064,6.618399712793001,-0.661407,0.0749572,-0.249377,-0.289163,-0.162069,0.043068,0.942477
23.57301640510559,3.066429133958392,16.005106083753873,-0.568845955067013,0.39015848280116794,-2.4465484355133964,1.4350971037358953,-0.459933,0.279305,0.152205,0.524198,0.571043,-0.613322,0.151535,-0.489324,0.206516,-0.130079,0.713461,-0.018636,-0.502431,0.488046,65.82750476673847,5.174559103978434,-4.459630948063843,17.45227237295156,-2.6472770681141746,-0.5702984387171313,4.867338322884469,9.474539761562312,-0.671226,0.0755821,-0.24543,-0.280465,-0.150572,0.0409817,0.947095
23.64599084854126,3.430617151635055,16.728744380630282,0.09754563456270474,0.4248296394742464,-2.4151038368011024,1.867289684529056,-0.460137,0.278961,0.152261,0.527794,0.568411,-0.613709,0.147322,-0.495566,0.202553,-0.130083,0.724362,-0.0274404,-0.493801,0.48032,66.02068447642982,3.9813992512714576,-3.6721496140088883,16.82405839118413,0.1905682188186617,-1.4670551586507017,4.799448237084229,11.303110341816653,-0.683698,0.07704,-0.240353,-0.256011,-0.141762,0.0506118,0.954882
23.718497276306152,4.701550357213155,16.81057051370231,0.45016092326124213,0.31416866192082266,-2.3533305621108114,2.075529993422443,-0.46043,0.278682,0.152304,0.533028,0.566297,-0.611985,0.143745,-0.501619,0.200097,-0.130997,0.740748,-0.0384323,-0.477343,0.471125,66.1570868654419,1.7689872765151025,-2.649708397569821,13.79417136327073,-0.2860357536170177,-0.5190161710112378,2.920272393358405,9.10405823481139,-0.695093,0.0781389,-0.233965,-0.229158,-0.141552,0.0513618,0.961671
23.79124164581299,2.7759507544277056,16.093399454233268,-0.7345290748485357,0.6665135395373548,-2.034518744364145,2.173514522365169,-0.461369,0.278716,0.152617,0.53789,0.564529,-0.610061,0.140735,-0.506983,0.200714,-0.130877,0.745453,-0.0319496,-0.471561,0.47001,65.61756616748553,1.7500613478348024,-3.1657896882145184,13.894396616114244,-0.4509309535212296,-0.8898809619591361,3.009880617154918,9.187014660381472,-0.703765,0.0800037,-0.232819,-0.24409,-0.110924,0.0688056,0.960928
23.864782333374023,2.8126942778974504,15.894934458316206,1.2601886329098568,0.626042701293064,-2.3937224673135056,1.9441094502523544,-0.461504,0.278784,0.152465,0.53305,0.567705,-0.611106,0.141841,-0.503906,0.200894,-0.130615,0.73822,-0.0334933,-0.479332,0.473444,66.21025745074205,2.328891803366128,-2.9699311327119453,14.602213825063696,0.6858660290406249,-1.2594740322472084,3.4098871773875437,10.464715830908364,-0.697001,0.0783693,-0.234163,-0.241517,-0.129102,0.0531698,0.9603
23.937637090682983,2.194879403902801,14.642764562347418,0.9633646856564066,0.4607469547041462,-2.5407801860901067,1.5590161194587349,-0.46134,0.279012,0.152493,0.53005,0.569086,-0.611738,0.144793,-0.49825,0.202523,-0.129096,0.723142,-0.026741,-0.489314,0.486746,66.77240818196024,4.202785075070276,-4.094139672986741,16.746324992136337,-0.4294994153884417,-0.7518326266832247,4.356392451475213,10.59197876245759,-0.685097,0.0727745,-0.237527,-0.262295,-0.150097,0.0513648,0.951858
24.010376453399658,2.081051769249902,13.563990684988866,-1.7514308615920084,0.2485310708018086,-2.4651659664692884,1.1935212837545552,-0.461071,0.279498,0.152504,0.524602,0.572463,-0.612113,0.149655,-0.490111,0.20455,-0.128999,0.710657,-0.0286643,-0.486756,0.507162,68.78459821117295,4.472672382137469,-5.422043653023716,16.125959170965704,-4.900300435787248,2.240923818697979,1.821402175658549,6.052110322572679,-0.668202,0.0664907,-0.242238,-0.29039,-0.154788,0.0611283,0.942326
24.083033323287964,2.6835408419218383,13.958725138220641,-1.4819921857231662,0.32639535890308385,-2.7420620044747084,1.288589067612052,-0.460887,0.279667,0.152359,0.521366,0.573462,-0.612879,0.153943,-0.485184,0.204105,-0.12927,0.696738,-0.0245834,-0.503217,0.510612,68.3847142836477,6.428885412894253,-5.383627475060977,17.837662189175614,-3.7739965787996734,-1.088740557642204,6.896590782442041,10.257420675583376,-0.65862,0.0616031,-0.244248,-0.293145,-0.153641,0.0725184,0.940851
24.155558586120605,3.2618278497637467,14.936612670825602,-0.9995277100720121,0.5206305935350429,-2.653385059351414,1.562144284205471,-0.460482,0.279413,0.152308,0.5232,0.571882,-0.613209,0.152272,-0.48627,0.201685,-0.128761,0.701241,-0.0331169,-0.498567,0.508523,68.92997016583735,5.818389010315771,-4.819382622076072,17.068769310963468,-3.2562664059830215,-0.6113062376968763,5.805006244355565,9.86621514156461,-0.661658,0.0612848,-0.242826,-0.282864,-0.146325,0.0790273,0.944633
24.22855830192566,1.3254628932117571,16.140365580066838,0.08963783192663617,0.5938660415332355,-2.358269927815373,2.128195300877118,-0.460615,0.279024,0.152324,0.528028,0.570639,-0.611009,0.149083,-0.493868,0.198089,-0.128796,0.713137,-0.0373111,-0.490353,0.499598,68.51523734338069,4.635234143247845,-3.9591651215414805,16.21250491651878,0.1338871884559154,-1.5571771575227693,5.848978394143375,11.846166428792296,-0.677111,0.0633617,-0.236612,-0.270521,-0.142725,0.0678428,0.949655
24.30128288269043,2.662599796673025,17.62766319954008,0.18163624903148018,0.6456088446971967,-2.381148856190705,2.321190095599789,-0.46083,0.27866,0.152331,0.533931,0.567513,-0.609581,0.145798,-0.500433,0.195128,-0.130034,0.731374,-0.0436472,-0.473966,0.48841,68.01819050621813,2.406863875235956,-3.274262979248914,14.587875186080325,-0.20234428034929408,-1.4896673858816563,3.38390051605419,10.350393789699403,-0.691645,0.0657483,-0.230969,-0.258603,-0.129416,0.0715517,0.954597
24.393420219421387,0.03728978671983046,17.27891182213333,-0.4034788312259049,0.5352559670260518,-1.9863606078026959,2.7383693913556404,-0.462344,0.278657,0.152676,0.538144,0.565202,-0.609016,0.141591,-0.50827,0.195874,-0.130169,0.736357,-0.0351593,-0.466968,0.488347,67.59822735093879,2.3650271480063587,-4.24687484923727,14.94024453869797,1.092773915643619,-2.3462351085343656,4.291560697263658,11.618110819768262,-0.70194,0.0661549,-0.225833,-0.2532,-0.118208,0.075943,0.957157
24.466222047805786,1.534853850136203,17.01813494477096,-0.491847876043635,0.6734697541728413,-2.239499130317139,2.341999984232927,-0.462602,0.278839,0.152786,0.535446,0.569285,-0.607691,0.141151,-0.505771,0.195642,-0.129088,0.734028,-0.0408802,-0.470177,0.488329,68.26359837678838,2.2884548852874893,-3.3324047175741414,15.062522307885306,0.7286209457472097,-1.609029150314683,3.508274638448887,11.055681008943685,-0.696608,0.0638949,-0.228295,-0.260963,-0.115059,0.0882373,0.954397
24.5389564037323,0.5916759530688976,16.094441577181748,0.03427060226335133,0.6085193248840131,-2.4519271974655603,2.0029103235294037,-0.462803,0.279037,0.152786,0.533677,0.570412,-0.607554,0.143868,-0.499342,0.197335,-0.127632,0.712113,-0.0355588,-0.481956,0.509264,69.60789031111642,5.132964985808586,-4.669230746776222,16.127120652045935,-1.2321712864839078,-1.3914305973705083,6.186632937121416,11.188855956868647,-0.681242,0.0575534,-0.231622,-0.282221,-0.135591,0.0684937,0.947246
24.612257480621338,0.4879365572965295,14.532352883404352,-0.6536554074310569,0.5208748420185975,-2.4095259296559783,1.3022244105050151,-0.462382,0.279518,0.152908,0.527641,0.573575,-0.608625,0.148937,-0.491631,0.200077,-0.127996,0.698214,-0.0305254,-0.486549,0.524248,70.49873485108488,6.062536921497827,-5.971853453609276,16.888267383060814,-4.100927228837126,-0.5764339130342897,6.285899683832089,9.61705342040215,-0.666137,0.0519645,-0.234424,-0.324373,-0.145853,0.0495456,0.933303
24.685548067092896,2.0467547962762134,15.25487331954217,-0.8216024060832167,0.5268816352612224,-2.53565669750839,1.4759123978463458,-0.462255,0.279674,0.152598,0.522556,0.575623,-0.610333,0.151945,-0.487957,0.199416,-0.128386,0.690405,-0.0323024,-0.488887,0.532247,71.39380193054748,6.293949958246885,-6.450468071622193,17.679627062715348,-3.6599701682348513,-0.8944258977463377,7.550475473991978,10.619071639560122,-0.657798,0.0473792,-0.236769,-0.311395,-0.144425,0.0847528,0.93541
24.758662462234497,2.314408498321619,15.001825069146914,-2.291041891828219,0.40107223041231127,-2.1759273035396407,1.6392117779993909,-0.461649,0.279406,0.152521,0.524139,0.573619,-0.611418,0.149692,-0.489135,0.197047,-0.127985,0.693782,-0.0382022,-0.485878,0.530217,71.78668459801261,5.980790221106007,-6.138626102351697,17.70156052672346,-2.684680161461948,-1.1902131925877448,7.828426382629839,11.390285467370846,-0.661144,0.0469931,-0.234962,-0.30045,-0.13967,0.103396,0.937833
24.831526517868042,0.7727394699891607,15.324667391284835,-2.730413413637805,0.3470456423011017,-1.695112596998207,2.135046089633129,-0.461418,0.278998,0.152461,0.528945,0.570655,-0.610841,0.146433,-0.495867,0.193167,-0.128004,0.706688,-0.0457012,-0.473954,0.523327,71.84546267724349,4.463192746554352,-5.582504921608588,16.42623225643459,-0.17873487208473193,-1.2795310020649104,6.50989791103246,11.919774787637436,-0.675885,0.0474942,-0.228039,-0.283357,-0.132876,0.108895,0.943501
24.90426802635193,1.356642791914331,16.151678456241218,-2.973490491301676,0.5128541065883214,-1.6673930882046746,2.419725143576999,-0.461476,0.278613,0.152378,0.533311,0.568574,-0.6099,0.142569,-0.502402,0.189006,-0.129038,0.726797,-0.0528576,-0.461872,0.505615,70.92570091156591,2.0704819089546715,-4.249396211434467,16.15071788585424,1.1457079786205142,-2.5997391024677583,5.112583616776727,12.560259582107962,-0.689666,0.0480459,-0.222341,-0.27009,-0.110567,0.112655,0.949808
24.977080821990967,-0.41748382599566447,15.484544847018345,-3.1015849577064123,0.6190069703291793,-1.3053863461546178,2.67694856473937,-0.4628,0.278651,0.152857,0.538926,0.56952,-0.604431,0.140959,-0.510456,0.187468,-0.128436,0.734789,-0.0533979,-0.446605,0.507718,71.20991205208138,0.8388628090446302,-4.316349429057755,13.947297205402439,1.757681129137051,-1.6791067127798662,2.8701845271156237,11.400753517972985,-0.701273,0.0479363,-0.216384,-0.268023,-0.0962792,0.118081,0.951289
25.049713134765625,-0.9293878734055216,15.519170884799077,-2.0294115543359608,0.580022508361133,-1.5819851595491672,2.6531458330368283,-0.463807,0.278538,0.152992,0.541852,0.568022,-0.603689,0.138948,-0.511213,0.186155,-0.12741,0.730322,-0.0542112,-0.447771,0.513022,71.78061032481801,1.825851348691557,-4.489322726575436,14.497970182705371,1.1162410101014757,-2.347368235715841,4.323567383489657,12.013604810476878,-0.701585,0.0455194,-0.213536,-0.276144,-0.106295,0.11915,0.94776
25.12234878540039,0.6577202904261704,14.727301614630951,-3.670504320890419,0.31786401199941017,-1.7923285047550004,2.2659196687359437,-0.463437,0.278764,0.152947,0.53762,0.569268,-0.605585,0.142006,-0.503651,0.185413,-0.125687,0.712981,-0.0585326,-0.4552,0.530118,73.65830641862446,3.4605224421297116,-5.183266969535815,15.761154143102916,0.10009032727480616,-1.7423988160950437,6.193311756089223,12.237857008611975,-0.687238,0.0390604,-0.218022,-0.280324,-0.115695,0.131276,0.943822
25.194653272628784,2.3772700260753306,13.758401489117917,-3.7191868866409212,-0.3030960226471363,-2.0201800892035435,1.715459779558509,-0.462951,0.278856,0.152851,0.533573,0.570836,-0.607154,0.144258,-0.496042,0.188187,-0.125255,0.695367,-0.0557961,-0.471604,0.539391,74.18993116195688,5.8399158504318756,-5.415016972822165,16.315752731126867,-1.2386510571933478,-2.1516598252744146,8.896186638871729,12.986678021594615,-0.671389,0.0325455,-0.219119,-0.274399,-0.167635,0.107931,0.94072
25.267192125320435,0.4874760639079203,12.116991130077547,-3.732747481150964,0.2910020806114294,-1.8972244564427432,1.3525993722151721,-0.462025,0.279136,0.15261,0.526808,0.573414,-0.609554,0.14871,-0.489498,0.191948,-0.126959,0.685063,-0.0454642,-0.474634,0.550767,74.41458398536759,6.468919597298887,-7.1746347685832745,17.688070579358854,-3.5259519876369296,-1.6445716584009382,9.415995822194956,11.986080586008827,-0.658384,0.0329543,-0.226687,-0.324264,-0.13509,0.0957798,0.931359
25.354172945022583,0.31510744883982855,13.303454802132759,-2.1359502974473403,0.6473591739660058,-1.717885179069789,1.7766689390933033,-0.461787,0.279006,0.152364,0.527029,0.572209,-0.610312,0.149452,-0.4899,0.191671,-0.127377,0.687752,-0.0465019,-0.473885,0.547966,74.11554478225041,6.143553616312483,-7.080255914937551,17.316022803365914,-3.0960064654548454,-1.4177706583327527,8.731508016416669,11.687506676970164,-0.659299,0.034613,-0.2282,-0.311684,-0.131514,0.121633,0.933147
25.426891088485718,-0.1691088717510303,14.214012801355947,-2.9330705139210758,0.5439021142885381,-1.452332611847088,2.217565836568375,-0.461639,0.278734,0.152392,0.530053,0.57109,-0.609715,0.145424,-0.494961,0.186568,-0.126413,0.701014,-0.060145,-0.46445,0.537818,74.54400822479627,4.334864095964758,-5.66245978129212,16.674930381901632,-0.4090768267082865,-1.716848397743771,7.728224566521686,12.71814635402007,-0.671713,0.0342388,-0.222534,-0.294048,-0.122594,0.133959,0.938382
25.49914789199829,2.2086557094598978,16.197291387844988,-3.9112307450740773,0.35373372344466014,-1.5399204865808958,2.592182442337527,-0.461751,0.27827,0.152336,0.537994,0.566353,-0.607966,0.142069,-0.501795,0.179702,-0.126394,0.716444,-0.0769348,-0.444558,0.532126,75.32975267331747,2.149099584403023,-4.745465460905063,14.017957821576353,-0.13010748224488822,-1.8204838169914517,4.734811564179742,11.660686779622472,-0.687434,0.0323247,-0.212829,-0.271924,-0.116728,0.135499,0.945554
25.571738481521606,-1.185398444856495,15.722475826015728,-4.1406052139767775,0.23592114245472112,-1.0582848836665149,3.000520219077404,-0.463455,0.278192,0.152847,0.543235,0.567434,-0.60315,0.138292,-0.509738,0.178941,-0.125983,0.723462,-0.0704444,-0.43965,0.527587,74.53251239617114,1.862763029689964,-4.491896221602591,14.150780925519538,1.3033643142056413,-3.2432874273483634,5.713263477198301,13.217757483030601,-0.697659,0.0311246,-0.206533,-0.272814,-0.105881,0.133774,0.946819
25.643956422805786,-0.27693788419737436,15.462887798312268,-3.504125790002837,0.34902969876002593,-1.4346654848432354,2.6860818555838812,-0.463908,0.278312,0.152933,0.542162,0.568497,-0.60275,0.139869,-0.507751,0.178788,-0.124883,0.714439,-0.0650026,-0.446981,0.534379,74.61712239113325,3.20145102551977,-4.958232327056343,16.26695098483154,1.7916277486312886,-4.238268066910482,8.84268402941932,15.224838226963708,-0.693162,0.029837,-0.208367,-0.279185,-0.107296,0.147124,0.942814
25.71713638305664,-0.415193568070921,13.48164897478513,-5.41999112041778,0.06998364028501906,-1.4063459246898737,2.240235401769269,-0.463515,0.278465,0.152775,0.536587,0.571456,-0.604726,0.140777,-0.501294,0.180531,-0.124373,0.704164,-0.0689267,-0.455172,0.540575,75.72405412856195,4.005875491924439,-4.852327759579037,16.53465788490333,0.673578803380444,-3.266928555528679,8.983757247351619,14.619619298375731,-0.679709,0.0258307,-0.213133,-0.294729,-0.113523,0.153636,0.936292
25.79048228263855,0.6120707875639051,11.814036521974092,-6.411411417447277,0.06837301928870192,-1.5018810847012398,1.7318662849673485,-0.462677,0.27872,0.152828,0.53135,0.572413,-0.606785,0.147728,-0.49244,0.18507,-0.124978,0.680015,-0.0586694,-0.461186,0.566961,77.03813322136071,6.456233058785819,-7.424393565548176,16.347743265357593,-2.5870415515506924,-1.7060758539622647,9.80892227705777,12.593366241334891,-0.658512,0.0214216,-0.220562,-0.310118,-0.109399,0.144238,0.933303
25.863025188446045,0.0313972066849544,12.059816678647817,-3.672339763110219,0.25783607652369517,-1.7092600039547539,1.5482758922994666,-0.462283,0.278903,0.152447,0.526826,0.574612,-0.607766,0.151315,-0.488054,0.186847,-0.125929,0.681104,-0.0609505,-0.456724,0.569022,77.41550232579839,5.348047968618423,-7.779138436602052,15.923163276999105,-5.071686321875944,0.811672238677069,6.779708035612279,9.049967582934682,-0.652206,0.0212456,-0.221743,-0.332412,-0.13816,0.129279,0.92396
25.935599088668823,-0.5978951572447535,13.151601737793248,-2.610121451334595,0.5118655262087919,-1.5181207539458907,1.8023408098190523,-0.462098,0.278777,0.152344,0.528152,0.573078,-0.608353,0.150144,-0.489241,0.185685,-0.125959,0.680753,-0.0596133,-0.462814,0.564645,76.80782458897545,6.002094018993553,-7.369498791192074,16.664836940064855,-3.2483469947132573,-1.3440287662734889,9.084240327026873,11.899539971479816,-0.65679,0.0221213,-0.22031,-0.33417,-0.136133,0.127753,0.923839
26.008259057998657,-0.7127789136707285,13.621522340908172,-3.7828738743169645,0.3455431105479878,-1.1982979144018977,2.2858851493391157,-0.462028,0.278497,0.152353,0.531649,0.57112,-0.607914,0.147011,-0.494299,0.181294,-0.125496,0.695489,-0.0707532,-0.455014,0.55159,76.59504599990527,4.185904915269105,-5.961973169007182,15.905833830968888,-1.0088738013573888,-1.818593745808709,7.758088824394834,12.5978825430356,-0.667079,0.0202867,-0.214855,-0.3011,-0.125612,0.144447,0.934182
26.08069348335266,0.6424547015030251,14.77698367169181,-5.1980718033392295,0.3615433944950945,-1.0954327025669195,2.451331967218417,-0.461953,0.278137,0.152289,0.538249,0.568703,-0.605466,0.142397,-0.502719,0.174131,-0.125434,0.710942,-0.0813087,-0.440958,0.541762,76.66757610730428,2.3014629775693853,-4.84032108053884,15.155343587698212,2.1491857073101492,-4.319966021589526,8.223746167199597,15.24858917153129,-0.686225,0.0197331,-0.204463,-0.296847,-0.102905,0.147778,0.937792
26.153473377227783,-1.7117822733757426,13.794543228990742,-6.321738095212599,0.17800990251016766,-0.4417006114046004,2.7689794420464144,-0.463472,0.278005,0.152797,0.544051,0.567515,-0.602423,0.137919,-0.510432,0.173339,-0.124734,0.717372,-0.0768331,-0.428331,0.544066,76.82430378564096,1.8104765637013993,-5.531428719305538,14.909007218484565,2.040575709451524,-4.077824708113145,7.610998817102239,14.735527227526697,-0.6957,0.0192431,-0.199334,-0.28632,-0.0912382,0.160843,0.94012
26.22558069229126,-0.9998058443608936,14.125015530539569,-3.336933051905409,0.5176464207299144,-1.0599897914469372,2.4684869001701633,-0.464208,0.278024,0.152934,0.544502,0.568243,-0.601184,0.138545,-0.509498,0.173379,-0.123938,0.715672,-0.0805355,-0.432078,0.542805,76.83956511133104,2.0454064269027405,-4.791900488557848,14.27044848106906,1.4279161365029154,-3.598384599343973,6.903559282171885,14.08287052419161,-0.693262,0.0174963,-0.199462,-0.294859,-0.0912766,0.143591,0.94027
26.29817771911621,-0.6274204657970871,13.14264202857945,-3.8116271938684005,0.3070997807410256,-1.2390322810649512,2.103594670005188,-0.463547,0.278281,0.15275,0.539287,0.57066,-0.602335,0.143907,-0.501281,0.174884,-0.123629,0.699726,-0.080613,-0.444052,0.553808,77.59723513905189,3.6179810371108365,-5.076238759480496,14.562854409764673,0.5344030350552949,-3.205306778369714,8.240960976550486,14.133265030097345,-0.678125,0.013458,-0.203767,-0.307373,-0.112151,0.15127,0.932771
26.38976788520813,-1.2308717617430445,10.083054103559466,-7.213114023959157,-0.3139351062006332,-0.8968894944579194,1.6681661920858337,-0.462716,0.278471,0.152644,0.532686,0.57221,-0.60534,0.149619,-0.491296,0.178649,-0.124223,0.675168,-0.0728912,-0.454765,0.576214,78.90092422185653,6.250273875020442,-7.017308452689123,15.239963864183935,-2.1199994463554095,-2.816643695043979,10.643379010449989,13.80148046986147,-0.654896,0.00681088,-0.209802,-0.336869,-0.119942,0.165266,0.919141
26.4621524810791,1.5288804838508219,10.989149064643408,-6.874142046135437,-0.2550029843715629,-1.2505302211248563,1.31922579865604,-0.462292,0.278725,0.152398,0.526539,0.57476,-0.607737,0.151867,-0.48509,0.178332,-0.124093,0.6675,-0.0780714,-0.459683,0.580552,79.8526872142182,6.448294030299875,-6.964030746772904,16.38760489150843,-2.6922570266021246,-3.239302267563179,11.863219416202938,14.595696139325918,-0.6443,0.00262349,-0.21101,-0.342883,-0.131877,0.166636,0.915026
26.53521156311035,0.43264225612214174,12.391391403627631,-5.809209516734681,0.6684568765554917,-0.09977083426060082,3.6103052248255896,-0.462076,0.278537,0.152299,0.528164,0.572957,-0.608456,0.150149,-0.467638,0.176858,-0.101376,0.580498,0.419534,-0.0929018,-0.691652,-94.45214396180457,18.001017378099252,43.00654092833616,23.104449291644794,46.22708474509774,211.65431656498745,154.61098810915607,163.3926278867564,-0.650027,0.00322421,-0.20893,-0.335986,-0.128257,0.166496,0.918119
26.608365535736084,0.4463424517067567,14.397609449973201,-5.184938777849435,0.937319972896017,0.08407752059917571,4.232710601680017,-0.462046,0.278284,0.152244,0.531884,0.571083,-0.607941,0.146188,-0.473215,0.172944,-0.101538,0.570386,0.414587,-0.0944397,-0.702751,-95.18059808217217,19.00928495653871,42.42287079633251,22.352545561190833,54.61224817542718,214.96908884166092,155.60908169186496,164.15439280807962,-0.664485,0.00628646,-0.204207,-0.318689,-0.119861,0.170413,0.924678
26.682316303253174,-0.2063527430724301,17.764342328179417,-5.026430293051281,-0.6386050142427105,0.1655718922465154,5.039676532744923,-0.462625,0.277869,0.152335,0.540881,0.568976,-0.603212,0.140885,-0.480311,0.165356,-0.108253,-0.319314,0.234174,0.465814,0.79134,35.528681316297835,73.23926925397973,27.843063384656514,-18.709101521657796,-90.51815757858142,-48.18445575524732,28.729763986344437,20.316196036297498,-0.685683,0.00757882,-0.195923,-0.30675,-0.0930357,0.162823,0.933133
26.755803108215332,-1.5102902054724108,17.169875019543554,-7.970990727124719,-1.141869327016224,1.159791582985371,5.032010162811695,-0.46424,0.277892,0.152926,0.545339,0.568072,-0.60094,0.137007,-0.486143,0.164847,-0.107297,-0.317685,0.241796,0.463932,0.790808,36.34955865273242,73.18980578831376,26.908070345738192,-19.378733446143503,-90.55772920248631,-48.21189828278376,29.15008430556868,20.711361662088144,-0.692288,0.00634539,-0.191801,-0.304653,-0.0808453,0.163517,0.934833
26.82975196838379,0.5302329178671796,17.58240116967429,-7.50798531913497,-1.3895387946775675,0.34524263451884407,4.641376749994625,-0.464232,0.277929,0.152836,0.542755,0.568916,-0.601264,0.142242,-0.480128,0.165715,-0.105635,-0.318931,0.225594,0.474434,0.788861,35.67009286301677,74.33851542550362,28.54919407541626,-20.481996221337585,-90.11999327109422,-47.76649108177035,29.648161340327068,21.42175677126663,-0.680594,0.00179588,-0.19319,-0.314713,-0.10007,0.168486,0.928738
26.90402913093567,1.8971686856954704,17.513841386152293,-10.967673391089637,-1.677831155260382,0.8660429685653194,4.397847212594573,-0.462793,0.278041,0.152591,0.534156,0.572296,-0.604397,0.14785,-0.468867,0.170421,-0.105568,-0.332003,0.205075,0.483835,0.78334,31.73144072318883,74.5517835002049,33.99530669995681,-20.145511041829746,-91.0675093036414,-48.770465372395556,30.36860904399783,21.094334126874365,-0.656104,-0.00399083,-0.202149,-0.323081,-0.101083,0.17799,0.92397
26.977829933166504,1.1338953329392776,17.175421839397252,-10.392730635357305,-2.470631815104215,0.7324924279648987,3.8453554771930745,-0.462907,0.27854,0.152638,0.527622,0.575627,-0.605166,0.155055,-0.461453,0.17703,-0.106952,-0.354934,0.183674,0.482645,0.77932,24.01191597763083,74.32893974012975,41.803847627662336,-17.64862660171386,-89.95499650566525,-47.79154592929104,29.276469078525192,20.745544206822146,-0.639825,-0.00492527,-0.206671,-0.35413,-0.12859,0.165399,0.911427
27.051185131072998,2.006855351811559,18.44554305071992,-7.175203176729084,-1.959753058370235,0.13758821902534346,3.9057092971100684,-0.462363,0.278729,0.152151,0.522158,0.577931,-0.607,0.157792,-0.45679,0.178056,-0.107395,-0.355126,0.172918,0.480379,0.783084,22.99019085783641,74.7409647442148,42.51227708648952,-15.604127386297382,-88.59078712921605,-46.40158494264262,27.131568264304693,19.419491317734323,-0.633294,-0.00387152,-0.210365,-0.35646,-0.141488,0.171421,0.907487
27.124191284179688,1.4913479518991195,15.07625875854475,-7.77698153526604,-1.805168661741046,0.7312117541372235,3.278422746116243,-0.461675,0.278343,0.152161,0.525987,0.573428,-0.608804,0.154514,-0.46006,0.17452,-0.106894,-0.343035,0.184712,0.480845,0.785491,26.124093666596057,74.73108823294915,39.22152375948252,-17.01078569458988,-88.94051461107722,-46.70913852244629,27.791474151421706,19.81555565397707,-0.642334,-0.00340869,-0.206385,-0.348754,-0.135563,0.169618,0.911714
27.197240114212036,-0.16259065018040486,13.063282087893555,-11.958877868374332,-2.1395751958727,2.1185486712724098,3.4255851042192496,-0.461409,0.278078,0.152248,0.53246,0.570905,-0.607256,0.147627,-0.469155,0.16691,-0.106797,-0.326228,0.214878,0.484276,0.782866,33.94808457673288,73.51727441405022,31.818811499557626,-19.05708590990385,-90.39868977028104,-48.11721888375653,29.63093980890396,20.734210906458664,-0.662927,-0.00448345,-0.195365,-0.329052,-0.110254,0.178355,0.920738
27.269649744033813,0.21970295961184888,12.736335424878229,-13.44157751435931,-1.9456058870974178,2.792848414546731,3.6476150593243792,-0.462692,0.277385,0.152517,0.546566,0.566261,-0.601082,0.138978,-0.482724,0.158829,-0.105306,-0.315964,0.243833,0.486427,0.777239,38.6786467839625,72.81090360434541,27.295610721213087,-20.10538878262491,-91.54019371940501,-49.239016630327406,31.09236077537792,21.95043684651922,-0.686694,-0.00753783,-0.182064,-0.315842,-0.0834974,0.188533,0.926136
27.36099624633789,0.7301410799176152,11.544742116378174,-12.139147745420225,-1.8570298278291524,2.3743990435308087,3.0944346154794578,-0.465512,0.277524,0.153364,0.550145,0.567835,-0.597926,0.131868,-0.488415,0.159042,-0.103293,-0.321178,0.245502,0.486386,0.774598,38.25914959494812,73.18341790181624,28.436990117307666,-18.601906467497717,-90.60767230332046,-48.307950632547595,29.841324456301162,20.48623638875866,-0.689772,-0.00958735,-0.178155,-0.317125,-0.074246,0.184515,0.927293
27.43461585044861,3.926039508318812,13.011772487969495,-11.372947809294642,-2.0910025789423328,1.8472643083629612,2.5616094149910564,-0.464762,0.277795,0.153126,0.543893,0.569547,-0.599927,0.141009,-0.478962,0.163317,-0.103336,-0.328032,0.226034,0.492668,0.773681,35.43922797793823,73.82619878717503,31.617610228323983,-20.170828104793262,-91.09298560923492,-48.80587511838713,30.98325859852094,21.70710336898955,-0.673604,-0.0113902,-0.184098,-0.331954,-0.0967343,0.188719,0.919148
27.50731873512268,2.7156295583596544,13.928482693119232,-12.3592143387572,-3.1787619668600366,1.8925421881428102,2.5613305109792086,-0.463474,0.278057,0.152815,0.534699,0.572724,-0.604031,0.145708,-0.468069,0.169709,-0.104943,-0.350083,0.200461,0.495111,0.769495,27.70802211402502,73.8855568881577,40.33966846966462,-16.427162611635598,-89.47729487686362,-47.32736267906308,28.979515143437272,20.223003944560247,-0.652179,-0.0149418,-0.189711,-0.352947,-0.13757,0.170079,0.909712
27.581049919128418,3.0883283520864073,12.800945746024256,-12.236540884071069,-2.7762655667826848,1.8074842277813026,2.351071131825077,-0.462723,0.278713,0.152562,0.523005,0.578628,-0.606047,0.156086,-0.457741,0.173895,-0.105687,-0.357202,0.182165,0.498178,0.768792,26.024343799686434,73.68712373388789,42.134155888146445,-16.135855551943,-89.41067006505125,-47.27990593642624,28.822245129798414,19.935974862988452,-0.630071,-0.0172581,-0.198602,-0.362041,-0.132965,0.181921,0.904517
27.653781175613403,5.724393688640238,15.035407092755898,-10.467108261547773,-2.3457382437880416,1.3937259430603537,2.495063401398644,-0.462407,0.278532,0.152464,0.525143,0.576392,-0.607016,0.15339,-0.457037,0.171076,-0.103737,-0.346014,0.180981,0.504831,0.769848,28.28932158754554,74.75594010096431,40.61148288469189,-16.242593797545158,-90.43717183996947,-48.22731495103351,29.020760079232655,19.883444818284826,-0.632326,-0.0167846,-0.198407,-0.358112,-0.134484,0.192599,0.903646
27.7272789478302,2.49536058369346,12.989241742736212,-11.365893681774784,-2.3943433995060985,1.9365814630050646,2.510821401731981,-0.461933,0.277925,0.152513,0.53113,0.572515,-0.606417,0.149618,-0.463656,0.166382,-0.104022,-0.333271,0.203168,0.500746,0.772597,32.89937524087524,74.02746262481458,35.160250412608015,-18.445329616535535,-92.06060094889261,-49.80012749710159,30.469927934434757,20.494105791072208,-0.649217,-0.0145037,-0.191813,-0.361737,-0.119004,0.183972,0.906167
27.800933361053467,3.868020542533122,12.328820957676607,-12.171174976085746,0.17900759293786658,2.375687102416126,3.3053078716251294,-0.461997,0.277318,0.152441,0.542409,0.56774,-0.602142,0.144531,-0.479676,0.160061,-0.0979241,0.584616,0.384311,-0.116335,-0.704979,-91.94798517252951,20.539009301625036,42.665234155469655,23.66547886588931,64.77607640179458,217.89041653201414,155.4728554337947,164.40689821484486,-0.674894,-0.0138733,-0.181794,-0.324262,-0.0890836,0.196005,0.921141
27.873677492141724,0.9159714746116483,11.376508076205123,-12.587814931585132,0.13340070043718555,2.985939306627386,3.28357654017849,-0.46398,0.277056,0.153168,0.550133,0.565515,-0.600039,0.132287,-0.491731,0.159105,-0.097569,0.581731,0.370209,-0.107214,-0.716268,-91.81136210500802,20.82938264156783,43.43676957713044,22.857317623445194,67.89981658363183,220.00749530912447,156.80302097663431,165.4186978094508,-0.693165,-0.0115494,-0.173791,-0.319565,-0.0708911,0.197928,0.923947
27.94633913040161,3.8386022589042117,12.577566224750212,-10.078325213524227,0.2884809021892434,1.6224158781829192,3.1891145889255483,-0.465116,0.276905,0.15308,0.550043,0.567151,-0.59846,0.132806,-0.491789,0.159062,-0.0967849,0.582221,0.37561,-0.104902,-0.713394,-92.15569686878437,20.31555000771135,43.05902700791816,21.78541529288489,65.61160078977228,220.24791851907503,157.8328412417274,166.16472220199486,-0.691926,-0.0118723,-0.174618,-0.324482,-0.0778098,0.197481,0.921769
28.019845962524414,5.037806277092373,13.693262849428818,-11.259493525045494,-0.04447782577607839,1.5926551229157047,3.2262502009051217,-0.463076,0.277078,0.152553,0.540514,0.569194,-0.602894,0.142765,-0.478257,0.162057,-0.0968252,0.593266,0.38742,-0.109081,-0.697167,-91.25638250173083,19.262973930452123,43.55341356006375,21.383827886838485,56.81864271443342,216.62971369766998,156.9096380483466,165.288861209016,-0.668507,-0.0167881,-0.18171,-0.334022,-0.0955531,0.18878,0.91851
28.094297885894775,5.163588138185017,12.482516883507733,-14.203035159153105,-0.6438570552742432,2.0883934965475044,2.5720496968437714,-0.461755,0.277296,0.152378,0.532431,0.572089,-0.606044,0.148129,-0.467165,0.168306,-0.0967012,0.60453,0.404053,-0.103089,-0.678717,-90.85988920750613,17.065927195726164,44.154708713289615,20.404990071039332,41.81162143195968,213.2955254653922,157.8256413142385,165.9263448514644,-0.644258,-0.0200693,-0.188739,-0.363621,-0.111263,0.197155,0.903621
28.168242931365967,5.2707640438280725,12.977138595702147,-13.442677670472758,-0.44688422708779685,1.6955489872586003,2.7181201154832126,-0.461276,0.277825,0.152152,0.523579,0.57525,-0.608213,0.158208,-0.458456,0.171997,-0.0971802,0.617581,0.414486,-0.101002,-0.660752,-90.26101493379329,15.727062539932323,45.0017704864463,20.842393777466594,33.67718448012616,211.99297118736962,158.46186855783017,166.37826599650938,-0.624508,-0.023192,-0.195767,-0.369756,-0.114322,0.197837,0.900595
28.24216914176941,6.649682563421937,13.452441019029955,-11.465654003834361,-0.3597106798612143,1.32966116191388,2.84648762476149,-0.460308,0.277768,0.151869,0.521632,0.575029,-0.610053,0.158355,-0.455017,0.170235,-0.0959716,0.615605,0.424918,-0.107204,-0.654967,-90.1891188946206,14.977072015462568,43.96794934392568,19.995118825735712,31.215991555524056,214.41316960438377,161.3771853114234,168.9853362072408,-0.621647,-0.0242217,-0.194859,-0.360884,-0.135289,0.200746,0.900645
28.316319704055786,5.453910880694443,12.923820069428032,-11.312414827016026,-1.240551067625868,0.15560252509473546,0.6294147647314794,-0.46102,0.277412,0.152098,0.52957,0.572278,-0.607375,0.152149,-0.482149,0.164571,-0.118704,0.6543,-0.0983512,-0.439136,0.607764,84.22953535305166,6.628459132867706,-8.06052367345957,19.422383590711554,-2.1254885522982185,-4.614620603141066,11.784205710126454,18.093338767091748,-0.638531,-0.0223768,-0.187282,-0.357666,-0.129937,0.192177,0.904577
28.39029097557068,3.0535357683528463,12.707263927650295,-10.394058449582015,0.3840418952788242,1.8857062802396065,3.2994892129668,-0.462086,0.277485,0.152669,0.538037,0.569067,-0.604979,0.143802,-0.475852,0.159869,-0.095595,0.594374,0.392343,-0.112713,-0.692879,-90.9426217918825,18.865288875531405,43.34047697530564,19.889032070098676,57.17266499001407,219.41142227371193,159.76053273315367,167.61274441455748,-0.66481,-0.0210645,-0.178378,-0.339031,-0.08649,0.201551,0.914852
28.46407461166382,2.360754681509552,13.40769799327796,-10.123522452826437,0.7200155349176594,2.062640079569901,3.8552073474742974,-0.464634,0.277085,0.153196,0.549931,0.568181,-0.597211,0.134482,-0.489612,0.156626,-0.0950455,0.591286,0.370672,-0.112292,-0.707371,-90.68097746838335,20.323517093965055,43.21346289694003,21.852136324995353,65.55381651780459,220.24099104263834,157.88849478859967,166.29002181148516,-0.686124,-0.0199223,-0.168781,-0.32195,-0.0703224,0.20459,0.921708
28.537221431732178,1.9161258497799656,12.818640832569612,-10.567293296671764,0.24192879499067338,2.041441493596724,3.5579143001086373,-0.46746,0.277358,0.15429,0.557,0.568562,-0.591738,0.127806,-0.49641,0.157528,-0.0931418,0.589681,0.347765,-0.120612,-0.71888,-89.4974959214731,22.44709663757951,43.06886496332574,24.090272311243563,70.91212943624718,215.07269889879356,150.7285203632336,160.52333219601414,-0.694175,-0.0188046,-0.163873,-0.331653,-0.0696896,0.201215,0.919055
28.610898733139038,3.1765276091525294,13.232685698308954,-10.450238945022333,0.4517376469964731,1.483959588689144,3.1746347186726713,-0.467273,0.277783,0.154254,0.550089,0.572514,-0.593116,0.133582,-0.489089,0.161623,-0.0929917,0.60458,0.376832,-0.102414,-0.694257,-90.02898369307421,18.37811823200573,43.65331933919212,21.162691478857607,52.681177726357035,217.03395298914543,158.52520926869585,166.679730187096,-0.677791,-0.0225128,-0.169338,-0.346024,-0.0709998,0.197497,0.914451
28.684264659881592,1.5810242712771274,12.936729893437597,-12.854605312348982,-1.273908460762542,0.0632474336060624,0.9454626856919824,-0.466602,0.27805,0.154234,0.545284,0.57348,-0.59555,0.138224,-0.502201,0.165334,-0.116338,0.661228,-0.080443,-0.407985,0.624383,85.55586994500666,6.643065194532318,-10.171678678270133,18.333276136927083,-4.018146605941929,-3.265316448868898,9.681646749385003,15.795552297073877,-0.658655,-0.0259911,-0.173547,-0.376993,-0.0878073,0.184474,0.903402
28.757592916488647,2.505432225973974,11.516323415870737,-12.902758673962657,-1.3335460475291108,-0.3026536423730369,0.5056435885627152,-0.466232,0.278665,0.154138,0.533496,0.581538,-0.596453,0.146419,-0.492755,0.169515,-0.117856,0.647315,-0.0779596,-0.423756,0.628758,85.5371651620583,7.226593457462001,-10.083734149555521,18.67595811670769,-3.9419757980902492,-3.106552365485257,10.077252205295476,16.073801464610767,-0.640718,-0.0263266,-0.183559,-0.3949,-0.101385,0.20159,0.890582
28.832253456115723,5.332356512896522,14.583747087322017,-9.02042389057725,-0.30248867094501797,-0.4467086477987396,0.6939332845179549,-0.46542,0.278585,0.15369,0.532496,0.579822,-0.598273,0.149414,-0.488498,0.169828,-0.118161,0.647329,-0.0817479,-0.43051,0.623653,84.93117593715148,7.323335376703608,-9.427144790476287,18.6490080163399,-5.005050653279495,-3.0213528215381587,9.8696632178698,15.104310675045717,-0.634327,-0.0250139,-0.188949,-0.371309,-0.098028,0.19173,0.903194
28.904834985733032,-5.097922284205551,-2.9420223138547152,-15.265532656457863,-2.5392341640055354,2.968854300971954,0.8142287657901459,-0.465226,0.278487,0.153743,0.536836,0.57863,-0.596956,0.143659,-0.494471,0.167553,-0.117518,0.6593,-0.08571,-0.425034,0.614266,84.71306551662796,6.267004861289147,-8.555866709762942,18.26945702623982,-2.884029266598837,-3.4724100119910695,10.269221902231475,16.592551772207226,-0.698017,-0.120367,-0.226147,0.704931,0.593484,0.0270616,0.387449
28.97798776626587,2.250722847708768,13.183160158958692,-9.29666781680652,-0.2917086276295217,0.37602277095807696,1.3776221308989014,-0.465359,0.278177,0.153828,0.542232,0.575225,-0.59659,0.138497,-0.503672,0.161407,-0.116618,0.680077,-0.0965335,-0.410788,0.599525,84.43849870482595,3.728293872364958,-7.501282846478369,17.772301219548332,0.7400908086722104,-4.559901830346444,10.807973979444949,17.72443545012016,-0.671185,-0.0195217,-0.1761,-0.343842,-0.0760127,0.191083,0.916232
29.050618171691895,2.5291087387755526,13.37260809872323,-10.290593341445923,-0.43803932998889084,0.5315006515559987,1.6610781237909005,-0.467287,0.277465,0.154343,0.55672,0.569163,-0.591185,0.128903,-0.519685,0.15693,-0.114672,0.702395,-0.100256,-0.390895,0.586338,83.69412818992289,1.9708859354488322,-6.586676706186026,15.622991885193375,2.2748252789980192,-4.826150128784626,9.803932954346479,17.207044365821577,-0.69803,-0.0154449,-0.164606,-0.331177,-0.0669812,0.20355,0.918914
29.123446702957153,2.2391520719172595,12.754939119851201,-8.391454959077011,-0.21717748007462803,0.22066032014799963,1.511130132111976,-0.469651,0.277848,0.155201,0.560929,0.57157,-0.586108,0.123063,-0.525516,0.158869,-0.11341,0.702708,-0.0912803,-0.391768,0.586845,83.4111979025535,2.7279522340253806,-6.409931338898783,15.986854417729141,2.1529553044871363,-5.5590957821904965,11.148751307542323,18.06467832260698,-0.703391,-0.014352,-0.163243,-0.328026,-0.0593695,0.203926,0.920483
29.196283102035522,3.960122388740314,12.923005484892984,-7.743213912848056,-0.20080999596603796,-0.33153212815683475,0.9279594637700181,-0.469236,0.278159,0.155121,0.554334,0.575045,-0.588152,0.126948,-0.518755,0.162014,-0.11428,0.693643,-0.0875964,-0.40355,0.590199,83.35254093305895,3.5953474782671986,-6.591801466919964,17.12698143513811,1.4016045937019364,-5.161479191093662,11.529881103944549,18.045101896200517,-0.692095,-0.0146535,-0.168441,-0.341224,-0.0739089,0.18669,0.918287
29.26854419708252,3.6335274587448523,12.672906414768535,-9.481537072029287,-0.43513168537492447,-0.39045338827061055,0.6964442494200229,-0.46841,0.278422,0.154891,0.548931,0.577698,-0.589188,0.133403,-0.510041,0.168609,-0.115976,0.674415,-0.0712048,-0.411453,0.608934,83.59004789803008,5.8144342595183724,-8.832279660752897,18.105709785960173,-2.574213702242055,-2.936667708269187,9.723221686067346,15.698046818063961,-0.672769,-0.0162112,-0.177051,-0.364501,-0.0778604,0.173789,0.911523
29.35707449913025,2.590784472385172,12.035806030864487,-8.919286203029582,-0.5781102301539719,-0.6490585556529112,0.6404356108135999,-0.467912,0.278803,0.154707,0.539726,0.581954,-0.591402,0.142371,-0.50028,0.173772,-0.118127,0.657829,-0.062388,-0.428415,0.616303,83.06345107055546,7.392046464546229,-9.525978527524959,18.675188640887214,-4.09936073639787,-2.8868808242530477,10.37279799296397,15.536138319321667,-0.653206,-0.0163687,-0.187434,-0.384303,-0.0978016,0.175977,0.900987
29.429876565933228,4.923223368658454,12.641954007173547,-7.594501535558737,-0.10171505281709571,-0.7541027614893736,0.5983705892635642,-0.466088,0.278683,0.153933,0.53525,0.581391,-0.595195,0.145723,-0.494253,0.17306,-0.118834,0.656779,-0.0697399,-0.435665,0.611534,82.9437275894921,7.189454667645603,-8.867538511910187,19.01780902967322,-3.6782456642005616,-3.2406889171589235,10.657400474927792,16.177338459173093,-0.647407,-0.0154469,-0.19165,-0.37252,-0.105393,0.187278,0.9028
29.50281262397766,-6.736149772922705,-1.853095305257122,-13.825936864465547,-2.3489815183753096,2.72006867231858,1.5985457218704926,-0.465966,0.278222,0.154185,0.541698,0.579334,-0.592248,0.142052,-0.498807,0.169274,-0.117171,0.671605,-0.0812941,-0.429774,0.598023,82.56179074819399,5.6364862203394175,-6.986229263127925,17.502107123837362,-2.8452994067784676,-2.8125207209106797,10.21621631361286,15.181592483854306,-0.712183,-0.110665,-0.230158,0.709588,0.604501,0.025318,0.361141
29.5762300491333,5.664256879210333,12.525130035223352,-8.662786204626336,-0.31240113680636744,-0.16362055488869737,1.1607197882114637,-0.465956,0.278043,0.154108,0.545842,0.576381,-0.592095,0.138798,-0.504171,0.162151,-0.115527,0.687356,-0.103977,-0.418989,0.584105,83.08937776816903,3.1804680278304884,-4.892455842954811,15.458907030988414,0.07786069475818636,-3.335514487032029,9.955268700827334,15.586878200728224,-0.675614,-0.0116067,-0.181443,-0.320582,-0.0970826,0.196607,0.921492
29.649030923843384,5.164447139634555,13.458487604123738,-7.654017468373606,0.08961977561023508,-0.08859684222622814,1.5739037363261417,-0.467031,0.277464,0.154283,0.555599,0.570827,-0.590373,0.130101,-0.516168,0.159494,-0.115522,0.704585,-0.103371,-0.403169,0.574742,82.48880943394646,2.002817076896916,-4.8510306606380285,14.44644866933529,0.9701100231305375,-4.243899376830349,9.203945477339577,15.766601071471966,-0.693805,-0.0103887,-0.174531,-0.312802,-0.0667764,0.187137,0.928803
29.721657276153564,1.8645661311707424,13.489472628363302,-7.313638348949736,-0.10225057263366291,0.11797654118432245,1.7903141077691729,-0.468977,0.277586,0.15486,0.560009,0.570744,-0.587349,0.125156,-0.522584,0.160763,-0.114864,0.70665,-0.0942794,-0.401943,0.574629,82.03034474071887,2.6267923788179184,-5.097952696337339,14.837222730310394,1.3939217274248605,-5.149573355224781,10.610991524296569,16.82400691011228,-0.702615,-0.00862793,-0.170126,-0.321353,-0.0705557,0.186192,0.92579
29.795051336288452,4.187991886655611,13.606866583630719,-6.259861137387998,0.043171460563297605,-0.5711988769817645,1.0178602433699122,-0.468725,0.277865,0.154709,0.553737,0.574918,-0.58832,0.129325,-0.516975,0.163184,-0.115495,0.698552,-0.0897834,-0.403672,0.583964,82.65856801332042,2.8149029202544495,-6.12945155868668,16.034700879180523,-0.08375831908108466,-3.5058141527200313,9.924641666515338,15.475568058494057,-0.691506,-0.0113082,-0.174239,-0.332797,-0.0776316,0.182039,0.921998
29.86748743057251,2.472189284325259,14.088602566062594,-7.986751017654298,-0.21203989747220894,-0.36879873292898496,0.9487020438933409,-0.467942,0.278107,0.154532,0.548766,0.576214,-0.590481,0.13478,-0.510364,0.169239,-0.117349,0.680143,-0.0671947,-0.411545,0.602927,82.493715203097,5.340357526540584,-9.028289921648724,18.505224142762316,-2.6939939567830056,-2.8382114244703693,9.169057593011933,15.27788947188878,-0.672519,-0.0156556,-0.177915,-0.360815,-0.0824389,0.16334,0.914514
29.940521240234375,0.9604280231478055,11.722746193560004,-8.867934824282756,-0.6247778795232042,-0.6399863199382623,0.5900039285752742,-0.466441,0.278507,0.154096,0.536095,0.582066,-0.59396,0.144959,-0.497734,0.173572,-0.120034,0.657041,-0.0613518,-0.426923,0.61828,83.11617411295569,7.047535289106752,-10.24312961222115,18.795678796843937,-3.732224856483775,-3.0270805911988816,10.167833248052444,15.638882203323599,-0.649641,-0.018589,-0.185449,-0.401281,-0.107386,0.160333,0.895397
30.013116598129272,4.545522645227167,13.982185124837331,-7.616546634597901,0.0941690572963464,-0.9804824382851017,0.730979315511009,-0.4659,0.278522,0.153626,0.532547,0.582668,-0.595986,0.147282,-0.491142,0.172281,-0.119409,0.648418,-0.0705943,-0.431156,0.623438,84.2836586004847,7.512030390149421,-9.898880187599868,19.24245990504553,-4.970561899083895,-3.298505056944318,10.225022678987822,15.38408279210429,-0.63916,-0.0206976,-0.191398,-0.377424,-0.0978591,0.177326,0.90362
30.086487293243408,3.897487216197481,14.20057375332317,-5.4812634198062655,-0.19824854139855325,-0.565018691319465,0.9176872324809605,-0.465477,0.27825,0.153756,0.537209,0.579381,-0.595724,0.144348,-0.494375,0.169265,-0.117924,0.658532,-0.0791497,-0.428452,0.613596,83.99614166830378,6.675680293584977,-8.683602071792553,18.630038160713134,-3.6223184842559775,-3.29535192555759,10.199804848380358,16.046569917351995,-0.650567,-0.0200706,-0.18291,-0.366615,-0.132933,0.161557,0.906544
30.159639358520508,3.664154494905485,15.553579143327076,-7.4227541621843445,0.0816257759952648,-0.1659890812013407,1.436475468419965,-0.465631,0.277973,0.153594,0.541362,0.576876,-0.595179,0.14108,-0.502356,0.161465,-0.116956,0.678301,-0.0993555,-0.409543,0.601922,84.746971461755,3.4250388039562374,-7.367926970171525,16.49874191115368,-0.025998294793772914,-3.3041406231849457,9.911261688827231,16.103392416087857,-0.671735,-0.0168543,-0.178786,-0.347799,-0.0901334,0.19054,0.913568
30.23205876350403,3.5256695547840566,15.350536849186533,-6.794055344279668,0.2590517447551847,-0.02793783549483572,1.851971765846763,-0.466422,0.277335,0.153491,0.551444,0.570591,-0.593412,0.134899,-0.514139,0.157002,-0.11702,0.700094,-0.102723,-0.394426,0.586297,83.55954841878962,1.5382478915959323,-6.656040402039993,15.352093859861485,1.6020976386467396,-4.471686483855702,9.3979100747682,16.397187407155933,-0.690067,-0.0164581,-0.170926,-0.325776,-0.0717241,0.201504,0.920935
30.30471396446228,1.131796408468486,14.232353853884666,-6.56350466702752,0.20659834279896844,0.1726144445976015,1.9265060722974614,-0.468759,0.277517,0.154125,0.556789,0.57015,-0.589333,0.132672,-0.52131,0.157286,-0.115665,0.704843,-0.0992368,-0.388611,0.585089,83.14581306128161,1.3250758008428276,-6.5675772244119255,14.442570703735813,1.9661189108235462,-3.7907804115476793,8.528007880001201,15.561742150081402,-0.698438,-0.0163491,-0.166468,-0.32945,-0.0618657,0.198183,0.921064
