# Timestamp, Fx, Fy, Fz, Tx, Ty, Tz, FemurPosX, FemurPosY, FemurPosZ, FemurQuatW, FemurQuatX, FemurQuatY, FemurQuatZ, TibiaPosX, TibiaPosY, TibiaPosZ, TibiaQuatW, TibiaQuatX, TibiaQuatY, TibiaQuatZ, Flexion, Adduction, Rotation, Anterior_Posterior, Medial_Lateral, Proximal_Distal, Medial_Joint_Gap, Lateral_Joint_Gap, FTPosX, FTPosY, FTPosZ, FTPosZ, FTQuatW, FTQuatX, FTQuatY, FTQuatZ
0.020621061325073242,8.998371052673283,-5.175750296771635,4.617153477542178,1.2156345453568163,-1.9889195882222535,-1.2590909024569168,-0.392281,0.277755,0.0241957,0.552533,0.485737,-0.66062,0.149491,-0.38456,0.189062,-0.214534,0.739917,-0.0556494,-0.629566,0.230376,49.3879044423926,8.347955231720896,14.54779323840437,11.232738676478103,-13.542454686669817,-3.2823502680145857,7.043374937249758,7.740831118649732,-0.560621,0.174143,-0.401597,-0.0162954,-0.258797,0.0548238,0.964237
0.08283019065856934,9.035099287038463,-5.1769463869653585,4.489871537250537,1.1552715886897567,-2.015196263656369,-1.2725570061664564,-0.392341,0.277788,0.0241861,0.552531,0.485594,-0.660815,0.149101,-0.384784,0.189109,-0.214493,0.742024,-0.0534616,-0.628181,0.227885,49.05813701215006,8.053153507341708,14.425751875508588,12.215479792183643,-13.719317697271467,-2.915952296291092,6.040990972703283,7.6844344436678265,-0.560341,0.173117,-0.401718,-0.00972337,-0.252507,0.0499125,0.966258
0.13599252700805664,9.068997858941284,-5.189144542306979,4.288925369712577,1.1275328181834348,-2.025475676203734,-1.3145975780689754,-0.392351,0.277788,0.0241942,0.552933,0.485255,-0.66069,0.149269,-0.384852,0.189106,-0.214518,0.742209,-0.0538915,-0.627856,0.228076,49.056658371384465,8.04345600284798,14.428225920060228,11.944103020991157,-13.79567520271016,-2.913717877702556,6.171364262765186,7.6859845395124555,-0.56005,0.172644,-0.401981,-0.00862283,-0.247977,0.0435168,0.96775
0.19063711166381836,9.029787327058123,-4.955134820405837,4.515452796929898,1.1670933878401568,-1.9860159130765116,-1.2286003975423767,-0.392339,0.277767,0.0242094,0.552783,0.485911,-0.660437,0.148811,-0.384874,0.189117,-0.214522,0.742348,-0.0539952,-0.627686,0.228069,49.147500201646274,8.036974727108403,14.497894955071295,11.960876348589746,-13.833408249031848,-2.878274218144295,6.1096311486141825,7.688946762739791,-0.560752,0.173466,-0.401404,-0.01213,-0.256282,0.0532664,0.965057
0.24404025077819824,9.091838222221961,-4.905294809898477,4.790684087503148,1.2094136390210797,-1.9767236816567353,-1.213204400360449,-0.392336,0.277761,0.0241957,0.552864,0.485757,-0.660456,0.148929,-0.384854,0.189044,-0.214499,0.742658,-0.0542152,-0.627313,0.228032,49.14654585595496,7.979937304419329,14.496274716772355,11.94009474248477,-13.873721366012834,-2.764071617473327,5.996117173880563,7.646972028426319,-0.561029,0.173715,-0.401031,-0.013654,-0.259256,0.0566731,0.964048
0.3060615062713623,9.184111887352342,-4.945777884888297,4.7637336515954845,1.2217474020150563,-1.9735655727879224,-1.2357260994279446,-0.392359,0.277782,0.0241965,0.552862,0.485351,-0.660682,0.14926,-0.384904,0.18902,-0.214492,0.742395,-0.0543732,-0.626729,0.230442,49.31416081512554,7.99361655374173,14.292454018641527,11.834658903010492,-13.806044547750629,-2.6838798150764696,5.933942922055924,7.559223741739339,-0.561099,0.173676,-0.401101,-0.0141207,-0.259224,0.057104,0.964024
0.3781464099884033,8.996855037069771,-4.796745146595043,4.402063509386159,1.1555500072852467,-1.9515670045582274,-1.1993146216134842,-0.392355,0.277792,0.0241973,0.552957,0.485295,-0.660659,0.149187,-0.384897,0.188961,-0.214563,0.74116,-0.0546533,-0.629117,0.22783,49.08603732071058,8.218933825091254,14.559399790166601,11.778955214961783,-13.653612409538903,-3.3094320562990553,6.732415542126208,7.852722689812883,-0.560895,0.173327,-0.401354,-0.0121953,-0.256477,0.0552141,0.964895
0.4393134117126465,9.022165804441444,-4.751531791570174,4.536375916815706,1.182910239485393,-1.9490001960249794,-1.1871165049119337,-0.39235,0.277767,0.0241989,0.552975,0.48568,-0.66047,0.148702,-0.384988,0.188964,-0.214509,0.742916,-0.0546056,-0.62727,0.227217,49.12300923214339,7.956998772887422,14.571129979471731,11.939674169361613,-13.856825554356284,-2.7791985464192663,6.025808129552191,7.662613858365763,-0.561508,0.173983,-0.40111,-0.014251,-0.25809,0.0582123,0.96426
0.504673957824707,9.121013804950573,-4.893345635485752,4.343990925275228,1.133788114105555,-1.9762826287711248,-1.2520521688190567,-0.392363,0.277766,0.0241999,0.553037,0.48565,-0.660448,0.14867,-0.385062,0.188873,-0.214487,0.743422,-0.0561432,-0.626844,0.22636,49.18721840753306,7.854011607293359,14.751139333146327,11.54159827256212,-13.801522308877749,-2.555902624911905,6.1005066999221444,7.508455577742807,-0.56093,0.17268,-0.401469,-0.00815363,-0.251648,0.0491682,0.966535
0.5724704265594482,9.13149819598901,-4.860413261746271,4.382471168574927,1.1619090035245772,-1.9539531356975133,-1.234441593227898,-0.392377,0.277758,0.0242029,0.552966,0.485831,-0.660363,0.148722,-0.385157,0.188792,-0.214538,0.743237,-0.0561324,-0.626366,0.228282,49.35613898585718,7.872948572000238,14.634171812734515,11.526258165423563,-13.744628894579476,-2.569361115751228,6.067910155655873,7.499946138948961,-0.56134,0.172955,-0.40123,-0.0114974,-0.255878,0.0536412,0.965151
0.63551926612854,9.160184227482066,-4.945414972962948,4.3487911330371745,1.1416397211479574,-1.9850543895500603,-1.268536097573961,-0.392369,0.277766,0.0242048,0.553071,0.485622,-0.660453,0.148608,-0.385067,0.188846,-0.214501,0.743329,-0.0562945,-0.626819,0.226693,49.228258392302486,7.874379785888835,14.739120595304547,11.507246301932184,-13.832700294016778,-2.600004146460627,6.1427697719409196,7.544376633204865,-0.560884,0.172475,-0.401509,-0.00824122,-0.25092,0.0485659,0.966754
0.6976957321166992,9.195808368735715,-5.09272155846215,4.178350321881225,1.1262157335484126,-1.968854768905072,-1.2848240949476373,-0.392377,0.277792,0.0242008,0.553099,0.485136,-0.660688,0.149054,-0.38506,0.188895,-0.214496,0.74354,-0.0556512,-0.626529,0.226965,49.139218902531105,7.8187745559798865,14.603001207336028,11.64143091958895,-13.801816346483193,-2.5145231015333245,5.973372008266699,7.4987304047590255,-0.560759,0.172456,-0.401572,-0.00768453,-0.250898,0.0484923,0.966768
0.7648322582244873,9.074523535354675,-4.847849944309979,4.335955504355162,1.1542233870201546,-1.9435101130440542,-1.2048134926625798,-0.392353,0.277771,0.0242088,0.552963,0.485692,-0.660468,0.148716,-0.385015,0.188911,-0.214488,0.743002,-0.0549809,-0.627026,0.227515,49.1823285997822,7.933273525773048,14.579773952958085,11.864638312027498,-13.831762052976131,-2.7107021571373764,6.0000270367792705,7.614134260110448,-0.561234,0.172841,-0.401223,-0.0115607,-0.257363,0.0542912,0.964719
0.8259899616241455,9.119522920791342,-4.947334585153145,4.654899537842772,1.2040482728963582,-1.9728103491094349,-1.2277351078397785,-0.392373,0.277789,0.0241922,0.553016,0.485176,-0.660724,0.149069,-0.384993,0.188793,-0.214504,0.74278,-0.057061,-0.627274,0.227045,49.25645573647892,7.915353497181701,14.75181323583088,11.245775214381352,-13.690652487253631,-2.6538509085356417,6.401615659279228,7.498442168394807,-0.561161,0.172982,-0.401153,-0.0137605,-0.256782,0.0557795,0.96476
0.8913843631744385,9.065673302019187,-5.199344820155253,4.5550940894911385,1.1773320906153282,-2.008129899389564,-1.282044527611556,-0.392368,0.27777,0.0242093,0.552908,0.485797,-0.660445,0.148683,-0.384878,0.188678,-0.214449,0.741769,-0.0582138,-0.627924,0.228257,49.50690880566323,8.084601169710956,14.867786559242784,10.962361941317676,-13.723630878332749,-2.8456884535267086,6.740623431039568,7.583188790398459,-0.56047,0.172172,-0.401548,-0.0098384,-0.251208,0.0510309,0.966537
0.9472465515136719,9.060752807511252,-5.085531708527001,4.989811819570392,1.2721898414771644,-1.974620391568277,-1.2403953981492772,-0.392338,0.277771,0.0241962,0.55284,0.485698,-0.660538,0.148845,-0.384775,0.188562,-0.214442,0.741143,-0.058767,-0.627354,0.231691,49.821782681113284,8.157614642104699,14.668568971052757,10.792172923713224,-13.7450281021699,-2.8220306453085158,6.723368771871764,7.562580316378786,-0.561131,0.172637,-0.400709,-0.0155821,-0.262724,0.0564481,0.963092
1.0055584907531738,9.063671247334755,-5.228498177751196,4.872779591261503,1.2332427348390518,-1.9933129508732694,-1.2645844055646422,-0.392333,0.277777,0.0242002,0.552768,0.485778,-0.660511,0.148971,-0.384526,0.188601,-0.214434,0.739496,-0.0584051,-0.631153,0.226674,49.32832180627083,8.437700662995477,15.091532663193167,10.904922143776062,-13.595324766009952,-3.600728712197725,7.648053969624697,7.965701874981216,-0.560241,0.172298,-0.401536,-0.0129412,-0.25447,0.054674,0.965447
1.0650866031646729,9.084755629240279,-5.2867383381575,4.85860198475269,1.2339414657273433,-2.005892993409365,-1.289662477632899,-0.392318,0.277783,0.0241912,0.552704,0.485207,-0.660799,0.149792,-0.38448,0.188517,-0.214448,0.740091,-0.0603078,-0.628547,0.231424,49.815559247865274,8.22957753458907,14.822082620593642,10.148509330874248,-13.535503913303302,-2.9338625623572305,7.36971914784114,7.574016001823684,-0.560113,0.172153,-0.401637,-0.0125353,-0.254877,0.055548,0.965295
1.1393349170684814,8.942231839445963,-5.308900395794627,4.720902162357894,1.21541666831652,-1.9942243344454222,-1.2658500910963952,-0.392342,0.277801,0.024195,0.552776,0.485348,-0.660727,0.149384,-0.384506,0.188528,-0.214362,0.740673,-0.0595717,-0.628275,0.230491,49.7206480100296,8.180812445833164,14.81487476492035,10.547588648711574,-13.708847479137493,-2.8604431183540306,6.997353787063227,7.564514631260182,-0.560194,0.172188,-0.401432,-0.0131093,-0.256242,0.0542901,0.964998
1.1922521591186523,9.093331444456348,-5.273871033582521,4.788089501014954,1.2203776003134295,-1.9922681192747442,-1.2653978729288526,-0.392323,0.277769,0.0241959,0.552753,0.485814,-0.66049,0.149006,-0.38447,0.188412,-0.214354,0.73953,-0.0594249,-0.62985,0.229898,49.690740143464446,8.404783463796656,14.942585307991243,10.693145099108879,-13.67744390315683,-3.3336084717586765,7.397917116493983,7.812728875743698,-0.560198,0.171974,-0.401551,-0.0134283,-0.255447,0.0569267,0.965052
1.2455308437347412,9.075792144154539,-5.356707697732268,4.683387732550313,1.201176729148657,-2.0076946118115835,-1.2956715416647444,-0.392326,0.277772,0.0241971,0.552762,0.485811,-0.660491,0.148975,-0.384474,0.18836,-0.214297,0.740409,-0.0581535,-0.629003,0.229713,49.58555345280445,8.280839307313771,14.808313031742738,11.238132398551981,-13.82248321928845,-3.1616563484112596,6.824634719874194,7.775956611390787,-0.559861,0.171704,-0.401699,-0.0125463,-0.253454,0.0519951,0.965868
1.2991104125976562,9.147446222049725,-5.541373663466128,4.647173126512635,1.2171266900381856,-1.9924609537600073,-1.3350952315536946,-0.392332,0.277767,0.0242005,0.552634,0.486015,-0.660412,0.149134,-0.384422,0.188321,-0.214305,0.739857,-0.0579889,-0.629446,0.23032,49.61764159120585,8.353903953092424,14.795201361265157,11.25881576257046,-13.759891810685438,-3.300303758648557,6.964166774099429,7.835145817896002,-0.559846,0.17143,-0.401698,-0.0121691,-0.254139,0.0500697,0.965794
1.363382339477539,9.10521346745891,-5.476926572442927,4.857517136936281,1.257976193968276,-1.97765737495914,-1.3020508973304785,-0.392289,0.277803,0.0241948,0.552018,0.486109,-0.660921,0.148853,-0.384316,0.188366,-0.214321,0.738111,-0.0557366,-0.630983,0.232262,49.627482671446025,8.64124218083855,14.477193745018237,12.140621992767132,-13.619441421535571,-3.8452058509968303,6.802820558421238,8.195618448948284,-0.560038,0.171593,-0.401449,-0.0138919,-0.25895,0.0525013,0.964363
1.4284920692443848,9.031400887174348,-5.678320137780034,4.826022739543311,1.258351678389769,-1.980011389556169,-1.3133692613462726,-0.39229,0.277768,0.0242023,0.552421,0.485927,-0.660569,0.149515,-0.38425,0.188387,-0.214316,0.737992,-0.0556207,-0.631115,0.232311,49.52706002527513,8.660799865764044,14.494138580515308,11.85990519781175,-13.663572753804706,-3.8929390083834114,7.061772030058914,8.191673847309135,-0.559821,0.171391,-0.401634,-0.0131011,-0.257826,0.0524499,0.964678
1.4913303852081299,9.129738831109336,-5.557161687673381,4.837588379477266,1.2483051634645062,-1.9900411037917913,-1.322146224937663,-0.392279,0.277763,0.0241978,0.552466,0.485771,-0.660622,0.149619,-0.384231,0.188356,-0.214294,0.738295,-0.0555458,-0.630673,0.232564,49.52887975480302,8.60697638194906,14.441402758633615,11.905393796404447,-13.701192392536523,-3.779954476947605,6.924467036001524,8.131062247323893,-0.559748,0.171323,-0.401646,-0.0133154,-0.257107,0.0508777,0.964951
1.5458900928497314,9.151405693367177,-5.500395261674062,4.890710162731924,1.2495013495389222,-1.9833623177774073,-1.3174278334374019,-0.392275,0.277761,0.0241961,0.55244,0.485793,-0.660645,0.149545,-0.384291,0.18839,-0.214302,0.739635,-0.0561215,-0.628946,0.232848,49.638209149343005,8.370740553457646,14.416943270649183,11.742455224797947,-13.776602849817875,-3.28340924595528,6.562803146136795,7.849056250495774,-0.559816,0.171365,-0.40158,-0.0137619,-0.258886,0.0507775,0.964474
1.5978217124938965,9.088054168176583,-5.423368842634596,4.999460777616379,1.2885372470525323,-1.9580696007368614,-1.2914616776437948,-0.39227,0.277792,0.0241846,0.551917,0.48586,-0.661096,0.149267,-0.384312,0.188342,-0.214268,0.740102,-0.0566762,-0.628551,0.232295,49.7105747631884,8.245994563726098,14.452437181995325,11.885718347239985,-13.624096081424423,-3.012884706721106,6.248264562260265,7.672070589414413,-0.560643,0.172109,-0.40116,-0.0183067,-0.263632,0.052652,0.963011
1.6493539810180664,9.09271556904464,-5.467176407547555,5.0123159414893665,1.2831107556840926,-1.96873725140324,-1.2809359661405215,-0.3923,0.277773,0.0242014,0.552614,0.485889,-0.660512,0.149178,-0.384395,0.188213,-0.214299,0.7414,-0.0581945,-0.626771,0.232589,49.85165708044887,8.076953657862527,14.562468215156551,11.319880926194905,-13.986356894942052,-2.7143738572927063,6.176694932140622,7.628927694034646,-0.560488,0.172237,-0.401204,-0.018105,-0.262298,0.0563103,0.963172
1.7092671394348145,9.003228492651488,-5.379119382862202,5.0359399698143354,1.2663353372195003,-1.9684023678968594,-1.2327356756833538,-0.392302,0.27775,0.0241875,0.552774,0.485809,-0.660368,0.149479,-0.384267,0.188141,-0.214225,0.740429,-0.0579367,-0.62796,0.23254,49.76566593614053,8.243969184305818,14.59294215924847,11.342683169305499,-13.975010050937723,-3.0040684847913575,6.487434349978175,7.746022146436251,-0.560425,0.172259,-0.401222,-0.0173609,-0.263598,0.0622561,0.962465
1.770693302154541,9.106609901925454,-5.835546764466,4.608413997970734,1.188994859398017,-2.020386692002776,-1.3787959853881102,-0.392289,0.277777,0.0241985,0.552543,0.485894,-0.660551,0.149248,-0.384198,0.188079,-0.21422,0.740467,-0.0576373,-0.62768,0.233249,49.84117916917067,8.23302674986288,14.498675376663531,11.626360445478142,-14.04890134040693,-3.006669175757178,6.263431277126125,7.8077241258183445,-0.558813,0.170389,-0.402112,-0.00935052,-0.250293,0.0480427,0.966932
1.8335392475128174,9.179703206774953,-5.725396441064433,4.67040528552516,1.1871112368920473,-2.02393844414539,-1.376385475973996,-0.392258,0.277801,0.0241922,0.552659,0.4861,-0.660227,0.149587,-0.384105,0.188117,-0.214204,0.739727,-0.057023,-0.628609,0.233245,49.746753286715304,8.360655211364826,14.523247020175313,11.6586511139485,-14.002513899705718,-3.2613593565947987,6.551361230998454,7.913787038080399,-0.558753,0.170263,-0.402087,-0.00824958,-0.250624,0.0480055,0.966858
1.889172077178955,9.106061491225795,-5.725050910625593,4.534913267969285,1.178179721424564,-2.0137093477521004,-1.3747199069219318,-0.392283,0.277814,0.0241981,0.552317,0.485519,-0.660919,0.149676,-0.384109,0.188143,-0.21422,0.739635,-0.0569736,-0.628724,0.233238,49.72866588469241,8.332056406053123,14.420415593715397,11.792932135377685,-13.865036027174671,-3.2208451595094907,6.422537055910335,7.860918477602965,-0.558692,0.170335,-0.402196,-0.00930236,-0.249665,0.0473781,0.967128
1.9550271034240723,9.064920102446099,-5.411935251080541,4.7381429798183134,1.2055207359492028,-1.9862896977484852,-1.2695088667249796,-0.392283,0.27777,0.0241998,0.552564,0.485994,-0.660496,0.149092,-0.384234,0.188122,-0.214219,0.740373,-0.0578847,-0.627903,0.232883,49.84553415250488,8.258444742368814,14.561993957791536,11.523080571101628,-14.017039357694568,-3.029760818041783,6.370681223566657,7.792926290688865,-0.55951,0.171197,-0.401687,-0.0125686,-0.25606,0.0588722,0.964785
2.018937587738037,9.10019393304798,-5.358348908614192,4.7563068770917045,1.2165425565441068,-1.967047927462825,-1.2599423385572395,-0.392316,0.277762,0.0241881,0.552406,0.48609,-0.660606,0.148875,-0.384417,0.187994,-0.214207,0.741389,-0.0593869,-0.62724,0.231053,49.87079084375832,8.059538663132674,14.787791084920357,11.29509825774627,-13.867085838596129,-2.6676943051179585,6.217582016175089,7.557745195507074,-0.560215,0.171273,-0.401092,-0.0133968,-0.260263,0.0580404,0.963699
2.0798559188842773,9.08117067125044,-5.203339774707981,4.650157167920533,1.1968923983818782,-1.9744487484762183,-1.2453903830808712,-0.392323,0.277767,0.0242019,0.552749,0.485842,-0.660471,0.149007,-0.384603,0.187793,-0.214246,0.741257,-0.0592726,-0.626269,0.234119,50.07452036208061,8.104942815469009,14.544091116252865,11.324006314093007,-13.914613195636562,-2.7507471285320406,6.169906965567881,7.6352793973498905,-0.560318,0.171204,-0.401045,-0.0132562,-0.259992,0.0588741,0.963723
2.144012928009033,9.22512804833428,-5.235624279086261,4.843955246260921,1.2369292543129404,-1.9534736823943393,-1.2635176516074842,-0.392319,0.277763,0.024189,0.552467,0.486066,-0.660603,0.148741,-0.384594,0.187812,-0.214242,0.740893,-0.0589351,-0.626615,0.234429,50.117679787042306,8.161772785063269,14.507589628338424,11.526786345296813,-13.850970132801182,-2.820679156482157,6.127127094309251,7.654306804941678,-0.560456,0.171457,-0.400763,-0.0142415,-0.262532,0.0604188,0.962924
2.208693265914917,9.037138892429562,-5.18970716780907,4.385158647395576,1.1676501462204247,-1.934650562836233,-1.2327298911024023,-0.39233,0.277803,0.0242078,0.552652,0.485487,-0.660734,0.149365,-0.384378,0.188028,-0.21421,0.740761,-0.0578941,-0.627813,0.231889,49.71596339061538,8.18212831638418,14.567185707438103,11.628507690910315,-13.913456479884177,-2.990551147267066,6.307542043111514,7.76057236096153,-0.560109,0.17115,-0.401181,-0.0126218,-0.259062,0.0571723,0.964084
2.27712345123291,9.140119809979065,-5.190327338754452,4.564419353653474,1.1818622176568339,-1.9711950424394045,-1.239090463125067,-0.392305,0.277745,0.0241889,0.55283,0.485811,-0.660335,0.149415,-0.38438,0.18796,-0.214208,0.741157,-0.058684,-0.627343,0.231696,49.77319100020326,8.117905310063461,14.695847437766854,11.297857470028198,-13.94515451410725,-2.820775213766339,6.347230342884466,7.661444492992377,-0.559771,0.171266,-0.401496,-0.0128449,-0.255897,0.0610249,0.96469
2.3449697494506836,9.0896997402362,-5.118333220398179,4.312798400484108,1.150604683751736,-1.9419256218703225,-1.2367861982835193,-0.392325,0.277768,0.0242013,0.552782,0.485817,-0.660476,0.148948,-0.384592,0.187907,-0.214252,0.741002,-0.0589327,-0.626884,0.233368,49.977597733113484,8.16341854096438,14.578031760864139,11.348135714112516,-13.905029526158565,-2.872900807609515,6.309816538947804,7.6846068733435,-0.560112,0.171014,-0.401241,-0.0124738,-0.257576,0.057663,0.964455
2.4071643352508545,9.189461008925942,-5.010708277633259,4.318877508761666,1.1488740693628505,-1.9347073851636278,-1.2465172340914987,-0.392321,0.277761,0.0242002,0.552854,0.485753,-0.660474,0.148897,-0.384657,0.187774,-0.214224,0.741107,-0.0591718,-0.626584,0.233775,50.03129369330104,8.15105855260308,14.558266839837955,11.388106883646778,-13.897905594150085,-2.8418653707626085,6.240390490764715,7.6730908514049405,-0.560133,0.170758,-0.401293,-0.0124169,-0.256656,0.0558691,0.964807
2.4691288471221924,9.198744522683974,-5.067637007058899,4.2011294705208355,1.1433260851570382,-1.9129282934429181,-1.2384511184972715,-0.392358,0.277787,0.0241978,0.552975,0.485216,-0.660718,0.149119,-0.384693,0.187715,-0.214238,0.739631,-0.0586351,-0.628377,0.233774,49.90324803206006,8.408126096888237,14.510681941168068,11.55456102785083,-13.756642782058082,-3.406842045959568,6.7270981855819825,7.9407538169738405,-0.560306,0.170667,-0.401325,-0.0124625,-0.255956,0.0592173,0.964793
2.537693977355957,9.248040704366886,-5.04155514858583,4.2448218889066265,1.1627425323208513,-1.9228147562960163,-1.265259058164692,-0.392332,0.277763,0.0242034,0.552893,0.485726,-0.660476,0.148837,-0.38468,0.187696,-0.214254,0.739911,-0.058883,-0.62806,0.233678,49.97551281410318,8.368792870246306,14.584826119305927,11.505686168816005,-13.806736733744243,-3.3312505550197606,6.684423065269719,7.9181454655052335,-0.560331,0.170774,-0.401207,-0.0140167,-0.256855,0.0555112,0.964753
2.5903561115264893,9.18126227596198,-4.995119902048802,4.156479474585832,1.1424825545896438,-1.9076055031906058,-1.249493939579551,-0.392335,0.277768,0.0242066,0.552862,0.485725,-0.660501,0.148839,-0.38469,0.187765,-0.214229,0.741063,-0.0591036,-0.626614,0.233855,50.03446748972119,8.164395616985168,14.54253318671367,11.432645283533507,-13.902297194572252,-2.8829005340635554,6.248291182764841,7.7023260228647015,-0.560325,0.170725,-0.401193,-0.0133449,-0.257373,0.056531,0.964565
2.64324951171875,9.189839228884969,-4.939975078810047,4.292608568281355,1.185426571699972,-1.8902959143595917,-1.2352591466998908,-0.392332,0.277768,0.0242055,0.552825,0.485813,-0.660457,0.148886,-0.384684,0.187842,-0.21425,0.740615,-0.0581883,-0.626938,0.234633,50.01690448772271,8.249218048897703,14.431974011466103,11.61782703076478,-13.888435687582742,-3.037887943917749,6.294715200417867,7.784549719904706,-0.5609,0.171337,-0.401005,-0.0170283,-0.259384,0.0599582,0.963761
2.696141004562378,9.056987174961845,-4.945273128559124,4.30422369658311,1.1915456141617455,-1.8694185765932516,-1.2232222930375225,-0.392357,0.277795,0.0242006,0.552945,0.485213,-0.660742,0.149131,-0.384738,0.187836,-0.21423,0.740837,-0.0578639,-0.626737,0.23455,49.92936026841908,8.210602017089208,14.333234613946289,11.74920937640666,-13.87839117544977,-2.990950756227381,6.171147788951679,7.765666933567638,-0.56118,0.1709,-0.400868,-0.0171007,-0.261318,0.0567465,0.963432
2.7488105297088623,9.103724350707587,-5.261406032702229,4.305304713754693,1.1383372595804115,-1.951565079897354,-1.2988586980971333,-0.392358,0.277763,0.0241981,0.552987,0.485694,-0.660435,0.148769,-0.38471,0.187634,-0.214248,0.73973,-0.0589001,-0.628161,0.233975,49.99648276006209,8.413234575626875,14.570881261815124,11.542547412050016,-13.848279846995187,-3.41887395858949,6.70790275462471,7.984531667576238,-0.559672,0.169463,-0.401721,-0.00853274,-0.247989,0.0519813,0.96733
2.8020620346069336,9.389366316748854,-5.172604823652244,4.681796284112707,1.2099484896510333,-1.9251743867818176,-1.2876135790800303,-0.392358,0.277781,0.0241803,0.552674,0.485443,-0.660839,0.148957,-0.384636,0.187438,-0.21414,0.740608,-0.0601369,-0.627197,0.233468,50.07000286085789,8.195090682384164,14.63266881205071,11.489714357961912,-13.768476370344048,-2.9459092114234657,6.325780585125451,7.697725373478024,-0.560344,0.169785,-0.401013,-0.0124511,-0.25682,0.057615,0.96466
2.8550071716308594,9.443700280590468,-5.339911183931472,4.263959340577624,1.183083255977858,-1.8434431702005172,-1.3294015458688468,-0.39235,0.277793,0.0242013,0.552871,0.485251,-0.66076,0.149205,-0.384509,0.187413,-0.214126,0.739458,-0.0593002,-0.628483,0.233868,49.96620124132666,8.408975098017905,14.570071946787813,11.655671309516975,-13.821941720043773,-3.4157529397729682,6.634376370469772,7.983406392052747,-0.559894,0.169134,-0.40136,-0.0108972,-0.25357,0.0555245,0.965661
2.908499240875244,10.295477276234047,-4.833357349534216,5.094081777980397,1.3943492844944527,-1.8441555566988792,-1.333569467322924,-0.392292,0.277753,0.0242002,0.552779,0.485783,-0.660521,0.148873,-0.384478,0.18742,-0.214238,0.738596,-0.0605959,-0.629307,0.234043,50.13465396508125,8.547003183126323,14.762987313351214,11.139521361313221,-13.727707728051367,-3.6519454971391276,7.232542096070297,8.07132815736591,-0.560814,0.170464,-0.40077,-0.0165432,-0.261186,0.0610563,0.963213
2.961388111114502,9.440464881925624,-5.500221504625027,5.151287128593638,1.4951296645500805,-1.8712836955352967,-1.2823043259799956,-0.392297,0.277782,0.0241792,0.552354,0.485768,-0.660969,0.148509,-0.384775,0.187826,-0.214352,0.737734,-0.0563105,-0.630377,0.234952,49.887911000974746,8.747925321575112,14.302914883106583,12.362052422794525,-13.477400791736173,-4.087140855134972,6.72786792484557,8.398762629675025,-0.561078,0.170709,-0.400617,-0.0146246,-0.259937,0.0562777,0.963873
3.0159242153167725,9.31505120524036,-5.56628715209615,4.852788231407635,1.5667287969664307,-1.9849180705095655,-1.2220517762260568,-0.392326,0.277749,0.0241663,0.552684,0.486016,-0.660602,0.148099,-0.38516,0.188303,-0.214641,0.739214,-0.0572875,-0.629115,0.233444,49.895992003181334,8.545340168100646,14.488869268737805,11.509284555052002,-13.461220126379015,-3.739158594694107,7.0344092830344955,8.082319592729617,-0.561409,0.17165,-0.401066,-0.0113676,-0.253615,0.0541746,0.96572
3.081427812576294,8.661486493307086,-5.670905034430122,4.24860491664428,1.6240451668746458,-2.0746808752871067,-1.072531729582914,-0.392333,0.277754,0.0241995,0.55311,0.485614,-0.660468,0.148425,-0.385332,0.188807,-0.21467,0.742645,-0.0551182,-0.626404,0.230346,49.43986667923633,8.022395141959912,14.380036751214517,11.787346558938122,-13.734804993153269,-2.90390990144461,6.163832516910738,7.69500865409109,-0.561707,0.172757,-0.401043,-0.0111996,-0.249945,0.0537529,0.966702
3.1424601078033447,8.739943807702677,-6.981751306843899,4.106365667312546,1.9221350126126586,-2.448859077839776,-0.9385123946015056,-0.392212,0.277665,0.0241512,0.552888,0.48566,-0.660707,0.14804,-0.385428,0.188836,-0.214772,0.741215,-0.0530186,-0.628037,0.230995,49.33760982985215,8.303356767843562,14.177710909610953,12.450787148310093,-13.484353746678776,-3.475916241595936,6.26954170722943,8.000465143641616,-0.561906,0.174081,-0.400833,0.00417747,-0.245648,0.0705082,0.966782
3.1982614994049072,4.635226746688194,-11.437016576351345,2.5026635491713467,2.757537049305751,-3.270426381652673,-0.4913720065612578,-0.392002,0.27762,0.0241695,0.554331,0.48492,-0.659835,0.148952,-0.385075,0.189021,-0.214705,0.743552,-0.054193,-0.626931,0.226164,48.859556191209094,7.97907508158341,14.584688323398833,11.496835399155751,-13.982204120700011,-2.9898073027285896,6.528091948970113,7.804019005001736,-0.561051,0.174379,-0.401118,0.00267038,-0.23253,0.0502091,0.971289
3.2599616050720215,7.77412480640313,-7.513328703894257,5.664099757007045,4.065060555189707,-4.173167333377579,0.5236741841617173,-0.390858,0.277246,0.0239172,0.552522,0.482302,-0.663331,0.148646,-0.382329,0.185997,-0.214066,0.738345,-0.0646214,-0.633588,0.221895,49.30923599918847,8.500745532365478,15.529026951508346,11.594428262118491,-13.797989500589605,-3.9943123693159244,7.584686781244257,8.347423361168849,-0.556901,0.177238,-0.401847,0.020594,-0.219604,0.0731691,0.972623
3.3224503993988037,5.619381522908976,-2.2114157568763693,6.0718670434412605,4.0289033007033765,-4.163734317571235,1.668053072885856,-0.390688,0.277045,0.0237439,0.552963,0.482103,-0.663165,0.148397,-0.383031,0.186003,-0.214672,0.743518,-0.0680229,-0.630465,0.212292,48.86024903842959,7.621832560727327,16.342767072328215,10.406720269576802,-13.476774806037618,-2.8612991054678965,7.620615761018231,7.6833419726841194,-0.559482,0.178881,-0.401184,0.0252731,-0.212001,0.0757957,0.973998
3.386845588684082,6.0219745148212525,-6.462701524830363,4.278557641154279,3.1140580250958587,-3.350794250384026,0.2288687498594301,-0.392138,0.27721,0.0238197,0.556368,0.481962,-0.661393,0.143963,-0.387799,0.186627,-0.215658,0.745473,-0.0657668,-0.62685,0.216802,49.218424713185044,7.985929000300763,15.783076842387786,10.41247745239072,-13.381187060191671,-4.062818019862998,8.401850410621456,8.510295599260353,-0.567269,0.177418,-0.399304,0.017077,-0.21021,0.0777835,0.974407
3.439830780029297,6.856678081538181,-10.028876870551441,4.447150182467562,2.4980851049254187,-2.7897597215351038,-0.9250019537703709,-0.392803,0.277483,0.0240366,0.557874,0.482504,-0.660004,0.142694,-0.390408,0.187218,-0.215926,0.747368,-0.0624204,-0.622122,0.224741,49.68165580714291,7.962972693325971,14.953554109311206,10.712046351908292,-13.095108479728935,-4.033013250802629,7.830819213744757,8.48053537580407,-0.571043,0.174715,-0.398336,0.00548024,-0.217984,0.0763961,0.972942
3.492253303527832,11.660647871865356,-6.226090820663389,4.453459494686496,1.6997379506939043,-2.2690689363026317,-1.5083026631885268,-0.393405,0.277499,0.0241259,0.558101,0.48323,-0.65955,0.141444,-0.391393,0.186157,-0.215336,0.748484,-0.0635125,-0.618256,0.231297,50.48741963923639,7.853271670881743,14.588629502151298,11.569423276498759,-13.386891385238556,-3.4335875541406047,6.452550418990381,8.203942511386364,-0.571783,0.171815,-0.397656,0.000740034,-0.227295,0.0774158,0.970744
3.5452945232391357,11.21958992205096,-4.070095176605226,2.104573034367641,0.8061955580477541,-1.7485143600787265,-1.6156971929196706,-0.39354,0.277795,0.0243554,0.557129,0.484349,-0.659311,0.142554,-0.392462,0.188799,-0.216097,0.74739,-0.0541918,-0.619898,0.232805,49.83263248067215,8.031468291555633,13.818689419693936,11.914252564872832,-12.177249101516848,-3.9741868174830266,6.649539071285958,8.34322052567903,-0.574974,0.172714,-0.396107,-0.00948777,-0.231238,0.0695272,0.970363
3.598343849182129,12.256411942249551,-2.335136970751257,4.416330133528652,0.5098614169575991,-1.1871556838716015,-2.110885556782161,-0.394063,0.278004,0.0244186,0.557484,0.484599,-0.658735,0.142979,-0.393352,0.191284,-0.216291,0.75155,-0.0471445,-0.614667,0.234808,49.461679245131116,7.42738676519281,12.948845066877892,11.940054320891814,-12.593809016867954,-2.431403373190413,5.4250864844872595,7.24349008651224,-0.57597,0.17346,-0.397142,-0.0209711,-0.234053,0.0488189,0.970771
3.654198169708252,20.6239293771814,2.698529920321574,10.224238604865613,0.21537974030577645,0.4790011842884339,-3.4868543638866307,-0.39422,0.278274,0.0245315,0.556742,0.485958,-0.658245,0.143512,-0.392991,0.193886,-0.216404,0.750169,-0.0402067,-0.616834,0.234833,48.91716305214795,7.659138458177205,12.54182168699704,11.937830344206766,-12.670007319613003,-2.492889689586338,5.590192988728603,7.15562875975987,-0.575691,0.176017,-0.397833,-0.0303225,-0.250954,0.0466305,0.9664
3.7079808712005615,22.704263744464736,5.2880381011985005,8.54374605847792,-0.6221402279245982,1.5060307139037614,-3.8118449204215605,-0.394431,0.278557,0.0246794,0.556373,0.486594,-0.658207,0.142963,-0.392242,0.194595,-0.215831,0.747994,-0.0392848,-0.618697,0.237015,49.077318016419845,8.046167315389926,12.422974552020367,12.13096465070177,-13.279238287226011,-2.617379314450101,5.555674830146549,7.271674682803131,-0.573458,0.17635,-0.39909,-0.0343099,-0.257134,0.0495783,0.964493
3.7618954181671143,19.821505849922012,5.738407335047078,6.28598396735032,-1.2444125081621138,1.3481937845337928,-3.4966985205171714,-0.394435,0.278604,0.0247919,0.556273,0.487796,-0.657508,0.142475,-0.391631,0.193857,-0.215514,0.745721,-0.0427943,-0.620431,0.239029,49.596861407502765,8.416893905205647,12.82038703525508,11.6734216944992,-13.60311707505523,-3.1474016664608477,6.201882381286045,7.648263252804362,-0.572056,0.17331,-0.399735,-0.0348185,-0.259234,0.047538,0.964015
3.8152337074279785,21.174564872159994,2.119405844410856,5.497354922992864,-0.8874662896192501,0.7680977036013715,-3.816244231268197,-0.394166,0.278475,0.0247575,0.555124,0.487017,-0.65882,0.143556,-0.39056,0.191309,-0.214825,0.743698,-0.0466841,-0.621391,0.242091,50.09598832048136,8.502481553335226,12.86488155739048,12.900902518821487,-13.370091344036718,-3.317220762553081,5.45444115140021,7.880923358876318,-0.569721,0.169543,-0.399769,-0.0324918,-0.261462,0.0545913,0.963121
3.8689074516296387,17.741726241883953,-2.0127123821438198,4.294986970051348,0.11401431545539918,-0.03420821476861239,-3.195637009394049,-0.393953,0.278407,0.0246995,0.554512,0.487252,-0.658977,0.144398,-0.389467,0.189958,-0.214629,0.740842,-0.051371,-0.624093,0.242943,50.48622405630374,8.796300673468867,13.35336783875086,12.43521502317833,-13.314636452172714,-3.9074510304975654,6.2206054289705595,8.25698177365437,-0.568338,0.167403,-0.399424,-0.0340976,-0.260785,0.0583999,0.963026
3.9231982231140137,11.56847960235209,-6.116649829472013,3.9853894913902392,1.0729040982604623,-1.3397960028234337,-2.0307912174431078,-0.393475,0.278182,0.0245509,0.554425,0.48804,-0.657758,0.147596,-0.387882,0.188425,-0.214195,0.742895,-0.0554681,-0.621301,0.242932,50.6494547906033,8.152458104424214,13.850899126004498,11.707066470425676,-13.547822201393885,-2.6370580624664086,5.621273143419412,7.481589874823762,-0.566112,0.16533,-0.399145,-0.0302157,-0.260032,0.0605529,0.963226
3.978281259536743,11.952316631650422,-5.977191693733405,4.852638200519076,1.9461128061405064,-2.292170869375565,-1.445310618562938,-0.392663,0.277974,0.0243826,0.553205,0.485684,-0.660461,0.147874,-0.385572,0.186813,-0.213875,0.739722,-0.0590784,-0.625798,0.240205,50.60583820788375,8.483077508055212,14.097442727146117,12.520884593103748,-13.859979635844748,-3.477143347469525,5.767607562908195,8.216573551731805,-0.562135,0.164119,-0.39962,-0.0196972,-0.25136,0.0643389,0.965552
4.031689882278442,4.686818306283784,-5.04566745535305,1.0831925445064168,1.9990283255235013,-2.9413907695491552,0.07813305648735744,-0.391957,0.277692,0.0242988,0.553631,0.485563,-0.659805,0.149596,-0.384598,0.186128,-0.214015,0.740608,-0.0606769,-0.624783,0.239717,50.53748051175495,8.23133607565766,14.31281097433446,11.81920998807566,-13.926670147499129,-3.2244446152272452,6.043646362259456,8.037363743691058,-0.561693,0.16549,-0.399493,-0.0142502,-0.237213,0.0711575,0.968743
4.084410190582275,7.481109642721955,-3.7810894025871935,2.836057127371623,2.652198294863897,-3.458054930588163,0.24311695547390827,-0.391983,0.277403,0.0241335,0.553138,0.485229,-0.661103,0.146748,-0.385732,0.185415,-0.214267,0.741995,-0.0632819,-0.624551,0.235319,50.66944220324559,8.093636006432677,14.638955884367302,12.306808121416122,-13.359533542689697,-3.17131054807216,5.75543276433068,8.015620766756273,-0.563929,0.167604,-0.39873,-0.00183654,-0.223085,0.0766975,0.971775
4.138111591339111,1.3581752219920342,-6.950640523863103,3.2032116880560677,3.1784606296765134,-4.225911437041384,0.9013110095111714,-0.392264,0.277389,0.0239961,0.555735,0.483224,-0.660863,0.144613,-0.387809,0.185288,-0.215153,0.744862,-0.0674904,-0.622587,0.230239,50.55450256707808,7.939131752267416,15.106312450335516,10.873600029912478,-13.410085134206945,-3.5838971064991973,7.207843041865451,8.254091107144307,-0.567574,0.169231,-0.398232,0.004,-0.21686,0.0797674,0.97293
4.1915810108184814,1.3000583019381284,-5.758958680508562,5.7087381045338565,3.939334138483779,-5.254777251767326,1.3734722008515945,-0.392378,0.277054,0.0237839,0.55783,0.481886,-0.660226,0.14392,-0.389076,0.18394,-0.21527,0.747225,-0.070234,-0.621208,0.225439,50.270408126431974,7.746077623162298,15.549190850483047,10.808935426271972,-13.397652514780264,-3.6683450030493923,7.409884714925806,8.382610486204209,-0.569677,0.170236,-0.397476,0.0125385,-0.210234,0.0782867,0.974431
4.244472026824951,0.2608691225512553,-5.097287329215043,5.2064124784464685,4.021913340448324,-5.756091261414572,1.4783783177937544,-0.39233,0.277025,0.0237891,0.558468,0.481721,-0.660043,0.142832,-0.390443,0.1837,-0.215963,0.748624,-0.07133,-0.618551,0.227748,50.63088758856516,7.61959413752531,15.399358746410797,10.390763069658815,-12.978820562355299,-3.9179726984914076,7.709293798382616,8.587102353781543,-0.572459,0.170202,-0.396583,0.0132762,-0.204037,0.0791685,0.975666
4.298360109329224,2.258966504011154,-2.235866780371329,3.631433668234568,3.177217673417764,-5.043294742020076,0.9704813865170381,-0.392698,0.277108,0.023845,0.558016,0.481067,-0.661079,0.142013,-0.391556,0.184769,-0.216436,0.748649,-0.063605,-0.617481,0.232801,50.4899672534929,7.765728145021529,14.185081038879947,12.150905092204264,-12.800177592490869,-4.352988050214083,6.6210154496699865,8.985808971827952,-0.574943,0.169678,-0.395736,0.00520478,-0.200804,0.0771799,0.976573
4.3510191440582275,5.8159434872544455,-7.4332427622901855,3.6161644727566142,2.363402555668233,-3.5500209113774295,-0.8883430920340457,-0.393482,0.27742,0.0240207,0.55842,0.483686,-0.658918,0.141572,-0.393141,0.187454,-0.216873,0.74729,-0.0552479,-0.617574,0.238971,50.41626747894005,8.220694789327867,13.41657013477418,12.01620894596741,-12.617300583626129,-4.782222832252895,7.03512364312678,9.14073955448086,-0.577479,0.168481,-0.39522,-0.00977357,-0.211563,0.0697452,0.974824
4.403832912445068,9.654092492794469,-4.06857810456157,2.602878306750352,1.3813347018683493,-2.2213339243426566,-1.4109623093748167,-0.393626,0.277794,0.0243624,0.557443,0.484696,-0.658791,0.142555,-0.393279,0.188995,-0.216576,0.750973,-0.051694,-0.611575,0.243607,50.64016379065324,7.465307477990194,12.703055038361764,12.042941822628523,-12.651055754774026,-2.85573022606334,5.219505930960936,7.735135529495457,-0.57705,0.169577,-0.395373,-0.0190875,-0.21771,0.0679066,0.973461
4.456794261932373,11.086777711039138,-3.1014931137109025,3.851717701053594,0.9998409577858752,-1.7290236827325491,-1.8168903138821073,-0.393802,0.277903,0.0243758,0.557428,0.484822,-0.65854,0.143346,-0.393203,0.189827,-0.216419,0.751115,-0.0490279,-0.613249,0.239474,49.998090702730586,7.436413132684292,12.819112392336175,12.254293385217647,-12.563027583080281,-2.749804223484805,5.215036916182956,7.580148078890967,-0.576612,0.170622,-0.395968,-0.0255316,-0.230642,0.0606569,0.970811
4.509824991226196,13.420317765364075,-0.7012134922563844,5.270672710170015,0.46783892651347314,-0.9715720901227198,-2.462729903586198,-0.394246,0.278095,0.0244345,0.556268,0.48669,-0.657979,0.144091,-0.39343,0.191503,-0.216412,0.749898,-0.0437131,-0.614744,0.24048,49.712275532833246,7.561579693862123,12.527267545011783,12.527353182865543,-12.136307757202555,-2.60520815324805,4.917223867565522,7.286707126057825,-0.576877,0.171488,-0.396849,-0.0337011,-0.24198,0.0530221,0.968245
4.562220335006714,19.837151379254063,4.210280894826298,6.6234524869828375,-0.43588359678563615,0.2773365597370566,-3.330624140594749,-0.394438,0.278315,0.0245796,0.556614,0.487009,-0.657506,0.143836,-0.393394,0.193121,-0.216466,0.74708,-0.0392854,-0.61772,0.242384,49.44881872559277,8.16327868503924,12.15833103802995,12.47690738850998,-12.423123068786284,-3.477725540121707,5.724115298392938,7.8210694578278055,-0.576546,0.171434,-0.397085,-0.0364547,-0.247622,0.0456323,0.967095
4.614938735961914,24.9023039346364,8.647008275782078,10.08134329123101,-1.2578755010963967,1.3895146876683773,-4.312822473536513,-0.394632,0.278549,0.0246917,0.556066,0.487563,-0.657525,0.143993,-0.392518,0.193243,-0.215659,0.745521,-0.0435832,-0.619629,0.241576,49.75423396517165,8.309035639845842,12.712255156730185,11.492859498637213,-12.566466661587315,-2.9771242043876534,6.074601305359473,7.32939920305,-0.573413,0.171712,-0.398987,-0.0425391,-0.259252,0.0482784,0.963664
4.667716026306152,29.314637974446168,9.90054531975479,12.489343205498857,-1.4261834599795602,2.125468936608687,-5.2392660793400685,-0.394463,0.278841,0.024965,0.55376,0.489722,-0.657784,0.144366,-0.390256,0.192766,-0.214703,0.743916,-0.0456044,-0.622107,0.239773,49.96190690359687,8.301393411119037,13.250683808051717,12.167056329603561,-13.127282120863027,-2.7034815408291273,5.544395619976126,7.284535412813031,-0.569117,0.171203,-0.400303,-0.0408484,-0.274595,0.0504882,0.959364
4.731997966766357,25.539373246645457,8.05354794902556,10.83558486904032,-1.3651288207319565,1.92111851417112,-4.865250185059503,-0.394048,0.27895,0.0249568,0.552089,0.49087,-0.657786,0.14684,-0.388023,0.193636,-0.214654,0.741625,-0.0438271,-0.623233,0.244237,50.10546369035695,8.37296727883801,12.975560797149633,11.698471824403684,-13.51728635565074,-2.4352798402675973,5.553870909273267,7.125745626527508,-0.56553,0.170913,-0.40153,-0.0476091,-0.280965,0.0496687,0.957249
4.793270111083984,20.237026011279266,0.670642578901007,4.879865121114637,-0.451820013693817,0.6365470554719133,-3.8106401604246996,-0.392976,0.278606,0.0247867,0.550752,0.488932,-0.659257,0.151652,-0.385119,0.192689,-0.214759,0.739821,-0.0437689,-0.624739,0.245867,49.793339111330965,8.20551839545196,12.721134378972469,11.625958620683928,-13.480260186136348,-2.42229892386181,5.614402571898494,7.15695874592466,-0.561738,0.168784,-0.401825,-0.0453383,-0.274464,0.0499275,0.959229
4.86163330078125,14.00041129383499,-6.370090368676764,6.3413447197222546,1.329102450389189,-1.1306466223681026,-2.542807508178293,-0.392322,0.278459,0.0247121,0.549564,0.48888,-0.660047,0.15269,-0.383236,0.19139,-0.21442,0.739722,-0.0470988,-0.626377,0.241337,49.67700874276815,7.9877451399864166,13.315536460238489,11.927452813223109,-13.620008646280763,-2.2537370180145224,5.296255040035146,7.203934187160723,-0.558979,0.168074,-0.401979,-0.0375228,-0.266739,0.0567906,0.961362
4.926368713378906,2.3215199104629525,-10.810539745288967,1.4591593338931677,2.209991591696143,-3.419007184606879,-0.517993580782499,-0.391953,0.277966,0.0242342,0.55045,0.487297,-0.660749,0.151518,-0.382477,0.188916,-0.214443,0.739302,-0.0541385,-0.626739,0.240206,50.13406668771742,8.112014965424336,13.837476077674442,11.816957771154287,-14.282868319639856,-2.657423856189755,5.5791377101708095,7.753501763695734,-0.558024,0.166406,-0.401432,-0.0261828,-0.255183,0.0559463,0.964918
4.987102746963501,-0.39608837641334144,-3.430982765788125,-1.14769692878177,2.7894235028494463,-4.865492767946081,1.517631700858294,-0.390967,0.277451,0.0242386,0.551469,0.484991,-0.661873,0.1503,-0.382269,0.185499,-0.213973,0.739602,-0.0623957,-0.627996,0.233917,50.2297867715506,8.105342668030723,14.737094012891184,12.253346975604506,-13.86347151743901,-3.307058534627455,5.967269602131385,8.18791555786747,-0.559391,0.166685,-0.399338,-0.00143948,-0.216837,0.0762328,0.973226
5.051149606704712,0.4246289686192163,-3.9087056382158623,0.8356606387140203,3.382204081071163,-5.558713573667604,1.5906744519818712,-0.390933,0.277299,0.0241864,0.55306,0.482501,-0.66266,0.148994,-0.383015,0.184772,-0.214041,0.741936,-0.0664282,-0.625329,0.232554,50.387111922920276,7.878397109260988,14.816651610903378,11.67897233882567,-14.188483156359233,-3.000906037963407,6.017919194631133,8.059366277310456,-0.561025,0.16695,-0.398418,0.0036525,-0.215556,0.0788347,0.973297
5.171916484832764,1.5728460015548396,-7.979695954538939,3.9668459676558965,3.379251615140127,-5.282055232409333,0.6266866019227215,-0.393036,0.276944,0.0238442,0.559913,0.480849,-0.659819,0.141143,-0.392504,0.182569,-0.215782,0.74909,-0.0763466,-0.616097,0.231212,51.36707798028101,7.6926949380515985,15.485829588792352,9.700694201166307,-12.719917479554317,-3.931854443721324,7.983147366138035,8.598133902363594,-0.575754,0.167111,-0.395047,0.00910544,-0.20042,0.0802407,0.976376
5.239171504974365,7.598645042160611,-6.740489705937616,4.119411293221641,2.040934573046439,-2.6291772500941675,-0.811912938344625,-0.393807,0.277551,0.0241747,0.5599,0.482561,-0.658673,0.140703,-0.393669,0.184416,-0.215814,0.74801,-0.0681493,-0.615961,0.237548,51.317768230377055,8.072190084834377,14.559471682213973,10.881224608576165,-12.786295234238384,-4.492979871776878,7.416073886026771,8.98189910833588,-0.577098,0.164545,-0.395171,-0.00623013,-0.214544,0.084258,0.973053
5.304013013839722,13.005882826184978,-2.9989213794147984,1.6576660547997946,0.6722532143666036,-1.3207979331873527,-1.8258257716245687,-0.393769,0.277751,0.0243453,0.558515,0.483798,-0.658863,0.141067,-0.392884,0.185167,-0.215552,0.748733,-0.0634915,-0.612562,0.245227,51.7328822152249,7.8550192124330325,13.621208333048553,12.01585303871069,-13.31369098904388,-3.6402935543939314,5.726447212555159,8.56832354565466,-0.575272,0.162603,-0.395717,-0.017095,-0.223551,0.080411,0.971219
5.366317272186279,20.90375269742301,4.460151763075269,6.307893159670439,-0.06563679618577256,-0.1305960301203083,-3.2067984086189836,-0.393985,0.278043,0.0245033,0.557491,0.484787,-0.65847,0.143536,-0.392766,0.188088,-0.215652,0.747076,-0.053661,-0.613489,0.250257,51.20929774677077,8.032738918949962,12.582696067789918,12.22683524212109,-12.813544860940215,-3.2945060835267093,5.348376793399935,7.992907687123166,-0.575588,0.162959,-0.395736,-0.0359493,-0.243799,0.0619391,0.967178
5.428300857543945,26.687833346171793,10.189526043084053,13.828920710258966,-0.7704020797998964,1.6914014279574887,-4.883163486519265,-0.395092,0.278662,0.0246781,0.555623,0.487858,-0.657797,0.143459,-0.393649,0.191974,-0.215638,0.746751,-0.0454928,-0.615113,0.248854,50.66687958304899,8.040216426517063,12.272854331880378,12.180115182144956,-12.326476051325558,-2.477132000371629,4.806787399864835,7.088989567886932,-0.575462,0.165846,-0.398077,-0.052598,-0.260825,0.0544305,0.962414
5.4816062450408936,26.60920337913185,8.603390652830694,13.226249973253385,-1.0247094481523056,2.360102702025909,-5.246301145802353,-0.395104,0.27903,0.0248653,0.554869,0.489446,-0.657153,0.143917,-0.391834,0.193872,-0.215161,0.744244,-0.0402109,-0.617602,0.251103,50.44303337638722,8.439646750902355,11.917221377708394,12.551975285894784,-13.502508468645557,-2.5984747444466656,4.716651197688128,7.31307253481782,-0.571974,0.166984,-0.399499,-0.0550431,-0.273569,0.0504211,0.958952
5.534870147705078,20.826733718888164,6.342918349660327,7.026587913957131,-1.369953833930344,1.3620967730444642,-4.171631192808902,-0.394147,0.278851,0.0249051,0.552682,0.490833,-0.657002,0.148239,-0.388872,0.193449,-0.214923,0.741788,-0.0395964,-0.619831,0.252967,50.34326515801877,8.349685956068951,12.009529183796284,12.363727206714643,-13.299205691916537,-2.3905889800020077,4.756354699708306,7.095315493082833,-0.567598,0.165669,-0.400355,-0.0593351,-0.277581,0.0548345,0.957299
5.588334560394287,20.24291419170792,3.530348574060356,6.696333262232409,-0.40266665575212507,0.2654751952079917,-3.6805126624674998,-0.393454,0.278538,0.0247991,0.552086,0.488976,-0.658656,0.149252,-0.386644,0.191134,-0.214645,0.739391,-0.047125,-0.622184,0.252916,50.79066596798415,8.510433104898064,12.512043979124629,11.932961120130477,-13.725851294906338,-2.903164724878888,5.353265152855469,7.578526527124294,-0.564688,0.163199,-0.400468,-0.055279,-0.271754,0.0582571,0.95901
5.642634153366089,12.15063798220599,-4.2648559256228555,3.6903396084171995,0.5892460816519013,-1.2160089125506508,-2.2339648999468142,-0.393127,0.278356,0.0245729,0.550953,0.48866,-0.659491,0.150777,-0.385843,0.189068,-0.214267,0.73974,-0.0514901,-0.622246,0.250884,50.928322216350395,8.163203308170578,12.967882643512993,12.460444712421676,-13.129369050799694,-2.399857434837461,4.700047607110747,7.280372568230275,-0.563078,0.160805,-0.400161,-0.0451609,-0.2674,0.0640148,0.960396
5.696252107620239,8.134783114934855,-7.445345109445598,3.1935073591781893,1.4135860052969247,-2.5399203238345507,-1.3484455117294178,-0.392899,0.278115,0.0244182,0.551645,0.488231,-0.659577,0.149252,-0.385204,0.186695,-0.213855,0.737218,-0.0585728,-0.624016,0.252353,51.66820339920933,8.639265240596066,13.524415920576198,12.386948210584697,-13.662664221466025,-3.3073251813479025,5.42138670210803,8.04938288131618,-0.562286,0.159668,-0.399483,-0.0382036,-0.263838,0.0689687,0.961339
5.749571084976196,3.336553208614812,-8.95955044567158,2.076614806041161,2.073400329686227,-3.7737113080234765,-0.4629180108885186,-0.3924,0.277774,0.0243246,0.553274,0.485793,-0.659828,0.15007,-0.384448,0.18483,-0.213498,0.738673,-0.0628741,-0.623381,0.248606,51.44619897623902,8.431188894316188,13.932143850389345,12.257738774417879,-14.223961394498698,-3.2669987140074532,5.403302999450678,7.9881215747934355,-0.560711,0.159288,-0.399192,-0.0228233,-0.246259,0.0683401,0.966522
5.801637649536133,-3.4151230210355816,-7.2049570499774624,-1.2103262583691432,2.6024667428032995,-5.114531303183758,1.462515452459371,-0.392156,0.277644,0.0242198,0.552553,0.486005,-0.660516,0.149005,-0.384371,0.18432,-0.213648,0.739631,-0.0665824,-0.62281,0.246214,51.72672162647523,8.198454800305791,14.341682633641609,11.867649738273084,-13.982655222440064,-2.9088575873617906,5.36568995043882,7.815155821605162,-0.561728,0.160771,-0.398234,-0.0131563,-0.22624,0.0812091,0.970591
5.854676723480225,-5.555648709242735,-6.114172753293431,-1.5499716557420886,2.9696876239781163,-5.8977627698811235,2.096612486165958,-0.391813,0.277356,0.0241037,0.55238,0.485073,-0.661568,0.148016,-0.384428,0.183753,-0.21369,0.741093,-0.0654553,-0.623486,0.240337,51.20600829575228,8.031630533425117,14.452501235873251,13.101940200991862,-13.817581509682242,-2.9663761616449698,4.752995305220443,7.568096563086273,-0.562463,0.161434,-0.397713,-0.00667987,-0.215312,0.0812276,0.973138
5.953917741775513,-0.18139920239306048,-5.558860200897123,2.5914659453168856,3.263318418552331,-6.077358849872458,1.521292433862164,-0.39204,0.276729,0.0237389,0.557956,0.481242,-0.660468,0.144477,-0.388443,0.180307,-0.214654,0.745575,-0.0807818,-0.618497,0.234637,51.84225063747219,7.763551452476417,15.786653630689397,10.121211731096995,-13.477658332265026,-3.6409682258755787,7.459937510473261,8.511704964911967,-0.56938,0.162856,-0.395649,0.00861088,-0.202885,0.0832395,0.97562
6.005892515182495,3.186567750134598,-7.209500392944796,3.7380348408905992,2.4396009191886496,-4.160538154852285,0.23538645637426833,-0.392801,0.277066,0.0238489,0.557045,0.481814,-0.661236,0.142559,-0.390076,0.181256,-0.214803,0.745643,-0.0764242,-0.617623,0.238155,52.03206273757624,7.882337911829848,15.08866505708384,11.502477799340319,-13.040582682960084,-3.780653778364279,6.398094263194392,8.645823409146626,-0.57137,0.162667,-0.395606,0.0052216,-0.210172,0.0891456,0.973578
6.0590715408325195,7.3870308593187755,-4.521643370404318,0.9377587557313416,0.9248517094275679,-2.200354852212492,-0.7613814548134213,-0.393736,0.277632,0.0241892,0.559117,0.483277,-0.658712,0.141178,-0.392312,0.183871,-0.215361,0.744903,-0.0695551,-0.617826,0.242019,51.807397266140995,8.457898781321823,14.539514987548781,10.986067892568098,-13.270480973309686,-4.847634486777753,7.582912309197063,9.280965514072664,-0.574265,0.161083,-0.395697,-0.0121889,-0.221197,0.083735,0.971551
6.11133885383606,16.126048361773663,3.0335084989181578,1.7599749143747512,-0.4975861903156312,-0.9004173567688303,-1.9712046771376,-0.393957,0.2778,0.0244651,0.558992,0.48342,-0.658485,0.142236,-0.393296,0.185249,-0.215393,0.74806,-0.0654273,-0.612659,0.246525,51.84440879411962,7.900224165636583,13.741564524078825,10.893417472406302,-12.844224209566892,-3.4877379589040736,6.333859106602849,8.203737251966945,-0.576569,0.160882,-0.394316,-0.017569,-0.234332,0.0879383,0.968012
6.165074110031128,21.940892222422246,12.122167329200252,8.643136949245974,-1.6749902848389395,0.639860028095968,-3.5413457364297414,-0.395205,0.278311,0.024623,0.558792,0.485368,-0.657556,0.140675,-0.396676,0.188897,-0.216308,0.752092,-0.0520824,-0.606359,0.252931,51.61455777120897,7.512165704912799,12.108591072652157,12.19326583666951,-12.42007070271393,-2.6043537518986675,4.529088419832378,7.580104912474582,-0.581391,0.161386,-0.394786,-0.0460342,-0.253944,0.0649654,0.963936
6.217245817184448,21.734480787759182,15.376125324898382,8.67478233485691,-2.467397019216868,1.0220471442766934,-3.6135397214282605,-0.396049,0.278766,0.0248365,0.558527,0.488567,-0.655446,0.140501,-0.397143,0.190209,-0.215717,0.751183,-0.0494986,-0.606938,0.254755,51.71034186077566,7.695788971781287,12.206835841763674,12.128706924635217,-12.579090214887385,-2.2531210214658763,4.3731755514887345,7.25108779649422,-0.580163,0.16139,-0.39628,-0.0519098,-0.255205,0.0584027,0.963724
6.269465684890747,22.91881848637839,13.433380922754646,5.590561232176216,-2.8062987558664836,0.7147383965220878,-4.147256461806303,-0.395685,0.278771,0.0249617,0.55802,0.488767,-0.655898,0.139712,-0.394777,0.188495,-0.214343,0.747234,-0.058534,-0.612424,0.251301,52.18676774960489,8.235439547697458,13.409967939881234,11.57393346922224,-13.262151427110613,-2.6575646918726683,5.192078707972029,7.553026770679021,-0.576454,0.160378,-0.396617,-0.0520703,-0.269376,0.0693325,0.959124
6.3214333057403564,20.30261686395041,10.967971699958323,6.545846714081363,-2.0858418908370373,0.3077939693154046,-3.7077721618247597,-0.39543,0.278674,0.0250196,0.557421,0.489133,-0.65577,0.141407,-0.393132,0.188117,-0.213822,0.745119,-0.0579049,-0.614467,0.252737,52.126115043501535,8.430497296886704,13.397299145303823,11.891322631044478,-13.65746516571047,-2.7762712438878836,5.0520994316326915,7.71368957710881,-0.573384,0.159062,-0.396895,-0.0527555,-0.272607,0.0632043,0.958597
6.374397039413452,15.58734733487914,2.1337700842345098,2.8842421296748015,-0.9837983554566166,-0.649898525974257,-2.8921220097257834,-0.394659,0.278485,0.0247706,0.554919,0.489891,-0.65655,0.144964,-0.390213,0.187664,-0.213955,0.74105,-0.0547846,-0.617755,0.257337,52.07751491996276,8.670390291378894,12.9796245268751,12.782474107212188,-13.69903874032726,-3.2703878562732847,5.0155229495114755,7.881123969553567,-0.569672,0.156108,-0.397603,-0.0553313,-0.266259,0.0693569,0.959809
6.427799701690674,8.326988296998103,-2.105192884675054,3.814257076819832,0.35789353142193314,-1.9711552261823322,-1.4109680789806565,-0.393745,0.278224,0.0245802,0.553497,0.487457,-0.659002,0.147452,-0.387908,0.186197,-0.213817,0.740321,-0.0597875,-0.617158,0.259743,52.46798023317213,8.379637569116435,12.899390370614753,12.381883564472798,-13.689306342878544,-2.6720370813563967,4.463022103652777,7.486205384228794,-0.566077,0.155309,-0.397951,-0.0484207,-0.263096,0.0728713,0.960794
6.481273651123047,0.188671697159473,-12.945807950523022,3.0173488533165647,2.0237734211741376,-4.09904227113736,-0.3473527449734403,-0.393109,0.27799,0.0242985,0.552567,0.488346,-0.658479,0.15031,-0.384844,0.184087,-0.21324,0.735339,-0.0643025,-0.622878,0.259162,52.562743362052665,8.850334658152567,13.709597531912156,12.265965708154006,-14.11213860049863,-3.6160238653015035,5.554265912094249,8.150309153893373,-0.561047,0.154067,-0.398488,-0.0368593,-0.269113,0.0738651,0.959564
6.5343992710113525,-4.190997469185428,-3.9785945260760753,3.65266909665505,2.891926702051271,-5.935188634892866,2.007104431158739,-0.390808,0.277411,0.0239357,0.548541,0.486168,-0.662683,0.153603,-0.379008,0.181193,-0.212621,0.731031,-0.0727499,-0.63126,0.248622,52.19183797101561,8.794980804006855,14.947942221082137,12.63571497757979,-13.995298449704645,-4.003094799901763,6.0016465341057055,8.378146233437358,-0.553145,0.154669,-0.399595,-0.00921618,-0.233846,0.0890081,0.968147
6.586325168609619,-4.52841193822739,-2.6429271044171787,2.4871135455295743,2.880670331497783,-6.168580582641276,2.3141285144311197,-0.390602,0.27723,0.0238451,0.550318,0.484502,-0.662445,0.153539,-0.378906,0.18107,-0.212703,0.732949,-0.0724919,-0.629852,0.246612,51.83623877340605,8.669096413356955,14.892029566847935,12.496953544102851,-14.755143937150937,-3.9219536615330917,5.876180855618309,8.263853047428277,-0.553161,0.154721,-0.399466,-0.00755805,-0.229295,0.0878031,0.969359
6.808624029159546,0.3409405513188249,-7.052207844617537,5.207013036567248,3.018328016375988,-5.348543167193443,1.0014939212413543,-0.393174,0.276678,0.0235999,0.560953,0.479454,-0.659786,0.141912,-0.392591,0.178766,-0.215174,0.748036,-0.0813352,-0.612584,0.242007,52.507694595445734,7.800790228972869,15.059516322067223,10.884756994120435,-13.171747464069915,-4.279613067481495,7.001355781738373,9.122434538776394,-0.575554,0.158831,-0.393962,0.00533457,-0.207546,0.0917453,0.973899
6.860395193099976,6.627563407422576,-4.924324245125881,2.8571233291649656,1.7038724789584707,-2.6625277163193943,-0.4088165401848983,-0.393548,0.277296,0.0240207,0.559526,0.482838,-0.658791,0.140687,-0.393216,0.181992,-0.215597,0.748332,-0.0749541,-0.612441,0.24351,52.46130609073913,7.823668276729654,14.705836620384092,10.62061589362343,-12.930768959472745,-4.032729217358561,6.909847571651454,8.809994701700356,-0.576917,0.158815,-0.39394,-0.00379096,-0.211704,0.0889611,0.973269
6.913121700286865,13.232966037604303,2.0533675395509885,-1.1730099119910808,-0.2219343727044609,-1.117788710692773,-1.280619787221083,-0.393838,0.277719,0.0243757,0.558894,0.48328,-0.658981,0.140788,-0.393455,0.184201,-0.215531,0.747909,-0.0658144,-0.612425,0.247458,52.07944052052408,8.006157367190998,13.638957311082521,11.972640767802535,-13.036657793310006,-4.0934832259739515,6.119499375919523,8.88915803717505,-0.576759,0.159204,-0.394281,-0.0176385,-0.215348,0.0830043,0.972843
6.966568470001221,19.735614932880654,7.632886679883683,2.005105306289927,-1.6775701369928078,0.2226691291975956,-2.6867228111582957,-0.394222,0.278001,0.0245621,0.558542,0.484579,-0.658189,0.141425,-0.395325,0.186899,-0.216057,0.751769,-0.0569591,-0.607965,0.248953,51.58417981605304,7.417125570668394,12.752654046284901,12.294030927855525,-12.161203496757665,-2.8633575438215324,4.7341011906812795,7.833456384979703,-0.580085,0.161495,-0.394277,-0.0260075,-0.23846,0.0831985,0.967232
7.020080089569092,20.508328708292783,13.230058477177053,6.228510172199285,-2.2876276183015722,0.8596989206466812,-3.17690387434129,-0.395842,0.278625,0.024823,0.559669,0.486907,-0.656011,0.139074,-0.39743,0.189549,-0.215831,0.751819,-0.0524088,-0.608405,0.248726,51.40730857963311,7.769201826227609,12.700983794708012,11.974061140796183,-12.70858561476451,-2.8827158162603617,5.105121558640733,7.729603328829103,-0.58194,0.162616,-0.394737,-0.0450948,-0.25606,0.0633113,0.963531
7.0733489990234375,22.31558395479557,13.790298981286476,5.346325254162888,-2.834413746947754,0.8474821996946519,-3.8571191438028487,-0.396075,0.278782,0.024959,0.55921,0.488133,-0.655422,0.139395,-0.396709,0.189005,-0.214864,0.74635,-0.0535204,-0.612676,0.25441,51.9304130536161,8.614971835637855,12.75312769349474,12.201788112637825,-12.668041734394311,-3.6468891840964197,5.67072701440032,8.181574181385782,-0.579739,0.161786,-0.395807,-0.0480651,-0.262967,0.0691856,0.96112
7.126694202423096,21.574467301969904,13.617081208497359,5.103900898559806,-2.769013176392744,0.565062312178652,-3.65140558492185,-0.395666,0.278641,0.0250205,0.559021,0.488306,-0.655398,0.139665,-0.395147,0.188267,-0.214384,0.747046,-0.0550125,-0.612509,0.252444,51.89840773915842,8.436285860596447,13.024733974883596,12.519268884152206,-13.512274282659396,-3.3269656213726613,5.197593855235999,8.127048208558747,-0.577222,0.15997,-0.39596,-0.0476544,-0.266579,0.0661967,0.960356
7.193324327468872,18.009554986702852,7.935207427981709,4.128608332601954,-1.6915041044838701,-0.0235713152555054,-3.0859093523962313,-0.395354,0.278591,0.0249115,0.556776,0.489355,-0.65613,0.141513,-0.394205,0.188779,-0.214811,0.745571,-0.0514961,-0.612056,0.25857,52.14971573421393,8.373305077766739,12.349316623658487,12.92527885197361,-13.035283947780696,-3.0855974865641294,4.774323922070765,7.912376386645768,-0.575576,0.158184,-0.396346,-0.0500659,-0.25519,0.0641443,0.963461
7.246903657913208,10.483115656546026,-0.5982126718779861,4.520678564052532,0.12086711863574078,-1.3787061259734268,-1.8379220896707176,-0.39507,0.278402,0.0246852,0.556964,0.486601,-0.657805,0.142488,-0.393509,0.187992,-0.214899,0.747905,-0.0544593,-0.609108,0.258185,52.20060479562338,7.872143003646068,12.195243075703733,12.677293515088994,-13.434238598957181,-2.2177668921494877,3.723973691970171,7.229590828320579,-0.575311,0.157869,-0.396069,-0.0491701,-0.258889,0.0695833,0.962142
7.299546003341675,6.751726985726169,-7.749847373133087,6.405588814454073,1.642728102475801,-2.677119937138471,-1.2704326808493371,-0.394449,0.278073,0.0244349,0.555874,0.488061,-0.657062,0.145155,-0.391344,0.186075,-0.214155,0.743002,-0.060995,-0.615451,0.255826,52.349279670036594,8.310121902964358,13.379287448953697,11.749200302564525,-12.693513355475245,-2.6533893663821964,5.0440414821962785,7.439188375290817,-0.570786,0.158344,-0.39662,-0.0449817,-0.263701,0.0709482,0.96094
7.353179216384888,3.221672070315609,-8.28051050176151,10.810464074518984,4.153617747094382,-4.943556984815696,0.5575240245134878,-0.39211,0.277489,0.0239435,0.551794,0.485381,-0.661654,0.148806,-0.38302,0.180929,-0.212621,0.736756,-0.0770779,-0.626108,0.24339,52.36774635864053,8.405913563070511,15.449813151889702,12.132090443767888,-14.168213882011436,-3.298744867006132,5.556662319632844,7.831634322077849,-0.557716,0.157995,-0.399516,-0.0015059,-0.23118,0.0897076,0.968765
7.4065842628479,2.3826810563936784,2.389145607092341,4.801104513933653,3.9751762848937533,-5.109376974371933,2.5561895206698093,-0.390319,0.27693,0.0236609,0.55288,0.482215,-0.662565,0.150995,-0.382099,0.180451,-0.214467,0.740582,-0.077592,-0.623198,0.239044,51.70053834613142,7.713848478395363,15.367688577005762,10.878113137413255,-13.939314361874896,-3.5238174877785475,6.667218648735237,8.612514476270933,-0.560522,0.159293,-0.398451,0.00517476,-0.203573,0.0921055,0.974704
7.459184169769287,0.7872458547456358,3.040459152506363,3.9358097599256623,3.9574016853388407,-5.245822174735501,2.920328679617402,-0.390396,0.276865,0.0235957,0.552776,0.481798,-0.663324,0.149367,-0.382654,0.180486,-0.214922,0.739356,-0.0783305,-0.62448,0.239253,51.88399900830704,8.007550498807031,15.348789695744335,10.779339262694224,-13.78969334379096,-4.280344715725423,7.2981872275079915,9.060573284136566,-0.561688,0.159375,-0.39804,0.00551262,-0.201645,0.0906555,0.975239
7.557594060897827,4.511837617812806,-6.197354565041636,8.953978654355103,4.311081827659411,-5.606597831945113,1.1044982138805148,-0.39259,0.276443,0.0234295,0.561326,0.478544,-0.660433,0.140489,-0.391897,0.176039,-0.215002,0.745981,-0.0936842,-0.614457,0.239118,53.31785290521141,7.996316540872661,16.305577229030717,9.402748836905145,-13.2781302084695,-5.044863312275954,8.573203598241905,9.761575399750505,-0.574382,0.156167,-0.394512,0.016146,-0.195161,0.100561,0.975469
7.609095335006714,7.191327949200166,-5.594446453259205,5.9797437529018005,2.7400961937496,-3.732282471040925,0.11702669929218083,-0.393347,0.276921,0.0237378,0.561578,0.479457,-0.659776,0.139454,-0.394262,0.17684,-0.215003,0.749177,-0.0909043,-0.608741,0.244755,53.750399974393375,7.599550295077894,15.606878958901415,9.932392028031419,-12.758072854195554,-4.217210619324387,7.259504776504751,9.183116741454345,-0.577521,0.153584,-0.393386,0.00704268,-0.206846,0.101875,0.97303
7.661167144775391,7.949144626747489,-5.054897037666183,0.6344335294931674,0.8551913247110373,-1.9031339730539667,-0.7941712888703885,-0.394701,0.277647,0.0242285,0.561059,0.482627,-0.658235,0.137876,-0.396708,0.180123,-0.215223,0.750049,-0.0768167,-0.60552,0.254698,53.76390417059103,7.809046763822666,13.944451551305157,11.978618120348525,-12.710283644441017,-4.181678606526393,5.910297713475913,9.17192858244038,-0.581117,0.152235,-0.39215,-0.0124683,-0.217411,0.0984968,0.971018
7.713428735733032,16.731902701499187,5.468786884876026,2.572806590548937,-0.9594081157336936,-0.7768408660247571,-1.9776547373106772,-0.394779,0.277904,0.0245448,0.559125,0.485338,-0.657734,0.138612,-0.397009,0.182166,-0.215374,0.751402,-0.0711442,-0.603577,0.256962,53.708868307353576,7.433625875284251,13.467032810151613,12.129435951907945,-11.940937956514821,-3.163354366572282,4.767804390292133,8.28770502418915,-0.582157,0.152865,-0.391774,-0.0300213,-0.237768,0.090011,0.966676
7.766218423843384,15.185819357542895,9.303309415112784,7.127138189761029,-1.4081880084288807,-0.5267118814722995,-2.278611647212557,-0.395607,0.278277,0.024518,0.559571,0.486546,-0.656239,0.139654,-0.39622,0.184045,-0.214818,0.748081,-0.0669533,-0.606858,0.260028,53.48167189231258,8.059477441747125,13.253185140504483,11.808156136577775,-12.908325190888306,-3.2379013370718717,5.193251155459531,8.294748209604508,-0.579191,0.153506,-0.394229,-0.0455556,-0.256633,0.080372,0.962083
7.818549394607544,13.287352364452861,6.675730187831031,4.110698084553324,-1.7177596619016418,-0.7148981497644669,-2.353073421307546,-0.395428,0.278428,0.0245605,0.557271,0.486897,-0.657331,0.142464,-0.392616,0.184786,-0.213576,0.742175,-0.064699,-0.613447,0.262056,53.27035506319646,8.689178553564703,13.124455773788828,12.412621783001333,-13.643094691208516,-3.239859821339241,5.007491261129672,7.857954834103669,-0.572196,0.152435,-0.396469,-0.0474146,-0.263929,0.0809954,0.959965
7.872679233551025,14.537465722650852,3.9406929209483605,4.067852377955552,-1.2041836761355142,-0.990727668179268,-2.5791286563858518,-0.394185,0.278307,0.0247394,0.55523,0.487431,-0.657944,0.145741,-0.388271,0.183891,-0.21285,0.736245,-0.0658567,-0.619202,0.264945,53.379869913259554,9.233930936455629,13.291878372634644,12.492603084781672,-14.335462468098005,-4.116828308789376,5.867118261817865,8.421897567512543,-0.565969,0.150426,-0.397256,-0.0493782,-0.273197,0.0806722,0.957297
7.925610780715942,12.50124493457001,1.1129093924045643,3.5038100239006154,-0.5456329407449468,-1.3067703985088752,-2.149803710574284,-0.393481,0.278237,0.0246161,0.553013,0.488262,-0.657999,0.151043,-0.385803,0.184095,-0.213008,0.735258,-0.0667462,-0.62007,0.265432,53.21755664917354,8.787925751833205,13.491393311658916,11.157170448649097,-13.670952145070064,-3.1658551041429597,5.6853235782702445,7.920548770388122,-0.562483,0.149276,-0.398122,-0.0534645,-0.271459,0.0808867,0.957554
7.979628562927246,12.200826166453739,-0.8583725472996772,3.5222678459225483,0.101575595291918,-1.4479943133856101,-1.8768311343589854,-0.393024,0.278148,0.0244492,0.55075,0.488837,-0.659595,0.150495,-0.384621,0.183642,-0.213067,0.735078,-0.0652498,-0.62011,0.266208,53.379258619211356,8.652595524971952,13.197938657822442,12.775771992319012,-13.728614222819754,-3.0630696062463905,4.645646069294697,7.555539102322664,-0.560553,0.14888,-0.398131,-0.0503136,-0.269133,0.082912,0.958207
8.035024404525757,9.85417699641973,-3.1105538416607748,5.1254068977752,0.8915519240840546,-1.7469683497059023,-1.4165708551264298,-0.392901,0.277989,0.0243462,0.551662,0.48796,-0.65969,0.149572,-0.385096,0.182741,-0.213089,0.736048,-0.0694218,-0.619009,0.265031,53.631151886798676,8.563456527876422,13.52791750550007,12.180023372279056,-13.679794711899422,-2.975576466886533,4.790192586115117,7.626567815565833,-0.561504,0.149488,-0.397813,-0.046372,-0.267307,0.0831646,0.958895
8.088343143463135,8.544876263127613,-6.057383991171502,4.874162123794965,1.3079872099080307,-2.0179718098409936,-1.1459147543354937,-0.393141,0.277922,0.0242831,0.553244,0.487834,-0.658692,0.148537,-0.385716,0.181611,-0.212662,0.737353,-0.0734837,-0.619654,0.258727,53.434385096925574,8.504896740000575,14.382065221411764,11.967473712585043,-13.912922246297313,-3.0476392621789294,5.054177069778516,7.669875906663277,-0.562311,0.149702,-0.397516,-0.0370225,-0.268538,0.0856239,0.958742
8.141311407089233,6.871931825215288,-6.6998899509637235,5.088261099134808,1.7952122565854844,-2.638779957144002,-0.6295807797789009,-0.392973,0.277666,0.0241714,0.554305,0.486042,-0.65929,0.147807,-0.385486,0.179857,-0.212256,0.736876,-0.079484,-0.620517,0.256232,53.62959106347579,8.620014004501975,14.925170504864365,11.634170757637774,-14.231435543387098,-3.372339142560076,5.548605037294357,7.939830692760862,-0.560916,0.149945,-0.397765,-0.0272184,-0.257608,0.090943,0.961575
8.194768190383911,6.290755819427604,-6.46986766244775,2.9835647027759746,1.9216278197580707,-2.727613850703205,-0.20014030502529595,-0.392761,0.277625,0.024203,0.553561,0.48631,-0.659827,0.147314,-0.385127,0.179511,-0.212179,0.737163,-0.0795304,-0.620599,0.255192,53.6542696023785,8.530968554839854,14.96104298278344,12.259709792322438,-14.233779795387044,-3.3609374055200227,5.1732156639572295,7.774960025095331,-0.561372,0.150018,-0.39687,-0.0250109,-0.253281,0.0936661,0.962523
8.247294425964355,5.941378701689622,-6.073837639975518,2.750922366411948,1.8566465081618864,-2.7481462903439016,-0.1253093938841136,-0.392637,0.277689,0.0242394,0.552768,0.486138,-0.660337,0.148567,-0.384913,0.179452,-0.212424,0.73285,-0.0797781,-0.624107,0.258952,53.859838064325004,9.079455676429788,14.844725778477093,11.783805365092853,-13.436750073676357,-4.4317041897937095,6.67296724025183,8.98838274457771,-0.560838,0.149472,-0.397355,-0.0147847,-0.243055,0.107918,0.963877
8.300459861755371,6.077732702577015,-6.528100526783507,3.128523518296581,1.8994845111310212,-2.611769115140204,-0.3444077295061662,-0.392772,0.27763,0.0241656,0.55355,0.486096,-0.659782,0.148259,-0.384789,0.179186,-0.212163,0.733762,-0.0792562,-0.622396,0.260643,53.94901477298213,9.032949973241468,14.673198005360899,12.188823337709644,-14.16412514370668,-4.18272556449006,6.102762266277301,8.504424315268135,-0.561046,0.148075,-0.39664,-0.02603,-0.250485,0.0952212,0.963074
8.35448956489563,7.128945354791426,-7.303956492543098,3.4733319432549554,1.7614107225357123,-2.4584008413820793,-0.7603268453227898,-0.392861,0.277723,0.0242075,0.553577,0.48574,-0.660043,0.148161,-0.384307,0.178561,-0.211744,0.729143,-0.0815749,-0.627077,0.261668,54.14420743659318,9.764575742879856,14.959084103391607,12.03779535808211,-14.219198593666865,-5.413708143725255,7.671129426189221,9.633076138111054,-0.559789,0.145753,-0.396835,-0.027797,-0.250777,0.0965388,0.962818
8.40838098526001,8.354000894080883,-8.282896111069936,4.432278208497107,1.795036021141629,-2.4089557929910272,-1.1485732779643183,-0.392788,0.277718,0.0242236,0.552393,0.486629,-0.660423,0.14797,-0.383721,0.177911,-0.2113,0.731661,-0.083354,-0.622525,0.26493,54.764864561214914,9.176685107901804,14.77605618543216,12.608655165381721,-14.516769899924412,-4.087748766837553,5.768093883133204,8.199313589290343,-0.5589,0.144589,-0.396986,-0.034069,-0.257389,0.0996537,0.960552
8.460856437683105,8.088666433840807,-7.591718608541056,4.233585916134043,1.6344568115940723,-2.1738677529383197,-1.1388717497282859,-0.392694,0.277831,0.0242775,0.552213,0.486318,-0.660444,0.149561,-0.383039,0.178296,-0.211367,0.731651,-0.0834419,-0.622287,0.265486,54.68195789735785,9.04741689037535,14.730766112860099,11.988839867221685,-14.629597053296557,-3.830655107321359,5.645163871517335,8.073949901898295,-0.557769,0.144011,-0.396977,-0.0364516,-0.259022,0.100839,0.959901
8.513211727142334,8.968659733755695,-7.073358750577004,2.853811165099233,1.235870699514152,-1.8196747877641872,-1.5160250530796664,-0.392578,0.277906,0.0243054,0.551689,0.486621,-0.660372,0.150822,-0.382389,0.178819,-0.211483,0.730938,-0.0803829,-0.621898,0.269278,54.673913754533416,9.088132685625938,14.244442599065362,12.276839529337241,-14.778808264607012,-3.831077775595407,5.47142838543644,8.010331157375537,-0.556077,0.141982,-0.398114,-0.0369926,-0.249222,0.0846465,0.964031
8.565886974334717,11.441068086454557,-6.998288024526621,2.341140683123981,1.0371985361625329,-1.3471276149470512,-1.9518837873518808,-0.392528,0.277965,0.0243566,0.551785,0.486262,-0.660616,0.150562,-0.382019,0.17908,-0.211395,0.729569,-0.081342,-0.624682,0.266241,54.46751009686178,9.335182522819501,14.575256793192828,11.87207562747639,-14.889771131241039,-4.286713833187751,6.184641403205403,8.458379965106138,-0.556445,0.142049,-0.397284,-0.0408907,-0.261752,0.0972408,0.959353
8.619367599487305,11.918625385278416,-6.408840596388695,2.0189428560454887,0.8804994726923637,-1.2049104701279936,-2.0906797625432336,-0.392619,0.278008,0.0244494,0.55278,0.485848,-0.660206,0.150044,-0.382494,0.17912,-0.211461,0.729621,-0.0799041,-0.622812,0.270875,54.700576740209684,9.484468549969318,14.094974954587988,12.071639905412795,-15.304549843434826,-4.569564087262389,6.2498612962140045,8.607619942348629,-0.556708,0.141952,-0.397209,-0.0430834,-0.260431,0.0967943,0.959661
8.672085046768188,12.624497310347165,-6.718279135185903,2.2514652754068347,0.7950849971506201,-1.1130559872241506,-2.327727582092135,-0.392818,0.277989,0.0243779,0.551402,0.487981,-0.659802,0.149975,-0.383216,0.179374,-0.211555,0.732787,-0.0821422,-0.620546,0.266831,54.80683331317478,8.762210201149918,14.643552615441548,11.460510971020922,-14.33123690395402,-3.05628786018897,5.098946806573289,7.5737918112629545,-0.558136,0.142455,-0.396904,-0.042399,-0.262881,0.0948231,0.959221
8.725366353988647,12.73801672064843,-5.853079655878566,1.6066006087455054,0.5936643998190689,-0.915549019299019,-2.3742375812032996,-0.392977,0.278036,0.0244343,0.551816,0.487646,-0.659918,0.149024,-0.384266,0.180245,-0.211913,0.733464,-0.0773775,-0.620371,0.266801,54.441318380803324,8.8724154135287,14.156002535016409,12.28338066579345,-14.161853181875092,-3.4057815946914936,5.122944407131565,7.758250200384939,-0.560043,0.144342,-0.396781,-0.0439385,-0.261314,0.0929996,0.959758
8.77842092514038,12.860153211227525,-5.491561441214371,2.024375917763814,0.634804055751371,-0.8158346824101286,-2.4864566054610364,-0.393142,0.278044,0.0244788,0.552871,0.48788,-0.658784,0.149366,-0.385305,0.181471,-0.212413,0.735628,-0.0729125,-0.617166,0.269519,54.24568244219508,8.679023342781429,13.58127565518616,12.042040491427949,-14.166841445161033,-2.980316526806252,4.687009849713773,7.512649449462789,-0.562539,0.147034,-0.39655,-0.0513369,-0.266211,0.0901969,0.958311
8.831435918807983,12.522916029514153,-4.758912316338975,2.019931537388016,0.6300622910681991,-0.7242997254853057,-2.42322960057981,-0.393234,0.27806,0.0244924,0.552913,0.488583,-0.658288,0.149097,-0.38575,0.182678,-0.212806,0.735768,-0.0688811,-0.619977,0.263686,53.44818031383253,8.784509012785378,13.766821719784929,12.221197904711367,-13.877188796655023,-3.432124309902367,5.297890928111908,7.963833700773303,-0.563721,0.148978,-0.39624,-0.055912,-0.267878,0.0810015,0.958412
8.884412288665771,11.160919758392886,-5.701916209830356,2.559686717703771,0.7157930249287379,-1.139289534892968,-2.2417543542714657,-0.393285,0.278097,0.0244696,0.552942,0.487894,-0.658578,0.149964,-0.386029,0.183225,-0.212988,0.738005,-0.0672189,-0.617365,0.263992,53.268566195059414,8.383397386878622,13.42816933978675,12.194387518506272,-13.784539926564145,-2.6461000701591892,4.436172951435883,7.371910766563341,-0.562889,0.148803,-0.39718,-0.0438223,-0.252201,0.0935293,0.962147
8.936884641647339,9.251454792530343,-6.744109599349949,1.0520951576370423,0.6514599128613109,-1.4567018622607333,-1.8554853082492673,-0.393175,0.278013,0.0244611,0.553001,0.488319,-0.658364,0.149304,-0.385408,0.182657,-0.212892,0.73471,-0.069324,-0.620547,0.265172,53.55789647300758,8.94504844640052,13.714923646648792,11.91287854373675,-14.067479663206882,-3.697276853097687,5.6729419942704675,8.244447106059893,-0.562199,0.148314,-0.397385,-0.0439747,-0.253399,0.097271,0.961454
8.990226984024048,8.150626349909711,-8.802770872997863,0.7315354062230542,0.9975490553237665,-2.098580536021379,-1.5475327059883721,-0.39294,0.278033,0.0244408,0.551552,0.487894,-0.659868,0.149415,-0.384422,0.181583,-0.212438,0.732537,-0.070076,-0.621645,0.268396,53.92568669427224,9.133726876637029,13.462071543034044,13.166686788890647,-14.043972891866826,-3.9915823943751185,5.539394363626455,8.19479100440446,-0.560525,0.146488,-0.396939,-0.04399,-0.260411,0.0872888,0.960537
9.043334722518921,5.476581347944816,-10.085923683875995,0.26944740650497423,1.608014461067571,-2.909150002065435,-0.8001957067783703,-0.392232,0.277857,0.0244072,0.553203,0.485857,-0.659382,0.152066,-0.38206,0.179858,-0.211786,0.730435,-0.0769061,-0.623379,0.268235,54.02733907529261,9.328449025626266,14.093978368174561,11.617271072974175,-15.087008318300889,-4.370567073279208,6.321160508126878,8.643964450681697,-0.556616,0.144812,-0.397246,-0.0352963,-0.257497,0.0886863,0.961553
9.097309589385986,2.3547986373057217,-11.255296020999545,-0.7995923581325174,2.2469920304703743,-3.7479279572170565,0.17781088572257037,-0.391759,0.277738,0.0243599,0.551091,0.487052,-0.660358,0.151678,-0.380685,0.179086,-0.211576,0.729917,-0.0785261,-0.625491,0.264226,54.046084818566946,9.19877816295216,14.559776590546994,12.429631053491663,-14.98799767255815,-4.370405241154433,6.033392296074082,8.4559177671937,-0.555377,0.145662,-0.397084,-0.0327513,-0.254814,0.0964011,0.961615
9.150225400924683,-0.7059209844532647,-10.105584923946553,-0.7489125911698051,2.905360956801307,-4.625433438439584,1.2062239020644805,-0.391132,0.277514,0.0241984,0.550484,0.485261,-0.661987,0.152522,-0.37939,0.177706,-0.211293,0.730754,-0.0851344,-0.625432,0.259972,54.149602380527305,8.800368314964087,15.150233370196435,11.751809694485251,-14.915854028538083,-3.7043043310829695,5.6564742868684155,8.017897168097583,-0.553225,0.145953,-0.397957,-0.0172534,-0.23819,0.0994254,0.965962
9.202230215072632,-1.110115720320557,-8.082580568861623,1.5786908094882601,3.5176976918844143,-5.173175863567672,1.7370733034892052,-0.390752,0.277163,0.0238906,0.550143,0.484047,-0.663531,0.15089,-0.379154,0.176272,-0.211257,0.728924,-0.0877421,-0.628022,0.25799,54.27510756770535,9.134420600599777,15.365517186534833,12.56498160693975,-14.772116372855535,-4.503227810200496,6.204990852464883,8.57390985140936,-0.552883,0.14672,-0.397761,-0.00655772,-0.229821,0.104492,0.967585
9.255524158477783,-5.869331397509081,-11.041953551822525,2.904423345813782,4.0897038085895945,-5.669407802674686,2.239636344064281,-0.391066,0.2771,0.023789,0.551332,0.483858,-0.662553,0.151452,-0.380046,0.175768,-0.21121,0.731016,-0.0905498,-0.625946,0.256141,54.259993452918984,8.79578281260424,15.73746480656962,11.730332909789603,-14.584704201404705,-3.8595177984009545,5.921595074741639,8.18179754676768,-0.553877,0.146494,-0.397976,-0.00426725,-0.22592,0.107899,0.968142
9.30808401107788,-7.561741248477902,-11.411428482276461,2.4020554592177197,4.187366217427392,-6.072183966208261,2.538811484056367,-0.391028,0.277064,0.0237553,0.551645,0.482747,-0.6631,0.151468,-0.379936,0.175376,-0.211105,0.730554,-0.0912484,-0.626851,0.254994,54.137251169401424,8.894591386426953,15.776082988844967,11.901679046734305,-14.684365080462118,-4.136620683756785,6.128824149144231,8.379656473430302,-0.553582,0.14616,-0.397893,-0.00186245,-0.225208,0.10974,0.968109
9.696226119995117,-2.0071796579969847,-17.798329049938275,4.788321152327528,5.134362522387787,-5.5227264635896995,1.1489863327070617,-0.389191,0.276416,0.0233142,0.550641,0.480263,-0.665261,0.153526,-0.375869,0.170172,-0.209942,0.724412,-0.105579,-0.631891,0.254546,55.022824657760125,9.301494452133708,16.970050229617193,11.593928090505585,-15.012979207436272,-5.320999146093424,7.485329307348498,9.38229071251788,-0.54805,0.140401,-0.397728,0.00997488,-0.223564,0.116331,0.967671
9.74727487564087,4.135424411260202,-12.673400672607736,-0.17976150088083037,3.0157406743329886,-3.1401689305653853,0.09079990585449976,-0.390043,0.276815,0.0235398,0.551633,0.481186,-0.66393,0.152835,-0.377167,0.172661,-0.210071,0.728515,-0.102965,-0.627928,0.253714,54.8231846704264,8.832742609673874,16.80093316375173,10.536958209370967,-15.414354625005341,-3.834909984799335,6.608089646013241,7.961260101047835,-0.549467,0.142476,-0.398045,0.0035485,-0.225906,0.117298,0.967055
9.799364566802979,5.628266349855473,-10.816608793191415,0.9548051046881996,1.7413388118875652,-1.865011075226822,-0.7656272299682034,-0.390783,0.277222,0.0238729,0.551484,0.482354,-0.663669,0.15081,-0.380415,0.176093,-0.211602,0.731216,-0.088705,-0.623234,0.262745,54.64273428861339,8.863949917217596,14.840990562274499,12.09927050520335,-14.60044460540012,-4.043394650603464,5.765051183300596,8.312214414895218,-0.554413,0.143022,-0.397846,-0.017138,-0.23595,0.107169,0.965686
9.852519273757935,8.980122062929489,-10.548594925169235,1.3195352939503968,1.2548831936813527,-1.3193402261264258,-1.5366593624182483,-0.391963,0.277426,0.0239357,0.551657,0.484546,-0.662178,0.149698,-0.382359,0.176738,-0.211454,0.731607,-0.0863562,-0.622217,0.264838,54.816898594826526,8.931537546471887,14.74619068899647,12.477663050121258,-14.286326427985927,-3.8215325738888417,5.492471075225823,8.053380632224993,-0.556928,0.142915,-0.396933,-0.0376266,-0.257747,0.0976577,0.960528
9.905902624130249,11.034547213548391,-7.432213406481518,1.691649580051306,0.8279750306565257,-1.1209081633484144,-1.7247312926727916,-0.391955,0.277569,0.0241674,0.553999,0.484059,-0.660479,0.150134,-0.382635,0.176109,-0.210888,0.732127,-0.0878254,-0.621083,0.265581,54.80021066266952,9.009496320462262,14.922092713050453,12.07665396081462,-14.811780603453107,-3.9940855282344607,5.729941439746524,8.183643544733073,-0.557912,0.141647,-0.396172,-0.040252,-0.264928,0.107449,0.957417
9.958115100860596,13.597187598916113,-6.737858140911314,2.791032007580163,0.6735242533090111,-0.9680898383918733,-2.3042675258105243,-0.392188,0.277535,0.0240617,0.552863,0.484293,-0.66174,0.147996,-0.383224,0.175126,-0.210765,0.731115,-0.0921201,-0.621177,0.266691,55.52123383798923,9.10068391580307,15.13749193348026,12.322299762569807,-14.406635822568607,-4.116160089258319,5.872418053981916,8.28894257728227,-0.558374,0.140049,-0.395902,-0.0428753,-0.272009,0.100613,0.956059
10.010290622711182,12.056076635843704,-6.595314974792508,1.8021866538295033,0.23832418869011013,-0.806849279126594,-2.2816839103328688,-0.392674,0.277749,0.0242287,0.553714,0.48395,-0.661221,0.148258,-0.383743,0.176379,-0.210947,0.729878,-0.0868413,-0.62232,0.269172,55.15729908858866,9.507265348172464,14.574295284150447,12.631922844652323,-14.768805541971574,-4.826253726527565,6.464202598981984,8.831528890745144,-0.558402,0.138545,-0.396523,-0.0437955,-0.26694,0.102124,0.957286
10.062802791595459,13.388506709317676,-5.1021866453886995,2.3331076423245065,0.22516747186047076,-0.6070372876235919,-2.541388371744482,-0.39243,0.277828,0.0242762,0.552381,0.485438,-0.660865,0.149938,-0.382793,0.177267,-0.211089,0.729799,-0.0849043,-0.621389,0.272139,55.264435439885716,9.298618504098133,14.333100569709487,12.263387229984342,-14.594274289178543,-4.170246480039669,5.918331558547838,8.311021112913746,-0.557433,0.139506,-0.396654,-0.0523881,-0.274261,0.0974063,0.955274
10.116529703140259,15.090529889132085,-1.8396557518659098,1.54772974334595,-0.3359773247646175,-0.336759183632428,-2.7408547002302837,-0.392264,0.277893,0.0243278,0.552818,0.485646,-0.659944,0.151706,-0.382318,0.17843,-0.211362,0.73187,-0.0804285,-0.619961,0.271194,54.663013510320006,8.980840387443926,14.034720511631129,12.197831401127129,-14.93354497535099,-3.642164606603753,5.231787371183049,7.856505025462542,-0.556723,0.13836,-0.396573,-0.0510638,-0.271125,0.0922998,0.956747
10.187366008758545,16.484324267415253,1.0114467603883364,1.141243781917521,-1.1619296684305094,0.07176077732674413,-3.0577455094475736,-0.392609,0.278079,0.0244229,0.551489,0.486655,-0.660625,0.150338,-0.383208,0.179624,-0.2117,0.731956,-0.0761271,-0.618062,0.276487,55.005956926208704,9.00625454265032,13.240429591986159,13.056214909375893,-14.620970098681449,-3.45599203996753,4.678076825351534,7.591505919817373,-0.558622,0.137151,-0.396267,-0.0391903,-0.275359,0.103987,0.954897
10.239620447158813,17.074059527597953,3.080146736204098,2.5741049465771524,-1.3308142658706321,0.011893547379404483,-3.5063601494440104,-0.392966,0.278083,0.0244283,0.551565,0.487663,-0.659979,0.149627,-0.384076,0.179638,-0.211735,0.730505,-0.0760222,-0.619015,0.278215,55.223143485724556,9.296933801966421,13.293301952668017,12.967187568547644,-14.23530233978897,-3.876275419708289,5.297183746894657,8.020659559504285,-0.55999,0.137801,-0.396295,-0.0656486,-0.28111,0.0972656,0.952474
10.29281735420227,20.38166676762,6.903995243435156,2.9929019073834247,-1.9343538545869055,0.4690408347774492,-4.052960505318964,-0.393266,0.278166,0.0245034,0.552685,0.487449,-0.658951,0.150718,-0.384549,0.179919,-0.211669,0.730115,-0.0754595,-0.618832,0.279795,55.1262208772085,9.406219211322158,13.231731951403786,12.33897854665924,-14.230445757572545,-3.9275692938973954,5.665963699093646,8.171368872696824,-0.560247,0.136399,-0.396714,-0.0653926,-0.277995,0.0936737,0.953765
10.346276760101318,22.84963023235661,12.615276784409353,3.3289664457031063,-2.8368587725078513,0.9268291286987366,-4.592135494885495,-0.393537,0.278287,0.0245749,0.553692,0.487428,-0.658464,0.14921,-0.385557,0.180338,-0.21186,0.732408,-0.0738251,-0.614782,0.283145,55.38406441351331,9.24847671897268,12.752311336212093,12.603000691848962,-14.775547141328381,-3.633489609502167,4.954076479093991,7.778974008391366,-0.561553,0.136508,-0.396575,-0.0707402,-0.28293,0.0928159,0.952014
10.398789167404175,24.97075665083747,20.55412190588585,7.22253925200415,-3.595420899206323,1.515540153734896,-5.256131589116213,-0.394027,0.278539,0.0246484,0.552237,0.488528,-0.65928,0.147393,-0.386598,0.181996,-0.212232,0.731887,-0.0695021,-0.616626,0.281572,55.16575492206508,9.413833925132918,12.505147818670594,13.346323184116839,-14.198888172532971,-3.8521405456194877,5.143464778950039,7.959867896205597,-0.563011,0.136422,-0.396767,-0.0780184,-0.288186,0.0852258,0.950578
10.451576471328735,27.05293454307634,24.046080622541396,10.430104942322792,-3.94953397672884,1.6975337216674509,-6.440718076682795,-0.394774,0.278843,0.0247542,0.552539,0.490849,-0.656974,0.148838,-0.387416,0.184221,-0.21261,0.732385,-0.0637355,-0.616245,0.282473,54.72736360279734,9.362014355434571,12.299308709991449,12.638400036794668,-14.12535714102244,-3.491165889560964,5.06488754825404,7.776716521390035,-0.563457,0.137276,-0.397601,-0.096075,-0.292892,0.073434,0.948468
10.505221366882324,25.033726798656343,26.80613156181521,12.272465384631994,-4.179543960228551,1.9298780668461726,-6.849302664270259,-0.394818,0.279034,0.0248511,0.551609,0.491599,-0.656892,0.15017,-0.3869,0.186882,-0.213014,0.729958,-0.0555055,-0.61532,0.292338,54.8076702465965,9.701601792795532,10.98566120252406,12.594798552306203,-14.400900079995846,-3.3245739065533577,4.796668389147328,7.6055873165856696,-0.562915,0.137727,-0.397888,-0.112555,-0.305909,0.0709343,0.942719
10.557988166809082,26.275374359279713,31.180914900391947,13.212672296391172,-4.468797025268245,1.9797808590847539,-7.360712323221815,-0.394576,0.27906,0.0248026,0.549771,0.492289,-0.657803,0.15066,-0.386064,0.188304,-0.21335,0.728953,-0.0501986,-0.614143,0.298223,54.95146961506876,9.718461330445601,10.06409682599977,13.239990564956788,-14.519757133611716,-2.9465971533498667,4.093977818612811,7.0885720927013836,-0.561852,0.136366,-0.398233,-0.124802,-0.308352,0.0750428,0.94006
10.610551118850708,26.54197135335811,32.68556382118683,9.398511485694948,-5.553111059059932,1.919554189664664,-7.102284825797115,-0.394636,0.278986,0.0247766,0.550553,0.492119,-0.6572,0.150988,-0.386441,0.188274,-0.213524,0.72793,-0.0506433,-0.612772,0.303421,55.33433209478059,9.913895826562678,9.790364753275385,12.534827911629769,-14.55205193486069,-3.0497890681738262,4.404870911927985,7.366432661207125,-0.56153,0.13237,-0.39757,-0.123344,-0.301691,0.0717252,0.942669
10.662840366363525,26.676431688696937,34.83825404585603,12.270584003982144,-5.272268628698639,1.9437090756149529,-7.570680787238734,-0.395015,0.278981,0.0248201,0.552396,0.491148,-0.656738,0.149425,-0.387915,0.186492,-0.21312,0.729334,-0.055262,-0.610313,0.304197,55.80300791678401,9.886671759824335,10.040072572391903,12.652086779778097,-14.602195416582319,-3.17766184131769,4.478363098016128,7.3876836301652835,-0.564358,0.130593,-0.395994,-0.127908,-0.307039,0.0707781,0.940402
10.71646761894226,28.038396340028797,36.27369051624601,10.454814246722178,-5.76772382249983,2.0937207969567226,-7.440029306888843,-0.395753,0.278862,0.0247778,0.554439,0.491731,-0.655367,0.145921,-0.390512,0.185344,-0.213026,0.731765,-0.0596744,-0.607019,0.304118,56.434042524917814,9.828016722363792,10.473841352629806,12.327773818072872,-14.543991129883967,-3.093502372128686,4.465335175769503,7.348584071247345,-0.568459,0.129107,-0.394516,-0.124353,-0.298657,0.0727896,0.94342
10.769277095794678,25.937341036167926,34.59257805809897,12.904438044019924,-4.831348967393622,2.036049831235832,-7.011466122139871,-0.396591,0.27896,0.0248244,0.55719,0.490189,-0.654886,0.142751,-0.393468,0.184571,-0.212962,0.735011,-0.0621078,-0.604851,0.300093,56.37918030842945,9.755221605130501,10.767842772544054,12.519977963620743,-14.541149662432007,-3.378867988086764,4.710542478609881,7.572269887809922,-0.572879,0.129312,-0.393523,-0.120495,-0.293692,0.0847015,0.944485
10.82182765007019,22.438454129176804,26.18402967411058,11.670463503769446,-3.7938929541717274,1.874863886890029,-5.7928581872446285,-0.397104,0.279003,0.0248325,0.557167,0.491857,-0.653858,0.141816,-0.396375,0.184358,-0.214021,0.73791,-0.0612323,-0.600242,0.302406,56.74373557228091,9.309835223839833,10.576951386085877,12.41570702268184,-13.263181294200425,-3.2955983211614814,4.933510000556108,7.922037181114701,-0.577949,0.12734,-0.391898,-0.115488,-0.284334,0.0845134,0.947984
10.874713659286499,23.559840943604758,14.985630513886013,7.480283942574237,-2.097761182433863,1.0530413009706392,-4.9879211003022075,-0.396551,0.278613,0.0247161,0.559618,0.488801,-0.654656,0.139018,-0.396935,0.179258,-0.213542,0.741445,-0.0735146,-0.597478,0.296437,57.28248621601285,8.932409373755682,11.648320908991208,13.200014553924289,-13.83094794721455,-4.193630008283574,5.419898024356672,8.578154758468827,-0.580372,0.126361,-0.390118,-0.0971324,-0.273708,0.102633,0.951376
10.92791199684143,20.7817055271576,7.076282745572359,2.706928486998195,-1.0723024952232005,0.2870692783736176,-3.771852636530731,-0.395825,0.278493,0.024689,0.557861,0.488873,-0.655735,0.140731,-0.395893,0.177408,-0.213141,0.741933,-0.0781654,-0.59892,0.291068,57.18629733849215,8.471013153039415,12.356273717304521,13.61077176480811,-12.714532749238865,-3.8528343615624543,5.289335092436848,8.568504695820133,-0.579776,0.127654,-0.389315,-0.0894204,-0.263579,0.113764,0.953723
10.981049299240112,17.410464170976656,2.5629894727173688,2.1257204851690057,-0.15825397694714244,-0.29341504406972235,-2.655220749366238,-0.395519,0.278415,0.0246524,0.557912,0.487612,-0.656668,0.140559,-0.395089,0.176555,-0.213058,0.741084,-0.0822098,-0.597065,0.295888,57.89948894651782,8.524833782781188,12.19516545619803,13.031269138396528,-13.260196173536213,-3.817354418589975,5.099988364636364,8.42819759979908,-0.57746,0.127415,-0.389616,-0.0678003,-0.245332,0.120899,0.959478
11.033617973327637,15.690264164486688,0.33032231447418714,3.4411318021379795,0.532658323524925,-0.7495899004777308,-2.3521475540813546,-0.395061,0.278202,0.0245671,0.557853,0.486019,-0.657631,0.141802,-0.39351,0.175989,-0.212661,0.74084,-0.0832051,-0.600603,0.288978,57.18373113804746,8.501676684678444,12.636689314826206,13.391165149636338,-13.591457839108532,-3.926423422902186,5.004699084863978,8.417664585233561,-0.576089,0.129344,-0.389005,-0.0732936,-0.257797,0.108329,0.957306
11.086161375045776,14.925223735883293,0.8586135274021928,3.1918011487540765,0.6288347418792987,-0.7433170452537099,-2.0691193024595087,-0.394812,0.278242,0.024551,0.555699,0.48691,-0.658644,0.142496,-0.391407,0.176413,-0.212249,0.734245,-0.0834315,-0.608002,0.29027,57.29975561042518,9.34941418501975,12.856529228291265,13.316268134474656,-13.482660303197566,-4.895030131534842,6.557810490741296,9.326605952139747,-0.572504,0.130826,-0.390331,-0.0691548,-0.258529,0.109739,0.957255
11.138496160507202,13.591536611810639,-1.901838811939853,2.9838105638613053,0.7621628285682491,-0.9531460103801113,-2.0499563899953235,-0.394514,0.278204,0.0245025,0.555513,0.488779,-0.656917,0.144774,-0.389691,0.176818,-0.211896,0.735946,-0.0844025,-0.608249,0.285117,56.87107304104826,8.855744246810813,13.564431368849952,12.383483049357789,-13.916778256352996,-3.7317925980270523,5.119012460695888,8.114045383392952,-0.56793,0.130583,-0.392723,-0.0614572,-0.244468,0.0942531,0.963107
11.191843032836914,12.602373944375357,-2.412099057507769,3.22552082459551,0.8786715045396967,-1.0047510057106803,-1.835312324465691,-0.394292,0.27819,0.0244545,0.554197,0.488629,-0.657685,0.146821,-0.38782,0.176901,-0.211368,0.734273,-0.083737,-0.609829,0.286252,56.78480153268283,8.882063518797903,13.426964832643819,12.717392450207932,-14.181784131785921,-3.3132452928904463,4.5222248304729575,7.596325160029129,-0.565324,0.131126,-0.393246,-0.0606583,-0.258479,0.112556,0.957518
11.244438886642456,11.959639229492904,-2.9721353714659653,5.23427809270346,1.4114761714205832,-1.4822711517205744,-1.7244583056717866,-0.393465,0.278135,0.0243583,0.552855,0.48808,-0.658389,0.150509,-0.384711,0.176436,-0.210998,0.728073,-0.0829751,-0.615528,0.290086,56.67853608936773,9.548877544685004,13.283815382301146,12.819833143617815,-14.351142412784409,-4.33914705438583,5.7781733758602325,8.452731322154817,-0.560001,0.12964,-0.394325,-0.0610478,-0.261118,0.10966,0.957113
11.296725749969482,9.488866004788292,-4.29475109308602,3.8432438141769767,1.4326806978712663,-1.6878297916512155,-1.369130797144352,-0.393174,0.278068,0.024245,0.551489,0.488996,-0.658698,0.151194,-0.383333,0.175912,-0.210788,0.728955,-0.0842648,-0.615203,0.288183,56.71853597481446,9.184155994882191,13.535977282996075,13.226438487738648,-14.619830241400798,-3.7573136704054555,4.869109551985631,7.858645329017995,-0.558123,0.128032,-0.394211,-0.0643637,-0.268104,0.103435,0.955656
11.349411010742188,5.8856858752764545,-6.418680281755627,2.2690759870865307,1.6924210982748893,-2.6397446896832966,-0.6210569482757278,-0.392884,0.278019,0.0241938,0.549778,0.488938,-0.65996,0.152105,-0.381873,0.174825,-0.210308,0.726373,-0.088831,-0.616642,0.290249,57.28131517987754,9.259698569134903,13.772532717577832,13.034591379454506,-14.452981321566565,-3.7087185423559923,4.936868339841193,7.845713162050588,-0.555633,0.126077,-0.394463,-0.0649681,-0.264232,0.113904,0.955503
11.401588916778564,4.531713716590804,-7.6503797519652545,1.7811966581999792,2.1609897306210377,-3.2147133321352945,-0.11390639262308372,-0.392398,0.277769,0.0241979,0.550972,0.487141,-0.660231,0.152375,-0.38062,0.173376,-0.209809,0.723235,-0.0899751,-0.62058,0.289339,57.053747313934366,9.876286822730128,13.954720297870571,13.577901438345918,-15.241527409322853,-5.176730345132345,6.421545752922792,9.050342101227155,-0.554991,0.124923,-0.392964,-0.067491,-0.267511,0.10696,0.955219
11.454122304916382,0.09160235611731102,-8.819748758908338,1.833932172118051,2.642900811153267,-4.267329414415645,0.9145805299720925,-0.392101,0.277583,0.0239989,0.549676,0.487275,-0.66124,0.152253,-0.380212,0.171564,-0.209492,0.722182,-0.0955147,-0.619358,0.292788,57.9250223245387,9.767207310989372,14.123277537079561,13.650954333014107,-14.719924197266108,-4.92027668716911,6.350415053100003,9.003061155041825,-0.553825,0.122824,-0.392848,-0.0543318,-0.254848,0.121958,0.957719
11.506307125091553,-3.684794866798467,-9.723108212619787,1.3617096583843777,2.85024214693264,-4.866244094252281,1.657392240300954,-0.39198,0.277368,0.0238446,0.550045,0.485757,-0.661834,0.153186,-0.380147,0.170985,-0.209508,0.72241,-0.0989307,-0.619234,0.291352,57.92461597960144,9.627922275883106,14.360268157117783,12.753404725503337,-14.439851912735882,-4.585637661295994,6.111859856108749,8.715955734032956,-0.553972,0.122268,-0.392771,-0.042888,-0.246617,0.132194,0.959096
11.558357000350952,-8.397197889485254,-10.64696194004957,1.1057948066709846,3.455944410666815,-5.908795608954473,2.662728039665646,-0.391661,0.277225,0.0237832,0.551154,0.484779,-0.661326,0.154487,-0.379468,0.169742,-0.209019,0.725581,-0.10284,-0.617821,0.285048,57.54206580975143,9.034274026931387,15.016223817594394,12.447571425407585,-14.844985145006529,-3.7742516690658796,4.98709159684313,7.935307342686087,-0.552661,0.122392,-0.392686,-0.0345291,-0.233404,0.132999,0.962622
11.610889434814453,-8.699765073381045,-10.36258706999947,1.283646501439964,3.614965587059236,-6.194104030419516,2.849916000621416,-0.39162,0.277168,0.0237463,0.551745,0.48391,-0.661679,0.153591,-0.379333,0.169333,-0.208984,0.724543,-0.103561,-0.617158,0.288842,57.91271198235184,9.304861377620009,14.737874345453996,12.565403940375148,-15.435087270633172,-4.2534819123485015,5.225526918293678,8.127221420159195,-0.55247,0.12244,-0.392625,-0.0318585,-0.232583,0.135419,0.962576
11.999788761138916,-0.35892878528957584,-14.18827105544201,1.1415233859176406,3.4144570508685534,-4.059506724591462,0.9223681875619124,-0.390045,0.276634,0.0233677,0.550537,0.481634,-0.663555,0.156947,-0.375503,0.166148,-0.208128,0.720759,-0.11826,-0.623916,0.277938,57.881848563841636,9.187765641368411,16.702833320524583,10.336385673524086,-15.167154158099038,-4.339600609940437,6.657928191017785,8.604234808798807,-0.547041,0.122173,-0.394259,-0.0153875,-0.227379,0.144167,0.962953
12.050967454910278,7.136766513460952,-9.613075133454872,-0.044729291230023394,1.7765693871634356,-1.888574896797036,-0.6615328284385878,-0.39075,0.276988,0.0236335,0.550818,0.482291,-0.66364,0.15355,-0.377737,0.168196,-0.208623,0.72179,-0.106481,-0.62164,0.285035,57.77426364316694,9.628183951185362,15.1215237379581,13.03151105528252,-15.348711866078066,-5.0589285301224045,6.2169377956227425,8.980538288736122,-0.550408,0.12253,-0.393503,-0.0271419,-0.237296,0.139936,0.960923
12.103444337844849,8.848176509379186,-8.614649806726183,1.91974029716078,0.9561470054011075,-1.1978892909766514,-1.5220401091460691,-0.392194,0.277475,0.0239139,0.551942,0.485133,-0.661411,0.15014,-0.382074,0.169901,-0.209505,0.724884,-0.105027,-0.614724,0.292621,58.72176811842659,9.435275238845042,14.647768826863373,11.966856115259453,-14.546233735265035,-4.467727308892091,6.04720213144182,8.675544542368543,-0.555978,0.120829,-0.392822,-0.0393525,-0.251438,0.14475,0.956179
12.15626049041748,12.399050180325537,-5.61386038174944,3.367792631575327,0.8147272789687303,-0.9870433537493489,-2.0486771769230074,-0.392777,0.277448,0.0239005,0.554107,0.484283,-0.660135,0.150525,-0.383313,0.169187,-0.209015,0.726799,-0.105289,-0.61281,0.291789,58.48833283777497,9.299330330119163,14.710118789782392,12.181101025797389,-14.737483446894782,-4.167600950698617,5.59110931866901,8.339626344644865,-0.55824,0.119102,-0.391269,-0.0593166,-0.268516,0.126848,0.953043
12.208549499511719,15.082213179502661,-4.349723659620102,4.728417030960483,0.6235093189406594,-0.46358202720634684,-2.7827712277664385,-0.392917,0.277573,0.0239921,0.554054,0.484687,-0.660087,0.149623,-0.384187,0.168893,-0.209191,0.727261,-0.10821,-0.610502,0.294397,59.083545941175764,9.172688134586641,14.75875147006351,11.53417663440173,-14.39486531475417,-4.040535199789662,5.661422353897864,8.3706608372802,-0.559744,0.117433,-0.390793,-0.0664454,-0.272301,0.126885,0.951492
12.263875961303711,15.627005261954624,-3.1501495520249576,4.374732123538496,0.3968615211417078,0.09268104817265986,-2.9737115337274673,-0.393279,0.277727,0.0239987,0.552271,0.486263,-0.660617,0.148766,-0.384503,0.169247,-0.209252,0.726469,-0.105091,-0.609457,0.299602,59.52244514612076,9.24744822707516,14.17161660216293,12.799230702495295,-14.151484394661168,-4.048751908906059,5.5459905281835855,8.427793839767048,-0.559267,0.114388,-0.391278,-0.066571,-0.26422,0.136024,0.952499
12.316903829574585,16.1362353822515,-1.86065393858111,4.6621954320274455,0.5101958680514797,0.07513464377102065,-2.863859727790529,-0.393019,0.277716,0.0240789,0.553637,0.486126,-0.659463,0.149253,-0.383868,0.168753,-0.208998,0.726805,-0.106364,-0.608386,0.300514,59.58320670043822,9.241053500993518,14.301222379877032,12.38211766680867,-14.934322315419571,-4.1312242523755565,5.380292121251258,8.324736234087858,-0.55859,0.111695,-0.390279,-0.0683241,-0.267469,0.131609,0.952088
12.369203567504883,14.991570503036662,-0.06630195964779842,4.768372762728219,0.6166536367714308,-0.10296255869451588,-2.393336981157303,-0.392909,0.277642,0.0239913,0.553362,0.485347,-0.659987,0.150481,-0.383899,0.167887,-0.209171,0.726003,-0.109075,-0.605681,0.306876,60.244984394639225,9.160117595538235,13.96557007958485,11.773549007390264,-14.553298995613975,-3.9632231325781113,5.431098580115816,8.32824954514496,-0.559075,0.109222,-0.389046,-0.0720821,-0.268319,0.132873,0.951396
12.421368837356567,11.664191254510284,-1.804761306776645,3.2947451461179273,0.48935815512462705,-0.557738845417894,-1.7677065490958601,-0.393006,0.277625,0.0239375,0.553963,0.48514,-0.659739,0.150029,-0.384935,0.166335,-0.20934,0.725316,-0.111558,-0.603007,0.312817,60.969647440652224,9.256721968945584,13.754186006540195,11.843028176519178,-14.271499261445022,-4.5992225140965,6.288373773386069,9.072824503325927,-0.560306,0.105394,-0.388352,-0.0666154,-0.249813,0.149713,0.954328
12.47489309310913,11.215984142439307,-1.7723103587280549,4.925938096869998,0.8379720694211893,-1.1233264632871582,-1.4005559752762695,-0.393129,0.277392,0.0237714,0.554408,0.483982,-0.660625,0.148216,-0.385854,0.162892,-0.208483,0.726117,-0.120151,-0.598945,0.315566,62.061621995902996,9.016425768516967,14.047056418776346,12.54567320649912,-14.21350526664957,-4.611273640145807,6.124650096953185,9.279583473578928,-0.562215,0.100061,-0.385909,-0.0616286,-0.254292,0.164775,0.950992
12.527160882949829,11.462528726966692,-2.239928957152582,6.174073636884542,1.0378480303674456,-1.6545801321384594,-1.400607644552561,-0.393286,0.27723,0.0237407,0.556352,0.48306,-0.659932,0.147023,-0.386315,0.160094,-0.20759,0.724783,-0.131373,-0.59681,0.318196,63.199034096251985,9.10038872774661,14.873875484023696,11.065629292574965,-14.679717001900467,-4.922210190021037,6.6278469468652235,9.560913399279345,-0.562827,0.0954097,-0.384222,-0.0682491,-0.255452,0.166047,0.950008
12.579452514648438,10.868069124681602,-3.598804906196836,4.995161573400408,0.9869169901114075,-1.5368078866588122,-1.3151778278857702,-0.393425,0.27729,0.023774,0.556485,0.483512,-0.659585,0.146588,-0.386095,0.159382,-0.207026,0.725391,-0.135176,-0.596981,0.314878,63.29822705954132,8.901693466890906,15.482123404291576,10.890026433003008,-14.980868680134876,-4.648169022964527,6.218854340006577,9.149202141432495,-0.561845,0.0932985,-0.383377,-0.0652978,-0.256503,0.166326,0.949883
12.631740808486938,9.51297969872719,-3.3095613490020988,5.22508532571438,1.15910537995366,-1.3748966904116244,-1.123179186452323,-0.393252,0.277318,0.023786,0.555545,0.483257,-0.660434,0.147173,-0.385355,0.159459,-0.206977,0.724199,-0.132267,-0.596333,0.320045,63.48385582934621,9.067804860820765,14.78905926256876,11.866914811542635,-15.14935630550063,-4.837875000005315,6.153569960447626,9.267053724685539,-0.56077,0.0926124,-0.383594,-0.0722278,-0.255206,0.172561,0.948618
12.68403673171997,6.93665158941427,-2.232087026529527,5.7951816339900875,1.3079008524046387,-1.2611651194778832,-0.6781402438704289,-0.393008,0.277378,0.0237483,0.553215,0.484399,-0.660939,0.149902,-0.38409,0.159726,-0.207085,0.718847,-0.12615,-0.59822,0.330873,63.78760064595909,9.694404592918168,13.727350026392902,13.072774346945241,-14.498506575408122,-5.68428609231918,7.735823108519499,10.287237305943075,-0.558816,0.0888438,-0.383222,-0.077232,-0.251059,0.174707,0.948937
12.737087488174438,6.729228207748538,-2.0512511647722897,6.415000626177811,1.4341090836677406,-1.3801620896562707,-0.5620148614500573,-0.392806,0.277325,0.0236717,0.554074,0.4842,-0.659784,0.152435,-0.38265,0.157832,-0.206081,0.717146,-0.134332,-0.59732,0.332964,64.39467756659619,9.547294235824749,14.435574560479218,11.526731407686485,-14.894365174541775,-5.227237270928601,7.012872229314992,9.803472993964313,-0.556509,0.0831814,-0.381595,-0.0837735,-0.257562,0.176522,0.9463
12.789415121078491,8.530458446332611,-1.8637442442338292,6.701829641032878,1.4434872530667002,-1.4690552124897873,-0.7304649567823924,-0.39257,0.277261,0.0236638,0.553628,0.484343,-0.66002,0.152584,-0.380849,0.154098,-0.203663,0.714247,-0.147966,-0.592686,0.341585,66.37357130192004,9.364298734263578,14.995568473515887,11.211293727445316,-15.63532105931668,-4.463132249111201,6.057376194787197,8.90442887329151,-0.552215,0.0749303,-0.379273,-0.0794314,-0.25902,0.198633,0.941883
12.841647148132324,6.882794264593728,-3.1851056520458627,6.265692367466042,1.3307562619608257,-1.420563292437227,-0.5752176651414541,-0.39263,0.277275,0.023666,0.553782,0.484371,-0.659843,0.152698,-0.380424,0.151613,-0.202337,0.712042,-0.156921,-0.589869,0.347024,67.62275151389255,9.30202916924958,15.423626989175862,10.683581403593674,-15.84118558861883,-4.3419653739222035,6.041915145233059,8.833538505717877,-0.550939,0.067914,-0.376676,-0.0806409,-0.257448,0.216024,0.938377
12.894557476043701,6.249285114776336,-2.3361687131929005,6.258011493759222,1.3583732507571065,-1.4461848207302694,-0.39843032876363166,-0.392703,0.277161,0.0235429,0.554521,0.483311,-0.660044,0.152508,-0.379968,0.146979,-0.200096,0.705826,-0.16986,-0.583399,0.364147,70.19225385615533,9.707867214514655,15.364352356458326,10.427101568541186,-16.375296283752213,-5.033942697145147,7.309675798300748,9.458310133835447,-0.549952,0.0546143,-0.370673,-0.0979239,-0.25797,0.225198,0.934424
12.948432207107544,5.918511010403575,-2.6671947033279935,5.264345030688981,1.2152474156245747,-1.4315249414111675,-0.3454425329873391,-0.392608,0.27711,0.0235188,0.554556,0.483472,-0.65991,0.152449,-0.380148,0.143125,-0.198365,0.707998,-0.186126,-0.564842,0.380853,73.28276477952704,8.390136700336122,15.013117450816448,9.088484310473932,-16.777228638866607,-2.2711279199230106,4.413588905580188,7.329938736664796,-0.549336,0.0451162,-0.365777,-0.101901,-0.259411,0.231868,0.931965
13.00049114227295,6.4549266197943105,-2.3047801985356853,4.608290819568312,1.1422847764898942,-1.5880019458449712,-0.21985172936593222,-0.392537,0.277071,0.0235623,0.554452,0.483589,-0.660099,0.151637,-0.3792,0.13976,-0.196171,0.696565,-0.193444,-0.569825,0.390738,74.80331610593039,9.816962264176068,15.582941806119301,9.299179481562645,-16.69130321262141,-5.314687169029458,8.72879345111553,9.96716706121521,-0.547908,0.0346833,-0.360328,-0.10668,-0.250638,0.261587,0.925944
13.052496671676636,4.6957728956809355,-4.811054600326285,2.789377496479737,0.9770751910657424,-1.7303407614688577,0.21477188568432623,-0.392408,0.277064,0.023599,0.553725,0.483635,-0.660547,0.152195,-0.37837,0.135406,-0.192992,0.691586,-0.205796,-0.563276,0.402588,77.00453048465361,9.715484236901947,15.759210900611535,9.929580504907124,-16.531572286927826,-5.246274098930012,8.742329620330725,9.934878828259187,-0.545772,0.0226426,-0.353449,-0.109384,-0.2509,0.276193,0.921305
13.105257272720337,2.192224630489374,-7.890831438734153,2.6367767881746063,1.2038690253989723,-2.1507782729285982,0.7778838761720679,-0.392321,0.277017,0.0236201,0.553663,0.48338,-0.660665,0.152715,-0.377448,0.133629,-0.191158,0.687779,-0.212103,-0.56358,0.4054,77.75910633532298,9.894554188099466,16.229082604904157,9.90269262734357,-16.623942025827272,-5.404625312429051,8.88400695646906,10.07456115648047,-0.544129,0.0179527,-0.350501,-0.110348,-0.253788,0.281513,0.918785
13.171290874481201,-6.503413367584236,-13.140055049563374,7.310537464323055,3.2797100684001683,-3.4532383408245866,3.0066089309059656,-0.391815,0.276953,0.0235635,0.551225,0.482815,-0.662818,0.15399,-0.374383,0.132567,-0.189321,0.682942,-0.214666,-0.566871,0.407634,78.1600786489516,10.277490111303315,16.264812610104034,11.377425303543994,-17.266234826925718,-5.866959899148295,8.609225606895134,10.328794504763668,-0.539208,0.0162084,-0.349592,-0.1041,-0.24762,0.291411,0.918111
13.224868059158325,-11.456247334197815,-6.404704458189348,9.176833257618604,5.32906834496671,-3.9789784247137474,5.608304303074486,-0.390296,0.276605,0.0231758,0.548851,0.481976,-0.66412,0.159396,-0.369712,0.131355,-0.189509,0.673593,-0.215577,-0.576186,0.409645,77.95428682112806,11.164405576997853,16.54877845065752,10.512368667666893,-17.42291632342115,-7.942855304203231,11.36970922265707,12.216794091779045,-0.534533,0.0171215,-0.350861,-0.0870072,-0.232822,0.305191,0.919284
13.277113914489746,-12.298611305594005,-4.251120893869878,8.903489986101984,5.6047108699947294,-4.059825268497478,6.126723416579517,-0.389685,0.276473,0.0230617,0.548567,0.481834,-0.664388,0.159682,-0.368624,0.131184,-0.18952,0.679424,-0.219554,-0.571486,0.404454,77.88202765018757,10.02804465842473,16.755356085098448,10.320177855171396,-17.98079326860818,-5.95551110019635,8.876739289451285,10.402994625660728,-0.533248,0.0169135,-0.351251,-0.0809271,-0.229178,0.306277,0.920393
13.535980701446533,-5.107525360577484,-10.238453151466645,11.125699143005829,4.98643838519065,-3.6370813755528677,3.4664572449537596,-0.388935,0.276059,0.0228146,0.546983,0.480636,-0.665903,0.162396,-0.366494,0.129437,-0.188598,0.676884,-0.225906,-0.574253,0.401284,77.95089225243004,9.831002408418122,17.35503611111345,9.909283183271139,-17.666531593612746,-5.71072415027621,9.028405799640323,10.357901811877845,-0.530031,0.0157543,-0.35177,-0.0804384,-0.234138,0.30675,0.919029
13.587751865386963,-0.37437948881391,-8.192687676931087,5.498472978384078,2.470624983889303,-1.9321465943470242,1.449191913850661,-0.389697,0.27652,0.0230561,0.548803,0.48058,-0.665004,0.160087,-0.369665,0.132288,-0.190806,0.682618,-0.21509,-0.569444,0.404355,77.37300839891141,9.855971198141084,16.061087655440964,10.381592456001874,-17.537211460406674,-5.512937447886227,8.544057198522234,10.11081908146045,-0.534561,0.0169011,-0.352017,-0.0995935,-0.241452,0.296993,0.918465
13.639956951141357,4.148238892971201,-7.757230711970285,4.143748198262777,1.2885859575770198,-1.3746540250284323,-0.1378075560983811,-0.390535,0.276621,0.0231732,0.549142,0.481859,-0.664145,0.158639,-0.372299,0.133209,-0.191509,0.683531,-0.213471,-0.567145,0.406893,77.64424004110198,9.841548483880784,15.84495474263395,9.74131214747627,-16.442669471210742,-5.124698583525433,8.680199795376595,9.834862512268613,-0.537195,0.0173636,-0.352193,-0.105342,-0.247589,0.289778,0.918494
13.692154884338379,6.7299581614377475,-6.024924524703536,1.5763849311076974,0.38996728970319766,-0.9953844885459788,-0.8399102761211864,-0.391311,0.276857,0.0234654,0.551709,0.483288,-0.661545,0.156231,-0.375264,0.133937,-0.192374,0.683468,-0.206607,-0.567581,0.409922,77.41910215573365,10.481548284349653,15.567375594892654,9.940667330477984,-16.151574396380582,-6.695819837186921,10.333434263754024,11.311125118395898,-0.542106,0.0184295,-0.351588,-0.11452,-0.251936,0.2825,0.918481
13.745254039764404,10.570956725825125,-2.807608897170296,0.47680462944764795,-0.3369340760123285,-1.0220091837424023,-1.5553897008966637,-0.391785,0.276916,0.0235053,0.552381,0.481956,-0.66291,0.152132,-0.378037,0.13433,-0.193271,0.685331,-0.20381,-0.567609,0.40817,77.27118303986961,10.798835648510547,15.272683706613211,10.660130573103757,-15.822306052905404,-7.744518578516928,11.385621105531605,12.455237977668174,-0.546738,0.0204082,-0.35186,-0.115559,-0.251868,0.275872,0.920382
13.797263383865356,10.180339853739722,-0.29990238169877864,0.40235191090646116,-0.6433676178409846,-0.8925268591463483,-1.6703729106240008,-0.392595,0.27702,0.0235672,0.555368,0.482411,-0.660446,0.150524,-0.380824,0.136055,-0.19504,0.689266,-0.195393,-0.566503,0.407197,76.43017701602976,10.940674383360296,14.819296724271346,10.555585320274549,-16.070939964686765,-8.221161876298648,11.903561983616825,12.799134218781841,-0.551766,0.0233288,-0.352191,-0.126655,-0.256645,0.261541,0.921785
13.850699186325073,10.617465975448319,3.057460214831819,-1.9428225770301055,-1.4955868967885768,-0.734930989900149,-1.9170892096391348,-0.392981,0.277174,0.0236443,0.554512,0.482276,-0.661439,0.149747,-0.382845,0.137804,-0.196628,0.696175,-0.192417,-0.559383,0.406702,76.32054416785141,10.013767198333891,13.971765948325341,10.399816512339946,-15.299720823340326,-6.382311926234262,9.823628252674647,11.218485368759632,-0.555402,0.0253817,-0.352714,-0.132777,-0.255818,0.251558,0.92393
13.902624130249023,12.404190056903412,6.469453757159577,-2.4535698376024335,-2.0294108931147075,-0.49685918656258293,-2.566979899602076,-0.393274,0.277393,0.0238429,0.553842,0.485023,-0.659916,0.150075,-0.383391,0.139719,-0.197517,0.693692,-0.185363,-0.563104,0.409079,75.99695042304369,10.549110424533044,13.726169823931453,10.252545396255188,-14.532160452591592,-7.002817168590472,11.109829781744233,12.104012397316247,-0.558247,0.0265714,-0.35226,-0.132035,-0.280379,0.239942,0.91999
13.956297397613525,13.6751776867065,10.328617490066055,-5.309300869390069,-2.9645182771096428,-0.3951210845138034,-2.8624255457629055,-0.393399,0.277532,0.0239497,0.553376,0.485692,-0.659883,0.149776,-0.384264,0.141465,-0.198598,0.700333,-0.17619,-0.561763,0.403625,74.81948092998228,9.961682033687316,13.032552036635547,12.23233429407212,-14.461074468761902,-6.349180429442068,9.526582510048387,11.278881443584506,-0.559545,0.0276754,-0.352523,-0.139619,-0.277465,0.236202,0.920722
14.008812665939331,16.21965878806673,18.14589811795764,-11.309709747884378,-4.937415375725431,-0.637848598352104,-3.440096815718733,-0.393762,0.277513,0.0239715,0.555141,0.48602,-0.658496,0.148279,-0.386303,0.143033,-0.200208,0.700604,-0.169184,-0.557199,0.412383,75.05678435591634,10.398480163477975,11.941963235327037,11.644771357099204,-14.656502590031705,-6.784158508545996,10.205681074307211,11.688606996911833,-0.560632,0.0291805,-0.354202,-0.153813,-0.251214,0.231148,0.927256
14.060784578323364,12.413456153107816,27.6134756429876,-3.646794720175557,-4.511643455937043,-0.9731699429340231,-3.335023669101695,-0.394938,0.277709,0.0240684,0.5568,0.486753,-0.656833,0.147024,-0.390411,0.147021,-0.202754,0.711381,-0.153613,-0.551645,0.407466,73.41418495725716,9.588427007687658,10.615427159642945,12.816258070472536,-14.343754532173426,-5.284229963152423,7.999736255696911,10.129687812456709,-0.566418,0.0307427,-0.354478,-0.175242,-0.250954,0.215983,0.92718
14.114339113235474,7.542128233153016,29.86827694849832,-5.607828513898771,-5.266606455091581,-1.5152267770756789,-2.3137061998991864,-0.396131,0.277707,0.0236856,0.557314,0.488025,-0.655431,0.147113,-0.393518,0.147699,-0.204403,0.709586,-0.144686,-0.549672,0.416431,73.44470333859651,10.159102093901236,9.490092216855732,13.397636191755657,-13.388790302500647,-6.388623087729744,9.616777697592774,11.647729013274006,-0.570739,0.0285988,-0.35253,-0.184424,-0.249972,0.211049,0.926801
14.18079137802124,10.96417907794862,27.41343989769259,-10.315336285995212,-6.133605641648133,-1.7715480993954094,-2.643255953638367,-0.395744,0.277701,0.02408,0.559372,0.486258,-0.655673,0.144046,-0.393425,0.145054,-0.202405,0.709751,-0.154773,-0.548204,0.414452,74.24838023582089,10.157160312303773,10.414364598399285,13.231489814131177,-14.305858192538627,-6.918660267328175,9.907876174262825,11.884672732151202,-0.571057,0.0259488,-0.349598,-0.175171,-0.250596,0.222836,0.925668
14.233673095703125,11.535016380025445,26.71530191263349,-12.177317601154474,-6.073416020130178,-1.9156708839247076,-2.299600478971304,-0.396158,0.277715,0.0239689,0.559333,0.486511,-0.655633,0.143523,-0.394959,0.142913,-0.201516,0.709108,-0.159647,-0.543741,0.419553,75.24597250295926,9.996857847084396,10.41191415445852,13.55010251812359,-13.37841432513101,-6.836282327089432,9.977472889867542,12.29056216737327,-0.573882,0.0248167,-0.347903,-0.173518,-0.249173,0.229359,0.92477
14.286026954650879,11.619002415459226,23.98061945656778,-7.283588919546172,-4.7180404176785355,-1.7713705136004494,-2.0848819478810885,-0.396248,0.277673,0.0241111,0.561091,0.48573,-0.654842,0.142918,-0.395558,0.142643,-0.201194,0.708978,-0.159683,-0.548618,0.413364,74.54840159809773,10.293338848953733,11.066400290473908,13.522344644570973,-13.40513015052532,-7.707998534246098,11.128240071949854,13.185191914710769,-0.575236,0.025136,-0.34724,-0.166175,-0.246881,0.23258,0.925928
14.338761806488037,8.79999210892582,17.353053783782684,-4.072269859376826,-3.3035285446914187,-1.600575367651881,-1.5976666686937404,-0.396211,0.277514,0.0237688,0.560784,0.485582,-0.655237,0.142813,-0.396273,0.142517,-0.202267,0.714532,-0.162562,-0.542035,0.411357,74.76359285626152,9.243290884548735,10.964042992928428,12.706236286355088,-13.258754098427884,-6.212541533768704,9.159276832511603,11.622993727534967,-0.576886,0.0269518,-0.348607,-0.16656,-0.242676,0.226181,0.928552
14.391059398651123,8.557175500244291,12.372455968044495,-0.9892375666739505,-1.7835912080737009,-1.1830450467387763,-1.2067446837899014,-0.395713,0.277464,0.0237805,0.560151,0.483952,-0.656999,0.142735,-0.394785,0.142058,-0.201858,0.714688,-0.16618,-0.544922,0.405791,74.52331131150333,9.152472944118696,11.4374554597416,12.783003428863408,-13.75006841902451,-6.303495714291618,9.114241607649035,11.52917436362566,-0.576513,0.0272469,-0.348036,-0.144291,-0.262421,0.224504,0.927315
14.443565607070923,8.963899367969105,5.296229424568679,1.9296288245556428,-0.2626131943524357,-1.2610607561286002,-1.1088230565416888,-0.394949,0.277403,0.0237695,0.558811,0.485165,-0.656579,0.145772,-0.391619,0.141128,-0.200855,0.709938,-0.172365,-0.550372,0.40419,74.70087692284717,9.266299288472943,12.445568033218494,11.565302203805121,-13.669588903341982,-6.28157036918083,9.564212664399953,11.573701975007983,-0.570294,0.0304433,-0.351858,-0.142567,-0.240256,0.239923,0.929725
14.496334552764893,8.292031401331055,3.1786795255026585,2.791626492519343,0.4917700455777082,-1.1489153764267603,-0.6686991858956589,-0.394427,0.277274,0.0236435,0.556993,0.484581,-0.658187,0.147409,-0.388679,0.14015,-0.199946,0.706376,-0.173729,-0.557791,0.39965,74.25673826726943,9.617729147783825,12.96246396511624,12.740427519818411,-14.19260639237893,-7.241721264526721,10.290887231990759,12.322565142268314,-0.565442,0.0308784,-0.353666,-0.128393,-0.233963,0.255629,0.92921
14.548486471176147,8.661021385146107,1.6922924778084822,2.1746201843528157,0.6510817783796874,-1.0913767316540215,-0.6019200521272524,-0.39375,0.277201,0.0236624,0.556606,0.484342,-0.658335,0.148986,-0.386408,0.139529,-0.199243,0.702856,-0.177991,-0.562429,0.397475,74.25027969881768,9.864796915509144,13.682070502884883,11.859376365887185,-14.488424794928644,-7.585402697643222,10.948229371324123,12.569968217782412,-0.56196,0.0305497,-0.354315,-0.118449,-0.234999,0.259239,0.929269
14.601483583450317,7.858131754461654,-1.6521206403373543,1.789740866548208,0.6977025725780274,-1.1978436303601616,-0.6193411666568638,-0.393694,0.27721,0.023662,0.55625,0.484497,-0.658414,0.149463,-0.385183,0.139234,-0.198455,0.697927,-0.182642,-0.563335,0.402733,75.08863645384466,10.304015117157213,13.94110480369192,10.591146364330813,-14.759377308015615,-7.635584066887585,11.505603799031173,12.620986260309225,-0.559059,0.0295126,-0.354753,-0.112555,-0.232529,0.256427,0.9314
14.654591798782349,7.777846223559202,-1.180534323972841,1.9709614112883789,0.9409530883060768,-1.2481127097954419,-0.41669759114116456,-0.393564,0.2772,0.0237159,0.555904,0.48424,-0.658847,0.149677,-0.383971,0.139228,-0.1974,0.701495,-0.190225,-0.558761,0.399381,75.51733131018706,9.322298825408055,14.435549375957962,9.641245509393952,-15.428138066965555,-5.116982288171794,8.893620278869315,10.09088805141302,-0.556628,0.029234,-0.35516,-0.113883,-0.234577,0.259539,0.929862
14.706805944442749,6.92647273748945,-1.5666880045021552,1.82039592813335,0.9668340836871011,-1.239554562250475,-0.26996324796659005,-0.393364,0.277144,0.0236486,0.555496,0.483938,-0.659367,0.149875,-0.383509,0.13863,-0.197364,0.701185,-0.188964,-0.557598,0.40214,75.65341799599258,9.39072057228411,14.041429434264524,10.533749624328225,-15.681989987234886,-5.547995285336608,8.705244097235024,10.362096519518696,-0.556328,0.0282811,-0.354305,-0.112076,-0.235693,0.26305,0.928812
14.759415626525879,6.604262080742252,-1.7535807011057167,1.8478875782578363,1.040187020116572,-1.2935283897549517,-0.1368629117487914,-0.393316,0.277038,0.0235837,0.555738,0.483358,-0.659357,0.150893,-0.383361,0.137916,-0.19705,0.700644,-0.189827,-0.557991,0.402133,75.58992669078009,9.403269046103832,14.102748481112693,10.646448056720999,-15.53135667523464,-5.638342571921047,8.79283795834431,10.45913198901568,-0.556499,0.0268256,-0.353391,-0.111768,-0.236475,0.267155,0.927478
14.811900615692139,6.335423852738388,-3.382205141882853,1.8898067430493144,1.1592019607565915,-1.4094169539638395,-0.08184941775273924,-0.393255,0.277046,0.0236035,0.556165,0.482568,-0.659738,0.150183,-0.383206,0.136697,-0.196452,0.695627,-0.191273,-0.561385,0.405418,75.95756355373713,10.23229598920425,14.26815597856518,10.813757941061139,-15.666006358177533,-7.48907459147706,10.835049391994804,12.192859003039365,-0.556166,0.0256322,-0.352781,-0.11153,-0.233764,0.27421,0.926134
14.864164113998413,1.3422533988528702,-8.90076328800434,2.5200318368439314,1.881645582615601,-2.0455886865465702,1.2675457593146249,-0.393131,0.276953,0.0235579,0.556424,0.482542,-0.659569,0.150047,-0.382284,0.135568,-0.19508,0.698554,-0.203301,-0.557181,0.4003,76.62489290659664,9.155978602961163,15.37053557825481,9.20888566682635,-16.224623113894694,-5.146910122415921,8.938954660862656,10.140820300017854,-0.554851,0.0255727,-0.35235,-0.107479,-0.234388,0.282347,0.924008
14.918008089065552,-3.7511542000523606,-9.93659893256573,4.911082765935331,3.5217617414996365,-2.8279076433561023,2.9516329506790084,-0.392281,0.276785,0.0235263,0.555113,0.48208,-0.660545,0.152081,-0.37943,0.13415,-0.193413,0.695321,-0.209346,-0.562482,0.39537,76.54569791389397,9.160839034432824,16.29558747114445,9.307344158842067,-16.34416250125278,-5.1018873989896285,8.798673262666577,10.025252265135512,-0.550417,0.0263382,-0.353314,-0.0820419,-0.22562,0.292749,0.925561
14.971009492874146,-7.267801549015303,-5.3573802869181755,8.993491912464881,5.488919089705661,-3.5655190201883404,4.849206982482618,-0.391062,0.276398,0.0231094,0.552365,0.481656,-0.662667,0.154185,-0.376428,0.132524,-0.19358,0.693799,-0.212346,-0.566983,0.389977,76.25526347952098,8.966539861987625,16.748905197875438,9.8517200632699,-16.376937238858524,-5.78703433150994,9.380915999340264,10.687468565459824,-0.547486,0.0263947,-0.354784,-0.0694422,-0.214841,0.298222,0.927407
15.02351450920105,-7.86676096474463,-2.350887189028555,9.28527252736459,5.910120819594024,-3.7105663715705437,5.484660629112821,-0.390363,0.276098,0.0228026,0.551456,0.480124,-0.663964,0.156617,-0.37497,0.131295,-0.193747,0.693266,-0.215748,-0.568012,0.387553,76.10279586901665,8.714839340078104,16.951558709064347,9.428575248894964,-16.1925714033037,-5.73915128489794,9.180300056321189,10.766556076318818,-0.545806,0.0258842,-0.355479,-0.0661912,-0.210389,0.299694,0.928191
15.205784320831299,-4.724549325260191,-6.790890759228448,7.252777407690741,5.367189896476234,-3.594721655051935,4.523850418002045,-0.389348,0.275633,0.0225834,0.550576,0.477237,-0.666532,0.157624,-0.37248,0.128117,-0.19183,0.688238,-0.22677,-0.568978,0.388803,77.01573346052135,8.875122550368316,17.54783140940625,9.063801602444364,-16.652816009871188,-6.243185423017049,9.725870494501399,11.243600074385382,-0.542369,0.0220236,-0.353516,-0.058516,-0.214152,0.306042,0.925772
15.256486415863037,1.2798285443252233,-8.887040402489708,8.979050190379047,4.136674857462743,-2.7290275311616576,1.7882867750951374,-0.389814,0.275905,0.0227128,0.550703,0.479256,-0.665144,0.156915,-0.374416,0.129834,-0.193273,0.691591,-0.219596,-0.564203,0.393897,77.02027386623887,8.68381442588608,16.59945234057612,9.380419734542619,-15.99873007757816,-5.760630536922459,9.413046716523635,10.881116616653859,-0.545047,0.0223629,-0.353623,-0.0702169,-0.217352,0.301753,0.92562
15.30890440940857,5.4730878735383275,-7.317280313366519,5.866741072064333,2.3721819568768057,-1.4297590981545087,0.015483739280235066,-0.390828,0.276206,0.0228269,0.552259,0.480411,-0.662745,0.158067,-0.376461,0.1321,-0.194393,0.693726,-0.211923,-0.562764,0.396395,76.42531781237791,8.719542720286581,15.995496806612259,8.95524178483378,-15.446568190126643,-5.076740416608541,8.863831228980427,10.289468106310611,-0.547334,0.0229128,-0.353975,-0.0852074,-0.224199,0.296989,0.924269
15.360814809799194,6.772636879909825,-7.479304239884735,2.745297803522851,1.0578297221481625,-0.8391310240460451,-0.8125396643050422,-0.391618,0.27675,0.0232537,0.552877,0.481896,-0.662277,0.153272,-0.378776,0.134484,-0.195045,0.694644,-0.205277,-0.56131,0.400327,76.65406336332157,9.24397299636569,15.355902410017539,9.64239127741506,-15.719084587752874,-5.709881140559961,9.271196976862287,10.66676305042385,-0.549848,0.0237625,-0.353708,-0.104889,-0.234973,0.287616,0.922531
15.416373014450073,9.872590978767045,-5.111733683241762,1.2388677602064864,0.5529872707517012,-0.7691187600871244,-1.2934284145110655,-0.392037,0.276772,0.0234057,0.554081,0.482503,-0.661004,0.15251,-0.379802,0.134475,-0.195094,0.690756,-0.202864,-0.564574,0.403681,76.71871325956776,10.07376888984018,15.417831451807086,9.347426315020805,-15.52286415463855,-7.292332147518497,11.249312581385198,12.195469512649295,-0.551387,0.0236953,-0.352817,-0.103784,-0.239241,0.284948,0.922387
15.46843409538269,9.979258456936101,-4.296339467729189,1.2260764695979194,0.2827935050582169,-0.7707153435028267,-1.414184314754105,-0.392224,0.276789,0.0233896,0.55523,0.481858,-0.660631,0.151985,-0.381372,0.134557,-0.195745,0.694178,-0.200544,-0.561146,0.40375,76.50181761839855,9.807103924882485,15.010950560400072,9.64812194829865,-15.313246851181958,-7.079809952484101,10.830361931716146,12.041862992470671,-0.553956,0.024363,-0.352784,-0.107804,-0.239216,0.28061,0.923262
15.521008014678955,8.921362291671114,-3.1532276275857,0.9993460902405213,0.02779769409466855,-0.8243499940217844,-1.2449322404831247,-0.392736,0.27687,0.0233647,0.555211,0.481318,-0.66147,0.150106,-0.383205,0.135252,-0.196644,0.695589,-0.195171,-0.560567,0.404758,76.26045058480622,10.04647662888887,14.346024376811783,10.784481492761449,-15.05275887996672,-7.789764169234363,11.269513440569732,12.756309076949458,-0.556571,0.0249335,-0.352694,-0.109103,-0.238139,0.275698,0.924866
15.573523044586182,9.607874614943348,-2.5068451243247996,0.8573165815357503,-0.27794585126000565,-0.9478185484786755,-1.4157730229296068,-0.393012,0.276838,0.0233648,0.556622,0.481979,-0.660035,0.149072,-0.384163,0.135934,-0.196943,0.697881,-0.193027,-0.561067,0.401132,75.78828788589858,9.958944889807105,14.563234083588577,10.756572866734366,-15.211120739674463,-7.598858673375037,11.038550822146526,12.474675246549529,-0.55776,0.0257742,-0.353596,-0.112427,-0.237855,0.269899,0.92625
15.625231981277466,10.05459166115235,-1.4844237186874407,0.51228869515513,-0.3334416245769568,-0.9303982347481194,-1.551395848850036,-0.393176,0.276989,0.023518,0.556767,0.481415,-0.660225,0.149509,-0.383808,0.136793,-0.196866,0.696923,-0.194652,-0.561116,0.401942,75.92673142768447,10.024510389096893,14.63214807425301,9.586997146402675,-15.472907434793381,-7.085530152624134,10.941349586903165,11.962492520307588,-0.557349,0.0274944,-0.353881,-0.118912,-0.247247,0.265805,0.924163
15.677299976348877,10.366120256848477,1.4858531926357892,-2.515200774369665,-1.2565385438359344,-0.9002587906864162,-1.5784348772655514,-0.393052,0.277052,0.0235384,0.555877,0.481969,-0.660387,0.150319,-0.383485,0.138216,-0.197659,0.696386,-0.187599,-0.562969,0.403633,75.43137501626757,10.331739861113132,13.984941125380246,10.379049055016823,-15.260231444777956,-7.413143813908743,11.135892789577584,12.23631428078376,-0.557201,0.0281159,-0.354225,-0.124724,-0.248645,0.260911,0.924416
15.729868173599243,9.589053651347385,6.671820191345396,-5.404972920277893,-2.265313621702193,-1.1075081441935273,-1.2715859577092659,-0.393201,0.277078,0.0235614,0.556234,0.482063,-0.659957,0.150581,-0.38414,0.139464,-0.198187,0.701797,-0.188212,-0.555706,0.404039,75.57873247197927,9.413879082598262,13.609690647908739,9.419860951130557,-15.305144518436805,-5.01298521284961,8.832626710320756,10.084263339685219,-0.55772,0.0285771,-0.354561,-0.132369,-0.24703,0.251512,0.926389
15.782456398010254,9.583216940490354,15.799180120467941,-8.178336467461444,-4.027037605345396,-1.6142038169384891,-1.3677305175202394,-0.393948,0.277268,0.023667,0.555786,0.484404,-0.659085,0.148529,-0.387284,0.141945,-0.200361,0.70485,-0.170672,-0.556421,0.405528,74.47607776390242,9.808940748235088,12.18487738142759,12.246299263935663,-14.364299874206452,-6.3936404006119325,9.479502768509318,11.350578016950628,-0.562831,0.0303373,-0.354388,-0.147003,-0.25332,0.2301,0.928048
15.835837841033936,6.162380293095979,21.422626180673287,-6.574866540188712,-4.503308305413843,-2.226950323561797,-0.7466659371797216,-0.394744,0.277287,0.0235788,0.55695,0.484807,-0.657887,0.14817,-0.389541,0.143628,-0.201343,0.707986,-0.164544,-0.557176,0.401541,73.56902196481614,9.718148569544978,12.004717420643171,12.395198551480094,-13.75006434825298,-5.996130232466097,9.29917724940283,11.094919136807986,-0.565574,0.0324088,-0.355524,-0.151676,-0.252969,0.227883,0.927939
15.89046573638916,3.4944121019379177,23.999857992722042,-3.7268078245336844,-4.269802201933856,-2.607881651983768,-0.31314818834284847,-0.39536,0.277269,0.0235591,0.557267,0.485857,-0.657069,0.147161,-0.39113,0.14465,-0.202409,0.709461,-0.156358,-0.555501,0.40452,73.25432087555549,9.878421527797451,11.16928970378005,13.572186153981779,-13.845198698124566,-6.54732481292967,9.562875332541973,11.605607250249832,-0.567931,0.0340216,-0.356108,-0.157184,-0.256351,0.222098,0.927496
15.942468166351318,2.4132377697796015,22.333661973419108,-5.720014075835991,-4.325123174047408,-2.7252751413774727,0.2007362826402525,-0.395179,0.277128,0.0234367,0.557761,0.484958,-0.657472,0.146456,-0.390813,0.144033,-0.202543,0.709021,-0.15717,-0.555365,0.405162,73.37013786678672,10.040372400145323,11.140397295918945,13.658102516011905,-14.468106995190563,-7.175857971774324,10.078728088061146,12.046067231910518,-0.567801,0.0328698,-0.355703,-0.156857,-0.25338,0.219982,0.928872
15.994391202926636,4.458371669403302,21.079348245952023,-3.213884810901204,-3.50629302449341,-2.536348184346771,-0.07476403259585086,-0.394773,0.277168,0.0235434,0.55737,0.484397,-0.658046,0.147219,-0.390615,0.143432,-0.202067,0.710933,-0.160032,-0.556339,0.399314,73.03986946592276,9.590317934463766,11.613632736623089,13.754525846156927,-13.787911156987715,-6.64579720142714,9.542077262745476,11.741462469159062,-0.568273,0.0320647,-0.35443,-0.152631,-0.254781,0.221843,0.92875
16.047520875930786,3.632438243951591,15.777801977058934,-7.742408859411452,-3.7794312617829466,-2.28712888848982,0.14576887848646833,-0.394881,0.277114,0.0234942,0.558336,0.484301,-0.657318,0.147128,-0.391868,0.141993,-0.20196,0.713205,-0.165521,-0.550883,0.400586,73.65967803111249,9.013958173926113,11.831527883408947,12.787265603803116,-13.359272101772852,-5.9802764076116155,8.933795510485217,11.268397985487104,-0.57044,0.0304632,-0.353051,-0.154398,-0.244464,0.22777,0.929796
16.099557876586914,6.5481107991754985,10.38590501531117,2.218988141170558,-1.0066410562724315,-2.0358189095976407,-0.29620353851323244,-0.394722,0.277022,0.0235192,0.558913,0.483207,-0.657802,0.146368,-0.391763,0.140623,-0.201146,0.711282,-0.169273,-0.553161,0.399296,73.81786486797502,9.31611692345683,12.295811709620125,12.900888875918792,-13.395707292266518,-6.799337631429079,9.911336775162416,12.124219817110008,-0.570833,0.0307902,-0.352602,-0.138704,-0.243586,0.242892,0.928671
16.177947998046875,7.71982802829579,3.7947402417163816,2.5540688731203156,0.2473464240911208,-1.1764228858079204,-0.6165435981678642,-0.394205,0.276877,0.0233726,0.558205,0.482704,-0.659006,0.145311,-0.390768,0.138983,-0.200828,0.711335,-0.1761,-0.553447,0.395838,74.22721705729239,9.054819634196807,12.960033426034624,12.643843945948907,-13.749874720564263,-7.101948134326509,10.036526935453193,12.372759707303091,-0.57025,0.0306598,-0.352599,-0.124474,-0.231441,0.253808,0.930872
16.232279062271118,7.877614666908226,2.4588930937630495,2.7566129569739855,0.6060433133671416,-1.0362471699162017,-0.565176295504904,-0.394151,0.276941,0.0234318,0.55781,0.482835,-0.659241,0.145324,-0.390252,0.138584,-0.200529,0.711358,-0.180816,-0.554476,0.392214,74.34058806885271,8.80689116401111,13.600027963698363,11.83968018109436,-13.789723693372341,-6.839123963678507,9.883235411213112,12.123679757557792,-0.568893,0.0305034,-0.352899,-0.118036,-0.22711,0.260211,0.93101
16.2854163646698,8.889806900561208,0.9467088217326015,2.229764085859309,0.6428859147953873,-0.9227944388051582,-0.8319019864285546,-0.393949,0.276978,0.0234268,0.556728,0.483075,-0.659935,0.14553,-0.388825,0.137867,-0.19954,0.705231,-0.181834,-0.554738,0.402308,75.3521952030726,9.567052697194569,13.192002656544904,12.23361696118761,-14.09220866958966,-7.652770384938616,10.833899727674611,12.894957618538696,-0.566575,0.0291025,-0.352304,-0.117535,-0.230052,0.263798,0.92934
16.33801007270813,9.93229875285642,0.2864052343587003,1.8266488324904522,0.6354465636349997,-0.927073012384146,-1.0406275796293394,-0.393763,0.277047,0.0235345,0.557293,0.482374,-0.659721,0.146656,-0.387412,0.137491,-0.198589,0.70386,-0.187398,-0.555189,0.401532,75.59824659325444,9.493243167324561,13.753762638542241,11.012566387595829,-14.72159456901372,-7.06727979517812,10.287926391949705,12.10806786376786,-0.563601,0.0280002,-0.352789,-0.114996,-0.228691,0.265751,0.929437
16.390369653701782,8.965183245528543,-0.6348468706561334,1.8528154599723115,0.6515505066233395,-0.8998002483176224,-0.9589618903664614,-0.393647,0.277058,0.0235782,0.557203,0.482844,-0.659056,0.14843,-0.385793,0.137423,-0.198015,0.699679,-0.189574,-0.557176,0.40505,75.9363637767167,9.856009683602347,13.995778540857216,9.976688378516874,-15.102626994982414,-7.173552546375571,10.81655139614636,12.162325035114463,-0.560396,0.0265677,-0.352855,-0.11143,-0.233673,0.265116,0.928813
16.442952632904053,8.647873912223446,-0.8292410038414219,3.328147939249879,1.0425535145577922,-1.2517895540639603,-0.7461635551612872,-0.393528,0.276965,0.0235206,0.557058,0.482752,-0.658953,0.149725,-0.384443,0.137209,-0.197535,0.69719,-0.189143,-0.560127,0.405473,75.78489810431883,10.177307174458464,14.103174539423001,10.222882467442673,-15.532832738177147,-7.575821563564514,11.154614772710199,12.372604685934272,-0.55795,0.0262264,-0.353565,-0.114352,-0.233293,0.265079,0.928564
16.495893716812134,5.603959109643389,-4.664358962355694,2.8190711363385237,1.2726907377399899,-1.5198015065808823,-0.2430816876898844,-0.393093,0.276992,0.0235376,0.556101,0.48236,-0.659766,0.150964,-0.383084,0.137788,-0.197206,0.701543,-0.190908,-0.558998,0.398639,75.29340638873686,9.305127248946238,14.328501179278266,10.41027654709952,-15.75062107552004,-5.682084568061153,8.949875343301272,10.500029964074281,-0.555969,0.027291,-0.353953,-0.110404,-0.238531,0.265123,0.927698
16.54871153831482,-1.1921189801045269,-9.109112741745854,5.1263177148356505,2.4547699478130016,-2.279402404844918,1.3865960038348815,-0.39286,0.276949,0.0234688,0.554653,0.483168,-0.660296,0.151386,-0.381664,0.137902,-0.196983,0.699744,-0.191949,-0.560539,0.399137,75.4987012513156,9.364681963525658,14.45117963482399,10.401392832306202,-15.933246233229108,-5.589982490601418,8.841626908696128,10.369911991964685,-0.554114,0.028564,-0.355177,-0.106641,-0.234072,0.26859,0.928277
16.60139489173889,-7.318899722565538,-7.14120768391517,8.471039369140069,4.317071551317177,-3.2335902410190305,3.839862445151955,-0.392126,0.276669,0.0232786,0.553903,0.482956,-0.66028,0.154838,-0.378615,0.136219,-0.1956,0.697522,-0.198325,-0.565163,0.393347,75.23258390705837,9.123454223639849,15.500223995891776,10.053857148251462,-16.207820633553307,-5.2048211704016545,8.761811033911032,10.032902935242971,-0.549863,0.0292349,-0.356356,-0.0894337,-0.226131,0.278474,0.929149
16.6535747051239,-9.547579493646774,-3.348535104306775,9.80313699272946,5.554503548429131,-4.356978466210356,5.692365472493421,-0.390166,0.275997,0.0226955,0.551017,0.479919,-0.664211,0.157736,-0.374062,0.131841,-0.194153,0.693114,-0.214435,-0.568572,0.387732,75.9139033363267,8.714275283484328,16.785937623867618,9.192895896375765,-16.4098966167723,-5.489302120865776,8.728417748772788,10.542583497947856,-0.544553,0.0269901,-0.35666,-0.070262,-0.220338,0.29212,0.927998
16.871123552322388,-6.913952044946737,-8.741089486748994,11.94744649900233,5.26142045426563,-4.2473716592075785,4.14919978686567,-0.389961,0.275763,0.0225132,0.550097,0.479381,-0.665149,0.158633,-0.374112,0.13084,-0.194243,0.692526,-0.216298,-0.568992,0.387131,75.97550361246931,8.606518560293468,16.848031535736926,9.208376408928196,-15.637470970219766,-5.630603976620822,9.160595593408681,10.762849010368111,-0.544546,0.0269553,-0.356429,-0.0646488,-0.216218,0.296471,0.927995
16.922044038772583,-4.368608398377113,-9.84883600311667,8.696541133913065,4.126726474719607,-3.0525729578431777,2.8225612663776563,-0.390286,0.275949,0.022681,0.550935,0.479602,-0.664316,0.158546,-0.3749,0.132498,-0.194932,0.695203,-0.212511,-0.567559,0.386535,75.5677030804561,8.453033441540125,16.541924377357557,8.882571946225593,-15.752569866690894,-4.894211471377343,8.137368784155854,10.145196849477538,-0.545597,0.0280652,-0.35729,-0.0678815,-0.220995,0.291386,0.92825
16.97404170036316,3.5784820551266123,-6.585374316309317,5.544163200748184,2.2769086911269776,-1.970557293165451,0.5947925953116758,-0.390574,0.276278,0.0229249,0.551667,0.479925,-0.663741,0.157426,-0.376401,0.134047,-0.19578,0.695535,-0.205697,-0.567409,0.389829,75.31897823069872,8.883100425709788,15.866425385551441,9.291136714122068,-15.395337524855638,-5.565001509045313,9.143657642539823,10.650568963657577,-0.547631,0.0287575,-0.357055,-0.082649,-0.226139,0.281289,0.928928
17.026215314865112,5.3770175969355565,-6.548884726438112,4.883728759643698,1.482523128518107,-1.3833371330841866,-0.3465184358660002,-0.39156,0.276466,0.0230247,0.55263,0.481154,-0.662668,0.154799,-0.378473,0.135752,-0.196314,0.698265,-0.200965,-0.563204,0.393498,75.49974201192641,8.875490216165925,15.242297746636698,9.67104552330175,-15.729898268915075,-4.961146886654372,8.585792929836838,9.991649240331364,-0.549833,0.028607,-0.356699,-0.0980705,-0.239073,0.274707,0.926155
17.07801628112793,7.515243304306756,-5.76514876492915,1.0521734660731443,0.4114428308356845,-1.0418472110955617,-0.9275039934589173,-0.392156,0.276757,0.0233455,0.553984,0.483009,-0.660449,0.153657,-0.379838,0.136759,-0.196172,0.696791,-0.198872,-0.563305,0.397013,75.72409334023787,9.269797843848885,15.286751077701988,9.05046088023497,-15.532178850344991,-5.2071686262374435,9.02834640910912,10.246746405181822,-0.550315,0.0273684,-0.356337,-0.0995696,-0.237341,0.272053,0.927223
17.12997317314148,11.407684128069999,-4.379484037096308,1.207857609405352,0.04653746225561685,-1.1847958211149543,-1.6260515306571102,-0.392088,0.276795,0.0234613,0.554066,0.482832,-0.660815,0.152343,-0.380402,0.136835,-0.195942,0.697774,-0.199832,-0.563576,0.394412,75.68363257610156,9.195276446028009,15.487749637686715,9.166620196890316,-15.290693783590806,-5.059383495066033,8.924546989030098,10.12009493565499,-0.550646,0.0281093,-0.356718,-0.101496,-0.239246,0.262695,0.929221
17.18240523338318,9.721632752309436,-2.431630861307646,0.6848377301673249,-0.3849038887304853,-1.0928696822186348,-1.4247221601800053,-0.39285,0.276993,0.0234447,0.554708,0.481903,-0.661152,0.151477,-0.381479,0.138706,-0.19727,0.693292,-0.189058,-0.570308,0.397935,74.9436579644576,10.6415298580898,14.701234829945133,9.983277619288227,-15.51845022357661,-7.643646294731827,11.744747736325268,12.365754094308452,-0.552853,0.0324517,-0.358158,-0.110904,-0.248736,0.261404,0.926012
17.23425054550171,8.847374174859851,-0.680097686873023,1.508521225483051,-0.4897163706920531,-1.2312659259368128,-1.2831087795787721,-0.392837,0.276987,0.0234561,0.554446,0.482709,-0.660816,0.151337,-0.381672,0.1407,-0.198059,0.701111,-0.188643,-0.565609,0.391081,74.4420933339415,9.409975458889516,14.726951852544222,9.305649389705545,-15.617619635744244,-4.846005739876734,8.347846883311005,9.816998962453791,-0.553228,0.03557,-0.36013,-0.112493,-0.254209,0.25638,0.925739
17.287017822265625,7.8912234835627455,-0.21006154722835066,1.2376742656466044,-0.5895858576871101,-1.1196305879608839,-1.2631022721034901,-0.392915,0.277054,0.023479,0.554048,0.483189,-0.660587,0.152261,-0.381012,0.142425,-0.198872,0.700425,-0.174556,-0.576146,0.383393,72.37284113052884,10.194939671600688,14.417849294703561,12.115499325814815,-15.862883400919559,-6.902017115017454,10.135052956711373,11.236321166970749,-0.554208,0.0368046,-0.359955,-0.11121,-0.28447,0.229533,0.924134
17.339999675750732,7.337090462352257,0.44016561662653075,0.8515179963690443,-0.6259454620422403,-1.1442136769014999,-1.157735682305052,-0.392878,0.277156,0.023543,0.552551,0.484552,-0.660589,0.153359,-0.38042,0.143632,-0.198948,0.698923,-0.171017,-0.576405,0.387321,72.45188782598255,10.3259172056778,13.951659537188501,12.356322507871031,-15.41911468993122,-6.449104008766266,9.723651722124544,10.855905475809774,-0.552943,0.0378758,-0.360733,-0.11609,-0.285659,0.222163,0.924968
17.392372369766235,6.777582469240113,1.5419208567377685,-0.3868608716724235,-0.9951627403055752,-1.3130493729984647,-1.059236812819315,-0.392781,0.277218,0.0235592,0.553703,0.483979,-0.65964,0.155089,-0.380026,0.144315,-0.198965,0.700018,-0.170915,-0.570723,0.393748,72.81063857740695,10.077614192347303,13.365109504837523,11.350779087637465,-15.914544998820773,-5.126535321935425,8.531273199795617,9.530110446593435,-0.552064,0.0374367,-0.360737,-0.12235,-0.283467,0.219962,0.925361
17.444151639938354,8.721420674572746,5.344449159961989,-5.228245374446061,-2.4566405348008646,-1.4990905417925848,-1.3052236278973561,-0.392887,0.277202,0.0236347,0.552949,0.483983,-0.660665,0.153396,-0.380722,0.143934,-0.198908,0.697669,-0.168084,-0.573042,0.395764,72.89349848759598,10.655500364921211,13.059977614504968,12.747591421628977,-15.573223170340817,-6.5428886259392165,9.640004429320081,10.882288591201737,-0.550984,0.0363454,-0.361199,-0.13328,-0.26096,0.22727,0.9287
17.49550485610962,12.672612916647306,11.515358499718287,-13.563047456965187,-5.030756314967835,-1.4301397823821347,-1.8813348510848056,-0.393144,0.27736,0.023896,0.552889,0.484522,-0.660627,0.152069,-0.382361,0.143803,-0.198791,0.699304,-0.16923,-0.569693,0.397222,73.3138647667744,10.391108817100738,12.953230246721734,12.724470467898058,-14.803112113168432,-6.109740428058405,9.323788265134553,10.738290546226295,-0.553536,0.0360619,-0.359546,-0.13107,-0.263408,0.230889,0.92743
17.54857587814331,10.800636095353127,22.46879469577329,-5.511686003560515,-4.757716370780565,-2.2478242794261645,-1.875133593555527,-0.394616,0.277517,0.0239973,0.557395,0.484752,-0.657847,0.146843,-0.387183,0.145618,-0.199882,0.707179,-0.165423,-0.562585,0.395007,73.09611814335622,10.005641391560902,12.73950376422059,12.162687337522081,-15.472256610024727,-5.287095215063051,8.245605427872814,9.739631971464636,-0.560778,0.0395037,-0.360035,-0.144849,-0.270336,0.215071,0.92719
17.60036063194275,6.846697923433055,26.295943154635708,0.5192945821255063,-4.37452884701096,-2.597274035887853,-1.5814131733331505,-0.396175,0.277448,0.0235103,0.558531,0.487229,-0.654945,0.147301,-0.390603,0.1472,-0.202525,0.705314,-0.151021,-0.567935,0.396454,71.88918998698034,10.90228691467155,12.088847190356358,12.960837913556709,-14.498293509786524,-7.64412013149386,11.392487849610921,12.436301268091864,-0.566024,0.0414181,-0.361019,-0.153151,-0.271361,0.203691,0.928126
17.65272355079651,4.672978752543715,21.297599147191026,0.8318274122935809,-3.381933752306051,-2.4341021563377296,-1.5619378037406648,-0.396004,0.277377,0.0234476,0.557518,0.486673,-0.655967,0.148428,-0.391126,0.148008,-0.203079,0.721573,-0.157857,-0.546436,0.394743,72.6299974590203,7.759734256288135,11.346450848084544,11.616381702189415,-14.881038879506079,-1.1705885157647344,3.9930379615279583,6.639477474104128,-0.566091,0.0421416,-0.36188,-0.159834,-0.270019,0.201441,0.927882
17.705416917800903,7.008546240425949,15.98660464686819,-1.2684693765104174,-2.928421964016029,-1.7694587562896715,-1.548677469899211,-0.395051,0.277566,0.0237321,0.556091,0.487726,-0.656347,0.148642,-0.388742,0.149649,-0.203963,0.70924,-0.141882,-0.563686,0.398881,71.41098843563925,10.334687278160793,10.680851707146891,14.063500285763133,-14.943271235251641,-6.645191517936784,9.44272025553548,11.137458987049257,-0.563787,0.0402109,-0.360803,-0.158859,-0.263723,0.202823,0.929557
17.758520126342773,7.2761235158000455,13.304410210595545,0.2246725133336994,-1.859138154904068,-1.4720960987992822,-1.3272505842825373,-0.394387,0.277308,0.0235812,0.554843,0.486354,-0.657868,0.151059,-0.387492,0.147458,-0.203471,0.709542,-0.148397,-0.560302,0.400737,71.9866157228603,9.775396060514495,10.71056680940535,13.800987023392342,-14.46242105941479,-5.926765635987639,8.595898592455303,10.630400735682624,-0.562689,0.038048,-0.360213,-0.156816,-0.258249,0.2098,0.929892
17.81267261505127,10.065920556056518,6.563757789157515,3.173433897450674,-0.2367103977865102,-1.378122229438455,-1.4793251185555054,-0.394202,0.277336,0.0236279,0.554748,0.485356,-0.658885,0.150185,-0.386772,0.145142,-0.201996,0.704407,-0.159617,-0.56147,0.403838,73.24361870972024,10.18855878093033,11.548065587342865,12.559076163778137,-14.394333972918645,-6.590987233239307,9.837202615127213,11.439127904506087,-0.562103,0.0368729,-0.359015,-0.145992,-0.252255,0.222065,0.930452
17.865708589553833,10.270707824627225,3.5610533817088372,2.6618546382410027,0.22232536303423475,-1.0793112178453028,-1.243308108785189,-0.393855,0.277129,0.0235023,0.557102,0.484027,-0.658244,0.148561,-0.386529,0.142752,-0.201025,0.708024,-0.167541,-0.565869,0.387846,72.45506240683261,9.716128439886248,13.339453889848617,12.639000316390655,-15.172216457074502,-7.139883788280361,10.037898159226799,11.756163105564251,-0.562566,0.0377241,-0.358838,-0.127666,-0.246987,0.236322,0.931048
17.91849708557129,9.138217058520683,1.2955143980025294,2.975606707938702,0.44402492971267427,-1.010268686973768,-1.056895199928204,-0.393913,0.277019,0.0234616,0.555859,0.483624,-0.660064,0.146437,-0.387681,0.141262,-0.200867,0.708649,-0.172683,-0.565195,0.385423,72.95468654616906,9.473597557107569,13.69316025312315,12.929163044738278,-14.315124583638003,-7.422350770674644,10.425283205799527,12.39013124551308,-0.564685,0.0376135,-0.358413,-0.120739,-0.244131,0.241249,0.931462
17.971948623657227,10.750403749933847,0.8158317503565622,3.5573599790460513,0.663964558630697,-1.1356775200432827,-1.2017901055026174,-0.394241,0.276996,0.0234481,0.557794,0.482782,-0.65904,0.146471,-0.388388,0.140717,-0.200447,0.706707,-0.177442,-0.565929,0.385751,73.22436225523496,9.724134701174757,14.270436178709318,11.230297071257246,-14.31123669033091,-7.548698973695078,11.316111029273745,12.577459954469251,-0.565032,0.0384177,-0.358514,-0.112693,-0.238503,0.251744,0.931151
18.024301528930664,12.436168312481623,0.6556696507057532,2.8785445690090388,0.5734564119234725,-1.2627608411263898,-1.380728005194792,-0.393851,0.277014,0.0235234,0.556684,0.482689,-0.660225,0.145658,-0.387362,0.141262,-0.200344,0.707119,-0.176071,-0.565884,0.385689,73.23632362424647,9.716150251819068,14.004980596246323,12.017109770739793,-14.776256206235068,-7.390009375227738,10.630466384940298,12.203053465782848,-0.562822,0.0408032,-0.361026,-0.105297,-0.23595,0.245675,0.934282
18.076491594314575,12.928232427740268,-0.6041480917587245,3.385497160898112,0.6831110571644927,-1.3732490942141287,-1.6144378275830102,-0.393754,0.277175,0.0236491,0.556651,0.484037,-0.658531,0.148946,-0.386485,0.143974,-0.200802,0.717685,-0.179238,-0.556289,0.378609,72.81802214032824,7.546105895238583,14.226984572197804,9.465371567344997,-15.203137210111464,-1.9491854781776787,4.490459384076807,7.590145777987108,-0.560819,0.0471239,-0.364243,-0.10307,-0.245647,0.231318,0.935695
18.12896704673767,11.910706196548379,-0.6955115467688514,3.7381662207311446,0.7244048376541724,-1.3378375538930225,-1.5134429852271845,-0.393753,0.277245,0.0236736,0.556099,0.484657,-0.658289,0.150059,-0.38506,0.147978,-0.202052,0.715167,-0.162636,-0.573291,0.365272,69.97161096449868,8.749983280826578,14.358888637096047,11.13586903773224,-15.26524204595346,-4.081590242190575,6.42909988663462,8.930690505072187,-0.559122,0.0547041,-0.368422,-0.105971,-0.250654,0.217376,0.937385
18.197555541992188,12.113473686393416,-1.3453836332604119,4.172952779197152,0.8257980624966834,-1.234301977171463,-1.6681044191151695,-0.393193,0.277363,0.0236975,0.553396,0.484461,-0.660507,0.150931,-0.382507,0.155024,-0.204135,0.714488,-0.140046,-0.591399,0.346613,66.28528386274913,9.721318546425364,13.897297468625442,13.165872102785116,-15.461309923142265,-5.1060857945984175,7.299000682014929,9.417715641907236,-0.554916,0.0718133,-0.377488,-0.0977006,-0.257108,0.185495,0.943367
18.24971628189087,12.53032965682667,-1.581420562279965,4.272670175177126,0.8280078588252354,-1.1856584803575196,-1.7265756850853986,-0.393046,0.277466,0.0237665,0.551796,0.485524,-0.660722,0.152424,-0.381619,0.160168,-0.205564,0.716673,-0.127456,-0.599686,0.332433,63.93449083340273,9.657793791314967,13.910126012398525,13.026015477742826,-14.974716283140062,-4.293001288185639,5.984551366759274,8.62534019416264,-0.55341,0.0855051,-0.383214,-0.0868811,-0.26209,0.172066,0.945597
18.302375316619873,13.823296585540012,-1.8406403510107432,4.495950756228183,0.8626604077457497,-1.1388874570944592,-1.94320510596559,-0.392969,0.277503,0.0238049,0.552759,0.485178,-0.659973,0.153281,-0.381361,0.164177,-0.206872,0.71936,-0.116802,-0.605382,0.319985,61.76405025674758,9.69205033748013,13.930313261505312,12.55559484988517,-15.340895184487596,-4.182733201556356,5.46686907115934,8.264924253633659,-0.552976,0.0975846,-0.387589,-0.0758897,-0.26504,0.156223,0.948467
18.354493379592896,13.926576706673174,-2.158817063788624,4.547357305011698,0.8971195979688168,-0.9950072815765791,-2.013787432058062,-0.392877,0.277535,0.0238403,0.552966,0.485522,-0.659665,0.15277,-0.382535,0.171184,-0.209676,0.725869,-0.0957281,-0.614731,0.293355,57.71270389327208,9.444249279807497,13.952793933399965,13.061260854913577,-14.784256638086372,-4.364499949924021,5.6213387291902235,8.4394468858984,-0.556691,0.118253,-0.392623,-0.067223,-0.271724,0.120123,0.95248
18.406163930892944,15.463347417885679,-2.7721314258334098,4.568282472021074,0.9428090357862896,-0.9900007569682459,-2.358605957816096,-0.392998,0.277493,0.0238408,0.553504,0.484947,-0.659881,0.151715,-0.384321,0.176597,-0.211782,0.729801,-0.0833342,-0.618837,0.278365,55.41813066037712,9.306695202419219,13.787480332997077,12.055605194298852,-14.014348517766688,-4.241609497225621,6.151430644858826,8.57889230876617,-0.560385,0.135705,-0.395989,-0.0594031,-0.268311,0.103843,0.955875
18.45812463760376,16.408625769734467,-4.0164378567727885,3.747490510620159,0.8426594448463157,-0.9103023874062701,-2.5720590168628616,-0.393246,0.277639,0.0239682,0.552407,0.486078,-0.660591,0.148981,-0.386516,0.182841,-0.213556,0.738681,-0.0661266,-0.619291,0.25779,52.6846543356106,8.327198740816659,13.45229032663461,13.210750178467476,-13.25945369009849,-2.880369733712268,4.432927549503265,7.448582607319758,-0.563714,0.152899,-0.398319,-0.0388619,-0.261967,0.0786133,0.961084
18.510982036590576,18.231938806253087,-5.182504755398542,2.9741171543525184,0.7982095545072946,-0.8153536916453228,-2.9619772113049145,-0.393379,0.277764,0.0241039,0.55327,0.485662,-0.660562,0.14725,-0.388053,0.190108,-0.21522,0.743216,-0.0509601,-0.625061,0.23309,49.42533801253669,8.083790338257058,13.756235938644354,11.984902766082332,-12.798280474351811,-2.8270448997868165,5.951617598820592,7.332518874972441,-0.566795,0.173085,-0.400524,-0.0233546,-0.252086,0.0517694,0.966037
18.56544065475464,15.678743453299184,-5.556144715251835,3.4562474448174467,0.929509797185894,-0.7233982129169293,-2.6352010955748764,-0.39353,0.278004,0.0242592,0.554081,0.485279,-0.660271,0.146769,-0.389538,0.200032,-0.21687,0.748064,-0.024121,-0.62986,0.207593,45.063882185865005,7.715592933029358,13.078731513980156,11.988771597816804,-12.54792344192442,-2.8270139873259943,7.141394992444829,7.217087468355535,-0.570173,0.199612,-0.400907,-0.00875666,-0.256036,0.0291857,0.966187
18.619056463241577,15.50194888320398,-6.467855712231669,4.903290117980269,1.230171927842263,-0.8685939601865943,-2.7298395415581878,-0.393581,0.278223,0.0243464,0.553766,0.486031,-0.659815,0.147516,-0.39049,0.209607,-0.217873,0.751425,-0.00121404,-0.633762,0.183589,41.20641893052577,7.189646623348666,12.81561677923299,10.869539461381564,-11.733501470174089,-2.408991475447518,8.408616219670094,7.69848476659203,-0.57227,0.221436,-0.400203,7.04079e-05,-0.252117,-0.00483361,0.967685
18.671438455581665,16.675802529595344,-6.821877548751374,5.224320205795524,1.2914940434517852,-0.7242638053653493,-2.902987843389342,-0.393379,0.278333,0.0244811,0.553228,0.486565,-0.659663,0.14845,-0.390797,0.217954,-0.218042,0.755129,0.0193495,-0.635175,0.16112,37.71337741639385,6.413960013483814,12.620742868069463,10.095238627412675,-11.214914898052328,-1.5389274698361888,7.864023022762051,7.389155756144844,-0.572828,0.242346,-0.398518,0.0183326,-0.249331,-0.0379211,0.967502
18.72445297241211,15.36322697548342,-7.666260901818498,5.54278153871566,1.3559746044832879,-0.8952303998706675,-2.889582587309977,-0.393365,0.278735,0.024808,0.55258,0.48702,-0.660088,0.147479,-0.391409,0.228189,-0.217469,0.758616,0.0422414,-0.636387,0.133153,33.772231521102135,5.601145451721886,12.541310122852604,9.15799362706743,-10.852976862478048,-0.644942911569153,8.443881408222392,6.137961826931962,-0.573961,0.265861,-0.395031,0.027777,-0.244259,-0.0695481,0.966814
18.778334617614746,14.96841926013476,-8.119965657132207,5.495052843053029,1.3686013392173393,-0.8159462962810295,-2.928492461674028,-0.393354,0.278807,0.0247992,0.552654,0.487029,-0.660213,0.146613,-0.392008,0.235555,-0.216844,0.758055,0.0589056,-0.639304,0.114773,30.970570355768604,5.505323175808893,12.356168701455749,8.2833281070096,-10.302079097650271,-0.8518714917751637,9.794062457762859,6.834989834557563,-0.575127,0.28399,-0.39117,0.0402219,-0.241173,-0.0963514,0.964849
18.832109451293945,14.557910158791799,-9.468942821358347,6.800591485355997,1.649452751997886,-1.051065941763637,-3.168503281229251,-0.393588,0.279047,0.0250484,0.552974,0.487394,-0.659784,0.146124,-0.39407,0.243488,-0.21535,0.760693,0.0846688,-0.634885,0.105351,28.28147646150551,4.642737551973865,10.73272080361436,9.440878003194891,-10.027003709884486,0.533347078878645,8.147023325200955,5.548904451741557,-0.577264,0.303374,-0.385352,0.0506559,-0.238744,-0.121945,0.962063
18.88626980781555,14.53152836123748,-10.722744163426931,6.037770521537272,1.7417412993731871,-0.7066981670309187,-3.342346575751821,-0.393914,0.27914,0.0251489,0.555182,0.486371,-0.658975,0.144805,-0.395786,0.251208,-0.213946,0.760759,0.101263,-0.634386,0.0924388,25.835864125464774,4.469742766644628,10.038497913374911,7.733079625683905,-9.929050695071039,0.480907240209536,8.943640165542526,5.689182882523733,-0.579632,0.321548,-0.378905,0.0589793,-0.235785,-0.147109,0.958794
18.939926624298096,13.726176890339396,-11.634075880394512,6.3262075983906225,1.8042242814596539,-0.7215550437792423,-3.1893320141916695,-0.394206,0.279463,0.0253506,0.554533,0.48856,-0.658047,0.14414,-0.395717,0.258596,-0.211801,0.757293,0.109516,-0.641681,0.0525248,21.971895516542332,4.740577295798979,12.45388447698529,4.782780529475271,-8.269620865028166,-1.0373280287370612,11.891989626197036,8.446209932713318,-0.581235,0.334829,-0.373538,0.0677515,-0.231992,-0.166141,0.956026
18.993801593780518,12.456861502893899,-12.4178955365222,6.1934953606135785,1.8915212471355445,-0.8071930074638476,-3.1500313915758014,-0.394253,0.279556,0.0254096,0.55471,0.488523,-0.658053,0.143556,-0.396233,0.264125,-0.210062,0.757907,0.120984,-0.639832,0.0394399,20.06608271856229,4.2600632345891105,12.355985871808116,3.5085221825368134,-7.959969066083628,-0.3740437908362573,11.9056467937816,8.25848453475677,-0.581797,0.34729,-0.368215,0.0746743,-0.226551,-0.187092,0.95294
19.047760486602783,11.171233730500523,-12.770122455608998,7.430991441623272,2.18440687616396,-1.1993562888204923,-3.0859048049062587,-0.394278,0.279596,0.0254432,0.55515,0.488076,-0.657935,0.14392,-0.396524,0.267614,-0.208813,0.7589,0.129634,-0.637329,0.0328309,18.811832477500385,3.770803388495481,12.058022092491758,2.8016956284643584,-8.005416187692799,0.2909388329635014,11.70129610859384,7.313431056629278,-0.582535,0.354321,-0.364576,0.0769129,-0.225358,-0.198003,0.950838
19.103201389312744,8.888496307532783,-14.875402105387824,6.458890603106662,0.9127964709220798,-3.849042777010413,-5.440523331819326,-0.394264,0.27956,0.0253576,0.554865,0.488545,-0.657899,0.143587,-0.381237,0.242179,-0.205607,-0.0843962,-0.00350041,-0.100786,0.991316,-96.07814041430072,72.92079068185352,97.97996408335446,21.213073968042245,-54.41496273333732,-19.504905370269878,4.917337891717483,1.958183856654178,-0.582358,0.358768,-0.362527,0.0799335,-0.222289,-0.202365,0.950393
19.169646739959717,5.0635266183947305,-17.723946521176988,6.5810537783599905,3.3746232533249687,-3.3348332476960705,-3.0502866286492187,-0.393927,0.279326,0.0252603,0.555043,0.486543,-0.659302,0.143265,-0.395998,0.26702,-0.208186,0.757003,0.140655,-0.63692,0.0386748,18.42407580673716,3.6526860187929424,10.419720755974408,6.894493769744923,-8.846468314902253,0.9352138160420651,8.303242026348743,6.135731436550123,-0.578947,0.359009,-0.363253,0.0909145,-0.220471,-0.196616,0.951036
19.225313663482666,4.564408911348618,-19.80378904323345,8.282884825416108,4.182991850564243,-5.352278344763428,-3.0983064658980526,-0.393044,0.278803,0.0248121,0.553148,0.486141,-0.661173,0.143332,-0.392351,0.262102,-0.21017,0.757172,0.121385,-0.641718,0.0124319,17.846145533521252,3.814761174285568,14.00452936762212,6.067680598527177,-8.818675628325513,-0.5909099872672279,10.645976765067108,7.110138974826445,-0.572134,0.358454,-0.365317,0.110446,-0.212363,-0.182042,0.953711
19.279228687286377,3.2845930237566487,-18.977913240376935,8.463620004998733,4.41672091077572,-6.703898918685077,-2.906220255605621,-0.391903,0.278402,0.0245884,0.553746,0.483117,-0.662642,0.144463,-0.390246,0.258507,-0.21119,0.756603,0.109421,-0.644529,0.0126929,18.520673053828343,4.077342545420803,14.752983572743364,5.286572604149976,-8.84644959434134,-1.2190257691992947,11.74946212191534,7.773584852922081,-0.566896,0.358672,-0.366238,0.126412,-0.196823,-0.177895,0.955842
19.547523975372314,2.591186461260035,-19.287081597265402,3.032322561141735,3.568121763874679,-5.492851551972832,-3.2132010480529427,-0.391428,0.278227,0.0245095,0.552988,0.482606,-0.663382,0.145674,-0.388629,0.258214,-0.210799,0.758127,0.101843,-0.643952,0.0140314,19.19342522871736,3.851955846637891,15.344078427439516,2.5207059790334814,-8.997547497499033,0.15353785638183837,12.278137835698272,6.882876717415869,-0.564305,0.358176,-0.366673,0.12791,-0.197464,-0.176285,0.955809
19.60140895843506,7.5319724527448475,-17.197021158624683,1.566238335441937,2.714186541533162,-2.590146896887084,-3.014849280278556,-0.391746,0.278635,0.0247743,0.551588,0.48384,-0.66357,0.146032,-0.388892,0.261174,-0.210045,0.754416,0.117351,-0.645719,0.0115217,17.821488634008176,3.9336604064533147,14.30723929052802,5.342768712592552,-8.835877506176736,-0.7416730856619509,11.260546513290963,7.524209544720846,-0.566611,0.358403,-0.366316,0.114711,-0.213999,-0.180195,0.953192
19.65524125099182,10.679610943949731,-15.946706103134312,2.3245173547487346,2.2340319198155587,-1.3093028909855233,-3.201844123258012,-0.392305,0.278954,0.0250232,0.551933,0.486231,-0.661531,0.146032,-0.390722,0.264456,-0.209007,0.753499,0.134265,-0.643326,0.0185272,17.13505956971776,3.8218558383730676,12.578358041582089,7.502366535959391,-9.0754301896225,-0.6074291164059673,9.75344592571995,6.575657609180352,-0.570736,0.357927,-0.365742,0.101239,-0.222927,-0.191275,0.950509
19.708898305892944,12.71306958798626,-12.975210134250323,1.035669409561943,1.5133818062209201,-0.10948000745804916,-3.1562079485817596,-0.392813,0.278982,0.025104,0.55336,0.486182,-0.660334,0.146216,-0.392146,0.265842,-0.209003,0.753735,0.130358,-0.643699,0.0232827,17.699127036980357,4.1189034441625525,12.57860387456402,4.544819837109133,-8.519758197745219,-1.0241695498568113,11.846770410544469,7.970189780308868,-0.574321,0.357977,-0.364664,0.0936843,-0.224297,-0.195503,0.950101
19.76297926902771,13.127261871568592,-12.791290346502267,4.030103681537161,0.3832360437827964,-1.3955909731246365,-3.781831044853484,-0.39384,0.27934,0.0253323,0.554009,0.487245,-0.659348,0.144663,-0.37921,0.241035,-0.205068,-0.102274,-0.00869478,-0.0893147,0.9907,-93.79489338711782,70.97517750654252,98.81239300571323,20.712817677354785,-54.83985194792808,-19.82845725293235,5.536888902638987,2.1112585865491917,-0.579721,0.356826,-0.363971,0.0799531,-0.228132,-0.200558,0.949389
19.81536293029785,14.160794508323754,-11.998020793415796,6.770791198463448,-0.3721480998695408,-2.1508489166285094,-3.354938528128591,-0.394336,0.279329,0.0252928,0.554996,0.488462,-0.657786,0.14388,-0.380565,0.240472,-0.205746,-0.107263,-0.00424374,-0.0956317,0.989612,-92.67185538911477,70.56982384914382,97.37388082748262,20.013447016455284,-56.081366858812814,-20.995684905746717,8.0629721787547,1.8571508511693093,-0.581832,0.35536,-0.36419,0.0792748,-0.230327,-0.199654,0.949107
19.868969440460205,17.494298510184073,-10.245372460505907,8.797715833708127,-1.3108759646394965,-1.7224753261139998,-2.279883880672737,-0.394886,0.279435,0.0253708,0.555516,0.489103,-0.657324,0.141791,-0.381678,0.241014,-0.205686,-0.10808,-0.00589551,-0.0950233,0.989573,-93.34401646265874,70.29110987045203,98.31661941610577,20.1674240684087,-55.18940829001322,-20.083417916390136,7.913293610895436,2.2347950194668162,-0.584095,0.354308,-0.364416,0.0741241,-0.236553,-0.201669,0.947564
19.921725273132324,18.4970816599804,-9.117681319586953,10.61417474837171,-1.964540286236483,-1.7275767831174287,-1.6909044039752288,-0.395085,0.279688,0.0255663,0.555151,0.488712,-0.657868,0.142046,-0.382248,0.242231,-0.204467,-0.119442,-0.0121161,-0.0802247,0.989521,-92.81596556100986,69.00255507620618,98.27240164177937,20.961608246969348,-51.81295413906939,-16.679264987729713,5.576124319799515,2.9314542657748044,-0.585304,0.354029,-0.364584,0.0678662,-0.242049,-0.205061,0.945916
19.974051475524902,21.96066372107723,-5.376207487382865,14.014934540969879,-3.477855940562262,-1.4623487812663472,0.23754463482345234,-0.394897,0.279814,0.0256746,0.554022,0.489835,-0.657954,0.14219,-0.381384,0.244883,-0.203922,-0.135736,-0.0143273,-0.0863156,0.986874,-91.50819466139929,67.25356730648699,97.93391535448669,20.547676304837182,-52.73247123889263,-17.417836455302268,7.369145606254441,2.5008426947006583,-0.585835,0.353868,-0.364939,0.0564481,-0.249386,-0.209034,0.943888
20.026145458221436,24.77608381777635,-0.7096537392792492,19.08004604855156,-5.510924630907212,-1.6812136419862145,1.9473711784601877,-0.394961,0.280023,0.0257577,0.554361,0.49074,-0.65658,0.144084,-0.381708,0.246995,-0.203643,-0.131466,-0.0105515,-0.0906441,0.987111,-91.62166441867231,68.01805485055807,97.3396818405622,21.117411926060143,-53.843005471552495,-18.652764941483657,5.311089442740232,2.0915430071957117,-0.586992,0.352414,-0.365815,0.0436589,-0.257324,-0.214128,0.94129
20.07796597480774,26.047015459769092,-0.4843602113230236,20.31852564816496,-6.101958165564295,-0.8337812936501465,1.8811304653312655,-0.395058,0.280122,0.0257512,0.553979,0.490365,-0.656971,0.145043,-0.380942,0.249069,-0.202838,-0.15314,-0.0152966,-0.0876347,0.984192,-90.15936329225251,65.58977192483545,96.42178176107693,20.97976630237268,-54.29150698801699,-18.869988678743997,6.0774034403141854,1.0380207123800032,-0.587957,0.350396,-0.367028,0.0318345,-0.267478,-0.21719,0.938227
20.130914211273193,26.384736289622825,0.39537792493421203,20.900949671544474,-6.4134681796072615,-0.9272560017862153,1.8987169232804275,-0.394879,0.28008,0.0257844,0.553316,0.491171,-0.656888,0.145223,-0.380439,0.250352,-0.202438,-0.160444,-0.0177445,-0.0871437,0.98303,-89.95721485087493,64.8153449531405,96.42924024324209,21.050111076917233,-54.122355975438026,-18.62826655499399,5.925625348663642,0.961396578568624,-0.5882,0.34815,-0.367922,0.0222781,-0.269874,-0.221541,0.936798
20.183931827545166,23.765516167759554,1.5029956533256632,15.681501365490739,-5.191955622493374,-0.4630886150993553,1.964881194718119,-0.394704,0.27991,0.0256992,0.553278,0.491068,-0.656921,0.14557,-0.380365,0.251119,-0.202401,-0.169329,-0.0209877,-0.0862864,0.981551,-89.80834460516752,63.7518388252612,96.45816832113977,21.455126361666252,-53.13843190877812,-17.505660149433584,6.377969503064597,1.5952440886597012,-0.589395,0.346089,-0.367872,0.0165163,-0.264312,-0.2218,0.938441
20.236080646514893,20.985505069160027,-1.7710134141481884,17.968723342421047,-4.508143827254468,-2.7249813049863145,0.7123393141514396,-0.394826,0.279869,0.0256222,0.553936,0.490276,-0.656903,0.14582,-0.381375,0.248823,-0.203361,-0.16044,-0.0160111,-0.0871918,0.983057,-89.58847302855654,64.82931234110187,95.92219128046719,21.351825925022816,-52.968145090793705,-17.42775824113947,6.9437098396094,2.1227730658343194,-0.590261,0.345781,-0.367446,0.0249365,-0.259056,-0.217289,0.940773
20.289198637008667,14.880316950546954,-9.686291906388638,12.951278107198355,-1.6867089846021155,-2.9020455151731697,-2.9478167596709395,-0.395182,0.279839,0.0254673,0.554681,0.489861,-0.657213,0.142955,-0.382081,0.24482,-0.204313,-0.137844,-0.0132542,-0.0772238,0.98735,-90.87509901273916,67.22648823233668,98.28175173076632,21.290849523536124,-52.55442099179959,-17.298675954503015,5.124269131739122,2.2943232018502124,-0.588403,0.346084,-0.368314,0.0402309,-0.252172,-0.207428,0.944333
20.34224534034729,13.279664826806506,-11.889997559229553,13.01636681330445,-0.9813617328194337,-4.565077478833004,-3.4260095372866193,-0.394808,0.279461,0.0252984,0.555007,0.489536,-0.657404,0.141918,-0.381226,0.238307,-0.206101,-0.117645,-0.00517263,-0.0802619,0.989793,-91.18043299434326,69.56893480476577,98.03127239878899,19.591285715477945,-55.60379959302665,-20.438253044483925,8.600859578964661,3.15373737471118,-0.583785,0.345903,-0.369184,0.0647645,-0.244273,-0.191378,0.948425
20.394593238830566,11.951855461137939,-13.614956816875452,15.123698821660135,-1.0881110560758163,-6.550343096403249,-4.232179606547609,-0.394746,0.279356,0.0250974,0.554896,0.489243,-0.657848,0.141303,-0.381058,0.234818,-0.206166,-0.107579,-0.0114374,-0.0674612,0.991839,-93.82589044259599,70.42950440472724,95.83721679865423,19.75674711498217,-52.071579942305114,-16.983925551474545,7.252683580443054,3.237958568722785,-0.581567,0.344395,-0.370283,0.074942,-0.239227,-0.182358,0.950736
20.446843147277832,12.853851740248272,-14.960538257646263,13.665650237175644,2.6725609735355387,-2.333349495937162,-3.5368535886380412,-0.394658,0.279228,0.0250571,0.554788,0.488861,-0.658001,0.142335,-0.396402,0.261045,-0.211107,0.759791,0.119148,-0.638305,0.0329929,19.835163506861548,4.02908843917665,12.967061041740113,6.01302289096102,-8.694138614562156,-0.5194562959886397,10.485531861245416,7.184685846918086,-0.580578,0.344474,-0.370165,0.0788474,-0.236975,-0.183741,0.950718
20.50119972229004,13.38444099753921,-16.168791043901752,12.288594152893745,2.8019913850503735,-2.0200127455515733,-3.519002394303861,-0.393809,0.279248,0.0251892,0.554466,0.486877,-0.659429,0.14378,-0.394379,0.261722,-0.210481,0.757582,0.120708,-0.640935,0.0264953,18.951295291643206,4.074065502257057,13.148414224561677,5.990376072599936,-8.702291577934092,-0.9500323492885769,10.95367155500453,7.539482237464463,-0.57706,0.349535,-0.36898,0.0886965,-0.237677,-0.186239,0.949188
20.55569577217102,8.980848800635554,-10.814074288995217,5.830175047759323,1.9222036036046701,-0.987258018363411,-2.3749918181561416,-0.393677,0.279621,0.0254029,0.552377,0.487525,-0.660604,0.14423,-0.394373,0.267438,-0.208826,0.75351,0.130152,-0.643409,0.0361702,19.062181569638376,4.312109418881029,11.667353415931561,3.8066721355165765,-7.668344165125962,-0.3326865316422918,11.839446512682843,8.220981700845295,-0.578517,0.355755,-0.365632,0.0792489,-0.231471,-0.19882,0.949006
20.61052703857422,6.160283906748061,-9.482299884256548,1.7997523916608826,1.4556133282033277,-0.5176886780574742,-1.8468669080444082,-0.393999,0.279853,0.0256009,0.552316,0.489751,-0.658896,0.144732,-0.395683,0.26986,-0.208099,0.752917,0.139885,-0.641529,0.044589,19.041702063631192,4.276152652211682,10.476959073357246,4.228644460922773,-7.670341402309452,0.010549527149581905,11.119892161612821,7.9191628600115,-0.582074,0.353561,-0.365458,0.064872,-0.230588,-0.201595,0.949726
20.66453719139099,4.0683366201275435,-7.532382016094008,4.5841433857104406,1.4913229651991324,-1.3619900659409103,-1.5409359796988722,-0.394308,0.279703,0.0254418,0.553139,0.490182,-0.657626,0.145899,-0.396844,0.26324,-0.211008,0.754842,0.125057,-0.639864,0.0717471,22.321214045565622,4.6752404963214715,9.937444601675656,4.671959774406158,-7.827243314623191,-0.21430083040643666,10.943936860622287,8.564091370346906,-0.583749,0.335998,-0.37264,0.0528405,-0.22725,-0.181347,0.955342
20.718470811843872,9.396326918565457,-10.592149625976983,12.107913337452407,2.4998909337272903,-2.528927587898202,-2.679778693056392,-0.394411,0.279022,0.0246979,0.553853,0.487664,-0.659189,0.144574,-0.396154,0.247216,-0.215083,0.762337,0.0909546,-0.632933,0.0998328,27.461376578935294,4.395349154688096,10.532787930698147,8.10137111237485,-9.695678772384095,1.1841278961565003,8.370484171790318,5.522334388915689,-0.579597,0.313136,-0.382066,0.0600439,-0.23929,-0.134714,0.959681
20.77199411392212,17.389071664401957,-13.39249679186931,15.955899985336552,2.8475001898341272,-3.1066932022336378,-3.904510468064278,-0.393958,0.278499,0.0244126,0.554302,0.4865,-0.660041,0.142873,-0.39252,0.23277,-0.216736,0.760384,0.0433549,-0.640768,0.0967117,30.92728655202155,5.593554265856348,14.838867078424258,6.721228449228384,-10.58921457691033,-0.6692203762332021,11.293122418109132,6.740583625174744,-0.572053,0.290376,-0.390947,0.0662374,-0.246375,-0.0969531,0.962035
20.825854063034058,14.913641279125434,-12.503986412850264,10.347701486137959,2.323015915147243,-2.115877616607502,-3.3846668609700306,-0.393512,0.278272,0.0243916,0.555112,0.485718,-0.65908,0.146769,-0.39067,0.226736,-0.217177,0.757184,0.0307266,-0.643095,0.110257,32.56399445508445,6.168192483050877,15.168574421064243,6.760591572984932,-11.075693427810958,-1.9004590528747123,11.96568318194641,7.4577953712661005,-0.569922,0.275177,-0.394608,0.0537303,-0.253173,-0.0767533,0.962874
20.879250288009644,9.57380817686994,-9.393863475144215,6.082802041604652,1.6975403198683596,-1.7103998452742029,-2.4043633840409506,-0.393535,0.278793,0.0247036,0.552667,0.488145,-0.659452,0.146278,-0.390258,0.229253,-0.2171,0.756851,0.0410139,-0.639408,0.12904,33.620004832431846,6.03690023017603,13.073049702130625,8.140874777286253,-11.836271454369083,-0.8769158766481979,9.526041286638277,5.788889843269062,-0.571223,0.269815,-0.39515,0.0346107,-0.251906,-0.0802753,0.963795
20.932751893997192,8.776571681223365,-7.7645115178122035,8.127538786705959,1.9027120968113038,-1.980286926527844,-2.1321628014717873,-0.392773,0.278701,0.0245032,0.550911,0.487549,-0.660307,0.150959,-0.38834,0.228331,-0.217518,0.75256,0.0421563,-0.64259,0.137676,33.85008606974821,6.300093201051171,12.499497026531301,8.382779802225949,-11.106665611620066,-1.617992565485352,9.81100087449206,7.000303453322414,-0.569562,0.264468,-0.396462,0.021598,-0.255705,-0.074864,0.96361
20.98529624938965,9.76834837011557,-8.63353126125904,8.049394368356122,1.9434767664667987,-1.9659062930316291,-2.378710119956293,-0.39265,0.278645,0.0244636,0.55058,0.488293,-0.659884,0.151611,-0.387387,0.225748,-0.217548,0.752191,0.0353983,-0.642653,0.141257,34.684263471659094,6.382028696490995,12.974794690872121,8.34425922618307,-11.458879866085006,-1.5962408419068446,9.636758321576348,6.787323727433324,-0.567591,0.259161,-0.398065,0.0207183,-0.257213,-0.0692143,0.96365
21.03808617591858,9.216923699377528,-9.59576586100003,7.993183068666648,2.07860904325326,-2.4001720302536755,-2.4527751192701253,-0.392724,0.278544,0.0243632,0.550524,0.487441,-0.660938,0.149953,-0.387286,0.22224,-0.217535,0.752081,0.027591,-0.641759,0.147506,35.94052867632862,6.51257103652604,13.018858543346784,9.51166135292248,-11.817744497616054,-1.489406110387943,8.414446619149391,6.660438295842212,-0.566721,0.253979,-0.398959,0.0232545,-0.259275,-0.0594642,0.963691
21.092182874679565,9.09839763968408,-11.832418504434617,5.880112014120517,2.5070647064400036,-2.9368838462048643,-2.3976715528398396,-0.39269,0.278325,0.0243121,0.551138,0.487076,-0.660941,0.148868,-0.387435,0.219727,-0.217693,0.753867,0.0208212,-0.639482,0.149374,36.71956438280902,6.357173109773223,13.381326204676597,9.59209862545064,-12.180758858650059,-1.2398448194498037,7.95220513634414,6.385248355360698,-0.566406,0.251021,-0.39909,0.0298732,-0.252482,-0.0499113,0.965852
21.145668983459473,4.020314714047007,-12.770802209792178,6.322091293898271,3.4060110674939774,-4.66998092763214,-1.4399603051526808,-0.392544,0.278098,0.0242547,0.552411,0.485497,-0.661141,0.148418,-0.387777,0.218199,-0.217748,0.753589,0.0179364,-0.640485,0.146834,36.61095456929703,6.529680803184247,13.654812138909868,9.95793890063121,-12.046615688378946,-1.900182062162326,8.433515484878056,7.192998994767934,-0.566537,0.250869,-0.398481,0.0364431,-0.235305,-0.0484712,0.970028
21.198548078536987,0.7460296799871282,-15.195448741420968,9.750807024812168,4.737418217556753,-6.051472977876179,-0.8476514500660823,-0.39214,0.277785,0.0239605,0.55257,0.485015,-0.661307,0.148662,-0.386958,0.216195,-0.217928,0.756076,0.00768405,-0.639114,0.140796,36.94509313861863,6.091721498038683,14.93023748720276,8.260997896550068,-12.121230774356304,-1.0912419469637662,8.978409344274082,6.193041762451637,-0.564978,0.252999,-0.398269,0.0460278,-0.231609,-0.0421393,0.970805
21.251370191574097,0.9685628282756881,-11.517903761323495,7.496497010755933,4.42235181528789,-6.333832475188086,-0.1825951676287163,-0.39149,0.277713,0.0238562,0.551445,0.483383,-0.663564,0.148095,-0.385594,0.215475,-0.217801,0.75574,0.0039429,-0.641424,0.131975,36.57035018519305,5.9707717810390735,15.627392254884317,8.482297981136702,-11.94009594145886,-1.0065736977454804,9.020626644913355,6.232906464160419,-0.562977,0.254282,-0.39856,0.059837,-0.214531,-0.0338903,0.974293
21.305434703826904,-2.6344317826221615,-12.045790790306599,8.289210491945234,4.798942437708007,-7.132805980505721,0.2882252970803645,-0.391267,0.277621,0.023817,0.551445,0.482949,-0.663664,0.149059,-0.385112,0.214747,-0.217792,0.755181,0.00183664,-0.641592,0.13438,36.83053233855754,6.003298276811367,15.639258235757957,8.143239496760355,-11.879465009688905,-1.0129755429174914,9.224157724801294,6.276569383036464,-0.561832,0.254519,-0.398678,0.0636103,-0.21181,-0.0326452,0.974692
21.446920156478882,2.462839865985899,-17.37230653998061,7.915412110203576,4.613955244566867,-5.775549112705012,-1.584490579113503,-0.390946,0.277574,0.0237441,0.549541,0.48381,-0.66379,0.152696,-0.382818,0.213955,-0.217598,0.752668,0.00122993,-0.643839,0.137696,36.97376927472568,6.044068366569484,15.714448320768657,8.027182697901855,-11.983615589203499,-0.9711171962779375,9.259653619673504,6.1863666423320485,-0.558641,0.251174,-0.400101,0.0535942,-0.222038,-0.0320753,0.973035
21.499067544937134,7.488335270022838,-12.717991908032852,4.284743087169056,2.975043725877032,-3.188545221059325,-2.048170863152656,-0.391224,0.277864,0.0239689,0.549666,0.483991,-0.663517,0.152857,-0.383473,0.217298,-0.217639,0.750933,0.0124279,-0.644196,0.144765,36.59168869158569,6.365520920473993,14.258646507927072,8.524172103821257,-12.033681032143514,-1.4429145791957758,9.057123856873215,6.5228650540620245,-0.560749,0.251905,-0.399424,0.0395911,-0.232968,-0.039059,0.970893
21.552159786224365,10.860223079072686,-8.478103060134263,1.3293770860891503,1.3386805186806652,-1.3460134113477642,-2.274500660158993,-0.391754,0.278285,0.0243596,0.549922,0.485353,-0.662678,0.151251,-0.385692,0.220595,-0.217731,0.752185,0.022162,-0.64108,0.150807,36.50575104394691,6.302650381474912,13.020835743011745,8.959561635761093,-11.751305260712467,-1.2174227058345188,8.373041855584935,6.4623460857635715,-0.564957,0.251266,-0.398849,0.0300593,-0.234487,-0.0489635,0.97042
21.604823112487793,17.553458743955243,-4.123164652153339,4.694684248199711,0.4051607430454333,-0.15106001208518394,-2.9337822090283074,-0.392819,0.278339,0.0244725,0.55262,0.485819,-0.660827,0.147978,-0.388999,0.221238,-0.217728,0.754454,0.0256687,-0.638213,0.15108,36.3963290730273,6.417330043448638,12.65367728612113,9.697369327803898,-11.897113983616599,-1.4545406248617496,8.05861652606487,6.6661264191937395,-0.569544,0.252553,-0.397547,0.0230053,-0.248403,-0.0486971,0.967158
21.657601594924927,22.10647562661355,-0.30818896063024176,12.196698367119152,-0.12228138794112826,1.01338435252161,-3.35473402655385,-0.394034,0.278749,0.0246744,0.553308,0.486814,-0.660198,0.144918,-0.392373,0.222159,-0.217579,0.757903,0.025371,-0.634792,0.148249,36.520572227912055,6.105301601709049,12.8350373795186,9.663408781194134,-11.129014601412383,-0.675526270249371,7.521109570683599,6.487044115054204,-0.573887,0.253423,-0.397706,0.0226989,-0.260314,-0.0580013,0.963513
21.710734605789185,22.95201411416996,2.6447143430287734,14.464970087244238,-0.6636448287175171,1.3260715953254676,-3.390402788858455,-0.394965,0.279106,0.0248239,0.556128,0.486843,-0.658397,0.142193,-0.394353,0.222018,-0.217492,0.756841,0.0228534,-0.636167,0.148191,36.70970970819496,6.7970866653591155,13.080639784131636,9.374440286176013,-11.597128093369724,-1.9517823215207883,8.88857594077183,7.405050046472769,-0.575737,0.254154,-0.397863,0.0232822,-0.266673,-0.055226,0.961922
21.763928651809692,23.01488811653857,0.8541891450962596,11.551073195721305,-0.5264101296294781,1.3179596079868454,-3.513957618796652,-0.394754,0.279068,0.0248667,0.555694,0.487327,-0.658193,0.14317,-0.393714,0.221668,-0.217302,0.75795,0.0204972,-0.635792,0.144431,36.58237338941403,6.515408155068884,13.644226015477848,8.78487278282111,-11.503765019998793,-1.4302239618075134,8.886179180805748,6.877636613758099,-0.574863,0.254132,-0.39793,0.0259327,-0.268409,-0.051209,0.961593
21.816824197769165,22.308956852168564,2.6496462238026472,9.79498924281029,-0.8853466824826084,1.1673705797726095,-3.314221098505645,-0.394413,0.279035,0.0249897,0.553635,0.48911,-0.658519,0.143568,-0.392817,0.222591,-0.217353,0.757831,0.0246563,-0.634914,0.148217,36.75696257941318,6.3237705052538695,13.162927894261124,9.283192580589276,-11.553497140885597,-0.9385154048220805,7.959912103149398,6.441972349658133,-0.57412,0.254132,-0.398003,0.0199551,-0.264815,-0.0537991,0.962591
21.869390964508057,24.139609442696663,9.554163492477306,11.183458961675692,-1.8346611371141894,1.2963659109596037,-3.108683067996244,-0.394192,0.279001,0.0248631,0.553686,0.488574,-0.658363,0.145898,-0.392364,0.223314,-0.217524,0.755908,0.0284814,-0.636616,0.150038,36.33059719425329,6.49662358742388,12.762292482881822,9.215482531884918,-11.254492459842623,-1.4651688317353866,8.573928846343023,7.048557801335988,-0.57427,0.253364,-0.397816,0.0174798,-0.26663,-0.0565033,0.961982
21.92244815826416,26.238313748879595,14.830185166455243,13.881606142316805,-3.0634771827140743,1.5488482248480637,-3.557483744315824,-0.394598,0.279073,0.0249599,0.55451,0.489021,-0.657833,0.143642,-0.393452,0.22394,-0.217509,0.755684,0.031476,-0.635824,0.153876,36.552974936734735,6.768312554815911,12.19504713105446,9.923551232728276,-11.72616950446667,-1.785313928674931,8.272875974613422,7.161649959888746,-0.575815,0.253232,-0.397582,0.0117052,-0.271408,-0.0621824,0.960382
21.9762544631958,27.75907693317733,25.7693250320205,18.181221454966224,-5.269684252391897,2.1152217712882937,-3.984987475527622,-0.395834,0.279484,0.0251513,0.554949,0.489504,-0.65759,0.141394,-0.396258,0.225541,-0.217218,0.756979,0.0344294,-0.633159,0.157822,36.85963627158305,6.7279783685683086,11.584797578966473,10.0847788639235,-11.296964838811935,-1.1392462318691052,7.5746726406146205,6.9183257590296465,-0.578972,0.251951,-0.39776,0.00319036,-0.279997,-0.0652696,0.957774
22.029502153396606,27.805909393909495,16.527245970568067,21.18952679281331,-3.711267877659216,1.8670048776059114,-4.810929254528935,-0.396158,0.279539,0.0252388,0.555879,0.490164,-0.656344,0.141245,-0.396404,0.22501,-0.217031,0.757888,0.0304055,-0.631961,0.15908,37.28409397490771,6.7395738518624935,11.967858560018932,9.03022432622036,-11.80864156943263,-0.874412611949829,7.793347992597321,6.225701989300382,-0.578425,0.250668,-0.398303,0.00285614,-0.286072,-0.0640056,0.956064
22.082864999771118,24.39027191484488,10.71448587844607,16.564716999948587,-2.105878775986561,1.239794690824815,-3.9723680775751413,-0.395004,0.279189,0.0248903,0.553843,0.489557,-0.657682,0.145073,-0.393395,0.22392,-0.21726,0.755668,0.0295889,-0.634586,0.159344,37.11606076949612,6.647428005587244,12.080016929793388,9.068201814321917,-11.593477723495079,-0.8737268903818851,7.846269969950129,6.35329574928324,-0.574565,0.249959,-0.399387,0.00503983,-0.279542,-0.0617621,0.958132
22.136378288269043,18.54236018921089,2.987798881592795,13.632251953452881,-0.48143452140098536,0.5521338504781211,-3.0882152008206813,-0.394404,0.279037,0.0248226,0.552596,0.489542,-0.658622,0.145614,-0.392114,0.223896,-0.21749,0.754163,0.031261,-0.637131,0.155965,36.704006804950865,6.716171800851292,12.175727692100939,9.725817281730558,-11.4685125126435,-1.428298414825214,8.086499210103343,6.995812875867524,-0.573853,0.250394,-0.399056,0.00757191,-0.278691,-0.0584546,0.95857
22.189795970916748,15.345096367344919,-1.0966187327000778,9.495703190789671,0.26272073532677903,-0.1053833585711162,-2.6063513505774307,-0.394066,0.279051,0.0247886,0.552505,0.488797,-0.658696,0.148104,-0.391173,0.223525,-0.217544,0.754855,0.0305256,-0.636631,0.154799,36.44942812957746,6.4176525676500935,12.334665906715708,9.307556736763575,-11.465950546282611,-1.190265246733535,8.10017574204197,6.6412291837677815,-0.572757,0.250413,-0.399028,0.00644514,-0.272351,-0.0565582,0.960513
22.24342966079712,16.213296884027212,-2.8383972389569614,8.376021846736062,0.8012071428698806,-0.8911406477840466,-2.5652962925822727,-0.393627,0.278605,0.0246569,0.554003,0.487353,-0.658863,0.146516,-0.390736,0.220617,-0.217671,0.757307,0.0221398,-0.634267,0.153953,37.07971266512153,6.244838505301721,12.9007770031888,9.141235547349758,-12.293055894086555,-0.9482085934600022,7.787572681858169,5.980586672656008,-0.571903,0.248741,-0.398424,0.0203445,-0.258238,-0.0506071,0.96454
22.296262741088867,13.79816344085546,-6.148188507400991,7.253136035208861,1.2221970008204177,-1.156129105448839,-2.4657515406837516,-0.394081,0.278629,0.0245859,0.554672,0.486388,-0.65976,0.143117,-0.392089,0.219844,-0.217659,0.758646,0.0202333,-0.633019,0.152755,37.36420861643227,6.257414492199993,12.867398735255069,10.177565980426023,-12.468243263134731,-0.8565561635281895,7.005096209402173,6.136016352311147,-0.573357,0.248329,-0.398162,0.0236,-0.255642,-0.0474748,0.965317
22.349358797073364,11.91148622570966,-7.8396434899813245,6.3220325366529515,1.5527960034786623,-1.65354583481754,-2.2282016163506886,-0.394141,0.278637,0.0246472,0.554337,0.48665,-0.659849,0.143112,-0.392494,0.218776,-0.217711,0.758892,0.0156128,-0.632628,0.153694,37.857902601138996,6.200606730396814,13.232621309599129,9.68624286766051,-11.914950593092838,-0.7349035309166325,7.218726738077595,6.363238993351552,-0.5737,0.247705,-0.397804,0.0287956,-0.253247,-0.043709,0.965985
22.402417182922363,9.402158608934,-8.180142515485215,6.030883863398416,1.849815490647408,-2.3326361851686106,-1.7411404539665412,-0.393949,0.278501,0.0245349,0.554213,0.486437,-0.659944,0.143881,-0.391957,0.217612,-0.217806,0.758679,0.0129133,-0.633091,0.153089,37.95475019502502,6.175791092236095,13.528507429428345,9.65392863997983,-11.885001395613171,-0.8383697075478942,7.358267871140943,6.5243299255599645,-0.572429,0.247074,-0.397801,0.0306792,-0.246854,-0.0354718,0.967917
22.45571780204773,7.5550381903564245,-9.407129535423591,5.311225387433405,2.190756076306392,-3.39232395635386,-1.403816947643151,-0.393481,0.278375,0.0245013,0.553905,0.486867,-0.65925,0.146764,-0.390382,0.215844,-0.217682,0.758002,0.00760846,-0.634511,0.1509,37.97951127329274,6.105937458582124,14.367749614106708,8.82158572797261,-11.826057860716315,-0.9104524119657853,8.097330704175171,6.485218532460192,-0.570063,0.244609,-0.398063,0.0340788,-0.246287,-0.0333511,0.968023
22.511946201324463,4.129359640906119,-10.811442994493605,5.316886314166481,2.7073229305998896,-4.4549087579469155,-0.8156392292096831,-0.392733,0.278166,0.0243018,0.552736,0.485504,-0.661274,0.146581,-0.387914,0.213458,-0.217531,0.752978,0.00270237,-0.640596,0.150507,38.27509513889005,6.80821472265787,14.701835568400165,9.885360537833261,-12.150888380877538,-2.2087863189545587,8.722089783569665,7.8089307647477435,-0.565748,0.243586,-0.399579,0.0414918,-0.239529,-0.0281707,0.969593
22.567030906677246,0.8737253473682782,-11.37582395123057,6.807630986765884,3.7623641360684448,-6.230096580862059,0.1472934260694544,-0.391488,0.277652,0.0239086,0.551534,0.482752,-0.663722,0.149111,-0.384488,0.210615,-0.217287,0.750749,-0.0065628,-0.644895,0.14298,38.1180979831684,6.783126245987794,15.833245114233572,9.258291182416926,-12.174640449411832,-2.2415799001256893,9.29520904554734,7.852666107379806,-0.560091,0.243686,-0.400916,0.0543992,-0.226411,-0.0200744,0.972304
22.62038779258728,1.0321915972501803,-8.35921038550683,8.595306377436518,3.955151024285073,-6.789506840186701,0.7468812422430238,-0.390876,0.277435,0.0237549,0.551692,0.482163,-0.664033,0.149049,-0.383359,0.209546,-0.217229,0.752765,-0.00950636,-0.643582,0.138047,37.96044940357615,6.4162902875446175,16.34073925509987,9.290213139924305,-12.74132427004455,-1.6725002940434734,8.764131483275417,6.912966752477093,-0.558199,0.243958,-0.40108,0.0615394,-0.219378,-0.0160375,0.973565
22.80485439300537,1.7400704167460435,-14.004730777021884,7.9770316903157275,4.108534920289422,-6.655368865526273,-0.25270653304285423,-0.391377,0.277119,0.0235343,0.554934,0.480422,-0.662809,0.148082,-0.384866,0.207546,-0.217352,0.750113,-0.0147527,-0.646964,0.1362,37.949550008799946,7.230241422241401,16.874896825595744,8.874913956502223,-12.72200005234947,-3.492747848031218,10.835277432169892,8.695740035155497,-0.559978,0.242275,-0.400437,0.0779488,-0.214013,-0.00801687,0.973683
22.85742735862732,7.270595557533017,-9.241058786992895,5.2651578567619985,2.695279620224682,-3.877824916810931,-1.1216577543911317,-0.391852,0.277493,0.023821,0.553116,0.482108,-0.66322,0.147557,-0.386706,0.211629,-0.217717,0.755193,-0.00556031,-0.639759,0.142693,38.093037420978945,6.269644173897167,15.575524980453931,8.503047506062714,-11.940626968273294,-1.3184233543974635,8.8813720904162,6.863875501713212,-0.564219,0.245718,-0.399362,0.0530796,-0.222093,-0.0212699,0.973347
22.909663915634155,8.347403213804178,-8.470736266846064,2.038655951628511,1.5641442859724959,-2.0297687271945013,-1.6361295052832554,-0.393146,0.278218,0.0243242,0.55417,0.48552,-0.659791,0.147789,-0.390032,0.217246,-0.217961,0.756884,0.0136272,-0.635119,0.15351,37.523112428120946,6.224501396787041,13.533739220055702,9.055789815178915,-11.838427872175526,-1.2171945339258414,8.14478021143922,6.647926276302062,-0.570701,0.247163,-0.397581,0.0335675,-0.229635,-0.0315508,0.972186
22.962875604629517,11.846881844304852,-5.321119686905902,1.963670233135509,0.42755825367657074,-0.9723538880760234,-2.225135711211321,-0.393733,0.278438,0.0246674,0.555701,0.48629,-0.658527,0.145123,-0.392445,0.218521,-0.217944,0.758325,0.0172604,-0.632456,0.156986,37.70146645501314,6.332171852277498,12.962208525607192,9.326510654186647,-11.838248473956876,-1.3646710807640865,7.989179078322414,6.841618856223831,-0.574268,0.246284,-0.397143,0.0289607,-0.234136,-0.0454146,0.970711
23.017940998077393,14.277708184870548,-5.657277931231946,3.5743880059356083,0.1819309638524036,-0.5680235884126896,-2.7409958972712682,-0.39449,0.278559,0.0246805,0.557257,0.485863,-0.658119,0.142407,-0.394067,0.218035,-0.217894,0.758427,0.0156484,-0.632102,0.158081,38.02154485629694,6.649140157107254,12.909780031329186,9.756104155243346,-12.204687618393413,-1.8315976873324367,8.1359392874924,7.242752767684072,-0.576623,0.245603,-0.396836,0.0249482,-0.24721,-0.0383654,0.967881
23.07222032546997,15.528315310676447,-2.6626905533505876,3.7005747172444545,-0.28280833028395796,-0.36534659387325646,-2.678922823907147,-0.394871,0.278618,0.0246699,0.557622,0.485614,-0.658073,0.142046,-0.395049,0.217402,-0.217813,0.761408,0.0124697,-0.629475,0.154479,38.042889187167745,6.181839032592943,13.36421383956656,9.49295079435275,-11.96577194155341,-1.012076667181713,7.538491429357239,6.58821622126978,-0.577848,0.244409,-0.396813,0.0245188,-0.247345,-0.0364243,0.967932
23.125929832458496,17.00774964951675,0.10027095936554799,5.127037404171315,-0.6479024560699337,-0.1368799083283385,-2.847108461921773,-0.395096,0.278756,0.0248212,0.556325,0.487939,-0.657663,0.14106,-0.395976,0.217536,-0.217836,0.758358,0.0138283,-0.631957,0.159159,38.527347243722524,6.705710867004511,13.175705586585433,10.11489776965866,-10.949889055486235,-1.7710554373114,8.270097938715647,7.59572187689491,-0.579313,0.243801,-0.396047,0.0195587,-0.248101,-0.0334666,0.967958
23.179885387420654,18.792880978546084,3.930973887245047,6.72303405786395,-1.226259302576629,-0.01795701709568994,-3.1006484544559427,-0.395386,0.278836,0.0248888,0.556861,0.487901,-0.657283,0.140845,-0.396569,0.218636,-0.217882,0.761123,0.0176238,-0.628931,0.157564,38.13454125457278,6.283416677576502,12.8958987722616,10.315725230000385,-11.421010592221258,-1.1799961988498318,7.307338725056168,7.014381385543644,-0.580909,0.242939,-0.396168,0.0151487,-0.250715,-0.0419408,0.967033
23.23356866836548,18.559270569757516,12.363529353345688,8.856663769862328,-2.9210073696396166,0.09588980059557774,-3.2916355130559163,-0.395694,0.279021,0.0250067,0.557384,0.488582,-0.656153,0.141684,-0.397454,0.222856,-0.217934,0.759785,0.0304861,-0.627888,0.165992,37.70089857095525,6.510623757886638,11.28633865843251,9.987824358332569,-11.601061785569824,-1.2080383857136106,7.343731043753104,6.875040082973014,-0.582862,0.244956,-0.395923,-0.000372804,-0.262274,-0.0569481,0.963311
23.287487506866455,17.013650472269962,15.578308497512584,9.016261596546277,-3.8049870713160527,-0.39424479999582007,-3.4434034580589414,-0.395848,0.279296,0.02513,0.555284,0.489947,-0.656601,0.14313,-0.397309,0.226375,-0.217765,0.756496,0.0439825,-0.629197,0.172889,37.20327098844989,6.7095037100976835,9.766601378505367,11.140266520693228,-11.333390343301488,-1.2287846242088314,6.950551260622312,6.950991206109463,-0.583153,0.244957,-0.395897,-0.0152852,-0.269053,-0.0663153,0.960718
23.341052770614624,15.655319373071148,11.784638066314203,11.356453909717496,-2.951844079400933,-0.6016570316054386,-3.502983382867251,-0.395314,0.2791,0.0249743,0.55445,0.491012,-0.655982,0.145533,-0.395884,0.226355,-0.217847,0.755671,0.0447026,-0.629993,0.17341,37.06892437434015,6.648952901867676,9.903919890830627,10.655746297150928,-11.298338705493075,-1.102015826181411,6.994641884699725,6.913723305762681,-0.580847,0.244447,-0.396869,-0.0152112,-0.271729,-0.0722015,0.959541
23.395556688308716,16.522582085144553,10.867694460418951,11.193605829844156,-2.47711466061664,-0.5424647288592714,-3.4477305784340793,-0.394966,0.279029,0.024898,0.553454,0.490865,-0.656797,0.146147,-0.394495,0.226127,-0.217906,0.75584,0.044001,-0.629452,0.174812,37.26463907483835,6.466797929776562,9.826276070206701,10.636882162449687,-11.807677530340698,-0.6647344638765915,6.3333658240823185,6.169609068594637,-0.578767,0.243041,-0.39773,-0.018929,-0.270016,-0.0696059,0.96015
23.44891047477722,15.253702023634409,1.7281639217536353,9.721872436891442,-0.5517532615384046,-0.434255380027138,-3.090931748510678,-0.394592,0.278981,0.0248578,0.552568,0.490954,-0.657342,0.146748,-0.393539,0.224154,-0.217921,0.755549,0.0379958,-0.631012,0.171832,37.502636785899014,6.427251793905522,10.605091473245512,10.661219791436178,-11.405555649405697,-0.7677437893943697,6.590228504260675,6.626066782864294,-0.577524,0.242592,-0.397962,-0.0117895,-0.269528,-0.0591926,0.961099
23.502439737319946,14.883786611159184,-0.07485523922110665,7.883053090086474,0.026450922237416997,-0.47466143567831787,-2.8014449529778784,-0.394297,0.278881,0.0247673,0.552802,0.488369,-0.659174,0.146271,-0.392973,0.2215,-0.218002,0.755606,0.0285839,-0.631726,0.170777,38.085927820395405,6.440793989156895,11.174541442623145,10.429631924689208,-11.254150347761712,-0.9009916137095075,6.879362514171192,6.7812555346401995,-0.576934,0.242077,-0.397906,-0.00604905,-0.267144,-0.0512277,0.962275
23.555516004562378,10.702414594135783,-2.9064689657036253,7.180052773902924,0.7774113103691277,-0.995699753360266,-1.9371983510954625,-0.3947,0.27875,0.0246916,0.555207,0.488015,-0.657715,0.144906,-0.393585,0.217984,-0.217978,0.757404,0.01782,-0.630801,0.167668,38.66159443319519,6.517263144325995,12.344976981565113,10.032638651070176,-11.93986562037173,-1.3086279058265191,7.374765570615576,7.1013297081023605,-0.576896,0.238039,-0.398132,0.00560691,-0.258941,-0.0394219,0.965072
23.60887861251831,11.401494742231598,-3.067382488005067,7.072018617953865,0.9778948921177693,-1.2117579622892594,-1.8424908160739608,-0.394702,0.278531,0.0245404,0.556419,0.487449,-0.657073,0.145073,-0.393801,0.213611,-0.218001,0.755636,0.00698298,-0.632143,0.17135,39.67856954471042,6.955965831192407,13.090794498895637,10.084614305586436,-11.668787164886103,-2.2871530566240246,8.548126279735001,8.02450678879201,-0.576417,0.231888,-0.39856,0.0099917,-0.252977,-0.0225623,0.967157
23.663506507873535,10.738225610519985,-3.388499972573407,5.939783352619145,1.013491156966474,-1.252604500458482,-1.7199647096995536,-0.394858,0.278536,0.0245729,0.557337,0.486361,-0.657456,0.143461,-0.393869,0.208903,-0.217543,0.754697,-0.00503432,-0.630409,0.181635,41.529991597968866,7.277210336543617,13.27604447316084,10.750805288038528,-12.258758642672937,-2.5497576430618025,8.475007113487454,7.8165507267370185,-0.576217,0.220922,-0.399087,0.00365762,-0.251275,-0.00601732,0.96789
23.71711301803589,9.387322009072841,-3.5901658151745557,4.9039591587300775,0.9371850714276048,-1.3787534832739665,-1.5007837781643716,-0.394814,0.278468,0.0244853,0.556494,0.487115,-0.65741,0.14438,-0.393064,0.204119,-0.217086,0.751763,-0.0148082,-0.629586,0.195588,43.46668037431832,7.605095720127418,13.315499871705153,11.630266249309141,-12.268520864834134,-2.8206654120437804,7.9236445571156064,7.320254137492405,-0.574819,0.207003,-0.400185,-0.00363933,-0.250443,0.0107312,0.968065
23.769920587539673,9.612642088952265,-3.299094976891752,5.383331542469865,1.0293412468512773,-1.6190865826289926,-1.4562006806492769,-0.394489,0.278261,0.0243789,0.555569,0.488352,-0.657062,0.145347,-0.391087,0.197339,-0.216305,0.745841,-0.0325609,-0.628592,0.218019,46.764020392999555,8.306849586477032,13.605444177673094,11.345672432622557,-12.746967768290983,-3.4810990824970425,7.759440380169255,7.641342051730506,-0.571051,0.190006,-0.400474,-0.00873558,-0.253318,0.0313228,0.966836
23.822424173355103,10.775952183691498,-3.2639239016129276,5.881055925214293,1.1775865543329045,-1.6375757391739074,-1.5492801833736747,-0.394086,0.278049,0.0242218,0.554246,0.487479,-0.658341,0.147521,-0.388587,0.190367,-0.214884,0.743634,-0.0520727,-0.623824,0.234818,49.670371650823874,8.08697226516688,14.041736696360452,11.148183175217156,-13.273121370519952,-2.526938415115776,6.286415708681386,7.203106489001596,-0.566713,0.172827,-0.399942,-0.0219127,-0.261074,0.0551432,0.963493
23.87598466873169,8.756146749704039,-3.3982478009141466,4.357557969944808,1.0518634856685405,-1.5951105020228733,-1.2026222950458247,-0.393758,0.278076,0.0241872,0.553449,0.48688,-0.65924,0.148475,-0.385899,0.182913,-0.212863,0.735692,-0.0690973,-0.622322,0.258261,52.92963563456903,8.912913885741435,13.985831819682673,12.40285352707872,-14.32989655535078,-3.6737630277874906,5.486370642031057,8.054657272643079,-0.561948,0.150875,-0.397884,-0.0418845,-0.268627,0.0736815,0.959508
23.928550243377686,8.810731717681007,-2.033867201700794,4.155945715104528,1.0417834780522872,-1.5443900124243537,-1.0076389746020944,-0.393356,0.277794,0.0239793,0.551359,0.488143,-0.659691,0.150092,-0.383596,0.17547,-0.210724,0.725072,-0.0870537,-0.62285,0.280626,56.293807781067144,9.86931264952009,14.396696075353752,12.913347604278815,-13.95711739481354,-4.972354266364665,6.841654812129839,9.148788711956701,-0.558393,0.131074,-0.39484,-0.059276,-0.274661,0.101407,0.95434
23.98136019706726,8.221946724639057,-2.516887418511469,3.4144872479825965,0.96793068023566,-1.4882648934157068,-0.8665318300174314,-0.393279,0.277732,0.0239227,0.551319,0.487381,-0.660149,0.150697,-0.382125,0.16779,-0.207838,0.721058,-0.110938,-0.611645,0.306037,60.46364803130259,9.686167969600316,14.5738572859612,12.260483701332854,-14.754342875998768,-4.05791059554311,5.692063437502234,8.27769250863153,-0.554681,0.109524,-0.38985,-0.0680331,-0.275099,0.126304,0.950652
24.033772706985474,7.438862268045524,-2.1540591269590705,3.6504912931156177,0.9626814732083983,-1.5208220035886184,-0.5674461065235773,-0.393223,0.277578,0.0237662,0.552812,0.485896,-0.659932,0.150976,-0.380843,0.157433,-0.203639,0.714257,-0.139847,-0.597085,0.337296,65.52484901062297,9.727074772882421,14.801311779245594,12.142737754886973,-16.019553199051416,-4.0793416106817055,5.569268677385262,8.201554660452969,-0.550783,0.08129,-0.381544,-0.0798467,-0.265308,0.178896,0.944051
24.08600902557373,6.9092190680048375,-1.585264229508071,4.258912303189814,1.0794784155555022,-1.5259222968802517,-0.3779714592907965,-0.393123,0.277404,0.0236711,0.553029,0.484825,-0.660338,0.151849,-0.380233,0.150891,-0.20101,0.709148,-0.159059,-0.589,0.353395,68.49838347310558,9.6230858322828,15.234397993895563,11.578108735707023,-16.063549101186144,-4.28706591311288,6.33326612955941,8.604746794113778,-0.549837,0.0641687,-0.374558,-0.0970648,-0.265477,0.200303,0.938072
24.138891220092773,7.409970942847599,-1.3891604944740676,3.698136648049505,0.9869804856977327,-1.5065105306359916,-0.29709038077431976,-0.393052,0.277236,0.0235132,0.553023,0.484256,-0.660881,0.151324,-0.379645,0.142282,-0.196953,0.698788,-0.187782,-0.575328,0.381354,73.5778787628605,9.737900278514745,15.734959416793405,9.87968376122745,-16.139101076856445,-4.738128051941519,7.968491999982869,9.344356588882318,-0.547897,0.0415985,-0.364052,-0.10231,-0.256908,0.248191,0.928403
24.19100785255432,7.316282508422816,-1.9538466400988974,2.8324675260134295,0.8513211678296546,-1.3452138502489397,-0.29699690351527985,-0.392985,0.277151,0.0235687,0.554611,0.482848,-0.66074,0.150623,-0.37933,0.136389,-0.19346,0.691983,-0.202769,-0.564865,0.401213,76.64511322802133,10.061782083792076,15.629370252676534,10.139446322001062,-16.982157822685842,-5.749872353026202,9.162549817030555,10.238581252222938,-0.547213,0.0256309,-0.354406,-0.110209,-0.256259,0.273901,0.920415
24.242987871170044,6.017731593608048,-2.3157657622800145,2.3283949636054473,0.7536488816614954,-1.121892782079159,-0.17643841565590845,-0.39304,0.277133,0.0235459,0.554674,0.482765,-0.660685,0.150896,-0.379091,0.131109,-0.19046,0.681412,-0.214232,-0.560137,0.419558,79.31273067838275,10.87341959107593,15.694038295600706,10.32777770711945,-16.771804198519877,-7.975348335626418,11.395930958375809,12.619507047887366,-0.546678,0.0103184,-0.344671,-0.122041,-0.252243,0.296659,0.912947
24.295201301574707,4.695195485164602,-1.7887579651937937,3.5046388098270165,0.9326287038357898,-1.1746144608604163,0.03720054895238801,-0.393091,0.277088,0.0235101,0.555343,0.482544,-0.660218,0.151189,-0.378681,0.128135,-0.188429,0.677264,-0.223765,-0.552567,0.431175,81.21542770596633,10.840449045339463,15.713008783744545,9.721067685697271,-17.206134515483914,-8.009348396732523,11.203371430424653,12.770373278524922,-0.545542,0.00145678,-0.339083,-0.129962,-0.249792,0.310883,0.907781
24.349016904830933,4.29368516180362,-1.6093569714776437,3.70618370077803,0.9604912195819731,-1.210324594190175,0.12036863863458319,-0.392981,0.277024,0.0234316,0.554771,0.483143,-0.660074,0.152005,-0.37758,0.125528,-0.186094,0.673057,-0.23154,-0.547589,0.439919,82.75292330770378,10.764518666148152,15.80946930101993,10.0362713225108,-17.312952313842732,-7.885097440211037,10.681523986996707,12.465383258842182,-0.543267,-0.00733119,-0.332613,-0.137582,-0.251796,0.322611,0.901993
24.40105128288269,3.1426019198567388,-2.3453792011493353,4.308472793699177,1.0456818437993904,-1.3387258868343683,0.2363017187164847,-0.392871,0.277069,0.0234588,0.553993,0.483127,-0.660647,0.152401,-0.376251,0.124721,-0.184825,0.667951,-0.235652,-0.546225,0.447156,83.81216500927057,11.135723244581758,15.777241966447365,9.729268033143041,-17.719360414514554,-8.205659635554422,11.036597741424776,12.606998982108113,-0.539337,-0.012587,-0.328959,-0.13458,-0.255909,0.312154,0.904963
24.45342993736267,0.3539829620628166,-5.592507038094267,4.671430266358869,1.5955028717830353,-1.4694342052942164,1.1265080299602632,-0.392624,0.277174,0.0235243,0.553117,0.484641,-0.659645,0.155092,-0.374256,0.124891,-0.183831,0.665143,-0.235349,-0.55038,0.446404,83.5638755933849,11.239128655532292,16.14049249536173,10.009918003777745,-17.66753935025162,-8.019510159481346,10.876892573176558,12.349741262984269,-0.540233,-0.0121338,-0.327896,-0.144328,-0.293506,0.312592,0.891802
24.507352590560913,-6.961587191775257,-10.052072186126255,7.869064200565249,2.668516632309617,-2.006782972739746,2.8302327486271013,-0.392075,0.277052,0.0234401,0.550329,0.485399,-0.661321,0.1555,-0.372027,0.125235,-0.183391,0.661446,-0.235353,-0.555754,0.445236,83.57803327647457,11.595233497784056,16.33973978257549,10.59695065392063,-17.68374993779114,-8.444035322227936,11.352453067342713,12.670860546567257,-0.533437,-0.0101803,-0.331754,-0.138054,-0.256975,0.327333,0.898754
24.56014323234558,-11.891600405483652,-10.649191243317386,13.403358895178219,5.0339392770928715,-2.4143439789528154,5.126925166978868,-0.391149,0.276776,0.0231986,0.55058,0.484711,-0.66051,0.160134,-0.368027,0.124481,-0.182091,0.656886,-0.242444,-0.563692,0.438147,83.079467761861,11.592936865733698,17.77992088719612,8.740524324211572,-18.473232773996195,-8.067752934596289,11.529204743933487,12.22287760883628,-0.528532,-0.00664181,-0.33521,-0.133767,-0.255918,0.335578,0.896661
24.612818956375122,-9.979372001706741,-3.881337957412486,11.20940248774664,5.880622353513168,-2.7529145737290563,6.139259994987788,-0.389135,0.276426,0.0228922,0.546796,0.481047,-0.665556,0.163228,-0.363051,0.122512,-0.180703,0.654787,-0.251435,-0.569461,0.42866,82.76818291039594,11.222776160183063,18.502867614865607,9.219443263342423,-19.024655798589755,-8.02018937699371,11.056022395273548,11.696983721150339,-0.521049,-0.00677173,-0.337572,-0.0975808,-0.241423,0.348791,0.900299
24.664666175842285,-11.027078382548273,-3.3482661681762638,8.943432949224963,5.724301640061742,-2.9239207462076306,6.603374459420822,-0.388356,0.276218,0.0226639,0.545814,0.479779,-0.666638,0.165809,-0.361869,0.121785,-0.181041,0.654528,-0.250042,-0.571848,0.426687,82.20146460068024,11.216048615890138,18.334750687612686,9.767564215392548,-18.538034721556276,-8.374979895302875,11.357345586379054,12.220148011455539,-0.520707,-0.00634364,-0.337617,-0.0914561,-0.241284,0.346605,0.901822
24.716673612594604,-12.244626089174918,-8.01684378511646,13.311965238064461,5.8411763189086185,-3.2258827212022076,5.806256611398943,-0.388922,0.276064,0.0225986,0.546189,0.479916,-0.666354,0.16532,-0.36308,0.122129,-0.181182,0.66048,-0.251832,-0.565494,0.424927,82.26962167468243,10.257674764621628,18.146557048868402,9.763042498392627,-18.4731784617231,-6.129535284549018,8.782371482634648,9.994273972512996,-0.521784,-0.00648733,-0.337712,-0.0877315,-0.242151,0.346241,0.902099
24.768432140350342,-7.207918010279238,-10.285871381848562,11.514560394785425,4.988873827249369,-2.8868277979437544,4.231840999709736,-0.389048,0.276141,0.0226817,0.545995,0.480858,-0.665767,0.165589,-0.36408,0.122181,-0.181831,0.65655,-0.249207,-0.568488,0.428555,82.37384078711369,10.903503713499854,18.08571953647145,9.152304588543437,-17.33314967385199,-7.483907608608515,11.092126631682257,12.149051395286564,-0.524059,-0.00581197,-0.33742,-0.0975153,-0.246409,0.339175,0.902626
24.82031559944153,-1.4923040965841985,-8.398401370106132,9.274562092060552,3.689034283112844,-2.198946883382867,2.368284743535059,-0.389297,0.276274,0.0228619,0.547641,0.480971,-0.665271,0.161773,-0.365887,0.123074,-0.183181,0.659887,-0.243452,-0.565431,0.430777,82.30852127132425,11.137571742088808,17.442333563423272,9.78242681723586,-18.094404139793106,-8.424713810300208,11.406672786864355,12.573535757265411,-0.526566,-0.00539488,-0.338052,-0.100921,-0.243184,0.341715,0.902168
24.873066663742065,1.7895260567507891,-7.139087167279695,5.642570412698573,1.8623465427947237,-1.099898829724117,0.5934010605571441,-0.390407,0.276472,0.0229183,0.549247,0.480437,-0.664637,0.160514,-0.370151,0.125002,-0.185933,0.667708,-0.232985,-0.557882,0.434341,81.7021451387035,10.816862138509642,15.869766810331068,10.401515686371386,-17.197688306370704,-7.7270140727453445,10.577137828067112,12.325190769734748,-0.534401,-0.00411525,-0.33734,-0.132188,-0.251104,0.328443,0.900888
24.925371646881104,4.466882865844203,-7.178651633893183,0.61879510908717,0.36563073997154816,-0.7574499906166505,-0.48624154239243406,-0.39109,0.276653,0.0231799,0.552635,0.481118,-0.662254,0.156653,-0.37336,0.125717,-0.186873,0.67054,-0.2279,-0.554381,0.43715,81.70529607955278,11.10338958481607,15.52155310813697,10.387686578269612,-17.530393687209298,-8.527290359939652,11.355350584961581,13.020706717980163,-0.53557,-0.00839496,-0.336992,-0.107042,-0.225099,0.322814,0.913052
24.978240251541138,7.648284610338207,-5.648476520423766,-0.925705984794957,-0.31183821360329517,-0.8493605618765735,-0.9244734544016516,-0.391579,0.276812,0.0234083,0.552306,0.481568,-0.663034,0.153088,-0.375926,0.125919,-0.186862,0.672906,-0.228244,-0.552263,0.436014,82.0185679215593,10.948185488240998,15.47414165148718,10.928208002580925,-16.611428142481873,-8.37215570642665,11.38573717104636,13.256235657682879,-0.539266,-0.00700658,-0.336085,-0.105527,-0.227945,0.319237,0.91378
25.030402183532715,7.861583887920308,-3.900331579437158,-1.4925986578906874,-0.7745181595893915,-0.9320698109777285,-0.9369163022760858,-0.392327,0.276874,0.0234245,0.554801,0.481653,-0.661028,0.152474,-0.378644,0.126512,-0.187947,0.675755,-0.225966,-0.550401,0.435147,81.6650237516922,10.829484985366292,15.453498689049443,9.929912205985756,-16.09226448213895,-8.127613312255892,11.726260227843586,13.286885243989184,-0.544969,-0.00281295,-0.336639,-0.123423,-0.238527,0.315458,0.910142
25.082496404647827,6.513288293530687,-0.7891529420512999,-4.4332466443801515,-1.7079861777943537,-0.8845089791185881,-0.6904634064243337,-0.392747,0.276948,0.0234541,0.5556,0.480915,-0.661549,0.149608,-0.380912,0.127894,-0.189637,0.681,-0.217006,-0.549462,0.432712,80.81438180722236,10.906257023054776,14.619597667327822,11.554848518470603,-16.285269323824778,-8.773517635419356,11.800827559247558,13.861072459783857,-0.550072,0.000530818,-0.337315,-0.131172,-0.247111,0.30844,0.909173
25.135619401931763,4.578757597180181,1.241504348366084,-7.831434487873398,-2.6931504261636725,-1.3104660078317403,-0.24767436194204934,-0.393233,0.276991,0.0235425,0.556766,0.48142,-0.660136,0.149891,-0.382713,0.129895,-0.19138,0.686556,-0.212414,-0.547388,0.42882,80.00722040536331,10.35597016268476,14.366051551997117,10.614080955724432,-15.823894862987459,-7.4544676917948856,10.726790379407,12.501527009377398,-0.554196,0.00431614,-0.337965,-0.140108,-0.26086,0.284608,0.911768
25.189451217651367,1.49733936707049,5.583419517717208,-12.075181530809195,-3.9133921941941425,-1.852790606957168,0.731170696540023,-0.393446,0.277075,0.0236606,0.556881,0.482408,-0.659526,0.148969,-0.383618,0.131478,-0.192398,0.686383,-0.206348,-0.548752,0.430315,79.70149747866984,10.744142737128225,13.962943306034997,10.676005623922281,-15.580501415761457,-7.875929901545096,11.48103817914781,12.944853751651324,-0.554863,0.00669343,-0.33978,-0.143858,-0.253012,0.28606,0.91294
25.241986513137817,-2.2157861567968795,12.291881062402789,-14.168513726968364,-5.108237520829389,-2.7592079355506507,1.6780632764368932,-0.393822,0.277159,0.0236993,0.557051,0.483743,-0.658361,0.149159,-0.38559,0.133885,-0.194606,0.691694,-0.196669,-0.546136,0.42967,78.84714640225073,10.374162332471395,13.066141709134447,10.905103388924926,-14.833036580632651,-7.068156905515114,10.566518140677069,12.268861934188935,-0.56008,0.00916792,-0.339383,-0.143724,-0.276784,0.259692,0.913944
25.294402837753296,-5.073403365984752,18.559725464825913,-11.309305412809742,-5.021372110071217,-3.750935434796317,2.4753578432492835,-0.394522,0.277073,0.0236216,0.558029,0.483351,-0.657988,0.148416,-0.387557,0.13542,-0.1962,0.696043,-0.18819,-0.544211,0.428886,78.0390815441783,10.294998694770824,12.22111375217522,11.739237592344963,-14.981441766844236,-6.997006581509229,10.177126217864885,12.062550872737079,-0.561121,0.0126185,-0.342623,-0.16153,-0.256531,0.247465,0.920251
25.34873867034912,-10.77731748096654,17.879855370463904,-11.724266637425401,-5.29325478693203,-4.347795381600171,3.733314365144991,-0.394842,0.276985,0.0234546,0.557565,0.484694,-0.657372,0.148508,-0.389153,0.136401,-0.197942,0.697004,-0.180773,-0.543258,0.431715,77.72430011294531,10.392088075326987,11.461404434658357,12.13085768069816,-14.152320670752655,-7.410128350486932,10.796841221279186,12.800530033225288,-0.563441,0.013471,-0.343339,-0.168247,-0.251826,0.242633,0.921632
25.401587963104248,-6.594846804996117,17.039356802980045,-11.263383729406982,-5.016210432122452,-3.9958186874046318,3.0080251739174138,-0.394565,0.276912,0.0234775,0.557328,0.483701,-0.65822,0.148876,-0.388918,0.135585,-0.197282,0.697843,-0.185334,-0.542303,0.429621,77.89596755772976,10.051551624239655,11.758988761398971,11.86442190338164,-13.807944961761972,-6.754994520314124,10.092210611959159,12.25164183837632,-0.563458,0.0131843,-0.342563,-0.161408,-0.255703,0.2499,0.919844
25.454895973205566,-3.11067191286743,11.82339118426323,-10.355524688647328,-4.251108985326657,-3.255973600349111,2.0905694114008604,-0.394458,0.276954,0.0235618,0.558703,0.482822,-0.657975,0.147656,-0.388401,0.134014,-0.195857,0.695972,-0.191148,-0.542031,0.430451,78.47302592150197,10.25512653111621,12.30885162271303,11.702008867536344,-14.685377467788687,-7.316207189101998,10.575863566105685,12.568958461191185,-0.564287,0.010831,-0.339535,-0.145379,-0.276896,0.25239,0.915693
25.50734853744507,4.106830442884984,4.7926389907850755,-4.358830381937307,-2.0974690338447637,-2.4964523219600943,0.6351793421026269,-0.394064,0.276899,0.0236331,0.558832,0.48214,-0.65862,0.146518,-0.38736,0.132259,-0.194382,0.693826,-0.20003,-0.544211,0.427115,79.00314628936908,10.270397526531326,13.361798511325258,11.088252648080925,-15.066484593118936,-7.701809198238546,11.077259483908978,12.901704943890273,-0.563432,0.0107395,-0.339263,-0.136815,-0.2772,0.261015,0.914501
25.559020042419434,3.2666905562521604,1.7222058480874245,-1.0146997272131426,-0.5996610272281528,-1.575585640810729,0.47115707312503324,-0.393833,0.276804,0.0233911,0.556911,0.482108,-0.660219,0.146741,-0.386625,0.131567,-0.194466,0.694842,-0.20255,-0.547368,0.420187,78.67138882988348,9.907125539995654,13.854710842620882,11.667586579532255,-14.686776445916642,-7.774767666922042,10.984306879077364,13.147324832086078,-0.560756,0.0121378,-0.342188,-0.134245,-0.249274,0.278676,0.917704
25.611578226089478,4.814065970725395,-0.7590698244759227,-1.9041549728941936,-0.2896031399481172,-1.0677132725341192,0.06762169706960423,-0.393648,0.276866,0.0234332,0.556762,0.481813,-0.660453,0.147221,-0.386261,0.131842,-0.194873,0.693204,-0.200704,-0.547268,0.423891,78.7840764750236,10.213457333683321,13.474906313868104,11.499490469990322,-14.815967215679258,-8.282485661356592,11.63618636339568,13.618861939004645,-0.560521,0.0127392,-0.342778,-0.126458,-0.238368,0.29008,0.918174
25.66411280632019,5.218171892297337,-2.487137237894195,0.7911991315200361,0.32571812133111006,-1.1843072533125127,-0.13574875888361146,-0.393469,0.276981,0.0236208,0.557477,0.482195,-0.659357,0.148175,-0.385645,0.132223,-0.194503,0.695241,-0.204096,-0.546814,0.419499,78.59648695346304,9.678411300949259,14.063351237063632,10.343242286954402,-15.003385975620336,-7.031031503130539,10.309480981749644,12.230874766292887,-0.558643,0.0137358,-0.344129,-0.119967,-0.232576,0.289115,0.920831
25.716684818267822,3.541802603630113,-3.775474693079435,1.7273107011292759,0.7019667493481975,-1.3212836953402516,0.1794506054472675,-0.393526,0.276877,0.0234991,0.557556,0.481998,-0.659039,0.149925,-0.384024,0.132708,-0.194306,0.691825,-0.201116,-0.554239,0.416833,77.83094995456591,10.315635052686194,14.364115398277374,10.64658423939601,-15.597065748561516,-7.915028548374284,11.301479801458296,12.82187923628537,-0.555502,0.0137893,-0.34565,-0.117503,-0.234776,0.284567,0.922006
25.76877498626709,0.7539010035737649,-7.5116393534401755,0.3809711202432476,0.7630344264632123,-1.5748429105702275,0.6675777945532774,-0.393196,0.276957,0.0235247,0.556143,0.482024,-0.659995,0.150877,-0.382399,0.132818,-0.193932,0.68843,-0.202066,-0.555773,0.419941,78.17032879330411,10.61448886415355,14.281589536937243,10.528871948481726,-15.777060354516456,-8.119477673318936,11.624725445200596,12.981859435269094,-0.55252,0.0138012,-0.346474,-0.115252,-0.235849,0.284234,0.922119
25.821295261383057,-3.312256650107229,-11.566729682582096,1.9370986496290503,1.6945311249958568,-2.313307972800245,1.8169987916530823,-0.392349,0.276977,0.0235655,0.553332,0.483679,-0.660436,0.153957,-0.377715,0.132983,-0.192012,0.682522,-0.206674,-0.562177,0.418815,78.38953881039225,10.790104266339428,15.091951766114136,10.273195758382512,-16.288796493889645,-7.4481688313531045,10.951888436130167,12.09962997761834,-0.54437,0.014255,-0.348454,-0.109575,-0.237176,0.289615,0.920795
25.87288498878479,-5.629814216159116,-7.504640628389183,3.478848132825462,3.272845717983057,-3.0022936200225647,3.9646476230790717,-0.390913,0.27684,0.0235035,0.549233,0.483446,-0.663188,0.157497,-0.371836,0.13206,-0.189204,0.680097,-0.218583,-0.567912,0.408858,78.44997556424836,10.051467364537096,16.51759207553407,10.164652467215575,-16.886136445605054,-5.378645115749432,8.70490147903149,10.037509857963965,-0.536341,0.0161735,-0.349723,-0.0940433,-0.239485,0.297954,0.919253
25.92496371269226,-8.951653881435064,-8.510961240184226,5.274445361511526,4.1547897491078425,-3.2767151863016815,4.979516721662756,-0.389855,0.276478,0.023083,0.549091,0.482185,-0.663458,0.160688,-0.368571,0.130337,-0.188634,0.679972,-0.223522,-0.572177,0.400362,77.77272792728049,9.664140690048875,17.449553525557363,9.991759760650481,-17.85507679276626,-5.3522513648515435,8.607104560297616,9.958558158221596,-0.531588,0.0155778,-0.351071,-0.0785605,-0.240637,0.30909,0.916725
25.97627353668213,-9.39895800975041,-6.714844242721045,8.86406974204539,5.104985751013274,-3.542675203007228,5.4142792065755945,-0.389288,0.276261,0.0228828,0.547505,0.480499,-0.665623,0.162189,-0.366538,0.129135,-0.187782,0.674961,-0.227881,-0.576722,0.399861,77.96844601875227,10.07238536873977,17.81568524640008,9.833279217684998,-17.88040509718416,-6.147071845599545,9.540510026246626,10.673087805555134,-0.528725,0.0147564,-0.351107,-0.0756759,-0.24216,0.308153,0.916882
26.02869153022766,-6.950484136736311,-5.536899100161209,6.115734497876023,4.651789928544996,-3.309554416204836,5.176979956752933,-0.389095,0.276181,0.0228364,0.546805,0.481341,-0.665463,0.162709,-0.366297,0.128361,-0.18728,0.672975,-0.230068,-0.576077,0.402875,78.47841257004154,10.086592696524038,17.888187185013088,9.734347473561765,-17.341562849134476,-6.146869763249288,9.728310898168209,10.748305819450245,-0.528098,0.0138614,-0.350942,-0.072403,-0.237966,0.314074,0.916235
26.08072590827942,-5.691394955193285,-9.375827765909543,8.254675328569865,4.703915531505616,-3.2795873318106255,4.261158573496696,-0.389237,0.276166,0.0228683,0.547938,0.480169,-0.665616,0.161729,-0.367439,0.127833,-0.187393,0.676953,-0.232043,-0.571647,0.401386,78.51936330602162,9.571402471615128,17.802690362207223,9.734363834341105,-17.548679890663827,-5.490365077569162,8.844618144799178,10.23225996425816,-0.530057,0.0131345,-0.350085,-0.0716392,-0.237092,0.318602,0.914958
26.132272243499756,-0.018657303952025597,-8.838617447918699,5.412466229354279,3.395017219214449,-2.4024195088749596,2.516119405759601,-0.389622,0.276284,0.0229963,0.549994,0.480151,-0.664558,0.159136,-0.369896,0.12824,-0.188602,0.679652,-0.228027,-0.568507,0.40358,78.48012035188076,9.706434599256719,17.341550318647304,9.769076050200768,-17.567093639164746,-6.256255998853231,9.47054130698788,10.990921596009999,-0.534541,0.0130726,-0.349202,-0.0802379,-0.235114,0.314937,0.916023
26.184990882873535,4.760325896294808,-8.778643850387759,4.100310743043044,2.11905675438785,-1.4358794393156271,0.3357550425431947,-0.390562,0.276475,0.0230567,0.550049,0.480788,-0.664378,0.15777,-0.373276,0.129732,-0.190384,0.684621,-0.222697,-0.563155,0.405656,78.37938373244035,9.308188107785643,16.463527553619667,9.834623547873631,-16.366098579438578,-5.463440863152027,8.787126636257229,10.421185099032956,-0.540009,0.0144195,-0.349254,-0.0961782,-0.240282,0.304137,0.916796
26.237563610076904,4.890065817063806,-6.977587988535038,1.1777999388417761,0.8490437119745131,-0.9680333477697856,-0.3653505254504461,-0.391384,0.276723,0.0232524,0.551729,0.481727,-0.662991,0.154846,-0.377128,0.131636,-0.192997,0.684145,-0.208337,-0.561931,0.415661,78.18056387587527,10.42477955093206,14.92595105504375,10.602702768369221,-15.682779538862084,-7.910762334031876,11.368763772056521,12.81441657057462,-0.545535,0.0139039,-0.348599,-0.100908,-0.230367,0.295942,0.921502
26.29080319404602,7.723154148892693,-6.114602126676511,-1.0299674910814842,0.05165433435403559,-0.8146663884203239,-1.0381927634866062,-0.392128,0.276773,0.0234075,0.554532,0.482699,-0.660457,0.152618,-0.380188,0.132541,-0.193979,0.688436,-0.202115,-0.559641,0.414737,77.6465762372344,10.391301952773468,14.65117515725412,10.93915825960546,-15.578962864229903,-8.102082688372203,11.497445338962097,13.003690206421696,-0.551272,0.0156159,-0.347533,-0.113079,-0.233257,0.291446,0.920795
26.342531204223633,9.579183667375373,-3.2143632534564075,-5.354601572908482,-1.354317077767903,-0.7275483145031153,-1.40150102463789,-0.392636,0.276994,0.0236213,0.554975,0.481491,-0.662025,0.147961,-0.383172,0.133194,-0.194763,0.693308,-0.202313,-0.555126,0.412588,77.86206211153814,10.07495159591172,14.349219514564703,11.137363619136883,-15.383602803108865,-7.9266789899979635,11.150619997309004,12.941604744307678,-0.556392,0.0169989,-0.346688,-0.114962,-0.234865,0.285967,0.921871
26.394131898880005,8.694869148249545,0.41645788468474104,-7.056991989495393,-2.1740343396872412,-0.8605235997120696,-1.2065289681395661,-0.393469,0.277069,0.023659,0.55747,0.481994,-0.659576,0.147876,-0.386013,0.134448,-0.195821,0.69499,-0.197142,-0.552669,0.41555,77.5725970764262,10.19731605427063,13.920134745996052,10.305470123052357,-14.718962254349373,-7.664771898169288,11.397483648010128,12.859717079304424,-0.560629,0.0184827,-0.346596,-0.125338,-0.23885,0.274771,0.922899
26.447079181671143,9.214929454036708,4.665976093716045,-8.823453333848217,-3.0666266979464676,-1.3881205225469009,-1.4720150001355563,-0.394151,0.277231,0.0237927,0.557486,0.483592,-0.658759,0.146235,-0.388533,0.136587,-0.197183,0.699043,-0.187524,-0.549342,0.417608,77.16744045351713,10.083398045116903,12.908705085925058,11.437810951881115,-14.095801121156374,-7.245770340873367,10.745530522954398,12.593188104494942,-0.565018,0.0206297,-0.345979,-0.143691,-0.247576,0.252328,0.924332
26.499706268310547,4.3189510568628915,7.033213229671265,-8.856009661630905,-3.4563175350720114,-1.7124134816768635,-0.6993011418099195,-0.394692,0.277346,0.0237923,0.559314,0.482965,-0.657573,0.146664,-0.390147,0.139276,-0.199522,0.700898,-0.176256,-0.546509,0.42309,76.50658283774814,10.442545060620406,11.558304633827618,11.049402524642892,-14.606970639832491,-7.486011891941548,11.060526031678924,12.611660089297574,-0.569078,0.020925,-0.344674,-0.1468,-0.266282,0.235536,0.923074
26.552016019821167,1.9910227549302653,10.329079606939652,-9.643780619827124,-3.846098766451493,-2.352336306894887,-0.18743461202856276,-0.39453,0.27726,0.0237593,0.55812,0.483642,-0.657601,0.148839,-0.389927,0.140469,-0.20045,0.702217,-0.167819,-0.546265,0.424644,75.80791907344621,10.359666316279924,10.63500546344875,12.302908698390977,-14.114751235756811,-7.214936120809757,10.532456978712862,12.417899016593244,-0.569127,0.021176,-0.345182,-0.155867,-0.266901,0.227798,0.923351
26.604294300079346,0.32637101917436157,12.819428692209685,-12.691904815389,-4.459376322968278,-2.742485618240081,0.5500353894146026,-0.39449,0.277424,0.0239182,0.557132,0.484652,-0.657849,0.148157,-0.389835,0.141842,-0.201173,0.701906,-0.162331,-0.54516,0.428691,75.8555159119377,10.566895348571164,9.900058447781008,12.894202817633575,-14.377643192451774,-7.459377067315568,10.675537416534333,12.569152942953908,-0.56646,0.0221627,-0.347181,-0.16919,-0.238666,0.232207,0.927628
26.65665102005005,0.20572282170670741,13.766363006449929,-12.338642730919636,-4.548415528328262,-3.1049433838775635,0.657256491097357,-0.394673,0.277409,0.0239244,0.557186,0.48505,-0.657535,0.148047,-0.390068,0.142226,-0.201169,0.70251,-0.15911,-0.545681,0.428248,75.55081715682994,10.616944187749075,9.703368397995764,13.721256262636029,-14.45898944033689,-7.516727035002727,10.644262364185305,12.588223450034523,-0.56649,0.0220246,-0.347068,-0.168983,-0.239512,0.231236,0.92769
26.709270477294922,-2.2717843375498843,13.718036723952343,-9.848270730742886,-4.000354360596957,-3.2319294561481158,1.0962100582328353,-0.394816,0.277376,0.023884,0.557307,0.485405,-0.657143,0.148168,-0.390256,0.142339,-0.201303,0.701171,-0.160614,-0.545587,0.429997,75.83272929690773,10.723980510308772,9.828677270493408,12.775784412796227,-14.260107866678801,-7.402420572608808,10.761757104439884,12.559354223789034,-0.566822,0.0220033,-0.346857,-0.169517,-0.241441,0.230153,0.927362
26.76190161705017,-2.609036769057137,9.1571542741073,-11.648389194888967,-4.069334773819138,-3.133160221770082,1.1658876640652522,-0.394836,0.277324,0.0237612,0.557928,0.485289,-0.656517,0.14898,-0.390326,0.142099,-0.201463,0.701784,-0.158598,-0.545691,0.429613,75.50476566862649,10.710134375659056,9.715622663052047,13.227028796672828,-14.375350222629043,-7.6274972996973,10.890123326344847,12.726007754119523,-0.566619,0.0208778,-0.346502,-0.169097,-0.236595,0.229812,0.928771
26.81462836265564,1.8957234098031712,6.387458048991664,-6.8350696012254195,-2.36739931049002,-2.4747891600284175,0.40397451898957937,-0.394215,0.277306,0.0238948,0.556251,0.484743,-0.65831,0.14912,-0.388726,0.140515,-0.199953,0.699668,-0.168895,-0.546835,0.42768,76.29243807459193,10.486562982369696,10.584741703600653,12.428353048922904,-13.888741243825464,-7.0948601831925835,10.52110848800826,12.42852721297996,-0.566773,0.0205127,-0.34447,-0.152329,-0.266692,0.229196,0.923656
26.867119550704956,5.244528617619794,0.7942039552057704,-3.7489348301754313,-1.157552833454679,-1.7064984688860005,-0.30667632481730994,-0.393932,0.277238,0.0237793,0.556505,0.485517,-0.657593,0.148819,-0.387505,0.138594,-0.198726,0.700608,-0.180996,-0.545919,0.422328,76.96966744606233,9.758013127850216,12.014101586905598,10.913770804549063,-14.280446521435291,-6.17119902425156,9.477378757624248,11.395246859068546,-0.565085,0.0204603,-0.345027,-0.14134,-0.269309,0.236512,0.922799
26.919204711914062,6.493948071562661,-0.2000863665796051,-1.372907979589506,-0.2776079837915263,-1.1879544938103896,-0.3847921569957684,-0.393686,0.277192,0.0237085,0.556422,0.484188,-0.658526,0.149331,-0.385755,0.136889,-0.197271,0.6979,-0.189506,-0.553035,0.413733,76.77076600689111,9.865136559469823,13.451996724611082,10.449217140907823,-14.63659348947689,-6.803258889678414,10.309424207011137,11.929804154339534,-0.559869,0.0218732,-0.348965,-0.131152,-0.235931,0.272829,0.923417
26.970921993255615,6.699671375418259,-1.5771688447238383,0.9721101808095772,0.3224372483372134,-1.1530845120346154,-0.4436332381283047,-0.39343,0.277016,0.0236039,0.556484,0.483195,-0.659164,0.149504,-0.384758,0.135357,-0.196416,0.695769,-0.194173,-0.555926,0.411277,76.86591945791682,10.02592218634316,14.064302494050722,10.43562454247716,-14.952532843829433,-7.468208923916297,11.009808343581524,12.514251690300467,-0.558428,0.021522,-0.349226,-0.121857,-0.24054,0.272341,0.923646
27.022984266281128,5.889201363589962,-5.513877718327824,2.758276798241632,0.8517961400997797,-1.4291994555879952,-0.3845462330689076,-0.393482,0.277014,0.0235942,0.556386,0.483239,-0.659154,0.149768,-0.383702,0.13472,-0.19524,0.693058,-0.198207,-0.558488,0.410459,77.10704785894221,10.214412173846934,14.646428262104273,10.223250325098675,-15.304460225533349,-7.522393824738561,11.138822373325194,12.456208458541836,-0.556072,0.0213977,-0.349633,-0.119039,-0.247774,0.273731,0.921688
27.075090885162354,3.4215519882517733,-7.239118203564659,2.313615237590111,1.140132730519394,-1.548347322667352,0.27367530583786487,-0.393339,0.277088,0.0236415,0.555629,0.483516,-0.659505,0.150139,-0.381807,0.135188,-0.194131,0.696027,-0.204139,-0.55558,0.406453,77.34448950199784,9.341390645764356,15.127845638343214,9.74120217178886,-16.31318886443273,-5.130980512151769,8.50216524014833,10.028515152877189,-0.551859,0.0210087,-0.350792,-0.115064,-0.246268,0.273443,0.922682
27.12847590446472,-1.4504651722527404,-10.631714024475455,4.300597020072187,2.22844121986944,-2.1548989823879396,1.5599594821378306,-0.392267,0.276955,0.0235548,0.55284,0.483669,-0.660619,0.154966,-0.377175,0.134753,-0.192552,0.689249,-0.208088,-0.563746,0.404755,77.20210810300286,9.66683992019872,15.828795169884518,9.417252184976212,-16.228200482741407,-4.955332516613783,8.763868726329996,9.74597706667203,-0.543902,0.0206212,-0.352647,-0.101648,-0.241319,0.283051,0.922667
27.19411301612854,-6.095029207844754,-10.076558007630611,6.84520849398868,4.0403254075572255,-2.906171666110837,3.8212879783349454,-0.390383,0.276676,0.0232198,0.549079,0.481727,-0.664198,0.159036,-0.369612,0.132644,-0.189645,0.68063,-0.219393,-0.575274,0.397076,77.20865694097346,9.994027539134624,17.34060579911479,9.56202019001898,-17.792930016855344,-5.397909335269031,8.916449485020484,9.930105663568531,-0.532798,0.0209314,-0.354408,-0.0835743,-0.244973,0.295401,0.919642
27.247695207595825,-5.834993035912612,-6.466256384366008,8.746547207978535,4.97624354043285,-3.5643664799151487,4.757149544693955,-0.389309,0.276385,0.0229539,0.54736,0.481164,-0.665362,0.161775,-0.365744,0.131265,-0.188067,0.675906,-0.223221,-0.581542,0.393869,77.0595666574452,10.240005513135522,18.012767633267266,10.13449012475116,-18.40547739323023,-5.827408606316158,9.208654229193055,10.068451465170464,-0.526434,0.0199338,-0.35546,-0.0719367,-0.243381,0.298375,0.920089
27.300936222076416,-7.167095562586878,-5.305156328337036,7.463902966253854,5.04475140163915,-3.553804333344924,5.3559702000123055,-0.388749,0.276377,0.0228599,0.545023,0.480534,-0.667408,0.163108,-0.36391,0.130433,-0.187045,0.67337,-0.226122,-0.584351,0.392398,77.16457010127274,10.25828126508139,18.208748480416546,10.892802704822875,-18.146941817633213,-5.874192601635702,8.89815077500281,9.966446402304706,-0.523052,0.0193006,-0.355816,-0.0677918,-0.242398,0.30155,0.919628
27.353403568267822,-8.40085958823472,-6.753827559162934,8.497468474449086,5.119970052792324,-3.637719131570328,5.453039735685542,-0.388793,0.276239,0.022812,0.546186,0.480661,-0.666257,0.163546,-0.364182,0.130016,-0.187173,0.674305,-0.227264,-0.581915,0.39375,77.30299494943299,10.062975173291166,18.240164195866992,10.278303072736557,-18.335694846715725,-5.5678854292012865,8.847905583405804,9.7717077497004,-0.523818,0.0188904,-0.355236,-0.0640714,-0.245612,0.309873,0.916269
27.405385494232178,-6.656913553088972,-9.91512206831934,9.848153085423027,5.127270966601917,-3.7936866421995563,4.597707942226387,-0.388832,0.276169,0.0228007,0.547079,0.479552,-0.666515,0.162765,-0.365436,0.129465,-0.187766,0.673209,-0.22928,-0.580619,0.39636,77.6866905874276,10.269953187441487,18.197254984692982,9.157486978431873,-17.926113623289226,-6.228070179496218,9.897265733997163,10.645806474638901,-0.526526,0.0182518,-0.354271,-0.0671734,-0.241225,0.305785,0.918583
27.456421375274658,-7.168191459132147,-9.853598177563736,6.335645652286566,4.365115791753876,-3.455230499203009,4.584264041733361,-0.389053,0.276121,0.0228231,0.548289,0.479371,-0.66604,0.16116,-0.367183,0.129233,-0.188558,0.677798,-0.228683,-0.575969,0.395668,77.66428303745417,9.807483118181572,17.95169148452367,9.276596086894141,-17.93117659185955,-5.905664528917551,9.364038245603082,10.531241313421832,-0.530283,0.0186534,-0.353791,-0.0663604,-0.239182,0.309621,0.91789
27.50831890106201,-1.6388785784970137,-10.094641446141074,7.012238628464547,3.8923514135952546,-3.0834819970922296,2.9296647239751303,-0.389288,0.276097,0.0228401,0.548685,0.479769,-0.665471,0.160979,-0.369357,0.12922,-0.190108,0.675776,-0.219577,-0.579049,0.399769,77.18324775850624,10.664293495188511,17.223439766627468,10.251215584258489,-16.618741346699238,-8.327624723254598,11.98945644097837,12.850911060648375,-0.534948,0.0196149,-0.353581,-0.0709321,-0.236344,0.30877,0.91857
27.560256958007812,3.6659291825429827,-7.254448807933128,5.1498686613502445,2.3306208189054742,-1.750621803100503,0.6865891246152185,-0.39017,0.276334,0.0229411,0.550117,0.479891,-0.664778,0.158573,-0.372965,0.131522,-0.192287,0.688006,-0.218288,-0.566187,0.398034,77.16307298627967,9.100052475527779,16.456583250132695,9.086993569284742,-16.412845980652023,-5.101408126850327,8.864867630112208,10.095770580640036,-0.540834,0.0205951,-0.353094,-0.0954716,-0.241498,0.289259,0.921354
27.612708806991577,6.312322425219146,-6.62935683204117,1.3444428211510568,0.7343066059650082,-0.940211499482548,-0.6734275870004077,-0.3914,0.276612,0.0231617,0.552274,0.481413,-0.662795,0.154719,-0.377717,0.134096,-0.194612,0.69459,-0.206003,-0.55893,0.403367,76.89697379254028,9.064905242592141,15.013671186382872,9.972217621487813,-15.972012173657653,-5.035997119963323,8.323060902844157,10.014444592056787,-0.547812,0.0215753,-0.352584,-0.106004,-0.238113,0.285954,0.922115
27.664916515350342,9.246873128394167,-5.526720320851145,-1.2565837883216675,0.03943667000363896,-0.7477748711644291,-1.308227314776475,-0.391891,0.276833,0.0234407,0.553666,0.481659,-0.662076,0.152035,-0.38006,0.135083,-0.195221,0.69478,-0.202605,-0.559859,0.403471,76.75800973417718,9.505227373601171,14.932922072219164,9.783396632669557,-15.550894868928392,-5.925209772055123,9.436092966160952,10.847913664019318,-0.55154,0.0226037,-0.351808,-0.106458,-0.234678,0.280866,0.924504
27.71716594696045,11.775125940951686,-1.9581614773121663,-3.903791992086834,-0.9352023469429883,-0.6687314663105162,-1.7437363092801623,-0.392519,0.277001,0.0236382,0.556093,0.481417,-0.660942,0.14884,-0.383466,0.135686,-0.196667,0.696328,-0.195443,-0.558227,0.406585,76.53756082979629,10.041036396107232,14.253833616421662,10.246540636278473,-15.413498714778427,-7.664443748511122,11.152078928159124,12.560509066913824,-0.557596,0.0252389,-0.351806,-0.111765,-0.232544,0.27414,0.926434
27.769978761672974,11.196720938514519,3.954903595616675,-6.5944879029238335,-2.3303387411766714,-0.7810783142991731,-1.6751827000550672,-0.393562,0.277033,0.0236002,0.557773,0.48171,-0.659649,0.147338,-0.387381,0.137728,-0.19853,0.702391,-0.187061,-0.55411,0.40573,75.82369826385883,9.727985872372171,13.44622719051996,10.459938506575737,-14.547455498991667,-6.940402647202742,10.488478760790894,12.063985785744844,-0.563836,0.0280519,-0.351984,-0.121762,-0.236841,0.267726,0.92596
27.822757244110107,8.61505062971523,11.93008273042014,-11.156219518065901,-4.257596880035096,-1.3271391886688464,-1.449537567204438,-0.394954,0.277489,0.0239359,0.559591,0.483715,-0.657177,0.144901,-0.39154,0.142174,-0.201294,0.708912,-0.169392,-0.551954,0.405089,74.45392660537779,9.774111661913375,12.118340699766197,11.424842159964806,-14.424967152317695,-7.027148777491522,10.318018220697427,12.066609400621703,-0.571178,0.0314578,-0.351511,-0.144817,-0.242932,0.234655,0.930026
27.87501072883606,5.209467732651846,16.06766308130719,-9.858888143018808,-4.3943958008112,-2.1949611136072074,-0.773533077729296,-0.395446,0.277713,0.0242013,0.559574,0.48601,-0.655644,0.14423,-0.393347,0.1459,-0.202647,0.713291,-0.155432,-0.54778,0.40865,73.78285807074899,9.612670839677044,10.690245248843745,12.602169385966604,-14.192235136572414,-5.83960501796847,8.702526411572864,10.797870834448513,-0.572543,0.0333867,-0.352312,-0.159846,-0.238046,0.21987,0.932438
27.928175449371338,2.4739652347791763,18.23616355287905,-9.042389219639345,-4.366901944766962,-2.4275159724586426,-0.24568373958444772,-0.395591,0.27765,0.0240842,0.558546,0.486369,-0.656121,0.144832,-0.393816,0.148158,-0.204391,0.715073,-0.146502,-0.545451,0.411935,73.35559485594557,9.552223273739198,9.506697948793095,13.003219081437232,-14.163605193733147,-5.430306278151047,8.111855404618629,10.355157504892977,-0.573035,0.0343258,-0.353114,-0.16707,-0.23858,0.213558,0.932502
27.982537508010864,1.77421408766538,19.91820737808066,-10.788757205206847,-4.810709578794163,-2.717538239172614,-0.08936057453238358,-0.395233,0.277651,0.0240892,0.557124,0.487445,-0.655804,0.148093,-0.392689,0.148595,-0.204656,0.710487,-0.140218,-0.54891,0.417427,73.04745743295061,10.136510687810938,8.888791133042396,13.723301717463714,-13.42167833797165,-6.230646600727756,9.341527688902719,11.430291975500559,-0.57099,0.0339896,-0.35386,-0.17202,-0.236987,0.211955,0.932374
28.035163164138794,4.341657948790389,15.600423596696041,-12.027602801986543,-4.770770950542826,-2.8598614015666874,-0.5476425602952076,-0.395268,0.277744,0.0241833,0.556744,0.487784,-0.655856,0.148178,-0.392071,0.148648,-0.204195,0.711613,-0.145545,-0.547522,0.415504,73.41074174061008,9.685891534081687,9.393206277171233,12.585857402055813,-13.567826179434634,-5.085445199156734,8.171913679457829,10.234227469249921,-0.569618,0.0333773,-0.353611,-0.171951,-0.238945,0.212361,0.931794
28.087039947509766,3.72366619318588,11.28090712987588,-8.31636865060947,-3.426180533034499,-2.401393263868129,-0.4618308800099405,-0.395045,0.277663,0.0241904,0.556628,0.488084,-0.655955,0.147185,-0.391089,0.1481,-0.20343,0.709687,-0.145592,-0.549423,0.41627,73.55315511421979,10.04757015607943,9.500758877827865,13.539302593702818,-14.195040111011059,-5.732107717208411,8.561803434923744,10.59751623396477,-0.568197,0.0328663,-0.353192,-0.167276,-0.242782,0.212071,0.93172
28.139707803726196,7.869884293660973,3.7225179057616575,-5.191812223171422,-1.9383521725762354,-1.7776824233545734,-1.2301785443590438,-0.394737,0.277592,0.0240585,0.557006,0.486212,-0.656998,0.147296,-0.390179,0.146638,-0.202863,0.710396,-0.154326,-0.549817,0.411366,73.77327206480201,9.700268928636344,10.35240827830588,12.446228204766607,-14.527740386911672,-5.420071649288776,8.174788677606406,10.25470681431715,-0.567252,0.0329788,-0.353655,-0.157993,-0.242344,0.219391,0.931759
28.19231939315796,10.102816402247472,1.6699293459350657,-1.6213062554277853,-0.5228122151660004,-1.2113304222347978,-1.3061580986249,-0.394008,0.277443,0.0239857,0.556472,0.485826,-0.657442,0.148599,-0.38748,0.143711,-0.200991,0.707387,-0.167494,-0.562992,0.393179,73.06897980170672,9.636034473336638,13.092747824994985,11.627607348818035,-14.18832271410627,-6.441464616744501,9.937438679973145,11.431172845747806,-0.564124,0.0365113,-0.355957,-0.132527,-0.245247,0.231453,0.932051
28.24546527862549,10.046864957593385,0.40364254561723173,-0.2507430705916332,-0.04699361748268923,-1.1149774570382311,-1.1578939304805838,-0.393895,0.277306,0.0238247,0.556152,0.485517,-0.657946,0.148577,-0.387572,0.142976,-0.200779,0.711862,-0.175788,-0.55597,0.391469,73.756874492594,8.490544515999598,13.438863787818935,10.281649932742988,-14.137786516094078,-4.130083076254582,7.627629983781482,9.461089034274163,-0.564257,0.0385029,-0.357504,-0.118747,-0.241727,0.236,0.933687
28.29874038696289,11.518281399583753,-2.496113687616265,-1.0618193356205547,-0.08758733847065142,-0.987314601451816,-1.517598595825106,-0.393926,0.277305,0.0238529,0.556888,0.484518,-0.658181,0.148042,-0.38764,0.143104,-0.200678,0.711189,-0.175352,-0.559862,0.38732,73.2612122350438,8.807138525664373,13.76933648718098,10.370828877815162,-14.28428105254088,-4.81740123334313,8.427477717978737,10.010108254699844,-0.563724,0.0411562,-0.35989,-0.109736,-0.238854,0.233904,0.936053
28.35168480873108,11.956825854419652,-3.277707297745093,-0.7482791570598523,0.04374806421528667,-0.6884071881305285,-1.5440315877364823,-0.393796,0.277453,0.0240536,0.556424,0.484471,-0.658654,0.147839,-0.38673,0.144457,-0.200447,0.711158,-0.174731,-0.565348,0.379613,72.51579845158594,8.899682661285771,14.337828033308206,10.215103132175052,-14.450498630528001,-4.652669415377002,7.9728426399269505,9.79030688612629,-0.562388,0.045088,-0.361652,-0.0794926,-0.2524,0.247421,0.932072
28.402836084365845,12.486418239408986,-3.463344674820001,-1.1212375504105057,0.06546379272611415,-0.9230306086199469,-1.7270352000958615,-0.393705,0.277452,0.0239738,0.555968,0.484942,-0.658883,0.146983,-0.386072,0.14605,-0.200963,0.719412,-0.176292,-0.555577,0.377758,72.76335425769356,7.470460182378507,13.985515932702965,9.640429214771101,-15.933308461163499,-1.2401017490873265,3.4308819721800723,6.747298202004323,-0.559866,0.0510534,-0.36571,-0.103009,-0.241962,0.222801,0.938724
28.455535173416138,12.914639264440124,-3.4379829080100355,-0.39812033785286427,0.28469266248891795,-0.8744912895573226,-1.8016822781730983,-0.393454,0.277527,0.0240326,0.554072,0.485787,-0.659355,0.149223,-0.384513,0.149172,-0.201885,0.71535,-0.160409,-0.575894,0.361786,69.70535844414091,8.71242509827755,14.404783519828666,11.891188520055278,-14.825540159265827,-3.9439545334227653,6.575455152179779,8.753265667498285,-0.55854,0.0573384,-0.36855,-0.104356,-0.252779,0.207574,0.939216
28.50766086578369,13.63221179192364,-3.8720990109583715,0.4374399244163876,0.5029523262936291,-1.074883441581924,-1.9217247614329585,-0.39323,0.277562,0.0240336,0.552902,0.485504,-0.660602,0.148963,-0.383318,0.151946,-0.202551,0.713105,-0.152578,-0.582345,0.359272,68.80862937372615,9.400015785332304,14.004466943529916,12.393991817481568,-15.086051822650038,-4.491552565855908,7.237228321725945,9.011010177806371,-0.556414,0.064577,-0.372362,-0.0958234,-0.256571,0.200917,0.940543
28.562636852264404,12.483162174120075,-5.169321213200863,0.33256214813077156,0.5939113166495222,-1.026562482012595,-1.8571370799515794,-0.393074,0.277627,0.024077,0.553537,0.485596,-0.659675,0.150403,-0.382183,0.15625,-0.203616,0.713895,-0.139968,-0.593159,0.344854,66.20261251957122,9.845209061757807,14.235913666566686,12.509109530168068,-15.484837522685336,-4.755628162134098,6.763921319114826,9.027904241870365,-0.554757,0.0754591,-0.377484,-0.0926376,-0.258712,0.183111,0.943905
28.615675449371338,10.519464101374625,-5.383964800724632,1.2348762241815159,0.8338358392061517,-1.1739205112147517,-1.5199081584890035,-0.393089,0.277625,0.0240214,0.55264,0.486268,-0.659655,0.151617,-0.381803,0.159966,-0.20502,0.714821,-0.127186,-0.600097,0.335766,64.2322900490223,10.063588469796741,13.89917973887225,13.200505503753284,-15.23647213120453,-4.9313708407904535,6.851809230747138,9.15037864855007,-0.554068,0.0846155,-0.381617,-0.0870457,-0.259468,0.175652,0.945646
28.668911695480347,8.527709414446413,-5.4189660700166264,0.7890103866683367,0.8244134900243278,-1.2848005382360579,-1.1966185057323735,-0.392926,0.277592,0.0239584,0.552654,0.485983,-0.659606,0.152688,-0.381666,0.162964,-0.206361,0.716761,-0.119855,-0.602651,0.329697,62.95606780395493,9.976165189957348,13.646316981658519,12.49824509511082,-15.128467114184254,-4.529038852283389,6.165458402106489,8.78530787187317,-0.554003,0.0918488,-0.384448,-0.0806768,-0.256888,0.162476,0.949264
28.721193552017212,6.855224986103896,-7.329655421766838,0.9138788178751446,1.041672614197142,-1.6873271108112826,-0.9848170442959688,-0.392907,0.277623,0.0239571,0.552156,0.485958,-0.660092,0.152469,-0.381841,0.1648,-0.207133,0.719966,-0.115107,-0.602519,0.324609,62.18401445954296,9.610451572347483,13.416522318155339,12.702544919542397,-15.12281455285433,-3.8828442938023393,5.190773137555363,8.095722990244498,-0.554653,0.0963285,-0.385805,-0.0795269,-0.259424,0.155028,0.949916
28.773950815200806,1.8606038429806184,-13.372397262741407,-0.12015311195193629,1.7608109330797088,-2.8151467438028606,-0.0848793351178186,-0.392726,0.277526,0.0239429,0.551906,0.485944,-0.660024,0.153708,-0.380842,0.164804,-0.206921,0.718789,-0.117084,-0.607095,0.317916,61.65198460203438,9.662756418439528,14.1913246005651,11.945823608355811,-14.980739207578484,-3.999772660690514,5.5711745944973705,8.256622072692311,-0.553328,0.0993495,-0.38677,-0.0758168,-0.259762,0.153739,0.950337
28.827669382095337,-1.1604807974433908,-16.892232984579014,0.1892604307979806,3.0781497157976245,-4.313181316833113,0.8668118170765127,-0.391868,0.277348,0.0238443,0.549391,0.485831,-0.661926,0.154895,-0.377162,0.162676,-0.205473,0.714712,-0.124826,-0.613661,0.311489,61.76303833557739,9.789506489002974,15.368078138043607,12.315768201786833,-15.442525520211735,-4.364322285798867,5.802591518990145,8.427838962941536,-0.546886,0.0998037,-0.388522,-0.0505069,-0.247539,0.159264,0.954363
28.880173206329346,-1.302563503367651,-11.051809529381737,-0.9590966535035119,3.5964141540044814,-4.708011655947689,2.334498354762186,-0.390009,0.277023,0.02369,0.54799,0.483499,-0.66425,0.157188,-0.373206,0.160714,-0.204722,0.712461,-0.134434,-0.616047,0.307918,62.050174529540776,9.587169923328652,16.176565659836996,11.106715735453049,-15.814735881215364,-4.08339444126165,5.437078732829005,7.9725777648479195,-0.542071,0.102235,-0.389316,-0.0315538,-0.233708,0.171506,0.956541
28.933940172195435,-3.935558726411842,-12.741423224481839,0.6557133966134249,4.1229170001040085,-5.194443147833482,2.6756690793818034,-0.389596,0.276691,0.0233515,0.547354,0.482715,-0.664687,0.159937,-0.37142,0.160157,-0.204682,0.7125,-0.135598,-0.61869,0.301959,61.399401020567396,9.322001284963301,16.64225643157289,10.889144726492413,-15.94835927496421,-3.708857813074669,4.973602968621109,7.518671941753557,-0.538501,0.104451,-0.391325,-0.0215437,-0.230111,0.175188,0.957023
29.000845909118652,-3.051742433515474,-13.175918594008282,1.2673727652303464,3.994888535895947,-4.916734865473645,2.2791636432080877,-0.389353,0.276765,0.0233975,0.547089,0.482666,-0.665179,0.158948,-0.370463,0.160819,-0.204647,0.712044,-0.133572,-0.621783,0.297553,60.92819055790978,9.538699388308132,16.799632273947136,11.45549432196657,-16.63397832613209,-4.224056584130214,5.2162453389465515,7.690875750045758,-0.537466,0.105237,-0.391782,-0.0218636,-0.237272,0.166579,0.956805
29.053255081176758,1.9342904655678212,-13.1364384455827,2.277448649965639,3.491963588411998,-4.113726980399637,0.8358867533943357,-0.389617,0.276819,0.0234088,0.546932,0.483932,-0.664169,0.159858,-0.370673,0.161674,-0.204949,0.709229,-0.128278,-0.625664,0.298468,60.49550969626345,10.08011019153846,16.630891930768833,11.822215747725426,-16.224540619482784,-5.206565243080096,6.519004418851391,8.830040889882596,-0.537585,0.105892,-0.392419,-0.0271147,-0.239516,0.16283,0.956757
29.105995655059814,4.438984108969809,-11.04586956722328,-0.12323431626050303,1.794248735866965,-2.63116981301779,-0.32826606667021185,-0.39031,0.277113,0.0235724,0.547273,0.484901,-0.663471,0.158648,-0.373359,0.164035,-0.206192,0.71423,-0.120943,-0.619423,0.302594,60.3959273788646,9.602960960129295,15.549469068052906,12.101288092043239,-15.606632912292982,-4.1905415578216,5.387253708459378,8.057550998582457,-0.54196,0.105786,-0.391823,-0.0408567,-0.251066,0.153963,0.954773
29.15904474258423,11.22536758011208,-8.154459079695478,-4.201128252629379,0.14661007315861443,-1.3224373870292072,-1.6595015584146693,-0.39099,0.277312,0.0238027,0.549083,0.484229,-0.662932,0.156686,-0.37647,0.165628,-0.207081,0.715784,-0.112911,-0.616365,0.308218,60.21038958332258,9.91350685841881,14.361434930112848,12.898751444045105,-15.18060373299564,-4.757023295549569,6.222741473539475,8.839656095446664,-0.546806,0.108226,-0.390909,-0.0518585,-0.25332,0.151656,0.954013
29.212276220321655,15.069040430458635,-3.058865244964181,-5.36370040003664,-1.1004046863981676,-0.9581310554932975,-2.3391280714737808,-0.39182,0.277497,0.024176,0.5535,0.484194,-0.66035,0.152095,-0.38023,0.167434,-0.207764,0.720071,-0.110206,-0.614432,0.303028,59.694820276372106,10.051057955765375,14.583175791177672,11.858651839740366,-15.637549181530169,-5.181093889741835,6.643044697641426,9.091700763287447,-0.553611,0.112909,-0.38981,-0.0661211,-0.267561,0.131713,0.952203
29.265313148498535,14.648026823171826,0.9275985629523199,-3.0767815155664393,-1.6989524668709934,-0.8788229829411531,-2.307046424191471,-0.393294,0.277739,0.0241889,0.55362,0.485486,-0.660532,0.14665,-0.385157,0.170328,-0.209044,0.729133,-0.102663,-0.608501,0.295892,59.085812175832515,9.1819881069168,14.07071532523484,13.149275797004059,-14.72416479417721,-3.64744711370707,4.8818144941327235,7.8699719774571735,-0.560221,0.118378,-0.390514,-0.0624548,-0.266648,0.119209,0.954352
29.318042278289795,14.368350941361323,5.449950455671724,-3.186465537332035,-2.576041005411197,-0.7331039208110443,-2.1674435532062533,-0.394532,0.277827,0.0242466,0.55692,0.485202,-0.65855,0.14398,-0.389836,0.173946,-0.210672,0.735206,-0.0912259,-0.607476,0.286572,57.37857257757962,9.030422419024516,13.671575800229338,13.130815148141597,-14.160782767747975,-3.690570480855886,4.880243833352231,7.943567591261524,-0.567888,0.126831,-0.391314,-0.0595818,-0.265823,0.109471,0.955931
29.37120532989502,13.307208391204771,11.032699507268834,-3.279320657965524,-3.3927933001289965,-0.722478025535335,-1.7725093026194843,-0.394942,0.278095,0.0245467,0.558154,0.484761,-0.658365,0.141518,-0.392244,0.177022,-0.211625,0.738058,-0.0827824,-0.608404,0.279755,56.21046441934864,9.091660811780699,13.29567896282575,13.400196292356725,-13.805631915163033,-4.079166981241709,5.370428124068991,8.351026336942255,-0.571994,0.133793,-0.391547,-0.0589328,-0.263729,0.0973724,0.957858
29.423447847366333,13.300895640010193,18.507307994783584,-0.5281296911533472,-4.17950701018084,-1.2751732330516565,-1.8927705611177386,-0.395811,0.278136,0.0245134,0.5594,0.486729,-0.655755,0.14196,-0.395135,0.180537,-0.213291,0.740811,-0.0736439,-0.608431,0.274931,55.02827911134944,8.93291771326165,13.12104083024347,12.051598604419004,-12.781734872792427,-4.014665976631537,5.949276044999044,8.649990217251982,-0.578643,0.140652,-0.390611,-0.0694066,-0.276354,0.0830402,0.954943
29.4757719039917,10.6036840084645,20.53791166560596,-1.8601086749167641,-4.807962830427728,-2.0312991558385334,-1.700132924298907,-0.396207,0.278235,0.024494,0.560034,0.486865,-0.655554,0.139902,-0.396143,0.181364,-0.21365,0.746437,-0.0700968,-0.602821,0.272994,54.81998660069052,8.25620876927753,12.700520091545693,13.03636894505727,-13.73775257822886,-3.0543650337450465,4.180601377559411,7.567271249952745,-0.579718,0.142428,-0.390961,-0.0739708,-0.278508,0.087528,0.953572
29.529584884643555,9.0498728328208,19.53016118492822,-1.1377376019517507,-4.648330589039734,-2.3048969894056706,-1.3334501489505242,-0.396112,0.278195,0.0246006,0.559443,0.487322,-0.655629,0.140324,-0.395604,0.181471,-0.213476,0.742658,-0.0680541,-0.605242,0.278406,55.06363181411485,8.839768009163098,12.313985081193579,13.356590028189197,-13.634495720843097,-3.834774616250055,5.0439267009307756,8.199834668898873,-0.578486,0.141855,-0.391223,-0.0710608,-0.276109,0.0814008,0.955033
29.58213710784912,15.732106949222555,10.70974345135888,-0.09105487795229614,-3.0917950843429796,-1.8262525878754539,-2.383497073099083,-0.395667,0.278198,0.0246168,0.558221,0.487389,-0.656008,0.143159,-0.393272,0.180857,-0.212403,0.741824,-0.0715907,-0.608203,0.273241,54.73381430653826,8.606123794231511,13.055438817753924,13.069094596385835,-13.541105194050628,-2.930357472909197,4.30832841958395,7.355868675473669,-0.573313,0.140515,-0.393219,-0.0601853,-0.265485,0.089312,0.958081
29.635093212127686,13.775829056524158,6.083722851956736,-0.11990254252609642,-1.897102954597808,-1.2783715222001149,-2.0914018709092033,-0.395156,0.278233,0.0245599,0.557384,0.485974,-0.657728,0.14334,-0.39201,0.181551,-0.212859,0.739837,-0.0710793,-0.609224,0.276469,54.90514424814176,8.859487544619943,12.594114783417687,12.725314926377118,-13.890025558436244,-3.3238527983613544,4.738085103747433,7.720329232349429,-0.571735,0.142025,-0.393828,-0.0595436,-0.264048,0.0846801,0.958938
29.687968015670776,13.751636445456374,0.3466226698636107,2.364246554791104,-0.26928533452670617,-1.0592561275116672,-2.0941984906001574,-0.394507,0.278088,0.0244198,0.555876,0.487404,-0.657382,0.145907,-0.390037,0.181525,-0.212862,0.73984,-0.0730853,-0.612242,0.269174,54.386611841128236,8.502236021683359,13.490754401315787,11.868579615728896,-13.506655596534035,-2.782116301068765,4.654641474339565,7.527111819659827,-0.568901,0.145423,-0.394922,-0.0504408,-0.263819,0.0831012,0.959661
29.740734338760376,14.021001196812067,-1.0055925983356324,3.3392121714660723,0.3596070905955473,-1.0675056980552373,-1.9289241162593727,-0.394107,0.277957,0.024344,0.555069,0.486558,-0.65854,0.146574,-0.38865,0.182158,-0.212988,0.738951,-0.0705213,-0.616018,0.263627,53.620812362146204,8.607338162105755,13.571954856041648,12.328856393827557,-13.742480914399003,-3.1420856015326954,4.8891539900505965,7.718943105115716,-0.566586,0.149781,-0.396543,-0.0399996,-0.256377,0.0957521,0.96099
29.79332423210144,14.245389912921182,-3.2325572299905714,2.0874843302355632,0.5647075666119973,-0.8746145508853475,-2.041223322740517,-0.393911,0.277993,0.0243629,0.55546,0.485725,-0.658875,0.146355,-0.388082,0.184177,-0.213385,0.740871,-0.0675486,-0.618997,0.251775,52.32753569131881,8.434206861265137,14.0372882487503,11.774562530447223,-14.169216913313509,-3.0616787092910194,5.329479447309386,7.8730860265738105,-0.566116,0.156013,-0.397466,-0.0375529,-0.260568,0.0751608,0.961792
29.846211433410645,12.93060796711955,-4.532675522311079,1.9257689803572673,0.6431223887557014,-0.9343909206561084,-1.8981676278485575,-0.393852,0.278079,0.0244179,0.554985,0.485626,-0.659523,0.145565,-0.388423,0.186138,-0.213828,0.741798,-0.059624,-0.621191,0.245566,51.22805787272259,8.449546779995,13.694605667211826,13.042163014075031,-13.986237016532659,-3.3791725135295856,5.102091661857781,7.916337458447388,-0.565766,0.161124,-0.398683,-0.0245334,-0.246402,0.0802668,0.965526
29.899681568145752,12.994050973324883,-5.864327930430959,3.013563834117638,1.0255731826116747,-1.105555003303678,-2.0726069468853265,-0.39392,0.278028,0.0243598,0.554994,0.485862,-0.659175,0.146316,-0.388478,0.187312,-0.214294,0.740095,-0.057512,-0.623088,0.246401,51.03037217883486,8.727697153787599,13.573688114221198,12.167253900176073,-13.732545134930604,-3.777773373919569,6.141090587289043,8.295663990893088,-0.566456,0.164459,-0.398824,-0.026237,-0.255311,0.0612817,0.964558
29.952441215515137,10.844110874443905,-7.336776210032402,3.583271450821174,1.4149933934557108,-1.5660693281594857,-1.7448943860597643,-0.393656,0.278069,0.0243246,0.553828,0.485848,-0.660149,0.146388,-0.387676,0.188492,-0.214505,0.741525,-0.0567215,-0.624922,0.237478,50.29841851360384,8.388366997542263,14.037849347126897,11.91183965675658,-13.61486258484318,-3.2984203672500776,6.155665730259281,7.898395855426167,-0.565323,0.167771,-0.40003,-0.0234003,-0.252575,0.0588758,0.965501
30.00525164604187,7.934146728804649,-8.293567245884867,2.680974574606062,1.645053448071431,-2.1314141480714497,-1.1991747573212752,-0.393262,0.27796,0.0242663,0.552918,0.488124,-0.658752,0.148535,-0.386572,0.188724,-0.214535,0.742516,-0.0544637,-0.624905,0.234942,49.89680634662569,8.032827503372069,14.32306256060225,11.91619865143591,-13.498535434175746,-2.733040552002521,5.906025436065394,7.54197254415304,-0.564298,0.170353,-0.400011,-0.0223323,-0.257771,0.0613548,0.963997
30.05834174156189,3.9123626839881536,-11.23334089224165,0.6817292284541029,2.1755853376842094,-3.246075170650062,-0.40349142546938865,-0.392649,0.277738,0.0241873,0.551769,0.486745,-0.660414,0.149943,-0.384665,0.187905,-0.214311,0.74041,-0.0561753,-0.626638,0.236565,50.03448342774117,8.137781568109565,14.209933824427713,12.07096316450836,-13.669847916921224,-2.8372950895243854,5.767105488004675,7.662827761715201,-0.561127,0.171121,-0.400224,-0.0109912,-0.249134,0.0602132,0.966533
30.111976385116577,2.311194413843746,-13.590948149175933,1.1469066437285798,3.109415820189503,-4.595401897808473,0.29478866865909004,-0.391598,0.277355,0.0239341,0.552177,0.483784,-0.661755,0.152097,-0.38143,0.185731,-0.213567,0.737862,-0.0633751,-0.633167,0.22504,49.26525133609049,8.343728707058652,15.511065784548713,11.552073513158131,-14.376682669856159,-3.5107477861376672,7.020322435991807,8.193271783239073,-0.555187,0.173147,-0.401836,0.00866339,-0.236764,0.0750923,0.968622
